section,Set,Draw,Column,family_id,rows_cov,perm_count_in_box,repeat_extras_in_box,horizontal_persistence_repeat,hot_density,any_straight2,any_straight3,any_consensus,any_dom_last,any_doubles_support,any_vtrac_straight,any_hidden3v,max_persistence_set,max_persistence_draw,persistence_set_count,persistence_draw_run,hidden3v_hits,hot1_count,hot2_count,consensus_hits,top_canonicals,top_modal_orders,fam_cov,fam_hpr,fam_perm,fam_repeat,fam_cons,fam_hot,fam_straight2,fam_straight3,fam_doubles,fam_vtrac,fam_hidden,fam_double_mirror,fam_persistence,fam_section_bonus,fam_progression_bonus,fam_last_remaining_bonus,family_score,best_compound_score,section_count,progression_flag,last_remaining_3v
Combined,Set1,Draw1,1,12,4,3,0.0,7,1.0,True,False,False,True,False,False,False,2,6,2,6,0,0,1,0,024:1,024:2,8,7,2,0.0,0,1,2,0,0,0,0.0,0,7,0,0,0.0,27.0,74.5,1,False,False
Combined,Set1,Draw1,2,12,4,3,0.0,7,1.0,True,False,False,False,False,False,False,2,6,2,6,0,0,1,0,024:1,024:2,8,7,2,0.0,0,1,2,0,0,0,0.0,0,7,0,0,0.0,27.0,74.5,1,False,False
Combined,Set1,Draw1,3,12,4,4,0.0,7,1.0,True,False,False,False,False,False,False,2,6,2,6,0,0,3,0,245:1;0245:1;024:1,524:2;5240:1;240:1,8,7,3,0.0,0,1,2,0,0,0,0.0,0,7,1,0,0.0,29.0,74.5,2,False,False
Combined,Set1,Draw1,3,3,2,2,0.0,1,1.0,False,False,False,False,False,False,False,2,5,2,5,0,0,1,0,025:1,250:1,4,1,1,0.0,0,1,0,0,0,0,0.0,0,6,0,1,0.0,14.0,53.5,1,True,False
Combined,Set1,Draw1,3,5,1,1,0.0,1,1.0,False,False,False,False,False,True,False,1,2,1,2,0,0,1,0,045:1,504:1,2,1,0,0.0,0,1,0,0,0,1,0.0,0,1,1,0,0.0,7.0,80.0,2,False,False
Combined,Set1,Draw1,4,12,4,4,0.0,7,1.0,True,False,False,False,False,False,False,2,6,2,6,0,8,0,0,245:1;024:1;2455:1,524:2;5524:2;240:1,8,7,3,0.0,0,1,2,0,0,0,0.0,0,7,1,0,0.0,29.0,74.5,2,False,False
Combined,Set1,Draw1,4,3,4,2,0.0,4,1.0,True,False,False,False,False,False,False,3,4,3,4,0,4,0,0,255:1;0255:1;00255:1,552:2;2550:1;25500:1,8,4,1,0.0,0,1,2,0,0,0,0.0,1,7,0,1,0.0,25.0,53.5,1,True,False
Combined,Set1,Draw1,4,5,3,2,0.0,4,1.0,False,False,False,False,False,False,False,2,4,2,4,0,4,0,0,455:1;004:1;00455:1,455:1;400:1;55004:1,6,4,1,0.0,0,1,0,0,0,0,0.0,1,5,1,0,0.0,19.0,80.0,2,False,False
Combined,Set1,Draw1,4,1,2,2,0.0,4,1.0,False,False,False,False,False,False,False,2,4,2,4,0,3,0,0,055:1;0055:1;005:1,550:1;5500:1;500:1,4,4,1,0.0,0,1,0,0,0,0,0.0,1,5,0,1,0.0,17.0,34.5,1,True,False
Combined,Set1,Draw1,5,12,4,4,0.0,7,1.0,True,False,False,False,False,False,False,2,6,2,6,0,29,0,0,00224559:1;024:1;224559:1,559224:2;5592:2;55922:2,8,7,3,0.0,0,1,2,0,0,0,0.0,0,7,1,0,0.0,29.0,74.5,2,False,False
Combined,Set1,Draw1,5,5,4,2,0.0,4,1.0,True,True,False,False,False,False,False,2,4,2,4,0,11,0,0,559:1;00559:1;455:1,559:3;55900:1;455:1,8,4,1,0.0,0,1,2,4,0,0,0.0,1,5,1,0,0.0,27.0,80.0,2,False,False
Combined,Set1,Draw1,5,28,3,1,0.0,3,1.0,True,True,False,False,False,False,True,3,3,3,3,3,3,0,0,224:1;2249:1;229:1,224:3;9224:3;922:3,6,3,0,0.0,0,1,2,4,0,0,0.5,1,6,1,0,0.0,24.5,99.0,2,False,False
Combined,Set1,Draw1,5,1,1,1,0.0,4,1.0,False,False,False,False,False,False,False,2,4,2,4,0,3,0,0,055:1;005:1;0055:1,055:1;005:1;0055:1,2,4,0,0.0,0,1,0,0,0,0,0.0,1,5,0,1,0.0,14.0,34.5,1,True,False
Combined,Set1,Draw1,5,3,1,1,0.0,4,1.0,False,False,False,False,False,False,False,2,4,2,4,0,1,0,0,255:1,255:1,2,4,0,0.0,0,1,0,0,0,0,0.0,1,5,0,1,0.0,14.0,53.5,1,True,False
Combined,Set1,Draw1,5,10,1,1,0.0,3,1.0,False,False,False,False,False,False,True,2,3,2,3,2,2,0,0,225:1;2255:1,225:1;2255:1,2,3,0,0.0,0,1,0,0,0,0,0.5,1,4,1,1,0.0,13.5,36.0,2,True,False
Combined,Set1,Draw1,6,5,4,2,0.0,4,0.0,True,True,False,False,False,False,False,2,4,2,4,0,0,0,0,559:1;00559:1;455:1,559:3;55900:1;455:1,8,4,1,0.0,0,0,2,4,0,0,0.0,1,5,1,0,0.0,26.0,80.0,2,False,False
Combined,Set1,Draw1,6,28,3,1,0.0,3,0.0,True,True,False,False,False,False,True,3,3,3,3,3,0,0,0,224:1;2249:1;229:1,224:3;9224:1;922:1,6,3,0,0.0,0,0,2,4,0,0,0.5,1,6,1,0,0.0,23.5,99.0,2,False,False
Combined,Set1,Draw1,6,12,3,2,0.0,7,0.0,False,False,False,False,False,False,False,2,6,2,6,0,0,0,0,024:1;245:1;00224559:1,240:1;245:1;55922400:1,6,7,1,0.0,0,0,0,0,0,0,0.0,0,7,1,0,0.0,22.0,74.5,2,False,False
Combined,Set1,Draw1,6,27,2,1,0.0,2,0.0,True,False,False,False,False,False,True,3,2,3,2,1,0,0,0,223:1,322:2,4,2,0,0.0,0,0,2,0,0,0,0.5,1,5,1,1,0.0,16.5,59.5,2,True,False
Combined,Set1,Draw1,6,14,4,2,0.0,2,0.0,False,False,False,False,False,False,False,1,2,1,2,0,0,0,0,003559:1;0034559:1;03559:1,559003:1;5590034:1;05593:1,8,2,1,0.0,0,0,0,0,0,0,0.0,0,1,4,0,0.0,16.0,40.5,3,False,False
Combined,Set1,Draw1,6,30,2,1,0.0,2,0.0,True,False,False,False,False,False,False,3,2,3,2,0,0,0,0,2234:1;22349:1;2239:1,3224:2;93224:2;9322:2,4,2,0,0.0,0,0,2,0,0,0,0.0,0,5,1,0,0.0,14.0,52.0,2,False,False
Combined,Set1,Draw1,6,1,1,1,0.0,4,0.0,False,False,False,False,False,False,False,2,4,2,4,0,0,0,0,055:1;005:1;0055:1,055:1;005:1;0055:1,2,4,0,0.0,0,0,0,0,0,0,0.0,1,5,0,1,0.0,13.0,34.5,1,True,False
Combined,Set1,Draw1,6,3,1,1,0.0,4,0.0,False,False,False,False,False,False,False,2,4,2,4,0,0,0,0,255:1,255:1,2,4,0,0.0,0,0,0,0,0,0,0.0,1,5,0,1,0.0,13.0,53.5,1,True,False
Combined,Set1,Draw1,6,10,1,1,0.0,3,0.0,False,False,False,False,False,False,True,2,3,2,3,2,0,0,0,225:1;2255:1,225:1;2255:1,2,3,0,0.0,0,0,0,0,0,0,0.5,1,4,1,1,0.0,12.5,36.0,2,True,False
Combined,Set1,Draw1,6,4,2,1,0.0,2,0.0,True,False,False,False,False,False,False,1,1,1,1,0,0,0,0,003:1,003:2,4,2,0,0.0,0,0,2,0,0,0,0.0,1,0,1,1,0.0,11.0,52.5,2,True,False
Combined,Set1,Draw1,7,5,4,2,0.0,4,0.0,True,True,False,False,False,False,False,2,4,2,4,0,0,0,0,559:1;00559:1;455:1,559:3;55900:1;455:1,8,4,1,0.0,0,0,2,4,0,0,0.0,1,5,4,1,0.0,30.0,80.0,3,True,False
Combined,Set1,Draw1,7,12,4,2,0.0,7,0.0,False,False,False,False,False,False,False,2,6,2,6,0,0,0,0,024:1;245:1;00224559:1,240:1;245:1;55922400:1,8,7,1,0.0,0,0,0,0,0,0,0.0,0,7,4,1,0.0,28.0,74.5,3,True,False
Combined,Set1,Draw1,7,28,4,1,0.0,3,0.0,True,True,False,False,False,False,True,3,3,3,3,4,0,0,0,224:1;2249:1;229:1,224:3;9224:1;922:1,8,3,0,0.0,0,0,2,4,0,0,0.5,1,6,1,1,0.0,26.5,99.0,2,True,False
Combined,Set1,Draw1,7,3,3,1,0.0,4,0.0,True,False,False,False,False,False,False,2,4,2,4,0,0,0,0,255:1;0077:1;007:1,7700:2;700:2;255:1,6,4,0,0.0,0,0,2,0,0,0,0.0,1,5,4,1,0.0,23.0,53.5,3,True,False
Combined,Set1,Draw1,7,30,3,1,0.0,2,0.0,True,False,False,False,False,False,False,3,2,3,2,0,0,0,0,2234:1;223349:1;22334:1,3224:2;933224:2;33224:2,6,2,0,0.0,0,0,2,0,0,0,0.0,0,5,4,1,0.0,20.0,52.0,3,True,False
Combined,Set1,Draw1,7,29,3,1,0.0,1,0.0,True,False,False,False,False,False,True,3,1,3,1,3,0,0,0,233:1;337:1;3377:1,332:2;337:1;3377:1,6,1,0,0.0,0,0,2,0,0,0,0.5,1,4,4,1,0.0,19.5,38.5,3,True,False
Combined,Set1,Draw1,7,33,3,1,0.0,1,0.0,True,False,False,False,False,False,True,3,1,3,1,2,0,0,0,339:1;334:1,933:2;334:1,6,1,0,0.0,0,0,2,0,0,0,0.5,1,4,4,1,0.0,19.5,48.5,3,True,False
Combined,Set1,Draw1,7,27,3,1,0.0,2,0.0,True,False,False,False,False,False,True,3,2,3,2,3,0,0,0,223:1;2233:1;377:1,322:2;3322:2;377:1,6,2,0,0.0,0,0,2,0,0,0,0.5,1,5,1,1,0.0,18.5,59.5,2,True,False
Combined,Set1,Draw1,7,10,3,1,0.0,3,0.0,True,False,False,False,False,False,True,2,3,2,3,3,0,0,0,077:1;225:1;2255:1,770:2;225:1;2255:1,6,3,0,0.0,0,0,2,0,0,0,0.5,1,4,1,1,0.0,18.5,36.0,2,True,False
Combined,Set1,Draw1,7,14,4,2,0.0,2,0.0,False,False,False,False,False,False,False,1,2,1,2,0,0,0,0,003559:1;0033559:1;00334559:1,559003:1;5590033:1;55900334:1,8,2,1,0.0,0,0,0,0,0,0,0.0,0,1,4,0,0.0,16.0,40.5,3,False,False
Combined,Set1,Draw1,7,13,2,1,0.0,1,0.0,True,False,False,False,False,False,False,2,1,2,1,0,0,0,0,033:1,033:2,4,1,0,0.0,0,0,2,0,0,0,0.0,1,2,4,1,0.0,15.0,46.5,3,True,False
Combined,Set1,Draw1,7,1,1,1,0.0,4,0.0,False,False,False,False,False,False,False,2,4,2,4,0,0,0,0,055:1;005:1;0055:1,055:1;005:1;0055:1,2,4,0,0.0,0,0,0,0,0,0,0.0,1,5,1,1,0.0,14.0,34.5,2,True,False
Combined,Set1,Draw1,7,4,2,1,0.0,2,0.0,True,False,False,False,False,False,False,1,1,1,1,0,0,0,0,003:1;0033:1,003:2;0033:2,4,2,0,0.0,0,0,2,0,0,0,0.0,1,0,4,1,0.0,14.0,52.5,3,True,False
Combined,Set1,Draw1,7,11,1,1,0.0,1,0.0,False,False,False,False,False,False,False,2,1,2,1,0,0,0,0,03377:1;003377:1;0337:1,03377:1;003377:1;0337:1,2,1,0,0.0,0,0,0,0,0,0,0.0,0,2,1,1,0.0,7.0,30.5,2,True,False
Combined,Set1,Draw2,1,12,4,3,0.0,6,1.0,True,False,False,True,False,False,False,2,6,2,6,0,0,1,0,024:1,024:2,8,6,2,0.0,0,1,2,0,0,0,0.0,0,7,0,0,0.0,26.0,74.5,1,False,False
Combined,Set1,Draw2,2,12,3,3,0.0,6,1.0,False,False,False,False,False,False,False,2,6,2,6,0,0,1,0,024:1,240:1,6,6,2,0.0,0,1,0,0,0,0,0.0,0,7,0,0,0.0,22.0,74.5,1,False,False
Combined,Set1,Draw2,2,9,2,2,0.0,4,1.0,False,False,False,False,False,False,False,2,6,2,6,0,0,1,0,014:1,401:1,4,4,1,0.0,0,1,0,0,0,0,0.0,0,7,1,0,0.0,18.0,51.5,2,False,False
Combined,Set1,Draw2,2,7,2,2,0.0,3,1.0,False,False,False,False,False,False,True,1,3,1,3,1,0,1,0,012:1,102:1,4,3,1,0.0,0,1,0,0,0,0,0.5,0,2,0,0,0.0,11.5,32.0,1,False,False
Combined,Set1,Draw2,2,22,1,1,0.0,3,1.0,False,False,False,False,False,True,True,2,1,2,1,1,0,1,0,124:1,124:1,2,3,0,0.0,0,1,0,0,0,1,0.5,0,2,0,0,0.0,9.5,51.5,1,False,False
Combined,Set1,Draw2,3,12,4,3,0.0,6,1.0,True,False,False,False,False,True,False,2,6,2,6,0,3,0,0,245:1;024:1;0245:1,524:2;240:1;5240:1,8,6,2,0.0,0,1,2,0,0,1,0.0,0,7,1,0,0.0,28.0,74.5,2,False,False
Combined,Set1,Draw2,3,9,2,2,0.0,4,1.0,False,False,False,False,False,True,False,2,6,2,6,0,2,0,0,014:1;0145:1,401:1;5041:1,4,4,1,0.0,0,1,0,0,0,1,0.0,0,7,1,0,0.0,19.0,51.5,2,False,False
Combined,Set1,Draw2,3,3,2,2,0.0,1,1.0,False,False,False,False,False,False,False,2,5,2,5,0,1,0,0,025:1,250:1,4,1,1,0.0,0,1,0,0,0,0,0.0,0,6,0,0,0.0,13.0,53.5,1,False,False
Combined,Set1,Draw2,3,7,2,1,0.0,3,1.0,False,False,False,False,False,True,True,1,3,1,3,2,2,0,0,0125:1;012:1,1052:1;012:1,4,3,0,0.0,0,1,0,0,0,1,0.5,0,2,0,0,0.0,11.5,32.0,1,False,False
Combined,Set1,Draw2,3,22,1,1,0.0,3,1.0,False,False,False,False,False,True,True,2,1,2,1,1,1,0,0,124:1,124:1,2,3,0,0.0,0,1,0,0,0,1,0.5,0,2,0,0,0.0,9.5,51.5,1,False,False
Combined,Set1,Draw2,3,2,1,1,0.0,1,1.0,False,False,False,False,False,True,False,1,3,1,3,0,1,0,0,015:1,105:1,2,1,0,0.0,0,1,0,0,0,1,0.0,0,2,1,0,0.0,8.0,38.5,2,False,False
Combined,Set1,Draw2,3,5,1,1,0.0,1,1.0,False,False,False,False,False,True,False,1,2,1,2,0,1,0,0,045:1,504:1,2,1,0,0.0,0,1,0,0,0,1,0.0,0,1,1,0,0.0,7.0,80.0,2,False,False
Combined,Set1,Draw2,4,12,4,3,0.0,6,1.0,True,False,False,False,False,False,False,2,6,2,6,0,8,0,0,245:1;2455:1;024:1,524:2;5524:2;240:1,8,6,2,0.0,0,1,2,0,0,0,0.0,0,7,1,0,0.0,27.0,74.5,2,False,False
Combined,Set1,Draw2,4,3,3,2,0.0,3,1.0,True,False,False,False,False,False,False,2,4,2,4,0,3,0,0,255:1;0255:1;00255:1,552:2;2550:1;25500:1,6,3,1,0.0,0,1,2,0,0,0,0.0,1,5,0,0,0.0,19.0,53.5,1,False,False
Combined,Set1,Draw2,4,9,2,2,0.0,4,1.0,False,False,False,False,False,False,False,2,6,2,6,0,4,0,0,014:1;0014:1;001455:1,041:1;4001:1;550041:1,4,4,1,0.0,0,1,0,0,0,0,0.0,0,7,1,0,0.0,18.0,51.5,2,False,False
Combined,Set1,Draw2,4,5,3,2,0.0,3,1.0,False,False,False,False,False,False,False,2,4,2,4,0,4,0,0,455:1;004:1;00455:1,455:1;400:1;55004:1,6,3,1,0.0,0,1,0,0,0,0,0.0,1,5,1,0,0.0,18.0,80.0,2,False,False
Combined,Set1,Draw2,4,2,3,2,0.0,3,1.0,True,False,False,False,False,False,False,1,3,1,3,0,3,0,0,001:1;00155:1;0015:1,001:2;10055:1;1005:1,6,3,1,0.0,0,1,2,0,0,0,0.0,1,2,1,0,0.0,17.0,38.5,2,False,False
Combined,Set1,Draw2,4,1,2,2,0.0,3,1.0,False,False,False,False,False,False,False,2,4,2,4,0,3,0,0,055:1;0055:1;005:1,550:1;5500:1;500:1,4,3,1,0.0,0,1,0,0,0,0,0.0,1,5,0,0,0.0,15.0,34.5,1,False,False
Combined,Set1,Draw2,4,7,2,1,0.0,3,1.0,False,False,False,False,False,False,True,1,3,1,3,3,3,0,0,001255:1;012:1;0012:1,100552:1;012:1;0012:1,4,3,0,0.0,0,1,0,0,0,0,0.5,0,2,0,0,0.0,10.5,32.0,1,False,False
Combined,Set1,Draw2,4,22,1,1,0.0,3,1.0,False,False,False,False,False,False,True,2,1,2,1,1,1,0,0,124:1,124:1,2,3,0,0.0,0,1,0,0,0,0,0.5,0,2,0,0,0.0,8.5,51.5,1,False,False
Combined,Set1,Draw2,5,12,4,3,0.0,6,0.0,True,False,False,False,False,False,False,2,6,2,6,0,0,0,0,00224559:1;024:1;224559:1,559224:2;5592:2;55922:2,8,6,2,0.0,0,0,2,0,0,0,0.0,0,7,1,0,0.0,26.0,74.5,2,False,False
Combined,Set1,Draw2,5,5,4,2,0.0,3,0.0,True,True,False,False,False,False,False,2,4,2,4,0,0,0,0,559:1;00559:1;455:1,559:3;55900:1;455:1,8,3,1,0.0,0,0,2,4,0,0,0.0,1,5,1,0,0.0,25.0,80.0,2,False,False
Combined,Set1,Draw2,5,9,4,2,0.0,4,0.0,False,False,False,False,False,False,False,2,6,2,6,0,0,0,0,014:1;001559:1;0014:1,041:1;100559:1;4001:1,8,4,1,0.0,0,0,0,0,0,0,0.0,0,7,4,0,0.0,24.0,51.5,3,False,False
Combined,Set1,Draw2,5,28,3,1,0.0,2,0.0,True,True,False,False,False,False,True,3,3,3,3,3,0,0,0,224:1;2249:1;229:1,224:3;9224:3;922:3,6,2,0,0.0,0,0,2,4,0,0,0.5,1,6,1,0,0.0,22.5,99.0,2,False,False
Combined,Set1,Draw2,5,2,3,2,0.0,3,0.0,True,False,False,False,False,False,False,1,3,1,3,0,0,0,0,001:1;00155:1;0015:1,001:2;10055:1;1005:1,6,3,1,0.0,0,0,2,0,0,0,0.0,1,2,1,0,0.0,16.0,38.5,2,False,False
Combined,Set1,Draw2,5,1,1,1,0.0,3,0.0,False,False,False,False,False,False,False,2,4,2,4,0,0,0,0,055:1;005:1;0055:1,055:1;005:1;0055:1,2,3,0,0.0,0,0,0,0,0,0,0.0,1,5,0,0,0.0,11.0,34.5,1,False,False
Combined,Set1,Draw2,5,3,1,1,0.0,3,0.0,False,False,False,False,False,False,False,2,4,2,4,0,0,0,0,255:1,255:1,2,3,0,0.0,0,0,0,0,0,0,0.0,1,5,0,0,0.0,11.0,53.5,1,False,False
Combined,Set1,Draw2,5,10,1,1,0.0,2,0.0,False,False,False,False,False,False,True,2,3,2,3,2,0,0,0,225:1;2255:1,225:1;2255:1,2,2,0,0.0,0,0,0,0,0,0,0.5,1,4,1,0,0.0,10.5,36.0,2,False,False
Combined,Set1,Draw2,5,22,1,1,0.0,1,0.0,False,False,False,False,False,False,True,2,1,2,1,3,0,0,0,12249:1;1229:1;129:1,19224:1;1922:1;192:1,2,1,0,0.0,0,0,0,0,0,0,0.5,0,2,1,0,0.0,6.5,51.5,2,False,False
Combined,Set1,Draw2,6,5,4,2,0.0,3,0.0,True,True,False,False,False,False,False,2,4,2,4,0,0,0,0,559:1;00559:1;455:1,559:3;55900:1;455:1,8,3,1,0.0,0,0,2,4,0,0,0.0,1,5,1,0,0.0,25.0,80.0,2,False,False
Combined,Set1,Draw2,6,28,3,1,0.0,2,0.0,True,True,False,False,False,False,True,3,3,3,3,3,0,0,0,224:1;2249:1;229:1,224:3;9224:1;922:1,6,2,0,0.0,0,0,2,4,0,0,0.5,1,6,1,0,0.0,22.5,99.0,2,False,False
Combined,Set1,Draw2,6,12,3,2,0.0,6,0.0,False,False,False,False,False,False,False,2,6,2,6,0,0,0,0,024:1;245:1;00224559:1,240:1;245:1;55922400:1,6,6,1,0.0,0,0,0,0,0,0,0.0,0,7,1,0,0.0,21.0,74.5,2,False,False
Combined,Set1,Draw2,6,2,3,2,0.0,3,0.0,True,False,False,False,False,False,False,1,3,1,3,0,0,0,0,001:1;00155:1;0015:1,001:2;10055:1;1005:1,6,3,1,0.0,0,0,2,0,0,0,0.0,1,2,1,0,0.0,16.0,38.5,2,False,False
Combined,Set1,Draw2,6,9,3,1,0.0,3,0.0,False,False,False,False,False,False,False,1,3,1,3,0,0,0,0,001559:1;0014:1;0019:1,100559:1;4001:1;0019:1,6,3,0,0.0,0,0,0,0,0,0,0.0,0,2,4,0,0.0,15.0,51.5,3,False,False
Combined,Set1,Draw2,6,8,2,1,0.0,1,0.0,False,False,False,False,False,False,False,2,5,2,5,0,0,0,0,001558:1;018:1;00158:1,810055:1;810:1;81005:1,4,1,0,0.0,0,0,0,0,0,0,0.0,0,6,4,0,0.0,15.0,40.0,3,False,False
Combined,Set1,Draw2,6,27,2,1,0.0,1,0.0,True,False,False,False,False,False,True,3,2,3,2,2,0,0,0,223:1;2238:1,322:2;8322:1,4,1,0,0.0,0,0,2,0,0,0,0.5,1,5,1,0,0.0,14.5,59.5,2,False,False
Combined,Set1,Draw2,6,24,2,1,0.0,1,0.0,False,False,False,False,False,False,True,2,3,2,3,4,0,0,0,1348:1;134:1;189:1,8341:1;341:1;198:1,4,1,0,0.0,0,0,0,0,0,0,0.5,0,4,4,0,0.0,13.5,52.5,3,False,False
Combined,Set1,Draw2,6,30,2,1,0.0,1,0.0,True,False,False,False,False,False,False,3,2,3,2,0,0,0,0,2234:1;22349:1;223489:1,3224:2;93224:1;983224:1,4,1,0,0.0,0,0,2,0,0,0,0.0,0,5,1,0,0.0,13.0,52.0,2,False,False
Combined,Set1,Draw2,6,1,1,1,0.0,3,0.0,False,False,False,False,False,False,False,2,4,2,4,0,0,0,0,055:1;005:1;0055:1,055:1;005:1;0055:1,2,3,0,0.0,0,0,0,0,0,0,0.0,1,5,1,0,0.0,12.0,34.5,2,False,False
Combined,Set1,Draw2,6,3,1,1,0.0,3,0.0,False,False,False,False,False,False,False,2,4,2,4,0,0,0,0,255:1,255:1,2,3,0,0.0,0,0,0,0,0,0,0.0,1,5,0,0,0.0,11.0,53.5,1,False,False
Combined,Set1,Draw2,6,10,1,1,0.0,2,0.0,False,False,False,False,False,False,True,2,3,2,3,2,0,0,0,225:1;2255:1,225:1;2255:1,2,2,0,0.0,0,0,0,0,0,0,0.5,1,4,1,0,0.0,10.5,36.0,2,False,False
Combined,Set1,Draw2,6,33,2,1,0.0,1,0.0,False,False,False,False,False,False,True,1,2,1,2,2,0,0,0,348:1;389:1,834:1;983:1,4,1,0,0.0,0,0,0,0,0,0,0.5,0,1,4,0,0.0,10.5,48.5,3,False,False
Combined,Set1,Draw2,6,14,2,1,0.0,1,0.0,False,False,False,False,False,False,False,1,2,1,2,0,0,0,0,00345589:1;0035589:1;0034589:1,55900834:1;5590083:1;5900834:1,4,1,0,0.0,0,0,0,0,0,0,0.0,0,1,4,0,0.0,10.0,40.5,3,False,False
Combined,Set1,Draw2,6,23,1,1,0.0,1,0.0,False,False,False,False,False,False,True,1,2,1,2,1,0,0,0,138:1,138:1,2,1,0,0.0,0,0,0,0,0,0,0.5,0,1,4,0,0.0,8.5,32.0,3,False,False
Combined,Set1,Draw2,6,29,1,1,0.0,1,0.0,False,False,False,False,False,False,True,1,1,1,1,1,0,0,0,238:1,832:1,2,1,0,0.0,0,0,0,0,0,0,0.5,0,0,1,0,0.0,4.5,38.5,2,False,False
Combined,Set1,Draw2,6,4,1,1,0.0,1,0.0,False,False,False,False,False,False,False,1,1,1,1,0,0,0,0,0038:1;008:1,0083:1;008:1,2,1,0,0.0,0,0,0,0,0,0,0.0,1,0,0,0,0.0,4.0,52.5,1,False,False
Combined,Set1,Draw2,6,13,1,1,0.0,1,0.0,False,False,False,False,False,False,False,1,1,1,1,0,0,0,0,038:1,083:1,2,1,0,0.0,0,0,0,0,0,0,0.0,0,0,1,0,0.0,4.0,46.5,2,False,False
Combined,Set1,Draw3,1,12,2,2,0.0,5,1.0,False,False,False,False,False,False,False,2,6,2,6,0,0,1,0,024:1,240:1,4,5,1,0.0,0,1,0,0,0,0,0.0,0,7,0,0,0.0,18.0,74.5,1,False,False
Combined,Set1,Draw3,1,11,3,3,0.0,2,1.0,False,False,False,True,False,False,False,1,1,1,1,0,0,1,0,028:1,208:1,6,2,2,0.0,0,1,0,0,0,0,0.0,0,0,0,0,0.0,11.0,30.5,1,False,False
Combined,Set1,Draw3,1,14,2,2,0.0,2,1.0,False,False,False,False,False,False,False,1,1,1,1,0,0,1,0,048:1,408:1,4,2,1,0.0,0,1,0,0,0,0,0.0,0,0,0,0,0.0,8.0,40.5,1,False,False
Combined,Set1,Draw3,1,30,1,1,0.0,2,1.0,False,False,False,False,False,True,False,1,1,1,1,0,0,1,0,248:1,824:1,2,2,0,0.0,0,1,0,0,0,1,0.0,0,0,0,0,0.0,6.0,52.0,1,False,False
Combined,Set1,Draw3,2,8,3,2,0.0,4,1.0,True,False,False,False,False,False,False,1,5,1,5,0,0,1,0,018:1,018:2,6,4,1,0.0,0,1,2,0,0,0,0.0,0,4,1,0,0.0,19.0,40.0,2,False,False
Combined,Set1,Draw3,2,12,2,2,0.0,5,1.0,False,False,False,False,False,False,False,2,6,2,6,0,0,1,0,024:1,240:1,4,5,1,0.0,0,1,0,0,0,0,0.0,0,7,0,0,0.0,18.0,74.5,1,False,False
Combined,Set1,Draw3,2,9,1,1,0.0,2,1.0,False,False,False,False,False,True,False,2,6,2,6,0,0,1,0,014:1,401:1,2,2,0,0.0,0,1,0,0,0,1,0.0,0,7,1,0,0.0,14.0,51.5,2,False,False
Combined,Set1,Draw3,2,24,1,1,0.0,4,1.0,False,False,False,False,False,True,True,1,1,1,1,1,0,1,0,148:1,841:1,2,4,0,0.0,0,1,0,0,0,1,0.5,0,0,4,0,0.0,12.5,52.5,3,False,False
Combined,Set1,Draw3,2,7,1,1,0.0,1,1.0,False,False,False,False,False,True,True,1,3,1,3,1,0,1,0,012:1,102:1,2,1,0,0.0,0,1,0,0,0,1,0.5,0,2,0,0,0.0,7.5,32.0,1,False,False
Combined,Set1,Draw3,2,30,1,1,0.0,2,1.0,False,False,False,False,False,True,False,1,1,1,1,0,0,1,0,248:1,824:1,2,2,0,0.0,0,1,0,0,0,1,0.0,0,0,1,0,0.0,7.0,52.0,2,False,False
Combined,Set1,Draw3,2,21,1,1,0.0,1,1.0,False,False,False,False,False,True,True,1,1,1,1,1,0,1,0,128:1,182:1,2,1,0,0.0,0,1,0,0,0,1,0.5,0,0,1,0,0.0,6.5,34.5,2,False,False
Combined,Set1,Draw3,2,11,1,1,0.0,2,1.0,False,False,False,False,False,True,False,1,1,1,1,0,0,1,0,028:1,208:1,2,2,0,0.0,0,1,0,0,0,1,0.0,0,0,0,0,0.0,6.0,30.5,1,False,False
Combined,Set1,Draw3,2,14,1,1,0.0,2,1.0,False,False,False,False,False,True,False,1,1,1,1,0,0,1,0,048:1,084:1,2,2,0,0.0,0,1,0,0,0,1,0.0,0,0,0,0,0.0,6.0,40.5,1,False,False
Combined,Set1,Draw3,3,8,4,2,0.0,4,1.0,True,False,False,False,False,True,False,1,5,1,5,0,6,0,0,018:1;0168:1;068:1,018:2;0186:2;068:1,8,4,1,0.0,0,1,2,0,0,1,0.0,0,4,4,0,0.0,25.0,40.0,3,False,False
Combined,Set1,Draw3,3,12,3,2,0.0,5,1.0,True,False,False,False,False,True,False,2,6,2,6,0,3,0,0,245:1;024:1;0245:1,524:2;240:1;5240:1,6,5,1,0.0,0,1,2,0,0,1,0.0,0,7,1,0,0.0,24.0,74.5,2,False,False
Combined,Set1,Draw3,3,9,1,1,0.0,2,1.0,False,False,False,False,False,True,False,2,6,2,6,0,1,0,0,014:1,401:1,2,2,0,0.0,0,1,0,0,0,1,0.0,0,7,4,0,0.0,17.0,51.5,3,False,False
Combined,Set1,Draw3,3,18,3,2,0.0,3,1.0,True,False,False,False,False,False,False,1,3,1,3,0,1,0,0,168:1,186:2,6,3,1,0.0,0,1,2,0,0,0,0.0,0,2,1,0,0.0,16.0,53.5,2,False,False
Combined,Set1,Draw3,3,24,1,1,0.0,4,1.0,False,False,False,False,False,True,True,1,3,1,3,3,3,0,0,468:1;1468:1;148:1,684:1;6841:1;841:1,2,4,0,0.0,0,1,0,0,0,1,0.5,0,2,4,0,0.0,14.5,52.5,3,False,False
Combined,Set1,Draw3,3,3,2,2,0.0,1,1.0,False,False,False,False,False,False,False,2,5,2,5,0,1,0,0,025:1,250:1,4,1,1,0.0,0,1,0,0,0,0,0.0,0,6,0,0,0.0,13.0,53.5,1,False,False
Combined,Set1,Draw3,3,2,2,1,0.0,1,1.0,False,False,False,False,False,True,False,2,3,2,3,0,2,0,0,056:1;015:1,506:1;105:1,4,1,0,0.0,0,1,0,0,0,1,0.0,0,4,1,0,0.0,12.0,38.5,2,False,False
Combined,Set1,Draw3,3,21,1,1,0.0,3,1.0,False,False,False,False,False,True,True,1,4,1,4,2,2,0,0,268:1;1268:1,862:1;1862:1,2,3,0,0.0,0,1,0,0,0,1,0.5,0,3,1,0,0.0,11.5,34.5,2,False,False
Combined,Set1,Draw3,3,7,2,1,0.0,1,1.0,False,False,False,False,False,True,True,1,3,1,3,2,2,0,0,0256:1;0125:1,2506:1;1052:1,4,1,0,0.0,0,1,0,0,0,1,0.5,0,2,1,0,0.0,10.5,32.0,2,False,False
Combined,Set1,Draw3,3,22,1,1,0.0,2,1.0,False,False,False,False,False,True,True,1,4,1,4,1,1,0,0,246:1,624:1,2,2,0,0.0,0,1,0,0,0,1,0.5,0,3,1,0,0.0,10.5,51.5,2,False,False
Combined,Set1,Draw3,4,5,4,2,0.0,2,0.0,True,True,False,False,False,False,False,2,4,2,4,0,0,0,0,559:1;00559:1;0559:1,559:3;55900:1;5590:1,8,2,1,0.0,0,0,2,4,0,0,0.0,1,5,1,0,0.0,24.0,80.0,2,False,False
Combined,Set1,Draw3,4,12,4,2,0.0,5,0.0,True,False,False,False,False,False,False,2,6,2,6,0,0,0,0,024:1;2559:1;0024559:1,5592:2;55924:2;592:2,8,5,1,0.0,0,0,2,0,0,0,0.0,0,7,1,0,0.0,24.0,74.5,2,False,False
Combined,Set1,Draw3,4,8,3,2,0.0,4,0.0,False,False,False,False,False,False,False,1,5,1,5,0,0,0,0,018:1;0168:1;068:1,018:1;0186:1;068:1,6,4,1,0.0,0,0,0,0,0,0,0.0,0,4,4,0,0.0,19.0,40.0,3,False,False
Combined,Set1,Draw3,4,2,4,2,0.0,2,0.0,True,False,False,False,False,False,False,1,3,1,3,0,0,0,0,001:1;00155:1;0015:1,001:2;10055:1;1005:1,8,2,1,0.0,0,0,2,0,0,0,0.0,1,2,1,0,0.0,17.0,38.5,2,False,False
Combined,Set1,Draw3,4,9,4,1,0.0,2,0.0,False,False,False,False,False,False,False,1,3,1,3,0,0,0,0,001559:1;005569:1;0014:1,100559:1;559006:1;4001:1,8,2,0,0.0,0,0,0,0,0,0,0.0,0,2,4,0,0.0,16.0,51.5,3,False,False
Combined,Set1,Draw3,4,24,2,1,0.0,4,0.0,False,False,False,False,False,False,True,1,3,1,3,6,0,0,0,468:1;1468:1;148:1,684:1;6841:1;841:1,4,4,0,0.0,0,0,0,0,0,0,0.5,0,2,4,0,0.0,14.5,52.5,3,False,False
Combined,Set1,Draw3,4,18,2,2,0.0,3,0.0,False,False,False,False,False,False,False,1,3,1,3,0,0,0,0,168:1,186:1,4,3,1,0.0,0,0,0,0,0,0,0.0,0,2,1,0,0.0,11.0,53.5,2,False,False
Combined,Set1,Draw3,4,1,1,1,0.0,2,0.0,False,False,False,False,False,False,False,2,4,2,4,0,0,0,0,055:1;005:1;0055:1,055:1;005:1;0055:1,2,2,0,0.0,0,0,0,0,0,0,0.0,1,5,0,0,0.0,10.0,34.5,1,False,False
Combined,Set1,Draw3,4,3,1,1,0.0,2,0.0,False,False,False,False,False,False,False,2,4,2,4,0,0,0,0,255:1,255:1,2,2,0,0.0,0,0,0,0,0,0,0.0,1,5,0,0,0.0,10.0,53.5,1,False,False
Combined,Set1,Draw3,4,21,1,1,0.0,3,0.0,False,False,False,False,False,False,True,1,4,1,4,1,0,0,0,268:1,862:1,2,3,0,0.0,0,0,0,0,0,0,0.5,0,3,1,0,0.0,9.5,34.5,2,False,False
Combined,Set1,Draw3,4,31,2,1,0.0,1,0.0,True,False,False,False,False,False,True,1,2,1,2,1,0,0,0,249:1,924:2,4,1,0,0.0,0,0,2,0,0,0,0.5,0,1,0,0,0.0,8.5,57.5,1,False,False
Combined,Set1,Draw3,4,22,1,1,0.0,2,0.0,False,False,False,False,False,False,True,1,4,1,4,1,0,0,0,246:1,624:1,2,2,0,0.0,0,0,0,0,0,0,0.5,0,3,1,0,0.0,8.5,51.5,2,False,False
Combined,Set1,Draw3,5,5,4,2,0.0,2,0.0,True,True,False,False,False,False,False,2,4,2,4,0,0,0,0,559:1;5599:1;00559:1,559:3;5599:3;00559:1,8,2,1,0.0,0,0,2,4,0,0,0.0,1,5,1,0,0.0,24.0,80.0,2,False,False
Combined,Set1,Draw3,5,12,4,2,0.0,5,0.0,True,False,False,False,False,False,False,2,6,2,6,0,0,0,0,024:1;2245599:1;225599:1,5599224:2;559922:2;599224:2,8,5,1,0.0,0,0,2,0,0,0,0.0,0,7,1,0,0.0,24.0,74.5,2,False,False
Combined,Set1,Draw3,5,28,3,1,0.0,1,0.0,True,True,False,False,False,False,True,3,3,3,3,4,0,0,0,224:1;2249:1;229:1,224:3;9224:2;922:2,6,1,0,0.0,0,0,2,4,0,0,0.5,1,6,1,0,0.0,21.5,99.0,2,False,False
Combined,Set1,Draw3,5,8,3,2,0.0,4,0.0,False,False,False,False,False,False,False,1,5,1,5,0,0,0,0,018:1;0168:1;068:1,018:1;0186:1;068:1,6,4,1,0.0,0,0,0,0,0,0,0.0,0,4,4,0,0.0,19.0,40.0,3,False,False
Combined,Set1,Draw3,5,15,3,1,0.0,1,0.0,True,True,False,False,False,False,False,1,1,1,1,0,0,0,0,599:1;099:1,599:3;990:1,6,1,0,0.0,0,0,2,4,0,0,0.0,1,0,4,0,0.0,18.0,43.5,3,False,False
Combined,Set1,Draw3,5,2,4,2,0.0,2,0.0,True,False,False,False,False,False,False,1,3,1,3,0,0,0,0,001:1;00155:1;0015:1,001:2;10055:1;1005:1,8,2,1,0.0,0,0,2,0,0,0,0.0,1,2,1,0,0.0,17.0,38.5,2,False,False
Combined,Set1,Draw3,5,9,4,1,0.0,2,0.0,False,False,False,False,False,False,False,1,3,1,3,0,0,0,0,001559:1;0055699:1;0015599:1,100559:1;5599006:1;1005599:1,8,2,0,0.0,0,0,0,0,0,0,0.0,0,2,4,0,0.0,16.0,51.5,3,False,False
Combined,Set1,Draw3,5,24,2,1,0.0,4,0.0,False,False,False,False,False,False,True,1,3,1,3,7,0,0,0,468:1;1468:1;148:1,684:1;6841:1;841:1,4,4,0,0.0,0,0,0,0,0,0,0.5,0,2,4,0,0.0,14.5,52.5,3,False,False
Combined,Set1,Draw3,5,18,2,2,0.0,3,0.0,False,False,False,False,False,False,False,1,3,1,3,0,0,0,0,168:1,186:1,4,3,1,0.0,0,0,0,0,0,0,0.0,0,2,4,0,0.0,14.0,53.5,3,False,False
Combined,Set1,Draw3,5,1,1,1,0.0,2,0.0,False,False,False,False,False,False,False,2,4,2,4,0,0,0,0,055:1;005:1;0055:1,055:1;005:1;0055:1,2,2,0,0.0,0,0,0,0,0,0,0.0,1,5,0,0,0.0,10.0,34.5,1,False,False
Combined,Set1,Draw3,5,3,1,1,0.0,2,0.0,False,False,False,False,False,False,False,2,4,2,4,0,0,0,0,255:1,255:1,2,2,0,0.0,0,0,0,0,0,0,0.0,1,5,0,0,0.0,10.0,53.5,1,False,False
Combined,Set1,Draw3,5,31,2,1,0.0,1,0.0,True,False,False,False,False,False,True,1,1,1,1,2,0,0,0,22499:1;299:1,99224:2;992:2,4,1,0,0.0,0,0,2,0,0,0,0.5,1,0,1,0,0.0,9.5,57.5,2,False,False
Combined,Set1,Draw3,5,10,1,1,0.0,1,0.0,False,False,False,False,False,False,True,2,3,2,3,2,0,0,0,225:1;2255:1,225:1;2255:1,2,1,0,0.0,0,0,0,0,0,0,0.5,1,4,1,0,0.0,9.5,36.0,2,False,False
Combined,Set1,Draw3,5,21,1,1,0.0,3,0.0,False,False,False,False,False,False,True,1,4,1,4,2,0,0,0,268:1;2268:1,862:1;8622:1,2,3,0,0.0,0,0,0,0,0,0,0.5,0,3,1,0,0.0,9.5,34.5,2,False,False
Combined,Set1,Draw3,5,20,1,1,0.0,1,0.0,False,False,False,False,False,False,True,3,1,3,1,1,0,0,0,226:1,622:1,2,1,0,0.0,0,0,0,0,0,0,0.5,1,4,1,0,0.0,9.5,57.0,2,False,False
Combined,Set1,Draw3,5,22,1,1,0.0,1,0.0,False,False,False,False,False,False,True,3,1,3,1,1,0,0,0,2246:1,6224:1,2,1,0,0.0,0,0,0,0,0,0,0.5,0,4,1,0,0.0,8.5,51.5,2,False,False
Combined,Set1,Draw3,5,34,1,1,0.0,1,0.0,False,False,False,False,False,False,False,1,1,1,1,0,0,0,0,899:1,998:1,2,1,0,0.0,0,0,0,0,0,0,0.0,1,0,4,0,0.0,8.0,39.0,3,False,False
Combined,Set1,Draw3,5,25,1,1,0.0,1,0.0,False,False,False,False,False,False,False,1,1,1,1,0,0,0,0,199:1,199:1,2,1,0,0.0,0,0,0,0,0,0,0.0,1,0,1,0,0.0,5.0,26.0,2,False,False
Combined,Set1,Draw4,1,31,3,1,0.0,4,1.0,True,True,False,False,False,True,True,1,4,1,4,1,0,1,0,244:1,244:3,6,4,0,0.0,0,1,2,4,0,1,0.5,1,3,0,0,0.0,22.5,57.5,1,False,False
Combined,Set1,Draw4,1,8,4,2,0.0,2,1.0,True,False,False,True,False,True,False,1,5,1,5,0,0,3,0,0168:1;018:1;068:1,0186:2;018:2;068:1,8,2,1,0.0,0,1,2,0,0,1,0.0,0,4,1,0,0.0,20.0,40.0,2,False,False
Combined,Set1,Draw4,1,12,2,2,0.0,4,1.0,False,False,False,False,False,True,False,2,6,2,6,0,0,2,0,024:1;0244:1,024:1;2440:1,4,4,1,0.0,0,1,0,0,0,1,0.0,0,7,0,0,0.0,18.0,74.5,1,False,False
Combined,Set1,Draw4,1,18,3,2,0.0,4,1.0,True,False,False,False,False,False,False,1,3,1,3,0,0,1,0,168:1,186:2,6,4,1,0.0,0,1,2,0,0,0,0.0,0,2,1,0,0.0,17.0,53.5,2,False,False
Combined,Set1,Draw4,1,9,1,1,0.0,3,1.0,False,False,False,False,False,True,False,2,6,2,6,0,0,2,0,014:1;0144:1,401:1;4401:1,2,3,0,0.0,0,1,0,0,0,1,0.0,0,7,1,0,0.0,15.0,51.5,2,False,False
Combined,Set1,Draw4,1,22,1,1,0.0,4,1.0,False,False,False,False,False,True,True,1,4,1,4,2,0,2,0,246:1;2446:1,624:1;6244:1,2,4,0,0.0,0,1,0,0,0,1,0.5,0,3,1,0,0.0,12.5,51.5,2,False,False
Combined,Set1,Draw4,1,15,1,1,0.0,4,1.0,False,False,False,False,False,True,False,1,4,1,4,0,0,1,0,044:1,440:1,2,4,0,0.0,0,1,0,0,0,1,0.0,1,3,0,0,0.0,12.0,43.5,1,False,False
Combined,Set1,Draw4,1,24,1,1,0.0,4,1.0,False,False,False,False,False,True,True,1,3,1,3,4,0,4,0,14468:1;468:1;4468:1,68441:1;684:1;6844:1,2,4,0,0.0,0,1,0,0,0,1,0.5,0,2,1,0,0.0,11.5,52.5,2,False,False
Combined,Set1,Draw4,1,34,1,1,0.0,4,1.0,False,False,False,False,False,True,False,1,3,1,3,0,0,1,0,448:1,844:1,2,4,0,0.0,0,1,0,0,0,1,0.0,1,2,0,0,0.0,11.0,39.0,1,False,False
Combined,Set1,Draw4,1,7,2,1,0.0,2,1.0,False,False,False,False,False,True,True,1,3,1,3,2,0,2,0,026:1;012:1,206:1;102:1,4,2,0,0.0,0,1,0,0,0,1,0.5,0,2,0,0,0.0,10.5,32.0,1,False,False
Combined,Set1,Draw4,1,25,1,1,0.0,4,1.0,False,False,False,False,False,True,False,1,1,1,1,0,0,1,0,144:1,441:1,2,4,0,0.0,0,1,0,0,0,1,0.0,1,0,1,0,0.0,10.0,26.0,2,False,False
Combined,Set1,Draw4,1,21,1,1,0.0,2,1.0,False,False,False,False,False,True,True,1,4,1,4,2,0,2,0,1268:1;268:1,1862:1;862:1,2,2,0,0.0,0,1,0,0,0,1,0.5,0,3,0,0,0.0,9.5,34.5,1,False,False
Combined,Set1,Draw4,2,31,3,1,0.0,4,1.0,True,True,False,False,False,True,True,1,4,1,4,1,0,1,0,244:1,244:3,6,4,0,0.0,0,1,2,4,0,1,0.5,1,3,0,0,0.0,22.5,57.5,1,False,False
Combined,Set1,Draw4,2,8,4,2,0.0,3,1.0,True,False,False,False,False,True,False,1,5,1,5,0,0,3,0,01168:1;0118:1;068:1,01186:2;0118:2;068:1,8,3,1,0.0,0,1,2,0,0,1,0.0,0,4,1,0,0.0,21.0,40.0,2,False,False
Combined,Set1,Draw4,2,18,3,2,0.0,4,1.0,True,False,False,False,False,False,False,1,3,1,3,0,0,3,0,168:1;118:1;1168:1,186:2;118:2;1186:2,6,4,1,0.0,0,1,2,0,0,0,0.0,1,2,1,0,0.0,18.0,53.5,2,False,False
Combined,Set1,Draw4,2,12,2,2,0.0,4,1.0,False,False,False,False,False,True,False,2,6,2,6,0,0,2,0,024:1;0244:1,024:1;2440:1,4,4,1,0.0,0,1,0,0,0,1,0.0,0,7,0,0,0.0,18.0,74.5,1,False,False
Combined,Set1,Draw4,2,6,3,2,0.0,3,1.0,True,False,False,False,False,False,False,1,3,1,3,0,0,1,0,011:1,011:2,6,3,1,0.0,0,1,2,0,0,0,0.0,1,2,1,0,0.0,17.0,42.5,2,False,False
Combined,Set1,Draw4,2,9,1,1,0.0,3,1.0,False,False,False,False,False,True,False,2,6,2,6,0,0,4,0,014:1;0144:1;01144:1,401:1;4401:1;44011:1,2,3,0,0.0,0,1,0,0,0,1,0.0,0,7,1,0,0.0,15.0,51.5,2,False,False
Combined,Set1,Draw4,2,24,1,1,0.0,4,1.0,False,False,False,False,False,True,True,1,3,1,3,6,0,6,0,14468:1;114468:1;468:1,68441:1;684411:1;684:1,2,4,0,0.0,0,1,0,0,0,1,0.5,0,2,4,0,0.0,14.5,52.5,3,False,False
Combined,Set1,Draw4,2,22,1,1,0.0,4,1.0,False,False,False,False,False,True,True,1,4,1,4,2,0,2,0,246:1;2446:1,624:1;6244:1,2,4,0,0.0,0,1,0,0,0,1,0.5,0,3,1,0,0.0,12.5,51.5,2,False,False
Combined,Set1,Draw4,2,15,1,1,0.0,4,1.0,False,False,False,False,False,True,False,1,4,1,4,0,0,1,0,044:1,440:1,2,4,0,0.0,0,1,0,0,0,1,0.0,1,3,0,0,0.0,12.0,43.5,1,False,False
Combined,Set1,Draw4,2,34,1,1,0.0,4,1.0,False,False,False,False,False,True,False,1,3,1,3,0,0,1,0,448:1,844:1,2,4,0,0.0,0,1,0,0,0,1,0.0,1,2,0,0,0.0,11.0,39.0,1,False,False
Combined,Set1,Draw4,2,21,1,1,0.0,2,1.0,False,False,False,False,False,True,True,1,4,1,4,3,0,3,0,1268:1;11268:1;268:1,1862:1;11862:1;862:1,2,2,0,0.0,0,1,0,0,0,1,0.5,0,3,1,0,0.0,10.5,34.5,2,False,False
Combined,Set1,Draw4,2,7,2,1,0.0,2,1.0,False,False,False,False,False,True,True,1,3,1,3,3,0,3,0,026:1;012:1;0112:1,206:1;102:1;1102:1,4,2,0,0.0,0,1,0,0,0,1,0.5,0,2,0,0,0.0,10.5,32.0,1,False,False
Combined,Set1,Draw4,2,25,1,1,0.0,4,1.0,False,False,False,False,False,True,False,1,1,1,1,0,0,1,0,144:1,441:1,2,4,0,0.0,0,1,0,0,0,1,0.0,1,0,0,0,0.0,9.0,26.0,1,False,False
Combined,Set1,Draw4,2,19,1,1,0.0,3,1.0,False,False,False,False,False,True,False,1,1,1,1,0,0,2,0,1144:1;114:1,4411:1;411:1,2,3,0,0.0,0,1,0,0,0,1,0.0,1,0,1,0,0.0,9.0,58.5,2,False,False
Combined,Set1,Draw4,3,12,3,2,0.0,4,0.0,True,False,False,False,False,True,False,2,5,2,5,0,0,0,0,245:1;0244:1;2445:1,524:2;5244:2;2440:1,6,4,1,0.0,0,0,2,0,0,1,0.0,0,6,4,0,0.0,24.0,74.5,3,False,False
Combined,Set1,Draw4,3,31,3,1,0.0,4,0.0,True,True,False,False,False,True,True,1,4,1,4,1,0,0,0,244:1,244:3,6,4,0,0.0,0,0,2,4,0,1,0.5,1,3,1,0,0.0,22.5,57.5,2,False,False
Combined,Set1,Draw4,3,8,4,2,0.0,3,0.0,True,False,False,False,False,True,False,1,3,1,3,0,0,0,0,01168:1;011668:1;0118:1,01186:2;011866:2;0118:2,8,3,1,0.0,0,0,2,0,0,1,0.0,0,2,4,0,0.0,21.0,40.0,3,False,False
Combined,Set1,Draw4,3,18,4,2,0.0,4,0.0,True,False,False,False,False,False,False,1,3,1,3,0,0,0,0,168:1;118:1;1168:1,186:2;118:2;1186:2,8,4,1,0.0,0,0,2,0,0,0,0.0,1,2,1,0,0.0,19.0,53.5,2,False,False
Combined,Set1,Draw4,3,6,4,2,0.0,3,0.0,True,False,False,False,False,True,False,1,3,1,3,0,0,0,0,011:1;066:1,011:2;066:1,8,3,1,0.0,0,0,2,0,0,1,0.0,1,2,1,0,0.0,19.0,42.5,2,False,False
Combined,Set1,Draw4,3,9,1,1,0.0,3,0.0,False,False,False,False,False,True,False,2,6,2,6,0,0,0,0,014:1;0144:1;01144:1,401:1;4401:1;44011:1,2,3,0,0.0,0,0,0,0,0,1,0.0,0,7,4,0,0.0,17.0,51.5,3,False,False
Combined,Set1,Draw4,3,22,1,1,0.0,4,0.0,False,False,False,False,False,True,True,1,4,1,4,4,0,0,0,246:1;2446:1;24466:1,624:1;6244:1;66244:1,2,4,0,0.0,0,0,0,0,0,1,0.5,0,3,4,0,0.0,14.5,51.5,3,False,False
Combined,Set1,Draw4,3,15,2,1,0.0,4,0.0,False,False,False,False,False,True,False,1,4,1,4,0,0,0,0,044:1;445:1,440:1;445:1,4,4,0,0.0,0,0,0,0,0,1,0.0,1,3,1,0,0.0,14.0,43.5,2,False,False
Combined,Set1,Draw4,3,24,1,1,0.0,4,0.0,False,False,False,False,False,True,True,1,3,1,3,10,0,0,0,1144668:1;14468:1;114468:1,6684411:1;68441:1;684411:1,2,4,0,0.0,0,0,0,0,0,1,0.5,0,2,4,0,0.0,13.5,52.5,3,False,False
Combined,Set1,Draw4,3,3,2,2,0.0,1,0.0,False,False,False,False,False,False,False,2,5,2,5,0,0,0,0,025:1,250:1,4,1,1,0.0,0,0,0,0,0,0,0.0,0,6,1,0,0.0,13.0,53.5,2,False,False
Combined,Set1,Draw4,3,7,2,1,0.0,1,0.0,False,False,False,False,False,True,True,1,3,1,3,4,0,0,0,0256:1;02566:1;0125:1,2506:1;25066:1;1052:1,4,1,0,0.0,0,0,0,0,0,1,0.5,0,2,4,0,0.0,12.5,32.0,3,False,False
Combined,Set1,Draw4,3,34,1,1,0.0,4,0.0,False,False,False,False,False,True,False,1,3,1,3,0,0,0,0,448:1,844:1,2,4,0,0.0,0,0,0,0,0,1,0.0,1,2,1,0,0.0,11.0,39.0,2,False,False
Combined,Set1,Draw4,3,2,2,1,0.0,1,0.0,False,False,False,False,False,True,False,2,3,2,3,0,0,0,0,056:1;0566:1;015:1,506:1;5066:1;105:1,4,1,0,0.0,0,0,0,0,0,1,0.0,0,4,1,0,0.0,11.0,38.5,2,False,False
Combined,Set1,Draw4,3,21,1,1,0.0,2,0.0,False,False,False,False,False,True,True,1,2,1,2,3,0,0,0,112668:1;12668:1;2668:1,118662:1;18662:1;8662:1,2,2,0,0.0,0,0,0,0,0,1,0.5,0,1,4,0,0.0,10.5,34.5,3,False,False
Combined,Set1,Draw4,3,17,1,1,0.0,2,0.0,False,False,False,False,False,True,False,2,2,2,2,0,0,0,0,266:1,662:1,2,2,0,0.0,0,0,0,0,0,1,0.0,1,3,0,0,0.0,9.0,20.0,1,False,False
Combined,Set1,Draw4,3,25,1,1,0.0,4,0.0,False,False,False,False,False,True,False,1,1,1,1,0,0,0,0,144:1,441:1,2,4,0,0.0,0,0,0,0,0,1,0.0,1,0,0,0,0.0,8.0,26.0,1,False,False
Combined,Set1,Draw4,3,19,1,1,0.0,3,0.0,False,False,False,False,False,True,False,1,1,1,1,0,0,0,0,1144:1;114:1,4411:1;411:1,2,3,0,0.0,0,0,0,0,0,1,0.0,1,0,1,0,0.0,8.0,58.5,2,False,False
Combined,Set1,Draw4,4,5,4,2,0.0,1,0.0,True,True,False,False,False,False,False,2,4,2,4,0,0,0,0,559:1;00559:1;0559:1,559:3;55900:1;5590:1,8,1,1,0.0,0,0,2,4,0,0,0.0,1,5,1,0,0.0,23.0,80.0,2,False,False
Combined,Set1,Draw4,4,12,4,2,0.0,4,0.0,True,False,False,False,False,False,False,1,4,1,4,0,0,0,0,2559:1;24559:1;244559:1,5592:2;55924:2;559244:2,8,4,1,0.0,0,0,2,0,0,0,0.0,0,3,4,0,0.0,22.0,74.5,3,False,False
Combined,Set1,Draw4,4,31,3,1,0.0,4,0.0,True,True,False,False,False,False,True,1,4,1,4,3,0,0,0,244:1;249:1;2449:1,244:3;924:2;9244:2,6,4,0,0.0,0,0,2,4,0,0,0.5,1,3,1,0,0.0,21.5,57.5,2,False,False
Combined,Set1,Draw4,4,18,4,2,0.0,4,0.0,True,False,False,False,False,False,False,1,3,1,3,0,0,0,0,668:1;168:1;118:1,866:2;186:1;118:1,8,4,1,0.0,0,0,2,0,0,0,0.0,1,2,1,0,0.0,19.0,53.5,2,False,False
Combined,Set1,Draw4,4,6,4,2,0.0,3,0.0,True,False,False,False,False,False,False,1,3,1,3,0,0,0,0,011:1;066:1,011:2;066:1,8,3,1,0.0,0,0,2,0,0,0,0.0,1,2,1,0,0.0,18.0,42.5,2,False,False
Combined,Set1,Draw4,4,2,4,2,0.0,1,0.0,True,False,False,False,False,False,False,1,3,1,3,0,0,0,0,001:1;0011:1;00155:1,001:2;0011:2;10055:1,8,1,1,0.0,0,0,2,0,0,0,0.0,1,2,1,0,0.0,16.0,38.5,2,False,False
Combined,Set1,Draw4,4,8,3,2,0.0,3,0.0,False,False,False,False,False,False,False,1,3,1,3,0,0,0,0,01168:1;011668:1;0011668:1,01186:1;011866:1;0011866:1,6,3,1,0.0,0,0,0,0,0,0,0.0,0,2,4,0,0.0,16.0,40.0,3,False,False
Combined,Set1,Draw4,4,9,4,1,0.0,1,0.0,False,False,False,False,False,False,False,1,3,1,3,0,0,0,0,001559:1;005569:1;0055669:1,100559:1;559006:1;5590066:1,8,1,0,0.0,0,0,0,0,0,0,0.0,0,2,4,0,0.0,15.0,51.5,3,False,False
Combined,Set1,Draw4,4,24,2,1,0.0,4,0.0,False,False,False,False,False,False,True,1,3,1,3,18,0,0,0,1144668:1;14468:1;114468:1,6684411:1;68441:1;684411:1,4,4,0,0.0,0,0,0,0,0,0,0.5,0,2,4,0,0.0,14.5,52.5,3,False,False
Combined,Set1,Draw4,4,22,1,1,0.0,4,0.0,False,False,False,False,False,False,True,1,4,1,4,4,0,0,0,246:1;2446:1;24466:1,624:1;6244:1;66244:1,2,4,0,0.0,0,0,0,0,0,0,0.5,0,3,4,0,0.0,13.5,51.5,3,False,False
Combined,Set1,Draw4,4,15,2,1,0.0,4,0.0,False,False,False,False,False,False,False,1,4,1,4,0,0,0,0,044:1;445:1;4455:1,440:1;445:1;4455:1,4,4,0,0.0,0,0,0,0,0,0,0.0,1,3,1,0,0.0,13.0,43.5,2,False,False
Combined,Set1,Draw4,4,1,1,1,0.0,1,0.0,False,False,False,False,False,False,False,2,4,2,4,0,0,0,0,055:1;005:1;0055:1,055:1;005:1;0055:1,2,1,0,0.0,0,0,0,0,0,0,0.0,1,5,1,0,0.0,10.0,34.5,2,False,False
Combined,Set1,Draw4,4,3,1,1,0.0,1,0.0,False,False,False,False,False,False,False,2,4,2,4,0,0,0,0,255:1,255:1,2,1,0,0.0,0,0,0,0,0,0,0.0,1,5,1,0,0.0,10.0,53.5,2,False,False
Combined,Set1,Draw4,4,34,1,1,0.0,4,0.0,False,False,False,False,False,False,False,1,3,1,3,0,0,0,0,448:1,844:1,2,4,0,0.0,0,0,0,0,0,0,0.0,1,2,1,0,0.0,10.0,39.0,2,False,False
Combined,Set1,Draw4,4,21,1,1,0.0,2,0.0,False,False,False,False,False,False,True,1,2,1,2,1,0,0,0,2668:1,8662:1,2,2,0,0.0,0,0,0,0,0,0,0.5,0,1,4,0,0.0,9.5,34.5,3,False,False
Combined,Set1,Draw4,4,17,1,1,0.0,2,0.0,False,False,False,False,False,False,False,2,2,2,2,0,0,0,0,266:1,662:1,2,2,0,0.0,0,0,0,0,0,0,0.0,1,3,1,0,0.0,9.0,20.0,2,False,False
Combined,Set1,Draw4,4,19,2,1,0.0,3,0.0,False,False,False,False,False,False,False,1,1,1,1,0,0,0,0,1144:1;114:1;119:1,4411:1;411:1;119:1,4,3,0,0.0,0,0,0,0,0,0,0.0,1,0,0,0,0.0,8.0,58.5,1,False,False
Combined,Set1,Draw4,4,25,1,1,0.0,4,0.0,False,False,False,False,False,False,False,1,1,1,1,0,0,0,0,144:1,441:1,2,4,0,0.0,0,0,0,0,0,0,0.0,1,0,0,0,0.0,7.0,26.0,1,False,False
Combined,Set1,Draw5,1,31,4,1,0.0,3,1.0,True,True,False,True,False,True,True,1,4,1,4,2,0,2,0,244:1;447:1,244:3;447:1,8,3,0,0.0,0,1,2,4,0,1,0.5,1,3,0,0,0.0,23.5,57.5,1,False,False
Combined,Set1,Draw5,1,12,2,2,0.0,3,1.0,False,False,False,False,False,True,False,2,6,2,6,0,0,4,0,024:1;0244:1;02447:1,024:1;2440:1;70244:1,4,3,1,0.0,0,1,0,0,0,1,0.0,0,7,4,0,0.0,21.0,74.5,3,False,False
Combined,Set1,Draw5,1,7,3,2,0.0,3,1.0,False,False,False,False,False,True,True,2,3,2,3,3,0,3,0,017:1;026:1;0127:1,170:1;206:1;1702:1,6,3,1,0.0,0,1,0,0,0,1,0.5,0,4,4,0,0.0,20.5,32.0,3,False,False
Combined,Set1,Draw5,1,9,1,1,0.0,3,1.0,False,False,False,False,False,True,False,2,6,2,6,0,0,2,0,014:1;0144:1,401:1;4401:1,2,3,0,0.0,0,1,0,0,0,1,0.0,0,7,4,0,0.0,18.0,51.5,3,False,False
Combined,Set1,Draw5,1,8,3,1,0.0,2,1.0,True,False,False,False,False,True,False,1,5,1,5,0,0,3,0,018:1;0168:1;068:1,018:2;0186:2;068:1,6,2,0,0.0,0,1,2,0,0,1,0.0,0,4,1,0,0.0,17.0,40.0,2,False,False
Combined,Set1,Draw5,1,18,3,2,0.0,3,1.0,True,False,False,False,False,False,False,1,3,1,3,0,0,1,0,168:1,186:2,6,3,1,0.0,0,1,2,0,0,0,0.0,0,2,1,0,0.0,16.0,53.5,2,False,False
Combined,Set1,Draw5,1,21,3,2,0.0,2,1.0,False,False,False,False,False,True,True,1,4,1,4,5,0,5,0,1268:1;268:1;678:1,1862:1;862:1;867:1,6,2,1,0.0,0,1,0,0,0,1,0.5,0,3,1,0,0.0,15.5,34.5,2,False,False
Combined,Set1,Draw5,1,22,2,1,0.0,3,1.0,False,False,False,False,False,True,True,1,4,1,4,4,0,4,0,246:1;2446:1;1447:1,624:1;6244:1;4471:1,4,3,0,0.0,0,1,0,0,0,1,0.5,0,3,1,0,0.0,13.5,51.5,2,False,False
Combined,Set1,Draw5,1,15,1,1,0.0,3,1.0,False,False,False,False,False,True,False,1,4,1,4,0,0,1,0,044:1,440:1,2,3,0,0.0,0,1,0,0,0,1,0.0,1,3,0,0,0.0,11.0,43.5,1,False,False
Combined,Set1,Draw5,1,24,1,1,0.0,3,1.0,False,False,False,False,False,True,True,1,3,1,3,2,0,2,0,468:1;4468:1,684:1;6844:1,2,3,0,0.0,0,1,0,0,0,1,0.5,0,2,1,0,0.0,10.5,52.5,2,False,False
Combined,Set1,Draw5,1,34,1,1,0.0,3,1.0,False,False,False,False,False,True,False,1,3,1,3,0,0,1,0,448:1,844:1,2,3,0,0.0,0,1,0,0,0,1,0.0,1,2,0,0,0.0,10.0,39.0,1,False,False
Combined,Set1,Draw5,1,30,1,1,0.0,3,1.0,False,False,False,False,False,True,False,1,2,1,2,0,0,1,0,4478:1,8447:1,2,3,0,0.0,0,1,0,0,0,1,0.0,0,1,1,0,0.0,9.0,52.0,2,False,False
Combined,Set1,Draw5,1,10,1,1,0.0,2,1.0,False,False,False,False,False,True,True,1,2,1,2,1,0,1,0,027:1,702:1,2,2,0,0.0,0,1,0,0,0,1,0.5,0,1,0,0,0.0,7.5,36.0,1,False,False
Combined,Set1,Draw5,2,31,4,1,0.0,3,1.0,True,True,False,False,False,True,True,1,4,1,4,2,0,2,0,244:1;447:1,244:3;447:1,8,3,0,0.0,0,1,2,4,0,1,0.5,1,3,0,0,0.0,23.5,57.5,1,False,False
Combined,Set1,Draw5,2,12,2,2,0.0,3,1.0,False,False,False,False,False,True,False,2,6,2,6,0,0,4,0,024:1;0244:1;02447:1,024:1;2440:1;70244:1,4,3,1,0.0,0,1,0,0,0,1,0.0,0,7,4,0,0.0,21.0,74.5,3,False,False
Combined,Set1,Draw5,2,7,3,2,0.0,3,1.0,False,False,False,False,False,True,True,2,3,2,3,5,0,5,0,017:1;026:1;01127:1,170:1;206:1;11702:1,6,3,1,0.0,0,1,0,0,0,1,0.5,0,4,4,0,0.0,20.5,32.0,3,False,False
Combined,Set1,Draw5,2,8,3,1,0.0,2,1.0,True,False,False,False,False,True,False,1,5,1,5,0,0,3,0,01168:1;0118:1;068:1,01186:2;0118:2;068:1,6,2,0,0.0,0,1,2,0,0,1,0.0,0,4,4,0,0.0,20.0,40.0,3,False,False
Combined,Set1,Draw5,2,21,3,2,0.0,2,1.0,False,False,False,False,False,True,True,1,4,1,4,7,0,7,0,1268:1;11268:1;268:1,1862:1;11862:1;862:1,6,2,1,0.0,0,1,0,0,0,1,0.5,0,3,4,0,0.0,18.5,34.5,3,False,False
Combined,Set1,Draw5,2,9,1,1,0.0,3,1.0,False,False,False,False,False,True,False,2,6,2,6,0,0,4,0,014:1;0144:1;01144:1,401:1;4401:1;44011:1,2,3,0,0.0,0,1,0,0,0,1,0.0,0,7,4,0,0.0,18.0,51.5,3,False,False
Combined,Set1,Draw5,2,18,3,2,0.0,3,1.0,True,False,False,False,False,False,False,1,3,1,3,0,0,3,0,168:1;118:1;1168:1,186:2;118:2;1186:2,6,3,1,0.0,0,1,2,0,0,0,0.0,1,2,1,0,0.0,17.0,53.5,2,False,False
Combined,Set1,Draw5,2,22,2,1,0.0,3,1.0,False,False,False,False,False,True,True,1,4,1,4,6,0,6,0,246:1;2446:1;1447:1,624:1;6244:1;4471:1,4,3,0,0.0,0,1,0,0,0,1,0.5,0,3,4,0,0.0,16.5,51.5,3,False,False
Combined,Set1,Draw5,2,6,2,1,0.0,2,1.0,True,False,False,False,False,True,False,1,3,1,3,0,0,1,0,011:1,011:2,4,2,0,0.0,0,1,2,0,0,1,0.0,1,2,1,0,0.0,14.0,42.5,2,False,False
Combined,Set1,Draw5,2,24,1,1,0.0,3,1.0,False,False,False,False,False,True,True,1,3,1,3,2,0,2,0,468:1;4468:1,684:1;6844:1,2,3,0,0.0,0,1,0,0,0,1,0.5,0,2,4,0,0.0,13.5,52.5,3,False,False
Combined,Set1,Draw5,2,15,1,1,0.0,3,1.0,False,False,False,False,False,True,False,1,4,1,4,0,0,1,0,044:1,440:1,2,3,0,0.0,0,1,0,0,0,1,0.0,1,3,0,0,0.0,11.0,43.5,1,False,False
Combined,Set1,Draw5,2,34,1,1,0.0,3,1.0,False,False,False,False,False,True,False,1,3,1,3,0,0,1,0,448:1,844:1,2,3,0,0.0,0,1,0,0,0,1,0.0,1,2,0,0,0.0,10.0,39.0,1,False,False
Combined,Set1,Draw5,2,17,2,2,0.0,2,1.0,False,False,False,False,False,False,False,1,2,1,2,0,0,1,0,117:1,711:1,4,2,1,0.0,0,1,0,0,0,0,0.0,1,1,0,0,0.0,10.0,20.0,1,False,False
Combined,Set1,Draw5,2,30,1,1,0.0,3,1.0,False,False,False,False,False,True,False,1,2,1,2,0,0,1,0,4478:1,8447:1,2,3,0,0.0,0,1,0,0,0,1,0.0,0,1,1,0,0.0,9.0,52.0,2,False,False
Combined,Set1,Draw5,2,10,1,1,0.0,2,1.0,False,False,False,False,False,True,True,1,2,1,2,1,0,1,0,027:1,702:1,2,2,0,0.0,0,1,0,0,0,1,0.5,0,1,1,0,0.0,8.5,36.0,2,False,False
Combined,Set1,Draw5,3,31,4,1,0.0,3,0.0,True,True,False,False,False,True,True,1,4,1,4,2,0,0,0,244:1;447:1,244:3;447:1,8,3,0,0.0,0,0,2,4,0,1,0.5,1,3,1,0,0.0,23.5,57.5,2,False,False
Combined,Set1,Draw5,3,12,3,2,0.0,3,0.0,True,False,False,False,False,True,False,2,5,2,5,0,0,0,0,245:1;0244:1;0245:1,524:2;5244:2;2440:1,6,3,1,0.0,0,0,2,0,0,1,0.0,0,6,4,0,0.0,23.0,74.5,3,False,False
Combined,Set1,Draw5,3,7,3,2,0.0,3,0.0,False,False,False,False,False,True,True,2,3,2,3,8,0,0,0,017:1;0256:1;02566:1,170:1;2506:1;25066:1,6,3,1,0.0,0,0,0,0,0,1,0.5,0,4,4,0,0.0,19.5,32.0,3,False,False
Combined,Set1,Draw5,3,18,4,2,0.0,3,0.0,True,False,False,False,False,False,False,1,3,1,3,0,0,0,0,168:1;118:1;1168:1,186:2;118:2;1186:2,8,3,1,0.0,0,0,2,0,0,0,0.0,1,2,1,0,0.0,18.0,53.5,2,False,False
Combined,Set1,Draw5,3,9,1,1,0.0,3,0.0,False,False,False,False,False,True,False,2,6,2,6,0,0,0,0,014:1;0144:1;01144:1,401:1;4401:1;44011:1,2,3,0,0.0,0,0,0,0,0,1,0.0,0,7,4,0,0.0,17.0,51.5,3,False,False
Combined,Set1,Draw5,3,8,3,1,0.0,2,0.0,True,False,False,False,False,True,False,1,3,1,3,0,0,0,0,01168:1;011668:1;0118:1,01186:2;011866:2;0118:2,6,2,0,0.0,0,0,2,0,0,1,0.0,0,2,4,0,0.0,17.0,40.0,3,False,False
Combined,Set1,Draw5,3,3,2,2,0.0,1,0.0,False,False,False,False,False,True,False,2,5,2,5,0,0,0,0,025:1;057:1;0257:1,250:1;705:1;7052:1,4,1,1,0.0,0,0,0,0,0,1,0.0,0,6,4,0,0.0,17.0,53.5,3,False,False
Combined,Set1,Draw5,3,17,4,2,0.0,2,0.0,False,False,False,False,False,True,False,2,2,2,2,0,0,0,0,266:1;667:1;117:1,662:1;667:1;711:1,8,2,1,0.0,0,0,0,0,0,1,0.0,1,3,0,0,0.0,16.0,20.0,1,False,False
Combined,Set1,Draw5,3,21,3,2,0.0,2,0.0,False,False,False,False,False,True,True,1,2,1,2,8,0,0,0,112668:1;11678:1;12668:1,118662:1;68117:1;18662:1,6,2,1,0.0,0,0,0,0,0,1,0.5,0,1,4,0,0.0,15.5,34.5,3,False,False
Combined,Set1,Draw5,3,22,2,1,0.0,3,0.0,False,False,False,False,False,True,True,1,4,1,4,8,0,0,0,246:1;2446:1;1447:1,624:1;6244:1;4471:1,4,3,0,0.0,0,0,0,0,0,1,0.5,0,3,4,0,0.0,15.5,51.5,3,False,False
Combined,Set1,Draw5,3,6,3,1,0.0,2,0.0,True,False,False,False,False,True,False,1,3,1,3,0,0,0,0,011:1;066:1,011:2;066:1,6,2,0,0.0,0,0,2,0,0,1,0.0,1,2,1,0,0.0,15.0,42.5,2,False,False
Combined,Set1,Draw5,3,15,2,1,0.0,3,0.0,False,False,False,False,False,True,False,1,4,1,4,0,0,0,0,044:1;445:1,440:1;445:1,4,3,0,0.0,0,0,0,0,0,1,0.0,1,3,1,0,0.0,13.0,43.5,2,False,False
Combined,Set1,Draw5,3,24,1,1,0.0,3,0.0,False,False,False,False,False,True,True,1,3,1,3,4,0,0,0,468:1;4468:1;44668:1,684:1;6844:1;66844:1,2,3,0,0.0,0,0,0,0,0,1,0.5,0,2,4,0,0.0,12.5,52.5,3,False,False
Combined,Set1,Draw5,3,2,1,1,0.0,1,0.0,False,False,False,False,False,True,False,2,3,2,3,0,0,0,0,056:1;0566:1,506:1;5066:1,2,1,0,0.0,0,0,0,0,0,1,0.0,0,4,4,0,0.0,12.0,38.5,3,False,False
Combined,Set1,Draw5,3,30,1,1,0.0,3,0.0,False,False,False,False,False,True,False,1,2,1,2,0,0,0,0,4478:1,8447:1,2,3,0,0.0,0,0,0,0,0,1,0.0,0,1,4,0,0.0,11.0,52.0,3,False,False
Combined,Set1,Draw5,3,34,1,1,0.0,3,0.0,False,False,False,False,False,True,False,1,3,1,3,0,0,0,0,448:1,844:1,2,3,0,0.0,0,0,0,0,0,1,0.0,1,2,1,0,0.0,10.0,39.0,2,False,False
Combined,Set1,Draw6,1,31,4,1,0.0,2,1.0,True,True,False,False,False,True,True,1,4,1,4,3,3,0,0,244:1;447:1;4477:1,244:3;447:1;4477:1,8,2,0,0.0,0,1,2,4,0,1,0.5,1,3,1,0,0.0,23.5,57.5,2,False,False
Combined,Set1,Draw6,1,8,3,1,0.0,2,1.0,True,False,False,False,False,True,False,1,5,1,5,0,5,0,0,018:1;01688:1;0188:1,018:2;01886:2;0188:2,6,2,0,0.0,0,1,2,0,0,1,0.0,0,4,4,0,0.0,20.0,40.0,3,False,False
Combined,Set1,Draw6,1,12,2,2,0.0,2,1.0,False,False,False,False,False,True,False,2,6,2,6,0,6,0,0,024:1;0244:1;024477:1,024:1;2440:1;770244:1,4,2,1,0.0,0,1,0,0,0,1,0.0,0,7,4,0,0.0,20.0,74.5,3,False,False
Combined,Set1,Draw6,1,20,3,2,0.0,2,1.0,False,False,False,False,False,True,True,3,2,3,2,2,2,0,0,677:1;177:1,677:1;771:1,6,2,1,0.0,0,1,0,0,0,1,0.5,1,5,1,0,0.0,18.5,57.0,2,False,False
Combined,Set1,Draw6,1,21,3,2,0.0,2,1.0,False,False,False,False,False,True,True,1,4,1,4,13,13,0,0,167788:1;67788:1;16788:1,188677:1;88677:1;18867:1,6,2,1,0.0,0,1,0,0,0,1,0.5,0,3,4,0,0.0,18.5,34.5,3,False,False
Combined,Set1,Draw6,1,9,1,1,0.0,2,1.0,False,False,False,False,False,True,False,2,6,2,6,0,2,0,0,014:1;0144:1,401:1;4401:1,2,2,0,0.0,0,1,0,0,0,1,0.0,0,7,4,0,0.0,17.0,51.5,3,False,False
Combined,Set1,Draw6,1,23,4,2,0.0,2,1.0,True,False,False,False,False,False,True,1,2,1,2,2,2,0,0,688:1;188:1,886:2;188:2,8,2,1,0.0,0,1,2,0,0,0,0.5,1,1,0,0,0.0,16.5,32.0,1,False,False
Combined,Set1,Draw6,1,22,2,1,0.0,2,1.0,False,False,False,False,False,True,True,3,4,3,4,4,4,0,0,1477:1;14477:1;246:1,4771:1;44771:1;624:1,4,2,0,0.0,0,1,0,0,0,1,0.5,0,7,1,0,0.0,16.5,51.5,2,False,False
Combined,Set1,Draw6,1,7,3,2,0.0,2,1.0,False,False,False,False,False,True,True,2,3,2,3,4,4,0,0,017:1;0177:1;026:1,701:1;1770:1;206:1,6,2,1,0.0,0,1,0,0,0,1,0.5,0,4,1,0,0.0,16.5,32.0,2,False,False
Combined,Set1,Draw6,1,10,2,1,0.0,2,1.0,True,False,False,False,False,True,True,2,2,2,2,3,3,0,0,077:1;0277:1;027:1,770:2;7702:1;702:1,4,2,0,0.0,0,1,2,0,0,1,0.5,1,3,0,0,0.0,14.5,36.0,1,False,False
Combined,Set1,Draw6,1,18,3,2,0.0,2,1.0,True,False,False,True,False,False,False,1,2,1,2,0,1,0,0,1688:1,1886:2,6,2,1,0.0,0,1,2,0,0,0,0.0,0,1,1,0,0.0,14.0,53.5,2,False,False
Combined,Set1,Draw6,1,28,1,1,0.0,2,1.0,False,False,False,False,False,True,True,3,2,3,2,1,1,0,0,477:1,477:1,2,2,0,0.0,0,1,0,0,0,1,0.5,1,5,1,0,0.0,13.5,99.0,2,False,False
Combined,Set1,Draw6,1,15,1,1,0.0,2,1.0,False,False,False,False,False,True,False,1,4,1,4,0,1,0,0,044:1,440:1,2,2,0,0.0,0,1,0,0,0,1,0.0,1,3,1,0,0.0,11.0,43.5,2,False,False
Combined,Set1,Draw6,1,30,1,1,0.0,1,1.0,False,False,False,False,False,True,False,1,2,1,2,0,4,0,0,447788:1;44788:1;4478:1,884477:1;88447:1;8447:1,2,1,0,0.0,0,1,0,0,0,1,0.0,0,1,4,0,0.0,10.0,52.0,3,False,False
Combined,Set1,Draw6,1,24,1,1,0.0,1,1.0,False,False,False,False,False,True,True,1,1,1,1,2,2,0,0,44688:1;4688:1,68844:1;6884:1,2,1,0,0.0,0,1,0,0,0,1,0.5,0,0,4,0,0.0,9.5,52.5,3,False,False
Combined,Set1,Draw6,1,34,1,1,0.0,1,1.0,False,False,False,False,False,True,False,1,3,1,3,0,2,0,0,448:1;4488:1,844:1;8844:1,2,1,0,0.0,0,1,0,0,0,1,0.0,1,2,1,0,0.0,9.0,39.0,2,False,False
Combined,Set1,Draw6,1,33,1,1,0.0,1,1.0,False,False,False,False,False,True,True,1,1,1,1,1,1,0,0,488:1,884:1,2,1,0,0.0,0,1,0,0,0,1,0.5,1,0,0,0,0.0,6.5,48.5,1,False,False
Combined,Set1,Draw6,2,31,4,1,0.0,2,0.0,True,True,False,False,False,True,True,1,4,1,4,3,0,0,0,244:1;447:1;4477:1,244:3;447:1;4477:1,8,2,0,0.0,0,0,2,4,0,1,0.5,1,3,1,0,0.0,22.5,57.5,2,False,False
Combined,Set1,Draw6,2,21,3,1,0.0,2,0.0,False,False,False,False,False,True,True,3,3,3,3,21,0,0,0,11367788:1;1367788:1;1136788:1,11388677:1;1388677:1;1138867:1,6,2,0,0.0,0,0,0,0,0,1,0.5,0,6,4,0,0.0,19.5,34.5,3,False,False
Combined,Set1,Draw6,2,22,2,1,0.0,2,0.0,False,False,False,False,False,True,True,3,4,3,4,6,0,0,0,1477:1;14477:1;246:1,4771:1;44771:1;624:1,4,2,0,0.0,0,0,0,0,0,1,0.5,0,7,4,0,0.0,18.5,51.5,3,False,False
Combined,Set1,Draw6,2,23,4,3,0.0,2,0.0,True,False,False,False,False,True,True,1,2,1,2,8,0,0,0,688:1;3688:1;13688:1,688:2;3886:1;13886:1,8,2,2,0.0,0,0,2,0,0,1,0.5,1,1,1,0,0.0,18.5,32.0,2,False,False
Combined,Set1,Draw6,2,7,3,2,0.0,2,0.0,False,False,False,False,False,True,True,2,3,2,3,5,0,0,0,017:1;0177:1;026:1,701:1;1770:1;206:1,6,2,1,0.0,0,0,0,0,0,1,0.5,0,4,4,0,0.0,18.5,32.0,3,False,False
Combined,Set1,Draw6,2,8,3,2,0.0,2,0.0,False,False,False,False,False,True,False,1,5,1,5,0,0,0,0,068:1;0113688:1;03688:1,068:1;0113886:1;06883:1,6,2,1,0.0,0,0,0,0,0,1,0.0,0,4,4,0,0.0,18.0,40.0,3,False,False
Combined,Set1,Draw6,2,20,3,2,0.0,2,0.0,False,False,False,False,False,True,True,3,2,3,2,2,0,0,0,677:1;177:1,677:1;771:1,6,2,1,0.0,0,0,0,0,0,1,0.5,1,5,1,0,0.0,17.5,57.0,2,False,False
Combined,Set1,Draw6,2,18,3,2,0.0,2,0.0,False,False,False,False,False,True,False,1,3,1,3,0,0,0,0,1688:1;113688:1;11688:1,6881:1;113886:1;68811:1,6,2,1,0.0,0,0,0,0,0,1,0.0,1,2,4,0,0.0,17.0,53.5,3,False,False
Combined,Set1,Draw6,2,9,1,1,0.0,2,0.0,False,False,False,False,False,True,False,2,6,2,6,0,0,0,0,014:1;0144:1;01144:1,401:1;4401:1;44011:1,2,2,0,0.0,0,0,0,0,0,1,0.0,0,7,4,0,0.0,16.0,51.5,3,False,False
Combined,Set1,Draw6,2,10,2,1,0.0,2,0.0,True,False,False,False,False,True,True,2,2,2,2,1,0,0,0,077:1,770:2,4,2,0,0.0,0,0,2,0,0,1,0.5,1,3,1,0,0.0,14.5,36.0,2,False,False
Combined,Set1,Draw6,2,28,1,1,0.0,2,0.0,False,False,False,False,False,True,True,3,2,3,2,1,0,0,0,477:1,477:1,2,2,0,0.0,0,0,0,0,0,1,0.5,1,5,1,0,0.0,12.5,99.0,2,False,False
Combined,Set1,Draw6,2,32,3,2,0.0,1,0.0,True,False,False,False,False,False,True,1,2,1,2,1,0,0,0,388:1,883:2,6,1,1,0.0,0,0,2,0,0,0,0.5,1,1,0,0,0.0,12.5,32.0,1,False,False
Combined,Set1,Draw6,2,6,2,1,0.0,1,0.0,True,False,False,False,False,True,False,1,3,1,3,0,0,0,0,011:1,011:2,4,1,0,0.0,0,0,2,0,0,1,0.0,1,2,1,0,0.0,12.0,42.5,2,False,False
Combined,Set1,Draw6,2,12,1,1,0.0,2,0.0,False,False,False,False,False,True,False,1,4,1,4,0,0,0,0,0244:1,2440:1,2,2,0,0.0,0,0,0,0,0,1,0.0,0,3,4,0,0.0,12.0,74.5,3,False,False
Combined,Set1,Draw6,2,15,1,1,0.0,2,0.0,False,False,False,False,False,True,False,1,4,1,4,0,0,0,0,044:1,440:1,2,2,0,0.0,0,0,0,0,0,1,0.0,1,3,1,0,0.0,10.0,43.5,2,False,False
Combined,Set1,Draw6,2,24,1,1,0.0,1,0.0,False,False,False,False,False,True,True,1,2,1,2,2,0,0,0,344688:1;34688:1,688344:1;68834:1,2,1,0,0.0,0,0,0,0,0,1,0.5,0,1,4,0,0.0,9.5,52.5,3,False,False
Combined,Set1,Draw6,2,30,2,1,0.0,1,0.0,False,False,False,False,False,True,False,1,2,1,2,0,0,0,0,3447788:1;344788:1;344778:1,8834477:1;883447:1;834477:1,4,1,0,0.0,0,0,0,0,0,1,0.0,0,1,1,0,0.0,8.0,52.0,2,False,False
Combined,Set1,Draw6,2,17,2,2,0.0,1,0.0,False,False,False,False,False,False,False,1,2,1,2,0,0,0,0,117:1;1177:1,711:1;7711:1,4,1,1,0.0,0,0,0,0,0,0,0.0,1,1,0,0,0.0,8.0,20.0,1,False,False
Combined,Set1,Draw6,2,34,1,1,0.0,1,0.0,False,False,False,False,False,True,False,1,2,1,2,0,0,0,0,344:1,344:1,2,1,0,0.0,0,0,0,0,0,1,0.0,1,1,1,0,0.0,7.0,39.0,2,False,False
Combined,Set1,Draw6,2,33,1,1,0.0,1,0.0,False,False,False,False,False,True,True,1,2,1,2,4,0,0,0,34488:1;3488:1;3448:1,88344:1;8834:1;8344:1,2,1,0,0.0,0,0,0,0,0,1,0.5,0,1,1,0,0.0,6.5,48.5,2,False,False
Combined,Set1,Draw6,2,11,1,1,0.0,1,0.0,False,False,False,False,False,True,False,2,1,2,1,0,0,0,0,0377:1;02377:1;037:1,7703:1;77032:1;703:1,2,1,0,0.0,0,0,0,0,0,1,0.0,0,2,0,0,0.0,6.0,30.5,1,False,False
Combined,Set1,Draw7,1,28,4,2,0.0,1,0.0,True,True,False,False,False,True,True,3,3,3,3,5,0,0,0,224:1;2244:1;2249:1,224:3;2244:3;9224:1,8,1,1,0.0,0,0,2,4,0,1,0.5,1,6,1,0,0.0,25.5,99.0,2,False,False
Combined,Set1,Draw7,1,31,4,1,0.0,1,0.0,True,True,False,False,False,True,True,1,4,1,4,4,0,0,0,244:1;22449:1;447:1,244:3;92244:1;447:1,8,1,0,0.0,0,0,2,4,0,1,0.5,1,3,4,0,0.0,24.5,57.5,3,False,False
Combined,Set1,Draw7,1,9,3,1,0.0,1,0.0,False,False,False,False,False,True,False,2,6,2,6,0,0,0,0,014:1;0144:1;019:1,401:1;4401:1;019:1,6,1,0,0.0,0,0,0,0,0,1,0.0,0,7,4,0,0.0,19.0,51.5,3,False,False
Combined,Set1,Draw7,1,21,3,1,0.0,1,0.0,False,False,False,False,False,True,True,3,3,3,3,20,0,0,0,1367788:1;136788:1;367788:1,1388677:1;138867:1;388677:1,6,1,0,0.0,0,0,0,0,0,1,0.5,0,6,4,0,0.0,18.5,34.5,3,False,False
Combined,Set1,Draw7,1,20,4,2,0.0,1,0.0,False,False,False,False,False,True,True,3,2,3,2,3,0,0,0,677:1;177:1;226:1,677:1;771:1;622:1,8,1,1,0.0,0,0,0,0,0,1,0.5,1,5,1,0,0.0,18.5,57.0,2,False,False
Combined,Set1,Draw7,1,23,4,3,0.0,1,0.0,True,False,False,True,False,True,True,1,2,1,2,7,0,0,0,3688:1;688:1;13688:1,688:2;3886:1;13886:1,8,1,2,0.0,0,0,2,0,0,1,0.5,1,1,1,0,0.0,17.5,32.0,2,False,False
Combined,Set1,Draw7,1,8,2,1,0.0,1,0.0,False,False,False,False,False,True,False,2,5,2,5,0,0,0,0,013688:1;068:1;03688:1,013886:1;068:1;06883:1,4,1,0,0.0,0,0,0,0,0,1,0.0,0,6,4,0,0.0,16.0,40.0,3,False,False
Combined,Set1,Draw7,1,22,2,1,0.0,1,0.0,False,False,False,False,False,True,True,3,2,3,2,4,0,0,0,1477:1;2246:1;14477:1,4771:1;6224:1;44771:1,4,1,0,0.0,0,0,0,0,0,1,0.5,0,5,4,0,0.0,15.5,51.5,3,False,False
Combined,Set1,Draw7,1,12,3,1,0.0,1,0.0,False,False,False,False,False,True,False,1,4,1,4,0,0,0,0,022449:1;0244:1;02244:1,922440:1;2440:1;22440:1,6,1,0,0.0,0,0,0,0,0,1,0.0,0,3,4,0,0.0,15.0,74.5,3,False,False
Combined,Set1,Draw7,1,10,2,1,0.0,1,0.0,True,False,False,False,False,True,True,2,2,2,2,1,0,0,0,077:1,770:2,4,1,0,0.0,0,0,2,0,0,1,0.5,1,3,0,0,0.0,12.5,36.0,1,False,False
Combined,Set1,Draw7,1,32,3,2,0.0,1,0.0,True,False,False,False,False,False,True,1,2,1,2,1,0,0,0,388:1,883:2,6,1,1,0.0,0,0,2,0,0,0,0.5,1,1,0,0,0.0,12.5,32.0,1,False,False
Combined,Set1,Draw7,1,24,2,1,0.0,1,0.0,False,False,False,False,False,True,True,1,3,1,3,7,0,0,0,344688:1;34688:1;136889:1,688344:1;68834:1;198836:1,4,1,0,0.0,0,0,0,0,0,1,0.5,0,2,4,0,0.0,12.5,52.5,3,False,False
Combined,Set1,Draw7,1,7,2,2,0.0,1,0.0,False,False,False,False,False,True,True,2,3,2,3,2,0,0,0,017:1;0177:1,701:1;1770:1,4,1,1,0.0,0,0,0,0,0,1,0.5,0,4,1,0,0.0,12.5,32.0,2,False,False
Combined,Set1,Draw7,1,30,2,1,0.0,1,0.0,False,False,False,False,False,True,False,3,2,3,2,0,0,0,0,3447788:1;2234:1;344788:1,8834477:1;3224:1;883447:1,4,1,0,0.0,0,0,0,0,0,1,0.0,0,5,1,0,0.0,12.0,52.0,2,False,False
Combined,Set1,Draw7,1,15,1,1,0.0,1,0.0,False,False,False,False,False,True,False,1,4,1,4,0,0,0,0,044:1,440:1,2,1,0,0.0,0,0,0,0,0,1,0.0,1,3,4,0,0.0,12.0,43.5,3,False,False
Combined,Set1,Draw7,1,27,1,1,0.0,1,0.0,False,False,False,False,False,True,True,3,2,3,2,1,0,0,0,223:1,322:1,2,1,0,0.0,0,0,0,0,0,1,0.5,1,5,0,0,0.0,10.5,59.5,1,False,False
Combined,Set1,Draw7,1,34,1,1,0.0,1,0.0,False,False,False,False,False,True,False,1,2,1,2,0,0,0,0,344:1,344:1,2,1,0,0.0,0,0,0,0,0,1,0.0,1,1,4,0,0.0,10.0,39.0,3,False,False
Combined,Set1,Draw7,1,33,2,1,0.0,1,0.0,False,False,False,False,False,True,True,1,2,1,2,6,0,0,0,34488:1;3488:1;3448:1,88344:1;8834:1;8344:1,4,1,0,0.0,0,0,0,0,0,1,0.5,1,1,1,0,0.0,9.5,48.5,2,False,False
Combined,Set1,Draw7,1,18,1,1,0.0,1,0.0,False,False,False,False,False,True,False,1,2,1,2,0,0,0,0,1688:1,6881:1,2,1,0,0.0,0,0,0,0,0,1,0.0,0,1,4,0,0.0,9.0,53.5,3,False,False
Combined,Set1,Draw7,1,14,1,1,0.0,1,0.0,False,False,False,False,False,True,False,1,1,1,1,0,0,0,0,039:1,093:1,2,1,0,0.0,0,0,0,0,0,1,0.0,0,0,0,0,0.0,4.0,40.5,1,False,False
Combined,Set2,Draw1,1,3,4,1,0.0,1,1.0,True,True,True,True,True,True,False,3,1,3,1,0,1,0,1,002:1,002:4,8,1,0,0.0,2,1,2,4,1,1,0.0,1,4,0,1,0.0,26.0,53.5,1,True,False
Combined,Set2,Draw1,2,3,4,2,0.0,2,1.0,True,False,False,False,False,False,False,2,1,2,1,0,1,0,0,025:1,052:2,8,2,1,0.0,0,1,2,0,0,0,0.0,0,2,0,1,0.0,17.0,53.5,1,True,False
Combined,Set2,Draw1,3,3,4,4,0.0,5,1.0,True,False,False,False,False,False,False,2,1,2,1,0,3,0,0,0255:1;255:1;025:1,552:2;5520:1;520:1,8,5,3,0.0,0,1,2,0,0,0,0.0,1,2,0,1,0.0,23.0,53.5,1,True,False
Combined,Set2,Draw1,3,1,2,2,0.0,5,1.0,False,False,False,False,False,False,False,2,1,2,1,0,1,0,0,055:1,550:1,4,5,1,0.0,0,1,0,0,0,0,0.0,1,2,0,0,0.0,14.0,34.5,1,False,False
Combined,Set2,Draw1,4,3,4,4,0.0,5,1.0,True,False,False,False,False,False,False,2,1,2,1,0,4,0,0,255:1;02255:1;0255:1,552:2;55220:1;2550:1,8,5,3,0.0,0,1,2,0,0,0,0.0,1,2,0,1,0.0,23.0,53.5,1,True,False
Combined,Set2,Draw1,4,10,4,2,0.0,4,1.0,True,False,False,False,False,False,True,2,1,2,1,3,3,0,0,2255:1;225:1;022:1,5522:2;522:2;220:1,8,4,1,0.0,0,1,2,0,0,0,0.5,1,2,0,0,0.0,19.5,36.0,1,False,False
Combined,Set2,Draw1,4,1,2,2,0.0,5,1.0,False,False,False,False,False,False,False,2,1,2,1,0,1,0,0,055:1,550:1,4,5,1,0.0,0,1,0,0,0,0,0.0,1,2,0,1,0.0,15.0,34.5,1,True,False
Combined,Set2,Draw1,5,3,3,2,0.0,5,0.0,True,False,False,False,False,False,False,2,1,2,1,0,0,0,0,255:1;0255:1;02255:1,255:2;2550:1;55220:1,6,5,1,0.0,0,0,2,0,0,0,0.0,1,2,0,1,0.0,18.0,53.5,1,True,False
Combined,Set2,Draw1,5,10,3,2,0.0,4,0.0,True,False,False,False,False,False,True,2,1,2,1,3,0,0,0,2255:1;225:1;022:1,2255:2;225:2;220:1,6,4,1,0.0,0,0,2,0,0,0,0.5,1,2,0,1,0.0,17.5,36.0,1,True,False
Combined,Set2,Draw1,5,27,2,1,0.0,3,0.0,True,False,False,False,False,False,True,3,1,3,1,1,0,0,0,223:1,322:2,4,3,0,0.0,0,0,2,0,0,0,0.5,1,4,1,1,0.0,16.5,59.5,2,True,False
Combined,Set2,Draw1,5,11,4,4,0.0,2,0.0,False,False,False,False,False,False,False,2,1,2,1,0,0,0,0,022355:1;02235:1;02355:1,552203:1;52203:1;25503:1,8,2,3,0.0,0,0,0,0,0,0,0.0,0,2,0,0,0.0,15.0,30.5,1,False,False
Combined,Set2,Draw1,5,1,2,2,0.0,5,0.0,False,False,False,False,False,False,False,2,1,2,1,0,0,0,0,055:1,550:1,4,5,1,0.0,0,0,0,0,0,0,0.0,1,2,0,1,0.0,14.0,34.5,1,True,False
Combined,Set2,Draw1,5,4,2,2,0.0,3,0.0,False,False,False,False,False,False,False,1,1,1,1,0,0,0,0,0355:1;355:1;035:1,5503:1;553:1;503:1,4,3,1,0.0,0,0,0,0,0,0,0.0,1,0,1,0,0.0,10.0,52.5,2,False,False
Combined,Set2,Draw1,6,13,4,1,0.0,2,0.0,True,True,False,False,False,False,False,2,1,2,1,0,0,0,0,033:1;3355:1;335:1,033:3;5533:1;533:1,8,2,0,0.0,0,0,2,4,0,0,0.0,1,2,4,0,0.0,23.0,46.5,3,False,False
Combined,Set2,Draw1,6,3,4,2,0.0,5,0.0,True,False,False,False,False,False,False,2,1,2,1,0,0,0,0,255:1;0255:1;02255:1,255:2;2550:1;55220:1,8,5,1,0.0,0,0,2,0,0,0,0.0,1,2,1,1,0.0,21.0,53.5,2,True,False
Combined,Set2,Draw1,6,10,4,2,0.0,4,0.0,True,False,False,False,False,False,True,2,1,2,1,4,0,0,0,2255:1;225:1;077:1,2255:2;225:2;770:2,8,4,1,0.0,0,0,2,0,0,0,0.5,1,2,1,1,0.0,20.5,36.0,2,True,False
Combined,Set2,Draw1,6,27,4,1,0.0,3,0.0,True,False,False,False,False,False,True,3,1,3,1,3,0,0,0,223:1;2233:1;377:1,322:2;3322:2;377:2,8,3,0,0.0,0,0,2,0,0,0,0.5,1,4,1,1,0.0,20.5,59.5,2,True,False
Combined,Set2,Draw1,6,29,4,1,0.0,2,0.0,True,False,False,False,False,False,True,3,1,3,1,3,0,0,0,233:1;337:1;3377:1,332:2;337:2;3377:2,8,2,0,0.0,0,0,2,0,0,0,0.5,1,4,1,1,0.0,19.5,38.5,2,True,False
Combined,Set2,Draw1,6,11,4,4,0.0,2,0.0,True,False,False,False,False,False,False,2,1,2,1,0,0,0,0,02233557:1;0223355:1;03377:1,03377:2;0337:2;55220337:1,8,2,3,0.0,0,0,2,0,0,0,0.0,0,2,1,0,0.0,18.0,30.5,2,False,False
Combined,Set2,Draw1,6,1,2,2,0.0,5,0.0,False,False,False,False,False,False,False,2,1,2,1,0,0,0,0,055:1,550:1,4,5,1,0.0,0,0,0,0,0,0,0.0,1,2,0,1,0.0,14.0,34.5,1,True,False
Combined,Set2,Draw1,6,4,2,2,0.0,3,0.0,False,False,False,False,False,False,False,1,1,1,1,0,0,0,0,0355:1;03355:1;355:1,5503:1;55033:1;553:1,4,3,1,0.0,0,0,0,0,0,0,0.0,1,0,4,1,0.0,14.0,52.5,3,True,False
Combined,Set2,Draw1,7,28,4,1,0.0,1,0.0,True,True,False,False,False,False,True,3,1,3,1,2,0,0,0,224:1;477:1,224:3;477:1,8,1,0,0.0,0,0,2,4,0,0,0.5,1,4,1,1,0.0,22.5,99.0,2,True,False
Combined,Set2,Draw1,7,10,4,2,0.0,4,0.0,True,False,False,False,False,False,True,2,1,2,1,3,0,0,0,077:1;2255:1;225:1,770:2;5522:1;522:1,8,4,1,0.0,0,0,2,0,0,0,0.5,1,2,1,1,0.0,20.5,36.0,2,True,False
Combined,Set2,Draw1,7,3,3,2,0.0,5,0.0,False,False,False,False,False,False,False,2,1,2,1,0,0,0,0,255:1;0255:1;02255:1,552:1;2550:1;22550:1,6,5,1,0.0,0,0,0,0,0,0,0.0,1,2,4,1,0.0,20.0,53.5,3,True,False
Combined,Set2,Draw1,7,20,4,2,0.0,1,0.0,False,False,False,False,False,False,True,3,1,3,1,3,0,0,0,177:1;677:1;226:1,771:1;677:1;622:1,8,1,1,0.0,0,0,0,0,0,0,0.5,1,4,0,1,0.0,16.5,57.0,1,True,False
Combined,Set2,Draw1,7,23,3,2,0.0,1,0.0,True,False,False,False,False,False,True,2,1,2,1,2,0,0,0,336:1;133:1,336:2;133:2,6,1,1,0.0,0,0,2,0,0,0,0.5,1,2,1,1,0.0,15.5,32.0,2,True,False
Combined,Set2,Draw1,7,1,2,2,0.0,5,0.0,False,False,False,False,False,False,False,2,1,2,1,0,0,0,0,055:1,550:1,4,5,1,0.0,0,0,0,0,0,0,0.0,1,2,1,1,0.0,15.0,34.5,2,True,False
Combined,Set2,Draw1,7,29,1,1,0.0,2,0.0,False,False,False,False,False,False,True,3,1,3,1,1,0,0,0,233:1,332:1,2,2,0,0.0,0,0,0,0,0,0,0.5,1,4,4,1,0.0,14.5,38.5,3,True,False
Combined,Set2,Draw1,7,30,2,1,0.0,1,0.0,False,False,False,False,False,False,False,3,1,3,1,0,0,0,0,33477:1;22334:1;3347:1,33477:1;33224:1;3347:1,4,1,0,0.0,0,0,0,0,0,0,0.0,0,4,4,1,0.0,14.0,52.0,3,True,False
Combined,Set2,Draw1,7,33,1,1,0.0,1,0.0,False,False,False,False,False,False,True,3,1,3,1,1,0,0,0,334:1,334:1,2,1,0,0.0,0,0,0,0,0,0,0.5,1,4,4,1,0.0,13.5,48.5,3,True,False
Combined,Set2,Draw1,7,12,2,2,0.0,1,0.0,False,False,False,False,False,False,False,2,1,2,1,0,0,0,0,22455:1;022455:1;2245:1,55224:1;552240:1;5224:1,4,1,1,0.0,0,0,0,0,0,0,0.0,0,2,4,1,0.0,13.0,74.5,3,True,False
Combined,Set2,Draw1,7,27,1,1,0.0,3,0.0,False,False,False,False,False,False,True,3,1,3,1,2,0,0,0,223:1;2233:1,322:1;3322:1,2,3,0,0.0,0,0,0,0,0,0,0.5,1,4,1,1,0.0,12.5,59.5,2,True,False
Combined,Set2,Draw1,7,8,3,1,0.0,1,0.0,True,False,False,False,False,False,False,2,1,2,1,0,0,0,0,01336:1;013:1;0133:1,01336:2;013:2;0133:2,6,1,0,0.0,0,0,2,0,0,0,0.0,0,2,1,0,0.0,12.0,40.0,2,False,False
Combined,Set2,Draw1,7,21,2,1,0.0,1,0.0,False,False,False,False,False,False,True,3,1,3,1,12,0,0,0,133677:1;122336:1;13367:1,133677:1;133622:1;13367:1,4,1,0,0.0,0,0,0,0,0,0,0.5,0,4,1,1,0.0,11.5,34.5,2,True,False
Combined,Set2,Draw1,7,22,2,1,0.0,1,0.0,False,False,False,False,False,False,True,3,1,3,1,2,0,0,0,1477:1;2246:1,4771:1;6224:1,4,1,0,0.0,0,0,0,0,0,0,0.5,0,4,1,1,0.0,11.5,51.5,2,True,False
Combined,Set2,Draw1,7,7,3,2,0.0,1,0.0,False,False,False,False,False,False,True,2,1,2,1,9,0,0,0,0155677:1;022556:1;015677:1,6177055:1;225506:1;617705:1,6,1,1,0.0,0,0,0,0,0,0,0.5,0,2,1,0,0.0,11.5,32.0,2,False,False
Combined,Set2,Draw1,7,5,1,1,0.0,1,0.0,False,False,False,False,False,False,False,2,1,2,1,0,0,0,0,455:1,455:1,2,1,0,0.0,0,0,0,0,0,0,0.0,1,2,4,1,0.0,11.0,80.0,3,True,False
Combined,Set2,Draw1,7,18,2,1,0.0,1,0.0,True,False,False,False,False,False,False,2,1,2,1,0,0,0,0,1336:1,1336:2,4,1,0,0.0,0,0,2,0,0,0,0.0,0,2,0,1,0.0,10.0,53.5,1,True,False
Combined,Set2,Draw1,7,13,1,1,0.0,2,0.0,False,False,False,False,False,False,False,1,1,1,1,0,0,0,0,3355:1;335:1,5533:1;533:1,2,2,0,0.0,0,0,0,0,0,0,0.0,1,0,4,1,0.0,10.0,46.5,3,True,False
Combined,Set2,Draw1,7,11,1,1,0.0,2,0.0,False,False,False,False,False,False,False,1,1,1,1,0,0,0,0,02335577:1;02233557:1;0335577:1,77055332:1;70553322:1;7705533:1,2,2,0,0.0,0,0,0,0,0,0,0.0,0,0,4,1,0.0,9.0,30.5,3,True,False
Combined,Set2,Draw1,7,4,1,1,0.0,3,0.0,False,False,False,False,False,False,False,1,1,1,1,0,0,0,0,0355:1;03355:1;355:1,0553:1;05533:1;553:1,2,3,0,0.0,0,0,0,0,0,0,0.0,1,0,1,1,0.0,8.0,52.5,2,True,False
Combined,Set2,Draw1,7,24,1,1,0.0,1,0.0,False,False,False,False,False,False,True,2,1,2,1,1,0,0,0,3346:1,6334:1,2,1,0,0.0,0,0,0,0,0,0,0.5,0,2,1,1,0.0,7.5,52.5,2,True,False
Combined,Set2,Draw1,7,17,1,1,0.0,1,0.0,False,False,False,False,False,False,False,2,1,2,1,0,0,0,0,1677:1;167:1,6177:1;617:1,2,1,0,0.0,0,0,0,0,0,0,0.0,0,2,0,1,0.0,6.0,20.0,1,True,False
Combined,Set2,Draw1,7,2,1,1,0.0,1,0.0,False,False,False,False,False,False,False,2,1,2,1,0,0,0,0,056:1;0556:1,506:1;5506:1,2,1,0,0.0,0,0,0,0,0,0,0.0,0,2,1,0,0.0,6.0,38.5,2,False,False
Combined,Set2,Draw1,7,9,1,1,0.0,1,0.0,False,False,False,False,False,False,False,2,1,2,1,0,0,0,0,014:1,401:1,2,1,0,0.0,0,0,0,0,0,0,0.0,0,2,0,0,0.0,5.0,51.5,1,False,False
Combined,Set3,Draw1,1,3,4,1,0.0,2,1.0,True,True,True,True,True,True,False,3,1,3,1,0,1,0,1,002:1,002:4,8,2,0,0.0,2,1,2,4,1,1,0.0,1,4,0,1,0.0,27.0,53.5,1,True,False
Combined,Set3,Draw1,2,3,4,1,0.0,2,1.0,True,True,True,False,True,True,False,3,1,3,1,0,1,0,1,002:1,002:4,8,2,0,0.0,2,1,2,4,1,1,0.0,1,4,0,1,0.0,27.0,53.5,1,True,False
Combined,Set3,Draw1,3,10,4,1,0.0,1,1.0,True,True,True,False,True,True,True,2,1,2,1,1,1,0,1,022:1,022:4,8,1,0,0.0,2,1,2,4,1,1,0.5,1,2,0,0,0.0,23.5,36.0,1,False,False
Combined,Set3,Draw1,4,27,4,2,0.0,4,1.0,True,False,False,False,False,False,True,3,1,3,1,1,1,0,0,223:1,223:2,8,4,1,0.0,0,1,2,0,0,0,0.5,1,4,1,0,0.0,22.5,59.5,2,False,False
Combined,Set3,Draw1,5,27,4,2,0.0,4,0.0,True,False,False,False,False,False,True,3,1,3,1,7,0,0,0,223:1;2233:1;377:1,223:2;2233:2;377:2,8,4,1,0.0,0,0,2,0,0,0,0.5,1,4,1,1,0.0,22.5,59.5,2,True,False
Combined,Set3,Draw1,5,29,4,2,0.0,3,0.0,True,False,False,False,False,False,True,3,1,3,1,3,0,0,0,233:1;337:1;3377:1,233:2;337:2;3377:2,8,3,1,0.0,0,0,2,0,0,0,0.5,1,4,1,0,0.0,20.5,38.5,2,False,False
Combined,Set3,Draw1,6,28,4,1,0.0,2,0.0,True,True,False,False,False,False,True,3,1,3,1,2,0,0,0,224:1;477:1,224:3;477:1,8,2,0,0.0,0,0,2,4,0,0,0.5,1,4,1,0,0.0,22.5,99.0,2,False,False
Combined,Set3,Draw1,6,20,4,2,0.0,2,0.0,True,False,False,False,False,False,True,3,1,3,1,3,0,0,0,177:1;226:1;677:1,771:2;226:1;677:1,8,2,1,0.0,0,0,2,0,0,0,0.5,1,4,0,0,0.0,18.5,57.0,1,False,False
Combined,Set3,Draw1,6,21,4,3,0.0,1,0.0,False,False,False,False,False,False,True,3,1,3,1,23,0,0,0,133677:1;12233677:1;13367:1,133677:1;61773322:1;13367:1,8,1,2,0.0,0,0,0,0,0,0,0.5,0,4,1,0,0.0,16.5,34.5,2,False,False
Combined,Set3,Draw1,6,23,3,2,0.0,2,0.0,True,False,False,False,False,False,True,2,1,2,1,2,0,0,0,336:1;133:1,336:2;133:2,6,2,1,0.0,0,0,2,0,0,0,0.5,1,2,1,0,0.0,15.5,32.0,2,False,False
Combined,Set3,Draw1,6,29,1,1,0.0,3,0.0,False,False,False,False,False,False,True,3,1,3,1,3,0,0,0,233:1;3377:1;337:1,332:1;7733:1;733:1,2,3,0,0.0,0,0,0,0,0,0,0.5,1,4,4,1,0.0,15.5,38.5,3,True,False
Combined,Set3,Draw1,6,30,2,1,0.0,2,0.0,False,False,False,False,False,False,False,3,1,3,1,0,0,0,0,33477:1;22334:1;3347:1,33477:1;33224:1;3347:1,4,2,0,0.0,0,0,0,0,0,0,0.0,0,4,4,0,0.0,14.0,52.0,3,False,False
Combined,Set3,Draw1,6,27,1,1,0.0,4,0.0,False,False,False,False,False,False,True,3,1,3,1,7,0,0,0,223:1;2233:1;377:1,322:1;3322:1;773:1,2,4,0,0.0,0,0,0,0,0,0,0.5,1,4,1,1,0.0,13.5,59.5,2,True,False
Combined,Set3,Draw1,6,33,1,1,0.0,2,0.0,False,False,False,False,False,False,True,3,1,3,1,1,0,0,0,334:1,334:1,2,2,0,0.0,0,0,0,0,0,0,0.5,1,4,4,0,0.0,13.5,48.5,3,False,False
Combined,Set3,Draw1,6,22,3,1,0.0,2,0.0,False,False,False,False,False,False,True,3,1,3,1,4,0,0,0,1477:1;2246:1;124:1,4771:1;6224:1;241:1,6,2,0,0.0,0,0,0,0,0,0,0.5,0,4,1,0,0.0,13.5,51.5,2,False,False
Combined,Set3,Draw1,6,18,2,1,0.0,2,0.0,True,False,False,False,False,False,False,2,1,2,1,0,0,0,0,1336:1,1336:2,4,2,0,0.0,0,0,2,0,0,0,0.0,0,2,0,0,0.0,10.0,53.5,1,False,False
Combined,Set3,Draw1,6,24,2,1,0.0,2,0.0,False,False,False,False,False,False,True,2,1,2,1,4,0,0,0,13346:1;3346:1;134:1,41336:1;6334:1;413:1,4,2,0,0.0,0,0,0,0,0,0,0.5,0,2,1,0,0.0,9.5,52.5,2,False,False
Combined,Set3,Draw1,6,17,1,1,0.0,2,0.0,False,False,False,False,False,False,False,2,1,2,1,0,0,0,0,1677:1;167:1,6177:1;617:1,2,2,0,0.0,0,0,0,0,0,0,0.0,0,2,0,0,0.0,6.0,20.0,1,False,False
Combined,Set3,Draw1,7,28,4,2,0.0,2,0.0,True,True,False,False,False,False,True,3,1,3,1,5,0,0,0,224:1;477:1;229:1,224:3;477:1;922:1,8,2,1,0.0,0,0,2,4,0,0,0.5,1,4,4,1,0.0,27.5,99.0,3,True,False
Combined,Set3,Draw1,7,20,4,2,0.0,2,0.0,True,False,False,False,False,False,True,3,1,3,1,4,0,0,0,177:1;677:1;226:1,771:2;677:1;622:1,8,2,1,0.0,0,0,2,0,0,0,0.5,1,4,4,1,0.0,23.5,57.0,3,True,False
Combined,Set3,Draw1,7,33,3,1,0.0,2,0.0,True,False,False,False,False,False,True,3,1,3,1,2,0,0,0,339:1;334:1,933:2;334:1,6,2,0,0.0,0,0,2,0,0,0,0.5,1,4,4,1,0.0,20.5,48.5,3,True,False
Combined,Set3,Draw1,7,22,4,2,0.0,2,0.0,False,False,False,False,False,False,True,3,1,3,1,14,0,0,0,1477:1;2246:1;12249:1,4771:1;6224:1;92241:1,8,2,1,0.0,0,0,0,0,0,0,0.5,0,4,4,1,0.0,20.5,51.5,3,True,False
Combined,Set3,Draw1,7,23,3,2,0.0,2,0.0,True,False,False,False,False,False,True,2,1,2,1,3,0,0,0,336:1;3366:1;133:1,336:2;3366:2;133:1,6,2,1,0.0,0,0,2,0,0,0,0.5,1,2,4,1,0.0,19.5,32.0,3,True,False
Combined,Set3,Draw1,7,18,3,2,0.0,2,0.0,True,False,False,False,False,False,False,2,1,2,1,0,0,0,0,366:1;1336:1;13366:1,366:2;1336:1;13366:1,6,2,1,0.0,0,0,2,0,0,0,0.0,1,2,4,1,0.0,19.0,53.5,3,True,False
Combined,Set3,Draw1,7,24,3,2,0.0,2,0.0,False,False,False,False,False,False,True,2,1,2,1,14,0,0,0,13346:1;133466:1;334669:1,41336:1;413366:1;966334:1,6,2,1,0.0,0,0,0,0,0,0,0.5,0,2,4,1,0.0,16.5,52.5,3,True,False
Combined,Set3,Draw1,7,30,2,1,0.0,2,0.0,False,False,False,False,False,False,False,3,1,3,1,0,0,0,0,33477:1;22334:1;3347:1,33477:1;33224:1;3347:1,4,2,0,0.0,0,0,0,0,0,0,0.0,0,4,4,1,0.0,15.0,52.0,3,True,False
Combined,Set3,Draw1,7,17,3,1,0.0,2,0.0,False,False,False,False,False,False,False,2,1,2,1,0,0,0,0,1677:1;167:1;667:1,6177:1;617:1;667:1,6,2,0,0.0,0,0,0,0,0,0,0.0,1,2,1,1,0.0,13.0,20.0,2,True,False
Combined,Set3,Draw1,7,27,1,1,0.0,4,0.0,False,False,False,False,False,False,True,3,1,3,1,2,0,0,0,223:1;2233:1,322:1;3322:1,2,4,0,0.0,0,0,0,0,0,0,0.5,1,4,0,1,0.0,12.5,59.5,1,True,False
Combined,Set3,Draw1,7,29,1,1,0.0,3,0.0,False,False,False,False,False,False,True,3,1,3,1,1,0,0,0,233:1,332:1,2,3,0,0.0,0,0,0,0,0,0,0.5,1,4,1,1,0.0,12.5,38.5,2,True,False
Combined,Set3,Draw1,7,21,2,1,0.0,1,0.0,False,False,False,False,False,False,True,1,1,1,1,10,0,0,0,1336677:1;133667:1;336677:1,1336677:1;133667:1;336677:1,4,1,0,0.0,0,0,0,0,0,0,0.5,0,0,4,1,0.0,10.5,34.5,3,True,False
Combined,Set3,Draw1,7,16,1,1,0.0,1,0.0,False,False,False,False,False,False,False,1,1,1,1,0,0,0,0,166:1,661:1,2,1,0,0.0,0,0,0,0,0,0,0.0,1,0,0,0,0.0,4.0,9.0,1,False,False
Combined,Set3,Draw1,7,19,1,1,0.0,1,0.0,False,False,False,False,False,False,False,1,1,1,1,0,0,0,0,669:1,966:1,2,1,0,0.0,0,0,0,0,0,0,0.0,1,0,0,0,0.0,4.0,58.5,1,False,False
Evening,Set1,Draw1,1,28,4,2,0.0,7,1.0,True,True,True,True,True,True,True,1,7,1,7,3,0,3,1,224:1;2247:1;247:1,224:4;2247:2;247:2,8,7,1,0.0,2,1,2,4,1,1,0.5,1,6,0,0,0.0,34.5,99.0,1,False,False
Evening,Set1,Draw1,1,26,2,1,0.0,1,1.0,True,False,False,False,False,True,False,1,3,1,3,0,0,1,0,227:1,722:2,4,1,0,0.0,0,1,2,0,0,1,0.0,1,2,0,0,0.0,12.0,33.5,1,False,False
Evening,Set1,Draw1,2,28,3,1,0.0,7,1.0,True,True,False,False,False,True,True,1,7,1,7,1,0,1,0,224:1,224:3,6,7,0,0.0,0,1,2,4,0,1,0.5,1,6,0,0,0.0,28.5,99.0,1,False,False
Evening,Set1,Draw1,2,30,4,3,0.0,6,1.0,True,False,False,False,False,False,False,3,6,3,6,0,0,5,0,2234:1;22347:1;347:1,3224:2;73224:2;437:1,8,6,2,0.0,0,1,2,0,0,0,0.0,0,9,0,0,0.0,28.0,52.0,1,False,False
Evening,Set1,Draw1,2,27,3,2,0.0,6,1.0,True,False,False,False,False,True,False,2,6,2,6,0,0,3,0,223:1;237:1;2237:1,322:2;732:2;7322:2,6,6,1,0.0,0,1,2,0,0,1,0.0,1,7,0,1,0.0,26.0,59.5,1,True,False
Evening,Set1,Draw1,3,28,3,1,0.0,7,1.0,True,True,False,False,False,True,True,1,7,1,7,1,0,1,0,224:1,224:3,6,7,0,0.0,0,1,2,4,0,1,0.5,1,6,0,0,0.0,28.5,99.0,1,False,False
Evening,Set1,Draw1,3,30,3,1,0.0,6,1.0,True,False,False,False,False,True,False,3,6,3,6,0,0,2,0,2234:1;347:1,3224:2;347:1,6,6,0,0.0,0,1,2,0,0,1,0.0,0,9,0,0,0.0,25.0,52.0,1,False,False
Evening,Set1,Draw1,3,27,2,1,0.0,6,1.0,True,False,False,False,False,True,False,1,6,1,6,0,0,1,0,223:1,322:2,4,6,0,0.0,0,1,2,0,0,1,0.0,1,5,0,1,0.0,21.0,59.5,1,True,False
Evening,Set1,Draw1,3,11,4,2,0.0,4,1.0,True,False,False,False,False,True,False,2,2,2,2,0,0,5,0,037:1;02237:1;0223:1,703:2;70322:2;0322:2,8,4,1,0.0,0,1,2,0,0,1,0.0,0,3,0,0,0.0,20.0,30.5,1,False,False
Evening,Set1,Draw1,3,14,2,2,0.0,4,1.0,False,False,False,False,False,False,False,2,5,2,5,0,0,1,0,034:1,403:1,4,4,1,0.0,0,1,0,0,0,0,0.0,0,6,1,0,0.0,17.0,40.5,2,False,False
Evening,Set1,Draw1,3,12,1,1,0.0,2,1.0,False,False,False,False,False,True,False,2,6,2,6,0,0,2,0,024:1;0224:1,240:1;2240:1,2,2,0,0.0,0,1,0,0,0,1,0.0,0,7,1,0,0.0,14.0,74.5,2,False,False
Evening,Set1,Draw1,3,10,1,1,0.0,4,1.0,False,False,False,False,False,True,False,1,1,1,1,0,0,1,0,022:1,220:1,2,4,0,0.0,0,1,0,0,0,1,0.0,1,0,0,0,0.0,9.0,36.0,1,False,False
Evening,Set1,Draw1,4,28,4,1,0.0,7,1.0,True,True,False,False,False,False,True,3,7,3,7,2,2,0,0,224:1;477:1,224:3;477:1,8,7,0,0.0,0,1,2,4,0,0,0.5,1,10,0,1,0.0,34.5,99.0,1,True,False
Evening,Set1,Draw1,4,13,4,1,0.0,4,1.0,True,True,True,False,True,False,False,2,4,2,4,0,1,0,1,033:1,033:4,8,4,0,0.0,2,1,2,4,1,0,0.0,1,5,1,0,0.0,29.0,46.5,2,False,False
Evening,Set1,Draw1,4,27,3,1,0.0,6,1.0,True,False,False,False,False,False,False,3,6,3,6,0,3,0,0,223:1;2233:1;377:1,322:2;3322:2;377:1,6,6,0,0.0,0,1,2,0,0,0,0.0,1,9,0,1,0.0,26.0,59.5,1,True,False
Evening,Set1,Draw1,4,30,3,1,0.0,6,1.0,True,False,False,False,False,False,False,3,6,3,6,0,6,0,0,2234:1;22334:1;347:1,3224:2;33224:2;347:1,6,6,0,0.0,0,1,2,0,0,0,0.0,0,9,0,1,0.0,25.0,52.0,1,True,False
Evening,Set1,Draw1,4,29,3,1,0.0,4,1.0,True,False,False,False,False,False,False,3,4,3,4,0,3,0,0,233:1;337:1;3377:1,332:2;337:1;3377:1,6,4,0,0.0,0,1,2,0,0,0,0.0,1,7,0,1,0.0,22.0,38.5,1,True,False
Evening,Set1,Draw1,4,10,3,1,0.0,4,1.0,True,False,False,False,False,False,False,2,4,2,4,0,2,0,0,077:1;022:1,770:2;220:1,6,4,0,0.0,0,1,2,0,0,0,0.0,1,5,0,0,0.0,19.0,36.0,1,False,False
Evening,Set1,Draw1,4,11,4,2,0.0,4,1.0,True,False,False,False,False,False,False,2,2,2,2,0,12,0,0,0223377:1;03377:1;023377:1,7703322:2;77033:2;770332:2,8,4,1,0.0,0,1,2,0,0,0,0.0,0,3,0,0,0.0,19.0,30.5,1,False,False
Evening,Set1,Draw1,4,33,1,1,0.0,4,1.0,False,False,False,False,False,False,False,3,4,3,4,0,1,0,0,334:1,334:1,2,4,0,0.0,0,1,0,0,0,0,0.0,1,7,1,1,0.0,17.0,48.5,2,True,False
Evening,Set1,Draw1,4,14,2,2,0.0,4,1.0,False,False,False,False,False,False,False,2,5,2,5,0,2,0,0,034:1;0334:1,403:1;4033:1,4,4,1,0.0,0,1,0,0,0,0,0.0,0,6,1,0,0.0,17.0,40.5,2,False,False
Evening,Set1,Draw1,4,12,1,1,0.0,2,1.0,False,False,False,False,False,False,False,2,6,2,6,0,2,0,0,024:1;0224:1,240:1;2240:1,2,2,0,0.0,0,1,0,0,0,0,0.0,0,7,1,0,0.0,13.0,74.5,2,False,False
Evening,Set1,Draw1,5,28,4,1,0.0,7,1.0,True,True,False,False,False,False,True,3,7,3,7,3,3,0,0,224:1;2244:1;477:1,224:3;2244:3;477:1,8,7,0,0.0,0,1,2,4,0,0,0.5,1,10,1,1,0.0,35.5,99.0,2,True,False
Evening,Set1,Draw1,5,13,4,1,0.0,4,1.0,True,True,True,False,True,False,False,2,4,2,4,0,1,0,1,033:1,033:4,8,4,0,0.0,2,1,2,4,1,0,0.0,1,5,1,0,0.0,29.0,46.5,2,False,False
Evening,Set1,Draw1,5,27,3,1,0.0,6,1.0,True,False,False,False,False,False,False,3,6,3,6,0,3,0,0,223:1;2233:1;377:1,322:2;3322:2;377:1,6,6,0,0.0,0,1,2,0,0,0,0.0,1,9,0,1,0.0,26.0,59.5,1,True,False
Evening,Set1,Draw1,5,29,3,1,0.0,4,1.0,True,False,False,False,False,False,False,3,4,3,4,0,3,0,0,233:1;337:1;3377:1,332:2;337:1;3377:1,6,4,0,0.0,0,1,2,0,0,0,0.0,1,7,0,1,0.0,22.0,38.5,1,True,False
Evening,Set1,Draw1,5,31,4,1,0.0,3,1.0,True,True,False,False,False,False,True,1,3,1,3,3,3,0,0,244:1;447:1;4477:1,244:3;447:1;4477:1,8,3,0,0.0,0,1,2,4,0,0,0.5,1,2,0,0,0.0,21.5,57.5,1,False,False
Evening,Set1,Draw1,5,30,3,1,0.0,6,1.0,True,False,False,False,False,False,False,1,6,1,6,0,8,0,0,2234:1;22334:1;223344:1,3224:2;33224:2;332244:2,6,6,0,0.0,0,1,2,0,0,0,0.0,0,5,0,1,0.0,21.0,52.0,1,True,False
Evening,Set1,Draw1,5,10,3,1,0.0,4,1.0,True,False,False,False,False,False,False,2,4,2,4,0,2,0,0,077:1;022:1,770:2;220:1,6,4,0,0.0,0,1,2,0,0,0,0.0,1,5,1,0,0.0,20.0,36.0,2,False,False
Evening,Set1,Draw1,5,11,4,2,0.0,4,1.0,True,False,False,False,False,False,False,2,2,2,2,0,12,0,0,0223377:1;03377:1;023377:1,7703322:2;77033:2;770332:2,8,4,1,0.0,0,1,2,0,0,0,0.0,0,3,0,0,0.0,19.0,30.5,1,False,False
Evening,Set1,Draw1,5,33,1,1,0.0,4,1.0,False,False,False,False,False,False,False,3,4,3,4,0,2,0,0,334:1;3344:1,334:1;3344:1,2,4,0,0.0,0,1,0,0,0,0,0.0,1,7,1,1,0.0,17.0,48.5,2,True,False
Evening,Set1,Draw1,5,14,2,2,0.0,4,1.0,False,False,False,False,False,False,False,2,5,2,5,0,4,0,0,034:1;0334:1;03344:1,403:1;4033:1;44033:1,4,4,1,0.0,0,1,0,0,0,0,0.0,0,6,1,0,0.0,17.0,40.5,2,False,False
Evening,Set1,Draw1,5,12,1,1,0.0,3,1.0,False,False,False,False,False,False,False,1,3,1,3,0,2,0,0,02244:1;0244:1,22440:1;2440:1,2,3,0,0.0,0,1,0,0,0,0,0.0,0,2,1,0,0.0,9.0,74.5,2,False,False
Evening,Set1,Draw1,5,15,1,1,0.0,3,1.0,False,False,False,False,False,False,False,1,3,1,3,0,1,0,0,044:1,440:1,2,3,0,0.0,0,1,0,0,0,0,0.0,1,2,0,0,0.0,9.0,43.5,1,False,False
Evening,Set1,Draw1,5,34,1,1,0.0,3,1.0,False,False,False,False,False,False,False,1,3,1,3,0,1,0,0,344:1,344:1,2,3,0,0.0,0,1,0,0,0,0,0.0,1,2,0,0,0.0,9.0,39.0,1,False,False
Evening,Set1,Draw1,6,28,4,1,0.0,7,0.0,True,True,False,False,False,False,True,3,7,3,7,3,0,0,0,224:1;2244:1;477:1,224:3;2244:3;477:1,8,7,0,0.0,0,0,2,4,0,0,0.5,1,10,1,1,0.0,34.5,99.0,2,True,False
Evening,Set1,Draw1,6,27,3,1,0.0,6,0.0,True,False,False,False,False,False,False,3,6,3,6,0,0,0,0,223:1;778:1;2233:1,322:2;877:2;3322:2,6,6,0,0.0,0,0,2,0,0,0,0.0,1,9,1,1,0.0,26.0,59.5,2,True,False
Evening,Set1,Draw1,6,13,4,2,0.0,4,0.0,True,False,False,False,False,False,False,2,4,2,4,0,0,0,0,033:1;0338:1;038:1,033:2;0833:2;083:2,8,4,1,0.0,0,0,2,0,0,0,0.0,1,5,1,1,0.0,23.0,46.5,2,True,False
Evening,Set1,Draw1,6,30,3,1,0.0,6,0.0,True,False,False,False,False,False,False,1,6,1,6,0,0,0,0,2234:1;22334:1;223344:1,3224:2;33224:2;332244:2,6,6,0,0.0,0,0,2,0,0,0,0.0,0,5,1,1,0.0,21.0,52.0,2,True,False
Evening,Set1,Draw1,6,29,3,1,0.0,4,0.0,True,False,False,False,False,False,False,3,4,3,4,0,0,0,0,233:1;33778:1;3378:1,332:2;33877:1;3387:1,6,4,0,0.0,0,0,2,0,0,0,0.0,1,7,0,1,0.0,21.0,38.5,1,True,False
Evening,Set1,Draw1,6,31,4,1,0.0,3,0.0,True,True,False,False,False,False,True,1,3,1,3,3,0,0,0,244:1;447:1;4477:1,244:3;447:1;4477:1,8,3,0,0.0,0,0,2,4,0,0,0.5,1,2,0,0,0.0,20.5,57.5,1,False,False
Evening,Set1,Draw1,6,10,3,1,0.0,4,0.0,True,False,False,False,False,False,False,2,4,2,4,0,0,0,0,077:1;022:1,770:2;220:1,6,4,0,0.0,0,0,2,0,0,0,0.0,1,5,1,1,0.0,20.0,36.0,2,True,False
Evening,Set1,Draw1,6,14,2,2,0.0,4,0.0,False,False,False,False,False,False,False,2,5,2,5,0,0,0,0,034:1;0334:1;03348:1,403:1;4033:1;40338:1,4,4,1,0.0,0,0,0,0,0,0,0.0,0,6,4,1,0.0,20.0,40.5,3,True,False
Evening,Set1,Draw1,6,32,3,2,0.0,2,0.0,True,False,False,False,False,False,False,3,2,3,2,0,0,0,0,338:1,833:2,6,2,1,0.0,0,0,2,0,0,0,0.0,1,5,1,1,0.0,19.0,32.0,2,True,False
Evening,Set1,Draw1,6,11,4,3,0.0,4,0.0,False,False,False,False,False,False,False,2,2,2,2,0,0,0,0,033778:1;0233778:1;03378:1,033877:1;8770332:1;03387:1,8,4,2,0.0,0,0,0,0,0,0,0.0,0,3,0,1,0.0,18.0,30.5,1,True,False
Evening,Set1,Draw1,6,33,1,1,0.0,4,0.0,False,False,False,False,False,False,False,3,4,3,4,0,0,0,0,334:1;3348:1;33448:1,334:1;8334:1;83344:1,2,4,0,0.0,0,0,0,0,0,0,0.0,1,7,1,1,0.0,16.0,48.5,2,True,False
Evening,Set1,Draw1,6,12,1,1,0.0,3,0.0,False,False,False,False,False,False,False,1,3,1,3,0,0,0,0,02244:1;0244:1,22440:1;2440:1,2,3,0,0.0,0,0,0,0,0,0,0.0,0,2,1,1,0.0,9.0,74.5,2,True,False
Evening,Set1,Draw1,6,15,1,1,0.0,3,0.0,False,False,False,False,False,False,False,1,3,1,3,0,0,0,0,044:1,440:1,2,3,0,0.0,0,0,0,0,0,0,0.0,1,2,1,0,0.0,9.0,43.5,2,False,False
Evening,Set1,Draw1,6,34,1,1,0.0,3,0.0,False,False,False,False,False,False,False,1,3,1,3,0,0,0,0,344:1,344:1,2,3,0,0.0,0,0,0,0,0,0,0.0,1,2,1,0,0.0,9.0,39.0,2,False,False
Evening,Set1,Draw1,7,28,4,1,0.0,7,0.0,True,True,False,False,False,False,True,3,7,3,7,3,0,0,0,224:1;2244:1;477:1,224:3;2244:3;477:1,8,7,0,0.0,0,0,2,4,0,0,0.5,1,10,1,1,0.0,34.5,99.0,2,True,False
Evening,Set1,Draw1,7,13,4,2,0.0,4,0.0,True,False,False,False,False,False,False,3,4,3,4,0,0,0,0,0338:1;033:1;00338:1,0833:2;00833:2;083:2,8,4,1,0.0,0,0,2,0,0,0,0.0,1,7,4,1,0.0,28.0,46.5,3,True,False
Evening,Set1,Draw1,7,27,3,1,0.0,6,0.0,True,False,False,False,False,False,False,3,6,3,6,0,0,0,0,223:1;778:1;2233:1,322:2;877:2;3322:2,6,6,0,0.0,0,0,2,0,0,0,0.0,1,9,1,1,0.0,26.0,59.5,2,True,False
Evening,Set1,Draw1,7,29,3,1,0.0,4,0.0,True,False,False,False,False,False,False,3,4,3,4,0,0,0,0,233:1;33778:1;3378:1,332:2;33877:1;3387:1,6,4,0,0.0,0,0,2,0,0,0,0.0,1,7,4,1,0.0,25.0,38.5,3,True,False
Evening,Set1,Draw1,7,30,3,1,0.0,6,0.0,True,False,False,False,False,False,False,1,6,1,6,0,0,0,0,2234:1;22334:1;223344:1,3224:2;33224:2;332244:2,6,6,0,0.0,0,0,2,0,0,0,0.0,0,5,4,1,0.0,24.0,52.0,3,True,False
Evening,Set1,Draw1,7,10,4,2,0.0,4,0.0,True,False,False,False,False,False,False,2,4,2,4,0,0,0,0,077:1;225:1,770:2;522:1,8,4,1,0.0,0,0,2,0,0,0,0.0,1,5,1,1,0.0,23.0,36.0,2,True,False
Evening,Set1,Draw1,7,31,4,1,0.0,3,0.0,True,True,False,False,False,False,True,1,3,1,3,3,0,0,0,244:1;447:1;4477:1,244:3;447:1;4477:1,8,3,0,0.0,0,0,2,4,0,0,0.5,1,2,1,1,0.0,22.5,57.5,2,True,False
Evening,Set1,Draw1,7,32,3,2,0.0,2,0.0,True,False,False,False,False,False,False,3,2,3,2,0,0,0,0,338:1,833:2,6,2,1,0.0,0,0,2,0,0,0,0.0,1,5,1,1,0.0,19.0,32.0,2,True,False
Evening,Set1,Draw1,7,33,1,1,0.0,4,0.0,False,False,False,False,False,False,False,3,4,3,4,0,0,0,0,334:1;3348:1;33448:1,334:1;8334:1;83344:1,2,4,0,0.0,0,0,0,0,0,0,0.0,1,7,4,1,0.0,19.0,48.5,3,True,False
Evening,Set1,Draw1,7,4,4,1,0.0,1,0.0,True,False,False,False,False,False,False,2,1,2,1,0,0,0,0,0038:1;008:1;003358:1,0083:2;008:2;500833:1,8,1,0,0.0,0,0,2,0,0,0,0.0,1,2,4,0,0.0,18.0,52.5,3,False,False
Evening,Set1,Draw1,7,3,3,1,0.0,1,0.0,True,False,False,False,False,False,False,2,1,2,1,0,0,0,0,0077:1;007:1;00225:1,7700:2;700:2;22500:1,6,1,0,0.0,0,0,2,0,0,0,0.0,1,2,4,1,0.0,17.0,53.5,3,True,False
Evening,Set1,Draw1,7,11,4,2,0.0,2,0.0,False,False,False,False,False,False,False,2,2,2,2,0,0,0,0,033778:1;0033778:1;03378:1,033877:1;0033877:1;03387:1,8,2,1,0.0,0,0,0,0,0,0,0.0,0,3,1,1,0.0,16.0,30.5,2,True,False
Evening,Set1,Draw1,7,14,2,2,0.0,2,0.0,False,False,False,False,False,False,False,2,2,2,2,0,0,0,0,03348:1;0033448:1;00334458:1,08334:1;4400338:1;50083344:1,4,2,1,0.0,0,0,0,0,0,0,0.0,0,3,4,1,0.0,15.0,40.5,3,True,False
Evening,Set1,Draw1,7,12,2,2,0.0,3,0.0,False,False,False,False,False,False,False,1,3,1,3,0,0,0,0,02244:1;0022445:1;0244:1,22440:1;5224400:1;2440:1,4,3,1,0.0,0,0,0,0,0,0,0.0,0,2,4,1,0.0,15.0,74.5,3,True,False
Evening,Set1,Draw1,7,15,2,1,0.0,3,0.0,False,False,False,False,False,False,False,1,3,1,3,0,0,0,0,044:1;445:1,440:1;445:1,4,3,0,0.0,0,0,0,0,0,0,0.0,1,2,1,0,0.0,11.0,43.5,2,False,False
Evening,Set1,Draw1,7,34,1,1,0.0,3,0.0,False,False,False,False,False,False,False,1,3,1,3,0,0,0,0,344:1,344:1,2,3,0,0.0,0,0,0,0,0,0,0.0,1,2,1,0,0.0,9.0,39.0,2,False,False
Evening,Set1,Draw1,7,1,2,2,0.0,1,0.0,False,False,False,False,False,False,False,1,1,1,1,0,0,0,0,005:1,500:1,4,1,1,0.0,0,0,0,0,0,0,0.0,1,0,1,1,0.0,9.0,34.5,2,True,False
Evening,Set1,Draw1,7,5,1,1,0.0,1,0.0,False,False,False,False,False,False,False,1,1,1,1,0,0,0,0,0044:1;004:1,4400:1;400:1,2,1,0,0.0,0,0,0,0,0,0,0.0,1,0,4,1,0.0,9.0,80.0,3,True,False
Evening,Set1,Draw2,1,28,4,2,0.0,6,1.0,True,True,True,True,True,True,True,1,7,1,7,3,0,3,1,224:1;2247:1;247:1,224:4;2247:2;247:2,8,6,1,0.0,2,1,2,4,1,1,0.5,1,6,0,0,0.0,33.5,99.0,1,False,False
Evening,Set1,Draw2,1,26,2,1,0.0,1,1.0,True,False,False,False,False,True,False,1,3,1,3,0,0,1,0,227:1,722:2,4,1,0,0.0,0,1,2,0,0,1,0.0,1,2,0,0,0.0,12.0,33.5,1,False,False
Evening,Set1,Draw2,2,28,3,1,0.0,6,1.0,True,True,False,False,False,True,True,1,7,1,7,1,0,1,0,224:1,224:3,6,6,0,0.0,0,1,2,4,0,1,0.5,1,6,0,0,0.0,27.5,99.0,1,False,False
Evening,Set1,Draw2,2,30,4,3,0.0,5,1.0,True,False,False,False,False,False,False,3,6,3,6,0,0,5,0,2234:1;22347:1;347:1,3224:2;73224:2;437:1,8,5,2,0.0,0,1,2,0,0,0,0.0,0,9,0,0,0.0,27.0,52.0,1,False,False
Evening,Set1,Draw2,2,27,3,2,0.0,5,1.0,True,False,False,False,False,True,False,2,6,2,6,0,0,3,0,223:1;237:1;2237:1,322:2;732:2;7322:2,6,5,1,0.0,0,1,2,0,0,1,0.0,1,7,0,0,0.0,24.0,59.5,1,False,False
Evening,Set1,Draw2,3,28,4,2,0.0,6,1.0,True,True,False,False,False,True,True,1,7,1,7,3,3,0,0,224:1;2249:1;229:1,224:3;9224:1;922:1,8,6,1,0.0,0,1,2,4,0,1,0.5,1,6,0,0,0.0,30.5,99.0,1,False,False
Evening,Set1,Draw2,3,12,4,1,0.0,4,1.0,True,False,False,False,False,True,False,2,6,2,6,0,6,0,0,079:1;02249:1;024:1,709:2;92240:1;240:1,8,4,0,0.0,0,1,2,0,0,1,0.0,0,7,1,0,0.0,24.0,74.5,2,False,False
Evening,Set1,Draw2,3,30,3,1,0.0,5,1.0,True,False,False,False,False,True,False,3,6,3,6,0,5,0,0,2234:1;347:1;22349:1,3224:2;93224:2;9322:2,6,5,0,0.0,0,1,2,0,0,1,0.0,0,9,0,0,0.0,24.0,52.0,1,False,False
Evening,Set1,Draw2,3,14,4,2,0.0,4,1.0,True,False,False,False,False,True,False,2,5,2,5,0,3,0,0,034:1;039:1;0349:1,093:2;403:1;9034:1,8,4,1,0.0,0,1,2,0,0,1,0.0,0,6,1,0,0.0,24.0,40.5,2,False,False
Evening,Set1,Draw2,3,27,2,1,0.0,5,1.0,True,False,False,False,False,True,False,1,6,1,6,0,1,0,0,223:1,322:2,4,5,0,0.0,0,1,2,0,0,1,0.0,1,5,0,0,0.0,19.0,59.5,1,False,False
Evening,Set1,Draw2,3,11,1,1,0.0,1,1.0,False,False,False,False,False,True,False,2,2,2,2,0,1,0,0,037:1,037:1,2,1,0,0.0,0,1,0,0,0,1,0.0,0,3,0,0,0.0,8.0,30.5,1,False,False
Evening,Set1,Draw2,4,28,4,2,0.0,6,1.0,True,True,False,False,False,False,True,3,7,3,7,4,4,0,0,224:1;229:1;2249:1,224:3;922:1;9224:1,8,6,1,0.0,0,1,2,4,0,0,0.5,1,10,0,0,0.0,33.5,99.0,1,False,False
Evening,Set1,Draw2,4,27,3,1,0.0,5,1.0,True,False,False,False,False,False,False,3,6,3,6,0,3,0,0,223:1;2233:1;377:1,322:2;3322:2;377:1,6,5,0,0.0,0,1,2,0,0,0,0.0,1,9,0,0,0.0,24.0,59.5,1,False,False
Evening,Set1,Draw2,4,12,4,1,0.0,4,1.0,True,False,False,False,False,False,False,2,6,2,6,0,7,0,0,079:1;0779:1;02249:1,709:2;7709:2;92240:1,8,4,0,0.0,0,1,2,0,0,0,0.0,0,7,1,0,0.0,23.0,74.5,2,False,False
Evening,Set1,Draw2,4,30,3,1,0.0,5,1.0,True,False,False,False,False,False,False,3,6,3,6,0,9,0,0,2234:1;223349:1;347:1,3224:2;933224:2;9332:2,6,5,0,0.0,0,1,2,0,0,0,0.0,0,9,0,0,0.0,23.0,52.0,1,False,False
Evening,Set1,Draw2,4,14,4,2,0.0,4,1.0,True,False,False,False,False,False,False,2,5,2,5,0,5,0,0,034:1;0334:1;039:1,093:2;0933:2;403:1,8,4,1,0.0,0,1,2,0,0,0,0.0,0,6,1,0,0.0,23.0,40.5,2,False,False
Evening,Set1,Draw2,4,33,3,1,0.0,3,1.0,True,False,False,False,False,False,False,3,4,3,4,0,2,0,0,339:1;334:1,933:2;334:1,6,3,0,0.0,0,1,2,0,0,0,0.0,1,7,1,0,0.0,21.0,48.5,2,False,False
Evening,Set1,Draw2,4,29,3,1,0.0,3,1.0,True,False,False,False,False,False,False,3,4,3,4,0,3,0,0,233:1;337:1;3377:1,332:2;337:1;3377:1,6,3,0,0.0,0,1,2,0,0,0,0.0,1,7,0,0,0.0,20.0,38.5,1,False,False
Evening,Set1,Draw2,4,13,2,1,0.0,3,1.0,True,False,False,False,False,False,False,2,4,2,4,0,1,0,0,033:1,033:2,4,3,0,0.0,0,1,2,0,0,0,0.0,1,5,1,0,0.0,17.0,46.5,2,False,False
Evening,Set1,Draw2,4,10,2,1,0.0,3,1.0,True,False,False,False,False,False,False,2,4,2,4,0,1,0,0,077:1,770:2,4,3,0,0.0,0,1,2,0,0,0,0.0,1,5,0,0,0.0,16.0,36.0,1,False,False
Evening,Set1,Draw2,4,11,1,1,0.0,1,1.0,False,False,False,False,False,False,False,1,2,1,2,0,2,0,0,03377:1;0337:1,03377:1;0337:1,2,1,0,0.0,0,1,0,0,0,0,0.0,0,1,0,0,0.0,5.0,30.5,1,False,False
Evening,Set1,Draw2,5,28,4,2,0.0,6,0.0,True,True,False,False,False,False,True,3,7,3,7,5,0,0,0,224:1;2244:1;229:1,224:3;2244:3;922:1,8,6,1,0.0,0,0,2,4,0,0,0.5,1,10,1,0,0.0,33.5,99.0,2,False,False
Evening,Set1,Draw2,5,12,4,1,0.0,4,0.0,True,False,False,False,False,False,False,2,6,2,6,0,0,0,0,079:1;0779:1;022449:1,709:2;7709:2;922440:1,8,4,0,0.0,0,0,2,0,0,0,0.0,0,7,1,0,0.0,22.0,74.5,2,False,False
Evening,Set1,Draw2,5,33,3,1,0.0,3,0.0,True,False,False,False,False,False,False,3,4,3,4,0,0,0,0,339:1;334:1;3344:1,933:2;334:1;3344:1,6,3,0,0.0,0,0,2,0,0,0,0.0,1,7,1,0,0.0,20.0,48.5,2,False,False
Evening,Set1,Draw2,5,31,4,1,0.0,2,0.0,True,True,False,False,False,False,True,1,3,1,3,4,0,0,0,244:1;22449:1;447:1,244:3;92244:1;447:1,8,2,0,0.0,0,0,2,4,0,0,0.5,1,2,0,0,0.0,19.5,57.5,1,False,False
Evening,Set1,Draw2,5,14,3,1,0.0,4,0.0,True,False,False,False,False,False,False,2,5,2,5,0,0,0,0,034:1;0334:1;039:1,093:2;0933:2;403:1,6,4,0,0.0,0,0,2,0,0,0,0.0,0,6,1,0,0.0,19.0,40.5,2,False,False
Evening,Set1,Draw2,5,20,3,1,0.0,2,0.0,True,False,False,False,False,False,True,2,6,2,6,2,0,0,0,677:1;226:1,677:2;622:1,6,2,0,0.0,0,0,2,0,0,0,0.5,1,7,0,0,0.0,18.5,57.0,1,False,False
Evening,Set1,Draw2,5,23,3,2,0.0,2,0.0,True,False,False,False,False,False,False,2,3,2,3,0,0,0,0,336:1,336:2,6,2,1,0.0,0,0,2,0,0,0,0.0,1,4,1,0,0.0,17.0,32.0,2,False,False
Evening,Set1,Draw2,5,10,2,1,0.0,3,0.0,True,False,False,False,False,False,False,2,4,2,4,0,0,0,0,077:1,770:2,4,3,0,0.0,0,0,2,0,0,0,0.0,1,5,1,0,0.0,16.0,36.0,2,False,False
Evening,Set1,Draw2,5,30,2,1,0.0,5,0.0,False,False,False,False,False,False,False,2,6,2,6,0,0,0,0,2234:1;223349:1;2339:1,3224:1;933224:1;9332:1,4,5,0,0.0,0,0,0,0,0,0,0.0,0,7,0,0,0.0,16.0,52.0,1,False,False
Evening,Set1,Draw2,5,27,1,1,0.0,5,0.0,False,False,False,False,False,False,False,1,6,1,6,0,0,0,0,223:1;2233:1,322:1;3322:1,2,5,0,0.0,0,0,0,0,0,0,0.0,1,5,0,0,0.0,13.0,59.5,1,False,False
Evening,Set1,Draw2,5,9,1,1,0.0,2,0.0,False,False,False,False,False,False,False,1,6,1,6,0,0,0,0,069:1,906:1,2,2,0,0.0,0,0,0,0,0,0,0.0,0,5,4,0,0.0,13.0,51.5,3,False,False
Evening,Set1,Draw2,5,13,1,1,0.0,3,0.0,False,False,False,False,False,False,False,2,4,2,4,0,0,0,0,033:1,033:1,2,3,0,0.0,0,0,0,0,0,0,0.0,1,5,0,0,0.0,11.0,46.5,1,False,False
Evening,Set1,Draw2,5,29,1,1,0.0,3,0.0,False,False,False,False,False,False,False,2,4,2,4,0,0,0,0,233:1,332:1,2,3,0,0.0,0,0,0,0,0,0,0.0,1,5,0,0,0.0,11.0,38.5,1,False,False
Evening,Set1,Draw2,5,22,1,1,0.0,2,0.0,False,False,False,False,False,False,True,1,6,1,6,2,0,0,0,2246:1;22446:1,6224:1;62244:1,2,2,0,0.0,0,0,0,0,0,0,0.5,0,5,1,0,0.0,10.5,51.5,2,False,False
Evening,Set1,Draw2,5,21,2,1,0.0,2,0.0,False,False,False,False,False,False,True,1,5,1,5,8,0,0,0,2236:1;22336:1;236:1,3622:1;33622:1;362:1,4,2,0,0.0,0,0,0,0,0,0,0.5,0,4,0,0,0.0,10.5,34.5,1,False,False
Evening,Set1,Draw2,5,24,2,1,0.0,1,0.0,False,False,False,False,False,False,True,2,3,2,3,3,0,0,0,3346:1;33446:1;3369:1,6334:1;63344:1;9336:1,4,1,0,0.0,0,0,0,0,0,0,0.5,0,4,1,0,0.0,10.5,52.5,2,False,False
Evening,Set1,Draw2,5,8,2,2,0.0,1,0.0,False,False,False,False,False,False,False,1,4,1,4,0,0,0,0,0336:1;036:1,0336:1;063:1,4,1,1,0.0,0,0,0,0,0,0,0.0,0,3,1,0,0.0,10.0,40.0,2,False,False
Evening,Set1,Draw2,5,15,1,1,0.0,2,0.0,False,False,False,False,False,False,False,1,3,1,3,0,0,0,0,044:1,440:1,2,2,0,0.0,0,0,0,0,0,0,0.0,1,2,1,0,0.0,8.0,43.5,2,False,False
Evening,Set1,Draw2,5,34,1,1,0.0,2,0.0,False,False,False,False,False,False,False,1,3,1,3,0,0,0,0,344:1,344:1,2,2,0,0.0,0,0,0,0,0,0,0.0,1,2,1,0,0.0,8.0,39.0,2,False,False
Evening,Set1,Draw2,5,7,1,1,0.0,1,0.0,False,False,False,False,False,False,False,1,3,1,3,0,0,0,0,0677:1,6770:1,2,1,0,0.0,0,0,0,0,0,0,0.0,0,2,0,0,0.0,5.0,32.0,1,False,False
Evening,Set1,Draw2,6,28,4,2,0.0,6,0.0,True,True,False,False,False,False,True,3,7,3,7,5,0,0,0,224:1;2244:1;229:1,224:3;2244:3;922:1,8,6,1,0.0,0,0,2,4,0,0,0.5,1,10,1,0,0.0,33.5,99.0,2,False,False
Evening,Set1,Draw2,6,12,4,1,0.0,4,0.0,True,False,False,False,False,False,False,2,6,2,6,0,0,0,0,079:1;0779:1;022449:1,709:2;7709:2;922440:1,8,4,0,0.0,0,0,2,0,0,0,0.0,0,7,1,0,0.0,22.0,74.5,2,False,False
Evening,Set1,Draw2,6,33,3,1,0.0,3,0.0,False,False,False,False,False,False,False,3,4,3,4,0,0,0,0,334:1;3348:1;339:1,334:1;8334:1;933:1,6,3,0,0.0,0,0,0,0,0,0,0.0,1,7,4,0,0.0,21.0,48.5,3,False,False
Evening,Set1,Draw2,6,14,3,1,0.0,4,0.0,False,False,False,False,False,False,False,2,5,2,5,0,0,0,0,034:1;0334:1;03348:1,403:1;4033:1;40338:1,6,4,0,0.0,0,0,0,0,0,0,0.0,0,6,4,0,0.0,20.0,40.5,3,False,False
Evening,Set1,Draw2,6,31,4,1,0.0,2,0.0,True,True,False,False,False,False,True,1,3,1,3,4,0,0,0,244:1;22449:1;447:1,244:3;92244:1;447:1,8,2,0,0.0,0,0,2,4,0,0,0.5,1,2,0,0,0.0,19.5,57.5,1,False,False
Evening,Set1,Draw2,6,23,3,3,0.0,2,0.0,False,False,False,False,False,False,False,2,3,2,3,0,0,0,0,3368:1;336:1;368:1,3386:1;336:1;386:1,6,2,2,0.0,0,0,0,0,0,0,0.0,1,4,4,0,0.0,19.0,32.0,3,False,False
Evening,Set1,Draw2,6,27,1,1,0.0,5,0.0,False,False,False,False,False,False,False,3,6,3,6,0,0,0,0,223:1;778:1;2233:1,322:1;877:1;3322:1,2,5,0,0.0,0,0,0,0,0,0,0.0,1,9,1,0,0.0,18.0,59.5,2,False,False
Evening,Set1,Draw2,6,32,3,2,0.0,1,0.0,True,False,False,False,False,False,False,3,2,3,2,0,0,0,0,338:1,833:2,6,1,1,0.0,0,0,2,0,0,0,0.0,1,5,1,0,0.0,17.0,32.0,2,False,False
Evening,Set1,Draw2,6,30,2,1,0.0,5,0.0,False,False,False,False,False,False,False,2,6,2,6,0,0,0,0,2234:1;223349:1;2339:1,3224:1;933224:1;9332:1,4,5,0,0.0,0,0,0,0,0,0,0.0,0,7,1,0,0.0,17.0,52.0,2,False,False
Evening,Set1,Draw2,6,10,2,1,0.0,3,0.0,True,False,False,False,False,False,False,2,4,2,4,0,0,0,0,077:1,770:2,4,3,0,0.0,0,0,2,0,0,0,0.0,1,5,1,0,0.0,16.0,36.0,2,False,False
Evening,Set1,Draw2,6,21,3,2,0.0,2,0.0,False,False,False,False,False,False,True,2,5,2,5,12,0,0,0,2236:1;22336:1;236:1,3622:1;33622:1;362:1,6,2,1,0.0,0,0,0,0,0,0,0.5,0,6,0,0,0.0,15.5,34.5,1,False,False
Evening,Set1,Draw2,6,20,2,1,0.0,2,0.0,False,False,False,False,False,False,True,2,6,2,6,2,0,0,0,226:1;677:1,622:1;677:1,4,2,0,0.0,0,0,0,0,0,0,0.5,1,7,0,0,0.0,14.5,57.0,1,False,False
Evening,Set1,Draw2,6,9,1,1,0.0,2,0.0,False,False,False,False,False,False,False,1,6,1,6,0,0,0,0,069:1,906:1,2,2,0,0.0,0,0,0,0,0,0,0.0,0,5,4,0,0.0,13.0,51.5,3,False,False
Evening,Set1,Draw2,6,13,1,1,0.0,3,0.0,False,False,False,False,False,False,False,2,4,2,4,0,0,0,0,033:1;0338:1,033:1;0338:1,2,3,0,0.0,0,0,0,0,0,0,0.0,1,5,1,0,0.0,12.0,46.5,2,False,False
Evening,Set1,Draw2,6,29,1,1,0.0,3,0.0,False,False,False,False,False,False,False,2,4,2,4,0,0,0,0,233:1,332:1,2,3,0,0.0,0,0,0,0,0,0,0.0,1,5,1,0,0.0,12.0,38.5,2,False,False
Evening,Set1,Draw2,6,24,2,1,0.0,1,0.0,False,False,False,False,False,False,True,2,1,2,1,3,0,0,0,33468:1;334468:1;33689:1,68334:1;683344:1;98336:1,4,1,0,0.0,0,0,0,0,0,0,0.5,0,2,4,0,0.0,11.5,52.5,3,False,False
Evening,Set1,Draw2,6,8,2,2,0.0,1,0.0,False,False,False,False,False,False,False,1,1,1,1,0,0,0,0,03368:1;0368:1;068:1,03386:1;0683:1;068:1,4,1,1,0.0,0,0,0,0,0,0,0.0,0,0,4,0,0.0,10.0,40.0,3,False,False
Evening,Set1,Draw2,6,22,1,1,0.0,2,0.0,False,False,False,False,False,False,True,1,6,1,6,2,0,0,0,2246:1;22446:1,6224:1;62244:1,2,2,0,0.0,0,0,0,0,0,0,0.5,0,5,0,0,0.0,9.5,51.5,1,False,False
Evening,Set1,Draw2,6,15,1,1,0.0,2,0.0,False,False,False,False,False,False,False,1,3,1,3,0,0,0,0,044:1,440:1,2,2,0,0.0,0,0,0,0,0,0,0.0,1,2,1,0,0.0,8.0,43.5,2,False,False
Evening,Set1,Draw2,6,34,1,1,0.0,2,0.0,False,False,False,False,False,False,False,1,3,1,3,0,0,0,0,344:1,344:1,2,2,0,0.0,0,0,0,0,0,0,0.0,1,2,1,0,0.0,8.0,39.0,2,False,False
Evening,Set1,Draw2,6,11,1,1,0.0,1,0.0,False,False,False,False,False,False,False,2,2,2,2,0,0,0,0,0778:1,8770:1,2,1,0,0.0,0,0,0,0,0,0,0.0,0,3,0,0,0.0,6.0,30.5,1,False,False
Evening,Set1,Draw3,1,28,3,1,0.0,5,1.0,True,True,False,False,False,True,True,1,7,1,7,2,0,2,0,224:1;2247:1,224:3;7224:1,6,5,0,0.0,0,1,2,4,0,1,0.5,1,6,0,0,0.0,26.5,99.0,1,False,False
Evening,Set1,Draw3,1,22,4,4,0.0,5,1.0,False,False,False,True,False,False,True,1,6,1,6,5,0,5,0,2246:1;22467:1;2467:1,2246:1;22467:1;2467:1,8,5,3,0.0,0,1,0,0,0,0,0.5,0,5,0,0,0.0,22.5,51.5,1,False,False
Evening,Set1,Draw3,1,20,3,2,0.0,5,1.0,False,False,False,False,False,False,True,1,6,1,6,3,0,3,0,226:1;2267:1;267:1,226:1;6722:1;672:1,6,5,1,0.0,0,1,0,0,0,0,0.5,1,5,0,0,0.0,19.5,57.0,1,False,False
Evening,Set1,Draw3,1,26,1,1,0.0,1,1.0,False,False,False,False,False,True,False,1,3,1,3,0,0,1,0,227:1,722:1,2,1,0,0.0,0,1,0,0,0,1,0.0,1,2,0,0,0.0,8.0,33.5,1,False,False
Evening,Set1,Draw3,2,28,3,1,0.0,5,1.0,True,True,False,False,False,True,True,1,7,1,7,1,0,1,0,224:1,224:3,6,5,0,0.0,0,1,2,4,0,1,0.5,1,6,0,0,0.0,26.5,99.0,1,False,False
Evening,Set1,Draw3,2,30,3,2,0.0,4,1.0,False,False,False,False,False,True,False,3,6,3,6,0,0,4,0,347:1;2234:1;234:1,347:1;2243:1;243:1,6,4,1,0.0,0,1,0,0,0,1,0.0,0,9,1,0,0.0,23.0,52.0,2,False,False
Evening,Set1,Draw3,2,21,4,3,0.0,3,1.0,False,False,False,False,False,False,True,1,5,1,5,5,0,5,0,367:1;2236:1;236:1,367:1;2263:1;263:1,8,3,2,0.0,0,1,0,0,0,0,0.5,0,4,1,0,0.0,19.5,34.5,2,False,False
Evening,Set1,Draw3,2,20,2,2,0.0,5,1.0,False,False,False,False,False,False,True,1,6,1,6,1,0,1,0,226:1,226:1,4,5,1,0.0,0,1,0,0,0,0,0.5,1,5,0,0,0.0,17.5,57.0,1,False,False
Evening,Set1,Draw3,2,24,2,2,0.0,2,1.0,False,False,False,False,False,False,True,2,3,2,3,1,0,1,0,346:1,436:1,4,2,1,0.0,0,1,0,0,0,0,0.5,0,4,4,0,0.0,16.5,52.5,3,False,False
Evening,Set1,Draw3,2,27,1,1,0.0,4,1.0,False,False,False,False,False,True,False,2,6,2,6,0,0,3,0,223:1;237:1;2237:1,322:1;732:1;7322:1,2,4,0,0.0,0,1,0,0,0,1,0.0,1,7,0,0,0.0,16.0,59.5,1,False,False
Evening,Set1,Draw3,2,22,1,1,0.0,5,1.0,False,False,False,False,False,True,True,1,6,1,6,1,0,1,0,2246:1,6224:1,2,5,0,0.0,0,1,0,0,0,1,0.5,0,5,0,0,0.0,14.5,51.5,1,False,False
Evening,Set1,Draw3,3,28,4,2,0.0,5,1.0,True,True,False,False,False,True,True,1,7,1,7,3,3,0,0,224:1;2249:1;229:1,224:3;9224:1;922:1,8,5,1,0.0,0,1,2,4,0,1,0.5,1,6,0,0,0.0,29.5,99.0,1,False,False
Evening,Set1,Draw3,3,12,4,1,0.0,3,1.0,True,False,False,False,False,True,False,2,6,2,6,0,6,0,0,079:1;02249:1;024:1,709:2;92240:1;240:1,8,3,0,0.0,0,1,2,0,0,1,0.0,0,7,1,0,0.0,23.0,74.5,2,False,False
Evening,Set1,Draw3,3,30,2,1,0.0,4,1.0,False,False,False,False,False,True,False,3,6,3,6,0,5,0,0,347:1;2234:1;22349:1,347:1;3224:1;93224:1,4,4,0,0.0,0,1,0,0,0,1,0.0,0,9,0,0,0.0,19.0,52.0,1,False,False
Evening,Set1,Draw3,3,14,3,1,0.0,3,1.0,True,False,False,False,False,True,False,2,5,2,5,0,2,0,0,034:1;039:1,093:2;403:1,6,3,0,0.0,0,1,2,0,0,1,0.0,0,6,0,0,0.0,19.0,40.5,1,False,False
Evening,Set1,Draw3,3,24,2,1,0.0,2,1.0,False,False,False,False,False,True,True,2,3,2,3,2,2,0,0,346:1;369:1,634:1;936:1,4,2,0,0.0,0,1,0,0,0,1,0.5,0,4,4,0,0.0,16.5,52.5,3,False,False
Evening,Set1,Draw3,3,9,1,1,0.0,3,1.0,False,False,False,False,False,True,False,1,6,1,6,0,1,0,0,069:1,906:1,2,3,0,0.0,0,1,0,0,0,1,0.0,0,5,4,0,0.0,16.0,51.5,3,False,False
Evening,Set1,Draw3,3,20,1,1,0.0,5,1.0,False,False,False,False,False,True,True,1,6,1,6,1,1,0,0,226:1,622:1,2,5,0,0.0,0,1,0,0,0,1,0.5,1,5,0,0,0.0,15.5,57.0,1,False,False
Evening,Set1,Draw3,3,22,1,1,0.0,5,1.0,False,False,False,False,False,True,True,1,6,1,6,1,1,0,0,2246:1,6224:1,2,5,0,0.0,0,1,0,0,0,1,0.5,0,5,1,0,0.0,15.5,51.5,2,False,False
Evening,Set1,Draw3,3,8,2,2,0.0,2,1.0,False,False,False,False,False,False,False,1,4,1,4,0,1,0,0,036:1,036:1,4,2,1,0.0,0,1,0,0,0,0,0.0,0,3,4,0,0.0,15.0,40.0,3,False,False
Evening,Set1,Draw3,3,21,2,1,0.0,3,1.0,False,False,False,False,False,True,True,1,5,1,5,3,3,0,0,2236:1;236:1;367:1,3622:1;362:1;367:1,4,3,0,0.0,0,1,0,0,0,1,0.5,0,4,1,0,0.0,14.5,34.5,2,False,False
Evening,Set1,Draw3,3,27,1,1,0.0,4,1.0,False,False,False,False,False,True,False,1,6,1,6,0,1,0,0,223:1,322:1,2,4,0,0.0,0,1,0,0,0,1,0.0,1,5,0,0,0.0,14.0,59.5,1,False,False
Evening,Set1,Draw3,3,7,1,1,0.0,1,1.0,False,False,False,False,False,True,False,1,3,1,3,0,1,0,0,067:1,670:1,2,1,0,0.0,0,1,0,0,0,1,0.0,0,2,1,0,0.0,8.0,32.0,2,False,False
Evening,Set1,Draw3,4,28,4,2,0.0,5,0.0,True,True,False,False,False,False,True,3,7,3,7,4,0,0,0,224:1;229:1;2249:1,224:3;922:1;9224:1,8,5,1,0.0,0,0,2,4,0,0,0.5,1,10,0,0,0.0,31.5,99.0,1,False,False
Evening,Set1,Draw3,4,20,3,1,0.0,5,0.0,True,False,False,False,False,False,True,2,6,2,6,2,0,0,0,677:1;226:1,677:2;622:1,6,5,0,0.0,0,0,2,0,0,0,0.5,1,7,0,0,0.0,21.5,57.0,1,False,False
Evening,Set1,Draw3,4,12,4,1,0.0,3,0.0,True,False,False,False,False,False,False,2,6,2,6,0,0,0,0,079:1;0779:1;02249:1,709:2;7709:2;92240:1,8,3,0,0.0,0,0,2,0,0,0,0.0,0,7,1,0,0.0,21.0,74.5,2,False,False
Evening,Set1,Draw3,4,33,3,1,0.0,2,0.0,True,False,False,False,False,False,False,3,4,3,4,0,0,0,0,339:1;334:1,933:2;334:1,6,2,0,0.0,0,0,2,0,0,0,0.0,1,7,1,0,0.0,19.0,48.5,2,False,False
Evening,Set1,Draw3,4,14,3,1,0.0,3,0.0,True,False,False,False,False,False,False,2,5,2,5,0,0,0,0,034:1;039:1;0339:1,093:2;0933:2;403:1,6,3,0,0.0,0,0,2,0,0,0,0.0,0,6,1,0,0.0,18.0,40.5,2,False,False
Evening,Set1,Draw3,4,23,3,2,0.0,2,0.0,True,False,False,False,False,False,False,2,3,2,3,0,0,0,0,336:1,336:2,6,2,1,0.0,0,0,2,0,0,0,0.0,1,4,1,0,0.0,17.0,32.0,2,False,False
Evening,Set1,Draw3,4,30,2,1,0.0,4,0.0,False,False,False,False,False,False,False,3,6,3,6,0,0,0,0,347:1;33477:1;2234:1,347:1;33477:1;3224:1,4,4,0,0.0,0,0,0,0,0,0,0.0,0,9,0,0,0.0,17.0,52.0,1,False,False
Evening,Set1,Draw3,4,24,2,1,0.0,2,0.0,False,False,False,False,False,False,True,2,3,2,3,2,0,0,0,3346:1;3369:1,6334:1;9336:1,4,2,0,0.0,0,0,0,0,0,0,0.5,0,4,4,0,0.0,14.5,52.5,3,False,False
Evening,Set1,Draw3,4,10,2,1,0.0,2,0.0,True,False,False,False,False,False,False,2,4,2,4,0,0,0,0,077:1,770:2,4,2,0,0.0,0,0,2,0,0,0,0.0,1,5,0,0,0.0,14.0,36.0,1,False,False
Evening,Set1,Draw3,4,9,1,1,0.0,3,0.0,False,False,False,False,False,False,False,1,6,1,6,0,0,0,0,069:1,906:1,2,3,0,0.0,0,0,0,0,0,0,0.0,0,5,4,0,0.0,14.0,51.5,3,False,False
Evening,Set1,Draw3,4,8,2,2,0.0,2,0.0,False,False,False,False,False,False,False,1,4,1,4,0,0,0,0,0336:1;036:1,0336:1;063:1,4,2,1,0.0,0,0,0,0,0,0,0.0,0,3,4,0,0.0,14.0,40.0,3,False,False
Evening,Set1,Draw3,4,22,1,1,0.0,5,0.0,False,False,False,False,False,False,True,1,6,1,6,1,0,0,0,2246:1,6224:1,2,5,0,0.0,0,0,0,0,0,0,0.5,0,5,1,0,0.0,13.5,51.5,2,False,False
Evening,Set1,Draw3,4,21,2,1,0.0,3,0.0,False,False,False,False,False,False,True,1,5,1,5,8,0,0,0,2236:1;236:1;367:1,3622:1;362:1;367:1,4,3,0,0.0,0,0,0,0,0,0,0.5,0,4,1,0,0.0,12.5,34.5,2,False,False
Evening,Set1,Draw3,4,27,1,1,0.0,4,0.0,False,False,False,False,False,False,False,1,6,1,6,0,0,0,0,223:1;2233:1,322:1;3322:1,2,4,0,0.0,0,0,0,0,0,0,0.0,1,5,0,0,0.0,12.0,59.5,1,False,False
Evening,Set1,Draw3,4,29,1,1,0.0,2,0.0,False,False,False,False,False,False,False,2,4,2,4,0,0,0,0,233:1,332:1,2,2,0,0.0,0,0,0,0,0,0,0.0,1,5,0,0,0.0,10.0,38.5,1,False,False
Evening,Set1,Draw3,4,13,1,1,0.0,1,0.0,False,False,False,False,False,False,False,2,4,2,4,0,0,0,0,033:1,033:1,2,1,0,0.0,0,0,0,0,0,0,0.0,1,5,0,0,0.0,9.0,46.5,1,False,False
Evening,Set1,Draw3,4,7,1,1,0.0,1,0.0,False,False,False,False,False,False,False,1,3,1,3,0,0,0,0,0677:1,6770:1,2,1,0,0.0,0,0,0,0,0,0,0.0,0,2,0,0,0.0,5.0,32.0,1,False,False
Evening,Set1,Draw3,5,28,4,2,0.0,5,0.0,True,True,False,False,False,False,True,3,7,3,7,5,0,0,0,224:1;2244:1;229:1,224:3;2244:3;922:1,8,5,1,0.0,0,0,2,4,0,0,0.5,1,10,1,0,0.0,32.5,99.0,2,False,False
Evening,Set1,Draw3,5,20,4,2,0.0,5,0.0,False,False,False,False,False,False,True,2,6,2,6,4,0,0,0,226:1;677:1;177:1,622:1;677:1;771:1,8,5,1,0.0,0,0,0,0,0,0,0.5,1,7,1,0,0.0,23.5,57.0,2,False,False
Evening,Set1,Draw3,5,31,4,1,0.0,1,0.0,True,True,False,False,False,False,True,1,3,1,3,4,0,0,0,244:1;22449:1;447:1,244:3;92244:1;447:1,8,1,0,0.0,0,0,2,4,0,0,0.5,1,2,1,0,0.0,19.5,57.5,2,False,False
Evening,Set1,Draw3,5,33,3,1,0.0,2,0.0,True,False,False,False,False,False,False,3,4,3,4,0,0,0,0,339:1;334:1;3344:1,933:2;334:1;3344:1,6,2,0,0.0,0,0,2,0,0,0,0.0,1,7,1,0,0.0,19.0,48.5,2,False,False
Evening,Set1,Draw3,5,9,3,1,0.0,3,0.0,False,False,False,False,False,False,False,1,6,1,6,0,0,0,0,069:1;0144:1;014:1,906:1;4401:1;401:1,6,3,0,0.0,0,0,0,0,0,0,0.0,0,5,4,0,0.0,18.0,51.5,3,False,False
Evening,Set1,Draw3,5,22,2,1,0.0,5,0.0,False,False,False,False,False,False,True,2,6,2,6,6,0,0,0,2246:1;1477:1;224466:1,6224:1;4771:1;662244:1,4,5,0,0.0,0,0,0,0,0,0,0.5,0,7,1,0,0.0,17.5,51.5,2,False,False
Evening,Set1,Draw3,5,23,3,2,0.0,2,0.0,True,False,False,False,False,False,False,2,3,2,3,0,0,0,0,336:1;3366:1;133:1,336:2;3366:2;133:1,6,2,1,0.0,0,0,2,0,0,0,0.0,1,4,1,0,0.0,17.0,32.0,2,False,False
Evening,Set1,Draw3,5,12,3,1,0.0,3,0.0,False,False,False,False,False,False,False,2,6,2,6,0,0,0,0,079:1;0779:1;022449:1,709:1;7709:1;922440:1,6,3,0,0.0,0,0,0,0,0,0,0.0,0,7,1,0,0.0,17.0,74.5,2,False,False
Evening,Set1,Draw3,5,18,3,2,0.0,1,0.0,True,False,False,False,False,False,True,1,1,1,1,3,0,0,0,366:1;13366:1;1336:1,366:2;13366:1;1336:1,6,1,1,0.0,0,0,2,0,0,0,0.5,1,0,4,0,0.0,15.5,53.5,3,False,False
Evening,Set1,Draw3,5,10,2,1,0.0,2,0.0,True,False,False,False,False,False,False,2,4,2,4,0,0,0,0,077:1,770:2,4,2,0,0.0,0,0,2,0,0,0,0.0,1,5,1,0,0.0,15.0,36.0,2,False,False
Evening,Set1,Draw3,5,30,2,1,0.0,4,0.0,False,False,False,False,False,False,False,2,6,2,6,0,0,0,0,2234:1;223349:1;2339:1,3224:1;933224:1;9332:1,4,4,0,0.0,0,0,0,0,0,0,0.0,0,7,0,0,0.0,15.0,52.0,1,False,False
Evening,Set1,Draw3,5,24,2,1,0.0,2,0.0,False,False,False,False,False,False,True,2,3,2,3,10,0,0,0,3346:1;133669:1;3369:1,6334:1;193366:1;9336:1,4,2,0,0.0,0,0,0,0,0,0,0.5,0,4,4,0,0.0,14.5,52.5,3,False,False
Evening,Set1,Draw3,5,27,1,1,0.0,4,0.0,False,False,False,False,False,False,False,1,6,1,6,0,0,0,0,223:1;2233:1,322:1;3322:1,2,4,0,0.0,0,0,0,0,0,0,0.0,1,5,0,0,0.0,12.0,59.5,1,False,False
Evening,Set1,Draw3,5,29,1,1,0.0,2,0.0,False,False,False,False,False,False,False,2,4,2,4,0,0,0,0,233:1,332:1,2,2,0,0.0,0,0,0,0,0,0,0.0,1,5,0,0,0.0,10.0,38.5,1,False,False
Evening,Set1,Draw3,5,15,1,1,0.0,1,0.0,False,False,False,False,False,False,False,1,3,1,3,0,0,0,0,044:1,440:1,2,1,0,0.0,0,0,0,0,0,0,0.0,1,2,4,0,0.0,10.0,43.5,3,False,False
Evening,Set1,Draw3,5,34,1,1,0.0,1,0.0,False,False,False,False,False,False,False,1,3,1,3,0,0,0,0,344:1,344:1,2,1,0,0.0,0,0,0,0,0,0,0.0,1,2,4,0,0.0,10.0,39.0,3,False,False
Evening,Set1,Draw3,5,8,2,1,0.0,1,0.0,False,False,False,False,False,False,False,1,1,1,1,0,0,0,0,013366:1;01336:1;03366:1,013366:1;01336:1;06633:1,4,1,0,0.0,0,0,0,0,0,0,0.0,0,0,4,0,0.0,9.0,40.0,3,False,False
Evening,Set1,Draw3,5,17,3,1,0.0,1,0.0,False,False,False,False,False,False,True,1,1,1,1,7,0,0,0,16677:1;1667:1;1677:1,66177:1;6617:1;6177:1,6,1,0,0.0,0,0,0,0,0,0,0.5,1,0,0,0,0.0,8.5,20.0,1,False,False
Evening,Set1,Draw3,5,7,2,2,0.0,1,0.0,False,False,False,False,False,False,False,1,2,1,2,0,0,0,0,016677:1;01677:1;0177:1,661770:1;61770:1;1770:1,4,1,1,0.0,0,0,0,0,0,0,0.0,0,1,0,0,0.0,7.0,32.0,1,False,False
Evening,Set1,Draw3,5,14,1,1,0.0,3,0.0,False,False,False,False,False,False,False,1,2,1,2,0,0,0,0,039:1;0339:1,093:1;0933:1,2,3,0,0.0,0,0,0,0,0,0,0.0,0,1,1,0,0.0,7.0,40.5,2,False,False
Evening,Set1,Draw3,5,21,2,1,0.0,1,0.0,False,False,False,False,False,False,True,1,1,1,1,10,0,0,0,1336677:1;133667:1;336677:1,1336677:1;133667:1;336677:1,4,1,0,0.0,0,0,0,0,0,0,0.5,0,0,1,0,0.0,6.5,34.5,2,False,False
Evening,Set1,Draw3,5,6,1,1,0.0,1,0.0,False,False,False,False,False,False,False,1,1,1,1,0,0,0,0,066:1,066:1,2,1,0,0.0,0,0,0,0,0,0,0.0,1,0,1,0,0.0,5.0,42.5,2,False,False
Evening,Set1,Draw3,5,16,1,1,0.0,1,0.0,False,False,False,False,False,False,False,1,1,1,1,0,0,0,0,166:1,661:1,2,1,0,0.0,0,0,0,0,0,0,0.0,1,0,0,0,0.0,4.0,9.0,1,False,False
Evening,Set1,Draw4,1,28,4,2,0.0,4,1.0,True,True,False,False,False,True,True,1,7,1,7,6,0,6,0,224:1;2249:1;229:1,224:3;9224:2;922:2,8,4,1,0.0,0,1,2,4,0,1,0.5,1,6,0,0,0.0,28.5,99.0,1,False,False
Evening,Set1,Draw4,1,22,4,4,0.0,4,1.0,False,False,False,True,False,True,True,1,6,1,6,15,0,15,0,224679:1;2246:1;22469:1,922467:1;2246:1;92246:1,8,4,3,0.0,0,1,0,0,0,1,0.5,0,5,1,0,0.0,23.5,51.5,2,False,False
Evening,Set1,Draw4,1,20,1,1,0.0,4,1.0,False,False,False,False,False,True,True,1,6,1,6,1,0,1,0,226:1,622:1,2,4,0,0.0,0,1,0,0,0,1,0.5,1,5,0,0,0.0,14.5,57.0,1,False,False
Evening,Set1,Draw4,1,25,1,1,0.0,1,1.0,False,False,False,False,False,True,False,1,1,1,1,0,0,1,0,469:1,964:1,2,1,0,0.0,0,1,0,0,0,1,0.0,0,0,1,0,0.0,6.0,26.0,2,False,False
Evening,Set1,Draw4,2,28,4,2,0.0,4,1.0,True,True,False,False,False,True,True,1,7,1,7,3,0,3,0,224:1;2249:1;229:1,224:3;9224:1;922:1,8,4,1,0.0,0,1,2,4,0,1,0.5,1,6,0,0,0.0,28.5,99.0,1,False,False
Evening,Set1,Draw4,2,30,4,2,0.0,3,1.0,True,False,False,False,False,True,False,3,6,3,6,0,0,10,0,347:1;22349:1;2234:1,793:2;347:1;92243:1,8,3,1,0.0,0,1,2,0,0,1,0.0,0,9,0,0,0.0,25.0,52.0,1,False,False
Evening,Set1,Draw4,2,24,3,2,0.0,2,1.0,False,False,False,False,False,True,True,2,3,2,3,3,0,3,0,346:1;369:1;3469:1,436:1;963:1;9634:1,6,2,1,0.0,0,1,0,0,0,1,0.5,0,4,4,0,0.0,19.5,52.5,3,False,False
Evening,Set1,Draw4,2,22,3,1,0.0,4,1.0,False,False,False,False,False,True,True,1,6,1,6,4,0,4,0,2246:1;2269:1;269:1,6224:1;2296:1;296:1,6,4,0,0.0,0,1,0,0,0,1,0.5,0,5,1,0,0.0,18.5,51.5,2,False,False
Evening,Set1,Draw4,2,20,1,1,0.0,4,1.0,False,False,False,False,False,True,True,1,6,1,6,1,0,1,0,226:1,622:1,2,4,0,0.0,0,1,0,0,0,1,0.5,1,5,0,0,0.0,14.5,57.0,1,False,False
Evening,Set1,Draw4,2,21,2,1,0.0,3,1.0,False,False,False,False,False,True,True,1,5,1,5,3,0,3,0,2236:1;236:1;367:1,3622:1;362:1;367:1,4,3,0,0.0,0,1,0,0,0,1,0.5,0,4,1,0,0.0,14.5,34.5,2,False,False
Evening,Set1,Draw4,2,27,1,1,0.0,3,1.0,False,False,False,False,False,True,False,1,6,1,6,0,0,1,0,223:1,322:1,2,3,0,0.0,0,1,0,0,0,1,0.0,1,5,0,0,0.0,13.0,59.5,1,False,False
Evening,Set1,Draw4,3,28,4,2,0.0,4,0.0,True,True,False,False,False,True,True,1,7,1,7,4,0,0,0,224:1;2249:1;229:1,224:3;9224:1;922:1,8,4,1,0.0,0,0,2,4,0,1,0.5,1,6,0,0,0.0,27.5,99.0,1,False,False
Evening,Set1,Draw4,3,12,4,1,0.0,2,0.0,True,False,False,False,False,True,False,2,6,2,6,0,0,0,0,079:1;02249:1;024:1,709:2;7099:2;92240:1,8,2,0,0.0,0,0,2,0,0,1,0.0,0,7,4,0,0.0,24.0,74.5,3,False,False
Evening,Set1,Draw4,3,30,2,1,0.0,3,0.0,False,False,False,False,False,True,False,3,6,3,6,0,0,0,0,347:1;22349:1;2234:1,347:1;93224:1;3224:1,4,3,0,0.0,0,0,0,0,0,1,0.0,0,9,0,0,0.0,17.0,52.0,1,False,False
Evening,Set1,Draw4,3,14,3,1,0.0,2,0.0,True,False,False,False,False,True,False,2,5,2,5,0,0,0,0,034:1;0399:1,0993:2;403:1,6,2,0,0.0,0,0,2,0,0,1,0.0,0,6,0,0,0.0,17.0,40.5,1,False,False
Evening,Set1,Draw4,3,22,1,1,0.0,4,0.0,False,False,False,False,False,True,True,1,6,1,6,1,0,0,0,2246:1,6224:1,2,4,0,0.0,0,0,0,0,0,1,0.5,0,5,4,0,0.0,16.5,51.5,3,False,False
Evening,Set1,Draw4,3,21,2,1,0.0,3,0.0,False,False,False,False,False,True,True,1,5,1,5,3,0,0,0,2236:1;236:1;367:1,3622:1;362:1;367:1,4,3,0,0.0,0,0,0,0,0,1,0.5,0,4,4,0,0.0,16.5,34.5,3,False,False
Evening,Set1,Draw4,3,24,2,1,0.0,2,0.0,False,False,False,False,False,True,True,2,3,2,3,3,0,0,0,346:1;369:1;3699:1,634:1;936:1;9936:1,4,2,0,0.0,0,0,0,0,0,1,0.5,0,4,4,0,0.0,15.5,52.5,3,False,False
Evening,Set1,Draw4,3,15,3,2,0.0,2,0.0,True,False,False,False,False,False,False,1,2,1,2,0,0,0,0,099:1,099:2,6,2,1,0.0,0,0,2,0,0,0,0.0,1,1,1,0,0.0,14.0,43.5,2,False,False
Evening,Set1,Draw4,3,9,1,1,0.0,2,0.0,False,False,False,False,False,True,False,1,6,1,6,0,0,0,0,069:1;0699:1,906:1;9906:1,2,2,0,0.0,0,0,0,0,0,1,0.0,0,5,4,0,0.0,14.0,51.5,3,False,False
Evening,Set1,Draw4,3,8,2,2,0.0,2,0.0,False,False,False,False,False,False,False,1,4,1,4,0,0,0,0,036:1,036:1,4,2,1,0.0,0,0,0,0,0,0,0.0,0,3,4,0,0.0,14.0,40.0,3,False,False
Evening,Set1,Draw4,3,20,1,1,0.0,4,0.0,False,False,False,False,False,True,True,1,6,1,6,1,0,0,0,226:1,622:1,2,4,0,0.0,0,0,0,0,0,1,0.5,1,5,0,0,0.0,13.5,57.0,1,False,False
Evening,Set1,Draw4,3,27,1,1,0.0,3,0.0,False,False,False,False,False,True,False,1,6,1,6,0,0,0,0,223:1,322:1,2,3,0,0.0,0,0,0,0,0,1,0.0,1,5,0,0,0.0,12.0,59.5,1,False,False
Evening,Set1,Draw4,3,34,2,1,0.0,2,0.0,True,False,False,False,False,True,False,1,2,1,2,0,0,0,0,399:1,993:2,4,2,0,0.0,0,0,2,0,0,1,0.0,1,1,1,0,0.0,12.0,39.0,2,False,False
Evening,Set1,Draw4,3,31,2,2,0.0,2,0.0,False,False,False,False,False,True,True,1,2,1,2,2,0,0,0,22499:1;299:1,99224:1;992:1,4,2,1,0.0,0,0,0,0,0,1,0.5,1,1,1,0,0.0,11.5,57.5,2,False,False
Evening,Set1,Draw4,3,7,1,1,0.0,1,0.0,False,False,False,False,False,True,False,1,3,1,3,0,0,0,0,067:1,670:1,2,1,0,0.0,0,0,0,0,0,1,0.0,0,2,4,0,0.0,10.0,32.0,3,False,False
Evening,Set1,Draw4,4,28,4,2,0.0,4,0.0,True,True,False,False,False,False,True,3,7,3,7,5,0,0,0,224:1;229:1;2249:1,224:3;922:1;9224:1,8,4,1,0.0,0,0,2,4,0,0,0.5,1,10,0,0,0.0,30.5,99.0,1,False,False
Evening,Set1,Draw4,4,12,4,1,0.0,2,0.0,True,False,False,False,False,False,False,2,6,2,6,0,0,0,0,079:1;02249:1;0779:1,709:2;7709:2;77099:2,8,2,0,0.0,0,0,2,0,0,0,0.0,0,7,4,0,0.0,23.0,74.5,3,False,False
Evening,Set1,Draw4,4,20,3,1,0.0,4,0.0,True,False,False,False,False,False,True,2,6,2,6,2,0,0,0,677:1;226:1,677:2;622:1,6,4,0,0.0,0,0,2,0,0,0,0.5,1,7,0,0,0.0,20.5,57.0,1,False,False
Evening,Set1,Draw4,4,33,3,1,0.0,1,0.0,True,False,False,False,False,False,False,3,4,3,4,0,0,0,0,339:1;334:1;3399:1,933:2;9933:2;334:1,6,1,0,0.0,0,0,2,0,0,0,0.0,1,7,1,0,0.0,18.0,48.5,2,False,False
Evening,Set1,Draw4,4,30,2,1,0.0,3,0.0,False,False,False,False,False,False,False,3,6,3,6,0,0,0,0,347:1;33477:1;3347:1,347:1;33477:1;3347:1,4,3,0,0.0,0,0,0,0,0,0,0.0,0,9,1,0,0.0,17.0,52.0,2,False,False
Evening,Set1,Draw4,4,23,3,2,0.0,1,0.0,True,False,False,False,False,False,False,2,3,2,3,0,0,0,0,336:1,336:2,6,1,1,0.0,0,0,2,0,0,0,0.0,1,4,1,0,0.0,16.0,32.0,2,False,False
Evening,Set1,Draw4,4,14,3,1,0.0,2,0.0,True,False,False,False,False,False,False,2,5,2,5,0,0,0,0,034:1;0399:1;0334:1,0993:2;09933:2;403:1,6,2,0,0.0,0,0,2,0,0,0,0.0,0,6,0,0,0.0,16.0,40.5,1,False,False
Evening,Set1,Draw4,4,22,1,1,0.0,4,0.0,False,False,False,False,False,False,True,1,6,1,6,1,0,0,0,2246:1,6224:1,2,4,0,0.0,0,0,0,0,0,0,0.5,0,5,4,0,0.0,15.5,51.5,3,False,False
Evening,Set1,Draw4,4,21,2,1,0.0,3,0.0,False,False,False,False,False,False,True,1,5,1,5,8,0,0,0,2236:1;236:1;367:1,3622:1;362:1;367:1,4,3,0,0.0,0,0,0,0,0,0,0.5,0,4,4,0,0.0,15.5,34.5,3,False,False
Evening,Set1,Draw4,4,15,3,2,0.0,2,0.0,True,False,False,False,False,False,False,1,2,1,2,0,0,0,0,099:1,099:2,6,2,1,0.0,0,0,2,0,0,0,0.0,1,1,1,0,0.0,14.0,43.5,2,False,False
Evening,Set1,Draw4,4,8,2,2,0.0,2,0.0,False,False,False,False,False,False,False,1,4,1,4,0,0,0,0,0336:1;036:1,0336:1;063:1,4,2,1,0.0,0,0,0,0,0,0,0.0,0,3,4,0,0.0,14.0,40.0,3,False,False
Evening,Set1,Draw4,4,24,2,1,0.0,1,0.0,False,False,False,False,False,False,True,2,3,2,3,3,0,0,0,3346:1;3369:1;33699:1,6334:1;9336:1;99336:1,4,1,0,0.0,0,0,0,0,0,0,0.5,0,4,4,0,0.0,13.5,52.5,3,False,False
Evening,Set1,Draw4,4,10,2,1,0.0,1,0.0,True,False,False,False,False,False,False,2,4,2,4,0,0,0,0,077:1,770:2,4,1,0,0.0,0,0,2,0,0,0,0.0,1,5,0,0,0.0,13.0,36.0,1,False,False
Evening,Set1,Draw4,4,9,1,1,0.0,2,0.0,False,False,False,False,False,False,False,1,6,1,6,0,0,0,0,069:1;0699:1,906:1;9906:1,2,2,0,0.0,0,0,0,0,0,0,0.0,0,5,4,0,0.0,13.0,51.5,3,False,False
Evening,Set1,Draw4,4,27,1,1,0.0,3,0.0,False,False,False,False,False,False,False,1,6,1,6,0,0,0,0,223:1;2233:1,322:1;3322:1,2,3,0,0.0,0,0,0,0,0,0,0.0,1,5,0,0,0.0,11.0,59.5,1,False,False
Evening,Set1,Draw4,4,34,2,1,0.0,2,0.0,True,False,False,False,False,False,False,1,2,1,2,0,0,0,0,399:1,993:2,4,2,0,0.0,0,0,2,0,0,0,0.0,1,1,1,0,0.0,11.0,39.0,2,False,False
Evening,Set1,Draw4,4,31,2,2,0.0,2,0.0,False,False,False,False,False,False,True,1,2,1,2,2,0,0,0,22499:1;299:1,99224:1;992:1,4,2,1,0.0,0,0,0,0,0,0,0.5,1,1,1,0,0.0,10.5,57.5,2,False,False
Evening,Set1,Draw4,4,13,1,1,0.0,1,0.0,False,False,False,False,False,False,False,2,4,2,4,0,0,0,0,033:1,033:1,2,1,0,0.0,0,0,0,0,0,0,0.0,1,5,0,0,0.0,9.0,46.5,1,False,False
Evening,Set1,Draw4,4,29,1,1,0.0,1,0.0,False,False,False,False,False,False,False,2,4,2,4,0,0,0,0,233:1,332:1,2,1,0,0.0,0,0,0,0,0,0,0.0,1,5,0,0,0.0,9.0,38.5,1,False,False
Evening,Set1,Draw4,4,7,1,1,0.0,1,0.0,False,False,False,False,False,False,False,1,3,1,3,0,0,0,0,0677:1,6770:1,2,1,0,0.0,0,0,0,0,0,0,0.0,0,2,1,0,0.0,6.0,32.0,2,False,False
Evening,Set1,Draw5,1,28,4,2,0.0,3,1.0,True,True,False,True,False,True,True,1,7,1,7,3,0,3,0,224:1;229:1;2249:1,224:3;922:2;9224:2,8,3,1,0.0,0,1,2,4,0,1,0.5,1,6,0,0,0.0,27.5,99.0,1,False,False
Evening,Set1,Draw5,1,12,4,2,0.0,3,1.0,True,False,False,False,False,True,False,2,6,2,6,0,0,9,0,079:1;02249:1;024:1,709:2;92240:1;240:1,8,3,1,0.0,0,1,2,0,0,1,0.0,0,7,4,0,0.0,27.0,74.5,3,False,False
Evening,Set1,Draw5,1,9,3,2,0.0,2,1.0,False,False,False,False,False,True,False,1,6,1,6,0,0,3,0,069:1;0469:1;046:1,906:1;9064:1;406:1,6,2,1,0.0,0,1,0,0,0,1,0.0,0,5,4,0,0.0,20.0,51.5,3,False,False
Evening,Set1,Draw5,1,22,2,1,0.0,3,1.0,False,False,False,False,False,True,True,1,6,1,6,5,0,5,0,2246:1;22469:1;467:1,6224:1;96224:1;647:1,4,3,0,0.0,0,1,0,0,0,1,0.5,0,5,1,0,0.0,15.5,51.5,2,False,False
Evening,Set1,Draw5,1,7,2,2,0.0,3,1.0,False,False,False,False,False,False,False,1,3,1,3,0,0,1,0,067:1,067:1,4,3,1,0.0,0,1,0,0,0,0,0.0,0,2,4,0,0.0,15.0,32.0,3,False,False
Evening,Set1,Draw5,1,20,1,1,0.0,3,1.0,False,False,False,False,False,True,True,1,6,1,6,1,0,1,0,226:1,622:1,2,3,0,0.0,0,1,0,0,0,1,0.5,1,5,0,0,0.0,13.5,57.0,1,False,False
Evening,Set1,Draw5,2,12,4,2,0.0,3,1.0,False,False,False,False,False,True,False,2,6,2,6,0,0,13,0,02249:1;024:1;0224:1,92240:1;240:1;2240:1,8,3,1,0.0,0,1,0,0,0,1,0.0,0,7,4,0,0.0,25.0,74.5,3,False,False
Evening,Set1,Draw5,2,28,3,1,0.0,3,1.0,True,True,False,False,False,True,True,1,7,1,7,3,0,3,0,224:1;2249:1;229:1,224:3;9224:1;922:1,6,3,0,0.0,0,1,2,4,0,1,0.5,1,6,0,0,0.0,24.5,99.0,1,False,False
Evening,Set1,Draw5,2,30,2,1,0.0,2,1.0,False,False,False,False,False,True,False,3,6,3,6,0,0,5,0,347:1;22349:1;2234:1,347:1;93224:1;3224:1,4,2,0,0.0,0,1,0,0,0,1,0.0,0,9,1,0,0.0,18.0,52.0,2,False,False
Evening,Set1,Draw5,2,22,1,1,0.0,3,1.0,False,False,False,False,False,True,True,1,6,1,6,1,0,1,0,2246:1,6224:1,2,3,0,0.0,0,1,0,0,0,1,0.5,0,5,4,0,0.0,16.5,51.5,3,False,False
Evening,Set1,Draw5,2,21,2,1,0.0,2,1.0,False,False,False,False,False,True,True,1,5,1,5,3,0,3,0,2236:1;236:1;367:1,3622:1;362:1;367:1,4,2,0,0.0,0,1,0,0,0,1,0.5,0,4,4,0,0.0,16.5,34.5,3,False,False
Evening,Set1,Draw5,2,24,2,1,0.0,2,1.0,False,False,False,False,False,True,True,2,3,2,3,2,0,2,0,346:1;369:1,634:1;936:1,4,2,0,0.0,0,1,0,0,0,1,0.5,0,4,4,0,0.0,16.5,52.5,3,False,False
Evening,Set1,Draw5,2,14,3,1,0.0,1,1.0,False,False,False,False,False,True,False,2,5,2,5,0,0,4,0,034:1;0359:1;359:1,403:1;0593:1;593:1,6,1,0,0.0,0,1,0,0,0,1,0.0,0,6,0,0,0.0,15.0,40.5,1,False,False
Evening,Set1,Draw5,2,9,1,1,0.0,2,1.0,False,False,False,False,False,True,False,1,6,1,6,0,0,2,0,069:1;0569:1,906:1;5906:1,2,2,0,0.0,0,1,0,0,0,1,0.0,0,5,4,0,0.0,15.0,51.5,3,False,False
Evening,Set1,Draw5,2,8,2,2,0.0,2,1.0,False,False,False,False,False,False,False,1,4,1,4,0,0,1,0,036:1,036:1,4,2,1,0.0,0,1,0,0,0,0,0.0,0,3,4,0,0.0,15.0,40.0,3,False,False
Evening,Set1,Draw5,2,20,1,1,0.0,3,1.0,False,False,False,False,False,True,True,1,6,1,6,1,0,1,0,226:1,622:1,2,3,0,0.0,0,1,0,0,0,1,0.5,1,5,0,0,0.0,13.5,57.0,1,False,False
Evening,Set1,Draw5,2,7,1,1,0.0,3,1.0,False,False,False,False,False,True,False,1,3,1,3,0,0,2,0,067:1;0567:1,670:1;6705:1,2,3,0,0.0,0,1,0,0,0,1,0.0,0,2,4,0,0.0,13.0,32.0,3,False,False
Evening,Set1,Draw5,2,27,1,1,0.0,2,1.0,False,False,False,False,False,True,False,1,6,1,6,0,0,1,0,223:1,322:1,2,2,0,0.0,0,1,0,0,0,1,0.0,1,5,0,0,0.0,12.0,59.5,1,False,False
Evening,Set1,Draw5,2,5,2,2,0.0,1,1.0,False,False,False,False,False,False,False,2,2,2,2,0,0,1,0,059:1,590:1,4,1,1,0.0,0,1,0,0,0,0,0.0,0,3,1,0,0.0,11.0,80.0,2,False,False
Evening,Set1,Draw5,2,3,1,1,0.0,1,1.0,False,False,False,False,False,True,False,2,2,2,2,0,0,1,0,057:1,705:1,2,1,0,0.0,0,1,0,0,0,1,0.0,0,3,1,0,0.0,9.0,53.5,2,False,False
Evening,Set1,Draw5,2,10,1,1,0.0,2,1.0,False,False,False,False,False,True,False,1,2,1,2,0,0,1,0,225:1,225:1,2,2,0,0.0,0,1,0,0,0,1,0.0,1,1,1,0,0.0,9.0,36.0,2,False,False
Evening,Set1,Draw5,3,28,3,1,0.0,3,0.0,True,True,False,False,False,True,True,1,7,1,7,4,0,0,0,224:1;2249:1;229:1,224:3;9224:1;922:1,6,3,0,0.0,0,0,2,4,0,1,0.5,1,6,1,0,0.0,24.5,99.0,2,False,False
Evening,Set1,Draw5,3,12,4,2,0.0,3,0.0,False,False,False,False,False,True,False,2,6,2,6,0,0,0,0,02249:1;024:1;0224:1,92240:1;240:1;2240:1,8,3,1,0.0,0,0,0,0,0,1,0.0,0,7,4,0,0.0,24.0,74.5,3,False,False
Evening,Set1,Draw5,3,5,4,2,0.0,1,0.0,True,True,False,False,False,True,False,3,1,3,1,0,0,0,0,559:1;5599:1;455:1,559:3;5599:3;455:1,8,1,1,0.0,0,0,2,4,0,1,0.0,1,4,1,0,0.0,23.0,80.0,2,False,False
Evening,Set1,Draw5,3,15,4,2,0.0,1,0.0,True,True,False,False,False,True,False,1,2,1,2,0,0,0,0,599:1;099:1,599:3;990:1,8,1,1,0.0,0,0,2,4,0,1,0.0,1,1,1,0,0.0,20.0,43.5,2,False,False
Evening,Set1,Draw5,3,30,2,1,0.0,2,0.0,False,False,False,False,False,True,False,3,6,3,6,0,0,0,0,347:1;22349:1;2234:1,347:1;93224:1;3224:1,4,2,0,0.0,0,0,0,0,0,1,0.0,0,9,4,0,0.0,20.0,52.0,3,False,False
Evening,Set1,Draw5,3,3,3,1,0.0,1,0.0,True,False,False,False,False,True,False,2,1,2,1,0,0,0,0,007:1;255:1;00557:1,700:2;255:1;70055:1,6,1,0,0.0,0,0,2,0,0,1,0.0,1,2,4,0,0.0,17.0,53.5,3,False,False
Evening,Set1,Draw5,3,22,1,1,0.0,3,0.0,False,False,False,False,False,True,True,1,6,1,6,1,0,0,0,2246:1,6224:1,2,3,0,0.0,0,0,0,0,0,1,0.5,0,5,4,0,0.0,15.5,51.5,3,False,False
Evening,Set1,Draw5,3,21,2,1,0.0,2,0.0,False,False,False,False,False,True,True,1,5,1,5,3,0,0,0,2236:1;236:1;367:1,3622:1;362:1;367:1,4,2,0,0.0,0,0,0,0,0,1,0.5,0,4,4,0,0.0,15.5,34.5,3,False,False
Evening,Set1,Draw5,3,24,2,1,0.0,2,0.0,False,False,False,False,False,True,True,2,3,2,3,3,0,0,0,346:1;369:1;3699:1,634:1;936:1;9936:1,4,2,0,0.0,0,0,0,0,0,1,0.5,0,4,4,0,0.0,15.5,52.5,3,False,False
Evening,Set1,Draw5,3,8,2,2,0.0,2,0.0,False,False,False,False,False,False,False,1,4,1,4,0,0,0,0,036:1;0036:1,036:1;0036:1,4,2,1,0.0,0,0,0,0,0,0,0.0,0,3,4,0,0.0,14.0,40.0,3,False,False
Evening,Set1,Draw5,3,20,1,1,0.0,3,0.0,False,False,False,False,False,True,True,1,6,1,6,1,0,0,0,226:1,622:1,2,3,0,0.0,0,0,0,0,0,1,0.5,1,5,1,0,0.0,13.5,57.0,2,False,False
Evening,Set1,Draw5,3,27,1,1,0.0,2,0.0,False,False,False,False,False,True,False,1,6,1,6,0,0,0,0,223:1,322:1,2,2,0,0.0,0,0,0,0,0,1,0.0,1,5,1,0,0.0,12.0,59.5,2,False,False
Evening,Set1,Draw5,3,7,1,1,0.0,3,0.0,False,False,False,False,False,True,False,1,3,1,3,0,0,0,0,067:1;005567:1;00567:1,670:1;670055:1;67005:1,2,3,0,0.0,0,0,0,0,0,1,0.0,0,2,4,0,0.0,12.0,32.0,3,False,False
Evening,Set1,Draw5,3,34,2,1,0.0,1,0.0,True,False,False,False,False,True,False,1,2,1,2,0,0,0,0,399:1,993:2,4,1,0,0.0,0,0,2,0,0,1,0.0,1,1,1,0,0.0,11.0,39.0,2,False,False
Evening,Set1,Draw5,3,14,3,1,0.0,1,0.0,False,False,False,False,False,True,False,1,2,1,2,0,0,0,0,0035599:1;035599:1;35599:1,0055993:1;055993:1;55993:1,6,1,0,0.0,0,0,0,0,0,1,0.0,0,1,0,0,0.0,9.0,40.5,1,False,False
Evening,Set1,Draw5,3,2,1,1,0.0,1,0.0,False,False,False,False,False,True,False,1,1,1,1,0,0,0,0,006:1,006:1,2,1,0,0.0,0,0,0,0,0,1,0.0,1,0,4,0,0.0,9.0,38.5,3,False,False
Evening,Set1,Draw5,3,9,1,1,0.0,1,0.0,False,False,False,False,False,True,False,1,1,1,1,0,0,0,0,0055699:1;005699:1;00699:1,5599006:1;599006:1;99006:1,2,1,0,0.0,0,0,0,0,0,1,0.0,0,0,4,0,0.0,8.0,51.5,3,False,False
Evening,Set1,Draw5,3,1,1,1,0.0,1,0.0,False,False,False,False,False,True,False,2,1,2,1,0,0,0,0,055:1;005:1;0055:1,055:1;005:1;0055:1,2,1,0,0.0,0,0,0,0,0,1,0.0,1,2,1,0,0.0,8.0,34.5,2,False,False
Evening,Set1,Draw5,3,10,1,1,0.0,2,0.0,False,False,False,False,False,True,False,1,2,1,2,0,0,0,0,225:1;2255:1,225:1;2255:1,2,2,0,0.0,0,0,0,0,0,1,0.0,1,1,1,0,0.0,8.0,36.0,2,False,False
Evening,Set1,Draw5,3,31,1,1,0.0,1,0.0,False,False,False,False,False,True,True,1,2,1,2,2,0,0,0,22499:1;299:1,99224:1;992:1,2,1,0,0.0,0,0,0,0,0,1,0.5,1,1,1,0,0.0,7.5,57.5,2,False,False
Evening,Set1,Draw5,3,4,1,1,0.0,1,0.0,False,False,False,False,False,True,False,1,1,1,1,0,0,0,0,003:1,003:1,2,1,0,0.0,0,0,0,0,0,1,0.0,1,0,1,0,0.0,6.0,52.5,2,False,False
Evening,Set1,Draw6,1,28,4,2,0.0,2,1.0,True,True,False,True,False,True,True,1,7,1,7,3,3,0,0,224:1;229:1;2249:1,224:3;922:2;9224:2,8,2,1,0.0,0,1,2,4,0,1,0.5,1,6,1,0,0.0,27.5,99.0,2,False,False
Evening,Set1,Draw6,1,12,4,2,0.0,2,1.0,True,False,False,False,False,True,False,2,6,2,6,0,9,0,0,079:1;02249:1;024:1,709:2;92240:1;240:1,8,2,1,0.0,0,1,2,0,0,1,0.0,0,7,4,0,0.0,26.0,74.5,3,False,False
Evening,Set1,Draw6,1,21,3,2,0.0,2,1.0,False,False,False,False,False,True,True,2,1,2,1,3,3,0,0,678:1;2268:1;268:1,867:1;8622:1;862:1,6,2,1,0.0,0,1,0,0,0,1,0.5,0,2,4,0,0.0,17.5,34.5,3,False,False
Evening,Set1,Draw6,1,9,1,1,0.0,2,1.0,False,False,False,False,False,True,False,1,6,1,6,0,1,0,0,069:1,906:1,2,2,0,0.0,0,1,0,0,0,1,0.0,0,5,4,0,0.0,15.0,51.5,3,False,False
Evening,Set1,Draw6,1,20,1,1,0.0,2,1.0,False,False,False,False,False,True,True,1,6,1,6,1,1,0,0,226:1,622:1,2,2,0,0.0,0,1,0,0,0,1,0.5,1,5,1,0,0.0,13.5,57.0,2,False,False
Evening,Set1,Draw6,1,22,1,1,0.0,2,1.0,False,False,False,False,False,True,True,1,6,1,6,1,1,0,0,2246:1,6224:1,2,2,0,0.0,0,1,0,0,0,1,0.5,0,5,1,0,0.0,12.5,51.5,2,False,False
Evening,Set1,Draw6,1,24,2,1,0.0,1,1.0,False,False,False,False,False,True,True,1,2,1,2,2,2,0,0,468:1;689:1,684:1;986:1,4,1,0,0.0,0,1,0,0,0,1,0.5,0,1,4,0,0.0,12.5,52.5,3,False,False
Evening,Set1,Draw6,1,8,2,2,0.0,2,1.0,False,False,False,False,False,False,False,1,1,1,1,0,1,0,0,068:1,086:1,4,2,1,0.0,0,1,0,0,0,0,0.0,0,0,4,0,0.0,12.0,40.0,3,False,False
Evening,Set1,Draw6,1,14,2,1,0.0,1,1.0,False,False,False,False,False,True,False,2,1,2,1,0,2,0,0,089:1;048:1,098:1;408:1,4,1,0,0.0,0,1,0,0,0,1,0.0,0,2,1,0,0.0,10.0,40.5,2,False,False
Evening,Set1,Draw6,1,30,1,1,0.0,1,1.0,False,False,False,False,False,True,False,1,1,1,1,0,1,0,0,478:1,847:1,2,1,0,0.0,0,1,0,0,0,1,0.0,0,0,4,0,0.0,9.0,52.0,3,False,False
Evening,Set1,Draw6,1,11,1,1,0.0,1,1.0,False,False,False,False,False,True,False,2,1,2,1,0,1,0,0,078:1,870:1,2,1,0,0.0,0,1,0,0,0,1,0.0,0,2,1,0,0.0,8.0,30.5,2,False,False
Evening,Set1,Draw6,2,28,3,1,0.0,2,0.0,True,True,False,False,False,True,True,1,7,1,7,3,0,0,0,224:1;2249:1;229:1,224:3;9224:1;922:1,6,2,0,0.0,0,0,2,4,0,1,0.5,1,6,1,0,0.0,23.5,99.0,2,False,False
Evening,Set1,Draw6,2,12,4,2,0.0,2,0.0,False,False,False,False,False,True,False,2,6,2,6,0,0,0,0,02249:1;024:1;0224:1,92240:1;240:1;2240:1,8,2,1,0.0,0,0,0,0,0,1,0.0,0,7,4,0,0.0,23.0,74.5,3,False,False
Evening,Set1,Draw6,2,21,3,1,0.0,2,0.0,False,False,False,False,False,True,True,2,5,2,5,9,0,0,0,2236:1;236:1;13678:1,3622:1;362:1;13867:1,6,2,0,0.0,0,0,0,0,0,1,0.5,0,6,4,0,0.0,19.5,34.5,3,False,False
Evening,Set1,Draw6,2,9,3,1,0.0,2,0.0,False,False,False,False,False,True,False,1,6,1,6,0,0,0,0,069:1;0569:1;014:1,906:1;5906:1;401:1,6,2,0,0.0,0,0,0,0,0,1,0.0,0,5,4,0,0.0,18.0,51.5,3,False,False
Evening,Set1,Draw6,2,22,2,1,0.0,2,0.0,False,False,False,False,False,True,True,1,6,1,6,2,0,0,0,2246:1;147:1,6224:1;471:1,4,2,0,0.0,0,0,0,0,0,1,0.5,0,5,4,0,0.0,16.5,51.5,3,False,False
Evening,Set1,Draw6,2,30,2,1,0.0,1,0.0,False,False,False,False,False,True,False,3,6,3,6,0,0,0,0,347:1;22349:1;2234:1,347:1;93224:1;3224:1,4,1,0,0.0,0,0,0,0,0,1,0.0,0,9,1,0,0.0,16.0,52.0,2,False,False
Evening,Set1,Draw6,2,20,1,1,0.0,2,0.0,False,False,False,False,False,True,True,1,6,1,6,1,0,0,0,226:1,622:1,2,2,0,0.0,0,0,0,0,0,1,0.5,1,5,1,0,0.0,12.5,57.0,2,False,False
Evening,Set1,Draw6,2,7,2,2,0.0,1,0.0,False,False,False,False,False,True,False,1,2,1,2,0,0,0,0,0157:1;017:1,1705:1;170:1,4,1,1,0.0,0,0,0,0,0,1,0.0,0,1,4,0,0.0,12.0,32.0,3,False,False
Evening,Set1,Draw6,2,24,2,1,0.0,1,0.0,False,False,False,False,False,True,True,1,2,1,2,5,0,0,0,13689:1;3468:1;1389:1,19836:1;6834:1;1983:1,4,1,0,0.0,0,0,0,0,0,1,0.5,0,1,4,0,0.0,11.5,52.5,3,False,False
Evening,Set1,Draw6,2,18,2,1,0.0,1,0.0,False,False,False,False,False,True,True,1,2,1,2,2,0,0,0,1368:1;168:1,1386:1;681:1,4,1,0,0.0,0,0,0,0,0,1,0.5,0,1,4,0,0.0,11.5,53.5,3,False,False
Evening,Set1,Draw6,2,8,2,1,0.0,2,0.0,False,False,False,False,False,True,False,1,1,1,1,0,0,0,0,01368:1;0138:1;0368:1,01386:1;0138:1;0683:1,4,2,0,0.0,0,0,0,0,0,1,0.0,0,0,4,0,0.0,11.0,40.0,3,False,False
Evening,Set1,Draw6,2,23,3,3,0.0,1,0.0,False,False,False,False,False,True,False,1,1,1,1,0,0,0,0,368:1;138:1,386:1;138:1,6,1,2,0.0,0,0,0,0,0,1,0.0,0,0,1,0,0.0,11.0,32.0,2,False,False
Evening,Set1,Draw6,2,27,1,1,0.0,1,0.0,False,False,False,False,False,True,False,1,6,1,6,0,0,0,0,223:1,322:1,2,1,0,0.0,0,0,0,0,0,1,0.0,1,5,0,0,0.0,10.0,59.5,1,False,False
Evening,Set1,Draw6,2,5,2,2,0.0,1,0.0,False,False,False,False,False,False,False,2,2,2,2,0,0,0,0,059:1,590:1,4,1,1,0.0,0,0,0,0,0,0,0.0,0,3,1,0,0.0,10.0,80.0,2,False,False
Evening,Set1,Draw6,2,3,1,1,0.0,1,0.0,False,False,False,False,False,True,False,2,2,2,2,0,0,0,0,057:1,705:1,2,1,0,0.0,0,0,0,0,0,1,0.0,0,3,1,0,0.0,8.0,53.5,2,False,False
Evening,Set1,Draw6,2,14,1,1,0.0,1,0.0,False,False,False,False,False,True,False,2,2,2,2,0,0,0,0,0359:1;359:1,0593:1;593:1,2,1,0,0.0,0,0,0,0,0,1,0.0,0,3,0,0,0.0,7.0,40.5,1,False,False
Evening,Set1,Draw6,2,10,1,1,0.0,1,0.0,False,False,False,False,False,True,False,1,2,1,2,0,0,0,0,225:1,225:1,2,1,0,0.0,0,0,0,0,0,1,0.0,1,1,1,0,0.0,7.0,36.0,2,False,False
Evening,Set1,Draw6,2,33,2,1,0.0,1,0.0,False,False,False,False,False,True,False,1,1,1,1,0,0,0,0,348:1;389:1,834:1;983:1,4,1,0,0.0,0,0,0,0,0,1,0.0,0,0,1,0,0.0,7.0,48.5,2,False,False
Evening,Set1,Draw7,1,28,4,2,0.0,1,0.0,True,True,False,True,False,True,True,1,7,1,7,4,0,0,0,224:1;2244:1;2249:1,224:3;2244:3;9224:2,8,1,1,0.0,0,0,2,4,0,1,0.5,1,6,1,0,0.0,25.5,99.0,2,False,False
Evening,Set1,Draw7,1,31,4,1,0.0,1,0.0,True,True,False,False,False,True,True,1,3,1,3,3,0,0,0,244:1;22449:1;447:1,244:3;92244:2;447:1,8,1,0,0.0,0,0,2,4,0,1,0.5,1,2,4,0,0.0,23.5,57.5,3,False,False
Evening,Set1,Draw7,1,12,3,2,0.0,1,0.0,False,False,False,False,False,True,False,2,6,2,6,0,0,0,0,02249:1;079:1;022479:1,09224:1;709:1;709224:1,6,1,1,0.0,0,0,0,0,0,1,0.0,0,7,4,0,0.0,20.0,74.5,3,False,False
Evening,Set1,Draw7,1,18,4,2,0.0,1,0.0,True,False,False,False,False,False,True,1,2,1,2,3,0,0,0,668:1;168:1;1668:1,866:2;186:1;1866:1,8,1,1,0.0,0,0,2,0,0,0,0.5,1,1,4,0,0.0,18.5,53.5,3,False,False
Evening,Set1,Draw7,1,9,3,1,0.0,1,0.0,False,False,False,False,False,True,False,1,6,1,6,0,0,0,0,069:1;0144:1;014:1,906:1;4401:1;401:1,6,1,0,0.0,0,0,0,0,0,1,0.0,0,5,4,0,0.0,17.0,51.5,3,False,False
Evening,Set1,Draw7,1,21,3,2,0.0,1,0.0,False,False,False,False,False,True,True,2,2,2,2,6,0,0,0,1678:1;178:1;16678:1,6817:1;817:1;18667:1,6,1,1,0.0,0,0,0,0,0,1,0.5,0,3,4,0,0.0,16.5,34.5,3,False,False
Evening,Set1,Draw7,1,22,2,1,0.0,1,0.0,False,False,False,False,False,True,True,1,6,1,6,6,0,0,0,2246:1;224466:1;22446:1,6224:1;662244:1;62244:1,4,1,0,0.0,0,0,0,0,0,1,0.5,0,5,4,0,0.0,15.5,51.5,3,False,False
Evening,Set1,Draw7,1,20,1,1,0.0,1,0.0,False,False,False,False,False,True,True,1,6,1,6,2,0,0,0,226:1;2266:1,622:1;6622:1,2,1,0,0.0,0,0,0,0,0,1,0.5,1,5,1,0,0.0,11.5,57.0,2,False,False
Evening,Set1,Draw7,1,24,2,1,0.0,1,0.0,False,False,False,False,False,True,True,1,2,1,2,9,0,0,0,16689:1;44668:1;1689:1,19866:1;66844:1;1986:1,4,1,0,0.0,0,0,0,0,0,1,0.5,0,1,4,0,0.0,11.5,52.5,3,False,False
Evening,Set1,Draw7,1,15,1,1,0.0,1,0.0,False,False,False,False,False,True,False,1,3,1,3,0,0,0,0,044:1,440:1,2,1,0,0.0,0,0,0,0,0,1,0.0,1,2,4,0,0.0,11.0,43.5,3,False,False
Evening,Set1,Draw7,1,8,2,1,0.0,1,0.0,False,False,False,False,False,True,False,1,1,1,1,0,0,0,0,01668:1;0168:1;0668:1,01866:1;0186:1;0668:1,4,1,0,0.0,0,0,0,0,0,1,0.0,0,0,4,0,0.0,10.0,40.0,3,False,False
Evening,Set1,Draw7,1,34,1,1,0.0,1,0.0,False,False,False,False,False,True,False,1,1,1,1,0,0,0,0,448:1,844:1,2,1,0,0.0,0,0,0,0,0,1,0.0,1,0,4,0,0.0,9.0,39.0,3,False,False
Evening,Set1,Draw7,1,7,2,2,0.0,1,0.0,False,False,False,False,False,False,False,1,2,1,2,0,0,0,0,017:1,170:1,4,1,1,0.0,0,0,0,0,0,0,0.0,0,1,1,0,0.0,8.0,32.0,2,False,False
Evening,Set1,Draw7,1,17,2,1,0.0,1,0.0,False,False,False,False,False,True,True,1,1,1,1,2,0,0,0,667:1;266:1,667:1;662:1,4,1,0,0.0,0,0,0,0,0,1,0.5,1,0,0,0,0.0,7.5,20.0,1,False,False
Evening,Set1,Draw7,1,6,1,1,0.0,1,0.0,False,False,False,False,False,True,False,1,1,1,1,0,0,0,0,066:1,066:1,2,1,0,0.0,0,0,0,0,0,1,0.0,1,0,1,0,0.0,6.0,42.5,2,False,False
Evening,Set1,Draw7,1,30,1,1,0.0,1,0.0,False,False,False,False,False,True,False,1,1,1,1,0,0,0,0,4478:1,8447:1,2,1,0,0.0,0,0,0,0,0,1,0.0,0,0,1,0,0.0,5.0,52.0,2,False,False
Evening,Set2,Draw1,1,27,4,2,0.0,2,1.0,True,False,False,True,False,False,False,2,1,2,1,0,1,0,0,237:1,237:2,8,2,1,0.0,0,1,2,0,0,0,0.0,0,2,0,0,0.0,16.0,59.5,1,False,False
Evening,Set2,Draw1,2,27,4,2,0.0,2,1.0,True,False,False,False,False,False,False,2,1,2,1,0,1,0,0,237:1,237:2,8,2,1,0.0,0,1,2,0,0,0,0.0,0,2,0,1,0.0,17.0,59.5,1,True,False
Evening,Set2,Draw1,3,29,4,2,0.0,5,1.0,True,False,False,False,False,False,False,3,1,3,1,0,3,0,0,233:1;337:1;3377:1,233:2;337:2;3377:2,8,5,1,0.0,0,1,2,0,0,0,0.0,1,4,0,1,0.0,23.0,38.5,1,True,False
Evening,Set2,Draw1,3,27,4,2,0.0,3,1.0,True,False,False,False,False,False,False,3,1,3,1,0,3,0,0,377:1;23377:1;2337:1,377:2;23377:2;2337:2,8,3,1,0.0,0,1,2,0,0,0,0.0,1,4,0,1,0.0,21.0,59.5,1,True,False
Evening,Set2,Draw1,4,29,4,2,0.0,5,1.0,True,False,False,False,False,False,False,3,1,3,1,0,3,0,0,337:1;3377:1;233:1,733:2;7733:2;332:2,8,5,1,0.0,0,1,2,0,0,0,0.0,1,4,0,1,0.0,23.0,38.5,1,True,False
Evening,Set2,Draw1,4,30,4,3,0.0,4,1.0,True,False,False,False,False,False,False,3,1,3,1,0,8,0,0,233477:1;2334:1;23347:1,773324:2;3324:2;73324:2,8,4,2,0.0,0,1,2,0,0,0,0.0,0,4,0,1,0.0,22.0,52.0,1,True,False
Evening,Set2,Draw1,4,27,3,2,0.0,3,1.0,True,False,False,False,False,False,False,3,1,3,1,0,3,0,0,377:1;23377:1;2337:1,773:2;77332:2;7332:2,6,3,1,0.0,0,1,2,0,0,0,0.0,1,4,0,1,0.0,19.0,59.5,1,True,False
Evening,Set2,Draw1,4,33,2,2,0.0,4,1.0,False,False,False,False,False,False,False,3,1,3,1,0,1,0,0,334:1,433:1,4,4,1,0.0,0,1,0,0,0,0,0.0,1,4,1,1,0.0,17.0,48.5,2,True,False
Evening,Set2,Draw1,4,28,1,1,0.0,4,1.0,False,False,False,False,False,False,True,3,1,3,1,1,1,0,0,477:1,477:1,2,4,0,0.0,0,1,0,0,0,0,0.5,1,4,0,1,0.0,13.5,99.0,1,True,False
Evening,Set2,Draw1,5,29,4,3,0.0,5,0.0,True,False,False,False,False,False,False,3,1,3,1,0,0,0,0,33778:1;3778:1;233:1,332:2;33877:1;3877:1,8,5,2,0.0,0,0,2,0,0,0,0.0,1,4,0,1,0.0,23.0,38.5,1,True,False
Evening,Set2,Draw1,5,30,4,4,0.0,4,0.0,True,False,False,False,False,False,False,3,1,3,1,0,0,0,0,2334778:1;234:1;2334:1,324:2;3324:2;2433877:1,8,4,3,0.0,0,0,2,0,0,0,0.0,0,4,0,1,0.0,22.0,52.0,1,True,False
Evening,Set2,Draw1,5,32,3,2,0.0,3,0.0,True,False,False,False,False,False,False,3,1,3,1,0,0,0,0,338:1,833:2,6,3,1,0.0,0,0,2,0,0,0,0.0,1,4,1,1,0.0,19.0,32.0,2,True,False
Evening,Set2,Draw1,5,27,3,2,0.0,3,0.0,True,False,False,False,False,False,False,3,1,3,1,0,0,0,0,778:1;377:1;233778:1,877:2;773:1;877332:1,6,3,1,0.0,0,0,2,0,0,0,0.0,1,4,1,1,0.0,19.0,59.5,2,True,False
Evening,Set2,Draw1,5,33,2,2,0.0,4,0.0,False,False,False,False,False,False,False,3,1,3,1,0,0,0,0,334:1;3348:1,433:1;4338:1,4,4,1,0.0,0,0,0,0,0,0,0.0,1,4,1,1,0.0,16.0,48.5,2,True,False
Evening,Set2,Draw1,5,28,1,1,0.0,4,0.0,False,False,False,False,False,False,True,3,1,3,1,1,0,0,0,477:1,477:1,2,4,0,0.0,0,0,0,0,0,0,0.5,1,4,0,1,0.0,12.5,99.0,1,True,False
Evening,Set2,Draw1,6,13,4,2,0.0,2,0.0,True,False,False,False,False,False,False,3,1,3,1,0,0,0,0,0338:1;038:1;335:1,0833:2;083:2;533:1,8,2,1,0.0,0,0,2,0,0,0,0.0,1,4,4,1,0.0,23.0,46.5,3,True,False
Evening,Set2,Draw1,6,29,3,1,0.0,5,0.0,True,False,False,False,False,False,False,3,1,3,1,0,0,0,0,233:1;33778:1;3378:1,332:2;33877:1;3387:1,6,5,0,0.0,0,0,2,0,0,0,0.0,1,4,1,1,0.0,20.0,38.5,2,True,False
Evening,Set2,Draw1,6,32,3,2,0.0,3,0.0,True,False,False,False,False,False,False,3,1,3,1,0,0,0,0,338:1,833:2,6,3,1,0.0,0,0,2,0,0,0,0.0,1,4,1,1,0.0,19.0,32.0,2,True,False
Evening,Set2,Draw1,6,30,3,1,0.0,4,0.0,True,False,False,False,False,False,False,3,1,3,1,0,0,0,0,33477:1;234:1;334778:1,324:2;3324:2;33477:1,6,4,0,0.0,0,0,2,0,0,0,0.0,0,4,0,1,0.0,17.0,52.0,1,True,False
Evening,Set2,Draw1,6,27,2,1,0.0,3,0.0,True,False,False,False,False,False,False,3,1,3,1,0,0,0,0,778:1,877:2,4,3,0,0.0,0,0,2,0,0,0,0.0,1,4,1,1,0.0,16.0,59.5,2,True,False
Evening,Set2,Draw1,6,11,4,2,0.0,2,0.0,False,False,False,False,False,False,False,2,1,2,1,0,0,0,0,033778:1;0233778:1;03378:1,033877:1;7708332:1;03387:1,8,2,1,0.0,0,0,0,0,0,0,0.0,0,2,1,1,0.0,15.0,30.5,2,True,False
Evening,Set2,Draw1,6,33,1,1,0.0,4,0.0,False,False,False,False,False,False,False,3,1,3,1,0,0,0,0,3348:1;334:1,8334:1;334:1,2,4,0,0.0,0,0,0,0,0,0,0.0,1,4,1,1,0.0,13.0,48.5,2,True,False
Evening,Set2,Draw1,6,10,2,1,0.0,2,0.0,True,False,False,False,False,False,False,2,1,2,1,0,0,0,0,077:1,770:2,4,2,0,0.0,0,0,2,0,0,0,0.0,1,2,1,1,0.0,13.0,36.0,2,True,False
Evening,Set2,Draw1,6,28,1,1,0.0,4,0.0,False,False,False,False,False,False,True,3,1,3,1,1,0,0,0,477:1,477:1,2,4,0,0.0,0,0,0,0,0,0,0.5,1,4,0,1,0.0,12.5,99.0,1,True,False
Evening,Set2,Draw1,6,4,2,1,0.0,1,0.0,False,False,False,False,False,False,False,2,1,2,1,0,0,0,0,0335:1;035:1;0358:1,0533:1;053:1;5083:1,4,1,0,0.0,0,0,0,0,0,0,0.0,0,2,4,1,0.0,12.0,52.5,3,True,False
Evening,Set2,Draw1,6,14,2,2,0.0,2,0.0,False,False,False,False,False,False,False,2,1,2,1,0,0,0,0,03348:1;0334:1;033458:1,40338:1;4033:1;508334:1,4,2,1,0.0,0,0,0,0,0,0,0.0,0,2,1,1,0.0,11.0,40.5,2,True,False
Evening,Set2,Draw1,6,12,2,2,0.0,2,0.0,False,False,False,False,False,False,False,2,1,2,1,0,0,0,0,245:1;024:1;0245:1,524:1;240:1;5240:1,4,2,1,0.0,0,0,0,0,0,0,0.0,0,2,0,1,0.0,10.0,74.5,1,True,False
Evening,Set2,Draw1,6,3,2,1,0.0,2,0.0,False,False,False,False,False,False,False,2,1,2,1,0,0,0,0,057:1;025:1;0577:1,705:1;250:1;7705:1,4,2,0,0.0,0,0,0,0,0,0,0.0,0,2,1,1,0.0,10.0,53.5,2,True,False
Evening,Set2,Draw1,7,5,4,2,0.0,1,0.0,True,True,False,False,False,False,False,3,1,3,1,0,0,0,0,559:1;0559:1;455:1,559:3;5590:1;455:1,8,1,1,0.0,0,0,2,4,0,0,0.0,1,4,4,1,0.0,26.0,80.0,3,True,False
Evening,Set2,Draw1,7,29,3,1,0.0,5,0.0,True,False,False,False,False,False,False,2,1,2,1,0,0,0,0,233:1;788:1;337788:1,332:2;887:2;338877:1,6,5,0,0.0,0,0,2,0,0,0,0.0,1,2,4,1,0.0,21.0,38.5,3,True,False
Evening,Set2,Draw1,7,30,3,1,0.0,4,0.0,True,False,False,False,False,False,False,3,1,3,1,0,0,0,0,33477:1;234:1;334778:1,324:2;3324:2;33477:1,6,4,0,0.0,0,0,2,0,0,0,0.0,0,4,4,1,0.0,21.0,52.0,3,True,False
Evening,Set2,Draw1,7,33,3,1,0.0,4,0.0,False,False,False,False,False,False,False,3,1,3,1,0,0,0,0,3348:1;334:1;33488:1,8334:1;334:1;88334:1,6,4,0,0.0,0,0,0,0,0,0,0.0,1,4,4,1,0.0,20.0,48.5,3,True,False
Evening,Set2,Draw1,7,32,3,2,0.0,3,0.0,True,False,False,False,False,False,False,3,1,3,1,0,0,0,0,338:1;3388:1;388:1,833:2;8833:2;883:2,6,3,1,0.0,0,0,2,0,0,0,0.0,1,4,1,1,0.0,19.0,32.0,2,True,False
Evening,Set2,Draw1,7,12,4,2,0.0,2,0.0,False,False,False,False,False,False,False,2,1,2,1,0,0,0,0,2559:1;024559:1;055779:1,5592:1;559240:1;770559:1,8,2,1,0.0,0,0,0,0,0,0,0.0,0,2,4,1,0.0,18.0,74.5,3,True,False
Evening,Set2,Draw1,7,27,2,1,0.0,3,0.0,True,False,False,False,False,False,False,3,1,3,1,0,0,0,0,778:1;7788:1,877:2;8877:2,4,3,0,0.0,0,0,2,0,0,0,0.0,1,4,1,1,0.0,16.0,59.5,2,True,False
Evening,Set2,Draw1,7,13,2,2,0.0,2,0.0,False,False,False,False,False,False,False,2,1,2,1,0,0,0,0,0338:1;033:1;03388:1,0338:1;033:1;03388:1,4,2,1,0.0,0,0,0,0,0,0,0.0,1,2,4,1,0.0,15.0,46.5,3,True,False
Evening,Set2,Draw1,7,14,4,2,0.0,2,0.0,False,False,False,False,False,False,False,2,1,2,1,0,0,0,0,03348:1;03355889:1;03345889:1,40338:1;55908833:1;59088334:1,8,2,1,0.0,0,0,0,0,0,0,0.0,0,2,0,1,0.0,14.0,40.5,1,True,False
Evening,Set2,Draw1,7,3,2,1,0.0,2,0.0,False,False,False,False,False,False,False,2,1,2,1,0,0,0,0,057:1;255:1;0577:1,705:1;255:1;7705:1,4,2,0,0.0,0,0,0,0,0,0,0.0,1,2,4,1,0.0,14.0,53.5,3,True,False
Evening,Set2,Draw1,7,28,1,1,0.0,4,0.0,False,False,False,False,False,False,True,3,1,3,1,1,0,0,0,477:1,477:1,2,4,0,0.0,0,0,0,0,0,0,0.5,1,4,1,1,0.0,13.5,99.0,2,True,False
Evening,Set2,Draw1,7,10,2,1,0.0,2,0.0,True,False,False,False,False,False,False,2,1,2,1,0,0,0,0,077:1,770:2,4,2,0,0.0,0,0,2,0,0,0,0.0,1,2,1,1,0.0,13.0,36.0,2,True,False
Evening,Set2,Draw1,7,11,2,1,0.0,2,0.0,False,False,False,False,False,False,False,2,1,2,1,0,0,0,0,0337788:1;0557788:1;033788:1,0338877:1;8877055:1;033887:1,4,2,0,0.0,0,0,0,0,0,0,0.0,0,2,4,1,0.0,13.0,30.5,3,True,False
Evening,Set2,Draw1,7,1,1,1,0.0,1,0.0,False,False,False,False,False,False,False,2,1,2,1,0,0,0,0,055:1,055:1,2,1,0,0.0,0,0,0,0,0,0,0.0,1,2,1,1,0.0,8.0,34.5,2,True,False
Evening,Set2,Draw1,7,31,1,1,0.0,1,0.0,False,False,False,False,False,False,True,1,1,1,1,1,0,0,0,249:1,924:1,2,1,0,0.0,0,0,0,0,0,0,0.5,0,0,1,1,0.0,5.5,57.5,2,True,False
Evening,Set3,Draw1,1,11,4,2,0.0,1,1.0,True,False,False,True,False,False,False,2,1,2,1,0,1,0,0,037:1,037:2,8,1,1,0.0,0,1,2,0,0,0,0.0,0,2,0,0,0.0,15.0,30.5,1,False,False
Evening,Set3,Draw1,2,27,4,2,0.0,3,1.0,True,False,False,False,False,False,False,3,1,3,1,0,1,0,0,377:1,377:2,8,3,1,0.0,0,1,2,0,0,0,0.0,1,4,0,1,0.0,21.0,59.5,1,True,False
Evening,Set3,Draw1,2,29,4,2,0.0,3,1.0,True,False,False,False,False,False,False,3,1,3,1,0,2,0,0,337:1;3377:1,337:2;3377:2,8,3,1,0.0,0,1,2,0,0,0,0.0,1,4,0,0,0.0,20.0,38.5,1,False,False
Evening,Set3,Draw1,3,33,4,2,0.0,5,1.0,True,True,False,False,False,False,False,3,1,3,1,0,1,0,0,334:1,334:3,8,5,1,0.0,0,1,2,4,0,0,0.0,1,4,1,0,0.0,27.0,48.5,2,False,False
Evening,Set3,Draw1,3,30,4,3,0.0,5,1.0,True,False,False,False,False,True,False,3,1,3,1,0,4,0,0,33477:1;3347:1;3477:1,77334:2;7334:2;3477:1,8,5,2,0.0,0,1,2,0,0,1,0.0,0,4,0,0,0.0,23.0,52.0,1,False,False
Evening,Set3,Draw1,3,29,3,2,0.0,3,1.0,True,False,False,False,False,False,False,3,1,3,1,0,2,0,0,337:1;3377:1,733:2;7733:2,6,3,1,0.0,0,1,2,0,0,0,0.0,1,4,0,1,0.0,19.0,38.5,1,True,False
Evening,Set3,Draw1,3,27,3,2,0.0,3,1.0,True,False,False,False,False,False,False,3,1,3,1,0,1,0,0,377:1,773:2,6,3,1,0.0,0,1,2,0,0,0,0.0,1,4,0,1,0.0,19.0,59.5,1,True,False
Evening,Set3,Draw1,3,28,1,1,0.0,5,1.0,False,False,False,False,False,True,True,3,1,3,1,1,1,0,0,477:1,477:1,2,5,0,0.0,0,1,0,0,0,1,0.5,1,4,0,0,0.0,14.5,99.0,1,False,False
Evening,Set3,Draw1,4,33,4,2,0.0,5,1.0,True,True,False,False,False,False,False,3,1,3,1,0,2,0,0,334:1;3348:1,334:3;8334:2,8,5,1,0.0,0,1,2,4,0,0,0.0,1,4,1,1,0.0,28.0,48.5,2,True,False
Evening,Set3,Draw1,4,30,4,4,0.0,5,1.0,False,False,False,False,False,False,False,3,1,3,1,0,6,0,0,334778:1;33478:1;33477:1,433877:1;43387:1;33477:1,8,5,3,0.0,0,1,0,0,0,0,0.0,0,4,0,1,0.0,22.0,52.0,1,True,False
Evening,Set3,Draw1,4,27,3,2,0.0,3,1.0,True,False,False,False,False,False,False,3,1,3,1,0,2,0,0,778:1;377:1,877:2;773:1,6,3,1,0.0,0,1,2,0,0,0,0.0,1,4,1,1,0.0,20.0,59.5,2,True,False
Evening,Set3,Draw1,4,32,3,2,0.0,4,1.0,True,False,False,False,False,False,False,3,1,3,1,0,1,0,0,338:1,833:2,6,4,1,0.0,0,1,2,0,0,0,0.0,1,4,0,0,0.0,19.0,32.0,1,False,False
Evening,Set3,Draw1,4,29,3,3,0.0,3,1.0,False,False,False,False,False,False,False,3,1,3,1,0,6,0,0,33778:1;3778:1;3378:1,33877:1;3877:1;3387:1,6,3,2,0.0,0,1,0,0,0,0,0.0,1,4,0,1,0.0,18.0,38.5,1,True,False
Evening,Set3,Draw1,4,28,1,1,0.0,5,1.0,False,False,False,False,False,False,True,3,1,3,1,1,1,0,0,477:1,477:1,2,5,0,0.0,0,1,0,0,0,0,0.5,1,4,0,1,0.0,14.5,99.0,1,True,False
Evening,Set3,Draw1,5,33,4,2,0.0,5,0.0,True,True,False,False,False,False,False,3,1,3,1,0,0,0,0,334:1;3348:1,334:3;8334:2,8,5,1,0.0,0,0,2,4,0,0,0.0,1,4,1,1,0.0,27.0,48.5,2,True,False
Evening,Set3,Draw1,5,32,3,2,0.0,4,0.0,True,False,False,False,False,False,False,3,1,3,1,0,0,0,0,338:1,833:2,6,4,1,0.0,0,0,2,0,0,0,0.0,1,4,1,1,0.0,20.0,32.0,2,True,False
Evening,Set3,Draw1,5,27,3,2,0.0,3,0.0,True,False,False,False,False,False,False,3,1,3,1,0,0,0,0,778:1,877:2,6,3,1,0.0,0,0,2,0,0,0,0.0,1,4,1,1,0.0,19.0,59.5,2,True,False
Evening,Set3,Draw1,5,30,3,3,0.0,5,0.0,False,False,False,False,False,False,False,3,1,3,1,0,0,0,0,334778:1;33478:1;33477:1,433877:1;43387:1;33477:1,6,5,2,0.0,0,0,0,0,0,0,0.0,0,4,0,1,0.0,18.0,52.0,1,True,False
Evening,Set3,Draw1,5,14,4,3,0.0,3,0.0,False,False,False,False,False,False,False,1,1,1,1,0,0,0,0,33458:1;3345:1;345:1,54338:1;5433:1;543:1,8,3,2,0.0,0,0,0,0,0,0,0.0,0,0,1,0,0.0,14.0,40.5,2,False,False
Evening,Set3,Draw1,5,28,1,1,0.0,5,0.0,False,False,False,False,False,False,True,3,1,3,1,1,0,0,0,477:1,477:1,2,5,0,0.0,0,0,0,0,0,0,0.5,1,4,0,1,0.0,13.5,99.0,1,True,False
Evening,Set3,Draw1,5,29,2,2,0.0,2,0.0,False,False,False,False,False,False,False,3,1,3,1,0,0,0,0,33778:1;3378:1;3778:1,33877:1;3387:1;3877:1,4,2,1,0.0,0,0,0,0,0,0,0.0,0,4,1,1,0.0,13.0,38.5,2,True,False
Evening,Set3,Draw1,5,13,2,1,0.0,3,0.0,False,False,False,False,False,False,False,3,1,3,1,0,0,0,0,335:1;3358:1;358:1,533:1;5833:1;583:1,4,3,0,0.0,0,0,0,0,0,0,0.0,1,4,1,0,0.0,13.0,46.5,2,False,False
Evening,Set3,Draw1,5,10,1,1,0.0,3,0.0,False,False,False,False,False,False,False,1,1,1,1,0,0,0,0,577:1,775:1,2,3,0,0.0,0,0,0,0,0,0,0.0,1,0,0,0,0.0,6.0,36.0,1,False,False
Evening,Set3,Draw1,5,11,1,1,0.0,2,0.0,False,False,False,False,False,False,False,1,1,1,1,0,0,0,0,335778:1;35778:1;5778:1,877533:1;87753:1;8775:1,2,2,0,0.0,0,0,0,0,0,0,0.0,0,0,0,0,0.0,4.0,30.5,1,False,False
Evening,Set3,Draw1,6,33,4,2,0.0,5,0.0,True,True,False,False,False,False,False,3,1,3,1,0,0,0,0,334:1;3348:1;33488:1,334:3;8334:2;88334:2,8,5,1,0.0,0,0,2,4,0,0,0.0,1,4,4,1,0.0,30.0,48.5,3,True,False
Evening,Set3,Draw1,6,30,3,3,0.0,5,0.0,False,False,False,False,False,False,False,3,1,3,1,0,0,0,0,3347788:1;334788:1;33477:1,4338877:1;433887:1;33477:1,6,5,2,0.0,0,0,0,0,0,0,0.0,0,4,4,1,0.0,22.0,52.0,3,True,False
Evening,Set3,Draw1,6,32,3,2,0.0,4,0.0,True,False,False,False,False,False,False,3,1,3,1,0,0,0,0,338:1;3388:1;388:1,833:2;8833:2;883:2,6,4,1,0.0,0,0,2,0,0,0,0.0,1,4,1,1,0.0,20.0,32.0,2,True,False
Evening,Set3,Draw1,6,27,3,2,0.0,3,0.0,True,False,False,False,False,False,False,3,1,3,1,0,0,0,0,778:1;7788:1,877:2;8877:2,6,3,1,0.0,0,0,2,0,0,0,0.0,1,4,1,1,0.0,19.0,59.5,2,True,False
Evening,Set3,Draw1,6,29,3,2,0.0,1,0.0,True,False,False,False,False,False,False,2,1,2,1,0,0,0,0,788:1;337788:1;33788:1,887:2;338877:1;33887:1,6,1,1,0.0,0,0,2,0,0,0,0.0,1,2,4,1,0.0,18.0,38.5,3,True,False
Evening,Set3,Draw1,6,28,1,1,0.0,5,0.0,False,False,False,False,False,False,True,3,1,3,1,1,0,0,0,477:1,477:1,2,5,0,0.0,0,0,0,0,0,0,0.5,1,4,1,1,0.0,14.5,99.0,2,True,False
Evening,Set3,Draw1,6,14,4,3,0.0,3,0.0,False,False,False,False,False,False,False,1,1,1,1,0,0,0,0,3345588:1;334588:1;33455:1,5543388:1;543388:1;55433:1,8,3,2,0.0,0,0,0,0,0,0,0.0,0,0,0,1,0.0,14.0,40.5,1,True,False
Evening,Set3,Draw1,6,13,2,1,0.0,3,0.0,False,False,False,False,False,False,False,3,1,3,1,0,0,0,0,335:1;335588:1;35588:1,533:1;558833:1;55883:1,4,3,0,0.0,0,0,0,0,0,0,0.0,1,4,1,1,0.0,14.0,46.5,2,True,False
Evening,Set3,Draw1,6,5,2,2,0.0,2,0.0,False,False,False,False,False,False,False,3,1,3,1,0,0,0,0,455:1,554:1,4,2,1,0.0,0,0,0,0,0,0,0.0,1,4,1,0,0.0,13.0,80.0,2,False,False
Evening,Set3,Draw1,6,4,2,1,0.0,2,0.0,False,False,False,False,False,False,False,1,1,1,1,0,0,0,0,355:1;558:1;5588:1,553:1;558:1;5588:1,4,2,0,0.0,0,0,0,0,0,0,0.0,1,0,1,1,0.0,9.0,52.5,2,True,False
Evening,Set3,Draw1,6,10,1,1,0.0,3,0.0,False,False,False,False,False,False,False,1,1,1,1,0,0,0,0,577:1,775:1,2,3,0,0.0,0,0,0,0,0,0,0.0,1,0,0,1,0.0,7.0,36.0,1,True,False
Evening,Set3,Draw1,6,3,1,1,0.0,2,0.0,False,False,False,False,False,False,False,1,1,1,1,0,0,0,0,5577:1;557:1,7755:1;755:1,2,2,0,0.0,0,0,0,0,0,0,0.0,1,0,1,1,0.0,7.0,53.5,2,True,False
Evening,Set3,Draw1,6,11,1,1,0.0,2,0.0,False,False,False,False,False,False,False,1,1,1,1,0,0,0,0,33557788:1;3557788:1;3355778:1,88775533:1;8877553:1;8775533:1,2,2,0,0.0,0,0,0,0,0,0,0.0,0,0,1,1,0.0,6.0,30.5,2,True,False
Evening,Set3,Draw1,7,33,2,1,0.0,5,0.0,True,False,False,False,False,False,False,3,1,3,1,0,0,0,0,334:1;3348:1;33488:1,334:2;8334:1;88334:1,4,5,0,0.0,0,0,2,0,0,0,0.0,1,4,4,1,0.0,21.0,48.5,3,True,False
Evening,Set3,Draw1,7,32,3,2,0.0,4,0.0,True,False,False,False,False,False,False,3,1,3,1,0,0,0,0,338:1;3388:1;388:1,833:2;8833:2;883:2,6,4,1,0.0,0,0,2,0,0,0,0.0,1,4,1,1,0.0,20.0,32.0,2,True,False
Evening,Set3,Draw1,7,23,4,3,0.0,1,0.0,True,False,False,False,False,False,False,2,1,2,1,0,0,0,0,33688:1;688:1;133688:1,688:2;33886:1;133886:1,8,1,2,0.0,0,0,2,0,0,0,0.0,1,2,4,0,0.0,20.0,32.0,3,False,False
Evening,Set3,Draw1,7,20,4,2,0.0,1,0.0,True,False,False,False,False,False,True,2,1,2,1,2,0,0,0,177:1;677:1,771:2;677:1,8,1,1,0.0,0,0,2,0,0,0,0.5,1,2,4,0,0.0,19.5,57.0,3,False,False
Evening,Set3,Draw1,7,28,1,1,0.0,5,0.0,False,False,False,False,False,False,True,3,1,3,1,1,0,0,0,477:1,477:1,2,5,0,0.0,0,0,0,0,0,0,0.5,1,4,4,1,0.0,17.5,99.0,3,True,False
Evening,Set3,Draw1,7,30,1,1,0.0,5,0.0,False,False,False,False,False,False,False,3,1,3,1,0,0,0,0,33477:1;334778:1;3347:1,33477:1;833477:1;3347:1,2,5,0,0.0,0,0,0,0,0,0,0.0,0,4,4,1,0.0,16.0,52.0,3,True,False
Evening,Set3,Draw1,7,21,3,2,0.0,1,0.0,False,False,False,False,False,False,True,2,1,2,1,20,0,0,0,13367788:1;1336788:1;3367788:1,13388677:1;1338867:1;3388677:1,6,1,1,0.0,0,0,0,0,0,0,0.5,0,2,4,0,0.0,14.5,34.5,3,False,False
Evening,Set3,Draw1,7,24,3,2,0.0,1,0.0,False,False,False,False,False,False,True,2,1,2,1,9,0,0,0,1334688:1;334688:1;33468:1,4133886:1;688334:1;83364:1,6,1,1,0.0,0,0,0,0,0,0,0.5,0,2,4,0,0.0,14.5,52.5,3,False,False
Evening,Set3,Draw1,7,5,2,2,0.0,2,0.0,False,False,False,False,False,False,False,3,1,3,1,0,0,0,0,455:1,554:1,4,2,1,0.0,0,0,0,0,0,0,0.0,1,4,1,1,0.0,14.0,80.0,2,True,False
Evening,Set3,Draw1,7,13,1,1,0.0,3,0.0,False,False,False,False,False,False,False,3,1,3,1,0,0,0,0,335:1;3355:1,533:1;5533:1,2,3,0,0.0,0,0,0,0,0,0,0.0,1,4,1,1,0.0,12.0,46.5,2,True,False
Evening,Set3,Draw1,7,22,1,1,0.0,1,0.0,False,False,False,False,False,False,True,2,1,2,1,1,0,0,0,1477:1,4771:1,2,1,0,0.0,0,0,0,0,0,0,0.5,0,2,4,0,0.0,9.5,51.5,3,False,False
Evening,Set3,Draw1,7,10,1,1,0.0,3,0.0,False,False,False,False,False,False,False,1,1,1,1,0,0,0,0,577:1,775:1,2,3,0,0.0,0,0,0,0,0,0,0.0,1,0,1,1,0.0,8.0,36.0,2,True,False
Evening,Set3,Draw1,7,18,1,1,0.0,1,0.0,False,False,False,False,False,False,True,1,1,1,1,1,0,0,0,1688:1,6881:1,2,1,0,0.0,0,0,0,0,0,0,0.5,0,0,4,0,0.0,7.5,53.5,3,False,False
Evening,Set3,Draw1,7,3,1,1,0.0,2,0.0,False,False,False,False,False,False,False,1,1,1,1,0,0,0,0,5577:1;557:1,7755:1;755:1,2,2,0,0.0,0,0,0,0,0,0,0.0,1,0,1,1,0.0,7.0,53.5,2,True,False
Evening,Set3,Draw1,7,11,1,1,0.0,2,0.0,False,False,False,False,False,False,False,1,1,1,1,0,0,0,0,335577:1;35577:1;33557:1,775533:1;77553:1;75533:1,2,2,0,0.0,0,0,0,0,0,0,0.0,0,0,1,1,0.0,6.0,30.5,2,True,False
Evening,Set3,Draw1,7,14,1,1,0.0,3,0.0,False,False,False,False,False,False,False,1,1,1,1,0,0,0,0,33455:1;3345:1,55334:1;5334:1,2,3,0,0.0,0,0,0,0,0,0,0.0,0,0,0,1,0.0,6.0,40.5,1,True,False
Evening,Set3,Draw1,7,4,1,1,0.0,2,0.0,False,False,False,False,False,False,False,1,1,1,1,0,0,0,0,355:1,553:1,2,2,0,0.0,0,0,0,0,0,0,0.0,1,0,1,0,0.0,6.0,52.5,2,False,False
Evening,Set3,Draw1,7,9,2,1,0.0,1,0.0,False,False,False,False,False,False,False,1,1,1,1,0,0,0,0,1455:1;4556:1;145:1,5541:1;6455:1;541:1,4,1,0,0.0,0,0,0,0,0,0,0.0,0,0,0,0,0.0,5.0,51.5,1,False,False
Evening,Set3,Draw1,7,2,1,1,0.0,1,0.0,False,False,False,False,False,False,False,1,1,1,1,0,0,0,0,556:1,556:1,2,1,0,0.0,0,0,0,0,0,0,0.0,1,0,1,0,0.0,5.0,38.5,2,False,False
Evening,Set3,Draw1,7,8,1,1,0.0,1,0.0,False,False,False,False,False,False,False,1,1,1,1,0,0,0,0,3355688:1;355688:1;335688:1,5568833:1;556883:1;568833:1,2,1,0,0.0,0,0,0,0,0,0,0.0,0,0,1,0,0.0,4.0,40.0,2,False,False
Evening,Set3,Draw1,7,7,1,1,0.0,1,0.0,False,False,False,False,False,False,False,1,1,1,1,0,0,0,0,15577:1;1577:1,17755:1;1775:1,2,1,0,0.0,0,0,0,0,0,0,0.0,0,0,1,0,0.0,4.0,32.0,2,False,False
Midday,Set1,Draw1,1,14,4,2,0.0,1,1.0,True,True,False,True,False,False,False,1,3,1,3,0,0,1,0,048:1,084:3,8,1,1,0.0,0,1,2,4,0,0,0.0,0,2,0,1,0.0,20.0,40.5,1,True,False
Midday,Set1,Draw1,2,5,3,2,0.0,6,1.0,True,False,False,False,False,False,False,3,6,3,6,0,0,1,0,455:1,554:2,6,6,1,0.0,0,1,2,0,0,0,0.0,1,9,0,1,0.0,27.0,80.0,1,True,False
Midday,Set1,Draw1,2,4,2,2,0.0,6,1.0,False,False,False,False,False,False,False,3,2,3,2,0,0,1,0,558:1,558:1,4,6,1,0.0,0,1,0,0,0,0,0.0,1,5,0,1,0.0,19.0,52.5,1,True,False
Midday,Set1,Draw1,2,14,4,4,0.0,2,1.0,False,False,False,False,False,False,False,2,2,2,2,0,0,2,0,4558:1;458:1,5548:1;548:1,8,2,3,0.0,0,1,0,0,0,0,0.0,0,3,0,1,0.0,18.0,40.5,1,True,False
Midday,Set1,Draw1,3,5,3,2,0.0,6,1.0,True,False,False,False,False,False,False,3,6,3,6,0,0,1,0,455:1,554:2,6,6,1,0.0,0,1,2,0,0,0,0.0,1,9,1,1,0.0,28.0,80.0,2,True,False
Midday,Set1,Draw1,3,14,4,4,0.0,2,1.0,False,False,False,False,False,False,False,2,2,2,2,0,0,2,0,4558:1;458:1,5548:1;548:1,8,2,3,0.0,0,1,0,0,0,0,0.0,0,3,1,1,0.0,19.0,40.5,2,True,False
Midday,Set1,Draw1,3,4,2,2,0.0,6,1.0,False,False,False,False,False,False,False,3,2,3,2,0,0,1,0,558:1,558:1,4,6,1,0.0,0,1,0,0,0,0,0.0,1,5,0,1,0.0,19.0,52.5,1,True,False
Midday,Set1,Draw1,4,5,2,2,0.0,6,1.0,False,False,False,False,False,False,False,3,6,3,6,0,1,0,0,455:1,554:1,4,6,1,0.0,0,1,0,0,0,0,0.0,1,9,1,1,0.0,24.0,80.0,2,True,False
Midday,Set1,Draw1,4,33,3,2,0.0,3,1.0,True,False,False,False,False,False,True,3,5,3,5,1,1,0,0,348:1,834:2,6,3,1,0.0,0,1,2,0,0,0,0.5,0,8,1,1,0.0,23.5,48.5,2,True,False
Midday,Set1,Draw1,4,14,4,4,0.0,2,1.0,False,False,False,False,False,False,False,3,3,3,3,0,4,0,0,34558:1;3455:1;3458:1,55438:1;5543:1;5438:1,8,2,3,0.0,0,1,0,0,0,0,0.0,0,6,1,1,0.0,22.0,40.5,2,True,False
Midday,Set1,Draw1,4,4,2,2,0.0,6,1.0,False,False,False,False,False,False,False,3,5,3,5,0,2,0,0,558:1;355:1,558:1;553:1,4,6,1,0.0,0,1,0,0,0,0,0.0,1,8,0,1,0.0,22.0,52.5,1,True,False
Midday,Set1,Draw1,4,13,2,2,0.0,2,1.0,False,False,False,False,False,False,False,3,2,3,2,0,2,0,0,3558:1;358:1,5583:1;583:1,4,2,1,0.0,0,1,0,0,0,0,0.0,0,5,1,1,0.0,15.0,46.5,2,True,False
Midday,Set1,Draw1,5,23,4,3,0.0,3,1.0,True,False,False,False,False,False,True,3,5,3,5,3,3,0,0,3688:1;688:1;368:1,688:2;3886:1;836:1,8,3,2,0.0,0,1,2,0,0,0,0.5,1,8,0,1,0.0,26.5,32.0,1,True,False
Midday,Set1,Draw1,5,5,2,2,0.0,6,1.0,False,False,False,False,False,False,False,3,6,3,6,0,1,0,0,455:1,554:1,4,6,1,0.0,0,1,0,0,0,0,0.0,1,9,1,1,0.0,24.0,80.0,2,True,False
Midday,Set1,Draw1,5,24,3,3,0.0,2,1.0,False,False,False,False,False,False,True,3,5,3,5,3,3,0,0,34688:1;3468:1;346:1,43886:1;8364:1;364:1,6,2,2,0.0,0,1,0,0,0,0,0.5,0,8,0,1,0.0,20.5,52.5,1,True,False
Midday,Set1,Draw1,5,33,2,2,0.0,3,1.0,False,False,False,False,False,False,True,3,5,3,5,2,2,0,0,348:1;3488:1,438:1;4388:1,4,3,1,0.0,0,1,0,0,0,0,0.5,0,8,1,1,0.0,19.5,48.5,2,True,False
Midday,Set1,Draw1,5,32,3,2,0.0,3,1.0,True,False,False,False,False,False,False,2,3,2,3,0,1,0,0,388:1,883:2,6,3,1,0.0,0,1,2,0,0,0,0.0,1,4,0,1,0.0,19.0,32.0,1,True,False
Midday,Set1,Draw1,5,4,1,1,0.0,6,1.0,False,False,False,False,False,False,False,3,5,3,5,0,3,0,0,558:1;355:1;5588:1,855:1;553:1;8855:1,2,6,0,0.0,0,1,0,0,0,0,0.0,1,8,0,1,0.0,19.0,52.5,1,True,False
Midday,Set1,Draw1,5,14,2,2,0.0,2,1.0,False,False,False,False,False,False,False,3,3,3,3,0,6,0,0,34558:1;3455:1;345:1,55438:1;5543:1;543:1,4,2,1,0.0,0,1,0,0,0,0,0.0,0,6,1,1,0.0,16.0,40.5,2,True,False
Midday,Set1,Draw1,5,13,1,1,0.0,3,1.0,False,False,False,False,False,False,False,3,2,3,2,0,3,0,0,3558:1;588:1;35588:1,8553:1;885:1;88553:1,2,3,0,0.0,0,1,0,0,0,0,0.0,1,5,1,1,0.0,14.0,46.5,2,True,False
Midday,Set1,Draw1,5,8,2,2,0.0,3,1.0,False,False,False,False,False,False,False,3,1,3,1,0,6,0,0,55688:1;355688:1;5688:1,55688:1;556883:1;5688:1,4,3,1,0.0,0,1,0,0,0,0,0.0,0,4,0,1,0.0,14.0,40.0,1,True,False
Midday,Set1,Draw1,5,9,1,1,0.0,1,1.0,False,False,False,False,False,False,True,3,4,3,4,2,2,0,0,4556:1;456:1,6455:1;645:1,2,1,0,0.0,0,1,0,0,0,0,0.5,0,7,0,1,0.0,12.5,51.5,1,True,False
Midday,Set1,Draw1,5,2,1,1,0.0,1,1.0,False,False,False,False,False,False,True,3,1,3,1,1,1,0,0,556:1,556:1,2,1,0,0.0,0,1,0,0,0,0,0.5,1,4,0,1,0.0,10.5,38.5,1,True,False
Midday,Set1,Draw1,6,5,4,1,0.0,6,0.0,True,True,False,False,False,False,False,3,6,3,6,0,0,0,0,455:1;559:1,559:3;455:1,8,6,0,0.0,0,0,2,4,0,0,0.0,1,9,1,1,0.0,32.0,80.0,2,True,False
Midday,Set1,Draw1,6,23,4,3,0.0,3,0.0,True,False,False,False,False,False,True,3,5,3,5,3,0,0,0,3688:1;688:1;368:1,688:2;3886:1;836:1,8,3,2,0.0,0,0,2,0,0,0,0.5,1,8,0,1,0.0,25.5,32.0,1,True,False
Midday,Set1,Draw1,6,33,3,2,0.0,3,0.0,False,False,False,False,False,False,True,3,5,3,5,7,0,0,0,348:1;3448:1;3488:1,438:1;4438:1;4388:1,6,3,1,0.0,0,0,0,0,0,0,0.5,1,8,1,1,0.0,21.5,48.5,2,True,False
Midday,Set1,Draw1,6,34,3,2,0.0,2,0.0,True,False,False,False,False,False,False,3,3,3,3,0,0,0,0,344:1;3449:1;34489:1,344:2;9443:1;94438:1,6,2,1,0.0,0,0,2,0,0,0,0.0,1,6,1,1,0.0,20.0,39.0,2,True,False
Midday,Set1,Draw1,6,24,3,3,0.0,2,0.0,False,False,False,False,False,False,True,3,5,3,5,11,0,0,0,34688:1;344688:1;3468:1,43886:1;443886:1;8364:1,6,2,2,0.0,0,0,0,0,0,0,0.5,0,8,0,1,0.0,19.5,52.5,1,True,False
Midday,Set1,Draw1,6,32,3,2,0.0,3,0.0,True,False,False,False,False,False,False,2,3,2,3,0,0,0,0,388:1,883:2,6,3,1,0.0,0,0,2,0,0,0,0.0,1,4,1,1,0.0,19.0,32.0,2,True,False
Midday,Set1,Draw1,6,4,1,1,0.0,6,0.0,False,False,False,False,False,False,False,3,2,3,2,0,0,0,0,558:1;5588:1,855:1;8855:1,2,6,0,0.0,0,0,0,0,0,0,0.0,1,5,1,1,0.0,16.0,52.5,2,True,False
Midday,Set1,Draw1,6,15,2,1,0.0,2,0.0,False,False,False,False,False,False,False,3,3,3,3,0,0,0,0,445:1;4455:1;4559:1,445:1;4455:1;5594:1,4,2,0,0.0,0,0,0,0,0,0,0.0,1,6,1,1,0.0,15.0,43.5,2,True,False
Midday,Set1,Draw1,6,14,2,2,0.0,2,0.0,False,False,False,False,False,False,False,1,3,1,3,0,0,0,0,34455889:1;3445589:1;344559:1,55944388:1;5594438:1;559443:1,4,2,1,0.0,0,0,0,0,0,0,0.0,0,2,4,1,0.0,14.0,40.5,3,True,False
Midday,Set1,Draw1,6,9,2,1,0.0,2,0.0,False,False,False,False,False,False,True,3,3,3,3,4,0,0,0,44556:1;4456:1;5569:1,64455:1;6445:1;5596:1,4,2,0,0.0,0,0,0,0,0,0,0.5,0,6,0,1,0.0,13.5,51.5,1,True,False
Midday,Set1,Draw1,6,25,1,1,0.0,1,0.0,False,False,False,False,False,False,True,3,2,3,2,1,0,0,0,446:1,644:1,2,1,0,0.0,0,0,0,0,0,0,0.5,1,5,0,1,0.0,10.5,26.0,1,True,False
Midday,Set1,Draw1,6,13,1,1,0.0,3,0.0,False,False,False,False,False,False,False,2,1,2,1,0,0,0,0,588:1,885:1,2,3,0,0.0,0,0,0,0,0,0,0.0,1,2,1,1,0.0,10.0,46.5,2,True,False
Midday,Set1,Draw1,6,8,1,1,0.0,3,0.0,False,False,False,False,False,False,False,2,1,2,1,0,0,0,0,55688:1;5688:1,68855:1;6885:1,2,3,0,0.0,0,0,0,0,0,0,0.0,0,2,0,1,0.0,8.0,40.0,1,True,False
Midday,Set1,Draw1,6,35,1,1,0.0,1,0.0,False,False,False,False,False,False,False,1,2,1,2,0,0,0,0,449:1,944:1,2,1,0,0.0,0,0,0,0,0,0,0.0,1,1,0,0,0.0,5.0,11.0,1,False,False
Midday,Set1,Draw1,7,5,4,1,0.0,6,0.0,True,True,False,False,False,False,False,3,6,3,6,0,0,0,0,455:1;559:1,559:3;455:1,8,6,0,0.0,0,0,2,4,0,0,0.0,1,9,4,1,0.0,35.0,80.0,3,True,False
Midday,Set1,Draw1,7,23,4,3,0.0,3,0.0,True,False,False,False,False,False,True,3,3,3,3,5,0,0,0,688:1;33688:1;3688:1,688:2;33886:1;3886:1,8,3,2,0.0,0,0,2,0,0,0,0.5,1,6,0,1,0.0,23.5,32.0,1,True,False
Midday,Set1,Draw1,7,33,4,2,0.0,2,0.0,False,False,False,False,False,False,True,3,3,3,3,10,0,0,0,33448:1;334488:1;3348:1,44338:1;443388:1;4338:1,8,2,1,0.0,0,0,0,0,0,0,0.5,1,6,4,1,0.0,23.5,48.5,3,True,False
Midday,Set1,Draw1,7,31,3,1,0.0,1,0.0,True,True,False,False,False,False,True,3,2,3,2,3,0,0,0,244:1;2449:1;249:1,244:3;9244:1;924:1,6,1,0,0.0,0,0,2,4,0,0,0.5,1,5,1,1,0.0,21.5,57.5,2,True,False
Midday,Set1,Draw1,7,32,3,2,0.0,3,0.0,True,False,False,False,False,False,False,3,3,3,3,0,0,0,0,388:1;338:1;3388:1,883:2;833:2;8833:2,6,3,1,0.0,0,0,2,0,0,0,0.0,1,6,1,1,0.0,21.0,32.0,2,True,False
Midday,Set1,Draw1,7,4,1,1,0.0,6,0.0,False,False,False,False,False,False,False,3,2,3,2,0,0,0,0,558:1;5588:1,855:1;8855:1,2,6,0,0.0,0,0,0,0,0,0,0.0,1,5,4,1,0.0,19.0,52.5,3,True,False
Midday,Set1,Draw1,7,12,3,2,0.0,1,0.0,False,False,False,False,False,False,False,3,1,3,1,0,0,0,0,24455:1;2445:1;244559:1,24455:1;2445:1;559244:1,6,1,1,0.0,0,0,0,0,0,0,0.0,0,4,4,1,0.0,17.0,74.5,3,True,False
Midday,Set1,Draw1,7,30,2,2,0.0,1,0.0,False,False,False,False,False,False,False,3,1,3,1,0,0,0,0,233448:1;23344:1;2334488:1,244338:1;24433:1;2443388:1,4,1,1,0.0,0,0,0,0,0,0,0.0,0,4,4,1,0.0,15.0,52.0,3,True,False
Midday,Set1,Draw1,7,34,2,2,0.0,2,0.0,False,False,False,False,False,False,False,3,2,3,2,0,0,0,0,344:1,443:1,4,2,1,0.0,0,0,0,0,0,0,0.0,1,5,1,1,0.0,15.0,39.0,2,True,False
Midday,Set1,Draw1,7,3,1,1,0.0,1,0.0,False,False,False,False,False,False,False,3,3,3,3,0,0,0,0,255:1,255:1,2,1,0,0.0,0,0,0,0,0,0,0.0,1,6,4,1,0.0,15.0,53.5,3,True,False
Midday,Set1,Draw1,7,24,3,2,0.0,2,0.0,False,False,False,False,False,False,True,2,3,2,3,8,0,0,0,3344688:1;334688:1;36889:1,4433886:1;433886:1;96883:1,6,2,1,0.0,0,0,0,0,0,0,0.5,0,4,0,1,0.0,14.5,52.5,1,True,False
Midday,Set1,Draw1,7,29,1,1,0.0,1,0.0,False,False,False,False,False,False,True,3,1,3,1,1,0,0,0,233:1,332:1,2,1,0,0.0,0,0,0,0,0,0,0.5,1,4,4,1,0.0,13.5,38.5,3,True,False
Midday,Set1,Draw1,7,13,1,1,0.0,3,0.0,False,False,False,False,False,False,False,2,1,2,1,0,0,0,0,588:1,885:1,2,3,0,0.0,0,0,0,0,0,0,0.0,1,2,4,1,0.0,13.0,46.5,3,True,False
Midday,Set1,Draw1,7,15,1,1,0.0,2,0.0,False,False,False,False,False,False,False,3,2,3,2,0,0,0,0,445:1;4455:1,445:1;4455:1,2,2,0,0.0,0,0,0,0,0,0,0.0,1,5,1,1,0.0,12.0,43.5,2,True,False
Midday,Set1,Draw1,7,22,1,1,0.0,1,0.0,False,False,False,False,False,False,True,3,4,3,4,2,0,0,0,246:1;2446:1,624:1;6244:1,2,1,0,0.0,0,0,0,0,0,0,0.5,0,7,0,1,0.0,11.5,51.5,1,True,False
Midday,Set1,Draw1,7,14,1,1,0.0,2,0.0,False,False,False,False,False,False,False,1,3,1,3,0,0,0,0,355889:1;3355889:1;35589:1,885593:1;8855933:1;85593:1,2,2,0,0.0,0,0,0,0,0,0,0.0,0,2,4,0,0.0,10.0,40.5,3,False,False
Midday,Set1,Draw1,7,21,1,1,0.0,1,0.0,False,False,False,False,False,False,True,3,2,3,2,4,0,0,0,23368:1;233688:1;2336:1,83362:1;883362:1;3362:1,2,1,0,0.0,0,0,0,0,0,0,0.5,0,5,0,1,0.0,9.5,34.5,1,True,False
Midday,Set1,Draw1,7,8,1,1,0.0,3,0.0,False,False,False,False,False,False,False,2,1,2,1,0,0,0,0,55688:1;5688:1,68855:1;6885:1,2,3,0,0.0,0,0,0,0,0,0,0.0,0,2,0,1,0.0,8.0,40.0,1,True,False
Midday,Set1,Draw1,7,9,1,1,0.0,2,0.0,False,False,False,False,False,False,True,1,3,1,3,2,0,0,0,5569:1;569:1,5596:1;596:1,2,2,0,0.0,0,0,0,0,0,0,0.5,0,2,0,0,0.0,6.5,51.5,1,False,False
Midday,Set1,Draw2,1,24,4,4,0.0,3,1.0,False,False,False,True,False,False,True,1,4,1,4,1,0,1,0,148:1,418:1,8,3,3,0.0,0,1,0,0,0,0,0.5,0,3,0,0,0.0,18.5,52.5,1,False,False
Midday,Set1,Draw2,2,5,3,2,0.0,5,1.0,True,False,False,False,False,False,False,3,6,3,6,0,0,1,0,455:1,554:2,6,5,1,0.0,0,1,2,0,0,0,0.0,1,9,0,0,0.0,25.0,80.0,1,False,False
Midday,Set1,Draw2,2,24,3,3,0.0,3,1.0,False,False,False,False,False,False,True,1,4,1,4,1,0,1,0,148:1,418:1,6,3,2,0.0,0,1,0,0,0,0,0.5,0,3,0,0,0.0,15.5,52.5,1,False,False
Midday,Set1,Draw2,2,4,1,1,0.0,3,1.0,False,False,False,False,False,True,False,3,2,3,2,0,0,1,0,558:1,558:1,2,3,0,0.0,0,1,0,0,0,1,0.0,1,5,0,0,0.0,13.0,52.5,1,False,False
Midday,Set1,Draw2,2,9,2,2,0.0,3,1.0,False,False,False,False,False,True,True,1,2,1,2,2,0,2,0,1455:1;145:1,5541:1;541:1,4,3,1,0.0,0,1,0,0,0,1,0.5,0,1,1,0,0.0,12.5,51.5,2,False,False
Midday,Set1,Draw2,2,14,2,2,0.0,2,1.0,False,False,False,False,False,False,False,2,2,2,2,0,0,2,0,4558:1;458:1,5584:1;584:1,4,2,1,0.0,0,1,0,0,0,0,0.0,0,3,0,0,0.0,11.0,40.5,1,False,False
Midday,Set1,Draw2,2,2,1,1,0.0,4,1.0,False,False,False,False,False,True,True,1,2,1,2,1,0,1,0,155:1,155:1,2,4,0,0.0,0,1,0,0,0,1,0.5,1,1,0,0,0.0,10.5,38.5,1,False,False
Midday,Set1,Draw2,2,8,1,1,0.0,4,1.0,False,False,False,False,False,True,False,1,1,1,1,0,0,2,0,1558:1;158:1,8155:1;815:1,2,4,0,0.0,0,1,0,0,0,1,0.0,0,0,0,0,0.0,8.0,40.0,1,False,False
Midday,Set1,Draw2,3,5,3,2,0.0,5,1.0,True,False,False,False,False,False,False,3,6,3,6,0,1,0,0,455:1,554:2,6,5,1,0.0,0,1,2,0,0,0,0.0,1,9,1,0,0.0,26.0,80.0,2,False,False
Midday,Set1,Draw2,3,24,3,3,0.0,3,1.0,False,False,False,False,False,False,True,1,4,1,4,1,1,0,0,148:1,418:1,6,3,2,0.0,0,1,0,0,0,0,0.5,0,3,0,0,0.0,15.5,52.5,1,False,False
Midday,Set1,Draw2,3,4,1,1,0.0,3,1.0,False,False,False,False,False,True,False,3,2,3,2,0,1,0,0,558:1,558:1,2,3,0,0.0,0,1,0,0,0,1,0.0,1,5,0,0,0.0,13.0,52.5,1,False,False
Midday,Set1,Draw2,3,9,2,2,0.0,3,1.0,False,False,False,False,False,True,True,1,2,1,2,2,2,0,0,1455:1;145:1,5541:1;541:1,4,3,1,0.0,0,1,0,0,0,1,0.5,0,1,1,0,0.0,12.5,51.5,2,False,False
Midday,Set1,Draw2,3,14,2,2,0.0,2,1.0,False,False,False,False,False,False,False,2,2,2,2,0,2,0,0,4558:1;458:1,5584:1;584:1,4,2,1,0.0,0,1,0,0,0,0,0.0,0,3,1,0,0.0,12.0,40.5,2,False,False
Midday,Set1,Draw2,3,2,1,1,0.0,4,1.0,False,False,False,False,False,True,True,1,2,1,2,1,1,0,0,155:1,155:1,2,4,0,0.0,0,1,0,0,0,1,0.5,1,1,1,0,0.0,11.5,38.5,2,False,False
Midday,Set1,Draw2,3,8,1,1,0.0,4,1.0,False,False,False,False,False,True,False,1,1,1,1,0,2,0,0,1558:1;158:1,8155:1;815:1,2,4,0,0.0,0,1,0,0,0,1,0.0,0,0,0,0,0.0,8.0,40.0,1,False,False
Midday,Set1,Draw2,4,5,2,2,0.0,5,1.0,False,False,False,False,False,False,False,3,6,3,6,0,1,0,0,455:1,554:1,4,5,1,0.0,0,1,0,0,0,0,0.0,1,9,1,0,0.0,22.0,80.0,2,False,False
Midday,Set1,Draw2,4,33,2,1,0.0,3,1.0,True,False,False,False,False,False,True,3,5,3,5,1,1,0,0,348:1,834:2,4,3,0,0.0,0,1,2,0,0,0,0.5,0,8,1,0,0.0,19.5,48.5,2,False,False
Midday,Set1,Draw2,4,4,2,1,0.0,3,1.0,False,False,False,False,False,False,False,3,5,3,5,0,2,0,0,355:1;558:1,553:1;558:1,4,3,0,0.0,0,1,0,0,0,0,0.0,1,8,0,0,0.0,17.0,52.5,1,False,False
Midday,Set1,Draw2,4,14,3,2,0.0,1,1.0,False,False,False,False,False,False,False,3,3,3,3,0,4,0,0,34558:1;3458:1;3455:1,55834:1;5834:1;5534:1,6,1,1,0.0,0,1,0,0,0,0,0.0,0,6,1,0,0.0,16.0,40.5,2,False,False
Midday,Set1,Draw2,4,23,2,2,0.0,3,1.0,False,False,False,False,False,False,True,2,4,2,4,1,1,0,0,138:1,138:1,4,3,1,0.0,0,1,0,0,0,0,0.5,0,5,0,0,0.0,14.5,32.0,1,False,False
Midday,Set1,Draw2,4,24,3,3,0.0,2,1.0,False,False,False,False,False,False,True,2,2,2,2,2,2,0,0,1348:1;134:1,4138:1;413:1,6,2,2,0.0,0,1,0,0,0,0,0.5,0,3,0,0,0.0,14.5,52.5,1,False,False
Midday,Set1,Draw2,4,2,1,1,0.0,4,1.0,False,False,False,False,False,False,True,1,2,1,2,1,1,0,0,155:1,155:1,2,4,0,0.0,0,1,0,0,0,0,0.5,1,1,1,0,0.0,10.5,38.5,2,False,False
Midday,Set1,Draw2,4,13,1,1,0.0,1,1.0,False,False,False,False,False,False,False,3,2,3,2,0,2,0,0,3558:1;358:1,5583:1;583:1,2,1,0,0.0,0,1,0,0,0,0,0.0,0,5,1,0,0.0,10.0,46.5,2,False,False
Midday,Set1,Draw2,4,9,1,1,0.0,3,1.0,False,False,False,False,False,False,True,1,2,1,2,2,2,0,0,1455:1;145:1,5541:1;541:1,2,3,0,0.0,0,1,0,0,0,0,0.5,0,1,1,0,0.0,8.5,51.5,2,False,False
Midday,Set1,Draw2,4,8,1,1,0.0,4,1.0,False,False,False,False,False,False,False,1,2,1,2,0,4,0,0,1558:1;158:1;13558:1,8155:1;815:1;81553:1,2,4,0,0.0,0,1,0,0,0,0,0.0,0,1,0,0,0.0,8.0,40.0,1,False,False
Midday,Set1,Draw2,5,5,4,1,0.0,5,0.0,True,True,False,False,False,False,False,3,6,3,6,0,0,0,0,559:1;455:1,559:3;455:1,8,5,0,0.0,0,0,2,4,0,0,0.0,1,9,1,0,0.0,30.0,80.0,2,False,False
Midday,Set1,Draw2,5,23,4,3,0.0,3,0.0,True,False,False,False,False,False,True,3,5,3,5,7,0,0,0,3688:1;688:1;368:1,688:2;3886:1;836:1,8,3,2,0.0,0,0,2,0,0,0,0.5,1,8,1,0,0.0,25.5,32.0,2,False,False
Midday,Set1,Draw2,5,9,4,1,0.0,1,0.0,False,False,False,False,False,False,True,3,4,3,4,7,0,0,0,4556:1;456:1;14559:1,6455:1;645:1;55941:1,8,1,0,0.0,0,0,0,0,0,0,0.5,0,7,4,0,0.0,20.5,51.5,3,False,False
Midday,Set1,Draw2,5,24,3,3,0.0,2,0.0,False,False,False,False,False,False,True,3,5,3,5,19,0,0,0,3468:1;1346889:1;34688:1,8364:1;9413886:1;68834:1,6,2,2,0.0,0,0,0,0,0,0,0.5,0,8,1,0,0.0,19.5,52.5,2,False,False
Midday,Set1,Draw2,5,33,2,1,0.0,3,0.0,False,False,False,False,False,False,True,3,5,3,5,4,0,0,0,348:1;3488:1;3889:1,834:1;8834:1;9883:1,4,3,0,0.0,0,0,0,0,0,0,0.5,1,8,1,0,0.0,17.5,48.5,2,False,False
Midday,Set1,Draw2,5,32,3,2,0.0,2,0.0,True,False,False,False,False,False,False,2,3,2,3,0,0,0,0,388:1,883:2,6,2,1,0.0,0,0,2,0,0,0,0.0,1,4,0,0,0.0,16.0,32.0,1,False,False
Midday,Set1,Draw2,5,2,1,1,0.0,4,0.0,False,False,False,False,False,False,True,1,2,1,2,1,0,0,0,155:1,155:1,2,4,0,0.0,0,0,0,0,0,0,0.5,1,1,1,0,0.0,9.5,38.5,2,False,False
Midday,Set1,Draw2,5,8,1,1,0.0,4,0.0,False,False,False,False,False,False,False,1,1,1,1,0,0,0,0,155688:1;1558:1;15688:1,688155:1;8155:1;68815:1,2,4,0,0.0,0,0,0,0,0,0,0.0,0,0,1,0,0.0,7.0,40.0,2,False,False
Midday,Set1,Draw2,5,34,1,1,0.0,2,0.0,False,False,False,False,False,False,False,1,3,1,3,0,0,0,0,349:1,934:1,2,2,0,0.0,0,0,0,0,0,0,0.0,0,2,1,0,0.0,7.0,39.0,2,False,False
Midday,Set1,Draw2,5,14,1,1,0.0,1,0.0,False,False,False,False,False,False,False,1,3,1,3,0,0,0,0,34559:1;3459:1;3559:1,55934:1;5934:1;5593:1,2,1,0,0.0,0,0,0,0,0,0,0.0,0,2,1,0,0.0,6.0,40.5,2,False,False
Midday,Set1,Draw2,5,15,1,1,0.0,1,0.0,False,False,False,False,False,False,False,1,3,1,3,0,0,0,0,4559:1;459:1,5594:1;594:1,2,1,0,0.0,0,0,0,0,0,0,0.0,0,2,1,0,0.0,6.0,43.5,2,False,False
Midday,Set1,Draw2,5,18,1,1,0.0,2,0.0,False,False,False,False,False,False,True,1,2,1,2,1,0,0,0,1688:1,6881:1,2,2,0,0.0,0,0,0,0,0,0,0.5,0,1,0,0,0.0,5.5,53.5,1,False,False
Midday,Set1,Draw2,5,25,1,1,0.0,1,0.0,False,False,False,False,False,False,True,1,2,1,2,1,0,0,0,149:1,941:1,2,1,0,0.0,0,0,0,0,0,0,0.5,0,1,0,0,0.0,4.5,26.0,1,False,False
Midday,Set1,Draw2,6,5,4,2,0.0,5,0.0,True,True,False,False,False,False,False,3,6,3,6,0,0,0,0,5599:1;559:1;455:1,5599:3;559:3;455:1,8,5,1,0.0,0,0,2,4,0,0,0.0,1,9,1,0,0.0,31.0,80.0,2,False,False
Midday,Set1,Draw2,6,23,4,3,0.0,3,0.0,True,False,False,False,False,False,True,3,5,3,5,7,0,0,0,3688:1;688:1;368:1,688:2;3886:1;836:1,8,3,2,0.0,0,0,2,0,0,0,0.5,1,8,4,0,0.0,28.5,32.0,3,False,False
Midday,Set1,Draw2,6,15,4,1,0.0,1,0.0,True,True,False,False,False,False,False,3,2,3,2,0,0,0,0,599:1;445:1;4455:1,599:3;445:1;4455:1,8,1,0,0.0,0,0,2,4,0,0,0.0,1,5,1,0,0.0,22.0,43.5,2,False,False
Midday,Set1,Draw2,6,33,2,1,0.0,3,0.0,False,False,False,False,False,False,True,3,5,3,5,8,0,0,0,348:1;3488:1;3448:1,834:1;8834:1;8344:1,4,3,0,0.0,0,0,0,0,0,0,0.5,1,8,4,0,0.0,20.5,48.5,3,False,False
Midday,Set1,Draw2,6,24,2,2,0.0,2,0.0,False,False,False,False,False,False,True,3,5,3,5,21,0,0,0,3468:1;34688:1;344688:1,8364:1;68834:1;688344:1,4,2,1,0.0,0,0,0,0,0,0,0.5,0,8,4,0,0.0,19.5,52.5,3,False,False
Midday,Set1,Draw2,6,9,4,1,0.0,1,0.0,False,False,False,False,False,False,True,3,2,3,2,16,0,0,0,44556:1;01445599:1;4456:1,64455:1;55994401:1;6445:1,8,1,0,0.0,0,0,0,0,0,0,0.5,0,5,4,0,0.0,18.5,51.5,3,False,False
Midday,Set1,Draw2,6,34,3,1,0.0,2,0.0,True,False,False,False,False,False,False,3,3,3,3,0,0,0,0,344:1;349:1;34499:1,344:2;934:1;99344:1,6,2,0,0.0,0,0,2,0,0,0,0.0,1,6,1,0,0.0,18.0,39.0,2,False,False
Midday,Set1,Draw2,6,32,3,2,0.0,2,0.0,True,False,False,False,False,False,False,2,3,2,3,0,0,0,0,388:1,883:2,6,2,1,0.0,0,0,2,0,0,0,0.0,1,4,1,0,0.0,17.0,32.0,2,False,False
Midday,Set1,Draw2,6,8,3,1,0.0,1,0.0,False,False,False,False,False,False,False,1,4,1,4,0,0,0,0,0155688:1;013688:1;015688:1,6881055:1;013886:1;688105:1,6,1,0,0.0,0,0,0,0,0,0,0.0,0,3,4,0,0.0,14.0,40.0,3,False,False
Midday,Set1,Draw2,6,25,2,1,0.0,1,0.0,False,False,False,False,False,False,True,3,2,3,2,3,0,0,0,446:1;144:1;199:1,644:1;441:1;199:1,4,1,0,0.0,0,0,0,0,0,0,0.5,1,5,0,0,0.0,11.5,26.0,1,False,False
Midday,Set1,Draw2,6,14,1,1,0.0,1,0.0,False,False,False,False,False,False,False,1,1,1,1,0,0,0,0,03445599:1;0345599:1;3445599:1,05599344:1;0559934:1;5599344:1,2,1,0,0.0,0,0,0,0,0,0,0.0,0,0,4,0,0.0,7.0,40.5,3,False,False
Midday,Set1,Draw2,6,1,1,1,0.0,1,0.0,False,False,False,False,False,False,False,1,3,1,3,0,0,0,0,055:1,055:1,2,1,0,0.0,0,0,0,0,0,0,0.0,1,2,1,0,0.0,7.0,34.5,2,False,False
Midday,Set1,Draw2,6,18,1,1,0.0,2,0.0,False,False,False,False,False,False,True,1,2,1,2,1,0,0,0,1688:1,6881:1,2,2,0,0.0,0,0,0,0,0,0,0.5,0,1,0,0,0.0,5.5,53.5,1,False,False
Midday,Set1,Draw2,6,2,1,1,0.0,1,0.0,False,False,False,False,False,False,True,1,2,1,2,2,0,0,0,0155:1;015:1,1055:1;105:1,2,1,0,0.0,0,0,0,0,0,0,0.5,0,1,1,0,0.0,5.5,38.5,2,False,False
Midday,Set1,Draw2,6,35,1,1,0.0,1,0.0,False,False,False,False,False,False,False,1,2,1,2,0,0,0,0,449:1;499:1;4499:1,944:1;994:1;9944:1,2,1,0,0.0,0,0,0,0,0,0,0.0,1,1,0,0,0.0,5.0,11.0,1,False,False
Midday,Set1,Draw3,1,19,3,2,0.0,5,1.0,True,False,False,False,False,False,True,1,5,1,5,1,0,1,0,114:1,411:2,6,5,1,0.0,0,1,2,0,0,0,0.5,1,4,0,0,0.0,20.5,58.5,1,False,False
Midday,Set1,Draw3,1,18,3,2,0.0,5,1.0,True,False,False,False,False,False,True,1,5,1,5,1,0,1,0,118:1,118:2,6,5,1,0.0,0,1,2,0,0,0,0.5,1,4,0,0,0.0,20.5,53.5,1,False,False
Midday,Set1,Draw3,1,24,4,4,0.0,3,1.0,False,False,False,True,False,False,True,1,4,1,4,2,0,2,0,1148:1;148:1,4118:1;841:1,8,3,3,0.0,0,1,0,0,0,0,0.5,0,3,0,0,0.0,18.5,52.5,1,False,False
Midday,Set1,Draw3,2,5,3,2,0.0,4,1.0,True,False,False,False,False,False,False,3,6,3,6,0,0,1,0,455:1,554:2,6,4,1,0.0,0,1,2,0,0,0,0.0,1,9,0,0,0.0,24.0,80.0,1,False,False
Midday,Set1,Draw3,2,18,3,2,0.0,5,1.0,True,False,False,False,False,False,True,2,5,2,5,3,0,3,0,118:1;168:1;1168:1,118:2;186:2;1186:2,6,5,1,0.0,0,1,2,0,0,0,0.5,1,6,0,0,0.0,22.5,53.5,1,False,False
Midday,Set1,Draw3,2,9,3,2,0.0,4,1.0,False,False,False,False,False,True,True,3,4,3,4,6,0,6,0,4556:1;456:1;1455:1,6455:1;645:1;5541:1,6,4,1,0.0,0,1,0,0,0,1,0.5,0,7,1,0,0.0,21.5,51.5,2,False,False
Midday,Set1,Draw3,2,24,3,3,0.0,3,1.0,False,False,False,False,False,True,True,1,4,1,4,5,0,5,0,11468:1;148:1;1148:1,41186:1;841:1;4118:1,6,3,2,0.0,0,1,0,0,0,1,0.5,0,3,4,0,0.0,20.5,52.5,3,False,False
Midday,Set1,Draw3,2,19,2,1,0.0,5,1.0,True,False,False,False,False,True,True,1,5,1,5,1,0,1,0,114:1,411:2,4,5,0,0.0,0,1,2,0,0,1,0.5,1,4,0,0,0.0,18.5,58.5,1,False,False
Midday,Set1,Draw3,2,2,2,1,0.0,4,1.0,False,False,False,False,False,True,True,3,2,3,2,2,0,2,0,556:1;155:1,556:1;155:1,4,4,0,0.0,0,1,0,0,0,1,0.5,1,5,0,0,0.0,16.5,38.5,1,False,False
Midday,Set1,Draw3,2,8,2,1,0.0,4,1.0,False,False,False,False,False,True,False,3,1,3,1,0,0,6,0,5568:1;568:1;115568:1,5568:1;568:1;681155:1,4,4,0,0.0,0,1,0,0,0,1,0.0,0,4,1,0,0.0,15.0,40.0,2,False,False
Midday,Set1,Draw3,2,6,1,1,0.0,4,1.0,False,False,False,False,False,True,True,1,1,1,1,2,0,2,0,115:1;1155:1,115:1;1155:1,2,4,0,0.0,0,1,0,0,0,1,0.5,1,0,0,0,0.0,9.5,42.5,1,False,False
Midday,Set1,Draw3,3,9,3,2,0.0,4,1.0,False,False,False,False,False,True,True,3,4,3,4,6,6,0,0,4556:1;456:1;1455:1,6455:1;645:1;5541:1,6,4,1,0.0,0,1,0,0,0,1,0.5,0,7,4,0,0.0,24.5,51.5,3,False,False
Midday,Set1,Draw3,3,5,3,2,0.0,4,1.0,True,False,False,False,False,False,False,3,6,3,6,0,1,0,0,455:1,554:2,6,4,1,0.0,0,1,2,0,0,0,0.0,1,9,0,0,0.0,24.0,80.0,1,False,False
Midday,Set1,Draw3,3,18,3,2,0.0,5,1.0,True,False,False,False,False,False,True,2,5,2,5,3,3,0,0,118:1;168:1;1168:1,118:2;186:2;1186:2,6,5,1,0.0,0,1,2,0,0,0,0.5,1,6,1,0,0.0,23.5,53.5,2,False,False
Midday,Set1,Draw3,3,24,3,3,0.0,3,1.0,False,False,False,False,False,True,True,1,4,1,4,5,5,0,0,11468:1;148:1;1148:1,41186:1;841:1;4118:1,6,3,2,0.0,0,1,0,0,0,1,0.5,0,3,4,0,0.0,20.5,52.5,3,False,False
Midday,Set1,Draw3,3,19,2,1,0.0,5,1.0,True,False,False,False,False,True,True,1,5,1,5,1,1,0,0,114:1,411:2,4,5,0,0.0,0,1,2,0,0,1,0.5,1,4,0,0,0.0,18.5,58.5,1,False,False
Midday,Set1,Draw3,3,8,2,1,0.0,4,1.0,False,False,False,False,False,True,False,3,1,3,1,0,6,0,0,5568:1;568:1;115568:1,5568:1;568:1;681155:1,4,4,0,0.0,0,1,0,0,0,1,0.0,0,4,4,0,0.0,18.0,40.0,3,False,False
Midday,Set1,Draw3,3,2,2,1,0.0,4,1.0,False,False,False,False,False,True,True,3,2,3,2,2,2,0,0,556:1;155:1,556:1;155:1,4,4,0,0.0,0,1,0,0,0,1,0.5,1,5,1,0,0.0,17.5,38.5,2,False,False
Midday,Set1,Draw3,3,6,1,1,0.0,4,1.0,False,False,False,False,False,True,True,1,1,1,1,2,2,0,0,115:1;1155:1,115:1;1155:1,2,4,0,0.0,0,1,0,0,0,1,0.5,1,0,0,0,0.0,9.5,42.5,1,False,False
Midday,Set1,Draw3,4,24,3,3,0.0,2,0.0,False,False,False,False,False,False,True,3,5,3,5,8,0,0,0,3468:1;113468:1;346:1,6834:1;411386:1;364:1,6,2,2,0.0,0,0,0,0,0,0,0.5,0,8,4,0,0.0,22.5,52.5,3,False,False
Midday,Set1,Draw3,4,18,3,2,0.0,5,0.0,False,False,False,False,False,False,True,2,5,2,5,7,0,0,0,118:1;168:1;1168:1,811:1;681:1;6811:1,6,5,1,0.0,0,0,0,0,0,0,0.5,1,6,1,0,0.0,20.5,53.5,2,False,False
Midday,Set1,Draw3,4,5,2,2,0.0,4,0.0,False,False,False,False,False,False,False,3,6,3,6,0,0,0,0,455:1,554:1,4,4,1,0.0,0,0,0,0,0,0,0.0,1,9,1,0,0.0,20.0,80.0,2,False,False
Midday,Set1,Draw3,4,23,3,3,0.0,2,0.0,False,False,False,False,False,False,True,3,5,3,5,2,0,0,0,368:1;138:1,386:1;138:1,6,2,2,0.0,0,0,0,0,0,0,0.5,0,8,1,0,0.0,19.5,32.0,2,False,False
Midday,Set1,Draw3,4,9,2,1,0.0,4,0.0,False,False,False,False,False,False,True,3,4,3,4,6,0,0,0,4556:1;456:1;1455:1,6455:1;645:1;5541:1,4,4,0,0.0,0,0,0,0,0,0,0.5,0,7,4,0,0.0,19.5,51.5,3,False,False
Midday,Set1,Draw3,4,8,2,1,0.0,4,0.0,False,False,False,False,False,False,False,3,2,3,2,0,0,0,0,5568:1;568:1;115568:1,5568:1;568:1;681155:1,4,4,0,0.0,0,0,0,0,0,0,0.0,0,5,4,0,0.0,17.0,40.0,3,False,False
Midday,Set1,Draw3,4,19,2,1,0.0,5,0.0,True,False,False,False,False,False,True,1,5,1,5,1,0,0,0,114:1,411:2,4,5,0,0.0,0,0,2,0,0,0,0.5,1,4,0,0,0.0,16.5,58.5,1,False,False
Midday,Set1,Draw3,4,2,2,1,0.0,4,0.0,False,False,False,False,False,False,True,3,2,3,2,2,0,0,0,556:1;155:1,556:1;155:1,4,4,0,0.0,0,0,0,0,0,0,0.5,1,5,1,0,0.0,15.5,38.5,2,False,False
Midday,Set1,Draw3,4,33,1,1,0.0,2,0.0,False,False,False,False,False,False,True,3,5,3,5,1,0,0,0,348:1,834:1,2,2,0,0.0,0,0,0,0,0,0,0.5,0,8,1,0,0.0,13.5,48.5,2,False,False
Midday,Set1,Draw3,4,4,1,1,0.0,1,0.0,False,False,False,False,False,False,False,3,5,3,5,0,0,0,0,355:1,553:1,2,1,0,0.0,0,0,0,0,0,0,0.0,1,8,0,0,0.0,12.0,52.5,1,False,False
Midday,Set1,Draw3,4,14,1,1,0.0,1,0.0,False,False,False,False,False,False,False,3,3,3,3,0,0,0,0,3455:1;345:1,5534:1;534:1,2,1,0,0.0,0,0,0,0,0,0,0.0,0,6,1,0,0.0,10.0,40.5,2,False,False
Midday,Set1,Draw3,4,6,1,1,0.0,4,0.0,False,False,False,False,False,False,True,1,1,1,1,2,0,0,0,115:1;1155:1,115:1;1155:1,2,4,0,0.0,0,0,0,0,0,0,0.5,1,0,0,0,0.0,7.5,42.5,1,False,False
Midday,Set1,Draw3,5,5,4,1,0.0,4,0.0,True,True,False,False,False,False,False,3,6,3,6,0,0,0,0,559:1;455:1,559:3;455:1,8,4,0,0.0,0,0,2,4,0,0,0.0,1,9,1,0,0.0,29.0,80.0,2,False,False
Midday,Set1,Draw3,5,18,4,2,0.0,5,0.0,True,False,False,False,False,False,True,2,5,2,5,14,0,0,0,118:1;668:1;6688:1,668:2;6688:2;811:1,8,5,1,0.0,0,0,2,0,0,0,0.5,1,6,4,0,0.0,27.5,53.5,3,False,False
Midday,Set1,Draw3,5,23,4,3,0.0,2,0.0,True,False,False,False,False,False,True,3,5,3,5,10,0,0,0,3688:1;688:1;368:1,688:2;3886:1;836:1,8,2,2,0.0,0,0,2,0,0,0,0.5,1,8,1,0,0.0,24.5,32.0,2,False,False
Midday,Set1,Draw3,5,9,4,1,0.0,4,0.0,False,False,False,False,False,False,True,3,4,3,4,14,0,0,0,4556:1;456:1;14559:1,6455:1;645:1;55941:1,8,4,0,0.0,0,0,0,0,0,0,0.5,0,7,4,0,0.0,23.5,51.5,3,False,False
Midday,Set1,Draw3,5,19,3,1,0.0,5,0.0,True,False,False,False,False,False,True,1,5,1,5,5,0,0,0,114:1;1149:1;669:1,411:2;9411:1;966:1,6,5,0,0.0,0,0,2,0,0,0,0.5,1,4,0,0,0.0,18.5,58.5,1,False,False
Midday,Set1,Draw3,5,24,3,2,0.0,2,0.0,False,False,False,False,False,False,True,2,3,2,3,34,0,0,0,11346688:1;13466889:1;34688:1,41138866:1;96688341:1;68834:1,6,2,1,0.0,0,0,0,0,0,0,0.5,0,4,4,0,0.0,17.5,52.5,3,False,False
Midday,Set1,Draw3,5,33,2,1,0.0,2,0.0,False,False,False,False,False,False,True,3,5,3,5,4,0,0,0,348:1;3488:1;3889:1,834:1;8834:1;9883:1,4,2,0,0.0,0,0,0,0,0,0,0.5,1,8,1,0,0.0,16.5,48.5,2,False,False
Midday,Set1,Draw3,5,32,3,2,0.0,1,0.0,True,False,False,False,False,False,False,2,3,2,3,0,0,0,0,388:1,883:2,6,1,1,0.0,0,0,2,0,0,0,0.0,1,4,0,0,0.0,15.0,32.0,1,False,False
Midday,Set1,Draw3,5,8,1,1,0.0,4,0.0,False,False,False,False,False,False,False,1,1,1,1,0,0,0,0,11556688:1;1156688:1;1155688:1,66881155:1;6688115:1;6881155:1,2,4,0,0.0,0,0,0,0,0,0,0.0,0,0,4,0,0.0,10.0,40.0,3,False,False
Midday,Set1,Draw3,5,2,1,1,0.0,4,0.0,False,False,False,False,False,False,True,1,2,1,2,1,0,0,0,155:1,155:1,2,4,0,0.0,0,0,0,0,0,0,0.5,1,1,1,0,0.0,9.5,38.5,2,False,False
Midday,Set1,Draw3,5,15,1,1,0.0,1,0.0,False,False,False,False,False,False,False,1,3,1,3,0,0,0,0,4559:1;459:1,5594:1;594:1,2,1,0,0.0,0,0,0,0,0,0,0.0,0,2,4,0,0.0,9.0,43.5,3,False,False
Midday,Set1,Draw3,5,34,1,1,0.0,1,0.0,False,False,False,False,False,False,False,1,3,1,3,0,0,0,0,349:1,934:1,2,1,0,0.0,0,0,0,0,0,0,0.0,0,2,4,0,0.0,9.0,39.0,3,False,False
Midday,Set1,Draw3,5,6,1,1,0.0,4,0.0,False,False,False,False,False,False,True,1,1,1,1,2,0,0,0,115:1;1155:1,115:1;1155:1,2,4,0,0.0,0,0,0,0,0,0,0.5,1,0,1,0,0.0,8.5,42.5,2,False,False
Midday,Set1,Draw3,5,14,1,1,0.0,1,0.0,False,False,False,False,False,False,False,1,3,1,3,0,0,0,0,34559:1;3459:1;3559:1,55934:1;5934:1;5593:1,2,1,0,0.0,0,0,0,0,0,0,0.0,0,2,1,0,0.0,6.0,40.5,2,False,False
Midday,Set1,Draw3,5,25,1,1,0.0,1,0.0,False,False,False,False,False,False,True,1,2,1,2,1,0,0,0,149:1,941:1,2,1,0,0.0,0,0,0,0,0,0,0.5,0,1,1,0,0.0,5.5,26.0,2,False,False
Midday,Set1,Draw4,1,18,3,2,0.0,4,1.0,True,False,False,False,False,False,True,1,5,1,5,1,0,1,0,118:1,118:2,6,4,1,0.0,0,1,2,0,0,0,0.5,1,4,1,0,0.0,20.5,53.5,2,False,False
Midday,Set1,Draw4,1,6,3,2,0.0,4,1.0,True,False,False,False,False,False,True,1,4,1,4,1,0,1,0,011:1,011:2,6,4,1,0.0,0,1,2,0,0,0,0.5,1,3,0,0,0.0,18.5,42.5,1,False,False
Midday,Set1,Draw4,1,8,3,2,0.0,4,1.0,True,False,False,True,False,False,False,1,4,1,4,0,0,1,0,0118:1,0118:2,6,4,1,0.0,0,1,2,0,0,0,0.0,0,3,1,0,0.0,18.0,40.0,2,False,False
Midday,Set1,Draw4,1,24,2,2,0.0,3,1.0,False,False,False,False,False,False,True,1,4,1,4,2,0,2,0,148:1;1148:1,841:1;8411:1,4,3,1,0.0,0,1,0,0,0,0,0.5,0,3,1,0,0.0,13.5,52.5,2,False,False
Midday,Set1,Draw4,1,19,1,1,0.0,3,1.0,False,False,False,False,False,True,True,1,5,1,5,1,0,1,0,114:1,411:1,2,3,0,0.0,0,1,0,0,0,1,0.5,1,4,0,0,0.0,12.5,58.5,1,False,False
Midday,Set1,Draw4,1,9,2,2,0.0,4,1.0,False,False,False,False,False,False,True,1,2,1,2,2,0,2,0,0114:1;014:1,4011:1;401:1,4,4,1,0.0,0,1,0,0,0,0,0.5,0,1,1,0,0.0,12.5,51.5,2,False,False
Midday,Set1,Draw4,1,14,1,1,0.0,1,1.0,False,False,False,False,False,True,False,1,3,1,3,0,0,1,0,048:1,084:1,2,1,0,0.0,0,1,0,0,0,1,0.0,0,2,0,0,0.0,7.0,40.5,1,False,False
Midday,Set1,Draw4,2,5,3,2,0.0,3,1.0,True,False,False,False,False,True,False,3,6,3,6,0,0,3,0,455:1;0455:1;045:1,554:2;5540:1;540:1,6,3,1,0.0,0,1,2,0,0,1,0.0,1,9,0,0,0.0,24.0,80.0,1,False,False
Midday,Set1,Draw4,2,18,3,2,0.0,4,1.0,True,False,False,False,False,False,True,2,5,2,5,3,0,3,0,118:1;168:1;1168:1,118:2;186:2;1186:2,6,4,1,0.0,0,1,2,0,0,0,0.5,1,6,1,0,0.0,22.5,53.5,2,False,False
Midday,Set1,Draw4,2,9,3,2,0.0,4,1.0,False,False,False,False,False,True,True,3,4,3,4,8,0,8,0,4556:1;456:1;0114:1,6455:1;645:1;4011:1,6,4,1,0.0,0,1,0,0,0,1,0.5,0,7,1,0,0.0,21.5,51.5,2,False,False
Midday,Set1,Draw4,2,8,4,2,0.0,4,1.0,True,False,False,False,False,True,False,1,4,1,4,0,0,9,0,0118:1;01168:1;0115568:1,0118:2;01186:2;6811055:1,8,4,1,0.0,0,1,2,0,0,1,0.0,0,3,1,0,0.0,21.0,40.0,2,False,False
Midday,Set1,Draw4,2,6,3,2,0.0,4,1.0,True,False,False,False,False,False,True,1,4,1,4,1,0,1,0,011:1,011:2,6,4,1,0.0,0,1,2,0,0,0,0.5,1,3,1,0,0.0,19.5,42.5,2,False,False
Midday,Set1,Draw4,2,24,2,2,0.0,3,1.0,False,False,False,False,False,True,True,1,4,1,4,5,0,5,0,11468:1;148:1;1148:1,68411:1;841:1;8411:1,4,3,1,0.0,0,1,0,0,0,1,0.5,0,3,4,0,0.0,17.5,52.5,3,False,False
Midday,Set1,Draw4,2,19,1,1,0.0,3,1.0,False,False,False,False,False,True,True,1,5,1,5,1,0,1,0,114:1,411:1,2,3,0,0.0,0,1,0,0,0,1,0.5,1,4,1,0,0.0,13.5,58.5,2,False,False
Midday,Set1,Draw4,2,1,2,2,0.0,3,1.0,False,False,False,False,False,False,False,1,3,1,3,0,0,1,0,055:1,550:1,4,3,1,0.0,0,1,0,0,0,0,0.0,1,2,0,0,0.0,12.0,34.5,1,False,False
Midday,Set1,Draw4,2,2,2,1,0.0,3,1.0,False,False,False,False,False,True,True,1,2,1,2,6,0,6,0,0556:1;01155:1;056:1,5506:1;11055:1;506:1,4,3,0,0.0,0,1,0,0,0,1,0.5,0,1,0,0,0.0,10.5,38.5,1,False,False
Midday,Set1,Draw4,3,8,4,2,0.0,4,0.0,True,False,False,False,False,True,False,1,4,1,4,0,0,0,0,0118:1;01168:1;0115568:1,0118:2;01186:2;6811055:1,8,4,1,0.0,0,0,2,0,0,1,0.0,0,3,4,0,0.0,23.0,40.0,3,False,False
Midday,Set1,Draw4,3,12,3,2,0.0,2,0.0,True,False,False,False,False,True,False,3,3,3,3,0,0,0,0,2455:1;245:1;02455:1,5524:2;524:2;55240:1,6,2,1,0.0,0,0,2,0,0,1,0.0,0,6,4,0,0.0,22.0,74.5,3,False,False
Midday,Set1,Draw4,3,18,3,2,0.0,4,0.0,True,False,False,False,False,False,True,2,5,2,5,3,0,0,0,118:1;168:1;1168:1,118:2;186:2;1186:2,6,4,1,0.0,0,0,2,0,0,0,0.5,1,6,1,0,0.0,21.5,53.5,2,False,False
Midday,Set1,Draw4,3,3,3,2,0.0,2,0.0,True,False,False,False,False,False,False,3,3,3,3,0,0,0,0,255:1;0255:1,552:2;2550:1,6,2,1,0.0,0,0,2,0,0,0,0.0,1,6,1,0,0.0,19.0,53.5,2,False,False
Midday,Set1,Draw4,3,6,3,2,0.0,4,0.0,True,False,False,False,False,False,True,1,4,1,4,1,0,0,0,011:1,011:2,6,4,1,0.0,0,0,2,0,0,0,0.5,1,3,1,0,0.0,18.5,42.5,2,False,False
Midday,Set1,Draw4,3,22,1,1,0.0,2,0.0,False,False,False,False,False,True,True,3,4,3,4,1,0,0,0,246:1,624:1,2,2,0,0.0,0,0,0,0,0,1,0.5,0,7,4,0,0.0,16.5,51.5,3,False,False
Midday,Set1,Draw4,3,5,1,1,0.0,3,0.0,False,False,False,False,False,True,False,3,6,3,6,0,0,0,0,455:1,455:1,2,3,0,0.0,0,0,0,0,0,1,0.0,1,9,0,0,0.0,16.0,80.0,1,False,False
Midday,Set1,Draw4,3,24,1,1,0.0,3,0.0,False,False,False,False,False,True,True,1,4,1,4,5,0,0,0,11468:1;1468:1;148:1,68411:1;6841:1;841:1,2,3,0,0.0,0,0,0,0,0,1,0.5,0,3,4,0,0.0,13.5,52.5,3,False,False
Midday,Set1,Draw4,3,19,1,1,0.0,3,0.0,False,False,False,False,False,True,True,1,5,1,5,1,0,0,0,114:1,411:1,2,3,0,0.0,0,0,0,0,0,1,0.5,1,4,1,0,0.0,12.5,58.5,2,False,False
Midday,Set1,Draw4,3,9,1,1,0.0,4,0.0,False,False,False,False,False,True,True,1,2,1,2,2,0,0,0,0114:1;014:1,4011:1;401:1,2,4,0,0.0,0,0,0,0,0,1,0.5,0,1,4,0,0.0,12.5,51.5,3,False,False
Midday,Set1,Draw4,3,7,2,1,0.0,2,0.0,False,False,False,False,False,True,False,1,2,1,2,0,0,0,0,02556:1;011255:1;01255:1,25506:1;110552:1;10552:1,4,2,0,0.0,0,0,0,0,0,1,0.0,0,1,4,0,0.0,12.0,32.0,3,False,False
Midday,Set1,Draw4,3,21,1,1,0.0,1,0.0,False,False,False,False,False,True,True,1,4,1,4,3,0,0,0,11268:1;1268:1;268:1,11862:1;1862:1;862:1,2,1,0,0.0,0,0,0,0,0,1,0.5,0,3,4,0,0.0,11.5,34.5,3,False,False
Midday,Set1,Draw4,3,1,2,2,0.0,3,0.0,False,False,False,False,False,False,False,1,3,1,3,0,0,0,0,055:1,550:1,4,3,1,0.0,0,0,0,0,0,0,0.0,1,2,0,0,0.0,11.0,34.5,1,False,False
Midday,Set1,Draw4,3,2,2,1,0.0,3,0.0,False,False,False,False,False,True,True,1,2,1,2,6,0,0,0,0556:1;01155:1;056:1,5506:1;11055:1;506:1,4,3,0,0.0,0,0,0,0,0,1,0.5,0,1,1,0,0.0,10.5,38.5,2,False,False
Midday,Set1,Draw4,4,18,3,2,0.0,4,0.0,False,False,False,False,False,False,True,2,5,2,5,7,0,0,0,118:1;168:1;1168:1,811:1;681:1;6811:1,6,4,1,0.0,0,0,0,0,0,0,0.5,1,6,1,0,0.0,19.5,53.5,2,False,False
Midday,Set1,Draw4,4,23,3,3,0.0,1,0.0,False,False,False,False,False,False,True,3,5,3,5,2,0,0,0,368:1;138:1,386:1;138:1,6,1,2,0.0,0,0,0,0,0,0,0.5,0,8,1,0,0.0,18.5,32.0,2,False,False
Midday,Set1,Draw4,4,8,3,2,0.0,4,0.0,False,False,False,False,False,False,False,1,4,1,4,0,0,0,0,0118:1;011368:1;05568:1,0118:1;011386:1;55068:1,6,4,1,0.0,0,0,0,0,0,0,0.0,0,3,4,0,0.0,18.0,40.0,3,False,False
Midday,Set1,Draw4,4,22,2,1,0.0,2,0.0,False,False,False,False,False,False,True,3,4,3,4,3,0,0,0,246:1;1147:1;147:1,624:1;4711:1;471:1,4,2,0,0.0,0,0,0,0,0,0,0.5,0,7,4,0,0.0,17.5,51.5,3,False,False
Midday,Set1,Draw4,4,3,3,2,0.0,2,0.0,False,False,False,False,False,False,False,3,3,3,3,0,0,0,0,255:1;0255:1;0557:1,552:1;2550:1;7055:1,6,2,1,0.0,0,0,0,0,0,0,0.0,1,6,1,0,0.0,17.0,53.5,2,False,False
Midday,Set1,Draw4,4,12,2,2,0.0,2,0.0,False,False,False,False,False,False,False,3,3,3,3,0,0,0,0,2455:1;245:1;02455:1,5524:1;524:1;55240:1,4,2,1,0.0,0,0,0,0,0,0,0.0,0,6,4,0,0.0,17.0,74.5,3,False,False
Midday,Set1,Draw4,4,21,3,1,0.0,1,0.0,False,False,False,False,False,False,True,3,2,3,2,10,0,0,0,112368:1;236:1;113678:1,118362:1;362:1;113867:1,6,1,0,0.0,0,0,0,0,0,0,0.5,0,5,4,0,0.0,16.5,34.5,3,False,False
Midday,Set1,Draw4,4,5,1,1,0.0,3,0.0,False,False,False,False,False,False,False,3,6,3,6,0,0,0,0,455:1,455:1,2,3,0,0.0,0,0,0,0,0,0,0.0,1,9,1,0,0.0,16.0,80.0,2,False,False
Midday,Set1,Draw4,4,6,2,1,0.0,4,0.0,True,False,False,False,False,False,True,1,4,1,4,1,0,0,0,011:1,011:2,4,4,0,0.0,0,0,2,0,0,0,0.5,1,3,1,0,0.0,15.5,42.5,2,False,False
Midday,Set1,Draw4,4,24,1,1,0.0,1,0.0,False,False,False,False,False,False,True,3,5,3,5,1,0,0,0,3468:1,6834:1,2,1,0,0.0,0,0,0,0,0,0,0.5,0,8,4,0,0.0,15.5,52.5,3,False,False
Midday,Set1,Draw4,4,33,1,1,0.0,1,0.0,False,False,False,False,False,False,True,3,5,3,5,1,0,0,0,348:1,834:1,2,1,0,0.0,0,0,0,0,0,0,0.5,0,8,1,0,0.0,12.5,48.5,2,False,False
Midday,Set1,Draw4,4,4,1,1,0.0,1,0.0,False,False,False,False,False,False,False,3,5,3,5,0,0,0,0,355:1;0355:1,553:1;0553:1,2,1,0,0.0,0,0,0,0,0,0,0.0,1,8,0,0,0.0,12.0,52.5,1,False,False
Midday,Set1,Draw4,4,1,2,2,0.0,3,0.0,False,False,False,False,False,False,False,1,3,1,3,0,0,0,0,055:1,550:1,4,3,1,0.0,0,0,0,0,0,0,0.0,1,2,1,0,0.0,12.0,34.5,2,False,False
Midday,Set1,Draw4,4,9,1,1,0.0,4,0.0,False,False,False,False,False,False,True,1,2,1,2,2,0,0,0,0114:1;014:1,4011:1;401:1,2,4,0,0.0,0,0,0,0,0,0,0.5,0,1,4,0,0.0,11.5,51.5,3,False,False
Midday,Set1,Draw4,4,7,3,2,0.0,2,0.0,False,False,False,False,False,False,False,1,2,1,2,0,0,0,0,02556:1;011557:1;01157:1,25506:1;117055:1;11705:1,6,2,1,0.0,0,0,0,0,0,0,0.0,0,1,1,0,0.0,11.0,32.0,2,False,False
Midday,Set1,Draw4,4,30,2,1,0.0,1,0.0,False,False,False,False,False,False,False,3,1,3,1,0,0,0,0,234:1;3478:1;347:1,324:1;8347:1;347:1,4,1,0,0.0,0,0,0,0,0,0,0.0,0,4,1,0,0.0,10.0,52.0,2,False,False
Midday,Set1,Draw4,4,17,2,2,0.0,1,0.0,False,False,False,False,False,False,False,1,1,1,1,0,0,0,0,117:1,711:1,4,1,1,0.0,0,0,0,0,0,0,0.0,1,0,1,0,0.0,8.0,20.0,2,False,False
Midday,Set1,Draw4,4,2,1,1,0.0,3,0.0,False,False,False,False,False,False,True,1,2,1,2,2,0,0,0,0556:1;056:1,5506:1;506:1,2,3,0,0.0,0,0,0,0,0,0,0.5,0,1,1,0,0.0,7.5,38.5,2,False,False
Midday,Set1,Draw4,4,11,1,1,0.0,1,0.0,False,False,False,False,False,False,False,1,2,1,2,0,0,0,0,023557:1;02355:1;03557:1,705532:1;05532:1;70553:1,2,1,0,0.0,0,0,0,0,0,0,0.0,0,1,0,0,0.0,4.0,30.5,1,False,False
Midday,Set1,Draw5,1,18,3,2,0.0,3,1.0,True,False,False,False,False,False,True,1,5,1,5,1,0,1,0,118:1,118:2,6,3,1,0.0,0,1,2,0,0,0,0.5,1,4,1,0,0.0,19.5,53.5,2,False,False
Midday,Set1,Draw5,1,6,3,2,0.0,3,1.0,True,False,False,False,False,False,True,1,4,1,4,1,0,1,0,011:1,011:2,6,3,1,0.0,0,1,2,0,0,0,0.5,1,3,0,0,0.0,17.5,42.5,1,False,False
Midday,Set1,Draw5,1,8,3,2,0.0,3,1.0,True,False,False,True,False,False,False,1,4,1,4,0,0,1,0,0118:1,0118:2,6,3,1,0.0,0,1,2,0,0,0,0.0,0,3,1,0,0.0,17.0,40.0,2,False,False
Midday,Set1,Draw5,1,12,2,2,0.0,3,1.0,False,False,False,False,False,False,False,1,3,1,3,0,0,1,0,024:1,240:1,4,3,1,0.0,0,1,0,0,0,0,0.0,0,2,4,0,0.0,15.0,74.5,3,False,False
Midday,Set1,Draw5,1,19,1,1,0.0,3,1.0,False,False,False,False,False,True,True,1,5,1,5,1,0,1,0,114:1,411:1,2,3,0,0.0,0,1,0,0,0,1,0.5,1,4,0,0,0.0,12.5,58.5,1,False,False
Midday,Set1,Draw5,1,9,1,1,0.0,3,1.0,False,False,False,False,False,True,True,1,2,1,2,2,0,2,0,0114:1;014:1,4011:1;401:1,2,3,0,0.0,0,1,0,0,0,1,0.5,0,1,4,0,0.0,12.5,51.5,3,False,False
Midday,Set1,Draw5,1,24,1,1,0.0,2,1.0,False,False,False,False,False,True,True,1,4,1,4,2,0,2,0,148:1;1148:1,841:1;8411:1,2,2,0,0.0,0,1,0,0,0,1,0.5,0,3,1,0,0.0,10.5,52.5,2,False,False
Midday,Set1,Draw5,1,7,1,1,0.0,1,1.0,False,False,False,False,False,True,False,1,1,1,1,0,0,2,0,0112:1;012:1,1102:1;102:1,2,1,0,0.0,0,1,0,0,0,1,0.0,0,0,4,0,0.0,9.0,32.0,3,False,False
Midday,Set1,Draw5,1,21,1,1,0.0,1,1.0,False,False,False,False,False,True,True,1,2,1,2,2,0,2,0,1128:1;128:1,1182:1;182:1,2,1,0,0.0,0,1,0,0,0,1,0.5,0,1,1,0,0.0,7.5,34.5,2,False,False
Midday,Set1,Draw5,1,14,1,1,0.0,1,1.0,False,False,False,False,False,True,False,1,3,1,3,0,0,1,0,048:1,084:1,2,1,0,0.0,0,1,0,0,0,1,0.0,0,2,0,0,0.0,7.0,40.5,1,False,False
Midday,Set1,Draw5,1,30,1,1,0.0,1,1.0,False,False,False,False,False,True,False,1,2,1,2,0,0,1,0,248:1,824:1,2,1,0,0.0,0,1,0,0,0,1,0.0,0,1,1,0,0.0,7.0,52.0,2,False,False
Midday,Set1,Draw5,1,11,1,1,0.0,1,1.0,False,False,False,False,False,True,False,1,1,1,1,0,0,1,0,028:1,208:1,2,1,0,0.0,0,1,0,0,0,1,0.0,0,0,0,0,0.0,5.0,30.5,1,False,False
Midday,Set1,Draw5,2,12,3,2,0.0,3,1.0,True,False,False,False,False,True,False,3,3,3,3,0,0,5,0,2455:1;245:1;02455:1,5524:2;524:2;55240:1,6,3,1,0.0,0,1,2,0,0,1,0.0,0,6,4,0,0.0,24.0,74.5,3,False,False
Midday,Set1,Draw5,2,8,4,2,0.0,3,1.0,True,False,False,False,False,True,False,1,4,1,4,0,0,9,0,0118:1;01168:1;0115568:1,0118:2;01186:2;6811055:1,8,3,1,0.0,0,1,2,0,0,1,0.0,0,3,4,0,0.0,23.0,40.0,3,False,False
Midday,Set1,Draw5,2,18,3,2,0.0,3,1.0,True,False,False,False,False,False,True,2,5,2,5,3,0,3,0,118:1;168:1;1168:1,118:2;186:2;1186:2,6,3,1,0.0,0,1,2,0,0,0,0.5,1,6,1,0,0.0,21.5,53.5,2,False,False
Midday,Set1,Draw5,2,3,3,2,0.0,2,1.0,True,False,False,False,False,False,False,3,3,3,3,0,0,2,0,255:1;0255:1,552:2;2550:1,6,2,1,0.0,0,1,2,0,0,0,0.0,1,6,1,0,0.0,20.0,53.5,2,False,False
Midday,Set1,Draw5,2,6,3,2,0.0,3,1.0,True,False,False,False,False,False,True,1,4,1,4,1,0,1,0,011:1,011:2,6,3,1,0.0,0,1,2,0,0,0,0.5,1,3,1,0,0.0,18.5,42.5,2,False,False
Midday,Set1,Draw5,2,5,1,1,0.0,2,1.0,False,False,False,False,False,True,False,3,6,3,6,0,0,1,0,455:1,455:1,2,2,0,0.0,0,1,0,0,0,1,0.0,1,9,1,0,0.0,17.0,80.0,2,False,False
Midday,Set1,Draw5,2,22,1,1,0.0,1,1.0,False,False,False,False,False,True,True,3,4,3,4,1,0,1,0,246:1,624:1,2,1,0,0.0,0,1,0,0,0,1,0.5,0,7,4,0,0.0,16.5,51.5,3,False,False
Midday,Set1,Draw5,2,24,1,1,0.0,2,1.0,False,False,False,False,False,True,True,1,4,1,4,5,0,5,0,11468:1;1468:1;148:1,68411:1;6841:1;841:1,2,2,0,0.0,0,1,0,0,0,1,0.5,0,3,4,0,0.0,13.5,52.5,3,False,False
Midday,Set1,Draw5,2,7,2,1,0.0,2,1.0,False,False,False,False,False,True,False,1,2,1,2,0,0,3,0,02556:1;011255:1;01255:1,25506:1;110552:1;10552:1,4,2,0,0.0,0,1,0,0,0,1,0.0,0,1,4,0,0.0,13.0,32.0,3,False,False
Midday,Set1,Draw5,2,19,1,1,0.0,3,1.0,False,False,False,False,False,True,True,1,5,1,5,1,0,1,0,114:1,411:1,2,3,0,0.0,0,1,0,0,0,1,0.5,1,4,0,0,0.0,12.5,58.5,1,False,False
Midday,Set1,Draw5,2,21,1,1,0.0,1,1.0,False,False,False,False,False,True,True,1,4,1,4,3,0,3,0,11268:1;1268:1;268:1,11862:1;1862:1;862:1,2,1,0,0.0,0,1,0,0,0,1,0.5,0,3,4,0,0.0,12.5,34.5,3,False,False
Midday,Set1,Draw5,2,9,1,1,0.0,3,1.0,False,False,False,False,False,True,True,1,2,1,2,2,0,2,0,0114:1;014:1,4011:1;401:1,2,3,0,0.0,0,1,0,0,0,1,0.5,0,1,4,0,0.0,12.5,51.5,3,False,False
Midday,Set1,Draw5,2,1,2,2,0.0,2,1.0,False,False,False,False,False,False,False,1,3,1,3,0,0,1,0,055:1,550:1,4,2,1,0.0,0,1,0,0,0,0,0.0,1,2,0,0,0.0,11.0,34.5,1,False,False
Midday,Set1,Draw5,2,2,2,1,0.0,2,1.0,False,False,False,False,False,True,True,1,2,1,2,6,0,6,0,01155:1;0556:1;0115:1,11055:1;5506:1;1105:1,4,2,0,0.0,0,1,0,0,0,1,0.5,0,1,0,0,0.0,9.5,38.5,1,False,False
Midday,Set1,Draw5,3,8,4,2,0.0,3,0.0,False,False,False,False,False,True,False,1,4,1,4,0,0,0,0,0115568:1;01168:1;011568:1,6811055:1;68110:1;681105:1,8,3,1,0.0,0,0,0,0,0,1,0.0,0,3,4,0,0.0,20.0,40.0,3,False,False
Midday,Set1,Draw5,3,18,3,2,0.0,3,0.0,False,False,False,False,False,True,True,2,5,2,5,7,0,0,0,168:1;1168:1;118:1,681:1;6811:1;811:1,6,3,1,0.0,0,0,0,0,0,1,0.5,1,6,1,0,0.0,19.5,53.5,2,False,False
Midday,Set1,Draw5,3,12,2,2,0.0,3,0.0,False,False,False,False,False,True,False,3,3,3,3,0,0,0,0,2455:1;245:1;022455:1,2455:1;245:1;552240:1,4,3,1,0.0,0,0,0,0,0,1,0.0,0,6,4,0,0.0,19.0,74.5,3,False,False
Midday,Set1,Draw5,3,3,2,2,0.0,2,0.0,False,False,False,False,False,True,False,3,3,3,3,0,0,0,0,255:1;0255:1;02255:1,552:1;2550:1;22550:1,4,2,1,0.0,0,0,0,0,0,1,0.0,1,6,4,0,0.0,19.0,53.5,3,False,False
Midday,Set1,Draw5,3,23,3,3,0.0,1,0.0,False,False,False,False,False,False,True,3,5,3,5,2,0,0,0,368:1;138:1,386:1;138:1,6,1,2,0.0,0,0,0,0,0,0,0.5,0,8,0,0,0.0,17.5,32.0,1,False,False
Midday,Set1,Draw5,3,6,3,2,0.0,3,0.0,True,False,False,False,False,False,True,1,4,1,4,1,0,0,0,011:1,011:2,6,3,1,0.0,0,0,2,0,0,0,0.5,1,3,1,0,0.0,17.5,42.5,2,False,False
Midday,Set1,Draw5,3,24,1,1,0.0,1,0.0,False,False,False,False,False,True,True,3,5,3,5,7,0,0,0,3468:1;113468:1;13468:1,6834:1;683411:1;68341:1,2,1,0,0.0,0,0,0,0,0,1,0.5,0,8,4,0,0.0,16.5,52.5,3,False,False
Midday,Set1,Draw5,3,28,3,1,0.0,1,0.0,True,True,False,False,False,True,False,1,1,1,1,0,0,0,0,224:1,224:3,6,1,0,0.0,0,0,2,4,0,1,0.0,1,0,1,0,0.0,16.0,99.0,2,False,False
Midday,Set1,Draw5,3,5,1,1,0.0,2,0.0,False,False,False,False,False,True,False,3,6,3,6,0,0,0,0,455:1,455:1,2,2,0,0.0,0,0,0,0,0,1,0.0,1,9,1,0,0.0,16.0,80.0,2,False,False
Midday,Set1,Draw5,3,4,1,1,0.0,1,0.0,False,False,False,False,False,True,False,3,5,3,5,0,0,0,0,355:1;0355:1,553:1;0553:1,2,1,0,0.0,0,0,0,0,0,1,0.0,1,8,1,0,0.0,14.0,52.5,2,False,False
Midday,Set1,Draw5,3,21,1,1,0.0,1,0.0,False,False,False,False,False,True,True,3,2,3,2,8,0,0,0,112368:1;1122368:1;236:1,118362:1;1183622:1;362:1,2,1,0,0.0,0,0,0,0,0,1,0.5,0,5,4,0,0.0,13.5,34.5,3,False,False
Midday,Set1,Draw5,3,33,1,1,0.0,1,0.0,False,False,False,False,False,True,True,3,5,3,5,1,0,0,0,348:1,834:1,2,1,0,0.0,0,0,0,0,0,1,0.5,0,8,0,0,0.0,12.5,48.5,1,False,False
Midday,Set1,Draw5,3,2,2,1,0.0,2,0.0,False,False,False,False,False,True,True,1,2,1,2,6,0,0,0,01155:1;0556:1;0115:1,11055:1;5506:1;1105:1,4,2,0,0.0,0,0,0,0,0,1,0.5,0,1,4,0,0.0,12.5,38.5,3,False,False
Midday,Set1,Draw5,3,19,1,1,0.0,3,0.0,False,False,False,False,False,True,True,1,5,1,5,1,0,0,0,114:1,411:1,2,3,0,0.0,0,0,0,0,0,1,0.5,1,4,0,0,0.0,11.5,58.5,1,False,False
Midday,Set1,Draw5,3,9,1,1,0.0,3,0.0,False,False,False,False,False,True,True,1,2,1,2,2,0,0,0,0114:1;014:1,4011:1;401:1,2,3,0,0.0,0,0,0,0,0,1,0.5,0,1,4,0,0.0,11.5,51.5,3,False,False
Midday,Set1,Draw5,3,1,2,2,0.0,2,0.0,False,False,False,False,False,False,False,1,3,1,3,0,0,0,0,055:1,550:1,4,2,1,0.0,0,0,0,0,0,0,0.0,1,2,1,0,0.0,11.0,34.5,2,False,False
Midday,Set1,Draw5,3,7,1,1,0.0,2,0.0,False,False,False,False,False,True,False,1,2,1,2,0,0,0,0,02556:1;022556:1,25506:1;225506:1,2,2,0,0.0,0,0,0,0,0,1,0.0,0,1,4,0,0.0,10.0,32.0,3,False,False
Midday,Set1,Draw5,3,22,1,1,0.0,1,0.0,False,False,False,False,False,True,True,1,1,1,1,1,0,0,0,2246:1,6224:1,2,1,0,0.0,0,0,0,0,0,1,0.5,0,0,4,0,0.0,8.5,51.5,3,False,False
Midday,Set1,Draw5,3,30,1,1,0.0,1,0.0,False,False,False,False,False,True,False,1,1,1,1,0,0,0,0,2234:1,3224:1,2,1,0,0.0,0,0,0,0,0,1,0.0,0,0,4,0,0.0,8.0,52.0,3,False,False
Midday,Set1,Draw5,3,10,2,2,0.0,1,0.0,False,False,False,False,False,False,False,1,1,1,1,0,0,0,0,2255:1;225:1,5522:1;522:1,4,1,1,0.0,0,0,0,0,0,0,0.0,1,0,1,0,0.0,8.0,36.0,2,False,False
Midday,Set1,Draw5,3,27,1,1,0.0,1,0.0,False,False,False,False,False,True,False,1,1,1,1,0,0,0,0,223:1,322:1,2,1,0,0.0,0,0,0,0,0,1,0.0,1,0,1,0,0.0,6.0,59.5,2,False,False
Midday,Set1,Draw5,3,20,1,1,0.0,1,0.0,False,False,False,False,False,True,False,1,1,1,1,0,0,0,0,226:1,622:1,2,1,0,0.0,0,0,0,0,0,1,0.0,1,0,1,0,0.0,6.0,57.0,2,False,False
Midday,Set1,Draw5,3,11,1,1,0.0,1,0.0,False,False,False,False,False,True,False,1,2,1,2,0,0,0,0,02355:1;022355:1;2355:1,05532:1;055322:1;5532:1,2,1,0,0.0,0,0,0,0,0,1,0.0,0,1,0,0,0.0,5.0,30.5,1,False,False
Midday,Set1,Draw6,1,31,3,1,0.0,2,1.0,True,True,False,False,False,True,True,3,2,3,2,1,1,0,0,244:1,244:3,6,2,0,0.0,0,1,2,4,0,1,0.5,1,5,1,0,0.0,23.5,57.5,2,False,False
Midday,Set1,Draw6,1,8,3,2,0.0,2,1.0,True,False,False,True,False,False,False,1,4,1,4,0,2,0,0,00118:1;0118:1,00118:2;0118:2,6,2,1,0.0,0,1,2,0,0,0,0.0,0,3,4,0,0.0,19.0,40.0,3,False,False
Midday,Set1,Draw6,1,18,3,2,0.0,2,1.0,True,False,False,False,False,False,True,1,5,1,5,1,1,0,0,118:1,118:2,6,2,1,0.0,0,1,2,0,0,0,0.5,1,4,1,0,0.0,18.5,53.5,2,False,False
Midday,Set1,Draw6,1,6,3,2,0.0,2,1.0,True,False,False,False,False,False,True,1,4,1,4,1,1,0,0,011:1,011:2,6,2,1,0.0,0,1,2,0,0,0,0.5,1,3,0,0,0.0,16.5,42.5,1,False,False
Midday,Set1,Draw6,1,12,2,2,0.0,2,1.0,False,False,False,False,False,True,False,1,3,1,3,0,4,0,0,00244:1;0244:1;024:1,24400:1;2440:1;024:1,4,2,1,0.0,0,1,0,0,0,1,0.0,0,2,4,0,0.0,15.0,74.5,3,False,False
Midday,Set1,Draw6,1,2,3,2,0.0,2,1.0,True,False,False,False,False,False,True,1,2,1,2,2,2,0,0,001:1;0011:1,001:2;0011:2,6,2,1,0.0,0,1,2,0,0,0,0.5,1,1,0,0,0.0,14.5,38.5,1,False,False
Midday,Set1,Draw6,1,19,1,1,0.0,2,1.0,False,False,False,False,False,True,True,1,5,1,5,2,2,0,0,114:1;1144:1,411:1;4411:1,2,2,0,0.0,0,1,0,0,0,1,0.5,1,4,0,0,0.0,11.5,58.5,1,False,False
Midday,Set1,Draw6,1,9,1,1,0.0,2,1.0,False,False,False,False,False,True,True,1,2,1,2,4,4,0,0,001144:1;00144:1;00114:1,440011:1;44001:1;40011:1,2,2,0,0.0,0,1,0,0,0,1,0.5,0,1,4,0,0.0,11.5,51.5,3,False,False
Midday,Set1,Draw6,1,24,1,1,0.0,2,1.0,False,False,False,False,False,True,True,1,2,1,2,2,2,0,0,11448:1;1448:1,84411:1;8441:1,2,2,0,0.0,0,1,0,0,0,1,0.5,0,1,4,0,0.0,11.5,52.5,3,False,False
Midday,Set1,Draw6,1,25,1,1,0.0,2,1.0,False,False,False,False,False,True,True,2,2,2,2,1,1,0,0,144:1,441:1,2,2,0,0.0,0,1,0,0,0,1,0.5,1,3,0,0,0.0,10.5,26.0,1,False,False
Midday,Set1,Draw6,1,21,1,1,0.0,1,1.0,False,False,False,False,False,True,True,1,2,1,2,2,2,0,0,1128:1;128:1,1182:1;182:1,2,1,0,0.0,0,1,0,0,0,1,0.5,0,1,4,0,0.0,10.5,34.5,3,False,False
Midday,Set1,Draw6,1,30,1,1,0.0,1,1.0,False,False,False,False,False,True,False,1,2,1,2,0,2,0,0,248:1;2448:1,824:1;8244:1,2,1,0,0.0,0,1,0,0,0,1,0.0,0,1,4,0,0.0,10.0,52.0,3,False,False
Midday,Set1,Draw6,1,15,1,1,0.0,2,1.0,False,False,False,False,False,True,False,1,2,1,2,0,1,0,0,044:1,440:1,2,2,0,0.0,0,1,0,0,0,1,0.0,1,1,1,0,0.0,9.0,43.5,2,False,False
Midday,Set1,Draw6,1,34,1,1,0.0,2,1.0,False,False,False,False,False,True,False,1,2,1,2,0,1,0,0,448:1,844:1,2,2,0,0.0,0,1,0,0,0,1,0.0,1,1,1,0,0.0,9.0,39.0,2,False,False
Midday,Set1,Draw6,1,5,1,1,0.0,2,1.0,False,False,False,False,False,True,False,1,2,1,2,0,2,0,0,0044:1;004:1,4400:1;400:1,2,2,0,0.0,0,1,0,0,0,1,0.0,1,1,0,0,0.0,8.0,80.0,1,False,False
Midday,Set1,Draw6,1,14,1,1,0.0,1,1.0,False,False,False,False,False,True,False,1,3,1,3,0,4,0,0,00448:1;048:1;0048:1,00844:1;084:1;0084:1,2,1,0,0.0,0,1,0,0,0,1,0.0,0,2,1,0,0.0,8.0,40.5,2,False,False
Midday,Set1,Draw6,1,3,2,2,0.0,1,1.0,False,False,False,False,False,False,False,1,1,1,1,0,1,0,0,002:1,200:1,4,1,1,0.0,0,1,0,0,0,0,0.0,1,0,0,0,0.0,8.0,53.5,1,False,False
Midday,Set1,Draw6,1,7,1,1,0.0,1,1.0,False,False,False,False,False,True,False,1,1,1,1,0,2,0,0,00112:1;0012:1,11002:1;1002:1,2,1,0,0.0,0,1,0,0,0,1,0.0,0,0,1,0,0.0,6.0,32.0,2,False,False
Midday,Set1,Draw6,1,11,1,1,0.0,1,1.0,False,False,False,False,False,True,False,1,1,1,1,0,1,0,0,0028:1,2008:1,2,1,0,0.0,0,1,0,0,0,1,0.0,0,0,1,0,0.0,6.0,30.5,2,False,False
Midday,Set1,Draw6,1,4,1,1,0.0,1,1.0,False,False,False,False,False,True,False,1,1,1,1,0,1,0,0,008:1,008:1,2,1,0,0.0,0,1,0,0,0,1,0.0,1,0,0,0,0.0,6.0,52.5,1,False,False
Midday,Set1,Draw6,2,31,3,1,0.0,2,0.0,True,True,False,False,False,True,True,3,2,3,2,1,0,0,0,244:1,244:3,6,2,0,0.0,0,0,2,4,0,1,0.5,1,5,1,0,0.0,22.5,57.5,2,False,False
Midday,Set1,Draw6,2,18,3,2,0.0,2,0.0,True,False,False,False,False,False,True,2,5,2,5,3,0,0,0,118:1;168:1;1168:1,118:2;186:2;1186:2,6,2,1,0.0,0,0,2,0,0,0,0.5,1,6,4,0,0.0,22.5,53.5,3,False,False
Midday,Set1,Draw6,2,12,3,2,0.0,2,0.0,True,False,False,False,False,True,False,3,3,3,3,0,0,0,0,2455:1;245:1;24455:1,5524:2;524:2;55244:2,6,2,1,0.0,0,0,2,0,0,1,0.0,0,6,4,0,0.0,22.0,74.5,3,False,False
Midday,Set1,Draw6,2,8,4,2,0.0,2,0.0,True,False,False,False,False,True,False,1,4,1,4,0,0,0,0,0118:1;01168:1;00118:1,0118:2;01186:2;00118:2,8,2,1,0.0,0,0,2,0,0,1,0.0,0,3,4,0,0.0,21.0,40.0,3,False,False
Midday,Set1,Draw6,2,3,3,2,0.0,1,0.0,True,False,False,False,False,False,False,3,3,3,3,0,0,0,0,255:1;0255:1;00255:1,552:2;2550:1;25500:1,6,1,1,0.0,0,0,2,0,0,0,0.0,1,6,1,0,0.0,18.0,53.5,2,False,False
Midday,Set1,Draw6,2,5,2,1,0.0,2,0.0,False,False,False,False,False,True,False,3,6,3,6,0,0,0,0,455:1;0044:1;004:1,455:1;4400:1;400:1,4,2,0,0.0,0,0,0,0,0,1,0.0,1,9,1,0,0.0,18.0,80.0,2,False,False
Midday,Set1,Draw6,2,6,3,2,0.0,2,0.0,True,False,False,False,False,False,True,1,4,1,4,1,0,0,0,011:1,011:2,6,2,1,0.0,0,0,2,0,0,0,0.5,1,3,1,0,0.0,16.5,42.5,2,False,False
Midday,Set1,Draw6,2,2,4,2,0.0,2,0.0,True,False,False,False,False,True,True,1,2,1,2,9,0,0,0,001:1;0011:1;001155:1,001:2;0011:2;110055:1,8,2,1,0.0,0,0,2,0,0,1,0.5,1,1,0,0,0.0,16.5,38.5,1,False,False
Midday,Set1,Draw6,2,22,1,1,0.0,1,0.0,False,False,False,False,False,True,True,3,4,3,4,2,0,0,0,246:1;2446:1,624:1;6244:1,2,1,0,0.0,0,0,0,0,0,1,0.5,0,7,4,0,0.0,15.5,51.5,3,False,False
Midday,Set1,Draw6,2,15,2,1,0.0,2,0.0,False,False,False,False,False,True,False,3,2,3,2,0,0,0,0,445:1;4455:1;044:1,445:1;4455:1;440:1,4,2,0,0.0,0,0,0,0,0,1,0.0,1,5,1,0,0.0,14.0,43.5,2,False,False
Midday,Set1,Draw6,2,24,1,1,0.0,2,0.0,False,False,False,False,False,True,True,1,4,1,4,6,0,0,0,114468:1;11448:1;468:1,684411:1;84411:1;684:1,2,2,0,0.0,0,0,0,0,0,1,0.5,0,3,4,0,0.0,12.5,52.5,3,False,False
Midday,Set1,Draw6,2,21,1,1,0.0,1,0.0,False,False,False,False,False,True,True,1,4,1,4,3,0,0,0,11268:1;1268:1;268:1,11862:1;1862:1;862:1,2,1,0,0.0,0,0,0,0,0,1,0.5,0,3,4,0,0.0,11.5,34.5,3,False,False
Midday,Set1,Draw6,2,19,1,1,0.0,2,0.0,False,False,False,False,False,True,True,1,5,1,5,2,0,0,0,114:1;1144:1,411:1;4411:1,2,2,0,0.0,0,0,0,0,0,1,0.5,1,4,0,0,0.0,10.5,58.5,1,False,False
Midday,Set1,Draw6,2,9,1,1,0.0,2,0.0,False,False,False,False,False,True,True,1,2,1,2,4,0,0,0,001144:1;00144:1;00114:1,440011:1;44001:1;40011:1,2,2,0,0.0,0,0,0,0,0,1,0.5,0,1,4,0,0.0,10.5,51.5,3,False,False
Midday,Set1,Draw6,2,7,2,1,0.0,1,0.0,False,False,False,False,False,True,False,1,1,1,1,0,0,0,0,0011255:1;002556:1;001255:1,1100552:1;255006:1;100552:1,4,1,0,0.0,0,0,0,0,0,1,0.0,0,0,4,0,0.0,10.0,32.0,3,False,False
Midday,Set1,Draw6,2,25,1,1,0.0,2,0.0,False,False,False,False,False,True,True,2,2,2,2,1,0,0,0,144:1,441:1,2,2,0,0.0,0,0,0,0,0,1,0.5,1,3,0,0,0.0,9.5,26.0,1,False,False
Midday,Set1,Draw6,2,1,2,2,0.0,1,0.0,False,False,False,False,False,False,False,1,3,1,3,0,0,0,0,055:1;0055:1;005:1,550:1;5500:1;500:1,4,1,1,0.0,0,0,0,0,0,0,0.0,1,2,0,0,0.0,9.0,34.5,1,False,False
Midday,Set1,Draw6,2,34,1,1,0.0,2,0.0,False,False,False,False,False,True,False,1,2,1,2,0,0,0,0,448:1,844:1,2,2,0,0.0,0,0,0,0,0,1,0.0,1,1,1,0,0.0,8.0,39.0,2,False,False
Midday,Set1,Draw7,1,31,3,1,0.0,1,0.0,True,True,False,False,False,True,True,3,2,3,2,3,0,0,0,244:1;2449:1;249:1,244:3;9244:2;924:2,6,1,0,0.0,0,0,2,4,0,1,0.5,1,5,4,0,0.0,24.5,57.5,3,False,False
Midday,Set1,Draw7,1,23,4,2,0.0,1,0.0,True,False,False,False,False,False,True,2,3,2,3,2,0,0,0,688:1;188:1,886:2;188:1,8,1,1,0.0,0,0,2,0,0,0,0.5,1,4,1,0,0.0,18.5,32.0,2,False,False
Midday,Set1,Draw7,1,9,4,2,0.0,1,0.0,False,False,False,False,False,True,True,1,2,1,2,8,0,0,0,001144:1;00144:1;00114:1,440011:1;44001:1;40011:1,8,1,1,0.0,0,0,0,0,0,1,0.5,0,1,4,0,0.0,16.5,51.5,3,False,False
Midday,Set1,Draw7,1,8,3,2,0.0,1,0.0,False,False,False,False,False,True,False,1,4,1,4,0,0,0,0,0011688:1;0118:1;011688:1,0011886:1;0118:1;011886:1,6,1,1,0.0,0,0,0,0,0,1,0.0,0,3,4,0,0.0,16.0,40.0,3,False,False
Midday,Set1,Draw7,1,2,4,2,0.0,1,0.0,True,False,False,True,False,True,True,1,2,1,2,3,0,0,0,0011:1;001:1;006:1,0011:2;001:2;006:1,8,1,1,0.0,0,0,2,0,0,1,0.5,1,1,0,0,0.0,15.5,38.5,1,False,False
Midday,Set1,Draw7,1,6,3,2,0.0,1,0.0,True,False,False,False,False,False,True,1,4,1,4,1,0,0,0,011:1,011:2,6,1,1,0.0,0,0,2,0,0,0,0.5,1,3,1,0,0.0,15.5,42.5,2,False,False
Midday,Set1,Draw7,1,22,1,1,0.0,1,0.0,False,False,False,False,False,True,True,3,4,3,4,2,0,0,0,246:1;2446:1,624:1;6244:1,2,1,0,0.0,0,0,0,0,0,1,0.5,0,7,4,0,0.0,15.5,51.5,3,False,False
Midday,Set1,Draw7,1,18,2,2,0.0,1,0.0,False,False,False,False,False,False,True,1,5,1,5,4,0,0,0,118:1;11688:1;1688:1,118:1;11886:1;1886:1,4,1,1,0.0,0,0,0,0,0,0,0.5,1,4,4,0,0.0,15.5,53.5,3,False,False
Midday,Set1,Draw7,1,12,3,2,0.0,1,0.0,False,False,False,False,False,True,False,1,2,1,2,0,0,0,0,002449:1;00244:1;00249:1,924400:1;24400:1;00924:1,6,1,1,0.0,0,0,0,0,0,1,0.0,0,1,4,0,0.0,14.0,74.5,3,False,False
Midday,Set1,Draw7,1,24,2,1,0.0,1,0.0,False,False,False,False,False,True,True,1,2,1,2,15,0,0,0,1144688:1;144688:1;116889:1,6884411:1;688441:1;119886:1,4,1,0,0.0,0,0,0,0,0,1,0.5,0,1,4,0,0.0,11.5,52.5,3,False,False
Midday,Set1,Draw7,1,19,2,1,0.0,1,0.0,False,False,False,False,False,True,True,1,5,1,5,3,0,0,0,114:1;1144:1;119:1,411:1;4411:1;119:1,4,1,0,0.0,0,0,0,0,0,1,0.5,1,4,0,0,0.0,11.5,58.5,1,False,False
Midday,Set1,Draw7,1,21,1,1,0.0,1,0.0,False,False,False,False,False,True,True,1,4,1,4,2,0,0,0,268:1;2688:1,862:1;8862:1,2,1,0,0.0,0,0,0,0,0,1,0.5,0,3,4,0,0.0,11.5,34.5,3,False,False
Midday,Set1,Draw7,1,5,3,2,0.0,1,0.0,False,False,False,False,False,True,False,1,2,1,2,0,0,0,0,0044:1;004:1;009:1,4400:1;400:1;900:1,6,1,1,0.0,0,0,0,0,0,1,0.0,1,1,0,0,0.0,11.0,80.0,1,False,False
Midday,Set1,Draw7,1,33,2,1,0.0,1,0.0,False,False,False,False,False,True,True,1,3,1,3,2,0,0,0,889:1;488:1,988:1;884:1,4,1,0,0.0,0,0,0,0,0,1,0.5,1,2,1,0,0.0,10.5,48.5,2,False,False
Midday,Set1,Draw7,1,15,1,1,0.0,1,0.0,False,False,False,False,False,True,False,1,2,1,2,0,0,0,0,044:1,440:1,2,1,0,0.0,0,0,0,0,0,1,0.0,1,1,4,0,0.0,10.0,43.5,3,False,False
Midday,Set1,Draw7,1,34,1,1,0.0,1,0.0,False,False,False,False,False,True,False,1,2,1,2,0,0,0,0,448:1;4488:1,844:1;8844:1,2,1,0,0.0,0,0,0,0,0,1,0.0,1,1,4,0,0.0,10.0,39.0,3,False,False
Midday,Set1,Draw7,1,25,1,1,0.0,1,0.0,False,False,False,False,False,True,True,2,2,2,2,1,0,0,0,144:1,441:1,2,1,0,0.0,0,0,0,0,0,1,0.5,1,3,0,0,0.0,8.5,26.0,1,False,False
Midday,Set2,Draw1,1,5,3,2,0.0,7,1.0,True,False,False,False,False,False,False,3,1,3,1,0,1,0,0,455:1,554:2,6,7,1,0.0,0,1,2,0,0,0,0.0,1,4,0,1,0.0,23.0,80.0,1,True,False
Midday,Set2,Draw1,1,14,4,4,0.0,2,1.0,False,False,False,True,False,False,False,2,1,2,1,0,2,0,0,4558:1;458:1,5548:1;548:1,8,2,3,0.0,0,1,0,0,0,0,0.0,0,2,0,1,0.0,17.0,40.5,1,True,False
Midday,Set2,Draw1,1,4,2,2,0.0,6,1.0,False,False,False,False,False,False,False,3,1,3,1,0,1,0,0,558:1,558:1,4,6,1,0.0,0,1,0,0,0,0,0.0,1,4,0,0,0.0,17.0,52.5,1,False,False
Midday,Set2,Draw1,2,5,3,2,0.0,7,1.0,True,False,False,False,False,False,False,3,1,3,1,0,1,0,0,455:1,554:2,6,7,1,0.0,0,1,2,0,0,0,0.0,1,4,0,1,0.0,23.0,80.0,1,True,False
Midday,Set2,Draw1,2,4,2,2,0.0,6,1.0,False,False,False,False,False,False,False,3,1,3,1,0,1,0,0,558:1,558:1,4,6,1,0.0,0,1,0,0,0,0,0.0,1,4,0,1,0.0,18.0,52.5,1,True,False
Midday,Set2,Draw1,2,14,4,4,0.0,2,1.0,False,False,False,False,False,False,False,2,1,2,1,0,2,0,0,4558:1;458:1,5548:1;548:1,8,2,3,0.0,0,1,0,0,0,0,0.0,0,2,0,1,0.0,17.0,40.5,1,True,False
Midday,Set2,Draw1,3,14,4,4,0.0,3,1.0,False,False,False,False,False,False,False,3,1,3,1,0,4,0,0,34558:1;3455:1;3458:1,55438:1;5543:1;5438:1,8,3,3,0.0,0,1,0,0,0,0,0.0,0,4,0,1,0.0,20.0,40.5,1,True,False
Midday,Set2,Draw1,3,5,2,2,0.0,7,1.0,False,False,False,False,False,False,False,3,1,3,1,0,1,0,0,455:1,554:1,4,7,1,0.0,0,1,0,0,0,0,0.0,1,4,0,1,0.0,19.0,80.0,1,True,False
Midday,Set2,Draw1,3,4,2,2,0.0,6,1.0,False,False,False,False,False,True,False,3,1,3,1,0,2,0,0,558:1;355:1,558:1;553:1,4,6,1,0.0,0,1,0,0,0,1,0.0,1,4,0,1,0.0,19.0,52.5,1,True,False
Midday,Set2,Draw1,3,33,3,2,0.0,3,1.0,True,False,False,False,False,False,True,3,1,3,1,1,1,0,0,348:1,834:2,6,3,1,0.0,0,1,2,0,0,0,0.5,0,4,0,1,0.0,18.5,48.5,1,True,False
Midday,Set2,Draw1,3,13,2,2,0.0,4,1.0,False,False,False,False,False,True,False,3,1,3,1,0,2,0,0,3558:1;358:1,5583:1;583:1,4,4,1,0.0,0,1,0,0,0,1,0.0,0,4,0,1,0.0,16.0,46.5,1,True,False
Midday,Set2,Draw1,4,23,4,3,0.0,4,1.0,True,False,False,False,False,False,True,3,1,3,1,3,3,0,0,3688:1;688:1;368:1,688:2;3886:1;836:1,8,4,2,0.0,0,1,2,0,0,0,0.5,1,4,0,1,0.0,23.5,32.0,1,True,False
Midday,Set2,Draw1,4,5,2,2,0.0,7,1.0,False,False,False,False,False,False,False,3,1,3,1,0,1,0,0,455:1,554:1,4,7,1,0.0,0,1,0,0,0,0,0.0,1,4,0,1,0.0,19.0,80.0,1,True,False
Midday,Set2,Draw1,4,24,3,3,0.0,3,1.0,False,False,False,False,False,False,True,3,1,3,1,3,3,0,0,34688:1;3468:1;346:1,43886:1;8364:1;364:1,6,3,2,0.0,0,1,0,0,0,0,0.5,0,4,0,1,0.0,17.5,52.5,1,True,False
Midday,Set2,Draw1,4,32,3,2,0.0,4,1.0,True,False,False,False,False,False,False,2,1,2,1,0,1,0,0,388:1,883:2,6,4,1,0.0,0,1,2,0,0,0,0.0,1,2,0,0,0.0,17.0,32.0,1,False,False
Midday,Set2,Draw1,4,33,2,2,0.0,3,1.0,False,False,False,False,False,False,True,3,1,3,1,2,2,0,0,348:1;3488:1,438:1;4388:1,4,3,1,0.0,0,1,0,0,0,0,0.5,0,4,1,1,0.0,15.5,48.5,2,True,False
Midday,Set2,Draw1,4,8,2,2,0.0,4,1.0,False,False,False,False,False,False,False,3,1,3,1,0,6,0,0,355688:1;5568:1;55688:1,556883:1;5568:1;55688:1,4,4,1,0.0,0,1,0,0,0,0,0.0,0,4,0,1,0.0,15.0,40.0,1,True,False
Midday,Set2,Draw1,4,4,1,1,0.0,6,1.0,False,False,False,False,False,False,False,3,1,3,1,0,3,0,0,558:1;355:1;5588:1,855:1;553:1;8855:1,2,6,0,0.0,0,1,0,0,0,0,0.0,1,4,0,1,0.0,15.0,52.5,1,True,False
Midday,Set2,Draw1,4,14,2,2,0.0,3,1.0,False,False,False,False,False,False,False,3,1,3,1,0,6,0,0,34558:1;3455:1;345588:1,55438:1;5543:1;554388:1,4,3,1,0.0,0,1,0,0,0,0,0.0,0,4,0,1,0.0,14.0,40.5,1,True,False
Midday,Set2,Draw1,4,2,1,1,0.0,4,1.0,False,False,False,False,False,False,True,3,1,3,1,1,1,0,0,556:1,556:1,2,4,0,0.0,0,1,0,0,0,0,0.5,1,4,0,1,0.0,13.5,38.5,1,True,False
Midday,Set2,Draw1,4,13,1,1,0.0,4,1.0,False,False,False,False,False,False,False,3,1,3,1,0,3,0,0,3558:1;35588:1;588:1,8553:1;88553:1;885:1,2,4,0,0.0,0,1,0,0,0,0,0.0,1,4,0,1,0.0,13.0,46.5,1,True,False
Midday,Set2,Draw1,4,9,1,1,0.0,1,1.0,False,False,False,False,False,False,True,3,1,3,1,2,2,0,0,4556:1;456:1,6455:1;645:1,2,1,0,0.0,0,1,0,0,0,0,0.5,0,4,0,1,0.0,9.5,51.5,1,True,False
Midday,Set2,Draw1,5,23,4,3,0.0,4,0.0,True,False,False,False,False,False,True,3,1,3,1,3,0,0,0,3688:1;688:1;368:1,688:2;3886:1;836:1,8,4,2,0.0,0,0,2,0,0,0,0.5,1,4,0,1,0.0,22.5,32.0,1,True,False
Midday,Set2,Draw1,5,5,2,2,0.0,7,0.0,False,False,False,False,False,False,False,3,1,3,1,0,0,0,0,455:1,554:1,4,7,1,0.0,0,0,0,0,0,0,0.0,1,4,0,1,0.0,18.0,80.0,1,True,False
Midday,Set2,Draw1,5,34,3,2,0.0,3,0.0,True,False,False,False,False,False,False,3,1,3,1,0,0,0,0,344:1,344:2,6,3,1,0.0,0,0,2,0,0,0,0.0,1,4,0,1,0.0,18.0,39.0,1,True,False
Midday,Set2,Draw1,5,32,3,2,0.0,4,0.0,True,False,False,False,False,False,False,2,1,2,1,0,0,0,0,388:1,883:2,6,4,1,0.0,0,0,2,0,0,0,0.0,1,2,1,1,0.0,18.0,32.0,2,True,False
Midday,Set2,Draw1,5,24,3,3,0.0,3,0.0,False,False,False,False,False,False,True,3,1,3,1,6,0,0,0,344688:1;34688:1;3468:1,443886:1;43886:1;8364:1,6,3,2,0.0,0,0,0,0,0,0,0.5,0,4,0,1,0.0,16.5,52.5,1,True,False
Midday,Set2,Draw1,5,4,1,1,0.0,6,0.0,False,False,False,False,False,False,False,3,1,3,1,0,0,0,0,558:1;355:1;5588:1,855:1;553:1;8855:1,2,6,0,0.0,0,0,0,0,0,0,0.0,1,4,1,1,0.0,15.0,52.5,2,True,False
Midday,Set2,Draw1,5,33,2,2,0.0,3,0.0,False,False,False,False,False,False,True,3,1,3,1,4,0,0,0,348:1;3448:1;34488:1,438:1;4438:1;44388:1,4,3,1,0.0,0,0,0,0,0,0,0.5,0,4,1,1,0.0,14.5,48.5,2,True,False
Midday,Set2,Draw1,5,8,2,2,0.0,4,0.0,False,False,False,False,False,False,False,3,1,3,1,0,0,0,0,355688:1;5568:1;55688:1,556883:1;5568:1;55688:1,4,4,1,0.0,0,0,0,0,0,0,0.0,0,4,0,1,0.0,14.0,40.0,1,True,False
Midday,Set2,Draw1,5,15,2,2,0.0,3,0.0,False,False,False,False,False,False,False,3,1,3,1,0,0,0,0,4455:1;445:1,5544:1;544:1,4,3,1,0.0,0,0,0,0,0,0,0.0,1,4,0,1,0.0,14.0,43.5,1,True,False
Midday,Set2,Draw1,5,14,2,2,0.0,3,0.0,False,False,False,False,False,False,False,3,1,3,1,0,0,0,0,34558:1;344558:1;345588:1,85534:1;554438:1;885534:1,4,3,1,0.0,0,0,0,0,0,0,0.0,0,4,0,1,0.0,13.0,40.5,1,True,False
Midday,Set2,Draw1,5,2,1,1,0.0,4,0.0,False,False,False,False,False,False,True,3,1,3,1,1,0,0,0,556:1,556:1,2,4,0,0.0,0,0,0,0,0,0,0.5,1,4,0,1,0.0,12.5,38.5,1,True,False
Midday,Set2,Draw1,5,13,1,1,0.0,4,0.0,False,False,False,False,False,False,False,3,1,3,1,0,0,0,0,3558:1;35588:1;588:1,8553:1;88553:1;885:1,2,4,0,0.0,0,0,0,0,0,0,0.0,1,4,0,1,0.0,12.0,46.5,1,True,False
Midday,Set2,Draw1,5,25,1,1,0.0,2,0.0,False,False,False,False,False,False,True,3,1,3,1,1,0,0,0,446:1,644:1,2,2,0,0.0,0,0,0,0,0,0,0.5,1,4,0,1,0.0,10.5,26.0,1,True,False
Midday,Set2,Draw1,5,9,1,1,0.0,2,0.0,False,False,False,False,False,False,True,3,1,3,1,2,0,0,0,44556:1;4456:1,64455:1;6445:1,2,2,0,0.0,0,0,0,0,0,0,0.5,0,4,0,1,0.0,9.5,51.5,1,True,False
Midday,Set2,Draw1,6,23,4,3,0.0,4,0.0,True,False,False,False,False,False,True,3,1,3,1,5,0,0,0,688:1;33688:1;3688:1,688:2;33886:1;3886:1,8,4,2,0.0,0,0,2,0,0,0,0.5,1,4,0,1,0.0,22.5,32.0,1,True,False
Midday,Set2,Draw1,6,32,3,2,0.0,4,0.0,True,False,False,False,False,False,False,3,1,3,1,0,0,0,0,338:1;388:1;3388:1,833:2;883:2;8833:2,6,4,1,0.0,0,0,2,0,0,0,0.0,1,4,1,1,0.0,20.0,32.0,2,True,False
Midday,Set2,Draw1,6,33,3,2,0.0,2,0.0,True,False,False,False,False,False,True,3,1,3,1,6,0,0,0,3344:1;334:1;33448:1,3344:2;334:2;44338:1,6,2,1,0.0,0,0,2,0,0,0,0.5,1,4,1,1,0.0,18.5,48.5,2,True,False
Midday,Set2,Draw1,6,5,2,2,0.0,7,0.0,False,False,False,False,False,False,False,3,1,3,1,0,0,0,0,455:1,554:1,4,7,1,0.0,0,0,0,0,0,0,0.0,1,4,0,1,0.0,18.0,80.0,1,True,False
Midday,Set2,Draw1,6,34,3,2,0.0,3,0.0,True,False,False,False,False,False,False,3,1,3,1,0,0,0,0,344:1,344:2,6,3,1,0.0,0,0,2,0,0,0,0.0,1,4,0,1,0.0,18.0,39.0,1,True,False
Midday,Set2,Draw1,6,4,1,1,0.0,6,0.0,False,False,False,False,False,False,False,3,1,3,1,0,0,0,0,558:1;355:1;5588:1,855:1;553:1;8855:1,2,6,0,0.0,0,0,0,0,0,0,0.0,1,4,4,1,0.0,18.0,52.5,3,True,False
Midday,Set2,Draw1,6,24,3,3,0.0,3,0.0,False,False,False,False,False,False,True,3,1,3,1,8,0,0,0,3344688:1;334688:1;334468:1,4433886:1;433886:1;833644:1,6,3,2,0.0,0,0,0,0,0,0,0.5,0,4,0,1,0.0,16.5,52.5,1,True,False
Midday,Set2,Draw1,6,13,1,1,0.0,4,0.0,False,False,False,False,False,False,False,3,1,3,1,0,0,0,0,3558:1;35588:1;588:1,8553:1;88553:1;885:1,2,4,0,0.0,0,0,0,0,0,0,0.0,1,4,4,1,0.0,16.0,46.5,3,True,False
Midday,Set2,Draw1,6,8,2,2,0.0,4,0.0,False,False,False,False,False,False,False,3,1,3,1,0,0,0,0,355688:1;5568:1;55688:1,556883:1;5568:1;55688:1,4,4,1,0.0,0,0,0,0,0,0,0.0,0,4,0,1,0.0,14.0,40.0,1,True,False
Midday,Set2,Draw1,6,15,2,2,0.0,3,0.0,False,False,False,False,False,False,False,3,1,3,1,0,0,0,0,4455:1;445:1,5544:1;544:1,4,3,1,0.0,0,0,0,0,0,0,0.0,1,4,0,1,0.0,14.0,43.5,1,True,False
Midday,Set2,Draw1,6,2,1,1,0.0,4,0.0,False,False,False,False,False,False,True,3,1,3,1,1,0,0,0,556:1,556:1,2,4,0,0.0,0,0,0,0,0,0,0.5,1,4,0,1,0.0,12.5,38.5,1,True,False
Midday,Set2,Draw1,6,14,2,2,0.0,2,0.0,False,False,False,False,False,False,False,2,1,2,1,0,0,0,0,3344558:1;33445588:1;334455:1,5544338:1;55443388:1;554433:1,4,2,1,0.0,0,0,0,0,0,0,0.0,0,2,1,1,0.0,11.0,40.5,2,True,False
Midday,Set2,Draw1,6,25,1,1,0.0,2,0.0,False,False,False,False,False,False,True,3,1,3,1,1,0,0,0,446:1,644:1,2,2,0,0.0,0,0,0,0,0,0,0.5,1,4,0,1,0.0,10.5,26.0,1,True,False
Midday,Set2,Draw1,6,9,1,1,0.0,2,0.0,False,False,False,False,False,False,True,3,1,3,1,2,0,0,0,44556:1;4456:1,64455:1;6445:1,2,2,0,0.0,0,0,0,0,0,0,0.5,0,4,0,1,0.0,9.5,51.5,1,True,False
Midday,Set2,Draw1,7,23,4,3,0.0,4,0.0,True,False,False,False,False,False,True,3,1,3,1,5,0,0,0,688:1;33688:1;3688:1,688:2;33886:1;3886:1,8,4,2,0.0,0,0,2,0,0,0,0.5,1,4,1,1,0.0,23.5,32.0,2,True,False
Midday,Set2,Draw1,7,31,4,1,0.0,1,0.0,True,True,False,False,False,False,True,3,1,3,1,2,0,0,0,244:1;447:1,244:3;447:1,8,1,0,0.0,0,0,2,4,0,0,0.5,1,4,1,1,0.0,22.5,57.5,2,True,False
Midday,Set2,Draw1,7,32,3,2,0.0,4,0.0,True,False,False,False,False,False,False,3,1,3,1,0,0,0,0,338:1;388:1;3388:1,833:2;883:2;8833:2,6,4,1,0.0,0,0,2,0,0,0,0.0,1,4,1,1,0.0,20.0,32.0,2,True,False
Midday,Set2,Draw1,7,5,1,1,0.0,7,0.0,False,False,False,False,False,False,False,3,1,3,1,0,0,0,0,455:1,455:1,2,7,0,0.0,0,0,0,0,0,0,0.0,1,4,4,1,0.0,19.0,80.0,3,True,False
Midday,Set2,Draw1,7,3,3,2,0.0,1,0.0,False,False,False,False,False,False,False,3,1,3,1,0,0,0,0,255:1;557:1,552:1;755:1,6,1,1,0.0,0,0,0,0,0,0,0.0,1,4,4,1,0.0,18.0,53.5,3,True,False
Midday,Set2,Draw1,7,33,2,2,0.0,2,0.0,False,False,False,False,False,False,True,3,1,3,1,6,0,0,0,33448:1;334488:1;3348:1,44338:1;443388:1;4338:1,4,2,1,0.0,0,0,0,0,0,0,0.5,1,4,4,1,0.0,17.5,48.5,3,True,False
Midday,Set2,Draw1,7,30,3,2,0.0,1,0.0,False,False,False,False,False,False,False,3,1,3,1,0,0,0,0,233448:1;23344:1;2334488:1,244338:1;24433:1;2443388:1,6,1,1,0.0,0,0,0,0,0,0,0.0,0,4,4,1,0.0,17.0,52.0,3,True,False
Midday,Set2,Draw1,7,29,2,2,0.0,1,0.0,False,False,False,False,False,False,True,3,1,3,1,4,0,0,0,233:1;33788:1;788:1,332:1;78833:1;887:1,4,1,1,0.0,0,0,0,0,0,0,0.5,1,4,4,1,0.0,16.5,38.5,3,True,False
Midday,Set2,Draw1,7,12,2,2,0.0,1,0.0,False,False,False,False,False,False,False,3,1,3,1,0,0,0,0,24455:1;2445:1;2455:1,55244:1;5244:1;5524:1,4,1,1,0.0,0,0,0,0,0,0,0.0,0,4,4,1,0.0,15.0,74.5,3,True,False
Midday,Set2,Draw1,7,21,3,2,0.0,1,0.0,False,False,False,False,False,False,True,3,1,3,1,9,0,0,0,23368:1;233688:1;336788:1,83362:1;883362:1;338867:1,6,1,1,0.0,0,0,0,0,0,0,0.5,0,4,1,1,0.0,14.5,34.5,2,True,False
Midday,Set2,Draw1,7,4,1,1,0.0,5,0.0,False,False,False,False,False,False,False,3,1,3,1,0,0,0,0,355:1,553:1,2,5,0,0.0,0,0,0,0,0,0,0.0,1,4,1,1,0.0,14.0,52.5,2,True,False
Midday,Set2,Draw1,7,34,2,2,0.0,3,0.0,False,False,False,False,False,False,False,3,1,3,1,0,0,0,0,344:1,443:1,4,3,1,0.0,0,0,0,0,0,0,0.0,1,4,0,1,0.0,14.0,39.0,1,True,False
Midday,Set2,Draw1,7,2,1,1,0.0,4,0.0,False,False,False,False,False,False,True,3,1,3,1,1,0,0,0,556:1,556:1,2,4,0,0.0,0,0,0,0,0,0,0.5,1,4,1,1,0.0,13.5,38.5,2,True,False
Midday,Set2,Draw1,7,8,1,1,0.0,4,0.0,False,False,False,False,False,False,False,3,1,3,1,0,0,0,0,355688:1;5568:1;35688:1,556883:1;5568:1;56883:1,2,4,0,0.0,0,0,0,0,0,0,0.0,0,4,1,1,0.0,12.0,40.0,2,True,False
Midday,Set2,Draw1,7,13,1,1,0.0,2,0.0,False,False,False,False,False,False,False,2,1,2,1,0,0,0,0,3355:1;335:1,5533:1;533:1,2,2,0,0.0,0,0,0,0,0,0,0.0,1,2,4,1,0.0,12.0,46.5,3,True,False
Midday,Set2,Draw1,7,24,2,2,0.0,2,0.0,False,False,False,False,False,False,True,2,1,2,1,2,0,0,0,3344688:1;334688:1,4433886:1;433886:1,4,2,1,0.0,0,0,0,0,0,0,0.5,0,2,1,1,0.0,11.5,52.5,2,True,False
Midday,Set2,Draw1,7,15,1,1,0.0,3,0.0,False,False,False,False,False,False,False,3,1,3,1,0,0,0,0,445:1;4455:1,445:1;4455:1,2,3,0,0.0,0,0,0,0,0,0,0.0,1,4,0,1,0.0,11.0,43.5,1,True,False
Midday,Set2,Draw1,7,11,1,1,0.0,1,0.0,False,False,False,False,False,False,False,2,1,2,1,0,0,0,0,2335578:1;23355788:1;335578:1,8755332:1;88755332:1;875533:1,2,1,0,0.0,0,0,0,0,0,0,0.0,0,2,4,1,0.0,10.0,30.5,3,True,False
Midday,Set2,Draw1,7,22,1,1,0.0,1,0.0,False,False,False,False,False,False,True,3,1,3,1,2,0,0,0,2446:1;246:1,6244:1;624:1,2,1,0,0.0,0,0,0,0,0,0,0.5,0,4,1,1,0.0,9.5,51.5,2,True,False
Midday,Set2,Draw1,7,7,1,1,0.0,1,0.0,False,False,False,False,False,False,False,2,1,2,1,0,0,0,0,2556:1,2556:1,2,1,0,0.0,0,0,0,0,0,0,0.0,0,2,1,1,0.0,7.0,32.0,2,True,False
Midday,Set3,Draw1,1,5,4,2,0.0,7,1.0,True,True,False,True,False,False,False,3,1,3,1,0,1,0,0,455:1,554:3,8,7,1,0.0,0,1,2,4,0,0,0.0,1,4,0,1,0.0,29.0,80.0,1,True,False
Midday,Set3,Draw1,2,14,4,3,0.0,3,1.0,True,False,False,False,False,False,False,3,1,3,1,0,2,0,0,3455:1;345:1,5534:2;534:2,8,3,2,0.0,0,1,2,0,0,0,0.0,0,4,0,1,0.0,21.0,40.5,1,True,False
Midday,Set3,Draw1,2,4,2,1,0.0,6,1.0,True,False,False,False,False,True,False,3,1,3,1,0,1,0,0,355:1,553:2,4,6,0,0.0,0,1,2,0,0,1,0.0,1,4,0,1,0.0,20.0,52.5,1,True,False
Midday,Set3,Draw1,2,5,2,2,0.0,7,1.0,False,False,False,False,False,False,False,3,1,3,1,0,1,0,0,455:1,554:1,4,7,1,0.0,0,1,0,0,0,0,0.0,1,4,0,1,0.0,19.0,80.0,1,True,False
Midday,Set3,Draw1,3,5,2,2,0.0,7,1.0,False,False,False,False,False,False,False,3,1,3,1,0,1,0,0,455:1,554:1,4,7,1,0.0,0,1,0,0,0,0,0.0,1,4,0,1,0.0,19.0,80.0,1,True,False
Midday,Set3,Draw1,3,23,3,3,0.0,5,1.0,False,False,False,False,False,False,True,3,1,3,1,1,1,0,0,368:1,386:1,6,5,2,0.0,0,1,0,0,0,0,0.5,0,4,0,0,0.0,18.5,32.0,1,False,False
Midday,Set3,Draw1,3,24,3,3,0.0,3,1.0,False,False,False,False,False,True,True,3,1,3,1,2,2,0,0,3468:1;346:1,4386:1;364:1,6,3,2,0.0,0,1,0,0,0,1,0.5,0,4,0,0,0.0,17.5,52.5,1,False,False
Midday,Set3,Draw1,3,4,1,1,0.0,6,1.0,False,False,False,False,False,True,False,3,1,3,1,0,2,0,0,355:1;558:1,553:1;855:1,2,6,0,0.0,0,1,0,0,0,1,0.0,1,4,0,1,0.0,16.0,52.5,1,True,False
Midday,Set3,Draw1,3,14,2,2,0.0,3,1.0,False,False,False,False,False,True,False,3,1,3,1,0,4,0,0,34558:1;3455:1;3458:1,55438:1;5543:1;5438:1,4,3,1,0.0,0,1,0,0,0,1,0.0,0,4,0,1,0.0,15.0,40.5,1,True,False
Midday,Set3,Draw1,3,8,2,2,0.0,4,1.0,False,False,False,False,False,True,False,3,1,3,1,0,4,0,0,5568:1;35568:1;3568:1,5568:1;55683:1;5683:1,4,4,1,0.0,0,1,0,0,0,1,0.0,0,4,0,0,0.0,15.0,40.0,1,False,False
Midday,Set3,Draw1,3,2,1,1,0.0,5,1.0,False,False,False,False,False,True,True,3,1,3,1,1,1,0,0,556:1,556:1,2,5,0,0.0,0,1,0,0,0,1,0.5,1,4,0,0,0.0,14.5,38.5,1,False,False
Midday,Set3,Draw1,3,33,2,2,0.0,2,1.0,False,False,False,False,False,False,True,3,1,3,1,1,1,0,0,348:1,438:1,4,2,1,0.0,0,1,0,0,0,0,0.5,0,4,1,1,0.0,14.5,48.5,2,True,False
Midday,Set3,Draw1,3,13,1,1,0.0,3,1.0,False,False,False,False,False,True,False,3,1,3,1,0,1,0,0,3558:1,8553:1,2,3,0,0.0,0,1,0,0,0,1,0.0,0,4,0,1,0.0,12.0,46.5,1,True,False
Midday,Set3,Draw1,3,9,1,1,0.0,1,1.0,False,False,False,False,False,True,True,3,1,3,1,2,2,0,0,4556:1;456:1,6455:1;645:1,2,1,0,0.0,0,1,0,0,0,1,0.5,0,4,0,0,0.0,9.5,51.5,1,False,False
Midday,Set3,Draw1,4,23,3,3,0.0,5,1.0,False,False,False,False,False,False,True,3,1,3,1,1,1,0,0,368:1,386:1,6,5,2,0.0,0,1,0,0,0,0,0.5,0,4,0,1,0.0,19.5,32.0,1,True,False
Midday,Set3,Draw1,4,34,3,2,0.0,4,1.0,True,False,False,False,False,False,False,3,1,3,1,0,1,0,0,344:1,344:2,6,4,1,0.0,0,1,2,0,0,0,0.0,1,4,0,0,0.0,19.0,39.0,1,False,False
Midday,Set3,Draw1,4,5,2,2,0.0,7,1.0,False,False,False,False,False,False,False,3,1,3,1,0,1,0,0,455:1,554:1,4,7,1,0.0,0,1,0,0,0,0,0.0,1,4,0,1,0.0,19.0,80.0,1,True,False
Midday,Set3,Draw1,4,24,3,3,0.0,3,1.0,False,False,False,False,False,False,True,3,1,3,1,4,4,0,0,34468:1;3468:1;346:1,44386:1;4386:1;364:1,6,3,2,0.0,0,1,0,0,0,0,0.5,0,4,0,1,0.0,17.5,52.5,1,True,False
Midday,Set3,Draw1,4,4,1,1,0.0,6,1.0,False,False,False,False,False,False,False,3,1,3,1,0,2,0,0,355:1;558:1,553:1;855:1,2,6,0,0.0,0,1,0,0,0,0,0.0,1,4,0,1,0.0,15.0,52.5,1,True,False
Midday,Set3,Draw1,4,15,2,2,0.0,4,1.0,False,False,False,False,False,False,False,3,1,3,1,0,2,0,0,4455:1;445:1,5544:1;544:1,4,4,1,0.0,0,1,0,0,0,0,0.0,1,4,0,0,0.0,15.0,43.5,1,False,False
Midday,Set3,Draw1,4,8,2,2,0.0,4,1.0,False,False,False,False,False,False,False,3,1,3,1,0,4,0,0,5568:1;35568:1;568:1,5568:1;55683:1;568:1,4,4,1,0.0,0,1,0,0,0,0,0.0,0,4,0,1,0.0,15.0,40.0,1,True,False
Midday,Set3,Draw1,4,2,1,1,0.0,5,1.0,False,False,False,False,False,False,True,3,1,3,1,1,1,0,0,556:1,556:1,2,5,0,0.0,0,1,0,0,0,0,0.5,1,4,0,1,0.0,14.5,38.5,1,True,False
Midday,Set3,Draw1,4,33,2,2,0.0,2,1.0,False,False,False,False,False,False,True,3,1,3,1,2,2,0,0,3448:1;348:1,4438:1;438:1,4,2,1,0.0,0,1,0,0,0,0,0.5,0,4,1,1,0.0,14.5,48.5,2,True,False
Midday,Set3,Draw1,4,14,2,2,0.0,3,1.0,False,False,False,False,False,False,False,3,1,3,1,0,7,0,0,34558:1;344558:1;3455:1,85534:1;554438:1;5534:1,4,3,1,0.0,0,1,0,0,0,0,0.0,0,4,0,1,0.0,14.0,40.5,1,True,False
Midday,Set3,Draw1,4,13,1,1,0.0,3,1.0,False,False,False,False,False,False,False,3,1,3,1,0,1,0,0,3558:1,8553:1,2,3,0,0.0,0,1,0,0,0,0,0.0,0,4,0,1,0.0,11.0,46.5,1,True,False
Midday,Set3,Draw1,4,9,1,1,0.0,2,1.0,False,False,False,False,False,False,True,3,1,3,1,2,2,0,0,44556:1;4456:1,64455:1;6445:1,2,2,0,0.0,0,1,0,0,0,0,0.5,0,4,0,1,0.0,10.5,51.5,1,True,False
Midday,Set3,Draw1,4,25,1,1,0.0,2,1.0,False,False,False,False,False,False,True,3,1,3,1,1,1,0,0,446:1,644:1,2,2,0,0.0,0,1,0,0,0,0,0.5,1,4,0,0,0.0,10.5,26.0,1,False,False
Midday,Set3,Draw1,5,33,3,2,0.0,3,0.0,True,False,False,False,False,False,True,3,1,3,1,4,0,0,0,3344:1;334:1;33448:1,3344:2;334:2;44338:1,6,3,1,0.0,0,0,2,0,0,0,0.5,1,4,1,1,0.0,19.5,48.5,2,True,False
Midday,Set3,Draw1,5,23,3,3,0.0,5,0.0,False,False,False,False,False,False,True,3,1,3,1,3,0,0,0,3368:1;368:1;336:1,3386:1;386:1;336:1,6,5,2,0.0,0,0,0,0,0,0,0.5,1,4,0,1,0.0,19.5,32.0,1,True,False
Midday,Set3,Draw1,5,34,3,2,0.0,4,0.0,True,False,False,False,False,False,False,3,1,3,1,0,0,0,0,344:1,344:2,6,4,1,0.0,0,0,2,0,0,0,0.0,1,4,0,1,0.0,19.0,39.0,1,True,False
Midday,Set3,Draw1,5,32,3,2,0.0,3,0.0,True,False,False,False,False,False,False,3,1,3,1,0,0,0,0,338:1,833:2,6,3,1,0.0,0,0,2,0,0,0,0.0,1,4,1,1,0.0,19.0,32.0,2,True,False
Midday,Set3,Draw1,5,5,2,2,0.0,7,0.0,False,False,False,False,False,False,False,3,1,3,1,0,0,0,0,455:1,554:1,4,7,1,0.0,0,0,0,0,0,0,0.0,1,4,0,1,0.0,18.0,80.0,1,True,False
Midday,Set3,Draw1,5,24,3,3,0.0,3,0.0,False,False,False,False,False,False,True,3,1,3,1,6,0,0,0,334468:1;33468:1;346:1,443386:1;43386:1;364:1,6,3,2,0.0,0,0,0,0,0,0,0.5,0,4,0,1,0.0,16.5,52.5,1,True,False
Midday,Set3,Draw1,5,15,2,2,0.0,4,0.0,False,False,False,False,False,False,False,3,1,3,1,0,0,0,0,4455:1;445:1,5544:1;544:1,4,4,1,0.0,0,0,0,0,0,0,0.0,1,4,0,1,0.0,15.0,43.5,1,True,False
Midday,Set3,Draw1,5,4,1,1,0.0,6,0.0,False,False,False,False,False,False,False,3,1,3,1,0,0,0,0,355:1;558:1,553:1;855:1,2,6,0,0.0,0,0,0,0,0,0,0.0,1,4,0,1,0.0,14.0,52.5,1,True,False
Midday,Set3,Draw1,5,8,2,2,0.0,4,0.0,False,False,False,False,False,False,False,3,1,3,1,0,0,0,0,5568:1;35568:1;568:1,5568:1;55683:1;568:1,4,4,1,0.0,0,0,0,0,0,0,0.0,0,4,0,1,0.0,14.0,40.0,1,True,False
Midday,Set3,Draw1,5,2,1,1,0.0,5,0.0,False,False,False,False,False,False,True,3,1,3,1,1,0,0,0,556:1,556:1,2,5,0,0.0,0,0,0,0,0,0,0.5,1,4,0,1,0.0,13.5,38.5,1,True,False
Midday,Set3,Draw1,5,13,1,1,0.0,3,0.0,False,False,False,False,False,False,False,3,1,3,1,0,0,0,0,3558:1;33558:1;3355:1,8553:1;85533:1;5533:1,2,3,0,0.0,0,0,0,0,0,0,0.0,1,4,1,1,0.0,12.0,46.5,2,True,False
Midday,Set3,Draw1,5,14,2,2,0.0,2,0.0,False,False,False,False,False,False,False,2,1,2,1,0,0,0,0,3344558:1;334455:1;334458:1,5544338:1;554433:1;544338:1,4,2,1,0.0,0,0,0,0,0,0,0.0,0,2,1,1,0.0,11.0,40.5,2,True,False
Midday,Set3,Draw1,5,25,1,1,0.0,2,0.0,False,False,False,False,False,False,True,3,1,3,1,1,0,0,0,446:1,644:1,2,2,0,0.0,0,0,0,0,0,0,0.5,1,4,0,1,0.0,10.5,26.0,1,True,False
Midday,Set3,Draw1,5,9,1,1,0.0,2,0.0,False,False,False,False,False,False,True,3,1,3,1,2,0,0,0,44556:1;4456:1,64455:1;6445:1,2,2,0,0.0,0,0,0,0,0,0,0.5,0,4,0,1,0.0,9.5,51.5,1,True,False
Midday,Set3,Draw1,6,31,4,1,0.0,2,0.0,True,True,False,False,False,False,True,3,1,3,1,2,0,0,0,244:1;447:1,244:3;447:1,8,2,0,0.0,0,0,2,4,0,0,0.5,1,4,0,0,0.0,21.5,57.5,1,False,False
Midday,Set3,Draw1,6,23,3,3,0.0,5,0.0,False,False,False,False,False,False,True,3,1,3,1,3,0,0,0,3368:1;368:1;336:1,3386:1;386:1;336:1,6,5,2,0.0,0,0,0,0,0,0,0.5,1,4,1,1,0.0,20.5,32.0,2,True,False
Midday,Set3,Draw1,6,32,3,2,0.0,3,0.0,True,False,False,False,False,False,False,3,1,3,1,0,0,0,0,338:1,833:2,6,3,1,0.0,0,0,2,0,0,0,0.0,1,4,1,1,0.0,19.0,32.0,2,True,False
Midday,Set3,Draw1,6,33,2,2,0.0,3,0.0,False,False,False,False,False,False,True,3,1,3,1,4,0,0,0,33448:1;3348:1;3344:1,44338:1;4338:1;4433:1,4,3,1,0.0,0,0,0,0,0,0,0.5,1,4,4,1,0.0,18.5,48.5,3,True,False
Midday,Set3,Draw1,6,30,3,2,0.0,2,0.0,False,False,False,False,False,False,False,3,1,3,1,0,0,0,0,23344:1;233448:1;2344:1,24433:1;244338:1;2443:1,6,2,1,0.0,0,0,0,0,0,0,0.0,0,4,4,0,0.0,17.0,52.0,3,False,False
Midday,Set3,Draw1,6,5,1,1,0.0,7,0.0,False,False,False,False,False,False,False,3,1,3,1,0,0,0,0,455:1,455:1,2,7,0,0.0,0,0,0,0,0,0,0.0,1,4,1,1,0.0,16.0,80.0,2,True,False
Midday,Set3,Draw1,6,29,2,1,0.0,2,0.0,False,False,False,False,False,False,True,3,1,3,1,3,0,0,0,233:1;3378:1;378:1,332:1;7833:1;783:1,4,2,0,0.0,0,0,0,0,0,0,0.5,1,4,4,0,0.0,15.5,38.5,3,False,False
Midday,Set3,Draw1,6,4,1,1,0.0,6,0.0,False,False,False,False,False,False,False,3,1,3,1,0,0,0,0,355:1,553:1,2,6,0,0.0,0,0,0,0,0,0,0.0,1,4,1,1,0.0,15.0,52.5,2,True,False
Midday,Set3,Draw1,6,34,2,2,0.0,4,0.0,False,False,False,False,False,False,False,3,1,3,1,0,0,0,0,344:1,443:1,4,4,1,0.0,0,0,0,0,0,0,0.0,1,4,0,1,0.0,15.0,39.0,1,True,False
Midday,Set3,Draw1,6,3,3,2,0.0,2,0.0,False,False,False,False,False,False,False,3,1,3,1,0,0,0,0,255:1;557:1,552:1;755:1,6,2,1,0.0,0,0,0,0,0,0,0.0,1,4,1,0,0.0,15.0,53.5,2,False,False
Midday,Set3,Draw1,6,2,1,1,0.0,5,0.0,False,False,False,False,False,False,True,3,1,3,1,1,0,0,0,556:1,556:1,2,5,0,0.0,0,0,0,0,0,0,0.5,1,4,0,1,0.0,13.5,38.5,1,True,False
Midday,Set3,Draw1,6,21,3,2,0.0,1,0.0,False,False,False,False,False,False,True,3,1,3,1,7,0,0,0,23368:1;678:1;2336:1,83362:1;867:1;3362:1,6,1,1,0.0,0,0,0,0,0,0,0.5,0,4,1,0,0.0,13.5,34.5,2,False,False
Midday,Set3,Draw1,6,24,2,2,0.0,3,0.0,False,False,False,False,False,False,True,2,1,2,1,2,0,0,0,334468:1;33468:1,443386:1;43386:1,4,3,1,0.0,0,0,0,0,0,0,0.5,0,2,1,1,0.0,12.5,52.5,2,True,False
Midday,Set3,Draw1,6,15,1,1,0.0,4,0.0,False,False,False,False,False,False,False,3,1,3,1,0,0,0,0,445:1;4455:1,445:1;4455:1,2,4,0,0.0,0,0,0,0,0,0,0.0,1,4,0,1,0.0,12.0,43.5,1,True,False
Midday,Set3,Draw1,6,12,2,2,0.0,2,0.0,False,False,False,False,False,False,False,3,1,3,1,0,0,0,0,24455:1;2445:1;2455:1,55244:1;5244:1;5524:1,4,2,1,0.0,0,0,0,0,0,0,0.0,0,4,0,0,0.0,11.0,74.5,1,False,False
Midday,Set3,Draw1,6,8,1,1,0.0,4,0.0,False,False,False,False,False,False,False,3,1,3,1,0,0,0,0,5568:1;35568:1;568:1,5568:1;55683:1;568:1,2,4,0,0.0,0,0,0,0,0,0,0.0,0,4,0,1,0.0,11.0,40.0,1,True,False
Midday,Set3,Draw1,6,13,1,1,0.0,3,0.0,False,False,False,False,False,False,False,2,1,2,1,0,0,0,0,3355:1;335:1,5533:1;533:1,2,3,0,0.0,0,0,0,0,0,0,0.0,1,2,1,1,0.0,10.0,46.5,2,True,False
Midday,Set3,Draw1,6,22,1,1,0.0,2,0.0,False,False,False,False,False,False,True,3,1,3,1,2,0,0,0,2446:1;246:1,6244:1;624:1,2,2,0,0.0,0,0,0,0,0,0,0.5,0,4,1,0,0.0,9.5,51.5,2,False,False
Midday,Set3,Draw1,6,11,1,1,0.0,2,0.0,False,False,False,False,False,False,False,2,1,2,1,0,0,0,0,2335578:1;233557:1;335578:1,8755332:1;755332:1;875533:1,2,2,0,0.0,0,0,0,0,0,0,0.0,0,2,1,0,0.0,7.0,30.5,2,False,False
Midday,Set3,Draw1,6,7,1,1,0.0,2,0.0,False,False,False,False,False,False,False,2,1,2,1,0,0,0,0,2556:1,2556:1,2,2,0,0.0,0,0,0,0,0,0,0.0,0,2,0,0,0.0,6.0,32.0,1,False,False
Midday,Set3,Draw1,7,23,3,3,0.0,5,0.0,False,False,False,False,False,False,True,3,1,3,1,10,0,0,0,3368:1;368:1;33668:1,3386:1;386:1;33866:1,6,5,2,0.0,0,0,0,0,0,0,0.5,1,4,4,1,0.0,23.5,32.0,3,True,False
Midday,Set3,Draw1,7,31,4,1,0.0,2,0.0,True,True,False,False,False,False,True,3,1,3,1,3,0,0,0,244:1;447:1;4477:1,244:3;447:1;4477:1,8,2,0,0.0,0,0,2,4,0,0,0.5,1,4,0,1,0.0,22.5,57.5,1,True,False
Midday,Set3,Draw1,7,18,4,2,0.0,1,0.0,True,False,False,False,False,False,True,2,1,2,1,5,0,0,0,668:1;133668:1;168:1,668:2;133866:1;681:1,8,1,1,0.0,0,0,2,0,0,0,0.5,1,2,4,0,0.0,19.5,53.5,3,False,False
Midday,Set3,Draw1,7,32,3,2,0.0,3,0.0,True,False,False,False,False,False,False,3,1,3,1,0,0,0,0,338:1,833:2,6,3,1,0.0,0,0,2,0,0,0,0.0,1,4,1,1,0.0,19.0,32.0,2,True,False
Midday,Set3,Draw1,7,22,3,1,0.0,2,0.0,False,False,False,False,False,False,True,3,1,3,1,7,0,0,0,2446:1;246:1;14477:1,6244:1;624:1;44771:1,6,2,0,0.0,0,0,0,0,0,0,0.5,0,4,4,1,0.0,17.5,51.5,3,True,False
Midday,Set3,Draw1,7,20,4,2,0.0,1,0.0,True,False,False,False,False,False,False,1,1,1,1,0,0,0,0,177:1;677:1,771:2;677:1,8,1,1,0.0,0,0,2,0,0,0,0.0,1,0,4,0,0.0,17.0,57.0,3,False,False
Midday,Set3,Draw1,7,5,1,1,0.0,7,0.0,False,False,False,False,False,False,False,3,1,3,1,0,0,0,0,455:1,455:1,2,7,0,0.0,0,0,0,0,0,0,0.0,1,4,1,1,0.0,16.0,80.0,2,True,False
Midday,Set3,Draw1,7,3,3,2,0.0,2,0.0,False,False,False,False,False,False,False,3,1,3,1,0,0,0,0,255:1;557:1;5577:1,552:1;755:1;7755:1,6,2,1,0.0,0,0,0,0,0,0,0.0,1,4,1,1,0.0,16.0,53.5,2,True,False
Midday,Set3,Draw1,7,33,1,1,0.0,3,0.0,False,False,False,False,False,False,True,3,1,3,1,4,0,0,0,33448:1;3348:1;334:1,83344:1;8334:1;334:1,2,3,0,0.0,0,0,0,0,0,0,0.5,1,4,4,1,0.0,15.5,48.5,3,True,False
Midday,Set3,Draw1,7,4,1,1,0.0,6,0.0,False,False,False,False,False,False,False,3,1,3,1,0,0,0,0,355:1,553:1,2,6,0,0.0,0,0,0,0,0,0,0.0,1,4,1,1,0.0,15.0,52.5,2,True,False
Midday,Set3,Draw1,7,30,2,1,0.0,2,0.0,False,False,False,False,False,False,False,3,1,3,1,0,0,0,0,334478:1;23344:1;2334:1,833447:1;33244:1;3324:1,4,2,0,0.0,0,0,0,0,0,0,0.0,0,4,4,1,0.0,15.0,52.0,3,True,False
Midday,Set3,Draw1,7,2,1,1,0.0,5,0.0,False,False,False,False,False,False,True,3,1,3,1,2,0,0,0,556:1;5566:1,556:1;5566:1,2,5,0,0.0,0,0,0,0,0,0,0.5,1,4,1,1,0.0,14.5,38.5,2,True,False
Midday,Set3,Draw1,7,24,2,1,0.0,3,0.0,False,False,False,False,False,False,True,2,1,2,1,14,0,0,0,334468:1;33468:1;13344668:1,683344:1;68334:1;44133866:1,4,3,0,0.0,0,0,0,0,0,0,0.5,0,2,4,1,0.0,14.5,52.5,3,True,False
Midday,Set3,Draw1,7,21,3,2,0.0,1,0.0,False,False,False,False,False,False,True,1,1,1,1,25,0,0,0,13366778:1;1336678:1;12336678:1,13386677:1;1338667:1;71833662:1,6,1,1,0.0,0,0,0,0,0,0,0.5,0,0,4,1,0.0,13.5,34.5,3,True,False
Midday,Set3,Draw1,7,12,2,2,0.0,2,0.0,False,False,False,False,False,False,False,3,1,3,1,0,0,0,0,24455:1;2445:1;2455:1,55244:1;5244:1;5524:1,4,2,1,0.0,0,0,0,0,0,0,0.0,0,4,0,1,0.0,12.0,74.5,1,True,False
Midday,Set3,Draw1,7,34,1,1,0.0,4,0.0,False,False,False,False,False,False,False,3,1,3,1,0,0,0,0,344:1,344:1,2,4,0,0.0,0,0,0,0,0,0,0.0,1,4,0,1,0.0,12.0,39.0,1,True,False
Midday,Set3,Draw1,7,15,1,1,0.0,4,0.0,False,False,False,False,False,False,False,3,1,3,1,0,0,0,0,445:1;4455:1,445:1;4455:1,2,4,0,0.0,0,0,0,0,0,0,0.0,1,4,0,1,0.0,12.0,43.5,1,True,False
Midday,Set3,Draw1,7,29,1,1,0.0,2,0.0,False,False,False,False,False,False,True,3,1,3,1,1,0,0,0,233:1,332:1,2,2,0,0.0,0,0,0,0,0,0,0.5,1,4,1,1,0.0,11.5,38.5,2,True,False
Midday,Set3,Draw1,7,13,1,1,0.0,3,0.0,False,False,False,False,False,False,False,2,1,2,1,0,0,0,0,3355:1;335:1,5533:1;533:1,2,3,0,0.0,0,0,0,0,0,0,0.0,1,2,1,1,0.0,10.0,46.5,2,True,False
Midday,Set3,Draw1,7,7,2,1,0.0,2,0.0,False,False,False,False,False,False,False,2,1,2,1,0,0,0,0,2556:1;25566:1;15577:1,2556:1;25566:1;17755:1,4,2,0,0.0,0,0,0,0,0,0,0.0,0,2,1,1,0.0,10.0,32.0,2,True,False
Midday,Set3,Draw1,7,11,1,1,0.0,2,0.0,False,False,False,False,False,False,False,2,1,2,1,0,0,0,0,233557:1;2335577:1;33557:1,755332:1;7755332:1;75533:1,2,2,0,0.0,0,0,0,0,0,0,0.0,0,2,1,1,0.0,8.0,30.5,2,True,False
Midday,Set3,Draw1,7,28,1,1,0.0,1,0.0,False,False,False,False,False,False,False,1,1,1,1,0,0,0,0,477:1,477:1,2,1,0,0.0,0,0,0,0,0,0,0.0,1,0,4,0,0.0,8.0,99.0,3,False,False
Midday,Set3,Draw1,7,17,2,1,0.0,1,0.0,False,False,False,False,False,False,False,1,1,1,1,0,0,0,0,667:1;6677:1;266:1,667:1;6677:1;662:1,4,1,0,0.0,0,0,0,0,0,0,0.0,1,0,1,0,0.0,7.0,20.0,2,False,False
Midday,Set3,Draw1,7,25,1,1,0.0,1,0.0,False,False,False,False,False,False,True,2,1,2,1,1,0,0,0,144:1,441:1,2,1,0,0.0,0,0,0,0,0,0,0.5,1,2,0,0,0.0,6.5,26.0,1,False,False
Midday,Set3,Draw1,7,8,1,1,0.0,1,0.0,False,False,False,False,False,False,False,1,1,1,1,0,0,0,0,3355668:1;355668:1;335668:1,5566833:1;556683:1;566833:1,2,1,0,0.0,0,0,0,0,0,0,0.0,0,0,1,1,0.0,5.0,40.0,2,True,False
Midday,Set3,Draw1,7,10,1,1,0.0,1,0.0,False,False,False,False,False,False,False,1,1,1,1,0,0,0,0,577:1,775:1,2,1,0,0.0,0,0,0,0,0,0,0.0,1,0,1,0,0.0,5.0,36.0,2,False,False
Midday,Set3,Draw1,7,6,1,1,0.0,1,0.0,False,False,False,False,False,False,True,1,1,1,1,1,0,0,0,566:1,566:1,2,1,0,0.0,0,0,0,0,0,0,0.5,1,0,0,0,0.0,4.5,42.5,1,False,False
