section,Set,Draw,Column,family_id,rows_cov,perm_count_in_box,repeat_extras_in_box,horizontal_persistence_repeat,hot_density,any_straight2,any_straight3,any_consensus,any_dom_last,any_doubles_support,any_vtrac_straight,any_hidden3v,max_persistence_set,max_persistence_draw,persistence_set_count,persistence_draw_run,hidden3v_hits,hot1_count,hot2_count,consensus_hits,top_canonicals,top_modal_orders,fam_cov,fam_hpr,fam_perm,fam_repeat,fam_cons,fam_hot,fam_straight2,fam_straight3,fam_doubles,fam_vtrac,fam_hidden,fam_double_mirror,fam_persistence,fam_section_bonus,fam_progression_bonus,fam_last_remaining_bonus,family_score,best_compound_score,section_count,progression_flag,last_remaining_3v
Combined,Set1,Draw1,1,11,4,3,0.0,5,1.0,True,False,False,True,False,False,False,3,3,3,3,0,0,1,0,578:1,587:2,8,5,2,0.0,0,1,2,0,0,0,0.0,0,6,0,1,0.0,25.0,67.0,1,True,False
Combined,Set1,Draw1,2,11,4,3,0.0,5,1.0,True,False,False,False,False,False,False,3,3,3,3,0,0,1,0,578:1,587:2,8,5,2,0.0,0,1,2,0,0,0,0.0,0,6,0,1,0.0,25.0,67.0,1,True,False
Combined,Set1,Draw1,3,15,3,2,0.0,5,1.0,True,False,False,False,False,False,True,3,5,3,5,1,0,1,0,445:1,544:2,6,5,1,0.0,0,1,2,0,0,0,0.5,1,8,0,1,0.0,25.5,75.0,1,True,False
Combined,Set1,Draw1,3,34,3,2,0.0,4,1.0,True,False,False,False,False,False,True,3,4,3,4,1,0,1,0,448:1,844:2,6,4,1,0.0,0,1,2,0,0,0,0.5,1,7,0,1,0.0,23.5,54.0,1,True,False
Combined,Set1,Draw1,3,30,3,3,0.0,4,1.0,False,False,False,False,False,False,False,3,4,3,4,0,0,2,0,4478:1;478:1,4487:1;487:1,6,4,2,0.0,0,1,0,0,0,0,0.0,0,7,0,1,0.0,21.0,38.5,1,True,False
Combined,Set1,Draw1,3,14,3,3,0.0,2,1.0,False,False,False,False,False,True,False,3,3,3,3,0,0,2,0,4458:1;458:1,5448:1;584:1,6,2,2,0.0,0,1,0,0,0,1,0.0,0,6,1,1,0.0,20.0,45.0,2,True,False
Combined,Set1,Draw1,3,31,1,1,0.0,5,1.0,False,False,False,False,False,True,False,3,5,3,5,0,0,1,0,447:1,447:1,2,5,0,0.0,0,1,0,0,0,1,0.0,1,8,0,1,0.0,19.0,70.5,1,True,False
Combined,Set1,Draw1,3,11,1,1,0.0,5,1.0,False,False,False,False,False,True,False,3,3,3,3,0,0,1,0,578:1,875:1,2,5,0,0.0,0,1,0,0,0,1,0.0,0,6,0,1,0.0,16.0,67.0,1,True,False
Combined,Set1,Draw1,3,12,1,1,0.0,1,1.0,False,False,False,False,False,True,False,2,2,2,2,0,0,2,0,4457:1;457:1,7544:1;754:1,2,1,0,0.0,0,1,0,0,0,1,0.0,0,3,0,1,0.0,9.0,39.0,1,True,False
Combined,Set1,Draw1,4,15,3,2,0.0,5,1.0,True,False,False,False,False,False,True,3,5,3,5,2,2,0,0,445:1;4455:1,544:2;5544:2,6,5,1,0.0,0,1,2,0,0,0,0.5,1,8,1,1,0.0,26.5,75.0,2,True,False
Combined,Set1,Draw1,4,5,3,2,0.0,4,1.0,True,False,False,False,False,False,False,3,4,3,4,0,1,0,0,455:1,554:2,6,4,1,0.0,0,1,2,0,0,0,0.0,1,7,1,1,0.0,24.0,47.0,2,True,False
Combined,Set1,Draw1,4,34,3,2,0.0,4,1.0,True,False,False,False,False,False,True,3,4,3,4,1,1,0,0,448:1,844:2,6,4,1,0.0,0,1,2,0,0,0,0.5,1,7,0,1,0.0,23.5,54.0,1,True,False
Combined,Set1,Draw1,4,30,3,3,0.0,4,1.0,False,False,False,False,False,False,False,3,4,3,4,0,2,0,0,4478:1;478:1,4487:1;487:1,6,4,2,0.0,0,1,0,0,0,0,0.0,0,7,1,1,0.0,22.0,38.5,2,True,False
Combined,Set1,Draw1,4,31,1,1,0.0,5,1.0,False,False,False,False,False,False,False,3,5,3,5,0,1,0,0,447:1,447:1,2,5,0,0.0,0,1,0,0,0,0,0.0,1,8,1,1,0.0,19.0,70.5,2,True,False
Combined,Set1,Draw1,4,14,3,3,0.0,2,1.0,False,False,False,False,False,False,False,3,3,3,3,0,4,0,0,4458:1;44558:1;458:1,5448:1;55448:1;584:1,6,2,2,0.0,0,1,0,0,0,0,0.0,0,6,1,1,0.0,19.0,45.0,2,True,False
Combined,Set1,Draw1,4,11,1,1,0.0,5,1.0,False,False,False,False,False,False,False,3,3,3,3,0,2,0,0,578:1;5578:1,875:1;8755:1,2,5,0,0.0,0,1,0,0,0,0,0.0,0,6,1,1,0.0,16.0,67.0,2,True,False
Combined,Set1,Draw1,4,3,1,1,0.0,2,1.0,False,False,False,False,False,False,False,3,4,3,4,0,1,0,0,557:1,755:1,2,2,0,0.0,0,1,0,0,0,0,0.0,1,7,0,1,0.0,14.0,36.5,1,True,False
Combined,Set1,Draw1,4,4,1,1,0.0,1,1.0,False,False,False,False,False,False,False,3,2,3,2,0,1,0,0,558:1,558:1,2,1,0,0.0,0,1,0,0,0,0,0.0,1,5,0,1,0.0,11.0,43.0,1,True,False
Combined,Set1,Draw1,4,12,1,1,0.0,1,1.0,False,False,False,False,False,False,False,2,1,2,1,0,2,0,0,44557:1;4557:1,75544:1;7554:1,2,1,0,0.0,0,1,0,0,0,0,0.0,0,2,4,1,0.0,11.0,39.0,3,True,False
Combined,Set1,Draw1,5,5,4,1,0.0,4,1.0,True,True,False,False,False,False,False,3,4,3,4,0,2,0,0,559:1;455:1,559:3;455:1,8,4,0,0.0,0,1,2,4,0,0,0.0,1,7,1,1,0.0,29.0,47.0,2,True,False
Combined,Set1,Draw1,5,15,3,1,0.0,5,1.0,True,False,False,False,False,False,True,3,5,3,5,6,6,0,0,445:1;44559:1;4455:1,55944:2;5594:2;5944:2,6,5,0,0.0,0,1,2,0,0,0,0.5,1,8,1,1,0.0,25.5,75.0,2,True,False
Combined,Set1,Draw1,5,23,4,2,0.0,3,1.0,True,False,False,False,False,False,True,2,3,2,3,1,1,0,0,688:1,886:2,8,3,1,0.0,0,1,2,0,0,0,0.5,1,4,1,0,0.0,21.5,74.5,2,False,False
Combined,Set1,Draw1,5,33,3,2,0.0,3,1.0,False,False,False,False,False,False,True,3,3,3,3,2,2,0,0,488:1;889:1,488:1;988:1,6,3,1,0.0,0,1,0,0,0,0,0.5,1,6,1,1,0.0,20.5,71.0,2,True,False
Combined,Set1,Draw1,5,34,2,2,0.0,4,1.0,False,False,False,False,False,False,True,3,4,3,4,4,4,0,0,448:1;4488:1;44889:1,448:1;4488:1;94488:1,4,4,1,0.0,0,1,0,0,0,0,0.5,1,7,0,1,0.0,19.5,54.0,1,True,False
Combined,Set1,Draw1,5,31,1,1,0.0,5,1.0,False,False,False,False,False,False,False,3,5,3,5,0,1,0,0,447:1,447:1,2,5,0,0.0,0,1,0,0,0,0,0.0,1,8,1,1,0.0,19.0,70.5,2,True,False
Combined,Set1,Draw1,5,30,2,1,0.0,4,1.0,False,False,False,False,False,False,False,3,4,3,4,0,4,0,0,4478:1;44788:1;789:1,8447:1;88447:1;798:1,4,4,0,0.0,0,1,0,0,0,0,0.0,0,7,1,1,0.0,18.0,38.5,2,True,False
Combined,Set1,Draw1,5,21,2,2,0.0,3,1.0,False,False,False,False,False,False,False,2,6,2,6,0,2,0,0,678:1;6788:1,867:1;8867:1,4,3,1,0.0,0,1,0,0,0,0,0.0,0,7,1,0,0.0,17.0,42.0,2,False,False
Combined,Set1,Draw1,5,24,3,3,0.0,2,1.0,False,False,False,False,False,False,True,1,5,1,5,8,8,0,0,446889:1;44688:1;4688:1,944886:1;44886:1;4886:1,6,2,2,0.0,0,1,0,0,0,0,0.5,0,4,1,0,0.0,16.5,54.0,2,False,False
Combined,Set1,Draw1,5,11,1,1,0.0,5,1.0,False,False,False,False,False,False,False,3,3,3,3,0,4,0,0,578:1;55788:1;5578:1,875:1;88755:1;8755:1,2,5,0,0.0,0,1,0,0,0,0,0.0,0,6,1,1,0.0,16.0,67.0,2,True,False
Combined,Set1,Draw1,5,29,1,1,0.0,3,1.0,False,False,False,False,False,False,False,3,3,3,3,0,1,0,0,788:1,887:1,2,3,0,0.0,0,1,0,0,0,0,0.0,1,6,1,1,0.0,15.0,44.0,2,True,False
Combined,Set1,Draw1,5,3,1,1,0.0,2,1.0,False,False,False,False,False,False,False,3,4,3,4,0,1,0,0,557:1,755:1,2,2,0,0.0,0,1,0,0,0,0,0.0,1,7,0,1,0.0,14.0,36.5,1,True,False
Combined,Set1,Draw1,5,35,2,1,0.0,2,1.0,True,False,False,False,False,False,False,1,4,1,4,0,1,0,0,449:1,944:2,4,2,0,0.0,0,1,2,0,0,0,0.0,1,3,0,0,0.0,13.0,44.0,1,False,False
Combined,Set1,Draw1,5,12,1,1,0.0,1,1.0,False,False,False,False,False,False,False,1,4,1,4,0,3,0,0,5579:1;445579:1;45579:1,7559:1;755944:1;75594:1,2,1,0,0.0,0,1,0,0,0,0,0.0,0,3,4,1,0.0,12.0,39.0,3,True,False
Combined,Set1,Draw1,5,9,2,1,0.0,2,1.0,False,False,False,False,False,False,True,1,4,1,4,4,4,0,0,44556:1;4456:1;5569:1,64455:1;6445:1;5596:1,4,2,0,0.0,0,1,0,0,0,0,0.5,0,3,0,0,0.0,10.5,43.0,1,False,False
Combined,Set1,Draw1,5,25,1,1,0.0,2,1.0,False,False,False,False,False,False,True,1,4,1,4,1,1,0,0,446:1,644:1,2,2,0,0.0,0,1,0,0,0,0,0.5,1,3,0,0,0.0,9.5,33.0,1,False,False
Combined,Set1,Draw1,5,14,1,1,0.0,1,1.0,False,False,False,False,False,False,False,1,1,1,1,0,4,0,0,4455889:1;445589:1;445889:1,5594488:1;559448:1;594488:1,2,1,0,0.0,0,1,0,0,0,0,0.0,0,0,1,1,0.0,6.0,45.0,2,True,False
Combined,Set1,Draw1,6,5,4,2,0.0,4,0.0,True,True,False,False,False,False,False,3,4,3,4,0,0,0,0,559:1;455:1;0559:1,559:3;455:1;5590:1,8,4,1,0.0,0,0,2,4,0,0,0.0,1,7,1,1,0.0,29.0,47.0,2,True,False
Combined,Set1,Draw1,6,15,3,1,0.0,5,0.0,True,False,False,False,False,False,True,3,5,3,5,9,0,0,0,445:1;44559:1;4455:1,55944:2;5594:2;5944:2,6,5,0,0.0,0,0,2,0,0,0,0.5,1,8,1,1,0.0,24.5,75.0,2,True,False
Combined,Set1,Draw1,6,23,4,2,0.0,3,0.0,True,False,False,False,False,False,True,2,3,2,3,1,0,0,0,688:1,886:2,8,3,1,0.0,0,0,2,0,0,0,0.5,1,4,1,0,0.0,20.5,74.5,2,False,False
Combined,Set1,Draw1,6,31,1,1,0.0,5,0.0,False,False,False,False,False,False,False,3,5,3,5,0,0,0,0,447:1,447:1,2,5,0,0.0,0,0,0,0,0,0,0.0,1,8,1,1,0.0,18.0,70.5,2,True,False
Combined,Set1,Draw1,6,30,1,1,0.0,4,0.0,False,False,False,False,False,False,False,3,4,3,4,0,0,0,0,4478:1;44788:1,8447:1;88447:1,2,4,0,0.0,0,0,0,0,0,0,0.0,0,7,4,1,0.0,18.0,38.5,3,True,False
Combined,Set1,Draw1,6,34,1,1,0.0,4,0.0,False,False,False,False,False,False,True,3,4,3,4,2,0,0,0,448:1;4488:1,844:1;8844:1,2,4,0,0.0,0,0,0,0,0,0,0.5,1,7,1,1,0.0,16.5,54.0,2,True,False
Combined,Set1,Draw1,6,33,2,1,0.0,3,0.0,False,False,False,False,False,False,True,3,3,3,3,2,0,0,0,889:1;488:1,988:1;884:1,4,3,0,0.0,0,0,0,0,0,0,0.5,1,6,1,1,0.0,16.5,71.0,2,True,False
Combined,Set1,Draw1,6,21,2,2,0.0,3,0.0,False,False,False,False,False,False,False,2,6,2,6,0,0,0,0,678:1;6788:1,867:1;8867:1,4,3,1,0.0,0,0,0,0,0,0,0.0,0,7,1,0,0.0,16.0,42.0,2,False,False
Combined,Set1,Draw1,6,29,1,1,0.0,3,0.0,False,False,False,False,False,False,False,3,3,3,3,0,0,0,0,788:1,887:1,2,3,0,0.0,0,0,0,0,0,0,0.0,1,6,1,1,0.0,14.0,44.0,2,True,False
Combined,Set1,Draw1,6,14,2,1,0.0,2,0.0,False,False,False,False,False,False,False,2,2,2,2,0,0,0,0,04455889:1;0445889:1;044889:1,55944088:1;5944088:1;944088:1,4,2,0,0.0,0,0,0,0,0,0,0.0,0,3,4,1,0.0,14.0,45.0,3,True,False
Combined,Set1,Draw1,6,12,2,1,0.0,2,0.0,False,False,False,False,False,False,False,2,2,2,2,0,0,0,0,05579:1;0445579:1;045579:1,70559:1;7055944:1;705594:1,4,2,0,0.0,0,0,0,0,0,0,0.0,0,3,4,1,0.0,14.0,39.0,3,True,False
Combined,Set1,Draw1,6,24,2,2,0.0,2,0.0,False,False,False,False,False,False,True,1,3,1,3,7,0,0,0,446889:1;44688:1;6889:1,988644:1;68844:1;9886:1,4,2,1,0.0,0,0,0,0,0,0,0.5,0,2,4,0,0.0,13.5,54.0,3,False,False
Combined,Set1,Draw1,6,8,2,2,0.0,2,0.0,False,False,False,False,False,False,True,1,2,1,2,2,0,0,0,0688:1;068:1,0886:1;068:1,4,2,1,0.0,0,0,0,0,0,0,0.5,0,1,4,0,0.0,12.5,72.5,3,False,False
Combined,Set1,Draw1,6,35,2,1,0.0,2,0.0,True,False,False,False,False,False,False,1,4,1,4,0,0,0,0,449:1,944:2,4,2,0,0.0,0,0,2,0,0,0,0.0,1,3,0,0,0.0,12.0,44.0,1,False,False
Combined,Set1,Draw1,6,9,2,1,0.0,2,0.0,False,False,False,False,False,False,True,1,4,1,4,5,0,0,0,44556:1;05569:1;4456:1,64455:1;55906:1;6445:1,4,2,0,0.0,0,0,0,0,0,0,0.5,0,3,1,0,0.0,10.5,43.0,2,False,False
Combined,Set1,Draw1,6,25,1,1,0.0,2,0.0,False,False,False,False,False,False,True,1,4,1,4,1,0,0,0,446:1,644:1,2,2,0,0.0,0,0,0,0,0,0,0.5,1,3,1,0,0.0,9.5,33.0,2,False,False
Combined,Set1,Draw1,6,11,1,1,0.0,1,0.0,False,False,False,False,False,False,False,2,2,2,2,0,0,0,0,055788:1;05788:1;05578:1,887055:1;88705:1;87055:1,2,1,0,0.0,0,0,0,0,0,0,0.0,0,3,1,1,0.0,8.0,67.0,2,True,False
Combined,Set1,Draw1,6,3,1,1,0.0,2,0.0,False,False,False,False,False,False,False,2,2,2,2,0,0,0,0,0557:1;057:1,7055:1;705:1,2,2,0,0.0,0,0,0,0,0,0,0.0,0,3,0,1,0.0,8.0,36.5,1,True,False
Combined,Set1,Draw1,6,1,1,1,0.0,2,0.0,False,False,False,False,False,False,False,2,2,2,2,0,0,0,0,055:1,055:1,2,2,0,0.0,0,0,0,0,0,0,0.0,1,3,0,0,0.0,8.0,31.5,1,False,False
Combined,Set1,Draw1,6,13,1,1,0.0,1,0.0,False,False,False,False,False,False,False,2,1,2,1,0,0,0,0,088:1,088:1,2,1,0,0.0,0,0,0,0,0,0,0.0,1,2,1,1,0.0,8.0,47.5,2,True,False
Combined,Set1,Draw1,7,31,4,1,0.0,5,0.0,True,True,False,False,False,False,False,3,5,3,5,0,0,0,0,244:1;447:1;4477:1,244:3;447:1;4477:1,8,5,0,0.0,0,0,2,4,0,0,0.0,1,8,4,1,0.0,33.0,70.5,3,True,False
Combined,Set1,Draw1,7,23,4,3,0.0,3,0.0,True,False,False,False,False,False,True,2,7,2,7,3,0,0,0,688:1;3688:1;368:1,688:2;3886:1;836:1,8,3,2,0.0,0,0,2,0,0,0,0.5,1,8,4,1,0.0,29.5,74.5,3,True,False
Combined,Set1,Draw1,7,5,4,2,0.0,4,0.0,True,True,False,False,False,False,False,3,4,3,4,0,0,0,0,559:1;455:1;0559:1,559:3;455:1;5590:1,8,4,1,0.0,0,0,2,4,0,0,0.0,1,7,1,1,0.0,29.0,47.0,2,True,False
Combined,Set1,Draw1,7,15,2,1,0.0,5,0.0,False,False,False,False,False,False,True,3,5,3,5,3,0,0,0,445:1;4455:1;044:1,445:1;4455:1;440:1,4,5,0,0.0,0,0,0,0,0,0,0.5,1,8,4,1,0.0,23.5,75.0,3,True,False
Combined,Set1,Draw1,7,21,3,2,0.0,3,0.0,False,False,False,False,False,False,False,2,6,2,6,0,0,0,0,678:1;6788:1;36788:1,867:1;8867:1;38867:1,6,3,1,0.0,0,0,0,0,0,0,0.0,0,7,4,1,0.0,22.0,42.0,3,True,False
Combined,Set1,Draw1,7,12,4,2,0.0,2,0.0,False,False,False,False,False,False,False,3,2,3,2,0,0,0,0,05579:1;24455:1;0244559:1,70559:1;24455:1;5592440:1,8,2,1,0.0,0,0,0,0,0,0,0.0,0,5,4,1,0.0,21.0,39.0,3,True,False
Combined,Set1,Draw1,7,33,2,1,0.0,3,0.0,False,False,False,False,False,False,True,2,5,2,5,6,0,0,0,3448:1;34488:1;348:1,8344:1;88344:1;834:1,4,3,0,0.0,0,0,0,0,0,0,0.5,1,6,4,1,0.0,19.5,71.0,3,True,False
Combined,Set1,Draw1,7,32,3,2,0.0,1,0.0,True,False,False,False,False,False,True,2,3,2,3,1,0,0,0,388:1,883:2,6,1,1,0.0,0,0,2,0,0,0,0.5,1,4,1,1,0.0,17.5,55.5,2,True,False
Combined,Set1,Draw1,7,29,1,1,0.0,3,0.0,False,False,False,False,False,False,False,3,3,3,3,0,0,0,0,788:1,887:1,2,3,0,0.0,0,0,0,0,0,0,0.0,1,6,4,1,0.0,17.0,44.0,3,True,False
Combined,Set1,Draw1,7,30,2,1,0.0,1,0.0,False,False,False,False,False,False,False,2,5,2,5,0,0,0,0,34478:1;344788:1;3447788:1,83447:1;883447:1;8834477:1,4,1,0,0.0,0,0,0,0,0,0,0.0,0,6,4,1,0.0,16.0,38.5,3,True,False
Combined,Set1,Draw1,7,14,3,1,0.0,2,0.0,False,False,False,False,False,False,False,2,6,2,6,0,0,0,0,034488:1;359:1;0889:1,440388:1;593:1;0988:1,6,2,0,0.0,0,0,0,0,0,0,0.0,0,7,1,0,0.0,16.0,45.0,2,False,False
Combined,Set1,Draw1,7,34,1,1,0.0,1,0.0,False,False,False,False,False,False,True,2,5,2,5,1,0,0,0,344:1,344:1,2,1,0,0.0,0,0,0,0,0,0,0.5,1,6,4,1,0.0,15.5,54.0,3,True,False
Combined,Set1,Draw1,7,24,2,1,0.0,1,0.0,False,False,False,False,False,False,True,2,3,2,3,3,0,0,0,344688:1;34688:1;36889:1,688344:1;68834:1;98836:1,4,1,0,0.0,0,0,0,0,0,0,0.5,0,4,4,1,0.0,14.5,54.0,3,True,False
Combined,Set1,Draw1,7,3,2,1,0.0,2,0.0,False,False,False,False,False,False,False,3,2,3,2,0,0,0,0,0557:1;255:1;057:1,7055:1;255:1;705:1,4,2,0,0.0,0,0,0,0,0,0,0.0,1,5,1,1,0.0,14.0,36.5,2,True,False
Combined,Set1,Draw1,7,8,2,2,0.0,2,0.0,False,False,False,False,False,False,True,1,2,1,2,3,0,0,0,03688:1;0688:1;068:1,03886:1;0688:1;068:1,4,2,1,0.0,0,0,0,0,0,0,0.5,0,1,4,1,0.0,13.5,72.5,3,True,False
Combined,Set1,Draw1,7,10,2,1,0.0,1,0.0,True,False,False,False,False,False,True,1,2,1,2,1,0,0,0,077:1,770:2,4,1,0,0.0,0,0,2,0,0,0,0.5,1,1,1,1,0.0,11.5,32.5,2,True,False
Combined,Set1,Draw1,7,20,1,1,0.0,1,0.0,False,False,False,False,False,False,True,2,3,2,3,1,0,0,0,677:1,677:1,2,1,0,0.0,0,0,0,0,0,0,0.5,1,4,1,1,0.0,10.5,38.5,2,True,False
Combined,Set1,Draw1,7,22,1,1,0.0,1,0.0,False,False,False,False,False,False,False,2,1,2,1,0,0,0,0,2446:1;246:1,6244:1;624:1,2,1,0,0.0,0,0,0,0,0,0,0.0,0,2,4,1,0.0,10.0,29.0,3,True,False
Combined,Set1,Draw1,7,1,1,1,0.0,2,0.0,False,False,False,False,False,False,False,2,2,2,2,0,0,0,0,055:1,055:1,2,2,0,0.0,0,0,0,0,0,0,0.0,1,3,0,0,0.0,8.0,31.5,1,False,False
Combined,Set1,Draw1,7,28,1,1,0.0,1,0.0,False,False,False,False,False,False,False,2,1,2,1,0,0,0,0,477:1,477:1,2,1,0,0.0,0,0,0,0,0,0,0.0,1,2,1,1,0.0,8.0,33.0,2,True,False
Combined,Set1,Draw1,7,27,1,1,0.0,1,0.0,False,False,False,False,False,False,False,2,1,2,1,0,0,0,0,7788:1;778:1,8877:1;877:1,2,1,0,0.0,0,0,0,0,0,0,0.0,1,2,1,1,0.0,8.0,30.5,2,True,False
Combined,Set1,Draw1,7,9,1,1,0.0,2,0.0,False,False,False,False,False,False,True,1,2,1,2,3,0,0,0,05569:1;0569:1;069:1,55906:1;5906:1;906:1,2,2,0,0.0,0,0,0,0,0,0,0.5,0,1,1,0,0.0,6.5,43.0,2,False,False
Combined,Set1,Draw1,7,11,1,1,0.0,1,0.0,False,False,False,False,False,False,False,1,1,1,1,0,0,0,0,0557788:1;057788:1;055778:1,8877055:1;887705:1;877055:1,2,1,0,0.0,0,0,0,0,0,0,0.0,0,0,1,1,0.0,5.0,67.0,2,True,False
Combined,Set1,Draw1,7,13,1,1,0.0,1,0.0,False,False,False,False,False,False,False,1,2,1,2,0,0,0,0,0388:1;038:1,0388:1;038:1,2,1,0,0.0,0,0,0,0,0,0,0.0,0,1,1,0,0.0,5.0,47.5,2,False,False
Combined,Set1,Draw2,1,11,4,3,0.0,5,1.0,True,False,False,True,False,False,False,3,3,3,3,0,0,1,0,578:1,587:2,8,5,2,0.0,0,1,2,0,0,0,0.0,0,6,0,0,0.0,24.0,67.0,1,False,False
Combined,Set1,Draw2,2,11,4,3,0.0,5,1.0,True,False,False,False,False,False,False,3,3,3,3,0,0,1,0,578:1,587:2,8,5,2,0.0,0,1,2,0,0,0,0.0,0,6,0,0,0.0,24.0,67.0,1,False,False
Combined,Set1,Draw2,3,15,3,2,0.0,4,1.0,True,False,False,False,False,False,True,3,5,3,5,1,1,0,0,445:1,544:2,6,4,1,0.0,0,1,2,0,0,0,0.5,1,8,1,0,0.0,24.5,75.0,2,False,False
Combined,Set1,Draw2,3,14,3,3,0.0,1,1.0,False,False,False,False,False,True,False,3,3,3,3,0,2,0,0,4458:1;458:1,5448:1;584:1,6,1,2,0.0,0,1,0,0,0,1,0.0,0,6,4,0,0.0,21.0,45.0,3,False,False
Combined,Set1,Draw2,3,34,3,2,0.0,1,1.0,True,False,False,False,False,False,True,3,4,3,4,1,1,0,0,448:1,844:2,6,1,1,0.0,0,1,2,0,0,0,0.5,1,7,1,0,0.0,20.5,54.0,2,False,False
Combined,Set1,Draw2,3,31,1,1,0.0,4,1.0,False,False,False,False,False,True,False,3,5,3,5,0,1,0,0,447:1,447:1,2,4,0,0.0,0,1,0,0,0,1,0.0,1,8,0,0,0.0,17.0,70.5,1,False,False
Combined,Set1,Draw2,3,30,3,3,0.0,1,1.0,False,False,False,False,False,False,False,3,4,3,4,0,2,0,0,4478:1;478:1,4487:1;487:1,6,1,2,0.0,0,1,0,0,0,0,0.0,0,7,0,0,0.0,17.0,38.5,1,False,False
Combined,Set1,Draw2,3,11,1,1,0.0,5,1.0,False,False,False,False,False,True,False,3,3,3,3,0,1,0,0,578:1,875:1,2,5,0,0.0,0,1,0,0,0,1,0.0,0,6,0,0,0.0,15.0,67.0,1,False,False
Combined,Set1,Draw2,3,12,1,1,0.0,1,1.0,False,False,False,False,False,True,False,2,2,2,2,0,2,0,0,4457:1;457:1,7544:1;754:1,2,1,0,0.0,0,1,0,0,0,1,0.0,0,3,0,0,0.0,8.0,39.0,1,False,False
Combined,Set1,Draw2,4,34,4,2,0.0,3,1.0,True,True,False,False,False,False,True,2,5,2,5,1,1,0,0,344:1,344:3,8,3,1,0.0,0,1,2,4,0,0,0.5,1,6,1,0,0.0,27.5,54.0,2,False,False
Combined,Set1,Draw2,4,33,3,2,0.0,3,1.0,True,False,False,False,False,False,True,2,5,2,5,2,2,0,0,3448:1;348:1,8344:2;834:2,6,3,1,0.0,0,1,2,0,0,0,0.5,0,6,4,0,0.0,23.5,71.0,3,False,False
Combined,Set1,Draw2,4,30,3,3,0.0,3,1.0,False,False,False,False,False,False,False,2,5,2,5,0,3,0,0,34478:1;3447:1;3478:1,44387:1;3447:1;4387:1,6,3,2,0.0,0,1,0,0,0,0,0.0,0,6,4,0,0.0,22.0,38.5,3,False,False
Combined,Set1,Draw2,4,15,2,2,0.0,4,1.0,False,False,False,False,False,False,True,3,5,3,5,2,2,0,0,445:1;4455:1,544:1;5544:1,4,4,1,0.0,0,1,0,0,0,0,0.5,1,8,1,0,0.0,20.5,75.0,2,False,False
Combined,Set1,Draw2,4,5,2,2,0.0,3,1.0,False,False,False,False,False,False,False,3,4,3,4,0,1,0,0,455:1,554:1,4,3,1,0.0,0,1,0,0,0,0,0.0,1,7,1,0,0.0,18.0,47.0,2,False,False
Combined,Set1,Draw2,4,31,1,1,0.0,4,1.0,False,False,False,False,False,False,False,3,5,3,5,0,1,0,0,447:1,447:1,2,4,0,0.0,0,1,0,0,0,0,0.0,1,8,1,0,0.0,17.0,70.5,2,False,False
Combined,Set1,Draw2,4,14,4,3,0.0,1,1.0,False,False,False,False,False,False,False,1,2,1,2,0,8,0,0,344558:1;34458:1;34455:1,554438:1;54438:1;55443:1,8,1,2,0.0,0,1,0,0,0,0,0.0,0,1,4,0,0.0,17.0,45.0,3,False,False
Combined,Set1,Draw2,4,11,1,1,0.0,5,1.0,False,False,False,False,False,False,False,3,3,3,3,0,4,0,0,578:1;5578:1;35578:1,875:1;8755:1;87553:1,2,5,0,0.0,0,1,0,0,0,0,0.0,0,6,1,0,0.0,15.0,67.0,2,False,False
Combined,Set1,Draw2,4,3,1,1,0.0,2,1.0,False,False,False,False,False,False,False,3,4,3,4,0,1,0,0,557:1,755:1,2,2,0,0.0,0,1,0,0,0,0,0.0,1,7,0,0,0.0,13.0,36.5,1,False,False
Combined,Set1,Draw2,4,4,2,1,0.0,1,1.0,False,False,False,False,False,False,False,3,2,3,2,0,2,0,0,558:1;355:1,558:1;553:1,4,1,0,0.0,0,1,0,0,0,0,0.0,1,5,1,0,0.0,13.0,43.0,2,False,False
Combined,Set1,Draw2,4,29,2,2,0.0,1,1.0,False,False,False,False,False,False,False,1,3,1,3,0,1,0,0,378:1,387:1,4,1,1,0.0,0,1,0,0,0,0,0.0,0,2,4,0,0.0,13.0,44.0,3,False,False
Combined,Set1,Draw2,4,13,1,1,0.0,1,1.0,False,False,False,False,False,False,False,1,1,1,1,0,2,0,0,3558:1;358:1,5583:1;583:1,2,1,0,0.0,0,1,0,0,0,0,0.0,0,0,4,0,0.0,8.0,47.5,3,False,False
Combined,Set1,Draw2,5,5,4,1,0.0,3,0.0,True,True,False,False,False,False,False,3,4,3,4,0,0,0,0,559:1;455:1,559:3;455:1,8,3,0,0.0,0,0,2,4,0,0,0.0,1,7,1,0,0.0,26.0,47.0,2,False,False
Combined,Set1,Draw2,5,23,4,3,0.0,2,0.0,True,False,False,False,False,False,True,2,7,2,7,3,0,0,0,3688:1;688:1;368:1,688:2;3886:1;836:1,8,2,2,0.0,0,0,2,0,0,0,0.5,1,8,1,0,0.0,24.5,74.5,2,False,False
Combined,Set1,Draw2,5,33,3,2,0.0,3,0.0,False,False,False,False,False,False,True,2,5,2,5,7,0,0,0,3448:1;348:1;34488:1,4438:1;438:1;44388:1,6,3,1,0.0,0,0,0,0,0,0,0.5,1,6,4,0,0.0,21.5,71.0,3,False,False
Combined,Set1,Draw2,5,34,3,2,0.0,3,0.0,True,False,False,False,False,False,True,2,5,2,5,4,0,0,0,344:1;3449:1;34489:1,344:2;9443:1;94438:1,6,3,1,0.0,0,0,2,0,0,0,0.5,1,6,1,0,0.0,20.5,54.0,2,False,False
Combined,Set1,Draw2,5,15,2,1,0.0,4,0.0,False,False,False,False,False,False,True,3,5,3,5,6,0,0,0,445:1;4455:1;44559:1,445:1;4455:1;55944:1,4,4,0,0.0,0,0,0,0,0,0,0.5,1,8,1,0,0.0,18.5,75.0,2,False,False
Combined,Set1,Draw2,5,24,3,3,0.0,2,0.0,False,False,False,False,False,False,True,2,5,2,5,11,0,0,0,344688:1;34688:1;3446889:1,443886:1;43886:1;9443886:1,6,2,2,0.0,0,0,0,0,0,0,0.5,0,6,1,0,0.0,17.5,54.0,2,False,False
Combined,Set1,Draw2,5,32,3,2,0.0,2,0.0,True,False,False,False,False,False,True,2,3,2,3,1,0,0,0,388:1,883:2,6,2,1,0.0,0,0,2,0,0,0,0.5,1,4,1,0,0.0,17.5,55.5,2,False,False
Combined,Set1,Draw2,5,30,2,1,0.0,3,0.0,False,False,False,False,False,False,False,2,5,2,5,0,0,0,0,34478:1;344788:1;3447:1,83447:1;883447:1;3447:1,4,3,0,0.0,0,0,0,0,0,0,0.0,0,6,4,0,0.0,17.0,38.5,3,False,False
Combined,Set1,Draw2,5,31,1,1,0.0,4,0.0,False,False,False,False,False,False,False,3,5,3,5,0,0,0,0,447:1,447:1,2,4,0,0.0,0,0,0,0,0,0,0.0,1,8,1,0,0.0,16.0,70.5,2,False,False
Combined,Set1,Draw2,5,14,2,2,0.0,2,0.0,False,False,False,False,False,False,False,1,6,1,6,0,0,0,0,344559:1;34459:1;3445589:1,559443:1;59443:1;5594438:1,4,2,1,0.0,0,0,0,0,0,0,0.0,0,5,4,0,0.0,16.0,45.0,3,False,False
Combined,Set1,Draw2,5,21,2,2,0.0,2,0.0,False,False,False,False,False,False,False,2,6,2,6,0,0,0,0,36788:1;678:1;6788:1,38867:1;867:1;8867:1,4,2,1,0.0,0,0,0,0,0,0,0.0,0,7,1,0,0.0,15.0,42.0,2,False,False
Combined,Set1,Draw2,5,29,1,1,0.0,2,0.0,False,False,False,False,False,False,False,3,3,3,3,0,0,0,0,788:1,887:1,2,2,0,0.0,0,0,0,0,0,0,0.0,1,6,4,0,0.0,15.0,44.0,3,False,False
Combined,Set1,Draw2,5,11,1,1,0.0,5,0.0,False,False,False,False,False,False,False,3,3,3,3,0,0,0,0,578:1;55788:1;5578:1,875:1;88755:1;8755:1,2,5,0,0.0,0,0,0,0,0,0,0.0,0,6,1,0,0.0,14.0,67.0,2,False,False
Combined,Set1,Draw2,5,3,1,1,0.0,2,0.0,False,False,False,False,False,False,False,3,4,3,4,0,0,0,0,557:1,755:1,2,2,0,0.0,0,0,0,0,0,0,0.0,1,7,0,0,0.0,12.0,36.5,1,False,False
Combined,Set1,Draw2,5,12,1,1,0.0,1,0.0,False,False,False,False,False,False,False,1,4,1,4,0,0,0,0,5579:1,7559:1,2,1,0,0.0,0,0,0,0,0,0,0.0,0,3,4,0,0.0,10.0,39.0,3,False,False
Combined,Set1,Draw2,5,9,2,1,0.0,2,0.0,False,False,False,False,False,False,True,1,4,1,4,4,0,0,0,44556:1;4456:1;5569:1,64455:1;6445:1;5596:1,4,2,0,0.0,0,0,0,0,0,0,0.5,0,3,0,0,0.0,9.5,43.0,1,False,False
Combined,Set1,Draw2,5,25,1,1,0.0,2,0.0,False,False,False,False,False,False,True,1,4,1,4,1,0,0,0,446:1,644:1,2,2,0,0.0,0,0,0,0,0,0,0.5,1,3,0,0,0.0,8.5,33.0,1,False,False
Combined,Set1,Draw2,5,35,1,1,0.0,2,0.0,False,False,False,False,False,False,False,1,4,1,4,0,0,0,0,449:1,944:1,2,2,0,0.0,0,0,0,0,0,0,0.0,1,3,0,0,0.0,8.0,44.0,1,False,False
Combined,Set1,Draw2,6,23,4,3,0.0,2,0.0,True,False,False,False,False,False,True,2,7,2,7,3,0,0,0,3688:1;688:1;368:1,688:2;3886:1;836:1,8,2,2,0.0,0,0,2,0,0,0,0.5,1,8,4,0,0.0,27.5,74.5,3,False,False
Combined,Set1,Draw2,6,5,4,2,0.0,3,0.0,True,True,False,False,False,False,False,3,4,3,4,0,0,0,0,559:1;455:1;0559:1,559:3;455:1;5590:1,8,3,1,0.0,0,0,2,4,0,0,0.0,1,7,1,0,0.0,27.0,47.0,2,False,False
Combined,Set1,Draw2,6,32,3,2,0.0,2,0.0,True,False,False,False,False,False,True,2,3,2,3,1,0,0,0,388:1,883:2,6,2,1,0.0,0,0,2,0,0,0,0.5,1,4,4,0,0.0,20.5,55.5,3,False,False
Combined,Set1,Draw2,6,14,3,2,0.0,2,0.0,False,False,False,False,False,False,False,2,6,2,6,0,0,0,0,344559:1;0344559:1;03445589:1,559344:1;5594403:1;55944038:1,6,2,1,0.0,0,0,0,0,0,0,0.0,0,7,4,0,0.0,20.0,45.0,3,False,False
Combined,Set1,Draw2,6,15,2,1,0.0,4,0.0,False,False,False,False,False,False,True,3,5,3,5,9,0,0,0,445:1;4455:1;44559:1,445:1;4455:1;55944:1,4,4,0,0.0,0,0,0,0,0,0,0.5,1,8,1,0,0.0,18.5,75.0,2,False,False
Combined,Set1,Draw2,6,33,2,1,0.0,3,0.0,False,False,False,False,False,False,True,2,5,2,5,6,0,0,0,3448:1;348:1;34488:1,8344:1;834:1;88344:1,4,3,0,0.0,0,0,0,0,0,0,0.5,1,6,4,0,0.0,18.5,71.0,3,False,False
Combined,Set1,Draw2,6,34,2,1,0.0,3,0.0,True,False,False,False,False,False,True,2,5,2,5,3,0,0,0,344:1;3449:1;349:1,344:2;9344:1;934:1,4,3,0,0.0,0,0,2,0,0,0,0.5,1,6,1,0,0.0,17.5,54.0,2,False,False
Combined,Set1,Draw2,6,24,2,2,0.0,2,0.0,False,False,False,False,False,False,True,2,4,2,4,9,0,0,0,344688:1;34688:1;3446889:1,688344:1;68834:1;9883644:1,4,2,1,0.0,0,0,0,0,0,0,0.5,0,5,4,0,0.0,16.5,54.0,3,False,False
Combined,Set1,Draw2,6,31,1,1,0.0,4,0.0,False,False,False,False,False,False,False,3,5,3,5,0,0,0,0,447:1,447:1,2,4,0,0.0,0,0,0,0,0,0,0.0,1,8,1,0,0.0,16.0,70.5,2,False,False
Combined,Set1,Draw2,6,30,1,1,0.0,3,0.0,False,False,False,False,False,False,False,2,5,2,5,0,0,0,0,34478:1;344788:1;3447:1,83447:1;883447:1;3447:1,2,3,0,0.0,0,0,0,0,0,0,0.0,0,6,4,0,0.0,15.0,38.5,3,False,False
Combined,Set1,Draw2,6,21,2,2,0.0,2,0.0,False,False,False,False,False,False,False,2,6,2,6,0,0,0,0,36788:1;678:1;6788:1,38867:1;867:1;8867:1,4,2,1,0.0,0,0,0,0,0,0,0.0,0,7,1,0,0.0,15.0,42.0,2,False,False
Combined,Set1,Draw2,6,29,1,1,0.0,2,0.0,False,False,False,False,False,False,False,3,3,3,3,0,0,0,0,788:1,887:1,2,2,0,0.0,0,0,0,0,0,0,0.0,1,6,4,0,0.0,15.0,44.0,3,False,False
Combined,Set1,Draw2,6,12,2,1,0.0,1,0.0,False,False,False,False,False,False,False,2,2,2,2,0,0,0,0,05579:1;079:1,70559:1;709:1,4,1,0,0.0,0,0,0,0,0,0,0.0,0,3,4,0,0.0,12.0,39.0,3,False,False
Combined,Set1,Draw2,6,9,2,1,0.0,2,0.0,False,False,False,False,False,False,True,1,4,1,4,5,0,0,0,44556:1;4456:1;05569:1,64455:1;6445:1;55906:1,4,2,0,0.0,0,0,0,0,0,0,0.5,0,3,1,0,0.0,10.5,43.0,2,False,False
Combined,Set1,Draw2,6,25,1,1,0.0,2,0.0,False,False,False,False,False,False,True,1,4,1,4,1,0,0,0,446:1,644:1,2,2,0,0.0,0,0,0,0,0,0,0.5,1,3,1,0,0.0,9.5,33.0,2,False,False
Combined,Set1,Draw2,6,8,2,2,0.0,1,0.0,False,False,False,False,False,False,True,1,2,1,2,3,0,0,0,03688:1;0688:1;068:1,03886:1;0688:1;068:1,4,1,1,0.0,0,0,0,0,0,0,0.5,0,1,1,0,0.0,8.5,72.5,2,False,False
Combined,Set1,Draw2,6,35,1,1,0.0,2,0.0,False,False,False,False,False,False,False,1,4,1,4,0,0,0,0,449:1,944:1,2,2,0,0.0,0,0,0,0,0,0,0.0,1,3,0,0,0.0,8.0,44.0,1,False,False
Combined,Set1,Draw2,6,1,1,1,0.0,1,0.0,False,False,False,False,False,False,False,2,2,2,2,0,0,0,0,055:1,055:1,2,1,0,0.0,0,0,0,0,0,0,0.0,1,3,1,0,0.0,8.0,31.5,2,False,False
Combined,Set1,Draw2,6,13,1,1,0.0,1,0.0,False,False,False,False,False,False,False,1,2,1,2,0,0,0,0,0388:1;038:1,0388:1;038:1,2,1,0,0.0,0,0,0,0,0,0,0.0,0,1,4,0,0.0,8.0,47.5,3,False,False
Combined,Set1,Draw2,6,11,1,1,0.0,1,0.0,False,False,False,False,False,False,False,2,2,2,2,0,0,0,0,055788:1;05788:1;05578:1,887055:1;88705:1;87055:1,2,1,0,0.0,0,0,0,0,0,0,0.0,0,3,1,0,0.0,7.0,67.0,2,False,False
Combined,Set1,Draw2,6,3,1,1,0.0,1,0.0,False,False,False,False,False,False,False,2,2,2,2,0,0,0,0,0557:1;057:1,7055:1;705:1,2,1,0,0.0,0,0,0,0,0,0,0.0,0,3,0,0,0.0,6.0,36.5,1,False,False
Combined,Set1,Draw3,1,30,3,2,0.0,4,1.0,True,False,False,True,False,False,False,1,3,1,3,0,0,1,0,789:1,987:2,6,4,1,0.0,0,1,2,0,0,0,0.0,0,2,0,0,0.0,16.0,38.5,1,False,False
Combined,Set1,Draw3,1,11,1,1,0.0,5,1.0,False,False,False,False,False,True,False,3,3,3,3,0,0,1,0,578:1,875:1,2,5,0,0.0,0,1,0,0,0,1,0.0,0,6,0,0,0.0,15.0,67.0,1,False,False
Combined,Set1,Draw3,1,14,3,2,0.0,4,1.0,True,False,False,False,False,False,False,1,1,1,1,0,0,1,0,589:1,598:2,6,4,1,0.0,0,1,2,0,0,0,0.0,0,0,0,0,0.0,14.0,45.0,1,False,False
Combined,Set1,Draw3,1,12,1,1,0.0,3,1.0,False,False,False,False,False,True,False,1,3,1,3,0,0,1,0,579:1,759:1,2,3,0,0.0,0,1,0,0,0,1,0.0,0,2,0,0,0.0,9.0,39.0,1,False,False
Combined,Set1,Draw3,2,30,3,2,0.0,4,1.0,True,False,False,False,False,False,False,1,3,1,3,0,0,1,0,789:1,987:2,6,4,1,0.0,0,1,2,0,0,0,0.0,0,2,1,0,0.0,17.0,38.5,2,False,False
Combined,Set1,Draw3,2,11,1,1,0.0,5,1.0,False,False,False,False,False,True,False,3,3,3,3,0,0,1,0,578:1,875:1,2,5,0,0.0,0,1,0,0,0,1,0.0,0,6,0,0,0.0,15.0,67.0,1,False,False
Combined,Set1,Draw3,2,14,3,2,0.0,4,1.0,True,False,False,False,False,False,False,1,1,1,1,0,0,1,0,589:1,598:2,6,4,1,0.0,0,1,2,0,0,0,0.0,0,0,1,0,0.0,15.0,45.0,2,False,False
Combined,Set1,Draw3,2,12,1,1,0.0,3,1.0,False,False,False,False,False,True,False,1,3,1,3,0,0,1,0,579:1,759:1,2,3,0,0.0,0,1,0,0,0,1,0.0,0,2,0,0,0.0,9.0,39.0,1,False,False
Combined,Set1,Draw3,3,14,3,3,0.0,4,1.0,False,False,False,False,False,True,False,3,3,3,3,0,4,0,0,4458:1;44589:1;589:1,8445:1;59448:1;598:1,6,4,2,0.0,0,1,0,0,0,1,0.0,0,6,4,0,0.0,24.0,45.0,3,False,False
Combined,Set1,Draw3,3,15,3,1,0.0,3,1.0,True,False,False,False,False,True,True,3,5,3,5,3,3,0,0,445:1;4459:1;459:1,5944:2;594:2;445:1,6,3,0,0.0,0,1,2,0,0,1,0.5,1,8,1,0,0.0,23.5,75.0,2,False,False
Combined,Set1,Draw3,3,30,3,3,0.0,4,1.0,False,False,False,False,False,True,False,3,4,3,4,0,5,0,0,4478:1;44789:1;789:1,4487:1;94487:1;798:1,6,4,2,0.0,0,1,0,0,0,1,0.0,0,7,1,0,0.0,22.0,38.5,2,False,False
Combined,Set1,Draw3,3,34,3,2,0.0,1,1.0,True,False,False,False,False,True,True,3,4,3,4,3,3,0,0,448:1;4489:1;489:1,844:2;9844:2;984:2,6,1,1,0.0,0,1,2,0,0,1,0.5,1,7,1,0,0.0,21.5,54.0,2,False,False
Combined,Set1,Draw3,3,31,1,1,0.0,3,1.0,False,False,False,False,False,True,False,3,5,3,5,0,1,0,0,447:1,447:1,2,3,0,0.0,0,1,0,0,0,1,0.0,1,8,1,0,0.0,17.0,70.5,2,False,False
Combined,Set1,Draw3,3,35,2,1,0.0,3,1.0,True,False,False,False,False,True,False,1,4,1,4,0,1,0,0,449:1,944:2,4,3,0,0.0,0,1,2,0,0,1,0.0,1,3,0,0,0.0,15.0,44.0,1,False,False
Combined,Set1,Draw3,3,11,1,1,0.0,5,1.0,False,False,False,False,False,True,False,3,3,3,3,0,1,0,0,578:1,875:1,2,5,0,0.0,0,1,0,0,0,1,0.0,0,6,0,0,0.0,15.0,67.0,1,False,False
Combined,Set1,Draw3,3,12,1,1,0.0,3,1.0,False,False,False,False,False,True,False,1,3,1,3,0,3,0,0,579:1;44579:1;4579:1,759:1;75944:1;7594:1,2,3,0,0.0,0,1,0,0,0,1,0.0,0,2,1,0,0.0,10.0,39.0,2,False,False
Combined,Set1,Draw3,4,34,4,2,0.0,2,0.0,True,True,False,False,False,False,True,2,5,2,5,4,0,0,0,344:1;34489:1;3449:1,344:3;98344:2;9443:1,8,2,1,0.0,0,0,2,4,0,0,0.5,1,6,1,0,0.0,25.5,54.0,2,False,False
Combined,Set1,Draw3,4,5,4,1,0.0,2,0.0,True,True,False,False,False,False,False,3,4,3,4,0,0,0,0,559:1;455:1,559:3;455:1,8,2,0,0.0,0,0,2,4,0,0,0.0,1,7,1,0,0.0,25.0,47.0,2,False,False
Combined,Set1,Draw3,4,14,4,3,0.0,4,0.0,False,False,False,False,False,False,False,1,6,1,6,0,0,0,0,3445589:1;344589:1;344559:1,5594438:1;594438:1;559443:1,8,4,2,0.0,0,0,0,0,0,0,0.0,0,5,4,0,0.0,23.0,45.0,3,False,False
Combined,Set1,Draw3,4,30,3,3,0.0,4,0.0,False,False,False,False,False,False,False,2,5,2,5,0,0,0,0,34478:1;344789:1;3447:1,44387:1;944387:1;3447:1,6,4,2,0.0,0,0,0,0,0,0,0.0,0,6,4,0,0.0,22.0,38.5,3,False,False
Combined,Set1,Draw3,4,33,3,2,0.0,2,0.0,True,False,False,False,False,False,True,2,5,2,5,4,0,0,0,3448:1;348:1;389:1,8344:2;834:2;983:2,6,2,1,0.0,0,0,2,0,0,0,0.5,0,6,4,0,0.0,21.5,71.0,3,False,False
Combined,Set1,Draw3,4,15,2,1,0.0,3,0.0,False,False,False,False,False,False,True,3,5,3,5,6,0,0,0,445:1;4455:1;44559:1,445:1;4455:1;55944:1,4,3,0,0.0,0,0,0,0,0,0,0.5,1,8,1,0,0.0,17.5,75.0,2,False,False
Combined,Set1,Draw3,4,31,1,1,0.0,3,0.0,False,False,False,False,False,False,False,3,5,3,5,0,0,0,0,447:1,447:1,2,3,0,0.0,0,0,0,0,0,0,0.0,1,8,1,0,0.0,15.0,70.5,2,False,False
Combined,Set1,Draw3,4,11,1,1,0.0,5,0.0,False,False,False,False,False,False,False,3,3,3,3,0,0,0,0,578:1;5578:1,875:1;8755:1,2,5,0,0.0,0,0,0,0,0,0,0.0,0,6,1,0,0.0,14.0,67.0,2,False,False
Combined,Set1,Draw3,4,3,1,1,0.0,2,0.0,False,False,False,False,False,False,False,3,4,3,4,0,0,0,0,557:1,755:1,2,2,0,0.0,0,0,0,0,0,0,0.0,1,7,0,0,0.0,12.0,36.5,1,False,False
Combined,Set1,Draw3,4,12,1,1,0.0,2,0.0,False,False,False,False,False,False,False,1,4,1,4,0,0,0,0,5579:1,7559:1,2,2,0,0.0,0,0,0,0,0,0,0.0,0,3,4,0,0.0,11.0,39.0,3,False,False
Combined,Set1,Draw3,4,35,1,1,0.0,3,0.0,False,False,False,False,False,False,False,1,4,1,4,0,0,0,0,449:1,944:1,2,3,0,0.0,0,0,0,0,0,0,0.0,1,3,0,0,0.0,9.0,44.0,1,False,False
Combined,Set1,Draw3,4,29,1,1,0.0,1,0.0,False,False,False,False,False,False,False,1,3,1,3,0,0,0,0,378:1,387:1,2,1,0,0.0,0,0,0,0,0,0,0.0,0,2,4,0,0.0,9.0,44.0,3,False,False
Combined,Set1,Draw3,5,15,4,1,0.0,3,0.0,True,True,False,False,False,False,True,3,5,3,5,7,0,0,0,599:1;445:1;4455:1,599:3;445:1;4455:1,8,3,0,0.0,0,0,2,4,0,0,0.5,1,8,1,0,0.0,27.5,75.0,2,False,False
Combined,Set1,Draw3,5,23,4,3,0.0,1,0.0,True,False,False,False,False,False,True,2,7,2,7,3,0,0,0,3688:1;688:1;368:1,688:2;3886:1;836:1,8,1,2,0.0,0,0,2,0,0,0,0.5,1,8,4,0,0.0,26.5,74.5,3,False,False
Combined,Set1,Draw3,5,5,4,1,0.0,2,0.0,True,True,False,False,False,False,False,3,4,3,4,0,0,0,0,559:1;5599:1;455:1,559:3;5599:3;455:1,8,2,0,0.0,0,0,2,4,0,0,0.0,1,7,1,0,0.0,25.0,47.0,2,False,False
Combined,Set1,Draw3,5,34,4,2,0.0,2,0.0,True,False,False,False,False,False,True,2,5,2,5,10,0,0,0,344:1;3449:1;3448899:1,344:2;9443:1;9944388:1,8,2,1,0.0,0,0,2,0,0,0,0.5,1,6,1,0,0.0,21.5,54.0,2,False,False
Combined,Set1,Draw3,5,33,3,2,0.0,2,0.0,False,False,False,False,False,False,True,2,5,2,5,9,0,0,0,3448:1;348:1;34488:1,4438:1;438:1;44388:1,6,2,1,0.0,0,0,0,0,0,0,0.5,1,6,4,0,0.0,20.5,71.0,3,False,False
Combined,Set1,Draw3,5,24,3,3,0.0,1,0.0,False,False,False,False,False,False,True,2,5,2,5,16,0,0,0,344688:1;34688:1;34468899:1,443886:1;43886:1;99443886:1,6,1,2,0.0,0,0,0,0,0,0,0.5,0,6,4,0,0.0,19.5,54.0,3,False,False
Combined,Set1,Draw3,5,31,2,1,0.0,3,0.0,False,False,False,False,False,False,False,3,5,3,5,0,0,0,0,447:1;799:1,447:1;799:1,4,3,0,0.0,0,0,0,0,0,0,0.0,1,8,1,0,0.0,17.0,70.5,2,False,False
Combined,Set1,Draw3,5,21,2,2,0.0,1,0.0,False,False,False,False,False,False,False,2,6,2,6,0,0,0,0,36788:1;678:1;6788:1,38867:1;867:1;8867:1,4,1,1,0.0,0,0,0,0,0,0,0.0,0,7,4,0,0.0,17.0,42.0,3,False,False
Combined,Set1,Draw3,5,32,3,2,0.0,1,0.0,True,False,False,False,False,False,True,2,3,2,3,1,0,0,0,388:1,883:2,6,1,1,0.0,0,0,2,0,0,0,0.5,1,4,1,0,0.0,16.5,55.5,2,False,False
Combined,Set1,Draw3,5,11,1,1,0.0,5,0.0,False,False,False,False,False,False,False,3,3,3,3,0,0,0,0,578:1;55788:1;5578:1,875:1;88755:1;8755:1,2,5,0,0.0,0,0,0,0,0,0,0.0,0,6,1,0,0.0,14.0,67.0,2,False,False
Combined,Set1,Draw3,5,30,2,1,0.0,2,0.0,False,False,False,False,False,False,False,2,5,2,5,0,0,0,0,34478:1;344788:1;3447:1,83447:1;883447:1;3447:1,4,2,0,0.0,0,0,0,0,0,0,0.0,0,6,1,0,0.0,13.0,38.5,2,False,False
Combined,Set1,Draw3,5,3,1,1,0.0,2,0.0,False,False,False,False,False,False,False,3,4,3,4,0,0,0,0,557:1,755:1,2,2,0,0.0,0,0,0,0,0,0,0.0,1,7,0,0,0.0,12.0,36.5,1,False,False
Combined,Set1,Draw3,5,29,1,1,0.0,1,0.0,False,False,False,False,False,False,False,3,3,3,3,0,0,0,0,788:1,887:1,2,1,0,0.0,0,0,0,0,0,0,0.0,1,6,1,0,0.0,11.0,44.0,2,False,False
Combined,Set1,Draw3,5,12,1,1,0.0,2,0.0,False,False,False,False,False,False,False,1,4,1,4,0,0,0,0,5579:1;55799:1,7559:1;75599:1,2,2,0,0.0,0,0,0,0,0,0,0.0,0,3,4,0,0.0,11.0,39.0,3,False,False
Combined,Set1,Draw3,5,14,2,2,0.0,1,0.0,False,False,False,False,False,False,False,1,1,1,1,0,0,0,0,3445599:1;34455899:1;34458899:1,5599443:1;55994438:1;59944388:1,4,1,1,0.0,0,0,0,0,0,0,0.0,0,0,4,0,0.0,10.0,45.0,3,False,False
Combined,Set1,Draw3,5,9,2,1,0.0,1,0.0,False,False,False,False,False,False,True,1,4,1,4,4,0,0,0,44556:1;4456:1;55699:1,64455:1;6445:1;55996:1,4,1,0,0.0,0,0,0,0,0,0,0.5,0,3,1,0,0.0,9.5,43.0,2,False,False
Combined,Set1,Draw3,5,25,2,1,0.0,1,0.0,False,False,False,False,False,False,True,1,4,1,4,2,0,0,0,446:1;699:1,644:1;996:1,4,1,0,0.0,0,0,0,0,0,0,0.5,1,3,0,0,0.0,9.5,33.0,1,False,False
Combined,Set1,Draw3,5,35,1,1,0.0,3,0.0,False,False,False,False,False,False,False,1,4,1,4,0,0,0,0,449:1;499:1;4499:1,944:1;994:1;9944:1,2,3,0,0.0,0,0,0,0,0,0,0.0,1,3,0,0,0.0,9.0,44.0,1,False,False
Combined,Set1,Draw4,1,21,3,3,0.0,4,1.0,False,False,False,True,False,False,False,2,6,2,6,0,0,3,0,1678:1;678:1;178:1,1867:1;867:1;871:1,6,4,2,0.0,0,1,0,0,0,0,0.0,0,7,1,0,0.0,21.0,42.0,2,False,False
Combined,Set1,Draw4,1,24,3,2,0.0,4,1.0,False,False,False,False,False,False,True,1,5,1,5,3,0,3,0,689:1;189:1;1689:1,968:1;918:1;9186:1,6,4,1,0.0,0,1,0,0,0,0,0.5,0,4,0,0,0.0,16.5,54.0,1,False,False
Combined,Set1,Draw4,1,18,2,2,0.0,4,1.0,False,False,False,False,False,False,True,1,3,1,3,1,0,1,0,168:1,186:1,4,4,1,0.0,0,1,0,0,0,0,0.5,0,2,1,0,0.0,13.5,93.0,2,False,False
Combined,Set1,Draw4,1,9,2,1,0.0,4,1.0,False,False,False,False,False,True,True,1,2,1,2,2,0,2,0,569:1;159:1,596:1;591:1,4,4,0,0.0,0,1,0,0,0,1,0.5,0,1,0,0,0.0,11.5,43.0,1,False,False
Combined,Set1,Draw4,1,12,1,1,0.0,3,1.0,False,False,False,False,False,True,False,1,3,1,3,0,0,1,0,579:1,759:1,2,3,0,0.0,0,1,0,0,0,1,0.0,0,2,1,0,0.0,10.0,39.0,2,False,False
Combined,Set1,Draw4,1,7,1,1,0.0,4,1.0,False,False,False,False,False,True,True,1,1,1,1,1,0,1,0,157:1,175:1,2,4,0,0.0,0,1,0,0,0,1,0.5,0,0,1,0,0.0,9.5,34.5,2,False,False
Combined,Set1,Draw4,1,8,1,1,0.0,2,1.0,False,False,False,False,False,True,True,2,1,2,1,1,0,1,0,568:1,865:1,2,2,0,0.0,0,1,0,0,0,1,0.5,0,2,1,0,0.0,9.5,72.5,2,False,False
Combined,Set1,Draw4,1,22,1,1,0.0,3,1.0,False,False,False,False,False,True,False,1,2,1,2,0,0,1,0,179:1,719:1,2,3,0,0.0,0,1,0,0,0,1,0.0,0,1,0,0,0.0,8.0,29.0,1,False,False
Combined,Set1,Draw4,2,21,3,3,0.0,4,1.0,False,False,False,False,False,False,False,2,6,2,6,0,0,3,0,678:1;1678:1;178:1,867:1;1867:1;871:1,6,4,2,0.0,0,1,0,0,0,0,0.0,0,7,1,0,0.0,21.0,42.0,2,False,False
Combined,Set1,Draw4,2,24,3,2,0.0,4,1.0,False,False,False,False,False,False,True,1,5,1,5,3,0,3,0,689:1;189:1;1689:1,968:1;918:1;9186:1,6,4,1,0.0,0,1,0,0,0,0,0.5,0,4,1,0,0.0,17.5,54.0,2,False,False
Combined,Set1,Draw4,2,18,2,2,0.0,4,1.0,False,False,False,False,False,False,True,1,3,1,3,1,0,1,0,168:1,186:1,4,4,1,0.0,0,1,0,0,0,0,0.5,0,2,1,0,0.0,13.5,93.0,2,False,False
Combined,Set1,Draw4,2,9,2,1,0.0,4,1.0,False,False,False,False,False,True,True,1,2,1,2,2,0,2,0,569:1;159:1,596:1;591:1,4,4,0,0.0,0,1,0,0,0,1,0.5,0,1,1,0,0.0,12.5,43.0,2,False,False
Combined,Set1,Draw4,2,12,1,1,0.0,3,1.0,False,False,False,False,False,True,False,1,3,1,3,0,0,1,0,579:1,759:1,2,3,0,0.0,0,1,0,0,0,1,0.0,0,2,1,0,0.0,10.0,39.0,2,False,False
Combined,Set1,Draw4,2,7,1,1,0.0,4,1.0,False,False,False,False,False,True,True,1,1,1,1,1,0,1,0,157:1,175:1,2,4,0,0.0,0,1,0,0,0,1,0.5,0,0,1,0,0.0,9.5,34.5,2,False,False
Combined,Set1,Draw4,2,22,1,1,0.0,3,1.0,False,False,False,False,False,True,False,1,2,1,2,0,0,1,0,179:1,719:1,2,3,0,0.0,0,1,0,0,0,1,0.0,0,1,1,0,0.0,9.0,29.0,2,False,False
Combined,Set1,Draw4,2,8,1,1,0.0,2,1.0,False,False,False,False,False,True,True,2,1,2,1,1,0,1,0,568:1,865:1,2,2,0,0.0,0,1,0,0,0,1,0.5,0,2,0,0,0.0,8.5,72.5,1,False,False
Combined,Set1,Draw4,3,15,3,1,0.0,2,0.0,True,False,False,False,False,True,True,3,5,3,5,3,0,0,0,4459:1;445:1;459:1,5944:2;594:2;445:1,6,2,0,0.0,0,0,2,0,0,1,0.5,1,8,1,0,0.0,21.5,75.0,2,False,False
Combined,Set1,Draw4,3,21,2,2,0.0,4,0.0,False,False,False,False,False,True,False,2,6,2,6,0,0,0,0,678:1;1678:1;178:1,867:1;1867:1;817:1,4,4,1,0.0,0,0,0,0,0,1,0.0,0,7,1,0,0.0,18.0,42.0,2,False,False
Combined,Set1,Draw4,3,24,3,2,0.0,4,0.0,False,False,False,False,False,True,True,1,5,1,5,14,0,0,0,689:1;189:1;1689:1,968:1;198:1;1986:1,6,4,1,0.0,0,0,0,0,0,1,0.5,0,4,1,0,0.0,17.5,54.0,2,False,False
Combined,Set1,Draw4,3,9,3,1,0.0,4,0.0,False,False,False,False,False,True,True,1,4,1,4,3,0,0,0,4456:1;14459:1;569:1,6445:1;59441:1;596:1,6,4,0,0.0,0,0,0,0,0,1,0.5,0,3,1,0,0.0,15.5,43.0,2,False,False
Combined,Set1,Draw4,3,31,1,1,0.0,2,0.0,False,False,False,False,False,True,False,3,5,3,5,0,0,0,0,447:1,447:1,2,2,0,0.0,0,0,0,0,0,1,0.0,1,8,1,0,0.0,15.0,70.5,2,False,False
Combined,Set1,Draw4,3,30,1,1,0.0,1,0.0,False,False,False,False,False,True,False,3,4,3,4,0,0,0,0,4478:1,8447:1,2,1,0,0.0,0,0,0,0,0,1,0.0,0,7,4,0,0.0,15.0,38.5,3,False,False
Combined,Set1,Draw4,3,34,1,1,0.0,1,0.0,False,False,False,False,False,True,True,3,4,3,4,1,0,0,0,448:1,844:1,2,1,0,0.0,0,0,0,0,0,1,0.5,1,7,1,0,0.0,13.5,54.0,2,False,False
Combined,Set1,Draw4,3,35,2,1,0.0,2,0.0,True,False,False,False,False,True,False,1,4,1,4,0,0,0,0,449:1,944:2,4,2,0,0.0,0,0,2,0,0,1,0.0,1,3,0,0,0.0,13.0,44.0,1,False,False
Combined,Set1,Draw4,3,18,2,2,0.0,4,0.0,False,False,False,False,False,False,True,1,3,1,3,1,0,0,0,168:1,186:1,4,4,1,0.0,0,0,0,0,0,0,0.5,0,2,1,0,0.0,12.5,93.0,2,False,False
Combined,Set1,Draw4,3,25,2,1,0.0,2,0.0,False,False,False,False,False,True,True,1,4,1,4,3,0,0,0,446:1;1449:1;144:1,644:1;9441:1;441:1,4,2,0,0.0,0,0,0,0,0,1,0.5,1,3,0,0,0.0,11.5,33.0,1,False,False
Combined,Set1,Draw4,3,22,2,1,0.0,3,0.0,False,False,False,False,False,True,False,1,2,1,2,0,0,0,0,179:1;1447:1;147:1,719:1;4471:1;471:1,4,3,0,0.0,0,0,0,0,0,1,0.0,0,1,1,0,0.0,10.0,29.0,2,False,False
Combined,Set1,Draw4,3,12,1,1,0.0,3,0.0,False,False,False,False,False,True,False,1,3,1,3,0,0,0,0,579:1;44579:1;4579:1,759:1;75944:1;7594:1,2,3,0,0.0,0,0,0,0,0,1,0.0,0,2,1,0,0.0,9.0,39.0,2,False,False
Combined,Set1,Draw4,3,7,1,1,0.0,4,0.0,False,False,False,False,False,True,True,1,1,1,1,1,0,0,0,157:1,175:1,2,4,0,0.0,0,0,0,0,0,1,0.5,0,0,1,0,0.0,8.5,34.5,2,False,False
Combined,Set1,Draw4,4,5,4,1,0.0,1,0.0,True,True,False,False,False,False,False,3,4,3,4,0,0,0,0,559:1;455:1,559:3;455:1,8,1,0,0.0,0,0,2,4,0,0,0.0,1,7,4,0,0.0,27.0,47.0,3,False,False
Combined,Set1,Draw4,4,23,3,3,0.0,1,0.0,False,False,False,False,False,False,True,2,7,2,7,2,0,0,0,368:1;138:1,386:1;138:1,6,1,2,0.0,0,0,0,0,0,0,0.5,0,8,1,0,0.0,18.5,74.5,2,False,False
Combined,Set1,Draw4,4,15,2,1,0.0,2,0.0,False,False,False,False,False,False,True,3,5,3,5,6,0,0,0,445:1;4455:1;44559:1,445:1;4455:1;55944:1,4,2,0,0.0,0,0,0,0,0,0,0.5,1,8,1,0,0.0,16.5,75.0,2,False,False
Combined,Set1,Draw4,4,24,3,2,0.0,4,0.0,False,False,False,False,False,False,True,1,5,1,5,26,0,0,0,11344689:1;689:1;34468:1,94411386:1;968:1;68344:1,6,4,1,0.0,0,0,0,0,0,0,0.5,0,4,1,0,0.0,16.5,54.0,2,False,False
Combined,Set1,Draw4,4,21,2,1,0.0,4,0.0,False,False,False,False,False,False,False,2,6,2,6,0,0,0,0,678:1;13678:1;113678:1,867:1;13867:1;113867:1,4,4,0,0.0,0,0,0,0,0,0,0.0,0,7,1,0,0.0,16.0,42.0,2,False,False
Combined,Set1,Draw4,4,34,2,1,0.0,1,0.0,True,False,False,False,False,False,True,2,5,2,5,3,0,0,0,344:1;3449:1;349:1,344:2;9344:1;934:1,4,1,0,0.0,0,0,2,0,0,0,0.5,1,6,1,0,0.0,15.5,54.0,2,False,False
Combined,Set1,Draw4,4,33,2,1,0.0,1,0.0,False,False,False,False,False,False,True,2,5,2,5,3,0,0,0,3448:1;348:1;389:1,8344:1;834:1;983:1,4,1,0,0.0,0,0,0,0,0,0,0.5,0,6,4,0,0.0,15.5,71.0,3,False,False
Combined,Set1,Draw4,4,3,1,1,0.0,1,0.0,False,False,False,False,False,False,False,3,4,3,4,0,0,0,0,557:1,755:1,2,1,0,0.0,0,0,0,0,0,0,0.0,1,7,4,0,0.0,15.0,36.5,3,False,False
Combined,Set1,Draw4,4,31,1,1,0.0,2,0.0,False,False,False,False,False,False,False,3,5,3,5,0,0,0,0,447:1,447:1,2,2,0,0.0,0,0,0,0,0,0,0.0,1,8,1,0,0.0,14.0,70.5,2,False,False
Combined,Set1,Draw4,4,9,3,1,0.0,4,0.0,False,False,False,False,False,False,True,1,4,1,4,8,0,0,0,1144559:1;4456:1;44556:1,5594411:1;6445:1;64455:1,6,4,0,0.0,0,0,0,0,0,0,0.5,0,3,0,0,0.0,13.5,43.0,1,False,False
Combined,Set1,Draw4,4,30,1,1,0.0,1,0.0,False,False,False,False,False,False,False,2,5,2,5,0,0,0,0,34478:1;3447:1,83447:1;3447:1,2,1,0,0.0,0,0,0,0,0,0,0.0,0,6,4,0,0.0,13.0,38.5,3,False,False
Combined,Set1,Draw4,4,18,2,1,0.0,4,0.0,False,False,False,False,False,False,True,1,3,1,3,7,0,0,0,168:1;1368:1;11368:1,681:1;1386:1;11386:1,4,4,0,0.0,0,0,0,0,0,0,0.5,1,2,1,0,0.0,12.5,93.0,2,False,False
Combined,Set1,Draw4,4,17,3,2,0.0,1,0.0,True,False,False,False,False,False,False,1,1,1,1,0,0,0,0,117:1,711:2,6,1,1,0.0,0,0,2,0,0,0,0.0,1,0,1,0,0.0,12.0,48.5,2,False,False
Combined,Set1,Draw4,4,14,1,1,0.0,1,0.0,False,False,False,False,False,False,False,1,6,1,6,0,0,0,0,344559:1;34559:1;359:1,559344:1;55934:1;593:1,2,1,0,0.0,0,0,0,0,0,0,0.0,0,5,4,0,0.0,12.0,45.0,3,False,False
Combined,Set1,Draw4,4,25,2,1,0.0,2,0.0,False,False,False,False,False,False,True,1,4,1,4,4,0,0,0,446:1;1449:1;11449:1,644:1;9441:1;94411:1,4,2,0,0.0,0,0,0,0,0,0,0.5,1,3,0,0,0.0,10.5,33.0,1,False,False
Combined,Set1,Draw4,4,12,1,1,0.0,1,0.0,False,False,False,False,False,False,False,1,4,1,4,0,0,0,0,5579:1,7559:1,2,1,0,0.0,0,0,0,0,0,0,0.0,0,3,4,0,0.0,10.0,39.0,3,False,False
Combined,Set1,Draw4,4,35,1,1,0.0,2,0.0,False,False,False,False,False,False,False,1,4,1,4,0,0,0,0,449:1,944:1,2,2,0,0.0,0,0,0,0,0,0,0.0,1,3,0,0,0.0,8.0,44.0,1,False,False
Combined,Set1,Draw4,4,7,1,1,0.0,4,0.0,False,False,False,False,False,False,True,1,1,1,1,4,0,0,0,157:1;11557:1;1157:1,175:1;11755:1;1175:1,2,4,0,0.0,0,0,0,0,0,0,0.5,0,0,1,0,0.0,7.5,34.5,2,False,False
Combined,Set1,Draw4,4,22,2,1,0.0,2,0.0,False,False,False,False,False,False,False,1,1,1,1,0,0,0,0,1447:1;11447:1;147:1,4471:1;44711:1;471:1,4,2,0,0.0,0,0,0,0,0,0,0.0,0,0,1,0,0.0,7.0,29.0,2,False,False
Combined,Set1,Draw4,4,19,2,1,0.0,1,0.0,False,False,False,False,False,False,False,1,1,1,1,0,0,0,0,1144:1;114:1;119:1,4411:1;411:1;119:1,4,1,0,0.0,0,0,0,0,0,0,0.0,1,0,1,0,0.0,7.0,79.5,2,False,False
Combined,Set1,Draw5,1,23,3,3,0.0,3,1.0,False,False,False,True,False,True,True,2,7,2,7,2,0,2,0,368:1;138:1,386:1;138:1,6,3,2,0.0,0,1,0,0,0,1,0.5,0,8,4,0,0.0,25.5,74.5,3,False,False
Combined,Set1,Draw5,1,21,3,2,0.0,3,1.0,False,False,False,False,False,True,False,2,6,2,6,0,0,12,0,678:1;13678:1;136778:1,867:1;13867:1;138677:1,6,3,1,0.0,0,1,0,0,0,1,0.0,0,7,4,0,0.0,23.0,42.0,3,False,False
Combined,Set1,Draw5,1,20,4,2,0.0,3,1.0,True,False,False,True,False,True,True,2,3,2,3,2,0,2,0,177:1;677:1,771:2;677:1,8,3,1,0.0,0,1,2,0,0,1,0.5,1,4,1,0,0.0,22.5,38.5,2,False,False
Combined,Set1,Draw5,1,24,3,2,0.0,3,1.0,False,False,False,False,False,True,True,1,5,1,5,6,0,6,0,13689:1;689:1;1389:1,91386:1;968:1;9138:1,6,3,1,0.0,0,1,0,0,0,1,0.5,0,4,1,0,0.0,17.5,54.0,2,False,False
Combined,Set1,Draw5,1,14,1,1,0.0,3,1.0,False,False,False,False,False,True,False,1,6,1,6,0,0,1,0,359:1,593:1,2,3,0,0.0,0,1,0,0,0,1,0.0,0,5,1,0,0.0,13.0,45.0,2,False,False
Combined,Set1,Draw5,1,18,2,1,0.0,3,1.0,False,False,False,False,False,True,True,1,3,1,3,2,0,2,0,1368:1;168:1,1386:1;681:1,4,3,0,0.0,0,1,0,0,0,1,0.5,0,2,1,0,0.0,12.5,93.0,2,False,False
Combined,Set1,Draw5,1,29,1,1,0.0,2,1.0,False,False,False,False,False,True,False,1,3,1,3,0,0,2,0,3778:1;378:1,8377:1;837:1,2,2,0,0.0,0,1,0,0,0,1,0.0,0,2,4,0,0.0,12.0,44.0,3,False,False
Combined,Set1,Draw5,1,33,1,1,0.0,3,1.0,False,False,False,False,False,True,True,1,4,1,4,1,0,1,0,389:1,983:1,2,3,0,0.0,0,1,0,0,0,1,0.5,0,3,1,0,0.0,11.5,71.0,2,False,False
Combined,Set1,Draw5,1,10,1,1,0.0,3,1.0,False,False,False,False,False,True,True,2,1,2,1,1,0,1,0,577:1,775:1,2,3,0,0.0,0,1,0,0,0,1,0.5,1,2,1,0,0.0,11.5,32.5,2,False,False
Combined,Set1,Draw5,1,9,2,1,0.0,3,1.0,False,False,False,False,False,True,True,1,2,1,2,2,0,2,0,569:1;159:1,596:1;591:1,4,3,0,0.0,0,1,0,0,0,1,0.5,0,1,1,0,0.0,11.5,43.0,2,False,False
Combined,Set1,Draw5,1,27,1,1,0.0,2,1.0,False,False,False,False,False,True,False,1,3,1,3,0,0,1,0,377:1,377:1,2,2,0,0.0,0,1,0,0,0,1,0.0,1,2,1,0,0.0,10.0,30.5,2,False,False
Combined,Set1,Draw5,1,12,1,1,0.0,3,1.0,False,False,False,False,False,True,False,1,3,1,3,0,0,2,0,579:1;5779:1,759:1;7759:1,2,3,0,0.0,0,1,0,0,0,1,0.0,0,2,1,0,0.0,10.0,39.0,2,False,False
Combined,Set1,Draw5,1,8,1,1,0.0,2,1.0,False,False,False,False,False,True,True,1,2,1,2,2,0,2,0,3568:1;356:1,8365:1;365:1,2,2,0,0.0,0,1,0,0,0,1,0.5,0,1,1,0,0.0,8.5,72.5,2,False,False
Combined,Set1,Draw5,1,7,1,1,0.0,3,1.0,False,False,False,False,False,True,True,1,1,1,1,1,0,1,0,1577:1,1775:1,2,3,0,0.0,0,1,0,0,0,1,0.5,0,0,1,0,0.0,8.5,34.5,2,False,False
Combined,Set1,Draw5,1,22,1,1,0.0,3,1.0,False,False,False,False,False,True,False,1,2,1,2,0,0,2,0,1779:1;179:1,7719:1;719:1,2,3,0,0.0,0,1,0,0,0,1,0.0,0,1,0,0,0.0,8.0,29.0,1,False,False
Combined,Set1,Draw5,2,23,3,3,0.0,3,1.0,False,False,False,False,False,True,True,2,7,2,7,2,0,2,0,368:1;138:1,386:1;138:1,6,3,2,0.0,0,1,0,0,0,1,0.5,0,8,4,0,0.0,25.5,74.5,3,False,False
Combined,Set1,Draw5,2,21,3,2,0.0,3,1.0,False,False,False,False,False,True,False,2,6,2,6,0,0,12,0,678:1;13678:1;136778:1,867:1;13867:1;138677:1,6,3,1,0.0,0,1,0,0,0,1,0.0,0,7,4,0,0.0,23.0,42.0,3,False,False
Combined,Set1,Draw5,2,20,4,2,0.0,3,1.0,True,False,False,False,False,True,True,2,3,2,3,2,0,2,0,177:1;677:1,771:2;677:1,8,3,1,0.0,0,1,2,0,0,1,0.5,1,4,1,0,0.0,22.5,38.5,2,False,False
Combined,Set1,Draw5,2,24,3,2,0.0,3,1.0,False,False,False,False,False,True,True,1,5,1,5,6,0,6,0,13689:1;689:1;1389:1,91386:1;968:1;9138:1,6,3,1,0.0,0,1,0,0,0,1,0.5,0,4,4,0,0.0,20.5,54.0,3,False,False
Combined,Set1,Draw5,2,33,1,1,0.0,3,1.0,False,False,False,False,False,True,True,1,4,1,4,1,0,1,0,389:1,983:1,2,3,0,0.0,0,1,0,0,0,1,0.5,0,3,4,0,0.0,14.5,71.0,3,False,False
Combined,Set1,Draw5,2,9,2,1,0.0,3,1.0,False,False,False,False,False,True,True,1,2,1,2,2,0,2,0,569:1;159:1,596:1;591:1,4,3,0,0.0,0,1,0,0,0,1,0.5,0,1,4,0,0.0,14.5,43.0,3,False,False
Combined,Set1,Draw5,2,14,1,1,0.0,3,1.0,False,False,False,False,False,True,False,1,6,1,6,0,0,1,0,359:1,593:1,2,3,0,0.0,0,1,0,0,0,1,0.0,0,5,1,0,0.0,13.0,45.0,2,False,False
Combined,Set1,Draw5,2,18,2,1,0.0,3,1.0,False,False,False,False,False,True,True,1,3,1,3,2,0,2,0,1368:1;168:1,1386:1;681:1,4,3,0,0.0,0,1,0,0,0,1,0.5,0,2,1,0,0.0,12.5,93.0,2,False,False
Combined,Set1,Draw5,2,29,1,1,0.0,2,1.0,False,False,False,False,False,True,False,1,3,1,3,0,0,2,0,3778:1;378:1,8377:1;837:1,2,2,0,0.0,0,1,0,0,0,1,0.0,0,2,4,0,0.0,12.0,44.0,3,False,False
Combined,Set1,Draw5,2,22,1,1,0.0,3,1.0,False,False,False,False,False,True,False,1,2,1,2,0,0,2,0,1779:1;179:1,7719:1;719:1,2,3,0,0.0,0,1,0,0,0,1,0.0,0,1,4,0,0.0,12.0,29.0,3,False,False
Combined,Set1,Draw5,2,10,1,1,0.0,3,1.0,False,False,False,False,False,True,True,2,1,2,1,1,0,1,0,577:1,775:1,2,3,0,0.0,0,1,0,0,0,1,0.5,1,2,1,0,0.0,11.5,32.5,2,False,False
Combined,Set1,Draw5,2,27,1,1,0.0,2,1.0,False,False,False,False,False,True,False,1,3,1,3,0,0,1,0,377:1,377:1,2,2,0,0.0,0,1,0,0,0,1,0.0,1,2,1,0,0.0,10.0,30.5,2,False,False
Combined,Set1,Draw5,2,12,1,1,0.0,3,1.0,False,False,False,False,False,True,False,1,3,1,3,0,0,2,0,579:1;5779:1,759:1;7759:1,2,3,0,0.0,0,1,0,0,0,1,0.0,0,2,1,0,0.0,10.0,39.0,2,False,False
Combined,Set1,Draw5,2,7,1,1,0.0,3,1.0,False,False,False,False,False,True,True,1,1,1,1,1,0,1,0,1577:1,1775:1,2,3,0,0.0,0,1,0,0,0,1,0.5,0,0,1,0,0.0,8.5,34.5,2,False,False
Combined,Set1,Draw5,2,8,1,1,0.0,2,1.0,False,False,False,False,False,True,True,1,2,1,2,2,0,2,0,3568:1;356:1,8365:1;365:1,2,2,0,0.0,0,1,0,0,0,1,0.5,0,1,0,0,0.0,7.5,72.5,1,False,False
Combined,Set1,Draw5,3,31,4,1,0.0,1,0.0,True,True,False,False,False,True,False,3,5,3,5,0,0,0,0,244:1;447:1;4477:1,244:3;447:1;4477:1,8,1,0,0.0,0,0,2,4,0,1,0.0,1,8,4,0,0.0,29.0,70.5,3,False,False
Combined,Set1,Draw5,3,23,3,3,0.0,3,0.0,False,False,False,False,False,True,True,2,7,2,7,2,0,0,0,368:1;138:1,386:1;138:1,6,3,2,0.0,0,0,0,0,0,1,0.5,0,8,4,0,0.0,24.5,74.5,3,False,False
Combined,Set1,Draw5,3,20,4,2,0.0,3,0.0,True,False,False,False,False,True,True,2,3,2,3,2,0,0,0,177:1;677:1,771:2;677:1,8,3,1,0.0,0,0,2,0,0,1,0.5,1,4,1,0,0.0,21.5,38.5,2,False,False
Combined,Set1,Draw5,3,21,3,1,0.0,3,0.0,False,False,False,False,False,True,False,2,6,2,6,0,0,0,0,678:1;13678:1;136778:1,867:1;13867:1;138677:1,6,3,0,0.0,0,0,0,0,0,1,0.0,0,7,4,0,0.0,21.0,42.0,3,False,False
Combined,Set1,Draw5,3,12,4,2,0.0,3,0.0,False,False,False,False,False,True,False,3,3,3,3,0,0,0,0,2445:1;579:1;24459:1,2445:1;759:1;59244:1,8,3,1,0.0,0,0,0,0,0,1,0.0,0,6,1,0,0.0,20.0,39.0,2,False,False
Combined,Set1,Draw5,3,24,3,2,0.0,3,0.0,False,False,False,False,False,True,True,1,5,1,5,15,0,0,0,13689:1;689:1;34468:1,19836:1;968:1;68344:1,6,3,1,0.0,0,0,0,0,0,1,0.5,0,4,4,0,0.0,19.5,54.0,3,False,False
Combined,Set1,Draw5,3,33,2,1,0.0,3,0.0,False,False,False,False,False,True,True,2,5,2,5,3,0,0,0,3448:1;348:1;389:1,8344:1;834:1;983:1,4,3,0,0.0,0,0,0,0,0,1,0.5,0,6,4,0,0.0,18.5,71.0,3,False,False
Combined,Set1,Draw5,3,15,1,1,0.0,1,0.0,False,False,False,False,False,True,True,3,5,3,5,1,0,0,0,445:1,445:1,2,1,0,0.0,0,0,0,0,0,1,0.5,1,8,4,0,0.0,17.5,75.0,3,False,False
Combined,Set1,Draw5,3,22,3,1,0.0,3,0.0,False,False,False,False,False,True,False,2,2,2,2,0,0,0,0,12449:1;1779:1;179:1,92441:1;7719:1;719:1,6,3,0,0.0,0,0,0,0,0,1,0.0,0,3,4,0,0.0,17.0,29.0,3,False,False
Combined,Set1,Draw5,3,30,2,1,0.0,1,0.0,False,False,False,False,False,True,False,2,5,2,5,0,0,0,0,34478:1;3447:1;344778:1,83447:1;3447:1;834477:1,4,1,0,0.0,0,0,0,0,0,1,0.0,0,6,4,0,0.0,16.0,38.5,3,False,False
Combined,Set1,Draw5,3,34,1,1,0.0,1,0.0,False,False,False,False,False,True,True,2,5,2,5,1,0,0,0,344:1,344:1,2,1,0,0.0,0,0,0,0,0,1,0.5,1,6,4,0,0.0,15.5,54.0,3,False,False
Combined,Set1,Draw5,3,14,1,1,0.0,3,0.0,False,False,False,False,False,True,False,1,6,1,6,0,0,0,0,359:1,593:1,2,3,0,0.0,0,0,0,0,0,1,0.0,0,5,4,0,0.0,15.0,45.0,3,False,False
Combined,Set1,Draw5,3,18,2,1,0.0,3,0.0,False,False,False,False,False,True,True,1,3,1,3,2,0,0,0,1368:1;168:1,1386:1;681:1,4,3,0,0.0,0,0,0,0,0,1,0.5,0,2,1,0,0.0,11.5,93.0,2,False,False
Combined,Set1,Draw5,3,9,1,1,0.0,3,0.0,False,False,False,False,False,True,True,1,2,1,2,1,0,0,0,569:1,596:1,2,3,0,0.0,0,0,0,0,0,1,0.5,0,1,4,0,0.0,11.5,43.0,3,False,False
Combined,Set1,Draw5,3,10,1,1,0.0,3,0.0,False,False,False,False,False,True,True,2,1,2,1,1,0,0,0,577:1,775:1,2,3,0,0.0,0,0,0,0,0,1,0.5,1,2,1,0,0.0,10.5,32.5,2,False,False
Combined,Set1,Draw5,3,25,1,1,0.0,1,0.0,False,False,False,False,False,True,True,1,2,1,2,1,0,0,0,144:1,441:1,2,1,0,0.0,0,0,0,0,0,1,0.5,1,1,4,0,0.0,10.5,33.0,3,False,False
Combined,Set1,Draw5,3,28,1,1,0.0,1,0.0,False,False,False,False,False,True,False,2,1,2,1,0,0,0,0,477:1,477:1,2,1,0,0.0,0,0,0,0,0,1,0.0,1,2,1,0,0.0,8.0,33.0,2,False,False
Combined,Set1,Draw5,3,7,1,1,0.0,3,0.0,False,False,False,False,False,True,True,1,1,1,1,1,0,0,0,1577:1,1775:1,2,3,0,0.0,0,0,0,0,0,1,0.5,0,0,1,0,0.0,7.5,34.5,2,False,False
Combined,Set1,Draw6,1,23,3,3,0.0,2,1.0,False,False,False,True,False,True,True,2,7,2,7,2,2,0,0,368:1;138:1,386:1;138:1,6,2,2,0.0,0,1,0,0,0,1,0.5,0,8,4,0,0.0,24.5,74.5,3,False,False
Combined,Set1,Draw6,1,21,3,2,0.0,2,1.0,False,False,False,False,False,True,False,2,6,2,6,0,12,0,0,678:1;13678:1;13778:1,867:1;13867:1;83771:1,6,2,1,0.0,0,1,0,0,0,1,0.0,0,7,4,0,0.0,22.0,42.0,3,False,False
Combined,Set1,Draw6,1,20,3,2,0.0,2,1.0,False,False,False,False,False,True,True,2,3,2,3,2,2,0,0,677:1;177:1,677:1;771:1,6,2,1,0.0,0,1,0,0,0,1,0.5,1,4,1,0,0.0,17.5,38.5,2,False,False
Combined,Set1,Draw6,1,5,3,2,0.0,2,1.0,True,False,False,False,False,False,False,2,2,2,2,0,1,0,0,059:1,590:2,6,2,1,0.0,0,1,2,0,0,0,0.0,0,3,0,0,0.0,15.0,47.0,1,False,False
Combined,Set1,Draw6,1,10,2,1,0.0,2,1.0,True,False,False,False,False,True,True,1,2,1,2,1,1,0,0,077:1,770:2,4,2,0,0.0,0,1,2,0,0,1,0.5,1,1,1,0,0.0,13.5,32.5,2,False,False
Combined,Set1,Draw6,1,9,3,2,0.0,2,1.0,False,False,False,False,False,True,True,1,2,1,2,4,4,0,0,0569:1;0159:1;019:1,5906:1;5901:1;901:1,6,2,1,0.0,0,1,0,0,0,1,0.5,0,1,1,0,0.0,13.5,43.0,2,False,False
Combined,Set1,Draw6,1,8,3,1,0.0,2,1.0,False,False,False,False,False,True,True,1,2,1,2,7,7,0,0,0138:1;01368:1;0368:1,0138:1;01386:1;0683:1,6,2,0,0.0,0,1,0,0,0,1,0.5,0,1,1,0,0.0,12.5,72.5,2,False,False
Combined,Set1,Draw6,1,14,1,1,0.0,2,1.0,False,False,False,False,False,True,False,1,6,1,6,0,2,0,0,359:1;0359:1,593:1;0593:1,2,2,0,0.0,0,1,0,0,0,1,0.0,0,5,1,0,0.0,12.0,45.0,2,False,False
Combined,Set1,Draw6,1,29,1,1,0.0,2,1.0,False,False,False,False,False,True,False,1,3,1,3,0,2,0,0,3778:1;378:1,8377:1;837:1,2,2,0,0.0,0,1,0,0,0,1,0.0,0,2,4,0,0.0,12.0,44.0,3,False,False
Combined,Set1,Draw6,1,18,2,1,0.0,2,1.0,False,False,False,False,False,True,True,1,3,1,3,2,2,0,0,1368:1;168:1,1386:1;681:1,4,2,0,0.0,0,1,0,0,0,1,0.5,0,2,1,0,0.0,11.5,93.0,2,False,False
Combined,Set1,Draw6,1,7,2,2,0.0,2,1.0,False,False,False,False,False,True,True,1,2,1,2,3,3,0,0,01577:1;0177:1;017:1,17705:1;1770:1;701:1,4,2,1,0.0,0,1,0,0,0,1,0.5,0,1,1,0,0.0,11.5,34.5,2,False,False
Combined,Set1,Draw6,1,33,1,1,0.0,2,1.0,False,False,False,False,False,True,True,1,4,1,4,1,1,0,0,389:1,983:1,2,2,0,0.0,0,1,0,0,0,1,0.5,0,3,1,0,0.0,10.5,71.0,2,False,False
Combined,Set1,Draw6,1,27,1,1,0.0,2,1.0,False,False,False,False,False,True,False,1,3,1,3,0,1,0,0,377:1,377:1,2,2,0,0.0,0,1,0,0,0,1,0.0,1,2,1,0,0.0,10.0,30.5,2,False,False
Combined,Set1,Draw6,1,24,1,1,0.0,2,1.0,False,False,False,False,False,True,True,1,3,1,3,4,4,0,0,13689:1;1389:1;3689:1,19836:1;1983:1;9836:1,2,2,0,0.0,0,1,0,0,0,1,0.5,0,2,1,0,0.0,9.5,54.0,2,False,False
Combined,Set1,Draw6,1,3,1,1,0.0,1,1.0,False,False,False,False,False,True,False,2,2,2,2,0,2,0,0,057:1;0577:1,705:1;7705:1,2,1,0,0.0,0,1,0,0,0,1,0.0,0,3,1,0,0.0,9.0,36.5,2,False,False
Combined,Set1,Draw6,1,12,1,1,0.0,1,1.0,False,False,False,False,False,True,False,1,2,1,2,0,2,0,0,05779:1;0579:1,77059:1;7059:1,2,1,0,0.0,0,1,0,0,0,1,0.0,0,1,1,0,0.0,7.0,39.0,2,False,False
Combined,Set1,Draw6,2,23,3,3,0.0,2,0.0,False,False,False,False,False,True,True,2,7,2,7,2,0,0,0,368:1;138:1,386:1;138:1,6,2,2,0.0,0,0,0,0,0,1,0.5,0,8,4,0,0.0,23.5,74.5,3,False,False
Combined,Set1,Draw6,2,21,4,2,0.0,2,0.0,False,False,False,False,False,True,False,2,6,2,6,0,0,0,0,678:1;13678:1;13778:1,867:1;13867:1;83771:1,8,2,1,0.0,0,0,0,0,0,1,0.0,0,7,4,0,0.0,23.0,42.0,3,False,False
Combined,Set1,Draw6,2,20,3,2,0.0,2,0.0,False,False,False,False,False,True,True,2,3,2,3,2,0,0,0,677:1;177:1,677:1;771:1,6,2,1,0.0,0,0,0,0,0,1,0.5,1,4,1,0,0.0,16.5,38.5,2,False,False
Combined,Set1,Draw6,2,14,1,1,0.0,2,0.0,False,False,False,False,False,True,False,1,6,1,6,0,0,0,0,359:1;00359:1;0359:1,593:1;00593:1;0593:1,2,2,0,0.0,0,0,0,0,0,1,0.0,0,5,4,0,0.0,14.0,45.0,3,False,False
Combined,Set1,Draw6,2,5,2,2,0.0,2,0.0,False,False,False,False,False,True,False,2,2,2,2,0,0,0,0,059:1;0059:1;009:1,590:1;5900:1;900:1,4,2,1,0.0,0,0,0,0,0,1,0.0,1,3,1,0,0.0,13.0,47.0,2,False,False
Combined,Set1,Draw6,2,12,3,2,0.0,1,0.0,False,False,False,False,False,True,False,2,2,2,2,0,0,0,0,005779:1;00579:1;259:1,770059:1;70059:1;592:1,6,1,1,0.0,0,0,0,0,0,1,0.0,0,3,1,0,0.0,13.0,39.0,2,False,False
Combined,Set1,Draw6,2,10,2,1,0.0,2,0.0,True,False,False,False,False,True,True,1,2,1,2,1,0,0,0,077:1,770:2,4,2,0,0.0,0,0,2,0,0,1,0.5,1,1,1,0,0.0,12.5,32.5,2,False,False
Combined,Set1,Draw6,2,33,1,1,0.0,2,0.0,False,False,False,False,False,True,True,1,4,1,4,1,0,0,0,389:1,983:1,2,2,0,0.0,0,0,0,0,0,1,0.5,0,3,4,0,0.0,12.5,71.0,3,False,False
Combined,Set1,Draw6,2,7,3,2,0.0,2,0.0,False,False,False,False,False,True,True,1,2,1,2,6,0,0,0,001577:1;0177:1;0012:1,177005:1;1770:1;2001:1,6,2,1,0.0,0,0,0,0,0,1,0.5,0,1,1,0,0.0,12.5,34.5,2,False,False
Combined,Set1,Draw6,2,9,2,1,0.0,2,0.0,False,False,False,False,False,True,True,1,2,1,2,4,0,0,0,00569:1;019:1;0069:1,59006:1;019:1;9006:1,4,2,0,0.0,0,0,0,0,0,1,0.5,0,1,4,0,0.0,12.5,43.0,3,False,False
Combined,Set1,Draw6,2,2,3,1,0.0,1,0.0,True,False,False,False,False,True,False,1,1,1,1,0,0,0,0,001:1;006:1,001:2;006:1,6,1,0,0.0,0,0,2,0,0,1,0.0,1,0,1,0,0.0,12.0,23.5,2,False,False
Combined,Set1,Draw6,2,3,3,1,0.0,1,0.0,True,False,False,False,False,True,False,1,1,1,1,0,0,0,0,0077:1;007:1;00577:1,7700:2;700:2;77005:1,6,1,0,0.0,0,0,2,0,0,1,0.0,1,0,1,0,0.0,12.0,36.5,2,False,False
Combined,Set1,Draw6,2,24,1,1,0.0,2,0.0,False,False,False,False,False,True,True,1,3,1,3,4,0,0,0,13689:1;1389:1;3689:1,19836:1;1983:1;9836:1,2,2,0,0.0,0,0,0,0,0,1,0.5,0,2,4,0,0.0,11.5,54.0,3,False,False
Combined,Set1,Draw6,2,18,2,1,0.0,2,0.0,False,False,False,False,False,True,True,1,3,1,3,2,0,0,0,1368:1;168:1,1386:1;681:1,4,2,0,0.0,0,0,0,0,0,1,0.5,0,2,1,0,0.0,10.5,93.0,2,False,False
Combined,Set1,Draw6,2,8,2,1,0.0,2,0.0,False,False,False,False,False,True,True,1,2,1,2,10,0,0,0,001368:1;0138:1;01368:1,001386:1;0138:1;01386:1,4,2,0,0.0,0,0,0,0,0,1,0.5,0,1,1,0,0.0,9.5,72.5,2,False,False
Combined,Set1,Draw6,2,27,1,1,0.0,2,0.0,False,False,False,False,False,True,False,1,3,1,3,0,0,0,0,377:1,377:1,2,2,0,0.0,0,0,0,0,0,1,0.0,1,2,1,0,0.0,9.0,30.5,2,False,False
Combined,Set1,Draw6,2,30,1,1,0.0,1,0.0,False,False,False,False,False,True,False,1,2,1,2,0,0,0,0,239:1,932:1,2,1,0,0.0,0,0,0,0,0,1,0.0,0,1,4,0,0.0,9.0,38.5,3,False,False
Combined,Set1,Draw6,2,29,1,1,0.0,2,0.0,False,False,False,False,False,True,False,1,3,1,3,0,0,0,0,3778:1;378:1,8377:1;837:1,2,2,0,0.0,0,0,0,0,0,1,0.0,0,2,1,0,0.0,8.0,44.0,2,False,False
Combined,Set1,Draw6,2,1,1,1,0.0,1,0.0,False,False,False,False,False,True,False,1,1,1,1,0,0,0,0,005:1,005:1,2,1,0,0.0,0,0,0,0,0,1,0.0,1,0,1,0,0.0,6.0,31.5,2,False,False
Combined,Set1,Draw7,1,23,4,3,0.0,1,0.0,True,False,False,True,False,True,True,2,7,2,7,9,0,0,0,368:1;3688:1;36688:1,688:2;836:1;3886:1,8,1,2,0.0,0,0,2,0,0,1,0.5,1,8,4,0,0.0,27.5,74.5,3,False,False
Combined,Set1,Draw7,1,18,4,2,0.0,1,0.0,True,False,False,False,False,True,True,1,1,1,1,6,0,0,0,136688:1;6688:1;668:1,6688:2;668:2;138866:1,8,1,1,0.0,0,0,2,0,0,1,0.5,1,0,4,0,0.0,18.5,93.0,3,False,False
Combined,Set1,Draw7,1,21,3,2,0.0,1,0.0,False,False,False,False,False,True,False,2,4,2,4,0,0,0,0,36788:1;367788:1;1366788:1,68837:1;688377:1;1388667:1,6,1,1,0.0,0,0,0,0,0,1,0.0,0,5,4,0,0.0,18.0,42.0,3,False,False
Combined,Set1,Draw7,1,15,3,1,0.0,1,0.0,True,True,False,False,False,True,True,1,1,1,1,2,0,0,0,599:1;099:1,599:3;990:2,6,1,0,0.0,0,0,2,4,0,1,0.5,1,0,1,0,0.0,16.5,75.0,2,False,False
Combined,Set1,Draw7,1,32,3,2,0.0,1,0.0,True,False,False,False,False,False,True,2,3,2,3,1,0,0,0,388:1,883:2,6,1,1,0.0,0,0,2,0,0,0,0.5,1,4,1,0,0.0,16.5,55.5,2,False,False
Combined,Set1,Draw7,1,20,3,2,0.0,1,0.0,False,False,False,False,False,True,True,2,3,2,3,2,0,0,0,677:1;177:1,677:1;771:1,6,1,1,0.0,0,0,0,0,0,1,0.5,1,4,1,0,0.0,15.5,38.5,2,False,False
Combined,Set1,Draw7,1,5,3,2,0.0,1,0.0,True,False,False,False,False,True,False,2,2,2,2,0,0,0,0,0599:1;059:1,5990:2;059:1,6,1,1,0.0,0,0,2,0,0,1,0.0,0,3,1,0,0.0,15.0,47.0,2,False,False
Combined,Set1,Draw7,1,9,3,2,0.0,1,0.0,False,False,False,False,False,True,True,1,2,1,2,9,0,0,0,056699:1;01599:1;05699:1,599066:1;59901:1;59906:1,6,1,1,0.0,0,0,0,0,0,1,0.5,0,1,4,0,0.0,14.5,43.0,3,False,False
Combined,Set1,Draw7,1,33,1,1,0.0,1,0.0,False,False,False,False,False,True,True,2,3,2,3,4,0,0,0,889:1;3889:1;38899:1,988:1;9883:1;99883:1,2,1,0,0.0,0,0,0,0,0,1,0.5,1,4,4,0,0.0,13.5,71.0,3,False,False
Combined,Set1,Draw7,1,7,2,2,0.0,1,0.0,False,False,False,False,False,True,True,1,2,1,2,3,0,0,0,01577:1;0177:1;017:1,17705:1;1770:1;701:1,4,1,1,0.0,0,0,0,0,0,1,0.5,0,1,4,0,0.0,12.5,34.5,3,False,False
Combined,Set1,Draw7,1,10,2,1,0.0,1,0.0,True,False,False,False,False,True,True,1,2,1,2,1,0,0,0,077:1,770:2,4,1,0,0.0,0,0,2,0,0,1,0.5,1,1,1,0,0.0,11.5,32.5,2,False,False
Combined,Set1,Draw7,1,24,1,1,0.0,1,0.0,False,False,False,False,False,True,True,1,3,1,3,9,0,0,0,13668899:1;1368899:1;3668899:1,19988366:1;1998836:1;9988366:1,2,1,0,0.0,0,0,0,0,0,1,0.5,0,2,4,0,0.0,10.5,54.0,3,False,False
Combined,Set1,Draw7,1,8,3,1,0.0,1,0.0,False,False,False,False,False,True,True,1,2,1,2,11,0,0,0,0136688:1;013688:1;036688:1,0138866:1;013886:1;066883:1,6,1,0,0.0,0,0,0,0,0,1,0.5,0,1,1,0,0.0,10.5,72.5,2,False,False
Combined,Set1,Draw7,1,29,1,1,0.0,1,0.0,False,False,False,False,False,True,False,2,3,2,3,0,0,0,0,37788:1;3788:1;3778:1,88377:1;8837:1;8377:1,2,1,0,0.0,0,0,0,0,0,1,0.0,0,4,1,0,0.0,9.0,44.0,2,False,False
Combined,Set1,Draw7,1,12,1,1,0.0,1,0.0,False,False,False,False,False,True,False,1,2,1,2,0,0,0,0,05779:1;057799:1;0579:1,77059:1;770599:1;7059:1,2,1,0,0.0,0,0,0,0,0,1,0.0,0,1,4,0,0.0,9.0,39.0,3,False,False
Combined,Set1,Draw7,1,17,1,1,0.0,1,0.0,False,False,False,False,False,True,False,1,1,1,1,0,0,0,0,667:1;6677:1,667:1;6677:1,2,1,0,0.0,0,0,0,0,0,1,0.0,1,0,4,0,0.0,9.0,48.5,3,False,False
Combined,Set1,Draw7,1,6,2,1,0.0,1,0.0,False,False,False,False,False,True,True,1,1,1,1,2,0,0,0,066:1;566:1,066:1;665:1,4,1,0,0.0,0,0,0,0,0,1,0.5,1,0,1,0,0.0,8.5,76.5,2,False,False
Combined,Set1,Draw7,1,34,2,1,0.0,1,0.0,False,False,False,False,False,True,True,1,1,1,1,2,0,0,0,399:1;899:1,993:1;998:1,4,1,0,0.0,0,0,0,0,0,1,0.5,1,0,1,0,0.0,8.5,54.0,2,False,False
Combined,Set1,Draw7,1,3,1,1,0.0,1,0.0,False,False,False,False,False,True,False,2,2,2,2,0,0,0,0,057:1;0577:1,705:1;7705:1,2,1,0,0.0,0,0,0,0,0,1,0.0,0,3,1,0,0.0,8.0,36.5,2,False,False
Combined,Set1,Draw7,1,14,1,1,0.0,1,0.0,False,False,False,False,False,True,False,1,1,1,1,0,0,0,0,03599:1;3599:1,05993:1;5993:1,2,1,0,0.0,0,0,0,0,0,1,0.0,0,0,4,0,0.0,8.0,45.0,3,False,False
Combined,Set1,Draw7,1,27,1,1,0.0,1,0.0,False,False,False,False,False,True,False,1,3,1,3,0,0,0,0,377:1,377:1,2,1,0,0.0,0,0,0,0,0,1,0.0,1,2,0,0,0.0,7.0,30.5,1,False,False
Combined,Set1,Draw7,1,25,1,1,0.0,1,0.0,False,False,False,False,False,True,True,1,1,1,1,1,0,0,0,199:1,199:1,2,1,0,0.0,0,0,0,0,0,1,0.5,1,0,1,0,0.0,6.5,33.0,2,False,False
Combined,Set2,Draw1,1,11,4,3,0.0,5,1.0,True,False,False,True,False,False,False,3,1,3,1,0,1,0,0,578:1,587:2,8,5,2,0.0,0,1,2,0,0,0,0.0,0,4,0,1,0.0,23.0,67.0,1,True,False
Combined,Set2,Draw1,2,15,3,2,0.0,6,1.0,True,False,False,False,False,False,True,3,1,3,1,1,1,0,0,445:1,544:2,6,6,1,0.0,0,1,2,0,0,0,0.5,1,4,1,1,0.0,23.5,75.0,2,True,False
Combined,Set2,Draw1,2,34,3,2,0.0,4,1.0,True,False,False,False,False,False,True,3,1,3,1,1,1,0,0,448:1,844:2,6,4,1,0.0,0,1,2,0,0,0,0.5,1,4,0,1,0.0,20.5,54.0,1,True,False
Combined,Set2,Draw1,2,14,3,3,0.0,4,1.0,False,False,False,False,False,True,False,3,1,3,1,0,2,0,0,4458:1;458:1,5448:1;584:1,6,4,2,0.0,0,1,0,0,0,1,0.0,0,4,1,1,0.0,20.0,45.0,2,True,False
Combined,Set2,Draw1,2,30,3,3,0.0,4,1.0,False,False,False,False,False,False,False,3,1,3,1,0,2,0,0,4478:1;478:1,4487:1;487:1,6,4,2,0.0,0,1,0,0,0,0,0.0,0,4,0,0,0.0,17.0,38.5,1,False,False
Combined,Set2,Draw1,2,31,1,1,0.0,6,1.0,False,False,False,False,False,True,False,3,1,3,1,0,1,0,0,447:1,447:1,2,6,0,0.0,0,1,0,0,0,1,0.0,1,4,0,0,0.0,15.0,70.5,1,False,False
Combined,Set2,Draw1,2,11,1,1,0.0,5,1.0,False,False,False,False,False,True,False,3,1,3,1,0,1,0,0,578:1,875:1,2,5,0,0.0,0,1,0,0,0,1,0.0,0,4,0,1,0.0,14.0,67.0,1,True,False
Combined,Set2,Draw1,2,12,1,1,0.0,1,1.0,False,False,False,False,False,True,False,2,1,2,1,0,2,0,0,4457:1;457:1,7544:1;754:1,2,1,0,0.0,0,1,0,0,0,1,0.0,0,2,0,0,0.0,7.0,39.0,1,False,False
Combined,Set2,Draw1,3,15,3,2,0.0,6,1.0,True,False,False,False,False,False,True,3,1,3,1,2,2,0,0,445:1;4455:1,544:2;5544:2,6,6,1,0.0,0,1,2,0,0,0,0.5,1,4,1,1,0.0,23.5,75.0,2,True,False
Combined,Set2,Draw1,3,5,3,2,0.0,5,1.0,True,False,False,False,False,False,False,3,1,3,1,0,1,0,0,455:1,554:2,6,5,1,0.0,0,1,2,0,0,0,0.0,1,4,1,1,0.0,22.0,47.0,2,True,False
Combined,Set2,Draw1,3,34,3,2,0.0,4,1.0,True,False,False,False,False,False,True,3,1,3,1,1,1,0,0,448:1,844:2,6,4,1,0.0,0,1,2,0,0,0,0.5,1,4,0,1,0.0,20.5,54.0,1,True,False
Combined,Set2,Draw1,3,14,3,3,0.0,4,1.0,False,False,False,False,False,True,False,3,1,3,1,0,4,0,0,44558:1;4458:1;4558:1,55448:1;5448:1;5584:1,6,4,2,0.0,0,1,0,0,0,1,0.0,0,4,1,1,0.0,20.0,45.0,2,True,False
Combined,Set2,Draw1,3,30,3,3,0.0,4,1.0,False,False,False,False,False,False,False,3,1,3,1,0,2,0,0,4478:1;478:1,4487:1;487:1,6,4,2,0.0,0,1,0,0,0,0,0.0,0,4,0,1,0.0,18.0,38.5,1,True,False
Combined,Set2,Draw1,3,31,1,1,0.0,6,1.0,False,False,False,False,False,True,False,3,1,3,1,0,1,0,0,447:1,447:1,2,6,0,0.0,0,1,0,0,0,1,0.0,1,4,1,1,0.0,17.0,70.5,2,True,False
Combined,Set2,Draw1,3,3,1,1,0.0,5,1.0,False,False,False,False,False,True,False,3,1,3,1,0,1,0,0,557:1,755:1,2,5,0,0.0,0,1,0,0,0,1,0.0,1,4,1,0,0.0,15.0,36.5,2,False,False
Combined,Set2,Draw1,3,4,1,1,0.0,4,1.0,False,False,False,False,False,True,False,3,1,3,1,0,1,0,0,558:1,558:1,2,4,0,0.0,0,1,0,0,0,1,0.0,1,4,0,1,0.0,14.0,43.0,1,True,False
Combined,Set2,Draw1,3,11,1,1,0.0,5,1.0,False,False,False,False,False,True,False,3,1,3,1,0,2,0,0,578:1;5578:1,875:1;8755:1,2,5,0,0.0,0,1,0,0,0,1,0.0,0,4,0,1,0.0,14.0,67.0,1,True,False
Combined,Set2,Draw1,3,12,1,1,0.0,3,1.0,False,False,False,False,False,True,False,2,1,2,1,0,2,0,0,44557:1;4557:1,75544:1;7554:1,2,3,0,0.0,0,1,0,0,0,1,0.0,0,2,1,1,0.0,11.0,39.0,2,True,False
Combined,Set2,Draw1,4,15,3,2,0.0,6,1.0,True,False,False,False,False,False,True,3,1,3,1,2,2,0,0,445:1;4455:1,544:2;5544:2,6,6,1,0.0,0,1,2,0,0,0,0.5,1,4,1,1,0.0,23.5,75.0,2,True,False
Combined,Set2,Draw1,4,5,3,2,0.0,5,1.0,True,False,False,False,False,False,False,3,1,3,1,0,1,0,0,455:1,554:2,6,5,1,0.0,0,1,2,0,0,0,0.0,1,4,1,1,0.0,22.0,47.0,2,True,False
Combined,Set2,Draw1,4,34,3,2,0.0,4,1.0,True,False,False,False,False,False,True,3,1,3,1,2,2,0,0,448:1;4488:1,844:2;8844:2,6,4,1,0.0,0,1,2,0,0,0,0.5,1,4,0,1,0.0,20.5,54.0,1,True,False
Combined,Set2,Draw1,4,33,3,2,0.0,2,1.0,True,False,False,False,False,False,True,3,1,3,1,1,1,0,0,488:1,884:2,6,2,1,0.0,0,1,2,0,0,0,0.5,1,4,1,1,0.0,19.5,71.0,2,True,False
Combined,Set2,Draw1,4,29,3,2,0.0,4,1.0,True,False,False,False,False,False,False,3,1,3,1,0,1,0,0,788:1,887:2,6,4,1,0.0,0,1,2,0,0,0,0.0,1,4,0,0,0.0,19.0,44.0,1,False,False
Combined,Set2,Draw1,4,14,3,3,0.0,4,1.0,False,False,False,False,False,False,False,3,1,3,1,0,6,0,0,445588:1;44558:1;4458:1,554488:1;55448:1;5448:1,6,4,2,0.0,0,1,0,0,0,0,0.0,0,4,1,1,0.0,19.0,45.0,2,True,False
Combined,Set2,Draw1,4,30,3,3,0.0,4,1.0,False,False,False,False,False,False,False,3,1,3,1,0,3,0,0,44788:1;4478:1;4788:1,44887:1;8447:1;4887:1,6,4,2,0.0,0,1,0,0,0,0,0.0,0,4,0,1,0.0,18.0,38.5,1,True,False
Combined,Set2,Draw1,4,31,1,1,0.0,6,1.0,False,False,False,False,False,False,False,3,1,3,1,0,1,0,0,447:1,447:1,2,6,0,0.0,0,1,0,0,0,0,0.0,1,4,1,1,0.0,16.0,70.5,2,True,False
Combined,Set2,Draw1,4,3,1,1,0.0,5,1.0,False,False,False,False,False,False,False,3,1,3,1,0,1,0,0,557:1,755:1,2,5,0,0.0,0,1,0,0,0,0,0.0,1,4,1,1,0.0,15.0,36.5,2,True,False
Combined,Set2,Draw1,4,4,1,1,0.0,4,1.0,False,False,False,False,False,False,False,3,1,3,1,0,2,0,0,558:1;5588:1,558:1;5588:1,2,4,0,0.0,0,1,0,0,0,0,0.0,1,4,0,1,0.0,13.0,43.0,1,True,False
Combined,Set2,Draw1,4,11,1,1,0.0,5,1.0,False,False,False,False,False,False,False,3,1,3,1,0,4,0,0,578:1;55788:1;5578:1,875:1;88755:1;8755:1,2,5,0,0.0,0,1,0,0,0,0,0.0,0,4,0,1,0.0,13.0,67.0,1,True,False
Combined,Set2,Draw1,4,13,1,1,0.0,3,1.0,False,False,False,False,False,False,False,2,1,2,1,0,1,0,0,588:1,588:1,2,3,0,0.0,0,1,0,0,0,0,0.0,1,2,1,1,0.0,11.0,47.5,2,True,False
Combined,Set2,Draw1,4,12,1,1,0.0,3,1.0,False,False,False,False,False,False,False,2,1,2,1,0,2,0,0,44557:1;4557:1,75544:1;7554:1,2,3,0,0.0,0,1,0,0,0,0,0.0,0,2,1,1,0.0,10.0,39.0,2,True,False
Combined,Set2,Draw1,5,15,3,2,0.0,6,0.0,True,False,False,False,False,False,True,3,1,3,1,2,0,0,0,445:1;4455:1,544:2;5544:2,6,6,1,0.0,0,0,2,0,0,0,0.5,1,4,1,1,0.0,22.5,75.0,2,True,False
Combined,Set2,Draw1,5,5,3,2,0.0,5,0.0,True,False,False,False,False,False,False,3,1,3,1,0,0,0,0,455:1,554:2,6,5,1,0.0,0,0,2,0,0,0,0.0,1,4,1,1,0.0,21.0,47.0,2,True,False
Combined,Set2,Draw1,5,14,3,3,0.0,4,0.0,False,False,False,False,False,False,False,3,1,3,1,0,0,0,0,445588:1;44558:1;4458:1,554488:1;55448:1;5448:1,6,4,2,0.0,0,0,0,0,0,0,0.0,0,4,4,1,0.0,21.0,45.0,3,True,False
Combined,Set2,Draw1,5,34,3,2,0.0,4,0.0,True,False,False,False,False,False,True,3,1,3,1,2,0,0,0,448:1;4488:1,844:2;8844:2,6,4,1,0.0,0,0,2,0,0,0,0.5,1,4,1,1,0.0,20.5,54.0,2,True,False
Combined,Set2,Draw1,5,29,3,2,0.0,4,0.0,True,False,False,False,False,False,False,3,1,3,1,0,0,0,0,788:1,887:2,6,4,1,0.0,0,0,2,0,0,0,0.0,1,4,0,1,0.0,19.0,44.0,1,True,False
Combined,Set2,Draw1,5,33,3,2,0.0,2,0.0,True,False,False,False,False,False,True,3,1,3,1,1,0,0,0,488:1,884:2,6,2,1,0.0,0,0,2,0,0,0,0.5,1,4,1,1,0.0,18.5,71.0,2,True,False
Combined,Set2,Draw1,5,30,3,3,0.0,4,0.0,False,False,False,False,False,False,False,3,1,3,1,0,0,0,0,44788:1;4478:1;4788:1,44887:1;8447:1;4887:1,6,4,2,0.0,0,0,0,0,0,0,0.0,0,4,1,1,0.0,18.0,38.5,2,True,False
Combined,Set2,Draw1,5,31,1,1,0.0,6,0.0,False,False,False,False,False,False,False,3,1,3,1,0,0,0,0,447:1,447:1,2,6,0,0.0,0,0,0,0,0,0,0.0,1,4,1,1,0.0,15.0,70.5,2,True,False
Combined,Set2,Draw1,5,3,1,1,0.0,5,0.0,False,False,False,False,False,False,False,3,1,3,1,0,0,0,0,557:1,755:1,2,5,0,0.0,0,0,0,0,0,0,0.0,1,4,1,1,0.0,14.0,36.5,2,True,False
Combined,Set2,Draw1,5,4,1,1,0.0,4,0.0,False,False,False,False,False,False,False,3,1,3,1,0,0,0,0,558:1;5588:1,558:1;5588:1,2,4,0,0.0,0,0,0,0,0,0,0.0,1,4,1,1,0.0,13.0,43.0,2,True,False
Combined,Set2,Draw1,5,11,1,1,0.0,5,0.0,False,False,False,False,False,False,False,3,1,3,1,0,0,0,0,578:1;55788:1;5578:1,875:1;88755:1;8755:1,2,5,0,0.0,0,0,0,0,0,0,0.0,0,4,1,1,0.0,13.0,67.0,2,True,False
Combined,Set2,Draw1,5,13,1,1,0.0,3,0.0,False,False,False,False,False,False,False,2,1,2,1,0,0,0,0,588:1,588:1,2,3,0,0.0,0,0,0,0,0,0,0.0,1,2,1,1,0.0,10.0,47.5,2,True,False
Combined,Set2,Draw1,5,12,1,1,0.0,3,0.0,False,False,False,False,False,False,False,2,1,2,1,0,0,0,0,44557:1;4557:1,75544:1;7554:1,2,3,0,0.0,0,0,0,0,0,0,0.0,0,2,1,1,0.0,9.0,39.0,2,True,False
Combined,Set2,Draw1,6,31,4,1,0.0,6,0.0,True,True,False,False,False,False,False,3,1,3,1,0,0,0,0,244:1;447:1;4477:1,244:3;447:1;4477:1,8,6,0,0.0,0,0,2,4,0,0,0.0,1,4,1,1,0.0,27.0,70.5,2,True,False
Combined,Set2,Draw1,6,29,3,2,0.0,4,0.0,True,False,False,False,False,False,False,3,1,3,1,0,0,0,0,788:1;37788:1;3788:1,887:2;38877:1;3887:1,6,4,1,0.0,0,0,2,0,0,0,0.0,1,4,1,1,0.0,20.0,44.0,2,True,False
Combined,Set2,Draw1,6,3,3,2,0.0,5,0.0,False,False,False,False,False,False,False,3,1,3,1,0,0,0,0,557:1;255:1;5577:1,755:1;552:1;7755:1,6,5,1,0.0,0,0,0,0,0,0,0.0,1,4,1,1,0.0,19.0,36.5,2,True,False
Combined,Set2,Draw1,6,15,1,1,0.0,6,0.0,False,False,False,False,False,False,True,3,1,3,1,2,0,0,0,445:1;4455:1,445:1;4455:1,2,6,0,0.0,0,0,0,0,0,0,0.5,1,4,4,1,0.0,18.5,75.0,3,True,False
Combined,Set2,Draw1,6,30,4,2,0.0,2,0.0,True,False,False,False,False,False,False,2,1,2,1,0,0,0,0,2344:1;3447788:1;344788:1,3244:2;324:2;4438877:1,8,2,1,0.0,0,0,2,0,0,0,0.0,0,2,1,1,0.0,17.0,38.5,2,True,False
Combined,Set2,Draw1,6,32,3,2,0.0,2,0.0,True,False,False,False,False,False,True,2,1,2,1,1,0,0,0,388:1,883:2,6,2,1,0.0,0,0,2,0,0,0,0.5,1,2,1,0,0.0,15.5,55.5,2,False,False
Combined,Set2,Draw1,6,34,2,2,0.0,2,0.0,False,False,False,False,False,False,True,2,1,2,1,1,0,0,0,344:1,443:1,4,2,1,0.0,0,0,0,0,0,0,0.5,1,2,4,1,0.0,15.5,54.0,3,True,False
Combined,Set2,Draw1,6,27,3,2,0.0,2,0.0,True,False,False,False,False,False,False,2,1,2,1,0,0,0,0,7788:1;778:1;237788:1,8877:2;877:2;778832:1,6,2,1,0.0,0,0,2,0,0,0,0.0,1,2,0,1,0.0,15.0,30.5,1,True,False
Combined,Set2,Draw1,6,4,2,1,0.0,4,0.0,False,False,False,False,False,False,False,3,1,3,1,0,0,0,0,558:1;5588:1;355:1,558:1;5588:1;553:1,4,4,0,0.0,0,0,0,0,0,0,0.0,1,4,1,1,0.0,15.0,43.0,2,True,False
Combined,Set2,Draw1,6,33,2,2,0.0,2,0.0,False,False,False,False,False,False,True,2,1,2,1,4,0,0,0,34488:1;3448:1;3488:1,44388:1;4438:1;4388:1,4,2,1,0.0,0,0,0,0,0,0,0.5,0,2,4,1,0.0,14.5,71.0,3,True,False
Combined,Set2,Draw1,6,5,1,1,0.0,5,0.0,False,False,False,False,False,False,False,3,1,3,1,0,0,0,0,455:1,455:1,2,5,0,0.0,0,0,0,0,0,0,0.0,1,4,1,1,0.0,14.0,47.0,2,True,False
Combined,Set2,Draw1,6,12,2,2,0.0,2,0.0,False,False,False,False,False,False,False,3,1,3,1,0,0,0,0,24455:1;2445:1;2455:1,55244:1;5244:1;5524:1,4,2,1,0.0,0,0,0,0,0,0,0.0,0,4,1,1,0.0,13.0,39.0,2,True,False
Combined,Set2,Draw1,6,11,2,1,0.0,2,0.0,False,False,False,False,False,False,False,2,1,2,1,0,0,0,0,23557788:1;3557788:1;2355778:1,88775532:1;8877553:1;8775532:1,4,2,0,0.0,0,0,0,0,0,0,0.0,0,2,1,1,0.0,10.0,67.0,2,True,False
Combined,Set2,Draw1,6,13,1,1,0.0,3,0.0,False,False,False,False,False,False,False,2,1,2,1,0,0,0,0,588:1;35588:1;3588:1,588:1;55883:1;5883:1,2,3,0,0.0,0,0,0,0,0,0,0.0,1,2,1,1,0.0,10.0,47.5,2,True,False
Combined,Set2,Draw1,6,10,1,1,0.0,2,0.0,False,False,False,False,False,False,True,2,1,2,1,1,0,0,0,577:1,775:1,2,2,0,0.0,0,0,0,0,0,0,0.5,1,2,0,1,0.0,8.5,32.5,1,True,False
Combined,Set2,Draw1,6,28,1,1,0.0,2,0.0,False,False,False,False,False,False,False,2,1,2,1,0,0,0,0,477:1,477:1,2,2,0,0.0,0,0,0,0,0,0,0.0,1,2,0,0,0.0,7.0,33.0,1,False,False
Combined,Set2,Draw1,6,14,1,1,0.0,1,0.0,False,False,False,False,False,False,False,1,1,1,1,0,0,0,0,3445588:1;345588:1;344588:1,5588344:1;558834:1;588344:1,2,1,0,0.0,0,0,0,0,0,0,0.0,0,0,1,1,0.0,5.0,45.0,2,True,False
Combined,Set2,Draw1,7,31,4,1,0.0,6,0.0,True,True,False,False,False,False,False,3,1,3,1,0,0,0,0,244:1;447:1;4477:1,244:3;447:1;4477:1,8,6,0,0.0,0,0,2,4,0,0,0.0,1,4,1,1,0.0,27.0,70.5,2,True,False
Combined,Set2,Draw1,7,23,4,3,0.0,1,0.0,True,False,False,False,False,False,True,2,1,2,1,3,0,0,0,3688:1;688:1;368:1,688:2;3886:1;836:1,8,1,2,0.0,0,0,2,0,0,0,0.5,1,2,4,1,0.0,21.5,74.5,3,True,False
Combined,Set2,Draw1,7,3,3,2,0.0,5,0.0,False,False,False,False,False,False,False,3,1,3,1,0,0,0,0,557:1;255:1;5577:1,755:1;552:1;7755:1,6,5,1,0.0,0,0,0,0,0,0,0.0,1,4,1,1,0.0,19.0,36.5,2,True,False
Combined,Set2,Draw1,7,15,1,1,0.0,6,0.0,False,False,False,False,False,False,True,3,1,3,1,2,0,0,0,445:1;4455:1,445:1;4455:1,2,6,0,0.0,0,0,0,0,0,0,0.5,1,4,4,1,0.0,18.5,75.0,3,True,False
Combined,Set2,Draw1,7,5,1,1,0.0,5,0.0,False,False,False,False,False,False,False,3,1,3,1,0,0,0,0,455:1,455:1,2,5,0,0.0,0,0,0,0,0,0,0.0,1,4,4,1,0.0,17.0,47.0,3,True,False
Combined,Set2,Draw1,7,32,3,2,0.0,2,0.0,True,False,False,False,False,False,True,2,1,2,1,1,0,0,0,388:1,883:2,6,2,1,0.0,0,0,2,0,0,0,0.5,1,2,1,1,0.0,16.5,55.5,2,True,False
Combined,Set2,Draw1,7,29,2,2,0.0,4,0.0,False,False,False,False,False,False,False,3,1,3,1,0,0,0,0,788:1;37788:1;3788:1,887:1;77883:1;7883:1,4,4,1,0.0,0,0,0,0,0,0,0.0,1,4,1,1,0.0,16.0,44.0,2,True,False
Combined,Set2,Draw1,7,34,2,2,0.0,2,0.0,False,False,False,False,False,False,True,2,1,2,1,1,0,0,0,344:1,443:1,4,2,1,0.0,0,0,0,0,0,0,0.5,1,2,4,1,0.0,15.5,54.0,3,True,False
Combined,Set2,Draw1,7,33,2,2,0.0,2,0.0,False,False,False,False,False,False,True,2,1,2,1,4,0,0,0,34488:1;3448:1;3488:1,44388:1;4438:1;4388:1,4,2,1,0.0,0,0,0,0,0,0,0.5,0,2,4,1,0.0,14.5,71.0,3,True,False
Combined,Set2,Draw1,7,24,2,2,0.0,1,0.0,False,False,False,False,False,False,True,2,1,2,1,2,0,0,0,344688:1;34688:1,443886:1;43886:1,4,1,1,0.0,0,0,0,0,0,0,0.5,0,2,4,1,0.0,13.5,54.0,3,True,False
Combined,Set2,Draw1,7,12,2,2,0.0,2,0.0,False,False,False,False,False,False,False,3,1,3,1,0,0,0,0,24455:1;2445:1;2455:1,55244:1;5244:1;5524:1,4,2,1,0.0,0,0,0,0,0,0,0.0,0,4,1,1,0.0,13.0,39.0,2,True,False
Combined,Set2,Draw1,7,30,3,2,0.0,2,0.0,False,False,False,False,False,False,False,2,1,2,1,0,0,0,0,3447788:1;344788:1;344778:1,8834477:1;883447:1;834477:1,6,2,1,0.0,0,0,0,0,0,0,0.0,0,2,1,1,0.0,13.0,38.5,2,True,False
Combined,Set2,Draw1,7,21,3,2,0.0,1,0.0,False,False,False,False,False,False,False,2,1,2,1,0,0,0,0,367788:1;36788:1;67788:1,388677:1;38867:1;88677:1,6,1,1,0.0,0,0,0,0,0,0,0.0,0,2,1,1,0.0,12.0,42.0,2,True,False
Combined,Set2,Draw1,7,27,2,2,0.0,2,0.0,False,False,False,False,False,False,False,2,1,2,1,0,0,0,0,7788:1;778:1,8877:1;877:1,4,2,1,0.0,0,0,0,0,0,0,0.0,1,2,0,1,0.0,11.0,30.5,1,True,False
Combined,Set2,Draw1,7,8,1,1,0.0,1,0.0,False,False,False,False,False,False,True,2,1,2,1,6,0,0,0,355688:1;35688:1;55688:1,556883:1;56883:1;55688:1,2,1,0,0.0,0,0,0,0,0,0,0.5,0,2,4,1,0.0,10.5,72.5,3,True,False
Combined,Set2,Draw1,7,10,1,1,0.0,2,0.0,False,False,False,False,False,False,True,2,1,2,1,1,0,0,0,577:1,775:1,2,2,0,0.0,0,0,0,0,0,0,0.5,1,2,0,1,0.0,8.5,32.5,1,True,False
Combined,Set2,Draw1,7,28,1,1,0.0,2,0.0,False,False,False,False,False,False,False,2,1,2,1,0,0,0,0,477:1,477:1,2,2,0,0.0,0,0,0,0,0,0,0.0,1,2,0,1,0.0,8.0,33.0,1,True,False
Combined,Set2,Draw1,7,4,1,1,0.0,2,0.0,False,False,False,False,False,False,False,2,1,2,1,0,0,0,0,355:1,553:1,2,2,0,0.0,0,0,0,0,0,0,0.0,1,2,1,0,0.0,8.0,43.0,2,False,False
Combined,Set2,Draw1,7,2,1,1,0.0,1,0.0,False,False,False,False,False,False,False,1,1,1,1,0,0,0,0,556:1,556:1,2,1,0,0.0,0,0,0,0,0,0,0.0,1,0,4,0,0.0,8.0,23.5,3,False,False
Combined,Set2,Draw1,7,20,1,1,0.0,1,0.0,False,False,False,False,False,False,True,2,1,2,1,1,0,0,0,677:1,677:1,2,1,0,0.0,0,0,0,0,0,0,0.5,1,2,0,1,0.0,7.5,38.5,1,True,False
Combined,Set2,Draw1,7,11,1,1,0.0,2,0.0,False,False,False,False,False,False,False,2,1,2,1,0,0,0,0,23557788:1;3557788:1;2355778:1,88775532:1;8877553:1;8775532:1,2,2,0,0.0,0,0,0,0,0,0,0.0,0,2,0,1,0.0,7.0,67.0,1,True,False
Combined,Set2,Draw1,7,22,1,1,0.0,1,0.0,False,False,False,False,False,False,False,2,1,2,1,0,0,0,0,2446:1;246:1,6244:1;624:1,2,1,0,0.0,0,0,0,0,0,0,0.0,0,2,1,1,0.0,7.0,29.0,2,True,False
Combined,Set2,Draw1,7,7,1,1,0.0,1,0.0,False,False,False,False,False,False,True,1,1,1,1,1,0,0,0,2556:1,2556:1,2,1,0,0.0,0,0,0,0,0,0,0.5,0,0,1,0,0.0,4.5,34.5,2,False,False
Combined,Set3,Draw1,1,15,3,2,0.0,7,1.0,True,False,False,False,False,False,True,3,1,3,1,1,1,0,0,445:1,544:2,6,7,1,0.0,0,1,2,0,0,0,0.5,1,4,1,0,0.0,23.5,75.0,2,False,False
Combined,Set3,Draw1,1,34,3,2,0.0,7,1.0,True,False,False,False,False,False,True,3,1,3,1,1,1,0,0,448:1,844:2,6,7,1,0.0,0,1,2,0,0,0,0.5,1,4,0,0,0.0,22.5,54.0,1,False,False
Combined,Set3,Draw1,1,14,4,4,0.0,4,1.0,False,False,False,True,False,False,False,3,1,3,1,0,2,0,0,4458:1;458:1,5448:1;584:1,8,4,3,0.0,0,1,0,0,0,0,0.0,0,4,0,0,0.0,20.0,45.0,1,False,False
Combined,Set3,Draw1,2,15,3,2,0.0,7,1.0,True,False,False,False,False,False,True,3,1,3,1,2,2,0,0,445:1;4455:1,544:2;5544:2,6,7,1,0.0,0,1,2,0,0,0,0.5,1,4,1,1,0.0,24.5,75.0,2,True,False
Combined,Set3,Draw1,2,34,3,2,0.0,7,1.0,True,False,False,False,False,False,True,3,1,3,1,1,1,0,0,448:1,844:2,6,7,1,0.0,0,1,2,0,0,0,0.5,1,4,0,1,0.0,23.5,54.0,1,True,False
Combined,Set3,Draw1,2,14,4,4,0.0,4,1.0,False,False,False,False,False,True,False,3,1,3,1,0,4,0,0,44558:1;4458:1;4558:1,55448:1;5448:1;5584:1,8,4,3,0.0,0,1,0,0,0,1,0.0,0,4,0,1,0.0,22.0,45.0,1,True,False
Combined,Set3,Draw1,2,5,3,2,0.0,6,1.0,True,False,False,False,False,False,False,3,1,3,1,0,1,0,0,455:1,554:2,6,6,1,0.0,0,1,2,0,0,0,0.0,1,4,0,0,0.0,21.0,47.0,1,False,False
Combined,Set3,Draw1,2,4,2,2,0.0,5,1.0,False,False,False,False,False,False,False,3,1,3,1,0,1,0,0,558:1,558:1,4,5,1,0.0,0,1,0,0,0,0,0.0,1,4,0,0,0.0,16.0,43.0,1,False,False
Combined,Set3,Draw1,3,15,3,2,0.0,7,1.0,True,False,False,False,False,False,True,3,1,3,1,2,2,0,0,445:1;4455:1,544:2;5544:2,6,7,1,0.0,0,1,2,0,0,0,0.5,1,4,1,1,0.0,24.5,75.0,2,True,False
Combined,Set3,Draw1,3,34,3,2,0.0,7,1.0,True,False,False,False,False,False,True,3,1,3,1,2,2,0,0,448:1;4488:1,844:2;8844:2,6,7,1,0.0,0,1,2,0,0,0,0.5,1,4,0,1,0.0,23.5,54.0,1,True,False
Combined,Set3,Draw1,3,5,3,2,0.0,6,1.0,True,False,False,False,False,False,False,3,1,3,1,0,1,0,0,455:1,554:2,6,6,1,0.0,0,1,2,0,0,0,0.0,1,4,0,1,0.0,22.0,47.0,1,True,False
Combined,Set3,Draw1,3,14,4,4,0.0,4,1.0,False,False,False,False,False,True,False,3,1,3,1,0,7,0,0,445588:1;44558:1;44588:1,554488:1;55448:1;54488:1,8,4,3,0.0,0,1,0,0,0,1,0.0,0,4,0,1,0.0,22.0,45.0,1,True,False
Combined,Set3,Draw1,3,33,3,2,0.0,5,1.0,True,False,False,False,False,False,True,3,1,3,1,1,1,0,0,488:1,884:2,6,5,1,0.0,0,1,2,0,0,0,0.5,1,4,1,0,0.0,21.5,71.0,2,False,False
Combined,Set3,Draw1,3,4,2,2,0.0,5,1.0,False,False,False,False,False,False,False,3,1,3,1,0,2,0,0,558:1;5588:1,558:1;5588:1,4,5,1,0.0,0,1,0,0,0,0,0.0,1,4,0,1,0.0,17.0,43.0,1,True,False
Combined,Set3,Draw1,3,13,2,2,0.0,4,1.0,False,False,False,False,False,False,False,2,1,2,1,0,1,0,0,588:1,588:1,4,4,1,0.0,0,1,0,0,0,0,0.0,1,2,0,0,0.0,13.0,47.5,1,False,False
Combined,Set3,Draw1,4,15,3,2,0.0,7,1.0,True,False,False,False,False,False,True,3,1,3,1,2,2,0,0,445:1;4455:1,544:2;5544:2,6,7,1,0.0,0,1,2,0,0,0,0.5,1,4,1,1,0.0,24.5,75.0,2,True,False
Combined,Set3,Draw1,4,34,3,2,0.0,7,1.0,True,False,False,False,False,False,True,3,1,3,1,2,2,0,0,448:1;4488:1,844:2;8844:2,6,7,1,0.0,0,1,2,0,0,0,0.5,1,4,1,1,0.0,24.5,54.0,2,True,False
Combined,Set3,Draw1,4,33,3,2,0.0,5,1.0,True,False,False,False,False,False,True,3,1,3,1,1,1,0,0,488:1,884:2,6,5,1,0.0,0,1,2,0,0,0,0.5,1,4,1,1,0.0,22.5,71.0,2,True,False
Combined,Set3,Draw1,4,5,3,2,0.0,6,1.0,True,False,False,False,False,False,False,3,1,3,1,0,1,0,0,455:1,554:2,6,6,1,0.0,0,1,2,0,0,0,0.0,1,4,0,1,0.0,22.0,47.0,1,True,False
Combined,Set3,Draw1,4,14,4,4,0.0,4,1.0,False,False,False,False,False,False,False,3,1,3,1,0,7,0,0,445588:1;44558:1;44588:1,554488:1;55448:1;54488:1,8,4,3,0.0,0,1,0,0,0,0,0.0,0,4,1,1,0.0,22.0,45.0,2,True,False
Combined,Set3,Draw1,4,4,2,2,0.0,5,1.0,False,False,False,False,False,False,False,3,1,3,1,0,2,0,0,558:1;5588:1,558:1;5588:1,4,5,1,0.0,0,1,0,0,0,0,0.0,1,4,0,1,0.0,17.0,43.0,1,True,False
Combined,Set3,Draw1,4,13,2,2,0.0,4,1.0,False,False,False,False,False,False,False,2,1,2,1,0,1,0,0,588:1,588:1,4,4,1,0.0,0,1,0,0,0,0,0.0,1,2,0,1,0.0,14.0,47.5,1,True,False
Combined,Set3,Draw1,5,31,4,1,0.0,3,0.0,True,True,False,False,False,False,False,3,1,3,1,0,0,0,0,244:1;447:1,244:3;447:1,8,3,0,0.0,0,0,2,4,0,0,0.0,1,4,1,1,0.0,24.0,70.5,2,True,False
Combined,Set3,Draw1,5,34,2,2,0.0,7,0.0,False,False,False,False,False,False,True,3,1,3,1,2,0,0,0,448:1;4488:1,448:1;4488:1,4,7,1,0.0,0,0,0,0,0,0,0.5,1,4,4,1,0.0,22.5,54.0,3,True,False
Combined,Set3,Draw1,5,33,2,2,0.0,5,0.0,False,False,False,False,False,False,True,3,1,3,1,1,0,0,0,488:1,488:1,4,5,1,0.0,0,0,0,0,0,0,0.5,1,4,4,1,0.0,20.5,71.0,3,True,False
Combined,Set3,Draw1,5,29,3,2,0.0,3,0.0,True,False,False,False,False,False,False,3,1,3,1,0,0,0,0,788:1;288:1,887:2;882:1,6,3,1,0.0,0,0,2,0,0,0,0.0,1,4,1,1,0.0,19.0,44.0,2,True,False
Combined,Set3,Draw1,5,12,3,2,0.0,3,0.0,True,False,False,False,False,False,False,3,1,3,1,0,0,0,0,24455:1;2445:1;2455:1,55244:2;5244:2;5524:2,6,3,1,0.0,0,0,2,0,0,0,0.0,0,4,1,1,0.0,18.0,39.0,2,True,False
Combined,Set3,Draw1,5,3,3,2,0.0,3,0.0,True,False,False,False,False,False,False,3,1,3,1,0,0,0,0,255:1;557:1,552:2;755:1,6,3,1,0.0,0,0,2,0,0,0,0.0,1,4,0,1,0.0,18.0,36.5,1,True,False
Combined,Set3,Draw1,5,15,1,1,0.0,7,0.0,False,False,False,False,False,False,True,3,1,3,1,2,0,0,0,445:1;4455:1,445:1;4455:1,2,7,0,0.0,0,0,0,0,0,0,0.5,1,4,1,1,0.0,16.5,75.0,2,True,False
Combined,Set3,Draw1,5,30,3,2,0.0,3,0.0,False,False,False,False,False,False,False,3,1,3,1,0,0,0,0,44788:1;4478:1;244788:1,44887:1;8447:1;244887:1,6,3,1,0.0,0,0,0,0,0,0,0.0,0,4,1,1,0.0,16.0,38.5,2,True,False
Combined,Set3,Draw1,5,5,1,1,0.0,6,0.0,False,False,False,False,False,False,False,3,1,3,1,0,0,0,0,455:1,455:1,2,6,0,0.0,0,0,0,0,0,0,0.0,1,4,0,1,0.0,14.0,47.0,1,True,False
Combined,Set3,Draw1,5,4,1,1,0.0,5,0.0,False,False,False,False,False,False,False,3,1,3,1,0,0,0,0,558:1;5588:1,558:1;5588:1,2,5,0,0.0,0,0,0,0,0,0,0.0,1,4,0,1,0.0,13.0,43.0,1,True,False
Combined,Set3,Draw1,5,11,2,1,0.0,2,0.0,False,False,False,False,False,False,False,3,1,3,1,0,0,0,0,55788:1;5788:1;5578:1,88755:1;8875:1;8755:1,4,2,0,0.0,0,0,0,0,0,0,0.0,0,4,1,1,0.0,12.0,67.0,2,True,False
Combined,Set3,Draw1,5,13,1,1,0.0,4,0.0,False,False,False,False,False,False,False,2,1,2,1,0,0,0,0,588:1,588:1,2,4,0,0.0,0,0,0,0,0,0,0.0,1,2,1,1,0.0,11.0,47.5,2,True,False
Combined,Set3,Draw1,5,14,1,1,0.0,4,0.0,False,False,False,False,False,False,False,2,1,2,1,0,0,0,0,445588:1;45588:1;44588:1,558844:1;55884:1;58844:1,2,4,0,0.0,0,0,0,0,0,0,0.0,0,2,0,1,0.0,9.0,45.0,1,True,False
Combined,Set3,Draw1,5,10,1,1,0.0,2,0.0,False,False,False,False,False,False,True,1,1,1,1,1,0,0,0,2557:1,7552:1,2,2,0,0.0,0,0,0,0,0,0,0.5,0,0,0,0,0.0,4.5,32.5,1,False,False
Combined,Set3,Draw1,5,27,1,1,0.0,2,0.0,False,False,False,False,False,False,False,1,1,1,1,0,0,0,0,2788:1,7882:1,2,2,0,0.0,0,0,0,0,0,0,0.0,0,0,0,0,0.0,4.0,30.5,1,False,False
Combined,Set3,Draw1,6,31,4,1,0.0,3,0.0,True,True,False,False,False,False,False,3,1,3,1,0,0,0,0,244:1;447:1,244:3;447:1,8,3,0,0.0,0,0,2,4,0,0,0.0,1,4,1,1,0.0,24.0,70.5,2,True,False
Combined,Set3,Draw1,6,34,2,2,0.0,7,0.0,False,False,False,False,False,False,True,3,1,3,1,2,0,0,0,448:1;4488:1,448:1;4488:1,4,7,1,0.0,0,0,0,0,0,0,0.5,1,4,4,1,0.0,22.5,54.0,3,True,False
Combined,Set3,Draw1,6,33,2,2,0.0,5,0.0,False,False,False,False,False,False,True,3,1,3,1,1,0,0,0,488:1,488:1,4,5,1,0.0,0,0,0,0,0,0,0.5,1,4,4,1,0.0,20.5,71.0,3,True,False
Combined,Set3,Draw1,6,15,1,1,0.0,7,0.0,False,False,False,False,False,False,True,3,1,3,1,2,0,0,0,445:1;4455:1,445:1;4455:1,2,7,0,0.0,0,0,0,0,0,0,0.5,1,4,4,1,0.0,19.5,75.0,3,True,False
Combined,Set3,Draw1,6,29,3,2,0.0,3,0.0,True,False,False,False,False,False,False,3,1,3,1,0,0,0,0,788:1;288:1,887:2;882:1,6,3,1,0.0,0,0,2,0,0,0,0.0,1,4,1,1,0.0,19.0,44.0,2,True,False
Combined,Set3,Draw1,6,12,3,2,0.0,3,0.0,True,False,False,False,False,False,False,3,1,3,1,0,0,0,0,24455:1;2445:1;2455:1,55244:2;5244:2;5524:2,6,3,1,0.0,0,0,2,0,0,0,0.0,0,4,1,1,0.0,18.0,39.0,2,True,False
Combined,Set3,Draw1,6,3,3,2,0.0,3,0.0,True,False,False,False,False,False,False,3,1,3,1,0,0,0,0,255:1;557:1,552:2;755:1,6,3,1,0.0,0,0,2,0,0,0,0.0,1,4,0,1,0.0,18.0,36.5,1,True,False
Combined,Set3,Draw1,6,30,3,2,0.0,3,0.0,False,False,False,False,False,False,False,3,1,3,1,0,0,0,0,44788:1;4478:1;244788:1,44887:1;8447:1;244887:1,6,3,1,0.0,0,0,0,0,0,0,0.0,0,4,1,1,0.0,16.0,38.5,2,True,False
Combined,Set3,Draw1,6,5,1,1,0.0,6,0.0,False,False,False,False,False,False,False,3,1,3,1,0,0,0,0,455:1,455:1,2,6,0,0.0,0,0,0,0,0,0,0.0,1,4,0,1,0.0,14.0,47.0,1,True,False
Combined,Set3,Draw1,6,4,1,1,0.0,5,0.0,False,False,False,False,False,False,False,3,1,3,1,0,0,0,0,558:1;5588:1,558:1;5588:1,2,5,0,0.0,0,0,0,0,0,0,0.0,1,4,0,1,0.0,13.0,43.0,1,True,False
Combined,Set3,Draw1,6,14,1,1,0.0,4,0.0,False,False,False,False,False,False,False,2,1,2,1,0,0,0,0,445588:1;45588:1;44588:1,558844:1;55884:1;58844:1,2,4,0,0.0,0,0,0,0,0,0,0.0,0,2,4,1,0.0,13.0,45.0,3,True,False
Combined,Set3,Draw1,6,11,2,1,0.0,2,0.0,False,False,False,False,False,False,False,3,1,3,1,0,0,0,0,55788:1;5788:1;5578:1,88755:1;8875:1;8755:1,4,2,0,0.0,0,0,0,0,0,0,0.0,0,4,0,1,0.0,11.0,67.0,1,True,False
Combined,Set3,Draw1,6,13,1,1,0.0,4,0.0,False,False,False,False,False,False,False,2,1,2,1,0,0,0,0,588:1,588:1,2,4,0,0.0,0,0,0,0,0,0,0.0,1,2,0,1,0.0,10.0,47.5,1,True,False
Combined,Set3,Draw1,6,10,1,1,0.0,2,0.0,False,False,False,False,False,False,True,1,1,1,1,1,0,0,0,2557:1,7552:1,2,2,0,0.0,0,0,0,0,0,0,0.5,0,0,0,1,0.0,5.5,32.5,1,True,False
Combined,Set3,Draw1,6,27,1,1,0.0,2,0.0,False,False,False,False,False,False,False,1,1,1,1,0,0,0,0,2788:1,7882:1,2,2,0,0.0,0,0,0,0,0,0,0.0,0,0,0,1,0.0,5.0,30.5,1,True,False
Combined,Set3,Draw1,7,5,4,2,0.0,6,0.0,True,True,False,False,False,False,False,3,1,3,1,0,0,0,0,559:1;455:1;0559:1,559:3;455:1;5590:1,8,6,1,0.0,0,0,2,4,0,0,0.0,1,4,1,1,0.0,28.0,47.0,2,True,False
Combined,Set3,Draw1,7,31,4,1,0.0,3,0.0,True,True,False,False,False,False,False,3,1,3,1,0,0,0,0,244:1;22449:1;447:1,244:3;92244:2;447:1,8,3,0,0.0,0,0,2,4,0,0,0.0,1,4,1,1,0.0,24.0,70.5,2,True,False
Combined,Set3,Draw1,7,15,2,1,0.0,7,0.0,False,False,False,False,False,False,True,3,1,3,1,3,0,0,0,445:1;4455:1;044:1,445:1;4455:1;440:1,4,7,0,0.0,0,0,0,0,0,0,0.5,1,4,4,1,0.0,21.5,75.0,3,True,False
Combined,Set3,Draw1,7,12,4,2,0.0,3,0.0,True,False,False,False,False,False,False,3,1,3,1,0,0,0,0,2244559:1;2559:1;224559:1,5592244:2;5592:2;559224:2,8,3,1,0.0,0,0,2,0,0,0,0.0,0,4,1,1,0.0,20.0,39.0,2,True,False
Combined,Set3,Draw1,7,34,1,1,0.0,7,0.0,False,False,False,False,False,False,True,3,1,3,1,2,0,0,0,448:1;4488:1,844:1;8844:1,2,7,0,0.0,0,0,0,0,0,0,0.5,1,4,4,1,0.0,19.5,54.0,3,True,False
Combined,Set3,Draw1,7,33,2,1,0.0,5,0.0,False,False,False,False,False,False,True,3,1,3,1,2,0,0,0,488:1;889:1,884:1;988:1,4,5,0,0.0,0,0,0,0,0,0,0.5,1,4,4,1,0.0,19.5,71.0,3,True,False
Combined,Set3,Draw1,7,29,3,1,0.0,3,0.0,True,False,False,False,False,False,False,3,1,3,1,0,0,0,0,788:1;288:1,887:2;882:1,6,3,0,0.0,0,0,2,0,0,0,0.0,1,4,1,1,0.0,18.0,44.0,2,True,False
Combined,Set3,Draw1,7,28,3,1,0.0,1,0.0,True,True,False,False,False,False,False,1,1,1,1,0,0,0,0,224:1;2244:1;2249:1,224:3;2244:3;9224:2,6,1,0,0.0,0,0,2,4,0,0,0.0,1,0,1,1,0.0,16.0,33.0,2,True,False
Combined,Set3,Draw1,7,14,3,2,0.0,1,0.0,False,False,False,False,False,False,False,2,1,2,1,0,0,0,0,04455889:1;0445889:1;044889:1,55908844:1;5908844:1;908844:1,6,1,1,0.0,0,0,0,0,0,0,0.0,0,2,4,0,0.0,14.0,45.0,3,False,False
Combined,Set3,Draw1,7,30,2,1,0.0,3,0.0,False,False,False,False,False,False,False,3,1,3,1,0,0,0,0,44788:1;4478:1;2244889:1,88447:1;8447:1;9882244:1,4,3,0,0.0,0,0,0,0,0,0,0.0,0,4,1,1,0.0,13.0,38.5,2,True,False
Combined,Set3,Draw1,7,3,2,1,0.0,3,0.0,False,False,False,False,False,False,False,3,1,3,1,0,0,0,0,255:1;0557:1;057:1,255:1;7055:1;705:1,4,3,0,0.0,0,0,0,0,0,0,0.0,1,4,0,1,0.0,13.0,36.5,1,True,False
Combined,Set3,Draw1,7,13,2,1,0.0,1,0.0,True,False,False,False,False,False,False,2,1,2,1,0,0,0,0,088:1,088:2,4,1,0,0.0,0,0,2,0,0,0,0.0,1,2,0,0,0.0,10.0,47.5,1,False,False
Combined,Set3,Draw1,7,11,2,2,0.0,1,0.0,False,False,False,False,False,False,False,2,1,2,1,0,0,0,0,055788:1;05788:1;05578:1,887055:1;88705:1;87055:1,4,1,1,0.0,0,0,0,0,0,0,0.0,0,2,0,1,0.0,9.0,67.0,1,True,False
Combined,Set3,Draw1,7,1,1,1,0.0,1,0.0,False,False,False,False,False,False,False,2,1,2,1,0,0,0,0,055:1,055:1,2,1,0,0.0,0,0,0,0,0,0,0.0,1,2,0,0,0.0,6.0,31.5,1,False,False
Combined,Set3,Draw1,7,27,1,1,0.0,1,0.0,False,False,False,False,False,False,False,1,1,1,1,0,0,0,0,2288:1;228:1,8822:1;822:1,2,1,0,0.0,0,0,0,0,0,0,0.0,1,0,1,1,0.0,6.0,30.5,2,True,False
Combined,Set3,Draw1,7,10,1,1,0.0,1,0.0,False,False,False,False,False,False,True,1,1,1,1,2,0,0,0,225:1;2255:1,225:1;2255:1,2,1,0,0.0,0,0,0,0,0,0,0.5,1,0,0,1,0.0,5.5,32.5,1,True,False
Evening,Set1,Draw1,1,15,4,1,0.0,1,1.0,True,True,True,True,False,True,False,1,1,1,1,0,0,1,1,049:1,094:4,8,1,0,0.0,2,1,2,4,0,1,0.0,0,0,0,1,0.0,20.0,75.0,1,True,False
Evening,Set1,Draw1,2,35,4,1,0.0,2,1.0,True,True,True,False,True,True,False,1,2,1,2,0,0,1,1,449:1,944:4,8,2,0,0.0,2,1,2,4,1,1,0.0,1,1,0,0,0.0,23.0,44.0,1,False,False
Evening,Set1,Draw1,3,35,4,1,0.0,2,1.0,True,True,True,False,True,True,False,1,2,1,2,0,0,1,1,449:1,944:4,8,2,0,0.0,2,1,2,4,1,1,0.0,1,1,0,0,0.0,23.0,44.0,1,False,False
Evening,Set1,Draw1,4,31,3,1,0.0,4,1.0,True,True,False,False,False,False,True,3,6,3,6,3,3,0,0,2449:1;249:1;244:1,9244:3;924:3;244:3,6,4,0,0.0,0,1,2,4,0,0,0.5,1,9,1,1,0.0,29.5,70.5,2,True,False
Evening,Set1,Draw1,4,12,4,3,0.0,4,1.0,True,False,False,False,False,False,False,3,4,3,4,0,8,0,0,002449:1;02449:1;029:1,009244:2;09244:2;092:2,8,4,2,0.0,0,1,2,0,0,0,0.0,0,7,4,1,0.0,29.0,39.0,3,True,False
Evening,Set1,Draw1,4,5,4,2,0.0,4,1.0,True,False,False,False,False,False,False,2,4,2,4,0,4,0,0,009:1;0044:1;004:1,009:2;4400:1;400:1,8,4,1,0.0,0,1,2,0,0,0,0.0,1,5,1,1,0.0,24.0,47.0,2,True,False
Evening,Set1,Draw1,4,15,2,2,0.0,4,1.0,False,False,False,False,False,False,False,3,4,3,4,0,2,0,0,044:1;00449:1,440:1;90044:1,4,4,1,0.0,0,1,0,0,0,0,0.0,1,7,1,1,0.0,20.0,75.0,2,True,False
Evening,Set1,Draw1,5,31,3,1,0.0,4,1.0,True,True,False,False,False,False,True,3,6,3,6,3,3,0,0,2449:1;249:1;244:1,9244:3;924:3;244:3,6,4,0,0.0,0,1,2,4,0,0,0.5,1,9,1,1,0.0,29.5,70.5,2,True,False
Evening,Set1,Draw1,5,12,4,3,0.0,4,1.0,True,False,False,False,False,False,False,3,4,3,4,0,8,0,0,002449:1;02449:1;029:1,009244:2;09244:2;092:2,8,4,2,0.0,0,1,2,0,0,0,0.0,0,7,4,1,0.0,29.0,39.0,3,True,False
Evening,Set1,Draw1,5,5,4,2,0.0,4,1.0,True,False,False,False,False,False,False,2,4,2,4,0,4,0,0,009:1;0044:1;004:1,009:2;4400:1;400:1,8,4,1,0.0,0,1,2,0,0,0,0.0,1,5,1,1,0.0,24.0,47.0,2,True,False
Evening,Set1,Draw1,5,15,2,2,0.0,4,1.0,False,False,False,False,False,False,False,3,4,3,4,0,2,0,0,044:1;00449:1,440:1;90044:1,4,4,1,0.0,0,1,0,0,0,0,0.0,1,7,1,1,0.0,20.0,75.0,2,True,False
Evening,Set1,Draw1,6,31,3,1,0.0,4,0.0,True,True,False,False,False,False,True,3,6,3,6,3,0,0,0,244:1;2449:1;249:1,244:3;9244:1;924:1,6,4,0,0.0,0,0,2,4,0,0,0.5,1,9,1,1,0.0,28.5,70.5,2,True,False
Evening,Set1,Draw1,6,12,2,1,0.0,4,0.0,False,False,False,False,False,False,False,3,4,3,4,0,0,0,0,02449:1;0244:1;002449:1,92440:1;2440:1;924400:1,4,4,0,0.0,0,0,0,0,0,0,0.0,0,7,4,1,0.0,20.0,39.0,3,True,False
Evening,Set1,Draw1,6,5,3,2,0.0,4,0.0,False,False,False,False,False,False,False,2,4,2,4,0,0,0,0,009:1;0044:1;004:1,900:1;4400:1;400:1,6,4,1,0.0,0,0,0,0,0,0,0.0,1,5,1,1,0.0,19.0,47.0,2,True,False
Evening,Set1,Draw1,6,30,2,1,0.0,2,0.0,True,False,False,False,False,False,False,3,2,3,2,0,0,0,0,2344:1;234:1;23449:1,3244:2;324:2;93244:2,4,2,0,0.0,0,0,2,0,0,0,0.0,0,5,4,1,0.0,18.0,38.5,3,True,False
Evening,Set1,Draw1,6,9,3,2,0.0,2,0.0,False,False,False,False,False,False,True,3,2,3,2,4,0,0,0,00144:1;0019:1;019:1,44001:1;1009:1;019:1,6,2,1,0.0,0,0,0,0,0,0,0.5,0,5,1,1,0.0,16.5,43.0,2,True,False
Evening,Set1,Draw1,6,24,2,1,0.0,2,0.0,False,False,False,False,False,False,True,3,2,3,2,2,0,0,0,1344:1;139:1,3441:1;193:1,4,2,0,0.0,0,0,0,0,0,0,0.5,0,5,4,1,0.0,16.5,54.0,3,True,False
Evening,Set1,Draw1,6,15,1,1,0.0,4,0.0,False,False,False,False,False,False,False,3,4,3,4,0,0,0,0,044:1,440:1,2,4,0,0.0,0,0,0,0,0,0,0.0,1,7,1,1,0.0,16.0,75.0,2,True,False
Evening,Set1,Draw1,6,2,3,2,0.0,2,0.0,True,False,False,False,False,False,False,2,2,2,2,0,0,0,0,001:1,001:2,6,2,1,0.0,0,0,2,0,0,0,0.0,1,3,0,1,0.0,16.0,23.5,1,True,False
Evening,Set1,Draw1,6,14,2,2,0.0,2,0.0,False,False,False,False,False,False,False,3,1,3,1,0,0,0,0,0039:1;0344:1;039:1,9003:1;0344:1;093:1,4,2,1,0.0,0,0,0,0,0,0,0.0,0,4,4,0,0.0,15.0,45.0,3,False,False
Evening,Set1,Draw1,6,8,1,1,0.0,2,0.0,False,False,False,False,False,False,False,3,2,3,2,0,0,0,0,013:1;0013:1,013:1;0013:1,2,2,0,0.0,0,0,0,0,0,0,0.0,0,5,4,1,0.0,14.0,72.5,3,True,False
Evening,Set1,Draw1,6,34,1,1,0.0,2,0.0,False,False,False,False,False,False,True,3,2,3,2,1,0,0,0,344:1,344:1,2,2,0,0.0,0,0,0,0,0,0,0.5,1,5,1,1,0.0,12.5,54.0,2,True,False
Evening,Set1,Draw1,6,25,1,1,0.0,1,0.0,False,False,False,False,False,False,True,3,2,3,2,1,0,0,0,144:1,441:1,2,1,0,0.0,0,0,0,0,0,0,0.5,1,5,1,1,0.0,11.5,33.0,2,True,False
Evening,Set1,Draw1,6,4,1,1,0.0,1,0.0,False,False,False,False,False,False,False,2,1,2,1,0,0,0,0,003:1,003:1,2,1,0,0.0,0,0,0,0,0,0,0.0,1,2,0,1,0.0,7.0,43.0,1,True,False
Evening,Set1,Draw1,7,31,4,1,0.0,4,0.0,True,True,False,False,False,False,True,3,6,3,6,4,0,0,0,244:1;2449:1;249:1,244:3;9244:1;924:1,8,4,0,0.0,0,0,2,4,0,0,0.5,1,9,4,1,0.0,33.5,70.5,3,True,False
Evening,Set1,Draw1,7,12,3,1,0.0,4,0.0,False,False,False,False,False,False,False,3,4,3,4,0,0,0,0,02449:1;0244:1;002449:1,92440:1;2440:1;924400:1,6,4,0,0.0,0,0,0,0,0,0,0.0,0,7,4,1,0.0,22.0,39.0,3,True,False
Evening,Set1,Draw1,7,23,3,2,0.0,1,0.0,True,False,False,False,False,False,True,3,1,3,1,2,0,0,0,336:1;133:1,336:2;133:1,6,1,1,0.0,0,0,2,0,0,0,0.5,1,4,4,1,0.0,20.5,74.5,3,True,False
Evening,Set1,Draw1,7,33,3,1,0.0,1,0.0,True,False,False,False,False,False,True,3,1,3,1,3,0,0,0,339:1;334:1;3344:1,933:2;334:1;3344:1,6,1,0,0.0,0,0,2,0,0,0,0.5,1,4,4,1,0.0,19.5,71.0,3,True,False
Evening,Set1,Draw1,7,15,1,1,0.0,4,0.0,False,False,False,False,False,False,False,3,4,3,4,0,0,0,0,044:1,440:1,2,4,0,0.0,0,0,0,0,0,0,0.0,1,7,4,1,0.0,19.0,75.0,3,True,False
Evening,Set1,Draw1,7,5,3,2,0.0,4,0.0,False,False,False,False,False,False,False,2,4,2,4,0,0,0,0,009:1;0044:1;004:1,900:1;4400:1;400:1,6,4,1,0.0,0,0,0,0,0,0,0.0,1,5,1,1,0.0,19.0,47.0,2,True,False
Evening,Set1,Draw1,7,30,2,1,0.0,2,0.0,False,False,False,False,False,False,False,3,2,3,2,0,0,0,0,233449:1;23349:1;2344:1,933244:1;93324:1;3244:1,4,2,0,0.0,0,0,0,0,0,0,0.0,0,5,4,1,0.0,16.0,38.5,3,True,False
Evening,Set1,Draw1,7,8,2,1,0.0,2,0.0,False,False,False,False,False,False,False,3,2,3,2,0,0,0,0,01336:1;001336:1;013:1,01336:1;001336:1;013:1,4,2,0,0.0,0,0,0,0,0,0,0.0,0,5,4,1,0.0,16.0,72.5,3,True,False
Evening,Set1,Draw1,7,34,1,1,0.0,2,0.0,False,False,False,False,False,False,True,3,2,3,2,1,0,0,0,344:1,344:1,2,2,0,0.0,0,0,0,0,0,0,0.5,1,5,4,1,0.0,15.5,54.0,3,True,False
Evening,Set1,Draw1,7,24,2,1,0.0,2,0.0,False,False,False,False,False,False,True,3,1,3,1,6,0,0,0,13369:1;33446:1;3346:1,19336:1;63344:1;6334:1,4,2,0,0.0,0,0,0,0,0,0,0.5,0,4,4,1,0.0,15.5,54.0,3,True,False
Evening,Set1,Draw1,7,9,3,1,0.0,2,0.0,False,False,False,False,False,False,True,3,2,3,2,5,0,0,0,00144:1;019:1;0014:1,44001:1;019:1;4001:1,6,2,0,0.0,0,0,0,0,0,0,0.5,0,5,1,1,0.0,15.5,43.0,2,True,False
Evening,Set1,Draw1,7,22,2,1,0.0,1,0.0,False,False,False,False,False,False,True,3,2,3,2,4,0,0,0,2446:1;246:1;1447:1,6244:1;624:1;4471:1,4,1,0,0.0,0,0,0,0,0,0,0.5,0,5,4,1,0.0,15.5,29.0,3,True,False
Evening,Set1,Draw1,7,2,3,1,0.0,2,0.0,True,False,False,False,False,False,False,2,2,2,2,0,0,0,0,001:1;006:1,001:2;006:1,6,2,0,0.0,0,0,2,0,0,0,0.0,1,3,0,1,0.0,15.0,23.5,1,True,False
Evening,Set1,Draw1,7,21,2,1,0.0,1,0.0,False,False,False,False,False,False,False,3,2,3,2,0,0,0,0,13367:1;2336:1;236:1,13367:1;3362:1;362:1,4,1,0,0.0,0,0,0,0,0,0,0.0,0,5,4,1,0.0,15.0,42.0,3,True,False
Evening,Set1,Draw1,7,29,1,1,0.0,1,0.0,False,False,False,False,False,False,False,3,1,3,1,0,0,0,0,233:1,332:1,2,1,0,0.0,0,0,0,0,0,0,0.0,1,4,4,1,0.0,13.0,44.0,3,True,False
Evening,Set1,Draw1,7,3,2,1,0.0,1,0.0,True,False,False,False,False,False,False,2,1,2,1,0,0,0,0,007:1,700:2,4,1,0,0.0,0,0,2,0,0,0,0.0,1,2,1,1,0.0,12.0,36.5,2,True,False
Evening,Set1,Draw1,7,7,2,2,0.0,1,0.0,False,False,False,False,False,False,False,2,1,2,1,0,0,0,0,00167:1;0167:1;0017:1,61700:1;6170:1;1700:1,4,1,1,0.0,0,0,0,0,0,0,0.0,0,2,1,1,0.0,10.0,34.5,2,True,False
Evening,Set1,Draw1,7,14,1,1,0.0,2,0.0,False,False,False,False,False,False,False,3,1,3,1,0,0,0,0,039:1;0339:1;0039:1,093:1;0933:1;0093:1,2,2,0,0.0,0,0,0,0,0,0,0.0,0,4,1,1,0.0,10.0,45.0,2,True,False
Evening,Set1,Draw1,7,18,1,1,0.0,1,0.0,False,False,False,False,False,False,True,3,1,3,1,1,0,0,0,1336:1,1336:1,2,1,0,0.0,0,0,0,0,0,0,0.5,0,4,1,1,0.0,9.5,93.0,2,True,False
Evening,Set1,Draw1,7,17,1,1,0.0,1,0.0,False,False,False,False,False,False,False,2,1,2,1,0,0,0,0,167:1,617:1,2,1,0,0.0,0,0,0,0,0,0,0.0,0,2,0,1,0.0,6.0,48.5,1,True,False
Evening,Set1,Draw2,1,33,4,2,0.0,6,1.0,True,False,False,False,False,False,True,1,6,1,6,2,0,2,0,889:1;488:1,988:2;884:2,8,6,1,0.0,0,1,2,0,0,0,0.5,1,5,0,0,0.0,24.5,71.0,1,False,False
Evening,Set1,Draw2,1,34,4,3,0.0,3,1.0,True,False,False,True,False,False,True,1,4,1,4,2,0,2,0,4889:1;489:1,9884:2;948:1,8,3,2,0.0,0,1,2,0,0,0,0.5,0,3,0,0,0.0,19.5,54.0,1,False,False
Evening,Set1,Draw2,2,33,4,2,0.0,6,1.0,True,False,False,False,False,False,True,1,6,1,6,2,0,2,0,889:1;488:1,988:2;884:2,8,6,1,0.0,0,1,2,0,0,0,0.5,1,5,1,0,0.0,25.5,71.0,2,False,False
Evening,Set1,Draw2,2,34,4,3,0.0,4,1.0,True,False,False,False,False,True,True,1,4,1,4,6,0,6,0,44889:1;448:1;4488:1,98844:2;844:2;8844:2,8,4,2,0.0,0,1,2,0,0,1,0.5,1,3,0,0,0.0,22.5,54.0,1,False,False
Evening,Set1,Draw2,2,35,2,1,0.0,2,1.0,True,False,False,False,False,True,False,1,2,1,2,0,0,1,0,449:1,944:2,4,2,0,0.0,0,1,2,0,0,1,0.0,1,1,0,0,0.0,12.0,44.0,1,False,False
Evening,Set1,Draw2,3,33,3,2,0.0,6,1.0,True,False,False,False,False,True,True,1,6,1,6,2,2,0,0,889:1;488:1,988:2;884:2,6,6,1,0.0,0,1,2,0,0,1,0.5,1,5,1,0,0.0,24.5,71.0,2,False,False
Evening,Set1,Draw2,3,34,3,2,0.0,4,1.0,True,False,False,False,False,True,True,1,4,1,4,5,5,0,0,4889:1;448:1;4488:1,9884:2;844:2;8844:2,6,4,1,0.0,0,1,2,0,0,1,0.5,1,3,1,0,0.0,20.5,54.0,2,False,False
Evening,Set1,Draw2,3,14,4,4,0.0,1,1.0,False,False,False,False,False,True,False,1,3,1,3,0,8,0,0,445889:1;45889:1;44589:1,594488:1;59884:1;59448:1,8,1,3,0.0,0,1,0,0,0,1,0.0,0,2,4,0,0.0,20.0,45.0,3,False,False
Evening,Set1,Draw2,3,15,3,1,0.0,4,1.0,True,False,False,False,False,True,False,1,5,1,5,0,3,0,0,445:1;4459:1;459:1,5944:2;594:2;445:1,6,4,0,0.0,0,1,2,0,0,1,0.0,1,4,1,0,0.0,20.0,75.0,2,False,False
Evening,Set1,Draw2,3,35,2,1,0.0,2,1.0,True,False,False,False,False,True,False,1,2,1,2,0,1,0,0,449:1,944:2,4,2,0,0.0,0,1,2,0,0,1,0.0,1,1,0,0,0.0,12.0,44.0,1,False,False
Evening,Set1,Draw2,3,13,1,1,0.0,1,1.0,False,False,False,False,False,True,False,1,2,1,2,0,1,0,0,588:1,885:1,2,1,0,0.0,0,1,0,0,0,1,0.0,1,1,1,0,0.0,8.0,47.5,2,False,False
Evening,Set1,Draw2,4,31,3,1,0.0,3,1.0,True,True,False,False,False,False,True,3,6,3,6,3,3,0,0,244:1;2449:1;249:1,244:3;9244:2;924:2,6,3,0,0.0,0,1,2,4,0,0,0.5,1,9,1,0,0.0,27.5,70.5,2,False,False
Evening,Set1,Draw2,4,12,4,2,0.0,3,1.0,True,False,False,False,False,False,False,3,5,3,5,0,14,0,0,259:1;24459:1;02449:1,592:2;59244:2;5924:2,8,3,1,0.0,0,1,2,0,0,0,0.0,0,8,1,0,0.0,24.0,39.0,2,False,False
Evening,Set1,Draw2,4,33,2,1,0.0,6,1.0,False,False,False,False,False,False,True,1,6,1,6,2,2,0,0,889:1;488:1,988:1;884:1,4,6,0,0.0,0,1,0,0,0,0,0.5,1,5,4,0,0.0,21.5,71.0,3,False,False
Evening,Set1,Draw2,4,13,3,2,0.0,3,1.0,True,False,False,False,False,False,False,1,3,1,3,0,1,0,0,088:1,088:2,6,3,1,0.0,0,1,2,0,0,0,0.0,1,2,4,0,0.0,20.0,47.5,3,False,False
Evening,Set1,Draw2,4,5,4,2,0.0,3,1.0,False,False,False,False,False,False,False,2,4,2,4,0,5,0,0,009:1;0044:1;004:1,900:1;4400:1;400:1,8,3,1,0.0,0,1,0,0,0,0,0.0,1,5,1,0,0.0,20.0,47.0,2,False,False
Evening,Set1,Draw2,4,15,2,1,0.0,4,1.0,False,False,False,False,False,False,False,3,5,3,5,0,2,0,0,044:1;445:1,440:1;445:1,4,4,0,0.0,0,1,0,0,0,0,0.0,1,8,1,0,0.0,19.0,75.0,2,False,False
Evening,Set1,Draw2,4,14,4,2,0.0,3,1.0,False,False,False,False,False,False,False,1,3,1,3,0,16,0,0,005889:1;00445889:1;0044889:1,590088:1;59008844:1;9008844:1,8,3,1,0.0,0,1,0,0,0,0,0.0,0,2,4,0,0.0,19.0,45.0,3,False,False
Evening,Set1,Draw2,4,4,3,2,0.0,3,1.0,True,False,False,False,False,False,False,1,3,1,3,0,4,0,0,008:1;0088:1;00588:1,008:2;0088:2;88005:1,6,3,1,0.0,0,1,2,0,0,0,0.0,1,2,1,0,0.0,17.0,43.0,2,False,False
Evening,Set1,Draw2,4,34,1,1,0.0,4,1.0,False,False,False,False,False,False,True,1,4,1,4,2,2,0,0,4488:1;448:1,8844:1;844:1,2,4,0,0.0,0,1,0,0,0,0,0.5,1,3,1,0,0.0,12.5,54.0,2,False,False
Evening,Set1,Draw2,4,30,1,1,0.0,2,1.0,False,False,False,False,False,False,False,1,4,1,4,0,7,0,0,244889:1;24889:1;24488:1,988244:1;98824:1;88244:1,2,2,0,0.0,0,1,0,0,0,0,0.0,0,3,4,0,0.0,12.0,38.5,3,False,False
Evening,Set1,Draw2,4,29,1,1,0.0,2,1.0,False,False,False,False,False,False,False,1,3,1,3,0,1,0,0,288:1,882:1,2,2,0,0.0,0,1,0,0,0,0,0.0,1,2,4,0,0.0,12.0,44.0,3,False,False
Evening,Set1,Draw2,4,1,1,1,0.0,3,1.0,False,False,False,False,False,False,False,1,3,1,3,0,1,0,0,005:1,005:1,2,3,0,0.0,0,1,0,0,0,0,0.0,1,2,0,0,0.0,9.0,31.5,1,False,False
Evening,Set1,Draw2,5,31,3,1,0.0,3,0.0,True,True,False,False,False,False,True,3,6,3,6,3,0,0,0,244:1;2449:1;249:1,244:3;9244:2;924:2,6,3,0,0.0,0,0,2,4,0,0,0.5,1,9,1,0,0.0,26.5,70.5,2,False,False
Evening,Set1,Draw2,5,12,4,2,0.0,3,0.0,True,False,False,False,False,False,False,3,5,3,5,0,0,0,0,259:1;24459:1;02449:1,592:2;59244:2;5924:2,8,3,1,0.0,0,0,2,0,0,0,0.0,0,8,4,0,0.0,26.0,39.0,3,False,False
Evening,Set1,Draw2,5,33,2,1,0.0,6,0.0,False,False,False,False,False,False,True,1,6,1,6,2,0,0,0,889:1;488:1,988:1;884:1,4,6,0,0.0,0,0,0,0,0,0,0.5,1,5,4,0,0.0,20.5,71.0,3,False,False
Evening,Set1,Draw2,5,5,4,2,0.0,3,0.0,False,False,False,False,False,False,False,2,4,2,4,0,0,0,0,009:1;0044:1;004:1,900:1;4400:1;400:1,8,3,1,0.0,0,0,0,0,0,0,0.0,1,5,1,0,0.0,19.0,47.0,2,False,False
Evening,Set1,Draw2,5,15,2,1,0.0,4,0.0,False,False,False,False,False,False,False,3,5,3,5,0,0,0,0,044:1;445:1,440:1;445:1,4,4,0,0.0,0,0,0,0,0,0,0.0,1,8,1,0,0.0,18.0,75.0,2,False,False
Evening,Set1,Draw2,5,14,4,2,0.0,3,0.0,False,False,False,False,False,False,False,1,3,1,3,0,0,0,0,005889:1;00445889:1;0044889:1,590088:1;59008844:1;9008844:1,8,3,1,0.0,0,0,0,0,0,0,0.0,0,2,4,0,0.0,18.0,45.0,3,False,False
Evening,Set1,Draw2,5,13,3,2,0.0,3,0.0,True,False,False,False,False,False,False,1,3,1,3,0,0,0,0,088:1,088:2,6,3,1,0.0,0,0,2,0,0,0,0.0,1,2,1,0,0.0,16.0,47.5,2,False,False
Evening,Set1,Draw2,5,4,3,2,0.0,3,0.0,True,False,False,False,False,False,False,1,3,1,3,0,0,0,0,008:1;0088:1;00588:1,008:2;0088:2;88005:1,6,3,1,0.0,0,0,2,0,0,0,0.0,1,2,0,0,0.0,15.0,43.0,1,False,False
Evening,Set1,Draw2,5,34,1,1,0.0,4,0.0,False,False,False,False,False,False,True,1,4,1,4,2,0,0,0,4488:1;448:1,8844:1;844:1,2,4,0,0.0,0,0,0,0,0,0,0.5,1,3,1,0,0.0,11.5,54.0,2,False,False
Evening,Set1,Draw2,5,30,1,1,0.0,2,0.0,False,False,False,False,False,False,False,1,4,1,4,0,0,0,0,244889:1;24889:1;24488:1,988244:1;98824:1;88244:1,2,2,0,0.0,0,0,0,0,0,0,0.0,0,3,4,0,0.0,11.0,38.5,3,False,False
Evening,Set1,Draw2,5,29,1,1,0.0,2,0.0,False,False,False,False,False,False,False,1,3,1,3,0,0,0,0,288:1,882:1,2,2,0,0.0,0,0,0,0,0,0,0.0,1,2,4,0,0.0,11.0,44.0,3,False,False
Evening,Set1,Draw2,5,1,1,1,0.0,3,0.0,False,False,False,False,False,False,False,1,3,1,3,0,0,0,0,005:1,005:1,2,3,0,0.0,0,0,0,0,0,0,0.0,1,2,0,0,0.0,8.0,31.5,1,False,False
Evening,Set1,Draw2,6,31,3,1,0.0,3,0.0,True,True,False,False,False,False,True,3,6,3,6,3,0,0,0,244:1;2449:1;249:1,244:3;9244:1;924:1,6,3,0,0.0,0,0,2,4,0,0,0.5,1,9,1,0,0.0,26.5,70.5,2,False,False
Evening,Set1,Draw2,6,12,3,2,0.0,3,0.0,False,False,False,False,False,False,False,3,5,3,5,0,0,0,0,02449:1;0244:1;002449:1,92440:1;2440:1;924400:1,6,3,1,0.0,0,0,0,0,0,0,0.0,0,8,4,0,0.0,22.0,39.0,3,False,False
Evening,Set1,Draw2,6,33,2,1,0.0,6,0.0,False,False,False,False,False,False,True,1,6,1,6,6,0,0,0,889:1;3488:1;34488:1,988:1;8834:1;88344:1,4,6,0,0.0,0,0,0,0,0,0,0.5,1,5,4,0,0.0,20.5,71.0,3,False,False
Evening,Set1,Draw2,6,15,2,1,0.0,4,0.0,False,False,False,False,False,False,False,3,5,3,5,0,0,0,0,044:1;445:1,440:1;445:1,4,4,0,0.0,0,0,0,0,0,0,0.0,1,8,1,0,0.0,18.0,75.0,2,False,False
Evening,Set1,Draw2,6,32,3,2,0.0,1,0.0,True,False,False,False,False,False,True,1,3,1,3,1,0,0,0,388:1,883:2,6,1,1,0.0,0,0,2,0,0,0,0.5,1,2,4,0,0.0,17.5,55.5,3,False,False
Evening,Set1,Draw2,6,5,3,2,0.0,3,0.0,False,False,False,False,False,False,False,2,4,2,4,0,0,0,0,0044:1;004:1;009:1,4400:1;400:1;900:1,6,3,1,0.0,0,0,0,0,0,0,0.0,1,5,1,0,0.0,17.0,47.0,2,False,False
Evening,Set1,Draw2,6,30,2,1,0.0,1,0.0,True,False,False,False,False,False,False,3,2,3,2,0,0,0,0,2344:1;234:1;2344889:1,3244:2;324:2;9883244:1,4,1,0,0.0,0,0,2,0,0,0,0.0,0,5,4,0,0.0,16.0,38.5,3,False,False
Evening,Set1,Draw2,6,24,2,1,0.0,1,0.0,False,False,False,False,False,False,True,3,2,3,2,6,0,0,0,1344:1;134488:1;13448:1,3441:1;883441:1;83441:1,4,1,0,0.0,0,0,0,0,0,0,0.5,0,5,4,0,0.0,14.5,54.0,3,False,False
Evening,Set1,Draw2,6,2,3,2,0.0,1,0.0,True,False,False,False,False,False,False,2,2,2,2,0,0,0,0,001:1;0015:1,001:2;1005:1,6,1,1,0.0,0,0,2,0,0,0,0.0,1,3,0,0,0.0,14.0,23.5,1,False,False
Evening,Set1,Draw2,6,9,3,1,0.0,1,0.0,False,False,False,False,False,False,True,3,2,3,2,5,0,0,0,00144:1;019:1;0014:1,44001:1;019:1;4001:1,6,1,0,0.0,0,0,0,0,0,0,0.5,0,5,1,0,0.0,13.5,43.0,2,False,False
Evening,Set1,Draw2,6,14,2,1,0.0,3,0.0,False,False,False,False,False,False,False,1,3,1,3,0,0,0,0,005889:1;00589:1;00345889:1,590088:1;59008:1;59008834:1,4,3,0,0.0,0,0,0,0,0,0,0.0,0,2,4,0,0.0,13.0,45.0,3,False,False
Evening,Set1,Draw2,6,13,1,1,0.0,3,0.0,False,False,False,False,False,False,False,1,3,1,3,0,0,0,0,088:1;00388:1;0388:1,088:1;00883:1;0883:1,2,3,0,0.0,0,0,0,0,0,0,0.0,1,2,4,0,0.0,12.0,47.5,3,False,False
Evening,Set1,Draw2,6,8,2,1,0.0,1,0.0,False,False,False,False,False,False,False,3,2,3,2,0,0,0,0,013:1;0013:1;001388:1,013:1;0013:1;001388:1,4,1,0,0.0,0,0,0,0,0,0,0.0,0,5,1,0,0.0,11.0,72.5,2,False,False
Evening,Set1,Draw2,6,34,1,1,0.0,1,0.0,False,False,False,False,False,False,True,3,2,3,2,1,0,0,0,344:1,344:1,2,1,0,0.0,0,0,0,0,0,0,0.5,1,5,1,0,0.0,10.5,54.0,2,False,False
Evening,Set1,Draw2,6,25,1,1,0.0,1,0.0,False,False,False,False,False,False,True,3,2,3,2,1,0,0,0,144:1,441:1,2,1,0,0.0,0,0,0,0,0,0,0.5,1,5,1,0,0.0,10.5,33.0,2,False,False
Evening,Set1,Draw2,6,23,2,1,0.0,1,0.0,False,False,False,False,False,False,True,1,1,1,1,3,0,0,0,1388:1;138:1;188:1,1388:1;138:1;881:1,4,1,0,0.0,0,0,0,0,0,0,0.5,1,0,4,0,0.0,10.5,74.5,3,False,False
Evening,Set1,Draw2,6,1,1,1,0.0,3,0.0,False,False,False,False,False,False,False,1,3,1,3,0,0,0,0,005:1,005:1,2,3,0,0.0,0,0,0,0,0,0,0.0,1,2,1,0,0.0,9.0,31.5,2,False,False
Evening,Set1,Draw2,6,4,1,1,0.0,3,0.0,False,False,False,False,False,False,False,1,3,1,3,0,0,0,0,008:1;0088:1,008:1;0088:1,2,3,0,0.0,0,0,0,0,0,0,0.0,1,2,0,0,0.0,8.0,43.0,1,False,False
Evening,Set1,Draw2,6,29,1,1,0.0,1,0.0,False,False,False,False,False,False,False,1,1,1,1,0,0,0,0,2388:1;238:1,8832:1;832:1,2,1,0,0.0,0,0,0,0,0,0,0.0,0,0,4,0,0.0,7.0,44.0,3,False,False
Evening,Set1,Draw3,1,33,4,2,0.0,5,1.0,True,False,False,False,False,False,True,1,6,1,6,2,0,2,0,889:1;488:1,988:2;884:2,8,5,1,0.0,0,1,2,0,0,0,0.5,1,5,0,0,0.0,23.5,71.0,1,False,False
Evening,Set1,Draw3,1,34,4,3,0.0,3,1.0,True,False,False,True,False,False,True,1,4,1,4,2,0,2,0,4889:1;489:1,9884:2;948:1,8,3,2,0.0,0,1,2,0,0,0,0.5,0,3,0,0,0.0,19.5,54.0,1,False,False
Evening,Set1,Draw3,2,31,3,1,0.0,4,1.0,True,True,False,False,False,True,True,3,6,3,6,3,0,3,0,244:1;2449:1;249:1,244:3;9244:2;924:2,6,4,0,0.0,0,1,2,4,0,1,0.5,1,9,0,0,0.0,28.5,70.5,1,False,False
Evening,Set1,Draw3,2,33,4,2,0.0,5,1.0,True,False,False,False,False,False,True,1,6,1,6,2,0,2,0,889:1;488:1,988:2;488:1,8,5,1,0.0,0,1,2,0,0,0,0.5,1,5,1,0,0.0,24.5,71.0,2,False,False
Evening,Set1,Draw3,2,30,4,4,0.0,3,1.0,False,False,False,False,False,True,False,1,4,1,4,0,0,10,0,244889:1;24889:1;2889:1,924488:1;29884:1;2988:1,8,3,3,0.0,0,1,0,0,0,1,0.0,0,3,1,0,0.0,20.0,38.5,2,False,False
Evening,Set1,Draw3,2,34,2,2,0.0,4,1.0,False,False,False,False,False,True,True,1,4,1,4,4,0,4,0,4889:1;448:1;4488:1,9884:1;448:1;4488:1,4,4,1,0.0,0,1,0,0,0,1,0.5,1,3,0,0,0.0,15.5,54.0,1,False,False
Evening,Set1,Draw3,2,29,1,1,0.0,3,1.0,False,False,False,False,False,True,False,1,3,1,3,0,0,1,0,288:1,882:1,2,3,0,0.0,0,1,0,0,0,1,0.0,1,2,0,0,0.0,10.0,44.0,1,False,False
Evening,Set1,Draw3,3,31,3,1,0.0,4,1.0,True,True,False,False,False,True,True,3,6,3,6,3,3,0,0,244:1;2449:1;249:1,244:3;9244:2;924:2,6,4,0,0.0,0,1,2,4,0,1,0.5,1,9,1,0,0.0,29.5,70.5,2,False,False
Evening,Set1,Draw3,3,33,3,2,0.0,5,1.0,True,False,False,False,False,True,True,1,6,1,6,2,2,0,0,889:1;488:1,988:2;488:1,6,5,1,0.0,0,1,2,0,0,1,0.5,1,5,1,0,0.0,23.5,71.0,2,False,False
Evening,Set1,Draw3,3,12,4,2,0.0,3,1.0,True,False,False,False,False,True,False,1,5,1,5,0,4,0,0,259:1;24459:1;2459:1,592:2;59244:2;5924:2,8,3,1,0.0,0,1,2,0,0,1,0.0,0,4,1,0,0.0,21.0,39.0,2,False,False
Evening,Set1,Draw3,3,34,2,2,0.0,4,1.0,False,False,False,False,False,True,True,1,4,1,4,4,4,0,0,4889:1;448:1;4488:1,9884:1;448:1;4488:1,4,4,1,0.0,0,1,0,0,0,1,0.5,1,3,1,0,0.0,16.5,54.0,2,False,False
Evening,Set1,Draw3,3,30,2,2,0.0,3,1.0,False,False,False,False,False,True,False,1,4,1,4,0,8,0,0,244889:1;24489:1;24889:1,924488:1;92448:1;98824:1,4,3,1,0.0,0,1,0,0,0,1,0.0,0,3,1,0,0.0,14.0,38.5,2,False,False
Evening,Set1,Draw3,3,14,2,2,0.0,1,1.0,False,False,False,False,False,True,False,1,3,1,3,0,4,0,0,45889:1;445889:1;5889:1,59884:1;598844:1;5988:1,4,1,1,0.0,0,1,0,0,0,1,0.0,0,2,4,0,0.0,14.0,45.0,3,False,False
Evening,Set1,Draw3,3,15,1,1,0.0,3,1.0,False,False,False,False,False,True,False,1,5,1,5,0,1,0,0,445:1,445:1,2,3,0,0.0,0,1,0,0,0,1,0.0,1,4,1,0,0.0,13.0,75.0,2,False,False
Evening,Set1,Draw3,3,29,1,1,0.0,3,1.0,False,False,False,False,False,True,False,1,3,1,3,0,1,0,0,288:1,882:1,2,3,0,0.0,0,1,0,0,0,1,0.0,1,2,0,0,0.0,10.0,44.0,1,False,False
Evening,Set1,Draw3,3,13,1,1,0.0,1,1.0,False,False,False,False,False,True,False,1,2,1,2,0,1,0,0,588:1,885:1,2,1,0,0.0,0,1,0,0,0,1,0.0,1,1,1,0,0.0,8.0,47.5,2,False,False
Evening,Set1,Draw3,4,31,3,1,0.0,4,0.0,True,True,False,False,False,False,True,3,6,3,6,2,0,0,0,244:1;22449:1,244:3;92244:2,6,4,0,0.0,0,0,2,4,0,0,0.5,1,9,1,0,0.0,27.5,70.5,2,False,False
Evening,Set1,Draw3,4,12,4,2,0.0,3,0.0,True,False,False,False,False,False,False,3,5,3,5,0,0,0,0,259:1;224459:1;0244:1,592:2;592244:2;59224:2,8,3,1,0.0,0,0,2,0,0,0,0.0,0,8,4,0,0.0,26.0,39.0,3,False,False
Evening,Set1,Draw3,4,33,2,1,0.0,5,0.0,False,False,False,False,False,False,True,1,6,1,6,2,0,0,0,889:1;488:1,988:1;884:1,4,5,0,0.0,0,0,0,0,0,0,0.5,1,5,4,0,0.0,19.5,71.0,3,False,False
Evening,Set1,Draw3,4,28,3,1,0.0,2,0.0,True,True,False,False,False,False,True,2,2,2,2,4,0,0,0,224:1;2244:1;2249:1,224:3;2244:3;9224:2,6,2,0,0.0,0,0,2,4,0,0,0.5,1,3,0,0,0.0,18.5,33.0,1,False,False
Evening,Set1,Draw3,4,5,4,2,0.0,2,0.0,False,False,False,False,False,False,False,2,4,2,4,0,0,0,0,009:1;0044:1;004:1,900:1;4400:1;400:1,8,2,1,0.0,0,0,0,0,0,0,0.0,1,5,1,0,0.0,18.0,47.0,2,False,False
Evening,Set1,Draw3,4,15,2,1,0.0,3,0.0,False,False,False,False,False,False,False,3,5,3,5,0,0,0,0,044:1;445:1,440:1;445:1,4,3,0,0.0,0,0,0,0,0,0,0.0,1,8,1,0,0.0,17.0,75.0,2,False,False
Evening,Set1,Draw3,4,14,4,2,0.0,2,0.0,False,False,False,False,False,False,False,1,3,1,3,0,0,0,0,004488:1;005889:1;00445889:1,440088:1;590088:1;59008844:1,8,2,1,0.0,0,0,0,0,0,0,0.0,0,2,4,0,0.0,17.0,45.0,3,False,False
Evening,Set1,Draw3,4,13,3,2,0.0,2,0.0,True,False,False,False,False,False,False,1,3,1,3,0,0,0,0,088:1,088:2,6,2,1,0.0,0,0,2,0,0,0,0.0,1,2,1,0,0.0,15.0,47.5,2,False,False
Evening,Set1,Draw3,4,4,3,2,0.0,2,0.0,True,False,False,False,False,False,False,1,3,1,3,0,0,0,0,008:1;0088:1;00588:1,008:2;0088:2;88005:1,6,2,1,0.0,0,0,2,0,0,0,0.0,1,2,0,0,0.0,14.0,43.0,1,False,False
Evening,Set1,Draw3,4,29,1,1,0.0,3,0.0,False,False,False,False,False,False,False,1,3,1,3,0,0,0,0,288:1,882:1,2,3,0,0.0,0,0,0,0,0,0,0.0,1,2,4,0,0.0,12.0,44.0,3,False,False
Evening,Set1,Draw3,4,34,1,1,0.0,4,0.0,False,False,False,False,False,False,True,1,4,1,4,2,0,0,0,4488:1;448:1,8844:1;844:1,2,4,0,0.0,0,0,0,0,0,0,0.5,1,3,1,0,0.0,11.5,54.0,2,False,False
Evening,Set1,Draw3,4,30,1,1,0.0,3,0.0,False,False,False,False,False,False,False,1,3,1,3,0,0,0,0,2244889:1;2889:1;224889:1,9882244:1;9882:1;988224:1,2,3,0,0.0,0,0,0,0,0,0,0.0,0,2,4,0,0.0,11.0,38.5,3,False,False
Evening,Set1,Draw3,4,1,1,1,0.0,2,0.0,False,False,False,False,False,False,False,1,3,1,3,0,0,0,0,005:1,005:1,2,2,0,0.0,0,0,0,0,0,0,0.0,1,2,0,0,0.0,7.0,31.5,1,False,False
Evening,Set1,Draw3,4,10,1,1,0.0,2,0.0,False,False,False,False,False,False,False,1,2,1,2,0,0,0,0,225:1,225:1,2,2,0,0.0,0,0,0,0,0,0,0.0,1,1,0,0,0.0,6.0,32.5,1,False,False
Evening,Set1,Draw3,4,27,1,1,0.0,1,0.0,False,False,False,False,False,False,False,1,2,1,2,0,0,0,0,2288:1;228:1,8822:1;822:1,2,1,0,0.0,0,0,0,0,0,0,0.0,1,1,0,0,0.0,5.0,30.5,1,False,False
Evening,Set1,Draw3,5,31,3,1,0.0,4,0.0,True,True,False,False,False,False,True,3,6,3,6,2,0,0,0,244:1;22449:1,244:3;92244:2,6,4,0,0.0,0,0,2,4,0,0,0.5,1,9,1,0,0.0,27.5,70.5,2,False,False
Evening,Set1,Draw3,5,12,4,2,0.0,3,0.0,True,False,False,False,False,False,False,3,5,3,5,0,0,0,0,259:1;224459:1;0244:1,592:2;592244:2;59224:2,8,3,1,0.0,0,0,2,0,0,0,0.0,0,8,4,0,0.0,26.0,39.0,3,False,False
Evening,Set1,Draw3,5,28,3,1,0.0,2,0.0,True,True,False,False,False,False,True,2,2,2,2,4,0,0,0,224:1;2244:1;2249:1,224:3;2244:3;9224:2,6,2,0,0.0,0,0,2,4,0,0,0.5,1,3,1,0,0.0,19.5,33.0,2,False,False
Evening,Set1,Draw3,5,23,4,2,0.0,1,0.0,True,False,False,False,False,False,True,1,3,1,3,1,0,0,0,688:1,886:2,8,1,1,0.0,0,0,2,0,0,0,0.5,1,2,4,0,0.0,19.5,74.5,3,False,False
Evening,Set1,Draw3,5,33,2,1,0.0,5,0.0,False,False,False,False,False,False,True,1,6,1,6,2,0,0,0,889:1;488:1,988:1;884:1,4,5,0,0.0,0,0,0,0,0,0,0.5,1,5,4,0,0.0,19.5,71.0,3,False,False
Evening,Set1,Draw3,5,5,4,2,0.0,2,0.0,False,False,False,False,False,False,False,2,4,2,4,0,0,0,0,009:1;0044:1;004:1,900:1;4400:1;400:1,8,2,1,0.0,0,0,0,0,0,0,0.0,1,5,1,0,0.0,18.0,47.0,2,False,False
Evening,Set1,Draw3,5,15,2,1,0.0,3,0.0,False,False,False,False,False,False,False,3,5,3,5,0,0,0,0,044:1;445:1,440:1;445:1,4,3,0,0.0,0,0,0,0,0,0,0.0,1,8,1,0,0.0,17.0,75.0,2,False,False
Evening,Set1,Draw3,5,14,3,1,0.0,2,0.0,False,False,False,False,False,False,False,1,3,1,3,0,0,0,0,004488:1;005889:1;00448:1,440088:1;880059:1;44008:1,6,2,0,0.0,0,0,0,0,0,0,0.0,0,2,4,0,0.0,14.0,45.0,3,False,False
Evening,Set1,Draw3,5,34,1,1,0.0,4,0.0,False,False,False,False,False,False,True,1,4,1,4,2,0,0,0,4488:1;448:1,8844:1;844:1,2,4,0,0.0,0,0,0,0,0,0,0.5,1,3,1,0,0.0,11.5,54.0,2,False,False
Evening,Set1,Draw3,5,13,2,2,0.0,2,0.0,False,False,False,False,False,False,False,1,3,1,3,0,0,0,0,088:1,088:1,4,2,1,0.0,0,0,0,0,0,0,0.0,1,2,1,0,0.0,11.0,47.5,2,False,False
Evening,Set1,Draw3,5,24,2,1,0.0,1,0.0,False,False,False,False,False,False,True,1,2,1,2,3,0,0,0,44688:1;6889:1;4688:1,68844:1;9886:1;6884:1,4,1,0,0.0,0,0,0,0,0,0,0.5,0,1,4,0,0.0,10.5,54.0,3,False,False
Evening,Set1,Draw3,5,4,2,2,0.0,2,0.0,False,False,False,False,False,False,False,1,3,1,3,0,0,0,0,008:1;0088:1;00588:1,008:1;0088:1;88005:1,4,2,1,0.0,0,0,0,0,0,0,0.0,1,2,0,0,0.0,10.0,43.0,1,False,False
Evening,Set1,Draw3,5,8,3,3,0.0,1,0.0,False,False,False,False,False,False,False,1,1,1,1,0,0,0,0,00688:1;0688:1;005688:1,00886:1;0886:1;688005:1,6,1,2,0.0,0,0,0,0,0,0,0.0,0,0,0,0,0.0,9.0,72.5,1,False,False
Evening,Set1,Draw3,5,1,1,1,0.0,2,0.0,False,False,False,False,False,False,False,1,3,1,3,0,0,0,0,005:1,005:1,2,2,0,0.0,0,0,0,0,0,0,0.0,1,2,0,0,0.0,7.0,31.5,1,False,False
Evening,Set1,Draw3,5,10,1,1,0.0,2,0.0,False,False,False,False,False,False,False,1,2,1,2,0,0,0,0,225:1,225:1,2,2,0,0.0,0,0,0,0,0,0,0.0,1,1,1,0,0.0,7.0,32.5,2,False,False
Evening,Set1,Draw3,5,21,1,1,0.0,1,0.0,False,False,False,False,False,False,False,1,1,1,1,0,0,0,0,22688:1;2688:1;2268:1,88622:1;8862:1;8622:1,2,1,0,0.0,0,0,0,0,0,0,0.0,0,0,4,0,0.0,7.0,42.0,3,False,False
Evening,Set1,Draw3,5,22,1,1,0.0,1,0.0,False,False,False,False,False,False,True,2,1,2,1,2,0,0,0,22446:1;2246:1,62244:1;6224:1,2,1,0,0.0,0,0,0,0,0,0,0.5,0,2,1,0,0.0,6.5,29.0,2,False,False
Evening,Set1,Draw3,5,9,1,1,0.0,1,0.0,False,False,False,False,False,False,True,2,1,2,1,2,0,0,0,00569:1;0069:1,59006:1;9006:1,2,1,0,0.0,0,0,0,0,0,0,0.5,0,2,1,0,0.0,6.5,43.0,2,False,False
Evening,Set1,Draw3,5,20,1,1,0.0,1,0.0,False,False,False,False,False,False,True,2,1,2,1,1,0,0,0,226:1,622:1,2,1,0,0.0,0,0,0,0,0,0,0.5,1,2,0,0,0.0,6.5,38.5,1,False,False
Evening,Set1,Draw3,5,2,1,1,0.0,1,0.0,False,False,False,False,False,False,False,2,1,2,1,0,0,0,0,006:1,006:1,2,1,0,0.0,0,0,0,0,0,0,0.0,1,2,0,0,0.0,6.0,23.5,1,False,False
Evening,Set1,Draw4,1,15,3,1,0.0,4,1.0,True,True,False,False,False,True,False,1,4,1,4,0,0,2,0,599:1;4599:1,599:3;5994:2,6,4,0,0.0,0,1,2,4,0,1,0.0,1,3,0,0,0.0,22.0,75.0,1,False,False
Evening,Set1,Draw4,1,33,3,2,0.0,4,1.0,True,False,False,False,False,True,True,1,6,1,6,3,0,3,0,889:1;8899:1;488:1,988:2;9988:2;884:2,6,4,1,0.0,0,1,2,0,0,1,0.5,1,5,0,0,0.0,21.5,71.0,1,False,False
Evening,Set1,Draw4,1,34,3,2,0.0,4,1.0,True,False,False,False,False,True,True,1,4,1,4,5,0,5,0,899:1;4889:1;48899:1,998:2;9884:2;99884:2,6,4,1,0.0,0,1,2,0,0,1,0.5,1,3,0,0,0.0,19.5,54.0,1,False,False
Evening,Set1,Draw4,1,29,2,1,0.0,4,1.0,True,False,False,False,False,True,False,1,3,1,3,0,0,1,0,788:1,887:2,4,4,0,0.0,0,1,2,0,0,1,0.0,1,2,1,0,0.0,16.0,44.0,2,False,False
Evening,Set1,Draw4,1,14,3,3,0.0,3,1.0,False,False,False,False,False,True,False,1,3,1,3,0,0,7,0,458899:1;45889:1;45899:1,599488:1;98845:1;59948:1,6,3,2,0.0,0,1,0,0,0,1,0.0,0,2,0,0,0.0,15.0,45.0,1,False,False
Evening,Set1,Draw4,1,30,3,3,0.0,3,1.0,False,False,False,True,False,True,False,1,3,1,3,0,0,6,0,478899:1;78899:1;7899:1,994887:1;79988:1;7998:1,6,3,2,0.0,0,1,0,0,0,1,0.0,0,2,0,0,0.0,15.0,38.5,1,False,False
Evening,Set1,Draw4,1,35,2,1,0.0,1,1.0,True,False,False,False,False,True,False,1,4,1,4,0,0,1,0,499:1,994:2,4,1,0,0.0,0,1,2,0,0,1,0.0,1,3,0,0,0.0,13.0,44.0,1,False,False
Evening,Set1,Draw4,1,31,1,1,0.0,3,1.0,False,False,False,False,False,True,True,1,3,1,3,1,0,1,0,799:1,799:1,2,3,0,0.0,0,1,0,0,0,1,0.5,1,2,0,0,0.0,10.5,70.5,1,False,False
Evening,Set1,Draw4,1,12,1,1,0.0,2,1.0,False,False,False,False,False,True,False,1,4,1,4,0,0,3,0,5799:1;579:1;45799:1,7599:1;759:1;75994:1,2,2,0,0.0,0,1,0,0,0,1,0.0,0,3,1,0,0.0,10.0,39.0,2,False,False
Evening,Set1,Draw4,1,11,1,1,0.0,3,1.0,False,False,False,False,False,True,False,1,1,1,1,0,0,2,0,5788:1;578:1,8875:1;875:1,2,3,0,0.0,0,1,0,0,0,1,0.0,0,0,1,0,0.0,8.0,67.0,2,False,False
Evening,Set1,Draw4,2,31,4,1,0.0,3,1.0,True,True,False,False,False,True,True,3,6,3,6,8,0,8,0,244:1;2449:1;249:1,244:3;9244:2;924:2,8,3,0,0.0,0,1,2,4,0,1,0.5,1,9,0,0,0.0,29.5,70.5,1,False,False
Evening,Set1,Draw4,2,15,4,1,0.0,4,1.0,True,True,False,False,False,True,False,1,5,1,5,0,0,2,0,599:1;445:1,599:3;445:1,8,4,0,0.0,0,1,2,4,0,1,0.0,1,4,0,0,0.0,25.0,75.0,1,False,False
Evening,Set1,Draw4,2,33,3,2,0.0,4,1.0,True,False,False,False,False,True,True,1,6,1,6,3,0,3,0,889:1;8899:1;488:1,988:2;9988:2;488:1,6,4,1,0.0,0,1,2,0,0,1,0.5,1,5,1,0,0.0,22.5,71.0,2,False,False
Evening,Set1,Draw4,2,12,4,2,0.0,3,1.0,True,False,False,False,False,True,False,1,5,1,5,0,0,10,0,244599:1;24599:1;2599:1,599244:2;59924:2;5992:2,8,3,1,0.0,0,1,2,0,0,1,0.0,0,4,1,0,0.0,21.0,39.0,2,False,False
Evening,Set1,Draw4,2,34,3,2,0.0,4,1.0,True,False,False,False,False,True,True,1,4,1,4,7,0,7,0,899:1;4889:1;48899:1,998:2;9884:1;99884:1,6,4,1,0.0,0,1,2,0,0,1,0.5,1,3,0,0,0.0,19.5,54.0,1,False,False
Evening,Set1,Draw4,2,29,3,1,0.0,4,1.0,True,False,False,False,False,True,False,1,3,1,3,0,0,2,0,788:1;288:1,887:2;882:1,6,4,0,0.0,0,1,2,0,0,1,0.0,1,2,1,0,0.0,18.0,44.0,2,False,False
Evening,Set1,Draw4,2,30,3,2,0.0,3,1.0,False,False,False,False,False,True,False,1,4,1,4,0,0,24,0,244889:1;244899:1;2448899:1,924488:1;992448:1;9924488:1,6,3,1,0.0,0,1,0,0,0,1,0.0,0,3,1,0,0.0,16.0,38.5,2,False,False
Evening,Set1,Draw4,2,14,1,1,0.0,3,1.0,False,False,False,False,False,True,False,1,2,1,2,0,0,4,0,458899:1;4458899:1;58899:1,599884:1;5998844:1;59988:1,2,3,0,0.0,0,1,0,0,0,1,0.0,0,1,1,0,0.0,9.0,45.0,2,False,False
Evening,Set1,Draw4,2,11,1,1,0.0,3,1.0,False,False,False,False,False,True,False,1,1,1,1,0,0,2,0,5788:1;578:1,8875:1;875:1,2,3,0,0.0,0,1,0,0,0,1,0.0,0,0,1,0,0.0,8.0,67.0,2,False,False
Evening,Set1,Draw4,3,31,4,1,0.0,3,0.0,True,True,False,False,False,True,True,3,6,3,6,8,0,0,0,244:1;2449:1;249:1,244:3;9244:2;924:2,8,3,0,0.0,0,0,2,4,0,1,0.5,1,9,1,0,0.0,29.5,70.5,2,False,False
Evening,Set1,Draw4,3,15,4,1,0.0,4,0.0,True,True,False,False,False,True,False,1,5,1,5,0,0,0,0,599:1;445:1;4455:1,599:3;445:1;4455:1,8,4,0,0.0,0,0,2,4,0,1,0.0,1,4,1,0,0.0,25.0,75.0,2,False,False
Evening,Set1,Draw4,3,33,3,2,0.0,4,0.0,True,False,False,False,False,True,True,1,6,1,6,3,0,0,0,889:1;8899:1;488:1,988:2;9988:2;488:1,6,4,1,0.0,0,0,2,0,0,1,0.5,1,5,1,0,0.0,21.5,71.0,2,False,False
Evening,Set1,Draw4,3,5,4,1,0.0,2,0.0,True,True,False,False,False,True,False,1,2,1,2,0,0,0,0,559:1;5599:1;455:1,559:3;5599:3;455:1,8,2,0,0.0,0,0,2,4,0,1,0.0,1,1,1,0,0.0,20.0,47.0,2,False,False
Evening,Set1,Draw4,3,12,4,2,0.0,3,0.0,True,False,False,False,False,True,False,1,5,1,5,0,0,0,0,244599:1;2445599:1;24599:1,599244:2;5599244:2;59924:2,8,3,1,0.0,0,0,2,0,0,1,0.0,0,4,1,0,0.0,20.0,39.0,2,False,False
Evening,Set1,Draw4,3,34,3,2,0.0,4,0.0,True,False,False,False,False,True,True,1,4,1,4,7,0,0,0,899:1;4889:1;48899:1,998:2;9884:1;99884:1,6,4,1,0.0,0,0,2,0,0,1,0.5,1,3,1,0,0.0,19.5,54.0,2,False,False
Evening,Set1,Draw4,3,30,3,2,0.0,3,0.0,False,False,False,False,False,True,False,1,4,1,4,0,0,0,0,244889:1;244899:1;2448899:1,924488:1;992448:1;9924488:1,6,3,1,0.0,0,0,0,0,0,1,0.0,0,3,4,0,0.0,18.0,38.5,3,False,False
Evening,Set1,Draw4,3,29,3,1,0.0,4,0.0,True,False,False,False,False,True,False,1,3,1,3,0,0,0,0,788:1;288:1,887:2;882:1,6,4,0,0.0,0,0,2,0,0,1,0.0,1,2,1,0,0.0,17.0,44.0,2,False,False
Evening,Set1,Draw4,3,3,2,1,0.0,2,0.0,False,False,False,False,False,True,False,1,2,1,2,0,0,0,0,255:1;557:1,255:1;755:1,4,2,0,0.0,0,0,0,0,0,1,0.0,1,1,1,0,0.0,10.0,36.5,2,False,False
Evening,Set1,Draw4,3,14,1,1,0.0,3,0.0,False,False,False,False,False,True,False,1,2,1,2,0,0,0,0,458899:1;44558899:1;4458899:1,599884:1;55998844:1;5998844:1,2,3,0,0.0,0,0,0,0,0,1,0.0,0,1,1,0,0.0,8.0,45.0,2,False,False
Evening,Set1,Draw4,3,11,1,1,0.0,3,0.0,False,False,False,False,False,True,False,1,1,1,1,0,0,0,0,5788:1;55788:1;578:1,8875:1;88755:1;875:1,2,3,0,0.0,0,0,0,0,0,1,0.0,0,0,1,0,0.0,7.0,67.0,2,False,False
Evening,Set1,Draw4,4,15,4,2,0.0,4,0.0,True,True,False,False,False,False,False,3,5,3,5,0,0,0,0,599:1;044:1;445:1,599:3;440:1;445:1,8,4,1,0.0,0,0,2,4,0,0,0.0,1,8,1,0,0.0,29.0,75.0,2,False,False
Evening,Set1,Draw4,4,31,4,1,0.0,3,0.0,True,True,False,False,False,False,True,3,6,3,6,6,0,0,0,244:1;22449:1;299:1,244:3;92244:2;992:2,8,3,0,0.0,0,0,2,4,0,0,0.5,1,9,1,0,0.0,28.5,70.5,2,False,False
Evening,Set1,Draw4,4,5,4,2,0.0,2,0.0,True,True,False,False,False,False,False,2,4,2,4,0,0,0,0,559:1;5599:1;009:1,559:3;5599:3;900:1,8,2,1,0.0,0,0,2,4,0,0,0.0,1,5,4,0,0.0,27.0,47.0,3,False,False
Evening,Set1,Draw4,4,12,4,2,0.0,3,0.0,True,False,False,False,False,False,False,3,5,3,5,0,0,0,0,22445599:1;25599:1;2245599:1,55992244:2;55992:2;5599224:2,8,3,1,0.0,0,0,2,0,0,0,0.0,0,8,4,0,0.0,26.0,39.0,3,False,False
Evening,Set1,Draw4,4,28,3,1,0.0,1,0.0,True,True,False,False,False,False,True,2,2,2,2,5,0,0,0,224:1;2244:1;2249:1,224:3;2244:3;9224:2,6,1,0,0.0,0,0,2,4,0,0,0.5,1,3,1,0,0.0,18.5,33.0,2,False,False
Evening,Set1,Draw4,4,33,2,1,0.0,4,0.0,False,False,False,False,False,False,True,1,6,1,6,3,0,0,0,889:1;488:1;8899:1,988:1;884:1;9988:1,4,4,0,0.0,0,0,0,0,0,0,0.5,1,5,4,0,0.0,18.5,71.0,3,False,False
Evening,Set1,Draw4,4,3,3,1,0.0,2,0.0,True,False,False,False,False,False,False,2,2,2,2,0,0,0,0,007:1;255:1;00557:1,700:2;255:1;70055:1,6,2,0,0.0,0,0,2,0,0,0,0.0,1,3,4,0,0.0,18.0,36.5,3,False,False
Evening,Set1,Draw4,4,29,3,1,0.0,4,0.0,True,False,False,False,False,False,False,1,3,1,3,0,0,0,0,788:1;288:1,887:2;882:1,6,4,0,0.0,0,0,2,0,0,0,0.0,1,2,1,0,0.0,16.0,44.0,2,False,False
Evening,Set1,Draw4,4,14,3,2,0.0,1,0.0,False,False,False,False,False,False,False,1,3,1,3,0,0,0,0,0044889:1;004488:1;00558899:1,9008844:1;440088:1;55990088:1,6,1,1,0.0,0,0,0,0,0,0,0.0,0,2,4,0,0.0,14.0,45.0,3,False,False
Evening,Set1,Draw4,4,34,2,1,0.0,4,0.0,False,False,False,False,False,False,True,1,4,1,4,3,0,0,0,899:1;4488:1;448:1,998:1;8844:1;844:1,4,4,0,0.0,0,0,0,0,0,0,0.5,1,3,1,0,0.0,13.5,54.0,2,False,False
Evening,Set1,Draw4,4,30,2,1,0.0,3,0.0,False,False,False,False,False,False,False,1,3,1,3,0,0,0,0,22448899:1;2244889:1;44788:1,99882244:1;9882244:1;88447:1,4,3,0,0.0,0,0,0,0,0,0,0.0,0,2,4,0,0.0,13.0,38.5,3,False,False
Evening,Set1,Draw4,4,4,2,1,0.0,1,0.0,True,False,False,False,False,False,False,1,3,1,3,0,0,0,0,008:1;0088:1,008:2;0088:2,4,1,0,0.0,0,0,2,0,0,0,0.0,1,2,1,0,0.0,11.0,43.0,2,False,False
Evening,Set1,Draw4,4,13,2,1,0.0,1,0.0,True,False,False,False,False,False,False,1,3,1,3,0,0,0,0,088:1,088:2,4,1,0,0.0,0,0,2,0,0,0,0.0,1,2,1,0,0.0,11.0,47.5,2,False,False
Evening,Set1,Draw4,4,11,2,2,0.0,1,0.0,False,False,False,False,False,False,False,1,1,1,1,0,0,0,0,0055788:1;005788:1;005578:1,8870055:1;887005:1;870055:1,4,1,1,0.0,0,0,0,0,0,0,0.0,0,0,1,0,0.0,7.0,67.0,2,False,False
Evening,Set1,Draw4,4,1,1,1,0.0,1,0.0,False,False,False,False,False,False,False,1,3,1,3,0,0,0,0,005:1;0055:1;055:1,005:1;0055:1;055:1,2,1,0,0.0,0,0,0,0,0,0,0.0,1,2,0,0,0.0,6.0,31.5,1,False,False
Evening,Set1,Draw4,4,10,1,1,0.0,1,0.0,False,False,False,False,False,False,False,1,2,1,2,0,0,0,0,225:1;2255:1,225:1;2255:1,2,1,0,0.0,0,0,0,0,0,0,0.0,1,1,1,0,0.0,6.0,32.5,2,False,False
Evening,Set1,Draw4,4,27,1,1,0.0,1,0.0,False,False,False,False,False,False,False,1,2,1,2,0,0,0,0,2288:1;228:1,8822:1;822:1,2,1,0,0.0,0,0,0,0,0,0,0.0,1,1,1,0,0.0,6.0,30.5,2,False,False
Evening,Set1,Draw5,1,23,4,2,0.0,3,1.0,True,False,False,False,False,False,True,1,3,1,3,1,0,1,0,688:1,886:2,8,3,1,0.0,0,1,2,0,0,0,0.5,1,2,4,0,0.0,22.5,74.5,3,False,False
Evening,Set1,Draw5,1,15,3,1,0.0,3,1.0,True,True,False,False,False,True,False,1,4,1,4,0,0,2,0,599:1;4599:1,599:3;5994:2,6,3,0,0.0,0,1,2,4,0,1,0.0,1,3,0,0,0.0,21.0,75.0,1,False,False
Evening,Set1,Draw5,1,33,3,2,0.0,3,1.0,False,False,False,False,False,True,True,1,6,1,6,3,0,3,0,889:1;8899:1;488:1,988:1;9988:1;488:1,6,3,1,0.0,0,1,0,0,0,1,0.5,1,5,1,0,0.0,19.5,71.0,2,False,False
Evening,Set1,Draw5,1,24,3,3,0.0,3,1.0,False,False,False,True,False,True,True,1,2,1,2,8,0,8,0,468899:1;46889:1;4688:1,994886:1;94886:1;4886:1,6,3,2,0.0,0,1,0,0,0,1,0.5,0,1,1,0,0.0,15.5,54.0,2,False,False
Evening,Set1,Draw5,1,21,2,2,0.0,3,1.0,False,False,False,False,False,True,False,1,2,1,2,0,0,4,0,67788:1;6778:1;6788:1,88677:1;8677:1;8867:1,4,3,1,0.0,0,1,0,0,0,1,0.0,0,1,4,0,0.0,15.0,42.0,3,False,False
Evening,Set1,Draw5,1,29,1,1,0.0,3,1.0,False,False,False,False,False,True,False,1,3,1,3,0,0,1,0,788:1,887:1,2,3,0,0.0,0,1,0,0,0,1,0.0,1,2,4,0,0.0,14.0,44.0,3,False,False
Evening,Set1,Draw5,1,34,2,1,0.0,3,1.0,False,False,False,False,False,True,True,1,4,1,4,5,0,5,0,899:1;4889:1;48899:1,998:1;9488:1;99488:1,4,3,0,0.0,0,1,0,0,0,1,0.5,1,3,0,0,0.0,13.5,54.0,1,False,False
Evening,Set1,Draw5,1,35,2,1,0.0,1,1.0,True,False,False,False,False,True,False,1,4,1,4,0,0,1,0,499:1,994:2,4,1,0,0.0,0,1,2,0,0,1,0.0,1,3,0,0,0.0,13.0,44.0,1,False,False
Evening,Set1,Draw5,1,9,2,1,0.0,3,1.0,False,False,False,False,False,True,True,1,3,1,3,2,0,2,0,5699:1;456:1,5996:1;645:1,4,3,0,0.0,0,1,0,0,0,1,0.5,0,2,1,0,0.0,12.5,43.0,2,False,False
Evening,Set1,Draw5,1,28,2,1,0.0,3,1.0,False,False,False,False,False,True,True,1,3,1,3,3,0,3,0,477:1;779:1;7799:1,477:1;779:1;7799:1,4,3,0,0.0,0,1,0,0,0,1,0.5,1,2,0,0,0.0,12.5,33.0,1,False,False
Evening,Set1,Draw5,1,20,1,1,0.0,3,1.0,False,False,False,False,False,True,True,1,3,1,3,1,0,1,0,677:1,677:1,2,3,0,0.0,0,1,0,0,0,1,0.5,1,2,1,0,0.0,11.5,38.5,2,False,False
Evening,Set1,Draw5,1,30,2,1,0.0,3,1.0,False,False,False,False,False,True,False,1,3,1,3,0,0,8,0,778899:1;78899:1;77899:1,779988:1;79988:1;77998:1,4,3,0,0.0,0,1,0,0,0,1,0.0,0,2,0,0,0.0,11.0,38.5,1,False,False
Evening,Set1,Draw5,1,10,1,1,0.0,3,1.0,False,False,False,False,False,True,False,1,3,1,3,0,0,1,0,577:1,775:1,2,3,0,0.0,0,1,0,0,0,1,0.0,1,2,1,0,0.0,11.0,32.5,2,False,False
Evening,Set1,Draw5,1,25,1,1,0.0,3,1.0,False,False,False,False,False,True,True,1,3,1,3,1,0,1,0,699:1,996:1,2,3,0,0.0,0,1,0,0,0,1,0.5,1,2,0,0,0.0,10.5,33.0,1,False,False
Evening,Set1,Draw5,1,31,1,1,0.0,3,1.0,False,False,False,False,False,True,True,1,3,1,3,1,0,1,0,799:1,799:1,2,3,0,0.0,0,1,0,0,0,1,0.5,1,2,0,0,0.0,10.5,70.5,1,False,False
Evening,Set1,Draw5,1,12,1,1,0.0,2,1.0,False,False,False,False,False,True,False,1,4,1,4,0,0,6,0,57799:1;5799:1;5779:1,77599:1;7599:1;7759:1,2,2,0,0.0,0,1,0,0,0,1,0.0,0,3,1,0,0.0,10.0,39.0,2,False,False
Evening,Set1,Draw5,1,27,1,1,0.0,3,1.0,False,False,False,False,False,True,False,1,2,1,2,0,0,2,0,7788:1;778:1,8877:1;877:1,2,3,0,0.0,0,1,0,0,0,1,0.0,1,1,1,0,0.0,10.0,30.5,2,False,False
Evening,Set1,Draw5,1,11,1,1,0.0,3,1.0,False,False,False,False,False,True,False,1,2,1,2,0,0,2,0,57788:1;5778:1,88775:1;8775:1,2,3,0,0.0,0,1,0,0,0,1,0.0,0,1,1,0,0.0,9.0,67.0,2,False,False
Evening,Set1,Draw5,1,14,1,1,0.0,1,1.0,False,False,False,False,False,True,False,1,2,1,2,0,0,2,0,458899:1;45899:1,599488:1;59948:1,2,1,0,0.0,0,1,0,0,0,1,0.0,0,1,1,0,0.0,7.0,45.0,2,False,False
Evening,Set1,Draw5,2,31,4,1,0.0,3,1.0,True,True,False,False,False,True,True,3,6,3,6,9,0,9,0,244:1;2449:1;249:1,244:3;9244:2;924:2,8,3,0,0.0,0,1,2,4,0,1,0.5,1,9,1,0,0.0,30.5,70.5,2,False,False
Evening,Set1,Draw5,2,15,4,1,0.0,3,1.0,True,True,False,False,False,True,False,1,5,1,5,0,0,2,0,599:1;445:1,599:3;445:1,8,3,0,0.0,0,1,2,4,0,1,0.0,1,4,1,0,0.0,25.0,75.0,2,False,False
Evening,Set1,Draw5,2,23,4,2,0.0,3,1.0,True,False,False,False,False,False,True,1,3,1,3,1,0,1,0,688:1,886:2,8,3,1,0.0,0,1,2,0,0,0,0.5,1,2,4,0,0.0,22.5,74.5,3,False,False
Evening,Set1,Draw5,2,33,3,2,0.0,3,1.0,False,False,False,False,False,True,True,1,6,1,6,3,0,3,0,889:1;8899:1;488:1,988:1;9988:1;488:1,6,3,1,0.0,0,1,0,0,0,1,0.5,1,5,4,0,0.0,22.5,71.0,3,False,False
Evening,Set1,Draw5,2,12,4,2,0.0,2,1.0,True,False,False,False,False,True,False,1,5,1,5,0,0,15,0,244599:1;24599:1;2599:1,599244:2;59924:2;5992:2,8,2,1,0.0,0,1,2,0,0,1,0.0,0,4,1,0,0.0,20.0,39.0,2,False,False
Evening,Set1,Draw5,2,34,3,2,0.0,3,1.0,False,False,False,False,False,True,True,1,4,1,4,3,0,3,0,899:1;448:1;4488:1,998:1;448:1;4488:1,6,3,1,0.0,0,1,0,0,0,1,0.5,1,3,1,0,0.0,17.5,54.0,2,False,False
Evening,Set1,Draw5,2,24,3,2,0.0,3,1.0,False,False,False,False,False,True,True,1,2,1,2,10,0,10,0,468899:1;4468899:1;6899:1,996884:1;9968844:1;9968:1,6,3,1,0.0,0,1,0,0,0,1,0.5,0,1,4,0,0.0,17.5,54.0,3,False,False
Evening,Set1,Draw5,2,21,3,2,0.0,3,1.0,False,False,False,False,False,True,False,1,2,1,2,0,0,6,0,67788:1;6778:1;6788:1,88677:1;8677:1;8867:1,6,3,1,0.0,0,1,0,0,0,1,0.0,0,1,4,0,0.0,17.0,42.0,3,False,False
Evening,Set1,Draw5,2,22,1,1,0.0,2,1.0,False,False,False,False,False,True,True,3,2,3,2,2,0,2,0,2446:1;246:1,6244:1;624:1,2,2,0,0.0,0,1,0,0,0,1,0.5,0,5,4,0,0.0,15.5,29.0,3,False,False
Evening,Set1,Draw5,2,30,3,1,0.0,3,1.0,False,False,False,False,False,True,False,1,4,1,4,0,0,14,0,244889:1;2448899:1;778899:1,924488:1;9924488:1;779988:1,6,3,0,0.0,0,1,0,0,0,1,0.0,0,3,1,0,0.0,15.0,38.5,2,False,False
Evening,Set1,Draw5,2,29,1,1,0.0,3,1.0,False,False,False,False,False,True,False,1,3,1,3,0,0,1,0,788:1,887:1,2,3,0,0.0,0,1,0,0,0,1,0.0,1,2,4,0,0.0,14.0,44.0,3,False,False
Evening,Set1,Draw5,2,9,1,1,0.0,3,1.0,False,False,False,False,False,True,True,1,3,1,3,1,0,1,0,5699:1,5996:1,2,3,0,0.0,0,1,0,0,0,1,0.5,0,2,4,0,0.0,13.5,43.0,3,False,False
Evening,Set1,Draw5,2,28,2,1,0.0,3,1.0,False,False,False,False,False,True,True,1,3,1,3,3,0,3,0,477:1;779:1;7799:1,477:1;779:1;7799:1,4,3,0,0.0,0,1,0,0,0,1,0.5,1,2,0,0,0.0,12.5,33.0,1,False,False
Evening,Set1,Draw5,2,20,1,1,0.0,3,1.0,False,False,False,False,False,True,True,1,3,1,3,1,0,1,0,677:1,677:1,2,3,0,0.0,0,1,0,0,0,1,0.5,1,2,1,0,0.0,11.5,38.5,2,False,False
Evening,Set1,Draw5,2,25,1,1,0.0,3,1.0,False,False,False,False,False,True,True,1,3,1,3,1,0,1,0,699:1,996:1,2,3,0,0.0,0,1,0,0,0,1,0.5,1,2,1,0,0.0,11.5,33.0,2,False,False
Evening,Set1,Draw5,2,10,1,1,0.0,3,1.0,False,False,False,False,False,True,False,1,3,1,3,0,0,1,0,577:1,775:1,2,3,0,0.0,0,1,0,0,0,1,0.0,1,2,1,0,0.0,11.0,32.5,2,False,False
Evening,Set1,Draw5,2,27,1,1,0.0,3,1.0,False,False,False,False,False,True,False,1,2,1,2,0,0,2,0,7788:1;778:1,8877:1;877:1,2,3,0,0.0,0,1,0,0,0,1,0.0,1,1,1,0,0.0,10.0,30.5,2,False,False
Evening,Set1,Draw5,2,11,1,1,0.0,3,1.0,False,False,False,False,False,True,False,1,2,1,2,0,0,2,0,57788:1;5778:1,88775:1;8775:1,2,3,0,0.0,0,1,0,0,0,1,0.0,0,1,1,0,0.0,9.0,67.0,2,False,False
Evening,Set1,Draw5,3,31,4,1,0.0,3,0.0,True,True,False,False,False,True,True,3,6,3,6,9,0,0,0,244:1;2449:1;249:1,244:3;9244:1;924:1,8,3,0,0.0,0,0,2,4,0,1,0.5,1,9,4,0,0.0,32.5,70.5,3,False,False
Evening,Set1,Draw5,3,15,4,1,0.0,3,0.0,True,True,False,False,False,True,False,1,5,1,5,0,0,0,0,599:1;445:1;4455:1,599:3;445:1;4455:1,8,3,0,0.0,0,0,2,4,0,1,0.0,1,4,4,0,0.0,27.0,75.0,3,False,False
Evening,Set1,Draw5,3,34,4,2,0.0,3,0.0,False,False,False,False,False,True,True,3,4,3,4,3,0,0,0,899:1;344:1;399:1,998:1;443:1;993:1,8,3,1,0.0,0,0,0,0,0,1,0.5,1,7,4,0,0.0,25.5,54.0,3,False,False
Evening,Set1,Draw5,3,23,4,3,0.0,3,0.0,True,False,False,False,False,True,True,1,3,1,3,3,0,0,0,688:1;3688:1;368:1,688:2;3886:1;836:1,8,3,2,0.0,0,0,2,0,0,1,0.5,1,2,4,0,0.0,23.5,74.5,3,False,False
Evening,Set1,Draw5,3,30,4,2,0.0,3,0.0,False,False,False,False,False,True,False,3,3,3,3,0,0,0,0,23448899:1;2344899:1;2344889:1,99244388:1;9924438:1;9244388:1,8,3,1,0.0,0,0,0,0,0,1,0.0,0,6,4,0,0.0,23.0,38.5,3,False,False
Evening,Set1,Draw5,3,33,3,2,0.0,3,0.0,False,False,False,False,False,True,True,1,6,1,6,8,0,0,0,889:1;8899:1;38899:1,988:1;9988:1;99883:1,6,3,1,0.0,0,0,0,0,0,1,0.5,1,5,4,0,0.0,21.5,71.0,3,False,False
Evening,Set1,Draw5,3,21,3,2,0.0,3,0.0,False,False,False,False,False,True,False,3,2,3,2,0,0,0,0,367788:1;236:1;36788:1,388677:1;362:1;38867:1,6,3,1,0.0,0,0,0,0,0,1,0.0,0,5,4,0,0.0,20.0,42.0,3,False,False
Evening,Set1,Draw5,3,5,4,1,0.0,1,0.0,True,True,False,False,False,True,False,1,2,1,2,0,0,0,0,559:1;5599:1;455:1,559:3;5599:3;455:1,8,1,0,0.0,0,0,2,4,0,1,0.0,1,1,1,0,0.0,19.0,47.0,2,False,False
Evening,Set1,Draw5,3,24,3,2,0.0,3,0.0,False,False,False,False,False,True,True,1,3,1,3,12,0,0,0,34468899:1;3468899:1;3446889:1,99688344:1;9968834:1;9688344:1,6,3,1,0.0,0,0,0,0,0,1,0.5,0,2,4,0,0.0,17.5,54.0,3,False,False
Evening,Set1,Draw5,3,12,4,2,0.0,2,0.0,False,False,False,False,False,True,False,1,5,1,5,0,0,0,0,244599:1;2445599:1;24599:1,599244:1;5599244:1;59924:1,8,2,1,0.0,0,0,0,0,0,1,0.0,0,4,1,0,0.0,17.0,39.0,2,False,False
Evening,Set1,Draw5,3,32,3,2,0.0,1,0.0,True,False,False,False,False,False,True,1,3,1,3,1,0,0,0,388:1,883:2,6,1,1,0.0,0,0,2,0,0,0,0.5,1,2,1,0,0.0,14.5,55.5,2,False,False
Evening,Set1,Draw5,3,22,1,1,0.0,2,0.0,False,False,False,False,False,True,True,3,2,3,2,2,0,0,0,2446:1;246:1,6244:1;624:1,2,2,0,0.0,0,0,0,0,0,1,0.5,0,5,4,0,0.0,14.5,29.0,3,False,False
Evening,Set1,Draw5,3,25,1,1,0.0,3,0.0,False,False,False,False,False,True,True,1,3,1,3,1,0,0,0,699:1,996:1,2,3,0,0.0,0,0,0,0,0,1,0.5,1,2,4,0,0.0,13.5,33.0,3,False,False
Evening,Set1,Draw5,3,9,1,1,0.0,3,0.0,False,False,False,False,False,True,True,1,3,1,3,2,0,0,0,5699:1;55699:1,5996:1;55996:1,2,3,0,0.0,0,0,0,0,0,1,0.5,0,2,4,0,0.0,12.5,43.0,3,False,False
Evening,Set1,Draw5,3,28,2,1,0.0,3,0.0,False,False,False,False,False,True,True,1,3,1,3,3,0,0,0,477:1;779:1;7799:1,477:1;779:1;7799:1,4,3,0,0.0,0,0,0,0,0,1,0.5,1,2,1,0,0.0,12.5,33.0,2,False,False
Evening,Set1,Draw5,3,20,1,1,0.0,3,0.0,False,False,False,False,False,True,True,1,3,1,3,1,0,0,0,677:1,677:1,2,3,0,0.0,0,0,0,0,0,1,0.5,1,2,1,0,0.0,10.5,38.5,2,False,False
Evening,Set1,Draw5,3,10,1,1,0.0,3,0.0,False,False,False,False,False,True,False,1,3,1,3,0,0,0,0,577:1,775:1,2,3,0,0.0,0,0,0,0,0,1,0.0,1,2,1,0,0.0,10.0,32.5,2,False,False
Evening,Set1,Draw5,3,14,1,1,0.0,1,0.0,False,False,False,False,False,True,False,1,3,1,3,0,0,0,0,3599:1;35599:1,5993:1;55993:1,2,1,0,0.0,0,0,0,0,0,1,0.0,0,2,4,0,0.0,10.0,45.0,3,False,False
Evening,Set1,Draw5,3,29,1,1,0.0,3,0.0,False,False,False,False,False,True,False,1,3,1,3,0,0,0,0,788:1,887:1,2,3,0,0.0,0,0,0,0,0,1,0.0,1,2,0,0,0.0,9.0,44.0,1,False,False
Evening,Set1,Draw5,3,3,2,1,0.0,1,0.0,False,False,False,False,False,True,False,1,2,1,2,0,0,0,0,255:1;557:1;5577:1,255:1;755:1;7755:1,4,1,0,0.0,0,0,0,0,0,1,0.0,1,1,1,0,0.0,9.0,36.5,2,False,False
Evening,Set1,Draw5,3,11,1,1,0.0,3,0.0,False,False,False,False,False,True,False,1,2,1,2,0,0,0,0,57788:1;5778:1;557788:1,88775:1;8775:1;887755:1,2,3,0,0.0,0,0,0,0,0,1,0.0,0,1,1,0,0.0,8.0,67.0,2,False,False
Evening,Set1,Draw5,3,27,1,1,0.0,3,0.0,False,False,False,False,False,True,False,1,2,1,2,0,0,0,0,7788:1;778:1,8877:1;877:1,2,3,0,0.0,0,0,0,0,0,1,0.0,1,1,0,0,0.0,8.0,30.5,1,False,False
Evening,Set1,Draw6,1,23,4,3,0.0,2,1.0,True,False,False,False,False,True,True,1,3,1,3,3,3,0,0,3688:1;688:1;368:1,688:2;3886:1;836:1,8,2,2,0.0,0,1,2,0,0,1,0.5,1,2,4,0,0.0,23.5,74.5,3,False,False
Evening,Set1,Draw6,1,15,3,1,0.0,2,1.0,True,True,False,False,False,True,False,1,4,1,4,0,2,0,0,599:1;4599:1,599:3;5994:1,6,2,0,0.0,0,1,2,4,0,1,0.0,1,3,0,0,0.0,20.0,75.0,1,False,False
Evening,Set1,Draw6,1,33,3,2,0.0,2,1.0,False,False,False,False,False,True,True,1,6,1,6,9,9,0,0,889:1;38899:1;8899:1,988:1;99883:1;9988:1,6,2,1,0.0,0,1,0,0,0,1,0.5,1,5,1,0,0.0,18.5,71.0,2,False,False
Evening,Set1,Draw6,1,24,3,3,0.0,2,1.0,False,False,False,True,False,True,True,1,3,1,3,11,11,0,0,3468899:1;346889:1;34688:1,9943886:1;943886:1;43886:1,6,2,2,0.0,0,1,0,0,0,1,0.5,0,2,1,0,0.0,15.5,54.0,2,False,False
Evening,Set1,Draw6,1,32,3,2,0.0,2,1.0,True,False,False,False,False,False,True,1,3,1,3,1,1,0,0,388:1,883:2,6,2,1,0.0,0,1,2,0,0,0,0.5,1,2,0,0,0.0,15.5,55.5,1,False,False
Evening,Set1,Draw6,1,34,3,2,0.0,2,1.0,False,False,False,False,False,True,True,1,4,1,4,5,5,0,0,899:1;399:1;34899:1,998:1;993:1;99438:1,6,2,1,0.0,0,1,0,0,0,1,0.5,1,3,0,0,0.0,15.5,54.0,1,False,False
Evening,Set1,Draw6,1,21,2,2,0.0,2,1.0,False,False,False,False,False,True,False,1,2,1,2,0,6,0,0,367788:1;36788:1;67788:1,388677:1;38867:1;88677:1,4,2,1,0.0,0,1,0,0,0,1,0.0,0,1,4,0,0.0,14.0,42.0,3,False,False
Evening,Set1,Draw6,1,29,1,1,0.0,2,1.0,False,False,False,False,False,True,False,1,3,1,3,0,1,0,0,788:1,887:1,2,2,0,0.0,0,1,0,0,0,1,0.0,1,2,4,0,0.0,13.0,44.0,3,False,False
Evening,Set1,Draw6,1,14,2,2,0.0,2,1.0,False,False,False,False,False,True,False,1,3,1,3,0,4,0,0,3458899:1;345899:1;3599:1,5994388:1;599438:1;5993:1,4,2,1,0.0,0,1,0,0,0,1,0.0,0,2,1,0,0.0,12.0,45.0,2,False,False
Evening,Set1,Draw6,1,9,2,1,0.0,2,1.0,False,False,False,False,False,True,True,1,3,1,3,2,2,0,0,5699:1;456:1,5996:1;645:1,4,2,0,0.0,0,1,0,0,0,1,0.5,0,2,1,0,0.0,11.5,43.0,2,False,False
Evening,Set1,Draw6,1,28,2,1,0.0,2,1.0,False,False,False,False,False,True,True,1,3,1,3,3,3,0,0,477:1;779:1;7799:1,477:1;779:1;7799:1,4,2,0,0.0,0,1,0,0,0,1,0.5,1,2,0,0,0.0,11.5,33.0,1,False,False
Evening,Set1,Draw6,1,20,1,1,0.0,2,1.0,False,False,False,False,False,True,True,1,3,1,3,1,1,0,0,677:1,677:1,2,2,0,0.0,0,1,0,0,0,1,0.5,1,2,1,0,0.0,10.5,38.5,2,False,False
Evening,Set1,Draw6,1,30,2,1,0.0,2,1.0,False,False,False,False,False,True,False,1,3,1,3,0,12,0,0,3778899:1;378899:1;347788:1,7799883:1;799883:1;883477:1,4,2,0,0.0,0,1,0,0,0,1,0.0,0,2,0,0,0.0,10.0,38.5,1,False,False
Evening,Set1,Draw6,1,12,1,1,0.0,2,1.0,False,False,False,False,False,True,False,1,4,1,4,0,4,0,0,57799:1;5799:1;5779:1,77599:1;7599:1;7759:1,2,2,0,0.0,0,1,0,0,0,1,0.0,0,3,1,0,0.0,10.0,39.0,2,False,False
Evening,Set1,Draw6,1,10,1,1,0.0,2,1.0,False,False,False,False,False,True,False,1,3,1,3,0,1,0,0,577:1,775:1,2,2,0,0.0,0,1,0,0,0,1,0.0,1,2,1,0,0.0,10.0,32.5,2,False,False
Evening,Set1,Draw6,1,25,1,1,0.0,2,1.0,False,False,False,False,False,True,True,1,3,1,3,1,1,0,0,699:1,996:1,2,2,0,0.0,0,1,0,0,0,1,0.5,1,2,0,0,0.0,9.5,33.0,1,False,False
Evening,Set1,Draw6,1,31,1,1,0.0,2,1.0,False,False,False,False,False,True,True,1,3,1,3,1,1,0,0,799:1,799:1,2,2,0,0.0,0,1,0,0,0,1,0.5,1,2,0,0,0.0,9.5,70.5,1,False,False
Evening,Set1,Draw6,1,35,1,1,0.0,1,1.0,False,False,False,False,False,True,False,1,4,1,4,0,1,0,0,499:1,994:1,2,1,0,0.0,0,1,0,0,0,1,0.0,1,3,0,0,0.0,9.0,44.0,1,False,False
Evening,Set1,Draw6,1,27,1,1,0.0,2,1.0,False,False,False,False,False,True,False,1,2,1,2,0,2,0,0,7788:1;778:1,8877:1;877:1,2,2,0,0.0,0,1,0,0,0,1,0.0,1,1,1,0,0.0,9.0,30.5,2,False,False
Evening,Set1,Draw6,1,11,1,1,0.0,2,1.0,False,False,False,False,False,True,False,1,2,1,2,0,2,0,0,57788:1;5778:1,88775:1;8775:1,2,2,0,0.0,0,1,0,0,0,1,0.0,0,1,1,0,0.0,8.0,67.0,2,False,False
Evening,Set1,Draw6,2,31,4,1,0.0,2,0.0,True,True,False,False,False,True,True,3,6,3,6,9,0,0,0,244:1;2449:1;249:1,244:3;9244:1;924:1,8,2,0,0.0,0,0,2,4,0,1,0.5,1,9,1,0,0.0,28.5,70.5,2,False,False
Evening,Set1,Draw6,2,15,4,1,0.0,2,0.0,True,True,False,False,False,True,False,1,5,1,5,0,0,0,0,599:1;445:1,599:3;445:1,8,2,0,0.0,0,0,2,4,0,1,0.0,1,4,1,0,0.0,23.0,75.0,2,False,False
Evening,Set1,Draw6,2,23,4,3,0.0,2,0.0,True,False,False,False,False,True,True,1,3,1,3,3,0,0,0,3688:1;688:1;368:1,688:2;3886:1;836:1,8,2,2,0.0,0,0,2,0,0,1,0.5,1,2,4,0,0.0,22.5,74.5,3,False,False
Evening,Set1,Draw6,2,30,4,2,0.0,2,0.0,False,False,False,False,False,True,False,3,3,3,3,0,0,0,0,23448899:1;3778899:1;2344899:1,99244388:1;7799883:1;9924438:1,8,2,1,0.0,0,0,0,0,0,1,0.0,0,6,4,0,0.0,22.0,38.5,3,False,False
Evening,Set1,Draw6,2,34,4,2,0.0,2,0.0,False,False,False,False,False,True,True,3,4,3,4,3,0,0,0,344:1;899:1;399:1,443:1;998:1;993:1,8,2,1,0.0,0,0,0,0,0,1,0.5,1,7,1,0,0.0,21.5,54.0,2,False,False
Evening,Set1,Draw6,2,33,3,2,0.0,2,0.0,False,False,False,False,False,True,True,1,6,1,6,8,0,0,0,889:1;38899:1;8899:1,988:1;99883:1;9988:1,6,2,1,0.0,0,0,0,0,0,1,0.5,1,5,4,0,0.0,20.5,71.0,3,False,False
Evening,Set1,Draw6,2,21,3,2,0.0,2,0.0,False,False,False,False,False,True,False,3,2,3,2,0,0,0,0,367788:1;36788:1;236:1,388677:1;38867:1;362:1,6,2,1,0.0,0,0,0,0,0,1,0.0,0,5,4,0,0.0,19.0,42.0,3,False,False
Evening,Set1,Draw6,2,12,4,2,0.0,2,0.0,False,False,False,False,False,True,False,1,5,1,5,0,0,0,0,244599:1;24599:1;57799:1,599244:1;59924:1;77599:1,8,2,1,0.0,0,0,0,0,0,1,0.0,0,4,1,0,0.0,17.0,39.0,2,False,False
Evening,Set1,Draw6,2,24,3,2,0.0,2,0.0,False,False,False,False,False,True,True,1,3,1,3,12,0,0,0,3468899:1;34468899:1;368899:1,9968834:1;99688344:1;996883:1,6,2,1,0.0,0,0,0,0,0,1,0.5,0,2,4,0,0.0,16.5,54.0,3,False,False
Evening,Set1,Draw6,2,32,3,2,0.0,2,0.0,True,False,False,False,False,False,True,1,3,1,3,1,0,0,0,388:1,883:2,6,2,1,0.0,0,0,2,0,0,0,0.5,1,2,0,0,0.0,14.5,55.5,1,False,False
Evening,Set1,Draw6,2,9,1,1,0.0,2,0.0,False,False,False,False,False,True,True,1,3,1,3,1,0,0,0,5699:1,5996:1,2,2,0,0.0,0,0,0,0,0,1,0.5,0,2,4,0,0.0,11.5,43.0,3,False,False
Evening,Set1,Draw6,2,14,1,1,0.0,2,0.0,False,False,False,False,False,True,False,1,3,1,3,0,0,0,0,3599:1,5993:1,2,2,0,0.0,0,0,0,0,0,1,0.0,0,2,4,0,0.0,11.0,45.0,3,False,False
Evening,Set1,Draw6,2,22,1,1,0.0,1,0.0,False,False,False,False,False,True,True,3,2,3,2,2,0,0,0,2446:1;246:1,6244:1;624:1,2,1,0,0.0,0,0,0,0,0,1,0.5,0,5,1,0,0.0,10.5,29.0,2,False,False
Evening,Set1,Draw6,2,28,2,1,0.0,2,0.0,False,False,False,False,False,True,True,1,3,1,3,3,0,0,0,477:1;779:1;7799:1,477:1;779:1;7799:1,4,2,0,0.0,0,0,0,0,0,1,0.5,1,2,0,0,0.0,10.5,33.0,1,False,False
Evening,Set1,Draw6,2,20,1,1,0.0,2,0.0,False,False,False,False,False,True,True,1,3,1,3,1,0,0,0,677:1,677:1,2,2,0,0.0,0,0,0,0,0,1,0.5,1,2,1,0,0.0,9.5,38.5,2,False,False
Evening,Set1,Draw6,2,25,1,1,0.0,2,0.0,False,False,False,False,False,True,True,1,3,1,3,1,0,0,0,699:1,996:1,2,2,0,0.0,0,0,0,0,0,1,0.5,1,2,1,0,0.0,9.5,33.0,2,False,False
Evening,Set1,Draw6,2,29,1,1,0.0,2,0.0,False,False,False,False,False,True,False,1,3,1,3,0,0,0,0,788:1,887:1,2,2,0,0.0,0,0,0,0,0,1,0.0,1,2,1,0,0.0,9.0,44.0,2,False,False
Evening,Set1,Draw6,2,10,1,1,0.0,2,0.0,False,False,False,False,False,True,False,1,3,1,3,0,0,0,0,577:1,775:1,2,2,0,0.0,0,0,0,0,0,1,0.0,1,2,1,0,0.0,9.0,32.5,2,False,False
Evening,Set1,Draw6,2,27,1,1,0.0,2,0.0,False,False,False,False,False,True,False,1,2,1,2,0,0,0,0,7788:1;778:1,8877:1;877:1,2,2,0,0.0,0,0,0,0,0,1,0.0,1,1,1,0,0.0,8.0,30.5,2,False,False
Evening,Set1,Draw6,2,11,1,1,0.0,2,0.0,False,False,False,False,False,True,False,1,2,1,2,0,0,0,0,57788:1;5778:1,88775:1;8775:1,2,2,0,0.0,0,0,0,0,0,1,0.0,0,1,1,0,0.0,7.0,67.0,2,False,False
Evening,Set1,Draw7,1,23,4,3,0.0,1,0.0,True,False,False,True,False,True,True,1,3,1,3,9,0,0,0,36688:1;3688:1;688:1,688:2;38866:1;3886:1,8,1,2,0.0,0,0,2,0,0,1,0.5,1,2,4,0,0.0,21.5,74.5,3,False,False
Evening,Set1,Draw7,1,18,4,2,0.0,1,0.0,True,False,False,False,False,True,True,2,1,2,1,6,0,0,0,136688:1;6688:1;668:1,6688:2;668:2;138866:1,8,1,1,0.0,0,0,2,0,0,1,0.5,1,2,4,0,0.0,20.5,93.0,3,False,False
Evening,Set1,Draw7,1,15,3,1,0.0,1,0.0,True,True,False,False,False,True,False,1,4,1,4,0,0,0,0,599:1;4599:1,599:3;5994:1,6,1,0,0.0,0,0,2,4,0,1,0.0,1,3,1,0,0.0,19.0,75.0,2,False,False
Evening,Set1,Draw7,1,20,4,2,0.0,1,0.0,True,False,False,False,False,True,True,1,3,1,3,2,0,0,0,177:1;677:1,771:2;677:1,8,1,1,0.0,0,0,2,0,0,1,0.5,1,2,1,0,0.0,17.5,38.5,2,False,False
Evening,Set1,Draw7,1,33,2,1,0.0,1,0.0,False,False,False,False,False,True,True,1,6,1,6,6,0,0,0,889:1;38899:1;3488:1,988:1;99883:1;8834:1,4,1,0,0.0,0,0,0,0,0,1,0.5,1,5,4,0,0.0,16.5,71.0,3,False,False
Evening,Set1,Draw7,1,24,3,2,0.0,1,0.0,False,False,False,False,False,True,True,1,3,1,3,33,0,0,0,13468899:1;13466889:1;13668899:1,99413886:1;94138866:1;19988366:1,6,1,1,0.0,0,0,0,0,0,1,0.5,0,2,4,0,0.0,15.5,54.0,3,False,False
Evening,Set1,Draw7,1,32,3,2,0.0,1,0.0,True,False,False,False,False,False,True,1,3,1,3,1,0,0,0,388:1,883:2,6,1,1,0.0,0,0,2,0,0,0,0.5,1,2,1,0,0.0,14.5,55.5,2,False,False
Evening,Set1,Draw7,1,9,3,1,0.0,1,0.0,False,False,False,False,False,True,True,1,3,1,3,5,0,0,0,14599:1;5699:1;56699:1,59941:1;5996:1;59966:1,6,1,0,0.0,0,0,0,0,0,1,0.5,0,2,4,0,0.0,14.5,43.0,3,False,False
Evening,Set1,Draw7,1,25,3,1,0.0,1,0.0,False,False,False,False,False,True,True,1,3,1,3,4,0,0,0,699:1;1499:1;149:1,996:1;9941:1;941:1,6,1,0,0.0,0,0,0,0,0,1,0.5,1,2,1,0,0.0,12.5,33.0,2,False,False
Evening,Set1,Draw7,1,34,2,1,0.0,1,0.0,False,False,False,False,False,True,True,1,4,1,4,4,0,0,0,899:1;399:1;3499:1,998:1;993:1;9934:1,4,1,0,0.0,0,0,0,0,0,1,0.5,1,3,1,0,0.0,11.5,54.0,2,False,False
Evening,Set1,Draw7,1,12,1,1,0.0,1,0.0,False,False,False,False,False,True,False,1,4,1,4,0,0,0,0,57799:1;5799:1;5779:1,77599:1;7599:1;7759:1,2,1,0,0.0,0,0,0,0,0,1,0.0,0,3,4,0,0.0,11.0,39.0,3,False,False
Evening,Set1,Draw7,1,21,2,1,0.0,1,0.0,False,False,False,False,False,True,False,1,1,1,1,0,0,0,0,13667788:1;1366788:1;3667788:1,13886677:1;1388667:1;3886677:1,4,1,0,0.0,0,0,0,0,0,1,0.0,0,0,4,0,0.0,10.0,42.0,3,False,False
Evening,Set1,Draw7,1,14,1,1,0.0,1,0.0,False,False,False,False,False,True,False,1,3,1,3,0,0,0,0,34599:1;3599:1,59934:1;5993:1,2,1,0,0.0,0,0,0,0,0,1,0.0,0,2,4,0,0.0,10.0,45.0,3,False,False
Evening,Set1,Draw7,1,17,1,1,0.0,1,0.0,False,False,False,False,False,True,False,1,1,1,1,0,0,0,0,667:1;6677:1,667:1;6677:1,2,1,0,0.0,0,0,0,0,0,1,0.0,1,0,4,0,0.0,9.0,48.5,3,False,False
Evening,Set1,Draw7,1,19,2,1,0.0,1,0.0,False,False,False,False,False,True,True,1,1,1,1,3,0,0,0,6699:1;669:1;466:1,9966:1;966:1;664:1,4,1,0,0.0,0,0,0,0,0,1,0.5,1,0,1,0,0.0,8.5,79.5,2,False,False
Evening,Set1,Draw7,1,35,1,1,0.0,1,0.0,False,False,False,False,False,True,False,1,4,1,4,0,0,0,0,499:1,994:1,2,1,0,0.0,0,0,0,0,0,1,0.0,1,3,0,0,0.0,8.0,44.0,1,False,False
Evening,Set1,Draw7,1,10,1,1,0.0,1,0.0,False,False,False,False,False,True,False,1,3,1,3,0,0,0,0,577:1,775:1,2,1,0,0.0,0,0,0,0,0,1,0.0,1,2,1,0,0.0,8.0,32.5,2,False,False
Evening,Set1,Draw7,1,7,1,1,0.0,1,0.0,False,False,False,False,False,True,False,1,1,1,1,0,0,0,0,1577:1,1775:1,2,1,0,0.0,0,0,0,0,0,1,0.0,0,0,4,0,0.0,8.0,34.5,3,False,False
Evening,Set1,Draw7,1,28,1,1,0.0,1,0.0,False,False,False,False,False,True,True,1,3,1,3,1,0,0,0,477:1,477:1,2,1,0,0.0,0,0,0,0,0,1,0.5,1,2,0,0,0.0,7.5,33.0,1,False,False
Evening,Set1,Draw7,1,22,2,1,0.0,1,0.0,False,False,False,False,False,True,True,1,1,1,1,5,0,0,0,17799:1;1477:1;1779:1,77199:1;4771:1;7719:1,4,1,0,0.0,0,0,0,0,0,1,0.5,0,0,0,0,0.0,6.5,29.0,1,False,False
Evening,Set1,Draw7,1,30,1,1,0.0,1,0.0,False,False,False,False,False,True,False,1,2,1,2,0,0,0,0,347788:1;34788:1;34778:1,883477:1;88347:1;83477:1,2,1,0,0.0,0,0,0,0,0,1,0.0,0,1,0,0,0.0,5.0,38.5,1,False,False
Evening,Set2,Draw1,1,15,4,1,0.0,7,1.0,True,True,True,True,True,True,False,3,1,3,1,0,1,0,1,044:1,044:4,8,7,0,0.0,2,1,2,4,1,1,0.0,1,4,0,1,0.0,32.0,75.0,1,True,False
Evening,Set2,Draw1,2,15,4,1,0.0,7,1.0,True,True,True,False,True,True,False,3,1,3,1,0,1,0,1,044:1,044:4,8,7,0,0.0,2,1,2,4,1,1,0.0,1,4,1,1,0.0,33.0,75.0,2,True,False
Evening,Set2,Draw1,3,31,3,1,0.0,5,1.0,True,True,False,False,False,True,True,3,1,3,1,1,1,0,0,244:1,244:3,6,5,0,0.0,0,1,2,4,0,1,0.5,1,4,1,1,0.0,26.5,70.5,2,True,False
Evening,Set2,Draw1,3,12,4,3,0.0,5,1.0,True,False,False,False,False,True,False,3,1,3,1,0,4,0,0,00244:1;0244:1;024:1,00244:2;0244:2;024:2,8,5,2,0.0,0,1,2,0,0,1,0.0,0,4,1,1,0.0,25.0,39.0,2,True,False
Evening,Set2,Draw1,3,15,2,2,0.0,7,1.0,False,False,False,False,False,False,False,3,1,3,1,0,1,0,0,044:1,440:1,4,7,1,0.0,0,1,0,0,0,0,0.0,1,4,1,1,0.0,20.0,75.0,2,True,False
Evening,Set2,Draw1,3,3,3,2,0.0,4,1.0,True,False,False,False,False,False,False,1,1,1,1,0,1,0,0,002:1,002:2,6,4,1,0.0,0,1,2,0,0,0,0.0,1,0,1,0,0.0,16.0,36.5,2,False,False
Evening,Set2,Draw1,3,5,2,2,0.0,5,1.0,False,False,False,False,False,False,False,2,1,2,1,0,2,0,0,0044:1;004:1,4400:1;400:1,4,5,1,0.0,0,1,0,0,0,0,0.0,1,2,1,0,0.0,15.0,47.0,2,False,False
Evening,Set2,Draw1,4,31,3,1,0.0,5,1.0,True,True,False,False,False,False,True,3,1,3,1,1,1,0,0,244:1,244:3,6,5,0,0.0,0,1,2,4,0,0,0.5,1,4,1,1,0.0,25.5,70.5,2,True,False
Evening,Set2,Draw1,4,12,4,3,0.0,5,1.0,True,False,False,False,False,False,False,3,1,3,1,0,4,0,0,00244:1;0244:1;0024:1,00244:2;0244:2;0024:2,8,5,2,0.0,0,1,2,0,0,0,0.0,0,4,1,1,0.0,24.0,39.0,2,True,False
Evening,Set2,Draw1,4,15,2,2,0.0,7,1.0,False,False,False,False,False,False,False,3,1,3,1,0,1,0,0,044:1,440:1,4,7,1,0.0,0,1,0,0,0,0,0.0,1,4,1,1,0.0,20.0,75.0,2,True,False
Evening,Set2,Draw1,4,3,3,2,0.0,4,1.0,True,False,False,False,False,False,False,1,1,1,1,0,1,0,0,002:1,002:2,6,4,1,0.0,0,1,2,0,0,0,0.0,1,0,1,0,0.0,16.0,36.5,2,False,False
Evening,Set2,Draw1,4,5,2,2,0.0,5,1.0,False,False,False,False,False,False,False,2,1,2,1,0,2,0,0,0044:1;004:1,4400:1;400:1,4,5,1,0.0,0,1,0,0,0,0,0.0,1,2,1,1,0.0,16.0,47.0,2,True,False
Evening,Set2,Draw1,5,31,3,1,0.0,5,0.0,True,True,False,False,False,False,True,3,1,3,1,1,0,0,0,244:1,244:3,6,5,0,0.0,0,0,2,4,0,0,0.5,1,4,1,1,0.0,24.5,70.5,2,True,False
Evening,Set2,Draw1,5,8,3,2,0.0,3,0.0,True,False,False,False,False,False,False,3,1,3,1,0,0,0,0,0013:1;013:1,0013:2;013:2,6,3,1,0.0,0,0,2,0,0,0,0.0,0,4,1,1,0.0,18.0,72.5,2,True,False
Evening,Set2,Draw1,5,15,1,1,0.0,7,0.0,False,False,False,False,False,False,False,3,1,3,1,0,0,0,0,044:1,440:1,2,7,0,0.0,0,0,0,0,0,0,0.0,1,4,1,1,0.0,16.0,75.0,2,True,False
Evening,Set2,Draw1,5,30,2,1,0.0,3,0.0,True,False,False,False,False,False,False,3,1,3,1,0,0,0,0,2344:1;234:1,3244:2;324:2,4,3,0,0.0,0,0,2,0,0,0,0.0,0,4,1,1,0.0,15.0,38.5,2,True,False
Evening,Set2,Draw1,5,2,3,2,0.0,3,0.0,True,False,False,False,False,False,False,2,1,2,1,0,0,0,0,001:1,001:2,6,3,1,0.0,0,0,2,0,0,0,0.0,1,2,0,0,0.0,15.0,23.5,1,False,False
Evening,Set2,Draw1,5,12,1,1,0.0,5,0.0,False,False,False,False,False,False,False,3,1,3,1,0,0,0,0,0244:1;00244:1,2440:1;24400:1,2,5,0,0.0,0,0,0,0,0,0,0.0,0,4,1,1,0.0,13.0,39.0,2,True,False
Evening,Set2,Draw1,5,34,1,1,0.0,3,0.0,False,False,False,False,False,False,True,3,1,3,1,1,0,0,0,344:1,344:1,2,3,0,0.0,0,0,0,0,0,0,0.5,1,4,1,1,0.0,12.5,54.0,2,True,False
Evening,Set2,Draw1,5,4,2,1,0.0,2,0.0,True,False,False,False,False,False,False,2,1,2,1,0,0,0,0,003:1,003:2,4,2,0,0.0,0,0,2,0,0,0,0.0,1,2,1,0,0.0,12.0,43.0,2,False,False
Evening,Set2,Draw1,5,5,1,1,0.0,5,0.0,False,False,False,False,False,False,False,2,1,2,1,0,0,0,0,0044:1;004:1,4400:1;400:1,2,5,0,0.0,0,0,0,0,0,0,0.0,1,2,1,1,0.0,12.0,47.0,2,True,False
Evening,Set2,Draw1,5,14,1,1,0.0,1,0.0,False,False,False,False,False,False,False,3,1,3,1,0,0,0,0,0344:1;00344:1;034:1,0344:1;00344:1;034:1,2,1,0,0.0,0,0,0,0,0,0,0.0,0,4,4,0,0.0,11.0,45.0,3,False,False
Evening,Set2,Draw1,5,24,1,1,0.0,2,0.0,False,False,False,False,False,False,True,3,1,3,1,1,0,0,0,1344:1,3441:1,2,2,0,0.0,0,0,0,0,0,0,0.5,0,4,1,1,0.0,10.5,54.0,2,True,False
Evening,Set2,Draw1,5,25,1,1,0.0,2,0.0,False,False,False,False,False,False,True,3,1,3,1,1,0,0,0,144:1,441:1,2,2,0,0.0,0,0,0,0,0,0,0.5,1,4,0,1,0.0,10.5,33.0,1,True,False
Evening,Set2,Draw1,5,11,2,2,0.0,1,0.0,False,False,False,False,False,False,False,2,1,2,1,0,0,0,0,0023:1;023:1,2003:1;032:1,4,1,1,0.0,0,0,0,0,0,0,0.0,0,2,1,1,0.0,10.0,67.0,2,True,False
Evening,Set2,Draw1,5,9,1,1,0.0,3,0.0,False,False,False,False,False,False,True,2,1,2,1,2,0,0,0,00144:1;0014:1,44001:1;4001:1,2,3,0,0.0,0,0,0,0,0,0,0.5,0,2,1,1,0.0,9.5,43.0,2,True,False
Evening,Set2,Draw1,5,3,1,1,0.0,4,0.0,False,False,False,False,False,False,False,1,1,1,1,0,0,0,0,002:1,200:1,2,4,0,0.0,0,0,0,0,0,0,0.0,1,0,1,0,0.0,8.0,36.5,2,False,False
Evening,Set2,Draw1,5,21,1,1,0.0,1,0.0,False,False,False,False,False,False,False,2,1,2,1,0,0,0,0,123:1,132:1,2,1,0,0.0,0,0,0,0,0,0,0.0,0,2,0,1,0.0,6.0,42.0,1,True,False
Evening,Set2,Draw1,6,31,3,1,0.0,5,0.0,True,True,False,False,False,False,True,3,1,3,1,1,0,0,0,244:1,244:3,6,5,0,0.0,0,0,2,4,0,0,0.5,1,4,1,1,0.0,24.5,70.5,2,True,False
Evening,Set2,Draw1,6,8,4,2,0.0,3,0.0,True,False,False,False,False,False,False,3,1,3,1,0,0,0,0,001336:1;01336:1;0013:1,001336:2;01336:2;0013:2,8,3,1,0.0,0,0,2,0,0,0,0.0,0,4,1,1,0.0,20.0,72.5,2,True,False
Evening,Set2,Draw1,6,15,1,1,0.0,7,0.0,False,False,False,False,False,False,False,3,1,3,1,0,0,0,0,044:1,440:1,2,7,0,0.0,0,0,0,0,0,0,0.0,1,4,4,1,0.0,19.0,75.0,3,True,False
Evening,Set2,Draw1,6,23,3,2,0.0,2,0.0,True,False,False,False,False,False,True,3,1,3,1,2,0,0,0,336:1;133:1,336:2;133:2,6,2,1,0.0,0,0,2,0,0,0,0.5,1,4,1,1,0.0,18.5,74.5,2,True,False
Evening,Set2,Draw1,6,2,4,2,0.0,3,0.0,True,False,False,False,False,False,False,2,1,2,1,0,0,0,0,001:1;006:1;0016:1,001:2;006:1;6100:1,8,3,1,0.0,0,0,2,0,0,0,0.0,1,2,0,1,0.0,18.0,23.5,1,True,False
Evening,Set2,Draw1,6,34,1,1,0.0,3,0.0,False,False,False,False,False,False,True,3,1,3,1,1,0,0,0,344:1,344:1,2,3,0,0.0,0,0,0,0,0,0,0.5,1,4,4,1,0.0,15.5,54.0,3,True,False
Evening,Set2,Draw1,6,18,2,1,0.0,2,0.0,True,False,False,False,False,False,True,3,1,3,1,1,0,0,0,1336:1,1336:2,4,2,0,0.0,0,0,2,0,0,0,0.5,0,4,1,1,0.0,14.5,93.0,2,True,False
Evening,Set2,Draw1,6,33,1,1,0.0,2,0.0,False,False,False,False,False,False,True,3,1,3,1,2,0,0,0,334:1;3344:1,334:1;3344:1,2,2,0,0.0,0,0,0,0,0,0,0.5,1,4,4,1,0.0,14.5,71.0,3,True,False
Evening,Set2,Draw1,6,12,1,1,0.0,5,0.0,False,False,False,False,False,False,False,3,1,3,1,0,0,0,0,0244:1;00244:1,2440:1;24400:1,2,5,0,0.0,0,0,0,0,0,0,0.0,0,4,1,1,0.0,13.0,39.0,2,True,False
Evening,Set2,Draw1,6,5,1,1,0.0,5,0.0,False,False,False,False,False,False,False,2,1,2,1,0,0,0,0,0044:1;004:1,4400:1;400:1,2,5,0,0.0,0,0,0,0,0,0,0.0,1,2,1,1,0.0,12.0,47.0,2,True,False
Evening,Set2,Draw1,6,25,1,1,0.0,2,0.0,False,False,False,False,False,False,True,3,1,3,1,1,0,0,0,144:1,441:1,2,2,0,0.0,0,0,0,0,0,0,0.5,1,4,1,1,0.0,11.5,33.0,2,True,False
Evening,Set2,Draw1,6,30,1,1,0.0,3,0.0,False,False,False,False,False,False,False,3,1,3,1,0,0,0,0,23344:1;2344:1;2334:1,33244:1;3244:1;3324:1,2,3,0,0.0,0,0,0,0,0,0,0.0,0,4,1,1,0.0,11.0,38.5,2,True,False
Evening,Set2,Draw1,6,29,1,1,0.0,2,0.0,False,False,False,False,False,False,False,3,1,3,1,0,0,0,0,233:1,332:1,2,2,0,0.0,0,0,0,0,0,0,0.0,1,4,1,1,0.0,11.0,44.0,2,True,False
Evening,Set2,Draw1,6,24,1,1,0.0,2,0.0,False,False,False,False,False,False,True,3,1,3,1,5,0,0,0,33446:1;3346:1;133446:1,63344:1;6334:1;633441:1,2,2,0,0.0,0,0,0,0,0,0,0.5,0,4,1,1,0.0,10.5,54.0,2,True,False
Evening,Set2,Draw1,6,9,1,1,0.0,3,0.0,False,False,False,False,False,False,True,2,1,2,1,2,0,0,0,00144:1;0014:1,44001:1;4001:1,2,3,0,0.0,0,0,0,0,0,0,0.5,0,2,1,1,0.0,9.5,43.0,2,True,False
Evening,Set2,Draw1,6,22,1,1,0.0,2,0.0,False,False,False,False,False,False,True,3,1,3,1,2,0,0,0,2446:1;246:1,6244:1;624:1,2,2,0,0.0,0,0,0,0,0,0,0.5,0,4,0,1,0.0,9.5,29.0,1,True,False
Evening,Set2,Draw1,6,21,1,1,0.0,2,0.0,False,False,False,False,False,False,False,3,1,3,1,0,0,0,0,2336:1;12336:1;236:1,3362:1;13362:1;362:1,2,2,0,0.0,0,0,0,0,0,0,0.0,0,4,0,1,0.0,9.0,42.0,1,True,False
Evening,Set2,Draw1,6,4,1,1,0.0,2,0.0,False,False,False,False,False,False,False,2,1,2,1,0,0,0,0,003:1;0033:1,003:1;0033:1,2,2,0,0.0,0,0,0,0,0,0,0.0,1,2,1,1,0.0,9.0,43.0,2,True,False
Evening,Set2,Draw1,6,3,1,1,0.0,4,0.0,False,False,False,False,False,False,False,1,1,1,1,0,0,0,0,002:1,200:1,2,4,0,0.0,0,0,0,0,0,0,0.0,1,0,1,0,0.0,8.0,36.5,2,False,False
Evening,Set2,Draw1,6,6,1,1,0.0,1,0.0,False,False,False,False,False,False,True,2,1,2,1,1,0,0,0,016:1,610:1,2,1,0,0.0,0,0,0,0,0,0,0.5,0,2,1,1,0.0,7.5,76.5,2,True,False
Evening,Set2,Draw1,6,13,1,1,0.0,1,0.0,False,False,False,False,False,False,False,2,1,2,1,0,0,0,0,033:1,033:1,2,1,0,0.0,0,0,0,0,0,0,0.0,1,2,1,0,0.0,7.0,47.5,2,False,False
Evening,Set2,Draw1,6,11,1,1,0.0,1,0.0,False,False,False,False,False,False,False,2,1,2,1,0,0,0,0,0233:1;00233:1,0332:1;00332:1,2,1,0,0.0,0,0,0,0,0,0,0.0,0,2,1,0,0.0,6.0,67.0,2,False,False
Evening,Set2,Draw1,6,7,1,1,0.0,1,0.0,False,False,False,False,False,False,False,1,1,1,1,0,0,0,0,0026:1,2006:1,2,1,0,0.0,0,0,0,0,0,0,0.0,0,0,0,0,0.0,3.0,34.5,1,False,False
Evening,Set2,Draw1,7,31,4,1,0.0,5,0.0,True,True,False,False,False,False,True,3,1,3,1,4,0,0,0,244:1;2449:1;249:1,244:3;9244:1;924:1,8,5,0,0.0,0,0,2,4,0,0,0.5,1,4,1,1,0.0,26.5,70.5,2,True,False
Evening,Set2,Draw1,7,23,3,2,0.0,2,0.0,True,False,False,False,False,False,True,3,1,3,1,2,0,0,0,336:1;133:1,336:2;133:1,6,2,1,0.0,0,0,2,0,0,0,0.5,1,4,4,1,0.0,21.5,74.5,3,True,False
Evening,Set2,Draw1,7,33,3,1,0.0,2,0.0,True,False,False,False,False,False,True,3,1,3,1,3,0,0,0,339:1;334:1;3344:1,933:2;334:1;3344:1,6,2,0,0.0,0,0,2,0,0,0,0.5,1,4,4,1,0.0,20.5,71.0,3,True,False
Evening,Set2,Draw1,7,5,3,2,0.0,5,0.0,False,False,False,False,False,False,False,2,1,2,1,0,0,0,0,0044:1;004:1;009:1,4400:1;400:1;900:1,6,5,1,0.0,0,0,0,0,0,0,0.0,1,2,4,1,0.0,20.0,47.0,3,True,False
Evening,Set2,Draw1,7,15,1,1,0.0,7,0.0,False,False,False,False,False,False,False,3,1,3,1,0,0,0,0,044:1,440:1,2,7,0,0.0,0,0,0,0,0,0,0.0,1,4,4,1,0.0,19.0,75.0,3,True,False
Evening,Set2,Draw1,7,2,3,1,0.0,3,0.0,True,False,False,False,False,False,False,2,1,2,1,0,0,0,0,001:1;006:1,001:2;006:1,6,3,0,0.0,0,0,2,0,0,0,0.0,1,2,4,1,0.0,19.0,23.5,3,True,False
Evening,Set2,Draw1,7,12,3,1,0.0,5,0.0,False,False,False,False,False,False,False,3,1,3,1,0,0,0,0,0244:1;00244:1;02449:1,2440:1;24400:1;92440:1,6,5,0,0.0,0,0,0,0,0,0,0.0,0,4,1,1,0.0,17.0,39.0,2,True,False
Evening,Set2,Draw1,7,8,2,1,0.0,3,0.0,False,False,False,False,False,False,False,3,1,3,1,0,0,0,0,01336:1;001336:1;013:1,01336:1;001336:1;013:1,4,3,0,0.0,0,0,0,0,0,0,0.0,0,4,4,1,0.0,16.0,72.5,3,True,False
Evening,Set2,Draw1,7,24,2,1,0.0,2,0.0,False,False,False,False,False,False,True,3,1,3,1,6,0,0,0,33446:1;13369:1;3346:1,63344:1;19336:1;6334:1,4,2,0,0.0,0,0,0,0,0,0,0.5,0,4,4,1,0.0,15.5,54.0,3,True,False
Evening,Set2,Draw1,7,34,1,1,0.0,3,0.0,False,False,False,False,False,False,True,3,1,3,1,1,0,0,0,344:1,344:1,2,3,0,0.0,0,0,0,0,0,0,0.5,1,4,4,1,0.0,15.5,54.0,3,True,False
Evening,Set2,Draw1,7,9,3,1,0.0,3,0.0,False,False,False,False,False,False,True,3,1,3,1,5,0,0,0,00144:1;0014:1;019:1,44001:1;4001:1;019:1,6,3,0,0.0,0,0,0,0,0,0,0.5,0,4,1,1,0.0,15.5,43.0,2,True,False
Evening,Set2,Draw1,7,30,2,1,0.0,3,0.0,False,False,False,False,False,False,False,3,1,3,1,0,0,0,0,233449:1;23349:1;23344:1,933244:1;93324:1;33244:1,4,3,0,0.0,0,0,0,0,0,0,0.0,0,4,1,1,0.0,13.0,38.5,2,True,False
Evening,Set2,Draw1,7,22,2,1,0.0,2,0.0,False,False,False,False,False,False,True,3,1,3,1,4,0,0,0,2446:1;246:1;1447:1,6244:1;624:1;4471:1,4,2,0,0.0,0,0,0,0,0,0,0.5,0,4,1,1,0.0,12.5,29.0,2,True,False
Evening,Set2,Draw1,7,3,2,1,0.0,1,0.0,True,False,False,False,False,False,False,2,1,2,1,0,0,0,0,007:1,700:2,4,1,0,0.0,0,0,2,0,0,0,0.0,1,2,1,1,0.0,12.0,36.5,2,True,False
Evening,Set2,Draw1,7,21,2,1,0.0,2,0.0,False,False,False,False,False,False,False,3,1,3,1,0,0,0,0,2336:1;13367:1;236:1,3362:1;13367:1;362:1,4,2,0,0.0,0,0,0,0,0,0,0.0,0,4,1,1,0.0,12.0,42.0,2,True,False
Evening,Set2,Draw1,7,29,1,1,0.0,2,0.0,False,False,False,False,False,False,False,3,1,3,1,0,0,0,0,233:1,332:1,2,2,0,0.0,0,0,0,0,0,0,0.0,1,4,1,1,0.0,11.0,44.0,2,True,False
Evening,Set2,Draw1,7,18,1,1,0.0,2,0.0,False,False,False,False,False,False,True,3,1,3,1,1,0,0,0,1336:1,1336:1,2,2,0,0.0,0,0,0,0,0,0,0.5,0,4,1,1,0.0,10.5,93.0,2,True,False
Evening,Set2,Draw1,7,7,2,2,0.0,1,0.0,False,False,False,False,False,False,False,2,1,2,1,0,0,0,0,00167:1;0167:1;0017:1,61700:1;6170:1;1700:1,4,1,1,0.0,0,0,0,0,0,0,0.0,0,2,1,1,0.0,10.0,34.5,2,True,False
Evening,Set2,Draw1,7,14,1,1,0.0,1,0.0,False,False,False,False,False,False,False,3,1,3,1,0,0,0,0,0339:1;00339:1;039:1,0933:1;00933:1;093:1,2,1,0,0.0,0,0,0,0,0,0,0.0,0,4,1,1,0.0,9.0,45.0,2,True,False
Evening,Set2,Draw1,7,17,1,1,0.0,1,0.0,False,False,False,False,False,False,False,2,1,2,1,0,0,0,0,167:1,617:1,2,1,0,0.0,0,0,0,0,0,0,0.0,0,2,0,1,0.0,6.0,48.5,1,True,False
Evening,Set3,Draw1,1,15,4,1,0.0,7,1.0,True,True,True,True,True,True,False,3,1,3,1,0,1,0,1,044:1,044:4,8,7,0,0.0,2,1,2,4,1,1,0.0,1,4,1,1,0.0,33.0,75.0,2,True,False
Evening,Set3,Draw1,2,31,3,1,0.0,6,1.0,True,True,False,False,False,True,True,3,1,3,1,1,1,0,0,244:1,244:3,6,6,0,0.0,0,1,2,4,0,1,0.5,1,4,0,0,0.0,25.5,70.5,1,False,False
Evening,Set3,Draw1,2,12,4,3,0.0,6,1.0,True,False,False,False,False,False,False,3,1,3,1,0,2,0,0,0244:1;024:1,0244:2;024:2,8,6,2,0.0,0,1,2,0,0,0,0.0,0,4,0,0,0.0,23.0,39.0,1,False,False
Evening,Set3,Draw1,2,15,2,2,0.0,7,1.0,False,False,False,False,False,False,False,3,1,3,1,0,1,0,0,044:1,440:1,4,7,1,0.0,0,1,0,0,0,0,0.0,1,4,1,1,0.0,20.0,75.0,2,True,False
Evening,Set3,Draw1,3,31,3,1,0.0,6,1.0,True,True,False,False,False,True,True,3,1,3,1,1,1,0,0,244:1,244:3,6,6,0,0.0,0,1,2,4,0,1,0.5,1,4,0,1,0.0,26.5,70.5,1,True,False
Evening,Set3,Draw1,3,12,4,3,0.0,6,1.0,True,False,False,False,False,False,False,3,1,3,1,0,2,0,0,0244:1;024:1,0244:2;024:2,8,6,2,0.0,0,1,2,0,0,0,0.0,0,4,0,1,0.0,24.0,39.0,1,True,False
Evening,Set3,Draw1,3,15,2,2,0.0,7,1.0,False,False,False,False,False,False,False,3,1,3,1,0,1,0,0,044:1,440:1,4,7,1,0.0,0,1,0,0,0,0,0.0,1,4,1,1,0.0,20.0,75.0,2,True,False
Evening,Set3,Draw1,4,31,3,1,0.0,6,1.0,True,True,False,False,False,False,True,3,1,3,1,1,1,0,0,244:1,244:3,6,6,0,0.0,0,1,2,4,0,0,0.5,1,4,0,1,0.0,25.5,70.5,1,True,False
Evening,Set3,Draw1,4,15,1,1,0.0,7,1.0,False,False,False,False,False,False,False,3,1,3,1,0,1,0,0,044:1,440:1,2,7,0,0.0,0,1,0,0,0,0,0.0,1,4,1,1,0.0,17.0,75.0,2,True,False
Evening,Set3,Draw1,4,8,3,2,0.0,3,1.0,True,False,False,False,False,False,False,3,1,3,1,0,1,0,0,013:1,013:2,6,3,1,0.0,0,1,2,0,0,0,0.0,0,4,0,0,0.0,17.0,72.5,1,False,False
Evening,Set3,Draw1,4,30,2,1,0.0,3,1.0,True,False,False,False,False,False,False,3,1,3,1,0,2,0,0,2344:1;234:1,3244:2;324:2,4,3,0,0.0,0,1,2,0,0,0,0.0,0,4,0,0,0.0,14.0,38.5,1,False,False
Evening,Set3,Draw1,4,12,1,1,0.0,6,1.0,False,False,False,False,False,False,False,3,1,3,1,0,1,0,0,0244:1,2440:1,2,6,0,0.0,0,1,0,0,0,0,0.0,0,4,0,1,0.0,14.0,39.0,1,True,False
Evening,Set3,Draw1,4,34,1,1,0.0,4,1.0,False,False,False,False,False,False,True,3,1,3,1,1,1,0,0,344:1,344:1,2,4,0,0.0,0,1,0,0,0,0,0.5,1,4,1,0,0.0,13.5,54.0,2,False,False
Evening,Set3,Draw1,4,24,1,1,0.0,4,1.0,False,False,False,False,False,False,True,3,1,3,1,1,1,0,0,1344:1,3441:1,2,4,0,0.0,0,1,0,0,0,0,0.5,0,4,1,0,0.0,12.5,54.0,2,False,False
Evening,Set3,Draw1,4,25,1,1,0.0,4,1.0,False,False,False,False,False,False,True,3,1,3,1,1,1,0,0,144:1,441:1,2,4,0,0.0,0,1,0,0,0,0,0.5,1,4,0,0,0.0,12.5,33.0,1,False,False
Evening,Set3,Draw1,4,14,1,1,0.0,1,1.0,False,False,False,False,False,False,False,3,1,3,1,0,2,0,0,0344:1;034:1,0344:1;034:1,2,1,0,0.0,0,1,0,0,0,0,0.0,0,4,1,0,0.0,9.0,45.0,2,False,False
Evening,Set3,Draw1,4,11,2,2,0.0,1,1.0,False,False,False,False,False,False,False,2,1,2,1,0,1,0,0,023:1,203:1,4,1,1,0.0,0,1,0,0,0,0,0.0,0,2,0,0,0.0,9.0,67.0,1,False,False
Evening,Set3,Draw1,4,9,1,1,0.0,4,1.0,False,False,False,False,False,False,True,1,1,1,1,2,2,0,0,0144:1;014:1,4401:1;401:1,2,4,0,0.0,0,1,0,0,0,0,0.5,0,0,0,0,0.0,7.5,43.0,1,False,False
Evening,Set3,Draw1,4,21,1,1,0.0,1,1.0,False,False,False,False,False,False,False,2,1,2,1,0,1,0,0,123:1,132:1,2,1,0,0.0,0,1,0,0,0,0,0.0,0,2,0,0,0.0,6.0,42.0,1,False,False
Evening,Set3,Draw1,5,31,3,1,0.0,6,0.0,True,True,False,False,False,False,True,3,1,3,1,1,0,0,0,244:1,244:3,6,6,0,0.0,0,0,2,4,0,0,0.5,1,4,1,1,0.0,25.5,70.5,2,True,False
Evening,Set3,Draw1,5,8,4,2,0.0,3,0.0,True,False,False,False,False,False,False,3,1,3,1,0,0,0,0,01336:1;013:1;0133:1,01336:2;013:2;0133:2,8,3,1,0.0,0,0,2,0,0,0,0.0,0,4,0,1,0.0,19.0,72.5,1,True,False
Evening,Set3,Draw1,5,23,3,2,0.0,3,0.0,True,False,False,False,False,False,True,3,1,3,1,2,0,0,0,336:1;133:1,336:2;133:2,6,3,1,0.0,0,0,2,0,0,0,0.5,1,4,1,0,0.0,18.5,74.5,2,False,False
Evening,Set3,Draw1,5,34,1,1,0.0,4,0.0,False,False,False,False,False,False,True,3,1,3,1,1,0,0,0,344:1,344:1,2,4,0,0.0,0,0,0,0,0,0,0.5,1,4,4,1,0.0,16.5,54.0,3,True,False
Evening,Set3,Draw1,5,15,1,1,0.0,7,0.0,False,False,False,False,False,False,False,3,1,3,1,0,0,0,0,044:1,440:1,2,7,0,0.0,0,0,0,0,0,0,0.0,1,4,1,1,0.0,16.0,75.0,2,True,False
Evening,Set3,Draw1,5,18,2,1,0.0,3,0.0,True,False,False,False,False,False,True,3,1,3,1,1,0,0,0,1336:1,1336:2,4,3,0,0.0,0,0,2,0,0,0,0.5,0,4,1,0,0.0,14.5,93.0,2,False,False
Evening,Set3,Draw1,5,33,1,1,0.0,3,0.0,False,False,False,False,False,False,True,3,1,3,1,2,0,0,0,334:1;3344:1,334:1;3344:1,2,3,0,0.0,0,0,0,0,0,0,0.5,1,4,4,0,0.0,14.5,71.0,3,False,False
Evening,Set3,Draw1,5,12,1,1,0.0,6,0.0,False,False,False,False,False,False,False,3,1,3,1,0,0,0,0,0244:1,2440:1,2,6,0,0.0,0,0,0,0,0,0,0.0,0,4,1,1,0.0,14.0,39.0,2,True,False
Evening,Set3,Draw1,5,25,1,1,0.0,4,0.0,False,False,False,False,False,False,True,3,1,3,1,1,0,0,0,144:1,441:1,2,4,0,0.0,0,0,0,0,0,0,0.5,1,4,1,1,0.0,13.5,33.0,2,True,False
Evening,Set3,Draw1,5,24,1,1,0.0,4,0.0,False,False,False,False,False,False,True,3,1,3,1,5,0,0,0,33446:1;133446:1;1344:1,63344:1;633441:1;3441:1,2,4,0,0.0,0,0,0,0,0,0,0.5,0,4,1,1,0.0,12.5,54.0,2,True,False
Evening,Set3,Draw1,5,29,1,1,0.0,3,0.0,False,False,False,False,False,False,False,3,1,3,1,0,0,0,0,233:1,332:1,2,3,0,0.0,0,0,0,0,0,0,0.0,1,4,1,0,0.0,11.0,44.0,2,False,False
Evening,Set3,Draw1,5,30,1,1,0.0,3,0.0,False,False,False,False,False,False,False,3,1,3,1,0,0,0,0,23344:1;2344:1;2334:1,33244:1;3244:1;3324:1,2,3,0,0.0,0,0,0,0,0,0,0.0,0,4,1,1,0.0,11.0,38.5,2,True,False
Evening,Set3,Draw1,5,21,1,1,0.0,2,0.0,False,False,False,False,False,False,False,3,1,3,1,0,0,0,0,2336:1;12336:1;236:1,3362:1;13362:1;362:1,2,2,0,0.0,0,0,0,0,0,0,0.0,0,4,0,1,0.0,9.0,42.0,1,True,False
Evening,Set3,Draw1,5,22,1,1,0.0,2,0.0,False,False,False,False,False,False,True,3,1,3,1,2,0,0,0,2446:1;246:1,6244:1;624:1,2,2,0,0.0,0,0,0,0,0,0,0.5,0,4,0,0,0.0,8.5,29.0,1,False,False
Evening,Set3,Draw1,5,9,1,1,0.0,4,0.0,False,False,False,False,False,False,True,1,1,1,1,2,0,0,0,0144:1;014:1,4401:1;401:1,2,4,0,0.0,0,0,0,0,0,0,0.5,0,0,0,1,0.0,7.5,43.0,1,True,False
Evening,Set3,Draw1,5,13,1,1,0.0,1,0.0,False,False,False,False,False,False,False,2,1,2,1,0,0,0,0,033:1,033:1,2,1,0,0.0,0,0,0,0,0,0,0.0,1,2,1,0,0.0,7.0,47.5,2,False,False
Evening,Set3,Draw1,5,11,1,1,0.0,1,0.0,False,False,False,False,False,False,False,2,1,2,1,0,0,0,0,0233:1,0332:1,2,1,0,0.0,0,0,0,0,0,0,0.0,0,2,1,1,0.0,7.0,67.0,2,True,False
Evening,Set3,Draw1,5,6,1,1,0.0,2,0.0,False,False,False,False,False,False,True,2,1,2,1,1,0,0,0,016:1,610:1,2,2,0,0.0,0,0,0,0,0,0,0.5,0,2,0,0,0.0,6.5,76.5,1,False,False
Evening,Set3,Draw1,5,7,1,1,0.0,1,0.0,False,False,False,False,False,False,False,1,1,1,1,0,0,0,0,026:1,206:1,2,1,0,0.0,0,0,0,0,0,0,0.0,0,0,0,0,0.0,3.0,34.5,1,False,False
Evening,Set3,Draw1,6,31,3,1,0.0,6,0.0,True,True,False,False,False,False,True,3,1,3,1,3,0,0,0,244:1;2449:1;249:1,244:3;9244:1;924:1,6,6,0,0.0,0,0,2,4,0,0,0.5,1,4,1,1,0.0,25.5,70.5,2,True,False
Evening,Set3,Draw1,6,33,3,1,0.0,3,0.0,True,False,False,False,False,False,True,3,1,3,1,3,0,0,0,339:1;334:1;3344:1,933:2;334:1;3344:1,6,3,0,0.0,0,0,2,0,0,0,0.5,1,4,4,1,0.0,21.5,71.0,3,True,False
Evening,Set3,Draw1,6,23,3,2,0.0,3,0.0,True,False,False,False,False,False,True,3,1,3,1,2,0,0,0,336:1;133:1,336:2;133:1,6,3,1,0.0,0,0,2,0,0,0,0.5,1,4,1,1,0.0,19.5,74.5,2,True,False
Evening,Set3,Draw1,6,9,4,2,0.0,4,0.0,False,False,False,False,False,False,True,3,1,3,1,5,0,0,0,019:1;0144:1;014:1,109:1;4401:1;401:1,8,4,1,0.0,0,0,0,0,0,0,0.5,0,4,1,1,0.0,19.5,43.0,2,True,False
Evening,Set3,Draw1,6,15,1,1,0.0,7,0.0,False,False,False,False,False,False,False,3,1,3,1,0,0,0,0,044:1,440:1,2,7,0,0.0,0,0,0,0,0,0,0.0,1,4,4,1,0.0,19.0,75.0,3,True,False
Evening,Set3,Draw1,6,34,1,1,0.0,4,0.0,False,False,False,False,False,False,True,3,1,3,1,1,0,0,0,344:1,344:1,2,4,0,0.0,0,0,0,0,0,0,0.5,1,4,4,1,0.0,16.5,54.0,3,True,False
Evening,Set3,Draw1,6,12,2,1,0.0,6,0.0,False,False,False,False,False,False,False,3,1,3,1,0,0,0,0,0244:1;02449:1;029:1,2440:1;92440:1;290:1,4,6,0,0.0,0,0,0,0,0,0,0.0,0,4,1,1,0.0,16.0,39.0,2,True,False
Evening,Set3,Draw1,6,24,2,1,0.0,4,0.0,False,False,False,False,False,False,True,3,1,3,1,9,0,0,0,33446:1;133446:1;1344:1,63344:1;633441:1;3441:1,4,4,0,0.0,0,0,0,0,0,0,0.5,0,4,1,1,0.0,14.5,54.0,2,True,False
Evening,Set3,Draw1,6,25,1,1,0.0,4,0.0,False,False,False,False,False,False,True,3,1,3,1,1,0,0,0,144:1,441:1,2,4,0,0.0,0,0,0,0,0,0,0.5,1,4,1,1,0.0,13.5,33.0,2,True,False
Evening,Set3,Draw1,6,8,2,1,0.0,3,0.0,False,False,False,False,False,False,False,3,1,3,1,0,0,0,0,01336:1;013:1;0133:1,01336:1;013:1;0133:1,4,3,0,0.0,0,0,0,0,0,0,0.0,0,4,1,1,0.0,13.0,72.5,2,True,False
Evening,Set3,Draw1,6,29,1,1,0.0,3,0.0,False,False,False,False,False,False,False,3,1,3,1,0,0,0,0,233:1,332:1,2,3,0,0.0,0,0,0,0,0,0,0.0,1,4,1,1,0.0,12.0,44.0,2,True,False
Evening,Set3,Draw1,6,14,1,1,0.0,2,0.0,False,False,False,False,False,False,False,3,1,3,1,0,0,0,0,0339:1;039:1,0933:1;093:1,2,2,0,0.0,0,0,0,0,0,0,0.0,0,4,4,0,0.0,12.0,45.0,3,False,False
Evening,Set3,Draw1,6,18,1,1,0.0,3,0.0,False,False,False,False,False,False,True,3,1,3,1,1,0,0,0,1336:1,1336:1,2,3,0,0.0,0,0,0,0,0,0,0.5,0,4,1,1,0.0,11.5,93.0,2,True,False
Evening,Set3,Draw1,6,30,1,1,0.0,3,0.0,False,False,False,False,False,False,False,3,1,3,1,0,0,0,0,233449:1;23349:1;23344:1,933244:1;93324:1;33244:1,2,3,0,0.0,0,0,0,0,0,0,0.0,0,4,1,1,0.0,11.0,38.5,2,True,False
Evening,Set3,Draw1,6,22,1,1,0.0,2,0.0,False,False,False,False,False,False,True,3,1,3,1,2,0,0,0,2446:1;246:1,6244:1;624:1,2,2,0,0.0,0,0,0,0,0,0,0.5,0,4,0,1,0.0,9.5,29.0,1,True,False
Evening,Set3,Draw1,6,21,1,1,0.0,2,0.0,False,False,False,False,False,False,False,3,1,3,1,0,0,0,0,2336:1;236:1,3362:1;362:1,2,2,0,0.0,0,0,0,0,0,0,0.0,0,4,0,1,0.0,9.0,42.0,1,True,False
Evening,Set3,Draw1,6,6,1,1,0.0,2,0.0,False,False,False,False,False,False,True,2,1,2,1,1,0,0,0,016:1,610:1,2,2,0,0.0,0,0,0,0,0,0,0.5,0,2,1,1,0.0,8.5,76.5,2,True,False
Evening,Set3,Draw1,7,31,3,1,0.0,6,0.0,True,True,False,False,False,False,True,3,1,3,1,2,0,0,0,244:1;22449:1,244:3;92244:1,6,6,0,0.0,0,0,2,4,0,0,0.5,1,4,1,1,0.0,25.5,70.5,2,True,False
Evening,Set3,Draw1,7,33,3,1,0.0,3,0.0,True,False,False,False,False,False,True,3,1,3,1,3,0,0,0,339:1;334:1;3344:1,933:2;334:1;3344:1,6,3,0,0.0,0,0,2,0,0,0,0.5,1,4,4,1,0.0,21.5,71.0,3,True,False
Evening,Set3,Draw1,7,28,4,2,0.0,1,0.0,True,True,False,False,False,False,True,2,1,2,1,4,0,0,0,224:1;2244:1;229:1,224:3;2244:3;922:1,8,1,1,0.0,0,0,2,4,0,0,0.5,1,2,1,0,0.0,20.5,33.0,2,False,False
Evening,Set3,Draw1,7,23,3,2,0.0,3,0.0,True,False,False,False,False,False,True,3,1,3,1,3,0,0,0,336:1;133:1;3366:1,336:2;3366:2;133:1,6,3,1,0.0,0,0,2,0,0,0,0.5,1,4,1,1,0.0,19.5,74.5,2,True,False
Evening,Set3,Draw1,7,18,3,2,0.0,3,0.0,True,False,False,False,False,False,True,3,1,3,1,7,0,0,0,1336:1;366:1;113366:1,366:2;1336:1;113366:1,6,3,1,0.0,0,0,2,0,0,0,0.5,1,4,1,1,0.0,19.5,93.0,2,True,False
Evening,Set3,Draw1,7,9,4,2,0.0,4,0.0,False,False,False,False,False,False,True,3,1,3,1,10,0,0,0,019:1;0144:1;011669:1,109:1;4401:1;661109:1,8,4,1,0.0,0,0,0,0,0,0,0.5,0,4,1,1,0.0,19.5,43.0,2,True,False
Evening,Set3,Draw1,7,15,1,1,0.0,7,0.0,False,False,False,False,False,False,False,3,1,3,1,0,0,0,0,044:1,440:1,2,7,0,0.0,0,0,0,0,0,0,0.0,1,4,4,1,0.0,19.0,75.0,3,True,False
Evening,Set3,Draw1,7,34,1,1,0.0,4,0.0,False,False,False,False,False,False,True,3,1,3,1,1,0,0,0,344:1,344:1,2,4,0,0.0,0,0,0,0,0,0,0.5,1,4,4,1,0.0,16.5,54.0,3,True,False
Evening,Set3,Draw1,7,12,2,1,0.0,6,0.0,False,False,False,False,False,False,False,3,1,3,1,0,0,0,0,0244:1;022449:1;029:1,2440:1;922440:1;290:1,4,6,0,0.0,0,0,0,0,0,0,0.0,0,4,1,1,0.0,16.0,39.0,2,True,False
Evening,Set3,Draw1,7,24,2,1,0.0,4,0.0,False,False,False,False,False,False,True,3,1,3,1,22,0,0,0,33446:1;133446:1;1344:1,63344:1;633441:1;3441:1,4,4,0,0.0,0,0,0,0,0,0,0.5,0,4,1,1,0.0,14.5,54.0,2,True,False
Evening,Set3,Draw1,7,6,4,2,0.0,1,0.0,True,False,False,False,False,False,True,1,1,1,1,4,0,0,0,011:1;01166:1;0116:1,011:2;66110:1;6110:1,8,1,1,0.0,0,0,2,0,0,0,0.5,1,0,1,0,0.0,14.5,76.5,2,False,False
Evening,Set3,Draw1,7,14,1,1,0.0,2,0.0,False,False,False,False,False,False,False,3,1,3,1,0,0,0,0,0339:1;039:1,0933:1;093:1,2,2,0,0.0,0,0,0,0,0,0,0.0,0,4,4,1,0.0,13.0,45.0,3,True,False
Evening,Set3,Draw1,7,25,1,1,0.0,4,0.0,False,False,False,False,False,False,True,3,1,3,1,1,0,0,0,144:1,441:1,2,4,0,0.0,0,0,0,0,0,0,0.5,1,4,1,0,0.0,12.5,33.0,2,False,False
Evening,Set3,Draw1,7,29,1,1,0.0,3,0.0,False,False,False,False,False,False,False,3,1,3,1,0,0,0,0,233:1,332:1,2,3,0,0.0,0,0,0,0,0,0,0.0,1,4,1,1,0.0,12.0,44.0,2,True,False
Evening,Set3,Draw1,7,30,1,1,0.0,2,0.0,False,False,False,False,False,False,False,3,1,3,1,0,0,0,0,2339:1;2233449:1;223349:1,9332:1;9332244:1;933224:1,2,2,0,0.0,0,0,0,0,0,0,0.0,0,4,1,1,0.0,10.0,38.5,2,True,False
Evening,Set3,Draw1,7,19,2,1,0.0,1,0.0,False,False,False,False,False,False,True,1,1,1,1,3,0,0,0,1144:1;114:1;119:1,4411:1;411:1;119:1,4,1,0,0.0,0,0,0,0,0,0,0.5,1,0,1,0,0.0,7.5,79.5,2,False,False
Evening,Set3,Draw1,7,8,2,1,0.0,1,0.0,False,False,False,False,False,False,False,1,1,1,1,0,0,0,0,0113366:1;011336:1;01133:1,0113366:1;011336:1;01133:1,4,1,0,0.0,0,0,0,0,0,0,0.0,0,0,1,1,0.0,7.0,72.5,2,True,False
Evening,Set3,Draw1,7,22,1,1,0.0,1,0.0,False,False,False,False,False,False,True,2,1,2,1,4,0,0,0,22446:1;224466:1;2246:1,62244:1;662244:1;6224:1,2,1,0,0.0,0,0,0,0,0,0,0.5,0,2,0,1,0.0,6.5,29.0,1,True,False
Evening,Set3,Draw1,7,20,1,1,0.0,1,0.0,False,False,False,False,False,False,True,2,1,2,1,2,0,0,0,226:1;2266:1,622:1;6622:1,2,1,0,0.0,0,0,0,0,0,0,0.5,1,2,0,0,0.0,6.5,38.5,1,False,False
Evening,Set3,Draw1,7,27,1,1,0.0,1,0.0,False,False,False,False,False,False,False,1,1,1,1,0,0,0,0,2233:1;223:1,3322:1;322:1,2,1,0,0.0,0,0,0,0,0,0,0.0,1,0,1,0,0.0,5.0,30.5,2,False,False
Evening,Set3,Draw1,7,17,1,1,0.0,1,0.0,False,False,False,False,False,False,False,1,1,1,1,0,0,0,0,266:1,662:1,2,1,0,0.0,0,0,0,0,0,0,0.0,1,0,0,1,0.0,5.0,48.5,1,True,False
Evening,Set3,Draw1,7,21,1,1,0.0,1,0.0,False,False,False,False,False,False,False,1,1,1,1,0,0,0,0,223366:1;23366:1;22366:1,336622:1;33662:1;36622:1,2,1,0,0.0,0,0,0,0,0,0,0.0,0,0,0,1,0.0,4.0,42.0,1,True,False
Evening,Set3,Draw1,7,16,1,1,0.0,1,0.0,False,False,False,False,False,False,False,1,1,1,1,0,0,0,0,166:1;1166:1;116:1,661:1;6611:1;611:1,2,1,0,0.0,0,0,0,0,0,0,0.0,1,0,0,0,0.0,4.0,8.5,1,False,False
Midday,Set1,Draw1,1,18,4,3,0.0,7,1.0,False,False,False,False,False,False,True,3,7,3,7,3,0,3,0,113:1;1138:1;118:1,113:1;1138:1;811:1,8,7,2,0.0,0,1,0,0,0,0,0.5,1,10,0,1,0.0,30.5,93.0,1,True,False
Midday,Set1,Draw1,1,8,4,4,0.0,7,1.0,False,False,False,True,False,True,True,2,5,2,5,5,0,5,0,11358:1;1135:1;1158:1,51138:1;5113:1;8115:1,8,7,3,0.0,0,1,0,0,0,1,0.5,0,6,0,1,0.0,27.5,72.5,1,True,False
Midday,Set1,Draw1,1,23,3,3,0.0,3,1.0,False,False,False,False,False,False,True,3,7,3,7,1,0,1,0,138:1,138:1,6,3,2,0.0,0,1,0,0,0,0,0.5,0,10,0,0,0.0,22.5,74.5,1,False,False
Midday,Set1,Draw1,1,6,2,2,0.0,7,1.0,False,False,False,False,False,False,True,2,5,2,5,1,0,1,0,115:1,511:1,4,7,1,0.0,0,1,0,0,0,0,0.5,1,6,0,1,0.0,21.5,76.5,1,True,False
Midday,Set1,Draw1,1,13,2,2,0.0,2,1.0,False,False,False,False,False,False,True,1,5,1,5,1,0,1,0,358:1,583:1,4,2,1,0.0,0,1,0,0,0,0,0.5,0,4,0,0,0.0,12.5,47.5,1,False,False
Midday,Set1,Draw1,2,18,3,2,0.0,7,1.0,False,False,False,False,False,True,True,3,7,3,7,3,0,3,0,113:1;118:1;1138:1,113:1;811:1;1138:1,6,7,1,0.0,0,1,0,0,0,1,0.5,1,10,0,1,0.0,28.5,93.0,1,True,False
Midday,Set1,Draw1,2,24,3,3,0.0,6,1.0,False,False,False,False,False,True,True,3,5,3,5,4,0,4,0,11348:1;1134:1;1348:1,41138:1;4113:1;8341:1,6,6,2,0.0,0,1,0,0,0,1,0.5,0,8,0,1,0.0,25.5,54.0,1,True,False
Midday,Set1,Draw1,2,19,2,1,0.0,6,1.0,True,False,False,False,False,True,True,3,5,3,5,1,0,1,0,114:1,411:2,4,6,0,0.0,0,1,2,0,0,1,0.5,1,8,0,1,0.0,24.5,79.5,1,True,False
Midday,Set1,Draw1,2,33,2,1,0.0,2,1.0,True,False,False,False,False,True,True,3,6,3,6,1,0,1,0,348:1,834:2,4,2,0,0.0,0,1,2,0,0,1,0.5,0,9,0,1,0.0,20.5,71.0,1,True,False
Midday,Set1,Draw1,2,23,2,2,0.0,3,1.0,False,False,False,False,False,False,True,3,7,3,7,1,0,1,0,138:1,138:1,4,3,1,0.0,0,1,0,0,0,0,0.5,0,10,0,1,0.0,20.5,74.5,1,True,False
Midday,Set1,Draw1,2,6,1,1,0.0,7,1.0,False,False,False,False,False,True,True,2,5,2,5,1,0,1,0,115:1,115:1,2,7,0,0.0,0,1,0,0,0,1,0.5,1,6,0,1,0.0,19.5,76.5,1,True,False
Midday,Set1,Draw1,2,8,1,1,0.0,7,1.0,False,False,False,False,False,True,True,2,5,2,5,4,0,4,0,11358:1;1135:1;1158:1,81153:1;1153:1;8115:1,2,7,0,0.0,0,1,0,0,0,1,0.5,0,6,0,1,0.0,18.5,72.5,1,True,False
Midday,Set1,Draw1,2,14,3,2,0.0,2,1.0,False,False,False,False,False,False,False,2,6,2,6,0,0,2,0,3458:1;345:1,5834:1;534:1,6,2,1,0.0,0,1,0,0,0,0,0.0,0,7,0,1,0.0,18.0,45.0,1,True,False
Midday,Set1,Draw1,2,9,1,1,0.0,2,1.0,False,False,False,False,False,True,True,2,4,2,4,2,0,2,0,1145:1;145:1,5411:1;541:1,2,2,0,0.0,0,1,0,0,0,1,0.5,0,5,0,1,0.0,12.5,43.0,1,True,False
Midday,Set1,Draw1,2,13,1,1,0.0,2,1.0,False,False,False,False,False,True,True,1,5,1,5,1,0,1,0,358:1,583:1,2,2,0,0.0,0,1,0,0,0,1,0.5,0,4,0,1,0.0,11.5,47.5,1,True,False
Midday,Set1,Draw1,3,18,3,2,0.0,7,1.0,False,False,False,False,False,True,True,3,7,3,7,4,0,4,0,113:1;118:1;1138:1,113:1;811:1;1138:1,6,7,1,0.0,0,1,0,0,0,1,0.5,1,10,0,1,0.0,28.5,93.0,1,True,False
Midday,Set1,Draw1,3,23,3,2,0.0,5,1.0,False,False,False,False,False,True,True,3,7,3,7,4,0,4,0,11388:1;138:1;1388:1,11388:1;138:1;1388:1,6,5,1,0.0,0,1,0,0,0,1,0.5,1,10,0,1,0.0,26.5,74.5,1,True,False
Midday,Set1,Draw1,3,24,3,3,0.0,6,1.0,False,False,False,False,False,True,True,3,5,3,5,6,0,6,0,113488:1;1134:1;11348:1,411388:1;4113:1;41138:1,6,6,2,0.0,0,1,0,0,0,1,0.5,0,8,0,1,0.0,25.5,54.0,1,True,False
Midday,Set1,Draw1,3,32,3,2,0.0,5,1.0,True,False,False,False,False,False,False,3,5,3,5,0,0,1,0,388:1,883:2,6,5,1,0.0,0,1,2,0,0,0,0.0,1,8,0,1,0.0,25.0,55.5,1,True,False
Midday,Set1,Draw1,3,19,2,1,0.0,6,1.0,True,False,False,False,False,True,True,3,5,3,5,1,0,1,0,114:1,411:2,4,6,0,0.0,0,1,2,0,0,1,0.5,1,8,0,1,0.0,24.5,79.5,1,True,False
Midday,Set1,Draw1,3,33,2,1,0.0,2,1.0,True,False,False,False,False,True,True,3,6,3,6,2,0,2,0,348:1;3488:1,834:2;8834:2,4,2,0,0.0,0,1,2,0,0,1,0.5,0,9,0,1,0.0,20.5,71.0,1,True,False
Midday,Set1,Draw1,3,14,3,2,0.0,2,1.0,False,False,False,False,False,True,False,2,6,2,6,0,0,3,0,3458:1;34588:1;345:1,8345:1;58834:1;534:1,6,2,1,0.0,0,1,0,0,0,1,0.0,0,7,1,1,0.0,20.0,45.0,2,True,False
Midday,Set1,Draw1,3,6,1,1,0.0,7,1.0,False,False,False,False,False,True,True,2,5,2,5,1,0,1,0,115:1,115:1,2,7,0,0.0,0,1,0,0,0,1,0.5,1,6,0,1,0.0,19.5,76.5,1,True,False
Midday,Set1,Draw1,3,8,1,1,0.0,7,1.0,False,False,False,False,False,True,True,2,5,2,5,6,0,6,0,11358:1;1135:1;113588:1,81153:1;1153:1;881153:1,2,7,0,0.0,0,1,0,0,0,1,0.5,0,6,0,1,0.0,18.5,72.5,1,True,False
Midday,Set1,Draw1,3,13,1,1,0.0,4,1.0,False,False,False,False,False,True,True,2,4,2,4,2,0,2,0,3588:1;588:1,5883:1;588:1,2,4,0,0.0,0,1,0,0,0,1,0.5,1,5,0,1,0.0,15.5,47.5,1,True,False
Midday,Set1,Draw1,3,9,1,1,0.0,2,1.0,False,False,False,False,False,True,True,2,4,2,4,2,0,2,0,1145:1;145:1,5411:1;541:1,2,2,0,0.0,0,1,0,0,0,1,0.5,0,5,0,1,0.0,12.5,43.0,1,True,False
Midday,Set1,Draw1,4,18,3,2,0.0,7,1.0,False,False,False,False,False,False,True,3,7,3,7,4,4,0,0,118:1;113:1;1188:1,811:1;113:1;8811:1,6,7,1,0.0,0,1,0,0,0,0,0.5,1,10,0,1,0.0,27.5,93.0,1,True,False
Midday,Set1,Draw1,4,32,3,2,0.0,5,1.0,True,False,False,False,False,False,False,3,5,3,5,0,3,0,0,388:1;338:1;3388:1,883:2;833:2;8833:2,6,5,1,0.0,0,1,2,0,0,0,0.0,1,8,0,1,0.0,25.0,55.5,1,True,False
Midday,Set1,Draw1,4,19,2,1,0.0,6,1.0,True,False,False,False,False,False,True,3,5,3,5,1,1,0,0,114:1,411:2,4,6,0,0.0,0,1,2,0,0,0,0.5,1,8,0,1,0.0,23.5,79.5,1,True,False
Midday,Set1,Draw1,4,23,3,2,0.0,5,1.0,False,False,False,False,False,False,True,3,5,3,5,8,8,0,0,11388:1;188:1;1388:1,11883:1;881:1;1883:1,6,5,1,0.0,0,1,0,0,0,0,0.5,1,8,0,1,0.0,23.5,74.5,1,True,False
Midday,Set1,Draw1,4,24,2,2,0.0,6,1.0,False,False,False,False,False,False,True,3,5,3,5,8,8,0,0,1134:1;1133488:1;113348:1,4113:1;4113388:1;411338:1,4,6,1,0.0,0,1,0,0,0,0,0.5,0,8,0,1,0.0,21.5,54.0,1,True,False
Midday,Set1,Draw1,4,6,1,1,0.0,7,1.0,False,False,False,False,False,False,True,2,5,2,5,1,1,0,0,115:1,115:1,2,7,0,0.0,0,1,0,0,0,0,0.5,1,6,0,1,0.0,18.5,76.5,1,True,False
Midday,Set1,Draw1,4,8,1,1,0.0,7,1.0,False,False,False,False,False,False,True,2,5,2,5,10,10,0,0,11358:1;1135:1;113588:1,81153:1;1153:1;881153:1,2,7,0,0.0,0,1,0,0,0,0,0.5,0,6,0,1,0.0,17.5,72.5,1,True,False
Midday,Set1,Draw1,4,13,2,1,0.0,4,1.0,False,False,False,False,False,False,True,2,4,2,4,4,4,0,0,3588:1;588:1;33588:1,5883:1;588:1;58833:1,4,4,0,0.0,0,1,0,0,0,0,0.5,1,5,0,1,0.0,16.5,47.5,1,True,False
Midday,Set1,Draw1,4,12,2,2,0.0,3,1.0,False,False,False,False,False,False,False,1,4,1,4,0,1,0,0,245:1,524:1,4,3,1,0.0,0,1,0,0,0,0,0.0,0,3,4,0,0.0,16.0,39.0,3,False,False
Midday,Set1,Draw1,4,29,2,1,0.0,4,1.0,True,False,False,False,False,False,False,1,4,1,4,0,3,0,0,233:1;23388:1;2338:1,332:2;88332:1;8332:1,4,4,0,0.0,0,1,2,0,0,0,0.0,1,3,0,0,0.0,15.0,44.0,1,False,False
Midday,Set1,Draw1,4,11,2,1,0.0,4,1.0,False,False,False,False,False,False,False,1,4,1,4,0,5,0,0,233588:1;23588:1;2335:1,258833:1;25883:1;5332:1,4,4,0,0.0,0,1,0,0,0,0,0.0,0,3,1,0,0.0,13.0,67.0,2,False,False
Midday,Set1,Draw1,4,33,1,1,0.0,4,1.0,False,False,False,False,False,False,True,1,4,1,4,3,3,0,0,33488:1;3348:1;334:1,88334:1;8334:1;334:1,2,4,0,0.0,0,1,0,0,0,0,0.5,1,3,0,1,0.0,12.5,71.0,1,True,False
Midday,Set1,Draw1,4,30,2,1,0.0,1,1.0,True,False,False,False,False,False,False,1,4,1,4,0,4,0,0,2334:1;234:1;233488:1,3324:2;324:2;883324:1,4,1,0,0.0,0,1,2,0,0,0,0.0,0,3,1,0,0.0,12.0,38.5,2,False,False
Midday,Set1,Draw1,4,14,1,1,0.0,3,1.0,False,False,False,False,False,False,False,1,4,1,4,0,1,0,0,334588:1,588334:1,2,3,0,0.0,0,1,0,0,0,0,0.0,0,3,1,1,0.0,11.0,45.0,2,True,False
Midday,Set1,Draw1,4,21,1,1,0.0,3,1.0,False,False,False,False,False,False,False,1,4,1,4,0,2,0,0,1123388:1;123388:1,1188332:1;188332:1,2,3,0,0.0,0,1,0,0,0,0,0.0,0,3,0,0,0.0,9.0,42.0,1,False,False
Midday,Set1,Draw1,4,22,1,1,0.0,3,1.0,False,False,False,False,False,False,False,1,4,1,4,0,2,0,0,1124:1;124:1,2411:1;241:1,2,3,0,0.0,0,1,0,0,0,0,0.0,0,3,0,0,0.0,9.0,29.0,1,False,False
Midday,Set1,Draw1,5,18,3,2,0.0,7,1.0,False,False,False,False,False,False,True,3,7,3,7,4,4,0,0,118:1;113:1;1188:1,811:1;113:1;8811:1,6,7,1,0.0,0,1,0,0,0,0,0.5,1,10,0,1,0.0,27.5,93.0,1,True,False
Midday,Set1,Draw1,5,32,3,2,0.0,5,1.0,True,False,False,False,False,False,False,3,5,3,5,0,3,0,0,388:1;338:1;3388:1,883:2;833:2;8833:2,6,5,1,0.0,0,1,2,0,0,0,0.0,1,8,0,1,0.0,25.0,55.5,1,True,False
Midday,Set1,Draw1,5,23,3,2,0.0,5,1.0,False,False,False,False,False,False,True,3,5,3,5,8,8,0,0,11388:1;188:1;1388:1,11883:1;881:1;1883:1,6,5,1,0.0,0,1,0,0,0,0,0.5,1,8,1,1,0.0,24.5,74.5,2,True,False
Midday,Set1,Draw1,5,19,2,1,0.0,6,1.0,True,False,False,False,False,False,True,3,5,3,5,1,1,0,0,114:1,411:2,4,6,0,0.0,0,1,2,0,0,0,0.5,1,8,0,1,0.0,23.5,79.5,1,True,False
Midday,Set1,Draw1,5,24,2,2,0.0,6,1.0,False,False,False,False,False,False,True,3,5,3,5,8,8,0,0,1134:1;1133488:1;113348:1,4113:1;4113388:1;411338:1,4,6,1,0.0,0,1,0,0,0,0,0.5,0,8,1,1,0.0,22.5,54.0,2,True,False
Midday,Set1,Draw1,5,28,3,1,0.0,3,1.0,True,True,False,False,False,False,False,1,3,1,3,0,1,0,0,224:1,224:3,6,3,0,0.0,0,1,2,4,0,0,0.0,1,2,0,0,0.0,19.0,33.0,1,False,False
Midday,Set1,Draw1,5,6,1,1,0.0,7,1.0,False,False,False,False,False,False,True,2,5,2,5,1,1,0,0,115:1,115:1,2,7,0,0.0,0,1,0,0,0,0,0.5,1,6,0,1,0.0,18.5,76.5,1,True,False
Midday,Set1,Draw1,5,8,1,1,0.0,7,1.0,False,False,False,False,False,False,True,2,5,2,5,10,10,0,0,11358:1;1135:1;113588:1,81153:1;1153:1;881153:1,2,7,0,0.0,0,1,0,0,0,0,0.5,0,6,0,1,0.0,17.5,72.5,1,True,False
Midday,Set1,Draw1,5,13,2,1,0.0,4,1.0,False,False,False,False,False,False,True,2,4,2,4,4,4,0,0,3588:1;588:1;33588:1,5883:1;588:1;58833:1,4,4,0,0.0,0,1,0,0,0,0,0.5,1,5,0,1,0.0,16.5,47.5,1,True,False
Midday,Set1,Draw1,5,29,2,1,0.0,4,1.0,True,False,False,False,False,False,False,1,4,1,4,0,5,0,0,233:1;23388:1;223388:1,332:2;88332:1;883322:1,4,4,0,0.0,0,1,2,0,0,0,0.0,1,3,1,0,0.0,16.0,44.0,2,False,False
Midday,Set1,Draw1,5,12,2,2,0.0,3,1.0,False,False,False,False,False,False,False,1,4,1,4,0,2,0,0,2245:1;245:1,5224:1;245:1,4,3,1,0.0,0,1,0,0,0,0,0.0,0,3,4,0,0.0,16.0,39.0,3,False,False
Midday,Set1,Draw1,5,33,1,1,0.0,4,1.0,False,False,False,False,False,False,True,1,4,1,4,3,3,0,0,33488:1;3348:1;334:1,88334:1;8334:1;334:1,2,4,0,0.0,0,1,0,0,0,0,0.5,1,3,1,1,0.0,13.5,71.0,2,True,False
Midday,Set1,Draw1,5,30,2,1,0.0,3,1.0,True,False,False,False,False,False,False,1,3,1,3,0,4,0,0,22334:1;2234:1;2233488:1,33224:2;3224:2;8833224:1,4,3,0,0.0,0,1,2,0,0,0,0.0,0,2,1,0,0.0,13.0,38.5,2,False,False
Midday,Set1,Draw1,5,27,2,1,0.0,3,1.0,True,False,False,False,False,False,False,1,3,1,3,0,2,0,0,2233:1;223:1,3322:2;322:2,4,3,0,0.0,0,1,2,0,0,0,0.0,1,2,0,0,0.0,13.0,30.5,1,False,False
Midday,Set1,Draw1,5,11,2,1,0.0,4,1.0,False,False,False,False,False,False,False,1,4,1,4,0,10,0,0,2233588:1;233588:1;223588:1,2258833:1;258833:1;225883:1,4,4,0,0.0,0,1,0,0,0,0,0.0,0,3,1,0,0.0,13.0,67.0,2,False,False
Midday,Set1,Draw1,5,10,2,2,0.0,3,1.0,False,False,False,False,False,False,False,1,3,1,3,0,1,0,0,225:1,522:1,4,3,1,0.0,0,1,0,0,0,0,0.0,1,2,0,0,0.0,12.0,32.5,1,False,False
Midday,Set1,Draw1,5,14,1,1,0.0,3,1.0,False,False,False,False,False,False,False,1,4,1,4,0,1,0,0,334588:1,588334:1,2,3,0,0.0,0,1,0,0,0,0,0.0,0,3,1,1,0.0,11.0,45.0,2,True,False
Midday,Set1,Draw1,5,21,1,1,0.0,3,1.0,False,False,False,False,False,False,False,1,4,1,4,0,4,0,0,1123388:1;11223388:1;123388:1,1188332:1;11883322:1;188332:1,2,3,0,0.0,0,1,0,0,0,0,0.0,0,3,1,0,0.0,10.0,42.0,2,False,False
Midday,Set1,Draw1,5,22,1,1,0.0,3,1.0,False,False,False,False,False,False,False,1,4,1,4,0,4,0,0,1124:1;11224:1;124:1,2411:1;22411:1;241:1,2,3,0,0.0,0,1,0,0,0,0,0.0,0,3,0,0,0.0,9.0,29.0,1,False,False
Midday,Set1,Draw1,6,18,3,2,0.0,7,0.0,False,False,False,False,False,False,True,3,7,3,7,4,0,0,0,118:1;113:1;1188:1,811:1;113:1;8811:1,6,7,1,0.0,0,0,0,0,0,0,0.5,1,10,0,1,0.0,26.5,93.0,1,True,False
Midday,Set1,Draw1,6,24,2,2,0.0,6,0.0,False,False,False,False,False,False,True,3,5,3,5,8,0,0,0,1134:1;1133488:1;113348:1,4113:1;4113388:1;411338:1,4,6,1,0.0,0,0,0,0,0,0,0.5,0,8,4,1,0.0,24.5,54.0,3,True,False
Midday,Set1,Draw1,6,32,3,2,0.0,5,0.0,True,False,False,False,False,False,False,3,5,3,5,0,0,0,0,388:1;338:1;3388:1,883:2;833:2;8833:2,6,5,1,0.0,0,0,2,0,0,0,0.0,1,8,0,1,0.0,24.0,55.5,1,True,False
Midday,Set1,Draw1,6,23,3,2,0.0,5,0.0,False,False,False,False,False,False,True,3,5,3,5,8,0,0,0,11388:1;188:1;1388:1,11883:1;881:1;1883:1,6,5,1,0.0,0,0,0,0,0,0,0.5,1,8,1,1,0.0,23.5,74.5,2,True,False
Midday,Set1,Draw1,6,19,2,1,0.0,6,0.0,True,False,False,False,False,False,True,3,5,3,5,1,0,0,0,114:1,411:2,4,6,0,0.0,0,0,2,0,0,0,0.5,1,8,0,1,0.0,22.5,79.5,1,True,False
Midday,Set1,Draw1,6,8,1,1,0.0,7,0.0,False,False,False,False,False,False,True,2,5,2,5,10,0,0,0,11358:1;1135:1;113588:1,81153:1;1153:1;881153:1,2,7,0,0.0,0,0,0,0,0,0,0.5,0,6,4,1,0.0,20.5,72.5,3,True,False
Midday,Set1,Draw1,6,28,3,1,0.0,3,0.0,True,True,False,False,False,False,False,1,3,1,3,0,0,0,0,224:1,224:3,6,3,0,0.0,0,0,2,4,0,0,0.0,1,2,0,0,0.0,18.0,33.0,1,False,False
Midday,Set1,Draw1,6,6,1,1,0.0,7,0.0,False,False,False,False,False,False,True,2,5,2,5,1,0,0,0,115:1,115:1,2,7,0,0.0,0,0,0,0,0,0,0.5,1,6,0,1,0.0,17.5,76.5,1,True,False
Midday,Set1,Draw1,6,13,2,1,0.0,4,0.0,False,False,False,False,False,False,True,2,4,2,4,4,0,0,0,3588:1;588:1;33588:1,5883:1;588:1;58833:1,4,4,0,0.0,0,0,0,0,0,0,0.5,1,5,1,0,0.0,15.5,47.5,2,False,False
Midday,Set1,Draw1,6,29,2,1,0.0,4,0.0,True,False,False,False,False,False,False,1,4,1,4,0,0,0,0,233:1;23388:1;223388:1,332:2;88332:1;883322:1,4,4,0,0.0,0,0,2,0,0,0,0.0,1,3,1,0,0.0,15.0,44.0,2,False,False
Midday,Set1,Draw1,6,30,2,1,0.0,3,0.0,True,False,False,False,False,False,False,1,3,1,3,0,0,0,0,22334:1;2234:1;2233488:1,33224:2;3224:2;8833224:1,4,3,0,0.0,0,0,2,0,0,0,0.0,0,2,4,0,0.0,15.0,38.5,3,False,False
Midday,Set1,Draw1,6,12,2,2,0.0,3,0.0,False,False,False,False,False,False,False,1,4,1,4,0,0,0,0,2245:1;245:1,5224:1;245:1,4,3,1,0.0,0,0,0,0,0,0,0.0,0,3,4,0,0.0,15.0,39.0,3,False,False
Midday,Set1,Draw1,6,14,1,1,0.0,3,0.0,False,False,False,False,False,False,False,1,4,1,4,0,0,0,0,334588:1,588334:1,2,3,0,0.0,0,0,0,0,0,0,0.0,0,3,4,1,0.0,13.0,45.0,3,True,False
Midday,Set1,Draw1,6,33,1,1,0.0,4,0.0,False,False,False,False,False,False,True,1,4,1,4,3,0,0,0,33488:1;3348:1;334:1,88334:1;8334:1;334:1,2,4,0,0.0,0,0,0,0,0,0,0.5,1,3,1,1,0.0,12.5,71.0,2,True,False
Midday,Set1,Draw1,6,27,2,1,0.0,3,0.0,True,False,False,False,False,False,False,1,3,1,3,0,0,0,0,2233:1;223:1,3322:2;322:2,4,3,0,0.0,0,0,2,0,0,0,0.0,1,2,0,0,0.0,12.0,30.5,1,False,False
Midday,Set1,Draw1,6,11,2,1,0.0,4,0.0,False,False,False,False,False,False,False,1,4,1,4,0,0,0,0,2233588:1;233588:1;223588:1,2258833:1;258833:1;225883:1,4,4,0,0.0,0,0,0,0,0,0,0.0,0,3,1,0,0.0,12.0,67.0,2,False,False
Midday,Set1,Draw1,6,10,2,2,0.0,3,0.0,False,False,False,False,False,False,False,1,3,1,3,0,0,0,0,225:1,522:1,4,3,1,0.0,0,0,0,0,0,0,0.0,1,2,0,0,0.0,11.0,32.5,1,False,False
Midday,Set1,Draw1,6,21,1,1,0.0,3,0.0,False,False,False,False,False,False,False,1,4,1,4,0,0,0,0,1123388:1;11223388:1;123388:1,1188332:1;11883322:1;188332:1,2,3,0,0.0,0,0,0,0,0,0,0.0,0,3,1,0,0.0,9.0,42.0,2,False,False
Midday,Set1,Draw1,6,22,1,1,0.0,3,0.0,False,False,False,False,False,False,False,1,4,1,4,0,0,0,0,1124:1;11224:1;124:1,2411:1;22411:1;241:1,2,3,0,0.0,0,0,0,0,0,0,0.0,0,3,0,0,0.0,8.0,29.0,1,False,False
Midday,Set1,Draw1,7,23,4,3,0.0,5,0.0,True,False,False,False,False,False,True,3,5,3,5,15,0,0,0,11388:1;188:1;1388:1,688:2;11883:1;881:1,8,5,2,0.0,0,0,2,0,0,0,0.5,1,8,4,1,0.0,31.5,74.5,3,True,False
Midday,Set1,Draw1,7,18,3,2,0.0,7,0.0,False,False,False,False,False,False,True,3,7,3,7,6,0,0,0,118:1;113:1;1188:1,811:1;113:1;8811:1,6,7,1,0.0,0,0,0,0,0,0,0.5,1,10,1,1,0.0,27.5,93.0,2,True,False
Midday,Set1,Draw1,7,32,3,2,0.0,5,0.0,True,False,False,False,False,False,False,3,5,3,5,0,0,0,0,388:1;338:1;3388:1,883:2;833:2;8833:2,6,5,1,0.0,0,0,2,0,0,0,0.0,1,8,1,1,0.0,25.0,55.5,2,True,False
Midday,Set1,Draw1,7,24,2,2,0.0,6,0.0,False,False,False,False,False,False,True,3,5,3,5,16,0,0,0,1134:1;1133488:1;113348:1,4113:1;4113388:1;411338:1,4,6,1,0.0,0,0,0,0,0,0,0.5,0,8,4,1,0.0,24.5,54.0,3,True,False
Midday,Set1,Draw1,7,19,2,1,0.0,6,0.0,True,False,False,False,False,False,True,3,5,3,5,2,0,0,0,114:1;1144:1,411:2;4411:2,4,6,0,0.0,0,0,2,0,0,0,0.5,1,8,0,1,0.0,22.5,79.5,1,True,False
Midday,Set1,Draw1,7,8,2,1,0.0,7,0.0,False,False,False,False,False,False,True,2,5,2,5,17,0,0,0,11358:1;1135:1;113588:1,81153:1;1153:1;881153:1,4,7,0,0.0,0,0,0,0,0,0,0.5,0,6,4,1,0.0,22.5,72.5,3,True,False
Midday,Set1,Draw1,7,28,3,1,0.0,3,0.0,True,True,False,False,False,False,False,1,3,1,3,0,0,0,0,224:1;2244:1,224:3;2244:3,6,3,0,0.0,0,0,2,4,0,0,0.0,1,2,1,0,0.0,19.0,33.0,2,False,False
Midday,Set1,Draw1,7,31,3,1,0.0,1,0.0,True,True,False,False,False,False,False,1,1,1,1,0,0,0,0,244:1,244:3,6,1,0,0.0,0,0,2,4,0,0,0.0,1,0,4,0,0.0,18.0,70.5,3,False,False
Midday,Set1,Draw1,7,6,1,1,0.0,7,0.0,False,False,False,False,False,False,True,2,5,2,5,1,0,0,0,115:1,115:1,2,7,0,0.0,0,0,0,0,0,0,0.5,1,6,0,1,0.0,17.5,76.5,1,True,False
Midday,Set1,Draw1,7,33,1,1,0.0,4,0.0,False,False,False,False,False,False,True,1,4,1,4,6,0,0,0,33488:1;3348:1;334:1,88334:1;8334:1;334:1,2,4,0,0.0,0,0,0,0,0,0,0.5,1,3,4,1,0.0,15.5,71.0,3,True,False
Midday,Set1,Draw1,7,29,1,1,0.0,4,0.0,False,False,False,False,False,False,False,1,4,1,4,0,0,0,0,233:1,332:1,2,4,0,0.0,0,0,0,0,0,0,0.0,1,3,4,0,0.0,14.0,44.0,3,False,False
Midday,Set1,Draw1,7,34,1,1,0.0,1,0.0,False,False,False,False,False,False,False,3,2,3,2,0,0,0,0,344:1,344:1,2,1,0,0.0,0,0,0,0,0,0,0.0,1,5,4,1,0.0,14.0,54.0,3,True,False
Midday,Set1,Draw1,7,12,2,2,0.0,3,0.0,False,False,False,False,False,False,False,1,3,1,3,0,0,0,0,2245:1;22445:1;2445:1,5224:1;52244:1;2445:1,4,3,1,0.0,0,0,0,0,0,0,0.0,0,2,4,0,0.0,14.0,39.0,3,False,False
Midday,Set1,Draw1,7,25,2,1,0.0,1,0.0,True,False,False,False,False,False,False,3,1,3,1,0,0,0,0,144:1,441:2,4,1,0,0.0,0,0,2,0,0,0,0.0,1,4,0,1,0.0,13.0,33.0,1,True,False
Midday,Set1,Draw1,7,10,2,2,0.0,3,0.0,False,False,False,False,False,False,False,1,3,1,3,0,0,0,0,225:1,522:1,4,3,1,0.0,0,0,0,0,0,0,0.0,1,2,1,0,0.0,12.0,32.5,2,False,False
Midday,Set1,Draw1,7,15,1,1,0.0,1,0.0,False,False,False,False,False,False,False,2,2,2,2,0,0,0,0,445:1,445:1,2,1,0,0.0,0,0,0,0,0,0,0.0,1,3,4,1,0.0,12.0,75.0,3,True,False
Midday,Set1,Draw1,7,13,1,1,0.0,4,0.0,False,False,False,False,False,False,True,1,4,1,4,1,0,0,0,335:1,533:1,2,4,0,0.0,0,0,0,0,0,0,0.5,1,3,1,0,0.0,11.5,47.5,2,False,False
Midday,Set1,Draw1,7,30,1,1,0.0,3,0.0,False,False,False,False,False,False,False,1,3,1,3,0,0,0,0,22334:1;2234:1;223344:1,33224:1;3224:1;332244:1,2,3,0,0.0,0,0,0,0,0,0,0.0,0,2,4,0,0.0,11.0,38.5,3,False,False
Midday,Set1,Draw1,7,11,1,1,0.0,4,0.0,False,False,False,False,False,False,False,1,4,1,4,0,0,0,0,2335:1;22335:1,5332:1;53322:1,2,4,0,0.0,0,0,0,0,0,0,0.0,0,3,1,0,0.0,10.0,67.0,2,False,False
Midday,Set1,Draw1,7,27,1,1,0.0,3,0.0,False,False,False,False,False,False,False,1,3,1,3,0,0,0,0,2233:1;223:1,3322:1;322:1,2,3,0,0.0,0,0,0,0,0,0,0.0,1,2,1,0,0.0,9.0,30.5,2,False,False
Midday,Set1,Draw1,7,22,2,1,0.0,1,0.0,False,False,False,False,False,False,False,1,1,1,1,0,0,0,0,112244:1;12244:1;11244:1,224411:1;22441:1;24411:1,4,1,0,0.0,0,0,0,0,0,0,0.0,0,0,4,0,0.0,9.0,29.0,3,False,False
Midday,Set1,Draw1,7,21,1,1,0.0,1,0.0,False,False,False,False,False,False,False,1,1,1,1,0,0,0,0,11233688:1;12233688:1;1233688:1,11883362:1;18833622:1;1883362:1,2,1,0,0.0,0,0,0,0,0,0,0.0,0,0,4,0,0.0,7.0,42.0,3,False,False
Midday,Set1,Draw1,7,20,1,1,0.0,1,0.0,False,False,False,False,False,False,False,1,1,1,1,0,0,0,0,226:1,622:1,2,1,0,0.0,0,0,0,0,0,0,0.0,1,0,1,0,0.0,5.0,38.5,2,False,False
Midday,Set1,Draw1,7,7,1,1,0.0,1,0.0,False,False,False,False,False,False,True,1,1,1,1,2,0,0,0,2256:1;256:1,2256:1;256:1,2,1,0,0.0,0,0,0,0,0,0,0.5,0,0,1,0,0.0,4.5,34.5,2,False,False
Midday,Set1,Draw2,1,18,4,3,0.0,6,1.0,False,False,False,False,False,False,True,3,7,3,7,3,0,3,0,1138:1;113:1;118:1,1138:1;113:1;811:1,8,6,2,0.0,0,1,0,0,0,0,0.5,1,10,0,0,0.0,28.5,93.0,1,False,False
Midday,Set1,Draw2,1,8,4,4,0.0,3,1.0,False,False,False,True,False,True,True,2,5,2,5,5,0,5,0,11358:1;1135:1;1158:1,51138:1;5113:1;8115:1,8,3,3,0.0,0,1,0,0,0,1,0.5,0,6,0,0,0.0,22.5,72.5,1,False,False
Midday,Set1,Draw2,1,23,3,3,0.0,3,1.0,False,False,False,False,False,False,True,3,7,3,7,1,0,1,0,138:1,138:1,6,3,2,0.0,0,1,0,0,0,0,0.5,0,10,0,0,0.0,22.5,74.5,1,False,False
Midday,Set1,Draw2,1,6,2,2,0.0,3,1.0,False,False,False,False,False,False,True,2,5,2,5,1,0,1,0,115:1,511:1,4,3,1,0.0,0,1,0,0,0,0,0.5,1,6,0,0,0.0,16.5,76.5,1,False,False
Midday,Set1,Draw2,1,13,2,2,0.0,2,1.0,False,False,False,False,False,False,True,1,5,1,5,1,0,1,0,358:1,583:1,4,2,1,0.0,0,1,0,0,0,0,0.5,0,4,0,0,0.0,12.5,47.5,1,False,False
Midday,Set1,Draw2,2,18,3,2,0.0,6,1.0,False,False,False,False,False,True,True,3,7,3,7,3,0,3,0,113:1;118:1;1138:1,113:1;811:1;1138:1,6,6,1,0.0,0,1,0,0,0,1,0.5,1,10,0,0,0.0,26.5,93.0,1,False,False
Midday,Set1,Draw2,2,24,3,3,0.0,5,1.0,False,False,False,False,False,True,True,3,5,3,5,4,0,4,0,11348:1;1134:1;1348:1,41138:1;4113:1;8341:1,6,5,2,0.0,0,1,0,0,0,1,0.5,0,8,0,0,0.0,23.5,54.0,1,False,False
Midday,Set1,Draw2,2,19,2,1,0.0,5,1.0,True,False,False,False,False,True,True,3,5,3,5,1,0,1,0,114:1,411:2,4,5,0,0.0,0,1,2,0,0,1,0.5,1,8,0,0,0.0,22.5,79.5,1,False,False
Midday,Set1,Draw2,2,33,2,1,0.0,2,1.0,True,False,False,False,False,True,True,3,6,3,6,1,0,1,0,348:1,834:2,4,2,0,0.0,0,1,2,0,0,1,0.5,0,9,1,0,0.0,20.5,71.0,2,False,False
Midday,Set1,Draw2,2,23,2,2,0.0,3,1.0,False,False,False,False,False,False,True,3,7,3,7,1,0,1,0,138:1,138:1,4,3,1,0.0,0,1,0,0,0,0,0.5,0,10,0,0,0.0,19.5,74.5,1,False,False
Midday,Set1,Draw2,2,14,3,2,0.0,2,1.0,False,False,False,False,False,False,False,2,6,2,6,0,0,2,0,3458:1;345:1,5834:1;534:1,6,2,1,0.0,0,1,0,0,0,0,0.0,0,7,0,0,0.0,17.0,45.0,1,False,False
Midday,Set1,Draw2,2,6,1,1,0.0,3,1.0,False,False,False,False,False,True,True,2,5,2,5,1,0,1,0,115:1,115:1,2,3,0,0.0,0,1,0,0,0,1,0.5,1,6,0,0,0.0,14.5,76.5,1,False,False
Midday,Set1,Draw2,2,8,1,1,0.0,3,1.0,False,False,False,False,False,True,True,2,5,2,5,4,0,4,0,11358:1;1135:1;1158:1,81153:1;1153:1;8115:1,2,3,0,0.0,0,1,0,0,0,1,0.5,0,6,0,0,0.0,13.5,72.5,1,False,False
Midday,Set1,Draw2,2,9,1,1,0.0,2,1.0,False,False,False,False,False,True,True,2,4,2,4,2,0,2,0,1145:1;145:1,5411:1;541:1,2,2,0,0.0,0,1,0,0,0,1,0.5,0,5,0,0,0.0,11.5,43.0,1,False,False
Midday,Set1,Draw2,2,13,1,1,0.0,2,1.0,False,False,False,False,False,True,True,1,5,1,5,1,0,1,0,358:1,583:1,2,2,0,0.0,0,1,0,0,0,1,0.5,0,4,0,0,0.0,10.5,47.5,1,False,False
Midday,Set1,Draw2,3,18,3,2,0.0,6,1.0,False,False,False,False,False,True,True,3,7,3,7,4,4,0,0,113:1;118:1;1138:1,113:1;811:1;1138:1,6,6,1,0.0,0,1,0,0,0,1,0.5,1,10,0,0,0.0,26.5,93.0,1,False,False
Midday,Set1,Draw2,3,23,3,2,0.0,4,1.0,False,False,False,False,False,True,True,3,7,3,7,4,4,0,0,11388:1;138:1;1388:1,11388:1;138:1;1388:1,6,4,1,0.0,0,1,0,0,0,1,0.5,1,10,0,0,0.0,24.5,74.5,1,False,False
Midday,Set1,Draw2,3,24,3,3,0.0,5,1.0,False,False,False,False,False,True,True,3,5,3,5,6,6,0,0,113488:1;1134:1;11348:1,411388:1;4113:1;41138:1,6,5,2,0.0,0,1,0,0,0,1,0.5,0,8,0,0,0.0,23.5,54.0,1,False,False
Midday,Set1,Draw2,3,32,3,2,0.0,4,1.0,True,False,False,False,False,False,False,3,5,3,5,0,1,0,0,388:1,883:2,6,4,1,0.0,0,1,2,0,0,0,0.0,1,8,0,0,0.0,23.0,55.5,1,False,False
Midday,Set1,Draw2,3,19,2,1,0.0,5,1.0,True,False,False,False,False,True,True,3,5,3,5,1,1,0,0,114:1,411:2,4,5,0,0.0,0,1,2,0,0,1,0.5,1,8,0,0,0.0,22.5,79.5,1,False,False
Midday,Set1,Draw2,3,14,3,2,0.0,2,1.0,False,False,False,False,False,True,False,2,6,2,6,0,3,0,0,3458:1;34588:1;345:1,8345:1;58834:1;534:1,6,2,1,0.0,0,1,0,0,0,1,0.0,0,7,4,0,0.0,22.0,45.0,3,False,False
Midday,Set1,Draw2,3,33,2,1,0.0,2,1.0,True,False,False,False,False,True,True,3,6,3,6,2,2,0,0,348:1;3488:1,834:2;8834:2,4,2,0,0.0,0,1,2,0,0,1,0.5,0,9,1,0,0.0,20.5,71.0,2,False,False
Midday,Set1,Draw2,3,13,1,1,0.0,4,1.0,False,False,False,False,False,True,True,2,4,2,4,2,2,0,0,3588:1;588:1,5883:1;588:1,2,4,0,0.0,0,1,0,0,0,1,0.5,1,5,1,0,0.0,15.5,47.5,2,False,False
Midday,Set1,Draw2,3,6,1,1,0.0,3,1.0,False,False,False,False,False,True,True,2,5,2,5,1,1,0,0,115:1,115:1,2,3,0,0.0,0,1,0,0,0,1,0.5,1,6,0,0,0.0,14.5,76.5,1,False,False
Midday,Set1,Draw2,3,8,1,1,0.0,3,1.0,False,False,False,False,False,True,True,2,5,2,5,6,6,0,0,11358:1;1135:1;113588:1,81153:1;1153:1;881153:1,2,3,0,0.0,0,1,0,0,0,1,0.5,0,6,0,0,0.0,13.5,72.5,1,False,False
Midday,Set1,Draw2,3,9,1,1,0.0,2,1.0,False,False,False,False,False,True,True,2,4,2,4,2,2,0,0,1145:1;145:1,5411:1;541:1,2,2,0,0.0,0,1,0,0,0,1,0.5,0,5,0,0,0.0,11.5,43.0,1,False,False
Midday,Set1,Draw2,4,18,3,2,0.0,6,1.0,False,False,False,False,False,False,True,3,7,3,7,4,4,0,0,118:1;113:1;1188:1,811:1;113:1;8811:1,6,6,1,0.0,0,1,0,0,0,0,0.5,1,10,0,0,0.0,25.5,93.0,1,False,False
Midday,Set1,Draw2,4,32,3,2,0.0,4,1.0,True,False,False,False,False,False,False,3,5,3,5,0,3,0,0,388:1;338:1;3388:1,883:2;833:2;8833:2,6,4,1,0.0,0,1,2,0,0,0,0.0,1,8,0,0,0.0,23.0,55.5,1,False,False
Midday,Set1,Draw2,4,23,3,2,0.0,4,1.0,False,False,False,False,False,False,True,3,5,3,5,8,8,0,0,11388:1;188:1;1388:1,11883:1;881:1;1883:1,6,4,1,0.0,0,1,0,0,0,0,0.5,1,8,0,0,0.0,21.5,74.5,1,False,False
Midday,Set1,Draw2,4,29,3,1,0.0,3,1.0,True,False,False,False,False,False,False,1,4,1,4,0,6,0,0,233:1;23388:1;33788:1,332:2;88332:1;33887:1,6,3,0,0.0,0,1,2,0,0,0,0.0,1,3,4,0,0.0,20.0,44.0,3,False,False
Midday,Set1,Draw2,4,13,2,1,0.0,4,1.0,False,False,False,False,False,False,True,2,4,2,4,4,4,0,0,3588:1;588:1;33588:1,5883:1;588:1;58833:1,4,4,0,0.0,0,1,0,0,0,0,0.5,1,5,4,0,0.0,19.5,47.5,3,False,False
Midday,Set1,Draw2,4,17,3,2,0.0,3,1.0,True,False,False,False,False,False,False,1,6,1,6,0,1,0,0,117:1,711:2,6,3,1,0.0,0,1,2,0,0,0,0.0,1,5,0,0,0.0,19.0,48.5,1,False,False
Midday,Set1,Draw2,4,30,3,1,0.0,3,1.0,True,False,False,False,False,False,False,1,4,1,4,0,8,0,0,334788:1;2334:1;33478:1,3324:2;324:2;883347:1,6,3,0,0.0,0,1,2,0,0,0,0.0,0,3,4,0,0.0,19.0,38.5,3,False,False
Midday,Set1,Draw2,4,19,1,1,0.0,5,1.0,False,False,False,False,False,False,True,3,5,3,5,1,1,0,0,114:1,411:1,2,5,0,0.0,0,1,0,0,0,0,0.5,1,8,0,0,0.0,17.5,79.5,1,False,False
Midday,Set1,Draw2,4,24,1,1,0.0,5,1.0,False,False,False,False,False,False,True,3,5,3,5,4,4,0,0,1134:1;1133488:1;113348:1,4113:1;4113388:1;411338:1,2,5,0,0.0,0,1,0,0,0,0,0.5,0,8,0,0,0.0,16.5,54.0,1,False,False
Midday,Set1,Draw2,4,21,3,2,0.0,3,1.0,False,False,False,False,False,False,False,1,6,1,6,0,8,0,0,1133788:1;11233788:1;1123388:1,1133887:1;71188332:1;1188332:1,6,3,1,0.0,0,1,0,0,0,0,0.0,0,5,0,0,0.0,16.0,42.0,1,False,False
Midday,Set1,Draw2,4,33,1,1,0.0,3,1.0,False,False,False,False,False,False,True,1,4,1,4,3,3,0,0,33488:1;3348:1;334:1,88334:1;8334:1;334:1,2,3,0,0.0,0,1,0,0,0,0,0.5,1,3,4,0,0.0,14.5,71.0,3,False,False
Midday,Set1,Draw2,4,14,1,1,0.0,3,1.0,False,False,False,False,False,False,False,1,4,1,4,0,1,0,0,334588:1,588334:1,2,3,0,0.0,0,1,0,0,0,0,0.0,0,3,4,0,0.0,13.0,45.0,3,False,False
Midday,Set1,Draw2,4,12,2,2,0.0,3,1.0,False,False,False,False,False,False,False,1,4,1,4,0,1,0,0,245:1,524:1,4,3,1,0.0,0,1,0,0,0,0,0.0,0,3,1,0,0.0,13.0,39.0,2,False,False
Midday,Set1,Draw2,4,11,2,1,0.0,3,1.0,False,False,False,False,False,False,False,1,4,1,4,0,8,0,0,233588:1;23588:1;23357:1,258833:1;25883:1;75332:1,4,3,0,0.0,0,1,0,0,0,0,0.0,0,3,1,0,0.0,12.0,67.0,2,False,False
Midday,Set1,Draw2,4,22,2,1,0.0,3,1.0,False,False,False,False,False,False,False,1,5,1,5,0,4,0,0,1147:1;1124:1;147:1,4711:1;2411:1;471:1,4,3,0,0.0,0,1,0,0,0,0,0.0,0,4,0,0,0.0,12.0,29.0,1,False,False
Midday,Set1,Draw2,4,7,1,1,0.0,3,1.0,False,False,False,False,False,False,True,1,4,1,4,2,2,0,0,1157:1;157:1,1175:1;175:1,2,3,0,0.0,0,1,0,0,0,0,0.5,0,3,0,0,0.0,9.5,34.5,1,False,False
Midday,Set1,Draw2,5,18,3,2,0.0,6,0.0,False,False,False,False,False,False,True,3,7,3,7,4,0,0,0,118:1;113:1;1188:1,811:1;113:1;8811:1,6,6,1,0.0,0,0,0,0,0,0,0.5,1,10,0,0,0.0,24.5,93.0,1,False,False
Midday,Set1,Draw2,5,32,3,2,0.0,4,0.0,True,False,False,False,False,False,False,3,5,3,5,0,0,0,0,388:1;338:1;3388:1,883:2;833:2;8833:2,6,4,1,0.0,0,0,2,0,0,0,0.0,1,8,1,0,0.0,23.0,55.5,2,False,False
Midday,Set1,Draw2,5,23,3,2,0.0,4,0.0,False,False,False,False,False,False,True,3,5,3,5,8,0,0,0,11388:1;188:1;1388:1,11883:1;881:1;1883:1,6,4,1,0.0,0,0,0,0,0,0,0.5,1,8,1,0,0.0,21.5,74.5,2,False,False
Midday,Set1,Draw2,5,29,3,1,0.0,3,0.0,True,False,False,False,False,False,False,1,4,1,4,0,0,0,0,233:1;23388:1;33788:1,332:2;88332:1;33887:1,6,3,0,0.0,0,0,2,0,0,0,0.0,1,3,4,0,0.0,19.0,44.0,3,False,False
Midday,Set1,Draw2,5,17,3,2,0.0,3,0.0,True,False,False,False,False,False,False,1,6,1,6,0,0,0,0,117:1,711:2,6,3,1,0.0,0,0,2,0,0,0,0.0,1,5,0,0,0.0,18.0,48.5,1,False,False
Midday,Set1,Draw2,5,28,3,1,0.0,2,0.0,True,True,False,False,False,False,False,1,3,1,3,0,0,0,0,224:1,224:3,6,2,0,0.0,0,0,2,4,0,0,0.0,1,2,0,0,0.0,17.0,33.0,1,False,False
Midday,Set1,Draw2,5,30,3,1,0.0,3,0.0,True,False,False,False,False,False,False,1,3,1,3,0,0,0,0,22334:1;334788:1;2234:1,33224:2;3224:2;883347:1,6,3,0,0.0,0,0,2,0,0,0,0.0,0,2,4,0,0.0,17.0,38.5,3,False,False
Midday,Set1,Draw2,5,19,1,1,0.0,5,0.0,False,False,False,False,False,False,True,3,5,3,5,1,0,0,0,114:1,411:1,2,5,0,0.0,0,0,0,0,0,0,0.5,1,8,0,0,0.0,16.5,79.5,1,False,False
Midday,Set1,Draw2,5,24,1,1,0.0,5,0.0,False,False,False,False,False,False,True,3,5,3,5,4,0,0,0,1134:1;1133488:1;113348:1,4113:1;4113388:1;411338:1,2,5,0,0.0,0,0,0,0,0,0,0.5,0,8,1,0,0.0,16.5,54.0,2,False,False
Midday,Set1,Draw2,5,21,3,2,0.0,3,0.0,False,False,False,False,False,False,False,1,6,1,6,0,0,0,0,1133788:1;11233788:1;1123388:1,1133887:1;71188332:1;1188332:1,6,3,1,0.0,0,0,0,0,0,0,0.0,0,5,1,0,0.0,16.0,42.0,2,False,False
Midday,Set1,Draw2,5,13,2,1,0.0,4,0.0,False,False,False,False,False,False,True,2,4,2,4,4,0,0,0,3588:1;588:1;33588:1,5883:1;588:1;58833:1,4,4,0,0.0,0,0,0,0,0,0,0.5,1,5,1,0,0.0,15.5,47.5,2,False,False
Midday,Set1,Draw2,5,12,2,2,0.0,3,0.0,False,False,False,False,False,False,False,1,4,1,4,0,0,0,0,2245:1;245:1,5224:1;245:1,4,3,1,0.0,0,0,0,0,0,0,0.0,0,3,4,0,0.0,15.0,39.0,3,False,False
Midday,Set1,Draw2,5,33,1,1,0.0,3,0.0,False,False,False,False,False,False,True,1,4,1,4,3,0,0,0,33488:1;3348:1;334:1,88334:1;8334:1;334:1,2,3,0,0.0,0,0,0,0,0,0,0.5,1,3,4,0,0.0,13.5,71.0,3,False,False
Midday,Set1,Draw2,5,14,1,1,0.0,3,0.0,False,False,False,False,False,False,False,1,4,1,4,0,0,0,0,334588:1,588334:1,2,3,0,0.0,0,0,0,0,0,0,0.0,0,3,4,0,0.0,12.0,45.0,3,False,False
Midday,Set1,Draw2,5,11,2,1,0.0,3,0.0,False,False,False,False,False,False,False,1,4,1,4,0,0,0,0,2233588:1;233588:1;223588:1,2258833:1;258833:1;225883:1,4,3,0,0.0,0,0,0,0,0,0,0.0,0,3,1,0,0.0,11.0,67.0,2,False,False
Midday,Set1,Draw2,5,27,2,1,0.0,2,0.0,True,False,False,False,False,False,False,1,3,1,3,0,0,0,0,2233:1;223:1,3322:2;322:2,4,2,0,0.0,0,0,2,0,0,0,0.0,1,2,0,0,0.0,11.0,30.5,1,False,False
Midday,Set1,Draw2,5,22,2,1,0.0,3,0.0,False,False,False,False,False,False,False,1,5,1,5,0,0,0,0,1147:1;1124:1;147:1,4711:1;2411:1;471:1,4,3,0,0.0,0,0,0,0,0,0,0.0,0,4,0,0,0.0,11.0,29.0,1,False,False
Midday,Set1,Draw2,5,10,2,2,0.0,2,0.0,False,False,False,False,False,False,False,1,3,1,3,0,0,0,0,225:1,522:1,4,2,1,0.0,0,0,0,0,0,0,0.0,1,2,0,0,0.0,10.0,32.5,1,False,False
Midday,Set1,Draw2,5,7,1,1,0.0,3,0.0,False,False,False,False,False,False,True,1,4,1,4,2,0,0,0,1157:1;157:1,1175:1;175:1,2,3,0,0.0,0,0,0,0,0,0,0.5,0,3,0,0,0.0,8.5,34.5,1,False,False
Midday,Set1,Draw2,6,32,3,2,0.0,4,0.0,True,False,False,False,False,False,False,3,5,3,5,0,0,0,0,388:1;338:1;3388:1,883:2;833:2;8833:2,6,4,1,0.0,0,0,2,0,0,0,0.0,1,8,4,0,0.0,26.0,55.5,3,False,False
Midday,Set1,Draw2,6,18,3,2,0.0,6,0.0,False,False,False,False,False,False,True,3,7,3,7,4,0,0,0,118:1;113:1;1188:1,811:1;113:1;8811:1,6,6,1,0.0,0,0,0,0,0,0,0.5,1,10,0,0,0.0,24.5,93.0,1,False,False
Midday,Set1,Draw2,6,23,3,2,0.0,4,0.0,False,False,False,False,False,False,True,3,5,3,5,8,0,0,0,11388:1;188:1;1388:1,11883:1;881:1;1883:1,6,4,1,0.0,0,0,0,0,0,0,0.5,1,8,4,0,0.0,24.5,74.5,3,False,False
Midday,Set1,Draw2,6,24,1,1,0.0,5,0.0,False,False,False,False,False,False,True,3,5,3,5,4,0,0,0,1134:1;1133488:1;113348:1,4113:1;4113388:1;411338:1,2,5,0,0.0,0,0,0,0,0,0,0.5,0,8,4,0,0.0,19.5,54.0,3,False,False
Midday,Set1,Draw2,6,29,3,1,0.0,3,0.0,True,False,False,False,False,False,False,1,4,1,4,0,0,0,0,233:1;23388:1;33788:1,332:2;88332:1;33887:1,6,3,0,0.0,0,0,2,0,0,0,0.0,1,3,4,0,0.0,19.0,44.0,3,False,False
Midday,Set1,Draw2,6,13,2,1,0.0,4,0.0,False,False,False,False,False,False,True,2,4,2,4,4,0,0,0,3588:1;588:1;33588:1,5883:1;588:1;58833:1,4,4,0,0.0,0,0,0,0,0,0,0.5,1,5,4,0,0.0,18.5,47.5,3,False,False
Midday,Set1,Draw2,6,17,3,2,0.0,3,0.0,True,False,False,False,False,False,False,1,6,1,6,0,0,0,0,117:1,711:2,6,3,1,0.0,0,0,2,0,0,0,0.0,1,5,0,0,0.0,18.0,48.5,1,False,False
Midday,Set1,Draw2,6,28,3,1,0.0,2,0.0,True,True,False,False,False,False,False,1,3,1,3,0,0,0,0,224:1,224:3,6,2,0,0.0,0,0,2,4,0,0,0.0,1,2,0,0,0.0,17.0,33.0,1,False,False
Midday,Set1,Draw2,6,30,3,1,0.0,3,0.0,True,False,False,False,False,False,False,1,3,1,3,0,0,0,0,22334:1;334788:1;2234:1,33224:2;3224:2;883347:1,6,3,0,0.0,0,0,2,0,0,0,0.0,0,2,4,0,0.0,17.0,38.5,3,False,False
Midday,Set1,Draw2,6,19,1,1,0.0,5,0.0,False,False,False,False,False,False,True,3,5,3,5,1,0,0,0,114:1,411:1,2,5,0,0.0,0,0,0,0,0,0,0.5,1,8,0,0,0.0,16.5,79.5,1,False,False
Midday,Set1,Draw2,6,21,3,2,0.0,3,0.0,False,False,False,False,False,False,False,1,6,1,6,0,0,0,0,1133788:1;11233788:1;1123388:1,1133887:1;71188332:1;1188332:1,6,3,1,0.0,0,0,0,0,0,0,0.0,0,5,1,0,0.0,16.0,42.0,2,False,False
Midday,Set1,Draw2,6,12,2,2,0.0,3,0.0,False,False,False,False,False,False,False,1,4,1,4,0,0,0,0,2245:1;245:1,5224:1;245:1,4,3,1,0.0,0,0,0,0,0,0,0.0,0,3,4,0,0.0,15.0,39.0,3,False,False
Midday,Set1,Draw2,6,33,1,1,0.0,3,0.0,False,False,False,False,False,False,True,1,4,1,4,3,0,0,0,33488:1;3348:1;334:1,88334:1;8334:1;334:1,2,3,0,0.0,0,0,0,0,0,0,0.5,1,3,4,0,0.0,13.5,71.0,3,False,False
Midday,Set1,Draw2,6,14,1,1,0.0,3,0.0,False,False,False,False,False,False,False,1,4,1,4,0,0,0,0,334588:1,588334:1,2,3,0,0.0,0,0,0,0,0,0,0.0,0,3,4,0,0.0,12.0,45.0,3,False,False
Midday,Set1,Draw2,6,11,2,1,0.0,3,0.0,False,False,False,False,False,False,False,1,4,1,4,0,0,0,0,2233588:1;233588:1;223588:1,2258833:1;258833:1;225883:1,4,3,0,0.0,0,0,0,0,0,0,0.0,0,3,1,0,0.0,11.0,67.0,2,False,False
Midday,Set1,Draw2,6,27,2,1,0.0,2,0.0,True,False,False,False,False,False,False,1,3,1,3,0,0,0,0,2233:1;223:1,3322:2;322:2,4,2,0,0.0,0,0,2,0,0,0,0.0,1,2,0,0,0.0,11.0,30.5,1,False,False
Midday,Set1,Draw2,6,22,2,1,0.0,3,0.0,False,False,False,False,False,False,False,1,5,1,5,0,0,0,0,1147:1;1124:1;147:1,4711:1;2411:1;471:1,4,3,0,0.0,0,0,0,0,0,0,0.0,0,4,0,0,0.0,11.0,29.0,1,False,False
Midday,Set1,Draw2,6,10,2,2,0.0,2,0.0,False,False,False,False,False,False,False,1,3,1,3,0,0,0,0,225:1,522:1,4,2,1,0.0,0,0,0,0,0,0,0.0,1,2,0,0,0.0,10.0,32.5,1,False,False
Midday,Set1,Draw2,6,7,1,1,0.0,3,0.0,False,False,False,False,False,False,True,1,4,1,4,2,0,0,0,1157:1;157:1,1175:1;175:1,2,3,0,0.0,0,0,0,0,0,0,0.5,0,3,0,0,0.0,8.5,34.5,1,False,False
Midday,Set1,Draw3,1,18,4,3,0.0,5,1.0,False,False,False,False,False,False,True,3,7,3,7,3,0,3,0,1138:1;113:1;118:1,1138:1;113:1;811:1,8,5,2,0.0,0,1,0,0,0,0,0.5,1,10,0,0,0.0,27.5,93.0,1,False,False
Midday,Set1,Draw3,1,8,4,4,0.0,3,1.0,False,False,False,True,False,True,True,2,5,2,5,5,0,5,0,11358:1;1135:1;1158:1,51138:1;5113:1;8115:1,8,3,3,0.0,0,1,0,0,0,1,0.5,0,6,0,0,0.0,22.5,72.5,1,False,False
Midday,Set1,Draw3,1,23,3,3,0.0,3,1.0,False,False,False,False,False,False,True,3,7,3,7,1,0,1,0,138:1,138:1,6,3,2,0.0,0,1,0,0,0,0,0.5,0,10,0,0,0.0,22.5,74.5,1,False,False
Midday,Set1,Draw3,1,6,2,2,0.0,3,1.0,False,False,False,False,False,False,True,2,5,2,5,1,0,1,0,115:1,511:1,4,3,1,0.0,0,1,0,0,0,0,0.5,1,6,0,0,0.0,16.5,76.5,1,False,False
Midday,Set1,Draw3,1,13,2,2,0.0,2,1.0,False,False,False,False,False,False,True,1,5,1,5,1,0,1,0,358:1,583:1,4,2,1,0.0,0,1,0,0,0,0,0.5,0,4,0,0,0.0,12.5,47.5,1,False,False
Midday,Set1,Draw3,2,18,3,2,0.0,5,1.0,False,False,False,False,False,True,True,3,7,3,7,3,0,3,0,113:1;118:1;1138:1,113:1;811:1;1138:1,6,5,1,0.0,0,1,0,0,0,1,0.5,1,10,0,0,0.0,25.5,93.0,1,False,False
Midday,Set1,Draw3,2,24,3,3,0.0,4,1.0,False,False,False,False,False,True,True,3,5,3,5,4,0,4,0,11348:1;1134:1;1348:1,41138:1;4113:1;8341:1,6,4,2,0.0,0,1,0,0,0,1,0.5,0,8,0,0,0.0,22.5,54.0,1,False,False
Midday,Set1,Draw3,2,19,2,1,0.0,4,1.0,True,False,False,False,False,True,True,3,5,3,5,1,0,1,0,114:1,411:2,4,4,0,0.0,0,1,2,0,0,1,0.5,1,8,0,0,0.0,21.5,79.5,1,False,False
Midday,Set1,Draw3,2,33,2,1,0.0,2,1.0,True,False,False,False,False,True,True,3,6,3,6,1,0,1,0,348:1,834:2,4,2,0,0.0,0,1,2,0,0,1,0.5,0,9,1,0,0.0,20.5,71.0,2,False,False
Midday,Set1,Draw3,2,23,2,2,0.0,3,1.0,False,False,False,False,False,False,True,3,7,3,7,1,0,1,0,138:1,138:1,4,3,1,0.0,0,1,0,0,0,0,0.5,0,10,0,0,0.0,19.5,74.5,1,False,False
Midday,Set1,Draw3,2,14,3,2,0.0,2,1.0,False,False,False,False,False,False,False,2,6,2,6,0,0,2,0,3458:1;345:1,5834:1;534:1,6,2,1,0.0,0,1,0,0,0,0,0.0,0,7,1,0,0.0,18.0,45.0,2,False,False
Midday,Set1,Draw3,2,6,1,1,0.0,3,1.0,False,False,False,False,False,True,True,2,5,2,5,1,0,1,0,115:1,115:1,2,3,0,0.0,0,1,0,0,0,1,0.5,1,6,0,0,0.0,14.5,76.5,1,False,False
Midday,Set1,Draw3,2,8,1,1,0.0,3,1.0,False,False,False,False,False,True,True,2,5,2,5,4,0,4,0,11358:1;1135:1;1158:1,81153:1;1153:1;8115:1,2,3,0,0.0,0,1,0,0,0,1,0.5,0,6,0,0,0.0,13.5,72.5,1,False,False
Midday,Set1,Draw3,2,9,1,1,0.0,2,1.0,False,False,False,False,False,True,True,2,4,2,4,2,0,2,0,1145:1;145:1,5411:1;541:1,2,2,0,0.0,0,1,0,0,0,1,0.5,0,5,0,0,0.0,11.5,43.0,1,False,False
Midday,Set1,Draw3,2,13,1,1,0.0,2,1.0,False,False,False,False,False,True,True,1,5,1,5,1,0,1,0,358:1,583:1,2,2,0,0.0,0,1,0,0,0,1,0.5,0,4,0,0,0.0,10.5,47.5,1,False,False
Midday,Set1,Draw3,3,18,3,2,0.0,5,1.0,False,False,False,False,False,True,True,3,7,3,7,4,4,0,0,113:1;1138:1;118:1,113:1;1138:1;811:1,6,5,1,0.0,0,1,0,0,0,1,0.5,1,10,0,0,0.0,25.5,93.0,1,False,False
Midday,Set1,Draw3,3,23,3,2,0.0,3,1.0,False,False,False,False,False,True,True,3,7,3,7,4,4,0,0,138:1;11388:1;1388:1,138:1;11388:1;1388:1,6,3,1,0.0,0,1,0,0,0,1,0.5,1,10,0,0,0.0,23.5,74.5,1,False,False
Midday,Set1,Draw3,3,24,3,3,0.0,4,1.0,False,False,False,False,False,True,True,3,5,3,5,6,6,0,0,113488:1;1134:1;11348:1,411388:1;4113:1;41138:1,6,4,2,0.0,0,1,0,0,0,1,0.5,0,8,0,0,0.0,22.5,54.0,1,False,False
Midday,Set1,Draw3,3,32,3,2,0.0,3,1.0,True,False,False,False,False,False,False,3,5,3,5,0,1,0,0,388:1,883:2,6,3,1,0.0,0,1,2,0,0,0,0.0,1,8,0,0,0.0,22.0,55.5,1,False,False
Midday,Set1,Draw3,3,14,3,2,0.0,2,1.0,False,False,False,False,False,True,False,2,6,2,6,0,3,0,0,3458:1;34588:1;345:1,8345:1;58834:1;534:1,6,2,1,0.0,0,1,0,0,0,1,0.0,0,7,4,0,0.0,22.0,45.0,3,False,False
Midday,Set1,Draw3,3,19,2,1,0.0,4,1.0,True,False,False,False,False,True,True,3,5,3,5,1,1,0,0,114:1,411:2,4,4,0,0.0,0,1,2,0,0,1,0.5,1,8,0,0,0.0,21.5,79.5,1,False,False
Midday,Set1,Draw3,3,33,2,1,0.0,2,1.0,True,False,False,False,False,True,True,3,6,3,6,2,2,0,0,348:1;3488:1,834:2;8834:2,4,2,0,0.0,0,1,2,0,0,1,0.5,0,9,1,0,0.0,20.5,71.0,2,False,False
Midday,Set1,Draw3,3,13,1,1,0.0,3,1.0,False,False,False,False,False,True,True,2,4,2,4,2,2,0,0,3588:1;588:1,5883:1;588:1,2,3,0,0.0,0,1,0,0,0,1,0.5,1,5,1,0,0.0,14.5,47.5,2,False,False
Midday,Set1,Draw3,3,6,1,1,0.0,3,1.0,False,False,False,False,False,True,True,2,5,2,5,1,1,0,0,115:1,115:1,2,3,0,0.0,0,1,0,0,0,1,0.5,1,6,0,0,0.0,14.5,76.5,1,False,False
Midday,Set1,Draw3,3,8,1,1,0.0,3,1.0,False,False,False,False,False,True,True,2,5,2,5,6,6,0,0,11358:1;1135:1;113588:1,81153:1;1153:1;881153:1,2,3,0,0.0,0,1,0,0,0,1,0.5,0,6,0,0,0.0,13.5,72.5,1,False,False
Midday,Set1,Draw3,3,9,1,1,0.0,2,1.0,False,False,False,False,False,True,True,2,4,2,4,2,2,0,0,1145:1;145:1,5411:1;541:1,2,2,0,0.0,0,1,0,0,0,1,0.5,0,5,0,0,0.0,11.5,43.0,1,False,False
Midday,Set1,Draw3,4,18,3,2,0.0,5,0.0,False,False,False,False,False,False,True,3,7,3,7,4,0,0,0,118:1;113:1;1188:1,811:1;113:1;8811:1,6,5,1,0.0,0,0,0,0,0,0,0.5,1,10,0,0,0.0,23.5,93.0,1,False,False
Midday,Set1,Draw3,4,32,3,2,0.0,3,0.0,True,False,False,False,False,False,False,3,5,3,5,0,0,0,0,388:1;338:1;3388:1,883:2;833:2;8833:2,6,3,1,0.0,0,0,2,0,0,0,0.0,1,8,0,0,0.0,21.0,55.5,1,False,False
Midday,Set1,Draw3,4,23,3,2,0.0,3,0.0,False,False,False,False,False,False,True,3,5,3,5,8,0,0,0,11388:1;188:1;1388:1,11883:1;881:1;1883:1,6,3,1,0.0,0,0,0,0,0,0,0.5,1,8,0,0,0.0,19.5,74.5,1,False,False
Midday,Set1,Draw3,4,29,3,1,0.0,2,0.0,True,False,False,False,False,False,False,1,4,1,4,0,0,0,0,233:1;23388:1;33788:1,332:2;88332:1;33887:1,6,2,0,0.0,0,0,2,0,0,0,0.0,1,3,4,0,0.0,18.0,44.0,3,False,False
Midday,Set1,Draw3,4,17,3,2,0.0,2,0.0,True,False,False,False,False,False,False,1,6,1,6,0,0,0,0,117:1,711:2,6,2,1,0.0,0,0,2,0,0,0,0.0,1,5,0,0,0.0,17.0,48.5,1,False,False
Midday,Set1,Draw3,4,30,3,1,0.0,2,0.0,True,False,False,False,False,False,False,1,4,1,4,0,0,0,0,2334:1;334788:1;234:1,3324:2;324:2;883347:1,6,2,0,0.0,0,0,2,0,0,0,0.0,0,3,4,0,0.0,17.0,38.5,3,False,False
Midday,Set1,Draw3,4,19,1,1,0.0,4,0.0,False,False,False,False,False,False,True,3,5,3,5,1,0,0,0,114:1,411:1,2,4,0,0.0,0,0,0,0,0,0,0.5,1,8,0,0,0.0,15.5,79.5,1,False,False
Midday,Set1,Draw3,4,24,1,1,0.0,4,0.0,False,False,False,False,False,False,True,3,5,3,5,4,0,0,0,1134:1;1133488:1;113348:1,4113:1;4113388:1;411338:1,2,4,0,0.0,0,0,0,0,0,0,0.5,0,8,0,0,0.0,14.5,54.0,1,False,False
Midday,Set1,Draw3,4,13,2,1,0.0,3,0.0,False,False,False,False,False,False,True,2,4,2,4,4,0,0,0,3588:1;588:1;33588:1,5883:1;588:1;58833:1,4,3,0,0.0,0,0,0,0,0,0,0.5,1,5,1,0,0.0,14.5,47.5,2,False,False
Midday,Set1,Draw3,4,21,3,2,0.0,2,0.0,False,False,False,False,False,False,False,1,6,1,6,0,0,0,0,1133788:1;11233788:1;1123388:1,1133887:1;71188332:1;1188332:1,6,2,1,0.0,0,0,0,0,0,0,0.0,0,5,0,0,0.0,14.0,42.0,1,False,False
Midday,Set1,Draw3,4,12,2,2,0.0,2,0.0,False,False,False,False,False,False,False,1,4,1,4,0,0,0,0,245:1,524:1,4,2,1,0.0,0,0,0,0,0,0,0.0,0,3,4,0,0.0,14.0,39.0,3,False,False
Midday,Set1,Draw3,4,33,1,1,0.0,2,0.0,False,False,False,False,False,False,True,1,4,1,4,3,0,0,0,33488:1;3348:1;334:1,88334:1;8334:1;334:1,2,2,0,0.0,0,0,0,0,0,0,0.5,1,3,4,0,0.0,12.5,71.0,3,False,False
Midday,Set1,Draw3,4,14,1,1,0.0,2,0.0,False,False,False,False,False,False,False,1,4,1,4,0,0,0,0,334588:1,588334:1,2,2,0,0.0,0,0,0,0,0,0,0.0,0,3,4,0,0.0,11.0,45.0,3,False,False
Midday,Set1,Draw3,4,11,2,1,0.0,2,0.0,False,False,False,False,False,False,False,1,4,1,4,0,0,0,0,233588:1;23588:1;23357:1,258833:1;25883:1;75332:1,4,2,0,0.0,0,0,0,0,0,0,0.0,0,3,1,0,0.0,10.0,67.0,2,False,False
Midday,Set1,Draw3,4,22,2,1,0.0,2,0.0,False,False,False,False,False,False,False,1,5,1,5,0,0,0,0,1147:1;1124:1;147:1,4711:1;2411:1;471:1,4,2,0,0.0,0,0,0,0,0,0,0.0,0,4,0,0,0.0,10.0,29.0,1,False,False
Midday,Set1,Draw3,4,7,1,1,0.0,2,0.0,False,False,False,False,False,False,True,1,4,1,4,2,0,0,0,1157:1;157:1,1175:1;175:1,2,2,0,0.0,0,0,0,0,0,0,0.5,0,3,0,0,0.0,7.5,34.5,1,False,False
Midday,Set1,Draw3,5,18,3,2,0.0,5,0.0,False,False,False,False,False,False,True,3,7,3,7,4,0,0,0,118:1;113:1;1188:1,811:1;113:1;8811:1,6,5,1,0.0,0,0,0,0,0,0,0.5,1,10,0,0,0.0,23.5,93.0,1,False,False
Midday,Set1,Draw3,5,23,3,2,0.0,3,0.0,False,False,False,False,False,False,True,3,5,3,5,8,0,0,0,11388:1;188:1;1388:1,11883:1;881:1;1883:1,6,3,1,0.0,0,0,0,0,0,0,0.5,1,8,4,0,0.0,23.5,74.5,3,False,False
Midday,Set1,Draw3,5,32,3,2,0.0,3,0.0,True,False,False,False,False,False,False,3,5,3,5,0,0,0,0,388:1;338:1;3388:1,883:2;833:2;8833:2,6,3,1,0.0,0,0,2,0,0,0,0.0,1,8,1,0,0.0,22.0,55.5,2,False,False
Midday,Set1,Draw3,5,24,1,1,0.0,4,0.0,False,False,False,False,False,False,True,3,5,3,5,4,0,0,0,1134:1;1133488:1;113348:1,4113:1;4113388:1;411338:1,2,4,0,0.0,0,0,0,0,0,0,0.5,0,8,4,0,0.0,18.5,54.0,3,False,False
Midday,Set1,Draw3,5,21,3,2,0.0,2,0.0,False,False,False,False,False,False,False,1,6,1,6,0,0,0,0,1133788:1;11233788:1;1123388:1,1133887:1;71188332:1;1188332:1,6,2,1,0.0,0,0,0,0,0,0,0.0,0,5,4,0,0.0,18.0,42.0,3,False,False
Midday,Set1,Draw3,5,28,3,1,0.0,1,0.0,True,True,False,False,False,False,False,1,3,1,3,0,0,0,0,224:1,224:3,6,1,0,0.0,0,0,2,4,0,0,0.0,1,2,1,0,0.0,17.0,33.0,2,False,False
Midday,Set1,Draw3,5,17,3,2,0.0,2,0.0,True,False,False,False,False,False,False,1,6,1,6,0,0,0,0,117:1,711:2,6,2,1,0.0,0,0,2,0,0,0,0.0,1,5,0,0,0.0,17.0,48.5,1,False,False
Midday,Set1,Draw3,5,19,1,1,0.0,4,0.0,False,False,False,False,False,False,True,3,5,3,5,1,0,0,0,114:1,411:1,2,4,0,0.0,0,0,0,0,0,0,0.5,1,8,0,0,0.0,15.5,79.5,1,False,False
Midday,Set1,Draw3,5,29,3,1,0.0,2,0.0,True,False,False,False,False,False,False,1,4,1,4,0,0,0,0,233:1;23388:1;33788:1,332:2;88332:1;33887:1,6,2,0,0.0,0,0,2,0,0,0,0.0,1,3,1,0,0.0,15.0,44.0,2,False,False
Midday,Set1,Draw3,5,13,2,1,0.0,3,0.0,False,False,False,False,False,False,True,2,4,2,4,4,0,0,0,3588:1;588:1;33588:1,5883:1;588:1;58833:1,4,3,0,0.0,0,0,0,0,0,0,0.5,1,5,1,0,0.0,14.5,47.5,2,False,False
Midday,Set1,Draw3,5,12,2,2,0.0,2,0.0,False,False,False,False,False,False,False,1,4,1,4,0,0,0,0,2245:1;245:1,5224:1;245:1,4,2,1,0.0,0,0,0,0,0,0,0.0,0,3,4,0,0.0,14.0,39.0,3,False,False
Midday,Set1,Draw3,5,30,3,1,0.0,2,0.0,True,False,False,False,False,False,False,1,3,1,3,0,0,0,0,22334:1;334788:1;2234:1,33224:2;3224:2;883347:1,6,2,0,0.0,0,0,2,0,0,0,0.0,0,2,1,0,0.0,13.0,38.5,2,False,False
Midday,Set1,Draw3,5,33,1,1,0.0,2,0.0,False,False,False,False,False,False,True,1,4,1,4,3,0,0,0,33488:1;3348:1;334:1,88334:1;8334:1;334:1,2,2,0,0.0,0,0,0,0,0,0,0.5,1,3,4,0,0.0,12.5,71.0,3,False,False
Midday,Set1,Draw3,5,14,1,1,0.0,2,0.0,False,False,False,False,False,False,False,1,4,1,4,0,0,0,0,334588:1,588334:1,2,2,0,0.0,0,0,0,0,0,0,0.0,0,3,4,0,0.0,11.0,45.0,3,False,False
Midday,Set1,Draw3,5,22,2,1,0.0,2,0.0,False,False,False,False,False,False,False,1,5,1,5,0,0,0,0,1147:1;1124:1;147:1,4711:1;2411:1;471:1,4,2,0,0.0,0,0,0,0,0,0,0.0,0,4,1,0,0.0,11.0,29.0,2,False,False
Midday,Set1,Draw3,5,11,2,1,0.0,2,0.0,False,False,False,False,False,False,False,1,4,1,4,0,0,0,0,2233588:1;233588:1;223588:1,2258833:1;258833:1;225883:1,4,2,0,0.0,0,0,0,0,0,0,0.0,0,3,1,0,0.0,10.0,67.0,2,False,False
Midday,Set1,Draw3,5,27,2,1,0.0,1,0.0,True,False,False,False,False,False,False,1,3,1,3,0,0,0,0,2233:1;223:1,3322:2;322:2,4,1,0,0.0,0,0,2,0,0,0,0.0,1,2,0,0,0.0,10.0,30.5,1,False,False
Midday,Set1,Draw3,5,10,2,2,0.0,1,0.0,False,False,False,False,False,False,False,1,3,1,3,0,0,0,0,225:1,522:1,4,1,1,0.0,0,0,0,0,0,0,0.0,1,2,1,0,0.0,10.0,32.5,2,False,False
Midday,Set1,Draw3,5,7,1,1,0.0,2,0.0,False,False,False,False,False,False,True,1,4,1,4,2,0,0,0,1157:1;157:1,1175:1;175:1,2,2,0,0.0,0,0,0,0,0,0,0.5,0,3,0,0,0.0,7.5,34.5,1,False,False
Midday,Set1,Draw4,1,18,3,2,0.0,4,1.0,False,False,False,False,False,True,True,3,7,3,7,3,0,3,0,113:1;1138:1;118:1,113:1;1138:1;811:1,6,4,1,0.0,0,1,0,0,0,1,0.5,1,10,1,0,0.0,25.5,93.0,2,False,False
Midday,Set1,Draw4,1,21,4,3,0.0,4,1.0,False,False,False,True,False,True,False,1,6,1,6,0,0,5,0,11378:1;1178:1;1378:1,11387:1;8117:1;1387:1,8,4,2,0.0,0,1,0,0,0,1,0.0,0,5,1,0,0.0,22.0,42.0,2,False,False
Midday,Set1,Draw4,1,17,3,2,0.0,4,1.0,True,False,False,False,False,False,False,1,6,1,6,0,0,1,0,117:1,711:2,6,4,1,0.0,0,1,2,0,0,0,0.0,1,5,0,0,0.0,20.0,48.5,1,False,False
Midday,Set1,Draw4,1,23,2,2,0.0,3,1.0,False,False,False,False,False,False,True,3,7,3,7,1,0,1,0,138:1,138:1,4,3,1,0.0,0,1,0,0,0,0,0.5,0,10,0,0,0.0,19.5,74.5,1,False,False
Midday,Set1,Draw4,1,4,3,2,0.0,4,1.0,False,False,False,False,False,True,True,2,3,2,3,2,0,2,0,355:1;558:1,553:1;558:1,6,4,1,0.0,0,1,0,0,0,1,0.5,1,4,0,0,0.0,18.5,43.0,1,False,False
Midday,Set1,Draw4,1,8,2,2,0.0,1,1.0,False,False,False,False,False,True,True,2,5,2,5,6,0,6,0,11358:1;1135:1;1358:1,51138:1;5113:1;1835:1,4,1,1,0.0,0,1,0,0,0,1,0.5,0,6,1,0,0.0,15.5,72.5,2,False,False
Midday,Set1,Draw4,1,6,1,1,0.0,1,1.0,False,False,False,False,False,True,True,2,5,2,5,2,0,2,0,115:1;1155:1,511:1;5511:1,2,1,0,0.0,0,1,0,0,0,1,0.5,1,6,0,0,0.0,12.5,76.5,1,False,False
Midday,Set1,Draw4,1,13,2,2,0.0,2,1.0,False,False,False,False,False,False,True,1,5,1,5,2,0,2,0,358:1;3558:1,583:1;5583:1,4,2,1,0.0,0,1,0,0,0,0,0.5,0,4,0,0,0.0,12.5,47.5,1,False,False
Midday,Set1,Draw4,1,11,2,1,0.0,4,1.0,False,False,False,False,False,True,False,1,2,1,2,0,0,3,0,3557:1;35578:1;3578:1,7553:1;55837:1;5837:1,4,4,0,0.0,0,1,0,0,0,1,0.0,0,1,1,0,0.0,12.0,67.0,2,False,False
Midday,Set1,Draw4,1,29,2,2,0.0,2,1.0,False,False,False,False,False,False,False,1,4,1,4,0,0,1,0,378:1,387:1,4,2,1,0.0,0,1,0,0,0,0,0.0,0,3,1,0,0.0,12.0,44.0,2,False,False
Midday,Set1,Draw4,1,7,1,1,0.0,3,1.0,False,False,False,False,False,True,True,1,4,1,4,4,0,4,0,1157:1;11557:1;157:1,1175:1;11755:1;175:1,2,3,0,0.0,0,1,0,0,0,1,0.5,0,3,1,0,0.0,11.5,34.5,2,False,False
Midday,Set1,Draw4,1,3,1,1,0.0,4,1.0,False,False,False,False,False,True,True,1,2,1,2,1,0,1,0,557:1,755:1,2,4,0,0.0,0,1,0,0,0,1,0.5,1,1,0,0,0.0,10.5,36.5,1,False,False
Midday,Set1,Draw4,1,2,1,1,0.0,1,1.0,False,False,False,False,False,True,True,1,2,1,2,1,0,1,0,155:1,551:1,2,1,0,0.0,0,1,0,0,0,1,0.5,1,1,0,0,0.0,7.5,23.5,1,False,False
Midday,Set1,Draw4,2,18,3,2,0.0,4,1.0,False,False,False,False,False,True,True,3,7,3,7,3,0,3,0,113:1;1138:1;118:1,113:1;1138:1;811:1,6,4,1,0.0,0,1,0,0,0,1,0.5,1,10,1,0,0.0,25.5,93.0,2,False,False
Midday,Set1,Draw4,2,33,2,1,0.0,2,1.0,True,False,False,False,False,True,True,3,6,3,6,1,0,1,0,348:1,834:2,4,2,0,0.0,0,1,2,0,0,1,0.5,0,9,1,0,0.0,20.5,71.0,2,False,False
Midday,Set1,Draw4,2,17,3,2,0.0,4,1.0,True,False,False,False,False,False,False,1,6,1,6,0,0,1,0,117:1,711:2,6,4,1,0.0,0,1,2,0,0,0,0.0,1,5,0,0,0.0,20.0,48.5,1,False,False
Midday,Set1,Draw4,2,23,2,2,0.0,3,1.0,False,False,False,False,False,False,True,3,7,3,7,1,0,1,0,138:1,138:1,4,3,1,0.0,0,1,0,0,0,0,0.5,0,10,0,0,0.0,19.5,74.5,1,False,False
Midday,Set1,Draw4,2,24,2,2,0.0,3,1.0,False,False,False,False,False,True,True,3,5,3,5,3,0,3,0,1134:1;11348:1;1348:1,4113:1;41138:1;1834:1,4,3,1,0.0,0,1,0,0,0,1,0.5,0,8,1,0,0.0,19.5,54.0,2,False,False
Midday,Set1,Draw4,2,21,3,2,0.0,4,1.0,False,False,False,False,False,True,False,1,6,1,6,0,0,3,0,1178:1;11378:1;1378:1,8117:1;11387:1;1387:1,6,4,1,0.0,0,1,0,0,0,1,0.0,0,5,1,0,0.0,19.0,42.0,2,False,False
Midday,Set1,Draw4,2,14,3,2,0.0,2,1.0,False,False,False,False,False,False,False,2,6,2,6,0,0,4,0,3458:1;345:1;3455:1,5834:1;534:1;5534:1,6,2,1,0.0,0,1,0,0,0,0,0.0,0,7,1,0,0.0,18.0,45.0,2,False,False
Midday,Set1,Draw4,2,19,1,1,0.0,3,1.0,False,False,False,False,False,True,True,3,5,3,5,1,0,1,0,114:1,411:1,2,3,0,0.0,0,1,0,0,0,1,0.5,1,8,0,0,0.0,16.5,79.5,1,False,False
Midday,Set1,Draw4,2,4,2,1,0.0,4,1.0,False,False,False,False,False,True,True,2,3,2,3,2,0,2,0,355:1;558:1,553:1;558:1,4,4,0,0.0,0,1,0,0,0,1,0.5,1,4,0,0,0.0,15.5,43.0,1,False,False
Midday,Set1,Draw4,2,5,2,2,0.0,3,1.0,False,False,False,False,False,False,False,2,3,2,3,0,0,1,0,455:1,554:1,4,3,1,0.0,0,1,0,0,0,0,0.0,1,4,0,0,0.0,14.0,47.0,1,False,False
Midday,Set1,Draw4,2,9,1,1,0.0,2,1.0,False,False,False,False,False,True,True,2,4,2,4,4,0,4,0,1145:1;145:1;11455:1,5411:1;541:1;55411:1,2,2,0,0.0,0,1,0,0,0,1,0.5,0,5,1,0,0.0,12.5,43.0,2,False,False
Midday,Set1,Draw4,2,7,1,1,0.0,3,1.0,False,False,False,False,False,True,True,1,4,1,4,4,0,4,0,1157:1;11557:1;157:1,1175:1;11755:1;175:1,2,3,0,0.0,0,1,0,0,0,1,0.5,0,3,1,0,0.0,11.5,34.5,2,False,False
Midday,Set1,Draw4,2,22,1,1,0.0,2,1.0,False,False,False,False,False,True,False,1,5,1,5,0,0,2,0,1147:1;147:1,4711:1;471:1,2,2,0,0.0,0,1,0,0,0,1,0.0,0,4,1,0,0.0,11.0,29.0,2,False,False
Midday,Set1,Draw4,2,13,1,1,0.0,2,1.0,False,False,False,False,False,True,True,1,5,1,5,2,0,2,0,358:1;3558:1,583:1;5583:1,2,2,0,0.0,0,1,0,0,0,1,0.5,0,4,0,0,0.0,10.5,47.5,1,False,False
Midday,Set1,Draw4,2,3,1,1,0.0,4,1.0,False,False,False,False,False,True,True,1,2,1,2,1,0,1,0,557:1,755:1,2,4,0,0.0,0,1,0,0,0,1,0.5,1,1,0,0,0.0,10.5,36.5,1,False,False
Midday,Set1,Draw4,2,29,1,1,0.0,2,1.0,False,False,False,False,False,True,False,1,4,1,4,0,0,1,0,378:1,387:1,2,2,0,0.0,0,1,0,0,0,1,0.0,0,3,1,0,0.0,10.0,44.0,2,False,False
Midday,Set1,Draw4,2,11,1,1,0.0,4,1.0,False,False,False,False,False,True,False,1,2,1,2,0,0,1,0,3557:1,7553:1,2,4,0,0.0,0,1,0,0,0,1,0.0,0,1,1,0,0.0,10.0,67.0,2,False,False
Midday,Set1,Draw4,2,30,1,1,0.0,3,1.0,False,False,False,False,False,True,False,1,3,1,3,0,0,2,0,347:1;3478:1,347:1;8347:1,2,3,0,0.0,0,1,0,0,0,1,0.0,0,2,1,0,0.0,10.0,38.5,2,False,False
Midday,Set1,Draw4,3,18,3,2,0.0,4,0.0,False,False,False,False,False,True,True,3,7,3,7,4,0,0,0,113:1;1138:1;118:1,113:1;1138:1;811:1,6,4,1,0.0,0,0,0,0,0,1,0.5,1,10,1,0,0.0,24.5,93.0,2,False,False
Midday,Set1,Draw4,3,23,3,2,0.0,3,0.0,False,False,False,False,False,True,True,3,7,3,7,4,0,0,0,138:1;11388:1;1388:1,138:1;11388:1;1388:1,6,3,1,0.0,0,0,0,0,0,1,0.5,1,10,0,0,0.0,22.5,74.5,1,False,False
Midday,Set1,Draw4,3,32,3,2,0.0,2,0.0,True,False,False,False,False,False,False,3,5,3,5,0,0,0,0,388:1,883:2,6,2,1,0.0,0,0,2,0,0,0,0.0,1,8,0,0,0.0,20.0,55.5,1,False,False
Midday,Set1,Draw4,3,33,2,1,0.0,2,0.0,True,False,False,False,False,True,True,3,6,3,6,2,0,0,0,348:1;3488:1,834:2;8834:2,4,2,0,0.0,0,0,2,0,0,1,0.5,0,9,1,0,0.0,19.5,71.0,2,False,False
Midday,Set1,Draw4,3,17,3,2,0.0,4,0.0,True,False,False,False,False,False,False,1,6,1,6,0,0,0,0,117:1,711:2,6,4,1,0.0,0,0,2,0,0,0,0.0,1,5,0,0,0.0,19.0,48.5,1,False,False
Midday,Set1,Draw4,3,24,2,2,0.0,3,0.0,False,False,False,False,False,True,True,3,5,3,5,4,0,0,0,11348:1;1134:1;113488:1,41138:1;4113:1;411388:1,4,3,1,0.0,0,0,0,0,0,1,0.5,0,8,1,0,0.0,18.5,54.0,2,False,False
Midday,Set1,Draw4,3,14,3,2,0.0,2,0.0,False,False,False,False,False,True,False,2,6,2,6,0,0,0,0,3458:1;34588:1;345:1,8345:1;58834:1;534:1,6,2,1,0.0,0,0,0,0,0,1,0.0,0,7,1,0,0.0,18.0,45.0,2,False,False
Midday,Set1,Draw4,3,21,3,2,0.0,4,0.0,False,False,False,False,False,True,False,1,6,1,6,0,0,0,0,1178:1;113788:1;11788:1,8117:1;113887:1;88117:1,6,4,1,0.0,0,0,0,0,0,1,0.0,0,5,1,0,0.0,18.0,42.0,2,False,False
Midday,Set1,Draw4,3,19,1,1,0.0,3,0.0,False,False,False,False,False,True,True,3,5,3,5,1,0,0,0,114:1,411:1,2,3,0,0.0,0,0,0,0,0,1,0.5,1,8,0,0,0.0,15.5,79.5,1,False,False
Midday,Set1,Draw4,3,4,2,1,0.0,4,0.0,False,False,False,False,False,True,True,2,3,2,3,3,0,0,0,355:1;558:1;5588:1,553:1;558:1;5588:1,4,4,0,0.0,0,0,0,0,0,1,0.5,1,4,0,0,0.0,14.5,43.0,1,False,False
Midday,Set1,Draw4,3,5,2,2,0.0,3,0.0,False,False,False,False,False,False,False,2,3,2,3,0,0,0,0,455:1,554:1,4,3,1,0.0,0,0,0,0,0,0,0.0,1,4,1,0,0.0,14.0,47.0,2,False,False
Midday,Set1,Draw4,3,30,1,1,0.0,3,0.0,False,False,False,False,False,True,False,1,3,1,3,0,0,0,0,347:1;34788:1;3478:1,347:1;88347:1;8347:1,2,3,0,0.0,0,0,0,0,0,1,0.0,0,2,4,0,0.0,12.0,38.5,3,False,False
Midday,Set1,Draw4,3,13,1,1,0.0,2,0.0,False,False,False,False,False,True,True,2,4,2,4,3,0,0,0,3588:1;588:1;35588:1,5883:1;588:1;55883:1,2,2,0,0.0,0,0,0,0,0,1,0.5,1,5,0,0,0.0,11.5,47.5,1,False,False
Midday,Set1,Draw4,3,9,1,1,0.0,2,0.0,False,False,False,False,False,True,True,2,4,2,4,4,0,0,0,1145:1;145:1;11455:1,5411:1;541:1;55411:1,2,2,0,0.0,0,0,0,0,0,1,0.5,0,5,1,0,0.0,11.5,43.0,2,False,False
Midday,Set1,Draw4,3,7,1,1,0.0,3,0.0,False,False,False,False,False,True,True,1,4,1,4,4,0,0,0,1157:1;11557:1;157:1,1175:1;11755:1;175:1,2,3,0,0.0,0,0,0,0,0,1,0.5,0,3,1,0,0.0,10.5,34.5,2,False,False
Midday,Set1,Draw4,3,3,1,1,0.0,4,0.0,False,False,False,False,False,True,True,1,2,1,2,1,0,0,0,557:1,755:1,2,4,0,0.0,0,0,0,0,0,1,0.5,1,1,1,0,0.0,10.5,36.5,2,False,False
Midday,Set1,Draw4,3,22,1,1,0.0,2,0.0,False,False,False,False,False,True,False,1,5,1,5,0,0,0,0,1147:1;147:1,4711:1;471:1,2,2,0,0.0,0,0,0,0,0,1,0.0,0,4,1,0,0.0,10.0,29.0,2,False,False
Midday,Set1,Draw4,3,29,1,1,0.0,2,0.0,False,False,False,False,False,True,False,1,3,1,3,0,0,0,0,3788:1;788:1,3887:1;887:1,2,2,0,0.0,0,0,0,0,0,1,0.0,1,2,1,0,0.0,9.0,44.0,2,False,False
Midday,Set1,Draw4,3,11,1,1,0.0,4,0.0,False,False,False,False,False,True,False,1,2,1,2,0,0,0,0,3557:1,7553:1,2,4,0,0.0,0,0,0,0,0,1,0.0,0,1,1,0,0.0,9.0,67.0,2,False,False
Midday,Set1,Draw4,4,18,3,2,0.0,4,0.0,False,False,False,False,False,False,True,3,7,3,7,4,0,0,0,118:1;113:1;1188:1,811:1;113:1;8811:1,6,4,1,0.0,0,0,0,0,0,0,0.5,1,10,1,0,0.0,23.5,93.0,2,False,False
Midday,Set1,Draw4,4,32,3,2,0.0,2,0.0,True,False,False,False,False,False,False,3,5,3,5,0,0,0,0,388:1;338:1;3388:1,883:2;833:2;8833:2,6,2,1,0.0,0,0,2,0,0,0,0.0,1,8,0,0,0.0,20.0,55.5,1,False,False
Midday,Set1,Draw4,4,17,3,2,0.0,4,0.0,True,False,False,False,False,False,False,1,6,1,6,0,0,0,0,117:1;1177:1,711:2;7711:2,6,4,1,0.0,0,0,2,0,0,0,0.0,1,5,1,0,0.0,20.0,48.5,2,False,False
Midday,Set1,Draw4,4,23,3,2,0.0,2,0.0,False,False,False,False,False,False,True,3,5,3,5,8,0,0,0,11388:1;188:1;1388:1,11883:1;881:1;1883:1,6,2,1,0.0,0,0,0,0,0,0,0.5,1,8,1,0,0.0,19.5,74.5,2,False,False
Midday,Set1,Draw4,4,30,3,1,0.0,3,0.0,True,False,False,False,False,False,False,1,4,1,4,0,0,0,0,2334:1;234:1;233488:1,3324:2;324:2;883324:1,6,3,0,0.0,0,0,2,0,0,0,0.0,0,3,4,0,0.0,18.0,38.5,3,False,False
Midday,Set1,Draw4,4,3,3,2,0.0,4,0.0,False,False,False,False,False,False,True,1,2,1,2,3,0,0,0,557:1;255:1;5577:1,755:1;552:1;7755:1,6,4,1,0.0,0,0,0,0,0,0,0.5,1,1,4,0,0.0,17.5,36.5,3,False,False
Midday,Set1,Draw4,4,21,3,2,0.0,4,0.0,False,False,False,False,False,False,False,1,6,1,6,0,0,0,0,1178:1;1133788:1;113788:1,8117:1;1133887:1;711883:1,6,4,1,0.0,0,0,0,0,0,0,0.0,0,5,1,0,0.0,17.0,42.0,2,False,False
Midday,Set1,Draw4,4,19,1,1,0.0,3,0.0,False,False,False,False,False,False,True,3,5,3,5,1,0,0,0,114:1,411:1,2,3,0,0.0,0,0,0,0,0,0,0.5,1,8,1,0,0.0,15.5,79.5,2,False,False
Midday,Set1,Draw4,4,29,3,1,0.0,2,0.0,True,False,False,False,False,False,False,1,4,1,4,0,0,0,0,233:1;23388:1;33788:1,332:2;88332:1;33887:1,6,2,0,0.0,0,0,2,0,0,0,0.0,1,3,1,0,0.0,15.0,44.0,2,False,False
Midday,Set1,Draw4,4,24,1,1,0.0,3,0.0,False,False,False,False,False,False,True,3,5,3,5,4,0,0,0,1134:1;1133488:1;113348:1,4113:1;4113388:1;411338:1,2,3,0,0.0,0,0,0,0,0,0,0.5,0,8,1,0,0.0,14.5,54.0,2,False,False
Midday,Set1,Draw4,4,4,2,1,0.0,4,0.0,False,False,False,False,False,False,True,2,3,2,3,3,0,0,0,355:1;558:1;5588:1,553:1;558:1;5588:1,4,4,0,0.0,0,0,0,0,0,0,0.5,1,4,1,0,0.0,14.5,43.0,2,False,False
Midday,Set1,Draw4,4,5,1,1,0.0,3,0.0,False,False,False,False,False,False,False,2,3,2,3,0,0,0,0,455:1,455:1,2,3,0,0.0,0,0,0,0,0,0,0.0,1,4,4,0,0.0,14.0,47.0,3,False,False
Midday,Set1,Draw4,4,13,2,1,0.0,2,0.0,False,False,False,False,False,False,True,2,4,2,4,7,0,0,0,3588:1;588:1;33588:1,5883:1;588:1;58833:1,4,2,0,0.0,0,0,0,0,0,0,0.5,1,5,1,0,0.0,13.5,47.5,2,False,False
Midday,Set1,Draw4,4,12,2,2,0.0,1,0.0,False,False,False,False,False,False,False,1,4,1,4,0,0,0,0,245:1;2455:1,524:1;5524:1,4,1,1,0.0,0,0,0,0,0,0,0.0,0,3,4,0,0.0,13.0,39.0,3,False,False
Midday,Set1,Draw4,4,11,2,1,0.0,4,0.0,False,False,False,False,False,False,False,1,4,1,4,0,0,0,0,2335588:1;2335577:1;3557:1,2558833:1;7755332:1;7553:1,4,4,0,0.0,0,0,0,0,0,0,0.0,0,3,1,0,0.0,12.0,67.0,2,False,False
Midday,Set1,Draw4,4,33,1,1,0.0,1,0.0,False,False,False,False,False,False,True,1,4,1,4,3,0,0,0,33488:1;3348:1;334:1,88334:1;8334:1;334:1,2,1,0,0.0,0,0,0,0,0,0,0.5,1,3,4,0,0.0,11.5,71.0,3,False,False
Midday,Set1,Draw4,4,20,3,2,0.0,1,0.0,True,False,False,False,False,False,False,1,1,1,1,0,0,0,0,177:1,771:2,6,1,1,0.0,0,0,2,0,0,0,0.0,1,0,0,0,0.0,11.0,38.5,1,False,False
Midday,Set1,Draw4,4,14,1,1,0.0,1,0.0,False,False,False,False,False,False,False,1,4,1,4,0,0,0,0,334588:1;3345588:1,588334:1;5588334:1,2,1,0,0.0,0,0,0,0,0,0,0.0,0,3,4,0,0.0,10.0,45.0,3,False,False
Midday,Set1,Draw4,4,22,2,1,0.0,1,0.0,False,False,False,False,False,False,False,1,4,1,4,0,0,0,0,1124:1;124:1;11477:1,2411:1;241:1;47711:1,4,1,0,0.0,0,0,0,0,0,0,0.0,0,3,1,0,0.0,9.0,29.0,2,False,False
Midday,Set1,Draw4,4,27,1,1,0.0,1,0.0,False,False,False,False,False,False,False,1,1,1,1,0,0,0,0,7788:1;778:1,8877:1;877:1,2,1,0,0.0,0,0,0,0,0,0,0.0,1,0,1,0,0.0,5.0,30.5,2,False,False
Midday,Set1,Draw4,4,28,1,1,0.0,1,0.0,False,False,False,False,False,False,False,1,1,1,1,0,0,0,0,477:1,477:1,2,1,0,0.0,0,0,0,0,0,0,0.0,1,0,1,0,0.0,5.0,33.0,2,False,False
Midday,Set1,Draw4,4,10,1,1,0.0,1,0.0,False,False,False,False,False,False,False,1,1,1,1,0,0,0,0,577:1,775:1,2,1,0,0.0,0,0,0,0,0,0,0.0,1,0,1,0,0.0,5.0,32.5,2,False,False
Midday,Set1,Draw4,4,7,1,1,0.0,1,0.0,False,False,False,False,False,False,True,1,1,1,1,4,0,0,0,115577:1;11577:1;15577:1,117755:1;11775:1;17755:1,2,1,0,0.0,0,0,0,0,0,0,0.5,0,0,1,0,0.0,4.5,34.5,2,False,False
Midday,Set1,Draw5,1,18,3,2,0.0,3,1.0,False,False,False,False,False,True,True,3,7,3,7,3,0,3,0,113:1;1138:1;118:1,113:1;1138:1;811:1,6,3,1,0.0,0,1,0,0,0,1,0.5,1,10,1,0,0.0,24.5,93.0,2,False,False
Midday,Set1,Draw5,1,21,4,3,0.0,3,1.0,False,False,False,True,False,True,False,1,6,1,6,0,0,5,0,11378:1;1178:1;1378:1,11387:1;8117:1;1387:1,8,3,2,0.0,0,1,0,0,0,1,0.0,0,5,4,0,0.0,24.0,42.0,3,False,False
Midday,Set1,Draw5,1,23,2,2,0.0,3,1.0,False,False,False,False,False,False,True,3,7,3,7,1,0,1,0,138:1,138:1,4,3,1,0.0,0,1,0,0,0,0,0.5,0,10,4,0,0.0,23.5,74.5,3,False,False
Midday,Set1,Draw5,1,17,3,2,0.0,3,1.0,True,False,False,False,False,False,False,1,6,1,6,0,0,1,0,117:1,711:2,6,3,1,0.0,0,1,2,0,0,0,0.0,1,5,0,0,0.0,19.0,48.5,1,False,False
Midday,Set1,Draw5,1,4,3,2,0.0,3,1.0,False,False,False,False,False,True,True,2,3,2,3,2,0,2,0,355:1;558:1,553:1;558:1,6,3,1,0.0,0,1,0,0,0,1,0.5,1,4,0,0,0.0,17.5,43.0,1,False,False
Midday,Set1,Draw5,1,8,2,2,0.0,1,1.0,False,False,False,False,False,True,True,2,5,2,5,6,0,6,0,11358:1;1135:1;1358:1,51138:1;5113:1;1835:1,4,1,1,0.0,0,1,0,0,0,1,0.5,0,6,1,0,0.0,15.5,72.5,2,False,False
Midday,Set1,Draw5,1,29,2,2,0.0,2,1.0,False,False,False,False,False,False,False,1,4,1,4,0,0,1,0,378:1,387:1,4,2,1,0.0,0,1,0,0,0,0,0.0,0,3,4,0,0.0,15.0,44.0,3,False,False
Midday,Set1,Draw5,1,6,1,1,0.0,1,1.0,False,False,False,False,False,True,True,2,5,2,5,2,0,2,0,115:1;1155:1,511:1;5511:1,2,1,0,0.0,0,1,0,0,0,1,0.5,1,6,0,0,0.0,12.5,76.5,1,False,False
Midday,Set1,Draw5,1,13,2,2,0.0,2,1.0,False,False,False,False,False,False,True,1,5,1,5,2,0,2,0,358:1;3558:1,583:1;5583:1,4,2,1,0.0,0,1,0,0,0,0,0.5,0,4,0,0,0.0,12.5,47.5,1,False,False
Midday,Set1,Draw5,1,7,1,1,0.0,3,1.0,False,False,False,False,False,True,True,1,4,1,4,4,0,4,0,1157:1;11557:1;157:1,1175:1;11755:1;175:1,2,3,0,0.0,0,1,0,0,0,1,0.5,0,3,1,0,0.0,11.5,34.5,2,False,False
Midday,Set1,Draw5,1,11,2,1,0.0,3,1.0,False,False,False,False,False,True,False,1,2,1,2,0,0,3,0,35578:1;3557:1;3578:1,55837:1;7553:1;5837:1,4,3,0,0.0,0,1,0,0,0,1,0.0,0,1,1,0,0.0,11.0,67.0,2,False,False
Midday,Set1,Draw5,1,3,1,1,0.0,3,1.0,False,False,False,False,False,True,True,1,2,1,2,1,0,1,0,557:1,755:1,2,3,0,0.0,0,1,0,0,0,1,0.5,1,1,0,0,0.0,9.5,36.5,1,False,False
Midday,Set1,Draw5,1,2,1,1,0.0,1,1.0,False,False,False,False,False,True,True,1,2,1,2,1,0,1,0,155:1,551:1,2,1,0,0.0,0,1,0,0,0,1,0.5,1,1,0,0,0.0,7.5,23.5,1,False,False
Midday,Set1,Draw5,2,18,3,2,0.0,3,1.0,False,False,False,False,False,True,True,3,7,3,7,3,0,3,0,113:1;1138:1;118:1,113:1;1138:1;811:1,6,3,1,0.0,0,1,0,0,0,1,0.5,1,10,1,0,0.0,24.5,93.0,2,False,False
Midday,Set1,Draw5,2,33,2,1,0.0,2,1.0,True,False,False,False,False,True,True,3,6,3,6,2,0,2,0,348:1;3448:1,834:2;8344:2,4,2,0,0.0,0,1,2,0,0,1,0.5,0,9,4,0,0.0,23.5,71.0,3,False,False
Midday,Set1,Draw5,2,23,2,2,0.0,3,1.0,False,False,False,False,False,False,True,3,7,3,7,1,0,1,0,138:1,138:1,4,3,1,0.0,0,1,0,0,0,0,0.5,0,10,4,0,0.0,23.5,74.5,3,False,False
Midday,Set1,Draw5,2,34,3,1,0.0,2,1.0,True,True,False,False,False,True,False,3,2,3,2,0,0,1,0,344:1,344:3,6,2,0,0.0,0,1,2,4,0,1,0.0,1,5,1,0,0.0,23.0,54.0,2,False,False
Midday,Set1,Draw5,2,24,2,2,0.0,2,1.0,False,False,False,False,False,True,True,3,5,3,5,6,0,6,0,11348:1;1134:1;1348:1,41138:1;4113:1;1834:1,4,2,1,0.0,0,1,0,0,0,1,0.5,0,8,4,0,0.0,21.5,54.0,3,False,False
Midday,Set1,Draw5,2,21,3,2,0.0,3,1.0,False,False,False,False,False,True,False,1,6,1,6,0,0,3,0,1178:1;11378:1;1378:1,8117:1;11387:1;1387:1,6,3,1,0.0,0,1,0,0,0,1,0.0,0,5,4,0,0.0,21.0,42.0,3,False,False
Midday,Set1,Draw5,2,17,3,2,0.0,3,1.0,True,False,False,False,False,False,False,1,6,1,6,0,0,1,0,117:1,711:2,6,3,1,0.0,0,1,2,0,0,0,0.0,1,5,0,0,0.0,19.0,48.5,1,False,False
Midday,Set1,Draw5,2,14,3,2,0.0,2,1.0,False,False,False,False,False,True,False,2,6,2,6,0,0,8,0,3458:1;345:1;3455:1,5834:1;534:1;5534:1,6,2,1,0.0,0,1,0,0,0,1,0.0,0,7,1,0,0.0,19.0,45.0,2,False,False
Midday,Set1,Draw5,2,19,1,1,0.0,2,1.0,False,False,False,False,False,True,True,3,5,3,5,2,0,2,0,114:1;1144:1,411:1;4411:1,2,2,0,0.0,0,1,0,0,0,1,0.5,1,8,0,0,0.0,15.5,79.5,1,False,False
Midday,Set1,Draw5,2,4,2,1,0.0,3,1.0,False,False,False,False,False,True,True,2,3,2,3,2,0,2,0,355:1;558:1,553:1;558:1,4,3,0,0.0,0,1,0,0,0,1,0.5,1,4,0,0,0.0,14.5,43.0,1,False,False
Midday,Set1,Draw5,2,22,1,1,0.0,2,1.0,False,False,False,False,False,True,False,1,5,1,5,0,0,4,0,1147:1;147:1;11447:1,4711:1;471:1;44711:1,2,2,0,0.0,0,1,0,0,0,1,0.0,0,4,4,0,0.0,14.0,29.0,3,False,False
Midday,Set1,Draw5,2,5,2,2,0.0,2,1.0,False,False,False,False,False,False,False,2,3,2,3,0,0,1,0,455:1,554:1,4,2,1,0.0,0,1,0,0,0,0,0.0,1,4,0,0,0.0,13.0,47.0,1,False,False
Midday,Set1,Draw5,2,29,1,1,0.0,2,1.0,False,False,False,False,False,True,False,1,4,1,4,0,0,1,0,378:1,387:1,2,2,0,0.0,0,1,0,0,0,1,0.0,0,3,4,0,0.0,13.0,44.0,3,False,False
Midday,Set1,Draw5,2,15,2,2,0.0,2,1.0,False,False,False,False,False,False,False,2,2,2,2,0,0,2,0,4455:1;445:1,5544:1;544:1,4,2,1,0.0,0,1,0,0,0,0,0.0,1,3,1,0,0.0,13.0,75.0,2,False,False
Midday,Set1,Draw5,2,9,1,1,0.0,2,1.0,False,False,False,False,False,True,True,2,1,2,1,4,0,4,0,11445:1;114455:1;1445:1,54411:1;554411:1;5441:1,2,2,0,0.0,0,1,0,0,0,1,0.5,0,2,4,0,0.0,12.5,43.0,3,False,False
Midday,Set1,Draw5,2,25,1,1,0.0,2,1.0,False,False,False,False,False,True,False,3,1,3,1,0,0,1,0,144:1,441:1,2,2,0,0.0,0,1,0,0,0,1,0.0,1,4,1,0,0.0,12.0,33.0,2,False,False
Midday,Set1,Draw5,2,7,1,1,0.0,3,1.0,False,False,False,False,False,True,True,1,4,1,4,4,0,4,0,1157:1;11557:1;157:1,1175:1;11755:1;175:1,2,3,0,0.0,0,1,0,0,0,1,0.5,0,3,1,0,0.0,11.5,34.5,2,False,False
Midday,Set1,Draw5,2,13,1,1,0.0,2,1.0,False,False,False,False,False,True,True,1,5,1,5,2,0,2,0,358:1;3558:1,583:1;5583:1,2,2,0,0.0,0,1,0,0,0,1,0.5,0,4,0,0,0.0,10.5,47.5,1,False,False
Midday,Set1,Draw5,2,3,1,1,0.0,3,1.0,False,False,False,False,False,True,True,1,2,1,2,1,0,1,0,557:1,755:1,2,3,0,0.0,0,1,0,0,0,1,0.5,1,1,0,0,0.0,9.5,36.5,1,False,False
Midday,Set1,Draw5,2,11,1,1,0.0,3,1.0,False,False,False,False,False,True,False,1,2,1,2,0,0,1,0,3557:1,7553:1,2,3,0,0.0,0,1,0,0,0,1,0.0,0,1,1,0,0.0,9.0,67.0,2,False,False
Midday,Set1,Draw5,2,31,1,1,0.0,2,1.0,False,False,False,False,False,True,False,1,2,1,2,0,0,1,0,447:1,447:1,2,2,0,0.0,0,1,0,0,0,1,0.0,1,1,1,0,0.0,9.0,70.5,2,False,False
Midday,Set1,Draw5,2,30,1,1,0.0,2,1.0,False,False,False,False,False,True,False,1,2,1,2,0,0,2,0,34478:1;3447:1,83447:1;3447:1,2,2,0,0.0,0,1,0,0,0,1,0.0,0,1,1,0,0.0,8.0,38.5,2,False,False
Midday,Set1,Draw5,3,23,4,3,0.0,3,0.0,True,False,False,False,False,True,True,3,7,3,7,8,0,0,0,138:1;11388:1;1388:1,688:2;138:1;11388:1,8,3,2,0.0,0,0,2,0,0,1,0.5,1,10,4,0,0.0,31.5,74.5,3,False,False
Midday,Set1,Draw5,3,18,3,2,0.0,3,0.0,False,False,False,False,False,True,True,3,7,3,7,7,0,0,0,1138:1;113:1;118:1,1138:1;113:1;811:1,6,3,1,0.0,0,0,0,0,0,1,0.5,1,10,1,0,0.0,23.5,93.0,2,False,False
Midday,Set1,Draw5,3,24,3,2,0.0,2,0.0,False,False,False,False,False,True,True,3,5,3,5,16,0,0,0,11348:1;113488:1;1134:1,41138:1;411388:1;4113:1,6,2,1,0.0,0,0,0,0,0,1,0.5,0,8,4,0,0.0,22.5,54.0,3,False,False
Midday,Set1,Draw5,3,32,3,2,0.0,1,0.0,True,False,False,False,False,False,False,3,5,3,5,0,0,0,0,388:1,883:2,6,1,1,0.0,0,0,2,0,0,0,0.0,1,8,1,0,0.0,20.0,55.5,2,False,False
Midday,Set1,Draw5,3,21,3,2,0.0,3,0.0,False,False,False,False,False,True,False,1,6,1,6,0,0,0,0,1178:1;113788:1;1136788:1,8117:1;711883:1;1138867:1,6,3,1,0.0,0,0,0,0,0,1,0.0,0,5,4,0,0.0,20.0,42.0,3,False,False
Midday,Set1,Draw5,3,34,2,1,0.0,2,0.0,True,False,False,False,False,True,False,3,2,3,2,0,0,0,0,344:1,344:2,4,2,0,0.0,0,0,2,0,0,1,0.0,1,5,4,0,0.0,19.0,54.0,3,False,False
Midday,Set1,Draw5,3,33,1,1,0.0,2,0.0,False,False,False,False,False,True,True,3,6,3,6,4,0,0,0,348:1;3488:1;3448:1,834:1;8834:1;8344:1,2,2,0,0.0,0,0,0,0,0,1,0.5,0,9,4,0,0.0,18.5,71.0,3,False,False
Midday,Set1,Draw5,3,17,3,2,0.0,3,0.0,True,False,False,False,False,False,False,1,6,1,6,0,0,0,0,117:1,711:2,6,3,1,0.0,0,0,2,0,0,0,0.0,1,5,0,0,0.0,18.0,48.5,1,False,False
Midday,Set1,Draw5,3,25,2,1,0.0,2,0.0,False,False,False,False,False,True,False,3,2,3,2,0,0,0,0,144:1;446:1,441:1;644:1,4,2,0,0.0,0,0,0,0,0,1,0.0,1,5,4,0,0.0,17.0,33.0,3,False,False
Midday,Set1,Draw5,3,14,1,1,0.0,2,0.0,False,False,False,False,False,True,False,2,6,2,6,0,0,0,0,345:1;3455:1;34455:1,534:1;5534:1;55344:1,2,2,0,0.0,0,0,0,0,0,1,0.0,0,7,4,0,0.0,16.0,45.0,3,False,False
Midday,Set1,Draw5,3,15,2,2,0.0,2,0.0,False,False,False,False,False,False,False,2,2,2,2,0,0,0,0,4455:1;445:1,5544:1;544:1,4,2,1,0.0,0,0,0,0,0,0,0.0,1,3,4,0,0.0,15.0,75.0,3,False,False
Midday,Set1,Draw5,3,19,1,1,0.0,2,0.0,False,False,False,False,False,True,True,3,5,3,5,2,0,0,0,114:1;1144:1,411:1;4411:1,2,2,0,0.0,0,0,0,0,0,1,0.5,1,8,0,0,0.0,14.5,79.5,1,False,False
Midday,Set1,Draw5,3,9,2,1,0.0,2,0.0,False,False,False,False,False,True,True,2,2,2,2,6,0,0,0,11445:1;44556:1;114455:1,54411:1;64455:1;554411:1,4,2,0,0.0,0,0,0,0,0,1,0.5,0,3,4,0,0.0,14.5,43.0,3,False,False
Midday,Set1,Draw5,3,22,1,1,0.0,2,0.0,False,False,False,False,False,True,False,1,5,1,5,0,0,0,0,1147:1;147:1;11447:1,4711:1;471:1;44711:1,2,2,0,0.0,0,0,0,0,0,1,0.0,0,4,4,0,0.0,13.0,29.0,3,False,False
Midday,Set1,Draw5,3,5,2,2,0.0,2,0.0,False,False,False,False,False,False,False,2,3,2,3,0,0,0,0,455:1,554:1,4,2,1,0.0,0,0,0,0,0,0,0.0,1,4,1,0,0.0,13.0,47.0,2,False,False
Midday,Set1,Draw5,3,4,1,1,0.0,3,0.0,False,False,False,False,False,True,True,2,3,2,3,1,0,0,0,355:1,553:1,2,3,0,0.0,0,0,0,0,0,1,0.5,1,4,0,0,0.0,11.5,43.0,1,False,False
Midday,Set1,Draw5,3,31,1,1,0.0,2,0.0,False,False,False,False,False,True,False,1,2,1,2,0,0,0,0,447:1,447:1,2,2,0,0.0,0,0,0,0,0,1,0.0,1,1,4,0,0.0,11.0,70.5,3,False,False
Midday,Set1,Draw5,3,7,1,1,0.0,3,0.0,False,False,False,False,False,True,True,1,4,1,4,4,0,0,0,1157:1;11557:1;157:1,1175:1;11755:1;175:1,2,3,0,0.0,0,0,0,0,0,1,0.5,0,3,1,0,0.0,10.5,34.5,2,False,False
Midday,Set1,Draw5,3,30,1,1,0.0,2,0.0,False,False,False,False,False,True,False,1,2,1,2,0,0,0,0,34478:1;344788:1;3447:1,83447:1;883447:1;3447:1,2,2,0,0.0,0,0,0,0,0,1,0.0,0,1,4,0,0.0,10.0,38.5,3,False,False
Midday,Set1,Draw5,3,3,1,1,0.0,3,0.0,False,False,False,False,False,True,True,1,2,1,2,1,0,0,0,557:1,755:1,2,3,0,0.0,0,0,0,0,0,1,0.5,1,1,1,0,0.0,9.5,36.5,2,False,False
Midday,Set1,Draw5,3,11,1,1,0.0,3,0.0,False,False,False,False,False,True,False,1,2,1,2,0,0,0,0,3557:1,7553:1,2,3,0,0.0,0,0,0,0,0,1,0.0,0,1,1,0,0.0,8.0,67.0,2,False,False
Midday,Set1,Draw5,3,2,1,1,0.0,1,0.0,False,False,False,False,False,True,True,1,3,1,3,1,0,0,0,556:1,556:1,2,1,0,0.0,0,0,0,0,0,1,0.5,1,2,0,0,0.0,7.5,23.5,1,False,False
Midday,Set1,Draw5,3,8,1,1,0.0,1,0.0,False,False,False,False,False,True,True,2,1,2,1,6,0,0,0,35688:1;355688:1;5688:1,56883:1;556883:1;5688:1,2,1,0,0.0,0,0,0,0,0,1,0.5,0,2,0,0,0.0,6.5,72.5,1,False,False
Midday,Set1,Draw6,1,23,3,3,0.0,2,1.0,False,False,False,True,False,False,True,3,7,3,7,2,2,0,0,368:1;138:1,386:1;138:1,6,2,2,0.0,0,1,0,0,0,0,0.5,0,10,4,0,0.0,25.5,74.5,3,False,False
Midday,Set1,Draw6,1,18,3,2,0.0,2,1.0,False,False,False,False,False,True,True,3,7,3,7,7,7,0,0,113:1;1138:1;118:1,113:1;1138:1;811:1,6,2,1,0.0,0,1,0,0,0,1,0.5,1,10,1,0,0.0,23.5,93.0,2,False,False
Midday,Set1,Draw6,1,21,3,2,0.0,2,1.0,False,False,False,False,False,True,False,1,6,1,6,0,10,0,0,1178:1;11378:1;113678:1,8117:1;83711:1;113867:1,6,2,1,0.0,0,1,0,0,0,1,0.0,0,5,4,0,0.0,20.0,42.0,3,False,False
Midday,Set1,Draw6,1,8,3,2,0.0,2,1.0,False,False,False,False,False,True,True,3,2,3,2,24,24,0,0,01138:1;0113558:1;0113:1,01138:1;5501138:1;0113:1,6,2,1,0.0,0,1,0,0,0,1,0.5,0,5,1,0,0.0,17.5,72.5,2,False,False
Midday,Set1,Draw6,1,6,2,1,0.0,2,1.0,True,False,False,False,False,True,True,3,2,3,2,1,1,0,0,011:1,011:2,4,2,0,0.0,0,1,2,0,0,1,0.5,1,5,0,0,0.0,16.5,76.5,1,False,False
Midday,Set1,Draw6,1,1,3,2,0.0,2,1.0,True,False,False,True,False,False,False,2,2,2,2,0,1,0,0,055:1,550:2,6,2,1,0.0,0,1,2,0,0,0,0.0,1,3,0,0,0.0,16.0,31.5,1,False,False
Midday,Set1,Draw6,1,2,3,1,0.0,2,1.0,False,False,False,False,False,True,True,2,3,2,3,7,7,0,0,01155:1;0556:1;0155:1,55011:1;5506:1;5501:1,6,2,0,0.0,0,1,0,0,0,1,0.5,1,4,0,0,0.0,15.5,23.5,1,False,False
Midday,Set1,Draw6,1,17,2,2,0.0,2,1.0,False,False,False,False,False,False,False,1,6,1,6,0,1,0,0,117:1,711:1,4,2,1,0.0,0,1,0,0,0,0,0.0,1,5,0,0,0.0,14.0,48.5,1,False,False
Midday,Set1,Draw6,1,29,1,1,0.0,1,1.0,False,False,False,False,False,True,False,1,4,1,4,0,1,0,0,378:1,837:1,2,1,0,0.0,0,1,0,0,0,1,0.0,0,3,4,0,0.0,12.0,44.0,3,False,False
Midday,Set1,Draw6,1,4,1,1,0.0,2,1.0,False,False,False,False,False,True,True,2,3,2,3,2,2,0,0,355:1;0355:1,553:1;0553:1,2,2,0,0.0,0,1,0,0,0,1,0.5,1,4,0,0,0.0,11.5,43.0,1,False,False
Midday,Set1,Draw6,1,7,2,2,0.0,2,1.0,False,False,False,False,False,True,True,1,2,1,2,6,6,0,0,011557:1;01157:1;01557:1,117055:1;11705:1;17055:1,4,2,1,0.0,0,1,0,0,0,1,0.5,0,1,1,0,0.0,11.5,34.5,2,False,False
Midday,Set1,Draw6,1,3,1,1,0.0,2,1.0,False,False,False,False,False,True,True,1,1,1,1,2,2,0,0,0557:1;057:1,7055:1;705:1,2,2,0,0.0,0,1,0,0,0,1,0.5,0,0,1,0,0.0,7.5,36.5,2,False,False
Midday,Set1,Draw6,1,11,1,1,0.0,2,1.0,False,False,False,False,False,True,False,1,1,1,1,0,1,0,0,03557:1,70553:1,2,2,0,0.0,0,1,0,0,0,1,0.0,0,0,1,0,0.0,7.0,67.0,2,False,False
Midday,Set1,Draw6,2,23,3,3,0.0,2,0.0,False,False,False,False,False,False,True,3,7,3,7,2,0,0,0,138:1;368:1,138:1;386:1,6,2,2,0.0,0,0,0,0,0,0,0.5,0,10,4,0,0.0,24.5,74.5,3,False,False
Midday,Set1,Draw6,2,18,3,2,0.0,2,0.0,False,False,False,False,False,True,True,3,7,3,7,7,0,0,0,113:1;1138:1;118:1,113:1;1138:1;811:1,6,2,1,0.0,0,0,0,0,0,1,0.5,1,10,1,0,0.0,22.5,93.0,2,False,False
Midday,Set1,Draw6,2,33,1,1,0.0,1,0.0,False,False,False,False,False,True,True,3,6,3,6,2,0,0,0,348:1;3448:1,834:1;8344:1,2,1,0,0.0,0,0,0,0,0,1,0.5,0,9,4,0,0.0,17.5,71.0,3,False,False
Midday,Set1,Draw6,2,8,3,2,0.0,2,0.0,False,False,False,False,False,True,True,3,2,3,2,10,0,0,0,01138:1;0113:1;05568:1,01138:1;0113:1;55068:1,6,2,1,0.0,0,0,0,0,0,1,0.5,0,5,1,0,0.0,16.5,72.5,2,False,False
Midday,Set1,Draw6,2,24,2,2,0.0,1,0.0,False,False,False,False,False,True,True,3,2,3,2,8,0,0,0,34468:1;3468:1;3446:1,68344:1;6834:1;3644:1,4,1,1,0.0,0,0,0,0,0,1,0.5,0,5,4,0,0.0,16.5,54.0,3,False,False
Midday,Set1,Draw6,2,21,2,1,0.0,2,0.0,False,False,False,False,False,True,False,1,6,1,6,0,0,0,0,1178:1;113678:1;13678:1,8117:1;113867:1;13867:1,4,2,0,0.0,0,0,0,0,0,1,0.0,0,5,4,0,0.0,16.0,42.0,3,False,False
Midday,Set1,Draw6,2,6,2,1,0.0,2,0.0,True,False,False,False,False,True,True,3,2,3,2,1,0,0,0,011:1,011:2,4,2,0,0.0,0,0,2,0,0,1,0.5,1,5,0,0,0.0,15.5,76.5,1,False,False
Midday,Set1,Draw6,2,9,2,1,0.0,1,0.0,False,False,False,False,False,True,True,3,2,3,2,10,0,0,0,0114455:1;014455:1;011445:1,5544011:1;554401:1;544011:1,4,1,0,0.0,0,0,0,0,0,1,0.5,0,5,4,0,0.0,15.5,43.0,3,False,False
Midday,Set1,Draw6,2,34,2,1,0.0,1,0.0,True,False,False,False,False,True,False,3,2,3,2,0,0,0,0,344:1,344:2,4,1,0,0.0,0,0,2,0,0,1,0.0,1,5,1,0,0.0,15.0,54.0,2,False,False
Midday,Set1,Draw6,2,14,1,1,0.0,1,0.0,False,False,False,False,False,True,False,2,6,2,6,0,0,0,0,345:1;034455:1;03455:1,534:1;055344:1;05534:1,2,1,0,0.0,0,0,0,0,0,1,0.0,0,7,4,0,0.0,15.0,45.0,3,False,False
Midday,Set1,Draw6,2,15,2,2,0.0,1,0.0,False,False,False,False,False,True,False,3,2,3,2,0,0,0,0,044:1;4455:1;445:1,440:1;5544:1;544:1,4,1,1,0.0,0,0,0,0,0,1,0.0,1,5,1,0,0.0,14.0,75.0,2,False,False
Midday,Set1,Draw6,2,17,2,2,0.0,2,0.0,False,False,False,False,False,False,False,1,6,1,6,0,0,0,0,117:1,711:1,4,2,1,0.0,0,0,0,0,0,0,0.0,1,5,0,0,0.0,13.0,48.5,1,False,False
Midday,Set1,Draw6,2,5,2,2,0.0,1,0.0,False,False,False,False,False,True,False,2,3,2,3,0,0,0,0,04455:1;455:1;0445:1,55440:1;554:1;5440:1,4,1,1,0.0,0,0,0,0,0,1,0.0,1,4,1,0,0.0,13.0,47.0,2,False,False
Midday,Set1,Draw6,2,1,2,2,0.0,2,0.0,False,False,False,False,False,False,False,2,2,2,2,0,0,0,0,055:1,550:1,4,2,1,0.0,0,0,0,0,0,0,0.0,1,3,1,0,0.0,12.0,31.5,2,False,False
Midday,Set1,Draw6,2,25,1,1,0.0,1,0.0,False,False,False,False,False,True,False,3,2,3,2,0,0,0,0,446:1,644:1,2,1,0,0.0,0,0,0,0,0,1,0.0,1,5,1,0,0.0,11.0,33.0,2,False,False
Midday,Set1,Draw6,2,4,1,1,0.0,2,0.0,False,False,False,False,False,True,True,2,3,2,3,2,0,0,0,355:1;0355:1,553:1;0553:1,2,2,0,0.0,0,0,0,0,0,1,0.5,1,4,0,0,0.0,10.5,43.0,1,False,False
Midday,Set1,Draw6,2,7,2,2,0.0,2,0.0,False,False,False,False,False,True,True,1,2,1,2,6,0,0,0,011557:1;01157:1;01557:1,117055:1;11705:1;17055:1,4,2,1,0.0,0,0,0,0,0,1,0.5,0,1,1,0,0.0,10.5,34.5,2,False,False
Midday,Set1,Draw6,2,22,1,1,0.0,1,0.0,False,False,False,False,False,True,False,1,5,1,5,0,0,0,0,1147:1;147:1;11447:1,4711:1;471:1;44711:1,2,1,0,0.0,0,0,0,0,0,1,0.0,0,4,1,0,0.0,9.0,29.0,2,False,False
Midday,Set1,Draw6,2,30,1,1,0.0,1,0.0,False,False,False,False,False,True,False,1,2,1,2,0,0,0,0,34478:1;3447:1,83447:1;3447:1,2,1,0,0.0,0,0,0,0,0,1,0.0,0,1,4,0,0.0,9.0,38.5,3,False,False
Midday,Set1,Draw6,2,2,1,1,0.0,2,0.0,False,False,False,False,False,True,True,2,1,2,1,2,0,0,0,0556:1;056:1,5506:1;506:1,2,2,0,0.0,0,0,0,0,0,1,0.5,0,2,1,0,0.0,8.5,23.5,2,False,False
Midday,Set1,Draw6,2,31,1,1,0.0,1,0.0,False,False,False,False,False,True,False,1,2,1,2,0,0,0,0,447:1,447:1,2,1,0,0.0,0,0,0,0,0,1,0.0,1,1,1,0,0.0,7.0,70.5,2,False,False
Midday,Set1,Draw6,2,3,1,1,0.0,2,0.0,False,False,False,False,False,True,True,1,1,1,1,2,0,0,0,0557:1;057:1,7055:1;705:1,2,2,0,0.0,0,0,0,0,0,1,0.5,0,0,1,0,0.0,6.5,36.5,2,False,False
Midday,Set1,Draw6,2,11,1,1,0.0,2,0.0,False,False,False,False,False,True,False,1,1,1,1,0,0,0,0,03557:1,70553:1,2,2,0,0.0,0,0,0,0,0,1,0.0,0,0,1,0,0.0,6.0,67.0,2,False,False
Midday,Set1,Draw7,1,23,3,3,0.0,1,0.0,False,False,False,False,False,True,True,3,7,3,7,2,0,0,0,138:1;368:1,138:1;386:1,6,1,2,0.0,0,0,0,0,0,1,0.5,0,10,4,0,0.0,24.5,74.5,3,False,False
Midday,Set1,Draw7,1,18,2,1,0.0,1,0.0,False,False,False,False,False,True,True,3,7,3,7,7,0,0,0,1138:1;113:1;118:1,1138:1;113:1;811:1,4,1,0,0.0,0,0,0,0,0,1,0.5,1,10,4,0,0.0,21.5,93.0,3,False,False
Midday,Set1,Draw7,1,5,3,2,0.0,1,0.0,True,True,False,True,False,True,False,2,1,2,1,0,0,0,0,559:1;00559:1;009:1,559:3;55900:2;900:2,6,1,1,0.0,0,0,2,4,0,1,0.0,1,2,1,0,0.0,19.0,47.0,2,False,False
Midday,Set1,Draw7,1,21,3,2,0.0,1,0.0,False,False,False,False,False,True,False,1,6,1,6,0,0,0,0,11378:1;1178:1;1378:1,83711:1;8117:1;8371:1,6,1,1,0.0,0,0,0,0,0,1,0.0,0,5,4,0,0.0,18.0,42.0,3,False,False
Midday,Set1,Draw7,1,17,2,2,0.0,1,0.0,False,False,False,False,False,False,False,1,6,1,6,0,0,0,0,117:1,711:1,4,1,1,0.0,0,0,0,0,0,0,0.0,1,5,4,0,0.0,16.0,48.5,3,False,False
Midday,Set1,Draw7,1,6,2,1,0.0,1,0.0,True,False,False,False,False,True,True,3,2,3,2,1,0,0,0,011:1,011:2,4,1,0,0.0,0,0,2,0,0,1,0.5,1,5,1,0,0.0,15.5,76.5,2,False,False
Midday,Set1,Draw7,1,2,3,1,0.0,1,0.0,True,False,False,False,False,True,True,2,3,2,3,4,0,0,0,001:1;0011:1;006:1,001:2;0011:2;006:1,6,1,0,0.0,0,0,2,0,0,1,0.5,1,4,0,0,0.0,15.5,23.5,1,False,False
Midday,Set1,Draw7,1,9,3,2,0.0,1,0.0,False,False,False,False,False,True,True,2,1,2,1,10,0,0,0,0011559:1;001559:1;001159:1,5590011:1;559001:1;590011:1,6,1,1,0.0,0,0,0,0,0,1,0.5,0,2,4,0,0.0,15.5,43.0,3,False,False
Midday,Set1,Draw7,1,8,3,1,0.0,1,0.0,False,False,False,False,False,True,True,3,2,3,2,14,0,0,0,01138:1;001138:1;0113:1,01138:1;001138:1;0113:1,6,1,0,0.0,0,0,0,0,0,1,0.5,0,5,1,0,0.0,14.5,72.5,2,False,False
Midday,Set1,Draw7,1,7,2,2,0.0,1,0.0,False,False,False,False,False,True,True,1,2,1,2,8,0,0,0,0011557:1;001157:1;001557:1,1170055:1;117005:1;170055:1,4,1,1,0.0,0,0,0,0,0,1,0.5,0,1,4,0,0.0,12.5,34.5,3,False,False
Midday,Set1,Draw7,1,3,2,1,0.0,1,0.0,True,False,False,False,False,True,True,1,1,1,1,3,0,0,0,007:1;00557:1;0057:1,700:2;70055:1;7005:1,4,1,0,0.0,0,0,2,0,0,1,0.5,1,0,1,0,0.0,10.5,36.5,2,False,False
Midday,Set1,Draw7,1,24,1,1,0.0,1,0.0,False,False,False,False,False,True,True,2,1,2,1,7,0,0,0,113689:1;1189:1;11389:1,119836:1;1198:1;11983:1,2,1,0,0.0,0,0,0,0,0,1,0.5,0,2,4,0,0.0,10.5,54.0,3,False,False
Midday,Set1,Draw7,1,19,1,1,0.0,1,0.0,False,False,False,False,False,True,True,2,1,2,1,1,0,0,0,119:1,119:1,2,1,0,0.0,0,0,0,0,0,1,0.5,1,2,1,0,0.0,8.5,79.5,2,False,False
Midday,Set1,Draw7,1,33,1,1,0.0,1,0.0,False,False,False,False,False,True,True,1,1,1,1,1,0,0,0,389:1,983:1,2,1,0,0.0,0,0,0,0,0,1,0.5,0,0,4,0,0.0,8.5,71.0,3,False,False
Midday,Set1,Draw7,1,1,1,1,0.0,1,0.0,False,False,False,False,False,True,False,2,2,2,2,0,0,0,0,055:1;005:1;0055:1,055:1;005:1;0055:1,2,1,0,0.0,0,0,0,0,0,1,0.0,1,3,0,0,0.0,8.0,31.5,1,False,False
Midday,Set1,Draw7,1,29,1,1,0.0,1,0.0,False,False,False,False,False,True,False,1,4,1,4,0,0,0,0,378:1,837:1,2,1,0,0.0,0,0,0,0,0,1,0.0,0,3,1,0,0.0,8.0,44.0,2,False,False
Midday,Set1,Draw7,1,12,1,1,0.0,1,0.0,False,False,False,False,False,True,False,1,1,1,1,0,0,0,0,005579:1,700559:1,2,1,0,0.0,0,0,0,0,0,1,0.0,0,0,4,0,0.0,8.0,39.0,3,False,False
Midday,Set1,Draw7,1,14,1,1,0.0,1,0.0,False,False,False,False,False,True,False,1,1,1,1,0,0,0,0,003559:1;03559:1;3559:1,005593:1;05593:1;5593:1,2,1,0,0.0,0,0,0,0,0,1,0.0,0,0,4,0,0.0,8.0,45.0,3,False,False
Midday,Set2,Draw1,1,18,3,2,0.0,7,1.0,True,False,False,False,False,False,True,3,1,3,1,1,1,0,0,118:1,118:2,6,7,1,0.0,0,1,2,0,0,0,0.5,1,4,0,1,0.0,23.5,93.0,1,True,False
Midday,Set2,Draw1,1,19,2,1,0.0,7,1.0,True,False,False,False,False,True,True,3,1,3,1,1,1,0,0,114:1,411:2,4,7,0,0.0,0,1,2,0,0,1,0.5,1,4,0,1,0.0,21.5,79.5,1,True,False
Midday,Set2,Draw1,1,24,3,3,0.0,2,1.0,False,False,False,True,False,False,True,2,1,2,1,2,2,0,0,1148:1;148:1,4118:1;841:1,6,2,2,0.0,0,1,0,0,0,0,0.5,0,2,0,1,0.0,14.5,54.0,1,True,False
Midday,Set2,Draw1,1,6,1,1,0.0,6,1.0,False,False,False,False,False,True,True,2,1,2,1,1,1,0,0,115:1,115:1,2,6,0,0.0,0,1,0,0,0,1,0.5,1,2,0,1,0.0,14.5,76.5,1,True,False
Midday,Set2,Draw1,1,8,1,1,0.0,6,1.0,False,False,False,False,False,True,True,2,1,2,1,1,1,0,0,1158:1,8115:1,2,6,0,0.0,0,1,0,0,0,1,0.5,0,2,0,1,0.0,13.5,72.5,1,True,False
Midday,Set2,Draw1,1,9,2,2,0.0,5,1.0,False,False,False,False,False,False,True,2,1,2,1,2,2,0,0,1145:1;145:1,5411:1;541:1,4,5,1,0.0,0,1,0,0,0,0,0.5,0,2,0,0,0.0,13.5,43.0,1,False,False
Midday,Set2,Draw1,1,14,2,2,0.0,2,1.0,False,False,False,False,False,False,False,1,1,1,1,0,1,0,0,458:1,584:1,4,2,1,0.0,0,1,0,0,0,0,0.0,0,0,0,0,0.0,8.0,45.0,1,False,False
Midday,Set2,Draw1,2,18,3,2,0.0,7,1.0,True,False,False,False,False,False,True,3,1,3,1,2,2,0,0,118:1;1188:1,118:2;1188:2,6,7,1,0.0,0,1,2,0,0,0,0.5,1,4,0,1,0.0,23.5,93.0,1,True,False
Midday,Set2,Draw1,2,23,3,2,0.0,6,1.0,True,False,False,False,False,False,True,3,1,3,1,1,1,0,0,188:1,188:2,6,6,1,0.0,0,1,2,0,0,0,0.5,1,4,0,1,0.0,22.5,74.5,1,True,False
Midday,Set2,Draw1,2,19,2,1,0.0,7,1.0,True,False,False,False,False,True,True,3,1,3,1,1,1,0,0,114:1,411:2,4,7,0,0.0,0,1,2,0,0,1,0.5,1,4,0,1,0.0,21.5,79.5,1,True,False
Midday,Set2,Draw1,2,24,3,3,0.0,2,1.0,False,False,False,False,False,True,True,2,1,2,1,4,4,0,0,11488:1;1148:1;148:1,41188:1;4118:1;841:1,6,2,2,0.0,0,1,0,0,0,1,0.5,0,2,0,1,0.0,15.5,54.0,1,True,False
Midday,Set2,Draw1,2,6,1,1,0.0,6,1.0,False,False,False,False,False,True,True,2,1,2,1,1,1,0,0,115:1,115:1,2,6,0,0.0,0,1,0,0,0,1,0.5,1,2,0,1,0.0,14.5,76.5,1,True,False
Midday,Set2,Draw1,2,9,2,2,0.0,5,1.0,False,False,False,False,False,False,True,2,1,2,1,2,2,0,0,1145:1;145:1,5411:1;541:1,4,5,1,0.0,0,1,0,0,0,0,0.5,0,2,0,1,0.0,14.5,43.0,1,True,False
Midday,Set2,Draw1,2,8,1,1,0.0,6,1.0,False,False,False,False,False,True,True,2,1,2,1,2,2,0,0,11588:1;1158:1,88115:1;8115:1,2,6,0,0.0,0,1,0,0,0,1,0.5,0,2,0,1,0.0,13.5,72.5,1,True,False
Midday,Set2,Draw1,2,33,2,1,0.0,1,1.0,True,False,False,False,False,True,True,2,1,2,1,1,1,0,0,488:1,884:2,4,1,0,0.0,0,1,2,0,0,1,0.5,1,2,0,1,0.0,13.5,71.0,1,True,False
Midday,Set2,Draw1,2,13,1,1,0.0,4,1.0,False,False,False,False,False,True,True,2,1,2,1,1,1,0,0,588:1,588:1,2,4,0,0.0,0,1,0,0,0,1,0.5,1,2,0,1,0.0,12.5,47.5,1,True,False
Midday,Set2,Draw1,2,14,2,2,0.0,2,1.0,False,False,False,False,False,True,False,1,1,1,1,0,2,0,0,458:1;4588:1,845:1;5884:1,4,2,1,0.0,0,1,0,0,0,1,0.0,0,0,1,1,0.0,11.0,45.0,2,True,False
Midday,Set2,Draw1,3,18,3,2,0.0,7,1.0,False,False,False,False,False,True,True,3,1,3,1,4,4,0,0,1138:1;118:1;113:1,1138:1;811:1;113:1,6,7,1,0.0,0,1,0,0,0,1,0.5,1,4,0,1,0.0,22.5,93.0,1,True,False
Midday,Set2,Draw1,3,19,2,1,0.0,7,1.0,True,False,False,False,False,True,True,3,1,3,1,1,1,0,0,114:1,411:2,4,7,0,0.0,0,1,2,0,0,1,0.5,1,4,0,1,0.0,21.5,79.5,1,True,False
Midday,Set2,Draw1,3,23,3,2,0.0,6,1.0,False,False,False,False,False,True,True,3,1,3,1,4,4,0,0,11388:1;138:1;1388:1,11388:1;138:1;1388:1,6,6,1,0.0,0,1,0,0,0,1,0.5,1,4,0,1,0.0,21.5,74.5,1,True,False
Midday,Set2,Draw1,3,32,3,2,0.0,5,1.0,True,False,False,False,False,False,False,3,1,3,1,0,1,0,0,388:1,883:2,6,5,1,0.0,0,1,2,0,0,0,0.0,1,4,0,1,0.0,21.0,55.5,1,True,False
Midday,Set2,Draw1,3,24,3,3,0.0,4,1.0,False,False,False,False,False,True,True,3,1,3,1,6,6,0,0,113488:1;11348:1;13488:1,411388:1;41138:1;88341:1,6,4,2,0.0,0,1,0,0,0,1,0.5,0,4,0,1,0.0,19.5,54.0,1,True,False
Midday,Set2,Draw1,3,33,2,1,0.0,5,1.0,True,False,False,False,False,True,True,3,1,3,1,2,2,0,0,3488:1;348:1,8834:2;834:2,4,5,0,0.0,0,1,2,0,0,1,0.5,0,4,0,1,0.0,18.5,71.0,1,True,False
Midday,Set2,Draw1,3,14,3,2,0.0,5,1.0,False,False,False,False,False,True,False,2,1,2,1,0,3,0,0,34588:1;3458:1;345:1,58834:1;8345:1;534:1,6,5,1,0.0,0,1,0,0,0,1,0.0,0,2,1,1,0.0,18.0,45.0,2,True,False
Midday,Set2,Draw1,3,6,1,1,0.0,6,1.0,False,False,False,False,False,True,True,2,1,2,1,1,1,0,0,115:1,115:1,2,6,0,0.0,0,1,0,0,0,1,0.5,1,2,0,1,0.0,14.5,76.5,1,True,False
Midday,Set2,Draw1,3,8,1,1,0.0,6,1.0,False,False,False,False,False,True,True,2,1,2,1,6,6,0,0,113588:1;11588:1;1158:1,881153:1;88115:1;8115:1,2,6,0,0.0,0,1,0,0,0,1,0.5,0,2,0,1,0.0,13.5,72.5,1,True,False
Midday,Set2,Draw1,3,9,1,1,0.0,5,1.0,False,False,False,False,False,True,True,2,1,2,1,2,2,0,0,1145:1;145:1,5411:1;541:1,2,5,0,0.0,0,1,0,0,0,1,0.5,0,2,0,1,0.0,12.5,43.0,1,True,False
Midday,Set2,Draw1,3,13,1,1,0.0,4,1.0,False,False,False,False,False,True,True,2,1,2,1,2,2,0,0,588:1;3588:1,588:1;5883:1,2,4,0,0.0,0,1,0,0,0,1,0.5,1,2,0,1,0.0,12.5,47.5,1,True,False
Midday,Set2,Draw1,4,18,3,2,0.0,7,1.0,False,False,False,False,False,False,True,3,1,3,1,4,4,0,0,118:1;1188:1;1138:1,811:1;8811:1;1138:1,6,7,1,0.0,0,1,0,0,0,0,0.5,1,4,0,1,0.0,21.5,93.0,1,True,False
Midday,Set2,Draw1,4,32,3,2,0.0,5,1.0,True,False,False,False,False,False,False,3,1,3,1,0,1,0,0,388:1,883:2,6,5,1,0.0,0,1,2,0,0,0,0.0,1,4,0,1,0.0,21.0,55.5,1,True,False
Midday,Set2,Draw1,4,19,2,1,0.0,7,1.0,True,False,False,False,False,False,True,3,1,3,1,1,1,0,0,114:1,411:2,4,7,0,0.0,0,1,2,0,0,0,0.5,1,4,0,1,0.0,20.5,79.5,1,True,False
Midday,Set2,Draw1,4,23,3,2,0.0,6,1.0,False,False,False,False,False,False,True,3,1,3,1,4,4,0,0,11388:1;1388:1;188:1,11388:1;1388:1;881:1,6,6,1,0.0,0,1,0,0,0,0,0.5,1,4,0,1,0.0,20.5,74.5,1,True,False
Midday,Set2,Draw1,4,24,3,3,0.0,4,1.0,False,False,False,False,False,False,True,3,1,3,1,6,6,0,0,113488:1;11348:1;13488:1,411388:1;41138:1;88341:1,6,4,2,0.0,0,1,0,0,0,0,0.5,0,4,0,1,0.0,18.5,54.0,1,True,False
Midday,Set2,Draw1,4,33,2,1,0.0,5,1.0,True,False,False,False,False,False,True,3,1,3,1,2,2,0,0,3488:1;348:1,8834:2;834:2,4,5,0,0.0,0,1,2,0,0,0,0.5,0,4,1,1,0.0,18.5,71.0,2,True,False
Midday,Set2,Draw1,4,14,3,2,0.0,5,1.0,False,False,False,False,False,False,False,2,1,2,1,0,3,0,0,34588:1;345:1;3458:1,58834:1;534:1;8345:1,6,5,1,0.0,0,1,0,0,0,0,0.0,0,2,1,1,0.0,17.0,45.0,2,True,False
Midday,Set2,Draw1,4,6,1,1,0.0,6,1.0,False,False,False,False,False,False,True,2,1,2,1,1,1,0,0,115:1,115:1,2,6,0,0.0,0,1,0,0,0,0,0.5,1,2,0,1,0.0,13.5,76.5,1,True,False
Midday,Set2,Draw1,4,8,1,1,0.0,6,1.0,False,False,False,False,False,False,True,2,1,2,1,6,6,0,0,113588:1;11588:1;1158:1,881153:1;88115:1;8115:1,2,6,0,0.0,0,1,0,0,0,0,0.5,0,2,0,1,0.0,12.5,72.5,1,True,False
Midday,Set2,Draw1,4,13,1,1,0.0,4,1.0,False,False,False,False,False,False,True,2,1,2,1,2,2,0,0,588:1;3588:1,588:1;5883:1,2,4,0,0.0,0,1,0,0,0,0,0.5,1,2,1,1,0.0,12.5,47.5,2,True,False
Midday,Set2,Draw1,4,9,1,1,0.0,5,1.0,False,False,False,False,False,False,True,2,1,2,1,2,2,0,0,1145:1;145:1,5411:1;541:1,2,5,0,0.0,0,1,0,0,0,0,0.5,0,2,0,0,0.0,10.5,43.0,1,False,False
Midday,Set2,Draw1,5,18,3,2,0.0,7,0.0,False,False,False,False,False,False,True,3,1,3,1,4,0,0,0,118:1;1188:1;1138:1,811:1;8811:1;1138:1,6,7,1,0.0,0,0,0,0,0,0,0.5,1,4,0,1,0.0,20.5,93.0,1,True,False
Midday,Set2,Draw1,5,32,3,2,0.0,5,0.0,True,False,False,False,False,False,False,3,1,3,1,0,0,0,0,388:1,883:2,6,5,1,0.0,0,0,2,0,0,0,0.0,1,4,0,1,0.0,20.0,55.5,1,True,False
Midday,Set2,Draw1,5,19,2,1,0.0,7,0.0,True,False,False,False,False,False,True,3,1,3,1,1,0,0,0,114:1,411:2,4,7,0,0.0,0,0,2,0,0,0,0.5,1,4,0,1,0.0,19.5,79.5,1,True,False
Midday,Set2,Draw1,5,23,3,2,0.0,6,0.0,False,False,False,False,False,False,True,3,1,3,1,4,0,0,0,11388:1;1388:1;188:1,11388:1;1388:1;881:1,6,6,1,0.0,0,0,0,0,0,0,0.5,1,4,0,1,0.0,19.5,74.5,1,True,False
Midday,Set2,Draw1,5,14,3,2,0.0,5,0.0,False,False,False,False,False,False,False,2,1,2,1,0,0,0,0,34588:1;345:1;3458:1,58834:1;534:1;8345:1,6,5,1,0.0,0,0,0,0,0,0,0.0,0,2,4,1,0.0,19.0,45.0,3,True,False
Midday,Set2,Draw1,5,24,3,3,0.0,4,0.0,False,False,False,False,False,False,True,3,1,3,1,6,0,0,0,113488:1;11348:1;13488:1,411388:1;41138:1;88341:1,6,4,2,0.0,0,0,0,0,0,0,0.5,0,4,1,1,0.0,18.5,54.0,2,True,False
Midday,Set2,Draw1,5,33,2,1,0.0,5,0.0,True,False,False,False,False,False,True,3,1,3,1,2,0,0,0,3488:1;348:1,8834:2;834:2,4,5,0,0.0,0,0,2,0,0,0,0.5,0,4,1,1,0.0,17.5,71.0,2,True,False
Midday,Set2,Draw1,5,8,1,1,0.0,6,0.0,False,False,False,False,False,False,True,2,1,2,1,6,0,0,0,113588:1;11588:1;1158:1,881153:1;88115:1;8115:1,2,6,0,0.0,0,0,0,0,0,0,0.5,0,2,1,1,0.0,12.5,72.5,2,True,False
Midday,Set2,Draw1,5,6,1,1,0.0,6,0.0,False,False,False,False,False,False,True,2,1,2,1,1,0,0,0,115:1,115:1,2,6,0,0.0,0,0,0,0,0,0,0.5,1,2,0,1,0.0,12.5,76.5,1,True,False
Midday,Set2,Draw1,5,13,1,1,0.0,4,0.0,False,False,False,False,False,False,True,2,1,2,1,2,0,0,0,588:1;3588:1,588:1;5883:1,2,4,0,0.0,0,0,0,0,0,0,0.5,1,2,1,1,0.0,11.5,47.5,2,True,False
Midday,Set2,Draw1,5,9,1,1,0.0,5,0.0,False,False,False,False,False,False,True,2,1,2,1,2,0,0,0,1145:1;145:1,5411:1;541:1,2,5,0,0.0,0,0,0,0,0,0,0.5,0,2,1,0,0.0,10.5,43.0,2,False,False
Midday,Set2,Draw1,6,23,4,3,0.0,6,0.0,True,False,False,False,False,False,True,3,1,3,1,8,0,0,0,11388:1;1388:1;3688:1,688:2;11388:1;1388:1,8,6,2,0.0,0,0,2,0,0,0,0.5,1,4,1,1,0.0,25.5,74.5,2,True,False
Midday,Set2,Draw1,6,18,3,2,0.0,7,0.0,False,False,False,False,False,False,True,3,1,3,1,7,0,0,0,118:1;1188:1;1138:1,811:1;8811:1;1138:1,6,7,1,0.0,0,0,0,0,0,0,0.5,1,4,1,1,0.0,21.5,93.0,2,True,False
Midday,Set2,Draw1,6,32,3,2,0.0,5,0.0,True,False,False,False,False,False,False,3,1,3,1,0,0,0,0,388:1,883:2,6,5,1,0.0,0,0,2,0,0,0,0.0,1,4,1,1,0.0,21.0,55.5,2,True,False
Midday,Set2,Draw1,6,19,2,1,0.0,7,0.0,True,False,False,False,False,False,True,3,1,3,1,2,0,0,0,114:1;1144:1,411:2;4411:2,4,7,0,0.0,0,0,2,0,0,0,0.5,1,4,0,1,0.0,19.5,79.5,1,True,False
Midday,Set2,Draw1,6,24,3,3,0.0,4,0.0,False,False,False,False,False,False,True,3,1,3,1,19,0,0,0,11344688:1;1134488:1;113488:1,44113886:1;4411388:1;411388:1,6,4,2,0.0,0,0,0,0,0,0,0.5,0,4,1,1,0.0,18.5,54.0,2,True,False
Midday,Set2,Draw1,6,34,2,1,0.0,2,0.0,True,False,False,False,False,False,False,3,1,3,1,0,0,0,0,344:1,344:2,4,2,0,0.0,0,0,2,0,0,0,0.0,1,4,4,1,0.0,18.0,54.0,3,True,False
Midday,Set2,Draw1,6,25,3,1,0.0,2,0.0,True,False,False,False,False,False,False,3,1,3,1,0,0,0,0,144:1;446:1,441:2;644:1,6,2,0,0.0,0,0,2,0,0,0,0.0,1,4,1,1,0.0,17.0,33.0,2,True,False
Midday,Set2,Draw1,6,33,1,1,0.0,5,0.0,False,False,False,False,False,False,True,3,1,3,1,4,0,0,0,3488:1;348:1;34488:1,8834:1;834:1;88344:1,2,5,0,0.0,0,0,0,0,0,0,0.5,0,4,4,1,0.0,16.5,71.0,3,True,False
Midday,Set2,Draw1,6,15,2,2,0.0,2,0.0,False,False,False,False,False,False,False,2,1,2,1,0,0,0,0,445:1,544:1,4,2,1,0.0,0,0,0,0,0,0,0.0,1,2,4,1,0.0,15.0,75.0,3,True,False
Midday,Set2,Draw1,6,8,2,1,0.0,6,0.0,False,False,False,False,False,False,True,2,1,2,1,11,0,0,0,113588:1;11588:1;1158:1,881153:1;88115:1;8115:1,4,6,0,0.0,0,0,0,0,0,0,0.5,0,2,1,1,0.0,14.5,72.5,2,True,False
Midday,Set2,Draw1,6,6,1,1,0.0,6,0.0,False,False,False,False,False,False,True,2,1,2,1,1,0,0,0,115:1,115:1,2,6,0,0.0,0,0,0,0,0,0,0.5,1,2,1,1,0.0,13.5,76.5,2,True,False
Midday,Set2,Draw1,6,14,1,1,0.0,5,0.0,False,False,False,False,False,False,False,2,1,2,1,0,0,0,0,345:1;3445:1,534:1;5344:1,2,5,0,0.0,0,0,0,0,0,0,0.0,0,2,1,1,0.0,11.0,45.0,2,True,False
Midday,Set2,Draw1,6,9,2,1,0.0,2,0.0,False,False,False,False,False,False,True,2,1,2,1,3,0,0,0,11445:1;4456:1;1445:1,54411:1;6445:1;5441:1,4,2,0,0.0,0,0,0,0,0,0,0.5,0,2,1,1,0.0,10.5,43.0,2,True,False
Midday,Set2,Draw1,7,23,4,3,0.0,6,0.0,True,False,False,False,False,False,True,3,1,3,1,8,0,0,0,11388:1;1388:1;3688:1,688:2;11388:1;1388:1,8,6,2,0.0,0,0,2,0,0,0,0.5,1,4,4,1,0.0,28.5,74.5,3,True,False
Midday,Set2,Draw1,7,18,3,2,0.0,7,0.0,False,False,False,False,False,False,True,3,1,3,1,7,0,0,0,118:1;1188:1;1138:1,811:1;8811:1;1138:1,6,7,1,0.0,0,0,0,0,0,0,0.5,1,4,1,1,0.0,21.5,93.0,2,True,False
Midday,Set2,Draw1,7,32,3,2,0.0,5,0.0,True,False,False,False,False,False,False,3,1,3,1,0,0,0,0,388:1,883:2,6,5,1,0.0,0,0,2,0,0,0,0.0,1,4,1,1,0.0,21.0,55.5,2,True,False
Midday,Set2,Draw1,7,8,4,2,0.0,1,0.0,False,False,False,False,False,False,True,3,1,3,1,26,0,0,0,0113688:1;01138:1;011388:1,0113886:1;01138:1;011388:1,8,1,1,0.0,0,0,0,0,0,0,0.5,0,4,4,1,0.0,19.5,72.5,3,True,False
Midday,Set2,Draw1,7,34,2,1,0.0,2,0.0,True,False,False,False,False,False,False,3,1,3,1,0,0,0,0,344:1,344:2,4,2,0,0.0,0,0,2,0,0,0,0.0,1,4,4,1,0.0,18.0,54.0,3,True,False
Midday,Set2,Draw1,7,15,2,2,0.0,2,0.0,False,False,False,False,False,False,False,3,1,3,1,0,0,0,0,445:1;044:1;4455:1,544:1;440:1;5544:1,4,2,1,0.0,0,0,0,0,0,0,0.0,1,4,4,1,0.0,17.0,75.0,3,True,False
Midday,Set2,Draw1,7,24,2,2,0.0,2,0.0,False,False,False,False,False,False,True,3,1,3,1,16,0,0,0,11344688:1;1344688:1;344688:1,68834411:1;6883441:1;688344:1,4,2,1,0.0,0,0,0,0,0,0,0.5,0,4,4,1,0.0,16.5,54.0,3,True,False
Midday,Set2,Draw1,7,6,3,2,0.0,1,0.0,True,False,False,False,False,False,True,3,1,3,1,1,0,0,0,011:1,011:2,6,1,1,0.0,0,0,2,0,0,0,0.5,1,4,0,1,0.0,16.5,76.5,1,True,False
Midday,Set2,Draw1,7,33,1,1,0.0,5,0.0,False,False,False,False,False,False,True,3,1,3,1,4,0,0,0,3488:1;348:1;34488:1,8834:1;834:1;88344:1,2,5,0,0.0,0,0,0,0,0,0,0.5,0,4,4,1,0.0,16.5,71.0,3,True,False
Midday,Set2,Draw1,7,19,1,1,0.0,7,0.0,False,False,False,False,False,False,True,3,1,3,1,2,0,0,0,114:1;1144:1,411:1;4411:1,2,7,0,0.0,0,0,0,0,0,0,0.5,1,4,0,1,0.0,15.5,79.5,1,True,False
Midday,Set2,Draw1,7,5,2,2,0.0,1,0.0,False,False,False,False,False,False,False,2,1,2,1,0,0,0,0,04455:1;455:1;0445:1,55440:1;554:1;5440:1,4,1,1,0.0,0,0,0,0,0,0,0.0,1,2,4,1,0.0,14.0,47.0,3,True,False
Midday,Set2,Draw1,7,9,2,1,0.0,2,0.0,False,False,False,False,False,False,True,3,1,3,1,10,0,0,0,0114455:1;014455:1;011445:1,5544011:1;554401:1;544011:1,4,2,0,0.0,0,0,0,0,0,0,0.5,0,4,1,1,0.0,12.5,43.0,2,True,False
Midday,Set2,Draw1,7,2,2,1,0.0,1,0.0,False,False,False,False,False,False,True,2,1,2,1,6,0,0,0,01155:1;0556:1;0115:1,11055:1;5506:1;1105:1,4,1,0,0.0,0,0,0,0,0,0,0.5,0,2,4,1,0.0,12.5,23.5,3,True,False
Midday,Set2,Draw1,7,25,2,1,0.0,2,0.0,False,False,False,False,False,False,False,3,1,3,1,0,0,0,0,144:1;446:1,441:1;644:1,4,2,0,0.0,0,0,0,0,0,0,0.0,1,4,0,1,0.0,12.0,33.0,1,True,False
Midday,Set2,Draw1,7,14,1,1,0.0,5,0.0,False,False,False,False,False,False,False,2,1,2,1,0,0,0,0,034455:1;345:1;03455:1,055344:1;534:1;05534:1,2,5,0,0.0,0,0,0,0,0,0,0.0,0,2,1,1,0.0,11.0,45.0,2,True,False
Midday,Set2,Draw1,7,1,2,2,0.0,1,0.0,False,False,False,False,False,False,False,2,1,2,1,0,0,0,0,055:1,550:1,4,1,1,0.0,0,0,0,0,0,0,0.0,1,2,0,0,0.0,9.0,31.5,1,False,False
Midday,Set2,Draw1,7,4,1,1,0.0,1,0.0,False,False,False,False,False,False,True,2,1,2,1,2,0,0,0,0355:1;355:1,0553:1;553:1,2,1,0,0.0,0,0,0,0,0,0,0.5,1,2,1,0,0.0,7.5,43.0,2,False,False
Midday,Set3,Draw1,1,19,3,2,0.0,7,1.0,True,False,False,False,False,False,True,3,1,3,1,1,1,0,0,114:1,411:2,6,7,1,0.0,0,1,2,0,0,0,0.5,1,4,0,1,0.0,23.5,79.5,1,True,False
Midday,Set3,Draw1,1,18,3,2,0.0,7,1.0,True,False,False,False,False,False,True,3,1,3,1,2,2,0,0,118:1;1188:1,118:2;1188:2,6,7,1,0.0,0,1,2,0,0,0,0.5,1,4,0,1,0.0,23.5,93.0,1,True,False
Midday,Set3,Draw1,1,23,3,2,0.0,7,1.0,True,False,False,False,False,False,True,3,1,3,1,1,1,0,0,188:1,188:2,6,7,1,0.0,0,1,2,0,0,0,0.5,1,4,0,0,0.0,22.5,74.5,1,False,False
Midday,Set3,Draw1,1,24,4,4,0.0,1,1.0,False,False,False,True,False,True,True,2,1,2,1,4,4,0,0,11488:1;1148:1;1488:1,41188:1;4118:1;8841:1,8,1,3,0.0,0,1,0,0,0,1,0.5,0,2,0,1,0.0,17.5,54.0,1,True,False
Midday,Set3,Draw1,1,33,2,1,0.0,1,1.0,True,False,False,False,False,True,True,2,1,2,1,1,1,0,0,488:1,884:2,4,1,0,0.0,0,1,2,0,0,1,0.5,1,2,0,0,0.0,12.5,71.0,1,False,False
Midday,Set3,Draw1,2,18,3,2,0.0,7,1.0,True,False,False,False,False,True,True,3,1,3,1,4,4,0,0,113:1;1138:1;1188:1,113:2;1138:1;8811:1,6,7,1,0.0,0,1,2,0,0,1,0.5,1,4,0,1,0.0,24.5,93.0,1,True,False
Midday,Set3,Draw1,2,23,3,3,0.0,7,1.0,False,False,False,False,False,True,True,3,1,3,1,4,4,0,0,11388:1;138:1;1388:1,11388:1;138:1;1388:1,6,7,2,0.0,0,1,0,0,0,1,0.5,1,4,0,1,0.0,23.5,74.5,1,True,False
Midday,Set3,Draw1,2,24,4,4,0.0,4,1.0,False,False,False,False,False,True,True,3,1,3,1,6,6,0,0,113488:1;11348:1;1134:1,411388:1;41138:1;4113:1,8,4,3,0.0,0,1,0,0,0,1,0.5,0,4,0,1,0.0,22.5,54.0,1,True,False
Midday,Set3,Draw1,2,19,2,1,0.0,7,1.0,True,False,False,False,False,True,True,3,1,3,1,1,1,0,0,114:1,411:2,4,7,0,0.0,0,1,2,0,0,1,0.5,1,4,0,1,0.0,21.5,79.5,1,True,False
Midday,Set3,Draw1,2,32,3,2,0.0,6,1.0,True,False,False,False,False,False,False,3,1,3,1,0,1,0,0,388:1,883:2,6,6,1,0.0,0,1,2,0,0,0,0.0,1,4,0,0,0.0,21.0,55.5,1,False,False
Midday,Set3,Draw1,2,33,2,1,0.0,6,1.0,True,False,False,False,False,True,True,3,1,3,1,2,2,0,0,3488:1;348:1,8834:2;834:2,4,6,0,0.0,0,1,2,0,0,1,0.5,0,4,0,1,0.0,19.5,71.0,1,True,False
Midday,Set3,Draw1,3,18,3,2,0.0,7,1.0,True,False,False,False,False,True,True,3,1,3,1,4,4,0,0,113:1;1138:1;1188:1,113:2;1138:1;8811:1,6,7,1,0.0,0,1,2,0,0,1,0.5,1,4,0,1,0.0,24.5,93.0,1,True,False
Midday,Set3,Draw1,3,23,3,3,0.0,7,1.0,False,False,False,False,False,True,True,3,1,3,1,4,4,0,0,11388:1;138:1;1388:1,11388:1;138:1;1388:1,6,7,2,0.0,0,1,0,0,0,1,0.5,1,4,0,1,0.0,23.5,74.5,1,True,False
Midday,Set3,Draw1,3,24,4,4,0.0,4,1.0,False,False,False,False,False,True,True,3,1,3,1,6,6,0,0,113488:1;11348:1;1134:1,411388:1;41138:1;4113:1,8,4,3,0.0,0,1,0,0,0,1,0.5,0,4,0,1,0.0,22.5,54.0,1,True,False
Midday,Set3,Draw1,3,32,3,2,0.0,6,1.0,True,False,False,False,False,False,False,3,1,3,1,0,1,0,0,388:1,883:2,6,6,1,0.0,0,1,2,0,0,0,0.0,1,4,0,1,0.0,22.0,55.5,1,True,False
Midday,Set3,Draw1,3,19,2,1,0.0,7,1.0,True,False,False,False,False,True,True,3,1,3,1,1,1,0,0,114:1,411:2,4,7,0,0.0,0,1,2,0,0,1,0.5,1,4,0,1,0.0,21.5,79.5,1,True,False
Midday,Set3,Draw1,3,33,2,1,0.0,6,1.0,True,False,False,False,False,True,True,3,1,3,1,2,2,0,0,3488:1;348:1,8834:2;834:2,4,6,0,0.0,0,1,2,0,0,1,0.5,0,4,1,1,0.0,20.5,71.0,2,True,False
Midday,Set3,Draw1,4,18,3,2,0.0,7,1.0,True,False,False,False,False,False,True,3,1,3,1,4,4,0,0,113:1;1138:1;1188:1,113:2;1138:1;8811:1,6,7,1,0.0,0,1,2,0,0,0,0.5,1,4,0,1,0.0,23.5,93.0,1,True,False
Midday,Set3,Draw1,4,24,4,4,0.0,4,1.0,False,False,False,False,False,False,True,3,1,3,1,6,6,0,0,113488:1;11348:1;1134:1,411388:1;41138:1;4113:1,8,4,3,0.0,0,1,0,0,0,0,0.5,0,4,1,1,0.0,22.5,54.0,2,True,False
Midday,Set3,Draw1,4,23,3,3,0.0,7,1.0,False,False,False,False,False,False,True,3,1,3,1,4,4,0,0,11388:1;1388:1;188:1,11388:1;1388:1;881:1,6,7,2,0.0,0,1,0,0,0,0,0.5,1,4,0,1,0.0,22.5,74.5,1,True,False
Midday,Set3,Draw1,4,32,3,2,0.0,6,1.0,True,False,False,False,False,False,False,3,1,3,1,0,1,0,0,388:1,883:2,6,6,1,0.0,0,1,2,0,0,0,0.0,1,4,0,1,0.0,22.0,55.5,1,True,False
Midday,Set3,Draw1,4,19,2,1,0.0,7,1.0,True,False,False,False,False,False,True,3,1,3,1,1,1,0,0,114:1,411:2,4,7,0,0.0,0,1,2,0,0,0,0.5,1,4,0,1,0.0,20.5,79.5,1,True,False
Midday,Set3,Draw1,4,33,2,1,0.0,6,1.0,True,False,False,False,False,False,True,3,1,3,1,2,2,0,0,3488:1;348:1,8834:2;834:2,4,6,0,0.0,0,1,2,0,0,0,0.5,0,4,1,1,0.0,19.5,71.0,2,True,False
Midday,Set3,Draw1,5,23,4,3,0.0,7,0.0,True,False,False,False,False,False,True,3,1,3,1,8,0,0,0,11388:1;1388:1;3688:1,688:2;11388:1;1388:1,8,7,2,0.0,0,0,2,0,0,0,0.5,1,4,1,1,0.0,26.5,74.5,2,True,False
Midday,Set3,Draw1,5,18,3,3,0.0,7,0.0,True,False,False,False,False,False,True,3,1,3,1,7,0,0,0,113:1;113688:1;1138:1,113:2;113886:1;1138:1,6,7,2,0.0,0,0,2,0,0,0,0.5,1,4,1,1,0.0,24.5,93.0,2,True,False
Midday,Set3,Draw1,5,24,4,4,0.0,4,0.0,False,False,False,False,False,False,True,3,1,3,1,20,0,0,0,11344688:1;1134488:1;113448:1,44113886:1;4411388:1;441138:1,8,4,3,0.0,0,0,0,0,0,0,0.5,0,4,1,1,0.0,21.5,54.0,2,True,False
Midday,Set3,Draw1,5,32,3,2,0.0,6,0.0,True,False,False,False,False,False,False,3,1,3,1,0,0,0,0,388:1,883:2,6,6,1,0.0,0,0,2,0,0,0,0.0,1,4,0,1,0.0,21.0,55.5,1,True,False
Midday,Set3,Draw1,5,19,2,1,0.0,7,0.0,True,False,False,False,False,False,True,3,1,3,1,2,0,0,0,114:1;1144:1,411:2;4411:2,4,7,0,0.0,0,0,2,0,0,0,0.5,1,4,0,1,0.0,19.5,79.5,1,True,False
Midday,Set3,Draw1,5,34,2,1,0.0,3,0.0,True,False,False,False,False,False,False,3,1,3,1,0,0,0,0,344:1,344:2,4,3,0,0.0,0,0,2,0,0,0,0.0,1,4,4,0,0.0,18.0,54.0,3,False,False
Midday,Set3,Draw1,5,33,1,1,0.0,6,0.0,False,False,False,False,False,False,True,3,1,3,1,4,0,0,0,3488:1;348:1;34488:1,8834:1;834:1;88344:1,2,6,0,0.0,0,0,0,0,0,0,0.5,0,4,4,1,0.0,17.5,71.0,3,True,False
Midday,Set3,Draw1,5,25,3,1,0.0,3,0.0,True,False,False,False,False,False,False,3,1,3,1,0,0,0,0,144:1;446:1,441:2;644:1,6,3,0,0.0,0,0,2,0,0,0,0.0,1,4,1,0,0.0,17.0,33.0,2,False,False
Midday,Set3,Draw1,6,23,4,3,0.0,7,0.0,True,False,False,False,False,False,True,3,1,3,1,8,0,0,0,11388:1;1388:1;3688:1,688:2;11388:1;1388:1,8,7,2,0.0,0,0,2,0,0,0,0.5,1,4,1,1,0.0,26.5,74.5,2,True,False
Midday,Set3,Draw1,6,18,3,2,0.0,7,0.0,False,False,False,False,False,False,True,3,1,3,1,7,0,0,0,1188:1;118:1;1138:1,8811:1;811:1;1138:1,6,7,1,0.0,0,0,0,0,0,0,0.5,1,4,1,1,0.0,21.5,93.0,2,True,False
Midday,Set3,Draw1,6,32,3,2,0.0,6,0.0,True,False,False,False,False,False,False,3,1,3,1,0,0,0,0,388:1,883:2,6,6,1,0.0,0,0,2,0,0,0,0.0,1,4,0,1,0.0,21.0,55.5,1,True,False
Midday,Set3,Draw1,6,34,2,1,0.0,3,0.0,True,False,False,False,False,False,False,3,1,3,1,0,0,0,0,344:1,344:2,4,3,0,0.0,0,0,2,0,0,0,0.0,1,4,4,1,0.0,19.0,54.0,3,True,False
Midday,Set3,Draw1,6,8,4,3,0.0,2,0.0,False,False,False,False,False,False,True,3,1,3,1,11,0,0,0,0113688:1;011388:1;01138:1,0113886:1;011388:1;01138:1,8,2,2,0.0,0,0,0,0,0,0,0.5,0,4,1,1,0.0,18.5,72.5,2,True,False
Midday,Set3,Draw1,6,6,3,2,0.0,2,0.0,True,False,False,False,False,False,True,3,1,3,1,1,0,0,0,011:1,011:2,6,2,1,0.0,0,0,2,0,0,0,0.5,1,4,1,1,0.0,18.5,76.5,2,True,False
Midday,Set3,Draw1,6,33,1,1,0.0,6,0.0,False,False,False,False,False,False,True,3,1,3,1,4,0,0,0,3488:1;348:1;34488:1,8834:1;834:1;88344:1,2,6,0,0.0,0,0,0,0,0,0,0.5,0,4,4,1,0.0,17.5,71.0,3,True,False
Midday,Set3,Draw1,6,19,1,1,0.0,7,0.0,False,False,False,False,False,False,True,3,1,3,1,2,0,0,0,114:1;1144:1,411:1;4411:1,2,7,0,0.0,0,0,0,0,0,0,0.5,1,4,0,1,0.0,15.5,79.5,1,True,False
Midday,Set3,Draw1,6,24,2,2,0.0,3,0.0,False,False,False,False,False,False,True,3,1,3,1,16,0,0,0,11344688:1;1344688:1;344688:1,68834411:1;6883441:1;688344:1,4,3,1,0.0,0,0,0,0,0,0,0.5,0,4,1,1,0.0,14.5,54.0,2,True,False
Midday,Set3,Draw1,6,25,2,1,0.0,3,0.0,False,False,False,False,False,False,False,3,1,3,1,0,0,0,0,144:1;446:1,441:1;644:1,4,3,0,0.0,0,0,0,0,0,0,0.0,1,4,1,1,0.0,14.0,33.0,2,True,False
Midday,Set3,Draw1,6,15,1,1,0.0,2,0.0,False,False,False,False,False,False,False,3,1,3,1,0,0,0,0,044:1,440:1,2,2,0,0.0,0,0,0,0,0,0,0.0,1,4,4,1,0.0,14.0,75.0,3,True,False
Midday,Set3,Draw1,6,9,1,1,0.0,1,0.0,False,False,False,False,False,False,True,3,1,3,1,4,0,0,0,01144:1;0144:1;0114:1,44011:1;4401:1;4011:1,2,1,0,0.0,0,0,0,0,0,0,0.5,0,4,1,1,0.0,9.5,43.0,2,True,False
Midday,Set3,Draw1,6,14,1,1,0.0,1,0.0,False,False,False,False,False,False,False,1,1,1,1,0,0,0,0,0344:1;034:1,0344:1;034:1,2,1,0,0.0,0,0,0,0,0,0,0.0,0,0,4,1,0.0,8.0,45.0,3,True,False
Midday,Set3,Draw1,7,23,4,3,0.0,7,0.0,True,False,False,False,False,False,True,3,1,3,1,10,0,0,0,11388:1;3688:1;688:1,688:2;11388:1;3886:1,8,7,2,0.0,0,0,2,0,0,0,0.5,1,4,1,1,0.0,26.5,74.5,2,True,False
Midday,Set3,Draw1,7,18,4,2,0.0,7,0.0,True,False,False,False,False,False,True,3,1,3,1,14,0,0,0,1138:1;1188:1;118:1,6688:2;668:2;1138:1,8,7,1,0.0,0,0,2,0,0,0,0.5,1,4,1,1,0.0,25.5,93.0,2,True,False
Midday,Set3,Draw1,7,32,3,2,0.0,6,0.0,True,False,False,False,False,False,False,3,1,3,1,0,0,0,0,388:1,883:2,6,6,1,0.0,0,0,2,0,0,0,0.0,1,4,0,1,0.0,21.0,55.5,1,True,False
Midday,Set3,Draw1,7,6,4,2,0.0,2,0.0,True,False,False,False,False,False,True,3,1,3,1,2,0,0,0,011:1;066:1,011:2;066:1,8,2,1,0.0,0,0,2,0,0,0,0.5,1,4,1,1,0.0,20.5,76.5,2,True,False
Midday,Set3,Draw1,7,33,2,1,0.0,6,0.0,False,False,False,False,False,False,True,3,1,3,1,6,0,0,0,3488:1;348:1;34488:1,8834:1;834:1;88344:1,4,6,0,0.0,0,0,0,0,0,0,0.5,1,4,4,1,0.0,20.5,71.0,3,True,False
Midday,Set3,Draw1,7,34,2,1,0.0,3,0.0,True,False,False,False,False,False,False,3,1,3,1,0,0,0,0,344:1;3449:1;349:1,344:2;9344:1;934:1,4,3,0,0.0,0,0,2,0,0,0,0.0,1,4,4,1,0.0,19.0,54.0,3,True,False
Midday,Set3,Draw1,7,19,2,1,0.0,7,0.0,False,False,False,False,False,False,True,3,1,3,1,4,0,0,0,114:1;1144:1;119:1,411:1;4411:1;119:1,4,7,0,0.0,0,0,0,0,0,0,0.5,1,4,1,1,0.0,18.5,79.5,2,True,False
Midday,Set3,Draw1,7,2,4,2,0.0,1,0.0,True,False,False,False,False,False,True,2,1,2,1,4,0,0,0,001:1;0011:1;006:1,001:2;0011:2;006:1,8,1,1,0.0,0,0,2,0,0,0,0.5,1,2,0,1,0.0,16.5,23.5,1,True,False
Midday,Set3,Draw1,7,24,2,2,0.0,3,0.0,False,False,False,False,False,False,True,3,1,3,1,32,0,0,0,11344688:1;1344688:1;1134488:1,68834411:1;6883441:1;8834411:1,4,3,1,0.0,0,0,0,0,0,0,0.5,0,4,1,1,0.0,14.5,54.0,2,True,False
Midday,Set3,Draw1,7,8,3,1,0.0,2,0.0,False,False,False,False,False,False,True,3,1,3,1,23,0,0,0,01138:1;0113688:1;011388:1,01138:1;0113886:1;011388:1,6,2,0,0.0,0,0,0,0,0,0,0.5,0,4,1,1,0.0,14.5,72.5,2,True,False
Midday,Set3,Draw1,7,9,4,2,0.0,1,0.0,False,False,False,False,False,False,True,2,1,2,1,11,0,0,0,0011449:1;00119:1;001449:1,9440011:1;11009:1;944001:1,8,1,1,0.0,0,0,0,0,0,0,0.5,0,2,1,1,0.0,14.5,43.0,2,True,False
Midday,Set3,Draw1,7,25,2,1,0.0,3,0.0,False,False,False,False,False,False,False,3,1,3,1,0,0,0,0,144:1;446:1;4466:1,441:1;644:1;6644:1,4,3,0,0.0,0,0,0,0,0,0,0.0,1,4,1,1,0.0,14.0,33.0,2,True,False
Midday,Set3,Draw1,7,15,1,1,0.0,2,0.0,False,False,False,False,False,False,False,3,1,3,1,0,0,0,0,044:1;00449:1;0449:1,440:1;94400:1;9440:1,2,2,0,0.0,0,0,0,0,0,0,0.0,1,4,4,1,0.0,14.0,75.0,3,True,False
Midday,Set3,Draw1,7,5,3,2,0.0,1,0.0,False,False,False,False,False,False,False,2,1,2,1,0,0,0,0,009:1;0044:1;004:1,900:1;4400:1;400:1,6,1,1,0.0,0,0,0,0,0,0,0.0,1,2,1,1,0.0,13.0,47.0,2,True,False
Midday,Set3,Draw1,7,14,1,1,0.0,1,0.0,False,False,False,False,False,False,False,1,1,1,1,0,0,0,0,003449:1;00349:1;03449:1,009344:1;00934:1;09344:1,2,1,0,0.0,0,0,0,0,0,0,0.0,0,0,4,1,0.0,8.0,45.0,3,True,False
Midday,Set3,Draw1,7,35,1,1,0.0,1,0.0,False,False,False,False,False,False,False,1,1,1,1,0,0,0,0,449:1,944:1,2,1,0,0.0,0,0,0,0,0,0,0.0,1,0,0,0,0.0,4.0,44.0,1,False,False
