state,area,section,set,draw,col,col_label,location,method,mode,area_rank,section_rank,set_rank,draw_rank,col_rank,step,value,length,unique_digits,is_3value,first_3value_step,last_change_step,steps_total_before_compaction,steps_kept_after_compaction
Michigan4,LS1,Midday,Set3,Draw1,7,col7,Midday|Set3|Draw1|col7,A,own,1,1,3,1,7,0,559901138667,12,8,False,2,3,29,4
Michigan4,LS1,Midday,Set3,Draw1,7,col7,Midday|Set3|Draw1|col7,A,own,1,1,3,1,7,1,5508667,7,5,False,2,3,29,4
Michigan4,LS1,Midday,Set3,Draw1,7,col7,Midday|Set3|Draw1|col7,A,own,1,1,3,1,7,2,087,3,3,True,2,3,29,4
Michigan4,LS1,Midday,Set3,Draw1,7,col7,Midday|Set3|Draw1|col7,A,own,1,1,3,1,7,3,7,1,1,True,2,3,29,4
Michigan4,LS1,Midday,Set3,Draw1,7,col7,Midday|Set3|Draw1|col7,A,combined,1,1,3,1,7,0,559901138667,12,8,False,3,5,6,6
Michigan4,LS1,Midday,Set3,Draw1,7,col7,Midday|Set3|Draw1|col7,A,combined,1,1,3,1,7,1,5508667,7,5,False,3,5,6,6
Michigan4,LS1,Midday,Set3,Draw1,7,col7,Midday|Set3|Draw1|col7,A,combined,1,1,3,1,7,2,550866,6,4,False,3,5,6,6
Michigan4,LS1,Midday,Set3,Draw1,7,col7,Midday|Set3|Draw1|col7,A,combined,1,1,3,1,7,3,08,2,2,True,3,5,6,6
Michigan4,LS1,Midday,Set3,Draw1,7,col7,Midday|Set3|Draw1|col7,A,combined,1,1,3,1,7,4,08,2,2,True,3,5,6,6
Michigan4,LS1,Midday,Set3,Draw1,7,col7,Midday|Set3|Draw1|col7,A,combined,1,1,3,1,7,5,,0,0,False,3,5,6,6
Michigan4,LS1,Midday,Set3,Draw1,7,col7,Midday|Set3|Draw1|col7,B,own,1,1,3,1,7,0,559901138667,12,8,False,2,7,8,6
Michigan4,LS1,Midday,Set3,Draw1,7,col7,Midday|Set3|Draw1|col7,B,own,1,1,3,1,7,1,5508667,7,5,False,2,7,8,6
Michigan4,LS1,Midday,Set3,Draw1,7,col7,Midday|Set3|Draw1|col7,B,own,1,1,3,1,7,2,087,3,3,True,2,7,8,6
Michigan4,LS1,Midday,Set3,Draw1,7,col7,Midday|Set3|Draw1|col7,B,own,1,1,3,1,7,3,7,1,1,True,2,7,8,6
Michigan4,LS1,Midday,Set3,Draw1,7,col7,Midday|Set3|Draw1|col7,B,own,1,1,3,1,7,4,7,1,1,True,2,7,8,6
Michigan4,LS1,Midday,Set3,Draw1,7,col7,Midday|Set3|Draw1|col7,B,own,1,1,3,1,7,7,,0,0,False,2,7,8,6
Michigan4,LS1,Midday,Set3,Draw1,7,col7,Midday|Set3|Draw1|col7,B,combined,1,1,3,1,7,0,559901138667,12,8,False,2,5,6,6
Michigan4,LS1,Midday,Set3,Draw1,7,col7,Midday|Set3|Draw1|col7,B,combined,1,1,3,1,7,1,5508667,7,5,False,2,5,6,6
Michigan4,LS1,Midday,Set3,Draw1,7,col7,Midday|Set3|Draw1|col7,B,combined,1,1,3,1,7,2,5508,4,3,True,2,5,6,6
Michigan4,LS1,Midday,Set3,Draw1,7,col7,Midday|Set3|Draw1|col7,B,combined,1,1,3,1,7,3,08,2,2,True,2,5,6,6
Michigan4,LS1,Midday,Set3,Draw1,7,col7,Midday|Set3|Draw1|col7,B,combined,1,1,3,1,7,4,8,1,1,True,2,5,6,6
Michigan4,LS1,Midday,Set3,Draw1,7,col7,Midday|Set3|Draw1|col7,B,combined,1,1,3,1,7,5,,0,0,False,2,5,6,6
Michigan4,LS1,Midday,Set3,Draw1,7,col7,Midday|Set3|Draw1|col7,C,own,1,1,3,1,7,0,559901138667,12,8,False,1,7,8,5
Michigan4,LS1,Midday,Set3,Draw1,7,col7,Midday|Set3|Draw1|col7,C,own,1,1,3,1,7,1,5507,4,3,True,1,7,8,5
Michigan4,LS1,Midday,Set3,Draw1,7,col7,Midday|Set3|Draw1|col7,C,own,1,1,3,1,7,2,7,1,1,True,1,7,8,5
Michigan4,LS1,Midday,Set3,Draw1,7,col7,Midday|Set3|Draw1|col7,C,own,1,1,3,1,7,3,7,1,1,True,1,7,8,5
Michigan4,LS1,Midday,Set3,Draw1,7,col7,Midday|Set3|Draw1|col7,C,own,1,1,3,1,7,7,,0,0,False,1,7,8,5
Michigan4,LS1,Midday,Set3,Draw1,7,col7,Midday|Set3|Draw1|col7,C,combined,1,1,3,1,7,0,559901138667,12,8,False,1,3,4,4
Michigan4,LS1,Midday,Set3,Draw1,7,col7,Midday|Set3|Draw1|col7,C,combined,1,1,3,1,7,1,5507,4,3,True,1,3,4,4
Michigan4,LS1,Midday,Set3,Draw1,7,col7,Midday|Set3|Draw1|col7,C,combined,1,1,3,1,7,2,550,3,2,True,1,3,4,4
Michigan4,LS1,Midday,Set3,Draw1,7,col7,Midday|Set3|Draw1|col7,C,combined,1,1,3,1,7,3,,0,0,False,1,3,4,4
Michigan4,LS1,Midday,Set3,Draw1,7,col7,Midday|Set3|Draw1|col7,D,own,1,1,3,1,7,0,559901138667,12,8,False,2,7,8,5
Michigan4,LS1,Midday,Set3,Draw1,7,col7,Midday|Set3|Draw1|col7,D,own,1,1,3,1,7,1,55067,5,4,False,2,7,8,5
Michigan4,LS1,Midday,Set3,Draw1,7,col7,Midday|Set3|Draw1|col7,D,own,1,1,3,1,7,2,7,1,1,True,2,7,8,5
Michigan4,LS1,Midday,Set3,Draw1,7,col7,Midday|Set3|Draw1|col7,D,own,1,1,3,1,7,3,7,1,1,True,2,7,8,5
Michigan4,LS1,Midday,Set3,Draw1,7,col7,Midday|Set3|Draw1|col7,D,own,1,1,3,1,7,7,,0,0,False,2,7,8,5
Michigan4,LS1,Midday,Set3,Draw1,7,col7,Midday|Set3|Draw1|col7,D,combined,1,1,3,1,7,0,559901138667,12,8,False,2,3,4,4
Michigan4,LS1,Midday,Set3,Draw1,7,col7,Midday|Set3|Draw1|col7,D,combined,1,1,3,1,7,1,55067,5,4,False,2,3,4,4
Michigan4,LS1,Midday,Set3,Draw1,7,col7,Midday|Set3|Draw1|col7,D,combined,1,1,3,1,7,2,550,3,2,True,2,3,4,4
Michigan4,LS1,Midday,Set3,Draw1,7,col7,Midday|Set3|Draw1|col7,D,combined,1,1,3,1,7,3,,0,0,False,2,3,4,4
Michigan4,LS1,Midday,Set3,Draw1,7,col7,Midday|Set3|Draw1|col7,E,own,1,1,3,1,7,0,559901138667,12,8,False,3,7,8,8
Michigan4,LS1,Midday,Set3,Draw1,7,col7,Midday|Set3|Draw1|col7,E,own,1,1,3,1,7,1,559018667,9,7,False,3,7,8,8
Michigan4,LS1,Midday,Set3,Draw1,7,col7,Midday|Set3|Draw1|col7,E,own,1,1,3,1,7,2,590867,6,6,False,3,7,8,8
Michigan4,LS1,Midday,Set3,Draw1,7,col7,Midday|Set3|Draw1|col7,E,own,1,1,3,1,7,3,567,3,3,True,3,7,8,8
Michigan4,LS1,Midday,Set3,Draw1,7,col7,Midday|Set3|Draw1|col7,E,own,1,1,3,1,7,4,57,2,2,True,3,7,8,8
Michigan4,LS1,Midday,Set3,Draw1,7,col7,Midday|Set3|Draw1|col7,E,own,1,1,3,1,7,5,7,1,1,True,3,7,8,8
Michigan4,LS1,Midday,Set3,Draw1,7,col7,Midday|Set3|Draw1|col7,E,own,1,1,3,1,7,6,7,1,1,True,3,7,8,8
Michigan4,LS1,Midday,Set3,Draw1,7,col7,Midday|Set3|Draw1|col7,E,own,1,1,3,1,7,7,,0,0,False,3,7,8,8
Michigan4,LS1,Midday,Set3,Draw1,7,col7,Midday|Set3|Draw1|col7,E,combined,1,1,3,1,7,0,559901138667,12,8,False,4,5,6,6
Michigan4,LS1,Midday,Set3,Draw1,7,col7,Midday|Set3|Draw1|col7,E,combined,1,1,3,1,7,1,559018667,9,7,False,4,5,6,6
Michigan4,LS1,Midday,Set3,Draw1,7,col7,Midday|Set3|Draw1|col7,E,combined,1,1,3,1,7,2,559086,6,5,False,4,5,6,6
Michigan4,LS1,Midday,Set3,Draw1,7,col7,Midday|Set3|Draw1|col7,E,combined,1,1,3,1,7,3,5908,4,4,False,4,5,6,6
Michigan4,LS1,Midday,Set3,Draw1,7,col7,Midday|Set3|Draw1|col7,E,combined,1,1,3,1,7,4,908,3,3,True,4,5,6,6
Michigan4,LS1,Midday,Set3,Draw1,7,col7,Midday|Set3|Draw1|col7,E,combined,1,1,3,1,7,5,,0,0,False,4,5,6,6
Michigan4,LS1,Midday,Set3,Draw1,7,col7,Midday|Set3|Draw1|col7,T,own,1,1,3,1,7,0,559901138667,12,8,False,1,3,29,4
Michigan4,LS1,Midday,Set3,Draw1,7,col7,Midday|Set3|Draw1|col7,T,own,1,1,3,1,7,1,5507,4,3,True,1,3,29,4
Michigan4,LS1,Midday,Set3,Draw1,7,col7,Midday|Set3|Draw1|col7,T,own,1,1,3,1,7,2,07,2,2,True,1,3,29,4
Michigan4,LS1,Midday,Set3,Draw1,7,col7,Midday|Set3|Draw1|col7,T,own,1,1,3,1,7,3,7,1,1,True,1,3,29,4
Michigan4,LS1,Midday,Set3,Draw1,7,col7,Midday|Set3|Draw1|col7,T,combined,1,1,3,1,7,0,559901138667,12,8,False,1,5,6,6
Michigan4,LS1,Midday,Set3,Draw1,7,col7,Midday|Set3|Draw1|col7,T,combined,1,1,3,1,7,1,5507,4,3,True,1,5,6,6
Michigan4,LS1,Midday,Set3,Draw1,7,col7,Midday|Set3|Draw1|col7,T,combined,1,1,3,1,7,2,550,3,2,True,1,5,6,6
Michigan4,LS1,Midday,Set3,Draw1,7,col7,Midday|Set3|Draw1|col7,T,combined,1,1,3,1,7,3,0,1,1,True,1,5,6,6
Michigan4,LS1,Midday,Set3,Draw1,7,col7,Midday|Set3|Draw1|col7,T,combined,1,1,3,1,7,4,0,1,1,True,1,5,6,6
Michigan4,LS1,Midday,Set3,Draw1,7,col7,Midday|Set3|Draw1|col7,T,combined,1,1,3,1,7,5,,0,0,False,1,5,6,6
Michigan4,LS1,Midday,Set3,Draw1,6,col6,Midday|Set3|Draw1|col6,A,own,1,1,3,1,6,0,599013667,9,7,False,2,3,29,4
Michigan4,LS1,Midday,Set3,Draw1,6,col6,Midday|Set3|Draw1|col6,A,own,1,1,3,1,6,1,50667,5,4,False,2,3,29,4
Michigan4,LS1,Midday,Set3,Draw1,6,col6,Midday|Set3|Draw1|col6,A,own,1,1,3,1,6,2,07,2,2,True,2,3,29,4
Michigan4,LS1,Midday,Set3,Draw1,6,col6,Midday|Set3|Draw1|col6,A,own,1,1,3,1,6,3,7,1,1,True,2,3,29,4
Michigan4,LS1,Midday,Set3,Draw1,6,col6,Midday|Set3|Draw1|col6,A,combined,1,1,3,1,6,0,599013667,9,7,False,2,5,6,6
Michigan4,LS1,Midday,Set3,Draw1,6,col6,Midday|Set3|Draw1|col6,A,combined,1,1,3,1,6,1,50667,5,4,False,2,5,6,6
Michigan4,LS1,Midday,Set3,Draw1,6,col6,Midday|Set3|Draw1|col6,A,combined,1,1,3,1,6,2,5066,4,3,True,2,5,6,6
Michigan4,LS1,Midday,Set3,Draw1,6,col6,Midday|Set3|Draw1|col6,A,combined,1,1,3,1,6,3,0,1,1,True,2,5,6,6
Michigan4,LS1,Midday,Set3,Draw1,6,col6,Midday|Set3|Draw1|col6,A,combined,1,1,3,1,6,4,0,1,1,True,2,5,6,6
Michigan4,LS1,Midday,Set3,Draw1,6,col6,Midday|Set3|Draw1|col6,A,combined,1,1,3,1,6,5,,0,0,False,2,5,6,6
Michigan4,LS1,Midday,Set3,Draw1,6,col6,Midday|Set3|Draw1|col6,B,own,1,1,3,1,6,0,599013667,9,7,False,2,7,8,6
Michigan4,LS1,Midday,Set3,Draw1,6,col6,Midday|Set3|Draw1|col6,B,own,1,1,3,1,6,1,50667,5,4,False,2,7,8,6
Michigan4,LS1,Midday,Set3,Draw1,6,col6,Midday|Set3|Draw1|col6,B,own,1,1,3,1,6,2,07,2,2,True,2,7,8,6
Michigan4,LS1,Midday,Set3,Draw1,6,col6,Midday|Set3|Draw1|col6,B,own,1,1,3,1,6,3,7,1,1,True,2,7,8,6
Michigan4,LS1,Midday,Set3,Draw1,6,col6,Midday|Set3|Draw1|col6,B,own,1,1,3,1,6,4,7,1,1,True,2,7,8,6
Michigan4,LS1,Midday,Set3,Draw1,6,col6,Midday|Set3|Draw1|col6,B,own,1,1,3,1,6,7,,0,0,False,2,7,8,6
Michigan4,LS1,Midday,Set3,Draw1,6,col6,Midday|Set3|Draw1|col6,B,combined,1,1,3,1,6,0,599013667,9,7,False,2,4,5,5
Michigan4,LS1,Midday,Set3,Draw1,6,col6,Midday|Set3|Draw1|col6,B,combined,1,1,3,1,6,1,50667,5,4,False,2,4,5,5
Michigan4,LS1,Midday,Set3,Draw1,6,col6,Midday|Set3|Draw1|col6,B,combined,1,1,3,1,6,2,50,2,2,True,2,4,5,5
Michigan4,LS1,Midday,Set3,Draw1,6,col6,Midday|Set3|Draw1|col6,B,combined,1,1,3,1,6,3,0,1,1,True,2,4,5,5
Michigan4,LS1,Midday,Set3,Draw1,6,col6,Midday|Set3|Draw1|col6,B,combined,1,1,3,1,6,4,,0,0,False,2,4,5,5
Michigan4,LS1,Midday,Set3,Draw1,6,col6,Midday|Set3|Draw1|col6,C,own,1,1,3,1,6,0,599013667,9,7,False,1,7,8,5
Michigan4,LS1,Midday,Set3,Draw1,6,col6,Midday|Set3|Draw1|col6,C,own,1,1,3,1,6,1,507,3,3,True,1,7,8,5
Michigan4,LS1,Midday,Set3,Draw1,6,col6,Midday|Set3|Draw1|col6,C,own,1,1,3,1,6,2,7,1,1,True,1,7,8,5
Michigan4,LS1,Midday,Set3,Draw1,6,col6,Midday|Set3|Draw1|col6,C,own,1,1,3,1,6,3,7,1,1,True,1,7,8,5
Michigan4,LS1,Midday,Set3,Draw1,6,col6,Midday|Set3|Draw1|col6,C,own,1,1,3,1,6,7,,0,0,False,1,7,8,5
Michigan4,LS1,Midday,Set3,Draw1,6,col6,Midday|Set3|Draw1|col6,C,combined,1,1,3,1,6,0,599013667,9,7,False,1,3,4,4
Michigan4,LS1,Midday,Set3,Draw1,6,col6,Midday|Set3|Draw1|col6,C,combined,1,1,3,1,6,1,507,3,3,True,1,3,4,4
Michigan4,LS1,Midday,Set3,Draw1,6,col6,Midday|Set3|Draw1|col6,C,combined,1,1,3,1,6,2,50,2,2,True,1,3,4,4
Michigan4,LS1,Midday,Set3,Draw1,6,col6,Midday|Set3|Draw1|col6,C,combined,1,1,3,1,6,3,,0,0,False,1,3,4,4
Michigan4,LS1,Midday,Set3,Draw1,6,col6,Midday|Set3|Draw1|col6,D,own,1,1,3,1,6,0,599013667,9,7,False,2,7,8,5
Michigan4,LS1,Midday,Set3,Draw1,6,col6,Midday|Set3|Draw1|col6,D,own,1,1,3,1,6,1,5067,4,4,False,2,7,8,5
Michigan4,LS1,Midday,Set3,Draw1,6,col6,Midday|Set3|Draw1|col6,D,own,1,1,3,1,6,2,7,1,1,True,2,7,8,5
Michigan4,LS1,Midday,Set3,Draw1,6,col6,Midday|Set3|Draw1|col6,D,own,1,1,3,1,6,3,7,1,1,True,2,7,8,5
Michigan4,LS1,Midday,Set3,Draw1,6,col6,Midday|Set3|Draw1|col6,D,own,1,1,3,1,6,7,,0,0,False,2,7,8,5
Michigan4,LS1,Midday,Set3,Draw1,6,col6,Midday|Set3|Draw1|col6,D,combined,1,1,3,1,6,0,599013667,9,7,False,2,3,4,4
Michigan4,LS1,Midday,Set3,Draw1,6,col6,Midday|Set3|Draw1|col6,D,combined,1,1,3,1,6,1,5067,4,4,False,2,3,4,4
Michigan4,LS1,Midday,Set3,Draw1,6,col6,Midday|Set3|Draw1|col6,D,combined,1,1,3,1,6,2,50,2,2,True,2,3,4,4
Michigan4,LS1,Midday,Set3,Draw1,6,col6,Midday|Set3|Draw1|col6,D,combined,1,1,3,1,6,3,,0,0,False,2,3,4,4
Michigan4,LS1,Midday,Set3,Draw1,6,col6,Midday|Set3|Draw1|col6,E,own,1,1,3,1,6,0,599013667,9,7,False,2,7,8,6
Michigan4,LS1,Midday,Set3,Draw1,6,col6,Midday|Set3|Draw1|col6,E,own,1,1,3,1,6,1,590667,6,5,False,2,7,8,6
Michigan4,LS1,Midday,Set3,Draw1,6,col6,Midday|Set3|Draw1|col6,E,own,1,1,3,1,6,2,907,3,3,True,2,7,8,6
Michigan4,LS1,Midday,Set3,Draw1,6,col6,Midday|Set3|Draw1|col6,E,own,1,1,3,1,6,3,7,1,1,True,2,7,8,6
Michigan4,LS1,Midday,Set3,Draw1,6,col6,Midday|Set3|Draw1|col6,E,own,1,1,3,1,6,4,7,1,1,True,2,7,8,6
Michigan4,LS1,Midday,Set3,Draw1,6,col6,Midday|Set3|Draw1|col6,E,own,1,1,3,1,6,7,,0,0,False,2,7,8,6
Michigan4,LS1,Midday,Set3,Draw1,6,col6,Midday|Set3|Draw1|col6,E,combined,1,1,3,1,6,0,599013667,9,7,False,2,5,6,6
Michigan4,LS1,Midday,Set3,Draw1,6,col6,Midday|Set3|Draw1|col6,E,combined,1,1,3,1,6,1,590667,6,5,False,2,5,6,6
Michigan4,LS1,Midday,Set3,Draw1,6,col6,Midday|Set3|Draw1|col6,E,combined,1,1,3,1,6,2,590,3,3,True,2,5,6,6
Michigan4,LS1,Midday,Set3,Draw1,6,col6,Midday|Set3|Draw1|col6,E,combined,1,1,3,1,6,3,90,2,2,True,2,5,6,6
Michigan4,LS1,Midday,Set3,Draw1,6,col6,Midday|Set3|Draw1|col6,E,combined,1,1,3,1,6,4,9,1,1,True,2,5,6,6
Michigan4,LS1,Midday,Set3,Draw1,6,col6,Midday|Set3|Draw1|col6,E,combined,1,1,3,1,6,5,,0,0,False,2,5,6,6
Michigan4,LS1,Midday,Set3,Draw1,6,col6,Midday|Set3|Draw1|col6,T,own,1,1,3,1,6,0,599013667,9,7,False,1,3,29,4
Michigan4,LS1,Midday,Set3,Draw1,6,col6,Midday|Set3|Draw1|col6,T,own,1,1,3,1,6,1,507,3,3,True,1,3,29,4
Michigan4,LS1,Midday,Set3,Draw1,6,col6,Midday|Set3|Draw1|col6,T,own,1,1,3,1,6,2,07,2,2,True,1,3,29,4
Michigan4,LS1,Midday,Set3,Draw1,6,col6,Midday|Set3|Draw1|col6,T,own,1,1,3,1,6,3,7,1,1,True,1,3,29,4
Michigan4,LS1,Midday,Set3,Draw1,6,col6,Midday|Set3|Draw1|col6,T,combined,1,1,3,1,6,0,599013667,9,7,False,1,5,6,6
Michigan4,LS1,Midday,Set3,Draw1,6,col6,Midday|Set3|Draw1|col6,T,combined,1,1,3,1,6,1,507,3,3,True,1,5,6,6
Michigan4,LS1,Midday,Set3,Draw1,6,col6,Midday|Set3|Draw1|col6,T,combined,1,1,3,1,6,2,50,2,2,True,1,5,6,6
Michigan4,LS1,Midday,Set3,Draw1,6,col6,Midday|Set3|Draw1|col6,T,combined,1,1,3,1,6,3,0,1,1,True,1,5,6,6
Michigan4,LS1,Midday,Set3,Draw1,6,col6,Midday|Set3|Draw1|col6,T,combined,1,1,3,1,6,4,0,1,1,True,1,5,6,6
Michigan4,LS1,Midday,Set3,Draw1,6,col6,Midday|Set3|Draw1|col6,T,combined,1,1,3,1,6,5,,0,0,False,1,5,6,6
Michigan4,LS1,Midday,Set3,Draw1,5,col5,Midday|Set3|Draw1|col5,A,own,1,1,3,1,5,0,599013667,9,7,False,2,3,29,4
Michigan4,LS1,Midday,Set3,Draw1,5,col5,Midday|Set3|Draw1|col5,A,own,1,1,3,1,5,1,50667,5,4,False,2,3,29,4
Michigan4,LS1,Midday,Set3,Draw1,5,col5,Midday|Set3|Draw1|col5,A,own,1,1,3,1,5,2,07,2,2,True,2,3,29,4
Michigan4,LS1,Midday,Set3,Draw1,5,col5,Midday|Set3|Draw1|col5,A,own,1,1,3,1,5,3,7,1,1,True,2,3,29,4
Michigan4,LS1,Midday,Set3,Draw1,5,col5,Midday|Set3|Draw1|col5,A,combined,1,1,3,1,5,0,599013667,9,7,False,2,5,6,6
Michigan4,LS1,Midday,Set3,Draw1,5,col5,Midday|Set3|Draw1|col5,A,combined,1,1,3,1,5,1,50667,5,4,False,2,5,6,6
Michigan4,LS1,Midday,Set3,Draw1,5,col5,Midday|Set3|Draw1|col5,A,combined,1,1,3,1,5,2,5066,4,3,True,2,5,6,6
Michigan4,LS1,Midday,Set3,Draw1,5,col5,Midday|Set3|Draw1|col5,A,combined,1,1,3,1,5,3,0,1,1,True,2,5,6,6
Michigan4,LS1,Midday,Set3,Draw1,5,col5,Midday|Set3|Draw1|col5,A,combined,1,1,3,1,5,4,0,1,1,True,2,5,6,6
Michigan4,LS1,Midday,Set3,Draw1,5,col5,Midday|Set3|Draw1|col5,A,combined,1,1,3,1,5,5,,0,0,False,2,5,6,6
Michigan4,LS1,Midday,Set3,Draw1,5,col5,Midday|Set3|Draw1|col5,B,own,1,1,3,1,5,0,599013667,9,7,False,2,7,8,6
Michigan4,LS1,Midday,Set3,Draw1,5,col5,Midday|Set3|Draw1|col5,B,own,1,1,3,1,5,1,50667,5,4,False,2,7,8,6
Michigan4,LS1,Midday,Set3,Draw1,5,col5,Midday|Set3|Draw1|col5,B,own,1,1,3,1,5,2,07,2,2,True,2,7,8,6
Michigan4,LS1,Midday,Set3,Draw1,5,col5,Midday|Set3|Draw1|col5,B,own,1,1,3,1,5,3,7,1,1,True,2,7,8,6
Michigan4,LS1,Midday,Set3,Draw1,5,col5,Midday|Set3|Draw1|col5,B,own,1,1,3,1,5,4,7,1,1,True,2,7,8,6
Michigan4,LS1,Midday,Set3,Draw1,5,col5,Midday|Set3|Draw1|col5,B,own,1,1,3,1,5,7,,0,0,False,2,7,8,6
Michigan4,LS1,Midday,Set3,Draw1,5,col5,Midday|Set3|Draw1|col5,B,combined,1,1,3,1,5,0,599013667,9,7,False,2,4,5,5
Michigan4,LS1,Midday,Set3,Draw1,5,col5,Midday|Set3|Draw1|col5,B,combined,1,1,3,1,5,1,50667,5,4,False,2,4,5,5
Michigan4,LS1,Midday,Set3,Draw1,5,col5,Midday|Set3|Draw1|col5,B,combined,1,1,3,1,5,2,50,2,2,True,2,4,5,5
Michigan4,LS1,Midday,Set3,Draw1,5,col5,Midday|Set3|Draw1|col5,B,combined,1,1,3,1,5,3,0,1,1,True,2,4,5,5
Michigan4,LS1,Midday,Set3,Draw1,5,col5,Midday|Set3|Draw1|col5,B,combined,1,1,3,1,5,4,,0,0,False,2,4,5,5
Michigan4,LS1,Midday,Set3,Draw1,5,col5,Midday|Set3|Draw1|col5,C,own,1,1,3,1,5,0,599013667,9,7,False,1,7,8,5
Michigan4,LS1,Midday,Set3,Draw1,5,col5,Midday|Set3|Draw1|col5,C,own,1,1,3,1,5,1,507,3,3,True,1,7,8,5
Michigan4,LS1,Midday,Set3,Draw1,5,col5,Midday|Set3|Draw1|col5,C,own,1,1,3,1,5,2,7,1,1,True,1,7,8,5
Michigan4,LS1,Midday,Set3,Draw1,5,col5,Midday|Set3|Draw1|col5,C,own,1,1,3,1,5,3,7,1,1,True,1,7,8,5
Michigan4,LS1,Midday,Set3,Draw1,5,col5,Midday|Set3|Draw1|col5,C,own,1,1,3,1,5,7,,0,0,False,1,7,8,5
Michigan4,LS1,Midday,Set3,Draw1,5,col5,Midday|Set3|Draw1|col5,C,combined,1,1,3,1,5,0,599013667,9,7,False,1,3,4,4
Michigan4,LS1,Midday,Set3,Draw1,5,col5,Midday|Set3|Draw1|col5,C,combined,1,1,3,1,5,1,507,3,3,True,1,3,4,4
Michigan4,LS1,Midday,Set3,Draw1,5,col5,Midday|Set3|Draw1|col5,C,combined,1,1,3,1,5,2,50,2,2,True,1,3,4,4
Michigan4,LS1,Midday,Set3,Draw1,5,col5,Midday|Set3|Draw1|col5,C,combined,1,1,3,1,5,3,,0,0,False,1,3,4,4
Michigan4,LS1,Midday,Set3,Draw1,5,col5,Midday|Set3|Draw1|col5,D,own,1,1,3,1,5,0,599013667,9,7,False,2,7,8,5
Michigan4,LS1,Midday,Set3,Draw1,5,col5,Midday|Set3|Draw1|col5,D,own,1,1,3,1,5,1,5067,4,4,False,2,7,8,5
Michigan4,LS1,Midday,Set3,Draw1,5,col5,Midday|Set3|Draw1|col5,D,own,1,1,3,1,5,2,7,1,1,True,2,7,8,5
Michigan4,LS1,Midday,Set3,Draw1,5,col5,Midday|Set3|Draw1|col5,D,own,1,1,3,1,5,3,7,1,1,True,2,7,8,5
Michigan4,LS1,Midday,Set3,Draw1,5,col5,Midday|Set3|Draw1|col5,D,own,1,1,3,1,5,7,,0,0,False,2,7,8,5
Michigan4,LS1,Midday,Set3,Draw1,5,col5,Midday|Set3|Draw1|col5,D,combined,1,1,3,1,5,0,599013667,9,7,False,2,3,4,4
Michigan4,LS1,Midday,Set3,Draw1,5,col5,Midday|Set3|Draw1|col5,D,combined,1,1,3,1,5,1,5067,4,4,False,2,3,4,4
Michigan4,LS1,Midday,Set3,Draw1,5,col5,Midday|Set3|Draw1|col5,D,combined,1,1,3,1,5,2,50,2,2,True,2,3,4,4
Michigan4,LS1,Midday,Set3,Draw1,5,col5,Midday|Set3|Draw1|col5,D,combined,1,1,3,1,5,3,,0,0,False,2,3,4,4
Michigan4,LS1,Midday,Set3,Draw1,5,col5,Midday|Set3|Draw1|col5,E,own,1,1,3,1,5,0,599013667,9,7,False,2,7,8,6
Michigan4,LS1,Midday,Set3,Draw1,5,col5,Midday|Set3|Draw1|col5,E,own,1,1,3,1,5,1,590667,6,5,False,2,7,8,6
Michigan4,LS1,Midday,Set3,Draw1,5,col5,Midday|Set3|Draw1|col5,E,own,1,1,3,1,5,2,907,3,3,True,2,7,8,6
Michigan4,LS1,Midday,Set3,Draw1,5,col5,Midday|Set3|Draw1|col5,E,own,1,1,3,1,5,3,7,1,1,True,2,7,8,6
Michigan4,LS1,Midday,Set3,Draw1,5,col5,Midday|Set3|Draw1|col5,E,own,1,1,3,1,5,4,7,1,1,True,2,7,8,6
Michigan4,LS1,Midday,Set3,Draw1,5,col5,Midday|Set3|Draw1|col5,E,own,1,1,3,1,5,7,,0,0,False,2,7,8,6
Michigan4,LS1,Midday,Set3,Draw1,5,col5,Midday|Set3|Draw1|col5,E,combined,1,1,3,1,5,0,599013667,9,7,False,2,5,6,6
Michigan4,LS1,Midday,Set3,Draw1,5,col5,Midday|Set3|Draw1|col5,E,combined,1,1,3,1,5,1,590667,6,5,False,2,5,6,6
Michigan4,LS1,Midday,Set3,Draw1,5,col5,Midday|Set3|Draw1|col5,E,combined,1,1,3,1,5,2,590,3,3,True,2,5,6,6
Michigan4,LS1,Midday,Set3,Draw1,5,col5,Midday|Set3|Draw1|col5,E,combined,1,1,3,1,5,3,90,2,2,True,2,5,6,6
Michigan4,LS1,Midday,Set3,Draw1,5,col5,Midday|Set3|Draw1|col5,E,combined,1,1,3,1,5,4,9,1,1,True,2,5,6,6
Michigan4,LS1,Midday,Set3,Draw1,5,col5,Midday|Set3|Draw1|col5,E,combined,1,1,3,1,5,5,,0,0,False,2,5,6,6
Michigan4,LS1,Midday,Set3,Draw1,5,col5,Midday|Set3|Draw1|col5,T,own,1,1,3,1,5,0,599013667,9,7,False,1,3,29,4
Michigan4,LS1,Midday,Set3,Draw1,5,col5,Midday|Set3|Draw1|col5,T,own,1,1,3,1,5,1,507,3,3,True,1,3,29,4
Michigan4,LS1,Midday,Set3,Draw1,5,col5,Midday|Set3|Draw1|col5,T,own,1,1,3,1,5,2,07,2,2,True,1,3,29,4
Michigan4,LS1,Midday,Set3,Draw1,5,col5,Midday|Set3|Draw1|col5,T,own,1,1,3,1,5,3,7,1,1,True,1,3,29,4
Michigan4,LS1,Midday,Set3,Draw1,5,col5,Midday|Set3|Draw1|col5,T,combined,1,1,3,1,5,0,599013667,9,7,False,1,5,6,6
Michigan4,LS1,Midday,Set3,Draw1,5,col5,Midday|Set3|Draw1|col5,T,combined,1,1,3,1,5,1,507,3,3,True,1,5,6,6
Michigan4,LS1,Midday,Set3,Draw1,5,col5,Midday|Set3|Draw1|col5,T,combined,1,1,3,1,5,2,50,2,2,True,1,5,6,6
Michigan4,LS1,Midday,Set3,Draw1,5,col5,Midday|Set3|Draw1|col5,T,combined,1,1,3,1,5,3,0,1,1,True,1,5,6,6
Michigan4,LS1,Midday,Set3,Draw1,5,col5,Midday|Set3|Draw1|col5,T,combined,1,1,3,1,5,4,0,1,1,True,1,5,6,6
Michigan4,LS1,Midday,Set3,Draw1,5,col5,Midday|Set3|Draw1|col5,T,combined,1,1,3,1,5,5,,0,0,False,1,5,6,6
Michigan4,LS1,Midday,Set3,Draw1,4,col4,Midday|Set3|Draw1|col4,A,own,1,1,3,1,4,0,5990667*,8,6,False,2,3,29,4
Michigan4,LS1,Midday,Set3,Draw1,4,col4,Midday|Set3|Draw1|col4,A,own,1,1,3,1,4,1,50667*,6,5,False,2,3,29,4
Michigan4,LS1,Midday,Set3,Draw1,4,col4,Midday|Set3|Draw1|col4,A,own,1,1,3,1,4,2,07*,3,3,True,2,3,29,4
Michigan4,LS1,Midday,Set3,Draw1,4,col4,Midday|Set3|Draw1|col4,A,own,1,1,3,1,4,3,7*,2,2,True,2,3,29,4
Michigan4,LS1,Midday,Set3,Draw1,4,col4,Midday|Set3|Draw1|col4,A,combined,1,1,3,1,4,0,5990667*,8,6,False,3,5,57,6
Michigan4,LS1,Midday,Set3,Draw1,4,col4,Midday|Set3|Draw1|col4,A,combined,1,1,3,1,4,1,50667*,6,5,False,3,5,57,6
Michigan4,LS1,Midday,Set3,Draw1,4,col4,Midday|Set3|Draw1|col4,A,combined,1,1,3,1,4,2,5066*,5,4,False,3,5,57,6
Michigan4,LS1,Midday,Set3,Draw1,4,col4,Midday|Set3|Draw1|col4,A,combined,1,1,3,1,4,3,0*,2,2,True,3,5,57,6
Michigan4,LS1,Midday,Set3,Draw1,4,col4,Midday|Set3|Draw1|col4,A,combined,1,1,3,1,4,4,0*,2,2,True,3,5,57,6
Michigan4,LS1,Midday,Set3,Draw1,4,col4,Midday|Set3|Draw1|col4,A,combined,1,1,3,1,4,5,*,1,1,True,3,5,57,6
Michigan4,LS1,Midday,Set3,Draw1,4,col4,Midday|Set3|Draw1|col4,B,own,1,1,3,1,4,0,5990667*,8,6,False,2,7,29,6
Michigan4,LS1,Midday,Set3,Draw1,4,col4,Midday|Set3|Draw1|col4,B,own,1,1,3,1,4,1,507*,4,4,False,2,7,29,6
Michigan4,LS1,Midday,Set3,Draw1,4,col4,Midday|Set3|Draw1|col4,B,own,1,1,3,1,4,2,07*,3,3,True,2,7,29,6
Michigan4,LS1,Midday,Set3,Draw1,4,col4,Midday|Set3|Draw1|col4,B,own,1,1,3,1,4,3,7*,2,2,True,2,7,29,6
Michigan4,LS1,Midday,Set3,Draw1,4,col4,Midday|Set3|Draw1|col4,B,own,1,1,3,1,4,4,7*,2,2,True,2,7,29,6
Michigan4,LS1,Midday,Set3,Draw1,4,col4,Midday|Set3|Draw1|col4,B,own,1,1,3,1,4,7,*,1,1,True,2,7,29,6
Michigan4,LS1,Midday,Set3,Draw1,4,col4,Midday|Set3|Draw1|col4,B,combined,1,1,3,1,4,0,5990667*,8,6,False,2,4,57,5
Michigan4,LS1,Midday,Set3,Draw1,4,col4,Midday|Set3|Draw1|col4,B,combined,1,1,3,1,4,1,507*,4,4,False,2,4,57,5
Michigan4,LS1,Midday,Set3,Draw1,4,col4,Midday|Set3|Draw1|col4,B,combined,1,1,3,1,4,2,50*,3,3,True,2,4,57,5
Michigan4,LS1,Midday,Set3,Draw1,4,col4,Midday|Set3|Draw1|col4,B,combined,1,1,3,1,4,3,0*,2,2,True,2,4,57,5
Michigan4,LS1,Midday,Set3,Draw1,4,col4,Midday|Set3|Draw1|col4,B,combined,1,1,3,1,4,4,*,1,1,True,2,4,57,5
Michigan4,LS1,Midday,Set3,Draw1,4,col4,Midday|Set3|Draw1|col4,C,own,1,1,3,1,4,0,5990667*,8,6,False,2,7,29,5
Michigan4,LS1,Midday,Set3,Draw1,4,col4,Midday|Set3|Draw1|col4,C,own,1,1,3,1,4,1,507*,4,4,False,2,7,29,5
Michigan4,LS1,Midday,Set3,Draw1,4,col4,Midday|Set3|Draw1|col4,C,own,1,1,3,1,4,2,7*,2,2,True,2,7,29,5
Michigan4,LS1,Midday,Set3,Draw1,4,col4,Midday|Set3|Draw1|col4,C,own,1,1,3,1,4,3,7*,2,2,True,2,7,29,5
Michigan4,LS1,Midday,Set3,Draw1,4,col4,Midday|Set3|Draw1|col4,C,own,1,1,3,1,4,7,*,1,1,True,2,7,29,5
Michigan4,LS1,Midday,Set3,Draw1,4,col4,Midday|Set3|Draw1|col4,C,combined,1,1,3,1,4,0,5990667*,8,6,False,2,3,57,4
Michigan4,LS1,Midday,Set3,Draw1,4,col4,Midday|Set3|Draw1|col4,C,combined,1,1,3,1,4,1,507*,4,4,False,2,3,57,4
Michigan4,LS1,Midday,Set3,Draw1,4,col4,Midday|Set3|Draw1|col4,C,combined,1,1,3,1,4,2,50*,3,3,True,2,3,57,4
Michigan4,LS1,Midday,Set3,Draw1,4,col4,Midday|Set3|Draw1|col4,C,combined,1,1,3,1,4,3,*,1,1,True,2,3,57,4
Michigan4,LS1,Midday,Set3,Draw1,4,col4,Midday|Set3|Draw1|col4,D,own,1,1,3,1,4,0,5990667*,8,6,False,2,7,29,5
Michigan4,LS1,Midday,Set3,Draw1,4,col4,Midday|Set3|Draw1|col4,D,own,1,1,3,1,4,1,5067*,5,5,False,2,7,29,5
Michigan4,LS1,Midday,Set3,Draw1,4,col4,Midday|Set3|Draw1|col4,D,own,1,1,3,1,4,2,7*,2,2,True,2,7,29,5
Michigan4,LS1,Midday,Set3,Draw1,4,col4,Midday|Set3|Draw1|col4,D,own,1,1,3,1,4,3,7*,2,2,True,2,7,29,5
Michigan4,LS1,Midday,Set3,Draw1,4,col4,Midday|Set3|Draw1|col4,D,own,1,1,3,1,4,7,*,1,1,True,2,7,29,5
Michigan4,LS1,Midday,Set3,Draw1,4,col4,Midday|Set3|Draw1|col4,D,combined,1,1,3,1,4,0,5990667*,8,6,False,2,3,57,4
Michigan4,LS1,Midday,Set3,Draw1,4,col4,Midday|Set3|Draw1|col4,D,combined,1,1,3,1,4,1,5067*,5,5,False,2,3,57,4
Michigan4,LS1,Midday,Set3,Draw1,4,col4,Midday|Set3|Draw1|col4,D,combined,1,1,3,1,4,2,50*,3,3,True,2,3,57,4
Michigan4,LS1,Midday,Set3,Draw1,4,col4,Midday|Set3|Draw1|col4,D,combined,1,1,3,1,4,3,*,1,1,True,2,3,57,4
Michigan4,LS1,Midday,Set3,Draw1,4,col4,Midday|Set3|Draw1|col4,E,own,1,1,3,1,4,0,5990667*,8,6,False,3,7,29,6
Michigan4,LS1,Midday,Set3,Draw1,4,col4,Midday|Set3|Draw1|col4,E,own,1,1,3,1,4,1,59067*,6,6,False,3,7,29,6
Michigan4,LS1,Midday,Set3,Draw1,4,col4,Midday|Set3|Draw1|col4,E,own,1,1,3,1,4,2,907*,4,4,False,3,7,29,6
Michigan4,LS1,Midday,Set3,Draw1,4,col4,Midday|Set3|Draw1|col4,E,own,1,1,3,1,4,3,7*,2,2,True,3,7,29,6
Michigan4,LS1,Midday,Set3,Draw1,4,col4,Midday|Set3|Draw1|col4,E,own,1,1,3,1,4,4,7*,2,2,True,3,7,29,6
Michigan4,LS1,Midday,Set3,Draw1,4,col4,Midday|Set3|Draw1|col4,E,own,1,1,3,1,4,7,*,1,1,True,3,7,29,6
Michigan4,LS1,Midday,Set3,Draw1,4,col4,Midday|Set3|Draw1|col4,E,combined,1,1,3,1,4,0,5990667*,8,6,False,3,5,57,6
Michigan4,LS1,Midday,Set3,Draw1,4,col4,Midday|Set3|Draw1|col4,E,combined,1,1,3,1,4,1,59067*,6,6,False,3,5,57,6
Michigan4,LS1,Midday,Set3,Draw1,4,col4,Midday|Set3|Draw1|col4,E,combined,1,1,3,1,4,2,590*,4,4,False,3,5,57,6
Michigan4,LS1,Midday,Set3,Draw1,4,col4,Midday|Set3|Draw1|col4,E,combined,1,1,3,1,4,3,90*,3,3,True,3,5,57,6
Michigan4,LS1,Midday,Set3,Draw1,4,col4,Midday|Set3|Draw1|col4,E,combined,1,1,3,1,4,4,9*,2,2,True,3,5,57,6
Michigan4,LS1,Midday,Set3,Draw1,4,col4,Midday|Set3|Draw1|col4,E,combined,1,1,3,1,4,5,*,1,1,True,3,5,57,6
Michigan4,LS1,Midday,Set3,Draw1,4,col4,Midday|Set3|Draw1|col4,T,own,1,1,3,1,4,0,5990667*,8,6,False,2,3,29,4
Michigan4,LS1,Midday,Set3,Draw1,4,col4,Midday|Set3|Draw1|col4,T,own,1,1,3,1,4,1,507*,4,4,False,2,3,29,4
Michigan4,LS1,Midday,Set3,Draw1,4,col4,Midday|Set3|Draw1|col4,T,own,1,1,3,1,4,2,07*,3,3,True,2,3,29,4
Michigan4,LS1,Midday,Set3,Draw1,4,col4,Midday|Set3|Draw1|col4,T,own,1,1,3,1,4,3,7*,2,2,True,2,3,29,4
Michigan4,LS1,Midday,Set3,Draw1,4,col4,Midday|Set3|Draw1|col4,T,combined,1,1,3,1,4,0,5990667*,8,6,False,2,5,57,6
Michigan4,LS1,Midday,Set3,Draw1,4,col4,Midday|Set3|Draw1|col4,T,combined,1,1,3,1,4,1,507*,4,4,False,2,5,57,6
Michigan4,LS1,Midday,Set3,Draw1,4,col4,Midday|Set3|Draw1|col4,T,combined,1,1,3,1,4,2,50*,3,3,True,2,5,57,6
Michigan4,LS1,Midday,Set3,Draw1,4,col4,Midday|Set3|Draw1|col4,T,combined,1,1,3,1,4,3,0*,2,2,True,2,5,57,6
Michigan4,LS1,Midday,Set3,Draw1,4,col4,Midday|Set3|Draw1|col4,T,combined,1,1,3,1,4,4,0*,2,2,True,2,5,57,6
Michigan4,LS1,Midday,Set3,Draw1,4,col4,Midday|Set3|Draw1|col4,T,combined,1,1,3,1,4,5,*,1,1,True,2,5,57,6
Michigan4,LS1,Midday,Set2,Draw1,7,col7,Midday|Set2|Draw1|col7,A,own,1,1,2,1,7,0,59901386677,11,8,False,2,3,29,4
Michigan4,LS1,Midday,Set2,Draw1,7,col7,Midday|Set2|Draw1|col7,A,own,1,1,2,1,7,1,5086677,7,5,False,2,3,29,4
Michigan4,LS1,Midday,Set2,Draw1,7,col7,Midday|Set2|Draw1|col7,A,own,1,1,2,1,7,2,0877,4,3,True,2,3,29,4
Michigan4,LS1,Midday,Set2,Draw1,7,col7,Midday|Set2|Draw1|col7,A,own,1,1,2,1,7,3,77,2,1,True,2,3,29,4
Michigan4,LS1,Midday,Set2,Draw1,7,col7,Midday|Set2|Draw1|col7,A,combined,1,1,2,1,7,0,59901386677,11,8,False,3,5,6,6
Michigan4,LS1,Midday,Set2,Draw1,7,col7,Midday|Set2|Draw1|col7,A,combined,1,1,2,1,7,1,5086677,7,5,False,3,5,6,6
Michigan4,LS1,Midday,Set2,Draw1,7,col7,Midday|Set2|Draw1|col7,A,combined,1,1,2,1,7,2,50866,5,4,False,3,5,6,6
Michigan4,LS1,Midday,Set2,Draw1,7,col7,Midday|Set2|Draw1|col7,A,combined,1,1,2,1,7,3,08,2,2,True,3,5,6,6
Michigan4,LS1,Midday,Set2,Draw1,7,col7,Midday|Set2|Draw1|col7,A,combined,1,1,2,1,7,4,08,2,2,True,3,5,6,6
Michigan4,LS1,Midday,Set2,Draw1,7,col7,Midday|Set2|Draw1|col7,A,combined,1,1,2,1,7,5,,0,0,False,3,5,6,6
Michigan4,LS1,Midday,Set2,Draw1,7,col7,Midday|Set2|Draw1|col7,B,own,1,1,2,1,7,0,59901386677,11,8,False,2,7,8,6
Michigan4,LS1,Midday,Set2,Draw1,7,col7,Midday|Set2|Draw1|col7,B,own,1,1,2,1,7,1,5086677,7,5,False,2,7,8,6
Michigan4,LS1,Midday,Set2,Draw1,7,col7,Midday|Set2|Draw1|col7,B,own,1,1,2,1,7,2,0877,4,3,True,2,7,8,6
Michigan4,LS1,Midday,Set2,Draw1,7,col7,Midday|Set2|Draw1|col7,B,own,1,1,2,1,7,3,77,2,1,True,2,7,8,6
Michigan4,LS1,Midday,Set2,Draw1,7,col7,Midday|Set2|Draw1|col7,B,own,1,1,2,1,7,4,77,2,1,True,2,7,8,6
Michigan4,LS1,Midday,Set2,Draw1,7,col7,Midday|Set2|Draw1|col7,B,own,1,1,2,1,7,7,,0,0,False,2,7,8,6
Michigan4,LS1,Midday,Set2,Draw1,7,col7,Midday|Set2|Draw1|col7,B,combined,1,1,2,1,7,0,59901386677,11,8,False,2,5,6,6
Michigan4,LS1,Midday,Set2,Draw1,7,col7,Midday|Set2|Draw1|col7,B,combined,1,1,2,1,7,1,5086677,7,5,False,2,5,6,6
Michigan4,LS1,Midday,Set2,Draw1,7,col7,Midday|Set2|Draw1|col7,B,combined,1,1,2,1,7,2,508,3,3,True,2,5,6,6
Michigan4,LS1,Midday,Set2,Draw1,7,col7,Midday|Set2|Draw1|col7,B,combined,1,1,2,1,7,3,08,2,2,True,2,5,6,6
Michigan4,LS1,Midday,Set2,Draw1,7,col7,Midday|Set2|Draw1|col7,B,combined,1,1,2,1,7,4,8,1,1,True,2,5,6,6
Michigan4,LS1,Midday,Set2,Draw1,7,col7,Midday|Set2|Draw1|col7,B,combined,1,1,2,1,7,5,,0,0,False,2,5,6,6
Michigan4,LS1,Midday,Set2,Draw1,7,col7,Midday|Set2|Draw1|col7,C,own,1,1,2,1,7,0,59901386677,11,8,False,1,7,8,5
Michigan4,LS1,Midday,Set2,Draw1,7,col7,Midday|Set2|Draw1|col7,C,own,1,1,2,1,7,1,5077,4,3,True,1,7,8,5
Michigan4,LS1,Midday,Set2,Draw1,7,col7,Midday|Set2|Draw1|col7,C,own,1,1,2,1,7,2,77,2,1,True,1,7,8,5
Michigan4,LS1,Midday,Set2,Draw1,7,col7,Midday|Set2|Draw1|col7,C,own,1,1,2,1,7,3,77,2,1,True,1,7,8,5
Michigan4,LS1,Midday,Set2,Draw1,7,col7,Midday|Set2|Draw1|col7,C,own,1,1,2,1,7,7,,0,0,False,1,7,8,5
Michigan4,LS1,Midday,Set2,Draw1,7,col7,Midday|Set2|Draw1|col7,C,combined,1,1,2,1,7,0,59901386677,11,8,False,1,3,4,4
Michigan4,LS1,Midday,Set2,Draw1,7,col7,Midday|Set2|Draw1|col7,C,combined,1,1,2,1,7,1,5077,4,3,True,1,3,4,4
Michigan4,LS1,Midday,Set2,Draw1,7,col7,Midday|Set2|Draw1|col7,C,combined,1,1,2,1,7,2,50,2,2,True,1,3,4,4
Michigan4,LS1,Midday,Set2,Draw1,7,col7,Midday|Set2|Draw1|col7,C,combined,1,1,2,1,7,3,,0,0,False,1,3,4,4
Michigan4,LS1,Midday,Set2,Draw1,7,col7,Midday|Set2|Draw1|col7,D,own,1,1,2,1,7,0,59901386677,11,8,False,2,7,29,5
Michigan4,LS1,Midday,Set2,Draw1,7,col7,Midday|Set2|Draw1|col7,D,own,1,1,2,1,7,1,50677,5,4,False,2,7,29,5
Michigan4,LS1,Midday,Set2,Draw1,7,col7,Midday|Set2|Draw1|col7,D,own,1,1,2,1,7,2,77,2,1,True,2,7,29,5
Michigan4,LS1,Midday,Set2,Draw1,7,col7,Midday|Set2|Draw1|col7,D,own,1,1,2,1,7,3,77,2,1,True,2,7,29,5
Michigan4,LS1,Midday,Set2,Draw1,7,col7,Midday|Set2|Draw1|col7,D,own,1,1,2,1,7,7,7,1,1,True,2,7,29,5
Michigan4,LS1,Midday,Set2,Draw1,7,col7,Midday|Set2|Draw1|col7,D,combined,1,1,2,1,7,0,59901386677,11,8,False,2,3,4,4
Michigan4,LS1,Midday,Set2,Draw1,7,col7,Midday|Set2|Draw1|col7,D,combined,1,1,2,1,7,1,50677,5,4,False,2,3,4,4
Michigan4,LS1,Midday,Set2,Draw1,7,col7,Midday|Set2|Draw1|col7,D,combined,1,1,2,1,7,2,50,2,2,True,2,3,4,4
Michigan4,LS1,Midday,Set2,Draw1,7,col7,Midday|Set2|Draw1|col7,D,combined,1,1,2,1,7,3,,0,0,False,2,3,4,4
Michigan4,LS1,Midday,Set2,Draw1,7,col7,Midday|Set2|Draw1|col7,E,own,1,1,2,1,7,0,59901386677,11,8,False,3,7,29,6
Michigan4,LS1,Midday,Set2,Draw1,7,col7,Midday|Set2|Draw1|col7,E,own,1,1,2,1,7,1,59086677,8,6,False,3,7,29,6
Michigan4,LS1,Midday,Set2,Draw1,7,col7,Midday|Set2|Draw1|col7,E,own,1,1,2,1,7,2,90877,5,4,False,3,7,29,6
Michigan4,LS1,Midday,Set2,Draw1,7,col7,Midday|Set2|Draw1|col7,E,own,1,1,2,1,7,3,77,2,1,True,3,7,29,6
Michigan4,LS1,Midday,Set2,Draw1,7,col7,Midday|Set2|Draw1|col7,E,own,1,1,2,1,7,4,77,2,1,True,3,7,29,6
Michigan4,LS1,Midday,Set2,Draw1,7,col7,Midday|Set2|Draw1|col7,E,own,1,1,2,1,7,7,7,1,1,True,3,7,29,6
Michigan4,LS1,Midday,Set2,Draw1,7,col7,Midday|Set2|Draw1|col7,E,combined,1,1,2,1,7,0,59901386677,11,8,False,4,6,7,7
Michigan4,LS1,Midday,Set2,Draw1,7,col7,Midday|Set2|Draw1|col7,E,combined,1,1,2,1,7,1,59086677,8,6,False,4,6,7,7
Michigan4,LS1,Midday,Set2,Draw1,7,col7,Midday|Set2|Draw1|col7,E,combined,1,1,2,1,7,2,59087,5,5,False,4,6,7,7
Michigan4,LS1,Midday,Set2,Draw1,7,col7,Midday|Set2|Draw1|col7,E,combined,1,1,2,1,7,3,9087,4,4,False,4,6,7,7
Michigan4,LS1,Midday,Set2,Draw1,7,col7,Midday|Set2|Draw1|col7,E,combined,1,1,2,1,7,4,987,3,3,True,4,6,7,7
Michigan4,LS1,Midday,Set2,Draw1,7,col7,Midday|Set2|Draw1|col7,E,combined,1,1,2,1,7,5,7,1,1,True,4,6,7,7
Michigan4,LS1,Midday,Set2,Draw1,7,col7,Midday|Set2|Draw1|col7,E,combined,1,1,2,1,7,6,,0,0,False,4,6,7,7
Michigan4,LS1,Midday,Set2,Draw1,7,col7,Midday|Set2|Draw1|col7,T,own,1,1,2,1,7,0,59901386677,11,8,False,1,3,29,4
Michigan4,LS1,Midday,Set2,Draw1,7,col7,Midday|Set2|Draw1|col7,T,own,1,1,2,1,7,1,5077,4,3,True,1,3,29,4
Michigan4,LS1,Midday,Set2,Draw1,7,col7,Midday|Set2|Draw1|col7,T,own,1,1,2,1,7,2,077,3,2,True,1,3,29,4
Michigan4,LS1,Midday,Set2,Draw1,7,col7,Midday|Set2|Draw1|col7,T,own,1,1,2,1,7,3,77,2,1,True,1,3,29,4
Michigan4,LS1,Midday,Set2,Draw1,7,col7,Midday|Set2|Draw1|col7,T,combined,1,1,2,1,7,0,59901386677,11,8,False,1,5,6,6
Michigan4,LS1,Midday,Set2,Draw1,7,col7,Midday|Set2|Draw1|col7,T,combined,1,1,2,1,7,1,5077,4,3,True,1,5,6,6
Michigan4,LS1,Midday,Set2,Draw1,7,col7,Midday|Set2|Draw1|col7,T,combined,1,1,2,1,7,2,50,2,2,True,1,5,6,6
Michigan4,LS1,Midday,Set2,Draw1,7,col7,Midday|Set2|Draw1|col7,T,combined,1,1,2,1,7,3,0,1,1,True,1,5,6,6
Michigan4,LS1,Midday,Set2,Draw1,7,col7,Midday|Set2|Draw1|col7,T,combined,1,1,2,1,7,4,0,1,1,True,1,5,6,6
Michigan4,LS1,Midday,Set2,Draw1,7,col7,Midday|Set2|Draw1|col7,T,combined,1,1,2,1,7,5,,0,0,False,1,5,6,6
Michigan4,LS1,Midday,Set2,Draw1,6,col6,Midday|Set2|Draw1|col6,A,own,1,1,2,1,6,0,5990136677,10,7,False,2,3,29,4
Michigan4,LS1,Midday,Set2,Draw1,6,col6,Midday|Set2|Draw1|col6,A,own,1,1,2,1,6,1,506677,6,4,False,2,3,29,4
Michigan4,LS1,Midday,Set2,Draw1,6,col6,Midday|Set2|Draw1|col6,A,own,1,1,2,1,6,2,077,3,2,True,2,3,29,4
Michigan4,LS1,Midday,Set2,Draw1,6,col6,Midday|Set2|Draw1|col6,A,own,1,1,2,1,6,3,77,2,1,True,2,3,29,4
Michigan4,LS1,Midday,Set2,Draw1,6,col6,Midday|Set2|Draw1|col6,A,combined,1,1,2,1,6,0,5990136677,10,7,False,2,5,6,6
Michigan4,LS1,Midday,Set2,Draw1,6,col6,Midday|Set2|Draw1|col6,A,combined,1,1,2,1,6,1,506677,6,4,False,2,5,6,6
Michigan4,LS1,Midday,Set2,Draw1,6,col6,Midday|Set2|Draw1|col6,A,combined,1,1,2,1,6,2,5066,4,3,True,2,5,6,6
Michigan4,LS1,Midday,Set2,Draw1,6,col6,Midday|Set2|Draw1|col6,A,combined,1,1,2,1,6,3,0,1,1,True,2,5,6,6
Michigan4,LS1,Midday,Set2,Draw1,6,col6,Midday|Set2|Draw1|col6,A,combined,1,1,2,1,6,4,0,1,1,True,2,5,6,6
Michigan4,LS1,Midday,Set2,Draw1,6,col6,Midday|Set2|Draw1|col6,A,combined,1,1,2,1,6,5,,0,0,False,2,5,6,6
Michigan4,LS1,Midday,Set2,Draw1,6,col6,Midday|Set2|Draw1|col6,B,own,1,1,2,1,6,0,5990136677,10,7,False,2,7,8,6
Michigan4,LS1,Midday,Set2,Draw1,6,col6,Midday|Set2|Draw1|col6,B,own,1,1,2,1,6,1,506677,6,4,False,2,7,8,6
Michigan4,LS1,Midday,Set2,Draw1,6,col6,Midday|Set2|Draw1|col6,B,own,1,1,2,1,6,2,077,3,2,True,2,7,8,6
Michigan4,LS1,Midday,Set2,Draw1,6,col6,Midday|Set2|Draw1|col6,B,own,1,1,2,1,6,3,77,2,1,True,2,7,8,6
Michigan4,LS1,Midday,Set2,Draw1,6,col6,Midday|Set2|Draw1|col6,B,own,1,1,2,1,6,4,77,2,1,True,2,7,8,6
Michigan4,LS1,Midday,Set2,Draw1,6,col6,Midday|Set2|Draw1|col6,B,own,1,1,2,1,6,7,,0,0,False,2,7,8,6
Michigan4,LS1,Midday,Set2,Draw1,6,col6,Midday|Set2|Draw1|col6,B,combined,1,1,2,1,6,0,5990136677,10,7,False,2,4,5,5
Michigan4,LS1,Midday,Set2,Draw1,6,col6,Midday|Set2|Draw1|col6,B,combined,1,1,2,1,6,1,506677,6,4,False,2,4,5,5
Michigan4,LS1,Midday,Set2,Draw1,6,col6,Midday|Set2|Draw1|col6,B,combined,1,1,2,1,6,2,50,2,2,True,2,4,5,5
Michigan4,LS1,Midday,Set2,Draw1,6,col6,Midday|Set2|Draw1|col6,B,combined,1,1,2,1,6,3,0,1,1,True,2,4,5,5
Michigan4,LS1,Midday,Set2,Draw1,6,col6,Midday|Set2|Draw1|col6,B,combined,1,1,2,1,6,4,,0,0,False,2,4,5,5
Michigan4,LS1,Midday,Set2,Draw1,6,col6,Midday|Set2|Draw1|col6,C,own,1,1,2,1,6,0,5990136677,10,7,False,1,7,8,5
Michigan4,LS1,Midday,Set2,Draw1,6,col6,Midday|Set2|Draw1|col6,C,own,1,1,2,1,6,1,5077,4,3,True,1,7,8,5
Michigan4,LS1,Midday,Set2,Draw1,6,col6,Midday|Set2|Draw1|col6,C,own,1,1,2,1,6,2,77,2,1,True,1,7,8,5
Michigan4,LS1,Midday,Set2,Draw1,6,col6,Midday|Set2|Draw1|col6,C,own,1,1,2,1,6,3,77,2,1,True,1,7,8,5
Michigan4,LS1,Midday,Set2,Draw1,6,col6,Midday|Set2|Draw1|col6,C,own,1,1,2,1,6,7,,0,0,False,1,7,8,5
Michigan4,LS1,Midday,Set2,Draw1,6,col6,Midday|Set2|Draw1|col6,C,combined,1,1,2,1,6,0,5990136677,10,7,False,1,3,4,4
Michigan4,LS1,Midday,Set2,Draw1,6,col6,Midday|Set2|Draw1|col6,C,combined,1,1,2,1,6,1,5077,4,3,True,1,3,4,4
Michigan4,LS1,Midday,Set2,Draw1,6,col6,Midday|Set2|Draw1|col6,C,combined,1,1,2,1,6,2,50,2,2,True,1,3,4,4
Michigan4,LS1,Midday,Set2,Draw1,6,col6,Midday|Set2|Draw1|col6,C,combined,1,1,2,1,6,3,,0,0,False,1,3,4,4
Michigan4,LS1,Midday,Set2,Draw1,6,col6,Midday|Set2|Draw1|col6,D,own,1,1,2,1,6,0,5990136677,10,7,False,2,7,29,5
Michigan4,LS1,Midday,Set2,Draw1,6,col6,Midday|Set2|Draw1|col6,D,own,1,1,2,1,6,1,50677,5,4,False,2,7,29,5
Michigan4,LS1,Midday,Set2,Draw1,6,col6,Midday|Set2|Draw1|col6,D,own,1,1,2,1,6,2,77,2,1,True,2,7,29,5
Michigan4,LS1,Midday,Set2,Draw1,6,col6,Midday|Set2|Draw1|col6,D,own,1,1,2,1,6,3,77,2,1,True,2,7,29,5
Michigan4,LS1,Midday,Set2,Draw1,6,col6,Midday|Set2|Draw1|col6,D,own,1,1,2,1,6,7,7,1,1,True,2,7,29,5
Michigan4,LS1,Midday,Set2,Draw1,6,col6,Midday|Set2|Draw1|col6,D,combined,1,1,2,1,6,0,5990136677,10,7,False,2,3,4,4
Michigan4,LS1,Midday,Set2,Draw1,6,col6,Midday|Set2|Draw1|col6,D,combined,1,1,2,1,6,1,50677,5,4,False,2,3,4,4
Michigan4,LS1,Midday,Set2,Draw1,6,col6,Midday|Set2|Draw1|col6,D,combined,1,1,2,1,6,2,50,2,2,True,2,3,4,4
Michigan4,LS1,Midday,Set2,Draw1,6,col6,Midday|Set2|Draw1|col6,D,combined,1,1,2,1,6,3,,0,0,False,2,3,4,4
Michigan4,LS1,Midday,Set2,Draw1,6,col6,Midday|Set2|Draw1|col6,E,own,1,1,2,1,6,0,5990136677,10,7,False,2,7,29,6
Michigan4,LS1,Midday,Set2,Draw1,6,col6,Midday|Set2|Draw1|col6,E,own,1,1,2,1,6,1,5906677,7,5,False,2,7,29,6
Michigan4,LS1,Midday,Set2,Draw1,6,col6,Midday|Set2|Draw1|col6,E,own,1,1,2,1,6,2,9077,4,3,True,2,7,29,6
Michigan4,LS1,Midday,Set2,Draw1,6,col6,Midday|Set2|Draw1|col6,E,own,1,1,2,1,6,3,77,2,1,True,2,7,29,6
Michigan4,LS1,Midday,Set2,Draw1,6,col6,Midday|Set2|Draw1|col6,E,own,1,1,2,1,6,4,77,2,1,True,2,7,29,6
Michigan4,LS1,Midday,Set2,Draw1,6,col6,Midday|Set2|Draw1|col6,E,own,1,1,2,1,6,7,7,1,1,True,2,7,29,6
Michigan4,LS1,Midday,Set2,Draw1,6,col6,Midday|Set2|Draw1|col6,E,combined,1,1,2,1,6,0,5990136677,10,7,False,3,6,7,7
Michigan4,LS1,Midday,Set2,Draw1,6,col6,Midday|Set2|Draw1|col6,E,combined,1,1,2,1,6,1,5906677,7,5,False,3,6,7,7
Michigan4,LS1,Midday,Set2,Draw1,6,col6,Midday|Set2|Draw1|col6,E,combined,1,1,2,1,6,2,5907,4,4,False,3,6,7,7
Michigan4,LS1,Midday,Set2,Draw1,6,col6,Midday|Set2|Draw1|col6,E,combined,1,1,2,1,6,3,907,3,3,True,3,6,7,7
Michigan4,LS1,Midday,Set2,Draw1,6,col6,Midday|Set2|Draw1|col6,E,combined,1,1,2,1,6,4,97,2,2,True,3,6,7,7
Michigan4,LS1,Midday,Set2,Draw1,6,col6,Midday|Set2|Draw1|col6,E,combined,1,1,2,1,6,5,7,1,1,True,3,6,7,7
Michigan4,LS1,Midday,Set2,Draw1,6,col6,Midday|Set2|Draw1|col6,E,combined,1,1,2,1,6,6,,0,0,False,3,6,7,7
Michigan4,LS1,Midday,Set2,Draw1,6,col6,Midday|Set2|Draw1|col6,T,own,1,1,2,1,6,0,5990136677,10,7,False,1,3,29,4
Michigan4,LS1,Midday,Set2,Draw1,6,col6,Midday|Set2|Draw1|col6,T,own,1,1,2,1,6,1,5077,4,3,True,1,3,29,4
Michigan4,LS1,Midday,Set2,Draw1,6,col6,Midday|Set2|Draw1|col6,T,own,1,1,2,1,6,2,077,3,2,True,1,3,29,4
Michigan4,LS1,Midday,Set2,Draw1,6,col6,Midday|Set2|Draw1|col6,T,own,1,1,2,1,6,3,77,2,1,True,1,3,29,4
Michigan4,LS1,Midday,Set2,Draw1,6,col6,Midday|Set2|Draw1|col6,T,combined,1,1,2,1,6,0,5990136677,10,7,False,1,5,6,6
Michigan4,LS1,Midday,Set2,Draw1,6,col6,Midday|Set2|Draw1|col6,T,combined,1,1,2,1,6,1,5077,4,3,True,1,5,6,6
Michigan4,LS1,Midday,Set2,Draw1,6,col6,Midday|Set2|Draw1|col6,T,combined,1,1,2,1,6,2,50,2,2,True,1,5,6,6
Michigan4,LS1,Midday,Set2,Draw1,6,col6,Midday|Set2|Draw1|col6,T,combined,1,1,2,1,6,3,0,1,1,True,1,5,6,6
Michigan4,LS1,Midday,Set2,Draw1,6,col6,Midday|Set2|Draw1|col6,T,combined,1,1,2,1,6,4,0,1,1,True,1,5,6,6
Michigan4,LS1,Midday,Set2,Draw1,6,col6,Midday|Set2|Draw1|col6,T,combined,1,1,2,1,6,5,,0,0,False,1,5,6,6
Michigan4,LS1,Midday,Set2,Draw1,5,col5,Midday|Set2|Draw1|col5,A,own,1,1,2,1,5,0,59906677,8,5,False,2,3,29,4
Michigan4,LS1,Midday,Set2,Draw1,5,col5,Midday|Set2|Draw1|col5,A,own,1,1,2,1,5,1,506677,6,4,False,2,3,29,4
Michigan4,LS1,Midday,Set2,Draw1,5,col5,Midday|Set2|Draw1|col5,A,own,1,1,2,1,5,2,077,3,2,True,2,3,29,4
Michigan4,LS1,Midday,Set2,Draw1,5,col5,Midday|Set2|Draw1|col5,A,own,1,1,2,1,5,3,77,2,1,True,2,3,29,4
Michigan4,LS1,Midday,Set2,Draw1,5,col5,Midday|Set2|Draw1|col5,A,combined,1,1,2,1,5,0,59906677,8,5,False,2,5,6,6
Michigan4,LS1,Midday,Set2,Draw1,5,col5,Midday|Set2|Draw1|col5,A,combined,1,1,2,1,5,1,506677,6,4,False,2,5,6,6
Michigan4,LS1,Midday,Set2,Draw1,5,col5,Midday|Set2|Draw1|col5,A,combined,1,1,2,1,5,2,5066,4,3,True,2,5,6,6
Michigan4,LS1,Midday,Set2,Draw1,5,col5,Midday|Set2|Draw1|col5,A,combined,1,1,2,1,5,3,0,1,1,True,2,5,6,6
Michigan4,LS1,Midday,Set2,Draw1,5,col5,Midday|Set2|Draw1|col5,A,combined,1,1,2,1,5,4,0,1,1,True,2,5,6,6
Michigan4,LS1,Midday,Set2,Draw1,5,col5,Midday|Set2|Draw1|col5,A,combined,1,1,2,1,5,5,,0,0,False,2,5,6,6
Michigan4,LS1,Midday,Set2,Draw1,5,col5,Midday|Set2|Draw1|col5,B,own,1,1,2,1,5,0,59906677,8,5,False,1,7,8,6
Michigan4,LS1,Midday,Set2,Draw1,5,col5,Midday|Set2|Draw1|col5,B,own,1,1,2,1,5,1,5077,4,3,True,1,7,8,6
Michigan4,LS1,Midday,Set2,Draw1,5,col5,Midday|Set2|Draw1|col5,B,own,1,1,2,1,5,2,077,3,2,True,1,7,8,6
Michigan4,LS1,Midday,Set2,Draw1,5,col5,Midday|Set2|Draw1|col5,B,own,1,1,2,1,5,3,77,2,1,True,1,7,8,6
Michigan4,LS1,Midday,Set2,Draw1,5,col5,Midday|Set2|Draw1|col5,B,own,1,1,2,1,5,4,77,2,1,True,1,7,8,6
Michigan4,LS1,Midday,Set2,Draw1,5,col5,Midday|Set2|Draw1|col5,B,own,1,1,2,1,5,7,,0,0,False,1,7,8,6
Michigan4,LS1,Midday,Set2,Draw1,5,col5,Midday|Set2|Draw1|col5,B,combined,1,1,2,1,5,0,59906677,8,5,False,1,4,5,5
Michigan4,LS1,Midday,Set2,Draw1,5,col5,Midday|Set2|Draw1|col5,B,combined,1,1,2,1,5,1,5077,4,3,True,1,4,5,5
Michigan4,LS1,Midday,Set2,Draw1,5,col5,Midday|Set2|Draw1|col5,B,combined,1,1,2,1,5,2,50,2,2,True,1,4,5,5
Michigan4,LS1,Midday,Set2,Draw1,5,col5,Midday|Set2|Draw1|col5,B,combined,1,1,2,1,5,3,0,1,1,True,1,4,5,5
Michigan4,LS1,Midday,Set2,Draw1,5,col5,Midday|Set2|Draw1|col5,B,combined,1,1,2,1,5,4,,0,0,False,1,4,5,5
Michigan4,LS1,Midday,Set2,Draw1,5,col5,Midday|Set2|Draw1|col5,C,own,1,1,2,1,5,0,59906677,8,5,False,1,7,8,5
Michigan4,LS1,Midday,Set2,Draw1,5,col5,Midday|Set2|Draw1|col5,C,own,1,1,2,1,5,1,5077,4,3,True,1,7,8,5
Michigan4,LS1,Midday,Set2,Draw1,5,col5,Midday|Set2|Draw1|col5,C,own,1,1,2,1,5,2,77,2,1,True,1,7,8,5
Michigan4,LS1,Midday,Set2,Draw1,5,col5,Midday|Set2|Draw1|col5,C,own,1,1,2,1,5,3,77,2,1,True,1,7,8,5
Michigan4,LS1,Midday,Set2,Draw1,5,col5,Midday|Set2|Draw1|col5,C,own,1,1,2,1,5,7,,0,0,False,1,7,8,5
Michigan4,LS1,Midday,Set2,Draw1,5,col5,Midday|Set2|Draw1|col5,C,combined,1,1,2,1,5,0,59906677,8,5,False,1,3,4,4
Michigan4,LS1,Midday,Set2,Draw1,5,col5,Midday|Set2|Draw1|col5,C,combined,1,1,2,1,5,1,5077,4,3,True,1,3,4,4
Michigan4,LS1,Midday,Set2,Draw1,5,col5,Midday|Set2|Draw1|col5,C,combined,1,1,2,1,5,2,50,2,2,True,1,3,4,4
Michigan4,LS1,Midday,Set2,Draw1,5,col5,Midday|Set2|Draw1|col5,C,combined,1,1,2,1,5,3,,0,0,False,1,3,4,4
Michigan4,LS1,Midday,Set2,Draw1,5,col5,Midday|Set2|Draw1|col5,D,own,1,1,2,1,5,0,59906677,8,5,False,2,7,29,5
Michigan4,LS1,Midday,Set2,Draw1,5,col5,Midday|Set2|Draw1|col5,D,own,1,1,2,1,5,1,50677,5,4,False,2,7,29,5
Michigan4,LS1,Midday,Set2,Draw1,5,col5,Midday|Set2|Draw1|col5,D,own,1,1,2,1,5,2,77,2,1,True,2,7,29,5
Michigan4,LS1,Midday,Set2,Draw1,5,col5,Midday|Set2|Draw1|col5,D,own,1,1,2,1,5,3,77,2,1,True,2,7,29,5
Michigan4,LS1,Midday,Set2,Draw1,5,col5,Midday|Set2|Draw1|col5,D,own,1,1,2,1,5,7,7,1,1,True,2,7,29,5
Michigan4,LS1,Midday,Set2,Draw1,5,col5,Midday|Set2|Draw1|col5,D,combined,1,1,2,1,5,0,59906677,8,5,False,2,3,4,4
Michigan4,LS1,Midday,Set2,Draw1,5,col5,Midday|Set2|Draw1|col5,D,combined,1,1,2,1,5,1,50677,5,4,False,2,3,4,4
Michigan4,LS1,Midday,Set2,Draw1,5,col5,Midday|Set2|Draw1|col5,D,combined,1,1,2,1,5,2,50,2,2,True,2,3,4,4
Michigan4,LS1,Midday,Set2,Draw1,5,col5,Midday|Set2|Draw1|col5,D,combined,1,1,2,1,5,3,,0,0,False,2,3,4,4
Michigan4,LS1,Midday,Set2,Draw1,5,col5,Midday|Set2|Draw1|col5,E,own,1,1,2,1,5,0,59906677,8,5,False,2,7,29,6
Michigan4,LS1,Midday,Set2,Draw1,5,col5,Midday|Set2|Draw1|col5,E,own,1,1,2,1,5,1,590677,6,5,False,2,7,29,6
Michigan4,LS1,Midday,Set2,Draw1,5,col5,Midday|Set2|Draw1|col5,E,own,1,1,2,1,5,2,9077,4,3,True,2,7,29,6
Michigan4,LS1,Midday,Set2,Draw1,5,col5,Midday|Set2|Draw1|col5,E,own,1,1,2,1,5,3,77,2,1,True,2,7,29,6
Michigan4,LS1,Midday,Set2,Draw1,5,col5,Midday|Set2|Draw1|col5,E,own,1,1,2,1,5,4,77,2,1,True,2,7,29,6
Michigan4,LS1,Midday,Set2,Draw1,5,col5,Midday|Set2|Draw1|col5,E,own,1,1,2,1,5,7,7,1,1,True,2,7,29,6
Michigan4,LS1,Midday,Set2,Draw1,5,col5,Midday|Set2|Draw1|col5,E,combined,1,1,2,1,5,0,59906677,8,5,False,3,6,7,7
Michigan4,LS1,Midday,Set2,Draw1,5,col5,Midday|Set2|Draw1|col5,E,combined,1,1,2,1,5,1,590677,6,5,False,3,6,7,7
Michigan4,LS1,Midday,Set2,Draw1,5,col5,Midday|Set2|Draw1|col5,E,combined,1,1,2,1,5,2,5907,4,4,False,3,6,7,7
Michigan4,LS1,Midday,Set2,Draw1,5,col5,Midday|Set2|Draw1|col5,E,combined,1,1,2,1,5,3,907,3,3,True,3,6,7,7
Michigan4,LS1,Midday,Set2,Draw1,5,col5,Midday|Set2|Draw1|col5,E,combined,1,1,2,1,5,4,97,2,2,True,3,6,7,7
Michigan4,LS1,Midday,Set2,Draw1,5,col5,Midday|Set2|Draw1|col5,E,combined,1,1,2,1,5,5,7,1,1,True,3,6,7,7
Michigan4,LS1,Midday,Set2,Draw1,5,col5,Midday|Set2|Draw1|col5,E,combined,1,1,2,1,5,6,,0,0,False,3,6,7,7
Michigan4,LS1,Midday,Set2,Draw1,5,col5,Midday|Set2|Draw1|col5,T,own,1,1,2,1,5,0,59906677,8,5,False,1,3,29,4
Michigan4,LS1,Midday,Set2,Draw1,5,col5,Midday|Set2|Draw1|col5,T,own,1,1,2,1,5,1,5077,4,3,True,1,3,29,4
Michigan4,LS1,Midday,Set2,Draw1,5,col5,Midday|Set2|Draw1|col5,T,own,1,1,2,1,5,2,077,3,2,True,1,3,29,4
Michigan4,LS1,Midday,Set2,Draw1,5,col5,Midday|Set2|Draw1|col5,T,own,1,1,2,1,5,3,77,2,1,True,1,3,29,4
Michigan4,LS1,Midday,Set2,Draw1,5,col5,Midday|Set2|Draw1|col5,T,combined,1,1,2,1,5,0,59906677,8,5,False,1,5,6,6
Michigan4,LS1,Midday,Set2,Draw1,5,col5,Midday|Set2|Draw1|col5,T,combined,1,1,2,1,5,1,5077,4,3,True,1,5,6,6
Michigan4,LS1,Midday,Set2,Draw1,5,col5,Midday|Set2|Draw1|col5,T,combined,1,1,2,1,5,2,50,2,2,True,1,5,6,6
Michigan4,LS1,Midday,Set2,Draw1,5,col5,Midday|Set2|Draw1|col5,T,combined,1,1,2,1,5,3,0,1,1,True,1,5,6,6
Michigan4,LS1,Midday,Set2,Draw1,5,col5,Midday|Set2|Draw1|col5,T,combined,1,1,2,1,5,4,0,1,1,True,1,5,6,6
Michigan4,LS1,Midday,Set2,Draw1,5,col5,Midday|Set2|Draw1|col5,T,combined,1,1,2,1,5,5,,0,0,False,1,5,6,6
Michigan4,LS1,Midday,Set2,Draw1,4,col4,Midday|Set2|Draw1|col4,A,own,1,1,2,1,4,0,596677*,7,5,False,2,2,29,3
Michigan4,LS1,Midday,Set2,Draw1,4,col4,Midday|Set2|Draw1|col4,A,own,1,1,2,1,4,1,56677*,6,4,False,2,2,29,3
Michigan4,LS1,Midday,Set2,Draw1,4,col4,Midday|Set2|Draw1|col4,A,own,1,1,2,1,4,2,77*,3,2,True,2,2,29,3
Michigan4,LS1,Midday,Set2,Draw1,4,col4,Midday|Set2|Draw1|col4,A,combined,1,1,2,1,4,0,596677*,7,5,False,2,3,57,4
Michigan4,LS1,Midday,Set2,Draw1,4,col4,Midday|Set2|Draw1|col4,A,combined,1,1,2,1,4,1,56677*,6,4,False,2,3,57,4
Michigan4,LS1,Midday,Set2,Draw1,4,col4,Midday|Set2|Draw1|col4,A,combined,1,1,2,1,4,2,566*,4,3,True,2,3,57,4
Michigan4,LS1,Midday,Set2,Draw1,4,col4,Midday|Set2|Draw1|col4,A,combined,1,1,2,1,4,3,*,1,1,True,2,3,57,4
Michigan4,LS1,Midday,Set2,Draw1,4,col4,Midday|Set2|Draw1|col4,B,own,1,1,2,1,4,0,596677*,7,5,False,1,7,29,5
Michigan4,LS1,Midday,Set2,Draw1,4,col4,Midday|Set2|Draw1|col4,B,own,1,1,2,1,4,1,577*,4,3,True,1,7,29,5
Michigan4,LS1,Midday,Set2,Draw1,4,col4,Midday|Set2|Draw1|col4,B,own,1,1,2,1,4,2,77*,3,2,True,1,7,29,5
Michigan4,LS1,Midday,Set2,Draw1,4,col4,Midday|Set2|Draw1|col4,B,own,1,1,2,1,4,3,77*,3,2,True,1,7,29,5
Michigan4,LS1,Midday,Set2,Draw1,4,col4,Midday|Set2|Draw1|col4,B,own,1,1,2,1,4,7,*,1,1,True,1,7,29,5
Michigan4,LS1,Midday,Set2,Draw1,4,col4,Midday|Set2|Draw1|col4,B,combined,1,1,2,1,4,0,596677*,7,5,False,1,3,57,4
Michigan4,LS1,Midday,Set2,Draw1,4,col4,Midday|Set2|Draw1|col4,B,combined,1,1,2,1,4,1,577*,4,3,True,1,3,57,4
Michigan4,LS1,Midday,Set2,Draw1,4,col4,Midday|Set2|Draw1|col4,B,combined,1,1,2,1,4,2,5*,2,2,True,1,3,57,4
Michigan4,LS1,Midday,Set2,Draw1,4,col4,Midday|Set2|Draw1|col4,B,combined,1,1,2,1,4,3,*,1,1,True,1,3,57,4
Michigan4,LS1,Midday,Set2,Draw1,4,col4,Midday|Set2|Draw1|col4,C,own,1,1,2,1,4,0,596677*,7,5,False,1,7,29,5
Michigan4,LS1,Midday,Set2,Draw1,4,col4,Midday|Set2|Draw1|col4,C,own,1,1,2,1,4,1,577*,4,3,True,1,7,29,5
Michigan4,LS1,Midday,Set2,Draw1,4,col4,Midday|Set2|Draw1|col4,C,own,1,1,2,1,4,2,77*,3,2,True,1,7,29,5
Michigan4,LS1,Midday,Set2,Draw1,4,col4,Midday|Set2|Draw1|col4,C,own,1,1,2,1,4,3,77*,3,2,True,1,7,29,5
Michigan4,LS1,Midday,Set2,Draw1,4,col4,Midday|Set2|Draw1|col4,C,own,1,1,2,1,4,7,*,1,1,True,1,7,29,5
Michigan4,LS1,Midday,Set2,Draw1,4,col4,Midday|Set2|Draw1|col4,C,combined,1,1,2,1,4,0,596677*,7,5,False,1,3,57,4
Michigan4,LS1,Midday,Set2,Draw1,4,col4,Midday|Set2|Draw1|col4,C,combined,1,1,2,1,4,1,577*,4,3,True,1,3,57,4
Michigan4,LS1,Midday,Set2,Draw1,4,col4,Midday|Set2|Draw1|col4,C,combined,1,1,2,1,4,2,5*,2,2,True,1,3,57,4
Michigan4,LS1,Midday,Set2,Draw1,4,col4,Midday|Set2|Draw1|col4,C,combined,1,1,2,1,4,3,*,1,1,True,1,3,57,4
Michigan4,LS1,Midday,Set2,Draw1,4,col4,Midday|Set2|Draw1|col4,D,own,1,1,2,1,4,0,596677*,7,5,False,2,7,29,5
Michigan4,LS1,Midday,Set2,Draw1,4,col4,Midday|Set2|Draw1|col4,D,own,1,1,2,1,4,1,5677*,5,4,False,2,7,29,5
Michigan4,LS1,Midday,Set2,Draw1,4,col4,Midday|Set2|Draw1|col4,D,own,1,1,2,1,4,2,77*,3,2,True,2,7,29,5
Michigan4,LS1,Midday,Set2,Draw1,4,col4,Midday|Set2|Draw1|col4,D,own,1,1,2,1,4,3,77*,3,2,True,2,7,29,5
Michigan4,LS1,Midday,Set2,Draw1,4,col4,Midday|Set2|Draw1|col4,D,own,1,1,2,1,4,7,7*,2,2,True,2,7,29,5
Michigan4,LS1,Midday,Set2,Draw1,4,col4,Midday|Set2|Draw1|col4,D,combined,1,1,2,1,4,0,596677*,7,5,False,2,3,57,4
Michigan4,LS1,Midday,Set2,Draw1,4,col4,Midday|Set2|Draw1|col4,D,combined,1,1,2,1,4,1,5677*,5,4,False,2,3,57,4
Michigan4,LS1,Midday,Set2,Draw1,4,col4,Midday|Set2|Draw1|col4,D,combined,1,1,2,1,4,2,5*,2,2,True,2,3,57,4
Michigan4,LS1,Midday,Set2,Draw1,4,col4,Midday|Set2|Draw1|col4,D,combined,1,1,2,1,4,3,*,1,1,True,2,3,57,4
Michigan4,LS1,Midday,Set2,Draw1,4,col4,Midday|Set2|Draw1|col4,E,own,1,1,2,1,4,0,596677*,7,5,False,2,7,29,5
Michigan4,LS1,Midday,Set2,Draw1,4,col4,Midday|Set2|Draw1|col4,E,own,1,1,2,1,4,1,5677*,5,4,False,2,7,29,5
Michigan4,LS1,Midday,Set2,Draw1,4,col4,Midday|Set2|Draw1|col4,E,own,1,1,2,1,4,2,77*,3,2,True,2,7,29,5
Michigan4,LS1,Midday,Set2,Draw1,4,col4,Midday|Set2|Draw1|col4,E,own,1,1,2,1,4,3,77*,3,2,True,2,7,29,5
Michigan4,LS1,Midday,Set2,Draw1,4,col4,Midday|Set2|Draw1|col4,E,own,1,1,2,1,4,7,7*,2,2,True,2,7,29,5
Michigan4,LS1,Midday,Set2,Draw1,4,col4,Midday|Set2|Draw1|col4,E,combined,1,1,2,1,4,0,596677*,7,5,False,2,6,57,6
Michigan4,LS1,Midday,Set2,Draw1,4,col4,Midday|Set2|Draw1|col4,E,combined,1,1,2,1,4,1,5677*,5,4,False,2,6,57,6
Michigan4,LS1,Midday,Set2,Draw1,4,col4,Midday|Set2|Draw1|col4,E,combined,1,1,2,1,4,2,57*,3,3,True,2,6,57,6
Michigan4,LS1,Midday,Set2,Draw1,4,col4,Midday|Set2|Draw1|col4,E,combined,1,1,2,1,4,3,7*,2,2,True,2,6,57,6
Michigan4,LS1,Midday,Set2,Draw1,4,col4,Midday|Set2|Draw1|col4,E,combined,1,1,2,1,4,4,7*,2,2,True,2,6,57,6
Michigan4,LS1,Midday,Set2,Draw1,4,col4,Midday|Set2|Draw1|col4,E,combined,1,1,2,1,4,6,*,1,1,True,2,6,57,6
Michigan4,LS1,Midday,Set2,Draw1,4,col4,Midday|Set2|Draw1|col4,T,own,1,1,2,1,4,0,596677*,7,5,False,1,2,29,3
Michigan4,LS1,Midday,Set2,Draw1,4,col4,Midday|Set2|Draw1|col4,T,own,1,1,2,1,4,1,577*,4,3,True,1,2,29,3
Michigan4,LS1,Midday,Set2,Draw1,4,col4,Midday|Set2|Draw1|col4,T,own,1,1,2,1,4,2,77*,3,2,True,1,2,29,3
Michigan4,LS1,Midday,Set2,Draw1,4,col4,Midday|Set2|Draw1|col4,T,combined,1,1,2,1,4,0,596677*,7,5,False,1,3,57,4
Michigan4,LS1,Midday,Set2,Draw1,4,col4,Midday|Set2|Draw1|col4,T,combined,1,1,2,1,4,1,577*,4,3,True,1,3,57,4
Michigan4,LS1,Midday,Set2,Draw1,4,col4,Midday|Set2|Draw1|col4,T,combined,1,1,2,1,4,2,5*,2,2,True,1,3,57,4
Michigan4,LS1,Midday,Set2,Draw1,4,col4,Midday|Set2|Draw1|col4,T,combined,1,1,2,1,4,3,*,1,1,True,1,3,57,4
Michigan4,LS1,Midday,Set2,Draw1,2,col2,Midday|Set2|Draw1|col2,A,own,1,1,2,1,2,0,59677*,6,5,False,2,2,29,3
Michigan4,LS1,Midday,Set2,Draw1,2,col2,Midday|Set2|Draw1|col2,A,own,1,1,2,1,2,1,5677*,5,4,False,2,2,29,3
Michigan4,LS1,Midday,Set2,Draw1,2,col2,Midday|Set2|Draw1|col2,A,own,1,1,2,1,2,2,77*,3,2,True,2,2,29,3
Michigan4,LS1,Midday,Set2,Draw1,2,col2,Midday|Set2|Draw1|col2,A,combined,1,1,2,1,2,0,59677*,6,5,False,2,3,57,4
Michigan4,LS1,Midday,Set2,Draw1,2,col2,Midday|Set2|Draw1|col2,A,combined,1,1,2,1,2,1,5677*,5,4,False,2,3,57,4
Michigan4,LS1,Midday,Set2,Draw1,2,col2,Midday|Set2|Draw1|col2,A,combined,1,1,2,1,2,2,56*,3,3,True,2,3,57,4
Michigan4,LS1,Midday,Set2,Draw1,2,col2,Midday|Set2|Draw1|col2,A,combined,1,1,2,1,2,3,*,1,1,True,2,3,57,4
Michigan4,LS1,Midday,Set2,Draw1,2,col2,Midday|Set2|Draw1|col2,B,own,1,1,2,1,2,0,59677*,6,5,False,1,7,29,5
Michigan4,LS1,Midday,Set2,Draw1,2,col2,Midday|Set2|Draw1|col2,B,own,1,1,2,1,2,1,577*,4,3,True,1,7,29,5
Michigan4,LS1,Midday,Set2,Draw1,2,col2,Midday|Set2|Draw1|col2,B,own,1,1,2,1,2,2,77*,3,2,True,1,7,29,5
Michigan4,LS1,Midday,Set2,Draw1,2,col2,Midday|Set2|Draw1|col2,B,own,1,1,2,1,2,3,77*,3,2,True,1,7,29,5
Michigan4,LS1,Midday,Set2,Draw1,2,col2,Midday|Set2|Draw1|col2,B,own,1,1,2,1,2,7,*,1,1,True,1,7,29,5
Michigan4,LS1,Midday,Set2,Draw1,2,col2,Midday|Set2|Draw1|col2,B,combined,1,1,2,1,2,0,59677*,6,5,False,1,3,57,4
Michigan4,LS1,Midday,Set2,Draw1,2,col2,Midday|Set2|Draw1|col2,B,combined,1,1,2,1,2,1,577*,4,3,True,1,3,57,4
Michigan4,LS1,Midday,Set2,Draw1,2,col2,Midday|Set2|Draw1|col2,B,combined,1,1,2,1,2,2,5*,2,2,True,1,3,57,4
Michigan4,LS1,Midday,Set2,Draw1,2,col2,Midday|Set2|Draw1|col2,B,combined,1,1,2,1,2,3,*,1,1,True,1,3,57,4
Michigan4,LS1,Midday,Set2,Draw1,2,col2,Midday|Set2|Draw1|col2,C,own,1,1,2,1,2,0,59677*,6,5,False,1,7,29,5
Michigan4,LS1,Midday,Set2,Draw1,2,col2,Midday|Set2|Draw1|col2,C,own,1,1,2,1,2,1,577*,4,3,True,1,7,29,5
Michigan4,LS1,Midday,Set2,Draw1,2,col2,Midday|Set2|Draw1|col2,C,own,1,1,2,1,2,2,77*,3,2,True,1,7,29,5
Michigan4,LS1,Midday,Set2,Draw1,2,col2,Midday|Set2|Draw1|col2,C,own,1,1,2,1,2,3,77*,3,2,True,1,7,29,5
Michigan4,LS1,Midday,Set2,Draw1,2,col2,Midday|Set2|Draw1|col2,C,own,1,1,2,1,2,7,*,1,1,True,1,7,29,5
Michigan4,LS1,Midday,Set2,Draw1,2,col2,Midday|Set2|Draw1|col2,C,combined,1,1,2,1,2,0,59677*,6,5,False,1,3,57,4
Michigan4,LS1,Midday,Set2,Draw1,2,col2,Midday|Set2|Draw1|col2,C,combined,1,1,2,1,2,1,577*,4,3,True,1,3,57,4
Michigan4,LS1,Midday,Set2,Draw1,2,col2,Midday|Set2|Draw1|col2,C,combined,1,1,2,1,2,2,5*,2,2,True,1,3,57,4
Michigan4,LS1,Midday,Set2,Draw1,2,col2,Midday|Set2|Draw1|col2,C,combined,1,1,2,1,2,3,*,1,1,True,1,3,57,4
Michigan4,LS1,Midday,Set2,Draw1,2,col2,Midday|Set2|Draw1|col2,D,own,1,1,2,1,2,0,59677*,6,5,False,1,7,29,5
Michigan4,LS1,Midday,Set2,Draw1,2,col2,Midday|Set2|Draw1|col2,D,own,1,1,2,1,2,1,577*,4,3,True,1,7,29,5
Michigan4,LS1,Midday,Set2,Draw1,2,col2,Midday|Set2|Draw1|col2,D,own,1,1,2,1,2,2,77*,3,2,True,1,7,29,5
Michigan4,LS1,Midday,Set2,Draw1,2,col2,Midday|Set2|Draw1|col2,D,own,1,1,2,1,2,3,77*,3,2,True,1,7,29,5
Michigan4,LS1,Midday,Set2,Draw1,2,col2,Midday|Set2|Draw1|col2,D,own,1,1,2,1,2,7,7*,2,2,True,1,7,29,5
Michigan4,LS1,Midday,Set2,Draw1,2,col2,Midday|Set2|Draw1|col2,D,combined,1,1,2,1,2,0,59677*,6,5,False,1,3,57,4
Michigan4,LS1,Midday,Set2,Draw1,2,col2,Midday|Set2|Draw1|col2,D,combined,1,1,2,1,2,1,577*,4,3,True,1,3,57,4
Michigan4,LS1,Midday,Set2,Draw1,2,col2,Midday|Set2|Draw1|col2,D,combined,1,1,2,1,2,2,5*,2,2,True,1,3,57,4
Michigan4,LS1,Midday,Set2,Draw1,2,col2,Midday|Set2|Draw1|col2,D,combined,1,1,2,1,2,3,*,1,1,True,1,3,57,4
Michigan4,LS1,Midday,Set2,Draw1,2,col2,Midday|Set2|Draw1|col2,E,own,1,1,2,1,2,0,59677*,6,5,False,1,7,29,5
Michigan4,LS1,Midday,Set2,Draw1,2,col2,Midday|Set2|Draw1|col2,E,own,1,1,2,1,2,1,577*,4,3,True,1,7,29,5
Michigan4,LS1,Midday,Set2,Draw1,2,col2,Midday|Set2|Draw1|col2,E,own,1,1,2,1,2,2,77*,3,2,True,1,7,29,5
Michigan4,LS1,Midday,Set2,Draw1,2,col2,Midday|Set2|Draw1|col2,E,own,1,1,2,1,2,3,77*,3,2,True,1,7,29,5
Michigan4,LS1,Midday,Set2,Draw1,2,col2,Midday|Set2|Draw1|col2,E,own,1,1,2,1,2,7,7*,2,2,True,1,7,29,5
Michigan4,LS1,Midday,Set2,Draw1,2,col2,Midday|Set2|Draw1|col2,E,combined,1,1,2,1,2,0,59677*,6,5,False,1,6,57,6
Michigan4,LS1,Midday,Set2,Draw1,2,col2,Midday|Set2|Draw1|col2,E,combined,1,1,2,1,2,1,577*,4,3,True,1,6,57,6
Michigan4,LS1,Midday,Set2,Draw1,2,col2,Midday|Set2|Draw1|col2,E,combined,1,1,2,1,2,2,57*,3,3,True,1,6,57,6
Michigan4,LS1,Midday,Set2,Draw1,2,col2,Midday|Set2|Draw1|col2,E,combined,1,1,2,1,2,3,7*,2,2,True,1,6,57,6
Michigan4,LS1,Midday,Set2,Draw1,2,col2,Midday|Set2|Draw1|col2,E,combined,1,1,2,1,2,4,7*,2,2,True,1,6,57,6
Michigan4,LS1,Midday,Set2,Draw1,2,col2,Midday|Set2|Draw1|col2,E,combined,1,1,2,1,2,6,*,1,1,True,1,6,57,6
Michigan4,LS1,Midday,Set2,Draw1,2,col2,Midday|Set2|Draw1|col2,T,own,1,1,2,1,2,0,59677*,6,5,False,1,2,29,3
Michigan4,LS1,Midday,Set2,Draw1,2,col2,Midday|Set2|Draw1|col2,T,own,1,1,2,1,2,1,577*,4,3,True,1,2,29,3
Michigan4,LS1,Midday,Set2,Draw1,2,col2,Midday|Set2|Draw1|col2,T,own,1,1,2,1,2,2,77*,3,2,True,1,2,29,3
Michigan4,LS1,Midday,Set2,Draw1,2,col2,Midday|Set2|Draw1|col2,T,combined,1,1,2,1,2,0,59677*,6,5,False,1,3,57,4
Michigan4,LS1,Midday,Set2,Draw1,2,col2,Midday|Set2|Draw1|col2,T,combined,1,1,2,1,2,1,577*,4,3,True,1,3,57,4
Michigan4,LS1,Midday,Set2,Draw1,2,col2,Midday|Set2|Draw1|col2,T,combined,1,1,2,1,2,2,5*,2,2,True,1,3,57,4
Michigan4,LS1,Midday,Set2,Draw1,2,col2,Midday|Set2|Draw1|col2,T,combined,1,1,2,1,2,3,*,1,1,True,1,3,57,4
Michigan4,LS1,Midday,Set2,Draw1,3,col3,Midday|Set2|Draw1|col3,A,own,1,1,2,1,3,0,59677*,6,5,False,2,2,29,3
Michigan4,LS1,Midday,Set2,Draw1,3,col3,Midday|Set2|Draw1|col3,A,own,1,1,2,1,3,1,5677*,5,4,False,2,2,29,3
Michigan4,LS1,Midday,Set2,Draw1,3,col3,Midday|Set2|Draw1|col3,A,own,1,1,2,1,3,2,77*,3,2,True,2,2,29,3
Michigan4,LS1,Midday,Set2,Draw1,3,col3,Midday|Set2|Draw1|col3,A,combined,1,1,2,1,3,0,59677*,6,5,False,2,3,57,4
Michigan4,LS1,Midday,Set2,Draw1,3,col3,Midday|Set2|Draw1|col3,A,combined,1,1,2,1,3,1,5677*,5,4,False,2,3,57,4
Michigan4,LS1,Midday,Set2,Draw1,3,col3,Midday|Set2|Draw1|col3,A,combined,1,1,2,1,3,2,56*,3,3,True,2,3,57,4
Michigan4,LS1,Midday,Set2,Draw1,3,col3,Midday|Set2|Draw1|col3,A,combined,1,1,2,1,3,3,*,1,1,True,2,3,57,4
Michigan4,LS1,Midday,Set2,Draw1,3,col3,Midday|Set2|Draw1|col3,B,own,1,1,2,1,3,0,59677*,6,5,False,1,7,29,5
Michigan4,LS1,Midday,Set2,Draw1,3,col3,Midday|Set2|Draw1|col3,B,own,1,1,2,1,3,1,577*,4,3,True,1,7,29,5
Michigan4,LS1,Midday,Set2,Draw1,3,col3,Midday|Set2|Draw1|col3,B,own,1,1,2,1,3,2,77*,3,2,True,1,7,29,5
Michigan4,LS1,Midday,Set2,Draw1,3,col3,Midday|Set2|Draw1|col3,B,own,1,1,2,1,3,3,77*,3,2,True,1,7,29,5
Michigan4,LS1,Midday,Set2,Draw1,3,col3,Midday|Set2|Draw1|col3,B,own,1,1,2,1,3,7,*,1,1,True,1,7,29,5
Michigan4,LS1,Midday,Set2,Draw1,3,col3,Midday|Set2|Draw1|col3,B,combined,1,1,2,1,3,0,59677*,6,5,False,1,3,57,4
Michigan4,LS1,Midday,Set2,Draw1,3,col3,Midday|Set2|Draw1|col3,B,combined,1,1,2,1,3,1,577*,4,3,True,1,3,57,4
Michigan4,LS1,Midday,Set2,Draw1,3,col3,Midday|Set2|Draw1|col3,B,combined,1,1,2,1,3,2,5*,2,2,True,1,3,57,4
Michigan4,LS1,Midday,Set2,Draw1,3,col3,Midday|Set2|Draw1|col3,B,combined,1,1,2,1,3,3,*,1,1,True,1,3,57,4
Michigan4,LS1,Midday,Set2,Draw1,3,col3,Midday|Set2|Draw1|col3,C,own,1,1,2,1,3,0,59677*,6,5,False,1,7,29,5
Michigan4,LS1,Midday,Set2,Draw1,3,col3,Midday|Set2|Draw1|col3,C,own,1,1,2,1,3,1,577*,4,3,True,1,7,29,5
Michigan4,LS1,Midday,Set2,Draw1,3,col3,Midday|Set2|Draw1|col3,C,own,1,1,2,1,3,2,77*,3,2,True,1,7,29,5
Michigan4,LS1,Midday,Set2,Draw1,3,col3,Midday|Set2|Draw1|col3,C,own,1,1,2,1,3,3,77*,3,2,True,1,7,29,5
Michigan4,LS1,Midday,Set2,Draw1,3,col3,Midday|Set2|Draw1|col3,C,own,1,1,2,1,3,7,*,1,1,True,1,7,29,5
Michigan4,LS1,Midday,Set2,Draw1,3,col3,Midday|Set2|Draw1|col3,C,combined,1,1,2,1,3,0,59677*,6,5,False,1,3,57,4
Michigan4,LS1,Midday,Set2,Draw1,3,col3,Midday|Set2|Draw1|col3,C,combined,1,1,2,1,3,1,577*,4,3,True,1,3,57,4
Michigan4,LS1,Midday,Set2,Draw1,3,col3,Midday|Set2|Draw1|col3,C,combined,1,1,2,1,3,2,5*,2,2,True,1,3,57,4
Michigan4,LS1,Midday,Set2,Draw1,3,col3,Midday|Set2|Draw1|col3,C,combined,1,1,2,1,3,3,*,1,1,True,1,3,57,4
Michigan4,LS1,Midday,Set2,Draw1,3,col3,Midday|Set2|Draw1|col3,D,own,1,1,2,1,3,0,59677*,6,5,False,1,7,29,5
Michigan4,LS1,Midday,Set2,Draw1,3,col3,Midday|Set2|Draw1|col3,D,own,1,1,2,1,3,1,577*,4,3,True,1,7,29,5
Michigan4,LS1,Midday,Set2,Draw1,3,col3,Midday|Set2|Draw1|col3,D,own,1,1,2,1,3,2,77*,3,2,True,1,7,29,5
Michigan4,LS1,Midday,Set2,Draw1,3,col3,Midday|Set2|Draw1|col3,D,own,1,1,2,1,3,3,77*,3,2,True,1,7,29,5
Michigan4,LS1,Midday,Set2,Draw1,3,col3,Midday|Set2|Draw1|col3,D,own,1,1,2,1,3,7,7*,2,2,True,1,7,29,5
Michigan4,LS1,Midday,Set2,Draw1,3,col3,Midday|Set2|Draw1|col3,D,combined,1,1,2,1,3,0,59677*,6,5,False,1,3,57,4
Michigan4,LS1,Midday,Set2,Draw1,3,col3,Midday|Set2|Draw1|col3,D,combined,1,1,2,1,3,1,577*,4,3,True,1,3,57,4
Michigan4,LS1,Midday,Set2,Draw1,3,col3,Midday|Set2|Draw1|col3,D,combined,1,1,2,1,3,2,5*,2,2,True,1,3,57,4
Michigan4,LS1,Midday,Set2,Draw1,3,col3,Midday|Set2|Draw1|col3,D,combined,1,1,2,1,3,3,*,1,1,True,1,3,57,4
Michigan4,LS1,Midday,Set2,Draw1,3,col3,Midday|Set2|Draw1|col3,E,own,1,1,2,1,3,0,59677*,6,5,False,1,7,29,5
Michigan4,LS1,Midday,Set2,Draw1,3,col3,Midday|Set2|Draw1|col3,E,own,1,1,2,1,3,1,577*,4,3,True,1,7,29,5
Michigan4,LS1,Midday,Set2,Draw1,3,col3,Midday|Set2|Draw1|col3,E,own,1,1,2,1,3,2,77*,3,2,True,1,7,29,5
Michigan4,LS1,Midday,Set2,Draw1,3,col3,Midday|Set2|Draw1|col3,E,own,1,1,2,1,3,3,77*,3,2,True,1,7,29,5
Michigan4,LS1,Midday,Set2,Draw1,3,col3,Midday|Set2|Draw1|col3,E,own,1,1,2,1,3,7,7*,2,2,True,1,7,29,5
Michigan4,LS1,Midday,Set2,Draw1,3,col3,Midday|Set2|Draw1|col3,E,combined,1,1,2,1,3,0,59677*,6,5,False,1,6,57,6
Michigan4,LS1,Midday,Set2,Draw1,3,col3,Midday|Set2|Draw1|col3,E,combined,1,1,2,1,3,1,577*,4,3,True,1,6,57,6
Michigan4,LS1,Midday,Set2,Draw1,3,col3,Midday|Set2|Draw1|col3,E,combined,1,1,2,1,3,2,57*,3,3,True,1,6,57,6
Michigan4,LS1,Midday,Set2,Draw1,3,col3,Midday|Set2|Draw1|col3,E,combined,1,1,2,1,3,3,7*,2,2,True,1,6,57,6
Michigan4,LS1,Midday,Set2,Draw1,3,col3,Midday|Set2|Draw1|col3,E,combined,1,1,2,1,3,4,7*,2,2,True,1,6,57,6
Michigan4,LS1,Midday,Set2,Draw1,3,col3,Midday|Set2|Draw1|col3,E,combined,1,1,2,1,3,6,*,1,1,True,1,6,57,6
Michigan4,LS1,Midday,Set2,Draw1,3,col3,Midday|Set2|Draw1|col3,T,own,1,1,2,1,3,0,59677*,6,5,False,1,2,29,3
Michigan4,LS1,Midday,Set2,Draw1,3,col3,Midday|Set2|Draw1|col3,T,own,1,1,2,1,3,1,577*,4,3,True,1,2,29,3
Michigan4,LS1,Midday,Set2,Draw1,3,col3,Midday|Set2|Draw1|col3,T,own,1,1,2,1,3,2,77*,3,2,True,1,2,29,3
Michigan4,LS1,Midday,Set2,Draw1,3,col3,Midday|Set2|Draw1|col3,T,combined,1,1,2,1,3,0,59677*,6,5,False,1,3,57,4
Michigan4,LS1,Midday,Set2,Draw1,3,col3,Midday|Set2|Draw1|col3,T,combined,1,1,2,1,3,1,577*,4,3,True,1,3,57,4
Michigan4,LS1,Midday,Set2,Draw1,3,col3,Midday|Set2|Draw1|col3,T,combined,1,1,2,1,3,2,5*,2,2,True,1,3,57,4
Michigan4,LS1,Midday,Set2,Draw1,3,col3,Midday|Set2|Draw1|col3,T,combined,1,1,2,1,3,3,*,1,1,True,1,3,57,4
Michigan4,LS1,Midday,Set1,Draw1,7,col7,Midday|Set1|Draw1|col7,A,own,1,1,1,1,7,0,59940136677,11,8,False,2,3,29,4
Michigan4,LS1,Midday,Set1,Draw1,7,col7,Midday|Set1|Draw1|col7,A,own,1,1,1,1,7,1,5406677,7,5,False,2,3,29,4
Michigan4,LS1,Midday,Set1,Draw1,7,col7,Midday|Set1|Draw1|col7,A,own,1,1,1,1,7,2,4077,4,3,True,2,3,29,4
Michigan4,LS1,Midday,Set1,Draw1,7,col7,Midday|Set1|Draw1|col7,A,own,1,1,1,1,7,3,77,2,1,True,2,3,29,4
Michigan4,LS1,Midday,Set1,Draw1,7,col7,Midday|Set1|Draw1|col7,A,combined,1,1,1,1,7,0,59940136677,11,8,False,3,5,6,6
Michigan4,LS1,Midday,Set1,Draw1,7,col7,Midday|Set1|Draw1|col7,A,combined,1,1,1,1,7,1,5406677,7,5,False,3,5,6,6
Michigan4,LS1,Midday,Set1,Draw1,7,col7,Midday|Set1|Draw1|col7,A,combined,1,1,1,1,7,2,54066,5,4,False,3,5,6,6
Michigan4,LS1,Midday,Set1,Draw1,7,col7,Midday|Set1|Draw1|col7,A,combined,1,1,1,1,7,3,40,2,2,True,3,5,6,6
Michigan4,LS1,Midday,Set1,Draw1,7,col7,Midday|Set1|Draw1|col7,A,combined,1,1,1,1,7,4,40,2,2,True,3,5,6,6
Michigan4,LS1,Midday,Set1,Draw1,7,col7,Midday|Set1|Draw1|col7,A,combined,1,1,1,1,7,5,,0,0,False,3,5,6,6
Michigan4,LS1,Midday,Set1,Draw1,7,col7,Midday|Set1|Draw1|col7,B,own,1,1,1,1,7,0,59940136677,11,8,False,2,7,8,6
Michigan4,LS1,Midday,Set1,Draw1,7,col7,Midday|Set1|Draw1|col7,B,own,1,1,1,1,7,1,5406677,7,5,False,2,7,8,6
Michigan4,LS1,Midday,Set1,Draw1,7,col7,Midday|Set1|Draw1|col7,B,own,1,1,1,1,7,2,4077,4,3,True,2,7,8,6
Michigan4,LS1,Midday,Set1,Draw1,7,col7,Midday|Set1|Draw1|col7,B,own,1,1,1,1,7,3,77,2,1,True,2,7,8,6
Michigan4,LS1,Midday,Set1,Draw1,7,col7,Midday|Set1|Draw1|col7,B,own,1,1,1,1,7,4,77,2,1,True,2,7,8,6
Michigan4,LS1,Midday,Set1,Draw1,7,col7,Midday|Set1|Draw1|col7,B,own,1,1,1,1,7,7,,0,0,False,2,7,8,6
Michigan4,LS1,Midday,Set1,Draw1,7,col7,Midday|Set1|Draw1|col7,B,combined,1,1,1,1,7,0,59940136677,11,8,False,2,5,6,6
Michigan4,LS1,Midday,Set1,Draw1,7,col7,Midday|Set1|Draw1|col7,B,combined,1,1,1,1,7,1,5406677,7,5,False,2,5,6,6
Michigan4,LS1,Midday,Set1,Draw1,7,col7,Midday|Set1|Draw1|col7,B,combined,1,1,1,1,7,2,540,3,3,True,2,5,6,6
Michigan4,LS1,Midday,Set1,Draw1,7,col7,Midday|Set1|Draw1|col7,B,combined,1,1,1,1,7,3,40,2,2,True,2,5,6,6
Michigan4,LS1,Midday,Set1,Draw1,7,col7,Midday|Set1|Draw1|col7,B,combined,1,1,1,1,7,4,4,1,1,True,2,5,6,6
Michigan4,LS1,Midday,Set1,Draw1,7,col7,Midday|Set1|Draw1|col7,B,combined,1,1,1,1,7,5,,0,0,False,2,5,6,6
Michigan4,LS1,Midday,Set1,Draw1,7,col7,Midday|Set1|Draw1|col7,C,own,1,1,1,1,7,0,59940136677,11,8,False,1,7,8,5
Michigan4,LS1,Midday,Set1,Draw1,7,col7,Midday|Set1|Draw1|col7,C,own,1,1,1,1,7,1,5077,4,3,True,1,7,8,5
Michigan4,LS1,Midday,Set1,Draw1,7,col7,Midday|Set1|Draw1|col7,C,own,1,1,1,1,7,2,77,2,1,True,1,7,8,5
Michigan4,LS1,Midday,Set1,Draw1,7,col7,Midday|Set1|Draw1|col7,C,own,1,1,1,1,7,3,77,2,1,True,1,7,8,5
Michigan4,LS1,Midday,Set1,Draw1,7,col7,Midday|Set1|Draw1|col7,C,own,1,1,1,1,7,7,,0,0,False,1,7,8,5
Michigan4,LS1,Midday,Set1,Draw1,7,col7,Midday|Set1|Draw1|col7,C,combined,1,1,1,1,7,0,59940136677,11,8,False,1,3,4,4
Michigan4,LS1,Midday,Set1,Draw1,7,col7,Midday|Set1|Draw1|col7,C,combined,1,1,1,1,7,1,5077,4,3,True,1,3,4,4
Michigan4,LS1,Midday,Set1,Draw1,7,col7,Midday|Set1|Draw1|col7,C,combined,1,1,1,1,7,2,50,2,2,True,1,3,4,4
Michigan4,LS1,Midday,Set1,Draw1,7,col7,Midday|Set1|Draw1|col7,C,combined,1,1,1,1,7,3,,0,0,False,1,3,4,4
Michigan4,LS1,Midday,Set1,Draw1,7,col7,Midday|Set1|Draw1|col7,D,own,1,1,1,1,7,0,59940136677,11,8,False,2,7,29,5
Michigan4,LS1,Midday,Set1,Draw1,7,col7,Midday|Set1|Draw1|col7,D,own,1,1,1,1,7,1,50677,5,4,False,2,7,29,5
Michigan4,LS1,Midday,Set1,Draw1,7,col7,Midday|Set1|Draw1|col7,D,own,1,1,1,1,7,2,77,2,1,True,2,7,29,5
Michigan4,LS1,Midday,Set1,Draw1,7,col7,Midday|Set1|Draw1|col7,D,own,1,1,1,1,7,3,77,2,1,True,2,7,29,5
Michigan4,LS1,Midday,Set1,Draw1,7,col7,Midday|Set1|Draw1|col7,D,own,1,1,1,1,7,7,7,1,1,True,2,7,29,5
Michigan4,LS1,Midday,Set1,Draw1,7,col7,Midday|Set1|Draw1|col7,D,combined,1,1,1,1,7,0,59940136677,11,8,False,2,3,4,4
Michigan4,LS1,Midday,Set1,Draw1,7,col7,Midday|Set1|Draw1|col7,D,combined,1,1,1,1,7,1,50677,5,4,False,2,3,4,4
Michigan4,LS1,Midday,Set1,Draw1,7,col7,Midday|Set1|Draw1|col7,D,combined,1,1,1,1,7,2,50,2,2,True,2,3,4,4
Michigan4,LS1,Midday,Set1,Draw1,7,col7,Midday|Set1|Draw1|col7,D,combined,1,1,1,1,7,3,,0,0,False,2,3,4,4
Michigan4,LS1,Midday,Set1,Draw1,7,col7,Midday|Set1|Draw1|col7,E,own,1,1,1,1,7,0,59940136677,11,8,False,3,7,29,8
Michigan4,LS1,Midday,Set1,Draw1,7,col7,Midday|Set1|Draw1|col7,E,own,1,1,1,1,7,1,59406677,8,6,False,3,7,29,8
Michigan4,LS1,Midday,Set1,Draw1,7,col7,Midday|Set1|Draw1|col7,E,own,1,1,1,1,7,2,94077,5,4,False,3,7,29,8
Michigan4,LS1,Midday,Set1,Draw1,7,col7,Midday|Set1|Draw1|col7,E,own,1,1,1,1,7,3,977,3,2,True,3,7,29,8
Michigan4,LS1,Midday,Set1,Draw1,7,col7,Midday|Set1|Draw1|col7,E,own,1,1,1,1,7,4,977,3,2,True,3,7,29,8
Michigan4,LS1,Midday,Set1,Draw1,7,col7,Midday|Set1|Draw1|col7,E,own,1,1,1,1,7,5,77,2,1,True,3,7,29,8
Michigan4,LS1,Midday,Set1,Draw1,7,col7,Midday|Set1|Draw1|col7,E,own,1,1,1,1,7,6,77,2,1,True,3,7,29,8
Michigan4,LS1,Midday,Set1,Draw1,7,col7,Midday|Set1|Draw1|col7,E,own,1,1,1,1,7,7,7,1,1,True,3,7,29,8
Michigan4,LS1,Midday,Set1,Draw1,7,col7,Midday|Set1|Draw1|col7,E,combined,1,1,1,1,7,0,59940136677,11,8,False,4,8,9,9
Michigan4,LS1,Midday,Set1,Draw1,7,col7,Midday|Set1|Draw1|col7,E,combined,1,1,1,1,7,1,59406677,8,6,False,4,8,9,9
Michigan4,LS1,Midday,Set1,Draw1,7,col7,Midday|Set1|Draw1|col7,E,combined,1,1,1,1,7,2,59407,5,5,False,4,8,9,9
Michigan4,LS1,Midday,Set1,Draw1,7,col7,Midday|Set1|Draw1|col7,E,combined,1,1,1,1,7,3,9407,4,4,False,4,8,9,9
Michigan4,LS1,Midday,Set1,Draw1,7,col7,Midday|Set1|Draw1|col7,E,combined,1,1,1,1,7,4,947,3,3,True,4,8,9,9
Michigan4,LS1,Midday,Set1,Draw1,7,col7,Midday|Set1|Draw1|col7,E,combined,1,1,1,1,7,5,97,2,2,True,4,8,9,9
Michigan4,LS1,Midday,Set1,Draw1,7,col7,Midday|Set1|Draw1|col7,E,combined,1,1,1,1,7,6,9,1,1,True,4,8,9,9
Michigan4,LS1,Midday,Set1,Draw1,7,col7,Midday|Set1|Draw1|col7,E,combined,1,1,1,1,7,7,9,1,1,True,4,8,9,9
Michigan4,LS1,Midday,Set1,Draw1,7,col7,Midday|Set1|Draw1|col7,E,combined,1,1,1,1,7,8,,0,0,False,4,8,9,9
Michigan4,LS1,Midday,Set1,Draw1,7,col7,Midday|Set1|Draw1|col7,T,own,1,1,1,1,7,0,59940136677,11,8,False,1,3,29,4
Michigan4,LS1,Midday,Set1,Draw1,7,col7,Midday|Set1|Draw1|col7,T,own,1,1,1,1,7,1,5077,4,3,True,1,3,29,4
Michigan4,LS1,Midday,Set1,Draw1,7,col7,Midday|Set1|Draw1|col7,T,own,1,1,1,1,7,2,077,3,2,True,1,3,29,4
Michigan4,LS1,Midday,Set1,Draw1,7,col7,Midday|Set1|Draw1|col7,T,own,1,1,1,1,7,3,77,2,1,True,1,3,29,4
Michigan4,LS1,Midday,Set1,Draw1,7,col7,Midday|Set1|Draw1|col7,T,combined,1,1,1,1,7,0,59940136677,11,8,False,1,5,6,6
Michigan4,LS1,Midday,Set1,Draw1,7,col7,Midday|Set1|Draw1|col7,T,combined,1,1,1,1,7,1,5077,4,3,True,1,5,6,6
Michigan4,LS1,Midday,Set1,Draw1,7,col7,Midday|Set1|Draw1|col7,T,combined,1,1,1,1,7,2,50,2,2,True,1,5,6,6
Michigan4,LS1,Midday,Set1,Draw1,7,col7,Midday|Set1|Draw1|col7,T,combined,1,1,1,1,7,3,0,1,1,True,1,5,6,6
Michigan4,LS1,Midday,Set1,Draw1,7,col7,Midday|Set1|Draw1|col7,T,combined,1,1,1,1,7,4,0,1,1,True,1,5,6,6
Michigan4,LS1,Midday,Set1,Draw1,7,col7,Midday|Set1|Draw1|col7,T,combined,1,1,1,1,7,5,,0,0,False,1,5,6,6
Michigan4,LS1,Midday,Set1,Draw1,6,col6,Midday|Set1|Draw1|col6,A,own,1,1,1,1,6,0,599406677,9,6,False,2,3,29,4
Michigan4,LS1,Midday,Set1,Draw1,6,col6,Midday|Set1|Draw1|col6,A,own,1,1,1,1,6,1,5406677,7,5,False,2,3,29,4
Michigan4,LS1,Midday,Set1,Draw1,6,col6,Midday|Set1|Draw1|col6,A,own,1,1,1,1,6,2,4077,4,3,True,2,3,29,4
Michigan4,LS1,Midday,Set1,Draw1,6,col6,Midday|Set1|Draw1|col6,A,own,1,1,1,1,6,3,77,2,1,True,2,3,29,4
Michigan4,LS1,Midday,Set1,Draw1,6,col6,Midday|Set1|Draw1|col6,A,combined,1,1,1,1,6,0,599406677,9,6,False,3,5,6,6
Michigan4,LS1,Midday,Set1,Draw1,6,col6,Midday|Set1|Draw1|col6,A,combined,1,1,1,1,6,1,5406677,7,5,False,3,5,6,6
Michigan4,LS1,Midday,Set1,Draw1,6,col6,Midday|Set1|Draw1|col6,A,combined,1,1,1,1,6,2,54066,5,4,False,3,5,6,6
Michigan4,LS1,Midday,Set1,Draw1,6,col6,Midday|Set1|Draw1|col6,A,combined,1,1,1,1,6,3,40,2,2,True,3,5,6,6
Michigan4,LS1,Midday,Set1,Draw1,6,col6,Midday|Set1|Draw1|col6,A,combined,1,1,1,1,6,4,40,2,2,True,3,5,6,6
Michigan4,LS1,Midday,Set1,Draw1,6,col6,Midday|Set1|Draw1|col6,A,combined,1,1,1,1,6,5,,0,0,False,3,5,6,6
Michigan4,LS1,Midday,Set1,Draw1,6,col6,Midday|Set1|Draw1|col6,B,own,1,1,1,1,6,0,599406677,9,6,False,2,7,8,6
Michigan4,LS1,Midday,Set1,Draw1,6,col6,Midday|Set1|Draw1|col6,B,own,1,1,1,1,6,1,54077,5,4,False,2,7,8,6
Michigan4,LS1,Midday,Set1,Draw1,6,col6,Midday|Set1|Draw1|col6,B,own,1,1,1,1,6,2,4077,4,3,True,2,7,8,6
Michigan4,LS1,Midday,Set1,Draw1,6,col6,Midday|Set1|Draw1|col6,B,own,1,1,1,1,6,3,77,2,1,True,2,7,8,6
Michigan4,LS1,Midday,Set1,Draw1,6,col6,Midday|Set1|Draw1|col6,B,own,1,1,1,1,6,4,77,2,1,True,2,7,8,6
Michigan4,LS1,Midday,Set1,Draw1,6,col6,Midday|Set1|Draw1|col6,B,own,1,1,1,1,6,7,,0,0,False,2,7,8,6
Michigan4,LS1,Midday,Set1,Draw1,6,col6,Midday|Set1|Draw1|col6,B,combined,1,1,1,1,6,0,599406677,9,6,False,2,5,6,6
Michigan4,LS1,Midday,Set1,Draw1,6,col6,Midday|Set1|Draw1|col6,B,combined,1,1,1,1,6,1,54077,5,4,False,2,5,6,6
Michigan4,LS1,Midday,Set1,Draw1,6,col6,Midday|Set1|Draw1|col6,B,combined,1,1,1,1,6,2,540,3,3,True,2,5,6,6
Michigan4,LS1,Midday,Set1,Draw1,6,col6,Midday|Set1|Draw1|col6,B,combined,1,1,1,1,6,3,40,2,2,True,2,5,6,6
Michigan4,LS1,Midday,Set1,Draw1,6,col6,Midday|Set1|Draw1|col6,B,combined,1,1,1,1,6,4,4,1,1,True,2,5,6,6
Michigan4,LS1,Midday,Set1,Draw1,6,col6,Midday|Set1|Draw1|col6,B,combined,1,1,1,1,6,5,,0,0,False,2,5,6,6
Michigan4,LS1,Midday,Set1,Draw1,6,col6,Midday|Set1|Draw1|col6,C,own,1,1,1,1,6,0,599406677,9,6,False,1,7,8,5
Michigan4,LS1,Midday,Set1,Draw1,6,col6,Midday|Set1|Draw1|col6,C,own,1,1,1,1,6,1,5077,4,3,True,1,7,8,5
Michigan4,LS1,Midday,Set1,Draw1,6,col6,Midday|Set1|Draw1|col6,C,own,1,1,1,1,6,2,77,2,1,True,1,7,8,5
Michigan4,LS1,Midday,Set1,Draw1,6,col6,Midday|Set1|Draw1|col6,C,own,1,1,1,1,6,3,77,2,1,True,1,7,8,5
Michigan4,LS1,Midday,Set1,Draw1,6,col6,Midday|Set1|Draw1|col6,C,own,1,1,1,1,6,7,,0,0,False,1,7,8,5
Michigan4,LS1,Midday,Set1,Draw1,6,col6,Midday|Set1|Draw1|col6,C,combined,1,1,1,1,6,0,599406677,9,6,False,1,3,4,4
Michigan4,LS1,Midday,Set1,Draw1,6,col6,Midday|Set1|Draw1|col6,C,combined,1,1,1,1,6,1,5077,4,3,True,1,3,4,4
Michigan4,LS1,Midday,Set1,Draw1,6,col6,Midday|Set1|Draw1|col6,C,combined,1,1,1,1,6,2,50,2,2,True,1,3,4,4
Michigan4,LS1,Midday,Set1,Draw1,6,col6,Midday|Set1|Draw1|col6,C,combined,1,1,1,1,6,3,,0,0,False,1,3,4,4
Michigan4,LS1,Midday,Set1,Draw1,6,col6,Midday|Set1|Draw1|col6,D,own,1,1,1,1,6,0,599406677,9,6,False,2,7,29,5
Michigan4,LS1,Midday,Set1,Draw1,6,col6,Midday|Set1|Draw1|col6,D,own,1,1,1,1,6,1,50677,5,4,False,2,7,29,5
Michigan4,LS1,Midday,Set1,Draw1,6,col6,Midday|Set1|Draw1|col6,D,own,1,1,1,1,6,2,77,2,1,True,2,7,29,5
Michigan4,LS1,Midday,Set1,Draw1,6,col6,Midday|Set1|Draw1|col6,D,own,1,1,1,1,6,3,77,2,1,True,2,7,29,5
Michigan4,LS1,Midday,Set1,Draw1,6,col6,Midday|Set1|Draw1|col6,D,own,1,1,1,1,6,7,7,1,1,True,2,7,29,5
Michigan4,LS1,Midday,Set1,Draw1,6,col6,Midday|Set1|Draw1|col6,D,combined,1,1,1,1,6,0,599406677,9,6,False,2,3,4,4
Michigan4,LS1,Midday,Set1,Draw1,6,col6,Midday|Set1|Draw1|col6,D,combined,1,1,1,1,6,1,50677,5,4,False,2,3,4,4
Michigan4,LS1,Midday,Set1,Draw1,6,col6,Midday|Set1|Draw1|col6,D,combined,1,1,1,1,6,2,50,2,2,True,2,3,4,4
Michigan4,LS1,Midday,Set1,Draw1,6,col6,Midday|Set1|Draw1|col6,D,combined,1,1,1,1,6,3,,0,0,False,2,3,4,4
Michigan4,LS1,Midday,Set1,Draw1,6,col6,Midday|Set1|Draw1|col6,E,own,1,1,1,1,6,0,599406677,9,6,False,3,7,29,8
Michigan4,LS1,Midday,Set1,Draw1,6,col6,Midday|Set1|Draw1|col6,E,own,1,1,1,1,6,1,5940677,7,6,False,3,7,29,8
Michigan4,LS1,Midday,Set1,Draw1,6,col6,Midday|Set1|Draw1|col6,E,own,1,1,1,1,6,2,94077,5,4,False,3,7,29,8
Michigan4,LS1,Midday,Set1,Draw1,6,col6,Midday|Set1|Draw1|col6,E,own,1,1,1,1,6,3,977,3,2,True,3,7,29,8
Michigan4,LS1,Midday,Set1,Draw1,6,col6,Midday|Set1|Draw1|col6,E,own,1,1,1,1,6,4,977,3,2,True,3,7,29,8
Michigan4,LS1,Midday,Set1,Draw1,6,col6,Midday|Set1|Draw1|col6,E,own,1,1,1,1,6,5,77,2,1,True,3,7,29,8
Michigan4,LS1,Midday,Set1,Draw1,6,col6,Midday|Set1|Draw1|col6,E,own,1,1,1,1,6,6,77,2,1,True,3,7,29,8
Michigan4,LS1,Midday,Set1,Draw1,6,col6,Midday|Set1|Draw1|col6,E,own,1,1,1,1,6,7,7,1,1,True,3,7,29,8
Michigan4,LS1,Midday,Set1,Draw1,6,col6,Midday|Set1|Draw1|col6,E,combined,1,1,1,1,6,0,599406677,9,6,False,4,8,9,9
Michigan4,LS1,Midday,Set1,Draw1,6,col6,Midday|Set1|Draw1|col6,E,combined,1,1,1,1,6,1,5940677,7,6,False,4,8,9,9
Michigan4,LS1,Midday,Set1,Draw1,6,col6,Midday|Set1|Draw1|col6,E,combined,1,1,1,1,6,2,59407,5,5,False,4,8,9,9
Michigan4,LS1,Midday,Set1,Draw1,6,col6,Midday|Set1|Draw1|col6,E,combined,1,1,1,1,6,3,9407,4,4,False,4,8,9,9
Michigan4,LS1,Midday,Set1,Draw1,6,col6,Midday|Set1|Draw1|col6,E,combined,1,1,1,1,6,4,947,3,3,True,4,8,9,9
Michigan4,LS1,Midday,Set1,Draw1,6,col6,Midday|Set1|Draw1|col6,E,combined,1,1,1,1,6,5,97,2,2,True,4,8,9,9
Michigan4,LS1,Midday,Set1,Draw1,6,col6,Midday|Set1|Draw1|col6,E,combined,1,1,1,1,6,6,9,1,1,True,4,8,9,9
Michigan4,LS1,Midday,Set1,Draw1,6,col6,Midday|Set1|Draw1|col6,E,combined,1,1,1,1,6,7,9,1,1,True,4,8,9,9
Michigan4,LS1,Midday,Set1,Draw1,6,col6,Midday|Set1|Draw1|col6,E,combined,1,1,1,1,6,8,,0,0,False,4,8,9,9
Michigan4,LS1,Midday,Set1,Draw1,6,col6,Midday|Set1|Draw1|col6,T,own,1,1,1,1,6,0,599406677,9,6,False,1,3,29,4
Michigan4,LS1,Midday,Set1,Draw1,6,col6,Midday|Set1|Draw1|col6,T,own,1,1,1,1,6,1,5077,4,3,True,1,3,29,4
Michigan4,LS1,Midday,Set1,Draw1,6,col6,Midday|Set1|Draw1|col6,T,own,1,1,1,1,6,2,077,3,2,True,1,3,29,4
Michigan4,LS1,Midday,Set1,Draw1,6,col6,Midday|Set1|Draw1|col6,T,own,1,1,1,1,6,3,77,2,1,True,1,3,29,4
Michigan4,LS1,Midday,Set1,Draw1,6,col6,Midday|Set1|Draw1|col6,T,combined,1,1,1,1,6,0,599406677,9,6,False,1,5,6,6
Michigan4,LS1,Midday,Set1,Draw1,6,col6,Midday|Set1|Draw1|col6,T,combined,1,1,1,1,6,1,5077,4,3,True,1,5,6,6
Michigan4,LS1,Midday,Set1,Draw1,6,col6,Midday|Set1|Draw1|col6,T,combined,1,1,1,1,6,2,50,2,2,True,1,5,6,6
Michigan4,LS1,Midday,Set1,Draw1,6,col6,Midday|Set1|Draw1|col6,T,combined,1,1,1,1,6,3,0,1,1,True,1,5,6,6
Michigan4,LS1,Midday,Set1,Draw1,6,col6,Midday|Set1|Draw1|col6,T,combined,1,1,1,1,6,4,0,1,1,True,1,5,6,6
Michigan4,LS1,Midday,Set1,Draw1,6,col6,Midday|Set1|Draw1|col6,T,combined,1,1,1,1,6,5,,0,0,False,1,5,6,6
Michigan4,LS1,Midday,Set1,Draw1,5,col5,Midday|Set1|Draw1|col5,A,own,1,1,1,1,5,0,5946677*,8,6,False,2,3,29,4
Michigan4,LS1,Midday,Set1,Draw1,5,col5,Midday|Set1|Draw1|col5,A,own,1,1,1,1,5,1,546677*,7,5,False,2,3,29,4
Michigan4,LS1,Midday,Set1,Draw1,5,col5,Midday|Set1|Draw1|col5,A,own,1,1,1,1,5,2,477*,4,3,True,2,3,29,4
Michigan4,LS1,Midday,Set1,Draw1,5,col5,Midday|Set1|Draw1|col5,A,own,1,1,1,1,5,3,77*,3,2,True,2,3,29,4
Michigan4,LS1,Midday,Set1,Draw1,5,col5,Midday|Set1|Draw1|col5,A,combined,1,1,1,1,5,0,5946677*,8,6,False,3,5,57,6
Michigan4,LS1,Midday,Set1,Draw1,5,col5,Midday|Set1|Draw1|col5,A,combined,1,1,1,1,5,1,546677*,7,5,False,3,5,57,6
Michigan4,LS1,Midday,Set1,Draw1,5,col5,Midday|Set1|Draw1|col5,A,combined,1,1,1,1,5,2,5466*,5,4,False,3,5,57,6
Michigan4,LS1,Midday,Set1,Draw1,5,col5,Midday|Set1|Draw1|col5,A,combined,1,1,1,1,5,3,4*,2,2,True,3,5,57,6
Michigan4,LS1,Midday,Set1,Draw1,5,col5,Midday|Set1|Draw1|col5,A,combined,1,1,1,1,5,4,4*,2,2,True,3,5,57,6
Michigan4,LS1,Midday,Set1,Draw1,5,col5,Midday|Set1|Draw1|col5,A,combined,1,1,1,1,5,5,*,1,1,True,3,5,57,6
Michigan4,LS1,Midday,Set1,Draw1,5,col5,Midday|Set1|Draw1|col5,B,own,1,1,1,1,5,0,5946677*,8,6,False,2,7,29,6
Michigan4,LS1,Midday,Set1,Draw1,5,col5,Midday|Set1|Draw1|col5,B,own,1,1,1,1,5,1,5477*,5,4,False,2,7,29,6
Michigan4,LS1,Midday,Set1,Draw1,5,col5,Midday|Set1|Draw1|col5,B,own,1,1,1,1,5,2,477*,4,3,True,2,7,29,6
Michigan4,LS1,Midday,Set1,Draw1,5,col5,Midday|Set1|Draw1|col5,B,own,1,1,1,1,5,3,77*,3,2,True,2,7,29,6
Michigan4,LS1,Midday,Set1,Draw1,5,col5,Midday|Set1|Draw1|col5,B,own,1,1,1,1,5,4,77*,3,2,True,2,7,29,6
Michigan4,LS1,Midday,Set1,Draw1,5,col5,Midday|Set1|Draw1|col5,B,own,1,1,1,1,5,7,*,1,1,True,2,7,29,6
Michigan4,LS1,Midday,Set1,Draw1,5,col5,Midday|Set1|Draw1|col5,B,combined,1,1,1,1,5,0,5946677*,8,6,False,2,5,57,6
Michigan4,LS1,Midday,Set1,Draw1,5,col5,Midday|Set1|Draw1|col5,B,combined,1,1,1,1,5,1,5477*,5,4,False,2,5,57,6
Michigan4,LS1,Midday,Set1,Draw1,5,col5,Midday|Set1|Draw1|col5,B,combined,1,1,1,1,5,2,54*,3,3,True,2,5,57,6
Michigan4,LS1,Midday,Set1,Draw1,5,col5,Midday|Set1|Draw1|col5,B,combined,1,1,1,1,5,3,4*,2,2,True,2,5,57,6
Michigan4,LS1,Midday,Set1,Draw1,5,col5,Midday|Set1|Draw1|col5,B,combined,1,1,1,1,5,4,4*,2,2,True,2,5,57,6
Michigan4,LS1,Midday,Set1,Draw1,5,col5,Midday|Set1|Draw1|col5,B,combined,1,1,1,1,5,5,*,1,1,True,2,5,57,6
Michigan4,LS1,Midday,Set1,Draw1,5,col5,Midday|Set1|Draw1|col5,C,own,1,1,1,1,5,0,5946677*,8,6,False,1,7,29,5
Michigan4,LS1,Midday,Set1,Draw1,5,col5,Midday|Set1|Draw1|col5,C,own,1,1,1,1,5,1,577*,4,3,True,1,7,29,5
Michigan4,LS1,Midday,Set1,Draw1,5,col5,Midday|Set1|Draw1|col5,C,own,1,1,1,1,5,2,77*,3,2,True,1,7,29,5
Michigan4,LS1,Midday,Set1,Draw1,5,col5,Midday|Set1|Draw1|col5,C,own,1,1,1,1,5,3,77*,3,2,True,1,7,29,5
Michigan4,LS1,Midday,Set1,Draw1,5,col5,Midday|Set1|Draw1|col5,C,own,1,1,1,1,5,7,*,1,1,True,1,7,29,5
Michigan4,LS1,Midday,Set1,Draw1,5,col5,Midday|Set1|Draw1|col5,C,combined,1,1,1,1,5,0,5946677*,8,6,False,1,3,57,4
Michigan4,LS1,Midday,Set1,Draw1,5,col5,Midday|Set1|Draw1|col5,C,combined,1,1,1,1,5,1,577*,4,3,True,1,3,57,4
Michigan4,LS1,Midday,Set1,Draw1,5,col5,Midday|Set1|Draw1|col5,C,combined,1,1,1,1,5,2,5*,2,2,True,1,3,57,4
Michigan4,LS1,Midday,Set1,Draw1,5,col5,Midday|Set1|Draw1|col5,C,combined,1,1,1,1,5,3,*,1,1,True,1,3,57,4
Michigan4,LS1,Midday,Set1,Draw1,5,col5,Midday|Set1|Draw1|col5,D,own,1,1,1,1,5,0,5946677*,8,6,False,2,7,29,5
Michigan4,LS1,Midday,Set1,Draw1,5,col5,Midday|Set1|Draw1|col5,D,own,1,1,1,1,5,1,5677*,5,4,False,2,7,29,5
Michigan4,LS1,Midday,Set1,Draw1,5,col5,Midday|Set1|Draw1|col5,D,own,1,1,1,1,5,2,77*,3,2,True,2,7,29,5
Michigan4,LS1,Midday,Set1,Draw1,5,col5,Midday|Set1|Draw1|col5,D,own,1,1,1,1,5,3,77*,3,2,True,2,7,29,5
Michigan4,LS1,Midday,Set1,Draw1,5,col5,Midday|Set1|Draw1|col5,D,own,1,1,1,1,5,7,7*,2,2,True,2,7,29,5
Michigan4,LS1,Midday,Set1,Draw1,5,col5,Midday|Set1|Draw1|col5,D,combined,1,1,1,1,5,0,5946677*,8,6,False,2,3,57,4
Michigan4,LS1,Midday,Set1,Draw1,5,col5,Midday|Set1|Draw1|col5,D,combined,1,1,1,1,5,1,5677*,5,4,False,2,3,57,4
Michigan4,LS1,Midday,Set1,Draw1,5,col5,Midday|Set1|Draw1|col5,D,combined,1,1,1,1,5,2,5*,2,2,True,2,3,57,4
Michigan4,LS1,Midday,Set1,Draw1,5,col5,Midday|Set1|Draw1|col5,D,combined,1,1,1,1,5,3,*,1,1,True,2,3,57,4
Michigan4,LS1,Midday,Set1,Draw1,5,col5,Midday|Set1|Draw1|col5,E,own,1,1,1,1,5,0,5946677*,8,6,False,2,7,29,6
Michigan4,LS1,Midday,Set1,Draw1,5,col5,Midday|Set1|Draw1|col5,E,own,1,1,1,1,5,1,54677*,6,5,False,2,7,29,6
Michigan4,LS1,Midday,Set1,Draw1,5,col5,Midday|Set1|Draw1|col5,E,own,1,1,1,1,5,2,477*,4,3,True,2,7,29,6
Michigan4,LS1,Midday,Set1,Draw1,5,col5,Midday|Set1|Draw1|col5,E,own,1,1,1,1,5,3,77*,3,2,True,2,7,29,6
Michigan4,LS1,Midday,Set1,Draw1,5,col5,Midday|Set1|Draw1|col5,E,own,1,1,1,1,5,4,77*,3,2,True,2,7,29,6
Michigan4,LS1,Midday,Set1,Draw1,5,col5,Midday|Set1|Draw1|col5,E,own,1,1,1,1,5,7,7*,2,2,True,2,7,29,6
Michigan4,LS1,Midday,Set1,Draw1,5,col5,Midday|Set1|Draw1|col5,E,combined,1,1,1,1,5,0,5946677*,8,6,False,3,6,57,7
Michigan4,LS1,Midday,Set1,Draw1,5,col5,Midday|Set1|Draw1|col5,E,combined,1,1,1,1,5,1,54677*,6,5,False,3,6,57,7
Michigan4,LS1,Midday,Set1,Draw1,5,col5,Midday|Set1|Draw1|col5,E,combined,1,1,1,1,5,2,547*,4,4,False,3,6,57,7
Michigan4,LS1,Midday,Set1,Draw1,5,col5,Midday|Set1|Draw1|col5,E,combined,1,1,1,1,5,3,47*,3,3,True,3,6,57,7
Michigan4,LS1,Midday,Set1,Draw1,5,col5,Midday|Set1|Draw1|col5,E,combined,1,1,1,1,5,4,47*,3,3,True,3,6,57,7
Michigan4,LS1,Midday,Set1,Draw1,5,col5,Midday|Set1|Draw1|col5,E,combined,1,1,1,1,5,5,7*,2,2,True,3,6,57,7
Michigan4,LS1,Midday,Set1,Draw1,5,col5,Midday|Set1|Draw1|col5,E,combined,1,1,1,1,5,6,*,1,1,True,3,6,57,7
Michigan4,LS1,Midday,Set1,Draw1,5,col5,Midday|Set1|Draw1|col5,T,own,1,1,1,1,5,0,5946677*,8,6,False,1,2,29,3
Michigan4,LS1,Midday,Set1,Draw1,5,col5,Midday|Set1|Draw1|col5,T,own,1,1,1,1,5,1,577*,4,3,True,1,2,29,3
Michigan4,LS1,Midday,Set1,Draw1,5,col5,Midday|Set1|Draw1|col5,T,own,1,1,1,1,5,2,77*,3,2,True,1,2,29,3
Michigan4,LS1,Midday,Set1,Draw1,5,col5,Midday|Set1|Draw1|col5,T,combined,1,1,1,1,5,0,5946677*,8,6,False,1,3,57,4
Michigan4,LS1,Midday,Set1,Draw1,5,col5,Midday|Set1|Draw1|col5,T,combined,1,1,1,1,5,1,577*,4,3,True,1,3,57,4
Michigan4,LS1,Midday,Set1,Draw1,5,col5,Midday|Set1|Draw1|col5,T,combined,1,1,1,1,5,2,5*,2,2,True,1,3,57,4
Michigan4,LS1,Midday,Set1,Draw1,5,col5,Midday|Set1|Draw1|col5,T,combined,1,1,1,1,5,3,*,1,1,True,1,3,57,4
Michigan4,LS1,Midday,Set1,Draw1,4,col4,Midday|Set1|Draw1|col4,A,own,1,1,1,1,4,0,594677*,7,6,False,2,3,29,4
Michigan4,LS1,Midday,Set1,Draw1,4,col4,Midday|Set1|Draw1|col4,A,own,1,1,1,1,4,1,54677*,6,5,False,2,3,29,4
Michigan4,LS1,Midday,Set1,Draw1,4,col4,Midday|Set1|Draw1|col4,A,own,1,1,1,1,4,2,477*,4,3,True,2,3,29,4
Michigan4,LS1,Midday,Set1,Draw1,4,col4,Midday|Set1|Draw1|col4,A,own,1,1,1,1,4,3,77*,3,2,True,2,3,29,4
Michigan4,LS1,Midday,Set1,Draw1,4,col4,Midday|Set1|Draw1|col4,A,combined,1,1,1,1,4,0,594677*,7,6,False,3,5,57,6
Michigan4,LS1,Midday,Set1,Draw1,4,col4,Midday|Set1|Draw1|col4,A,combined,1,1,1,1,4,1,54677*,6,5,False,3,5,57,6
Michigan4,LS1,Midday,Set1,Draw1,4,col4,Midday|Set1|Draw1|col4,A,combined,1,1,1,1,4,2,546*,4,4,False,3,5,57,6
Michigan4,LS1,Midday,Set1,Draw1,4,col4,Midday|Set1|Draw1|col4,A,combined,1,1,1,1,4,3,4*,2,2,True,3,5,57,6
Michigan4,LS1,Midday,Set1,Draw1,4,col4,Midday|Set1|Draw1|col4,A,combined,1,1,1,1,4,4,4*,2,2,True,3,5,57,6
Michigan4,LS1,Midday,Set1,Draw1,4,col4,Midday|Set1|Draw1|col4,A,combined,1,1,1,1,4,5,*,1,1,True,3,5,57,6
Michigan4,LS1,Midday,Set1,Draw1,4,col4,Midday|Set1|Draw1|col4,B,own,1,1,1,1,4,0,594677*,7,6,False,2,7,29,6
Michigan4,LS1,Midday,Set1,Draw1,4,col4,Midday|Set1|Draw1|col4,B,own,1,1,1,1,4,1,5477*,5,4,False,2,7,29,6
Michigan4,LS1,Midday,Set1,Draw1,4,col4,Midday|Set1|Draw1|col4,B,own,1,1,1,1,4,2,477*,4,3,True,2,7,29,6
Michigan4,LS1,Midday,Set1,Draw1,4,col4,Midday|Set1|Draw1|col4,B,own,1,1,1,1,4,3,77*,3,2,True,2,7,29,6
Michigan4,LS1,Midday,Set1,Draw1,4,col4,Midday|Set1|Draw1|col4,B,own,1,1,1,1,4,4,77*,3,2,True,2,7,29,6
Michigan4,LS1,Midday,Set1,Draw1,4,col4,Midday|Set1|Draw1|col4,B,own,1,1,1,1,4,7,*,1,1,True,2,7,29,6
Michigan4,LS1,Midday,Set1,Draw1,4,col4,Midday|Set1|Draw1|col4,B,combined,1,1,1,1,4,0,594677*,7,6,False,2,5,57,6
Michigan4,LS1,Midday,Set1,Draw1,4,col4,Midday|Set1|Draw1|col4,B,combined,1,1,1,1,4,1,5477*,5,4,False,2,5,57,6
Michigan4,LS1,Midday,Set1,Draw1,4,col4,Midday|Set1|Draw1|col4,B,combined,1,1,1,1,4,2,54*,3,3,True,2,5,57,6
Michigan4,LS1,Midday,Set1,Draw1,4,col4,Midday|Set1|Draw1|col4,B,combined,1,1,1,1,4,3,4*,2,2,True,2,5,57,6
Michigan4,LS1,Midday,Set1,Draw1,4,col4,Midday|Set1|Draw1|col4,B,combined,1,1,1,1,4,4,4*,2,2,True,2,5,57,6
Michigan4,LS1,Midday,Set1,Draw1,4,col4,Midday|Set1|Draw1|col4,B,combined,1,1,1,1,4,5,*,1,1,True,2,5,57,6
Michigan4,LS1,Midday,Set1,Draw1,4,col4,Midday|Set1|Draw1|col4,C,own,1,1,1,1,4,0,594677*,7,6,False,1,7,29,5
Michigan4,LS1,Midday,Set1,Draw1,4,col4,Midday|Set1|Draw1|col4,C,own,1,1,1,1,4,1,577*,4,3,True,1,7,29,5
Michigan4,LS1,Midday,Set1,Draw1,4,col4,Midday|Set1|Draw1|col4,C,own,1,1,1,1,4,2,77*,3,2,True,1,7,29,5
Michigan4,LS1,Midday,Set1,Draw1,4,col4,Midday|Set1|Draw1|col4,C,own,1,1,1,1,4,3,77*,3,2,True,1,7,29,5
Michigan4,LS1,Midday,Set1,Draw1,4,col4,Midday|Set1|Draw1|col4,C,own,1,1,1,1,4,7,*,1,1,True,1,7,29,5
Michigan4,LS1,Midday,Set1,Draw1,4,col4,Midday|Set1|Draw1|col4,C,combined,1,1,1,1,4,0,594677*,7,6,False,1,3,57,4
Michigan4,LS1,Midday,Set1,Draw1,4,col4,Midday|Set1|Draw1|col4,C,combined,1,1,1,1,4,1,577*,4,3,True,1,3,57,4
Michigan4,LS1,Midday,Set1,Draw1,4,col4,Midday|Set1|Draw1|col4,C,combined,1,1,1,1,4,2,5*,2,2,True,1,3,57,4
Michigan4,LS1,Midday,Set1,Draw1,4,col4,Midday|Set1|Draw1|col4,C,combined,1,1,1,1,4,3,*,1,1,True,1,3,57,4
Michigan4,LS1,Midday,Set1,Draw1,4,col4,Midday|Set1|Draw1|col4,D,own,1,1,1,1,4,0,594677*,7,6,False,1,7,29,5
Michigan4,LS1,Midday,Set1,Draw1,4,col4,Midday|Set1|Draw1|col4,D,own,1,1,1,1,4,1,577*,4,3,True,1,7,29,5
Michigan4,LS1,Midday,Set1,Draw1,4,col4,Midday|Set1|Draw1|col4,D,own,1,1,1,1,4,2,77*,3,2,True,1,7,29,5
Michigan4,LS1,Midday,Set1,Draw1,4,col4,Midday|Set1|Draw1|col4,D,own,1,1,1,1,4,3,77*,3,2,True,1,7,29,5
Michigan4,LS1,Midday,Set1,Draw1,4,col4,Midday|Set1|Draw1|col4,D,own,1,1,1,1,4,7,7*,2,2,True,1,7,29,5
Michigan4,LS1,Midday,Set1,Draw1,4,col4,Midday|Set1|Draw1|col4,D,combined,1,1,1,1,4,0,594677*,7,6,False,1,3,57,4
Michigan4,LS1,Midday,Set1,Draw1,4,col4,Midday|Set1|Draw1|col4,D,combined,1,1,1,1,4,1,577*,4,3,True,1,3,57,4
Michigan4,LS1,Midday,Set1,Draw1,4,col4,Midday|Set1|Draw1|col4,D,combined,1,1,1,1,4,2,5*,2,2,True,1,3,57,4
Michigan4,LS1,Midday,Set1,Draw1,4,col4,Midday|Set1|Draw1|col4,D,combined,1,1,1,1,4,3,*,1,1,True,1,3,57,4
Michigan4,LS1,Midday,Set1,Draw1,4,col4,Midday|Set1|Draw1|col4,E,own,1,1,1,1,4,0,594677*,7,6,False,2,7,29,6
Michigan4,LS1,Midday,Set1,Draw1,4,col4,Midday|Set1|Draw1|col4,E,own,1,1,1,1,4,1,5477*,5,4,False,2,7,29,6
Michigan4,LS1,Midday,Set1,Draw1,4,col4,Midday|Set1|Draw1|col4,E,own,1,1,1,1,4,2,477*,4,3,True,2,7,29,6
Michigan4,LS1,Midday,Set1,Draw1,4,col4,Midday|Set1|Draw1|col4,E,own,1,1,1,1,4,3,77*,3,2,True,2,7,29,6
Michigan4,LS1,Midday,Set1,Draw1,4,col4,Midday|Set1|Draw1|col4,E,own,1,1,1,1,4,4,77*,3,2,True,2,7,29,6
Michigan4,LS1,Midday,Set1,Draw1,4,col4,Midday|Set1|Draw1|col4,E,own,1,1,1,1,4,7,7*,2,2,True,2,7,29,6
Michigan4,LS1,Midday,Set1,Draw1,4,col4,Midday|Set1|Draw1|col4,E,combined,1,1,1,1,4,0,594677*,7,6,False,3,6,57,7
Michigan4,LS1,Midday,Set1,Draw1,4,col4,Midday|Set1|Draw1|col4,E,combined,1,1,1,1,4,1,5477*,5,4,False,3,6,57,7
Michigan4,LS1,Midday,Set1,Draw1,4,col4,Midday|Set1|Draw1|col4,E,combined,1,1,1,1,4,2,547*,4,4,False,3,6,57,7
Michigan4,LS1,Midday,Set1,Draw1,4,col4,Midday|Set1|Draw1|col4,E,combined,1,1,1,1,4,3,47*,3,3,True,3,6,57,7
Michigan4,LS1,Midday,Set1,Draw1,4,col4,Midday|Set1|Draw1|col4,E,combined,1,1,1,1,4,4,47*,3,3,True,3,6,57,7
Michigan4,LS1,Midday,Set1,Draw1,4,col4,Midday|Set1|Draw1|col4,E,combined,1,1,1,1,4,5,7*,2,2,True,3,6,57,7
Michigan4,LS1,Midday,Set1,Draw1,4,col4,Midday|Set1|Draw1|col4,E,combined,1,1,1,1,4,6,*,1,1,True,3,6,57,7
Michigan4,LS1,Midday,Set1,Draw1,4,col4,Midday|Set1|Draw1|col4,T,own,1,1,1,1,4,0,594677*,7,6,False,1,2,29,3
Michigan4,LS1,Midday,Set1,Draw1,4,col4,Midday|Set1|Draw1|col4,T,own,1,1,1,1,4,1,577*,4,3,True,1,2,29,3
Michigan4,LS1,Midday,Set1,Draw1,4,col4,Midday|Set1|Draw1|col4,T,own,1,1,1,1,4,2,77*,3,2,True,1,2,29,3
Michigan4,LS1,Midday,Set1,Draw1,4,col4,Midday|Set1|Draw1|col4,T,combined,1,1,1,1,4,0,594677*,7,6,False,1,3,57,4
Michigan4,LS1,Midday,Set1,Draw1,4,col4,Midday|Set1|Draw1|col4,T,combined,1,1,1,1,4,1,577*,4,3,True,1,3,57,4
Michigan4,LS1,Midday,Set1,Draw1,4,col4,Midday|Set1|Draw1|col4,T,combined,1,1,1,1,4,2,5*,2,2,True,1,3,57,4
Michigan4,LS1,Midday,Set1,Draw1,4,col4,Midday|Set1|Draw1|col4,T,combined,1,1,1,1,4,3,*,1,1,True,1,3,57,4
Michigan4,LS1,Midday,Set1,Draw1,2,col2,Midday|Set1|Draw1|col2,A,own,1,1,1,1,2,0,977**,5,3,True,0,1,29,2
Michigan4,LS1,Midday,Set1,Draw1,2,col2,Midday|Set1|Draw1|col2,A,own,1,1,1,1,2,1,77**,4,2,True,0,1,29,2
Michigan4,LS1,Midday,Set1,Draw1,2,col2,Midday|Set1|Draw1|col2,A,combined,1,1,1,1,2,0,977**,5,3,True,0,2,57,3
Michigan4,LS1,Midday,Set1,Draw1,2,col2,Midday|Set1|Draw1|col2,A,combined,1,1,1,1,2,1,77**,4,2,True,0,2,57,3
Michigan4,LS1,Midday,Set1,Draw1,2,col2,Midday|Set1|Draw1|col2,A,combined,1,1,1,1,2,2,**,2,1,True,0,2,57,3
Michigan4,LS1,Midday,Set1,Draw1,2,col2,Midday|Set1|Draw1|col2,B,own,1,1,1,1,2,0,977**,5,3,True,0,7,29,4
Michigan4,LS1,Midday,Set1,Draw1,2,col2,Midday|Set1|Draw1|col2,B,own,1,1,1,1,2,1,77**,4,2,True,0,7,29,4
Michigan4,LS1,Midday,Set1,Draw1,2,col2,Midday|Set1|Draw1|col2,B,own,1,1,1,1,2,2,77**,4,2,True,0,7,29,4
Michigan4,LS1,Midday,Set1,Draw1,2,col2,Midday|Set1|Draw1|col2,B,own,1,1,1,1,2,7,**,2,1,True,0,7,29,4
Michigan4,LS1,Midday,Set1,Draw1,2,col2,Midday|Set1|Draw1|col2,B,combined,1,1,1,1,2,0,977**,5,3,True,0,2,57,3
Michigan4,LS1,Midday,Set1,Draw1,2,col2,Midday|Set1|Draw1|col2,B,combined,1,1,1,1,2,1,77**,4,2,True,0,2,57,3
Michigan4,LS1,Midday,Set1,Draw1,2,col2,Midday|Set1|Draw1|col2,B,combined,1,1,1,1,2,2,**,2,1,True,0,2,57,3
Michigan4,LS1,Midday,Set1,Draw1,2,col2,Midday|Set1|Draw1|col2,C,own,1,1,1,1,2,0,977**,5,3,True,0,7,29,4
Michigan4,LS1,Midday,Set1,Draw1,2,col2,Midday|Set1|Draw1|col2,C,own,1,1,1,1,2,1,77**,4,2,True,0,7,29,4
Michigan4,LS1,Midday,Set1,Draw1,2,col2,Midday|Set1|Draw1|col2,C,own,1,1,1,1,2,2,77**,4,2,True,0,7,29,4
Michigan4,LS1,Midday,Set1,Draw1,2,col2,Midday|Set1|Draw1|col2,C,own,1,1,1,1,2,7,**,2,1,True,0,7,29,4
Michigan4,LS1,Midday,Set1,Draw1,2,col2,Midday|Set1|Draw1|col2,C,combined,1,1,1,1,2,0,977**,5,3,True,0,2,57,3
Michigan4,LS1,Midday,Set1,Draw1,2,col2,Midday|Set1|Draw1|col2,C,combined,1,1,1,1,2,1,77**,4,2,True,0,2,57,3
Michigan4,LS1,Midday,Set1,Draw1,2,col2,Midday|Set1|Draw1|col2,C,combined,1,1,1,1,2,2,**,2,1,True,0,2,57,3
Michigan4,LS1,Midday,Set1,Draw1,2,col2,Midday|Set1|Draw1|col2,D,own,1,1,1,1,2,0,977**,5,3,True,0,7,29,4
Michigan4,LS1,Midday,Set1,Draw1,2,col2,Midday|Set1|Draw1|col2,D,own,1,1,1,1,2,1,77**,4,2,True,0,7,29,4
Michigan4,LS1,Midday,Set1,Draw1,2,col2,Midday|Set1|Draw1|col2,D,own,1,1,1,1,2,2,77**,4,2,True,0,7,29,4
Michigan4,LS1,Midday,Set1,Draw1,2,col2,Midday|Set1|Draw1|col2,D,own,1,1,1,1,2,7,7**,3,2,True,0,7,29,4
Michigan4,LS1,Midday,Set1,Draw1,2,col2,Midday|Set1|Draw1|col2,D,combined,1,1,1,1,2,0,977**,5,3,True,0,2,57,3
Michigan4,LS1,Midday,Set1,Draw1,2,col2,Midday|Set1|Draw1|col2,D,combined,1,1,1,1,2,1,77**,4,2,True,0,2,57,3
Michigan4,LS1,Midday,Set1,Draw1,2,col2,Midday|Set1|Draw1|col2,D,combined,1,1,1,1,2,2,**,2,1,True,0,2,57,3
Michigan4,LS1,Midday,Set1,Draw1,2,col2,Midday|Set1|Draw1|col2,E,own,1,1,1,1,2,0,977**,5,3,True,0,7,29,4
Michigan4,LS1,Midday,Set1,Draw1,2,col2,Midday|Set1|Draw1|col2,E,own,1,1,1,1,2,1,77**,4,2,True,0,7,29,4
Michigan4,LS1,Midday,Set1,Draw1,2,col2,Midday|Set1|Draw1|col2,E,own,1,1,1,1,2,2,77**,4,2,True,0,7,29,4
Michigan4,LS1,Midday,Set1,Draw1,2,col2,Midday|Set1|Draw1|col2,E,own,1,1,1,1,2,7,7**,3,2,True,0,7,29,4
Michigan4,LS1,Midday,Set1,Draw1,2,col2,Midday|Set1|Draw1|col2,E,combined,1,1,1,1,2,0,977**,5,3,True,0,6,57,5
Michigan4,LS1,Midday,Set1,Draw1,2,col2,Midday|Set1|Draw1|col2,E,combined,1,1,1,1,2,1,77**,4,2,True,0,6,57,5
Michigan4,LS1,Midday,Set1,Draw1,2,col2,Midday|Set1|Draw1|col2,E,combined,1,1,1,1,2,2,7**,3,2,True,0,6,57,5
Michigan4,LS1,Midday,Set1,Draw1,2,col2,Midday|Set1|Draw1|col2,E,combined,1,1,1,1,2,3,7**,3,2,True,0,6,57,5
Michigan4,LS1,Midday,Set1,Draw1,2,col2,Midday|Set1|Draw1|col2,E,combined,1,1,1,1,2,6,**,2,1,True,0,6,57,5
Michigan4,LS1,Midday,Set1,Draw1,2,col2,Midday|Set1|Draw1|col2,T,own,1,1,1,1,2,0,977**,5,3,True,0,7,29,4
Michigan4,LS1,Midday,Set1,Draw1,2,col2,Midday|Set1|Draw1|col2,T,own,1,1,1,1,2,1,77**,4,2,True,0,7,29,4
Michigan4,LS1,Midday,Set1,Draw1,2,col2,Midday|Set1|Draw1|col2,T,own,1,1,1,1,2,2,77**,4,2,True,0,7,29,4
Michigan4,LS1,Midday,Set1,Draw1,2,col2,Midday|Set1|Draw1|col2,T,own,1,1,1,1,2,7,**,2,1,True,0,7,29,4
Michigan4,LS1,Midday,Set1,Draw1,2,col2,Midday|Set1|Draw1|col2,T,combined,1,1,1,1,2,0,977**,5,3,True,0,2,57,3
Michigan4,LS1,Midday,Set1,Draw1,2,col2,Midday|Set1|Draw1|col2,T,combined,1,1,1,1,2,1,77**,4,2,True,0,2,57,3
Michigan4,LS1,Midday,Set1,Draw1,2,col2,Midday|Set1|Draw1|col2,T,combined,1,1,1,1,2,2,**,2,1,True,0,2,57,3
Michigan4,LS1,Midday,Set1,Draw2,6,col6,Midday|Set1|Draw2|col6,A,own,1,1,1,2,6,0,59924006677,11,7,False,3,7,29,6
Michigan4,LS1,Midday,Set1,Draw2,6,col6,Midday|Set1|Draw2|col6,A,own,1,1,1,2,6,1,524006677,9,6,False,3,7,29,6
Michigan4,LS1,Midday,Set1,Draw2,6,col6,Midday|Set1|Draw2|col6,A,own,1,1,1,2,6,2,240077,6,4,False,3,7,29,6
Michigan4,LS1,Midday,Set1,Draw2,6,col6,Midday|Set1|Draw2|col6,A,own,1,1,1,2,6,3,277,3,2,True,3,7,29,6
Michigan4,LS1,Midday,Set1,Draw2,6,col6,Midday|Set1|Draw2|col6,A,own,1,1,1,2,6,4,277,3,2,True,3,7,29,6
Michigan4,LS1,Midday,Set1,Draw2,6,col6,Midday|Set1|Draw2|col6,A,own,1,1,1,2,6,7,77,2,1,True,3,7,29,6
Michigan4,LS1,Midday,Set1,Draw2,6,col6,Midday|Set1|Draw2|col6,A,combined,1,1,1,2,6,0,59924006677,11,7,False,3,6,7,7
Michigan4,LS1,Midday,Set1,Draw2,6,col6,Midday|Set1|Draw2|col6,A,combined,1,1,1,2,6,1,524006677,9,6,False,3,6,7,7
Michigan4,LS1,Midday,Set1,Draw2,6,col6,Midday|Set1|Draw2|col6,A,combined,1,1,1,2,6,2,5240066,7,5,False,3,6,7,7
Michigan4,LS1,Midday,Set1,Draw2,6,col6,Midday|Set1|Draw2|col6,A,combined,1,1,1,2,6,3,2400,4,3,True,3,6,7,7
Michigan4,LS1,Midday,Set1,Draw2,6,col6,Midday|Set1|Draw2|col6,A,combined,1,1,1,2,6,4,2400,4,3,True,3,6,7,7
Michigan4,LS1,Midday,Set1,Draw2,6,col6,Midday|Set1|Draw2|col6,A,combined,1,1,1,2,6,5,2,1,1,True,3,6,7,7
Michigan4,LS1,Midday,Set1,Draw2,6,col6,Midday|Set1|Draw2|col6,A,combined,1,1,1,2,6,6,,0,0,False,3,6,7,7
Michigan4,LS1,Midday,Set1,Draw2,6,col6,Midday|Set1|Draw2|col6,B,own,1,1,1,2,6,0,59924006677,11,7,False,3,7,29,6
Michigan4,LS1,Midday,Set1,Draw2,6,col6,Midday|Set1|Draw2|col6,B,own,1,1,1,2,6,1,5240077,7,5,False,3,7,29,6
Michigan4,LS1,Midday,Set1,Draw2,6,col6,Midday|Set1|Draw2|col6,B,own,1,1,1,2,6,2,240077,6,4,False,3,7,29,6
Michigan4,LS1,Midday,Set1,Draw2,6,col6,Midday|Set1|Draw2|col6,B,own,1,1,1,2,6,3,277,3,2,True,3,7,29,6
Michigan4,LS1,Midday,Set1,Draw2,6,col6,Midday|Set1|Draw2|col6,B,own,1,1,1,2,6,4,277,3,2,True,3,7,29,6
Michigan4,LS1,Midday,Set1,Draw2,6,col6,Midday|Set1|Draw2|col6,B,own,1,1,1,2,6,7,77,2,1,True,3,7,29,6
Michigan4,LS1,Midday,Set1,Draw2,6,col6,Midday|Set1|Draw2|col6,B,combined,1,1,1,2,6,0,59924006677,11,7,False,3,6,7,7
Michigan4,LS1,Midday,Set1,Draw2,6,col6,Midday|Set1|Draw2|col6,B,combined,1,1,1,2,6,1,5240077,7,5,False,3,6,7,7
Michigan4,LS1,Midday,Set1,Draw2,6,col6,Midday|Set1|Draw2|col6,B,combined,1,1,1,2,6,2,52400,5,4,False,3,6,7,7
Michigan4,LS1,Midday,Set1,Draw2,6,col6,Midday|Set1|Draw2|col6,B,combined,1,1,1,2,6,3,2400,4,3,True,3,6,7,7
Michigan4,LS1,Midday,Set1,Draw2,6,col6,Midday|Set1|Draw2|col6,B,combined,1,1,1,2,6,4,24,2,2,True,3,6,7,7
Michigan4,LS1,Midday,Set1,Draw2,6,col6,Midday|Set1|Draw2|col6,B,combined,1,1,1,2,6,5,2,1,1,True,3,6,7,7
Michigan4,LS1,Midday,Set1,Draw2,6,col6,Midday|Set1|Draw2|col6,B,combined,1,1,1,2,6,6,,0,0,False,3,6,7,7
Michigan4,LS1,Midday,Set1,Draw2,6,col6,Midday|Set1|Draw2|col6,C,own,1,1,1,2,6,0,59924006677,11,7,False,2,7,8,5
Michigan4,LS1,Midday,Set1,Draw2,6,col6,Midday|Set1|Draw2|col6,C,own,1,1,1,2,6,1,520077,6,4,False,2,7,8,5
Michigan4,LS1,Midday,Set1,Draw2,6,col6,Midday|Set1|Draw2|col6,C,own,1,1,1,2,6,2,277,3,2,True,2,7,8,5
Michigan4,LS1,Midday,Set1,Draw2,6,col6,Midday|Set1|Draw2|col6,C,own,1,1,1,2,6,3,277,3,2,True,2,7,8,5
Michigan4,LS1,Midday,Set1,Draw2,6,col6,Midday|Set1|Draw2|col6,C,own,1,1,1,2,6,7,,0,0,False,2,7,8,5
Michigan4,LS1,Midday,Set1,Draw2,6,col6,Midday|Set1|Draw2|col6,C,combined,1,1,1,2,6,0,59924006677,11,7,False,2,3,4,4
Michigan4,LS1,Midday,Set1,Draw2,6,col6,Midday|Set1|Draw2|col6,C,combined,1,1,1,2,6,1,520077,6,4,False,2,3,4,4
Michigan4,LS1,Midday,Set1,Draw2,6,col6,Midday|Set1|Draw2|col6,C,combined,1,1,1,2,6,2,500,3,2,True,2,3,4,4
Michigan4,LS1,Midday,Set1,Draw2,6,col6,Midday|Set1|Draw2|col6,C,combined,1,1,1,2,6,3,,0,0,False,2,3,4,4
Michigan4,LS1,Midday,Set1,Draw2,6,col6,Midday|Set1|Draw2|col6,D,own,1,1,1,2,6,0,59924006677,11,7,False,2,7,29,6
Michigan4,LS1,Midday,Set1,Draw2,6,col6,Midday|Set1|Draw2|col6,D,own,1,1,1,2,6,1,5200677,7,5,False,2,7,29,6
Michigan4,LS1,Midday,Set1,Draw2,6,col6,Midday|Set1|Draw2|col6,D,own,1,1,1,2,6,2,2077,4,3,True,2,7,29,6
Michigan4,LS1,Midday,Set1,Draw2,6,col6,Midday|Set1|Draw2|col6,D,own,1,1,1,2,6,3,277,3,2,True,2,7,29,6
Michigan4,LS1,Midday,Set1,Draw2,6,col6,Midday|Set1|Draw2|col6,D,own,1,1,1,2,6,4,277,3,2,True,2,7,29,6
Michigan4,LS1,Midday,Set1,Draw2,6,col6,Midday|Set1|Draw2|col6,D,own,1,1,1,2,6,7,7,1,1,True,2,7,29,6
Michigan4,LS1,Midday,Set1,Draw2,6,col6,Midday|Set1|Draw2|col6,D,combined,1,1,1,2,6,0,59924006677,11,7,False,2,4,5,5
Michigan4,LS1,Midday,Set1,Draw2,6,col6,Midday|Set1|Draw2|col6,D,combined,1,1,1,2,6,1,5200677,7,5,False,2,4,5,5
Michigan4,LS1,Midday,Set1,Draw2,6,col6,Midday|Set1|Draw2|col6,D,combined,1,1,1,2,6,2,500,3,2,True,2,4,5,5
Michigan4,LS1,Midday,Set1,Draw2,6,col6,Midday|Set1|Draw2|col6,D,combined,1,1,1,2,6,3,0,1,1,True,2,4,5,5
Michigan4,LS1,Midday,Set1,Draw2,6,col6,Midday|Set1|Draw2|col6,D,combined,1,1,1,2,6,4,,0,0,False,2,4,5,5
Michigan4,LS1,Midday,Set1,Draw2,6,col6,Midday|Set1|Draw2|col6,E,own,1,1,1,2,6,0,59924006677,11,7,False,5,7,29,8
Michigan4,LS1,Midday,Set1,Draw2,6,col6,Midday|Set1|Draw2|col6,E,own,1,1,1,2,6,1,592400677,9,7,False,5,7,29,8
Michigan4,LS1,Midday,Set1,Draw2,6,col6,Midday|Set1|Draw2|col6,E,own,1,1,1,2,6,2,9240077,7,5,False,5,7,29,8
Michigan4,LS1,Midday,Set1,Draw2,6,col6,Midday|Set1|Draw2|col6,E,own,1,1,1,2,6,3,92077,5,4,False,5,7,29,8
Michigan4,LS1,Midday,Set1,Draw2,6,col6,Midday|Set1|Draw2|col6,E,own,1,1,1,2,6,4,92077,5,4,False,5,7,29,8
Michigan4,LS1,Midday,Set1,Draw2,6,col6,Midday|Set1|Draw2|col6,E,own,1,1,1,2,6,5,277,3,2,True,5,7,29,8
Michigan4,LS1,Midday,Set1,Draw2,6,col6,Midday|Set1|Draw2|col6,E,own,1,1,1,2,6,6,277,3,2,True,5,7,29,8
Michigan4,LS1,Midday,Set1,Draw2,6,col6,Midday|Set1|Draw2|col6,E,own,1,1,1,2,6,7,77,2,1,True,5,7,29,8
Michigan4,LS1,Midday,Set1,Draw2,6,col6,Midday|Set1|Draw2|col6,E,combined,1,1,1,2,6,0,59924006677,11,7,False,5,10,11,11
Michigan4,LS1,Midday,Set1,Draw2,6,col6,Midday|Set1|Draw2|col6,E,combined,1,1,1,2,6,1,592400677,9,7,False,5,10,11,11
Michigan4,LS1,Midday,Set1,Draw2,6,col6,Midday|Set1|Draw2|col6,E,combined,1,1,1,2,6,2,5924007,7,6,False,5,10,11,11
Michigan4,LS1,Midday,Set1,Draw2,6,col6,Midday|Set1|Draw2|col6,E,combined,1,1,1,2,6,3,924007,6,5,False,5,10,11,11
Michigan4,LS1,Midday,Set1,Draw2,6,col6,Midday|Set1|Draw2|col6,E,combined,1,1,1,2,6,4,92407,5,5,False,5,10,11,11
Michigan4,LS1,Midday,Set1,Draw2,6,col6,Midday|Set1|Draw2|col6,E,combined,1,1,1,2,6,5,927,3,3,True,5,10,11,11
Michigan4,LS1,Midday,Set1,Draw2,6,col6,Midday|Set1|Draw2|col6,E,combined,1,1,1,2,6,6,97,2,2,True,5,10,11,11
Michigan4,LS1,Midday,Set1,Draw2,6,col6,Midday|Set1|Draw2|col6,E,combined,1,1,1,2,6,7,97,2,2,True,5,10,11,11
Michigan4,LS1,Midday,Set1,Draw2,6,col6,Midday|Set1|Draw2|col6,E,combined,1,1,1,2,6,8,7,1,1,True,5,10,11,11
Michigan4,LS1,Midday,Set1,Draw2,6,col6,Midday|Set1|Draw2|col6,E,combined,1,1,1,2,6,9,7,1,1,True,5,10,11,11
Michigan4,LS1,Midday,Set1,Draw2,6,col6,Midday|Set1|Draw2|col6,E,combined,1,1,1,2,6,10,,0,0,False,5,10,11,11
Michigan4,LS1,Midday,Set1,Draw2,6,col6,Midday|Set1|Draw2|col6,T,own,1,1,1,2,6,0,59924006677,11,7,False,2,7,29,5
Michigan4,LS1,Midday,Set1,Draw2,6,col6,Midday|Set1|Draw2|col6,T,own,1,1,1,2,6,1,520077,6,4,False,2,7,29,5
Michigan4,LS1,Midday,Set1,Draw2,6,col6,Midday|Set1|Draw2|col6,T,own,1,1,1,2,6,2,277,3,2,True,2,7,29,5
Michigan4,LS1,Midday,Set1,Draw2,6,col6,Midday|Set1|Draw2|col6,T,own,1,1,1,2,6,3,277,3,2,True,2,7,29,5
Michigan4,LS1,Midday,Set1,Draw2,6,col6,Midday|Set1|Draw2|col6,T,own,1,1,1,2,6,7,77,2,1,True,2,7,29,5
Michigan4,LS1,Midday,Set1,Draw2,6,col6,Midday|Set1|Draw2|col6,T,combined,1,1,1,2,6,0,59924006677,11,7,False,2,5,6,6
Michigan4,LS1,Midday,Set1,Draw2,6,col6,Midday|Set1|Draw2|col6,T,combined,1,1,1,2,6,1,520077,6,4,False,2,5,6,6
Michigan4,LS1,Midday,Set1,Draw2,6,col6,Midday|Set1|Draw2|col6,T,combined,1,1,1,2,6,2,500,3,2,True,2,5,6,6
Michigan4,LS1,Midday,Set1,Draw2,6,col6,Midday|Set1|Draw2|col6,T,combined,1,1,1,2,6,3,00,2,1,True,2,5,6,6
Michigan4,LS1,Midday,Set1,Draw2,6,col6,Midday|Set1|Draw2|col6,T,combined,1,1,1,2,6,4,00,2,1,True,2,5,6,6
Michigan4,LS1,Midday,Set1,Draw2,6,col6,Midday|Set1|Draw2|col6,T,combined,1,1,1,2,6,5,,0,0,False,2,5,6,6
Michigan4,LS1,Midday,Set1,Draw2,5,col5,Midday|Set1|Draw2|col5,A,own,1,1,1,2,5,0,59246677,8,6,False,2,7,29,6
Michigan4,LS1,Midday,Set1,Draw2,5,col5,Midday|Set1|Draw2|col5,A,own,1,1,1,2,5,1,5246677,7,5,False,2,7,29,6
Michigan4,LS1,Midday,Set1,Draw2,5,col5,Midday|Set1|Draw2|col5,A,own,1,1,1,2,5,2,2477,4,3,True,2,7,29,6
Michigan4,LS1,Midday,Set1,Draw2,5,col5,Midday|Set1|Draw2|col5,A,own,1,1,1,2,5,3,277,3,2,True,2,7,29,6
Michigan4,LS1,Midday,Set1,Draw2,5,col5,Midday|Set1|Draw2|col5,A,own,1,1,1,2,5,4,277,3,2,True,2,7,29,6
Michigan4,LS1,Midday,Set1,Draw2,5,col5,Midday|Set1|Draw2|col5,A,own,1,1,1,2,5,7,77,2,1,True,2,7,29,6
Michigan4,LS1,Midday,Set1,Draw2,5,col5,Midday|Set1|Draw2|col5,A,combined,1,1,1,2,5,0,59246677,8,6,False,3,6,7,7
Michigan4,LS1,Midday,Set1,Draw2,5,col5,Midday|Set1|Draw2|col5,A,combined,1,1,1,2,5,1,5246677,7,5,False,3,6,7,7
Michigan4,LS1,Midday,Set1,Draw2,5,col5,Midday|Set1|Draw2|col5,A,combined,1,1,1,2,5,2,52466,5,4,False,3,6,7,7
Michigan4,LS1,Midday,Set1,Draw2,5,col5,Midday|Set1|Draw2|col5,A,combined,1,1,1,2,5,3,24,2,2,True,3,6,7,7
Michigan4,LS1,Midday,Set1,Draw2,5,col5,Midday|Set1|Draw2|col5,A,combined,1,1,1,2,5,4,24,2,2,True,3,6,7,7
Michigan4,LS1,Midday,Set1,Draw2,5,col5,Midday|Set1|Draw2|col5,A,combined,1,1,1,2,5,5,2,1,1,True,3,6,7,7
Michigan4,LS1,Midday,Set1,Draw2,5,col5,Midday|Set1|Draw2|col5,A,combined,1,1,1,2,5,6,,0,0,False,3,6,7,7
Michigan4,LS1,Midday,Set1,Draw2,5,col5,Midday|Set1|Draw2|col5,B,own,1,1,1,2,5,0,59246677,8,6,False,2,7,29,6
Michigan4,LS1,Midday,Set1,Draw2,5,col5,Midday|Set1|Draw2|col5,B,own,1,1,1,2,5,1,52477,5,4,False,2,7,29,6
Michigan4,LS1,Midday,Set1,Draw2,5,col5,Midday|Set1|Draw2|col5,B,own,1,1,1,2,5,2,2477,4,3,True,2,7,29,6
Michigan4,LS1,Midday,Set1,Draw2,5,col5,Midday|Set1|Draw2|col5,B,own,1,1,1,2,5,3,277,3,2,True,2,7,29,6
Michigan4,LS1,Midday,Set1,Draw2,5,col5,Midday|Set1|Draw2|col5,B,own,1,1,1,2,5,4,277,3,2,True,2,7,29,6
Michigan4,LS1,Midday,Set1,Draw2,5,col5,Midday|Set1|Draw2|col5,B,own,1,1,1,2,5,7,77,2,1,True,2,7,29,6
Michigan4,LS1,Midday,Set1,Draw2,5,col5,Midday|Set1|Draw2|col5,B,combined,1,1,1,2,5,0,59246677,8,6,False,2,6,7,7
Michigan4,LS1,Midday,Set1,Draw2,5,col5,Midday|Set1|Draw2|col5,B,combined,1,1,1,2,5,1,52477,5,4,False,2,6,7,7
Michigan4,LS1,Midday,Set1,Draw2,5,col5,Midday|Set1|Draw2|col5,B,combined,1,1,1,2,5,2,524,3,3,True,2,6,7,7
Michigan4,LS1,Midday,Set1,Draw2,5,col5,Midday|Set1|Draw2|col5,B,combined,1,1,1,2,5,3,24,2,2,True,2,6,7,7
Michigan4,LS1,Midday,Set1,Draw2,5,col5,Midday|Set1|Draw2|col5,B,combined,1,1,1,2,5,4,24,2,2,True,2,6,7,7
Michigan4,LS1,Midday,Set1,Draw2,5,col5,Midday|Set1|Draw2|col5,B,combined,1,1,1,2,5,5,2,1,1,True,2,6,7,7
Michigan4,LS1,Midday,Set1,Draw2,5,col5,Midday|Set1|Draw2|col5,B,combined,1,1,1,2,5,6,,0,0,False,2,6,7,7
Michigan4,LS1,Midday,Set1,Draw2,5,col5,Midday|Set1|Draw2|col5,C,own,1,1,1,2,5,0,59246677,8,6,False,1,7,8,5
Michigan4,LS1,Midday,Set1,Draw2,5,col5,Midday|Set1|Draw2|col5,C,own,1,1,1,2,5,1,5277,4,3,True,1,7,8,5
Michigan4,LS1,Midday,Set1,Draw2,5,col5,Midday|Set1|Draw2|col5,C,own,1,1,1,2,5,2,277,3,2,True,1,7,8,5
Michigan4,LS1,Midday,Set1,Draw2,5,col5,Midday|Set1|Draw2|col5,C,own,1,1,1,2,5,3,277,3,2,True,1,7,8,5
Michigan4,LS1,Midday,Set1,Draw2,5,col5,Midday|Set1|Draw2|col5,C,own,1,1,1,2,5,7,,0,0,False,1,7,8,5
Michigan4,LS1,Midday,Set1,Draw2,5,col5,Midday|Set1|Draw2|col5,C,combined,1,1,1,2,5,0,59246677,8,6,False,1,3,4,4
Michigan4,LS1,Midday,Set1,Draw2,5,col5,Midday|Set1|Draw2|col5,C,combined,1,1,1,2,5,1,5277,4,3,True,1,3,4,4
Michigan4,LS1,Midday,Set1,Draw2,5,col5,Midday|Set1|Draw2|col5,C,combined,1,1,1,2,5,2,5,1,1,True,1,3,4,4
Michigan4,LS1,Midday,Set1,Draw2,5,col5,Midday|Set1|Draw2|col5,C,combined,1,1,1,2,5,3,,0,0,False,1,3,4,4
Michigan4,LS1,Midday,Set1,Draw2,5,col5,Midday|Set1|Draw2|col5,D,own,1,1,1,2,5,0,59246677,8,6,False,2,7,29,5
Michigan4,LS1,Midday,Set1,Draw2,5,col5,Midday|Set1|Draw2|col5,D,own,1,1,1,2,5,1,52677,5,4,False,2,7,29,5
Michigan4,LS1,Midday,Set1,Draw2,5,col5,Midday|Set1|Draw2|col5,D,own,1,1,1,2,5,2,277,3,2,True,2,7,29,5
Michigan4,LS1,Midday,Set1,Draw2,5,col5,Midday|Set1|Draw2|col5,D,own,1,1,1,2,5,3,277,3,2,True,2,7,29,5
Michigan4,LS1,Midday,Set1,Draw2,5,col5,Midday|Set1|Draw2|col5,D,own,1,1,1,2,5,7,7,1,1,True,2,7,29,5
Michigan4,LS1,Midday,Set1,Draw2,5,col5,Midday|Set1|Draw2|col5,D,combined,1,1,1,2,5,0,59246677,8,6,False,2,3,4,4
Michigan4,LS1,Midday,Set1,Draw2,5,col5,Midday|Set1|Draw2|col5,D,combined,1,1,1,2,5,1,52677,5,4,False,2,3,4,4
Michigan4,LS1,Midday,Set1,Draw2,5,col5,Midday|Set1|Draw2|col5,D,combined,1,1,1,2,5,2,5,1,1,True,2,3,4,4
Michigan4,LS1,Midday,Set1,Draw2,5,col5,Midday|Set1|Draw2|col5,D,combined,1,1,1,2,5,3,,0,0,False,2,3,4,4
Michigan4,LS1,Midday,Set1,Draw2,5,col5,Midday|Set1|Draw2|col5,E,own,1,1,1,2,5,0,59246677,8,6,False,2,7,29,6
Michigan4,LS1,Midday,Set1,Draw2,5,col5,Midday|Set1|Draw2|col5,E,own,1,1,1,2,5,1,524677,6,5,False,2,7,29,6
Michigan4,LS1,Midday,Set1,Draw2,5,col5,Midday|Set1|Draw2|col5,E,own,1,1,1,2,5,2,2477,4,3,True,2,7,29,6
Michigan4,LS1,Midday,Set1,Draw2,5,col5,Midday|Set1|Draw2|col5,E,own,1,1,1,2,5,3,277,3,2,True,2,7,29,6
Michigan4,LS1,Midday,Set1,Draw2,5,col5,Midday|Set1|Draw2|col5,E,own,1,1,1,2,5,4,277,3,2,True,2,7,29,6
Michigan4,LS1,Midday,Set1,Draw2,5,col5,Midday|Set1|Draw2|col5,E,own,1,1,1,2,5,7,77,2,1,True,2,7,29,6
Michigan4,LS1,Midday,Set1,Draw2,5,col5,Midday|Set1|Draw2|col5,E,combined,1,1,1,2,5,0,59246677,8,6,False,3,10,11,9
Michigan4,LS1,Midday,Set1,Draw2,5,col5,Midday|Set1|Draw2|col5,E,combined,1,1,1,2,5,1,524677,6,5,False,3,10,11,9
Michigan4,LS1,Midday,Set1,Draw2,5,col5,Midday|Set1|Draw2|col5,E,combined,1,1,1,2,5,2,5247,4,4,False,3,10,11,9
Michigan4,LS1,Midday,Set1,Draw2,5,col5,Midday|Set1|Draw2|col5,E,combined,1,1,1,2,5,3,247,3,3,True,3,10,11,9
Michigan4,LS1,Midday,Set1,Draw2,5,col5,Midday|Set1|Draw2|col5,E,combined,1,1,1,2,5,4,247,3,3,True,3,10,11,9
Michigan4,LS1,Midday,Set1,Draw2,5,col5,Midday|Set1|Draw2|col5,E,combined,1,1,1,2,5,5,27,2,2,True,3,10,11,9
Michigan4,LS1,Midday,Set1,Draw2,5,col5,Midday|Set1|Draw2|col5,E,combined,1,1,1,2,5,6,7,1,1,True,3,10,11,9
Michigan4,LS1,Midday,Set1,Draw2,5,col5,Midday|Set1|Draw2|col5,E,combined,1,1,1,2,5,7,7,1,1,True,3,10,11,9
Michigan4,LS1,Midday,Set1,Draw2,5,col5,Midday|Set1|Draw2|col5,E,combined,1,1,1,2,5,10,,0,0,False,3,10,11,9
Michigan4,LS1,Midday,Set1,Draw2,5,col5,Midday|Set1|Draw2|col5,T,own,1,1,1,2,5,0,59246677,8,6,False,1,7,29,5
Michigan4,LS1,Midday,Set1,Draw2,5,col5,Midday|Set1|Draw2|col5,T,own,1,1,1,2,5,1,5277,4,3,True,1,7,29,5
Michigan4,LS1,Midday,Set1,Draw2,5,col5,Midday|Set1|Draw2|col5,T,own,1,1,1,2,5,2,277,3,2,True,1,7,29,5
Michigan4,LS1,Midday,Set1,Draw2,5,col5,Midday|Set1|Draw2|col5,T,own,1,1,1,2,5,3,277,3,2,True,1,7,29,5
Michigan4,LS1,Midday,Set1,Draw2,5,col5,Midday|Set1|Draw2|col5,T,own,1,1,1,2,5,7,77,2,1,True,1,7,29,5
Michigan4,LS1,Midday,Set1,Draw2,5,col5,Midday|Set1|Draw2|col5,T,combined,1,1,1,2,5,0,59246677,8,6,False,1,6,7,6
Michigan4,LS1,Midday,Set1,Draw2,5,col5,Midday|Set1|Draw2|col5,T,combined,1,1,1,2,5,1,5277,4,3,True,1,6,7,6
Michigan4,LS1,Midday,Set1,Draw2,5,col5,Midday|Set1|Draw2|col5,T,combined,1,1,1,2,5,2,52,2,2,True,1,6,7,6
Michigan4,LS1,Midday,Set1,Draw2,5,col5,Midday|Set1|Draw2|col5,T,combined,1,1,1,2,5,3,2,1,1,True,1,6,7,6
Michigan4,LS1,Midday,Set1,Draw2,5,col5,Midday|Set1|Draw2|col5,T,combined,1,1,1,2,5,4,2,1,1,True,1,6,7,6
Michigan4,LS1,Midday,Set1,Draw2,5,col5,Midday|Set1|Draw2|col5,T,combined,1,1,1,2,5,6,,0,0,False,1,6,7,6
Michigan4,LS1,Midday,Set1,Draw2,4,col4,Midday|Set1|Draw2|col4,A,own,1,1,1,2,4,0,5924677*,8,7,False,3,7,29,8
Michigan4,LS1,Midday,Set1,Draw2,4,col4,Midday|Set1|Draw2|col4,A,own,1,1,1,2,4,1,524677*,7,6,False,3,7,29,8
Michigan4,LS1,Midday,Set1,Draw2,4,col4,Midday|Set1|Draw2|col4,A,own,1,1,1,2,4,2,2477*,5,4,False,3,7,29,8
Michigan4,LS1,Midday,Set1,Draw2,4,col4,Midday|Set1|Draw2|col4,A,own,1,1,1,2,4,3,277*,4,3,True,3,7,29,8
Michigan4,LS1,Midday,Set1,Draw2,4,col4,Midday|Set1|Draw2|col4,A,own,1,1,1,2,4,4,277*,4,3,True,3,7,29,8
Michigan4,LS1,Midday,Set1,Draw2,4,col4,Midday|Set1|Draw2|col4,A,own,1,1,1,2,4,5,277*,4,3,True,3,7,29,8
Michigan4,LS1,Midday,Set1,Draw2,4,col4,Midday|Set1|Draw2|col4,A,own,1,1,1,2,4,6,277*,4,3,True,3,7,29,8
Michigan4,LS1,Midday,Set1,Draw2,4,col4,Midday|Set1|Draw2|col4,A,own,1,1,1,2,4,7,77*,3,2,True,3,7,29,8
Michigan4,LS1,Midday,Set1,Draw2,4,col4,Midday|Set1|Draw2|col4,A,combined,1,1,1,2,4,0,5924677*,8,7,False,3,6,57,7
Michigan4,LS1,Midday,Set1,Draw2,4,col4,Midday|Set1|Draw2|col4,A,combined,1,1,1,2,4,1,524677*,7,6,False,3,6,57,7
Michigan4,LS1,Midday,Set1,Draw2,4,col4,Midday|Set1|Draw2|col4,A,combined,1,1,1,2,4,2,5246*,5,5,False,3,6,57,7
Michigan4,LS1,Midday,Set1,Draw2,4,col4,Midday|Set1|Draw2|col4,A,combined,1,1,1,2,4,3,24*,3,3,True,3,6,57,7
Michigan4,LS1,Midday,Set1,Draw2,4,col4,Midday|Set1|Draw2|col4,A,combined,1,1,1,2,4,4,24*,3,3,True,3,6,57,7
Michigan4,LS1,Midday,Set1,Draw2,4,col4,Midday|Set1|Draw2|col4,A,combined,1,1,1,2,4,5,2*,2,2,True,3,6,57,7
Michigan4,LS1,Midday,Set1,Draw2,4,col4,Midday|Set1|Draw2|col4,A,combined,1,1,1,2,4,6,*,1,1,True,3,6,57,7
Michigan4,LS1,Midday,Set1,Draw2,4,col4,Midday|Set1|Draw2|col4,B,own,1,1,1,2,4,0,5924677*,8,7,False,3,7,29,8
Michigan4,LS1,Midday,Set1,Draw2,4,col4,Midday|Set1|Draw2|col4,B,own,1,1,1,2,4,1,52477*,6,5,False,3,7,29,8
Michigan4,LS1,Midday,Set1,Draw2,4,col4,Midday|Set1|Draw2|col4,B,own,1,1,1,2,4,2,2477*,5,4,False,3,7,29,8
Michigan4,LS1,Midday,Set1,Draw2,4,col4,Midday|Set1|Draw2|col4,B,own,1,1,1,2,4,3,277*,4,3,True,3,7,29,8
Michigan4,LS1,Midday,Set1,Draw2,4,col4,Midday|Set1|Draw2|col4,B,own,1,1,1,2,4,4,277*,4,3,True,3,7,29,8
Michigan4,LS1,Midday,Set1,Draw2,4,col4,Midday|Set1|Draw2|col4,B,own,1,1,1,2,4,5,277*,4,3,True,3,7,29,8
Michigan4,LS1,Midday,Set1,Draw2,4,col4,Midday|Set1|Draw2|col4,B,own,1,1,1,2,4,6,277*,4,3,True,3,7,29,8
Michigan4,LS1,Midday,Set1,Draw2,4,col4,Midday|Set1|Draw2|col4,B,own,1,1,1,2,4,7,77*,3,2,True,3,7,29,8
Michigan4,LS1,Midday,Set1,Draw2,4,col4,Midday|Set1|Draw2|col4,B,combined,1,1,1,2,4,0,5924677*,8,7,False,3,6,57,7
Michigan4,LS1,Midday,Set1,Draw2,4,col4,Midday|Set1|Draw2|col4,B,combined,1,1,1,2,4,1,52477*,6,5,False,3,6,57,7
Michigan4,LS1,Midday,Set1,Draw2,4,col4,Midday|Set1|Draw2|col4,B,combined,1,1,1,2,4,2,524*,4,4,False,3,6,57,7
Michigan4,LS1,Midday,Set1,Draw2,4,col4,Midday|Set1|Draw2|col4,B,combined,1,1,1,2,4,3,24*,3,3,True,3,6,57,7
Michigan4,LS1,Midday,Set1,Draw2,4,col4,Midday|Set1|Draw2|col4,B,combined,1,1,1,2,4,4,24*,3,3,True,3,6,57,7
Michigan4,LS1,Midday,Set1,Draw2,4,col4,Midday|Set1|Draw2|col4,B,combined,1,1,1,2,4,5,2*,2,2,True,3,6,57,7
Michigan4,LS1,Midday,Set1,Draw2,4,col4,Midday|Set1|Draw2|col4,B,combined,1,1,1,2,4,6,*,1,1,True,3,6,57,7
Michigan4,LS1,Midday,Set1,Draw2,4,col4,Midday|Set1|Draw2|col4,C,own,1,1,1,2,4,0,5924677*,8,7,False,2,7,29,8
Michigan4,LS1,Midday,Set1,Draw2,4,col4,Midday|Set1|Draw2|col4,C,own,1,1,1,2,4,1,5277*,5,4,False,2,7,29,8
Michigan4,LS1,Midday,Set1,Draw2,4,col4,Midday|Set1|Draw2|col4,C,own,1,1,1,2,4,2,277*,4,3,True,2,7,29,8
Michigan4,LS1,Midday,Set1,Draw2,4,col4,Midday|Set1|Draw2|col4,C,own,1,1,1,2,4,3,277*,4,3,True,2,7,29,8
Michigan4,LS1,Midday,Set1,Draw2,4,col4,Midday|Set1|Draw2|col4,C,own,1,1,1,2,4,4,277*,4,3,True,2,7,29,8
Michigan4,LS1,Midday,Set1,Draw2,4,col4,Midday|Set1|Draw2|col4,C,own,1,1,1,2,4,5,277*,4,3,True,2,7,29,8
Michigan4,LS1,Midday,Set1,Draw2,4,col4,Midday|Set1|Draw2|col4,C,own,1,1,1,2,4,6,277*,4,3,True,2,7,29,8
Michigan4,LS1,Midday,Set1,Draw2,4,col4,Midday|Set1|Draw2|col4,C,own,1,1,1,2,4,7,*,1,1,True,2,7,29,8
Michigan4,LS1,Midday,Set1,Draw2,4,col4,Midday|Set1|Draw2|col4,C,combined,1,1,1,2,4,0,5924677*,8,7,False,2,3,57,4
Michigan4,LS1,Midday,Set1,Draw2,4,col4,Midday|Set1|Draw2|col4,C,combined,1,1,1,2,4,1,5277*,5,4,False,2,3,57,4
Michigan4,LS1,Midday,Set1,Draw2,4,col4,Midday|Set1|Draw2|col4,C,combined,1,1,1,2,4,2,5*,2,2,True,2,3,57,4
Michigan4,LS1,Midday,Set1,Draw2,4,col4,Midday|Set1|Draw2|col4,C,combined,1,1,1,2,4,3,*,1,1,True,2,3,57,4
Michigan4,LS1,Midday,Set1,Draw2,4,col4,Midday|Set1|Draw2|col4,D,own,1,1,1,2,4,0,5924677*,8,7,False,2,7,29,8
Michigan4,LS1,Midday,Set1,Draw2,4,col4,Midday|Set1|Draw2|col4,D,own,1,1,1,2,4,1,5277*,5,4,False,2,7,29,8
Michigan4,LS1,Midday,Set1,Draw2,4,col4,Midday|Set1|Draw2|col4,D,own,1,1,1,2,4,2,277*,4,3,True,2,7,29,8
Michigan4,LS1,Midday,Set1,Draw2,4,col4,Midday|Set1|Draw2|col4,D,own,1,1,1,2,4,3,277*,4,3,True,2,7,29,8
Michigan4,LS1,Midday,Set1,Draw2,4,col4,Midday|Set1|Draw2|col4,D,own,1,1,1,2,4,4,277*,4,3,True,2,7,29,8
Michigan4,LS1,Midday,Set1,Draw2,4,col4,Midday|Set1|Draw2|col4,D,own,1,1,1,2,4,5,277*,4,3,True,2,7,29,8
Michigan4,LS1,Midday,Set1,Draw2,4,col4,Midday|Set1|Draw2|col4,D,own,1,1,1,2,4,6,277*,4,3,True,2,7,29,8
Michigan4,LS1,Midday,Set1,Draw2,4,col4,Midday|Set1|Draw2|col4,D,own,1,1,1,2,4,7,7*,2,2,True,2,7,29,8
Michigan4,LS1,Midday,Set1,Draw2,4,col4,Midday|Set1|Draw2|col4,D,combined,1,1,1,2,4,0,5924677*,8,7,False,2,3,57,4
Michigan4,LS1,Midday,Set1,Draw2,4,col4,Midday|Set1|Draw2|col4,D,combined,1,1,1,2,4,1,5277*,5,4,False,2,3,57,4
Michigan4,LS1,Midday,Set1,Draw2,4,col4,Midday|Set1|Draw2|col4,D,combined,1,1,1,2,4,2,5*,2,2,True,2,3,57,4
Michigan4,LS1,Midday,Set1,Draw2,4,col4,Midday|Set1|Draw2|col4,D,combined,1,1,1,2,4,3,*,1,1,True,2,3,57,4
Michigan4,LS1,Midday,Set1,Draw2,4,col4,Midday|Set1|Draw2|col4,E,own,1,1,1,2,4,0,5924677*,8,7,False,3,7,29,8
Michigan4,LS1,Midday,Set1,Draw2,4,col4,Midday|Set1|Draw2|col4,E,own,1,1,1,2,4,1,52477*,6,5,False,3,7,29,8
Michigan4,LS1,Midday,Set1,Draw2,4,col4,Midday|Set1|Draw2|col4,E,own,1,1,1,2,4,2,2477*,5,4,False,3,7,29,8
Michigan4,LS1,Midday,Set1,Draw2,4,col4,Midday|Set1|Draw2|col4,E,own,1,1,1,2,4,3,277*,4,3,True,3,7,29,8
Michigan4,LS1,Midday,Set1,Draw2,4,col4,Midday|Set1|Draw2|col4,E,own,1,1,1,2,4,4,277*,4,3,True,3,7,29,8
Michigan4,LS1,Midday,Set1,Draw2,4,col4,Midday|Set1|Draw2|col4,E,own,1,1,1,2,4,5,277*,4,3,True,3,7,29,8
Michigan4,LS1,Midday,Set1,Draw2,4,col4,Midday|Set1|Draw2|col4,E,own,1,1,1,2,4,6,277*,4,3,True,3,7,29,8
Michigan4,LS1,Midday,Set1,Draw2,4,col4,Midday|Set1|Draw2|col4,E,own,1,1,1,2,4,7,77*,3,2,True,3,7,29,8
Michigan4,LS1,Midday,Set1,Draw2,4,col4,Midday|Set1|Draw2|col4,E,combined,1,1,1,2,4,0,5924677*,8,7,False,5,10,57,9
Michigan4,LS1,Midday,Set1,Draw2,4,col4,Midday|Set1|Draw2|col4,E,combined,1,1,1,2,4,1,52477*,6,5,False,5,10,57,9
Michigan4,LS1,Midday,Set1,Draw2,4,col4,Midday|Set1|Draw2|col4,E,combined,1,1,1,2,4,2,5247*,5,5,False,5,10,57,9
Michigan4,LS1,Midday,Set1,Draw2,4,col4,Midday|Set1|Draw2|col4,E,combined,1,1,1,2,4,3,247*,4,4,False,5,10,57,9
Michigan4,LS1,Midday,Set1,Draw2,4,col4,Midday|Set1|Draw2|col4,E,combined,1,1,1,2,4,4,247*,4,4,False,5,10,57,9
Michigan4,LS1,Midday,Set1,Draw2,4,col4,Midday|Set1|Draw2|col4,E,combined,1,1,1,2,4,5,27*,3,3,True,5,10,57,9
Michigan4,LS1,Midday,Set1,Draw2,4,col4,Midday|Set1|Draw2|col4,E,combined,1,1,1,2,4,6,7*,2,2,True,5,10,57,9
Michigan4,LS1,Midday,Set1,Draw2,4,col4,Midday|Set1|Draw2|col4,E,combined,1,1,1,2,4,7,7*,2,2,True,5,10,57,9
Michigan4,LS1,Midday,Set1,Draw2,4,col4,Midday|Set1|Draw2|col4,E,combined,1,1,1,2,4,10,*,1,1,True,5,10,57,9
Michigan4,LS1,Midday,Set1,Draw2,4,col4,Midday|Set1|Draw2|col4,T,own,1,1,1,2,4,0,5924677*,8,7,False,2,7,29,8
Michigan4,LS1,Midday,Set1,Draw2,4,col4,Midday|Set1|Draw2|col4,T,own,1,1,1,2,4,1,5277*,5,4,False,2,7,29,8
Michigan4,LS1,Midday,Set1,Draw2,4,col4,Midday|Set1|Draw2|col4,T,own,1,1,1,2,4,2,277*,4,3,True,2,7,29,8
Michigan4,LS1,Midday,Set1,Draw2,4,col4,Midday|Set1|Draw2|col4,T,own,1,1,1,2,4,3,277*,4,3,True,2,7,29,8
Michigan4,LS1,Midday,Set1,Draw2,4,col4,Midday|Set1|Draw2|col4,T,own,1,1,1,2,4,4,277*,4,3,True,2,7,29,8
Michigan4,LS1,Midday,Set1,Draw2,4,col4,Midday|Set1|Draw2|col4,T,own,1,1,1,2,4,5,277*,4,3,True,2,7,29,8
Michigan4,LS1,Midday,Set1,Draw2,4,col4,Midday|Set1|Draw2|col4,T,own,1,1,1,2,4,6,277*,4,3,True,2,7,29,8
Michigan4,LS1,Midday,Set1,Draw2,4,col4,Midday|Set1|Draw2|col4,T,own,1,1,1,2,4,7,77*,3,2,True,2,7,29,8
Michigan4,LS1,Midday,Set1,Draw2,4,col4,Midday|Set1|Draw2|col4,T,combined,1,1,1,2,4,0,5924677*,8,7,False,2,6,57,6
Michigan4,LS1,Midday,Set1,Draw2,4,col4,Midday|Set1|Draw2|col4,T,combined,1,1,1,2,4,1,5277*,5,4,False,2,6,57,6
Michigan4,LS1,Midday,Set1,Draw2,4,col4,Midday|Set1|Draw2|col4,T,combined,1,1,1,2,4,2,52*,3,3,True,2,6,57,6
Michigan4,LS1,Midday,Set1,Draw2,4,col4,Midday|Set1|Draw2|col4,T,combined,1,1,1,2,4,3,2*,2,2,True,2,6,57,6
Michigan4,LS1,Midday,Set1,Draw2,4,col4,Midday|Set1|Draw2|col4,T,combined,1,1,1,2,4,4,2*,2,2,True,2,6,57,6
Michigan4,LS1,Midday,Set1,Draw2,4,col4,Midday|Set1|Draw2|col4,T,combined,1,1,1,2,4,6,*,1,1,True,2,6,57,6
Michigan4,LS1,Midday,Set1,Draw3,5,col5,Midday|Set1|Draw3|col5,A,own,1,1,1,3,5,0,55924186677,11,8,False,3,7,29,6
Michigan4,LS1,Midday,Set1,Draw3,5,col5,Midday|Set1|Draw3|col5,A,own,1,1,1,3,5,1,552486677,9,6,False,3,7,29,6
Michigan4,LS1,Midday,Set1,Draw3,5,col5,Midday|Set1|Draw3|col5,A,own,1,1,1,3,5,2,24877,5,4,False,3,7,29,6
Michigan4,LS1,Midday,Set1,Draw3,5,col5,Midday|Set1|Draw3|col5,A,own,1,1,1,3,5,3,277,3,2,True,3,7,29,6
Michigan4,LS1,Midday,Set1,Draw3,5,col5,Midday|Set1|Draw3|col5,A,own,1,1,1,3,5,4,277,3,2,True,3,7,29,6
Michigan4,LS1,Midday,Set1,Draw3,5,col5,Midday|Set1|Draw3|col5,A,own,1,1,1,3,5,7,77,2,1,True,3,7,29,6
Michigan4,LS1,Midday,Set1,Draw3,5,col5,Midday|Set1|Draw3|col5,A,combined,1,1,1,3,5,0,55924186677,11,8,False,3,6,7,7
Michigan4,LS1,Midday,Set1,Draw3,5,col5,Midday|Set1|Draw3|col5,A,combined,1,1,1,3,5,1,552486677,9,6,False,3,6,7,7
Michigan4,LS1,Midday,Set1,Draw3,5,col5,Midday|Set1|Draw3|col5,A,combined,1,1,1,3,5,2,5524866,7,5,False,3,6,7,7
Michigan4,LS1,Midday,Set1,Draw3,5,col5,Midday|Set1|Draw3|col5,A,combined,1,1,1,3,5,3,248,3,3,True,3,6,7,7
Michigan4,LS1,Midday,Set1,Draw3,5,col5,Midday|Set1|Draw3|col5,A,combined,1,1,1,3,5,4,248,3,3,True,3,6,7,7
Michigan4,LS1,Midday,Set1,Draw3,5,col5,Midday|Set1|Draw3|col5,A,combined,1,1,1,3,5,5,2,1,1,True,3,6,7,7
Michigan4,LS1,Midday,Set1,Draw3,5,col5,Midday|Set1|Draw3|col5,A,combined,1,1,1,3,5,6,,0,0,False,3,6,7,7
Michigan4,LS1,Midday,Set1,Draw3,5,col5,Midday|Set1|Draw3|col5,B,own,1,1,1,3,5,0,55924186677,11,8,False,2,7,29,6
Michigan4,LS1,Midday,Set1,Draw3,5,col5,Midday|Set1|Draw3|col5,B,own,1,1,1,3,5,1,55246677,8,5,False,2,7,29,6
Michigan4,LS1,Midday,Set1,Draw3,5,col5,Midday|Set1|Draw3|col5,B,own,1,1,1,3,5,2,2477,4,3,True,2,7,29,6
Michigan4,LS1,Midday,Set1,Draw3,5,col5,Midday|Set1|Draw3|col5,B,own,1,1,1,3,5,3,277,3,2,True,2,7,29,6
Michigan4,LS1,Midday,Set1,Draw3,5,col5,Midday|Set1|Draw3|col5,B,own,1,1,1,3,5,4,277,3,2,True,2,7,29,6
Michigan4,LS1,Midday,Set1,Draw3,5,col5,Midday|Set1|Draw3|col5,B,own,1,1,1,3,5,7,77,2,1,True,2,7,29,6
Michigan4,LS1,Midday,Set1,Draw3,5,col5,Midday|Set1|Draw3|col5,B,combined,1,1,1,3,5,0,55924186677,11,8,False,2,6,7,7
Michigan4,LS1,Midday,Set1,Draw3,5,col5,Midday|Set1|Draw3|col5,B,combined,1,1,1,3,5,1,55246677,8,5,False,2,6,7,7
Michigan4,LS1,Midday,Set1,Draw3,5,col5,Midday|Set1|Draw3|col5,B,combined,1,1,1,3,5,2,5524,4,3,True,2,6,7,7
Michigan4,LS1,Midday,Set1,Draw3,5,col5,Midday|Set1|Draw3|col5,B,combined,1,1,1,3,5,3,24,2,2,True,2,6,7,7
Michigan4,LS1,Midday,Set1,Draw3,5,col5,Midday|Set1|Draw3|col5,B,combined,1,1,1,3,5,4,24,2,2,True,2,6,7,7
Michigan4,LS1,Midday,Set1,Draw3,5,col5,Midday|Set1|Draw3|col5,B,combined,1,1,1,3,5,5,2,1,1,True,2,6,7,7
Michigan4,LS1,Midday,Set1,Draw3,5,col5,Midday|Set1|Draw3|col5,B,combined,1,1,1,3,5,6,,0,0,False,2,6,7,7
Michigan4,LS1,Midday,Set1,Draw3,5,col5,Midday|Set1|Draw3|col5,C,own,1,1,1,3,5,0,55924186677,11,8,False,1,7,8,5
Michigan4,LS1,Midday,Set1,Draw3,5,col5,Midday|Set1|Draw3|col5,C,own,1,1,1,3,5,1,55277,5,3,True,1,7,8,5
Michigan4,LS1,Midday,Set1,Draw3,5,col5,Midday|Set1|Draw3|col5,C,own,1,1,1,3,5,2,277,3,2,True,1,7,8,5
Michigan4,LS1,Midday,Set1,Draw3,5,col5,Midday|Set1|Draw3|col5,C,own,1,1,1,3,5,3,277,3,2,True,1,7,8,5
Michigan4,LS1,Midday,Set1,Draw3,5,col5,Midday|Set1|Draw3|col5,C,own,1,1,1,3,5,7,,0,0,False,1,7,8,5
Michigan4,LS1,Midday,Set1,Draw3,5,col5,Midday|Set1|Draw3|col5,C,combined,1,1,1,3,5,0,55924186677,11,8,False,1,3,4,4
Michigan4,LS1,Midday,Set1,Draw3,5,col5,Midday|Set1|Draw3|col5,C,combined,1,1,1,3,5,1,55277,5,3,True,1,3,4,4
Michigan4,LS1,Midday,Set1,Draw3,5,col5,Midday|Set1|Draw3|col5,C,combined,1,1,1,3,5,2,55,2,1,True,1,3,4,4
Michigan4,LS1,Midday,Set1,Draw3,5,col5,Midday|Set1|Draw3|col5,C,combined,1,1,1,3,5,3,,0,0,False,1,3,4,4
Michigan4,LS1,Midday,Set1,Draw3,5,col5,Midday|Set1|Draw3|col5,D,own,1,1,1,3,5,0,55924186677,11,8,False,2,7,29,5
Michigan4,LS1,Midday,Set1,Draw3,5,col5,Midday|Set1|Draw3|col5,D,own,1,1,1,3,5,1,552677,6,4,False,2,7,29,5
Michigan4,LS1,Midday,Set1,Draw3,5,col5,Midday|Set1|Draw3|col5,D,own,1,1,1,3,5,2,277,3,2,True,2,7,29,5
Michigan4,LS1,Midday,Set1,Draw3,5,col5,Midday|Set1|Draw3|col5,D,own,1,1,1,3,5,3,277,3,2,True,2,7,29,5
Michigan4,LS1,Midday,Set1,Draw3,5,col5,Midday|Set1|Draw3|col5,D,own,1,1,1,3,5,7,7,1,1,True,2,7,29,5
Michigan4,LS1,Midday,Set1,Draw3,5,col5,Midday|Set1|Draw3|col5,D,combined,1,1,1,3,5,0,55924186677,11,8,False,2,3,4,4
Michigan4,LS1,Midday,Set1,Draw3,5,col5,Midday|Set1|Draw3|col5,D,combined,1,1,1,3,5,1,552677,6,4,False,2,3,4,4
Michigan4,LS1,Midday,Set1,Draw3,5,col5,Midday|Set1|Draw3|col5,D,combined,1,1,1,3,5,2,55,2,1,True,2,3,4,4
Michigan4,LS1,Midday,Set1,Draw3,5,col5,Midday|Set1|Draw3|col5,D,combined,1,1,1,3,5,3,,0,0,False,2,3,4,4
Michigan4,LS1,Midday,Set1,Draw3,5,col5,Midday|Set1|Draw3|col5,E,own,1,1,1,3,5,0,55924186677,11,8,False,3,7,29,6
Michigan4,LS1,Midday,Set1,Draw3,5,col5,Midday|Set1|Draw3|col5,E,own,1,1,1,3,5,1,55246677,8,5,False,3,7,29,6
Michigan4,LS1,Midday,Set1,Draw3,5,col5,Midday|Set1|Draw3|col5,E,own,1,1,1,3,5,2,52477,5,4,False,3,7,29,6
Michigan4,LS1,Midday,Set1,Draw3,5,col5,Midday|Set1|Draw3|col5,E,own,1,1,1,3,5,3,277,3,2,True,3,7,29,6
Michigan4,LS1,Midday,Set1,Draw3,5,col5,Midday|Set1|Draw3|col5,E,own,1,1,1,3,5,4,277,3,2,True,3,7,29,6
Michigan4,LS1,Midday,Set1,Draw3,5,col5,Midday|Set1|Draw3|col5,E,own,1,1,1,3,5,7,77,2,1,True,3,7,29,6
Michigan4,LS1,Midday,Set1,Draw3,5,col5,Midday|Set1|Draw3|col5,E,combined,1,1,1,3,5,0,55924186677,11,8,False,4,10,11,9
Michigan4,LS1,Midday,Set1,Draw3,5,col5,Midday|Set1|Draw3|col5,E,combined,1,1,1,3,5,1,55246677,8,5,False,4,10,11,9
Michigan4,LS1,Midday,Set1,Draw3,5,col5,Midday|Set1|Draw3|col5,E,combined,1,1,1,3,5,2,55247,5,4,False,4,10,11,9
Michigan4,LS1,Midday,Set1,Draw3,5,col5,Midday|Set1|Draw3|col5,E,combined,1,1,1,3,5,3,5247,4,4,False,4,10,11,9
Michigan4,LS1,Midday,Set1,Draw3,5,col5,Midday|Set1|Draw3|col5,E,combined,1,1,1,3,5,4,247,3,3,True,4,10,11,9
Michigan4,LS1,Midday,Set1,Draw3,5,col5,Midday|Set1|Draw3|col5,E,combined,1,1,1,3,5,5,27,2,2,True,4,10,11,9
Michigan4,LS1,Midday,Set1,Draw3,5,col5,Midday|Set1|Draw3|col5,E,combined,1,1,1,3,5,6,7,1,1,True,4,10,11,9
Michigan4,LS1,Midday,Set1,Draw3,5,col5,Midday|Set1|Draw3|col5,E,combined,1,1,1,3,5,7,7,1,1,True,4,10,11,9
Michigan4,LS1,Midday,Set1,Draw3,5,col5,Midday|Set1|Draw3|col5,E,combined,1,1,1,3,5,10,,0,0,False,4,10,11,9
Michigan4,LS1,Midday,Set1,Draw3,5,col5,Midday|Set1|Draw3|col5,T,own,1,1,1,3,5,0,55924186677,11,8,False,1,7,29,5
Michigan4,LS1,Midday,Set1,Draw3,5,col5,Midday|Set1|Draw3|col5,T,own,1,1,1,3,5,1,55277,5,3,True,1,7,29,5
Michigan4,LS1,Midday,Set1,Draw3,5,col5,Midday|Set1|Draw3|col5,T,own,1,1,1,3,5,2,277,3,2,True,1,7,29,5
Michigan4,LS1,Midday,Set1,Draw3,5,col5,Midday|Set1|Draw3|col5,T,own,1,1,1,3,5,3,277,3,2,True,1,7,29,5
Michigan4,LS1,Midday,Set1,Draw3,5,col5,Midday|Set1|Draw3|col5,T,own,1,1,1,3,5,7,77,2,1,True,1,7,29,5
Michigan4,LS1,Midday,Set1,Draw3,5,col5,Midday|Set1|Draw3|col5,T,combined,1,1,1,3,5,0,55924186677,11,8,False,1,6,7,6
Michigan4,LS1,Midday,Set1,Draw3,5,col5,Midday|Set1|Draw3|col5,T,combined,1,1,1,3,5,1,55277,5,3,True,1,6,7,6
Michigan4,LS1,Midday,Set1,Draw3,5,col5,Midday|Set1|Draw3|col5,T,combined,1,1,1,3,5,2,552,3,2,True,1,6,7,6
Michigan4,LS1,Midday,Set1,Draw3,5,col5,Midday|Set1|Draw3|col5,T,combined,1,1,1,3,5,3,2,1,1,True,1,6,7,6
Michigan4,LS1,Midday,Set1,Draw3,5,col5,Midday|Set1|Draw3|col5,T,combined,1,1,1,3,5,4,2,1,1,True,1,6,7,6
Michigan4,LS1,Midday,Set1,Draw3,5,col5,Midday|Set1|Draw3|col5,T,combined,1,1,1,3,5,6,,0,0,False,1,6,7,6
Michigan4,LS1,Midday,Set1,Draw3,4,col4,Midday|Set1|Draw3|col4,A,own,1,1,1,3,4,0,55924677,8,6,False,2,7,29,6
Michigan4,LS1,Midday,Set1,Draw3,4,col4,Midday|Set1|Draw3|col4,A,own,1,1,1,3,4,1,5524677,7,5,False,2,7,29,6
Michigan4,LS1,Midday,Set1,Draw3,4,col4,Midday|Set1|Draw3|col4,A,own,1,1,1,3,4,2,2477,4,3,True,2,7,29,6
Michigan4,LS1,Midday,Set1,Draw3,4,col4,Midday|Set1|Draw3|col4,A,own,1,1,1,3,4,3,277,3,2,True,2,7,29,6
Michigan4,LS1,Midday,Set1,Draw3,4,col4,Midday|Set1|Draw3|col4,A,own,1,1,1,3,4,4,277,3,2,True,2,7,29,6
Michigan4,LS1,Midday,Set1,Draw3,4,col4,Midday|Set1|Draw3|col4,A,own,1,1,1,3,4,7,77,2,1,True,2,7,29,6
Michigan4,LS1,Midday,Set1,Draw3,4,col4,Midday|Set1|Draw3|col4,A,combined,1,1,1,3,4,0,55924677,8,6,False,3,6,7,7
Michigan4,LS1,Midday,Set1,Draw3,4,col4,Midday|Set1|Draw3|col4,A,combined,1,1,1,3,4,1,5524677,7,5,False,3,6,7,7
Michigan4,LS1,Midday,Set1,Draw3,4,col4,Midday|Set1|Draw3|col4,A,combined,1,1,1,3,4,2,55246,5,4,False,3,6,7,7
Michigan4,LS1,Midday,Set1,Draw3,4,col4,Midday|Set1|Draw3|col4,A,combined,1,1,1,3,4,3,24,2,2,True,3,6,7,7
Michigan4,LS1,Midday,Set1,Draw3,4,col4,Midday|Set1|Draw3|col4,A,combined,1,1,1,3,4,4,24,2,2,True,3,6,7,7
Michigan4,LS1,Midday,Set1,Draw3,4,col4,Midday|Set1|Draw3|col4,A,combined,1,1,1,3,4,5,2,1,1,True,3,6,7,7
Michigan4,LS1,Midday,Set1,Draw3,4,col4,Midday|Set1|Draw3|col4,A,combined,1,1,1,3,4,6,,0,0,False,3,6,7,7
Michigan4,LS1,Midday,Set1,Draw3,4,col4,Midday|Set1|Draw3|col4,B,own,1,1,1,3,4,0,55924677,8,6,False,2,7,29,6
Michigan4,LS1,Midday,Set1,Draw3,4,col4,Midday|Set1|Draw3|col4,B,own,1,1,1,3,4,1,552477,6,4,False,2,7,29,6
Michigan4,LS1,Midday,Set1,Draw3,4,col4,Midday|Set1|Draw3|col4,B,own,1,1,1,3,4,2,2477,4,3,True,2,7,29,6
Michigan4,LS1,Midday,Set1,Draw3,4,col4,Midday|Set1|Draw3|col4,B,own,1,1,1,3,4,3,277,3,2,True,2,7,29,6
Michigan4,LS1,Midday,Set1,Draw3,4,col4,Midday|Set1|Draw3|col4,B,own,1,1,1,3,4,4,277,3,2,True,2,7,29,6
Michigan4,LS1,Midday,Set1,Draw3,4,col4,Midday|Set1|Draw3|col4,B,own,1,1,1,3,4,7,77,2,1,True,2,7,29,6
Michigan4,LS1,Midday,Set1,Draw3,4,col4,Midday|Set1|Draw3|col4,B,combined,1,1,1,3,4,0,55924677,8,6,False,2,6,7,7
Michigan4,LS1,Midday,Set1,Draw3,4,col4,Midday|Set1|Draw3|col4,B,combined,1,1,1,3,4,1,552477,6,4,False,2,6,7,7
Michigan4,LS1,Midday,Set1,Draw3,4,col4,Midday|Set1|Draw3|col4,B,combined,1,1,1,3,4,2,5524,4,3,True,2,6,7,7
Michigan4,LS1,Midday,Set1,Draw3,4,col4,Midday|Set1|Draw3|col4,B,combined,1,1,1,3,4,3,24,2,2,True,2,6,7,7
Michigan4,LS1,Midday,Set1,Draw3,4,col4,Midday|Set1|Draw3|col4,B,combined,1,1,1,3,4,4,24,2,2,True,2,6,7,7
Michigan4,LS1,Midday,Set1,Draw3,4,col4,Midday|Set1|Draw3|col4,B,combined,1,1,1,3,4,5,2,1,1,True,2,6,7,7
Michigan4,LS1,Midday,Set1,Draw3,4,col4,Midday|Set1|Draw3|col4,B,combined,1,1,1,3,4,6,,0,0,False,2,6,7,7
Michigan4,LS1,Midday,Set1,Draw3,4,col4,Midday|Set1|Draw3|col4,C,own,1,1,1,3,4,0,55924677,8,6,False,1,7,8,5
Michigan4,LS1,Midday,Set1,Draw3,4,col4,Midday|Set1|Draw3|col4,C,own,1,1,1,3,4,1,55277,5,3,True,1,7,8,5
Michigan4,LS1,Midday,Set1,Draw3,4,col4,Midday|Set1|Draw3|col4,C,own,1,1,1,3,4,2,277,3,2,True,1,7,8,5
Michigan4,LS1,Midday,Set1,Draw3,4,col4,Midday|Set1|Draw3|col4,C,own,1,1,1,3,4,3,277,3,2,True,1,7,8,5
Michigan4,LS1,Midday,Set1,Draw3,4,col4,Midday|Set1|Draw3|col4,C,own,1,1,1,3,4,7,,0,0,False,1,7,8,5
Michigan4,LS1,Midday,Set1,Draw3,4,col4,Midday|Set1|Draw3|col4,C,combined,1,1,1,3,4,0,55924677,8,6,False,1,3,4,4
Michigan4,LS1,Midday,Set1,Draw3,4,col4,Midday|Set1|Draw3|col4,C,combined,1,1,1,3,4,1,55277,5,3,True,1,3,4,4
Michigan4,LS1,Midday,Set1,Draw3,4,col4,Midday|Set1|Draw3|col4,C,combined,1,1,1,3,4,2,55,2,1,True,1,3,4,4
Michigan4,LS1,Midday,Set1,Draw3,4,col4,Midday|Set1|Draw3|col4,C,combined,1,1,1,3,4,3,,0,0,False,1,3,4,4
Michigan4,LS1,Midday,Set1,Draw3,4,col4,Midday|Set1|Draw3|col4,D,own,1,1,1,3,4,0,55924677,8,6,False,1,7,29,5
Michigan4,LS1,Midday,Set1,Draw3,4,col4,Midday|Set1|Draw3|col4,D,own,1,1,1,3,4,1,55277,5,3,True,1,7,29,5
Michigan4,LS1,Midday,Set1,Draw3,4,col4,Midday|Set1|Draw3|col4,D,own,1,1,1,3,4,2,277,3,2,True,1,7,29,5
Michigan4,LS1,Midday,Set1,Draw3,4,col4,Midday|Set1|Draw3|col4,D,own,1,1,1,3,4,3,277,3,2,True,1,7,29,5
Michigan4,LS1,Midday,Set1,Draw3,4,col4,Midday|Set1|Draw3|col4,D,own,1,1,1,3,4,7,7,1,1,True,1,7,29,5
Michigan4,LS1,Midday,Set1,Draw3,4,col4,Midday|Set1|Draw3|col4,D,combined,1,1,1,3,4,0,55924677,8,6,False,1,3,4,4
Michigan4,LS1,Midday,Set1,Draw3,4,col4,Midday|Set1|Draw3|col4,D,combined,1,1,1,3,4,1,55277,5,3,True,1,3,4,4
Michigan4,LS1,Midday,Set1,Draw3,4,col4,Midday|Set1|Draw3|col4,D,combined,1,1,1,3,4,2,55,2,1,True,1,3,4,4
Michigan4,LS1,Midday,Set1,Draw3,4,col4,Midday|Set1|Draw3|col4,D,combined,1,1,1,3,4,3,,0,0,False,1,3,4,4
Michigan4,LS1,Midday,Set1,Draw3,4,col4,Midday|Set1|Draw3|col4,E,own,1,1,1,3,4,0,55924677,8,6,False,3,7,29,6
Michigan4,LS1,Midday,Set1,Draw3,4,col4,Midday|Set1|Draw3|col4,E,own,1,1,1,3,4,1,552477,6,4,False,3,7,29,6
Michigan4,LS1,Midday,Set1,Draw3,4,col4,Midday|Set1|Draw3|col4,E,own,1,1,1,3,4,2,52477,5,4,False,3,7,29,6
Michigan4,LS1,Midday,Set1,Draw3,4,col4,Midday|Set1|Draw3|col4,E,own,1,1,1,3,4,3,277,3,2,True,3,7,29,6
Michigan4,LS1,Midday,Set1,Draw3,4,col4,Midday|Set1|Draw3|col4,E,own,1,1,1,3,4,4,277,3,2,True,3,7,29,6
Michigan4,LS1,Midday,Set1,Draw3,4,col4,Midday|Set1|Draw3|col4,E,own,1,1,1,3,4,7,77,2,1,True,3,7,29,6
Michigan4,LS1,Midday,Set1,Draw3,4,col4,Midday|Set1|Draw3|col4,E,combined,1,1,1,3,4,0,55924677,8,6,False,4,10,11,9
Michigan4,LS1,Midday,Set1,Draw3,4,col4,Midday|Set1|Draw3|col4,E,combined,1,1,1,3,4,1,552477,6,4,False,4,10,11,9
Michigan4,LS1,Midday,Set1,Draw3,4,col4,Midday|Set1|Draw3|col4,E,combined,1,1,1,3,4,2,55247,5,4,False,4,10,11,9
Michigan4,LS1,Midday,Set1,Draw3,4,col4,Midday|Set1|Draw3|col4,E,combined,1,1,1,3,4,3,5247,4,4,False,4,10,11,9
Michigan4,LS1,Midday,Set1,Draw3,4,col4,Midday|Set1|Draw3|col4,E,combined,1,1,1,3,4,4,247,3,3,True,4,10,11,9
Michigan4,LS1,Midday,Set1,Draw3,4,col4,Midday|Set1|Draw3|col4,E,combined,1,1,1,3,4,5,27,2,2,True,4,10,11,9
Michigan4,LS1,Midday,Set1,Draw3,4,col4,Midday|Set1|Draw3|col4,E,combined,1,1,1,3,4,6,7,1,1,True,4,10,11,9
Michigan4,LS1,Midday,Set1,Draw3,4,col4,Midday|Set1|Draw3|col4,E,combined,1,1,1,3,4,7,7,1,1,True,4,10,11,9
Michigan4,LS1,Midday,Set1,Draw3,4,col4,Midday|Set1|Draw3|col4,E,combined,1,1,1,3,4,10,,0,0,False,4,10,11,9
Michigan4,LS1,Midday,Set1,Draw3,4,col4,Midday|Set1|Draw3|col4,T,own,1,1,1,3,4,0,55924677,8,6,False,1,7,29,5
Michigan4,LS1,Midday,Set1,Draw3,4,col4,Midday|Set1|Draw3|col4,T,own,1,1,1,3,4,1,55277,5,3,True,1,7,29,5
Michigan4,LS1,Midday,Set1,Draw3,4,col4,Midday|Set1|Draw3|col4,T,own,1,1,1,3,4,2,277,3,2,True,1,7,29,5
Michigan4,LS1,Midday,Set1,Draw3,4,col4,Midday|Set1|Draw3|col4,T,own,1,1,1,3,4,3,277,3,2,True,1,7,29,5
Michigan4,LS1,Midday,Set1,Draw3,4,col4,Midday|Set1|Draw3|col4,T,own,1,1,1,3,4,7,77,2,1,True,1,7,29,5
Michigan4,LS1,Midday,Set1,Draw3,4,col4,Midday|Set1|Draw3|col4,T,combined,1,1,1,3,4,0,55924677,8,6,False,1,6,7,6
Michigan4,LS1,Midday,Set1,Draw3,4,col4,Midday|Set1|Draw3|col4,T,combined,1,1,1,3,4,1,55277,5,3,True,1,6,7,6
Michigan4,LS1,Midday,Set1,Draw3,4,col4,Midday|Set1|Draw3|col4,T,combined,1,1,1,3,4,2,552,3,2,True,1,6,7,6
Michigan4,LS1,Midday,Set1,Draw3,4,col4,Midday|Set1|Draw3|col4,T,combined,1,1,1,3,4,3,2,1,1,True,1,6,7,6
Michigan4,LS1,Midday,Set1,Draw3,4,col4,Midday|Set1|Draw3|col4,T,combined,1,1,1,3,4,4,2,1,1,True,1,6,7,6
Michigan4,LS1,Midday,Set1,Draw3,4,col4,Midday|Set1|Draw3|col4,T,combined,1,1,1,3,4,6,,0,0,False,1,6,7,6
Michigan4,LS1,Midday,Set1,Draw3,3,col3,Midday|Set1|Draw3|col3,A,own,1,1,1,3,3,0,5592677*,8,6,False,2,7,29,8
Michigan4,LS1,Midday,Set1,Draw3,3,col3,Midday|Set1|Draw3|col3,A,own,1,1,1,3,3,1,552677*,7,5,False,2,7,29,8
Michigan4,LS1,Midday,Set1,Draw3,3,col3,Midday|Set1|Draw3|col3,A,own,1,1,1,3,3,2,277*,4,3,True,2,7,29,8
Michigan4,LS1,Midday,Set1,Draw3,3,col3,Midday|Set1|Draw3|col3,A,own,1,1,1,3,3,3,277*,4,3,True,2,7,29,8
Michigan4,LS1,Midday,Set1,Draw3,3,col3,Midday|Set1|Draw3|col3,A,own,1,1,1,3,3,4,277*,4,3,True,2,7,29,8
Michigan4,LS1,Midday,Set1,Draw3,3,col3,Midday|Set1|Draw3|col3,A,own,1,1,1,3,3,5,277*,4,3,True,2,7,29,8
Michigan4,LS1,Midday,Set1,Draw3,3,col3,Midday|Set1|Draw3|col3,A,own,1,1,1,3,3,6,277*,4,3,True,2,7,29,8
Michigan4,LS1,Midday,Set1,Draw3,3,col3,Midday|Set1|Draw3|col3,A,own,1,1,1,3,3,7,77*,3,2,True,2,7,29,8
Michigan4,LS1,Midday,Set1,Draw3,3,col3,Midday|Set1|Draw3|col3,A,combined,1,1,1,3,3,0,5592677*,8,6,False,3,6,57,6
Michigan4,LS1,Midday,Set1,Draw3,3,col3,Midday|Set1|Draw3|col3,A,combined,1,1,1,3,3,1,552677*,7,5,False,3,6,57,6
Michigan4,LS1,Midday,Set1,Draw3,3,col3,Midday|Set1|Draw3|col3,A,combined,1,1,1,3,3,2,5526*,5,4,False,3,6,57,6
Michigan4,LS1,Midday,Set1,Draw3,3,col3,Midday|Set1|Draw3|col3,A,combined,1,1,1,3,3,3,2*,2,2,True,3,6,57,6
Michigan4,LS1,Midday,Set1,Draw3,3,col3,Midday|Set1|Draw3|col3,A,combined,1,1,1,3,3,4,2*,2,2,True,3,6,57,6
Michigan4,LS1,Midday,Set1,Draw3,3,col3,Midday|Set1|Draw3|col3,A,combined,1,1,1,3,3,6,*,1,1,True,3,6,57,6
Michigan4,LS1,Midday,Set1,Draw3,3,col3,Midday|Set1|Draw3|col3,B,own,1,1,1,3,3,0,5592677*,8,6,False,2,7,29,8
Michigan4,LS1,Midday,Set1,Draw3,3,col3,Midday|Set1|Draw3|col3,B,own,1,1,1,3,3,1,55277*,6,4,False,2,7,29,8
Michigan4,LS1,Midday,Set1,Draw3,3,col3,Midday|Set1|Draw3|col3,B,own,1,1,1,3,3,2,277*,4,3,True,2,7,29,8
Michigan4,LS1,Midday,Set1,Draw3,3,col3,Midday|Set1|Draw3|col3,B,own,1,1,1,3,3,3,277*,4,3,True,2,7,29,8
Michigan4,LS1,Midday,Set1,Draw3,3,col3,Midday|Set1|Draw3|col3,B,own,1,1,1,3,3,4,277*,4,3,True,2,7,29,8
Michigan4,LS1,Midday,Set1,Draw3,3,col3,Midday|Set1|Draw3|col3,B,own,1,1,1,3,3,5,277*,4,3,True,2,7,29,8
Michigan4,LS1,Midday,Set1,Draw3,3,col3,Midday|Set1|Draw3|col3,B,own,1,1,1,3,3,6,277*,4,3,True,2,7,29,8
Michigan4,LS1,Midday,Set1,Draw3,3,col3,Midday|Set1|Draw3|col3,B,own,1,1,1,3,3,7,77*,3,2,True,2,7,29,8
Michigan4,LS1,Midday,Set1,Draw3,3,col3,Midday|Set1|Draw3|col3,B,combined,1,1,1,3,3,0,5592677*,8,6,False,2,6,57,6
Michigan4,LS1,Midday,Set1,Draw3,3,col3,Midday|Set1|Draw3|col3,B,combined,1,1,1,3,3,1,55277*,6,4,False,2,6,57,6
Michigan4,LS1,Midday,Set1,Draw3,3,col3,Midday|Set1|Draw3|col3,B,combined,1,1,1,3,3,2,552*,4,3,True,2,6,57,6
Michigan4,LS1,Midday,Set1,Draw3,3,col3,Midday|Set1|Draw3|col3,B,combined,1,1,1,3,3,3,2*,2,2,True,2,6,57,6
Michigan4,LS1,Midday,Set1,Draw3,3,col3,Midday|Set1|Draw3|col3,B,combined,1,1,1,3,3,4,2*,2,2,True,2,6,57,6
Michigan4,LS1,Midday,Set1,Draw3,3,col3,Midday|Set1|Draw3|col3,B,combined,1,1,1,3,3,6,*,1,1,True,2,6,57,6
Michigan4,LS1,Midday,Set1,Draw3,3,col3,Midday|Set1|Draw3|col3,C,own,1,1,1,3,3,0,5592677*,8,6,False,2,7,29,8
Michigan4,LS1,Midday,Set1,Draw3,3,col3,Midday|Set1|Draw3|col3,C,own,1,1,1,3,3,1,55277*,6,4,False,2,7,29,8
Michigan4,LS1,Midday,Set1,Draw3,3,col3,Midday|Set1|Draw3|col3,C,own,1,1,1,3,3,2,277*,4,3,True,2,7,29,8
Michigan4,LS1,Midday,Set1,Draw3,3,col3,Midday|Set1|Draw3|col3,C,own,1,1,1,3,3,3,277*,4,3,True,2,7,29,8
Michigan4,LS1,Midday,Set1,Draw3,3,col3,Midday|Set1|Draw3|col3,C,own,1,1,1,3,3,4,277*,4,3,True,2,7,29,8
Michigan4,LS1,Midday,Set1,Draw3,3,col3,Midday|Set1|Draw3|col3,C,own,1,1,1,3,3,5,277*,4,3,True,2,7,29,8
Michigan4,LS1,Midday,Set1,Draw3,3,col3,Midday|Set1|Draw3|col3,C,own,1,1,1,3,3,6,277*,4,3,True,2,7,29,8
Michigan4,LS1,Midday,Set1,Draw3,3,col3,Midday|Set1|Draw3|col3,C,own,1,1,1,3,3,7,*,1,1,True,2,7,29,8
Michigan4,LS1,Midday,Set1,Draw3,3,col3,Midday|Set1|Draw3|col3,C,combined,1,1,1,3,3,0,5592677*,8,6,False,2,3,57,4
Michigan4,LS1,Midday,Set1,Draw3,3,col3,Midday|Set1|Draw3|col3,C,combined,1,1,1,3,3,1,55277*,6,4,False,2,3,57,4
Michigan4,LS1,Midday,Set1,Draw3,3,col3,Midday|Set1|Draw3|col3,C,combined,1,1,1,3,3,2,55*,3,2,True,2,3,57,4
Michigan4,LS1,Midday,Set1,Draw3,3,col3,Midday|Set1|Draw3|col3,C,combined,1,1,1,3,3,3,*,1,1,True,2,3,57,4
Michigan4,LS1,Midday,Set1,Draw3,3,col3,Midday|Set1|Draw3|col3,D,own,1,1,1,3,3,0,5592677*,8,6,False,2,7,29,8
Michigan4,LS1,Midday,Set1,Draw3,3,col3,Midday|Set1|Draw3|col3,D,own,1,1,1,3,3,1,55277*,6,4,False,2,7,29,8
Michigan4,LS1,Midday,Set1,Draw3,3,col3,Midday|Set1|Draw3|col3,D,own,1,1,1,3,3,2,277*,4,3,True,2,7,29,8
Michigan4,LS1,Midday,Set1,Draw3,3,col3,Midday|Set1|Draw3|col3,D,own,1,1,1,3,3,3,277*,4,3,True,2,7,29,8
Michigan4,LS1,Midday,Set1,Draw3,3,col3,Midday|Set1|Draw3|col3,D,own,1,1,1,3,3,4,277*,4,3,True,2,7,29,8
Michigan4,LS1,Midday,Set1,Draw3,3,col3,Midday|Set1|Draw3|col3,D,own,1,1,1,3,3,5,277*,4,3,True,2,7,29,8
Michigan4,LS1,Midday,Set1,Draw3,3,col3,Midday|Set1|Draw3|col3,D,own,1,1,1,3,3,6,277*,4,3,True,2,7,29,8
Michigan4,LS1,Midday,Set1,Draw3,3,col3,Midday|Set1|Draw3|col3,D,own,1,1,1,3,3,7,7*,2,2,True,2,7,29,8
Michigan4,LS1,Midday,Set1,Draw3,3,col3,Midday|Set1|Draw3|col3,D,combined,1,1,1,3,3,0,5592677*,8,6,False,2,3,57,4
Michigan4,LS1,Midday,Set1,Draw3,3,col3,Midday|Set1|Draw3|col3,D,combined,1,1,1,3,3,1,55277*,6,4,False,2,3,57,4
Michigan4,LS1,Midday,Set1,Draw3,3,col3,Midday|Set1|Draw3|col3,D,combined,1,1,1,3,3,2,55*,3,2,True,2,3,57,4
Michigan4,LS1,Midday,Set1,Draw3,3,col3,Midday|Set1|Draw3|col3,D,combined,1,1,1,3,3,3,*,1,1,True,2,3,57,4
Michigan4,LS1,Midday,Set1,Draw3,3,col3,Midday|Set1|Draw3|col3,E,own,1,1,1,3,3,0,5592677*,8,6,False,3,7,29,8
Michigan4,LS1,Midday,Set1,Draw3,3,col3,Midday|Set1|Draw3|col3,E,own,1,1,1,3,3,1,55277*,6,4,False,3,7,29,8
Michigan4,LS1,Midday,Set1,Draw3,3,col3,Midday|Set1|Draw3|col3,E,own,1,1,1,3,3,2,5277*,5,4,False,3,7,29,8
Michigan4,LS1,Midday,Set1,Draw3,3,col3,Midday|Set1|Draw3|col3,E,own,1,1,1,3,3,3,277*,4,3,True,3,7,29,8
Michigan4,LS1,Midday,Set1,Draw3,3,col3,Midday|Set1|Draw3|col3,E,own,1,1,1,3,3,4,277*,4,3,True,3,7,29,8
Michigan4,LS1,Midday,Set1,Draw3,3,col3,Midday|Set1|Draw3|col3,E,own,1,1,1,3,3,5,277*,4,3,True,3,7,29,8
Michigan4,LS1,Midday,Set1,Draw3,3,col3,Midday|Set1|Draw3|col3,E,own,1,1,1,3,3,6,277*,4,3,True,3,7,29,8
Michigan4,LS1,Midday,Set1,Draw3,3,col3,Midday|Set1|Draw3|col3,E,own,1,1,1,3,3,7,77*,3,2,True,3,7,29,8
Michigan4,LS1,Midday,Set1,Draw3,3,col3,Midday|Set1|Draw3|col3,E,combined,1,1,1,3,3,0,5592677*,8,6,False,4,10,57,9
Michigan4,LS1,Midday,Set1,Draw3,3,col3,Midday|Set1|Draw3|col3,E,combined,1,1,1,3,3,1,55277*,6,4,False,4,10,57,9
Michigan4,LS1,Midday,Set1,Draw3,3,col3,Midday|Set1|Draw3|col3,E,combined,1,1,1,3,3,2,5527*,5,4,False,4,10,57,9
Michigan4,LS1,Midday,Set1,Draw3,3,col3,Midday|Set1|Draw3|col3,E,combined,1,1,1,3,3,3,527*,4,4,False,4,10,57,9
Michigan4,LS1,Midday,Set1,Draw3,3,col3,Midday|Set1|Draw3|col3,E,combined,1,1,1,3,3,4,27*,3,3,True,4,10,57,9
Michigan4,LS1,Midday,Set1,Draw3,3,col3,Midday|Set1|Draw3|col3,E,combined,1,1,1,3,3,5,27*,3,3,True,4,10,57,9
Michigan4,LS1,Midday,Set1,Draw3,3,col3,Midday|Set1|Draw3|col3,E,combined,1,1,1,3,3,6,7*,2,2,True,4,10,57,9
Michigan4,LS1,Midday,Set1,Draw3,3,col3,Midday|Set1|Draw3|col3,E,combined,1,1,1,3,3,7,7*,2,2,True,4,10,57,9
Michigan4,LS1,Midday,Set1,Draw3,3,col3,Midday|Set1|Draw3|col3,E,combined,1,1,1,3,3,10,*,1,1,True,4,10,57,9
Michigan4,LS1,Midday,Set1,Draw3,3,col3,Midday|Set1|Draw3|col3,T,own,1,1,1,3,3,0,5592677*,8,6,False,2,7,29,8
Michigan4,LS1,Midday,Set1,Draw3,3,col3,Midday|Set1|Draw3|col3,T,own,1,1,1,3,3,1,55277*,6,4,False,2,7,29,8
Michigan4,LS1,Midday,Set1,Draw3,3,col3,Midday|Set1|Draw3|col3,T,own,1,1,1,3,3,2,277*,4,3,True,2,7,29,8
Michigan4,LS1,Midday,Set1,Draw3,3,col3,Midday|Set1|Draw3|col3,T,own,1,1,1,3,3,3,277*,4,3,True,2,7,29,8
Michigan4,LS1,Midday,Set1,Draw3,3,col3,Midday|Set1|Draw3|col3,T,own,1,1,1,3,3,4,277*,4,3,True,2,7,29,8
Michigan4,LS1,Midday,Set1,Draw3,3,col3,Midday|Set1|Draw3|col3,T,own,1,1,1,3,3,5,277*,4,3,True,2,7,29,8
Michigan4,LS1,Midday,Set1,Draw3,3,col3,Midday|Set1|Draw3|col3,T,own,1,1,1,3,3,6,277*,4,3,True,2,7,29,8
Michigan4,LS1,Midday,Set1,Draw3,3,col3,Midday|Set1|Draw3|col3,T,own,1,1,1,3,3,7,77*,3,2,True,2,7,29,8
Michigan4,LS1,Midday,Set1,Draw3,3,col3,Midday|Set1|Draw3|col3,T,combined,1,1,1,3,3,0,5592677*,8,6,False,2,3,57,4
Michigan4,LS1,Midday,Set1,Draw3,3,col3,Midday|Set1|Draw3|col3,T,combined,1,1,1,3,3,1,55277*,6,4,False,2,3,57,4
Michigan4,LS1,Midday,Set1,Draw3,3,col3,Midday|Set1|Draw3|col3,T,combined,1,1,1,3,3,2,55*,3,2,True,2,3,57,4
Michigan4,LS1,Midday,Set1,Draw3,3,col3,Midday|Set1|Draw3|col3,T,combined,1,1,1,3,3,3,*,1,1,True,2,3,57,4
Michigan4,LS1,Midday,Set1,Draw3,2,col2,Midday|Set1|Draw3|col2,A,own,1,1,1,3,2,0,59277**,7,5,False,2,7,29,8
Michigan4,LS1,Midday,Set1,Draw3,2,col2,Midday|Set1|Draw3|col2,A,own,1,1,1,3,2,1,5277**,6,4,False,2,7,29,8
Michigan4,LS1,Midday,Set1,Draw3,2,col2,Midday|Set1|Draw3|col2,A,own,1,1,1,3,2,2,277**,5,3,True,2,7,29,8
Michigan4,LS1,Midday,Set1,Draw3,2,col2,Midday|Set1|Draw3|col2,A,own,1,1,1,3,2,3,277**,5,3,True,2,7,29,8
Michigan4,LS1,Midday,Set1,Draw3,2,col2,Midday|Set1|Draw3|col2,A,own,1,1,1,3,2,4,277**,5,3,True,2,7,29,8
Michigan4,LS1,Midday,Set1,Draw3,2,col2,Midday|Set1|Draw3|col2,A,own,1,1,1,3,2,5,277**,5,3,True,2,7,29,8
Michigan4,LS1,Midday,Set1,Draw3,2,col2,Midday|Set1|Draw3|col2,A,own,1,1,1,3,2,6,277**,5,3,True,2,7,29,8
Michigan4,LS1,Midday,Set1,Draw3,2,col2,Midday|Set1|Draw3|col2,A,own,1,1,1,3,2,7,77**,4,2,True,2,7,29,8
Michigan4,LS1,Midday,Set1,Draw3,2,col2,Midday|Set1|Draw3|col2,A,combined,1,1,1,3,2,0,59277**,7,5,False,2,6,57,6
Michigan4,LS1,Midday,Set1,Draw3,2,col2,Midday|Set1|Draw3|col2,A,combined,1,1,1,3,2,1,5277**,6,4,False,2,6,57,6
Michigan4,LS1,Midday,Set1,Draw3,2,col2,Midday|Set1|Draw3|col2,A,combined,1,1,1,3,2,2,52**,4,3,True,2,6,57,6
Michigan4,LS1,Midday,Set1,Draw3,2,col2,Midday|Set1|Draw3|col2,A,combined,1,1,1,3,2,3,2**,3,2,True,2,6,57,6
Michigan4,LS1,Midday,Set1,Draw3,2,col2,Midday|Set1|Draw3|col2,A,combined,1,1,1,3,2,4,2**,3,2,True,2,6,57,6
Michigan4,LS1,Midday,Set1,Draw3,2,col2,Midday|Set1|Draw3|col2,A,combined,1,1,1,3,2,6,**,2,1,True,2,6,57,6
Michigan4,LS1,Midday,Set1,Draw3,2,col2,Midday|Set1|Draw3|col2,B,own,1,1,1,3,2,0,59277**,7,5,False,2,7,29,8
Michigan4,LS1,Midday,Set1,Draw3,2,col2,Midday|Set1|Draw3|col2,B,own,1,1,1,3,2,1,5277**,6,4,False,2,7,29,8
Michigan4,LS1,Midday,Set1,Draw3,2,col2,Midday|Set1|Draw3|col2,B,own,1,1,1,3,2,2,277**,5,3,True,2,7,29,8
Michigan4,LS1,Midday,Set1,Draw3,2,col2,Midday|Set1|Draw3|col2,B,own,1,1,1,3,2,3,277**,5,3,True,2,7,29,8
Michigan4,LS1,Midday,Set1,Draw3,2,col2,Midday|Set1|Draw3|col2,B,own,1,1,1,3,2,4,277**,5,3,True,2,7,29,8
Michigan4,LS1,Midday,Set1,Draw3,2,col2,Midday|Set1|Draw3|col2,B,own,1,1,1,3,2,5,277**,5,3,True,2,7,29,8
Michigan4,LS1,Midday,Set1,Draw3,2,col2,Midday|Set1|Draw3|col2,B,own,1,1,1,3,2,6,277**,5,3,True,2,7,29,8
Michigan4,LS1,Midday,Set1,Draw3,2,col2,Midday|Set1|Draw3|col2,B,own,1,1,1,3,2,7,77**,4,2,True,2,7,29,8
Michigan4,LS1,Midday,Set1,Draw3,2,col2,Midday|Set1|Draw3|col2,B,combined,1,1,1,3,2,0,59277**,7,5,False,2,6,57,6
Michigan4,LS1,Midday,Set1,Draw3,2,col2,Midday|Set1|Draw3|col2,B,combined,1,1,1,3,2,1,5277**,6,4,False,2,6,57,6
Michigan4,LS1,Midday,Set1,Draw3,2,col2,Midday|Set1|Draw3|col2,B,combined,1,1,1,3,2,2,52**,4,3,True,2,6,57,6
Michigan4,LS1,Midday,Set1,Draw3,2,col2,Midday|Set1|Draw3|col2,B,combined,1,1,1,3,2,3,2**,3,2,True,2,6,57,6
Michigan4,LS1,Midday,Set1,Draw3,2,col2,Midday|Set1|Draw3|col2,B,combined,1,1,1,3,2,4,2**,3,2,True,2,6,57,6
Michigan4,LS1,Midday,Set1,Draw3,2,col2,Midday|Set1|Draw3|col2,B,combined,1,1,1,3,2,6,**,2,1,True,2,6,57,6
Michigan4,LS1,Midday,Set1,Draw3,2,col2,Midday|Set1|Draw3|col2,C,own,1,1,1,3,2,0,59277**,7,5,False,2,7,29,8
Michigan4,LS1,Midday,Set1,Draw3,2,col2,Midday|Set1|Draw3|col2,C,own,1,1,1,3,2,1,5277**,6,4,False,2,7,29,8
Michigan4,LS1,Midday,Set1,Draw3,2,col2,Midday|Set1|Draw3|col2,C,own,1,1,1,3,2,2,277**,5,3,True,2,7,29,8
Michigan4,LS1,Midday,Set1,Draw3,2,col2,Midday|Set1|Draw3|col2,C,own,1,1,1,3,2,3,277**,5,3,True,2,7,29,8
Michigan4,LS1,Midday,Set1,Draw3,2,col2,Midday|Set1|Draw3|col2,C,own,1,1,1,3,2,4,277**,5,3,True,2,7,29,8
Michigan4,LS1,Midday,Set1,Draw3,2,col2,Midday|Set1|Draw3|col2,C,own,1,1,1,3,2,5,277**,5,3,True,2,7,29,8
Michigan4,LS1,Midday,Set1,Draw3,2,col2,Midday|Set1|Draw3|col2,C,own,1,1,1,3,2,6,277**,5,3,True,2,7,29,8
Michigan4,LS1,Midday,Set1,Draw3,2,col2,Midday|Set1|Draw3|col2,C,own,1,1,1,3,2,7,**,2,1,True,2,7,29,8
Michigan4,LS1,Midday,Set1,Draw3,2,col2,Midday|Set1|Draw3|col2,C,combined,1,1,1,3,2,0,59277**,7,5,False,2,3,57,4
Michigan4,LS1,Midday,Set1,Draw3,2,col2,Midday|Set1|Draw3|col2,C,combined,1,1,1,3,2,1,5277**,6,4,False,2,3,57,4
Michigan4,LS1,Midday,Set1,Draw3,2,col2,Midday|Set1|Draw3|col2,C,combined,1,1,1,3,2,2,5**,3,2,True,2,3,57,4
Michigan4,LS1,Midday,Set1,Draw3,2,col2,Midday|Set1|Draw3|col2,C,combined,1,1,1,3,2,3,**,2,1,True,2,3,57,4
Michigan4,LS1,Midday,Set1,Draw3,2,col2,Midday|Set1|Draw3|col2,D,own,1,1,1,3,2,0,59277**,7,5,False,2,7,29,8
Michigan4,LS1,Midday,Set1,Draw3,2,col2,Midday|Set1|Draw3|col2,D,own,1,1,1,3,2,1,5277**,6,4,False,2,7,29,8
Michigan4,LS1,Midday,Set1,Draw3,2,col2,Midday|Set1|Draw3|col2,D,own,1,1,1,3,2,2,277**,5,3,True,2,7,29,8
Michigan4,LS1,Midday,Set1,Draw3,2,col2,Midday|Set1|Draw3|col2,D,own,1,1,1,3,2,3,277**,5,3,True,2,7,29,8
Michigan4,LS1,Midday,Set1,Draw3,2,col2,Midday|Set1|Draw3|col2,D,own,1,1,1,3,2,4,277**,5,3,True,2,7,29,8
Michigan4,LS1,Midday,Set1,Draw3,2,col2,Midday|Set1|Draw3|col2,D,own,1,1,1,3,2,5,277**,5,3,True,2,7,29,8
Michigan4,LS1,Midday,Set1,Draw3,2,col2,Midday|Set1|Draw3|col2,D,own,1,1,1,3,2,6,277**,5,3,True,2,7,29,8
Michigan4,LS1,Midday,Set1,Draw3,2,col2,Midday|Set1|Draw3|col2,D,own,1,1,1,3,2,7,7**,3,2,True,2,7,29,8
Michigan4,LS1,Midday,Set1,Draw3,2,col2,Midday|Set1|Draw3|col2,D,combined,1,1,1,3,2,0,59277**,7,5,False,2,3,57,4
Michigan4,LS1,Midday,Set1,Draw3,2,col2,Midday|Set1|Draw3|col2,D,combined,1,1,1,3,2,1,5277**,6,4,False,2,3,57,4
Michigan4,LS1,Midday,Set1,Draw3,2,col2,Midday|Set1|Draw3|col2,D,combined,1,1,1,3,2,2,5**,3,2,True,2,3,57,4
Michigan4,LS1,Midday,Set1,Draw3,2,col2,Midday|Set1|Draw3|col2,D,combined,1,1,1,3,2,3,**,2,1,True,2,3,57,4
Michigan4,LS1,Midday,Set1,Draw3,2,col2,Midday|Set1|Draw3|col2,E,own,1,1,1,3,2,0,59277**,7,5,False,2,7,29,8
Michigan4,LS1,Midday,Set1,Draw3,2,col2,Midday|Set1|Draw3|col2,E,own,1,1,1,3,2,1,5277**,6,4,False,2,7,29,8
Michigan4,LS1,Midday,Set1,Draw3,2,col2,Midday|Set1|Draw3|col2,E,own,1,1,1,3,2,2,277**,5,3,True,2,7,29,8
Michigan4,LS1,Midday,Set1,Draw3,2,col2,Midday|Set1|Draw3|col2,E,own,1,1,1,3,2,3,277**,5,3,True,2,7,29,8
Michigan4,LS1,Midday,Set1,Draw3,2,col2,Midday|Set1|Draw3|col2,E,own,1,1,1,3,2,4,277**,5,3,True,2,7,29,8
Michigan4,LS1,Midday,Set1,Draw3,2,col2,Midday|Set1|Draw3|col2,E,own,1,1,1,3,2,5,277**,5,3,True,2,7,29,8
Michigan4,LS1,Midday,Set1,Draw3,2,col2,Midday|Set1|Draw3|col2,E,own,1,1,1,3,2,6,277**,5,3,True,2,7,29,8
Michigan4,LS1,Midday,Set1,Draw3,2,col2,Midday|Set1|Draw3|col2,E,own,1,1,1,3,2,7,77**,4,2,True,2,7,29,8
Michigan4,LS1,Midday,Set1,Draw3,2,col2,Midday|Set1|Draw3|col2,E,combined,1,1,1,3,2,0,59277**,7,5,False,3,10,57,9
Michigan4,LS1,Midday,Set1,Draw3,2,col2,Midday|Set1|Draw3|col2,E,combined,1,1,1,3,2,1,5277**,6,4,False,3,10,57,9
Michigan4,LS1,Midday,Set1,Draw3,2,col2,Midday|Set1|Draw3|col2,E,combined,1,1,1,3,2,2,527**,5,4,False,3,10,57,9
Michigan4,LS1,Midday,Set1,Draw3,2,col2,Midday|Set1|Draw3|col2,E,combined,1,1,1,3,2,3,27**,4,3,True,3,10,57,9
Michigan4,LS1,Midday,Set1,Draw3,2,col2,Midday|Set1|Draw3|col2,E,combined,1,1,1,3,2,4,27**,4,3,True,3,10,57,9
Michigan4,LS1,Midday,Set1,Draw3,2,col2,Midday|Set1|Draw3|col2,E,combined,1,1,1,3,2,5,27**,4,3,True,3,10,57,9
Michigan4,LS1,Midday,Set1,Draw3,2,col2,Midday|Set1|Draw3|col2,E,combined,1,1,1,3,2,6,7**,3,2,True,3,10,57,9
Michigan4,LS1,Midday,Set1,Draw3,2,col2,Midday|Set1|Draw3|col2,E,combined,1,1,1,3,2,7,7**,3,2,True,3,10,57,9
Michigan4,LS1,Midday,Set1,Draw3,2,col2,Midday|Set1|Draw3|col2,E,combined,1,1,1,3,2,10,**,2,1,True,3,10,57,9
Michigan4,LS1,Midday,Set1,Draw3,2,col2,Midday|Set1|Draw3|col2,T,own,1,1,1,3,2,0,59277**,7,5,False,2,7,29,8
Michigan4,LS1,Midday,Set1,Draw3,2,col2,Midday|Set1|Draw3|col2,T,own,1,1,1,3,2,1,5277**,6,4,False,2,7,29,8
Michigan4,LS1,Midday,Set1,Draw3,2,col2,Midday|Set1|Draw3|col2,T,own,1,1,1,3,2,2,277**,5,3,True,2,7,29,8
Michigan4,LS1,Midday,Set1,Draw3,2,col2,Midday|Set1|Draw3|col2,T,own,1,1,1,3,2,3,277**,5,3,True,2,7,29,8
Michigan4,LS1,Midday,Set1,Draw3,2,col2,Midday|Set1|Draw3|col2,T,own,1,1,1,3,2,4,277**,5,3,True,2,7,29,8
Michigan4,LS1,Midday,Set1,Draw3,2,col2,Midday|Set1|Draw3|col2,T,own,1,1,1,3,2,5,277**,5,3,True,2,7,29,8
Michigan4,LS1,Midday,Set1,Draw3,2,col2,Midday|Set1|Draw3|col2,T,own,1,1,1,3,2,6,277**,5,3,True,2,7,29,8
Michigan4,LS1,Midday,Set1,Draw3,2,col2,Midday|Set1|Draw3|col2,T,own,1,1,1,3,2,7,**,2,1,True,2,7,29,8
Michigan4,LS1,Midday,Set1,Draw3,2,col2,Midday|Set1|Draw3|col2,T,combined,1,1,1,3,2,0,59277**,7,5,False,2,3,57,4
Michigan4,LS1,Midday,Set1,Draw3,2,col2,Midday|Set1|Draw3|col2,T,combined,1,1,1,3,2,1,5277**,6,4,False,2,3,57,4
Michigan4,LS1,Midday,Set1,Draw3,2,col2,Midday|Set1|Draw3|col2,T,combined,1,1,1,3,2,2,5**,3,2,True,2,3,57,4
Michigan4,LS1,Midday,Set1,Draw3,2,col2,Midday|Set1|Draw3|col2,T,combined,1,1,1,3,2,3,**,2,1,True,2,3,57,4
Michigan4,LS1,Midday,Set1,Draw4,4,col4,Midday|Set1|Draw4|col4,A,own,1,1,1,4,4,0,55922448677,11,7,False,3,7,29,6
Michigan4,LS1,Midday,Set1,Draw4,4,col4,Midday|Set1|Draw4|col4,A,own,1,1,1,4,4,1,5522448677,10,6,False,3,7,29,6
Michigan4,LS1,Midday,Set1,Draw4,4,col4,Midday|Set1|Draw4|col4,A,own,1,1,1,4,4,2,2244877,7,4,False,3,7,29,6
Michigan4,LS1,Midday,Set1,Draw4,4,col4,Midday|Set1|Draw4|col4,A,own,1,1,1,4,4,3,2277,4,2,True,3,7,29,6
Michigan4,LS1,Midday,Set1,Draw4,4,col4,Midday|Set1|Draw4|col4,A,own,1,1,1,4,4,4,2277,4,2,True,3,7,29,6
Michigan4,LS1,Midday,Set1,Draw4,4,col4,Midday|Set1|Draw4|col4,A,own,1,1,1,4,4,7,77,2,1,True,3,7,29,6
Michigan4,LS1,Midday,Set1,Draw4,4,col4,Midday|Set1|Draw4|col4,A,combined,1,1,1,4,4,0,55922448677,11,7,False,3,6,7,7
Michigan4,LS1,Midday,Set1,Draw4,4,col4,Midday|Set1|Draw4|col4,A,combined,1,1,1,4,4,1,5522448677,10,6,False,3,6,7,7
Michigan4,LS1,Midday,Set1,Draw4,4,col4,Midday|Set1|Draw4|col4,A,combined,1,1,1,4,4,2,55224486,8,5,False,3,6,7,7
Michigan4,LS1,Midday,Set1,Draw4,4,col4,Midday|Set1|Draw4|col4,A,combined,1,1,1,4,4,3,22448,5,3,True,3,6,7,7
Michigan4,LS1,Midday,Set1,Draw4,4,col4,Midday|Set1|Draw4|col4,A,combined,1,1,1,4,4,4,22448,5,3,True,3,6,7,7
Michigan4,LS1,Midday,Set1,Draw4,4,col4,Midday|Set1|Draw4|col4,A,combined,1,1,1,4,4,5,22,2,1,True,3,6,7,7
Michigan4,LS1,Midday,Set1,Draw4,4,col4,Midday|Set1|Draw4|col4,A,combined,1,1,1,4,4,6,,0,0,False,3,6,7,7
Michigan4,LS1,Midday,Set1,Draw4,4,col4,Midday|Set1|Draw4|col4,B,own,1,1,1,4,4,0,55922448677,11,7,False,2,7,29,6
Michigan4,LS1,Midday,Set1,Draw4,4,col4,Midday|Set1|Draw4|col4,B,own,1,1,1,4,4,1,55224477,8,4,False,2,7,29,6
Michigan4,LS1,Midday,Set1,Draw4,4,col4,Midday|Set1|Draw4|col4,B,own,1,1,1,4,4,2,224477,6,3,True,2,7,29,6
Michigan4,LS1,Midday,Set1,Draw4,4,col4,Midday|Set1|Draw4|col4,B,own,1,1,1,4,4,3,2277,4,2,True,2,7,29,6
Michigan4,LS1,Midday,Set1,Draw4,4,col4,Midday|Set1|Draw4|col4,B,own,1,1,1,4,4,4,2277,4,2,True,2,7,29,6
Michigan4,LS1,Midday,Set1,Draw4,4,col4,Midday|Set1|Draw4|col4,B,own,1,1,1,4,4,7,77,2,1,True,2,7,29,6
Michigan4,LS1,Midday,Set1,Draw4,4,col4,Midday|Set1|Draw4|col4,B,combined,1,1,1,4,4,0,55922448677,11,7,False,2,6,7,7
Michigan4,LS1,Midday,Set1,Draw4,4,col4,Midday|Set1|Draw4|col4,B,combined,1,1,1,4,4,1,55224477,8,4,False,2,6,7,7
Michigan4,LS1,Midday,Set1,Draw4,4,col4,Midday|Set1|Draw4|col4,B,combined,1,1,1,4,4,2,552244,6,3,True,2,6,7,7
Michigan4,LS1,Midday,Set1,Draw4,4,col4,Midday|Set1|Draw4|col4,B,combined,1,1,1,4,4,3,2244,4,2,True,2,6,7,7
Michigan4,LS1,Midday,Set1,Draw4,4,col4,Midday|Set1|Draw4|col4,B,combined,1,1,1,4,4,4,2244,4,2,True,2,6,7,7
Michigan4,LS1,Midday,Set1,Draw4,4,col4,Midday|Set1|Draw4|col4,B,combined,1,1,1,4,4,5,22,2,1,True,2,6,7,7
Michigan4,LS1,Midday,Set1,Draw4,4,col4,Midday|Set1|Draw4|col4,B,combined,1,1,1,4,4,6,,0,0,False,2,6,7,7
Michigan4,LS1,Midday,Set1,Draw4,4,col4,Midday|Set1|Draw4|col4,C,own,1,1,1,4,4,0,55922448677,11,7,False,1,7,8,5
Michigan4,LS1,Midday,Set1,Draw4,4,col4,Midday|Set1|Draw4|col4,C,own,1,1,1,4,4,1,552277,6,3,True,1,7,8,5
Michigan4,LS1,Midday,Set1,Draw4,4,col4,Midday|Set1|Draw4|col4,C,own,1,1,1,4,4,2,2277,4,2,True,1,7,8,5
Michigan4,LS1,Midday,Set1,Draw4,4,col4,Midday|Set1|Draw4|col4,C,own,1,1,1,4,4,3,2277,4,2,True,1,7,8,5
Michigan4,LS1,Midday,Set1,Draw4,4,col4,Midday|Set1|Draw4|col4,C,own,1,1,1,4,4,7,,0,0,False,1,7,8,5
Michigan4,LS1,Midday,Set1,Draw4,4,col4,Midday|Set1|Draw4|col4,C,combined,1,1,1,4,4,0,55922448677,11,7,False,1,3,4,4
Michigan4,LS1,Midday,Set1,Draw4,4,col4,Midday|Set1|Draw4|col4,C,combined,1,1,1,4,4,1,552277,6,3,True,1,3,4,4
Michigan4,LS1,Midday,Set1,Draw4,4,col4,Midday|Set1|Draw4|col4,C,combined,1,1,1,4,4,2,55,2,1,True,1,3,4,4
Michigan4,LS1,Midday,Set1,Draw4,4,col4,Midday|Set1|Draw4|col4,C,combined,1,1,1,4,4,3,,0,0,False,1,3,4,4
Michigan4,LS1,Midday,Set1,Draw4,4,col4,Midday|Set1|Draw4|col4,D,own,1,1,1,4,4,0,55922448677,11,7,False,2,7,29,6
Michigan4,LS1,Midday,Set1,Draw4,4,col4,Midday|Set1|Draw4|col4,D,own,1,1,1,4,4,1,5522477,7,4,False,2,7,29,6
Michigan4,LS1,Midday,Set1,Draw4,4,col4,Midday|Set1|Draw4|col4,D,own,1,1,1,4,4,2,22477,5,3,True,2,7,29,6
Michigan4,LS1,Midday,Set1,Draw4,4,col4,Midday|Set1|Draw4|col4,D,own,1,1,1,4,4,3,2277,4,2,True,2,7,29,6
Michigan4,LS1,Midday,Set1,Draw4,4,col4,Midday|Set1|Draw4|col4,D,own,1,1,1,4,4,4,2277,4,2,True,2,7,29,6
Michigan4,LS1,Midday,Set1,Draw4,4,col4,Midday|Set1|Draw4|col4,D,own,1,1,1,4,4,7,7,1,1,True,2,7,29,6
Michigan4,LS1,Midday,Set1,Draw4,4,col4,Midday|Set1|Draw4|col4,D,combined,1,1,1,4,4,0,55922448677,11,7,False,2,6,7,7
Michigan4,LS1,Midday,Set1,Draw4,4,col4,Midday|Set1|Draw4|col4,D,combined,1,1,1,4,4,1,5522477,7,4,False,2,6,7,7
Michigan4,LS1,Midday,Set1,Draw4,4,col4,Midday|Set1|Draw4|col4,D,combined,1,1,1,4,4,2,5524,4,3,True,2,6,7,7
Michigan4,LS1,Midday,Set1,Draw4,4,col4,Midday|Set1|Draw4|col4,D,combined,1,1,1,4,4,3,24,2,2,True,2,6,7,7
Michigan4,LS1,Midday,Set1,Draw4,4,col4,Midday|Set1|Draw4|col4,D,combined,1,1,1,4,4,4,24,2,2,True,2,6,7,7
Michigan4,LS1,Midday,Set1,Draw4,4,col4,Midday|Set1|Draw4|col4,D,combined,1,1,1,4,4,5,2,1,1,True,2,6,7,7
Michigan4,LS1,Midday,Set1,Draw4,4,col4,Midday|Set1|Draw4|col4,D,combined,1,1,1,4,4,6,,0,0,False,2,6,7,7
Michigan4,LS1,Midday,Set1,Draw4,4,col4,Midday|Set1|Draw4|col4,E,own,1,1,1,4,4,0,55922448677,11,7,False,3,7,29,8
Michigan4,LS1,Midday,Set1,Draw4,4,col4,Midday|Set1|Draw4|col4,E,own,1,1,1,4,4,1,55224477,8,4,False,3,7,29,8
Michigan4,LS1,Midday,Set1,Draw4,4,col4,Midday|Set1|Draw4|col4,E,own,1,1,1,4,4,2,5224477,7,4,False,3,7,29,8
Michigan4,LS1,Midday,Set1,Draw4,4,col4,Midday|Set1|Draw4|col4,E,own,1,1,1,4,4,3,22477,5,3,True,3,7,29,8
Michigan4,LS1,Midday,Set1,Draw4,4,col4,Midday|Set1|Draw4|col4,E,own,1,1,1,4,4,4,22477,5,3,True,3,7,29,8
Michigan4,LS1,Midday,Set1,Draw4,4,col4,Midday|Set1|Draw4|col4,E,own,1,1,1,4,4,5,2277,4,2,True,3,7,29,8
Michigan4,LS1,Midday,Set1,Draw4,4,col4,Midday|Set1|Draw4|col4,E,own,1,1,1,4,4,6,2277,4,2,True,3,7,29,8
Michigan4,LS1,Midday,Set1,Draw4,4,col4,Midday|Set1|Draw4|col4,E,own,1,1,1,4,4,7,277,3,2,True,3,7,29,8
Michigan4,LS1,Midday,Set1,Draw4,4,col4,Midday|Set1|Draw4|col4,E,combined,1,1,1,4,4,0,55922448677,11,7,False,4,12,13,13
Michigan4,LS1,Midday,Set1,Draw4,4,col4,Midday|Set1|Draw4|col4,E,combined,1,1,1,4,4,1,55224477,8,4,False,4,12,13,13
Michigan4,LS1,Midday,Set1,Draw4,4,col4,Midday|Set1|Draw4|col4,E,combined,1,1,1,4,4,2,5522447,7,4,False,4,12,13,13
Michigan4,LS1,Midday,Set1,Draw4,4,col4,Midday|Set1|Draw4|col4,E,combined,1,1,1,4,4,3,522447,6,4,False,4,12,13,13
Michigan4,LS1,Midday,Set1,Draw4,4,col4,Midday|Set1|Draw4|col4,E,combined,1,1,1,4,4,4,22447,5,3,True,4,12,13,13
Michigan4,LS1,Midday,Set1,Draw4,4,col4,Midday|Set1|Draw4|col4,E,combined,1,1,1,4,4,5,2247,4,3,True,4,12,13,13
Michigan4,LS1,Midday,Set1,Draw4,4,col4,Midday|Set1|Draw4|col4,E,combined,1,1,1,4,4,6,247,3,3,True,4,12,13,13
Michigan4,LS1,Midday,Set1,Draw4,4,col4,Midday|Set1|Draw4|col4,E,combined,1,1,1,4,4,7,247,3,3,True,4,12,13,13
Michigan4,LS1,Midday,Set1,Draw4,4,col4,Midday|Set1|Draw4|col4,E,combined,1,1,1,4,4,8,27,2,2,True,4,12,13,13
Michigan4,LS1,Midday,Set1,Draw4,4,col4,Midday|Set1|Draw4|col4,E,combined,1,1,1,4,4,9,27,2,2,True,4,12,13,13
Michigan4,LS1,Midday,Set1,Draw4,4,col4,Midday|Set1|Draw4|col4,E,combined,1,1,1,4,4,10,7,1,1,True,4,12,13,13
Michigan4,LS1,Midday,Set1,Draw4,4,col4,Midday|Set1|Draw4|col4,E,combined,1,1,1,4,4,11,7,1,1,True,4,12,13,13
Michigan4,LS1,Midday,Set1,Draw4,4,col4,Midday|Set1|Draw4|col4,E,combined,1,1,1,4,4,12,,0,0,False,4,12,13,13
Michigan4,LS1,Midday,Set1,Draw4,4,col4,Midday|Set1|Draw4|col4,T,own,1,1,1,4,4,0,55922448677,11,7,False,1,7,29,5
Michigan4,LS1,Midday,Set1,Draw4,4,col4,Midday|Set1|Draw4|col4,T,own,1,1,1,4,4,1,552277,6,3,True,1,7,29,5
Michigan4,LS1,Midday,Set1,Draw4,4,col4,Midday|Set1|Draw4|col4,T,own,1,1,1,4,4,2,2277,4,2,True,1,7,29,5
Michigan4,LS1,Midday,Set1,Draw4,4,col4,Midday|Set1|Draw4|col4,T,own,1,1,1,4,4,3,2277,4,2,True,1,7,29,5
Michigan4,LS1,Midday,Set1,Draw4,4,col4,Midday|Set1|Draw4|col4,T,own,1,1,1,4,4,7,77,2,1,True,1,7,29,5
Michigan4,LS1,Midday,Set1,Draw4,4,col4,Midday|Set1|Draw4|col4,T,combined,1,1,1,4,4,0,55922448677,11,7,False,1,3,4,4
Michigan4,LS1,Midday,Set1,Draw4,4,col4,Midday|Set1|Draw4|col4,T,combined,1,1,1,4,4,1,552277,6,3,True,1,3,4,4
Michigan4,LS1,Midday,Set1,Draw4,4,col4,Midday|Set1|Draw4|col4,T,combined,1,1,1,4,4,2,55,2,1,True,1,3,4,4
Michigan4,LS1,Midday,Set1,Draw4,4,col4,Midday|Set1|Draw4|col4,T,combined,1,1,1,4,4,3,,0,0,False,1,3,4,4
Michigan4,LS1,Midday,Set1,Draw4,2,col2,Midday|Set1|Draw4|col2,A,own,1,1,1,4,2,0,5922477**,9,6,False,3,7,29,8
Michigan4,LS1,Midday,Set1,Draw4,2,col2,Midday|Set1|Draw4|col2,A,own,1,1,1,4,2,1,522477**,8,5,False,3,7,29,8
Michigan4,LS1,Midday,Set1,Draw4,2,col2,Midday|Set1|Draw4|col2,A,own,1,1,1,4,2,2,22477**,7,4,False,3,7,29,8
Michigan4,LS1,Midday,Set1,Draw4,2,col2,Midday|Set1|Draw4|col2,A,own,1,1,1,4,2,3,2277**,6,3,True,3,7,29,8
Michigan4,LS1,Midday,Set1,Draw4,2,col2,Midday|Set1|Draw4|col2,A,own,1,1,1,4,2,4,2277**,6,3,True,3,7,29,8
Michigan4,LS1,Midday,Set1,Draw4,2,col2,Midday|Set1|Draw4|col2,A,own,1,1,1,4,2,5,2277**,6,3,True,3,7,29,8
Michigan4,LS1,Midday,Set1,Draw4,2,col2,Midday|Set1|Draw4|col2,A,own,1,1,1,4,2,6,2277**,6,3,True,3,7,29,8
Michigan4,LS1,Midday,Set1,Draw4,2,col2,Midday|Set1|Draw4|col2,A,own,1,1,1,4,2,7,77**,4,2,True,3,7,29,8
Michigan4,LS1,Midday,Set1,Draw4,2,col2,Midday|Set1|Draw4|col2,A,combined,1,1,1,4,2,0,5922477**,9,6,False,3,6,57,7
Michigan4,LS1,Midday,Set1,Draw4,2,col2,Midday|Set1|Draw4|col2,A,combined,1,1,1,4,2,1,522477**,8,5,False,3,6,57,7
Michigan4,LS1,Midday,Set1,Draw4,2,col2,Midday|Set1|Draw4|col2,A,combined,1,1,1,4,2,2,5224**,6,4,False,3,6,57,7
Michigan4,LS1,Midday,Set1,Draw4,2,col2,Midday|Set1|Draw4|col2,A,combined,1,1,1,4,2,3,224**,5,3,True,3,6,57,7
Michigan4,LS1,Midday,Set1,Draw4,2,col2,Midday|Set1|Draw4|col2,A,combined,1,1,1,4,2,4,224**,5,3,True,3,6,57,7
Michigan4,LS1,Midday,Set1,Draw4,2,col2,Midday|Set1|Draw4|col2,A,combined,1,1,1,4,2,5,22**,4,2,True,3,6,57,7
Michigan4,LS1,Midday,Set1,Draw4,2,col2,Midday|Set1|Draw4|col2,A,combined,1,1,1,4,2,6,**,2,1,True,3,6,57,7
Michigan4,LS1,Midday,Set1,Draw4,2,col2,Midday|Set1|Draw4|col2,B,own,1,1,1,4,2,0,5922477**,9,6,False,3,7,29,8
Michigan4,LS1,Midday,Set1,Draw4,2,col2,Midday|Set1|Draw4|col2,B,own,1,1,1,4,2,1,522477**,8,5,False,3,7,29,8
Michigan4,LS1,Midday,Set1,Draw4,2,col2,Midday|Set1|Draw4|col2,B,own,1,1,1,4,2,2,22477**,7,4,False,3,7,29,8
Michigan4,LS1,Midday,Set1,Draw4,2,col2,Midday|Set1|Draw4|col2,B,own,1,1,1,4,2,3,2277**,6,3,True,3,7,29,8
Michigan4,LS1,Midday,Set1,Draw4,2,col2,Midday|Set1|Draw4|col2,B,own,1,1,1,4,2,4,2277**,6,3,True,3,7,29,8
Michigan4,LS1,Midday,Set1,Draw4,2,col2,Midday|Set1|Draw4|col2,B,own,1,1,1,4,2,5,2277**,6,3,True,3,7,29,8
Michigan4,LS1,Midday,Set1,Draw4,2,col2,Midday|Set1|Draw4|col2,B,own,1,1,1,4,2,6,2277**,6,3,True,3,7,29,8
Michigan4,LS1,Midday,Set1,Draw4,2,col2,Midday|Set1|Draw4|col2,B,own,1,1,1,4,2,7,77**,4,2,True,3,7,29,8
Michigan4,LS1,Midday,Set1,Draw4,2,col2,Midday|Set1|Draw4|col2,B,combined,1,1,1,4,2,0,5922477**,9,6,False,3,6,57,7
Michigan4,LS1,Midday,Set1,Draw4,2,col2,Midday|Set1|Draw4|col2,B,combined,1,1,1,4,2,1,522477**,8,5,False,3,6,57,7
Michigan4,LS1,Midday,Set1,Draw4,2,col2,Midday|Set1|Draw4|col2,B,combined,1,1,1,4,2,2,5224**,6,4,False,3,6,57,7
Michigan4,LS1,Midday,Set1,Draw4,2,col2,Midday|Set1|Draw4|col2,B,combined,1,1,1,4,2,3,224**,5,3,True,3,6,57,7
Michigan4,LS1,Midday,Set1,Draw4,2,col2,Midday|Set1|Draw4|col2,B,combined,1,1,1,4,2,4,224**,5,3,True,3,6,57,7
Michigan4,LS1,Midday,Set1,Draw4,2,col2,Midday|Set1|Draw4|col2,B,combined,1,1,1,4,2,5,22**,4,2,True,3,6,57,7
Michigan4,LS1,Midday,Set1,Draw4,2,col2,Midday|Set1|Draw4|col2,B,combined,1,1,1,4,2,6,**,2,1,True,3,6,57,7
Michigan4,LS1,Midday,Set1,Draw4,2,col2,Midday|Set1|Draw4|col2,C,own,1,1,1,4,2,0,5922477**,9,6,False,2,7,29,8
Michigan4,LS1,Midday,Set1,Draw4,2,col2,Midday|Set1|Draw4|col2,C,own,1,1,1,4,2,1,52277**,7,4,False,2,7,29,8
Michigan4,LS1,Midday,Set1,Draw4,2,col2,Midday|Set1|Draw4|col2,C,own,1,1,1,4,2,2,2277**,6,3,True,2,7,29,8
Michigan4,LS1,Midday,Set1,Draw4,2,col2,Midday|Set1|Draw4|col2,C,own,1,1,1,4,2,3,2277**,6,3,True,2,7,29,8
Michigan4,LS1,Midday,Set1,Draw4,2,col2,Midday|Set1|Draw4|col2,C,own,1,1,1,4,2,4,2277**,6,3,True,2,7,29,8
Michigan4,LS1,Midday,Set1,Draw4,2,col2,Midday|Set1|Draw4|col2,C,own,1,1,1,4,2,5,2277**,6,3,True,2,7,29,8
Michigan4,LS1,Midday,Set1,Draw4,2,col2,Midday|Set1|Draw4|col2,C,own,1,1,1,4,2,6,2277**,6,3,True,2,7,29,8
Michigan4,LS1,Midday,Set1,Draw4,2,col2,Midday|Set1|Draw4|col2,C,own,1,1,1,4,2,7,**,2,1,True,2,7,29,8
Michigan4,LS1,Midday,Set1,Draw4,2,col2,Midday|Set1|Draw4|col2,C,combined,1,1,1,4,2,0,5922477**,9,6,False,2,3,57,4
Michigan4,LS1,Midday,Set1,Draw4,2,col2,Midday|Set1|Draw4|col2,C,combined,1,1,1,4,2,1,52277**,7,4,False,2,3,57,4
Michigan4,LS1,Midday,Set1,Draw4,2,col2,Midday|Set1|Draw4|col2,C,combined,1,1,1,4,2,2,5**,3,2,True,2,3,57,4
Michigan4,LS1,Midday,Set1,Draw4,2,col2,Midday|Set1|Draw4|col2,C,combined,1,1,1,4,2,3,**,2,1,True,2,3,57,4
Michigan4,LS1,Midday,Set1,Draw4,2,col2,Midday|Set1|Draw4|col2,D,own,1,1,1,4,2,0,5922477**,9,6,False,2,7,29,8
Michigan4,LS1,Midday,Set1,Draw4,2,col2,Midday|Set1|Draw4|col2,D,own,1,1,1,4,2,1,52277**,7,4,False,2,7,29,8
Michigan4,LS1,Midday,Set1,Draw4,2,col2,Midday|Set1|Draw4|col2,D,own,1,1,1,4,2,2,2277**,6,3,True,2,7,29,8
Michigan4,LS1,Midday,Set1,Draw4,2,col2,Midday|Set1|Draw4|col2,D,own,1,1,1,4,2,3,2277**,6,3,True,2,7,29,8
Michigan4,LS1,Midday,Set1,Draw4,2,col2,Midday|Set1|Draw4|col2,D,own,1,1,1,4,2,4,2277**,6,3,True,2,7,29,8
Michigan4,LS1,Midday,Set1,Draw4,2,col2,Midday|Set1|Draw4|col2,D,own,1,1,1,4,2,5,2277**,6,3,True,2,7,29,8
Michigan4,LS1,Midday,Set1,Draw4,2,col2,Midday|Set1|Draw4|col2,D,own,1,1,1,4,2,6,2277**,6,3,True,2,7,29,8
Michigan4,LS1,Midday,Set1,Draw4,2,col2,Midday|Set1|Draw4|col2,D,own,1,1,1,4,2,7,7**,3,2,True,2,7,29,8
Michigan4,LS1,Midday,Set1,Draw4,2,col2,Midday|Set1|Draw4|col2,D,combined,1,1,1,4,2,0,5922477**,9,6,False,2,6,57,6
Michigan4,LS1,Midday,Set1,Draw4,2,col2,Midday|Set1|Draw4|col2,D,combined,1,1,1,4,2,1,52277**,7,4,False,2,6,57,6
Michigan4,LS1,Midday,Set1,Draw4,2,col2,Midday|Set1|Draw4|col2,D,combined,1,1,1,4,2,2,52**,4,3,True,2,6,57,6
Michigan4,LS1,Midday,Set1,Draw4,2,col2,Midday|Set1|Draw4|col2,D,combined,1,1,1,4,2,3,2**,3,2,True,2,6,57,6
Michigan4,LS1,Midday,Set1,Draw4,2,col2,Midday|Set1|Draw4|col2,D,combined,1,1,1,4,2,4,2**,3,2,True,2,6,57,6
Michigan4,LS1,Midday,Set1,Draw4,2,col2,Midday|Set1|Draw4|col2,D,combined,1,1,1,4,2,6,**,2,1,True,2,6,57,6
Michigan4,LS1,Midday,Set1,Draw4,2,col2,Midday|Set1|Draw4|col2,E,own,1,1,1,4,2,0,5922477**,9,6,False,3,7,29,8
Michigan4,LS1,Midday,Set1,Draw4,2,col2,Midday|Set1|Draw4|col2,E,own,1,1,1,4,2,1,522477**,8,5,False,3,7,29,8
Michigan4,LS1,Midday,Set1,Draw4,2,col2,Midday|Set1|Draw4|col2,E,own,1,1,1,4,2,2,22477**,7,4,False,3,7,29,8
Michigan4,LS1,Midday,Set1,Draw4,2,col2,Midday|Set1|Draw4|col2,E,own,1,1,1,4,2,3,2277**,6,3,True,3,7,29,8
Michigan4,LS1,Midday,Set1,Draw4,2,col2,Midday|Set1|Draw4|col2,E,own,1,1,1,4,2,4,2277**,6,3,True,3,7,29,8
Michigan4,LS1,Midday,Set1,Draw4,2,col2,Midday|Set1|Draw4|col2,E,own,1,1,1,4,2,5,2277**,6,3,True,3,7,29,8
Michigan4,LS1,Midday,Set1,Draw4,2,col2,Midday|Set1|Draw4|col2,E,own,1,1,1,4,2,6,2277**,6,3,True,3,7,29,8
Michigan4,LS1,Midday,Set1,Draw4,2,col2,Midday|Set1|Draw4|col2,E,own,1,1,1,4,2,7,277**,5,3,True,3,7,29,8
Michigan4,LS1,Midday,Set1,Draw4,2,col2,Midday|Set1|Draw4|col2,E,combined,1,1,1,4,2,0,5922477**,9,6,False,5,12,57,13
Michigan4,LS1,Midday,Set1,Draw4,2,col2,Midday|Set1|Draw4|col2,E,combined,1,1,1,4,2,1,522477**,8,5,False,5,12,57,13
Michigan4,LS1,Midday,Set1,Draw4,2,col2,Midday|Set1|Draw4|col2,E,combined,1,1,1,4,2,2,52247**,7,5,False,5,12,57,13
Michigan4,LS1,Midday,Set1,Draw4,2,col2,Midday|Set1|Draw4|col2,E,combined,1,1,1,4,2,3,2247**,6,4,False,5,12,57,13
Michigan4,LS1,Midday,Set1,Draw4,2,col2,Midday|Set1|Draw4|col2,E,combined,1,1,1,4,2,4,2247**,6,4,False,5,12,57,13
Michigan4,LS1,Midday,Set1,Draw4,2,col2,Midday|Set1|Draw4|col2,E,combined,1,1,1,4,2,5,227**,5,3,True,5,12,57,13
Michigan4,LS1,Midday,Set1,Draw4,2,col2,Midday|Set1|Draw4|col2,E,combined,1,1,1,4,2,6,27**,4,3,True,5,12,57,13
Michigan4,LS1,Midday,Set1,Draw4,2,col2,Midday|Set1|Draw4|col2,E,combined,1,1,1,4,2,7,27**,4,3,True,5,12,57,13
Michigan4,LS1,Midday,Set1,Draw4,2,col2,Midday|Set1|Draw4|col2,E,combined,1,1,1,4,2,8,27**,4,3,True,5,12,57,13
Michigan4,LS1,Midday,Set1,Draw4,2,col2,Midday|Set1|Draw4|col2,E,combined,1,1,1,4,2,9,27**,4,3,True,5,12,57,13
Michigan4,LS1,Midday,Set1,Draw4,2,col2,Midday|Set1|Draw4|col2,E,combined,1,1,1,4,2,10,7**,3,2,True,5,12,57,13
Michigan4,LS1,Midday,Set1,Draw4,2,col2,Midday|Set1|Draw4|col2,E,combined,1,1,1,4,2,11,7**,3,2,True,5,12,57,13
Michigan4,LS1,Midday,Set1,Draw4,2,col2,Midday|Set1|Draw4|col2,E,combined,1,1,1,4,2,12,**,2,1,True,5,12,57,13
Michigan4,LS1,Midday,Set1,Draw4,2,col2,Midday|Set1|Draw4|col2,T,own,1,1,1,4,2,0,5922477**,9,6,False,2,7,29,8
Michigan4,LS1,Midday,Set1,Draw4,2,col2,Midday|Set1|Draw4|col2,T,own,1,1,1,4,2,1,52277**,7,4,False,2,7,29,8
Michigan4,LS1,Midday,Set1,Draw4,2,col2,Midday|Set1|Draw4|col2,T,own,1,1,1,4,2,2,2277**,6,3,True,2,7,29,8
Michigan4,LS1,Midday,Set1,Draw4,2,col2,Midday|Set1|Draw4|col2,T,own,1,1,1,4,2,3,2277**,6,3,True,2,7,29,8
Michigan4,LS1,Midday,Set1,Draw4,2,col2,Midday|Set1|Draw4|col2,T,own,1,1,1,4,2,4,2277**,6,3,True,2,7,29,8
Michigan4,LS1,Midday,Set1,Draw4,2,col2,Midday|Set1|Draw4|col2,T,own,1,1,1,4,2,5,2277**,6,3,True,2,7,29,8
Michigan4,LS1,Midday,Set1,Draw4,2,col2,Midday|Set1|Draw4|col2,T,own,1,1,1,4,2,6,2277**,6,3,True,2,7,29,8
Michigan4,LS1,Midday,Set1,Draw4,2,col2,Midday|Set1|Draw4|col2,T,own,1,1,1,4,2,7,**,2,1,True,2,7,29,8
Michigan4,LS1,Midday,Set1,Draw4,2,col2,Midday|Set1|Draw4|col2,T,combined,1,1,1,4,2,0,5922477**,9,6,False,2,3,57,4
Michigan4,LS1,Midday,Set1,Draw4,2,col2,Midday|Set1|Draw4|col2,T,combined,1,1,1,4,2,1,52277**,7,4,False,2,3,57,4
Michigan4,LS1,Midday,Set1,Draw4,2,col2,Midday|Set1|Draw4|col2,T,combined,1,1,1,4,2,2,5**,3,2,True,2,3,57,4
Michigan4,LS1,Midday,Set1,Draw4,2,col2,Midday|Set1|Draw4|col2,T,combined,1,1,1,4,2,3,**,2,1,True,2,3,57,4
Michigan4,LS1,Midday,Set1,Draw5,3,col3,Midday|Set1|Draw5|col3,A,own,1,1,1,5,3,0,559224133677,12,8,False,2,7,29,6
Michigan4,LS1,Midday,Set1,Draw5,3,col3,Midday|Set1|Draw5|col3,A,own,1,1,1,5,3,1,55224677,8,5,False,2,7,29,6
Michigan4,LS1,Midday,Set1,Draw5,3,col3,Midday|Set1|Draw5|col3,A,own,1,1,1,5,3,2,22477,5,3,True,2,7,29,6
Michigan4,LS1,Midday,Set1,Draw5,3,col3,Midday|Set1|Draw5|col3,A,own,1,1,1,5,3,3,2277,4,2,True,2,7,29,6
Michigan4,LS1,Midday,Set1,Draw5,3,col3,Midday|Set1|Draw5|col3,A,own,1,1,1,5,3,4,2277,4,2,True,2,7,29,6
Michigan4,LS1,Midday,Set1,Draw5,3,col3,Midday|Set1|Draw5|col3,A,own,1,1,1,5,3,7,77,2,1,True,2,7,29,6
Michigan4,LS1,Midday,Set1,Draw5,3,col3,Midday|Set1|Draw5|col3,A,combined,1,1,1,5,3,0,559224133677,12,8,False,3,6,7,7
Michigan4,LS1,Midday,Set1,Draw5,3,col3,Midday|Set1|Draw5|col3,A,combined,1,1,1,5,3,1,55224677,8,5,False,3,6,7,7
Michigan4,LS1,Midday,Set1,Draw5,3,col3,Midday|Set1|Draw5|col3,A,combined,1,1,1,5,3,2,552246,6,4,False,3,6,7,7
Michigan4,LS1,Midday,Set1,Draw5,3,col3,Midday|Set1|Draw5|col3,A,combined,1,1,1,5,3,3,224,3,2,True,3,6,7,7
Michigan4,LS1,Midday,Set1,Draw5,3,col3,Midday|Set1|Draw5|col3,A,combined,1,1,1,5,3,4,224,3,2,True,3,6,7,7
Michigan4,LS1,Midday,Set1,Draw5,3,col3,Midday|Set1|Draw5|col3,A,combined,1,1,1,5,3,5,22,2,1,True,3,6,7,7
Michigan4,LS1,Midday,Set1,Draw5,3,col3,Midday|Set1|Draw5|col3,A,combined,1,1,1,5,3,6,,0,0,False,3,6,7,7
Michigan4,LS1,Midday,Set1,Draw5,3,col3,Midday|Set1|Draw5|col3,B,own,1,1,1,5,3,0,559224133677,12,8,False,2,7,29,6
Michigan4,LS1,Midday,Set1,Draw5,3,col3,Midday|Set1|Draw5|col3,B,own,1,1,1,5,3,1,55224677,8,5,False,2,7,29,6
Michigan4,LS1,Midday,Set1,Draw5,3,col3,Midday|Set1|Draw5|col3,B,own,1,1,1,5,3,2,22477,5,3,True,2,7,29,6
Michigan4,LS1,Midday,Set1,Draw5,3,col3,Midday|Set1|Draw5|col3,B,own,1,1,1,5,3,3,2277,4,2,True,2,7,29,6
Michigan4,LS1,Midday,Set1,Draw5,3,col3,Midday|Set1|Draw5|col3,B,own,1,1,1,5,3,4,2277,4,2,True,2,7,29,6
Michigan4,LS1,Midday,Set1,Draw5,3,col3,Midday|Set1|Draw5|col3,B,own,1,1,1,5,3,7,77,2,1,True,2,7,29,6
Michigan4,LS1,Midday,Set1,Draw5,3,col3,Midday|Set1|Draw5|col3,B,combined,1,1,1,5,3,0,559224133677,12,8,False,2,6,7,7
Michigan4,LS1,Midday,Set1,Draw5,3,col3,Midday|Set1|Draw5|col3,B,combined,1,1,1,5,3,1,55224677,8,5,False,2,6,7,7
Michigan4,LS1,Midday,Set1,Draw5,3,col3,Midday|Set1|Draw5|col3,B,combined,1,1,1,5,3,2,55224,5,3,True,2,6,7,7
Michigan4,LS1,Midday,Set1,Draw5,3,col3,Midday|Set1|Draw5|col3,B,combined,1,1,1,5,3,3,224,3,2,True,2,6,7,7
Michigan4,LS1,Midday,Set1,Draw5,3,col3,Midday|Set1|Draw5|col3,B,combined,1,1,1,5,3,4,224,3,2,True,2,6,7,7
Michigan4,LS1,Midday,Set1,Draw5,3,col3,Midday|Set1|Draw5|col3,B,combined,1,1,1,5,3,5,22,2,1,True,2,6,7,7
Michigan4,LS1,Midday,Set1,Draw5,3,col3,Midday|Set1|Draw5|col3,B,combined,1,1,1,5,3,6,,0,0,False,2,6,7,7
Michigan4,LS1,Midday,Set1,Draw5,3,col3,Midday|Set1|Draw5|col3,C,own,1,1,1,5,3,0,559224133677,12,8,False,1,7,8,5
Michigan4,LS1,Midday,Set1,Draw5,3,col3,Midday|Set1|Draw5|col3,C,own,1,1,1,5,3,1,552277,6,3,True,1,7,8,5
Michigan4,LS1,Midday,Set1,Draw5,3,col3,Midday|Set1|Draw5|col3,C,own,1,1,1,5,3,2,2277,4,2,True,1,7,8,5
Michigan4,LS1,Midday,Set1,Draw5,3,col3,Midday|Set1|Draw5|col3,C,own,1,1,1,5,3,3,2277,4,2,True,1,7,8,5
Michigan4,LS1,Midday,Set1,Draw5,3,col3,Midday|Set1|Draw5|col3,C,own,1,1,1,5,3,7,,0,0,False,1,7,8,5
Michigan4,LS1,Midday,Set1,Draw5,3,col3,Midday|Set1|Draw5|col3,C,combined,1,1,1,5,3,0,559224133677,12,8,False,1,3,4,4
Michigan4,LS1,Midday,Set1,Draw5,3,col3,Midday|Set1|Draw5|col3,C,combined,1,1,1,5,3,1,552277,6,3,True,1,3,4,4
Michigan4,LS1,Midday,Set1,Draw5,3,col3,Midday|Set1|Draw5|col3,C,combined,1,1,1,5,3,2,55,2,1,True,1,3,4,4
Michigan4,LS1,Midday,Set1,Draw5,3,col3,Midday|Set1|Draw5|col3,C,combined,1,1,1,5,3,3,,0,0,False,1,3,4,4
Michigan4,LS1,Midday,Set1,Draw5,3,col3,Midday|Set1|Draw5|col3,D,own,1,1,1,5,3,0,559224133677,12,8,False,1,7,29,5
Michigan4,LS1,Midday,Set1,Draw5,3,col3,Midday|Set1|Draw5|col3,D,own,1,1,1,5,3,1,552277,6,3,True,1,7,29,5
Michigan4,LS1,Midday,Set1,Draw5,3,col3,Midday|Set1|Draw5|col3,D,own,1,1,1,5,3,2,2277,4,2,True,1,7,29,5
Michigan4,LS1,Midday,Set1,Draw5,3,col3,Midday|Set1|Draw5|col3,D,own,1,1,1,5,3,3,2277,4,2,True,1,7,29,5
Michigan4,LS1,Midday,Set1,Draw5,3,col3,Midday|Set1|Draw5|col3,D,own,1,1,1,5,3,7,7,1,1,True,1,7,29,5
Michigan4,LS1,Midday,Set1,Draw5,3,col3,Midday|Set1|Draw5|col3,D,combined,1,1,1,5,3,0,559224133677,12,8,False,1,6,7,6
Michigan4,LS1,Midday,Set1,Draw5,3,col3,Midday|Set1|Draw5|col3,D,combined,1,1,1,5,3,1,552277,6,3,True,1,6,7,6
Michigan4,LS1,Midday,Set1,Draw5,3,col3,Midday|Set1|Draw5|col3,D,combined,1,1,1,5,3,2,552,3,2,True,1,6,7,6
Michigan4,LS1,Midday,Set1,Draw5,3,col3,Midday|Set1|Draw5|col3,D,combined,1,1,1,5,3,3,2,1,1,True,1,6,7,6
Michigan4,LS1,Midday,Set1,Draw5,3,col3,Midday|Set1|Draw5|col3,D,combined,1,1,1,5,3,4,2,1,1,True,1,6,7,6
Michigan4,LS1,Midday,Set1,Draw5,3,col3,Midday|Set1|Draw5|col3,D,combined,1,1,1,5,3,6,,0,0,False,1,6,7,6
Michigan4,LS1,Midday,Set1,Draw5,3,col3,Midday|Set1|Draw5|col3,E,own,1,1,1,5,3,0,559224133677,12,8,False,3,7,29,6
Michigan4,LS1,Midday,Set1,Draw5,3,col3,Midday|Set1|Draw5|col3,E,own,1,1,1,5,3,1,552243677,9,6,False,3,7,29,6
Michigan4,LS1,Midday,Set1,Draw5,3,col3,Midday|Set1|Draw5|col3,E,own,1,1,1,5,3,2,5224377,7,5,False,3,7,29,6
Michigan4,LS1,Midday,Set1,Draw5,3,col3,Midday|Set1|Draw5|col3,E,own,1,1,1,5,3,3,2277,4,2,True,3,7,29,6
Michigan4,LS1,Midday,Set1,Draw5,3,col3,Midday|Set1|Draw5|col3,E,own,1,1,1,5,3,4,2277,4,2,True,3,7,29,6
Michigan4,LS1,Midday,Set1,Draw5,3,col3,Midday|Set1|Draw5|col3,E,own,1,1,1,5,3,7,277,3,2,True,3,7,29,6
Michigan4,LS1,Midday,Set1,Draw5,3,col3,Midday|Set1|Draw5|col3,E,combined,1,1,1,5,3,0,559224133677,12,8,False,5,12,13,11
Michigan4,LS1,Midday,Set1,Draw5,3,col3,Midday|Set1|Draw5|col3,E,combined,1,1,1,5,3,1,552243677,9,6,False,5,12,13,11
Michigan4,LS1,Midday,Set1,Draw5,3,col3,Midday|Set1|Draw5|col3,E,combined,1,1,1,5,3,2,5522437,7,5,False,5,12,13,11
Michigan4,LS1,Midday,Set1,Draw5,3,col3,Midday|Set1|Draw5|col3,E,combined,1,1,1,5,3,3,522437,6,5,False,5,12,13,11
Michigan4,LS1,Midday,Set1,Draw5,3,col3,Midday|Set1|Draw5|col3,E,combined,1,1,1,5,3,4,22437,5,4,False,5,12,13,11
Michigan4,LS1,Midday,Set1,Draw5,3,col3,Midday|Set1|Draw5|col3,E,combined,1,1,1,5,3,5,227,3,2,True,5,12,13,11
Michigan4,LS1,Midday,Set1,Draw5,3,col3,Midday|Set1|Draw5|col3,E,combined,1,1,1,5,3,6,27,2,2,True,5,12,13,11
Michigan4,LS1,Midday,Set1,Draw5,3,col3,Midday|Set1|Draw5|col3,E,combined,1,1,1,5,3,7,27,2,2,True,5,12,13,11
Michigan4,LS1,Midday,Set1,Draw5,3,col3,Midday|Set1|Draw5|col3,E,combined,1,1,1,5,3,10,7,1,1,True,5,12,13,11
Michigan4,LS1,Midday,Set1,Draw5,3,col3,Midday|Set1|Draw5|col3,E,combined,1,1,1,5,3,11,7,1,1,True,5,12,13,11
Michigan4,LS1,Midday,Set1,Draw5,3,col3,Midday|Set1|Draw5|col3,E,combined,1,1,1,5,3,12,,0,0,False,5,12,13,11
Michigan4,LS1,Midday,Set1,Draw5,3,col3,Midday|Set1|Draw5|col3,T,own,1,1,1,5,3,0,559224133677,12,8,False,1,7,29,5
Michigan4,LS1,Midday,Set1,Draw5,3,col3,Midday|Set1|Draw5|col3,T,own,1,1,1,5,3,1,552277,6,3,True,1,7,29,5
Michigan4,LS1,Midday,Set1,Draw5,3,col3,Midday|Set1|Draw5|col3,T,own,1,1,1,5,3,2,2277,4,2,True,1,7,29,5
Michigan4,LS1,Midday,Set1,Draw5,3,col3,Midday|Set1|Draw5|col3,T,own,1,1,1,5,3,3,2277,4,2,True,1,7,29,5
Michigan4,LS1,Midday,Set1,Draw5,3,col3,Midday|Set1|Draw5|col3,T,own,1,1,1,5,3,7,77,2,1,True,1,7,29,5
Michigan4,LS1,Midday,Set1,Draw5,3,col3,Midday|Set1|Draw5|col3,T,combined,1,1,1,5,3,0,559224133677,12,8,False,1,3,4,4
Michigan4,LS1,Midday,Set1,Draw5,3,col3,Midday|Set1|Draw5|col3,T,combined,1,1,1,5,3,1,552277,6,3,True,1,3,4,4
Michigan4,LS1,Midday,Set1,Draw5,3,col3,Midday|Set1|Draw5|col3,T,combined,1,1,1,5,3,2,55,2,1,True,1,3,4,4
Michigan4,LS1,Midday,Set1,Draw5,3,col3,Midday|Set1|Draw5|col3,T,combined,1,1,1,5,3,3,,0,0,False,1,3,4,4
Michigan4,LS1,Midday,Set1,Draw5,2,col2,Midday|Set1|Draw5|col2,A,own,1,1,1,5,2,0,592243377**,11,7,False,3,7,29,8
Michigan4,LS1,Midday,Set1,Draw5,2,col2,Midday|Set1|Draw5|col2,A,own,1,1,1,5,2,1,522477**,8,5,False,3,7,29,8
Michigan4,LS1,Midday,Set1,Draw5,2,col2,Midday|Set1|Draw5|col2,A,own,1,1,1,5,2,2,22477**,7,4,False,3,7,29,8
Michigan4,LS1,Midday,Set1,Draw5,2,col2,Midday|Set1|Draw5|col2,A,own,1,1,1,5,2,3,2277**,6,3,True,3,7,29,8
Michigan4,LS1,Midday,Set1,Draw5,2,col2,Midday|Set1|Draw5|col2,A,own,1,1,1,5,2,4,2277**,6,3,True,3,7,29,8
Michigan4,LS1,Midday,Set1,Draw5,2,col2,Midday|Set1|Draw5|col2,A,own,1,1,1,5,2,5,2277**,6,3,True,3,7,29,8
Michigan4,LS1,Midday,Set1,Draw5,2,col2,Midday|Set1|Draw5|col2,A,own,1,1,1,5,2,6,2277**,6,3,True,3,7,29,8
Michigan4,LS1,Midday,Set1,Draw5,2,col2,Midday|Set1|Draw5|col2,A,own,1,1,1,5,2,7,77**,4,2,True,3,7,29,8
Michigan4,LS1,Midday,Set1,Draw5,2,col2,Midday|Set1|Draw5|col2,A,combined,1,1,1,5,2,0,592243377**,11,7,False,3,6,57,7
Michigan4,LS1,Midday,Set1,Draw5,2,col2,Midday|Set1|Draw5|col2,A,combined,1,1,1,5,2,1,522477**,8,5,False,3,6,57,7
Michigan4,LS1,Midday,Set1,Draw5,2,col2,Midday|Set1|Draw5|col2,A,combined,1,1,1,5,2,2,5224**,6,4,False,3,6,57,7
Michigan4,LS1,Midday,Set1,Draw5,2,col2,Midday|Set1|Draw5|col2,A,combined,1,1,1,5,2,3,224**,5,3,True,3,6,57,7
Michigan4,LS1,Midday,Set1,Draw5,2,col2,Midday|Set1|Draw5|col2,A,combined,1,1,1,5,2,4,224**,5,3,True,3,6,57,7
Michigan4,LS1,Midday,Set1,Draw5,2,col2,Midday|Set1|Draw5|col2,A,combined,1,1,1,5,2,5,22**,4,2,True,3,6,57,7
Michigan4,LS1,Midday,Set1,Draw5,2,col2,Midday|Set1|Draw5|col2,A,combined,1,1,1,5,2,6,**,2,1,True,3,6,57,7
Michigan4,LS1,Midday,Set1,Draw5,2,col2,Midday|Set1|Draw5|col2,B,own,1,1,1,5,2,0,592243377**,11,7,False,3,7,29,8
Michigan4,LS1,Midday,Set1,Draw5,2,col2,Midday|Set1|Draw5|col2,B,own,1,1,1,5,2,1,522477**,8,5,False,3,7,29,8
Michigan4,LS1,Midday,Set1,Draw5,2,col2,Midday|Set1|Draw5|col2,B,own,1,1,1,5,2,2,22477**,7,4,False,3,7,29,8
Michigan4,LS1,Midday,Set1,Draw5,2,col2,Midday|Set1|Draw5|col2,B,own,1,1,1,5,2,3,2277**,6,3,True,3,7,29,8
Michigan4,LS1,Midday,Set1,Draw5,2,col2,Midday|Set1|Draw5|col2,B,own,1,1,1,5,2,4,2277**,6,3,True,3,7,29,8
Michigan4,LS1,Midday,Set1,Draw5,2,col2,Midday|Set1|Draw5|col2,B,own,1,1,1,5,2,5,2277**,6,3,True,3,7,29,8
Michigan4,LS1,Midday,Set1,Draw5,2,col2,Midday|Set1|Draw5|col2,B,own,1,1,1,5,2,6,2277**,6,3,True,3,7,29,8
Michigan4,LS1,Midday,Set1,Draw5,2,col2,Midday|Set1|Draw5|col2,B,own,1,1,1,5,2,7,77**,4,2,True,3,7,29,8
Michigan4,LS1,Midday,Set1,Draw5,2,col2,Midday|Set1|Draw5|col2,B,combined,1,1,1,5,2,0,592243377**,11,7,False,3,6,57,7
Michigan4,LS1,Midday,Set1,Draw5,2,col2,Midday|Set1|Draw5|col2,B,combined,1,1,1,5,2,1,522477**,8,5,False,3,6,57,7
Michigan4,LS1,Midday,Set1,Draw5,2,col2,Midday|Set1|Draw5|col2,B,combined,1,1,1,5,2,2,5224**,6,4,False,3,6,57,7
Michigan4,LS1,Midday,Set1,Draw5,2,col2,Midday|Set1|Draw5|col2,B,combined,1,1,1,5,2,3,224**,5,3,True,3,6,57,7
Michigan4,LS1,Midday,Set1,Draw5,2,col2,Midday|Set1|Draw5|col2,B,combined,1,1,1,5,2,4,224**,5,3,True,3,6,57,7
Michigan4,LS1,Midday,Set1,Draw5,2,col2,Midday|Set1|Draw5|col2,B,combined,1,1,1,5,2,5,22**,4,2,True,3,6,57,7
Michigan4,LS1,Midday,Set1,Draw5,2,col2,Midday|Set1|Draw5|col2,B,combined,1,1,1,5,2,6,**,2,1,True,3,6,57,7
Michigan4,LS1,Midday,Set1,Draw5,2,col2,Midday|Set1|Draw5|col2,C,own,1,1,1,5,2,0,592243377**,11,7,False,2,7,29,8
Michigan4,LS1,Midday,Set1,Draw5,2,col2,Midday|Set1|Draw5|col2,C,own,1,1,1,5,2,1,52277**,7,4,False,2,7,29,8
Michigan4,LS1,Midday,Set1,Draw5,2,col2,Midday|Set1|Draw5|col2,C,own,1,1,1,5,2,2,2277**,6,3,True,2,7,29,8
Michigan4,LS1,Midday,Set1,Draw5,2,col2,Midday|Set1|Draw5|col2,C,own,1,1,1,5,2,3,2277**,6,3,True,2,7,29,8
Michigan4,LS1,Midday,Set1,Draw5,2,col2,Midday|Set1|Draw5|col2,C,own,1,1,1,5,2,4,2277**,6,3,True,2,7,29,8
Michigan4,LS1,Midday,Set1,Draw5,2,col2,Midday|Set1|Draw5|col2,C,own,1,1,1,5,2,5,2277**,6,3,True,2,7,29,8
Michigan4,LS1,Midday,Set1,Draw5,2,col2,Midday|Set1|Draw5|col2,C,own,1,1,1,5,2,6,2277**,6,3,True,2,7,29,8
Michigan4,LS1,Midday,Set1,Draw5,2,col2,Midday|Set1|Draw5|col2,C,own,1,1,1,5,2,7,**,2,1,True,2,7,29,8
Michigan4,LS1,Midday,Set1,Draw5,2,col2,Midday|Set1|Draw5|col2,C,combined,1,1,1,5,2,0,592243377**,11,7,False,2,3,57,4
Michigan4,LS1,Midday,Set1,Draw5,2,col2,Midday|Set1|Draw5|col2,C,combined,1,1,1,5,2,1,52277**,7,4,False,2,3,57,4
Michigan4,LS1,Midday,Set1,Draw5,2,col2,Midday|Set1|Draw5|col2,C,combined,1,1,1,5,2,2,5**,3,2,True,2,3,57,4
Michigan4,LS1,Midday,Set1,Draw5,2,col2,Midday|Set1|Draw5|col2,C,combined,1,1,1,5,2,3,**,2,1,True,2,3,57,4
Michigan4,LS1,Midday,Set1,Draw5,2,col2,Midday|Set1|Draw5|col2,D,own,1,1,1,5,2,0,592243377**,11,7,False,2,7,29,8
Michigan4,LS1,Midday,Set1,Draw5,2,col2,Midday|Set1|Draw5|col2,D,own,1,1,1,5,2,1,52277**,7,4,False,2,7,29,8
Michigan4,LS1,Midday,Set1,Draw5,2,col2,Midday|Set1|Draw5|col2,D,own,1,1,1,5,2,2,2277**,6,3,True,2,7,29,8
Michigan4,LS1,Midday,Set1,Draw5,2,col2,Midday|Set1|Draw5|col2,D,own,1,1,1,5,2,3,2277**,6,3,True,2,7,29,8
Michigan4,LS1,Midday,Set1,Draw5,2,col2,Midday|Set1|Draw5|col2,D,own,1,1,1,5,2,4,2277**,6,3,True,2,7,29,8
Michigan4,LS1,Midday,Set1,Draw5,2,col2,Midday|Set1|Draw5|col2,D,own,1,1,1,5,2,5,2277**,6,3,True,2,7,29,8
Michigan4,LS1,Midday,Set1,Draw5,2,col2,Midday|Set1|Draw5|col2,D,own,1,1,1,5,2,6,2277**,6,3,True,2,7,29,8
Michigan4,LS1,Midday,Set1,Draw5,2,col2,Midday|Set1|Draw5|col2,D,own,1,1,1,5,2,7,7**,3,2,True,2,7,29,8
Michigan4,LS1,Midday,Set1,Draw5,2,col2,Midday|Set1|Draw5|col2,D,combined,1,1,1,5,2,0,592243377**,11,7,False,2,6,57,6
Michigan4,LS1,Midday,Set1,Draw5,2,col2,Midday|Set1|Draw5|col2,D,combined,1,1,1,5,2,1,52277**,7,4,False,2,6,57,6
Michigan4,LS1,Midday,Set1,Draw5,2,col2,Midday|Set1|Draw5|col2,D,combined,1,1,1,5,2,2,52**,4,3,True,2,6,57,6
Michigan4,LS1,Midday,Set1,Draw5,2,col2,Midday|Set1|Draw5|col2,D,combined,1,1,1,5,2,3,2**,3,2,True,2,6,57,6
Michigan4,LS1,Midday,Set1,Draw5,2,col2,Midday|Set1|Draw5|col2,D,combined,1,1,1,5,2,4,2**,3,2,True,2,6,57,6
Michigan4,LS1,Midday,Set1,Draw5,2,col2,Midday|Set1|Draw5|col2,D,combined,1,1,1,5,2,6,**,2,1,True,2,6,57,6
Michigan4,LS1,Midday,Set1,Draw5,2,col2,Midday|Set1|Draw5|col2,E,own,1,1,1,5,2,0,592243377**,11,7,False,3,7,29,8
Michigan4,LS1,Midday,Set1,Draw5,2,col2,Midday|Set1|Draw5|col2,E,own,1,1,1,5,2,1,5224377**,9,6,False,3,7,29,8
Michigan4,LS1,Midday,Set1,Draw5,2,col2,Midday|Set1|Draw5|col2,E,own,1,1,1,5,2,2,224377**,8,5,False,3,7,29,8
Michigan4,LS1,Midday,Set1,Draw5,2,col2,Midday|Set1|Draw5|col2,E,own,1,1,1,5,2,3,2277**,6,3,True,3,7,29,8
Michigan4,LS1,Midday,Set1,Draw5,2,col2,Midday|Set1|Draw5|col2,E,own,1,1,1,5,2,4,2277**,6,3,True,3,7,29,8
Michigan4,LS1,Midday,Set1,Draw5,2,col2,Midday|Set1|Draw5|col2,E,own,1,1,1,5,2,5,2277**,6,3,True,3,7,29,8
Michigan4,LS1,Midday,Set1,Draw5,2,col2,Midday|Set1|Draw5|col2,E,own,1,1,1,5,2,6,2277**,6,3,True,3,7,29,8
Michigan4,LS1,Midday,Set1,Draw5,2,col2,Midday|Set1|Draw5|col2,E,own,1,1,1,5,2,7,277**,5,3,True,3,7,29,8
Michigan4,LS1,Midday,Set1,Draw5,2,col2,Midday|Set1|Draw5|col2,E,combined,1,1,1,5,2,0,592243377**,11,7,False,5,12,57,13
Michigan4,LS1,Midday,Set1,Draw5,2,col2,Midday|Set1|Draw5|col2,E,combined,1,1,1,5,2,1,5224377**,9,6,False,5,12,57,13
Michigan4,LS1,Midday,Set1,Draw5,2,col2,Midday|Set1|Draw5|col2,E,combined,1,1,1,5,2,2,522437**,8,6,False,5,12,57,13
Michigan4,LS1,Midday,Set1,Draw5,2,col2,Midday|Set1|Draw5|col2,E,combined,1,1,1,5,2,3,22437**,7,5,False,5,12,57,13
Michigan4,LS1,Midday,Set1,Draw5,2,col2,Midday|Set1|Draw5|col2,E,combined,1,1,1,5,2,4,22437**,7,5,False,5,12,57,13
Michigan4,LS1,Midday,Set1,Draw5,2,col2,Midday|Set1|Draw5|col2,E,combined,1,1,1,5,2,5,227**,5,3,True,5,12,57,13
Michigan4,LS1,Midday,Set1,Draw5,2,col2,Midday|Set1|Draw5|col2,E,combined,1,1,1,5,2,6,27**,4,3,True,5,12,57,13
Michigan4,LS1,Midday,Set1,Draw5,2,col2,Midday|Set1|Draw5|col2,E,combined,1,1,1,5,2,7,27**,4,3,True,5,12,57,13
Michigan4,LS1,Midday,Set1,Draw5,2,col2,Midday|Set1|Draw5|col2,E,combined,1,1,1,5,2,8,27**,4,3,True,5,12,57,13
Michigan4,LS1,Midday,Set1,Draw5,2,col2,Midday|Set1|Draw5|col2,E,combined,1,1,1,5,2,9,27**,4,3,True,5,12,57,13
Michigan4,LS1,Midday,Set1,Draw5,2,col2,Midday|Set1|Draw5|col2,E,combined,1,1,1,5,2,10,7**,3,2,True,5,12,57,13
Michigan4,LS1,Midday,Set1,Draw5,2,col2,Midday|Set1|Draw5|col2,E,combined,1,1,1,5,2,11,7**,3,2,True,5,12,57,13
Michigan4,LS1,Midday,Set1,Draw5,2,col2,Midday|Set1|Draw5|col2,E,combined,1,1,1,5,2,12,**,2,1,True,5,12,57,13
Michigan4,LS1,Midday,Set1,Draw5,2,col2,Midday|Set1|Draw5|col2,T,own,1,1,1,5,2,0,592243377**,11,7,False,2,7,29,8
Michigan4,LS1,Midday,Set1,Draw5,2,col2,Midday|Set1|Draw5|col2,T,own,1,1,1,5,2,1,52277**,7,4,False,2,7,29,8
Michigan4,LS1,Midday,Set1,Draw5,2,col2,Midday|Set1|Draw5|col2,T,own,1,1,1,5,2,2,2277**,6,3,True,2,7,29,8
Michigan4,LS1,Midday,Set1,Draw5,2,col2,Midday|Set1|Draw5|col2,T,own,1,1,1,5,2,3,2277**,6,3,True,2,7,29,8
Michigan4,LS1,Midday,Set1,Draw5,2,col2,Midday|Set1|Draw5|col2,T,own,1,1,1,5,2,4,2277**,6,3,True,2,7,29,8
Michigan4,LS1,Midday,Set1,Draw5,2,col2,Midday|Set1|Draw5|col2,T,own,1,1,1,5,2,5,2277**,6,3,True,2,7,29,8
Michigan4,LS1,Midday,Set1,Draw5,2,col2,Midday|Set1|Draw5|col2,T,own,1,1,1,5,2,6,2277**,6,3,True,2,7,29,8
Michigan4,LS1,Midday,Set1,Draw5,2,col2,Midday|Set1|Draw5|col2,T,own,1,1,1,5,2,7,**,2,1,True,2,7,29,8
Michigan4,LS1,Midday,Set1,Draw5,2,col2,Midday|Set1|Draw5|col2,T,combined,1,1,1,5,2,0,592243377**,11,7,False,2,3,57,4
Michigan4,LS1,Midday,Set1,Draw5,2,col2,Midday|Set1|Draw5|col2,T,combined,1,1,1,5,2,1,52277**,7,4,False,2,3,57,4
Michigan4,LS1,Midday,Set1,Draw5,2,col2,Midday|Set1|Draw5|col2,T,combined,1,1,1,5,2,2,5**,3,2,True,2,3,57,4
Michigan4,LS1,Midday,Set1,Draw5,2,col2,Midday|Set1|Draw5|col2,T,combined,1,1,1,5,2,3,**,2,1,True,2,3,57,4
Michigan4,LS1,Midday,Set1,Draw5,1,col1,Midday|Set1|Draw5|col1,A,own,1,1,1,5,1,0,5224377**,9,6,False,3,7,29,8
Michigan4,LS1,Midday,Set1,Draw5,1,col1,Midday|Set1|Draw5|col1,A,own,1,1,1,5,1,1,522477**,8,5,False,3,7,29,8
Michigan4,LS1,Midday,Set1,Draw5,1,col1,Midday|Set1|Draw5|col1,A,own,1,1,1,5,1,2,22477**,7,4,False,3,7,29,8
Michigan4,LS1,Midday,Set1,Draw5,1,col1,Midday|Set1|Draw5|col1,A,own,1,1,1,5,1,3,2277**,6,3,True,3,7,29,8
Michigan4,LS1,Midday,Set1,Draw5,1,col1,Midday|Set1|Draw5|col1,A,own,1,1,1,5,1,4,2277**,6,3,True,3,7,29,8
Michigan4,LS1,Midday,Set1,Draw5,1,col1,Midday|Set1|Draw5|col1,A,own,1,1,1,5,1,5,2277**,6,3,True,3,7,29,8
Michigan4,LS1,Midday,Set1,Draw5,1,col1,Midday|Set1|Draw5|col1,A,own,1,1,1,5,1,6,2277**,6,3,True,3,7,29,8
Michigan4,LS1,Midday,Set1,Draw5,1,col1,Midday|Set1|Draw5|col1,A,own,1,1,1,5,1,7,77**,4,2,True,3,7,29,8
Michigan4,LS1,Midday,Set1,Draw5,1,col1,Midday|Set1|Draw5|col1,A,combined,1,1,1,5,1,0,5224377**,9,6,False,3,6,57,7
Michigan4,LS1,Midday,Set1,Draw5,1,col1,Midday|Set1|Draw5|col1,A,combined,1,1,1,5,1,1,522477**,8,5,False,3,6,57,7
Michigan4,LS1,Midday,Set1,Draw5,1,col1,Midday|Set1|Draw5|col1,A,combined,1,1,1,5,1,2,5224**,6,4,False,3,6,57,7
Michigan4,LS1,Midday,Set1,Draw5,1,col1,Midday|Set1|Draw5|col1,A,combined,1,1,1,5,1,3,224**,5,3,True,3,6,57,7
Michigan4,LS1,Midday,Set1,Draw5,1,col1,Midday|Set1|Draw5|col1,A,combined,1,1,1,5,1,4,224**,5,3,True,3,6,57,7
Michigan4,LS1,Midday,Set1,Draw5,1,col1,Midday|Set1|Draw5|col1,A,combined,1,1,1,5,1,5,22**,4,2,True,3,6,57,7
Michigan4,LS1,Midday,Set1,Draw5,1,col1,Midday|Set1|Draw5|col1,A,combined,1,1,1,5,1,6,**,2,1,True,3,6,57,7
Michigan4,LS1,Midday,Set1,Draw5,1,col1,Midday|Set1|Draw5|col1,B,own,1,1,1,5,1,0,5224377**,9,6,False,2,7,29,8
Michigan4,LS1,Midday,Set1,Draw5,1,col1,Midday|Set1|Draw5|col1,B,own,1,1,1,5,1,1,52277**,7,4,False,2,7,29,8
Michigan4,LS1,Midday,Set1,Draw5,1,col1,Midday|Set1|Draw5|col1,B,own,1,1,1,5,1,2,2277**,6,3,True,2,7,29,8
Michigan4,LS1,Midday,Set1,Draw5,1,col1,Midday|Set1|Draw5|col1,B,own,1,1,1,5,1,3,2277**,6,3,True,2,7,29,8
Michigan4,LS1,Midday,Set1,Draw5,1,col1,Midday|Set1|Draw5|col1,B,own,1,1,1,5,1,4,2277**,6,3,True,2,7,29,8
Michigan4,LS1,Midday,Set1,Draw5,1,col1,Midday|Set1|Draw5|col1,B,own,1,1,1,5,1,5,2277**,6,3,True,2,7,29,8
Michigan4,LS1,Midday,Set1,Draw5,1,col1,Midday|Set1|Draw5|col1,B,own,1,1,1,5,1,6,2277**,6,3,True,2,7,29,8
Michigan4,LS1,Midday,Set1,Draw5,1,col1,Midday|Set1|Draw5|col1,B,own,1,1,1,5,1,7,77**,4,2,True,2,7,29,8
Michigan4,LS1,Midday,Set1,Draw5,1,col1,Midday|Set1|Draw5|col1,B,combined,1,1,1,5,1,0,5224377**,9,6,False,2,6,57,6
Michigan4,LS1,Midday,Set1,Draw5,1,col1,Midday|Set1|Draw5|col1,B,combined,1,1,1,5,1,1,52277**,7,4,False,2,6,57,6
Michigan4,LS1,Midday,Set1,Draw5,1,col1,Midday|Set1|Draw5|col1,B,combined,1,1,1,5,1,2,522**,5,3,True,2,6,57,6
Michigan4,LS1,Midday,Set1,Draw5,1,col1,Midday|Set1|Draw5|col1,B,combined,1,1,1,5,1,3,22**,4,2,True,2,6,57,6
Michigan4,LS1,Midday,Set1,Draw5,1,col1,Midday|Set1|Draw5|col1,B,combined,1,1,1,5,1,4,22**,4,2,True,2,6,57,6
Michigan4,LS1,Midday,Set1,Draw5,1,col1,Midday|Set1|Draw5|col1,B,combined,1,1,1,5,1,6,**,2,1,True,2,6,57,6
Michigan4,LS1,Midday,Set1,Draw5,1,col1,Midday|Set1|Draw5|col1,C,own,1,1,1,5,1,0,5224377**,9,6,False,2,7,29,8
Michigan4,LS1,Midday,Set1,Draw5,1,col1,Midday|Set1|Draw5|col1,C,own,1,1,1,5,1,1,52277**,7,4,False,2,7,29,8
Michigan4,LS1,Midday,Set1,Draw5,1,col1,Midday|Set1|Draw5|col1,C,own,1,1,1,5,1,2,2277**,6,3,True,2,7,29,8
Michigan4,LS1,Midday,Set1,Draw5,1,col1,Midday|Set1|Draw5|col1,C,own,1,1,1,5,1,3,2277**,6,3,True,2,7,29,8
Michigan4,LS1,Midday,Set1,Draw5,1,col1,Midday|Set1|Draw5|col1,C,own,1,1,1,5,1,4,2277**,6,3,True,2,7,29,8
Michigan4,LS1,Midday,Set1,Draw5,1,col1,Midday|Set1|Draw5|col1,C,own,1,1,1,5,1,5,2277**,6,3,True,2,7,29,8
Michigan4,LS1,Midday,Set1,Draw5,1,col1,Midday|Set1|Draw5|col1,C,own,1,1,1,5,1,6,2277**,6,3,True,2,7,29,8
Michigan4,LS1,Midday,Set1,Draw5,1,col1,Midday|Set1|Draw5|col1,C,own,1,1,1,5,1,7,**,2,1,True,2,7,29,8
Michigan4,LS1,Midday,Set1,Draw5,1,col1,Midday|Set1|Draw5|col1,C,combined,1,1,1,5,1,0,5224377**,9,6,False,2,3,57,4
Michigan4,LS1,Midday,Set1,Draw5,1,col1,Midday|Set1|Draw5|col1,C,combined,1,1,1,5,1,1,52277**,7,4,False,2,3,57,4
Michigan4,LS1,Midday,Set1,Draw5,1,col1,Midday|Set1|Draw5|col1,C,combined,1,1,1,5,1,2,5**,3,2,True,2,3,57,4
Michigan4,LS1,Midday,Set1,Draw5,1,col1,Midday|Set1|Draw5|col1,C,combined,1,1,1,5,1,3,**,2,1,True,2,3,57,4
Michigan4,LS1,Midday,Set1,Draw5,1,col1,Midday|Set1|Draw5|col1,D,own,1,1,1,5,1,0,5224377**,9,6,False,2,7,29,8
Michigan4,LS1,Midday,Set1,Draw5,1,col1,Midday|Set1|Draw5|col1,D,own,1,1,1,5,1,1,52277**,7,4,False,2,7,29,8
Michigan4,LS1,Midday,Set1,Draw5,1,col1,Midday|Set1|Draw5|col1,D,own,1,1,1,5,1,2,2277**,6,3,True,2,7,29,8
Michigan4,LS1,Midday,Set1,Draw5,1,col1,Midday|Set1|Draw5|col1,D,own,1,1,1,5,1,3,2277**,6,3,True,2,7,29,8
Michigan4,LS1,Midday,Set1,Draw5,1,col1,Midday|Set1|Draw5|col1,D,own,1,1,1,5,1,4,2277**,6,3,True,2,7,29,8
Michigan4,LS1,Midday,Set1,Draw5,1,col1,Midday|Set1|Draw5|col1,D,own,1,1,1,5,1,5,2277**,6,3,True,2,7,29,8
Michigan4,LS1,Midday,Set1,Draw5,1,col1,Midday|Set1|Draw5|col1,D,own,1,1,1,5,1,6,2277**,6,3,True,2,7,29,8
Michigan4,LS1,Midday,Set1,Draw5,1,col1,Midday|Set1|Draw5|col1,D,own,1,1,1,5,1,7,7**,3,2,True,2,7,29,8
Michigan4,LS1,Midday,Set1,Draw5,1,col1,Midday|Set1|Draw5|col1,D,combined,1,1,1,5,1,0,5224377**,9,6,False,2,6,57,6
Michigan4,LS1,Midday,Set1,Draw5,1,col1,Midday|Set1|Draw5|col1,D,combined,1,1,1,5,1,1,52277**,7,4,False,2,6,57,6
Michigan4,LS1,Midday,Set1,Draw5,1,col1,Midday|Set1|Draw5|col1,D,combined,1,1,1,5,1,2,52**,4,3,True,2,6,57,6
Michigan4,LS1,Midday,Set1,Draw5,1,col1,Midday|Set1|Draw5|col1,D,combined,1,1,1,5,1,3,2**,3,2,True,2,6,57,6
Michigan4,LS1,Midday,Set1,Draw5,1,col1,Midday|Set1|Draw5|col1,D,combined,1,1,1,5,1,4,2**,3,2,True,2,6,57,6
Michigan4,LS1,Midday,Set1,Draw5,1,col1,Midday|Set1|Draw5|col1,D,combined,1,1,1,5,1,6,**,2,1,True,2,6,57,6
Michigan4,LS1,Midday,Set1,Draw5,1,col1,Midday|Set1|Draw5|col1,E,own,1,1,1,5,1,0,5224377**,9,6,False,2,7,29,8
Michigan4,LS1,Midday,Set1,Draw5,1,col1,Midday|Set1|Draw5|col1,E,own,1,1,1,5,1,1,52277**,7,4,False,2,7,29,8
Michigan4,LS1,Midday,Set1,Draw5,1,col1,Midday|Set1|Draw5|col1,E,own,1,1,1,5,1,2,2277**,6,3,True,2,7,29,8
Michigan4,LS1,Midday,Set1,Draw5,1,col1,Midday|Set1|Draw5|col1,E,own,1,1,1,5,1,3,2277**,6,3,True,2,7,29,8
Michigan4,LS1,Midday,Set1,Draw5,1,col1,Midday|Set1|Draw5|col1,E,own,1,1,1,5,1,4,2277**,6,3,True,2,7,29,8
Michigan4,LS1,Midday,Set1,Draw5,1,col1,Midday|Set1|Draw5|col1,E,own,1,1,1,5,1,5,2277**,6,3,True,2,7,29,8
Michigan4,LS1,Midday,Set1,Draw5,1,col1,Midday|Set1|Draw5|col1,E,own,1,1,1,5,1,6,2277**,6,3,True,2,7,29,8
Michigan4,LS1,Midday,Set1,Draw5,1,col1,Midday|Set1|Draw5|col1,E,own,1,1,1,5,1,7,277**,5,3,True,2,7,29,8
Michigan4,LS1,Midday,Set1,Draw5,1,col1,Midday|Set1|Draw5|col1,E,combined,1,1,1,5,1,0,5224377**,9,6,False,3,12,57,13
Michigan4,LS1,Midday,Set1,Draw5,1,col1,Midday|Set1|Draw5|col1,E,combined,1,1,1,5,1,1,52277**,7,4,False,3,12,57,13
Michigan4,LS1,Midday,Set1,Draw5,1,col1,Midday|Set1|Draw5|col1,E,combined,1,1,1,5,1,2,5227**,6,4,False,3,12,57,13
Michigan4,LS1,Midday,Set1,Draw5,1,col1,Midday|Set1|Draw5|col1,E,combined,1,1,1,5,1,3,227**,5,3,True,3,12,57,13
Michigan4,LS1,Midday,Set1,Draw5,1,col1,Midday|Set1|Draw5|col1,E,combined,1,1,1,5,1,4,227**,5,3,True,3,12,57,13
Michigan4,LS1,Midday,Set1,Draw5,1,col1,Midday|Set1|Draw5|col1,E,combined,1,1,1,5,1,5,227**,5,3,True,3,12,57,13
Michigan4,LS1,Midday,Set1,Draw5,1,col1,Midday|Set1|Draw5|col1,E,combined,1,1,1,5,1,6,27**,4,3,True,3,12,57,13
Michigan4,LS1,Midday,Set1,Draw5,1,col1,Midday|Set1|Draw5|col1,E,combined,1,1,1,5,1,7,27**,4,3,True,3,12,57,13
Michigan4,LS1,Midday,Set1,Draw5,1,col1,Midday|Set1|Draw5|col1,E,combined,1,1,1,5,1,8,27**,4,3,True,3,12,57,13
Michigan4,LS1,Midday,Set1,Draw5,1,col1,Midday|Set1|Draw5|col1,E,combined,1,1,1,5,1,9,27**,4,3,True,3,12,57,13
Michigan4,LS1,Midday,Set1,Draw5,1,col1,Midday|Set1|Draw5|col1,E,combined,1,1,1,5,1,10,7**,3,2,True,3,12,57,13
Michigan4,LS1,Midday,Set1,Draw5,1,col1,Midday|Set1|Draw5|col1,E,combined,1,1,1,5,1,11,7**,3,2,True,3,12,57,13
Michigan4,LS1,Midday,Set1,Draw5,1,col1,Midday|Set1|Draw5|col1,E,combined,1,1,1,5,1,12,**,2,1,True,3,12,57,13
Michigan4,LS1,Midday,Set1,Draw5,1,col1,Midday|Set1|Draw5|col1,T,own,1,1,1,5,1,0,5224377**,9,6,False,2,7,29,8
Michigan4,LS1,Midday,Set1,Draw5,1,col1,Midday|Set1|Draw5|col1,T,own,1,1,1,5,1,1,52277**,7,4,False,2,7,29,8
Michigan4,LS1,Midday,Set1,Draw5,1,col1,Midday|Set1|Draw5|col1,T,own,1,1,1,5,1,2,2277**,6,3,True,2,7,29,8
Michigan4,LS1,Midday,Set1,Draw5,1,col1,Midday|Set1|Draw5|col1,T,own,1,1,1,5,1,3,2277**,6,3,True,2,7,29,8
Michigan4,LS1,Midday,Set1,Draw5,1,col1,Midday|Set1|Draw5|col1,T,own,1,1,1,5,1,4,2277**,6,3,True,2,7,29,8
Michigan4,LS1,Midday,Set1,Draw5,1,col1,Midday|Set1|Draw5|col1,T,own,1,1,1,5,1,5,2277**,6,3,True,2,7,29,8
Michigan4,LS1,Midday,Set1,Draw5,1,col1,Midday|Set1|Draw5|col1,T,own,1,1,1,5,1,6,2277**,6,3,True,2,7,29,8
Michigan4,LS1,Midday,Set1,Draw5,1,col1,Midday|Set1|Draw5|col1,T,own,1,1,1,5,1,7,**,2,1,True,2,7,29,8
Michigan4,LS1,Midday,Set1,Draw5,1,col1,Midday|Set1|Draw5|col1,T,combined,1,1,1,5,1,0,5224377**,9,6,False,2,3,57,4
Michigan4,LS1,Midday,Set1,Draw5,1,col1,Midday|Set1|Draw5|col1,T,combined,1,1,1,5,1,1,52277**,7,4,False,2,3,57,4
Michigan4,LS1,Midday,Set1,Draw5,1,col1,Midday|Set1|Draw5|col1,T,combined,1,1,1,5,1,2,5**,3,2,True,2,3,57,4
Michigan4,LS1,Midday,Set1,Draw5,1,col1,Midday|Set1|Draw5|col1,T,combined,1,1,1,5,1,3,**,2,1,True,2,3,57,4
Michigan4,LS1,Midday,Set1,Draw6,2,col2,Midday|Set1|Draw6|col2,A,own,1,1,1,6,2,0,59922403377,11,7,False,3,7,29,6
Michigan4,LS1,Midday,Set1,Draw6,2,col2,Midday|Set1|Draw6|col2,A,own,1,1,1,6,2,1,5224077,7,5,False,3,7,29,6
Michigan4,LS1,Midday,Set1,Draw6,2,col2,Midday|Set1|Draw6|col2,A,own,1,1,1,6,2,2,224077,6,4,False,3,7,29,6
Michigan4,LS1,Midday,Set1,Draw6,2,col2,Midday|Set1|Draw6|col2,A,own,1,1,1,6,2,3,2277,4,2,True,3,7,29,6
Michigan4,LS1,Midday,Set1,Draw6,2,col2,Midday|Set1|Draw6|col2,A,own,1,1,1,6,2,4,2277,4,2,True,3,7,29,6
Michigan4,LS1,Midday,Set1,Draw6,2,col2,Midday|Set1|Draw6|col2,A,own,1,1,1,6,2,7,77,2,1,True,3,7,29,6
Michigan4,LS1,Midday,Set1,Draw6,2,col2,Midday|Set1|Draw6|col2,A,combined,1,1,1,6,2,0,59922403377,11,7,False,3,6,7,7
Michigan4,LS1,Midday,Set1,Draw6,2,col2,Midday|Set1|Draw6|col2,A,combined,1,1,1,6,2,1,5224077,7,5,False,3,6,7,7
Michigan4,LS1,Midday,Set1,Draw6,2,col2,Midday|Set1|Draw6|col2,A,combined,1,1,1,6,2,2,52240,5,4,False,3,6,7,7
Michigan4,LS1,Midday,Set1,Draw6,2,col2,Midday|Set1|Draw6|col2,A,combined,1,1,1,6,2,3,2240,4,3,True,3,6,7,7
Michigan4,LS1,Midday,Set1,Draw6,2,col2,Midday|Set1|Draw6|col2,A,combined,1,1,1,6,2,4,2240,4,3,True,3,6,7,7
Michigan4,LS1,Midday,Set1,Draw6,2,col2,Midday|Set1|Draw6|col2,A,combined,1,1,1,6,2,5,22,2,1,True,3,6,7,7
Michigan4,LS1,Midday,Set1,Draw6,2,col2,Midday|Set1|Draw6|col2,A,combined,1,1,1,6,2,6,,0,0,False,3,6,7,7
Michigan4,LS1,Midday,Set1,Draw6,2,col2,Midday|Set1|Draw6|col2,B,own,1,1,1,6,2,0,59922403377,11,7,False,3,7,29,6
Michigan4,LS1,Midday,Set1,Draw6,2,col2,Midday|Set1|Draw6|col2,B,own,1,1,1,6,2,1,5224077,7,5,False,3,7,29,6
Michigan4,LS1,Midday,Set1,Draw6,2,col2,Midday|Set1|Draw6|col2,B,own,1,1,1,6,2,2,224077,6,4,False,3,7,29,6
Michigan4,LS1,Midday,Set1,Draw6,2,col2,Midday|Set1|Draw6|col2,B,own,1,1,1,6,2,3,2277,4,2,True,3,7,29,6
Michigan4,LS1,Midday,Set1,Draw6,2,col2,Midday|Set1|Draw6|col2,B,own,1,1,1,6,2,4,2277,4,2,True,3,7,29,6
Michigan4,LS1,Midday,Set1,Draw6,2,col2,Midday|Set1|Draw6|col2,B,own,1,1,1,6,2,7,77,2,1,True,3,7,29,6
Michigan4,LS1,Midday,Set1,Draw6,2,col2,Midday|Set1|Draw6|col2,B,combined,1,1,1,6,2,0,59922403377,11,7,False,3,6,7,7
Michigan4,LS1,Midday,Set1,Draw6,2,col2,Midday|Set1|Draw6|col2,B,combined,1,1,1,6,2,1,5224077,7,5,False,3,6,7,7
Michigan4,LS1,Midday,Set1,Draw6,2,col2,Midday|Set1|Draw6|col2,B,combined,1,1,1,6,2,2,52240,5,4,False,3,6,7,7
Michigan4,LS1,Midday,Set1,Draw6,2,col2,Midday|Set1|Draw6|col2,B,combined,1,1,1,6,2,3,2240,4,3,True,3,6,7,7
Michigan4,LS1,Midday,Set1,Draw6,2,col2,Midday|Set1|Draw6|col2,B,combined,1,1,1,6,2,4,224,3,2,True,3,6,7,7
Michigan4,LS1,Midday,Set1,Draw6,2,col2,Midday|Set1|Draw6|col2,B,combined,1,1,1,6,2,5,22,2,1,True,3,6,7,7
Michigan4,LS1,Midday,Set1,Draw6,2,col2,Midday|Set1|Draw6|col2,B,combined,1,1,1,6,2,6,,0,0,False,3,6,7,7
Michigan4,LS1,Midday,Set1,Draw6,2,col2,Midday|Set1|Draw6|col2,C,own,1,1,1,6,2,0,59922403377,11,7,False,2,7,8,5
Michigan4,LS1,Midday,Set1,Draw6,2,col2,Midday|Set1|Draw6|col2,C,own,1,1,1,6,2,1,522077,6,4,False,2,7,8,5
Michigan4,LS1,Midday,Set1,Draw6,2,col2,Midday|Set1|Draw6|col2,C,own,1,1,1,6,2,2,2277,4,2,True,2,7,8,5
Michigan4,LS1,Midday,Set1,Draw6,2,col2,Midday|Set1|Draw6|col2,C,own,1,1,1,6,2,3,2277,4,2,True,2,7,8,5
Michigan4,LS1,Midday,Set1,Draw6,2,col2,Midday|Set1|Draw6|col2,C,own,1,1,1,6,2,7,,0,0,False,2,7,8,5
Michigan4,LS1,Midday,Set1,Draw6,2,col2,Midday|Set1|Draw6|col2,C,combined,1,1,1,6,2,0,59922403377,11,7,False,2,3,4,4
Michigan4,LS1,Midday,Set1,Draw6,2,col2,Midday|Set1|Draw6|col2,C,combined,1,1,1,6,2,1,522077,6,4,False,2,3,4,4
Michigan4,LS1,Midday,Set1,Draw6,2,col2,Midday|Set1|Draw6|col2,C,combined,1,1,1,6,2,2,50,2,2,True,2,3,4,4
Michigan4,LS1,Midday,Set1,Draw6,2,col2,Midday|Set1|Draw6|col2,C,combined,1,1,1,6,2,3,,0,0,False,2,3,4,4
Michigan4,LS1,Midday,Set1,Draw6,2,col2,Midday|Set1|Draw6|col2,D,own,1,1,1,6,2,0,59922403377,11,7,False,2,7,29,5
Michigan4,LS1,Midday,Set1,Draw6,2,col2,Midday|Set1|Draw6|col2,D,own,1,1,1,6,2,1,522077,6,4,False,2,7,29,5
Michigan4,LS1,Midday,Set1,Draw6,2,col2,Midday|Set1|Draw6|col2,D,own,1,1,1,6,2,2,2277,4,2,True,2,7,29,5
Michigan4,LS1,Midday,Set1,Draw6,2,col2,Midday|Set1|Draw6|col2,D,own,1,1,1,6,2,3,2277,4,2,True,2,7,29,5
Michigan4,LS1,Midday,Set1,Draw6,2,col2,Midday|Set1|Draw6|col2,D,own,1,1,1,6,2,7,7,1,1,True,2,7,29,5
Michigan4,LS1,Midday,Set1,Draw6,2,col2,Midday|Set1|Draw6|col2,D,combined,1,1,1,6,2,0,59922403377,11,7,False,2,6,7,6
Michigan4,LS1,Midday,Set1,Draw6,2,col2,Midday|Set1|Draw6|col2,D,combined,1,1,1,6,2,1,522077,6,4,False,2,6,7,6
Michigan4,LS1,Midday,Set1,Draw6,2,col2,Midday|Set1|Draw6|col2,D,combined,1,1,1,6,2,2,520,3,3,True,2,6,7,6
Michigan4,LS1,Midday,Set1,Draw6,2,col2,Midday|Set1|Draw6|col2,D,combined,1,1,1,6,2,3,2,1,1,True,2,6,7,6
Michigan4,LS1,Midday,Set1,Draw6,2,col2,Midday|Set1|Draw6|col2,D,combined,1,1,1,6,2,4,2,1,1,True,2,6,7,6
Michigan4,LS1,Midday,Set1,Draw6,2,col2,Midday|Set1|Draw6|col2,D,combined,1,1,1,6,2,6,,0,0,False,2,6,7,6
Michigan4,LS1,Midday,Set1,Draw6,2,col2,Midday|Set1|Draw6|col2,E,own,1,1,1,6,2,0,59922403377,11,7,False,3,7,29,8
Michigan4,LS1,Midday,Set1,Draw6,2,col2,Midday|Set1|Draw6|col2,E,own,1,1,1,6,2,1,592240377,9,7,False,3,7,29,8
Michigan4,LS1,Midday,Set1,Draw6,2,col2,Midday|Set1|Draw6|col2,E,own,1,1,1,6,2,2,92240377,8,6,False,3,7,29,8
Michigan4,LS1,Midday,Set1,Draw6,2,col2,Midday|Set1|Draw6|col2,E,own,1,1,1,6,2,3,92277,5,3,True,3,7,29,8
Michigan4,LS1,Midday,Set1,Draw6,2,col2,Midday|Set1|Draw6|col2,E,own,1,1,1,6,2,4,92277,5,3,True,3,7,29,8
Michigan4,LS1,Midday,Set1,Draw6,2,col2,Midday|Set1|Draw6|col2,E,own,1,1,1,6,2,5,2277,4,2,True,3,7,29,8
Michigan4,LS1,Midday,Set1,Draw6,2,col2,Midday|Set1|Draw6|col2,E,own,1,1,1,6,2,6,2277,4,2,True,3,7,29,8
Michigan4,LS1,Midday,Set1,Draw6,2,col2,Midday|Set1|Draw6|col2,E,own,1,1,1,6,2,7,277,3,2,True,3,7,29,8
Michigan4,LS1,Midday,Set1,Draw6,2,col2,Midday|Set1|Draw6|col2,E,combined,1,1,1,6,2,0,59922403377,11,7,False,5,12,13,13
Michigan4,LS1,Midday,Set1,Draw6,2,col2,Midday|Set1|Draw6|col2,E,combined,1,1,1,6,2,1,592240377,9,7,False,5,12,13,13
Michigan4,LS1,Midday,Set1,Draw6,2,col2,Midday|Set1|Draw6|col2,E,combined,1,1,1,6,2,2,59224037,8,7,False,5,12,13,13
Michigan4,LS1,Midday,Set1,Draw6,2,col2,Midday|Set1|Draw6|col2,E,combined,1,1,1,6,2,3,9224037,7,6,False,5,12,13,13
Michigan4,LS1,Midday,Set1,Draw6,2,col2,Midday|Set1|Draw6|col2,E,combined,1,1,1,6,2,4,922437,6,5,False,5,12,13,13
Michigan4,LS1,Midday,Set1,Draw6,2,col2,Midday|Set1|Draw6|col2,E,combined,1,1,1,6,2,5,9227,4,3,True,5,12,13,13
Michigan4,LS1,Midday,Set1,Draw6,2,col2,Midday|Set1|Draw6|col2,E,combined,1,1,1,6,2,6,927,3,3,True,5,12,13,13
Michigan4,LS1,Midday,Set1,Draw6,2,col2,Midday|Set1|Draw6|col2,E,combined,1,1,1,6,2,7,927,3,3,True,5,12,13,13
Michigan4,LS1,Midday,Set1,Draw6,2,col2,Midday|Set1|Draw6|col2,E,combined,1,1,1,6,2,8,27,2,2,True,5,12,13,13
Michigan4,LS1,Midday,Set1,Draw6,2,col2,Midday|Set1|Draw6|col2,E,combined,1,1,1,6,2,9,27,2,2,True,5,12,13,13
Michigan4,LS1,Midday,Set1,Draw6,2,col2,Midday|Set1|Draw6|col2,E,combined,1,1,1,6,2,10,7,1,1,True,5,12,13,13
Michigan4,LS1,Midday,Set1,Draw6,2,col2,Midday|Set1|Draw6|col2,E,combined,1,1,1,6,2,11,7,1,1,True,5,12,13,13
Michigan4,LS1,Midday,Set1,Draw6,2,col2,Midday|Set1|Draw6|col2,E,combined,1,1,1,6,2,12,,0,0,False,5,12,13,13
Michigan4,LS1,Midday,Set1,Draw6,2,col2,Midday|Set1|Draw6|col2,T,own,1,1,1,6,2,0,59922403377,11,7,False,2,7,29,5
Michigan4,LS1,Midday,Set1,Draw6,2,col2,Midday|Set1|Draw6|col2,T,own,1,1,1,6,2,1,522077,6,4,False,2,7,29,5
Michigan4,LS1,Midday,Set1,Draw6,2,col2,Midday|Set1|Draw6|col2,T,own,1,1,1,6,2,2,2277,4,2,True,2,7,29,5
Michigan4,LS1,Midday,Set1,Draw6,2,col2,Midday|Set1|Draw6|col2,T,own,1,1,1,6,2,3,2277,4,2,True,2,7,29,5
Michigan4,LS1,Midday,Set1,Draw6,2,col2,Midday|Set1|Draw6|col2,T,own,1,1,1,6,2,7,77,2,1,True,2,7,29,5
Michigan4,LS1,Midday,Set1,Draw6,2,col2,Midday|Set1|Draw6|col2,T,combined,1,1,1,6,2,0,59922403377,11,7,False,2,5,6,6
Michigan4,LS1,Midday,Set1,Draw6,2,col2,Midday|Set1|Draw6|col2,T,combined,1,1,1,6,2,1,522077,6,4,False,2,5,6,6
Michigan4,LS1,Midday,Set1,Draw6,2,col2,Midday|Set1|Draw6|col2,T,combined,1,1,1,6,2,2,50,2,2,True,2,5,6,6
Michigan4,LS1,Midday,Set1,Draw6,2,col2,Midday|Set1|Draw6|col2,T,combined,1,1,1,6,2,3,0,1,1,True,2,5,6,6
Michigan4,LS1,Midday,Set1,Draw6,2,col2,Midday|Set1|Draw6|col2,T,combined,1,1,1,6,2,4,0,1,1,True,2,5,6,6
Michigan4,LS1,Midday,Set1,Draw6,2,col2,Midday|Set1|Draw6|col2,T,combined,1,1,1,6,2,5,,0,0,False,2,5,6,6
Michigan4,LS1,Midday,Set1,Draw7,1,col1,Midday|Set1|Draw7|col1,A,own,1,1,1,7,1,0,59224038677,11,9,False,3,7,29,6
Michigan4,LS1,Midday,Set1,Draw7,1,col1,Midday|Set1|Draw7|col1,A,own,1,1,1,7,1,1,522408677,9,7,False,3,7,29,6
Michigan4,LS1,Midday,Set1,Draw7,1,col1,Midday|Set1|Draw7|col1,A,own,1,1,1,7,1,2,2240877,7,5,False,3,7,29,6
Michigan4,LS1,Midday,Set1,Draw7,1,col1,Midday|Set1|Draw7|col1,A,own,1,1,1,7,1,3,2277,4,2,True,3,7,29,6
Michigan4,LS1,Midday,Set1,Draw7,1,col1,Midday|Set1|Draw7|col1,A,own,1,1,1,7,1,4,2277,4,2,True,3,7,29,6
Michigan4,LS1,Midday,Set1,Draw7,1,col1,Midday|Set1|Draw7|col1,A,own,1,1,1,7,1,7,77,2,1,True,3,7,29,6
Michigan4,LS1,Midday,Set1,Draw7,1,col1,Midday|Set1|Draw7|col1,A,combined,1,1,1,7,1,0,59224038677,11,9,False,5,6,7,7
Michigan4,LS1,Midday,Set1,Draw7,1,col1,Midday|Set1|Draw7|col1,A,combined,1,1,1,7,1,1,522408677,9,7,False,5,6,7,7
Michigan4,LS1,Midday,Set1,Draw7,1,col1,Midday|Set1|Draw7|col1,A,combined,1,1,1,7,1,2,5224086,7,6,False,5,6,7,7
Michigan4,LS1,Midday,Set1,Draw7,1,col1,Midday|Set1|Draw7|col1,A,combined,1,1,1,7,1,3,22408,5,4,False,5,6,7,7
Michigan4,LS1,Midday,Set1,Draw7,1,col1,Midday|Set1|Draw7|col1,A,combined,1,1,1,7,1,4,22408,5,4,False,5,6,7,7
Michigan4,LS1,Midday,Set1,Draw7,1,col1,Midday|Set1|Draw7|col1,A,combined,1,1,1,7,1,5,22,2,1,True,5,6,7,7
Michigan4,LS1,Midday,Set1,Draw7,1,col1,Midday|Set1|Draw7|col1,A,combined,1,1,1,7,1,6,,0,0,False,5,6,7,7
Michigan4,LS1,Midday,Set1,Draw7,1,col1,Midday|Set1|Draw7|col1,B,own,1,1,1,7,1,0,59224038677,11,9,False,3,7,29,6
Michigan4,LS1,Midday,Set1,Draw7,1,col1,Midday|Set1|Draw7|col1,B,own,1,1,1,7,1,1,52240877,8,6,False,3,7,29,6
Michigan4,LS1,Midday,Set1,Draw7,1,col1,Midday|Set1|Draw7|col1,B,own,1,1,1,7,1,2,2240877,7,5,False,3,7,29,6
Michigan4,LS1,Midday,Set1,Draw7,1,col1,Midday|Set1|Draw7|col1,B,own,1,1,1,7,1,3,2277,4,2,True,3,7,29,6
Michigan4,LS1,Midday,Set1,Draw7,1,col1,Midday|Set1|Draw7|col1,B,own,1,1,1,7,1,4,2277,4,2,True,3,7,29,6
Michigan4,LS1,Midday,Set1,Draw7,1,col1,Midday|Set1|Draw7|col1,B,own,1,1,1,7,1,7,77,2,1,True,3,7,29,6
Michigan4,LS1,Midday,Set1,Draw7,1,col1,Midday|Set1|Draw7|col1,B,combined,1,1,1,7,1,0,59224038677,11,9,False,4,6,7,7
Michigan4,LS1,Midday,Set1,Draw7,1,col1,Midday|Set1|Draw7|col1,B,combined,1,1,1,7,1,1,52240877,8,6,False,4,6,7,7
Michigan4,LS1,Midday,Set1,Draw7,1,col1,Midday|Set1|Draw7|col1,B,combined,1,1,1,7,1,2,522408,6,5,False,4,6,7,7
Michigan4,LS1,Midday,Set1,Draw7,1,col1,Midday|Set1|Draw7|col1,B,combined,1,1,1,7,1,3,22408,5,4,False,4,6,7,7
Michigan4,LS1,Midday,Set1,Draw7,1,col1,Midday|Set1|Draw7|col1,B,combined,1,1,1,7,1,4,2248,4,3,True,4,6,7,7
Michigan4,LS1,Midday,Set1,Draw7,1,col1,Midday|Set1|Draw7|col1,B,combined,1,1,1,7,1,5,22,2,1,True,4,6,7,7
Michigan4,LS1,Midday,Set1,Draw7,1,col1,Midday|Set1|Draw7|col1,B,combined,1,1,1,7,1,6,,0,0,False,4,6,7,7
Michigan4,LS1,Midday,Set1,Draw7,1,col1,Midday|Set1|Draw7|col1,C,own,1,1,1,7,1,0,59224038677,11,9,False,2,7,8,5
Michigan4,LS1,Midday,Set1,Draw7,1,col1,Midday|Set1|Draw7|col1,C,own,1,1,1,7,1,1,522077,6,4,False,2,7,8,5
Michigan4,LS1,Midday,Set1,Draw7,1,col1,Midday|Set1|Draw7|col1,C,own,1,1,1,7,1,2,2277,4,2,True,2,7,8,5
Michigan4,LS1,Midday,Set1,Draw7,1,col1,Midday|Set1|Draw7|col1,C,own,1,1,1,7,1,3,2277,4,2,True,2,7,8,5
Michigan4,LS1,Midday,Set1,Draw7,1,col1,Midday|Set1|Draw7|col1,C,own,1,1,1,7,1,7,,0,0,False,2,7,8,5
Michigan4,LS1,Midday,Set1,Draw7,1,col1,Midday|Set1|Draw7|col1,C,combined,1,1,1,7,1,0,59224038677,11,9,False,2,3,4,4
Michigan4,LS1,Midday,Set1,Draw7,1,col1,Midday|Set1|Draw7|col1,C,combined,1,1,1,7,1,1,522077,6,4,False,2,3,4,4
Michigan4,LS1,Midday,Set1,Draw7,1,col1,Midday|Set1|Draw7|col1,C,combined,1,1,1,7,1,2,50,2,2,True,2,3,4,4
Michigan4,LS1,Midday,Set1,Draw7,1,col1,Midday|Set1|Draw7|col1,C,combined,1,1,1,7,1,3,,0,0,False,2,3,4,4
Michigan4,LS1,Midday,Set1,Draw7,1,col1,Midday|Set1|Draw7|col1,D,own,1,1,1,7,1,0,59224038677,11,9,False,2,7,29,5
Michigan4,LS1,Midday,Set1,Draw7,1,col1,Midday|Set1|Draw7|col1,D,own,1,1,1,7,1,1,522077,6,4,False,2,7,29,5
Michigan4,LS1,Midday,Set1,Draw7,1,col1,Midday|Set1|Draw7|col1,D,own,1,1,1,7,1,2,2277,4,2,True,2,7,29,5
Michigan4,LS1,Midday,Set1,Draw7,1,col1,Midday|Set1|Draw7|col1,D,own,1,1,1,7,1,3,2277,4,2,True,2,7,29,5
Michigan4,LS1,Midday,Set1,Draw7,1,col1,Midday|Set1|Draw7|col1,D,own,1,1,1,7,1,7,7,1,1,True,2,7,29,5
Michigan4,LS1,Midday,Set1,Draw7,1,col1,Midday|Set1|Draw7|col1,D,combined,1,1,1,7,1,0,59224038677,11,9,False,2,6,7,6
Michigan4,LS1,Midday,Set1,Draw7,1,col1,Midday|Set1|Draw7|col1,D,combined,1,1,1,7,1,1,522077,6,4,False,2,6,7,6
Michigan4,LS1,Midday,Set1,Draw7,1,col1,Midday|Set1|Draw7|col1,D,combined,1,1,1,7,1,2,520,3,3,True,2,6,7,6
Michigan4,LS1,Midday,Set1,Draw7,1,col1,Midday|Set1|Draw7|col1,D,combined,1,1,1,7,1,3,2,1,1,True,2,6,7,6
Michigan4,LS1,Midday,Set1,Draw7,1,col1,Midday|Set1|Draw7|col1,D,combined,1,1,1,7,1,4,2,1,1,True,2,6,7,6
Michigan4,LS1,Midday,Set1,Draw7,1,col1,Midday|Set1|Draw7|col1,D,combined,1,1,1,7,1,6,,0,0,False,2,6,7,6
Michigan4,LS1,Midday,Set1,Draw7,1,col1,Midday|Set1|Draw7|col1,E,own,1,1,1,7,1,0,59224038677,11,9,False,3,7,29,6
Michigan4,LS1,Midday,Set1,Draw7,1,col1,Midday|Set1|Draw7|col1,E,own,1,1,1,7,1,1,52240877,8,6,False,3,7,29,6
Michigan4,LS1,Midday,Set1,Draw7,1,col1,Midday|Set1|Draw7|col1,E,own,1,1,1,7,1,2,2240877,7,5,False,3,7,29,6
Michigan4,LS1,Midday,Set1,Draw7,1,col1,Midday|Set1|Draw7|col1,E,own,1,1,1,7,1,3,2277,4,2,True,3,7,29,6
Michigan4,LS1,Midday,Set1,Draw7,1,col1,Midday|Set1|Draw7|col1,E,own,1,1,1,7,1,4,2277,4,2,True,3,7,29,6
Michigan4,LS1,Midday,Set1,Draw7,1,col1,Midday|Set1|Draw7|col1,E,own,1,1,1,7,1,7,277,3,2,True,3,7,29,6
Michigan4,LS1,Midday,Set1,Draw7,1,col1,Midday|Set1|Draw7|col1,E,combined,1,1,1,7,1,0,59224038677,11,9,False,5,12,13,11
Michigan4,LS1,Midday,Set1,Draw7,1,col1,Midday|Set1|Draw7|col1,E,combined,1,1,1,7,1,1,52240877,8,6,False,5,12,13,11
Michigan4,LS1,Midday,Set1,Draw7,1,col1,Midday|Set1|Draw7|col1,E,combined,1,1,1,7,1,2,5224087,7,6,False,5,12,13,11
Michigan4,LS1,Midday,Set1,Draw7,1,col1,Midday|Set1|Draw7|col1,E,combined,1,1,1,7,1,3,224087,6,5,False,5,12,13,11
Michigan4,LS1,Midday,Set1,Draw7,1,col1,Midday|Set1|Draw7|col1,E,combined,1,1,1,7,1,4,22487,5,4,False,5,12,13,11
Michigan4,LS1,Midday,Set1,Draw7,1,col1,Midday|Set1|Draw7|col1,E,combined,1,1,1,7,1,5,227,3,2,True,5,12,13,11
Michigan4,LS1,Midday,Set1,Draw7,1,col1,Midday|Set1|Draw7|col1,E,combined,1,1,1,7,1,6,27,2,2,True,5,12,13,11
Michigan4,LS1,Midday,Set1,Draw7,1,col1,Midday|Set1|Draw7|col1,E,combined,1,1,1,7,1,7,27,2,2,True,5,12,13,11
Michigan4,LS1,Midday,Set1,Draw7,1,col1,Midday|Set1|Draw7|col1,E,combined,1,1,1,7,1,10,7,1,1,True,5,12,13,11
Michigan4,LS1,Midday,Set1,Draw7,1,col1,Midday|Set1|Draw7|col1,E,combined,1,1,1,7,1,11,7,1,1,True,5,12,13,11
Michigan4,LS1,Midday,Set1,Draw7,1,col1,Midday|Set1|Draw7|col1,E,combined,1,1,1,7,1,12,,0,0,False,5,12,13,11
Michigan4,LS1,Midday,Set1,Draw7,1,col1,Midday|Set1|Draw7|col1,T,own,1,1,1,7,1,0,59224038677,11,9,False,2,7,29,5
Michigan4,LS1,Midday,Set1,Draw7,1,col1,Midday|Set1|Draw7|col1,T,own,1,1,1,7,1,1,522077,6,4,False,2,7,29,5
Michigan4,LS1,Midday,Set1,Draw7,1,col1,Midday|Set1|Draw7|col1,T,own,1,1,1,7,1,2,2277,4,2,True,2,7,29,5
Michigan4,LS1,Midday,Set1,Draw7,1,col1,Midday|Set1|Draw7|col1,T,own,1,1,1,7,1,3,2277,4,2,True,2,7,29,5
Michigan4,LS1,Midday,Set1,Draw7,1,col1,Midday|Set1|Draw7|col1,T,own,1,1,1,7,1,7,77,2,1,True,2,7,29,5
Michigan4,LS1,Midday,Set1,Draw7,1,col1,Midday|Set1|Draw7|col1,T,combined,1,1,1,7,1,0,59224038677,11,9,False,2,5,6,6
Michigan4,LS1,Midday,Set1,Draw7,1,col1,Midday|Set1|Draw7|col1,T,combined,1,1,1,7,1,1,522077,6,4,False,2,5,6,6
Michigan4,LS1,Midday,Set1,Draw7,1,col1,Midday|Set1|Draw7|col1,T,combined,1,1,1,7,1,2,50,2,2,True,2,5,6,6
Michigan4,LS1,Midday,Set1,Draw7,1,col1,Midday|Set1|Draw7|col1,T,combined,1,1,1,7,1,3,0,1,1,True,2,5,6,6
Michigan4,LS1,Midday,Set1,Draw7,1,col1,Midday|Set1|Draw7|col1,T,combined,1,1,1,7,1,4,0,1,1,True,2,5,6,6
Michigan4,LS1,Midday,Set1,Draw7,1,col1,Midday|Set1|Draw7|col1,T,combined,1,1,1,7,1,5,,0,0,False,2,5,6,6
Michigan4,LS1,Evening,Set3,Draw1,7,col7,Evening|Set3|Draw1|col7,A,own,1,2,3,1,7,0,59920013867,11,9,False,4,6,7,7
Michigan4,LS1,Evening,Set3,Draw1,7,col7,Evening|Set3|Draw1|col7,A,own,1,2,3,1,7,1,599200386,9,7,False,4,6,7,7
Michigan4,LS1,Evening,Set3,Draw1,7,col7,Evening|Set3|Draw1|col7,A,own,1,2,3,1,7,2,9920038,7,5,False,4,6,7,7
Michigan4,LS1,Evening,Set3,Draw1,7,col7,Evening|Set3|Draw1|col7,A,own,1,2,3,1,7,3,990038,6,4,False,4,6,7,7
Michigan4,LS1,Evening,Set3,Draw1,7,col7,Evening|Set3|Draw1|col7,A,own,1,2,3,1,7,4,008,3,2,True,4,6,7,7
Michigan4,LS1,Evening,Set3,Draw1,7,col7,Evening|Set3|Draw1|col7,A,own,1,2,3,1,7,5,008,3,2,True,4,6,7,7
Michigan4,LS1,Evening,Set3,Draw1,7,col7,Evening|Set3|Draw1|col7,A,own,1,2,3,1,7,6,,0,0,False,4,6,7,7
Michigan4,LS1,Evening,Set3,Draw1,7,col7,Evening|Set3|Draw1|col7,A,combined,1,2,3,1,7,0,59920013867,11,9,False,3,6,7,7
Michigan4,LS1,Evening,Set3,Draw1,7,col7,Evening|Set3|Draw1|col7,A,combined,1,2,3,1,7,1,599200386,9,7,False,3,6,7,7
Michigan4,LS1,Evening,Set3,Draw1,7,col7,Evening|Set3|Draw1|col7,A,combined,1,2,3,1,7,2,520086,6,5,False,3,6,7,7
Michigan4,LS1,Evening,Set3,Draw1,7,col7,Evening|Set3|Draw1|col7,A,combined,1,2,3,1,7,3,2008,4,3,True,3,6,7,7
Michigan4,LS1,Evening,Set3,Draw1,7,col7,Evening|Set3|Draw1|col7,A,combined,1,2,3,1,7,4,2008,4,3,True,3,6,7,7
Michigan4,LS1,Evening,Set3,Draw1,7,col7,Evening|Set3|Draw1|col7,A,combined,1,2,3,1,7,5,008,3,2,True,3,6,7,7
Michigan4,LS1,Evening,Set3,Draw1,7,col7,Evening|Set3|Draw1|col7,A,combined,1,2,3,1,7,6,,0,0,False,3,6,7,7
Michigan4,LS1,Evening,Set3,Draw1,7,col7,Evening|Set3|Draw1|col7,B,own,1,2,3,1,7,0,59920013867,11,9,False,4,6,7,7
Michigan4,LS1,Evening,Set3,Draw1,7,col7,Evening|Set3|Draw1|col7,B,own,1,2,3,1,7,1,59920038,8,6,False,4,6,7,7
Michigan4,LS1,Evening,Set3,Draw1,7,col7,Evening|Set3|Draw1|col7,B,own,1,2,3,1,7,2,9920038,7,5,False,4,6,7,7
Michigan4,LS1,Evening,Set3,Draw1,7,col7,Evening|Set3|Draw1|col7,B,own,1,2,3,1,7,3,990038,6,4,False,4,6,7,7
Michigan4,LS1,Evening,Set3,Draw1,7,col7,Evening|Set3|Draw1|col7,B,own,1,2,3,1,7,4,00,2,1,True,4,6,7,7
Michigan4,LS1,Evening,Set3,Draw1,7,col7,Evening|Set3|Draw1|col7,B,own,1,2,3,1,7,5,00,2,1,True,4,6,7,7
Michigan4,LS1,Evening,Set3,Draw1,7,col7,Evening|Set3|Draw1|col7,B,own,1,2,3,1,7,6,,0,0,False,4,6,7,7
Michigan4,LS1,Evening,Set3,Draw1,7,col7,Evening|Set3|Draw1|col7,B,combined,1,2,3,1,7,0,59920013867,11,9,False,3,6,7,7
Michigan4,LS1,Evening,Set3,Draw1,7,col7,Evening|Set3|Draw1|col7,B,combined,1,2,3,1,7,1,59920038,8,6,False,3,6,7,7
Michigan4,LS1,Evening,Set3,Draw1,7,col7,Evening|Set3|Draw1|col7,B,combined,1,2,3,1,7,2,52008,5,4,False,3,6,7,7
Michigan4,LS1,Evening,Set3,Draw1,7,col7,Evening|Set3|Draw1|col7,B,combined,1,2,3,1,7,3,2008,4,3,True,3,6,7,7
Michigan4,LS1,Evening,Set3,Draw1,7,col7,Evening|Set3|Draw1|col7,B,combined,1,2,3,1,7,4,28,2,2,True,3,6,7,7
Michigan4,LS1,Evening,Set3,Draw1,7,col7,Evening|Set3|Draw1|col7,B,combined,1,2,3,1,7,5,8,1,1,True,3,6,7,7
Michigan4,LS1,Evening,Set3,Draw1,7,col7,Evening|Set3|Draw1|col7,B,combined,1,2,3,1,7,6,,0,0,False,3,6,7,7
Michigan4,LS1,Evening,Set3,Draw1,7,col7,Evening|Set3|Draw1|col7,C,own,1,2,3,1,7,0,59920013867,11,9,False,2,4,5,5
Michigan4,LS1,Evening,Set3,Draw1,7,col7,Evening|Set3|Draw1|col7,C,own,1,2,3,1,7,1,5990038,7,5,False,2,4,5,5
Michigan4,LS1,Evening,Set3,Draw1,7,col7,Evening|Set3|Draw1|col7,C,own,1,2,3,1,7,2,9938,4,3,True,2,4,5,5
Michigan4,LS1,Evening,Set3,Draw1,7,col7,Evening|Set3|Draw1|col7,C,own,1,2,3,1,7,3,9938,4,3,True,2,4,5,5
Michigan4,LS1,Evening,Set3,Draw1,7,col7,Evening|Set3|Draw1|col7,C,own,1,2,3,1,7,4,,0,0,False,2,4,5,5
Michigan4,LS1,Evening,Set3,Draw1,7,col7,Evening|Set3|Draw1|col7,C,combined,1,2,3,1,7,0,59920013867,11,9,False,2,3,4,4
Michigan4,LS1,Evening,Set3,Draw1,7,col7,Evening|Set3|Draw1|col7,C,combined,1,2,3,1,7,1,5990038,7,5,False,2,3,4,4
Michigan4,LS1,Evening,Set3,Draw1,7,col7,Evening|Set3|Draw1|col7,C,combined,1,2,3,1,7,2,500,3,2,True,2,3,4,4
Michigan4,LS1,Evening,Set3,Draw1,7,col7,Evening|Set3|Draw1|col7,C,combined,1,2,3,1,7,3,,0,0,False,2,3,4,4
Michigan4,LS1,Evening,Set3,Draw1,7,col7,Evening|Set3|Draw1|col7,D,own,1,2,3,1,7,0,59920013867,11,9,False,4,6,7,7
Michigan4,LS1,Evening,Set3,Draw1,7,col7,Evening|Set3|Draw1|col7,D,own,1,2,3,1,7,1,5990038,7,5,False,4,6,7,7
Michigan4,LS1,Evening,Set3,Draw1,7,col7,Evening|Set3|Draw1|col7,D,own,1,2,3,1,7,2,99038,5,4,False,4,6,7,7
Michigan4,LS1,Evening,Set3,Draw1,7,col7,Evening|Set3|Draw1|col7,D,own,1,2,3,1,7,3,99038,5,4,False,4,6,7,7
Michigan4,LS1,Evening,Set3,Draw1,7,col7,Evening|Set3|Draw1|col7,D,own,1,2,3,1,7,4,0,1,1,True,4,6,7,7
Michigan4,LS1,Evening,Set3,Draw1,7,col7,Evening|Set3|Draw1|col7,D,own,1,2,3,1,7,5,0,1,1,True,4,6,7,7
Michigan4,LS1,Evening,Set3,Draw1,7,col7,Evening|Set3|Draw1|col7,D,own,1,2,3,1,7,6,,0,0,False,4,6,7,7
Michigan4,LS1,Evening,Set3,Draw1,7,col7,Evening|Set3|Draw1|col7,D,combined,1,2,3,1,7,0,59920013867,11,9,False,2,4,5,5
Michigan4,LS1,Evening,Set3,Draw1,7,col7,Evening|Set3|Draw1|col7,D,combined,1,2,3,1,7,1,5990038,7,5,False,2,4,5,5
Michigan4,LS1,Evening,Set3,Draw1,7,col7,Evening|Set3|Draw1|col7,D,combined,1,2,3,1,7,2,500,3,2,True,2,4,5,5
Michigan4,LS1,Evening,Set3,Draw1,7,col7,Evening|Set3|Draw1|col7,D,combined,1,2,3,1,7,3,0,1,1,True,2,4,5,5
Michigan4,LS1,Evening,Set3,Draw1,7,col7,Evening|Set3|Draw1|col7,D,combined,1,2,3,1,7,4,,0,0,False,2,4,5,5
Michigan4,LS1,Evening,Set3,Draw1,7,col7,Evening|Set3|Draw1|col7,E,own,1,2,3,1,7,0,59920013867,11,9,False,4,9,10,9
Michigan4,LS1,Evening,Set3,Draw1,7,col7,Evening|Set3|Draw1|col7,E,own,1,2,3,1,7,1,59920038,8,6,False,4,9,10,9
Michigan4,LS1,Evening,Set3,Draw1,7,col7,Evening|Set3|Draw1|col7,E,own,1,2,3,1,7,2,9920038,7,5,False,4,9,10,9
Michigan4,LS1,Evening,Set3,Draw1,7,col7,Evening|Set3|Draw1|col7,E,own,1,2,3,1,7,3,990038,6,4,False,4,9,10,9
Michigan4,LS1,Evening,Set3,Draw1,7,col7,Evening|Set3|Draw1|col7,E,own,1,2,3,1,7,4,900,3,2,True,4,9,10,9
Michigan4,LS1,Evening,Set3,Draw1,7,col7,Evening|Set3|Draw1|col7,E,own,1,2,3,1,7,5,00,2,1,True,4,9,10,9
Michigan4,LS1,Evening,Set3,Draw1,7,col7,Evening|Set3|Draw1|col7,E,own,1,2,3,1,7,6,0,1,1,True,4,9,10,9
Michigan4,LS1,Evening,Set3,Draw1,7,col7,Evening|Set3|Draw1|col7,E,own,1,2,3,1,7,7,0,1,1,True,4,9,10,9
Michigan4,LS1,Evening,Set3,Draw1,7,col7,Evening|Set3|Draw1|col7,E,own,1,2,3,1,7,9,,0,0,False,4,9,10,9
Michigan4,LS1,Evening,Set3,Draw1,7,col7,Evening|Set3|Draw1|col7,E,combined,1,2,3,1,7,0,59920013867,11,9,False,5,6,7,7
Michigan4,LS1,Evening,Set3,Draw1,7,col7,Evening|Set3|Draw1|col7,E,combined,1,2,3,1,7,1,59920038,8,6,False,5,6,7,7
Michigan4,LS1,Evening,Set3,Draw1,7,col7,Evening|Set3|Draw1|col7,E,combined,1,2,3,1,7,2,592008,6,5,False,5,6,7,7
Michigan4,LS1,Evening,Set3,Draw1,7,col7,Evening|Set3|Draw1|col7,E,combined,1,2,3,1,7,3,92008,5,4,False,5,6,7,7
Michigan4,LS1,Evening,Set3,Draw1,7,col7,Evening|Set3|Draw1|col7,E,combined,1,2,3,1,7,4,9208,4,4,False,5,6,7,7
Michigan4,LS1,Evening,Set3,Draw1,7,col7,Evening|Set3|Draw1|col7,E,combined,1,2,3,1,7,5,908,3,3,True,5,6,7,7
Michigan4,LS1,Evening,Set3,Draw1,7,col7,Evening|Set3|Draw1|col7,E,combined,1,2,3,1,7,6,,0,0,False,5,6,7,7
Michigan4,LS1,Evening,Set3,Draw1,7,col7,Evening|Set3|Draw1|col7,T,own,1,2,3,1,7,0,59920013867,11,9,False,2,6,7,7
Michigan4,LS1,Evening,Set3,Draw1,7,col7,Evening|Set3|Draw1|col7,T,own,1,2,3,1,7,1,5990038,7,5,False,2,6,7,7
Michigan4,LS1,Evening,Set3,Draw1,7,col7,Evening|Set3|Draw1|col7,T,own,1,2,3,1,7,2,9938,4,3,True,2,6,7,7
Michigan4,LS1,Evening,Set3,Draw1,7,col7,Evening|Set3|Draw1|col7,T,own,1,2,3,1,7,3,9938,4,3,True,2,6,7,7
Michigan4,LS1,Evening,Set3,Draw1,7,col7,Evening|Set3|Draw1|col7,T,own,1,2,3,1,7,4,8,1,1,True,2,6,7,7
Michigan4,LS1,Evening,Set3,Draw1,7,col7,Evening|Set3|Draw1|col7,T,own,1,2,3,1,7,5,8,1,1,True,2,6,7,7
Michigan4,LS1,Evening,Set3,Draw1,7,col7,Evening|Set3|Draw1|col7,T,own,1,2,3,1,7,6,,0,0,False,2,6,7,7
Michigan4,LS1,Evening,Set3,Draw1,7,col7,Evening|Set3|Draw1|col7,T,combined,1,2,3,1,7,0,59920013867,11,9,False,2,6,7,6
Michigan4,LS1,Evening,Set3,Draw1,7,col7,Evening|Set3|Draw1|col7,T,combined,1,2,3,1,7,1,5990038,7,5,False,2,6,7,6
Michigan4,LS1,Evening,Set3,Draw1,7,col7,Evening|Set3|Draw1|col7,T,combined,1,2,3,1,7,2,500,3,2,True,2,6,7,6
Michigan4,LS1,Evening,Set3,Draw1,7,col7,Evening|Set3|Draw1|col7,T,combined,1,2,3,1,7,3,00,2,1,True,2,6,7,6
Michigan4,LS1,Evening,Set3,Draw1,7,col7,Evening|Set3|Draw1|col7,T,combined,1,2,3,1,7,4,00,2,1,True,2,6,7,6
Michigan4,LS1,Evening,Set3,Draw1,7,col7,Evening|Set3|Draw1|col7,T,combined,1,2,3,1,7,6,,0,0,False,2,6,7,6
Michigan4,LS1,Evening,Set3,Draw1,6,col6,Evening|Set3|Draw1|col6,A,own,1,2,3,1,6,0,59920367,8,7,False,3,6,7,7
Michigan4,LS1,Evening,Set3,Draw1,6,col6,Evening|Set3|Draw1|col6,A,own,1,2,3,1,6,1,5992036,7,6,False,3,6,7,7
Michigan4,LS1,Evening,Set3,Draw1,6,col6,Evening|Set3|Draw1|col6,A,own,1,2,3,1,6,2,99203,5,4,False,3,6,7,7
Michigan4,LS1,Evening,Set3,Draw1,6,col6,Evening|Set3|Draw1|col6,A,own,1,2,3,1,6,3,9903,4,3,True,3,6,7,7
Michigan4,LS1,Evening,Set3,Draw1,6,col6,Evening|Set3|Draw1|col6,A,own,1,2,3,1,6,4,0,1,1,True,3,6,7,7
Michigan4,LS1,Evening,Set3,Draw1,6,col6,Evening|Set3|Draw1|col6,A,own,1,2,3,1,6,5,0,1,1,True,3,6,7,7
Michigan4,LS1,Evening,Set3,Draw1,6,col6,Evening|Set3|Draw1|col6,A,own,1,2,3,1,6,6,,0,0,False,3,6,7,7
Michigan4,LS1,Evening,Set3,Draw1,6,col6,Evening|Set3|Draw1|col6,A,combined,1,2,3,1,6,0,59920367,8,7,False,3,6,7,7
Michigan4,LS1,Evening,Set3,Draw1,6,col6,Evening|Set3|Draw1|col6,A,combined,1,2,3,1,6,1,5992036,7,6,False,3,6,7,7
Michigan4,LS1,Evening,Set3,Draw1,6,col6,Evening|Set3|Draw1|col6,A,combined,1,2,3,1,6,2,5206,4,4,False,3,6,7,7
Michigan4,LS1,Evening,Set3,Draw1,6,col6,Evening|Set3|Draw1|col6,A,combined,1,2,3,1,6,3,20,2,2,True,3,6,7,7
Michigan4,LS1,Evening,Set3,Draw1,6,col6,Evening|Set3|Draw1|col6,A,combined,1,2,3,1,6,4,20,2,2,True,3,6,7,7
Michigan4,LS1,Evening,Set3,Draw1,6,col6,Evening|Set3|Draw1|col6,A,combined,1,2,3,1,6,5,0,1,1,True,3,6,7,7
Michigan4,LS1,Evening,Set3,Draw1,6,col6,Evening|Set3|Draw1|col6,A,combined,1,2,3,1,6,6,,0,0,False,3,6,7,7
Michigan4,LS1,Evening,Set3,Draw1,6,col6,Evening|Set3|Draw1|col6,B,own,1,2,3,1,6,0,59920367,8,7,False,3,6,7,7
Michigan4,LS1,Evening,Set3,Draw1,6,col6,Evening|Set3|Draw1|col6,B,own,1,2,3,1,6,1,599203,6,5,False,3,6,7,7
Michigan4,LS1,Evening,Set3,Draw1,6,col6,Evening|Set3|Draw1|col6,B,own,1,2,3,1,6,2,99203,5,4,False,3,6,7,7
Michigan4,LS1,Evening,Set3,Draw1,6,col6,Evening|Set3|Draw1|col6,B,own,1,2,3,1,6,3,9903,4,3,True,3,6,7,7
Michigan4,LS1,Evening,Set3,Draw1,6,col6,Evening|Set3|Draw1|col6,B,own,1,2,3,1,6,4,0,1,1,True,3,6,7,7
Michigan4,LS1,Evening,Set3,Draw1,6,col6,Evening|Set3|Draw1|col6,B,own,1,2,3,1,6,5,0,1,1,True,3,6,7,7
Michigan4,LS1,Evening,Set3,Draw1,6,col6,Evening|Set3|Draw1|col6,B,own,1,2,3,1,6,6,,0,0,False,3,6,7,7
Michigan4,LS1,Evening,Set3,Draw1,6,col6,Evening|Set3|Draw1|col6,B,combined,1,2,3,1,6,0,59920367,8,7,False,2,5,6,6
Michigan4,LS1,Evening,Set3,Draw1,6,col6,Evening|Set3|Draw1|col6,B,combined,1,2,3,1,6,1,599203,6,5,False,2,5,6,6
Michigan4,LS1,Evening,Set3,Draw1,6,col6,Evening|Set3|Draw1|col6,B,combined,1,2,3,1,6,2,520,3,3,True,2,5,6,6
Michigan4,LS1,Evening,Set3,Draw1,6,col6,Evening|Set3|Draw1|col6,B,combined,1,2,3,1,6,3,20,2,2,True,2,5,6,6
Michigan4,LS1,Evening,Set3,Draw1,6,col6,Evening|Set3|Draw1|col6,B,combined,1,2,3,1,6,4,2,1,1,True,2,5,6,6
Michigan4,LS1,Evening,Set3,Draw1,6,col6,Evening|Set3|Draw1|col6,B,combined,1,2,3,1,6,5,,0,0,False,2,5,6,6
Michigan4,LS1,Evening,Set3,Draw1,6,col6,Evening|Set3|Draw1|col6,C,own,1,2,3,1,6,0,59920367,8,7,False,2,4,5,5
Michigan4,LS1,Evening,Set3,Draw1,6,col6,Evening|Set3|Draw1|col6,C,own,1,2,3,1,6,1,59903,5,4,False,2,4,5,5
Michigan4,LS1,Evening,Set3,Draw1,6,col6,Evening|Set3|Draw1|col6,C,own,1,2,3,1,6,2,993,3,2,True,2,4,5,5
Michigan4,LS1,Evening,Set3,Draw1,6,col6,Evening|Set3|Draw1|col6,C,own,1,2,3,1,6,3,993,3,2,True,2,4,5,5
Michigan4,LS1,Evening,Set3,Draw1,6,col6,Evening|Set3|Draw1|col6,C,own,1,2,3,1,6,4,,0,0,False,2,4,5,5
Michigan4,LS1,Evening,Set3,Draw1,6,col6,Evening|Set3|Draw1|col6,C,combined,1,2,3,1,6,0,59920367,8,7,False,2,3,4,4
Michigan4,LS1,Evening,Set3,Draw1,6,col6,Evening|Set3|Draw1|col6,C,combined,1,2,3,1,6,1,59903,5,4,False,2,3,4,4
Michigan4,LS1,Evening,Set3,Draw1,6,col6,Evening|Set3|Draw1|col6,C,combined,1,2,3,1,6,2,50,2,2,True,2,3,4,4
Michigan4,LS1,Evening,Set3,Draw1,6,col6,Evening|Set3|Draw1|col6,C,combined,1,2,3,1,6,3,,0,0,False,2,3,4,4
Michigan4,LS1,Evening,Set3,Draw1,6,col6,Evening|Set3|Draw1|col6,D,own,1,2,3,1,6,0,59920367,8,7,False,2,4,5,5
Michigan4,LS1,Evening,Set3,Draw1,6,col6,Evening|Set3|Draw1|col6,D,own,1,2,3,1,6,1,59903,5,4,False,2,4,5,5
Michigan4,LS1,Evening,Set3,Draw1,6,col6,Evening|Set3|Draw1|col6,D,own,1,2,3,1,6,2,993,3,2,True,2,4,5,5
Michigan4,LS1,Evening,Set3,Draw1,6,col6,Evening|Set3|Draw1|col6,D,own,1,2,3,1,6,3,993,3,2,True,2,4,5,5
Michigan4,LS1,Evening,Set3,Draw1,6,col6,Evening|Set3|Draw1|col6,D,own,1,2,3,1,6,4,,0,0,False,2,4,5,5
Michigan4,LS1,Evening,Set3,Draw1,6,col6,Evening|Set3|Draw1|col6,D,combined,1,2,3,1,6,0,59920367,8,7,False,2,3,4,4
Michigan4,LS1,Evening,Set3,Draw1,6,col6,Evening|Set3|Draw1|col6,D,combined,1,2,3,1,6,1,59903,5,4,False,2,3,4,4
Michigan4,LS1,Evening,Set3,Draw1,6,col6,Evening|Set3|Draw1|col6,D,combined,1,2,3,1,6,2,50,2,2,True,2,3,4,4
Michigan4,LS1,Evening,Set3,Draw1,6,col6,Evening|Set3|Draw1|col6,D,combined,1,2,3,1,6,3,,0,0,False,2,3,4,4
Michigan4,LS1,Evening,Set3,Draw1,6,col6,Evening|Set3|Draw1|col6,E,own,1,2,3,1,6,0,59920367,8,7,False,3,6,7,7
Michigan4,LS1,Evening,Set3,Draw1,6,col6,Evening|Set3|Draw1|col6,E,own,1,2,3,1,6,1,599203,6,5,False,3,6,7,7
Michigan4,LS1,Evening,Set3,Draw1,6,col6,Evening|Set3|Draw1|col6,E,own,1,2,3,1,6,2,99203,5,4,False,3,6,7,7
Michigan4,LS1,Evening,Set3,Draw1,6,col6,Evening|Set3|Draw1|col6,E,own,1,2,3,1,6,3,9903,4,3,True,3,6,7,7
Michigan4,LS1,Evening,Set3,Draw1,6,col6,Evening|Set3|Draw1|col6,E,own,1,2,3,1,6,4,90,2,2,True,3,6,7,7
Michigan4,LS1,Evening,Set3,Draw1,6,col6,Evening|Set3|Draw1|col6,E,own,1,2,3,1,6,5,0,1,1,True,3,6,7,7
Michigan4,LS1,Evening,Set3,Draw1,6,col6,Evening|Set3|Draw1|col6,E,own,1,2,3,1,6,6,,0,0,False,3,6,7,7
Michigan4,LS1,Evening,Set3,Draw1,6,col6,Evening|Set3|Draw1|col6,E,combined,1,2,3,1,6,0,59920367,8,7,False,3,6,7,7
Michigan4,LS1,Evening,Set3,Draw1,6,col6,Evening|Set3|Draw1|col6,E,combined,1,2,3,1,6,1,599203,6,5,False,3,6,7,7
Michigan4,LS1,Evening,Set3,Draw1,6,col6,Evening|Set3|Draw1|col6,E,combined,1,2,3,1,6,2,5920,4,4,False,3,6,7,7
Michigan4,LS1,Evening,Set3,Draw1,6,col6,Evening|Set3|Draw1|col6,E,combined,1,2,3,1,6,3,920,3,3,True,3,6,7,7
Michigan4,LS1,Evening,Set3,Draw1,6,col6,Evening|Set3|Draw1|col6,E,combined,1,2,3,1,6,4,92,2,2,True,3,6,7,7
Michigan4,LS1,Evening,Set3,Draw1,6,col6,Evening|Set3|Draw1|col6,E,combined,1,2,3,1,6,5,9,1,1,True,3,6,7,7
Michigan4,LS1,Evening,Set3,Draw1,6,col6,Evening|Set3|Draw1|col6,E,combined,1,2,3,1,6,6,,0,0,False,3,6,7,7
Michigan4,LS1,Evening,Set3,Draw1,6,col6,Evening|Set3|Draw1|col6,T,own,1,2,3,1,6,0,59920367,8,7,False,2,4,5,5
Michigan4,LS1,Evening,Set3,Draw1,6,col6,Evening|Set3|Draw1|col6,T,own,1,2,3,1,6,1,59903,5,4,False,2,4,5,5
Michigan4,LS1,Evening,Set3,Draw1,6,col6,Evening|Set3|Draw1|col6,T,own,1,2,3,1,6,2,993,3,2,True,2,4,5,5
Michigan4,LS1,Evening,Set3,Draw1,6,col6,Evening|Set3|Draw1|col6,T,own,1,2,3,1,6,3,993,3,2,True,2,4,5,5
Michigan4,LS1,Evening,Set3,Draw1,6,col6,Evening|Set3|Draw1|col6,T,own,1,2,3,1,6,4,,0,0,False,2,4,5,5
Michigan4,LS1,Evening,Set3,Draw1,6,col6,Evening|Set3|Draw1|col6,T,combined,1,2,3,1,6,0,59920367,8,7,False,2,6,7,6
Michigan4,LS1,Evening,Set3,Draw1,6,col6,Evening|Set3|Draw1|col6,T,combined,1,2,3,1,6,1,59903,5,4,False,2,6,7,6
Michigan4,LS1,Evening,Set3,Draw1,6,col6,Evening|Set3|Draw1|col6,T,combined,1,2,3,1,6,2,50,2,2,True,2,6,7,6
Michigan4,LS1,Evening,Set3,Draw1,6,col6,Evening|Set3|Draw1|col6,T,combined,1,2,3,1,6,3,0,1,1,True,2,6,7,6
Michigan4,LS1,Evening,Set3,Draw1,6,col6,Evening|Set3|Draw1|col6,T,combined,1,2,3,1,6,4,0,1,1,True,2,6,7,6
Michigan4,LS1,Evening,Set3,Draw1,6,col6,Evening|Set3|Draw1|col6,T,combined,1,2,3,1,6,6,,0,0,False,2,6,7,6
Michigan4,LS1,Evening,Set3,Draw1,5,col5,Evening|Set3|Draw1|col5,A,own,1,2,3,1,5,0,5920367,7,7,False,3,6,7,7
Michigan4,LS1,Evening,Set3,Draw1,5,col5,Evening|Set3|Draw1|col5,A,own,1,2,3,1,5,1,592036,6,6,False,3,6,7,7
Michigan4,LS1,Evening,Set3,Draw1,5,col5,Evening|Set3|Draw1|col5,A,own,1,2,3,1,5,2,9203,4,4,False,3,6,7,7
Michigan4,LS1,Evening,Set3,Draw1,5,col5,Evening|Set3|Draw1|col5,A,own,1,2,3,1,5,3,903,3,3,True,3,6,7,7
Michigan4,LS1,Evening,Set3,Draw1,5,col5,Evening|Set3|Draw1|col5,A,own,1,2,3,1,5,4,0,1,1,True,3,6,7,7
Michigan4,LS1,Evening,Set3,Draw1,5,col5,Evening|Set3|Draw1|col5,A,own,1,2,3,1,5,5,0,1,1,True,3,6,7,7
Michigan4,LS1,Evening,Set3,Draw1,5,col5,Evening|Set3|Draw1|col5,A,own,1,2,3,1,5,6,,0,0,False,3,6,7,7
Michigan4,LS1,Evening,Set3,Draw1,5,col5,Evening|Set3|Draw1|col5,A,combined,1,2,3,1,5,0,5920367,7,7,False,3,6,7,7
Michigan4,LS1,Evening,Set3,Draw1,5,col5,Evening|Set3|Draw1|col5,A,combined,1,2,3,1,5,1,592036,6,6,False,3,6,7,7
Michigan4,LS1,Evening,Set3,Draw1,5,col5,Evening|Set3|Draw1|col5,A,combined,1,2,3,1,5,2,5206,4,4,False,3,6,7,7
Michigan4,LS1,Evening,Set3,Draw1,5,col5,Evening|Set3|Draw1|col5,A,combined,1,2,3,1,5,3,20,2,2,True,3,6,7,7
Michigan4,LS1,Evening,Set3,Draw1,5,col5,Evening|Set3|Draw1|col5,A,combined,1,2,3,1,5,4,20,2,2,True,3,6,7,7
Michigan4,LS1,Evening,Set3,Draw1,5,col5,Evening|Set3|Draw1|col5,A,combined,1,2,3,1,5,5,0,1,1,True,3,6,7,7
Michigan4,LS1,Evening,Set3,Draw1,5,col5,Evening|Set3|Draw1|col5,A,combined,1,2,3,1,5,6,,0,0,False,3,6,7,7
Michigan4,LS1,Evening,Set3,Draw1,5,col5,Evening|Set3|Draw1|col5,B,own,1,2,3,1,5,0,5920367,7,7,False,3,6,7,7
Michigan4,LS1,Evening,Set3,Draw1,5,col5,Evening|Set3|Draw1|col5,B,own,1,2,3,1,5,1,59203,5,5,False,3,6,7,7
Michigan4,LS1,Evening,Set3,Draw1,5,col5,Evening|Set3|Draw1|col5,B,own,1,2,3,1,5,2,9203,4,4,False,3,6,7,7
Michigan4,LS1,Evening,Set3,Draw1,5,col5,Evening|Set3|Draw1|col5,B,own,1,2,3,1,5,3,903,3,3,True,3,6,7,7
Michigan4,LS1,Evening,Set3,Draw1,5,col5,Evening|Set3|Draw1|col5,B,own,1,2,3,1,5,4,0,1,1,True,3,6,7,7
Michigan4,LS1,Evening,Set3,Draw1,5,col5,Evening|Set3|Draw1|col5,B,own,1,2,3,1,5,5,0,1,1,True,3,6,7,7
Michigan4,LS1,Evening,Set3,Draw1,5,col5,Evening|Set3|Draw1|col5,B,own,1,2,3,1,5,6,,0,0,False,3,6,7,7
Michigan4,LS1,Evening,Set3,Draw1,5,col5,Evening|Set3|Draw1|col5,B,combined,1,2,3,1,5,0,5920367,7,7,False,2,5,6,6
Michigan4,LS1,Evening,Set3,Draw1,5,col5,Evening|Set3|Draw1|col5,B,combined,1,2,3,1,5,1,59203,5,5,False,2,5,6,6
Michigan4,LS1,Evening,Set3,Draw1,5,col5,Evening|Set3|Draw1|col5,B,combined,1,2,3,1,5,2,520,3,3,True,2,5,6,6
Michigan4,LS1,Evening,Set3,Draw1,5,col5,Evening|Set3|Draw1|col5,B,combined,1,2,3,1,5,3,20,2,2,True,2,5,6,6
Michigan4,LS1,Evening,Set3,Draw1,5,col5,Evening|Set3|Draw1|col5,B,combined,1,2,3,1,5,4,2,1,1,True,2,5,6,6
Michigan4,LS1,Evening,Set3,Draw1,5,col5,Evening|Set3|Draw1|col5,B,combined,1,2,3,1,5,5,,0,0,False,2,5,6,6
Michigan4,LS1,Evening,Set3,Draw1,5,col5,Evening|Set3|Draw1|col5,C,own,1,2,3,1,5,0,5920367,7,7,False,2,4,5,5
Michigan4,LS1,Evening,Set3,Draw1,5,col5,Evening|Set3|Draw1|col5,C,own,1,2,3,1,5,1,5903,4,4,False,2,4,5,5
Michigan4,LS1,Evening,Set3,Draw1,5,col5,Evening|Set3|Draw1|col5,C,own,1,2,3,1,5,2,93,2,2,True,2,4,5,5
Michigan4,LS1,Evening,Set3,Draw1,5,col5,Evening|Set3|Draw1|col5,C,own,1,2,3,1,5,3,93,2,2,True,2,4,5,5
Michigan4,LS1,Evening,Set3,Draw1,5,col5,Evening|Set3|Draw1|col5,C,own,1,2,3,1,5,4,,0,0,False,2,4,5,5
Michigan4,LS1,Evening,Set3,Draw1,5,col5,Evening|Set3|Draw1|col5,C,combined,1,2,3,1,5,0,5920367,7,7,False,2,3,4,4
Michigan4,LS1,Evening,Set3,Draw1,5,col5,Evening|Set3|Draw1|col5,C,combined,1,2,3,1,5,1,5903,4,4,False,2,3,4,4
Michigan4,LS1,Evening,Set3,Draw1,5,col5,Evening|Set3|Draw1|col5,C,combined,1,2,3,1,5,2,50,2,2,True,2,3,4,4
Michigan4,LS1,Evening,Set3,Draw1,5,col5,Evening|Set3|Draw1|col5,C,combined,1,2,3,1,5,3,,0,0,False,2,3,4,4
Michigan4,LS1,Evening,Set3,Draw1,5,col5,Evening|Set3|Draw1|col5,D,own,1,2,3,1,5,0,5920367,7,7,False,2,4,5,5
Michigan4,LS1,Evening,Set3,Draw1,5,col5,Evening|Set3|Draw1|col5,D,own,1,2,3,1,5,1,5903,4,4,False,2,4,5,5
Michigan4,LS1,Evening,Set3,Draw1,5,col5,Evening|Set3|Draw1|col5,D,own,1,2,3,1,5,2,93,2,2,True,2,4,5,5
Michigan4,LS1,Evening,Set3,Draw1,5,col5,Evening|Set3|Draw1|col5,D,own,1,2,3,1,5,3,93,2,2,True,2,4,5,5
Michigan4,LS1,Evening,Set3,Draw1,5,col5,Evening|Set3|Draw1|col5,D,own,1,2,3,1,5,4,,0,0,False,2,4,5,5
Michigan4,LS1,Evening,Set3,Draw1,5,col5,Evening|Set3|Draw1|col5,D,combined,1,2,3,1,5,0,5920367,7,7,False,2,3,4,4
Michigan4,LS1,Evening,Set3,Draw1,5,col5,Evening|Set3|Draw1|col5,D,combined,1,2,3,1,5,1,5903,4,4,False,2,3,4,4
Michigan4,LS1,Evening,Set3,Draw1,5,col5,Evening|Set3|Draw1|col5,D,combined,1,2,3,1,5,2,50,2,2,True,2,3,4,4
Michigan4,LS1,Evening,Set3,Draw1,5,col5,Evening|Set3|Draw1|col5,D,combined,1,2,3,1,5,3,,0,0,False,2,3,4,4
Michigan4,LS1,Evening,Set3,Draw1,5,col5,Evening|Set3|Draw1|col5,E,own,1,2,3,1,5,0,5920367,7,7,False,3,6,7,7
Michigan4,LS1,Evening,Set3,Draw1,5,col5,Evening|Set3|Draw1|col5,E,own,1,2,3,1,5,1,59203,5,5,False,3,6,7,7
Michigan4,LS1,Evening,Set3,Draw1,5,col5,Evening|Set3|Draw1|col5,E,own,1,2,3,1,5,2,9203,4,4,False,3,6,7,7
Michigan4,LS1,Evening,Set3,Draw1,5,col5,Evening|Set3|Draw1|col5,E,own,1,2,3,1,5,3,903,3,3,True,3,6,7,7
Michigan4,LS1,Evening,Set3,Draw1,5,col5,Evening|Set3|Draw1|col5,E,own,1,2,3,1,5,4,0,1,1,True,3,6,7,7
Michigan4,LS1,Evening,Set3,Draw1,5,col5,Evening|Set3|Draw1|col5,E,own,1,2,3,1,5,5,0,1,1,True,3,6,7,7
Michigan4,LS1,Evening,Set3,Draw1,5,col5,Evening|Set3|Draw1|col5,E,own,1,2,3,1,5,6,,0,0,False,3,6,7,7
Michigan4,LS1,Evening,Set3,Draw1,5,col5,Evening|Set3|Draw1|col5,E,combined,1,2,3,1,5,0,5920367,7,7,False,2,5,6,6
Michigan4,LS1,Evening,Set3,Draw1,5,col5,Evening|Set3|Draw1|col5,E,combined,1,2,3,1,5,1,59203,5,5,False,2,5,6,6
Michigan4,LS1,Evening,Set3,Draw1,5,col5,Evening|Set3|Draw1|col5,E,combined,1,2,3,1,5,2,520,3,3,True,2,5,6,6
Michigan4,LS1,Evening,Set3,Draw1,5,col5,Evening|Set3|Draw1|col5,E,combined,1,2,3,1,5,3,20,2,2,True,2,5,6,6
Michigan4,LS1,Evening,Set3,Draw1,5,col5,Evening|Set3|Draw1|col5,E,combined,1,2,3,1,5,4,2,1,1,True,2,5,6,6
Michigan4,LS1,Evening,Set3,Draw1,5,col5,Evening|Set3|Draw1|col5,E,combined,1,2,3,1,5,5,,0,0,False,2,5,6,6
Michigan4,LS1,Evening,Set3,Draw1,5,col5,Evening|Set3|Draw1|col5,T,own,1,2,3,1,5,0,5920367,7,7,False,2,6,7,7
Michigan4,LS1,Evening,Set3,Draw1,5,col5,Evening|Set3|Draw1|col5,T,own,1,2,3,1,5,1,5903,4,4,False,2,6,7,7
Michigan4,LS1,Evening,Set3,Draw1,5,col5,Evening|Set3|Draw1|col5,T,own,1,2,3,1,5,2,903,3,3,True,2,6,7,7
Michigan4,LS1,Evening,Set3,Draw1,5,col5,Evening|Set3|Draw1|col5,T,own,1,2,3,1,5,3,903,3,3,True,2,6,7,7
Michigan4,LS1,Evening,Set3,Draw1,5,col5,Evening|Set3|Draw1|col5,T,own,1,2,3,1,5,4,0,1,1,True,2,6,7,7
Michigan4,LS1,Evening,Set3,Draw1,5,col5,Evening|Set3|Draw1|col5,T,own,1,2,3,1,5,5,0,1,1,True,2,6,7,7
Michigan4,LS1,Evening,Set3,Draw1,5,col5,Evening|Set3|Draw1|col5,T,own,1,2,3,1,5,6,,0,0,False,2,6,7,7
Michigan4,LS1,Evening,Set3,Draw1,5,col5,Evening|Set3|Draw1|col5,T,combined,1,2,3,1,5,0,5920367,7,7,False,2,6,7,6
Michigan4,LS1,Evening,Set3,Draw1,5,col5,Evening|Set3|Draw1|col5,T,combined,1,2,3,1,5,1,5903,4,4,False,2,6,7,6
Michigan4,LS1,Evening,Set3,Draw1,5,col5,Evening|Set3|Draw1|col5,T,combined,1,2,3,1,5,2,50,2,2,True,2,6,7,6
Michigan4,LS1,Evening,Set3,Draw1,5,col5,Evening|Set3|Draw1|col5,T,combined,1,2,3,1,5,3,0,1,1,True,2,6,7,6
Michigan4,LS1,Evening,Set3,Draw1,5,col5,Evening|Set3|Draw1|col5,T,combined,1,2,3,1,5,4,0,1,1,True,2,6,7,6
Michigan4,LS1,Evening,Set3,Draw1,5,col5,Evening|Set3|Draw1|col5,T,combined,1,2,3,1,5,6,,0,0,False,2,6,7,6
Michigan4,LS1,Evening,Set3,Draw1,4,col4,Evening|Set3|Draw1|col4,A,own,1,2,3,1,4,0,59367*,6,6,False,2,4,29,5
Michigan4,LS1,Evening,Set3,Draw1,4,col4,Evening|Set3|Draw1|col4,A,own,1,2,3,1,4,1,5936*,5,5,False,2,4,29,5
Michigan4,LS1,Evening,Set3,Draw1,4,col4,Evening|Set3|Draw1|col4,A,own,1,2,3,1,4,2,93*,3,3,True,2,4,29,5
Michigan4,LS1,Evening,Set3,Draw1,4,col4,Evening|Set3|Draw1|col4,A,own,1,2,3,1,4,3,93*,3,3,True,2,4,29,5
Michigan4,LS1,Evening,Set3,Draw1,4,col4,Evening|Set3|Draw1|col4,A,own,1,2,3,1,4,4,*,1,1,True,2,4,29,5
Michigan4,LS1,Evening,Set3,Draw1,4,col4,Evening|Set3|Draw1|col4,A,combined,1,2,3,1,4,0,59367*,6,6,False,2,3,57,4
Michigan4,LS1,Evening,Set3,Draw1,4,col4,Evening|Set3|Draw1|col4,A,combined,1,2,3,1,4,1,5936*,5,5,False,2,3,57,4
Michigan4,LS1,Evening,Set3,Draw1,4,col4,Evening|Set3|Draw1|col4,A,combined,1,2,3,1,4,2,56*,3,3,True,2,3,57,4
Michigan4,LS1,Evening,Set3,Draw1,4,col4,Evening|Set3|Draw1|col4,A,combined,1,2,3,1,4,3,*,1,1,True,2,3,57,4
Michigan4,LS1,Evening,Set3,Draw1,4,col4,Evening|Set3|Draw1|col4,B,own,1,2,3,1,4,0,59367*,6,6,False,2,4,29,5
Michigan4,LS1,Evening,Set3,Draw1,4,col4,Evening|Set3|Draw1|col4,B,own,1,2,3,1,4,1,593*,4,4,False,2,4,29,5
Michigan4,LS1,Evening,Set3,Draw1,4,col4,Evening|Set3|Draw1|col4,B,own,1,2,3,1,4,2,93*,3,3,True,2,4,29,5
Michigan4,LS1,Evening,Set3,Draw1,4,col4,Evening|Set3|Draw1|col4,B,own,1,2,3,1,4,3,93*,3,3,True,2,4,29,5
Michigan4,LS1,Evening,Set3,Draw1,4,col4,Evening|Set3|Draw1|col4,B,own,1,2,3,1,4,4,*,1,1,True,2,4,29,5
Michigan4,LS1,Evening,Set3,Draw1,4,col4,Evening|Set3|Draw1|col4,B,combined,1,2,3,1,4,0,59367*,6,6,False,2,3,57,4
Michigan4,LS1,Evening,Set3,Draw1,4,col4,Evening|Set3|Draw1|col4,B,combined,1,2,3,1,4,1,593*,4,4,False,2,3,57,4
Michigan4,LS1,Evening,Set3,Draw1,4,col4,Evening|Set3|Draw1|col4,B,combined,1,2,3,1,4,2,5*,2,2,True,2,3,57,4
Michigan4,LS1,Evening,Set3,Draw1,4,col4,Evening|Set3|Draw1|col4,B,combined,1,2,3,1,4,3,*,1,1,True,2,3,57,4
Michigan4,LS1,Evening,Set3,Draw1,4,col4,Evening|Set3|Draw1|col4,C,own,1,2,3,1,4,0,59367*,6,6,False,2,4,29,5
Michigan4,LS1,Evening,Set3,Draw1,4,col4,Evening|Set3|Draw1|col4,C,own,1,2,3,1,4,1,593*,4,4,False,2,4,29,5
Michigan4,LS1,Evening,Set3,Draw1,4,col4,Evening|Set3|Draw1|col4,C,own,1,2,3,1,4,2,93*,3,3,True,2,4,29,5
Michigan4,LS1,Evening,Set3,Draw1,4,col4,Evening|Set3|Draw1|col4,C,own,1,2,3,1,4,3,93*,3,3,True,2,4,29,5
Michigan4,LS1,Evening,Set3,Draw1,4,col4,Evening|Set3|Draw1|col4,C,own,1,2,3,1,4,4,*,1,1,True,2,4,29,5
Michigan4,LS1,Evening,Set3,Draw1,4,col4,Evening|Set3|Draw1|col4,C,combined,1,2,3,1,4,0,59367*,6,6,False,2,3,57,4
Michigan4,LS1,Evening,Set3,Draw1,4,col4,Evening|Set3|Draw1|col4,C,combined,1,2,3,1,4,1,593*,4,4,False,2,3,57,4
Michigan4,LS1,Evening,Set3,Draw1,4,col4,Evening|Set3|Draw1|col4,C,combined,1,2,3,1,4,2,5*,2,2,True,2,3,57,4
Michigan4,LS1,Evening,Set3,Draw1,4,col4,Evening|Set3|Draw1|col4,C,combined,1,2,3,1,4,3,*,1,1,True,2,3,57,4
Michigan4,LS1,Evening,Set3,Draw1,4,col4,Evening|Set3|Draw1|col4,D,own,1,2,3,1,4,0,59367*,6,6,False,2,4,29,5
Michigan4,LS1,Evening,Set3,Draw1,4,col4,Evening|Set3|Draw1|col4,D,own,1,2,3,1,4,1,593*,4,4,False,2,4,29,5
Michigan4,LS1,Evening,Set3,Draw1,4,col4,Evening|Set3|Draw1|col4,D,own,1,2,3,1,4,2,93*,3,3,True,2,4,29,5
Michigan4,LS1,Evening,Set3,Draw1,4,col4,Evening|Set3|Draw1|col4,D,own,1,2,3,1,4,3,93*,3,3,True,2,4,29,5
Michigan4,LS1,Evening,Set3,Draw1,4,col4,Evening|Set3|Draw1|col4,D,own,1,2,3,1,4,4,*,1,1,True,2,4,29,5
Michigan4,LS1,Evening,Set3,Draw1,4,col4,Evening|Set3|Draw1|col4,D,combined,1,2,3,1,4,0,59367*,6,6,False,2,3,57,4
Michigan4,LS1,Evening,Set3,Draw1,4,col4,Evening|Set3|Draw1|col4,D,combined,1,2,3,1,4,1,593*,4,4,False,2,3,57,4
Michigan4,LS1,Evening,Set3,Draw1,4,col4,Evening|Set3|Draw1|col4,D,combined,1,2,3,1,4,2,5*,2,2,True,2,3,57,4
Michigan4,LS1,Evening,Set3,Draw1,4,col4,Evening|Set3|Draw1|col4,D,combined,1,2,3,1,4,3,*,1,1,True,2,3,57,4
Michigan4,LS1,Evening,Set3,Draw1,4,col4,Evening|Set3|Draw1|col4,E,own,1,2,3,1,4,0,59367*,6,6,False,2,4,29,5
Michigan4,LS1,Evening,Set3,Draw1,4,col4,Evening|Set3|Draw1|col4,E,own,1,2,3,1,4,1,593*,4,4,False,2,4,29,5
Michigan4,LS1,Evening,Set3,Draw1,4,col4,Evening|Set3|Draw1|col4,E,own,1,2,3,1,4,2,93*,3,3,True,2,4,29,5
Michigan4,LS1,Evening,Set3,Draw1,4,col4,Evening|Set3|Draw1|col4,E,own,1,2,3,1,4,3,93*,3,3,True,2,4,29,5
Michigan4,LS1,Evening,Set3,Draw1,4,col4,Evening|Set3|Draw1|col4,E,own,1,2,3,1,4,4,*,1,1,True,2,4,29,5
Michigan4,LS1,Evening,Set3,Draw1,4,col4,Evening|Set3|Draw1|col4,E,combined,1,2,3,1,4,0,59367*,6,6,False,2,3,57,4
Michigan4,LS1,Evening,Set3,Draw1,4,col4,Evening|Set3|Draw1|col4,E,combined,1,2,3,1,4,1,593*,4,4,False,2,3,57,4
Michigan4,LS1,Evening,Set3,Draw1,4,col4,Evening|Set3|Draw1|col4,E,combined,1,2,3,1,4,2,5*,2,2,True,2,3,57,4
Michigan4,LS1,Evening,Set3,Draw1,4,col4,Evening|Set3|Draw1|col4,E,combined,1,2,3,1,4,3,*,1,1,True,2,3,57,4
Michigan4,LS1,Evening,Set3,Draw1,4,col4,Evening|Set3|Draw1|col4,T,own,1,2,3,1,4,0,59367*,6,6,False,2,4,29,5
Michigan4,LS1,Evening,Set3,Draw1,4,col4,Evening|Set3|Draw1|col4,T,own,1,2,3,1,4,1,593*,4,4,False,2,4,29,5
Michigan4,LS1,Evening,Set3,Draw1,4,col4,Evening|Set3|Draw1|col4,T,own,1,2,3,1,4,2,93*,3,3,True,2,4,29,5
Michigan4,LS1,Evening,Set3,Draw1,4,col4,Evening|Set3|Draw1|col4,T,own,1,2,3,1,4,3,93*,3,3,True,2,4,29,5
Michigan4,LS1,Evening,Set3,Draw1,4,col4,Evening|Set3|Draw1|col4,T,own,1,2,3,1,4,4,*,1,1,True,2,4,29,5
Michigan4,LS1,Evening,Set3,Draw1,4,col4,Evening|Set3|Draw1|col4,T,combined,1,2,3,1,4,0,59367*,6,6,False,2,3,57,4
Michigan4,LS1,Evening,Set3,Draw1,4,col4,Evening|Set3|Draw1|col4,T,combined,1,2,3,1,4,1,593*,4,4,False,2,3,57,4
Michigan4,LS1,Evening,Set3,Draw1,4,col4,Evening|Set3|Draw1|col4,T,combined,1,2,3,1,4,2,5*,2,2,True,2,3,57,4
Michigan4,LS1,Evening,Set3,Draw1,4,col4,Evening|Set3|Draw1|col4,T,combined,1,2,3,1,4,3,*,1,1,True,2,3,57,4
Michigan4,LS1,Evening,Set2,Draw1,7,col7,Evening|Set2|Draw1|col7,A,own,1,2,2,1,7,0,59924033667,11,8,False,4,7,8,8
Michigan4,LS1,Evening,Set2,Draw1,7,col7,Evening|Set2|Draw1|col7,A,own,1,2,2,1,7,1,5992403366,10,7,False,4,7,8,8
Michigan4,LS1,Evening,Set2,Draw1,7,col7,Evening|Set2|Draw1|col7,A,own,1,2,2,1,7,2,9924033,7,5,False,4,7,8,8
Michigan4,LS1,Evening,Set2,Draw1,7,col7,Evening|Set2|Draw1|col7,A,own,1,2,2,1,7,3,994033,6,4,False,4,7,8,8
Michigan4,LS1,Evening,Set2,Draw1,7,col7,Evening|Set2|Draw1|col7,A,own,1,2,2,1,7,4,40,2,2,True,4,7,8,8
Michigan4,LS1,Evening,Set2,Draw1,7,col7,Evening|Set2|Draw1|col7,A,own,1,2,2,1,7,5,40,2,2,True,4,7,8,8
Michigan4,LS1,Evening,Set2,Draw1,7,col7,Evening|Set2|Draw1|col7,A,own,1,2,2,1,7,6,4,1,1,True,4,7,8,8
Michigan4,LS1,Evening,Set2,Draw1,7,col7,Evening|Set2|Draw1|col7,A,own,1,2,2,1,7,7,,0,0,False,4,7,8,8
Michigan4,LS1,Evening,Set2,Draw1,7,col7,Evening|Set2|Draw1|col7,A,combined,1,2,2,1,7,0,59924033667,11,8,False,3,6,7,7
Michigan4,LS1,Evening,Set2,Draw1,7,col7,Evening|Set2|Draw1|col7,A,combined,1,2,2,1,7,1,5992403366,10,7,False,3,6,7,7
Michigan4,LS1,Evening,Set2,Draw1,7,col7,Evening|Set2|Draw1|col7,A,combined,1,2,2,1,7,2,524066,6,5,False,3,6,7,7
Michigan4,LS1,Evening,Set2,Draw1,7,col7,Evening|Set2|Draw1|col7,A,combined,1,2,2,1,7,3,240,3,3,True,3,6,7,7
Michigan4,LS1,Evening,Set2,Draw1,7,col7,Evening|Set2|Draw1|col7,A,combined,1,2,2,1,7,4,240,3,3,True,3,6,7,7
Michigan4,LS1,Evening,Set2,Draw1,7,col7,Evening|Set2|Draw1|col7,A,combined,1,2,2,1,7,5,40,2,2,True,3,6,7,7
Michigan4,LS1,Evening,Set2,Draw1,7,col7,Evening|Set2|Draw1|col7,A,combined,1,2,2,1,7,6,,0,0,False,3,6,7,7
Michigan4,LS1,Evening,Set2,Draw1,7,col7,Evening|Set2|Draw1|col7,B,own,1,2,2,1,7,0,59924033667,11,8,False,4,6,7,7
Michigan4,LS1,Evening,Set2,Draw1,7,col7,Evening|Set2|Draw1|col7,B,own,1,2,2,1,7,1,59924033,8,6,False,4,6,7,7
Michigan4,LS1,Evening,Set2,Draw1,7,col7,Evening|Set2|Draw1|col7,B,own,1,2,2,1,7,2,9924033,7,5,False,4,6,7,7
Michigan4,LS1,Evening,Set2,Draw1,7,col7,Evening|Set2|Draw1|col7,B,own,1,2,2,1,7,3,994033,6,4,False,4,6,7,7
Michigan4,LS1,Evening,Set2,Draw1,7,col7,Evening|Set2|Draw1|col7,B,own,1,2,2,1,7,4,40,2,2,True,4,6,7,7
Michigan4,LS1,Evening,Set2,Draw1,7,col7,Evening|Set2|Draw1|col7,B,own,1,2,2,1,7,5,0,1,1,True,4,6,7,7
Michigan4,LS1,Evening,Set2,Draw1,7,col7,Evening|Set2|Draw1|col7,B,own,1,2,2,1,7,6,,0,0,False,4,6,7,7
Michigan4,LS1,Evening,Set2,Draw1,7,col7,Evening|Set2|Draw1|col7,B,combined,1,2,2,1,7,0,59924033667,11,8,False,3,6,7,7
Michigan4,LS1,Evening,Set2,Draw1,7,col7,Evening|Set2|Draw1|col7,B,combined,1,2,2,1,7,1,59924033,8,6,False,3,6,7,7
Michigan4,LS1,Evening,Set2,Draw1,7,col7,Evening|Set2|Draw1|col7,B,combined,1,2,2,1,7,2,5240,4,4,False,3,6,7,7
Michigan4,LS1,Evening,Set2,Draw1,7,col7,Evening|Set2|Draw1|col7,B,combined,1,2,2,1,7,3,240,3,3,True,3,6,7,7
Michigan4,LS1,Evening,Set2,Draw1,7,col7,Evening|Set2|Draw1|col7,B,combined,1,2,2,1,7,4,24,2,2,True,3,6,7,7
Michigan4,LS1,Evening,Set2,Draw1,7,col7,Evening|Set2|Draw1|col7,B,combined,1,2,2,1,7,5,4,1,1,True,3,6,7,7
Michigan4,LS1,Evening,Set2,Draw1,7,col7,Evening|Set2|Draw1|col7,B,combined,1,2,2,1,7,6,,0,0,False,3,6,7,7
Michigan4,LS1,Evening,Set2,Draw1,7,col7,Evening|Set2|Draw1|col7,C,own,1,2,2,1,7,0,59924033667,11,8,False,2,4,5,5
Michigan4,LS1,Evening,Set2,Draw1,7,col7,Evening|Set2|Draw1|col7,C,own,1,2,2,1,7,1,5994033,7,5,False,2,4,5,5
Michigan4,LS1,Evening,Set2,Draw1,7,col7,Evening|Set2|Draw1|col7,C,own,1,2,2,1,7,2,99433,5,3,True,2,4,5,5
Michigan4,LS1,Evening,Set2,Draw1,7,col7,Evening|Set2|Draw1|col7,C,own,1,2,2,1,7,3,99433,5,3,True,2,4,5,5
Michigan4,LS1,Evening,Set2,Draw1,7,col7,Evening|Set2|Draw1|col7,C,own,1,2,2,1,7,4,,0,0,False,2,4,5,5
Michigan4,LS1,Evening,Set2,Draw1,7,col7,Evening|Set2|Draw1|col7,C,combined,1,2,2,1,7,0,59924033667,11,8,False,2,3,4,4
Michigan4,LS1,Evening,Set2,Draw1,7,col7,Evening|Set2|Draw1|col7,C,combined,1,2,2,1,7,1,5994033,7,5,False,2,3,4,4
Michigan4,LS1,Evening,Set2,Draw1,7,col7,Evening|Set2|Draw1|col7,C,combined,1,2,2,1,7,2,50,2,2,True,2,3,4,4
Michigan4,LS1,Evening,Set2,Draw1,7,col7,Evening|Set2|Draw1|col7,C,combined,1,2,2,1,7,3,,0,0,False,2,3,4,4
Michigan4,LS1,Evening,Set2,Draw1,7,col7,Evening|Set2|Draw1|col7,D,own,1,2,2,1,7,0,59924033667,11,8,False,2,4,5,5
Michigan4,LS1,Evening,Set2,Draw1,7,col7,Evening|Set2|Draw1|col7,D,own,1,2,2,1,7,1,5994033,7,5,False,2,4,5,5
Michigan4,LS1,Evening,Set2,Draw1,7,col7,Evening|Set2|Draw1|col7,D,own,1,2,2,1,7,2,99433,5,3,True,2,4,5,5
Michigan4,LS1,Evening,Set2,Draw1,7,col7,Evening|Set2|Draw1|col7,D,own,1,2,2,1,7,3,99433,5,3,True,2,4,5,5
Michigan4,LS1,Evening,Set2,Draw1,7,col7,Evening|Set2|Draw1|col7,D,own,1,2,2,1,7,4,,0,0,False,2,4,5,5
Michigan4,LS1,Evening,Set2,Draw1,7,col7,Evening|Set2|Draw1|col7,D,combined,1,2,2,1,7,0,59924033667,11,8,False,2,3,4,4
Michigan4,LS1,Evening,Set2,Draw1,7,col7,Evening|Set2|Draw1|col7,D,combined,1,2,2,1,7,1,5994033,7,5,False,2,3,4,4
Michigan4,LS1,Evening,Set2,Draw1,7,col7,Evening|Set2|Draw1|col7,D,combined,1,2,2,1,7,2,50,2,2,True,2,3,4,4
Michigan4,LS1,Evening,Set2,Draw1,7,col7,Evening|Set2|Draw1|col7,D,combined,1,2,2,1,7,3,,0,0,False,2,3,4,4
Michigan4,LS1,Evening,Set2,Draw1,7,col7,Evening|Set2|Draw1|col7,E,own,1,2,2,1,7,0,59924033667,11,8,False,4,7,8,8
Michigan4,LS1,Evening,Set2,Draw1,7,col7,Evening|Set2|Draw1|col7,E,own,1,2,2,1,7,1,59924033,8,6,False,4,7,8,8
Michigan4,LS1,Evening,Set2,Draw1,7,col7,Evening|Set2|Draw1|col7,E,own,1,2,2,1,7,2,9924033,7,5,False,4,7,8,8
Michigan4,LS1,Evening,Set2,Draw1,7,col7,Evening|Set2|Draw1|col7,E,own,1,2,2,1,7,3,994033,6,4,False,4,7,8,8
Michigan4,LS1,Evening,Set2,Draw1,7,col7,Evening|Set2|Draw1|col7,E,own,1,2,2,1,7,4,940,3,3,True,4,7,8,8
Michigan4,LS1,Evening,Set2,Draw1,7,col7,Evening|Set2|Draw1|col7,E,own,1,2,2,1,7,5,40,2,2,True,4,7,8,8
Michigan4,LS1,Evening,Set2,Draw1,7,col7,Evening|Set2|Draw1|col7,E,own,1,2,2,1,7,6,4,1,1,True,4,7,8,8
Michigan4,LS1,Evening,Set2,Draw1,7,col7,Evening|Set2|Draw1|col7,E,own,1,2,2,1,7,7,,0,0,False,4,7,8,8
Michigan4,LS1,Evening,Set2,Draw1,7,col7,Evening|Set2|Draw1|col7,E,combined,1,2,2,1,7,0,59924033667,11,8,False,5,7,8,8
Michigan4,LS1,Evening,Set2,Draw1,7,col7,Evening|Set2|Draw1|col7,E,combined,1,2,2,1,7,1,59924033,8,6,False,5,7,8,8
Michigan4,LS1,Evening,Set2,Draw1,7,col7,Evening|Set2|Draw1|col7,E,combined,1,2,2,1,7,2,592403,6,6,False,5,7,8,8
Michigan4,LS1,Evening,Set2,Draw1,7,col7,Evening|Set2|Draw1|col7,E,combined,1,2,2,1,7,3,92403,5,5,False,5,7,8,8
Michigan4,LS1,Evening,Set2,Draw1,7,col7,Evening|Set2|Draw1|col7,E,combined,1,2,2,1,7,4,9243,4,4,False,5,7,8,8
Michigan4,LS1,Evening,Set2,Draw1,7,col7,Evening|Set2|Draw1|col7,E,combined,1,2,2,1,7,5,943,3,3,True,5,7,8,8
Michigan4,LS1,Evening,Set2,Draw1,7,col7,Evening|Set2|Draw1|col7,E,combined,1,2,2,1,7,6,9,1,1,True,5,7,8,8
Michigan4,LS1,Evening,Set2,Draw1,7,col7,Evening|Set2|Draw1|col7,E,combined,1,2,2,1,7,7,,0,0,False,5,7,8,8
Michigan4,LS1,Evening,Set2,Draw1,7,col7,Evening|Set2|Draw1|col7,T,own,1,2,2,1,7,0,59924033667,11,8,False,2,7,8,7
Michigan4,LS1,Evening,Set2,Draw1,7,col7,Evening|Set2|Draw1|col7,T,own,1,2,2,1,7,1,5994033,7,5,False,2,7,8,7
Michigan4,LS1,Evening,Set2,Draw1,7,col7,Evening|Set2|Draw1|col7,T,own,1,2,2,1,7,2,99433,5,3,True,2,7,8,7
Michigan4,LS1,Evening,Set2,Draw1,7,col7,Evening|Set2|Draw1|col7,T,own,1,2,2,1,7,3,99433,5,3,True,2,7,8,7
Michigan4,LS1,Evening,Set2,Draw1,7,col7,Evening|Set2|Draw1|col7,T,own,1,2,2,1,7,4,4,1,1,True,2,7,8,7
Michigan4,LS1,Evening,Set2,Draw1,7,col7,Evening|Set2|Draw1|col7,T,own,1,2,2,1,7,5,4,1,1,True,2,7,8,7
Michigan4,LS1,Evening,Set2,Draw1,7,col7,Evening|Set2|Draw1|col7,T,own,1,2,2,1,7,7,,0,0,False,2,7,8,7
Michigan4,LS1,Evening,Set2,Draw1,7,col7,Evening|Set2|Draw1|col7,T,combined,1,2,2,1,7,0,59924033667,11,8,False,2,6,7,6
Michigan4,LS1,Evening,Set2,Draw1,7,col7,Evening|Set2|Draw1|col7,T,combined,1,2,2,1,7,1,5994033,7,5,False,2,6,7,6
Michigan4,LS1,Evening,Set2,Draw1,7,col7,Evening|Set2|Draw1|col7,T,combined,1,2,2,1,7,2,540,3,3,True,2,6,7,6
Michigan4,LS1,Evening,Set2,Draw1,7,col7,Evening|Set2|Draw1|col7,T,combined,1,2,2,1,7,3,40,2,2,True,2,6,7,6
Michigan4,LS1,Evening,Set2,Draw1,7,col7,Evening|Set2|Draw1|col7,T,combined,1,2,2,1,7,4,40,2,2,True,2,6,7,6
Michigan4,LS1,Evening,Set2,Draw1,7,col7,Evening|Set2|Draw1|col7,T,combined,1,2,2,1,7,6,,0,0,False,2,6,7,6
Michigan4,LS1,Evening,Set2,Draw1,6,col6,Evening|Set2|Draw1|col6,A,own,1,2,2,1,6,0,592033667,9,7,False,3,6,7,7
Michigan4,LS1,Evening,Set2,Draw1,6,col6,Evening|Set2|Draw1|col6,A,own,1,2,2,1,6,1,59203366,8,6,False,3,6,7,7
Michigan4,LS1,Evening,Set2,Draw1,6,col6,Evening|Set2|Draw1|col6,A,own,1,2,2,1,6,2,92033,5,4,False,3,6,7,7
Michigan4,LS1,Evening,Set2,Draw1,6,col6,Evening|Set2|Draw1|col6,A,own,1,2,2,1,6,3,9033,4,3,True,3,6,7,7
Michigan4,LS1,Evening,Set2,Draw1,6,col6,Evening|Set2|Draw1|col6,A,own,1,2,2,1,6,4,0,1,1,True,3,6,7,7
Michigan4,LS1,Evening,Set2,Draw1,6,col6,Evening|Set2|Draw1|col6,A,own,1,2,2,1,6,5,0,1,1,True,3,6,7,7
Michigan4,LS1,Evening,Set2,Draw1,6,col6,Evening|Set2|Draw1|col6,A,own,1,2,2,1,6,6,,0,0,False,3,6,7,7
Michigan4,LS1,Evening,Set2,Draw1,6,col6,Evening|Set2|Draw1|col6,A,combined,1,2,2,1,6,0,592033667,9,7,False,3,6,7,7
Michigan4,LS1,Evening,Set2,Draw1,6,col6,Evening|Set2|Draw1|col6,A,combined,1,2,2,1,6,1,59203366,8,6,False,3,6,7,7
Michigan4,LS1,Evening,Set2,Draw1,6,col6,Evening|Set2|Draw1|col6,A,combined,1,2,2,1,6,2,52066,5,4,False,3,6,7,7
Michigan4,LS1,Evening,Set2,Draw1,6,col6,Evening|Set2|Draw1|col6,A,combined,1,2,2,1,6,3,20,2,2,True,3,6,7,7
Michigan4,LS1,Evening,Set2,Draw1,6,col6,Evening|Set2|Draw1|col6,A,combined,1,2,2,1,6,4,20,2,2,True,3,6,7,7
Michigan4,LS1,Evening,Set2,Draw1,6,col6,Evening|Set2|Draw1|col6,A,combined,1,2,2,1,6,5,0,1,1,True,3,6,7,7
Michigan4,LS1,Evening,Set2,Draw1,6,col6,Evening|Set2|Draw1|col6,A,combined,1,2,2,1,6,6,,0,0,False,3,6,7,7
Michigan4,LS1,Evening,Set2,Draw1,6,col6,Evening|Set2|Draw1|col6,B,own,1,2,2,1,6,0,592033667,9,7,False,3,6,7,7
Michigan4,LS1,Evening,Set2,Draw1,6,col6,Evening|Set2|Draw1|col6,B,own,1,2,2,1,6,1,592033,6,5,False,3,6,7,7
Michigan4,LS1,Evening,Set2,Draw1,6,col6,Evening|Set2|Draw1|col6,B,own,1,2,2,1,6,2,92033,5,4,False,3,6,7,7
Michigan4,LS1,Evening,Set2,Draw1,6,col6,Evening|Set2|Draw1|col6,B,own,1,2,2,1,6,3,9033,4,3,True,3,6,7,7
Michigan4,LS1,Evening,Set2,Draw1,6,col6,Evening|Set2|Draw1|col6,B,own,1,2,2,1,6,4,0,1,1,True,3,6,7,7
Michigan4,LS1,Evening,Set2,Draw1,6,col6,Evening|Set2|Draw1|col6,B,own,1,2,2,1,6,5,0,1,1,True,3,6,7,7
Michigan4,LS1,Evening,Set2,Draw1,6,col6,Evening|Set2|Draw1|col6,B,own,1,2,2,1,6,6,,0,0,False,3,6,7,7
Michigan4,LS1,Evening,Set2,Draw1,6,col6,Evening|Set2|Draw1|col6,B,combined,1,2,2,1,6,0,592033667,9,7,False,2,5,6,6
Michigan4,LS1,Evening,Set2,Draw1,6,col6,Evening|Set2|Draw1|col6,B,combined,1,2,2,1,6,1,592033,6,5,False,2,5,6,6
Michigan4,LS1,Evening,Set2,Draw1,6,col6,Evening|Set2|Draw1|col6,B,combined,1,2,2,1,6,2,520,3,3,True,2,5,6,6
Michigan4,LS1,Evening,Set2,Draw1,6,col6,Evening|Set2|Draw1|col6,B,combined,1,2,2,1,6,3,20,2,2,True,2,5,6,6
Michigan4,LS1,Evening,Set2,Draw1,6,col6,Evening|Set2|Draw1|col6,B,combined,1,2,2,1,6,4,2,1,1,True,2,5,6,6
Michigan4,LS1,Evening,Set2,Draw1,6,col6,Evening|Set2|Draw1|col6,B,combined,1,2,2,1,6,5,,0,0,False,2,5,6,6
Michigan4,LS1,Evening,Set2,Draw1,6,col6,Evening|Set2|Draw1|col6,C,own,1,2,2,1,6,0,592033667,9,7,False,2,4,5,5
Michigan4,LS1,Evening,Set2,Draw1,6,col6,Evening|Set2|Draw1|col6,C,own,1,2,2,1,6,1,59033,5,4,False,2,4,5,5
Michigan4,LS1,Evening,Set2,Draw1,6,col6,Evening|Set2|Draw1|col6,C,own,1,2,2,1,6,2,933,3,2,True,2,4,5,5
Michigan4,LS1,Evening,Set2,Draw1,6,col6,Evening|Set2|Draw1|col6,C,own,1,2,2,1,6,3,933,3,2,True,2,4,5,5
Michigan4,LS1,Evening,Set2,Draw1,6,col6,Evening|Set2|Draw1|col6,C,own,1,2,2,1,6,4,,0,0,False,2,4,5,5
Michigan4,LS1,Evening,Set2,Draw1,6,col6,Evening|Set2|Draw1|col6,C,combined,1,2,2,1,6,0,592033667,9,7,False,2,3,4,4
Michigan4,LS1,Evening,Set2,Draw1,6,col6,Evening|Set2|Draw1|col6,C,combined,1,2,2,1,6,1,59033,5,4,False,2,3,4,4
Michigan4,LS1,Evening,Set2,Draw1,6,col6,Evening|Set2|Draw1|col6,C,combined,1,2,2,1,6,2,50,2,2,True,2,3,4,4
Michigan4,LS1,Evening,Set2,Draw1,6,col6,Evening|Set2|Draw1|col6,C,combined,1,2,2,1,6,3,,0,0,False,2,3,4,4
Michigan4,LS1,Evening,Set2,Draw1,6,col6,Evening|Set2|Draw1|col6,D,own,1,2,2,1,6,0,592033667,9,7,False,2,4,5,5
Michigan4,LS1,Evening,Set2,Draw1,6,col6,Evening|Set2|Draw1|col6,D,own,1,2,2,1,6,1,59033,5,4,False,2,4,5,5
Michigan4,LS1,Evening,Set2,Draw1,6,col6,Evening|Set2|Draw1|col6,D,own,1,2,2,1,6,2,933,3,2,True,2,4,5,5
Michigan4,LS1,Evening,Set2,Draw1,6,col6,Evening|Set2|Draw1|col6,D,own,1,2,2,1,6,3,933,3,2,True,2,4,5,5
Michigan4,LS1,Evening,Set2,Draw1,6,col6,Evening|Set2|Draw1|col6,D,own,1,2,2,1,6,4,,0,0,False,2,4,5,5
Michigan4,LS1,Evening,Set2,Draw1,6,col6,Evening|Set2|Draw1|col6,D,combined,1,2,2,1,6,0,592033667,9,7,False,2,3,4,4
Michigan4,LS1,Evening,Set2,Draw1,6,col6,Evening|Set2|Draw1|col6,D,combined,1,2,2,1,6,1,59033,5,4,False,2,3,4,4
Michigan4,LS1,Evening,Set2,Draw1,6,col6,Evening|Set2|Draw1|col6,D,combined,1,2,2,1,6,2,50,2,2,True,2,3,4,4
Michigan4,LS1,Evening,Set2,Draw1,6,col6,Evening|Set2|Draw1|col6,D,combined,1,2,2,1,6,3,,0,0,False,2,3,4,4
Michigan4,LS1,Evening,Set2,Draw1,6,col6,Evening|Set2|Draw1|col6,E,own,1,2,2,1,6,0,592033667,9,7,False,3,6,7,7
Michigan4,LS1,Evening,Set2,Draw1,6,col6,Evening|Set2|Draw1|col6,E,own,1,2,2,1,6,1,592033,6,5,False,3,6,7,7
Michigan4,LS1,Evening,Set2,Draw1,6,col6,Evening|Set2|Draw1|col6,E,own,1,2,2,1,6,2,92033,5,4,False,3,6,7,7
Michigan4,LS1,Evening,Set2,Draw1,6,col6,Evening|Set2|Draw1|col6,E,own,1,2,2,1,6,3,9033,4,3,True,3,6,7,7
Michigan4,LS1,Evening,Set2,Draw1,6,col6,Evening|Set2|Draw1|col6,E,own,1,2,2,1,6,4,0,1,1,True,3,6,7,7
Michigan4,LS1,Evening,Set2,Draw1,6,col6,Evening|Set2|Draw1|col6,E,own,1,2,2,1,6,5,0,1,1,True,3,6,7,7
Michigan4,LS1,Evening,Set2,Draw1,6,col6,Evening|Set2|Draw1|col6,E,own,1,2,2,1,6,6,,0,0,False,3,6,7,7
Michigan4,LS1,Evening,Set2,Draw1,6,col6,Evening|Set2|Draw1|col6,E,combined,1,2,2,1,6,0,592033667,9,7,False,3,6,7,7
Michigan4,LS1,Evening,Set2,Draw1,6,col6,Evening|Set2|Draw1|col6,E,combined,1,2,2,1,6,1,592033,6,5,False,3,6,7,7
Michigan4,LS1,Evening,Set2,Draw1,6,col6,Evening|Set2|Draw1|col6,E,combined,1,2,2,1,6,2,5203,4,4,False,3,6,7,7
Michigan4,LS1,Evening,Set2,Draw1,6,col6,Evening|Set2|Draw1|col6,E,combined,1,2,2,1,6,3,203,3,3,True,3,6,7,7
Michigan4,LS1,Evening,Set2,Draw1,6,col6,Evening|Set2|Draw1|col6,E,combined,1,2,2,1,6,4,23,2,2,True,3,6,7,7
Michigan4,LS1,Evening,Set2,Draw1,6,col6,Evening|Set2|Draw1|col6,E,combined,1,2,2,1,6,5,3,1,1,True,3,6,7,7
Michigan4,LS1,Evening,Set2,Draw1,6,col6,Evening|Set2|Draw1|col6,E,combined,1,2,2,1,6,6,,0,0,False,3,6,7,7
Michigan4,LS1,Evening,Set2,Draw1,6,col6,Evening|Set2|Draw1|col6,T,own,1,2,2,1,6,0,592033667,9,7,False,2,4,5,5
Michigan4,LS1,Evening,Set2,Draw1,6,col6,Evening|Set2|Draw1|col6,T,own,1,2,2,1,6,1,59033,5,4,False,2,4,5,5
Michigan4,LS1,Evening,Set2,Draw1,6,col6,Evening|Set2|Draw1|col6,T,own,1,2,2,1,6,2,933,3,2,True,2,4,5,5
Michigan4,LS1,Evening,Set2,Draw1,6,col6,Evening|Set2|Draw1|col6,T,own,1,2,2,1,6,3,933,3,2,True,2,4,5,5
Michigan4,LS1,Evening,Set2,Draw1,6,col6,Evening|Set2|Draw1|col6,T,own,1,2,2,1,6,4,,0,0,False,2,4,5,5
Michigan4,LS1,Evening,Set2,Draw1,6,col6,Evening|Set2|Draw1|col6,T,combined,1,2,2,1,6,0,592033667,9,7,False,2,6,7,6
Michigan4,LS1,Evening,Set2,Draw1,6,col6,Evening|Set2|Draw1|col6,T,combined,1,2,2,1,6,1,59033,5,4,False,2,6,7,6
Michigan4,LS1,Evening,Set2,Draw1,6,col6,Evening|Set2|Draw1|col6,T,combined,1,2,2,1,6,2,50,2,2,True,2,6,7,6
Michigan4,LS1,Evening,Set2,Draw1,6,col6,Evening|Set2|Draw1|col6,T,combined,1,2,2,1,6,3,0,1,1,True,2,6,7,6
Michigan4,LS1,Evening,Set2,Draw1,6,col6,Evening|Set2|Draw1|col6,T,combined,1,2,2,1,6,4,0,1,1,True,2,6,7,6
Michigan4,LS1,Evening,Set2,Draw1,6,col6,Evening|Set2|Draw1|col6,T,combined,1,2,2,1,6,6,,0,0,False,2,6,7,6
Michigan4,LS1,Evening,Set2,Draw1,5,col5,Evening|Set2|Draw1|col5,A,own,1,2,2,1,5,0,5933667,7,5,False,2,4,5,5
Michigan4,LS1,Evening,Set2,Draw1,5,col5,Evening|Set2|Draw1|col5,A,own,1,2,2,1,5,1,593366,6,4,False,2,4,5,5
Michigan4,LS1,Evening,Set2,Draw1,5,col5,Evening|Set2|Draw1|col5,A,own,1,2,2,1,5,2,933,3,2,True,2,4,5,5
Michigan4,LS1,Evening,Set2,Draw1,5,col5,Evening|Set2|Draw1|col5,A,own,1,2,2,1,5,3,933,3,2,True,2,4,5,5
Michigan4,LS1,Evening,Set2,Draw1,5,col5,Evening|Set2|Draw1|col5,A,own,1,2,2,1,5,4,,0,0,False,2,4,5,5
Michigan4,LS1,Evening,Set2,Draw1,5,col5,Evening|Set2|Draw1|col5,A,combined,1,2,2,1,5,0,5933667,7,5,False,2,3,4,4
Michigan4,LS1,Evening,Set2,Draw1,5,col5,Evening|Set2|Draw1|col5,A,combined,1,2,2,1,5,1,593366,6,4,False,2,3,4,4
Michigan4,LS1,Evening,Set2,Draw1,5,col5,Evening|Set2|Draw1|col5,A,combined,1,2,2,1,5,2,566,3,2,True,2,3,4,4
Michigan4,LS1,Evening,Set2,Draw1,5,col5,Evening|Set2|Draw1|col5,A,combined,1,2,2,1,5,3,,0,0,False,2,3,4,4
Michigan4,LS1,Evening,Set2,Draw1,5,col5,Evening|Set2|Draw1|col5,B,own,1,2,2,1,5,0,5933667,7,5,False,1,4,5,5
Michigan4,LS1,Evening,Set2,Draw1,5,col5,Evening|Set2|Draw1|col5,B,own,1,2,2,1,5,1,5933,4,3,True,1,4,5,5
Michigan4,LS1,Evening,Set2,Draw1,5,col5,Evening|Set2|Draw1|col5,B,own,1,2,2,1,5,2,933,3,2,True,1,4,5,5
Michigan4,LS1,Evening,Set2,Draw1,5,col5,Evening|Set2|Draw1|col5,B,own,1,2,2,1,5,3,933,3,2,True,1,4,5,5
Michigan4,LS1,Evening,Set2,Draw1,5,col5,Evening|Set2|Draw1|col5,B,own,1,2,2,1,5,4,,0,0,False,1,4,5,5
Michigan4,LS1,Evening,Set2,Draw1,5,col5,Evening|Set2|Draw1|col5,B,combined,1,2,2,1,5,0,5933667,7,5,False,1,3,4,4
Michigan4,LS1,Evening,Set2,Draw1,5,col5,Evening|Set2|Draw1|col5,B,combined,1,2,2,1,5,1,5933,4,3,True,1,3,4,4
Michigan4,LS1,Evening,Set2,Draw1,5,col5,Evening|Set2|Draw1|col5,B,combined,1,2,2,1,5,2,5,1,1,True,1,3,4,4
Michigan4,LS1,Evening,Set2,Draw1,5,col5,Evening|Set2|Draw1|col5,B,combined,1,2,2,1,5,3,,0,0,False,1,3,4,4
Michigan4,LS1,Evening,Set2,Draw1,5,col5,Evening|Set2|Draw1|col5,C,own,1,2,2,1,5,0,5933667,7,5,False,1,4,5,5
Michigan4,LS1,Evening,Set2,Draw1,5,col5,Evening|Set2|Draw1|col5,C,own,1,2,2,1,5,1,5933,4,3,True,1,4,5,5
Michigan4,LS1,Evening,Set2,Draw1,5,col5,Evening|Set2|Draw1|col5,C,own,1,2,2,1,5,2,933,3,2,True,1,4,5,5
Michigan4,LS1,Evening,Set2,Draw1,5,col5,Evening|Set2|Draw1|col5,C,own,1,2,2,1,5,3,933,3,2,True,1,4,5,5
Michigan4,LS1,Evening,Set2,Draw1,5,col5,Evening|Set2|Draw1|col5,C,own,1,2,2,1,5,4,,0,0,False,1,4,5,5
Michigan4,LS1,Evening,Set2,Draw1,5,col5,Evening|Set2|Draw1|col5,C,combined,1,2,2,1,5,0,5933667,7,5,False,1,3,4,4
Michigan4,LS1,Evening,Set2,Draw1,5,col5,Evening|Set2|Draw1|col5,C,combined,1,2,2,1,5,1,5933,4,3,True,1,3,4,4
Michigan4,LS1,Evening,Set2,Draw1,5,col5,Evening|Set2|Draw1|col5,C,combined,1,2,2,1,5,2,5,1,1,True,1,3,4,4
Michigan4,LS1,Evening,Set2,Draw1,5,col5,Evening|Set2|Draw1|col5,C,combined,1,2,2,1,5,3,,0,0,False,1,3,4,4
Michigan4,LS1,Evening,Set2,Draw1,5,col5,Evening|Set2|Draw1|col5,D,own,1,2,2,1,5,0,5933667,7,5,False,1,4,5,5
Michigan4,LS1,Evening,Set2,Draw1,5,col5,Evening|Set2|Draw1|col5,D,own,1,2,2,1,5,1,5933,4,3,True,1,4,5,5
Michigan4,LS1,Evening,Set2,Draw1,5,col5,Evening|Set2|Draw1|col5,D,own,1,2,2,1,5,2,933,3,2,True,1,4,5,5
Michigan4,LS1,Evening,Set2,Draw1,5,col5,Evening|Set2|Draw1|col5,D,own,1,2,2,1,5,3,933,3,2,True,1,4,5,5
Michigan4,LS1,Evening,Set2,Draw1,5,col5,Evening|Set2|Draw1|col5,D,own,1,2,2,1,5,4,,0,0,False,1,4,5,5
Michigan4,LS1,Evening,Set2,Draw1,5,col5,Evening|Set2|Draw1|col5,D,combined,1,2,2,1,5,0,5933667,7,5,False,1,3,4,4
Michigan4,LS1,Evening,Set2,Draw1,5,col5,Evening|Set2|Draw1|col5,D,combined,1,2,2,1,5,1,5933,4,3,True,1,3,4,4
Michigan4,LS1,Evening,Set2,Draw1,5,col5,Evening|Set2|Draw1|col5,D,combined,1,2,2,1,5,2,5,1,1,True,1,3,4,4
Michigan4,LS1,Evening,Set2,Draw1,5,col5,Evening|Set2|Draw1|col5,D,combined,1,2,2,1,5,3,,0,0,False,1,3,4,4
Michigan4,LS1,Evening,Set2,Draw1,5,col5,Evening|Set2|Draw1|col5,E,own,1,2,2,1,5,0,5933667,7,5,False,1,4,5,5
Michigan4,LS1,Evening,Set2,Draw1,5,col5,Evening|Set2|Draw1|col5,E,own,1,2,2,1,5,1,5933,4,3,True,1,4,5,5
Michigan4,LS1,Evening,Set2,Draw1,5,col5,Evening|Set2|Draw1|col5,E,own,1,2,2,1,5,2,933,3,2,True,1,4,5,5
Michigan4,LS1,Evening,Set2,Draw1,5,col5,Evening|Set2|Draw1|col5,E,own,1,2,2,1,5,3,933,3,2,True,1,4,5,5
Michigan4,LS1,Evening,Set2,Draw1,5,col5,Evening|Set2|Draw1|col5,E,own,1,2,2,1,5,4,,0,0,False,1,4,5,5
Michigan4,LS1,Evening,Set2,Draw1,5,col5,Evening|Set2|Draw1|col5,E,combined,1,2,2,1,5,0,5933667,7,5,False,1,6,7,6
Michigan4,LS1,Evening,Set2,Draw1,5,col5,Evening|Set2|Draw1|col5,E,combined,1,2,2,1,5,1,5933,4,3,True,1,6,7,6
Michigan4,LS1,Evening,Set2,Draw1,5,col5,Evening|Set2|Draw1|col5,E,combined,1,2,2,1,5,2,53,2,2,True,1,6,7,6
Michigan4,LS1,Evening,Set2,Draw1,5,col5,Evening|Set2|Draw1|col5,E,combined,1,2,2,1,5,3,3,1,1,True,1,6,7,6
Michigan4,LS1,Evening,Set2,Draw1,5,col5,Evening|Set2|Draw1|col5,E,combined,1,2,2,1,5,4,3,1,1,True,1,6,7,6
Michigan4,LS1,Evening,Set2,Draw1,5,col5,Evening|Set2|Draw1|col5,E,combined,1,2,2,1,5,6,,0,0,False,1,6,7,6
Michigan4,LS1,Evening,Set2,Draw1,5,col5,Evening|Set2|Draw1|col5,T,own,1,2,2,1,5,0,5933667,7,5,False,1,4,5,5
Michigan4,LS1,Evening,Set2,Draw1,5,col5,Evening|Set2|Draw1|col5,T,own,1,2,2,1,5,1,5933,4,3,True,1,4,5,5
Michigan4,LS1,Evening,Set2,Draw1,5,col5,Evening|Set2|Draw1|col5,T,own,1,2,2,1,5,2,933,3,2,True,1,4,5,5
Michigan4,LS1,Evening,Set2,Draw1,5,col5,Evening|Set2|Draw1|col5,T,own,1,2,2,1,5,3,933,3,2,True,1,4,5,5
Michigan4,LS1,Evening,Set2,Draw1,5,col5,Evening|Set2|Draw1|col5,T,own,1,2,2,1,5,4,,0,0,False,1,4,5,5
Michigan4,LS1,Evening,Set2,Draw1,5,col5,Evening|Set2|Draw1|col5,T,combined,1,2,2,1,5,0,5933667,7,5,False,1,3,4,4
Michigan4,LS1,Evening,Set2,Draw1,5,col5,Evening|Set2|Draw1|col5,T,combined,1,2,2,1,5,1,5933,4,3,True,1,3,4,4
Michigan4,LS1,Evening,Set2,Draw1,5,col5,Evening|Set2|Draw1|col5,T,combined,1,2,2,1,5,2,5,1,1,True,1,3,4,4
Michigan4,LS1,Evening,Set2,Draw1,5,col5,Evening|Set2|Draw1|col5,T,combined,1,2,2,1,5,3,,0,0,False,1,3,4,4
Michigan4,LS1,Evening,Set2,Draw1,4,col4,Evening|Set2|Draw1|col4,A,own,1,2,2,1,4,0,53667*,6,5,False,2,4,29,5
Michigan4,LS1,Evening,Set2,Draw1,4,col4,Evening|Set2|Draw1|col4,A,own,1,2,2,1,4,1,5366*,5,4,False,2,4,29,5
Michigan4,LS1,Evening,Set2,Draw1,4,col4,Evening|Set2|Draw1|col4,A,own,1,2,2,1,4,2,3*,2,2,True,2,4,29,5
Michigan4,LS1,Evening,Set2,Draw1,4,col4,Evening|Set2|Draw1|col4,A,own,1,2,2,1,4,3,3*,2,2,True,2,4,29,5
Michigan4,LS1,Evening,Set2,Draw1,4,col4,Evening|Set2|Draw1|col4,A,own,1,2,2,1,4,4,*,1,1,True,2,4,29,5
Michigan4,LS1,Evening,Set2,Draw1,4,col4,Evening|Set2|Draw1|col4,A,combined,1,2,2,1,4,0,53667*,6,5,False,2,3,57,4
Michigan4,LS1,Evening,Set2,Draw1,4,col4,Evening|Set2|Draw1|col4,A,combined,1,2,2,1,4,1,5366*,5,4,False,2,3,57,4
Michigan4,LS1,Evening,Set2,Draw1,4,col4,Evening|Set2|Draw1|col4,A,combined,1,2,2,1,4,2,566*,4,3,True,2,3,57,4
Michigan4,LS1,Evening,Set2,Draw1,4,col4,Evening|Set2|Draw1|col4,A,combined,1,2,2,1,4,3,*,1,1,True,2,3,57,4
Michigan4,LS1,Evening,Set2,Draw1,4,col4,Evening|Set2|Draw1|col4,B,own,1,2,2,1,4,0,53667*,6,5,False,1,4,29,5
Michigan4,LS1,Evening,Set2,Draw1,4,col4,Evening|Set2|Draw1|col4,B,own,1,2,2,1,4,1,53*,3,3,True,1,4,29,5
Michigan4,LS1,Evening,Set2,Draw1,4,col4,Evening|Set2|Draw1|col4,B,own,1,2,2,1,4,2,3*,2,2,True,1,4,29,5
Michigan4,LS1,Evening,Set2,Draw1,4,col4,Evening|Set2|Draw1|col4,B,own,1,2,2,1,4,3,3*,2,2,True,1,4,29,5
Michigan4,LS1,Evening,Set2,Draw1,4,col4,Evening|Set2|Draw1|col4,B,own,1,2,2,1,4,4,*,1,1,True,1,4,29,5
Michigan4,LS1,Evening,Set2,Draw1,4,col4,Evening|Set2|Draw1|col4,B,combined,1,2,2,1,4,0,53667*,6,5,False,1,3,57,4
Michigan4,LS1,Evening,Set2,Draw1,4,col4,Evening|Set2|Draw1|col4,B,combined,1,2,2,1,4,1,53*,3,3,True,1,3,57,4
Michigan4,LS1,Evening,Set2,Draw1,4,col4,Evening|Set2|Draw1|col4,B,combined,1,2,2,1,4,2,5*,2,2,True,1,3,57,4
Michigan4,LS1,Evening,Set2,Draw1,4,col4,Evening|Set2|Draw1|col4,B,combined,1,2,2,1,4,3,*,1,1,True,1,3,57,4
Michigan4,LS1,Evening,Set2,Draw1,4,col4,Evening|Set2|Draw1|col4,C,own,1,2,2,1,4,0,53667*,6,5,False,1,4,29,5
Michigan4,LS1,Evening,Set2,Draw1,4,col4,Evening|Set2|Draw1|col4,C,own,1,2,2,1,4,1,53*,3,3,True,1,4,29,5
Michigan4,LS1,Evening,Set2,Draw1,4,col4,Evening|Set2|Draw1|col4,C,own,1,2,2,1,4,2,3*,2,2,True,1,4,29,5
Michigan4,LS1,Evening,Set2,Draw1,4,col4,Evening|Set2|Draw1|col4,C,own,1,2,2,1,4,3,3*,2,2,True,1,4,29,5
Michigan4,LS1,Evening,Set2,Draw1,4,col4,Evening|Set2|Draw1|col4,C,own,1,2,2,1,4,4,*,1,1,True,1,4,29,5
Michigan4,LS1,Evening,Set2,Draw1,4,col4,Evening|Set2|Draw1|col4,C,combined,1,2,2,1,4,0,53667*,6,5,False,1,3,57,4
Michigan4,LS1,Evening,Set2,Draw1,4,col4,Evening|Set2|Draw1|col4,C,combined,1,2,2,1,4,1,53*,3,3,True,1,3,57,4
Michigan4,LS1,Evening,Set2,Draw1,4,col4,Evening|Set2|Draw1|col4,C,combined,1,2,2,1,4,2,5*,2,2,True,1,3,57,4
Michigan4,LS1,Evening,Set2,Draw1,4,col4,Evening|Set2|Draw1|col4,C,combined,1,2,2,1,4,3,*,1,1,True,1,3,57,4
Michigan4,LS1,Evening,Set2,Draw1,4,col4,Evening|Set2|Draw1|col4,D,own,1,2,2,1,4,0,53667*,6,5,False,1,4,29,5
Michigan4,LS1,Evening,Set2,Draw1,4,col4,Evening|Set2|Draw1|col4,D,own,1,2,2,1,4,1,53*,3,3,True,1,4,29,5
Michigan4,LS1,Evening,Set2,Draw1,4,col4,Evening|Set2|Draw1|col4,D,own,1,2,2,1,4,2,3*,2,2,True,1,4,29,5
Michigan4,LS1,Evening,Set2,Draw1,4,col4,Evening|Set2|Draw1|col4,D,own,1,2,2,1,4,3,3*,2,2,True,1,4,29,5
Michigan4,LS1,Evening,Set2,Draw1,4,col4,Evening|Set2|Draw1|col4,D,own,1,2,2,1,4,4,*,1,1,True,1,4,29,5
Michigan4,LS1,Evening,Set2,Draw1,4,col4,Evening|Set2|Draw1|col4,D,combined,1,2,2,1,4,0,53667*,6,5,False,1,3,57,4
Michigan4,LS1,Evening,Set2,Draw1,4,col4,Evening|Set2|Draw1|col4,D,combined,1,2,2,1,4,1,53*,3,3,True,1,3,57,4
Michigan4,LS1,Evening,Set2,Draw1,4,col4,Evening|Set2|Draw1|col4,D,combined,1,2,2,1,4,2,5*,2,2,True,1,3,57,4
Michigan4,LS1,Evening,Set2,Draw1,4,col4,Evening|Set2|Draw1|col4,D,combined,1,2,2,1,4,3,*,1,1,True,1,3,57,4
Michigan4,LS1,Evening,Set2,Draw1,4,col4,Evening|Set2|Draw1|col4,E,own,1,2,2,1,4,0,53667*,6,5,False,1,4,29,5
Michigan4,LS1,Evening,Set2,Draw1,4,col4,Evening|Set2|Draw1|col4,E,own,1,2,2,1,4,1,53*,3,3,True,1,4,29,5
Michigan4,LS1,Evening,Set2,Draw1,4,col4,Evening|Set2|Draw1|col4,E,own,1,2,2,1,4,2,3*,2,2,True,1,4,29,5
Michigan4,LS1,Evening,Set2,Draw1,4,col4,Evening|Set2|Draw1|col4,E,own,1,2,2,1,4,3,3*,2,2,True,1,4,29,5
Michigan4,LS1,Evening,Set2,Draw1,4,col4,Evening|Set2|Draw1|col4,E,own,1,2,2,1,4,4,*,1,1,True,1,4,29,5
Michigan4,LS1,Evening,Set2,Draw1,4,col4,Evening|Set2|Draw1|col4,E,combined,1,2,2,1,4,0,53667*,6,5,False,1,3,57,4
Michigan4,LS1,Evening,Set2,Draw1,4,col4,Evening|Set2|Draw1|col4,E,combined,1,2,2,1,4,1,53*,3,3,True,1,3,57,4
Michigan4,LS1,Evening,Set2,Draw1,4,col4,Evening|Set2|Draw1|col4,E,combined,1,2,2,1,4,2,5*,2,2,True,1,3,57,4
Michigan4,LS1,Evening,Set2,Draw1,4,col4,Evening|Set2|Draw1|col4,E,combined,1,2,2,1,4,3,*,1,1,True,1,3,57,4
Michigan4,LS1,Evening,Set2,Draw1,4,col4,Evening|Set2|Draw1|col4,T,own,1,2,2,1,4,0,53667*,6,5,False,1,4,29,5
Michigan4,LS1,Evening,Set2,Draw1,4,col4,Evening|Set2|Draw1|col4,T,own,1,2,2,1,4,1,53*,3,3,True,1,4,29,5
Michigan4,LS1,Evening,Set2,Draw1,4,col4,Evening|Set2|Draw1|col4,T,own,1,2,2,1,4,2,3*,2,2,True,1,4,29,5
Michigan4,LS1,Evening,Set2,Draw1,4,col4,Evening|Set2|Draw1|col4,T,own,1,2,2,1,4,3,3*,2,2,True,1,4,29,5
Michigan4,LS1,Evening,Set2,Draw1,4,col4,Evening|Set2|Draw1|col4,T,own,1,2,2,1,4,4,*,1,1,True,1,4,29,5
Michigan4,LS1,Evening,Set2,Draw1,4,col4,Evening|Set2|Draw1|col4,T,combined,1,2,2,1,4,0,53667*,6,5,False,1,3,57,4
Michigan4,LS1,Evening,Set2,Draw1,4,col4,Evening|Set2|Draw1|col4,T,combined,1,2,2,1,4,1,53*,3,3,True,1,3,57,4
Michigan4,LS1,Evening,Set2,Draw1,4,col4,Evening|Set2|Draw1|col4,T,combined,1,2,2,1,4,2,5*,2,2,True,1,3,57,4
Michigan4,LS1,Evening,Set2,Draw1,4,col4,Evening|Set2|Draw1|col4,T,combined,1,2,2,1,4,3,*,1,1,True,1,3,57,4
Michigan4,LS1,Evening,Set2,Draw1,2,col2,Evening|Set2|Draw1|col2,A,own,1,2,2,1,2,0,567*,4,4,False,1,2,29,3
Michigan4,LS1,Evening,Set2,Draw1,2,col2,Evening|Set2|Draw1|col2,A,own,1,2,2,1,2,1,56*,3,3,True,1,2,29,3
Michigan4,LS1,Evening,Set2,Draw1,2,col2,Evening|Set2|Draw1|col2,A,own,1,2,2,1,2,2,*,1,1,True,1,2,29,3
Michigan4,LS1,Evening,Set2,Draw1,2,col2,Evening|Set2|Draw1|col2,A,combined,1,2,2,1,2,0,567*,4,4,False,1,3,57,4
Michigan4,LS1,Evening,Set2,Draw1,2,col2,Evening|Set2|Draw1|col2,A,combined,1,2,2,1,2,1,56*,3,3,True,1,3,57,4
Michigan4,LS1,Evening,Set2,Draw1,2,col2,Evening|Set2|Draw1|col2,A,combined,1,2,2,1,2,2,56*,3,3,True,1,3,57,4
Michigan4,LS1,Evening,Set2,Draw1,2,col2,Evening|Set2|Draw1|col2,A,combined,1,2,2,1,2,3,*,1,1,True,1,3,57,4
Michigan4,LS1,Evening,Set2,Draw1,2,col2,Evening|Set2|Draw1|col2,B,own,1,2,2,1,2,0,567*,4,4,False,1,2,29,3
Michigan4,LS1,Evening,Set2,Draw1,2,col2,Evening|Set2|Draw1|col2,B,own,1,2,2,1,2,1,5*,2,2,True,1,2,29,3
Michigan4,LS1,Evening,Set2,Draw1,2,col2,Evening|Set2|Draw1|col2,B,own,1,2,2,1,2,2,*,1,1,True,1,2,29,3
Michigan4,LS1,Evening,Set2,Draw1,2,col2,Evening|Set2|Draw1|col2,B,combined,1,2,2,1,2,0,567*,4,4,False,1,3,57,4
Michigan4,LS1,Evening,Set2,Draw1,2,col2,Evening|Set2|Draw1|col2,B,combined,1,2,2,1,2,1,5*,2,2,True,1,3,57,4
Michigan4,LS1,Evening,Set2,Draw1,2,col2,Evening|Set2|Draw1|col2,B,combined,1,2,2,1,2,2,5*,2,2,True,1,3,57,4
Michigan4,LS1,Evening,Set2,Draw1,2,col2,Evening|Set2|Draw1|col2,B,combined,1,2,2,1,2,3,*,1,1,True,1,3,57,4
Michigan4,LS1,Evening,Set2,Draw1,2,col2,Evening|Set2|Draw1|col2,C,own,1,2,2,1,2,0,567*,4,4,False,1,2,29,3
Michigan4,LS1,Evening,Set2,Draw1,2,col2,Evening|Set2|Draw1|col2,C,own,1,2,2,1,2,1,5*,2,2,True,1,2,29,3
Michigan4,LS1,Evening,Set2,Draw1,2,col2,Evening|Set2|Draw1|col2,C,own,1,2,2,1,2,2,*,1,1,True,1,2,29,3
Michigan4,LS1,Evening,Set2,Draw1,2,col2,Evening|Set2|Draw1|col2,C,combined,1,2,2,1,2,0,567*,4,4,False,1,3,57,4
Michigan4,LS1,Evening,Set2,Draw1,2,col2,Evening|Set2|Draw1|col2,C,combined,1,2,2,1,2,1,5*,2,2,True,1,3,57,4
Michigan4,LS1,Evening,Set2,Draw1,2,col2,Evening|Set2|Draw1|col2,C,combined,1,2,2,1,2,2,5*,2,2,True,1,3,57,4
Michigan4,LS1,Evening,Set2,Draw1,2,col2,Evening|Set2|Draw1|col2,C,combined,1,2,2,1,2,3,*,1,1,True,1,3,57,4
Michigan4,LS1,Evening,Set2,Draw1,2,col2,Evening|Set2|Draw1|col2,D,own,1,2,2,1,2,0,567*,4,4,False,1,2,29,3
Michigan4,LS1,Evening,Set2,Draw1,2,col2,Evening|Set2|Draw1|col2,D,own,1,2,2,1,2,1,5*,2,2,True,1,2,29,3
Michigan4,LS1,Evening,Set2,Draw1,2,col2,Evening|Set2|Draw1|col2,D,own,1,2,2,1,2,2,*,1,1,True,1,2,29,3
Michigan4,LS1,Evening,Set2,Draw1,2,col2,Evening|Set2|Draw1|col2,D,combined,1,2,2,1,2,0,567*,4,4,False,1,3,57,4
Michigan4,LS1,Evening,Set2,Draw1,2,col2,Evening|Set2|Draw1|col2,D,combined,1,2,2,1,2,1,5*,2,2,True,1,3,57,4
Michigan4,LS1,Evening,Set2,Draw1,2,col2,Evening|Set2|Draw1|col2,D,combined,1,2,2,1,2,2,5*,2,2,True,1,3,57,4
Michigan4,LS1,Evening,Set2,Draw1,2,col2,Evening|Set2|Draw1|col2,D,combined,1,2,2,1,2,3,*,1,1,True,1,3,57,4
Michigan4,LS1,Evening,Set2,Draw1,2,col2,Evening|Set2|Draw1|col2,E,own,1,2,2,1,2,0,567*,4,4,False,1,2,29,3
Michigan4,LS1,Evening,Set2,Draw1,2,col2,Evening|Set2|Draw1|col2,E,own,1,2,2,1,2,1,5*,2,2,True,1,2,29,3
Michigan4,LS1,Evening,Set2,Draw1,2,col2,Evening|Set2|Draw1|col2,E,own,1,2,2,1,2,2,*,1,1,True,1,2,29,3
Michigan4,LS1,Evening,Set2,Draw1,2,col2,Evening|Set2|Draw1|col2,E,combined,1,2,2,1,2,0,567*,4,4,False,1,3,57,4
Michigan4,LS1,Evening,Set2,Draw1,2,col2,Evening|Set2|Draw1|col2,E,combined,1,2,2,1,2,1,5*,2,2,True,1,3,57,4
Michigan4,LS1,Evening,Set2,Draw1,2,col2,Evening|Set2|Draw1|col2,E,combined,1,2,2,1,2,2,5*,2,2,True,1,3,57,4
Michigan4,LS1,Evening,Set2,Draw1,2,col2,Evening|Set2|Draw1|col2,E,combined,1,2,2,1,2,3,*,1,1,True,1,3,57,4
Michigan4,LS1,Evening,Set2,Draw1,2,col2,Evening|Set2|Draw1|col2,T,own,1,2,2,1,2,0,567*,4,4,False,1,2,29,3
Michigan4,LS1,Evening,Set2,Draw1,2,col2,Evening|Set2|Draw1|col2,T,own,1,2,2,1,2,1,56*,3,3,True,1,2,29,3
Michigan4,LS1,Evening,Set2,Draw1,2,col2,Evening|Set2|Draw1|col2,T,own,1,2,2,1,2,2,*,1,1,True,1,2,29,3
Michigan4,LS1,Evening,Set2,Draw1,2,col2,Evening|Set2|Draw1|col2,T,combined,1,2,2,1,2,0,567*,4,4,False,1,3,57,4
Michigan4,LS1,Evening,Set2,Draw1,2,col2,Evening|Set2|Draw1|col2,T,combined,1,2,2,1,2,1,56*,3,3,True,1,3,57,4
Michigan4,LS1,Evening,Set2,Draw1,2,col2,Evening|Set2|Draw1|col2,T,combined,1,2,2,1,2,2,56*,3,3,True,1,3,57,4
Michigan4,LS1,Evening,Set2,Draw1,2,col2,Evening|Set2|Draw1|col2,T,combined,1,2,2,1,2,3,*,1,1,True,1,3,57,4
Michigan4,LS1,Evening,Set2,Draw1,3,col3,Evening|Set2|Draw1|col3,A,own,1,2,2,1,3,0,5667*,5,4,False,1,2,29,3
Michigan4,LS1,Evening,Set2,Draw1,3,col3,Evening|Set2|Draw1|col3,A,own,1,2,2,1,3,1,566*,4,3,True,1,2,29,3
Michigan4,LS1,Evening,Set2,Draw1,3,col3,Evening|Set2|Draw1|col3,A,own,1,2,2,1,3,2,*,1,1,True,1,2,29,3
Michigan4,LS1,Evening,Set2,Draw1,3,col3,Evening|Set2|Draw1|col3,A,combined,1,2,2,1,3,0,5667*,5,4,False,1,3,57,4
Michigan4,LS1,Evening,Set2,Draw1,3,col3,Evening|Set2|Draw1|col3,A,combined,1,2,2,1,3,1,566*,4,3,True,1,3,57,4
Michigan4,LS1,Evening,Set2,Draw1,3,col3,Evening|Set2|Draw1|col3,A,combined,1,2,2,1,3,2,566*,4,3,True,1,3,57,4
Michigan4,LS1,Evening,Set2,Draw1,3,col3,Evening|Set2|Draw1|col3,A,combined,1,2,2,1,3,3,*,1,1,True,1,3,57,4
Michigan4,LS1,Evening,Set2,Draw1,3,col3,Evening|Set2|Draw1|col3,B,own,1,2,2,1,3,0,5667*,5,4,False,1,2,29,3
Michigan4,LS1,Evening,Set2,Draw1,3,col3,Evening|Set2|Draw1|col3,B,own,1,2,2,1,3,1,5*,2,2,True,1,2,29,3
Michigan4,LS1,Evening,Set2,Draw1,3,col3,Evening|Set2|Draw1|col3,B,own,1,2,2,1,3,2,*,1,1,True,1,2,29,3
Michigan4,LS1,Evening,Set2,Draw1,3,col3,Evening|Set2|Draw1|col3,B,combined,1,2,2,1,3,0,5667*,5,4,False,1,3,57,4
Michigan4,LS1,Evening,Set2,Draw1,3,col3,Evening|Set2|Draw1|col3,B,combined,1,2,2,1,3,1,5*,2,2,True,1,3,57,4
Michigan4,LS1,Evening,Set2,Draw1,3,col3,Evening|Set2|Draw1|col3,B,combined,1,2,2,1,3,2,5*,2,2,True,1,3,57,4
Michigan4,LS1,Evening,Set2,Draw1,3,col3,Evening|Set2|Draw1|col3,B,combined,1,2,2,1,3,3,*,1,1,True,1,3,57,4
Michigan4,LS1,Evening,Set2,Draw1,3,col3,Evening|Set2|Draw1|col3,C,own,1,2,2,1,3,0,5667*,5,4,False,1,2,29,3
Michigan4,LS1,Evening,Set2,Draw1,3,col3,Evening|Set2|Draw1|col3,C,own,1,2,2,1,3,1,5*,2,2,True,1,2,29,3
Michigan4,LS1,Evening,Set2,Draw1,3,col3,Evening|Set2|Draw1|col3,C,own,1,2,2,1,3,2,*,1,1,True,1,2,29,3
Michigan4,LS1,Evening,Set2,Draw1,3,col3,Evening|Set2|Draw1|col3,C,combined,1,2,2,1,3,0,5667*,5,4,False,1,3,57,4
Michigan4,LS1,Evening,Set2,Draw1,3,col3,Evening|Set2|Draw1|col3,C,combined,1,2,2,1,3,1,5*,2,2,True,1,3,57,4
Michigan4,LS1,Evening,Set2,Draw1,3,col3,Evening|Set2|Draw1|col3,C,combined,1,2,2,1,3,2,5*,2,2,True,1,3,57,4
Michigan4,LS1,Evening,Set2,Draw1,3,col3,Evening|Set2|Draw1|col3,C,combined,1,2,2,1,3,3,*,1,1,True,1,3,57,4
Michigan4,LS1,Evening,Set2,Draw1,3,col3,Evening|Set2|Draw1|col3,D,own,1,2,2,1,3,0,5667*,5,4,False,1,2,29,3
Michigan4,LS1,Evening,Set2,Draw1,3,col3,Evening|Set2|Draw1|col3,D,own,1,2,2,1,3,1,5*,2,2,True,1,2,29,3
Michigan4,LS1,Evening,Set2,Draw1,3,col3,Evening|Set2|Draw1|col3,D,own,1,2,2,1,3,2,*,1,1,True,1,2,29,3
Michigan4,LS1,Evening,Set2,Draw1,3,col3,Evening|Set2|Draw1|col3,D,combined,1,2,2,1,3,0,5667*,5,4,False,1,3,57,4
Michigan4,LS1,Evening,Set2,Draw1,3,col3,Evening|Set2|Draw1|col3,D,combined,1,2,2,1,3,1,5*,2,2,True,1,3,57,4
Michigan4,LS1,Evening,Set2,Draw1,3,col3,Evening|Set2|Draw1|col3,D,combined,1,2,2,1,3,2,5*,2,2,True,1,3,57,4
Michigan4,LS1,Evening,Set2,Draw1,3,col3,Evening|Set2|Draw1|col3,D,combined,1,2,2,1,3,3,*,1,1,True,1,3,57,4
Michigan4,LS1,Evening,Set2,Draw1,3,col3,Evening|Set2|Draw1|col3,E,own,1,2,2,1,3,0,5667*,5,4,False,1,2,29,3
Michigan4,LS1,Evening,Set2,Draw1,3,col3,Evening|Set2|Draw1|col3,E,own,1,2,2,1,3,1,5*,2,2,True,1,2,29,3
Michigan4,LS1,Evening,Set2,Draw1,3,col3,Evening|Set2|Draw1|col3,E,own,1,2,2,1,3,2,*,1,1,True,1,2,29,3
Michigan4,LS1,Evening,Set2,Draw1,3,col3,Evening|Set2|Draw1|col3,E,combined,1,2,2,1,3,0,5667*,5,4,False,1,3,57,4
Michigan4,LS1,Evening,Set2,Draw1,3,col3,Evening|Set2|Draw1|col3,E,combined,1,2,2,1,3,1,5*,2,2,True,1,3,57,4
Michigan4,LS1,Evening,Set2,Draw1,3,col3,Evening|Set2|Draw1|col3,E,combined,1,2,2,1,3,2,5*,2,2,True,1,3,57,4
Michigan4,LS1,Evening,Set2,Draw1,3,col3,Evening|Set2|Draw1|col3,E,combined,1,2,2,1,3,3,*,1,1,True,1,3,57,4
Michigan4,LS1,Evening,Set2,Draw1,3,col3,Evening|Set2|Draw1|col3,T,own,1,2,2,1,3,0,5667*,5,4,False,1,2,29,3
Michigan4,LS1,Evening,Set2,Draw1,3,col3,Evening|Set2|Draw1|col3,T,own,1,2,2,1,3,1,5*,2,2,True,1,2,29,3
Michigan4,LS1,Evening,Set2,Draw1,3,col3,Evening|Set2|Draw1|col3,T,own,1,2,2,1,3,2,*,1,1,True,1,2,29,3
Michigan4,LS1,Evening,Set2,Draw1,3,col3,Evening|Set2|Draw1|col3,T,combined,1,2,2,1,3,0,5667*,5,4,False,1,3,57,4
Michigan4,LS1,Evening,Set2,Draw1,3,col3,Evening|Set2|Draw1|col3,T,combined,1,2,2,1,3,1,5*,2,2,True,1,3,57,4
Michigan4,LS1,Evening,Set2,Draw1,3,col3,Evening|Set2|Draw1|col3,T,combined,1,2,2,1,3,2,5*,2,2,True,1,3,57,4
Michigan4,LS1,Evening,Set2,Draw1,3,col3,Evening|Set2|Draw1|col3,T,combined,1,2,2,1,3,3,*,1,1,True,1,3,57,4
Michigan4,LS1,Evening,Set1,Draw1,7,col7,Evening|Set1|Draw1|col7,A,own,1,2,1,1,7,0,59203386677,11,8,False,4,6,7,7
Michigan4,LS1,Evening,Set1,Draw1,7,col7,Evening|Set1|Draw1|col7,A,own,1,2,1,1,7,1,592033866,9,7,False,4,6,7,7
Michigan4,LS1,Evening,Set1,Draw1,7,col7,Evening|Set1|Draw1|col7,A,own,1,2,1,1,7,2,920338,6,5,False,4,6,7,7
Michigan4,LS1,Evening,Set1,Draw1,7,col7,Evening|Set1|Draw1|col7,A,own,1,2,1,1,7,3,90338,5,4,False,4,6,7,7
Michigan4,LS1,Evening,Set1,Draw1,7,col7,Evening|Set1|Draw1|col7,A,own,1,2,1,1,7,4,08,2,2,True,4,6,7,7
Michigan4,LS1,Evening,Set1,Draw1,7,col7,Evening|Set1|Draw1|col7,A,own,1,2,1,1,7,5,08,2,2,True,4,6,7,7
Michigan4,LS1,Evening,Set1,Draw1,7,col7,Evening|Set1|Draw1|col7,A,own,1,2,1,1,7,6,,0,0,False,4,6,7,7
Michigan4,LS1,Evening,Set1,Draw1,7,col7,Evening|Set1|Draw1|col7,A,combined,1,2,1,1,7,0,59203386677,11,8,False,3,6,7,7
Michigan4,LS1,Evening,Set1,Draw1,7,col7,Evening|Set1|Draw1|col7,A,combined,1,2,1,1,7,1,592033866,9,7,False,3,6,7,7
Michigan4,LS1,Evening,Set1,Draw1,7,col7,Evening|Set1|Draw1|col7,A,combined,1,2,1,1,7,2,520866,6,5,False,3,6,7,7
Michigan4,LS1,Evening,Set1,Draw1,7,col7,Evening|Set1|Draw1|col7,A,combined,1,2,1,1,7,3,208,3,3,True,3,6,7,7
Michigan4,LS1,Evening,Set1,Draw1,7,col7,Evening|Set1|Draw1|col7,A,combined,1,2,1,1,7,4,208,3,3,True,3,6,7,7
Michigan4,LS1,Evening,Set1,Draw1,7,col7,Evening|Set1|Draw1|col7,A,combined,1,2,1,1,7,5,08,2,2,True,3,6,7,7
Michigan4,LS1,Evening,Set1,Draw1,7,col7,Evening|Set1|Draw1|col7,A,combined,1,2,1,1,7,6,,0,0,False,3,6,7,7
Michigan4,LS1,Evening,Set1,Draw1,7,col7,Evening|Set1|Draw1|col7,B,own,1,2,1,1,7,0,59203386677,11,8,False,4,6,7,7
Michigan4,LS1,Evening,Set1,Draw1,7,col7,Evening|Set1|Draw1|col7,B,own,1,2,1,1,7,1,5920338,7,6,False,4,6,7,7
Michigan4,LS1,Evening,Set1,Draw1,7,col7,Evening|Set1|Draw1|col7,B,own,1,2,1,1,7,2,920338,6,5,False,4,6,7,7
Michigan4,LS1,Evening,Set1,Draw1,7,col7,Evening|Set1|Draw1|col7,B,own,1,2,1,1,7,3,90338,5,4,False,4,6,7,7
Michigan4,LS1,Evening,Set1,Draw1,7,col7,Evening|Set1|Draw1|col7,B,own,1,2,1,1,7,4,0,1,1,True,4,6,7,7
Michigan4,LS1,Evening,Set1,Draw1,7,col7,Evening|Set1|Draw1|col7,B,own,1,2,1,1,7,5,0,1,1,True,4,6,7,7
Michigan4,LS1,Evening,Set1,Draw1,7,col7,Evening|Set1|Draw1|col7,B,own,1,2,1,1,7,6,,0,0,False,4,6,7,7
Michigan4,LS1,Evening,Set1,Draw1,7,col7,Evening|Set1|Draw1|col7,B,combined,1,2,1,1,7,0,59203386677,11,8,False,3,6,7,7
Michigan4,LS1,Evening,Set1,Draw1,7,col7,Evening|Set1|Draw1|col7,B,combined,1,2,1,1,7,1,5920338,7,6,False,3,6,7,7
Michigan4,LS1,Evening,Set1,Draw1,7,col7,Evening|Set1|Draw1|col7,B,combined,1,2,1,1,7,2,5208,4,4,False,3,6,7,7
Michigan4,LS1,Evening,Set1,Draw1,7,col7,Evening|Set1|Draw1|col7,B,combined,1,2,1,1,7,3,208,3,3,True,3,6,7,7
Michigan4,LS1,Evening,Set1,Draw1,7,col7,Evening|Set1|Draw1|col7,B,combined,1,2,1,1,7,4,28,2,2,True,3,6,7,7
Michigan4,LS1,Evening,Set1,Draw1,7,col7,Evening|Set1|Draw1|col7,B,combined,1,2,1,1,7,5,8,1,1,True,3,6,7,7
Michigan4,LS1,Evening,Set1,Draw1,7,col7,Evening|Set1|Draw1|col7,B,combined,1,2,1,1,7,6,,0,0,False,3,6,7,7
Michigan4,LS1,Evening,Set1,Draw1,7,col7,Evening|Set1|Draw1|col7,C,own,1,2,1,1,7,0,59203386677,11,8,False,2,4,5,5
Michigan4,LS1,Evening,Set1,Draw1,7,col7,Evening|Set1|Draw1|col7,C,own,1,2,1,1,7,1,590338,6,5,False,2,4,5,5
Michigan4,LS1,Evening,Set1,Draw1,7,col7,Evening|Set1|Draw1|col7,C,own,1,2,1,1,7,2,9338,4,3,True,2,4,5,5
Michigan4,LS1,Evening,Set1,Draw1,7,col7,Evening|Set1|Draw1|col7,C,own,1,2,1,1,7,3,9338,4,3,True,2,4,5,5
Michigan4,LS1,Evening,Set1,Draw1,7,col7,Evening|Set1|Draw1|col7,C,own,1,2,1,1,7,4,,0,0,False,2,4,5,5
Michigan4,LS1,Evening,Set1,Draw1,7,col7,Evening|Set1|Draw1|col7,C,combined,1,2,1,1,7,0,59203386677,11,8,False,2,3,4,4
Michigan4,LS1,Evening,Set1,Draw1,7,col7,Evening|Set1|Draw1|col7,C,combined,1,2,1,1,7,1,590338,6,5,False,2,3,4,4
Michigan4,LS1,Evening,Set1,Draw1,7,col7,Evening|Set1|Draw1|col7,C,combined,1,2,1,1,7,2,50,2,2,True,2,3,4,4
Michigan4,LS1,Evening,Set1,Draw1,7,col7,Evening|Set1|Draw1|col7,C,combined,1,2,1,1,7,3,,0,0,False,2,3,4,4
Michigan4,LS1,Evening,Set1,Draw1,7,col7,Evening|Set1|Draw1|col7,D,own,1,2,1,1,7,0,59203386677,11,8,False,2,4,5,5
Michigan4,LS1,Evening,Set1,Draw1,7,col7,Evening|Set1|Draw1|col7,D,own,1,2,1,1,7,1,590338,6,5,False,2,4,5,5
Michigan4,LS1,Evening,Set1,Draw1,7,col7,Evening|Set1|Draw1|col7,D,own,1,2,1,1,7,2,9338,4,3,True,2,4,5,5
Michigan4,LS1,Evening,Set1,Draw1,7,col7,Evening|Set1|Draw1|col7,D,own,1,2,1,1,7,3,9338,4,3,True,2,4,5,5
Michigan4,LS1,Evening,Set1,Draw1,7,col7,Evening|Set1|Draw1|col7,D,own,1,2,1,1,7,4,,0,0,False,2,4,5,5
Michigan4,LS1,Evening,Set1,Draw1,7,col7,Evening|Set1|Draw1|col7,D,combined,1,2,1,1,7,0,59203386677,11,8,False,2,3,4,4
Michigan4,LS1,Evening,Set1,Draw1,7,col7,Evening|Set1|Draw1|col7,D,combined,1,2,1,1,7,1,590338,6,5,False,2,3,4,4
Michigan4,LS1,Evening,Set1,Draw1,7,col7,Evening|Set1|Draw1|col7,D,combined,1,2,1,1,7,2,50,2,2,True,2,3,4,4
Michigan4,LS1,Evening,Set1,Draw1,7,col7,Evening|Set1|Draw1|col7,D,combined,1,2,1,1,7,3,,0,0,False,2,3,4,4
Michigan4,LS1,Evening,Set1,Draw1,7,col7,Evening|Set1|Draw1|col7,E,own,1,2,1,1,7,0,59203386677,11,8,False,4,6,7,7
Michigan4,LS1,Evening,Set1,Draw1,7,col7,Evening|Set1|Draw1|col7,E,own,1,2,1,1,7,1,59203387,8,7,False,4,6,7,7
Michigan4,LS1,Evening,Set1,Draw1,7,col7,Evening|Set1|Draw1|col7,E,own,1,2,1,1,7,2,9203387,7,6,False,4,6,7,7
Michigan4,LS1,Evening,Set1,Draw1,7,col7,Evening|Set1|Draw1|col7,E,own,1,2,1,1,7,3,903387,6,5,False,4,6,7,7
Michigan4,LS1,Evening,Set1,Draw1,7,col7,Evening|Set1|Draw1|col7,E,own,1,2,1,1,7,4,087,3,3,True,4,6,7,7
Michigan4,LS1,Evening,Set1,Draw1,7,col7,Evening|Set1|Draw1|col7,E,own,1,2,1,1,7,5,0,1,1,True,4,6,7,7
Michigan4,LS1,Evening,Set1,Draw1,7,col7,Evening|Set1|Draw1|col7,E,own,1,2,1,1,7,6,,0,0,False,4,6,7,7
Michigan4,LS1,Evening,Set1,Draw1,7,col7,Evening|Set1|Draw1|col7,E,combined,1,2,1,1,7,0,59203386677,11,8,False,5,9,10,10
Michigan4,LS1,Evening,Set1,Draw1,7,col7,Evening|Set1|Draw1|col7,E,combined,1,2,1,1,7,1,59203387,8,7,False,5,9,10,10
Michigan4,LS1,Evening,Set1,Draw1,7,col7,Evening|Set1|Draw1|col7,E,combined,1,2,1,1,7,2,520387,6,6,False,5,9,10,10
Michigan4,LS1,Evening,Set1,Draw1,7,col7,Evening|Set1|Draw1|col7,E,combined,1,2,1,1,7,3,20387,5,5,False,5,9,10,10
Michigan4,LS1,Evening,Set1,Draw1,7,col7,Evening|Set1|Draw1|col7,E,combined,1,2,1,1,7,4,2387,4,4,False,5,9,10,10
Michigan4,LS1,Evening,Set1,Draw1,7,col7,Evening|Set1|Draw1|col7,E,combined,1,2,1,1,7,5,387,3,3,True,5,9,10,10
Michigan4,LS1,Evening,Set1,Draw1,7,col7,Evening|Set1|Draw1|col7,E,combined,1,2,1,1,7,6,37,2,2,True,5,9,10,10
Michigan4,LS1,Evening,Set1,Draw1,7,col7,Evening|Set1|Draw1|col7,E,combined,1,2,1,1,7,7,7,1,1,True,5,9,10,10
Michigan4,LS1,Evening,Set1,Draw1,7,col7,Evening|Set1|Draw1|col7,E,combined,1,2,1,1,7,8,7,1,1,True,5,9,10,10
Michigan4,LS1,Evening,Set1,Draw1,7,col7,Evening|Set1|Draw1|col7,E,combined,1,2,1,1,7,9,,0,0,False,5,9,10,10
Michigan4,LS1,Evening,Set1,Draw1,7,col7,Evening|Set1|Draw1|col7,T,own,1,2,1,1,7,0,59203386677,11,8,False,2,6,7,7
Michigan4,LS1,Evening,Set1,Draw1,7,col7,Evening|Set1|Draw1|col7,T,own,1,2,1,1,7,1,590338,6,5,False,2,6,7,7
Michigan4,LS1,Evening,Set1,Draw1,7,col7,Evening|Set1|Draw1|col7,T,own,1,2,1,1,7,2,9338,4,3,True,2,6,7,7
Michigan4,LS1,Evening,Set1,Draw1,7,col7,Evening|Set1|Draw1|col7,T,own,1,2,1,1,7,3,9338,4,3,True,2,6,7,7
Michigan4,LS1,Evening,Set1,Draw1,7,col7,Evening|Set1|Draw1|col7,T,own,1,2,1,1,7,4,8,1,1,True,2,6,7,7
Michigan4,LS1,Evening,Set1,Draw1,7,col7,Evening|Set1|Draw1|col7,T,own,1,2,1,1,7,5,8,1,1,True,2,6,7,7
Michigan4,LS1,Evening,Set1,Draw1,7,col7,Evening|Set1|Draw1|col7,T,own,1,2,1,1,7,6,,0,0,False,2,6,7,7
Michigan4,LS1,Evening,Set1,Draw1,7,col7,Evening|Set1|Draw1|col7,T,combined,1,2,1,1,7,0,59203386677,11,8,False,2,6,7,6
Michigan4,LS1,Evening,Set1,Draw1,7,col7,Evening|Set1|Draw1|col7,T,combined,1,2,1,1,7,1,590338,6,5,False,2,6,7,6
Michigan4,LS1,Evening,Set1,Draw1,7,col7,Evening|Set1|Draw1|col7,T,combined,1,2,1,1,7,2,508,3,3,True,2,6,7,6
Michigan4,LS1,Evening,Set1,Draw1,7,col7,Evening|Set1|Draw1|col7,T,combined,1,2,1,1,7,3,08,2,2,True,2,6,7,6
Michigan4,LS1,Evening,Set1,Draw1,7,col7,Evening|Set1|Draw1|col7,T,combined,1,2,1,1,7,4,08,2,2,True,2,6,7,6
Michigan4,LS1,Evening,Set1,Draw1,7,col7,Evening|Set1|Draw1|col7,T,combined,1,2,1,1,7,6,,0,0,False,2,6,7,6
Michigan4,LS1,Evening,Set1,Draw1,6,col6,Evening|Set1|Draw1|col6,A,own,1,2,1,1,6,0,59336677,8,5,False,2,4,5,5
Michigan4,LS1,Evening,Set1,Draw1,6,col6,Evening|Set1|Draw1|col6,A,own,1,2,1,1,6,1,593366,6,4,False,2,4,5,5
Michigan4,LS1,Evening,Set1,Draw1,6,col6,Evening|Set1|Draw1|col6,A,own,1,2,1,1,6,2,933,3,2,True,2,4,5,5
Michigan4,LS1,Evening,Set1,Draw1,6,col6,Evening|Set1|Draw1|col6,A,own,1,2,1,1,6,3,933,3,2,True,2,4,5,5
Michigan4,LS1,Evening,Set1,Draw1,6,col6,Evening|Set1|Draw1|col6,A,own,1,2,1,1,6,4,,0,0,False,2,4,5,5
Michigan4,LS1,Evening,Set1,Draw1,6,col6,Evening|Set1|Draw1|col6,A,combined,1,2,1,1,6,0,59336677,8,5,False,2,3,4,4
Michigan4,LS1,Evening,Set1,Draw1,6,col6,Evening|Set1|Draw1|col6,A,combined,1,2,1,1,6,1,593366,6,4,False,2,3,4,4
Michigan4,LS1,Evening,Set1,Draw1,6,col6,Evening|Set1|Draw1|col6,A,combined,1,2,1,1,6,2,566,3,2,True,2,3,4,4
Michigan4,LS1,Evening,Set1,Draw1,6,col6,Evening|Set1|Draw1|col6,A,combined,1,2,1,1,6,3,,0,0,False,2,3,4,4
Michigan4,LS1,Evening,Set1,Draw1,6,col6,Evening|Set1|Draw1|col6,B,own,1,2,1,1,6,0,59336677,8,5,False,1,4,5,5
Michigan4,LS1,Evening,Set1,Draw1,6,col6,Evening|Set1|Draw1|col6,B,own,1,2,1,1,6,1,5933,4,3,True,1,4,5,5
Michigan4,LS1,Evening,Set1,Draw1,6,col6,Evening|Set1|Draw1|col6,B,own,1,2,1,1,6,2,933,3,2,True,1,4,5,5
Michigan4,LS1,Evening,Set1,Draw1,6,col6,Evening|Set1|Draw1|col6,B,own,1,2,1,1,6,3,933,3,2,True,1,4,5,5
Michigan4,LS1,Evening,Set1,Draw1,6,col6,Evening|Set1|Draw1|col6,B,own,1,2,1,1,6,4,,0,0,False,1,4,5,5
Michigan4,LS1,Evening,Set1,Draw1,6,col6,Evening|Set1|Draw1|col6,B,combined,1,2,1,1,6,0,59336677,8,5,False,1,3,4,4
Michigan4,LS1,Evening,Set1,Draw1,6,col6,Evening|Set1|Draw1|col6,B,combined,1,2,1,1,6,1,5933,4,3,True,1,3,4,4
Michigan4,LS1,Evening,Set1,Draw1,6,col6,Evening|Set1|Draw1|col6,B,combined,1,2,1,1,6,2,5,1,1,True,1,3,4,4
Michigan4,LS1,Evening,Set1,Draw1,6,col6,Evening|Set1|Draw1|col6,B,combined,1,2,1,1,6,3,,0,0,False,1,3,4,4
Michigan4,LS1,Evening,Set1,Draw1,6,col6,Evening|Set1|Draw1|col6,C,own,1,2,1,1,6,0,59336677,8,5,False,1,4,5,5
Michigan4,LS1,Evening,Set1,Draw1,6,col6,Evening|Set1|Draw1|col6,C,own,1,2,1,1,6,1,5933,4,3,True,1,4,5,5
Michigan4,LS1,Evening,Set1,Draw1,6,col6,Evening|Set1|Draw1|col6,C,own,1,2,1,1,6,2,933,3,2,True,1,4,5,5
Michigan4,LS1,Evening,Set1,Draw1,6,col6,Evening|Set1|Draw1|col6,C,own,1,2,1,1,6,3,933,3,2,True,1,4,5,5
Michigan4,LS1,Evening,Set1,Draw1,6,col6,Evening|Set1|Draw1|col6,C,own,1,2,1,1,6,4,,0,0,False,1,4,5,5
Michigan4,LS1,Evening,Set1,Draw1,6,col6,Evening|Set1|Draw1|col6,C,combined,1,2,1,1,6,0,59336677,8,5,False,1,3,4,4
Michigan4,LS1,Evening,Set1,Draw1,6,col6,Evening|Set1|Draw1|col6,C,combined,1,2,1,1,6,1,5933,4,3,True,1,3,4,4
Michigan4,LS1,Evening,Set1,Draw1,6,col6,Evening|Set1|Draw1|col6,C,combined,1,2,1,1,6,2,5,1,1,True,1,3,4,4
Michigan4,LS1,Evening,Set1,Draw1,6,col6,Evening|Set1|Draw1|col6,C,combined,1,2,1,1,6,3,,0,0,False,1,3,4,4
Michigan4,LS1,Evening,Set1,Draw1,6,col6,Evening|Set1|Draw1|col6,D,own,1,2,1,1,6,0,59336677,8,5,False,1,4,5,5
Michigan4,LS1,Evening,Set1,Draw1,6,col6,Evening|Set1|Draw1|col6,D,own,1,2,1,1,6,1,5933,4,3,True,1,4,5,5
Michigan4,LS1,Evening,Set1,Draw1,6,col6,Evening|Set1|Draw1|col6,D,own,1,2,1,1,6,2,933,3,2,True,1,4,5,5
Michigan4,LS1,Evening,Set1,Draw1,6,col6,Evening|Set1|Draw1|col6,D,own,1,2,1,1,6,3,933,3,2,True,1,4,5,5
Michigan4,LS1,Evening,Set1,Draw1,6,col6,Evening|Set1|Draw1|col6,D,own,1,2,1,1,6,4,,0,0,False,1,4,5,5
Michigan4,LS1,Evening,Set1,Draw1,6,col6,Evening|Set1|Draw1|col6,D,combined,1,2,1,1,6,0,59336677,8,5,False,1,3,4,4
Michigan4,LS1,Evening,Set1,Draw1,6,col6,Evening|Set1|Draw1|col6,D,combined,1,2,1,1,6,1,5933,4,3,True,1,3,4,4
Michigan4,LS1,Evening,Set1,Draw1,6,col6,Evening|Set1|Draw1|col6,D,combined,1,2,1,1,6,2,5,1,1,True,1,3,4,4
Michigan4,LS1,Evening,Set1,Draw1,6,col6,Evening|Set1|Draw1|col6,D,combined,1,2,1,1,6,3,,0,0,False,1,3,4,4
Michigan4,LS1,Evening,Set1,Draw1,6,col6,Evening|Set1|Draw1|col6,E,own,1,2,1,1,6,0,59336677,8,5,False,2,4,5,5
Michigan4,LS1,Evening,Set1,Draw1,6,col6,Evening|Set1|Draw1|col6,E,own,1,2,1,1,6,1,59337,5,4,False,2,4,5,5
Michigan4,LS1,Evening,Set1,Draw1,6,col6,Evening|Set1|Draw1|col6,E,own,1,2,1,1,6,2,9337,4,3,True,2,4,5,5
Michigan4,LS1,Evening,Set1,Draw1,6,col6,Evening|Set1|Draw1|col6,E,own,1,2,1,1,6,3,933,3,2,True,2,4,5,5
Michigan4,LS1,Evening,Set1,Draw1,6,col6,Evening|Set1|Draw1|col6,E,own,1,2,1,1,6,4,,0,0,False,2,4,5,5
Michigan4,LS1,Evening,Set1,Draw1,6,col6,Evening|Set1|Draw1|col6,E,combined,1,2,1,1,6,0,59336677,8,5,False,2,6,7,7
Michigan4,LS1,Evening,Set1,Draw1,6,col6,Evening|Set1|Draw1|col6,E,combined,1,2,1,1,6,1,59337,5,4,False,2,6,7,7
Michigan4,LS1,Evening,Set1,Draw1,6,col6,Evening|Set1|Draw1|col6,E,combined,1,2,1,1,6,2,537,3,3,True,2,6,7,7
Michigan4,LS1,Evening,Set1,Draw1,6,col6,Evening|Set1|Draw1|col6,E,combined,1,2,1,1,6,3,37,2,2,True,2,6,7,7
Michigan4,LS1,Evening,Set1,Draw1,6,col6,Evening|Set1|Draw1|col6,E,combined,1,2,1,1,6,4,37,2,2,True,2,6,7,7
Michigan4,LS1,Evening,Set1,Draw1,6,col6,Evening|Set1|Draw1|col6,E,combined,1,2,1,1,6,5,3,1,1,True,2,6,7,7
Michigan4,LS1,Evening,Set1,Draw1,6,col6,Evening|Set1|Draw1|col6,E,combined,1,2,1,1,6,6,,0,0,False,2,6,7,7
Michigan4,LS1,Evening,Set1,Draw1,6,col6,Evening|Set1|Draw1|col6,T,own,1,2,1,1,6,0,59336677,8,5,False,1,4,5,5
Michigan4,LS1,Evening,Set1,Draw1,6,col6,Evening|Set1|Draw1|col6,T,own,1,2,1,1,6,1,5933,4,3,True,1,4,5,5
Michigan4,LS1,Evening,Set1,Draw1,6,col6,Evening|Set1|Draw1|col6,T,own,1,2,1,1,6,2,933,3,2,True,1,4,5,5
Michigan4,LS1,Evening,Set1,Draw1,6,col6,Evening|Set1|Draw1|col6,T,own,1,2,1,1,6,3,933,3,2,True,1,4,5,5
Michigan4,LS1,Evening,Set1,Draw1,6,col6,Evening|Set1|Draw1|col6,T,own,1,2,1,1,6,4,,0,0,False,1,4,5,5
Michigan4,LS1,Evening,Set1,Draw1,6,col6,Evening|Set1|Draw1|col6,T,combined,1,2,1,1,6,0,59336677,8,5,False,1,3,4,4
Michigan4,LS1,Evening,Set1,Draw1,6,col6,Evening|Set1|Draw1|col6,T,combined,1,2,1,1,6,1,5933,4,3,True,1,3,4,4
Michigan4,LS1,Evening,Set1,Draw1,6,col6,Evening|Set1|Draw1|col6,T,combined,1,2,1,1,6,2,5,1,1,True,1,3,4,4
Michigan4,LS1,Evening,Set1,Draw1,6,col6,Evening|Set1|Draw1|col6,T,combined,1,2,1,1,6,3,,0,0,False,1,3,4,4
Michigan4,LS1,Evening,Set1,Draw1,5,col5,Evening|Set1|Draw1|col5,A,own,1,2,1,1,5,0,536677*,7,5,False,2,4,29,5
Michigan4,LS1,Evening,Set1,Draw1,5,col5,Evening|Set1|Draw1|col5,A,own,1,2,1,1,5,1,5366*,5,4,False,2,4,29,5
Michigan4,LS1,Evening,Set1,Draw1,5,col5,Evening|Set1|Draw1|col5,A,own,1,2,1,1,5,2,3*,2,2,True,2,4,29,5
Michigan4,LS1,Evening,Set1,Draw1,5,col5,Evening|Set1|Draw1|col5,A,own,1,2,1,1,5,3,3*,2,2,True,2,4,29,5
Michigan4,LS1,Evening,Set1,Draw1,5,col5,Evening|Set1|Draw1|col5,A,own,1,2,1,1,5,4,*,1,1,True,2,4,29,5
Michigan4,LS1,Evening,Set1,Draw1,5,col5,Evening|Set1|Draw1|col5,A,combined,1,2,1,1,5,0,536677*,7,5,False,2,3,57,4
Michigan4,LS1,Evening,Set1,Draw1,5,col5,Evening|Set1|Draw1|col5,A,combined,1,2,1,1,5,1,5366*,5,4,False,2,3,57,4
Michigan4,LS1,Evening,Set1,Draw1,5,col5,Evening|Set1|Draw1|col5,A,combined,1,2,1,1,5,2,566*,4,3,True,2,3,57,4
Michigan4,LS1,Evening,Set1,Draw1,5,col5,Evening|Set1|Draw1|col5,A,combined,1,2,1,1,5,3,*,1,1,True,2,3,57,4
Michigan4,LS1,Evening,Set1,Draw1,5,col5,Evening|Set1|Draw1|col5,B,own,1,2,1,1,5,0,536677*,7,5,False,1,4,29,5
Michigan4,LS1,Evening,Set1,Draw1,5,col5,Evening|Set1|Draw1|col5,B,own,1,2,1,1,5,1,53*,3,3,True,1,4,29,5
Michigan4,LS1,Evening,Set1,Draw1,5,col5,Evening|Set1|Draw1|col5,B,own,1,2,1,1,5,2,3*,2,2,True,1,4,29,5
Michigan4,LS1,Evening,Set1,Draw1,5,col5,Evening|Set1|Draw1|col5,B,own,1,2,1,1,5,3,3*,2,2,True,1,4,29,5
Michigan4,LS1,Evening,Set1,Draw1,5,col5,Evening|Set1|Draw1|col5,B,own,1,2,1,1,5,4,*,1,1,True,1,4,29,5
Michigan4,LS1,Evening,Set1,Draw1,5,col5,Evening|Set1|Draw1|col5,B,combined,1,2,1,1,5,0,536677*,7,5,False,1,3,57,4
Michigan4,LS1,Evening,Set1,Draw1,5,col5,Evening|Set1|Draw1|col5,B,combined,1,2,1,1,5,1,53*,3,3,True,1,3,57,4
Michigan4,LS1,Evening,Set1,Draw1,5,col5,Evening|Set1|Draw1|col5,B,combined,1,2,1,1,5,2,5*,2,2,True,1,3,57,4
Michigan4,LS1,Evening,Set1,Draw1,5,col5,Evening|Set1|Draw1|col5,B,combined,1,2,1,1,5,3,*,1,1,True,1,3,57,4
Michigan4,LS1,Evening,Set1,Draw1,5,col5,Evening|Set1|Draw1|col5,C,own,1,2,1,1,5,0,536677*,7,5,False,1,4,29,5
Michigan4,LS1,Evening,Set1,Draw1,5,col5,Evening|Set1|Draw1|col5,C,own,1,2,1,1,5,1,53*,3,3,True,1,4,29,5
Michigan4,LS1,Evening,Set1,Draw1,5,col5,Evening|Set1|Draw1|col5,C,own,1,2,1,1,5,2,3*,2,2,True,1,4,29,5
Michigan4,LS1,Evening,Set1,Draw1,5,col5,Evening|Set1|Draw1|col5,C,own,1,2,1,1,5,3,3*,2,2,True,1,4,29,5
Michigan4,LS1,Evening,Set1,Draw1,5,col5,Evening|Set1|Draw1|col5,C,own,1,2,1,1,5,4,*,1,1,True,1,4,29,5
Michigan4,LS1,Evening,Set1,Draw1,5,col5,Evening|Set1|Draw1|col5,C,combined,1,2,1,1,5,0,536677*,7,5,False,1,3,57,4
Michigan4,LS1,Evening,Set1,Draw1,5,col5,Evening|Set1|Draw1|col5,C,combined,1,2,1,1,5,1,53*,3,3,True,1,3,57,4
Michigan4,LS1,Evening,Set1,Draw1,5,col5,Evening|Set1|Draw1|col5,C,combined,1,2,1,1,5,2,5*,2,2,True,1,3,57,4
Michigan4,LS1,Evening,Set1,Draw1,5,col5,Evening|Set1|Draw1|col5,C,combined,1,2,1,1,5,3,*,1,1,True,1,3,57,4
Michigan4,LS1,Evening,Set1,Draw1,5,col5,Evening|Set1|Draw1|col5,D,own,1,2,1,1,5,0,536677*,7,5,False,1,4,29,5
Michigan4,LS1,Evening,Set1,Draw1,5,col5,Evening|Set1|Draw1|col5,D,own,1,2,1,1,5,1,53*,3,3,True,1,4,29,5
Michigan4,LS1,Evening,Set1,Draw1,5,col5,Evening|Set1|Draw1|col5,D,own,1,2,1,1,5,2,3*,2,2,True,1,4,29,5
Michigan4,LS1,Evening,Set1,Draw1,5,col5,Evening|Set1|Draw1|col5,D,own,1,2,1,1,5,3,3*,2,2,True,1,4,29,5
Michigan4,LS1,Evening,Set1,Draw1,5,col5,Evening|Set1|Draw1|col5,D,own,1,2,1,1,5,4,*,1,1,True,1,4,29,5
Michigan4,LS1,Evening,Set1,Draw1,5,col5,Evening|Set1|Draw1|col5,D,combined,1,2,1,1,5,0,536677*,7,5,False,1,3,57,4
Michigan4,LS1,Evening,Set1,Draw1,5,col5,Evening|Set1|Draw1|col5,D,combined,1,2,1,1,5,1,53*,3,3,True,1,3,57,4
Michigan4,LS1,Evening,Set1,Draw1,5,col5,Evening|Set1|Draw1|col5,D,combined,1,2,1,1,5,2,5*,2,2,True,1,3,57,4
Michigan4,LS1,Evening,Set1,Draw1,5,col5,Evening|Set1|Draw1|col5,D,combined,1,2,1,1,5,3,*,1,1,True,1,3,57,4
Michigan4,LS1,Evening,Set1,Draw1,5,col5,Evening|Set1|Draw1|col5,E,own,1,2,1,1,5,0,536677*,7,5,False,2,4,29,5
Michigan4,LS1,Evening,Set1,Draw1,5,col5,Evening|Set1|Draw1|col5,E,own,1,2,1,1,5,1,537*,4,4,False,2,4,29,5
Michigan4,LS1,Evening,Set1,Draw1,5,col5,Evening|Set1|Draw1|col5,E,own,1,2,1,1,5,2,37*,3,3,True,2,4,29,5
Michigan4,LS1,Evening,Set1,Draw1,5,col5,Evening|Set1|Draw1|col5,E,own,1,2,1,1,5,3,3*,2,2,True,2,4,29,5
Michigan4,LS1,Evening,Set1,Draw1,5,col5,Evening|Set1|Draw1|col5,E,own,1,2,1,1,5,4,*,1,1,True,2,4,29,5
Michigan4,LS1,Evening,Set1,Draw1,5,col5,Evening|Set1|Draw1|col5,E,combined,1,2,1,1,5,0,536677*,7,5,False,2,5,57,6
Michigan4,LS1,Evening,Set1,Draw1,5,col5,Evening|Set1|Draw1|col5,E,combined,1,2,1,1,5,1,537*,4,4,False,2,5,57,6
Michigan4,LS1,Evening,Set1,Draw1,5,col5,Evening|Set1|Draw1|col5,E,combined,1,2,1,1,5,2,57*,3,3,True,2,5,57,6
Michigan4,LS1,Evening,Set1,Draw1,5,col5,Evening|Set1|Draw1|col5,E,combined,1,2,1,1,5,3,7*,2,2,True,2,5,57,6
Michigan4,LS1,Evening,Set1,Draw1,5,col5,Evening|Set1|Draw1|col5,E,combined,1,2,1,1,5,4,7*,2,2,True,2,5,57,6
Michigan4,LS1,Evening,Set1,Draw1,5,col5,Evening|Set1|Draw1|col5,E,combined,1,2,1,1,5,5,*,1,1,True,2,5,57,6
Michigan4,LS1,Evening,Set1,Draw1,5,col5,Evening|Set1|Draw1|col5,T,own,1,2,1,1,5,0,536677*,7,5,False,1,4,29,5
Michigan4,LS1,Evening,Set1,Draw1,5,col5,Evening|Set1|Draw1|col5,T,own,1,2,1,1,5,1,53*,3,3,True,1,4,29,5
Michigan4,LS1,Evening,Set1,Draw1,5,col5,Evening|Set1|Draw1|col5,T,own,1,2,1,1,5,2,3*,2,2,True,1,4,29,5
Michigan4,LS1,Evening,Set1,Draw1,5,col5,Evening|Set1|Draw1|col5,T,own,1,2,1,1,5,3,3*,2,2,True,1,4,29,5
Michigan4,LS1,Evening,Set1,Draw1,5,col5,Evening|Set1|Draw1|col5,T,own,1,2,1,1,5,4,*,1,1,True,1,4,29,5
Michigan4,LS1,Evening,Set1,Draw1,5,col5,Evening|Set1|Draw1|col5,T,combined,1,2,1,1,5,0,536677*,7,5,False,1,3,57,4
Michigan4,LS1,Evening,Set1,Draw1,5,col5,Evening|Set1|Draw1|col5,T,combined,1,2,1,1,5,1,53*,3,3,True,1,3,57,4
Michigan4,LS1,Evening,Set1,Draw1,5,col5,Evening|Set1|Draw1|col5,T,combined,1,2,1,1,5,2,5*,2,2,True,1,3,57,4
Michigan4,LS1,Evening,Set1,Draw1,5,col5,Evening|Set1|Draw1|col5,T,combined,1,2,1,1,5,3,*,1,1,True,1,3,57,4
Michigan4,LS1,Evening,Set1,Draw1,4,col4,Evening|Set1|Draw1|col4,A,own,1,2,1,1,4,0,56677*,6,4,False,1,2,29,3
Michigan4,LS1,Evening,Set1,Draw1,4,col4,Evening|Set1|Draw1|col4,A,own,1,2,1,1,4,1,566*,4,3,True,1,2,29,3
Michigan4,LS1,Evening,Set1,Draw1,4,col4,Evening|Set1|Draw1|col4,A,own,1,2,1,1,4,2,*,1,1,True,1,2,29,3
Michigan4,LS1,Evening,Set1,Draw1,4,col4,Evening|Set1|Draw1|col4,A,combined,1,2,1,1,4,0,56677*,6,4,False,1,3,57,4
Michigan4,LS1,Evening,Set1,Draw1,4,col4,Evening|Set1|Draw1|col4,A,combined,1,2,1,1,4,1,566*,4,3,True,1,3,57,4
Michigan4,LS1,Evening,Set1,Draw1,4,col4,Evening|Set1|Draw1|col4,A,combined,1,2,1,1,4,2,566*,4,3,True,1,3,57,4
Michigan4,LS1,Evening,Set1,Draw1,4,col4,Evening|Set1|Draw1|col4,A,combined,1,2,1,1,4,3,*,1,1,True,1,3,57,4
Michigan4,LS1,Evening,Set1,Draw1,4,col4,Evening|Set1|Draw1|col4,B,own,1,2,1,1,4,0,56677*,6,4,False,1,2,29,3
Michigan4,LS1,Evening,Set1,Draw1,4,col4,Evening|Set1|Draw1|col4,B,own,1,2,1,1,4,1,5*,2,2,True,1,2,29,3
Michigan4,LS1,Evening,Set1,Draw1,4,col4,Evening|Set1|Draw1|col4,B,own,1,2,1,1,4,2,*,1,1,True,1,2,29,3
Michigan4,LS1,Evening,Set1,Draw1,4,col4,Evening|Set1|Draw1|col4,B,combined,1,2,1,1,4,0,56677*,6,4,False,1,3,57,4
Michigan4,LS1,Evening,Set1,Draw1,4,col4,Evening|Set1|Draw1|col4,B,combined,1,2,1,1,4,1,5*,2,2,True,1,3,57,4
Michigan4,LS1,Evening,Set1,Draw1,4,col4,Evening|Set1|Draw1|col4,B,combined,1,2,1,1,4,2,5*,2,2,True,1,3,57,4
Michigan4,LS1,Evening,Set1,Draw1,4,col4,Evening|Set1|Draw1|col4,B,combined,1,2,1,1,4,3,*,1,1,True,1,3,57,4
Michigan4,LS1,Evening,Set1,Draw1,4,col4,Evening|Set1|Draw1|col4,C,own,1,2,1,1,4,0,56677*,6,4,False,1,2,29,3
Michigan4,LS1,Evening,Set1,Draw1,4,col4,Evening|Set1|Draw1|col4,C,own,1,2,1,1,4,1,5*,2,2,True,1,2,29,3
Michigan4,LS1,Evening,Set1,Draw1,4,col4,Evening|Set1|Draw1|col4,C,own,1,2,1,1,4,2,*,1,1,True,1,2,29,3
Michigan4,LS1,Evening,Set1,Draw1,4,col4,Evening|Set1|Draw1|col4,C,combined,1,2,1,1,4,0,56677*,6,4,False,1,3,57,4
Michigan4,LS1,Evening,Set1,Draw1,4,col4,Evening|Set1|Draw1|col4,C,combined,1,2,1,1,4,1,5*,2,2,True,1,3,57,4
Michigan4,LS1,Evening,Set1,Draw1,4,col4,Evening|Set1|Draw1|col4,C,combined,1,2,1,1,4,2,5*,2,2,True,1,3,57,4
Michigan4,LS1,Evening,Set1,Draw1,4,col4,Evening|Set1|Draw1|col4,C,combined,1,2,1,1,4,3,*,1,1,True,1,3,57,4
Michigan4,LS1,Evening,Set1,Draw1,4,col4,Evening|Set1|Draw1|col4,D,own,1,2,1,1,4,0,56677*,6,4,False,1,2,29,3
Michigan4,LS1,Evening,Set1,Draw1,4,col4,Evening|Set1|Draw1|col4,D,own,1,2,1,1,4,1,5*,2,2,True,1,2,29,3
Michigan4,LS1,Evening,Set1,Draw1,4,col4,Evening|Set1|Draw1|col4,D,own,1,2,1,1,4,2,*,1,1,True,1,2,29,3
Michigan4,LS1,Evening,Set1,Draw1,4,col4,Evening|Set1|Draw1|col4,D,combined,1,2,1,1,4,0,56677*,6,4,False,1,3,57,4
Michigan4,LS1,Evening,Set1,Draw1,4,col4,Evening|Set1|Draw1|col4,D,combined,1,2,1,1,4,1,5*,2,2,True,1,3,57,4
Michigan4,LS1,Evening,Set1,Draw1,4,col4,Evening|Set1|Draw1|col4,D,combined,1,2,1,1,4,2,5*,2,2,True,1,3,57,4
Michigan4,LS1,Evening,Set1,Draw1,4,col4,Evening|Set1|Draw1|col4,D,combined,1,2,1,1,4,3,*,1,1,True,1,3,57,4
Michigan4,LS1,Evening,Set1,Draw1,4,col4,Evening|Set1|Draw1|col4,E,own,1,2,1,1,4,0,56677*,6,4,False,1,3,29,4
Michigan4,LS1,Evening,Set1,Draw1,4,col4,Evening|Set1|Draw1|col4,E,own,1,2,1,1,4,1,57*,3,3,True,1,3,29,4
Michigan4,LS1,Evening,Set1,Draw1,4,col4,Evening|Set1|Draw1|col4,E,own,1,2,1,1,4,2,7*,2,2,True,1,3,29,4
Michigan4,LS1,Evening,Set1,Draw1,4,col4,Evening|Set1|Draw1|col4,E,own,1,2,1,1,4,3,*,1,1,True,1,3,29,4
Michigan4,LS1,Evening,Set1,Draw1,4,col4,Evening|Set1|Draw1|col4,E,combined,1,2,1,1,4,0,56677*,6,4,False,1,5,57,6
Michigan4,LS1,Evening,Set1,Draw1,4,col4,Evening|Set1|Draw1|col4,E,combined,1,2,1,1,4,1,57*,3,3,True,1,5,57,6
Michigan4,LS1,Evening,Set1,Draw1,4,col4,Evening|Set1|Draw1|col4,E,combined,1,2,1,1,4,2,57*,3,3,True,1,5,57,6
Michigan4,LS1,Evening,Set1,Draw1,4,col4,Evening|Set1|Draw1|col4,E,combined,1,2,1,1,4,3,7*,2,2,True,1,5,57,6
Michigan4,LS1,Evening,Set1,Draw1,4,col4,Evening|Set1|Draw1|col4,E,combined,1,2,1,1,4,4,7*,2,2,True,1,5,57,6
Michigan4,LS1,Evening,Set1,Draw1,4,col4,Evening|Set1|Draw1|col4,E,combined,1,2,1,1,4,5,*,1,1,True,1,5,57,6
Michigan4,LS1,Evening,Set1,Draw1,4,col4,Evening|Set1|Draw1|col4,T,own,1,2,1,1,4,0,56677*,6,4,False,1,2,29,3
Michigan4,LS1,Evening,Set1,Draw1,4,col4,Evening|Set1|Draw1|col4,T,own,1,2,1,1,4,1,5*,2,2,True,1,2,29,3
Michigan4,LS1,Evening,Set1,Draw1,4,col4,Evening|Set1|Draw1|col4,T,own,1,2,1,1,4,2,*,1,1,True,1,2,29,3
Michigan4,LS1,Evening,Set1,Draw1,4,col4,Evening|Set1|Draw1|col4,T,combined,1,2,1,1,4,0,56677*,6,4,False,1,3,57,4
Michigan4,LS1,Evening,Set1,Draw1,4,col4,Evening|Set1|Draw1|col4,T,combined,1,2,1,1,4,1,5*,2,2,True,1,3,57,4
Michigan4,LS1,Evening,Set1,Draw1,4,col4,Evening|Set1|Draw1|col4,T,combined,1,2,1,1,4,2,5*,2,2,True,1,3,57,4
Michigan4,LS1,Evening,Set1,Draw1,4,col4,Evening|Set1|Draw1|col4,T,combined,1,2,1,1,4,3,*,1,1,True,1,3,57,4
Michigan4,LS1,Evening,Set1,Draw1,2,col2,Evening|Set1|Draw1|col2,A,own,1,2,1,1,2,0,077**,5,3,True,0,6,29,4
Michigan4,LS1,Evening,Set1,Draw1,2,col2,Evening|Set1|Draw1|col2,A,own,1,2,1,1,2,1,0**,3,2,True,0,6,29,4
Michigan4,LS1,Evening,Set1,Draw1,2,col2,Evening|Set1|Draw1|col2,A,own,1,2,1,1,2,2,0**,3,2,True,0,6,29,4
Michigan4,LS1,Evening,Set1,Draw1,2,col2,Evening|Set1|Draw1|col2,A,own,1,2,1,1,2,6,**,2,1,True,0,6,29,4
Michigan4,LS1,Evening,Set1,Draw1,2,col2,Evening|Set1|Draw1|col2,A,combined,1,2,1,1,2,0,077**,5,3,True,0,6,57,4
Michigan4,LS1,Evening,Set1,Draw1,2,col2,Evening|Set1|Draw1|col2,A,combined,1,2,1,1,2,1,0**,3,2,True,0,6,57,4
Michigan4,LS1,Evening,Set1,Draw1,2,col2,Evening|Set1|Draw1|col2,A,combined,1,2,1,1,2,2,0**,3,2,True,0,6,57,4
Michigan4,LS1,Evening,Set1,Draw1,2,col2,Evening|Set1|Draw1|col2,A,combined,1,2,1,1,2,6,**,2,1,True,0,6,57,4
Michigan4,LS1,Evening,Set1,Draw1,2,col2,Evening|Set1|Draw1|col2,B,own,1,2,1,1,2,0,077**,5,3,True,0,2,29,3
Michigan4,LS1,Evening,Set1,Draw1,2,col2,Evening|Set1|Draw1|col2,B,own,1,2,1,1,2,1,0**,3,2,True,0,2,29,3
Michigan4,LS1,Evening,Set1,Draw1,2,col2,Evening|Set1|Draw1|col2,B,own,1,2,1,1,2,2,**,2,1,True,0,2,29,3
Michigan4,LS1,Evening,Set1,Draw1,2,col2,Evening|Set1|Draw1|col2,B,combined,1,2,1,1,2,0,077**,5,3,True,0,3,57,4
Michigan4,LS1,Evening,Set1,Draw1,2,col2,Evening|Set1|Draw1|col2,B,combined,1,2,1,1,2,1,0**,3,2,True,0,3,57,4
Michigan4,LS1,Evening,Set1,Draw1,2,col2,Evening|Set1|Draw1|col2,B,combined,1,2,1,1,2,2,0**,3,2,True,0,3,57,4
Michigan4,LS1,Evening,Set1,Draw1,2,col2,Evening|Set1|Draw1|col2,B,combined,1,2,1,1,2,3,**,2,1,True,0,3,57,4
Michigan4,LS1,Evening,Set1,Draw1,2,col2,Evening|Set1|Draw1|col2,C,own,1,2,1,1,2,0,077**,5,3,True,0,2,29,3
Michigan4,LS1,Evening,Set1,Draw1,2,col2,Evening|Set1|Draw1|col2,C,own,1,2,1,1,2,1,0**,3,2,True,0,2,29,3
Michigan4,LS1,Evening,Set1,Draw1,2,col2,Evening|Set1|Draw1|col2,C,own,1,2,1,1,2,2,**,2,1,True,0,2,29,3
Michigan4,LS1,Evening,Set1,Draw1,2,col2,Evening|Set1|Draw1|col2,C,combined,1,2,1,1,2,0,077**,5,3,True,0,3,57,4
Michigan4,LS1,Evening,Set1,Draw1,2,col2,Evening|Set1|Draw1|col2,C,combined,1,2,1,1,2,1,0**,3,2,True,0,3,57,4
Michigan4,LS1,Evening,Set1,Draw1,2,col2,Evening|Set1|Draw1|col2,C,combined,1,2,1,1,2,2,0**,3,2,True,0,3,57,4
Michigan4,LS1,Evening,Set1,Draw1,2,col2,Evening|Set1|Draw1|col2,C,combined,1,2,1,1,2,3,**,2,1,True,0,3,57,4
Michigan4,LS1,Evening,Set1,Draw1,2,col2,Evening|Set1|Draw1|col2,D,own,1,2,1,1,2,0,077**,5,3,True,0,2,29,3
Michigan4,LS1,Evening,Set1,Draw1,2,col2,Evening|Set1|Draw1|col2,D,own,1,2,1,1,2,1,0**,3,2,True,0,2,29,3
Michigan4,LS1,Evening,Set1,Draw1,2,col2,Evening|Set1|Draw1|col2,D,own,1,2,1,1,2,2,**,2,1,True,0,2,29,3
Michigan4,LS1,Evening,Set1,Draw1,2,col2,Evening|Set1|Draw1|col2,D,combined,1,2,1,1,2,0,077**,5,3,True,0,3,57,4
Michigan4,LS1,Evening,Set1,Draw1,2,col2,Evening|Set1|Draw1|col2,D,combined,1,2,1,1,2,1,0**,3,2,True,0,3,57,4
Michigan4,LS1,Evening,Set1,Draw1,2,col2,Evening|Set1|Draw1|col2,D,combined,1,2,1,1,2,2,0**,3,2,True,0,3,57,4
Michigan4,LS1,Evening,Set1,Draw1,2,col2,Evening|Set1|Draw1|col2,D,combined,1,2,1,1,2,3,**,2,1,True,0,3,57,4
Michigan4,LS1,Evening,Set1,Draw1,2,col2,Evening|Set1|Draw1|col2,E,own,1,2,1,1,2,0,077**,5,3,True,0,3,29,4
Michigan4,LS1,Evening,Set1,Draw1,2,col2,Evening|Set1|Draw1|col2,E,own,1,2,1,1,2,1,07**,4,3,True,0,3,29,4
Michigan4,LS1,Evening,Set1,Draw1,2,col2,Evening|Set1|Draw1|col2,E,own,1,2,1,1,2,2,7**,3,2,True,0,3,29,4
Michigan4,LS1,Evening,Set1,Draw1,2,col2,Evening|Set1|Draw1|col2,E,own,1,2,1,1,2,3,**,2,1,True,0,3,29,4
Michigan4,LS1,Evening,Set1,Draw1,2,col2,Evening|Set1|Draw1|col2,E,combined,1,2,1,1,2,0,077**,5,3,True,0,5,57,6
Michigan4,LS1,Evening,Set1,Draw1,2,col2,Evening|Set1|Draw1|col2,E,combined,1,2,1,1,2,1,07**,4,3,True,0,5,57,6
Michigan4,LS1,Evening,Set1,Draw1,2,col2,Evening|Set1|Draw1|col2,E,combined,1,2,1,1,2,2,07**,4,3,True,0,5,57,6
Michigan4,LS1,Evening,Set1,Draw1,2,col2,Evening|Set1|Draw1|col2,E,combined,1,2,1,1,2,3,7**,3,2,True,0,5,57,6
Michigan4,LS1,Evening,Set1,Draw1,2,col2,Evening|Set1|Draw1|col2,E,combined,1,2,1,1,2,4,7**,3,2,True,0,5,57,6
Michigan4,LS1,Evening,Set1,Draw1,2,col2,Evening|Set1|Draw1|col2,E,combined,1,2,1,1,2,5,**,2,1,True,0,5,57,6
Michigan4,LS1,Evening,Set1,Draw1,2,col2,Evening|Set1|Draw1|col2,T,own,1,2,1,1,2,0,077**,5,3,True,0,6,29,4
Michigan4,LS1,Evening,Set1,Draw1,2,col2,Evening|Set1|Draw1|col2,T,own,1,2,1,1,2,1,0**,3,2,True,0,6,29,4
Michigan4,LS1,Evening,Set1,Draw1,2,col2,Evening|Set1|Draw1|col2,T,own,1,2,1,1,2,2,0**,3,2,True,0,6,29,4
Michigan4,LS1,Evening,Set1,Draw1,2,col2,Evening|Set1|Draw1|col2,T,own,1,2,1,1,2,6,**,2,1,True,0,6,29,4
Michigan4,LS1,Evening,Set1,Draw1,2,col2,Evening|Set1|Draw1|col2,T,combined,1,2,1,1,2,0,077**,5,3,True,0,6,57,4
Michigan4,LS1,Evening,Set1,Draw1,2,col2,Evening|Set1|Draw1|col2,T,combined,1,2,1,1,2,1,0**,3,2,True,0,6,57,4
Michigan4,LS1,Evening,Set1,Draw1,2,col2,Evening|Set1|Draw1|col2,T,combined,1,2,1,1,2,2,0**,3,2,True,0,6,57,4
Michigan4,LS1,Evening,Set1,Draw1,2,col2,Evening|Set1|Draw1|col2,T,combined,1,2,1,1,2,6,**,2,1,True,0,6,57,4
Michigan4,LS1,Evening,Set1,Draw2,6,col6,Evening|Set1|Draw2|col6,A,own,1,2,1,2,6,0,55924336677,11,7,False,3,7,8,7
Michigan4,LS1,Evening,Set1,Draw2,6,col6,Evening|Set1|Draw2|col6,A,own,1,2,1,2,6,1,559243366,9,6,False,3,7,8,7
Michigan4,LS1,Evening,Set1,Draw2,6,col6,Evening|Set1|Draw2|col6,A,own,1,2,1,2,6,2,92433,5,4,False,3,7,8,7
Michigan4,LS1,Evening,Set1,Draw2,6,col6,Evening|Set1|Draw2|col6,A,own,1,2,1,2,6,3,9433,4,3,True,3,7,8,7
Michigan4,LS1,Evening,Set1,Draw2,6,col6,Evening|Set1|Draw2|col6,A,own,1,2,1,2,6,4,4,1,1,True,3,7,8,7
Michigan4,LS1,Evening,Set1,Draw2,6,col6,Evening|Set1|Draw2|col6,A,own,1,2,1,2,6,5,4,1,1,True,3,7,8,7
Michigan4,LS1,Evening,Set1,Draw2,6,col6,Evening|Set1|Draw2|col6,A,own,1,2,1,2,6,7,,0,0,False,3,7,8,7
Michigan4,LS1,Evening,Set1,Draw2,6,col6,Evening|Set1|Draw2|col6,A,combined,1,2,1,2,6,0,55924336677,11,7,False,3,6,7,7
Michigan4,LS1,Evening,Set1,Draw2,6,col6,Evening|Set1|Draw2|col6,A,combined,1,2,1,2,6,1,559243366,9,6,False,3,6,7,7
Michigan4,LS1,Evening,Set1,Draw2,6,col6,Evening|Set1|Draw2|col6,A,combined,1,2,1,2,6,2,552466,6,4,False,3,6,7,7
Michigan4,LS1,Evening,Set1,Draw2,6,col6,Evening|Set1|Draw2|col6,A,combined,1,2,1,2,6,3,24,2,2,True,3,6,7,7
Michigan4,LS1,Evening,Set1,Draw2,6,col6,Evening|Set1|Draw2|col6,A,combined,1,2,1,2,6,4,24,2,2,True,3,6,7,7
Michigan4,LS1,Evening,Set1,Draw2,6,col6,Evening|Set1|Draw2|col6,A,combined,1,2,1,2,6,5,4,1,1,True,3,6,7,7
Michigan4,LS1,Evening,Set1,Draw2,6,col6,Evening|Set1|Draw2|col6,A,combined,1,2,1,2,6,6,,0,0,False,3,6,7,7
Michigan4,LS1,Evening,Set1,Draw2,6,col6,Evening|Set1|Draw2|col6,B,own,1,2,1,2,6,0,55924336677,11,7,False,3,5,6,6
Michigan4,LS1,Evening,Set1,Draw2,6,col6,Evening|Set1|Draw2|col6,B,own,1,2,1,2,6,1,5592433,7,5,False,3,5,6,6
Michigan4,LS1,Evening,Set1,Draw2,6,col6,Evening|Set1|Draw2|col6,B,own,1,2,1,2,6,2,92433,5,4,False,3,5,6,6
Michigan4,LS1,Evening,Set1,Draw2,6,col6,Evening|Set1|Draw2|col6,B,own,1,2,1,2,6,3,9433,4,3,True,3,5,6,6
Michigan4,LS1,Evening,Set1,Draw2,6,col6,Evening|Set1|Draw2|col6,B,own,1,2,1,2,6,4,4,1,1,True,3,5,6,6
Michigan4,LS1,Evening,Set1,Draw2,6,col6,Evening|Set1|Draw2|col6,B,own,1,2,1,2,6,5,,0,0,False,3,5,6,6
Michigan4,LS1,Evening,Set1,Draw2,6,col6,Evening|Set1|Draw2|col6,B,combined,1,2,1,2,6,0,55924336677,11,7,False,2,6,7,7
Michigan4,LS1,Evening,Set1,Draw2,6,col6,Evening|Set1|Draw2|col6,B,combined,1,2,1,2,6,1,5592433,7,5,False,2,6,7,7
Michigan4,LS1,Evening,Set1,Draw2,6,col6,Evening|Set1|Draw2|col6,B,combined,1,2,1,2,6,2,5524,4,3,True,2,6,7,7
Michigan4,LS1,Evening,Set1,Draw2,6,col6,Evening|Set1|Draw2|col6,B,combined,1,2,1,2,6,3,24,2,2,True,2,6,7,7
Michigan4,LS1,Evening,Set1,Draw2,6,col6,Evening|Set1|Draw2|col6,B,combined,1,2,1,2,6,4,24,2,2,True,2,6,7,7
Michigan4,LS1,Evening,Set1,Draw2,6,col6,Evening|Set1|Draw2|col6,B,combined,1,2,1,2,6,5,4,1,1,True,2,6,7,7
Michigan4,LS1,Evening,Set1,Draw2,6,col6,Evening|Set1|Draw2|col6,B,combined,1,2,1,2,6,6,,0,0,False,2,6,7,7
Michigan4,LS1,Evening,Set1,Draw2,6,col6,Evening|Set1|Draw2|col6,C,own,1,2,1,2,6,0,55924336677,11,7,False,2,4,5,5
Michigan4,LS1,Evening,Set1,Draw2,6,col6,Evening|Set1|Draw2|col6,C,own,1,2,1,2,6,1,559433,6,4,False,2,4,5,5
Michigan4,LS1,Evening,Set1,Draw2,6,col6,Evening|Set1|Draw2|col6,C,own,1,2,1,2,6,2,9433,4,3,True,2,4,5,5
Michigan4,LS1,Evening,Set1,Draw2,6,col6,Evening|Set1|Draw2|col6,C,own,1,2,1,2,6,3,9433,4,3,True,2,4,5,5
Michigan4,LS1,Evening,Set1,Draw2,6,col6,Evening|Set1|Draw2|col6,C,own,1,2,1,2,6,4,,0,0,False,2,4,5,5
Michigan4,LS1,Evening,Set1,Draw2,6,col6,Evening|Set1|Draw2|col6,C,combined,1,2,1,2,6,0,55924336677,11,7,False,2,3,4,4
Michigan4,LS1,Evening,Set1,Draw2,6,col6,Evening|Set1|Draw2|col6,C,combined,1,2,1,2,6,1,559433,6,4,False,2,3,4,4
Michigan4,LS1,Evening,Set1,Draw2,6,col6,Evening|Set1|Draw2|col6,C,combined,1,2,1,2,6,2,55,2,1,True,2,3,4,4
Michigan4,LS1,Evening,Set1,Draw2,6,col6,Evening|Set1|Draw2|col6,C,combined,1,2,1,2,6,3,,0,0,False,2,3,4,4
Michigan4,LS1,Evening,Set1,Draw2,6,col6,Evening|Set1|Draw2|col6,D,own,1,2,1,2,6,0,55924336677,11,7,False,2,4,5,5
Michigan4,LS1,Evening,Set1,Draw2,6,col6,Evening|Set1|Draw2|col6,D,own,1,2,1,2,6,1,559433,6,4,False,2,4,5,5
Michigan4,LS1,Evening,Set1,Draw2,6,col6,Evening|Set1|Draw2|col6,D,own,1,2,1,2,6,2,9433,4,3,True,2,4,5,5
Michigan4,LS1,Evening,Set1,Draw2,6,col6,Evening|Set1|Draw2|col6,D,own,1,2,1,2,6,3,9433,4,3,True,2,4,5,5
Michigan4,LS1,Evening,Set1,Draw2,6,col6,Evening|Set1|Draw2|col6,D,own,1,2,1,2,6,4,,0,0,False,2,4,5,5
Michigan4,LS1,Evening,Set1,Draw2,6,col6,Evening|Set1|Draw2|col6,D,combined,1,2,1,2,6,0,55924336677,11,7,False,2,3,4,4
Michigan4,LS1,Evening,Set1,Draw2,6,col6,Evening|Set1|Draw2|col6,D,combined,1,2,1,2,6,1,559433,6,4,False,2,3,4,4
Michigan4,LS1,Evening,Set1,Draw2,6,col6,Evening|Set1|Draw2|col6,D,combined,1,2,1,2,6,2,55,2,1,True,2,3,4,4
Michigan4,LS1,Evening,Set1,Draw2,6,col6,Evening|Set1|Draw2|col6,D,combined,1,2,1,2,6,3,,0,0,False,2,3,4,4
Michigan4,LS1,Evening,Set1,Draw2,6,col6,Evening|Set1|Draw2|col6,E,own,1,2,1,2,6,0,55924336677,11,7,False,4,6,7,7
Michigan4,LS1,Evening,Set1,Draw2,6,col6,Evening|Set1|Draw2|col6,E,own,1,2,1,2,6,1,55924337,8,6,False,4,6,7,7
Michigan4,LS1,Evening,Set1,Draw2,6,col6,Evening|Set1|Draw2|col6,E,own,1,2,1,2,6,2,5924337,7,6,False,4,6,7,7
Michigan4,LS1,Evening,Set1,Draw2,6,col6,Evening|Set1|Draw2|col6,E,own,1,2,1,2,6,3,594337,6,5,False,4,6,7,7
Michigan4,LS1,Evening,Set1,Draw2,6,col6,Evening|Set1|Draw2|col6,E,own,1,2,1,2,6,4,547,3,3,True,4,6,7,7
Michigan4,LS1,Evening,Set1,Draw2,6,col6,Evening|Set1|Draw2|col6,E,own,1,2,1,2,6,5,5,1,1,True,4,6,7,7
Michigan4,LS1,Evening,Set1,Draw2,6,col6,Evening|Set1|Draw2|col6,E,own,1,2,1,2,6,6,,0,0,False,4,6,7,7
Michigan4,LS1,Evening,Set1,Draw2,6,col6,Evening|Set1|Draw2|col6,E,combined,1,2,1,2,6,0,55924336677,11,7,False,5,9,10,9
Michigan4,LS1,Evening,Set1,Draw2,6,col6,Evening|Set1|Draw2|col6,E,combined,1,2,1,2,6,1,55924337,8,6,False,5,9,10,9
Michigan4,LS1,Evening,Set1,Draw2,6,col6,Evening|Set1|Draw2|col6,E,combined,1,2,1,2,6,2,552437,6,5,False,5,9,10,9
Michigan4,LS1,Evening,Set1,Draw2,6,col6,Evening|Set1|Draw2|col6,E,combined,1,2,1,2,6,3,52437,5,5,False,5,9,10,9
Michigan4,LS1,Evening,Set1,Draw2,6,col6,Evening|Set1|Draw2|col6,E,combined,1,2,1,2,6,4,2437,4,4,False,5,9,10,9
Michigan4,LS1,Evening,Set1,Draw2,6,col6,Evening|Set1|Draw2|col6,E,combined,1,2,1,2,6,5,437,3,3,True,5,9,10,9
Michigan4,LS1,Evening,Set1,Draw2,6,col6,Evening|Set1|Draw2|col6,E,combined,1,2,1,2,6,6,7,1,1,True,5,9,10,9
Michigan4,LS1,Evening,Set1,Draw2,6,col6,Evening|Set1|Draw2|col6,E,combined,1,2,1,2,6,7,7,1,1,True,5,9,10,9
Michigan4,LS1,Evening,Set1,Draw2,6,col6,Evening|Set1|Draw2|col6,E,combined,1,2,1,2,6,9,,0,0,False,5,9,10,9
Michigan4,LS1,Evening,Set1,Draw2,6,col6,Evening|Set1|Draw2|col6,T,own,1,2,1,2,6,0,55924336677,11,7,False,2,7,8,7
Michigan4,LS1,Evening,Set1,Draw2,6,col6,Evening|Set1|Draw2|col6,T,own,1,2,1,2,6,1,559433,6,4,False,2,7,8,7
Michigan4,LS1,Evening,Set1,Draw2,6,col6,Evening|Set1|Draw2|col6,T,own,1,2,1,2,6,2,9433,4,3,True,2,7,8,7
Michigan4,LS1,Evening,Set1,Draw2,6,col6,Evening|Set1|Draw2|col6,T,own,1,2,1,2,6,3,9433,4,3,True,2,7,8,7
Michigan4,LS1,Evening,Set1,Draw2,6,col6,Evening|Set1|Draw2|col6,T,own,1,2,1,2,6,4,4,1,1,True,2,7,8,7
Michigan4,LS1,Evening,Set1,Draw2,6,col6,Evening|Set1|Draw2|col6,T,own,1,2,1,2,6,5,4,1,1,True,2,7,8,7
Michigan4,LS1,Evening,Set1,Draw2,6,col6,Evening|Set1|Draw2|col6,T,own,1,2,1,2,6,7,,0,0,False,2,7,8,7
Michigan4,LS1,Evening,Set1,Draw2,6,col6,Evening|Set1|Draw2|col6,T,combined,1,2,1,2,6,0,55924336677,11,7,False,2,6,7,6
Michigan4,LS1,Evening,Set1,Draw2,6,col6,Evening|Set1|Draw2|col6,T,combined,1,2,1,2,6,1,559433,6,4,False,2,6,7,6
Michigan4,LS1,Evening,Set1,Draw2,6,col6,Evening|Set1|Draw2|col6,T,combined,1,2,1,2,6,2,554,3,2,True,2,6,7,6
Michigan4,LS1,Evening,Set1,Draw2,6,col6,Evening|Set1|Draw2|col6,T,combined,1,2,1,2,6,3,4,1,1,True,2,6,7,6
Michigan4,LS1,Evening,Set1,Draw2,6,col6,Evening|Set1|Draw2|col6,T,combined,1,2,1,2,6,4,4,1,1,True,2,6,7,6
Michigan4,LS1,Evening,Set1,Draw2,6,col6,Evening|Set1|Draw2|col6,T,combined,1,2,1,2,6,6,,0,0,False,2,6,7,6
Michigan4,LS1,Evening,Set1,Draw2,5,col5,Evening|Set1|Draw2|col5,A,own,1,2,1,2,5,0,55436677,8,5,False,2,7,8,7
Michigan4,LS1,Evening,Set1,Draw2,5,col5,Evening|Set1|Draw2|col5,A,own,1,2,1,2,5,1,554366,6,4,False,2,7,8,7
Michigan4,LS1,Evening,Set1,Draw2,5,col5,Evening|Set1|Draw2|col5,A,own,1,2,1,2,5,2,43,2,2,True,2,7,8,7
Michigan4,LS1,Evening,Set1,Draw2,5,col5,Evening|Set1|Draw2|col5,A,own,1,2,1,2,5,3,43,2,2,True,2,7,8,7
Michigan4,LS1,Evening,Set1,Draw2,5,col5,Evening|Set1|Draw2|col5,A,own,1,2,1,2,5,4,4,1,1,True,2,7,8,7
Michigan4,LS1,Evening,Set1,Draw2,5,col5,Evening|Set1|Draw2|col5,A,own,1,2,1,2,5,5,4,1,1,True,2,7,8,7
Michigan4,LS1,Evening,Set1,Draw2,5,col5,Evening|Set1|Draw2|col5,A,own,1,2,1,2,5,7,,0,0,False,2,7,8,7
Michigan4,LS1,Evening,Set1,Draw2,5,col5,Evening|Set1|Draw2|col5,A,combined,1,2,1,2,5,0,55436677,8,5,False,2,6,7,6
Michigan4,LS1,Evening,Set1,Draw2,5,col5,Evening|Set1|Draw2|col5,A,combined,1,2,1,2,5,1,554366,6,4,False,2,6,7,6
Michigan4,LS1,Evening,Set1,Draw2,5,col5,Evening|Set1|Draw2|col5,A,combined,1,2,1,2,5,2,55466,5,3,True,2,6,7,6
Michigan4,LS1,Evening,Set1,Draw2,5,col5,Evening|Set1|Draw2|col5,A,combined,1,2,1,2,5,3,4,1,1,True,2,6,7,6
Michigan4,LS1,Evening,Set1,Draw2,5,col5,Evening|Set1|Draw2|col5,A,combined,1,2,1,2,5,4,4,1,1,True,2,6,7,6
Michigan4,LS1,Evening,Set1,Draw2,5,col5,Evening|Set1|Draw2|col5,A,combined,1,2,1,2,5,6,,0,0,False,2,6,7,6
Michigan4,LS1,Evening,Set1,Draw2,5,col5,Evening|Set1|Draw2|col5,B,own,1,2,1,2,5,0,55436677,8,5,False,1,4,5,5
Michigan4,LS1,Evening,Set1,Draw2,5,col5,Evening|Set1|Draw2|col5,B,own,1,2,1,2,5,1,5543,4,3,True,1,4,5,5
Michigan4,LS1,Evening,Set1,Draw2,5,col5,Evening|Set1|Draw2|col5,B,own,1,2,1,2,5,2,43,2,2,True,1,4,5,5
Michigan4,LS1,Evening,Set1,Draw2,5,col5,Evening|Set1|Draw2|col5,B,own,1,2,1,2,5,3,43,2,2,True,1,4,5,5
Michigan4,LS1,Evening,Set1,Draw2,5,col5,Evening|Set1|Draw2|col5,B,own,1,2,1,2,5,4,,0,0,False,1,4,5,5
Michigan4,LS1,Evening,Set1,Draw2,5,col5,Evening|Set1|Draw2|col5,B,combined,1,2,1,2,5,0,55436677,8,5,False,1,3,4,4
Michigan4,LS1,Evening,Set1,Draw2,5,col5,Evening|Set1|Draw2|col5,B,combined,1,2,1,2,5,1,5543,4,3,True,1,3,4,4
Michigan4,LS1,Evening,Set1,Draw2,5,col5,Evening|Set1|Draw2|col5,B,combined,1,2,1,2,5,2,55,2,1,True,1,3,4,4
Michigan4,LS1,Evening,Set1,Draw2,5,col5,Evening|Set1|Draw2|col5,B,combined,1,2,1,2,5,3,,0,0,False,1,3,4,4
Michigan4,LS1,Evening,Set1,Draw2,5,col5,Evening|Set1|Draw2|col5,C,own,1,2,1,2,5,0,55436677,8,5,False,1,4,5,5
Michigan4,LS1,Evening,Set1,Draw2,5,col5,Evening|Set1|Draw2|col5,C,own,1,2,1,2,5,1,5543,4,3,True,1,4,5,5
Michigan4,LS1,Evening,Set1,Draw2,5,col5,Evening|Set1|Draw2|col5,C,own,1,2,1,2,5,2,43,2,2,True,1,4,5,5
Michigan4,LS1,Evening,Set1,Draw2,5,col5,Evening|Set1|Draw2|col5,C,own,1,2,1,2,5,3,43,2,2,True,1,4,5,5
Michigan4,LS1,Evening,Set1,Draw2,5,col5,Evening|Set1|Draw2|col5,C,own,1,2,1,2,5,4,,0,0,False,1,4,5,5
Michigan4,LS1,Evening,Set1,Draw2,5,col5,Evening|Set1|Draw2|col5,C,combined,1,2,1,2,5,0,55436677,8,5,False,1,3,4,4
Michigan4,LS1,Evening,Set1,Draw2,5,col5,Evening|Set1|Draw2|col5,C,combined,1,2,1,2,5,1,5543,4,3,True,1,3,4,4
Michigan4,LS1,Evening,Set1,Draw2,5,col5,Evening|Set1|Draw2|col5,C,combined,1,2,1,2,5,2,55,2,1,True,1,3,4,4
Michigan4,LS1,Evening,Set1,Draw2,5,col5,Evening|Set1|Draw2|col5,C,combined,1,2,1,2,5,3,,0,0,False,1,3,4,4
Michigan4,LS1,Evening,Set1,Draw2,5,col5,Evening|Set1|Draw2|col5,D,own,1,2,1,2,5,0,55436677,8,5,False,1,4,5,5
Michigan4,LS1,Evening,Set1,Draw2,5,col5,Evening|Set1|Draw2|col5,D,own,1,2,1,2,5,1,5543,4,3,True,1,4,5,5
Michigan4,LS1,Evening,Set1,Draw2,5,col5,Evening|Set1|Draw2|col5,D,own,1,2,1,2,5,2,43,2,2,True,1,4,5,5
Michigan4,LS1,Evening,Set1,Draw2,5,col5,Evening|Set1|Draw2|col5,D,own,1,2,1,2,5,3,43,2,2,True,1,4,5,5
Michigan4,LS1,Evening,Set1,Draw2,5,col5,Evening|Set1|Draw2|col5,D,own,1,2,1,2,5,4,,0,0,False,1,4,5,5
Michigan4,LS1,Evening,Set1,Draw2,5,col5,Evening|Set1|Draw2|col5,D,combined,1,2,1,2,5,0,55436677,8,5,False,1,3,4,4
Michigan4,LS1,Evening,Set1,Draw2,5,col5,Evening|Set1|Draw2|col5,D,combined,1,2,1,2,5,1,5543,4,3,True,1,3,4,4
Michigan4,LS1,Evening,Set1,Draw2,5,col5,Evening|Set1|Draw2|col5,D,combined,1,2,1,2,5,2,55,2,1,True,1,3,4,4
Michigan4,LS1,Evening,Set1,Draw2,5,col5,Evening|Set1|Draw2|col5,D,combined,1,2,1,2,5,3,,0,0,False,1,3,4,4
Michigan4,LS1,Evening,Set1,Draw2,5,col5,Evening|Set1|Draw2|col5,E,own,1,2,1,2,5,0,55436677,8,5,False,3,6,7,7
Michigan4,LS1,Evening,Set1,Draw2,5,col5,Evening|Set1|Draw2|col5,E,own,1,2,1,2,5,1,55437,5,4,False,3,6,7,7
Michigan4,LS1,Evening,Set1,Draw2,5,col5,Evening|Set1|Draw2|col5,E,own,1,2,1,2,5,2,5437,4,4,False,3,6,7,7
Michigan4,LS1,Evening,Set1,Draw2,5,col5,Evening|Set1|Draw2|col5,E,own,1,2,1,2,5,3,543,3,3,True,3,6,7,7
Michigan4,LS1,Evening,Set1,Draw2,5,col5,Evening|Set1|Draw2|col5,E,own,1,2,1,2,5,4,5,1,1,True,3,6,7,7
Michigan4,LS1,Evening,Set1,Draw2,5,col5,Evening|Set1|Draw2|col5,E,own,1,2,1,2,5,5,5,1,1,True,3,6,7,7
Michigan4,LS1,Evening,Set1,Draw2,5,col5,Evening|Set1|Draw2|col5,E,own,1,2,1,2,5,6,,0,0,False,3,6,7,7
Michigan4,LS1,Evening,Set1,Draw2,5,col5,Evening|Set1|Draw2|col5,E,combined,1,2,1,2,5,0,55436677,8,5,False,2,5,6,6
Michigan4,LS1,Evening,Set1,Draw2,5,col5,Evening|Set1|Draw2|col5,E,combined,1,2,1,2,5,1,55437,5,4,False,2,5,6,6
Michigan4,LS1,Evening,Set1,Draw2,5,col5,Evening|Set1|Draw2|col5,E,combined,1,2,1,2,5,2,557,3,2,True,2,5,6,6
Michigan4,LS1,Evening,Set1,Draw2,5,col5,Evening|Set1|Draw2|col5,E,combined,1,2,1,2,5,3,57,2,2,True,2,5,6,6
Michigan4,LS1,Evening,Set1,Draw2,5,col5,Evening|Set1|Draw2|col5,E,combined,1,2,1,2,5,4,7,1,1,True,2,5,6,6
Michigan4,LS1,Evening,Set1,Draw2,5,col5,Evening|Set1|Draw2|col5,E,combined,1,2,1,2,5,5,,0,0,False,2,5,6,6
Michigan4,LS1,Evening,Set1,Draw2,5,col5,Evening|Set1|Draw2|col5,T,own,1,2,1,2,5,0,55436677,8,5,False,1,7,8,7
Michigan4,LS1,Evening,Set1,Draw2,5,col5,Evening|Set1|Draw2|col5,T,own,1,2,1,2,5,1,5543,4,3,True,1,7,8,7
Michigan4,LS1,Evening,Set1,Draw2,5,col5,Evening|Set1|Draw2|col5,T,own,1,2,1,2,5,2,43,2,2,True,1,7,8,7
Michigan4,LS1,Evening,Set1,Draw2,5,col5,Evening|Set1|Draw2|col5,T,own,1,2,1,2,5,3,43,2,2,True,1,7,8,7
Michigan4,LS1,Evening,Set1,Draw2,5,col5,Evening|Set1|Draw2|col5,T,own,1,2,1,2,5,4,4,1,1,True,1,7,8,7
Michigan4,LS1,Evening,Set1,Draw2,5,col5,Evening|Set1|Draw2|col5,T,own,1,2,1,2,5,5,4,1,1,True,1,7,8,7
Michigan4,LS1,Evening,Set1,Draw2,5,col5,Evening|Set1|Draw2|col5,T,own,1,2,1,2,5,7,,0,0,False,1,7,8,7
Michigan4,LS1,Evening,Set1,Draw2,5,col5,Evening|Set1|Draw2|col5,T,combined,1,2,1,2,5,0,55436677,8,5,False,1,6,7,6
Michigan4,LS1,Evening,Set1,Draw2,5,col5,Evening|Set1|Draw2|col5,T,combined,1,2,1,2,5,1,5543,4,3,True,1,6,7,6
Michigan4,LS1,Evening,Set1,Draw2,5,col5,Evening|Set1|Draw2|col5,T,combined,1,2,1,2,5,2,554,3,2,True,1,6,7,6
Michigan4,LS1,Evening,Set1,Draw2,5,col5,Evening|Set1|Draw2|col5,T,combined,1,2,1,2,5,3,4,1,1,True,1,6,7,6
Michigan4,LS1,Evening,Set1,Draw2,5,col5,Evening|Set1|Draw2|col5,T,combined,1,2,1,2,5,4,4,1,1,True,1,6,7,6
Michigan4,LS1,Evening,Set1,Draw2,5,col5,Evening|Set1|Draw2|col5,T,combined,1,2,1,2,5,6,,0,0,False,1,6,7,6
Michigan4,LS1,Evening,Set1,Draw2,4,col4,Evening|Set1|Draw2|col4,A,own,1,2,1,2,4,0,5546677*,8,5,False,2,7,29,5
Michigan4,LS1,Evening,Set1,Draw2,4,col4,Evening|Set1|Draw2|col4,A,own,1,2,1,2,4,1,55466*,6,4,False,2,7,29,5
Michigan4,LS1,Evening,Set1,Draw2,4,col4,Evening|Set1|Draw2|col4,A,own,1,2,1,2,4,2,4*,2,2,True,2,7,29,5
Michigan4,LS1,Evening,Set1,Draw2,4,col4,Evening|Set1|Draw2|col4,A,own,1,2,1,2,4,3,4*,2,2,True,2,7,29,5
Michigan4,LS1,Evening,Set1,Draw2,4,col4,Evening|Set1|Draw2|col4,A,own,1,2,1,2,4,7,*,1,1,True,2,7,29,5
Michigan4,LS1,Evening,Set1,Draw2,4,col4,Evening|Set1|Draw2|col4,A,combined,1,2,1,2,4,0,5546677*,8,5,False,3,6,57,6
Michigan4,LS1,Evening,Set1,Draw2,4,col4,Evening|Set1|Draw2|col4,A,combined,1,2,1,2,4,1,55466*,6,4,False,3,6,57,6
Michigan4,LS1,Evening,Set1,Draw2,4,col4,Evening|Set1|Draw2|col4,A,combined,1,2,1,2,4,2,55466*,6,4,False,3,6,57,6
Michigan4,LS1,Evening,Set1,Draw2,4,col4,Evening|Set1|Draw2|col4,A,combined,1,2,1,2,4,3,4*,2,2,True,3,6,57,6
Michigan4,LS1,Evening,Set1,Draw2,4,col4,Evening|Set1|Draw2|col4,A,combined,1,2,1,2,4,4,4*,2,2,True,3,6,57,6
Michigan4,LS1,Evening,Set1,Draw2,4,col4,Evening|Set1|Draw2|col4,A,combined,1,2,1,2,4,6,*,1,1,True,3,6,57,6
Michigan4,LS1,Evening,Set1,Draw2,4,col4,Evening|Set1|Draw2|col4,B,own,1,2,1,2,4,0,5546677*,8,5,False,1,4,29,5
Michigan4,LS1,Evening,Set1,Draw2,4,col4,Evening|Set1|Draw2|col4,B,own,1,2,1,2,4,1,554*,4,3,True,1,4,29,5
Michigan4,LS1,Evening,Set1,Draw2,4,col4,Evening|Set1|Draw2|col4,B,own,1,2,1,2,4,2,4*,2,2,True,1,4,29,5
Michigan4,LS1,Evening,Set1,Draw2,4,col4,Evening|Set1|Draw2|col4,B,own,1,2,1,2,4,3,4*,2,2,True,1,4,29,5
Michigan4,LS1,Evening,Set1,Draw2,4,col4,Evening|Set1|Draw2|col4,B,own,1,2,1,2,4,4,*,1,1,True,1,4,29,5
Michigan4,LS1,Evening,Set1,Draw2,4,col4,Evening|Set1|Draw2|col4,B,combined,1,2,1,2,4,0,5546677*,8,5,False,1,3,57,4
Michigan4,LS1,Evening,Set1,Draw2,4,col4,Evening|Set1|Draw2|col4,B,combined,1,2,1,2,4,1,554*,4,3,True,1,3,57,4
Michigan4,LS1,Evening,Set1,Draw2,4,col4,Evening|Set1|Draw2|col4,B,combined,1,2,1,2,4,2,55*,3,2,True,1,3,57,4
Michigan4,LS1,Evening,Set1,Draw2,4,col4,Evening|Set1|Draw2|col4,B,combined,1,2,1,2,4,3,*,1,1,True,1,3,57,4
Michigan4,LS1,Evening,Set1,Draw2,4,col4,Evening|Set1|Draw2|col4,C,own,1,2,1,2,4,0,5546677*,8,5,False,1,4,29,5
Michigan4,LS1,Evening,Set1,Draw2,4,col4,Evening|Set1|Draw2|col4,C,own,1,2,1,2,4,1,554*,4,3,True,1,4,29,5
Michigan4,LS1,Evening,Set1,Draw2,4,col4,Evening|Set1|Draw2|col4,C,own,1,2,1,2,4,2,4*,2,2,True,1,4,29,5
Michigan4,LS1,Evening,Set1,Draw2,4,col4,Evening|Set1|Draw2|col4,C,own,1,2,1,2,4,3,4*,2,2,True,1,4,29,5
Michigan4,LS1,Evening,Set1,Draw2,4,col4,Evening|Set1|Draw2|col4,C,own,1,2,1,2,4,4,*,1,1,True,1,4,29,5
Michigan4,LS1,Evening,Set1,Draw2,4,col4,Evening|Set1|Draw2|col4,C,combined,1,2,1,2,4,0,5546677*,8,5,False,1,3,57,4
Michigan4,LS1,Evening,Set1,Draw2,4,col4,Evening|Set1|Draw2|col4,C,combined,1,2,1,2,4,1,554*,4,3,True,1,3,57,4
Michigan4,LS1,Evening,Set1,Draw2,4,col4,Evening|Set1|Draw2|col4,C,combined,1,2,1,2,4,2,55*,3,2,True,1,3,57,4
Michigan4,LS1,Evening,Set1,Draw2,4,col4,Evening|Set1|Draw2|col4,C,combined,1,2,1,2,4,3,*,1,1,True,1,3,57,4
Michigan4,LS1,Evening,Set1,Draw2,4,col4,Evening|Set1|Draw2|col4,D,own,1,2,1,2,4,0,5546677*,8,5,False,1,4,29,5
Michigan4,LS1,Evening,Set1,Draw2,4,col4,Evening|Set1|Draw2|col4,D,own,1,2,1,2,4,1,554*,4,3,True,1,4,29,5
Michigan4,LS1,Evening,Set1,Draw2,4,col4,Evening|Set1|Draw2|col4,D,own,1,2,1,2,4,2,4*,2,2,True,1,4,29,5
Michigan4,LS1,Evening,Set1,Draw2,4,col4,Evening|Set1|Draw2|col4,D,own,1,2,1,2,4,3,4*,2,2,True,1,4,29,5
Michigan4,LS1,Evening,Set1,Draw2,4,col4,Evening|Set1|Draw2|col4,D,own,1,2,1,2,4,4,*,1,1,True,1,4,29,5
Michigan4,LS1,Evening,Set1,Draw2,4,col4,Evening|Set1|Draw2|col4,D,combined,1,2,1,2,4,0,5546677*,8,5,False,1,3,57,4
Michigan4,LS1,Evening,Set1,Draw2,4,col4,Evening|Set1|Draw2|col4,D,combined,1,2,1,2,4,1,554*,4,3,True,1,3,57,4
Michigan4,LS1,Evening,Set1,Draw2,4,col4,Evening|Set1|Draw2|col4,D,combined,1,2,1,2,4,2,55*,3,2,True,1,3,57,4
Michigan4,LS1,Evening,Set1,Draw2,4,col4,Evening|Set1|Draw2|col4,D,combined,1,2,1,2,4,3,*,1,1,True,1,3,57,4
Michigan4,LS1,Evening,Set1,Draw2,4,col4,Evening|Set1|Draw2|col4,E,own,1,2,1,2,4,0,5546677*,8,5,False,3,6,29,7
Michigan4,LS1,Evening,Set1,Draw2,4,col4,Evening|Set1|Draw2|col4,E,own,1,2,1,2,4,1,5547*,5,4,False,3,6,29,7
Michigan4,LS1,Evening,Set1,Draw2,4,col4,Evening|Set1|Draw2|col4,E,own,1,2,1,2,4,2,547*,4,4,False,3,6,29,7
Michigan4,LS1,Evening,Set1,Draw2,4,col4,Evening|Set1|Draw2|col4,E,own,1,2,1,2,4,3,54*,3,3,True,3,6,29,7
Michigan4,LS1,Evening,Set1,Draw2,4,col4,Evening|Set1|Draw2|col4,E,own,1,2,1,2,4,4,5*,2,2,True,3,6,29,7
Michigan4,LS1,Evening,Set1,Draw2,4,col4,Evening|Set1|Draw2|col4,E,own,1,2,1,2,4,5,5*,2,2,True,3,6,29,7
Michigan4,LS1,Evening,Set1,Draw2,4,col4,Evening|Set1|Draw2|col4,E,own,1,2,1,2,4,6,*,1,1,True,3,6,29,7
Michigan4,LS1,Evening,Set1,Draw2,4,col4,Evening|Set1|Draw2|col4,E,combined,1,2,1,2,4,0,5546677*,8,5,False,2,5,57,6
Michigan4,LS1,Evening,Set1,Draw2,4,col4,Evening|Set1|Draw2|col4,E,combined,1,2,1,2,4,1,5547*,5,4,False,2,5,57,6
Michigan4,LS1,Evening,Set1,Draw2,4,col4,Evening|Set1|Draw2|col4,E,combined,1,2,1,2,4,2,557*,4,3,True,2,5,57,6
Michigan4,LS1,Evening,Set1,Draw2,4,col4,Evening|Set1|Draw2|col4,E,combined,1,2,1,2,4,3,57*,3,3,True,2,5,57,6
Michigan4,LS1,Evening,Set1,Draw2,4,col4,Evening|Set1|Draw2|col4,E,combined,1,2,1,2,4,4,7*,2,2,True,2,5,57,6
Michigan4,LS1,Evening,Set1,Draw2,4,col4,Evening|Set1|Draw2|col4,E,combined,1,2,1,2,4,5,*,1,1,True,2,5,57,6
Michigan4,LS1,Evening,Set1,Draw2,4,col4,Evening|Set1|Draw2|col4,T,own,1,2,1,2,4,0,5546677*,8,5,False,1,7,29,5
Michigan4,LS1,Evening,Set1,Draw2,4,col4,Evening|Set1|Draw2|col4,T,own,1,2,1,2,4,1,554*,4,3,True,1,7,29,5
Michigan4,LS1,Evening,Set1,Draw2,4,col4,Evening|Set1|Draw2|col4,T,own,1,2,1,2,4,2,4*,2,2,True,1,7,29,5
Michigan4,LS1,Evening,Set1,Draw2,4,col4,Evening|Set1|Draw2|col4,T,own,1,2,1,2,4,3,4*,2,2,True,1,7,29,5
Michigan4,LS1,Evening,Set1,Draw2,4,col4,Evening|Set1|Draw2|col4,T,own,1,2,1,2,4,7,*,1,1,True,1,7,29,5
Michigan4,LS1,Evening,Set1,Draw2,4,col4,Evening|Set1|Draw2|col4,T,combined,1,2,1,2,4,0,5546677*,8,5,False,1,3,57,4
Michigan4,LS1,Evening,Set1,Draw2,4,col4,Evening|Set1|Draw2|col4,T,combined,1,2,1,2,4,1,554*,4,3,True,1,3,57,4
Michigan4,LS1,Evening,Set1,Draw2,4,col4,Evening|Set1|Draw2|col4,T,combined,1,2,1,2,4,2,55*,3,2,True,1,3,57,4
Michigan4,LS1,Evening,Set1,Draw2,4,col4,Evening|Set1|Draw2|col4,T,combined,1,2,1,2,4,3,*,1,1,True,1,3,57,4
Michigan4,LS1,Evening,Set1,Draw3,5,col5,Evening|Set1|Draw3|col5,A,own,1,2,1,3,5,0,55401386677,11,8,False,4,7,8,8
Michigan4,LS1,Evening,Set1,Draw3,5,col5,Evening|Set1|Draw3|col5,A,own,1,2,1,3,5,1,55403866,8,6,False,4,7,8,8
Michigan4,LS1,Evening,Set1,Draw3,5,col5,Evening|Set1|Draw3|col5,A,own,1,2,1,3,5,2,4038,4,4,False,4,7,8,8
Michigan4,LS1,Evening,Set1,Draw3,5,col5,Evening|Set1|Draw3|col5,A,own,1,2,1,3,5,3,4038,4,4,False,4,7,8,8
Michigan4,LS1,Evening,Set1,Draw3,5,col5,Evening|Set1|Draw3|col5,A,own,1,2,1,3,5,4,408,3,3,True,4,7,8,8
Michigan4,LS1,Evening,Set1,Draw3,5,col5,Evening|Set1|Draw3|col5,A,own,1,2,1,3,5,5,408,3,3,True,4,7,8,8
Michigan4,LS1,Evening,Set1,Draw3,5,col5,Evening|Set1|Draw3|col5,A,own,1,2,1,3,5,6,4,1,1,True,4,7,8,8
Michigan4,LS1,Evening,Set1,Draw3,5,col5,Evening|Set1|Draw3|col5,A,own,1,2,1,3,5,7,,0,0,False,4,7,8,8
Michigan4,LS1,Evening,Set1,Draw3,5,col5,Evening|Set1|Draw3|col5,A,combined,1,2,1,3,5,0,55401386677,11,8,False,3,6,7,6
Michigan4,LS1,Evening,Set1,Draw3,5,col5,Evening|Set1|Draw3|col5,A,combined,1,2,1,3,5,1,55403866,8,6,False,3,6,7,6
Michigan4,LS1,Evening,Set1,Draw3,5,col5,Evening|Set1|Draw3|col5,A,combined,1,2,1,3,5,2,5540866,7,5,False,3,6,7,6
Michigan4,LS1,Evening,Set1,Draw3,5,col5,Evening|Set1|Draw3|col5,A,combined,1,2,1,3,5,3,408,3,3,True,3,6,7,6
Michigan4,LS1,Evening,Set1,Draw3,5,col5,Evening|Set1|Draw3|col5,A,combined,1,2,1,3,5,4,408,3,3,True,3,6,7,6
Michigan4,LS1,Evening,Set1,Draw3,5,col5,Evening|Set1|Draw3|col5,A,combined,1,2,1,3,5,6,,0,0,False,3,6,7,6
Michigan4,LS1,Evening,Set1,Draw3,5,col5,Evening|Set1|Draw3|col5,B,own,1,2,1,3,5,0,55401386677,11,8,False,4,6,7,7
Michigan4,LS1,Evening,Set1,Draw3,5,col5,Evening|Set1|Draw3|col5,B,own,1,2,1,3,5,1,554038,6,5,False,4,6,7,7
Michigan4,LS1,Evening,Set1,Draw3,5,col5,Evening|Set1|Draw3|col5,B,own,1,2,1,3,5,2,4038,4,4,False,4,6,7,7
Michigan4,LS1,Evening,Set1,Draw3,5,col5,Evening|Set1|Draw3|col5,B,own,1,2,1,3,5,3,4038,4,4,False,4,6,7,7
Michigan4,LS1,Evening,Set1,Draw3,5,col5,Evening|Set1|Draw3|col5,B,own,1,2,1,3,5,4,0,1,1,True,4,6,7,7
Michigan4,LS1,Evening,Set1,Draw3,5,col5,Evening|Set1|Draw3|col5,B,own,1,2,1,3,5,5,0,1,1,True,4,6,7,7
Michigan4,LS1,Evening,Set1,Draw3,5,col5,Evening|Set1|Draw3|col5,B,own,1,2,1,3,5,6,,0,0,False,4,6,7,7
Michigan4,LS1,Evening,Set1,Draw3,5,col5,Evening|Set1|Draw3|col5,B,combined,1,2,1,3,5,0,55401386677,11,8,False,2,6,7,7
Michigan4,LS1,Evening,Set1,Draw3,5,col5,Evening|Set1|Draw3|col5,B,combined,1,2,1,3,5,1,554038,6,5,False,2,6,7,7
Michigan4,LS1,Evening,Set1,Draw3,5,col5,Evening|Set1|Draw3|col5,B,combined,1,2,1,3,5,2,5508,4,3,True,2,6,7,7
Michigan4,LS1,Evening,Set1,Draw3,5,col5,Evening|Set1|Draw3|col5,B,combined,1,2,1,3,5,3,08,2,2,True,2,6,7,7
Michigan4,LS1,Evening,Set1,Draw3,5,col5,Evening|Set1|Draw3|col5,B,combined,1,2,1,3,5,4,8,1,1,True,2,6,7,7
Michigan4,LS1,Evening,Set1,Draw3,5,col5,Evening|Set1|Draw3|col5,B,combined,1,2,1,3,5,5,8,1,1,True,2,6,7,7
Michigan4,LS1,Evening,Set1,Draw3,5,col5,Evening|Set1|Draw3|col5,B,combined,1,2,1,3,5,6,,0,0,False,2,6,7,7
Michigan4,LS1,Evening,Set1,Draw3,5,col5,Evening|Set1|Draw3|col5,C,own,1,2,1,3,5,0,55401386677,11,8,False,2,4,5,5
Michigan4,LS1,Evening,Set1,Draw3,5,col5,Evening|Set1|Draw3|col5,C,own,1,2,1,3,5,1,554038,6,5,False,2,4,5,5
Michigan4,LS1,Evening,Set1,Draw3,5,col5,Evening|Set1|Draw3|col5,C,own,1,2,1,3,5,2,438,3,3,True,2,4,5,5
Michigan4,LS1,Evening,Set1,Draw3,5,col5,Evening|Set1|Draw3|col5,C,own,1,2,1,3,5,3,438,3,3,True,2,4,5,5
Michigan4,LS1,Evening,Set1,Draw3,5,col5,Evening|Set1|Draw3|col5,C,own,1,2,1,3,5,4,,0,0,False,2,4,5,5
Michigan4,LS1,Evening,Set1,Draw3,5,col5,Evening|Set1|Draw3|col5,C,combined,1,2,1,3,5,0,55401386677,11,8,False,2,3,4,4
Michigan4,LS1,Evening,Set1,Draw3,5,col5,Evening|Set1|Draw3|col5,C,combined,1,2,1,3,5,1,554038,6,5,False,2,3,4,4
Michigan4,LS1,Evening,Set1,Draw3,5,col5,Evening|Set1|Draw3|col5,C,combined,1,2,1,3,5,2,550,3,2,True,2,3,4,4
Michigan4,LS1,Evening,Set1,Draw3,5,col5,Evening|Set1|Draw3|col5,C,combined,1,2,1,3,5,3,,0,0,False,2,3,4,4
Michigan4,LS1,Evening,Set1,Draw3,5,col5,Evening|Set1|Draw3|col5,D,own,1,2,1,3,5,0,55401386677,11,8,False,2,4,5,5
Michigan4,LS1,Evening,Set1,Draw3,5,col5,Evening|Set1|Draw3|col5,D,own,1,2,1,3,5,1,554038,6,5,False,2,4,5,5
Michigan4,LS1,Evening,Set1,Draw3,5,col5,Evening|Set1|Draw3|col5,D,own,1,2,1,3,5,2,438,3,3,True,2,4,5,5
Michigan4,LS1,Evening,Set1,Draw3,5,col5,Evening|Set1|Draw3|col5,D,own,1,2,1,3,5,3,438,3,3,True,2,4,5,5
Michigan4,LS1,Evening,Set1,Draw3,5,col5,Evening|Set1|Draw3|col5,D,own,1,2,1,3,5,4,,0,0,False,2,4,5,5
Michigan4,LS1,Evening,Set1,Draw3,5,col5,Evening|Set1|Draw3|col5,D,combined,1,2,1,3,5,0,55401386677,11,8,False,2,3,4,4
Michigan4,LS1,Evening,Set1,Draw3,5,col5,Evening|Set1|Draw3|col5,D,combined,1,2,1,3,5,1,554038,6,5,False,2,3,4,4
Michigan4,LS1,Evening,Set1,Draw3,5,col5,Evening|Set1|Draw3|col5,D,combined,1,2,1,3,5,2,550,3,2,True,2,3,4,4
Michigan4,LS1,Evening,Set1,Draw3,5,col5,Evening|Set1|Draw3|col5,D,combined,1,2,1,3,5,3,,0,0,False,2,3,4,4
Michigan4,LS1,Evening,Set1,Draw3,5,col5,Evening|Set1|Draw3|col5,E,own,1,2,1,3,5,0,55401386677,11,8,False,4,9,10,9
Michigan4,LS1,Evening,Set1,Draw3,5,col5,Evening|Set1|Draw3|col5,E,own,1,2,1,3,5,1,55403867,8,7,False,4,9,10,9
Michigan4,LS1,Evening,Set1,Draw3,5,col5,Evening|Set1|Draw3|col5,E,own,1,2,1,3,5,2,540387,6,6,False,4,9,10,9
Michigan4,LS1,Evening,Set1,Draw3,5,col5,Evening|Set1|Draw3|col5,E,own,1,2,1,3,5,3,54038,5,5,False,4,9,10,9
Michigan4,LS1,Evening,Set1,Draw3,5,col5,Evening|Set1|Draw3|col5,E,own,1,2,1,3,5,4,50,2,2,True,4,9,10,9
Michigan4,LS1,Evening,Set1,Draw3,5,col5,Evening|Set1|Draw3|col5,E,own,1,2,1,3,5,5,50,2,2,True,4,9,10,9
Michigan4,LS1,Evening,Set1,Draw3,5,col5,Evening|Set1|Draw3|col5,E,own,1,2,1,3,5,6,5,1,1,True,4,9,10,9
Michigan4,LS1,Evening,Set1,Draw3,5,col5,Evening|Set1|Draw3|col5,E,own,1,2,1,3,5,7,5,1,1,True,4,9,10,9
Michigan4,LS1,Evening,Set1,Draw3,5,col5,Evening|Set1|Draw3|col5,E,own,1,2,1,3,5,9,,0,0,False,4,9,10,9
Michigan4,LS1,Evening,Set1,Draw3,5,col5,Evening|Set1|Draw3|col5,E,combined,1,2,1,3,5,0,55401386677,11,8,False,4,6,7,7
Michigan4,LS1,Evening,Set1,Draw3,5,col5,Evening|Set1|Draw3|col5,E,combined,1,2,1,3,5,1,55403867,8,7,False,4,6,7,7
Michigan4,LS1,Evening,Set1,Draw3,5,col5,Evening|Set1|Draw3|col5,E,combined,1,2,1,3,5,2,55087,5,4,False,4,6,7,7
Michigan4,LS1,Evening,Set1,Draw3,5,col5,Evening|Set1|Draw3|col5,E,combined,1,2,1,3,5,3,5087,4,4,False,4,6,7,7
Michigan4,LS1,Evening,Set1,Draw3,5,col5,Evening|Set1|Draw3|col5,E,combined,1,2,1,3,5,4,087,3,3,True,4,6,7,7
Michigan4,LS1,Evening,Set1,Draw3,5,col5,Evening|Set1|Draw3|col5,E,combined,1,2,1,3,5,5,08,2,2,True,4,6,7,7
Michigan4,LS1,Evening,Set1,Draw3,5,col5,Evening|Set1|Draw3|col5,E,combined,1,2,1,3,5,6,,0,0,False,4,6,7,7
Michigan4,LS1,Evening,Set1,Draw3,5,col5,Evening|Set1|Draw3|col5,T,own,1,2,1,3,5,0,55401386677,11,8,False,2,7,8,8
Michigan4,LS1,Evening,Set1,Draw3,5,col5,Evening|Set1|Draw3|col5,T,own,1,2,1,3,5,1,554038,6,5,False,2,7,8,8
Michigan4,LS1,Evening,Set1,Draw3,5,col5,Evening|Set1|Draw3|col5,T,own,1,2,1,3,5,2,438,3,3,True,2,7,8,8
Michigan4,LS1,Evening,Set1,Draw3,5,col5,Evening|Set1|Draw3|col5,T,own,1,2,1,3,5,3,438,3,3,True,2,7,8,8
Michigan4,LS1,Evening,Set1,Draw3,5,col5,Evening|Set1|Draw3|col5,T,own,1,2,1,3,5,4,48,2,2,True,2,7,8,8
Michigan4,LS1,Evening,Set1,Draw3,5,col5,Evening|Set1|Draw3|col5,T,own,1,2,1,3,5,5,48,2,2,True,2,7,8,8
Michigan4,LS1,Evening,Set1,Draw3,5,col5,Evening|Set1|Draw3|col5,T,own,1,2,1,3,5,6,4,1,1,True,2,7,8,8
Michigan4,LS1,Evening,Set1,Draw3,5,col5,Evening|Set1|Draw3|col5,T,own,1,2,1,3,5,7,,0,0,False,2,7,8,8
Michigan4,LS1,Evening,Set1,Draw3,5,col5,Evening|Set1|Draw3|col5,T,combined,1,2,1,3,5,0,55401386677,11,8,False,2,6,7,6
Michigan4,LS1,Evening,Set1,Draw3,5,col5,Evening|Set1|Draw3|col5,T,combined,1,2,1,3,5,1,554038,6,5,False,2,6,7,6
Michigan4,LS1,Evening,Set1,Draw3,5,col5,Evening|Set1|Draw3|col5,T,combined,1,2,1,3,5,2,550,3,2,True,2,6,7,6
Michigan4,LS1,Evening,Set1,Draw3,5,col5,Evening|Set1|Draw3|col5,T,combined,1,2,1,3,5,3,0,1,1,True,2,6,7,6
Michigan4,LS1,Evening,Set1,Draw3,5,col5,Evening|Set1|Draw3|col5,T,combined,1,2,1,3,5,4,0,1,1,True,2,6,7,6
Michigan4,LS1,Evening,Set1,Draw3,5,col5,Evening|Set1|Draw3|col5,T,combined,1,2,1,3,5,6,,0,0,False,2,6,7,6
Michigan4,LS1,Evening,Set1,Draw3,4,col4,Evening|Set1|Draw3|col4,A,own,1,2,1,3,4,0,5540186677,10,7,False,2,7,8,6
Michigan4,LS1,Evening,Set1,Draw3,4,col4,Evening|Set1|Draw3|col4,A,own,1,2,1,3,4,1,5540866,7,5,False,2,7,8,6
Michigan4,LS1,Evening,Set1,Draw3,4,col4,Evening|Set1|Draw3|col4,A,own,1,2,1,3,4,2,408,3,3,True,2,7,8,6
Michigan4,LS1,Evening,Set1,Draw3,4,col4,Evening|Set1|Draw3|col4,A,own,1,2,1,3,4,3,408,3,3,True,2,7,8,6
Michigan4,LS1,Evening,Set1,Draw3,4,col4,Evening|Set1|Draw3|col4,A,own,1,2,1,3,4,6,4,1,1,True,2,7,8,6
Michigan4,LS1,Evening,Set1,Draw3,4,col4,Evening|Set1|Draw3|col4,A,own,1,2,1,3,4,7,,0,0,False,2,7,8,6
Michigan4,LS1,Evening,Set1,Draw3,4,col4,Evening|Set1|Draw3|col4,A,combined,1,2,1,3,4,0,5540186677,10,7,False,3,6,7,6
Michigan4,LS1,Evening,Set1,Draw3,4,col4,Evening|Set1|Draw3|col4,A,combined,1,2,1,3,4,1,5540866,7,5,False,3,6,7,6
Michigan4,LS1,Evening,Set1,Draw3,4,col4,Evening|Set1|Draw3|col4,A,combined,1,2,1,3,4,2,5540866,7,5,False,3,6,7,6
Michigan4,LS1,Evening,Set1,Draw3,4,col4,Evening|Set1|Draw3|col4,A,combined,1,2,1,3,4,3,408,3,3,True,3,6,7,6
Michigan4,LS1,Evening,Set1,Draw3,4,col4,Evening|Set1|Draw3|col4,A,combined,1,2,1,3,4,4,408,3,3,True,3,6,7,6
Michigan4,LS1,Evening,Set1,Draw3,4,col4,Evening|Set1|Draw3|col4,A,combined,1,2,1,3,4,6,,0,0,False,3,6,7,6
Michigan4,LS1,Evening,Set1,Draw3,4,col4,Evening|Set1|Draw3|col4,B,own,1,2,1,3,4,0,5540186677,10,7,False,2,6,7,7
Michigan4,LS1,Evening,Set1,Draw3,4,col4,Evening|Set1|Draw3|col4,B,own,1,2,1,3,4,1,55408,5,4,False,2,6,7,7
Michigan4,LS1,Evening,Set1,Draw3,4,col4,Evening|Set1|Draw3|col4,B,own,1,2,1,3,4,2,408,3,3,True,2,6,7,7
Michigan4,LS1,Evening,Set1,Draw3,4,col4,Evening|Set1|Draw3|col4,B,own,1,2,1,3,4,3,408,3,3,True,2,6,7,7
Michigan4,LS1,Evening,Set1,Draw3,4,col4,Evening|Set1|Draw3|col4,B,own,1,2,1,3,4,4,0,1,1,True,2,6,7,7
Michigan4,LS1,Evening,Set1,Draw3,4,col4,Evening|Set1|Draw3|col4,B,own,1,2,1,3,4,5,0,1,1,True,2,6,7,7
Michigan4,LS1,Evening,Set1,Draw3,4,col4,Evening|Set1|Draw3|col4,B,own,1,2,1,3,4,6,,0,0,False,2,6,7,7
Michigan4,LS1,Evening,Set1,Draw3,4,col4,Evening|Set1|Draw3|col4,B,combined,1,2,1,3,4,0,5540186677,10,7,False,2,4,5,5
Michigan4,LS1,Evening,Set1,Draw3,4,col4,Evening|Set1|Draw3|col4,B,combined,1,2,1,3,4,1,55408,5,4,False,2,4,5,5
Michigan4,LS1,Evening,Set1,Draw3,4,col4,Evening|Set1|Draw3|col4,B,combined,1,2,1,3,4,2,550,3,2,True,2,4,5,5
Michigan4,LS1,Evening,Set1,Draw3,4,col4,Evening|Set1|Draw3|col4,B,combined,1,2,1,3,4,3,0,1,1,True,2,4,5,5
Michigan4,LS1,Evening,Set1,Draw3,4,col4,Evening|Set1|Draw3|col4,B,combined,1,2,1,3,4,4,,0,0,False,2,4,5,5
Michigan4,LS1,Evening,Set1,Draw3,4,col4,Evening|Set1|Draw3|col4,C,own,1,2,1,3,4,0,5540186677,10,7,False,2,4,5,5
Michigan4,LS1,Evening,Set1,Draw3,4,col4,Evening|Set1|Draw3|col4,C,own,1,2,1,3,4,1,55408,5,4,False,2,4,5,5
Michigan4,LS1,Evening,Set1,Draw3,4,col4,Evening|Set1|Draw3|col4,C,own,1,2,1,3,4,2,48,2,2,True,2,4,5,5
Michigan4,LS1,Evening,Set1,Draw3,4,col4,Evening|Set1|Draw3|col4,C,own,1,2,1,3,4,3,48,2,2,True,2,4,5,5
Michigan4,LS1,Evening,Set1,Draw3,4,col4,Evening|Set1|Draw3|col4,C,own,1,2,1,3,4,4,,0,0,False,2,4,5,5
Michigan4,LS1,Evening,Set1,Draw3,4,col4,Evening|Set1|Draw3|col4,C,combined,1,2,1,3,4,0,5540186677,10,7,False,2,3,4,4
Michigan4,LS1,Evening,Set1,Draw3,4,col4,Evening|Set1|Draw3|col4,C,combined,1,2,1,3,4,1,55408,5,4,False,2,3,4,4
Michigan4,LS1,Evening,Set1,Draw3,4,col4,Evening|Set1|Draw3|col4,C,combined,1,2,1,3,4,2,550,3,2,True,2,3,4,4
Michigan4,LS1,Evening,Set1,Draw3,4,col4,Evening|Set1|Draw3|col4,C,combined,1,2,1,3,4,3,,0,0,False,2,3,4,4
Michigan4,LS1,Evening,Set1,Draw3,4,col4,Evening|Set1|Draw3|col4,D,own,1,2,1,3,4,0,5540186677,10,7,False,2,4,5,5
Michigan4,LS1,Evening,Set1,Draw3,4,col4,Evening|Set1|Draw3|col4,D,own,1,2,1,3,4,1,55408,5,4,False,2,4,5,5
Michigan4,LS1,Evening,Set1,Draw3,4,col4,Evening|Set1|Draw3|col4,D,own,1,2,1,3,4,2,48,2,2,True,2,4,5,5
Michigan4,LS1,Evening,Set1,Draw3,4,col4,Evening|Set1|Draw3|col4,D,own,1,2,1,3,4,3,48,2,2,True,2,4,5,5
Michigan4,LS1,Evening,Set1,Draw3,4,col4,Evening|Set1|Draw3|col4,D,own,1,2,1,3,4,4,,0,0,False,2,4,5,5
Michigan4,LS1,Evening,Set1,Draw3,4,col4,Evening|Set1|Draw3|col4,D,combined,1,2,1,3,4,0,5540186677,10,7,False,2,3,4,4
Michigan4,LS1,Evening,Set1,Draw3,4,col4,Evening|Set1|Draw3|col4,D,combined,1,2,1,3,4,1,55408,5,4,False,2,3,4,4
Michigan4,LS1,Evening,Set1,Draw3,4,col4,Evening|Set1|Draw3|col4,D,combined,1,2,1,3,4,2,550,3,2,True,2,3,4,4
Michigan4,LS1,Evening,Set1,Draw3,4,col4,Evening|Set1|Draw3|col4,D,combined,1,2,1,3,4,3,,0,0,False,2,3,4,4
Michigan4,LS1,Evening,Set1,Draw3,4,col4,Evening|Set1|Draw3|col4,E,own,1,2,1,3,4,0,5540186677,10,7,False,4,9,10,9
Michigan4,LS1,Evening,Set1,Draw3,4,col4,Evening|Set1|Draw3|col4,E,own,1,2,1,3,4,1,5540867,7,6,False,4,9,10,9
Michigan4,LS1,Evening,Set1,Draw3,4,col4,Evening|Set1|Draw3|col4,E,own,1,2,1,3,4,2,54087,5,5,False,4,9,10,9
Michigan4,LS1,Evening,Set1,Draw3,4,col4,Evening|Set1|Draw3|col4,E,own,1,2,1,3,4,3,5408,4,4,False,4,9,10,9
Michigan4,LS1,Evening,Set1,Draw3,4,col4,Evening|Set1|Draw3|col4,E,own,1,2,1,3,4,4,50,2,2,True,4,9,10,9
Michigan4,LS1,Evening,Set1,Draw3,4,col4,Evening|Set1|Draw3|col4,E,own,1,2,1,3,4,5,50,2,2,True,4,9,10,9
Michigan4,LS1,Evening,Set1,Draw3,4,col4,Evening|Set1|Draw3|col4,E,own,1,2,1,3,4,6,5,1,1,True,4,9,10,9
Michigan4,LS1,Evening,Set1,Draw3,4,col4,Evening|Set1|Draw3|col4,E,own,1,2,1,3,4,7,5,1,1,True,4,9,10,9
Michigan4,LS1,Evening,Set1,Draw3,4,col4,Evening|Set1|Draw3|col4,E,own,1,2,1,3,4,9,,0,0,False,4,9,10,9
Michigan4,LS1,Evening,Set1,Draw3,4,col4,Evening|Set1|Draw3|col4,E,combined,1,2,1,3,4,0,5540186677,10,7,False,2,6,7,7
Michigan4,LS1,Evening,Set1,Draw3,4,col4,Evening|Set1|Draw3|col4,E,combined,1,2,1,3,4,1,5540867,7,6,False,2,6,7,7
Michigan4,LS1,Evening,Set1,Draw3,4,col4,Evening|Set1|Draw3|col4,E,combined,1,2,1,3,4,2,5507,4,3,True,2,6,7,7
Michigan4,LS1,Evening,Set1,Draw3,4,col4,Evening|Set1|Draw3|col4,E,combined,1,2,1,3,4,3,507,3,3,True,2,6,7,7
Michigan4,LS1,Evening,Set1,Draw3,4,col4,Evening|Set1|Draw3|col4,E,combined,1,2,1,3,4,4,07,2,2,True,2,6,7,7
Michigan4,LS1,Evening,Set1,Draw3,4,col4,Evening|Set1|Draw3|col4,E,combined,1,2,1,3,4,5,0,1,1,True,2,6,7,7
Michigan4,LS1,Evening,Set1,Draw3,4,col4,Evening|Set1|Draw3|col4,E,combined,1,2,1,3,4,6,,0,0,False,2,6,7,7
Michigan4,LS1,Evening,Set1,Draw3,4,col4,Evening|Set1|Draw3|col4,T,own,1,2,1,3,4,0,5540186677,10,7,False,2,7,8,6
Michigan4,LS1,Evening,Set1,Draw3,4,col4,Evening|Set1|Draw3|col4,T,own,1,2,1,3,4,1,55408,5,4,False,2,7,8,6
Michigan4,LS1,Evening,Set1,Draw3,4,col4,Evening|Set1|Draw3|col4,T,own,1,2,1,3,4,2,408,3,3,True,2,7,8,6
Michigan4,LS1,Evening,Set1,Draw3,4,col4,Evening|Set1|Draw3|col4,T,own,1,2,1,3,4,3,408,3,3,True,2,7,8,6
Michigan4,LS1,Evening,Set1,Draw3,4,col4,Evening|Set1|Draw3|col4,T,own,1,2,1,3,4,6,4,1,1,True,2,7,8,6
Michigan4,LS1,Evening,Set1,Draw3,4,col4,Evening|Set1|Draw3|col4,T,own,1,2,1,3,4,7,,0,0,False,2,7,8,6
Michigan4,LS1,Evening,Set1,Draw3,4,col4,Evening|Set1|Draw3|col4,T,combined,1,2,1,3,4,0,5540186677,10,7,False,2,6,7,6
Michigan4,LS1,Evening,Set1,Draw3,4,col4,Evening|Set1|Draw3|col4,T,combined,1,2,1,3,4,1,55408,5,4,False,2,6,7,6
Michigan4,LS1,Evening,Set1,Draw3,4,col4,Evening|Set1|Draw3|col4,T,combined,1,2,1,3,4,2,550,3,2,True,2,6,7,6
Michigan4,LS1,Evening,Set1,Draw3,4,col4,Evening|Set1|Draw3|col4,T,combined,1,2,1,3,4,3,0,1,1,True,2,6,7,6
Michigan4,LS1,Evening,Set1,Draw3,4,col4,Evening|Set1|Draw3|col4,T,combined,1,2,1,3,4,4,0,1,1,True,2,6,7,6
Michigan4,LS1,Evening,Set1,Draw3,4,col4,Evening|Set1|Draw3|col4,T,combined,1,2,1,3,4,6,,0,0,False,2,6,7,6
Michigan4,LS1,Evening,Set1,Draw3,3,col3,Evening|Set1|Draw3|col3,A,own,1,2,1,3,3,0,55408677*,9,7,False,6,7,29,8
Michigan4,LS1,Evening,Set1,Draw3,3,col3,Evening|Set1|Draw3|col3,A,own,1,2,1,3,3,1,554086*,7,6,False,6,7,29,8
Michigan4,LS1,Evening,Set1,Draw3,3,col3,Evening|Set1|Draw3|col3,A,own,1,2,1,3,3,2,408*,4,4,False,6,7,29,8
Michigan4,LS1,Evening,Set1,Draw3,3,col3,Evening|Set1|Draw3|col3,A,own,1,2,1,3,3,3,408*,4,4,False,6,7,29,8
Michigan4,LS1,Evening,Set1,Draw3,3,col3,Evening|Set1|Draw3|col3,A,own,1,2,1,3,3,4,408*,4,4,False,6,7,29,8
Michigan4,LS1,Evening,Set1,Draw3,3,col3,Evening|Set1|Draw3|col3,A,own,1,2,1,3,3,5,408*,4,4,False,6,7,29,8
Michigan4,LS1,Evening,Set1,Draw3,3,col3,Evening|Set1|Draw3|col3,A,own,1,2,1,3,3,6,4*,2,2,True,6,7,29,8
Michigan4,LS1,Evening,Set1,Draw3,3,col3,Evening|Set1|Draw3|col3,A,own,1,2,1,3,3,7,*,1,1,True,6,7,29,8
Michigan4,LS1,Evening,Set1,Draw3,3,col3,Evening|Set1|Draw3|col3,A,combined,1,2,1,3,3,0,55408677*,9,7,False,6,6,57,7
Michigan4,LS1,Evening,Set1,Draw3,3,col3,Evening|Set1|Draw3|col3,A,combined,1,2,1,3,3,1,554086*,7,6,False,6,6,57,7
Michigan4,LS1,Evening,Set1,Draw3,3,col3,Evening|Set1|Draw3|col3,A,combined,1,2,1,3,3,2,554086*,7,6,False,6,6,57,7
Michigan4,LS1,Evening,Set1,Draw3,3,col3,Evening|Set1|Draw3|col3,A,combined,1,2,1,3,3,3,408*,4,4,False,6,6,57,7
Michigan4,LS1,Evening,Set1,Draw3,3,col3,Evening|Set1|Draw3|col3,A,combined,1,2,1,3,3,4,408*,4,4,False,6,6,57,7
Michigan4,LS1,Evening,Set1,Draw3,3,col3,Evening|Set1|Draw3|col3,A,combined,1,2,1,3,3,5,408*,4,4,False,6,6,57,7
Michigan4,LS1,Evening,Set1,Draw3,3,col3,Evening|Set1|Draw3|col3,A,combined,1,2,1,3,3,6,*,1,1,True,6,6,57,7
Michigan4,LS1,Evening,Set1,Draw3,3,col3,Evening|Set1|Draw3|col3,B,own,1,2,1,3,3,0,55408677*,9,7,False,4,6,29,7
Michigan4,LS1,Evening,Set1,Draw3,3,col3,Evening|Set1|Draw3|col3,B,own,1,2,1,3,3,1,55408*,6,5,False,4,6,29,7
Michigan4,LS1,Evening,Set1,Draw3,3,col3,Evening|Set1|Draw3|col3,B,own,1,2,1,3,3,2,408*,4,4,False,4,6,29,7
Michigan4,LS1,Evening,Set1,Draw3,3,col3,Evening|Set1|Draw3|col3,B,own,1,2,1,3,3,3,408*,4,4,False,4,6,29,7
Michigan4,LS1,Evening,Set1,Draw3,3,col3,Evening|Set1|Draw3|col3,B,own,1,2,1,3,3,4,0*,2,2,True,4,6,29,7
Michigan4,LS1,Evening,Set1,Draw3,3,col3,Evening|Set1|Draw3|col3,B,own,1,2,1,3,3,5,0*,2,2,True,4,6,29,7
Michigan4,LS1,Evening,Set1,Draw3,3,col3,Evening|Set1|Draw3|col3,B,own,1,2,1,3,3,6,*,1,1,True,4,6,29,7
Michigan4,LS1,Evening,Set1,Draw3,3,col3,Evening|Set1|Draw3|col3,B,combined,1,2,1,3,3,0,55408677*,9,7,False,2,4,57,5
Michigan4,LS1,Evening,Set1,Draw3,3,col3,Evening|Set1|Draw3|col3,B,combined,1,2,1,3,3,1,55408*,6,5,False,2,4,57,5
Michigan4,LS1,Evening,Set1,Draw3,3,col3,Evening|Set1|Draw3|col3,B,combined,1,2,1,3,3,2,550*,4,3,True,2,4,57,5
Michigan4,LS1,Evening,Set1,Draw3,3,col3,Evening|Set1|Draw3|col3,B,combined,1,2,1,3,3,3,0*,2,2,True,2,4,57,5
Michigan4,LS1,Evening,Set1,Draw3,3,col3,Evening|Set1|Draw3|col3,B,combined,1,2,1,3,3,4,*,1,1,True,2,4,57,5
Michigan4,LS1,Evening,Set1,Draw3,3,col3,Evening|Set1|Draw3|col3,C,own,1,2,1,3,3,0,55408677*,9,7,False,2,4,29,5
Michigan4,LS1,Evening,Set1,Draw3,3,col3,Evening|Set1|Draw3|col3,C,own,1,2,1,3,3,1,55408*,6,5,False,2,4,29,5
Michigan4,LS1,Evening,Set1,Draw3,3,col3,Evening|Set1|Draw3|col3,C,own,1,2,1,3,3,2,48*,3,3,True,2,4,29,5
Michigan4,LS1,Evening,Set1,Draw3,3,col3,Evening|Set1|Draw3|col3,C,own,1,2,1,3,3,3,48*,3,3,True,2,4,29,5
Michigan4,LS1,Evening,Set1,Draw3,3,col3,Evening|Set1|Draw3|col3,C,own,1,2,1,3,3,4,*,1,1,True,2,4,29,5
Michigan4,LS1,Evening,Set1,Draw3,3,col3,Evening|Set1|Draw3|col3,C,combined,1,2,1,3,3,0,55408677*,9,7,False,2,3,57,4
Michigan4,LS1,Evening,Set1,Draw3,3,col3,Evening|Set1|Draw3|col3,C,combined,1,2,1,3,3,1,55408*,6,5,False,2,3,57,4
Michigan4,LS1,Evening,Set1,Draw3,3,col3,Evening|Set1|Draw3|col3,C,combined,1,2,1,3,3,2,550*,4,3,True,2,3,57,4
Michigan4,LS1,Evening,Set1,Draw3,3,col3,Evening|Set1|Draw3|col3,C,combined,1,2,1,3,3,3,*,1,1,True,2,3,57,4
Michigan4,LS1,Evening,Set1,Draw3,3,col3,Evening|Set1|Draw3|col3,D,own,1,2,1,3,3,0,55408677*,9,7,False,2,4,29,5
Michigan4,LS1,Evening,Set1,Draw3,3,col3,Evening|Set1|Draw3|col3,D,own,1,2,1,3,3,1,55408*,6,5,False,2,4,29,5
Michigan4,LS1,Evening,Set1,Draw3,3,col3,Evening|Set1|Draw3|col3,D,own,1,2,1,3,3,2,48*,3,3,True,2,4,29,5
Michigan4,LS1,Evening,Set1,Draw3,3,col3,Evening|Set1|Draw3|col3,D,own,1,2,1,3,3,3,48*,3,3,True,2,4,29,5
Michigan4,LS1,Evening,Set1,Draw3,3,col3,Evening|Set1|Draw3|col3,D,own,1,2,1,3,3,4,*,1,1,True,2,4,29,5
Michigan4,LS1,Evening,Set1,Draw3,3,col3,Evening|Set1|Draw3|col3,D,combined,1,2,1,3,3,0,55408677*,9,7,False,2,3,57,4
Michigan4,LS1,Evening,Set1,Draw3,3,col3,Evening|Set1|Draw3|col3,D,combined,1,2,1,3,3,1,55408*,6,5,False,2,3,57,4
Michigan4,LS1,Evening,Set1,Draw3,3,col3,Evening|Set1|Draw3|col3,D,combined,1,2,1,3,3,2,550*,4,3,True,2,3,57,4
Michigan4,LS1,Evening,Set1,Draw3,3,col3,Evening|Set1|Draw3|col3,D,combined,1,2,1,3,3,3,*,1,1,True,2,3,57,4
Michigan4,LS1,Evening,Set1,Draw3,3,col3,Evening|Set1|Draw3|col3,E,own,1,2,1,3,3,0,55408677*,9,7,False,4,9,29,9
Michigan4,LS1,Evening,Set1,Draw3,3,col3,Evening|Set1|Draw3|col3,E,own,1,2,1,3,3,1,554087*,7,6,False,4,9,29,9
Michigan4,LS1,Evening,Set1,Draw3,3,col3,Evening|Set1|Draw3|col3,E,own,1,2,1,3,3,2,54087*,6,6,False,4,9,29,9
Michigan4,LS1,Evening,Set1,Draw3,3,col3,Evening|Set1|Draw3|col3,E,own,1,2,1,3,3,3,5408*,5,5,False,4,9,29,9
Michigan4,LS1,Evening,Set1,Draw3,3,col3,Evening|Set1|Draw3|col3,E,own,1,2,1,3,3,4,50*,3,3,True,4,9,29,9
Michigan4,LS1,Evening,Set1,Draw3,3,col3,Evening|Set1|Draw3|col3,E,own,1,2,1,3,3,5,50*,3,3,True,4,9,29,9
Michigan4,LS1,Evening,Set1,Draw3,3,col3,Evening|Set1|Draw3|col3,E,own,1,2,1,3,3,6,5*,2,2,True,4,9,29,9
Michigan4,LS1,Evening,Set1,Draw3,3,col3,Evening|Set1|Draw3|col3,E,own,1,2,1,3,3,7,5*,2,2,True,4,9,29,9
Michigan4,LS1,Evening,Set1,Draw3,3,col3,Evening|Set1|Draw3|col3,E,own,1,2,1,3,3,9,*,1,1,True,4,9,29,9
Michigan4,LS1,Evening,Set1,Draw3,3,col3,Evening|Set1|Draw3|col3,E,combined,1,2,1,3,3,0,55408677*,9,7,False,4,6,57,7
Michigan4,LS1,Evening,Set1,Draw3,3,col3,Evening|Set1|Draw3|col3,E,combined,1,2,1,3,3,1,554087*,7,6,False,4,6,57,7
Michigan4,LS1,Evening,Set1,Draw3,3,col3,Evening|Set1|Draw3|col3,E,combined,1,2,1,3,3,2,5507*,5,4,False,4,6,57,7
Michigan4,LS1,Evening,Set1,Draw3,3,col3,Evening|Set1|Draw3|col3,E,combined,1,2,1,3,3,3,507*,4,4,False,4,6,57,7
Michigan4,LS1,Evening,Set1,Draw3,3,col3,Evening|Set1|Draw3|col3,E,combined,1,2,1,3,3,4,07*,3,3,True,4,6,57,7
Michigan4,LS1,Evening,Set1,Draw3,3,col3,Evening|Set1|Draw3|col3,E,combined,1,2,1,3,3,5,0*,2,2,True,4,6,57,7
Michigan4,LS1,Evening,Set1,Draw3,3,col3,Evening|Set1|Draw3|col3,E,combined,1,2,1,3,3,6,*,1,1,True,4,6,57,7
Michigan4,LS1,Evening,Set1,Draw3,3,col3,Evening|Set1|Draw3|col3,T,own,1,2,1,3,3,0,55408677*,9,7,False,2,7,29,6
Michigan4,LS1,Evening,Set1,Draw3,3,col3,Evening|Set1|Draw3|col3,T,own,1,2,1,3,3,1,55408*,6,5,False,2,7,29,6
Michigan4,LS1,Evening,Set1,Draw3,3,col3,Evening|Set1|Draw3|col3,T,own,1,2,1,3,3,2,48*,3,3,True,2,7,29,6
Michigan4,LS1,Evening,Set1,Draw3,3,col3,Evening|Set1|Draw3|col3,T,own,1,2,1,3,3,3,48*,3,3,True,2,7,29,6
Michigan4,LS1,Evening,Set1,Draw3,3,col3,Evening|Set1|Draw3|col3,T,own,1,2,1,3,3,6,4*,2,2,True,2,7,29,6
Michigan4,LS1,Evening,Set1,Draw3,3,col3,Evening|Set1|Draw3|col3,T,own,1,2,1,3,3,7,*,1,1,True,2,7,29,6
Michigan4,LS1,Evening,Set1,Draw3,3,col3,Evening|Set1|Draw3|col3,T,combined,1,2,1,3,3,0,55408677*,9,7,False,2,6,57,6
Michigan4,LS1,Evening,Set1,Draw3,3,col3,Evening|Set1|Draw3|col3,T,combined,1,2,1,3,3,1,55408*,6,5,False,2,6,57,6
Michigan4,LS1,Evening,Set1,Draw3,3,col3,Evening|Set1|Draw3|col3,T,combined,1,2,1,3,3,2,550*,4,3,True,2,6,57,6
Michigan4,LS1,Evening,Set1,Draw3,3,col3,Evening|Set1|Draw3|col3,T,combined,1,2,1,3,3,3,0*,2,2,True,2,6,57,6
Michigan4,LS1,Evening,Set1,Draw3,3,col3,Evening|Set1|Draw3|col3,T,combined,1,2,1,3,3,4,0*,2,2,True,2,6,57,6
Michigan4,LS1,Evening,Set1,Draw3,3,col3,Evening|Set1|Draw3|col3,T,combined,1,2,1,3,3,6,*,1,1,True,2,6,57,6
Michigan4,LS1,Evening,Set1,Draw3,2,col2,Evening|Set1|Draw3|col2,A,own,1,2,1,3,2,0,540877**,8,6,False,6,7,29,8
Michigan4,LS1,Evening,Set1,Draw3,2,col2,Evening|Set1|Draw3|col2,A,own,1,2,1,3,2,1,5408**,6,5,False,6,7,29,8
Michigan4,LS1,Evening,Set1,Draw3,2,col2,Evening|Set1|Draw3|col2,A,own,1,2,1,3,2,2,408**,5,4,False,6,7,29,8
Michigan4,LS1,Evening,Set1,Draw3,2,col2,Evening|Set1|Draw3|col2,A,own,1,2,1,3,2,3,408**,5,4,False,6,7,29,8
Michigan4,LS1,Evening,Set1,Draw3,2,col2,Evening|Set1|Draw3|col2,A,own,1,2,1,3,2,4,408**,5,4,False,6,7,29,8
Michigan4,LS1,Evening,Set1,Draw3,2,col2,Evening|Set1|Draw3|col2,A,own,1,2,1,3,2,5,408**,5,4,False,6,7,29,8
Michigan4,LS1,Evening,Set1,Draw3,2,col2,Evening|Set1|Draw3|col2,A,own,1,2,1,3,2,6,4**,3,2,True,6,7,29,8
Michigan4,LS1,Evening,Set1,Draw3,2,col2,Evening|Set1|Draw3|col2,A,own,1,2,1,3,2,7,**,2,1,True,6,7,29,8
Michigan4,LS1,Evening,Set1,Draw3,2,col2,Evening|Set1|Draw3|col2,A,combined,1,2,1,3,2,0,540877**,8,6,False,6,6,57,7
Michigan4,LS1,Evening,Set1,Draw3,2,col2,Evening|Set1|Draw3|col2,A,combined,1,2,1,3,2,1,5408**,6,5,False,6,6,57,7
Michigan4,LS1,Evening,Set1,Draw3,2,col2,Evening|Set1|Draw3|col2,A,combined,1,2,1,3,2,2,5408**,6,5,False,6,6,57,7
Michigan4,LS1,Evening,Set1,Draw3,2,col2,Evening|Set1|Draw3|col2,A,combined,1,2,1,3,2,3,408**,5,4,False,6,6,57,7
Michigan4,LS1,Evening,Set1,Draw3,2,col2,Evening|Set1|Draw3|col2,A,combined,1,2,1,3,2,4,408**,5,4,False,6,6,57,7
Michigan4,LS1,Evening,Set1,Draw3,2,col2,Evening|Set1|Draw3|col2,A,combined,1,2,1,3,2,5,408**,5,4,False,6,6,57,7
Michigan4,LS1,Evening,Set1,Draw3,2,col2,Evening|Set1|Draw3|col2,A,combined,1,2,1,3,2,6,**,2,1,True,6,6,57,7
Michigan4,LS1,Evening,Set1,Draw3,2,col2,Evening|Set1|Draw3|col2,B,own,1,2,1,3,2,0,540877**,8,6,False,4,6,29,7
Michigan4,LS1,Evening,Set1,Draw3,2,col2,Evening|Set1|Draw3|col2,B,own,1,2,1,3,2,1,5408**,6,5,False,4,6,29,7
Michigan4,LS1,Evening,Set1,Draw3,2,col2,Evening|Set1|Draw3|col2,B,own,1,2,1,3,2,2,408**,5,4,False,4,6,29,7
Michigan4,LS1,Evening,Set1,Draw3,2,col2,Evening|Set1|Draw3|col2,B,own,1,2,1,3,2,3,408**,5,4,False,4,6,29,7
Michigan4,LS1,Evening,Set1,Draw3,2,col2,Evening|Set1|Draw3|col2,B,own,1,2,1,3,2,4,0**,3,2,True,4,6,29,7
Michigan4,LS1,Evening,Set1,Draw3,2,col2,Evening|Set1|Draw3|col2,B,own,1,2,1,3,2,5,0**,3,2,True,4,6,29,7
Michigan4,LS1,Evening,Set1,Draw3,2,col2,Evening|Set1|Draw3|col2,B,own,1,2,1,3,2,6,**,2,1,True,4,6,29,7
Michigan4,LS1,Evening,Set1,Draw3,2,col2,Evening|Set1|Draw3|col2,B,combined,1,2,1,3,2,0,540877**,8,6,False,2,4,57,5
Michigan4,LS1,Evening,Set1,Draw3,2,col2,Evening|Set1|Draw3|col2,B,combined,1,2,1,3,2,1,5408**,6,5,False,2,4,57,5
Michigan4,LS1,Evening,Set1,Draw3,2,col2,Evening|Set1|Draw3|col2,B,combined,1,2,1,3,2,2,50**,4,3,True,2,4,57,5
Michigan4,LS1,Evening,Set1,Draw3,2,col2,Evening|Set1|Draw3|col2,B,combined,1,2,1,3,2,3,0**,3,2,True,2,4,57,5
Michigan4,LS1,Evening,Set1,Draw3,2,col2,Evening|Set1|Draw3|col2,B,combined,1,2,1,3,2,4,**,2,1,True,2,4,57,5
Michigan4,LS1,Evening,Set1,Draw3,2,col2,Evening|Set1|Draw3|col2,C,own,1,2,1,3,2,0,540877**,8,6,False,2,4,29,5
Michigan4,LS1,Evening,Set1,Draw3,2,col2,Evening|Set1|Draw3|col2,C,own,1,2,1,3,2,1,5408**,6,5,False,2,4,29,5
Michigan4,LS1,Evening,Set1,Draw3,2,col2,Evening|Set1|Draw3|col2,C,own,1,2,1,3,2,2,48**,4,3,True,2,4,29,5
Michigan4,LS1,Evening,Set1,Draw3,2,col2,Evening|Set1|Draw3|col2,C,own,1,2,1,3,2,3,48**,4,3,True,2,4,29,5
Michigan4,LS1,Evening,Set1,Draw3,2,col2,Evening|Set1|Draw3|col2,C,own,1,2,1,3,2,4,**,2,1,True,2,4,29,5
Michigan4,LS1,Evening,Set1,Draw3,2,col2,Evening|Set1|Draw3|col2,C,combined,1,2,1,3,2,0,540877**,8,6,False,2,3,57,4
Michigan4,LS1,Evening,Set1,Draw3,2,col2,Evening|Set1|Draw3|col2,C,combined,1,2,1,3,2,1,5408**,6,5,False,2,3,57,4
Michigan4,LS1,Evening,Set1,Draw3,2,col2,Evening|Set1|Draw3|col2,C,combined,1,2,1,3,2,2,50**,4,3,True,2,3,57,4
Michigan4,LS1,Evening,Set1,Draw3,2,col2,Evening|Set1|Draw3|col2,C,combined,1,2,1,3,2,3,**,2,1,True,2,3,57,4
Michigan4,LS1,Evening,Set1,Draw3,2,col2,Evening|Set1|Draw3|col2,D,own,1,2,1,3,2,0,540877**,8,6,False,2,4,29,5
Michigan4,LS1,Evening,Set1,Draw3,2,col2,Evening|Set1|Draw3|col2,D,own,1,2,1,3,2,1,5408**,6,5,False,2,4,29,5
Michigan4,LS1,Evening,Set1,Draw3,2,col2,Evening|Set1|Draw3|col2,D,own,1,2,1,3,2,2,48**,4,3,True,2,4,29,5
Michigan4,LS1,Evening,Set1,Draw3,2,col2,Evening|Set1|Draw3|col2,D,own,1,2,1,3,2,3,48**,4,3,True,2,4,29,5
Michigan4,LS1,Evening,Set1,Draw3,2,col2,Evening|Set1|Draw3|col2,D,own,1,2,1,3,2,4,**,2,1,True,2,4,29,5
Michigan4,LS1,Evening,Set1,Draw3,2,col2,Evening|Set1|Draw3|col2,D,combined,1,2,1,3,2,0,540877**,8,6,False,2,3,57,4
Michigan4,LS1,Evening,Set1,Draw3,2,col2,Evening|Set1|Draw3|col2,D,combined,1,2,1,3,2,1,5408**,6,5,False,2,3,57,4
Michigan4,LS1,Evening,Set1,Draw3,2,col2,Evening|Set1|Draw3|col2,D,combined,1,2,1,3,2,2,50**,4,3,True,2,3,57,4
Michigan4,LS1,Evening,Set1,Draw3,2,col2,Evening|Set1|Draw3|col2,D,combined,1,2,1,3,2,3,**,2,1,True,2,3,57,4
Michigan4,LS1,Evening,Set1,Draw3,2,col2,Evening|Set1|Draw3|col2,E,own,1,2,1,3,2,0,540877**,8,6,False,4,6,29,7
Michigan4,LS1,Evening,Set1,Draw3,2,col2,Evening|Set1|Draw3|col2,E,own,1,2,1,3,2,1,54087**,7,6,False,4,6,29,7
Michigan4,LS1,Evening,Set1,Draw3,2,col2,Evening|Set1|Draw3|col2,E,own,1,2,1,3,2,2,4087**,6,5,False,4,6,29,7
Michigan4,LS1,Evening,Set1,Draw3,2,col2,Evening|Set1|Draw3|col2,E,own,1,2,1,3,2,3,408**,5,4,False,4,6,29,7
Michigan4,LS1,Evening,Set1,Draw3,2,col2,Evening|Set1|Draw3|col2,E,own,1,2,1,3,2,4,0**,3,2,True,4,6,29,7
Michigan4,LS1,Evening,Set1,Draw3,2,col2,Evening|Set1|Draw3|col2,E,own,1,2,1,3,2,5,0**,3,2,True,4,6,29,7
Michigan4,LS1,Evening,Set1,Draw3,2,col2,Evening|Set1|Draw3|col2,E,own,1,2,1,3,2,6,**,2,1,True,4,6,29,7
Michigan4,LS1,Evening,Set1,Draw3,2,col2,Evening|Set1|Draw3|col2,E,combined,1,2,1,3,2,0,540877**,8,6,False,3,5,57,6
Michigan4,LS1,Evening,Set1,Draw3,2,col2,Evening|Set1|Draw3|col2,E,combined,1,2,1,3,2,1,54087**,7,6,False,3,5,57,6
Michigan4,LS1,Evening,Set1,Draw3,2,col2,Evening|Set1|Draw3|col2,E,combined,1,2,1,3,2,2,507**,5,4,False,3,5,57,6
Michigan4,LS1,Evening,Set1,Draw3,2,col2,Evening|Set1|Draw3|col2,E,combined,1,2,1,3,2,3,07**,4,3,True,3,5,57,6
Michigan4,LS1,Evening,Set1,Draw3,2,col2,Evening|Set1|Draw3|col2,E,combined,1,2,1,3,2,4,7**,3,2,True,3,5,57,6
Michigan4,LS1,Evening,Set1,Draw3,2,col2,Evening|Set1|Draw3|col2,E,combined,1,2,1,3,2,5,**,2,1,True,3,5,57,6
Michigan4,LS1,Evening,Set1,Draw3,2,col2,Evening|Set1|Draw3|col2,T,own,1,2,1,3,2,0,540877**,8,6,False,2,7,29,7
Michigan4,LS1,Evening,Set1,Draw3,2,col2,Evening|Set1|Draw3|col2,T,own,1,2,1,3,2,1,5408**,6,5,False,2,7,29,7
Michigan4,LS1,Evening,Set1,Draw3,2,col2,Evening|Set1|Draw3|col2,T,own,1,2,1,3,2,2,48**,4,3,True,2,7,29,7
Michigan4,LS1,Evening,Set1,Draw3,2,col2,Evening|Set1|Draw3|col2,T,own,1,2,1,3,2,3,48**,4,3,True,2,7,29,7
Michigan4,LS1,Evening,Set1,Draw3,2,col2,Evening|Set1|Draw3|col2,T,own,1,2,1,3,2,4,4**,3,2,True,2,7,29,7
Michigan4,LS1,Evening,Set1,Draw3,2,col2,Evening|Set1|Draw3|col2,T,own,1,2,1,3,2,5,4**,3,2,True,2,7,29,7
Michigan4,LS1,Evening,Set1,Draw3,2,col2,Evening|Set1|Draw3|col2,T,own,1,2,1,3,2,7,**,2,1,True,2,7,29,7
Michigan4,LS1,Evening,Set1,Draw3,2,col2,Evening|Set1|Draw3|col2,T,combined,1,2,1,3,2,0,540877**,8,6,False,2,6,57,6
Michigan4,LS1,Evening,Set1,Draw3,2,col2,Evening|Set1|Draw3|col2,T,combined,1,2,1,3,2,1,5408**,6,5,False,2,6,57,6
Michigan4,LS1,Evening,Set1,Draw3,2,col2,Evening|Set1|Draw3|col2,T,combined,1,2,1,3,2,2,50**,4,3,True,2,6,57,6
Michigan4,LS1,Evening,Set1,Draw3,2,col2,Evening|Set1|Draw3|col2,T,combined,1,2,1,3,2,3,0**,3,2,True,2,6,57,6
Michigan4,LS1,Evening,Set1,Draw3,2,col2,Evening|Set1|Draw3|col2,T,combined,1,2,1,3,2,4,0**,3,2,True,2,6,57,6
Michigan4,LS1,Evening,Set1,Draw3,2,col2,Evening|Set1|Draw3|col2,T,combined,1,2,1,3,2,6,**,2,1,True,2,6,57,6
Michigan4,LS1,Evening,Set1,Draw4,4,col4,Evening|Set1|Draw4|col4,A,own,1,2,1,4,4,0,554401186677,12,7,False,2,7,8,8
Michigan4,LS1,Evening,Set1,Draw4,4,col4,Evening|Set1|Draw4|col4,A,own,1,2,1,4,4,1,55440866,8,5,False,2,7,8,8
Michigan4,LS1,Evening,Set1,Draw4,4,col4,Evening|Set1|Draw4|col4,A,own,1,2,1,4,4,2,4408,4,3,True,2,7,8,8
Michigan4,LS1,Evening,Set1,Draw4,4,col4,Evening|Set1|Draw4|col4,A,own,1,2,1,4,4,3,4408,4,3,True,2,7,8,8
Michigan4,LS1,Evening,Set1,Draw4,4,col4,Evening|Set1|Draw4|col4,A,own,1,2,1,4,4,4,4408,4,3,True,2,7,8,8
Michigan4,LS1,Evening,Set1,Draw4,4,col4,Evening|Set1|Draw4|col4,A,own,1,2,1,4,4,5,4408,4,3,True,2,7,8,8
Michigan4,LS1,Evening,Set1,Draw4,4,col4,Evening|Set1|Draw4|col4,A,own,1,2,1,4,4,6,44,2,1,True,2,7,8,8
Michigan4,LS1,Evening,Set1,Draw4,4,col4,Evening|Set1|Draw4|col4,A,own,1,2,1,4,4,7,,0,0,False,2,7,8,8
Michigan4,LS1,Evening,Set1,Draw4,4,col4,Evening|Set1|Draw4|col4,A,combined,1,2,1,4,4,0,554401186677,12,7,False,3,6,7,7
Michigan4,LS1,Evening,Set1,Draw4,4,col4,Evening|Set1|Draw4|col4,A,combined,1,2,1,4,4,1,55440866,8,5,False,3,6,7,7
Michigan4,LS1,Evening,Set1,Draw4,4,col4,Evening|Set1|Draw4|col4,A,combined,1,2,1,4,4,2,55440866,8,5,False,3,6,7,7
Michigan4,LS1,Evening,Set1,Draw4,4,col4,Evening|Set1|Draw4|col4,A,combined,1,2,1,4,4,3,4408,4,3,True,3,6,7,7
Michigan4,LS1,Evening,Set1,Draw4,4,col4,Evening|Set1|Draw4|col4,A,combined,1,2,1,4,4,4,4408,4,3,True,3,6,7,7
Michigan4,LS1,Evening,Set1,Draw4,4,col4,Evening|Set1|Draw4|col4,A,combined,1,2,1,4,4,5,4408,4,3,True,3,6,7,7
Michigan4,LS1,Evening,Set1,Draw4,4,col4,Evening|Set1|Draw4|col4,A,combined,1,2,1,4,4,6,,0,0,False,3,6,7,7
Michigan4,LS1,Evening,Set1,Draw4,4,col4,Evening|Set1|Draw4|col4,B,own,1,2,1,4,4,0,554401186677,12,7,False,2,6,7,7
Michigan4,LS1,Evening,Set1,Draw4,4,col4,Evening|Set1|Draw4|col4,B,own,1,2,1,4,4,1,554408,6,4,False,2,6,7,7
Michigan4,LS1,Evening,Set1,Draw4,4,col4,Evening|Set1|Draw4|col4,B,own,1,2,1,4,4,2,4408,4,3,True,2,6,7,7
Michigan4,LS1,Evening,Set1,Draw4,4,col4,Evening|Set1|Draw4|col4,B,own,1,2,1,4,4,3,4408,4,3,True,2,6,7,7
Michigan4,LS1,Evening,Set1,Draw4,4,col4,Evening|Set1|Draw4|col4,B,own,1,2,1,4,4,4,0,1,1,True,2,6,7,7
Michigan4,LS1,Evening,Set1,Draw4,4,col4,Evening|Set1|Draw4|col4,B,own,1,2,1,4,4,5,0,1,1,True,2,6,7,7
Michigan4,LS1,Evening,Set1,Draw4,4,col4,Evening|Set1|Draw4|col4,B,own,1,2,1,4,4,6,,0,0,False,2,6,7,7
Michigan4,LS1,Evening,Set1,Draw4,4,col4,Evening|Set1|Draw4|col4,B,combined,1,2,1,4,4,0,554401186677,12,7,False,2,4,5,5
Michigan4,LS1,Evening,Set1,Draw4,4,col4,Evening|Set1|Draw4|col4,B,combined,1,2,1,4,4,1,554408,6,4,False,2,4,5,5
Michigan4,LS1,Evening,Set1,Draw4,4,col4,Evening|Set1|Draw4|col4,B,combined,1,2,1,4,4,2,550,3,2,True,2,4,5,5
Michigan4,LS1,Evening,Set1,Draw4,4,col4,Evening|Set1|Draw4|col4,B,combined,1,2,1,4,4,3,0,1,1,True,2,4,5,5
Michigan4,LS1,Evening,Set1,Draw4,4,col4,Evening|Set1|Draw4|col4,B,combined,1,2,1,4,4,4,,0,0,False,2,4,5,5
Michigan4,LS1,Evening,Set1,Draw4,4,col4,Evening|Set1|Draw4|col4,C,own,1,2,1,4,4,0,554401186677,12,7,False,2,4,5,5
Michigan4,LS1,Evening,Set1,Draw4,4,col4,Evening|Set1|Draw4|col4,C,own,1,2,1,4,4,1,554408,6,4,False,2,4,5,5
Michigan4,LS1,Evening,Set1,Draw4,4,col4,Evening|Set1|Draw4|col4,C,own,1,2,1,4,4,2,448,3,2,True,2,4,5,5
Michigan4,LS1,Evening,Set1,Draw4,4,col4,Evening|Set1|Draw4|col4,C,own,1,2,1,4,4,3,448,3,2,True,2,4,5,5
Michigan4,LS1,Evening,Set1,Draw4,4,col4,Evening|Set1|Draw4|col4,C,own,1,2,1,4,4,4,,0,0,False,2,4,5,5
Michigan4,LS1,Evening,Set1,Draw4,4,col4,Evening|Set1|Draw4|col4,C,combined,1,2,1,4,4,0,554401186677,12,7,False,2,3,4,4
Michigan4,LS1,Evening,Set1,Draw4,4,col4,Evening|Set1|Draw4|col4,C,combined,1,2,1,4,4,1,554408,6,4,False,2,3,4,4
Michigan4,LS1,Evening,Set1,Draw4,4,col4,Evening|Set1|Draw4|col4,C,combined,1,2,1,4,4,2,550,3,2,True,2,3,4,4
Michigan4,LS1,Evening,Set1,Draw4,4,col4,Evening|Set1|Draw4|col4,C,combined,1,2,1,4,4,3,,0,0,False,2,3,4,4
Michigan4,LS1,Evening,Set1,Draw4,4,col4,Evening|Set1|Draw4|col4,D,own,1,2,1,4,4,0,554401186677,12,7,False,2,5,6,6
Michigan4,LS1,Evening,Set1,Draw4,4,col4,Evening|Set1|Draw4|col4,D,own,1,2,1,4,4,1,554408,6,4,False,2,5,6,6
Michigan4,LS1,Evening,Set1,Draw4,4,col4,Evening|Set1|Draw4|col4,D,own,1,2,1,4,4,2,448,3,2,True,2,5,6,6
Michigan4,LS1,Evening,Set1,Draw4,4,col4,Evening|Set1|Draw4|col4,D,own,1,2,1,4,4,3,448,3,2,True,2,5,6,6
Michigan4,LS1,Evening,Set1,Draw4,4,col4,Evening|Set1|Draw4|col4,D,own,1,2,1,4,4,4,4,1,1,True,2,5,6,6
Michigan4,LS1,Evening,Set1,Draw4,4,col4,Evening|Set1|Draw4|col4,D,own,1,2,1,4,4,5,,0,0,False,2,5,6,6
Michigan4,LS1,Evening,Set1,Draw4,4,col4,Evening|Set1|Draw4|col4,D,combined,1,2,1,4,4,0,554401186677,12,7,False,2,6,7,6
Michigan4,LS1,Evening,Set1,Draw4,4,col4,Evening|Set1|Draw4|col4,D,combined,1,2,1,4,4,1,554408,6,4,False,2,6,7,6
Michigan4,LS1,Evening,Set1,Draw4,4,col4,Evening|Set1|Draw4|col4,D,combined,1,2,1,4,4,2,5540,4,3,True,2,6,7,6
Michigan4,LS1,Evening,Set1,Draw4,4,col4,Evening|Set1|Draw4|col4,D,combined,1,2,1,4,4,3,4,1,1,True,2,6,7,6
Michigan4,LS1,Evening,Set1,Draw4,4,col4,Evening|Set1|Draw4|col4,D,combined,1,2,1,4,4,4,4,1,1,True,2,6,7,6
Michigan4,LS1,Evening,Set1,Draw4,4,col4,Evening|Set1|Draw4|col4,D,combined,1,2,1,4,4,6,,0,0,False,2,6,7,6
Michigan4,LS1,Evening,Set1,Draw4,4,col4,Evening|Set1|Draw4|col4,E,own,1,2,1,4,4,0,554401186677,12,7,False,4,9,10,9
Michigan4,LS1,Evening,Set1,Draw4,4,col4,Evening|Set1|Draw4|col4,E,own,1,2,1,4,4,1,554408667,9,6,False,4,9,10,9
Michigan4,LS1,Evening,Set1,Draw4,4,col4,Evening|Set1|Draw4|col4,E,own,1,2,1,4,4,2,544087,6,5,False,4,9,10,9
Michigan4,LS1,Evening,Set1,Draw4,4,col4,Evening|Set1|Draw4|col4,E,own,1,2,1,4,4,3,54408,5,4,False,4,9,10,9
Michigan4,LS1,Evening,Set1,Draw4,4,col4,Evening|Set1|Draw4|col4,E,own,1,2,1,4,4,4,540,3,3,True,4,9,10,9
Michigan4,LS1,Evening,Set1,Draw4,4,col4,Evening|Set1|Draw4|col4,E,own,1,2,1,4,4,5,50,2,2,True,4,9,10,9
Michigan4,LS1,Evening,Set1,Draw4,4,col4,Evening|Set1|Draw4|col4,E,own,1,2,1,4,4,6,5,1,1,True,4,9,10,9
Michigan4,LS1,Evening,Set1,Draw4,4,col4,Evening|Set1|Draw4|col4,E,own,1,2,1,4,4,7,5,1,1,True,4,9,10,9
Michigan4,LS1,Evening,Set1,Draw4,4,col4,Evening|Set1|Draw4|col4,E,own,1,2,1,4,4,9,,0,0,False,4,9,10,9
Michigan4,LS1,Evening,Set1,Draw4,4,col4,Evening|Set1|Draw4|col4,E,combined,1,2,1,4,4,0,554401186677,12,7,False,4,6,7,7
Michigan4,LS1,Evening,Set1,Draw4,4,col4,Evening|Set1|Draw4|col4,E,combined,1,2,1,4,4,1,554408667,9,6,False,4,6,7,7
Michigan4,LS1,Evening,Set1,Draw4,4,col4,Evening|Set1|Draw4|col4,E,combined,1,2,1,4,4,2,554067,6,5,False,4,6,7,7
Michigan4,LS1,Evening,Set1,Draw4,4,col4,Evening|Set1|Draw4|col4,E,combined,1,2,1,4,4,3,5407,4,4,False,4,6,7,7
Michigan4,LS1,Evening,Set1,Draw4,4,col4,Evening|Set1|Draw4|col4,E,combined,1,2,1,4,4,4,407,3,3,True,4,6,7,7
Michigan4,LS1,Evening,Set1,Draw4,4,col4,Evening|Set1|Draw4|col4,E,combined,1,2,1,4,4,5,40,2,2,True,4,6,7,7
Michigan4,LS1,Evening,Set1,Draw4,4,col4,Evening|Set1|Draw4|col4,E,combined,1,2,1,4,4,6,,0,0,False,4,6,7,7
Michigan4,LS1,Evening,Set1,Draw4,4,col4,Evening|Set1|Draw4|col4,T,own,1,2,1,4,4,0,554401186677,12,7,False,2,7,8,6
Michigan4,LS1,Evening,Set1,Draw4,4,col4,Evening|Set1|Draw4|col4,T,own,1,2,1,4,4,1,554408,6,4,False,2,7,8,6
Michigan4,LS1,Evening,Set1,Draw4,4,col4,Evening|Set1|Draw4|col4,T,own,1,2,1,4,4,2,448,3,2,True,2,7,8,6
Michigan4,LS1,Evening,Set1,Draw4,4,col4,Evening|Set1|Draw4|col4,T,own,1,2,1,4,4,3,448,3,2,True,2,7,8,6
Michigan4,LS1,Evening,Set1,Draw4,4,col4,Evening|Set1|Draw4|col4,T,own,1,2,1,4,4,6,44,2,1,True,2,7,8,6
Michigan4,LS1,Evening,Set1,Draw4,4,col4,Evening|Set1|Draw4|col4,T,own,1,2,1,4,4,7,,0,0,False,2,7,8,6
Michigan4,LS1,Evening,Set1,Draw4,4,col4,Evening|Set1|Draw4|col4,T,combined,1,2,1,4,4,0,554401186677,12,7,False,2,6,7,6
Michigan4,LS1,Evening,Set1,Draw4,4,col4,Evening|Set1|Draw4|col4,T,combined,1,2,1,4,4,1,554408,6,4,False,2,6,7,6
Michigan4,LS1,Evening,Set1,Draw4,4,col4,Evening|Set1|Draw4|col4,T,combined,1,2,1,4,4,2,550,3,2,True,2,6,7,6
Michigan4,LS1,Evening,Set1,Draw4,4,col4,Evening|Set1|Draw4|col4,T,combined,1,2,1,4,4,3,0,1,1,True,2,6,7,6
Michigan4,LS1,Evening,Set1,Draw4,4,col4,Evening|Set1|Draw4|col4,T,combined,1,2,1,4,4,4,0,1,1,True,2,6,7,6
Michigan4,LS1,Evening,Set1,Draw4,4,col4,Evening|Set1|Draw4|col4,T,combined,1,2,1,4,4,6,,0,0,False,2,6,7,6
Michigan4,LS1,Evening,Set1,Draw4,2,col2,Evening|Set1|Draw4|col2,A,own,1,2,1,4,2,0,5440877**,9,6,False,6,7,29,8
Michigan4,LS1,Evening,Set1,Draw4,2,col2,Evening|Set1|Draw4|col2,A,own,1,2,1,4,2,1,54408**,7,5,False,6,7,29,8
Michigan4,LS1,Evening,Set1,Draw4,2,col2,Evening|Set1|Draw4|col2,A,own,1,2,1,4,2,2,4408**,6,4,False,6,7,29,8
Michigan4,LS1,Evening,Set1,Draw4,2,col2,Evening|Set1|Draw4|col2,A,own,1,2,1,4,2,3,4408**,6,4,False,6,7,29,8
Michigan4,LS1,Evening,Set1,Draw4,2,col2,Evening|Set1|Draw4|col2,A,own,1,2,1,4,2,4,4408**,6,4,False,6,7,29,8
Michigan4,LS1,Evening,Set1,Draw4,2,col2,Evening|Set1|Draw4|col2,A,own,1,2,1,4,2,5,4408**,6,4,False,6,7,29,8
Michigan4,LS1,Evening,Set1,Draw4,2,col2,Evening|Set1|Draw4|col2,A,own,1,2,1,4,2,6,44**,4,2,True,6,7,29,8
Michigan4,LS1,Evening,Set1,Draw4,2,col2,Evening|Set1|Draw4|col2,A,own,1,2,1,4,2,7,**,2,1,True,6,7,29,8
Michigan4,LS1,Evening,Set1,Draw4,2,col2,Evening|Set1|Draw4|col2,A,combined,1,2,1,4,2,0,5440877**,9,6,False,6,6,57,7
Michigan4,LS1,Evening,Set1,Draw4,2,col2,Evening|Set1|Draw4|col2,A,combined,1,2,1,4,2,1,54408**,7,5,False,6,6,57,7
Michigan4,LS1,Evening,Set1,Draw4,2,col2,Evening|Set1|Draw4|col2,A,combined,1,2,1,4,2,2,54408**,7,5,False,6,6,57,7
Michigan4,LS1,Evening,Set1,Draw4,2,col2,Evening|Set1|Draw4|col2,A,combined,1,2,1,4,2,3,4408**,6,4,False,6,6,57,7
Michigan4,LS1,Evening,Set1,Draw4,2,col2,Evening|Set1|Draw4|col2,A,combined,1,2,1,4,2,4,4408**,6,4,False,6,6,57,7
Michigan4,LS1,Evening,Set1,Draw4,2,col2,Evening|Set1|Draw4|col2,A,combined,1,2,1,4,2,5,4408**,6,4,False,6,6,57,7
Michigan4,LS1,Evening,Set1,Draw4,2,col2,Evening|Set1|Draw4|col2,A,combined,1,2,1,4,2,6,**,2,1,True,6,6,57,7
Michigan4,LS1,Evening,Set1,Draw4,2,col2,Evening|Set1|Draw4|col2,B,own,1,2,1,4,2,0,5440877**,9,6,False,4,6,29,7
Michigan4,LS1,Evening,Set1,Draw4,2,col2,Evening|Set1|Draw4|col2,B,own,1,2,1,4,2,1,54408**,7,5,False,4,6,29,7
Michigan4,LS1,Evening,Set1,Draw4,2,col2,Evening|Set1|Draw4|col2,B,own,1,2,1,4,2,2,4408**,6,4,False,4,6,29,7
Michigan4,LS1,Evening,Set1,Draw4,2,col2,Evening|Set1|Draw4|col2,B,own,1,2,1,4,2,3,4408**,6,4,False,4,6,29,7
Michigan4,LS1,Evening,Set1,Draw4,2,col2,Evening|Set1|Draw4|col2,B,own,1,2,1,4,2,4,0**,3,2,True,4,6,29,7
Michigan4,LS1,Evening,Set1,Draw4,2,col2,Evening|Set1|Draw4|col2,B,own,1,2,1,4,2,5,0**,3,2,True,4,6,29,7
Michigan4,LS1,Evening,Set1,Draw4,2,col2,Evening|Set1|Draw4|col2,B,own,1,2,1,4,2,6,**,2,1,True,4,6,29,7
Michigan4,LS1,Evening,Set1,Draw4,2,col2,Evening|Set1|Draw4|col2,B,combined,1,2,1,4,2,0,5440877**,9,6,False,2,4,57,5
Michigan4,LS1,Evening,Set1,Draw4,2,col2,Evening|Set1|Draw4|col2,B,combined,1,2,1,4,2,1,54408**,7,5,False,2,4,57,5
Michigan4,LS1,Evening,Set1,Draw4,2,col2,Evening|Set1|Draw4|col2,B,combined,1,2,1,4,2,2,50**,4,3,True,2,4,57,5
Michigan4,LS1,Evening,Set1,Draw4,2,col2,Evening|Set1|Draw4|col2,B,combined,1,2,1,4,2,3,0**,3,2,True,2,4,57,5
Michigan4,LS1,Evening,Set1,Draw4,2,col2,Evening|Set1|Draw4|col2,B,combined,1,2,1,4,2,4,**,2,1,True,2,4,57,5
Michigan4,LS1,Evening,Set1,Draw4,2,col2,Evening|Set1|Draw4|col2,C,own,1,2,1,4,2,0,5440877**,9,6,False,2,4,29,5
Michigan4,LS1,Evening,Set1,Draw4,2,col2,Evening|Set1|Draw4|col2,C,own,1,2,1,4,2,1,54408**,7,5,False,2,4,29,5
Michigan4,LS1,Evening,Set1,Draw4,2,col2,Evening|Set1|Draw4|col2,C,own,1,2,1,4,2,2,448**,5,3,True,2,4,29,5
Michigan4,LS1,Evening,Set1,Draw4,2,col2,Evening|Set1|Draw4|col2,C,own,1,2,1,4,2,3,448**,5,3,True,2,4,29,5
Michigan4,LS1,Evening,Set1,Draw4,2,col2,Evening|Set1|Draw4|col2,C,own,1,2,1,4,2,4,**,2,1,True,2,4,29,5
Michigan4,LS1,Evening,Set1,Draw4,2,col2,Evening|Set1|Draw4|col2,C,combined,1,2,1,4,2,0,5440877**,9,6,False,2,3,57,4
Michigan4,LS1,Evening,Set1,Draw4,2,col2,Evening|Set1|Draw4|col2,C,combined,1,2,1,4,2,1,54408**,7,5,False,2,3,57,4
Michigan4,LS1,Evening,Set1,Draw4,2,col2,Evening|Set1|Draw4|col2,C,combined,1,2,1,4,2,2,50**,4,3,True,2,3,57,4
Michigan4,LS1,Evening,Set1,Draw4,2,col2,Evening|Set1|Draw4|col2,C,combined,1,2,1,4,2,3,**,2,1,True,2,3,57,4
Michigan4,LS1,Evening,Set1,Draw4,2,col2,Evening|Set1|Draw4|col2,D,own,1,2,1,4,2,0,5440877**,9,6,False,2,5,29,6
Michigan4,LS1,Evening,Set1,Draw4,2,col2,Evening|Set1|Draw4|col2,D,own,1,2,1,4,2,1,54408**,7,5,False,2,5,29,6
Michigan4,LS1,Evening,Set1,Draw4,2,col2,Evening|Set1|Draw4|col2,D,own,1,2,1,4,2,2,448**,5,3,True,2,5,29,6
Michigan4,LS1,Evening,Set1,Draw4,2,col2,Evening|Set1|Draw4|col2,D,own,1,2,1,4,2,3,448**,5,3,True,2,5,29,6
Michigan4,LS1,Evening,Set1,Draw4,2,col2,Evening|Set1|Draw4|col2,D,own,1,2,1,4,2,4,4**,3,2,True,2,5,29,6
Michigan4,LS1,Evening,Set1,Draw4,2,col2,Evening|Set1|Draw4|col2,D,own,1,2,1,4,2,5,**,2,1,True,2,5,29,6
Michigan4,LS1,Evening,Set1,Draw4,2,col2,Evening|Set1|Draw4|col2,D,combined,1,2,1,4,2,0,5440877**,9,6,False,3,6,57,6
Michigan4,LS1,Evening,Set1,Draw4,2,col2,Evening|Set1|Draw4|col2,D,combined,1,2,1,4,2,1,54408**,7,5,False,3,6,57,6
Michigan4,LS1,Evening,Set1,Draw4,2,col2,Evening|Set1|Draw4|col2,D,combined,1,2,1,4,2,2,540**,5,4,False,3,6,57,6
Michigan4,LS1,Evening,Set1,Draw4,2,col2,Evening|Set1|Draw4|col2,D,combined,1,2,1,4,2,3,4**,3,2,True,3,6,57,6
Michigan4,LS1,Evening,Set1,Draw4,2,col2,Evening|Set1|Draw4|col2,D,combined,1,2,1,4,2,4,4**,3,2,True,3,6,57,6
Michigan4,LS1,Evening,Set1,Draw4,2,col2,Evening|Set1|Draw4|col2,D,combined,1,2,1,4,2,6,**,2,1,True,3,6,57,6
Michigan4,LS1,Evening,Set1,Draw4,2,col2,Evening|Set1|Draw4|col2,E,own,1,2,1,4,2,0,5440877**,9,6,False,4,6,29,7
Michigan4,LS1,Evening,Set1,Draw4,2,col2,Evening|Set1|Draw4|col2,E,own,1,2,1,4,2,1,544087**,8,6,False,4,6,29,7
Michigan4,LS1,Evening,Set1,Draw4,2,col2,Evening|Set1|Draw4|col2,E,own,1,2,1,4,2,2,44087**,7,5,False,4,6,29,7
Michigan4,LS1,Evening,Set1,Draw4,2,col2,Evening|Set1|Draw4|col2,E,own,1,2,1,4,2,3,4408**,6,4,False,4,6,29,7
Michigan4,LS1,Evening,Set1,Draw4,2,col2,Evening|Set1|Draw4|col2,E,own,1,2,1,4,2,4,40**,4,3,True,4,6,29,7
Michigan4,LS1,Evening,Set1,Draw4,2,col2,Evening|Set1|Draw4|col2,E,own,1,2,1,4,2,5,0**,3,2,True,4,6,29,7
Michigan4,LS1,Evening,Set1,Draw4,2,col2,Evening|Set1|Draw4|col2,E,own,1,2,1,4,2,6,**,2,1,True,4,6,29,7
Michigan4,LS1,Evening,Set1,Draw4,2,col2,Evening|Set1|Draw4|col2,E,combined,1,2,1,4,2,0,5440877**,9,6,False,4,6,57,7
Michigan4,LS1,Evening,Set1,Draw4,2,col2,Evening|Set1|Draw4|col2,E,combined,1,2,1,4,2,1,544087**,8,6,False,4,6,57,7
Michigan4,LS1,Evening,Set1,Draw4,2,col2,Evening|Set1|Draw4|col2,E,combined,1,2,1,4,2,2,5407**,6,5,False,4,6,57,7
Michigan4,LS1,Evening,Set1,Draw4,2,col2,Evening|Set1|Draw4|col2,E,combined,1,2,1,4,2,3,407**,5,4,False,4,6,57,7
Michigan4,LS1,Evening,Set1,Draw4,2,col2,Evening|Set1|Draw4|col2,E,combined,1,2,1,4,2,4,47**,4,3,True,4,6,57,7
Michigan4,LS1,Evening,Set1,Draw4,2,col2,Evening|Set1|Draw4|col2,E,combined,1,2,1,4,2,5,4**,3,2,True,4,6,57,7
Michigan4,LS1,Evening,Set1,Draw4,2,col2,Evening|Set1|Draw4|col2,E,combined,1,2,1,4,2,6,**,2,1,True,4,6,57,7
Michigan4,LS1,Evening,Set1,Draw4,2,col2,Evening|Set1|Draw4|col2,T,own,1,2,1,4,2,0,5440877**,9,6,False,2,4,29,5
Michigan4,LS1,Evening,Set1,Draw4,2,col2,Evening|Set1|Draw4|col2,T,own,1,2,1,4,2,1,54408**,7,5,False,2,4,29,5
Michigan4,LS1,Evening,Set1,Draw4,2,col2,Evening|Set1|Draw4|col2,T,own,1,2,1,4,2,2,448**,5,3,True,2,4,29,5
Michigan4,LS1,Evening,Set1,Draw4,2,col2,Evening|Set1|Draw4|col2,T,own,1,2,1,4,2,3,448**,5,3,True,2,4,29,5
Michigan4,LS1,Evening,Set1,Draw4,2,col2,Evening|Set1|Draw4|col2,T,own,1,2,1,4,2,4,**,2,1,True,2,4,29,5
Michigan4,LS1,Evening,Set1,Draw4,2,col2,Evening|Set1|Draw4|col2,T,combined,1,2,1,4,2,0,5440877**,9,6,False,2,6,57,6
Michigan4,LS1,Evening,Set1,Draw4,2,col2,Evening|Set1|Draw4|col2,T,combined,1,2,1,4,2,1,54408**,7,5,False,2,6,57,6
Michigan4,LS1,Evening,Set1,Draw4,2,col2,Evening|Set1|Draw4|col2,T,combined,1,2,1,4,2,2,50**,4,3,True,2,6,57,6
Michigan4,LS1,Evening,Set1,Draw4,2,col2,Evening|Set1|Draw4|col2,T,combined,1,2,1,4,2,3,0**,3,2,True,2,6,57,6
Michigan4,LS1,Evening,Set1,Draw4,2,col2,Evening|Set1|Draw4|col2,T,combined,1,2,1,4,2,4,0**,3,2,True,2,6,57,6
Michigan4,LS1,Evening,Set1,Draw4,2,col2,Evening|Set1|Draw4|col2,T,combined,1,2,1,4,2,6,**,2,1,True,2,6,57,6
Michigan4,LS1,Evening,Set1,Draw5,3,col3,Evening|Set1|Draw5|col3,A,own,1,2,1,5,3,0,554400188677,12,7,False,2,7,8,8
Michigan4,LS1,Evening,Set1,Draw5,3,col3,Evening|Set1|Draw5|col3,A,own,1,2,1,5,3,1,554400886,9,5,False,2,7,8,8
Michigan4,LS1,Evening,Set1,Draw5,3,col3,Evening|Set1|Draw5|col3,A,own,1,2,1,5,3,2,440088,6,3,True,2,7,8,8
Michigan4,LS1,Evening,Set1,Draw5,3,col3,Evening|Set1|Draw5|col3,A,own,1,2,1,5,3,3,440088,6,3,True,2,7,8,8
Michigan4,LS1,Evening,Set1,Draw5,3,col3,Evening|Set1|Draw5|col3,A,own,1,2,1,5,3,4,440088,6,3,True,2,7,8,8
Michigan4,LS1,Evening,Set1,Draw5,3,col3,Evening|Set1|Draw5|col3,A,own,1,2,1,5,3,5,440088,6,3,True,2,7,8,8
Michigan4,LS1,Evening,Set1,Draw5,3,col3,Evening|Set1|Draw5|col3,A,own,1,2,1,5,3,6,44,2,1,True,2,7,8,8
Michigan4,LS1,Evening,Set1,Draw5,3,col3,Evening|Set1|Draw5|col3,A,own,1,2,1,5,3,7,,0,0,False,2,7,8,8
Michigan4,LS1,Evening,Set1,Draw5,3,col3,Evening|Set1|Draw5|col3,A,combined,1,2,1,5,3,0,554400188677,12,7,False,3,6,7,7
Michigan4,LS1,Evening,Set1,Draw5,3,col3,Evening|Set1|Draw5|col3,A,combined,1,2,1,5,3,1,554400886,9,5,False,3,6,7,7
Michigan4,LS1,Evening,Set1,Draw5,3,col3,Evening|Set1|Draw5|col3,A,combined,1,2,1,5,3,2,554400886,9,5,False,3,6,7,7
Michigan4,LS1,Evening,Set1,Draw5,3,col3,Evening|Set1|Draw5|col3,A,combined,1,2,1,5,3,3,440088,6,3,True,3,6,7,7
Michigan4,LS1,Evening,Set1,Draw5,3,col3,Evening|Set1|Draw5|col3,A,combined,1,2,1,5,3,4,440088,6,3,True,3,6,7,7
Michigan4,LS1,Evening,Set1,Draw5,3,col3,Evening|Set1|Draw5|col3,A,combined,1,2,1,5,3,5,440088,6,3,True,3,6,7,7
Michigan4,LS1,Evening,Set1,Draw5,3,col3,Evening|Set1|Draw5|col3,A,combined,1,2,1,5,3,6,,0,0,False,3,6,7,7
Michigan4,LS1,Evening,Set1,Draw5,3,col3,Evening|Set1|Draw5|col3,B,own,1,2,1,5,3,0,554400188677,12,7,False,2,6,7,7
Michigan4,LS1,Evening,Set1,Draw5,3,col3,Evening|Set1|Draw5|col3,B,own,1,2,1,5,3,1,55440088,8,4,False,2,6,7,7
Michigan4,LS1,Evening,Set1,Draw5,3,col3,Evening|Set1|Draw5|col3,B,own,1,2,1,5,3,2,440088,6,3,True,2,6,7,7
Michigan4,LS1,Evening,Set1,Draw5,3,col3,Evening|Set1|Draw5|col3,B,own,1,2,1,5,3,3,440088,6,3,True,2,6,7,7
Michigan4,LS1,Evening,Set1,Draw5,3,col3,Evening|Set1|Draw5|col3,B,own,1,2,1,5,3,4,00,2,1,True,2,6,7,7
Michigan4,LS1,Evening,Set1,Draw5,3,col3,Evening|Set1|Draw5|col3,B,own,1,2,1,5,3,5,00,2,1,True,2,6,7,7
Michigan4,LS1,Evening,Set1,Draw5,3,col3,Evening|Set1|Draw5|col3,B,own,1,2,1,5,3,6,,0,0,False,2,6,7,7
Michigan4,LS1,Evening,Set1,Draw5,3,col3,Evening|Set1|Draw5|col3,B,combined,1,2,1,5,3,0,554400188677,12,7,False,2,4,5,5
Michigan4,LS1,Evening,Set1,Draw5,3,col3,Evening|Set1|Draw5|col3,B,combined,1,2,1,5,3,1,55440088,8,4,False,2,4,5,5
Michigan4,LS1,Evening,Set1,Draw5,3,col3,Evening|Set1|Draw5|col3,B,combined,1,2,1,5,3,2,5500,4,2,True,2,4,5,5
Michigan4,LS1,Evening,Set1,Draw5,3,col3,Evening|Set1|Draw5|col3,B,combined,1,2,1,5,3,3,00,2,1,True,2,4,5,5
Michigan4,LS1,Evening,Set1,Draw5,3,col3,Evening|Set1|Draw5|col3,B,combined,1,2,1,5,3,4,,0,0,False,2,4,5,5
Michigan4,LS1,Evening,Set1,Draw5,3,col3,Evening|Set1|Draw5|col3,C,own,1,2,1,5,3,0,554400188677,12,7,False,2,4,5,5
Michigan4,LS1,Evening,Set1,Draw5,3,col3,Evening|Set1|Draw5|col3,C,own,1,2,1,5,3,1,55440088,8,4,False,2,4,5,5
Michigan4,LS1,Evening,Set1,Draw5,3,col3,Evening|Set1|Draw5|col3,C,own,1,2,1,5,3,2,4488,4,2,True,2,4,5,5
Michigan4,LS1,Evening,Set1,Draw5,3,col3,Evening|Set1|Draw5|col3,C,own,1,2,1,5,3,3,4488,4,2,True,2,4,5,5
Michigan4,LS1,Evening,Set1,Draw5,3,col3,Evening|Set1|Draw5|col3,C,own,1,2,1,5,3,4,,0,0,False,2,4,5,5
Michigan4,LS1,Evening,Set1,Draw5,3,col3,Evening|Set1|Draw5|col3,C,combined,1,2,1,5,3,0,554400188677,12,7,False,2,3,4,4
Michigan4,LS1,Evening,Set1,Draw5,3,col3,Evening|Set1|Draw5|col3,C,combined,1,2,1,5,3,1,55440088,8,4,False,2,3,4,4
Michigan4,LS1,Evening,Set1,Draw5,3,col3,Evening|Set1|Draw5|col3,C,combined,1,2,1,5,3,2,5500,4,2,True,2,3,4,4
Michigan4,LS1,Evening,Set1,Draw5,3,col3,Evening|Set1|Draw5|col3,C,combined,1,2,1,5,3,3,,0,0,False,2,3,4,4
Michigan4,LS1,Evening,Set1,Draw5,3,col3,Evening|Set1|Draw5|col3,D,own,1,2,1,5,3,0,554400188677,12,7,False,2,6,7,7
Michigan4,LS1,Evening,Set1,Draw5,3,col3,Evening|Set1|Draw5|col3,D,own,1,2,1,5,3,1,55440088,8,4,False,2,6,7,7
Michigan4,LS1,Evening,Set1,Draw5,3,col3,Evening|Set1|Draw5|col3,D,own,1,2,1,5,3,2,44088,5,3,True,2,6,7,7
Michigan4,LS1,Evening,Set1,Draw5,3,col3,Evening|Set1|Draw5|col3,D,own,1,2,1,5,3,3,44088,5,3,True,2,6,7,7
Michigan4,LS1,Evening,Set1,Draw5,3,col3,Evening|Set1|Draw5|col3,D,own,1,2,1,5,3,4,40,2,2,True,2,6,7,7
Michigan4,LS1,Evening,Set1,Draw5,3,col3,Evening|Set1|Draw5|col3,D,own,1,2,1,5,3,5,0,1,1,True,2,6,7,7
Michigan4,LS1,Evening,Set1,Draw5,3,col3,Evening|Set1|Draw5|col3,D,own,1,2,1,5,3,6,,0,0,False,2,6,7,7
Michigan4,LS1,Evening,Set1,Draw5,3,col3,Evening|Set1|Draw5|col3,D,combined,1,2,1,5,3,0,554400188677,12,7,False,3,6,7,7
Michigan4,LS1,Evening,Set1,Draw5,3,col3,Evening|Set1|Draw5|col3,D,combined,1,2,1,5,3,1,55440088,8,4,False,3,6,7,7
Michigan4,LS1,Evening,Set1,Draw5,3,col3,Evening|Set1|Draw5|col3,D,combined,1,2,1,5,3,2,554008,6,4,False,3,6,7,7
Michigan4,LS1,Evening,Set1,Draw5,3,col3,Evening|Set1|Draw5|col3,D,combined,1,2,1,5,3,3,408,3,3,True,3,6,7,7
Michigan4,LS1,Evening,Set1,Draw5,3,col3,Evening|Set1|Draw5|col3,D,combined,1,2,1,5,3,4,48,2,2,True,3,6,7,7
Michigan4,LS1,Evening,Set1,Draw5,3,col3,Evening|Set1|Draw5|col3,D,combined,1,2,1,5,3,5,48,2,2,True,3,6,7,7
Michigan4,LS1,Evening,Set1,Draw5,3,col3,Evening|Set1|Draw5|col3,D,combined,1,2,1,5,3,6,,0,0,False,3,6,7,7
Michigan4,LS1,Evening,Set1,Draw5,3,col3,Evening|Set1|Draw5|col3,E,own,1,2,1,5,3,0,554400188677,12,7,False,4,13,14,11
Michigan4,LS1,Evening,Set1,Draw5,3,col3,Evening|Set1|Draw5|col3,E,own,1,2,1,5,3,1,554400887,9,5,False,4,13,14,11
Michigan4,LS1,Evening,Set1,Draw5,3,col3,Evening|Set1|Draw5|col3,E,own,1,2,1,5,3,2,54400887,8,5,False,4,13,14,11
Michigan4,LS1,Evening,Set1,Draw5,3,col3,Evening|Set1|Draw5|col3,E,own,1,2,1,5,3,3,5440088,7,4,False,4,13,14,11
Michigan4,LS1,Evening,Set1,Draw5,3,col3,Evening|Set1|Draw5|col3,E,own,1,2,1,5,3,4,5400,4,3,True,4,13,14,11
Michigan4,LS1,Evening,Set1,Draw5,3,col3,Evening|Set1|Draw5|col3,E,own,1,2,1,5,3,5,500,3,2,True,4,13,14,11
Michigan4,LS1,Evening,Set1,Draw5,3,col3,Evening|Set1|Draw5|col3,E,own,1,2,1,5,3,6,50,2,2,True,4,13,14,11
Michigan4,LS1,Evening,Set1,Draw5,3,col3,Evening|Set1|Draw5|col3,E,own,1,2,1,5,3,7,50,2,2,True,4,13,14,11
Michigan4,LS1,Evening,Set1,Draw5,3,col3,Evening|Set1|Draw5|col3,E,own,1,2,1,5,3,9,0,1,1,True,4,13,14,11
Michigan4,LS1,Evening,Set1,Draw5,3,col3,Evening|Set1|Draw5|col3,E,own,1,2,1,5,3,10,0,1,1,True,4,13,14,11
Michigan4,LS1,Evening,Set1,Draw5,3,col3,Evening|Set1|Draw5|col3,E,own,1,2,1,5,3,13,,0,0,False,4,13,14,11
Michigan4,LS1,Evening,Set1,Draw5,3,col3,Evening|Set1|Draw5|col3,E,combined,1,2,1,5,3,0,554400188677,12,7,False,5,10,11,9
Michigan4,LS1,Evening,Set1,Draw5,3,col3,Evening|Set1|Draw5|col3,E,combined,1,2,1,5,3,1,554400887,9,5,False,5,10,11,9
Michigan4,LS1,Evening,Set1,Draw5,3,col3,Evening|Set1|Draw5|col3,E,combined,1,2,1,5,3,2,5540087,7,5,False,5,10,11,9
Michigan4,LS1,Evening,Set1,Draw5,3,col3,Evening|Set1|Draw5|col3,E,combined,1,2,1,5,3,3,540087,6,5,False,5,10,11,9
Michigan4,LS1,Evening,Set1,Draw5,3,col3,Evening|Set1|Draw5|col3,E,combined,1,2,1,5,3,4,40087,5,4,False,5,10,11,9
Michigan4,LS1,Evening,Set1,Draw5,3,col3,Evening|Set1|Draw5|col3,E,combined,1,2,1,5,3,5,4008,4,3,True,5,10,11,9
Michigan4,LS1,Evening,Set1,Draw5,3,col3,Evening|Set1|Draw5|col3,E,combined,1,2,1,5,3,6,0,1,1,True,5,10,11,9
Michigan4,LS1,Evening,Set1,Draw5,3,col3,Evening|Set1|Draw5|col3,E,combined,1,2,1,5,3,7,0,1,1,True,5,10,11,9
Michigan4,LS1,Evening,Set1,Draw5,3,col3,Evening|Set1|Draw5|col3,E,combined,1,2,1,5,3,10,,0,0,False,5,10,11,9
Michigan4,LS1,Evening,Set1,Draw5,3,col3,Evening|Set1|Draw5|col3,T,own,1,2,1,5,3,0,554400188677,12,7,False,2,7,8,7
Michigan4,LS1,Evening,Set1,Draw5,3,col3,Evening|Set1|Draw5|col3,T,own,1,2,1,5,3,1,55440088,8,4,False,2,7,8,7
Michigan4,LS1,Evening,Set1,Draw5,3,col3,Evening|Set1|Draw5|col3,T,own,1,2,1,5,3,2,4488,4,2,True,2,7,8,7
Michigan4,LS1,Evening,Set1,Draw5,3,col3,Evening|Set1|Draw5|col3,T,own,1,2,1,5,3,3,4488,4,2,True,2,7,8,7
Michigan4,LS1,Evening,Set1,Draw5,3,col3,Evening|Set1|Draw5|col3,T,own,1,2,1,5,3,4,44,2,1,True,2,7,8,7
Michigan4,LS1,Evening,Set1,Draw5,3,col3,Evening|Set1|Draw5|col3,T,own,1,2,1,5,3,5,44,2,1,True,2,7,8,7
Michigan4,LS1,Evening,Set1,Draw5,3,col3,Evening|Set1|Draw5|col3,T,own,1,2,1,5,3,7,,0,0,False,2,7,8,7
Michigan4,LS1,Evening,Set1,Draw5,3,col3,Evening|Set1|Draw5|col3,T,combined,1,2,1,5,3,0,554400188677,12,7,False,2,6,7,6
Michigan4,LS1,Evening,Set1,Draw5,3,col3,Evening|Set1|Draw5|col3,T,combined,1,2,1,5,3,1,55440088,8,4,False,2,6,7,6
Michigan4,LS1,Evening,Set1,Draw5,3,col3,Evening|Set1|Draw5|col3,T,combined,1,2,1,5,3,2,5500,4,2,True,2,6,7,6
Michigan4,LS1,Evening,Set1,Draw5,3,col3,Evening|Set1|Draw5|col3,T,combined,1,2,1,5,3,3,00,2,1,True,2,6,7,6
Michigan4,LS1,Evening,Set1,Draw5,3,col3,Evening|Set1|Draw5|col3,T,combined,1,2,1,5,3,4,00,2,1,True,2,6,7,6
Michigan4,LS1,Evening,Set1,Draw5,3,col3,Evening|Set1|Draw5|col3,T,combined,1,2,1,5,3,6,,0,0,False,2,6,7,6
Michigan4,LS1,Evening,Set1,Draw5,2,col2,Evening|Set1|Draw5|col2,A,own,1,2,1,5,2,0,544008877**,11,6,False,6,7,29,8
Michigan4,LS1,Evening,Set1,Draw5,2,col2,Evening|Set1|Draw5|col2,A,own,1,2,1,5,2,1,5440088**,9,5,False,6,7,29,8
Michigan4,LS1,Evening,Set1,Draw5,2,col2,Evening|Set1|Draw5|col2,A,own,1,2,1,5,2,2,440088**,8,4,False,6,7,29,8
Michigan4,LS1,Evening,Set1,Draw5,2,col2,Evening|Set1|Draw5|col2,A,own,1,2,1,5,2,3,440088**,8,4,False,6,7,29,8
Michigan4,LS1,Evening,Set1,Draw5,2,col2,Evening|Set1|Draw5|col2,A,own,1,2,1,5,2,4,440088**,8,4,False,6,7,29,8
Michigan4,LS1,Evening,Set1,Draw5,2,col2,Evening|Set1|Draw5|col2,A,own,1,2,1,5,2,5,440088**,8,4,False,6,7,29,8
Michigan4,LS1,Evening,Set1,Draw5,2,col2,Evening|Set1|Draw5|col2,A,own,1,2,1,5,2,6,44**,4,2,True,6,7,29,8
Michigan4,LS1,Evening,Set1,Draw5,2,col2,Evening|Set1|Draw5|col2,A,own,1,2,1,5,2,7,**,2,1,True,6,7,29,8
Michigan4,LS1,Evening,Set1,Draw5,2,col2,Evening|Set1|Draw5|col2,A,combined,1,2,1,5,2,0,544008877**,11,6,False,6,6,57,7
Michigan4,LS1,Evening,Set1,Draw5,2,col2,Evening|Set1|Draw5|col2,A,combined,1,2,1,5,2,1,5440088**,9,5,False,6,6,57,7
Michigan4,LS1,Evening,Set1,Draw5,2,col2,Evening|Set1|Draw5|col2,A,combined,1,2,1,5,2,2,5440088**,9,5,False,6,6,57,7
Michigan4,LS1,Evening,Set1,Draw5,2,col2,Evening|Set1|Draw5|col2,A,combined,1,2,1,5,2,3,440088**,8,4,False,6,6,57,7
Michigan4,LS1,Evening,Set1,Draw5,2,col2,Evening|Set1|Draw5|col2,A,combined,1,2,1,5,2,4,440088**,8,4,False,6,6,57,7
Michigan4,LS1,Evening,Set1,Draw5,2,col2,Evening|Set1|Draw5|col2,A,combined,1,2,1,5,2,5,440088**,8,4,False,6,6,57,7
Michigan4,LS1,Evening,Set1,Draw5,2,col2,Evening|Set1|Draw5|col2,A,combined,1,2,1,5,2,6,**,2,1,True,6,6,57,7
Michigan4,LS1,Evening,Set1,Draw5,2,col2,Evening|Set1|Draw5|col2,B,own,1,2,1,5,2,0,544008877**,11,6,False,4,6,29,7
Michigan4,LS1,Evening,Set1,Draw5,2,col2,Evening|Set1|Draw5|col2,B,own,1,2,1,5,2,1,5440088**,9,5,False,4,6,29,7
Michigan4,LS1,Evening,Set1,Draw5,2,col2,Evening|Set1|Draw5|col2,B,own,1,2,1,5,2,2,440088**,8,4,False,4,6,29,7
Michigan4,LS1,Evening,Set1,Draw5,2,col2,Evening|Set1|Draw5|col2,B,own,1,2,1,5,2,3,440088**,8,4,False,4,6,29,7
Michigan4,LS1,Evening,Set1,Draw5,2,col2,Evening|Set1|Draw5|col2,B,own,1,2,1,5,2,4,00**,4,2,True,4,6,29,7
Michigan4,LS1,Evening,Set1,Draw5,2,col2,Evening|Set1|Draw5|col2,B,own,1,2,1,5,2,5,00**,4,2,True,4,6,29,7
Michigan4,LS1,Evening,Set1,Draw5,2,col2,Evening|Set1|Draw5|col2,B,own,1,2,1,5,2,6,**,2,1,True,4,6,29,7
Michigan4,LS1,Evening,Set1,Draw5,2,col2,Evening|Set1|Draw5|col2,B,combined,1,2,1,5,2,0,544008877**,11,6,False,2,4,57,5
Michigan4,LS1,Evening,Set1,Draw5,2,col2,Evening|Set1|Draw5|col2,B,combined,1,2,1,5,2,1,5440088**,9,5,False,2,4,57,5
Michigan4,LS1,Evening,Set1,Draw5,2,col2,Evening|Set1|Draw5|col2,B,combined,1,2,1,5,2,2,500**,5,3,True,2,4,57,5
Michigan4,LS1,Evening,Set1,Draw5,2,col2,Evening|Set1|Draw5|col2,B,combined,1,2,1,5,2,3,00**,4,2,True,2,4,57,5
Michigan4,LS1,Evening,Set1,Draw5,2,col2,Evening|Set1|Draw5|col2,B,combined,1,2,1,5,2,4,**,2,1,True,2,4,57,5
Michigan4,LS1,Evening,Set1,Draw5,2,col2,Evening|Set1|Draw5|col2,C,own,1,2,1,5,2,0,544008877**,11,6,False,2,4,29,5
Michigan4,LS1,Evening,Set1,Draw5,2,col2,Evening|Set1|Draw5|col2,C,own,1,2,1,5,2,1,5440088**,9,5,False,2,4,29,5
Michigan4,LS1,Evening,Set1,Draw5,2,col2,Evening|Set1|Draw5|col2,C,own,1,2,1,5,2,2,4488**,6,3,True,2,4,29,5
Michigan4,LS1,Evening,Set1,Draw5,2,col2,Evening|Set1|Draw5|col2,C,own,1,2,1,5,2,3,4488**,6,3,True,2,4,29,5
Michigan4,LS1,Evening,Set1,Draw5,2,col2,Evening|Set1|Draw5|col2,C,own,1,2,1,5,2,4,**,2,1,True,2,4,29,5
Michigan4,LS1,Evening,Set1,Draw5,2,col2,Evening|Set1|Draw5|col2,C,combined,1,2,1,5,2,0,544008877**,11,6,False,2,3,57,4
Michigan4,LS1,Evening,Set1,Draw5,2,col2,Evening|Set1|Draw5|col2,C,combined,1,2,1,5,2,1,5440088**,9,5,False,2,3,57,4
Michigan4,LS1,Evening,Set1,Draw5,2,col2,Evening|Set1|Draw5|col2,C,combined,1,2,1,5,2,2,500**,5,3,True,2,3,57,4
Michigan4,LS1,Evening,Set1,Draw5,2,col2,Evening|Set1|Draw5|col2,C,combined,1,2,1,5,2,3,**,2,1,True,2,3,57,4
Michigan4,LS1,Evening,Set1,Draw5,2,col2,Evening|Set1|Draw5|col2,D,own,1,2,1,5,2,0,544008877**,11,6,False,4,6,29,7
Michigan4,LS1,Evening,Set1,Draw5,2,col2,Evening|Set1|Draw5|col2,D,own,1,2,1,5,2,1,5440088**,9,5,False,4,6,29,7
Michigan4,LS1,Evening,Set1,Draw5,2,col2,Evening|Set1|Draw5|col2,D,own,1,2,1,5,2,2,44088**,7,4,False,4,6,29,7
Michigan4,LS1,Evening,Set1,Draw5,2,col2,Evening|Set1|Draw5|col2,D,own,1,2,1,5,2,3,44088**,7,4,False,4,6,29,7
Michigan4,LS1,Evening,Set1,Draw5,2,col2,Evening|Set1|Draw5|col2,D,own,1,2,1,5,2,4,40**,4,3,True,4,6,29,7
Michigan4,LS1,Evening,Set1,Draw5,2,col2,Evening|Set1|Draw5|col2,D,own,1,2,1,5,2,5,0**,3,2,True,4,6,29,7
Michigan4,LS1,Evening,Set1,Draw5,2,col2,Evening|Set1|Draw5|col2,D,own,1,2,1,5,2,6,**,2,1,True,4,6,29,7
Michigan4,LS1,Evening,Set1,Draw5,2,col2,Evening|Set1|Draw5|col2,D,combined,1,2,1,5,2,0,544008877**,11,6,False,4,6,57,7
Michigan4,LS1,Evening,Set1,Draw5,2,col2,Evening|Set1|Draw5|col2,D,combined,1,2,1,5,2,1,5440088**,9,5,False,4,6,57,7
Michigan4,LS1,Evening,Set1,Draw5,2,col2,Evening|Set1|Draw5|col2,D,combined,1,2,1,5,2,2,54008**,7,5,False,4,6,57,7
Michigan4,LS1,Evening,Set1,Draw5,2,col2,Evening|Set1|Draw5|col2,D,combined,1,2,1,5,2,3,408**,5,4,False,4,6,57,7
Michigan4,LS1,Evening,Set1,Draw5,2,col2,Evening|Set1|Draw5|col2,D,combined,1,2,1,5,2,4,48**,4,3,True,4,6,57,7
Michigan4,LS1,Evening,Set1,Draw5,2,col2,Evening|Set1|Draw5|col2,D,combined,1,2,1,5,2,5,48**,4,3,True,4,6,57,7
Michigan4,LS1,Evening,Set1,Draw5,2,col2,Evening|Set1|Draw5|col2,D,combined,1,2,1,5,2,6,**,2,1,True,4,6,57,7
Michigan4,LS1,Evening,Set1,Draw5,2,col2,Evening|Set1|Draw5|col2,E,own,1,2,1,5,2,0,544008877**,11,6,False,4,9,29,9
Michigan4,LS1,Evening,Set1,Draw5,2,col2,Evening|Set1|Draw5|col2,E,own,1,2,1,5,2,1,54400887**,10,6,False,4,9,29,9
Michigan4,LS1,Evening,Set1,Draw5,2,col2,Evening|Set1|Draw5|col2,E,own,1,2,1,5,2,2,4400887**,9,5,False,4,9,29,9
Michigan4,LS1,Evening,Set1,Draw5,2,col2,Evening|Set1|Draw5|col2,E,own,1,2,1,5,2,3,440088**,8,4,False,4,9,29,9
Michigan4,LS1,Evening,Set1,Draw5,2,col2,Evening|Set1|Draw5|col2,E,own,1,2,1,5,2,4,400**,5,3,True,4,9,29,9
Michigan4,LS1,Evening,Set1,Draw5,2,col2,Evening|Set1|Draw5|col2,E,own,1,2,1,5,2,5,00**,4,2,True,4,9,29,9
Michigan4,LS1,Evening,Set1,Draw5,2,col2,Evening|Set1|Draw5|col2,E,own,1,2,1,5,2,6,0**,3,2,True,4,9,29,9
Michigan4,LS1,Evening,Set1,Draw5,2,col2,Evening|Set1|Draw5|col2,E,own,1,2,1,5,2,7,0**,3,2,True,4,9,29,9
Michigan4,LS1,Evening,Set1,Draw5,2,col2,Evening|Set1|Draw5|col2,E,own,1,2,1,5,2,9,**,2,1,True,4,9,29,9
Michigan4,LS1,Evening,Set1,Draw5,2,col2,Evening|Set1|Draw5|col2,E,combined,1,2,1,5,2,0,544008877**,11,6,False,6,6,57,7
Michigan4,LS1,Evening,Set1,Draw5,2,col2,Evening|Set1|Draw5|col2,E,combined,1,2,1,5,2,1,54400887**,10,6,False,6,6,57,7
Michigan4,LS1,Evening,Set1,Draw5,2,col2,Evening|Set1|Draw5|col2,E,combined,1,2,1,5,2,2,540087**,8,6,False,6,6,57,7
Michigan4,LS1,Evening,Set1,Draw5,2,col2,Evening|Set1|Draw5|col2,E,combined,1,2,1,5,2,3,40087**,7,5,False,6,6,57,7
Michigan4,LS1,Evening,Set1,Draw5,2,col2,Evening|Set1|Draw5|col2,E,combined,1,2,1,5,2,4,4087**,6,5,False,6,6,57,7
Michigan4,LS1,Evening,Set1,Draw5,2,col2,Evening|Set1|Draw5|col2,E,combined,1,2,1,5,2,5,408**,5,4,False,6,6,57,7
Michigan4,LS1,Evening,Set1,Draw5,2,col2,Evening|Set1|Draw5|col2,E,combined,1,2,1,5,2,6,**,2,1,True,6,6,57,7
Michigan4,LS1,Evening,Set1,Draw5,2,col2,Evening|Set1|Draw5|col2,T,own,1,2,1,5,2,0,544008877**,11,6,False,2,4,29,5
Michigan4,LS1,Evening,Set1,Draw5,2,col2,Evening|Set1|Draw5|col2,T,own,1,2,1,5,2,1,5440088**,9,5,False,2,4,29,5
Michigan4,LS1,Evening,Set1,Draw5,2,col2,Evening|Set1|Draw5|col2,T,own,1,2,1,5,2,2,4488**,6,3,True,2,4,29,5
Michigan4,LS1,Evening,Set1,Draw5,2,col2,Evening|Set1|Draw5|col2,T,own,1,2,1,5,2,3,4488**,6,3,True,2,4,29,5
Michigan4,LS1,Evening,Set1,Draw5,2,col2,Evening|Set1|Draw5|col2,T,own,1,2,1,5,2,4,**,2,1,True,2,4,29,5
Michigan4,LS1,Evening,Set1,Draw5,2,col2,Evening|Set1|Draw5|col2,T,combined,1,2,1,5,2,0,544008877**,11,6,False,2,3,57,4
Michigan4,LS1,Evening,Set1,Draw5,2,col2,Evening|Set1|Draw5|col2,T,combined,1,2,1,5,2,1,5440088**,9,5,False,2,3,57,4
Michigan4,LS1,Evening,Set1,Draw5,2,col2,Evening|Set1|Draw5|col2,T,combined,1,2,1,5,2,2,500**,5,3,True,2,3,57,4
Michigan4,LS1,Evening,Set1,Draw5,2,col2,Evening|Set1|Draw5|col2,T,combined,1,2,1,5,2,3,**,2,1,True,2,3,57,4
Michigan4,LS1,Evening,Set1,Draw5,1,col1,Evening|Set1|Draw5|col1,A,own,1,2,1,5,1,0,54400887**,10,6,False,6,7,29,8
Michigan4,LS1,Evening,Set1,Draw5,1,col1,Evening|Set1|Draw5|col1,A,own,1,2,1,5,1,1,5440088**,9,5,False,6,7,29,8
Michigan4,LS1,Evening,Set1,Draw5,1,col1,Evening|Set1|Draw5|col1,A,own,1,2,1,5,1,2,440088**,8,4,False,6,7,29,8
Michigan4,LS1,Evening,Set1,Draw5,1,col1,Evening|Set1|Draw5|col1,A,own,1,2,1,5,1,3,440088**,8,4,False,6,7,29,8
Michigan4,LS1,Evening,Set1,Draw5,1,col1,Evening|Set1|Draw5|col1,A,own,1,2,1,5,1,4,440088**,8,4,False,6,7,29,8
Michigan4,LS1,Evening,Set1,Draw5,1,col1,Evening|Set1|Draw5|col1,A,own,1,2,1,5,1,5,440088**,8,4,False,6,7,29,8
Michigan4,LS1,Evening,Set1,Draw5,1,col1,Evening|Set1|Draw5|col1,A,own,1,2,1,5,1,6,44**,4,2,True,6,7,29,8
Michigan4,LS1,Evening,Set1,Draw5,1,col1,Evening|Set1|Draw5|col1,A,own,1,2,1,5,1,7,**,2,1,True,6,7,29,8
Michigan4,LS1,Evening,Set1,Draw5,1,col1,Evening|Set1|Draw5|col1,A,combined,1,2,1,5,1,0,54400887**,10,6,False,6,6,57,7
Michigan4,LS1,Evening,Set1,Draw5,1,col1,Evening|Set1|Draw5|col1,A,combined,1,2,1,5,1,1,5440088**,9,5,False,6,6,57,7
Michigan4,LS1,Evening,Set1,Draw5,1,col1,Evening|Set1|Draw5|col1,A,combined,1,2,1,5,1,2,5440088**,9,5,False,6,6,57,7
Michigan4,LS1,Evening,Set1,Draw5,1,col1,Evening|Set1|Draw5|col1,A,combined,1,2,1,5,1,3,440088**,8,4,False,6,6,57,7
Michigan4,LS1,Evening,Set1,Draw5,1,col1,Evening|Set1|Draw5|col1,A,combined,1,2,1,5,1,4,440088**,8,4,False,6,6,57,7
Michigan4,LS1,Evening,Set1,Draw5,1,col1,Evening|Set1|Draw5|col1,A,combined,1,2,1,5,1,5,440088**,8,4,False,6,6,57,7
Michigan4,LS1,Evening,Set1,Draw5,1,col1,Evening|Set1|Draw5|col1,A,combined,1,2,1,5,1,6,**,2,1,True,6,6,57,7
Michigan4,LS1,Evening,Set1,Draw5,1,col1,Evening|Set1|Draw5|col1,B,own,1,2,1,5,1,0,54400887**,10,6,False,4,6,29,7
Michigan4,LS1,Evening,Set1,Draw5,1,col1,Evening|Set1|Draw5|col1,B,own,1,2,1,5,1,1,5440088**,9,5,False,4,6,29,7
Michigan4,LS1,Evening,Set1,Draw5,1,col1,Evening|Set1|Draw5|col1,B,own,1,2,1,5,1,2,440088**,8,4,False,4,6,29,7
Michigan4,LS1,Evening,Set1,Draw5,1,col1,Evening|Set1|Draw5|col1,B,own,1,2,1,5,1,3,440088**,8,4,False,4,6,29,7
Michigan4,LS1,Evening,Set1,Draw5,1,col1,Evening|Set1|Draw5|col1,B,own,1,2,1,5,1,4,00**,4,2,True,4,6,29,7
Michigan4,LS1,Evening,Set1,Draw5,1,col1,Evening|Set1|Draw5|col1,B,own,1,2,1,5,1,5,00**,4,2,True,4,6,29,7
Michigan4,LS1,Evening,Set1,Draw5,1,col1,Evening|Set1|Draw5|col1,B,own,1,2,1,5,1,6,**,2,1,True,4,6,29,7
Michigan4,LS1,Evening,Set1,Draw5,1,col1,Evening|Set1|Draw5|col1,B,combined,1,2,1,5,1,0,54400887**,10,6,False,2,4,57,5
Michigan4,LS1,Evening,Set1,Draw5,1,col1,Evening|Set1|Draw5|col1,B,combined,1,2,1,5,1,1,5440088**,9,5,False,2,4,57,5
Michigan4,LS1,Evening,Set1,Draw5,1,col1,Evening|Set1|Draw5|col1,B,combined,1,2,1,5,1,2,500**,5,3,True,2,4,57,5
Michigan4,LS1,Evening,Set1,Draw5,1,col1,Evening|Set1|Draw5|col1,B,combined,1,2,1,5,1,3,00**,4,2,True,2,4,57,5
Michigan4,LS1,Evening,Set1,Draw5,1,col1,Evening|Set1|Draw5|col1,B,combined,1,2,1,5,1,4,**,2,1,True,2,4,57,5
Michigan4,LS1,Evening,Set1,Draw5,1,col1,Evening|Set1|Draw5|col1,C,own,1,2,1,5,1,0,54400887**,10,6,False,2,4,29,5
Michigan4,LS1,Evening,Set1,Draw5,1,col1,Evening|Set1|Draw5|col1,C,own,1,2,1,5,1,1,5440088**,9,5,False,2,4,29,5
Michigan4,LS1,Evening,Set1,Draw5,1,col1,Evening|Set1|Draw5|col1,C,own,1,2,1,5,1,2,4488**,6,3,True,2,4,29,5
Michigan4,LS1,Evening,Set1,Draw5,1,col1,Evening|Set1|Draw5|col1,C,own,1,2,1,5,1,3,4488**,6,3,True,2,4,29,5
Michigan4,LS1,Evening,Set1,Draw5,1,col1,Evening|Set1|Draw5|col1,C,own,1,2,1,5,1,4,**,2,1,True,2,4,29,5
Michigan4,LS1,Evening,Set1,Draw5,1,col1,Evening|Set1|Draw5|col1,C,combined,1,2,1,5,1,0,54400887**,10,6,False,2,3,57,4
Michigan4,LS1,Evening,Set1,Draw5,1,col1,Evening|Set1|Draw5|col1,C,combined,1,2,1,5,1,1,5440088**,9,5,False,2,3,57,4
Michigan4,LS1,Evening,Set1,Draw5,1,col1,Evening|Set1|Draw5|col1,C,combined,1,2,1,5,1,2,500**,5,3,True,2,3,57,4
Michigan4,LS1,Evening,Set1,Draw5,1,col1,Evening|Set1|Draw5|col1,C,combined,1,2,1,5,1,3,**,2,1,True,2,3,57,4
Michigan4,LS1,Evening,Set1,Draw5,1,col1,Evening|Set1|Draw5|col1,D,own,1,2,1,5,1,0,54400887**,10,6,False,4,6,29,7
Michigan4,LS1,Evening,Set1,Draw5,1,col1,Evening|Set1|Draw5|col1,D,own,1,2,1,5,1,1,5440088**,9,5,False,4,6,29,7
Michigan4,LS1,Evening,Set1,Draw5,1,col1,Evening|Set1|Draw5|col1,D,own,1,2,1,5,1,2,44088**,7,4,False,4,6,29,7
Michigan4,LS1,Evening,Set1,Draw5,1,col1,Evening|Set1|Draw5|col1,D,own,1,2,1,5,1,3,44088**,7,4,False,4,6,29,7
Michigan4,LS1,Evening,Set1,Draw5,1,col1,Evening|Set1|Draw5|col1,D,own,1,2,1,5,1,4,40**,4,3,True,4,6,29,7
Michigan4,LS1,Evening,Set1,Draw5,1,col1,Evening|Set1|Draw5|col1,D,own,1,2,1,5,1,5,0**,3,2,True,4,6,29,7
Michigan4,LS1,Evening,Set1,Draw5,1,col1,Evening|Set1|Draw5|col1,D,own,1,2,1,5,1,6,**,2,1,True,4,6,29,7
Michigan4,LS1,Evening,Set1,Draw5,1,col1,Evening|Set1|Draw5|col1,D,combined,1,2,1,5,1,0,54400887**,10,6,False,4,6,57,7
Michigan4,LS1,Evening,Set1,Draw5,1,col1,Evening|Set1|Draw5|col1,D,combined,1,2,1,5,1,1,5440088**,9,5,False,4,6,57,7
Michigan4,LS1,Evening,Set1,Draw5,1,col1,Evening|Set1|Draw5|col1,D,combined,1,2,1,5,1,2,54008**,7,5,False,4,6,57,7
Michigan4,LS1,Evening,Set1,Draw5,1,col1,Evening|Set1|Draw5|col1,D,combined,1,2,1,5,1,3,408**,5,4,False,4,6,57,7
Michigan4,LS1,Evening,Set1,Draw5,1,col1,Evening|Set1|Draw5|col1,D,combined,1,2,1,5,1,4,48**,4,3,True,4,6,57,7
Michigan4,LS1,Evening,Set1,Draw5,1,col1,Evening|Set1|Draw5|col1,D,combined,1,2,1,5,1,5,48**,4,3,True,4,6,57,7
Michigan4,LS1,Evening,Set1,Draw5,1,col1,Evening|Set1|Draw5|col1,D,combined,1,2,1,5,1,6,**,2,1,True,4,6,57,7
Michigan4,LS1,Evening,Set1,Draw5,1,col1,Evening|Set1|Draw5|col1,E,own,1,2,1,5,1,0,54400887**,10,6,False,4,9,29,9
Michigan4,LS1,Evening,Set1,Draw5,1,col1,Evening|Set1|Draw5|col1,E,own,1,2,1,5,1,1,5440088**,9,5,False,4,9,29,9
Michigan4,LS1,Evening,Set1,Draw5,1,col1,Evening|Set1|Draw5|col1,E,own,1,2,1,5,1,2,440088**,8,4,False,4,9,29,9
Michigan4,LS1,Evening,Set1,Draw5,1,col1,Evening|Set1|Draw5|col1,E,own,1,2,1,5,1,3,440088**,8,4,False,4,9,29,9
Michigan4,LS1,Evening,Set1,Draw5,1,col1,Evening|Set1|Draw5|col1,E,own,1,2,1,5,1,4,400**,5,3,True,4,9,29,9
Michigan4,LS1,Evening,Set1,Draw5,1,col1,Evening|Set1|Draw5|col1,E,own,1,2,1,5,1,5,00**,4,2,True,4,9,29,9
Michigan4,LS1,Evening,Set1,Draw5,1,col1,Evening|Set1|Draw5|col1,E,own,1,2,1,5,1,6,0**,3,2,True,4,9,29,9
Michigan4,LS1,Evening,Set1,Draw5,1,col1,Evening|Set1|Draw5|col1,E,own,1,2,1,5,1,7,0**,3,2,True,4,9,29,9
Michigan4,LS1,Evening,Set1,Draw5,1,col1,Evening|Set1|Draw5|col1,E,own,1,2,1,5,1,9,**,2,1,True,4,9,29,9
Michigan4,LS1,Evening,Set1,Draw5,1,col1,Evening|Set1|Draw5|col1,E,combined,1,2,1,5,1,0,54400887**,10,6,False,6,6,57,7
Michigan4,LS1,Evening,Set1,Draw5,1,col1,Evening|Set1|Draw5|col1,E,combined,1,2,1,5,1,1,5440088**,9,5,False,6,6,57,7
Michigan4,LS1,Evening,Set1,Draw5,1,col1,Evening|Set1|Draw5|col1,E,combined,1,2,1,5,1,2,54008**,7,5,False,6,6,57,7
Michigan4,LS1,Evening,Set1,Draw5,1,col1,Evening|Set1|Draw5|col1,E,combined,1,2,1,5,1,3,4008**,6,4,False,6,6,57,7
Michigan4,LS1,Evening,Set1,Draw5,1,col1,Evening|Set1|Draw5|col1,E,combined,1,2,1,5,1,4,408**,5,4,False,6,6,57,7
Michigan4,LS1,Evening,Set1,Draw5,1,col1,Evening|Set1|Draw5|col1,E,combined,1,2,1,5,1,5,408**,5,4,False,6,6,57,7
Michigan4,LS1,Evening,Set1,Draw5,1,col1,Evening|Set1|Draw5|col1,E,combined,1,2,1,5,1,6,**,2,1,True,6,6,57,7
Michigan4,LS1,Evening,Set1,Draw5,1,col1,Evening|Set1|Draw5|col1,T,own,1,2,1,5,1,0,54400887**,10,6,False,2,4,29,5
Michigan4,LS1,Evening,Set1,Draw5,1,col1,Evening|Set1|Draw5|col1,T,own,1,2,1,5,1,1,5440088**,9,5,False,2,4,29,5
Michigan4,LS1,Evening,Set1,Draw5,1,col1,Evening|Set1|Draw5|col1,T,own,1,2,1,5,1,2,4488**,6,3,True,2,4,29,5
Michigan4,LS1,Evening,Set1,Draw5,1,col1,Evening|Set1|Draw5|col1,T,own,1,2,1,5,1,3,4488**,6,3,True,2,4,29,5
Michigan4,LS1,Evening,Set1,Draw5,1,col1,Evening|Set1|Draw5|col1,T,own,1,2,1,5,1,4,**,2,1,True,2,4,29,5
Michigan4,LS1,Evening,Set1,Draw5,1,col1,Evening|Set1|Draw5|col1,T,combined,1,2,1,5,1,0,54400887**,10,6,False,2,3,57,4
Michigan4,LS1,Evening,Set1,Draw5,1,col1,Evening|Set1|Draw5|col1,T,combined,1,2,1,5,1,1,5440088**,9,5,False,2,3,57,4
Michigan4,LS1,Evening,Set1,Draw5,1,col1,Evening|Set1|Draw5|col1,T,combined,1,2,1,5,1,2,500**,5,3,True,2,3,57,4
Michigan4,LS1,Evening,Set1,Draw5,1,col1,Evening|Set1|Draw5|col1,T,combined,1,2,1,5,1,3,**,2,1,True,2,3,57,4
Michigan4,LS1,Evening,Set1,Draw6,2,col2,Evening|Set1|Draw6|col2,A,own,1,2,1,6,2,0,59244008877,11,7,False,4,7,8,8
Michigan4,LS1,Evening,Set1,Draw6,2,col2,Evening|Set1|Draw6|col2,A,own,1,2,1,6,2,1,592440088,9,6,False,4,7,8,8
Michigan4,LS1,Evening,Set1,Draw6,2,col2,Evening|Set1|Draw6|col2,A,own,1,2,1,6,2,2,92440088,8,5,False,4,7,8,8
Michigan4,LS1,Evening,Set1,Draw6,2,col2,Evening|Set1|Draw6|col2,A,own,1,2,1,6,2,3,9440088,7,4,False,4,7,8,8
Michigan4,LS1,Evening,Set1,Draw6,2,col2,Evening|Set1|Draw6|col2,A,own,1,2,1,6,2,4,440088,6,3,True,4,7,8,8
Michigan4,LS1,Evening,Set1,Draw6,2,col2,Evening|Set1|Draw6|col2,A,own,1,2,1,6,2,5,440088,6,3,True,4,7,8,8
Michigan4,LS1,Evening,Set1,Draw6,2,col2,Evening|Set1|Draw6|col2,A,own,1,2,1,6,2,6,44,2,1,True,4,7,8,8
Michigan4,LS1,Evening,Set1,Draw6,2,col2,Evening|Set1|Draw6|col2,A,own,1,2,1,6,2,7,,0,0,False,4,7,8,8
Michigan4,LS1,Evening,Set1,Draw6,2,col2,Evening|Set1|Draw6|col2,A,combined,1,2,1,6,2,0,59244008877,11,7,False,5,6,7,7
Michigan4,LS1,Evening,Set1,Draw6,2,col2,Evening|Set1|Draw6|col2,A,combined,1,2,1,6,2,1,592440088,9,6,False,5,6,7,7
Michigan4,LS1,Evening,Set1,Draw6,2,col2,Evening|Set1|Draw6|col2,A,combined,1,2,1,6,2,2,52440088,8,5,False,5,6,7,7
Michigan4,LS1,Evening,Set1,Draw6,2,col2,Evening|Set1|Draw6|col2,A,combined,1,2,1,6,2,3,2440088,7,4,False,5,6,7,7
Michigan4,LS1,Evening,Set1,Draw6,2,col2,Evening|Set1|Draw6|col2,A,combined,1,2,1,6,2,4,2440088,7,4,False,5,6,7,7
Michigan4,LS1,Evening,Set1,Draw6,2,col2,Evening|Set1|Draw6|col2,A,combined,1,2,1,6,2,5,440088,6,3,True,5,6,7,7
Michigan4,LS1,Evening,Set1,Draw6,2,col2,Evening|Set1|Draw6|col2,A,combined,1,2,1,6,2,6,,0,0,False,5,6,7,7
Michigan4,LS1,Evening,Set1,Draw6,2,col2,Evening|Set1|Draw6|col2,B,own,1,2,1,6,2,0,59244008877,11,7,False,4,6,7,7
Michigan4,LS1,Evening,Set1,Draw6,2,col2,Evening|Set1|Draw6|col2,B,own,1,2,1,6,2,1,592440088,9,6,False,4,6,7,7
Michigan4,LS1,Evening,Set1,Draw6,2,col2,Evening|Set1|Draw6|col2,B,own,1,2,1,6,2,2,92440088,8,5,False,4,6,7,7
Michigan4,LS1,Evening,Set1,Draw6,2,col2,Evening|Set1|Draw6|col2,B,own,1,2,1,6,2,3,9440088,7,4,False,4,6,7,7
Michigan4,LS1,Evening,Set1,Draw6,2,col2,Evening|Set1|Draw6|col2,B,own,1,2,1,6,2,4,4400,4,2,True,4,6,7,7
Michigan4,LS1,Evening,Set1,Draw6,2,col2,Evening|Set1|Draw6|col2,B,own,1,2,1,6,2,5,00,2,1,True,4,6,7,7
Michigan4,LS1,Evening,Set1,Draw6,2,col2,Evening|Set1|Draw6|col2,B,own,1,2,1,6,2,6,,0,0,False,4,6,7,7
Michigan4,LS1,Evening,Set1,Draw6,2,col2,Evening|Set1|Draw6|col2,B,combined,1,2,1,6,2,0,59244008877,11,7,False,3,6,7,7
Michigan4,LS1,Evening,Set1,Draw6,2,col2,Evening|Set1|Draw6|col2,B,combined,1,2,1,6,2,1,592440088,9,6,False,3,6,7,7
Michigan4,LS1,Evening,Set1,Draw6,2,col2,Evening|Set1|Draw6|col2,B,combined,1,2,1,6,2,2,524400,6,4,False,3,6,7,7
Michigan4,LS1,Evening,Set1,Draw6,2,col2,Evening|Set1|Draw6|col2,B,combined,1,2,1,6,2,3,24400,5,3,True,3,6,7,7
Michigan4,LS1,Evening,Set1,Draw6,2,col2,Evening|Set1|Draw6|col2,B,combined,1,2,1,6,2,4,244,3,2,True,3,6,7,7
Michigan4,LS1,Evening,Set1,Draw6,2,col2,Evening|Set1|Draw6|col2,B,combined,1,2,1,6,2,5,44,2,1,True,3,6,7,7
Michigan4,LS1,Evening,Set1,Draw6,2,col2,Evening|Set1|Draw6|col2,B,combined,1,2,1,6,2,6,,0,0,False,3,6,7,7
Michigan4,LS1,Evening,Set1,Draw6,2,col2,Evening|Set1|Draw6|col2,C,own,1,2,1,6,2,0,59244008877,11,7,False,2,4,5,5
Michigan4,LS1,Evening,Set1,Draw6,2,col2,Evening|Set1|Draw6|col2,C,own,1,2,1,6,2,1,59440088,8,5,False,2,4,5,5
Michigan4,LS1,Evening,Set1,Draw6,2,col2,Evening|Set1|Draw6|col2,C,own,1,2,1,6,2,2,94488,5,3,True,2,4,5,5
Michigan4,LS1,Evening,Set1,Draw6,2,col2,Evening|Set1|Draw6|col2,C,own,1,2,1,6,2,3,94488,5,3,True,2,4,5,5
Michigan4,LS1,Evening,Set1,Draw6,2,col2,Evening|Set1|Draw6|col2,C,own,1,2,1,6,2,4,,0,0,False,2,4,5,5
Michigan4,LS1,Evening,Set1,Draw6,2,col2,Evening|Set1|Draw6|col2,C,combined,1,2,1,6,2,0,59244008877,11,7,False,2,3,4,4
Michigan4,LS1,Evening,Set1,Draw6,2,col2,Evening|Set1|Draw6|col2,C,combined,1,2,1,6,2,1,59440088,8,5,False,2,3,4,4
Michigan4,LS1,Evening,Set1,Draw6,2,col2,Evening|Set1|Draw6|col2,C,combined,1,2,1,6,2,2,500,3,2,True,2,3,4,4
Michigan4,LS1,Evening,Set1,Draw6,2,col2,Evening|Set1|Draw6|col2,C,combined,1,2,1,6,2,3,,0,0,False,2,3,4,4
Michigan4,LS1,Evening,Set1,Draw6,2,col2,Evening|Set1|Draw6|col2,D,own,1,2,1,6,2,0,59244008877,11,7,False,4,6,7,7
Michigan4,LS1,Evening,Set1,Draw6,2,col2,Evening|Set1|Draw6|col2,D,own,1,2,1,6,2,1,59440088,8,5,False,4,6,7,7
Michigan4,LS1,Evening,Set1,Draw6,2,col2,Evening|Set1|Draw6|col2,D,own,1,2,1,6,2,2,944088,6,4,False,4,6,7,7
Michigan4,LS1,Evening,Set1,Draw6,2,col2,Evening|Set1|Draw6|col2,D,own,1,2,1,6,2,3,944088,6,4,False,4,6,7,7
Michigan4,LS1,Evening,Set1,Draw6,2,col2,Evening|Set1|Draw6|col2,D,own,1,2,1,6,2,4,40,2,2,True,4,6,7,7
Michigan4,LS1,Evening,Set1,Draw6,2,col2,Evening|Set1|Draw6|col2,D,own,1,2,1,6,2,5,0,1,1,True,4,6,7,7
Michigan4,LS1,Evening,Set1,Draw6,2,col2,Evening|Set1|Draw6|col2,D,own,1,2,1,6,2,6,,0,0,False,4,6,7,7
Michigan4,LS1,Evening,Set1,Draw6,2,col2,Evening|Set1|Draw6|col2,D,combined,1,2,1,6,2,0,59244008877,11,7,False,3,6,7,7
Michigan4,LS1,Evening,Set1,Draw6,2,col2,Evening|Set1|Draw6|col2,D,combined,1,2,1,6,2,1,59440088,8,5,False,3,6,7,7
Michigan4,LS1,Evening,Set1,Draw6,2,col2,Evening|Set1|Draw6|col2,D,combined,1,2,1,6,2,2,54008,5,4,False,3,6,7,7
Michigan4,LS1,Evening,Set1,Draw6,2,col2,Evening|Set1|Draw6|col2,D,combined,1,2,1,6,2,3,408,3,3,True,3,6,7,7
Michigan4,LS1,Evening,Set1,Draw6,2,col2,Evening|Set1|Draw6|col2,D,combined,1,2,1,6,2,4,48,2,2,True,3,6,7,7
Michigan4,LS1,Evening,Set1,Draw6,2,col2,Evening|Set1|Draw6|col2,D,combined,1,2,1,6,2,5,48,2,2,True,3,6,7,7
Michigan4,LS1,Evening,Set1,Draw6,2,col2,Evening|Set1|Draw6|col2,D,combined,1,2,1,6,2,6,,0,0,False,3,6,7,7
Michigan4,LS1,Evening,Set1,Draw6,2,col2,Evening|Set1|Draw6|col2,E,own,1,2,1,6,2,0,59244008877,11,7,False,4,9,10,10
Michigan4,LS1,Evening,Set1,Draw6,2,col2,Evening|Set1|Draw6|col2,E,own,1,2,1,6,2,1,5924400887,10,7,False,4,9,10,10
Michigan4,LS1,Evening,Set1,Draw6,2,col2,Evening|Set1|Draw6|col2,E,own,1,2,1,6,2,2,924400887,9,6,False,4,9,10,10
Michigan4,LS1,Evening,Set1,Draw6,2,col2,Evening|Set1|Draw6|col2,E,own,1,2,1,6,2,3,94400887,8,5,False,4,9,10,10
Michigan4,LS1,Evening,Set1,Draw6,2,col2,Evening|Set1|Draw6|col2,E,own,1,2,1,6,2,4,44007,5,3,True,4,9,10,10
Michigan4,LS1,Evening,Set1,Draw6,2,col2,Evening|Set1|Draw6|col2,E,own,1,2,1,6,2,5,400,3,2,True,4,9,10,10
Michigan4,LS1,Evening,Set1,Draw6,2,col2,Evening|Set1|Draw6|col2,E,own,1,2,1,6,2,6,40,2,2,True,4,9,10,10
Michigan4,LS1,Evening,Set1,Draw6,2,col2,Evening|Set1|Draw6|col2,E,own,1,2,1,6,2,7,0,1,1,True,4,9,10,10
Michigan4,LS1,Evening,Set1,Draw6,2,col2,Evening|Set1|Draw6|col2,E,own,1,2,1,6,2,8,0,1,1,True,4,9,10,10
Michigan4,LS1,Evening,Set1,Draw6,2,col2,Evening|Set1|Draw6|col2,E,own,1,2,1,6,2,9,,0,0,False,4,9,10,10
Michigan4,LS1,Evening,Set1,Draw6,2,col2,Evening|Set1|Draw6|col2,E,combined,1,2,1,6,2,0,59244008877,11,7,False,6,9,10,10
Michigan4,LS1,Evening,Set1,Draw6,2,col2,Evening|Set1|Draw6|col2,E,combined,1,2,1,6,2,1,5924400887,10,7,False,6,9,10,10
Michigan4,LS1,Evening,Set1,Draw6,2,col2,Evening|Set1|Draw6|col2,E,combined,1,2,1,6,2,2,52440087,8,6,False,6,9,10,10
Michigan4,LS1,Evening,Set1,Draw6,2,col2,Evening|Set1|Draw6|col2,E,combined,1,2,1,6,2,3,2440087,7,5,False,6,9,10,10
Michigan4,LS1,Evening,Set1,Draw6,2,col2,Evening|Set1|Draw6|col2,E,combined,1,2,1,6,2,4,244087,6,5,False,6,9,10,10
Michigan4,LS1,Evening,Set1,Draw6,2,col2,Evening|Set1|Draw6|col2,E,combined,1,2,1,6,2,5,44087,5,4,False,6,9,10,10
Michigan4,LS1,Evening,Set1,Draw6,2,col2,Evening|Set1|Draw6|col2,E,combined,1,2,1,6,2,6,47,2,2,True,6,9,10,10
Michigan4,LS1,Evening,Set1,Draw6,2,col2,Evening|Set1|Draw6|col2,E,combined,1,2,1,6,2,7,7,1,1,True,6,9,10,10
Michigan4,LS1,Evening,Set1,Draw6,2,col2,Evening|Set1|Draw6|col2,E,combined,1,2,1,6,2,8,7,1,1,True,6,9,10,10
Michigan4,LS1,Evening,Set1,Draw6,2,col2,Evening|Set1|Draw6|col2,E,combined,1,2,1,6,2,9,,0,0,False,6,9,10,10
Michigan4,LS1,Evening,Set1,Draw6,2,col2,Evening|Set1|Draw6|col2,T,own,1,2,1,6,2,0,59244008877,11,7,False,2,7,8,7
Michigan4,LS1,Evening,Set1,Draw6,2,col2,Evening|Set1|Draw6|col2,T,own,1,2,1,6,2,1,59440088,8,5,False,2,7,8,7
Michigan4,LS1,Evening,Set1,Draw6,2,col2,Evening|Set1|Draw6|col2,T,own,1,2,1,6,2,2,94488,5,3,True,2,7,8,7
Michigan4,LS1,Evening,Set1,Draw6,2,col2,Evening|Set1|Draw6|col2,T,own,1,2,1,6,2,3,94488,5,3,True,2,7,8,7
Michigan4,LS1,Evening,Set1,Draw6,2,col2,Evening|Set1|Draw6|col2,T,own,1,2,1,6,2,4,44,2,1,True,2,7,8,7
Michigan4,LS1,Evening,Set1,Draw6,2,col2,Evening|Set1|Draw6|col2,T,own,1,2,1,6,2,5,44,2,1,True,2,7,8,7
Michigan4,LS1,Evening,Set1,Draw6,2,col2,Evening|Set1|Draw6|col2,T,own,1,2,1,6,2,7,,0,0,False,2,7,8,7
Michigan4,LS1,Evening,Set1,Draw6,2,col2,Evening|Set1|Draw6|col2,T,combined,1,2,1,6,2,0,59244008877,11,7,False,2,6,7,6
Michigan4,LS1,Evening,Set1,Draw6,2,col2,Evening|Set1|Draw6|col2,T,combined,1,2,1,6,2,1,59440088,8,5,False,2,6,7,6
Michigan4,LS1,Evening,Set1,Draw6,2,col2,Evening|Set1|Draw6|col2,T,combined,1,2,1,6,2,2,500,3,2,True,2,6,7,6
Michigan4,LS1,Evening,Set1,Draw6,2,col2,Evening|Set1|Draw6|col2,T,combined,1,2,1,6,2,3,00,2,1,True,2,6,7,6
Michigan4,LS1,Evening,Set1,Draw6,2,col2,Evening|Set1|Draw6|col2,T,combined,1,2,1,6,2,4,00,2,1,True,2,6,7,6
Michigan4,LS1,Evening,Set1,Draw6,2,col2,Evening|Set1|Draw6|col2,T,combined,1,2,1,6,2,6,,0,0,False,2,6,7,6
Michigan4,LS1,Evening,Set1,Draw7,1,col1,Evening|Set1|Draw7|col1,A,own,1,2,1,7,1,0,5992440033887,13,8,False,4,7,8,8
Michigan4,LS1,Evening,Set1,Draw7,1,col1,Evening|Set1|Draw7|col1,A,own,1,2,1,7,1,1,599244003388,12,7,False,4,7,8,8
Michigan4,LS1,Evening,Set1,Draw7,1,col1,Evening|Set1|Draw7|col1,A,own,1,2,1,7,1,2,99244003388,11,6,False,4,7,8,8
Michigan4,LS1,Evening,Set1,Draw7,1,col1,Evening|Set1|Draw7|col1,A,own,1,2,1,7,1,3,9944003388,10,5,False,4,7,8,8
Michigan4,LS1,Evening,Set1,Draw7,1,col1,Evening|Set1|Draw7|col1,A,own,1,2,1,7,1,4,440088,6,3,True,4,7,8,8
Michigan4,LS1,Evening,Set1,Draw7,1,col1,Evening|Set1|Draw7|col1,A,own,1,2,1,7,1,5,440088,6,3,True,4,7,8,8
Michigan4,LS1,Evening,Set1,Draw7,1,col1,Evening|Set1|Draw7|col1,A,own,1,2,1,7,1,6,44,2,1,True,4,7,8,8
Michigan4,LS1,Evening,Set1,Draw7,1,col1,Evening|Set1|Draw7|col1,A,own,1,2,1,7,1,7,,0,0,False,4,7,8,8
Michigan4,LS1,Evening,Set1,Draw7,1,col1,Evening|Set1|Draw7|col1,A,combined,1,2,1,7,1,0,5992440033887,13,8,False,5,6,7,7
Michigan4,LS1,Evening,Set1,Draw7,1,col1,Evening|Set1|Draw7|col1,A,combined,1,2,1,7,1,1,599244003388,12,7,False,5,6,7,7
Michigan4,LS1,Evening,Set1,Draw7,1,col1,Evening|Set1|Draw7|col1,A,combined,1,2,1,7,1,2,52440088,8,5,False,5,6,7,7
Michigan4,LS1,Evening,Set1,Draw7,1,col1,Evening|Set1|Draw7|col1,A,combined,1,2,1,7,1,3,2440088,7,4,False,5,6,7,7
Michigan4,LS1,Evening,Set1,Draw7,1,col1,Evening|Set1|Draw7|col1,A,combined,1,2,1,7,1,4,2440088,7,4,False,5,6,7,7
Michigan4,LS1,Evening,Set1,Draw7,1,col1,Evening|Set1|Draw7|col1,A,combined,1,2,1,7,1,5,440088,6,3,True,5,6,7,7
Michigan4,LS1,Evening,Set1,Draw7,1,col1,Evening|Set1|Draw7|col1,A,combined,1,2,1,7,1,6,,0,0,False,5,6,7,7
Michigan4,LS1,Evening,Set1,Draw7,1,col1,Evening|Set1|Draw7|col1,B,own,1,2,1,7,1,0,5992440033887,13,8,False,4,6,7,7
Michigan4,LS1,Evening,Set1,Draw7,1,col1,Evening|Set1|Draw7|col1,B,own,1,2,1,7,1,1,599244003388,12,7,False,4,6,7,7
Michigan4,LS1,Evening,Set1,Draw7,1,col1,Evening|Set1|Draw7|col1,B,own,1,2,1,7,1,2,99244003388,11,6,False,4,6,7,7
Michigan4,LS1,Evening,Set1,Draw7,1,col1,Evening|Set1|Draw7|col1,B,own,1,2,1,7,1,3,9944003388,10,5,False,4,6,7,7
Michigan4,LS1,Evening,Set1,Draw7,1,col1,Evening|Set1|Draw7|col1,B,own,1,2,1,7,1,4,4400,4,2,True,4,6,7,7
Michigan4,LS1,Evening,Set1,Draw7,1,col1,Evening|Set1|Draw7|col1,B,own,1,2,1,7,1,5,00,2,1,True,4,6,7,7
Michigan4,LS1,Evening,Set1,Draw7,1,col1,Evening|Set1|Draw7|col1,B,own,1,2,1,7,1,6,,0,0,False,4,6,7,7
Michigan4,LS1,Evening,Set1,Draw7,1,col1,Evening|Set1|Draw7|col1,B,combined,1,2,1,7,1,0,5992440033887,13,8,False,4,6,7,7
Michigan4,LS1,Evening,Set1,Draw7,1,col1,Evening|Set1|Draw7|col1,B,combined,1,2,1,7,1,1,599244003388,12,7,False,4,6,7,7
Michigan4,LS1,Evening,Set1,Draw7,1,col1,Evening|Set1|Draw7|col1,B,combined,1,2,1,7,1,2,52440088,8,5,False,4,6,7,7
Michigan4,LS1,Evening,Set1,Draw7,1,col1,Evening|Set1|Draw7|col1,B,combined,1,2,1,7,1,3,2440088,7,4,False,4,6,7,7
Michigan4,LS1,Evening,Set1,Draw7,1,col1,Evening|Set1|Draw7|col1,B,combined,1,2,1,7,1,4,24488,5,3,True,4,6,7,7
Michigan4,LS1,Evening,Set1,Draw7,1,col1,Evening|Set1|Draw7|col1,B,combined,1,2,1,7,1,5,4488,4,2,True,4,6,7,7
Michigan4,LS1,Evening,Set1,Draw7,1,col1,Evening|Set1|Draw7|col1,B,combined,1,2,1,7,1,6,,0,0,False,4,6,7,7
Michigan4,LS1,Evening,Set1,Draw7,1,col1,Evening|Set1|Draw7|col1,C,own,1,2,1,7,1,0,5992440033887,13,8,False,-1,4,5,5
Michigan4,LS1,Evening,Set1,Draw7,1,col1,Evening|Set1|Draw7|col1,C,own,1,2,1,7,1,1,59944003388,11,6,False,-1,4,5,5
Michigan4,LS1,Evening,Set1,Draw7,1,col1,Evening|Set1|Draw7|col1,C,own,1,2,1,7,1,2,99443388,8,4,False,-1,4,5,5
Michigan4,LS1,Evening,Set1,Draw7,1,col1,Evening|Set1|Draw7|col1,C,own,1,2,1,7,1,3,99443388,8,4,False,-1,4,5,5
Michigan4,LS1,Evening,Set1,Draw7,1,col1,Evening|Set1|Draw7|col1,C,own,1,2,1,7,1,4,,0,0,False,-1,4,5,5
Michigan4,LS1,Evening,Set1,Draw7,1,col1,Evening|Set1|Draw7|col1,C,combined,1,2,1,7,1,0,5992440033887,13,8,False,2,3,4,4
Michigan4,LS1,Evening,Set1,Draw7,1,col1,Evening|Set1|Draw7|col1,C,combined,1,2,1,7,1,1,59944003388,11,6,False,2,3,4,4
Michigan4,LS1,Evening,Set1,Draw7,1,col1,Evening|Set1|Draw7|col1,C,combined,1,2,1,7,1,2,500,3,2,True,2,3,4,4
Michigan4,LS1,Evening,Set1,Draw7,1,col1,Evening|Set1|Draw7|col1,C,combined,1,2,1,7,1,3,,0,0,False,2,3,4,4
Michigan4,LS1,Evening,Set1,Draw7,1,col1,Evening|Set1|Draw7|col1,D,own,1,2,1,7,1,0,5992440033887,13,8,False,4,6,7,7
Michigan4,LS1,Evening,Set1,Draw7,1,col1,Evening|Set1|Draw7|col1,D,own,1,2,1,7,1,1,59944003388,11,6,False,4,6,7,7
Michigan4,LS1,Evening,Set1,Draw7,1,col1,Evening|Set1|Draw7|col1,D,own,1,2,1,7,1,2,994403388,9,5,False,4,6,7,7
Michigan4,LS1,Evening,Set1,Draw7,1,col1,Evening|Set1|Draw7|col1,D,own,1,2,1,7,1,3,994403388,9,5,False,4,6,7,7
Michigan4,LS1,Evening,Set1,Draw7,1,col1,Evening|Set1|Draw7|col1,D,own,1,2,1,7,1,4,40,2,2,True,4,6,7,7
Michigan4,LS1,Evening,Set1,Draw7,1,col1,Evening|Set1|Draw7|col1,D,own,1,2,1,7,1,5,0,1,1,True,4,6,7,7
Michigan4,LS1,Evening,Set1,Draw7,1,col1,Evening|Set1|Draw7|col1,D,own,1,2,1,7,1,6,,0,0,False,4,6,7,7
Michigan4,LS1,Evening,Set1,Draw7,1,col1,Evening|Set1|Draw7|col1,D,combined,1,2,1,7,1,0,5992440033887,13,8,False,3,6,7,7
Michigan4,LS1,Evening,Set1,Draw7,1,col1,Evening|Set1|Draw7|col1,D,combined,1,2,1,7,1,1,59944003388,11,6,False,3,6,7,7
Michigan4,LS1,Evening,Set1,Draw7,1,col1,Evening|Set1|Draw7|col1,D,combined,1,2,1,7,1,2,54008,5,4,False,3,6,7,7
Michigan4,LS1,Evening,Set1,Draw7,1,col1,Evening|Set1|Draw7|col1,D,combined,1,2,1,7,1,3,408,3,3,True,3,6,7,7
Michigan4,LS1,Evening,Set1,Draw7,1,col1,Evening|Set1|Draw7|col1,D,combined,1,2,1,7,1,4,48,2,2,True,3,6,7,7
Michigan4,LS1,Evening,Set1,Draw7,1,col1,Evening|Set1|Draw7|col1,D,combined,1,2,1,7,1,5,48,2,2,True,3,6,7,7
Michigan4,LS1,Evening,Set1,Draw7,1,col1,Evening|Set1|Draw7|col1,D,combined,1,2,1,7,1,6,,0,0,False,3,6,7,7
Michigan4,LS1,Evening,Set1,Draw7,1,col1,Evening|Set1|Draw7|col1,E,own,1,2,1,7,1,0,5992440033887,13,8,False,5,9,10,10
Michigan4,LS1,Evening,Set1,Draw7,1,col1,Evening|Set1|Draw7|col1,E,own,1,2,1,7,1,1,599244003388,12,7,False,5,9,10,10
Michigan4,LS1,Evening,Set1,Draw7,1,col1,Evening|Set1|Draw7|col1,E,own,1,2,1,7,1,2,99244003388,11,6,False,5,9,10,10
Michigan4,LS1,Evening,Set1,Draw7,1,col1,Evening|Set1|Draw7|col1,E,own,1,2,1,7,1,3,9944003388,10,5,False,5,9,10,10
Michigan4,LS1,Evening,Set1,Draw7,1,col1,Evening|Set1|Draw7|col1,E,own,1,2,1,7,1,4,9440088,7,4,False,5,9,10,10
Michigan4,LS1,Evening,Set1,Draw7,1,col1,Evening|Set1|Draw7|col1,E,own,1,2,1,7,1,5,44008,5,3,True,5,9,10,10
Michigan4,LS1,Evening,Set1,Draw7,1,col1,Evening|Set1|Draw7|col1,E,own,1,2,1,7,1,6,440,3,2,True,5,9,10,10
Michigan4,LS1,Evening,Set1,Draw7,1,col1,Evening|Set1|Draw7|col1,E,own,1,2,1,7,1,7,0,1,1,True,5,9,10,10
Michigan4,LS1,Evening,Set1,Draw7,1,col1,Evening|Set1|Draw7|col1,E,own,1,2,1,7,1,8,0,1,1,True,5,9,10,10
Michigan4,LS1,Evening,Set1,Draw7,1,col1,Evening|Set1|Draw7|col1,E,own,1,2,1,7,1,9,,0,0,False,5,9,10,10
Michigan4,LS1,Evening,Set1,Draw7,1,col1,Evening|Set1|Draw7|col1,E,combined,1,2,1,7,1,0,5992440033887,13,8,False,7,9,10,10
Michigan4,LS1,Evening,Set1,Draw7,1,col1,Evening|Set1|Draw7|col1,E,combined,1,2,1,7,1,1,599244003388,12,7,False,7,9,10,10
Michigan4,LS1,Evening,Set1,Draw7,1,col1,Evening|Set1|Draw7|col1,E,combined,1,2,1,7,1,2,5924400388,10,7,False,7,9,10,10
Michigan4,LS1,Evening,Set1,Draw7,1,col1,Evening|Set1|Draw7|col1,E,combined,1,2,1,7,1,3,924400388,9,6,False,7,9,10,10
Michigan4,LS1,Evening,Set1,Draw7,1,col1,Evening|Set1|Draw7|col1,E,combined,1,2,1,7,1,4,92440388,8,6,False,7,9,10,10
Michigan4,LS1,Evening,Set1,Draw7,1,col1,Evening|Set1|Draw7|col1,E,combined,1,2,1,7,1,5,9440388,7,5,False,7,9,10,10
Michigan4,LS1,Evening,Set1,Draw7,1,col1,Evening|Set1|Draw7|col1,E,combined,1,2,1,7,1,6,9438,4,4,False,7,9,10,10
Michigan4,LS1,Evening,Set1,Draw7,1,col1,Evening|Set1|Draw7|col1,E,combined,1,2,1,7,1,7,4,1,1,True,7,9,10,10
Michigan4,LS1,Evening,Set1,Draw7,1,col1,Evening|Set1|Draw7|col1,E,combined,1,2,1,7,1,8,4,1,1,True,7,9,10,10
Michigan4,LS1,Evening,Set1,Draw7,1,col1,Evening|Set1|Draw7|col1,E,combined,1,2,1,7,1,9,,0,0,False,7,9,10,10
Michigan4,LS1,Evening,Set1,Draw7,1,col1,Evening|Set1|Draw7|col1,T,own,1,2,1,7,1,0,5992440033887,13,8,False,4,7,8,7
Michigan4,LS1,Evening,Set1,Draw7,1,col1,Evening|Set1|Draw7|col1,T,own,1,2,1,7,1,1,59944003388,11,6,False,4,7,8,7
Michigan4,LS1,Evening,Set1,Draw7,1,col1,Evening|Set1|Draw7|col1,T,own,1,2,1,7,1,2,99443388,8,4,False,4,7,8,7
Michigan4,LS1,Evening,Set1,Draw7,1,col1,Evening|Set1|Draw7|col1,T,own,1,2,1,7,1,3,99443388,8,4,False,4,7,8,7
Michigan4,LS1,Evening,Set1,Draw7,1,col1,Evening|Set1|Draw7|col1,T,own,1,2,1,7,1,4,44,2,1,True,4,7,8,7
Michigan4,LS1,Evening,Set1,Draw7,1,col1,Evening|Set1|Draw7|col1,T,own,1,2,1,7,1,5,44,2,1,True,4,7,8,7
Michigan4,LS1,Evening,Set1,Draw7,1,col1,Evening|Set1|Draw7|col1,T,own,1,2,1,7,1,7,,0,0,False,4,7,8,7
Michigan4,LS1,Evening,Set1,Draw7,1,col1,Evening|Set1|Draw7|col1,T,combined,1,2,1,7,1,0,5992440033887,13,8,False,2,6,7,6
Michigan4,LS1,Evening,Set1,Draw7,1,col1,Evening|Set1|Draw7|col1,T,combined,1,2,1,7,1,1,59944003388,11,6,False,2,6,7,6
Michigan4,LS1,Evening,Set1,Draw7,1,col1,Evening|Set1|Draw7|col1,T,combined,1,2,1,7,1,2,500,3,2,True,2,6,7,6
Michigan4,LS1,Evening,Set1,Draw7,1,col1,Evening|Set1|Draw7|col1,T,combined,1,2,1,7,1,3,00,2,1,True,2,6,7,6
Michigan4,LS1,Evening,Set1,Draw7,1,col1,Evening|Set1|Draw7|col1,T,combined,1,2,1,7,1,4,00,2,1,True,2,6,7,6
Michigan4,LS1,Evening,Set1,Draw7,1,col1,Evening|Set1|Draw7|col1,T,combined,1,2,1,7,1,6,,0,0,False,2,6,7,6
Michigan4,LS1,Combined,Set3,Draw1,7,col7,Combined|Set3|Draw1|col7,A,own,1,3,3,1,7,0,554411386677,12,7,False,3,6,7,6
Michigan4,LS1,Combined,Set3,Draw1,7,col7,Combined|Set3|Draw1|col7,A,own,1,3,3,1,7,1,55443866,8,5,False,3,6,7,6
Michigan4,LS1,Combined,Set3,Draw1,7,col7,Combined|Set3|Draw1|col7,A,own,1,3,3,1,7,2,5544866,7,4,False,3,6,7,6
Michigan4,LS1,Combined,Set3,Draw1,7,col7,Combined|Set3|Draw1|col7,A,own,1,3,3,1,7,3,448,3,2,True,3,6,7,6
Michigan4,LS1,Combined,Set3,Draw1,7,col7,Combined|Set3|Draw1|col7,A,own,1,3,3,1,7,4,448,3,2,True,3,6,7,6
Michigan4,LS1,Combined,Set3,Draw1,7,col7,Combined|Set3|Draw1|col7,A,own,1,3,3,1,7,6,,0,0,False,3,6,7,6
Michigan4,LS1,Combined,Set3,Draw1,7,col7,Combined|Set3|Draw1|col7,A,combined,1,3,3,1,7,0,554411386677,12,7,False,5,11,12,8
Michigan4,LS1,Combined,Set3,Draw1,7,col7,Combined|Set3|Draw1|col7,A,combined,1,3,3,1,7,1,55443866,8,5,False,5,11,12,8
Michigan4,LS1,Combined,Set3,Draw1,7,col7,Combined|Set3|Draw1|col7,A,combined,1,3,3,1,7,2,55443866,8,5,False,5,11,12,8
Michigan4,LS1,Combined,Set3,Draw1,7,col7,Combined|Set3|Draw1|col7,A,combined,1,3,3,1,7,3,5544866,7,4,False,5,11,12,8
Michigan4,LS1,Combined,Set3,Draw1,7,col7,Combined|Set3|Draw1|col7,A,combined,1,3,3,1,7,4,5544866,7,4,False,5,11,12,8
Michigan4,LS1,Combined,Set3,Draw1,7,col7,Combined|Set3|Draw1|col7,A,combined,1,3,3,1,7,5,448,3,2,True,5,11,12,8
Michigan4,LS1,Combined,Set3,Draw1,7,col7,Combined|Set3|Draw1|col7,A,combined,1,3,3,1,7,6,448,3,2,True,5,11,12,8
Michigan4,LS1,Combined,Set3,Draw1,7,col7,Combined|Set3|Draw1|col7,A,combined,1,3,3,1,7,11,,0,0,False,5,11,12,8
Michigan4,LS1,Combined,Set3,Draw1,7,col7,Combined|Set3|Draw1|col7,B,own,1,3,3,1,7,0,554411386677,12,7,False,2,6,7,6
Michigan4,LS1,Combined,Set3,Draw1,7,col7,Combined|Set3|Draw1|col7,B,own,1,3,3,1,7,1,554438,6,4,False,2,6,7,6
Michigan4,LS1,Combined,Set3,Draw1,7,col7,Combined|Set3|Draw1|col7,B,own,1,3,3,1,7,2,558,3,2,True,2,6,7,6
Michigan4,LS1,Combined,Set3,Draw1,7,col7,Combined|Set3|Draw1|col7,B,own,1,3,3,1,7,3,8,1,1,True,2,6,7,6
Michigan4,LS1,Combined,Set3,Draw1,7,col7,Combined|Set3|Draw1|col7,B,own,1,3,3,1,7,4,8,1,1,True,2,6,7,6
Michigan4,LS1,Combined,Set3,Draw1,7,col7,Combined|Set3|Draw1|col7,B,own,1,3,3,1,7,6,,0,0,False,2,6,7,6
Michigan4,LS1,Combined,Set3,Draw1,7,col7,Combined|Set3|Draw1|col7,B,combined,1,3,3,1,7,0,554411386677,12,7,False,3,5,6,6
Michigan4,LS1,Combined,Set3,Draw1,7,col7,Combined|Set3|Draw1|col7,B,combined,1,3,3,1,7,1,554438,6,4,False,3,5,6,6
Michigan4,LS1,Combined,Set3,Draw1,7,col7,Combined|Set3|Draw1|col7,B,combined,1,3,3,1,7,2,554438,6,4,False,3,5,6,6
Michigan4,LS1,Combined,Set3,Draw1,7,col7,Combined|Set3|Draw1|col7,B,combined,1,3,3,1,7,3,558,3,2,True,3,5,6,6
Michigan4,LS1,Combined,Set3,Draw1,7,col7,Combined|Set3|Draw1|col7,B,combined,1,3,3,1,7,4,55,2,1,True,3,5,6,6
Michigan4,LS1,Combined,Set3,Draw1,7,col7,Combined|Set3|Draw1|col7,B,combined,1,3,3,1,7,5,,0,0,False,3,5,6,6
Michigan4,LS1,Combined,Set3,Draw1,7,col7,Combined|Set3|Draw1|col7,C,own,1,3,3,1,7,0,554411386677,12,7,False,2,3,4,4
Michigan4,LS1,Combined,Set3,Draw1,7,col7,Combined|Set3|Draw1|col7,C,own,1,3,3,1,7,1,554438,6,4,False,2,3,4,4
Michigan4,LS1,Combined,Set3,Draw1,7,col7,Combined|Set3|Draw1|col7,C,own,1,3,3,1,7,2,55,2,1,True,2,3,4,4
Michigan4,LS1,Combined,Set3,Draw1,7,col7,Combined|Set3|Draw1|col7,C,own,1,3,3,1,7,3,,0,0,False,2,3,4,4
Michigan4,LS1,Combined,Set3,Draw1,7,col7,Combined|Set3|Draw1|col7,C,combined,1,3,3,1,7,0,554411386677,12,7,False,3,5,6,6
Michigan4,LS1,Combined,Set3,Draw1,7,col7,Combined|Set3|Draw1|col7,C,combined,1,3,3,1,7,1,554438,6,4,False,3,5,6,6
Michigan4,LS1,Combined,Set3,Draw1,7,col7,Combined|Set3|Draw1|col7,C,combined,1,3,3,1,7,2,554438,6,4,False,3,5,6,6
Michigan4,LS1,Combined,Set3,Draw1,7,col7,Combined|Set3|Draw1|col7,C,combined,1,3,3,1,7,3,55,2,1,True,3,5,6,6
Michigan4,LS1,Combined,Set3,Draw1,7,col7,Combined|Set3|Draw1|col7,C,combined,1,3,3,1,7,4,55,2,1,True,3,5,6,6
Michigan4,LS1,Combined,Set3,Draw1,7,col7,Combined|Set3|Draw1|col7,C,combined,1,3,3,1,7,5,,0,0,False,3,5,6,6
Michigan4,LS1,Combined,Set3,Draw1,7,col7,Combined|Set3|Draw1|col7,D,own,1,3,3,1,7,0,554411386677,12,7,False,2,6,7,6
Michigan4,LS1,Combined,Set3,Draw1,7,col7,Combined|Set3|Draw1|col7,D,own,1,3,3,1,7,1,554438,6,4,False,2,6,7,6
Michigan4,LS1,Combined,Set3,Draw1,7,col7,Combined|Set3|Draw1|col7,D,own,1,3,3,1,7,2,554,3,2,True,2,6,7,6
Michigan4,LS1,Combined,Set3,Draw1,7,col7,Combined|Set3|Draw1|col7,D,own,1,3,3,1,7,3,4,1,1,True,2,6,7,6
Michigan4,LS1,Combined,Set3,Draw1,7,col7,Combined|Set3|Draw1|col7,D,own,1,3,3,1,7,4,4,1,1,True,2,6,7,6
Michigan4,LS1,Combined,Set3,Draw1,7,col7,Combined|Set3|Draw1|col7,D,own,1,3,3,1,7,6,,0,0,False,2,6,7,6
Michigan4,LS1,Combined,Set3,Draw1,7,col7,Combined|Set3|Draw1|col7,D,combined,1,3,3,1,7,0,554411386677,12,7,False,3,5,6,6
Michigan4,LS1,Combined,Set3,Draw1,7,col7,Combined|Set3|Draw1|col7,D,combined,1,3,3,1,7,1,554438,6,4,False,3,5,6,6
Michigan4,LS1,Combined,Set3,Draw1,7,col7,Combined|Set3|Draw1|col7,D,combined,1,3,3,1,7,2,554438,6,4,False,3,5,6,6
Michigan4,LS1,Combined,Set3,Draw1,7,col7,Combined|Set3|Draw1|col7,D,combined,1,3,3,1,7,3,554,3,2,True,3,5,6,6
Michigan4,LS1,Combined,Set3,Draw1,7,col7,Combined|Set3|Draw1|col7,D,combined,1,3,3,1,7,4,55,2,1,True,3,5,6,6
Michigan4,LS1,Combined,Set3,Draw1,7,col7,Combined|Set3|Draw1|col7,D,combined,1,3,3,1,7,5,,0,0,False,3,5,6,6
Michigan4,LS1,Combined,Set3,Draw1,7,col7,Combined|Set3|Draw1|col7,E,own,1,3,3,1,7,0,554411386677,12,7,False,4,6,7,7
Michigan4,LS1,Combined,Set3,Draw1,7,col7,Combined|Set3|Draw1|col7,E,own,1,3,3,1,7,1,554438667,9,6,False,4,6,7,7
Michigan4,LS1,Combined,Set3,Draw1,7,col7,Combined|Set3|Draw1|col7,E,own,1,3,3,1,7,2,554867,6,5,False,4,6,7,7
Michigan4,LS1,Combined,Set3,Draw1,7,col7,Combined|Set3|Draw1|col7,E,own,1,3,3,1,7,3,5487,4,4,False,4,6,7,7
Michigan4,LS1,Combined,Set3,Draw1,7,col7,Combined|Set3|Draw1|col7,E,own,1,3,3,1,7,4,487,3,3,True,4,6,7,7
Michigan4,LS1,Combined,Set3,Draw1,7,col7,Combined|Set3|Draw1|col7,E,own,1,3,3,1,7,5,48,2,2,True,4,6,7,7
Michigan4,LS1,Combined,Set3,Draw1,7,col7,Combined|Set3|Draw1|col7,E,own,1,3,3,1,7,6,,0,0,False,4,6,7,7
Michigan4,LS1,Combined,Set3,Draw1,7,col7,Combined|Set3|Draw1|col7,E,combined,1,3,3,1,7,0,554411386677,12,7,False,3,6,7,7
Michigan4,LS1,Combined,Set3,Draw1,7,col7,Combined|Set3|Draw1|col7,E,combined,1,3,3,1,7,1,554438667,9,6,False,3,6,7,7
Michigan4,LS1,Combined,Set3,Draw1,7,col7,Combined|Set3|Draw1|col7,E,combined,1,3,3,1,7,2,554438,6,4,False,3,6,7,7
Michigan4,LS1,Combined,Set3,Draw1,7,col7,Combined|Set3|Draw1|col7,E,combined,1,3,3,1,7,3,5548,4,3,True,3,6,7,7
Michigan4,LS1,Combined,Set3,Draw1,7,col7,Combined|Set3|Draw1|col7,E,combined,1,3,3,1,7,4,55,2,1,True,3,6,7,7
Michigan4,LS1,Combined,Set3,Draw1,7,col7,Combined|Set3|Draw1|col7,E,combined,1,3,3,1,7,5,5,1,1,True,3,6,7,7
Michigan4,LS1,Combined,Set3,Draw1,7,col7,Combined|Set3|Draw1|col7,E,combined,1,3,3,1,7,6,,0,0,False,3,6,7,7
Michigan4,LS1,Combined,Set3,Draw1,7,col7,Combined|Set3|Draw1|col7,T,own,1,3,3,1,7,0,554411386677,12,7,False,2,3,4,4
Michigan4,LS1,Combined,Set3,Draw1,7,col7,Combined|Set3|Draw1|col7,T,own,1,3,3,1,7,1,554438,6,4,False,2,3,4,4
Michigan4,LS1,Combined,Set3,Draw1,7,col7,Combined|Set3|Draw1|col7,T,own,1,3,3,1,7,2,55,2,1,True,2,3,4,4
Michigan4,LS1,Combined,Set3,Draw1,7,col7,Combined|Set3|Draw1|col7,T,own,1,3,3,1,7,3,,0,0,False,2,3,4,4
Michigan4,LS1,Combined,Set3,Draw1,7,col7,Combined|Set3|Draw1|col7,T,combined,1,3,3,1,7,0,554411386677,12,7,False,3,5,6,6
Michigan4,LS1,Combined,Set3,Draw1,7,col7,Combined|Set3|Draw1|col7,T,combined,1,3,3,1,7,1,554438,6,4,False,3,5,6,6
Michigan4,LS1,Combined,Set3,Draw1,7,col7,Combined|Set3|Draw1|col7,T,combined,1,3,3,1,7,2,554438,6,4,False,3,5,6,6
Michigan4,LS1,Combined,Set3,Draw1,7,col7,Combined|Set3|Draw1|col7,T,combined,1,3,3,1,7,3,55,2,1,True,3,5,6,6
Michigan4,LS1,Combined,Set3,Draw1,7,col7,Combined|Set3|Draw1|col7,T,combined,1,3,3,1,7,4,55,2,1,True,3,5,6,6
Michigan4,LS1,Combined,Set3,Draw1,7,col7,Combined|Set3|Draw1|col7,T,combined,1,3,3,1,7,5,,0,0,False,3,5,6,6
Michigan4,LS1,Combined,Set3,Draw1,6,col6,Combined|Set3|Draw1|col6,A,own,1,3,3,1,6,0,554413677,9,6,False,2,6,7,6
Michigan4,LS1,Combined,Set3,Draw1,6,col6,Combined|Set3|Draw1|col6,A,own,1,3,3,1,6,1,554436,6,4,False,2,6,7,6
Michigan4,LS1,Combined,Set3,Draw1,6,col6,Combined|Set3|Draw1|col6,A,own,1,3,3,1,6,2,55446,5,3,True,2,6,7,6
Michigan4,LS1,Combined,Set3,Draw1,6,col6,Combined|Set3|Draw1|col6,A,own,1,3,3,1,6,3,44,2,1,True,2,6,7,6
Michigan4,LS1,Combined,Set3,Draw1,6,col6,Combined|Set3|Draw1|col6,A,own,1,3,3,1,6,4,44,2,1,True,2,6,7,6
Michigan4,LS1,Combined,Set3,Draw1,6,col6,Combined|Set3|Draw1|col6,A,own,1,3,3,1,6,6,,0,0,False,2,6,7,6
Michigan4,LS1,Combined,Set3,Draw1,6,col6,Combined|Set3|Draw1|col6,A,combined,1,3,3,1,6,0,554413677,9,6,False,3,11,12,8
Michigan4,LS1,Combined,Set3,Draw1,6,col6,Combined|Set3|Draw1|col6,A,combined,1,3,3,1,6,1,554436,6,4,False,3,11,12,8
Michigan4,LS1,Combined,Set3,Draw1,6,col6,Combined|Set3|Draw1|col6,A,combined,1,3,3,1,6,2,554436,6,4,False,3,11,12,8
Michigan4,LS1,Combined,Set3,Draw1,6,col6,Combined|Set3|Draw1|col6,A,combined,1,3,3,1,6,3,55446,5,3,True,3,11,12,8
Michigan4,LS1,Combined,Set3,Draw1,6,col6,Combined|Set3|Draw1|col6,A,combined,1,3,3,1,6,4,55446,5,3,True,3,11,12,8
Michigan4,LS1,Combined,Set3,Draw1,6,col6,Combined|Set3|Draw1|col6,A,combined,1,3,3,1,6,5,44,2,1,True,3,11,12,8
Michigan4,LS1,Combined,Set3,Draw1,6,col6,Combined|Set3|Draw1|col6,A,combined,1,3,3,1,6,6,44,2,1,True,3,11,12,8
Michigan4,LS1,Combined,Set3,Draw1,6,col6,Combined|Set3|Draw1|col6,A,combined,1,3,3,1,6,11,,0,0,False,3,11,12,8
Michigan4,LS1,Combined,Set3,Draw1,6,col6,Combined|Set3|Draw1|col6,B,own,1,3,3,1,6,0,554413677,9,6,False,1,3,4,4
Michigan4,LS1,Combined,Set3,Draw1,6,col6,Combined|Set3|Draw1|col6,B,own,1,3,3,1,6,1,55443,5,3,True,1,3,4,4
Michigan4,LS1,Combined,Set3,Draw1,6,col6,Combined|Set3|Draw1|col6,B,own,1,3,3,1,6,2,55,2,1,True,1,3,4,4
Michigan4,LS1,Combined,Set3,Draw1,6,col6,Combined|Set3|Draw1|col6,B,own,1,3,3,1,6,3,,0,0,False,1,3,4,4
Michigan4,LS1,Combined,Set3,Draw1,6,col6,Combined|Set3|Draw1|col6,B,combined,1,3,3,1,6,0,554413677,9,6,False,1,5,6,6
Michigan4,LS1,Combined,Set3,Draw1,6,col6,Combined|Set3|Draw1|col6,B,combined,1,3,3,1,6,1,55443,5,3,True,1,5,6,6
Michigan4,LS1,Combined,Set3,Draw1,6,col6,Combined|Set3|Draw1|col6,B,combined,1,3,3,1,6,2,55443,5,3,True,1,5,6,6
Michigan4,LS1,Combined,Set3,Draw1,6,col6,Combined|Set3|Draw1|col6,B,combined,1,3,3,1,6,3,55,2,1,True,1,5,6,6
Michigan4,LS1,Combined,Set3,Draw1,6,col6,Combined|Set3|Draw1|col6,B,combined,1,3,3,1,6,4,55,2,1,True,1,5,6,6
Michigan4,LS1,Combined,Set3,Draw1,6,col6,Combined|Set3|Draw1|col6,B,combined,1,3,3,1,6,5,,0,0,False,1,5,6,6
Michigan4,LS1,Combined,Set3,Draw1,6,col6,Combined|Set3|Draw1|col6,C,own,1,3,3,1,6,0,554413677,9,6,False,1,3,4,4
Michigan4,LS1,Combined,Set3,Draw1,6,col6,Combined|Set3|Draw1|col6,C,own,1,3,3,1,6,1,55443,5,3,True,1,3,4,4
Michigan4,LS1,Combined,Set3,Draw1,6,col6,Combined|Set3|Draw1|col6,C,own,1,3,3,1,6,2,55,2,1,True,1,3,4,4
Michigan4,LS1,Combined,Set3,Draw1,6,col6,Combined|Set3|Draw1|col6,C,own,1,3,3,1,6,3,,0,0,False,1,3,4,4
Michigan4,LS1,Combined,Set3,Draw1,6,col6,Combined|Set3|Draw1|col6,C,combined,1,3,3,1,6,0,554413677,9,6,False,1,5,6,6
Michigan4,LS1,Combined,Set3,Draw1,6,col6,Combined|Set3|Draw1|col6,C,combined,1,3,3,1,6,1,55443,5,3,True,1,5,6,6
Michigan4,LS1,Combined,Set3,Draw1,6,col6,Combined|Set3|Draw1|col6,C,combined,1,3,3,1,6,2,55443,5,3,True,1,5,6,6
Michigan4,LS1,Combined,Set3,Draw1,6,col6,Combined|Set3|Draw1|col6,C,combined,1,3,3,1,6,3,55,2,1,True,1,5,6,6
Michigan4,LS1,Combined,Set3,Draw1,6,col6,Combined|Set3|Draw1|col6,C,combined,1,3,3,1,6,4,55,2,1,True,1,5,6,6
Michigan4,LS1,Combined,Set3,Draw1,6,col6,Combined|Set3|Draw1|col6,C,combined,1,3,3,1,6,5,,0,0,False,1,5,6,6
Michigan4,LS1,Combined,Set3,Draw1,6,col6,Combined|Set3|Draw1|col6,D,own,1,3,3,1,6,0,554413677,9,6,False,1,6,7,6
Michigan4,LS1,Combined,Set3,Draw1,6,col6,Combined|Set3|Draw1|col6,D,own,1,3,3,1,6,1,55443,5,3,True,1,6,7,6
Michigan4,LS1,Combined,Set3,Draw1,6,col6,Combined|Set3|Draw1|col6,D,own,1,3,3,1,6,2,554,3,2,True,1,6,7,6
Michigan4,LS1,Combined,Set3,Draw1,6,col6,Combined|Set3|Draw1|col6,D,own,1,3,3,1,6,3,4,1,1,True,1,6,7,6
Michigan4,LS1,Combined,Set3,Draw1,6,col6,Combined|Set3|Draw1|col6,D,own,1,3,3,1,6,4,4,1,1,True,1,6,7,6
Michigan4,LS1,Combined,Set3,Draw1,6,col6,Combined|Set3|Draw1|col6,D,own,1,3,3,1,6,6,,0,0,False,1,6,7,6
Michigan4,LS1,Combined,Set3,Draw1,6,col6,Combined|Set3|Draw1|col6,D,combined,1,3,3,1,6,0,554413677,9,6,False,1,5,6,6
Michigan4,LS1,Combined,Set3,Draw1,6,col6,Combined|Set3|Draw1|col6,D,combined,1,3,3,1,6,1,55443,5,3,True,1,5,6,6
Michigan4,LS1,Combined,Set3,Draw1,6,col6,Combined|Set3|Draw1|col6,D,combined,1,3,3,1,6,2,55443,5,3,True,1,5,6,6
Michigan4,LS1,Combined,Set3,Draw1,6,col6,Combined|Set3|Draw1|col6,D,combined,1,3,3,1,6,3,554,3,2,True,1,5,6,6
Michigan4,LS1,Combined,Set3,Draw1,6,col6,Combined|Set3|Draw1|col6,D,combined,1,3,3,1,6,4,55,2,1,True,1,5,6,6
Michigan4,LS1,Combined,Set3,Draw1,6,col6,Combined|Set3|Draw1|col6,D,combined,1,3,3,1,6,5,,0,0,False,1,5,6,6
Michigan4,LS1,Combined,Set3,Draw1,6,col6,Combined|Set3|Draw1|col6,E,own,1,3,3,1,6,0,554413677,9,6,False,2,6,7,7
Michigan4,LS1,Combined,Set3,Draw1,6,col6,Combined|Set3|Draw1|col6,E,own,1,3,3,1,6,1,554437,6,4,False,2,6,7,7
Michigan4,LS1,Combined,Set3,Draw1,6,col6,Combined|Set3|Draw1|col6,E,own,1,3,3,1,6,2,5547,4,3,True,2,6,7,7
Michigan4,LS1,Combined,Set3,Draw1,6,col6,Combined|Set3|Draw1|col6,E,own,1,3,3,1,6,3,547,3,3,True,2,6,7,7
Michigan4,LS1,Combined,Set3,Draw1,6,col6,Combined|Set3|Draw1|col6,E,own,1,3,3,1,6,4,47,2,2,True,2,6,7,7
Michigan4,LS1,Combined,Set3,Draw1,6,col6,Combined|Set3|Draw1|col6,E,own,1,3,3,1,6,5,4,1,1,True,2,6,7,7
Michigan4,LS1,Combined,Set3,Draw1,6,col6,Combined|Set3|Draw1|col6,E,own,1,3,3,1,6,6,,0,0,False,2,6,7,7
Michigan4,LS1,Combined,Set3,Draw1,6,col6,Combined|Set3|Draw1|col6,E,combined,1,3,3,1,6,0,554413677,9,6,False,2,6,7,7
Michigan4,LS1,Combined,Set3,Draw1,6,col6,Combined|Set3|Draw1|col6,E,combined,1,3,3,1,6,1,554437,6,4,False,2,6,7,7
Michigan4,LS1,Combined,Set3,Draw1,6,col6,Combined|Set3|Draw1|col6,E,combined,1,3,3,1,6,2,55443,5,3,True,2,6,7,7
Michigan4,LS1,Combined,Set3,Draw1,6,col6,Combined|Set3|Draw1|col6,E,combined,1,3,3,1,6,3,554,3,2,True,2,6,7,7
Michigan4,LS1,Combined,Set3,Draw1,6,col6,Combined|Set3|Draw1|col6,E,combined,1,3,3,1,6,4,55,2,1,True,2,6,7,7
Michigan4,LS1,Combined,Set3,Draw1,6,col6,Combined|Set3|Draw1|col6,E,combined,1,3,3,1,6,5,5,1,1,True,2,6,7,7
Michigan4,LS1,Combined,Set3,Draw1,6,col6,Combined|Set3|Draw1|col6,E,combined,1,3,3,1,6,6,,0,0,False,2,6,7,7
Michigan4,LS1,Combined,Set3,Draw1,6,col6,Combined|Set3|Draw1|col6,T,own,1,3,3,1,6,0,554413677,9,6,False,1,3,4,4
Michigan4,LS1,Combined,Set3,Draw1,6,col6,Combined|Set3|Draw1|col6,T,own,1,3,3,1,6,1,55443,5,3,True,1,3,4,4
Michigan4,LS1,Combined,Set3,Draw1,6,col6,Combined|Set3|Draw1|col6,T,own,1,3,3,1,6,2,55,2,1,True,1,3,4,4
Michigan4,LS1,Combined,Set3,Draw1,6,col6,Combined|Set3|Draw1|col6,T,own,1,3,3,1,6,3,,0,0,False,1,3,4,4
Michigan4,LS1,Combined,Set3,Draw1,6,col6,Combined|Set3|Draw1|col6,T,combined,1,3,3,1,6,0,554413677,9,6,False,1,5,6,6
Michigan4,LS1,Combined,Set3,Draw1,6,col6,Combined|Set3|Draw1|col6,T,combined,1,3,3,1,6,1,55443,5,3,True,1,5,6,6
Michigan4,LS1,Combined,Set3,Draw1,6,col6,Combined|Set3|Draw1|col6,T,combined,1,3,3,1,6,2,55443,5,3,True,1,5,6,6
Michigan4,LS1,Combined,Set3,Draw1,6,col6,Combined|Set3|Draw1|col6,T,combined,1,3,3,1,6,3,55,2,1,True,1,5,6,6
Michigan4,LS1,Combined,Set3,Draw1,6,col6,Combined|Set3|Draw1|col6,T,combined,1,3,3,1,6,4,55,2,1,True,1,5,6,6
Michigan4,LS1,Combined,Set3,Draw1,6,col6,Combined|Set3|Draw1|col6,T,combined,1,3,3,1,6,5,,0,0,False,1,5,6,6
Michigan4,LS1,Combined,Set3,Draw1,5,col5,Combined|Set3|Draw1|col5,A,own,1,3,3,1,5,0,55441677,8,5,False,1,6,7,6
Michigan4,LS1,Combined,Set3,Draw1,5,col5,Combined|Set3|Draw1|col5,A,own,1,3,3,1,5,1,55446,5,3,True,1,6,7,6
Michigan4,LS1,Combined,Set3,Draw1,5,col5,Combined|Set3|Draw1|col5,A,own,1,3,3,1,5,2,55446,5,3,True,1,6,7,6
Michigan4,LS1,Combined,Set3,Draw1,5,col5,Combined|Set3|Draw1|col5,A,own,1,3,3,1,5,3,44,2,1,True,1,6,7,6
Michigan4,LS1,Combined,Set3,Draw1,5,col5,Combined|Set3|Draw1|col5,A,own,1,3,3,1,5,4,44,2,1,True,1,6,7,6
Michigan4,LS1,Combined,Set3,Draw1,5,col5,Combined|Set3|Draw1|col5,A,own,1,3,3,1,5,6,,0,0,False,1,6,7,6
Michigan4,LS1,Combined,Set3,Draw1,5,col5,Combined|Set3|Draw1|col5,A,combined,1,3,3,1,5,0,55441677,8,5,False,1,11,12,8
Michigan4,LS1,Combined,Set3,Draw1,5,col5,Combined|Set3|Draw1|col5,A,combined,1,3,3,1,5,1,55446,5,3,True,1,11,12,8
Michigan4,LS1,Combined,Set3,Draw1,5,col5,Combined|Set3|Draw1|col5,A,combined,1,3,3,1,5,2,55446,5,3,True,1,11,12,8
Michigan4,LS1,Combined,Set3,Draw1,5,col5,Combined|Set3|Draw1|col5,A,combined,1,3,3,1,5,3,55446,5,3,True,1,11,12,8
Michigan4,LS1,Combined,Set3,Draw1,5,col5,Combined|Set3|Draw1|col5,A,combined,1,3,3,1,5,4,55446,5,3,True,1,11,12,8
Michigan4,LS1,Combined,Set3,Draw1,5,col5,Combined|Set3|Draw1|col5,A,combined,1,3,3,1,5,5,44,2,1,True,1,11,12,8
Michigan4,LS1,Combined,Set3,Draw1,5,col5,Combined|Set3|Draw1|col5,A,combined,1,3,3,1,5,6,44,2,1,True,1,11,12,8
Michigan4,LS1,Combined,Set3,Draw1,5,col5,Combined|Set3|Draw1|col5,A,combined,1,3,3,1,5,11,,0,0,False,1,11,12,8
Michigan4,LS1,Combined,Set3,Draw1,5,col5,Combined|Set3|Draw1|col5,B,own,1,3,3,1,5,0,55441677,8,5,False,1,3,4,4
Michigan4,LS1,Combined,Set3,Draw1,5,col5,Combined|Set3|Draw1|col5,B,own,1,3,3,1,5,1,5544,4,2,True,1,3,4,4
Michigan4,LS1,Combined,Set3,Draw1,5,col5,Combined|Set3|Draw1|col5,B,own,1,3,3,1,5,2,55,2,1,True,1,3,4,4
Michigan4,LS1,Combined,Set3,Draw1,5,col5,Combined|Set3|Draw1|col5,B,own,1,3,3,1,5,3,,0,0,False,1,3,4,4
Michigan4,LS1,Combined,Set3,Draw1,5,col5,Combined|Set3|Draw1|col5,B,combined,1,3,3,1,5,0,55441677,8,5,False,1,5,6,6
Michigan4,LS1,Combined,Set3,Draw1,5,col5,Combined|Set3|Draw1|col5,B,combined,1,3,3,1,5,1,5544,4,2,True,1,5,6,6
Michigan4,LS1,Combined,Set3,Draw1,5,col5,Combined|Set3|Draw1|col5,B,combined,1,3,3,1,5,2,5544,4,2,True,1,5,6,6
Michigan4,LS1,Combined,Set3,Draw1,5,col5,Combined|Set3|Draw1|col5,B,combined,1,3,3,1,5,3,55,2,1,True,1,5,6,6
Michigan4,LS1,Combined,Set3,Draw1,5,col5,Combined|Set3|Draw1|col5,B,combined,1,3,3,1,5,4,55,2,1,True,1,5,6,6
Michigan4,LS1,Combined,Set3,Draw1,5,col5,Combined|Set3|Draw1|col5,B,combined,1,3,3,1,5,5,,0,0,False,1,5,6,6
Michigan4,LS1,Combined,Set3,Draw1,5,col5,Combined|Set3|Draw1|col5,C,own,1,3,3,1,5,0,55441677,8,5,False,1,3,4,4
Michigan4,LS1,Combined,Set3,Draw1,5,col5,Combined|Set3|Draw1|col5,C,own,1,3,3,1,5,1,5544,4,2,True,1,3,4,4
Michigan4,LS1,Combined,Set3,Draw1,5,col5,Combined|Set3|Draw1|col5,C,own,1,3,3,1,5,2,55,2,1,True,1,3,4,4
Michigan4,LS1,Combined,Set3,Draw1,5,col5,Combined|Set3|Draw1|col5,C,own,1,3,3,1,5,3,,0,0,False,1,3,4,4
Michigan4,LS1,Combined,Set3,Draw1,5,col5,Combined|Set3|Draw1|col5,C,combined,1,3,3,1,5,0,55441677,8,5,False,1,5,6,6
Michigan4,LS1,Combined,Set3,Draw1,5,col5,Combined|Set3|Draw1|col5,C,combined,1,3,3,1,5,1,5544,4,2,True,1,5,6,6
Michigan4,LS1,Combined,Set3,Draw1,5,col5,Combined|Set3|Draw1|col5,C,combined,1,3,3,1,5,2,5544,4,2,True,1,5,6,6
Michigan4,LS1,Combined,Set3,Draw1,5,col5,Combined|Set3|Draw1|col5,C,combined,1,3,3,1,5,3,55,2,1,True,1,5,6,6
Michigan4,LS1,Combined,Set3,Draw1,5,col5,Combined|Set3|Draw1|col5,C,combined,1,3,3,1,5,4,55,2,1,True,1,5,6,6
Michigan4,LS1,Combined,Set3,Draw1,5,col5,Combined|Set3|Draw1|col5,C,combined,1,3,3,1,5,5,,0,0,False,1,5,6,6
Michigan4,LS1,Combined,Set3,Draw1,5,col5,Combined|Set3|Draw1|col5,D,own,1,3,3,1,5,0,55441677,8,5,False,1,6,7,6
Michigan4,LS1,Combined,Set3,Draw1,5,col5,Combined|Set3|Draw1|col5,D,own,1,3,3,1,5,1,5544,4,2,True,1,6,7,6
Michigan4,LS1,Combined,Set3,Draw1,5,col5,Combined|Set3|Draw1|col5,D,own,1,3,3,1,5,2,554,3,2,True,1,6,7,6
Michigan4,LS1,Combined,Set3,Draw1,5,col5,Combined|Set3|Draw1|col5,D,own,1,3,3,1,5,3,4,1,1,True,1,6,7,6
Michigan4,LS1,Combined,Set3,Draw1,5,col5,Combined|Set3|Draw1|col5,D,own,1,3,3,1,5,4,4,1,1,True,1,6,7,6
Michigan4,LS1,Combined,Set3,Draw1,5,col5,Combined|Set3|Draw1|col5,D,own,1,3,3,1,5,6,,0,0,False,1,6,7,6
Michigan4,LS1,Combined,Set3,Draw1,5,col5,Combined|Set3|Draw1|col5,D,combined,1,3,3,1,5,0,55441677,8,5,False,1,5,6,6
Michigan4,LS1,Combined,Set3,Draw1,5,col5,Combined|Set3|Draw1|col5,D,combined,1,3,3,1,5,1,5544,4,2,True,1,5,6,6
Michigan4,LS1,Combined,Set3,Draw1,5,col5,Combined|Set3|Draw1|col5,D,combined,1,3,3,1,5,2,5544,4,2,True,1,5,6,6
Michigan4,LS1,Combined,Set3,Draw1,5,col5,Combined|Set3|Draw1|col5,D,combined,1,3,3,1,5,3,554,3,2,True,1,5,6,6
Michigan4,LS1,Combined,Set3,Draw1,5,col5,Combined|Set3|Draw1|col5,D,combined,1,3,3,1,5,4,55,2,1,True,1,5,6,6
Michigan4,LS1,Combined,Set3,Draw1,5,col5,Combined|Set3|Draw1|col5,D,combined,1,3,3,1,5,5,,0,0,False,1,5,6,6
Michigan4,LS1,Combined,Set3,Draw1,5,col5,Combined|Set3|Draw1|col5,E,own,1,3,3,1,5,0,55441677,8,5,False,1,6,7,7
Michigan4,LS1,Combined,Set3,Draw1,5,col5,Combined|Set3|Draw1|col5,E,own,1,3,3,1,5,1,55447,5,3,True,1,6,7,7
Michigan4,LS1,Combined,Set3,Draw1,5,col5,Combined|Set3|Draw1|col5,E,own,1,3,3,1,5,2,5547,4,3,True,1,6,7,7
Michigan4,LS1,Combined,Set3,Draw1,5,col5,Combined|Set3|Draw1|col5,E,own,1,3,3,1,5,3,547,3,3,True,1,6,7,7
Michigan4,LS1,Combined,Set3,Draw1,5,col5,Combined|Set3|Draw1|col5,E,own,1,3,3,1,5,4,47,2,2,True,1,6,7,7
Michigan4,LS1,Combined,Set3,Draw1,5,col5,Combined|Set3|Draw1|col5,E,own,1,3,3,1,5,5,4,1,1,True,1,6,7,7
Michigan4,LS1,Combined,Set3,Draw1,5,col5,Combined|Set3|Draw1|col5,E,own,1,3,3,1,5,6,,0,0,False,1,6,7,7
Michigan4,LS1,Combined,Set3,Draw1,5,col5,Combined|Set3|Draw1|col5,E,combined,1,3,3,1,5,0,55441677,8,5,False,1,6,7,7
Michigan4,LS1,Combined,Set3,Draw1,5,col5,Combined|Set3|Draw1|col5,E,combined,1,3,3,1,5,1,55447,5,3,True,1,6,7,7
Michigan4,LS1,Combined,Set3,Draw1,5,col5,Combined|Set3|Draw1|col5,E,combined,1,3,3,1,5,2,5544,4,2,True,1,6,7,7
Michigan4,LS1,Combined,Set3,Draw1,5,col5,Combined|Set3|Draw1|col5,E,combined,1,3,3,1,5,3,554,3,2,True,1,6,7,7
Michigan4,LS1,Combined,Set3,Draw1,5,col5,Combined|Set3|Draw1|col5,E,combined,1,3,3,1,5,4,55,2,1,True,1,6,7,7
Michigan4,LS1,Combined,Set3,Draw1,5,col5,Combined|Set3|Draw1|col5,E,combined,1,3,3,1,5,5,5,1,1,True,1,6,7,7
Michigan4,LS1,Combined,Set3,Draw1,5,col5,Combined|Set3|Draw1|col5,E,combined,1,3,3,1,5,6,,0,0,False,1,6,7,7
Michigan4,LS1,Combined,Set3,Draw1,5,col5,Combined|Set3|Draw1|col5,T,own,1,3,3,1,5,0,55441677,8,5,False,1,3,4,4
Michigan4,LS1,Combined,Set3,Draw1,5,col5,Combined|Set3|Draw1|col5,T,own,1,3,3,1,5,1,5544,4,2,True,1,3,4,4
Michigan4,LS1,Combined,Set3,Draw1,5,col5,Combined|Set3|Draw1|col5,T,own,1,3,3,1,5,2,55,2,1,True,1,3,4,4
Michigan4,LS1,Combined,Set3,Draw1,5,col5,Combined|Set3|Draw1|col5,T,own,1,3,3,1,5,3,,0,0,False,1,3,4,4
Michigan4,LS1,Combined,Set3,Draw1,5,col5,Combined|Set3|Draw1|col5,T,combined,1,3,3,1,5,0,55441677,8,5,False,1,5,6,6
Michigan4,LS1,Combined,Set3,Draw1,5,col5,Combined|Set3|Draw1|col5,T,combined,1,3,3,1,5,1,5544,4,2,True,1,5,6,6
Michigan4,LS1,Combined,Set3,Draw1,5,col5,Combined|Set3|Draw1|col5,T,combined,1,3,3,1,5,2,5544,4,2,True,1,5,6,6
Michigan4,LS1,Combined,Set3,Draw1,5,col5,Combined|Set3|Draw1|col5,T,combined,1,3,3,1,5,3,55,2,1,True,1,5,6,6
Michigan4,LS1,Combined,Set3,Draw1,5,col5,Combined|Set3|Draw1|col5,T,combined,1,3,3,1,5,4,55,2,1,True,1,5,6,6
Michigan4,LS1,Combined,Set3,Draw1,5,col5,Combined|Set3|Draw1|col5,T,combined,1,3,3,1,5,5,,0,0,False,1,5,6,6
Michigan4,LS1,Combined,Set3,Draw1,4,col4,Combined|Set3|Draw1|col4,A,own,1,3,3,1,4,0,5541677*,8,6,False,3,6,29,6
Michigan4,LS1,Combined,Set3,Draw1,4,col4,Combined|Set3|Draw1|col4,A,own,1,3,3,1,4,1,5546*,5,4,False,3,6,29,6
Michigan4,LS1,Combined,Set3,Draw1,4,col4,Combined|Set3|Draw1|col4,A,own,1,3,3,1,4,2,5546*,5,4,False,3,6,29,6
Michigan4,LS1,Combined,Set3,Draw1,4,col4,Combined|Set3|Draw1|col4,A,own,1,3,3,1,4,3,4*,2,2,True,3,6,29,6
Michigan4,LS1,Combined,Set3,Draw1,4,col4,Combined|Set3|Draw1|col4,A,own,1,3,3,1,4,4,4*,2,2,True,3,6,29,6
Michigan4,LS1,Combined,Set3,Draw1,4,col4,Combined|Set3|Draw1|col4,A,own,1,3,3,1,4,6,*,1,1,True,3,6,29,6
Michigan4,LS1,Combined,Set3,Draw1,4,col4,Combined|Set3|Draw1|col4,A,combined,1,3,3,1,4,0,5541677*,8,6,False,5,11,57,8
Michigan4,LS1,Combined,Set3,Draw1,4,col4,Combined|Set3|Draw1|col4,A,combined,1,3,3,1,4,1,5546*,5,4,False,5,11,57,8
Michigan4,LS1,Combined,Set3,Draw1,4,col4,Combined|Set3|Draw1|col4,A,combined,1,3,3,1,4,2,5546*,5,4,False,5,11,57,8
Michigan4,LS1,Combined,Set3,Draw1,4,col4,Combined|Set3|Draw1|col4,A,combined,1,3,3,1,4,3,5546*,5,4,False,5,11,57,8
Michigan4,LS1,Combined,Set3,Draw1,4,col4,Combined|Set3|Draw1|col4,A,combined,1,3,3,1,4,4,5546*,5,4,False,5,11,57,8
Michigan4,LS1,Combined,Set3,Draw1,4,col4,Combined|Set3|Draw1|col4,A,combined,1,3,3,1,4,5,4*,2,2,True,5,11,57,8
Michigan4,LS1,Combined,Set3,Draw1,4,col4,Combined|Set3|Draw1|col4,A,combined,1,3,3,1,4,6,4*,2,2,True,5,11,57,8
Michigan4,LS1,Combined,Set3,Draw1,4,col4,Combined|Set3|Draw1|col4,A,combined,1,3,3,1,4,11,*,1,1,True,5,11,57,8
Michigan4,LS1,Combined,Set3,Draw1,4,col4,Combined|Set3|Draw1|col4,B,own,1,3,3,1,4,0,5541677*,8,6,False,1,3,29,4
Michigan4,LS1,Combined,Set3,Draw1,4,col4,Combined|Set3|Draw1|col4,B,own,1,3,3,1,4,1,554*,4,3,True,1,3,29,4
Michigan4,LS1,Combined,Set3,Draw1,4,col4,Combined|Set3|Draw1|col4,B,own,1,3,3,1,4,2,55*,3,2,True,1,3,29,4
Michigan4,LS1,Combined,Set3,Draw1,4,col4,Combined|Set3|Draw1|col4,B,own,1,3,3,1,4,3,*,1,1,True,1,3,29,4
Michigan4,LS1,Combined,Set3,Draw1,4,col4,Combined|Set3|Draw1|col4,B,combined,1,3,3,1,4,0,5541677*,8,6,False,1,5,57,6
Michigan4,LS1,Combined,Set3,Draw1,4,col4,Combined|Set3|Draw1|col4,B,combined,1,3,3,1,4,1,554*,4,3,True,1,5,57,6
Michigan4,LS1,Combined,Set3,Draw1,4,col4,Combined|Set3|Draw1|col4,B,combined,1,3,3,1,4,2,554*,4,3,True,1,5,57,6
Michigan4,LS1,Combined,Set3,Draw1,4,col4,Combined|Set3|Draw1|col4,B,combined,1,3,3,1,4,3,55*,3,2,True,1,5,57,6
Michigan4,LS1,Combined,Set3,Draw1,4,col4,Combined|Set3|Draw1|col4,B,combined,1,3,3,1,4,4,55*,3,2,True,1,5,57,6
Michigan4,LS1,Combined,Set3,Draw1,4,col4,Combined|Set3|Draw1|col4,B,combined,1,3,3,1,4,5,*,1,1,True,1,5,57,6
Michigan4,LS1,Combined,Set3,Draw1,4,col4,Combined|Set3|Draw1|col4,C,own,1,3,3,1,4,0,5541677*,8,6,False,1,3,29,4
Michigan4,LS1,Combined,Set3,Draw1,4,col4,Combined|Set3|Draw1|col4,C,own,1,3,3,1,4,1,554*,4,3,True,1,3,29,4
Michigan4,LS1,Combined,Set3,Draw1,4,col4,Combined|Set3|Draw1|col4,C,own,1,3,3,1,4,2,55*,3,2,True,1,3,29,4
Michigan4,LS1,Combined,Set3,Draw1,4,col4,Combined|Set3|Draw1|col4,C,own,1,3,3,1,4,3,*,1,1,True,1,3,29,4
Michigan4,LS1,Combined,Set3,Draw1,4,col4,Combined|Set3|Draw1|col4,C,combined,1,3,3,1,4,0,5541677*,8,6,False,1,5,57,6
Michigan4,LS1,Combined,Set3,Draw1,4,col4,Combined|Set3|Draw1|col4,C,combined,1,3,3,1,4,1,554*,4,3,True,1,5,57,6
Michigan4,LS1,Combined,Set3,Draw1,4,col4,Combined|Set3|Draw1|col4,C,combined,1,3,3,1,4,2,554*,4,3,True,1,5,57,6
Michigan4,LS1,Combined,Set3,Draw1,4,col4,Combined|Set3|Draw1|col4,C,combined,1,3,3,1,4,3,55*,3,2,True,1,5,57,6
Michigan4,LS1,Combined,Set3,Draw1,4,col4,Combined|Set3|Draw1|col4,C,combined,1,3,3,1,4,4,55*,3,2,True,1,5,57,6
Michigan4,LS1,Combined,Set3,Draw1,4,col4,Combined|Set3|Draw1|col4,C,combined,1,3,3,1,4,5,*,1,1,True,1,5,57,6
Michigan4,LS1,Combined,Set3,Draw1,4,col4,Combined|Set3|Draw1|col4,D,own,1,3,3,1,4,0,5541677*,8,6,False,1,3,29,4
Michigan4,LS1,Combined,Set3,Draw1,4,col4,Combined|Set3|Draw1|col4,D,own,1,3,3,1,4,1,554*,4,3,True,1,3,29,4
Michigan4,LS1,Combined,Set3,Draw1,4,col4,Combined|Set3|Draw1|col4,D,own,1,3,3,1,4,2,55*,3,2,True,1,3,29,4
Michigan4,LS1,Combined,Set3,Draw1,4,col4,Combined|Set3|Draw1|col4,D,own,1,3,3,1,4,3,*,1,1,True,1,3,29,4
Michigan4,LS1,Combined,Set3,Draw1,4,col4,Combined|Set3|Draw1|col4,D,combined,1,3,3,1,4,0,5541677*,8,6,False,1,5,57,6
Michigan4,LS1,Combined,Set3,Draw1,4,col4,Combined|Set3|Draw1|col4,D,combined,1,3,3,1,4,1,554*,4,3,True,1,5,57,6
Michigan4,LS1,Combined,Set3,Draw1,4,col4,Combined|Set3|Draw1|col4,D,combined,1,3,3,1,4,2,554*,4,3,True,1,5,57,6
Michigan4,LS1,Combined,Set3,Draw1,4,col4,Combined|Set3|Draw1|col4,D,combined,1,3,3,1,4,3,55*,3,2,True,1,5,57,6
Michigan4,LS1,Combined,Set3,Draw1,4,col4,Combined|Set3|Draw1|col4,D,combined,1,3,3,1,4,4,55*,3,2,True,1,5,57,6
Michigan4,LS1,Combined,Set3,Draw1,4,col4,Combined|Set3|Draw1|col4,D,combined,1,3,3,1,4,5,*,1,1,True,1,5,57,6
Michigan4,LS1,Combined,Set3,Draw1,4,col4,Combined|Set3|Draw1|col4,E,own,1,3,3,1,4,0,5541677*,8,6,False,2,5,29,6
Michigan4,LS1,Combined,Set3,Draw1,4,col4,Combined|Set3|Draw1|col4,E,own,1,3,3,1,4,1,5547*,5,4,False,2,5,29,6
Michigan4,LS1,Combined,Set3,Draw1,4,col4,Combined|Set3|Draw1|col4,E,own,1,3,3,1,4,2,557*,4,3,True,2,5,29,6
Michigan4,LS1,Combined,Set3,Draw1,4,col4,Combined|Set3|Draw1|col4,E,own,1,3,3,1,4,3,57*,3,3,True,2,5,29,6
Michigan4,LS1,Combined,Set3,Draw1,4,col4,Combined|Set3|Draw1|col4,E,own,1,3,3,1,4,4,7*,2,2,True,2,5,29,6
Michigan4,LS1,Combined,Set3,Draw1,4,col4,Combined|Set3|Draw1|col4,E,own,1,3,3,1,4,5,*,1,1,True,2,5,29,6
Michigan4,LS1,Combined,Set3,Draw1,4,col4,Combined|Set3|Draw1|col4,E,combined,1,3,3,1,4,0,5541677*,8,6,False,2,6,57,7
Michigan4,LS1,Combined,Set3,Draw1,4,col4,Combined|Set3|Draw1|col4,E,combined,1,3,3,1,4,1,5547*,5,4,False,2,6,57,7
Michigan4,LS1,Combined,Set3,Draw1,4,col4,Combined|Set3|Draw1|col4,E,combined,1,3,3,1,4,2,554*,4,3,True,2,6,57,7
Michigan4,LS1,Combined,Set3,Draw1,4,col4,Combined|Set3|Draw1|col4,E,combined,1,3,3,1,4,3,55*,3,2,True,2,6,57,7
Michigan4,LS1,Combined,Set3,Draw1,4,col4,Combined|Set3|Draw1|col4,E,combined,1,3,3,1,4,4,55*,3,2,True,2,6,57,7
Michigan4,LS1,Combined,Set3,Draw1,4,col4,Combined|Set3|Draw1|col4,E,combined,1,3,3,1,4,5,5*,2,2,True,2,6,57,7
Michigan4,LS1,Combined,Set3,Draw1,4,col4,Combined|Set3|Draw1|col4,E,combined,1,3,3,1,4,6,*,1,1,True,2,6,57,7
Michigan4,LS1,Combined,Set3,Draw1,4,col4,Combined|Set3|Draw1|col4,T,own,1,3,3,1,4,0,5541677*,8,6,False,1,3,29,4
Michigan4,LS1,Combined,Set3,Draw1,4,col4,Combined|Set3|Draw1|col4,T,own,1,3,3,1,4,1,554*,4,3,True,1,3,29,4
Michigan4,LS1,Combined,Set3,Draw1,4,col4,Combined|Set3|Draw1|col4,T,own,1,3,3,1,4,2,55*,3,2,True,1,3,29,4
Michigan4,LS1,Combined,Set3,Draw1,4,col4,Combined|Set3|Draw1|col4,T,own,1,3,3,1,4,3,*,1,1,True,1,3,29,4
Michigan4,LS1,Combined,Set3,Draw1,4,col4,Combined|Set3|Draw1|col4,T,combined,1,3,3,1,4,0,5541677*,8,6,False,1,5,57,6
Michigan4,LS1,Combined,Set3,Draw1,4,col4,Combined|Set3|Draw1|col4,T,combined,1,3,3,1,4,1,554*,4,3,True,1,5,57,6
Michigan4,LS1,Combined,Set3,Draw1,4,col4,Combined|Set3|Draw1|col4,T,combined,1,3,3,1,4,2,554*,4,3,True,1,5,57,6
Michigan4,LS1,Combined,Set3,Draw1,4,col4,Combined|Set3|Draw1|col4,T,combined,1,3,3,1,4,3,55*,3,2,True,1,5,57,6
Michigan4,LS1,Combined,Set3,Draw1,4,col4,Combined|Set3|Draw1|col4,T,combined,1,3,3,1,4,4,55*,3,2,True,1,5,57,6
Michigan4,LS1,Combined,Set3,Draw1,4,col4,Combined|Set3|Draw1|col4,T,combined,1,3,3,1,4,5,*,1,1,True,1,5,57,6
Michigan4,LS1,Combined,Set2,Draw1,7,col7,Combined|Set2|Draw1|col7,A,own,1,3,2,1,7,0,55244138677,11,8,False,3,6,7,7
Michigan4,LS1,Combined,Set2,Draw1,7,col7,Combined|Set2|Draw1|col7,A,own,1,3,2,1,7,1,55244386,8,6,False,3,6,7,7
Michigan4,LS1,Combined,Set2,Draw1,7,col7,Combined|Set2|Draw1|col7,A,own,1,3,2,1,7,2,5524486,7,5,False,3,6,7,7
Michigan4,LS1,Combined,Set2,Draw1,7,col7,Combined|Set2|Draw1|col7,A,own,1,3,2,1,7,3,2448,4,3,True,3,6,7,7
Michigan4,LS1,Combined,Set2,Draw1,7,col7,Combined|Set2|Draw1|col7,A,own,1,3,2,1,7,4,2448,4,3,True,3,6,7,7
Michigan4,LS1,Combined,Set2,Draw1,7,col7,Combined|Set2|Draw1|col7,A,own,1,3,2,1,7,5,448,3,2,True,3,6,7,7
Michigan4,LS1,Combined,Set2,Draw1,7,col7,Combined|Set2|Draw1|col7,A,own,1,3,2,1,7,6,,0,0,False,3,6,7,7
Michigan4,LS1,Combined,Set2,Draw1,7,col7,Combined|Set2|Draw1|col7,A,combined,1,3,2,1,7,0,55244138677,11,8,False,5,11,12,12
Michigan4,LS1,Combined,Set2,Draw1,7,col7,Combined|Set2|Draw1|col7,A,combined,1,3,2,1,7,1,55244386,8,6,False,5,11,12,12
Michigan4,LS1,Combined,Set2,Draw1,7,col7,Combined|Set2|Draw1|col7,A,combined,1,3,2,1,7,2,55244386,8,6,False,5,11,12,12
Michigan4,LS1,Combined,Set2,Draw1,7,col7,Combined|Set2|Draw1|col7,A,combined,1,3,2,1,7,3,5524486,7,5,False,5,11,12,12
Michigan4,LS1,Combined,Set2,Draw1,7,col7,Combined|Set2|Draw1|col7,A,combined,1,3,2,1,7,4,5524486,7,5,False,5,11,12,12
Michigan4,LS1,Combined,Set2,Draw1,7,col7,Combined|Set2|Draw1|col7,A,combined,1,3,2,1,7,5,2448,4,3,True,5,11,12,12
Michigan4,LS1,Combined,Set2,Draw1,7,col7,Combined|Set2|Draw1|col7,A,combined,1,3,2,1,7,6,2448,4,3,True,5,11,12,12
Michigan4,LS1,Combined,Set2,Draw1,7,col7,Combined|Set2|Draw1|col7,A,combined,1,3,2,1,7,7,2448,4,3,True,5,11,12,12
Michigan4,LS1,Combined,Set2,Draw1,7,col7,Combined|Set2|Draw1|col7,A,combined,1,3,2,1,7,8,2448,4,3,True,5,11,12,12
Michigan4,LS1,Combined,Set2,Draw1,7,col7,Combined|Set2|Draw1|col7,A,combined,1,3,2,1,7,9,448,3,2,True,5,11,12,12
Michigan4,LS1,Combined,Set2,Draw1,7,col7,Combined|Set2|Draw1|col7,A,combined,1,3,2,1,7,10,448,3,2,True,5,11,12,12
Michigan4,LS1,Combined,Set2,Draw1,7,col7,Combined|Set2|Draw1|col7,A,combined,1,3,2,1,7,11,,0,0,False,5,11,12,12
Michigan4,LS1,Combined,Set2,Draw1,7,col7,Combined|Set2|Draw1|col7,B,own,1,3,2,1,7,0,55244138677,11,8,False,2,6,7,7
Michigan4,LS1,Combined,Set2,Draw1,7,col7,Combined|Set2|Draw1|col7,B,own,1,3,2,1,7,1,5524438,7,5,False,2,6,7,7
Michigan4,LS1,Combined,Set2,Draw1,7,col7,Combined|Set2|Draw1|col7,B,own,1,3,2,1,7,2,5528,4,3,True,2,6,7,7
Michigan4,LS1,Combined,Set2,Draw1,7,col7,Combined|Set2|Draw1|col7,B,own,1,3,2,1,7,3,28,2,2,True,2,6,7,7
Michigan4,LS1,Combined,Set2,Draw1,7,col7,Combined|Set2|Draw1|col7,B,own,1,3,2,1,7,4,28,2,2,True,2,6,7,7
Michigan4,LS1,Combined,Set2,Draw1,7,col7,Combined|Set2|Draw1|col7,B,own,1,3,2,1,7,5,8,1,1,True,2,6,7,7
Michigan4,LS1,Combined,Set2,Draw1,7,col7,Combined|Set2|Draw1|col7,B,own,1,3,2,1,7,6,,0,0,False,2,6,7,7
Michigan4,LS1,Combined,Set2,Draw1,7,col7,Combined|Set2|Draw1|col7,B,combined,1,3,2,1,7,0,55244138677,11,8,False,3,5,6,6
Michigan4,LS1,Combined,Set2,Draw1,7,col7,Combined|Set2|Draw1|col7,B,combined,1,3,2,1,7,1,5524438,7,5,False,3,5,6,6
Michigan4,LS1,Combined,Set2,Draw1,7,col7,Combined|Set2|Draw1|col7,B,combined,1,3,2,1,7,2,554438,6,4,False,3,5,6,6
Michigan4,LS1,Combined,Set2,Draw1,7,col7,Combined|Set2|Draw1|col7,B,combined,1,3,2,1,7,3,558,3,2,True,3,5,6,6
Michigan4,LS1,Combined,Set2,Draw1,7,col7,Combined|Set2|Draw1|col7,B,combined,1,3,2,1,7,4,55,2,1,True,3,5,6,6
Michigan4,LS1,Combined,Set2,Draw1,7,col7,Combined|Set2|Draw1|col7,B,combined,1,3,2,1,7,5,,0,0,False,3,5,6,6
Michigan4,LS1,Combined,Set2,Draw1,7,col7,Combined|Set2|Draw1|col7,C,own,1,3,2,1,7,0,55244138677,11,8,False,2,3,4,4
Michigan4,LS1,Combined,Set2,Draw1,7,col7,Combined|Set2|Draw1|col7,C,own,1,3,2,1,7,1,554438,6,4,False,2,3,4,4
Michigan4,LS1,Combined,Set2,Draw1,7,col7,Combined|Set2|Draw1|col7,C,own,1,3,2,1,7,2,55,2,1,True,2,3,4,4
Michigan4,LS1,Combined,Set2,Draw1,7,col7,Combined|Set2|Draw1|col7,C,own,1,3,2,1,7,3,,0,0,False,2,3,4,4
Michigan4,LS1,Combined,Set2,Draw1,7,col7,Combined|Set2|Draw1|col7,C,combined,1,3,2,1,7,0,55244138677,11,8,False,3,5,6,6
Michigan4,LS1,Combined,Set2,Draw1,7,col7,Combined|Set2|Draw1|col7,C,combined,1,3,2,1,7,1,554438,6,4,False,3,5,6,6
Michigan4,LS1,Combined,Set2,Draw1,7,col7,Combined|Set2|Draw1|col7,C,combined,1,3,2,1,7,2,554438,6,4,False,3,5,6,6
Michigan4,LS1,Combined,Set2,Draw1,7,col7,Combined|Set2|Draw1|col7,C,combined,1,3,2,1,7,3,55,2,1,True,3,5,6,6
Michigan4,LS1,Combined,Set2,Draw1,7,col7,Combined|Set2|Draw1|col7,C,combined,1,3,2,1,7,4,55,2,1,True,3,5,6,6
Michigan4,LS1,Combined,Set2,Draw1,7,col7,Combined|Set2|Draw1|col7,C,combined,1,3,2,1,7,5,,0,0,False,3,5,6,6
Michigan4,LS1,Combined,Set2,Draw1,7,col7,Combined|Set2|Draw1|col7,D,own,1,3,2,1,7,0,55244138677,11,8,False,2,6,7,6
Michigan4,LS1,Combined,Set2,Draw1,7,col7,Combined|Set2|Draw1|col7,D,own,1,3,2,1,7,1,554438,6,4,False,2,6,7,6
Michigan4,LS1,Combined,Set2,Draw1,7,col7,Combined|Set2|Draw1|col7,D,own,1,3,2,1,7,2,554,3,2,True,2,6,7,6
Michigan4,LS1,Combined,Set2,Draw1,7,col7,Combined|Set2|Draw1|col7,D,own,1,3,2,1,7,3,4,1,1,True,2,6,7,6
Michigan4,LS1,Combined,Set2,Draw1,7,col7,Combined|Set2|Draw1|col7,D,own,1,3,2,1,7,4,4,1,1,True,2,6,7,6
Michigan4,LS1,Combined,Set2,Draw1,7,col7,Combined|Set2|Draw1|col7,D,own,1,3,2,1,7,6,,0,0,False,2,6,7,6
Michigan4,LS1,Combined,Set2,Draw1,7,col7,Combined|Set2|Draw1|col7,D,combined,1,3,2,1,7,0,55244138677,11,8,False,3,5,6,6
Michigan4,LS1,Combined,Set2,Draw1,7,col7,Combined|Set2|Draw1|col7,D,combined,1,3,2,1,7,1,554438,6,4,False,3,5,6,6
Michigan4,LS1,Combined,Set2,Draw1,7,col7,Combined|Set2|Draw1|col7,D,combined,1,3,2,1,7,2,554438,6,4,False,3,5,6,6
Michigan4,LS1,Combined,Set2,Draw1,7,col7,Combined|Set2|Draw1|col7,D,combined,1,3,2,1,7,3,554,3,2,True,3,5,6,6
Michigan4,LS1,Combined,Set2,Draw1,7,col7,Combined|Set2|Draw1|col7,D,combined,1,3,2,1,7,4,55,2,1,True,3,5,6,6
Michigan4,LS1,Combined,Set2,Draw1,7,col7,Combined|Set2|Draw1|col7,D,combined,1,3,2,1,7,5,,0,0,False,3,5,6,6
Michigan4,LS1,Combined,Set2,Draw1,7,col7,Combined|Set2|Draw1|col7,E,own,1,3,2,1,7,0,55244138677,11,8,False,5,8,9,9
Michigan4,LS1,Combined,Set2,Draw1,7,col7,Combined|Set2|Draw1|col7,E,own,1,3,2,1,7,1,55244387,8,6,False,5,8,9,9
Michigan4,LS1,Combined,Set2,Draw1,7,col7,Combined|Set2|Draw1|col7,E,own,1,3,2,1,7,2,552487,6,5,False,5,8,9,9
Michigan4,LS1,Combined,Set2,Draw1,7,col7,Combined|Set2|Draw1|col7,E,own,1,3,2,1,7,3,52487,5,5,False,5,8,9,9
Michigan4,LS1,Combined,Set2,Draw1,7,col7,Combined|Set2|Draw1|col7,E,own,1,3,2,1,7,4,2487,4,4,False,5,8,9,9
Michigan4,LS1,Combined,Set2,Draw1,7,col7,Combined|Set2|Draw1|col7,E,own,1,3,2,1,7,5,487,3,3,True,5,8,9,9
Michigan4,LS1,Combined,Set2,Draw1,7,col7,Combined|Set2|Draw1|col7,E,own,1,3,2,1,7,6,7,1,1,True,5,8,9,9
Michigan4,LS1,Combined,Set2,Draw1,7,col7,Combined|Set2|Draw1|col7,E,own,1,3,2,1,7,7,7,1,1,True,5,8,9,9
Michigan4,LS1,Combined,Set2,Draw1,7,col7,Combined|Set2|Draw1|col7,E,own,1,3,2,1,7,8,,0,0,False,5,8,9,9
Michigan4,LS1,Combined,Set2,Draw1,7,col7,Combined|Set2|Draw1|col7,E,combined,1,3,2,1,7,0,55244138677,11,8,False,4,9,10,9
Michigan4,LS1,Combined,Set2,Draw1,7,col7,Combined|Set2|Draw1|col7,E,combined,1,3,2,1,7,1,55244387,8,6,False,4,9,10,9
Michigan4,LS1,Combined,Set2,Draw1,7,col7,Combined|Set2|Draw1|col7,E,combined,1,3,2,1,7,2,5524438,7,5,False,4,9,10,9
Michigan4,LS1,Combined,Set2,Draw1,7,col7,Combined|Set2|Draw1|col7,E,combined,1,3,2,1,7,3,55248,5,4,False,4,9,10,9
Michigan4,LS1,Combined,Set2,Draw1,7,col7,Combined|Set2|Draw1|col7,E,combined,1,3,2,1,7,4,552,3,2,True,4,9,10,9
Michigan4,LS1,Combined,Set2,Draw1,7,col7,Combined|Set2|Draw1|col7,E,combined,1,3,2,1,7,5,52,2,2,True,4,9,10,9
Michigan4,LS1,Combined,Set2,Draw1,7,col7,Combined|Set2|Draw1|col7,E,combined,1,3,2,1,7,6,2,1,1,True,4,9,10,9
Michigan4,LS1,Combined,Set2,Draw1,7,col7,Combined|Set2|Draw1|col7,E,combined,1,3,2,1,7,7,2,1,1,True,4,9,10,9
Michigan4,LS1,Combined,Set2,Draw1,7,col7,Combined|Set2|Draw1|col7,E,combined,1,3,2,1,7,9,,0,0,False,4,9,10,9
Michigan4,LS1,Combined,Set2,Draw1,7,col7,Combined|Set2|Draw1|col7,T,own,1,3,2,1,7,0,55244138677,11,8,False,2,3,4,4
Michigan4,LS1,Combined,Set2,Draw1,7,col7,Combined|Set2|Draw1|col7,T,own,1,3,2,1,7,1,554438,6,4,False,2,3,4,4
Michigan4,LS1,Combined,Set2,Draw1,7,col7,Combined|Set2|Draw1|col7,T,own,1,3,2,1,7,2,55,2,1,True,2,3,4,4
Michigan4,LS1,Combined,Set2,Draw1,7,col7,Combined|Set2|Draw1|col7,T,own,1,3,2,1,7,3,,0,0,False,2,3,4,4
Michigan4,LS1,Combined,Set2,Draw1,7,col7,Combined|Set2|Draw1|col7,T,combined,1,3,2,1,7,0,55244138677,11,8,False,3,5,6,6
Michigan4,LS1,Combined,Set2,Draw1,7,col7,Combined|Set2|Draw1|col7,T,combined,1,3,2,1,7,1,554438,6,4,False,3,5,6,6
Michigan4,LS1,Combined,Set2,Draw1,7,col7,Combined|Set2|Draw1|col7,T,combined,1,3,2,1,7,2,554438,6,4,False,3,5,6,6
Michigan4,LS1,Combined,Set2,Draw1,7,col7,Combined|Set2|Draw1|col7,T,combined,1,3,2,1,7,3,55,2,1,True,3,5,6,6
Michigan4,LS1,Combined,Set2,Draw1,7,col7,Combined|Set2|Draw1|col7,T,combined,1,3,2,1,7,4,55,2,1,True,3,5,6,6
Michigan4,LS1,Combined,Set2,Draw1,7,col7,Combined|Set2|Draw1|col7,T,combined,1,3,2,1,7,5,,0,0,False,3,5,6,6
Michigan4,LS1,Combined,Set2,Draw1,6,col6,Combined|Set2|Draw1|col6,A,own,1,3,2,1,6,0,5524418677,10,7,False,3,6,7,7
Michigan4,LS1,Combined,Set2,Draw1,6,col6,Combined|Set2|Draw1|col6,A,own,1,3,2,1,6,1,5524486,7,5,False,3,6,7,7
Michigan4,LS1,Combined,Set2,Draw1,6,col6,Combined|Set2|Draw1|col6,A,own,1,3,2,1,6,2,5524486,7,5,False,3,6,7,7
Michigan4,LS1,Combined,Set2,Draw1,6,col6,Combined|Set2|Draw1|col6,A,own,1,3,2,1,6,3,2448,4,3,True,3,6,7,7
Michigan4,LS1,Combined,Set2,Draw1,6,col6,Combined|Set2|Draw1|col6,A,own,1,3,2,1,6,4,2448,4,3,True,3,6,7,7
Michigan4,LS1,Combined,Set2,Draw1,6,col6,Combined|Set2|Draw1|col6,A,own,1,3,2,1,6,5,448,3,2,True,3,6,7,7
Michigan4,LS1,Combined,Set2,Draw1,6,col6,Combined|Set2|Draw1|col6,A,own,1,3,2,1,6,6,,0,0,False,3,6,7,7
Michigan4,LS1,Combined,Set2,Draw1,6,col6,Combined|Set2|Draw1|col6,A,combined,1,3,2,1,6,0,5524418677,10,7,False,5,11,12,12
Michigan4,LS1,Combined,Set2,Draw1,6,col6,Combined|Set2|Draw1|col6,A,combined,1,3,2,1,6,1,5524486,7,5,False,5,11,12,12
Michigan4,LS1,Combined,Set2,Draw1,6,col6,Combined|Set2|Draw1|col6,A,combined,1,3,2,1,6,2,5524486,7,5,False,5,11,12,12
Michigan4,LS1,Combined,Set2,Draw1,6,col6,Combined|Set2|Draw1|col6,A,combined,1,3,2,1,6,3,5524486,7,5,False,5,11,12,12
Michigan4,LS1,Combined,Set2,Draw1,6,col6,Combined|Set2|Draw1|col6,A,combined,1,3,2,1,6,4,5524486,7,5,False,5,11,12,12
Michigan4,LS1,Combined,Set2,Draw1,6,col6,Combined|Set2|Draw1|col6,A,combined,1,3,2,1,6,5,2448,4,3,True,5,11,12,12
Michigan4,LS1,Combined,Set2,Draw1,6,col6,Combined|Set2|Draw1|col6,A,combined,1,3,2,1,6,6,2448,4,3,True,5,11,12,12
Michigan4,LS1,Combined,Set2,Draw1,6,col6,Combined|Set2|Draw1|col6,A,combined,1,3,2,1,6,7,2448,4,3,True,5,11,12,12
Michigan4,LS1,Combined,Set2,Draw1,6,col6,Combined|Set2|Draw1|col6,A,combined,1,3,2,1,6,8,2448,4,3,True,5,11,12,12
Michigan4,LS1,Combined,Set2,Draw1,6,col6,Combined|Set2|Draw1|col6,A,combined,1,3,2,1,6,9,448,3,2,True,5,11,12,12
Michigan4,LS1,Combined,Set2,Draw1,6,col6,Combined|Set2|Draw1|col6,A,combined,1,3,2,1,6,10,448,3,2,True,5,11,12,12
Michigan4,LS1,Combined,Set2,Draw1,6,col6,Combined|Set2|Draw1|col6,A,combined,1,3,2,1,6,11,,0,0,False,5,11,12,12
Michigan4,LS1,Combined,Set2,Draw1,6,col6,Combined|Set2|Draw1|col6,B,own,1,3,2,1,6,0,5524418677,10,7,False,2,5,6,6
Michigan4,LS1,Combined,Set2,Draw1,6,col6,Combined|Set2|Draw1|col6,B,own,1,3,2,1,6,1,552448,6,4,False,2,5,6,6
Michigan4,LS1,Combined,Set2,Draw1,6,col6,Combined|Set2|Draw1|col6,B,own,1,3,2,1,6,2,552,3,2,True,2,5,6,6
Michigan4,LS1,Combined,Set2,Draw1,6,col6,Combined|Set2|Draw1|col6,B,own,1,3,2,1,6,3,2,1,1,True,2,5,6,6
Michigan4,LS1,Combined,Set2,Draw1,6,col6,Combined|Set2|Draw1|col6,B,own,1,3,2,1,6,4,2,1,1,True,2,5,6,6
Michigan4,LS1,Combined,Set2,Draw1,6,col6,Combined|Set2|Draw1|col6,B,own,1,3,2,1,6,5,,0,0,False,2,5,6,6
Michigan4,LS1,Combined,Set2,Draw1,6,col6,Combined|Set2|Draw1|col6,B,combined,1,3,2,1,6,0,5524418677,10,7,False,2,5,6,6
Michigan4,LS1,Combined,Set2,Draw1,6,col6,Combined|Set2|Draw1|col6,B,combined,1,3,2,1,6,1,552448,6,4,False,2,5,6,6
Michigan4,LS1,Combined,Set2,Draw1,6,col6,Combined|Set2|Draw1|col6,B,combined,1,3,2,1,6,2,55448,5,3,True,2,5,6,6
Michigan4,LS1,Combined,Set2,Draw1,6,col6,Combined|Set2|Draw1|col6,B,combined,1,3,2,1,6,3,55,2,1,True,2,5,6,6
Michigan4,LS1,Combined,Set2,Draw1,6,col6,Combined|Set2|Draw1|col6,B,combined,1,3,2,1,6,4,55,2,1,True,2,5,6,6
Michigan4,LS1,Combined,Set2,Draw1,6,col6,Combined|Set2|Draw1|col6,B,combined,1,3,2,1,6,5,,0,0,False,2,5,6,6
Michigan4,LS1,Combined,Set2,Draw1,6,col6,Combined|Set2|Draw1|col6,C,own,1,3,2,1,6,0,5524418677,10,7,False,1,3,4,4
Michigan4,LS1,Combined,Set2,Draw1,6,col6,Combined|Set2|Draw1|col6,C,own,1,3,2,1,6,1,55448,5,3,True,1,3,4,4
Michigan4,LS1,Combined,Set2,Draw1,6,col6,Combined|Set2|Draw1|col6,C,own,1,3,2,1,6,2,55,2,1,True,1,3,4,4
Michigan4,LS1,Combined,Set2,Draw1,6,col6,Combined|Set2|Draw1|col6,C,own,1,3,2,1,6,3,,0,0,False,1,3,4,4
Michigan4,LS1,Combined,Set2,Draw1,6,col6,Combined|Set2|Draw1|col6,C,combined,1,3,2,1,6,0,5524418677,10,7,False,1,5,6,6
Michigan4,LS1,Combined,Set2,Draw1,6,col6,Combined|Set2|Draw1|col6,C,combined,1,3,2,1,6,1,55448,5,3,True,1,5,6,6
Michigan4,LS1,Combined,Set2,Draw1,6,col6,Combined|Set2|Draw1|col6,C,combined,1,3,2,1,6,2,55448,5,3,True,1,5,6,6
Michigan4,LS1,Combined,Set2,Draw1,6,col6,Combined|Set2|Draw1|col6,C,combined,1,3,2,1,6,3,55,2,1,True,1,5,6,6
Michigan4,LS1,Combined,Set2,Draw1,6,col6,Combined|Set2|Draw1|col6,C,combined,1,3,2,1,6,4,55,2,1,True,1,5,6,6
Michigan4,LS1,Combined,Set2,Draw1,6,col6,Combined|Set2|Draw1|col6,C,combined,1,3,2,1,6,5,,0,0,False,1,5,6,6
Michigan4,LS1,Combined,Set2,Draw1,6,col6,Combined|Set2|Draw1|col6,D,own,1,3,2,1,6,0,5524418677,10,7,False,1,6,7,6
Michigan4,LS1,Combined,Set2,Draw1,6,col6,Combined|Set2|Draw1|col6,D,own,1,3,2,1,6,1,55448,5,3,True,1,6,7,6
Michigan4,LS1,Combined,Set2,Draw1,6,col6,Combined|Set2|Draw1|col6,D,own,1,3,2,1,6,2,554,3,2,True,1,6,7,6
Michigan4,LS1,Combined,Set2,Draw1,6,col6,Combined|Set2|Draw1|col6,D,own,1,3,2,1,6,3,4,1,1,True,1,6,7,6
Michigan4,LS1,Combined,Set2,Draw1,6,col6,Combined|Set2|Draw1|col6,D,own,1,3,2,1,6,4,4,1,1,True,1,6,7,6
Michigan4,LS1,Combined,Set2,Draw1,6,col6,Combined|Set2|Draw1|col6,D,own,1,3,2,1,6,6,,0,0,False,1,6,7,6
Michigan4,LS1,Combined,Set2,Draw1,6,col6,Combined|Set2|Draw1|col6,D,combined,1,3,2,1,6,0,5524418677,10,7,False,1,5,6,6
Michigan4,LS1,Combined,Set2,Draw1,6,col6,Combined|Set2|Draw1|col6,D,combined,1,3,2,1,6,1,55448,5,3,True,1,5,6,6
Michigan4,LS1,Combined,Set2,Draw1,6,col6,Combined|Set2|Draw1|col6,D,combined,1,3,2,1,6,2,55448,5,3,True,1,5,6,6
Michigan4,LS1,Combined,Set2,Draw1,6,col6,Combined|Set2|Draw1|col6,D,combined,1,3,2,1,6,3,554,3,2,True,1,5,6,6
Michigan4,LS1,Combined,Set2,Draw1,6,col6,Combined|Set2|Draw1|col6,D,combined,1,3,2,1,6,4,55,2,1,True,1,5,6,6
Michigan4,LS1,Combined,Set2,Draw1,6,col6,Combined|Set2|Draw1|col6,D,combined,1,3,2,1,6,5,,0,0,False,1,5,6,6
Michigan4,LS1,Combined,Set2,Draw1,6,col6,Combined|Set2|Draw1|col6,E,own,1,3,2,1,6,0,5524418677,10,7,False,4,8,9,9
Michigan4,LS1,Combined,Set2,Draw1,6,col6,Combined|Set2|Draw1|col6,E,own,1,3,2,1,6,1,5524487,7,5,False,4,8,9,9
Michigan4,LS1,Combined,Set2,Draw1,6,col6,Combined|Set2|Draw1|col6,E,own,1,3,2,1,6,2,55247,5,4,False,4,8,9,9
Michigan4,LS1,Combined,Set2,Draw1,6,col6,Combined|Set2|Draw1|col6,E,own,1,3,2,1,6,3,5247,4,4,False,4,8,9,9
Michigan4,LS1,Combined,Set2,Draw1,6,col6,Combined|Set2|Draw1|col6,E,own,1,3,2,1,6,4,247,3,3,True,4,8,9,9
Michigan4,LS1,Combined,Set2,Draw1,6,col6,Combined|Set2|Draw1|col6,E,own,1,3,2,1,6,5,47,2,2,True,4,8,9,9
Michigan4,LS1,Combined,Set2,Draw1,6,col6,Combined|Set2|Draw1|col6,E,own,1,3,2,1,6,6,7,1,1,True,4,8,9,9
Michigan4,LS1,Combined,Set2,Draw1,6,col6,Combined|Set2|Draw1|col6,E,own,1,3,2,1,6,7,7,1,1,True,4,8,9,9
Michigan4,LS1,Combined,Set2,Draw1,6,col6,Combined|Set2|Draw1|col6,E,own,1,3,2,1,6,8,,0,0,False,4,8,9,9
Michigan4,LS1,Combined,Set2,Draw1,6,col6,Combined|Set2|Draw1|col6,E,combined,1,3,2,1,6,0,5524418677,10,7,False,3,9,10,9
Michigan4,LS1,Combined,Set2,Draw1,6,col6,Combined|Set2|Draw1|col6,E,combined,1,3,2,1,6,1,5524487,7,5,False,3,9,10,9
Michigan4,LS1,Combined,Set2,Draw1,6,col6,Combined|Set2|Draw1|col6,E,combined,1,3,2,1,6,2,552448,6,4,False,3,9,10,9
Michigan4,LS1,Combined,Set2,Draw1,6,col6,Combined|Set2|Draw1|col6,E,combined,1,3,2,1,6,3,5524,4,3,True,3,9,10,9
Michigan4,LS1,Combined,Set2,Draw1,6,col6,Combined|Set2|Draw1|col6,E,combined,1,3,2,1,6,4,552,3,2,True,3,9,10,9
Michigan4,LS1,Combined,Set2,Draw1,6,col6,Combined|Set2|Draw1|col6,E,combined,1,3,2,1,6,5,52,2,2,True,3,9,10,9
Michigan4,LS1,Combined,Set2,Draw1,6,col6,Combined|Set2|Draw1|col6,E,combined,1,3,2,1,6,6,2,1,1,True,3,9,10,9
Michigan4,LS1,Combined,Set2,Draw1,6,col6,Combined|Set2|Draw1|col6,E,combined,1,3,2,1,6,7,2,1,1,True,3,9,10,9
Michigan4,LS1,Combined,Set2,Draw1,6,col6,Combined|Set2|Draw1|col6,E,combined,1,3,2,1,6,9,,0,0,False,3,9,10,9
Michigan4,LS1,Combined,Set2,Draw1,6,col6,Combined|Set2|Draw1|col6,T,own,1,3,2,1,6,0,5524418677,10,7,False,1,3,4,4
Michigan4,LS1,Combined,Set2,Draw1,6,col6,Combined|Set2|Draw1|col6,T,own,1,3,2,1,6,1,55448,5,3,True,1,3,4,4
Michigan4,LS1,Combined,Set2,Draw1,6,col6,Combined|Set2|Draw1|col6,T,own,1,3,2,1,6,2,55,2,1,True,1,3,4,4
Michigan4,LS1,Combined,Set2,Draw1,6,col6,Combined|Set2|Draw1|col6,T,own,1,3,2,1,6,3,,0,0,False,1,3,4,4
Michigan4,LS1,Combined,Set2,Draw1,6,col6,Combined|Set2|Draw1|col6,T,combined,1,3,2,1,6,0,5524418677,10,7,False,1,5,6,6
Michigan4,LS1,Combined,Set2,Draw1,6,col6,Combined|Set2|Draw1|col6,T,combined,1,3,2,1,6,1,55448,5,3,True,1,5,6,6
Michigan4,LS1,Combined,Set2,Draw1,6,col6,Combined|Set2|Draw1|col6,T,combined,1,3,2,1,6,2,55448,5,3,True,1,5,6,6
Michigan4,LS1,Combined,Set2,Draw1,6,col6,Combined|Set2|Draw1|col6,T,combined,1,3,2,1,6,3,55,2,1,True,1,5,6,6
Michigan4,LS1,Combined,Set2,Draw1,6,col6,Combined|Set2|Draw1|col6,T,combined,1,3,2,1,6,4,55,2,1,True,1,5,6,6
Michigan4,LS1,Combined,Set2,Draw1,6,col6,Combined|Set2|Draw1|col6,T,combined,1,3,2,1,6,5,,0,0,False,1,5,6,6
Michigan4,LS1,Combined,Set2,Draw1,5,col5,Combined|Set2|Draw1|col5,A,own,1,3,2,1,5,0,55241677,8,6,False,3,6,7,7
Michigan4,LS1,Combined,Set2,Draw1,5,col5,Combined|Set2|Draw1|col5,A,own,1,3,2,1,5,1,55246,5,4,False,3,6,7,7
Michigan4,LS1,Combined,Set2,Draw1,5,col5,Combined|Set2|Draw1|col5,A,own,1,3,2,1,5,2,55246,5,4,False,3,6,7,7
Michigan4,LS1,Combined,Set2,Draw1,5,col5,Combined|Set2|Draw1|col5,A,own,1,3,2,1,5,3,24,2,2,True,3,6,7,7
Michigan4,LS1,Combined,Set2,Draw1,5,col5,Combined|Set2|Draw1|col5,A,own,1,3,2,1,5,4,24,2,2,True,3,6,7,7
Michigan4,LS1,Combined,Set2,Draw1,5,col5,Combined|Set2|Draw1|col5,A,own,1,3,2,1,5,5,4,1,1,True,3,6,7,7
Michigan4,LS1,Combined,Set2,Draw1,5,col5,Combined|Set2|Draw1|col5,A,own,1,3,2,1,5,6,,0,0,False,3,6,7,7
Michigan4,LS1,Combined,Set2,Draw1,5,col5,Combined|Set2|Draw1|col5,A,combined,1,3,2,1,5,0,55241677,8,6,False,5,11,12,10
Michigan4,LS1,Combined,Set2,Draw1,5,col5,Combined|Set2|Draw1|col5,A,combined,1,3,2,1,5,1,55246,5,4,False,5,11,12,10
Michigan4,LS1,Combined,Set2,Draw1,5,col5,Combined|Set2|Draw1|col5,A,combined,1,3,2,1,5,2,55246,5,4,False,5,11,12,10
Michigan4,LS1,Combined,Set2,Draw1,5,col5,Combined|Set2|Draw1|col5,A,combined,1,3,2,1,5,3,55246,5,4,False,5,11,12,10
Michigan4,LS1,Combined,Set2,Draw1,5,col5,Combined|Set2|Draw1|col5,A,combined,1,3,2,1,5,4,55246,5,4,False,5,11,12,10
Michigan4,LS1,Combined,Set2,Draw1,5,col5,Combined|Set2|Draw1|col5,A,combined,1,3,2,1,5,5,24,2,2,True,5,11,12,10
Michigan4,LS1,Combined,Set2,Draw1,5,col5,Combined|Set2|Draw1|col5,A,combined,1,3,2,1,5,6,24,2,2,True,5,11,12,10
Michigan4,LS1,Combined,Set2,Draw1,5,col5,Combined|Set2|Draw1|col5,A,combined,1,3,2,1,5,9,4,1,1,True,5,11,12,10
Michigan4,LS1,Combined,Set2,Draw1,5,col5,Combined|Set2|Draw1|col5,A,combined,1,3,2,1,5,10,4,1,1,True,5,11,12,10
Michigan4,LS1,Combined,Set2,Draw1,5,col5,Combined|Set2|Draw1|col5,A,combined,1,3,2,1,5,11,,0,0,False,5,11,12,10
Michigan4,LS1,Combined,Set2,Draw1,5,col5,Combined|Set2|Draw1|col5,B,own,1,3,2,1,5,0,55241677,8,6,False,1,5,6,6
Michigan4,LS1,Combined,Set2,Draw1,5,col5,Combined|Set2|Draw1|col5,B,own,1,3,2,1,5,1,5524,4,3,True,1,5,6,6
Michigan4,LS1,Combined,Set2,Draw1,5,col5,Combined|Set2|Draw1|col5,B,own,1,3,2,1,5,2,552,3,2,True,1,5,6,6
Michigan4,LS1,Combined,Set2,Draw1,5,col5,Combined|Set2|Draw1|col5,B,own,1,3,2,1,5,3,2,1,1,True,1,5,6,6
Michigan4,LS1,Combined,Set2,Draw1,5,col5,Combined|Set2|Draw1|col5,B,own,1,3,2,1,5,4,2,1,1,True,1,5,6,6
Michigan4,LS1,Combined,Set2,Draw1,5,col5,Combined|Set2|Draw1|col5,B,own,1,3,2,1,5,5,,0,0,False,1,5,6,6
Michigan4,LS1,Combined,Set2,Draw1,5,col5,Combined|Set2|Draw1|col5,B,combined,1,3,2,1,5,0,55241677,8,6,False,1,5,6,6
Michigan4,LS1,Combined,Set2,Draw1,5,col5,Combined|Set2|Draw1|col5,B,combined,1,3,2,1,5,1,5524,4,3,True,1,5,6,6
Michigan4,LS1,Combined,Set2,Draw1,5,col5,Combined|Set2|Draw1|col5,B,combined,1,3,2,1,5,2,554,3,2,True,1,5,6,6
Michigan4,LS1,Combined,Set2,Draw1,5,col5,Combined|Set2|Draw1|col5,B,combined,1,3,2,1,5,3,55,2,1,True,1,5,6,6
Michigan4,LS1,Combined,Set2,Draw1,5,col5,Combined|Set2|Draw1|col5,B,combined,1,3,2,1,5,4,55,2,1,True,1,5,6,6
Michigan4,LS1,Combined,Set2,Draw1,5,col5,Combined|Set2|Draw1|col5,B,combined,1,3,2,1,5,5,,0,0,False,1,5,6,6
Michigan4,LS1,Combined,Set2,Draw1,5,col5,Combined|Set2|Draw1|col5,C,own,1,3,2,1,5,0,55241677,8,6,False,1,3,4,4
Michigan4,LS1,Combined,Set2,Draw1,5,col5,Combined|Set2|Draw1|col5,C,own,1,3,2,1,5,1,554,3,2,True,1,3,4,4
Michigan4,LS1,Combined,Set2,Draw1,5,col5,Combined|Set2|Draw1|col5,C,own,1,3,2,1,5,2,55,2,1,True,1,3,4,4
Michigan4,LS1,Combined,Set2,Draw1,5,col5,Combined|Set2|Draw1|col5,C,own,1,3,2,1,5,3,,0,0,False,1,3,4,4
Michigan4,LS1,Combined,Set2,Draw1,5,col5,Combined|Set2|Draw1|col5,C,combined,1,3,2,1,5,0,55241677,8,6,False,1,5,6,6
Michigan4,LS1,Combined,Set2,Draw1,5,col5,Combined|Set2|Draw1|col5,C,combined,1,3,2,1,5,1,554,3,2,True,1,5,6,6
Michigan4,LS1,Combined,Set2,Draw1,5,col5,Combined|Set2|Draw1|col5,C,combined,1,3,2,1,5,2,554,3,2,True,1,5,6,6
Michigan4,LS1,Combined,Set2,Draw1,5,col5,Combined|Set2|Draw1|col5,C,combined,1,3,2,1,5,3,55,2,1,True,1,5,6,6
Michigan4,LS1,Combined,Set2,Draw1,5,col5,Combined|Set2|Draw1|col5,C,combined,1,3,2,1,5,4,55,2,1,True,1,5,6,6
Michigan4,LS1,Combined,Set2,Draw1,5,col5,Combined|Set2|Draw1|col5,C,combined,1,3,2,1,5,5,,0,0,False,1,5,6,6
Michigan4,LS1,Combined,Set2,Draw1,5,col5,Combined|Set2|Draw1|col5,D,own,1,3,2,1,5,0,55241677,8,6,False,1,3,4,4
Michigan4,LS1,Combined,Set2,Draw1,5,col5,Combined|Set2|Draw1|col5,D,own,1,3,2,1,5,1,554,3,2,True,1,3,4,4
Michigan4,LS1,Combined,Set2,Draw1,5,col5,Combined|Set2|Draw1|col5,D,own,1,3,2,1,5,2,55,2,1,True,1,3,4,4
Michigan4,LS1,Combined,Set2,Draw1,5,col5,Combined|Set2|Draw1|col5,D,own,1,3,2,1,5,3,,0,0,False,1,3,4,4
Michigan4,LS1,Combined,Set2,Draw1,5,col5,Combined|Set2|Draw1|col5,D,combined,1,3,2,1,5,0,55241677,8,6,False,1,5,6,6
Michigan4,LS1,Combined,Set2,Draw1,5,col5,Combined|Set2|Draw1|col5,D,combined,1,3,2,1,5,1,554,3,2,True,1,5,6,6
Michigan4,LS1,Combined,Set2,Draw1,5,col5,Combined|Set2|Draw1|col5,D,combined,1,3,2,1,5,2,554,3,2,True,1,5,6,6
Michigan4,LS1,Combined,Set2,Draw1,5,col5,Combined|Set2|Draw1|col5,D,combined,1,3,2,1,5,3,55,2,1,True,1,5,6,6
Michigan4,LS1,Combined,Set2,Draw1,5,col5,Combined|Set2|Draw1|col5,D,combined,1,3,2,1,5,4,55,2,1,True,1,5,6,6
Michigan4,LS1,Combined,Set2,Draw1,5,col5,Combined|Set2|Draw1|col5,D,combined,1,3,2,1,5,5,,0,0,False,1,5,6,6
Michigan4,LS1,Combined,Set2,Draw1,5,col5,Combined|Set2|Draw1|col5,E,own,1,3,2,1,5,0,55241677,8,6,False,2,8,9,8
Michigan4,LS1,Combined,Set2,Draw1,5,col5,Combined|Set2|Draw1|col5,E,own,1,3,2,1,5,1,55247,5,4,False,2,8,9,8
Michigan4,LS1,Combined,Set2,Draw1,5,col5,Combined|Set2|Draw1|col5,E,own,1,3,2,1,5,2,5527,4,3,True,2,8,9,8
Michigan4,LS1,Combined,Set2,Draw1,5,col5,Combined|Set2|Draw1|col5,E,own,1,3,2,1,5,3,527,3,3,True,2,8,9,8
Michigan4,LS1,Combined,Set2,Draw1,5,col5,Combined|Set2|Draw1|col5,E,own,1,3,2,1,5,4,27,2,2,True,2,8,9,8
Michigan4,LS1,Combined,Set2,Draw1,5,col5,Combined|Set2|Draw1|col5,E,own,1,3,2,1,5,5,7,1,1,True,2,8,9,8
Michigan4,LS1,Combined,Set2,Draw1,5,col5,Combined|Set2|Draw1|col5,E,own,1,3,2,1,5,6,7,1,1,True,2,8,9,8
Michigan4,LS1,Combined,Set2,Draw1,5,col5,Combined|Set2|Draw1|col5,E,own,1,3,2,1,5,8,,0,0,False,2,8,9,8
Michigan4,LS1,Combined,Set2,Draw1,5,col5,Combined|Set2|Draw1|col5,E,combined,1,3,2,1,5,0,55241677,8,6,False,2,9,10,9
Michigan4,LS1,Combined,Set2,Draw1,5,col5,Combined|Set2|Draw1|col5,E,combined,1,3,2,1,5,1,55247,5,4,False,2,9,10,9
Michigan4,LS1,Combined,Set2,Draw1,5,col5,Combined|Set2|Draw1|col5,E,combined,1,3,2,1,5,2,5524,4,3,True,2,9,10,9
Michigan4,LS1,Combined,Set2,Draw1,5,col5,Combined|Set2|Draw1|col5,E,combined,1,3,2,1,5,3,552,3,2,True,2,9,10,9
Michigan4,LS1,Combined,Set2,Draw1,5,col5,Combined|Set2|Draw1|col5,E,combined,1,3,2,1,5,4,552,3,2,True,2,9,10,9
Michigan4,LS1,Combined,Set2,Draw1,5,col5,Combined|Set2|Draw1|col5,E,combined,1,3,2,1,5,5,52,2,2,True,2,9,10,9
Michigan4,LS1,Combined,Set2,Draw1,5,col5,Combined|Set2|Draw1|col5,E,combined,1,3,2,1,5,6,2,1,1,True,2,9,10,9
Michigan4,LS1,Combined,Set2,Draw1,5,col5,Combined|Set2|Draw1|col5,E,combined,1,3,2,1,5,7,2,1,1,True,2,9,10,9
Michigan4,LS1,Combined,Set2,Draw1,5,col5,Combined|Set2|Draw1|col5,E,combined,1,3,2,1,5,9,,0,0,False,2,9,10,9
Michigan4,LS1,Combined,Set2,Draw1,5,col5,Combined|Set2|Draw1|col5,T,own,1,3,2,1,5,0,55241677,8,6,False,1,6,7,6
Michigan4,LS1,Combined,Set2,Draw1,5,col5,Combined|Set2|Draw1|col5,T,own,1,3,2,1,5,1,554,3,2,True,1,6,7,6
Michigan4,LS1,Combined,Set2,Draw1,5,col5,Combined|Set2|Draw1|col5,T,own,1,3,2,1,5,2,554,3,2,True,1,6,7,6
Michigan4,LS1,Combined,Set2,Draw1,5,col5,Combined|Set2|Draw1|col5,T,own,1,3,2,1,5,3,4,1,1,True,1,6,7,6
Michigan4,LS1,Combined,Set2,Draw1,5,col5,Combined|Set2|Draw1|col5,T,own,1,3,2,1,5,4,4,1,1,True,1,6,7,6
Michigan4,LS1,Combined,Set2,Draw1,5,col5,Combined|Set2|Draw1|col5,T,own,1,3,2,1,5,6,,0,0,False,1,6,7,6
Michigan4,LS1,Combined,Set2,Draw1,5,col5,Combined|Set2|Draw1|col5,T,combined,1,3,2,1,5,0,55241677,8,6,False,1,11,12,6
Michigan4,LS1,Combined,Set2,Draw1,5,col5,Combined|Set2|Draw1|col5,T,combined,1,3,2,1,5,1,554,3,2,True,1,11,12,6
Michigan4,LS1,Combined,Set2,Draw1,5,col5,Combined|Set2|Draw1|col5,T,combined,1,3,2,1,5,2,554,3,2,True,1,11,12,6
Michigan4,LS1,Combined,Set2,Draw1,5,col5,Combined|Set2|Draw1|col5,T,combined,1,3,2,1,5,5,4,1,1,True,1,11,12,6
Michigan4,LS1,Combined,Set2,Draw1,5,col5,Combined|Set2|Draw1|col5,T,combined,1,3,2,1,5,6,4,1,1,True,1,11,12,6
Michigan4,LS1,Combined,Set2,Draw1,5,col5,Combined|Set2|Draw1|col5,T,combined,1,3,2,1,5,11,,0,0,False,1,11,12,6
Michigan4,LS1,Combined,Set2,Draw1,4,col4,Combined|Set2|Draw1|col4,A,own,1,3,2,1,4,0,55477*,6,4,False,1,6,29,6
Michigan4,LS1,Combined,Set2,Draw1,4,col4,Combined|Set2|Draw1|col4,A,own,1,3,2,1,4,1,554*,4,3,True,1,6,29,6
Michigan4,LS1,Combined,Set2,Draw1,4,col4,Combined|Set2|Draw1|col4,A,own,1,3,2,1,4,2,554*,4,3,True,1,6,29,6
Michigan4,LS1,Combined,Set2,Draw1,4,col4,Combined|Set2|Draw1|col4,A,own,1,3,2,1,4,3,4*,2,2,True,1,6,29,6
Michigan4,LS1,Combined,Set2,Draw1,4,col4,Combined|Set2|Draw1|col4,A,own,1,3,2,1,4,4,4*,2,2,True,1,6,29,6
Michigan4,LS1,Combined,Set2,Draw1,4,col4,Combined|Set2|Draw1|col4,A,own,1,3,2,1,4,6,*,1,1,True,1,6,29,6
Michigan4,LS1,Combined,Set2,Draw1,4,col4,Combined|Set2|Draw1|col4,A,combined,1,3,2,1,4,0,55477*,6,4,False,1,11,57,8
Michigan4,LS1,Combined,Set2,Draw1,4,col4,Combined|Set2|Draw1|col4,A,combined,1,3,2,1,4,1,554*,4,3,True,1,11,57,8
Michigan4,LS1,Combined,Set2,Draw1,4,col4,Combined|Set2|Draw1|col4,A,combined,1,3,2,1,4,2,554*,4,3,True,1,11,57,8
Michigan4,LS1,Combined,Set2,Draw1,4,col4,Combined|Set2|Draw1|col4,A,combined,1,3,2,1,4,3,554*,4,3,True,1,11,57,8
Michigan4,LS1,Combined,Set2,Draw1,4,col4,Combined|Set2|Draw1|col4,A,combined,1,3,2,1,4,4,554*,4,3,True,1,11,57,8
Michigan4,LS1,Combined,Set2,Draw1,4,col4,Combined|Set2|Draw1|col4,A,combined,1,3,2,1,4,5,4*,2,2,True,1,11,57,8
Michigan4,LS1,Combined,Set2,Draw1,4,col4,Combined|Set2|Draw1|col4,A,combined,1,3,2,1,4,6,4*,2,2,True,1,11,57,8
Michigan4,LS1,Combined,Set2,Draw1,4,col4,Combined|Set2|Draw1|col4,A,combined,1,3,2,1,4,11,*,1,1,True,1,11,57,8
Michigan4,LS1,Combined,Set2,Draw1,4,col4,Combined|Set2|Draw1|col4,B,own,1,3,2,1,4,0,55477*,6,4,False,1,3,29,4
Michigan4,LS1,Combined,Set2,Draw1,4,col4,Combined|Set2|Draw1|col4,B,own,1,3,2,1,4,1,554*,4,3,True,1,3,29,4
Michigan4,LS1,Combined,Set2,Draw1,4,col4,Combined|Set2|Draw1|col4,B,own,1,3,2,1,4,2,55*,3,2,True,1,3,29,4
Michigan4,LS1,Combined,Set2,Draw1,4,col4,Combined|Set2|Draw1|col4,B,own,1,3,2,1,4,3,*,1,1,True,1,3,29,4
Michigan4,LS1,Combined,Set2,Draw1,4,col4,Combined|Set2|Draw1|col4,B,combined,1,3,2,1,4,0,55477*,6,4,False,1,5,57,6
Michigan4,LS1,Combined,Set2,Draw1,4,col4,Combined|Set2|Draw1|col4,B,combined,1,3,2,1,4,1,554*,4,3,True,1,5,57,6
Michigan4,LS1,Combined,Set2,Draw1,4,col4,Combined|Set2|Draw1|col4,B,combined,1,3,2,1,4,2,554*,4,3,True,1,5,57,6
Michigan4,LS1,Combined,Set2,Draw1,4,col4,Combined|Set2|Draw1|col4,B,combined,1,3,2,1,4,3,55*,3,2,True,1,5,57,6
Michigan4,LS1,Combined,Set2,Draw1,4,col4,Combined|Set2|Draw1|col4,B,combined,1,3,2,1,4,4,55*,3,2,True,1,5,57,6
Michigan4,LS1,Combined,Set2,Draw1,4,col4,Combined|Set2|Draw1|col4,B,combined,1,3,2,1,4,5,*,1,1,True,1,5,57,6
Michigan4,LS1,Combined,Set2,Draw1,4,col4,Combined|Set2|Draw1|col4,C,own,1,3,2,1,4,0,55477*,6,4,False,1,3,29,4
Michigan4,LS1,Combined,Set2,Draw1,4,col4,Combined|Set2|Draw1|col4,C,own,1,3,2,1,4,1,554*,4,3,True,1,3,29,4
Michigan4,LS1,Combined,Set2,Draw1,4,col4,Combined|Set2|Draw1|col4,C,own,1,3,2,1,4,2,55*,3,2,True,1,3,29,4
Michigan4,LS1,Combined,Set2,Draw1,4,col4,Combined|Set2|Draw1|col4,C,own,1,3,2,1,4,3,*,1,1,True,1,3,29,4
Michigan4,LS1,Combined,Set2,Draw1,4,col4,Combined|Set2|Draw1|col4,C,combined,1,3,2,1,4,0,55477*,6,4,False,1,5,57,6
Michigan4,LS1,Combined,Set2,Draw1,4,col4,Combined|Set2|Draw1|col4,C,combined,1,3,2,1,4,1,554*,4,3,True,1,5,57,6
Michigan4,LS1,Combined,Set2,Draw1,4,col4,Combined|Set2|Draw1|col4,C,combined,1,3,2,1,4,2,554*,4,3,True,1,5,57,6
Michigan4,LS1,Combined,Set2,Draw1,4,col4,Combined|Set2|Draw1|col4,C,combined,1,3,2,1,4,3,55*,3,2,True,1,5,57,6
Michigan4,LS1,Combined,Set2,Draw1,4,col4,Combined|Set2|Draw1|col4,C,combined,1,3,2,1,4,4,55*,3,2,True,1,5,57,6
Michigan4,LS1,Combined,Set2,Draw1,4,col4,Combined|Set2|Draw1|col4,C,combined,1,3,2,1,4,5,*,1,1,True,1,5,57,6
Michigan4,LS1,Combined,Set2,Draw1,4,col4,Combined|Set2|Draw1|col4,D,own,1,3,2,1,4,0,55477*,6,4,False,1,3,29,4
Michigan4,LS1,Combined,Set2,Draw1,4,col4,Combined|Set2|Draw1|col4,D,own,1,3,2,1,4,1,554*,4,3,True,1,3,29,4
Michigan4,LS1,Combined,Set2,Draw1,4,col4,Combined|Set2|Draw1|col4,D,own,1,3,2,1,4,2,55*,3,2,True,1,3,29,4
Michigan4,LS1,Combined,Set2,Draw1,4,col4,Combined|Set2|Draw1|col4,D,own,1,3,2,1,4,3,*,1,1,True,1,3,29,4
Michigan4,LS1,Combined,Set2,Draw1,4,col4,Combined|Set2|Draw1|col4,D,combined,1,3,2,1,4,0,55477*,6,4,False,1,5,57,6
Michigan4,LS1,Combined,Set2,Draw1,4,col4,Combined|Set2|Draw1|col4,D,combined,1,3,2,1,4,1,554*,4,3,True,1,5,57,6
Michigan4,LS1,Combined,Set2,Draw1,4,col4,Combined|Set2|Draw1|col4,D,combined,1,3,2,1,4,2,554*,4,3,True,1,5,57,6
Michigan4,LS1,Combined,Set2,Draw1,4,col4,Combined|Set2|Draw1|col4,D,combined,1,3,2,1,4,3,55*,3,2,True,1,5,57,6
Michigan4,LS1,Combined,Set2,Draw1,4,col4,Combined|Set2|Draw1|col4,D,combined,1,3,2,1,4,4,55*,3,2,True,1,5,57,6
Michigan4,LS1,Combined,Set2,Draw1,4,col4,Combined|Set2|Draw1|col4,D,combined,1,3,2,1,4,5,*,1,1,True,1,5,57,6
Michigan4,LS1,Combined,Set2,Draw1,4,col4,Combined|Set2|Draw1|col4,E,own,1,3,2,1,4,0,55477*,6,4,False,2,5,29,6
Michigan4,LS1,Combined,Set2,Draw1,4,col4,Combined|Set2|Draw1|col4,E,own,1,3,2,1,4,1,5547*,5,4,False,2,5,29,6
Michigan4,LS1,Combined,Set2,Draw1,4,col4,Combined|Set2|Draw1|col4,E,own,1,3,2,1,4,2,557*,4,3,True,2,5,29,6
Michigan4,LS1,Combined,Set2,Draw1,4,col4,Combined|Set2|Draw1|col4,E,own,1,3,2,1,4,3,57*,3,3,True,2,5,29,6
Michigan4,LS1,Combined,Set2,Draw1,4,col4,Combined|Set2|Draw1|col4,E,own,1,3,2,1,4,4,7*,2,2,True,2,5,29,6
Michigan4,LS1,Combined,Set2,Draw1,4,col4,Combined|Set2|Draw1|col4,E,own,1,3,2,1,4,5,*,1,1,True,2,5,29,6
Michigan4,LS1,Combined,Set2,Draw1,4,col4,Combined|Set2|Draw1|col4,E,combined,1,3,2,1,4,0,55477*,6,4,False,2,6,57,7
Michigan4,LS1,Combined,Set2,Draw1,4,col4,Combined|Set2|Draw1|col4,E,combined,1,3,2,1,4,1,5547*,5,4,False,2,6,57,7
Michigan4,LS1,Combined,Set2,Draw1,4,col4,Combined|Set2|Draw1|col4,E,combined,1,3,2,1,4,2,554*,4,3,True,2,6,57,7
Michigan4,LS1,Combined,Set2,Draw1,4,col4,Combined|Set2|Draw1|col4,E,combined,1,3,2,1,4,3,55*,3,2,True,2,6,57,7
Michigan4,LS1,Combined,Set2,Draw1,4,col4,Combined|Set2|Draw1|col4,E,combined,1,3,2,1,4,4,55*,3,2,True,2,6,57,7
Michigan4,LS1,Combined,Set2,Draw1,4,col4,Combined|Set2|Draw1|col4,E,combined,1,3,2,1,4,5,5*,2,2,True,2,6,57,7
Michigan4,LS1,Combined,Set2,Draw1,4,col4,Combined|Set2|Draw1|col4,E,combined,1,3,2,1,4,6,*,1,1,True,2,6,57,7
Michigan4,LS1,Combined,Set2,Draw1,4,col4,Combined|Set2|Draw1|col4,T,own,1,3,2,1,4,0,55477*,6,4,False,1,3,29,4
Michigan4,LS1,Combined,Set2,Draw1,4,col4,Combined|Set2|Draw1|col4,T,own,1,3,2,1,4,1,554*,4,3,True,1,3,29,4
Michigan4,LS1,Combined,Set2,Draw1,4,col4,Combined|Set2|Draw1|col4,T,own,1,3,2,1,4,2,55*,3,2,True,1,3,29,4
Michigan4,LS1,Combined,Set2,Draw1,4,col4,Combined|Set2|Draw1|col4,T,own,1,3,2,1,4,3,*,1,1,True,1,3,29,4
Michigan4,LS1,Combined,Set2,Draw1,4,col4,Combined|Set2|Draw1|col4,T,combined,1,3,2,1,4,0,55477*,6,4,False,1,5,57,6
Michigan4,LS1,Combined,Set2,Draw1,4,col4,Combined|Set2|Draw1|col4,T,combined,1,3,2,1,4,1,554*,4,3,True,1,5,57,6
Michigan4,LS1,Combined,Set2,Draw1,4,col4,Combined|Set2|Draw1|col4,T,combined,1,3,2,1,4,2,554*,4,3,True,1,5,57,6
Michigan4,LS1,Combined,Set2,Draw1,4,col4,Combined|Set2|Draw1|col4,T,combined,1,3,2,1,4,3,55*,3,2,True,1,5,57,6
Michigan4,LS1,Combined,Set2,Draw1,4,col4,Combined|Set2|Draw1|col4,T,combined,1,3,2,1,4,4,55*,3,2,True,1,5,57,6
Michigan4,LS1,Combined,Set2,Draw1,4,col4,Combined|Set2|Draw1|col4,T,combined,1,3,2,1,4,5,*,1,1,True,1,5,57,6
Michigan4,LS1,Combined,Set2,Draw1,2,col2,Combined|Set2|Draw1|col2,A,own,1,3,2,1,2,0,477*,4,3,True,0,6,29,4
Michigan4,LS1,Combined,Set2,Draw1,2,col2,Combined|Set2|Draw1|col2,A,own,1,3,2,1,2,1,4*,2,2,True,0,6,29,4
Michigan4,LS1,Combined,Set2,Draw1,2,col2,Combined|Set2|Draw1|col2,A,own,1,3,2,1,2,2,4*,2,2,True,0,6,29,4
Michigan4,LS1,Combined,Set2,Draw1,2,col2,Combined|Set2|Draw1|col2,A,own,1,3,2,1,2,6,*,1,1,True,0,6,29,4
Michigan4,LS1,Combined,Set2,Draw1,2,col2,Combined|Set2|Draw1|col2,A,combined,1,3,2,1,2,0,477*,4,3,True,0,11,57,4
Michigan4,LS1,Combined,Set2,Draw1,2,col2,Combined|Set2|Draw1|col2,A,combined,1,3,2,1,2,1,4*,2,2,True,0,11,57,4
Michigan4,LS1,Combined,Set2,Draw1,2,col2,Combined|Set2|Draw1|col2,A,combined,1,3,2,1,2,2,4*,2,2,True,0,11,57,4
Michigan4,LS1,Combined,Set2,Draw1,2,col2,Combined|Set2|Draw1|col2,A,combined,1,3,2,1,2,11,*,1,1,True,0,11,57,4
Michigan4,LS1,Combined,Set2,Draw1,2,col2,Combined|Set2|Draw1|col2,B,own,1,3,2,1,2,0,477*,4,3,True,0,2,29,3
Michigan4,LS1,Combined,Set2,Draw1,2,col2,Combined|Set2|Draw1|col2,B,own,1,3,2,1,2,1,4*,2,2,True,0,2,29,3
Michigan4,LS1,Combined,Set2,Draw1,2,col2,Combined|Set2|Draw1|col2,B,own,1,3,2,1,2,2,*,1,1,True,0,2,29,3
Michigan4,LS1,Combined,Set2,Draw1,2,col2,Combined|Set2|Draw1|col2,B,combined,1,3,2,1,2,0,477*,4,3,True,0,3,57,4
Michigan4,LS1,Combined,Set2,Draw1,2,col2,Combined|Set2|Draw1|col2,B,combined,1,3,2,1,2,1,4*,2,2,True,0,3,57,4
Michigan4,LS1,Combined,Set2,Draw1,2,col2,Combined|Set2|Draw1|col2,B,combined,1,3,2,1,2,2,4*,2,2,True,0,3,57,4
Michigan4,LS1,Combined,Set2,Draw1,2,col2,Combined|Set2|Draw1|col2,B,combined,1,3,2,1,2,3,*,1,1,True,0,3,57,4
Michigan4,LS1,Combined,Set2,Draw1,2,col2,Combined|Set2|Draw1|col2,C,own,1,3,2,1,2,0,477*,4,3,True,0,2,29,3
Michigan4,LS1,Combined,Set2,Draw1,2,col2,Combined|Set2|Draw1|col2,C,own,1,3,2,1,2,1,4*,2,2,True,0,2,29,3
Michigan4,LS1,Combined,Set2,Draw1,2,col2,Combined|Set2|Draw1|col2,C,own,1,3,2,1,2,2,*,1,1,True,0,2,29,3
Michigan4,LS1,Combined,Set2,Draw1,2,col2,Combined|Set2|Draw1|col2,C,combined,1,3,2,1,2,0,477*,4,3,True,0,3,57,4
Michigan4,LS1,Combined,Set2,Draw1,2,col2,Combined|Set2|Draw1|col2,C,combined,1,3,2,1,2,1,4*,2,2,True,0,3,57,4
Michigan4,LS1,Combined,Set2,Draw1,2,col2,Combined|Set2|Draw1|col2,C,combined,1,3,2,1,2,2,4*,2,2,True,0,3,57,4
Michigan4,LS1,Combined,Set2,Draw1,2,col2,Combined|Set2|Draw1|col2,C,combined,1,3,2,1,2,3,*,1,1,True,0,3,57,4
Michigan4,LS1,Combined,Set2,Draw1,2,col2,Combined|Set2|Draw1|col2,D,own,1,3,2,1,2,0,477*,4,3,True,0,2,29,3
Michigan4,LS1,Combined,Set2,Draw1,2,col2,Combined|Set2|Draw1|col2,D,own,1,3,2,1,2,1,4*,2,2,True,0,2,29,3
Michigan4,LS1,Combined,Set2,Draw1,2,col2,Combined|Set2|Draw1|col2,D,own,1,3,2,1,2,2,*,1,1,True,0,2,29,3
Michigan4,LS1,Combined,Set2,Draw1,2,col2,Combined|Set2|Draw1|col2,D,combined,1,3,2,1,2,0,477*,4,3,True,0,3,57,4
Michigan4,LS1,Combined,Set2,Draw1,2,col2,Combined|Set2|Draw1|col2,D,combined,1,3,2,1,2,1,4*,2,2,True,0,3,57,4
Michigan4,LS1,Combined,Set2,Draw1,2,col2,Combined|Set2|Draw1|col2,D,combined,1,3,2,1,2,2,4*,2,2,True,0,3,57,4
Michigan4,LS1,Combined,Set2,Draw1,2,col2,Combined|Set2|Draw1|col2,D,combined,1,3,2,1,2,3,*,1,1,True,0,3,57,4
Michigan4,LS1,Combined,Set2,Draw1,2,col2,Combined|Set2|Draw1|col2,E,own,1,3,2,1,2,0,477*,4,3,True,0,5,29,5
Michigan4,LS1,Combined,Set2,Draw1,2,col2,Combined|Set2|Draw1|col2,E,own,1,3,2,1,2,1,47*,3,3,True,0,5,29,5
Michigan4,LS1,Combined,Set2,Draw1,2,col2,Combined|Set2|Draw1|col2,E,own,1,3,2,1,2,2,7*,2,2,True,0,5,29,5
Michigan4,LS1,Combined,Set2,Draw1,2,col2,Combined|Set2|Draw1|col2,E,own,1,3,2,1,2,3,7*,2,2,True,0,5,29,5
Michigan4,LS1,Combined,Set2,Draw1,2,col2,Combined|Set2|Draw1|col2,E,own,1,3,2,1,2,5,*,1,1,True,0,5,29,5
Michigan4,LS1,Combined,Set2,Draw1,2,col2,Combined|Set2|Draw1|col2,E,combined,1,3,2,1,2,0,477*,4,3,True,0,3,57,4
Michigan4,LS1,Combined,Set2,Draw1,2,col2,Combined|Set2|Draw1|col2,E,combined,1,3,2,1,2,1,47*,3,3,True,0,3,57,4
Michigan4,LS1,Combined,Set2,Draw1,2,col2,Combined|Set2|Draw1|col2,E,combined,1,3,2,1,2,2,4*,2,2,True,0,3,57,4
Michigan4,LS1,Combined,Set2,Draw1,2,col2,Combined|Set2|Draw1|col2,E,combined,1,3,2,1,2,3,*,1,1,True,0,3,57,4
Michigan4,LS1,Combined,Set2,Draw1,2,col2,Combined|Set2|Draw1|col2,T,own,1,3,2,1,2,0,477*,4,3,True,0,6,29,4
Michigan4,LS1,Combined,Set2,Draw1,2,col2,Combined|Set2|Draw1|col2,T,own,1,3,2,1,2,1,4*,2,2,True,0,6,29,4
Michigan4,LS1,Combined,Set2,Draw1,2,col2,Combined|Set2|Draw1|col2,T,own,1,3,2,1,2,2,4*,2,2,True,0,6,29,4
Michigan4,LS1,Combined,Set2,Draw1,2,col2,Combined|Set2|Draw1|col2,T,own,1,3,2,1,2,6,*,1,1,True,0,6,29,4
Michigan4,LS1,Combined,Set2,Draw1,2,col2,Combined|Set2|Draw1|col2,T,combined,1,3,2,1,2,0,477*,4,3,True,0,11,57,4
Michigan4,LS1,Combined,Set2,Draw1,2,col2,Combined|Set2|Draw1|col2,T,combined,1,3,2,1,2,1,4*,2,2,True,0,11,57,4
Michigan4,LS1,Combined,Set2,Draw1,2,col2,Combined|Set2|Draw1|col2,T,combined,1,3,2,1,2,2,4*,2,2,True,0,11,57,4
Michigan4,LS1,Combined,Set2,Draw1,2,col2,Combined|Set2|Draw1|col2,T,combined,1,3,2,1,2,11,*,1,1,True,0,11,57,4
Michigan4,LS1,Combined,Set2,Draw1,3,col3,Combined|Set2|Draw1|col3,A,own,1,3,2,1,3,0,5477*,5,4,False,1,6,29,6
Michigan4,LS1,Combined,Set2,Draw1,3,col3,Combined|Set2|Draw1|col3,A,own,1,3,2,1,3,1,54*,3,3,True,1,6,29,6
Michigan4,LS1,Combined,Set2,Draw1,3,col3,Combined|Set2|Draw1|col3,A,own,1,3,2,1,3,2,54*,3,3,True,1,6,29,6
Michigan4,LS1,Combined,Set2,Draw1,3,col3,Combined|Set2|Draw1|col3,A,own,1,3,2,1,3,3,4*,2,2,True,1,6,29,6
Michigan4,LS1,Combined,Set2,Draw1,3,col3,Combined|Set2|Draw1|col3,A,own,1,3,2,1,3,4,4*,2,2,True,1,6,29,6
Michigan4,LS1,Combined,Set2,Draw1,3,col3,Combined|Set2|Draw1|col3,A,own,1,3,2,1,3,6,*,1,1,True,1,6,29,6
Michigan4,LS1,Combined,Set2,Draw1,3,col3,Combined|Set2|Draw1|col3,A,combined,1,3,2,1,3,0,5477*,5,4,False,1,11,57,6
Michigan4,LS1,Combined,Set2,Draw1,3,col3,Combined|Set2|Draw1|col3,A,combined,1,3,2,1,3,1,54*,3,3,True,1,11,57,6
Michigan4,LS1,Combined,Set2,Draw1,3,col3,Combined|Set2|Draw1|col3,A,combined,1,3,2,1,3,2,54*,3,3,True,1,11,57,6
Michigan4,LS1,Combined,Set2,Draw1,3,col3,Combined|Set2|Draw1|col3,A,combined,1,3,2,1,3,5,4*,2,2,True,1,11,57,6
Michigan4,LS1,Combined,Set2,Draw1,3,col3,Combined|Set2|Draw1|col3,A,combined,1,3,2,1,3,6,4*,2,2,True,1,11,57,6
Michigan4,LS1,Combined,Set2,Draw1,3,col3,Combined|Set2|Draw1|col3,A,combined,1,3,2,1,3,11,*,1,1,True,1,11,57,6
Michigan4,LS1,Combined,Set2,Draw1,3,col3,Combined|Set2|Draw1|col3,B,own,1,3,2,1,3,0,5477*,5,4,False,1,3,29,4
Michigan4,LS1,Combined,Set2,Draw1,3,col3,Combined|Set2|Draw1|col3,B,own,1,3,2,1,3,1,54*,3,3,True,1,3,29,4
Michigan4,LS1,Combined,Set2,Draw1,3,col3,Combined|Set2|Draw1|col3,B,own,1,3,2,1,3,2,5*,2,2,True,1,3,29,4
Michigan4,LS1,Combined,Set2,Draw1,3,col3,Combined|Set2|Draw1|col3,B,own,1,3,2,1,3,3,*,1,1,True,1,3,29,4
Michigan4,LS1,Combined,Set2,Draw1,3,col3,Combined|Set2|Draw1|col3,B,combined,1,3,2,1,3,0,5477*,5,4,False,1,5,57,6
Michigan4,LS1,Combined,Set2,Draw1,3,col3,Combined|Set2|Draw1|col3,B,combined,1,3,2,1,3,1,54*,3,3,True,1,5,57,6
Michigan4,LS1,Combined,Set2,Draw1,3,col3,Combined|Set2|Draw1|col3,B,combined,1,3,2,1,3,2,54*,3,3,True,1,5,57,6
Michigan4,LS1,Combined,Set2,Draw1,3,col3,Combined|Set2|Draw1|col3,B,combined,1,3,2,1,3,3,5*,2,2,True,1,5,57,6
Michigan4,LS1,Combined,Set2,Draw1,3,col3,Combined|Set2|Draw1|col3,B,combined,1,3,2,1,3,4,5*,2,2,True,1,5,57,6
Michigan4,LS1,Combined,Set2,Draw1,3,col3,Combined|Set2|Draw1|col3,B,combined,1,3,2,1,3,5,*,1,1,True,1,5,57,6
Michigan4,LS1,Combined,Set2,Draw1,3,col3,Combined|Set2|Draw1|col3,C,own,1,3,2,1,3,0,5477*,5,4,False,1,3,29,4
Michigan4,LS1,Combined,Set2,Draw1,3,col3,Combined|Set2|Draw1|col3,C,own,1,3,2,1,3,1,54*,3,3,True,1,3,29,4
Michigan4,LS1,Combined,Set2,Draw1,3,col3,Combined|Set2|Draw1|col3,C,own,1,3,2,1,3,2,5*,2,2,True,1,3,29,4
Michigan4,LS1,Combined,Set2,Draw1,3,col3,Combined|Set2|Draw1|col3,C,own,1,3,2,1,3,3,*,1,1,True,1,3,29,4
Michigan4,LS1,Combined,Set2,Draw1,3,col3,Combined|Set2|Draw1|col3,C,combined,1,3,2,1,3,0,5477*,5,4,False,1,5,57,6
Michigan4,LS1,Combined,Set2,Draw1,3,col3,Combined|Set2|Draw1|col3,C,combined,1,3,2,1,3,1,54*,3,3,True,1,5,57,6
Michigan4,LS1,Combined,Set2,Draw1,3,col3,Combined|Set2|Draw1|col3,C,combined,1,3,2,1,3,2,54*,3,3,True,1,5,57,6
Michigan4,LS1,Combined,Set2,Draw1,3,col3,Combined|Set2|Draw1|col3,C,combined,1,3,2,1,3,3,5*,2,2,True,1,5,57,6
Michigan4,LS1,Combined,Set2,Draw1,3,col3,Combined|Set2|Draw1|col3,C,combined,1,3,2,1,3,4,5*,2,2,True,1,5,57,6
Michigan4,LS1,Combined,Set2,Draw1,3,col3,Combined|Set2|Draw1|col3,C,combined,1,3,2,1,3,5,*,1,1,True,1,5,57,6
Michigan4,LS1,Combined,Set2,Draw1,3,col3,Combined|Set2|Draw1|col3,D,own,1,3,2,1,3,0,5477*,5,4,False,1,3,29,4
Michigan4,LS1,Combined,Set2,Draw1,3,col3,Combined|Set2|Draw1|col3,D,own,1,3,2,1,3,1,54*,3,3,True,1,3,29,4
Michigan4,LS1,Combined,Set2,Draw1,3,col3,Combined|Set2|Draw1|col3,D,own,1,3,2,1,3,2,5*,2,2,True,1,3,29,4
Michigan4,LS1,Combined,Set2,Draw1,3,col3,Combined|Set2|Draw1|col3,D,own,1,3,2,1,3,3,*,1,1,True,1,3,29,4
Michigan4,LS1,Combined,Set2,Draw1,3,col3,Combined|Set2|Draw1|col3,D,combined,1,3,2,1,3,0,5477*,5,4,False,1,5,57,6
Michigan4,LS1,Combined,Set2,Draw1,3,col3,Combined|Set2|Draw1|col3,D,combined,1,3,2,1,3,1,54*,3,3,True,1,5,57,6
Michigan4,LS1,Combined,Set2,Draw1,3,col3,Combined|Set2|Draw1|col3,D,combined,1,3,2,1,3,2,54*,3,3,True,1,5,57,6
Michigan4,LS1,Combined,Set2,Draw1,3,col3,Combined|Set2|Draw1|col3,D,combined,1,3,2,1,3,3,5*,2,2,True,1,5,57,6
Michigan4,LS1,Combined,Set2,Draw1,3,col3,Combined|Set2|Draw1|col3,D,combined,1,3,2,1,3,4,5*,2,2,True,1,5,57,6
Michigan4,LS1,Combined,Set2,Draw1,3,col3,Combined|Set2|Draw1|col3,D,combined,1,3,2,1,3,5,*,1,1,True,1,5,57,6
Michigan4,LS1,Combined,Set2,Draw1,3,col3,Combined|Set2|Draw1|col3,E,own,1,3,2,1,3,0,5477*,5,4,False,2,5,29,6
Michigan4,LS1,Combined,Set2,Draw1,3,col3,Combined|Set2|Draw1|col3,E,own,1,3,2,1,3,1,547*,4,4,False,2,5,29,6
Michigan4,LS1,Combined,Set2,Draw1,3,col3,Combined|Set2|Draw1|col3,E,own,1,3,2,1,3,2,57*,3,3,True,2,5,29,6
Michigan4,LS1,Combined,Set2,Draw1,3,col3,Combined|Set2|Draw1|col3,E,own,1,3,2,1,3,3,7*,2,2,True,2,5,29,6
Michigan4,LS1,Combined,Set2,Draw1,3,col3,Combined|Set2|Draw1|col3,E,own,1,3,2,1,3,4,7*,2,2,True,2,5,29,6
Michigan4,LS1,Combined,Set2,Draw1,3,col3,Combined|Set2|Draw1|col3,E,own,1,3,2,1,3,5,*,1,1,True,2,5,29,6
Michigan4,LS1,Combined,Set2,Draw1,3,col3,Combined|Set2|Draw1|col3,E,combined,1,3,2,1,3,0,5477*,5,4,False,2,5,57,6
Michigan4,LS1,Combined,Set2,Draw1,3,col3,Combined|Set2|Draw1|col3,E,combined,1,3,2,1,3,1,547*,4,4,False,2,5,57,6
Michigan4,LS1,Combined,Set2,Draw1,3,col3,Combined|Set2|Draw1|col3,E,combined,1,3,2,1,3,2,54*,3,3,True,2,5,57,6
Michigan4,LS1,Combined,Set2,Draw1,3,col3,Combined|Set2|Draw1|col3,E,combined,1,3,2,1,3,3,5*,2,2,True,2,5,57,6
Michigan4,LS1,Combined,Set2,Draw1,3,col3,Combined|Set2|Draw1|col3,E,combined,1,3,2,1,3,4,5*,2,2,True,2,5,57,6
Michigan4,LS1,Combined,Set2,Draw1,3,col3,Combined|Set2|Draw1|col3,E,combined,1,3,2,1,3,5,*,1,1,True,2,5,57,6
Michigan4,LS1,Combined,Set2,Draw1,3,col3,Combined|Set2|Draw1|col3,T,own,1,3,2,1,3,0,5477*,5,4,False,1,6,29,6
Michigan4,LS1,Combined,Set2,Draw1,3,col3,Combined|Set2|Draw1|col3,T,own,1,3,2,1,3,1,54*,3,3,True,1,6,29,6
Michigan4,LS1,Combined,Set2,Draw1,3,col3,Combined|Set2|Draw1|col3,T,own,1,3,2,1,3,2,54*,3,3,True,1,6,29,6
Michigan4,LS1,Combined,Set2,Draw1,3,col3,Combined|Set2|Draw1|col3,T,own,1,3,2,1,3,3,4*,2,2,True,1,6,29,6
Michigan4,LS1,Combined,Set2,Draw1,3,col3,Combined|Set2|Draw1|col3,T,own,1,3,2,1,3,4,4*,2,2,True,1,6,29,6
Michigan4,LS1,Combined,Set2,Draw1,3,col3,Combined|Set2|Draw1|col3,T,own,1,3,2,1,3,6,*,1,1,True,1,6,29,6
Michigan4,LS1,Combined,Set2,Draw1,3,col3,Combined|Set2|Draw1|col3,T,combined,1,3,2,1,3,0,5477*,5,4,False,1,11,57,6
Michigan4,LS1,Combined,Set2,Draw1,3,col3,Combined|Set2|Draw1|col3,T,combined,1,3,2,1,3,1,54*,3,3,True,1,11,57,6
Michigan4,LS1,Combined,Set2,Draw1,3,col3,Combined|Set2|Draw1|col3,T,combined,1,3,2,1,3,2,54*,3,3,True,1,11,57,6
Michigan4,LS1,Combined,Set2,Draw1,3,col3,Combined|Set2|Draw1|col3,T,combined,1,3,2,1,3,5,4*,2,2,True,1,11,57,6
Michigan4,LS1,Combined,Set2,Draw1,3,col3,Combined|Set2|Draw1|col3,T,combined,1,3,2,1,3,6,4*,2,2,True,1,11,57,6
Michigan4,LS1,Combined,Set2,Draw1,3,col3,Combined|Set2|Draw1|col3,T,combined,1,3,2,1,3,11,*,1,1,True,1,11,57,6
Michigan4,LS1,Combined,Set1,Draw1,7,col7,Combined|Set1|Draw1|col7,A,own,1,3,1,1,7,0,552440018677,12,8,False,5,6,7,7
Michigan4,LS1,Combined,Set1,Draw1,7,col7,Combined|Set1|Draw1|col7,A,own,1,3,1,1,7,1,552440086,9,6,False,5,6,7,7
Michigan4,LS1,Combined,Set1,Draw1,7,col7,Combined|Set1|Draw1|col7,A,own,1,3,1,1,7,2,552440086,9,6,False,5,6,7,7
Michigan4,LS1,Combined,Set1,Draw1,7,col7,Combined|Set1|Draw1|col7,A,own,1,3,1,1,7,3,244008,6,4,False,5,6,7,7
Michigan4,LS1,Combined,Set1,Draw1,7,col7,Combined|Set1|Draw1|col7,A,own,1,3,1,1,7,4,244008,6,4,False,5,6,7,7
Michigan4,LS1,Combined,Set1,Draw1,7,col7,Combined|Set1|Draw1|col7,A,own,1,3,1,1,7,5,44008,5,3,True,5,6,7,7
Michigan4,LS1,Combined,Set1,Draw1,7,col7,Combined|Set1|Draw1|col7,A,own,1,3,1,1,7,6,,0,0,False,5,6,7,7
Michigan4,LS1,Combined,Set1,Draw1,7,col7,Combined|Set1|Draw1|col7,A,combined,1,3,1,1,7,0,552440018677,12,8,False,9,11,12,12
Michigan4,LS1,Combined,Set1,Draw1,7,col7,Combined|Set1|Draw1|col7,A,combined,1,3,1,1,7,1,552440086,9,6,False,9,11,12,12
Michigan4,LS1,Combined,Set1,Draw1,7,col7,Combined|Set1|Draw1|col7,A,combined,1,3,1,1,7,2,552440086,9,6,False,9,11,12,12
Michigan4,LS1,Combined,Set1,Draw1,7,col7,Combined|Set1|Draw1|col7,A,combined,1,3,1,1,7,3,552440086,9,6,False,9,11,12,12
Michigan4,LS1,Combined,Set1,Draw1,7,col7,Combined|Set1|Draw1|col7,A,combined,1,3,1,1,7,4,552440086,9,6,False,9,11,12,12
Michigan4,LS1,Combined,Set1,Draw1,7,col7,Combined|Set1|Draw1|col7,A,combined,1,3,1,1,7,5,244008,6,4,False,9,11,12,12
Michigan4,LS1,Combined,Set1,Draw1,7,col7,Combined|Set1|Draw1|col7,A,combined,1,3,1,1,7,6,244008,6,4,False,9,11,12,12
Michigan4,LS1,Combined,Set1,Draw1,7,col7,Combined|Set1|Draw1|col7,A,combined,1,3,1,1,7,7,244008,6,4,False,9,11,12,12
Michigan4,LS1,Combined,Set1,Draw1,7,col7,Combined|Set1|Draw1|col7,A,combined,1,3,1,1,7,8,244008,6,4,False,9,11,12,12
Michigan4,LS1,Combined,Set1,Draw1,7,col7,Combined|Set1|Draw1|col7,A,combined,1,3,1,1,7,9,44008,5,3,True,9,11,12,12
Michigan4,LS1,Combined,Set1,Draw1,7,col7,Combined|Set1|Draw1|col7,A,combined,1,3,1,1,7,10,44008,5,3,True,9,11,12,12
Michigan4,LS1,Combined,Set1,Draw1,7,col7,Combined|Set1|Draw1|col7,A,combined,1,3,1,1,7,11,,0,0,False,9,11,12,12
Michigan4,LS1,Combined,Set1,Draw1,7,col7,Combined|Set1|Draw1|col7,B,own,1,3,1,1,7,0,552440018677,12,8,False,2,5,6,6
Michigan4,LS1,Combined,Set1,Draw1,7,col7,Combined|Set1|Draw1|col7,B,own,1,3,1,1,7,1,55244008,8,5,False,2,5,6,6
Michigan4,LS1,Combined,Set1,Draw1,7,col7,Combined|Set1|Draw1|col7,B,own,1,3,1,1,7,2,55200,5,3,True,2,5,6,6
Michigan4,LS1,Combined,Set1,Draw1,7,col7,Combined|Set1|Draw1|col7,B,own,1,3,1,1,7,3,200,3,2,True,2,5,6,6
Michigan4,LS1,Combined,Set1,Draw1,7,col7,Combined|Set1|Draw1|col7,B,own,1,3,1,1,7,4,2,1,1,True,2,5,6,6
Michigan4,LS1,Combined,Set1,Draw1,7,col7,Combined|Set1|Draw1|col7,B,own,1,3,1,1,7,5,,0,0,False,2,5,6,6
Michigan4,LS1,Combined,Set1,Draw1,7,col7,Combined|Set1|Draw1|col7,B,combined,1,3,1,1,7,0,552440018677,12,8,False,3,6,7,7
Michigan4,LS1,Combined,Set1,Draw1,7,col7,Combined|Set1|Draw1|col7,B,combined,1,3,1,1,7,1,55244008,8,5,False,3,6,7,7
Michigan4,LS1,Combined,Set1,Draw1,7,col7,Combined|Set1|Draw1|col7,B,combined,1,3,1,1,7,2,5544008,7,4,False,3,6,7,7
Michigan4,LS1,Combined,Set1,Draw1,7,col7,Combined|Set1|Draw1|col7,B,combined,1,3,1,1,7,3,5500,4,2,True,3,6,7,7
Michigan4,LS1,Combined,Set1,Draw1,7,col7,Combined|Set1|Draw1|col7,B,combined,1,3,1,1,7,4,5500,4,2,True,3,6,7,7
Michigan4,LS1,Combined,Set1,Draw1,7,col7,Combined|Set1|Draw1|col7,B,combined,1,3,1,1,7,5,00,2,1,True,3,6,7,7
Michigan4,LS1,Combined,Set1,Draw1,7,col7,Combined|Set1|Draw1|col7,B,combined,1,3,1,1,7,6,,0,0,False,3,6,7,7
Michigan4,LS1,Combined,Set1,Draw1,7,col7,Combined|Set1|Draw1|col7,C,own,1,3,1,1,7,0,552440018677,12,8,False,2,3,4,4
Michigan4,LS1,Combined,Set1,Draw1,7,col7,Combined|Set1|Draw1|col7,C,own,1,3,1,1,7,1,5544008,7,4,False,2,3,4,4
Michigan4,LS1,Combined,Set1,Draw1,7,col7,Combined|Set1|Draw1|col7,C,own,1,3,1,1,7,2,5500,4,2,True,2,3,4,4
Michigan4,LS1,Combined,Set1,Draw1,7,col7,Combined|Set1|Draw1|col7,C,own,1,3,1,1,7,3,,0,0,False,2,3,4,4
Michigan4,LS1,Combined,Set1,Draw1,7,col7,Combined|Set1|Draw1|col7,C,combined,1,3,1,1,7,0,552440018677,12,8,False,3,5,6,6
Michigan4,LS1,Combined,Set1,Draw1,7,col7,Combined|Set1|Draw1|col7,C,combined,1,3,1,1,7,1,5544008,7,4,False,3,5,6,6
Michigan4,LS1,Combined,Set1,Draw1,7,col7,Combined|Set1|Draw1|col7,C,combined,1,3,1,1,7,2,5544008,7,4,False,3,5,6,6
Michigan4,LS1,Combined,Set1,Draw1,7,col7,Combined|Set1|Draw1|col7,C,combined,1,3,1,1,7,3,5500,4,2,True,3,5,6,6
Michigan4,LS1,Combined,Set1,Draw1,7,col7,Combined|Set1|Draw1|col7,C,combined,1,3,1,1,7,4,5500,4,2,True,3,5,6,6
Michigan4,LS1,Combined,Set1,Draw1,7,col7,Combined|Set1|Draw1|col7,C,combined,1,3,1,1,7,5,,0,0,False,3,5,6,6
Michigan4,LS1,Combined,Set1,Draw1,7,col7,Combined|Set1|Draw1|col7,D,own,1,3,1,1,7,0,552440018677,12,8,False,2,6,7,7
Michigan4,LS1,Combined,Set1,Draw1,7,col7,Combined|Set1|Draw1|col7,D,own,1,3,1,1,7,1,5544008,7,4,False,2,6,7,7
Michigan4,LS1,Combined,Set1,Draw1,7,col7,Combined|Set1|Draw1|col7,D,own,1,3,1,1,7,2,55400,5,3,True,2,6,7,7
Michigan4,LS1,Combined,Set1,Draw1,7,col7,Combined|Set1|Draw1|col7,D,own,1,3,1,1,7,3,40,2,2,True,2,6,7,7
Michigan4,LS1,Combined,Set1,Draw1,7,col7,Combined|Set1|Draw1|col7,D,own,1,3,1,1,7,4,4,1,1,True,2,6,7,7
Michigan4,LS1,Combined,Set1,Draw1,7,col7,Combined|Set1|Draw1|col7,D,own,1,3,1,1,7,5,4,1,1,True,2,6,7,7
Michigan4,LS1,Combined,Set1,Draw1,7,col7,Combined|Set1|Draw1|col7,D,own,1,3,1,1,7,6,,0,0,False,2,6,7,7
Michigan4,LS1,Combined,Set1,Draw1,7,col7,Combined|Set1|Draw1|col7,D,combined,1,3,1,1,7,0,552440018677,12,8,False,3,6,7,7
Michigan4,LS1,Combined,Set1,Draw1,7,col7,Combined|Set1|Draw1|col7,D,combined,1,3,1,1,7,1,5544008,7,4,False,3,6,7,7
Michigan4,LS1,Combined,Set1,Draw1,7,col7,Combined|Set1|Draw1|col7,D,combined,1,3,1,1,7,2,5544008,7,4,False,3,6,7,7
Michigan4,LS1,Combined,Set1,Draw1,7,col7,Combined|Set1|Draw1|col7,D,combined,1,3,1,1,7,3,55400,5,3,True,3,6,7,7
Michigan4,LS1,Combined,Set1,Draw1,7,col7,Combined|Set1|Draw1|col7,D,combined,1,3,1,1,7,4,5500,4,2,True,3,6,7,7
Michigan4,LS1,Combined,Set1,Draw1,7,col7,Combined|Set1|Draw1|col7,D,combined,1,3,1,1,7,5,0,1,1,True,3,6,7,7
Michigan4,LS1,Combined,Set1,Draw1,7,col7,Combined|Set1|Draw1|col7,D,combined,1,3,1,1,7,6,,0,0,False,3,6,7,7
Michigan4,LS1,Combined,Set1,Draw1,7,col7,Combined|Set1|Draw1|col7,E,own,1,3,1,1,7,0,552440018677,12,8,False,5,10,11,11
Michigan4,LS1,Combined,Set1,Draw1,7,col7,Combined|Set1|Draw1|col7,E,own,1,3,1,1,7,1,552440087,9,6,False,5,10,11,11
Michigan4,LS1,Combined,Set1,Draw1,7,col7,Combined|Set1|Draw1|col7,E,own,1,3,1,1,7,2,5524007,7,5,False,5,10,11,11
Michigan4,LS1,Combined,Set1,Draw1,7,col7,Combined|Set1|Draw1|col7,E,own,1,3,1,1,7,3,524007,6,5,False,5,10,11,11
Michigan4,LS1,Combined,Set1,Draw1,7,col7,Combined|Set1|Draw1|col7,E,own,1,3,1,1,7,4,24007,5,4,False,5,10,11,11
Michigan4,LS1,Combined,Set1,Draw1,7,col7,Combined|Set1|Draw1|col7,E,own,1,3,1,1,7,5,4007,4,3,True,5,10,11,11
Michigan4,LS1,Combined,Set1,Draw1,7,col7,Combined|Set1|Draw1|col7,E,own,1,3,1,1,7,6,07,2,2,True,5,10,11,11
Michigan4,LS1,Combined,Set1,Draw1,7,col7,Combined|Set1|Draw1|col7,E,own,1,3,1,1,7,7,07,2,2,True,5,10,11,11
Michigan4,LS1,Combined,Set1,Draw1,7,col7,Combined|Set1|Draw1|col7,E,own,1,3,1,1,7,8,0,1,1,True,5,10,11,11
Michigan4,LS1,Combined,Set1,Draw1,7,col7,Combined|Set1|Draw1|col7,E,own,1,3,1,1,7,9,0,1,1,True,5,10,11,11
Michigan4,LS1,Combined,Set1,Draw1,7,col7,Combined|Set1|Draw1|col7,E,own,1,3,1,1,7,10,,0,0,False,5,10,11,11
Michigan4,LS1,Combined,Set1,Draw1,7,col7,Combined|Set1|Draw1|col7,E,combined,1,3,1,1,7,0,552440018677,12,8,False,4,9,10,10
Michigan4,LS1,Combined,Set1,Draw1,7,col7,Combined|Set1|Draw1|col7,E,combined,1,3,1,1,7,1,552440087,9,6,False,4,9,10,10
Michigan4,LS1,Combined,Set1,Draw1,7,col7,Combined|Set1|Draw1|col7,E,combined,1,3,1,1,7,2,55244008,8,5,False,4,9,10,10
Michigan4,LS1,Combined,Set1,Draw1,7,col7,Combined|Set1|Draw1|col7,E,combined,1,3,1,1,7,3,552400,6,4,False,4,9,10,10
Michigan4,LS1,Combined,Set1,Draw1,7,col7,Combined|Set1|Draw1|col7,E,combined,1,3,1,1,7,4,55200,5,3,True,4,9,10,10
Michigan4,LS1,Combined,Set1,Draw1,7,col7,Combined|Set1|Draw1|col7,E,combined,1,3,1,1,7,5,5200,4,3,True,4,9,10,10
Michigan4,LS1,Combined,Set1,Draw1,7,col7,Combined|Set1|Draw1|col7,E,combined,1,3,1,1,7,6,200,3,2,True,4,9,10,10
Michigan4,LS1,Combined,Set1,Draw1,7,col7,Combined|Set1|Draw1|col7,E,combined,1,3,1,1,7,7,20,2,2,True,4,9,10,10
Michigan4,LS1,Combined,Set1,Draw1,7,col7,Combined|Set1|Draw1|col7,E,combined,1,3,1,1,7,8,2,1,1,True,4,9,10,10
Michigan4,LS1,Combined,Set1,Draw1,7,col7,Combined|Set1|Draw1|col7,E,combined,1,3,1,1,7,9,,0,0,False,4,9,10,10
Michigan4,LS1,Combined,Set1,Draw1,7,col7,Combined|Set1|Draw1|col7,T,own,1,3,1,1,7,0,552440018677,12,8,False,2,6,7,6
Michigan4,LS1,Combined,Set1,Draw1,7,col7,Combined|Set1|Draw1|col7,T,own,1,3,1,1,7,1,5544008,7,4,False,2,6,7,6
Michigan4,LS1,Combined,Set1,Draw1,7,col7,Combined|Set1|Draw1|col7,T,own,1,3,1,1,7,2,5500,4,2,True,2,6,7,6
Michigan4,LS1,Combined,Set1,Draw1,7,col7,Combined|Set1|Draw1|col7,T,own,1,3,1,1,7,3,00,2,1,True,2,6,7,6
Michigan4,LS1,Combined,Set1,Draw1,7,col7,Combined|Set1|Draw1|col7,T,own,1,3,1,1,7,4,00,2,1,True,2,6,7,6
Michigan4,LS1,Combined,Set1,Draw1,7,col7,Combined|Set1|Draw1|col7,T,own,1,3,1,1,7,6,,0,0,False,2,6,7,6
Michigan4,LS1,Combined,Set1,Draw1,7,col7,Combined|Set1|Draw1|col7,T,combined,1,3,1,1,7,0,552440018677,12,8,False,3,11,12,8
Michigan4,LS1,Combined,Set1,Draw1,7,col7,Combined|Set1|Draw1|col7,T,combined,1,3,1,1,7,1,5544008,7,4,False,3,11,12,8
Michigan4,LS1,Combined,Set1,Draw1,7,col7,Combined|Set1|Draw1|col7,T,combined,1,3,1,1,7,2,5544008,7,4,False,3,11,12,8
Michigan4,LS1,Combined,Set1,Draw1,7,col7,Combined|Set1|Draw1|col7,T,combined,1,3,1,1,7,3,5500,4,2,True,3,11,12,8
Michigan4,LS1,Combined,Set1,Draw1,7,col7,Combined|Set1|Draw1|col7,T,combined,1,3,1,1,7,4,5500,4,2,True,3,11,12,8
Michigan4,LS1,Combined,Set1,Draw1,7,col7,Combined|Set1|Draw1|col7,T,combined,1,3,1,1,7,5,00,2,1,True,3,11,12,8
Michigan4,LS1,Combined,Set1,Draw1,7,col7,Combined|Set1|Draw1|col7,T,combined,1,3,1,1,7,6,00,2,1,True,3,11,12,8
Michigan4,LS1,Combined,Set1,Draw1,7,col7,Combined|Set1|Draw1|col7,T,combined,1,3,1,1,7,11,,0,0,False,3,11,12,8
Michigan4,LS1,Combined,Set1,Draw1,6,col6,Combined|Set1|Draw1|col6,A,own,1,3,1,1,6,0,552401677,9,7,False,3,6,7,7
Michigan4,LS1,Combined,Set1,Draw1,6,col6,Combined|Set1|Draw1|col6,A,own,1,3,1,1,6,1,552406,6,5,False,3,6,7,7
Michigan4,LS1,Combined,Set1,Draw1,6,col6,Combined|Set1|Draw1|col6,A,own,1,3,1,1,6,2,552406,6,5,False,3,6,7,7
Michigan4,LS1,Combined,Set1,Draw1,6,col6,Combined|Set1|Draw1|col6,A,own,1,3,1,1,6,3,240,3,3,True,3,6,7,7
Michigan4,LS1,Combined,Set1,Draw1,6,col6,Combined|Set1|Draw1|col6,A,own,1,3,1,1,6,4,240,3,3,True,3,6,7,7
Michigan4,LS1,Combined,Set1,Draw1,6,col6,Combined|Set1|Draw1|col6,A,own,1,3,1,1,6,5,40,2,2,True,3,6,7,7
Michigan4,LS1,Combined,Set1,Draw1,6,col6,Combined|Set1|Draw1|col6,A,own,1,3,1,1,6,6,,0,0,False,3,6,7,7
Michigan4,LS1,Combined,Set1,Draw1,6,col6,Combined|Set1|Draw1|col6,A,combined,1,3,1,1,6,0,552401677,9,7,False,5,11,12,10
Michigan4,LS1,Combined,Set1,Draw1,6,col6,Combined|Set1|Draw1|col6,A,combined,1,3,1,1,6,1,552406,6,5,False,5,11,12,10
Michigan4,LS1,Combined,Set1,Draw1,6,col6,Combined|Set1|Draw1|col6,A,combined,1,3,1,1,6,2,552406,6,5,False,5,11,12,10
Michigan4,LS1,Combined,Set1,Draw1,6,col6,Combined|Set1|Draw1|col6,A,combined,1,3,1,1,6,3,552406,6,5,False,5,11,12,10
Michigan4,LS1,Combined,Set1,Draw1,6,col6,Combined|Set1|Draw1|col6,A,combined,1,3,1,1,6,4,552406,6,5,False,5,11,12,10
Michigan4,LS1,Combined,Set1,Draw1,6,col6,Combined|Set1|Draw1|col6,A,combined,1,3,1,1,6,5,240,3,3,True,5,11,12,10
Michigan4,LS1,Combined,Set1,Draw1,6,col6,Combined|Set1|Draw1|col6,A,combined,1,3,1,1,6,6,240,3,3,True,5,11,12,10
Michigan4,LS1,Combined,Set1,Draw1,6,col6,Combined|Set1|Draw1|col6,A,combined,1,3,1,1,6,9,40,2,2,True,5,11,12,10
Michigan4,LS1,Combined,Set1,Draw1,6,col6,Combined|Set1|Draw1|col6,A,combined,1,3,1,1,6,10,40,2,2,True,5,11,12,10
Michigan4,LS1,Combined,Set1,Draw1,6,col6,Combined|Set1|Draw1|col6,A,combined,1,3,1,1,6,11,,0,0,False,5,11,12,10
Michigan4,LS1,Combined,Set1,Draw1,6,col6,Combined|Set1|Draw1|col6,B,own,1,3,1,1,6,0,552401677,9,7,False,2,5,6,6
Michigan4,LS1,Combined,Set1,Draw1,6,col6,Combined|Set1|Draw1|col6,B,own,1,3,1,1,6,1,55240,5,4,False,2,5,6,6
Michigan4,LS1,Combined,Set1,Draw1,6,col6,Combined|Set1|Draw1|col6,B,own,1,3,1,1,6,2,5520,4,3,True,2,5,6,6
Michigan4,LS1,Combined,Set1,Draw1,6,col6,Combined|Set1|Draw1|col6,B,own,1,3,1,1,6,3,20,2,2,True,2,5,6,6
Michigan4,LS1,Combined,Set1,Draw1,6,col6,Combined|Set1|Draw1|col6,B,own,1,3,1,1,6,4,2,1,1,True,2,5,6,6
Michigan4,LS1,Combined,Set1,Draw1,6,col6,Combined|Set1|Draw1|col6,B,own,1,3,1,1,6,5,,0,0,False,2,5,6,6
Michigan4,LS1,Combined,Set1,Draw1,6,col6,Combined|Set1|Draw1|col6,B,combined,1,3,1,1,6,0,552401677,9,7,False,2,6,7,7
Michigan4,LS1,Combined,Set1,Draw1,6,col6,Combined|Set1|Draw1|col6,B,combined,1,3,1,1,6,1,55240,5,4,False,2,6,7,7
Michigan4,LS1,Combined,Set1,Draw1,6,col6,Combined|Set1|Draw1|col6,B,combined,1,3,1,1,6,2,5540,4,3,True,2,6,7,7
Michigan4,LS1,Combined,Set1,Draw1,6,col6,Combined|Set1|Draw1|col6,B,combined,1,3,1,1,6,3,550,3,2,True,2,6,7,7
Michigan4,LS1,Combined,Set1,Draw1,6,col6,Combined|Set1|Draw1|col6,B,combined,1,3,1,1,6,4,550,3,2,True,2,6,7,7
Michigan4,LS1,Combined,Set1,Draw1,6,col6,Combined|Set1|Draw1|col6,B,combined,1,3,1,1,6,5,0,1,1,True,2,6,7,7
Michigan4,LS1,Combined,Set1,Draw1,6,col6,Combined|Set1|Draw1|col6,B,combined,1,3,1,1,6,6,,0,0,False,2,6,7,7
Michigan4,LS1,Combined,Set1,Draw1,6,col6,Combined|Set1|Draw1|col6,C,own,1,3,1,1,6,0,552401677,9,7,False,1,3,4,4
Michigan4,LS1,Combined,Set1,Draw1,6,col6,Combined|Set1|Draw1|col6,C,own,1,3,1,1,6,1,5540,4,3,True,1,3,4,4
Michigan4,LS1,Combined,Set1,Draw1,6,col6,Combined|Set1|Draw1|col6,C,own,1,3,1,1,6,2,550,3,2,True,1,3,4,4
Michigan4,LS1,Combined,Set1,Draw1,6,col6,Combined|Set1|Draw1|col6,C,own,1,3,1,1,6,3,,0,0,False,1,3,4,4
Michigan4,LS1,Combined,Set1,Draw1,6,col6,Combined|Set1|Draw1|col6,C,combined,1,3,1,1,6,0,552401677,9,7,False,1,5,6,6
Michigan4,LS1,Combined,Set1,Draw1,6,col6,Combined|Set1|Draw1|col6,C,combined,1,3,1,1,6,1,5540,4,3,True,1,5,6,6
Michigan4,LS1,Combined,Set1,Draw1,6,col6,Combined|Set1|Draw1|col6,C,combined,1,3,1,1,6,2,5540,4,3,True,1,5,6,6
Michigan4,LS1,Combined,Set1,Draw1,6,col6,Combined|Set1|Draw1|col6,C,combined,1,3,1,1,6,3,550,3,2,True,1,5,6,6
Michigan4,LS1,Combined,Set1,Draw1,6,col6,Combined|Set1|Draw1|col6,C,combined,1,3,1,1,6,4,550,3,2,True,1,5,6,6
Michigan4,LS1,Combined,Set1,Draw1,6,col6,Combined|Set1|Draw1|col6,C,combined,1,3,1,1,6,5,,0,0,False,1,5,6,6
Michigan4,LS1,Combined,Set1,Draw1,6,col6,Combined|Set1|Draw1|col6,D,own,1,3,1,1,6,0,552401677,9,7,False,1,3,4,4
Michigan4,LS1,Combined,Set1,Draw1,6,col6,Combined|Set1|Draw1|col6,D,own,1,3,1,1,6,1,5540,4,3,True,1,3,4,4
Michigan4,LS1,Combined,Set1,Draw1,6,col6,Combined|Set1|Draw1|col6,D,own,1,3,1,1,6,2,550,3,2,True,1,3,4,4
Michigan4,LS1,Combined,Set1,Draw1,6,col6,Combined|Set1|Draw1|col6,D,own,1,3,1,1,6,3,,0,0,False,1,3,4,4
Michigan4,LS1,Combined,Set1,Draw1,6,col6,Combined|Set1|Draw1|col6,D,combined,1,3,1,1,6,0,552401677,9,7,False,1,5,6,6
Michigan4,LS1,Combined,Set1,Draw1,6,col6,Combined|Set1|Draw1|col6,D,combined,1,3,1,1,6,1,5540,4,3,True,1,5,6,6
Michigan4,LS1,Combined,Set1,Draw1,6,col6,Combined|Set1|Draw1|col6,D,combined,1,3,1,1,6,2,5540,4,3,True,1,5,6,6
Michigan4,LS1,Combined,Set1,Draw1,6,col6,Combined|Set1|Draw1|col6,D,combined,1,3,1,1,6,3,550,3,2,True,1,5,6,6
Michigan4,LS1,Combined,Set1,Draw1,6,col6,Combined|Set1|Draw1|col6,D,combined,1,3,1,1,6,4,550,3,2,True,1,5,6,6
Michigan4,LS1,Combined,Set1,Draw1,6,col6,Combined|Set1|Draw1|col6,D,combined,1,3,1,1,6,5,,0,0,False,1,5,6,6
Michigan4,LS1,Combined,Set1,Draw1,6,col6,Combined|Set1|Draw1|col6,E,own,1,3,1,1,6,0,552401677,9,7,False,4,8,9,9
Michigan4,LS1,Combined,Set1,Draw1,6,col6,Combined|Set1|Draw1|col6,E,own,1,3,1,1,6,1,552407,6,5,False,4,8,9,9
Michigan4,LS1,Combined,Set1,Draw1,6,col6,Combined|Set1|Draw1|col6,E,own,1,3,1,1,6,2,55207,5,4,False,4,8,9,9
Michigan4,LS1,Combined,Set1,Draw1,6,col6,Combined|Set1|Draw1|col6,E,own,1,3,1,1,6,3,5207,4,4,False,4,8,9,9
Michigan4,LS1,Combined,Set1,Draw1,6,col6,Combined|Set1|Draw1|col6,E,own,1,3,1,1,6,4,207,3,3,True,4,8,9,9
Michigan4,LS1,Combined,Set1,Draw1,6,col6,Combined|Set1|Draw1|col6,E,own,1,3,1,1,6,5,07,2,2,True,4,8,9,9
Michigan4,LS1,Combined,Set1,Draw1,6,col6,Combined|Set1|Draw1|col6,E,own,1,3,1,1,6,6,7,1,1,True,4,8,9,9
Michigan4,LS1,Combined,Set1,Draw1,6,col6,Combined|Set1|Draw1|col6,E,own,1,3,1,1,6,7,7,1,1,True,4,8,9,9
Michigan4,LS1,Combined,Set1,Draw1,6,col6,Combined|Set1|Draw1|col6,E,own,1,3,1,1,6,8,,0,0,False,4,8,9,9
Michigan4,LS1,Combined,Set1,Draw1,6,col6,Combined|Set1|Draw1|col6,E,combined,1,3,1,1,6,0,552401677,9,7,False,3,9,10,10
Michigan4,LS1,Combined,Set1,Draw1,6,col6,Combined|Set1|Draw1|col6,E,combined,1,3,1,1,6,1,552407,6,5,False,3,9,10,10
Michigan4,LS1,Combined,Set1,Draw1,6,col6,Combined|Set1|Draw1|col6,E,combined,1,3,1,1,6,2,55240,5,4,False,3,9,10,10
Michigan4,LS1,Combined,Set1,Draw1,6,col6,Combined|Set1|Draw1|col6,E,combined,1,3,1,1,6,3,5520,4,3,True,3,9,10,10
Michigan4,LS1,Combined,Set1,Draw1,6,col6,Combined|Set1|Draw1|col6,E,combined,1,3,1,1,6,4,5520,4,3,True,3,9,10,10
Michigan4,LS1,Combined,Set1,Draw1,6,col6,Combined|Set1|Draw1|col6,E,combined,1,3,1,1,6,5,520,3,3,True,3,9,10,10
Michigan4,LS1,Combined,Set1,Draw1,6,col6,Combined|Set1|Draw1|col6,E,combined,1,3,1,1,6,6,20,2,2,True,3,9,10,10
Michigan4,LS1,Combined,Set1,Draw1,6,col6,Combined|Set1|Draw1|col6,E,combined,1,3,1,1,6,7,2,1,1,True,3,9,10,10
Michigan4,LS1,Combined,Set1,Draw1,6,col6,Combined|Set1|Draw1|col6,E,combined,1,3,1,1,6,8,2,1,1,True,3,9,10,10
Michigan4,LS1,Combined,Set1,Draw1,6,col6,Combined|Set1|Draw1|col6,E,combined,1,3,1,1,6,9,,0,0,False,3,9,10,10
Michigan4,LS1,Combined,Set1,Draw1,6,col6,Combined|Set1|Draw1|col6,T,own,1,3,1,1,6,0,552401677,9,7,False,1,6,7,6
Michigan4,LS1,Combined,Set1,Draw1,6,col6,Combined|Set1|Draw1|col6,T,own,1,3,1,1,6,1,5540,4,3,True,1,6,7,6
Michigan4,LS1,Combined,Set1,Draw1,6,col6,Combined|Set1|Draw1|col6,T,own,1,3,1,1,6,2,550,3,2,True,1,6,7,6
Michigan4,LS1,Combined,Set1,Draw1,6,col6,Combined|Set1|Draw1|col6,T,own,1,3,1,1,6,3,0,1,1,True,1,6,7,6
Michigan4,LS1,Combined,Set1,Draw1,6,col6,Combined|Set1|Draw1|col6,T,own,1,3,1,1,6,4,0,1,1,True,1,6,7,6
Michigan4,LS1,Combined,Set1,Draw1,6,col6,Combined|Set1|Draw1|col6,T,own,1,3,1,1,6,6,,0,0,False,1,6,7,6
Michigan4,LS1,Combined,Set1,Draw1,6,col6,Combined|Set1|Draw1|col6,T,combined,1,3,1,1,6,0,552401677,9,7,False,1,11,12,8
Michigan4,LS1,Combined,Set1,Draw1,6,col6,Combined|Set1|Draw1|col6,T,combined,1,3,1,1,6,1,5540,4,3,True,1,11,12,8
Michigan4,LS1,Combined,Set1,Draw1,6,col6,Combined|Set1|Draw1|col6,T,combined,1,3,1,1,6,2,5540,4,3,True,1,11,12,8
Michigan4,LS1,Combined,Set1,Draw1,6,col6,Combined|Set1|Draw1|col6,T,combined,1,3,1,1,6,3,550,3,2,True,1,11,12,8
Michigan4,LS1,Combined,Set1,Draw1,6,col6,Combined|Set1|Draw1|col6,T,combined,1,3,1,1,6,4,550,3,2,True,1,11,12,8
Michigan4,LS1,Combined,Set1,Draw1,6,col6,Combined|Set1|Draw1|col6,T,combined,1,3,1,1,6,5,0,1,1,True,1,11,12,8
Michigan4,LS1,Combined,Set1,Draw1,6,col6,Combined|Set1|Draw1|col6,T,combined,1,3,1,1,6,6,0,1,1,True,1,11,12,8
Michigan4,LS1,Combined,Set1,Draw1,6,col6,Combined|Set1|Draw1|col6,T,combined,1,3,1,1,6,11,,0,0,False,1,11,12,8
Michigan4,LS1,Combined,Set1,Draw1,5,col5,Combined|Set1|Draw1|col5,A,own,1,3,1,1,5,0,554077*,7,5,False,3,6,29,6
Michigan4,LS1,Combined,Set1,Draw1,5,col5,Combined|Set1|Draw1|col5,A,own,1,3,1,1,5,1,5540*,5,4,False,3,6,29,6
Michigan4,LS1,Combined,Set1,Draw1,5,col5,Combined|Set1|Draw1|col5,A,own,1,3,1,1,5,2,5540*,5,4,False,3,6,29,6
Michigan4,LS1,Combined,Set1,Draw1,5,col5,Combined|Set1|Draw1|col5,A,own,1,3,1,1,5,3,40*,3,3,True,3,6,29,6
Michigan4,LS1,Combined,Set1,Draw1,5,col5,Combined|Set1|Draw1|col5,A,own,1,3,1,1,5,4,40*,3,3,True,3,6,29,6
Michigan4,LS1,Combined,Set1,Draw1,5,col5,Combined|Set1|Draw1|col5,A,own,1,3,1,1,5,6,*,1,1,True,3,6,29,6
Michigan4,LS1,Combined,Set1,Draw1,5,col5,Combined|Set1|Draw1|col5,A,combined,1,3,1,1,5,0,554077*,7,5,False,5,11,57,8
Michigan4,LS1,Combined,Set1,Draw1,5,col5,Combined|Set1|Draw1|col5,A,combined,1,3,1,1,5,1,5540*,5,4,False,5,11,57,8
Michigan4,LS1,Combined,Set1,Draw1,5,col5,Combined|Set1|Draw1|col5,A,combined,1,3,1,1,5,2,5540*,5,4,False,5,11,57,8
Michigan4,LS1,Combined,Set1,Draw1,5,col5,Combined|Set1|Draw1|col5,A,combined,1,3,1,1,5,3,5540*,5,4,False,5,11,57,8
Michigan4,LS1,Combined,Set1,Draw1,5,col5,Combined|Set1|Draw1|col5,A,combined,1,3,1,1,5,4,5540*,5,4,False,5,11,57,8
Michigan4,LS1,Combined,Set1,Draw1,5,col5,Combined|Set1|Draw1|col5,A,combined,1,3,1,1,5,5,40*,3,3,True,5,11,57,8
Michigan4,LS1,Combined,Set1,Draw1,5,col5,Combined|Set1|Draw1|col5,A,combined,1,3,1,1,5,6,40*,3,3,True,5,11,57,8
Michigan4,LS1,Combined,Set1,Draw1,5,col5,Combined|Set1|Draw1|col5,A,combined,1,3,1,1,5,11,*,1,1,True,5,11,57,8
Michigan4,LS1,Combined,Set1,Draw1,5,col5,Combined|Set1|Draw1|col5,B,own,1,3,1,1,5,0,554077*,7,5,False,2,4,29,5
Michigan4,LS1,Combined,Set1,Draw1,5,col5,Combined|Set1|Draw1|col5,B,own,1,3,1,1,5,1,5540*,5,4,False,2,4,29,5
Michigan4,LS1,Combined,Set1,Draw1,5,col5,Combined|Set1|Draw1|col5,B,own,1,3,1,1,5,2,550*,4,3,True,2,4,29,5
Michigan4,LS1,Combined,Set1,Draw1,5,col5,Combined|Set1|Draw1|col5,B,own,1,3,1,1,5,3,0*,2,2,True,2,4,29,5
Michigan4,LS1,Combined,Set1,Draw1,5,col5,Combined|Set1|Draw1|col5,B,own,1,3,1,1,5,4,*,1,1,True,2,4,29,5
Michigan4,LS1,Combined,Set1,Draw1,5,col5,Combined|Set1|Draw1|col5,B,combined,1,3,1,1,5,0,554077*,7,5,False,3,6,57,7
Michigan4,LS1,Combined,Set1,Draw1,5,col5,Combined|Set1|Draw1|col5,B,combined,1,3,1,1,5,1,5540*,5,4,False,3,6,57,7
Michigan4,LS1,Combined,Set1,Draw1,5,col5,Combined|Set1|Draw1|col5,B,combined,1,3,1,1,5,2,5540*,5,4,False,3,6,57,7
Michigan4,LS1,Combined,Set1,Draw1,5,col5,Combined|Set1|Draw1|col5,B,combined,1,3,1,1,5,3,550*,4,3,True,3,6,57,7
Michigan4,LS1,Combined,Set1,Draw1,5,col5,Combined|Set1|Draw1|col5,B,combined,1,3,1,1,5,4,550*,4,3,True,3,6,57,7
Michigan4,LS1,Combined,Set1,Draw1,5,col5,Combined|Set1|Draw1|col5,B,combined,1,3,1,1,5,5,0*,2,2,True,3,6,57,7
Michigan4,LS1,Combined,Set1,Draw1,5,col5,Combined|Set1|Draw1|col5,B,combined,1,3,1,1,5,6,*,1,1,True,3,6,57,7
Michigan4,LS1,Combined,Set1,Draw1,5,col5,Combined|Set1|Draw1|col5,C,own,1,3,1,1,5,0,554077*,7,5,False,2,3,29,4
Michigan4,LS1,Combined,Set1,Draw1,5,col5,Combined|Set1|Draw1|col5,C,own,1,3,1,1,5,1,5540*,5,4,False,2,3,29,4
Michigan4,LS1,Combined,Set1,Draw1,5,col5,Combined|Set1|Draw1|col5,C,own,1,3,1,1,5,2,550*,4,3,True,2,3,29,4
Michigan4,LS1,Combined,Set1,Draw1,5,col5,Combined|Set1|Draw1|col5,C,own,1,3,1,1,5,3,*,1,1,True,2,3,29,4
Michigan4,LS1,Combined,Set1,Draw1,5,col5,Combined|Set1|Draw1|col5,C,combined,1,3,1,1,5,0,554077*,7,5,False,3,5,57,6
Michigan4,LS1,Combined,Set1,Draw1,5,col5,Combined|Set1|Draw1|col5,C,combined,1,3,1,1,5,1,5540*,5,4,False,3,5,57,6
Michigan4,LS1,Combined,Set1,Draw1,5,col5,Combined|Set1|Draw1|col5,C,combined,1,3,1,1,5,2,5540*,5,4,False,3,5,57,6
Michigan4,LS1,Combined,Set1,Draw1,5,col5,Combined|Set1|Draw1|col5,C,combined,1,3,1,1,5,3,550*,4,3,True,3,5,57,6
Michigan4,LS1,Combined,Set1,Draw1,5,col5,Combined|Set1|Draw1|col5,C,combined,1,3,1,1,5,4,550*,4,3,True,3,5,57,6
Michigan4,LS1,Combined,Set1,Draw1,5,col5,Combined|Set1|Draw1|col5,C,combined,1,3,1,1,5,5,*,1,1,True,3,5,57,6
Michigan4,LS1,Combined,Set1,Draw1,5,col5,Combined|Set1|Draw1|col5,D,own,1,3,1,1,5,0,554077*,7,5,False,2,3,29,4
Michigan4,LS1,Combined,Set1,Draw1,5,col5,Combined|Set1|Draw1|col5,D,own,1,3,1,1,5,1,5540*,5,4,False,2,3,29,4
Michigan4,LS1,Combined,Set1,Draw1,5,col5,Combined|Set1|Draw1|col5,D,own,1,3,1,1,5,2,550*,4,3,True,2,3,29,4
Michigan4,LS1,Combined,Set1,Draw1,5,col5,Combined|Set1|Draw1|col5,D,own,1,3,1,1,5,3,*,1,1,True,2,3,29,4
Michigan4,LS1,Combined,Set1,Draw1,5,col5,Combined|Set1|Draw1|col5,D,combined,1,3,1,1,5,0,554077*,7,5,False,3,5,57,6
Michigan4,LS1,Combined,Set1,Draw1,5,col5,Combined|Set1|Draw1|col5,D,combined,1,3,1,1,5,1,5540*,5,4,False,3,5,57,6
Michigan4,LS1,Combined,Set1,Draw1,5,col5,Combined|Set1|Draw1|col5,D,combined,1,3,1,1,5,2,5540*,5,4,False,3,5,57,6
Michigan4,LS1,Combined,Set1,Draw1,5,col5,Combined|Set1|Draw1|col5,D,combined,1,3,1,1,5,3,550*,4,3,True,3,5,57,6
Michigan4,LS1,Combined,Set1,Draw1,5,col5,Combined|Set1|Draw1|col5,D,combined,1,3,1,1,5,4,550*,4,3,True,3,5,57,6
Michigan4,LS1,Combined,Set1,Draw1,5,col5,Combined|Set1|Draw1|col5,D,combined,1,3,1,1,5,5,*,1,1,True,3,5,57,6
Michigan4,LS1,Combined,Set1,Draw1,5,col5,Combined|Set1|Draw1|col5,E,own,1,3,1,1,5,0,554077*,7,5,False,4,6,29,7
Michigan4,LS1,Combined,Set1,Draw1,5,col5,Combined|Set1|Draw1|col5,E,own,1,3,1,1,5,1,55407*,6,5,False,4,6,29,7
Michigan4,LS1,Combined,Set1,Draw1,5,col5,Combined|Set1|Draw1|col5,E,own,1,3,1,1,5,2,5507*,5,4,False,4,6,29,7
Michigan4,LS1,Combined,Set1,Draw1,5,col5,Combined|Set1|Draw1|col5,E,own,1,3,1,1,5,3,507*,4,4,False,4,6,29,7
Michigan4,LS1,Combined,Set1,Draw1,5,col5,Combined|Set1|Draw1|col5,E,own,1,3,1,1,5,4,07*,3,3,True,4,6,29,7
Michigan4,LS1,Combined,Set1,Draw1,5,col5,Combined|Set1|Draw1|col5,E,own,1,3,1,1,5,5,0*,2,2,True,4,6,29,7
Michigan4,LS1,Combined,Set1,Draw1,5,col5,Combined|Set1|Draw1|col5,E,own,1,3,1,1,5,6,*,1,1,True,4,6,29,7
Michigan4,LS1,Combined,Set1,Draw1,5,col5,Combined|Set1|Draw1|col5,E,combined,1,3,1,1,5,0,554077*,7,5,False,3,7,57,8
Michigan4,LS1,Combined,Set1,Draw1,5,col5,Combined|Set1|Draw1|col5,E,combined,1,3,1,1,5,1,55407*,6,5,False,3,7,57,8
Michigan4,LS1,Combined,Set1,Draw1,5,col5,Combined|Set1|Draw1|col5,E,combined,1,3,1,1,5,2,5540*,5,4,False,3,7,57,8
Michigan4,LS1,Combined,Set1,Draw1,5,col5,Combined|Set1|Draw1|col5,E,combined,1,3,1,1,5,3,550*,4,3,True,3,7,57,8
Michigan4,LS1,Combined,Set1,Draw1,5,col5,Combined|Set1|Draw1|col5,E,combined,1,3,1,1,5,4,550*,4,3,True,3,7,57,8
Michigan4,LS1,Combined,Set1,Draw1,5,col5,Combined|Set1|Draw1|col5,E,combined,1,3,1,1,5,5,50*,3,3,True,3,7,57,8
Michigan4,LS1,Combined,Set1,Draw1,5,col5,Combined|Set1|Draw1|col5,E,combined,1,3,1,1,5,6,0*,2,2,True,3,7,57,8
Michigan4,LS1,Combined,Set1,Draw1,5,col5,Combined|Set1|Draw1|col5,E,combined,1,3,1,1,5,7,*,1,1,True,3,7,57,8
Michigan4,LS1,Combined,Set1,Draw1,5,col5,Combined|Set1|Draw1|col5,T,own,1,3,1,1,5,0,554077*,7,5,False,2,6,29,6
Michigan4,LS1,Combined,Set1,Draw1,5,col5,Combined|Set1|Draw1|col5,T,own,1,3,1,1,5,1,5540*,5,4,False,2,6,29,6
Michigan4,LS1,Combined,Set1,Draw1,5,col5,Combined|Set1|Draw1|col5,T,own,1,3,1,1,5,2,550*,4,3,True,2,6,29,6
Michigan4,LS1,Combined,Set1,Draw1,5,col5,Combined|Set1|Draw1|col5,T,own,1,3,1,1,5,3,0*,2,2,True,2,6,29,6
Michigan4,LS1,Combined,Set1,Draw1,5,col5,Combined|Set1|Draw1|col5,T,own,1,3,1,1,5,4,0*,2,2,True,2,6,29,6
Michigan4,LS1,Combined,Set1,Draw1,5,col5,Combined|Set1|Draw1|col5,T,own,1,3,1,1,5,6,*,1,1,True,2,6,29,6
Michigan4,LS1,Combined,Set1,Draw1,5,col5,Combined|Set1|Draw1|col5,T,combined,1,3,1,1,5,0,554077*,7,5,False,3,11,57,8
Michigan4,LS1,Combined,Set1,Draw1,5,col5,Combined|Set1|Draw1|col5,T,combined,1,3,1,1,5,1,5540*,5,4,False,3,11,57,8
Michigan4,LS1,Combined,Set1,Draw1,5,col5,Combined|Set1|Draw1|col5,T,combined,1,3,1,1,5,2,5540*,5,4,False,3,11,57,8
Michigan4,LS1,Combined,Set1,Draw1,5,col5,Combined|Set1|Draw1|col5,T,combined,1,3,1,1,5,3,550*,4,3,True,3,11,57,8
Michigan4,LS1,Combined,Set1,Draw1,5,col5,Combined|Set1|Draw1|col5,T,combined,1,3,1,1,5,4,550*,4,3,True,3,11,57,8
Michigan4,LS1,Combined,Set1,Draw1,5,col5,Combined|Set1|Draw1|col5,T,combined,1,3,1,1,5,5,0*,2,2,True,3,11,57,8
Michigan4,LS1,Combined,Set1,Draw1,5,col5,Combined|Set1|Draw1|col5,T,combined,1,3,1,1,5,6,0*,2,2,True,3,11,57,8
Michigan4,LS1,Combined,Set1,Draw1,5,col5,Combined|Set1|Draw1|col5,T,combined,1,3,1,1,5,11,*,1,1,True,3,11,57,8
Michigan4,LS1,Combined,Set1,Draw1,4,col4,Combined|Set1|Draw1|col4,A,own,1,3,1,1,4,0,54077*,6,5,False,3,6,29,6
Michigan4,LS1,Combined,Set1,Draw1,4,col4,Combined|Set1|Draw1|col4,A,own,1,3,1,1,4,1,540*,4,4,False,3,6,29,6
Michigan4,LS1,Combined,Set1,Draw1,4,col4,Combined|Set1|Draw1|col4,A,own,1,3,1,1,4,2,540*,4,4,False,3,6,29,6
Michigan4,LS1,Combined,Set1,Draw1,4,col4,Combined|Set1|Draw1|col4,A,own,1,3,1,1,4,3,40*,3,3,True,3,6,29,6
Michigan4,LS1,Combined,Set1,Draw1,4,col4,Combined|Set1|Draw1|col4,A,own,1,3,1,1,4,4,40*,3,3,True,3,6,29,6
Michigan4,LS1,Combined,Set1,Draw1,4,col4,Combined|Set1|Draw1|col4,A,own,1,3,1,1,4,6,*,1,1,True,3,6,29,6
Michigan4,LS1,Combined,Set1,Draw1,4,col4,Combined|Set1|Draw1|col4,A,combined,1,3,1,1,4,0,54077*,6,5,False,5,11,57,8
Michigan4,LS1,Combined,Set1,Draw1,4,col4,Combined|Set1|Draw1|col4,A,combined,1,3,1,1,4,1,540*,4,4,False,5,11,57,8
Michigan4,LS1,Combined,Set1,Draw1,4,col4,Combined|Set1|Draw1|col4,A,combined,1,3,1,1,4,2,540*,4,4,False,5,11,57,8
Michigan4,LS1,Combined,Set1,Draw1,4,col4,Combined|Set1|Draw1|col4,A,combined,1,3,1,1,4,3,540*,4,4,False,5,11,57,8
Michigan4,LS1,Combined,Set1,Draw1,4,col4,Combined|Set1|Draw1|col4,A,combined,1,3,1,1,4,4,540*,4,4,False,5,11,57,8
Michigan4,LS1,Combined,Set1,Draw1,4,col4,Combined|Set1|Draw1|col4,A,combined,1,3,1,1,4,5,40*,3,3,True,5,11,57,8
Michigan4,LS1,Combined,Set1,Draw1,4,col4,Combined|Set1|Draw1|col4,A,combined,1,3,1,1,4,6,40*,3,3,True,5,11,57,8
Michigan4,LS1,Combined,Set1,Draw1,4,col4,Combined|Set1|Draw1|col4,A,combined,1,3,1,1,4,11,*,1,1,True,5,11,57,8
Michigan4,LS1,Combined,Set1,Draw1,4,col4,Combined|Set1|Draw1|col4,B,own,1,3,1,1,4,0,54077*,6,5,False,2,4,29,5
Michigan4,LS1,Combined,Set1,Draw1,4,col4,Combined|Set1|Draw1|col4,B,own,1,3,1,1,4,1,540*,4,4,False,2,4,29,5
Michigan4,LS1,Combined,Set1,Draw1,4,col4,Combined|Set1|Draw1|col4,B,own,1,3,1,1,4,2,50*,3,3,True,2,4,29,5
Michigan4,LS1,Combined,Set1,Draw1,4,col4,Combined|Set1|Draw1|col4,B,own,1,3,1,1,4,3,0*,2,2,True,2,4,29,5
Michigan4,LS1,Combined,Set1,Draw1,4,col4,Combined|Set1|Draw1|col4,B,own,1,3,1,1,4,4,*,1,1,True,2,4,29,5
Michigan4,LS1,Combined,Set1,Draw1,4,col4,Combined|Set1|Draw1|col4,B,combined,1,3,1,1,4,0,54077*,6,5,False,3,6,57,7
Michigan4,LS1,Combined,Set1,Draw1,4,col4,Combined|Set1|Draw1|col4,B,combined,1,3,1,1,4,1,540*,4,4,False,3,6,57,7
Michigan4,LS1,Combined,Set1,Draw1,4,col4,Combined|Set1|Draw1|col4,B,combined,1,3,1,1,4,2,540*,4,4,False,3,6,57,7
Michigan4,LS1,Combined,Set1,Draw1,4,col4,Combined|Set1|Draw1|col4,B,combined,1,3,1,1,4,3,50*,3,3,True,3,6,57,7
Michigan4,LS1,Combined,Set1,Draw1,4,col4,Combined|Set1|Draw1|col4,B,combined,1,3,1,1,4,4,50*,3,3,True,3,6,57,7
Michigan4,LS1,Combined,Set1,Draw1,4,col4,Combined|Set1|Draw1|col4,B,combined,1,3,1,1,4,5,0*,2,2,True,3,6,57,7
Michigan4,LS1,Combined,Set1,Draw1,4,col4,Combined|Set1|Draw1|col4,B,combined,1,3,1,1,4,6,*,1,1,True,3,6,57,7
Michigan4,LS1,Combined,Set1,Draw1,4,col4,Combined|Set1|Draw1|col4,C,own,1,3,1,1,4,0,54077*,6,5,False,2,3,29,4
Michigan4,LS1,Combined,Set1,Draw1,4,col4,Combined|Set1|Draw1|col4,C,own,1,3,1,1,4,1,540*,4,4,False,2,3,29,4
Michigan4,LS1,Combined,Set1,Draw1,4,col4,Combined|Set1|Draw1|col4,C,own,1,3,1,1,4,2,50*,3,3,True,2,3,29,4
Michigan4,LS1,Combined,Set1,Draw1,4,col4,Combined|Set1|Draw1|col4,C,own,1,3,1,1,4,3,*,1,1,True,2,3,29,4
Michigan4,LS1,Combined,Set1,Draw1,4,col4,Combined|Set1|Draw1|col4,C,combined,1,3,1,1,4,0,54077*,6,5,False,3,5,57,6
Michigan4,LS1,Combined,Set1,Draw1,4,col4,Combined|Set1|Draw1|col4,C,combined,1,3,1,1,4,1,540*,4,4,False,3,5,57,6
Michigan4,LS1,Combined,Set1,Draw1,4,col4,Combined|Set1|Draw1|col4,C,combined,1,3,1,1,4,2,540*,4,4,False,3,5,57,6
Michigan4,LS1,Combined,Set1,Draw1,4,col4,Combined|Set1|Draw1|col4,C,combined,1,3,1,1,4,3,50*,3,3,True,3,5,57,6
Michigan4,LS1,Combined,Set1,Draw1,4,col4,Combined|Set1|Draw1|col4,C,combined,1,3,1,1,4,4,50*,3,3,True,3,5,57,6
Michigan4,LS1,Combined,Set1,Draw1,4,col4,Combined|Set1|Draw1|col4,C,combined,1,3,1,1,4,5,*,1,1,True,3,5,57,6
Michigan4,LS1,Combined,Set1,Draw1,4,col4,Combined|Set1|Draw1|col4,D,own,1,3,1,1,4,0,54077*,6,5,False,2,3,29,4
Michigan4,LS1,Combined,Set1,Draw1,4,col4,Combined|Set1|Draw1|col4,D,own,1,3,1,1,4,1,540*,4,4,False,2,3,29,4
Michigan4,LS1,Combined,Set1,Draw1,4,col4,Combined|Set1|Draw1|col4,D,own,1,3,1,1,4,2,50*,3,3,True,2,3,29,4
Michigan4,LS1,Combined,Set1,Draw1,4,col4,Combined|Set1|Draw1|col4,D,own,1,3,1,1,4,3,*,1,1,True,2,3,29,4
Michigan4,LS1,Combined,Set1,Draw1,4,col4,Combined|Set1|Draw1|col4,D,combined,1,3,1,1,4,0,54077*,6,5,False,3,5,57,6
Michigan4,LS1,Combined,Set1,Draw1,4,col4,Combined|Set1|Draw1|col4,D,combined,1,3,1,1,4,1,540*,4,4,False,3,5,57,6
Michigan4,LS1,Combined,Set1,Draw1,4,col4,Combined|Set1|Draw1|col4,D,combined,1,3,1,1,4,2,540*,4,4,False,3,5,57,6
Michigan4,LS1,Combined,Set1,Draw1,4,col4,Combined|Set1|Draw1|col4,D,combined,1,3,1,1,4,3,50*,3,3,True,3,5,57,6
Michigan4,LS1,Combined,Set1,Draw1,4,col4,Combined|Set1|Draw1|col4,D,combined,1,3,1,1,4,4,50*,3,3,True,3,5,57,6
Michigan4,LS1,Combined,Set1,Draw1,4,col4,Combined|Set1|Draw1|col4,D,combined,1,3,1,1,4,5,*,1,1,True,3,5,57,6
Michigan4,LS1,Combined,Set1,Draw1,4,col4,Combined|Set1|Draw1|col4,E,own,1,3,1,1,4,0,54077*,6,5,False,3,5,29,6
Michigan4,LS1,Combined,Set1,Draw1,4,col4,Combined|Set1|Draw1|col4,E,own,1,3,1,1,4,1,5407*,5,5,False,3,5,29,6
Michigan4,LS1,Combined,Set1,Draw1,4,col4,Combined|Set1|Draw1|col4,E,own,1,3,1,1,4,2,507*,4,4,False,3,5,29,6
Michigan4,LS1,Combined,Set1,Draw1,4,col4,Combined|Set1|Draw1|col4,E,own,1,3,1,1,4,3,07*,3,3,True,3,5,29,6
Michigan4,LS1,Combined,Set1,Draw1,4,col4,Combined|Set1|Draw1|col4,E,own,1,3,1,1,4,4,7*,2,2,True,3,5,29,6
Michigan4,LS1,Combined,Set1,Draw1,4,col4,Combined|Set1|Draw1|col4,E,own,1,3,1,1,4,5,*,1,1,True,3,5,29,6
Michigan4,LS1,Combined,Set1,Draw1,4,col4,Combined|Set1|Draw1|col4,E,combined,1,3,1,1,4,0,54077*,6,5,False,3,6,57,7
Michigan4,LS1,Combined,Set1,Draw1,4,col4,Combined|Set1|Draw1|col4,E,combined,1,3,1,1,4,1,5407*,5,5,False,3,6,57,7
Michigan4,LS1,Combined,Set1,Draw1,4,col4,Combined|Set1|Draw1|col4,E,combined,1,3,1,1,4,2,540*,4,4,False,3,6,57,7
Michigan4,LS1,Combined,Set1,Draw1,4,col4,Combined|Set1|Draw1|col4,E,combined,1,3,1,1,4,3,50*,3,3,True,3,6,57,7
Michigan4,LS1,Combined,Set1,Draw1,4,col4,Combined|Set1|Draw1|col4,E,combined,1,3,1,1,4,4,50*,3,3,True,3,6,57,7
Michigan4,LS1,Combined,Set1,Draw1,4,col4,Combined|Set1|Draw1|col4,E,combined,1,3,1,1,4,5,0*,2,2,True,3,6,57,7
Michigan4,LS1,Combined,Set1,Draw1,4,col4,Combined|Set1|Draw1|col4,E,combined,1,3,1,1,4,6,*,1,1,True,3,6,57,7
Michigan4,LS1,Combined,Set1,Draw1,4,col4,Combined|Set1|Draw1|col4,T,own,1,3,1,1,4,0,54077*,6,5,False,2,6,29,6
Michigan4,LS1,Combined,Set1,Draw1,4,col4,Combined|Set1|Draw1|col4,T,own,1,3,1,1,4,1,540*,4,4,False,2,6,29,6
Michigan4,LS1,Combined,Set1,Draw1,4,col4,Combined|Set1|Draw1|col4,T,own,1,3,1,1,4,2,50*,3,3,True,2,6,29,6
Michigan4,LS1,Combined,Set1,Draw1,4,col4,Combined|Set1|Draw1|col4,T,own,1,3,1,1,4,3,0*,2,2,True,2,6,29,6
Michigan4,LS1,Combined,Set1,Draw1,4,col4,Combined|Set1|Draw1|col4,T,own,1,3,1,1,4,4,0*,2,2,True,2,6,29,6
Michigan4,LS1,Combined,Set1,Draw1,4,col4,Combined|Set1|Draw1|col4,T,own,1,3,1,1,4,6,*,1,1,True,2,6,29,6
Michigan4,LS1,Combined,Set1,Draw1,4,col4,Combined|Set1|Draw1|col4,T,combined,1,3,1,1,4,0,54077*,6,5,False,3,11,57,8
Michigan4,LS1,Combined,Set1,Draw1,4,col4,Combined|Set1|Draw1|col4,T,combined,1,3,1,1,4,1,540*,4,4,False,3,11,57,8
Michigan4,LS1,Combined,Set1,Draw1,4,col4,Combined|Set1|Draw1|col4,T,combined,1,3,1,1,4,2,540*,4,4,False,3,11,57,8
Michigan4,LS1,Combined,Set1,Draw1,4,col4,Combined|Set1|Draw1|col4,T,combined,1,3,1,1,4,3,50*,3,3,True,3,11,57,8
Michigan4,LS1,Combined,Set1,Draw1,4,col4,Combined|Set1|Draw1|col4,T,combined,1,3,1,1,4,4,50*,3,3,True,3,11,57,8
Michigan4,LS1,Combined,Set1,Draw1,4,col4,Combined|Set1|Draw1|col4,T,combined,1,3,1,1,4,5,0*,2,2,True,3,11,57,8
Michigan4,LS1,Combined,Set1,Draw1,4,col4,Combined|Set1|Draw1|col4,T,combined,1,3,1,1,4,6,0*,2,2,True,3,11,57,8
Michigan4,LS1,Combined,Set1,Draw1,4,col4,Combined|Set1|Draw1|col4,T,combined,1,3,1,1,4,11,*,1,1,True,3,11,57,8
Michigan4,LS1,Combined,Set1,Draw1,2,col2,Combined|Set1|Draw1|col2,A,own,1,3,1,1,2,0,4077**,6,4,False,1,6,29,7
Michigan4,LS1,Combined,Set1,Draw1,2,col2,Combined|Set1|Draw1|col2,A,own,1,3,1,1,2,1,40**,4,3,True,1,6,29,7
Michigan4,LS1,Combined,Set1,Draw1,2,col2,Combined|Set1|Draw1|col2,A,own,1,3,1,1,2,2,40**,4,3,True,1,6,29,7
Michigan4,LS1,Combined,Set1,Draw1,2,col2,Combined|Set1|Draw1|col2,A,own,1,3,1,1,2,3,40**,4,3,True,1,6,29,7
Michigan4,LS1,Combined,Set1,Draw1,2,col2,Combined|Set1|Draw1|col2,A,own,1,3,1,1,2,4,40**,4,3,True,1,6,29,7
Michigan4,LS1,Combined,Set1,Draw1,2,col2,Combined|Set1|Draw1|col2,A,own,1,3,1,1,2,5,40**,4,3,True,1,6,29,7
Michigan4,LS1,Combined,Set1,Draw1,2,col2,Combined|Set1|Draw1|col2,A,own,1,3,1,1,2,6,**,2,1,True,1,6,29,7
Michigan4,LS1,Combined,Set1,Draw1,2,col2,Combined|Set1|Draw1|col2,A,combined,1,3,1,1,2,0,4077**,6,4,False,1,11,57,12
Michigan4,LS1,Combined,Set1,Draw1,2,col2,Combined|Set1|Draw1|col2,A,combined,1,3,1,1,2,1,40**,4,3,True,1,11,57,12
Michigan4,LS1,Combined,Set1,Draw1,2,col2,Combined|Set1|Draw1|col2,A,combined,1,3,1,1,2,2,40**,4,3,True,1,11,57,12
Michigan4,LS1,Combined,Set1,Draw1,2,col2,Combined|Set1|Draw1|col2,A,combined,1,3,1,1,2,3,40**,4,3,True,1,11,57,12
Michigan4,LS1,Combined,Set1,Draw1,2,col2,Combined|Set1|Draw1|col2,A,combined,1,3,1,1,2,4,40**,4,3,True,1,11,57,12
Michigan4,LS1,Combined,Set1,Draw1,2,col2,Combined|Set1|Draw1|col2,A,combined,1,3,1,1,2,5,40**,4,3,True,1,11,57,12
Michigan4,LS1,Combined,Set1,Draw1,2,col2,Combined|Set1|Draw1|col2,A,combined,1,3,1,1,2,6,40**,4,3,True,1,11,57,12
Michigan4,LS1,Combined,Set1,Draw1,2,col2,Combined|Set1|Draw1|col2,A,combined,1,3,1,1,2,7,40**,4,3,True,1,11,57,12
Michigan4,LS1,Combined,Set1,Draw1,2,col2,Combined|Set1|Draw1|col2,A,combined,1,3,1,1,2,8,40**,4,3,True,1,11,57,12
Michigan4,LS1,Combined,Set1,Draw1,2,col2,Combined|Set1|Draw1|col2,A,combined,1,3,1,1,2,9,40**,4,3,True,1,11,57,12
Michigan4,LS1,Combined,Set1,Draw1,2,col2,Combined|Set1|Draw1|col2,A,combined,1,3,1,1,2,10,40**,4,3,True,1,11,57,12
Michigan4,LS1,Combined,Set1,Draw1,2,col2,Combined|Set1|Draw1|col2,A,combined,1,3,1,1,2,11,**,2,1,True,1,11,57,12
Michigan4,LS1,Combined,Set1,Draw1,2,col2,Combined|Set1|Draw1|col2,B,own,1,3,1,1,2,0,4077**,6,4,False,1,3,29,4
Michigan4,LS1,Combined,Set1,Draw1,2,col2,Combined|Set1|Draw1|col2,B,own,1,3,1,1,2,1,40**,4,3,True,1,3,29,4
Michigan4,LS1,Combined,Set1,Draw1,2,col2,Combined|Set1|Draw1|col2,B,own,1,3,1,1,2,2,0**,3,2,True,1,3,29,4
Michigan4,LS1,Combined,Set1,Draw1,2,col2,Combined|Set1|Draw1|col2,B,own,1,3,1,1,2,3,**,2,1,True,1,3,29,4
Michigan4,LS1,Combined,Set1,Draw1,2,col2,Combined|Set1|Draw1|col2,B,combined,1,3,1,1,2,0,4077**,6,4,False,1,5,57,6
Michigan4,LS1,Combined,Set1,Draw1,2,col2,Combined|Set1|Draw1|col2,B,combined,1,3,1,1,2,1,40**,4,3,True,1,5,57,6
Michigan4,LS1,Combined,Set1,Draw1,2,col2,Combined|Set1|Draw1|col2,B,combined,1,3,1,1,2,2,40**,4,3,True,1,5,57,6
Michigan4,LS1,Combined,Set1,Draw1,2,col2,Combined|Set1|Draw1|col2,B,combined,1,3,1,1,2,3,0**,3,2,True,1,5,57,6
Michigan4,LS1,Combined,Set1,Draw1,2,col2,Combined|Set1|Draw1|col2,B,combined,1,3,1,1,2,4,0**,3,2,True,1,5,57,6
Michigan4,LS1,Combined,Set1,Draw1,2,col2,Combined|Set1|Draw1|col2,B,combined,1,3,1,1,2,5,**,2,1,True,1,5,57,6
Michigan4,LS1,Combined,Set1,Draw1,2,col2,Combined|Set1|Draw1|col2,C,own,1,3,1,1,2,0,4077**,6,4,False,1,3,29,4
Michigan4,LS1,Combined,Set1,Draw1,2,col2,Combined|Set1|Draw1|col2,C,own,1,3,1,1,2,1,40**,4,3,True,1,3,29,4
Michigan4,LS1,Combined,Set1,Draw1,2,col2,Combined|Set1|Draw1|col2,C,own,1,3,1,1,2,2,0**,3,2,True,1,3,29,4
Michigan4,LS1,Combined,Set1,Draw1,2,col2,Combined|Set1|Draw1|col2,C,own,1,3,1,1,2,3,**,2,1,True,1,3,29,4
Michigan4,LS1,Combined,Set1,Draw1,2,col2,Combined|Set1|Draw1|col2,C,combined,1,3,1,1,2,0,4077**,6,4,False,1,5,57,6
Michigan4,LS1,Combined,Set1,Draw1,2,col2,Combined|Set1|Draw1|col2,C,combined,1,3,1,1,2,1,40**,4,3,True,1,5,57,6
Michigan4,LS1,Combined,Set1,Draw1,2,col2,Combined|Set1|Draw1|col2,C,combined,1,3,1,1,2,2,40**,4,3,True,1,5,57,6
Michigan4,LS1,Combined,Set1,Draw1,2,col2,Combined|Set1|Draw1|col2,C,combined,1,3,1,1,2,3,0**,3,2,True,1,5,57,6
Michigan4,LS1,Combined,Set1,Draw1,2,col2,Combined|Set1|Draw1|col2,C,combined,1,3,1,1,2,4,0**,3,2,True,1,5,57,6
Michigan4,LS1,Combined,Set1,Draw1,2,col2,Combined|Set1|Draw1|col2,C,combined,1,3,1,1,2,5,**,2,1,True,1,5,57,6
Michigan4,LS1,Combined,Set1,Draw1,2,col2,Combined|Set1|Draw1|col2,D,own,1,3,1,1,2,0,4077**,6,4,False,1,3,29,4
Michigan4,LS1,Combined,Set1,Draw1,2,col2,Combined|Set1|Draw1|col2,D,own,1,3,1,1,2,1,40**,4,3,True,1,3,29,4
Michigan4,LS1,Combined,Set1,Draw1,2,col2,Combined|Set1|Draw1|col2,D,own,1,3,1,1,2,2,0**,3,2,True,1,3,29,4
Michigan4,LS1,Combined,Set1,Draw1,2,col2,Combined|Set1|Draw1|col2,D,own,1,3,1,1,2,3,**,2,1,True,1,3,29,4
Michigan4,LS1,Combined,Set1,Draw1,2,col2,Combined|Set1|Draw1|col2,D,combined,1,3,1,1,2,0,4077**,6,4,False,1,5,57,6
Michigan4,LS1,Combined,Set1,Draw1,2,col2,Combined|Set1|Draw1|col2,D,combined,1,3,1,1,2,1,40**,4,3,True,1,5,57,6
Michigan4,LS1,Combined,Set1,Draw1,2,col2,Combined|Set1|Draw1|col2,D,combined,1,3,1,1,2,2,40**,4,3,True,1,5,57,6
Michigan4,LS1,Combined,Set1,Draw1,2,col2,Combined|Set1|Draw1|col2,D,combined,1,3,1,1,2,3,0**,3,2,True,1,5,57,6
Michigan4,LS1,Combined,Set1,Draw1,2,col2,Combined|Set1|Draw1|col2,D,combined,1,3,1,1,2,4,0**,3,2,True,1,5,57,6
Michigan4,LS1,Combined,Set1,Draw1,2,col2,Combined|Set1|Draw1|col2,D,combined,1,3,1,1,2,5,**,2,1,True,1,5,57,6
Michigan4,LS1,Combined,Set1,Draw1,2,col2,Combined|Set1|Draw1|col2,E,own,1,3,1,1,2,0,4077**,6,4,False,2,5,29,6
Michigan4,LS1,Combined,Set1,Draw1,2,col2,Combined|Set1|Draw1|col2,E,own,1,3,1,1,2,1,407**,5,4,False,2,5,29,6
Michigan4,LS1,Combined,Set1,Draw1,2,col2,Combined|Set1|Draw1|col2,E,own,1,3,1,1,2,2,07**,4,3,True,2,5,29,6
Michigan4,LS1,Combined,Set1,Draw1,2,col2,Combined|Set1|Draw1|col2,E,own,1,3,1,1,2,3,7**,3,2,True,2,5,29,6
Michigan4,LS1,Combined,Set1,Draw1,2,col2,Combined|Set1|Draw1|col2,E,own,1,3,1,1,2,4,7**,3,2,True,2,5,29,6
Michigan4,LS1,Combined,Set1,Draw1,2,col2,Combined|Set1|Draw1|col2,E,own,1,3,1,1,2,5,**,2,1,True,2,5,29,6
Michigan4,LS1,Combined,Set1,Draw1,2,col2,Combined|Set1|Draw1|col2,E,combined,1,3,1,1,2,0,4077**,6,4,False,2,5,57,6
Michigan4,LS1,Combined,Set1,Draw1,2,col2,Combined|Set1|Draw1|col2,E,combined,1,3,1,1,2,1,407**,5,4,False,2,5,57,6
Michigan4,LS1,Combined,Set1,Draw1,2,col2,Combined|Set1|Draw1|col2,E,combined,1,3,1,1,2,2,40**,4,3,True,2,5,57,6
Michigan4,LS1,Combined,Set1,Draw1,2,col2,Combined|Set1|Draw1|col2,E,combined,1,3,1,1,2,3,0**,3,2,True,2,5,57,6
Michigan4,LS1,Combined,Set1,Draw1,2,col2,Combined|Set1|Draw1|col2,E,combined,1,3,1,1,2,4,0**,3,2,True,2,5,57,6
Michigan4,LS1,Combined,Set1,Draw1,2,col2,Combined|Set1|Draw1|col2,E,combined,1,3,1,1,2,5,**,2,1,True,2,5,57,6
Michigan4,LS1,Combined,Set1,Draw1,2,col2,Combined|Set1|Draw1|col2,T,own,1,3,1,1,2,0,4077**,6,4,False,1,6,29,5
Michigan4,LS1,Combined,Set1,Draw1,2,col2,Combined|Set1|Draw1|col2,T,own,1,3,1,1,2,1,40**,4,3,True,1,6,29,5
Michigan4,LS1,Combined,Set1,Draw1,2,col2,Combined|Set1|Draw1|col2,T,own,1,3,1,1,2,2,0**,3,2,True,1,6,29,5
Michigan4,LS1,Combined,Set1,Draw1,2,col2,Combined|Set1|Draw1|col2,T,own,1,3,1,1,2,3,0**,3,2,True,1,6,29,5
Michigan4,LS1,Combined,Set1,Draw1,2,col2,Combined|Set1|Draw1|col2,T,own,1,3,1,1,2,6,**,2,1,True,1,6,29,5
Michigan4,LS1,Combined,Set1,Draw1,2,col2,Combined|Set1|Draw1|col2,T,combined,1,3,1,1,2,0,4077**,6,4,False,1,11,57,6
Michigan4,LS1,Combined,Set1,Draw1,2,col2,Combined|Set1|Draw1|col2,T,combined,1,3,1,1,2,1,40**,4,3,True,1,11,57,6
Michigan4,LS1,Combined,Set1,Draw1,2,col2,Combined|Set1|Draw1|col2,T,combined,1,3,1,1,2,2,40**,4,3,True,1,11,57,6
Michigan4,LS1,Combined,Set1,Draw1,2,col2,Combined|Set1|Draw1|col2,T,combined,1,3,1,1,2,3,0**,3,2,True,1,11,57,6
Michigan4,LS1,Combined,Set1,Draw1,2,col2,Combined|Set1|Draw1|col2,T,combined,1,3,1,1,2,4,0**,3,2,True,1,11,57,6
Michigan4,LS1,Combined,Set1,Draw1,2,col2,Combined|Set1|Draw1|col2,T,combined,1,3,1,1,2,11,**,2,1,True,1,11,57,6
Michigan4,LS1,Combined,Set1,Draw2,6,col6,Combined|Set1|Draw2|col6,A,own,1,3,1,2,6,0,55922401677,11,8,False,3,6,7,7
Michigan4,LS1,Combined,Set1,Draw2,6,col6,Combined|Set1|Draw2|col6,A,own,1,3,1,2,6,1,55922406,8,6,False,3,6,7,7
Michigan4,LS1,Combined,Set1,Draw2,6,col6,Combined|Set1|Draw2|col6,A,own,1,3,1,2,6,2,5522406,7,5,False,3,6,7,7
Michigan4,LS1,Combined,Set1,Draw2,6,col6,Combined|Set1|Draw2|col6,A,own,1,3,1,2,6,3,2240,4,3,True,3,6,7,7
Michigan4,LS1,Combined,Set1,Draw2,6,col6,Combined|Set1|Draw2|col6,A,own,1,3,1,2,6,4,2240,4,3,True,3,6,7,7
Michigan4,LS1,Combined,Set1,Draw2,6,col6,Combined|Set1|Draw2|col6,A,own,1,3,1,2,6,5,40,2,2,True,3,6,7,7
Michigan4,LS1,Combined,Set1,Draw2,6,col6,Combined|Set1|Draw2|col6,A,own,1,3,1,2,6,6,,0,0,False,3,6,7,7
Michigan4,LS1,Combined,Set1,Draw2,6,col6,Combined|Set1|Draw2|col6,A,combined,1,3,1,2,6,0,55922401677,11,8,False,5,11,12,12
Michigan4,LS1,Combined,Set1,Draw2,6,col6,Combined|Set1|Draw2|col6,A,combined,1,3,1,2,6,1,55922406,8,6,False,5,11,12,12
Michigan4,LS1,Combined,Set1,Draw2,6,col6,Combined|Set1|Draw2|col6,A,combined,1,3,1,2,6,2,55922406,8,6,False,5,11,12,12
Michigan4,LS1,Combined,Set1,Draw2,6,col6,Combined|Set1|Draw2|col6,A,combined,1,3,1,2,6,3,5522406,7,5,False,5,11,12,12
Michigan4,LS1,Combined,Set1,Draw2,6,col6,Combined|Set1|Draw2|col6,A,combined,1,3,1,2,6,4,5522406,7,5,False,5,11,12,12
Michigan4,LS1,Combined,Set1,Draw2,6,col6,Combined|Set1|Draw2|col6,A,combined,1,3,1,2,6,5,2240,4,3,True,5,11,12,12
Michigan4,LS1,Combined,Set1,Draw2,6,col6,Combined|Set1|Draw2|col6,A,combined,1,3,1,2,6,6,2240,4,3,True,5,11,12,12
Michigan4,LS1,Combined,Set1,Draw2,6,col6,Combined|Set1|Draw2|col6,A,combined,1,3,1,2,6,7,2240,4,3,True,5,11,12,12
Michigan4,LS1,Combined,Set1,Draw2,6,col6,Combined|Set1|Draw2|col6,A,combined,1,3,1,2,6,8,2240,4,3,True,5,11,12,12
Michigan4,LS1,Combined,Set1,Draw2,6,col6,Combined|Set1|Draw2|col6,A,combined,1,3,1,2,6,9,40,2,2,True,5,11,12,12
Michigan4,LS1,Combined,Set1,Draw2,6,col6,Combined|Set1|Draw2|col6,A,combined,1,3,1,2,6,10,40,2,2,True,5,11,12,12
Michigan4,LS1,Combined,Set1,Draw2,6,col6,Combined|Set1|Draw2|col6,A,combined,1,3,1,2,6,11,,0,0,False,5,11,12,12
Michigan4,LS1,Combined,Set1,Draw2,6,col6,Combined|Set1|Draw2|col6,B,own,1,3,1,2,6,0,55922401677,11,8,False,3,6,7,7
Michigan4,LS1,Combined,Set1,Draw2,6,col6,Combined|Set1|Draw2|col6,B,own,1,3,1,2,6,1,5592240,7,5,False,3,6,7,7
Michigan4,LS1,Combined,Set1,Draw2,6,col6,Combined|Set1|Draw2|col6,B,own,1,3,1,2,6,2,552240,6,4,False,3,6,7,7
Michigan4,LS1,Combined,Set1,Draw2,6,col6,Combined|Set1|Draw2|col6,B,own,1,3,1,2,6,3,2240,4,3,True,3,6,7,7
Michigan4,LS1,Combined,Set1,Draw2,6,col6,Combined|Set1|Draw2|col6,B,own,1,3,1,2,6,4,224,3,2,True,3,6,7,7
Michigan4,LS1,Combined,Set1,Draw2,6,col6,Combined|Set1|Draw2|col6,B,own,1,3,1,2,6,5,4,1,1,True,3,6,7,7
Michigan4,LS1,Combined,Set1,Draw2,6,col6,Combined|Set1|Draw2|col6,B,own,1,3,1,2,6,6,,0,0,False,3,6,7,7
Michigan4,LS1,Combined,Set1,Draw2,6,col6,Combined|Set1|Draw2|col6,B,combined,1,3,1,2,6,0,55922401677,11,8,False,3,6,7,7
Michigan4,LS1,Combined,Set1,Draw2,6,col6,Combined|Set1|Draw2|col6,B,combined,1,3,1,2,6,1,5592240,7,5,False,3,6,7,7
Michigan4,LS1,Combined,Set1,Draw2,6,col6,Combined|Set1|Draw2|col6,B,combined,1,3,1,2,6,2,55940,5,4,False,3,6,7,7
Michigan4,LS1,Combined,Set1,Draw2,6,col6,Combined|Set1|Draw2|col6,B,combined,1,3,1,2,6,3,5540,4,3,True,3,6,7,7
Michigan4,LS1,Combined,Set1,Draw2,6,col6,Combined|Set1|Draw2|col6,B,combined,1,3,1,2,6,4,550,3,2,True,3,6,7,7
Michigan4,LS1,Combined,Set1,Draw2,6,col6,Combined|Set1|Draw2|col6,B,combined,1,3,1,2,6,5,0,1,1,True,3,6,7,7
Michigan4,LS1,Combined,Set1,Draw2,6,col6,Combined|Set1|Draw2|col6,B,combined,1,3,1,2,6,6,,0,0,False,3,6,7,7
Michigan4,LS1,Combined,Set1,Draw2,6,col6,Combined|Set1|Draw2|col6,C,own,1,3,1,2,6,0,55922401677,11,8,False,2,3,4,4
Michigan4,LS1,Combined,Set1,Draw2,6,col6,Combined|Set1|Draw2|col6,C,own,1,3,1,2,6,1,55940,5,4,False,2,3,4,4
Michigan4,LS1,Combined,Set1,Draw2,6,col6,Combined|Set1|Draw2|col6,C,own,1,3,1,2,6,2,550,3,2,True,2,3,4,4
Michigan4,LS1,Combined,Set1,Draw2,6,col6,Combined|Set1|Draw2|col6,C,own,1,3,1,2,6,3,,0,0,False,2,3,4,4
Michigan4,LS1,Combined,Set1,Draw2,6,col6,Combined|Set1|Draw2|col6,C,combined,1,3,1,2,6,0,55922401677,11,8,False,3,5,6,6
Michigan4,LS1,Combined,Set1,Draw2,6,col6,Combined|Set1|Draw2|col6,C,combined,1,3,1,2,6,1,55940,5,4,False,3,5,6,6
Michigan4,LS1,Combined,Set1,Draw2,6,col6,Combined|Set1|Draw2|col6,C,combined,1,3,1,2,6,2,55940,5,4,False,3,5,6,6
Michigan4,LS1,Combined,Set1,Draw2,6,col6,Combined|Set1|Draw2|col6,C,combined,1,3,1,2,6,3,550,3,2,True,3,5,6,6
Michigan4,LS1,Combined,Set1,Draw2,6,col6,Combined|Set1|Draw2|col6,C,combined,1,3,1,2,6,4,550,3,2,True,3,5,6,6
Michigan4,LS1,Combined,Set1,Draw2,6,col6,Combined|Set1|Draw2|col6,C,combined,1,3,1,2,6,5,,0,0,False,3,5,6,6
Michigan4,LS1,Combined,Set1,Draw2,6,col6,Combined|Set1|Draw2|col6,D,own,1,3,1,2,6,0,55922401677,11,8,False,2,5,6,6
Michigan4,LS1,Combined,Set1,Draw2,6,col6,Combined|Set1|Draw2|col6,D,own,1,3,1,2,6,1,559240,6,5,False,2,5,6,6
Michigan4,LS1,Combined,Set1,Draw2,6,col6,Combined|Set1|Draw2|col6,D,own,1,3,1,2,6,2,5520,4,3,True,2,5,6,6
Michigan4,LS1,Combined,Set1,Draw2,6,col6,Combined|Set1|Draw2|col6,D,own,1,3,1,2,6,3,2,1,1,True,2,5,6,6
Michigan4,LS1,Combined,Set1,Draw2,6,col6,Combined|Set1|Draw2|col6,D,own,1,3,1,2,6,4,2,1,1,True,2,5,6,6
Michigan4,LS1,Combined,Set1,Draw2,6,col6,Combined|Set1|Draw2|col6,D,own,1,3,1,2,6,5,,0,0,False,2,5,6,6
Michigan4,LS1,Combined,Set1,Draw2,6,col6,Combined|Set1|Draw2|col6,D,combined,1,3,1,2,6,0,55922401677,11,8,False,3,5,6,6
Michigan4,LS1,Combined,Set1,Draw2,6,col6,Combined|Set1|Draw2|col6,D,combined,1,3,1,2,6,1,559240,6,5,False,3,5,6,6
Michigan4,LS1,Combined,Set1,Draw2,6,col6,Combined|Set1|Draw2|col6,D,combined,1,3,1,2,6,2,55940,5,4,False,3,5,6,6
Michigan4,LS1,Combined,Set1,Draw2,6,col6,Combined|Set1|Draw2|col6,D,combined,1,3,1,2,6,3,550,3,2,True,3,5,6,6
Michigan4,LS1,Combined,Set1,Draw2,6,col6,Combined|Set1|Draw2|col6,D,combined,1,3,1,2,6,4,550,3,2,True,3,5,6,6
Michigan4,LS1,Combined,Set1,Draw2,6,col6,Combined|Set1|Draw2|col6,D,combined,1,3,1,2,6,5,,0,0,False,3,5,6,6
Michigan4,LS1,Combined,Set1,Draw2,6,col6,Combined|Set1|Draw2|col6,E,own,1,3,1,2,6,0,55922401677,11,8,False,6,12,13,11
Michigan4,LS1,Combined,Set1,Draw2,6,col6,Combined|Set1|Draw2|col6,E,own,1,3,1,2,6,1,55922407,8,6,False,6,12,13,11
Michigan4,LS1,Combined,Set1,Draw2,6,col6,Combined|Set1|Draw2|col6,E,own,1,3,1,2,6,2,5522407,7,5,False,6,12,13,11
Michigan4,LS1,Combined,Set1,Draw2,6,col6,Combined|Set1|Draw2|col6,E,own,1,3,1,2,6,3,522407,6,5,False,6,12,13,11
Michigan4,LS1,Combined,Set1,Draw2,6,col6,Combined|Set1|Draw2|col6,E,own,1,3,1,2,6,4,22407,5,4,False,6,12,13,11
Michigan4,LS1,Combined,Set1,Draw2,6,col6,Combined|Set1|Draw2|col6,E,own,1,3,1,2,6,5,2407,4,4,False,6,12,13,11
Michigan4,LS1,Combined,Set1,Draw2,6,col6,Combined|Set1|Draw2|col6,E,own,1,3,1,2,6,6,27,2,2,True,6,12,13,11
Michigan4,LS1,Combined,Set1,Draw2,6,col6,Combined|Set1|Draw2|col6,E,own,1,3,1,2,6,7,27,2,2,True,6,12,13,11
Michigan4,LS1,Combined,Set1,Draw2,6,col6,Combined|Set1|Draw2|col6,E,own,1,3,1,2,6,8,2,1,1,True,6,12,13,11
Michigan4,LS1,Combined,Set1,Draw2,6,col6,Combined|Set1|Draw2|col6,E,own,1,3,1,2,6,9,2,1,1,True,6,12,13,11
Michigan4,LS1,Combined,Set1,Draw2,6,col6,Combined|Set1|Draw2|col6,E,own,1,3,1,2,6,12,,0,0,False,6,12,13,11
Michigan4,LS1,Combined,Set1,Draw2,6,col6,Combined|Set1|Draw2|col6,E,combined,1,3,1,2,6,0,55922401677,11,8,False,4,10,11,11
Michigan4,LS1,Combined,Set1,Draw2,6,col6,Combined|Set1|Draw2|col6,E,combined,1,3,1,2,6,1,55922407,8,6,False,4,10,11,11
Michigan4,LS1,Combined,Set1,Draw2,6,col6,Combined|Set1|Draw2|col6,E,combined,1,3,1,2,6,2,5592240,7,5,False,4,10,11,11
Michigan4,LS1,Combined,Set1,Draw2,6,col6,Combined|Set1|Draw2|col6,E,combined,1,3,1,2,6,3,552240,6,4,False,4,10,11,11
Michigan4,LS1,Combined,Set1,Draw2,6,col6,Combined|Set1|Draw2|col6,E,combined,1,3,1,2,6,4,55220,5,3,True,4,10,11,11
Michigan4,LS1,Combined,Set1,Draw2,6,col6,Combined|Set1|Draw2|col6,E,combined,1,3,1,2,6,5,5220,4,3,True,4,10,11,11
Michigan4,LS1,Combined,Set1,Draw2,6,col6,Combined|Set1|Draw2|col6,E,combined,1,3,1,2,6,6,220,3,2,True,4,10,11,11
Michigan4,LS1,Combined,Set1,Draw2,6,col6,Combined|Set1|Draw2|col6,E,combined,1,3,1,2,6,7,22,2,1,True,4,10,11,11
Michigan4,LS1,Combined,Set1,Draw2,6,col6,Combined|Set1|Draw2|col6,E,combined,1,3,1,2,6,8,22,2,1,True,4,10,11,11
Michigan4,LS1,Combined,Set1,Draw2,6,col6,Combined|Set1|Draw2|col6,E,combined,1,3,1,2,6,9,2,1,1,True,4,10,11,11
Michigan4,LS1,Combined,Set1,Draw2,6,col6,Combined|Set1|Draw2|col6,E,combined,1,3,1,2,6,10,,0,0,False,4,10,11,11
Michigan4,LS1,Combined,Set1,Draw2,6,col6,Combined|Set1|Draw2|col6,T,own,1,3,1,2,6,0,55922401677,11,8,False,2,6,7,6
Michigan4,LS1,Combined,Set1,Draw2,6,col6,Combined|Set1|Draw2|col6,T,own,1,3,1,2,6,1,55940,5,4,False,2,6,7,6
Michigan4,LS1,Combined,Set1,Draw2,6,col6,Combined|Set1|Draw2|col6,T,own,1,3,1,2,6,2,550,3,2,True,2,6,7,6
Michigan4,LS1,Combined,Set1,Draw2,6,col6,Combined|Set1|Draw2|col6,T,own,1,3,1,2,6,3,0,1,1,True,2,6,7,6
Michigan4,LS1,Combined,Set1,Draw2,6,col6,Combined|Set1|Draw2|col6,T,own,1,3,1,2,6,4,0,1,1,True,2,6,7,6
Michigan4,LS1,Combined,Set1,Draw2,6,col6,Combined|Set1|Draw2|col6,T,own,1,3,1,2,6,6,,0,0,False,2,6,7,6
Michigan4,LS1,Combined,Set1,Draw2,6,col6,Combined|Set1|Draw2|col6,T,combined,1,3,1,2,6,0,55922401677,11,8,False,3,11,12,8
Michigan4,LS1,Combined,Set1,Draw2,6,col6,Combined|Set1|Draw2|col6,T,combined,1,3,1,2,6,1,55940,5,4,False,3,11,12,8
Michigan4,LS1,Combined,Set1,Draw2,6,col6,Combined|Set1|Draw2|col6,T,combined,1,3,1,2,6,2,55940,5,4,False,3,11,12,8
Michigan4,LS1,Combined,Set1,Draw2,6,col6,Combined|Set1|Draw2|col6,T,combined,1,3,1,2,6,3,550,3,2,True,3,11,12,8
Michigan4,LS1,Combined,Set1,Draw2,6,col6,Combined|Set1|Draw2|col6,T,combined,1,3,1,2,6,4,550,3,2,True,3,11,12,8
Michigan4,LS1,Combined,Set1,Draw2,6,col6,Combined|Set1|Draw2|col6,T,combined,1,3,1,2,6,5,0,1,1,True,3,11,12,8
Michigan4,LS1,Combined,Set1,Draw2,6,col6,Combined|Set1|Draw2|col6,T,combined,1,3,1,2,6,6,0,1,1,True,3,11,12,8
Michigan4,LS1,Combined,Set1,Draw2,6,col6,Combined|Set1|Draw2|col6,T,combined,1,3,1,2,6,11,,0,0,False,3,11,12,8
Michigan4,LS1,Combined,Set1,Draw2,5,col5,Combined|Set1|Draw2|col5,A,own,1,3,1,2,5,0,55924077,8,6,False,3,6,7,7
Michigan4,LS1,Combined,Set1,Draw2,5,col5,Combined|Set1|Draw2|col5,A,own,1,3,1,2,5,1,559240,6,5,False,3,6,7,7
Michigan4,LS1,Combined,Set1,Draw2,5,col5,Combined|Set1|Draw2|col5,A,own,1,3,1,2,5,2,55240,5,4,False,3,6,7,7
Michigan4,LS1,Combined,Set1,Draw2,5,col5,Combined|Set1|Draw2|col5,A,own,1,3,1,2,5,3,240,3,3,True,3,6,7,7
Michigan4,LS1,Combined,Set1,Draw2,5,col5,Combined|Set1|Draw2|col5,A,own,1,3,1,2,5,4,240,3,3,True,3,6,7,7
Michigan4,LS1,Combined,Set1,Draw2,5,col5,Combined|Set1|Draw2|col5,A,own,1,3,1,2,5,5,40,2,2,True,3,6,7,7
Michigan4,LS1,Combined,Set1,Draw2,5,col5,Combined|Set1|Draw2|col5,A,own,1,3,1,2,5,6,,0,0,False,3,6,7,7
Michigan4,LS1,Combined,Set1,Draw2,5,col5,Combined|Set1|Draw2|col5,A,combined,1,3,1,2,5,0,55924077,8,6,False,5,11,12,10
Michigan4,LS1,Combined,Set1,Draw2,5,col5,Combined|Set1|Draw2|col5,A,combined,1,3,1,2,5,1,559240,6,5,False,5,11,12,10
Michigan4,LS1,Combined,Set1,Draw2,5,col5,Combined|Set1|Draw2|col5,A,combined,1,3,1,2,5,2,559240,6,5,False,5,11,12,10
Michigan4,LS1,Combined,Set1,Draw2,5,col5,Combined|Set1|Draw2|col5,A,combined,1,3,1,2,5,3,55240,5,4,False,5,11,12,10
Michigan4,LS1,Combined,Set1,Draw2,5,col5,Combined|Set1|Draw2|col5,A,combined,1,3,1,2,5,4,55240,5,4,False,5,11,12,10
Michigan4,LS1,Combined,Set1,Draw2,5,col5,Combined|Set1|Draw2|col5,A,combined,1,3,1,2,5,5,240,3,3,True,5,11,12,10
Michigan4,LS1,Combined,Set1,Draw2,5,col5,Combined|Set1|Draw2|col5,A,combined,1,3,1,2,5,6,240,3,3,True,5,11,12,10
Michigan4,LS1,Combined,Set1,Draw2,5,col5,Combined|Set1|Draw2|col5,A,combined,1,3,1,2,5,9,40,2,2,True,5,11,12,10
Michigan4,LS1,Combined,Set1,Draw2,5,col5,Combined|Set1|Draw2|col5,A,combined,1,3,1,2,5,10,40,2,2,True,5,11,12,10
Michigan4,LS1,Combined,Set1,Draw2,5,col5,Combined|Set1|Draw2|col5,A,combined,1,3,1,2,5,11,,0,0,False,5,11,12,10
Michigan4,LS1,Combined,Set1,Draw2,5,col5,Combined|Set1|Draw2|col5,B,own,1,3,1,2,5,0,55924077,8,6,False,3,6,7,7
Michigan4,LS1,Combined,Set1,Draw2,5,col5,Combined|Set1|Draw2|col5,B,own,1,3,1,2,5,1,559240,6,5,False,3,6,7,7
Michigan4,LS1,Combined,Set1,Draw2,5,col5,Combined|Set1|Draw2|col5,B,own,1,3,1,2,5,2,55240,5,4,False,3,6,7,7
Michigan4,LS1,Combined,Set1,Draw2,5,col5,Combined|Set1|Draw2|col5,B,own,1,3,1,2,5,3,240,3,3,True,3,6,7,7
Michigan4,LS1,Combined,Set1,Draw2,5,col5,Combined|Set1|Draw2|col5,B,own,1,3,1,2,5,4,24,2,2,True,3,6,7,7
Michigan4,LS1,Combined,Set1,Draw2,5,col5,Combined|Set1|Draw2|col5,B,own,1,3,1,2,5,5,4,1,1,True,3,6,7,7
Michigan4,LS1,Combined,Set1,Draw2,5,col5,Combined|Set1|Draw2|col5,B,own,1,3,1,2,5,6,,0,0,False,3,6,7,7
Michigan4,LS1,Combined,Set1,Draw2,5,col5,Combined|Set1|Draw2|col5,B,combined,1,3,1,2,5,0,55924077,8,6,False,3,6,7,7
Michigan4,LS1,Combined,Set1,Draw2,5,col5,Combined|Set1|Draw2|col5,B,combined,1,3,1,2,5,1,559240,6,5,False,3,6,7,7
Michigan4,LS1,Combined,Set1,Draw2,5,col5,Combined|Set1|Draw2|col5,B,combined,1,3,1,2,5,2,55940,5,4,False,3,6,7,7
Michigan4,LS1,Combined,Set1,Draw2,5,col5,Combined|Set1|Draw2|col5,B,combined,1,3,1,2,5,3,5540,4,3,True,3,6,7,7
Michigan4,LS1,Combined,Set1,Draw2,5,col5,Combined|Set1|Draw2|col5,B,combined,1,3,1,2,5,4,550,3,2,True,3,6,7,7
Michigan4,LS1,Combined,Set1,Draw2,5,col5,Combined|Set1|Draw2|col5,B,combined,1,3,1,2,5,5,0,1,1,True,3,6,7,7
Michigan4,LS1,Combined,Set1,Draw2,5,col5,Combined|Set1|Draw2|col5,B,combined,1,3,1,2,5,6,,0,0,False,3,6,7,7
Michigan4,LS1,Combined,Set1,Draw2,5,col5,Combined|Set1|Draw2|col5,C,own,1,3,1,2,5,0,55924077,8,6,False,2,3,4,4
Michigan4,LS1,Combined,Set1,Draw2,5,col5,Combined|Set1|Draw2|col5,C,own,1,3,1,2,5,1,55940,5,4,False,2,3,4,4
Michigan4,LS1,Combined,Set1,Draw2,5,col5,Combined|Set1|Draw2|col5,C,own,1,3,1,2,5,2,550,3,2,True,2,3,4,4
Michigan4,LS1,Combined,Set1,Draw2,5,col5,Combined|Set1|Draw2|col5,C,own,1,3,1,2,5,3,,0,0,False,2,3,4,4
Michigan4,LS1,Combined,Set1,Draw2,5,col5,Combined|Set1|Draw2|col5,C,combined,1,3,1,2,5,0,55924077,8,6,False,3,5,6,6
Michigan4,LS1,Combined,Set1,Draw2,5,col5,Combined|Set1|Draw2|col5,C,combined,1,3,1,2,5,1,55940,5,4,False,3,5,6,6
Michigan4,LS1,Combined,Set1,Draw2,5,col5,Combined|Set1|Draw2|col5,C,combined,1,3,1,2,5,2,55940,5,4,False,3,5,6,6
Michigan4,LS1,Combined,Set1,Draw2,5,col5,Combined|Set1|Draw2|col5,C,combined,1,3,1,2,5,3,550,3,2,True,3,5,6,6
Michigan4,LS1,Combined,Set1,Draw2,5,col5,Combined|Set1|Draw2|col5,C,combined,1,3,1,2,5,4,550,3,2,True,3,5,6,6
Michigan4,LS1,Combined,Set1,Draw2,5,col5,Combined|Set1|Draw2|col5,C,combined,1,3,1,2,5,5,,0,0,False,3,5,6,6
Michigan4,LS1,Combined,Set1,Draw2,5,col5,Combined|Set1|Draw2|col5,D,own,1,3,1,2,5,0,55924077,8,6,False,2,3,4,4
Michigan4,LS1,Combined,Set1,Draw2,5,col5,Combined|Set1|Draw2|col5,D,own,1,3,1,2,5,1,55940,5,4,False,2,3,4,4
Michigan4,LS1,Combined,Set1,Draw2,5,col5,Combined|Set1|Draw2|col5,D,own,1,3,1,2,5,2,550,3,2,True,2,3,4,4
Michigan4,LS1,Combined,Set1,Draw2,5,col5,Combined|Set1|Draw2|col5,D,own,1,3,1,2,5,3,,0,0,False,2,3,4,4
Michigan4,LS1,Combined,Set1,Draw2,5,col5,Combined|Set1|Draw2|col5,D,combined,1,3,1,2,5,0,55924077,8,6,False,3,5,6,6
Michigan4,LS1,Combined,Set1,Draw2,5,col5,Combined|Set1|Draw2|col5,D,combined,1,3,1,2,5,1,55940,5,4,False,3,5,6,6
Michigan4,LS1,Combined,Set1,Draw2,5,col5,Combined|Set1|Draw2|col5,D,combined,1,3,1,2,5,2,55940,5,4,False,3,5,6,6
Michigan4,LS1,Combined,Set1,Draw2,5,col5,Combined|Set1|Draw2|col5,D,combined,1,3,1,2,5,3,550,3,2,True,3,5,6,6
Michigan4,LS1,Combined,Set1,Draw2,5,col5,Combined|Set1|Draw2|col5,D,combined,1,3,1,2,5,4,550,3,2,True,3,5,6,6
Michigan4,LS1,Combined,Set1,Draw2,5,col5,Combined|Set1|Draw2|col5,D,combined,1,3,1,2,5,5,,0,0,False,3,5,6,6
Michigan4,LS1,Combined,Set1,Draw2,5,col5,Combined|Set1|Draw2|col5,E,own,1,3,1,2,5,0,55924077,8,6,False,5,8,9,9
Michigan4,LS1,Combined,Set1,Draw2,5,col5,Combined|Set1|Draw2|col5,E,own,1,3,1,2,5,1,5592407,7,6,False,5,8,9,9
Michigan4,LS1,Combined,Set1,Draw2,5,col5,Combined|Set1|Draw2|col5,E,own,1,3,1,2,5,2,552407,6,5,False,5,8,9,9
Michigan4,LS1,Combined,Set1,Draw2,5,col5,Combined|Set1|Draw2|col5,E,own,1,3,1,2,5,3,52407,5,5,False,5,8,9,9
Michigan4,LS1,Combined,Set1,Draw2,5,col5,Combined|Set1|Draw2|col5,E,own,1,3,1,2,5,4,2407,4,4,False,5,8,9,9
Michigan4,LS1,Combined,Set1,Draw2,5,col5,Combined|Set1|Draw2|col5,E,own,1,3,1,2,5,5,407,3,3,True,5,8,9,9
Michigan4,LS1,Combined,Set1,Draw2,5,col5,Combined|Set1|Draw2|col5,E,own,1,3,1,2,5,6,7,1,1,True,5,8,9,9
Michigan4,LS1,Combined,Set1,Draw2,5,col5,Combined|Set1|Draw2|col5,E,own,1,3,1,2,5,7,7,1,1,True,5,8,9,9
Michigan4,LS1,Combined,Set1,Draw2,5,col5,Combined|Set1|Draw2|col5,E,own,1,3,1,2,5,8,,0,0,False,5,8,9,9
Michigan4,LS1,Combined,Set1,Draw2,5,col5,Combined|Set1|Draw2|col5,E,combined,1,3,1,2,5,0,55924077,8,6,False,4,9,10,10
Michigan4,LS1,Combined,Set1,Draw2,5,col5,Combined|Set1|Draw2|col5,E,combined,1,3,1,2,5,1,5592407,7,6,False,4,9,10,10
Michigan4,LS1,Combined,Set1,Draw2,5,col5,Combined|Set1|Draw2|col5,E,combined,1,3,1,2,5,2,559240,6,5,False,4,9,10,10
Michigan4,LS1,Combined,Set1,Draw2,5,col5,Combined|Set1|Draw2|col5,E,combined,1,3,1,2,5,3,55240,5,4,False,4,9,10,10
Michigan4,LS1,Combined,Set1,Draw2,5,col5,Combined|Set1|Draw2|col5,E,combined,1,3,1,2,5,4,5520,4,3,True,4,9,10,10
Michigan4,LS1,Combined,Set1,Draw2,5,col5,Combined|Set1|Draw2|col5,E,combined,1,3,1,2,5,5,520,3,3,True,4,9,10,10
Michigan4,LS1,Combined,Set1,Draw2,5,col5,Combined|Set1|Draw2|col5,E,combined,1,3,1,2,5,6,20,2,2,True,4,9,10,10
Michigan4,LS1,Combined,Set1,Draw2,5,col5,Combined|Set1|Draw2|col5,E,combined,1,3,1,2,5,7,2,1,1,True,4,9,10,10
Michigan4,LS1,Combined,Set1,Draw2,5,col5,Combined|Set1|Draw2|col5,E,combined,1,3,1,2,5,8,2,1,1,True,4,9,10,10
Michigan4,LS1,Combined,Set1,Draw2,5,col5,Combined|Set1|Draw2|col5,E,combined,1,3,1,2,5,9,,0,0,False,4,9,10,10
Michigan4,LS1,Combined,Set1,Draw2,5,col5,Combined|Set1|Draw2|col5,T,own,1,3,1,2,5,0,55924077,8,6,False,2,6,7,6
Michigan4,LS1,Combined,Set1,Draw2,5,col5,Combined|Set1|Draw2|col5,T,own,1,3,1,2,5,1,55940,5,4,False,2,6,7,6
Michigan4,LS1,Combined,Set1,Draw2,5,col5,Combined|Set1|Draw2|col5,T,own,1,3,1,2,5,2,550,3,2,True,2,6,7,6
Michigan4,LS1,Combined,Set1,Draw2,5,col5,Combined|Set1|Draw2|col5,T,own,1,3,1,2,5,3,0,1,1,True,2,6,7,6
Michigan4,LS1,Combined,Set1,Draw2,5,col5,Combined|Set1|Draw2|col5,T,own,1,3,1,2,5,4,0,1,1,True,2,6,7,6
Michigan4,LS1,Combined,Set1,Draw2,5,col5,Combined|Set1|Draw2|col5,T,own,1,3,1,2,5,6,,0,0,False,2,6,7,6
Michigan4,LS1,Combined,Set1,Draw2,5,col5,Combined|Set1|Draw2|col5,T,combined,1,3,1,2,5,0,55924077,8,6,False,3,11,12,8
Michigan4,LS1,Combined,Set1,Draw2,5,col5,Combined|Set1|Draw2|col5,T,combined,1,3,1,2,5,1,55940,5,4,False,3,11,12,8
Michigan4,LS1,Combined,Set1,Draw2,5,col5,Combined|Set1|Draw2|col5,T,combined,1,3,1,2,5,2,55940,5,4,False,3,11,12,8
Michigan4,LS1,Combined,Set1,Draw2,5,col5,Combined|Set1|Draw2|col5,T,combined,1,3,1,2,5,3,550,3,2,True,3,11,12,8
Michigan4,LS1,Combined,Set1,Draw2,5,col5,Combined|Set1|Draw2|col5,T,combined,1,3,1,2,5,4,550,3,2,True,3,11,12,8
Michigan4,LS1,Combined,Set1,Draw2,5,col5,Combined|Set1|Draw2|col5,T,combined,1,3,1,2,5,5,0,1,1,True,3,11,12,8
Michigan4,LS1,Combined,Set1,Draw2,5,col5,Combined|Set1|Draw2|col5,T,combined,1,3,1,2,5,6,0,1,1,True,3,11,12,8
Michigan4,LS1,Combined,Set1,Draw2,5,col5,Combined|Set1|Draw2|col5,T,combined,1,3,1,2,5,11,,0,0,False,3,11,12,8
Michigan4,LS1,Combined,Set1,Draw2,4,col4,Combined|Set1|Draw2|col4,A,own,1,3,1,2,4,0,5924077*,8,7,False,5,6,29,7
Michigan4,LS1,Combined,Set1,Draw2,4,col4,Combined|Set1|Draw2|col4,A,own,1,3,1,2,4,1,59240*,6,6,False,5,6,29,7
Michigan4,LS1,Combined,Set1,Draw2,4,col4,Combined|Set1|Draw2|col4,A,own,1,3,1,2,4,2,5240*,5,5,False,5,6,29,7
Michigan4,LS1,Combined,Set1,Draw2,4,col4,Combined|Set1|Draw2|col4,A,own,1,3,1,2,4,3,240*,4,4,False,5,6,29,7
Michigan4,LS1,Combined,Set1,Draw2,4,col4,Combined|Set1|Draw2|col4,A,own,1,3,1,2,4,4,240*,4,4,False,5,6,29,7
Michigan4,LS1,Combined,Set1,Draw2,4,col4,Combined|Set1|Draw2|col4,A,own,1,3,1,2,4,5,40*,3,3,True,5,6,29,7
Michigan4,LS1,Combined,Set1,Draw2,4,col4,Combined|Set1|Draw2|col4,A,own,1,3,1,2,4,6,*,1,1,True,5,6,29,7
Michigan4,LS1,Combined,Set1,Draw2,4,col4,Combined|Set1|Draw2|col4,A,combined,1,3,1,2,4,0,5924077*,8,7,False,9,11,57,12
Michigan4,LS1,Combined,Set1,Draw2,4,col4,Combined|Set1|Draw2|col4,A,combined,1,3,1,2,4,1,59240*,6,6,False,9,11,57,12
Michigan4,LS1,Combined,Set1,Draw2,4,col4,Combined|Set1|Draw2|col4,A,combined,1,3,1,2,4,2,59240*,6,6,False,9,11,57,12
Michigan4,LS1,Combined,Set1,Draw2,4,col4,Combined|Set1|Draw2|col4,A,combined,1,3,1,2,4,3,5240*,5,5,False,9,11,57,12
Michigan4,LS1,Combined,Set1,Draw2,4,col4,Combined|Set1|Draw2|col4,A,combined,1,3,1,2,4,4,5240*,5,5,False,9,11,57,12
Michigan4,LS1,Combined,Set1,Draw2,4,col4,Combined|Set1|Draw2|col4,A,combined,1,3,1,2,4,5,240*,4,4,False,9,11,57,12
Michigan4,LS1,Combined,Set1,Draw2,4,col4,Combined|Set1|Draw2|col4,A,combined,1,3,1,2,4,6,240*,4,4,False,9,11,57,12
Michigan4,LS1,Combined,Set1,Draw2,4,col4,Combined|Set1|Draw2|col4,A,combined,1,3,1,2,4,7,240*,4,4,False,9,11,57,12
Michigan4,LS1,Combined,Set1,Draw2,4,col4,Combined|Set1|Draw2|col4,A,combined,1,3,1,2,4,8,240*,4,4,False,9,11,57,12
Michigan4,LS1,Combined,Set1,Draw2,4,col4,Combined|Set1|Draw2|col4,A,combined,1,3,1,2,4,9,40*,3,3,True,9,11,57,12
Michigan4,LS1,Combined,Set1,Draw2,4,col4,Combined|Set1|Draw2|col4,A,combined,1,3,1,2,4,10,40*,3,3,True,9,11,57,12
Michigan4,LS1,Combined,Set1,Draw2,4,col4,Combined|Set1|Draw2|col4,A,combined,1,3,1,2,4,11,*,1,1,True,9,11,57,12
Michigan4,LS1,Combined,Set1,Draw2,4,col4,Combined|Set1|Draw2|col4,B,own,1,3,1,2,4,0,5924077*,8,7,False,4,6,29,7
Michigan4,LS1,Combined,Set1,Draw2,4,col4,Combined|Set1|Draw2|col4,B,own,1,3,1,2,4,1,59240*,6,6,False,4,6,29,7
Michigan4,LS1,Combined,Set1,Draw2,4,col4,Combined|Set1|Draw2|col4,B,own,1,3,1,2,4,2,5240*,5,5,False,4,6,29,7
Michigan4,LS1,Combined,Set1,Draw2,4,col4,Combined|Set1|Draw2|col4,B,own,1,3,1,2,4,3,240*,4,4,False,4,6,29,7
Michigan4,LS1,Combined,Set1,Draw2,4,col4,Combined|Set1|Draw2|col4,B,own,1,3,1,2,4,4,24*,3,3,True,4,6,29,7
Michigan4,LS1,Combined,Set1,Draw2,4,col4,Combined|Set1|Draw2|col4,B,own,1,3,1,2,4,5,4*,2,2,True,4,6,29,7
Michigan4,LS1,Combined,Set1,Draw2,4,col4,Combined|Set1|Draw2|col4,B,own,1,3,1,2,4,6,*,1,1,True,4,6,29,7
Michigan4,LS1,Combined,Set1,Draw2,4,col4,Combined|Set1|Draw2|col4,B,combined,1,3,1,2,4,0,5924077*,8,7,False,4,6,57,7
Michigan4,LS1,Combined,Set1,Draw2,4,col4,Combined|Set1|Draw2|col4,B,combined,1,3,1,2,4,1,59240*,6,6,False,4,6,57,7
Michigan4,LS1,Combined,Set1,Draw2,4,col4,Combined|Set1|Draw2|col4,B,combined,1,3,1,2,4,2,5940*,5,5,False,4,6,57,7
Michigan4,LS1,Combined,Set1,Draw2,4,col4,Combined|Set1|Draw2|col4,B,combined,1,3,1,2,4,3,540*,4,4,False,4,6,57,7
Michigan4,LS1,Combined,Set1,Draw2,4,col4,Combined|Set1|Draw2|col4,B,combined,1,3,1,2,4,4,50*,3,3,True,4,6,57,7
Michigan4,LS1,Combined,Set1,Draw2,4,col4,Combined|Set1|Draw2|col4,B,combined,1,3,1,2,4,5,0*,2,2,True,4,6,57,7
Michigan4,LS1,Combined,Set1,Draw2,4,col4,Combined|Set1|Draw2|col4,B,combined,1,3,1,2,4,6,*,1,1,True,4,6,57,7
Michigan4,LS1,Combined,Set1,Draw2,4,col4,Combined|Set1|Draw2|col4,C,own,1,3,1,2,4,0,5924077*,8,7,False,2,3,29,4
Michigan4,LS1,Combined,Set1,Draw2,4,col4,Combined|Set1|Draw2|col4,C,own,1,3,1,2,4,1,5940*,5,5,False,2,3,29,4
Michigan4,LS1,Combined,Set1,Draw2,4,col4,Combined|Set1|Draw2|col4,C,own,1,3,1,2,4,2,50*,3,3,True,2,3,29,4
Michigan4,LS1,Combined,Set1,Draw2,4,col4,Combined|Set1|Draw2|col4,C,own,1,3,1,2,4,3,*,1,1,True,2,3,29,4
Michigan4,LS1,Combined,Set1,Draw2,4,col4,Combined|Set1|Draw2|col4,C,combined,1,3,1,2,4,0,5924077*,8,7,False,3,5,57,6
Michigan4,LS1,Combined,Set1,Draw2,4,col4,Combined|Set1|Draw2|col4,C,combined,1,3,1,2,4,1,5940*,5,5,False,3,5,57,6
Michigan4,LS1,Combined,Set1,Draw2,4,col4,Combined|Set1|Draw2|col4,C,combined,1,3,1,2,4,2,5940*,5,5,False,3,5,57,6
Michigan4,LS1,Combined,Set1,Draw2,4,col4,Combined|Set1|Draw2|col4,C,combined,1,3,1,2,4,3,50*,3,3,True,3,5,57,6
Michigan4,LS1,Combined,Set1,Draw2,4,col4,Combined|Set1|Draw2|col4,C,combined,1,3,1,2,4,4,50*,3,3,True,3,5,57,6
Michigan4,LS1,Combined,Set1,Draw2,4,col4,Combined|Set1|Draw2|col4,C,combined,1,3,1,2,4,5,*,1,1,True,3,5,57,6
Michigan4,LS1,Combined,Set1,Draw2,4,col4,Combined|Set1|Draw2|col4,D,own,1,3,1,2,4,0,5924077*,8,7,False,2,3,29,4
Michigan4,LS1,Combined,Set1,Draw2,4,col4,Combined|Set1|Draw2|col4,D,own,1,3,1,2,4,1,5940*,5,5,False,2,3,29,4
Michigan4,LS1,Combined,Set1,Draw2,4,col4,Combined|Set1|Draw2|col4,D,own,1,3,1,2,4,2,50*,3,3,True,2,3,29,4
Michigan4,LS1,Combined,Set1,Draw2,4,col4,Combined|Set1|Draw2|col4,D,own,1,3,1,2,4,3,*,1,1,True,2,3,29,4
Michigan4,LS1,Combined,Set1,Draw2,4,col4,Combined|Set1|Draw2|col4,D,combined,1,3,1,2,4,0,5924077*,8,7,False,3,5,57,6
Michigan4,LS1,Combined,Set1,Draw2,4,col4,Combined|Set1|Draw2|col4,D,combined,1,3,1,2,4,1,5940*,5,5,False,3,5,57,6
Michigan4,LS1,Combined,Set1,Draw2,4,col4,Combined|Set1|Draw2|col4,D,combined,1,3,1,2,4,2,5940*,5,5,False,3,5,57,6
Michigan4,LS1,Combined,Set1,Draw2,4,col4,Combined|Set1|Draw2|col4,D,combined,1,3,1,2,4,3,50*,3,3,True,3,5,57,6
Michigan4,LS1,Combined,Set1,Draw2,4,col4,Combined|Set1|Draw2|col4,D,combined,1,3,1,2,4,4,50*,3,3,True,3,5,57,6
Michigan4,LS1,Combined,Set1,Draw2,4,col4,Combined|Set1|Draw2|col4,D,combined,1,3,1,2,4,5,*,1,1,True,3,5,57,6
Michigan4,LS1,Combined,Set1,Draw2,4,col4,Combined|Set1|Draw2|col4,E,own,1,3,1,2,4,0,5924077*,8,7,False,5,8,29,9
Michigan4,LS1,Combined,Set1,Draw2,4,col4,Combined|Set1|Draw2|col4,E,own,1,3,1,2,4,1,592407*,7,7,False,5,8,29,9
Michigan4,LS1,Combined,Set1,Draw2,4,col4,Combined|Set1|Draw2|col4,E,own,1,3,1,2,4,2,52407*,6,6,False,5,8,29,9
Michigan4,LS1,Combined,Set1,Draw2,4,col4,Combined|Set1|Draw2|col4,E,own,1,3,1,2,4,3,2407*,5,5,False,5,8,29,9
Michigan4,LS1,Combined,Set1,Draw2,4,col4,Combined|Set1|Draw2|col4,E,own,1,3,1,2,4,4,247*,4,4,False,5,8,29,9
Michigan4,LS1,Combined,Set1,Draw2,4,col4,Combined|Set1|Draw2|col4,E,own,1,3,1,2,4,5,47*,3,3,True,5,8,29,9
Michigan4,LS1,Combined,Set1,Draw2,4,col4,Combined|Set1|Draw2|col4,E,own,1,3,1,2,4,6,7*,2,2,True,5,8,29,9
Michigan4,LS1,Combined,Set1,Draw2,4,col4,Combined|Set1|Draw2|col4,E,own,1,3,1,2,4,7,7*,2,2,True,5,8,29,9
Michigan4,LS1,Combined,Set1,Draw2,4,col4,Combined|Set1|Draw2|col4,E,own,1,3,1,2,4,8,*,1,1,True,5,8,29,9
Michigan4,LS1,Combined,Set1,Draw2,4,col4,Combined|Set1|Draw2|col4,E,combined,1,3,1,2,4,0,5924077*,8,7,False,5,9,57,9
Michigan4,LS1,Combined,Set1,Draw2,4,col4,Combined|Set1|Draw2|col4,E,combined,1,3,1,2,4,1,592407*,7,7,False,5,9,57,9
Michigan4,LS1,Combined,Set1,Draw2,4,col4,Combined|Set1|Draw2|col4,E,combined,1,3,1,2,4,2,59240*,6,6,False,5,9,57,9
Michigan4,LS1,Combined,Set1,Draw2,4,col4,Combined|Set1|Draw2|col4,E,combined,1,3,1,2,4,3,5240*,5,5,False,5,9,57,9
Michigan4,LS1,Combined,Set1,Draw2,4,col4,Combined|Set1|Draw2|col4,E,combined,1,3,1,2,4,4,520*,4,4,False,5,9,57,9
Michigan4,LS1,Combined,Set1,Draw2,4,col4,Combined|Set1|Draw2|col4,E,combined,1,3,1,2,4,5,20*,3,3,True,5,9,57,9
Michigan4,LS1,Combined,Set1,Draw2,4,col4,Combined|Set1|Draw2|col4,E,combined,1,3,1,2,4,6,2*,2,2,True,5,9,57,9
Michigan4,LS1,Combined,Set1,Draw2,4,col4,Combined|Set1|Draw2|col4,E,combined,1,3,1,2,4,7,2*,2,2,True,5,9,57,9
Michigan4,LS1,Combined,Set1,Draw2,4,col4,Combined|Set1|Draw2|col4,E,combined,1,3,1,2,4,9,*,1,1,True,5,9,57,9
Michigan4,LS1,Combined,Set1,Draw2,4,col4,Combined|Set1|Draw2|col4,T,own,1,3,1,2,4,0,5924077*,8,7,False,2,6,29,6
Michigan4,LS1,Combined,Set1,Draw2,4,col4,Combined|Set1|Draw2|col4,T,own,1,3,1,2,4,1,5940*,5,5,False,2,6,29,6
Michigan4,LS1,Combined,Set1,Draw2,4,col4,Combined|Set1|Draw2|col4,T,own,1,3,1,2,4,2,50*,3,3,True,2,6,29,6
Michigan4,LS1,Combined,Set1,Draw2,4,col4,Combined|Set1|Draw2|col4,T,own,1,3,1,2,4,3,0*,2,2,True,2,6,29,6
Michigan4,LS1,Combined,Set1,Draw2,4,col4,Combined|Set1|Draw2|col4,T,own,1,3,1,2,4,4,0*,2,2,True,2,6,29,6
Michigan4,LS1,Combined,Set1,Draw2,4,col4,Combined|Set1|Draw2|col4,T,own,1,3,1,2,4,6,*,1,1,True,2,6,29,6
Michigan4,LS1,Combined,Set1,Draw2,4,col4,Combined|Set1|Draw2|col4,T,combined,1,3,1,2,4,0,5924077*,8,7,False,3,11,57,8
Michigan4,LS1,Combined,Set1,Draw2,4,col4,Combined|Set1|Draw2|col4,T,combined,1,3,1,2,4,1,5940*,5,5,False,3,11,57,8
Michigan4,LS1,Combined,Set1,Draw2,4,col4,Combined|Set1|Draw2|col4,T,combined,1,3,1,2,4,2,5940*,5,5,False,3,11,57,8
Michigan4,LS1,Combined,Set1,Draw2,4,col4,Combined|Set1|Draw2|col4,T,combined,1,3,1,2,4,3,50*,3,3,True,3,11,57,8
Michigan4,LS1,Combined,Set1,Draw2,4,col4,Combined|Set1|Draw2|col4,T,combined,1,3,1,2,4,4,50*,3,3,True,3,11,57,8
Michigan4,LS1,Combined,Set1,Draw2,4,col4,Combined|Set1|Draw2|col4,T,combined,1,3,1,2,4,5,0*,2,2,True,3,11,57,8
Michigan4,LS1,Combined,Set1,Draw2,4,col4,Combined|Set1|Draw2|col4,T,combined,1,3,1,2,4,6,0*,2,2,True,3,11,57,8
Michigan4,LS1,Combined,Set1,Draw2,4,col4,Combined|Set1|Draw2|col4,T,combined,1,3,1,2,4,11,*,1,1,True,3,11,57,8
Michigan4,LS1,Combined,Set1,Draw3,5,col5,Combined|Set1|Draw3|col5,A,own,1,3,1,3,5,0,55924018677,11,9,False,5,6,7,7
Michigan4,LS1,Combined,Set1,Draw3,5,col5,Combined|Set1|Draw3|col5,A,own,1,3,1,3,5,1,55924086,8,7,False,5,6,7,7
Michigan4,LS1,Combined,Set1,Draw3,5,col5,Combined|Set1|Draw3|col5,A,own,1,3,1,3,5,2,5524086,7,6,False,5,6,7,7
Michigan4,LS1,Combined,Set1,Draw3,5,col5,Combined|Set1|Draw3|col5,A,own,1,3,1,3,5,3,2408,4,4,False,5,6,7,7
Michigan4,LS1,Combined,Set1,Draw3,5,col5,Combined|Set1|Draw3|col5,A,own,1,3,1,3,5,4,2408,4,4,False,5,6,7,7
Michigan4,LS1,Combined,Set1,Draw3,5,col5,Combined|Set1|Draw3|col5,A,own,1,3,1,3,5,5,408,3,3,True,5,6,7,7
Michigan4,LS1,Combined,Set1,Draw3,5,col5,Combined|Set1|Draw3|col5,A,own,1,3,1,3,5,6,,0,0,False,5,6,7,7
Michigan4,LS1,Combined,Set1,Draw3,5,col5,Combined|Set1|Draw3|col5,A,combined,1,3,1,3,5,0,55924018677,11,9,False,9,11,12,12
Michigan4,LS1,Combined,Set1,Draw3,5,col5,Combined|Set1|Draw3|col5,A,combined,1,3,1,3,5,1,55924086,8,7,False,9,11,12,12
Michigan4,LS1,Combined,Set1,Draw3,5,col5,Combined|Set1|Draw3|col5,A,combined,1,3,1,3,5,2,55924086,8,7,False,9,11,12,12
Michigan4,LS1,Combined,Set1,Draw3,5,col5,Combined|Set1|Draw3|col5,A,combined,1,3,1,3,5,3,5524086,7,6,False,9,11,12,12
Michigan4,LS1,Combined,Set1,Draw3,5,col5,Combined|Set1|Draw3|col5,A,combined,1,3,1,3,5,4,5524086,7,6,False,9,11,12,12
Michigan4,LS1,Combined,Set1,Draw3,5,col5,Combined|Set1|Draw3|col5,A,combined,1,3,1,3,5,5,2408,4,4,False,9,11,12,12
Michigan4,LS1,Combined,Set1,Draw3,5,col5,Combined|Set1|Draw3|col5,A,combined,1,3,1,3,5,6,2408,4,4,False,9,11,12,12
Michigan4,LS1,Combined,Set1,Draw3,5,col5,Combined|Set1|Draw3|col5,A,combined,1,3,1,3,5,7,2408,4,4,False,9,11,12,12
Michigan4,LS1,Combined,Set1,Draw3,5,col5,Combined|Set1|Draw3|col5,A,combined,1,3,1,3,5,8,2408,4,4,False,9,11,12,12
Michigan4,LS1,Combined,Set1,Draw3,5,col5,Combined|Set1|Draw3|col5,A,combined,1,3,1,3,5,9,408,3,3,True,9,11,12,12
Michigan4,LS1,Combined,Set1,Draw3,5,col5,Combined|Set1|Draw3|col5,A,combined,1,3,1,3,5,10,408,3,3,True,9,11,12,12
Michigan4,LS1,Combined,Set1,Draw3,5,col5,Combined|Set1|Draw3|col5,A,combined,1,3,1,3,5,11,,0,0,False,9,11,12,12
Michigan4,LS1,Combined,Set1,Draw3,5,col5,Combined|Set1|Draw3|col5,B,own,1,3,1,3,5,0,55924018677,11,9,False,3,6,7,7
Michigan4,LS1,Combined,Set1,Draw3,5,col5,Combined|Set1|Draw3|col5,B,own,1,3,1,3,5,1,5592408,7,6,False,3,6,7,7
Michigan4,LS1,Combined,Set1,Draw3,5,col5,Combined|Set1|Draw3|col5,B,own,1,3,1,3,5,2,55240,5,4,False,3,6,7,7
Michigan4,LS1,Combined,Set1,Draw3,5,col5,Combined|Set1|Draw3|col5,B,own,1,3,1,3,5,3,240,3,3,True,3,6,7,7
Michigan4,LS1,Combined,Set1,Draw3,5,col5,Combined|Set1|Draw3|col5,B,own,1,3,1,3,5,4,24,2,2,True,3,6,7,7
Michigan4,LS1,Combined,Set1,Draw3,5,col5,Combined|Set1|Draw3|col5,B,own,1,3,1,3,5,5,4,1,1,True,3,6,7,7
Michigan4,LS1,Combined,Set1,Draw3,5,col5,Combined|Set1|Draw3|col5,B,own,1,3,1,3,5,6,,0,0,False,3,6,7,7
Michigan4,LS1,Combined,Set1,Draw3,5,col5,Combined|Set1|Draw3|col5,B,combined,1,3,1,3,5,0,55924018677,11,9,False,3,6,7,7
Michigan4,LS1,Combined,Set1,Draw3,5,col5,Combined|Set1|Draw3|col5,B,combined,1,3,1,3,5,1,5592408,7,6,False,3,6,7,7
Michigan4,LS1,Combined,Set1,Draw3,5,col5,Combined|Set1|Draw3|col5,B,combined,1,3,1,3,5,2,559408,6,5,False,3,6,7,7
Michigan4,LS1,Combined,Set1,Draw3,5,col5,Combined|Set1|Draw3|col5,B,combined,1,3,1,3,5,3,5540,4,3,True,3,6,7,7
Michigan4,LS1,Combined,Set1,Draw3,5,col5,Combined|Set1|Draw3|col5,B,combined,1,3,1,3,5,4,550,3,2,True,3,6,7,7
Michigan4,LS1,Combined,Set1,Draw3,5,col5,Combined|Set1|Draw3|col5,B,combined,1,3,1,3,5,5,0,1,1,True,3,6,7,7
Michigan4,LS1,Combined,Set1,Draw3,5,col5,Combined|Set1|Draw3|col5,B,combined,1,3,1,3,5,6,,0,0,False,3,6,7,7
Michigan4,LS1,Combined,Set1,Draw3,5,col5,Combined|Set1|Draw3|col5,C,own,1,3,1,3,5,0,55924018677,11,9,False,2,3,4,4
Michigan4,LS1,Combined,Set1,Draw3,5,col5,Combined|Set1|Draw3|col5,C,own,1,3,1,3,5,1,559408,6,5,False,2,3,4,4
Michigan4,LS1,Combined,Set1,Draw3,5,col5,Combined|Set1|Draw3|col5,C,own,1,3,1,3,5,2,550,3,2,True,2,3,4,4
Michigan4,LS1,Combined,Set1,Draw3,5,col5,Combined|Set1|Draw3|col5,C,own,1,3,1,3,5,3,,0,0,False,2,3,4,4
Michigan4,LS1,Combined,Set1,Draw3,5,col5,Combined|Set1|Draw3|col5,C,combined,1,3,1,3,5,0,55924018677,11,9,False,3,5,6,6
Michigan4,LS1,Combined,Set1,Draw3,5,col5,Combined|Set1|Draw3|col5,C,combined,1,3,1,3,5,1,559408,6,5,False,3,5,6,6
Michigan4,LS1,Combined,Set1,Draw3,5,col5,Combined|Set1|Draw3|col5,C,combined,1,3,1,3,5,2,559408,6,5,False,3,5,6,6
Michigan4,LS1,Combined,Set1,Draw3,5,col5,Combined|Set1|Draw3|col5,C,combined,1,3,1,3,5,3,550,3,2,True,3,5,6,6
Michigan4,LS1,Combined,Set1,Draw3,5,col5,Combined|Set1|Draw3|col5,C,combined,1,3,1,3,5,4,550,3,2,True,3,5,6,6
Michigan4,LS1,Combined,Set1,Draw3,5,col5,Combined|Set1|Draw3|col5,C,combined,1,3,1,3,5,5,,0,0,False,3,5,6,6
Michigan4,LS1,Combined,Set1,Draw3,5,col5,Combined|Set1|Draw3|col5,D,own,1,3,1,3,5,0,55924018677,11,9,False,2,3,4,4
Michigan4,LS1,Combined,Set1,Draw3,5,col5,Combined|Set1|Draw3|col5,D,own,1,3,1,3,5,1,559408,6,5,False,2,3,4,4
Michigan4,LS1,Combined,Set1,Draw3,5,col5,Combined|Set1|Draw3|col5,D,own,1,3,1,3,5,2,550,3,2,True,2,3,4,4
Michigan4,LS1,Combined,Set1,Draw3,5,col5,Combined|Set1|Draw3|col5,D,own,1,3,1,3,5,3,,0,0,False,2,3,4,4
Michigan4,LS1,Combined,Set1,Draw3,5,col5,Combined|Set1|Draw3|col5,D,combined,1,3,1,3,5,0,55924018677,11,9,False,3,5,6,6
Michigan4,LS1,Combined,Set1,Draw3,5,col5,Combined|Set1|Draw3|col5,D,combined,1,3,1,3,5,1,559408,6,5,False,3,5,6,6
Michigan4,LS1,Combined,Set1,Draw3,5,col5,Combined|Set1|Draw3|col5,D,combined,1,3,1,3,5,2,559408,6,5,False,3,5,6,6
Michigan4,LS1,Combined,Set1,Draw3,5,col5,Combined|Set1|Draw3|col5,D,combined,1,3,1,3,5,3,550,3,2,True,3,5,6,6
Michigan4,LS1,Combined,Set1,Draw3,5,col5,Combined|Set1|Draw3|col5,D,combined,1,3,1,3,5,4,550,3,2,True,3,5,6,6
Michigan4,LS1,Combined,Set1,Draw3,5,col5,Combined|Set1|Draw3|col5,D,combined,1,3,1,3,5,5,,0,0,False,3,5,6,6
Michigan4,LS1,Combined,Set1,Draw3,5,col5,Combined|Set1|Draw3|col5,E,own,1,3,1,3,5,0,55924018677,11,9,False,5,8,9,9
Michigan4,LS1,Combined,Set1,Draw3,5,col5,Combined|Set1|Draw3|col5,E,own,1,3,1,3,5,1,55924087,8,7,False,5,8,9,9
Michigan4,LS1,Combined,Set1,Draw3,5,col5,Combined|Set1|Draw3|col5,E,own,1,3,1,3,5,2,552407,6,5,False,5,8,9,9
Michigan4,LS1,Combined,Set1,Draw3,5,col5,Combined|Set1|Draw3|col5,E,own,1,3,1,3,5,3,52407,5,5,False,5,8,9,9
Michigan4,LS1,Combined,Set1,Draw3,5,col5,Combined|Set1|Draw3|col5,E,own,1,3,1,3,5,4,2407,4,4,False,5,8,9,9
Michigan4,LS1,Combined,Set1,Draw3,5,col5,Combined|Set1|Draw3|col5,E,own,1,3,1,3,5,5,407,3,3,True,5,8,9,9
Michigan4,LS1,Combined,Set1,Draw3,5,col5,Combined|Set1|Draw3|col5,E,own,1,3,1,3,5,6,7,1,1,True,5,8,9,9
Michigan4,LS1,Combined,Set1,Draw3,5,col5,Combined|Set1|Draw3|col5,E,own,1,3,1,3,5,7,7,1,1,True,5,8,9,9
Michigan4,LS1,Combined,Set1,Draw3,5,col5,Combined|Set1|Draw3|col5,E,own,1,3,1,3,5,8,,0,0,False,5,8,9,9
Michigan4,LS1,Combined,Set1,Draw3,5,col5,Combined|Set1|Draw3|col5,E,combined,1,3,1,3,5,0,55924018677,11,9,False,4,9,10,10
Michigan4,LS1,Combined,Set1,Draw3,5,col5,Combined|Set1|Draw3|col5,E,combined,1,3,1,3,5,1,55924087,8,7,False,4,9,10,10
Michigan4,LS1,Combined,Set1,Draw3,5,col5,Combined|Set1|Draw3|col5,E,combined,1,3,1,3,5,2,5592408,7,6,False,4,9,10,10
Michigan4,LS1,Combined,Set1,Draw3,5,col5,Combined|Set1|Draw3|col5,E,combined,1,3,1,3,5,3,55240,5,4,False,4,9,10,10
Michigan4,LS1,Combined,Set1,Draw3,5,col5,Combined|Set1|Draw3|col5,E,combined,1,3,1,3,5,4,5520,4,3,True,4,9,10,10
Michigan4,LS1,Combined,Set1,Draw3,5,col5,Combined|Set1|Draw3|col5,E,combined,1,3,1,3,5,5,520,3,3,True,4,9,10,10
Michigan4,LS1,Combined,Set1,Draw3,5,col5,Combined|Set1|Draw3|col5,E,combined,1,3,1,3,5,6,20,2,2,True,4,9,10,10
Michigan4,LS1,Combined,Set1,Draw3,5,col5,Combined|Set1|Draw3|col5,E,combined,1,3,1,3,5,7,2,1,1,True,4,9,10,10
Michigan4,LS1,Combined,Set1,Draw3,5,col5,Combined|Set1|Draw3|col5,E,combined,1,3,1,3,5,8,2,1,1,True,4,9,10,10
Michigan4,LS1,Combined,Set1,Draw3,5,col5,Combined|Set1|Draw3|col5,E,combined,1,3,1,3,5,9,,0,0,False,4,9,10,10
Michigan4,LS1,Combined,Set1,Draw3,5,col5,Combined|Set1|Draw3|col5,T,own,1,3,1,3,5,0,55924018677,11,9,False,2,6,7,6
Michigan4,LS1,Combined,Set1,Draw3,5,col5,Combined|Set1|Draw3|col5,T,own,1,3,1,3,5,1,559408,6,5,False,2,6,7,6
Michigan4,LS1,Combined,Set1,Draw3,5,col5,Combined|Set1|Draw3|col5,T,own,1,3,1,3,5,2,550,3,2,True,2,6,7,6
Michigan4,LS1,Combined,Set1,Draw3,5,col5,Combined|Set1|Draw3|col5,T,own,1,3,1,3,5,3,0,1,1,True,2,6,7,6
Michigan4,LS1,Combined,Set1,Draw3,5,col5,Combined|Set1|Draw3|col5,T,own,1,3,1,3,5,4,0,1,1,True,2,6,7,6
Michigan4,LS1,Combined,Set1,Draw3,5,col5,Combined|Set1|Draw3|col5,T,own,1,3,1,3,5,6,,0,0,False,2,6,7,6
Michigan4,LS1,Combined,Set1,Draw3,5,col5,Combined|Set1|Draw3|col5,T,combined,1,3,1,3,5,0,55924018677,11,9,False,3,11,12,8
Michigan4,LS1,Combined,Set1,Draw3,5,col5,Combined|Set1|Draw3|col5,T,combined,1,3,1,3,5,1,559408,6,5,False,3,11,12,8
Michigan4,LS1,Combined,Set1,Draw3,5,col5,Combined|Set1|Draw3|col5,T,combined,1,3,1,3,5,2,559408,6,5,False,3,11,12,8
Michigan4,LS1,Combined,Set1,Draw3,5,col5,Combined|Set1|Draw3|col5,T,combined,1,3,1,3,5,3,550,3,2,True,3,11,12,8
Michigan4,LS1,Combined,Set1,Draw3,5,col5,Combined|Set1|Draw3|col5,T,combined,1,3,1,3,5,4,550,3,2,True,3,11,12,8
Michigan4,LS1,Combined,Set1,Draw3,5,col5,Combined|Set1|Draw3|col5,T,combined,1,3,1,3,5,5,0,1,1,True,3,11,12,8
Michigan4,LS1,Combined,Set1,Draw3,5,col5,Combined|Set1|Draw3|col5,T,combined,1,3,1,3,5,6,0,1,1,True,3,11,12,8
Michigan4,LS1,Combined,Set1,Draw3,5,col5,Combined|Set1|Draw3|col5,T,combined,1,3,1,3,5,11,,0,0,False,3,11,12,8
Michigan4,LS1,Combined,Set1,Draw3,4,col4,Combined|Set1|Draw3|col4,A,own,1,3,1,3,4,0,59240877,8,7,False,5,6,7,7
Michigan4,LS1,Combined,Set1,Draw3,4,col4,Combined|Set1|Draw3|col4,A,own,1,3,1,3,4,1,592408,6,6,False,5,6,7,7
Michigan4,LS1,Combined,Set1,Draw3,4,col4,Combined|Set1|Draw3|col4,A,own,1,3,1,3,4,2,52408,5,5,False,5,6,7,7
Michigan4,LS1,Combined,Set1,Draw3,4,col4,Combined|Set1|Draw3|col4,A,own,1,3,1,3,4,3,2408,4,4,False,5,6,7,7
Michigan4,LS1,Combined,Set1,Draw3,4,col4,Combined|Set1|Draw3|col4,A,own,1,3,1,3,4,4,2408,4,4,False,5,6,7,7
Michigan4,LS1,Combined,Set1,Draw3,4,col4,Combined|Set1|Draw3|col4,A,own,1,3,1,3,4,5,408,3,3,True,5,6,7,7
Michigan4,LS1,Combined,Set1,Draw3,4,col4,Combined|Set1|Draw3|col4,A,own,1,3,1,3,4,6,,0,0,False,5,6,7,7
Michigan4,LS1,Combined,Set1,Draw3,4,col4,Combined|Set1|Draw3|col4,A,combined,1,3,1,3,4,0,59240877,8,7,False,9,11,12,12
Michigan4,LS1,Combined,Set1,Draw3,4,col4,Combined|Set1|Draw3|col4,A,combined,1,3,1,3,4,1,592408,6,6,False,9,11,12,12
Michigan4,LS1,Combined,Set1,Draw3,4,col4,Combined|Set1|Draw3|col4,A,combined,1,3,1,3,4,2,592408,6,6,False,9,11,12,12
Michigan4,LS1,Combined,Set1,Draw3,4,col4,Combined|Set1|Draw3|col4,A,combined,1,3,1,3,4,3,52408,5,5,False,9,11,12,12
Michigan4,LS1,Combined,Set1,Draw3,4,col4,Combined|Set1|Draw3|col4,A,combined,1,3,1,3,4,4,52408,5,5,False,9,11,12,12
Michigan4,LS1,Combined,Set1,Draw3,4,col4,Combined|Set1|Draw3|col4,A,combined,1,3,1,3,4,5,2408,4,4,False,9,11,12,12
Michigan4,LS1,Combined,Set1,Draw3,4,col4,Combined|Set1|Draw3|col4,A,combined,1,3,1,3,4,6,2408,4,4,False,9,11,12,12
Michigan4,LS1,Combined,Set1,Draw3,4,col4,Combined|Set1|Draw3|col4,A,combined,1,3,1,3,4,7,2408,4,4,False,9,11,12,12
Michigan4,LS1,Combined,Set1,Draw3,4,col4,Combined|Set1|Draw3|col4,A,combined,1,3,1,3,4,8,2408,4,4,False,9,11,12,12
Michigan4,LS1,Combined,Set1,Draw3,4,col4,Combined|Set1|Draw3|col4,A,combined,1,3,1,3,4,9,408,3,3,True,9,11,12,12
Michigan4,LS1,Combined,Set1,Draw3,4,col4,Combined|Set1|Draw3|col4,A,combined,1,3,1,3,4,10,408,3,3,True,9,11,12,12
Michigan4,LS1,Combined,Set1,Draw3,4,col4,Combined|Set1|Draw3|col4,A,combined,1,3,1,3,4,11,,0,0,False,9,11,12,12
Michigan4,LS1,Combined,Set1,Draw3,4,col4,Combined|Set1|Draw3|col4,B,own,1,3,1,3,4,0,59240877,8,7,False,3,6,7,7
Michigan4,LS1,Combined,Set1,Draw3,4,col4,Combined|Set1|Draw3|col4,B,own,1,3,1,3,4,1,592408,6,6,False,3,6,7,7
Michigan4,LS1,Combined,Set1,Draw3,4,col4,Combined|Set1|Draw3|col4,B,own,1,3,1,3,4,2,5240,4,4,False,3,6,7,7
Michigan4,LS1,Combined,Set1,Draw3,4,col4,Combined|Set1|Draw3|col4,B,own,1,3,1,3,4,3,240,3,3,True,3,6,7,7
Michigan4,LS1,Combined,Set1,Draw3,4,col4,Combined|Set1|Draw3|col4,B,own,1,3,1,3,4,4,24,2,2,True,3,6,7,7
Michigan4,LS1,Combined,Set1,Draw3,4,col4,Combined|Set1|Draw3|col4,B,own,1,3,1,3,4,5,4,1,1,True,3,6,7,7
Michigan4,LS1,Combined,Set1,Draw3,4,col4,Combined|Set1|Draw3|col4,B,own,1,3,1,3,4,6,,0,0,False,3,6,7,7
Michigan4,LS1,Combined,Set1,Draw3,4,col4,Combined|Set1|Draw3|col4,B,combined,1,3,1,3,4,0,59240877,8,7,False,3,6,7,7
Michigan4,LS1,Combined,Set1,Draw3,4,col4,Combined|Set1|Draw3|col4,B,combined,1,3,1,3,4,1,592408,6,6,False,3,6,7,7
Michigan4,LS1,Combined,Set1,Draw3,4,col4,Combined|Set1|Draw3|col4,B,combined,1,3,1,3,4,2,59408,5,5,False,3,6,7,7
Michigan4,LS1,Combined,Set1,Draw3,4,col4,Combined|Set1|Draw3|col4,B,combined,1,3,1,3,4,3,540,3,3,True,3,6,7,7
Michigan4,LS1,Combined,Set1,Draw3,4,col4,Combined|Set1|Draw3|col4,B,combined,1,3,1,3,4,4,50,2,2,True,3,6,7,7
Michigan4,LS1,Combined,Set1,Draw3,4,col4,Combined|Set1|Draw3|col4,B,combined,1,3,1,3,4,5,0,1,1,True,3,6,7,7
Michigan4,LS1,Combined,Set1,Draw3,4,col4,Combined|Set1|Draw3|col4,B,combined,1,3,1,3,4,6,,0,0,False,3,6,7,7
Michigan4,LS1,Combined,Set1,Draw3,4,col4,Combined|Set1|Draw3|col4,C,own,1,3,1,3,4,0,59240877,8,7,False,2,3,4,4
Michigan4,LS1,Combined,Set1,Draw3,4,col4,Combined|Set1|Draw3|col4,C,own,1,3,1,3,4,1,59408,5,5,False,2,3,4,4
Michigan4,LS1,Combined,Set1,Draw3,4,col4,Combined|Set1|Draw3|col4,C,own,1,3,1,3,4,2,50,2,2,True,2,3,4,4
Michigan4,LS1,Combined,Set1,Draw3,4,col4,Combined|Set1|Draw3|col4,C,own,1,3,1,3,4,3,,0,0,False,2,3,4,4
Michigan4,LS1,Combined,Set1,Draw3,4,col4,Combined|Set1|Draw3|col4,C,combined,1,3,1,3,4,0,59240877,8,7,False,3,5,6,6
Michigan4,LS1,Combined,Set1,Draw3,4,col4,Combined|Set1|Draw3|col4,C,combined,1,3,1,3,4,1,59408,5,5,False,3,5,6,6
Michigan4,LS1,Combined,Set1,Draw3,4,col4,Combined|Set1|Draw3|col4,C,combined,1,3,1,3,4,2,59408,5,5,False,3,5,6,6
Michigan4,LS1,Combined,Set1,Draw3,4,col4,Combined|Set1|Draw3|col4,C,combined,1,3,1,3,4,3,50,2,2,True,3,5,6,6
Michigan4,LS1,Combined,Set1,Draw3,4,col4,Combined|Set1|Draw3|col4,C,combined,1,3,1,3,4,4,50,2,2,True,3,5,6,6
Michigan4,LS1,Combined,Set1,Draw3,4,col4,Combined|Set1|Draw3|col4,C,combined,1,3,1,3,4,5,,0,0,False,3,5,6,6
Michigan4,LS1,Combined,Set1,Draw3,4,col4,Combined|Set1|Draw3|col4,D,own,1,3,1,3,4,0,59240877,8,7,False,2,3,4,4
Michigan4,LS1,Combined,Set1,Draw3,4,col4,Combined|Set1|Draw3|col4,D,own,1,3,1,3,4,1,59408,5,5,False,2,3,4,4
Michigan4,LS1,Combined,Set1,Draw3,4,col4,Combined|Set1|Draw3|col4,D,own,1,3,1,3,4,2,50,2,2,True,2,3,4,4
Michigan4,LS1,Combined,Set1,Draw3,4,col4,Combined|Set1|Draw3|col4,D,own,1,3,1,3,4,3,,0,0,False,2,3,4,4
Michigan4,LS1,Combined,Set1,Draw3,4,col4,Combined|Set1|Draw3|col4,D,combined,1,3,1,3,4,0,59240877,8,7,False,3,5,6,6
Michigan4,LS1,Combined,Set1,Draw3,4,col4,Combined|Set1|Draw3|col4,D,combined,1,3,1,3,4,1,59408,5,5,False,3,5,6,6
Michigan4,LS1,Combined,Set1,Draw3,4,col4,Combined|Set1|Draw3|col4,D,combined,1,3,1,3,4,2,59408,5,5,False,3,5,6,6
Michigan4,LS1,Combined,Set1,Draw3,4,col4,Combined|Set1|Draw3|col4,D,combined,1,3,1,3,4,3,50,2,2,True,3,5,6,6
Michigan4,LS1,Combined,Set1,Draw3,4,col4,Combined|Set1|Draw3|col4,D,combined,1,3,1,3,4,4,50,2,2,True,3,5,6,6
Michigan4,LS1,Combined,Set1,Draw3,4,col4,Combined|Set1|Draw3|col4,D,combined,1,3,1,3,4,5,,0,0,False,3,5,6,6
Michigan4,LS1,Combined,Set1,Draw3,4,col4,Combined|Set1|Draw3|col4,E,own,1,3,1,3,4,0,59240877,8,7,False,4,8,9,9
Michigan4,LS1,Combined,Set1,Draw3,4,col4,Combined|Set1|Draw3|col4,E,own,1,3,1,3,4,1,5924087,7,7,False,4,8,9,9
Michigan4,LS1,Combined,Set1,Draw3,4,col4,Combined|Set1|Draw3|col4,E,own,1,3,1,3,4,2,52407,5,5,False,4,8,9,9
Michigan4,LS1,Combined,Set1,Draw3,4,col4,Combined|Set1|Draw3|col4,E,own,1,3,1,3,4,3,2407,4,4,False,4,8,9,9
Michigan4,LS1,Combined,Set1,Draw3,4,col4,Combined|Set1|Draw3|col4,E,own,1,3,1,3,4,4,247,3,3,True,4,8,9,9
Michigan4,LS1,Combined,Set1,Draw3,4,col4,Combined|Set1|Draw3|col4,E,own,1,3,1,3,4,5,47,2,2,True,4,8,9,9
Michigan4,LS1,Combined,Set1,Draw3,4,col4,Combined|Set1|Draw3|col4,E,own,1,3,1,3,4,6,7,1,1,True,4,8,9,9
Michigan4,LS1,Combined,Set1,Draw3,4,col4,Combined|Set1|Draw3|col4,E,own,1,3,1,3,4,7,7,1,1,True,4,8,9,9
Michigan4,LS1,Combined,Set1,Draw3,4,col4,Combined|Set1|Draw3|col4,E,own,1,3,1,3,4,8,,0,0,False,4,8,9,9
Michigan4,LS1,Combined,Set1,Draw3,4,col4,Combined|Set1|Draw3|col4,E,combined,1,3,1,3,4,0,59240877,8,7,False,4,9,10,9
Michigan4,LS1,Combined,Set1,Draw3,4,col4,Combined|Set1|Draw3|col4,E,combined,1,3,1,3,4,1,5924087,7,7,False,4,9,10,9
Michigan4,LS1,Combined,Set1,Draw3,4,col4,Combined|Set1|Draw3|col4,E,combined,1,3,1,3,4,2,592408,6,6,False,4,9,10,9
Michigan4,LS1,Combined,Set1,Draw3,4,col4,Combined|Set1|Draw3|col4,E,combined,1,3,1,3,4,3,5240,4,4,False,4,9,10,9
Michigan4,LS1,Combined,Set1,Draw3,4,col4,Combined|Set1|Draw3|col4,E,combined,1,3,1,3,4,4,520,3,3,True,4,9,10,9
Michigan4,LS1,Combined,Set1,Draw3,4,col4,Combined|Set1|Draw3|col4,E,combined,1,3,1,3,4,5,20,2,2,True,4,9,10,9
Michigan4,LS1,Combined,Set1,Draw3,4,col4,Combined|Set1|Draw3|col4,E,combined,1,3,1,3,4,6,2,1,1,True,4,9,10,9
Michigan4,LS1,Combined,Set1,Draw3,4,col4,Combined|Set1|Draw3|col4,E,combined,1,3,1,3,4,7,2,1,1,True,4,9,10,9
Michigan4,LS1,Combined,Set1,Draw3,4,col4,Combined|Set1|Draw3|col4,E,combined,1,3,1,3,4,9,,0,0,False,4,9,10,9
Michigan4,LS1,Combined,Set1,Draw3,4,col4,Combined|Set1|Draw3|col4,T,own,1,3,1,3,4,0,59240877,8,7,False,2,6,7,6
Michigan4,LS1,Combined,Set1,Draw3,4,col4,Combined|Set1|Draw3|col4,T,own,1,3,1,3,4,1,59408,5,5,False,2,6,7,6
Michigan4,LS1,Combined,Set1,Draw3,4,col4,Combined|Set1|Draw3|col4,T,own,1,3,1,3,4,2,540,3,3,True,2,6,7,6
Michigan4,LS1,Combined,Set1,Draw3,4,col4,Combined|Set1|Draw3|col4,T,own,1,3,1,3,4,3,40,2,2,True,2,6,7,6
Michigan4,LS1,Combined,Set1,Draw3,4,col4,Combined|Set1|Draw3|col4,T,own,1,3,1,3,4,4,40,2,2,True,2,6,7,6
Michigan4,LS1,Combined,Set1,Draw3,4,col4,Combined|Set1|Draw3|col4,T,own,1,3,1,3,4,6,,0,0,False,2,6,7,6
Michigan4,LS1,Combined,Set1,Draw3,4,col4,Combined|Set1|Draw3|col4,T,combined,1,3,1,3,4,0,59240877,8,7,False,3,11,12,8
Michigan4,LS1,Combined,Set1,Draw3,4,col4,Combined|Set1|Draw3|col4,T,combined,1,3,1,3,4,1,59408,5,5,False,3,11,12,8
Michigan4,LS1,Combined,Set1,Draw3,4,col4,Combined|Set1|Draw3|col4,T,combined,1,3,1,3,4,2,59408,5,5,False,3,11,12,8
Michigan4,LS1,Combined,Set1,Draw3,4,col4,Combined|Set1|Draw3|col4,T,combined,1,3,1,3,4,3,540,3,3,True,3,11,12,8
Michigan4,LS1,Combined,Set1,Draw3,4,col4,Combined|Set1|Draw3|col4,T,combined,1,3,1,3,4,4,540,3,3,True,3,11,12,8
Michigan4,LS1,Combined,Set1,Draw3,4,col4,Combined|Set1|Draw3|col4,T,combined,1,3,1,3,4,5,40,2,2,True,3,11,12,8
Michigan4,LS1,Combined,Set1,Draw3,4,col4,Combined|Set1|Draw3|col4,T,combined,1,3,1,3,4,6,40,2,2,True,3,11,12,8
Michigan4,LS1,Combined,Set1,Draw3,4,col4,Combined|Set1|Draw3|col4,T,combined,1,3,1,3,4,11,,0,0,False,3,11,12,8
Michigan4,LS1,Combined,Set1,Draw3,3,col3,Combined|Set1|Draw3|col3,A,own,1,3,1,3,3,0,9240877*,8,7,False,6,6,29,7
Michigan4,LS1,Combined,Set1,Draw3,3,col3,Combined|Set1|Draw3|col3,A,own,1,3,1,3,3,1,92408*,6,6,False,6,6,29,7
Michigan4,LS1,Combined,Set1,Draw3,3,col3,Combined|Set1|Draw3|col3,A,own,1,3,1,3,3,2,2408*,5,5,False,6,6,29,7
Michigan4,LS1,Combined,Set1,Draw3,3,col3,Combined|Set1|Draw3|col3,A,own,1,3,1,3,3,3,2408*,5,5,False,6,6,29,7
Michigan4,LS1,Combined,Set1,Draw3,3,col3,Combined|Set1|Draw3|col3,A,own,1,3,1,3,3,4,2408*,5,5,False,6,6,29,7
Michigan4,LS1,Combined,Set1,Draw3,3,col3,Combined|Set1|Draw3|col3,A,own,1,3,1,3,3,5,408*,4,4,False,6,6,29,7
Michigan4,LS1,Combined,Set1,Draw3,3,col3,Combined|Set1|Draw3|col3,A,own,1,3,1,3,3,6,*,1,1,True,6,6,29,7
Michigan4,LS1,Combined,Set1,Draw3,3,col3,Combined|Set1|Draw3|col3,A,combined,1,3,1,3,3,0,9240877*,8,7,False,11,11,57,12
Michigan4,LS1,Combined,Set1,Draw3,3,col3,Combined|Set1|Draw3|col3,A,combined,1,3,1,3,3,1,92408*,6,6,False,11,11,57,12
Michigan4,LS1,Combined,Set1,Draw3,3,col3,Combined|Set1|Draw3|col3,A,combined,1,3,1,3,3,2,92408*,6,6,False,11,11,57,12
Michigan4,LS1,Combined,Set1,Draw3,3,col3,Combined|Set1|Draw3|col3,A,combined,1,3,1,3,3,3,2408*,5,5,False,11,11,57,12
Michigan4,LS1,Combined,Set1,Draw3,3,col3,Combined|Set1|Draw3|col3,A,combined,1,3,1,3,3,4,2408*,5,5,False,11,11,57,12
Michigan4,LS1,Combined,Set1,Draw3,3,col3,Combined|Set1|Draw3|col3,A,combined,1,3,1,3,3,5,2408*,5,5,False,11,11,57,12
Michigan4,LS1,Combined,Set1,Draw3,3,col3,Combined|Set1|Draw3|col3,A,combined,1,3,1,3,3,6,2408*,5,5,False,11,11,57,12
Michigan4,LS1,Combined,Set1,Draw3,3,col3,Combined|Set1|Draw3|col3,A,combined,1,3,1,3,3,7,2408*,5,5,False,11,11,57,12
Michigan4,LS1,Combined,Set1,Draw3,3,col3,Combined|Set1|Draw3|col3,A,combined,1,3,1,3,3,8,2408*,5,5,False,11,11,57,12
Michigan4,LS1,Combined,Set1,Draw3,3,col3,Combined|Set1|Draw3|col3,A,combined,1,3,1,3,3,9,408*,4,4,False,11,11,57,12
Michigan4,LS1,Combined,Set1,Draw3,3,col3,Combined|Set1|Draw3|col3,A,combined,1,3,1,3,3,10,408*,4,4,False,11,11,57,12
Michigan4,LS1,Combined,Set1,Draw3,3,col3,Combined|Set1|Draw3|col3,A,combined,1,3,1,3,3,11,*,1,1,True,11,11,57,12
Michigan4,LS1,Combined,Set1,Draw3,3,col3,Combined|Set1|Draw3|col3,B,own,1,3,1,3,3,0,9240877*,8,7,False,3,6,29,7
Michigan4,LS1,Combined,Set1,Draw3,3,col3,Combined|Set1|Draw3|col3,B,own,1,3,1,3,3,1,92408*,6,6,False,3,6,29,7
Michigan4,LS1,Combined,Set1,Draw3,3,col3,Combined|Set1|Draw3|col3,B,own,1,3,1,3,3,2,240*,4,4,False,3,6,29,7
Michigan4,LS1,Combined,Set1,Draw3,3,col3,Combined|Set1|Draw3|col3,B,own,1,3,1,3,3,3,24*,3,3,True,3,6,29,7
Michigan4,LS1,Combined,Set1,Draw3,3,col3,Combined|Set1|Draw3|col3,B,own,1,3,1,3,3,4,24*,3,3,True,3,6,29,7
Michigan4,LS1,Combined,Set1,Draw3,3,col3,Combined|Set1|Draw3|col3,B,own,1,3,1,3,3,5,4*,2,2,True,3,6,29,7
Michigan4,LS1,Combined,Set1,Draw3,3,col3,Combined|Set1|Draw3|col3,B,own,1,3,1,3,3,6,*,1,1,True,3,6,29,7
Michigan4,LS1,Combined,Set1,Draw3,3,col3,Combined|Set1|Draw3|col3,B,combined,1,3,1,3,3,0,9240877*,8,7,False,3,5,57,6
Michigan4,LS1,Combined,Set1,Draw3,3,col3,Combined|Set1|Draw3|col3,B,combined,1,3,1,3,3,1,92408*,6,6,False,3,5,57,6
Michigan4,LS1,Combined,Set1,Draw3,3,col3,Combined|Set1|Draw3|col3,B,combined,1,3,1,3,3,2,9408*,5,5,False,3,5,57,6
Michigan4,LS1,Combined,Set1,Draw3,3,col3,Combined|Set1|Draw3|col3,B,combined,1,3,1,3,3,3,40*,3,3,True,3,5,57,6
Michigan4,LS1,Combined,Set1,Draw3,3,col3,Combined|Set1|Draw3|col3,B,combined,1,3,1,3,3,4,0*,2,2,True,3,5,57,6
Michigan4,LS1,Combined,Set1,Draw3,3,col3,Combined|Set1|Draw3|col3,B,combined,1,3,1,3,3,5,*,1,1,True,3,5,57,6
Michigan4,LS1,Combined,Set1,Draw3,3,col3,Combined|Set1|Draw3|col3,C,own,1,3,1,3,3,0,9240877*,8,7,False,2,3,29,4
Michigan4,LS1,Combined,Set1,Draw3,3,col3,Combined|Set1|Draw3|col3,C,own,1,3,1,3,3,1,9408*,5,5,False,2,3,29,4
Michigan4,LS1,Combined,Set1,Draw3,3,col3,Combined|Set1|Draw3|col3,C,own,1,3,1,3,3,2,0*,2,2,True,2,3,29,4
Michigan4,LS1,Combined,Set1,Draw3,3,col3,Combined|Set1|Draw3|col3,C,own,1,3,1,3,3,3,*,1,1,True,2,3,29,4
Michigan4,LS1,Combined,Set1,Draw3,3,col3,Combined|Set1|Draw3|col3,C,combined,1,3,1,3,3,0,9240877*,8,7,False,3,5,57,6
Michigan4,LS1,Combined,Set1,Draw3,3,col3,Combined|Set1|Draw3|col3,C,combined,1,3,1,3,3,1,9408*,5,5,False,3,5,57,6
Michigan4,LS1,Combined,Set1,Draw3,3,col3,Combined|Set1|Draw3|col3,C,combined,1,3,1,3,3,2,9408*,5,5,False,3,5,57,6
Michigan4,LS1,Combined,Set1,Draw3,3,col3,Combined|Set1|Draw3|col3,C,combined,1,3,1,3,3,3,0*,2,2,True,3,5,57,6
Michigan4,LS1,Combined,Set1,Draw3,3,col3,Combined|Set1|Draw3|col3,C,combined,1,3,1,3,3,4,0*,2,2,True,3,5,57,6
Michigan4,LS1,Combined,Set1,Draw3,3,col3,Combined|Set1|Draw3|col3,C,combined,1,3,1,3,3,5,*,1,1,True,3,5,57,6
Michigan4,LS1,Combined,Set1,Draw3,3,col3,Combined|Set1|Draw3|col3,D,own,1,3,1,3,3,0,9240877*,8,7,False,2,3,29,4
Michigan4,LS1,Combined,Set1,Draw3,3,col3,Combined|Set1|Draw3|col3,D,own,1,3,1,3,3,1,9408*,5,5,False,2,3,29,4
Michigan4,LS1,Combined,Set1,Draw3,3,col3,Combined|Set1|Draw3|col3,D,own,1,3,1,3,3,2,0*,2,2,True,2,3,29,4
Michigan4,LS1,Combined,Set1,Draw3,3,col3,Combined|Set1|Draw3|col3,D,own,1,3,1,3,3,3,*,1,1,True,2,3,29,4
Michigan4,LS1,Combined,Set1,Draw3,3,col3,Combined|Set1|Draw3|col3,D,combined,1,3,1,3,3,0,9240877*,8,7,False,3,5,57,6
Michigan4,LS1,Combined,Set1,Draw3,3,col3,Combined|Set1|Draw3|col3,D,combined,1,3,1,3,3,1,9408*,5,5,False,3,5,57,6
Michigan4,LS1,Combined,Set1,Draw3,3,col3,Combined|Set1|Draw3|col3,D,combined,1,3,1,3,3,2,9408*,5,5,False,3,5,57,6
Michigan4,LS1,Combined,Set1,Draw3,3,col3,Combined|Set1|Draw3|col3,D,combined,1,3,1,3,3,3,0*,2,2,True,3,5,57,6
Michigan4,LS1,Combined,Set1,Draw3,3,col3,Combined|Set1|Draw3|col3,D,combined,1,3,1,3,3,4,0*,2,2,True,3,5,57,6
Michigan4,LS1,Combined,Set1,Draw3,3,col3,Combined|Set1|Draw3|col3,D,combined,1,3,1,3,3,5,*,1,1,True,3,5,57,6
Michigan4,LS1,Combined,Set1,Draw3,3,col3,Combined|Set1|Draw3|col3,E,own,1,3,1,3,3,0,9240877*,8,7,False,5,8,29,9
Michigan4,LS1,Combined,Set1,Draw3,3,col3,Combined|Set1|Draw3|col3,E,own,1,3,1,3,3,1,924087*,7,7,False,5,8,29,9
Michigan4,LS1,Combined,Set1,Draw3,3,col3,Combined|Set1|Draw3|col3,E,own,1,3,1,3,3,2,2407*,5,5,False,5,8,29,9
Michigan4,LS1,Combined,Set1,Draw3,3,col3,Combined|Set1|Draw3|col3,E,own,1,3,1,3,3,3,247*,4,4,False,5,8,29,9
Michigan4,LS1,Combined,Set1,Draw3,3,col3,Combined|Set1|Draw3|col3,E,own,1,3,1,3,3,4,247*,4,4,False,5,8,29,9
Michigan4,LS1,Combined,Set1,Draw3,3,col3,Combined|Set1|Draw3|col3,E,own,1,3,1,3,3,5,47*,3,3,True,5,8,29,9
Michigan4,LS1,Combined,Set1,Draw3,3,col3,Combined|Set1|Draw3|col3,E,own,1,3,1,3,3,6,7*,2,2,True,5,8,29,9
Michigan4,LS1,Combined,Set1,Draw3,3,col3,Combined|Set1|Draw3|col3,E,own,1,3,1,3,3,7,7*,2,2,True,5,8,29,9
Michigan4,LS1,Combined,Set1,Draw3,3,col3,Combined|Set1|Draw3|col3,E,own,1,3,1,3,3,8,*,1,1,True,5,8,29,9
Michigan4,LS1,Combined,Set1,Draw3,3,col3,Combined|Set1|Draw3|col3,E,combined,1,3,1,3,3,0,9240877*,8,7,False,4,9,57,8
Michigan4,LS1,Combined,Set1,Draw3,3,col3,Combined|Set1|Draw3|col3,E,combined,1,3,1,3,3,1,924087*,7,7,False,4,9,57,8
Michigan4,LS1,Combined,Set1,Draw3,3,col3,Combined|Set1|Draw3|col3,E,combined,1,3,1,3,3,2,92408*,6,6,False,4,9,57,8
Michigan4,LS1,Combined,Set1,Draw3,3,col3,Combined|Set1|Draw3|col3,E,combined,1,3,1,3,3,3,240*,4,4,False,4,9,57,8
Michigan4,LS1,Combined,Set1,Draw3,3,col3,Combined|Set1|Draw3|col3,E,combined,1,3,1,3,3,4,20*,3,3,True,4,9,57,8
Michigan4,LS1,Combined,Set1,Draw3,3,col3,Combined|Set1|Draw3|col3,E,combined,1,3,1,3,3,5,2*,2,2,True,4,9,57,8
Michigan4,LS1,Combined,Set1,Draw3,3,col3,Combined|Set1|Draw3|col3,E,combined,1,3,1,3,3,6,2*,2,2,True,4,9,57,8
Michigan4,LS1,Combined,Set1,Draw3,3,col3,Combined|Set1|Draw3|col3,E,combined,1,3,1,3,3,9,*,1,1,True,4,9,57,8
Michigan4,LS1,Combined,Set1,Draw3,3,col3,Combined|Set1|Draw3|col3,T,own,1,3,1,3,3,0,9240877*,8,7,False,2,6,29,5
Michigan4,LS1,Combined,Set1,Draw3,3,col3,Combined|Set1|Draw3|col3,T,own,1,3,1,3,3,1,9408*,5,5,False,2,6,29,5
Michigan4,LS1,Combined,Set1,Draw3,3,col3,Combined|Set1|Draw3|col3,T,own,1,3,1,3,3,2,40*,3,3,True,2,6,29,5
Michigan4,LS1,Combined,Set1,Draw3,3,col3,Combined|Set1|Draw3|col3,T,own,1,3,1,3,3,3,40*,3,3,True,2,6,29,5
Michigan4,LS1,Combined,Set1,Draw3,3,col3,Combined|Set1|Draw3|col3,T,own,1,3,1,3,3,6,*,1,1,True,2,6,29,5
Michigan4,LS1,Combined,Set1,Draw3,3,col3,Combined|Set1|Draw3|col3,T,combined,1,3,1,3,3,0,9240877*,8,7,False,3,11,57,6
Michigan4,LS1,Combined,Set1,Draw3,3,col3,Combined|Set1|Draw3|col3,T,combined,1,3,1,3,3,1,9408*,5,5,False,3,11,57,6
Michigan4,LS1,Combined,Set1,Draw3,3,col3,Combined|Set1|Draw3|col3,T,combined,1,3,1,3,3,2,9408*,5,5,False,3,11,57,6
Michigan4,LS1,Combined,Set1,Draw3,3,col3,Combined|Set1|Draw3|col3,T,combined,1,3,1,3,3,3,40*,3,3,True,3,11,57,6
Michigan4,LS1,Combined,Set1,Draw3,3,col3,Combined|Set1|Draw3|col3,T,combined,1,3,1,3,3,4,40*,3,3,True,3,11,57,6
Michigan4,LS1,Combined,Set1,Draw3,3,col3,Combined|Set1|Draw3|col3,T,combined,1,3,1,3,3,11,*,1,1,True,3,11,57,6
Michigan4,LS1,Combined,Set1,Draw3,2,col2,Combined|Set1|Draw3|col2,A,own,1,3,1,3,2,0,240877**,8,6,False,6,6,29,7
Michigan4,LS1,Combined,Set1,Draw3,2,col2,Combined|Set1|Draw3|col2,A,own,1,3,1,3,2,1,2408**,6,5,False,6,6,29,7
Michigan4,LS1,Combined,Set1,Draw3,2,col2,Combined|Set1|Draw3|col2,A,own,1,3,1,3,2,2,2408**,6,5,False,6,6,29,7
Michigan4,LS1,Combined,Set1,Draw3,2,col2,Combined|Set1|Draw3|col2,A,own,1,3,1,3,2,3,2408**,6,5,False,6,6,29,7
Michigan4,LS1,Combined,Set1,Draw3,2,col2,Combined|Set1|Draw3|col2,A,own,1,3,1,3,2,4,2408**,6,5,False,6,6,29,7
Michigan4,LS1,Combined,Set1,Draw3,2,col2,Combined|Set1|Draw3|col2,A,own,1,3,1,3,2,5,408**,5,4,False,6,6,29,7
Michigan4,LS1,Combined,Set1,Draw3,2,col2,Combined|Set1|Draw3|col2,A,own,1,3,1,3,2,6,**,2,1,True,6,6,29,7
Michigan4,LS1,Combined,Set1,Draw3,2,col2,Combined|Set1|Draw3|col2,A,combined,1,3,1,3,2,0,240877**,8,6,False,11,11,57,12
Michigan4,LS1,Combined,Set1,Draw3,2,col2,Combined|Set1|Draw3|col2,A,combined,1,3,1,3,2,1,2408**,6,5,False,11,11,57,12
Michigan4,LS1,Combined,Set1,Draw3,2,col2,Combined|Set1|Draw3|col2,A,combined,1,3,1,3,2,2,2408**,6,5,False,11,11,57,12
Michigan4,LS1,Combined,Set1,Draw3,2,col2,Combined|Set1|Draw3|col2,A,combined,1,3,1,3,2,3,2408**,6,5,False,11,11,57,12
Michigan4,LS1,Combined,Set1,Draw3,2,col2,Combined|Set1|Draw3|col2,A,combined,1,3,1,3,2,4,2408**,6,5,False,11,11,57,12
Michigan4,LS1,Combined,Set1,Draw3,2,col2,Combined|Set1|Draw3|col2,A,combined,1,3,1,3,2,5,2408**,6,5,False,11,11,57,12
Michigan4,LS1,Combined,Set1,Draw3,2,col2,Combined|Set1|Draw3|col2,A,combined,1,3,1,3,2,6,2408**,6,5,False,11,11,57,12
Michigan4,LS1,Combined,Set1,Draw3,2,col2,Combined|Set1|Draw3|col2,A,combined,1,3,1,3,2,7,2408**,6,5,False,11,11,57,12
Michigan4,LS1,Combined,Set1,Draw3,2,col2,Combined|Set1|Draw3|col2,A,combined,1,3,1,3,2,8,2408**,6,5,False,11,11,57,12
Michigan4,LS1,Combined,Set1,Draw3,2,col2,Combined|Set1|Draw3|col2,A,combined,1,3,1,3,2,9,408**,5,4,False,11,11,57,12
Michigan4,LS1,Combined,Set1,Draw3,2,col2,Combined|Set1|Draw3|col2,A,combined,1,3,1,3,2,10,408**,5,4,False,11,11,57,12
Michigan4,LS1,Combined,Set1,Draw3,2,col2,Combined|Set1|Draw3|col2,A,combined,1,3,1,3,2,11,**,2,1,True,11,11,57,12
Michigan4,LS1,Combined,Set1,Draw3,2,col2,Combined|Set1|Draw3|col2,B,own,1,3,1,3,2,0,240877**,8,6,False,2,5,29,6
Michigan4,LS1,Combined,Set1,Draw3,2,col2,Combined|Set1|Draw3|col2,B,own,1,3,1,3,2,1,2408**,6,5,False,2,5,29,6
Michigan4,LS1,Combined,Set1,Draw3,2,col2,Combined|Set1|Draw3|col2,B,own,1,3,1,3,2,2,20**,4,3,True,2,5,29,6
Michigan4,LS1,Combined,Set1,Draw3,2,col2,Combined|Set1|Draw3|col2,B,own,1,3,1,3,2,3,2**,3,2,True,2,5,29,6
Michigan4,LS1,Combined,Set1,Draw3,2,col2,Combined|Set1|Draw3|col2,B,own,1,3,1,3,2,4,2**,3,2,True,2,5,29,6
Michigan4,LS1,Combined,Set1,Draw3,2,col2,Combined|Set1|Draw3|col2,B,own,1,3,1,3,2,5,**,2,1,True,2,5,29,6
Michigan4,LS1,Combined,Set1,Draw3,2,col2,Combined|Set1|Draw3|col2,B,combined,1,3,1,3,2,0,240877**,8,6,False,3,5,57,6
Michigan4,LS1,Combined,Set1,Draw3,2,col2,Combined|Set1|Draw3|col2,B,combined,1,3,1,3,2,1,2408**,6,5,False,3,5,57,6
Michigan4,LS1,Combined,Set1,Draw3,2,col2,Combined|Set1|Draw3|col2,B,combined,1,3,1,3,2,2,408**,5,4,False,3,5,57,6
Michigan4,LS1,Combined,Set1,Draw3,2,col2,Combined|Set1|Draw3|col2,B,combined,1,3,1,3,2,3,0**,3,2,True,3,5,57,6
Michigan4,LS1,Combined,Set1,Draw3,2,col2,Combined|Set1|Draw3|col2,B,combined,1,3,1,3,2,4,0**,3,2,True,3,5,57,6
Michigan4,LS1,Combined,Set1,Draw3,2,col2,Combined|Set1|Draw3|col2,B,combined,1,3,1,3,2,5,**,2,1,True,3,5,57,6
Michigan4,LS1,Combined,Set1,Draw3,2,col2,Combined|Set1|Draw3|col2,C,own,1,3,1,3,2,0,240877**,8,6,False,2,3,29,4
Michigan4,LS1,Combined,Set1,Draw3,2,col2,Combined|Set1|Draw3|col2,C,own,1,3,1,3,2,1,408**,5,4,False,2,3,29,4
Michigan4,LS1,Combined,Set1,Draw3,2,col2,Combined|Set1|Draw3|col2,C,own,1,3,1,3,2,2,0**,3,2,True,2,3,29,4
Michigan4,LS1,Combined,Set1,Draw3,2,col2,Combined|Set1|Draw3|col2,C,own,1,3,1,3,2,3,**,2,1,True,2,3,29,4
Michigan4,LS1,Combined,Set1,Draw3,2,col2,Combined|Set1|Draw3|col2,C,combined,1,3,1,3,2,0,240877**,8,6,False,3,5,57,6
Michigan4,LS1,Combined,Set1,Draw3,2,col2,Combined|Set1|Draw3|col2,C,combined,1,3,1,3,2,1,408**,5,4,False,3,5,57,6
Michigan4,LS1,Combined,Set1,Draw3,2,col2,Combined|Set1|Draw3|col2,C,combined,1,3,1,3,2,2,408**,5,4,False,3,5,57,6
Michigan4,LS1,Combined,Set1,Draw3,2,col2,Combined|Set1|Draw3|col2,C,combined,1,3,1,3,2,3,0**,3,2,True,3,5,57,6
Michigan4,LS1,Combined,Set1,Draw3,2,col2,Combined|Set1|Draw3|col2,C,combined,1,3,1,3,2,4,0**,3,2,True,3,5,57,6
Michigan4,LS1,Combined,Set1,Draw3,2,col2,Combined|Set1|Draw3|col2,C,combined,1,3,1,3,2,5,**,2,1,True,3,5,57,6
Michigan4,LS1,Combined,Set1,Draw3,2,col2,Combined|Set1|Draw3|col2,D,own,1,3,1,3,2,0,240877**,8,6,False,2,3,29,4
Michigan4,LS1,Combined,Set1,Draw3,2,col2,Combined|Set1|Draw3|col2,D,own,1,3,1,3,2,1,408**,5,4,False,2,3,29,4
Michigan4,LS1,Combined,Set1,Draw3,2,col2,Combined|Set1|Draw3|col2,D,own,1,3,1,3,2,2,0**,3,2,True,2,3,29,4
Michigan4,LS1,Combined,Set1,Draw3,2,col2,Combined|Set1|Draw3|col2,D,own,1,3,1,3,2,3,**,2,1,True,2,3,29,4
Michigan4,LS1,Combined,Set1,Draw3,2,col2,Combined|Set1|Draw3|col2,D,combined,1,3,1,3,2,0,240877**,8,6,False,3,5,57,6
Michigan4,LS1,Combined,Set1,Draw3,2,col2,Combined|Set1|Draw3|col2,D,combined,1,3,1,3,2,1,408**,5,4,False,3,5,57,6
Michigan4,LS1,Combined,Set1,Draw3,2,col2,Combined|Set1|Draw3|col2,D,combined,1,3,1,3,2,2,408**,5,4,False,3,5,57,6
Michigan4,LS1,Combined,Set1,Draw3,2,col2,Combined|Set1|Draw3|col2,D,combined,1,3,1,3,2,3,0**,3,2,True,3,5,57,6
Michigan4,LS1,Combined,Set1,Draw3,2,col2,Combined|Set1|Draw3|col2,D,combined,1,3,1,3,2,4,0**,3,2,True,3,5,57,6
Michigan4,LS1,Combined,Set1,Draw3,2,col2,Combined|Set1|Draw3|col2,D,combined,1,3,1,3,2,5,**,2,1,True,3,5,57,6
Michigan4,LS1,Combined,Set1,Draw3,2,col2,Combined|Set1|Draw3|col2,E,own,1,3,1,3,2,0,240877**,8,6,False,3,8,29,8
Michigan4,LS1,Combined,Set1,Draw3,2,col2,Combined|Set1|Draw3|col2,E,own,1,3,1,3,2,1,24087**,7,6,False,3,8,29,8
Michigan4,LS1,Combined,Set1,Draw3,2,col2,Combined|Set1|Draw3|col2,E,own,1,3,1,3,2,2,207**,5,4,False,3,8,29,8
Michigan4,LS1,Combined,Set1,Draw3,2,col2,Combined|Set1|Draw3|col2,E,own,1,3,1,3,2,3,27**,4,3,True,3,8,29,8
Michigan4,LS1,Combined,Set1,Draw3,2,col2,Combined|Set1|Draw3|col2,E,own,1,3,1,3,2,4,27**,4,3,True,3,8,29,8
Michigan4,LS1,Combined,Set1,Draw3,2,col2,Combined|Set1|Draw3|col2,E,own,1,3,1,3,2,5,7**,3,2,True,3,8,29,8
Michigan4,LS1,Combined,Set1,Draw3,2,col2,Combined|Set1|Draw3|col2,E,own,1,3,1,3,2,6,7**,3,2,True,3,8,29,8
Michigan4,LS1,Combined,Set1,Draw3,2,col2,Combined|Set1|Draw3|col2,E,own,1,3,1,3,2,8,**,2,1,True,3,8,29,8
Michigan4,LS1,Combined,Set1,Draw3,2,col2,Combined|Set1|Draw3|col2,E,combined,1,3,1,3,2,0,240877**,8,6,False,3,9,57,8
Michigan4,LS1,Combined,Set1,Draw3,2,col2,Combined|Set1|Draw3|col2,E,combined,1,3,1,3,2,1,24087**,7,6,False,3,9,57,8
Michigan4,LS1,Combined,Set1,Draw3,2,col2,Combined|Set1|Draw3|col2,E,combined,1,3,1,3,2,2,2408**,6,5,False,3,9,57,8
Michigan4,LS1,Combined,Set1,Draw3,2,col2,Combined|Set1|Draw3|col2,E,combined,1,3,1,3,2,3,20**,4,3,True,3,9,57,8
Michigan4,LS1,Combined,Set1,Draw3,2,col2,Combined|Set1|Draw3|col2,E,combined,1,3,1,3,2,4,20**,4,3,True,3,9,57,8
Michigan4,LS1,Combined,Set1,Draw3,2,col2,Combined|Set1|Draw3|col2,E,combined,1,3,1,3,2,5,2**,3,2,True,3,9,57,8
Michigan4,LS1,Combined,Set1,Draw3,2,col2,Combined|Set1|Draw3|col2,E,combined,1,3,1,3,2,6,2**,3,2,True,3,9,57,8
Michigan4,LS1,Combined,Set1,Draw3,2,col2,Combined|Set1|Draw3|col2,E,combined,1,3,1,3,2,9,**,2,1,True,3,9,57,8
Michigan4,LS1,Combined,Set1,Draw3,2,col2,Combined|Set1|Draw3|col2,T,own,1,3,1,3,2,0,240877**,8,6,False,2,6,29,5
Michigan4,LS1,Combined,Set1,Draw3,2,col2,Combined|Set1|Draw3|col2,T,own,1,3,1,3,2,1,408**,5,4,False,2,6,29,5
Michigan4,LS1,Combined,Set1,Draw3,2,col2,Combined|Set1|Draw3|col2,T,own,1,3,1,3,2,2,0**,3,2,True,2,6,29,5
Michigan4,LS1,Combined,Set1,Draw3,2,col2,Combined|Set1|Draw3|col2,T,own,1,3,1,3,2,3,0**,3,2,True,2,6,29,5
Michigan4,LS1,Combined,Set1,Draw3,2,col2,Combined|Set1|Draw3|col2,T,own,1,3,1,3,2,6,**,2,1,True,2,6,29,5
Michigan4,LS1,Combined,Set1,Draw3,2,col2,Combined|Set1|Draw3|col2,T,combined,1,3,1,3,2,0,240877**,8,6,False,3,11,57,6
Michigan4,LS1,Combined,Set1,Draw3,2,col2,Combined|Set1|Draw3|col2,T,combined,1,3,1,3,2,1,408**,5,4,False,3,11,57,6
Michigan4,LS1,Combined,Set1,Draw3,2,col2,Combined|Set1|Draw3|col2,T,combined,1,3,1,3,2,2,408**,5,4,False,3,11,57,6
Michigan4,LS1,Combined,Set1,Draw3,2,col2,Combined|Set1|Draw3|col2,T,combined,1,3,1,3,2,3,0**,3,2,True,3,11,57,6
Michigan4,LS1,Combined,Set1,Draw3,2,col2,Combined|Set1|Draw3|col2,T,combined,1,3,1,3,2,4,0**,3,2,True,3,11,57,6
Michigan4,LS1,Combined,Set1,Draw3,2,col2,Combined|Set1|Draw3|col2,T,combined,1,3,1,3,2,11,**,2,1,True,3,11,57,6
Michigan4,LS1,Combined,Set1,Draw4,4,col4,Combined|Set1|Draw4|col4,A,own,1,3,1,4,4,0,59924033877,11,8,False,5,6,7,7
Michigan4,LS1,Combined,Set1,Draw4,4,col4,Combined|Set1|Draw4|col4,A,own,1,3,1,4,4,1,599240338,9,7,False,5,6,7,7
Michigan4,LS1,Combined,Set1,Draw4,4,col4,Combined|Set1|Draw4|col4,A,own,1,3,1,4,4,2,52408,5,5,False,5,6,7,7
Michigan4,LS1,Combined,Set1,Draw4,4,col4,Combined|Set1|Draw4|col4,A,own,1,3,1,4,4,3,2408,4,4,False,5,6,7,7
Michigan4,LS1,Combined,Set1,Draw4,4,col4,Combined|Set1|Draw4|col4,A,own,1,3,1,4,4,4,2408,4,4,False,5,6,7,7
Michigan4,LS1,Combined,Set1,Draw4,4,col4,Combined|Set1|Draw4|col4,A,own,1,3,1,4,4,5,408,3,3,True,5,6,7,7
Michigan4,LS1,Combined,Set1,Draw4,4,col4,Combined|Set1|Draw4|col4,A,own,1,3,1,4,4,6,,0,0,False,5,6,7,7
Michigan4,LS1,Combined,Set1,Draw4,4,col4,Combined|Set1|Draw4|col4,A,combined,1,3,1,4,4,0,59924033877,11,8,False,9,11,12,12
Michigan4,LS1,Combined,Set1,Draw4,4,col4,Combined|Set1|Draw4|col4,A,combined,1,3,1,4,4,1,599240338,9,7,False,9,11,12,12
Michigan4,LS1,Combined,Set1,Draw4,4,col4,Combined|Set1|Draw4|col4,A,combined,1,3,1,4,4,2,599240338,9,7,False,9,11,12,12
Michigan4,LS1,Combined,Set1,Draw4,4,col4,Combined|Set1|Draw4|col4,A,combined,1,3,1,4,4,3,52408,5,5,False,9,11,12,12
Michigan4,LS1,Combined,Set1,Draw4,4,col4,Combined|Set1|Draw4|col4,A,combined,1,3,1,4,4,4,52408,5,5,False,9,11,12,12
Michigan4,LS1,Combined,Set1,Draw4,4,col4,Combined|Set1|Draw4|col4,A,combined,1,3,1,4,4,5,2408,4,4,False,9,11,12,12
Michigan4,LS1,Combined,Set1,Draw4,4,col4,Combined|Set1|Draw4|col4,A,combined,1,3,1,4,4,6,2408,4,4,False,9,11,12,12
Michigan4,LS1,Combined,Set1,Draw4,4,col4,Combined|Set1|Draw4|col4,A,combined,1,3,1,4,4,7,2408,4,4,False,9,11,12,12
Michigan4,LS1,Combined,Set1,Draw4,4,col4,Combined|Set1|Draw4|col4,A,combined,1,3,1,4,4,8,2408,4,4,False,9,11,12,12
Michigan4,LS1,Combined,Set1,Draw4,4,col4,Combined|Set1|Draw4|col4,A,combined,1,3,1,4,4,9,408,3,3,True,9,11,12,12
Michigan4,LS1,Combined,Set1,Draw4,4,col4,Combined|Set1|Draw4|col4,A,combined,1,3,1,4,4,10,408,3,3,True,9,11,12,12
Michigan4,LS1,Combined,Set1,Draw4,4,col4,Combined|Set1|Draw4|col4,A,combined,1,3,1,4,4,11,,0,0,False,9,11,12,12
Michigan4,LS1,Combined,Set1,Draw4,4,col4,Combined|Set1|Draw4|col4,B,own,1,3,1,4,4,0,59924033877,11,8,False,4,6,7,7
Michigan4,LS1,Combined,Set1,Draw4,4,col4,Combined|Set1|Draw4|col4,B,own,1,3,1,4,4,1,599240338,9,7,False,4,6,7,7
Michigan4,LS1,Combined,Set1,Draw4,4,col4,Combined|Set1|Draw4|col4,B,own,1,3,1,4,4,2,52408,5,5,False,4,6,7,7
Michigan4,LS1,Combined,Set1,Draw4,4,col4,Combined|Set1|Draw4|col4,B,own,1,3,1,4,4,3,2408,4,4,False,4,6,7,7
Michigan4,LS1,Combined,Set1,Draw4,4,col4,Combined|Set1|Draw4|col4,B,own,1,3,1,4,4,4,248,3,3,True,4,6,7,7
Michigan4,LS1,Combined,Set1,Draw4,4,col4,Combined|Set1|Draw4|col4,B,own,1,3,1,4,4,5,48,2,2,True,4,6,7,7
Michigan4,LS1,Combined,Set1,Draw4,4,col4,Combined|Set1|Draw4|col4,B,own,1,3,1,4,4,6,,0,0,False,4,6,7,7
Michigan4,LS1,Combined,Set1,Draw4,4,col4,Combined|Set1|Draw4|col4,B,combined,1,3,1,4,4,0,59924033877,11,8,False,4,6,7,7
Michigan4,LS1,Combined,Set1,Draw4,4,col4,Combined|Set1|Draw4|col4,B,combined,1,3,1,4,4,1,599240338,9,7,False,4,6,7,7
Michigan4,LS1,Combined,Set1,Draw4,4,col4,Combined|Set1|Draw4|col4,B,combined,1,3,1,4,4,2,59940338,8,6,False,4,6,7,7
Michigan4,LS1,Combined,Set1,Draw4,4,col4,Combined|Set1|Draw4|col4,B,combined,1,3,1,4,4,3,5408,4,4,False,4,6,7,7
Michigan4,LS1,Combined,Set1,Draw4,4,col4,Combined|Set1|Draw4|col4,B,combined,1,3,1,4,4,4,50,2,2,True,4,6,7,7
Michigan4,LS1,Combined,Set1,Draw4,4,col4,Combined|Set1|Draw4|col4,B,combined,1,3,1,4,4,5,0,1,1,True,4,6,7,7
Michigan4,LS1,Combined,Set1,Draw4,4,col4,Combined|Set1|Draw4|col4,B,combined,1,3,1,4,4,6,,0,0,False,4,6,7,7
Michigan4,LS1,Combined,Set1,Draw4,4,col4,Combined|Set1|Draw4|col4,C,own,1,3,1,4,4,0,59924033877,11,8,False,2,3,4,4
Michigan4,LS1,Combined,Set1,Draw4,4,col4,Combined|Set1|Draw4|col4,C,own,1,3,1,4,4,1,59940338,8,6,False,2,3,4,4
Michigan4,LS1,Combined,Set1,Draw4,4,col4,Combined|Set1|Draw4|col4,C,own,1,3,1,4,4,2,50,2,2,True,2,3,4,4
Michigan4,LS1,Combined,Set1,Draw4,4,col4,Combined|Set1|Draw4|col4,C,own,1,3,1,4,4,3,,0,0,False,2,3,4,4
Michigan4,LS1,Combined,Set1,Draw4,4,col4,Combined|Set1|Draw4|col4,C,combined,1,3,1,4,4,0,59924033877,11,8,False,3,5,6,6
Michigan4,LS1,Combined,Set1,Draw4,4,col4,Combined|Set1|Draw4|col4,C,combined,1,3,1,4,4,1,59940338,8,6,False,3,5,6,6
Michigan4,LS1,Combined,Set1,Draw4,4,col4,Combined|Set1|Draw4|col4,C,combined,1,3,1,4,4,2,59940338,8,6,False,3,5,6,6
Michigan4,LS1,Combined,Set1,Draw4,4,col4,Combined|Set1|Draw4|col4,C,combined,1,3,1,4,4,3,50,2,2,True,3,5,6,6
Michigan4,LS1,Combined,Set1,Draw4,4,col4,Combined|Set1|Draw4|col4,C,combined,1,3,1,4,4,4,50,2,2,True,3,5,6,6
Michigan4,LS1,Combined,Set1,Draw4,4,col4,Combined|Set1|Draw4|col4,C,combined,1,3,1,4,4,5,,0,0,False,3,5,6,6
Michigan4,LS1,Combined,Set1,Draw4,4,col4,Combined|Set1|Draw4|col4,D,own,1,3,1,4,4,0,59924033877,11,8,False,2,3,4,4
Michigan4,LS1,Combined,Set1,Draw4,4,col4,Combined|Set1|Draw4|col4,D,own,1,3,1,4,4,1,59940338,8,6,False,2,3,4,4
Michigan4,LS1,Combined,Set1,Draw4,4,col4,Combined|Set1|Draw4|col4,D,own,1,3,1,4,4,2,50,2,2,True,2,3,4,4
Michigan4,LS1,Combined,Set1,Draw4,4,col4,Combined|Set1|Draw4|col4,D,own,1,3,1,4,4,3,,0,0,False,2,3,4,4
Michigan4,LS1,Combined,Set1,Draw4,4,col4,Combined|Set1|Draw4|col4,D,combined,1,3,1,4,4,0,59924033877,11,8,False,3,5,6,6
Michigan4,LS1,Combined,Set1,Draw4,4,col4,Combined|Set1|Draw4|col4,D,combined,1,3,1,4,4,1,59940338,8,6,False,3,5,6,6
Michigan4,LS1,Combined,Set1,Draw4,4,col4,Combined|Set1|Draw4|col4,D,combined,1,3,1,4,4,2,59940338,8,6,False,3,5,6,6
Michigan4,LS1,Combined,Set1,Draw4,4,col4,Combined|Set1|Draw4|col4,D,combined,1,3,1,4,4,3,50,2,2,True,3,5,6,6
Michigan4,LS1,Combined,Set1,Draw4,4,col4,Combined|Set1|Draw4|col4,D,combined,1,3,1,4,4,4,50,2,2,True,3,5,6,6
Michigan4,LS1,Combined,Set1,Draw4,4,col4,Combined|Set1|Draw4|col4,D,combined,1,3,1,4,4,5,,0,0,False,3,5,6,6
Michigan4,LS1,Combined,Set1,Draw4,4,col4,Combined|Set1|Draw4|col4,E,own,1,3,1,4,4,0,59924033877,11,8,False,6,8,9,9
Michigan4,LS1,Combined,Set1,Draw4,4,col4,Combined|Set1|Draw4|col4,E,own,1,3,1,4,4,1,5992403387,10,8,False,6,8,9,9
Michigan4,LS1,Combined,Set1,Draw4,4,col4,Combined|Set1|Draw4|col4,E,own,1,3,1,4,4,2,59240387,8,8,False,6,8,9,9
Michigan4,LS1,Combined,Set1,Draw4,4,col4,Combined|Set1|Draw4|col4,E,own,1,3,1,4,4,3,9240387,7,7,False,6,8,9,9
Michigan4,LS1,Combined,Set1,Draw4,4,col4,Combined|Set1|Draw4|col4,E,own,1,3,1,4,4,4,924387,6,6,False,6,8,9,9
Michigan4,LS1,Combined,Set1,Draw4,4,col4,Combined|Set1|Draw4|col4,E,own,1,3,1,4,4,5,94387,5,5,False,6,8,9,9
Michigan4,LS1,Combined,Set1,Draw4,4,col4,Combined|Set1|Draw4|col4,E,own,1,3,1,4,4,6,937,3,3,True,6,8,9,9
Michigan4,LS1,Combined,Set1,Draw4,4,col4,Combined|Set1|Draw4|col4,E,own,1,3,1,4,4,7,7,1,1,True,6,8,9,9
Michigan4,LS1,Combined,Set1,Draw4,4,col4,Combined|Set1|Draw4|col4,E,own,1,3,1,4,4,8,,0,0,False,6,8,9,9
Michigan4,LS1,Combined,Set1,Draw4,4,col4,Combined|Set1|Draw4|col4,E,combined,1,3,1,4,4,0,59924033877,11,8,False,6,11,12,11
Michigan4,LS1,Combined,Set1,Draw4,4,col4,Combined|Set1|Draw4|col4,E,combined,1,3,1,4,4,1,5992403387,10,8,False,6,11,12,11
Michigan4,LS1,Combined,Set1,Draw4,4,col4,Combined|Set1|Draw4|col4,E,combined,1,3,1,4,4,2,599240338,9,7,False,6,11,12,11
Michigan4,LS1,Combined,Set1,Draw4,4,col4,Combined|Set1|Draw4|col4,E,combined,1,3,1,4,4,3,5924038,7,7,False,6,11,12,11
Michigan4,LS1,Combined,Set1,Draw4,4,col4,Combined|Set1|Draw4|col4,E,combined,1,3,1,4,4,4,52408,5,5,False,6,11,12,11
Michigan4,LS1,Combined,Set1,Draw4,4,col4,Combined|Set1|Draw4|col4,E,combined,1,3,1,4,4,5,2408,4,4,False,6,11,12,11
Michigan4,LS1,Combined,Set1,Draw4,4,col4,Combined|Set1|Draw4|col4,E,combined,1,3,1,4,4,6,248,3,3,True,6,11,12,11
Michigan4,LS1,Combined,Set1,Draw4,4,col4,Combined|Set1|Draw4|col4,E,combined,1,3,1,4,4,7,248,3,3,True,6,11,12,11
Michigan4,LS1,Combined,Set1,Draw4,4,col4,Combined|Set1|Draw4|col4,E,combined,1,3,1,4,4,9,48,2,2,True,6,11,12,11
Michigan4,LS1,Combined,Set1,Draw4,4,col4,Combined|Set1|Draw4|col4,E,combined,1,3,1,4,4,10,48,2,2,True,6,11,12,11
Michigan4,LS1,Combined,Set1,Draw4,4,col4,Combined|Set1|Draw4|col4,E,combined,1,3,1,4,4,11,,0,0,False,6,11,12,11
Michigan4,LS1,Combined,Set1,Draw4,4,col4,Combined|Set1|Draw4|col4,T,own,1,3,1,4,4,0,59924033877,11,8,False,2,6,7,6
Michigan4,LS1,Combined,Set1,Draw4,4,col4,Combined|Set1|Draw4|col4,T,own,1,3,1,4,4,1,59940338,8,6,False,2,6,7,6
Michigan4,LS1,Combined,Set1,Draw4,4,col4,Combined|Set1|Draw4|col4,T,own,1,3,1,4,4,2,540,3,3,True,2,6,7,6
Michigan4,LS1,Combined,Set1,Draw4,4,col4,Combined|Set1|Draw4|col4,T,own,1,3,1,4,4,3,40,2,2,True,2,6,7,6
Michigan4,LS1,Combined,Set1,Draw4,4,col4,Combined|Set1|Draw4|col4,T,own,1,3,1,4,4,4,40,2,2,True,2,6,7,6
Michigan4,LS1,Combined,Set1,Draw4,4,col4,Combined|Set1|Draw4|col4,T,own,1,3,1,4,4,6,,0,0,False,2,6,7,6
Michigan4,LS1,Combined,Set1,Draw4,4,col4,Combined|Set1|Draw4|col4,T,combined,1,3,1,4,4,0,59924033877,11,8,False,3,11,12,8
Michigan4,LS1,Combined,Set1,Draw4,4,col4,Combined|Set1|Draw4|col4,T,combined,1,3,1,4,4,1,59940338,8,6,False,3,11,12,8
Michigan4,LS1,Combined,Set1,Draw4,4,col4,Combined|Set1|Draw4|col4,T,combined,1,3,1,4,4,2,59940338,8,6,False,3,11,12,8
Michigan4,LS1,Combined,Set1,Draw4,4,col4,Combined|Set1|Draw4|col4,T,combined,1,3,1,4,4,3,540,3,3,True,3,11,12,8
Michigan4,LS1,Combined,Set1,Draw4,4,col4,Combined|Set1|Draw4|col4,T,combined,1,3,1,4,4,4,540,3,3,True,3,11,12,8
Michigan4,LS1,Combined,Set1,Draw4,4,col4,Combined|Set1|Draw4|col4,T,combined,1,3,1,4,4,5,40,2,2,True,3,11,12,8
Michigan4,LS1,Combined,Set1,Draw4,4,col4,Combined|Set1|Draw4|col4,T,combined,1,3,1,4,4,6,40,2,2,True,3,11,12,8
Michigan4,LS1,Combined,Set1,Draw4,4,col4,Combined|Set1|Draw4|col4,T,combined,1,3,1,4,4,11,,0,0,False,3,11,12,8
Michigan4,LS1,Combined,Set1,Draw4,2,col2,Combined|Set1|Draw4|col2,A,own,1,3,1,4,2,0,92403877**,10,8,False,6,6,29,7
Michigan4,LS1,Combined,Set1,Draw4,2,col2,Combined|Set1|Draw4|col2,A,own,1,3,1,4,2,1,924038**,8,7,False,6,6,29,7
Michigan4,LS1,Combined,Set1,Draw4,2,col2,Combined|Set1|Draw4|col2,A,own,1,3,1,4,2,2,2408**,6,5,False,6,6,29,7
Michigan4,LS1,Combined,Set1,Draw4,2,col2,Combined|Set1|Draw4|col2,A,own,1,3,1,4,2,3,2408**,6,5,False,6,6,29,7
Michigan4,LS1,Combined,Set1,Draw4,2,col2,Combined|Set1|Draw4|col2,A,own,1,3,1,4,2,4,2408**,6,5,False,6,6,29,7
Michigan4,LS1,Combined,Set1,Draw4,2,col2,Combined|Set1|Draw4|col2,A,own,1,3,1,4,2,5,408**,5,4,False,6,6,29,7
Michigan4,LS1,Combined,Set1,Draw4,2,col2,Combined|Set1|Draw4|col2,A,own,1,3,1,4,2,6,**,2,1,True,6,6,29,7
Michigan4,LS1,Combined,Set1,Draw4,2,col2,Combined|Set1|Draw4|col2,A,combined,1,3,1,4,2,0,92403877**,10,8,False,11,11,57,12
Michigan4,LS1,Combined,Set1,Draw4,2,col2,Combined|Set1|Draw4|col2,A,combined,1,3,1,4,2,1,924038**,8,7,False,11,11,57,12
Michigan4,LS1,Combined,Set1,Draw4,2,col2,Combined|Set1|Draw4|col2,A,combined,1,3,1,4,2,2,924038**,8,7,False,11,11,57,12
Michigan4,LS1,Combined,Set1,Draw4,2,col2,Combined|Set1|Draw4|col2,A,combined,1,3,1,4,2,3,2408**,6,5,False,11,11,57,12
Michigan4,LS1,Combined,Set1,Draw4,2,col2,Combined|Set1|Draw4|col2,A,combined,1,3,1,4,2,4,2408**,6,5,False,11,11,57,12
Michigan4,LS1,Combined,Set1,Draw4,2,col2,Combined|Set1|Draw4|col2,A,combined,1,3,1,4,2,5,2408**,6,5,False,11,11,57,12
Michigan4,LS1,Combined,Set1,Draw4,2,col2,Combined|Set1|Draw4|col2,A,combined,1,3,1,4,2,6,2408**,6,5,False,11,11,57,12
Michigan4,LS1,Combined,Set1,Draw4,2,col2,Combined|Set1|Draw4|col2,A,combined,1,3,1,4,2,7,2408**,6,5,False,11,11,57,12
Michigan4,LS1,Combined,Set1,Draw4,2,col2,Combined|Set1|Draw4|col2,A,combined,1,3,1,4,2,8,2408**,6,5,False,11,11,57,12
Michigan4,LS1,Combined,Set1,Draw4,2,col2,Combined|Set1|Draw4|col2,A,combined,1,3,1,4,2,9,408**,5,4,False,11,11,57,12
Michigan4,LS1,Combined,Set1,Draw4,2,col2,Combined|Set1|Draw4|col2,A,combined,1,3,1,4,2,10,408**,5,4,False,11,11,57,12
Michigan4,LS1,Combined,Set1,Draw4,2,col2,Combined|Set1|Draw4|col2,A,combined,1,3,1,4,2,11,**,2,1,True,11,11,57,12
Michigan4,LS1,Combined,Set1,Draw4,2,col2,Combined|Set1|Draw4|col2,B,own,1,3,1,4,2,0,92403877**,10,8,False,5,6,29,7
Michigan4,LS1,Combined,Set1,Draw4,2,col2,Combined|Set1|Draw4|col2,B,own,1,3,1,4,2,1,924038**,8,7,False,5,6,29,7
Michigan4,LS1,Combined,Set1,Draw4,2,col2,Combined|Set1|Draw4|col2,B,own,1,3,1,4,2,2,2408**,6,5,False,5,6,29,7
Michigan4,LS1,Combined,Set1,Draw4,2,col2,Combined|Set1|Draw4|col2,B,own,1,3,1,4,2,3,248**,5,4,False,5,6,29,7
Michigan4,LS1,Combined,Set1,Draw4,2,col2,Combined|Set1|Draw4|col2,B,own,1,3,1,4,2,4,248**,5,4,False,5,6,29,7
Michigan4,LS1,Combined,Set1,Draw4,2,col2,Combined|Set1|Draw4|col2,B,own,1,3,1,4,2,5,48**,4,3,True,5,6,29,7
Michigan4,LS1,Combined,Set1,Draw4,2,col2,Combined|Set1|Draw4|col2,B,own,1,3,1,4,2,6,**,2,1,True,5,6,29,7
Michigan4,LS1,Combined,Set1,Draw4,2,col2,Combined|Set1|Draw4|col2,B,combined,1,3,1,4,2,0,92403877**,10,8,False,4,5,57,6
Michigan4,LS1,Combined,Set1,Draw4,2,col2,Combined|Set1|Draw4|col2,B,combined,1,3,1,4,2,1,924038**,8,7,False,4,5,57,6
Michigan4,LS1,Combined,Set1,Draw4,2,col2,Combined|Set1|Draw4|col2,B,combined,1,3,1,4,2,2,94038**,7,6,False,4,5,57,6
Michigan4,LS1,Combined,Set1,Draw4,2,col2,Combined|Set1|Draw4|col2,B,combined,1,3,1,4,2,3,408**,5,4,False,4,5,57,6
Michigan4,LS1,Combined,Set1,Draw4,2,col2,Combined|Set1|Draw4|col2,B,combined,1,3,1,4,2,4,0**,3,2,True,4,5,57,6
Michigan4,LS1,Combined,Set1,Draw4,2,col2,Combined|Set1|Draw4|col2,B,combined,1,3,1,4,2,5,**,2,1,True,4,5,57,6
Michigan4,LS1,Combined,Set1,Draw4,2,col2,Combined|Set1|Draw4|col2,C,own,1,3,1,4,2,0,92403877**,10,8,False,2,3,29,4
Michigan4,LS1,Combined,Set1,Draw4,2,col2,Combined|Set1|Draw4|col2,C,own,1,3,1,4,2,1,94038**,7,6,False,2,3,29,4
Michigan4,LS1,Combined,Set1,Draw4,2,col2,Combined|Set1|Draw4|col2,C,own,1,3,1,4,2,2,0**,3,2,True,2,3,29,4
Michigan4,LS1,Combined,Set1,Draw4,2,col2,Combined|Set1|Draw4|col2,C,own,1,3,1,4,2,3,**,2,1,True,2,3,29,4
Michigan4,LS1,Combined,Set1,Draw4,2,col2,Combined|Set1|Draw4|col2,C,combined,1,3,1,4,2,0,92403877**,10,8,False,3,5,57,6
Michigan4,LS1,Combined,Set1,Draw4,2,col2,Combined|Set1|Draw4|col2,C,combined,1,3,1,4,2,1,94038**,7,6,False,3,5,57,6
Michigan4,LS1,Combined,Set1,Draw4,2,col2,Combined|Set1|Draw4|col2,C,combined,1,3,1,4,2,2,94038**,7,6,False,3,5,57,6
Michigan4,LS1,Combined,Set1,Draw4,2,col2,Combined|Set1|Draw4|col2,C,combined,1,3,1,4,2,3,0**,3,2,True,3,5,57,6
Michigan4,LS1,Combined,Set1,Draw4,2,col2,Combined|Set1|Draw4|col2,C,combined,1,3,1,4,2,4,0**,3,2,True,3,5,57,6
Michigan4,LS1,Combined,Set1,Draw4,2,col2,Combined|Set1|Draw4|col2,C,combined,1,3,1,4,2,5,**,2,1,True,3,5,57,6
Michigan4,LS1,Combined,Set1,Draw4,2,col2,Combined|Set1|Draw4|col2,D,own,1,3,1,4,2,0,92403877**,10,8,False,2,3,29,4
Michigan4,LS1,Combined,Set1,Draw4,2,col2,Combined|Set1|Draw4|col2,D,own,1,3,1,4,2,1,94038**,7,6,False,2,3,29,4
Michigan4,LS1,Combined,Set1,Draw4,2,col2,Combined|Set1|Draw4|col2,D,own,1,3,1,4,2,2,0**,3,2,True,2,3,29,4
Michigan4,LS1,Combined,Set1,Draw4,2,col2,Combined|Set1|Draw4|col2,D,own,1,3,1,4,2,3,**,2,1,True,2,3,29,4
Michigan4,LS1,Combined,Set1,Draw4,2,col2,Combined|Set1|Draw4|col2,D,combined,1,3,1,4,2,0,92403877**,10,8,False,3,5,57,6
Michigan4,LS1,Combined,Set1,Draw4,2,col2,Combined|Set1|Draw4|col2,D,combined,1,3,1,4,2,1,94038**,7,6,False,3,5,57,6
Michigan4,LS1,Combined,Set1,Draw4,2,col2,Combined|Set1|Draw4|col2,D,combined,1,3,1,4,2,2,94038**,7,6,False,3,5,57,6
Michigan4,LS1,Combined,Set1,Draw4,2,col2,Combined|Set1|Draw4|col2,D,combined,1,3,1,4,2,3,0**,3,2,True,3,5,57,6
Michigan4,LS1,Combined,Set1,Draw4,2,col2,Combined|Set1|Draw4|col2,D,combined,1,3,1,4,2,4,0**,3,2,True,3,5,57,6
Michigan4,LS1,Combined,Set1,Draw4,2,col2,Combined|Set1|Draw4|col2,D,combined,1,3,1,4,2,5,**,2,1,True,3,5,57,6
Michigan4,LS1,Combined,Set1,Draw4,2,col2,Combined|Set1|Draw4|col2,E,own,1,3,1,4,2,0,92403877**,10,8,False,6,8,29,9
Michigan4,LS1,Combined,Set1,Draw4,2,col2,Combined|Set1|Draw4|col2,E,own,1,3,1,4,2,1,9240387**,9,8,False,6,8,29,9
Michigan4,LS1,Combined,Set1,Draw4,2,col2,Combined|Set1|Draw4|col2,E,own,1,3,1,4,2,2,24087**,7,6,False,6,8,29,9
Michigan4,LS1,Combined,Set1,Draw4,2,col2,Combined|Set1|Draw4|col2,E,own,1,3,1,4,2,3,2487**,6,5,False,6,8,29,9
Michigan4,LS1,Combined,Set1,Draw4,2,col2,Combined|Set1|Draw4|col2,E,own,1,3,1,4,2,4,2487**,6,5,False,6,8,29,9
Michigan4,LS1,Combined,Set1,Draw4,2,col2,Combined|Set1|Draw4|col2,E,own,1,3,1,4,2,5,487**,5,4,False,6,8,29,9
Michigan4,LS1,Combined,Set1,Draw4,2,col2,Combined|Set1|Draw4|col2,E,own,1,3,1,4,2,6,7**,3,2,True,6,8,29,9
Michigan4,LS1,Combined,Set1,Draw4,2,col2,Combined|Set1|Draw4|col2,E,own,1,3,1,4,2,7,7**,3,2,True,6,8,29,9
Michigan4,LS1,Combined,Set1,Draw4,2,col2,Combined|Set1|Draw4|col2,E,own,1,3,1,4,2,8,**,2,1,True,6,8,29,9
Michigan4,LS1,Combined,Set1,Draw4,2,col2,Combined|Set1|Draw4|col2,E,combined,1,3,1,4,2,0,92403877**,10,8,False,4,9,57,8
Michigan4,LS1,Combined,Set1,Draw4,2,col2,Combined|Set1|Draw4|col2,E,combined,1,3,1,4,2,1,9240387**,9,8,False,4,9,57,8
Michigan4,LS1,Combined,Set1,Draw4,2,col2,Combined|Set1|Draw4|col2,E,combined,1,3,1,4,2,2,924038**,8,7,False,4,9,57,8
Michigan4,LS1,Combined,Set1,Draw4,2,col2,Combined|Set1|Draw4|col2,E,combined,1,3,1,4,2,3,2408**,6,5,False,4,9,57,8
Michigan4,LS1,Combined,Set1,Draw4,2,col2,Combined|Set1|Draw4|col2,E,combined,1,3,1,4,2,4,20**,4,3,True,4,9,57,8
Michigan4,LS1,Combined,Set1,Draw4,2,col2,Combined|Set1|Draw4|col2,E,combined,1,3,1,4,2,5,2**,3,2,True,4,9,57,8
Michigan4,LS1,Combined,Set1,Draw4,2,col2,Combined|Set1|Draw4|col2,E,combined,1,3,1,4,2,6,2**,3,2,True,4,9,57,8
Michigan4,LS1,Combined,Set1,Draw4,2,col2,Combined|Set1|Draw4|col2,E,combined,1,3,1,4,2,9,**,2,1,True,4,9,57,8
Michigan4,LS1,Combined,Set1,Draw4,2,col2,Combined|Set1|Draw4|col2,T,own,1,3,1,4,2,0,92403877**,10,8,False,2,6,29,5
Michigan4,LS1,Combined,Set1,Draw4,2,col2,Combined|Set1|Draw4|col2,T,own,1,3,1,4,2,1,94038**,7,6,False,2,6,29,5
Michigan4,LS1,Combined,Set1,Draw4,2,col2,Combined|Set1|Draw4|col2,T,own,1,3,1,4,2,2,0**,3,2,True,2,6,29,5
Michigan4,LS1,Combined,Set1,Draw4,2,col2,Combined|Set1|Draw4|col2,T,own,1,3,1,4,2,3,0**,3,2,True,2,6,29,5
Michigan4,LS1,Combined,Set1,Draw4,2,col2,Combined|Set1|Draw4|col2,T,own,1,3,1,4,2,6,**,2,1,True,2,6,29,5
Michigan4,LS1,Combined,Set1,Draw4,2,col2,Combined|Set1|Draw4|col2,T,combined,1,3,1,4,2,0,92403877**,10,8,False,3,11,57,6
Michigan4,LS1,Combined,Set1,Draw4,2,col2,Combined|Set1|Draw4|col2,T,combined,1,3,1,4,2,1,94038**,7,6,False,3,11,57,6
Michigan4,LS1,Combined,Set1,Draw4,2,col2,Combined|Set1|Draw4|col2,T,combined,1,3,1,4,2,2,94038**,7,6,False,3,11,57,6
Michigan4,LS1,Combined,Set1,Draw4,2,col2,Combined|Set1|Draw4|col2,T,combined,1,3,1,4,2,3,0**,3,2,True,3,11,57,6
Michigan4,LS1,Combined,Set1,Draw4,2,col2,Combined|Set1|Draw4|col2,T,combined,1,3,1,4,2,4,0**,3,2,True,3,11,57,6
Michigan4,LS1,Combined,Set1,Draw4,2,col2,Combined|Set1|Draw4|col2,T,combined,1,3,1,4,2,11,**,2,1,True,3,11,57,6
Michigan4,LS1,Combined,Set1,Draw5,3,col3,Combined|Set1|Draw5|col3,A,own,1,3,1,5,3,0,9924400338877,13,7,False,5,6,7,7
Michigan4,LS1,Combined,Set1,Draw5,3,col3,Combined|Set1|Draw5|col3,A,own,1,3,1,5,3,1,99244003388,11,6,False,5,6,7,7
Michigan4,LS1,Combined,Set1,Draw5,3,col3,Combined|Set1|Draw5|col3,A,own,1,3,1,5,3,2,2440088,7,4,False,5,6,7,7
Michigan4,LS1,Combined,Set1,Draw5,3,col3,Combined|Set1|Draw5|col3,A,own,1,3,1,5,3,3,2440088,7,4,False,5,6,7,7
Michigan4,LS1,Combined,Set1,Draw5,3,col3,Combined|Set1|Draw5|col3,A,own,1,3,1,5,3,4,2440088,7,4,False,5,6,7,7
Michigan4,LS1,Combined,Set1,Draw5,3,col3,Combined|Set1|Draw5|col3,A,own,1,3,1,5,3,5,440088,6,3,True,5,6,7,7
Michigan4,LS1,Combined,Set1,Draw5,3,col3,Combined|Set1|Draw5|col3,A,own,1,3,1,5,3,6,,0,0,False,5,6,7,7
Michigan4,LS1,Combined,Set1,Draw5,3,col3,Combined|Set1|Draw5|col3,A,combined,1,3,1,5,3,0,9924400338877,13,7,False,9,11,12,12
Michigan4,LS1,Combined,Set1,Draw5,3,col3,Combined|Set1|Draw5|col3,A,combined,1,3,1,5,3,1,99244003388,11,6,False,9,11,12,12
Michigan4,LS1,Combined,Set1,Draw5,3,col3,Combined|Set1|Draw5|col3,A,combined,1,3,1,5,3,2,99244003388,11,6,False,9,11,12,12
Michigan4,LS1,Combined,Set1,Draw5,3,col3,Combined|Set1|Draw5|col3,A,combined,1,3,1,5,3,3,2440088,7,4,False,9,11,12,12
Michigan4,LS1,Combined,Set1,Draw5,3,col3,Combined|Set1|Draw5|col3,A,combined,1,3,1,5,3,4,2440088,7,4,False,9,11,12,12
Michigan4,LS1,Combined,Set1,Draw5,3,col3,Combined|Set1|Draw5|col3,A,combined,1,3,1,5,3,5,2440088,7,4,False,9,11,12,12
Michigan4,LS1,Combined,Set1,Draw5,3,col3,Combined|Set1|Draw5|col3,A,combined,1,3,1,5,3,6,2440088,7,4,False,9,11,12,12
Michigan4,LS1,Combined,Set1,Draw5,3,col3,Combined|Set1|Draw5|col3,A,combined,1,3,1,5,3,7,2440088,7,4,False,9,11,12,12
Michigan4,LS1,Combined,Set1,Draw5,3,col3,Combined|Set1|Draw5|col3,A,combined,1,3,1,5,3,8,2440088,7,4,False,9,11,12,12
Michigan4,LS1,Combined,Set1,Draw5,3,col3,Combined|Set1|Draw5|col3,A,combined,1,3,1,5,3,9,440088,6,3,True,9,11,12,12
Michigan4,LS1,Combined,Set1,Draw5,3,col3,Combined|Set1|Draw5|col3,A,combined,1,3,1,5,3,10,440088,6,3,True,9,11,12,12
Michigan4,LS1,Combined,Set1,Draw5,3,col3,Combined|Set1|Draw5|col3,A,combined,1,3,1,5,3,11,,0,0,False,9,11,12,12
Michigan4,LS1,Combined,Set1,Draw5,3,col3,Combined|Set1|Draw5|col3,B,own,1,3,1,5,3,0,9924400338877,13,7,False,3,6,7,7
Michigan4,LS1,Combined,Set1,Draw5,3,col3,Combined|Set1|Draw5|col3,B,own,1,3,1,5,3,1,99244003388,11,6,False,3,6,7,7
Michigan4,LS1,Combined,Set1,Draw5,3,col3,Combined|Set1|Draw5|col3,B,own,1,3,1,5,3,2,2440088,7,4,False,3,6,7,7
Michigan4,LS1,Combined,Set1,Draw5,3,col3,Combined|Set1|Draw5|col3,B,own,1,3,1,5,3,3,24488,5,3,True,3,6,7,7
Michigan4,LS1,Combined,Set1,Draw5,3,col3,Combined|Set1|Draw5|col3,B,own,1,3,1,5,3,4,24488,5,3,True,3,6,7,7
Michigan4,LS1,Combined,Set1,Draw5,3,col3,Combined|Set1|Draw5|col3,B,own,1,3,1,5,3,5,4488,4,2,True,3,6,7,7
Michigan4,LS1,Combined,Set1,Draw5,3,col3,Combined|Set1|Draw5|col3,B,own,1,3,1,5,3,6,,0,0,False,3,6,7,7
Michigan4,LS1,Combined,Set1,Draw5,3,col3,Combined|Set1|Draw5|col3,B,combined,1,3,1,5,3,0,9924400338877,13,7,False,3,5,6,6
Michigan4,LS1,Combined,Set1,Draw5,3,col3,Combined|Set1|Draw5|col3,B,combined,1,3,1,5,3,1,99244003388,11,6,False,3,5,6,6
Michigan4,LS1,Combined,Set1,Draw5,3,col3,Combined|Set1|Draw5|col3,B,combined,1,3,1,5,3,2,9944003388,10,5,False,3,5,6,6
Michigan4,LS1,Combined,Set1,Draw5,3,col3,Combined|Set1|Draw5|col3,B,combined,1,3,1,5,3,3,440088,6,3,True,3,5,6,6
Michigan4,LS1,Combined,Set1,Draw5,3,col3,Combined|Set1|Draw5|col3,B,combined,1,3,1,5,3,4,00,2,1,True,3,5,6,6
Michigan4,LS1,Combined,Set1,Draw5,3,col3,Combined|Set1|Draw5|col3,B,combined,1,3,1,5,3,5,,0,0,False,3,5,6,6
Michigan4,LS1,Combined,Set1,Draw5,3,col3,Combined|Set1|Draw5|col3,C,own,1,3,1,5,3,0,9924400338877,13,7,False,2,3,4,4
Michigan4,LS1,Combined,Set1,Draw5,3,col3,Combined|Set1|Draw5|col3,C,own,1,3,1,5,3,1,9944003388,10,5,False,2,3,4,4
Michigan4,LS1,Combined,Set1,Draw5,3,col3,Combined|Set1|Draw5|col3,C,own,1,3,1,5,3,2,00,2,1,True,2,3,4,4
Michigan4,LS1,Combined,Set1,Draw5,3,col3,Combined|Set1|Draw5|col3,C,own,1,3,1,5,3,3,,0,0,False,2,3,4,4
Michigan4,LS1,Combined,Set1,Draw5,3,col3,Combined|Set1|Draw5|col3,C,combined,1,3,1,5,3,0,9924400338877,13,7,False,3,5,6,6
Michigan4,LS1,Combined,Set1,Draw5,3,col3,Combined|Set1|Draw5|col3,C,combined,1,3,1,5,3,1,9944003388,10,5,False,3,5,6,6
Michigan4,LS1,Combined,Set1,Draw5,3,col3,Combined|Set1|Draw5|col3,C,combined,1,3,1,5,3,2,9944003388,10,5,False,3,5,6,6
Michigan4,LS1,Combined,Set1,Draw5,3,col3,Combined|Set1|Draw5|col3,C,combined,1,3,1,5,3,3,00,2,1,True,3,5,6,6
Michigan4,LS1,Combined,Set1,Draw5,3,col3,Combined|Set1|Draw5|col3,C,combined,1,3,1,5,3,4,00,2,1,True,3,5,6,6
Michigan4,LS1,Combined,Set1,Draw5,3,col3,Combined|Set1|Draw5|col3,C,combined,1,3,1,5,3,5,,0,0,False,3,5,6,6
Michigan4,LS1,Combined,Set1,Draw5,3,col3,Combined|Set1|Draw5|col3,D,own,1,3,1,5,3,0,9924400338877,13,7,False,2,6,7,7
Michigan4,LS1,Combined,Set1,Draw5,3,col3,Combined|Set1|Draw5|col3,D,own,1,3,1,5,3,1,9944003388,10,5,False,2,6,7,7
Michigan4,LS1,Combined,Set1,Draw5,3,col3,Combined|Set1|Draw5|col3,D,own,1,3,1,5,3,2,4008,4,3,True,2,6,7,7
Michigan4,LS1,Combined,Set1,Draw5,3,col3,Combined|Set1|Draw5|col3,D,own,1,3,1,5,3,3,408,3,3,True,2,6,7,7
Michigan4,LS1,Combined,Set1,Draw5,3,col3,Combined|Set1|Draw5|col3,D,own,1,3,1,5,3,4,48,2,2,True,2,6,7,7
Michigan4,LS1,Combined,Set1,Draw5,3,col3,Combined|Set1|Draw5|col3,D,own,1,3,1,5,3,5,48,2,2,True,2,6,7,7
Michigan4,LS1,Combined,Set1,Draw5,3,col3,Combined|Set1|Draw5|col3,D,own,1,3,1,5,3,6,,0,0,False,2,6,7,7
Michigan4,LS1,Combined,Set1,Draw5,3,col3,Combined|Set1|Draw5|col3,D,combined,1,3,1,5,3,0,9924400338877,13,7,False,3,6,7,7
Michigan4,LS1,Combined,Set1,Draw5,3,col3,Combined|Set1|Draw5|col3,D,combined,1,3,1,5,3,1,9944003388,10,5,False,3,6,7,7
Michigan4,LS1,Combined,Set1,Draw5,3,col3,Combined|Set1|Draw5|col3,D,combined,1,3,1,5,3,2,9944003388,10,5,False,3,6,7,7
Michigan4,LS1,Combined,Set1,Draw5,3,col3,Combined|Set1|Draw5|col3,D,combined,1,3,1,5,3,3,4008,4,3,True,3,6,7,7
Michigan4,LS1,Combined,Set1,Draw5,3,col3,Combined|Set1|Draw5|col3,D,combined,1,3,1,5,3,4,00,2,1,True,3,6,7,7
Michigan4,LS1,Combined,Set1,Draw5,3,col3,Combined|Set1|Draw5|col3,D,combined,1,3,1,5,3,5,0,1,1,True,3,6,7,7
Michigan4,LS1,Combined,Set1,Draw5,3,col3,Combined|Set1|Draw5|col3,D,combined,1,3,1,5,3,6,,0,0,False,3,6,7,7
Michigan4,LS1,Combined,Set1,Draw5,3,col3,Combined|Set1|Draw5|col3,E,own,1,3,1,5,3,0,9924400338877,13,7,False,7,9,10,10
Michigan4,LS1,Combined,Set1,Draw5,3,col3,Combined|Set1|Draw5|col3,E,own,1,3,1,5,3,1,992440033887,12,7,False,7,9,10,10
Michigan4,LS1,Combined,Set1,Draw5,3,col3,Combined|Set1|Draw5|col3,E,own,1,3,1,5,3,2,9244003887,10,7,False,7,9,10,10
Michigan4,LS1,Combined,Set1,Draw5,3,col3,Combined|Set1|Draw5|col3,E,own,1,3,1,5,3,3,924403887,9,7,False,7,9,10,10
Michigan4,LS1,Combined,Set1,Draw5,3,col3,Combined|Set1|Draw5|col3,E,own,1,3,1,5,3,4,92443887,8,6,False,7,9,10,10
Michigan4,LS1,Combined,Set1,Draw5,3,col3,Combined|Set1|Draw5|col3,E,own,1,3,1,5,3,5,9443887,7,5,False,7,9,10,10
Michigan4,LS1,Combined,Set1,Draw5,3,col3,Combined|Set1|Draw5|col3,E,own,1,3,1,5,3,6,94387,5,5,False,7,9,10,10
Michigan4,LS1,Combined,Set1,Draw5,3,col3,Combined|Set1|Draw5|col3,E,own,1,3,1,5,3,7,47,2,2,True,7,9,10,10
Michigan4,LS1,Combined,Set1,Draw5,3,col3,Combined|Set1|Draw5|col3,E,own,1,3,1,5,3,8,4,1,1,True,7,9,10,10
Michigan4,LS1,Combined,Set1,Draw5,3,col3,Combined|Set1|Draw5|col3,E,own,1,3,1,5,3,9,,0,0,False,7,9,10,10
Michigan4,LS1,Combined,Set1,Draw5,3,col3,Combined|Set1|Draw5|col3,E,combined,1,3,1,5,3,0,9924400338877,13,7,False,6,12,13,13
Michigan4,LS1,Combined,Set1,Draw5,3,col3,Combined|Set1|Draw5|col3,E,combined,1,3,1,5,3,1,992440033887,12,7,False,6,12,13,13
Michigan4,LS1,Combined,Set1,Draw5,3,col3,Combined|Set1|Draw5|col3,E,combined,1,3,1,5,3,2,99244003388,11,6,False,6,12,13,13
Michigan4,LS1,Combined,Set1,Draw5,3,col3,Combined|Set1|Draw5|col3,E,combined,1,3,1,5,3,3,924400388,9,6,False,6,12,13,13
Michigan4,LS1,Combined,Set1,Draw5,3,col3,Combined|Set1|Draw5|col3,E,combined,1,3,1,5,3,4,2440088,7,4,False,6,12,13,13
Michigan4,LS1,Combined,Set1,Draw5,3,col3,Combined|Set1|Draw5|col3,E,combined,1,3,1,5,3,5,244088,6,4,False,6,12,13,13
Michigan4,LS1,Combined,Set1,Draw5,3,col3,Combined|Set1|Draw5|col3,E,combined,1,3,1,5,3,6,24488,5,3,True,6,12,13,13
Michigan4,LS1,Combined,Set1,Draw5,3,col3,Combined|Set1|Draw5|col3,E,combined,1,3,1,5,3,7,24488,5,3,True,6,12,13,13
Michigan4,LS1,Combined,Set1,Draw5,3,col3,Combined|Set1|Draw5|col3,E,combined,1,3,1,5,3,8,24488,5,3,True,6,12,13,13
Michigan4,LS1,Combined,Set1,Draw5,3,col3,Combined|Set1|Draw5|col3,E,combined,1,3,1,5,3,9,4488,4,2,True,6,12,13,13
Michigan4,LS1,Combined,Set1,Draw5,3,col3,Combined|Set1|Draw5|col3,E,combined,1,3,1,5,3,10,4488,4,2,True,6,12,13,13
Michigan4,LS1,Combined,Set1,Draw5,3,col3,Combined|Set1|Draw5|col3,E,combined,1,3,1,5,3,11,48,2,2,True,6,12,13,13
Michigan4,LS1,Combined,Set1,Draw5,3,col3,Combined|Set1|Draw5|col3,E,combined,1,3,1,5,3,12,,0,0,False,6,12,13,13
Michigan4,LS1,Combined,Set1,Draw5,3,col3,Combined|Set1|Draw5|col3,T,own,1,3,1,5,3,0,9924400338877,13,7,False,2,6,7,5
Michigan4,LS1,Combined,Set1,Draw5,3,col3,Combined|Set1|Draw5|col3,T,own,1,3,1,5,3,1,9944003388,10,5,False,2,6,7,5
Michigan4,LS1,Combined,Set1,Draw5,3,col3,Combined|Set1|Draw5|col3,T,own,1,3,1,5,3,2,00,2,1,True,2,6,7,5
Michigan4,LS1,Combined,Set1,Draw5,3,col3,Combined|Set1|Draw5|col3,T,own,1,3,1,5,3,3,00,2,1,True,2,6,7,5
Michigan4,LS1,Combined,Set1,Draw5,3,col3,Combined|Set1|Draw5|col3,T,own,1,3,1,5,3,6,,0,0,False,2,6,7,5
Michigan4,LS1,Combined,Set1,Draw5,3,col3,Combined|Set1|Draw5|col3,T,combined,1,3,1,5,3,0,9924400338877,13,7,False,3,11,12,6
Michigan4,LS1,Combined,Set1,Draw5,3,col3,Combined|Set1|Draw5|col3,T,combined,1,3,1,5,3,1,9944003388,10,5,False,3,11,12,6
Michigan4,LS1,Combined,Set1,Draw5,3,col3,Combined|Set1|Draw5|col3,T,combined,1,3,1,5,3,2,9944003388,10,5,False,3,11,12,6
Michigan4,LS1,Combined,Set1,Draw5,3,col3,Combined|Set1|Draw5|col3,T,combined,1,3,1,5,3,3,00,2,1,True,3,11,12,6
Michigan4,LS1,Combined,Set1,Draw5,3,col3,Combined|Set1|Draw5|col3,T,combined,1,3,1,5,3,4,00,2,1,True,3,11,12,6
Michigan4,LS1,Combined,Set1,Draw5,3,col3,Combined|Set1|Draw5|col3,T,combined,1,3,1,5,3,11,,0,0,False,3,11,12,6
Michigan4,LS1,Combined,Set1,Draw5,2,col2,Combined|Set1|Draw5|col2,A,own,1,3,1,5,2,0,92440038877**,13,8,False,6,6,29,7
Michigan4,LS1,Combined,Set1,Draw5,2,col2,Combined|Set1|Draw5|col2,A,own,1,3,1,5,2,1,924400388**,11,7,False,6,6,29,7
Michigan4,LS1,Combined,Set1,Draw5,2,col2,Combined|Set1|Draw5|col2,A,own,1,3,1,5,2,2,2440088**,9,5,False,6,6,29,7
Michigan4,LS1,Combined,Set1,Draw5,2,col2,Combined|Set1|Draw5|col2,A,own,1,3,1,5,2,3,2440088**,9,5,False,6,6,29,7
Michigan4,LS1,Combined,Set1,Draw5,2,col2,Combined|Set1|Draw5|col2,A,own,1,3,1,5,2,4,2440088**,9,5,False,6,6,29,7
Michigan4,LS1,Combined,Set1,Draw5,2,col2,Combined|Set1|Draw5|col2,A,own,1,3,1,5,2,5,440088**,8,4,False,6,6,29,7
Michigan4,LS1,Combined,Set1,Draw5,2,col2,Combined|Set1|Draw5|col2,A,own,1,3,1,5,2,6,**,2,1,True,6,6,29,7
Michigan4,LS1,Combined,Set1,Draw5,2,col2,Combined|Set1|Draw5|col2,A,combined,1,3,1,5,2,0,92440038877**,13,8,False,11,11,57,12
Michigan4,LS1,Combined,Set1,Draw5,2,col2,Combined|Set1|Draw5|col2,A,combined,1,3,1,5,2,1,924400388**,11,7,False,11,11,57,12
Michigan4,LS1,Combined,Set1,Draw5,2,col2,Combined|Set1|Draw5|col2,A,combined,1,3,1,5,2,2,924400388**,11,7,False,11,11,57,12
Michigan4,LS1,Combined,Set1,Draw5,2,col2,Combined|Set1|Draw5|col2,A,combined,1,3,1,5,2,3,2440088**,9,5,False,11,11,57,12
Michigan4,LS1,Combined,Set1,Draw5,2,col2,Combined|Set1|Draw5|col2,A,combined,1,3,1,5,2,4,2440088**,9,5,False,11,11,57,12
Michigan4,LS1,Combined,Set1,Draw5,2,col2,Combined|Set1|Draw5|col2,A,combined,1,3,1,5,2,5,2440088**,9,5,False,11,11,57,12
Michigan4,LS1,Combined,Set1,Draw5,2,col2,Combined|Set1|Draw5|col2,A,combined,1,3,1,5,2,6,2440088**,9,5,False,11,11,57,12
Michigan4,LS1,Combined,Set1,Draw5,2,col2,Combined|Set1|Draw5|col2,A,combined,1,3,1,5,2,7,2440088**,9,5,False,11,11,57,12
Michigan4,LS1,Combined,Set1,Draw5,2,col2,Combined|Set1|Draw5|col2,A,combined,1,3,1,5,2,8,2440088**,9,5,False,11,11,57,12
Michigan4,LS1,Combined,Set1,Draw5,2,col2,Combined|Set1|Draw5|col2,A,combined,1,3,1,5,2,9,440088**,8,4,False,11,11,57,12
Michigan4,LS1,Combined,Set1,Draw5,2,col2,Combined|Set1|Draw5|col2,A,combined,1,3,1,5,2,10,440088**,8,4,False,11,11,57,12
Michigan4,LS1,Combined,Set1,Draw5,2,col2,Combined|Set1|Draw5|col2,A,combined,1,3,1,5,2,11,**,2,1,True,11,11,57,12
Michigan4,LS1,Combined,Set1,Draw5,2,col2,Combined|Set1|Draw5|col2,B,own,1,3,1,5,2,0,92440038877**,13,8,False,5,6,29,7
Michigan4,LS1,Combined,Set1,Draw5,2,col2,Combined|Set1|Draw5|col2,B,own,1,3,1,5,2,1,924400388**,11,7,False,5,6,29,7
Michigan4,LS1,Combined,Set1,Draw5,2,col2,Combined|Set1|Draw5|col2,B,own,1,3,1,5,2,2,2440088**,9,5,False,5,6,29,7
Michigan4,LS1,Combined,Set1,Draw5,2,col2,Combined|Set1|Draw5|col2,B,own,1,3,1,5,2,3,24488**,7,4,False,5,6,29,7
Michigan4,LS1,Combined,Set1,Draw5,2,col2,Combined|Set1|Draw5|col2,B,own,1,3,1,5,2,4,24488**,7,4,False,5,6,29,7
Michigan4,LS1,Combined,Set1,Draw5,2,col2,Combined|Set1|Draw5|col2,B,own,1,3,1,5,2,5,4488**,6,3,True,5,6,29,7
Michigan4,LS1,Combined,Set1,Draw5,2,col2,Combined|Set1|Draw5|col2,B,own,1,3,1,5,2,6,**,2,1,True,5,6,29,7
Michigan4,LS1,Combined,Set1,Draw5,2,col2,Combined|Set1|Draw5|col2,B,combined,1,3,1,5,2,0,92440038877**,13,8,False,4,5,57,6
Michigan4,LS1,Combined,Set1,Draw5,2,col2,Combined|Set1|Draw5|col2,B,combined,1,3,1,5,2,1,924400388**,11,7,False,4,5,57,6
Michigan4,LS1,Combined,Set1,Draw5,2,col2,Combined|Set1|Draw5|col2,B,combined,1,3,1,5,2,2,94400388**,10,6,False,4,5,57,6
Michigan4,LS1,Combined,Set1,Draw5,2,col2,Combined|Set1|Draw5|col2,B,combined,1,3,1,5,2,3,440088**,8,4,False,4,5,57,6
Michigan4,LS1,Combined,Set1,Draw5,2,col2,Combined|Set1|Draw5|col2,B,combined,1,3,1,5,2,4,00**,4,2,True,4,5,57,6
Michigan4,LS1,Combined,Set1,Draw5,2,col2,Combined|Set1|Draw5|col2,B,combined,1,3,1,5,2,5,**,2,1,True,4,5,57,6
Michigan4,LS1,Combined,Set1,Draw5,2,col2,Combined|Set1|Draw5|col2,C,own,1,3,1,5,2,0,92440038877**,13,8,False,2,3,29,4
Michigan4,LS1,Combined,Set1,Draw5,2,col2,Combined|Set1|Draw5|col2,C,own,1,3,1,5,2,1,94400388**,10,6,False,2,3,29,4
Michigan4,LS1,Combined,Set1,Draw5,2,col2,Combined|Set1|Draw5|col2,C,own,1,3,1,5,2,2,00**,4,2,True,2,3,29,4
Michigan4,LS1,Combined,Set1,Draw5,2,col2,Combined|Set1|Draw5|col2,C,own,1,3,1,5,2,3,**,2,1,True,2,3,29,4
Michigan4,LS1,Combined,Set1,Draw5,2,col2,Combined|Set1|Draw5|col2,C,combined,1,3,1,5,2,0,92440038877**,13,8,False,3,5,57,6
Michigan4,LS1,Combined,Set1,Draw5,2,col2,Combined|Set1|Draw5|col2,C,combined,1,3,1,5,2,1,94400388**,10,6,False,3,5,57,6
Michigan4,LS1,Combined,Set1,Draw5,2,col2,Combined|Set1|Draw5|col2,C,combined,1,3,1,5,2,2,94400388**,10,6,False,3,5,57,6
Michigan4,LS1,Combined,Set1,Draw5,2,col2,Combined|Set1|Draw5|col2,C,combined,1,3,1,5,2,3,00**,4,2,True,3,5,57,6
Michigan4,LS1,Combined,Set1,Draw5,2,col2,Combined|Set1|Draw5|col2,C,combined,1,3,1,5,2,4,00**,4,2,True,3,5,57,6
Michigan4,LS1,Combined,Set1,Draw5,2,col2,Combined|Set1|Draw5|col2,C,combined,1,3,1,5,2,5,**,2,1,True,3,5,57,6
Michigan4,LS1,Combined,Set1,Draw5,2,col2,Combined|Set1|Draw5|col2,D,own,1,3,1,5,2,0,92440038877**,13,8,False,4,6,29,7
Michigan4,LS1,Combined,Set1,Draw5,2,col2,Combined|Set1|Draw5|col2,D,own,1,3,1,5,2,1,94400388**,10,6,False,4,6,29,7
Michigan4,LS1,Combined,Set1,Draw5,2,col2,Combined|Set1|Draw5|col2,D,own,1,3,1,5,2,2,4008**,6,4,False,4,6,29,7
Michigan4,LS1,Combined,Set1,Draw5,2,col2,Combined|Set1|Draw5|col2,D,own,1,3,1,5,2,3,408**,5,4,False,4,6,29,7
Michigan4,LS1,Combined,Set1,Draw5,2,col2,Combined|Set1|Draw5|col2,D,own,1,3,1,5,2,4,48**,4,3,True,4,6,29,7
Michigan4,LS1,Combined,Set1,Draw5,2,col2,Combined|Set1|Draw5|col2,D,own,1,3,1,5,2,5,48**,4,3,True,4,6,29,7
Michigan4,LS1,Combined,Set1,Draw5,2,col2,Combined|Set1|Draw5|col2,D,own,1,3,1,5,2,6,**,2,1,True,4,6,29,7
Michigan4,LS1,Combined,Set1,Draw5,2,col2,Combined|Set1|Draw5|col2,D,combined,1,3,1,5,2,0,92440038877**,13,8,False,4,6,57,7
Michigan4,LS1,Combined,Set1,Draw5,2,col2,Combined|Set1|Draw5|col2,D,combined,1,3,1,5,2,1,94400388**,10,6,False,4,6,57,7
Michigan4,LS1,Combined,Set1,Draw5,2,col2,Combined|Set1|Draw5|col2,D,combined,1,3,1,5,2,2,94400388**,10,6,False,4,6,57,7
Michigan4,LS1,Combined,Set1,Draw5,2,col2,Combined|Set1|Draw5|col2,D,combined,1,3,1,5,2,3,4008**,6,4,False,4,6,57,7
Michigan4,LS1,Combined,Set1,Draw5,2,col2,Combined|Set1|Draw5|col2,D,combined,1,3,1,5,2,4,00**,4,2,True,4,6,57,7
Michigan4,LS1,Combined,Set1,Draw5,2,col2,Combined|Set1|Draw5|col2,D,combined,1,3,1,5,2,5,0**,3,2,True,4,6,57,7
Michigan4,LS1,Combined,Set1,Draw5,2,col2,Combined|Set1|Draw5|col2,D,combined,1,3,1,5,2,6,**,2,1,True,4,6,57,7
Michigan4,LS1,Combined,Set1,Draw5,2,col2,Combined|Set1|Draw5|col2,E,own,1,3,1,5,2,0,92440038877**,13,8,False,7,8,29,9
Michigan4,LS1,Combined,Set1,Draw5,2,col2,Combined|Set1|Draw5|col2,E,own,1,3,1,5,2,1,9244003887**,12,8,False,7,8,29,9
Michigan4,LS1,Combined,Set1,Draw5,2,col2,Combined|Set1|Draw5|col2,E,own,1,3,1,5,2,2,24400887**,10,6,False,7,8,29,9
Michigan4,LS1,Combined,Set1,Draw5,2,col2,Combined|Set1|Draw5|col2,E,own,1,3,1,5,2,3,2440887**,9,6,False,7,8,29,9
Michigan4,LS1,Combined,Set1,Draw5,2,col2,Combined|Set1|Draw5|col2,E,own,1,3,1,5,2,4,244887**,8,5,False,7,8,29,9
Michigan4,LS1,Combined,Set1,Draw5,2,col2,Combined|Set1|Draw5|col2,E,own,1,3,1,5,2,5,44887**,7,4,False,7,8,29,9
Michigan4,LS1,Combined,Set1,Draw5,2,col2,Combined|Set1|Draw5|col2,E,own,1,3,1,5,2,6,487**,5,4,False,7,8,29,9
Michigan4,LS1,Combined,Set1,Draw5,2,col2,Combined|Set1|Draw5|col2,E,own,1,3,1,5,2,7,7**,3,2,True,7,8,29,9
Michigan4,LS1,Combined,Set1,Draw5,2,col2,Combined|Set1|Draw5|col2,E,own,1,3,1,5,2,8,**,2,1,True,7,8,29,9
Michigan4,LS1,Combined,Set1,Draw5,2,col2,Combined|Set1|Draw5|col2,E,combined,1,3,1,5,2,0,92440038877**,13,8,False,9,11,57,12
Michigan4,LS1,Combined,Set1,Draw5,2,col2,Combined|Set1|Draw5|col2,E,combined,1,3,1,5,2,1,9244003887**,12,8,False,9,11,57,12
Michigan4,LS1,Combined,Set1,Draw5,2,col2,Combined|Set1|Draw5|col2,E,combined,1,3,1,5,2,2,924400388**,11,7,False,9,11,57,12
Michigan4,LS1,Combined,Set1,Draw5,2,col2,Combined|Set1|Draw5|col2,E,combined,1,3,1,5,2,3,2440088**,9,5,False,9,11,57,12
Michigan4,LS1,Combined,Set1,Draw5,2,col2,Combined|Set1|Draw5|col2,E,combined,1,3,1,5,2,4,24008**,7,5,False,9,11,57,12
Michigan4,LS1,Combined,Set1,Draw5,2,col2,Combined|Set1|Draw5|col2,E,combined,1,3,1,5,2,5,2408**,6,5,False,9,11,57,12
Michigan4,LS1,Combined,Set1,Draw5,2,col2,Combined|Set1|Draw5|col2,E,combined,1,3,1,5,2,6,248**,5,4,False,9,11,57,12
Michigan4,LS1,Combined,Set1,Draw5,2,col2,Combined|Set1|Draw5|col2,E,combined,1,3,1,5,2,7,248**,5,4,False,9,11,57,12
Michigan4,LS1,Combined,Set1,Draw5,2,col2,Combined|Set1|Draw5|col2,E,combined,1,3,1,5,2,8,248**,5,4,False,9,11,57,12
Michigan4,LS1,Combined,Set1,Draw5,2,col2,Combined|Set1|Draw5|col2,E,combined,1,3,1,5,2,9,48**,4,3,True,9,11,57,12
Michigan4,LS1,Combined,Set1,Draw5,2,col2,Combined|Set1|Draw5|col2,E,combined,1,3,1,5,2,10,48**,4,3,True,9,11,57,12
Michigan4,LS1,Combined,Set1,Draw5,2,col2,Combined|Set1|Draw5|col2,E,combined,1,3,1,5,2,11,**,2,1,True,9,11,57,12
Michigan4,LS1,Combined,Set1,Draw5,2,col2,Combined|Set1|Draw5|col2,T,own,1,3,1,5,2,0,92440038877**,13,8,False,2,3,29,4
Michigan4,LS1,Combined,Set1,Draw5,2,col2,Combined|Set1|Draw5|col2,T,own,1,3,1,5,2,1,94400388**,10,6,False,2,3,29,4
Michigan4,LS1,Combined,Set1,Draw5,2,col2,Combined|Set1|Draw5|col2,T,own,1,3,1,5,2,2,00**,4,2,True,2,3,29,4
Michigan4,LS1,Combined,Set1,Draw5,2,col2,Combined|Set1|Draw5|col2,T,own,1,3,1,5,2,3,**,2,1,True,2,3,29,4
Michigan4,LS1,Combined,Set1,Draw5,2,col2,Combined|Set1|Draw5|col2,T,combined,1,3,1,5,2,0,92440038877**,13,8,False,3,5,57,6
Michigan4,LS1,Combined,Set1,Draw5,2,col2,Combined|Set1|Draw5|col2,T,combined,1,3,1,5,2,1,94400388**,10,6,False,3,5,57,6
Michigan4,LS1,Combined,Set1,Draw5,2,col2,Combined|Set1|Draw5|col2,T,combined,1,3,1,5,2,2,94400388**,10,6,False,3,5,57,6
Michigan4,LS1,Combined,Set1,Draw5,2,col2,Combined|Set1|Draw5|col2,T,combined,1,3,1,5,2,3,00**,4,2,True,3,5,57,6
Michigan4,LS1,Combined,Set1,Draw5,2,col2,Combined|Set1|Draw5|col2,T,combined,1,3,1,5,2,4,00**,4,2,True,3,5,57,6
Michigan4,LS1,Combined,Set1,Draw5,2,col2,Combined|Set1|Draw5|col2,T,combined,1,3,1,5,2,5,**,2,1,True,3,5,57,6
Michigan4,LS1,Combined,Set1,Draw5,1,col1,Combined|Set1|Draw5|col1,A,own,1,3,1,5,1,0,9244003887**,12,8,False,6,6,29,7
Michigan4,LS1,Combined,Set1,Draw5,1,col1,Combined|Set1|Draw5|col1,A,own,1,3,1,5,1,1,924400388**,11,7,False,6,6,29,7
Michigan4,LS1,Combined,Set1,Draw5,1,col1,Combined|Set1|Draw5|col1,A,own,1,3,1,5,1,2,2440088**,9,5,False,6,6,29,7
Michigan4,LS1,Combined,Set1,Draw5,1,col1,Combined|Set1|Draw5|col1,A,own,1,3,1,5,1,3,2440088**,9,5,False,6,6,29,7
Michigan4,LS1,Combined,Set1,Draw5,1,col1,Combined|Set1|Draw5|col1,A,own,1,3,1,5,1,4,2440088**,9,5,False,6,6,29,7
Michigan4,LS1,Combined,Set1,Draw5,1,col1,Combined|Set1|Draw5|col1,A,own,1,3,1,5,1,5,440088**,8,4,False,6,6,29,7
Michigan4,LS1,Combined,Set1,Draw5,1,col1,Combined|Set1|Draw5|col1,A,own,1,3,1,5,1,6,**,2,1,True,6,6,29,7
Michigan4,LS1,Combined,Set1,Draw5,1,col1,Combined|Set1|Draw5|col1,A,combined,1,3,1,5,1,0,9244003887**,12,8,False,11,11,57,12
Michigan4,LS1,Combined,Set1,Draw5,1,col1,Combined|Set1|Draw5|col1,A,combined,1,3,1,5,1,1,924400388**,11,7,False,11,11,57,12
Michigan4,LS1,Combined,Set1,Draw5,1,col1,Combined|Set1|Draw5|col1,A,combined,1,3,1,5,1,2,924400388**,11,7,False,11,11,57,12
Michigan4,LS1,Combined,Set1,Draw5,1,col1,Combined|Set1|Draw5|col1,A,combined,1,3,1,5,1,3,2440088**,9,5,False,11,11,57,12
Michigan4,LS1,Combined,Set1,Draw5,1,col1,Combined|Set1|Draw5|col1,A,combined,1,3,1,5,1,4,2440088**,9,5,False,11,11,57,12
Michigan4,LS1,Combined,Set1,Draw5,1,col1,Combined|Set1|Draw5|col1,A,combined,1,3,1,5,1,5,2440088**,9,5,False,11,11,57,12
Michigan4,LS1,Combined,Set1,Draw5,1,col1,Combined|Set1|Draw5|col1,A,combined,1,3,1,5,1,6,2440088**,9,5,False,11,11,57,12
Michigan4,LS1,Combined,Set1,Draw5,1,col1,Combined|Set1|Draw5|col1,A,combined,1,3,1,5,1,7,2440088**,9,5,False,11,11,57,12
Michigan4,LS1,Combined,Set1,Draw5,1,col1,Combined|Set1|Draw5|col1,A,combined,1,3,1,5,1,8,2440088**,9,5,False,11,11,57,12
Michigan4,LS1,Combined,Set1,Draw5,1,col1,Combined|Set1|Draw5|col1,A,combined,1,3,1,5,1,9,440088**,8,4,False,11,11,57,12
Michigan4,LS1,Combined,Set1,Draw5,1,col1,Combined|Set1|Draw5|col1,A,combined,1,3,1,5,1,10,440088**,8,4,False,11,11,57,12
Michigan4,LS1,Combined,Set1,Draw5,1,col1,Combined|Set1|Draw5|col1,A,combined,1,3,1,5,1,11,**,2,1,True,11,11,57,12
Michigan4,LS1,Combined,Set1,Draw5,1,col1,Combined|Set1|Draw5|col1,B,own,1,3,1,5,1,0,9244003887**,12,8,False,5,6,29,7
Michigan4,LS1,Combined,Set1,Draw5,1,col1,Combined|Set1|Draw5|col1,B,own,1,3,1,5,1,1,924400388**,11,7,False,5,6,29,7
Michigan4,LS1,Combined,Set1,Draw5,1,col1,Combined|Set1|Draw5|col1,B,own,1,3,1,5,1,2,2440088**,9,5,False,5,6,29,7
Michigan4,LS1,Combined,Set1,Draw5,1,col1,Combined|Set1|Draw5|col1,B,own,1,3,1,5,1,3,24488**,7,4,False,5,6,29,7
Michigan4,LS1,Combined,Set1,Draw5,1,col1,Combined|Set1|Draw5|col1,B,own,1,3,1,5,1,4,24488**,7,4,False,5,6,29,7
Michigan4,LS1,Combined,Set1,Draw5,1,col1,Combined|Set1|Draw5|col1,B,own,1,3,1,5,1,5,4488**,6,3,True,5,6,29,7
Michigan4,LS1,Combined,Set1,Draw5,1,col1,Combined|Set1|Draw5|col1,B,own,1,3,1,5,1,6,**,2,1,True,5,6,29,7
Michigan4,LS1,Combined,Set1,Draw5,1,col1,Combined|Set1|Draw5|col1,B,combined,1,3,1,5,1,0,9244003887**,12,8,False,4,5,57,6
Michigan4,LS1,Combined,Set1,Draw5,1,col1,Combined|Set1|Draw5|col1,B,combined,1,3,1,5,1,1,924400388**,11,7,False,4,5,57,6
Michigan4,LS1,Combined,Set1,Draw5,1,col1,Combined|Set1|Draw5|col1,B,combined,1,3,1,5,1,2,94400388**,10,6,False,4,5,57,6
Michigan4,LS1,Combined,Set1,Draw5,1,col1,Combined|Set1|Draw5|col1,B,combined,1,3,1,5,1,3,440088**,8,4,False,4,5,57,6
Michigan4,LS1,Combined,Set1,Draw5,1,col1,Combined|Set1|Draw5|col1,B,combined,1,3,1,5,1,4,00**,4,2,True,4,5,57,6
Michigan4,LS1,Combined,Set1,Draw5,1,col1,Combined|Set1|Draw5|col1,B,combined,1,3,1,5,1,5,**,2,1,True,4,5,57,6
Michigan4,LS1,Combined,Set1,Draw5,1,col1,Combined|Set1|Draw5|col1,C,own,1,3,1,5,1,0,9244003887**,12,8,False,2,3,29,4
Michigan4,LS1,Combined,Set1,Draw5,1,col1,Combined|Set1|Draw5|col1,C,own,1,3,1,5,1,1,94400388**,10,6,False,2,3,29,4
Michigan4,LS1,Combined,Set1,Draw5,1,col1,Combined|Set1|Draw5|col1,C,own,1,3,1,5,1,2,00**,4,2,True,2,3,29,4
Michigan4,LS1,Combined,Set1,Draw5,1,col1,Combined|Set1|Draw5|col1,C,own,1,3,1,5,1,3,**,2,1,True,2,3,29,4
Michigan4,LS1,Combined,Set1,Draw5,1,col1,Combined|Set1|Draw5|col1,C,combined,1,3,1,5,1,0,9244003887**,12,8,False,3,5,57,6
Michigan4,LS1,Combined,Set1,Draw5,1,col1,Combined|Set1|Draw5|col1,C,combined,1,3,1,5,1,1,94400388**,10,6,False,3,5,57,6
Michigan4,LS1,Combined,Set1,Draw5,1,col1,Combined|Set1|Draw5|col1,C,combined,1,3,1,5,1,2,94400388**,10,6,False,3,5,57,6
Michigan4,LS1,Combined,Set1,Draw5,1,col1,Combined|Set1|Draw5|col1,C,combined,1,3,1,5,1,3,00**,4,2,True,3,5,57,6
Michigan4,LS1,Combined,Set1,Draw5,1,col1,Combined|Set1|Draw5|col1,C,combined,1,3,1,5,1,4,00**,4,2,True,3,5,57,6
Michigan4,LS1,Combined,Set1,Draw5,1,col1,Combined|Set1|Draw5|col1,C,combined,1,3,1,5,1,5,**,2,1,True,3,5,57,6
Michigan4,LS1,Combined,Set1,Draw5,1,col1,Combined|Set1|Draw5|col1,D,own,1,3,1,5,1,0,9244003887**,12,8,False,4,6,29,7
Michigan4,LS1,Combined,Set1,Draw5,1,col1,Combined|Set1|Draw5|col1,D,own,1,3,1,5,1,1,94400388**,10,6,False,4,6,29,7
Michigan4,LS1,Combined,Set1,Draw5,1,col1,Combined|Set1|Draw5|col1,D,own,1,3,1,5,1,2,4008**,6,4,False,4,6,29,7
Michigan4,LS1,Combined,Set1,Draw5,1,col1,Combined|Set1|Draw5|col1,D,own,1,3,1,5,1,3,408**,5,4,False,4,6,29,7
Michigan4,LS1,Combined,Set1,Draw5,1,col1,Combined|Set1|Draw5|col1,D,own,1,3,1,5,1,4,48**,4,3,True,4,6,29,7
Michigan4,LS1,Combined,Set1,Draw5,1,col1,Combined|Set1|Draw5|col1,D,own,1,3,1,5,1,5,48**,4,3,True,4,6,29,7
Michigan4,LS1,Combined,Set1,Draw5,1,col1,Combined|Set1|Draw5|col1,D,own,1,3,1,5,1,6,**,2,1,True,4,6,29,7
Michigan4,LS1,Combined,Set1,Draw5,1,col1,Combined|Set1|Draw5|col1,D,combined,1,3,1,5,1,0,9244003887**,12,8,False,4,6,57,7
Michigan4,LS1,Combined,Set1,Draw5,1,col1,Combined|Set1|Draw5|col1,D,combined,1,3,1,5,1,1,94400388**,10,6,False,4,6,57,7
Michigan4,LS1,Combined,Set1,Draw5,1,col1,Combined|Set1|Draw5|col1,D,combined,1,3,1,5,1,2,94400388**,10,6,False,4,6,57,7
Michigan4,LS1,Combined,Set1,Draw5,1,col1,Combined|Set1|Draw5|col1,D,combined,1,3,1,5,1,3,4008**,6,4,False,4,6,57,7
Michigan4,LS1,Combined,Set1,Draw5,1,col1,Combined|Set1|Draw5|col1,D,combined,1,3,1,5,1,4,00**,4,2,True,4,6,57,7
Michigan4,LS1,Combined,Set1,Draw5,1,col1,Combined|Set1|Draw5|col1,D,combined,1,3,1,5,1,5,0**,3,2,True,4,6,57,7
Michigan4,LS1,Combined,Set1,Draw5,1,col1,Combined|Set1|Draw5|col1,D,combined,1,3,1,5,1,6,**,2,1,True,4,6,57,7
Michigan4,LS1,Combined,Set1,Draw5,1,col1,Combined|Set1|Draw5|col1,E,own,1,3,1,5,1,0,9244003887**,12,8,False,5,7,29,8
Michigan4,LS1,Combined,Set1,Draw5,1,col1,Combined|Set1|Draw5|col1,E,own,1,3,1,5,1,1,924400388**,11,7,False,5,7,29,8
Michigan4,LS1,Combined,Set1,Draw5,1,col1,Combined|Set1|Draw5|col1,E,own,1,3,1,5,1,2,2440088**,9,5,False,5,7,29,8
Michigan4,LS1,Combined,Set1,Draw5,1,col1,Combined|Set1|Draw5|col1,E,own,1,3,1,5,1,3,244088**,8,5,False,5,7,29,8
Michigan4,LS1,Combined,Set1,Draw5,1,col1,Combined|Set1|Draw5|col1,E,own,1,3,1,5,1,4,24488**,7,4,False,5,7,29,8
Michigan4,LS1,Combined,Set1,Draw5,1,col1,Combined|Set1|Draw5|col1,E,own,1,3,1,5,1,5,4488**,6,3,True,5,7,29,8
Michigan4,LS1,Combined,Set1,Draw5,1,col1,Combined|Set1|Draw5|col1,E,own,1,3,1,5,1,6,48**,4,3,True,5,7,29,8
Michigan4,LS1,Combined,Set1,Draw5,1,col1,Combined|Set1|Draw5|col1,E,own,1,3,1,5,1,7,**,2,1,True,5,7,29,8
Michigan4,LS1,Combined,Set1,Draw5,1,col1,Combined|Set1|Draw5|col1,E,combined,1,3,1,5,1,0,9244003887**,12,8,False,6,11,57,12
Michigan4,LS1,Combined,Set1,Draw5,1,col1,Combined|Set1|Draw5|col1,E,combined,1,3,1,5,1,1,924400388**,11,7,False,6,11,57,12
Michigan4,LS1,Combined,Set1,Draw5,1,col1,Combined|Set1|Draw5|col1,E,combined,1,3,1,5,1,2,94400388**,10,6,False,6,11,57,12
Michigan4,LS1,Combined,Set1,Draw5,1,col1,Combined|Set1|Draw5|col1,E,combined,1,3,1,5,1,3,440088**,8,4,False,6,11,57,12
Michigan4,LS1,Combined,Set1,Draw5,1,col1,Combined|Set1|Draw5|col1,E,combined,1,3,1,5,1,4,4008**,6,4,False,6,11,57,12
Michigan4,LS1,Combined,Set1,Draw5,1,col1,Combined|Set1|Draw5|col1,E,combined,1,3,1,5,1,5,408**,5,4,False,6,11,57,12
Michigan4,LS1,Combined,Set1,Draw5,1,col1,Combined|Set1|Draw5|col1,E,combined,1,3,1,5,1,6,48**,4,3,True,6,11,57,12
Michigan4,LS1,Combined,Set1,Draw5,1,col1,Combined|Set1|Draw5|col1,E,combined,1,3,1,5,1,7,48**,4,3,True,6,11,57,12
Michigan4,LS1,Combined,Set1,Draw5,1,col1,Combined|Set1|Draw5|col1,E,combined,1,3,1,5,1,8,48**,4,3,True,6,11,57,12
Michigan4,LS1,Combined,Set1,Draw5,1,col1,Combined|Set1|Draw5|col1,E,combined,1,3,1,5,1,9,48**,4,3,True,6,11,57,12
Michigan4,LS1,Combined,Set1,Draw5,1,col1,Combined|Set1|Draw5|col1,E,combined,1,3,1,5,1,10,48**,4,3,True,6,11,57,12
Michigan4,LS1,Combined,Set1,Draw5,1,col1,Combined|Set1|Draw5|col1,E,combined,1,3,1,5,1,11,**,2,1,True,6,11,57,12
Michigan4,LS1,Combined,Set1,Draw5,1,col1,Combined|Set1|Draw5|col1,T,own,1,3,1,5,1,0,9244003887**,12,8,False,2,3,29,4
Michigan4,LS1,Combined,Set1,Draw5,1,col1,Combined|Set1|Draw5|col1,T,own,1,3,1,5,1,1,94400388**,10,6,False,2,3,29,4
Michigan4,LS1,Combined,Set1,Draw5,1,col1,Combined|Set1|Draw5|col1,T,own,1,3,1,5,1,2,00**,4,2,True,2,3,29,4
Michigan4,LS1,Combined,Set1,Draw5,1,col1,Combined|Set1|Draw5|col1,T,own,1,3,1,5,1,3,**,2,1,True,2,3,29,4
Michigan4,LS1,Combined,Set1,Draw5,1,col1,Combined|Set1|Draw5|col1,T,combined,1,3,1,5,1,0,9244003887**,12,8,False,3,5,57,6
Michigan4,LS1,Combined,Set1,Draw5,1,col1,Combined|Set1|Draw5|col1,T,combined,1,3,1,5,1,1,94400388**,10,6,False,3,5,57,6
Michigan4,LS1,Combined,Set1,Draw5,1,col1,Combined|Set1|Draw5|col1,T,combined,1,3,1,5,1,2,94400388**,10,6,False,3,5,57,6
Michigan4,LS1,Combined,Set1,Draw5,1,col1,Combined|Set1|Draw5|col1,T,combined,1,3,1,5,1,3,00**,4,2,True,3,5,57,6
Michigan4,LS1,Combined,Set1,Draw5,1,col1,Combined|Set1|Draw5|col1,T,combined,1,3,1,5,1,4,00**,4,2,True,3,5,57,6
Michigan4,LS1,Combined,Set1,Draw5,1,col1,Combined|Set1|Draw5|col1,T,combined,1,3,1,5,1,5,**,2,1,True,3,5,57,6
Michigan4,LS1,Combined,Set1,Draw6,2,col2,Combined|Set1|Draw6|col2,A,own,1,3,1,6,2,0,922440038877,12,7,False,5,6,7,7
Michigan4,LS1,Combined,Set1,Draw6,2,col2,Combined|Set1|Draw6|col2,A,own,1,3,1,6,2,1,9224400388,10,6,False,5,6,7,7
Michigan4,LS1,Combined,Set1,Draw6,2,col2,Combined|Set1|Draw6|col2,A,own,1,3,1,6,2,2,22440088,8,4,False,5,6,7,7
Michigan4,LS1,Combined,Set1,Draw6,2,col2,Combined|Set1|Draw6|col2,A,own,1,3,1,6,2,3,22440088,8,4,False,5,6,7,7
Michigan4,LS1,Combined,Set1,Draw6,2,col2,Combined|Set1|Draw6|col2,A,own,1,3,1,6,2,4,22440088,8,4,False,5,6,7,7
Michigan4,LS1,Combined,Set1,Draw6,2,col2,Combined|Set1|Draw6|col2,A,own,1,3,1,6,2,5,440088,6,3,True,5,6,7,7
Michigan4,LS1,Combined,Set1,Draw6,2,col2,Combined|Set1|Draw6|col2,A,own,1,3,1,6,2,6,,0,0,False,5,6,7,7
Michigan4,LS1,Combined,Set1,Draw6,2,col2,Combined|Set1|Draw6|col2,A,combined,1,3,1,6,2,0,922440038877,12,7,False,9,11,12,12
Michigan4,LS1,Combined,Set1,Draw6,2,col2,Combined|Set1|Draw6|col2,A,combined,1,3,1,6,2,1,9224400388,10,6,False,9,11,12,12
Michigan4,LS1,Combined,Set1,Draw6,2,col2,Combined|Set1|Draw6|col2,A,combined,1,3,1,6,2,2,9224400388,10,6,False,9,11,12,12
Michigan4,LS1,Combined,Set1,Draw6,2,col2,Combined|Set1|Draw6|col2,A,combined,1,3,1,6,2,3,22440088,8,4,False,9,11,12,12
Michigan4,LS1,Combined,Set1,Draw6,2,col2,Combined|Set1|Draw6|col2,A,combined,1,3,1,6,2,4,22440088,8,4,False,9,11,12,12
Michigan4,LS1,Combined,Set1,Draw6,2,col2,Combined|Set1|Draw6|col2,A,combined,1,3,1,6,2,5,22440088,8,4,False,9,11,12,12
Michigan4,LS1,Combined,Set1,Draw6,2,col2,Combined|Set1|Draw6|col2,A,combined,1,3,1,6,2,6,22440088,8,4,False,9,11,12,12
Michigan4,LS1,Combined,Set1,Draw6,2,col2,Combined|Set1|Draw6|col2,A,combined,1,3,1,6,2,7,22440088,8,4,False,9,11,12,12
Michigan4,LS1,Combined,Set1,Draw6,2,col2,Combined|Set1|Draw6|col2,A,combined,1,3,1,6,2,8,22440088,8,4,False,9,11,12,12
Michigan4,LS1,Combined,Set1,Draw6,2,col2,Combined|Set1|Draw6|col2,A,combined,1,3,1,6,2,9,440088,6,3,True,9,11,12,12
Michigan4,LS1,Combined,Set1,Draw6,2,col2,Combined|Set1|Draw6|col2,A,combined,1,3,1,6,2,10,440088,6,3,True,9,11,12,12
Michigan4,LS1,Combined,Set1,Draw6,2,col2,Combined|Set1|Draw6|col2,A,combined,1,3,1,6,2,11,,0,0,False,9,11,12,12
Michigan4,LS1,Combined,Set1,Draw6,2,col2,Combined|Set1|Draw6|col2,B,own,1,3,1,6,2,0,922440038877,12,7,False,3,6,7,7
Michigan4,LS1,Combined,Set1,Draw6,2,col2,Combined|Set1|Draw6|col2,B,own,1,3,1,6,2,1,9224400388,10,6,False,3,6,7,7
Michigan4,LS1,Combined,Set1,Draw6,2,col2,Combined|Set1|Draw6|col2,B,own,1,3,1,6,2,2,22440088,8,4,False,3,6,7,7
Michigan4,LS1,Combined,Set1,Draw6,2,col2,Combined|Set1|Draw6|col2,B,own,1,3,1,6,2,3,224488,6,3,True,3,6,7,7
Michigan4,LS1,Combined,Set1,Draw6,2,col2,Combined|Set1|Draw6|col2,B,own,1,3,1,6,2,4,224488,6,3,True,3,6,7,7
Michigan4,LS1,Combined,Set1,Draw6,2,col2,Combined|Set1|Draw6|col2,B,own,1,3,1,6,2,5,4488,4,2,True,3,6,7,7
Michigan4,LS1,Combined,Set1,Draw6,2,col2,Combined|Set1|Draw6|col2,B,own,1,3,1,6,2,6,,0,0,False,3,6,7,7
Michigan4,LS1,Combined,Set1,Draw6,2,col2,Combined|Set1|Draw6|col2,B,combined,1,3,1,6,2,0,922440038877,12,7,False,3,5,6,6
Michigan4,LS1,Combined,Set1,Draw6,2,col2,Combined|Set1|Draw6|col2,B,combined,1,3,1,6,2,1,9224400388,10,6,False,3,5,6,6
Michigan4,LS1,Combined,Set1,Draw6,2,col2,Combined|Set1|Draw6|col2,B,combined,1,3,1,6,2,2,94400388,8,5,False,3,5,6,6
Michigan4,LS1,Combined,Set1,Draw6,2,col2,Combined|Set1|Draw6|col2,B,combined,1,3,1,6,2,3,440088,6,3,True,3,5,6,6
Michigan4,LS1,Combined,Set1,Draw6,2,col2,Combined|Set1|Draw6|col2,B,combined,1,3,1,6,2,4,00,2,1,True,3,5,6,6
Michigan4,LS1,Combined,Set1,Draw6,2,col2,Combined|Set1|Draw6|col2,B,combined,1,3,1,6,2,5,,0,0,False,3,5,6,6
Michigan4,LS1,Combined,Set1,Draw6,2,col2,Combined|Set1|Draw6|col2,C,own,1,3,1,6,2,0,922440038877,12,7,False,2,3,4,4
Michigan4,LS1,Combined,Set1,Draw6,2,col2,Combined|Set1|Draw6|col2,C,own,1,3,1,6,2,1,94400388,8,5,False,2,3,4,4
Michigan4,LS1,Combined,Set1,Draw6,2,col2,Combined|Set1|Draw6|col2,C,own,1,3,1,6,2,2,00,2,1,True,2,3,4,4
Michigan4,LS1,Combined,Set1,Draw6,2,col2,Combined|Set1|Draw6|col2,C,own,1,3,1,6,2,3,,0,0,False,2,3,4,4
Michigan4,LS1,Combined,Set1,Draw6,2,col2,Combined|Set1|Draw6|col2,C,combined,1,3,1,6,2,0,922440038877,12,7,False,3,5,6,6
Michigan4,LS1,Combined,Set1,Draw6,2,col2,Combined|Set1|Draw6|col2,C,combined,1,3,1,6,2,1,94400388,8,5,False,3,5,6,6
Michigan4,LS1,Combined,Set1,Draw6,2,col2,Combined|Set1|Draw6|col2,C,combined,1,3,1,6,2,2,94400388,8,5,False,3,5,6,6
Michigan4,LS1,Combined,Set1,Draw6,2,col2,Combined|Set1|Draw6|col2,C,combined,1,3,1,6,2,3,00,2,1,True,3,5,6,6
Michigan4,LS1,Combined,Set1,Draw6,2,col2,Combined|Set1|Draw6|col2,C,combined,1,3,1,6,2,4,00,2,1,True,3,5,6,6
Michigan4,LS1,Combined,Set1,Draw6,2,col2,Combined|Set1|Draw6|col2,C,combined,1,3,1,6,2,5,,0,0,False,3,5,6,6
Michigan4,LS1,Combined,Set1,Draw6,2,col2,Combined|Set1|Draw6|col2,D,own,1,3,1,6,2,0,922440038877,12,7,False,4,6,7,7
Michigan4,LS1,Combined,Set1,Draw6,2,col2,Combined|Set1|Draw6|col2,D,own,1,3,1,6,2,1,924400388,9,6,False,4,6,7,7
Michigan4,LS1,Combined,Set1,Draw6,2,col2,Combined|Set1|Draw6|col2,D,own,1,3,1,6,2,2,24008,5,4,False,4,6,7,7
Michigan4,LS1,Combined,Set1,Draw6,2,col2,Combined|Set1|Draw6|col2,D,own,1,3,1,6,2,3,2408,4,4,False,4,6,7,7
Michigan4,LS1,Combined,Set1,Draw6,2,col2,Combined|Set1|Draw6|col2,D,own,1,3,1,6,2,4,248,3,3,True,4,6,7,7
Michigan4,LS1,Combined,Set1,Draw6,2,col2,Combined|Set1|Draw6|col2,D,own,1,3,1,6,2,5,48,2,2,True,4,6,7,7
Michigan4,LS1,Combined,Set1,Draw6,2,col2,Combined|Set1|Draw6|col2,D,own,1,3,1,6,2,6,,0,0,False,4,6,7,7
Michigan4,LS1,Combined,Set1,Draw6,2,col2,Combined|Set1|Draw6|col2,D,combined,1,3,1,6,2,0,922440038877,12,7,False,3,6,7,7
Michigan4,LS1,Combined,Set1,Draw6,2,col2,Combined|Set1|Draw6|col2,D,combined,1,3,1,6,2,1,924400388,9,6,False,3,6,7,7
Michigan4,LS1,Combined,Set1,Draw6,2,col2,Combined|Set1|Draw6|col2,D,combined,1,3,1,6,2,2,94400388,8,5,False,3,6,7,7
Michigan4,LS1,Combined,Set1,Draw6,2,col2,Combined|Set1|Draw6|col2,D,combined,1,3,1,6,2,3,4008,4,3,True,3,6,7,7
Michigan4,LS1,Combined,Set1,Draw6,2,col2,Combined|Set1|Draw6|col2,D,combined,1,3,1,6,2,4,00,2,1,True,3,6,7,7
Michigan4,LS1,Combined,Set1,Draw6,2,col2,Combined|Set1|Draw6|col2,D,combined,1,3,1,6,2,5,0,1,1,True,3,6,7,7
Michigan4,LS1,Combined,Set1,Draw6,2,col2,Combined|Set1|Draw6|col2,D,combined,1,3,1,6,2,6,,0,0,False,3,6,7,7
Michigan4,LS1,Combined,Set1,Draw6,2,col2,Combined|Set1|Draw6|col2,E,own,1,3,1,6,2,0,922440038877,12,7,False,7,12,13,11
Michigan4,LS1,Combined,Set1,Draw6,2,col2,Combined|Set1|Draw6|col2,E,own,1,3,1,6,2,1,92244003887,11,7,False,7,12,13,11
Michigan4,LS1,Combined,Set1,Draw6,2,col2,Combined|Set1|Draw6|col2,E,own,1,3,1,6,2,2,224400887,9,5,False,7,12,13,11
Michigan4,LS1,Combined,Set1,Draw6,2,col2,Combined|Set1|Draw6|col2,E,own,1,3,1,6,2,3,22440887,8,5,False,7,12,13,11
Michigan4,LS1,Combined,Set1,Draw6,2,col2,Combined|Set1|Draw6|col2,E,own,1,3,1,6,2,4,2244887,7,4,False,7,12,13,11
Michigan4,LS1,Combined,Set1,Draw6,2,col2,Combined|Set1|Draw6|col2,E,own,1,3,1,6,2,5,244887,6,4,False,7,12,13,11
Michigan4,LS1,Combined,Set1,Draw6,2,col2,Combined|Set1|Draw6|col2,E,own,1,3,1,6,2,6,2487,4,4,False,7,12,13,11
Michigan4,LS1,Combined,Set1,Draw6,2,col2,Combined|Set1|Draw6|col2,E,own,1,3,1,6,2,7,27,2,2,True,7,12,13,11
Michigan4,LS1,Combined,Set1,Draw6,2,col2,Combined|Set1|Draw6|col2,E,own,1,3,1,6,2,8,2,1,1,True,7,12,13,11
Michigan4,LS1,Combined,Set1,Draw6,2,col2,Combined|Set1|Draw6|col2,E,own,1,3,1,6,2,9,2,1,1,True,7,12,13,11
Michigan4,LS1,Combined,Set1,Draw6,2,col2,Combined|Set1|Draw6|col2,E,own,1,3,1,6,2,12,,0,0,False,7,12,13,11
Michigan4,LS1,Combined,Set1,Draw6,2,col2,Combined|Set1|Draw6|col2,E,combined,1,3,1,6,2,0,922440038877,12,7,False,6,11,12,12
Michigan4,LS1,Combined,Set1,Draw6,2,col2,Combined|Set1|Draw6|col2,E,combined,1,3,1,6,2,1,92244003887,11,7,False,6,11,12,12
Michigan4,LS1,Combined,Set1,Draw6,2,col2,Combined|Set1|Draw6|col2,E,combined,1,3,1,6,2,2,9224400388,10,6,False,6,11,12,12
Michigan4,LS1,Combined,Set1,Draw6,2,col2,Combined|Set1|Draw6|col2,E,combined,1,3,1,6,2,3,22440088,8,4,False,6,11,12,12
Michigan4,LS1,Combined,Set1,Draw6,2,col2,Combined|Set1|Draw6|col2,E,combined,1,3,1,6,2,4,224008,6,4,False,6,11,12,12
Michigan4,LS1,Combined,Set1,Draw6,2,col2,Combined|Set1|Draw6|col2,E,combined,1,3,1,6,2,5,22408,5,4,False,6,11,12,12
Michigan4,LS1,Combined,Set1,Draw6,2,col2,Combined|Set1|Draw6|col2,E,combined,1,3,1,6,2,6,2248,4,3,True,6,11,12,12
Michigan4,LS1,Combined,Set1,Draw6,2,col2,Combined|Set1|Draw6|col2,E,combined,1,3,1,6,2,7,2248,4,3,True,6,11,12,12
Michigan4,LS1,Combined,Set1,Draw6,2,col2,Combined|Set1|Draw6|col2,E,combined,1,3,1,6,2,8,2248,4,3,True,6,11,12,12
Michigan4,LS1,Combined,Set1,Draw6,2,col2,Combined|Set1|Draw6|col2,E,combined,1,3,1,6,2,9,248,3,3,True,6,11,12,12
Michigan4,LS1,Combined,Set1,Draw6,2,col2,Combined|Set1|Draw6|col2,E,combined,1,3,1,6,2,10,48,2,2,True,6,11,12,12
Michigan4,LS1,Combined,Set1,Draw6,2,col2,Combined|Set1|Draw6|col2,E,combined,1,3,1,6,2,11,,0,0,False,6,11,12,12
Michigan4,LS1,Combined,Set1,Draw6,2,col2,Combined|Set1|Draw6|col2,T,own,1,3,1,6,2,0,922440038877,12,7,False,2,6,7,5
Michigan4,LS1,Combined,Set1,Draw6,2,col2,Combined|Set1|Draw6|col2,T,own,1,3,1,6,2,1,94400388,8,5,False,2,6,7,5
Michigan4,LS1,Combined,Set1,Draw6,2,col2,Combined|Set1|Draw6|col2,T,own,1,3,1,6,2,2,00,2,1,True,2,6,7,5
Michigan4,LS1,Combined,Set1,Draw6,2,col2,Combined|Set1|Draw6|col2,T,own,1,3,1,6,2,3,00,2,1,True,2,6,7,5
Michigan4,LS1,Combined,Set1,Draw6,2,col2,Combined|Set1|Draw6|col2,T,own,1,3,1,6,2,6,,0,0,False,2,6,7,5
Michigan4,LS1,Combined,Set1,Draw6,2,col2,Combined|Set1|Draw6|col2,T,combined,1,3,1,6,2,0,922440038877,12,7,False,3,11,12,6
Michigan4,LS1,Combined,Set1,Draw6,2,col2,Combined|Set1|Draw6|col2,T,combined,1,3,1,6,2,1,94400388,8,5,False,3,11,12,6
Michigan4,LS1,Combined,Set1,Draw6,2,col2,Combined|Set1|Draw6|col2,T,combined,1,3,1,6,2,2,94400388,8,5,False,3,11,12,6
Michigan4,LS1,Combined,Set1,Draw6,2,col2,Combined|Set1|Draw6|col2,T,combined,1,3,1,6,2,3,00,2,1,True,3,11,12,6
Michigan4,LS1,Combined,Set1,Draw6,2,col2,Combined|Set1|Draw6|col2,T,combined,1,3,1,6,2,4,00,2,1,True,3,11,12,6
Michigan4,LS1,Combined,Set1,Draw6,2,col2,Combined|Set1|Draw6|col2,T,combined,1,3,1,6,2,11,,0,0,False,3,11,12,6
Michigan4,LS1,Combined,Set1,Draw7,1,col1,Combined|Set1|Draw7|col1,A,own,1,3,1,7,1,0,5922440038867,13,9,False,5,6,7,7
Michigan4,LS1,Combined,Set1,Draw7,1,col1,Combined|Set1|Draw7|col1,A,own,1,3,1,7,1,1,592244003886,12,8,False,5,6,7,7
Michigan4,LS1,Combined,Set1,Draw7,1,col1,Combined|Set1|Draw7|col1,A,own,1,3,1,7,1,2,5224400886,10,6,False,5,6,7,7
Michigan4,LS1,Combined,Set1,Draw7,1,col1,Combined|Set1|Draw7|col1,A,own,1,3,1,7,1,3,22440088,8,4,False,5,6,7,7
Michigan4,LS1,Combined,Set1,Draw7,1,col1,Combined|Set1|Draw7|col1,A,own,1,3,1,7,1,4,22440088,8,4,False,5,6,7,7
Michigan4,LS1,Combined,Set1,Draw7,1,col1,Combined|Set1|Draw7|col1,A,own,1,3,1,7,1,5,440088,6,3,True,5,6,7,7
Michigan4,LS1,Combined,Set1,Draw7,1,col1,Combined|Set1|Draw7|col1,A,own,1,3,1,7,1,6,,0,0,False,5,6,7,7
Michigan4,LS1,Combined,Set1,Draw7,1,col1,Combined|Set1|Draw7|col1,A,combined,1,3,1,7,1,0,5922440038867,13,9,False,9,11,12,12
Michigan4,LS1,Combined,Set1,Draw7,1,col1,Combined|Set1|Draw7|col1,A,combined,1,3,1,7,1,1,592244003886,12,8,False,9,11,12,12
Michigan4,LS1,Combined,Set1,Draw7,1,col1,Combined|Set1|Draw7|col1,A,combined,1,3,1,7,1,2,592244003886,12,8,False,9,11,12,12
Michigan4,LS1,Combined,Set1,Draw7,1,col1,Combined|Set1|Draw7|col1,A,combined,1,3,1,7,1,3,5224400886,10,6,False,9,11,12,12
Michigan4,LS1,Combined,Set1,Draw7,1,col1,Combined|Set1|Draw7|col1,A,combined,1,3,1,7,1,4,5224400886,10,6,False,9,11,12,12
Michigan4,LS1,Combined,Set1,Draw7,1,col1,Combined|Set1|Draw7|col1,A,combined,1,3,1,7,1,5,22440088,8,4,False,9,11,12,12
Michigan4,LS1,Combined,Set1,Draw7,1,col1,Combined|Set1|Draw7|col1,A,combined,1,3,1,7,1,6,22440088,8,4,False,9,11,12,12
Michigan4,LS1,Combined,Set1,Draw7,1,col1,Combined|Set1|Draw7|col1,A,combined,1,3,1,7,1,7,22440088,8,4,False,9,11,12,12
Michigan4,LS1,Combined,Set1,Draw7,1,col1,Combined|Set1|Draw7|col1,A,combined,1,3,1,7,1,8,22440088,8,4,False,9,11,12,12
Michigan4,LS1,Combined,Set1,Draw7,1,col1,Combined|Set1|Draw7|col1,A,combined,1,3,1,7,1,9,440088,6,3,True,9,11,12,12
Michigan4,LS1,Combined,Set1,Draw7,1,col1,Combined|Set1|Draw7|col1,A,combined,1,3,1,7,1,10,440088,6,3,True,9,11,12,12
Michigan4,LS1,Combined,Set1,Draw7,1,col1,Combined|Set1|Draw7|col1,A,combined,1,3,1,7,1,11,,0,0,False,9,11,12,12
Michigan4,LS1,Combined,Set1,Draw7,1,col1,Combined|Set1|Draw7|col1,B,own,1,3,1,7,1,0,5922440038867,13,9,False,4,6,7,7
Michigan4,LS1,Combined,Set1,Draw7,1,col1,Combined|Set1|Draw7|col1,B,own,1,3,1,7,1,1,59224400388,11,7,False,4,6,7,7
Michigan4,LS1,Combined,Set1,Draw7,1,col1,Combined|Set1|Draw7|col1,B,own,1,3,1,7,1,2,522440088,9,5,False,4,6,7,7
Michigan4,LS1,Combined,Set1,Draw7,1,col1,Combined|Set1|Draw7|col1,B,own,1,3,1,7,1,3,22440088,8,4,False,4,6,7,7
Michigan4,LS1,Combined,Set1,Draw7,1,col1,Combined|Set1|Draw7|col1,B,own,1,3,1,7,1,4,224488,6,3,True,4,6,7,7
Michigan4,LS1,Combined,Set1,Draw7,1,col1,Combined|Set1|Draw7|col1,B,own,1,3,1,7,1,5,4488,4,2,True,4,6,7,7
Michigan4,LS1,Combined,Set1,Draw7,1,col1,Combined|Set1|Draw7|col1,B,own,1,3,1,7,1,6,,0,0,False,4,6,7,7
Michigan4,LS1,Combined,Set1,Draw7,1,col1,Combined|Set1|Draw7|col1,B,combined,1,3,1,7,1,0,5922440038867,13,9,False,4,6,7,7
Michigan4,LS1,Combined,Set1,Draw7,1,col1,Combined|Set1|Draw7|col1,B,combined,1,3,1,7,1,1,59224400388,11,7,False,4,6,7,7
Michigan4,LS1,Combined,Set1,Draw7,1,col1,Combined|Set1|Draw7|col1,B,combined,1,3,1,7,1,2,594400388,9,6,False,4,6,7,7
Michigan4,LS1,Combined,Set1,Draw7,1,col1,Combined|Set1|Draw7|col1,B,combined,1,3,1,7,1,3,5440088,7,4,False,4,6,7,7
Michigan4,LS1,Combined,Set1,Draw7,1,col1,Combined|Set1|Draw7|col1,B,combined,1,3,1,7,1,4,500,3,2,True,4,6,7,7
Michigan4,LS1,Combined,Set1,Draw7,1,col1,Combined|Set1|Draw7|col1,B,combined,1,3,1,7,1,5,00,2,1,True,4,6,7,7
Michigan4,LS1,Combined,Set1,Draw7,1,col1,Combined|Set1|Draw7|col1,B,combined,1,3,1,7,1,6,,0,0,False,4,6,7,7
Michigan4,LS1,Combined,Set1,Draw7,1,col1,Combined|Set1|Draw7|col1,C,own,1,3,1,7,1,0,5922440038867,13,9,False,2,3,4,4
Michigan4,LS1,Combined,Set1,Draw7,1,col1,Combined|Set1|Draw7|col1,C,own,1,3,1,7,1,1,594400388,9,6,False,2,3,4,4
Michigan4,LS1,Combined,Set1,Draw7,1,col1,Combined|Set1|Draw7|col1,C,own,1,3,1,7,1,2,500,3,2,True,2,3,4,4
Michigan4,LS1,Combined,Set1,Draw7,1,col1,Combined|Set1|Draw7|col1,C,own,1,3,1,7,1,3,,0,0,False,2,3,4,4
Michigan4,LS1,Combined,Set1,Draw7,1,col1,Combined|Set1|Draw7|col1,C,combined,1,3,1,7,1,0,5922440038867,13,9,False,3,5,6,6
Michigan4,LS1,Combined,Set1,Draw7,1,col1,Combined|Set1|Draw7|col1,C,combined,1,3,1,7,1,1,594400388,9,6,False,3,5,6,6
Michigan4,LS1,Combined,Set1,Draw7,1,col1,Combined|Set1|Draw7|col1,C,combined,1,3,1,7,1,2,594400388,9,6,False,3,5,6,6
Michigan4,LS1,Combined,Set1,Draw7,1,col1,Combined|Set1|Draw7|col1,C,combined,1,3,1,7,1,3,500,3,2,True,3,5,6,6
Michigan4,LS1,Combined,Set1,Draw7,1,col1,Combined|Set1|Draw7|col1,C,combined,1,3,1,7,1,4,500,3,2,True,3,5,6,6
Michigan4,LS1,Combined,Set1,Draw7,1,col1,Combined|Set1|Draw7|col1,C,combined,1,3,1,7,1,5,,0,0,False,3,5,6,6
Michigan4,LS1,Combined,Set1,Draw7,1,col1,Combined|Set1|Draw7|col1,D,own,1,3,1,7,1,0,5922440038867,13,9,False,4,6,7,7
Michigan4,LS1,Combined,Set1,Draw7,1,col1,Combined|Set1|Draw7|col1,D,own,1,3,1,7,1,1,5924400388,10,7,False,4,6,7,7
Michigan4,LS1,Combined,Set1,Draw7,1,col1,Combined|Set1|Draw7|col1,D,own,1,3,1,7,1,2,524008,6,5,False,4,6,7,7
Michigan4,LS1,Combined,Set1,Draw7,1,col1,Combined|Set1|Draw7|col1,D,own,1,3,1,7,1,3,2408,4,4,False,4,6,7,7
Michigan4,LS1,Combined,Set1,Draw7,1,col1,Combined|Set1|Draw7|col1,D,own,1,3,1,7,1,4,248,3,3,True,4,6,7,7
Michigan4,LS1,Combined,Set1,Draw7,1,col1,Combined|Set1|Draw7|col1,D,own,1,3,1,7,1,5,48,2,2,True,4,6,7,7
Michigan4,LS1,Combined,Set1,Draw7,1,col1,Combined|Set1|Draw7|col1,D,own,1,3,1,7,1,6,,0,0,False,4,6,7,7
Michigan4,LS1,Combined,Set1,Draw7,1,col1,Combined|Set1|Draw7|col1,D,combined,1,3,1,7,1,0,5922440038867,13,9,False,4,6,7,7
Michigan4,LS1,Combined,Set1,Draw7,1,col1,Combined|Set1|Draw7|col1,D,combined,1,3,1,7,1,1,5924400388,10,7,False,4,6,7,7
Michigan4,LS1,Combined,Set1,Draw7,1,col1,Combined|Set1|Draw7|col1,D,combined,1,3,1,7,1,2,594400388,9,6,False,4,6,7,7
Michigan4,LS1,Combined,Set1,Draw7,1,col1,Combined|Set1|Draw7|col1,D,combined,1,3,1,7,1,3,54008,5,4,False,4,6,7,7
Michigan4,LS1,Combined,Set1,Draw7,1,col1,Combined|Set1|Draw7|col1,D,combined,1,3,1,7,1,4,500,3,2,True,4,6,7,7
Michigan4,LS1,Combined,Set1,Draw7,1,col1,Combined|Set1|Draw7|col1,D,combined,1,3,1,7,1,5,0,1,1,True,4,6,7,7
Michigan4,LS1,Combined,Set1,Draw7,1,col1,Combined|Set1|Draw7|col1,D,combined,1,3,1,7,1,6,,0,0,False,4,6,7,7
Michigan4,LS1,Combined,Set1,Draw7,1,col1,Combined|Set1|Draw7|col1,E,own,1,3,1,7,1,0,5922440038867,13,9,False,6,8,9,9
Michigan4,LS1,Combined,Set1,Draw7,1,col1,Combined|Set1|Draw7|col1,E,own,1,3,1,7,1,1,59224400388,11,7,False,6,8,9,9
Michigan4,LS1,Combined,Set1,Draw7,1,col1,Combined|Set1|Draw7|col1,E,own,1,3,1,7,1,2,522440088,9,5,False,6,8,9,9
Michigan4,LS1,Combined,Set1,Draw7,1,col1,Combined|Set1|Draw7|col1,E,own,1,3,1,7,1,3,22440088,8,4,False,6,8,9,9
Michigan4,LS1,Combined,Set1,Draw7,1,col1,Combined|Set1|Draw7|col1,E,own,1,3,1,7,1,4,2244088,7,4,False,6,8,9,9
Michigan4,LS1,Combined,Set1,Draw7,1,col1,Combined|Set1|Draw7|col1,E,own,1,3,1,7,1,5,244088,6,4,False,6,8,9,9
Michigan4,LS1,Combined,Set1,Draw7,1,col1,Combined|Set1|Draw7|col1,E,own,1,3,1,7,1,6,248,3,3,True,6,8,9,9
Michigan4,LS1,Combined,Set1,Draw7,1,col1,Combined|Set1|Draw7|col1,E,own,1,3,1,7,1,7,2,1,1,True,6,8,9,9
Michigan4,LS1,Combined,Set1,Draw7,1,col1,Combined|Set1|Draw7|col1,E,own,1,3,1,7,1,8,,0,0,False,6,8,9,9
Michigan4,LS1,Combined,Set1,Draw7,1,col1,Combined|Set1|Draw7|col1,E,combined,1,3,1,7,1,0,5922440038867,13,9,False,7,11,12,12
Michigan4,LS1,Combined,Set1,Draw7,1,col1,Combined|Set1|Draw7|col1,E,combined,1,3,1,7,1,1,59224400388,11,7,False,7,11,12,12
Michigan4,LS1,Combined,Set1,Draw7,1,col1,Combined|Set1|Draw7|col1,E,combined,1,3,1,7,1,2,5924400388,10,7,False,7,11,12,12
Michigan4,LS1,Combined,Set1,Draw7,1,col1,Combined|Set1|Draw7|col1,E,combined,1,3,1,7,1,3,52440088,8,5,False,7,11,12,12
Michigan4,LS1,Combined,Set1,Draw7,1,col1,Combined|Set1|Draw7|col1,E,combined,1,3,1,7,1,4,524008,6,5,False,7,11,12,12
Michigan4,LS1,Combined,Set1,Draw7,1,col1,Combined|Set1|Draw7|col1,E,combined,1,3,1,7,1,5,24008,5,4,False,7,11,12,12
Michigan4,LS1,Combined,Set1,Draw7,1,col1,Combined|Set1|Draw7|col1,E,combined,1,3,1,7,1,6,2408,4,4,False,7,11,12,12
Michigan4,LS1,Combined,Set1,Draw7,1,col1,Combined|Set1|Draw7|col1,E,combined,1,3,1,7,1,7,248,3,3,True,7,11,12,12
Michigan4,LS1,Combined,Set1,Draw7,1,col1,Combined|Set1|Draw7|col1,E,combined,1,3,1,7,1,8,248,3,3,True,7,11,12,12
Michigan4,LS1,Combined,Set1,Draw7,1,col1,Combined|Set1|Draw7|col1,E,combined,1,3,1,7,1,9,48,2,2,True,7,11,12,12
Michigan4,LS1,Combined,Set1,Draw7,1,col1,Combined|Set1|Draw7|col1,E,combined,1,3,1,7,1,10,48,2,2,True,7,11,12,12
Michigan4,LS1,Combined,Set1,Draw7,1,col1,Combined|Set1|Draw7|col1,E,combined,1,3,1,7,1,11,,0,0,False,7,11,12,12
Michigan4,LS1,Combined,Set1,Draw7,1,col1,Combined|Set1|Draw7|col1,T,own,1,3,1,7,1,0,5922440038867,13,9,False,2,6,7,6
Michigan4,LS1,Combined,Set1,Draw7,1,col1,Combined|Set1|Draw7|col1,T,own,1,3,1,7,1,1,594400388,9,6,False,2,6,7,6
Michigan4,LS1,Combined,Set1,Draw7,1,col1,Combined|Set1|Draw7|col1,T,own,1,3,1,7,1,2,500,3,2,True,2,6,7,6
Michigan4,LS1,Combined,Set1,Draw7,1,col1,Combined|Set1|Draw7|col1,T,own,1,3,1,7,1,3,00,2,1,True,2,6,7,6
Michigan4,LS1,Combined,Set1,Draw7,1,col1,Combined|Set1|Draw7|col1,T,own,1,3,1,7,1,4,00,2,1,True,2,6,7,6
Michigan4,LS1,Combined,Set1,Draw7,1,col1,Combined|Set1|Draw7|col1,T,own,1,3,1,7,1,6,,0,0,False,2,6,7,6
Michigan4,LS1,Combined,Set1,Draw7,1,col1,Combined|Set1|Draw7|col1,T,combined,1,3,1,7,1,0,5922440038867,13,9,False,3,11,12,8
Michigan4,LS1,Combined,Set1,Draw7,1,col1,Combined|Set1|Draw7|col1,T,combined,1,3,1,7,1,1,594400388,9,6,False,3,11,12,8
Michigan4,LS1,Combined,Set1,Draw7,1,col1,Combined|Set1|Draw7|col1,T,combined,1,3,1,7,1,2,594400388,9,6,False,3,11,12,8
Michigan4,LS1,Combined,Set1,Draw7,1,col1,Combined|Set1|Draw7|col1,T,combined,1,3,1,7,1,3,500,3,2,True,3,11,12,8
Michigan4,LS1,Combined,Set1,Draw7,1,col1,Combined|Set1|Draw7|col1,T,combined,1,3,1,7,1,4,500,3,2,True,3,11,12,8
Michigan4,LS1,Combined,Set1,Draw7,1,col1,Combined|Set1|Draw7|col1,T,combined,1,3,1,7,1,5,00,2,1,True,3,11,12,8
Michigan4,LS1,Combined,Set1,Draw7,1,col1,Combined|Set1|Draw7|col1,T,combined,1,3,1,7,1,6,00,2,1,True,3,11,12,8
Michigan4,LS1,Combined,Set1,Draw7,1,col1,Combined|Set1|Draw7|col1,T,combined,1,3,1,7,1,11,,0,0,False,3,11,12,8
Michigan4,LS2,Midday,Set1,Draw4,3,col3,Midday|Set1|Draw4|col3,A,own,2,1,1,4,3,0,559224677,9,6,False,2,7,29,6
Michigan4,LS2,Midday,Set1,Draw4,3,col3,Midday|Set1|Draw4|col3,A,own,2,1,1,4,3,1,55224677,8,5,False,2,7,29,6
Michigan4,LS2,Midday,Set1,Draw4,3,col3,Midday|Set1|Draw4|col3,A,own,2,1,1,4,3,2,22477,5,3,True,2,7,29,6
Michigan4,LS2,Midday,Set1,Draw4,3,col3,Midday|Set1|Draw4|col3,A,own,2,1,1,4,3,3,2277,4,2,True,2,7,29,6
Michigan4,LS2,Midday,Set1,Draw4,3,col3,Midday|Set1|Draw4|col3,A,own,2,1,1,4,3,4,2277,4,2,True,2,7,29,6
Michigan4,LS2,Midday,Set1,Draw4,3,col3,Midday|Set1|Draw4|col3,A,own,2,1,1,4,3,7,77,2,1,True,2,7,29,6
Michigan4,LS2,Midday,Set1,Draw4,3,col3,Midday|Set1|Draw4|col3,A,combined,2,1,1,4,3,0,559224677,9,6,False,3,6,7,7
Michigan4,LS2,Midday,Set1,Draw4,3,col3,Midday|Set1|Draw4|col3,A,combined,2,1,1,4,3,1,55224677,8,5,False,3,6,7,7
Michigan4,LS2,Midday,Set1,Draw4,3,col3,Midday|Set1|Draw4|col3,A,combined,2,1,1,4,3,2,552246,6,4,False,3,6,7,7
Michigan4,LS2,Midday,Set1,Draw4,3,col3,Midday|Set1|Draw4|col3,A,combined,2,1,1,4,3,3,224,3,2,True,3,6,7,7
Michigan4,LS2,Midday,Set1,Draw4,3,col3,Midday|Set1|Draw4|col3,A,combined,2,1,1,4,3,4,224,3,2,True,3,6,7,7
Michigan4,LS2,Midday,Set1,Draw4,3,col3,Midday|Set1|Draw4|col3,A,combined,2,1,1,4,3,5,22,2,1,True,3,6,7,7
Michigan4,LS2,Midday,Set1,Draw4,3,col3,Midday|Set1|Draw4|col3,A,combined,2,1,1,4,3,6,,0,0,False,3,6,7,7
Michigan4,LS2,Midday,Set1,Draw4,3,col3,Midday|Set1|Draw4|col3,B,own,2,1,1,4,3,0,559224677,9,6,False,2,7,29,6
Michigan4,LS2,Midday,Set1,Draw4,3,col3,Midday|Set1|Draw4|col3,B,own,2,1,1,4,3,1,5522477,7,4,False,2,7,29,6
Michigan4,LS2,Midday,Set1,Draw4,3,col3,Midday|Set1|Draw4|col3,B,own,2,1,1,4,3,2,22477,5,3,True,2,7,29,6
Michigan4,LS2,Midday,Set1,Draw4,3,col3,Midday|Set1|Draw4|col3,B,own,2,1,1,4,3,3,2277,4,2,True,2,7,29,6
Michigan4,LS2,Midday,Set1,Draw4,3,col3,Midday|Set1|Draw4|col3,B,own,2,1,1,4,3,4,2277,4,2,True,2,7,29,6
Michigan4,LS2,Midday,Set1,Draw4,3,col3,Midday|Set1|Draw4|col3,B,own,2,1,1,4,3,7,77,2,1,True,2,7,29,6
Michigan4,LS2,Midday,Set1,Draw4,3,col3,Midday|Set1|Draw4|col3,B,combined,2,1,1,4,3,0,559224677,9,6,False,2,6,7,7
Michigan4,LS2,Midday,Set1,Draw4,3,col3,Midday|Set1|Draw4|col3,B,combined,2,1,1,4,3,1,5522477,7,4,False,2,6,7,7
Michigan4,LS2,Midday,Set1,Draw4,3,col3,Midday|Set1|Draw4|col3,B,combined,2,1,1,4,3,2,55224,5,3,True,2,6,7,7
Michigan4,LS2,Midday,Set1,Draw4,3,col3,Midday|Set1|Draw4|col3,B,combined,2,1,1,4,3,3,224,3,2,True,2,6,7,7
Michigan4,LS2,Midday,Set1,Draw4,3,col3,Midday|Set1|Draw4|col3,B,combined,2,1,1,4,3,4,224,3,2,True,2,6,7,7
Michigan4,LS2,Midday,Set1,Draw4,3,col3,Midday|Set1|Draw4|col3,B,combined,2,1,1,4,3,5,22,2,1,True,2,6,7,7
Michigan4,LS2,Midday,Set1,Draw4,3,col3,Midday|Set1|Draw4|col3,B,combined,2,1,1,4,3,6,,0,0,False,2,6,7,7
Michigan4,LS2,Midday,Set1,Draw4,3,col3,Midday|Set1|Draw4|col3,C,own,2,1,1,4,3,0,559224677,9,6,False,1,7,8,5
Michigan4,LS2,Midday,Set1,Draw4,3,col3,Midday|Set1|Draw4|col3,C,own,2,1,1,4,3,1,552277,6,3,True,1,7,8,5
Michigan4,LS2,Midday,Set1,Draw4,3,col3,Midday|Set1|Draw4|col3,C,own,2,1,1,4,3,2,2277,4,2,True,1,7,8,5
Michigan4,LS2,Midday,Set1,Draw4,3,col3,Midday|Set1|Draw4|col3,C,own,2,1,1,4,3,3,2277,4,2,True,1,7,8,5
Michigan4,LS2,Midday,Set1,Draw4,3,col3,Midday|Set1|Draw4|col3,C,own,2,1,1,4,3,7,,0,0,False,1,7,8,5
Michigan4,LS2,Midday,Set1,Draw4,3,col3,Midday|Set1|Draw4|col3,C,combined,2,1,1,4,3,0,559224677,9,6,False,1,3,4,4
Michigan4,LS2,Midday,Set1,Draw4,3,col3,Midday|Set1|Draw4|col3,C,combined,2,1,1,4,3,1,552277,6,3,True,1,3,4,4
Michigan4,LS2,Midday,Set1,Draw4,3,col3,Midday|Set1|Draw4|col3,C,combined,2,1,1,4,3,2,55,2,1,True,1,3,4,4
Michigan4,LS2,Midday,Set1,Draw4,3,col3,Midday|Set1|Draw4|col3,C,combined,2,1,1,4,3,3,,0,0,False,1,3,4,4
Michigan4,LS2,Midday,Set1,Draw4,3,col3,Midday|Set1|Draw4|col3,D,own,2,1,1,4,3,0,559224677,9,6,False,1,7,29,5
Michigan4,LS2,Midday,Set1,Draw4,3,col3,Midday|Set1|Draw4|col3,D,own,2,1,1,4,3,1,552277,6,3,True,1,7,29,5
Michigan4,LS2,Midday,Set1,Draw4,3,col3,Midday|Set1|Draw4|col3,D,own,2,1,1,4,3,2,2277,4,2,True,1,7,29,5
Michigan4,LS2,Midday,Set1,Draw4,3,col3,Midday|Set1|Draw4|col3,D,own,2,1,1,4,3,3,2277,4,2,True,1,7,29,5
Michigan4,LS2,Midday,Set1,Draw4,3,col3,Midday|Set1|Draw4|col3,D,own,2,1,1,4,3,7,7,1,1,True,1,7,29,5
Michigan4,LS2,Midday,Set1,Draw4,3,col3,Midday|Set1|Draw4|col3,D,combined,2,1,1,4,3,0,559224677,9,6,False,1,6,7,6
Michigan4,LS2,Midday,Set1,Draw4,3,col3,Midday|Set1|Draw4|col3,D,combined,2,1,1,4,3,1,552277,6,3,True,1,6,7,6
Michigan4,LS2,Midday,Set1,Draw4,3,col3,Midday|Set1|Draw4|col3,D,combined,2,1,1,4,3,2,552,3,2,True,1,6,7,6
Michigan4,LS2,Midday,Set1,Draw4,3,col3,Midday|Set1|Draw4|col3,D,combined,2,1,1,4,3,3,2,1,1,True,1,6,7,6
Michigan4,LS2,Midday,Set1,Draw4,3,col3,Midday|Set1|Draw4|col3,D,combined,2,1,1,4,3,4,2,1,1,True,1,6,7,6
Michigan4,LS2,Midday,Set1,Draw4,3,col3,Midday|Set1|Draw4|col3,D,combined,2,1,1,4,3,6,,0,0,False,1,6,7,6
Michigan4,LS2,Midday,Set1,Draw4,3,col3,Midday|Set1|Draw4|col3,E,own,2,1,1,4,3,0,559224677,9,6,False,3,7,29,6
Michigan4,LS2,Midday,Set1,Draw4,3,col3,Midday|Set1|Draw4|col3,E,own,2,1,1,4,3,1,5522477,7,4,False,3,7,29,6
Michigan4,LS2,Midday,Set1,Draw4,3,col3,Midday|Set1|Draw4|col3,E,own,2,1,1,4,3,2,522477,6,4,False,3,7,29,6
Michigan4,LS2,Midday,Set1,Draw4,3,col3,Midday|Set1|Draw4|col3,E,own,2,1,1,4,3,3,2277,4,2,True,3,7,29,6
Michigan4,LS2,Midday,Set1,Draw4,3,col3,Midday|Set1|Draw4|col3,E,own,2,1,1,4,3,4,2277,4,2,True,3,7,29,6
Michigan4,LS2,Midday,Set1,Draw4,3,col3,Midday|Set1|Draw4|col3,E,own,2,1,1,4,3,7,277,3,2,True,3,7,29,6
Michigan4,LS2,Midday,Set1,Draw4,3,col3,Midday|Set1|Draw4|col3,E,combined,2,1,1,4,3,0,559224677,9,6,False,4,12,13,11
Michigan4,LS2,Midday,Set1,Draw4,3,col3,Midday|Set1|Draw4|col3,E,combined,2,1,1,4,3,1,5522477,7,4,False,4,12,13,11
Michigan4,LS2,Midday,Set1,Draw4,3,col3,Midday|Set1|Draw4|col3,E,combined,2,1,1,4,3,2,552247,6,4,False,4,12,13,11
Michigan4,LS2,Midday,Set1,Draw4,3,col3,Midday|Set1|Draw4|col3,E,combined,2,1,1,4,3,3,52247,5,4,False,4,12,13,11
Michigan4,LS2,Midday,Set1,Draw4,3,col3,Midday|Set1|Draw4|col3,E,combined,2,1,1,4,3,4,2247,4,3,True,4,12,13,11
Michigan4,LS2,Midday,Set1,Draw4,3,col3,Midday|Set1|Draw4|col3,E,combined,2,1,1,4,3,5,227,3,2,True,4,12,13,11
Michigan4,LS2,Midday,Set1,Draw4,3,col3,Midday|Set1|Draw4|col3,E,combined,2,1,1,4,3,6,27,2,2,True,4,12,13,11
Michigan4,LS2,Midday,Set1,Draw4,3,col3,Midday|Set1|Draw4|col3,E,combined,2,1,1,4,3,7,27,2,2,True,4,12,13,11
Michigan4,LS2,Midday,Set1,Draw4,3,col3,Midday|Set1|Draw4|col3,E,combined,2,1,1,4,3,10,7,1,1,True,4,12,13,11
Michigan4,LS2,Midday,Set1,Draw4,3,col3,Midday|Set1|Draw4|col3,E,combined,2,1,1,4,3,11,7,1,1,True,4,12,13,11
Michigan4,LS2,Midday,Set1,Draw4,3,col3,Midday|Set1|Draw4|col3,E,combined,2,1,1,4,3,12,,0,0,False,4,12,13,11
Michigan4,LS2,Midday,Set1,Draw4,3,col3,Midday|Set1|Draw4|col3,T,own,2,1,1,4,3,0,559224677,9,6,False,1,7,29,5
Michigan4,LS2,Midday,Set1,Draw4,3,col3,Midday|Set1|Draw4|col3,T,own,2,1,1,4,3,1,552277,6,3,True,1,7,29,5
Michigan4,LS2,Midday,Set1,Draw4,3,col3,Midday|Set1|Draw4|col3,T,own,2,1,1,4,3,2,2277,4,2,True,1,7,29,5
Michigan4,LS2,Midday,Set1,Draw4,3,col3,Midday|Set1|Draw4|col3,T,own,2,1,1,4,3,3,2277,4,2,True,1,7,29,5
Michigan4,LS2,Midday,Set1,Draw4,3,col3,Midday|Set1|Draw4|col3,T,own,2,1,1,4,3,7,77,2,1,True,1,7,29,5
Michigan4,LS2,Midday,Set1,Draw4,3,col3,Midday|Set1|Draw4|col3,T,combined,2,1,1,4,3,0,559224677,9,6,False,1,3,4,4
Michigan4,LS2,Midday,Set1,Draw4,3,col3,Midday|Set1|Draw4|col3,T,combined,2,1,1,4,3,1,552277,6,3,True,1,3,4,4
Michigan4,LS2,Midday,Set1,Draw4,3,col3,Midday|Set1|Draw4|col3,T,combined,2,1,1,4,3,2,55,2,1,True,1,3,4,4
Michigan4,LS2,Midday,Set1,Draw4,3,col3,Midday|Set1|Draw4|col3,T,combined,2,1,1,4,3,3,,0,0,False,1,3,4,4
Michigan4,LS2,Midday,Set1,Draw6,1,col1,Midday|Set1|Draw6|col1,A,own,2,1,1,6,1,0,592240377*,10,8,False,3,7,29,8
Michigan4,LS2,Midday,Set1,Draw6,1,col1,Midday|Set1|Draw6|col1,A,own,2,1,1,6,1,1,5224077*,8,6,False,3,7,29,8
Michigan4,LS2,Midday,Set1,Draw6,1,col1,Midday|Set1|Draw6|col1,A,own,2,1,1,6,1,2,224077*,7,5,False,3,7,29,8
Michigan4,LS2,Midday,Set1,Draw6,1,col1,Midday|Set1|Draw6|col1,A,own,2,1,1,6,1,3,2277*,5,3,True,3,7,29,8
Michigan4,LS2,Midday,Set1,Draw6,1,col1,Midday|Set1|Draw6|col1,A,own,2,1,1,6,1,4,2277*,5,3,True,3,7,29,8
Michigan4,LS2,Midday,Set1,Draw6,1,col1,Midday|Set1|Draw6|col1,A,own,2,1,1,6,1,5,2277*,5,3,True,3,7,29,8
Michigan4,LS2,Midday,Set1,Draw6,1,col1,Midday|Set1|Draw6|col1,A,own,2,1,1,6,1,6,2277*,5,3,True,3,7,29,8
Michigan4,LS2,Midday,Set1,Draw6,1,col1,Midday|Set1|Draw6|col1,A,own,2,1,1,6,1,7,77*,3,2,True,3,7,29,8
Michigan4,LS2,Midday,Set1,Draw6,1,col1,Midday|Set1|Draw6|col1,A,combined,2,1,1,6,1,0,592240377*,10,8,False,5,6,57,7
Michigan4,LS2,Midday,Set1,Draw6,1,col1,Midday|Set1|Draw6|col1,A,combined,2,1,1,6,1,1,5224077*,8,6,False,5,6,57,7
Michigan4,LS2,Midday,Set1,Draw6,1,col1,Midday|Set1|Draw6|col1,A,combined,2,1,1,6,1,2,52240*,6,5,False,5,6,57,7
Michigan4,LS2,Midday,Set1,Draw6,1,col1,Midday|Set1|Draw6|col1,A,combined,2,1,1,6,1,3,2240*,5,4,False,5,6,57,7
Michigan4,LS2,Midday,Set1,Draw6,1,col1,Midday|Set1|Draw6|col1,A,combined,2,1,1,6,1,4,2240*,5,4,False,5,6,57,7
Michigan4,LS2,Midday,Set1,Draw6,1,col1,Midday|Set1|Draw6|col1,A,combined,2,1,1,6,1,5,22*,3,2,True,5,6,57,7
Michigan4,LS2,Midday,Set1,Draw6,1,col1,Midday|Set1|Draw6|col1,A,combined,2,1,1,6,1,6,*,1,1,True,5,6,57,7
Michigan4,LS2,Midday,Set1,Draw6,1,col1,Midday|Set1|Draw6|col1,B,own,2,1,1,6,1,0,592240377*,10,8,False,3,7,29,8
Michigan4,LS2,Midday,Set1,Draw6,1,col1,Midday|Set1|Draw6|col1,B,own,2,1,1,6,1,1,5224077*,8,6,False,3,7,29,8
Michigan4,LS2,Midday,Set1,Draw6,1,col1,Midday|Set1|Draw6|col1,B,own,2,1,1,6,1,2,224077*,7,5,False,3,7,29,8
Michigan4,LS2,Midday,Set1,Draw6,1,col1,Midday|Set1|Draw6|col1,B,own,2,1,1,6,1,3,2277*,5,3,True,3,7,29,8
Michigan4,LS2,Midday,Set1,Draw6,1,col1,Midday|Set1|Draw6|col1,B,own,2,1,1,6,1,4,2277*,5,3,True,3,7,29,8
Michigan4,LS2,Midday,Set1,Draw6,1,col1,Midday|Set1|Draw6|col1,B,own,2,1,1,6,1,5,2277*,5,3,True,3,7,29,8
Michigan4,LS2,Midday,Set1,Draw6,1,col1,Midday|Set1|Draw6|col1,B,own,2,1,1,6,1,6,2277*,5,3,True,3,7,29,8
Michigan4,LS2,Midday,Set1,Draw6,1,col1,Midday|Set1|Draw6|col1,B,own,2,1,1,6,1,7,77*,3,2,True,3,7,29,8
Michigan4,LS2,Midday,Set1,Draw6,1,col1,Midday|Set1|Draw6|col1,B,combined,2,1,1,6,1,0,592240377*,10,8,False,4,6,57,7
Michigan4,LS2,Midday,Set1,Draw6,1,col1,Midday|Set1|Draw6|col1,B,combined,2,1,1,6,1,1,5224077*,8,6,False,4,6,57,7
Michigan4,LS2,Midday,Set1,Draw6,1,col1,Midday|Set1|Draw6|col1,B,combined,2,1,1,6,1,2,52240*,6,5,False,4,6,57,7
Michigan4,LS2,Midday,Set1,Draw6,1,col1,Midday|Set1|Draw6|col1,B,combined,2,1,1,6,1,3,2240*,5,4,False,4,6,57,7
Michigan4,LS2,Midday,Set1,Draw6,1,col1,Midday|Set1|Draw6|col1,B,combined,2,1,1,6,1,4,224*,4,3,True,4,6,57,7
Michigan4,LS2,Midday,Set1,Draw6,1,col1,Midday|Set1|Draw6|col1,B,combined,2,1,1,6,1,5,22*,3,2,True,4,6,57,7
Michigan4,LS2,Midday,Set1,Draw6,1,col1,Midday|Set1|Draw6|col1,B,combined,2,1,1,6,1,6,*,1,1,True,4,6,57,7
Michigan4,LS2,Midday,Set1,Draw6,1,col1,Midday|Set1|Draw6|col1,C,own,2,1,1,6,1,0,592240377*,10,8,False,2,7,29,8
Michigan4,LS2,Midday,Set1,Draw6,1,col1,Midday|Set1|Draw6|col1,C,own,2,1,1,6,1,1,522077*,7,5,False,2,7,29,8
Michigan4,LS2,Midday,Set1,Draw6,1,col1,Midday|Set1|Draw6|col1,C,own,2,1,1,6,1,2,2277*,5,3,True,2,7,29,8
Michigan4,LS2,Midday,Set1,Draw6,1,col1,Midday|Set1|Draw6|col1,C,own,2,1,1,6,1,3,2277*,5,3,True,2,7,29,8
Michigan4,LS2,Midday,Set1,Draw6,1,col1,Midday|Set1|Draw6|col1,C,own,2,1,1,6,1,4,2277*,5,3,True,2,7,29,8
Michigan4,LS2,Midday,Set1,Draw6,1,col1,Midday|Set1|Draw6|col1,C,own,2,1,1,6,1,5,2277*,5,3,True,2,7,29,8
Michigan4,LS2,Midday,Set1,Draw6,1,col1,Midday|Set1|Draw6|col1,C,own,2,1,1,6,1,6,2277*,5,3,True,2,7,29,8
Michigan4,LS2,Midday,Set1,Draw6,1,col1,Midday|Set1|Draw6|col1,C,own,2,1,1,6,1,7,*,1,1,True,2,7,29,8
Michigan4,LS2,Midday,Set1,Draw6,1,col1,Midday|Set1|Draw6|col1,C,combined,2,1,1,6,1,0,592240377*,10,8,False,2,3,57,4
Michigan4,LS2,Midday,Set1,Draw6,1,col1,Midday|Set1|Draw6|col1,C,combined,2,1,1,6,1,1,522077*,7,5,False,2,3,57,4
Michigan4,LS2,Midday,Set1,Draw6,1,col1,Midday|Set1|Draw6|col1,C,combined,2,1,1,6,1,2,50*,3,3,True,2,3,57,4
Michigan4,LS2,Midday,Set1,Draw6,1,col1,Midday|Set1|Draw6|col1,C,combined,2,1,1,6,1,3,*,1,1,True,2,3,57,4
Michigan4,LS2,Midday,Set1,Draw6,1,col1,Midday|Set1|Draw6|col1,D,own,2,1,1,6,1,0,592240377*,10,8,False,2,7,29,8
Michigan4,LS2,Midday,Set1,Draw6,1,col1,Midday|Set1|Draw6|col1,D,own,2,1,1,6,1,1,522077*,7,5,False,2,7,29,8
Michigan4,LS2,Midday,Set1,Draw6,1,col1,Midday|Set1|Draw6|col1,D,own,2,1,1,6,1,2,2277*,5,3,True,2,7,29,8
Michigan4,LS2,Midday,Set1,Draw6,1,col1,Midday|Set1|Draw6|col1,D,own,2,1,1,6,1,3,2277*,5,3,True,2,7,29,8
Michigan4,LS2,Midday,Set1,Draw6,1,col1,Midday|Set1|Draw6|col1,D,own,2,1,1,6,1,4,2277*,5,3,True,2,7,29,8
Michigan4,LS2,Midday,Set1,Draw6,1,col1,Midday|Set1|Draw6|col1,D,own,2,1,1,6,1,5,2277*,5,3,True,2,7,29,8
Michigan4,LS2,Midday,Set1,Draw6,1,col1,Midday|Set1|Draw6|col1,D,own,2,1,1,6,1,6,2277*,5,3,True,2,7,29,8
Michigan4,LS2,Midday,Set1,Draw6,1,col1,Midday|Set1|Draw6|col1,D,own,2,1,1,6,1,7,7*,2,2,True,2,7,29,8
Michigan4,LS2,Midday,Set1,Draw6,1,col1,Midday|Set1|Draw6|col1,D,combined,2,1,1,6,1,0,592240377*,10,8,False,3,6,57,6
Michigan4,LS2,Midday,Set1,Draw6,1,col1,Midday|Set1|Draw6|col1,D,combined,2,1,1,6,1,1,522077*,7,5,False,3,6,57,6
Michigan4,LS2,Midday,Set1,Draw6,1,col1,Midday|Set1|Draw6|col1,D,combined,2,1,1,6,1,2,520*,4,4,False,3,6,57,6
Michigan4,LS2,Midday,Set1,Draw6,1,col1,Midday|Set1|Draw6|col1,D,combined,2,1,1,6,1,3,2*,2,2,True,3,6,57,6
Michigan4,LS2,Midday,Set1,Draw6,1,col1,Midday|Set1|Draw6|col1,D,combined,2,1,1,6,1,4,2*,2,2,True,3,6,57,6
Michigan4,LS2,Midday,Set1,Draw6,1,col1,Midday|Set1|Draw6|col1,D,combined,2,1,1,6,1,6,*,1,1,True,3,6,57,6
Michigan4,LS2,Midday,Set1,Draw6,1,col1,Midday|Set1|Draw6|col1,E,own,2,1,1,6,1,0,592240377*,10,8,False,3,7,29,8
Michigan4,LS2,Midday,Set1,Draw6,1,col1,Midday|Set1|Draw6|col1,E,own,2,1,1,6,1,1,5224077*,8,6,False,3,7,29,8
Michigan4,LS2,Midday,Set1,Draw6,1,col1,Midday|Set1|Draw6|col1,E,own,2,1,1,6,1,2,224077*,7,5,False,3,7,29,8
Michigan4,LS2,Midday,Set1,Draw6,1,col1,Midday|Set1|Draw6|col1,E,own,2,1,1,6,1,3,2277*,5,3,True,3,7,29,8
Michigan4,LS2,Midday,Set1,Draw6,1,col1,Midday|Set1|Draw6|col1,E,own,2,1,1,6,1,4,2277*,5,3,True,3,7,29,8
Michigan4,LS2,Midday,Set1,Draw6,1,col1,Midday|Set1|Draw6|col1,E,own,2,1,1,6,1,5,2277*,5,3,True,3,7,29,8
Michigan4,LS2,Midday,Set1,Draw6,1,col1,Midday|Set1|Draw6|col1,E,own,2,1,1,6,1,6,2277*,5,3,True,3,7,29,8
Michigan4,LS2,Midday,Set1,Draw6,1,col1,Midday|Set1|Draw6|col1,E,own,2,1,1,6,1,7,277*,4,3,True,3,7,29,8
Michigan4,LS2,Midday,Set1,Draw6,1,col1,Midday|Set1|Draw6|col1,E,combined,2,1,1,6,1,0,592240377*,10,8,False,5,12,57,11
Michigan4,LS2,Midday,Set1,Draw6,1,col1,Midday|Set1|Draw6|col1,E,combined,2,1,1,6,1,1,5224077*,8,6,False,5,12,57,11
Michigan4,LS2,Midday,Set1,Draw6,1,col1,Midday|Set1|Draw6|col1,E,combined,2,1,1,6,1,2,522407*,7,6,False,5,12,57,11
Michigan4,LS2,Midday,Set1,Draw6,1,col1,Midday|Set1|Draw6|col1,E,combined,2,1,1,6,1,3,22407*,6,5,False,5,12,57,11
Michigan4,LS2,Midday,Set1,Draw6,1,col1,Midday|Set1|Draw6|col1,E,combined,2,1,1,6,1,4,2247*,5,4,False,5,12,57,11
Michigan4,LS2,Midday,Set1,Draw6,1,col1,Midday|Set1|Draw6|col1,E,combined,2,1,1,6,1,5,227*,4,3,True,5,12,57,11
Michigan4,LS2,Midday,Set1,Draw6,1,col1,Midday|Set1|Draw6|col1,E,combined,2,1,1,6,1,6,27*,3,3,True,5,12,57,11
Michigan4,LS2,Midday,Set1,Draw6,1,col1,Midday|Set1|Draw6|col1,E,combined,2,1,1,6,1,7,27*,3,3,True,5,12,57,11
Michigan4,LS2,Midday,Set1,Draw6,1,col1,Midday|Set1|Draw6|col1,E,combined,2,1,1,6,1,10,7*,2,2,True,5,12,57,11
Michigan4,LS2,Midday,Set1,Draw6,1,col1,Midday|Set1|Draw6|col1,E,combined,2,1,1,6,1,11,7*,2,2,True,5,12,57,11
Michigan4,LS2,Midday,Set1,Draw6,1,col1,Midday|Set1|Draw6|col1,E,combined,2,1,1,6,1,12,*,1,1,True,5,12,57,11
Michigan4,LS2,Midday,Set1,Draw6,1,col1,Midday|Set1|Draw6|col1,T,own,2,1,1,6,1,0,592240377*,10,8,False,2,7,29,8
Michigan4,LS2,Midday,Set1,Draw6,1,col1,Midday|Set1|Draw6|col1,T,own,2,1,1,6,1,1,522077*,7,5,False,2,7,29,8
Michigan4,LS2,Midday,Set1,Draw6,1,col1,Midday|Set1|Draw6|col1,T,own,2,1,1,6,1,2,2277*,5,3,True,2,7,29,8
Michigan4,LS2,Midday,Set1,Draw6,1,col1,Midday|Set1|Draw6|col1,T,own,2,1,1,6,1,3,2277*,5,3,True,2,7,29,8
Michigan4,LS2,Midday,Set1,Draw6,1,col1,Midday|Set1|Draw6|col1,T,own,2,1,1,6,1,4,2277*,5,3,True,2,7,29,8
Michigan4,LS2,Midday,Set1,Draw6,1,col1,Midday|Set1|Draw6|col1,T,own,2,1,1,6,1,5,2277*,5,3,True,2,7,29,8
Michigan4,LS2,Midday,Set1,Draw6,1,col1,Midday|Set1|Draw6|col1,T,own,2,1,1,6,1,6,2277*,5,3,True,2,7,29,8
Michigan4,LS2,Midday,Set1,Draw6,1,col1,Midday|Set1|Draw6|col1,T,own,2,1,1,6,1,7,77*,3,2,True,2,7,29,8
Michigan4,LS2,Midday,Set1,Draw6,1,col1,Midday|Set1|Draw6|col1,T,combined,2,1,1,6,1,0,592240377*,10,8,False,2,5,57,6
Michigan4,LS2,Midday,Set1,Draw6,1,col1,Midday|Set1|Draw6|col1,T,combined,2,1,1,6,1,1,522077*,7,5,False,2,5,57,6
Michigan4,LS2,Midday,Set1,Draw6,1,col1,Midday|Set1|Draw6|col1,T,combined,2,1,1,6,1,2,50*,3,3,True,2,5,57,6
Michigan4,LS2,Midday,Set1,Draw6,1,col1,Midday|Set1|Draw6|col1,T,combined,2,1,1,6,1,3,0*,2,2,True,2,5,57,6
Michigan4,LS2,Midday,Set1,Draw6,1,col1,Midday|Set1|Draw6|col1,T,combined,2,1,1,6,1,4,0*,2,2,True,2,5,57,6
Michigan4,LS2,Midday,Set1,Draw6,1,col1,Midday|Set1|Draw6|col1,T,combined,2,1,1,6,1,5,*,1,1,True,2,5,57,6
Michigan4,LS2,Evening,Set1,Draw4,3,col3,Evening|Set1|Draw4|col3,A,own,2,2,1,4,3,0,5544018677,10,7,False,2,7,8,8
Michigan4,LS2,Evening,Set1,Draw4,3,col3,Evening|Set1|Draw4|col3,A,own,2,2,1,4,3,1,5544086,7,5,False,2,7,8,8
Michigan4,LS2,Evening,Set1,Draw4,3,col3,Evening|Set1|Draw4|col3,A,own,2,2,1,4,3,2,4408,4,3,True,2,7,8,8
Michigan4,LS2,Evening,Set1,Draw4,3,col3,Evening|Set1|Draw4|col3,A,own,2,2,1,4,3,3,4408,4,3,True,2,7,8,8
Michigan4,LS2,Evening,Set1,Draw4,3,col3,Evening|Set1|Draw4|col3,A,own,2,2,1,4,3,4,4408,4,3,True,2,7,8,8
Michigan4,LS2,Evening,Set1,Draw4,3,col3,Evening|Set1|Draw4|col3,A,own,2,2,1,4,3,5,4408,4,3,True,2,7,8,8
Michigan4,LS2,Evening,Set1,Draw4,3,col3,Evening|Set1|Draw4|col3,A,own,2,2,1,4,3,6,44,2,1,True,2,7,8,8
Michigan4,LS2,Evening,Set1,Draw4,3,col3,Evening|Set1|Draw4|col3,A,own,2,2,1,4,3,7,,0,0,False,2,7,8,8
Michigan4,LS2,Evening,Set1,Draw4,3,col3,Evening|Set1|Draw4|col3,A,combined,2,2,1,4,3,0,5544018677,10,7,False,3,6,7,7
Michigan4,LS2,Evening,Set1,Draw4,3,col3,Evening|Set1|Draw4|col3,A,combined,2,2,1,4,3,1,5544086,7,5,False,3,6,7,7
Michigan4,LS2,Evening,Set1,Draw4,3,col3,Evening|Set1|Draw4|col3,A,combined,2,2,1,4,3,2,5544086,7,5,False,3,6,7,7
Michigan4,LS2,Evening,Set1,Draw4,3,col3,Evening|Set1|Draw4|col3,A,combined,2,2,1,4,3,3,4408,4,3,True,3,6,7,7
Michigan4,LS2,Evening,Set1,Draw4,3,col3,Evening|Set1|Draw4|col3,A,combined,2,2,1,4,3,4,4408,4,3,True,3,6,7,7
Michigan4,LS2,Evening,Set1,Draw4,3,col3,Evening|Set1|Draw4|col3,A,combined,2,2,1,4,3,5,4408,4,3,True,3,6,7,7
Michigan4,LS2,Evening,Set1,Draw4,3,col3,Evening|Set1|Draw4|col3,A,combined,2,2,1,4,3,6,,0,0,False,3,6,7,7
Michigan4,LS2,Evening,Set1,Draw4,3,col3,Evening|Set1|Draw4|col3,B,own,2,2,1,4,3,0,5544018677,10,7,False,2,6,7,7
Michigan4,LS2,Evening,Set1,Draw4,3,col3,Evening|Set1|Draw4|col3,B,own,2,2,1,4,3,1,554408,6,4,False,2,6,7,7
Michigan4,LS2,Evening,Set1,Draw4,3,col3,Evening|Set1|Draw4|col3,B,own,2,2,1,4,3,2,4408,4,3,True,2,6,7,7
Michigan4,LS2,Evening,Set1,Draw4,3,col3,Evening|Set1|Draw4|col3,B,own,2,2,1,4,3,3,4408,4,3,True,2,6,7,7
Michigan4,LS2,Evening,Set1,Draw4,3,col3,Evening|Set1|Draw4|col3,B,own,2,2,1,4,3,4,0,1,1,True,2,6,7,7
Michigan4,LS2,Evening,Set1,Draw4,3,col3,Evening|Set1|Draw4|col3,B,own,2,2,1,4,3,5,0,1,1,True,2,6,7,7
Michigan4,LS2,Evening,Set1,Draw4,3,col3,Evening|Set1|Draw4|col3,B,own,2,2,1,4,3,6,,0,0,False,2,6,7,7
Michigan4,LS2,Evening,Set1,Draw4,3,col3,Evening|Set1|Draw4|col3,B,combined,2,2,1,4,3,0,5544018677,10,7,False,2,4,5,5
Michigan4,LS2,Evening,Set1,Draw4,3,col3,Evening|Set1|Draw4|col3,B,combined,2,2,1,4,3,1,554408,6,4,False,2,4,5,5
Michigan4,LS2,Evening,Set1,Draw4,3,col3,Evening|Set1|Draw4|col3,B,combined,2,2,1,4,3,2,550,3,2,True,2,4,5,5
Michigan4,LS2,Evening,Set1,Draw4,3,col3,Evening|Set1|Draw4|col3,B,combined,2,2,1,4,3,3,0,1,1,True,2,4,5,5
Michigan4,LS2,Evening,Set1,Draw4,3,col3,Evening|Set1|Draw4|col3,B,combined,2,2,1,4,3,4,,0,0,False,2,4,5,5
Michigan4,LS2,Evening,Set1,Draw4,3,col3,Evening|Set1|Draw4|col3,C,own,2,2,1,4,3,0,5544018677,10,7,False,2,4,5,5
Michigan4,LS2,Evening,Set1,Draw4,3,col3,Evening|Set1|Draw4|col3,C,own,2,2,1,4,3,1,554408,6,4,False,2,4,5,5
Michigan4,LS2,Evening,Set1,Draw4,3,col3,Evening|Set1|Draw4|col3,C,own,2,2,1,4,3,2,448,3,2,True,2,4,5,5
Michigan4,LS2,Evening,Set1,Draw4,3,col3,Evening|Set1|Draw4|col3,C,own,2,2,1,4,3,3,448,3,2,True,2,4,5,5
Michigan4,LS2,Evening,Set1,Draw4,3,col3,Evening|Set1|Draw4|col3,C,own,2,2,1,4,3,4,,0,0,False,2,4,5,5
Michigan4,LS2,Evening,Set1,Draw4,3,col3,Evening|Set1|Draw4|col3,C,combined,2,2,1,4,3,0,5544018677,10,7,False,2,3,4,4
Michigan4,LS2,Evening,Set1,Draw4,3,col3,Evening|Set1|Draw4|col3,C,combined,2,2,1,4,3,1,554408,6,4,False,2,3,4,4
Michigan4,LS2,Evening,Set1,Draw4,3,col3,Evening|Set1|Draw4|col3,C,combined,2,2,1,4,3,2,550,3,2,True,2,3,4,4
Michigan4,LS2,Evening,Set1,Draw4,3,col3,Evening|Set1|Draw4|col3,C,combined,2,2,1,4,3,3,,0,0,False,2,3,4,4
Michigan4,LS2,Evening,Set1,Draw4,3,col3,Evening|Set1|Draw4|col3,D,own,2,2,1,4,3,0,5544018677,10,7,False,2,5,6,6
Michigan4,LS2,Evening,Set1,Draw4,3,col3,Evening|Set1|Draw4|col3,D,own,2,2,1,4,3,1,554408,6,4,False,2,5,6,6
Michigan4,LS2,Evening,Set1,Draw4,3,col3,Evening|Set1|Draw4|col3,D,own,2,2,1,4,3,2,448,3,2,True,2,5,6,6
Michigan4,LS2,Evening,Set1,Draw4,3,col3,Evening|Set1|Draw4|col3,D,own,2,2,1,4,3,3,448,3,2,True,2,5,6,6
Michigan4,LS2,Evening,Set1,Draw4,3,col3,Evening|Set1|Draw4|col3,D,own,2,2,1,4,3,4,4,1,1,True,2,5,6,6
Michigan4,LS2,Evening,Set1,Draw4,3,col3,Evening|Set1|Draw4|col3,D,own,2,2,1,4,3,5,,0,0,False,2,5,6,6
Michigan4,LS2,Evening,Set1,Draw4,3,col3,Evening|Set1|Draw4|col3,D,combined,2,2,1,4,3,0,5544018677,10,7,False,2,6,7,6
Michigan4,LS2,Evening,Set1,Draw4,3,col3,Evening|Set1|Draw4|col3,D,combined,2,2,1,4,3,1,554408,6,4,False,2,6,7,6
Michigan4,LS2,Evening,Set1,Draw4,3,col3,Evening|Set1|Draw4|col3,D,combined,2,2,1,4,3,2,5540,4,3,True,2,6,7,6
Michigan4,LS2,Evening,Set1,Draw4,3,col3,Evening|Set1|Draw4|col3,D,combined,2,2,1,4,3,3,4,1,1,True,2,6,7,6
Michigan4,LS2,Evening,Set1,Draw4,3,col3,Evening|Set1|Draw4|col3,D,combined,2,2,1,4,3,4,4,1,1,True,2,6,7,6
Michigan4,LS2,Evening,Set1,Draw4,3,col3,Evening|Set1|Draw4|col3,D,combined,2,2,1,4,3,6,,0,0,False,2,6,7,6
Michigan4,LS2,Evening,Set1,Draw4,3,col3,Evening|Set1|Draw4|col3,E,own,2,2,1,4,3,0,5544018677,10,7,False,4,9,10,9
Michigan4,LS2,Evening,Set1,Draw4,3,col3,Evening|Set1|Draw4|col3,E,own,2,2,1,4,3,1,5544087,7,5,False,4,9,10,9
Michigan4,LS2,Evening,Set1,Draw4,3,col3,Evening|Set1|Draw4|col3,E,own,2,2,1,4,3,2,544087,6,5,False,4,9,10,9
Michigan4,LS2,Evening,Set1,Draw4,3,col3,Evening|Set1|Draw4|col3,E,own,2,2,1,4,3,3,54408,5,4,False,4,9,10,9
Michigan4,LS2,Evening,Set1,Draw4,3,col3,Evening|Set1|Draw4|col3,E,own,2,2,1,4,3,4,540,3,3,True,4,9,10,9
Michigan4,LS2,Evening,Set1,Draw4,3,col3,Evening|Set1|Draw4|col3,E,own,2,2,1,4,3,5,50,2,2,True,4,9,10,9
Michigan4,LS2,Evening,Set1,Draw4,3,col3,Evening|Set1|Draw4|col3,E,own,2,2,1,4,3,6,5,1,1,True,4,9,10,9
Michigan4,LS2,Evening,Set1,Draw4,3,col3,Evening|Set1|Draw4|col3,E,own,2,2,1,4,3,7,5,1,1,True,4,9,10,9
Michigan4,LS2,Evening,Set1,Draw4,3,col3,Evening|Set1|Draw4|col3,E,own,2,2,1,4,3,9,,0,0,False,4,9,10,9
Michigan4,LS2,Evening,Set1,Draw4,3,col3,Evening|Set1|Draw4|col3,E,combined,2,2,1,4,3,0,5544018677,10,7,False,4,6,7,7
Michigan4,LS2,Evening,Set1,Draw4,3,col3,Evening|Set1|Draw4|col3,E,combined,2,2,1,4,3,1,5544087,7,5,False,4,6,7,7
Michigan4,LS2,Evening,Set1,Draw4,3,col3,Evening|Set1|Draw4|col3,E,combined,2,2,1,4,3,2,55407,5,4,False,4,6,7,7
Michigan4,LS2,Evening,Set1,Draw4,3,col3,Evening|Set1|Draw4|col3,E,combined,2,2,1,4,3,3,5407,4,4,False,4,6,7,7
Michigan4,LS2,Evening,Set1,Draw4,3,col3,Evening|Set1|Draw4|col3,E,combined,2,2,1,4,3,4,407,3,3,True,4,6,7,7
Michigan4,LS2,Evening,Set1,Draw4,3,col3,Evening|Set1|Draw4|col3,E,combined,2,2,1,4,3,5,40,2,2,True,4,6,7,7
Michigan4,LS2,Evening,Set1,Draw4,3,col3,Evening|Set1|Draw4|col3,E,combined,2,2,1,4,3,6,,0,0,False,4,6,7,7
Michigan4,LS2,Evening,Set1,Draw4,3,col3,Evening|Set1|Draw4|col3,T,own,2,2,1,4,3,0,5544018677,10,7,False,2,7,8,6
Michigan4,LS2,Evening,Set1,Draw4,3,col3,Evening|Set1|Draw4|col3,T,own,2,2,1,4,3,1,554408,6,4,False,2,7,8,6
Michigan4,LS2,Evening,Set1,Draw4,3,col3,Evening|Set1|Draw4|col3,T,own,2,2,1,4,3,2,448,3,2,True,2,7,8,6
Michigan4,LS2,Evening,Set1,Draw4,3,col3,Evening|Set1|Draw4|col3,T,own,2,2,1,4,3,3,448,3,2,True,2,7,8,6
Michigan4,LS2,Evening,Set1,Draw4,3,col3,Evening|Set1|Draw4|col3,T,own,2,2,1,4,3,6,44,2,1,True,2,7,8,6
Michigan4,LS2,Evening,Set1,Draw4,3,col3,Evening|Set1|Draw4|col3,T,own,2,2,1,4,3,7,,0,0,False,2,7,8,6
Michigan4,LS2,Evening,Set1,Draw4,3,col3,Evening|Set1|Draw4|col3,T,combined,2,2,1,4,3,0,5544018677,10,7,False,2,6,7,6
Michigan4,LS2,Evening,Set1,Draw4,3,col3,Evening|Set1|Draw4|col3,T,combined,2,2,1,4,3,1,554408,6,4,False,2,6,7,6
Michigan4,LS2,Evening,Set1,Draw4,3,col3,Evening|Set1|Draw4|col3,T,combined,2,2,1,4,3,2,550,3,2,True,2,6,7,6
Michigan4,LS2,Evening,Set1,Draw4,3,col3,Evening|Set1|Draw4|col3,T,combined,2,2,1,4,3,3,0,1,1,True,2,6,7,6
Michigan4,LS2,Evening,Set1,Draw4,3,col3,Evening|Set1|Draw4|col3,T,combined,2,2,1,4,3,4,0,1,1,True,2,6,7,6
Michigan4,LS2,Evening,Set1,Draw4,3,col3,Evening|Set1|Draw4|col3,T,combined,2,2,1,4,3,6,,0,0,False,2,6,7,6
Michigan4,LS2,Evening,Set1,Draw6,1,col1,Evening|Set1|Draw6|col1,A,own,2,2,1,6,1,0,5924400887*,11,8,False,6,7,29,8
Michigan4,LS2,Evening,Set1,Draw6,1,col1,Evening|Set1|Draw6|col1,A,own,2,2,1,6,1,1,592440088*,10,7,False,6,7,29,8
Michigan4,LS2,Evening,Set1,Draw6,1,col1,Evening|Set1|Draw6|col1,A,own,2,2,1,6,1,2,92440088*,9,6,False,6,7,29,8
Michigan4,LS2,Evening,Set1,Draw6,1,col1,Evening|Set1|Draw6|col1,A,own,2,2,1,6,1,3,9440088*,8,5,False,6,7,29,8
Michigan4,LS2,Evening,Set1,Draw6,1,col1,Evening|Set1|Draw6|col1,A,own,2,2,1,6,1,4,440088*,7,4,False,6,7,29,8
Michigan4,LS2,Evening,Set1,Draw6,1,col1,Evening|Set1|Draw6|col1,A,own,2,2,1,6,1,5,440088*,7,4,False,6,7,29,8
Michigan4,LS2,Evening,Set1,Draw6,1,col1,Evening|Set1|Draw6|col1,A,own,2,2,1,6,1,6,44*,3,2,True,6,7,29,8
Michigan4,LS2,Evening,Set1,Draw6,1,col1,Evening|Set1|Draw6|col1,A,own,2,2,1,6,1,7,*,1,1,True,6,7,29,8
Michigan4,LS2,Evening,Set1,Draw6,1,col1,Evening|Set1|Draw6|col1,A,combined,2,2,1,6,1,0,5924400887*,11,8,False,6,6,57,7
Michigan4,LS2,Evening,Set1,Draw6,1,col1,Evening|Set1|Draw6|col1,A,combined,2,2,1,6,1,1,592440088*,10,7,False,6,6,57,7
Michigan4,LS2,Evening,Set1,Draw6,1,col1,Evening|Set1|Draw6|col1,A,combined,2,2,1,6,1,2,52440088*,9,6,False,6,6,57,7
Michigan4,LS2,Evening,Set1,Draw6,1,col1,Evening|Set1|Draw6|col1,A,combined,2,2,1,6,1,3,2440088*,8,5,False,6,6,57,7
Michigan4,LS2,Evening,Set1,Draw6,1,col1,Evening|Set1|Draw6|col1,A,combined,2,2,1,6,1,4,2440088*,8,5,False,6,6,57,7
Michigan4,LS2,Evening,Set1,Draw6,1,col1,Evening|Set1|Draw6|col1,A,combined,2,2,1,6,1,5,440088*,7,4,False,6,6,57,7
Michigan4,LS2,Evening,Set1,Draw6,1,col1,Evening|Set1|Draw6|col1,A,combined,2,2,1,6,1,6,*,1,1,True,6,6,57,7
Michigan4,LS2,Evening,Set1,Draw6,1,col1,Evening|Set1|Draw6|col1,B,own,2,2,1,6,1,0,5924400887*,11,8,False,4,6,29,7
Michigan4,LS2,Evening,Set1,Draw6,1,col1,Evening|Set1|Draw6|col1,B,own,2,2,1,6,1,1,592440088*,10,7,False,4,6,29,7
Michigan4,LS2,Evening,Set1,Draw6,1,col1,Evening|Set1|Draw6|col1,B,own,2,2,1,6,1,2,92440088*,9,6,False,4,6,29,7
Michigan4,LS2,Evening,Set1,Draw6,1,col1,Evening|Set1|Draw6|col1,B,own,2,2,1,6,1,3,9440088*,8,5,False,4,6,29,7
Michigan4,LS2,Evening,Set1,Draw6,1,col1,Evening|Set1|Draw6|col1,B,own,2,2,1,6,1,4,4400*,5,3,True,4,6,29,7
Michigan4,LS2,Evening,Set1,Draw6,1,col1,Evening|Set1|Draw6|col1,B,own,2,2,1,6,1,5,00*,3,2,True,4,6,29,7
Michigan4,LS2,Evening,Set1,Draw6,1,col1,Evening|Set1|Draw6|col1,B,own,2,2,1,6,1,6,*,1,1,True,4,6,29,7
Michigan4,LS2,Evening,Set1,Draw6,1,col1,Evening|Set1|Draw6|col1,B,combined,2,2,1,6,1,0,5924400887*,11,8,False,4,6,57,7
Michigan4,LS2,Evening,Set1,Draw6,1,col1,Evening|Set1|Draw6|col1,B,combined,2,2,1,6,1,1,592440088*,10,7,False,4,6,57,7
Michigan4,LS2,Evening,Set1,Draw6,1,col1,Evening|Set1|Draw6|col1,B,combined,2,2,1,6,1,2,524400*,7,5,False,4,6,57,7
Michigan4,LS2,Evening,Set1,Draw6,1,col1,Evening|Set1|Draw6|col1,B,combined,2,2,1,6,1,3,24400*,6,4,False,4,6,57,7
Michigan4,LS2,Evening,Set1,Draw6,1,col1,Evening|Set1|Draw6|col1,B,combined,2,2,1,6,1,4,244*,4,3,True,4,6,57,7
Michigan4,LS2,Evening,Set1,Draw6,1,col1,Evening|Set1|Draw6|col1,B,combined,2,2,1,6,1,5,44*,3,2,True,4,6,57,7
Michigan4,LS2,Evening,Set1,Draw6,1,col1,Evening|Set1|Draw6|col1,B,combined,2,2,1,6,1,6,*,1,1,True,4,6,57,7
Michigan4,LS2,Evening,Set1,Draw6,1,col1,Evening|Set1|Draw6|col1,C,own,2,2,1,6,1,0,5924400887*,11,8,False,4,4,29,5
Michigan4,LS2,Evening,Set1,Draw6,1,col1,Evening|Set1|Draw6|col1,C,own,2,2,1,6,1,1,59440088*,9,6,False,4,4,29,5
Michigan4,LS2,Evening,Set1,Draw6,1,col1,Evening|Set1|Draw6|col1,C,own,2,2,1,6,1,2,94488*,6,4,False,4,4,29,5
Michigan4,LS2,Evening,Set1,Draw6,1,col1,Evening|Set1|Draw6|col1,C,own,2,2,1,6,1,3,94488*,6,4,False,4,4,29,5
Michigan4,LS2,Evening,Set1,Draw6,1,col1,Evening|Set1|Draw6|col1,C,own,2,2,1,6,1,4,*,1,1,True,4,4,29,5
Michigan4,LS2,Evening,Set1,Draw6,1,col1,Evening|Set1|Draw6|col1,C,combined,2,2,1,6,1,0,5924400887*,11,8,False,2,3,57,4
Michigan4,LS2,Evening,Set1,Draw6,1,col1,Evening|Set1|Draw6|col1,C,combined,2,2,1,6,1,1,59440088*,9,6,False,2,3,57,4
Michigan4,LS2,Evening,Set1,Draw6,1,col1,Evening|Set1|Draw6|col1,C,combined,2,2,1,6,1,2,500*,4,3,True,2,3,57,4
Michigan4,LS2,Evening,Set1,Draw6,1,col1,Evening|Set1|Draw6|col1,C,combined,2,2,1,6,1,3,*,1,1,True,2,3,57,4
Michigan4,LS2,Evening,Set1,Draw6,1,col1,Evening|Set1|Draw6|col1,D,own,2,2,1,6,1,0,5924400887*,11,8,False,4,6,29,7
Michigan4,LS2,Evening,Set1,Draw6,1,col1,Evening|Set1|Draw6|col1,D,own,2,2,1,6,1,1,59440088*,9,6,False,4,6,29,7
Michigan4,LS2,Evening,Set1,Draw6,1,col1,Evening|Set1|Draw6|col1,D,own,2,2,1,6,1,2,944088*,7,5,False,4,6,29,7
Michigan4,LS2,Evening,Set1,Draw6,1,col1,Evening|Set1|Draw6|col1,D,own,2,2,1,6,1,3,944088*,7,5,False,4,6,29,7
Michigan4,LS2,Evening,Set1,Draw6,1,col1,Evening|Set1|Draw6|col1,D,own,2,2,1,6,1,4,40*,3,3,True,4,6,29,7
Michigan4,LS2,Evening,Set1,Draw6,1,col1,Evening|Set1|Draw6|col1,D,own,2,2,1,6,1,5,0*,2,2,True,4,6,29,7
Michigan4,LS2,Evening,Set1,Draw6,1,col1,Evening|Set1|Draw6|col1,D,own,2,2,1,6,1,6,*,1,1,True,4,6,29,7
Michigan4,LS2,Evening,Set1,Draw6,1,col1,Evening|Set1|Draw6|col1,D,combined,2,2,1,6,1,0,5924400887*,11,8,False,4,6,57,7
Michigan4,LS2,Evening,Set1,Draw6,1,col1,Evening|Set1|Draw6|col1,D,combined,2,2,1,6,1,1,59440088*,9,6,False,4,6,57,7
Michigan4,LS2,Evening,Set1,Draw6,1,col1,Evening|Set1|Draw6|col1,D,combined,2,2,1,6,1,2,54008*,6,5,False,4,6,57,7
Michigan4,LS2,Evening,Set1,Draw6,1,col1,Evening|Set1|Draw6|col1,D,combined,2,2,1,6,1,3,408*,4,4,False,4,6,57,7
Michigan4,LS2,Evening,Set1,Draw6,1,col1,Evening|Set1|Draw6|col1,D,combined,2,2,1,6,1,4,48*,3,3,True,4,6,57,7
Michigan4,LS2,Evening,Set1,Draw6,1,col1,Evening|Set1|Draw6|col1,D,combined,2,2,1,6,1,5,48*,3,3,True,4,6,57,7
Michigan4,LS2,Evening,Set1,Draw6,1,col1,Evening|Set1|Draw6|col1,D,combined,2,2,1,6,1,6,*,1,1,True,4,6,57,7
Michigan4,LS2,Evening,Set1,Draw6,1,col1,Evening|Set1|Draw6|col1,E,own,2,2,1,6,1,0,5924400887*,11,8,False,4,9,29,10
Michigan4,LS2,Evening,Set1,Draw6,1,col1,Evening|Set1|Draw6|col1,E,own,2,2,1,6,1,1,592440088*,10,7,False,4,9,29,10
Michigan4,LS2,Evening,Set1,Draw6,1,col1,Evening|Set1|Draw6|col1,E,own,2,2,1,6,1,2,92440088*,9,6,False,4,9,29,10
Michigan4,LS2,Evening,Set1,Draw6,1,col1,Evening|Set1|Draw6|col1,E,own,2,2,1,6,1,3,9440088*,8,5,False,4,9,29,10
Michigan4,LS2,Evening,Set1,Draw6,1,col1,Evening|Set1|Draw6|col1,E,own,2,2,1,6,1,4,4400*,5,3,True,4,9,29,10
Michigan4,LS2,Evening,Set1,Draw6,1,col1,Evening|Set1|Draw6|col1,E,own,2,2,1,6,1,5,400*,4,3,True,4,9,29,10
Michigan4,LS2,Evening,Set1,Draw6,1,col1,Evening|Set1|Draw6|col1,E,own,2,2,1,6,1,6,40*,3,3,True,4,9,29,10
Michigan4,LS2,Evening,Set1,Draw6,1,col1,Evening|Set1|Draw6|col1,E,own,2,2,1,6,1,7,0*,2,2,True,4,9,29,10
Michigan4,LS2,Evening,Set1,Draw6,1,col1,Evening|Set1|Draw6|col1,E,own,2,2,1,6,1,8,0*,2,2,True,4,9,29,10
Michigan4,LS2,Evening,Set1,Draw6,1,col1,Evening|Set1|Draw6|col1,E,own,2,2,1,6,1,9,*,1,1,True,4,9,29,10
Michigan4,LS2,Evening,Set1,Draw6,1,col1,Evening|Set1|Draw6|col1,E,combined,2,2,1,6,1,0,5924400887*,11,8,False,6,7,57,8
Michigan4,LS2,Evening,Set1,Draw6,1,col1,Evening|Set1|Draw6|col1,E,combined,2,2,1,6,1,1,592440088*,10,7,False,6,7,57,8
Michigan4,LS2,Evening,Set1,Draw6,1,col1,Evening|Set1|Draw6|col1,E,combined,2,2,1,6,1,2,5244008*,8,6,False,6,7,57,8
Michigan4,LS2,Evening,Set1,Draw6,1,col1,Evening|Set1|Draw6|col1,E,combined,2,2,1,6,1,3,244008*,7,5,False,6,7,57,8
Michigan4,LS2,Evening,Set1,Draw6,1,col1,Evening|Set1|Draw6|col1,E,combined,2,2,1,6,1,4,24408*,6,5,False,6,7,57,8
Michigan4,LS2,Evening,Set1,Draw6,1,col1,Evening|Set1|Draw6|col1,E,combined,2,2,1,6,1,5,4408*,5,4,False,6,7,57,8
Michigan4,LS2,Evening,Set1,Draw6,1,col1,Evening|Set1|Draw6|col1,E,combined,2,2,1,6,1,6,4*,2,2,True,6,7,57,8
Michigan4,LS2,Evening,Set1,Draw6,1,col1,Evening|Set1|Draw6|col1,E,combined,2,2,1,6,1,7,*,1,1,True,6,7,57,8
Michigan4,LS2,Evening,Set1,Draw6,1,col1,Evening|Set1|Draw6|col1,T,own,2,2,1,6,1,0,5924400887*,11,8,False,4,7,29,7
Michigan4,LS2,Evening,Set1,Draw6,1,col1,Evening|Set1|Draw6|col1,T,own,2,2,1,6,1,1,59440088*,9,6,False,4,7,29,7
Michigan4,LS2,Evening,Set1,Draw6,1,col1,Evening|Set1|Draw6|col1,T,own,2,2,1,6,1,2,94488*,6,4,False,4,7,29,7
Michigan4,LS2,Evening,Set1,Draw6,1,col1,Evening|Set1|Draw6|col1,T,own,2,2,1,6,1,3,94488*,6,4,False,4,7,29,7
Michigan4,LS2,Evening,Set1,Draw6,1,col1,Evening|Set1|Draw6|col1,T,own,2,2,1,6,1,4,44*,3,2,True,4,7,29,7
Michigan4,LS2,Evening,Set1,Draw6,1,col1,Evening|Set1|Draw6|col1,T,own,2,2,1,6,1,5,44*,3,2,True,4,7,29,7
Michigan4,LS2,Evening,Set1,Draw6,1,col1,Evening|Set1|Draw6|col1,T,own,2,2,1,6,1,7,*,1,1,True,4,7,29,7
Michigan4,LS2,Evening,Set1,Draw6,1,col1,Evening|Set1|Draw6|col1,T,combined,2,2,1,6,1,0,5924400887*,11,8,False,2,6,57,6
Michigan4,LS2,Evening,Set1,Draw6,1,col1,Evening|Set1|Draw6|col1,T,combined,2,2,1,6,1,1,59440088*,9,6,False,2,6,57,6
Michigan4,LS2,Evening,Set1,Draw6,1,col1,Evening|Set1|Draw6|col1,T,combined,2,2,1,6,1,2,500*,4,3,True,2,6,57,6
Michigan4,LS2,Evening,Set1,Draw6,1,col1,Evening|Set1|Draw6|col1,T,combined,2,2,1,6,1,3,00*,3,2,True,2,6,57,6
Michigan4,LS2,Evening,Set1,Draw6,1,col1,Evening|Set1|Draw6|col1,T,combined,2,2,1,6,1,4,00*,3,2,True,2,6,57,6
Michigan4,LS2,Evening,Set1,Draw6,1,col1,Evening|Set1|Draw6|col1,T,combined,2,2,1,6,1,6,*,1,1,True,2,6,57,6
Michigan4,LS2,Combined,Set1,Draw4,3,col3,Combined|Set1|Draw4|col3,A,own,2,3,1,4,3,0,9924033877,10,7,False,5,6,7,7
Michigan4,LS2,Combined,Set1,Draw4,3,col3,Combined|Set1|Draw4|col3,A,own,2,3,1,4,3,1,99240338,8,6,False,5,6,7,7
Michigan4,LS2,Combined,Set1,Draw4,3,col3,Combined|Set1|Draw4|col3,A,own,2,3,1,4,3,2,2408,4,4,False,5,6,7,7
Michigan4,LS2,Combined,Set1,Draw4,3,col3,Combined|Set1|Draw4|col3,A,own,2,3,1,4,3,3,2408,4,4,False,5,6,7,7
Michigan4,LS2,Combined,Set1,Draw4,3,col3,Combined|Set1|Draw4|col3,A,own,2,3,1,4,3,4,2408,4,4,False,5,6,7,7
Michigan4,LS2,Combined,Set1,Draw4,3,col3,Combined|Set1|Draw4|col3,A,own,2,3,1,4,3,5,408,3,3,True,5,6,7,7
Michigan4,LS2,Combined,Set1,Draw4,3,col3,Combined|Set1|Draw4|col3,A,own,2,3,1,4,3,6,,0,0,False,5,6,7,7
Michigan4,LS2,Combined,Set1,Draw4,3,col3,Combined|Set1|Draw4|col3,A,combined,2,3,1,4,3,0,9924033877,10,7,False,9,11,12,12
Michigan4,LS2,Combined,Set1,Draw4,3,col3,Combined|Set1|Draw4|col3,A,combined,2,3,1,4,3,1,99240338,8,6,False,9,11,12,12
Michigan4,LS2,Combined,Set1,Draw4,3,col3,Combined|Set1|Draw4|col3,A,combined,2,3,1,4,3,2,99240338,8,6,False,9,11,12,12
Michigan4,LS2,Combined,Set1,Draw4,3,col3,Combined|Set1|Draw4|col3,A,combined,2,3,1,4,3,3,2408,4,4,False,9,11,12,12
Michigan4,LS2,Combined,Set1,Draw4,3,col3,Combined|Set1|Draw4|col3,A,combined,2,3,1,4,3,4,2408,4,4,False,9,11,12,12
Michigan4,LS2,Combined,Set1,Draw4,3,col3,Combined|Set1|Draw4|col3,A,combined,2,3,1,4,3,5,2408,4,4,False,9,11,12,12
Michigan4,LS2,Combined,Set1,Draw4,3,col3,Combined|Set1|Draw4|col3,A,combined,2,3,1,4,3,6,2408,4,4,False,9,11,12,12
Michigan4,LS2,Combined,Set1,Draw4,3,col3,Combined|Set1|Draw4|col3,A,combined,2,3,1,4,3,7,2408,4,4,False,9,11,12,12
Michigan4,LS2,Combined,Set1,Draw4,3,col3,Combined|Set1|Draw4|col3,A,combined,2,3,1,4,3,8,2408,4,4,False,9,11,12,12
Michigan4,LS2,Combined,Set1,Draw4,3,col3,Combined|Set1|Draw4|col3,A,combined,2,3,1,4,3,9,408,3,3,True,9,11,12,12
Michigan4,LS2,Combined,Set1,Draw4,3,col3,Combined|Set1|Draw4|col3,A,combined,2,3,1,4,3,10,408,3,3,True,9,11,12,12
Michigan4,LS2,Combined,Set1,Draw4,3,col3,Combined|Set1|Draw4|col3,A,combined,2,3,1,4,3,11,,0,0,False,9,11,12,12
Michigan4,LS2,Combined,Set1,Draw4,3,col3,Combined|Set1|Draw4|col3,B,own,2,3,1,4,3,0,9924033877,10,7,False,3,6,7,7
Michigan4,LS2,Combined,Set1,Draw4,3,col3,Combined|Set1|Draw4|col3,B,own,2,3,1,4,3,1,99240338,8,6,False,3,6,7,7
Michigan4,LS2,Combined,Set1,Draw4,3,col3,Combined|Set1|Draw4|col3,B,own,2,3,1,4,3,2,2408,4,4,False,3,6,7,7
Michigan4,LS2,Combined,Set1,Draw4,3,col3,Combined|Set1|Draw4|col3,B,own,2,3,1,4,3,3,248,3,3,True,3,6,7,7
Michigan4,LS2,Combined,Set1,Draw4,3,col3,Combined|Set1|Draw4|col3,B,own,2,3,1,4,3,4,248,3,3,True,3,6,7,7
Michigan4,LS2,Combined,Set1,Draw4,3,col3,Combined|Set1|Draw4|col3,B,own,2,3,1,4,3,5,48,2,2,True,3,6,7,7
Michigan4,LS2,Combined,Set1,Draw4,3,col3,Combined|Set1|Draw4|col3,B,own,2,3,1,4,3,6,,0,0,False,3,6,7,7
Michigan4,LS2,Combined,Set1,Draw4,3,col3,Combined|Set1|Draw4|col3,B,combined,2,3,1,4,3,0,9924033877,10,7,False,3,5,6,6
Michigan4,LS2,Combined,Set1,Draw4,3,col3,Combined|Set1|Draw4|col3,B,combined,2,3,1,4,3,1,99240338,8,6,False,3,5,6,6
Michigan4,LS2,Combined,Set1,Draw4,3,col3,Combined|Set1|Draw4|col3,B,combined,2,3,1,4,3,2,9940338,7,5,False,3,5,6,6
Michigan4,LS2,Combined,Set1,Draw4,3,col3,Combined|Set1|Draw4|col3,B,combined,2,3,1,4,3,3,408,3,3,True,3,5,6,6
Michigan4,LS2,Combined,Set1,Draw4,3,col3,Combined|Set1|Draw4|col3,B,combined,2,3,1,4,3,4,0,1,1,True,3,5,6,6
Michigan4,LS2,Combined,Set1,Draw4,3,col3,Combined|Set1|Draw4|col3,B,combined,2,3,1,4,3,5,,0,0,False,3,5,6,6
Michigan4,LS2,Combined,Set1,Draw4,3,col3,Combined|Set1|Draw4|col3,C,own,2,3,1,4,3,0,9924033877,10,7,False,2,3,4,4
Michigan4,LS2,Combined,Set1,Draw4,3,col3,Combined|Set1|Draw4|col3,C,own,2,3,1,4,3,1,9940338,7,5,False,2,3,4,4
Michigan4,LS2,Combined,Set1,Draw4,3,col3,Combined|Set1|Draw4|col3,C,own,2,3,1,4,3,2,0,1,1,True,2,3,4,4
Michigan4,LS2,Combined,Set1,Draw4,3,col3,Combined|Set1|Draw4|col3,C,own,2,3,1,4,3,3,,0,0,False,2,3,4,4
Michigan4,LS2,Combined,Set1,Draw4,3,col3,Combined|Set1|Draw4|col3,C,combined,2,3,1,4,3,0,9924033877,10,7,False,3,5,6,6
Michigan4,LS2,Combined,Set1,Draw4,3,col3,Combined|Set1|Draw4|col3,C,combined,2,3,1,4,3,1,9940338,7,5,False,3,5,6,6
Michigan4,LS2,Combined,Set1,Draw4,3,col3,Combined|Set1|Draw4|col3,C,combined,2,3,1,4,3,2,9940338,7,5,False,3,5,6,6
Michigan4,LS2,Combined,Set1,Draw4,3,col3,Combined|Set1|Draw4|col3,C,combined,2,3,1,4,3,3,0,1,1,True,3,5,6,6
Michigan4,LS2,Combined,Set1,Draw4,3,col3,Combined|Set1|Draw4|col3,C,combined,2,3,1,4,3,4,0,1,1,True,3,5,6,6
Michigan4,LS2,Combined,Set1,Draw4,3,col3,Combined|Set1|Draw4|col3,C,combined,2,3,1,4,3,5,,0,0,False,3,5,6,6
Michigan4,LS2,Combined,Set1,Draw4,3,col3,Combined|Set1|Draw4|col3,D,own,2,3,1,4,3,0,9924033877,10,7,False,2,3,4,4
Michigan4,LS2,Combined,Set1,Draw4,3,col3,Combined|Set1|Draw4|col3,D,own,2,3,1,4,3,1,9940338,7,5,False,2,3,4,4
Michigan4,LS2,Combined,Set1,Draw4,3,col3,Combined|Set1|Draw4|col3,D,own,2,3,1,4,3,2,0,1,1,True,2,3,4,4
Michigan4,LS2,Combined,Set1,Draw4,3,col3,Combined|Set1|Draw4|col3,D,own,2,3,1,4,3,3,,0,0,False,2,3,4,4
Michigan4,LS2,Combined,Set1,Draw4,3,col3,Combined|Set1|Draw4|col3,D,combined,2,3,1,4,3,0,9924033877,10,7,False,3,5,6,6
Michigan4,LS2,Combined,Set1,Draw4,3,col3,Combined|Set1|Draw4|col3,D,combined,2,3,1,4,3,1,9940338,7,5,False,3,5,6,6
Michigan4,LS2,Combined,Set1,Draw4,3,col3,Combined|Set1|Draw4|col3,D,combined,2,3,1,4,3,2,9940338,7,5,False,3,5,6,6
Michigan4,LS2,Combined,Set1,Draw4,3,col3,Combined|Set1|Draw4|col3,D,combined,2,3,1,4,3,3,0,1,1,True,3,5,6,6
Michigan4,LS2,Combined,Set1,Draw4,3,col3,Combined|Set1|Draw4|col3,D,combined,2,3,1,4,3,4,0,1,1,True,3,5,6,6
Michigan4,LS2,Combined,Set1,Draw4,3,col3,Combined|Set1|Draw4|col3,D,combined,2,3,1,4,3,5,,0,0,False,3,5,6,6
Michigan4,LS2,Combined,Set1,Draw4,3,col3,Combined|Set1|Draw4|col3,E,own,2,3,1,4,3,0,9924033877,10,7,False,6,8,9,9
Michigan4,LS2,Combined,Set1,Draw4,3,col3,Combined|Set1|Draw4|col3,E,own,2,3,1,4,3,1,992403387,9,7,False,6,8,9,9
Michigan4,LS2,Combined,Set1,Draw4,3,col3,Combined|Set1|Draw4|col3,E,own,2,3,1,4,3,2,9240387,7,7,False,6,8,9,9
Michigan4,LS2,Combined,Set1,Draw4,3,col3,Combined|Set1|Draw4|col3,E,own,2,3,1,4,3,3,924387,6,6,False,6,8,9,9
Michigan4,LS2,Combined,Set1,Draw4,3,col3,Combined|Set1|Draw4|col3,E,own,2,3,1,4,3,4,924387,6,6,False,6,8,9,9
Michigan4,LS2,Combined,Set1,Draw4,3,col3,Combined|Set1|Draw4|col3,E,own,2,3,1,4,3,5,94387,5,5,False,6,8,9,9
Michigan4,LS2,Combined,Set1,Draw4,3,col3,Combined|Set1|Draw4|col3,E,own,2,3,1,4,3,6,937,3,3,True,6,8,9,9
Michigan4,LS2,Combined,Set1,Draw4,3,col3,Combined|Set1|Draw4|col3,E,own,2,3,1,4,3,7,7,1,1,True,6,8,9,9
Michigan4,LS2,Combined,Set1,Draw4,3,col3,Combined|Set1|Draw4|col3,E,own,2,3,1,4,3,8,,0,0,False,6,8,9,9
Michigan4,LS2,Combined,Set1,Draw4,3,col3,Combined|Set1|Draw4|col3,E,combined,2,3,1,4,3,0,9924033877,10,7,False,5,11,12,10
Michigan4,LS2,Combined,Set1,Draw4,3,col3,Combined|Set1|Draw4|col3,E,combined,2,3,1,4,3,1,992403387,9,7,False,5,11,12,10
Michigan4,LS2,Combined,Set1,Draw4,3,col3,Combined|Set1|Draw4|col3,E,combined,2,3,1,4,3,2,99240338,8,6,False,5,11,12,10
Michigan4,LS2,Combined,Set1,Draw4,3,col3,Combined|Set1|Draw4|col3,E,combined,2,3,1,4,3,3,924038,6,6,False,5,11,12,10
Michigan4,LS2,Combined,Set1,Draw4,3,col3,Combined|Set1|Draw4|col3,E,combined,2,3,1,4,3,4,2408,4,4,False,5,11,12,10
Michigan4,LS2,Combined,Set1,Draw4,3,col3,Combined|Set1|Draw4|col3,E,combined,2,3,1,4,3,5,248,3,3,True,5,11,12,10
Michigan4,LS2,Combined,Set1,Draw4,3,col3,Combined|Set1|Draw4|col3,E,combined,2,3,1,4,3,6,248,3,3,True,5,11,12,10
Michigan4,LS2,Combined,Set1,Draw4,3,col3,Combined|Set1|Draw4|col3,E,combined,2,3,1,4,3,9,48,2,2,True,5,11,12,10
Michigan4,LS2,Combined,Set1,Draw4,3,col3,Combined|Set1|Draw4|col3,E,combined,2,3,1,4,3,10,48,2,2,True,5,11,12,10
Michigan4,LS2,Combined,Set1,Draw4,3,col3,Combined|Set1|Draw4|col3,E,combined,2,3,1,4,3,11,,0,0,False,5,11,12,10
Michigan4,LS2,Combined,Set1,Draw4,3,col3,Combined|Set1|Draw4|col3,T,own,2,3,1,4,3,0,9924033877,10,7,False,2,6,7,5
Michigan4,LS2,Combined,Set1,Draw4,3,col3,Combined|Set1|Draw4|col3,T,own,2,3,1,4,3,1,9940338,7,5,False,2,6,7,5
Michigan4,LS2,Combined,Set1,Draw4,3,col3,Combined|Set1|Draw4|col3,T,own,2,3,1,4,3,2,408,3,3,True,2,6,7,5
Michigan4,LS2,Combined,Set1,Draw4,3,col3,Combined|Set1|Draw4|col3,T,own,2,3,1,4,3,3,408,3,3,True,2,6,7,5
Michigan4,LS2,Combined,Set1,Draw4,3,col3,Combined|Set1|Draw4|col3,T,own,2,3,1,4,3,6,,0,0,False,2,6,7,5
Michigan4,LS2,Combined,Set1,Draw4,3,col3,Combined|Set1|Draw4|col3,T,combined,2,3,1,4,3,0,9924033877,10,7,False,3,11,12,6
Michigan4,LS2,Combined,Set1,Draw4,3,col3,Combined|Set1|Draw4|col3,T,combined,2,3,1,4,3,1,9940338,7,5,False,3,11,12,6
Michigan4,LS2,Combined,Set1,Draw4,3,col3,Combined|Set1|Draw4|col3,T,combined,2,3,1,4,3,2,9940338,7,5,False,3,11,12,6
Michigan4,LS2,Combined,Set1,Draw4,3,col3,Combined|Set1|Draw4|col3,T,combined,2,3,1,4,3,3,408,3,3,True,3,11,12,6
Michigan4,LS2,Combined,Set1,Draw4,3,col3,Combined|Set1|Draw4|col3,T,combined,2,3,1,4,3,4,408,3,3,True,3,11,12,6
Michigan4,LS2,Combined,Set1,Draw4,3,col3,Combined|Set1|Draw4|col3,T,combined,2,3,1,4,3,11,,0,0,False,3,11,12,6
Michigan4,LS2,Combined,Set1,Draw6,1,col1,Combined|Set1|Draw6|col1,A,own,2,3,1,6,1,0,92244003887*,12,8,False,6,6,29,7
Michigan4,LS2,Combined,Set1,Draw6,1,col1,Combined|Set1|Draw6|col1,A,own,2,3,1,6,1,1,9224400388*,11,7,False,6,6,29,7
Michigan4,LS2,Combined,Set1,Draw6,1,col1,Combined|Set1|Draw6|col1,A,own,2,3,1,6,1,2,22440088*,9,5,False,6,6,29,7
Michigan4,LS2,Combined,Set1,Draw6,1,col1,Combined|Set1|Draw6|col1,A,own,2,3,1,6,1,3,22440088*,9,5,False,6,6,29,7
Michigan4,LS2,Combined,Set1,Draw6,1,col1,Combined|Set1|Draw6|col1,A,own,2,3,1,6,1,4,22440088*,9,5,False,6,6,29,7
Michigan4,LS2,Combined,Set1,Draw6,1,col1,Combined|Set1|Draw6|col1,A,own,2,3,1,6,1,5,440088*,7,4,False,6,6,29,7
Michigan4,LS2,Combined,Set1,Draw6,1,col1,Combined|Set1|Draw6|col1,A,own,2,3,1,6,1,6,*,1,1,True,6,6,29,7
Michigan4,LS2,Combined,Set1,Draw6,1,col1,Combined|Set1|Draw6|col1,A,combined,2,3,1,6,1,0,92244003887*,12,8,False,11,11,57,12
Michigan4,LS2,Combined,Set1,Draw6,1,col1,Combined|Set1|Draw6|col1,A,combined,2,3,1,6,1,1,9224400388*,11,7,False,11,11,57,12
Michigan4,LS2,Combined,Set1,Draw6,1,col1,Combined|Set1|Draw6|col1,A,combined,2,3,1,6,1,2,9224400388*,11,7,False,11,11,57,12
Michigan4,LS2,Combined,Set1,Draw6,1,col1,Combined|Set1|Draw6|col1,A,combined,2,3,1,6,1,3,22440088*,9,5,False,11,11,57,12
Michigan4,LS2,Combined,Set1,Draw6,1,col1,Combined|Set1|Draw6|col1,A,combined,2,3,1,6,1,4,22440088*,9,5,False,11,11,57,12
Michigan4,LS2,Combined,Set1,Draw6,1,col1,Combined|Set1|Draw6|col1,A,combined,2,3,1,6,1,5,22440088*,9,5,False,11,11,57,12
Michigan4,LS2,Combined,Set1,Draw6,1,col1,Combined|Set1|Draw6|col1,A,combined,2,3,1,6,1,6,22440088*,9,5,False,11,11,57,12
Michigan4,LS2,Combined,Set1,Draw6,1,col1,Combined|Set1|Draw6|col1,A,combined,2,3,1,6,1,7,22440088*,9,5,False,11,11,57,12
Michigan4,LS2,Combined,Set1,Draw6,1,col1,Combined|Set1|Draw6|col1,A,combined,2,3,1,6,1,8,22440088*,9,5,False,11,11,57,12
Michigan4,LS2,Combined,Set1,Draw6,1,col1,Combined|Set1|Draw6|col1,A,combined,2,3,1,6,1,9,440088*,7,4,False,11,11,57,12
Michigan4,LS2,Combined,Set1,Draw6,1,col1,Combined|Set1|Draw6|col1,A,combined,2,3,1,6,1,10,440088*,7,4,False,11,11,57,12
Michigan4,LS2,Combined,Set1,Draw6,1,col1,Combined|Set1|Draw6|col1,A,combined,2,3,1,6,1,11,*,1,1,True,11,11,57,12
Michigan4,LS2,Combined,Set1,Draw6,1,col1,Combined|Set1|Draw6|col1,B,own,2,3,1,6,1,0,92244003887*,12,8,False,5,6,29,7
Michigan4,LS2,Combined,Set1,Draw6,1,col1,Combined|Set1|Draw6|col1,B,own,2,3,1,6,1,1,9224400388*,11,7,False,5,6,29,7
Michigan4,LS2,Combined,Set1,Draw6,1,col1,Combined|Set1|Draw6|col1,B,own,2,3,1,6,1,2,22440088*,9,5,False,5,6,29,7
Michigan4,LS2,Combined,Set1,Draw6,1,col1,Combined|Set1|Draw6|col1,B,own,2,3,1,6,1,3,224488*,7,4,False,5,6,29,7
Michigan4,LS2,Combined,Set1,Draw6,1,col1,Combined|Set1|Draw6|col1,B,own,2,3,1,6,1,4,224488*,7,4,False,5,6,29,7
Michigan4,LS2,Combined,Set1,Draw6,1,col1,Combined|Set1|Draw6|col1,B,own,2,3,1,6,1,5,4488*,5,3,True,5,6,29,7
Michigan4,LS2,Combined,Set1,Draw6,1,col1,Combined|Set1|Draw6|col1,B,own,2,3,1,6,1,6,*,1,1,True,5,6,29,7
Michigan4,LS2,Combined,Set1,Draw6,1,col1,Combined|Set1|Draw6|col1,B,combined,2,3,1,6,1,0,92244003887*,12,8,False,4,5,57,6
Michigan4,LS2,Combined,Set1,Draw6,1,col1,Combined|Set1|Draw6|col1,B,combined,2,3,1,6,1,1,9224400388*,11,7,False,4,5,57,6
Michigan4,LS2,Combined,Set1,Draw6,1,col1,Combined|Set1|Draw6|col1,B,combined,2,3,1,6,1,2,94400388*,9,6,False,4,5,57,6
Michigan4,LS2,Combined,Set1,Draw6,1,col1,Combined|Set1|Draw6|col1,B,combined,2,3,1,6,1,3,440088*,7,4,False,4,5,57,6
Michigan4,LS2,Combined,Set1,Draw6,1,col1,Combined|Set1|Draw6|col1,B,combined,2,3,1,6,1,4,00*,3,2,True,4,5,57,6
Michigan4,LS2,Combined,Set1,Draw6,1,col1,Combined|Set1|Draw6|col1,B,combined,2,3,1,6,1,5,*,1,1,True,4,5,57,6
Michigan4,LS2,Combined,Set1,Draw6,1,col1,Combined|Set1|Draw6|col1,C,own,2,3,1,6,1,0,92244003887*,12,8,False,2,3,29,4
Michigan4,LS2,Combined,Set1,Draw6,1,col1,Combined|Set1|Draw6|col1,C,own,2,3,1,6,1,1,94400388*,9,6,False,2,3,29,4
Michigan4,LS2,Combined,Set1,Draw6,1,col1,Combined|Set1|Draw6|col1,C,own,2,3,1,6,1,2,00*,3,2,True,2,3,29,4
Michigan4,LS2,Combined,Set1,Draw6,1,col1,Combined|Set1|Draw6|col1,C,own,2,3,1,6,1,3,*,1,1,True,2,3,29,4
Michigan4,LS2,Combined,Set1,Draw6,1,col1,Combined|Set1|Draw6|col1,C,combined,2,3,1,6,1,0,92244003887*,12,8,False,3,5,57,6
Michigan4,LS2,Combined,Set1,Draw6,1,col1,Combined|Set1|Draw6|col1,C,combined,2,3,1,6,1,1,94400388*,9,6,False,3,5,57,6
Michigan4,LS2,Combined,Set1,Draw6,1,col1,Combined|Set1|Draw6|col1,C,combined,2,3,1,6,1,2,94400388*,9,6,False,3,5,57,6
Michigan4,LS2,Combined,Set1,Draw6,1,col1,Combined|Set1|Draw6|col1,C,combined,2,3,1,6,1,3,00*,3,2,True,3,5,57,6
Michigan4,LS2,Combined,Set1,Draw6,1,col1,Combined|Set1|Draw6|col1,C,combined,2,3,1,6,1,4,00*,3,2,True,3,5,57,6
Michigan4,LS2,Combined,Set1,Draw6,1,col1,Combined|Set1|Draw6|col1,C,combined,2,3,1,6,1,5,*,1,1,True,3,5,57,6
Michigan4,LS2,Combined,Set1,Draw6,1,col1,Combined|Set1|Draw6|col1,D,own,2,3,1,6,1,0,92244003887*,12,8,False,5,6,29,7
Michigan4,LS2,Combined,Set1,Draw6,1,col1,Combined|Set1|Draw6|col1,D,own,2,3,1,6,1,1,924400388*,10,7,False,5,6,29,7
Michigan4,LS2,Combined,Set1,Draw6,1,col1,Combined|Set1|Draw6|col1,D,own,2,3,1,6,1,2,24008*,6,5,False,5,6,29,7
Michigan4,LS2,Combined,Set1,Draw6,1,col1,Combined|Set1|Draw6|col1,D,own,2,3,1,6,1,3,2408*,5,5,False,5,6,29,7
Michigan4,LS2,Combined,Set1,Draw6,1,col1,Combined|Set1|Draw6|col1,D,own,2,3,1,6,1,4,248*,4,4,False,5,6,29,7
Michigan4,LS2,Combined,Set1,Draw6,1,col1,Combined|Set1|Draw6|col1,D,own,2,3,1,6,1,5,48*,3,3,True,5,6,29,7
Michigan4,LS2,Combined,Set1,Draw6,1,col1,Combined|Set1|Draw6|col1,D,own,2,3,1,6,1,6,*,1,1,True,5,6,29,7
Michigan4,LS2,Combined,Set1,Draw6,1,col1,Combined|Set1|Draw6|col1,D,combined,2,3,1,6,1,0,92244003887*,12,8,False,4,6,57,7
Michigan4,LS2,Combined,Set1,Draw6,1,col1,Combined|Set1|Draw6|col1,D,combined,2,3,1,6,1,1,924400388*,10,7,False,4,6,57,7
Michigan4,LS2,Combined,Set1,Draw6,1,col1,Combined|Set1|Draw6|col1,D,combined,2,3,1,6,1,2,94400388*,9,6,False,4,6,57,7
Michigan4,LS2,Combined,Set1,Draw6,1,col1,Combined|Set1|Draw6|col1,D,combined,2,3,1,6,1,3,4008*,5,4,False,4,6,57,7
Michigan4,LS2,Combined,Set1,Draw6,1,col1,Combined|Set1|Draw6|col1,D,combined,2,3,1,6,1,4,00*,3,2,True,4,6,57,7
Michigan4,LS2,Combined,Set1,Draw6,1,col1,Combined|Set1|Draw6|col1,D,combined,2,3,1,6,1,5,0*,2,2,True,4,6,57,7
Michigan4,LS2,Combined,Set1,Draw6,1,col1,Combined|Set1|Draw6|col1,D,combined,2,3,1,6,1,6,*,1,1,True,4,6,57,7
Michigan4,LS2,Combined,Set1,Draw6,1,col1,Combined|Set1|Draw6|col1,E,own,2,3,1,6,1,0,92244003887*,12,8,False,7,8,29,9
Michigan4,LS2,Combined,Set1,Draw6,1,col1,Combined|Set1|Draw6|col1,E,own,2,3,1,6,1,1,9224400388*,11,7,False,7,8,29,9
Michigan4,LS2,Combined,Set1,Draw6,1,col1,Combined|Set1|Draw6|col1,E,own,2,3,1,6,1,2,22440088*,9,5,False,7,8,29,9
Michigan4,LS2,Combined,Set1,Draw6,1,col1,Combined|Set1|Draw6|col1,E,own,2,3,1,6,1,3,2244088*,8,5,False,7,8,29,9
Michigan4,LS2,Combined,Set1,Draw6,1,col1,Combined|Set1|Draw6|col1,E,own,2,3,1,6,1,4,224488*,7,4,False,7,8,29,9
Michigan4,LS2,Combined,Set1,Draw6,1,col1,Combined|Set1|Draw6|col1,E,own,2,3,1,6,1,5,24488*,6,4,False,7,8,29,9
Michigan4,LS2,Combined,Set1,Draw6,1,col1,Combined|Set1|Draw6|col1,E,own,2,3,1,6,1,6,248*,4,4,False,7,8,29,9
Michigan4,LS2,Combined,Set1,Draw6,1,col1,Combined|Set1|Draw6|col1,E,own,2,3,1,6,1,7,2*,2,2,True,7,8,29,9
Michigan4,LS2,Combined,Set1,Draw6,1,col1,Combined|Set1|Draw6|col1,E,own,2,3,1,6,1,8,*,1,1,True,7,8,29,9
Michigan4,LS2,Combined,Set1,Draw6,1,col1,Combined|Set1|Draw6|col1,E,combined,2,3,1,6,1,0,92244003887*,12,8,False,9,11,57,12
Michigan4,LS2,Combined,Set1,Draw6,1,col1,Combined|Set1|Draw6|col1,E,combined,2,3,1,6,1,1,9224400388*,11,7,False,9,11,57,12
Michigan4,LS2,Combined,Set1,Draw6,1,col1,Combined|Set1|Draw6|col1,E,combined,2,3,1,6,1,2,924400388*,10,7,False,9,11,57,12
Michigan4,LS2,Combined,Set1,Draw6,1,col1,Combined|Set1|Draw6|col1,E,combined,2,3,1,6,1,3,2440088*,8,5,False,9,11,57,12
Michigan4,LS2,Combined,Set1,Draw6,1,col1,Combined|Set1|Draw6|col1,E,combined,2,3,1,6,1,4,24008*,6,5,False,9,11,57,12
Michigan4,LS2,Combined,Set1,Draw6,1,col1,Combined|Set1|Draw6|col1,E,combined,2,3,1,6,1,5,2408*,5,5,False,9,11,57,12
Michigan4,LS2,Combined,Set1,Draw6,1,col1,Combined|Set1|Draw6|col1,E,combined,2,3,1,6,1,6,248*,4,4,False,9,11,57,12
Michigan4,LS2,Combined,Set1,Draw6,1,col1,Combined|Set1|Draw6|col1,E,combined,2,3,1,6,1,7,248*,4,4,False,9,11,57,12
Michigan4,LS2,Combined,Set1,Draw6,1,col1,Combined|Set1|Draw6|col1,E,combined,2,3,1,6,1,8,248*,4,4,False,9,11,57,12
Michigan4,LS2,Combined,Set1,Draw6,1,col1,Combined|Set1|Draw6|col1,E,combined,2,3,1,6,1,9,48*,3,3,True,9,11,57,12
Michigan4,LS2,Combined,Set1,Draw6,1,col1,Combined|Set1|Draw6|col1,E,combined,2,3,1,6,1,10,48*,3,3,True,9,11,57,12
Michigan4,LS2,Combined,Set1,Draw6,1,col1,Combined|Set1|Draw6|col1,E,combined,2,3,1,6,1,11,*,1,1,True,9,11,57,12
Michigan4,LS2,Combined,Set1,Draw6,1,col1,Combined|Set1|Draw6|col1,T,own,2,3,1,6,1,0,92244003887*,12,8,False,2,6,29,5
Michigan4,LS2,Combined,Set1,Draw6,1,col1,Combined|Set1|Draw6|col1,T,own,2,3,1,6,1,1,94400388*,9,6,False,2,6,29,5
Michigan4,LS2,Combined,Set1,Draw6,1,col1,Combined|Set1|Draw6|col1,T,own,2,3,1,6,1,2,00*,3,2,True,2,6,29,5
Michigan4,LS2,Combined,Set1,Draw6,1,col1,Combined|Set1|Draw6|col1,T,own,2,3,1,6,1,3,00*,3,2,True,2,6,29,5
Michigan4,LS2,Combined,Set1,Draw6,1,col1,Combined|Set1|Draw6|col1,T,own,2,3,1,6,1,6,*,1,1,True,2,6,29,5
Michigan4,LS2,Combined,Set1,Draw6,1,col1,Combined|Set1|Draw6|col1,T,combined,2,3,1,6,1,0,92244003887*,12,8,False,3,11,57,6
Michigan4,LS2,Combined,Set1,Draw6,1,col1,Combined|Set1|Draw6|col1,T,combined,2,3,1,6,1,1,94400388*,9,6,False,3,11,57,6
Michigan4,LS2,Combined,Set1,Draw6,1,col1,Combined|Set1|Draw6|col1,T,combined,2,3,1,6,1,2,94400388*,9,6,False,3,11,57,6
Michigan4,LS2,Combined,Set1,Draw6,1,col1,Combined|Set1|Draw6|col1,T,combined,2,3,1,6,1,3,00*,3,2,True,3,11,57,6
Michigan4,LS2,Combined,Set1,Draw6,1,col1,Combined|Set1|Draw6|col1,T,combined,2,3,1,6,1,4,00*,3,2,True,3,11,57,6
Michigan4,LS2,Combined,Set1,Draw6,1,col1,Combined|Set1|Draw6|col1,T,combined,2,3,1,6,1,11,*,1,1,True,3,11,57,6
