state,area,section,set,draw,col,col_label,location,method,mode,area_rank,section_rank,set_rank,draw_rank,col_rank,step,value,length,unique_digits,is_3value,first_3value_step,last_change_step,steps_total_before_compaction,steps_kept_after_compaction
Michigan4,LS1,Midday,Set3,Draw1,7,col7,Midday|Set3|Draw1|col7,A,own,1,1,3,1,7,0,992440018667,12,8,False,3,6,7,7
Michigan4,LS1,Midday,Set3,Draw1,7,col7,Midday|Set3|Draw1|col7,A,own,1,1,3,1,7,1,2008667,7,5,False,3,6,7,7
Michigan4,LS1,Midday,Set3,Draw1,7,col7,Midday|Set3|Draw1|col7,A,own,1,1,3,1,7,2,008667,6,4,False,3,6,7,7
Michigan4,LS1,Midday,Set3,Draw1,7,col7,Midday|Set3|Draw1|col7,A,own,1,1,3,1,7,3,007,3,2,True,3,6,7,7
Michigan4,LS1,Midday,Set3,Draw1,7,col7,Midday|Set3|Draw1|col7,A,own,1,1,3,1,7,4,00,2,1,True,3,6,7,7
Michigan4,LS1,Midday,Set3,Draw1,7,col7,Midday|Set3|Draw1|col7,A,own,1,1,3,1,7,5,00,2,1,True,3,6,7,7
Michigan4,LS1,Midday,Set3,Draw1,7,col7,Midday|Set3|Draw1|col7,A,own,1,1,3,1,7,6,,0,0,False,3,6,7,7
Michigan4,LS1,Midday,Set3,Draw1,7,col7,Midday|Set3|Draw1|col7,A,combined,1,1,3,1,7,0,992440018667,12,8,False,2,11,12,8
Michigan4,LS1,Midday,Set3,Draw1,7,col7,Midday|Set3|Draw1|col7,A,combined,1,1,3,1,7,1,2008667,7,5,False,2,11,12,8
Michigan4,LS1,Midday,Set3,Draw1,7,col7,Midday|Set3|Draw1|col7,A,combined,1,1,3,1,7,2,2007,4,3,True,2,11,12,8
Michigan4,LS1,Midday,Set3,Draw1,7,col7,Midday|Set3|Draw1|col7,A,combined,1,1,3,1,7,3,007,3,2,True,2,11,12,8
Michigan4,LS1,Midday,Set3,Draw1,7,col7,Midday|Set3|Draw1|col7,A,combined,1,1,3,1,7,4,007,3,2,True,2,11,12,8
Michigan4,LS1,Midday,Set3,Draw1,7,col7,Midday|Set3|Draw1|col7,A,combined,1,1,3,1,7,7,00,2,1,True,2,11,12,8
Michigan4,LS1,Midday,Set3,Draw1,7,col7,Midday|Set3|Draw1|col7,A,combined,1,1,3,1,7,8,00,2,1,True,2,11,12,8
Michigan4,LS1,Midday,Set3,Draw1,7,col7,Midday|Set3|Draw1|col7,A,combined,1,1,3,1,7,11,,0,0,False,2,11,12,8
Michigan4,LS1,Midday,Set3,Draw1,7,col7,Midday|Set3|Draw1|col7,B,own,1,1,3,1,7,0,992440018667,12,8,False,2,4,5,5
Michigan4,LS1,Midday,Set3,Draw1,7,col7,Midday|Set3|Draw1|col7,B,own,1,1,3,1,7,1,2008667,7,5,False,2,4,5,5
Michigan4,LS1,Midday,Set3,Draw1,7,col7,Midday|Set3|Draw1|col7,B,own,1,1,3,1,7,2,00667,5,3,True,2,4,5,5
Michigan4,LS1,Midday,Set3,Draw1,7,col7,Midday|Set3|Draw1|col7,B,own,1,1,3,1,7,3,007,3,2,True,2,4,5,5
Michigan4,LS1,Midday,Set3,Draw1,7,col7,Midday|Set3|Draw1|col7,B,own,1,1,3,1,7,4,,0,0,False,2,4,5,5
Michigan4,LS1,Midday,Set3,Draw1,7,col7,Midday|Set3|Draw1|col7,B,combined,1,1,3,1,7,0,992440018667,12,8,False,2,6,7,7
Michigan4,LS1,Midday,Set3,Draw1,7,col7,Midday|Set3|Draw1|col7,B,combined,1,1,3,1,7,1,2008667,7,5,False,2,6,7,7
Michigan4,LS1,Midday,Set3,Draw1,7,col7,Midday|Set3|Draw1|col7,B,combined,1,1,3,1,7,2,2007,4,3,True,2,6,7,7
Michigan4,LS1,Midday,Set3,Draw1,7,col7,Midday|Set3|Draw1|col7,B,combined,1,1,3,1,7,3,007,3,2,True,2,6,7,7
Michigan4,LS1,Midday,Set3,Draw1,7,col7,Midday|Set3|Draw1|col7,B,combined,1,1,3,1,7,4,7,1,1,True,2,6,7,7
Michigan4,LS1,Midday,Set3,Draw1,7,col7,Midday|Set3|Draw1|col7,B,combined,1,1,3,1,7,5,7,1,1,True,2,6,7,7
Michigan4,LS1,Midday,Set3,Draw1,7,col7,Midday|Set3|Draw1|col7,B,combined,1,1,3,1,7,6,,0,0,False,2,6,7,7
Michigan4,LS1,Midday,Set3,Draw1,7,col7,Midday|Set3|Draw1|col7,C,own,1,1,3,1,7,0,992440018667,12,8,False,2,4,5,5
Michigan4,LS1,Midday,Set3,Draw1,7,col7,Midday|Set3|Draw1|col7,C,own,1,1,3,1,7,1,20087,5,4,False,2,4,5,5
Michigan4,LS1,Midday,Set3,Draw1,7,col7,Midday|Set3|Draw1|col7,C,own,1,1,3,1,7,2,00,2,1,True,2,4,5,5
Michigan4,LS1,Midday,Set3,Draw1,7,col7,Midday|Set3|Draw1|col7,C,own,1,1,3,1,7,3,00,2,1,True,2,4,5,5
Michigan4,LS1,Midday,Set3,Draw1,7,col7,Midday|Set3|Draw1|col7,C,own,1,1,3,1,7,4,,0,0,False,2,4,5,5
Michigan4,LS1,Midday,Set3,Draw1,7,col7,Midday|Set3|Draw1|col7,C,combined,1,1,3,1,7,0,992440018667,12,8,False,2,4,5,5
Michigan4,LS1,Midday,Set3,Draw1,7,col7,Midday|Set3|Draw1|col7,C,combined,1,1,3,1,7,1,20087,5,4,False,2,4,5,5
Michigan4,LS1,Midday,Set3,Draw1,7,col7,Midday|Set3|Draw1|col7,C,combined,1,1,3,1,7,2,2007,4,3,True,2,4,5,5
Michigan4,LS1,Midday,Set3,Draw1,7,col7,Midday|Set3|Draw1|col7,C,combined,1,1,3,1,7,3,00,2,1,True,2,4,5,5
Michigan4,LS1,Midday,Set3,Draw1,7,col7,Midday|Set3|Draw1|col7,C,combined,1,1,3,1,7,4,,0,0,False,2,4,5,5
Michigan4,LS1,Midday,Set3,Draw1,7,col7,Midday|Set3|Draw1|col7,D,own,1,1,3,1,7,0,992440018667,12,8,False,2,5,6,6
Michigan4,LS1,Midday,Set3,Draw1,7,col7,Midday|Set3|Draw1|col7,D,own,1,1,3,1,7,1,200867,6,5,False,2,5,6,6
Michigan4,LS1,Midday,Set3,Draw1,7,col7,Midday|Set3|Draw1|col7,D,own,1,1,3,1,7,2,006,3,2,True,2,5,6,6
Michigan4,LS1,Midday,Set3,Draw1,7,col7,Midday|Set3|Draw1|col7,D,own,1,1,3,1,7,3,00,2,1,True,2,5,6,6
Michigan4,LS1,Midday,Set3,Draw1,7,col7,Midday|Set3|Draw1|col7,D,own,1,1,3,1,7,4,0,1,1,True,2,5,6,6
Michigan4,LS1,Midday,Set3,Draw1,7,col7,Midday|Set3|Draw1|col7,D,own,1,1,3,1,7,5,,0,0,False,2,5,6,6
Michigan4,LS1,Midday,Set3,Draw1,7,col7,Midday|Set3|Draw1|col7,D,combined,1,1,3,1,7,0,992440018667,12,8,False,2,6,7,7
Michigan4,LS1,Midday,Set3,Draw1,7,col7,Midday|Set3|Draw1|col7,D,combined,1,1,3,1,7,1,200867,6,5,False,2,6,7,7
Michigan4,LS1,Midday,Set3,Draw1,7,col7,Midday|Set3|Draw1|col7,D,combined,1,1,3,1,7,2,2007,4,3,True,2,6,7,7
Michigan4,LS1,Midday,Set3,Draw1,7,col7,Midday|Set3|Draw1|col7,D,combined,1,1,3,1,7,3,00,2,1,True,2,6,7,7
Michigan4,LS1,Midday,Set3,Draw1,7,col7,Midday|Set3|Draw1|col7,D,combined,1,1,3,1,7,4,0,1,1,True,2,6,7,7
Michigan4,LS1,Midday,Set3,Draw1,7,col7,Midday|Set3|Draw1|col7,D,combined,1,1,3,1,7,5,0,1,1,True,2,6,7,7
Michigan4,LS1,Midday,Set3,Draw1,7,col7,Midday|Set3|Draw1|col7,D,combined,1,1,3,1,7,6,,0,0,False,2,6,7,7
Michigan4,LS1,Midday,Set3,Draw1,7,col7,Midday|Set3|Draw1|col7,E,own,1,1,3,1,7,0,992440018667,12,8,False,4,5,6,6
Michigan4,LS1,Midday,Set3,Draw1,7,col7,Midday|Set3|Draw1|col7,E,own,1,1,3,1,7,1,924008667,9,7,False,4,5,6,6
Michigan4,LS1,Midday,Set3,Draw1,7,col7,Midday|Set3|Draw1|col7,E,own,1,1,3,1,7,2,9400667,7,5,False,4,5,6,6
Michigan4,LS1,Midday,Set3,Draw1,7,col7,Midday|Set3|Draw1|col7,E,own,1,1,3,1,7,3,90067,5,4,False,4,5,6,6
Michigan4,LS1,Midday,Set3,Draw1,7,col7,Midday|Set3|Draw1|col7,E,own,1,1,3,1,7,4,906,3,3,True,4,5,6,6
Michigan4,LS1,Midday,Set3,Draw1,7,col7,Midday|Set3|Draw1|col7,E,own,1,1,3,1,7,5,,0,0,False,4,5,6,6
Michigan4,LS1,Midday,Set3,Draw1,7,col7,Midday|Set3|Draw1|col7,E,combined,1,1,3,1,7,0,992440018667,12,8,False,4,6,7,7
Michigan4,LS1,Midday,Set3,Draw1,7,col7,Midday|Set3|Draw1|col7,E,combined,1,1,3,1,7,1,924008667,9,7,False,4,6,7,7
Michigan4,LS1,Midday,Set3,Draw1,7,col7,Midday|Set3|Draw1|col7,E,combined,1,1,3,1,7,2,924007,6,5,False,4,6,7,7
Michigan4,LS1,Midday,Set3,Draw1,7,col7,Midday|Set3|Draw1|col7,E,combined,1,1,3,1,7,3,94007,5,4,False,4,6,7,7
Michigan4,LS1,Midday,Set3,Draw1,7,col7,Midday|Set3|Draw1|col7,E,combined,1,1,3,1,7,4,907,3,3,True,4,6,7,7
Michigan4,LS1,Midday,Set3,Draw1,7,col7,Midday|Set3|Draw1|col7,E,combined,1,1,3,1,7,5,07,2,2,True,4,6,7,7
Michigan4,LS1,Midday,Set3,Draw1,7,col7,Midday|Set3|Draw1|col7,E,combined,1,1,3,1,7,6,,0,0,False,4,6,7,7
Michigan4,LS1,Midday,Set3,Draw1,7,col7,Midday|Set3|Draw1|col7,T,own,1,1,3,1,7,0,992440018667,12,8,False,2,6,7,6
Michigan4,LS1,Midday,Set3,Draw1,7,col7,Midday|Set3|Draw1|col7,T,own,1,1,3,1,7,1,20087,5,4,False,2,6,7,6
Michigan4,LS1,Midday,Set3,Draw1,7,col7,Midday|Set3|Draw1|col7,T,own,1,1,3,1,7,2,008,3,2,True,2,6,7,6
Michigan4,LS1,Midday,Set3,Draw1,7,col7,Midday|Set3|Draw1|col7,T,own,1,1,3,1,7,3,00,2,1,True,2,6,7,6
Michigan4,LS1,Midday,Set3,Draw1,7,col7,Midday|Set3|Draw1|col7,T,own,1,1,3,1,7,4,00,2,1,True,2,6,7,6
Michigan4,LS1,Midday,Set3,Draw1,7,col7,Midday|Set3|Draw1|col7,T,own,1,1,3,1,7,6,,0,0,False,2,6,7,6
Michigan4,LS1,Midday,Set3,Draw1,7,col7,Midday|Set3|Draw1|col7,T,combined,1,1,3,1,7,0,992440018667,12,8,False,2,11,12,8
Michigan4,LS1,Midday,Set3,Draw1,7,col7,Midday|Set3|Draw1|col7,T,combined,1,1,3,1,7,1,20087,5,4,False,2,11,12,8
Michigan4,LS1,Midday,Set3,Draw1,7,col7,Midday|Set3|Draw1|col7,T,combined,1,1,3,1,7,2,2007,4,3,True,2,11,12,8
Michigan4,LS1,Midday,Set3,Draw1,7,col7,Midday|Set3|Draw1|col7,T,combined,1,1,3,1,7,3,007,3,2,True,2,11,12,8
Michigan4,LS1,Midday,Set3,Draw1,7,col7,Midday|Set3|Draw1|col7,T,combined,1,1,3,1,7,4,007,3,2,True,2,11,12,8
Michigan4,LS1,Midday,Set3,Draw1,7,col7,Midday|Set3|Draw1|col7,T,combined,1,1,3,1,7,7,00,2,1,True,2,11,12,8
Michigan4,LS1,Midday,Set3,Draw1,7,col7,Midday|Set3|Draw1|col7,T,combined,1,1,3,1,7,8,00,2,1,True,2,11,12,8
Michigan4,LS1,Midday,Set3,Draw1,7,col7,Midday|Set3|Draw1|col7,T,combined,1,1,3,1,7,11,,0,0,False,2,11,12,8
Michigan4,LS1,Midday,Set3,Draw1,6,col6,Midday|Set3|Draw1|col6,A,own,1,1,3,1,6,0,994401866,9,6,False,1,6,7,6
Michigan4,LS1,Midday,Set3,Draw1,6,col6,Midday|Set3|Draw1|col6,A,own,1,1,3,1,6,1,0866,4,3,True,1,6,7,6
Michigan4,LS1,Midday,Set3,Draw1,6,col6,Midday|Set3|Draw1|col6,A,own,1,1,3,1,6,2,0866,4,3,True,1,6,7,6
Michigan4,LS1,Midday,Set3,Draw1,6,col6,Midday|Set3|Draw1|col6,A,own,1,1,3,1,6,3,0,1,1,True,1,6,7,6
Michigan4,LS1,Midday,Set3,Draw1,6,col6,Midday|Set3|Draw1|col6,A,own,1,1,3,1,6,4,0,1,1,True,1,6,7,6
Michigan4,LS1,Midday,Set3,Draw1,6,col6,Midday|Set3|Draw1|col6,A,own,1,1,3,1,6,6,,0,0,False,1,6,7,6
Michigan4,LS1,Midday,Set3,Draw1,6,col6,Midday|Set3|Draw1|col6,A,combined,1,1,3,1,6,0,994401866,9,6,False,1,11,12,5
Michigan4,LS1,Midday,Set3,Draw1,6,col6,Midday|Set3|Draw1|col6,A,combined,1,1,3,1,6,1,0866,4,3,True,1,11,12,5
Michigan4,LS1,Midday,Set3,Draw1,6,col6,Midday|Set3|Draw1|col6,A,combined,1,1,3,1,6,2,0,1,1,True,1,11,12,5
Michigan4,LS1,Midday,Set3,Draw1,6,col6,Midday|Set3|Draw1|col6,A,combined,1,1,3,1,6,3,0,1,1,True,1,11,12,5
Michigan4,LS1,Midday,Set3,Draw1,6,col6,Midday|Set3|Draw1|col6,A,combined,1,1,3,1,6,11,,0,0,False,1,11,12,5
Michigan4,LS1,Midday,Set3,Draw1,6,col6,Midday|Set3|Draw1|col6,B,own,1,1,3,1,6,0,994401866,9,6,False,1,4,5,5
Michigan4,LS1,Midday,Set3,Draw1,6,col6,Midday|Set3|Draw1|col6,B,own,1,1,3,1,6,1,0866,4,3,True,1,4,5,5
Michigan4,LS1,Midday,Set3,Draw1,6,col6,Midday|Set3|Draw1|col6,B,own,1,1,3,1,6,2,066,3,2,True,1,4,5,5
Michigan4,LS1,Midday,Set3,Draw1,6,col6,Midday|Set3|Draw1|col6,B,own,1,1,3,1,6,3,0,1,1,True,1,4,5,5
Michigan4,LS1,Midday,Set3,Draw1,6,col6,Midday|Set3|Draw1|col6,B,own,1,1,3,1,6,4,,0,0,False,1,4,5,5
Michigan4,LS1,Midday,Set3,Draw1,6,col6,Midday|Set3|Draw1|col6,B,combined,1,1,3,1,6,0,994401866,9,6,False,1,4,5,5
Michigan4,LS1,Midday,Set3,Draw1,6,col6,Midday|Set3|Draw1|col6,B,combined,1,1,3,1,6,1,0866,4,3,True,1,4,5,5
Michigan4,LS1,Midday,Set3,Draw1,6,col6,Midday|Set3|Draw1|col6,B,combined,1,1,3,1,6,2,0,1,1,True,1,4,5,5
Michigan4,LS1,Midday,Set3,Draw1,6,col6,Midday|Set3|Draw1|col6,B,combined,1,1,3,1,6,3,0,1,1,True,1,4,5,5
Michigan4,LS1,Midday,Set3,Draw1,6,col6,Midday|Set3|Draw1|col6,B,combined,1,1,3,1,6,4,,0,0,False,1,4,5,5
Michigan4,LS1,Midday,Set3,Draw1,6,col6,Midday|Set3|Draw1|col6,C,own,1,1,3,1,6,0,994401866,9,6,False,1,4,5,5
Michigan4,LS1,Midday,Set3,Draw1,6,col6,Midday|Set3|Draw1|col6,C,own,1,1,3,1,6,1,08,2,2,True,1,4,5,5
Michigan4,LS1,Midday,Set3,Draw1,6,col6,Midday|Set3|Draw1|col6,C,own,1,1,3,1,6,2,0,1,1,True,1,4,5,5
Michigan4,LS1,Midday,Set3,Draw1,6,col6,Midday|Set3|Draw1|col6,C,own,1,1,3,1,6,3,0,1,1,True,1,4,5,5
Michigan4,LS1,Midday,Set3,Draw1,6,col6,Midday|Set3|Draw1|col6,C,own,1,1,3,1,6,4,,0,0,False,1,4,5,5
Michigan4,LS1,Midday,Set3,Draw1,6,col6,Midday|Set3|Draw1|col6,C,combined,1,1,3,1,6,0,994401866,9,6,False,1,4,5,5
Michigan4,LS1,Midday,Set3,Draw1,6,col6,Midday|Set3|Draw1|col6,C,combined,1,1,3,1,6,1,08,2,2,True,1,4,5,5
Michigan4,LS1,Midday,Set3,Draw1,6,col6,Midday|Set3|Draw1|col6,C,combined,1,1,3,1,6,2,0,1,1,True,1,4,5,5
Michigan4,LS1,Midday,Set3,Draw1,6,col6,Midday|Set3|Draw1|col6,C,combined,1,1,3,1,6,3,0,1,1,True,1,4,5,5
Michigan4,LS1,Midday,Set3,Draw1,6,col6,Midday|Set3|Draw1|col6,C,combined,1,1,3,1,6,4,,0,0,False,1,4,5,5
Michigan4,LS1,Midday,Set3,Draw1,6,col6,Midday|Set3|Draw1|col6,D,own,1,1,3,1,6,0,994401866,9,6,False,1,4,5,5
Michigan4,LS1,Midday,Set3,Draw1,6,col6,Midday|Set3|Draw1|col6,D,own,1,1,3,1,6,1,086,3,3,True,1,4,5,5
Michigan4,LS1,Midday,Set3,Draw1,6,col6,Midday|Set3|Draw1|col6,D,own,1,1,3,1,6,2,06,2,2,True,1,4,5,5
Michigan4,LS1,Midday,Set3,Draw1,6,col6,Midday|Set3|Draw1|col6,D,own,1,1,3,1,6,3,0,1,1,True,1,4,5,5
Michigan4,LS1,Midday,Set3,Draw1,6,col6,Midday|Set3|Draw1|col6,D,own,1,1,3,1,6,4,,0,0,False,1,4,5,5
Michigan4,LS1,Midday,Set3,Draw1,6,col6,Midday|Set3|Draw1|col6,D,combined,1,1,3,1,6,0,994401866,9,6,False,1,4,5,5
Michigan4,LS1,Midday,Set3,Draw1,6,col6,Midday|Set3|Draw1|col6,D,combined,1,1,3,1,6,1,086,3,3,True,1,4,5,5
Michigan4,LS1,Midday,Set3,Draw1,6,col6,Midday|Set3|Draw1|col6,D,combined,1,1,3,1,6,2,0,1,1,True,1,4,5,5
Michigan4,LS1,Midday,Set3,Draw1,6,col6,Midday|Set3|Draw1|col6,D,combined,1,1,3,1,6,3,0,1,1,True,1,4,5,5
Michigan4,LS1,Midday,Set3,Draw1,6,col6,Midday|Set3|Draw1|col6,D,combined,1,1,3,1,6,4,,0,0,False,1,4,5,5
Michigan4,LS1,Midday,Set3,Draw1,6,col6,Midday|Set3|Draw1|col6,E,own,1,1,3,1,6,0,994401866,9,6,False,3,5,6,6
Michigan4,LS1,Midday,Set3,Draw1,6,col6,Midday|Set3|Draw1|col6,E,own,1,1,3,1,6,1,940866,6,5,False,3,5,6,6
Michigan4,LS1,Midday,Set3,Draw1,6,col6,Midday|Set3|Draw1|col6,E,own,1,1,3,1,6,2,94066,5,4,False,3,5,6,6
Michigan4,LS1,Midday,Set3,Draw1,6,col6,Midday|Set3|Draw1|col6,E,own,1,1,3,1,6,3,906,3,3,True,3,5,6,6
Michigan4,LS1,Midday,Set3,Draw1,6,col6,Midday|Set3|Draw1|col6,E,own,1,1,3,1,6,4,96,2,2,True,3,5,6,6
Michigan4,LS1,Midday,Set3,Draw1,6,col6,Midday|Set3|Draw1|col6,E,own,1,1,3,1,6,5,,0,0,False,3,5,6,6
Michigan4,LS1,Midday,Set3,Draw1,6,col6,Midday|Set3|Draw1|col6,E,combined,1,1,3,1,6,0,994401866,9,6,False,2,5,6,6
Michigan4,LS1,Midday,Set3,Draw1,6,col6,Midday|Set3|Draw1|col6,E,combined,1,1,3,1,6,1,940866,6,5,False,2,5,6,6
Michigan4,LS1,Midday,Set3,Draw1,6,col6,Midday|Set3|Draw1|col6,E,combined,1,1,3,1,6,2,940,3,3,True,2,5,6,6
Michigan4,LS1,Midday,Set3,Draw1,6,col6,Midday|Set3|Draw1|col6,E,combined,1,1,3,1,6,3,940,3,3,True,2,5,6,6
Michigan4,LS1,Midday,Set3,Draw1,6,col6,Midday|Set3|Draw1|col6,E,combined,1,1,3,1,6,4,9,1,1,True,2,5,6,6
Michigan4,LS1,Midday,Set3,Draw1,6,col6,Midday|Set3|Draw1|col6,E,combined,1,1,3,1,6,5,,0,0,False,2,5,6,6
Michigan4,LS1,Midday,Set3,Draw1,6,col6,Midday|Set3|Draw1|col6,T,own,1,1,3,1,6,0,994401866,9,6,False,1,6,7,6
Michigan4,LS1,Midday,Set3,Draw1,6,col6,Midday|Set3|Draw1|col6,T,own,1,1,3,1,6,1,08,2,2,True,1,6,7,6
Michigan4,LS1,Midday,Set3,Draw1,6,col6,Midday|Set3|Draw1|col6,T,own,1,1,3,1,6,2,08,2,2,True,1,6,7,6
Michigan4,LS1,Midday,Set3,Draw1,6,col6,Midday|Set3|Draw1|col6,T,own,1,1,3,1,6,3,0,1,1,True,1,6,7,6
Michigan4,LS1,Midday,Set3,Draw1,6,col6,Midday|Set3|Draw1|col6,T,own,1,1,3,1,6,4,0,1,1,True,1,6,7,6
Michigan4,LS1,Midday,Set3,Draw1,6,col6,Midday|Set3|Draw1|col6,T,own,1,1,3,1,6,6,,0,0,False,1,6,7,6
Michigan4,LS1,Midday,Set3,Draw1,6,col6,Midday|Set3|Draw1|col6,T,combined,1,1,3,1,6,0,994401866,9,6,False,1,11,12,5
Michigan4,LS1,Midday,Set3,Draw1,6,col6,Midday|Set3|Draw1|col6,T,combined,1,1,3,1,6,1,08,2,2,True,1,11,12,5
Michigan4,LS1,Midday,Set3,Draw1,6,col6,Midday|Set3|Draw1|col6,T,combined,1,1,3,1,6,2,0,1,1,True,1,11,12,5
Michigan4,LS1,Midday,Set3,Draw1,6,col6,Midday|Set3|Draw1|col6,T,combined,1,1,3,1,6,3,0,1,1,True,1,11,12,5
Michigan4,LS1,Midday,Set3,Draw1,6,col6,Midday|Set3|Draw1|col6,T,combined,1,1,3,1,6,11,,0,0,False,1,11,12,5
Michigan4,LS1,Midday,Set3,Draw1,5,col5,Midday|Set3|Draw1|col5,A,own,1,1,3,1,5,0,94401866,8,6,False,1,6,7,6
Michigan4,LS1,Midday,Set3,Draw1,5,col5,Midday|Set3|Draw1|col5,A,own,1,1,3,1,5,1,0866,4,3,True,1,6,7,6
Michigan4,LS1,Midday,Set3,Draw1,5,col5,Midday|Set3|Draw1|col5,A,own,1,1,3,1,5,2,0866,4,3,True,1,6,7,6
Michigan4,LS1,Midday,Set3,Draw1,5,col5,Midday|Set3|Draw1|col5,A,own,1,1,3,1,5,3,0,1,1,True,1,6,7,6
Michigan4,LS1,Midday,Set3,Draw1,5,col5,Midday|Set3|Draw1|col5,A,own,1,1,3,1,5,4,0,1,1,True,1,6,7,6
Michigan4,LS1,Midday,Set3,Draw1,5,col5,Midday|Set3|Draw1|col5,A,own,1,1,3,1,5,6,,0,0,False,1,6,7,6
Michigan4,LS1,Midday,Set3,Draw1,5,col5,Midday|Set3|Draw1|col5,A,combined,1,1,3,1,5,0,94401866,8,6,False,1,11,12,5
Michigan4,LS1,Midday,Set3,Draw1,5,col5,Midday|Set3|Draw1|col5,A,combined,1,1,3,1,5,1,0866,4,3,True,1,11,12,5
Michigan4,LS1,Midday,Set3,Draw1,5,col5,Midday|Set3|Draw1|col5,A,combined,1,1,3,1,5,2,0,1,1,True,1,11,12,5
Michigan4,LS1,Midday,Set3,Draw1,5,col5,Midday|Set3|Draw1|col5,A,combined,1,1,3,1,5,3,0,1,1,True,1,11,12,5
Michigan4,LS1,Midday,Set3,Draw1,5,col5,Midday|Set3|Draw1|col5,A,combined,1,1,3,1,5,11,,0,0,False,1,11,12,5
Michigan4,LS1,Midday,Set3,Draw1,5,col5,Midday|Set3|Draw1|col5,B,own,1,1,3,1,5,0,94401866,8,6,False,1,4,5,5
Michigan4,LS1,Midday,Set3,Draw1,5,col5,Midday|Set3|Draw1|col5,B,own,1,1,3,1,5,1,0866,4,3,True,1,4,5,5
Michigan4,LS1,Midday,Set3,Draw1,5,col5,Midday|Set3|Draw1|col5,B,own,1,1,3,1,5,2,066,3,2,True,1,4,5,5
Michigan4,LS1,Midday,Set3,Draw1,5,col5,Midday|Set3|Draw1|col5,B,own,1,1,3,1,5,3,0,1,1,True,1,4,5,5
Michigan4,LS1,Midday,Set3,Draw1,5,col5,Midday|Set3|Draw1|col5,B,own,1,1,3,1,5,4,,0,0,False,1,4,5,5
Michigan4,LS1,Midday,Set3,Draw1,5,col5,Midday|Set3|Draw1|col5,B,combined,1,1,3,1,5,0,94401866,8,6,False,1,4,5,5
Michigan4,LS1,Midday,Set3,Draw1,5,col5,Midday|Set3|Draw1|col5,B,combined,1,1,3,1,5,1,0866,4,3,True,1,4,5,5
Michigan4,LS1,Midday,Set3,Draw1,5,col5,Midday|Set3|Draw1|col5,B,combined,1,1,3,1,5,2,0,1,1,True,1,4,5,5
Michigan4,LS1,Midday,Set3,Draw1,5,col5,Midday|Set3|Draw1|col5,B,combined,1,1,3,1,5,3,0,1,1,True,1,4,5,5
Michigan4,LS1,Midday,Set3,Draw1,5,col5,Midday|Set3|Draw1|col5,B,combined,1,1,3,1,5,4,,0,0,False,1,4,5,5
Michigan4,LS1,Midday,Set3,Draw1,5,col5,Midday|Set3|Draw1|col5,C,own,1,1,3,1,5,0,94401866,8,6,False,1,4,5,5
Michigan4,LS1,Midday,Set3,Draw1,5,col5,Midday|Set3|Draw1|col5,C,own,1,1,3,1,5,1,08,2,2,True,1,4,5,5
Michigan4,LS1,Midday,Set3,Draw1,5,col5,Midday|Set3|Draw1|col5,C,own,1,1,3,1,5,2,0,1,1,True,1,4,5,5
Michigan4,LS1,Midday,Set3,Draw1,5,col5,Midday|Set3|Draw1|col5,C,own,1,1,3,1,5,3,0,1,1,True,1,4,5,5
Michigan4,LS1,Midday,Set3,Draw1,5,col5,Midday|Set3|Draw1|col5,C,own,1,1,3,1,5,4,,0,0,False,1,4,5,5
Michigan4,LS1,Midday,Set3,Draw1,5,col5,Midday|Set3|Draw1|col5,C,combined,1,1,3,1,5,0,94401866,8,6,False,1,4,5,5
Michigan4,LS1,Midday,Set3,Draw1,5,col5,Midday|Set3|Draw1|col5,C,combined,1,1,3,1,5,1,08,2,2,True,1,4,5,5
Michigan4,LS1,Midday,Set3,Draw1,5,col5,Midday|Set3|Draw1|col5,C,combined,1,1,3,1,5,2,0,1,1,True,1,4,5,5
Michigan4,LS1,Midday,Set3,Draw1,5,col5,Midday|Set3|Draw1|col5,C,combined,1,1,3,1,5,3,0,1,1,True,1,4,5,5
Michigan4,LS1,Midday,Set3,Draw1,5,col5,Midday|Set3|Draw1|col5,C,combined,1,1,3,1,5,4,,0,0,False,1,4,5,5
Michigan4,LS1,Midday,Set3,Draw1,5,col5,Midday|Set3|Draw1|col5,D,own,1,1,3,1,5,0,94401866,8,6,False,1,4,5,5
Michigan4,LS1,Midday,Set3,Draw1,5,col5,Midday|Set3|Draw1|col5,D,own,1,1,3,1,5,1,086,3,3,True,1,4,5,5
Michigan4,LS1,Midday,Set3,Draw1,5,col5,Midday|Set3|Draw1|col5,D,own,1,1,3,1,5,2,06,2,2,True,1,4,5,5
Michigan4,LS1,Midday,Set3,Draw1,5,col5,Midday|Set3|Draw1|col5,D,own,1,1,3,1,5,3,0,1,1,True,1,4,5,5
Michigan4,LS1,Midday,Set3,Draw1,5,col5,Midday|Set3|Draw1|col5,D,own,1,1,3,1,5,4,,0,0,False,1,4,5,5
Michigan4,LS1,Midday,Set3,Draw1,5,col5,Midday|Set3|Draw1|col5,D,combined,1,1,3,1,5,0,94401866,8,6,False,1,4,5,5
Michigan4,LS1,Midday,Set3,Draw1,5,col5,Midday|Set3|Draw1|col5,D,combined,1,1,3,1,5,1,086,3,3,True,1,4,5,5
Michigan4,LS1,Midday,Set3,Draw1,5,col5,Midday|Set3|Draw1|col5,D,combined,1,1,3,1,5,2,0,1,1,True,1,4,5,5
Michigan4,LS1,Midday,Set3,Draw1,5,col5,Midday|Set3|Draw1|col5,D,combined,1,1,3,1,5,3,0,1,1,True,1,4,5,5
Michigan4,LS1,Midday,Set3,Draw1,5,col5,Midday|Set3|Draw1|col5,D,combined,1,1,3,1,5,4,,0,0,False,1,4,5,5
Michigan4,LS1,Midday,Set3,Draw1,5,col5,Midday|Set3|Draw1|col5,E,own,1,1,3,1,5,0,94401866,8,6,False,2,5,6,6
Michigan4,LS1,Midday,Set3,Draw1,5,col5,Midday|Set3|Draw1|col5,E,own,1,1,3,1,5,1,40866,5,4,False,2,5,6,6
Michigan4,LS1,Midday,Set3,Draw1,5,col5,Midday|Set3|Draw1|col5,E,own,1,1,3,1,5,2,4066,4,3,True,2,5,6,6
Michigan4,LS1,Midday,Set3,Draw1,5,col5,Midday|Set3|Draw1|col5,E,own,1,1,3,1,5,3,06,2,2,True,2,5,6,6
Michigan4,LS1,Midday,Set3,Draw1,5,col5,Midday|Set3|Draw1|col5,E,own,1,1,3,1,5,4,6,1,1,True,2,5,6,6
Michigan4,LS1,Midday,Set3,Draw1,5,col5,Midday|Set3|Draw1|col5,E,own,1,1,3,1,5,5,,0,0,False,2,5,6,6
Michigan4,LS1,Midday,Set3,Draw1,5,col5,Midday|Set3|Draw1|col5,E,combined,1,1,3,1,5,0,94401866,8,6,False,2,4,5,5
Michigan4,LS1,Midday,Set3,Draw1,5,col5,Midday|Set3|Draw1|col5,E,combined,1,1,3,1,5,1,40866,5,4,False,2,4,5,5
Michigan4,LS1,Midday,Set3,Draw1,5,col5,Midday|Set3|Draw1|col5,E,combined,1,1,3,1,5,2,40,2,2,True,2,4,5,5
Michigan4,LS1,Midday,Set3,Draw1,5,col5,Midday|Set3|Draw1|col5,E,combined,1,1,3,1,5,3,40,2,2,True,2,4,5,5
Michigan4,LS1,Midday,Set3,Draw1,5,col5,Midday|Set3|Draw1|col5,E,combined,1,1,3,1,5,4,,0,0,False,2,4,5,5
Michigan4,LS1,Midday,Set3,Draw1,5,col5,Midday|Set3|Draw1|col5,T,own,1,1,3,1,5,0,94401866,8,6,False,1,6,7,6
Michigan4,LS1,Midday,Set3,Draw1,5,col5,Midday|Set3|Draw1|col5,T,own,1,1,3,1,5,1,08,2,2,True,1,6,7,6
Michigan4,LS1,Midday,Set3,Draw1,5,col5,Midday|Set3|Draw1|col5,T,own,1,1,3,1,5,2,08,2,2,True,1,6,7,6
Michigan4,LS1,Midday,Set3,Draw1,5,col5,Midday|Set3|Draw1|col5,T,own,1,1,3,1,5,3,0,1,1,True,1,6,7,6
Michigan4,LS1,Midday,Set3,Draw1,5,col5,Midday|Set3|Draw1|col5,T,own,1,1,3,1,5,4,0,1,1,True,1,6,7,6
Michigan4,LS1,Midday,Set3,Draw1,5,col5,Midday|Set3|Draw1|col5,T,own,1,1,3,1,5,6,,0,0,False,1,6,7,6
Michigan4,LS1,Midday,Set3,Draw1,5,col5,Midday|Set3|Draw1|col5,T,combined,1,1,3,1,5,0,94401866,8,6,False,1,11,12,5
Michigan4,LS1,Midday,Set3,Draw1,5,col5,Midday|Set3|Draw1|col5,T,combined,1,1,3,1,5,1,08,2,2,True,1,11,12,5
Michigan4,LS1,Midday,Set3,Draw1,5,col5,Midday|Set3|Draw1|col5,T,combined,1,1,3,1,5,2,0,1,1,True,1,11,12,5
Michigan4,LS1,Midday,Set3,Draw1,5,col5,Midday|Set3|Draw1|col5,T,combined,1,1,3,1,5,3,0,1,1,True,1,11,12,5
Michigan4,LS1,Midday,Set3,Draw1,5,col5,Midday|Set3|Draw1|col5,T,combined,1,1,3,1,5,11,,0,0,False,1,11,12,5
Michigan4,LS1,Midday,Set2,Draw1,7,col7,Midday|Set2|Draw1|col7,A,own,1,1,2,1,7,0,99440138667,11,8,False,3,6,7,7
Michigan4,LS1,Midday,Set2,Draw1,7,col7,Midday|Set2|Draw1|col7,A,own,1,1,2,1,7,1,038667,6,5,False,3,6,7,7
Michigan4,LS1,Midday,Set2,Draw1,7,col7,Midday|Set2|Draw1|col7,A,own,1,1,2,1,7,2,08667,5,4,False,3,6,7,7
Michigan4,LS1,Midday,Set2,Draw1,7,col7,Midday|Set2|Draw1|col7,A,own,1,1,2,1,7,3,07,2,2,True,3,6,7,7
Michigan4,LS1,Midday,Set2,Draw1,7,col7,Midday|Set2|Draw1|col7,A,own,1,1,2,1,7,4,0,1,1,True,3,6,7,7
Michigan4,LS1,Midday,Set2,Draw1,7,col7,Midday|Set2|Draw1|col7,A,own,1,1,2,1,7,5,0,1,1,True,3,6,7,7
Michigan4,LS1,Midday,Set2,Draw1,7,col7,Midday|Set2|Draw1|col7,A,own,1,1,2,1,7,6,,0,0,False,3,6,7,7
Michigan4,LS1,Midday,Set2,Draw1,7,col7,Midday|Set2|Draw1|col7,A,combined,1,1,2,1,7,0,99440138667,11,8,False,2,11,12,8
Michigan4,LS1,Midday,Set2,Draw1,7,col7,Midday|Set2|Draw1|col7,A,combined,1,1,2,1,7,1,038667,6,5,False,2,11,12,8
Michigan4,LS1,Midday,Set2,Draw1,7,col7,Midday|Set2|Draw1|col7,A,combined,1,1,2,1,7,2,037,3,3,True,2,11,12,8
Michigan4,LS1,Midday,Set2,Draw1,7,col7,Midday|Set2|Draw1|col7,A,combined,1,1,2,1,7,3,07,2,2,True,2,11,12,8
Michigan4,LS1,Midday,Set2,Draw1,7,col7,Midday|Set2|Draw1|col7,A,combined,1,1,2,1,7,4,07,2,2,True,2,11,12,8
Michigan4,LS1,Midday,Set2,Draw1,7,col7,Midday|Set2|Draw1|col7,A,combined,1,1,2,1,7,7,0,1,1,True,2,11,12,8
Michigan4,LS1,Midday,Set2,Draw1,7,col7,Midday|Set2|Draw1|col7,A,combined,1,1,2,1,7,8,0,1,1,True,2,11,12,8
Michigan4,LS1,Midday,Set2,Draw1,7,col7,Midday|Set2|Draw1|col7,A,combined,1,1,2,1,7,11,,0,0,False,2,11,12,8
Michigan4,LS1,Midday,Set2,Draw1,7,col7,Midday|Set2|Draw1|col7,B,own,1,1,2,1,7,0,99440138667,11,8,False,2,4,5,5
Michigan4,LS1,Midday,Set2,Draw1,7,col7,Midday|Set2|Draw1|col7,B,own,1,1,2,1,7,1,038667,6,5,False,2,4,5,5
Michigan4,LS1,Midday,Set2,Draw1,7,col7,Midday|Set2|Draw1|col7,B,own,1,1,2,1,7,2,066,3,2,True,2,4,5,5
Michigan4,LS1,Midday,Set2,Draw1,7,col7,Midday|Set2|Draw1|col7,B,own,1,1,2,1,7,3,0,1,1,True,2,4,5,5
Michigan4,LS1,Midday,Set2,Draw1,7,col7,Midday|Set2|Draw1|col7,B,own,1,1,2,1,7,4,,0,0,False,2,4,5,5
Michigan4,LS1,Midday,Set2,Draw1,7,col7,Midday|Set2|Draw1|col7,B,combined,1,1,2,1,7,0,99440138667,11,8,False,2,4,5,5
Michigan4,LS1,Midday,Set2,Draw1,7,col7,Midday|Set2|Draw1|col7,B,combined,1,1,2,1,7,1,038667,6,5,False,2,4,5,5
Michigan4,LS1,Midday,Set2,Draw1,7,col7,Midday|Set2|Draw1|col7,B,combined,1,1,2,1,7,2,037,3,3,True,2,4,5,5
Michigan4,LS1,Midday,Set2,Draw1,7,col7,Midday|Set2|Draw1|col7,B,combined,1,1,2,1,7,3,0,1,1,True,2,4,5,5
Michigan4,LS1,Midday,Set2,Draw1,7,col7,Midday|Set2|Draw1|col7,B,combined,1,1,2,1,7,4,,0,0,False,2,4,5,5
Michigan4,LS1,Midday,Set2,Draw1,7,col7,Midday|Set2|Draw1|col7,C,own,1,1,2,1,7,0,99440138667,11,8,False,2,4,5,5
Michigan4,LS1,Midday,Set2,Draw1,7,col7,Midday|Set2|Draw1|col7,C,own,1,1,2,1,7,1,0387,4,4,False,2,4,5,5
Michigan4,LS1,Midday,Set2,Draw1,7,col7,Midday|Set2|Draw1|col7,C,own,1,1,2,1,7,2,0,1,1,True,2,4,5,5
Michigan4,LS1,Midday,Set2,Draw1,7,col7,Midday|Set2|Draw1|col7,C,own,1,1,2,1,7,3,0,1,1,True,2,4,5,5
Michigan4,LS1,Midday,Set2,Draw1,7,col7,Midday|Set2|Draw1|col7,C,own,1,1,2,1,7,4,,0,0,False,2,4,5,5
Michigan4,LS1,Midday,Set2,Draw1,7,col7,Midday|Set2|Draw1|col7,C,combined,1,1,2,1,7,0,99440138667,11,8,False,2,4,5,5
Michigan4,LS1,Midday,Set2,Draw1,7,col7,Midday|Set2|Draw1|col7,C,combined,1,1,2,1,7,1,0387,4,4,False,2,4,5,5
Michigan4,LS1,Midday,Set2,Draw1,7,col7,Midday|Set2|Draw1|col7,C,combined,1,1,2,1,7,2,07,2,2,True,2,4,5,5
Michigan4,LS1,Midday,Set2,Draw1,7,col7,Midday|Set2|Draw1|col7,C,combined,1,1,2,1,7,3,0,1,1,True,2,4,5,5
Michigan4,LS1,Midday,Set2,Draw1,7,col7,Midday|Set2|Draw1|col7,C,combined,1,1,2,1,7,4,,0,0,False,2,4,5,5
Michigan4,LS1,Midday,Set2,Draw1,7,col7,Midday|Set2|Draw1|col7,D,own,1,1,2,1,7,0,99440138667,11,8,False,2,4,5,5
Michigan4,LS1,Midday,Set2,Draw1,7,col7,Midday|Set2|Draw1|col7,D,own,1,1,2,1,7,1,03867,5,5,False,2,4,5,5
Michigan4,LS1,Midday,Set2,Draw1,7,col7,Midday|Set2|Draw1|col7,D,own,1,1,2,1,7,2,06,2,2,True,2,4,5,5
Michigan4,LS1,Midday,Set2,Draw1,7,col7,Midday|Set2|Draw1|col7,D,own,1,1,2,1,7,3,0,1,1,True,2,4,5,5
Michigan4,LS1,Midday,Set2,Draw1,7,col7,Midday|Set2|Draw1|col7,D,own,1,1,2,1,7,4,,0,0,False,2,4,5,5
Michigan4,LS1,Midday,Set2,Draw1,7,col7,Midday|Set2|Draw1|col7,D,combined,1,1,2,1,7,0,99440138667,11,8,False,2,4,5,5
Michigan4,LS1,Midday,Set2,Draw1,7,col7,Midday|Set2|Draw1|col7,D,combined,1,1,2,1,7,1,03867,5,5,False,2,4,5,5
Michigan4,LS1,Midday,Set2,Draw1,7,col7,Midday|Set2|Draw1|col7,D,combined,1,1,2,1,7,2,07,2,2,True,2,4,5,5
Michigan4,LS1,Midday,Set2,Draw1,7,col7,Midday|Set2|Draw1|col7,D,combined,1,1,2,1,7,3,0,1,1,True,2,4,5,5
Michigan4,LS1,Midday,Set2,Draw1,7,col7,Midday|Set2|Draw1|col7,D,combined,1,1,2,1,7,4,,0,0,False,2,4,5,5
Michigan4,LS1,Midday,Set2,Draw1,7,col7,Midday|Set2|Draw1|col7,E,own,1,1,2,1,7,0,99440138667,11,8,False,3,5,6,6
Michigan4,LS1,Midday,Set2,Draw1,7,col7,Midday|Set2|Draw1|col7,E,own,1,1,2,1,7,1,94038667,8,7,False,3,5,6,6
Michigan4,LS1,Midday,Set2,Draw1,7,col7,Midday|Set2|Draw1|col7,E,own,1,1,2,1,7,2,94066,5,4,False,3,5,6,6
Michigan4,LS1,Midday,Set2,Draw1,7,col7,Midday|Set2|Draw1|col7,E,own,1,1,2,1,7,3,906,3,3,True,3,5,6,6
Michigan4,LS1,Midday,Set2,Draw1,7,col7,Midday|Set2|Draw1|col7,E,own,1,1,2,1,7,4,96,2,2,True,3,5,6,6
Michigan4,LS1,Midday,Set2,Draw1,7,col7,Midday|Set2|Draw1|col7,E,own,1,1,2,1,7,5,,0,0,False,3,5,6,6
Michigan4,LS1,Midday,Set2,Draw1,7,col7,Midday|Set2|Draw1|col7,E,combined,1,1,2,1,7,0,99440138667,11,8,False,3,5,6,6
Michigan4,LS1,Midday,Set2,Draw1,7,col7,Midday|Set2|Draw1|col7,E,combined,1,1,2,1,7,1,94038667,8,7,False,3,5,6,6
Michigan4,LS1,Midday,Set2,Draw1,7,col7,Midday|Set2|Draw1|col7,E,combined,1,1,2,1,7,2,94037,5,5,False,3,5,6,6
Michigan4,LS1,Midday,Set2,Draw1,7,col7,Midday|Set2|Draw1|col7,E,combined,1,1,2,1,7,3,940,3,3,True,3,5,6,6
Michigan4,LS1,Midday,Set2,Draw1,7,col7,Midday|Set2|Draw1|col7,E,combined,1,1,2,1,7,4,9,1,1,True,3,5,6,6
Michigan4,LS1,Midday,Set2,Draw1,7,col7,Midday|Set2|Draw1|col7,E,combined,1,1,2,1,7,5,,0,0,False,3,5,6,6
Michigan4,LS1,Midday,Set2,Draw1,7,col7,Midday|Set2|Draw1|col7,T,own,1,1,2,1,7,0,99440138667,11,8,False,2,6,7,7
Michigan4,LS1,Midday,Set2,Draw1,7,col7,Midday|Set2|Draw1|col7,T,own,1,1,2,1,7,1,0387,4,4,False,2,6,7,7
Michigan4,LS1,Midday,Set2,Draw1,7,col7,Midday|Set2|Draw1|col7,T,own,1,1,2,1,7,2,087,3,3,True,2,6,7,7
Michigan4,LS1,Midday,Set2,Draw1,7,col7,Midday|Set2|Draw1|col7,T,own,1,1,2,1,7,3,07,2,2,True,2,6,7,7
Michigan4,LS1,Midday,Set2,Draw1,7,col7,Midday|Set2|Draw1|col7,T,own,1,1,2,1,7,4,0,1,1,True,2,6,7,7
Michigan4,LS1,Midday,Set2,Draw1,7,col7,Midday|Set2|Draw1|col7,T,own,1,1,2,1,7,5,0,1,1,True,2,6,7,7
Michigan4,LS1,Midday,Set2,Draw1,7,col7,Midday|Set2|Draw1|col7,T,own,1,1,2,1,7,6,,0,0,False,2,6,7,7
Michigan4,LS1,Midday,Set2,Draw1,7,col7,Midday|Set2|Draw1|col7,T,combined,1,1,2,1,7,0,99440138667,11,8,False,2,11,12,8
Michigan4,LS1,Midday,Set2,Draw1,7,col7,Midday|Set2|Draw1|col7,T,combined,1,1,2,1,7,1,0387,4,4,False,2,11,12,8
Michigan4,LS1,Midday,Set2,Draw1,7,col7,Midday|Set2|Draw1|col7,T,combined,1,1,2,1,7,2,037,3,3,True,2,11,12,8
Michigan4,LS1,Midday,Set2,Draw1,7,col7,Midday|Set2|Draw1|col7,T,combined,1,1,2,1,7,3,07,2,2,True,2,11,12,8
Michigan4,LS1,Midday,Set2,Draw1,7,col7,Midday|Set2|Draw1|col7,T,combined,1,1,2,1,7,4,07,2,2,True,2,11,12,8
Michigan4,LS1,Midday,Set2,Draw1,7,col7,Midday|Set2|Draw1|col7,T,combined,1,1,2,1,7,7,0,1,1,True,2,11,12,8
Michigan4,LS1,Midday,Set2,Draw1,7,col7,Midday|Set2|Draw1|col7,T,combined,1,1,2,1,7,8,0,1,1,True,2,11,12,8
Michigan4,LS1,Midday,Set2,Draw1,7,col7,Midday|Set2|Draw1|col7,T,combined,1,1,2,1,7,11,,0,0,False,2,11,12,8
Michigan4,LS1,Midday,Set2,Draw1,6,col6,Midday|Set2|Draw1|col6,A,own,1,1,2,1,6,0,944018667,9,7,False,3,6,7,7
Michigan4,LS1,Midday,Set2,Draw1,6,col6,Midday|Set2|Draw1|col6,A,own,1,1,2,1,6,1,08667,5,4,False,3,6,7,7
Michigan4,LS1,Midday,Set2,Draw1,6,col6,Midday|Set2|Draw1|col6,A,own,1,1,2,1,6,2,08667,5,4,False,3,6,7,7
Michigan4,LS1,Midday,Set2,Draw1,6,col6,Midday|Set2|Draw1|col6,A,own,1,1,2,1,6,3,07,2,2,True,3,6,7,7
Michigan4,LS1,Midday,Set2,Draw1,6,col6,Midday|Set2|Draw1|col6,A,own,1,1,2,1,6,4,0,1,1,True,3,6,7,7
Michigan4,LS1,Midday,Set2,Draw1,6,col6,Midday|Set2|Draw1|col6,A,own,1,1,2,1,6,5,0,1,1,True,3,6,7,7
Michigan4,LS1,Midday,Set2,Draw1,6,col6,Midday|Set2|Draw1|col6,A,own,1,1,2,1,6,6,,0,0,False,3,6,7,7
Michigan4,LS1,Midday,Set2,Draw1,6,col6,Midday|Set2|Draw1|col6,A,combined,1,1,2,1,6,0,944018667,9,7,False,2,11,12,7
Michigan4,LS1,Midday,Set2,Draw1,6,col6,Midday|Set2|Draw1|col6,A,combined,1,1,2,1,6,1,08667,5,4,False,2,11,12,7
Michigan4,LS1,Midday,Set2,Draw1,6,col6,Midday|Set2|Draw1|col6,A,combined,1,1,2,1,6,2,07,2,2,True,2,11,12,7
Michigan4,LS1,Midday,Set2,Draw1,6,col6,Midday|Set2|Draw1|col6,A,combined,1,1,2,1,6,3,07,2,2,True,2,11,12,7
Michigan4,LS1,Midday,Set2,Draw1,6,col6,Midday|Set2|Draw1|col6,A,combined,1,1,2,1,6,7,0,1,1,True,2,11,12,7
Michigan4,LS1,Midday,Set2,Draw1,6,col6,Midday|Set2|Draw1|col6,A,combined,1,1,2,1,6,8,0,1,1,True,2,11,12,7
Michigan4,LS1,Midday,Set2,Draw1,6,col6,Midday|Set2|Draw1|col6,A,combined,1,1,2,1,6,11,,0,0,False,2,11,12,7
Michigan4,LS1,Midday,Set2,Draw1,6,col6,Midday|Set2|Draw1|col6,B,own,1,1,2,1,6,0,944018667,9,7,False,2,4,5,5
Michigan4,LS1,Midday,Set2,Draw1,6,col6,Midday|Set2|Draw1|col6,B,own,1,1,2,1,6,1,08667,5,4,False,2,4,5,5
Michigan4,LS1,Midday,Set2,Draw1,6,col6,Midday|Set2|Draw1|col6,B,own,1,1,2,1,6,2,066,3,2,True,2,4,5,5
Michigan4,LS1,Midday,Set2,Draw1,6,col6,Midday|Set2|Draw1|col6,B,own,1,1,2,1,6,3,0,1,1,True,2,4,5,5
Michigan4,LS1,Midday,Set2,Draw1,6,col6,Midday|Set2|Draw1|col6,B,own,1,1,2,1,6,4,,0,0,False,2,4,5,5
Michigan4,LS1,Midday,Set2,Draw1,6,col6,Midday|Set2|Draw1|col6,B,combined,1,1,2,1,6,0,944018667,9,7,False,2,4,5,5
Michigan4,LS1,Midday,Set2,Draw1,6,col6,Midday|Set2|Draw1|col6,B,combined,1,1,2,1,6,1,08667,5,4,False,2,4,5,5
Michigan4,LS1,Midday,Set2,Draw1,6,col6,Midday|Set2|Draw1|col6,B,combined,1,1,2,1,6,2,07,2,2,True,2,4,5,5
Michigan4,LS1,Midday,Set2,Draw1,6,col6,Midday|Set2|Draw1|col6,B,combined,1,1,2,1,6,3,0,1,1,True,2,4,5,5
Michigan4,LS1,Midday,Set2,Draw1,6,col6,Midday|Set2|Draw1|col6,B,combined,1,1,2,1,6,4,,0,0,False,2,4,5,5
Michigan4,LS1,Midday,Set2,Draw1,6,col6,Midday|Set2|Draw1|col6,C,own,1,1,2,1,6,0,944018667,9,7,False,1,4,5,5
Michigan4,LS1,Midday,Set2,Draw1,6,col6,Midday|Set2|Draw1|col6,C,own,1,1,2,1,6,1,087,3,3,True,1,4,5,5
Michigan4,LS1,Midday,Set2,Draw1,6,col6,Midday|Set2|Draw1|col6,C,own,1,1,2,1,6,2,0,1,1,True,1,4,5,5
Michigan4,LS1,Midday,Set2,Draw1,6,col6,Midday|Set2|Draw1|col6,C,own,1,1,2,1,6,3,0,1,1,True,1,4,5,5
Michigan4,LS1,Midday,Set2,Draw1,6,col6,Midday|Set2|Draw1|col6,C,own,1,1,2,1,6,4,,0,0,False,1,4,5,5
Michigan4,LS1,Midday,Set2,Draw1,6,col6,Midday|Set2|Draw1|col6,C,combined,1,1,2,1,6,0,944018667,9,7,False,1,4,5,5
Michigan4,LS1,Midday,Set2,Draw1,6,col6,Midday|Set2|Draw1|col6,C,combined,1,1,2,1,6,1,087,3,3,True,1,4,5,5
Michigan4,LS1,Midday,Set2,Draw1,6,col6,Midday|Set2|Draw1|col6,C,combined,1,1,2,1,6,2,07,2,2,True,1,4,5,5
Michigan4,LS1,Midday,Set2,Draw1,6,col6,Midday|Set2|Draw1|col6,C,combined,1,1,2,1,6,3,0,1,1,True,1,4,5,5
Michigan4,LS1,Midday,Set2,Draw1,6,col6,Midday|Set2|Draw1|col6,C,combined,1,1,2,1,6,4,,0,0,False,1,4,5,5
Michigan4,LS1,Midday,Set2,Draw1,6,col6,Midday|Set2|Draw1|col6,D,own,1,1,2,1,6,0,944018667,9,7,False,2,4,5,5
Michigan4,LS1,Midday,Set2,Draw1,6,col6,Midday|Set2|Draw1|col6,D,own,1,1,2,1,6,1,0867,4,4,False,2,4,5,5
Michigan4,LS1,Midday,Set2,Draw1,6,col6,Midday|Set2|Draw1|col6,D,own,1,1,2,1,6,2,06,2,2,True,2,4,5,5
Michigan4,LS1,Midday,Set2,Draw1,6,col6,Midday|Set2|Draw1|col6,D,own,1,1,2,1,6,3,0,1,1,True,2,4,5,5
Michigan4,LS1,Midday,Set2,Draw1,6,col6,Midday|Set2|Draw1|col6,D,own,1,1,2,1,6,4,,0,0,False,2,4,5,5
Michigan4,LS1,Midday,Set2,Draw1,6,col6,Midday|Set2|Draw1|col6,D,combined,1,1,2,1,6,0,944018667,9,7,False,2,4,5,5
Michigan4,LS1,Midday,Set2,Draw1,6,col6,Midday|Set2|Draw1|col6,D,combined,1,1,2,1,6,1,0867,4,4,False,2,4,5,5
Michigan4,LS1,Midday,Set2,Draw1,6,col6,Midday|Set2|Draw1|col6,D,combined,1,1,2,1,6,2,07,2,2,True,2,4,5,5
Michigan4,LS1,Midday,Set2,Draw1,6,col6,Midday|Set2|Draw1|col6,D,combined,1,1,2,1,6,3,0,1,1,True,2,4,5,5
Michigan4,LS1,Midday,Set2,Draw1,6,col6,Midday|Set2|Draw1|col6,D,combined,1,1,2,1,6,4,,0,0,False,2,4,5,5
Michigan4,LS1,Midday,Set2,Draw1,6,col6,Midday|Set2|Draw1|col6,E,own,1,1,2,1,6,0,944018667,9,7,False,2,5,6,6
Michigan4,LS1,Midday,Set2,Draw1,6,col6,Midday|Set2|Draw1|col6,E,own,1,1,2,1,6,1,408667,6,5,False,2,5,6,6
Michigan4,LS1,Midday,Set2,Draw1,6,col6,Midday|Set2|Draw1|col6,E,own,1,1,2,1,6,2,4066,4,3,True,2,5,6,6
Michigan4,LS1,Midday,Set2,Draw1,6,col6,Midday|Set2|Draw1|col6,E,own,1,1,2,1,6,3,06,2,2,True,2,5,6,6
Michigan4,LS1,Midday,Set2,Draw1,6,col6,Midday|Set2|Draw1|col6,E,own,1,1,2,1,6,4,6,1,1,True,2,5,6,6
Michigan4,LS1,Midday,Set2,Draw1,6,col6,Midday|Set2|Draw1|col6,E,own,1,1,2,1,6,5,,0,0,False,2,5,6,6
Michigan4,LS1,Midday,Set2,Draw1,6,col6,Midday|Set2|Draw1|col6,E,combined,1,1,2,1,6,0,944018667,9,7,False,2,4,5,5
Michigan4,LS1,Midday,Set2,Draw1,6,col6,Midday|Set2|Draw1|col6,E,combined,1,1,2,1,6,1,408667,6,5,False,2,4,5,5
Michigan4,LS1,Midday,Set2,Draw1,6,col6,Midday|Set2|Draw1|col6,E,combined,1,1,2,1,6,2,407,3,3,True,2,4,5,5
Michigan4,LS1,Midday,Set2,Draw1,6,col6,Midday|Set2|Draw1|col6,E,combined,1,1,2,1,6,3,40,2,2,True,2,4,5,5
Michigan4,LS1,Midday,Set2,Draw1,6,col6,Midday|Set2|Draw1|col6,E,combined,1,1,2,1,6,4,,0,0,False,2,4,5,5
Michigan4,LS1,Midday,Set2,Draw1,6,col6,Midday|Set2|Draw1|col6,T,own,1,1,2,1,6,0,944018667,9,7,False,1,6,7,7
Michigan4,LS1,Midday,Set2,Draw1,6,col6,Midday|Set2|Draw1|col6,T,own,1,1,2,1,6,1,087,3,3,True,1,6,7,7
Michigan4,LS1,Midday,Set2,Draw1,6,col6,Midday|Set2|Draw1|col6,T,own,1,1,2,1,6,2,087,3,3,True,1,6,7,7
Michigan4,LS1,Midday,Set2,Draw1,6,col6,Midday|Set2|Draw1|col6,T,own,1,1,2,1,6,3,07,2,2,True,1,6,7,7
Michigan4,LS1,Midday,Set2,Draw1,6,col6,Midday|Set2|Draw1|col6,T,own,1,1,2,1,6,4,0,1,1,True,1,6,7,7
Michigan4,LS1,Midday,Set2,Draw1,6,col6,Midday|Set2|Draw1|col6,T,own,1,1,2,1,6,5,0,1,1,True,1,6,7,7
Michigan4,LS1,Midday,Set2,Draw1,6,col6,Midday|Set2|Draw1|col6,T,own,1,1,2,1,6,6,,0,0,False,1,6,7,7
Michigan4,LS1,Midday,Set2,Draw1,6,col6,Midday|Set2|Draw1|col6,T,combined,1,1,2,1,6,0,944018667,9,7,False,1,11,12,7
Michigan4,LS1,Midday,Set2,Draw1,6,col6,Midday|Set2|Draw1|col6,T,combined,1,1,2,1,6,1,087,3,3,True,1,11,12,7
Michigan4,LS1,Midday,Set2,Draw1,6,col6,Midday|Set2|Draw1|col6,T,combined,1,1,2,1,6,2,07,2,2,True,1,11,12,7
Michigan4,LS1,Midday,Set2,Draw1,6,col6,Midday|Set2|Draw1|col6,T,combined,1,1,2,1,6,3,07,2,2,True,1,11,12,7
Michigan4,LS1,Midday,Set2,Draw1,6,col6,Midday|Set2|Draw1|col6,T,combined,1,1,2,1,6,7,0,1,1,True,1,11,12,7
Michigan4,LS1,Midday,Set2,Draw1,6,col6,Midday|Set2|Draw1|col6,T,combined,1,1,2,1,6,8,0,1,1,True,1,11,12,7
Michigan4,LS1,Midday,Set2,Draw1,6,col6,Midday|Set2|Draw1|col6,T,combined,1,1,2,1,6,11,,0,0,False,1,11,12,7
Michigan4,LS1,Midday,Set2,Draw1,5,col5,Midday|Set2|Draw1|col5,A,own,1,1,2,1,5,0,448667,6,4,False,1,4,5,5
Michigan4,LS1,Midday,Set2,Draw1,5,col5,Midday|Set2|Draw1|col5,A,own,1,1,2,1,5,1,8667,4,3,True,1,4,5,5
Michigan4,LS1,Midday,Set2,Draw1,5,col5,Midday|Set2|Draw1|col5,A,own,1,1,2,1,5,2,8667,4,3,True,1,4,5,5
Michigan4,LS1,Midday,Set2,Draw1,5,col5,Midday|Set2|Draw1|col5,A,own,1,1,2,1,5,3,7,1,1,True,1,4,5,5
Michigan4,LS1,Midday,Set2,Draw1,5,col5,Midday|Set2|Draw1|col5,A,own,1,1,2,1,5,4,,0,0,False,1,4,5,5
Michigan4,LS1,Midday,Set2,Draw1,5,col5,Midday|Set2|Draw1|col5,A,combined,1,1,2,1,5,0,448667,6,4,False,1,7,8,5
Michigan4,LS1,Midday,Set2,Draw1,5,col5,Midday|Set2|Draw1|col5,A,combined,1,1,2,1,5,1,8667,4,3,True,1,7,8,5
Michigan4,LS1,Midday,Set2,Draw1,5,col5,Midday|Set2|Draw1|col5,A,combined,1,1,2,1,5,2,7,1,1,True,1,7,8,5
Michigan4,LS1,Midday,Set2,Draw1,5,col5,Midday|Set2|Draw1|col5,A,combined,1,1,2,1,5,3,7,1,1,True,1,7,8,5
Michigan4,LS1,Midday,Set2,Draw1,5,col5,Midday|Set2|Draw1|col5,A,combined,1,1,2,1,5,7,,0,0,False,1,7,8,5
Michigan4,LS1,Midday,Set2,Draw1,5,col5,Midday|Set2|Draw1|col5,B,own,1,1,2,1,5,0,448667,6,4,False,1,2,3,3
Michigan4,LS1,Midday,Set2,Draw1,5,col5,Midday|Set2|Draw1|col5,B,own,1,1,2,1,5,1,87,2,2,True,1,2,3,3
Michigan4,LS1,Midday,Set2,Draw1,5,col5,Midday|Set2|Draw1|col5,B,own,1,1,2,1,5,2,,0,0,False,1,2,3,3
Michigan4,LS1,Midday,Set2,Draw1,5,col5,Midday|Set2|Draw1|col5,B,combined,1,1,2,1,5,0,448667,6,4,False,1,3,4,4
Michigan4,LS1,Midday,Set2,Draw1,5,col5,Midday|Set2|Draw1|col5,B,combined,1,1,2,1,5,1,87,2,2,True,1,3,4,4
Michigan4,LS1,Midday,Set2,Draw1,5,col5,Midday|Set2|Draw1|col5,B,combined,1,1,2,1,5,2,7,1,1,True,1,3,4,4
Michigan4,LS1,Midday,Set2,Draw1,5,col5,Midday|Set2|Draw1|col5,B,combined,1,1,2,1,5,3,,0,0,False,1,3,4,4
Michigan4,LS1,Midday,Set2,Draw1,5,col5,Midday|Set2|Draw1|col5,C,own,1,1,2,1,5,0,448667,6,4,False,1,2,3,3
Michigan4,LS1,Midday,Set2,Draw1,5,col5,Midday|Set2|Draw1|col5,C,own,1,1,2,1,5,1,87,2,2,True,1,2,3,3
Michigan4,LS1,Midday,Set2,Draw1,5,col5,Midday|Set2|Draw1|col5,C,own,1,1,2,1,5,2,,0,0,False,1,2,3,3
Michigan4,LS1,Midday,Set2,Draw1,5,col5,Midday|Set2|Draw1|col5,C,combined,1,1,2,1,5,0,448667,6,4,False,1,3,4,4
Michigan4,LS1,Midday,Set2,Draw1,5,col5,Midday|Set2|Draw1|col5,C,combined,1,1,2,1,5,1,87,2,2,True,1,3,4,4
Michigan4,LS1,Midday,Set2,Draw1,5,col5,Midday|Set2|Draw1|col5,C,combined,1,1,2,1,5,2,7,1,1,True,1,3,4,4
Michigan4,LS1,Midday,Set2,Draw1,5,col5,Midday|Set2|Draw1|col5,C,combined,1,1,2,1,5,3,,0,0,False,1,3,4,4
Michigan4,LS1,Midday,Set2,Draw1,5,col5,Midday|Set2|Draw1|col5,D,own,1,1,2,1,5,0,448667,6,4,False,1,3,4,4
Michigan4,LS1,Midday,Set2,Draw1,5,col5,Midday|Set2|Draw1|col5,D,own,1,1,2,1,5,1,867,3,3,True,1,3,4,4
Michigan4,LS1,Midday,Set2,Draw1,5,col5,Midday|Set2|Draw1|col5,D,own,1,1,2,1,5,2,6,1,1,True,1,3,4,4
Michigan4,LS1,Midday,Set2,Draw1,5,col5,Midday|Set2|Draw1|col5,D,own,1,1,2,1,5,3,,0,0,False,1,3,4,4
Michigan4,LS1,Midday,Set2,Draw1,5,col5,Midday|Set2|Draw1|col5,D,combined,1,1,2,1,5,0,448667,6,4,False,1,3,4,4
Michigan4,LS1,Midday,Set2,Draw1,5,col5,Midday|Set2|Draw1|col5,D,combined,1,1,2,1,5,1,867,3,3,True,1,3,4,4
Michigan4,LS1,Midday,Set2,Draw1,5,col5,Midday|Set2|Draw1|col5,D,combined,1,1,2,1,5,2,7,1,1,True,1,3,4,4
Michigan4,LS1,Midday,Set2,Draw1,5,col5,Midday|Set2|Draw1|col5,D,combined,1,1,2,1,5,3,,0,0,False,1,3,4,4
Michigan4,LS1,Midday,Set2,Draw1,5,col5,Midday|Set2|Draw1|col5,E,own,1,1,2,1,5,0,448667,6,4,False,1,3,4,4
Michigan4,LS1,Midday,Set2,Draw1,5,col5,Midday|Set2|Draw1|col5,E,own,1,1,2,1,5,1,867,3,3,True,1,3,4,4
Michigan4,LS1,Midday,Set2,Draw1,5,col5,Midday|Set2|Draw1|col5,E,own,1,1,2,1,5,2,6,1,1,True,1,3,4,4
Michigan4,LS1,Midday,Set2,Draw1,5,col5,Midday|Set2|Draw1|col5,E,own,1,1,2,1,5,3,,0,0,False,1,3,4,4
Michigan4,LS1,Midday,Set2,Draw1,5,col5,Midday|Set2|Draw1|col5,E,combined,1,1,2,1,5,0,448667,6,4,False,1,3,4,4
Michigan4,LS1,Midday,Set2,Draw1,5,col5,Midday|Set2|Draw1|col5,E,combined,1,1,2,1,5,1,867,3,3,True,1,3,4,4
Michigan4,LS1,Midday,Set2,Draw1,5,col5,Midday|Set2|Draw1|col5,E,combined,1,1,2,1,5,2,7,1,1,True,1,3,4,4
Michigan4,LS1,Midday,Set2,Draw1,5,col5,Midday|Set2|Draw1|col5,E,combined,1,1,2,1,5,3,,0,0,False,1,3,4,4
Michigan4,LS1,Midday,Set2,Draw1,5,col5,Midday|Set2|Draw1|col5,T,own,1,1,2,1,5,0,448667,6,4,False,1,4,5,5
Michigan4,LS1,Midday,Set2,Draw1,5,col5,Midday|Set2|Draw1|col5,T,own,1,1,2,1,5,1,87,2,2,True,1,4,5,5
Michigan4,LS1,Midday,Set2,Draw1,5,col5,Midday|Set2|Draw1|col5,T,own,1,1,2,1,5,2,87,2,2,True,1,4,5,5
Michigan4,LS1,Midday,Set2,Draw1,5,col5,Midday|Set2|Draw1|col5,T,own,1,1,2,1,5,3,7,1,1,True,1,4,5,5
Michigan4,LS1,Midday,Set2,Draw1,5,col5,Midday|Set2|Draw1|col5,T,own,1,1,2,1,5,4,,0,0,False,1,4,5,5
Michigan4,LS1,Midday,Set2,Draw1,5,col5,Midday|Set2|Draw1|col5,T,combined,1,1,2,1,5,0,448667,6,4,False,1,7,8,5
Michigan4,LS1,Midday,Set2,Draw1,5,col5,Midday|Set2|Draw1|col5,T,combined,1,1,2,1,5,1,87,2,2,True,1,7,8,5
Michigan4,LS1,Midday,Set2,Draw1,5,col5,Midday|Set2|Draw1|col5,T,combined,1,1,2,1,5,2,7,1,1,True,1,7,8,5
Michigan4,LS1,Midday,Set2,Draw1,5,col5,Midday|Set2|Draw1|col5,T,combined,1,1,2,1,5,3,7,1,1,True,1,7,8,5
Michigan4,LS1,Midday,Set2,Draw1,5,col5,Midday|Set2|Draw1|col5,T,combined,1,1,2,1,5,7,,0,0,False,1,7,8,5
Michigan4,LS1,Midday,Set1,Draw1,7,col7,Midday|Set1|Draw1|col7,A,own,1,1,1,1,7,0,94401388667,11,8,False,3,6,7,7
Michigan4,LS1,Midday,Set1,Draw1,7,col7,Midday|Set1|Draw1|col7,A,own,1,1,1,1,7,1,0388667,7,5,False,3,6,7,7
Michigan4,LS1,Midday,Set1,Draw1,7,col7,Midday|Set1|Draw1|col7,A,own,1,1,1,1,7,2,088667,6,4,False,3,6,7,7
Michigan4,LS1,Midday,Set1,Draw1,7,col7,Midday|Set1|Draw1|col7,A,own,1,1,1,1,7,3,07,2,2,True,3,6,7,7
Michigan4,LS1,Midday,Set1,Draw1,7,col7,Midday|Set1|Draw1|col7,A,own,1,1,1,1,7,4,0,1,1,True,3,6,7,7
Michigan4,LS1,Midday,Set1,Draw1,7,col7,Midday|Set1|Draw1|col7,A,own,1,1,1,1,7,5,0,1,1,True,3,6,7,7
Michigan4,LS1,Midday,Set1,Draw1,7,col7,Midday|Set1|Draw1|col7,A,own,1,1,1,1,7,6,,0,0,False,3,6,7,7
Michigan4,LS1,Midday,Set1,Draw1,7,col7,Midday|Set1|Draw1|col7,A,combined,1,1,1,1,7,0,94401388667,11,8,False,2,11,12,8
Michigan4,LS1,Midday,Set1,Draw1,7,col7,Midday|Set1|Draw1|col7,A,combined,1,1,1,1,7,1,0388667,7,5,False,2,11,12,8
Michigan4,LS1,Midday,Set1,Draw1,7,col7,Midday|Set1|Draw1|col7,A,combined,1,1,1,1,7,2,037,3,3,True,2,11,12,8
Michigan4,LS1,Midday,Set1,Draw1,7,col7,Midday|Set1|Draw1|col7,A,combined,1,1,1,1,7,3,07,2,2,True,2,11,12,8
Michigan4,LS1,Midday,Set1,Draw1,7,col7,Midday|Set1|Draw1|col7,A,combined,1,1,1,1,7,4,07,2,2,True,2,11,12,8
Michigan4,LS1,Midday,Set1,Draw1,7,col7,Midday|Set1|Draw1|col7,A,combined,1,1,1,1,7,7,0,1,1,True,2,11,12,8
Michigan4,LS1,Midday,Set1,Draw1,7,col7,Midday|Set1|Draw1|col7,A,combined,1,1,1,1,7,8,0,1,1,True,2,11,12,8
Michigan4,LS1,Midday,Set1,Draw1,7,col7,Midday|Set1|Draw1|col7,A,combined,1,1,1,1,7,11,,0,0,False,2,11,12,8
Michigan4,LS1,Midday,Set1,Draw1,7,col7,Midday|Set1|Draw1|col7,B,own,1,1,1,1,7,0,94401388667,11,8,False,2,4,5,5
Michigan4,LS1,Midday,Set1,Draw1,7,col7,Midday|Set1|Draw1|col7,B,own,1,1,1,1,7,1,0388667,7,5,False,2,4,5,5
Michigan4,LS1,Midday,Set1,Draw1,7,col7,Midday|Set1|Draw1|col7,B,own,1,1,1,1,7,2,066,3,2,True,2,4,5,5
Michigan4,LS1,Midday,Set1,Draw1,7,col7,Midday|Set1|Draw1|col7,B,own,1,1,1,1,7,3,0,1,1,True,2,4,5,5
Michigan4,LS1,Midday,Set1,Draw1,7,col7,Midday|Set1|Draw1|col7,B,own,1,1,1,1,7,4,,0,0,False,2,4,5,5
Michigan4,LS1,Midday,Set1,Draw1,7,col7,Midday|Set1|Draw1|col7,B,combined,1,1,1,1,7,0,94401388667,11,8,False,2,4,5,5
Michigan4,LS1,Midday,Set1,Draw1,7,col7,Midday|Set1|Draw1|col7,B,combined,1,1,1,1,7,1,0388667,7,5,False,2,4,5,5
Michigan4,LS1,Midday,Set1,Draw1,7,col7,Midday|Set1|Draw1|col7,B,combined,1,1,1,1,7,2,037,3,3,True,2,4,5,5
Michigan4,LS1,Midday,Set1,Draw1,7,col7,Midday|Set1|Draw1|col7,B,combined,1,1,1,1,7,3,0,1,1,True,2,4,5,5
Michigan4,LS1,Midday,Set1,Draw1,7,col7,Midday|Set1|Draw1|col7,B,combined,1,1,1,1,7,4,,0,0,False,2,4,5,5
Michigan4,LS1,Midday,Set1,Draw1,7,col7,Midday|Set1|Draw1|col7,C,own,1,1,1,1,7,0,94401388667,11,8,False,2,4,5,5
Michigan4,LS1,Midday,Set1,Draw1,7,col7,Midday|Set1|Draw1|col7,C,own,1,1,1,1,7,1,03887,5,4,False,2,4,5,5
Michigan4,LS1,Midday,Set1,Draw1,7,col7,Midday|Set1|Draw1|col7,C,own,1,1,1,1,7,2,0,1,1,True,2,4,5,5
Michigan4,LS1,Midday,Set1,Draw1,7,col7,Midday|Set1|Draw1|col7,C,own,1,1,1,1,7,3,0,1,1,True,2,4,5,5
Michigan4,LS1,Midday,Set1,Draw1,7,col7,Midday|Set1|Draw1|col7,C,own,1,1,1,1,7,4,,0,0,False,2,4,5,5
Michigan4,LS1,Midday,Set1,Draw1,7,col7,Midday|Set1|Draw1|col7,C,combined,1,1,1,1,7,0,94401388667,11,8,False,2,4,5,5
Michigan4,LS1,Midday,Set1,Draw1,7,col7,Midday|Set1|Draw1|col7,C,combined,1,1,1,1,7,1,03887,5,4,False,2,4,5,5
Michigan4,LS1,Midday,Set1,Draw1,7,col7,Midday|Set1|Draw1|col7,C,combined,1,1,1,1,7,2,07,2,2,True,2,4,5,5
Michigan4,LS1,Midday,Set1,Draw1,7,col7,Midday|Set1|Draw1|col7,C,combined,1,1,1,1,7,3,0,1,1,True,2,4,5,5
Michigan4,LS1,Midday,Set1,Draw1,7,col7,Midday|Set1|Draw1|col7,C,combined,1,1,1,1,7,4,,0,0,False,2,4,5,5
Michigan4,LS1,Midday,Set1,Draw1,7,col7,Midday|Set1|Draw1|col7,D,own,1,1,1,1,7,0,94401388667,11,8,False,2,4,5,5
Michigan4,LS1,Midday,Set1,Draw1,7,col7,Midday|Set1|Draw1|col7,D,own,1,1,1,1,7,1,038867,6,5,False,2,4,5,5
Michigan4,LS1,Midday,Set1,Draw1,7,col7,Midday|Set1|Draw1|col7,D,own,1,1,1,1,7,2,06,2,2,True,2,4,5,5
Michigan4,LS1,Midday,Set1,Draw1,7,col7,Midday|Set1|Draw1|col7,D,own,1,1,1,1,7,3,0,1,1,True,2,4,5,5
Michigan4,LS1,Midday,Set1,Draw1,7,col7,Midday|Set1|Draw1|col7,D,own,1,1,1,1,7,4,,0,0,False,2,4,5,5
Michigan4,LS1,Midday,Set1,Draw1,7,col7,Midday|Set1|Draw1|col7,D,combined,1,1,1,1,7,0,94401388667,11,8,False,2,4,5,5
Michigan4,LS1,Midday,Set1,Draw1,7,col7,Midday|Set1|Draw1|col7,D,combined,1,1,1,1,7,1,038867,6,5,False,2,4,5,5
Michigan4,LS1,Midday,Set1,Draw1,7,col7,Midday|Set1|Draw1|col7,D,combined,1,1,1,1,7,2,07,2,2,True,2,4,5,5
Michigan4,LS1,Midday,Set1,Draw1,7,col7,Midday|Set1|Draw1|col7,D,combined,1,1,1,1,7,3,0,1,1,True,2,4,5,5
Michigan4,LS1,Midday,Set1,Draw1,7,col7,Midday|Set1|Draw1|col7,D,combined,1,1,1,1,7,4,,0,0,False,2,4,5,5
Michigan4,LS1,Midday,Set1,Draw1,7,col7,Midday|Set1|Draw1|col7,E,own,1,1,1,1,7,0,94401388667,11,8,False,3,5,6,6
Michigan4,LS1,Midday,Set1,Draw1,7,col7,Midday|Set1|Draw1|col7,E,own,1,1,1,1,7,1,40388667,8,6,False,3,5,6,6
Michigan4,LS1,Midday,Set1,Draw1,7,col7,Midday|Set1|Draw1|col7,E,own,1,1,1,1,7,2,40866,5,4,False,3,5,6,6
Michigan4,LS1,Midday,Set1,Draw1,7,col7,Midday|Set1|Draw1|col7,E,own,1,1,1,1,7,3,06,2,2,True,3,5,6,6
Michigan4,LS1,Midday,Set1,Draw1,7,col7,Midday|Set1|Draw1|col7,E,own,1,1,1,1,7,4,6,1,1,True,3,5,6,6
Michigan4,LS1,Midday,Set1,Draw1,7,col7,Midday|Set1|Draw1|col7,E,own,1,1,1,1,7,5,,0,0,False,3,5,6,6
Michigan4,LS1,Midday,Set1,Draw1,7,col7,Midday|Set1|Draw1|col7,E,combined,1,1,1,1,7,0,94401388667,11,8,False,3,4,5,5
Michigan4,LS1,Midday,Set1,Draw1,7,col7,Midday|Set1|Draw1|col7,E,combined,1,1,1,1,7,1,40388667,8,6,False,3,4,5,5
Michigan4,LS1,Midday,Set1,Draw1,7,col7,Midday|Set1|Draw1|col7,E,combined,1,1,1,1,7,2,40387,5,5,False,3,4,5,5
Michigan4,LS1,Midday,Set1,Draw1,7,col7,Midday|Set1|Draw1|col7,E,combined,1,1,1,1,7,3,40,2,2,True,3,4,5,5
Michigan4,LS1,Midday,Set1,Draw1,7,col7,Midday|Set1|Draw1|col7,E,combined,1,1,1,1,7,4,,0,0,False,3,4,5,5
Michigan4,LS1,Midday,Set1,Draw1,7,col7,Midday|Set1|Draw1|col7,T,own,1,1,1,1,7,0,94401388667,11,8,False,2,6,7,6
Michigan4,LS1,Midday,Set1,Draw1,7,col7,Midday|Set1|Draw1|col7,T,own,1,1,1,1,7,1,03887,5,4,False,2,6,7,6
Michigan4,LS1,Midday,Set1,Draw1,7,col7,Midday|Set1|Draw1|col7,T,own,1,1,1,1,7,2,088,3,2,True,2,6,7,6
Michigan4,LS1,Midday,Set1,Draw1,7,col7,Midday|Set1|Draw1|col7,T,own,1,1,1,1,7,3,0,1,1,True,2,6,7,6
Michigan4,LS1,Midday,Set1,Draw1,7,col7,Midday|Set1|Draw1|col7,T,own,1,1,1,1,7,4,0,1,1,True,2,6,7,6
Michigan4,LS1,Midday,Set1,Draw1,7,col7,Midday|Set1|Draw1|col7,T,own,1,1,1,1,7,6,,0,0,False,2,6,7,6
Michigan4,LS1,Midday,Set1,Draw1,7,col7,Midday|Set1|Draw1|col7,T,combined,1,1,1,1,7,0,94401388667,11,8,False,2,11,12,8
Michigan4,LS1,Midday,Set1,Draw1,7,col7,Midday|Set1|Draw1|col7,T,combined,1,1,1,1,7,1,03887,5,4,False,2,11,12,8
Michigan4,LS1,Midday,Set1,Draw1,7,col7,Midday|Set1|Draw1|col7,T,combined,1,1,1,1,7,2,037,3,3,True,2,11,12,8
Michigan4,LS1,Midday,Set1,Draw1,7,col7,Midday|Set1|Draw1|col7,T,combined,1,1,1,1,7,3,07,2,2,True,2,11,12,8
Michigan4,LS1,Midday,Set1,Draw1,7,col7,Midday|Set1|Draw1|col7,T,combined,1,1,1,1,7,4,07,2,2,True,2,11,12,8
Michigan4,LS1,Midday,Set1,Draw1,7,col7,Midday|Set1|Draw1|col7,T,combined,1,1,1,1,7,7,0,1,1,True,2,11,12,8
Michigan4,LS1,Midday,Set1,Draw1,7,col7,Midday|Set1|Draw1|col7,T,combined,1,1,1,1,7,8,0,1,1,True,2,11,12,8
Michigan4,LS1,Midday,Set1,Draw1,7,col7,Midday|Set1|Draw1|col7,T,combined,1,1,1,1,7,11,,0,0,False,2,11,12,8
Michigan4,LS1,Midday,Set1,Draw1,6,col6,Midday|Set1|Draw1|col6,A,own,1,1,1,1,6,0,44388667,8,5,False,2,4,5,5
Michigan4,LS1,Midday,Set1,Draw1,6,col6,Midday|Set1|Draw1|col6,A,own,1,1,1,1,6,1,388667,6,4,False,2,4,5,5
Michigan4,LS1,Midday,Set1,Draw1,6,col6,Midday|Set1|Draw1|col6,A,own,1,1,1,1,6,2,88667,5,3,True,2,4,5,5
Michigan4,LS1,Midday,Set1,Draw1,6,col6,Midday|Set1|Draw1|col6,A,own,1,1,1,1,6,3,7,1,1,True,2,4,5,5
Michigan4,LS1,Midday,Set1,Draw1,6,col6,Midday|Set1|Draw1|col6,A,own,1,1,1,1,6,4,,0,0,False,2,4,5,5
Michigan4,LS1,Midday,Set1,Draw1,6,col6,Midday|Set1|Draw1|col6,A,combined,1,1,1,1,6,0,44388667,8,5,False,2,7,8,6
Michigan4,LS1,Midday,Set1,Draw1,6,col6,Midday|Set1|Draw1|col6,A,combined,1,1,1,1,6,1,388667,6,4,False,2,7,8,6
Michigan4,LS1,Midday,Set1,Draw1,6,col6,Midday|Set1|Draw1|col6,A,combined,1,1,1,1,6,2,37,2,2,True,2,7,8,6
Michigan4,LS1,Midday,Set1,Draw1,6,col6,Midday|Set1|Draw1|col6,A,combined,1,1,1,1,6,3,7,1,1,True,2,7,8,6
Michigan4,LS1,Midday,Set1,Draw1,6,col6,Midday|Set1|Draw1|col6,A,combined,1,1,1,1,6,4,7,1,1,True,2,7,8,6
Michigan4,LS1,Midday,Set1,Draw1,6,col6,Midday|Set1|Draw1|col6,A,combined,1,1,1,1,6,7,,0,0,False,2,7,8,6
Michigan4,LS1,Midday,Set1,Draw1,6,col6,Midday|Set1|Draw1|col6,B,own,1,1,1,1,6,0,44388667,8,5,False,1,2,3,3
Michigan4,LS1,Midday,Set1,Draw1,6,col6,Midday|Set1|Draw1|col6,B,own,1,1,1,1,6,1,3887,4,3,True,1,2,3,3
Michigan4,LS1,Midday,Set1,Draw1,6,col6,Midday|Set1|Draw1|col6,B,own,1,1,1,1,6,2,,0,0,False,1,2,3,3
Michigan4,LS1,Midday,Set1,Draw1,6,col6,Midday|Set1|Draw1|col6,B,combined,1,1,1,1,6,0,44388667,8,5,False,1,3,4,4
Michigan4,LS1,Midday,Set1,Draw1,6,col6,Midday|Set1|Draw1|col6,B,combined,1,1,1,1,6,1,3887,4,3,True,1,3,4,4
Michigan4,LS1,Midday,Set1,Draw1,6,col6,Midday|Set1|Draw1|col6,B,combined,1,1,1,1,6,2,37,2,2,True,1,3,4,4
Michigan4,LS1,Midday,Set1,Draw1,6,col6,Midday|Set1|Draw1|col6,B,combined,1,1,1,1,6,3,,0,0,False,1,3,4,4
Michigan4,LS1,Midday,Set1,Draw1,6,col6,Midday|Set1|Draw1|col6,C,own,1,1,1,1,6,0,44388667,8,5,False,1,2,3,3
Michigan4,LS1,Midday,Set1,Draw1,6,col6,Midday|Set1|Draw1|col6,C,own,1,1,1,1,6,1,3887,4,3,True,1,2,3,3
Michigan4,LS1,Midday,Set1,Draw1,6,col6,Midday|Set1|Draw1|col6,C,own,1,1,1,1,6,2,,0,0,False,1,2,3,3
Michigan4,LS1,Midday,Set1,Draw1,6,col6,Midday|Set1|Draw1|col6,C,combined,1,1,1,1,6,0,44388667,8,5,False,1,3,4,4
Michigan4,LS1,Midday,Set1,Draw1,6,col6,Midday|Set1|Draw1|col6,C,combined,1,1,1,1,6,1,3887,4,3,True,1,3,4,4
Michigan4,LS1,Midday,Set1,Draw1,6,col6,Midday|Set1|Draw1|col6,C,combined,1,1,1,1,6,2,7,1,1,True,1,3,4,4
Michigan4,LS1,Midday,Set1,Draw1,6,col6,Midday|Set1|Draw1|col6,C,combined,1,1,1,1,6,3,,0,0,False,1,3,4,4
Michigan4,LS1,Midday,Set1,Draw1,6,col6,Midday|Set1|Draw1|col6,D,own,1,1,1,1,6,0,44388667,8,5,False,2,3,4,4
Michigan4,LS1,Midday,Set1,Draw1,6,col6,Midday|Set1|Draw1|col6,D,own,1,1,1,1,6,1,38867,5,4,False,2,3,4,4
Michigan4,LS1,Midday,Set1,Draw1,6,col6,Midday|Set1|Draw1|col6,D,own,1,1,1,1,6,2,6,1,1,True,2,3,4,4
Michigan4,LS1,Midday,Set1,Draw1,6,col6,Midday|Set1|Draw1|col6,D,own,1,1,1,1,6,3,,0,0,False,2,3,4,4
Michigan4,LS1,Midday,Set1,Draw1,6,col6,Midday|Set1|Draw1|col6,D,combined,1,1,1,1,6,0,44388667,8,5,False,2,3,4,4
Michigan4,LS1,Midday,Set1,Draw1,6,col6,Midday|Set1|Draw1|col6,D,combined,1,1,1,1,6,1,38867,5,4,False,2,3,4,4
Michigan4,LS1,Midday,Set1,Draw1,6,col6,Midday|Set1|Draw1|col6,D,combined,1,1,1,1,6,2,7,1,1,True,2,3,4,4
Michigan4,LS1,Midday,Set1,Draw1,6,col6,Midday|Set1|Draw1|col6,D,combined,1,1,1,1,6,3,,0,0,False,2,3,4,4
Michigan4,LS1,Midday,Set1,Draw1,6,col6,Midday|Set1|Draw1|col6,E,own,1,1,1,1,6,0,44388667,8,5,False,2,3,4,4
Michigan4,LS1,Midday,Set1,Draw1,6,col6,Midday|Set1|Draw1|col6,E,own,1,1,1,1,6,1,38867,5,4,False,2,3,4,4
Michigan4,LS1,Midday,Set1,Draw1,6,col6,Midday|Set1|Draw1|col6,E,own,1,1,1,1,6,2,86,2,2,True,2,3,4,4
Michigan4,LS1,Midday,Set1,Draw1,6,col6,Midday|Set1|Draw1|col6,E,own,1,1,1,1,6,3,,0,0,False,2,3,4,4
Michigan4,LS1,Midday,Set1,Draw1,6,col6,Midday|Set1|Draw1|col6,E,combined,1,1,1,1,6,0,44388667,8,5,False,2,3,4,4
Michigan4,LS1,Midday,Set1,Draw1,6,col6,Midday|Set1|Draw1|col6,E,combined,1,1,1,1,6,1,38867,5,4,False,2,3,4,4
Michigan4,LS1,Midday,Set1,Draw1,6,col6,Midday|Set1|Draw1|col6,E,combined,1,1,1,1,6,2,387,3,3,True,2,3,4,4
Michigan4,LS1,Midday,Set1,Draw1,6,col6,Midday|Set1|Draw1|col6,E,combined,1,1,1,1,6,3,,0,0,False,2,3,4,4
Michigan4,LS1,Midday,Set1,Draw1,6,col6,Midday|Set1|Draw1|col6,T,own,1,1,1,1,6,0,44388667,8,5,False,1,4,5,5
Michigan4,LS1,Midday,Set1,Draw1,6,col6,Midday|Set1|Draw1|col6,T,own,1,1,1,1,6,1,3887,4,3,True,1,4,5,5
Michigan4,LS1,Midday,Set1,Draw1,6,col6,Midday|Set1|Draw1|col6,T,own,1,1,1,1,6,2,887,3,2,True,1,4,5,5
Michigan4,LS1,Midday,Set1,Draw1,6,col6,Midday|Set1|Draw1|col6,T,own,1,1,1,1,6,3,7,1,1,True,1,4,5,5
Michigan4,LS1,Midday,Set1,Draw1,6,col6,Midday|Set1|Draw1|col6,T,own,1,1,1,1,6,4,,0,0,False,1,4,5,5
Michigan4,LS1,Midday,Set1,Draw1,6,col6,Midday|Set1|Draw1|col6,T,combined,1,1,1,1,6,0,44388667,8,5,False,1,7,8,6
Michigan4,LS1,Midday,Set1,Draw1,6,col6,Midday|Set1|Draw1|col6,T,combined,1,1,1,1,6,1,3887,4,3,True,1,7,8,6
Michigan4,LS1,Midday,Set1,Draw1,6,col6,Midday|Set1|Draw1|col6,T,combined,1,1,1,1,6,2,37,2,2,True,1,7,8,6
Michigan4,LS1,Midday,Set1,Draw1,6,col6,Midday|Set1|Draw1|col6,T,combined,1,1,1,1,6,3,7,1,1,True,1,7,8,6
Michigan4,LS1,Midday,Set1,Draw1,6,col6,Midday|Set1|Draw1|col6,T,combined,1,1,1,1,6,4,7,1,1,True,1,7,8,6
Michigan4,LS1,Midday,Set1,Draw1,6,col6,Midday|Set1|Draw1|col6,T,combined,1,1,1,1,6,7,,0,0,False,1,7,8,6
Michigan4,LS1,Midday,Set1,Draw1,5,col5,Midday|Set1|Draw1|col5,A,own,1,1,1,1,5,0,4438867*,8,6,False,3,4,29,5
Michigan4,LS1,Midday,Set1,Draw1,5,col5,Midday|Set1|Draw1|col5,A,own,1,1,1,1,5,1,38867*,6,5,False,3,4,29,5
Michigan4,LS1,Midday,Set1,Draw1,5,col5,Midday|Set1|Draw1|col5,A,own,1,1,1,1,5,2,8867*,5,4,False,3,4,29,5
Michigan4,LS1,Midday,Set1,Draw1,5,col5,Midday|Set1|Draw1|col5,A,own,1,1,1,1,5,3,7*,2,2,True,3,4,29,5
Michigan4,LS1,Midday,Set1,Draw1,5,col5,Midday|Set1|Draw1|col5,A,own,1,1,1,1,5,4,*,1,1,True,3,4,29,5
Michigan4,LS1,Midday,Set1,Draw1,5,col5,Midday|Set1|Draw1|col5,A,combined,1,1,1,1,5,0,4438867*,8,6,False,2,7,57,6
Michigan4,LS1,Midday,Set1,Draw1,5,col5,Midday|Set1|Draw1|col5,A,combined,1,1,1,1,5,1,38867*,6,5,False,2,7,57,6
Michigan4,LS1,Midday,Set1,Draw1,5,col5,Midday|Set1|Draw1|col5,A,combined,1,1,1,1,5,2,37*,3,3,True,2,7,57,6
Michigan4,LS1,Midday,Set1,Draw1,5,col5,Midday|Set1|Draw1|col5,A,combined,1,1,1,1,5,3,7*,2,2,True,2,7,57,6
Michigan4,LS1,Midday,Set1,Draw1,5,col5,Midday|Set1|Draw1|col5,A,combined,1,1,1,1,5,4,7*,2,2,True,2,7,57,6
Michigan4,LS1,Midday,Set1,Draw1,5,col5,Midday|Set1|Draw1|col5,A,combined,1,1,1,1,5,7,*,1,1,True,2,7,57,6
Michigan4,LS1,Midday,Set1,Draw1,5,col5,Midday|Set1|Draw1|col5,B,own,1,1,1,1,5,0,4438867*,8,6,False,2,2,29,3
Michigan4,LS1,Midday,Set1,Draw1,5,col5,Midday|Set1|Draw1|col5,B,own,1,1,1,1,5,1,3887*,5,4,False,2,2,29,3
Michigan4,LS1,Midday,Set1,Draw1,5,col5,Midday|Set1|Draw1|col5,B,own,1,1,1,1,5,2,*,1,1,True,2,2,29,3
Michigan4,LS1,Midday,Set1,Draw1,5,col5,Midday|Set1|Draw1|col5,B,combined,1,1,1,1,5,0,4438867*,8,6,False,2,3,57,4
Michigan4,LS1,Midday,Set1,Draw1,5,col5,Midday|Set1|Draw1|col5,B,combined,1,1,1,1,5,1,3887*,5,4,False,2,3,57,4
Michigan4,LS1,Midday,Set1,Draw1,5,col5,Midday|Set1|Draw1|col5,B,combined,1,1,1,1,5,2,37*,3,3,True,2,3,57,4
Michigan4,LS1,Midday,Set1,Draw1,5,col5,Midday|Set1|Draw1|col5,B,combined,1,1,1,1,5,3,*,1,1,True,2,3,57,4
Michigan4,LS1,Midday,Set1,Draw1,5,col5,Midday|Set1|Draw1|col5,C,own,1,1,1,1,5,0,4438867*,8,6,False,2,2,29,3
Michigan4,LS1,Midday,Set1,Draw1,5,col5,Midday|Set1|Draw1|col5,C,own,1,1,1,1,5,1,3887*,5,4,False,2,2,29,3
Michigan4,LS1,Midday,Set1,Draw1,5,col5,Midday|Set1|Draw1|col5,C,own,1,1,1,1,5,2,*,1,1,True,2,2,29,3
Michigan4,LS1,Midday,Set1,Draw1,5,col5,Midday|Set1|Draw1|col5,C,combined,1,1,1,1,5,0,4438867*,8,6,False,2,3,57,4
Michigan4,LS1,Midday,Set1,Draw1,5,col5,Midday|Set1|Draw1|col5,C,combined,1,1,1,1,5,1,3887*,5,4,False,2,3,57,4
Michigan4,LS1,Midday,Set1,Draw1,5,col5,Midday|Set1|Draw1|col5,C,combined,1,1,1,1,5,2,7*,2,2,True,2,3,57,4
Michigan4,LS1,Midday,Set1,Draw1,5,col5,Midday|Set1|Draw1|col5,C,combined,1,1,1,1,5,3,*,1,1,True,2,3,57,4
Michigan4,LS1,Midday,Set1,Draw1,5,col5,Midday|Set1|Draw1|col5,D,own,1,1,1,1,5,0,4438867*,8,6,False,2,2,29,3
Michigan4,LS1,Midday,Set1,Draw1,5,col5,Midday|Set1|Draw1|col5,D,own,1,1,1,1,5,1,3887*,5,4,False,2,2,29,3
Michigan4,LS1,Midday,Set1,Draw1,5,col5,Midday|Set1|Draw1|col5,D,own,1,1,1,1,5,2,*,1,1,True,2,2,29,3
Michigan4,LS1,Midday,Set1,Draw1,5,col5,Midday|Set1|Draw1|col5,D,combined,1,1,1,1,5,0,4438867*,8,6,False,2,3,57,4
Michigan4,LS1,Midday,Set1,Draw1,5,col5,Midday|Set1|Draw1|col5,D,combined,1,1,1,1,5,1,3887*,5,4,False,2,3,57,4
Michigan4,LS1,Midday,Set1,Draw1,5,col5,Midday|Set1|Draw1|col5,D,combined,1,1,1,1,5,2,7*,2,2,True,2,3,57,4
Michigan4,LS1,Midday,Set1,Draw1,5,col5,Midday|Set1|Draw1|col5,D,combined,1,1,1,1,5,3,*,1,1,True,2,3,57,4
Michigan4,LS1,Midday,Set1,Draw1,5,col5,Midday|Set1|Draw1|col5,E,own,1,1,1,1,5,0,4438867*,8,6,False,2,3,29,4
Michigan4,LS1,Midday,Set1,Draw1,5,col5,Midday|Set1|Draw1|col5,E,own,1,1,1,1,5,1,3887*,5,4,False,2,3,29,4
Michigan4,LS1,Midday,Set1,Draw1,5,col5,Midday|Set1|Draw1|col5,E,own,1,1,1,1,5,2,8*,2,2,True,2,3,29,4
Michigan4,LS1,Midday,Set1,Draw1,5,col5,Midday|Set1|Draw1|col5,E,own,1,1,1,1,5,3,*,1,1,True,2,3,29,4
Michigan4,LS1,Midday,Set1,Draw1,5,col5,Midday|Set1|Draw1|col5,E,combined,1,1,1,1,5,0,4438867*,8,6,False,3,3,57,4
Michigan4,LS1,Midday,Set1,Draw1,5,col5,Midday|Set1|Draw1|col5,E,combined,1,1,1,1,5,1,3887*,5,4,False,3,3,57,4
Michigan4,LS1,Midday,Set1,Draw1,5,col5,Midday|Set1|Draw1|col5,E,combined,1,1,1,1,5,2,387*,4,4,False,3,3,57,4
Michigan4,LS1,Midday,Set1,Draw1,5,col5,Midday|Set1|Draw1|col5,E,combined,1,1,1,1,5,3,*,1,1,True,3,3,57,4
Michigan4,LS1,Midday,Set1,Draw1,5,col5,Midday|Set1|Draw1|col5,T,own,1,1,1,1,5,0,4438867*,8,6,False,2,3,29,4
Michigan4,LS1,Midday,Set1,Draw1,5,col5,Midday|Set1|Draw1|col5,T,own,1,1,1,1,5,1,3887*,5,4,False,2,3,29,4
Michigan4,LS1,Midday,Set1,Draw1,5,col5,Midday|Set1|Draw1|col5,T,own,1,1,1,1,5,2,88*,3,2,True,2,3,29,4
Michigan4,LS1,Midday,Set1,Draw1,5,col5,Midday|Set1|Draw1|col5,T,own,1,1,1,1,5,3,*,1,1,True,2,3,29,4
Michigan4,LS1,Midday,Set1,Draw1,5,col5,Midday|Set1|Draw1|col5,T,combined,1,1,1,1,5,0,4438867*,8,6,False,2,7,57,6
Michigan4,LS1,Midday,Set1,Draw1,5,col5,Midday|Set1|Draw1|col5,T,combined,1,1,1,1,5,1,3887*,5,4,False,2,7,57,6
Michigan4,LS1,Midday,Set1,Draw1,5,col5,Midday|Set1|Draw1|col5,T,combined,1,1,1,1,5,2,37*,3,3,True,2,7,57,6
Michigan4,LS1,Midday,Set1,Draw1,5,col5,Midday|Set1|Draw1|col5,T,combined,1,1,1,1,5,3,7*,2,2,True,2,7,57,6
Michigan4,LS1,Midday,Set1,Draw1,5,col5,Midday|Set1|Draw1|col5,T,combined,1,1,1,1,5,4,7*,2,2,True,2,7,57,6
Michigan4,LS1,Midday,Set1,Draw1,5,col5,Midday|Set1|Draw1|col5,T,combined,1,1,1,1,5,7,*,1,1,True,2,7,57,6
Michigan4,LS1,Evening,Set3,Draw1,7,col7,Evening|Set3|Draw1|col7,A,own,1,2,3,1,7,0,559924401167,12,8,False,3,7,29,7
Michigan4,LS1,Evening,Set3,Draw1,7,col7,Evening|Set3|Draw1|col7,A,own,1,2,3,1,7,1,559924407,9,6,False,3,7,29,7
Michigan4,LS1,Evening,Set3,Draw1,7,col7,Evening|Set3|Draw1|col7,A,own,1,2,3,1,7,2,99207,5,4,False,3,7,29,7
Michigan4,LS1,Evening,Set3,Draw1,7,col7,Evening|Set3|Draw1|col7,A,own,1,2,3,1,7,3,9907,4,3,True,3,7,29,7
Michigan4,LS1,Evening,Set3,Draw1,7,col7,Evening|Set3|Draw1|col7,A,own,1,2,3,1,7,4,990,3,2,True,3,7,29,7
Michigan4,LS1,Evening,Set3,Draw1,7,col7,Evening|Set3|Draw1|col7,A,own,1,2,3,1,7,5,990,3,2,True,3,7,29,7
Michigan4,LS1,Evening,Set3,Draw1,7,col7,Evening|Set3|Draw1|col7,A,own,1,2,3,1,7,7,0,1,1,True,3,7,29,7
Michigan4,LS1,Evening,Set3,Draw1,7,col7,Evening|Set3|Draw1|col7,A,combined,1,2,3,1,7,0,559924401167,12,8,False,3,12,13,9
Michigan4,LS1,Evening,Set3,Draw1,7,col7,Evening|Set3|Draw1|col7,A,combined,1,2,3,1,7,1,559924407,9,6,False,3,12,13,9
Michigan4,LS1,Evening,Set3,Draw1,7,col7,Evening|Set3|Draw1|col7,A,combined,1,2,3,1,7,2,55207,5,4,False,3,12,13,9
Michigan4,LS1,Evening,Set3,Draw1,7,col7,Evening|Set3|Draw1|col7,A,combined,1,2,3,1,7,3,207,3,3,True,3,12,13,9
Michigan4,LS1,Evening,Set3,Draw1,7,col7,Evening|Set3|Draw1|col7,A,combined,1,2,3,1,7,4,07,2,2,True,3,12,13,9
Michigan4,LS1,Evening,Set3,Draw1,7,col7,Evening|Set3|Draw1|col7,A,combined,1,2,3,1,7,5,07,2,2,True,3,12,13,9
Michigan4,LS1,Evening,Set3,Draw1,7,col7,Evening|Set3|Draw1|col7,A,combined,1,2,3,1,7,7,0,1,1,True,3,12,13,9
Michigan4,LS1,Evening,Set3,Draw1,7,col7,Evening|Set3|Draw1|col7,A,combined,1,2,3,1,7,8,0,1,1,True,3,12,13,9
Michigan4,LS1,Evening,Set3,Draw1,7,col7,Evening|Set3|Draw1|col7,A,combined,1,2,3,1,7,12,,0,0,False,3,12,13,9
Michigan4,LS1,Evening,Set3,Draw1,7,col7,Evening|Set3|Draw1|col7,B,own,1,2,3,1,7,0,559924401167,12,8,False,3,6,7,7
Michigan4,LS1,Evening,Set3,Draw1,7,col7,Evening|Set3|Draw1|col7,B,own,1,2,3,1,7,1,559924407,9,6,False,3,6,7,7
Michigan4,LS1,Evening,Set3,Draw1,7,col7,Evening|Set3|Draw1|col7,B,own,1,2,3,1,7,2,99207,5,4,False,3,6,7,7
Michigan4,LS1,Evening,Set3,Draw1,7,col7,Evening|Set3|Draw1|col7,B,own,1,2,3,1,7,3,997,3,2,True,3,6,7,7
Michigan4,LS1,Evening,Set3,Draw1,7,col7,Evening|Set3|Draw1|col7,B,own,1,2,3,1,7,4,99,2,1,True,3,6,7,7
Michigan4,LS1,Evening,Set3,Draw1,7,col7,Evening|Set3|Draw1|col7,B,own,1,2,3,1,7,5,99,2,1,True,3,6,7,7
Michigan4,LS1,Evening,Set3,Draw1,7,col7,Evening|Set3|Draw1|col7,B,own,1,2,3,1,7,6,,0,0,False,3,6,7,7
Michigan4,LS1,Evening,Set3,Draw1,7,col7,Evening|Set3|Draw1|col7,B,combined,1,2,3,1,7,0,559924401167,12,8,False,3,5,6,6
Michigan4,LS1,Evening,Set3,Draw1,7,col7,Evening|Set3|Draw1|col7,B,combined,1,2,3,1,7,1,559924407,9,6,False,3,5,6,6
Michigan4,LS1,Evening,Set3,Draw1,7,col7,Evening|Set3|Draw1|col7,B,combined,1,2,3,1,7,2,55207,5,4,False,3,5,6,6
Michigan4,LS1,Evening,Set3,Draw1,7,col7,Evening|Set3|Draw1|col7,B,combined,1,2,3,1,7,3,207,3,3,True,3,5,6,6
Michigan4,LS1,Evening,Set3,Draw1,7,col7,Evening|Set3|Draw1|col7,B,combined,1,2,3,1,7,4,07,2,2,True,3,5,6,6
Michigan4,LS1,Evening,Set3,Draw1,7,col7,Evening|Set3|Draw1|col7,B,combined,1,2,3,1,7,5,,0,0,False,3,5,6,6
Michigan4,LS1,Evening,Set3,Draw1,7,col7,Evening|Set3|Draw1|col7,C,own,1,2,3,1,7,0,559924401167,12,8,False,2,3,4,4
Michigan4,LS1,Evening,Set3,Draw1,7,col7,Evening|Set3|Draw1|col7,C,own,1,2,3,1,7,1,559924407,9,6,False,2,3,4,4
Michigan4,LS1,Evening,Set3,Draw1,7,col7,Evening|Set3|Draw1|col7,C,own,1,2,3,1,7,2,27,2,2,True,2,3,4,4
Michigan4,LS1,Evening,Set3,Draw1,7,col7,Evening|Set3|Draw1|col7,C,own,1,2,3,1,7,3,,0,0,False,2,3,4,4
Michigan4,LS1,Evening,Set3,Draw1,7,col7,Evening|Set3|Draw1|col7,C,combined,1,2,3,1,7,0,559924401167,12,8,False,3,4,5,5
Michigan4,LS1,Evening,Set3,Draw1,7,col7,Evening|Set3|Draw1|col7,C,combined,1,2,3,1,7,1,559924407,9,6,False,3,4,5,5
Michigan4,LS1,Evening,Set3,Draw1,7,col7,Evening|Set3|Draw1|col7,C,combined,1,2,3,1,7,2,55207,5,4,False,3,4,5,5
Michigan4,LS1,Evening,Set3,Draw1,7,col7,Evening|Set3|Draw1|col7,C,combined,1,2,3,1,7,3,27,2,2,True,3,4,5,5
Michigan4,LS1,Evening,Set3,Draw1,7,col7,Evening|Set3|Draw1|col7,C,combined,1,2,3,1,7,4,,0,0,False,3,4,5,5
Michigan4,LS1,Evening,Set3,Draw1,7,col7,Evening|Set3|Draw1|col7,D,own,1,2,3,1,7,0,559924401167,12,8,False,2,6,7,6
Michigan4,LS1,Evening,Set3,Draw1,7,col7,Evening|Set3|Draw1|col7,D,own,1,2,3,1,7,1,559924407,9,6,False,2,6,7,6
Michigan4,LS1,Evening,Set3,Draw1,7,col7,Evening|Set3|Draw1|col7,D,own,1,2,3,1,7,2,927,3,3,True,2,6,7,6
Michigan4,LS1,Evening,Set3,Draw1,7,col7,Evening|Set3|Draw1|col7,D,own,1,2,3,1,7,3,9,1,1,True,2,6,7,6
Michigan4,LS1,Evening,Set3,Draw1,7,col7,Evening|Set3|Draw1|col7,D,own,1,2,3,1,7,4,9,1,1,True,2,6,7,6
Michigan4,LS1,Evening,Set3,Draw1,7,col7,Evening|Set3|Draw1|col7,D,own,1,2,3,1,7,6,,0,0,False,2,6,7,6
Michigan4,LS1,Evening,Set3,Draw1,7,col7,Evening|Set3|Draw1|col7,D,combined,1,2,3,1,7,0,559924401167,12,8,False,3,4,5,5
Michigan4,LS1,Evening,Set3,Draw1,7,col7,Evening|Set3|Draw1|col7,D,combined,1,2,3,1,7,1,559924407,9,6,False,3,4,5,5
Michigan4,LS1,Evening,Set3,Draw1,7,col7,Evening|Set3|Draw1|col7,D,combined,1,2,3,1,7,2,55207,5,4,False,3,4,5,5
Michigan4,LS1,Evening,Set3,Draw1,7,col7,Evening|Set3|Draw1|col7,D,combined,1,2,3,1,7,3,27,2,2,True,3,4,5,5
Michigan4,LS1,Evening,Set3,Draw1,7,col7,Evening|Set3|Draw1|col7,D,combined,1,2,3,1,7,4,,0,0,False,3,4,5,5
Michigan4,LS1,Evening,Set3,Draw1,7,col7,Evening|Set3|Draw1|col7,E,own,1,2,3,1,7,0,559924401167,12,8,False,3,9,10,10
Michigan4,LS1,Evening,Set3,Draw1,7,col7,Evening|Set3|Draw1|col7,E,own,1,2,3,1,7,1,5599244017,10,7,False,3,9,10,10
Michigan4,LS1,Evening,Set3,Draw1,7,col7,Evening|Set3|Draw1|col7,E,own,1,2,3,1,7,2,5992407,7,6,False,3,9,10,10
Michigan4,LS1,Evening,Set3,Draw1,7,col7,Evening|Set3|Draw1|col7,E,own,1,2,3,1,7,3,9947,4,3,True,3,9,10,10
Michigan4,LS1,Evening,Set3,Draw1,7,col7,Evening|Set3|Draw1|col7,E,own,1,2,3,1,7,4,994,3,2,True,3,9,10,10
Michigan4,LS1,Evening,Set3,Draw1,7,col7,Evening|Set3|Draw1|col7,E,own,1,2,3,1,7,5,994,3,2,True,3,9,10,10
Michigan4,LS1,Evening,Set3,Draw1,7,col7,Evening|Set3|Draw1|col7,E,own,1,2,3,1,7,6,99,2,1,True,3,9,10,10
Michigan4,LS1,Evening,Set3,Draw1,7,col7,Evening|Set3|Draw1|col7,E,own,1,2,3,1,7,7,9,1,1,True,3,9,10,10
Michigan4,LS1,Evening,Set3,Draw1,7,col7,Evening|Set3|Draw1|col7,E,own,1,2,3,1,7,8,9,1,1,True,3,9,10,10
Michigan4,LS1,Evening,Set3,Draw1,7,col7,Evening|Set3|Draw1|col7,E,own,1,2,3,1,7,9,,0,0,False,3,9,10,10
Michigan4,LS1,Evening,Set3,Draw1,7,col7,Evening|Set3|Draw1|col7,E,combined,1,2,3,1,7,0,559924401167,12,8,False,5,6,7,7
Michigan4,LS1,Evening,Set3,Draw1,7,col7,Evening|Set3|Draw1|col7,E,combined,1,2,3,1,7,1,5599244017,10,7,False,5,6,7,7
Michigan4,LS1,Evening,Set3,Draw1,7,col7,Evening|Set3|Draw1|col7,E,combined,1,2,3,1,7,2,5592407,7,6,False,5,6,7,7
Michigan4,LS1,Evening,Set3,Draw1,7,col7,Evening|Set3|Draw1|col7,E,combined,1,2,3,1,7,3,59207,5,5,False,5,6,7,7
Michigan4,LS1,Evening,Set3,Draw1,7,col7,Evening|Set3|Draw1|col7,E,combined,1,2,3,1,7,4,5907,4,4,False,5,6,7,7
Michigan4,LS1,Evening,Set3,Draw1,7,col7,Evening|Set3|Draw1|col7,E,combined,1,2,3,1,7,5,9,1,1,True,5,6,7,7
Michigan4,LS1,Evening,Set3,Draw1,7,col7,Evening|Set3|Draw1|col7,E,combined,1,2,3,1,7,6,,0,0,False,5,6,7,7
Michigan4,LS1,Evening,Set3,Draw1,7,col7,Evening|Set3|Draw1|col7,T,own,1,2,3,1,7,0,559924401167,12,8,False,2,4,29,5
Michigan4,LS1,Evening,Set3,Draw1,7,col7,Evening|Set3|Draw1|col7,T,own,1,2,3,1,7,1,559924407,9,6,False,2,4,29,5
Michigan4,LS1,Evening,Set3,Draw1,7,col7,Evening|Set3|Draw1|col7,T,own,1,2,3,1,7,2,207,3,3,True,2,4,29,5
Michigan4,LS1,Evening,Set3,Draw1,7,col7,Evening|Set3|Draw1|col7,T,own,1,2,3,1,7,3,07,2,2,True,2,4,29,5
Michigan4,LS1,Evening,Set3,Draw1,7,col7,Evening|Set3|Draw1|col7,T,own,1,2,3,1,7,4,0,1,1,True,2,4,29,5
Michigan4,LS1,Evening,Set3,Draw1,7,col7,Evening|Set3|Draw1|col7,T,combined,1,2,3,1,7,0,559924401167,12,8,False,3,12,13,9
Michigan4,LS1,Evening,Set3,Draw1,7,col7,Evening|Set3|Draw1|col7,T,combined,1,2,3,1,7,1,559924407,9,6,False,3,12,13,9
Michigan4,LS1,Evening,Set3,Draw1,7,col7,Evening|Set3|Draw1|col7,T,combined,1,2,3,1,7,2,55207,5,4,False,3,12,13,9
Michigan4,LS1,Evening,Set3,Draw1,7,col7,Evening|Set3|Draw1|col7,T,combined,1,2,3,1,7,3,207,3,3,True,3,12,13,9
Michigan4,LS1,Evening,Set3,Draw1,7,col7,Evening|Set3|Draw1|col7,T,combined,1,2,3,1,7,4,07,2,2,True,3,12,13,9
Michigan4,LS1,Evening,Set3,Draw1,7,col7,Evening|Set3|Draw1|col7,T,combined,1,2,3,1,7,5,07,2,2,True,3,12,13,9
Michigan4,LS1,Evening,Set3,Draw1,7,col7,Evening|Set3|Draw1|col7,T,combined,1,2,3,1,7,7,0,1,1,True,3,12,13,9
Michigan4,LS1,Evening,Set3,Draw1,7,col7,Evening|Set3|Draw1|col7,T,combined,1,2,3,1,7,8,0,1,1,True,3,12,13,9
Michigan4,LS1,Evening,Set3,Draw1,7,col7,Evening|Set3|Draw1|col7,T,combined,1,2,3,1,7,12,,0,0,False,3,12,13,9
Michigan4,LS1,Evening,Set3,Draw1,6,col6,Evening|Set3|Draw1|col6,A,own,1,2,3,1,6,0,5599240116,10,7,False,2,7,29,6
Michigan4,LS1,Evening,Set3,Draw1,6,col6,Evening|Set3|Draw1|col6,A,own,1,2,3,1,6,1,5599240,7,5,False,2,7,29,6
Michigan4,LS1,Evening,Set3,Draw1,6,col6,Evening|Set3|Draw1|col6,A,own,1,2,3,1,6,2,9920,4,3,True,2,7,29,6
Michigan4,LS1,Evening,Set3,Draw1,6,col6,Evening|Set3|Draw1|col6,A,own,1,2,3,1,6,3,990,3,2,True,2,7,29,6
Michigan4,LS1,Evening,Set3,Draw1,6,col6,Evening|Set3|Draw1|col6,A,own,1,2,3,1,6,4,990,3,2,True,2,7,29,6
Michigan4,LS1,Evening,Set3,Draw1,6,col6,Evening|Set3|Draw1|col6,A,own,1,2,3,1,6,7,0,1,1,True,2,7,29,6
Michigan4,LS1,Evening,Set3,Draw1,6,col6,Evening|Set3|Draw1|col6,A,combined,1,2,3,1,6,0,5599240116,10,7,False,2,12,13,7
Michigan4,LS1,Evening,Set3,Draw1,6,col6,Evening|Set3|Draw1|col6,A,combined,1,2,3,1,6,1,5599240,7,5,False,2,12,13,7
Michigan4,LS1,Evening,Set3,Draw1,6,col6,Evening|Set3|Draw1|col6,A,combined,1,2,3,1,6,2,5520,4,3,True,2,12,13,7
Michigan4,LS1,Evening,Set3,Draw1,6,col6,Evening|Set3|Draw1|col6,A,combined,1,2,3,1,6,3,20,2,2,True,2,12,13,7
Michigan4,LS1,Evening,Set3,Draw1,6,col6,Evening|Set3|Draw1|col6,A,combined,1,2,3,1,6,4,0,1,1,True,2,12,13,7
Michigan4,LS1,Evening,Set3,Draw1,6,col6,Evening|Set3|Draw1|col6,A,combined,1,2,3,1,6,5,0,1,1,True,2,12,13,7
Michigan4,LS1,Evening,Set3,Draw1,6,col6,Evening|Set3|Draw1|col6,A,combined,1,2,3,1,6,12,,0,0,False,2,12,13,7
Michigan4,LS1,Evening,Set3,Draw1,6,col6,Evening|Set3|Draw1|col6,B,own,1,2,3,1,6,0,5599240116,10,7,False,2,6,7,6
Michigan4,LS1,Evening,Set3,Draw1,6,col6,Evening|Set3|Draw1|col6,B,own,1,2,3,1,6,1,5599240,7,5,False,2,6,7,6
Michigan4,LS1,Evening,Set3,Draw1,6,col6,Evening|Set3|Draw1|col6,B,own,1,2,3,1,6,2,9920,4,3,True,2,6,7,6
Michigan4,LS1,Evening,Set3,Draw1,6,col6,Evening|Set3|Draw1|col6,B,own,1,2,3,1,6,3,99,2,1,True,2,6,7,6
Michigan4,LS1,Evening,Set3,Draw1,6,col6,Evening|Set3|Draw1|col6,B,own,1,2,3,1,6,4,99,2,1,True,2,6,7,6
Michigan4,LS1,Evening,Set3,Draw1,6,col6,Evening|Set3|Draw1|col6,B,own,1,2,3,1,6,6,,0,0,False,2,6,7,6
Michigan4,LS1,Evening,Set3,Draw1,6,col6,Evening|Set3|Draw1|col6,B,combined,1,2,3,1,6,0,5599240116,10,7,False,2,5,6,6
Michigan4,LS1,Evening,Set3,Draw1,6,col6,Evening|Set3|Draw1|col6,B,combined,1,2,3,1,6,1,5599240,7,5,False,2,5,6,6
Michigan4,LS1,Evening,Set3,Draw1,6,col6,Evening|Set3|Draw1|col6,B,combined,1,2,3,1,6,2,5520,4,3,True,2,5,6,6
Michigan4,LS1,Evening,Set3,Draw1,6,col6,Evening|Set3|Draw1|col6,B,combined,1,2,3,1,6,3,20,2,2,True,2,5,6,6
Michigan4,LS1,Evening,Set3,Draw1,6,col6,Evening|Set3|Draw1|col6,B,combined,1,2,3,1,6,4,0,1,1,True,2,5,6,6
Michigan4,LS1,Evening,Set3,Draw1,6,col6,Evening|Set3|Draw1|col6,B,combined,1,2,3,1,6,5,,0,0,False,2,5,6,6
Michigan4,LS1,Evening,Set3,Draw1,6,col6,Evening|Set3|Draw1|col6,C,own,1,2,3,1,6,0,5599240116,10,7,False,2,3,4,4
Michigan4,LS1,Evening,Set3,Draw1,6,col6,Evening|Set3|Draw1|col6,C,own,1,2,3,1,6,1,5599240,7,5,False,2,3,4,4
Michigan4,LS1,Evening,Set3,Draw1,6,col6,Evening|Set3|Draw1|col6,C,own,1,2,3,1,6,2,2,1,1,True,2,3,4,4
Michigan4,LS1,Evening,Set3,Draw1,6,col6,Evening|Set3|Draw1|col6,C,own,1,2,3,1,6,3,,0,0,False,2,3,4,4
Michigan4,LS1,Evening,Set3,Draw1,6,col6,Evening|Set3|Draw1|col6,C,combined,1,2,3,1,6,0,5599240116,10,7,False,2,4,5,5
Michigan4,LS1,Evening,Set3,Draw1,6,col6,Evening|Set3|Draw1|col6,C,combined,1,2,3,1,6,1,5599240,7,5,False,2,4,5,5
Michigan4,LS1,Evening,Set3,Draw1,6,col6,Evening|Set3|Draw1|col6,C,combined,1,2,3,1,6,2,5520,4,3,True,2,4,5,5
Michigan4,LS1,Evening,Set3,Draw1,6,col6,Evening|Set3|Draw1|col6,C,combined,1,2,3,1,6,3,2,1,1,True,2,4,5,5
Michigan4,LS1,Evening,Set3,Draw1,6,col6,Evening|Set3|Draw1|col6,C,combined,1,2,3,1,6,4,,0,0,False,2,4,5,5
Michigan4,LS1,Evening,Set3,Draw1,6,col6,Evening|Set3|Draw1|col6,D,own,1,2,3,1,6,0,5599240116,10,7,False,2,6,7,6
Michigan4,LS1,Evening,Set3,Draw1,6,col6,Evening|Set3|Draw1|col6,D,own,1,2,3,1,6,1,5599240,7,5,False,2,6,7,6
Michigan4,LS1,Evening,Set3,Draw1,6,col6,Evening|Set3|Draw1|col6,D,own,1,2,3,1,6,2,92,2,2,True,2,6,7,6
Michigan4,LS1,Evening,Set3,Draw1,6,col6,Evening|Set3|Draw1|col6,D,own,1,2,3,1,6,3,9,1,1,True,2,6,7,6
Michigan4,LS1,Evening,Set3,Draw1,6,col6,Evening|Set3|Draw1|col6,D,own,1,2,3,1,6,4,9,1,1,True,2,6,7,6
Michigan4,LS1,Evening,Set3,Draw1,6,col6,Evening|Set3|Draw1|col6,D,own,1,2,3,1,6,6,,0,0,False,2,6,7,6
Michigan4,LS1,Evening,Set3,Draw1,6,col6,Evening|Set3|Draw1|col6,D,combined,1,2,3,1,6,0,5599240116,10,7,False,2,4,5,5
Michigan4,LS1,Evening,Set3,Draw1,6,col6,Evening|Set3|Draw1|col6,D,combined,1,2,3,1,6,1,5599240,7,5,False,2,4,5,5
Michigan4,LS1,Evening,Set3,Draw1,6,col6,Evening|Set3|Draw1|col6,D,combined,1,2,3,1,6,2,5520,4,3,True,2,4,5,5
Michigan4,LS1,Evening,Set3,Draw1,6,col6,Evening|Set3|Draw1|col6,D,combined,1,2,3,1,6,3,2,1,1,True,2,4,5,5
Michigan4,LS1,Evening,Set3,Draw1,6,col6,Evening|Set3|Draw1|col6,D,combined,1,2,3,1,6,4,,0,0,False,2,4,5,5
Michigan4,LS1,Evening,Set3,Draw1,6,col6,Evening|Set3|Draw1|col6,E,own,1,2,3,1,6,0,5599240116,10,7,False,3,7,8,7
Michigan4,LS1,Evening,Set3,Draw1,6,col6,Evening|Set3|Draw1|col6,E,own,1,2,3,1,6,1,55992401,8,6,False,3,7,8,7
Michigan4,LS1,Evening,Set3,Draw1,6,col6,Evening|Set3|Draw1|col6,E,own,1,2,3,1,6,2,59920,5,4,False,3,7,8,7
Michigan4,LS1,Evening,Set3,Draw1,6,col6,Evening|Set3|Draw1|col6,E,own,1,2,3,1,6,3,99,2,1,True,3,7,8,7
Michigan4,LS1,Evening,Set3,Draw1,6,col6,Evening|Set3|Draw1|col6,E,own,1,2,3,1,6,4,99,2,1,True,3,7,8,7
Michigan4,LS1,Evening,Set3,Draw1,6,col6,Evening|Set3|Draw1|col6,E,own,1,2,3,1,6,6,9,1,1,True,3,7,8,7
Michigan4,LS1,Evening,Set3,Draw1,6,col6,Evening|Set3|Draw1|col6,E,own,1,2,3,1,6,7,,0,0,False,3,7,8,7
Michigan4,LS1,Evening,Set3,Draw1,6,col6,Evening|Set3|Draw1|col6,E,combined,1,2,3,1,6,0,5599240116,10,7,False,3,5,6,6
Michigan4,LS1,Evening,Set3,Draw1,6,col6,Evening|Set3|Draw1|col6,E,combined,1,2,3,1,6,1,55992401,8,6,False,3,5,6,6
Michigan4,LS1,Evening,Set3,Draw1,6,col6,Evening|Set3|Draw1|col6,E,combined,1,2,3,1,6,2,55920,5,4,False,3,5,6,6
Michigan4,LS1,Evening,Set3,Draw1,6,col6,Evening|Set3|Draw1|col6,E,combined,1,2,3,1,6,3,520,3,3,True,3,5,6,6
Michigan4,LS1,Evening,Set3,Draw1,6,col6,Evening|Set3|Draw1|col6,E,combined,1,2,3,1,6,4,50,2,2,True,3,5,6,6
Michigan4,LS1,Evening,Set3,Draw1,6,col6,Evening|Set3|Draw1|col6,E,combined,1,2,3,1,6,5,,0,0,False,3,5,6,6
Michigan4,LS1,Evening,Set3,Draw1,6,col6,Evening|Set3|Draw1|col6,T,own,1,2,3,1,6,0,5599240116,10,7,False,2,3,29,4
Michigan4,LS1,Evening,Set3,Draw1,6,col6,Evening|Set3|Draw1|col6,T,own,1,2,3,1,6,1,5599240,7,5,False,2,3,29,4
Michigan4,LS1,Evening,Set3,Draw1,6,col6,Evening|Set3|Draw1|col6,T,own,1,2,3,1,6,2,20,2,2,True,2,3,29,4
Michigan4,LS1,Evening,Set3,Draw1,6,col6,Evening|Set3|Draw1|col6,T,own,1,2,3,1,6,3,0,1,1,True,2,3,29,4
Michigan4,LS1,Evening,Set3,Draw1,6,col6,Evening|Set3|Draw1|col6,T,combined,1,2,3,1,6,0,5599240116,10,7,False,2,12,13,7
Michigan4,LS1,Evening,Set3,Draw1,6,col6,Evening|Set3|Draw1|col6,T,combined,1,2,3,1,6,1,5599240,7,5,False,2,12,13,7
Michigan4,LS1,Evening,Set3,Draw1,6,col6,Evening|Set3|Draw1|col6,T,combined,1,2,3,1,6,2,5520,4,3,True,2,12,13,7
Michigan4,LS1,Evening,Set3,Draw1,6,col6,Evening|Set3|Draw1|col6,T,combined,1,2,3,1,6,3,20,2,2,True,2,12,13,7
Michigan4,LS1,Evening,Set3,Draw1,6,col6,Evening|Set3|Draw1|col6,T,combined,1,2,3,1,6,4,0,1,1,True,2,12,13,7
Michigan4,LS1,Evening,Set3,Draw1,6,col6,Evening|Set3|Draw1|col6,T,combined,1,2,3,1,6,5,0,1,1,True,2,12,13,7
Michigan4,LS1,Evening,Set3,Draw1,6,col6,Evening|Set3|Draw1|col6,T,combined,1,2,3,1,6,12,,0,0,False,2,12,13,7
Michigan4,LS1,Evening,Set3,Draw1,5,col5,Evening|Set3|Draw1|col5,A,own,1,2,3,1,5,0,5592406,7,6,False,2,7,29,6
Michigan4,LS1,Evening,Set3,Draw1,5,col5,Evening|Set3|Draw1|col5,A,own,1,2,3,1,5,1,559240,6,5,False,2,7,29,6
Michigan4,LS1,Evening,Set3,Draw1,5,col5,Evening|Set3|Draw1|col5,A,own,1,2,3,1,5,2,920,3,3,True,2,7,29,6
Michigan4,LS1,Evening,Set3,Draw1,5,col5,Evening|Set3|Draw1|col5,A,own,1,2,3,1,5,3,90,2,2,True,2,7,29,6
Michigan4,LS1,Evening,Set3,Draw1,5,col5,Evening|Set3|Draw1|col5,A,own,1,2,3,1,5,4,90,2,2,True,2,7,29,6
Michigan4,LS1,Evening,Set3,Draw1,5,col5,Evening|Set3|Draw1|col5,A,own,1,2,3,1,5,7,0,1,1,True,2,7,29,6
Michigan4,LS1,Evening,Set3,Draw1,5,col5,Evening|Set3|Draw1|col5,A,combined,1,2,3,1,5,0,5592406,7,6,False,2,12,13,7
Michigan4,LS1,Evening,Set3,Draw1,5,col5,Evening|Set3|Draw1|col5,A,combined,1,2,3,1,5,1,559240,6,5,False,2,12,13,7
Michigan4,LS1,Evening,Set3,Draw1,5,col5,Evening|Set3|Draw1|col5,A,combined,1,2,3,1,5,2,5520,4,3,True,2,12,13,7
Michigan4,LS1,Evening,Set3,Draw1,5,col5,Evening|Set3|Draw1|col5,A,combined,1,2,3,1,5,3,20,2,2,True,2,12,13,7
Michigan4,LS1,Evening,Set3,Draw1,5,col5,Evening|Set3|Draw1|col5,A,combined,1,2,3,1,5,4,0,1,1,True,2,12,13,7
Michigan4,LS1,Evening,Set3,Draw1,5,col5,Evening|Set3|Draw1|col5,A,combined,1,2,3,1,5,5,0,1,1,True,2,12,13,7
Michigan4,LS1,Evening,Set3,Draw1,5,col5,Evening|Set3|Draw1|col5,A,combined,1,2,3,1,5,12,,0,0,False,2,12,13,7
Michigan4,LS1,Evening,Set3,Draw1,5,col5,Evening|Set3|Draw1|col5,B,own,1,2,3,1,5,0,5592406,7,6,False,2,6,7,6
Michigan4,LS1,Evening,Set3,Draw1,5,col5,Evening|Set3|Draw1|col5,B,own,1,2,3,1,5,1,559240,6,5,False,2,6,7,6
Michigan4,LS1,Evening,Set3,Draw1,5,col5,Evening|Set3|Draw1|col5,B,own,1,2,3,1,5,2,920,3,3,True,2,6,7,6
Michigan4,LS1,Evening,Set3,Draw1,5,col5,Evening|Set3|Draw1|col5,B,own,1,2,3,1,5,3,9,1,1,True,2,6,7,6
Michigan4,LS1,Evening,Set3,Draw1,5,col5,Evening|Set3|Draw1|col5,B,own,1,2,3,1,5,4,9,1,1,True,2,6,7,6
Michigan4,LS1,Evening,Set3,Draw1,5,col5,Evening|Set3|Draw1|col5,B,own,1,2,3,1,5,6,,0,0,False,2,6,7,6
Michigan4,LS1,Evening,Set3,Draw1,5,col5,Evening|Set3|Draw1|col5,B,combined,1,2,3,1,5,0,5592406,7,6,False,2,5,6,6
Michigan4,LS1,Evening,Set3,Draw1,5,col5,Evening|Set3|Draw1|col5,B,combined,1,2,3,1,5,1,559240,6,5,False,2,5,6,6
Michigan4,LS1,Evening,Set3,Draw1,5,col5,Evening|Set3|Draw1|col5,B,combined,1,2,3,1,5,2,5520,4,3,True,2,5,6,6
Michigan4,LS1,Evening,Set3,Draw1,5,col5,Evening|Set3|Draw1|col5,B,combined,1,2,3,1,5,3,20,2,2,True,2,5,6,6
Michigan4,LS1,Evening,Set3,Draw1,5,col5,Evening|Set3|Draw1|col5,B,combined,1,2,3,1,5,4,0,1,1,True,2,5,6,6
Michigan4,LS1,Evening,Set3,Draw1,5,col5,Evening|Set3|Draw1|col5,B,combined,1,2,3,1,5,5,,0,0,False,2,5,6,6
Michigan4,LS1,Evening,Set3,Draw1,5,col5,Evening|Set3|Draw1|col5,C,own,1,2,3,1,5,0,5592406,7,6,False,2,3,4,4
Michigan4,LS1,Evening,Set3,Draw1,5,col5,Evening|Set3|Draw1|col5,C,own,1,2,3,1,5,1,559240,6,5,False,2,3,4,4
Michigan4,LS1,Evening,Set3,Draw1,5,col5,Evening|Set3|Draw1|col5,C,own,1,2,3,1,5,2,2,1,1,True,2,3,4,4
Michigan4,LS1,Evening,Set3,Draw1,5,col5,Evening|Set3|Draw1|col5,C,own,1,2,3,1,5,3,,0,0,False,2,3,4,4
Michigan4,LS1,Evening,Set3,Draw1,5,col5,Evening|Set3|Draw1|col5,C,combined,1,2,3,1,5,0,5592406,7,6,False,2,4,5,5
Michigan4,LS1,Evening,Set3,Draw1,5,col5,Evening|Set3|Draw1|col5,C,combined,1,2,3,1,5,1,559240,6,5,False,2,4,5,5
Michigan4,LS1,Evening,Set3,Draw1,5,col5,Evening|Set3|Draw1|col5,C,combined,1,2,3,1,5,2,5520,4,3,True,2,4,5,5
Michigan4,LS1,Evening,Set3,Draw1,5,col5,Evening|Set3|Draw1|col5,C,combined,1,2,3,1,5,3,2,1,1,True,2,4,5,5
Michigan4,LS1,Evening,Set3,Draw1,5,col5,Evening|Set3|Draw1|col5,C,combined,1,2,3,1,5,4,,0,0,False,2,4,5,5
Michigan4,LS1,Evening,Set3,Draw1,5,col5,Evening|Set3|Draw1|col5,D,own,1,2,3,1,5,0,5592406,7,6,False,2,3,4,4
Michigan4,LS1,Evening,Set3,Draw1,5,col5,Evening|Set3|Draw1|col5,D,own,1,2,3,1,5,1,559240,6,5,False,2,3,4,4
Michigan4,LS1,Evening,Set3,Draw1,5,col5,Evening|Set3|Draw1|col5,D,own,1,2,3,1,5,2,2,1,1,True,2,3,4,4
Michigan4,LS1,Evening,Set3,Draw1,5,col5,Evening|Set3|Draw1|col5,D,own,1,2,3,1,5,3,,0,0,False,2,3,4,4
Michigan4,LS1,Evening,Set3,Draw1,5,col5,Evening|Set3|Draw1|col5,D,combined,1,2,3,1,5,0,5592406,7,6,False,2,4,5,5
Michigan4,LS1,Evening,Set3,Draw1,5,col5,Evening|Set3|Draw1|col5,D,combined,1,2,3,1,5,1,559240,6,5,False,2,4,5,5
Michigan4,LS1,Evening,Set3,Draw1,5,col5,Evening|Set3|Draw1|col5,D,combined,1,2,3,1,5,2,5520,4,3,True,2,4,5,5
Michigan4,LS1,Evening,Set3,Draw1,5,col5,Evening|Set3|Draw1|col5,D,combined,1,2,3,1,5,3,2,1,1,True,2,4,5,5
Michigan4,LS1,Evening,Set3,Draw1,5,col5,Evening|Set3|Draw1|col5,D,combined,1,2,3,1,5,4,,0,0,False,2,4,5,5
Michigan4,LS1,Evening,Set3,Draw1,5,col5,Evening|Set3|Draw1|col5,E,own,1,2,3,1,5,0,5592406,7,6,False,3,6,7,6
Michigan4,LS1,Evening,Set3,Draw1,5,col5,Evening|Set3|Draw1|col5,E,own,1,2,3,1,5,1,559240,6,5,False,3,6,7,6
Michigan4,LS1,Evening,Set3,Draw1,5,col5,Evening|Set3|Draw1|col5,E,own,1,2,3,1,5,2,5920,4,4,False,3,6,7,6
Michigan4,LS1,Evening,Set3,Draw1,5,col5,Evening|Set3|Draw1|col5,E,own,1,2,3,1,5,3,9,1,1,True,3,6,7,6
Michigan4,LS1,Evening,Set3,Draw1,5,col5,Evening|Set3|Draw1|col5,E,own,1,2,3,1,5,4,9,1,1,True,3,6,7,6
Michigan4,LS1,Evening,Set3,Draw1,5,col5,Evening|Set3|Draw1|col5,E,own,1,2,3,1,5,6,,0,0,False,3,6,7,6
Michigan4,LS1,Evening,Set3,Draw1,5,col5,Evening|Set3|Draw1|col5,E,combined,1,2,3,1,5,0,5592406,7,6,False,2,5,6,6
Michigan4,LS1,Evening,Set3,Draw1,5,col5,Evening|Set3|Draw1|col5,E,combined,1,2,3,1,5,1,559240,6,5,False,2,5,6,6
Michigan4,LS1,Evening,Set3,Draw1,5,col5,Evening|Set3|Draw1|col5,E,combined,1,2,3,1,5,2,5520,4,3,True,2,5,6,6
Michigan4,LS1,Evening,Set3,Draw1,5,col5,Evening|Set3|Draw1|col5,E,combined,1,2,3,1,5,3,520,3,3,True,2,5,6,6
Michigan4,LS1,Evening,Set3,Draw1,5,col5,Evening|Set3|Draw1|col5,E,combined,1,2,3,1,5,4,50,2,2,True,2,5,6,6
Michigan4,LS1,Evening,Set3,Draw1,5,col5,Evening|Set3|Draw1|col5,E,combined,1,2,3,1,5,5,,0,0,False,2,5,6,6
Michigan4,LS1,Evening,Set3,Draw1,5,col5,Evening|Set3|Draw1|col5,T,own,1,2,3,1,5,0,5592406,7,6,False,2,7,29,6
Michigan4,LS1,Evening,Set3,Draw1,5,col5,Evening|Set3|Draw1|col5,T,own,1,2,3,1,5,1,559240,6,5,False,2,7,29,6
Michigan4,LS1,Evening,Set3,Draw1,5,col5,Evening|Set3|Draw1|col5,T,own,1,2,3,1,5,2,920,3,3,True,2,7,29,6
Michigan4,LS1,Evening,Set3,Draw1,5,col5,Evening|Set3|Draw1|col5,T,own,1,2,3,1,5,3,90,2,2,True,2,7,29,6
Michigan4,LS1,Evening,Set3,Draw1,5,col5,Evening|Set3|Draw1|col5,T,own,1,2,3,1,5,4,90,2,2,True,2,7,29,6
Michigan4,LS1,Evening,Set3,Draw1,5,col5,Evening|Set3|Draw1|col5,T,own,1,2,3,1,5,7,0,1,1,True,2,7,29,6
Michigan4,LS1,Evening,Set3,Draw1,5,col5,Evening|Set3|Draw1|col5,T,combined,1,2,3,1,5,0,5592406,7,6,False,2,12,13,7
Michigan4,LS1,Evening,Set3,Draw1,5,col5,Evening|Set3|Draw1|col5,T,combined,1,2,3,1,5,1,559240,6,5,False,2,12,13,7
Michigan4,LS1,Evening,Set3,Draw1,5,col5,Evening|Set3|Draw1|col5,T,combined,1,2,3,1,5,2,5520,4,3,True,2,12,13,7
Michigan4,LS1,Evening,Set3,Draw1,5,col5,Evening|Set3|Draw1|col5,T,combined,1,2,3,1,5,3,20,2,2,True,2,12,13,7
Michigan4,LS1,Evening,Set3,Draw1,5,col5,Evening|Set3|Draw1|col5,T,combined,1,2,3,1,5,4,0,1,1,True,2,12,13,7
Michigan4,LS1,Evening,Set3,Draw1,5,col5,Evening|Set3|Draw1|col5,T,combined,1,2,3,1,5,5,0,1,1,True,2,12,13,7
Michigan4,LS1,Evening,Set3,Draw1,5,col5,Evening|Set3|Draw1|col5,T,combined,1,2,3,1,5,12,,0,0,False,2,12,13,7
Michigan4,LS1,Evening,Set2,Draw1,7,col7,Evening|Set2|Draw1|col7,A,own,1,2,2,1,7,0,5599224011866,13,8,False,2,7,29,6
Michigan4,LS1,Evening,Set2,Draw1,7,col7,Evening|Set2|Draw1|col7,A,own,1,2,2,1,7,1,55992240,8,5,False,2,7,29,6
Michigan4,LS1,Evening,Set2,Draw1,7,col7,Evening|Set2|Draw1|col7,A,own,1,2,2,1,7,2,99220,5,3,True,2,7,29,6
Michigan4,LS1,Evening,Set2,Draw1,7,col7,Evening|Set2|Draw1|col7,A,own,1,2,2,1,7,3,990,3,2,True,2,7,29,6
Michigan4,LS1,Evening,Set2,Draw1,7,col7,Evening|Set2|Draw1|col7,A,own,1,2,2,1,7,4,990,3,2,True,2,7,29,6
Michigan4,LS1,Evening,Set2,Draw1,7,col7,Evening|Set2|Draw1|col7,A,own,1,2,2,1,7,7,0,1,1,True,2,7,29,6
Michigan4,LS1,Evening,Set2,Draw1,7,col7,Evening|Set2|Draw1|col7,A,combined,1,2,2,1,7,0,5599224011866,13,8,False,2,12,13,7
Michigan4,LS1,Evening,Set2,Draw1,7,col7,Evening|Set2|Draw1|col7,A,combined,1,2,2,1,7,1,55992240,8,5,False,2,12,13,7
Michigan4,LS1,Evening,Set2,Draw1,7,col7,Evening|Set2|Draw1|col7,A,combined,1,2,2,1,7,2,55220,5,3,True,2,12,13,7
Michigan4,LS1,Evening,Set2,Draw1,7,col7,Evening|Set2|Draw1|col7,A,combined,1,2,2,1,7,3,220,3,2,True,2,12,13,7
Michigan4,LS1,Evening,Set2,Draw1,7,col7,Evening|Set2|Draw1|col7,A,combined,1,2,2,1,7,4,0,1,1,True,2,12,13,7
Michigan4,LS1,Evening,Set2,Draw1,7,col7,Evening|Set2|Draw1|col7,A,combined,1,2,2,1,7,5,0,1,1,True,2,12,13,7
Michigan4,LS1,Evening,Set2,Draw1,7,col7,Evening|Set2|Draw1|col7,A,combined,1,2,2,1,7,12,,0,0,False,2,12,13,7
Michigan4,LS1,Evening,Set2,Draw1,7,col7,Evening|Set2|Draw1|col7,B,own,1,2,2,1,7,0,5599224011866,13,8,False,2,6,7,6
Michigan4,LS1,Evening,Set2,Draw1,7,col7,Evening|Set2|Draw1|col7,B,own,1,2,2,1,7,1,55992240,8,5,False,2,6,7,6
Michigan4,LS1,Evening,Set2,Draw1,7,col7,Evening|Set2|Draw1|col7,B,own,1,2,2,1,7,2,99220,5,3,True,2,6,7,6
Michigan4,LS1,Evening,Set2,Draw1,7,col7,Evening|Set2|Draw1|col7,B,own,1,2,2,1,7,3,99,2,1,True,2,6,7,6
Michigan4,LS1,Evening,Set2,Draw1,7,col7,Evening|Set2|Draw1|col7,B,own,1,2,2,1,7,4,99,2,1,True,2,6,7,6
Michigan4,LS1,Evening,Set2,Draw1,7,col7,Evening|Set2|Draw1|col7,B,own,1,2,2,1,7,6,,0,0,False,2,6,7,6
Michigan4,LS1,Evening,Set2,Draw1,7,col7,Evening|Set2|Draw1|col7,B,combined,1,2,2,1,7,0,5599224011866,13,8,False,2,5,6,6
Michigan4,LS1,Evening,Set2,Draw1,7,col7,Evening|Set2|Draw1|col7,B,combined,1,2,2,1,7,1,55992240,8,5,False,2,5,6,6
Michigan4,LS1,Evening,Set2,Draw1,7,col7,Evening|Set2|Draw1|col7,B,combined,1,2,2,1,7,2,55220,5,3,True,2,5,6,6
Michigan4,LS1,Evening,Set2,Draw1,7,col7,Evening|Set2|Draw1|col7,B,combined,1,2,2,1,7,3,220,3,2,True,2,5,6,6
Michigan4,LS1,Evening,Set2,Draw1,7,col7,Evening|Set2|Draw1|col7,B,combined,1,2,2,1,7,4,0,1,1,True,2,5,6,6
Michigan4,LS1,Evening,Set2,Draw1,7,col7,Evening|Set2|Draw1|col7,B,combined,1,2,2,1,7,5,,0,0,False,2,5,6,6
Michigan4,LS1,Evening,Set2,Draw1,7,col7,Evening|Set2|Draw1|col7,C,own,1,2,2,1,7,0,5599224011866,13,8,False,2,3,4,4
Michigan4,LS1,Evening,Set2,Draw1,7,col7,Evening|Set2|Draw1|col7,C,own,1,2,2,1,7,1,55992240,8,5,False,2,3,4,4
Michigan4,LS1,Evening,Set2,Draw1,7,col7,Evening|Set2|Draw1|col7,C,own,1,2,2,1,7,2,22,2,1,True,2,3,4,4
Michigan4,LS1,Evening,Set2,Draw1,7,col7,Evening|Set2|Draw1|col7,C,own,1,2,2,1,7,3,,0,0,False,2,3,4,4
Michigan4,LS1,Evening,Set2,Draw1,7,col7,Evening|Set2|Draw1|col7,C,combined,1,2,2,1,7,0,5599224011866,13,8,False,2,4,5,5
Michigan4,LS1,Evening,Set2,Draw1,7,col7,Evening|Set2|Draw1|col7,C,combined,1,2,2,1,7,1,55992240,8,5,False,2,4,5,5
Michigan4,LS1,Evening,Set2,Draw1,7,col7,Evening|Set2|Draw1|col7,C,combined,1,2,2,1,7,2,55220,5,3,True,2,4,5,5
Michigan4,LS1,Evening,Set2,Draw1,7,col7,Evening|Set2|Draw1|col7,C,combined,1,2,2,1,7,3,22,2,1,True,2,4,5,5
Michigan4,LS1,Evening,Set2,Draw1,7,col7,Evening|Set2|Draw1|col7,C,combined,1,2,2,1,7,4,,0,0,False,2,4,5,5
Michigan4,LS1,Evening,Set2,Draw1,7,col7,Evening|Set2|Draw1|col7,D,own,1,2,2,1,7,0,5599224011866,13,8,False,2,6,7,6
Michigan4,LS1,Evening,Set2,Draw1,7,col7,Evening|Set2|Draw1|col7,D,own,1,2,2,1,7,1,55992240,8,5,False,2,6,7,6
Michigan4,LS1,Evening,Set2,Draw1,7,col7,Evening|Set2|Draw1|col7,D,own,1,2,2,1,7,2,922,3,2,True,2,6,7,6
Michigan4,LS1,Evening,Set2,Draw1,7,col7,Evening|Set2|Draw1|col7,D,own,1,2,2,1,7,3,9,1,1,True,2,6,7,6
Michigan4,LS1,Evening,Set2,Draw1,7,col7,Evening|Set2|Draw1|col7,D,own,1,2,2,1,7,4,9,1,1,True,2,6,7,6
Michigan4,LS1,Evening,Set2,Draw1,7,col7,Evening|Set2|Draw1|col7,D,own,1,2,2,1,7,6,,0,0,False,2,6,7,6
Michigan4,LS1,Evening,Set2,Draw1,7,col7,Evening|Set2|Draw1|col7,D,combined,1,2,2,1,7,0,5599224011866,13,8,False,2,4,5,5
Michigan4,LS1,Evening,Set2,Draw1,7,col7,Evening|Set2|Draw1|col7,D,combined,1,2,2,1,7,1,55992240,8,5,False,2,4,5,5
Michigan4,LS1,Evening,Set2,Draw1,7,col7,Evening|Set2|Draw1|col7,D,combined,1,2,2,1,7,2,55220,5,3,True,2,4,5,5
Michigan4,LS1,Evening,Set2,Draw1,7,col7,Evening|Set2|Draw1|col7,D,combined,1,2,2,1,7,3,22,2,1,True,2,4,5,5
Michigan4,LS1,Evening,Set2,Draw1,7,col7,Evening|Set2|Draw1|col7,D,combined,1,2,2,1,7,4,,0,0,False,2,4,5,5
Michigan4,LS1,Evening,Set2,Draw1,7,col7,Evening|Set2|Draw1|col7,E,own,1,2,2,1,7,0,5599224011866,13,8,False,3,7,8,8
Michigan4,LS1,Evening,Set2,Draw1,7,col7,Evening|Set2|Draw1|col7,E,own,1,2,2,1,7,1,5599224016,10,7,False,3,7,8,8
Michigan4,LS1,Evening,Set2,Draw1,7,col7,Evening|Set2|Draw1|col7,E,own,1,2,2,1,7,2,5992206,7,5,False,3,7,8,8
Michigan4,LS1,Evening,Set2,Draw1,7,col7,Evening|Set2|Draw1|col7,E,own,1,2,2,1,7,3,9926,4,3,True,3,7,8,8
Michigan4,LS1,Evening,Set2,Draw1,7,col7,Evening|Set2|Draw1|col7,E,own,1,2,2,1,7,4,996,3,2,True,3,7,8,8
Michigan4,LS1,Evening,Set2,Draw1,7,col7,Evening|Set2|Draw1|col7,E,own,1,2,2,1,7,5,99,2,1,True,3,7,8,8
Michigan4,LS1,Evening,Set2,Draw1,7,col7,Evening|Set2|Draw1|col7,E,own,1,2,2,1,7,6,9,1,1,True,3,7,8,8
Michigan4,LS1,Evening,Set2,Draw1,7,col7,Evening|Set2|Draw1|col7,E,own,1,2,2,1,7,7,,0,0,False,3,7,8,8
Michigan4,LS1,Evening,Set2,Draw1,7,col7,Evening|Set2|Draw1|col7,E,combined,1,2,2,1,7,0,5599224011866,13,8,False,3,5,6,6
Michigan4,LS1,Evening,Set2,Draw1,7,col7,Evening|Set2|Draw1|col7,E,combined,1,2,2,1,7,1,5599224016,10,7,False,3,5,6,6
Michigan4,LS1,Evening,Set2,Draw1,7,col7,Evening|Set2|Draw1|col7,E,combined,1,2,2,1,7,2,5592206,7,5,False,3,5,6,6
Michigan4,LS1,Evening,Set2,Draw1,7,col7,Evening|Set2|Draw1|col7,E,combined,1,2,2,1,7,3,5220,4,3,True,3,5,6,6
Michigan4,LS1,Evening,Set2,Draw1,7,col7,Evening|Set2|Draw1|col7,E,combined,1,2,2,1,7,4,520,3,3,True,3,5,6,6
Michigan4,LS1,Evening,Set2,Draw1,7,col7,Evening|Set2|Draw1|col7,E,combined,1,2,2,1,7,5,,0,0,False,3,5,6,6
Michigan4,LS1,Evening,Set2,Draw1,7,col7,Evening|Set2|Draw1|col7,T,own,1,2,2,1,7,0,5599224011866,13,8,False,2,3,29,4
Michigan4,LS1,Evening,Set2,Draw1,7,col7,Evening|Set2|Draw1|col7,T,own,1,2,2,1,7,1,55992240,8,5,False,2,3,29,4
Michigan4,LS1,Evening,Set2,Draw1,7,col7,Evening|Set2|Draw1|col7,T,own,1,2,2,1,7,2,220,3,2,True,2,3,29,4
Michigan4,LS1,Evening,Set2,Draw1,7,col7,Evening|Set2|Draw1|col7,T,own,1,2,2,1,7,3,0,1,1,True,2,3,29,4
Michigan4,LS1,Evening,Set2,Draw1,7,col7,Evening|Set2|Draw1|col7,T,combined,1,2,2,1,7,0,5599224011866,13,8,False,2,12,13,7
Michigan4,LS1,Evening,Set2,Draw1,7,col7,Evening|Set2|Draw1|col7,T,combined,1,2,2,1,7,1,55992240,8,5,False,2,12,13,7
Michigan4,LS1,Evening,Set2,Draw1,7,col7,Evening|Set2|Draw1|col7,T,combined,1,2,2,1,7,2,55220,5,3,True,2,12,13,7
Michigan4,LS1,Evening,Set2,Draw1,7,col7,Evening|Set2|Draw1|col7,T,combined,1,2,2,1,7,3,220,3,2,True,2,12,13,7
Michigan4,LS1,Evening,Set2,Draw1,7,col7,Evening|Set2|Draw1|col7,T,combined,1,2,2,1,7,4,0,1,1,True,2,12,13,7
Michigan4,LS1,Evening,Set2,Draw1,7,col7,Evening|Set2|Draw1|col7,T,combined,1,2,2,1,7,5,0,1,1,True,2,12,13,7
Michigan4,LS1,Evening,Set2,Draw1,7,col7,Evening|Set2|Draw1|col7,T,combined,1,2,2,1,7,12,,0,0,False,2,12,13,7
Michigan4,LS1,Evening,Set2,Draw1,6,col6,Evening|Set2|Draw1|col6,A,own,1,2,2,1,6,0,5592240866,10,7,False,2,7,29,6
Michigan4,LS1,Evening,Set2,Draw1,6,col6,Evening|Set2|Draw1|col6,A,own,1,2,2,1,6,1,5592240,7,5,False,2,7,29,6
Michigan4,LS1,Evening,Set2,Draw1,6,col6,Evening|Set2|Draw1|col6,A,own,1,2,2,1,6,2,9220,4,3,True,2,7,29,6
Michigan4,LS1,Evening,Set2,Draw1,6,col6,Evening|Set2|Draw1|col6,A,own,1,2,2,1,6,3,90,2,2,True,2,7,29,6
Michigan4,LS1,Evening,Set2,Draw1,6,col6,Evening|Set2|Draw1|col6,A,own,1,2,2,1,6,4,90,2,2,True,2,7,29,6
Michigan4,LS1,Evening,Set2,Draw1,6,col6,Evening|Set2|Draw1|col6,A,own,1,2,2,1,6,7,0,1,1,True,2,7,29,6
Michigan4,LS1,Evening,Set2,Draw1,6,col6,Evening|Set2|Draw1|col6,A,combined,1,2,2,1,6,0,5592240866,10,7,False,2,12,13,7
Michigan4,LS1,Evening,Set2,Draw1,6,col6,Evening|Set2|Draw1|col6,A,combined,1,2,2,1,6,1,5592240,7,5,False,2,12,13,7
Michigan4,LS1,Evening,Set2,Draw1,6,col6,Evening|Set2|Draw1|col6,A,combined,1,2,2,1,6,2,55220,5,3,True,2,12,13,7
Michigan4,LS1,Evening,Set2,Draw1,6,col6,Evening|Set2|Draw1|col6,A,combined,1,2,2,1,6,3,220,3,2,True,2,12,13,7
Michigan4,LS1,Evening,Set2,Draw1,6,col6,Evening|Set2|Draw1|col6,A,combined,1,2,2,1,6,4,0,1,1,True,2,12,13,7
Michigan4,LS1,Evening,Set2,Draw1,6,col6,Evening|Set2|Draw1|col6,A,combined,1,2,2,1,6,5,0,1,1,True,2,12,13,7
Michigan4,LS1,Evening,Set2,Draw1,6,col6,Evening|Set2|Draw1|col6,A,combined,1,2,2,1,6,12,,0,0,False,2,12,13,7
Michigan4,LS1,Evening,Set2,Draw1,6,col6,Evening|Set2|Draw1|col6,B,own,1,2,2,1,6,0,5592240866,10,7,False,2,6,7,6
Michigan4,LS1,Evening,Set2,Draw1,6,col6,Evening|Set2|Draw1|col6,B,own,1,2,2,1,6,1,5592240,7,5,False,2,6,7,6
Michigan4,LS1,Evening,Set2,Draw1,6,col6,Evening|Set2|Draw1|col6,B,own,1,2,2,1,6,2,9220,4,3,True,2,6,7,6
Michigan4,LS1,Evening,Set2,Draw1,6,col6,Evening|Set2|Draw1|col6,B,own,1,2,2,1,6,3,9,1,1,True,2,6,7,6
Michigan4,LS1,Evening,Set2,Draw1,6,col6,Evening|Set2|Draw1|col6,B,own,1,2,2,1,6,4,9,1,1,True,2,6,7,6
Michigan4,LS1,Evening,Set2,Draw1,6,col6,Evening|Set2|Draw1|col6,B,own,1,2,2,1,6,6,,0,0,False,2,6,7,6
Michigan4,LS1,Evening,Set2,Draw1,6,col6,Evening|Set2|Draw1|col6,B,combined,1,2,2,1,6,0,5592240866,10,7,False,2,5,6,6
Michigan4,LS1,Evening,Set2,Draw1,6,col6,Evening|Set2|Draw1|col6,B,combined,1,2,2,1,6,1,5592240,7,5,False,2,5,6,6
Michigan4,LS1,Evening,Set2,Draw1,6,col6,Evening|Set2|Draw1|col6,B,combined,1,2,2,1,6,2,55220,5,3,True,2,5,6,6
Michigan4,LS1,Evening,Set2,Draw1,6,col6,Evening|Set2|Draw1|col6,B,combined,1,2,2,1,6,3,220,3,2,True,2,5,6,6
Michigan4,LS1,Evening,Set2,Draw1,6,col6,Evening|Set2|Draw1|col6,B,combined,1,2,2,1,6,4,0,1,1,True,2,5,6,6
Michigan4,LS1,Evening,Set2,Draw1,6,col6,Evening|Set2|Draw1|col6,B,combined,1,2,2,1,6,5,,0,0,False,2,5,6,6
Michigan4,LS1,Evening,Set2,Draw1,6,col6,Evening|Set2|Draw1|col6,C,own,1,2,2,1,6,0,5592240866,10,7,False,2,3,4,4
Michigan4,LS1,Evening,Set2,Draw1,6,col6,Evening|Set2|Draw1|col6,C,own,1,2,2,1,6,1,5592240,7,5,False,2,3,4,4
Michigan4,LS1,Evening,Set2,Draw1,6,col6,Evening|Set2|Draw1|col6,C,own,1,2,2,1,6,2,22,2,1,True,2,3,4,4
Michigan4,LS1,Evening,Set2,Draw1,6,col6,Evening|Set2|Draw1|col6,C,own,1,2,2,1,6,3,,0,0,False,2,3,4,4
Michigan4,LS1,Evening,Set2,Draw1,6,col6,Evening|Set2|Draw1|col6,C,combined,1,2,2,1,6,0,5592240866,10,7,False,2,4,5,5
Michigan4,LS1,Evening,Set2,Draw1,6,col6,Evening|Set2|Draw1|col6,C,combined,1,2,2,1,6,1,5592240,7,5,False,2,4,5,5
Michigan4,LS1,Evening,Set2,Draw1,6,col6,Evening|Set2|Draw1|col6,C,combined,1,2,2,1,6,2,55220,5,3,True,2,4,5,5
Michigan4,LS1,Evening,Set2,Draw1,6,col6,Evening|Set2|Draw1|col6,C,combined,1,2,2,1,6,3,22,2,1,True,2,4,5,5
Michigan4,LS1,Evening,Set2,Draw1,6,col6,Evening|Set2|Draw1|col6,C,combined,1,2,2,1,6,4,,0,0,False,2,4,5,5
Michigan4,LS1,Evening,Set2,Draw1,6,col6,Evening|Set2|Draw1|col6,D,own,1,2,2,1,6,0,5592240866,10,7,False,2,3,4,4
Michigan4,LS1,Evening,Set2,Draw1,6,col6,Evening|Set2|Draw1|col6,D,own,1,2,2,1,6,1,5592240,7,5,False,2,3,4,4
Michigan4,LS1,Evening,Set2,Draw1,6,col6,Evening|Set2|Draw1|col6,D,own,1,2,2,1,6,2,22,2,1,True,2,3,4,4
Michigan4,LS1,Evening,Set2,Draw1,6,col6,Evening|Set2|Draw1|col6,D,own,1,2,2,1,6,3,,0,0,False,2,3,4,4
Michigan4,LS1,Evening,Set2,Draw1,6,col6,Evening|Set2|Draw1|col6,D,combined,1,2,2,1,6,0,5592240866,10,7,False,2,4,5,5
Michigan4,LS1,Evening,Set2,Draw1,6,col6,Evening|Set2|Draw1|col6,D,combined,1,2,2,1,6,1,5592240,7,5,False,2,4,5,5
Michigan4,LS1,Evening,Set2,Draw1,6,col6,Evening|Set2|Draw1|col6,D,combined,1,2,2,1,6,2,55220,5,3,True,2,4,5,5
Michigan4,LS1,Evening,Set2,Draw1,6,col6,Evening|Set2|Draw1|col6,D,combined,1,2,2,1,6,3,22,2,1,True,2,4,5,5
Michigan4,LS1,Evening,Set2,Draw1,6,col6,Evening|Set2|Draw1|col6,D,combined,1,2,2,1,6,4,,0,0,False,2,4,5,5
Michigan4,LS1,Evening,Set2,Draw1,6,col6,Evening|Set2|Draw1|col6,E,own,1,2,2,1,6,0,5592240866,10,7,False,3,6,7,7
Michigan4,LS1,Evening,Set2,Draw1,6,col6,Evening|Set2|Draw1|col6,E,own,1,2,2,1,6,1,5592240,7,5,False,3,6,7,7
Michigan4,LS1,Evening,Set2,Draw1,6,col6,Evening|Set2|Draw1|col6,E,own,1,2,2,1,6,2,59220,5,4,False,3,6,7,7
Michigan4,LS1,Evening,Set2,Draw1,6,col6,Evening|Set2|Draw1|col6,E,own,1,2,2,1,6,3,92,2,2,True,3,6,7,7
Michigan4,LS1,Evening,Set2,Draw1,6,col6,Evening|Set2|Draw1|col6,E,own,1,2,2,1,6,4,9,1,1,True,3,6,7,7
Michigan4,LS1,Evening,Set2,Draw1,6,col6,Evening|Set2|Draw1|col6,E,own,1,2,2,1,6,5,9,1,1,True,3,6,7,7
Michigan4,LS1,Evening,Set2,Draw1,6,col6,Evening|Set2|Draw1|col6,E,own,1,2,2,1,6,6,,0,0,False,3,6,7,7
Michigan4,LS1,Evening,Set2,Draw1,6,col6,Evening|Set2|Draw1|col6,E,combined,1,2,2,1,6,0,5592240866,10,7,False,2,5,6,6
Michigan4,LS1,Evening,Set2,Draw1,6,col6,Evening|Set2|Draw1|col6,E,combined,1,2,2,1,6,1,5592240,7,5,False,2,5,6,6
Michigan4,LS1,Evening,Set2,Draw1,6,col6,Evening|Set2|Draw1|col6,E,combined,1,2,2,1,6,2,55220,5,3,True,2,5,6,6
Michigan4,LS1,Evening,Set2,Draw1,6,col6,Evening|Set2|Draw1|col6,E,combined,1,2,2,1,6,3,5220,4,3,True,2,5,6,6
Michigan4,LS1,Evening,Set2,Draw1,6,col6,Evening|Set2|Draw1|col6,E,combined,1,2,2,1,6,4,520,3,3,True,2,5,6,6
Michigan4,LS1,Evening,Set2,Draw1,6,col6,Evening|Set2|Draw1|col6,E,combined,1,2,2,1,6,5,,0,0,False,2,5,6,6
Michigan4,LS1,Evening,Set2,Draw1,6,col6,Evening|Set2|Draw1|col6,T,own,1,2,2,1,6,0,5592240866,10,7,False,2,3,29,4
Michigan4,LS1,Evening,Set2,Draw1,6,col6,Evening|Set2|Draw1|col6,T,own,1,2,2,1,6,1,5592240,7,5,False,2,3,29,4
Michigan4,LS1,Evening,Set2,Draw1,6,col6,Evening|Set2|Draw1|col6,T,own,1,2,2,1,6,2,220,3,2,True,2,3,29,4
Michigan4,LS1,Evening,Set2,Draw1,6,col6,Evening|Set2|Draw1|col6,T,own,1,2,2,1,6,3,0,1,1,True,2,3,29,4
Michigan4,LS1,Evening,Set2,Draw1,6,col6,Evening|Set2|Draw1|col6,T,combined,1,2,2,1,6,0,5592240866,10,7,False,2,12,13,7
Michigan4,LS1,Evening,Set2,Draw1,6,col6,Evening|Set2|Draw1|col6,T,combined,1,2,2,1,6,1,5592240,7,5,False,2,12,13,7
Michigan4,LS1,Evening,Set2,Draw1,6,col6,Evening|Set2|Draw1|col6,T,combined,1,2,2,1,6,2,55220,5,3,True,2,12,13,7
Michigan4,LS1,Evening,Set2,Draw1,6,col6,Evening|Set2|Draw1|col6,T,combined,1,2,2,1,6,3,220,3,2,True,2,12,13,7
Michigan4,LS1,Evening,Set2,Draw1,6,col6,Evening|Set2|Draw1|col6,T,combined,1,2,2,1,6,4,0,1,1,True,2,12,13,7
Michigan4,LS1,Evening,Set2,Draw1,6,col6,Evening|Set2|Draw1|col6,T,combined,1,2,2,1,6,5,0,1,1,True,2,12,13,7
Michigan4,LS1,Evening,Set2,Draw1,6,col6,Evening|Set2|Draw1|col6,T,combined,1,2,2,1,6,12,,0,0,False,2,12,13,7
Michigan4,LS1,Evening,Set2,Draw1,5,col5,Evening|Set2|Draw1|col5,A,own,1,2,2,1,5,0,59220866,8,6,False,2,7,29,6
Michigan4,LS1,Evening,Set2,Draw1,5,col5,Evening|Set2|Draw1|col5,A,own,1,2,2,1,5,1,59220,5,4,False,2,7,29,6
Michigan4,LS1,Evening,Set2,Draw1,5,col5,Evening|Set2|Draw1|col5,A,own,1,2,2,1,5,2,9220,4,3,True,2,7,29,6
Michigan4,LS1,Evening,Set2,Draw1,5,col5,Evening|Set2|Draw1|col5,A,own,1,2,2,1,5,3,90,2,2,True,2,7,29,6
Michigan4,LS1,Evening,Set2,Draw1,5,col5,Evening|Set2|Draw1|col5,A,own,1,2,2,1,5,4,90,2,2,True,2,7,29,6
Michigan4,LS1,Evening,Set2,Draw1,5,col5,Evening|Set2|Draw1|col5,A,own,1,2,2,1,5,7,0,1,1,True,2,7,29,6
Michigan4,LS1,Evening,Set2,Draw1,5,col5,Evening|Set2|Draw1|col5,A,combined,1,2,2,1,5,0,59220866,8,6,False,2,12,13,7
Michigan4,LS1,Evening,Set2,Draw1,5,col5,Evening|Set2|Draw1|col5,A,combined,1,2,2,1,5,1,59220,5,4,False,2,12,13,7
Michigan4,LS1,Evening,Set2,Draw1,5,col5,Evening|Set2|Draw1|col5,A,combined,1,2,2,1,5,2,5220,4,3,True,2,12,13,7
Michigan4,LS1,Evening,Set2,Draw1,5,col5,Evening|Set2|Draw1|col5,A,combined,1,2,2,1,5,3,220,3,2,True,2,12,13,7
Michigan4,LS1,Evening,Set2,Draw1,5,col5,Evening|Set2|Draw1|col5,A,combined,1,2,2,1,5,4,0,1,1,True,2,12,13,7
Michigan4,LS1,Evening,Set2,Draw1,5,col5,Evening|Set2|Draw1|col5,A,combined,1,2,2,1,5,5,0,1,1,True,2,12,13,7
Michigan4,LS1,Evening,Set2,Draw1,5,col5,Evening|Set2|Draw1|col5,A,combined,1,2,2,1,5,12,,0,0,False,2,12,13,7
Michigan4,LS1,Evening,Set2,Draw1,5,col5,Evening|Set2|Draw1|col5,B,own,1,2,2,1,5,0,59220866,8,6,False,2,3,4,4
Michigan4,LS1,Evening,Set2,Draw1,5,col5,Evening|Set2|Draw1|col5,B,own,1,2,2,1,5,1,59220,5,4,False,2,3,4,4
Michigan4,LS1,Evening,Set2,Draw1,5,col5,Evening|Set2|Draw1|col5,B,own,1,2,2,1,5,2,220,3,2,True,2,3,4,4
Michigan4,LS1,Evening,Set2,Draw1,5,col5,Evening|Set2|Draw1|col5,B,own,1,2,2,1,5,3,,0,0,False,2,3,4,4
Michigan4,LS1,Evening,Set2,Draw1,5,col5,Evening|Set2|Draw1|col5,B,combined,1,2,2,1,5,0,59220866,8,6,False,2,5,6,6
Michigan4,LS1,Evening,Set2,Draw1,5,col5,Evening|Set2|Draw1|col5,B,combined,1,2,2,1,5,1,59220,5,4,False,2,5,6,6
Michigan4,LS1,Evening,Set2,Draw1,5,col5,Evening|Set2|Draw1|col5,B,combined,1,2,2,1,5,2,5220,4,3,True,2,5,6,6
Michigan4,LS1,Evening,Set2,Draw1,5,col5,Evening|Set2|Draw1|col5,B,combined,1,2,2,1,5,3,220,3,2,True,2,5,6,6
Michigan4,LS1,Evening,Set2,Draw1,5,col5,Evening|Set2|Draw1|col5,B,combined,1,2,2,1,5,4,0,1,1,True,2,5,6,6
Michigan4,LS1,Evening,Set2,Draw1,5,col5,Evening|Set2|Draw1|col5,B,combined,1,2,2,1,5,5,,0,0,False,2,5,6,6
Michigan4,LS1,Evening,Set2,Draw1,5,col5,Evening|Set2|Draw1|col5,C,own,1,2,2,1,5,0,59220866,8,6,False,2,3,4,4
Michigan4,LS1,Evening,Set2,Draw1,5,col5,Evening|Set2|Draw1|col5,C,own,1,2,2,1,5,1,59220,5,4,False,2,3,4,4
Michigan4,LS1,Evening,Set2,Draw1,5,col5,Evening|Set2|Draw1|col5,C,own,1,2,2,1,5,2,22,2,1,True,2,3,4,4
Michigan4,LS1,Evening,Set2,Draw1,5,col5,Evening|Set2|Draw1|col5,C,own,1,2,2,1,5,3,,0,0,False,2,3,4,4
Michigan4,LS1,Evening,Set2,Draw1,5,col5,Evening|Set2|Draw1|col5,C,combined,1,2,2,1,5,0,59220866,8,6,False,2,4,5,5
Michigan4,LS1,Evening,Set2,Draw1,5,col5,Evening|Set2|Draw1|col5,C,combined,1,2,2,1,5,1,59220,5,4,False,2,4,5,5
Michigan4,LS1,Evening,Set2,Draw1,5,col5,Evening|Set2|Draw1|col5,C,combined,1,2,2,1,5,2,5220,4,3,True,2,4,5,5
Michigan4,LS1,Evening,Set2,Draw1,5,col5,Evening|Set2|Draw1|col5,C,combined,1,2,2,1,5,3,22,2,1,True,2,4,5,5
Michigan4,LS1,Evening,Set2,Draw1,5,col5,Evening|Set2|Draw1|col5,C,combined,1,2,2,1,5,4,,0,0,False,2,4,5,5
Michigan4,LS1,Evening,Set2,Draw1,5,col5,Evening|Set2|Draw1|col5,D,own,1,2,2,1,5,0,59220866,8,6,False,2,3,4,4
Michigan4,LS1,Evening,Set2,Draw1,5,col5,Evening|Set2|Draw1|col5,D,own,1,2,2,1,5,1,59220,5,4,False,2,3,4,4
Michigan4,LS1,Evening,Set2,Draw1,5,col5,Evening|Set2|Draw1|col5,D,own,1,2,2,1,5,2,22,2,1,True,2,3,4,4
Michigan4,LS1,Evening,Set2,Draw1,5,col5,Evening|Set2|Draw1|col5,D,own,1,2,2,1,5,3,,0,0,False,2,3,4,4
Michigan4,LS1,Evening,Set2,Draw1,5,col5,Evening|Set2|Draw1|col5,D,combined,1,2,2,1,5,0,59220866,8,6,False,2,4,5,5
Michigan4,LS1,Evening,Set2,Draw1,5,col5,Evening|Set2|Draw1|col5,D,combined,1,2,2,1,5,1,59220,5,4,False,2,4,5,5
Michigan4,LS1,Evening,Set2,Draw1,5,col5,Evening|Set2|Draw1|col5,D,combined,1,2,2,1,5,2,5220,4,3,True,2,4,5,5
Michigan4,LS1,Evening,Set2,Draw1,5,col5,Evening|Set2|Draw1|col5,D,combined,1,2,2,1,5,3,22,2,1,True,2,4,5,5
Michigan4,LS1,Evening,Set2,Draw1,5,col5,Evening|Set2|Draw1|col5,D,combined,1,2,2,1,5,4,,0,0,False,2,4,5,5
Michigan4,LS1,Evening,Set2,Draw1,5,col5,Evening|Set2|Draw1|col5,E,own,1,2,2,1,5,0,59220866,8,6,False,2,4,5,5
Michigan4,LS1,Evening,Set2,Draw1,5,col5,Evening|Set2|Draw1|col5,E,own,1,2,2,1,5,1,59220,5,4,False,2,4,5,5
Michigan4,LS1,Evening,Set2,Draw1,5,col5,Evening|Set2|Draw1|col5,E,own,1,2,2,1,5,2,220,3,2,True,2,4,5,5
Michigan4,LS1,Evening,Set2,Draw1,5,col5,Evening|Set2|Draw1|col5,E,own,1,2,2,1,5,3,2,1,1,True,2,4,5,5
Michigan4,LS1,Evening,Set2,Draw1,5,col5,Evening|Set2|Draw1|col5,E,own,1,2,2,1,5,4,,0,0,False,2,4,5,5
Michigan4,LS1,Evening,Set2,Draw1,5,col5,Evening|Set2|Draw1|col5,E,combined,1,2,2,1,5,0,59220866,8,6,False,2,5,6,6
Michigan4,LS1,Evening,Set2,Draw1,5,col5,Evening|Set2|Draw1|col5,E,combined,1,2,2,1,5,1,59220,5,4,False,2,5,6,6
Michigan4,LS1,Evening,Set2,Draw1,5,col5,Evening|Set2|Draw1|col5,E,combined,1,2,2,1,5,2,5220,4,3,True,2,5,6,6
Michigan4,LS1,Evening,Set2,Draw1,5,col5,Evening|Set2|Draw1|col5,E,combined,1,2,2,1,5,3,220,3,2,True,2,5,6,6
Michigan4,LS1,Evening,Set2,Draw1,5,col5,Evening|Set2|Draw1|col5,E,combined,1,2,2,1,5,4,20,2,2,True,2,5,6,6
Michigan4,LS1,Evening,Set2,Draw1,5,col5,Evening|Set2|Draw1|col5,E,combined,1,2,2,1,5,5,,0,0,False,2,5,6,6
Michigan4,LS1,Evening,Set2,Draw1,5,col5,Evening|Set2|Draw1|col5,T,own,1,2,2,1,5,0,59220866,8,6,False,2,3,29,4
Michigan4,LS1,Evening,Set2,Draw1,5,col5,Evening|Set2|Draw1|col5,T,own,1,2,2,1,5,1,59220,5,4,False,2,3,29,4
Michigan4,LS1,Evening,Set2,Draw1,5,col5,Evening|Set2|Draw1|col5,T,own,1,2,2,1,5,2,220,3,2,True,2,3,29,4
Michigan4,LS1,Evening,Set2,Draw1,5,col5,Evening|Set2|Draw1|col5,T,own,1,2,2,1,5,3,0,1,1,True,2,3,29,4
Michigan4,LS1,Evening,Set2,Draw1,5,col5,Evening|Set2|Draw1|col5,T,combined,1,2,2,1,5,0,59220866,8,6,False,2,12,13,7
Michigan4,LS1,Evening,Set2,Draw1,5,col5,Evening|Set2|Draw1|col5,T,combined,1,2,2,1,5,1,59220,5,4,False,2,12,13,7
Michigan4,LS1,Evening,Set2,Draw1,5,col5,Evening|Set2|Draw1|col5,T,combined,1,2,2,1,5,2,5220,4,3,True,2,12,13,7
Michigan4,LS1,Evening,Set2,Draw1,5,col5,Evening|Set2|Draw1|col5,T,combined,1,2,2,1,5,3,220,3,2,True,2,12,13,7
Michigan4,LS1,Evening,Set2,Draw1,5,col5,Evening|Set2|Draw1|col5,T,combined,1,2,2,1,5,4,0,1,1,True,2,12,13,7
Michigan4,LS1,Evening,Set2,Draw1,5,col5,Evening|Set2|Draw1|col5,T,combined,1,2,2,1,5,5,0,1,1,True,2,12,13,7
Michigan4,LS1,Evening,Set2,Draw1,5,col5,Evening|Set2|Draw1|col5,T,combined,1,2,2,1,5,12,,0,0,False,2,12,13,7
Michigan4,LS1,Evening,Set1,Draw1,7,col7,Evening|Set1|Draw1|col7,A,own,1,2,1,1,7,0,55922403866,11,8,False,3,7,29,7
Michigan4,LS1,Evening,Set1,Draw1,7,col7,Evening|Set1|Draw1|col7,A,own,1,2,1,1,7,1,55922403,8,6,False,3,7,29,7
Michigan4,LS1,Evening,Set1,Draw1,7,col7,Evening|Set1|Draw1|col7,A,own,1,2,1,1,7,2,92203,5,4,False,3,7,29,7
Michigan4,LS1,Evening,Set1,Draw1,7,col7,Evening|Set1|Draw1|col7,A,own,1,2,1,1,7,3,903,3,3,True,3,7,29,7
Michigan4,LS1,Evening,Set1,Draw1,7,col7,Evening|Set1|Draw1|col7,A,own,1,2,1,1,7,4,90,2,2,True,3,7,29,7
Michigan4,LS1,Evening,Set1,Draw1,7,col7,Evening|Set1|Draw1|col7,A,own,1,2,1,1,7,5,90,2,2,True,3,7,29,7
Michigan4,LS1,Evening,Set1,Draw1,7,col7,Evening|Set1|Draw1|col7,A,own,1,2,1,1,7,7,0,1,1,True,3,7,29,7
Michigan4,LS1,Evening,Set1,Draw1,7,col7,Evening|Set1|Draw1|col7,A,combined,1,2,1,1,7,0,55922403866,11,8,False,3,12,13,7
Michigan4,LS1,Evening,Set1,Draw1,7,col7,Evening|Set1|Draw1|col7,A,combined,1,2,1,1,7,1,55922403,8,6,False,3,12,13,7
Michigan4,LS1,Evening,Set1,Draw1,7,col7,Evening|Set1|Draw1|col7,A,combined,1,2,1,1,7,2,552203,6,4,False,3,12,13,7
Michigan4,LS1,Evening,Set1,Draw1,7,col7,Evening|Set1|Draw1|col7,A,combined,1,2,1,1,7,3,2203,4,3,True,3,12,13,7
Michigan4,LS1,Evening,Set1,Draw1,7,col7,Evening|Set1|Draw1|col7,A,combined,1,2,1,1,7,4,0,1,1,True,3,12,13,7
Michigan4,LS1,Evening,Set1,Draw1,7,col7,Evening|Set1|Draw1|col7,A,combined,1,2,1,1,7,5,0,1,1,True,3,12,13,7
Michigan4,LS1,Evening,Set1,Draw1,7,col7,Evening|Set1|Draw1|col7,A,combined,1,2,1,1,7,12,,0,0,False,3,12,13,7
Michigan4,LS1,Evening,Set1,Draw1,7,col7,Evening|Set1|Draw1|col7,B,own,1,2,1,1,7,0,55922403866,11,8,False,3,6,7,7
Michigan4,LS1,Evening,Set1,Draw1,7,col7,Evening|Set1|Draw1|col7,B,own,1,2,1,1,7,1,55922403,8,6,False,3,6,7,7
Michigan4,LS1,Evening,Set1,Draw1,7,col7,Evening|Set1|Draw1|col7,B,own,1,2,1,1,7,2,92203,5,4,False,3,6,7,7
Michigan4,LS1,Evening,Set1,Draw1,7,col7,Evening|Set1|Draw1|col7,B,own,1,2,1,1,7,3,93,2,2,True,3,6,7,7
Michigan4,LS1,Evening,Set1,Draw1,7,col7,Evening|Set1|Draw1|col7,B,own,1,2,1,1,7,4,9,1,1,True,3,6,7,7
Michigan4,LS1,Evening,Set1,Draw1,7,col7,Evening|Set1|Draw1|col7,B,own,1,2,1,1,7,5,9,1,1,True,3,6,7,7
Michigan4,LS1,Evening,Set1,Draw1,7,col7,Evening|Set1|Draw1|col7,B,own,1,2,1,1,7,6,,0,0,False,3,6,7,7
Michigan4,LS1,Evening,Set1,Draw1,7,col7,Evening|Set1|Draw1|col7,B,combined,1,2,1,1,7,0,55922403866,11,8,False,3,5,6,6
Michigan4,LS1,Evening,Set1,Draw1,7,col7,Evening|Set1|Draw1|col7,B,combined,1,2,1,1,7,1,55922403,8,6,False,3,5,6,6
Michigan4,LS1,Evening,Set1,Draw1,7,col7,Evening|Set1|Draw1|col7,B,combined,1,2,1,1,7,2,552203,6,4,False,3,5,6,6
Michigan4,LS1,Evening,Set1,Draw1,7,col7,Evening|Set1|Draw1|col7,B,combined,1,2,1,1,7,3,2203,4,3,True,3,5,6,6
Michigan4,LS1,Evening,Set1,Draw1,7,col7,Evening|Set1|Draw1|col7,B,combined,1,2,1,1,7,4,0,1,1,True,3,5,6,6
Michigan4,LS1,Evening,Set1,Draw1,7,col7,Evening|Set1|Draw1|col7,B,combined,1,2,1,1,7,5,,0,0,False,3,5,6,6
Michigan4,LS1,Evening,Set1,Draw1,7,col7,Evening|Set1|Draw1|col7,C,own,1,2,1,1,7,0,55922403866,11,8,False,2,3,4,4
Michigan4,LS1,Evening,Set1,Draw1,7,col7,Evening|Set1|Draw1|col7,C,own,1,2,1,1,7,1,5592240,7,5,False,2,3,4,4
Michigan4,LS1,Evening,Set1,Draw1,7,col7,Evening|Set1|Draw1|col7,C,own,1,2,1,1,7,2,22,2,1,True,2,3,4,4
Michigan4,LS1,Evening,Set1,Draw1,7,col7,Evening|Set1|Draw1|col7,C,own,1,2,1,1,7,3,,0,0,False,2,3,4,4
Michigan4,LS1,Evening,Set1,Draw1,7,col7,Evening|Set1|Draw1|col7,C,combined,1,2,1,1,7,0,55922403866,11,8,False,2,4,5,5
Michigan4,LS1,Evening,Set1,Draw1,7,col7,Evening|Set1|Draw1|col7,C,combined,1,2,1,1,7,1,5592240,7,5,False,2,4,5,5
Michigan4,LS1,Evening,Set1,Draw1,7,col7,Evening|Set1|Draw1|col7,C,combined,1,2,1,1,7,2,55220,5,3,True,2,4,5,5
Michigan4,LS1,Evening,Set1,Draw1,7,col7,Evening|Set1|Draw1|col7,C,combined,1,2,1,1,7,3,22,2,1,True,2,4,5,5
Michigan4,LS1,Evening,Set1,Draw1,7,col7,Evening|Set1|Draw1|col7,C,combined,1,2,1,1,7,4,,0,0,False,2,4,5,5
Michigan4,LS1,Evening,Set1,Draw1,7,col7,Evening|Set1|Draw1|col7,D,own,1,2,1,1,7,0,55922403866,11,8,False,2,3,4,4
Michigan4,LS1,Evening,Set1,Draw1,7,col7,Evening|Set1|Draw1|col7,D,own,1,2,1,1,7,1,5592240,7,5,False,2,3,4,4
Michigan4,LS1,Evening,Set1,Draw1,7,col7,Evening|Set1|Draw1|col7,D,own,1,2,1,1,7,2,22,2,1,True,2,3,4,4
Michigan4,LS1,Evening,Set1,Draw1,7,col7,Evening|Set1|Draw1|col7,D,own,1,2,1,1,7,3,,0,0,False,2,3,4,4
Michigan4,LS1,Evening,Set1,Draw1,7,col7,Evening|Set1|Draw1|col7,D,combined,1,2,1,1,7,0,55922403866,11,8,False,2,4,5,5
Michigan4,LS1,Evening,Set1,Draw1,7,col7,Evening|Set1|Draw1|col7,D,combined,1,2,1,1,7,1,5592240,7,5,False,2,4,5,5
Michigan4,LS1,Evening,Set1,Draw1,7,col7,Evening|Set1|Draw1|col7,D,combined,1,2,1,1,7,2,55220,5,3,True,2,4,5,5
Michigan4,LS1,Evening,Set1,Draw1,7,col7,Evening|Set1|Draw1|col7,D,combined,1,2,1,1,7,3,22,2,1,True,2,4,5,5
Michigan4,LS1,Evening,Set1,Draw1,7,col7,Evening|Set1|Draw1|col7,D,combined,1,2,1,1,7,4,,0,0,False,2,4,5,5
Michigan4,LS1,Evening,Set1,Draw1,7,col7,Evening|Set1|Draw1|col7,E,own,1,2,1,1,7,0,55922403866,11,8,False,3,6,7,7
Michigan4,LS1,Evening,Set1,Draw1,7,col7,Evening|Set1|Draw1|col7,E,own,1,2,1,1,7,1,55922403,8,6,False,3,6,7,7
Michigan4,LS1,Evening,Set1,Draw1,7,col7,Evening|Set1|Draw1|col7,E,own,1,2,1,1,7,2,592203,6,5,False,3,6,7,7
Michigan4,LS1,Evening,Set1,Draw1,7,col7,Evening|Set1|Draw1|col7,E,own,1,2,1,1,7,3,923,3,3,True,3,6,7,7
Michigan4,LS1,Evening,Set1,Draw1,7,col7,Evening|Set1|Draw1|col7,E,own,1,2,1,1,7,4,9,1,1,True,3,6,7,7
Michigan4,LS1,Evening,Set1,Draw1,7,col7,Evening|Set1|Draw1|col7,E,own,1,2,1,1,7,5,9,1,1,True,3,6,7,7
Michigan4,LS1,Evening,Set1,Draw1,7,col7,Evening|Set1|Draw1|col7,E,own,1,2,1,1,7,6,,0,0,False,3,6,7,7
Michigan4,LS1,Evening,Set1,Draw1,7,col7,Evening|Set1|Draw1|col7,E,combined,1,2,1,1,7,0,55922403866,11,8,False,4,5,6,6
Michigan4,LS1,Evening,Set1,Draw1,7,col7,Evening|Set1|Draw1|col7,E,combined,1,2,1,1,7,1,55922403,8,6,False,4,5,6,6
Michigan4,LS1,Evening,Set1,Draw1,7,col7,Evening|Set1|Draw1|col7,E,combined,1,2,1,1,7,2,552203,6,4,False,4,5,6,6
Michigan4,LS1,Evening,Set1,Draw1,7,col7,Evening|Set1|Draw1|col7,E,combined,1,2,1,1,7,3,52203,5,4,False,4,5,6,6
Michigan4,LS1,Evening,Set1,Draw1,7,col7,Evening|Set1|Draw1|col7,E,combined,1,2,1,1,7,4,520,3,3,True,4,5,6,6
Michigan4,LS1,Evening,Set1,Draw1,7,col7,Evening|Set1|Draw1|col7,E,combined,1,2,1,1,7,5,,0,0,False,4,5,6,6
Michigan4,LS1,Evening,Set1,Draw1,7,col7,Evening|Set1|Draw1|col7,T,own,1,2,1,1,7,0,55922403866,11,8,False,2,3,29,4
Michigan4,LS1,Evening,Set1,Draw1,7,col7,Evening|Set1|Draw1|col7,T,own,1,2,1,1,7,1,5592240,7,5,False,2,3,29,4
Michigan4,LS1,Evening,Set1,Draw1,7,col7,Evening|Set1|Draw1|col7,T,own,1,2,1,1,7,2,220,3,2,True,2,3,29,4
Michigan4,LS1,Evening,Set1,Draw1,7,col7,Evening|Set1|Draw1|col7,T,own,1,2,1,1,7,3,0,1,1,True,2,3,29,4
Michigan4,LS1,Evening,Set1,Draw1,7,col7,Evening|Set1|Draw1|col7,T,combined,1,2,1,1,7,0,55922403866,11,8,False,2,12,13,7
Michigan4,LS1,Evening,Set1,Draw1,7,col7,Evening|Set1|Draw1|col7,T,combined,1,2,1,1,7,1,5592240,7,5,False,2,12,13,7
Michigan4,LS1,Evening,Set1,Draw1,7,col7,Evening|Set1|Draw1|col7,T,combined,1,2,1,1,7,2,55220,5,3,True,2,12,13,7
Michigan4,LS1,Evening,Set1,Draw1,7,col7,Evening|Set1|Draw1|col7,T,combined,1,2,1,1,7,3,220,3,2,True,2,12,13,7
Michigan4,LS1,Evening,Set1,Draw1,7,col7,Evening|Set1|Draw1|col7,T,combined,1,2,1,1,7,4,0,1,1,True,2,12,13,7
Michigan4,LS1,Evening,Set1,Draw1,7,col7,Evening|Set1|Draw1|col7,T,combined,1,2,1,1,7,5,0,1,1,True,2,12,13,7
Michigan4,LS1,Evening,Set1,Draw1,7,col7,Evening|Set1|Draw1|col7,T,combined,1,2,1,1,7,12,,0,0,False,2,12,13,7
Michigan4,LS1,Evening,Set1,Draw1,6,col6,Evening|Set1|Draw1|col6,A,own,1,2,1,1,6,0,592203866,9,7,False,3,7,29,7
Michigan4,LS1,Evening,Set1,Draw1,6,col6,Evening|Set1|Draw1|col6,A,own,1,2,1,1,6,1,592203,6,5,False,3,7,29,7
Michigan4,LS1,Evening,Set1,Draw1,6,col6,Evening|Set1|Draw1|col6,A,own,1,2,1,1,6,2,92203,5,4,False,3,7,29,7
Michigan4,LS1,Evening,Set1,Draw1,6,col6,Evening|Set1|Draw1|col6,A,own,1,2,1,1,6,3,903,3,3,True,3,7,29,7
Michigan4,LS1,Evening,Set1,Draw1,6,col6,Evening|Set1|Draw1|col6,A,own,1,2,1,1,6,4,90,2,2,True,3,7,29,7
Michigan4,LS1,Evening,Set1,Draw1,6,col6,Evening|Set1|Draw1|col6,A,own,1,2,1,1,6,5,90,2,2,True,3,7,29,7
Michigan4,LS1,Evening,Set1,Draw1,6,col6,Evening|Set1|Draw1|col6,A,own,1,2,1,1,6,7,0,1,1,True,3,7,29,7
Michigan4,LS1,Evening,Set1,Draw1,6,col6,Evening|Set1|Draw1|col6,A,combined,1,2,1,1,6,0,592203866,9,7,False,3,12,13,7
Michigan4,LS1,Evening,Set1,Draw1,6,col6,Evening|Set1|Draw1|col6,A,combined,1,2,1,1,6,1,592203,6,5,False,3,12,13,7
Michigan4,LS1,Evening,Set1,Draw1,6,col6,Evening|Set1|Draw1|col6,A,combined,1,2,1,1,6,2,52203,5,4,False,3,12,13,7
Michigan4,LS1,Evening,Set1,Draw1,6,col6,Evening|Set1|Draw1|col6,A,combined,1,2,1,1,6,3,2203,4,3,True,3,12,13,7
Michigan4,LS1,Evening,Set1,Draw1,6,col6,Evening|Set1|Draw1|col6,A,combined,1,2,1,1,6,4,0,1,1,True,3,12,13,7
Michigan4,LS1,Evening,Set1,Draw1,6,col6,Evening|Set1|Draw1|col6,A,combined,1,2,1,1,6,5,0,1,1,True,3,12,13,7
Michigan4,LS1,Evening,Set1,Draw1,6,col6,Evening|Set1|Draw1|col6,A,combined,1,2,1,1,6,12,,0,0,False,3,12,13,7
Michigan4,LS1,Evening,Set1,Draw1,6,col6,Evening|Set1|Draw1|col6,B,own,1,2,1,1,6,0,592203866,9,7,False,2,4,5,5
Michigan4,LS1,Evening,Set1,Draw1,6,col6,Evening|Set1|Draw1|col6,B,own,1,2,1,1,6,1,592203,6,5,False,2,4,5,5
Michigan4,LS1,Evening,Set1,Draw1,6,col6,Evening|Set1|Draw1|col6,B,own,1,2,1,1,6,2,2203,4,3,True,2,4,5,5
Michigan4,LS1,Evening,Set1,Draw1,6,col6,Evening|Set1|Draw1|col6,B,own,1,2,1,1,6,3,3,1,1,True,2,4,5,5
Michigan4,LS1,Evening,Set1,Draw1,6,col6,Evening|Set1|Draw1|col6,B,own,1,2,1,1,6,4,,0,0,False,2,4,5,5
Michigan4,LS1,Evening,Set1,Draw1,6,col6,Evening|Set1|Draw1|col6,B,combined,1,2,1,1,6,0,592203866,9,7,False,3,5,6,6
Michigan4,LS1,Evening,Set1,Draw1,6,col6,Evening|Set1|Draw1|col6,B,combined,1,2,1,1,6,1,592203,6,5,False,3,5,6,6
Michigan4,LS1,Evening,Set1,Draw1,6,col6,Evening|Set1|Draw1|col6,B,combined,1,2,1,1,6,2,52203,5,4,False,3,5,6,6
Michigan4,LS1,Evening,Set1,Draw1,6,col6,Evening|Set1|Draw1|col6,B,combined,1,2,1,1,6,3,2203,4,3,True,3,5,6,6
Michigan4,LS1,Evening,Set1,Draw1,6,col6,Evening|Set1|Draw1|col6,B,combined,1,2,1,1,6,4,0,1,1,True,3,5,6,6
Michigan4,LS1,Evening,Set1,Draw1,6,col6,Evening|Set1|Draw1|col6,B,combined,1,2,1,1,6,5,,0,0,False,3,5,6,6
Michigan4,LS1,Evening,Set1,Draw1,6,col6,Evening|Set1|Draw1|col6,C,own,1,2,1,1,6,0,592203866,9,7,False,2,3,4,4
Michigan4,LS1,Evening,Set1,Draw1,6,col6,Evening|Set1|Draw1|col6,C,own,1,2,1,1,6,1,59220,5,4,False,2,3,4,4
Michigan4,LS1,Evening,Set1,Draw1,6,col6,Evening|Set1|Draw1|col6,C,own,1,2,1,1,6,2,22,2,1,True,2,3,4,4
Michigan4,LS1,Evening,Set1,Draw1,6,col6,Evening|Set1|Draw1|col6,C,own,1,2,1,1,6,3,,0,0,False,2,3,4,4
Michigan4,LS1,Evening,Set1,Draw1,6,col6,Evening|Set1|Draw1|col6,C,combined,1,2,1,1,6,0,592203866,9,7,False,2,4,5,5
Michigan4,LS1,Evening,Set1,Draw1,6,col6,Evening|Set1|Draw1|col6,C,combined,1,2,1,1,6,1,59220,5,4,False,2,4,5,5
Michigan4,LS1,Evening,Set1,Draw1,6,col6,Evening|Set1|Draw1|col6,C,combined,1,2,1,1,6,2,5220,4,3,True,2,4,5,5
Michigan4,LS1,Evening,Set1,Draw1,6,col6,Evening|Set1|Draw1|col6,C,combined,1,2,1,1,6,3,22,2,1,True,2,4,5,5
Michigan4,LS1,Evening,Set1,Draw1,6,col6,Evening|Set1|Draw1|col6,C,combined,1,2,1,1,6,4,,0,0,False,2,4,5,5
Michigan4,LS1,Evening,Set1,Draw1,6,col6,Evening|Set1|Draw1|col6,D,own,1,2,1,1,6,0,592203866,9,7,False,2,3,4,4
Michigan4,LS1,Evening,Set1,Draw1,6,col6,Evening|Set1|Draw1|col6,D,own,1,2,1,1,6,1,59220,5,4,False,2,3,4,4
Michigan4,LS1,Evening,Set1,Draw1,6,col6,Evening|Set1|Draw1|col6,D,own,1,2,1,1,6,2,22,2,1,True,2,3,4,4
Michigan4,LS1,Evening,Set1,Draw1,6,col6,Evening|Set1|Draw1|col6,D,own,1,2,1,1,6,3,,0,0,False,2,3,4,4
Michigan4,LS1,Evening,Set1,Draw1,6,col6,Evening|Set1|Draw1|col6,D,combined,1,2,1,1,6,0,592203866,9,7,False,2,4,5,5
Michigan4,LS1,Evening,Set1,Draw1,6,col6,Evening|Set1|Draw1|col6,D,combined,1,2,1,1,6,1,59220,5,4,False,2,4,5,5
Michigan4,LS1,Evening,Set1,Draw1,6,col6,Evening|Set1|Draw1|col6,D,combined,1,2,1,1,6,2,5220,4,3,True,2,4,5,5
Michigan4,LS1,Evening,Set1,Draw1,6,col6,Evening|Set1|Draw1|col6,D,combined,1,2,1,1,6,3,22,2,1,True,2,4,5,5
Michigan4,LS1,Evening,Set1,Draw1,6,col6,Evening|Set1|Draw1|col6,D,combined,1,2,1,1,6,4,,0,0,False,2,4,5,5
Michigan4,LS1,Evening,Set1,Draw1,6,col6,Evening|Set1|Draw1|col6,E,own,1,2,1,1,6,0,592203866,9,7,False,2,4,5,5
Michigan4,LS1,Evening,Set1,Draw1,6,col6,Evening|Set1|Draw1|col6,E,own,1,2,1,1,6,1,592203,6,5,False,2,4,5,5
Michigan4,LS1,Evening,Set1,Draw1,6,col6,Evening|Set1|Draw1|col6,E,own,1,2,1,1,6,2,2203,4,3,True,2,4,5,5
Michigan4,LS1,Evening,Set1,Draw1,6,col6,Evening|Set1|Draw1|col6,E,own,1,2,1,1,6,3,23,2,2,True,2,4,5,5
Michigan4,LS1,Evening,Set1,Draw1,6,col6,Evening|Set1|Draw1|col6,E,own,1,2,1,1,6,4,,0,0,False,2,4,5,5
Michigan4,LS1,Evening,Set1,Draw1,6,col6,Evening|Set1|Draw1|col6,E,combined,1,2,1,1,6,0,592203866,9,7,False,3,5,6,6
Michigan4,LS1,Evening,Set1,Draw1,6,col6,Evening|Set1|Draw1|col6,E,combined,1,2,1,1,6,1,592203,6,5,False,3,5,6,6
Michigan4,LS1,Evening,Set1,Draw1,6,col6,Evening|Set1|Draw1|col6,E,combined,1,2,1,1,6,2,52203,5,4,False,3,5,6,6
Michigan4,LS1,Evening,Set1,Draw1,6,col6,Evening|Set1|Draw1|col6,E,combined,1,2,1,1,6,3,2203,4,3,True,3,5,6,6
Michigan4,LS1,Evening,Set1,Draw1,6,col6,Evening|Set1|Draw1|col6,E,combined,1,2,1,1,6,4,20,2,2,True,3,5,6,6
Michigan4,LS1,Evening,Set1,Draw1,6,col6,Evening|Set1|Draw1|col6,E,combined,1,2,1,1,6,5,,0,0,False,3,5,6,6
Michigan4,LS1,Evening,Set1,Draw1,6,col6,Evening|Set1|Draw1|col6,T,own,1,2,1,1,6,0,592203866,9,7,False,2,3,29,4
Michigan4,LS1,Evening,Set1,Draw1,6,col6,Evening|Set1|Draw1|col6,T,own,1,2,1,1,6,1,59220,5,4,False,2,3,29,4
Michigan4,LS1,Evening,Set1,Draw1,6,col6,Evening|Set1|Draw1|col6,T,own,1,2,1,1,6,2,220,3,2,True,2,3,29,4
Michigan4,LS1,Evening,Set1,Draw1,6,col6,Evening|Set1|Draw1|col6,T,own,1,2,1,1,6,3,0,1,1,True,2,3,29,4
Michigan4,LS1,Evening,Set1,Draw1,6,col6,Evening|Set1|Draw1|col6,T,combined,1,2,1,1,6,0,592203866,9,7,False,2,12,13,7
Michigan4,LS1,Evening,Set1,Draw1,6,col6,Evening|Set1|Draw1|col6,T,combined,1,2,1,1,6,1,59220,5,4,False,2,12,13,7
Michigan4,LS1,Evening,Set1,Draw1,6,col6,Evening|Set1|Draw1|col6,T,combined,1,2,1,1,6,2,5220,4,3,True,2,12,13,7
Michigan4,LS1,Evening,Set1,Draw1,6,col6,Evening|Set1|Draw1|col6,T,combined,1,2,1,1,6,3,220,3,2,True,2,12,13,7
Michigan4,LS1,Evening,Set1,Draw1,6,col6,Evening|Set1|Draw1|col6,T,combined,1,2,1,1,6,4,0,1,1,True,2,12,13,7
Michigan4,LS1,Evening,Set1,Draw1,6,col6,Evening|Set1|Draw1|col6,T,combined,1,2,1,1,6,5,0,1,1,True,2,12,13,7
Michigan4,LS1,Evening,Set1,Draw1,6,col6,Evening|Set1|Draw1|col6,T,combined,1,2,1,1,6,12,,0,0,False,2,12,13,7
Michigan4,LS1,Evening,Set1,Draw1,5,col5,Evening|Set1|Draw1|col5,A,own,1,2,1,1,5,0,922036*,7,6,False,4,7,29,7
Michigan4,LS1,Evening,Set1,Draw1,5,col5,Evening|Set1|Draw1|col5,A,own,1,2,1,1,5,1,92203*,6,5,False,4,7,29,7
Michigan4,LS1,Evening,Set1,Draw1,5,col5,Evening|Set1|Draw1|col5,A,own,1,2,1,1,5,2,92203*,6,5,False,4,7,29,7
Michigan4,LS1,Evening,Set1,Draw1,5,col5,Evening|Set1|Draw1|col5,A,own,1,2,1,1,5,3,903*,4,4,False,4,7,29,7
Michigan4,LS1,Evening,Set1,Draw1,5,col5,Evening|Set1|Draw1|col5,A,own,1,2,1,1,5,4,90*,3,3,True,4,7,29,7
Michigan4,LS1,Evening,Set1,Draw1,5,col5,Evening|Set1|Draw1|col5,A,own,1,2,1,1,5,5,90*,3,3,True,4,7,29,7
Michigan4,LS1,Evening,Set1,Draw1,5,col5,Evening|Set1|Draw1|col5,A,own,1,2,1,1,5,7,0*,2,2,True,4,7,29,7
Michigan4,LS1,Evening,Set1,Draw1,5,col5,Evening|Set1|Draw1|col5,A,combined,1,2,1,1,5,0,922036*,7,6,False,4,12,57,7
Michigan4,LS1,Evening,Set1,Draw1,5,col5,Evening|Set1|Draw1|col5,A,combined,1,2,1,1,5,1,92203*,6,5,False,4,12,57,7
Michigan4,LS1,Evening,Set1,Draw1,5,col5,Evening|Set1|Draw1|col5,A,combined,1,2,1,1,5,2,2203*,5,4,False,4,12,57,7
Michigan4,LS1,Evening,Set1,Draw1,5,col5,Evening|Set1|Draw1|col5,A,combined,1,2,1,1,5,3,2203*,5,4,False,4,12,57,7
Michigan4,LS1,Evening,Set1,Draw1,5,col5,Evening|Set1|Draw1|col5,A,combined,1,2,1,1,5,4,0*,2,2,True,4,12,57,7
Michigan4,LS1,Evening,Set1,Draw1,5,col5,Evening|Set1|Draw1|col5,A,combined,1,2,1,1,5,5,0*,2,2,True,4,12,57,7
Michigan4,LS1,Evening,Set1,Draw1,5,col5,Evening|Set1|Draw1|col5,A,combined,1,2,1,1,5,12,*,1,1,True,4,12,57,7
Michigan4,LS1,Evening,Set1,Draw1,5,col5,Evening|Set1|Draw1|col5,B,own,1,2,1,1,5,0,922036*,7,6,False,2,3,29,4
Michigan4,LS1,Evening,Set1,Draw1,5,col5,Evening|Set1|Draw1|col5,B,own,1,2,1,1,5,1,9220*,5,4,False,2,3,29,4
Michigan4,LS1,Evening,Set1,Draw1,5,col5,Evening|Set1|Draw1|col5,B,own,1,2,1,1,5,2,22*,3,2,True,2,3,29,4
Michigan4,LS1,Evening,Set1,Draw1,5,col5,Evening|Set1|Draw1|col5,B,own,1,2,1,1,5,3,*,1,1,True,2,3,29,4
Michigan4,LS1,Evening,Set1,Draw1,5,col5,Evening|Set1|Draw1|col5,B,combined,1,2,1,1,5,0,922036*,7,6,False,2,4,57,5
Michigan4,LS1,Evening,Set1,Draw1,5,col5,Evening|Set1|Draw1|col5,B,combined,1,2,1,1,5,1,9220*,5,4,False,2,4,57,5
Michigan4,LS1,Evening,Set1,Draw1,5,col5,Evening|Set1|Draw1|col5,B,combined,1,2,1,1,5,2,220*,4,3,True,2,4,57,5
Michigan4,LS1,Evening,Set1,Draw1,5,col5,Evening|Set1|Draw1|col5,B,combined,1,2,1,1,5,3,22*,3,2,True,2,4,57,5
Michigan4,LS1,Evening,Set1,Draw1,5,col5,Evening|Set1|Draw1|col5,B,combined,1,2,1,1,5,4,*,1,1,True,2,4,57,5
Michigan4,LS1,Evening,Set1,Draw1,5,col5,Evening|Set1|Draw1|col5,C,own,1,2,1,1,5,0,922036*,7,6,False,2,3,29,4
Michigan4,LS1,Evening,Set1,Draw1,5,col5,Evening|Set1|Draw1|col5,C,own,1,2,1,1,5,1,9220*,5,4,False,2,3,29,4
Michigan4,LS1,Evening,Set1,Draw1,5,col5,Evening|Set1|Draw1|col5,C,own,1,2,1,1,5,2,22*,3,2,True,2,3,29,4
Michigan4,LS1,Evening,Set1,Draw1,5,col5,Evening|Set1|Draw1|col5,C,own,1,2,1,1,5,3,*,1,1,True,2,3,29,4
Michigan4,LS1,Evening,Set1,Draw1,5,col5,Evening|Set1|Draw1|col5,C,combined,1,2,1,1,5,0,922036*,7,6,False,2,4,57,5
Michigan4,LS1,Evening,Set1,Draw1,5,col5,Evening|Set1|Draw1|col5,C,combined,1,2,1,1,5,1,9220*,5,4,False,2,4,57,5
Michigan4,LS1,Evening,Set1,Draw1,5,col5,Evening|Set1|Draw1|col5,C,combined,1,2,1,1,5,2,220*,4,3,True,2,4,57,5
Michigan4,LS1,Evening,Set1,Draw1,5,col5,Evening|Set1|Draw1|col5,C,combined,1,2,1,1,5,3,22*,3,2,True,2,4,57,5
Michigan4,LS1,Evening,Set1,Draw1,5,col5,Evening|Set1|Draw1|col5,C,combined,1,2,1,1,5,4,*,1,1,True,2,4,57,5
Michigan4,LS1,Evening,Set1,Draw1,5,col5,Evening|Set1|Draw1|col5,D,own,1,2,1,1,5,0,922036*,7,6,False,2,3,29,4
Michigan4,LS1,Evening,Set1,Draw1,5,col5,Evening|Set1|Draw1|col5,D,own,1,2,1,1,5,1,9220*,5,4,False,2,3,29,4
Michigan4,LS1,Evening,Set1,Draw1,5,col5,Evening|Set1|Draw1|col5,D,own,1,2,1,1,5,2,22*,3,2,True,2,3,29,4
Michigan4,LS1,Evening,Set1,Draw1,5,col5,Evening|Set1|Draw1|col5,D,own,1,2,1,1,5,3,*,1,1,True,2,3,29,4
Michigan4,LS1,Evening,Set1,Draw1,5,col5,Evening|Set1|Draw1|col5,D,combined,1,2,1,1,5,0,922036*,7,6,False,2,4,57,5
Michigan4,LS1,Evening,Set1,Draw1,5,col5,Evening|Set1|Draw1|col5,D,combined,1,2,1,1,5,1,9220*,5,4,False,2,4,57,5
Michigan4,LS1,Evening,Set1,Draw1,5,col5,Evening|Set1|Draw1|col5,D,combined,1,2,1,1,5,2,220*,4,3,True,2,4,57,5
Michigan4,LS1,Evening,Set1,Draw1,5,col5,Evening|Set1|Draw1|col5,D,combined,1,2,1,1,5,3,22*,3,2,True,2,4,57,5
Michigan4,LS1,Evening,Set1,Draw1,5,col5,Evening|Set1|Draw1|col5,D,combined,1,2,1,1,5,4,*,1,1,True,2,4,57,5
Michigan4,LS1,Evening,Set1,Draw1,5,col5,Evening|Set1|Draw1|col5,E,own,1,2,1,1,5,0,922036*,7,6,False,2,4,29,5
Michigan4,LS1,Evening,Set1,Draw1,5,col5,Evening|Set1|Draw1|col5,E,own,1,2,1,1,5,1,9220*,5,4,False,2,4,29,5
Michigan4,LS1,Evening,Set1,Draw1,5,col5,Evening|Set1|Draw1|col5,E,own,1,2,1,1,5,2,22*,3,2,True,2,4,29,5
Michigan4,LS1,Evening,Set1,Draw1,5,col5,Evening|Set1|Draw1|col5,E,own,1,2,1,1,5,3,2*,2,2,True,2,4,29,5
Michigan4,LS1,Evening,Set1,Draw1,5,col5,Evening|Set1|Draw1|col5,E,own,1,2,1,1,5,4,*,1,1,True,2,4,29,5
Michigan4,LS1,Evening,Set1,Draw1,5,col5,Evening|Set1|Draw1|col5,E,combined,1,2,1,1,5,0,922036*,7,6,False,2,5,57,6
Michigan4,LS1,Evening,Set1,Draw1,5,col5,Evening|Set1|Draw1|col5,E,combined,1,2,1,1,5,1,9220*,5,4,False,2,5,57,6
Michigan4,LS1,Evening,Set1,Draw1,5,col5,Evening|Set1|Draw1|col5,E,combined,1,2,1,1,5,2,220*,4,3,True,2,5,57,6
Michigan4,LS1,Evening,Set1,Draw1,5,col5,Evening|Set1|Draw1|col5,E,combined,1,2,1,1,5,3,22*,3,2,True,2,5,57,6
Michigan4,LS1,Evening,Set1,Draw1,5,col5,Evening|Set1|Draw1|col5,E,combined,1,2,1,1,5,4,2*,2,2,True,2,5,57,6
Michigan4,LS1,Evening,Set1,Draw1,5,col5,Evening|Set1|Draw1|col5,E,combined,1,2,1,1,5,5,*,1,1,True,2,5,57,6
Michigan4,LS1,Evening,Set1,Draw1,5,col5,Evening|Set1|Draw1|col5,T,own,1,2,1,1,5,0,922036*,7,6,False,2,3,29,4
Michigan4,LS1,Evening,Set1,Draw1,5,col5,Evening|Set1|Draw1|col5,T,own,1,2,1,1,5,1,9220*,5,4,False,2,3,29,4
Michigan4,LS1,Evening,Set1,Draw1,5,col5,Evening|Set1|Draw1|col5,T,own,1,2,1,1,5,2,22*,3,2,True,2,3,29,4
Michigan4,LS1,Evening,Set1,Draw1,5,col5,Evening|Set1|Draw1|col5,T,own,1,2,1,1,5,3,*,1,1,True,2,3,29,4
Michigan4,LS1,Evening,Set1,Draw1,5,col5,Evening|Set1|Draw1|col5,T,combined,1,2,1,1,5,0,922036*,7,6,False,2,4,57,5
Michigan4,LS1,Evening,Set1,Draw1,5,col5,Evening|Set1|Draw1|col5,T,combined,1,2,1,1,5,1,9220*,5,4,False,2,4,57,5
Michigan4,LS1,Evening,Set1,Draw1,5,col5,Evening|Set1|Draw1|col5,T,combined,1,2,1,1,5,2,220*,4,3,True,2,4,57,5
Michigan4,LS1,Evening,Set1,Draw1,5,col5,Evening|Set1|Draw1|col5,T,combined,1,2,1,1,5,3,22*,3,2,True,2,4,57,5
Michigan4,LS1,Evening,Set1,Draw1,5,col5,Evening|Set1|Draw1|col5,T,combined,1,2,1,1,5,4,*,1,1,True,2,4,57,5
Michigan4,LS1,Combined,Set3,Draw1,7,col7,Combined|Set3|Draw1|col7,A,own,1,3,3,1,7,0,922400133877,12,8,False,4,7,29,7
Michigan4,LS1,Combined,Set3,Draw1,7,col7,Combined|Set3|Draw1|col7,A,own,1,3,3,1,7,1,9224003377,10,6,False,4,7,29,7
Michigan4,LS1,Combined,Set3,Draw1,7,col7,Combined|Set3|Draw1|col7,A,own,1,3,3,1,7,2,22003377,8,4,False,4,7,29,7
Michigan4,LS1,Combined,Set3,Draw1,7,col7,Combined|Set3|Draw1|col7,A,own,1,3,3,1,7,3,22003377,8,4,False,4,7,29,7
Michigan4,LS1,Combined,Set3,Draw1,7,col7,Combined|Set3|Draw1|col7,A,own,1,3,3,1,7,4,0077,4,2,True,4,7,29,7
Michigan4,LS1,Combined,Set3,Draw1,7,col7,Combined|Set3|Draw1|col7,A,own,1,3,3,1,7,5,0077,4,2,True,4,7,29,7
Michigan4,LS1,Combined,Set3,Draw1,7,col7,Combined|Set3|Draw1|col7,A,own,1,3,3,1,7,7,00,2,1,True,4,7,29,7
Michigan4,LS1,Combined,Set3,Draw1,7,col7,Combined|Set3|Draw1|col7,A,combined,1,3,3,1,7,0,922400133877,12,8,False,7,13,57,10
Michigan4,LS1,Combined,Set3,Draw1,7,col7,Combined|Set3|Draw1|col7,A,combined,1,3,3,1,7,1,9224003377,10,6,False,7,13,57,10
Michigan4,LS1,Combined,Set3,Draw1,7,col7,Combined|Set3|Draw1|col7,A,combined,1,3,3,1,7,2,9224003377,10,6,False,7,13,57,10
Michigan4,LS1,Combined,Set3,Draw1,7,col7,Combined|Set3|Draw1|col7,A,combined,1,3,3,1,7,3,22003377,8,4,False,7,13,57,10
Michigan4,LS1,Combined,Set3,Draw1,7,col7,Combined|Set3|Draw1|col7,A,combined,1,3,3,1,7,4,22003377,8,4,False,7,13,57,10
Michigan4,LS1,Combined,Set3,Draw1,7,col7,Combined|Set3|Draw1|col7,A,combined,1,3,3,1,7,5,22003377,8,4,False,7,13,57,10
Michigan4,LS1,Combined,Set3,Draw1,7,col7,Combined|Set3|Draw1|col7,A,combined,1,3,3,1,7,6,22003377,8,4,False,7,13,57,10
Michigan4,LS1,Combined,Set3,Draw1,7,col7,Combined|Set3|Draw1|col7,A,combined,1,3,3,1,7,7,0077,4,2,True,7,13,57,10
Michigan4,LS1,Combined,Set3,Draw1,7,col7,Combined|Set3|Draw1|col7,A,combined,1,3,3,1,7,8,0077,4,2,True,7,13,57,10
Michigan4,LS1,Combined,Set3,Draw1,7,col7,Combined|Set3|Draw1|col7,A,combined,1,3,3,1,7,13,00,2,1,True,7,13,57,10
Michigan4,LS1,Combined,Set3,Draw1,7,col7,Combined|Set3|Draw1|col7,B,own,1,3,3,1,7,0,922400133877,12,8,False,3,5,6,6
Michigan4,LS1,Combined,Set3,Draw1,7,col7,Combined|Set3|Draw1|col7,B,own,1,3,3,1,7,1,9224003377,10,6,False,3,5,6,6
Michigan4,LS1,Combined,Set3,Draw1,7,col7,Combined|Set3|Draw1|col7,B,own,1,3,3,1,7,2,22003377,8,4,False,3,5,6,6
Michigan4,LS1,Combined,Set3,Draw1,7,col7,Combined|Set3|Draw1|col7,B,own,1,3,3,1,7,3,223377,6,3,True,3,5,6,6
Michigan4,LS1,Combined,Set3,Draw1,7,col7,Combined|Set3|Draw1|col7,B,own,1,3,3,1,7,4,77,2,1,True,3,5,6,6
Michigan4,LS1,Combined,Set3,Draw1,7,col7,Combined|Set3|Draw1|col7,B,own,1,3,3,1,7,5,,0,0,False,3,5,6,6
Michigan4,LS1,Combined,Set3,Draw1,7,col7,Combined|Set3|Draw1|col7,B,combined,1,3,3,1,7,0,922400133877,12,8,False,3,8,9,9
Michigan4,LS1,Combined,Set3,Draw1,7,col7,Combined|Set3|Draw1|col7,B,combined,1,3,3,1,7,1,9224003377,10,6,False,3,8,9,9
Michigan4,LS1,Combined,Set3,Draw1,7,col7,Combined|Set3|Draw1|col7,B,combined,1,3,3,1,7,2,92240077,8,5,False,3,8,9,9
Michigan4,LS1,Combined,Set3,Draw1,7,col7,Combined|Set3|Draw1|col7,B,combined,1,3,3,1,7,3,220077,6,3,True,3,8,9,9
Michigan4,LS1,Combined,Set3,Draw1,7,col7,Combined|Set3|Draw1|col7,B,combined,1,3,3,1,7,4,220077,6,3,True,3,8,9,9
Michigan4,LS1,Combined,Set3,Draw1,7,col7,Combined|Set3|Draw1|col7,B,combined,1,3,3,1,7,5,2277,4,2,True,3,8,9,9
Michigan4,LS1,Combined,Set3,Draw1,7,col7,Combined|Set3|Draw1|col7,B,combined,1,3,3,1,7,6,2277,4,2,True,3,8,9,9
Michigan4,LS1,Combined,Set3,Draw1,7,col7,Combined|Set3|Draw1|col7,B,combined,1,3,3,1,7,7,77,2,1,True,3,8,9,9
Michigan4,LS1,Combined,Set3,Draw1,7,col7,Combined|Set3|Draw1|col7,B,combined,1,3,3,1,7,8,,0,0,False,3,8,9,9
Michigan4,LS1,Combined,Set3,Draw1,7,col7,Combined|Set3|Draw1|col7,C,own,1,3,3,1,7,0,922400133877,12,8,False,2,4,5,5
Michigan4,LS1,Combined,Set3,Draw1,7,col7,Combined|Set3|Draw1|col7,C,own,1,3,3,1,7,1,92240077,8,5,False,2,4,5,5
Michigan4,LS1,Combined,Set3,Draw1,7,col7,Combined|Set3|Draw1|col7,C,own,1,3,3,1,7,2,220077,6,3,True,2,4,5,5
Michigan4,LS1,Combined,Set3,Draw1,7,col7,Combined|Set3|Draw1|col7,C,own,1,3,3,1,7,3,2277,4,2,True,2,4,5,5
Michigan4,LS1,Combined,Set3,Draw1,7,col7,Combined|Set3|Draw1|col7,C,own,1,3,3,1,7,4,,0,0,False,2,4,5,5
Michigan4,LS1,Combined,Set3,Draw1,7,col7,Combined|Set3|Draw1|col7,C,combined,1,3,3,1,7,0,922400133877,12,8,False,3,7,8,8
Michigan4,LS1,Combined,Set3,Draw1,7,col7,Combined|Set3|Draw1|col7,C,combined,1,3,3,1,7,1,92240077,8,5,False,3,7,8,8
Michigan4,LS1,Combined,Set3,Draw1,7,col7,Combined|Set3|Draw1|col7,C,combined,1,3,3,1,7,2,92240077,8,5,False,3,7,8,8
Michigan4,LS1,Combined,Set3,Draw1,7,col7,Combined|Set3|Draw1|col7,C,combined,1,3,3,1,7,3,220077,6,3,True,3,7,8,8
Michigan4,LS1,Combined,Set3,Draw1,7,col7,Combined|Set3|Draw1|col7,C,combined,1,3,3,1,7,4,220077,6,3,True,3,7,8,8
Michigan4,LS1,Combined,Set3,Draw1,7,col7,Combined|Set3|Draw1|col7,C,combined,1,3,3,1,7,5,2277,4,2,True,3,7,8,8
Michigan4,LS1,Combined,Set3,Draw1,7,col7,Combined|Set3|Draw1|col7,C,combined,1,3,3,1,7,6,2277,4,2,True,3,7,8,8
Michigan4,LS1,Combined,Set3,Draw1,7,col7,Combined|Set3|Draw1|col7,C,combined,1,3,3,1,7,7,,0,0,False,3,7,8,8
Michigan4,LS1,Combined,Set3,Draw1,7,col7,Combined|Set3|Draw1|col7,D,own,1,3,3,1,7,0,922400133877,12,8,False,4,5,6,6
Michigan4,LS1,Combined,Set3,Draw1,7,col7,Combined|Set3|Draw1|col7,D,own,1,3,3,1,7,1,922400377,9,6,False,4,5,6,6
Michigan4,LS1,Combined,Set3,Draw1,7,col7,Combined|Set3|Draw1|col7,D,own,1,3,3,1,7,2,2200377,7,4,False,4,5,6,6
Michigan4,LS1,Combined,Set3,Draw1,7,col7,Combined|Set3|Draw1|col7,D,own,1,3,3,1,7,3,220377,6,4,False,4,5,6,6
Michigan4,LS1,Combined,Set3,Draw1,7,col7,Combined|Set3|Draw1|col7,D,own,1,3,3,1,7,4,07,2,2,True,4,5,6,6
Michigan4,LS1,Combined,Set3,Draw1,7,col7,Combined|Set3|Draw1|col7,D,own,1,3,3,1,7,5,,0,0,False,4,5,6,6
Michigan4,LS1,Combined,Set3,Draw1,7,col7,Combined|Set3|Draw1|col7,D,combined,1,3,3,1,7,0,922400133877,12,8,False,3,8,9,9
Michigan4,LS1,Combined,Set3,Draw1,7,col7,Combined|Set3|Draw1|col7,D,combined,1,3,3,1,7,1,922400377,9,6,False,3,8,9,9
Michigan4,LS1,Combined,Set3,Draw1,7,col7,Combined|Set3|Draw1|col7,D,combined,1,3,3,1,7,2,92240077,8,5,False,3,8,9,9
Michigan4,LS1,Combined,Set3,Draw1,7,col7,Combined|Set3|Draw1|col7,D,combined,1,3,3,1,7,3,220077,6,3,True,3,8,9,9
Michigan4,LS1,Combined,Set3,Draw1,7,col7,Combined|Set3|Draw1|col7,D,combined,1,3,3,1,7,4,220077,6,3,True,3,8,9,9
Michigan4,LS1,Combined,Set3,Draw1,7,col7,Combined|Set3|Draw1|col7,D,combined,1,3,3,1,7,5,22077,5,3,True,3,8,9,9
Michigan4,LS1,Combined,Set3,Draw1,7,col7,Combined|Set3|Draw1|col7,D,combined,1,3,3,1,7,6,2277,4,2,True,3,8,9,9
Michigan4,LS1,Combined,Set3,Draw1,7,col7,Combined|Set3|Draw1|col7,D,combined,1,3,3,1,7,7,7,1,1,True,3,8,9,9
Michigan4,LS1,Combined,Set3,Draw1,7,col7,Combined|Set3|Draw1|col7,D,combined,1,3,3,1,7,8,,0,0,False,3,8,9,9
Michigan4,LS1,Combined,Set3,Draw1,7,col7,Combined|Set3|Draw1|col7,E,own,1,3,3,1,7,0,922400133877,12,8,False,4,11,12,10
Michigan4,LS1,Combined,Set3,Draw1,7,col7,Combined|Set3|Draw1|col7,E,own,1,3,3,1,7,1,9224003377,10,6,False,4,11,12,10
Michigan4,LS1,Combined,Set3,Draw1,7,col7,Combined|Set3|Draw1|col7,E,own,1,3,3,1,7,2,22003377,8,4,False,4,11,12,10
Michigan4,LS1,Combined,Set3,Draw1,7,col7,Combined|Set3|Draw1|col7,E,own,1,3,3,1,7,3,2203377,7,4,False,4,11,12,10
Michigan4,LS1,Combined,Set3,Draw1,7,col7,Combined|Set3|Draw1|col7,E,own,1,3,3,1,7,4,2077,4,3,True,4,11,12,10
Michigan4,LS1,Combined,Set3,Draw1,7,col7,Combined|Set3|Draw1|col7,E,own,1,3,3,1,7,5,77,2,1,True,4,11,12,10
Michigan4,LS1,Combined,Set3,Draw1,7,col7,Combined|Set3|Draw1|col7,E,own,1,3,3,1,7,6,77,2,1,True,4,11,12,10
Michigan4,LS1,Combined,Set3,Draw1,7,col7,Combined|Set3|Draw1|col7,E,own,1,3,3,1,7,7,7,1,1,True,4,11,12,10
Michigan4,LS1,Combined,Set3,Draw1,7,col7,Combined|Set3|Draw1|col7,E,own,1,3,3,1,7,8,7,1,1,True,4,11,12,10
Michigan4,LS1,Combined,Set3,Draw1,7,col7,Combined|Set3|Draw1|col7,E,own,1,3,3,1,7,11,,0,0,False,4,11,12,10
Michigan4,LS1,Combined,Set3,Draw1,7,col7,Combined|Set3|Draw1|col7,E,combined,1,3,3,1,7,0,922400133877,12,8,False,6,10,11,11
Michigan4,LS1,Combined,Set3,Draw1,7,col7,Combined|Set3|Draw1|col7,E,combined,1,3,3,1,7,1,9224003377,10,6,False,6,10,11,11
Michigan4,LS1,Combined,Set3,Draw1,7,col7,Combined|Set3|Draw1|col7,E,combined,1,3,3,1,7,2,922400377,9,6,False,6,10,11,11
Michigan4,LS1,Combined,Set3,Draw1,7,col7,Combined|Set3|Draw1|col7,E,combined,1,3,3,1,7,3,2200377,7,4,False,6,10,11,11
Michigan4,LS1,Combined,Set3,Draw1,7,col7,Combined|Set3|Draw1|col7,E,combined,1,3,3,1,7,4,2200377,7,4,False,6,10,11,11
Michigan4,LS1,Combined,Set3,Draw1,7,col7,Combined|Set3|Draw1|col7,E,combined,1,3,3,1,7,5,220377,6,4,False,6,10,11,11
Michigan4,LS1,Combined,Set3,Draw1,7,col7,Combined|Set3|Draw1|col7,E,combined,1,3,3,1,7,6,22377,5,3,True,6,10,11,11
Michigan4,LS1,Combined,Set3,Draw1,7,col7,Combined|Set3|Draw1|col7,E,combined,1,3,3,1,7,7,277,3,2,True,6,10,11,11
Michigan4,LS1,Combined,Set3,Draw1,7,col7,Combined|Set3|Draw1|col7,E,combined,1,3,3,1,7,8,77,2,1,True,6,10,11,11
Michigan4,LS1,Combined,Set3,Draw1,7,col7,Combined|Set3|Draw1|col7,E,combined,1,3,3,1,7,9,7,1,1,True,6,10,11,11
Michigan4,LS1,Combined,Set3,Draw1,7,col7,Combined|Set3|Draw1|col7,E,combined,1,3,3,1,7,10,,0,0,False,6,10,11,11
Michigan4,LS1,Combined,Set3,Draw1,7,col7,Combined|Set3|Draw1|col7,T,own,1,3,3,1,7,0,922400133877,12,8,False,2,7,8,7
Michigan4,LS1,Combined,Set3,Draw1,7,col7,Combined|Set3|Draw1|col7,T,own,1,3,3,1,7,1,92240077,8,5,False,2,7,8,7
Michigan4,LS1,Combined,Set3,Draw1,7,col7,Combined|Set3|Draw1|col7,T,own,1,3,3,1,7,2,220077,6,3,True,2,7,8,7
Michigan4,LS1,Combined,Set3,Draw1,7,col7,Combined|Set3|Draw1|col7,T,own,1,3,3,1,7,3,2277,4,2,True,2,7,8,7
Michigan4,LS1,Combined,Set3,Draw1,7,col7,Combined|Set3|Draw1|col7,T,own,1,3,3,1,7,4,77,2,1,True,2,7,8,7
Michigan4,LS1,Combined,Set3,Draw1,7,col7,Combined|Set3|Draw1|col7,T,own,1,3,3,1,7,5,77,2,1,True,2,7,8,7
Michigan4,LS1,Combined,Set3,Draw1,7,col7,Combined|Set3|Draw1|col7,T,own,1,3,3,1,7,7,,0,0,False,2,7,8,7
Michigan4,LS1,Combined,Set3,Draw1,7,col7,Combined|Set3|Draw1|col7,T,combined,1,3,3,1,7,0,922400133877,12,8,False,3,13,14,10
Michigan4,LS1,Combined,Set3,Draw1,7,col7,Combined|Set3|Draw1|col7,T,combined,1,3,3,1,7,1,92240077,8,5,False,3,13,14,10
Michigan4,LS1,Combined,Set3,Draw1,7,col7,Combined|Set3|Draw1|col7,T,combined,1,3,3,1,7,2,92240077,8,5,False,3,13,14,10
Michigan4,LS1,Combined,Set3,Draw1,7,col7,Combined|Set3|Draw1|col7,T,combined,1,3,3,1,7,3,220077,6,3,True,3,13,14,10
Michigan4,LS1,Combined,Set3,Draw1,7,col7,Combined|Set3|Draw1|col7,T,combined,1,3,3,1,7,4,220077,6,3,True,3,13,14,10
Michigan4,LS1,Combined,Set3,Draw1,7,col7,Combined|Set3|Draw1|col7,T,combined,1,3,3,1,7,5,2277,4,2,True,3,13,14,10
Michigan4,LS1,Combined,Set3,Draw1,7,col7,Combined|Set3|Draw1|col7,T,combined,1,3,3,1,7,6,2277,4,2,True,3,13,14,10
Michigan4,LS1,Combined,Set3,Draw1,7,col7,Combined|Set3|Draw1|col7,T,combined,1,3,3,1,7,7,77,2,1,True,3,13,14,10
Michigan4,LS1,Combined,Set3,Draw1,7,col7,Combined|Set3|Draw1|col7,T,combined,1,3,3,1,7,8,77,2,1,True,3,13,14,10
Michigan4,LS1,Combined,Set3,Draw1,7,col7,Combined|Set3|Draw1|col7,T,combined,1,3,3,1,7,13,,0,0,False,3,13,14,10
Michigan4,LS1,Combined,Set3,Draw1,6,col6,Combined|Set3|Draw1|col6,A,own,1,3,3,1,6,0,9224001338,10,7,False,2,4,29,5
Michigan4,LS1,Combined,Set3,Draw1,6,col6,Combined|Set3|Draw1|col6,A,own,1,3,3,1,6,1,92240033,8,5,False,2,4,29,5
Michigan4,LS1,Combined,Set3,Draw1,6,col6,Combined|Set3|Draw1|col6,A,own,1,3,3,1,6,2,220033,6,3,True,2,4,29,5
Michigan4,LS1,Combined,Set3,Draw1,6,col6,Combined|Set3|Draw1|col6,A,own,1,3,3,1,6,3,220033,6,3,True,2,4,29,5
Michigan4,LS1,Combined,Set3,Draw1,6,col6,Combined|Set3|Draw1|col6,A,own,1,3,3,1,6,4,00,2,1,True,2,4,29,5
Michigan4,LS1,Combined,Set3,Draw1,6,col6,Combined|Set3|Draw1|col6,A,combined,1,3,3,1,6,0,9224001338,10,7,False,3,7,57,8
Michigan4,LS1,Combined,Set3,Draw1,6,col6,Combined|Set3|Draw1|col6,A,combined,1,3,3,1,6,1,92240033,8,5,False,3,7,57,8
Michigan4,LS1,Combined,Set3,Draw1,6,col6,Combined|Set3|Draw1|col6,A,combined,1,3,3,1,6,2,92240033,8,5,False,3,7,57,8
Michigan4,LS1,Combined,Set3,Draw1,6,col6,Combined|Set3|Draw1|col6,A,combined,1,3,3,1,6,3,220033,6,3,True,3,7,57,8
Michigan4,LS1,Combined,Set3,Draw1,6,col6,Combined|Set3|Draw1|col6,A,combined,1,3,3,1,6,4,220033,6,3,True,3,7,57,8
Michigan4,LS1,Combined,Set3,Draw1,6,col6,Combined|Set3|Draw1|col6,A,combined,1,3,3,1,6,5,220033,6,3,True,3,7,57,8
Michigan4,LS1,Combined,Set3,Draw1,6,col6,Combined|Set3|Draw1|col6,A,combined,1,3,3,1,6,6,220033,6,3,True,3,7,57,8
Michigan4,LS1,Combined,Set3,Draw1,6,col6,Combined|Set3|Draw1|col6,A,combined,1,3,3,1,6,7,00,2,1,True,3,7,57,8
Michigan4,LS1,Combined,Set3,Draw1,6,col6,Combined|Set3|Draw1|col6,B,own,1,3,3,1,6,0,9224001338,10,7,False,2,4,5,5
Michigan4,LS1,Combined,Set3,Draw1,6,col6,Combined|Set3|Draw1|col6,B,own,1,3,3,1,6,1,92240033,8,5,False,2,4,5,5
Michigan4,LS1,Combined,Set3,Draw1,6,col6,Combined|Set3|Draw1|col6,B,own,1,3,3,1,6,2,220033,6,3,True,2,4,5,5
Michigan4,LS1,Combined,Set3,Draw1,6,col6,Combined|Set3|Draw1|col6,B,own,1,3,3,1,6,3,2233,4,2,True,2,4,5,5
Michigan4,LS1,Combined,Set3,Draw1,6,col6,Combined|Set3|Draw1|col6,B,own,1,3,3,1,6,4,,0,0,False,2,4,5,5
Michigan4,LS1,Combined,Set3,Draw1,6,col6,Combined|Set3|Draw1|col6,B,combined,1,3,3,1,6,0,9224001338,10,7,False,3,7,8,8
Michigan4,LS1,Combined,Set3,Draw1,6,col6,Combined|Set3|Draw1|col6,B,combined,1,3,3,1,6,1,92240033,8,5,False,3,7,8,8
Michigan4,LS1,Combined,Set3,Draw1,6,col6,Combined|Set3|Draw1|col6,B,combined,1,3,3,1,6,2,922400,6,4,False,3,7,8,8
Michigan4,LS1,Combined,Set3,Draw1,6,col6,Combined|Set3|Draw1|col6,B,combined,1,3,3,1,6,3,2200,4,2,True,3,7,8,8
Michigan4,LS1,Combined,Set3,Draw1,6,col6,Combined|Set3|Draw1|col6,B,combined,1,3,3,1,6,4,2200,4,2,True,3,7,8,8
Michigan4,LS1,Combined,Set3,Draw1,6,col6,Combined|Set3|Draw1|col6,B,combined,1,3,3,1,6,5,22,2,1,True,3,7,8,8
Michigan4,LS1,Combined,Set3,Draw1,6,col6,Combined|Set3|Draw1|col6,B,combined,1,3,3,1,6,6,22,2,1,True,3,7,8,8
Michigan4,LS1,Combined,Set3,Draw1,6,col6,Combined|Set3|Draw1|col6,B,combined,1,3,3,1,6,7,,0,0,False,3,7,8,8
Michigan4,LS1,Combined,Set3,Draw1,6,col6,Combined|Set3|Draw1|col6,C,own,1,3,3,1,6,0,9224001338,10,7,False,2,4,5,5
Michigan4,LS1,Combined,Set3,Draw1,6,col6,Combined|Set3|Draw1|col6,C,own,1,3,3,1,6,1,922400,6,4,False,2,4,5,5
Michigan4,LS1,Combined,Set3,Draw1,6,col6,Combined|Set3|Draw1|col6,C,own,1,3,3,1,6,2,2200,4,2,True,2,4,5,5
Michigan4,LS1,Combined,Set3,Draw1,6,col6,Combined|Set3|Draw1|col6,C,own,1,3,3,1,6,3,22,2,1,True,2,4,5,5
Michigan4,LS1,Combined,Set3,Draw1,6,col6,Combined|Set3|Draw1|col6,C,own,1,3,3,1,6,4,,0,0,False,2,4,5,5
Michigan4,LS1,Combined,Set3,Draw1,6,col6,Combined|Set3|Draw1|col6,C,combined,1,3,3,1,6,0,9224001338,10,7,False,3,7,8,8
Michigan4,LS1,Combined,Set3,Draw1,6,col6,Combined|Set3|Draw1|col6,C,combined,1,3,3,1,6,1,922400,6,4,False,3,7,8,8
Michigan4,LS1,Combined,Set3,Draw1,6,col6,Combined|Set3|Draw1|col6,C,combined,1,3,3,1,6,2,922400,6,4,False,3,7,8,8
Michigan4,LS1,Combined,Set3,Draw1,6,col6,Combined|Set3|Draw1|col6,C,combined,1,3,3,1,6,3,2200,4,2,True,3,7,8,8
Michigan4,LS1,Combined,Set3,Draw1,6,col6,Combined|Set3|Draw1|col6,C,combined,1,3,3,1,6,4,2200,4,2,True,3,7,8,8
Michigan4,LS1,Combined,Set3,Draw1,6,col6,Combined|Set3|Draw1|col6,C,combined,1,3,3,1,6,5,22,2,1,True,3,7,8,8
Michigan4,LS1,Combined,Set3,Draw1,6,col6,Combined|Set3|Draw1|col6,C,combined,1,3,3,1,6,6,22,2,1,True,3,7,8,8
Michigan4,LS1,Combined,Set3,Draw1,6,col6,Combined|Set3|Draw1|col6,C,combined,1,3,3,1,6,7,,0,0,False,3,7,8,8
Michigan4,LS1,Combined,Set3,Draw1,6,col6,Combined|Set3|Draw1|col6,D,own,1,3,3,1,6,0,9224001338,10,7,False,2,5,6,6
Michigan4,LS1,Combined,Set3,Draw1,6,col6,Combined|Set3|Draw1|col6,D,own,1,3,3,1,6,1,9224003,7,5,False,2,5,6,6
Michigan4,LS1,Combined,Set3,Draw1,6,col6,Combined|Set3|Draw1|col6,D,own,1,3,3,1,6,2,22003,5,3,True,2,5,6,6
Michigan4,LS1,Combined,Set3,Draw1,6,col6,Combined|Set3|Draw1|col6,D,own,1,3,3,1,6,3,2203,4,3,True,2,5,6,6
Michigan4,LS1,Combined,Set3,Draw1,6,col6,Combined|Set3|Draw1|col6,D,own,1,3,3,1,6,4,0,1,1,True,2,5,6,6
Michigan4,LS1,Combined,Set3,Draw1,6,col6,Combined|Set3|Draw1|col6,D,own,1,3,3,1,6,5,,0,0,False,2,5,6,6
Michigan4,LS1,Combined,Set3,Draw1,6,col6,Combined|Set3|Draw1|col6,D,combined,1,3,3,1,6,0,9224001338,10,7,False,3,7,8,8
Michigan4,LS1,Combined,Set3,Draw1,6,col6,Combined|Set3|Draw1|col6,D,combined,1,3,3,1,6,1,9224003,7,5,False,3,7,8,8
Michigan4,LS1,Combined,Set3,Draw1,6,col6,Combined|Set3|Draw1|col6,D,combined,1,3,3,1,6,2,922400,6,4,False,3,7,8,8
Michigan4,LS1,Combined,Set3,Draw1,6,col6,Combined|Set3|Draw1|col6,D,combined,1,3,3,1,6,3,2200,4,2,True,3,7,8,8
Michigan4,LS1,Combined,Set3,Draw1,6,col6,Combined|Set3|Draw1|col6,D,combined,1,3,3,1,6,4,2200,4,2,True,3,7,8,8
Michigan4,LS1,Combined,Set3,Draw1,6,col6,Combined|Set3|Draw1|col6,D,combined,1,3,3,1,6,5,220,3,2,True,3,7,8,8
Michigan4,LS1,Combined,Set3,Draw1,6,col6,Combined|Set3|Draw1|col6,D,combined,1,3,3,1,6,6,22,2,1,True,3,7,8,8
Michigan4,LS1,Combined,Set3,Draw1,6,col6,Combined|Set3|Draw1|col6,D,combined,1,3,3,1,6,7,,0,0,False,3,7,8,8
Michigan4,LS1,Combined,Set3,Draw1,6,col6,Combined|Set3|Draw1|col6,E,own,1,3,3,1,6,0,9224001338,10,7,False,2,5,6,6
Michigan4,LS1,Combined,Set3,Draw1,6,col6,Combined|Set3|Draw1|col6,E,own,1,3,3,1,6,1,92240033,8,5,False,2,5,6,6
Michigan4,LS1,Combined,Set3,Draw1,6,col6,Combined|Set3|Draw1|col6,E,own,1,3,3,1,6,2,220033,6,3,True,2,5,6,6
Michigan4,LS1,Combined,Set3,Draw1,6,col6,Combined|Set3|Draw1|col6,E,own,1,3,3,1,6,3,22033,5,3,True,2,5,6,6
Michigan4,LS1,Combined,Set3,Draw1,6,col6,Combined|Set3|Draw1|col6,E,own,1,3,3,1,6,4,20,2,2,True,2,5,6,6
Michigan4,LS1,Combined,Set3,Draw1,6,col6,Combined|Set3|Draw1|col6,E,own,1,3,3,1,6,5,,0,0,False,2,5,6,6
Michigan4,LS1,Combined,Set3,Draw1,6,col6,Combined|Set3|Draw1|col6,E,combined,1,3,3,1,6,0,9224001338,10,7,False,3,8,9,9
Michigan4,LS1,Combined,Set3,Draw1,6,col6,Combined|Set3|Draw1|col6,E,combined,1,3,3,1,6,1,92240033,8,5,False,3,8,9,9
Michigan4,LS1,Combined,Set3,Draw1,6,col6,Combined|Set3|Draw1|col6,E,combined,1,3,3,1,6,2,9224003,7,5,False,3,8,9,9
Michigan4,LS1,Combined,Set3,Draw1,6,col6,Combined|Set3|Draw1|col6,E,combined,1,3,3,1,6,3,22003,5,3,True,3,8,9,9
Michigan4,LS1,Combined,Set3,Draw1,6,col6,Combined|Set3|Draw1|col6,E,combined,1,3,3,1,6,4,22003,5,3,True,3,8,9,9
Michigan4,LS1,Combined,Set3,Draw1,6,col6,Combined|Set3|Draw1|col6,E,combined,1,3,3,1,6,5,2203,4,3,True,3,8,9,9
Michigan4,LS1,Combined,Set3,Draw1,6,col6,Combined|Set3|Draw1|col6,E,combined,1,3,3,1,6,6,223,3,2,True,3,8,9,9
Michigan4,LS1,Combined,Set3,Draw1,6,col6,Combined|Set3|Draw1|col6,E,combined,1,3,3,1,6,7,2,1,1,True,3,8,9,9
Michigan4,LS1,Combined,Set3,Draw1,6,col6,Combined|Set3|Draw1|col6,E,combined,1,3,3,1,6,8,,0,0,False,3,8,9,9
Michigan4,LS1,Combined,Set3,Draw1,6,col6,Combined|Set3|Draw1|col6,T,own,1,3,3,1,6,0,9224001338,10,7,False,2,4,5,5
Michigan4,LS1,Combined,Set3,Draw1,6,col6,Combined|Set3|Draw1|col6,T,own,1,3,3,1,6,1,922400,6,4,False,2,4,5,5
Michigan4,LS1,Combined,Set3,Draw1,6,col6,Combined|Set3|Draw1|col6,T,own,1,3,3,1,6,2,2200,4,2,True,2,4,5,5
Michigan4,LS1,Combined,Set3,Draw1,6,col6,Combined|Set3|Draw1|col6,T,own,1,3,3,1,6,3,22,2,1,True,2,4,5,5
Michigan4,LS1,Combined,Set3,Draw1,6,col6,Combined|Set3|Draw1|col6,T,own,1,3,3,1,6,4,,0,0,False,2,4,5,5
Michigan4,LS1,Combined,Set3,Draw1,6,col6,Combined|Set3|Draw1|col6,T,combined,1,3,3,1,6,0,9224001338,10,7,False,3,7,8,8
Michigan4,LS1,Combined,Set3,Draw1,6,col6,Combined|Set3|Draw1|col6,T,combined,1,3,3,1,6,1,922400,6,4,False,3,7,8,8
Michigan4,LS1,Combined,Set3,Draw1,6,col6,Combined|Set3|Draw1|col6,T,combined,1,3,3,1,6,2,922400,6,4,False,3,7,8,8
Michigan4,LS1,Combined,Set3,Draw1,6,col6,Combined|Set3|Draw1|col6,T,combined,1,3,3,1,6,3,2200,4,2,True,3,7,8,8
Michigan4,LS1,Combined,Set3,Draw1,6,col6,Combined|Set3|Draw1|col6,T,combined,1,3,3,1,6,4,2200,4,2,True,3,7,8,8
Michigan4,LS1,Combined,Set3,Draw1,6,col6,Combined|Set3|Draw1|col6,T,combined,1,3,3,1,6,5,22,2,1,True,3,7,8,8
Michigan4,LS1,Combined,Set3,Draw1,6,col6,Combined|Set3|Draw1|col6,T,combined,1,3,3,1,6,6,22,2,1,True,3,7,8,8
Michigan4,LS1,Combined,Set3,Draw1,6,col6,Combined|Set3|Draw1|col6,T,combined,1,3,3,1,6,7,,0,0,False,3,7,8,8
Michigan4,LS1,Combined,Set3,Draw1,5,col5,Combined|Set3|Draw1|col5,A,own,1,3,3,1,5,0,92240018,8,6,False,2,4,29,5
Michigan4,LS1,Combined,Set3,Draw1,5,col5,Combined|Set3|Draw1|col5,A,own,1,3,3,1,5,1,922400,6,4,False,2,4,29,5
Michigan4,LS1,Combined,Set3,Draw1,5,col5,Combined|Set3|Draw1|col5,A,own,1,3,3,1,5,2,2200,4,2,True,2,4,29,5
Michigan4,LS1,Combined,Set3,Draw1,5,col5,Combined|Set3|Draw1|col5,A,own,1,3,3,1,5,3,2200,4,2,True,2,4,29,5
Michigan4,LS1,Combined,Set3,Draw1,5,col5,Combined|Set3|Draw1|col5,A,own,1,3,3,1,5,4,00,2,1,True,2,4,29,5
Michigan4,LS1,Combined,Set3,Draw1,5,col5,Combined|Set3|Draw1|col5,A,combined,1,3,3,1,5,0,92240018,8,6,False,3,7,57,6
Michigan4,LS1,Combined,Set3,Draw1,5,col5,Combined|Set3|Draw1|col5,A,combined,1,3,3,1,5,1,922400,6,4,False,3,7,57,6
Michigan4,LS1,Combined,Set3,Draw1,5,col5,Combined|Set3|Draw1|col5,A,combined,1,3,3,1,5,2,922400,6,4,False,3,7,57,6
Michigan4,LS1,Combined,Set3,Draw1,5,col5,Combined|Set3|Draw1|col5,A,combined,1,3,3,1,5,3,2200,4,2,True,3,7,57,6
Michigan4,LS1,Combined,Set3,Draw1,5,col5,Combined|Set3|Draw1|col5,A,combined,1,3,3,1,5,4,2200,4,2,True,3,7,57,6
Michigan4,LS1,Combined,Set3,Draw1,5,col5,Combined|Set3|Draw1|col5,A,combined,1,3,3,1,5,7,00,2,1,True,3,7,57,6
Michigan4,LS1,Combined,Set3,Draw1,5,col5,Combined|Set3|Draw1|col5,B,own,1,3,3,1,5,0,92240018,8,6,False,2,4,5,5
Michigan4,LS1,Combined,Set3,Draw1,5,col5,Combined|Set3|Draw1|col5,B,own,1,3,3,1,5,1,922400,6,4,False,2,4,5,5
Michigan4,LS1,Combined,Set3,Draw1,5,col5,Combined|Set3|Draw1|col5,B,own,1,3,3,1,5,2,2200,4,2,True,2,4,5,5
Michigan4,LS1,Combined,Set3,Draw1,5,col5,Combined|Set3|Draw1|col5,B,own,1,3,3,1,5,3,22,2,1,True,2,4,5,5
Michigan4,LS1,Combined,Set3,Draw1,5,col5,Combined|Set3|Draw1|col5,B,own,1,3,3,1,5,4,,0,0,False,2,4,5,5
Michigan4,LS1,Combined,Set3,Draw1,5,col5,Combined|Set3|Draw1|col5,B,combined,1,3,3,1,5,0,92240018,8,6,False,3,7,8,8
Michigan4,LS1,Combined,Set3,Draw1,5,col5,Combined|Set3|Draw1|col5,B,combined,1,3,3,1,5,1,922400,6,4,False,3,7,8,8
Michigan4,LS1,Combined,Set3,Draw1,5,col5,Combined|Set3|Draw1|col5,B,combined,1,3,3,1,5,2,922400,6,4,False,3,7,8,8
Michigan4,LS1,Combined,Set3,Draw1,5,col5,Combined|Set3|Draw1|col5,B,combined,1,3,3,1,5,3,2200,4,2,True,3,7,8,8
Michigan4,LS1,Combined,Set3,Draw1,5,col5,Combined|Set3|Draw1|col5,B,combined,1,3,3,1,5,4,2200,4,2,True,3,7,8,8
Michigan4,LS1,Combined,Set3,Draw1,5,col5,Combined|Set3|Draw1|col5,B,combined,1,3,3,1,5,5,22,2,1,True,3,7,8,8
Michigan4,LS1,Combined,Set3,Draw1,5,col5,Combined|Set3|Draw1|col5,B,combined,1,3,3,1,5,6,22,2,1,True,3,7,8,8
Michigan4,LS1,Combined,Set3,Draw1,5,col5,Combined|Set3|Draw1|col5,B,combined,1,3,3,1,5,7,,0,0,False,3,7,8,8
Michigan4,LS1,Combined,Set3,Draw1,5,col5,Combined|Set3|Draw1|col5,C,own,1,3,3,1,5,0,92240018,8,6,False,2,4,5,5
Michigan4,LS1,Combined,Set3,Draw1,5,col5,Combined|Set3|Draw1|col5,C,own,1,3,3,1,5,1,922400,6,4,False,2,4,5,5
Michigan4,LS1,Combined,Set3,Draw1,5,col5,Combined|Set3|Draw1|col5,C,own,1,3,3,1,5,2,2200,4,2,True,2,4,5,5
Michigan4,LS1,Combined,Set3,Draw1,5,col5,Combined|Set3|Draw1|col5,C,own,1,3,3,1,5,3,22,2,1,True,2,4,5,5
Michigan4,LS1,Combined,Set3,Draw1,5,col5,Combined|Set3|Draw1|col5,C,own,1,3,3,1,5,4,,0,0,False,2,4,5,5
Michigan4,LS1,Combined,Set3,Draw1,5,col5,Combined|Set3|Draw1|col5,C,combined,1,3,3,1,5,0,92240018,8,6,False,3,7,8,8
Michigan4,LS1,Combined,Set3,Draw1,5,col5,Combined|Set3|Draw1|col5,C,combined,1,3,3,1,5,1,922400,6,4,False,3,7,8,8
Michigan4,LS1,Combined,Set3,Draw1,5,col5,Combined|Set3|Draw1|col5,C,combined,1,3,3,1,5,2,922400,6,4,False,3,7,8,8
Michigan4,LS1,Combined,Set3,Draw1,5,col5,Combined|Set3|Draw1|col5,C,combined,1,3,3,1,5,3,2200,4,2,True,3,7,8,8
Michigan4,LS1,Combined,Set3,Draw1,5,col5,Combined|Set3|Draw1|col5,C,combined,1,3,3,1,5,4,2200,4,2,True,3,7,8,8
Michigan4,LS1,Combined,Set3,Draw1,5,col5,Combined|Set3|Draw1|col5,C,combined,1,3,3,1,5,5,22,2,1,True,3,7,8,8
Michigan4,LS1,Combined,Set3,Draw1,5,col5,Combined|Set3|Draw1|col5,C,combined,1,3,3,1,5,6,22,2,1,True,3,7,8,8
Michigan4,LS1,Combined,Set3,Draw1,5,col5,Combined|Set3|Draw1|col5,C,combined,1,3,3,1,5,7,,0,0,False,3,7,8,8
Michigan4,LS1,Combined,Set3,Draw1,5,col5,Combined|Set3|Draw1|col5,D,own,1,3,3,1,5,0,92240018,8,6,False,2,5,6,6
Michigan4,LS1,Combined,Set3,Draw1,5,col5,Combined|Set3|Draw1|col5,D,own,1,3,3,1,5,1,922400,6,4,False,2,5,6,6
Michigan4,LS1,Combined,Set3,Draw1,5,col5,Combined|Set3|Draw1|col5,D,own,1,3,3,1,5,2,2200,4,2,True,2,5,6,6
Michigan4,LS1,Combined,Set3,Draw1,5,col5,Combined|Set3|Draw1|col5,D,own,1,3,3,1,5,3,220,3,2,True,2,5,6,6
Michigan4,LS1,Combined,Set3,Draw1,5,col5,Combined|Set3|Draw1|col5,D,own,1,3,3,1,5,4,0,1,1,True,2,5,6,6
Michigan4,LS1,Combined,Set3,Draw1,5,col5,Combined|Set3|Draw1|col5,D,own,1,3,3,1,5,5,,0,0,False,2,5,6,6
Michigan4,LS1,Combined,Set3,Draw1,5,col5,Combined|Set3|Draw1|col5,D,combined,1,3,3,1,5,0,92240018,8,6,False,3,7,8,8
Michigan4,LS1,Combined,Set3,Draw1,5,col5,Combined|Set3|Draw1|col5,D,combined,1,3,3,1,5,1,922400,6,4,False,3,7,8,8
Michigan4,LS1,Combined,Set3,Draw1,5,col5,Combined|Set3|Draw1|col5,D,combined,1,3,3,1,5,2,922400,6,4,False,3,7,8,8
Michigan4,LS1,Combined,Set3,Draw1,5,col5,Combined|Set3|Draw1|col5,D,combined,1,3,3,1,5,3,2200,4,2,True,3,7,8,8
Michigan4,LS1,Combined,Set3,Draw1,5,col5,Combined|Set3|Draw1|col5,D,combined,1,3,3,1,5,4,2200,4,2,True,3,7,8,8
Michigan4,LS1,Combined,Set3,Draw1,5,col5,Combined|Set3|Draw1|col5,D,combined,1,3,3,1,5,5,220,3,2,True,3,7,8,8
Michigan4,LS1,Combined,Set3,Draw1,5,col5,Combined|Set3|Draw1|col5,D,combined,1,3,3,1,5,6,22,2,1,True,3,7,8,8
Michigan4,LS1,Combined,Set3,Draw1,5,col5,Combined|Set3|Draw1|col5,D,combined,1,3,3,1,5,7,,0,0,False,3,7,8,8
Michigan4,LS1,Combined,Set3,Draw1,5,col5,Combined|Set3|Draw1|col5,E,own,1,3,3,1,5,0,92240018,8,6,False,2,5,6,6
Michigan4,LS1,Combined,Set3,Draw1,5,col5,Combined|Set3|Draw1|col5,E,own,1,3,3,1,5,1,922400,6,4,False,2,5,6,6
Michigan4,LS1,Combined,Set3,Draw1,5,col5,Combined|Set3|Draw1|col5,E,own,1,3,3,1,5,2,2200,4,2,True,2,5,6,6
Michigan4,LS1,Combined,Set3,Draw1,5,col5,Combined|Set3|Draw1|col5,E,own,1,3,3,1,5,3,220,3,2,True,2,5,6,6
Michigan4,LS1,Combined,Set3,Draw1,5,col5,Combined|Set3|Draw1|col5,E,own,1,3,3,1,5,4,20,2,2,True,2,5,6,6
Michigan4,LS1,Combined,Set3,Draw1,5,col5,Combined|Set3|Draw1|col5,E,own,1,3,3,1,5,5,,0,0,False,2,5,6,6
Michigan4,LS1,Combined,Set3,Draw1,5,col5,Combined|Set3|Draw1|col5,E,combined,1,3,3,1,5,0,92240018,8,6,False,3,8,9,9
Michigan4,LS1,Combined,Set3,Draw1,5,col5,Combined|Set3|Draw1|col5,E,combined,1,3,3,1,5,1,922400,6,4,False,3,8,9,9
Michigan4,LS1,Combined,Set3,Draw1,5,col5,Combined|Set3|Draw1|col5,E,combined,1,3,3,1,5,2,922400,6,4,False,3,8,9,9
Michigan4,LS1,Combined,Set3,Draw1,5,col5,Combined|Set3|Draw1|col5,E,combined,1,3,3,1,5,3,2200,4,2,True,3,8,9,9
Michigan4,LS1,Combined,Set3,Draw1,5,col5,Combined|Set3|Draw1|col5,E,combined,1,3,3,1,5,4,2200,4,2,True,3,8,9,9
Michigan4,LS1,Combined,Set3,Draw1,5,col5,Combined|Set3|Draw1|col5,E,combined,1,3,3,1,5,5,220,3,2,True,3,8,9,9
Michigan4,LS1,Combined,Set3,Draw1,5,col5,Combined|Set3|Draw1|col5,E,combined,1,3,3,1,5,6,22,2,1,True,3,8,9,9
Michigan4,LS1,Combined,Set3,Draw1,5,col5,Combined|Set3|Draw1|col5,E,combined,1,3,3,1,5,7,2,1,1,True,3,8,9,9
Michigan4,LS1,Combined,Set3,Draw1,5,col5,Combined|Set3|Draw1|col5,E,combined,1,3,3,1,5,8,,0,0,False,3,8,9,9
Michigan4,LS1,Combined,Set3,Draw1,5,col5,Combined|Set3|Draw1|col5,T,own,1,3,3,1,5,0,92240018,8,6,False,2,4,5,5
Michigan4,LS1,Combined,Set3,Draw1,5,col5,Combined|Set3|Draw1|col5,T,own,1,3,3,1,5,1,922400,6,4,False,2,4,5,5
Michigan4,LS1,Combined,Set3,Draw1,5,col5,Combined|Set3|Draw1|col5,T,own,1,3,3,1,5,2,2200,4,2,True,2,4,5,5
Michigan4,LS1,Combined,Set3,Draw1,5,col5,Combined|Set3|Draw1|col5,T,own,1,3,3,1,5,3,22,2,1,True,2,4,5,5
Michigan4,LS1,Combined,Set3,Draw1,5,col5,Combined|Set3|Draw1|col5,T,own,1,3,3,1,5,4,,0,0,False,2,4,5,5
Michigan4,LS1,Combined,Set3,Draw1,5,col5,Combined|Set3|Draw1|col5,T,combined,1,3,3,1,5,0,92240018,8,6,False,3,7,8,8
Michigan4,LS1,Combined,Set3,Draw1,5,col5,Combined|Set3|Draw1|col5,T,combined,1,3,3,1,5,1,922400,6,4,False,3,7,8,8
Michigan4,LS1,Combined,Set3,Draw1,5,col5,Combined|Set3|Draw1|col5,T,combined,1,3,3,1,5,2,922400,6,4,False,3,7,8,8
Michigan4,LS1,Combined,Set3,Draw1,5,col5,Combined|Set3|Draw1|col5,T,combined,1,3,3,1,5,3,2200,4,2,True,3,7,8,8
Michigan4,LS1,Combined,Set3,Draw1,5,col5,Combined|Set3|Draw1|col5,T,combined,1,3,3,1,5,4,2200,4,2,True,3,7,8,8
Michigan4,LS1,Combined,Set3,Draw1,5,col5,Combined|Set3|Draw1|col5,T,combined,1,3,3,1,5,5,22,2,1,True,3,7,8,8
Michigan4,LS1,Combined,Set3,Draw1,5,col5,Combined|Set3|Draw1|col5,T,combined,1,3,3,1,5,6,22,2,1,True,3,7,8,8
Michigan4,LS1,Combined,Set3,Draw1,5,col5,Combined|Set3|Draw1|col5,T,combined,1,3,3,1,5,7,,0,0,False,3,7,8,8
Michigan4,LS1,Combined,Set2,Draw1,7,col7,Combined|Set2|Draw1|col7,A,own,1,3,2,1,7,0,922440011338,12,7,False,2,4,29,5
Michigan4,LS1,Combined,Set2,Draw1,7,col7,Combined|Set2|Draw1|col7,A,own,1,3,2,1,7,1,922440033,9,5,False,2,4,29,5
Michigan4,LS1,Combined,Set2,Draw1,7,col7,Combined|Set2|Draw1|col7,A,own,1,3,2,1,7,2,220033,6,3,True,2,4,29,5
Michigan4,LS1,Combined,Set2,Draw1,7,col7,Combined|Set2|Draw1|col7,A,own,1,3,2,1,7,3,220033,6,3,True,2,4,29,5
Michigan4,LS1,Combined,Set2,Draw1,7,col7,Combined|Set2|Draw1|col7,A,own,1,3,2,1,7,4,00,2,1,True,2,4,29,5
Michigan4,LS1,Combined,Set2,Draw1,7,col7,Combined|Set2|Draw1|col7,A,combined,1,3,2,1,7,0,922440011338,12,7,False,3,7,57,8
Michigan4,LS1,Combined,Set2,Draw1,7,col7,Combined|Set2|Draw1|col7,A,combined,1,3,2,1,7,1,922440033,9,5,False,3,7,57,8
Michigan4,LS1,Combined,Set2,Draw1,7,col7,Combined|Set2|Draw1|col7,A,combined,1,3,2,1,7,2,922440033,9,5,False,3,7,57,8
Michigan4,LS1,Combined,Set2,Draw1,7,col7,Combined|Set2|Draw1|col7,A,combined,1,3,2,1,7,3,220033,6,3,True,3,7,57,8
Michigan4,LS1,Combined,Set2,Draw1,7,col7,Combined|Set2|Draw1|col7,A,combined,1,3,2,1,7,4,220033,6,3,True,3,7,57,8
Michigan4,LS1,Combined,Set2,Draw1,7,col7,Combined|Set2|Draw1|col7,A,combined,1,3,2,1,7,5,220033,6,3,True,3,7,57,8
Michigan4,LS1,Combined,Set2,Draw1,7,col7,Combined|Set2|Draw1|col7,A,combined,1,3,2,1,7,6,220033,6,3,True,3,7,57,8
Michigan4,LS1,Combined,Set2,Draw1,7,col7,Combined|Set2|Draw1|col7,A,combined,1,3,2,1,7,7,00,2,1,True,3,7,57,8
Michigan4,LS1,Combined,Set2,Draw1,7,col7,Combined|Set2|Draw1|col7,B,own,1,3,2,1,7,0,922440011338,12,7,False,2,4,5,5
Michigan4,LS1,Combined,Set2,Draw1,7,col7,Combined|Set2|Draw1|col7,B,own,1,3,2,1,7,1,922440033,9,5,False,2,4,5,5
Michigan4,LS1,Combined,Set2,Draw1,7,col7,Combined|Set2|Draw1|col7,B,own,1,3,2,1,7,2,220033,6,3,True,2,4,5,5
Michigan4,LS1,Combined,Set2,Draw1,7,col7,Combined|Set2|Draw1|col7,B,own,1,3,2,1,7,3,2233,4,2,True,2,4,5,5
Michigan4,LS1,Combined,Set2,Draw1,7,col7,Combined|Set2|Draw1|col7,B,own,1,3,2,1,7,4,,0,0,False,2,4,5,5
Michigan4,LS1,Combined,Set2,Draw1,7,col7,Combined|Set2|Draw1|col7,B,combined,1,3,2,1,7,0,922440011338,12,7,False,3,7,8,8
Michigan4,LS1,Combined,Set2,Draw1,7,col7,Combined|Set2|Draw1|col7,B,combined,1,3,2,1,7,1,922440033,9,5,False,3,7,8,8
Michigan4,LS1,Combined,Set2,Draw1,7,col7,Combined|Set2|Draw1|col7,B,combined,1,3,2,1,7,2,9224400,7,4,False,3,7,8,8
Michigan4,LS1,Combined,Set2,Draw1,7,col7,Combined|Set2|Draw1|col7,B,combined,1,3,2,1,7,3,2200,4,2,True,3,7,8,8
Michigan4,LS1,Combined,Set2,Draw1,7,col7,Combined|Set2|Draw1|col7,B,combined,1,3,2,1,7,4,2200,4,2,True,3,7,8,8
Michigan4,LS1,Combined,Set2,Draw1,7,col7,Combined|Set2|Draw1|col7,B,combined,1,3,2,1,7,5,22,2,1,True,3,7,8,8
Michigan4,LS1,Combined,Set2,Draw1,7,col7,Combined|Set2|Draw1|col7,B,combined,1,3,2,1,7,6,22,2,1,True,3,7,8,8
Michigan4,LS1,Combined,Set2,Draw1,7,col7,Combined|Set2|Draw1|col7,B,combined,1,3,2,1,7,7,,0,0,False,3,7,8,8
Michigan4,LS1,Combined,Set2,Draw1,7,col7,Combined|Set2|Draw1|col7,C,own,1,3,2,1,7,0,922440011338,12,7,False,2,4,5,5
Michigan4,LS1,Combined,Set2,Draw1,7,col7,Combined|Set2|Draw1|col7,C,own,1,3,2,1,7,1,9224400,7,4,False,2,4,5,5
Michigan4,LS1,Combined,Set2,Draw1,7,col7,Combined|Set2|Draw1|col7,C,own,1,3,2,1,7,2,2200,4,2,True,2,4,5,5
Michigan4,LS1,Combined,Set2,Draw1,7,col7,Combined|Set2|Draw1|col7,C,own,1,3,2,1,7,3,22,2,1,True,2,4,5,5
Michigan4,LS1,Combined,Set2,Draw1,7,col7,Combined|Set2|Draw1|col7,C,own,1,3,2,1,7,4,,0,0,False,2,4,5,5
Michigan4,LS1,Combined,Set2,Draw1,7,col7,Combined|Set2|Draw1|col7,C,combined,1,3,2,1,7,0,922440011338,12,7,False,3,7,8,8
Michigan4,LS1,Combined,Set2,Draw1,7,col7,Combined|Set2|Draw1|col7,C,combined,1,3,2,1,7,1,9224400,7,4,False,3,7,8,8
Michigan4,LS1,Combined,Set2,Draw1,7,col7,Combined|Set2|Draw1|col7,C,combined,1,3,2,1,7,2,9224400,7,4,False,3,7,8,8
Michigan4,LS1,Combined,Set2,Draw1,7,col7,Combined|Set2|Draw1|col7,C,combined,1,3,2,1,7,3,2200,4,2,True,3,7,8,8
Michigan4,LS1,Combined,Set2,Draw1,7,col7,Combined|Set2|Draw1|col7,C,combined,1,3,2,1,7,4,2200,4,2,True,3,7,8,8
Michigan4,LS1,Combined,Set2,Draw1,7,col7,Combined|Set2|Draw1|col7,C,combined,1,3,2,1,7,5,22,2,1,True,3,7,8,8
Michigan4,LS1,Combined,Set2,Draw1,7,col7,Combined|Set2|Draw1|col7,C,combined,1,3,2,1,7,6,22,2,1,True,3,7,8,8
Michigan4,LS1,Combined,Set2,Draw1,7,col7,Combined|Set2|Draw1|col7,C,combined,1,3,2,1,7,7,,0,0,False,3,7,8,8
Michigan4,LS1,Combined,Set2,Draw1,7,col7,Combined|Set2|Draw1|col7,D,own,1,3,2,1,7,0,922440011338,12,7,False,2,5,6,6
Michigan4,LS1,Combined,Set2,Draw1,7,col7,Combined|Set2|Draw1|col7,D,own,1,3,2,1,7,1,92244003,8,5,False,2,5,6,6
Michigan4,LS1,Combined,Set2,Draw1,7,col7,Combined|Set2|Draw1|col7,D,own,1,3,2,1,7,2,22003,5,3,True,2,5,6,6
Michigan4,LS1,Combined,Set2,Draw1,7,col7,Combined|Set2|Draw1|col7,D,own,1,3,2,1,7,3,2203,4,3,True,2,5,6,6
Michigan4,LS1,Combined,Set2,Draw1,7,col7,Combined|Set2|Draw1|col7,D,own,1,3,2,1,7,4,0,1,1,True,2,5,6,6
Michigan4,LS1,Combined,Set2,Draw1,7,col7,Combined|Set2|Draw1|col7,D,own,1,3,2,1,7,5,,0,0,False,2,5,6,6
Michigan4,LS1,Combined,Set2,Draw1,7,col7,Combined|Set2|Draw1|col7,D,combined,1,3,2,1,7,0,922440011338,12,7,False,3,7,8,8
Michigan4,LS1,Combined,Set2,Draw1,7,col7,Combined|Set2|Draw1|col7,D,combined,1,3,2,1,7,1,92244003,8,5,False,3,7,8,8
Michigan4,LS1,Combined,Set2,Draw1,7,col7,Combined|Set2|Draw1|col7,D,combined,1,3,2,1,7,2,9224400,7,4,False,3,7,8,8
Michigan4,LS1,Combined,Set2,Draw1,7,col7,Combined|Set2|Draw1|col7,D,combined,1,3,2,1,7,3,2200,4,2,True,3,7,8,8
Michigan4,LS1,Combined,Set2,Draw1,7,col7,Combined|Set2|Draw1|col7,D,combined,1,3,2,1,7,4,2200,4,2,True,3,7,8,8
Michigan4,LS1,Combined,Set2,Draw1,7,col7,Combined|Set2|Draw1|col7,D,combined,1,3,2,1,7,5,220,3,2,True,3,7,8,8
Michigan4,LS1,Combined,Set2,Draw1,7,col7,Combined|Set2|Draw1|col7,D,combined,1,3,2,1,7,6,22,2,1,True,3,7,8,8
Michigan4,LS1,Combined,Set2,Draw1,7,col7,Combined|Set2|Draw1|col7,D,combined,1,3,2,1,7,7,,0,0,False,3,7,8,8
Michigan4,LS1,Combined,Set2,Draw1,7,col7,Combined|Set2|Draw1|col7,E,own,1,3,2,1,7,0,922440011338,12,7,False,3,5,6,6
Michigan4,LS1,Combined,Set2,Draw1,7,col7,Combined|Set2|Draw1|col7,E,own,1,3,2,1,7,1,922440033,9,5,False,3,5,6,6
Michigan4,LS1,Combined,Set2,Draw1,7,col7,Combined|Set2|Draw1|col7,E,own,1,3,2,1,7,2,2240033,7,4,False,3,5,6,6
Michigan4,LS1,Combined,Set2,Draw1,7,col7,Combined|Set2|Draw1|col7,E,own,1,3,2,1,7,3,22033,5,3,True,3,5,6,6
Michigan4,LS1,Combined,Set2,Draw1,7,col7,Combined|Set2|Draw1|col7,E,own,1,3,2,1,7,4,20,2,2,True,3,5,6,6
Michigan4,LS1,Combined,Set2,Draw1,7,col7,Combined|Set2|Draw1|col7,E,own,1,3,2,1,7,5,,0,0,False,3,5,6,6
Michigan4,LS1,Combined,Set2,Draw1,7,col7,Combined|Set2|Draw1|col7,E,combined,1,3,2,1,7,0,922440011338,12,7,False,4,8,9,9
Michigan4,LS1,Combined,Set2,Draw1,7,col7,Combined|Set2|Draw1|col7,E,combined,1,3,2,1,7,1,922440033,9,5,False,4,8,9,9
Michigan4,LS1,Combined,Set2,Draw1,7,col7,Combined|Set2|Draw1|col7,E,combined,1,3,2,1,7,2,92244003,8,5,False,4,8,9,9
Michigan4,LS1,Combined,Set2,Draw1,7,col7,Combined|Set2|Draw1|col7,E,combined,1,3,2,1,7,3,224003,6,4,False,4,8,9,9
Michigan4,LS1,Combined,Set2,Draw1,7,col7,Combined|Set2|Draw1|col7,E,combined,1,3,2,1,7,4,22003,5,3,True,4,8,9,9
Michigan4,LS1,Combined,Set2,Draw1,7,col7,Combined|Set2|Draw1|col7,E,combined,1,3,2,1,7,5,2203,4,3,True,4,8,9,9
Michigan4,LS1,Combined,Set2,Draw1,7,col7,Combined|Set2|Draw1|col7,E,combined,1,3,2,1,7,6,223,3,2,True,4,8,9,9
Michigan4,LS1,Combined,Set2,Draw1,7,col7,Combined|Set2|Draw1|col7,E,combined,1,3,2,1,7,7,2,1,1,True,4,8,9,9
Michigan4,LS1,Combined,Set2,Draw1,7,col7,Combined|Set2|Draw1|col7,E,combined,1,3,2,1,7,8,,0,0,False,4,8,9,9
Michigan4,LS1,Combined,Set2,Draw1,7,col7,Combined|Set2|Draw1|col7,T,own,1,3,2,1,7,0,922440011338,12,7,False,2,4,5,5
Michigan4,LS1,Combined,Set2,Draw1,7,col7,Combined|Set2|Draw1|col7,T,own,1,3,2,1,7,1,9224400,7,4,False,2,4,5,5
Michigan4,LS1,Combined,Set2,Draw1,7,col7,Combined|Set2|Draw1|col7,T,own,1,3,2,1,7,2,2200,4,2,True,2,4,5,5
Michigan4,LS1,Combined,Set2,Draw1,7,col7,Combined|Set2|Draw1|col7,T,own,1,3,2,1,7,3,22,2,1,True,2,4,5,5
Michigan4,LS1,Combined,Set2,Draw1,7,col7,Combined|Set2|Draw1|col7,T,own,1,3,2,1,7,4,,0,0,False,2,4,5,5
Michigan4,LS1,Combined,Set2,Draw1,7,col7,Combined|Set2|Draw1|col7,T,combined,1,3,2,1,7,0,922440011338,12,7,False,3,7,8,8
Michigan4,LS1,Combined,Set2,Draw1,7,col7,Combined|Set2|Draw1|col7,T,combined,1,3,2,1,7,1,9224400,7,4,False,3,7,8,8
Michigan4,LS1,Combined,Set2,Draw1,7,col7,Combined|Set2|Draw1|col7,T,combined,1,3,2,1,7,2,9224400,7,4,False,3,7,8,8
Michigan4,LS1,Combined,Set2,Draw1,7,col7,Combined|Set2|Draw1|col7,T,combined,1,3,2,1,7,3,2200,4,2,True,3,7,8,8
Michigan4,LS1,Combined,Set2,Draw1,7,col7,Combined|Set2|Draw1|col7,T,combined,1,3,2,1,7,4,2200,4,2,True,3,7,8,8
Michigan4,LS1,Combined,Set2,Draw1,7,col7,Combined|Set2|Draw1|col7,T,combined,1,3,2,1,7,5,22,2,1,True,3,7,8,8
Michigan4,LS1,Combined,Set2,Draw1,7,col7,Combined|Set2|Draw1|col7,T,combined,1,3,2,1,7,6,22,2,1,True,3,7,8,8
Michigan4,LS1,Combined,Set2,Draw1,7,col7,Combined|Set2|Draw1|col7,T,combined,1,3,2,1,7,7,,0,0,False,3,7,8,8
Michigan4,LS1,Combined,Set2,Draw1,6,col6,Combined|Set2|Draw1|col6,A,own,1,3,2,1,6,0,9224400118,10,6,False,2,4,29,5
Michigan4,LS1,Combined,Set2,Draw1,6,col6,Combined|Set2|Draw1|col6,A,own,1,3,2,1,6,1,9224400,7,4,False,2,4,29,5
Michigan4,LS1,Combined,Set2,Draw1,6,col6,Combined|Set2|Draw1|col6,A,own,1,3,2,1,6,2,2200,4,2,True,2,4,29,5
Michigan4,LS1,Combined,Set2,Draw1,6,col6,Combined|Set2|Draw1|col6,A,own,1,3,2,1,6,3,2200,4,2,True,2,4,29,5
Michigan4,LS1,Combined,Set2,Draw1,6,col6,Combined|Set2|Draw1|col6,A,own,1,3,2,1,6,4,00,2,1,True,2,4,29,5
Michigan4,LS1,Combined,Set2,Draw1,6,col6,Combined|Set2|Draw1|col6,A,combined,1,3,2,1,6,0,9224400118,10,6,False,3,7,57,6
Michigan4,LS1,Combined,Set2,Draw1,6,col6,Combined|Set2|Draw1|col6,A,combined,1,3,2,1,6,1,9224400,7,4,False,3,7,57,6
Michigan4,LS1,Combined,Set2,Draw1,6,col6,Combined|Set2|Draw1|col6,A,combined,1,3,2,1,6,2,9224400,7,4,False,3,7,57,6
Michigan4,LS1,Combined,Set2,Draw1,6,col6,Combined|Set2|Draw1|col6,A,combined,1,3,2,1,6,3,2200,4,2,True,3,7,57,6
Michigan4,LS1,Combined,Set2,Draw1,6,col6,Combined|Set2|Draw1|col6,A,combined,1,3,2,1,6,4,2200,4,2,True,3,7,57,6
Michigan4,LS1,Combined,Set2,Draw1,6,col6,Combined|Set2|Draw1|col6,A,combined,1,3,2,1,6,7,00,2,1,True,3,7,57,6
Michigan4,LS1,Combined,Set2,Draw1,6,col6,Combined|Set2|Draw1|col6,B,own,1,3,2,1,6,0,9224400118,10,6,False,2,4,5,5
Michigan4,LS1,Combined,Set2,Draw1,6,col6,Combined|Set2|Draw1|col6,B,own,1,3,2,1,6,1,9224400,7,4,False,2,4,5,5
Michigan4,LS1,Combined,Set2,Draw1,6,col6,Combined|Set2|Draw1|col6,B,own,1,3,2,1,6,2,2200,4,2,True,2,4,5,5
Michigan4,LS1,Combined,Set2,Draw1,6,col6,Combined|Set2|Draw1|col6,B,own,1,3,2,1,6,3,22,2,1,True,2,4,5,5
Michigan4,LS1,Combined,Set2,Draw1,6,col6,Combined|Set2|Draw1|col6,B,own,1,3,2,1,6,4,,0,0,False,2,4,5,5
Michigan4,LS1,Combined,Set2,Draw1,6,col6,Combined|Set2|Draw1|col6,B,combined,1,3,2,1,6,0,9224400118,10,6,False,3,7,8,8
Michigan4,LS1,Combined,Set2,Draw1,6,col6,Combined|Set2|Draw1|col6,B,combined,1,3,2,1,6,1,9224400,7,4,False,3,7,8,8
Michigan4,LS1,Combined,Set2,Draw1,6,col6,Combined|Set2|Draw1|col6,B,combined,1,3,2,1,6,2,9224400,7,4,False,3,7,8,8
Michigan4,LS1,Combined,Set2,Draw1,6,col6,Combined|Set2|Draw1|col6,B,combined,1,3,2,1,6,3,2200,4,2,True,3,7,8,8
Michigan4,LS1,Combined,Set2,Draw1,6,col6,Combined|Set2|Draw1|col6,B,combined,1,3,2,1,6,4,2200,4,2,True,3,7,8,8
Michigan4,LS1,Combined,Set2,Draw1,6,col6,Combined|Set2|Draw1|col6,B,combined,1,3,2,1,6,5,22,2,1,True,3,7,8,8
Michigan4,LS1,Combined,Set2,Draw1,6,col6,Combined|Set2|Draw1|col6,B,combined,1,3,2,1,6,6,22,2,1,True,3,7,8,8
Michigan4,LS1,Combined,Set2,Draw1,6,col6,Combined|Set2|Draw1|col6,B,combined,1,3,2,1,6,7,,0,0,False,3,7,8,8
Michigan4,LS1,Combined,Set2,Draw1,6,col6,Combined|Set2|Draw1|col6,C,own,1,3,2,1,6,0,9224400118,10,6,False,2,4,5,5
Michigan4,LS1,Combined,Set2,Draw1,6,col6,Combined|Set2|Draw1|col6,C,own,1,3,2,1,6,1,9224400,7,4,False,2,4,5,5
Michigan4,LS1,Combined,Set2,Draw1,6,col6,Combined|Set2|Draw1|col6,C,own,1,3,2,1,6,2,2200,4,2,True,2,4,5,5
Michigan4,LS1,Combined,Set2,Draw1,6,col6,Combined|Set2|Draw1|col6,C,own,1,3,2,1,6,3,22,2,1,True,2,4,5,5
Michigan4,LS1,Combined,Set2,Draw1,6,col6,Combined|Set2|Draw1|col6,C,own,1,3,2,1,6,4,,0,0,False,2,4,5,5
Michigan4,LS1,Combined,Set2,Draw1,6,col6,Combined|Set2|Draw1|col6,C,combined,1,3,2,1,6,0,9224400118,10,6,False,3,7,8,8
Michigan4,LS1,Combined,Set2,Draw1,6,col6,Combined|Set2|Draw1|col6,C,combined,1,3,2,1,6,1,9224400,7,4,False,3,7,8,8
Michigan4,LS1,Combined,Set2,Draw1,6,col6,Combined|Set2|Draw1|col6,C,combined,1,3,2,1,6,2,9224400,7,4,False,3,7,8,8
Michigan4,LS1,Combined,Set2,Draw1,6,col6,Combined|Set2|Draw1|col6,C,combined,1,3,2,1,6,3,2200,4,2,True,3,7,8,8
Michigan4,LS1,Combined,Set2,Draw1,6,col6,Combined|Set2|Draw1|col6,C,combined,1,3,2,1,6,4,2200,4,2,True,3,7,8,8
Michigan4,LS1,Combined,Set2,Draw1,6,col6,Combined|Set2|Draw1|col6,C,combined,1,3,2,1,6,5,22,2,1,True,3,7,8,8
Michigan4,LS1,Combined,Set2,Draw1,6,col6,Combined|Set2|Draw1|col6,C,combined,1,3,2,1,6,6,22,2,1,True,3,7,8,8
Michigan4,LS1,Combined,Set2,Draw1,6,col6,Combined|Set2|Draw1|col6,C,combined,1,3,2,1,6,7,,0,0,False,3,7,8,8
Michigan4,LS1,Combined,Set2,Draw1,6,col6,Combined|Set2|Draw1|col6,D,own,1,3,2,1,6,0,9224400118,10,6,False,2,5,6,6
Michigan4,LS1,Combined,Set2,Draw1,6,col6,Combined|Set2|Draw1|col6,D,own,1,3,2,1,6,1,9224400,7,4,False,2,5,6,6
Michigan4,LS1,Combined,Set2,Draw1,6,col6,Combined|Set2|Draw1|col6,D,own,1,3,2,1,6,2,2200,4,2,True,2,5,6,6
Michigan4,LS1,Combined,Set2,Draw1,6,col6,Combined|Set2|Draw1|col6,D,own,1,3,2,1,6,3,220,3,2,True,2,5,6,6
Michigan4,LS1,Combined,Set2,Draw1,6,col6,Combined|Set2|Draw1|col6,D,own,1,3,2,1,6,4,0,1,1,True,2,5,6,6
Michigan4,LS1,Combined,Set2,Draw1,6,col6,Combined|Set2|Draw1|col6,D,own,1,3,2,1,6,5,,0,0,False,2,5,6,6
Michigan4,LS1,Combined,Set2,Draw1,6,col6,Combined|Set2|Draw1|col6,D,combined,1,3,2,1,6,0,9224400118,10,6,False,3,7,8,8
Michigan4,LS1,Combined,Set2,Draw1,6,col6,Combined|Set2|Draw1|col6,D,combined,1,3,2,1,6,1,9224400,7,4,False,3,7,8,8
Michigan4,LS1,Combined,Set2,Draw1,6,col6,Combined|Set2|Draw1|col6,D,combined,1,3,2,1,6,2,9224400,7,4,False,3,7,8,8
Michigan4,LS1,Combined,Set2,Draw1,6,col6,Combined|Set2|Draw1|col6,D,combined,1,3,2,1,6,3,2200,4,2,True,3,7,8,8
Michigan4,LS1,Combined,Set2,Draw1,6,col6,Combined|Set2|Draw1|col6,D,combined,1,3,2,1,6,4,2200,4,2,True,3,7,8,8
Michigan4,LS1,Combined,Set2,Draw1,6,col6,Combined|Set2|Draw1|col6,D,combined,1,3,2,1,6,5,220,3,2,True,3,7,8,8
Michigan4,LS1,Combined,Set2,Draw1,6,col6,Combined|Set2|Draw1|col6,D,combined,1,3,2,1,6,6,22,2,1,True,3,7,8,8
Michigan4,LS1,Combined,Set2,Draw1,6,col6,Combined|Set2|Draw1|col6,D,combined,1,3,2,1,6,7,,0,0,False,3,7,8,8
Michigan4,LS1,Combined,Set2,Draw1,6,col6,Combined|Set2|Draw1|col6,E,own,1,3,2,1,6,0,9224400118,10,6,False,2,5,6,6
Michigan4,LS1,Combined,Set2,Draw1,6,col6,Combined|Set2|Draw1|col6,E,own,1,3,2,1,6,1,9224400,7,4,False,2,5,6,6
Michigan4,LS1,Combined,Set2,Draw1,6,col6,Combined|Set2|Draw1|col6,E,own,1,3,2,1,6,2,22400,5,3,True,2,5,6,6
Michigan4,LS1,Combined,Set2,Draw1,6,col6,Combined|Set2|Draw1|col6,E,own,1,3,2,1,6,3,220,3,2,True,2,5,6,6
Michigan4,LS1,Combined,Set2,Draw1,6,col6,Combined|Set2|Draw1|col6,E,own,1,3,2,1,6,4,20,2,2,True,2,5,6,6
Michigan4,LS1,Combined,Set2,Draw1,6,col6,Combined|Set2|Draw1|col6,E,own,1,3,2,1,6,5,,0,0,False,2,5,6,6
Michigan4,LS1,Combined,Set2,Draw1,6,col6,Combined|Set2|Draw1|col6,E,combined,1,3,2,1,6,0,9224400118,10,6,False,3,8,9,9
Michigan4,LS1,Combined,Set2,Draw1,6,col6,Combined|Set2|Draw1|col6,E,combined,1,3,2,1,6,1,9224400,7,4,False,3,8,9,9
Michigan4,LS1,Combined,Set2,Draw1,6,col6,Combined|Set2|Draw1|col6,E,combined,1,3,2,1,6,2,9224400,7,4,False,3,8,9,9
Michigan4,LS1,Combined,Set2,Draw1,6,col6,Combined|Set2|Draw1|col6,E,combined,1,3,2,1,6,3,22400,5,3,True,3,8,9,9
Michigan4,LS1,Combined,Set2,Draw1,6,col6,Combined|Set2|Draw1|col6,E,combined,1,3,2,1,6,4,2200,4,2,True,3,8,9,9
Michigan4,LS1,Combined,Set2,Draw1,6,col6,Combined|Set2|Draw1|col6,E,combined,1,3,2,1,6,5,220,3,2,True,3,8,9,9
Michigan4,LS1,Combined,Set2,Draw1,6,col6,Combined|Set2|Draw1|col6,E,combined,1,3,2,1,6,6,22,2,1,True,3,8,9,9
Michigan4,LS1,Combined,Set2,Draw1,6,col6,Combined|Set2|Draw1|col6,E,combined,1,3,2,1,6,7,2,1,1,True,3,8,9,9
Michigan4,LS1,Combined,Set2,Draw1,6,col6,Combined|Set2|Draw1|col6,E,combined,1,3,2,1,6,8,,0,0,False,3,8,9,9
Michigan4,LS1,Combined,Set2,Draw1,6,col6,Combined|Set2|Draw1|col6,T,own,1,3,2,1,6,0,9224400118,10,6,False,2,4,5,5
Michigan4,LS1,Combined,Set2,Draw1,6,col6,Combined|Set2|Draw1|col6,T,own,1,3,2,1,6,1,9224400,7,4,False,2,4,5,5
Michigan4,LS1,Combined,Set2,Draw1,6,col6,Combined|Set2|Draw1|col6,T,own,1,3,2,1,6,2,2200,4,2,True,2,4,5,5
Michigan4,LS1,Combined,Set2,Draw1,6,col6,Combined|Set2|Draw1|col6,T,own,1,3,2,1,6,3,22,2,1,True,2,4,5,5
Michigan4,LS1,Combined,Set2,Draw1,6,col6,Combined|Set2|Draw1|col6,T,own,1,3,2,1,6,4,,0,0,False,2,4,5,5
Michigan4,LS1,Combined,Set2,Draw1,6,col6,Combined|Set2|Draw1|col6,T,combined,1,3,2,1,6,0,9224400118,10,6,False,3,7,8,8
Michigan4,LS1,Combined,Set2,Draw1,6,col6,Combined|Set2|Draw1|col6,T,combined,1,3,2,1,6,1,9224400,7,4,False,3,7,8,8
Michigan4,LS1,Combined,Set2,Draw1,6,col6,Combined|Set2|Draw1|col6,T,combined,1,3,2,1,6,2,9224400,7,4,False,3,7,8,8
Michigan4,LS1,Combined,Set2,Draw1,6,col6,Combined|Set2|Draw1|col6,T,combined,1,3,2,1,6,3,2200,4,2,True,3,7,8,8
Michigan4,LS1,Combined,Set2,Draw1,6,col6,Combined|Set2|Draw1|col6,T,combined,1,3,2,1,6,4,2200,4,2,True,3,7,8,8
Michigan4,LS1,Combined,Set2,Draw1,6,col6,Combined|Set2|Draw1|col6,T,combined,1,3,2,1,6,5,22,2,1,True,3,7,8,8
Michigan4,LS1,Combined,Set2,Draw1,6,col6,Combined|Set2|Draw1|col6,T,combined,1,3,2,1,6,6,22,2,1,True,3,7,8,8
Michigan4,LS1,Combined,Set2,Draw1,6,col6,Combined|Set2|Draw1|col6,T,combined,1,3,2,1,6,7,,0,0,False,3,7,8,8
Michigan4,LS1,Combined,Set2,Draw1,5,col5,Combined|Set2|Draw1|col5,A,own,1,3,2,1,5,0,92240011,8,5,False,2,4,29,5
Michigan4,LS1,Combined,Set2,Draw1,5,col5,Combined|Set2|Draw1|col5,A,own,1,3,2,1,5,1,922400,6,4,False,2,4,29,5
Michigan4,LS1,Combined,Set2,Draw1,5,col5,Combined|Set2|Draw1|col5,A,own,1,3,2,1,5,2,2200,4,2,True,2,4,29,5
Michigan4,LS1,Combined,Set2,Draw1,5,col5,Combined|Set2|Draw1|col5,A,own,1,3,2,1,5,3,2200,4,2,True,2,4,29,5
Michigan4,LS1,Combined,Set2,Draw1,5,col5,Combined|Set2|Draw1|col5,A,own,1,3,2,1,5,4,00,2,1,True,2,4,29,5
Michigan4,LS1,Combined,Set2,Draw1,5,col5,Combined|Set2|Draw1|col5,A,combined,1,3,2,1,5,0,92240011,8,5,False,3,7,57,6
Michigan4,LS1,Combined,Set2,Draw1,5,col5,Combined|Set2|Draw1|col5,A,combined,1,3,2,1,5,1,922400,6,4,False,3,7,57,6
Michigan4,LS1,Combined,Set2,Draw1,5,col5,Combined|Set2|Draw1|col5,A,combined,1,3,2,1,5,2,922400,6,4,False,3,7,57,6
Michigan4,LS1,Combined,Set2,Draw1,5,col5,Combined|Set2|Draw1|col5,A,combined,1,3,2,1,5,3,2200,4,2,True,3,7,57,6
Michigan4,LS1,Combined,Set2,Draw1,5,col5,Combined|Set2|Draw1|col5,A,combined,1,3,2,1,5,4,2200,4,2,True,3,7,57,6
Michigan4,LS1,Combined,Set2,Draw1,5,col5,Combined|Set2|Draw1|col5,A,combined,1,3,2,1,5,7,00,2,1,True,3,7,57,6
Michigan4,LS1,Combined,Set2,Draw1,5,col5,Combined|Set2|Draw1|col5,B,own,1,3,2,1,5,0,92240011,8,5,False,2,4,5,5
Michigan4,LS1,Combined,Set2,Draw1,5,col5,Combined|Set2|Draw1|col5,B,own,1,3,2,1,5,1,922400,6,4,False,2,4,5,5
Michigan4,LS1,Combined,Set2,Draw1,5,col5,Combined|Set2|Draw1|col5,B,own,1,3,2,1,5,2,2200,4,2,True,2,4,5,5
Michigan4,LS1,Combined,Set2,Draw1,5,col5,Combined|Set2|Draw1|col5,B,own,1,3,2,1,5,3,22,2,1,True,2,4,5,5
Michigan4,LS1,Combined,Set2,Draw1,5,col5,Combined|Set2|Draw1|col5,B,own,1,3,2,1,5,4,,0,0,False,2,4,5,5
Michigan4,LS1,Combined,Set2,Draw1,5,col5,Combined|Set2|Draw1|col5,B,combined,1,3,2,1,5,0,92240011,8,5,False,3,7,8,8
Michigan4,LS1,Combined,Set2,Draw1,5,col5,Combined|Set2|Draw1|col5,B,combined,1,3,2,1,5,1,922400,6,4,False,3,7,8,8
Michigan4,LS1,Combined,Set2,Draw1,5,col5,Combined|Set2|Draw1|col5,B,combined,1,3,2,1,5,2,922400,6,4,False,3,7,8,8
Michigan4,LS1,Combined,Set2,Draw1,5,col5,Combined|Set2|Draw1|col5,B,combined,1,3,2,1,5,3,2200,4,2,True,3,7,8,8
Michigan4,LS1,Combined,Set2,Draw1,5,col5,Combined|Set2|Draw1|col5,B,combined,1,3,2,1,5,4,2200,4,2,True,3,7,8,8
Michigan4,LS1,Combined,Set2,Draw1,5,col5,Combined|Set2|Draw1|col5,B,combined,1,3,2,1,5,5,22,2,1,True,3,7,8,8
Michigan4,LS1,Combined,Set2,Draw1,5,col5,Combined|Set2|Draw1|col5,B,combined,1,3,2,1,5,6,22,2,1,True,3,7,8,8
Michigan4,LS1,Combined,Set2,Draw1,5,col5,Combined|Set2|Draw1|col5,B,combined,1,3,2,1,5,7,,0,0,False,3,7,8,8
Michigan4,LS1,Combined,Set2,Draw1,5,col5,Combined|Set2|Draw1|col5,C,own,1,3,2,1,5,0,92240011,8,5,False,2,4,5,5
Michigan4,LS1,Combined,Set2,Draw1,5,col5,Combined|Set2|Draw1|col5,C,own,1,3,2,1,5,1,922400,6,4,False,2,4,5,5
Michigan4,LS1,Combined,Set2,Draw1,5,col5,Combined|Set2|Draw1|col5,C,own,1,3,2,1,5,2,2200,4,2,True,2,4,5,5
Michigan4,LS1,Combined,Set2,Draw1,5,col5,Combined|Set2|Draw1|col5,C,own,1,3,2,1,5,3,22,2,1,True,2,4,5,5
Michigan4,LS1,Combined,Set2,Draw1,5,col5,Combined|Set2|Draw1|col5,C,own,1,3,2,1,5,4,,0,0,False,2,4,5,5
Michigan4,LS1,Combined,Set2,Draw1,5,col5,Combined|Set2|Draw1|col5,C,combined,1,3,2,1,5,0,92240011,8,5,False,3,7,8,8
Michigan4,LS1,Combined,Set2,Draw1,5,col5,Combined|Set2|Draw1|col5,C,combined,1,3,2,1,5,1,922400,6,4,False,3,7,8,8
Michigan4,LS1,Combined,Set2,Draw1,5,col5,Combined|Set2|Draw1|col5,C,combined,1,3,2,1,5,2,922400,6,4,False,3,7,8,8
Michigan4,LS1,Combined,Set2,Draw1,5,col5,Combined|Set2|Draw1|col5,C,combined,1,3,2,1,5,3,2200,4,2,True,3,7,8,8
Michigan4,LS1,Combined,Set2,Draw1,5,col5,Combined|Set2|Draw1|col5,C,combined,1,3,2,1,5,4,2200,4,2,True,3,7,8,8
Michigan4,LS1,Combined,Set2,Draw1,5,col5,Combined|Set2|Draw1|col5,C,combined,1,3,2,1,5,5,22,2,1,True,3,7,8,8
Michigan4,LS1,Combined,Set2,Draw1,5,col5,Combined|Set2|Draw1|col5,C,combined,1,3,2,1,5,6,22,2,1,True,3,7,8,8
Michigan4,LS1,Combined,Set2,Draw1,5,col5,Combined|Set2|Draw1|col5,C,combined,1,3,2,1,5,7,,0,0,False,3,7,8,8
Michigan4,LS1,Combined,Set2,Draw1,5,col5,Combined|Set2|Draw1|col5,D,own,1,3,2,1,5,0,92240011,8,5,False,2,5,6,6
Michigan4,LS1,Combined,Set2,Draw1,5,col5,Combined|Set2|Draw1|col5,D,own,1,3,2,1,5,1,922400,6,4,False,2,5,6,6
Michigan4,LS1,Combined,Set2,Draw1,5,col5,Combined|Set2|Draw1|col5,D,own,1,3,2,1,5,2,2200,4,2,True,2,5,6,6
Michigan4,LS1,Combined,Set2,Draw1,5,col5,Combined|Set2|Draw1|col5,D,own,1,3,2,1,5,3,220,3,2,True,2,5,6,6
Michigan4,LS1,Combined,Set2,Draw1,5,col5,Combined|Set2|Draw1|col5,D,own,1,3,2,1,5,4,0,1,1,True,2,5,6,6
Michigan4,LS1,Combined,Set2,Draw1,5,col5,Combined|Set2|Draw1|col5,D,own,1,3,2,1,5,5,,0,0,False,2,5,6,6
Michigan4,LS1,Combined,Set2,Draw1,5,col5,Combined|Set2|Draw1|col5,D,combined,1,3,2,1,5,0,92240011,8,5,False,3,7,8,8
Michigan4,LS1,Combined,Set2,Draw1,5,col5,Combined|Set2|Draw1|col5,D,combined,1,3,2,1,5,1,922400,6,4,False,3,7,8,8
Michigan4,LS1,Combined,Set2,Draw1,5,col5,Combined|Set2|Draw1|col5,D,combined,1,3,2,1,5,2,922400,6,4,False,3,7,8,8
Michigan4,LS1,Combined,Set2,Draw1,5,col5,Combined|Set2|Draw1|col5,D,combined,1,3,2,1,5,3,2200,4,2,True,3,7,8,8
Michigan4,LS1,Combined,Set2,Draw1,5,col5,Combined|Set2|Draw1|col5,D,combined,1,3,2,1,5,4,2200,4,2,True,3,7,8,8
Michigan4,LS1,Combined,Set2,Draw1,5,col5,Combined|Set2|Draw1|col5,D,combined,1,3,2,1,5,5,220,3,2,True,3,7,8,8
Michigan4,LS1,Combined,Set2,Draw1,5,col5,Combined|Set2|Draw1|col5,D,combined,1,3,2,1,5,6,22,2,1,True,3,7,8,8
Michigan4,LS1,Combined,Set2,Draw1,5,col5,Combined|Set2|Draw1|col5,D,combined,1,3,2,1,5,7,,0,0,False,3,7,8,8
Michigan4,LS1,Combined,Set2,Draw1,5,col5,Combined|Set2|Draw1|col5,E,own,1,3,2,1,5,0,92240011,8,5,False,2,5,6,6
Michigan4,LS1,Combined,Set2,Draw1,5,col5,Combined|Set2|Draw1|col5,E,own,1,3,2,1,5,1,922400,6,4,False,2,5,6,6
Michigan4,LS1,Combined,Set2,Draw1,5,col5,Combined|Set2|Draw1|col5,E,own,1,3,2,1,5,2,2200,4,2,True,2,5,6,6
Michigan4,LS1,Combined,Set2,Draw1,5,col5,Combined|Set2|Draw1|col5,E,own,1,3,2,1,5,3,220,3,2,True,2,5,6,6
Michigan4,LS1,Combined,Set2,Draw1,5,col5,Combined|Set2|Draw1|col5,E,own,1,3,2,1,5,4,20,2,2,True,2,5,6,6
Michigan4,LS1,Combined,Set2,Draw1,5,col5,Combined|Set2|Draw1|col5,E,own,1,3,2,1,5,5,,0,0,False,2,5,6,6
Michigan4,LS1,Combined,Set2,Draw1,5,col5,Combined|Set2|Draw1|col5,E,combined,1,3,2,1,5,0,92240011,8,5,False,3,8,9,9
Michigan4,LS1,Combined,Set2,Draw1,5,col5,Combined|Set2|Draw1|col5,E,combined,1,3,2,1,5,1,922400,6,4,False,3,8,9,9
Michigan4,LS1,Combined,Set2,Draw1,5,col5,Combined|Set2|Draw1|col5,E,combined,1,3,2,1,5,2,922400,6,4,False,3,8,9,9
Michigan4,LS1,Combined,Set2,Draw1,5,col5,Combined|Set2|Draw1|col5,E,combined,1,3,2,1,5,3,2200,4,2,True,3,8,9,9
Michigan4,LS1,Combined,Set2,Draw1,5,col5,Combined|Set2|Draw1|col5,E,combined,1,3,2,1,5,4,2200,4,2,True,3,8,9,9
Michigan4,LS1,Combined,Set2,Draw1,5,col5,Combined|Set2|Draw1|col5,E,combined,1,3,2,1,5,5,220,3,2,True,3,8,9,9
Michigan4,LS1,Combined,Set2,Draw1,5,col5,Combined|Set2|Draw1|col5,E,combined,1,3,2,1,5,6,22,2,1,True,3,8,9,9
Michigan4,LS1,Combined,Set2,Draw1,5,col5,Combined|Set2|Draw1|col5,E,combined,1,3,2,1,5,7,2,1,1,True,3,8,9,9
Michigan4,LS1,Combined,Set2,Draw1,5,col5,Combined|Set2|Draw1|col5,E,combined,1,3,2,1,5,8,,0,0,False,3,8,9,9
Michigan4,LS1,Combined,Set2,Draw1,5,col5,Combined|Set2|Draw1|col5,T,own,1,3,2,1,5,0,92240011,8,5,False,2,4,5,5
Michigan4,LS1,Combined,Set2,Draw1,5,col5,Combined|Set2|Draw1|col5,T,own,1,3,2,1,5,1,922400,6,4,False,2,4,5,5
Michigan4,LS1,Combined,Set2,Draw1,5,col5,Combined|Set2|Draw1|col5,T,own,1,3,2,1,5,2,2200,4,2,True,2,4,5,5
Michigan4,LS1,Combined,Set2,Draw1,5,col5,Combined|Set2|Draw1|col5,T,own,1,3,2,1,5,3,22,2,1,True,2,4,5,5
Michigan4,LS1,Combined,Set2,Draw1,5,col5,Combined|Set2|Draw1|col5,T,own,1,3,2,1,5,4,,0,0,False,2,4,5,5
Michigan4,LS1,Combined,Set2,Draw1,5,col5,Combined|Set2|Draw1|col5,T,combined,1,3,2,1,5,0,92240011,8,5,False,3,7,8,8
Michigan4,LS1,Combined,Set2,Draw1,5,col5,Combined|Set2|Draw1|col5,T,combined,1,3,2,1,5,1,922400,6,4,False,3,7,8,8
Michigan4,LS1,Combined,Set2,Draw1,5,col5,Combined|Set2|Draw1|col5,T,combined,1,3,2,1,5,2,922400,6,4,False,3,7,8,8
Michigan4,LS1,Combined,Set2,Draw1,5,col5,Combined|Set2|Draw1|col5,T,combined,1,3,2,1,5,3,2200,4,2,True,3,7,8,8
Michigan4,LS1,Combined,Set2,Draw1,5,col5,Combined|Set2|Draw1|col5,T,combined,1,3,2,1,5,4,2200,4,2,True,3,7,8,8
Michigan4,LS1,Combined,Set2,Draw1,5,col5,Combined|Set2|Draw1|col5,T,combined,1,3,2,1,5,5,22,2,1,True,3,7,8,8
Michigan4,LS1,Combined,Set2,Draw1,5,col5,Combined|Set2|Draw1|col5,T,combined,1,3,2,1,5,6,22,2,1,True,3,7,8,8
Michigan4,LS1,Combined,Set2,Draw1,5,col5,Combined|Set2|Draw1|col5,T,combined,1,3,2,1,5,7,,0,0,False,3,7,8,8
Michigan4,LS1,Combined,Set1,Draw1,7,col7,Combined|Set1|Draw1|col7,A,own,1,3,1,1,7,0,992244001186,12,7,False,2,4,29,5
Michigan4,LS1,Combined,Set1,Draw1,7,col7,Combined|Set1|Draw1|col7,A,own,1,3,1,1,7,1,99224400,8,4,False,2,4,29,5
Michigan4,LS1,Combined,Set1,Draw1,7,col7,Combined|Set1|Draw1|col7,A,own,1,3,1,1,7,2,2200,4,2,True,2,4,29,5
Michigan4,LS1,Combined,Set1,Draw1,7,col7,Combined|Set1|Draw1|col7,A,own,1,3,1,1,7,3,2200,4,2,True,2,4,29,5
Michigan4,LS1,Combined,Set1,Draw1,7,col7,Combined|Set1|Draw1|col7,A,own,1,3,1,1,7,4,00,2,1,True,2,4,29,5
Michigan4,LS1,Combined,Set1,Draw1,7,col7,Combined|Set1|Draw1|col7,A,combined,1,3,1,1,7,0,992244001186,12,7,False,3,7,57,6
Michigan4,LS1,Combined,Set1,Draw1,7,col7,Combined|Set1|Draw1|col7,A,combined,1,3,1,1,7,1,99224400,8,4,False,3,7,57,6
Michigan4,LS1,Combined,Set1,Draw1,7,col7,Combined|Set1|Draw1|col7,A,combined,1,3,1,1,7,2,99224400,8,4,False,3,7,57,6
Michigan4,LS1,Combined,Set1,Draw1,7,col7,Combined|Set1|Draw1|col7,A,combined,1,3,1,1,7,3,2200,4,2,True,3,7,57,6
Michigan4,LS1,Combined,Set1,Draw1,7,col7,Combined|Set1|Draw1|col7,A,combined,1,3,1,1,7,4,2200,4,2,True,3,7,57,6
Michigan4,LS1,Combined,Set1,Draw1,7,col7,Combined|Set1|Draw1|col7,A,combined,1,3,1,1,7,7,00,2,1,True,3,7,57,6
Michigan4,LS1,Combined,Set1,Draw1,7,col7,Combined|Set1|Draw1|col7,B,own,1,3,1,1,7,0,992244001186,12,7,False,2,4,5,5
Michigan4,LS1,Combined,Set1,Draw1,7,col7,Combined|Set1|Draw1|col7,B,own,1,3,1,1,7,1,99224400,8,4,False,2,4,5,5
Michigan4,LS1,Combined,Set1,Draw1,7,col7,Combined|Set1|Draw1|col7,B,own,1,3,1,1,7,2,2200,4,2,True,2,4,5,5
Michigan4,LS1,Combined,Set1,Draw1,7,col7,Combined|Set1|Draw1|col7,B,own,1,3,1,1,7,3,22,2,1,True,2,4,5,5
Michigan4,LS1,Combined,Set1,Draw1,7,col7,Combined|Set1|Draw1|col7,B,own,1,3,1,1,7,4,,0,0,False,2,4,5,5
Michigan4,LS1,Combined,Set1,Draw1,7,col7,Combined|Set1|Draw1|col7,B,combined,1,3,1,1,7,0,992244001186,12,7,False,3,7,8,8
Michigan4,LS1,Combined,Set1,Draw1,7,col7,Combined|Set1|Draw1|col7,B,combined,1,3,1,1,7,1,99224400,8,4,False,3,7,8,8
Michigan4,LS1,Combined,Set1,Draw1,7,col7,Combined|Set1|Draw1|col7,B,combined,1,3,1,1,7,2,99224400,8,4,False,3,7,8,8
Michigan4,LS1,Combined,Set1,Draw1,7,col7,Combined|Set1|Draw1|col7,B,combined,1,3,1,1,7,3,2200,4,2,True,3,7,8,8
Michigan4,LS1,Combined,Set1,Draw1,7,col7,Combined|Set1|Draw1|col7,B,combined,1,3,1,1,7,4,2200,4,2,True,3,7,8,8
Michigan4,LS1,Combined,Set1,Draw1,7,col7,Combined|Set1|Draw1|col7,B,combined,1,3,1,1,7,5,22,2,1,True,3,7,8,8
Michigan4,LS1,Combined,Set1,Draw1,7,col7,Combined|Set1|Draw1|col7,B,combined,1,3,1,1,7,6,22,2,1,True,3,7,8,8
Michigan4,LS1,Combined,Set1,Draw1,7,col7,Combined|Set1|Draw1|col7,B,combined,1,3,1,1,7,7,,0,0,False,3,7,8,8
Michigan4,LS1,Combined,Set1,Draw1,7,col7,Combined|Set1|Draw1|col7,C,own,1,3,1,1,7,0,992244001186,12,7,False,2,4,5,5
Michigan4,LS1,Combined,Set1,Draw1,7,col7,Combined|Set1|Draw1|col7,C,own,1,3,1,1,7,1,99224400,8,4,False,2,4,5,5
Michigan4,LS1,Combined,Set1,Draw1,7,col7,Combined|Set1|Draw1|col7,C,own,1,3,1,1,7,2,2200,4,2,True,2,4,5,5
Michigan4,LS1,Combined,Set1,Draw1,7,col7,Combined|Set1|Draw1|col7,C,own,1,3,1,1,7,3,22,2,1,True,2,4,5,5
Michigan4,LS1,Combined,Set1,Draw1,7,col7,Combined|Set1|Draw1|col7,C,own,1,3,1,1,7,4,,0,0,False,2,4,5,5
Michigan4,LS1,Combined,Set1,Draw1,7,col7,Combined|Set1|Draw1|col7,C,combined,1,3,1,1,7,0,992244001186,12,7,False,3,7,8,8
Michigan4,LS1,Combined,Set1,Draw1,7,col7,Combined|Set1|Draw1|col7,C,combined,1,3,1,1,7,1,99224400,8,4,False,3,7,8,8
Michigan4,LS1,Combined,Set1,Draw1,7,col7,Combined|Set1|Draw1|col7,C,combined,1,3,1,1,7,2,99224400,8,4,False,3,7,8,8
Michigan4,LS1,Combined,Set1,Draw1,7,col7,Combined|Set1|Draw1|col7,C,combined,1,3,1,1,7,3,2200,4,2,True,3,7,8,8
Michigan4,LS1,Combined,Set1,Draw1,7,col7,Combined|Set1|Draw1|col7,C,combined,1,3,1,1,7,4,2200,4,2,True,3,7,8,8
Michigan4,LS1,Combined,Set1,Draw1,7,col7,Combined|Set1|Draw1|col7,C,combined,1,3,1,1,7,5,22,2,1,True,3,7,8,8
Michigan4,LS1,Combined,Set1,Draw1,7,col7,Combined|Set1|Draw1|col7,C,combined,1,3,1,1,7,6,22,2,1,True,3,7,8,8
Michigan4,LS1,Combined,Set1,Draw1,7,col7,Combined|Set1|Draw1|col7,C,combined,1,3,1,1,7,7,,0,0,False,3,7,8,8
Michigan4,LS1,Combined,Set1,Draw1,7,col7,Combined|Set1|Draw1|col7,D,own,1,3,1,1,7,0,992244001186,12,7,False,2,5,6,6
Michigan4,LS1,Combined,Set1,Draw1,7,col7,Combined|Set1|Draw1|col7,D,own,1,3,1,1,7,1,99224400,8,4,False,2,5,6,6
Michigan4,LS1,Combined,Set1,Draw1,7,col7,Combined|Set1|Draw1|col7,D,own,1,3,1,1,7,2,2200,4,2,True,2,5,6,6
Michigan4,LS1,Combined,Set1,Draw1,7,col7,Combined|Set1|Draw1|col7,D,own,1,3,1,1,7,3,220,3,2,True,2,5,6,6
Michigan4,LS1,Combined,Set1,Draw1,7,col7,Combined|Set1|Draw1|col7,D,own,1,3,1,1,7,4,0,1,1,True,2,5,6,6
Michigan4,LS1,Combined,Set1,Draw1,7,col7,Combined|Set1|Draw1|col7,D,own,1,3,1,1,7,5,,0,0,False,2,5,6,6
Michigan4,LS1,Combined,Set1,Draw1,7,col7,Combined|Set1|Draw1|col7,D,combined,1,3,1,1,7,0,992244001186,12,7,False,3,7,8,8
Michigan4,LS1,Combined,Set1,Draw1,7,col7,Combined|Set1|Draw1|col7,D,combined,1,3,1,1,7,1,99224400,8,4,False,3,7,8,8
Michigan4,LS1,Combined,Set1,Draw1,7,col7,Combined|Set1|Draw1|col7,D,combined,1,3,1,1,7,2,99224400,8,4,False,3,7,8,8
Michigan4,LS1,Combined,Set1,Draw1,7,col7,Combined|Set1|Draw1|col7,D,combined,1,3,1,1,7,3,2200,4,2,True,3,7,8,8
Michigan4,LS1,Combined,Set1,Draw1,7,col7,Combined|Set1|Draw1|col7,D,combined,1,3,1,1,7,4,2200,4,2,True,3,7,8,8
Michigan4,LS1,Combined,Set1,Draw1,7,col7,Combined|Set1|Draw1|col7,D,combined,1,3,1,1,7,5,220,3,2,True,3,7,8,8
Michigan4,LS1,Combined,Set1,Draw1,7,col7,Combined|Set1|Draw1|col7,D,combined,1,3,1,1,7,6,22,2,1,True,3,7,8,8
Michigan4,LS1,Combined,Set1,Draw1,7,col7,Combined|Set1|Draw1|col7,D,combined,1,3,1,1,7,7,,0,0,False,3,7,8,8
Michigan4,LS1,Combined,Set1,Draw1,7,col7,Combined|Set1|Draw1|col7,E,own,1,3,1,1,7,0,992244001186,12,7,False,3,6,7,7
Michigan4,LS1,Combined,Set1,Draw1,7,col7,Combined|Set1|Draw1|col7,E,own,1,3,1,1,7,1,992244001,9,5,False,3,6,7,7
Michigan4,LS1,Combined,Set1,Draw1,7,col7,Combined|Set1|Draw1|col7,E,own,1,3,1,1,7,2,922400,6,4,False,3,6,7,7
Michigan4,LS1,Combined,Set1,Draw1,7,col7,Combined|Set1|Draw1|col7,E,own,1,3,1,1,7,3,9220,4,3,True,3,6,7,7
Michigan4,LS1,Combined,Set1,Draw1,7,col7,Combined|Set1|Draw1|col7,E,own,1,3,1,1,7,4,920,3,3,True,3,6,7,7
Michigan4,LS1,Combined,Set1,Draw1,7,col7,Combined|Set1|Draw1|col7,E,own,1,3,1,1,7,5,9,1,1,True,3,6,7,7
Michigan4,LS1,Combined,Set1,Draw1,7,col7,Combined|Set1|Draw1|col7,E,own,1,3,1,1,7,6,,0,0,False,3,6,7,7
Michigan4,LS1,Combined,Set1,Draw1,7,col7,Combined|Set1|Draw1|col7,E,combined,1,3,1,1,7,0,992244001186,12,7,False,4,8,9,9
Michigan4,LS1,Combined,Set1,Draw1,7,col7,Combined|Set1|Draw1|col7,E,combined,1,3,1,1,7,1,992244001,9,5,False,4,8,9,9
Michigan4,LS1,Combined,Set1,Draw1,7,col7,Combined|Set1|Draw1|col7,E,combined,1,3,1,1,7,2,99224400,8,4,False,4,8,9,9
Michigan4,LS1,Combined,Set1,Draw1,7,col7,Combined|Set1|Draw1|col7,E,combined,1,3,1,1,7,3,922400,6,4,False,4,8,9,9
Michigan4,LS1,Combined,Set1,Draw1,7,col7,Combined|Set1|Draw1|col7,E,combined,1,3,1,1,7,4,2200,4,2,True,4,8,9,9
Michigan4,LS1,Combined,Set1,Draw1,7,col7,Combined|Set1|Draw1|col7,E,combined,1,3,1,1,7,5,220,3,2,True,4,8,9,9
Michigan4,LS1,Combined,Set1,Draw1,7,col7,Combined|Set1|Draw1|col7,E,combined,1,3,1,1,7,6,22,2,1,True,4,8,9,9
Michigan4,LS1,Combined,Set1,Draw1,7,col7,Combined|Set1|Draw1|col7,E,combined,1,3,1,1,7,7,2,1,1,True,4,8,9,9
Michigan4,LS1,Combined,Set1,Draw1,7,col7,Combined|Set1|Draw1|col7,E,combined,1,3,1,1,7,8,,0,0,False,4,8,9,9
Michigan4,LS1,Combined,Set1,Draw1,7,col7,Combined|Set1|Draw1|col7,T,own,1,3,1,1,7,0,992244001186,12,7,False,2,4,5,5
Michigan4,LS1,Combined,Set1,Draw1,7,col7,Combined|Set1|Draw1|col7,T,own,1,3,1,1,7,1,99224400,8,4,False,2,4,5,5
Michigan4,LS1,Combined,Set1,Draw1,7,col7,Combined|Set1|Draw1|col7,T,own,1,3,1,1,7,2,2200,4,2,True,2,4,5,5
Michigan4,LS1,Combined,Set1,Draw1,7,col7,Combined|Set1|Draw1|col7,T,own,1,3,1,1,7,3,22,2,1,True,2,4,5,5
Michigan4,LS1,Combined,Set1,Draw1,7,col7,Combined|Set1|Draw1|col7,T,own,1,3,1,1,7,4,,0,0,False,2,4,5,5
Michigan4,LS1,Combined,Set1,Draw1,7,col7,Combined|Set1|Draw1|col7,T,combined,1,3,1,1,7,0,992244001186,12,7,False,3,7,8,8
Michigan4,LS1,Combined,Set1,Draw1,7,col7,Combined|Set1|Draw1|col7,T,combined,1,3,1,1,7,1,99224400,8,4,False,3,7,8,8
Michigan4,LS1,Combined,Set1,Draw1,7,col7,Combined|Set1|Draw1|col7,T,combined,1,3,1,1,7,2,99224400,8,4,False,3,7,8,8
Michigan4,LS1,Combined,Set1,Draw1,7,col7,Combined|Set1|Draw1|col7,T,combined,1,3,1,1,7,3,2200,4,2,True,3,7,8,8
Michigan4,LS1,Combined,Set1,Draw1,7,col7,Combined|Set1|Draw1|col7,T,combined,1,3,1,1,7,4,2200,4,2,True,3,7,8,8
Michigan4,LS1,Combined,Set1,Draw1,7,col7,Combined|Set1|Draw1|col7,T,combined,1,3,1,1,7,5,22,2,1,True,3,7,8,8
Michigan4,LS1,Combined,Set1,Draw1,7,col7,Combined|Set1|Draw1|col7,T,combined,1,3,1,1,7,6,22,2,1,True,3,7,8,8
Michigan4,LS1,Combined,Set1,Draw1,7,col7,Combined|Set1|Draw1|col7,T,combined,1,3,1,1,7,7,,0,0,False,3,7,8,8
Michigan4,LS1,Combined,Set1,Draw1,6,col6,Combined|Set1|Draw1|col6,A,own,1,3,1,1,6,0,992240011,9,5,False,2,4,29,5
Michigan4,LS1,Combined,Set1,Draw1,6,col6,Combined|Set1|Draw1|col6,A,own,1,3,1,1,6,1,9922400,7,4,False,2,4,29,5
Michigan4,LS1,Combined,Set1,Draw1,6,col6,Combined|Set1|Draw1|col6,A,own,1,3,1,1,6,2,2200,4,2,True,2,4,29,5
Michigan4,LS1,Combined,Set1,Draw1,6,col6,Combined|Set1|Draw1|col6,A,own,1,3,1,1,6,3,2200,4,2,True,2,4,29,5
Michigan4,LS1,Combined,Set1,Draw1,6,col6,Combined|Set1|Draw1|col6,A,own,1,3,1,1,6,4,00,2,1,True,2,4,29,5
Michigan4,LS1,Combined,Set1,Draw1,6,col6,Combined|Set1|Draw1|col6,A,combined,1,3,1,1,6,0,992240011,9,5,False,3,7,57,6
Michigan4,LS1,Combined,Set1,Draw1,6,col6,Combined|Set1|Draw1|col6,A,combined,1,3,1,1,6,1,9922400,7,4,False,3,7,57,6
Michigan4,LS1,Combined,Set1,Draw1,6,col6,Combined|Set1|Draw1|col6,A,combined,1,3,1,1,6,2,9922400,7,4,False,3,7,57,6
Michigan4,LS1,Combined,Set1,Draw1,6,col6,Combined|Set1|Draw1|col6,A,combined,1,3,1,1,6,3,2200,4,2,True,3,7,57,6
Michigan4,LS1,Combined,Set1,Draw1,6,col6,Combined|Set1|Draw1|col6,A,combined,1,3,1,1,6,4,2200,4,2,True,3,7,57,6
Michigan4,LS1,Combined,Set1,Draw1,6,col6,Combined|Set1|Draw1|col6,A,combined,1,3,1,1,6,7,00,2,1,True,3,7,57,6
Michigan4,LS1,Combined,Set1,Draw1,6,col6,Combined|Set1|Draw1|col6,B,own,1,3,1,1,6,0,992240011,9,5,False,2,4,5,5
Michigan4,LS1,Combined,Set1,Draw1,6,col6,Combined|Set1|Draw1|col6,B,own,1,3,1,1,6,1,9922400,7,4,False,2,4,5,5
Michigan4,LS1,Combined,Set1,Draw1,6,col6,Combined|Set1|Draw1|col6,B,own,1,3,1,1,6,2,2200,4,2,True,2,4,5,5
Michigan4,LS1,Combined,Set1,Draw1,6,col6,Combined|Set1|Draw1|col6,B,own,1,3,1,1,6,3,22,2,1,True,2,4,5,5
Michigan4,LS1,Combined,Set1,Draw1,6,col6,Combined|Set1|Draw1|col6,B,own,1,3,1,1,6,4,,0,0,False,2,4,5,5
Michigan4,LS1,Combined,Set1,Draw1,6,col6,Combined|Set1|Draw1|col6,B,combined,1,3,1,1,6,0,992240011,9,5,False,3,7,8,8
Michigan4,LS1,Combined,Set1,Draw1,6,col6,Combined|Set1|Draw1|col6,B,combined,1,3,1,1,6,1,9922400,7,4,False,3,7,8,8
Michigan4,LS1,Combined,Set1,Draw1,6,col6,Combined|Set1|Draw1|col6,B,combined,1,3,1,1,6,2,9922400,7,4,False,3,7,8,8
Michigan4,LS1,Combined,Set1,Draw1,6,col6,Combined|Set1|Draw1|col6,B,combined,1,3,1,1,6,3,2200,4,2,True,3,7,8,8
Michigan4,LS1,Combined,Set1,Draw1,6,col6,Combined|Set1|Draw1|col6,B,combined,1,3,1,1,6,4,2200,4,2,True,3,7,8,8
Michigan4,LS1,Combined,Set1,Draw1,6,col6,Combined|Set1|Draw1|col6,B,combined,1,3,1,1,6,5,22,2,1,True,3,7,8,8
Michigan4,LS1,Combined,Set1,Draw1,6,col6,Combined|Set1|Draw1|col6,B,combined,1,3,1,1,6,6,22,2,1,True,3,7,8,8
Michigan4,LS1,Combined,Set1,Draw1,6,col6,Combined|Set1|Draw1|col6,B,combined,1,3,1,1,6,7,,0,0,False,3,7,8,8
Michigan4,LS1,Combined,Set1,Draw1,6,col6,Combined|Set1|Draw1|col6,C,own,1,3,1,1,6,0,992240011,9,5,False,2,4,5,5
Michigan4,LS1,Combined,Set1,Draw1,6,col6,Combined|Set1|Draw1|col6,C,own,1,3,1,1,6,1,9922400,7,4,False,2,4,5,5
Michigan4,LS1,Combined,Set1,Draw1,6,col6,Combined|Set1|Draw1|col6,C,own,1,3,1,1,6,2,2200,4,2,True,2,4,5,5
Michigan4,LS1,Combined,Set1,Draw1,6,col6,Combined|Set1|Draw1|col6,C,own,1,3,1,1,6,3,22,2,1,True,2,4,5,5
Michigan4,LS1,Combined,Set1,Draw1,6,col6,Combined|Set1|Draw1|col6,C,own,1,3,1,1,6,4,,0,0,False,2,4,5,5
Michigan4,LS1,Combined,Set1,Draw1,6,col6,Combined|Set1|Draw1|col6,C,combined,1,3,1,1,6,0,992240011,9,5,False,3,7,8,8
Michigan4,LS1,Combined,Set1,Draw1,6,col6,Combined|Set1|Draw1|col6,C,combined,1,3,1,1,6,1,9922400,7,4,False,3,7,8,8
Michigan4,LS1,Combined,Set1,Draw1,6,col6,Combined|Set1|Draw1|col6,C,combined,1,3,1,1,6,2,9922400,7,4,False,3,7,8,8
Michigan4,LS1,Combined,Set1,Draw1,6,col6,Combined|Set1|Draw1|col6,C,combined,1,3,1,1,6,3,2200,4,2,True,3,7,8,8
Michigan4,LS1,Combined,Set1,Draw1,6,col6,Combined|Set1|Draw1|col6,C,combined,1,3,1,1,6,4,2200,4,2,True,3,7,8,8
Michigan4,LS1,Combined,Set1,Draw1,6,col6,Combined|Set1|Draw1|col6,C,combined,1,3,1,1,6,5,22,2,1,True,3,7,8,8
Michigan4,LS1,Combined,Set1,Draw1,6,col6,Combined|Set1|Draw1|col6,C,combined,1,3,1,1,6,6,22,2,1,True,3,7,8,8
Michigan4,LS1,Combined,Set1,Draw1,6,col6,Combined|Set1|Draw1|col6,C,combined,1,3,1,1,6,7,,0,0,False,3,7,8,8
Michigan4,LS1,Combined,Set1,Draw1,6,col6,Combined|Set1|Draw1|col6,D,own,1,3,1,1,6,0,992240011,9,5,False,2,5,6,6
Michigan4,LS1,Combined,Set1,Draw1,6,col6,Combined|Set1|Draw1|col6,D,own,1,3,1,1,6,1,9922400,7,4,False,2,5,6,6
Michigan4,LS1,Combined,Set1,Draw1,6,col6,Combined|Set1|Draw1|col6,D,own,1,3,1,1,6,2,2200,4,2,True,2,5,6,6
Michigan4,LS1,Combined,Set1,Draw1,6,col6,Combined|Set1|Draw1|col6,D,own,1,3,1,1,6,3,220,3,2,True,2,5,6,6
Michigan4,LS1,Combined,Set1,Draw1,6,col6,Combined|Set1|Draw1|col6,D,own,1,3,1,1,6,4,0,1,1,True,2,5,6,6
Michigan4,LS1,Combined,Set1,Draw1,6,col6,Combined|Set1|Draw1|col6,D,own,1,3,1,1,6,5,,0,0,False,2,5,6,6
Michigan4,LS1,Combined,Set1,Draw1,6,col6,Combined|Set1|Draw1|col6,D,combined,1,3,1,1,6,0,992240011,9,5,False,3,7,8,8
Michigan4,LS1,Combined,Set1,Draw1,6,col6,Combined|Set1|Draw1|col6,D,combined,1,3,1,1,6,1,9922400,7,4,False,3,7,8,8
Michigan4,LS1,Combined,Set1,Draw1,6,col6,Combined|Set1|Draw1|col6,D,combined,1,3,1,1,6,2,9922400,7,4,False,3,7,8,8
Michigan4,LS1,Combined,Set1,Draw1,6,col6,Combined|Set1|Draw1|col6,D,combined,1,3,1,1,6,3,2200,4,2,True,3,7,8,8
Michigan4,LS1,Combined,Set1,Draw1,6,col6,Combined|Set1|Draw1|col6,D,combined,1,3,1,1,6,4,2200,4,2,True,3,7,8,8
Michigan4,LS1,Combined,Set1,Draw1,6,col6,Combined|Set1|Draw1|col6,D,combined,1,3,1,1,6,5,220,3,2,True,3,7,8,8
Michigan4,LS1,Combined,Set1,Draw1,6,col6,Combined|Set1|Draw1|col6,D,combined,1,3,1,1,6,6,22,2,1,True,3,7,8,8
Michigan4,LS1,Combined,Set1,Draw1,6,col6,Combined|Set1|Draw1|col6,D,combined,1,3,1,1,6,7,,0,0,False,3,7,8,8
Michigan4,LS1,Combined,Set1,Draw1,6,col6,Combined|Set1|Draw1|col6,E,own,1,3,1,1,6,0,992240011,9,5,False,2,5,6,6
Michigan4,LS1,Combined,Set1,Draw1,6,col6,Combined|Set1|Draw1|col6,E,own,1,3,1,1,6,1,9922400,7,4,False,2,5,6,6
Michigan4,LS1,Combined,Set1,Draw1,6,col6,Combined|Set1|Draw1|col6,E,own,1,3,1,1,6,2,92200,5,3,True,2,5,6,6
Michigan4,LS1,Combined,Set1,Draw1,6,col6,Combined|Set1|Draw1|col6,E,own,1,3,1,1,6,3,220,3,2,True,2,5,6,6
Michigan4,LS1,Combined,Set1,Draw1,6,col6,Combined|Set1|Draw1|col6,E,own,1,3,1,1,6,4,20,2,2,True,2,5,6,6
Michigan4,LS1,Combined,Set1,Draw1,6,col6,Combined|Set1|Draw1|col6,E,own,1,3,1,1,6,5,,0,0,False,2,5,6,6
Michigan4,LS1,Combined,Set1,Draw1,6,col6,Combined|Set1|Draw1|col6,E,combined,1,3,1,1,6,0,992240011,9,5,False,3,8,9,9
Michigan4,LS1,Combined,Set1,Draw1,6,col6,Combined|Set1|Draw1|col6,E,combined,1,3,1,1,6,1,9922400,7,4,False,3,8,9,9
Michigan4,LS1,Combined,Set1,Draw1,6,col6,Combined|Set1|Draw1|col6,E,combined,1,3,1,1,6,2,9922400,7,4,False,3,8,9,9
Michigan4,LS1,Combined,Set1,Draw1,6,col6,Combined|Set1|Draw1|col6,E,combined,1,3,1,1,6,3,92200,5,3,True,3,8,9,9
Michigan4,LS1,Combined,Set1,Draw1,6,col6,Combined|Set1|Draw1|col6,E,combined,1,3,1,1,6,4,2200,4,2,True,3,8,9,9
Michigan4,LS1,Combined,Set1,Draw1,6,col6,Combined|Set1|Draw1|col6,E,combined,1,3,1,1,6,5,220,3,2,True,3,8,9,9
Michigan4,LS1,Combined,Set1,Draw1,6,col6,Combined|Set1|Draw1|col6,E,combined,1,3,1,1,6,6,22,2,1,True,3,8,9,9
Michigan4,LS1,Combined,Set1,Draw1,6,col6,Combined|Set1|Draw1|col6,E,combined,1,3,1,1,6,7,2,1,1,True,3,8,9,9
Michigan4,LS1,Combined,Set1,Draw1,6,col6,Combined|Set1|Draw1|col6,E,combined,1,3,1,1,6,8,,0,0,False,3,8,9,9
Michigan4,LS1,Combined,Set1,Draw1,6,col6,Combined|Set1|Draw1|col6,T,own,1,3,1,1,6,0,992240011,9,5,False,2,4,5,5
Michigan4,LS1,Combined,Set1,Draw1,6,col6,Combined|Set1|Draw1|col6,T,own,1,3,1,1,6,1,9922400,7,4,False,2,4,5,5
Michigan4,LS1,Combined,Set1,Draw1,6,col6,Combined|Set1|Draw1|col6,T,own,1,3,1,1,6,2,2200,4,2,True,2,4,5,5
Michigan4,LS1,Combined,Set1,Draw1,6,col6,Combined|Set1|Draw1|col6,T,own,1,3,1,1,6,3,22,2,1,True,2,4,5,5
Michigan4,LS1,Combined,Set1,Draw1,6,col6,Combined|Set1|Draw1|col6,T,own,1,3,1,1,6,4,,0,0,False,2,4,5,5
Michigan4,LS1,Combined,Set1,Draw1,6,col6,Combined|Set1|Draw1|col6,T,combined,1,3,1,1,6,0,992240011,9,5,False,3,7,8,8
Michigan4,LS1,Combined,Set1,Draw1,6,col6,Combined|Set1|Draw1|col6,T,combined,1,3,1,1,6,1,9922400,7,4,False,3,7,8,8
Michigan4,LS1,Combined,Set1,Draw1,6,col6,Combined|Set1|Draw1|col6,T,combined,1,3,1,1,6,2,9922400,7,4,False,3,7,8,8
Michigan4,LS1,Combined,Set1,Draw1,6,col6,Combined|Set1|Draw1|col6,T,combined,1,3,1,1,6,3,2200,4,2,True,3,7,8,8
Michigan4,LS1,Combined,Set1,Draw1,6,col6,Combined|Set1|Draw1|col6,T,combined,1,3,1,1,6,4,2200,4,2,True,3,7,8,8
Michigan4,LS1,Combined,Set1,Draw1,6,col6,Combined|Set1|Draw1|col6,T,combined,1,3,1,1,6,5,22,2,1,True,3,7,8,8
Michigan4,LS1,Combined,Set1,Draw1,6,col6,Combined|Set1|Draw1|col6,T,combined,1,3,1,1,6,6,22,2,1,True,3,7,8,8
Michigan4,LS1,Combined,Set1,Draw1,6,col6,Combined|Set1|Draw1|col6,T,combined,1,3,1,1,6,7,,0,0,False,3,7,8,8
Michigan4,LS1,Combined,Set1,Draw1,5,col5,Combined|Set1|Draw1|col5,A,own,1,3,1,1,5,0,99240011*,9,6,False,2,4,29,5
Michigan4,LS1,Combined,Set1,Draw1,5,col5,Combined|Set1|Draw1|col5,A,own,1,3,1,1,5,1,992400*,7,5,False,2,4,29,5
Michigan4,LS1,Combined,Set1,Draw1,5,col5,Combined|Set1|Draw1|col5,A,own,1,3,1,1,5,2,200*,4,3,True,2,4,29,5
Michigan4,LS1,Combined,Set1,Draw1,5,col5,Combined|Set1|Draw1|col5,A,own,1,3,1,1,5,3,200*,4,3,True,2,4,29,5
Michigan4,LS1,Combined,Set1,Draw1,5,col5,Combined|Set1|Draw1|col5,A,own,1,3,1,1,5,4,00*,3,2,True,2,4,29,5
Michigan4,LS1,Combined,Set1,Draw1,5,col5,Combined|Set1|Draw1|col5,A,combined,1,3,1,1,5,0,99240011*,9,6,False,3,7,57,8
Michigan4,LS1,Combined,Set1,Draw1,5,col5,Combined|Set1|Draw1|col5,A,combined,1,3,1,1,5,1,992400*,7,5,False,3,7,57,8
Michigan4,LS1,Combined,Set1,Draw1,5,col5,Combined|Set1|Draw1|col5,A,combined,1,3,1,1,5,2,992400*,7,5,False,3,7,57,8
Michigan4,LS1,Combined,Set1,Draw1,5,col5,Combined|Set1|Draw1|col5,A,combined,1,3,1,1,5,3,200*,4,3,True,3,7,57,8
Michigan4,LS1,Combined,Set1,Draw1,5,col5,Combined|Set1|Draw1|col5,A,combined,1,3,1,1,5,4,200*,4,3,True,3,7,57,8
Michigan4,LS1,Combined,Set1,Draw1,5,col5,Combined|Set1|Draw1|col5,A,combined,1,3,1,1,5,5,200*,4,3,True,3,7,57,8
Michigan4,LS1,Combined,Set1,Draw1,5,col5,Combined|Set1|Draw1|col5,A,combined,1,3,1,1,5,6,200*,4,3,True,3,7,57,8
Michigan4,LS1,Combined,Set1,Draw1,5,col5,Combined|Set1|Draw1|col5,A,combined,1,3,1,1,5,7,00*,3,2,True,3,7,57,8
Michigan4,LS1,Combined,Set1,Draw1,5,col5,Combined|Set1|Draw1|col5,B,own,1,3,1,1,5,0,99240011*,9,6,False,2,4,29,5
Michigan4,LS1,Combined,Set1,Draw1,5,col5,Combined|Set1|Draw1|col5,B,own,1,3,1,1,5,1,992400*,7,5,False,2,4,29,5
Michigan4,LS1,Combined,Set1,Draw1,5,col5,Combined|Set1|Draw1|col5,B,own,1,3,1,1,5,2,200*,4,3,True,2,4,29,5
Michigan4,LS1,Combined,Set1,Draw1,5,col5,Combined|Set1|Draw1|col5,B,own,1,3,1,1,5,3,2*,2,2,True,2,4,29,5
Michigan4,LS1,Combined,Set1,Draw1,5,col5,Combined|Set1|Draw1|col5,B,own,1,3,1,1,5,4,*,1,1,True,2,4,29,5
Michigan4,LS1,Combined,Set1,Draw1,5,col5,Combined|Set1|Draw1|col5,B,combined,1,3,1,1,5,0,99240011*,9,6,False,3,7,57,8
Michigan4,LS1,Combined,Set1,Draw1,5,col5,Combined|Set1|Draw1|col5,B,combined,1,3,1,1,5,1,992400*,7,5,False,3,7,57,8
Michigan4,LS1,Combined,Set1,Draw1,5,col5,Combined|Set1|Draw1|col5,B,combined,1,3,1,1,5,2,992400*,7,5,False,3,7,57,8
Michigan4,LS1,Combined,Set1,Draw1,5,col5,Combined|Set1|Draw1|col5,B,combined,1,3,1,1,5,3,200*,4,3,True,3,7,57,8
Michigan4,LS1,Combined,Set1,Draw1,5,col5,Combined|Set1|Draw1|col5,B,combined,1,3,1,1,5,4,200*,4,3,True,3,7,57,8
Michigan4,LS1,Combined,Set1,Draw1,5,col5,Combined|Set1|Draw1|col5,B,combined,1,3,1,1,5,5,2*,2,2,True,3,7,57,8
Michigan4,LS1,Combined,Set1,Draw1,5,col5,Combined|Set1|Draw1|col5,B,combined,1,3,1,1,5,6,2*,2,2,True,3,7,57,8
Michigan4,LS1,Combined,Set1,Draw1,5,col5,Combined|Set1|Draw1|col5,B,combined,1,3,1,1,5,7,*,1,1,True,3,7,57,8
Michigan4,LS1,Combined,Set1,Draw1,5,col5,Combined|Set1|Draw1|col5,C,own,1,3,1,1,5,0,99240011*,9,6,False,2,4,29,5
Michigan4,LS1,Combined,Set1,Draw1,5,col5,Combined|Set1|Draw1|col5,C,own,1,3,1,1,5,1,992400*,7,5,False,2,4,29,5
Michigan4,LS1,Combined,Set1,Draw1,5,col5,Combined|Set1|Draw1|col5,C,own,1,3,1,1,5,2,200*,4,3,True,2,4,29,5
Michigan4,LS1,Combined,Set1,Draw1,5,col5,Combined|Set1|Draw1|col5,C,own,1,3,1,1,5,3,2*,2,2,True,2,4,29,5
Michigan4,LS1,Combined,Set1,Draw1,5,col5,Combined|Set1|Draw1|col5,C,own,1,3,1,1,5,4,*,1,1,True,2,4,29,5
Michigan4,LS1,Combined,Set1,Draw1,5,col5,Combined|Set1|Draw1|col5,C,combined,1,3,1,1,5,0,99240011*,9,6,False,3,7,57,8
Michigan4,LS1,Combined,Set1,Draw1,5,col5,Combined|Set1|Draw1|col5,C,combined,1,3,1,1,5,1,992400*,7,5,False,3,7,57,8
Michigan4,LS1,Combined,Set1,Draw1,5,col5,Combined|Set1|Draw1|col5,C,combined,1,3,1,1,5,2,992400*,7,5,False,3,7,57,8
Michigan4,LS1,Combined,Set1,Draw1,5,col5,Combined|Set1|Draw1|col5,C,combined,1,3,1,1,5,3,200*,4,3,True,3,7,57,8
Michigan4,LS1,Combined,Set1,Draw1,5,col5,Combined|Set1|Draw1|col5,C,combined,1,3,1,1,5,4,200*,4,3,True,3,7,57,8
Michigan4,LS1,Combined,Set1,Draw1,5,col5,Combined|Set1|Draw1|col5,C,combined,1,3,1,1,5,5,2*,2,2,True,3,7,57,8
Michigan4,LS1,Combined,Set1,Draw1,5,col5,Combined|Set1|Draw1|col5,C,combined,1,3,1,1,5,6,2*,2,2,True,3,7,57,8
Michigan4,LS1,Combined,Set1,Draw1,5,col5,Combined|Set1|Draw1|col5,C,combined,1,3,1,1,5,7,*,1,1,True,3,7,57,8
Michigan4,LS1,Combined,Set1,Draw1,5,col5,Combined|Set1|Draw1|col5,D,own,1,3,1,1,5,0,99240011*,9,6,False,2,5,29,6
Michigan4,LS1,Combined,Set1,Draw1,5,col5,Combined|Set1|Draw1|col5,D,own,1,3,1,1,5,1,992400*,7,5,False,2,5,29,6
Michigan4,LS1,Combined,Set1,Draw1,5,col5,Combined|Set1|Draw1|col5,D,own,1,3,1,1,5,2,200*,4,3,True,2,5,29,6
Michigan4,LS1,Combined,Set1,Draw1,5,col5,Combined|Set1|Draw1|col5,D,own,1,3,1,1,5,3,20*,3,3,True,2,5,29,6
Michigan4,LS1,Combined,Set1,Draw1,5,col5,Combined|Set1|Draw1|col5,D,own,1,3,1,1,5,4,0*,2,2,True,2,5,29,6
Michigan4,LS1,Combined,Set1,Draw1,5,col5,Combined|Set1|Draw1|col5,D,own,1,3,1,1,5,5,*,1,1,True,2,5,29,6
Michigan4,LS1,Combined,Set1,Draw1,5,col5,Combined|Set1|Draw1|col5,D,combined,1,3,1,1,5,0,99240011*,9,6,False,3,7,57,8
Michigan4,LS1,Combined,Set1,Draw1,5,col5,Combined|Set1|Draw1|col5,D,combined,1,3,1,1,5,1,992400*,7,5,False,3,7,57,8
Michigan4,LS1,Combined,Set1,Draw1,5,col5,Combined|Set1|Draw1|col5,D,combined,1,3,1,1,5,2,992400*,7,5,False,3,7,57,8
Michigan4,LS1,Combined,Set1,Draw1,5,col5,Combined|Set1|Draw1|col5,D,combined,1,3,1,1,5,3,200*,4,3,True,3,7,57,8
Michigan4,LS1,Combined,Set1,Draw1,5,col5,Combined|Set1|Draw1|col5,D,combined,1,3,1,1,5,4,200*,4,3,True,3,7,57,8
Michigan4,LS1,Combined,Set1,Draw1,5,col5,Combined|Set1|Draw1|col5,D,combined,1,3,1,1,5,5,20*,3,3,True,3,7,57,8
Michigan4,LS1,Combined,Set1,Draw1,5,col5,Combined|Set1|Draw1|col5,D,combined,1,3,1,1,5,6,2*,2,2,True,3,7,57,8
Michigan4,LS1,Combined,Set1,Draw1,5,col5,Combined|Set1|Draw1|col5,D,combined,1,3,1,1,5,7,*,1,1,True,3,7,57,8
Michigan4,LS1,Combined,Set1,Draw1,5,col5,Combined|Set1|Draw1|col5,E,own,1,3,1,1,5,0,99240011*,9,6,False,3,5,29,6
Michigan4,LS1,Combined,Set1,Draw1,5,col5,Combined|Set1|Draw1|col5,E,own,1,3,1,1,5,1,992400*,7,5,False,3,5,29,6
Michigan4,LS1,Combined,Set1,Draw1,5,col5,Combined|Set1|Draw1|col5,E,own,1,3,1,1,5,2,9200*,5,4,False,3,5,29,6
Michigan4,LS1,Combined,Set1,Draw1,5,col5,Combined|Set1|Draw1|col5,E,own,1,3,1,1,5,3,20*,3,3,True,3,5,29,6
Michigan4,LS1,Combined,Set1,Draw1,5,col5,Combined|Set1|Draw1|col5,E,own,1,3,1,1,5,4,0*,2,2,True,3,5,29,6
Michigan4,LS1,Combined,Set1,Draw1,5,col5,Combined|Set1|Draw1|col5,E,own,1,3,1,1,5,5,*,1,1,True,3,5,29,6
Michigan4,LS1,Combined,Set1,Draw1,5,col5,Combined|Set1|Draw1|col5,E,combined,1,3,1,1,5,0,99240011*,9,6,False,4,7,57,8
Michigan4,LS1,Combined,Set1,Draw1,5,col5,Combined|Set1|Draw1|col5,E,combined,1,3,1,1,5,1,992400*,7,5,False,4,7,57,8
Michigan4,LS1,Combined,Set1,Draw1,5,col5,Combined|Set1|Draw1|col5,E,combined,1,3,1,1,5,2,992400*,7,5,False,4,7,57,8
Michigan4,LS1,Combined,Set1,Draw1,5,col5,Combined|Set1|Draw1|col5,E,combined,1,3,1,1,5,3,9200*,5,4,False,4,7,57,8
Michigan4,LS1,Combined,Set1,Draw1,5,col5,Combined|Set1|Draw1|col5,E,combined,1,3,1,1,5,4,200*,4,3,True,4,7,57,8
Michigan4,LS1,Combined,Set1,Draw1,5,col5,Combined|Set1|Draw1|col5,E,combined,1,3,1,1,5,5,20*,3,3,True,4,7,57,8
Michigan4,LS1,Combined,Set1,Draw1,5,col5,Combined|Set1|Draw1|col5,E,combined,1,3,1,1,5,6,2*,2,2,True,4,7,57,8
Michigan4,LS1,Combined,Set1,Draw1,5,col5,Combined|Set1|Draw1|col5,E,combined,1,3,1,1,5,7,*,1,1,True,4,7,57,8
Michigan4,LS1,Combined,Set1,Draw1,5,col5,Combined|Set1|Draw1|col5,T,own,1,3,1,1,5,0,99240011*,9,6,False,2,4,29,5
Michigan4,LS1,Combined,Set1,Draw1,5,col5,Combined|Set1|Draw1|col5,T,own,1,3,1,1,5,1,992400*,7,5,False,2,4,29,5
Michigan4,LS1,Combined,Set1,Draw1,5,col5,Combined|Set1|Draw1|col5,T,own,1,3,1,1,5,2,200*,4,3,True,2,4,29,5
Michigan4,LS1,Combined,Set1,Draw1,5,col5,Combined|Set1|Draw1|col5,T,own,1,3,1,1,5,3,2*,2,2,True,2,4,29,5
Michigan4,LS1,Combined,Set1,Draw1,5,col5,Combined|Set1|Draw1|col5,T,own,1,3,1,1,5,4,*,1,1,True,2,4,29,5
Michigan4,LS1,Combined,Set1,Draw1,5,col5,Combined|Set1|Draw1|col5,T,combined,1,3,1,1,5,0,99240011*,9,6,False,3,7,57,8
Michigan4,LS1,Combined,Set1,Draw1,5,col5,Combined|Set1|Draw1|col5,T,combined,1,3,1,1,5,1,992400*,7,5,False,3,7,57,8
Michigan4,LS1,Combined,Set1,Draw1,5,col5,Combined|Set1|Draw1|col5,T,combined,1,3,1,1,5,2,992400*,7,5,False,3,7,57,8
Michigan4,LS1,Combined,Set1,Draw1,5,col5,Combined|Set1|Draw1|col5,T,combined,1,3,1,1,5,3,200*,4,3,True,3,7,57,8
Michigan4,LS1,Combined,Set1,Draw1,5,col5,Combined|Set1|Draw1|col5,T,combined,1,3,1,1,5,4,200*,4,3,True,3,7,57,8
Michigan4,LS1,Combined,Set1,Draw1,5,col5,Combined|Set1|Draw1|col5,T,combined,1,3,1,1,5,5,2*,2,2,True,3,7,57,8
Michigan4,LS1,Combined,Set1,Draw1,5,col5,Combined|Set1|Draw1|col5,T,combined,1,3,1,1,5,6,2*,2,2,True,3,7,57,8
Michigan4,LS1,Combined,Set1,Draw1,5,col5,Combined|Set1|Draw1|col5,T,combined,1,3,1,1,5,7,*,1,1,True,3,7,57,8
Michigan4,LS2,Midday,Set1,Draw4,3,col3,Midday|Set1|Draw4|col3,A,own,2,1,1,4,3,0,22401338,8,6,False,2,6,7,6
Michigan4,LS2,Midday,Set1,Draw4,3,col3,Midday|Set1|Draw4|col3,A,own,2,1,1,4,3,1,220338,6,4,False,2,6,7,6
Michigan4,LS2,Midday,Set1,Draw4,3,col3,Midday|Set1|Draw4|col3,A,own,2,1,1,4,3,2,08,2,2,True,2,6,7,6
Michigan4,LS2,Midday,Set1,Draw4,3,col3,Midday|Set1|Draw4|col3,A,own,2,1,1,4,3,3,0,1,1,True,2,6,7,6
Michigan4,LS2,Midday,Set1,Draw4,3,col3,Midday|Set1|Draw4|col3,A,own,2,1,1,4,3,4,0,1,1,True,2,6,7,6
Michigan4,LS2,Midday,Set1,Draw4,3,col3,Midday|Set1|Draw4|col3,A,own,2,1,1,4,3,6,,0,0,False,2,6,7,6
Michigan4,LS2,Midday,Set1,Draw4,3,col3,Midday|Set1|Draw4|col3,A,combined,2,1,1,4,3,0,22401338,8,6,False,2,11,12,6
Michigan4,LS2,Midday,Set1,Draw4,3,col3,Midday|Set1|Draw4|col3,A,combined,2,1,1,4,3,1,220338,6,4,False,2,11,12,6
Michigan4,LS2,Midday,Set1,Draw4,3,col3,Midday|Set1|Draw4|col3,A,combined,2,1,1,4,3,2,22033,5,3,True,2,11,12,6
Michigan4,LS2,Midday,Set1,Draw4,3,col3,Midday|Set1|Draw4|col3,A,combined,2,1,1,4,3,3,0,1,1,True,2,11,12,6
Michigan4,LS2,Midday,Set1,Draw4,3,col3,Midday|Set1|Draw4|col3,A,combined,2,1,1,4,3,4,0,1,1,True,2,11,12,6
Michigan4,LS2,Midday,Set1,Draw4,3,col3,Midday|Set1|Draw4|col3,A,combined,2,1,1,4,3,11,,0,0,False,2,11,12,6
Michigan4,LS2,Midday,Set1,Draw4,3,col3,Midday|Set1|Draw4|col3,B,own,2,1,1,4,3,0,22401338,8,6,False,2,4,5,5
Michigan4,LS2,Midday,Set1,Draw4,3,col3,Midday|Set1|Draw4|col3,B,own,2,1,1,4,3,1,220338,6,4,False,2,4,5,5
Michigan4,LS2,Midday,Set1,Draw4,3,col3,Midday|Set1|Draw4|col3,B,own,2,1,1,4,3,2,0,1,1,True,2,4,5,5
Michigan4,LS2,Midday,Set1,Draw4,3,col3,Midday|Set1|Draw4|col3,B,own,2,1,1,4,3,3,0,1,1,True,2,4,5,5
Michigan4,LS2,Midday,Set1,Draw4,3,col3,Midday|Set1|Draw4|col3,B,own,2,1,1,4,3,4,,0,0,False,2,4,5,5
Michigan4,LS2,Midday,Set1,Draw4,3,col3,Midday|Set1|Draw4|col3,B,combined,2,1,1,4,3,0,22401338,8,6,False,2,4,5,5
Michigan4,LS2,Midday,Set1,Draw4,3,col3,Midday|Set1|Draw4|col3,B,combined,2,1,1,4,3,1,220338,6,4,False,2,4,5,5
Michigan4,LS2,Midday,Set1,Draw4,3,col3,Midday|Set1|Draw4|col3,B,combined,2,1,1,4,3,2,22033,5,3,True,2,4,5,5
Michigan4,LS2,Midday,Set1,Draw4,3,col3,Midday|Set1|Draw4|col3,B,combined,2,1,1,4,3,3,0,1,1,True,2,4,5,5
Michigan4,LS2,Midday,Set1,Draw4,3,col3,Midday|Set1|Draw4|col3,B,combined,2,1,1,4,3,4,,0,0,False,2,4,5,5
Michigan4,LS2,Midday,Set1,Draw4,3,col3,Midday|Set1|Draw4|col3,C,own,2,1,1,4,3,0,22401338,8,6,False,2,4,5,5
Michigan4,LS2,Midday,Set1,Draw4,3,col3,Midday|Set1|Draw4|col3,C,own,2,1,1,4,3,1,220338,6,4,False,2,4,5,5
Michigan4,LS2,Midday,Set1,Draw4,3,col3,Midday|Set1|Draw4|col3,C,own,2,1,1,4,3,2,0,1,1,True,2,4,5,5
Michigan4,LS2,Midday,Set1,Draw4,3,col3,Midday|Set1|Draw4|col3,C,own,2,1,1,4,3,3,0,1,1,True,2,4,5,5
Michigan4,LS2,Midday,Set1,Draw4,3,col3,Midday|Set1|Draw4|col3,C,own,2,1,1,4,3,4,,0,0,False,2,4,5,5
Michigan4,LS2,Midday,Set1,Draw4,3,col3,Midday|Set1|Draw4|col3,C,combined,2,1,1,4,3,0,22401338,8,6,False,2,4,5,5
Michigan4,LS2,Midday,Set1,Draw4,3,col3,Midday|Set1|Draw4|col3,C,combined,2,1,1,4,3,1,220338,6,4,False,2,4,5,5
Michigan4,LS2,Midday,Set1,Draw4,3,col3,Midday|Set1|Draw4|col3,C,combined,2,1,1,4,3,2,220,3,2,True,2,4,5,5
Michigan4,LS2,Midday,Set1,Draw4,3,col3,Midday|Set1|Draw4|col3,C,combined,2,1,1,4,3,3,0,1,1,True,2,4,5,5
Michigan4,LS2,Midday,Set1,Draw4,3,col3,Midday|Set1|Draw4|col3,C,combined,2,1,1,4,3,4,,0,0,False,2,4,5,5
Michigan4,LS2,Midday,Set1,Draw4,3,col3,Midday|Set1|Draw4|col3,D,own,2,1,1,4,3,0,22401338,8,6,False,2,4,5,5
Michigan4,LS2,Midday,Set1,Draw4,3,col3,Midday|Set1|Draw4|col3,D,own,2,1,1,4,3,1,220338,6,4,False,2,4,5,5
Michigan4,LS2,Midday,Set1,Draw4,3,col3,Midday|Set1|Draw4|col3,D,own,2,1,1,4,3,2,0,1,1,True,2,4,5,5
Michigan4,LS2,Midday,Set1,Draw4,3,col3,Midday|Set1|Draw4|col3,D,own,2,1,1,4,3,3,0,1,1,True,2,4,5,5
Michigan4,LS2,Midday,Set1,Draw4,3,col3,Midday|Set1|Draw4|col3,D,own,2,1,1,4,3,4,,0,0,False,2,4,5,5
Michigan4,LS2,Midday,Set1,Draw4,3,col3,Midday|Set1|Draw4|col3,D,combined,2,1,1,4,3,0,22401338,8,6,False,2,4,5,5
Michigan4,LS2,Midday,Set1,Draw4,3,col3,Midday|Set1|Draw4|col3,D,combined,2,1,1,4,3,1,220338,6,4,False,2,4,5,5
Michigan4,LS2,Midday,Set1,Draw4,3,col3,Midday|Set1|Draw4|col3,D,combined,2,1,1,4,3,2,2203,4,3,True,2,4,5,5
Michigan4,LS2,Midday,Set1,Draw4,3,col3,Midday|Set1|Draw4|col3,D,combined,2,1,1,4,3,3,0,1,1,True,2,4,5,5
Michigan4,LS2,Midday,Set1,Draw4,3,col3,Midday|Set1|Draw4|col3,D,combined,2,1,1,4,3,4,,0,0,False,2,4,5,5
Michigan4,LS2,Midday,Set1,Draw4,3,col3,Midday|Set1|Draw4|col3,E,own,2,1,1,4,3,0,22401338,8,6,False,2,4,5,5
Michigan4,LS2,Midday,Set1,Draw4,3,col3,Midday|Set1|Draw4|col3,E,own,2,1,1,4,3,1,220338,6,4,False,2,4,5,5
Michigan4,LS2,Midday,Set1,Draw4,3,col3,Midday|Set1|Draw4|col3,E,own,2,1,1,4,3,2,208,3,3,True,2,4,5,5
Michigan4,LS2,Midday,Set1,Draw4,3,col3,Midday|Set1|Draw4|col3,E,own,2,1,1,4,3,3,20,2,2,True,2,4,5,5
Michigan4,LS2,Midday,Set1,Draw4,3,col3,Midday|Set1|Draw4|col3,E,own,2,1,1,4,3,4,,0,0,False,2,4,5,5
Michigan4,LS2,Midday,Set1,Draw4,3,col3,Midday|Set1|Draw4|col3,E,combined,2,1,1,4,3,0,22401338,8,6,False,2,6,7,7
Michigan4,LS2,Midday,Set1,Draw4,3,col3,Midday|Set1|Draw4|col3,E,combined,2,1,1,4,3,1,220338,6,4,False,2,6,7,7
Michigan4,LS2,Midday,Set1,Draw4,3,col3,Midday|Set1|Draw4|col3,E,combined,2,1,1,4,3,2,22033,5,3,True,2,6,7,7
Michigan4,LS2,Midday,Set1,Draw4,3,col3,Midday|Set1|Draw4|col3,E,combined,2,1,1,4,3,3,20,2,2,True,2,6,7,7
Michigan4,LS2,Midday,Set1,Draw4,3,col3,Midday|Set1|Draw4|col3,E,combined,2,1,1,4,3,4,2,1,1,True,2,6,7,7
Michigan4,LS2,Midday,Set1,Draw4,3,col3,Midday|Set1|Draw4|col3,E,combined,2,1,1,4,3,5,2,1,1,True,2,6,7,7
Michigan4,LS2,Midday,Set1,Draw4,3,col3,Midday|Set1|Draw4|col3,E,combined,2,1,1,4,3,6,,0,0,False,2,6,7,7
Michigan4,LS2,Midday,Set1,Draw4,3,col3,Midday|Set1|Draw4|col3,T,own,2,1,1,4,3,0,22401338,8,6,False,2,6,7,6
Michigan4,LS2,Midday,Set1,Draw4,3,col3,Midday|Set1|Draw4|col3,T,own,2,1,1,4,3,1,220338,6,4,False,2,6,7,6
Michigan4,LS2,Midday,Set1,Draw4,3,col3,Midday|Set1|Draw4|col3,T,own,2,1,1,4,3,2,08,2,2,True,2,6,7,6
Michigan4,LS2,Midday,Set1,Draw4,3,col3,Midday|Set1|Draw4|col3,T,own,2,1,1,4,3,3,0,1,1,True,2,6,7,6
Michigan4,LS2,Midday,Set1,Draw4,3,col3,Midday|Set1|Draw4|col3,T,own,2,1,1,4,3,4,0,1,1,True,2,6,7,6
Michigan4,LS2,Midday,Set1,Draw4,3,col3,Midday|Set1|Draw4|col3,T,own,2,1,1,4,3,6,,0,0,False,2,6,7,6
Michigan4,LS2,Midday,Set1,Draw4,3,col3,Midday|Set1|Draw4|col3,T,combined,2,1,1,4,3,0,22401338,8,6,False,2,11,12,6
Michigan4,LS2,Midday,Set1,Draw4,3,col3,Midday|Set1|Draw4|col3,T,combined,2,1,1,4,3,1,220338,6,4,False,2,11,12,6
Michigan4,LS2,Midday,Set1,Draw4,3,col3,Midday|Set1|Draw4|col3,T,combined,2,1,1,4,3,2,220,3,2,True,2,11,12,6
Michigan4,LS2,Midday,Set1,Draw4,3,col3,Midday|Set1|Draw4|col3,T,combined,2,1,1,4,3,3,0,1,1,True,2,11,12,6
Michigan4,LS2,Midday,Set1,Draw4,3,col3,Midday|Set1|Draw4|col3,T,combined,2,1,1,4,3,4,0,1,1,True,2,11,12,6
Michigan4,LS2,Midday,Set1,Draw4,3,col3,Midday|Set1|Draw4|col3,T,combined,2,1,1,4,3,11,,0,0,False,2,11,12,6
Michigan4,LS2,Midday,Set1,Draw6,1,col1,Midday|Set1|Draw6|col1,A,own,2,1,1,6,1,0,59200186*,9,8,False,3,6,29,7
Michigan4,LS2,Midday,Set1,Draw6,1,col1,Midday|Set1|Draw6|col1,A,own,2,1,1,6,1,1,520086*,7,6,False,3,6,29,7
Michigan4,LS2,Midday,Set1,Draw6,1,col1,Midday|Set1|Draw6|col1,A,own,2,1,1,6,1,2,50086*,6,5,False,3,6,29,7
Michigan4,LS2,Midday,Set1,Draw6,1,col1,Midday|Set1|Draw6|col1,A,own,2,1,1,6,1,3,500*,4,3,True,3,6,29,7
Michigan4,LS2,Midday,Set1,Draw6,1,col1,Midday|Set1|Draw6|col1,A,own,2,1,1,6,1,4,00*,3,2,True,3,6,29,7
Michigan4,LS2,Midday,Set1,Draw6,1,col1,Midday|Set1|Draw6|col1,A,own,2,1,1,6,1,5,00*,3,2,True,3,6,29,7
Michigan4,LS2,Midday,Set1,Draw6,1,col1,Midday|Set1|Draw6|col1,A,own,2,1,1,6,1,6,*,1,1,True,3,6,29,7
Michigan4,LS2,Midday,Set1,Draw6,1,col1,Midday|Set1|Draw6|col1,A,combined,2,1,1,6,1,0,59200186*,9,8,False,3,11,57,7
Michigan4,LS2,Midday,Set1,Draw6,1,col1,Midday|Set1|Draw6|col1,A,combined,2,1,1,6,1,1,520086*,7,6,False,3,11,57,7
Michigan4,LS2,Midday,Set1,Draw6,1,col1,Midday|Set1|Draw6|col1,A,combined,2,1,1,6,1,2,5200*,5,4,False,3,11,57,7
Michigan4,LS2,Midday,Set1,Draw6,1,col1,Midday|Set1|Draw6|col1,A,combined,2,1,1,6,1,3,500*,4,3,True,3,11,57,7
Michigan4,LS2,Midday,Set1,Draw6,1,col1,Midday|Set1|Draw6|col1,A,combined,2,1,1,6,1,4,00*,3,2,True,3,11,57,7
Michigan4,LS2,Midday,Set1,Draw6,1,col1,Midday|Set1|Draw6|col1,A,combined,2,1,1,6,1,5,00*,3,2,True,3,11,57,7
Michigan4,LS2,Midday,Set1,Draw6,1,col1,Midday|Set1|Draw6|col1,A,combined,2,1,1,6,1,11,*,1,1,True,3,11,57,7
Michigan4,LS2,Midday,Set1,Draw6,1,col1,Midday|Set1|Draw6|col1,B,own,2,1,1,6,1,0,59200186*,9,8,False,3,5,29,6
Michigan4,LS2,Midday,Set1,Draw6,1,col1,Midday|Set1|Draw6|col1,B,own,2,1,1,6,1,1,520086*,7,6,False,3,5,29,6
Michigan4,LS2,Midday,Set1,Draw6,1,col1,Midday|Set1|Draw6|col1,B,own,2,1,1,6,1,2,5006*,5,4,False,3,5,29,6
Michigan4,LS2,Midday,Set1,Draw6,1,col1,Midday|Set1|Draw6|col1,B,own,2,1,1,6,1,3,500*,4,3,True,3,5,29,6
Michigan4,LS2,Midday,Set1,Draw6,1,col1,Midday|Set1|Draw6|col1,B,own,2,1,1,6,1,4,00*,3,2,True,3,5,29,6
Michigan4,LS2,Midday,Set1,Draw6,1,col1,Midday|Set1|Draw6|col1,B,own,2,1,1,6,1,5,*,1,1,True,3,5,29,6
Michigan4,LS2,Midday,Set1,Draw6,1,col1,Midday|Set1|Draw6|col1,B,combined,2,1,1,6,1,0,59200186*,9,8,False,3,6,57,7
Michigan4,LS2,Midday,Set1,Draw6,1,col1,Midday|Set1|Draw6|col1,B,combined,2,1,1,6,1,1,520086*,7,6,False,3,6,57,7
Michigan4,LS2,Midday,Set1,Draw6,1,col1,Midday|Set1|Draw6|col1,B,combined,2,1,1,6,1,2,5200*,5,4,False,3,6,57,7
Michigan4,LS2,Midday,Set1,Draw6,1,col1,Midday|Set1|Draw6|col1,B,combined,2,1,1,6,1,3,500*,4,3,True,3,6,57,7
Michigan4,LS2,Midday,Set1,Draw6,1,col1,Midday|Set1|Draw6|col1,B,combined,2,1,1,6,1,4,00*,3,2,True,3,6,57,7
Michigan4,LS2,Midday,Set1,Draw6,1,col1,Midday|Set1|Draw6|col1,B,combined,2,1,1,6,1,5,00*,3,2,True,3,6,57,7
Michigan4,LS2,Midday,Set1,Draw6,1,col1,Midday|Set1|Draw6|col1,B,combined,2,1,1,6,1,6,*,1,1,True,3,6,57,7
Michigan4,LS2,Midday,Set1,Draw6,1,col1,Midday|Set1|Draw6|col1,C,own,2,1,1,6,1,0,59200186*,9,8,False,2,4,29,5
Michigan4,LS2,Midday,Set1,Draw6,1,col1,Midday|Set1|Draw6|col1,C,own,2,1,1,6,1,1,52008*,6,5,False,2,4,29,5
Michigan4,LS2,Midday,Set1,Draw6,1,col1,Midday|Set1|Draw6|col1,C,own,2,1,1,6,1,2,500*,4,3,True,2,4,29,5
Michigan4,LS2,Midday,Set1,Draw6,1,col1,Midday|Set1|Draw6|col1,C,own,2,1,1,6,1,3,500*,4,3,True,2,4,29,5
Michigan4,LS2,Midday,Set1,Draw6,1,col1,Midday|Set1|Draw6|col1,C,own,2,1,1,6,1,4,*,1,1,True,2,4,29,5
Michigan4,LS2,Midday,Set1,Draw6,1,col1,Midday|Set1|Draw6|col1,C,combined,2,1,1,6,1,0,59200186*,9,8,False,3,4,57,5
Michigan4,LS2,Midday,Set1,Draw6,1,col1,Midday|Set1|Draw6|col1,C,combined,2,1,1,6,1,1,52008*,6,5,False,3,4,57,5
Michigan4,LS2,Midday,Set1,Draw6,1,col1,Midday|Set1|Draw6|col1,C,combined,2,1,1,6,1,2,5200*,5,4,False,3,4,57,5
Michigan4,LS2,Midday,Set1,Draw6,1,col1,Midday|Set1|Draw6|col1,C,combined,2,1,1,6,1,3,500*,4,3,True,3,4,57,5
Michigan4,LS2,Midday,Set1,Draw6,1,col1,Midday|Set1|Draw6|col1,C,combined,2,1,1,6,1,4,*,1,1,True,3,4,57,5
Michigan4,LS2,Midday,Set1,Draw6,1,col1,Midday|Set1|Draw6|col1,D,own,2,1,1,6,1,0,59200186*,9,8,False,2,5,29,6
Michigan4,LS2,Midday,Set1,Draw6,1,col1,Midday|Set1|Draw6|col1,D,own,2,1,1,6,1,1,52008*,6,5,False,2,5,29,6
Michigan4,LS2,Midday,Set1,Draw6,1,col1,Midday|Set1|Draw6|col1,D,own,2,1,1,6,1,2,500*,4,3,True,2,5,29,6
Michigan4,LS2,Midday,Set1,Draw6,1,col1,Midday|Set1|Draw6|col1,D,own,2,1,1,6,1,3,500*,4,3,True,2,5,29,6
Michigan4,LS2,Midday,Set1,Draw6,1,col1,Midday|Set1|Draw6|col1,D,own,2,1,1,6,1,4,0*,2,2,True,2,5,29,6
Michigan4,LS2,Midday,Set1,Draw6,1,col1,Midday|Set1|Draw6|col1,D,own,2,1,1,6,1,5,*,1,1,True,2,5,29,6
Michigan4,LS2,Midday,Set1,Draw6,1,col1,Midday|Set1|Draw6|col1,D,combined,2,1,1,6,1,0,59200186*,9,8,False,3,6,57,7
Michigan4,LS2,Midday,Set1,Draw6,1,col1,Midday|Set1|Draw6|col1,D,combined,2,1,1,6,1,1,52008*,6,5,False,3,6,57,7
Michigan4,LS2,Midday,Set1,Draw6,1,col1,Midday|Set1|Draw6|col1,D,combined,2,1,1,6,1,2,5200*,5,4,False,3,6,57,7
Michigan4,LS2,Midday,Set1,Draw6,1,col1,Midday|Set1|Draw6|col1,D,combined,2,1,1,6,1,3,500*,4,3,True,3,6,57,7
Michigan4,LS2,Midday,Set1,Draw6,1,col1,Midday|Set1|Draw6|col1,D,combined,2,1,1,6,1,4,0*,2,2,True,3,6,57,7
Michigan4,LS2,Midday,Set1,Draw6,1,col1,Midday|Set1|Draw6|col1,D,combined,2,1,1,6,1,5,0*,2,2,True,3,6,57,7
Michigan4,LS2,Midday,Set1,Draw6,1,col1,Midday|Set1|Draw6|col1,D,combined,2,1,1,6,1,6,*,1,1,True,3,6,57,7
Michigan4,LS2,Midday,Set1,Draw6,1,col1,Midday|Set1|Draw6|col1,E,own,2,1,1,6,1,0,59200186*,9,8,False,3,6,29,7
Michigan4,LS2,Midday,Set1,Draw6,1,col1,Midday|Set1|Draw6|col1,E,own,2,1,1,6,1,1,520086*,7,6,False,3,6,29,7
Michigan4,LS2,Midday,Set1,Draw6,1,col1,Midday|Set1|Draw6|col1,E,own,2,1,1,6,1,2,5006*,5,4,False,3,6,29,7
Michigan4,LS2,Midday,Set1,Draw6,1,col1,Midday|Set1|Draw6|col1,E,own,2,1,1,6,1,3,500*,4,3,True,3,6,29,7
Michigan4,LS2,Midday,Set1,Draw6,1,col1,Midday|Set1|Draw6|col1,E,own,2,1,1,6,1,4,00*,3,2,True,3,6,29,7
Michigan4,LS2,Midday,Set1,Draw6,1,col1,Midday|Set1|Draw6|col1,E,own,2,1,1,6,1,5,0*,2,2,True,3,6,29,7
Michigan4,LS2,Midday,Set1,Draw6,1,col1,Midday|Set1|Draw6|col1,E,own,2,1,1,6,1,6,*,1,1,True,3,6,29,7
Michigan4,LS2,Midday,Set1,Draw6,1,col1,Midday|Set1|Draw6|col1,E,combined,2,1,1,6,1,0,59200186*,9,8,False,3,6,57,7
Michigan4,LS2,Midday,Set1,Draw6,1,col1,Midday|Set1|Draw6|col1,E,combined,2,1,1,6,1,1,520086*,7,6,False,3,6,57,7
Michigan4,LS2,Midday,Set1,Draw6,1,col1,Midday|Set1|Draw6|col1,E,combined,2,1,1,6,1,2,5200*,5,4,False,3,6,57,7
Michigan4,LS2,Midday,Set1,Draw6,1,col1,Midday|Set1|Draw6|col1,E,combined,2,1,1,6,1,3,500*,4,3,True,3,6,57,7
Michigan4,LS2,Midday,Set1,Draw6,1,col1,Midday|Set1|Draw6|col1,E,combined,2,1,1,6,1,4,00*,3,2,True,3,6,57,7
Michigan4,LS2,Midday,Set1,Draw6,1,col1,Midday|Set1|Draw6|col1,E,combined,2,1,1,6,1,5,00*,3,2,True,3,6,57,7
Michigan4,LS2,Midday,Set1,Draw6,1,col1,Midday|Set1|Draw6|col1,E,combined,2,1,1,6,1,6,*,1,1,True,3,6,57,7
Michigan4,LS2,Midday,Set1,Draw6,1,col1,Midday|Set1|Draw6|col1,T,own,2,1,1,6,1,0,59200186*,9,8,False,2,6,29,7
Michigan4,LS2,Midday,Set1,Draw6,1,col1,Midday|Set1|Draw6|col1,T,own,2,1,1,6,1,1,52008*,6,5,False,2,6,29,7
Michigan4,LS2,Midday,Set1,Draw6,1,col1,Midday|Set1|Draw6|col1,T,own,2,1,1,6,1,2,500*,4,3,True,2,6,29,7
Michigan4,LS2,Midday,Set1,Draw6,1,col1,Midday|Set1|Draw6|col1,T,own,2,1,1,6,1,3,500*,4,3,True,2,6,29,7
Michigan4,LS2,Midday,Set1,Draw6,1,col1,Midday|Set1|Draw6|col1,T,own,2,1,1,6,1,4,00*,3,2,True,2,6,29,7
Michigan4,LS2,Midday,Set1,Draw6,1,col1,Midday|Set1|Draw6|col1,T,own,2,1,1,6,1,5,00*,3,2,True,2,6,29,7
Michigan4,LS2,Midday,Set1,Draw6,1,col1,Midday|Set1|Draw6|col1,T,own,2,1,1,6,1,6,*,1,1,True,2,6,29,7
Michigan4,LS2,Midday,Set1,Draw6,1,col1,Midday|Set1|Draw6|col1,T,combined,2,1,1,6,1,0,59200186*,9,8,False,3,11,57,7
Michigan4,LS2,Midday,Set1,Draw6,1,col1,Midday|Set1|Draw6|col1,T,combined,2,1,1,6,1,1,52008*,6,5,False,3,11,57,7
Michigan4,LS2,Midday,Set1,Draw6,1,col1,Midday|Set1|Draw6|col1,T,combined,2,1,1,6,1,2,5200*,5,4,False,3,11,57,7
Michigan4,LS2,Midday,Set1,Draw6,1,col1,Midday|Set1|Draw6|col1,T,combined,2,1,1,6,1,3,500*,4,3,True,3,11,57,7
Michigan4,LS2,Midday,Set1,Draw6,1,col1,Midday|Set1|Draw6|col1,T,combined,2,1,1,6,1,4,00*,3,2,True,3,11,57,7
Michigan4,LS2,Midday,Set1,Draw6,1,col1,Midday|Set1|Draw6|col1,T,combined,2,1,1,6,1,5,00*,3,2,True,3,11,57,7
Michigan4,LS2,Midday,Set1,Draw6,1,col1,Midday|Set1|Draw6|col1,T,combined,2,1,1,6,1,11,*,1,1,True,3,11,57,7
Michigan4,LS2,Evening,Set1,Draw4,3,col3,Evening|Set1|Draw4|col3,A,own,2,2,1,4,3,0,9924001867,10,8,False,3,7,29,7
Michigan4,LS2,Evening,Set1,Draw4,3,col3,Evening|Set1|Draw4|col3,A,own,2,2,1,4,3,1,9924007,7,5,False,3,7,29,7
Michigan4,LS2,Evening,Set1,Draw4,3,col3,Evening|Set1|Draw4|col3,A,own,2,2,1,4,3,2,992007,6,4,False,3,7,29,7
Michigan4,LS2,Evening,Set1,Draw4,3,col3,Evening|Set1|Draw4|col3,A,own,2,2,1,4,3,3,99007,5,3,True,3,7,29,7
Michigan4,LS2,Evening,Set1,Draw4,3,col3,Evening|Set1|Draw4|col3,A,own,2,2,1,4,3,4,9900,4,2,True,3,7,29,7
Michigan4,LS2,Evening,Set1,Draw4,3,col3,Evening|Set1|Draw4|col3,A,own,2,2,1,4,3,5,9900,4,2,True,3,7,29,7
Michigan4,LS2,Evening,Set1,Draw4,3,col3,Evening|Set1|Draw4|col3,A,own,2,2,1,4,3,7,00,2,1,True,3,7,29,7
Michigan4,LS2,Evening,Set1,Draw4,3,col3,Evening|Set1|Draw4|col3,A,combined,2,2,1,4,3,0,9924001867,10,8,False,2,12,13,9
Michigan4,LS2,Evening,Set1,Draw4,3,col3,Evening|Set1|Draw4|col3,A,combined,2,2,1,4,3,1,9924007,7,5,False,2,12,13,9
Michigan4,LS2,Evening,Set1,Draw4,3,col3,Evening|Set1|Draw4|col3,A,combined,2,2,1,4,3,2,2007,4,3,True,2,12,13,9
Michigan4,LS2,Evening,Set1,Draw4,3,col3,Evening|Set1|Draw4|col3,A,combined,2,2,1,4,3,3,2007,4,3,True,2,12,13,9
Michigan4,LS2,Evening,Set1,Draw4,3,col3,Evening|Set1|Draw4|col3,A,combined,2,2,1,4,3,4,007,3,2,True,2,12,13,9
Michigan4,LS2,Evening,Set1,Draw4,3,col3,Evening|Set1|Draw4|col3,A,combined,2,2,1,4,3,5,007,3,2,True,2,12,13,9
Michigan4,LS2,Evening,Set1,Draw4,3,col3,Evening|Set1|Draw4|col3,A,combined,2,2,1,4,3,7,00,2,1,True,2,12,13,9
Michigan4,LS2,Evening,Set1,Draw4,3,col3,Evening|Set1|Draw4|col3,A,combined,2,2,1,4,3,8,00,2,1,True,2,12,13,9
Michigan4,LS2,Evening,Set1,Draw4,3,col3,Evening|Set1|Draw4|col3,A,combined,2,2,1,4,3,12,,0,0,False,2,12,13,9
Michigan4,LS2,Evening,Set1,Draw4,3,col3,Evening|Set1|Draw4|col3,B,own,2,2,1,4,3,0,9924001867,10,8,False,2,6,7,7
Michigan4,LS2,Evening,Set1,Draw4,3,col3,Evening|Set1|Draw4|col3,B,own,2,2,1,4,3,1,9924007,7,5,False,2,6,7,7
Michigan4,LS2,Evening,Set1,Draw4,3,col3,Evening|Set1|Draw4|col3,B,own,2,2,1,4,3,2,9927,4,3,True,2,6,7,7
Michigan4,LS2,Evening,Set1,Draw4,3,col3,Evening|Set1|Draw4|col3,B,own,2,2,1,4,3,3,997,3,2,True,2,6,7,7
Michigan4,LS2,Evening,Set1,Draw4,3,col3,Evening|Set1|Draw4|col3,B,own,2,2,1,4,3,4,99,2,1,True,2,6,7,7
Michigan4,LS2,Evening,Set1,Draw4,3,col3,Evening|Set1|Draw4|col3,B,own,2,2,1,4,3,5,99,2,1,True,2,6,7,7
Michigan4,LS2,Evening,Set1,Draw4,3,col3,Evening|Set1|Draw4|col3,B,own,2,2,1,4,3,6,,0,0,False,2,6,7,7
Michigan4,LS2,Evening,Set1,Draw4,3,col3,Evening|Set1|Draw4|col3,B,combined,2,2,1,4,3,0,9924001867,10,8,False,2,5,6,6
Michigan4,LS2,Evening,Set1,Draw4,3,col3,Evening|Set1|Draw4|col3,B,combined,2,2,1,4,3,1,9924007,7,5,False,2,5,6,6
Michigan4,LS2,Evening,Set1,Draw4,3,col3,Evening|Set1|Draw4|col3,B,combined,2,2,1,4,3,2,2007,4,3,True,2,5,6,6
Michigan4,LS2,Evening,Set1,Draw4,3,col3,Evening|Set1|Draw4|col3,B,combined,2,2,1,4,3,3,27,2,2,True,2,5,6,6
Michigan4,LS2,Evening,Set1,Draw4,3,col3,Evening|Set1|Draw4|col3,B,combined,2,2,1,4,3,4,7,1,1,True,2,5,6,6
Michigan4,LS2,Evening,Set1,Draw4,3,col3,Evening|Set1|Draw4|col3,B,combined,2,2,1,4,3,5,,0,0,False,2,5,6,6
Michigan4,LS2,Evening,Set1,Draw4,3,col3,Evening|Set1|Draw4|col3,C,own,2,2,1,4,3,0,9924001867,10,8,False,2,3,4,4
Michigan4,LS2,Evening,Set1,Draw4,3,col3,Evening|Set1|Draw4|col3,C,own,2,2,1,4,3,1,9924007,7,5,False,2,3,4,4
Michigan4,LS2,Evening,Set1,Draw4,3,col3,Evening|Set1|Draw4|col3,C,own,2,2,1,4,3,2,27,2,2,True,2,3,4,4
Michigan4,LS2,Evening,Set1,Draw4,3,col3,Evening|Set1|Draw4|col3,C,own,2,2,1,4,3,3,,0,0,False,2,3,4,4
Michigan4,LS2,Evening,Set1,Draw4,3,col3,Evening|Set1|Draw4|col3,C,combined,2,2,1,4,3,0,9924001867,10,8,False,2,4,5,5
Michigan4,LS2,Evening,Set1,Draw4,3,col3,Evening|Set1|Draw4|col3,C,combined,2,2,1,4,3,1,9924007,7,5,False,2,4,5,5
Michigan4,LS2,Evening,Set1,Draw4,3,col3,Evening|Set1|Draw4|col3,C,combined,2,2,1,4,3,2,2007,4,3,True,2,4,5,5
Michigan4,LS2,Evening,Set1,Draw4,3,col3,Evening|Set1|Draw4|col3,C,combined,2,2,1,4,3,3,27,2,2,True,2,4,5,5
Michigan4,LS2,Evening,Set1,Draw4,3,col3,Evening|Set1|Draw4|col3,C,combined,2,2,1,4,3,4,,0,0,False,2,4,5,5
Michigan4,LS2,Evening,Set1,Draw4,3,col3,Evening|Set1|Draw4|col3,D,own,2,2,1,4,3,0,9924001867,10,8,False,3,6,7,6
Michigan4,LS2,Evening,Set1,Draw4,3,col3,Evening|Set1|Draw4|col3,D,own,2,2,1,4,3,1,9924007,7,5,False,3,6,7,6
Michigan4,LS2,Evening,Set1,Draw4,3,col3,Evening|Set1|Draw4|col3,D,own,2,2,1,4,3,2,9207,4,4,False,3,6,7,6
Michigan4,LS2,Evening,Set1,Draw4,3,col3,Evening|Set1|Draw4|col3,D,own,2,2,1,4,3,3,9,1,1,True,3,6,7,6
Michigan4,LS2,Evening,Set1,Draw4,3,col3,Evening|Set1|Draw4|col3,D,own,2,2,1,4,3,4,9,1,1,True,3,6,7,6
Michigan4,LS2,Evening,Set1,Draw4,3,col3,Evening|Set1|Draw4|col3,D,own,2,2,1,4,3,6,,0,0,False,3,6,7,6
Michigan4,LS2,Evening,Set1,Draw4,3,col3,Evening|Set1|Draw4|col3,D,combined,2,2,1,4,3,0,9924001867,10,8,False,2,5,6,6
Michigan4,LS2,Evening,Set1,Draw4,3,col3,Evening|Set1|Draw4|col3,D,combined,2,2,1,4,3,1,9924007,7,5,False,2,5,6,6
Michigan4,LS2,Evening,Set1,Draw4,3,col3,Evening|Set1|Draw4|col3,D,combined,2,2,1,4,3,2,2007,4,3,True,2,5,6,6
Michigan4,LS2,Evening,Set1,Draw4,3,col3,Evening|Set1|Draw4|col3,D,combined,2,2,1,4,3,3,207,3,3,True,2,5,6,6
Michigan4,LS2,Evening,Set1,Draw4,3,col3,Evening|Set1|Draw4|col3,D,combined,2,2,1,4,3,4,0,1,1,True,2,5,6,6
Michigan4,LS2,Evening,Set1,Draw4,3,col3,Evening|Set1|Draw4|col3,D,combined,2,2,1,4,3,5,,0,0,False,2,5,6,6
Michigan4,LS2,Evening,Set1,Draw4,3,col3,Evening|Set1|Draw4|col3,E,own,2,2,1,4,3,0,9924001867,10,8,False,3,7,8,8
Michigan4,LS2,Evening,Set1,Draw4,3,col3,Evening|Set1|Draw4|col3,E,own,2,2,1,4,3,1,9924007,7,5,False,3,7,8,8
Michigan4,LS2,Evening,Set1,Draw4,3,col3,Evening|Set1|Draw4|col3,E,own,2,2,1,4,3,2,99207,5,4,False,3,7,8,8
Michigan4,LS2,Evening,Set1,Draw4,3,col3,Evening|Set1|Draw4|col3,E,own,2,2,1,4,3,3,997,3,2,True,3,7,8,8
Michigan4,LS2,Evening,Set1,Draw4,3,col3,Evening|Set1|Draw4|col3,E,own,2,2,1,4,3,4,99,2,1,True,3,7,8,8
Michigan4,LS2,Evening,Set1,Draw4,3,col3,Evening|Set1|Draw4|col3,E,own,2,2,1,4,3,5,99,2,1,True,3,7,8,8
Michigan4,LS2,Evening,Set1,Draw4,3,col3,Evening|Set1|Draw4|col3,E,own,2,2,1,4,3,6,9,1,1,True,3,7,8,8
Michigan4,LS2,Evening,Set1,Draw4,3,col3,Evening|Set1|Draw4|col3,E,own,2,2,1,4,3,7,,0,0,False,3,7,8,8
Michigan4,LS2,Evening,Set1,Draw4,3,col3,Evening|Set1|Draw4|col3,E,combined,2,2,1,4,3,0,9924001867,10,8,False,3,5,6,6
Michigan4,LS2,Evening,Set1,Draw4,3,col3,Evening|Set1|Draw4|col3,E,combined,2,2,1,4,3,1,9924007,7,5,False,3,5,6,6
Michigan4,LS2,Evening,Set1,Draw4,3,col3,Evening|Set1|Draw4|col3,E,combined,2,2,1,4,3,2,92007,5,4,False,3,5,6,6
Michigan4,LS2,Evening,Set1,Draw4,3,col3,Evening|Set1|Draw4|col3,E,combined,2,2,1,4,3,3,207,3,3,True,3,5,6,6
Michigan4,LS2,Evening,Set1,Draw4,3,col3,Evening|Set1|Draw4|col3,E,combined,2,2,1,4,3,4,07,2,2,True,3,5,6,6
Michigan4,LS2,Evening,Set1,Draw4,3,col3,Evening|Set1|Draw4|col3,E,combined,2,2,1,4,3,5,,0,0,False,3,5,6,6
Michigan4,LS2,Evening,Set1,Draw4,3,col3,Evening|Set1|Draw4|col3,T,own,2,2,1,4,3,0,9924001867,10,8,False,2,4,5,5
Michigan4,LS2,Evening,Set1,Draw4,3,col3,Evening|Set1|Draw4|col3,T,own,2,2,1,4,3,1,9924007,7,5,False,2,4,5,5
Michigan4,LS2,Evening,Set1,Draw4,3,col3,Evening|Set1|Draw4|col3,T,own,2,2,1,4,3,2,27,2,2,True,2,4,5,5
Michigan4,LS2,Evening,Set1,Draw4,3,col3,Evening|Set1|Draw4|col3,T,own,2,2,1,4,3,3,7,1,1,True,2,4,5,5
Michigan4,LS2,Evening,Set1,Draw4,3,col3,Evening|Set1|Draw4|col3,T,own,2,2,1,4,3,4,,0,0,False,2,4,5,5
Michigan4,LS2,Evening,Set1,Draw4,3,col3,Evening|Set1|Draw4|col3,T,combined,2,2,1,4,3,0,9924001867,10,8,False,2,7,8,7
Michigan4,LS2,Evening,Set1,Draw4,3,col3,Evening|Set1|Draw4|col3,T,combined,2,2,1,4,3,1,9924007,7,5,False,2,7,8,7
Michigan4,LS2,Evening,Set1,Draw4,3,col3,Evening|Set1|Draw4|col3,T,combined,2,2,1,4,3,2,2007,4,3,True,2,7,8,7
Michigan4,LS2,Evening,Set1,Draw4,3,col3,Evening|Set1|Draw4|col3,T,combined,2,2,1,4,3,3,27,2,2,True,2,7,8,7
Michigan4,LS2,Evening,Set1,Draw4,3,col3,Evening|Set1|Draw4|col3,T,combined,2,2,1,4,3,4,7,1,1,True,2,7,8,7
Michigan4,LS2,Evening,Set1,Draw4,3,col3,Evening|Set1|Draw4|col3,T,combined,2,2,1,4,3,5,7,1,1,True,2,7,8,7
Michigan4,LS2,Evening,Set1,Draw4,3,col3,Evening|Set1|Draw4|col3,T,combined,2,2,1,4,3,7,,0,0,False,2,7,8,7
Michigan4,LS2,Evening,Set1,Draw6,1,col1,Evening|Set1|Draw6|col1,A,own,2,2,1,6,1,0,992400867*,10,8,False,4,7,29,8
Michigan4,LS2,Evening,Set1,Draw6,1,col1,Evening|Set1|Draw6|col1,A,own,2,2,1,6,1,1,9924007*,8,6,False,4,7,29,8
Michigan4,LS2,Evening,Set1,Draw6,1,col1,Evening|Set1|Draw6|col1,A,own,2,2,1,6,1,2,992007*,7,5,False,4,7,29,8
Michigan4,LS2,Evening,Set1,Draw6,1,col1,Evening|Set1|Draw6|col1,A,own,2,2,1,6,1,3,99007*,6,4,False,4,7,29,8
Michigan4,LS2,Evening,Set1,Draw6,1,col1,Evening|Set1|Draw6|col1,A,own,2,2,1,6,1,4,9900*,5,3,True,4,7,29,8
Michigan4,LS2,Evening,Set1,Draw6,1,col1,Evening|Set1|Draw6|col1,A,own,2,2,1,6,1,5,9900*,5,3,True,4,7,29,8
Michigan4,LS2,Evening,Set1,Draw6,1,col1,Evening|Set1|Draw6|col1,A,own,2,2,1,6,1,6,9900*,5,3,True,4,7,29,8
Michigan4,LS2,Evening,Set1,Draw6,1,col1,Evening|Set1|Draw6|col1,A,own,2,2,1,6,1,7,00*,3,2,True,4,7,29,8
Michigan4,LS2,Evening,Set1,Draw6,1,col1,Evening|Set1|Draw6|col1,A,combined,2,2,1,6,1,0,992400867*,10,8,False,4,12,57,10
Michigan4,LS2,Evening,Set1,Draw6,1,col1,Evening|Set1|Draw6|col1,A,combined,2,2,1,6,1,1,9924007*,8,6,False,4,12,57,10
Michigan4,LS2,Evening,Set1,Draw6,1,col1,Evening|Set1|Draw6|col1,A,combined,2,2,1,6,1,2,2007*,5,4,False,4,12,57,10
Michigan4,LS2,Evening,Set1,Draw6,1,col1,Evening|Set1|Draw6|col1,A,combined,2,2,1,6,1,3,2007*,5,4,False,4,12,57,10
Michigan4,LS2,Evening,Set1,Draw6,1,col1,Evening|Set1|Draw6|col1,A,combined,2,2,1,6,1,4,007*,4,3,True,4,12,57,10
Michigan4,LS2,Evening,Set1,Draw6,1,col1,Evening|Set1|Draw6|col1,A,combined,2,2,1,6,1,5,007*,4,3,True,4,12,57,10
Michigan4,LS2,Evening,Set1,Draw6,1,col1,Evening|Set1|Draw6|col1,A,combined,2,2,1,6,1,6,007*,4,3,True,4,12,57,10
Michigan4,LS2,Evening,Set1,Draw6,1,col1,Evening|Set1|Draw6|col1,A,combined,2,2,1,6,1,7,00*,3,2,True,4,12,57,10
Michigan4,LS2,Evening,Set1,Draw6,1,col1,Evening|Set1|Draw6|col1,A,combined,2,2,1,6,1,8,00*,3,2,True,4,12,57,10
Michigan4,LS2,Evening,Set1,Draw6,1,col1,Evening|Set1|Draw6|col1,A,combined,2,2,1,6,1,12,*,1,1,True,4,12,57,10
Michigan4,LS2,Evening,Set1,Draw6,1,col1,Evening|Set1|Draw6|col1,B,own,2,2,1,6,1,0,992400867*,10,8,False,3,6,29,7
Michigan4,LS2,Evening,Set1,Draw6,1,col1,Evening|Set1|Draw6|col1,B,own,2,2,1,6,1,1,9924007*,8,6,False,3,6,29,7
Michigan4,LS2,Evening,Set1,Draw6,1,col1,Evening|Set1|Draw6|col1,B,own,2,2,1,6,1,2,9927*,5,4,False,3,6,29,7
Michigan4,LS2,Evening,Set1,Draw6,1,col1,Evening|Set1|Draw6|col1,B,own,2,2,1,6,1,3,997*,4,3,True,3,6,29,7
Michigan4,LS2,Evening,Set1,Draw6,1,col1,Evening|Set1|Draw6|col1,B,own,2,2,1,6,1,4,99*,3,2,True,3,6,29,7
Michigan4,LS2,Evening,Set1,Draw6,1,col1,Evening|Set1|Draw6|col1,B,own,2,2,1,6,1,5,99*,3,2,True,3,6,29,7
Michigan4,LS2,Evening,Set1,Draw6,1,col1,Evening|Set1|Draw6|col1,B,own,2,2,1,6,1,6,*,1,1,True,3,6,29,7
Michigan4,LS2,Evening,Set1,Draw6,1,col1,Evening|Set1|Draw6|col1,B,combined,2,2,1,6,1,0,992400867*,10,8,False,3,5,57,6
Michigan4,LS2,Evening,Set1,Draw6,1,col1,Evening|Set1|Draw6|col1,B,combined,2,2,1,6,1,1,9924007*,8,6,False,3,5,57,6
Michigan4,LS2,Evening,Set1,Draw6,1,col1,Evening|Set1|Draw6|col1,B,combined,2,2,1,6,1,2,2007*,5,4,False,3,5,57,6
Michigan4,LS2,Evening,Set1,Draw6,1,col1,Evening|Set1|Draw6|col1,B,combined,2,2,1,6,1,3,27*,3,3,True,3,5,57,6
Michigan4,LS2,Evening,Set1,Draw6,1,col1,Evening|Set1|Draw6|col1,B,combined,2,2,1,6,1,4,7*,2,2,True,3,5,57,6
Michigan4,LS2,Evening,Set1,Draw6,1,col1,Evening|Set1|Draw6|col1,B,combined,2,2,1,6,1,5,*,1,1,True,3,5,57,6
Michigan4,LS2,Evening,Set1,Draw6,1,col1,Evening|Set1|Draw6|col1,C,own,2,2,1,6,1,0,992400867*,10,8,False,2,3,29,4
Michigan4,LS2,Evening,Set1,Draw6,1,col1,Evening|Set1|Draw6|col1,C,own,2,2,1,6,1,1,9924007*,8,6,False,2,3,29,4
Michigan4,LS2,Evening,Set1,Draw6,1,col1,Evening|Set1|Draw6|col1,C,own,2,2,1,6,1,2,27*,3,3,True,2,3,29,4
Michigan4,LS2,Evening,Set1,Draw6,1,col1,Evening|Set1|Draw6|col1,C,own,2,2,1,6,1,3,*,1,1,True,2,3,29,4
Michigan4,LS2,Evening,Set1,Draw6,1,col1,Evening|Set1|Draw6|col1,C,combined,2,2,1,6,1,0,992400867*,10,8,False,3,4,57,5
Michigan4,LS2,Evening,Set1,Draw6,1,col1,Evening|Set1|Draw6|col1,C,combined,2,2,1,6,1,1,9924007*,8,6,False,3,4,57,5
Michigan4,LS2,Evening,Set1,Draw6,1,col1,Evening|Set1|Draw6|col1,C,combined,2,2,1,6,1,2,2007*,5,4,False,3,4,57,5
Michigan4,LS2,Evening,Set1,Draw6,1,col1,Evening|Set1|Draw6|col1,C,combined,2,2,1,6,1,3,27*,3,3,True,3,4,57,5
Michigan4,LS2,Evening,Set1,Draw6,1,col1,Evening|Set1|Draw6|col1,C,combined,2,2,1,6,1,4,*,1,1,True,3,4,57,5
Michigan4,LS2,Evening,Set1,Draw6,1,col1,Evening|Set1|Draw6|col1,D,own,2,2,1,6,1,0,992400867*,10,8,False,3,6,29,6
Michigan4,LS2,Evening,Set1,Draw6,1,col1,Evening|Set1|Draw6|col1,D,own,2,2,1,6,1,1,9924007*,8,6,False,3,6,29,6
Michigan4,LS2,Evening,Set1,Draw6,1,col1,Evening|Set1|Draw6|col1,D,own,2,2,1,6,1,2,9207*,5,5,False,3,6,29,6
Michigan4,LS2,Evening,Set1,Draw6,1,col1,Evening|Set1|Draw6|col1,D,own,2,2,1,6,1,3,9*,2,2,True,3,6,29,6
Michigan4,LS2,Evening,Set1,Draw6,1,col1,Evening|Set1|Draw6|col1,D,own,2,2,1,6,1,4,9*,2,2,True,3,6,29,6
Michigan4,LS2,Evening,Set1,Draw6,1,col1,Evening|Set1|Draw6|col1,D,own,2,2,1,6,1,6,*,1,1,True,3,6,29,6
Michigan4,LS2,Evening,Set1,Draw6,1,col1,Evening|Set1|Draw6|col1,D,combined,2,2,1,6,1,0,992400867*,10,8,False,4,5,57,6
Michigan4,LS2,Evening,Set1,Draw6,1,col1,Evening|Set1|Draw6|col1,D,combined,2,2,1,6,1,1,9924007*,8,6,False,4,5,57,6
Michigan4,LS2,Evening,Set1,Draw6,1,col1,Evening|Set1|Draw6|col1,D,combined,2,2,1,6,1,2,2007*,5,4,False,4,5,57,6
Michigan4,LS2,Evening,Set1,Draw6,1,col1,Evening|Set1|Draw6|col1,D,combined,2,2,1,6,1,3,207*,4,4,False,4,5,57,6
Michigan4,LS2,Evening,Set1,Draw6,1,col1,Evening|Set1|Draw6|col1,D,combined,2,2,1,6,1,4,0*,2,2,True,4,5,57,6
Michigan4,LS2,Evening,Set1,Draw6,1,col1,Evening|Set1|Draw6|col1,D,combined,2,2,1,6,1,5,*,1,1,True,4,5,57,6
Michigan4,LS2,Evening,Set1,Draw6,1,col1,Evening|Set1|Draw6|col1,E,own,2,2,1,6,1,0,992400867*,10,8,False,3,7,29,8
Michigan4,LS2,Evening,Set1,Draw6,1,col1,Evening|Set1|Draw6|col1,E,own,2,2,1,6,1,1,9924007*,8,6,False,3,7,29,8
Michigan4,LS2,Evening,Set1,Draw6,1,col1,Evening|Set1|Draw6|col1,E,own,2,2,1,6,1,2,99207*,6,5,False,3,7,29,8
Michigan4,LS2,Evening,Set1,Draw6,1,col1,Evening|Set1|Draw6|col1,E,own,2,2,1,6,1,3,997*,4,3,True,3,7,29,8
Michigan4,LS2,Evening,Set1,Draw6,1,col1,Evening|Set1|Draw6|col1,E,own,2,2,1,6,1,4,99*,3,2,True,3,7,29,8
Michigan4,LS2,Evening,Set1,Draw6,1,col1,Evening|Set1|Draw6|col1,E,own,2,2,1,6,1,5,99*,3,2,True,3,7,29,8
Michigan4,LS2,Evening,Set1,Draw6,1,col1,Evening|Set1|Draw6|col1,E,own,2,2,1,6,1,6,9*,2,2,True,3,7,29,8
Michigan4,LS2,Evening,Set1,Draw6,1,col1,Evening|Set1|Draw6|col1,E,own,2,2,1,6,1,7,*,1,1,True,3,7,29,8
Michigan4,LS2,Evening,Set1,Draw6,1,col1,Evening|Set1|Draw6|col1,E,combined,2,2,1,6,1,0,992400867*,10,8,False,4,5,57,6
Michigan4,LS2,Evening,Set1,Draw6,1,col1,Evening|Set1|Draw6|col1,E,combined,2,2,1,6,1,1,9924007*,8,6,False,4,5,57,6
Michigan4,LS2,Evening,Set1,Draw6,1,col1,Evening|Set1|Draw6|col1,E,combined,2,2,1,6,1,2,92007*,6,5,False,4,5,57,6
Michigan4,LS2,Evening,Set1,Draw6,1,col1,Evening|Set1|Draw6|col1,E,combined,2,2,1,6,1,3,207*,4,4,False,4,5,57,6
Michigan4,LS2,Evening,Set1,Draw6,1,col1,Evening|Set1|Draw6|col1,E,combined,2,2,1,6,1,4,07*,3,3,True,4,5,57,6
Michigan4,LS2,Evening,Set1,Draw6,1,col1,Evening|Set1|Draw6|col1,E,combined,2,2,1,6,1,5,*,1,1,True,4,5,57,6
Michigan4,LS2,Evening,Set1,Draw6,1,col1,Evening|Set1|Draw6|col1,T,own,2,2,1,6,1,0,992400867*,10,8,False,2,4,29,5
Michigan4,LS2,Evening,Set1,Draw6,1,col1,Evening|Set1|Draw6|col1,T,own,2,2,1,6,1,1,9924007*,8,6,False,2,4,29,5
Michigan4,LS2,Evening,Set1,Draw6,1,col1,Evening|Set1|Draw6|col1,T,own,2,2,1,6,1,2,27*,3,3,True,2,4,29,5
Michigan4,LS2,Evening,Set1,Draw6,1,col1,Evening|Set1|Draw6|col1,T,own,2,2,1,6,1,3,7*,2,2,True,2,4,29,5
Michigan4,LS2,Evening,Set1,Draw6,1,col1,Evening|Set1|Draw6|col1,T,own,2,2,1,6,1,4,*,1,1,True,2,4,29,5
Michigan4,LS2,Evening,Set1,Draw6,1,col1,Evening|Set1|Draw6|col1,T,combined,2,2,1,6,1,0,992400867*,10,8,False,3,7,57,7
Michigan4,LS2,Evening,Set1,Draw6,1,col1,Evening|Set1|Draw6|col1,T,combined,2,2,1,6,1,1,9924007*,8,6,False,3,7,57,7
Michigan4,LS2,Evening,Set1,Draw6,1,col1,Evening|Set1|Draw6|col1,T,combined,2,2,1,6,1,2,2007*,5,4,False,3,7,57,7
Michigan4,LS2,Evening,Set1,Draw6,1,col1,Evening|Set1|Draw6|col1,T,combined,2,2,1,6,1,3,27*,3,3,True,3,7,57,7
Michigan4,LS2,Evening,Set1,Draw6,1,col1,Evening|Set1|Draw6|col1,T,combined,2,2,1,6,1,4,7*,2,2,True,3,7,57,7
Michigan4,LS2,Evening,Set1,Draw6,1,col1,Evening|Set1|Draw6|col1,T,combined,2,2,1,6,1,5,7*,2,2,True,3,7,57,7
Michigan4,LS2,Evening,Set1,Draw6,1,col1,Evening|Set1|Draw6|col1,T,combined,2,2,1,6,1,7,*,1,1,True,3,7,57,7
Michigan4,LS2,Combined,Set1,Draw4,3,col3,Combined|Set1|Draw4|col3,A,own,2,3,1,4,3,0,990018677,9,6,False,1,7,29,5
Michigan4,LS2,Combined,Set1,Draw4,3,col3,Combined|Set1|Draw4|col3,A,own,2,3,1,4,3,1,990077,6,3,True,1,7,29,5
Michigan4,LS2,Combined,Set1,Draw4,3,col3,Combined|Set1|Draw4|col3,A,own,2,3,1,4,3,2,0077,4,2,True,1,7,29,5
Michigan4,LS2,Combined,Set1,Draw4,3,col3,Combined|Set1|Draw4|col3,A,own,2,3,1,4,3,3,0077,4,2,True,1,7,29,5
Michigan4,LS2,Combined,Set1,Draw4,3,col3,Combined|Set1|Draw4|col3,A,own,2,3,1,4,3,7,00,2,1,True,1,7,29,5
Michigan4,LS2,Combined,Set1,Draw4,3,col3,Combined|Set1|Draw4|col3,A,combined,2,3,1,4,3,0,990018677,9,6,False,1,13,57,6
Michigan4,LS2,Combined,Set1,Draw4,3,col3,Combined|Set1|Draw4|col3,A,combined,2,3,1,4,3,1,990077,6,3,True,1,13,57,6
Michigan4,LS2,Combined,Set1,Draw4,3,col3,Combined|Set1|Draw4|col3,A,combined,2,3,1,4,3,2,990077,6,3,True,1,13,57,6
Michigan4,LS2,Combined,Set1,Draw4,3,col3,Combined|Set1|Draw4|col3,A,combined,2,3,1,4,3,3,0077,4,2,True,1,13,57,6
Michigan4,LS2,Combined,Set1,Draw4,3,col3,Combined|Set1|Draw4|col3,A,combined,2,3,1,4,3,4,0077,4,2,True,1,13,57,6
Michigan4,LS2,Combined,Set1,Draw4,3,col3,Combined|Set1|Draw4|col3,A,combined,2,3,1,4,3,13,00,2,1,True,1,13,57,6
Michigan4,LS2,Combined,Set1,Draw4,3,col3,Combined|Set1|Draw4|col3,B,own,2,3,1,4,3,0,990018677,9,6,False,1,4,5,5
Michigan4,LS2,Combined,Set1,Draw4,3,col3,Combined|Set1|Draw4|col3,B,own,2,3,1,4,3,1,990077,6,3,True,1,4,5,5
Michigan4,LS2,Combined,Set1,Draw4,3,col3,Combined|Set1|Draw4|col3,B,own,2,3,1,4,3,2,0077,4,2,True,1,4,5,5
Michigan4,LS2,Combined,Set1,Draw4,3,col3,Combined|Set1|Draw4|col3,B,own,2,3,1,4,3,3,77,2,1,True,1,4,5,5
Michigan4,LS2,Combined,Set1,Draw4,3,col3,Combined|Set1|Draw4|col3,B,own,2,3,1,4,3,4,,0,0,False,1,4,5,5
Michigan4,LS2,Combined,Set1,Draw4,3,col3,Combined|Set1|Draw4|col3,B,combined,2,3,1,4,3,0,990018677,9,6,False,1,7,8,8
Michigan4,LS2,Combined,Set1,Draw4,3,col3,Combined|Set1|Draw4|col3,B,combined,2,3,1,4,3,1,990077,6,3,True,1,7,8,8
Michigan4,LS2,Combined,Set1,Draw4,3,col3,Combined|Set1|Draw4|col3,B,combined,2,3,1,4,3,2,990077,6,3,True,1,7,8,8
Michigan4,LS2,Combined,Set1,Draw4,3,col3,Combined|Set1|Draw4|col3,B,combined,2,3,1,4,3,3,0077,4,2,True,1,7,8,8
Michigan4,LS2,Combined,Set1,Draw4,3,col3,Combined|Set1|Draw4|col3,B,combined,2,3,1,4,3,4,0077,4,2,True,1,7,8,8
Michigan4,LS2,Combined,Set1,Draw4,3,col3,Combined|Set1|Draw4|col3,B,combined,2,3,1,4,3,5,77,2,1,True,1,7,8,8
Michigan4,LS2,Combined,Set1,Draw4,3,col3,Combined|Set1|Draw4|col3,B,combined,2,3,1,4,3,6,77,2,1,True,1,7,8,8
Michigan4,LS2,Combined,Set1,Draw4,3,col3,Combined|Set1|Draw4|col3,B,combined,2,3,1,4,3,7,,0,0,False,1,7,8,8
Michigan4,LS2,Combined,Set1,Draw4,3,col3,Combined|Set1|Draw4|col3,C,own,2,3,1,4,3,0,990018677,9,6,False,1,4,5,5
Michigan4,LS2,Combined,Set1,Draw4,3,col3,Combined|Set1|Draw4|col3,C,own,2,3,1,4,3,1,990077,6,3,True,1,4,5,5
Michigan4,LS2,Combined,Set1,Draw4,3,col3,Combined|Set1|Draw4|col3,C,own,2,3,1,4,3,2,0077,4,2,True,1,4,5,5
Michigan4,LS2,Combined,Set1,Draw4,3,col3,Combined|Set1|Draw4|col3,C,own,2,3,1,4,3,3,77,2,1,True,1,4,5,5
Michigan4,LS2,Combined,Set1,Draw4,3,col3,Combined|Set1|Draw4|col3,C,own,2,3,1,4,3,4,,0,0,False,1,4,5,5
Michigan4,LS2,Combined,Set1,Draw4,3,col3,Combined|Set1|Draw4|col3,C,combined,2,3,1,4,3,0,990018677,9,6,False,1,7,8,8
Michigan4,LS2,Combined,Set1,Draw4,3,col3,Combined|Set1|Draw4|col3,C,combined,2,3,1,4,3,1,990077,6,3,True,1,7,8,8
Michigan4,LS2,Combined,Set1,Draw4,3,col3,Combined|Set1|Draw4|col3,C,combined,2,3,1,4,3,2,990077,6,3,True,1,7,8,8
Michigan4,LS2,Combined,Set1,Draw4,3,col3,Combined|Set1|Draw4|col3,C,combined,2,3,1,4,3,3,0077,4,2,True,1,7,8,8
Michigan4,LS2,Combined,Set1,Draw4,3,col3,Combined|Set1|Draw4|col3,C,combined,2,3,1,4,3,4,0077,4,2,True,1,7,8,8
Michigan4,LS2,Combined,Set1,Draw4,3,col3,Combined|Set1|Draw4|col3,C,combined,2,3,1,4,3,5,77,2,1,True,1,7,8,8
Michigan4,LS2,Combined,Set1,Draw4,3,col3,Combined|Set1|Draw4|col3,C,combined,2,3,1,4,3,6,77,2,1,True,1,7,8,8
Michigan4,LS2,Combined,Set1,Draw4,3,col3,Combined|Set1|Draw4|col3,C,combined,2,3,1,4,3,7,,0,0,False,1,7,8,8
Michigan4,LS2,Combined,Set1,Draw4,3,col3,Combined|Set1|Draw4|col3,D,own,2,3,1,4,3,0,990018677,9,6,False,1,5,6,6
Michigan4,LS2,Combined,Set1,Draw4,3,col3,Combined|Set1|Draw4|col3,D,own,2,3,1,4,3,1,990077,6,3,True,1,5,6,6
Michigan4,LS2,Combined,Set1,Draw4,3,col3,Combined|Set1|Draw4|col3,D,own,2,3,1,4,3,2,0077,4,2,True,1,5,6,6
Michigan4,LS2,Combined,Set1,Draw4,3,col3,Combined|Set1|Draw4|col3,D,own,2,3,1,4,3,3,077,3,2,True,1,5,6,6
Michigan4,LS2,Combined,Set1,Draw4,3,col3,Combined|Set1|Draw4|col3,D,own,2,3,1,4,3,4,07,2,2,True,1,5,6,6
Michigan4,LS2,Combined,Set1,Draw4,3,col3,Combined|Set1|Draw4|col3,D,own,2,3,1,4,3,5,,0,0,False,1,5,6,6
Michigan4,LS2,Combined,Set1,Draw4,3,col3,Combined|Set1|Draw4|col3,D,combined,2,3,1,4,3,0,990018677,9,6,False,1,8,9,9
Michigan4,LS2,Combined,Set1,Draw4,3,col3,Combined|Set1|Draw4|col3,D,combined,2,3,1,4,3,1,990077,6,3,True,1,8,9,9
Michigan4,LS2,Combined,Set1,Draw4,3,col3,Combined|Set1|Draw4|col3,D,combined,2,3,1,4,3,2,990077,6,3,True,1,8,9,9
Michigan4,LS2,Combined,Set1,Draw4,3,col3,Combined|Set1|Draw4|col3,D,combined,2,3,1,4,3,3,0077,4,2,True,1,8,9,9
Michigan4,LS2,Combined,Set1,Draw4,3,col3,Combined|Set1|Draw4|col3,D,combined,2,3,1,4,3,4,0077,4,2,True,1,8,9,9
Michigan4,LS2,Combined,Set1,Draw4,3,col3,Combined|Set1|Draw4|col3,D,combined,2,3,1,4,3,5,077,3,2,True,1,8,9,9
Michigan4,LS2,Combined,Set1,Draw4,3,col3,Combined|Set1|Draw4|col3,D,combined,2,3,1,4,3,6,77,2,1,True,1,8,9,9
Michigan4,LS2,Combined,Set1,Draw4,3,col3,Combined|Set1|Draw4|col3,D,combined,2,3,1,4,3,7,7,1,1,True,1,8,9,9
Michigan4,LS2,Combined,Set1,Draw4,3,col3,Combined|Set1|Draw4|col3,D,combined,2,3,1,4,3,8,,0,0,False,1,8,9,9
Michigan4,LS2,Combined,Set1,Draw4,3,col3,Combined|Set1|Draw4|col3,E,own,2,3,1,4,3,0,990018677,9,6,False,1,5,6,6
Michigan4,LS2,Combined,Set1,Draw4,3,col3,Combined|Set1|Draw4|col3,E,own,2,3,1,4,3,1,990077,6,3,True,1,5,6,6
Michigan4,LS2,Combined,Set1,Draw4,3,col3,Combined|Set1|Draw4|col3,E,own,2,3,1,4,3,2,0077,4,2,True,1,5,6,6
Michigan4,LS2,Combined,Set1,Draw4,3,col3,Combined|Set1|Draw4|col3,E,own,2,3,1,4,3,3,077,3,2,True,1,5,6,6
Michigan4,LS2,Combined,Set1,Draw4,3,col3,Combined|Set1|Draw4|col3,E,own,2,3,1,4,3,4,07,2,2,True,1,5,6,6
Michigan4,LS2,Combined,Set1,Draw4,3,col3,Combined|Set1|Draw4|col3,E,own,2,3,1,4,3,5,,0,0,False,1,5,6,6
Michigan4,LS2,Combined,Set1,Draw4,3,col3,Combined|Set1|Draw4|col3,E,combined,2,3,1,4,3,0,990018677,9,6,False,1,8,9,9
Michigan4,LS2,Combined,Set1,Draw4,3,col3,Combined|Set1|Draw4|col3,E,combined,2,3,1,4,3,1,990077,6,3,True,1,8,9,9
Michigan4,LS2,Combined,Set1,Draw4,3,col3,Combined|Set1|Draw4|col3,E,combined,2,3,1,4,3,2,990077,6,3,True,1,8,9,9
Michigan4,LS2,Combined,Set1,Draw4,3,col3,Combined|Set1|Draw4|col3,E,combined,2,3,1,4,3,3,0077,4,2,True,1,8,9,9
Michigan4,LS2,Combined,Set1,Draw4,3,col3,Combined|Set1|Draw4|col3,E,combined,2,3,1,4,3,4,0077,4,2,True,1,8,9,9
Michigan4,LS2,Combined,Set1,Draw4,3,col3,Combined|Set1|Draw4|col3,E,combined,2,3,1,4,3,5,077,3,2,True,1,8,9,9
Michigan4,LS2,Combined,Set1,Draw4,3,col3,Combined|Set1|Draw4|col3,E,combined,2,3,1,4,3,6,77,2,1,True,1,8,9,9
Michigan4,LS2,Combined,Set1,Draw4,3,col3,Combined|Set1|Draw4|col3,E,combined,2,3,1,4,3,7,7,1,1,True,1,8,9,9
Michigan4,LS2,Combined,Set1,Draw4,3,col3,Combined|Set1|Draw4|col3,E,combined,2,3,1,4,3,8,,0,0,False,1,8,9,9
Michigan4,LS2,Combined,Set1,Draw4,3,col3,Combined|Set1|Draw4|col3,T,own,2,3,1,4,3,0,990018677,9,6,False,1,7,8,6
Michigan4,LS2,Combined,Set1,Draw4,3,col3,Combined|Set1|Draw4|col3,T,own,2,3,1,4,3,1,990077,6,3,True,1,7,8,6
Michigan4,LS2,Combined,Set1,Draw4,3,col3,Combined|Set1|Draw4|col3,T,own,2,3,1,4,3,2,0077,4,2,True,1,7,8,6
Michigan4,LS2,Combined,Set1,Draw4,3,col3,Combined|Set1|Draw4|col3,T,own,2,3,1,4,3,3,77,2,1,True,1,7,8,6
Michigan4,LS2,Combined,Set1,Draw4,3,col3,Combined|Set1|Draw4|col3,T,own,2,3,1,4,3,4,77,2,1,True,1,7,8,6
Michigan4,LS2,Combined,Set1,Draw4,3,col3,Combined|Set1|Draw4|col3,T,own,2,3,1,4,3,7,,0,0,False,1,7,8,6
Michigan4,LS2,Combined,Set1,Draw4,3,col3,Combined|Set1|Draw4|col3,T,combined,2,3,1,4,3,0,990018677,9,6,False,1,13,14,8
Michigan4,LS2,Combined,Set1,Draw4,3,col3,Combined|Set1|Draw4|col3,T,combined,2,3,1,4,3,1,990077,6,3,True,1,13,14,8
Michigan4,LS2,Combined,Set1,Draw4,3,col3,Combined|Set1|Draw4|col3,T,combined,2,3,1,4,3,2,990077,6,3,True,1,13,14,8
Michigan4,LS2,Combined,Set1,Draw4,3,col3,Combined|Set1|Draw4|col3,T,combined,2,3,1,4,3,3,0077,4,2,True,1,13,14,8
Michigan4,LS2,Combined,Set1,Draw4,3,col3,Combined|Set1|Draw4|col3,T,combined,2,3,1,4,3,4,0077,4,2,True,1,13,14,8
Michigan4,LS2,Combined,Set1,Draw4,3,col3,Combined|Set1|Draw4|col3,T,combined,2,3,1,4,3,5,77,2,1,True,1,13,14,8
Michigan4,LS2,Combined,Set1,Draw4,3,col3,Combined|Set1|Draw4|col3,T,combined,2,3,1,4,3,6,77,2,1,True,1,13,14,8
Michigan4,LS2,Combined,Set1,Draw4,3,col3,Combined|Set1|Draw4|col3,T,combined,2,3,1,4,3,13,,0,0,False,1,13,14,8
Michigan4,LS2,Combined,Set1,Draw6,1,col1,Combined|Set1|Draw6|col1,A,own,2,3,1,6,1,0,592008677*,10,8,False,4,7,29,8
Michigan4,LS2,Combined,Set1,Draw6,1,col1,Combined|Set1|Draw6|col1,A,own,2,3,1,6,1,1,5920077*,8,6,False,4,7,29,8
Michigan4,LS2,Combined,Set1,Draw6,1,col1,Combined|Set1|Draw6|col1,A,own,2,3,1,6,1,2,520077*,7,5,False,4,7,29,8
Michigan4,LS2,Combined,Set1,Draw6,1,col1,Combined|Set1|Draw6|col1,A,own,2,3,1,6,1,3,20077*,6,4,False,4,7,29,8
Michigan4,LS2,Combined,Set1,Draw6,1,col1,Combined|Set1|Draw6|col1,A,own,2,3,1,6,1,4,0077*,5,3,True,4,7,29,8
Michigan4,LS2,Combined,Set1,Draw6,1,col1,Combined|Set1|Draw6|col1,A,own,2,3,1,6,1,5,0077*,5,3,True,4,7,29,8
Michigan4,LS2,Combined,Set1,Draw6,1,col1,Combined|Set1|Draw6|col1,A,own,2,3,1,6,1,6,0077*,5,3,True,4,7,29,8
Michigan4,LS2,Combined,Set1,Draw6,1,col1,Combined|Set1|Draw6|col1,A,own,2,3,1,6,1,7,00*,3,2,True,4,7,29,8
Michigan4,LS2,Combined,Set1,Draw6,1,col1,Combined|Set1|Draw6|col1,A,combined,2,3,1,6,1,0,592008677*,10,8,False,7,13,57,14
Michigan4,LS2,Combined,Set1,Draw6,1,col1,Combined|Set1|Draw6|col1,A,combined,2,3,1,6,1,1,5920077*,8,6,False,7,13,57,14
Michigan4,LS2,Combined,Set1,Draw6,1,col1,Combined|Set1|Draw6|col1,A,combined,2,3,1,6,1,2,5920077*,8,6,False,7,13,57,14
Michigan4,LS2,Combined,Set1,Draw6,1,col1,Combined|Set1|Draw6|col1,A,combined,2,3,1,6,1,3,520077*,7,5,False,7,13,57,14
Michigan4,LS2,Combined,Set1,Draw6,1,col1,Combined|Set1|Draw6|col1,A,combined,2,3,1,6,1,4,520077*,7,5,False,7,13,57,14
Michigan4,LS2,Combined,Set1,Draw6,1,col1,Combined|Set1|Draw6|col1,A,combined,2,3,1,6,1,5,20077*,6,4,False,7,13,57,14
Michigan4,LS2,Combined,Set1,Draw6,1,col1,Combined|Set1|Draw6|col1,A,combined,2,3,1,6,1,6,20077*,6,4,False,7,13,57,14
Michigan4,LS2,Combined,Set1,Draw6,1,col1,Combined|Set1|Draw6|col1,A,combined,2,3,1,6,1,7,0077*,5,3,True,7,13,57,14
Michigan4,LS2,Combined,Set1,Draw6,1,col1,Combined|Set1|Draw6|col1,A,combined,2,3,1,6,1,8,0077*,5,3,True,7,13,57,14
Michigan4,LS2,Combined,Set1,Draw6,1,col1,Combined|Set1|Draw6|col1,A,combined,2,3,1,6,1,9,0077*,5,3,True,7,13,57,14
Michigan4,LS2,Combined,Set1,Draw6,1,col1,Combined|Set1|Draw6|col1,A,combined,2,3,1,6,1,10,0077*,5,3,True,7,13,57,14
Michigan4,LS2,Combined,Set1,Draw6,1,col1,Combined|Set1|Draw6|col1,A,combined,2,3,1,6,1,11,0077*,5,3,True,7,13,57,14
Michigan4,LS2,Combined,Set1,Draw6,1,col1,Combined|Set1|Draw6|col1,A,combined,2,3,1,6,1,12,0077*,5,3,True,7,13,57,14
Michigan4,LS2,Combined,Set1,Draw6,1,col1,Combined|Set1|Draw6|col1,A,combined,2,3,1,6,1,13,00*,3,2,True,7,13,57,14
Michigan4,LS2,Combined,Set1,Draw6,1,col1,Combined|Set1|Draw6|col1,B,own,2,3,1,6,1,0,592008677*,10,8,False,4,5,29,6
Michigan4,LS2,Combined,Set1,Draw6,1,col1,Combined|Set1|Draw6|col1,B,own,2,3,1,6,1,1,5920077*,8,6,False,4,5,29,6
Michigan4,LS2,Combined,Set1,Draw6,1,col1,Combined|Set1|Draw6|col1,B,own,2,3,1,6,1,2,520077*,7,5,False,4,5,29,6
Michigan4,LS2,Combined,Set1,Draw6,1,col1,Combined|Set1|Draw6|col1,B,own,2,3,1,6,1,3,20077*,6,4,False,4,5,29,6
Michigan4,LS2,Combined,Set1,Draw6,1,col1,Combined|Set1|Draw6|col1,B,own,2,3,1,6,1,4,0077*,5,3,True,4,5,29,6
Michigan4,LS2,Combined,Set1,Draw6,1,col1,Combined|Set1|Draw6|col1,B,own,2,3,1,6,1,5,*,1,1,True,4,5,29,6
Michigan4,LS2,Combined,Set1,Draw6,1,col1,Combined|Set1|Draw6|col1,B,combined,2,3,1,6,1,0,592008677*,10,8,False,6,8,57,9
Michigan4,LS2,Combined,Set1,Draw6,1,col1,Combined|Set1|Draw6|col1,B,combined,2,3,1,6,1,1,5920077*,8,6,False,6,8,57,9
Michigan4,LS2,Combined,Set1,Draw6,1,col1,Combined|Set1|Draw6|col1,B,combined,2,3,1,6,1,2,5920077*,8,6,False,6,8,57,9
Michigan4,LS2,Combined,Set1,Draw6,1,col1,Combined|Set1|Draw6|col1,B,combined,2,3,1,6,1,3,520077*,7,5,False,6,8,57,9
Michigan4,LS2,Combined,Set1,Draw6,1,col1,Combined|Set1|Draw6|col1,B,combined,2,3,1,6,1,4,520077*,7,5,False,6,8,57,9
Michigan4,LS2,Combined,Set1,Draw6,1,col1,Combined|Set1|Draw6|col1,B,combined,2,3,1,6,1,5,20077*,6,4,False,6,8,57,9
Michigan4,LS2,Combined,Set1,Draw6,1,col1,Combined|Set1|Draw6|col1,B,combined,2,3,1,6,1,6,277*,4,3,True,6,8,57,9
Michigan4,LS2,Combined,Set1,Draw6,1,col1,Combined|Set1|Draw6|col1,B,combined,2,3,1,6,1,7,77*,3,2,True,6,8,57,9
Michigan4,LS2,Combined,Set1,Draw6,1,col1,Combined|Set1|Draw6|col1,B,combined,2,3,1,6,1,8,*,1,1,True,6,8,57,9
Michigan4,LS2,Combined,Set1,Draw6,1,col1,Combined|Set1|Draw6|col1,C,own,2,3,1,6,1,0,592008677*,10,8,False,3,4,29,5
Michigan4,LS2,Combined,Set1,Draw6,1,col1,Combined|Set1|Draw6|col1,C,own,2,3,1,6,1,1,5920077*,8,6,False,3,4,29,5
Michigan4,LS2,Combined,Set1,Draw6,1,col1,Combined|Set1|Draw6|col1,C,own,2,3,1,6,1,2,520077*,7,5,False,3,4,29,5
Michigan4,LS2,Combined,Set1,Draw6,1,col1,Combined|Set1|Draw6|col1,C,own,2,3,1,6,1,3,277*,4,3,True,3,4,29,5
Michigan4,LS2,Combined,Set1,Draw6,1,col1,Combined|Set1|Draw6|col1,C,own,2,3,1,6,1,4,*,1,1,True,3,4,29,5
Michigan4,LS2,Combined,Set1,Draw6,1,col1,Combined|Set1|Draw6|col1,C,combined,2,3,1,6,1,0,592008677*,10,8,False,5,7,57,8
Michigan4,LS2,Combined,Set1,Draw6,1,col1,Combined|Set1|Draw6|col1,C,combined,2,3,1,6,1,1,5920077*,8,6,False,5,7,57,8
Michigan4,LS2,Combined,Set1,Draw6,1,col1,Combined|Set1|Draw6|col1,C,combined,2,3,1,6,1,2,5920077*,8,6,False,5,7,57,8
Michigan4,LS2,Combined,Set1,Draw6,1,col1,Combined|Set1|Draw6|col1,C,combined,2,3,1,6,1,3,520077*,7,5,False,5,7,57,8
Michigan4,LS2,Combined,Set1,Draw6,1,col1,Combined|Set1|Draw6|col1,C,combined,2,3,1,6,1,4,520077*,7,5,False,5,7,57,8
Michigan4,LS2,Combined,Set1,Draw6,1,col1,Combined|Set1|Draw6|col1,C,combined,2,3,1,6,1,5,277*,4,3,True,5,7,57,8
Michigan4,LS2,Combined,Set1,Draw6,1,col1,Combined|Set1|Draw6|col1,C,combined,2,3,1,6,1,6,277*,4,3,True,5,7,57,8
Michigan4,LS2,Combined,Set1,Draw6,1,col1,Combined|Set1|Draw6|col1,C,combined,2,3,1,6,1,7,*,1,1,True,5,7,57,8
Michigan4,LS2,Combined,Set1,Draw6,1,col1,Combined|Set1|Draw6|col1,D,own,2,3,1,6,1,0,592008677*,10,8,False,4,5,29,6
Michigan4,LS2,Combined,Set1,Draw6,1,col1,Combined|Set1|Draw6|col1,D,own,2,3,1,6,1,1,5920077*,8,6,False,4,5,29,6
Michigan4,LS2,Combined,Set1,Draw6,1,col1,Combined|Set1|Draw6|col1,D,own,2,3,1,6,1,2,520077*,7,5,False,4,5,29,6
Michigan4,LS2,Combined,Set1,Draw6,1,col1,Combined|Set1|Draw6|col1,D,own,2,3,1,6,1,3,2077*,5,4,False,4,5,29,6
Michigan4,LS2,Combined,Set1,Draw6,1,col1,Combined|Set1|Draw6|col1,D,own,2,3,1,6,1,4,07*,3,3,True,4,5,29,6
Michigan4,LS2,Combined,Set1,Draw6,1,col1,Combined|Set1|Draw6|col1,D,own,2,3,1,6,1,5,*,1,1,True,4,5,29,6
Michigan4,LS2,Combined,Set1,Draw6,1,col1,Combined|Set1|Draw6|col1,D,combined,2,3,1,6,1,0,592008677*,10,8,False,6,8,57,9
Michigan4,LS2,Combined,Set1,Draw6,1,col1,Combined|Set1|Draw6|col1,D,combined,2,3,1,6,1,1,5920077*,8,6,False,6,8,57,9
Michigan4,LS2,Combined,Set1,Draw6,1,col1,Combined|Set1|Draw6|col1,D,combined,2,3,1,6,1,2,5920077*,8,6,False,6,8,57,9
Michigan4,LS2,Combined,Set1,Draw6,1,col1,Combined|Set1|Draw6|col1,D,combined,2,3,1,6,1,3,520077*,7,5,False,6,8,57,9
Michigan4,LS2,Combined,Set1,Draw6,1,col1,Combined|Set1|Draw6|col1,D,combined,2,3,1,6,1,4,520077*,7,5,False,6,8,57,9
Michigan4,LS2,Combined,Set1,Draw6,1,col1,Combined|Set1|Draw6|col1,D,combined,2,3,1,6,1,5,2077*,5,4,False,6,8,57,9
Michigan4,LS2,Combined,Set1,Draw6,1,col1,Combined|Set1|Draw6|col1,D,combined,2,3,1,6,1,6,277*,4,3,True,6,8,57,9
Michigan4,LS2,Combined,Set1,Draw6,1,col1,Combined|Set1|Draw6|col1,D,combined,2,3,1,6,1,7,7*,2,2,True,6,8,57,9
Michigan4,LS2,Combined,Set1,Draw6,1,col1,Combined|Set1|Draw6|col1,D,combined,2,3,1,6,1,8,*,1,1,True,6,8,57,9
Michigan4,LS2,Combined,Set1,Draw6,1,col1,Combined|Set1|Draw6|col1,E,own,2,3,1,6,1,0,592008677*,10,8,False,4,7,29,8
Michigan4,LS2,Combined,Set1,Draw6,1,col1,Combined|Set1|Draw6|col1,E,own,2,3,1,6,1,1,5920077*,8,6,False,4,7,29,8
Michigan4,LS2,Combined,Set1,Draw6,1,col1,Combined|Set1|Draw6|col1,E,own,2,3,1,6,1,2,520077*,7,5,False,4,7,29,8
Michigan4,LS2,Combined,Set1,Draw6,1,col1,Combined|Set1|Draw6|col1,E,own,2,3,1,6,1,3,20077*,6,4,False,4,7,29,8
Michigan4,LS2,Combined,Set1,Draw6,1,col1,Combined|Set1|Draw6|col1,E,own,2,3,1,6,1,4,0077*,5,3,True,4,7,29,8
Michigan4,LS2,Combined,Set1,Draw6,1,col1,Combined|Set1|Draw6|col1,E,own,2,3,1,6,1,5,7*,2,2,True,4,7,29,8
Michigan4,LS2,Combined,Set1,Draw6,1,col1,Combined|Set1|Draw6|col1,E,own,2,3,1,6,1,6,7*,2,2,True,4,7,29,8
Michigan4,LS2,Combined,Set1,Draw6,1,col1,Combined|Set1|Draw6|col1,E,own,2,3,1,6,1,7,*,1,1,True,4,7,29,8
Michigan4,LS2,Combined,Set1,Draw6,1,col1,Combined|Set1|Draw6|col1,E,combined,2,3,1,6,1,0,592008677*,10,8,False,7,9,57,10
Michigan4,LS2,Combined,Set1,Draw6,1,col1,Combined|Set1|Draw6|col1,E,combined,2,3,1,6,1,1,5920077*,8,6,False,7,9,57,10
Michigan4,LS2,Combined,Set1,Draw6,1,col1,Combined|Set1|Draw6|col1,E,combined,2,3,1,6,1,2,5920077*,8,6,False,7,9,57,10
Michigan4,LS2,Combined,Set1,Draw6,1,col1,Combined|Set1|Draw6|col1,E,combined,2,3,1,6,1,3,520077*,7,5,False,7,9,57,10
Michigan4,LS2,Combined,Set1,Draw6,1,col1,Combined|Set1|Draw6|col1,E,combined,2,3,1,6,1,4,520077*,7,5,False,7,9,57,10
Michigan4,LS2,Combined,Set1,Draw6,1,col1,Combined|Set1|Draw6|col1,E,combined,2,3,1,6,1,5,20077*,6,4,False,7,9,57,10
Michigan4,LS2,Combined,Set1,Draw6,1,col1,Combined|Set1|Draw6|col1,E,combined,2,3,1,6,1,6,2077*,5,4,False,7,9,57,10
Michigan4,LS2,Combined,Set1,Draw6,1,col1,Combined|Set1|Draw6|col1,E,combined,2,3,1,6,1,7,077*,4,3,True,7,9,57,10
Michigan4,LS2,Combined,Set1,Draw6,1,col1,Combined|Set1|Draw6|col1,E,combined,2,3,1,6,1,8,07*,3,3,True,7,9,57,10
Michigan4,LS2,Combined,Set1,Draw6,1,col1,Combined|Set1|Draw6|col1,E,combined,2,3,1,6,1,9,*,1,1,True,7,9,57,10
Michigan4,LS2,Combined,Set1,Draw6,1,col1,Combined|Set1|Draw6|col1,T,own,2,3,1,6,1,0,592008677*,10,8,False,3,7,29,7
Michigan4,LS2,Combined,Set1,Draw6,1,col1,Combined|Set1|Draw6|col1,T,own,2,3,1,6,1,1,5920077*,8,6,False,3,7,29,7
Michigan4,LS2,Combined,Set1,Draw6,1,col1,Combined|Set1|Draw6|col1,T,own,2,3,1,6,1,2,520077*,7,5,False,3,7,29,7
Michigan4,LS2,Combined,Set1,Draw6,1,col1,Combined|Set1|Draw6|col1,T,own,2,3,1,6,1,3,277*,4,3,True,3,7,29,7
Michigan4,LS2,Combined,Set1,Draw6,1,col1,Combined|Set1|Draw6|col1,T,own,2,3,1,6,1,4,77*,3,2,True,3,7,29,7
Michigan4,LS2,Combined,Set1,Draw6,1,col1,Combined|Set1|Draw6|col1,T,own,2,3,1,6,1,5,77*,3,2,True,3,7,29,7
Michigan4,LS2,Combined,Set1,Draw6,1,col1,Combined|Set1|Draw6|col1,T,own,2,3,1,6,1,7,*,1,1,True,3,7,29,7
Michigan4,LS2,Combined,Set1,Draw6,1,col1,Combined|Set1|Draw6|col1,T,combined,2,3,1,6,1,0,592008677*,10,8,False,5,13,57,10
Michigan4,LS2,Combined,Set1,Draw6,1,col1,Combined|Set1|Draw6|col1,T,combined,2,3,1,6,1,1,5920077*,8,6,False,5,13,57,10
Michigan4,LS2,Combined,Set1,Draw6,1,col1,Combined|Set1|Draw6|col1,T,combined,2,3,1,6,1,2,5920077*,8,6,False,5,13,57,10
Michigan4,LS2,Combined,Set1,Draw6,1,col1,Combined|Set1|Draw6|col1,T,combined,2,3,1,6,1,3,520077*,7,5,False,5,13,57,10
Michigan4,LS2,Combined,Set1,Draw6,1,col1,Combined|Set1|Draw6|col1,T,combined,2,3,1,6,1,4,520077*,7,5,False,5,13,57,10
Michigan4,LS2,Combined,Set1,Draw6,1,col1,Combined|Set1|Draw6|col1,T,combined,2,3,1,6,1,5,277*,4,3,True,5,13,57,10
Michigan4,LS2,Combined,Set1,Draw6,1,col1,Combined|Set1|Draw6|col1,T,combined,2,3,1,6,1,6,277*,4,3,True,5,13,57,10
Michigan4,LS2,Combined,Set1,Draw6,1,col1,Combined|Set1|Draw6|col1,T,combined,2,3,1,6,1,7,77*,3,2,True,5,13,57,10
Michigan4,LS2,Combined,Set1,Draw6,1,col1,Combined|Set1|Draw6|col1,T,combined,2,3,1,6,1,8,77*,3,2,True,5,13,57,10
Michigan4,LS2,Combined,Set1,Draw6,1,col1,Combined|Set1|Draw6|col1,T,combined,2,3,1,6,1,13,*,1,1,True,5,13,57,10
