section,Set,Draw,Column,family_id,rows_cov,perm_count_in_box,repeat_extras_in_box,horizontal_persistence_repeat,hot_density,any_straight2,any_straight3,any_consensus,any_dom_last,any_doubles_support,any_vtrac_straight,any_hidden3v,max_persistence_set,max_persistence_draw,persistence_set_count,persistence_draw_run,hidden3v_hits,hot1_count,hot2_count,consensus_hits,top_canonicals,top_modal_orders,fam_cov,fam_hpr,fam_perm,fam_repeat,fam_cons,fam_hot,fam_straight2,fam_straight3,fam_doubles,fam_vtrac,fam_hidden,fam_double_mirror,fam_persistence,fam_section_bonus,fam_progression_bonus,fam_last_remaining_bonus,family_score,best_compound_score,section_count,progression_flag,last_remaining_3v
Combined,Set1,Draw1,1,12,4,3,0.0,6,1.0,True,False,False,True,False,False,False,3,4,3,4,0,0,1,0,024:1,024:2,8,6,2,0.0,0,1,2,0,0,0,0.0,0,7,1,1,0.0,28.0,93.0,2,True,False
Combined,Set1,Draw1,2,12,4,3,0.0,6,1.0,True,False,False,False,False,False,False,3,4,3,4,0,0,1,0,024:1,024:2,8,6,2,0.0,0,1,2,0,0,0,0.0,0,7,1,1,0.0,28.0,93.0,2,True,False
Combined,Set1,Draw1,3,12,4,3,0.0,6,1.0,True,False,False,False,False,False,False,3,4,3,4,0,0,3,0,024:1;0247:1;047:1,024:2;7024:2;407:1,8,6,2,0.0,0,1,2,0,0,0,0.0,0,7,1,1,0.0,28.0,93.0,2,True,False
Combined,Set1,Draw1,3,10,2,1,0.0,3,1.0,True,False,False,False,False,True,False,3,2,3,2,0,0,1,0,027:1,702:2,4,3,0,0.0,0,1,2,0,0,1,0.0,0,5,0,1,0.0,17.0,52.5,1,True,False
Combined,Set1,Draw1,4,12,4,3,0.0,6,1.0,True,False,False,False,False,False,False,3,4,3,4,0,3,0,0,024:1;0247:1;047:1,024:2;7024:2;407:1,8,6,2,0.0,0,1,2,0,0,0,0.0,0,7,1,1,0.0,28.0,93.0,2,True,False
Combined,Set1,Draw1,4,10,2,1,0.0,3,1.0,True,False,False,False,False,False,False,3,2,3,2,0,1,0,0,027:1,702:2,4,3,0,0.0,0,1,2,0,0,0,0.0,0,5,1,1,0.0,17.0,52.5,2,True,False
Combined,Set1,Draw1,5,12,2,2,0.0,6,1.0,False,False,False,False,False,False,False,3,4,3,4,0,2,0,0,024:1;0247:1,240:1;7024:1,4,6,1,0.0,0,1,0,0,0,0,0.0,0,7,1,1,0.0,21.0,93.0,2,True,False
Combined,Set1,Draw1,5,11,4,3,0.0,2,1.0,False,False,False,False,False,False,False,1,5,1,5,0,3,0,0,078:1;0278:1;028:1,087:1;8702:1;208:1,8,2,2,0.0,0,1,0,0,0,0,0.0,0,4,1,1,0.0,19.0,37.0,2,True,False
Combined,Set1,Draw1,5,14,2,2,0.0,1,1.0,False,False,False,False,False,False,False,1,3,1,3,0,1,0,0,048:1,408:1,4,1,1,0.0,0,1,0,0,0,0,0.0,0,2,4,1,0.0,14.0,46.5,3,True,False
Combined,Set1,Draw1,5,10,1,1,0.0,3,1.0,False,False,False,False,False,False,False,3,2,3,2,0,1,0,0,027:1,702:1,2,3,0,0.0,0,1,0,0,0,0,0.0,0,5,1,1,0.0,13.0,52.5,2,True,False
Combined,Set1,Draw1,5,30,2,1,0.0,1,1.0,False,False,False,False,False,False,True,1,3,1,3,2,2,0,0,478:1;248:1,847:1;824:1,4,1,0,0.0,0,1,0,0,0,0,0.5,0,2,1,1,0.0,10.5,50.0,2,True,False
Combined,Set1,Draw1,6,28,3,1,0.0,2,0.0,True,True,False,False,False,False,True,3,2,3,2,1,0,0,0,224:1,224:3,6,2,0,0.0,0,0,2,4,0,0,0.5,1,5,1,1,0.0,22.5,57.5,2,True,False
Combined,Set1,Draw1,6,30,3,1,0.0,2,0.0,True,False,False,False,False,False,True,3,2,3,2,4,0,0,0,2234:1;347:1;3478:1,3224:2;347:1;8347:1,6,2,0,0.0,0,0,2,0,0,0,0.5,0,5,1,1,0.0,17.5,50.0,2,True,False
Combined,Set1,Draw1,6,12,1,1,0.0,6,0.0,False,False,False,False,False,False,False,3,4,3,4,0,0,0,0,024:1;0224:1,240:1;2240:1,2,6,0,0.0,0,0,0,0,0,0,0.0,0,7,1,1,0.0,17.0,93.0,2,True,False
Combined,Set1,Draw1,6,27,2,1,0.0,2,0.0,True,False,False,False,False,False,True,3,2,3,2,2,0,0,0,223:1;2238:1,322:2;8322:1,4,2,0,0.0,0,0,2,0,0,0,0.5,1,5,1,1,0.0,16.5,52.0,2,True,False
Combined,Set1,Draw1,6,8,2,2,0.0,2,0.0,False,False,False,False,False,False,False,2,2,2,2,0,0,0,0,0138:1;013:1;018:1,0138:1;013:1;018:1,4,2,1,0.0,0,0,0,0,0,0,0.0,0,3,4,0,0.0,14.0,41.0,3,False,False
Combined,Set1,Draw1,6,11,2,1,0.0,2,0.0,False,False,False,False,False,False,False,3,1,3,1,0,0,0,0,02237:1;0237:1;0223:1,70322:1;7032:1;0322:1,4,2,0,0.0,0,0,0,0,0,0,0.0,0,4,1,1,0.0,12.0,37.0,2,True,False
Combined,Set1,Draw1,6,7,2,2,0.0,2,0.0,False,False,False,False,False,False,True,2,2,2,2,1,0,0,0,017:1,170:1,4,2,1,0.0,0,0,0,0,0,0,0.5,0,3,1,0,0.0,11.5,26.0,2,False,False
Combined,Set1,Draw1,6,9,1,1,0.0,2,0.0,False,False,False,False,False,False,True,2,2,2,2,1,0,0,0,014:1,401:1,2,2,0,0.0,0,0,0,0,0,0,0.5,0,3,4,0,0.0,11.5,38.0,3,False,False
Combined,Set1,Draw1,6,21,3,1,0.0,2,0.0,False,False,False,False,False,False,False,1,2,1,2,0,0,0,0,12238:1;1378:1;178:1,18322:1;1387:1;817:1,6,2,0,0.0,0,0,0,0,0,0,0.0,0,1,1,0,0.0,10.0,18.5,2,False,False
Combined,Set1,Draw1,6,29,2,1,0.0,1,0.0,False,False,False,False,False,False,False,2,3,2,3,0,0,0,0,378:1;238:1,387:1;832:1,4,1,0,0.0,0,0,0,0,0,0,0.0,0,4,0,0,0.0,9.0,48.0,1,False,False
Combined,Set1,Draw1,6,10,1,1,0.0,1,0.0,False,False,False,False,False,False,False,3,1,3,1,0,0,0,0,022:1,220:1,2,1,0,0.0,0,0,0,0,0,0,0.0,1,4,1,0,0.0,9.0,52.5,2,False,False
Combined,Set1,Draw1,6,23,2,2,0.0,2,0.0,False,False,False,False,False,False,False,1,2,1,2,0,0,0,0,138:1,138:1,4,2,1,0.0,0,0,0,0,0,0,0.0,0,1,1,0,0.0,9.0,33.5,2,False,False
Combined,Set1,Draw1,6,14,1,1,0.0,1,0.0,False,False,False,False,False,False,False,1,2,1,2,0,0,0,0,0348:1,0834:1,2,1,0,0.0,0,0,0,0,0,0,0.0,0,1,4,1,0.0,9.0,46.5,3,True,False
Combined,Set1,Draw1,6,22,1,1,0.0,2,0.0,False,False,False,False,False,False,False,2,2,2,2,0,0,0,0,147:1,471:1,2,2,0,0.0,0,0,0,0,0,0,0.0,0,3,1,0,0.0,8.0,23.0,2,False,False
Combined,Set1,Draw1,6,13,1,1,0.0,1,0.0,False,False,False,False,False,False,False,2,3,2,3,0,0,0,0,038:1,083:1,2,1,0,0.0,0,0,0,0,0,0,0.0,0,4,0,0,0.0,7.0,57.0,1,False,False
Combined,Set1,Draw1,6,33,1,1,0.0,2,0.0,False,False,False,False,False,False,False,1,2,1,2,0,0,0,0,348:1,834:1,2,2,0,0.0,0,0,0,0,0,0,0.0,0,1,1,0,0.0,6.0,43.5,2,False,False
Combined,Set1,Draw1,7,28,4,2,0.0,2,0.0,True,True,False,False,False,False,True,3,2,3,2,4,0,0,0,2244:1;224:1;229:1,2244:3;224:3;922:1,8,2,1,0.0,0,0,2,4,0,0,0.5,1,5,1,1,0.0,25.5,57.5,2,True,False
Combined,Set1,Draw1,7,31,4,1,0.0,1,0.0,True,True,False,False,False,False,True,3,3,3,3,3,0,0,0,244:1;22449:1;447:1,244:3;92244:1;447:1,8,1,0,0.0,0,0,2,4,0,0,0.5,1,6,1,1,0.0,24.5,111.0,2,True,False
Combined,Set1,Draw1,7,9,3,1,0.0,2,0.0,False,False,False,False,False,False,True,2,2,2,2,4,0,0,0,014:1;0144:1;019:1,401:1;4401:1;019:1,6,2,0,0.0,0,0,0,0,0,0,0.5,0,3,4,1,0.0,16.5,38.0,3,True,False
Combined,Set1,Draw1,7,12,3,1,0.0,1,0.0,False,False,False,False,False,False,False,3,3,3,3,0,0,0,0,022449:1;02244:1;0244:1,922440:1;22440:1;2440:1,6,1,0,0.0,0,0,0,0,0,0,0.0,0,6,1,1,0.0,15.0,93.0,2,True,False
Combined,Set1,Draw1,7,15,1,1,0.0,1,0.0,False,False,False,False,False,False,False,3,3,3,3,0,0,0,0,044:1,440:1,2,1,0,0.0,0,0,0,0,0,0,0.0,1,6,4,1,0.0,15.0,98.0,3,True,False
Combined,Set1,Draw1,7,8,2,1,0.0,2,0.0,False,False,False,False,False,False,False,2,3,2,3,0,0,0,0,013:1;0138:1;01368:1,013:1;0138:1;01386:1,4,2,0,0.0,0,0,0,0,0,0,0.0,0,4,4,1,0.0,15.0,41.0,3,True,False
Combined,Set1,Draw1,7,34,1,1,0.0,1,0.0,False,False,False,False,False,False,False,3,2,3,2,0,0,0,0,344:1,344:1,2,1,0,0.0,0,0,0,0,0,0,0.0,1,5,4,1,0.0,14.0,57.0,3,True,False
Combined,Set1,Draw1,7,30,2,1,0.0,2,0.0,False,False,False,False,False,False,True,3,2,3,2,8,0,0,0,223449:1;22349:1;2234:1,932244:1;93224:1;3224:1,4,2,0,0.0,0,0,0,0,0,0,0.5,0,5,1,1,0.0,13.5,50.0,2,True,False
Combined,Set1,Draw1,7,23,3,3,0.0,2,0.0,False,False,False,False,False,False,False,1,2,1,2,0,0,0,0,368:1;138:1,386:1;138:1,6,2,2,0.0,0,0,0,0,0,0,0.0,0,1,1,1,0.0,13.0,33.5,2,True,False
Combined,Set1,Draw1,7,14,1,1,0.0,1,0.0,False,False,False,False,False,False,False,3,2,3,2,0,0,0,0,039:1,093:1,2,1,0,0.0,0,0,0,0,0,0,0.0,0,5,4,1,0.0,13.0,46.5,3,True,False
Combined,Set1,Draw1,7,27,1,1,0.0,2,0.0,False,False,False,False,False,False,True,3,2,3,2,1,0,0,0,223:1,322:1,2,2,0,0.0,0,0,0,0,0,0,0.5,1,5,1,1,0.0,12.5,52.0,2,True,False
Combined,Set1,Draw1,7,7,2,2,0.0,2,0.0,False,False,False,False,False,False,True,2,2,2,2,1,0,0,0,017:1,170:1,4,2,1,0.0,0,0,0,0,0,0,0.5,0,3,1,1,0.0,12.5,26.0,2,True,False
Combined,Set1,Draw1,7,33,2,1,0.0,2,0.0,False,False,False,False,False,False,False,2,3,2,3,0,0,0,0,389:1;348:1;3448:1,983:1;834:1;8344:1,4,2,0,0.0,0,0,0,0,0,0,0.0,0,4,1,1,0.0,12.0,43.5,2,True,False
Combined,Set1,Draw1,7,21,3,1,0.0,2,0.0,False,False,False,False,False,False,False,1,3,1,3,0,0,0,0,13678:1;22368:1;3678:1,13867:1;83622:1;3867:1,6,2,0,0.0,0,0,0,0,0,0,0.0,0,2,1,1,0.0,12.0,18.5,2,True,False
Combined,Set1,Draw1,7,22,2,1,0.0,2,0.0,False,False,False,False,False,False,False,2,2,2,2,0,0,0,0,1447:1;147:1;2246:1,4471:1;471:1;6224:1,4,2,0,0.0,0,0,0,0,0,0,0.0,0,3,1,1,0.0,11.0,23.0,2,True,False
Combined,Set1,Draw1,7,18,2,1,0.0,1,0.0,False,False,False,False,False,False,True,1,2,1,2,2,0,0,0,1368:1;168:1,1386:1;681:1,4,1,0,0.0,0,0,0,0,0,0,0.5,0,1,4,0,0.0,10.5,31.0,3,False,False
Combined,Set1,Draw1,7,24,2,1,0.0,1,0.0,False,False,False,False,False,False,True,1,2,1,2,6,0,0,0,3468:1;34468:1;13689:1,6834:1;68344:1;19836:1,4,1,0,0.0,0,0,0,0,0,0,0.5,0,1,1,1,0.0,8.5,24.0,2,True,False
Combined,Set1,Draw1,7,20,1,1,0.0,1,0.0,False,False,False,False,False,False,False,1,2,1,2,0,0,0,0,226:1,622:1,2,1,0,0.0,0,0,0,0,0,0,0.0,1,1,0,0,0.0,5.0,14.5,1,False,False
Combined,Set1,Draw2,1,12,4,3,0.0,6,1.0,True,False,False,True,False,False,False,3,4,3,4,0,0,1,0,024:1,024:2,8,6,2,0.0,0,1,2,0,0,0,0.0,0,7,1,0,0.0,27.0,93.0,2,False,False
Combined,Set1,Draw2,2,12,4,3,0.0,6,1.0,True,False,False,False,False,False,False,3,4,3,4,0,0,1,0,024:1,024:2,8,6,2,0.0,0,1,2,0,0,0,0.0,0,7,1,0,0.0,27.0,93.0,2,False,False
Combined,Set1,Draw2,3,12,4,4,0.0,6,1.0,True,False,False,False,False,True,False,3,4,3,4,0,7,0,0,024:1;0245:1;02457:1,524:2;240:1;5240:1,8,6,3,0.0,0,1,2,0,0,1,0.0,0,7,1,0,0.0,29.0,93.0,2,False,False
Combined,Set1,Draw2,3,3,2,2,0.0,4,1.0,False,False,False,False,False,True,True,1,2,1,2,3,3,0,0,057:1;0257:1;025:1,705:1;7052:1;250:1,4,4,1,0.0,0,1,0,0,0,1,0.5,0,1,1,0,0.0,13.5,94.5,2,False,False
Combined,Set1,Draw2,3,10,1,1,0.0,2,1.0,False,False,False,False,False,True,False,3,2,3,2,0,1,0,0,027:1,702:1,2,2,0,0.0,0,1,0,0,0,1,0.0,0,5,0,0,0.0,11.0,52.5,1,False,False
Combined,Set1,Draw2,3,5,1,1,0.0,2,1.0,False,False,False,False,False,True,False,1,1,1,1,0,1,0,0,045:1,504:1,2,2,0,0.0,0,1,0,0,0,1,0.0,0,0,1,0,0.0,7.0,98.0,2,False,False
Combined,Set1,Draw2,4,12,4,4,0.0,6,1.0,True,False,False,False,False,False,False,3,4,3,4,0,11,0,0,024:1;02455:1;024557:1,5524:2;524:2;240:1,8,6,3,0.0,0,1,2,0,0,0,0.0,0,7,1,0,0.0,28.0,93.0,2,False,False
Combined,Set1,Draw2,4,3,3,2,0.0,4,1.0,True,False,False,False,False,False,True,1,3,1,3,5,5,0,0,255:1;0255:1;057:1,552:2;2550:1;705:1,6,4,1,0.0,0,1,2,0,0,0,0.5,1,2,1,0,0.0,18.5,94.5,2,False,False
Combined,Set1,Draw2,4,1,2,2,0.0,3,1.0,False,False,False,False,False,False,False,1,3,1,3,0,1,0,0,055:1,550:1,4,3,1,0.0,0,1,0,0,0,0,0.0,1,2,0,0,0.0,12.0,29.0,1,False,False
Combined,Set1,Draw2,4,5,2,1,0.0,3,1.0,False,False,False,False,False,False,False,1,3,1,3,0,3,0,0,455:1;0455:1;045:1,455:1;5504:1;504:1,4,3,0,0.0,0,1,0,0,0,0,0.0,1,2,1,0,0.0,12.0,98.0,2,False,False
Combined,Set1,Draw2,4,10,1,1,0.0,2,1.0,False,False,False,False,False,False,False,3,2,3,2,0,1,0,0,027:1,702:1,2,2,0,0.0,0,1,0,0,0,0,0.0,0,5,0,0,0.0,10.0,52.5,1,False,False
Combined,Set1,Draw2,5,12,3,2,0.0,6,0.0,True,False,False,False,False,False,False,3,4,3,4,0,0,0,0,024:1;2455:1;245:1,5524:2;524:2;240:1,6,6,1,0.0,0,0,2,0,0,0,0.0,0,7,4,0,0.0,26.0,93.0,3,False,False
Combined,Set1,Draw2,5,3,3,2,0.0,4,0.0,True,False,False,False,False,False,True,1,3,1,3,5,0,0,0,255:1;0255:1;057:1,552:2;2550:1;705:1,6,4,1,0.0,0,0,2,0,0,0,0.5,1,2,4,0,0.0,20.5,94.5,3,False,False
Combined,Set1,Draw2,5,8,3,2,0.0,2,0.0,True,False,False,False,False,False,False,1,3,1,3,0,0,0,0,068:1;05568:1;0568:1,086:2;55068:1;5068:1,6,2,1,0.0,0,0,2,0,0,0,0.0,0,2,4,0,0.0,17.0,41.0,3,False,False
Combined,Set1,Draw2,5,21,3,2,0.0,2,0.0,False,False,False,False,False,False,False,1,3,1,3,0,0,0,0,678:1;268:1,867:1;862:1,6,2,1,0.0,0,0,0,0,0,0,0.0,0,2,4,0,0.0,15.0,18.5,3,False,False
Combined,Set1,Draw2,5,5,1,1,0.0,3,0.0,False,False,False,False,False,False,False,1,3,1,3,0,0,0,0,455:1,455:1,2,3,0,0.0,0,0,0,0,0,0,0.0,1,2,4,0,0.0,12.0,98.0,3,False,False
Combined,Set1,Draw2,5,1,2,2,0.0,3,0.0,False,False,False,False,False,False,False,1,3,1,3,0,0,0,0,055:1,550:1,4,3,1,0.0,0,0,0,0,0,0,0.0,1,2,0,0,0.0,11.0,29.0,1,False,False
Combined,Set1,Draw2,5,11,2,2,0.0,1,0.0,False,False,False,False,False,False,False,1,5,1,5,0,0,0,0,078:1;025578:1;05578:1,870:1;870552:1;87055:1,4,1,1,0.0,0,0,0,0,0,0,0.0,0,4,0,0,0.0,10.0,37.0,1,False,False
Combined,Set1,Draw2,5,30,1,1,0.0,1,0.0,False,False,False,False,False,False,True,1,3,1,3,1,0,0,0,478:1,847:1,2,1,0,0.0,0,0,0,0,0,0,0.5,0,2,4,0,0.0,9.5,50.0,3,False,False
Combined,Set1,Draw2,5,14,1,1,0.0,1,0.0,False,False,False,False,False,False,False,1,3,1,3,0,0,0,0,048:1,408:1,2,1,0,0.0,0,0,0,0,0,0,0.0,0,2,4,0,0.0,9.0,46.5,3,False,False
Combined,Set1,Draw2,5,7,1,1,0.0,2,0.0,False,False,False,False,False,False,True,1,1,1,1,1,0,0,0,02556:1,25506:1,2,2,0,0.0,0,0,0,0,0,0,0.5,0,0,4,0,0.0,8.5,26.0,3,False,False
Combined,Set1,Draw2,5,2,1,1,0.0,2,0.0,False,False,False,False,False,False,True,1,1,1,1,2,0,0,0,0556:1;056:1,5506:1;506:1,2,2,0,0.0,0,0,0,0,0,0,0.5,0,0,4,0,0.0,8.5,55.0,3,False,False
Combined,Set1,Draw2,5,22,1,1,0.0,1,0.0,False,False,False,False,False,False,False,1,2,1,2,0,0,0,0,246:1,624:1,2,1,0,0.0,0,0,0,0,0,0,0.0,0,1,4,0,0.0,8.0,23.0,3,False,False
Combined,Set1,Draw2,5,24,1,1,0.0,1,0.0,False,False,False,False,False,False,True,1,1,1,1,1,0,0,0,468:1,684:1,2,1,0,0.0,0,0,0,0,0,0,0.5,0,0,4,0,0.0,7.5,24.0,3,False,False
Combined,Set1,Draw2,6,12,2,2,0.0,6,0.0,False,False,False,False,False,False,False,3,4,3,4,0,0,0,0,024:1;0224:1;245:1,240:1;2240:1;245:1,4,6,1,0.0,0,0,0,0,0,0,0.0,0,7,4,0,0.0,22.0,93.0,3,False,False
Combined,Set1,Draw2,6,28,3,1,0.0,1,0.0,True,True,False,False,False,False,True,3,2,3,2,1,0,0,0,224:1,224:3,6,1,0,0.0,0,0,2,4,0,0,0.5,1,5,1,0,0.0,20.5,57.5,2,False,False
Combined,Set1,Draw2,6,3,3,2,0.0,4,0.0,False,False,False,False,False,False,True,1,3,1,3,5,0,0,0,255:1;0255:1;057:1,552:1;2550:1;705:1,6,4,1,0.0,0,0,0,0,0,0,0.5,1,2,4,0,0.0,18.5,94.5,3,False,False
Combined,Set1,Draw2,6,8,3,2,0.0,2,0.0,False,False,False,False,False,False,False,2,3,2,3,0,0,0,0,01368:1;0138:1;05568:1,01386:1;0138:1;55068:1,6,2,1,0.0,0,0,0,0,0,0,0.0,0,4,4,0,0.0,17.0,41.0,3,False,False
Combined,Set1,Draw2,6,7,3,2,0.0,2,0.0,False,False,False,False,False,False,True,2,2,2,2,5,0,0,0,022556:1;02556:1;017:1,225506:1;25506:1;170:1,6,2,1,0.0,0,0,0,0,0,0,0.5,0,3,4,0,0.0,16.5,26.0,3,False,False
Combined,Set1,Draw2,6,30,2,1,0.0,1,0.0,False,False,False,False,False,False,True,3,2,3,2,3,0,0,0,2234:1;347:1;3478:1,3224:1;347:1;8347:1,4,1,0,0.0,0,0,0,0,0,0,0.5,0,5,4,0,0.0,14.5,50.0,3,False,False
Combined,Set1,Draw2,6,23,3,3,0.0,1,0.0,False,False,False,False,False,False,False,1,2,1,2,0,0,0,0,368:1;138:1,386:1;138:1,6,1,2,0.0,0,0,0,0,0,0,0.0,0,1,4,0,0.0,14.0,33.5,3,False,False
Combined,Set1,Draw2,6,21,3,1,0.0,2,0.0,False,False,False,False,False,False,False,1,3,1,3,0,0,0,0,13678:1;122368:1;22368:1,13867:1;183622:1;83622:1,6,2,0,0.0,0,0,0,0,0,0,0.0,0,2,4,0,0.0,14.0,18.5,3,False,False
Combined,Set1,Draw2,6,1,2,2,0.0,3,0.0,False,False,False,False,False,False,False,1,3,1,3,0,0,0,0,055:1,550:1,4,3,1,0.0,0,0,0,0,0,0,0.0,1,2,1,0,0.0,12.0,29.0,2,False,False
Combined,Set1,Draw2,6,5,1,1,0.0,3,0.0,False,False,False,False,False,False,False,1,3,1,3,0,0,0,0,455:1,455:1,2,3,0,0.0,0,0,0,0,0,0,0.0,1,2,4,0,0.0,12.0,98.0,3,False,False
Combined,Set1,Draw2,6,22,2,1,0.0,1,0.0,False,False,False,False,False,False,False,2,2,2,2,0,0,0,0,147:1;2246:1,471:1;6224:1,4,1,0,0.0,0,0,0,0,0,0,0.0,0,3,4,0,0.0,12.0,23.0,3,False,False
Combined,Set1,Draw2,6,27,1,1,0.0,1,0.0,False,False,False,False,False,False,True,3,2,3,2,1,0,0,0,223:1,322:1,2,1,0,0.0,0,0,0,0,0,0,0.5,1,5,1,0,0.0,10.5,52.0,2,False,False
Combined,Set1,Draw2,6,18,3,2,0.0,1,0.0,False,False,False,False,False,False,True,1,2,1,2,2,0,0,0,1368:1;168:1,1386:1;681:1,6,1,1,0.0,0,0,0,0,0,0,0.5,0,1,1,0,0.0,10.5,31.0,2,False,False
Combined,Set1,Draw2,6,9,1,1,0.0,1,0.0,False,False,False,False,False,False,True,2,2,2,2,1,0,0,0,014:1,401:1,2,1,0,0.0,0,0,0,0,0,0,0.5,0,3,4,0,0.0,10.5,38.0,3,False,False
Combined,Set1,Draw2,6,2,1,1,0.0,2,0.0,False,False,False,False,False,False,True,1,1,1,1,2,0,0,0,0556:1;056:1,5506:1;506:1,2,2,0,0.0,0,0,0,0,0,0,0.5,0,0,4,0,0.0,8.5,55.0,3,False,False
Combined,Set1,Draw2,6,24,1,1,0.0,1,0.0,False,False,False,False,False,False,True,1,2,1,2,1,0,0,0,3468:1,6834:1,2,1,0,0.0,0,0,0,0,0,0,0.5,0,1,4,0,0.0,8.5,24.0,3,False,False
Combined,Set1,Draw2,6,10,2,2,0.0,1,0.0,False,False,False,False,False,False,False,1,1,1,1,0,0,0,0,2255:1;225:1,5522:1;522:1,4,1,1,0.0,0,0,0,0,0,0,0.0,1,0,1,0,0.0,8.0,52.5,2,False,False
Combined,Set1,Draw2,6,33,1,1,0.0,1,0.0,False,False,False,False,False,False,False,1,2,1,2,0,0,0,0,348:1,834:1,2,1,0,0.0,0,0,0,0,0,0,0.0,0,1,4,0,0.0,8.0,43.5,3,False,False
Combined,Set1,Draw2,6,4,1,1,0.0,1,0.0,False,False,False,False,False,False,False,1,1,1,1,0,0,0,0,0355:1;355:1,0553:1;553:1,2,1,0,0.0,0,0,0,0,0,0,0.0,1,0,1,0,0.0,5.0,72.5,2,False,False
Combined,Set1,Draw2,6,20,1,1,0.0,1,0.0,False,False,False,False,False,False,False,1,2,1,2,0,0,0,0,226:1,622:1,2,1,0,0.0,0,0,0,0,0,0,0.0,1,1,0,0,0.0,5.0,14.5,1,False,False
Combined,Set1,Draw2,6,11,1,1,0.0,1,0.0,False,False,False,False,False,False,False,1,1,1,1,0,0,0,0,0223557:1;023557:1;022355:1,7055322:1;705532:1;055322:1,2,1,0,0.0,0,0,0,0,0,0,0.0,0,0,0,0,0.0,3.0,37.0,1,False,False
Combined,Set1,Draw3,1,12,4,3,0.0,5,1.0,True,False,False,True,False,True,False,3,4,3,4,0,0,5,0,024:1;00247:1;0024:1,024:2;70024:2;0024:2,8,5,2,0.0,0,1,2,0,0,1,0.0,0,7,1,0,0.0,27.0,93.0,2,False,False
Combined,Set1,Draw3,1,3,4,2,0.0,5,1.0,True,False,False,False,False,True,True,2,5,2,5,3,0,3,0,007:1;0027:1;002:1,700:2;7002:2;002:2,8,5,1,0.0,0,1,2,0,0,1,0.5,1,6,1,0,0.0,26.5,94.5,2,False,False
Combined,Set1,Draw3,1,5,2,2,0.0,5,1.0,False,False,False,False,False,False,False,2,5,2,5,0,0,1,0,004:1,400:1,4,5,1,0.0,0,1,0,0,0,0,0.0,1,6,1,0,0.0,19.0,98.0,2,False,False
Combined,Set1,Draw3,2,4,3,1,0.0,4,1.0,True,True,False,False,False,True,False,2,5,2,5,0,0,1,0,008:1,008:3,6,4,0,0.0,0,1,2,4,0,1,0.0,1,6,1,0,0.0,26.0,72.5,2,False,False
Combined,Set1,Draw3,2,3,3,2,0.0,5,1.0,True,False,False,False,False,True,True,2,5,2,5,3,0,3,0,007:1;0027:1;002:1,700:2;7002:1;200:1,6,5,1,0.0,0,1,2,0,0,1,0.5,1,6,1,0,0.0,24.5,94.5,2,False,False
Combined,Set1,Draw3,2,11,4,3,0.0,4,1.0,False,False,False,False,False,True,False,1,5,1,5,0,0,5,0,0078:1;078:1;00278:1,0087:1;087:1;87002:1,8,4,2,0.0,0,1,0,0,0,1,0.0,0,4,4,0,0.0,24.0,37.0,3,False,False
Combined,Set1,Draw3,2,12,2,2,0.0,5,1.0,False,False,False,False,False,True,False,3,4,3,4,0,0,3,0,024:1;0024:1;00247:1,240:1;2400:1;70024:1,4,5,1,0.0,0,1,0,0,0,1,0.0,0,7,1,0,0.0,20.0,93.0,2,False,False
Combined,Set1,Draw3,2,5,1,1,0.0,5,1.0,False,False,False,False,False,True,False,2,5,2,5,0,0,1,0,004:1,400:1,2,5,0,0.0,0,1,0,0,0,1,0.0,1,6,1,0,0.0,17.0,98.0,2,False,False
Combined,Set1,Draw3,2,14,2,2,0.0,4,1.0,False,False,False,False,False,True,False,1,3,1,3,0,0,2,0,048:1;0048:1,084:1;4008:1,4,4,1,0.0,0,1,0,0,0,1,0.0,0,2,1,0,0.0,14.0,46.5,2,False,False
Combined,Set1,Draw3,2,30,2,1,0.0,4,1.0,False,False,False,False,False,True,True,1,3,1,3,2,0,2,0,478:1;248:1,847:1;824:1,4,4,0,0.0,0,1,0,0,0,1,0.5,0,2,1,0,0.0,13.5,50.0,2,False,False
Combined,Set1,Draw3,3,4,3,1,0.0,4,1.0,True,True,False,False,False,True,False,2,5,2,5,0,2,0,0,008:1;0058:1,008:3;5008:1,6,4,0,0.0,0,1,2,4,0,1,0.0,1,6,1,0,0.0,26.0,72.5,2,False,False
Combined,Set1,Draw3,3,11,4,3,0.0,4,1.0,False,False,False,False,False,True,False,2,5,2,5,0,11,0,0,00778:1;005778:1;078:1,00877:1;877005:1;087:1,8,4,2,0.0,0,1,0,0,0,1,0.0,0,6,4,0,0.0,26.0,37.0,3,False,False
Combined,Set1,Draw3,3,3,3,2,0.0,5,1.0,True,False,False,False,False,True,True,2,5,2,5,8,8,0,0,007:1;0077:1;00577:1,700:2;7700:2;77005:1,6,5,1,0.0,0,1,2,0,0,1,0.5,1,6,1,0,0.0,24.5,94.5,2,False,False
Combined,Set1,Draw3,3,12,3,2,0.0,5,1.0,True,False,False,False,False,True,False,3,4,3,4,0,7,0,0,024:1;245:1;0024:1,524:2;240:1;2400:1,6,5,1,0.0,0,1,2,0,0,1,0.0,0,7,1,0,0.0,24.0,93.0,2,False,False
Combined,Set1,Draw3,3,5,1,1,0.0,5,1.0,False,False,False,False,False,True,False,2,5,2,5,0,1,0,0,004:1,400:1,2,5,0,0.0,0,1,0,0,0,1,0.0,1,6,1,0,0.0,17.0,98.0,2,False,False
Combined,Set1,Draw3,3,27,2,1,0.0,3,1.0,True,False,False,False,False,True,True,2,3,2,3,1,1,0,0,778:1,877:2,4,3,0,0.0,0,1,2,0,0,1,0.5,1,4,0,0,0.0,16.5,52.0,1,False,False
Combined,Set1,Draw3,3,10,2,1,0.0,3,1.0,True,False,False,False,False,True,False,2,3,2,3,0,1,0,0,077:1,770:2,4,3,0,0.0,0,1,2,0,0,1,0.0,1,4,0,0,0.0,16.0,52.5,1,False,False
Combined,Set1,Draw3,3,14,2,2,0.0,4,1.0,False,False,False,False,False,True,False,1,3,1,3,0,3,0,0,00458:1;048:1;0048:1,50084:1;084:1;4008:1,4,4,1,0.0,0,1,0,0,0,1,0.0,0,2,1,0,0.0,14.0,46.5,2,False,False
Combined,Set1,Draw3,3,30,2,1,0.0,4,1.0,False,False,False,False,False,True,True,1,3,1,3,3,3,0,0,478:1;4778:1;248:1,847:1;8477:1;824:1,4,4,0,0.0,0,1,0,0,0,1,0.5,0,2,1,0,0.0,13.5,50.0,2,False,False
Combined,Set1,Draw3,3,28,1,1,0.0,3,1.0,False,False,False,False,False,True,True,2,3,2,3,1,1,0,0,477:1,477:1,2,3,0,0.0,0,1,0,0,0,1,0.5,1,4,0,0,0.0,12.5,57.5,1,False,False
Combined,Set1,Draw3,3,1,2,2,0.0,3,1.0,False,False,False,False,False,False,False,1,3,1,3,0,1,0,0,005:1,500:1,4,3,1,0.0,0,1,0,0,0,0,0.0,1,2,0,0,0.0,12.0,29.0,1,False,False
Combined,Set1,Draw3,4,12,3,2,0.0,5,0.0,True,False,False,False,False,False,False,3,4,3,4,0,0,0,0,024:1;2455:1;245:1,5524:2;524:2;240:1,6,5,1,0.0,0,0,2,0,0,0,0.0,0,7,4,0,0.0,25.0,93.0,3,False,False
Combined,Set1,Draw3,4,3,4,2,0.0,5,0.0,True,False,False,False,False,False,True,2,5,2,5,11,0,0,0,007:1;0077:1;255:1,700:2;7700:2;552:2,8,5,1,0.0,0,0,2,0,0,0,0.5,1,6,1,0,0.0,24.5,94.5,2,False,False
Combined,Set1,Draw3,4,4,3,1,0.0,4,0.0,True,True,False,False,False,False,False,2,5,2,5,0,0,0,0,008:1;00558:1;0058:1,008:3;55008:1;5008:1,6,4,0,0.0,0,0,2,4,0,0,0.0,1,6,1,0,0.0,24.0,72.5,2,False,False
Combined,Set1,Draw3,4,11,4,3,0.0,4,0.0,False,False,False,False,False,False,False,2,5,2,5,0,0,0,0,00778:1;0778:1;005778:1,00877:1;0877:1;877005:1,8,4,2,0.0,0,0,0,0,0,0,0.0,0,6,1,0,0.0,21.0,37.0,2,False,False
Combined,Set1,Draw3,4,5,2,1,0.0,5,0.0,False,False,False,False,False,False,False,2,5,2,5,0,0,0,0,004:1;455:1,400:1;455:1,4,5,0,0.0,0,0,0,0,0,0,0.0,1,6,1,0,0.0,17.0,98.0,2,False,False
Combined,Set1,Draw3,4,27,2,1,0.0,3,0.0,True,False,False,False,False,False,True,2,3,2,3,1,0,0,0,778:1,877:2,4,3,0,0.0,0,0,2,0,0,0,0.5,1,4,1,0,0.0,15.5,52.0,2,False,False
Combined,Set1,Draw3,4,14,2,2,0.0,4,0.0,False,False,False,False,False,False,False,1,3,1,3,0,0,0,0,0048:1;004558:1;00458:1,4008:1;550084:1;50084:1,4,4,1,0.0,0,0,0,0,0,0,0.0,0,2,4,0,0.0,15.0,46.5,3,False,False
Combined,Set1,Draw3,4,30,2,1,0.0,4,0.0,False,False,False,False,False,False,True,1,3,1,3,3,0,0,0,478:1;4778:1;248:1,847:1;8477:1;824:1,4,4,0,0.0,0,0,0,0,0,0,0.5,0,2,4,0,0.0,14.5,50.0,3,False,False
Combined,Set1,Draw3,4,10,2,1,0.0,3,0.0,True,False,False,False,False,False,False,2,3,2,3,0,0,0,0,077:1,770:2,4,3,0,0.0,0,0,2,0,0,0,0.0,1,4,0,0,0.0,14.0,52.5,1,False,False
Combined,Set1,Draw3,4,28,1,1,0.0,3,0.0,False,False,False,False,False,False,True,2,3,2,3,1,0,0,0,477:1,477:1,2,3,0,0.0,0,0,0,0,0,0,0.5,1,4,1,0,0.0,11.5,57.5,2,False,False
Combined,Set1,Draw3,4,1,2,2,0.0,3,0.0,False,False,False,False,False,False,False,1,3,1,3,0,0,0,0,005:1;055:1;0055:1,500:1;550:1;5500:1,4,3,1,0.0,0,0,0,0,0,0,0.0,1,2,0,0,0.0,11.0,29.0,1,False,False
Combined,Set1,Draw3,5,3,4,2,0.0,5,0.0,True,False,False,False,False,False,True,2,5,2,5,11,0,0,0,007:1;0077:1;255:1,700:2;7700:2;552:2,8,5,1,0.0,0,0,2,0,0,0,0.5,1,6,4,0,0.0,27.5,94.5,3,False,False
Combined,Set1,Draw3,5,12,3,2,0.0,5,0.0,True,False,False,False,False,False,False,3,4,3,4,0,0,0,0,024:1;2455:1;245:1,5524:2;524:2;240:1,6,5,1,0.0,0,0,2,0,0,0,0.0,0,7,4,0,0.0,25.0,93.0,3,False,False
Combined,Set1,Draw3,5,5,2,1,0.0,5,0.0,False,False,False,False,False,False,False,2,5,2,5,0,0,0,0,004:1;455:1,400:1;455:1,4,5,0,0.0,0,0,0,0,0,0,0.0,1,6,4,0,0.0,20.0,98.0,3,False,False
Combined,Set1,Draw3,5,4,2,1,0.0,4,0.0,True,False,False,False,False,False,False,2,5,2,5,0,0,0,0,008:1;0088:1,008:2;0088:2,4,4,0,0.0,0,0,2,0,0,0,0.0,1,6,1,0,0.0,18.0,72.5,2,False,False
Combined,Set1,Draw3,5,23,4,2,0.0,1,0.0,True,False,False,False,False,False,False,1,1,1,1,0,0,0,0,688:1,886:2,8,1,1,0.0,0,0,2,0,0,0,0.0,1,0,4,0,0.0,17.0,33.5,3,False,False
Combined,Set1,Draw3,5,8,3,2,0.0,1,0.0,True,False,False,False,False,False,False,1,3,1,3,0,0,0,0,00688:1;0688:1;0055688:1,00886:2;0886:2;5500688:1,6,1,1,0.0,0,0,2,0,0,0,0.0,0,2,4,0,0.0,16.0,41.0,3,False,False
Combined,Set1,Draw3,5,10,2,1,0.0,3,0.0,True,False,False,False,False,False,False,2,3,2,3,0,0,0,0,077:1,770:2,4,3,0,0.0,0,0,2,0,0,0,0.0,1,4,1,0,0.0,15.0,52.5,2,False,False
Combined,Set1,Draw3,5,28,1,1,0.0,3,0.0,False,False,False,False,False,False,True,2,3,2,3,1,0,0,0,477:1,477:1,2,3,0,0.0,0,0,0,0,0,0,0.5,1,4,4,0,0.0,14.5,57.5,3,False,False
Combined,Set1,Draw3,5,21,3,2,0.0,1,0.0,False,False,False,False,False,False,False,1,3,1,3,0,0,0,0,67788:1;6788:1;678:1,88677:1;8867:1;867:1,6,1,1,0.0,0,0,0,0,0,0,0.0,0,2,4,0,0.0,14.0,18.5,3,False,False
Combined,Set1,Draw3,5,11,2,2,0.0,4,0.0,False,False,False,False,False,False,False,2,3,2,3,0,0,0,0,00778:1;005778:1;0778:1,87700:1;877005:1;8770:1,4,4,1,0.0,0,0,0,0,0,0,0.0,0,4,0,0,0.0,13.0,37.0,1,False,False
Combined,Set1,Draw3,5,30,1,1,0.0,4,0.0,False,False,False,False,False,False,True,1,3,1,3,4,0,0,0,478:1;4778:1;47788:1,847:1;8477:1;88477:1,2,4,0,0.0,0,0,0,0,0,0,0.5,0,2,4,0,0.0,12.5,50.0,3,False,False
Combined,Set1,Draw3,5,27,1,1,0.0,3,0.0,False,False,False,False,False,False,True,2,3,2,3,2,0,0,0,778:1;7788:1,877:1;8877:1,2,3,0,0.0,0,0,0,0,0,0,0.5,1,4,1,0,0.0,11.5,52.0,2,False,False
Combined,Set1,Draw3,5,1,2,2,0.0,3,0.0,False,False,False,False,False,False,False,1,3,1,3,0,0,0,0,005:1;055:1;0055:1,500:1;550:1;5500:1,4,3,1,0.0,0,0,0,0,0,0,0.0,1,2,0,0,0.0,11.0,29.0,1,False,False
Combined,Set1,Draw3,5,14,1,1,0.0,4,0.0,False,False,False,False,False,False,False,1,1,1,1,0,0,0,0,0048:1;00488:1,4008:1;40088:1,2,4,0,0.0,0,0,0,0,0,0,0.0,0,0,4,0,0.0,10.0,46.5,3,False,False
Combined,Set1,Draw3,5,13,2,1,0.0,1,0.0,True,False,False,False,False,False,False,1,1,1,1,0,0,0,0,088:1,088:2,4,1,0,0.0,0,0,2,0,0,0,0.0,1,0,1,0,0.0,9.0,57.0,2,False,False
Combined,Set1,Draw3,5,2,1,1,0.0,1,0.0,False,False,False,False,False,False,True,1,1,1,1,3,0,0,0,00556:1;0056:1;006:1,55006:1;5006:1;006:1,2,1,0,0.0,0,0,0,0,0,0,0.5,1,0,4,0,0.0,8.5,55.0,3,False,False
Combined,Set1,Draw3,5,33,1,1,0.0,1,0.0,False,False,False,False,False,False,False,1,1,1,1,0,0,0,0,488:1,884:1,2,1,0,0.0,0,0,0,0,0,0,0.0,1,0,4,0,0.0,8.0,43.5,3,False,False
Combined,Set1,Draw3,5,22,1,1,0.0,1,0.0,False,False,False,False,False,False,False,1,2,1,2,0,0,0,0,246:1,624:1,2,1,0,0.0,0,0,0,0,0,0,0.0,0,1,4,0,0.0,8.0,23.0,3,False,False
Combined,Set1,Draw3,5,7,1,1,0.0,1,0.0,False,False,False,False,False,False,True,1,1,1,1,1,0,0,0,002556:1,255006:1,2,1,0,0.0,0,0,0,0,0,0,0.5,0,0,4,0,0.0,7.5,26.0,3,False,False
Combined,Set1,Draw3,5,24,1,1,0.0,1,0.0,False,False,False,False,False,False,True,1,1,1,1,1,0,0,0,4688:1,6884:1,2,1,0,0.0,0,0,0,0,0,0,0.5,0,0,4,0,0.0,7.5,24.0,3,False,False
Combined,Set1,Draw3,5,20,1,1,0.0,1,0.0,False,False,False,False,False,False,False,1,1,1,1,0,0,0,0,677:1,677:1,2,1,0,0.0,0,0,0,0,0,0,0.0,1,0,1,0,0.0,5.0,14.5,2,False,False
Combined,Set1,Draw3,5,29,1,1,0.0,1,0.0,False,False,False,False,False,False,False,1,1,1,1,0,0,0,0,788:1,887:1,2,1,0,0.0,0,0,0,0,0,0,0.0,1,0,1,0,0.0,5.0,48.0,2,False,False
Combined,Set1,Draw4,1,12,4,3,0.0,4,1.0,True,False,False,True,False,True,False,3,4,3,4,0,0,5,0,024:1;00247:1;0024:1,024:2;70024:2;0024:2,8,4,2,0.0,0,1,2,0,0,1,0.0,0,7,4,0,0.0,29.0,93.0,3,False,False
Combined,Set1,Draw4,1,3,4,2,0.0,4,1.0,True,False,False,False,False,True,True,2,5,2,5,3,0,3,0,007:1;0027:1;002:1,700:2;7002:2;002:2,8,4,1,0.0,0,1,2,0,0,1,0.5,1,6,1,0,0.0,25.5,94.5,2,False,False
Combined,Set1,Draw4,1,5,2,2,0.0,4,1.0,False,False,False,False,False,False,False,2,5,2,5,0,0,1,0,004:1,400:1,4,4,1,0.0,0,1,0,0,0,0,0.0,1,6,1,0,0.0,18.0,98.0,2,False,False
Combined,Set1,Draw4,2,11,4,3,0.0,3,1.0,False,False,False,False,False,True,False,3,5,3,5,0,0,12,0,00378:1;0378:1;078:1,00387:1;0387:1;870:1,8,3,2,0.0,0,1,0,0,0,1,0.0,0,8,4,0,0.0,27.0,37.0,3,False,False
Combined,Set1,Draw4,2,4,4,2,0.0,3,1.0,True,False,False,False,False,True,False,2,5,2,5,0,0,3,0,008:1;0038:1;003:1,008:2;0083:2;003:2,8,3,1,0.0,0,1,2,0,0,1,0.0,1,6,1,0,0.0,24.0,72.5,2,False,False
Combined,Set1,Draw4,2,3,3,1,0.0,4,1.0,True,False,False,False,False,True,True,2,5,2,5,2,0,2,0,007:1;002:1,700:2;200:1,6,4,0,0.0,0,1,2,0,0,1,0.5,1,6,1,0,0.0,22.5,94.5,2,False,False
Combined,Set1,Draw4,2,30,3,1,0.0,3,1.0,True,False,False,False,False,True,True,3,2,3,2,4,0,4,0,347:1;234:1;3478:1,324:2;347:1;8347:1,6,3,0,0.0,0,1,2,0,0,1,0.5,0,5,4,0,0.0,22.5,50.0,3,False,False
Combined,Set1,Draw4,2,13,3,2,0.0,3,1.0,True,False,False,False,False,False,False,2,3,2,3,0,0,1,0,038:1,083:2,6,3,1,0.0,0,1,2,0,0,0,0.0,0,4,4,0,0.0,21.0,57.0,3,False,False
Combined,Set1,Draw4,2,12,1,1,0.0,4,1.0,False,False,False,False,False,True,False,3,4,3,4,0,0,2,0,024:1;0024:1,240:1;2400:1,2,4,0,0.0,0,1,0,0,0,1,0.0,0,7,4,0,0.0,19.0,93.0,3,False,False
Combined,Set1,Draw4,2,29,2,1,0.0,3,1.0,False,False,False,False,False,True,False,2,3,2,3,0,0,2,0,378:1;238:1,387:1;832:1,4,3,0,0.0,0,1,0,0,0,1,0.0,0,4,4,0,0.0,17.0,48.0,3,False,False
Combined,Set1,Draw4,2,14,2,2,0.0,3,1.0,False,False,False,False,False,True,False,2,2,2,2,0,0,3,0,0034:1;00348:1;0348:1,4003:1;40038:1;0834:1,4,3,1,0.0,0,1,0,0,0,1,0.0,0,3,4,0,0.0,17.0,46.5,3,False,False
Combined,Set1,Draw4,2,5,1,1,0.0,4,1.0,False,False,False,False,False,True,False,2,5,2,5,0,0,1,0,004:1,400:1,2,4,0,0.0,0,1,0,0,0,1,0.0,1,6,1,0,0.0,16.0,98.0,2,False,False
Combined,Set1,Draw4,2,33,1,1,0.0,3,1.0,False,False,False,False,False,True,False,1,2,1,2,0,0,1,0,348:1,834:1,2,3,0,0.0,0,1,0,0,0,1,0.0,0,1,4,0,0.0,12.0,43.5,3,False,False
Combined,Set1,Draw4,3,12,4,2,0.0,4,0.0,False,False,False,False,False,True,False,3,4,3,4,0,0,0,0,024:1;0079:1;00249:1,240:1;7009:1;92400:1,8,4,1,0.0,0,0,0,0,0,1,0.0,0,7,4,0,0.0,25.0,93.0,3,False,False
Combined,Set1,Draw4,3,5,4,2,0.0,4,0.0,False,False,False,False,False,True,False,2,5,2,5,0,0,0,0,004:1;009:1;0059:1,400:1;900:1;5900:1,8,4,1,0.0,0,0,0,0,0,1,0.0,1,6,1,0,0.0,22.0,98.0,2,False,False
Combined,Set1,Draw4,3,14,4,2,0.0,3,0.0,False,False,False,False,False,True,False,2,4,2,4,0,0,0,0,00389:1;0034:1;0034589:1,90083:1;4003:1;5900834:1,8,3,1,0.0,0,0,0,0,0,1,0.0,0,5,4,0,0.0,22.0,46.5,3,False,False
Combined,Set1,Draw4,3,30,3,1,0.0,3,0.0,True,False,False,False,False,True,True,3,2,3,2,10,0,0,0,347:1;234:1;239:1,324:2;347:1;932:1,6,3,0,0.0,0,0,2,0,0,1,0.5,0,5,4,0,0.0,21.5,50.0,3,False,False
Combined,Set1,Draw4,3,3,2,1,0.0,4,0.0,True,False,False,False,False,True,True,2,5,2,5,4,0,0,0,007:1;0077:1;00577:1,700:2;7700:2;77005:1,4,4,0,0.0,0,0,2,0,0,1,0.5,1,6,1,0,0.0,19.5,94.5,2,False,False
Combined,Set1,Draw4,3,27,2,1,0.0,2,0.0,True,False,False,False,False,True,True,2,3,2,3,1,0,0,0,778:1,877:2,4,2,0,0.0,0,0,2,0,0,1,0.5,1,4,4,0,0.0,18.5,52.0,3,False,False
Combined,Set1,Draw4,3,10,2,1,0.0,2,0.0,True,False,False,False,False,True,False,2,3,2,3,0,0,0,0,077:1,770:2,4,2,0,0.0,0,0,2,0,0,1,0.0,1,4,4,0,0.0,18.0,52.5,3,False,False
Combined,Set1,Draw4,3,4,2,2,0.0,3,0.0,False,False,False,False,False,True,False,2,5,2,5,0,0,0,0,008:1;0038:1;003:1,008:1;0038:1;003:1,4,3,1,0.0,0,0,0,0,0,1,0.0,1,6,1,0,0.0,17.0,72.5,2,False,False
Combined,Set1,Draw4,3,29,2,1,0.0,3,0.0,False,False,False,False,False,True,False,2,3,2,3,0,0,0,0,378:1;3778:1;238:1,387:1;3877:1;832:1,4,3,0,0.0,0,0,0,0,0,1,0.0,0,4,4,0,0.0,16.0,48.0,3,False,False
Combined,Set1,Draw4,3,11,2,1,0.0,3,0.0,False,False,False,False,False,True,False,2,3,2,3,0,0,0,0,00778:1;005778:1;00378:1,87700:1;877005:1;00387:1,4,3,0,0.0,0,0,0,0,0,1,0.0,0,4,4,0,0.0,16.0,37.0,3,False,False
Combined,Set1,Draw4,3,13,2,2,0.0,3,0.0,False,False,False,False,False,False,False,2,3,2,3,0,0,0,0,038:1,038:1,4,3,1,0.0,0,0,0,0,0,0,0.0,0,4,4,0,0.0,16.0,57.0,3,False,False
Combined,Set1,Draw4,3,33,2,1,0.0,3,0.0,False,False,False,False,False,True,False,2,3,2,3,0,0,0,0,389:1;348:1,983:1;834:1,4,3,0,0.0,0,0,0,0,0,1,0.0,0,4,4,0,0.0,16.0,43.5,3,False,False
Combined,Set1,Draw4,3,28,1,1,0.0,2,0.0,False,False,False,False,False,True,True,2,3,2,3,1,0,0,0,477:1,477:1,2,2,0,0.0,0,0,0,0,0,1,0.5,1,4,4,0,0.0,14.5,57.5,3,False,False
Combined,Set1,Draw4,3,1,1,1,0.0,2,0.0,False,False,False,False,False,True,False,1,3,1,3,0,0,0,0,005:1,005:1,2,2,0,0.0,0,0,0,0,0,1,0.0,1,2,0,0,0.0,8.0,29.0,1,False,False
Combined,Set1,Draw4,3,31,1,1,0.0,2,0.0,False,False,False,False,False,True,True,1,2,1,2,1,0,0,0,249:1,924:1,2,2,0,0.0,0,0,0,0,0,1,0.5,0,1,1,0,0.0,7.5,111.0,2,False,False
Combined,Set1,Draw4,4,5,4,2,0.0,4,0.0,True,True,False,False,False,False,False,2,5,2,5,0,0,0,0,559:1;004:1;009:1,559:3;400:1;900:1,8,4,1,0.0,0,0,2,4,0,0,0.0,1,6,1,0,0.0,27.0,98.0,2,False,False
Combined,Set1,Draw4,4,12,4,2,0.0,4,0.0,False,False,False,False,False,False,False,3,4,3,4,0,0,0,0,024:1;0079:1;00249:1,240:1;7009:1;92400:1,8,4,1,0.0,0,0,0,0,0,0,0.0,0,7,4,0,0.0,24.0,93.0,3,False,False
Combined,Set1,Draw4,4,14,4,2,0.0,3,0.0,False,False,False,False,False,False,False,2,4,2,4,0,0,0,0,00389:1;0089:1;00348:1,90083:1;9008:1;40038:1,8,3,1,0.0,0,0,0,0,0,0,0.0,0,5,4,0,0.0,21.0,46.5,3,False,False
Combined,Set1,Draw4,4,3,3,1,0.0,4,0.0,True,False,False,False,False,False,True,2,5,2,5,7,0,0,0,007:1;0077:1;00577:1,700:2;7700:2;77005:1,6,4,0,0.0,0,0,2,0,0,0,0.5,1,6,1,0,0.0,20.5,94.5,2,False,False
Combined,Set1,Draw4,4,30,3,1,0.0,3,0.0,True,False,False,False,False,False,True,3,2,3,2,10,0,0,0,347:1;234:1;239:1,324:2;347:1;932:1,6,3,0,0.0,0,0,2,0,0,0,0.5,0,5,4,0,0.0,20.5,50.0,3,False,False
Combined,Set1,Draw4,4,27,2,1,0.0,2,0.0,True,False,False,False,False,False,True,2,3,2,3,1,0,0,0,778:1,877:2,4,2,0,0.0,0,0,2,0,0,0,0.5,1,4,4,0,0.0,17.5,52.0,3,False,False
Combined,Set1,Draw4,4,4,2,2,0.0,3,0.0,False,False,False,False,False,False,False,2,5,2,5,0,0,0,0,0038:1;008:1;003:1,0038:1;008:1;003:1,4,3,1,0.0,0,0,0,0,0,0,0.0,1,6,1,0,0.0,16.0,72.5,2,False,False
Combined,Set1,Draw4,4,29,2,1,0.0,3,0.0,False,False,False,False,False,False,False,2,3,2,3,0,0,0,0,378:1;3778:1;238:1,387:1;3877:1;832:1,4,3,0,0.0,0,0,0,0,0,0,0.0,0,4,4,0,0.0,15.0,48.0,3,False,False
Combined,Set1,Draw4,4,33,2,1,0.0,3,0.0,False,False,False,False,False,False,False,2,3,2,3,0,0,0,0,389:1;348:1,983:1;834:1,4,3,0,0.0,0,0,0,0,0,0,0.0,0,4,4,0,0.0,15.0,43.5,3,False,False
Combined,Set1,Draw4,4,10,2,1,0.0,2,0.0,True,False,False,False,False,False,False,2,3,2,3,0,0,0,0,077:1,770:2,4,2,0,0.0,0,0,2,0,0,0,0.0,1,4,1,0,0.0,14.0,52.5,2,False,False
Combined,Set1,Draw4,4,28,1,1,0.0,2,0.0,False,False,False,False,False,False,True,2,3,2,3,1,0,0,0,477:1,477:1,2,2,0,0.0,0,0,0,0,0,0,0.5,1,4,4,0,0.0,13.5,57.5,3,False,False
Combined,Set1,Draw4,4,13,2,2,0.0,3,0.0,False,False,False,False,False,False,False,2,3,2,3,0,0,0,0,038:1,038:1,4,3,1,0.0,0,0,0,0,0,0,0.0,0,4,1,0,0.0,13.0,57.0,2,False,False
Combined,Set1,Draw4,4,11,2,1,0.0,3,0.0,False,False,False,False,False,False,False,2,3,2,3,0,0,0,0,00778:1;005778:1;00378:1,87700:1;877005:1;00387:1,4,3,0,0.0,0,0,0,0,0,0,0.0,0,4,1,0,0.0,12.0,37.0,2,False,False
Combined,Set1,Draw4,4,31,1,1,0.0,2,0.0,False,False,False,False,False,False,True,1,2,1,2,1,0,0,0,249:1,924:1,2,2,0,0.0,0,0,0,0,0,0,0.5,0,1,4,0,0.0,9.5,111.0,3,False,False
Combined,Set1,Draw4,4,1,1,1,0.0,2,0.0,False,False,False,False,False,False,False,1,3,1,3,0,0,0,0,005:1;055:1;0055:1,005:1;055:1;0055:1,2,2,0,0.0,0,0,0,0,0,0,0.0,1,2,0,0,0.0,7.0,29.0,1,False,False
Combined,Set1,Draw5,1,12,4,3,0.0,3,1.0,True,False,False,True,False,True,False,3,4,3,4,0,0,17,0,0024479:1;002449:1;0079:1,7009244:2;009244:2;7009:2,8,3,2,0.0,0,1,2,0,0,1,0.0,0,7,4,0,0.0,28.0,93.0,3,False,False
Combined,Set1,Draw5,1,31,4,1,0.0,3,1.0,True,True,False,False,False,True,True,3,3,3,3,4,0,4,0,244:1;249:1;2449:1,244:3;924:3;9244:3,8,3,0,0.0,0,1,2,4,0,1,0.5,1,6,1,0,0.0,27.5,111.0,2,False,False
Combined,Set1,Draw5,1,3,3,2,0.0,3,1.0,True,False,False,False,False,False,True,2,5,2,5,1,0,1,0,007:1,700:2,6,3,1,0.0,0,1,2,0,0,0,0.5,1,6,4,0,0.0,24.5,94.5,3,False,False
Combined,Set1,Draw5,1,5,4,2,0.0,3,1.0,True,False,False,False,False,True,False,2,5,2,5,0,0,4,0,009:1;004:1;0044:1,009:2;400:1;4400:1,8,3,1,0.0,0,1,2,0,0,1,0.0,1,6,1,0,0.0,24.0,98.0,2,False,False
Combined,Set1,Draw5,1,15,2,2,0.0,3,1.0,False,False,False,False,False,True,False,3,3,3,3,0,0,2,0,044:1;00449:1,440:1;90044:1,4,3,1,0.0,0,1,0,0,0,1,0.0,1,6,1,0,0.0,18.0,98.0,2,False,False
Combined,Set1,Draw5,2,31,4,1,0.0,3,1.0,True,True,False,False,False,True,True,3,3,3,3,4,0,4,0,244:1;447:1;249:1,244:3;447:1;924:1,8,3,0,0.0,0,1,2,4,0,1,0.5,1,6,1,0,0.0,27.5,111.0,2,False,False
Combined,Set1,Draw5,2,5,4,2,0.0,3,1.0,True,False,False,False,False,True,False,2,5,2,5,0,0,3,0,009:1;004:1;0044:1,009:2;400:1;4400:1,8,3,1,0.0,0,1,2,0,0,1,0.0,1,6,4,0,0.0,27.0,98.0,3,False,False
Combined,Set1,Draw5,2,12,4,1,0.0,3,1.0,True,False,False,False,False,True,False,3,4,3,4,0,0,7,0,0079:1;0244:1;00244:1,7009:2;2440:1;24400:1,8,3,0,0.0,0,1,2,0,0,1,0.0,0,7,4,0,0.0,26.0,93.0,3,False,False
Combined,Set1,Draw5,2,14,4,2,0.0,2,1.0,False,False,False,False,False,True,False,3,4,3,4,0,0,14,0,00389:1;0089:1;003489:1,90083:1;9008:1;900834:1,8,2,1,0.0,0,1,0,0,0,1,0.0,0,7,4,0,0.0,24.0,46.5,3,False,False
Combined,Set1,Draw5,2,3,2,1,0.0,3,1.0,True,False,False,False,False,True,True,2,5,2,5,1,0,1,0,007:1,700:2,4,3,0,0.0,0,1,2,0,0,1,0.5,1,6,4,0,0.0,22.5,94.5,3,False,False
Combined,Set1,Draw5,2,30,3,1,0.0,2,1.0,True,False,False,False,False,True,True,3,2,3,2,12,0,12,0,3447:1;239:1;234:1,324:2;3244:2;3447:1,6,2,0,0.0,0,1,2,0,0,1,0.5,0,5,4,0,0.0,21.5,50.0,3,False,False
Combined,Set1,Draw5,2,4,2,2,0.0,2,1.0,False,False,False,False,False,True,False,2,5,2,5,0,0,3,0,008:1;0038:1;003:1,008:1;0038:1;003:1,4,2,1,0.0,0,1,0,0,0,1,0.0,1,6,1,0,0.0,17.0,72.5,2,False,False
Combined,Set1,Draw5,2,29,2,1,0.0,2,1.0,False,False,False,False,False,True,False,2,3,2,3,0,0,2,0,378:1;238:1,387:1;832:1,4,2,0,0.0,0,1,0,0,0,1,0.0,0,4,4,0,0.0,16.0,48.0,3,False,False
Combined,Set1,Draw5,2,33,2,1,0.0,2,1.0,False,False,False,False,False,True,False,2,3,2,3,0,0,3,0,389:1;348:1;3448:1,983:1;834:1;8344:1,4,2,0,0.0,0,1,0,0,0,1,0.0,0,4,4,0,0.0,16.0,43.5,3,False,False
Combined,Set1,Draw5,2,11,2,1,0.0,2,1.0,False,False,False,False,False,True,False,1,5,1,5,0,0,4,0,00378:1;0378:1;078:1,00387:1;0387:1;870:1,4,2,0,0.0,0,1,0,0,0,1,0.0,0,4,4,0,0.0,16.0,37.0,3,False,False
Combined,Set1,Draw5,2,13,2,2,0.0,2,1.0,False,False,False,False,False,False,False,2,3,2,3,0,0,1,0,038:1,038:1,4,2,1,0.0,0,1,0,0,0,0,0.0,0,4,4,0,0.0,16.0,57.0,3,False,False
Combined,Set1,Draw5,2,15,1,1,0.0,3,1.0,False,False,False,False,False,True,False,3,3,3,3,0,0,1,0,044:1,440:1,2,3,0,0.0,0,1,0,0,0,1,0.0,1,6,1,0,0.0,15.0,98.0,2,False,False
Combined,Set1,Draw5,2,34,1,1,0.0,2,1.0,False,False,False,False,False,True,False,3,2,3,2,0,0,1,0,344:1,344:1,2,2,0,0.0,0,1,0,0,0,1,0.0,1,5,1,0,0.0,13.0,57.0,2,False,False
Combined,Set1,Draw5,3,15,4,2,0.0,3,0.0,True,True,False,False,False,True,False,3,3,3,3,0,0,0,0,599:1;044:1;099:1,599:3;440:1;990:1,8,3,1,0.0,0,0,2,4,0,1,0.0,1,6,1,0,0.0,27.0,98.0,2,False,False
Combined,Set1,Draw5,3,31,4,1,0.0,3,0.0,True,True,False,False,False,True,True,3,3,3,3,8,0,0,0,244:1;447:1;299:1,244:3;447:1;992:1,8,3,0,0.0,0,0,2,4,0,1,0.5,1,6,1,0,0.0,26.5,111.0,2,False,False
Combined,Set1,Draw5,3,12,4,2,0.0,3,0.0,False,False,False,False,False,True,False,3,4,3,4,0,0,0,0,0244:1;00244:1;0079:1,2440:1;24400:1;7009:1,8,3,1,0.0,0,0,0,0,0,1,0.0,0,7,4,0,0.0,24.0,93.0,3,False,False
Combined,Set1,Draw5,3,5,4,2,0.0,3,0.0,False,False,False,False,False,True,False,2,5,2,5,0,0,0,0,004:1;0044:1;009:1,400:1;4400:1;900:1,8,3,1,0.0,0,0,0,0,0,1,0.0,1,6,4,0,0.0,24.0,98.0,3,False,False
Combined,Set1,Draw5,3,3,2,1,0.0,3,0.0,True,False,False,False,False,True,True,2,5,2,5,4,0,0,0,007:1;0077:1;00577:1,700:2;7700:2;77005:1,4,3,0,0.0,0,0,2,0,0,1,0.5,1,6,4,0,0.0,21.5,94.5,3,False,False
Combined,Set1,Draw5,3,14,4,2,0.0,2,0.0,False,False,False,False,False,True,False,2,4,2,4,0,0,0,0,00389:1;0089:1;00345899:1,90083:1;9008:1;59900834:1,8,2,1,0.0,0,0,0,0,0,1,0.0,0,5,4,0,0.0,21.0,46.5,3,False,False
Combined,Set1,Draw5,3,30,3,1,0.0,2,0.0,True,False,False,False,False,True,True,3,2,3,2,20,0,0,0,3447:1;239:1;234:1,324:2;3244:2;3447:1,6,2,0,0.0,0,0,2,0,0,1,0.5,0,5,4,0,0.0,20.5,50.0,3,False,False
Combined,Set1,Draw5,3,27,2,1,0.0,1,0.0,True,False,False,False,False,True,True,2,3,2,3,1,0,0,0,778:1,877:2,4,1,0,0.0,0,0,2,0,0,1,0.5,1,4,4,0,0.0,17.5,52.0,3,False,False
Combined,Set1,Draw5,3,10,2,1,0.0,1,0.0,True,False,False,False,False,True,False,2,3,2,3,0,0,0,0,077:1,770:2,4,1,0,0.0,0,0,2,0,0,1,0.0,1,4,4,0,0.0,17.0,52.5,3,False,False
Combined,Set1,Draw5,3,4,2,2,0.0,2,0.0,False,False,False,False,False,True,False,2,5,2,5,0,0,0,0,008:1;0038:1;003:1,008:1;0038:1;003:1,4,2,1,0.0,0,0,0,0,0,1,0.0,1,6,1,0,0.0,16.0,72.5,2,False,False
Combined,Set1,Draw5,3,34,3,1,0.0,2,0.0,False,False,False,False,False,True,False,3,2,3,2,0,0,0,0,344:1;399:1;899:1,344:1;993:1;998:1,6,2,0,0.0,0,0,0,0,0,1,0.0,1,5,1,0,0.0,16.0,57.0,2,False,False
Combined,Set1,Draw5,3,29,2,1,0.0,2,0.0,False,False,False,False,False,True,False,2,3,2,3,0,0,0,0,378:1;3778:1;238:1,387:1;3877:1;832:1,4,2,0,0.0,0,0,0,0,0,1,0.0,0,4,4,0,0.0,15.0,48.0,3,False,False
Combined,Set1,Draw5,3,33,2,1,0.0,2,0.0,False,False,False,False,False,True,False,2,3,2,3,0,0,0,0,389:1;3899:1;348:1,983:1;9983:1;834:1,4,2,0,0.0,0,0,0,0,0,1,0.0,0,4,4,0,0.0,15.0,43.5,3,False,False
Combined,Set1,Draw5,3,13,2,2,0.0,2,0.0,False,False,False,False,False,False,False,2,3,2,3,0,0,0,0,038:1,038:1,4,2,1,0.0,0,0,0,0,0,0,0.0,0,4,4,0,0.0,15.0,57.0,3,False,False
Combined,Set1,Draw5,3,28,1,1,0.0,1,0.0,False,False,False,False,False,True,True,2,3,2,3,1,0,0,0,477:1,477:1,2,1,0,0.0,0,0,0,0,0,1,0.5,1,4,4,0,0.0,13.5,57.5,3,False,False
Combined,Set1,Draw5,3,11,2,1,0.0,2,0.0,False,False,False,False,False,True,False,2,3,2,3,0,0,0,0,00778:1;005778:1;00378:1,87700:1;877005:1;00387:1,4,2,0,0.0,0,0,0,0,0,1,0.0,0,4,1,0,0.0,12.0,37.0,2,False,False
Combined,Set1,Draw5,3,1,1,1,0.0,1,0.0,False,False,False,False,False,True,False,1,3,1,3,0,0,0,0,005:1,005:1,2,1,0,0.0,0,0,0,0,0,1,0.0,1,2,1,0,0.0,8.0,29.0,2,False,False
Combined,Set1,Draw6,1,28,4,2,0.0,2,1.0,True,True,False,False,False,True,True,3,2,3,2,4,4,0,0,2249:1;224:1;2244:1,9224:3;224:3;2244:3,8,2,1,0.0,0,1,2,4,0,1,0.5,1,5,4,0,0.0,29.5,57.5,3,False,False
Combined,Set1,Draw6,1,31,4,1,0.0,2,1.0,True,True,False,False,False,True,True,3,3,3,3,3,3,0,0,22449:1;244:1;447:1,92244:3;244:3;447:1,8,2,0,0.0,0,1,2,4,0,1,0.5,1,6,1,0,0.0,26.5,111.0,2,False,False
Combined,Set1,Draw6,1,12,3,3,0.0,2,1.0,False,False,False,True,False,True,False,3,4,3,4,0,23,0,0,0022449:1;022449:1;02244:1,9224400:1;922440:1;22440:1,6,2,2,0.0,0,1,0,0,0,1,0.0,0,7,4,0,0.0,23.0,93.0,3,False,False
Combined,Set1,Draw6,1,3,2,1,0.0,2,1.0,True,False,False,False,False,True,True,2,5,2,5,1,1,0,0,007:1,700:2,4,2,0,0.0,0,1,2,0,0,1,0.5,1,6,4,0,0.0,21.5,94.5,3,False,False
Combined,Set1,Draw6,1,5,3,2,0.0,2,1.0,False,False,False,False,False,True,False,2,5,2,5,0,4,0,0,004:1;009:1;0044:1,400:1;900:1;4400:1,6,2,1,0.0,0,1,0,0,0,1,0.0,1,6,1,0,0.0,19.0,98.0,2,False,False
Combined,Set1,Draw6,1,15,2,2,0.0,2,1.0,False,False,False,False,False,True,False,3,3,3,3,0,2,0,0,044:1;00449:1,440:1;90044:1,4,2,1,0.0,0,1,0,0,0,1,0.0,1,6,1,0,0.0,17.0,98.0,2,False,False
Combined,Set1,Draw6,1,7,3,3,0.0,2,1.0,False,False,False,False,False,False,True,2,2,2,2,2,2,0,0,0017:1;017:1,0017:1;017:1,6,2,2,0.0,0,1,0,0,0,0,0.5,0,3,0,0,0.0,14.5,26.0,1,False,False
Combined,Set1,Draw6,1,2,2,1,0.0,2,1.0,True,False,False,False,False,True,True,1,2,1,2,1,1,0,0,001:1,001:2,4,2,0,0.0,0,1,2,0,0,1,0.5,1,1,1,0,0.0,13.5,55.0,2,False,False
Combined,Set1,Draw6,1,9,2,1,0.0,2,1.0,False,False,False,False,False,True,True,2,2,2,2,4,4,0,0,00144:1;0014:1;019:1,44001:1;4001:1;019:1,4,2,0,0.0,0,1,0,0,0,1,0.5,0,3,1,0,0.0,12.5,38.0,2,False,False
Combined,Set1,Draw6,1,22,2,1,0.0,2,1.0,False,False,False,False,False,True,False,2,2,2,2,0,6,0,0,1447:1;147:1;122449:1,4471:1;471:1;192244:1,4,2,0,0.0,0,1,0,0,0,1,0.0,0,3,0,0,0.0,11.0,23.0,1,False,False
Combined,Set1,Draw6,2,28,4,2,0.0,2,0.0,True,True,False,False,False,True,True,3,2,3,2,4,0,0,0,224:1;2244:1;2249:1,224:3;2244:3;9224:1,8,2,1,0.0,0,0,2,4,0,1,0.5,1,5,4,0,0.0,28.5,57.5,3,False,False
Combined,Set1,Draw6,2,31,4,1,0.0,2,0.0,True,True,False,False,False,True,True,3,3,3,3,3,0,0,0,244:1;22449:1;447:1,244:3;92244:1;447:1,8,2,0,0.0,0,0,2,4,0,1,0.5,1,6,1,0,0.0,25.5,111.0,2,False,False
Combined,Set1,Draw6,2,29,3,1,0.0,1,0.0,True,False,False,False,False,True,False,3,3,3,3,0,0,0,0,233:1;378:1;22338:1,332:2;387:1;83322:1,6,1,0,0.0,0,0,2,0,0,1,0.0,1,6,4,0,0.0,21.0,48.0,3,False,False
Combined,Set1,Draw6,2,5,3,2,0.0,2,0.0,False,False,False,False,False,True,False,2,5,2,5,0,0,0,0,004:1;0044:1;009:1,400:1;4400:1;900:1,6,2,1,0.0,0,0,0,0,0,1,0.0,1,6,4,0,0.0,21.0,98.0,3,False,False
Combined,Set1,Draw6,2,3,2,1,0.0,2,0.0,True,False,False,False,False,True,True,2,5,2,5,1,0,0,0,007:1,700:2,4,2,0,0.0,0,0,2,0,0,1,0.5,1,6,4,0,0.0,20.5,94.5,3,False,False
Combined,Set1,Draw6,2,12,3,1,0.0,2,0.0,False,False,False,False,False,True,False,3,4,3,4,0,0,0,0,022449:1;0022449:1;02244:1,922440:1;9224400:1;22440:1,6,2,0,0.0,0,0,0,0,0,1,0.0,0,7,4,0,0.0,20.0,93.0,3,False,False
Combined,Set1,Draw6,2,30,3,1,0.0,1,0.0,True,False,False,False,False,True,True,3,2,3,2,17,0,0,0,223344:1;22334:1;2234:1,332244:2;33224:2;3224:2,6,1,0,0.0,0,0,2,0,0,1,0.5,0,5,4,0,0.0,19.5,50.0,3,False,False
Combined,Set1,Draw6,2,33,3,1,0.0,1,0.0,False,False,False,False,False,True,False,3,3,3,3,0,0,0,0,33448:1;334:1;3344:1,83344:1;334:1;3344:1,6,1,0,0.0,0,0,0,0,0,1,0.0,1,6,4,0,0.0,19.0,43.5,3,False,False
Combined,Set1,Draw6,2,27,2,1,0.0,1,0.0,True,False,False,False,False,True,True,3,2,3,2,2,0,0,0,223:1;2233:1,322:2;3322:2,4,1,0,0.0,0,0,2,0,0,1,0.5,1,5,4,0,0.0,18.5,52.0,3,False,False
Combined,Set1,Draw6,2,14,2,1,0.0,1,0.0,False,False,False,False,False,True,False,3,4,3,4,0,0,0,0,00334489:1;00389:1;0033489:1,90083344:1;90083:1;9008334:1,4,1,0,0.0,0,0,0,0,0,1,0.0,0,7,4,0,0.0,17.0,46.5,3,False,False
Combined,Set1,Draw6,2,15,1,1,0.0,2,0.0,False,False,False,False,False,True,False,3,3,3,3,0,0,0,0,044:1,440:1,2,2,0,0.0,0,0,0,0,0,1,0.0,1,6,1,0,0.0,13.0,98.0,2,False,False
Combined,Set1,Draw6,2,32,3,2,0.0,1,0.0,True,False,False,False,False,False,False,2,1,2,1,0,0,0,0,338:1,833:2,6,1,1,0.0,0,0,2,0,0,0,0.0,1,2,0,0,0.0,13.0,27.5,1,False,False
Combined,Set1,Draw6,2,7,2,2,0.0,2,0.0,False,False,False,False,False,True,True,2,2,2,2,2,0,0,0,017:1;0017:1,170:1;1700:1,4,2,1,0.0,0,0,0,0,0,1,0.5,0,3,1,0,0.0,12.5,26.0,2,False,False
Combined,Set1,Draw6,2,4,1,1,0.0,1,0.0,False,False,False,False,False,True,False,2,5,2,5,0,0,0,0,008:1;0038:1,008:1;0083:1,2,1,0,0.0,0,0,0,0,0,1,0.0,1,6,1,0,0.0,12.0,72.5,2,False,False
Combined,Set1,Draw6,2,13,1,1,0.0,1,0.0,False,False,False,False,False,True,False,2,3,2,3,0,0,0,0,00338:1;038:1;0338:1,00833:1;083:1;0833:1,2,1,0,0.0,0,0,0,0,0,1,0.0,0,4,4,0,0.0,12.0,57.0,3,False,False
Combined,Set1,Draw6,2,2,2,1,0.0,2,0.0,True,False,False,False,False,True,True,1,2,1,2,1,0,0,0,001:1,001:2,4,2,0,0.0,0,0,2,0,0,1,0.5,1,1,0,0,0.0,11.5,55.0,1,False,False
Combined,Set1,Draw6,2,9,2,1,0.0,2,0.0,False,False,False,False,False,True,True,2,2,2,2,4,0,0,0,00144:1;0014:1;019:1,44001:1;4001:1;019:1,4,2,0,0.0,0,0,0,0,0,1,0.5,0,3,1,0,0.0,11.5,38.0,2,False,False
Combined,Set1,Draw6,2,34,1,1,0.0,1,0.0,False,False,False,False,False,True,False,3,2,3,2,0,0,0,0,344:1,344:1,2,1,0,0.0,0,0,0,0,0,1,0.0,1,5,1,0,0.0,11.0,57.0,2,False,False
Combined,Set1,Draw6,2,22,1,1,0.0,2,0.0,False,False,False,False,False,True,False,2,2,2,2,0,0,0,0,1447:1;147:1,4471:1;471:1,2,2,0,0.0,0,0,0,0,0,1,0.0,0,3,1,0,0.0,9.0,23.0,2,False,False
Combined,Set1,Draw6,2,8,1,1,0.0,1,0.0,False,False,False,False,False,True,False,2,2,2,2,0,0,0,0,001338:1;013:1;0133:1,001338:1;013:1;0133:1,2,1,0,0.0,0,0,0,0,0,1,0.0,0,3,1,0,0.0,8.0,41.0,2,False,False
Combined,Set1,Draw6,2,23,1,1,0.0,1,0.0,False,False,False,False,False,True,False,2,1,2,1,0,0,0,0,133:1;1338:1,133:1;1338:1,2,1,0,0.0,0,0,0,0,0,1,0.0,1,2,1,0,0.0,8.0,33.5,2,False,False
Combined,Set1,Draw6,2,21,2,1,0.0,1,0.0,False,False,False,False,False,True,False,1,2,1,2,0,0,0,0,13378:1;178:1,13387:1;817:1,4,1,0,0.0,0,0,0,0,0,1,0.0,0,1,1,0,0.0,8.0,18.5,2,False,False
Combined,Set1,Draw6,2,24,1,1,0.0,1,0.0,False,False,False,False,False,True,True,1,2,1,2,3,0,0,0,13389:1;1389:1;189:1,19833:1;1983:1;198:1,2,1,0,0.0,0,0,0,0,0,1,0.5,0,1,1,0,0.0,6.5,24.0,2,False,False
Combined,Set1,Draw7,1,28,4,2,0.0,1,0.0,True,True,False,True,False,True,True,3,2,3,2,4,0,0,0,2244:1;224:1;2249:1,2244:3;224:3;9224:2,8,1,1,0.0,0,0,2,4,0,1,0.5,1,5,4,0,0.0,27.5,57.5,3,False,False
Combined,Set1,Draw7,1,31,4,1,0.0,1,0.0,True,True,False,False,False,True,True,3,3,3,3,3,0,0,0,244:1;22449:1;447:1,244:3;92244:2;447:1,8,1,0,0.0,0,0,2,4,0,1,0.5,1,6,1,0,0.0,24.5,111.0,2,False,False
Combined,Set1,Draw7,1,12,3,2,0.0,1,0.0,False,False,False,False,False,True,False,3,4,3,4,0,0,0,0,022449:1;0022449:1;02244:1,922440:1;9224400:1;22440:1,6,1,1,0.0,0,0,0,0,0,1,0.0,0,7,4,0,0.0,20.0,93.0,3,False,False
Combined,Set1,Draw7,1,5,3,2,0.0,1,0.0,False,False,False,False,False,True,False,2,5,2,5,0,0,0,0,004:1;0044:1;009:1,400:1;4400:1;900:1,6,1,1,0.0,0,0,0,0,0,1,0.0,1,6,4,0,0.0,20.0,98.0,3,False,False
Combined,Set1,Draw7,1,3,2,1,0.0,1,0.0,True,False,False,False,False,True,True,2,5,2,5,1,0,0,0,007:1,700:2,4,1,0,0.0,0,0,2,0,0,1,0.5,1,6,4,0,0.0,19.5,94.5,3,False,False
Combined,Set1,Draw7,1,4,1,1,0.0,1,0.0,False,False,False,False,False,True,False,2,5,2,5,0,0,0,0,008:1,008:1,2,1,0,0.0,0,0,0,0,0,1,0.0,1,6,4,0,0.0,15.0,72.5,3,False,False
Combined,Set1,Draw7,1,2,2,1,0.0,1,0.0,True,False,False,False,False,True,True,1,2,1,2,2,0,0,0,001:1;0011:1,001:2;0011:2,4,1,0,0.0,0,0,2,0,0,1,0.5,1,1,4,0,0.0,14.5,55.0,3,False,False
Combined,Set1,Draw7,1,7,2,2,0.0,1,0.0,False,False,False,False,False,True,True,2,2,2,2,4,0,0,0,017:1;0117:1;00117:1,170:1;1170:1;11700:1,4,1,1,0.0,0,0,0,0,0,1,0.5,0,3,4,0,0.0,14.5,26.0,3,False,False
Combined,Set1,Draw7,1,14,1,1,0.0,1,0.0,False,False,False,False,False,True,False,2,4,2,4,0,0,0,0,0089:1;004489:1;00489:1,9008:1;900844:1;90084:1,2,1,0,0.0,0,0,0,0,0,1,0.0,0,5,4,0,0.0,13.0,46.5,3,False,False
Combined,Set1,Draw7,1,15,1,1,0.0,1,0.0,False,False,False,False,False,True,False,3,3,3,3,0,0,0,0,044:1,440:1,2,1,0,0.0,0,0,0,0,0,1,0.0,1,6,1,0,0.0,12.0,98.0,2,False,False
Combined,Set1,Draw7,1,21,2,2,0.0,1,0.0,False,False,False,False,False,True,False,1,2,1,2,0,0,0,0,178:1;1178:1,187:1;1187:1,4,1,1,0.0,0,0,0,0,0,1,0.0,0,1,4,0,0.0,12.0,18.5,3,False,False
Combined,Set1,Draw7,1,9,2,1,0.0,1,0.0,False,False,False,False,False,True,True,1,2,1,2,6,0,0,0,00144:1;001144:1;0014:1,44001:1;440011:1;4001:1,4,1,0,0.0,0,0,0,0,0,1,0.5,0,1,4,0,0.0,11.5,38.0,3,False,False
Combined,Set1,Draw7,1,22,1,1,0.0,1,0.0,False,False,False,False,False,True,False,2,2,2,2,0,0,0,0,1447:1;147:1;11447:1,4471:1;471:1;44711:1,2,1,0,0.0,0,0,0,0,0,1,0.0,0,3,4,0,0.0,11.0,23.0,3,False,False
Combined,Set1,Draw7,1,30,2,1,0.0,1,0.0,False,False,False,False,False,True,True,1,1,1,1,7,0,0,0,224489:1;22489:1;22448:1,982244:1;98224:1;82244:1,4,1,0,0.0,0,0,0,0,0,1,0.5,0,0,4,0,0.0,10.5,50.0,3,False,False
Combined,Set1,Draw7,1,6,2,1,0.0,1,0.0,True,False,False,False,False,True,True,1,1,1,1,1,0,0,0,011:1,011:2,4,1,0,0.0,0,0,2,0,0,1,0.5,1,0,0,0,0.0,9.5,22.0,1,False,False
Combined,Set1,Draw7,1,27,1,1,0.0,1,0.0,False,False,False,False,False,True,True,1,1,1,1,1,0,0,0,228:1,822:1,2,1,0,0.0,0,0,0,0,0,1,0.5,1,0,4,0,0.0,9.5,52.0,3,False,False
Combined,Set1,Draw7,1,8,1,1,0.0,1,0.0,False,False,False,False,False,True,False,1,1,1,1,0,0,0,0,00118:1;0118:1,00118:1;0118:1,2,1,0,0.0,0,0,0,0,0,1,0.0,0,0,4,0,0.0,8.0,41.0,3,False,False
Combined,Set1,Draw7,1,18,2,2,0.0,1,0.0,False,False,False,False,False,False,True,1,1,1,1,1,0,0,0,118:1,118:1,4,1,1,0.0,0,0,0,0,0,0,0.5,1,0,0,0,0.0,7.5,31.0,1,False,False
Combined,Set1,Draw7,1,17,2,2,0.0,1,0.0,False,False,False,False,False,False,False,1,1,1,1,0,0,0,0,117:1,711:1,4,1,1,0.0,0,0,0,0,0,0,0.0,1,0,0,0,0.0,7.0,10.0,1,False,False
Combined,Set1,Draw7,1,24,1,1,0.0,1,0.0,False,False,False,False,False,True,True,1,2,1,2,2,0,0,0,1189:1;189:1,1198:1;198:1,2,1,0,0.0,0,0,0,0,0,1,0.5,0,1,1,0,0.0,6.5,24.0,2,False,False
Combined,Set1,Draw7,1,34,1,1,0.0,1,0.0,False,False,False,False,False,True,False,1,1,1,1,0,0,0,0,448:1,844:1,2,1,0,0.0,0,0,0,0,0,1,0.0,1,0,1,0,0.0,6.0,57.0,2,False,False
Combined,Set1,Draw7,1,19,1,1,0.0,1,0.0,False,False,False,False,False,True,True,1,1,1,1,1,0,0,0,119:1,119:1,2,1,0,0.0,0,0,0,0,0,1,0.5,1,0,0,0,0.0,5.5,30.0,1,False,False
Combined,Set2,Draw1,1,12,4,3,0.0,5,1.0,True,False,False,True,False,False,False,3,1,3,1,0,1,0,0,024:1,024:2,8,5,2,0.0,0,1,2,0,0,0,0.0,0,4,1,1,0.0,24.0,93.0,2,True,False
Combined,Set2,Draw1,2,12,4,3,0.0,5,1.0,True,False,False,False,False,False,False,3,1,3,1,0,3,0,0,024:1;0247:1;047:1,024:2;7024:2;407:1,8,5,2,0.0,0,1,2,0,0,0,0.0,0,4,1,1,0.0,24.0,93.0,2,True,False
Combined,Set2,Draw1,2,10,2,1,0.0,3,1.0,True,False,False,False,False,True,False,3,1,3,1,0,1,0,0,027:1,702:2,4,3,0,0.0,0,1,2,0,0,1,0.0,0,4,0,1,0.0,16.0,52.5,1,True,False
Combined,Set2,Draw1,3,12,4,3,0.0,5,1.0,True,False,False,False,False,False,False,3,1,3,1,0,3,0,0,024:1;0247:1;047:1,024:2;7024:2;407:1,8,5,2,0.0,0,1,2,0,0,0,0.0,0,4,1,1,0.0,24.0,93.0,2,True,False
Combined,Set2,Draw1,3,10,2,1,0.0,3,1.0,True,False,False,False,False,True,False,3,1,3,1,0,1,0,0,027:1,702:2,4,3,0,0.0,0,1,2,0,0,1,0.0,0,4,1,1,0.0,17.0,52.5,2,True,False
Combined,Set2,Draw1,4,12,4,3,0.0,5,1.0,True,False,False,False,False,False,False,3,1,3,1,0,3,0,0,024:1;0247:1;047:1,024:2;7024:2;407:1,8,5,2,0.0,0,1,2,0,0,0,0.0,0,4,1,1,0.0,24.0,93.0,2,True,False
Combined,Set2,Draw1,4,10,2,1,0.0,3,1.0,True,False,False,False,False,False,False,3,1,3,1,0,1,0,0,027:1,702:2,4,3,0,0.0,0,1,2,0,0,0,0.0,0,4,1,1,0.0,16.0,52.5,2,True,False
Combined,Set2,Draw1,5,28,3,1,0.0,3,0.0,True,True,False,False,False,False,True,3,1,3,1,1,0,0,0,224:1,224:3,6,3,0,0.0,0,0,2,4,0,0,0.5,1,4,1,1,0.0,22.5,57.5,2,True,False
Combined,Set2,Draw1,5,11,4,2,0.0,2,0.0,True,False,False,False,False,False,False,3,1,3,1,0,0,0,0,02237:1;037:1;0223:1,70322:2;703:2;0322:2,8,2,1,0.0,0,0,2,0,0,0,0.0,0,4,1,1,0.0,19.0,37.0,2,True,False
Combined,Set2,Draw1,5,30,3,1,0.0,3,0.0,True,False,False,False,False,False,True,3,1,3,1,2,0,0,0,2234:1;347:1,3224:2;347:1,6,3,0,0.0,0,0,2,0,0,0,0.5,0,4,1,1,0.0,17.5,50.0,2,True,False
Combined,Set2,Draw1,5,27,2,1,0.0,3,0.0,True,False,False,False,False,False,True,3,1,3,1,1,0,0,0,223:1,322:2,4,3,0,0.0,0,0,2,0,0,0,0.5,1,4,1,1,0.0,16.5,52.0,2,True,False
Combined,Set2,Draw1,5,12,1,1,0.0,5,0.0,False,False,False,False,False,False,False,3,1,3,1,0,0,0,0,024:1;0224:1,240:1;2240:1,2,5,0,0.0,0,0,0,0,0,0,0.0,0,4,1,1,0.0,13.0,93.0,2,True,False
Combined,Set2,Draw1,5,14,2,2,0.0,2,0.0,False,False,False,False,False,False,False,2,1,2,1,0,0,0,0,034:1,403:1,4,2,1,0.0,0,0,0,0,0,0,0.0,0,2,1,1,0.0,11.0,46.5,2,True,False
Combined,Set2,Draw1,5,10,1,1,0.0,1,0.0,False,False,False,False,False,False,False,3,1,3,1,0,0,0,0,022:1,220:1,2,1,0,0.0,0,0,0,0,0,0,0.0,1,4,1,1,0.0,10.0,52.5,2,True,False
Combined,Set2,Draw1,6,28,4,2,0.0,3,0.0,True,True,False,False,False,False,True,3,1,3,1,4,0,0,0,224:1;2244:1;229:1,224:3;2244:3;922:1,8,3,1,0.0,0,0,2,4,0,0,0.5,1,4,1,1,0.0,25.5,57.5,2,True,False
Combined,Set2,Draw1,6,31,4,1,0.0,2,0.0,True,True,False,False,False,False,True,3,1,3,1,3,0,0,0,244:1;22449:1;447:1,244:3;92244:1;447:1,8,2,0,0.0,0,0,2,4,0,0,0.5,1,4,1,1,0.0,23.5,111.0,2,True,False
Combined,Set2,Draw1,6,14,4,2,0.0,2,0.0,True,False,False,False,False,False,False,3,1,3,1,0,0,0,0,039:1;03449:1;0344:1,093:2;90344:1;4403:1,8,2,1,0.0,0,0,2,0,0,0,0.0,0,4,1,1,0.0,19.0,46.5,2,True,False
Combined,Set2,Draw1,6,12,4,1,0.0,2,0.0,True,False,False,False,False,False,False,3,1,3,1,0,0,0,0,022449:1;079:1;02244:1,709:2;922440:1;22440:1,8,2,0,0.0,0,0,2,0,0,0,0.0,0,4,1,1,0.0,18.0,93.0,2,True,False
Combined,Set2,Draw1,6,30,3,1,0.0,3,0.0,True,False,False,False,False,False,True,3,1,3,1,7,0,0,0,223449:1;22349:1;2234:1,932244:2;93224:2;3224:2,6,3,0,0.0,0,0,2,0,0,0,0.5,0,4,1,1,0.0,17.5,50.0,2,True,False
Combined,Set2,Draw1,6,27,2,1,0.0,3,0.0,True,False,False,False,False,False,True,3,1,3,1,1,0,0,0,223:1,322:2,4,3,0,0.0,0,0,2,0,0,0,0.5,1,4,1,1,0.0,16.5,52.0,2,True,False
Combined,Set2,Draw1,6,15,1,1,0.0,2,0.0,False,False,False,False,False,False,False,3,1,3,1,0,0,0,0,044:1,440:1,2,2,0,0.0,0,0,0,0,0,0,0.0,1,4,4,1,0.0,14.0,98.0,3,True,False
Combined,Set2,Draw1,6,34,1,1,0.0,2,0.0,False,False,False,False,False,False,False,3,1,3,1,0,0,0,0,344:1,344:1,2,2,0,0.0,0,0,0,0,0,0,0.0,1,4,1,1,0.0,11.0,57.0,2,True,False
Combined,Set2,Draw1,6,11,1,1,0.0,2,0.0,False,False,False,False,False,False,False,3,1,3,1,0,0,0,0,037:1,037:1,2,2,0,0.0,0,0,0,0,0,0,0.0,0,4,1,1,0.0,10.0,37.0,2,True,False
Combined,Set2,Draw1,7,31,4,2,0.0,2,0.0,True,True,False,False,False,False,True,3,1,3,1,6,0,0,0,244:1;22449:1;299:1,244:3;92244:1;992:1,8,2,1,0.0,0,0,2,4,0,0,0.5,1,4,4,1,0.0,27.5,111.0,3,True,False
Combined,Set2,Draw1,7,28,4,2,0.0,3,0.0,True,True,False,False,False,False,True,3,1,3,1,5,0,0,0,224:1;2244:1;229:1,224:3;2244:3;922:1,8,3,1,0.0,0,0,2,4,0,0,0.5,1,4,1,1,0.0,25.5,57.5,2,True,False
Combined,Set2,Draw1,7,30,3,1,0.0,3,0.0,True,False,False,False,False,False,True,3,1,3,1,14,0,0,0,2233449:1;22334499:1;223349:1,9332244:2;99332244:2;933224:2,6,3,0,0.0,0,0,2,0,0,0,0.5,0,4,4,1,0.0,20.5,50.0,3,True,False
Combined,Set2,Draw1,7,34,3,1,0.0,2,0.0,True,False,False,False,False,False,False,3,1,3,1,0,0,0,0,399:1;344:1,993:2;344:1,6,2,0,0.0,0,0,2,0,0,0,0.0,1,4,4,1,0.0,20.0,57.0,3,True,False
Combined,Set2,Draw1,7,33,3,1,0.0,1,0.0,True,False,False,False,False,False,False,3,1,3,1,0,0,0,0,339:1;3399:1;334:1,933:2;9933:2;334:1,6,1,0,0.0,0,0,2,0,0,0,0.0,1,4,4,1,0.0,19.0,43.5,3,True,False
Combined,Set2,Draw1,7,15,3,2,0.0,2,0.0,False,False,False,False,False,False,False,3,1,3,1,0,0,0,0,044:1;099:1,440:1;990:1,6,2,1,0.0,0,0,0,0,0,0,0.0,1,4,4,1,0.0,19.0,98.0,3,True,False
Combined,Set2,Draw1,7,12,3,1,0.0,2,0.0,False,False,False,False,False,False,False,3,1,3,1,0,0,0,0,022449:1;0224499:1;02244:1,922440:1;9922440:1;22440:1,6,2,0,0.0,0,0,0,0,0,0,0.0,0,4,4,1,0.0,17.0,93.0,3,True,False
Combined,Set2,Draw1,7,27,2,1,0.0,3,0.0,True,False,False,False,False,False,True,3,1,3,1,2,0,0,0,223:1;2233:1,322:2;3322:2,4,3,0,0.0,0,0,2,0,0,0,0.5,1,4,1,1,0.0,16.5,52.0,2,True,False
Combined,Set2,Draw1,7,29,3,1,0.0,1,0.0,True,False,False,False,False,False,False,3,1,3,1,0,0,0,0,233:1;337:1,332:2;337:1,6,1,0,0.0,0,0,2,0,0,0,0.0,1,4,1,1,0.0,16.0,48.0,2,True,False
Combined,Set2,Draw1,7,14,2,2,0.0,2,0.0,False,False,False,False,False,False,False,3,1,3,1,0,0,0,0,0334499:1;033499:1;033449:1,9903344:1;990334:1;903344:1,4,2,1,0.0,0,0,0,0,0,0,0.0,0,4,4,1,0.0,16.0,46.5,3,True,False
Combined,Set2,Draw1,7,9,2,1,0.0,1,0.0,False,False,False,False,False,False,True,2,1,2,1,4,0,0,0,0144:1;014:1;019:1,4401:1;401:1;019:1,4,1,0,0.0,0,0,0,0,0,0,0.5,0,2,4,1,0.0,12.5,38.0,3,True,False
Combined,Set2,Draw1,7,23,1,1,0.0,1,0.0,False,False,False,False,False,False,False,2,1,2,1,0,0,0,0,133:1,133:1,2,1,0,0.0,0,0,0,0,0,0,0.0,1,2,4,1,0.0,11.0,33.5,3,True,False
Combined,Set2,Draw1,7,7,2,2,0.0,1,0.0,False,False,False,False,False,False,True,2,1,2,1,1,0,0,0,017:1,170:1,4,1,1,0.0,0,0,0,0,0,0,0.5,0,2,1,1,0.0,10.5,26.0,2,True,False
Combined,Set2,Draw1,7,8,1,1,0.0,1,0.0,False,False,False,False,False,False,False,2,1,2,1,0,0,0,0,0133:1;013:1,0133:1;013:1,2,1,0,0.0,0,0,0,0,0,0,0.0,0,2,4,1,0.0,10.0,41.0,3,True,False
Combined,Set2,Draw1,7,22,1,1,0.0,1,0.0,False,False,False,False,False,False,False,2,1,2,1,0,0,0,0,1447:1;147:1,4471:1;471:1,2,1,0,0.0,0,0,0,0,0,0,0.0,0,2,4,1,0.0,10.0,23.0,3,True,False
Combined,Set2,Draw1,7,13,1,1,0.0,1,0.0,False,False,False,False,False,False,False,2,1,2,1,0,0,0,0,033:1,033:1,2,1,0,0.0,0,0,0,0,0,0,0.0,1,2,1,1,0.0,8.0,57.0,2,True,False
Combined,Set2,Draw1,7,21,1,1,0.0,1,0.0,False,False,False,False,False,False,False,1,1,1,1,0,0,0,0,1337:1,1337:1,2,1,0,0.0,0,0,0,0,0,0,0.0,0,0,4,1,0.0,8.0,18.5,3,True,False
Combined,Set2,Draw1,7,24,1,1,0.0,1,0.0,False,False,False,False,False,False,True,1,1,1,1,2,0,0,0,13399:1;1399:1,19933:1;1993:1,2,1,0,0.0,0,0,0,0,0,0,0.5,0,0,1,1,0.0,5.5,24.0,2,True,False
Combined,Set2,Draw1,7,25,1,1,0.0,1,0.0,False,False,False,False,False,False,False,1,1,1,1,0,0,0,0,199:1,199:1,2,1,0,0.0,0,0,0,0,0,0,0.0,1,0,1,0,0.0,5.0,17.5,2,False,False
Combined,Set3,Draw1,1,12,4,3,0.0,4,1.0,True,False,False,True,False,False,False,3,1,3,1,0,3,0,0,0247:1;024:1;047:1,7024:2;024:2;407:1,8,4,2,0.0,0,1,2,0,0,0,0.0,0,4,0,1,0.0,22.0,93.0,1,True,False
Combined,Set3,Draw1,1,10,2,1,0.0,3,1.0,True,False,False,False,False,True,False,3,1,3,1,0,1,0,0,027:1,702:2,4,3,0,0.0,0,1,2,0,0,1,0.0,0,4,0,0,0.0,15.0,52.5,1,False,False
Combined,Set3,Draw1,2,12,4,3,0.0,4,1.0,True,False,False,False,False,False,False,3,1,3,1,0,3,0,0,0247:1;024:1;047:1,7024:2;024:2;407:1,8,4,2,0.0,0,1,2,0,0,0,0.0,0,4,1,1,0.0,23.0,93.0,2,True,False
Combined,Set3,Draw1,2,10,2,1,0.0,3,1.0,True,False,False,False,False,True,False,3,1,3,1,0,1,0,0,027:1,702:2,4,3,0,0.0,0,1,2,0,0,1,0.0,0,4,0,1,0.0,16.0,52.5,1,True,False
Combined,Set3,Draw1,3,12,4,3,0.0,4,1.0,True,False,False,False,False,False,False,3,1,3,1,0,3,0,0,0247:1;024:1;047:1,7024:2;024:2;407:1,8,4,2,0.0,0,1,2,0,0,0,0.0,0,4,1,1,0.0,23.0,93.0,2,True,False
Combined,Set3,Draw1,3,10,2,1,0.0,3,1.0,True,False,False,False,False,True,False,3,1,3,1,0,1,0,0,027:1,702:2,4,3,0,0.0,0,1,2,0,0,1,0.0,0,4,0,1,0.0,16.0,52.5,1,True,False
Combined,Set3,Draw1,4,28,3,1,0.0,4,1.0,True,True,False,False,False,False,True,3,1,3,1,1,1,0,0,224:1,224:3,6,4,0,0.0,0,1,2,4,0,0,0.5,1,4,0,0,0.0,22.5,57.5,1,False,False
Combined,Set3,Draw1,4,11,4,2,0.0,2,1.0,True,False,False,False,False,False,False,3,1,3,1,0,5,0,0,02237:1;037:1;0223:1,70322:2;703:2;0322:2,8,2,1,0.0,0,1,2,0,0,0,0.0,0,4,1,0,0.0,19.0,37.0,2,False,False
Combined,Set3,Draw1,4,30,3,1,0.0,4,1.0,True,False,False,False,False,False,True,3,1,3,1,2,2,0,0,2234:1;347:1,3224:2;347:1,6,4,0,0.0,0,1,2,0,0,0,0.5,0,4,1,0,0.0,18.5,50.0,2,False,False
Combined,Set3,Draw1,4,27,2,1,0.0,4,1.0,True,False,False,False,False,False,True,3,1,3,1,1,1,0,0,223:1,322:2,4,4,0,0.0,0,1,2,0,0,0,0.5,1,4,0,0,0.0,16.5,52.0,1,False,False
Combined,Set3,Draw1,4,12,1,1,0.0,4,1.0,False,False,False,False,False,False,False,3,1,3,1,0,2,0,0,024:1;0224:1,240:1;2240:1,2,4,0,0.0,0,1,0,0,0,0,0.0,0,4,1,1,0.0,13.0,93.0,2,True,False
Combined,Set3,Draw1,4,14,2,2,0.0,3,1.0,False,False,False,False,False,False,False,2,1,2,1,0,1,0,0,034:1,403:1,4,3,1,0.0,0,1,0,0,0,0,0.0,0,2,1,0,0.0,12.0,46.5,2,False,False
Combined,Set3,Draw1,4,10,1,1,0.0,1,1.0,False,False,False,False,False,False,False,3,1,3,1,0,1,0,0,022:1,220:1,2,1,0,0.0,0,1,0,0,0,0,0.0,1,4,0,1,0.0,10.0,52.5,1,True,False
Combined,Set3,Draw1,5,28,4,2,0.0,4,0.0,True,True,False,False,False,False,True,3,1,3,1,4,0,0,0,224:1;2244:1;229:1,224:3;2244:3;922:1,8,4,1,0.0,0,0,2,4,0,0,0.5,1,4,0,1,0.0,25.5,57.5,1,True,False
Combined,Set3,Draw1,5,31,4,1,0.0,3,0.0,True,True,False,False,False,False,True,3,1,3,1,3,0,0,0,244:1;22449:1;447:1,244:3;92244:1;447:1,8,3,0,0.0,0,0,2,4,0,0,0.5,1,4,1,0,0.0,23.5,111.0,2,False,False
Combined,Set3,Draw1,5,14,4,2,0.0,3,0.0,True,False,False,False,False,False,False,3,1,3,1,0,0,0,0,039:1;0344:1;034:1,093:2;4403:1;403:1,8,3,1,0.0,0,0,2,0,0,0,0.0,0,4,1,1,0.0,20.0,46.5,2,True,False
Combined,Set3,Draw1,5,12,4,1,0.0,3,0.0,True,False,False,False,False,False,False,3,1,3,1,0,0,0,0,022449:1;079:1;02244:1,709:2;922440:1;22440:1,8,3,0,0.0,0,0,2,0,0,0,0.0,0,4,1,1,0.0,19.0,93.0,2,True,False
Combined,Set3,Draw1,5,30,3,1,0.0,4,0.0,True,False,False,False,False,False,True,3,1,3,1,7,0,0,0,223449:1;2234:1;22344:1,932244:2;3224:2;32244:2,6,4,0,0.0,0,0,2,0,0,0,0.5,0,4,1,1,0.0,18.5,50.0,2,True,False
Combined,Set3,Draw1,5,27,2,1,0.0,4,0.0,True,False,False,False,False,False,True,3,1,3,1,1,0,0,0,223:1,322:2,4,4,0,0.0,0,0,2,0,0,0,0.5,1,4,0,1,0.0,16.5,52.0,1,True,False
Combined,Set3,Draw1,5,15,1,1,0.0,3,0.0,False,False,False,False,False,False,False,3,1,3,1,0,0,0,0,044:1,440:1,2,3,0,0.0,0,0,0,0,0,0,0.0,1,4,1,0,0.0,11.0,98.0,2,False,False
Combined,Set3,Draw1,5,34,1,1,0.0,3,0.0,False,False,False,False,False,False,False,3,1,3,1,0,0,0,0,344:1,344:1,2,3,0,0.0,0,0,0,0,0,0,0.0,1,4,1,0,0.0,11.0,57.0,2,False,False
Combined,Set3,Draw1,5,11,1,1,0.0,2,0.0,False,False,False,False,False,False,False,3,1,3,1,0,0,0,0,037:1,037:1,2,2,0,0.0,0,0,0,0,0,0,0.0,0,4,1,1,0.0,10.0,37.0,2,True,False
Combined,Set3,Draw1,6,28,4,2,0.0,4,0.0,True,True,False,False,False,False,True,3,1,3,1,5,0,0,0,224:1;2244:1;229:1,224:3;2244:3;922:1,8,4,1,0.0,0,0,2,4,0,0,0.5,1,4,0,1,0.0,25.5,57.5,1,True,False
Combined,Set3,Draw1,6,31,4,2,0.0,3,0.0,True,True,False,False,False,False,True,3,1,3,1,6,0,0,0,244:1;22449:1;299:1,244:3;92244:1;992:1,8,3,1,0.0,0,0,2,4,0,0,0.5,1,4,1,1,0.0,25.5,111.0,2,True,False
Combined,Set3,Draw1,6,15,4,2,0.0,3,0.0,True,False,False,False,False,False,False,3,1,3,1,0,0,0,0,099:1;044:1,099:2;440:1,8,3,1,0.0,0,0,2,0,0,0,0.0,1,4,1,1,0.0,21.0,98.0,2,True,False
Combined,Set3,Draw1,6,34,3,1,0.0,3,0.0,True,False,False,False,False,False,False,3,1,3,1,0,0,0,0,399:1;344:1,993:2;344:1,6,3,0,0.0,0,0,2,0,0,0,0.0,1,4,4,1,0.0,21.0,57.0,3,True,False
Combined,Set3,Draw1,6,14,4,2,0.0,3,0.0,True,False,False,False,False,False,False,3,1,3,1,0,0,0,0,03399:1;0399:1;0334499:1,09933:2;0993:2;9903344:1,8,3,1,0.0,0,0,2,0,0,0,0.0,0,4,1,1,0.0,20.0,46.5,2,True,False
Combined,Set3,Draw1,6,12,4,1,0.0,3,0.0,True,False,False,False,False,False,False,3,1,3,1,0,0,0,0,022449:1;079:1;0224499:1,709:2;7099:2;922440:1,8,3,0,0.0,0,0,2,0,0,0,0.0,0,4,1,1,0.0,19.0,93.0,2,True,False
Combined,Set3,Draw1,6,33,3,1,0.0,2,0.0,True,False,False,False,False,False,False,3,1,3,1,0,0,0,0,339:1;3399:1;334:1,933:2;9933:2;334:1,6,2,0,0.0,0,0,2,0,0,0,0.0,1,4,4,0,0.0,19.0,43.5,3,False,False
Combined,Set3,Draw1,6,30,3,1,0.0,4,0.0,True,False,False,False,False,False,True,3,1,3,1,14,0,0,0,2233449:1;22334499:1;223349:1,9332244:2;99332244:2;933224:2,6,4,0,0.0,0,0,2,0,0,0,0.5,0,4,1,1,0.0,18.5,50.0,2,True,False
Combined,Set3,Draw1,6,27,2,1,0.0,4,0.0,True,False,False,False,False,False,True,3,1,3,1,2,0,0,0,223:1;2233:1,322:2;3322:2,4,4,0,0.0,0,0,2,0,0,0,0.5,1,4,0,1,0.0,16.5,52.0,1,True,False
Combined,Set3,Draw1,6,29,3,1,0.0,2,0.0,True,False,False,False,False,False,False,3,1,3,1,0,0,0,0,233:1;337:1,332:2;337:1,6,2,0,0.0,0,0,2,0,0,0,0.0,1,4,1,0,0.0,16.0,48.0,2,False,False
Combined,Set3,Draw1,6,13,2,1,0.0,2,0.0,True,False,False,False,False,False,False,2,1,2,1,0,0,0,0,033:1,033:2,4,2,0,0.0,0,0,2,0,0,0,0.0,1,2,1,0,0.0,12.0,57.0,2,False,False
Combined,Set3,Draw1,6,11,1,1,0.0,1,0.0,False,False,False,False,False,False,False,1,1,1,1,0,0,0,0,0337:1,0337:1,2,1,0,0.0,0,0,0,0,0,0,0.0,0,0,1,1,0.0,5.0,37.0,2,True,False
Combined,Set3,Draw1,7,31,4,2,0.0,3,0.0,True,True,False,False,False,False,True,3,1,3,1,7,0,0,0,244:1;22449:1;299:1,244:3;92244:1;992:1,8,3,1,0.0,0,0,2,4,0,0,0.5,1,4,4,1,0.0,28.5,111.0,3,True,False
Combined,Set3,Draw1,7,28,4,2,0.0,4,0.0,True,True,False,False,False,False,True,3,1,3,1,6,0,0,0,224:1;2244:1;229:1,224:3;2244:3;922:1,8,4,1,0.0,0,0,2,4,0,0,0.5,1,4,0,1,0.0,25.5,57.5,1,True,False
Combined,Set3,Draw1,7,15,4,2,0.0,3,0.0,True,False,False,False,False,False,False,3,1,3,1,0,0,0,0,099:1;044:1,099:2;440:1,8,3,1,0.0,0,0,2,0,0,0,0.0,1,4,4,1,0.0,24.0,98.0,3,True,False
Combined,Set3,Draw1,7,12,4,1,0.0,3,0.0,True,False,False,False,False,False,False,3,1,3,1,0,0,0,0,022449:1;007799:1;0224499:1,770099:2;77009:2;70099:2,8,3,0,0.0,0,0,2,0,0,0,0.0,0,4,4,1,0.0,22.0,93.0,3,True,False
Combined,Set3,Draw1,7,30,3,1,0.0,4,0.0,True,False,False,False,False,False,True,3,1,3,1,27,0,0,0,223344:1;2234:1;22344:1,332244:2;3224:2;32244:2,6,4,0,0.0,0,0,2,0,0,0,0.5,0,4,4,1,0.0,21.5,50.0,3,True,False
Combined,Set3,Draw1,7,34,3,1,0.0,3,0.0,False,False,False,False,False,False,False,3,1,3,1,0,0,0,0,344:1;399:1;899:1,344:1;993:1;998:1,6,3,0,0.0,0,0,0,0,0,0,0.0,1,4,4,1,0.0,19.0,57.0,3,True,False
Combined,Set3,Draw1,7,27,3,1,0.0,4,0.0,True,False,False,False,False,False,True,3,1,3,1,3,0,0,0,223:1;2233:1;778:1,322:2;3322:2;877:2,6,4,0,0.0,0,0,2,0,0,0,0.5,1,4,0,1,0.0,18.5,52.0,1,True,False
Combined,Set3,Draw1,7,33,3,1,0.0,2,0.0,False,False,False,False,False,False,False,3,1,3,1,0,0,0,0,334:1;3344:1;339:1,334:1;3344:1;933:1,6,2,0,0.0,0,0,0,0,0,0,0.0,1,4,4,1,0.0,18.0,43.5,3,True,False
Combined,Set3,Draw1,7,29,3,1,0.0,2,0.0,True,False,False,False,False,False,False,3,1,3,1,0,0,0,0,233:1;22338:1;3378:1,332:2;83322:1;3387:1,6,2,0,0.0,0,0,2,0,0,0,0.0,1,4,1,1,0.0,17.0,48.0,2,True,False
Combined,Set3,Draw1,7,32,3,2,0.0,1,0.0,True,False,False,False,False,False,False,2,1,2,1,0,0,0,0,338:1,833:2,6,1,1,0.0,0,0,2,0,0,0,0.0,1,2,4,0,0.0,17.0,27.5,3,False,False
Combined,Set3,Draw1,7,5,4,2,0.0,1,0.0,True,False,False,False,False,False,False,2,1,2,1,0,0,0,0,0099:1;009:1;0044:1,0099:2;009:2;4400:1,8,1,1,0.0,0,0,2,0,0,0,0.0,1,2,1,0,0.0,16.0,98.0,2,False,False
Combined,Set3,Draw1,7,14,4,2,0.0,2,0.0,False,False,False,False,False,False,False,2,1,2,1,0,0,0,0,0033448:1;00334489:1;003348:1,4400338:1;90083344:1;400338:1,8,2,1,0.0,0,0,0,0,0,0,0.0,0,2,1,1,0.0,15.0,46.5,2,True,False
Combined,Set3,Draw1,7,13,2,2,0.0,2,0.0,False,False,False,False,False,False,False,2,1,2,1,0,0,0,0,00338:1;0338:1;033:1,00338:1;0338:1;033:1,4,2,1,0.0,0,0,0,0,0,0,0.0,1,2,1,1,0.0,12.0,57.0,2,True,False
Combined,Set3,Draw1,7,3,2,1,0.0,1,0.0,True,False,False,False,False,False,True,2,1,2,1,2,0,0,0,0077:1;007:1,7700:2;700:2,4,1,0,0.0,0,0,2,0,0,0,0.5,1,2,1,0,0.0,11.5,94.5,2,False,False
Combined,Set3,Draw1,7,10,2,1,0.0,1,0.0,True,False,False,False,False,False,False,2,1,2,1,0,0,0,0,077:1,770:2,4,1,0,0.0,0,0,2,0,0,0,0.0,1,2,0,0,0.0,10.0,52.5,1,False,False
Combined,Set3,Draw1,7,4,2,1,0.0,1,0.0,False,False,False,False,False,False,False,2,1,2,1,0,0,0,0,0038:1;003:1;008:1,0083:1;003:1;008:1,4,1,0,0.0,0,0,0,0,0,0,0.0,1,2,1,0,0.0,9.0,72.5,2,False,False
Combined,Set3,Draw1,7,11,2,1,0.0,1,0.0,False,False,False,False,False,False,False,2,1,2,1,0,0,0,0,0033778:1;003378:1;033778:1,0033877:1;003387:1;033877:1,4,1,0,0.0,0,0,0,0,0,0,0.0,0,2,1,0,0.0,8.0,37.0,2,False,False
Evening,Set1,Draw1,1,31,4,1,0.0,7,1.0,True,True,False,False,False,True,True,3,7,3,7,2,0,2,0,244:1;447:1,244:3;447:1,8,7,0,0.0,0,1,2,4,0,1,0.5,1,10,0,1,0.0,35.5,111.0,1,True,False
Evening,Set1,Draw1,1,12,4,3,0.0,7,1.0,True,False,False,True,False,True,True,3,7,3,7,9,0,9,0,00244:1;0244:1;002447:1,00244:2;0244:2;700244:2,8,7,2,0.0,0,1,2,0,0,1,0.5,0,10,1,1,0.0,33.5,93.0,2,True,False
Evening,Set1,Draw1,1,3,4,2,0.0,7,1.0,True,False,False,False,False,True,True,3,7,3,7,3,0,3,0,007:1;002:1;0027:1,700:2;002:2;7002:2,8,7,1,0.0,0,1,2,0,0,1,0.5,1,10,0,1,0.0,32.5,94.5,1,True,False
Evening,Set1,Draw1,1,15,2,2,0.0,7,1.0,False,False,False,False,False,False,True,3,7,3,7,1,0,1,0,044:1,440:1,4,7,1,0.0,0,1,0,0,0,0,0.5,1,10,0,1,0.0,25.5,98.0,1,True,False
Evening,Set1,Draw1,1,5,2,2,0.0,7,1.0,False,False,False,False,False,False,True,3,7,3,7,2,0,2,0,0044:1;004:1,4400:1;400:1,4,7,1,0.0,0,1,0,0,0,0,0.5,1,10,0,1,0.0,25.5,98.0,1,True,False
Evening,Set1,Draw1,2,31,4,1,0.0,7,1.0,True,True,False,False,False,True,True,3,7,3,7,2,0,2,0,244:1;447:1,244:3;447:1,8,7,0,0.0,0,1,2,4,0,1,0.5,1,10,0,1,0.0,35.5,111.0,1,True,False
Evening,Set1,Draw1,2,12,4,3,0.0,7,1.0,True,False,False,False,False,True,True,3,7,3,7,9,0,9,0,00244:1;0244:1;002447:1,00244:2;0244:2;700244:2,8,7,2,0.0,0,1,2,0,0,1,0.5,0,10,1,1,0.0,33.5,93.0,2,True,False
Evening,Set1,Draw1,2,3,4,2,0.0,7,1.0,True,False,False,False,False,True,True,3,7,3,7,3,0,3,0,007:1;002:1;0027:1,700:2;002:2;7002:2,8,7,1,0.0,0,1,2,0,0,1,0.5,1,10,0,1,0.0,32.5,94.5,1,True,False
Evening,Set1,Draw1,2,15,2,2,0.0,7,1.0,False,False,False,False,False,False,True,3,7,3,7,1,0,1,0,044:1,440:1,4,7,1,0.0,0,1,0,0,0,0,0.5,1,10,0,1,0.0,25.5,98.0,1,True,False
Evening,Set1,Draw1,2,5,2,2,0.0,7,1.0,False,False,False,False,False,False,True,3,7,3,7,2,0,2,0,0044:1;004:1,4400:1;400:1,4,7,1,0.0,0,1,0,0,0,0,0.5,1,10,0,1,0.0,25.5,98.0,1,True,False
Evening,Set1,Draw1,3,31,4,1,0.0,7,1.0,True,True,False,False,False,True,True,3,7,3,7,2,0,2,0,244:1;447:1,244:3;447:1,8,7,0,0.0,0,1,2,4,0,1,0.5,1,10,0,1,0.0,35.5,111.0,1,True,False
Evening,Set1,Draw1,3,12,4,3,0.0,7,1.0,True,False,False,False,False,True,True,3,7,3,7,9,0,9,0,00244:1;0244:1;002447:1,00244:2;0244:2;700244:2,8,7,2,0.0,0,1,2,0,0,1,0.5,0,10,1,1,0.0,33.5,93.0,2,True,False
Evening,Set1,Draw1,3,3,4,2,0.0,7,1.0,True,False,False,False,False,True,True,3,7,3,7,3,0,3,0,007:1;002:1;0027:1,700:2;002:2;7002:2,8,7,1,0.0,0,1,2,0,0,1,0.5,1,10,0,1,0.0,32.5,94.5,1,True,False
Evening,Set1,Draw1,3,15,2,2,0.0,7,1.0,False,False,False,False,False,False,True,3,7,3,7,1,0,1,0,044:1,440:1,4,7,1,0.0,0,1,0,0,0,0,0.5,1,10,0,1,0.0,25.5,98.0,1,True,False
Evening,Set1,Draw1,3,5,2,2,0.0,7,1.0,False,False,False,False,False,False,True,3,7,3,7,2,0,2,0,0044:1;004:1,4400:1;400:1,4,7,1,0.0,0,1,0,0,0,0,0.5,1,10,0,1,0.0,25.5,98.0,1,True,False
Evening,Set1,Draw1,4,31,4,1,0.0,7,1.0,True,True,False,False,False,False,True,3,7,3,7,2,2,0,0,244:1;447:1,244:3;447:1,8,7,0,0.0,0,1,2,4,0,0,0.5,1,10,0,1,0.0,34.5,111.0,1,True,False
Evening,Set1,Draw1,4,12,4,3,0.0,7,1.0,True,False,False,False,False,False,True,3,7,3,7,13,13,0,0,002244:1;00244:1;0244:1,002244:2;02244:2;7002244:2,8,7,2,0.0,0,1,2,0,0,0,0.5,0,10,1,1,0.0,32.5,93.0,2,True,False
Evening,Set1,Draw1,4,3,4,2,0.0,7,1.0,True,False,False,False,False,False,True,3,7,3,7,4,4,0,0,007:1;002:1;0027:1,700:2;002:2;7002:2,8,7,1,0.0,0,1,2,0,0,0,0.5,1,10,0,1,0.0,31.5,94.5,1,True,False
Evening,Set1,Draw1,4,15,2,2,0.0,7,1.0,False,False,False,False,False,False,True,3,7,3,7,1,1,0,0,044:1,440:1,4,7,1,0.0,0,1,0,0,0,0,0.5,1,10,0,1,0.0,25.5,98.0,1,True,False
Evening,Set1,Draw1,4,5,2,2,0.0,7,1.0,False,False,False,False,False,False,True,3,7,3,7,2,2,0,0,0044:1;004:1,4400:1;400:1,4,7,1,0.0,0,1,0,0,0,0,0.5,1,10,0,1,0.0,25.5,98.0,1,True,False
Evening,Set1,Draw1,4,28,3,1,0.0,4,1.0,True,True,False,False,False,False,False,2,4,2,4,0,2,0,0,224:1;2244:1,224:3;2244:3,6,4,0,0.0,0,1,2,4,0,0,0.0,1,5,0,1,0.0,24.0,57.5,1,True,False
Evening,Set1,Draw1,4,10,3,2,0.0,2,1.0,True,False,False,False,False,False,True,2,1,2,1,2,2,0,0,022:1;00227:1,022:2;70022:2,6,2,1,0.0,0,1,2,0,0,0,0.5,1,2,1,1,0.0,17.5,52.5,2,True,False
Evening,Set1,Draw1,5,31,4,1,0.0,7,1.0,True,True,False,False,False,False,True,3,7,3,7,2,2,0,0,244:1;447:1,244:3;447:1,8,7,0,0.0,0,1,2,4,0,0,0.5,1,10,0,1,0.0,34.5,111.0,1,True,False
Evening,Set1,Draw1,5,3,3,1,0.0,7,1.0,True,False,False,False,False,False,True,3,7,3,7,3,3,0,0,007:1;002:1;0022:1,700:2;200:1;2200:1,6,7,0,0.0,0,1,2,0,0,0,0.5,1,10,0,1,0.0,28.5,94.5,1,True,False
Evening,Set1,Draw1,5,28,3,1,0.0,4,1.0,True,True,False,False,False,False,False,2,4,2,4,0,2,0,0,224:1;2244:1,224:3;2244:3,6,4,0,0.0,0,1,2,4,0,0,0.0,1,5,0,1,0.0,24.0,57.5,1,True,False
Evening,Set1,Draw1,5,5,1,1,0.0,7,1.0,False,False,False,False,False,False,True,3,7,3,7,2,2,0,0,0044:1;004:1,4400:1;400:1,2,7,0,0.0,0,1,0,0,0,0,0.5,1,10,1,1,0.0,23.5,98.0,2,True,False
Evening,Set1,Draw1,5,12,1,1,0.0,7,1.0,False,False,False,False,False,False,True,3,7,3,7,4,4,0,0,00244:1;0244:1;002244:1,24400:1;2440:1;224400:1,2,7,0,0.0,0,1,0,0,0,0,0.5,0,10,1,1,0.0,22.5,93.0,2,True,False
Evening,Set1,Draw1,5,15,1,1,0.0,7,1.0,False,False,False,False,False,False,True,3,7,3,7,1,1,0,0,044:1,440:1,2,7,0,0.0,0,1,0,0,0,0,0.5,1,10,0,1,0.0,22.5,98.0,1,True,False
Evening,Set1,Draw1,5,30,3,1,0.0,3,1.0,True,False,False,False,False,False,True,3,4,3,4,3,3,0,0,22344:1;2234:1;3447:1,32244:2;3224:2;3447:1,6,3,0,0.0,0,1,2,0,0,0,0.5,0,7,1,1,0.0,21.5,50.0,2,True,False
Evening,Set1,Draw1,5,2,2,1,0.0,3,1.0,True,False,False,False,False,False,True,3,3,3,3,1,1,0,0,001:1,001:2,4,3,0,0.0,0,1,2,0,0,0,0.5,1,6,1,0,0.0,18.5,55.0,2,False,False
Evening,Set1,Draw1,5,4,2,1,0.0,3,1.0,True,False,False,False,False,False,False,3,2,3,2,0,1,0,0,003:1,003:2,4,3,0,0.0,0,1,2,0,0,0,0.0,1,5,1,1,0.0,18.0,72.5,2,True,False
Evening,Set1,Draw1,5,27,2,1,0.0,3,1.0,True,False,False,False,False,False,False,2,4,2,4,0,1,0,0,223:1,322:2,4,3,0,0.0,0,1,2,0,0,0,0.0,1,5,0,1,0.0,17.0,52.0,1,True,False
Evening,Set1,Draw1,5,8,2,1,0.0,2,1.0,True,False,False,False,False,False,False,3,3,3,3,0,2,0,0,0013:1;013:1,0013:2;013:2,4,2,0,0.0,0,1,2,0,0,0,0.0,0,6,1,0,0.0,16.0,41.0,2,False,False
Evening,Set1,Draw1,5,14,1,1,0.0,3,1.0,False,False,False,False,False,False,False,3,2,3,2,0,4,0,0,00344:1;0034:1;0344:1,00344:1;0034:1;0344:1,2,3,0,0.0,0,1,0,0,0,0,0.0,0,5,4,1,0.0,16.0,46.5,3,True,False
Evening,Set1,Draw1,5,34,1,1,0.0,3,1.0,False,False,False,False,False,False,True,3,4,3,4,1,1,0,0,344:1,344:1,2,3,0,0.0,0,1,0,0,0,0,0.5,1,7,0,1,0.0,15.5,57.0,1,True,False
Evening,Set1,Draw1,5,7,2,2,0.0,3,1.0,False,False,False,False,False,False,True,3,3,3,3,2,2,0,0,0017:1;017:1,1700:1;170:1,4,3,1,0.0,0,1,0,0,0,0,0.5,0,6,0,0,0.0,15.5,26.0,1,False,False
Evening,Set1,Draw1,5,9,1,1,0.0,3,1.0,False,False,False,False,False,False,True,3,3,3,3,2,2,0,0,00144:1;0014:1,44001:1;4001:1,2,3,0,0.0,0,1,0,0,0,0,0.5,0,6,1,0,0.0,13.5,38.0,2,False,False
Evening,Set1,Draw1,5,11,2,2,0.0,1,1.0,False,False,False,False,False,False,False,3,1,3,1,0,7,0,0,00237:1;0023:1;002237:1,70032:1;2003:1;700322:1,4,1,1,0.0,0,1,0,0,0,0,0.0,0,4,1,1,0.0,13.0,37.0,2,True,False
Evening,Set1,Draw1,5,22,1,1,0.0,3,1.0,False,False,False,False,False,False,False,3,3,3,3,0,2,0,0,1447:1;147:1,4471:1;471:1,2,3,0,0.0,0,1,0,0,0,0,0.0,0,6,0,0,0.0,12.0,23.0,1,False,False
Evening,Set1,Draw1,5,21,2,1,0.0,3,1.0,False,False,False,False,False,False,False,3,1,3,1,0,3,0,0,123:1;1223:1;137:1,132:1;1322:1;137:1,4,3,0,0.0,0,1,0,0,0,0,0.0,0,4,0,0,0.0,12.0,18.5,1,False,False
Evening,Set1,Draw1,5,10,1,1,0.0,2,1.0,False,False,False,False,False,False,True,2,1,2,1,1,1,0,0,022:1,220:1,2,2,0,0.0,0,1,0,0,0,0,0.5,1,2,1,1,0.0,10.5,52.5,2,True,False
Evening,Set1,Draw1,6,31,4,1,0.0,7,0.0,True,True,False,False,False,False,True,3,7,3,7,2,0,0,0,244:1;447:1,244:3;447:1,8,7,0,0.0,0,0,2,4,0,0,0.5,1,10,0,1,0.0,33.5,111.0,1,True,False
Evening,Set1,Draw1,6,3,4,2,0.0,7,0.0,True,False,False,False,False,False,True,3,7,3,7,8,0,0,0,007:1;0057:1;002255:1,700:2;7005:1;225500:1,8,7,1,0.0,0,0,2,0,0,0,0.5,1,10,0,1,0.0,30.5,94.5,1,True,False
Evening,Set1,Draw1,6,12,2,2,0.0,7,0.0,False,False,False,False,False,False,True,3,7,3,7,14,0,0,0,00244:1;0244:1;002244:1,24400:1;2440:1;224400:1,4,7,1,0.0,0,0,0,0,0,0,0.5,0,10,1,1,0.0,24.5,93.0,2,True,False
Evening,Set1,Draw1,6,5,2,1,0.0,7,0.0,False,False,False,False,False,False,True,3,7,3,7,3,0,0,0,0044:1;004:1;455:1,4400:1;400:1;455:1,4,7,0,0.0,0,0,0,0,0,0,0.5,1,10,1,1,0.0,24.5,98.0,2,True,False
Evening,Set1,Draw1,6,28,3,1,0.0,4,0.0,True,True,False,False,False,False,False,2,4,2,4,0,0,0,0,224:1;2244:1,224:3;2244:3,6,4,0,0.0,0,0,2,4,0,0,0.0,1,5,1,1,0.0,24.0,57.5,2,True,False
Evening,Set1,Draw1,6,15,2,1,0.0,7,0.0,False,False,False,False,False,False,True,3,7,3,7,3,0,0,0,044:1;445:1;4455:1,440:1;445:1;4455:1,4,7,0,0.0,0,0,0,0,0,0,0.5,1,10,0,1,0.0,23.5,98.0,1,True,False
Evening,Set1,Draw1,6,30,3,1,0.0,3,0.0,True,False,False,False,False,False,True,3,4,3,4,3,0,0,0,22344:1;2234:1;3447:1,32244:2;3224:2;3447:1,6,3,0,0.0,0,0,2,0,0,0,0.5,0,7,1,1,0.0,20.5,50.0,2,True,False
Evening,Set1,Draw1,6,8,2,1,0.0,2,0.0,True,False,False,False,False,False,False,3,3,3,3,0,0,0,0,0013:1;013:1,0013:2;013:2,4,2,0,0.0,0,0,2,0,0,0,0.0,0,6,4,1,0.0,19.0,41.0,3,True,False
Evening,Set1,Draw1,6,2,2,1,0.0,3,0.0,True,False,False,False,False,False,True,3,3,3,3,1,0,0,0,001:1,001:2,4,3,0,0.0,0,0,2,0,0,0,0.5,1,6,1,1,0.0,18.5,55.0,2,True,False
Evening,Set1,Draw1,6,27,2,1,0.0,3,0.0,True,False,False,False,False,False,False,2,4,2,4,0,0,0,0,223:1,322:2,4,3,0,0.0,0,0,2,0,0,0,0.0,1,5,1,1,0.0,17.0,52.0,2,True,False
Evening,Set1,Draw1,6,9,1,1,0.0,3,0.0,False,False,False,False,False,False,True,3,3,3,3,2,0,0,0,00144:1;0014:1,44001:1;4001:1,2,3,0,0.0,0,0,0,0,0,0,0.5,0,6,4,1,0.0,16.5,38.0,3,True,False
Evening,Set1,Draw1,6,7,2,2,0.0,3,0.0,False,False,False,False,False,False,True,3,3,3,3,4,0,0,0,0017:1;017:1;00157:1,1700:1;170:1;17005:1,4,3,1,0.0,0,0,0,0,0,0,0.5,0,6,1,1,0.0,16.5,26.0,2,True,False
Evening,Set1,Draw1,6,4,2,2,0.0,3,0.0,False,False,False,False,False,False,False,3,2,3,2,0,0,0,0,003:1;00355:1;0035:1,003:1;55003:1;5003:1,4,3,1,0.0,0,0,0,0,0,0,0.0,1,5,1,1,0.0,16.0,72.5,2,True,False
Evening,Set1,Draw1,6,14,1,1,0.0,3,0.0,False,False,False,False,False,False,False,3,2,3,2,0,0,0,0,00344:1;0034:1;003445:1,00344:1;0034:1;500344:1,2,3,0,0.0,0,0,0,0,0,0,0.0,0,5,4,1,0.0,15.0,46.5,3,True,False
Evening,Set1,Draw1,6,34,1,1,0.0,3,0.0,False,False,False,False,False,False,True,3,4,3,4,1,0,0,0,344:1,344:1,2,3,0,0.0,0,0,0,0,0,0,0.5,1,7,0,1,0.0,14.5,57.0,1,True,False
Evening,Set1,Draw1,6,10,2,2,0.0,2,0.0,False,False,False,False,False,False,True,2,2,2,2,2,0,0,0,225:1;2255:1,522:1;5522:1,4,2,1,0.0,0,0,0,0,0,0,0.5,1,3,1,1,0.0,13.5,52.5,2,True,False
Evening,Set1,Draw1,6,22,1,1,0.0,3,0.0,False,False,False,False,False,False,False,3,3,3,3,0,0,0,0,1447:1;147:1,4471:1;471:1,2,3,0,0.0,0,0,0,0,0,0,0.0,0,6,1,1,0.0,13.0,23.0,2,True,False
Evening,Set1,Draw1,6,21,2,1,0.0,3,0.0,False,False,False,False,False,False,False,3,1,3,1,0,0,0,0,123:1;1223:1;137:1,132:1;1322:1;137:1,4,3,0,0.0,0,0,0,0,0,0,0.0,0,4,1,1,0.0,13.0,18.5,2,True,False
Evening,Set1,Draw1,6,1,2,2,0.0,2,0.0,False,False,False,False,False,False,False,2,2,2,2,0,0,0,0,005:1;055:1;0055:1,500:1;550:1;5500:1,4,2,1,0.0,0,0,0,0,0,0,0.0,1,3,0,1,0.0,12.0,29.0,1,True,False
Evening,Set1,Draw1,6,11,2,2,0.0,2,0.0,False,False,False,False,False,False,False,2,1,2,1,0,0,0,0,0022355:1;00223557:1;002355:1,2255003:1;70055322:1;255003:1,4,2,1,0.0,0,0,0,0,0,0,0.0,0,2,1,1,0.0,11.0,37.0,2,True,False
Evening,Set1,Draw1,7,31,4,1,0.0,7,0.0,True,True,False,False,False,False,True,3,7,3,7,2,0,0,0,244:1;447:1,244:3;447:1,8,7,0,0.0,0,0,2,4,0,0,0.5,1,10,1,1,0.0,34.5,111.0,2,True,False
Evening,Set1,Draw1,7,3,4,2,0.0,7,0.0,True,False,False,False,False,False,True,3,7,3,7,8,0,0,0,007:1;0057:1;002255:1,700:2;7005:1;225500:1,8,7,1,0.0,0,0,2,0,0,0,0.5,1,10,0,1,0.0,30.5,94.5,1,True,False
Evening,Set1,Draw1,7,15,2,1,0.0,7,0.0,False,False,False,False,False,False,True,3,7,3,7,3,0,0,0,044:1;445:1;4455:1,440:1;445:1;4455:1,4,7,0,0.0,0,0,0,0,0,0,0.5,1,10,4,1,0.0,27.5,98.0,3,True,False
Evening,Set1,Draw1,7,12,2,2,0.0,7,0.0,False,False,False,False,False,False,True,3,7,3,7,14,0,0,0,00244:1;0244:1;002244:1,24400:1;2440:1;224400:1,4,7,1,0.0,0,0,0,0,0,0,0.5,0,10,1,1,0.0,24.5,93.0,2,True,False
Evening,Set1,Draw1,7,5,2,1,0.0,7,0.0,False,False,False,False,False,False,True,3,7,3,7,3,0,0,0,0044:1;004:1;455:1,4400:1;400:1;455:1,4,7,0,0.0,0,0,0,0,0,0,0.5,1,10,1,1,0.0,24.5,98.0,2,True,False
Evening,Set1,Draw1,7,28,3,1,0.0,4,0.0,True,True,False,False,False,False,False,2,4,2,4,0,0,0,0,224:1;2244:1,224:3;2244:3,6,4,0,0.0,0,0,2,4,0,0,0.0,1,5,1,1,0.0,24.0,57.5,2,True,False
Evening,Set1,Draw1,7,30,3,1,0.0,3,0.0,True,False,False,False,False,False,True,3,4,3,4,3,0,0,0,22344:1;2234:1;3447:1,32244:2;3224:2;3447:1,6,3,0,0.0,0,0,2,0,0,0,0.5,0,7,1,1,0.0,20.5,50.0,2,True,False
Evening,Set1,Draw1,7,2,2,1,0.0,3,0.0,True,False,False,False,False,False,True,3,3,3,3,2,0,0,0,001:1;0011:1,001:2;0011:2,4,3,0,0.0,0,0,2,0,0,0,0.5,1,6,1,1,0.0,18.5,55.0,2,True,False
Evening,Set1,Draw1,7,34,1,1,0.0,3,0.0,False,False,False,False,False,False,True,3,4,3,4,1,0,0,0,344:1,344:1,2,3,0,0.0,0,0,0,0,0,0,0.5,1,7,4,1,0.0,18.5,57.0,3,True,False
Evening,Set1,Draw1,7,27,2,1,0.0,3,0.0,True,False,False,False,False,False,False,2,4,2,4,0,0,0,0,223:1,322:2,4,3,0,0.0,0,0,2,0,0,0,0.0,1,5,1,1,0.0,17.0,52.0,2,True,False
Evening,Set1,Draw1,7,9,1,1,0.0,3,0.0,False,False,False,False,False,False,True,3,3,3,3,4,0,0,0,00144:1;0014:1;001144:1,44001:1;4001:1;440011:1,2,3,0,0.0,0,0,0,0,0,0,0.5,0,6,4,1,0.0,16.5,38.0,3,True,False
Evening,Set1,Draw1,7,7,2,2,0.0,3,0.0,False,False,False,False,False,False,True,3,3,3,3,8,0,0,0,0017:1;017:1;00157:1,1700:1;170:1;17005:1,4,3,1,0.0,0,0,0,0,0,0,0.5,0,6,1,1,0.0,16.5,26.0,2,True,False
Evening,Set1,Draw1,7,14,1,1,0.0,3,0.0,False,False,False,False,False,False,False,3,2,3,2,0,0,0,0,00344:1;0034:1;003445:1,00344:1;0034:1;500344:1,2,3,0,0.0,0,0,0,0,0,0,0.0,0,5,4,1,0.0,15.0,46.5,3,True,False
Evening,Set1,Draw1,7,4,2,2,0.0,3,0.0,False,False,False,False,False,False,False,3,2,3,2,0,0,0,0,003:1;00355:1;0035:1,003:1;55003:1;5003:1,4,3,1,0.0,0,0,0,0,0,0,0.0,1,5,0,1,0.0,15.0,72.5,1,True,False
Evening,Set1,Draw1,7,22,1,1,0.0,3,0.0,False,False,False,False,False,False,False,3,3,3,3,0,0,0,0,1447:1;147:1;11447:1,4471:1;471:1;44711:1,2,3,0,0.0,0,0,0,0,0,0,0.0,0,6,1,1,0.0,13.0,23.0,2,True,False
Evening,Set1,Draw1,7,21,2,1,0.0,3,0.0,False,False,False,False,False,False,False,3,1,3,1,0,0,0,0,123:1;1223:1;137:1,132:1;1322:1;137:1,4,3,0,0.0,0,0,0,0,0,0,0.0,0,4,1,1,0.0,13.0,18.5,2,True,False
Evening,Set1,Draw1,7,10,2,2,0.0,2,0.0,False,False,False,False,False,False,True,2,2,2,2,2,0,0,0,225:1;2255:1,522:1;5522:1,4,2,1,0.0,0,0,0,0,0,0,0.5,1,3,0,1,0.0,12.5,52.5,1,True,False
Evening,Set1,Draw1,7,1,2,2,0.0,2,0.0,False,False,False,False,False,False,False,2,2,2,2,0,0,0,0,005:1;055:1;0055:1,500:1;550:1;5500:1,4,2,1,0.0,0,0,0,0,0,0,0.0,1,3,0,1,0.0,12.0,29.0,1,True,False
Evening,Set1,Draw1,7,8,2,1,0.0,1,0.0,True,False,False,False,False,False,False,1,1,1,1,0,0,0,0,00113:1;0113:1,00113:2;0113:2,4,1,0,0.0,0,0,2,0,0,0,0.0,0,0,4,1,0.0,12.0,41.0,3,True,False
Evening,Set1,Draw1,7,18,2,1,0.0,1,0.0,True,False,False,False,False,False,False,1,1,1,1,0,0,0,0,113:1,113:2,4,1,0,0.0,0,0,2,0,0,0,0.0,1,0,4,0,0.0,12.0,31.0,3,False,False
Evening,Set1,Draw1,7,11,2,2,0.0,2,0.0,False,False,False,False,False,False,False,2,1,2,1,0,0,0,0,0022355:1;00223557:1;002355:1,2255003:1;70055322:1;255003:1,4,2,1,0.0,0,0,0,0,0,0,0.0,0,2,0,1,0.0,10.0,37.0,1,True,False
Evening,Set1,Draw1,7,6,2,1,0.0,1,0.0,True,False,False,False,False,False,False,1,1,1,1,0,0,0,0,011:1,011:2,4,1,0,0.0,0,0,2,0,0,0,0.0,1,0,1,0,0.0,9.0,22.0,2,False,False
Evening,Set1,Draw1,7,17,2,2,0.0,1,0.0,False,False,False,False,False,False,False,1,1,1,1,0,0,0,0,117:1,711:1,4,1,1,0.0,0,0,0,0,0,0,0.0,1,0,0,0,0.0,7.0,10.0,1,False,False
Evening,Set1,Draw2,1,31,4,1,0.0,6,1.0,True,True,False,False,False,True,True,3,7,3,7,4,0,4,0,244:1;2449:1;249:1,244:3;9244:3;924:3,8,6,0,0.0,0,1,2,4,0,1,0.5,1,10,0,0,0.0,33.5,111.0,1,False,False
Evening,Set1,Draw2,1,12,4,3,0.0,6,1.0,True,False,False,True,False,True,True,3,7,3,7,17,0,17,0,0024479:1;002449:1;00244:1,7009244:2;009244:2;09244:2,8,6,2,0.0,0,1,2,0,0,1,0.5,0,10,1,0,0.0,31.5,93.0,2,False,False
Evening,Set1,Draw2,1,5,4,2,0.0,6,1.0,True,False,False,False,False,True,True,3,7,3,7,4,0,4,0,0044:1;004:1;009:1,009:2;4400:1;400:1,8,6,1,0.0,0,1,2,0,0,1,0.5,1,10,0,0,0.0,30.5,98.0,1,False,False
Evening,Set1,Draw2,1,3,3,2,0.0,6,1.0,True,False,False,False,False,False,True,3,7,3,7,1,0,1,0,007:1,700:2,6,6,1,0.0,0,1,2,0,0,0,0.5,1,10,0,0,0.0,27.5,94.5,1,False,False
Evening,Set1,Draw2,1,15,2,2,0.0,6,1.0,False,False,False,False,False,True,True,3,7,3,7,2,0,2,0,044:1;00449:1,440:1;90044:1,4,6,1,0.0,0,1,0,0,0,1,0.5,1,10,0,0,0.0,24.5,98.0,1,False,False
Evening,Set1,Draw2,2,31,4,1,0.0,6,1.0,True,True,False,False,False,True,True,3,7,3,7,4,0,4,0,244:1;447:1;2449:1,244:3;9244:2;924:2,8,6,0,0.0,0,1,2,4,0,1,0.5,1,10,0,0,0.0,33.5,111.0,1,False,False
Evening,Set1,Draw2,2,12,4,2,0.0,6,1.0,True,False,False,False,False,True,True,3,7,3,7,12,0,12,0,00244:1;0244:1;0079:1,7009:2;24400:1;2440:1,8,6,1,0.0,0,1,2,0,0,1,0.5,0,10,1,0,0.0,30.5,93.0,2,False,False
Evening,Set1,Draw2,2,5,4,2,0.0,6,1.0,True,False,False,False,False,True,True,3,7,3,7,3,0,3,0,0044:1;004:1;009:1,009:2;4400:1;400:1,8,6,1,0.0,0,1,2,0,0,1,0.5,1,10,0,0,0.0,30.5,98.0,1,False,False
Evening,Set1,Draw2,2,3,2,1,0.0,6,1.0,True,False,False,False,False,True,True,3,7,3,7,1,0,1,0,007:1,700:2,4,6,0,0.0,0,1,2,0,0,1,0.5,1,10,0,0,0.0,25.5,94.5,1,False,False
Evening,Set1,Draw2,2,4,2,1,0.0,5,1.0,True,False,False,False,False,True,False,3,6,3,6,0,0,1,0,008:1,008:2,4,5,0,0.0,0,1,2,0,0,1,0.0,1,9,1,0,0.0,24.0,72.5,2,False,False
Evening,Set1,Draw2,2,15,1,1,0.0,6,1.0,False,False,False,False,False,True,True,3,7,3,7,1,0,1,0,044:1,440:1,2,6,0,0.0,0,1,0,0,0,1,0.5,1,10,0,0,0.0,21.5,98.0,1,False,False
Evening,Set1,Draw2,2,14,3,2,0.0,5,1.0,False,False,False,False,False,True,False,1,6,1,6,0,0,8,0,004489:1;00489:1;0089:1,900844:1;90084:1;9008:1,6,5,1,0.0,0,1,0,0,0,1,0.0,0,5,0,0,0.0,19.0,46.5,1,False,False
Evening,Set1,Draw2,2,30,2,1,0.0,3,1.0,False,False,False,False,False,True,True,1,6,1,6,6,0,6,0,24489:1;4478:1;2489:1,98244:1;8447:1;9824:1,4,3,0,0.0,0,1,0,0,0,1,0.5,0,5,0,0,0.0,14.5,50.0,1,False,False
Evening,Set1,Draw2,2,34,1,1,0.0,3,1.0,False,False,False,False,False,True,True,1,6,1,6,1,0,1,0,448:1,844:1,2,3,0,0.0,0,1,0,0,0,1,0.5,1,5,0,0,0.0,13.5,57.0,1,False,False
Evening,Set1,Draw2,2,11,2,2,0.0,3,1.0,False,False,False,False,False,False,False,1,5,1,5,0,0,2,0,0078:1;078:1,0087:1;087:1,4,3,1,0.0,0,1,0,0,0,0,0.0,0,4,0,0,0.0,13.0,37.0,1,False,False
Evening,Set1,Draw2,3,31,4,1,0.0,6,1.0,True,True,False,False,False,True,True,3,7,3,7,4,4,0,0,244:1;447:1;2449:1,244:3;9244:2;924:2,8,6,0,0.0,0,1,2,4,0,1,0.5,1,10,0,0,0.0,33.5,111.0,1,False,False
Evening,Set1,Draw2,3,5,4,2,0.0,6,1.0,True,False,False,False,False,True,True,3,7,3,7,3,3,0,0,0044:1;004:1;009:1,009:2;4400:1;400:1,8,6,1,0.0,0,1,2,0,0,1,0.5,1,10,1,0,0.0,31.5,98.0,2,False,False
Evening,Set1,Draw2,3,12,4,2,0.0,6,1.0,True,False,False,False,False,True,True,3,7,3,7,12,12,0,0,00244:1;0244:1;0079:1,7009:2;24400:1;2440:1,8,6,1,0.0,0,1,2,0,0,1,0.5,0,10,1,0,0.0,30.5,93.0,2,False,False
Evening,Set1,Draw2,3,3,2,1,0.0,6,1.0,True,False,False,False,False,True,True,3,7,3,7,1,1,0,0,007:1,700:2,4,6,0,0.0,0,1,2,0,0,1,0.5,1,10,1,0,0.0,26.5,94.5,2,False,False
Evening,Set1,Draw2,3,4,2,1,0.0,5,1.0,True,False,False,False,False,True,False,3,6,3,6,0,1,0,0,008:1,008:2,4,5,0,0.0,0,1,2,0,0,1,0.0,1,9,0,0,0.0,23.0,72.5,1,False,False
Evening,Set1,Draw2,3,15,1,1,0.0,6,1.0,False,False,False,False,False,True,True,3,7,3,7,1,1,0,0,044:1,440:1,2,6,0,0.0,0,1,0,0,0,1,0.5,1,10,0,0,0.0,21.5,98.0,1,False,False
Evening,Set1,Draw2,3,14,3,2,0.0,5,1.0,False,False,False,False,False,True,False,1,6,1,6,0,8,0,0,004489:1;00489:1;0089:1,900844:1;90084:1;9008:1,6,5,1,0.0,0,1,0,0,0,1,0.0,0,5,0,0,0.0,19.0,46.5,1,False,False
Evening,Set1,Draw2,3,30,2,1,0.0,3,1.0,False,False,False,False,False,True,True,1,6,1,6,6,6,0,0,24489:1;4478:1;2489:1,98244:1;8447:1;9824:1,4,3,0,0.0,0,1,0,0,0,1,0.5,0,5,0,0,0.0,14.5,50.0,1,False,False
Evening,Set1,Draw2,3,34,1,1,0.0,3,1.0,False,False,False,False,False,True,True,1,6,1,6,1,1,0,0,448:1,844:1,2,3,0,0.0,0,1,0,0,0,1,0.5,1,5,0,0,0.0,13.5,57.0,1,False,False
Evening,Set1,Draw2,3,11,2,2,0.0,3,1.0,False,False,False,False,False,False,False,1,5,1,5,0,2,0,0,0078:1;078:1,0087:1;087:1,4,3,1,0.0,0,1,0,0,0,0,0.0,0,4,0,0,0.0,13.0,37.0,1,False,False
Evening,Set1,Draw2,4,31,4,1,0.0,6,1.0,True,True,False,False,False,False,True,3,7,3,7,3,3,0,0,244:1;447:1;22449:1,244:3;92244:2;447:1,8,6,0,0.0,0,1,2,4,0,0,0.5,1,10,0,0,0.0,32.5,111.0,1,False,False
Evening,Set1,Draw2,4,5,4,2,0.0,6,1.0,True,False,False,False,False,False,True,3,7,3,7,3,3,0,0,0044:1;004:1;009:1,009:2;4400:1;400:1,8,6,1,0.0,0,1,2,0,0,0,0.5,1,10,1,0,0.0,30.5,98.0,2,False,False
Evening,Set1,Draw2,4,12,4,2,0.0,6,1.0,True,False,False,False,False,False,True,3,7,3,7,17,17,0,0,00244:1;0244:1;0079:1,7009:2;24400:1;2440:1,8,6,1,0.0,0,1,2,0,0,0,0.5,0,10,1,0,0.0,29.5,93.0,2,False,False
Evening,Set1,Draw2,4,3,2,1,0.0,6,1.0,True,False,False,False,False,False,True,3,7,3,7,1,1,0,0,007:1,700:2,4,6,0,0.0,0,1,2,0,0,0,0.5,1,10,1,0,0.0,25.5,94.5,2,False,False
Evening,Set1,Draw2,4,28,4,2,0.0,3,1.0,True,True,False,False,False,False,False,2,4,2,4,0,4,0,0,224:1;2244:1;229:1,224:3;2244:3;922:2,8,3,1,0.0,0,1,2,4,0,0,0.0,1,5,0,0,0.0,25.0,57.5,1,False,False
Evening,Set1,Draw2,4,4,2,1,0.0,5,1.0,True,False,False,False,False,False,False,3,6,3,6,0,1,0,0,008:1,008:2,4,5,0,0.0,0,1,2,0,0,0,0.0,1,9,0,0,0.0,22.0,72.5,1,False,False
Evening,Set1,Draw2,4,15,1,1,0.0,6,1.0,False,False,False,False,False,False,True,3,7,3,7,1,1,0,0,044:1,440:1,2,6,0,0.0,0,1,0,0,0,0,0.5,1,10,1,0,0.0,21.5,98.0,2,False,False
Evening,Set1,Draw2,4,14,3,2,0.0,5,1.0,False,False,False,False,False,False,False,1,6,1,6,0,8,0,0,0089:1;004489:1;00448:1,9008:1;900844:1;44008:1,6,5,1,0.0,0,1,0,0,0,0,0.0,0,5,1,0,0.0,19.0,46.5,2,False,False
Evening,Set1,Draw2,4,34,1,1,0.0,3,1.0,False,False,False,False,False,False,True,1,6,1,6,1,1,0,0,448:1,844:1,2,3,0,0.0,0,1,0,0,0,0,0.5,1,5,1,0,0.0,13.5,57.0,2,False,False
Evening,Set1,Draw2,4,30,2,1,0.0,3,1.0,False,False,False,False,False,False,True,1,6,1,6,7,7,0,0,4478:1;289:1;224489:1,8447:1;982:1;982244:1,4,3,0,0.0,0,1,0,0,0,0,0.5,0,5,0,0,0.0,13.5,50.0,1,False,False
Evening,Set1,Draw2,4,11,2,2,0.0,3,1.0,False,False,False,False,False,False,False,1,5,1,5,0,2,0,0,0078:1;078:1,0087:1;087:1,4,3,1,0.0,0,1,0,0,0,0,0.0,0,4,0,0,0.0,13.0,37.0,1,False,False
Evening,Set1,Draw2,4,27,1,1,0.0,1,1.0,False,False,False,False,False,False,False,1,1,1,1,0,1,0,0,228:1,822:1,2,1,0,0.0,0,1,0,0,0,0,0.0,1,0,0,0,0.0,5.0,52.0,1,False,False
Evening,Set1,Draw2,5,31,4,2,0.0,6,0.0,True,True,False,False,False,False,True,3,7,3,7,6,0,0,0,244:1;447:1;22449:1,244:3;447:1;92244:1,8,6,1,0.0,0,0,2,4,0,0,0.5,1,10,0,0,0.0,32.5,111.0,1,False,False
Evening,Set1,Draw2,5,5,3,2,0.0,6,0.0,False,False,False,False,False,False,True,3,7,3,7,4,0,0,0,0044:1;004:1;009:1,4400:1;400:1;900:1,6,6,1,0.0,0,0,0,0,0,0,0.5,1,10,4,0,0.0,28.5,98.0,3,False,False
Evening,Set1,Draw2,5,3,2,1,0.0,6,0.0,True,False,False,False,False,False,True,3,7,3,7,1,0,0,0,007:1,700:2,4,6,0,0.0,0,0,2,0,0,0,0.5,1,10,4,0,0.0,27.5,94.5,3,False,False
Evening,Set1,Draw2,5,12,3,1,0.0,6,0.0,False,False,False,False,False,False,True,3,7,3,7,14,0,0,0,00244:1;0244:1;002244:1,24400:1;2440:1;224400:1,6,6,0,0.0,0,0,0,0,0,0,0.5,0,10,4,0,0.0,26.5,93.0,3,False,False
Evening,Set1,Draw2,5,15,3,2,0.0,6,0.0,False,False,False,False,False,False,True,3,7,3,7,2,0,0,0,044:1;099:1,440:1;990:1,6,6,1,0.0,0,0,0,0,0,0,0.5,1,10,1,0,0.0,25.5,98.0,2,False,False
Evening,Set1,Draw2,5,28,4,2,0.0,3,0.0,True,True,False,False,False,False,False,2,4,2,4,0,0,0,0,224:1;2244:1;229:1,224:3;2244:3;922:1,8,3,1,0.0,0,0,2,4,0,0,0.0,1,5,0,0,0.0,24.0,57.5,1,False,False
Evening,Set1,Draw2,5,14,2,1,0.0,5,0.0,False,False,False,False,False,False,False,3,6,3,6,0,0,0,0,003448:1;0089:1;00348:1,008344:1;9008:1;00834:1,4,5,0,0.0,0,0,0,0,0,0,0.0,0,9,4,0,0.0,22.0,46.5,3,False,False
Evening,Set1,Draw2,5,30,3,1,0.0,2,0.0,True,False,False,False,False,False,True,3,4,3,4,22,0,0,0,22344:1;2234:1;34478:1,32244:2;3224:2;83447:1,6,2,0,0.0,0,0,2,0,0,0,0.5,0,7,4,0,0.0,21.5,50.0,3,False,False
Evening,Set1,Draw2,5,2,2,1,0.0,2,0.0,True,False,False,False,False,False,True,3,3,3,3,1,0,0,0,001:1,001:2,4,2,0,0.0,0,0,2,0,0,0,0.5,1,6,4,0,0.0,19.5,55.0,3,False,False
Evening,Set1,Draw2,5,34,3,1,0.0,2,0.0,False,False,False,False,False,False,True,3,4,3,4,3,0,0,0,344:1;399:1;899:1,344:1;993:1;998:1,6,2,0,0.0,0,0,0,0,0,0,0.5,1,7,1,0,0.0,17.5,57.0,2,False,False
Evening,Set1,Draw2,5,7,2,2,0.0,2,0.0,False,False,False,False,False,False,True,3,3,3,3,2,0,0,0,0017:1;017:1,1700:1;170:1,4,2,1,0.0,0,0,0,0,0,0,0.5,0,6,4,0,0.0,17.5,26.0,3,False,False
Evening,Set1,Draw2,5,4,1,1,0.0,5,0.0,False,False,False,False,False,False,False,3,6,3,6,0,0,0,0,008:1;0038:1,008:1;0083:1,2,5,0,0.0,0,0,0,0,0,0,0.0,1,9,0,0,0.0,17.0,72.5,1,False,False
Evening,Set1,Draw2,5,21,2,1,0.0,2,0.0,False,False,False,False,False,False,False,3,2,3,2,0,0,0,0,1378:1;178:1,1387:1;817:1,4,2,0,0.0,0,0,0,0,0,0,0.0,0,5,4,0,0.0,15.0,18.5,3,False,False
Evening,Set1,Draw2,5,27,2,1,0.0,2,0.0,True,False,False,False,False,False,False,2,4,2,4,0,0,0,0,223:1;2238:1,322:2;8322:1,4,2,0,0.0,0,0,2,0,0,0,0.0,1,5,0,0,0.0,14.0,52.0,1,False,False
Evening,Set1,Draw2,5,8,1,1,0.0,2,0.0,False,False,False,False,False,False,False,3,3,3,3,0,0,0,0,0013:1;00138:1;013:1,0013:1;00138:1;013:1,2,2,0,0.0,0,0,0,0,0,0,0.0,0,6,4,0,0.0,14.0,41.0,3,False,False
Evening,Set1,Draw2,5,22,1,1,0.0,2,0.0,False,False,False,False,False,False,False,3,3,3,3,0,0,0,0,1447:1;147:1,4471:1;471:1,2,2,0,0.0,0,0,0,0,0,0,0.0,0,6,4,0,0.0,14.0,23.0,3,False,False
Evening,Set1,Draw2,5,9,2,1,0.0,2,0.0,False,False,False,False,False,False,True,3,3,3,3,6,0,0,0,00144:1;0014:1;00199:1,44001:1;4001:1;00199:1,4,2,0,0.0,0,0,0,0,0,0,0.5,0,6,1,0,0.0,13.5,38.0,2,False,False
Evening,Set1,Draw2,5,33,2,1,0.0,2,0.0,False,False,False,False,False,False,False,3,3,3,3,0,0,0,0,3448:1;348:1;3899:1,8344:1;834:1;9983:1,4,2,0,0.0,0,0,0,0,0,0,0.0,0,6,1,0,0.0,13.0,43.5,2,False,False
Evening,Set1,Draw2,5,29,2,1,0.0,2,0.0,False,False,False,False,False,False,False,3,3,3,3,0,0,0,0,238:1;378:1,832:1;387:1,4,2,0,0.0,0,0,0,0,0,0,0.0,0,6,0,0,0.0,12.0,48.0,1,False,False
Evening,Set1,Draw2,5,13,1,1,0.0,2,0.0,False,False,False,False,False,False,False,3,3,3,3,0,0,0,0,038:1,083:1,2,2,0,0.0,0,0,0,0,0,0,0.0,0,6,0,0,0.0,10.0,57.0,1,False,False
Evening,Set1,Draw2,5,24,1,1,0.0,2,0.0,False,False,False,False,False,False,True,1,2,1,2,2,0,0,0,13899:1;1899:1,19983:1;1998:1,2,2,0,0.0,0,0,0,0,0,0,0.5,0,1,4,0,0.0,9.5,24.0,3,False,False
Evening,Set1,Draw2,5,23,1,1,0.0,2,0.0,False,False,False,False,False,False,False,3,1,3,1,0,0,0,0,138:1,138:1,2,2,0,0.0,0,0,0,0,0,0,0.0,0,4,1,0,0.0,9.0,33.5,2,False,False
Evening,Set1,Draw2,5,25,1,1,0.0,2,0.0,False,False,False,False,False,False,True,1,2,1,2,1,0,0,0,199:1,199:1,2,2,0,0.0,0,0,0,0,0,0,0.5,1,1,0,0,0.0,6.5,17.5,1,False,False
Evening,Set1,Draw2,6,5,4,2,0.0,6,0.0,True,True,False,False,False,False,True,3,7,3,7,13,0,0,0,0044:1;004:1;559:1,559:3;5599:3;4400:1,8,6,1,0.0,0,0,2,4,0,0,0.5,1,10,4,0,0.0,36.5,98.0,3,False,False
Evening,Set1,Draw2,6,15,4,1,0.0,6,0.0,True,True,False,False,False,False,True,3,7,3,7,5,0,0,0,044:1;599:1;445:1,599:3;440:1;445:1,8,6,0,0.0,0,0,2,4,0,0,0.5,1,10,1,0,0.0,32.5,98.0,2,False,False
Evening,Set1,Draw2,6,31,4,1,0.0,6,0.0,True,True,False,False,False,False,True,3,7,3,7,6,0,0,0,244:1;447:1;22449:1,244:3;447:1;92244:1,8,6,0,0.0,0,0,2,4,0,0,0.5,1,10,0,0,0.0,31.5,111.0,1,False,False
Evening,Set1,Draw2,6,3,3,1,0.0,6,0.0,True,False,False,False,False,False,True,3,7,3,7,4,0,0,0,007:1;0057:1;00557:1,700:2;7005:1;70055:1,6,6,0,0.0,0,0,2,0,0,0,0.5,1,10,4,0,0.0,29.5,94.5,3,False,False
Evening,Set1,Draw2,6,12,4,2,0.0,6,0.0,False,False,False,False,False,False,True,3,7,3,7,29,0,0,0,00244:1;0244:1;002244:1,24400:1;2440:1;224400:1,8,6,1,0.0,0,0,0,0,0,0,0.5,0,10,4,0,0.0,29.5,93.0,3,False,False
Evening,Set1,Draw2,6,28,3,1,0.0,3,0.0,True,True,False,False,False,False,False,2,4,2,4,0,0,0,0,224:1;2244:1;2249:1,224:3;2244:3;9224:1,6,3,0,0.0,0,0,2,4,0,0,0.0,1,5,1,0,0.0,22.0,57.5,2,False,False
Evening,Set1,Draw2,6,30,3,1,0.0,2,0.0,True,False,False,False,False,False,True,3,4,3,4,22,0,0,0,22344:1;2234:1;34478:1,32244:2;3224:2;83447:1,6,2,0,0.0,0,0,2,0,0,0,0.5,0,7,4,0,0.0,21.5,50.0,3,False,False
Evening,Set1,Draw2,6,2,2,1,0.0,2,0.0,True,False,False,False,False,False,True,3,3,3,3,1,0,0,0,001:1,001:2,4,2,0,0.0,0,0,2,0,0,0,0.5,1,6,4,0,0.0,19.5,55.0,3,False,False
Evening,Set1,Draw2,6,14,2,1,0.0,5,0.0,False,False,False,False,False,False,False,3,6,3,6,0,0,0,0,003448:1;0089:1;00348:1,008344:1;9008:1;00834:1,4,5,0,0.0,0,0,0,0,0,0,0.0,0,9,1,0,0.0,19.0,46.5,2,False,False
Evening,Set1,Draw2,6,4,1,1,0.0,5,0.0,False,False,False,False,False,False,False,3,6,3,6,0,0,0,0,008:1;0038:1,008:1;0083:1,2,5,0,0.0,0,0,0,0,0,0,0.0,1,9,1,0,0.0,18.0,72.5,2,False,False
Evening,Set1,Draw2,6,34,3,1,0.0,2,0.0,False,False,False,False,False,False,True,3,4,3,4,3,0,0,0,344:1;399:1;899:1,344:1;993:1;998:1,6,2,0,0.0,0,0,0,0,0,0,0.5,1,7,1,0,0.0,17.5,57.0,2,False,False
Evening,Set1,Draw2,6,7,2,2,0.0,2,0.0,False,False,False,False,False,False,True,3,3,3,3,4,0,0,0,0017:1;017:1;00157:1,1700:1;170:1;17005:1,4,2,1,0.0,0,0,0,0,0,0,0.5,0,6,4,0,0.0,17.5,26.0,3,False,False
Evening,Set1,Draw2,6,9,2,1,0.0,2,0.0,False,False,False,False,False,False,True,3,3,3,3,6,0,0,0,00144:1;0014:1;00199:1,44001:1;4001:1;00199:1,4,2,0,0.0,0,0,0,0,0,0,0.5,0,6,4,0,0.0,16.5,38.0,3,False,False
Evening,Set1,Draw2,6,33,2,1,0.0,2,0.0,False,False,False,False,False,False,False,3,3,3,3,0,0,0,0,3448:1;348:1;3899:1,8344:1;834:1;9983:1,4,2,0,0.0,0,0,0,0,0,0,0.0,0,6,4,0,0.0,16.0,43.5,3,False,False
Evening,Set1,Draw2,6,27,2,1,0.0,2,0.0,True,False,False,False,False,False,False,2,4,2,4,0,0,0,0,223:1;2238:1,322:2;8322:1,4,2,0,0.0,0,0,2,0,0,0,0.0,1,5,1,0,0.0,15.0,52.0,2,False,False
Evening,Set1,Draw2,6,21,2,1,0.0,2,0.0,False,False,False,False,False,False,False,3,2,3,2,0,0,0,0,1378:1;178:1,1387:1;817:1,4,2,0,0.0,0,0,0,0,0,0,0.0,0,5,4,0,0.0,15.0,18.5,3,False,False
Evening,Set1,Draw2,6,8,1,1,0.0,2,0.0,False,False,False,False,False,False,False,3,3,3,3,0,0,0,0,0013:1;00138:1;013:1,0013:1;00138:1;013:1,2,2,0,0.0,0,0,0,0,0,0,0.0,0,6,4,0,0.0,14.0,41.0,3,False,False
Evening,Set1,Draw2,6,22,1,1,0.0,2,0.0,False,False,False,False,False,False,False,3,3,3,3,0,0,0,0,1447:1;147:1,4471:1;471:1,2,2,0,0.0,0,0,0,0,0,0,0.0,0,6,4,0,0.0,14.0,23.0,3,False,False
Evening,Set1,Draw2,6,29,2,1,0.0,2,0.0,False,False,False,False,False,False,False,3,3,3,3,0,0,0,0,238:1;378:1,832:1;387:1,4,2,0,0.0,0,0,0,0,0,0,0.0,0,6,0,0,0.0,12.0,48.0,1,False,False
Evening,Set1,Draw2,6,23,1,1,0.0,2,0.0,False,False,False,False,False,False,False,3,1,3,1,0,0,0,0,138:1,138:1,2,2,0,0.0,0,0,0,0,0,0,0.0,0,4,4,0,0.0,12.0,33.5,3,False,False
Evening,Set1,Draw2,6,13,1,1,0.0,2,0.0,False,False,False,False,False,False,False,3,3,3,3,0,0,0,0,038:1,083:1,2,2,0,0.0,0,0,0,0,0,0,0.0,0,6,0,0,0.0,10.0,57.0,1,False,False
Evening,Set1,Draw2,6,24,1,1,0.0,2,0.0,False,False,False,False,False,False,True,1,2,1,2,2,0,0,0,13899:1;1899:1,19983:1;1998:1,2,2,0,0.0,0,0,0,0,0,0,0.5,0,1,4,0,0.0,9.5,24.0,3,False,False
Evening,Set1,Draw2,6,10,1,1,0.0,1,0.0,False,False,False,False,False,False,True,2,2,2,2,2,0,0,0,225:1;2255:1,225:1;2255:1,2,1,0,0.0,0,0,0,0,0,0,0.5,1,3,1,0,0.0,8.5,52.5,2,False,False
Evening,Set1,Draw2,6,1,1,1,0.0,1,0.0,False,False,False,False,False,False,False,2,2,2,2,0,0,0,0,005:1;0055:1;055:1,005:1;0055:1;055:1,2,1,0,0.0,0,0,0,0,0,0,0.0,1,3,1,0,0.0,8.0,29.0,2,False,False
Evening,Set1,Draw2,6,25,1,1,0.0,2,0.0,False,False,False,False,False,False,True,1,2,1,2,1,0,0,0,199:1,199:1,2,2,0,0.0,0,0,0,0,0,0,0.5,1,1,0,0,0.0,6.5,17.5,1,False,False
Evening,Set1,Draw3,1,31,4,1,0.0,5,1.0,True,True,False,False,False,True,True,3,7,3,7,4,0,4,0,244:1;2449:1;249:1,244:3;9244:3;924:3,8,5,0,0.0,0,1,2,4,0,1,0.5,1,10,0,0,0.0,32.5,111.0,1,False,False
Evening,Set1,Draw3,1,12,4,3,0.0,5,1.0,True,False,False,True,False,True,True,3,7,3,7,17,0,17,0,0024479:1;002449:1;00244:1,7009244:2;009244:2;09244:2,8,5,2,0.0,0,1,2,0,0,1,0.5,0,10,1,0,0.0,30.5,93.0,2,False,False
Evening,Set1,Draw3,1,5,4,2,0.0,5,1.0,True,False,False,False,False,True,True,3,7,3,7,4,0,4,0,0044:1;004:1;009:1,009:2;4400:1;400:1,8,5,1,0.0,0,1,2,0,0,1,0.5,1,10,1,0,0.0,30.5,98.0,2,False,False
Evening,Set1,Draw3,1,3,3,2,0.0,5,1.0,True,False,False,False,False,False,True,3,7,3,7,1,0,1,0,007:1,700:2,6,5,1,0.0,0,1,2,0,0,0,0.5,1,10,1,0,0.0,27.5,94.5,2,False,False
Evening,Set1,Draw3,1,15,2,2,0.0,5,1.0,False,False,False,False,False,True,True,3,7,3,7,2,0,2,0,044:1;00449:1,440:1;90044:1,4,5,1,0.0,0,1,0,0,0,1,0.5,1,10,0,0,0.0,23.5,98.0,1,False,False
Evening,Set1,Draw3,2,31,4,1,0.0,5,1.0,True,True,False,False,False,True,True,3,7,3,7,4,0,4,0,244:1;447:1;2449:1,244:3;9244:2;924:2,8,5,0,0.0,0,1,2,4,0,1,0.5,1,10,0,0,0.0,32.5,111.0,1,False,False
Evening,Set1,Draw3,2,5,4,2,0.0,5,1.0,True,False,False,False,False,True,True,3,7,3,7,3,0,3,0,0044:1;004:1;009:1,009:2;4400:1;400:1,8,5,1,0.0,0,1,2,0,0,1,0.5,1,10,1,0,0.0,30.5,98.0,2,False,False
Evening,Set1,Draw3,2,12,4,2,0.0,5,1.0,True,False,False,False,False,True,True,3,7,3,7,12,0,12,0,00244:1;0244:1;0079:1,7009:2;24400:1;2440:1,8,5,1,0.0,0,1,2,0,0,1,0.5,0,10,1,0,0.0,29.5,93.0,2,False,False
Evening,Set1,Draw3,2,3,2,1,0.0,5,1.0,True,False,False,False,False,True,True,3,7,3,7,1,0,1,0,007:1,700:2,4,5,0,0.0,0,1,2,0,0,1,0.5,1,10,1,0,0.0,25.5,94.5,2,False,False
Evening,Set1,Draw3,2,4,2,1,0.0,4,1.0,True,False,False,False,False,True,False,3,6,3,6,0,0,1,0,008:1,008:2,4,4,0,0.0,0,1,2,0,0,1,0.0,1,9,1,0,0.0,23.0,72.5,2,False,False
Evening,Set1,Draw3,2,15,1,1,0.0,5,1.0,False,False,False,False,False,True,True,3,7,3,7,1,0,1,0,044:1,440:1,2,5,0,0.0,0,1,0,0,0,1,0.5,1,10,0,0,0.0,20.5,98.0,1,False,False
Evening,Set1,Draw3,2,14,3,2,0.0,4,1.0,False,False,False,False,False,True,False,1,6,1,6,0,0,8,0,004489:1;00489:1;0089:1,900844:1;90084:1;9008:1,6,4,1,0.0,0,1,0,0,0,1,0.0,0,5,1,0,0.0,19.0,46.5,2,False,False
Evening,Set1,Draw3,2,11,2,2,0.0,3,1.0,False,False,False,False,False,False,False,1,5,1,5,0,0,2,0,0078:1;078:1,0087:1;087:1,4,3,1,0.0,0,1,0,0,0,0,0.0,0,4,4,0,0.0,17.0,37.0,3,False,False
Evening,Set1,Draw3,2,30,2,1,0.0,2,1.0,False,False,False,False,False,True,True,1,6,1,6,6,0,6,0,24489:1;2489:1;4478:1,98244:1;9824:1;8447:1,4,2,0,0.0,0,1,0,0,0,1,0.5,0,5,1,0,0.0,14.5,50.0,2,False,False
Evening,Set1,Draw3,2,34,1,1,0.0,2,1.0,False,False,False,False,False,True,True,1,6,1,6,1,0,1,0,448:1,844:1,2,2,0,0.0,0,1,0,0,0,1,0.5,1,5,0,0,0.0,12.5,57.0,1,False,False
Evening,Set1,Draw3,3,31,4,1,0.0,5,1.0,True,True,False,False,False,True,True,3,7,3,7,4,4,0,0,244:1;447:1;2449:1,244:3;9244:2;924:2,8,5,0,0.0,0,1,2,4,0,1,0.5,1,10,0,0,0.0,32.5,111.0,1,False,False
Evening,Set1,Draw3,3,5,4,2,0.0,5,1.0,True,False,False,False,False,True,True,3,7,3,7,3,3,0,0,0044:1;004:1;009:1,009:2;4400:1;400:1,8,5,1,0.0,0,1,2,0,0,1,0.5,1,10,1,0,0.0,30.5,98.0,2,False,False
Evening,Set1,Draw3,3,12,4,2,0.0,5,1.0,True,False,False,False,False,True,True,3,7,3,7,12,12,0,0,00244:1;0244:1;0079:1,7009:2;24400:1;2440:1,8,5,1,0.0,0,1,2,0,0,1,0.5,0,10,1,0,0.0,29.5,93.0,2,False,False
Evening,Set1,Draw3,3,3,2,1,0.0,5,1.0,True,False,False,False,False,True,True,3,7,3,7,1,1,0,0,007:1,700:2,4,5,0,0.0,0,1,2,0,0,1,0.5,1,10,1,0,0.0,25.5,94.5,2,False,False
Evening,Set1,Draw3,3,4,2,1,0.0,4,1.0,True,False,False,False,False,True,False,3,6,3,6,0,1,0,0,008:1,008:2,4,4,0,0.0,0,1,2,0,0,1,0.0,1,9,1,0,0.0,23.0,72.5,2,False,False
Evening,Set1,Draw3,3,15,1,1,0.0,5,1.0,False,False,False,False,False,True,True,3,7,3,7,1,1,0,0,044:1,440:1,2,5,0,0.0,0,1,0,0,0,1,0.5,1,10,0,0,0.0,20.5,98.0,1,False,False
Evening,Set1,Draw3,3,14,3,2,0.0,4,1.0,False,False,False,False,False,True,False,1,6,1,6,0,8,0,0,004489:1;00489:1;0089:1,900844:1;90084:1;9008:1,6,4,1,0.0,0,1,0,0,0,1,0.0,0,5,1,0,0.0,19.0,46.5,2,False,False
Evening,Set1,Draw3,3,11,2,2,0.0,3,1.0,False,False,False,False,False,False,False,1,5,1,5,0,2,0,0,0078:1;078:1,0087:1;087:1,4,3,1,0.0,0,1,0,0,0,0,0.0,0,4,4,0,0.0,17.0,37.0,3,False,False
Evening,Set1,Draw3,3,30,2,1,0.0,2,1.0,False,False,False,False,False,True,True,1,6,1,6,6,6,0,0,24489:1;2489:1;4478:1,98244:1;9824:1;8447:1,4,2,0,0.0,0,1,0,0,0,1,0.5,0,5,1,0,0.0,14.5,50.0,2,False,False
Evening,Set1,Draw3,3,34,1,1,0.0,2,1.0,False,False,False,False,False,True,True,1,6,1,6,1,1,0,0,448:1,844:1,2,2,0,0.0,0,1,0,0,0,1,0.5,1,5,0,0,0.0,12.5,57.0,1,False,False
Evening,Set1,Draw3,4,31,4,1,0.0,5,0.0,True,True,False,False,False,False,True,3,7,3,7,3,0,0,0,244:1;447:1;22449:1,244:3;447:1;92244:1,8,5,0,0.0,0,0,2,4,0,0,0.5,1,10,1,0,0.0,31.5,111.0,2,False,False
Evening,Set1,Draw3,4,12,4,1,0.0,5,0.0,True,False,False,False,False,False,True,3,7,3,7,11,0,0,0,00244:1;0244:1;0079:1,7009:2;24400:1;2440:1,8,5,0,0.0,0,0,2,0,0,0,0.5,0,10,4,0,0.0,29.5,93.0,3,False,False
Evening,Set1,Draw3,4,5,4,2,0.0,5,0.0,True,False,False,False,False,False,True,3,7,3,7,3,0,0,0,0044:1;004:1;009:1,009:2;4400:1;400:1,8,5,1,0.0,0,0,2,0,0,0,0.5,1,10,1,0,0.0,28.5,98.0,2,False,False
Evening,Set1,Draw3,4,14,4,2,0.0,4,0.0,False,False,False,False,False,False,False,3,6,3,6,0,0,0,0,003448:1;00348:1;0089:1,440038:1;40038:1;9008:1,8,4,1,0.0,0,0,0,0,0,0,0.0,0,9,4,0,0.0,26.0,46.5,3,False,False
Evening,Set1,Draw3,4,28,4,2,0.0,2,0.0,True,True,False,False,False,False,False,2,4,2,4,0,0,0,0,224:1;2244:1;229:1,224:3;2244:3;922:1,8,2,1,0.0,0,0,2,4,0,0,0.0,1,5,1,0,0.0,24.0,57.5,2,False,False
Evening,Set1,Draw3,4,3,2,1,0.0,5,0.0,True,False,False,False,False,False,True,3,7,3,7,1,0,0,0,007:1,700:2,4,5,0,0.0,0,0,2,0,0,0,0.5,1,10,1,0,0.0,23.5,94.5,2,False,False
Evening,Set1,Draw3,4,30,3,1,0.0,2,0.0,True,False,False,False,False,False,True,3,4,3,4,14,0,0,0,22344:1;2234:1;34478:1,32244:2;3224:2;83447:1,6,2,0,0.0,0,0,2,0,0,0,0.5,0,7,4,0,0.0,21.5,50.0,3,False,False
Evening,Set1,Draw3,4,4,2,2,0.0,4,0.0,False,False,False,False,False,False,False,3,6,3,6,0,0,0,0,008:1;0038:1;003:1,008:1;0038:1;003:1,4,4,1,0.0,0,0,0,0,0,0,0.0,1,9,1,0,0.0,20.0,72.5,2,False,False
Evening,Set1,Draw3,4,15,1,1,0.0,5,0.0,False,False,False,False,False,False,True,3,7,3,7,1,0,0,0,044:1,440:1,2,5,0,0.0,0,0,0,0,0,0,0.5,1,10,0,0,0.0,18.5,98.0,1,False,False
Evening,Set1,Draw3,4,27,2,1,0.0,2,0.0,True,False,False,False,False,False,False,2,4,2,4,0,0,0,0,223:1;2238:1,322:2;8322:1,4,2,0,0.0,0,0,2,0,0,0,0.0,1,5,1,0,0.0,15.0,52.0,2,False,False
Evening,Set1,Draw3,4,13,2,2,0.0,2,0.0,False,False,False,False,False,False,False,3,3,3,3,0,0,0,0,038:1,038:1,4,2,1,0.0,0,0,0,0,0,0,0.0,0,6,0,0,0.0,13.0,57.0,1,False,False
Evening,Set1,Draw3,4,34,1,1,0.0,2,0.0,False,False,False,False,False,False,True,3,4,3,4,1,0,0,0,344:1,344:1,2,2,0,0.0,0,0,0,0,0,0,0.5,1,7,0,0,0.0,12.5,57.0,1,False,False
Evening,Set1,Draw3,4,33,2,1,0.0,2,0.0,False,False,False,False,False,False,False,3,3,3,3,0,0,0,0,3448:1;348:1;389:1,8344:1;834:1;983:1,4,2,0,0.0,0,0,0,0,0,0,0.0,0,6,0,0,0.0,12.0,43.5,1,False,False
Evening,Set1,Draw3,4,29,2,1,0.0,2,0.0,False,False,False,False,False,False,False,3,3,3,3,0,0,0,0,378:1;238:1,387:1;832:1,4,2,0,0.0,0,0,0,0,0,0,0.0,0,6,0,0,0.0,12.0,48.0,1,False,False
Evening,Set1,Draw3,4,11,2,1,0.0,3,0.0,False,False,False,False,False,False,False,1,5,1,5,0,0,0,0,0078:1;078:1;00378:1,8700:1;870:1;00387:1,4,3,0,0.0,0,0,0,0,0,0,0.0,0,4,1,0,0.0,12.0,37.0,2,False,False
Evening,Set1,Draw3,5,31,4,2,0.0,5,0.0,True,True,False,False,False,False,True,3,7,3,7,6,0,0,0,244:1;447:1;22449:1,244:3;447:1;92244:1,8,5,1,0.0,0,0,2,4,0,0,0.5,1,10,1,0,0.0,32.5,111.0,2,False,False
Evening,Set1,Draw3,5,5,3,2,0.0,5,0.0,False,False,False,False,False,False,True,3,7,3,7,4,0,0,0,0044:1;004:1;009:1,4400:1;400:1;900:1,6,5,1,0.0,0,0,0,0,0,0,0.5,1,10,4,0,0.0,27.5,98.0,3,False,False
Evening,Set1,Draw3,5,28,4,2,0.0,2,0.0,True,True,False,False,False,False,False,2,4,2,4,0,0,0,0,224:1;2244:1;229:1,224:3;2244:3;922:1,8,2,1,0.0,0,0,2,4,0,0,0.0,1,5,4,0,0.0,27.0,57.5,3,False,False
Evening,Set1,Draw3,5,3,2,1,0.0,5,0.0,True,False,False,False,False,False,True,3,7,3,7,1,0,0,0,007:1,700:2,4,5,0,0.0,0,0,2,0,0,0,0.5,1,10,4,0,0.0,26.5,94.5,3,False,False
Evening,Set1,Draw3,5,12,3,1,0.0,5,0.0,False,False,False,False,False,False,True,3,7,3,7,14,0,0,0,00244:1;0244:1;002244:1,24400:1;2440:1;224400:1,6,5,0,0.0,0,0,0,0,0,0,0.5,0,10,4,0,0.0,25.5,93.0,3,False,False
Evening,Set1,Draw3,5,15,3,2,0.0,5,0.0,False,False,False,False,False,False,True,3,7,3,7,2,0,0,0,044:1;099:1,440:1;990:1,6,5,1,0.0,0,0,0,0,0,0,0.5,1,10,0,0,0.0,23.5,98.0,1,False,False
Evening,Set1,Draw3,5,30,3,1,0.0,2,0.0,True,False,False,False,False,False,True,3,4,3,4,24,0,0,0,22344:1;2234:1;3447:1,32244:2;3224:2;332244:2,6,2,0,0.0,0,0,2,0,0,0,0.5,0,7,4,0,0.0,21.5,50.0,3,False,False
Evening,Set1,Draw3,5,2,2,1,0.0,1,0.0,True,False,False,False,False,False,True,3,3,3,3,1,0,0,0,001:1,001:2,4,1,0,0.0,0,0,2,0,0,0,0.5,1,6,4,0,0.0,18.5,55.0,3,False,False
Evening,Set1,Draw3,5,4,1,1,0.0,4,0.0,False,False,False,False,False,False,False,3,6,3,6,0,0,0,0,008:1;0038:1,008:1;0083:1,2,4,0,0.0,0,0,0,0,0,0,0.0,1,9,1,0,0.0,17.0,72.5,2,False,False
Evening,Set1,Draw3,5,14,2,1,0.0,4,0.0,False,False,False,False,False,False,False,1,6,1,6,0,0,0,0,0089:1;00334899:1;00334489:1,9008:1;99008334:1;90083344:1,4,4,0,0.0,0,0,0,0,0,0,0.0,0,5,4,0,0.0,17.0,46.5,3,False,False
Evening,Set1,Draw3,5,29,3,1,0.0,2,0.0,True,False,False,False,False,False,False,3,2,3,2,0,0,0,0,378:1;233:1;22338:1,332:2;387:1;83322:1,6,2,0,0.0,0,0,2,0,0,0,0.0,1,5,1,0,0.0,17.0,48.0,2,False,False
Evening,Set1,Draw3,5,34,3,1,0.0,2,0.0,False,False,False,False,False,False,True,3,4,3,4,3,0,0,0,344:1;399:1;899:1,344:1;993:1;998:1,6,2,0,0.0,0,0,0,0,0,0,0.5,1,7,0,0,0.0,16.5,57.0,1,False,False
Evening,Set1,Draw3,5,7,2,2,0.0,1,0.0,False,False,False,False,False,False,True,3,3,3,3,2,0,0,0,0017:1;017:1,1700:1;170:1,4,1,1,0.0,0,0,0,0,0,0,0.5,0,6,4,0,0.0,16.5,26.0,3,False,False
Evening,Set1,Draw3,5,33,3,1,0.0,2,0.0,False,False,False,False,False,False,False,2,2,2,2,0,0,0,0,33448:1;3348:1;334:1,83344:1;8334:1;334:1,6,2,0,0.0,0,0,0,0,0,0,0.0,1,3,4,0,0.0,16.0,43.5,3,False,False
Evening,Set1,Draw3,5,27,2,1,0.0,2,0.0,True,False,False,False,False,False,False,2,4,2,4,0,0,0,0,223:1;2233:1,322:2;3322:2,4,2,0,0.0,0,0,2,0,0,0,0.0,1,5,1,0,0.0,15.0,52.0,2,False,False
Evening,Set1,Draw3,5,21,2,1,0.0,1,0.0,False,False,False,False,False,False,False,3,2,3,2,0,0,0,0,178:1;13378:1,817:1;13387:1,4,1,0,0.0,0,0,0,0,0,0,0.0,0,5,4,0,0.0,14.0,18.5,3,False,False
Evening,Set1,Draw3,5,32,3,2,0.0,1,0.0,True,False,False,False,False,False,False,2,1,2,1,0,0,0,0,338:1,833:2,6,1,1,0.0,0,0,2,0,0,0,0.0,1,2,0,0,0.0,13.0,27.5,1,False,False
Evening,Set1,Draw3,5,8,1,1,0.0,1,0.0,False,False,False,False,False,False,False,3,3,3,3,0,0,0,0,0013:1;001338:1;013:1,0013:1;001338:1;013:1,2,1,0,0.0,0,0,0,0,0,0,0.0,0,6,4,0,0.0,13.0,41.0,3,False,False
Evening,Set1,Draw3,5,22,1,1,0.0,1,0.0,False,False,False,False,False,False,False,3,3,3,3,0,0,0,0,1447:1;147:1,4471:1;471:1,2,1,0,0.0,0,0,0,0,0,0,0.0,0,6,4,0,0.0,13.0,23.0,3,False,False
Evening,Set1,Draw3,5,9,2,1,0.0,1,0.0,False,False,False,False,False,False,True,3,3,3,3,6,0,0,0,00144:1;0014:1;00199:1,44001:1;4001:1;00199:1,4,1,0,0.0,0,0,0,0,0,0,0.5,0,6,1,0,0.0,12.5,38.0,2,False,False
Evening,Set1,Draw3,5,13,1,1,0.0,2,0.0,False,False,False,False,False,False,False,3,3,3,3,0,0,0,0,038:1;00338:1;0338:1,083:1;00833:1;0833:1,2,2,0,0.0,0,0,0,0,0,0,0.0,0,6,1,0,0.0,11.0,57.0,2,False,False
Evening,Set1,Draw3,5,23,1,1,0.0,1,0.0,False,False,False,False,False,False,False,2,1,2,1,0,0,0,0,1338:1;133:1,1338:1;133:1,2,1,0,0.0,0,0,0,0,0,0,0.0,1,2,4,0,0.0,10.0,33.5,3,False,False
Evening,Set1,Draw3,5,24,1,1,0.0,1,0.0,False,False,False,False,False,False,True,1,2,1,2,3,0,0,0,13899:1;133899:1;1899:1,19983:1;199833:1;1998:1,2,1,0,0.0,0,0,0,0,0,0,0.5,0,1,4,0,0.0,8.5,24.0,3,False,False
Evening,Set1,Draw3,5,25,1,1,0.0,1,0.0,False,False,False,False,False,False,True,1,2,1,2,1,0,0,0,199:1,199:1,2,1,0,0.0,0,0,0,0,0,0,0.5,1,1,0,0,0.0,5.5,17.5,1,False,False
Evening,Set1,Draw4,1,31,4,1,0.0,4,1.0,True,True,False,True,False,True,True,3,7,3,7,5,0,5,0,244:1;447:1;2449:1,244:3;9244:2;924:2,8,4,0,0.0,0,1,2,4,0,1,0.5,1,10,0,0,0.0,31.5,111.0,1,False,False
Evening,Set1,Draw4,1,12,4,2,0.0,4,1.0,True,False,False,False,False,True,True,3,7,3,7,16,0,16,0,00244:1;0244:1;0079:1,7009:2;77009:2;24400:1,8,4,1,0.0,0,1,2,0,0,1,0.5,0,10,4,0,0.0,31.5,93.0,3,False,False
Evening,Set1,Draw4,1,5,4,2,0.0,4,1.0,True,False,False,True,False,True,True,3,7,3,7,3,0,3,0,009:1;0044:1;004:1,009:2;4400:1;400:1,8,4,1,0.0,0,1,2,0,0,1,0.5,1,10,1,0,0.0,29.5,98.0,2,False,False
Evening,Set1,Draw4,1,3,2,1,0.0,4,1.0,True,False,False,False,False,True,True,3,7,3,7,2,0,2,0,007:1;0077:1,700:2;7700:2,4,4,0,0.0,0,1,2,0,0,1,0.5,1,10,1,0,0.0,24.5,94.5,2,False,False
Evening,Set1,Draw4,1,4,2,1,0.0,4,1.0,True,False,False,False,False,True,False,3,6,3,6,0,0,1,0,008:1,008:2,4,4,0,0.0,0,1,2,0,0,1,0.0,1,9,0,0,0.0,22.0,72.5,1,False,False
Evening,Set1,Draw4,1,15,1,1,0.0,4,1.0,False,False,False,False,False,True,True,3,7,3,7,1,0,1,0,044:1,440:1,2,4,0,0.0,0,1,0,0,0,1,0.5,1,10,0,0,0.0,19.5,98.0,1,False,False
Evening,Set1,Draw4,1,10,2,1,0.0,4,1.0,True,False,False,False,False,True,True,2,4,2,4,1,0,1,0,077:1,770:2,4,4,0,0.0,0,1,2,0,0,1,0.5,1,5,1,0,0.0,19.5,52.5,2,False,False
Evening,Set1,Draw4,1,27,2,1,0.0,4,1.0,True,False,False,False,False,True,False,2,4,2,4,0,0,1,0,778:1,877:2,4,4,0,0.0,0,1,2,0,0,1,0.0,1,5,1,0,0.0,19.0,52.0,2,False,False
Evening,Set1,Draw4,1,14,3,2,0.0,4,1.0,False,False,False,False,False,True,False,1,6,1,6,0,0,8,0,004489:1;00448:1;0089:1,900844:1;44008:1;9008:1,6,4,1,0.0,0,1,0,0,0,1,0.0,0,5,1,0,0.0,19.0,46.5,2,False,False
Evening,Set1,Draw4,1,11,2,2,0.0,4,1.0,False,False,False,False,False,True,False,1,5,1,5,0,0,4,0,00778:1;0078:1;0778:1,00877:1;0087:1;0877:1,4,4,1,0.0,0,1,0,0,0,1,0.0,0,4,1,0,0.0,16.0,37.0,2,False,False
Evening,Set1,Draw4,1,30,2,1,0.0,3,1.0,False,False,False,False,False,True,True,1,6,1,6,7,0,7,0,4478:1;24489:1;2448:1,8447:1;98244:1;8244:1,4,3,0,0.0,0,1,0,0,0,1,0.5,0,5,1,0,0.0,15.5,50.0,2,False,False
Evening,Set1,Draw4,1,28,1,1,0.0,4,1.0,False,False,False,False,False,True,False,2,4,2,4,0,0,1,0,477:1,477:1,2,4,0,0.0,0,1,0,0,0,1,0.0,1,5,1,0,0.0,15.0,57.5,2,False,False
Evening,Set1,Draw4,1,34,1,1,0.0,3,1.0,False,False,False,False,False,True,True,1,6,1,6,1,0,1,0,448:1,844:1,2,3,0,0.0,0,1,0,0,0,1,0.5,1,5,0,0,0.0,13.5,57.0,1,False,False
Evening,Set1,Draw4,2,31,4,1,0.0,4,1.0,True,True,False,False,False,True,True,3,7,3,7,5,0,5,0,244:1;447:1;2449:1,244:3;9244:2;924:2,8,4,0,0.0,0,1,2,4,0,1,0.5,1,10,0,0,0.0,31.5,111.0,1,False,False
Evening,Set1,Draw4,2,12,4,2,0.0,4,1.0,True,False,False,False,False,True,True,3,7,3,7,16,0,16,0,00244:1;0244:1;0079:1,7009:2;77009:2;24400:1,8,4,1,0.0,0,1,2,0,0,1,0.5,0,10,4,0,0.0,31.5,93.0,3,False,False
Evening,Set1,Draw4,2,5,4,2,0.0,4,1.0,True,False,False,False,False,True,True,3,7,3,7,3,0,3,0,0044:1;004:1;009:1,009:2;4400:1;400:1,8,4,1,0.0,0,1,2,0,0,1,0.5,1,10,1,0,0.0,29.5,98.0,2,False,False
Evening,Set1,Draw4,2,3,2,1,0.0,4,1.0,True,False,False,False,False,True,True,3,7,3,7,2,0,2,0,007:1;0077:1,700:2;7700:2,4,4,0,0.0,0,1,2,0,0,1,0.5,1,10,1,0,0.0,24.5,94.5,2,False,False
Evening,Set1,Draw4,2,4,2,1,0.0,4,1.0,True,False,False,False,False,True,False,3,6,3,6,0,0,2,0,008:1;0088:1,008:2;0088:2,4,4,0,0.0,0,1,2,0,0,1,0.0,1,9,1,0,0.0,23.0,72.5,2,False,False
Evening,Set1,Draw4,2,14,3,2,0.0,4,1.0,False,False,False,False,False,True,False,1,6,1,6,0,0,12,0,00448:1;0048:1;0089:1,44008:1;4008:1;9008:1,6,4,1,0.0,0,1,0,0,0,1,0.0,0,5,4,0,0.0,22.0,46.5,3,False,False
Evening,Set1,Draw4,2,29,3,1,0.0,3,1.0,True,False,False,False,False,True,False,1,3,1,3,0,0,2,0,788:1;288:1,887:2;882:1,6,3,0,0.0,0,1,2,0,0,1,0.0,1,2,4,0,0.0,20.0,48.0,3,False,False
Evening,Set1,Draw4,2,15,1,1,0.0,4,1.0,False,False,False,False,False,True,True,3,7,3,7,1,0,1,0,044:1,440:1,2,4,0,0.0,0,1,0,0,0,1,0.5,1,10,0,0,0.0,19.5,98.0,1,False,False
Evening,Set1,Draw4,2,10,2,1,0.0,4,1.0,True,False,False,False,False,True,True,2,4,2,4,1,0,1,0,077:1,770:2,4,4,0,0.0,0,1,2,0,0,1,0.5,1,5,1,0,0.0,19.5,52.5,2,False,False
Evening,Set1,Draw4,2,27,2,1,0.0,4,1.0,True,False,False,False,False,True,False,2,4,2,4,0,0,2,0,778:1;7788:1,877:2;8877:2,4,4,0,0.0,0,1,2,0,0,1,0.0,1,5,1,0,0.0,19.0,52.0,2,False,False
Evening,Set1,Draw4,2,30,2,1,0.0,3,1.0,False,False,False,False,False,True,True,1,6,1,6,11,0,11,0,4478:1;2448:1;44778:1,8447:1;8244:1;84477:1,4,3,0,0.0,0,1,0,0,0,1,0.5,0,5,4,0,0.0,18.5,50.0,3,False,False
Evening,Set1,Draw4,2,13,2,1,0.0,3,1.0,True,False,False,False,False,True,False,1,3,1,3,0,0,1,0,088:1,088:2,4,3,0,0.0,0,1,2,0,0,1,0.0,1,2,4,0,0.0,18.0,57.0,3,False,False
Evening,Set1,Draw4,2,11,2,2,0.0,4,1.0,False,False,False,False,False,True,False,1,3,1,3,0,0,6,0,00778:1;007788:1;0778:1,87700:1;008877:1;8770:1,4,4,1,0.0,0,1,0,0,0,1,0.0,0,2,4,0,0.0,17.0,37.0,3,False,False
Evening,Set1,Draw4,2,33,2,1,0.0,3,1.0,False,False,False,False,False,True,False,1,3,1,3,0,0,2,0,889:1;488:1,988:1;884:1,4,3,0,0.0,0,1,0,0,0,1,0.0,1,2,4,0,0.0,16.0,43.5,3,False,False
Evening,Set1,Draw4,2,28,1,1,0.0,4,1.0,False,False,False,False,False,True,False,2,4,2,4,0,0,1,0,477:1,477:1,2,4,0,0.0,0,1,0,0,0,1,0.0,1,5,1,0,0.0,15.0,57.5,2,False,False
Evening,Set1,Draw4,2,34,1,1,0.0,3,1.0,False,False,False,False,False,True,True,1,6,1,6,2,0,2,0,448:1;4488:1,844:1;8844:1,2,3,0,0.0,0,1,0,0,0,1,0.5,1,5,0,0,0.0,13.5,57.0,1,False,False
Evening,Set1,Draw4,3,31,4,1,0.0,4,0.0,True,True,False,False,False,True,True,3,7,3,7,5,0,0,0,244:1;447:1;2449:1,244:3;9244:2;924:2,8,4,0,0.0,0,0,2,4,0,1,0.5,1,10,1,0,0.0,31.5,111.0,2,False,False
Evening,Set1,Draw4,3,12,4,2,0.0,4,0.0,True,False,False,False,False,True,True,3,7,3,7,16,0,0,0,00244:1;0244:1;0079:1,7009:2;77009:2;24400:1,8,4,1,0.0,0,0,2,0,0,1,0.5,0,10,4,0,0.0,30.5,93.0,3,False,False
Evening,Set1,Draw4,3,5,4,2,0.0,4,0.0,True,False,False,False,False,True,True,3,7,3,7,3,0,0,0,0044:1;004:1;009:1,009:2;4400:1;400:1,8,4,1,0.0,0,0,2,0,0,1,0.5,1,10,1,0,0.0,28.5,98.0,2,False,False
Evening,Set1,Draw4,3,3,2,1,0.0,4,0.0,True,False,False,False,False,True,True,3,7,3,7,2,0,0,0,007:1;0077:1,700:2;7700:2,4,4,0,0.0,0,0,2,0,0,1,0.5,1,10,1,0,0.0,23.5,94.5,2,False,False
Evening,Set1,Draw4,3,4,2,1,0.0,4,0.0,True,False,False,False,False,True,False,3,6,3,6,0,0,0,0,008:1;0088:1,008:2;0088:2,4,4,0,0.0,0,0,2,0,0,1,0.0,1,9,1,0,0.0,22.0,72.5,2,False,False
Evening,Set1,Draw4,3,10,2,1,0.0,4,0.0,True,False,False,False,False,True,True,2,4,2,4,1,0,0,0,077:1,770:2,4,4,0,0.0,0,0,2,0,0,1,0.5,1,5,4,0,0.0,21.5,52.5,3,False,False
Evening,Set1,Draw4,3,27,2,1,0.0,4,0.0,True,False,False,False,False,True,False,2,4,2,4,0,0,0,0,778:1;7788:1,877:2;8877:2,4,4,0,0.0,0,0,2,0,0,1,0.0,1,5,4,0,0.0,21.0,52.0,3,False,False
Evening,Set1,Draw4,3,14,3,2,0.0,4,0.0,False,False,False,False,False,True,False,1,6,1,6,0,0,0,0,00448:1;0048:1;0089:1,44008:1;4008:1;9008:1,6,4,1,0.0,0,0,0,0,0,1,0.0,0,5,4,0,0.0,21.0,46.5,3,False,False
Evening,Set1,Draw4,3,29,3,1,0.0,3,0.0,True,False,False,False,False,True,False,1,3,1,3,0,0,0,0,788:1;288:1,887:2;882:1,6,3,0,0.0,0,0,2,0,0,1,0.0,1,2,4,0,0.0,19.0,48.0,3,False,False
Evening,Set1,Draw4,3,15,1,1,0.0,4,0.0,False,False,False,False,False,True,True,3,7,3,7,1,0,0,0,044:1,440:1,2,4,0,0.0,0,0,0,0,0,1,0.5,1,10,0,0,0.0,18.5,98.0,1,False,False
Evening,Set1,Draw4,3,30,2,1,0.0,3,0.0,False,False,False,False,False,True,True,1,6,1,6,11,0,0,0,4478:1;2448:1;44778:1,8447:1;8244:1;84477:1,4,3,0,0.0,0,0,0,0,0,1,0.5,0,5,4,0,0.0,17.5,50.0,3,False,False
Evening,Set1,Draw4,3,13,2,1,0.0,3,0.0,True,False,False,False,False,True,False,1,3,1,3,0,0,0,0,088:1,088:2,4,3,0,0.0,0,0,2,0,0,1,0.0,1,2,4,0,0.0,17.0,57.0,3,False,False
Evening,Set1,Draw4,3,28,1,1,0.0,4,0.0,False,False,False,False,False,True,False,2,4,2,4,0,0,0,0,477:1,477:1,2,4,0,0.0,0,0,0,0,0,1,0.0,1,5,4,0,0.0,17.0,57.5,3,False,False
Evening,Set1,Draw4,3,11,2,2,0.0,4,0.0,False,False,False,False,False,True,False,1,3,1,3,0,0,0,0,00778:1;007788:1;0778:1,87700:1;008877:1;8770:1,4,4,1,0.0,0,0,0,0,0,1,0.0,0,2,4,0,0.0,16.0,37.0,3,False,False
Evening,Set1,Draw4,3,33,2,1,0.0,3,0.0,False,False,False,False,False,True,False,1,3,1,3,0,0,0,0,889:1;488:1,988:1;884:1,4,3,0,0.0,0,0,0,0,0,1,0.0,1,2,4,0,0.0,15.0,43.5,3,False,False
Evening,Set1,Draw4,3,34,1,1,0.0,3,0.0,False,False,False,False,False,True,True,1,6,1,6,2,0,0,0,448:1;4488:1,844:1;8844:1,2,3,0,0.0,0,0,0,0,0,1,0.5,1,5,0,0,0.0,12.5,57.0,1,False,False
Evening,Set1,Draw4,4,31,4,1,0.0,4,0.0,True,True,False,False,False,False,True,3,7,3,7,4,0,0,0,244:1;447:1;4477:1,244:3;447:1;4477:1,8,4,0,0.0,0,0,2,4,0,0,0.5,1,10,4,0,0.0,33.5,111.0,3,False,False
Evening,Set1,Draw4,4,28,4,2,0.0,4,0.0,True,True,False,False,False,False,False,2,4,2,4,0,0,0,0,224:1;2244:1;477:1,224:3;2244:3;477:1,8,4,1,0.0,0,0,2,4,0,0,0.0,1,5,4,0,0.0,29.0,57.5,3,False,False
Evening,Set1,Draw4,4,12,4,1,0.0,4,0.0,True,False,False,False,False,False,True,3,7,3,7,12,0,0,0,00244:1;0244:1;0079:1,7009:2;77009:2;24400:1,8,4,0,0.0,0,0,2,0,0,0,0.5,0,10,4,0,0.0,28.5,93.0,3,False,False
Evening,Set1,Draw4,4,5,4,2,0.0,4,0.0,True,False,False,False,False,False,True,3,7,3,7,3,0,0,0,0044:1;004:1;009:1,009:2;4400:1;400:1,8,4,1,0.0,0,0,2,0,0,0,0.5,1,10,1,0,0.0,27.5,98.0,2,False,False
Evening,Set1,Draw4,4,14,4,2,0.0,4,0.0,False,False,False,False,False,False,False,3,6,3,6,0,0,0,0,003448:1;0089:1;00348:1,440038:1;9008:1;40038:1,8,4,1,0.0,0,0,0,0,0,0,0.0,0,9,4,0,0.0,26.0,46.5,3,False,False
Evening,Set1,Draw4,4,3,2,1,0.0,4,0.0,True,False,False,False,False,False,True,3,7,3,7,2,0,0,0,007:1;0077:1,700:2;7700:2,4,4,0,0.0,0,0,2,0,0,0,0.5,1,10,1,0,0.0,22.5,94.5,2,False,False
Evening,Set1,Draw4,4,27,3,1,0.0,4,0.0,True,False,False,False,False,False,False,2,4,2,4,0,0,0,0,778:1;223:1;7788:1,877:2;322:2;8877:2,6,4,0,0.0,0,0,2,0,0,0,0.0,1,5,4,0,0.0,22.0,52.0,3,False,False
Evening,Set1,Draw4,4,29,3,1,0.0,3,0.0,True,False,False,False,False,False,False,3,3,3,3,0,0,0,0,788:1;238:1;37788:1,887:2;832:1;38877:1,6,3,0,0.0,0,0,2,0,0,0,0.0,1,6,4,0,0.0,22.0,48.0,3,False,False
Evening,Set1,Draw4,4,30,3,1,0.0,1,0.0,True,False,False,False,False,False,True,3,4,3,4,20,0,0,0,22344:1;2234:1;34478:1,32244:2;3224:2;83447:1,6,1,0,0.0,0,0,2,0,0,0,0.5,0,7,4,0,0.0,20.5,50.0,3,False,False
Evening,Set1,Draw4,4,4,2,1,0.0,4,0.0,False,False,False,False,False,False,False,3,6,3,6,0,0,0,0,008:1;0038:1;003:1,008:1;0038:1;003:1,4,4,0,0.0,0,0,0,0,0,0,0.0,1,9,1,0,0.0,19.0,72.5,2,False,False
Evening,Set1,Draw4,4,15,1,1,0.0,4,0.0,False,False,False,False,False,False,True,3,7,3,7,1,0,0,0,044:1,440:1,2,4,0,0.0,0,0,0,0,0,0,0.5,1,10,1,0,0.0,18.5,98.0,2,False,False
Evening,Set1,Draw4,4,33,2,1,0.0,3,0.0,False,False,False,False,False,False,False,3,3,3,3,0,0,0,0,3448:1;348:1;889:1,8344:1;834:1;988:1,4,3,0,0.0,0,0,0,0,0,0,0.0,1,6,4,0,0.0,18.0,43.5,3,False,False
Evening,Set1,Draw4,4,10,2,1,0.0,4,0.0,True,False,False,False,False,False,True,2,4,2,4,1,0,0,0,077:1,770:2,4,4,0,0.0,0,0,2,0,0,0,0.5,1,5,1,0,0.0,17.5,52.5,2,False,False
Evening,Set1,Draw4,4,13,2,2,0.0,3,0.0,False,False,False,False,False,False,False,3,3,3,3,0,0,0,0,038:1;088:1;00388:1,038:1;088:1;00388:1,4,3,1,0.0,0,0,0,0,0,0,0.0,1,6,1,0,0.0,16.0,57.0,2,False,False
Evening,Set1,Draw4,4,34,1,1,0.0,1,0.0,False,False,False,False,False,False,True,3,4,3,4,1,0,0,0,344:1,344:1,2,1,0,0.0,0,0,0,0,0,0,0.5,1,7,1,0,0.0,12.5,57.0,2,False,False
Evening,Set1,Draw4,4,32,3,2,0.0,1,0.0,True,False,False,False,False,False,False,1,1,1,1,0,0,0,0,388:1,883:2,6,1,1,0.0,0,0,2,0,0,0,0.0,1,0,0,0,0.0,11.0,27.5,1,False,False
Evening,Set1,Draw4,4,11,2,1,0.0,4,0.0,False,False,False,False,False,False,False,1,3,1,3,0,0,0,0,007788:1;00778:1;07788:1,887700:1;87700:1;88770:1,4,4,0,0.0,0,0,0,0,0,0,0.0,0,2,1,0,0.0,11.0,37.0,2,False,False
Evening,Set1,Draw5,1,31,4,1,0.0,3,1.0,True,True,False,True,False,True,True,3,7,3,7,5,0,5,0,244:1;2449:1;447:1,244:3;9244:2;924:2,8,3,0,0.0,0,1,2,4,0,1,0.5,1,10,1,0,0.0,31.5,111.0,2,False,False
Evening,Set1,Draw5,1,12,4,2,0.0,3,1.0,True,False,False,False,False,True,True,3,7,3,7,16,0,16,0,00244:1;0244:1;0079:1,7009:2;77009:2;24400:1,8,3,1,0.0,0,1,2,0,0,1,0.5,0,10,4,0,0.0,30.5,93.0,3,False,False
Evening,Set1,Draw5,1,5,4,2,0.0,3,1.0,True,False,False,True,False,True,True,3,7,3,7,3,0,3,0,009:1;0044:1;004:1,009:2;4400:1;400:1,8,3,1,0.0,0,1,2,0,0,1,0.5,1,10,1,0,0.0,28.5,98.0,2,False,False
Evening,Set1,Draw5,1,3,2,1,0.0,3,1.0,True,False,False,False,False,True,True,3,7,3,7,2,0,2,0,007:1;0077:1,700:2;7700:2,4,3,0,0.0,0,1,2,0,0,1,0.5,1,10,4,0,0.0,26.5,94.5,3,False,False
Evening,Set1,Draw5,1,4,2,1,0.0,3,1.0,True,False,False,False,False,True,False,3,6,3,6,0,0,1,0,008:1,008:2,4,3,0,0.0,0,1,2,0,0,1,0.0,1,9,1,0,0.0,22.0,72.5,2,False,False
Evening,Set1,Draw5,1,15,1,1,0.0,3,1.0,False,False,False,False,False,True,True,3,7,3,7,1,0,1,0,044:1,440:1,2,3,0,0.0,0,1,0,0,0,1,0.5,1,10,1,0,0.0,19.5,98.0,2,False,False
Evening,Set1,Draw5,1,10,2,1,0.0,3,1.0,True,False,False,False,False,True,True,2,4,2,4,1,0,1,0,077:1,770:2,4,3,0,0.0,0,1,2,0,0,1,0.5,1,5,1,0,0.0,18.5,52.5,2,False,False
Evening,Set1,Draw5,1,27,2,1,0.0,3,1.0,True,False,False,False,False,True,False,2,4,2,4,0,0,1,0,778:1,877:2,4,3,0,0.0,0,1,2,0,0,1,0.0,1,5,1,0,0.0,18.0,52.0,2,False,False
Evening,Set1,Draw5,1,14,3,2,0.0,3,1.0,False,False,False,False,False,True,False,1,6,1,6,0,0,8,0,004489:1;00448:1;00489:1,900844:1;44008:1;90084:1,6,3,1,0.0,0,1,0,0,0,1,0.0,0,5,1,0,0.0,18.0,46.5,2,False,False
Evening,Set1,Draw5,1,30,2,1,0.0,3,1.0,False,False,False,False,False,True,True,1,6,1,6,7,0,7,0,4478:1;24489:1;44778:1,8447:1;98244:1;84477:1,4,3,0,0.0,0,1,0,0,0,1,0.5,0,5,1,0,0.0,15.5,50.0,2,False,False
Evening,Set1,Draw5,1,11,2,2,0.0,3,1.0,False,False,False,False,False,True,False,1,5,1,5,0,0,4,0,0078:1;00778:1;078:1,0087:1;00877:1;087:1,4,3,1,0.0,0,1,0,0,0,1,0.0,0,4,1,0,0.0,15.0,37.0,2,False,False
Evening,Set1,Draw5,1,28,1,1,0.0,3,1.0,False,False,False,False,False,True,False,2,4,2,4,0,0,1,0,477:1,477:1,2,3,0,0.0,0,1,0,0,0,1,0.0,1,5,1,0,0.0,14.0,57.5,2,False,False
Evening,Set1,Draw5,1,34,1,1,0.0,3,1.0,False,False,False,False,False,True,True,1,6,1,6,1,0,1,0,448:1,844:1,2,3,0,0.0,0,1,0,0,0,1,0.5,1,5,0,0,0.0,13.5,57.0,1,False,False
Evening,Set1,Draw5,2,31,4,1,0.0,3,1.0,True,True,False,False,False,True,True,3,7,3,7,5,0,5,0,244:1;2449:1;447:1,244:3;9244:2;924:2,8,3,0,0.0,0,1,2,4,0,1,0.5,1,10,1,0,0.0,31.5,111.0,2,False,False
Evening,Set1,Draw5,2,5,4,2,0.0,3,1.0,True,False,False,False,False,True,True,3,7,3,7,3,0,3,0,0044:1;004:1;009:1,009:2;4400:1;400:1,8,3,1,0.0,0,1,2,0,0,1,0.5,1,10,4,0,0.0,31.5,98.0,3,False,False
Evening,Set1,Draw5,2,12,4,2,0.0,3,1.0,True,False,False,False,False,True,True,3,7,3,7,16,0,16,0,00244:1;0244:1;0079:1,7009:2;77009:2;24400:1,8,3,1,0.0,0,1,2,0,0,1,0.5,0,10,4,0,0.0,30.5,93.0,3,False,False
Evening,Set1,Draw5,2,3,2,1,0.0,3,1.0,True,False,False,False,False,True,True,3,7,3,7,2,0,2,0,007:1;0077:1,700:2;7700:2,4,3,0,0.0,0,1,2,0,0,1,0.5,1,10,4,0,0.0,26.5,94.5,3,False,False
Evening,Set1,Draw5,2,4,2,1,0.0,3,1.0,True,False,False,False,False,True,False,3,6,3,6,0,0,2,0,008:1;0088:1,008:2;0088:2,4,3,0,0.0,0,1,2,0,0,1,0.0,1,9,1,0,0.0,22.0,72.5,2,False,False
Evening,Set1,Draw5,2,14,3,2,0.0,3,1.0,False,False,False,False,False,True,False,1,6,1,6,0,0,12,0,00448:1;0048:1;0089:1,44008:1;4008:1;9008:1,6,3,1,0.0,0,1,0,0,0,1,0.0,0,5,4,0,0.0,21.0,46.5,3,False,False
Evening,Set1,Draw5,2,15,1,1,0.0,3,1.0,False,False,False,False,False,True,True,3,7,3,7,1,0,1,0,044:1,440:1,2,3,0,0.0,0,1,0,0,0,1,0.5,1,10,1,0,0.0,19.5,98.0,2,False,False
Evening,Set1,Draw5,2,29,3,1,0.0,2,1.0,True,False,False,False,False,True,False,1,3,1,3,0,0,2,0,788:1;288:1,887:2;882:1,6,2,0,0.0,0,1,2,0,0,1,0.0,1,2,4,0,0.0,19.0,48.0,3,False,False
Evening,Set1,Draw5,2,10,2,1,0.0,3,1.0,True,False,False,False,False,True,True,2,4,2,4,1,0,1,0,077:1,770:2,4,3,0,0.0,0,1,2,0,0,1,0.5,1,5,1,0,0.0,18.5,52.5,2,False,False
Evening,Set1,Draw5,2,30,2,1,0.0,3,1.0,False,False,False,False,False,True,True,1,6,1,6,11,0,11,0,4478:1;44778:1;2448:1,8447:1;84477:1;8244:1,4,3,0,0.0,0,1,0,0,0,1,0.5,0,5,4,0,0.0,18.5,50.0,3,False,False
Evening,Set1,Draw5,2,27,2,1,0.0,3,1.0,True,False,False,False,False,True,False,2,4,2,4,0,0,2,0,778:1;7788:1,877:2;8877:2,4,3,0,0.0,0,1,2,0,0,1,0.0,1,5,1,0,0.0,18.0,52.0,2,False,False
Evening,Set1,Draw5,2,13,2,1,0.0,2,1.0,True,False,False,False,False,True,False,1,3,1,3,0,0,1,0,088:1,088:2,4,2,0,0.0,0,1,2,0,0,1,0.0,1,2,4,0,0.0,17.0,57.0,3,False,False
Evening,Set1,Draw5,2,11,2,2,0.0,3,1.0,False,False,False,False,False,True,False,1,3,1,3,0,0,6,0,00778:1;007788:1;0778:1,87700:1;008877:1;8770:1,4,3,1,0.0,0,1,0,0,0,1,0.0,0,2,4,0,0.0,16.0,37.0,3,False,False
Evening,Set1,Draw5,2,33,2,1,0.0,2,1.0,False,False,False,False,False,True,False,1,3,1,3,0,0,2,0,488:1;889:1,884:1;988:1,4,2,0,0.0,0,1,0,0,0,1,0.0,1,2,4,0,0.0,15.0,43.5,3,False,False
Evening,Set1,Draw5,2,34,1,1,0.0,3,1.0,False,False,False,False,False,True,True,1,6,1,6,2,0,2,0,448:1;4488:1,844:1;8844:1,2,3,0,0.0,0,1,0,0,0,1,0.5,1,5,1,0,0.0,14.5,57.0,2,False,False
Evening,Set1,Draw5,2,28,1,1,0.0,3,1.0,False,False,False,False,False,True,False,2,4,2,4,0,0,1,0,477:1,477:1,2,3,0,0.0,0,1,0,0,0,1,0.0,1,5,1,0,0.0,14.0,57.5,2,False,False
Evening,Set1,Draw5,3,31,4,1,0.0,3,0.0,True,True,False,False,False,True,True,3,7,3,7,5,0,0,0,244:1;2449:1;447:1,244:3;9244:2;924:2,8,3,0,0.0,0,0,2,4,0,1,0.5,1,10,1,0,0.0,30.5,111.0,2,False,False
Evening,Set1,Draw5,3,5,4,2,0.0,3,0.0,True,False,False,False,False,True,True,3,7,3,7,3,0,0,0,0044:1;004:1;009:1,009:2;4400:1;400:1,8,3,1,0.0,0,0,2,0,0,1,0.5,1,10,4,0,0.0,30.5,98.0,3,False,False
Evening,Set1,Draw5,3,12,4,2,0.0,3,0.0,True,False,False,False,False,True,True,3,7,3,7,16,0,0,0,00244:1;0244:1;0079:1,7009:2;77009:2;24400:1,8,3,1,0.0,0,0,2,0,0,1,0.5,0,10,4,0,0.0,29.5,93.0,3,False,False
Evening,Set1,Draw5,3,3,2,1,0.0,3,0.0,True,False,False,False,False,True,True,3,7,3,7,2,0,0,0,007:1;0077:1,700:2;7700:2,4,3,0,0.0,0,0,2,0,0,1,0.5,1,10,4,0,0.0,25.5,94.5,3,False,False
Evening,Set1,Draw5,3,10,2,1,0.0,3,0.0,True,False,False,False,False,True,True,2,4,2,4,1,0,0,0,077:1,770:2,4,3,0,0.0,0,0,2,0,0,1,0.5,1,5,4,0,0.0,20.5,52.5,3,False,False
Evening,Set1,Draw5,3,15,1,1,0.0,3,0.0,False,False,False,False,False,True,True,3,7,3,7,1,0,0,0,044:1,440:1,2,3,0,0.0,0,0,0,0,0,1,0.5,1,10,1,0,0.0,18.5,98.0,2,False,False
Evening,Set1,Draw5,3,4,1,1,0.0,3,0.0,False,False,False,False,False,True,False,3,6,3,6,0,0,0,0,008:1;0088:1,008:1;0088:1,2,3,0,0.0,0,0,0,0,0,1,0.0,1,9,1,0,0.0,17.0,72.5,2,False,False
Evening,Set1,Draw5,3,14,2,1,0.0,3,0.0,False,False,False,False,False,True,False,1,6,1,6,0,0,0,0,00448:1;0048:1;0089:1,44008:1;4008:1;0098:1,4,3,0,0.0,0,0,0,0,0,1,0.0,0,5,4,0,0.0,17.0,46.5,3,False,False
Evening,Set1,Draw5,3,28,1,1,0.0,3,0.0,False,False,False,False,False,True,False,2,4,2,4,0,0,0,0,477:1,477:1,2,3,0,0.0,0,0,0,0,0,1,0.0,1,5,4,0,0.0,16.0,57.5,3,False,False
Evening,Set1,Draw5,3,27,1,1,0.0,3,0.0,False,False,False,False,False,True,False,2,4,2,4,0,0,0,0,778:1;7788:1,877:1;8877:1,2,3,0,0.0,0,0,0,0,0,1,0.0,1,5,4,0,0.0,16.0,52.0,3,False,False
Evening,Set1,Draw5,3,30,1,1,0.0,3,0.0,False,False,False,False,False,True,True,1,6,1,6,4,0,0,0,4478:1;44778:1;447788:1,8447:1;84477:1;884477:1,2,3,0,0.0,0,0,0,0,0,1,0.5,0,5,4,0,0.0,15.5,50.0,3,False,False
Evening,Set1,Draw5,3,23,4,2,0.0,1,0.0,True,False,False,False,False,False,False,1,1,1,1,0,0,0,0,688:1,886:2,8,1,1,0.0,0,0,2,0,0,0,0.0,1,0,1,0,0.0,14.0,33.5,2,False,False
Evening,Set1,Draw5,3,33,2,1,0.0,2,0.0,False,False,False,False,False,True,False,1,3,1,3,0,0,0,0,488:1;889:1,884:1;988:1,4,2,0,0.0,0,0,0,0,0,1,0.0,1,2,4,0,0.0,14.0,43.5,3,False,False
Evening,Set1,Draw5,3,34,1,1,0.0,3,0.0,False,False,False,False,False,True,True,1,6,1,6,2,0,0,0,448:1;4488:1,844:1;8844:1,2,3,0,0.0,0,0,0,0,0,1,0.5,1,5,1,0,0.0,13.5,57.0,2,False,False
Evening,Set1,Draw5,3,13,1,1,0.0,2,0.0,False,False,False,False,False,True,False,1,3,1,3,0,0,0,0,088:1,088:1,2,2,0,0.0,0,0,0,0,0,1,0.0,1,2,4,0,0.0,12.0,57.0,3,False,False
Evening,Set1,Draw5,3,29,1,1,0.0,2,0.0,False,False,False,False,False,True,False,1,3,1,3,0,0,0,0,788:1,887:1,2,2,0,0.0,0,0,0,0,0,1,0.0,1,2,4,0,0.0,12.0,48.0,3,False,False
Evening,Set1,Draw5,3,21,3,2,0.0,1,0.0,False,False,False,False,False,True,False,1,1,1,1,0,0,0,0,67788:1;6778:1;2688:1,88677:1;8677:1;8862:1,6,1,1,0.0,0,0,0,0,0,1,0.0,0,0,1,0,0.0,10.0,18.5,2,False,False
Evening,Set1,Draw5,3,11,1,1,0.0,3,0.0,False,False,False,False,False,True,False,1,3,1,3,0,0,0,0,007788:1;00778:1;07788:1,887700:1;87700:1;88770:1,2,3,0,0.0,0,0,0,0,0,1,0.0,0,2,1,0,0.0,9.0,37.0,2,False,False
Evening,Set1,Draw5,3,8,2,2,0.0,1,0.0,False,False,False,False,False,True,False,1,1,1,1,0,0,0,0,00688:1;0068:1;0688:1,00886:1;0068:1;0886:1,4,1,1,0.0,0,0,0,0,0,1,0.0,0,0,1,0,0.0,8.0,41.0,2,False,False
Evening,Set1,Draw5,3,2,1,1,0.0,1,0.0,False,False,False,False,False,True,True,2,1,2,1,1,0,0,0,006:1,006:1,2,1,0,0.0,0,0,0,0,0,1,0.5,1,2,0,0,0.0,7.5,55.0,1,False,False
Evening,Set1,Draw5,3,24,2,1,0.0,1,0.0,False,False,False,False,False,True,True,1,1,1,1,3,0,0,0,44688:1;4688:1;6889:1,68844:1;6884:1;9886:1,4,1,0,0.0,0,0,0,0,0,1,0.5,0,0,1,0,0.0,7.5,24.0,2,False,False
Evening,Set1,Draw5,3,22,1,1,0.0,1,0.0,False,False,False,False,False,True,False,2,1,2,1,0,0,0,0,2446:1;246:1,6244:1;624:1,2,1,0,0.0,0,0,0,0,0,1,0.0,0,2,1,0,0.0,7.0,23.0,2,False,False
Evening,Set1,Draw5,3,9,1,1,0.0,1,0.0,False,False,False,False,False,True,True,1,1,1,1,1,0,0,0,0069:1,9006:1,2,1,0,0.0,0,0,0,0,0,1,0.5,0,0,1,0,0.0,5.5,38.0,2,False,False
Evening,Set1,Draw5,3,20,1,1,0.0,1,0.0,False,False,False,False,False,True,False,1,1,1,1,0,0,0,0,677:1,677:1,2,1,0,0.0,0,0,0,0,0,1,0.0,1,0,0,0,0.0,5.0,14.5,1,False,False
Evening,Set1,Draw6,1,31,4,1,0.0,2,1.0,True,True,False,True,False,True,True,3,7,3,7,5,5,0,0,244:1;2449:1;447:1,244:3;9244:2;924:2,8,2,0,0.0,0,1,2,4,0,1,0.5,1,10,1,0,0.0,30.5,111.0,2,False,False
Evening,Set1,Draw6,1,12,4,2,0.0,2,1.0,True,False,False,True,False,True,True,3,7,3,7,23,23,0,0,00244:1;0244:1;002449:1,592:2;59244:2;5924:2,8,2,1,0.0,0,1,2,0,0,1,0.5,0,10,4,0,0.0,29.5,93.0,3,False,False
Evening,Set1,Draw6,1,3,2,1,0.0,2,1.0,True,False,False,False,False,True,True,3,7,3,7,4,4,0,0,007:1;0077:1;00577:1,700:2;7700:2;77005:1,4,2,0,0.0,0,1,2,0,0,1,0.5,1,10,4,0,0.0,25.5,94.5,3,False,False
Evening,Set1,Draw6,1,5,4,2,0.0,2,1.0,False,False,False,False,False,True,True,3,7,3,7,5,5,0,0,0044:1;004:1;009:1,4400:1;400:1;900:1,8,2,1,0.0,0,1,0,0,0,1,0.5,1,10,1,0,0.0,25.5,98.0,2,False,False
Evening,Set1,Draw6,1,4,2,1,0.0,2,1.0,True,False,False,False,False,True,False,3,6,3,6,0,1,0,0,008:1,008:2,4,2,0,0.0,0,1,2,0,0,1,0.0,1,9,1,0,0.0,21.0,72.5,2,False,False
Evening,Set1,Draw6,1,15,2,1,0.0,2,1.0,False,False,False,False,False,True,True,3,7,3,7,2,2,0,0,044:1;445:1,440:1;445:1,4,2,0,0.0,0,1,0,0,0,1,0.5,1,10,1,0,0.0,20.5,98.0,2,False,False
Evening,Set1,Draw6,1,10,2,1,0.0,2,1.0,True,False,False,False,False,True,True,2,4,2,4,1,1,0,0,077:1,770:2,4,2,0,0.0,0,1,2,0,0,1,0.5,1,5,1,0,0.0,17.5,52.5,2,False,False
Evening,Set1,Draw6,1,27,2,1,0.0,2,1.0,True,False,False,False,False,True,False,2,4,2,4,0,1,0,0,778:1,877:2,4,2,0,0.0,0,1,2,0,0,1,0.0,1,5,1,0,0.0,17.0,52.0,2,False,False
Evening,Set1,Draw6,1,14,3,2,0.0,2,1.0,False,False,False,False,False,True,False,1,6,1,6,0,11,0,0,004489:1;00489:1;00448:1,900844:1;90084:1;44008:1,6,2,1,0.0,0,1,0,0,0,1,0.0,0,5,1,0,0.0,17.0,46.5,2,False,False
Evening,Set1,Draw6,1,28,1,1,0.0,2,1.0,False,False,False,False,False,True,False,2,4,2,4,0,1,0,0,477:1,477:1,2,2,0,0.0,0,1,0,0,0,1,0.0,1,5,4,0,0.0,16.0,57.5,3,False,False
Evening,Set1,Draw6,1,30,2,1,0.0,2,1.0,False,False,False,False,False,True,True,1,6,1,6,7,7,0,0,24489:1;4478:1;2489:1,98244:1;8447:1;9824:1,4,2,0,0.0,0,1,0,0,0,1,0.5,0,5,1,0,0.0,14.5,50.0,2,False,False
Evening,Set1,Draw6,1,11,2,2,0.0,2,1.0,False,False,False,False,False,True,False,1,5,1,5,0,5,0,0,0078:1;005778:1;00778:1,0087:1;877005:1;00877:1,4,2,1,0.0,0,1,0,0,0,1,0.0,0,4,1,0,0.0,14.0,37.0,2,False,False
Evening,Set1,Draw6,1,34,1,1,0.0,2,1.0,False,False,False,False,False,True,True,1,6,1,6,1,1,0,0,448:1,844:1,2,2,0,0.0,0,1,0,0,0,1,0.5,1,5,0,0,0.0,12.5,57.0,1,False,False
Evening,Set1,Draw6,1,1,1,1,0.0,2,1.0,False,False,False,False,False,True,False,2,2,2,2,0,1,0,0,005:1,005:1,2,2,0,0.0,0,1,0,0,0,1,0.0,1,3,0,0,0.0,10.0,29.0,1,False,False
Evening,Set1,Draw6,2,31,4,1,0.0,2,0.0,True,True,False,False,False,True,True,3,7,3,7,5,0,0,0,244:1;2449:1;447:1,244:3;9244:2;924:2,8,2,0,0.0,0,0,2,4,0,1,0.5,1,10,1,0,0.0,29.5,111.0,2,False,False
Evening,Set1,Draw6,2,12,4,2,0.0,2,0.0,True,False,False,False,False,True,True,3,7,3,7,23,0,0,0,00244:1;0244:1;002449:1,59244:2;5924:2;592:2,8,2,1,0.0,0,0,2,0,0,1,0.5,0,10,4,0,0.0,28.5,93.0,3,False,False
Evening,Set1,Draw6,2,5,4,2,0.0,2,0.0,False,False,False,False,False,True,True,3,7,3,7,5,0,0,0,0044:1;004:1;009:1,4400:1;400:1;900:1,8,2,1,0.0,0,0,0,0,0,1,0.5,1,10,4,0,0.0,27.5,98.0,3,False,False
Evening,Set1,Draw6,2,3,2,1,0.0,2,0.0,True,False,False,False,False,True,True,3,7,3,7,4,0,0,0,007:1;0077:1;00577:1,700:2;7700:2;77005:1,4,2,0,0.0,0,0,2,0,0,1,0.5,1,10,4,0,0.0,24.5,94.5,3,False,False
Evening,Set1,Draw6,2,4,2,1,0.0,2,0.0,True,False,False,False,False,True,False,3,6,3,6,0,0,0,0,008:1;0088:1,008:2;0088:2,4,2,0,0.0,0,0,2,0,0,1,0.0,1,9,1,0,0.0,20.0,72.5,2,False,False
Evening,Set1,Draw6,2,15,2,1,0.0,2,0.0,False,False,False,False,False,True,True,3,7,3,7,2,0,0,0,044:1;445:1,440:1;445:1,4,2,0,0.0,0,0,0,0,0,1,0.5,1,10,1,0,0.0,19.5,98.0,2,False,False
Evening,Set1,Draw6,2,27,2,1,0.0,2,0.0,True,False,False,False,False,True,False,2,4,2,4,0,0,0,0,778:1;7788:1,877:2;8877:2,4,2,0,0.0,0,0,2,0,0,1,0.0,1,5,4,0,0.0,19.0,52.0,3,False,False
Evening,Set1,Draw6,2,14,3,2,0.0,2,0.0,False,False,False,False,False,True,False,1,6,1,6,0,0,0,0,00448:1;0048:1;0044889:1,44008:1;4008:1;9008844:1,6,2,1,0.0,0,0,0,0,0,1,0.0,0,5,4,0,0.0,19.0,46.5,3,False,False
Evening,Set1,Draw6,2,29,3,1,0.0,1,0.0,True,False,False,False,False,True,False,1,3,1,3,0,0,0,0,788:1;288:1,887:2;882:1,6,1,0,0.0,0,0,2,0,0,1,0.0,1,2,4,0,0.0,17.0,48.0,3,False,False
Evening,Set1,Draw6,2,10,2,1,0.0,2,0.0,True,False,False,False,False,True,True,2,4,2,4,1,0,0,0,077:1,770:2,4,2,0,0.0,0,0,2,0,0,1,0.5,1,5,1,0,0.0,16.5,52.5,2,False,False
Evening,Set1,Draw6,2,30,2,1,0.0,2,0.0,False,False,False,False,False,True,True,1,6,1,6,11,0,0,0,4478:1;2448:1;44778:1,8447:1;8244:1;84477:1,4,2,0,0.0,0,0,0,0,0,1,0.5,0,5,4,0,0.0,16.5,50.0,3,False,False
Evening,Set1,Draw6,2,13,2,1,0.0,1,0.0,True,False,False,False,False,True,False,1,3,1,3,0,0,0,0,088:1,088:2,4,1,0,0.0,0,0,2,0,0,1,0.0,1,2,4,0,0.0,15.0,57.0,3,False,False
Evening,Set1,Draw6,2,28,1,1,0.0,2,0.0,False,False,False,False,False,True,False,2,4,2,4,0,0,0,0,477:1,477:1,2,2,0,0.0,0,0,0,0,0,1,0.0,1,5,4,0,0.0,15.0,57.5,3,False,False
Evening,Set1,Draw6,2,33,2,1,0.0,1,0.0,False,False,False,False,False,True,False,1,3,1,3,0,0,0,0,488:1;889:1,884:1;988:1,4,1,0,0.0,0,0,0,0,0,1,0.0,1,2,4,0,0.0,13.0,43.5,3,False,False
Evening,Set1,Draw6,2,34,1,1,0.0,2,0.0,False,False,False,False,False,True,True,1,6,1,6,2,0,0,0,448:1;4488:1,844:1;8844:1,2,2,0,0.0,0,0,0,0,0,1,0.5,1,5,1,0,0.0,12.5,57.0,2,False,False
Evening,Set1,Draw6,2,1,1,1,0.0,2,0.0,False,False,False,False,False,True,False,2,2,2,2,0,0,0,0,005:1,005:1,2,2,0,0.0,0,0,0,0,0,1,0.0,1,3,1,0,0.0,10.0,29.0,2,False,False
Evening,Set1,Draw6,2,11,2,2,0.0,2,0.0,False,False,False,False,False,True,False,1,3,1,3,0,0,0,0,0057788:1;00778:1;005778:1,8877005:1;87700:1;877005:1,4,2,1,0.0,0,0,0,0,0,1,0.0,0,2,0,0,0.0,10.0,37.0,1,False,False
Evening,Set1,Draw7,1,31,4,1,0.0,1,0.0,True,True,False,False,False,True,True,3,7,3,7,8,0,0,0,244:1;2449:1;447:1,244:3;9244:2;924:2,8,1,0,0.0,0,0,2,4,0,1,0.5,1,10,1,0,0.0,28.5,111.0,2,False,False
Evening,Set1,Draw7,1,15,4,1,0.0,1,0.0,True,True,False,False,False,True,True,3,7,3,7,4,0,0,0,599:1;044:1;445:1,599:3;440:1;445:1,8,1,0,0.0,0,0,2,4,0,1,0.5,1,10,1,0,0.0,28.5,98.0,2,False,False
Evening,Set1,Draw7,1,12,4,2,0.0,1,0.0,True,False,False,True,False,True,True,3,7,3,7,24,0,0,0,00244:1;0244:1;002449:1,599244:2;5992:2;59924:2,8,1,1,0.0,0,0,2,0,0,1,0.5,0,10,4,0,0.0,27.5,93.0,3,False,False
Evening,Set1,Draw7,1,5,3,2,0.0,1,0.0,False,False,False,False,False,True,True,3,7,3,7,8,0,0,0,0044:1;004:1;009:1,4400:1;400:1;900:1,6,1,1,0.0,0,0,0,0,0,1,0.5,1,10,4,0,0.0,24.5,98.0,3,False,False
Evening,Set1,Draw7,1,3,2,1,0.0,1,0.0,True,False,False,False,False,True,True,3,7,3,7,4,0,0,0,007:1;0077:1;00577:1,700:2;7700:2;77005:1,4,1,0,0.0,0,0,2,0,0,1,0.5,1,10,4,0,0.0,23.5,94.5,3,False,False
Evening,Set1,Draw7,1,2,2,1,0.0,1,0.0,True,False,False,False,False,True,True,3,3,3,3,1,0,0,0,001:1,001:2,4,1,0,0.0,0,0,2,0,0,1,0.5,1,6,4,0,0.0,19.5,55.0,3,False,False
Evening,Set1,Draw7,1,4,1,1,0.0,1,0.0,False,False,False,False,False,True,False,3,6,3,6,0,0,0,0,008:1,008:1,2,1,0,0.0,0,0,0,0,0,1,0.0,1,9,4,0,0.0,18.0,72.5,3,False,False
Evening,Set1,Draw7,1,7,2,2,0.0,1,0.0,False,False,False,False,False,True,True,3,3,3,3,4,0,0,0,0017:1;001577:1;0177:1,7001:1;177005:1;1770:1,4,1,1,0.0,0,0,0,0,0,1,0.5,0,6,4,0,0.0,17.5,26.0,3,False,False
Evening,Set1,Draw7,1,9,2,1,0.0,1,0.0,False,False,False,False,False,True,True,3,3,3,3,6,0,0,0,00144:1;0014:1;00199:1,44001:1;4001:1;00199:1,4,1,0,0.0,0,0,0,0,0,1,0.5,0,6,4,0,0.0,16.5,38.0,3,False,False
Evening,Set1,Draw7,1,10,2,1,0.0,1,0.0,True,False,False,False,False,True,True,2,4,2,4,1,0,0,0,077:1,770:2,4,1,0,0.0,0,0,2,0,0,1,0.5,1,5,1,0,0.0,15.5,52.5,2,False,False
Evening,Set1,Draw7,1,30,2,1,0.0,1,0.0,False,False,False,False,False,True,True,1,6,1,6,10,0,0,0,24489:1;2489:1;4478:1,98244:1;9824:1;8447:1,4,1,0,0.0,0,0,0,0,0,1,0.5,0,5,4,0,0.0,15.5,50.0,3,False,False
Evening,Set1,Draw7,1,21,2,2,0.0,1,0.0,False,False,False,False,False,False,False,3,2,3,2,0,0,0,0,178:1;1778:1,187:1;1877:1,4,1,1,0.0,0,0,0,0,0,0,0.0,0,5,4,0,0.0,15.0,18.5,3,False,False
Evening,Set1,Draw7,1,27,1,1,0.0,1,0.0,False,False,False,False,False,True,False,2,4,2,4,0,0,0,0,778:1,877:1,2,1,0,0.0,0,0,0,0,0,1,0.0,1,5,4,0,0.0,14.0,52.0,3,False,False
Evening,Set1,Draw7,1,28,1,1,0.0,1,0.0,False,False,False,False,False,True,False,2,4,2,4,0,0,0,0,477:1,477:1,2,1,0,0.0,0,0,0,0,0,1,0.0,1,5,4,0,0.0,14.0,57.5,3,False,False
Evening,Set1,Draw7,1,34,2,1,0.0,1,0.0,False,False,False,False,False,True,True,1,6,1,6,2,0,0,0,448:1;899:1,844:1;998:1,4,1,0,0.0,0,0,0,0,0,1,0.5,1,5,1,0,0.0,13.5,57.0,2,False,False
Evening,Set1,Draw7,1,14,1,1,0.0,1,0.0,False,False,False,False,False,True,False,1,6,1,6,0,0,0,0,004489:1;00489:1;00448:1,900844:1;90084:1;00844:1,2,1,0,0.0,0,0,0,0,0,1,0.0,0,5,4,0,0.0,13.0,46.5,3,False,False
Evening,Set1,Draw7,1,8,1,1,0.0,1,0.0,False,False,False,False,False,True,False,3,1,3,1,0,0,0,0,0018:1;018:1,0018:1;018:1,2,1,0,0.0,0,0,0,0,0,1,0.0,0,4,4,0,0.0,12.0,41.0,3,False,False
Evening,Set1,Draw7,1,22,1,1,0.0,1,0.0,False,False,False,False,False,True,False,2,1,2,1,0,0,0,0,14477:1;1477:1,44771:1;4771:1,2,1,0,0.0,0,0,0,0,0,1,0.0,0,2,4,0,0.0,10.0,23.0,3,False,False
Evening,Set1,Draw7,1,1,1,1,0.0,1,0.0,False,False,False,False,False,True,False,2,2,2,2,0,0,0,0,005:1,005:1,2,1,0,0.0,0,0,0,0,0,1,0.0,1,3,1,0,0.0,9.0,29.0,2,False,False
Evening,Set1,Draw7,1,20,2,2,0.0,1,0.0,False,False,False,False,False,False,False,2,1,2,1,0,0,0,0,177:1,771:1,4,1,1,0.0,0,0,0,0,0,0,0.0,1,2,0,0,0.0,9.0,14.5,1,False,False
Evening,Set1,Draw7,1,25,1,1,0.0,1,0.0,False,False,False,False,False,True,True,1,2,1,2,1,0,0,0,199:1,199:1,2,1,0,0.0,0,0,0,0,0,1,0.5,1,1,0,0,0.0,6.5,17.5,1,False,False
Evening,Set1,Draw7,1,24,1,1,0.0,1,0.0,False,False,False,False,False,True,True,1,2,1,2,1,0,0,0,1899:1,1998:1,2,1,0,0.0,0,0,0,0,0,1,0.5,0,1,1,0,0.0,6.5,24.0,2,False,False
Evening,Set2,Draw1,1,31,4,1,0.0,7,1.0,True,True,False,False,False,True,True,3,1,3,1,2,2,0,0,244:1;447:1,244:3;447:1,8,7,0,0.0,0,1,2,4,0,1,0.5,1,4,0,1,0.0,29.5,111.0,1,True,False
Evening,Set2,Draw1,1,12,4,3,0.0,7,1.0,True,False,False,True,False,True,True,3,1,3,1,9,9,0,0,00244:1;002447:1;0244:1,00244:2;700244:2;0244:2,8,7,2,0.0,0,1,2,0,0,1,0.5,0,4,1,1,0.0,27.5,93.0,2,True,False
Evening,Set2,Draw1,1,3,4,2,0.0,7,1.0,True,False,False,False,False,True,True,3,1,3,1,3,3,0,0,007:1;002:1;0027:1,700:2;002:2;7002:2,8,7,1,0.0,0,1,2,0,0,1,0.5,1,4,0,1,0.0,26.5,94.5,1,True,False
Evening,Set2,Draw1,1,15,2,2,0.0,7,1.0,False,False,False,False,False,False,True,3,1,3,1,1,1,0,0,044:1,440:1,4,7,1,0.0,0,1,0,0,0,0,0.5,1,4,0,1,0.0,19.5,98.0,1,True,False
Evening,Set2,Draw1,1,5,2,2,0.0,7,1.0,False,False,False,False,False,False,True,3,1,3,1,2,2,0,0,0044:1;004:1,4400:1;400:1,4,7,1,0.0,0,1,0,0,0,0,0.5,1,4,0,1,0.0,19.5,98.0,1,True,False
Evening,Set2,Draw1,2,31,4,1,0.0,7,1.0,True,True,False,False,False,True,True,3,1,3,1,2,2,0,0,244:1;447:1,244:3;447:1,8,7,0,0.0,0,1,2,4,0,1,0.5,1,4,0,1,0.0,29.5,111.0,1,True,False
Evening,Set2,Draw1,2,12,4,3,0.0,7,1.0,True,False,False,False,False,True,True,3,1,3,1,9,9,0,0,00244:1;0244:1;002447:1,00244:2;0244:2;700244:2,8,7,2,0.0,0,1,2,0,0,1,0.5,0,4,1,1,0.0,27.5,93.0,2,True,False
Evening,Set2,Draw1,2,3,4,2,0.0,7,1.0,True,False,False,False,False,True,True,3,1,3,1,3,3,0,0,007:1;002:1;0027:1,700:2;002:2;7002:2,8,7,1,0.0,0,1,2,0,0,1,0.5,1,4,0,1,0.0,26.5,94.5,1,True,False
Evening,Set2,Draw1,2,15,2,2,0.0,7,1.0,False,False,False,False,False,False,True,3,1,3,1,1,1,0,0,044:1,440:1,4,7,1,0.0,0,1,0,0,0,0,0.5,1,4,0,1,0.0,19.5,98.0,1,True,False
Evening,Set2,Draw1,2,5,2,2,0.0,7,1.0,False,False,False,False,False,False,True,3,1,3,1,2,2,0,0,0044:1;004:1,4400:1;400:1,4,7,1,0.0,0,1,0,0,0,0,0.5,1,4,0,1,0.0,19.5,98.0,1,True,False
Evening,Set2,Draw1,3,31,4,1,0.0,7,1.0,True,True,False,False,False,True,True,3,1,3,1,2,2,0,0,244:1;447:1,244:3;447:1,8,7,0,0.0,0,1,2,4,0,1,0.5,1,4,0,1,0.0,29.5,111.0,1,True,False
Evening,Set2,Draw1,3,12,4,3,0.0,7,1.0,True,False,False,False,False,True,True,3,1,3,1,13,13,0,0,002244:1;0022447:1;02244:1,002244:2;7002244:2;02244:2,8,7,2,0.0,0,1,2,0,0,1,0.5,0,4,1,1,0.0,27.5,93.0,2,True,False
Evening,Set2,Draw1,3,3,4,2,0.0,7,1.0,True,False,False,False,False,True,True,3,1,3,1,4,4,0,0,007:1;002:1;0027:1,700:2;002:2;7002:2,8,7,1,0.0,0,1,2,0,0,1,0.5,1,4,0,1,0.0,26.5,94.5,1,True,False
Evening,Set2,Draw1,3,28,3,1,0.0,5,1.0,True,True,False,False,False,True,False,2,1,2,1,0,2,0,0,224:1;2244:1,224:3;2244:3,6,5,0,0.0,0,1,2,4,0,1,0.0,1,2,0,0,0.0,22.0,57.5,1,False,False
Evening,Set2,Draw1,3,15,2,2,0.0,7,1.0,False,False,False,False,False,False,True,3,1,3,1,1,1,0,0,044:1,440:1,4,7,1,0.0,0,1,0,0,0,0,0.5,1,4,0,1,0.0,19.5,98.0,1,True,False
Evening,Set2,Draw1,3,5,2,2,0.0,7,1.0,False,False,False,False,False,False,True,3,1,3,1,2,2,0,0,0044:1;004:1,4400:1;400:1,4,7,1,0.0,0,1,0,0,0,0,0.5,1,4,0,1,0.0,19.5,98.0,1,True,False
Evening,Set2,Draw1,3,10,3,2,0.0,2,1.0,True,False,False,False,False,True,True,2,1,2,1,2,2,0,0,00227:1;022:1,70022:2;022:2,6,2,1,0.0,0,1,2,0,0,1,0.5,1,2,1,0,0.0,17.5,52.5,2,False,False
Evening,Set2,Draw1,4,31,4,1,0.0,7,1.0,True,True,False,False,False,False,True,3,1,3,1,2,2,0,0,244:1;447:1,244:3;447:1,8,7,0,0.0,0,1,2,4,0,0,0.5,1,4,0,1,0.0,28.5,111.0,1,True,False
Evening,Set2,Draw1,4,4,4,1,0.0,3,1.0,True,True,True,False,True,False,False,3,1,3,1,0,1,0,1,003:1,003:4,8,3,0,0.0,2,1,2,4,1,0,0.0,1,4,0,1,0.0,27.0,72.5,1,True,False
Evening,Set2,Draw1,4,3,3,1,0.0,7,1.0,True,False,False,False,False,False,True,3,1,3,1,3,3,0,0,007:1;002:1;0022:1,700:2;200:1;2200:1,6,7,0,0.0,0,1,2,0,0,0,0.5,1,4,0,1,0.0,22.5,94.5,1,True,False
Evening,Set2,Draw1,4,28,3,1,0.0,5,1.0,True,True,False,False,False,False,False,2,1,2,1,0,2,0,0,224:1;2244:1,224:3;2244:3,6,5,0,0.0,0,1,2,4,0,0,0.0,1,2,0,1,0.0,22.0,57.5,1,True,False
Evening,Set2,Draw1,4,11,4,2,0.0,2,1.0,True,False,False,False,False,False,False,3,1,3,1,0,8,0,0,00237:1;0037:1;0023:1,70032:2;7003:2;0032:2,8,2,1,0.0,0,1,2,0,0,0,0.0,0,4,0,1,0.0,19.0,37.0,1,True,False
Evening,Set2,Draw1,4,30,3,1,0.0,4,1.0,True,False,False,False,False,False,True,3,1,3,1,3,3,0,0,22344:1;2234:1;3447:1,32244:2;3224:2;3447:1,6,4,0,0.0,0,1,2,0,0,0,0.5,0,4,0,1,0.0,18.5,50.0,1,True,False
Evening,Set2,Draw1,4,12,1,1,0.0,7,1.0,False,False,False,False,False,False,True,3,1,3,1,4,4,0,0,00244:1;0244:1;002244:1,24400:1;2440:1;224400:1,2,7,0,0.0,0,1,0,0,0,0,0.5,0,4,1,1,0.0,16.5,93.0,2,True,False
Evening,Set2,Draw1,4,15,1,1,0.0,7,1.0,False,False,False,False,False,False,True,3,1,3,1,1,1,0,0,044:1,440:1,2,7,0,0.0,0,1,0,0,0,0,0.5,1,4,0,1,0.0,16.5,98.0,1,True,False
Evening,Set2,Draw1,4,5,1,1,0.0,7,1.0,False,False,False,False,False,False,True,3,1,3,1,2,2,0,0,0044:1;004:1,4400:1;400:1,2,7,0,0.0,0,1,0,0,0,0,0.5,1,4,0,1,0.0,16.5,98.0,1,True,False
Evening,Set2,Draw1,4,14,2,2,0.0,3,1.0,False,False,False,False,False,False,False,3,1,3,1,0,4,0,0,00344:1;0034:1;0344:1,44003:1;4003:1;0344:1,4,3,1,0.0,0,1,0,0,0,0,0.0,0,4,1,1,0.0,15.0,46.5,2,True,False
Evening,Set2,Draw1,4,27,2,1,0.0,4,1.0,True,False,False,False,False,False,False,2,1,2,1,0,1,0,0,223:1,322:2,4,4,0,0.0,0,1,2,0,0,0,0.0,1,2,0,0,0.0,14.0,52.0,1,False,False
Evening,Set2,Draw1,4,34,1,1,0.0,4,1.0,False,False,False,False,False,False,True,3,1,3,1,1,1,0,0,344:1,344:1,2,4,0,0.0,0,1,0,0,0,0,0.5,1,4,0,1,0.0,13.5,57.0,1,True,False
Evening,Set2,Draw1,4,10,1,1,0.0,2,1.0,False,False,False,False,False,False,True,2,1,2,1,1,1,0,0,022:1,220:1,2,2,0,0.0,0,1,0,0,0,0,0.5,1,2,1,1,0.0,10.5,52.5,2,True,False
Evening,Set2,Draw1,5,31,4,1,0.0,7,0.0,True,True,False,False,False,False,True,3,1,3,1,2,0,0,0,244:1;447:1,244:3;447:1,8,7,0,0.0,0,0,2,4,0,0,0.5,1,4,0,1,0.0,27.5,111.0,1,True,False
Evening,Set2,Draw1,5,4,4,2,0.0,3,0.0,True,True,False,False,False,False,False,3,1,3,1,0,0,0,0,003:1;0035:1;035:1,003:3;5003:1;053:1,8,3,1,0.0,0,0,2,4,0,0,0.0,1,4,0,1,0.0,24.0,72.5,1,True,False
Evening,Set2,Draw1,5,28,3,1,0.0,5,0.0,True,True,False,False,False,False,False,2,1,2,1,0,0,0,0,224:1;2244:1,224:3;2244:3,6,5,0,0.0,0,0,2,4,0,0,0.0,1,2,1,1,0.0,22.0,57.5,2,True,False
Evening,Set2,Draw1,5,3,3,1,0.0,7,0.0,True,False,False,False,False,False,True,3,1,3,1,6,0,0,0,007:1;0057:1;00225:1,700:2;7005:1;22500:1,6,7,0,0.0,0,0,2,0,0,0,0.5,1,4,0,1,0.0,21.5,94.5,1,True,False
Evening,Set2,Draw1,5,12,2,2,0.0,7,0.0,False,False,False,False,False,False,True,3,1,3,1,9,0,0,0,00244:1;0244:1;0022445:1,24400:1;2440:1;5224400:1,4,7,1,0.0,0,0,0,0,0,0,0.5,0,4,1,1,0.0,18.5,93.0,2,True,False
Evening,Set2,Draw1,5,30,3,1,0.0,4,0.0,True,False,False,False,False,False,True,3,1,3,1,3,0,0,0,22344:1;2234:1;3447:1,32244:2;3224:2;3447:1,6,4,0,0.0,0,0,2,0,0,0,0.5,0,4,1,1,0.0,18.5,50.0,2,True,False
Evening,Set2,Draw1,5,11,4,2,0.0,3,0.0,False,False,False,False,False,False,False,3,1,3,1,0,0,0,0,00237:1;0037:1;002235:1,70032:1;0037:1;225003:1,8,3,1,0.0,0,0,0,0,0,0,0.0,0,4,1,1,0.0,18.0,37.0,2,True,False
Evening,Set2,Draw1,5,15,2,1,0.0,7,0.0,False,False,False,False,False,False,True,3,1,3,1,2,0,0,0,044:1;445:1,440:1;445:1,4,7,0,0.0,0,0,0,0,0,0,0.5,1,4,0,1,0.0,17.5,98.0,1,True,False
Evening,Set2,Draw1,5,5,1,1,0.0,7,0.0,False,False,False,False,False,False,True,3,1,3,1,2,0,0,0,0044:1;004:1,4400:1;400:1,2,7,0,0.0,0,0,0,0,0,0,0.5,1,4,0,1,0.0,15.5,98.0,1,True,False
Evening,Set2,Draw1,5,27,2,1,0.0,4,0.0,True,False,False,False,False,False,False,2,1,2,1,0,0,0,0,223:1,322:2,4,4,0,0.0,0,0,2,0,0,0,0.0,1,2,1,1,0.0,15.0,52.0,2,True,False
Evening,Set2,Draw1,5,14,2,2,0.0,3,0.0,False,False,False,False,False,False,False,3,1,3,1,0,0,0,0,00344:1;0034:1;003445:1,44003:1;4003:1;500344:1,4,3,1,0.0,0,0,0,0,0,0,0.0,0,4,1,1,0.0,14.0,46.5,2,True,False
Evening,Set2,Draw1,5,10,2,2,0.0,3,0.0,False,False,False,False,False,False,True,2,1,2,1,1,0,0,0,225:1,522:1,4,3,1,0.0,0,0,0,0,0,0,0.5,1,2,1,1,0.0,13.5,52.5,2,True,False
Evening,Set2,Draw1,5,34,1,1,0.0,4,0.0,False,False,False,False,False,False,True,3,1,3,1,1,0,0,0,344:1,344:1,2,4,0,0.0,0,0,0,0,0,0,0.5,1,4,0,1,0.0,12.5,57.0,1,True,False
Evening,Set2,Draw1,5,1,2,2,0.0,3,0.0,False,False,False,False,False,False,False,2,1,2,1,0,0,0,0,005:1,500:1,4,3,1,0.0,0,0,0,0,0,0,0.0,1,2,0,0,0.0,11.0,29.0,1,False,False
Evening,Set2,Draw1,6,31,4,1,0.0,7,0.0,True,True,False,False,False,False,True,3,1,3,1,2,0,0,0,244:1;447:1,244:3;447:1,8,7,0,0.0,0,0,2,4,0,0,0.5,1,4,1,1,0.0,28.5,111.0,2,True,False
Evening,Set2,Draw1,6,28,3,1,0.0,5,0.0,True,True,False,False,False,False,False,2,1,2,1,0,0,0,0,224:1;2244:1,224:3;2244:3,6,5,0,0.0,0,0,2,4,0,0,0.0,1,2,1,1,0.0,22.0,57.5,2,True,False
Evening,Set2,Draw1,6,3,3,1,0.0,7,0.0,True,False,False,False,False,False,True,3,1,3,1,6,0,0,0,007:1;0057:1;00225:1,700:2;7005:1;22500:1,6,7,0,0.0,0,0,2,0,0,0,0.5,1,4,0,1,0.0,21.5,94.5,1,True,False
Evening,Set2,Draw1,6,15,2,1,0.0,7,0.0,False,False,False,False,False,False,True,3,1,3,1,2,0,0,0,044:1;445:1,440:1;445:1,4,7,0,0.0,0,0,0,0,0,0,0.5,1,4,4,1,0.0,21.5,98.0,3,True,False
Evening,Set2,Draw1,6,12,2,2,0.0,7,0.0,False,False,False,False,False,False,True,3,1,3,1,9,0,0,0,00244:1;0244:1;0022445:1,24400:1;2440:1;5224400:1,4,7,1,0.0,0,0,0,0,0,0,0.5,0,4,1,1,0.0,18.5,93.0,2,True,False
Evening,Set2,Draw1,6,30,3,1,0.0,4,0.0,True,False,False,False,False,False,True,3,1,3,1,3,0,0,0,22344:1;2234:1;3447:1,32244:2;3224:2;3447:1,6,4,0,0.0,0,0,2,0,0,0,0.5,0,4,1,1,0.0,18.5,50.0,2,True,False
Evening,Set2,Draw1,6,5,1,1,0.0,7,0.0,False,False,False,False,False,False,True,3,1,3,1,2,0,0,0,0044:1;004:1,4400:1;400:1,2,7,0,0.0,0,0,0,0,0,0,0.5,1,4,0,1,0.0,15.5,98.0,1,True,False
Evening,Set2,Draw1,6,27,2,1,0.0,4,0.0,True,False,False,False,False,False,False,2,1,2,1,0,0,0,0,223:1,322:2,4,4,0,0.0,0,0,2,0,0,0,0.0,1,2,1,1,0.0,15.0,52.0,2,True,False
Evening,Set2,Draw1,6,2,2,1,0.0,2,0.0,True,False,False,False,False,False,True,3,1,3,1,1,0,0,0,001:1,001:2,4,2,0,0.0,0,0,2,0,0,0,0.5,1,4,0,1,0.0,14.5,55.0,1,True,False
Evening,Set2,Draw1,6,8,2,1,0.0,2,0.0,True,False,False,False,False,False,False,3,1,3,1,0,0,0,0,0013:1;013:1,0013:2;013:2,4,2,0,0.0,0,0,2,0,0,0,0.0,0,4,1,1,0.0,14.0,41.0,2,True,False
Evening,Set2,Draw1,6,4,2,2,0.0,3,0.0,False,False,False,False,False,False,False,3,1,3,1,0,0,0,0,0035:1;003:1;035:1,5003:1;003:1;053:1,4,3,1,0.0,0,0,0,0,0,0,0.0,1,4,0,1,0.0,14.0,72.5,1,True,False
Evening,Set2,Draw1,6,34,1,1,0.0,4,0.0,False,False,False,False,False,False,True,3,1,3,1,1,0,0,0,344:1,344:1,2,4,0,0.0,0,0,0,0,0,0,0.5,1,4,1,1,0.0,13.5,57.0,2,True,False
Evening,Set2,Draw1,6,7,2,2,0.0,2,0.0,False,False,False,False,False,False,True,3,1,3,1,3,0,0,0,0017:1;00157:1;017:1,1700:1;17005:1;170:1,4,2,1,0.0,0,0,0,0,0,0,0.5,0,4,0,1,0.0,12.5,26.0,1,True,False
Evening,Set2,Draw1,6,10,2,2,0.0,3,0.0,False,False,False,False,False,False,True,2,1,2,1,1,0,0,0,225:1,522:1,4,3,1,0.0,0,0,0,0,0,0,0.5,1,2,0,1,0.0,12.5,52.5,1,True,False
Evening,Set2,Draw1,6,11,2,2,0.0,3,0.0,False,False,False,False,False,False,False,2,1,2,1,0,0,0,0,002235:1;0022357:1;00235:1,225003:1;7005322:1;25003:1,4,3,1,0.0,0,0,0,0,0,0,0.0,0,2,1,1,0.0,12.0,37.0,2,True,False
Evening,Set2,Draw1,6,1,2,2,0.0,3,0.0,False,False,False,False,False,False,False,2,1,2,1,0,0,0,0,005:1,500:1,4,3,1,0.0,0,0,0,0,0,0,0.0,1,2,0,1,0.0,12.0,29.0,1,True,False
Evening,Set2,Draw1,6,14,1,1,0.0,3,0.0,False,False,False,False,False,False,False,3,1,3,1,0,0,0,0,00344:1;003445:1;0034:1,00344:1;500344:1;0034:1,2,3,0,0.0,0,0,0,0,0,0,0.0,0,4,1,1,0.0,11.0,46.5,2,True,False
Evening,Set2,Draw1,6,9,1,1,0.0,2,0.0,False,False,False,False,False,False,True,3,1,3,1,2,0,0,0,00144:1;0014:1,44001:1;4001:1,2,2,0,0.0,0,0,0,0,0,0,0.5,0,4,1,1,0.0,10.5,38.0,2,True,False
Evening,Set2,Draw1,6,21,2,1,0.0,1,0.0,False,False,False,False,False,False,False,3,1,3,1,0,0,0,0,123:1;1223:1;137:1,132:1;1322:1;137:1,4,1,0,0.0,0,0,0,0,0,0,0.0,0,4,0,1,0.0,10.0,18.5,1,True,False
Evening,Set2,Draw1,6,22,1,1,0.0,1,0.0,False,False,False,False,False,False,False,3,1,3,1,0,0,0,0,1447:1;147:1,4471:1;471:1,2,1,0,0.0,0,0,0,0,0,0,0.0,0,4,0,1,0.0,8.0,23.0,1,True,False
Evening,Set2,Draw1,7,31,4,1,0.0,7,0.0,True,True,False,False,False,False,True,3,1,3,1,3,0,0,0,244:1;447:1;4477:1,244:3;447:1;4477:1,8,7,0,0.0,0,0,2,4,0,0,0.5,1,4,4,1,0.0,31.5,111.0,3,True,False
Evening,Set2,Draw1,7,28,4,1,0.0,5,0.0,True,True,False,False,False,False,False,2,1,2,1,0,0,0,0,224:1;2244:1;477:1,224:3;2244:3;477:1,8,5,0,0.0,0,0,2,4,0,0,0.0,1,2,1,1,0.0,24.0,57.5,2,True,False
Evening,Set2,Draw1,7,3,3,1,0.0,7,0.0,True,False,False,False,False,False,True,3,1,3,1,8,0,0,0,007:1;0077:1;0057:1,700:2;7700:2;7005:1,6,7,0,0.0,0,0,2,0,0,0,0.5,1,4,0,1,0.0,21.5,94.5,1,True,False
Evening,Set2,Draw1,7,12,2,2,0.0,7,0.0,False,False,False,False,False,False,True,3,1,3,1,9,0,0,0,00244:1;0244:1;0022445:1,24400:1;2440:1;5224400:1,4,7,1,0.0,0,0,0,0,0,0,0.5,0,4,4,1,0.0,21.5,93.0,3,True,False
Evening,Set2,Draw1,7,15,2,1,0.0,7,0.0,False,False,False,False,False,False,True,3,1,3,1,2,0,0,0,044:1;445:1,440:1;445:1,4,7,0,0.0,0,0,0,0,0,0,0.5,1,4,4,1,0.0,21.5,98.0,3,True,False
Evening,Set2,Draw1,7,30,3,1,0.0,4,0.0,True,False,False,False,False,False,True,3,1,3,1,8,0,0,0,22344:1;2234:1;3447:1,32244:2;3224:2;3447:1,6,4,0,0.0,0,0,2,0,0,0,0.5,0,4,4,1,0.0,21.5,50.0,3,True,False
Evening,Set2,Draw1,7,10,4,2,0.0,3,0.0,True,False,False,False,False,False,True,2,1,2,1,2,0,0,0,077:1;225:1,770:2;522:1,8,3,1,0.0,0,0,2,0,0,0,0.5,1,2,0,1,0.0,18.5,52.5,1,True,False
Evening,Set2,Draw1,7,27,3,1,0.0,4,0.0,True,False,False,False,False,False,False,2,1,2,1,0,0,0,0,223:1;2238:1;778:1,322:2;8322:1;877:1,6,4,0,0.0,0,0,2,0,0,0,0.0,1,2,1,1,0.0,17.0,52.0,2,True,False
Evening,Set2,Draw1,7,34,1,1,0.0,4,0.0,False,False,False,False,False,False,True,3,1,3,1,1,0,0,0,344:1,344:1,2,4,0,0.0,0,0,0,0,0,0,0.5,1,4,4,1,0.0,16.5,57.0,3,True,False
Evening,Set2,Draw1,7,8,2,2,0.0,2,0.0,False,False,False,False,False,False,False,3,1,3,1,0,0,0,0,00138:1;0138:1;0013:1,00138:1;0138:1;0013:1,4,2,1,0.0,0,0,0,0,0,0,0.0,0,4,4,1,0.0,16.0,41.0,3,True,False
Evening,Set2,Draw1,7,21,3,1,0.0,1,0.0,False,False,False,False,False,False,False,3,1,3,1,0,0,0,0,1378:1;178:1;1238:1,1387:1;817:1;1832:1,6,1,0,0.0,0,0,0,0,0,0,0.0,0,4,4,1,0.0,16.0,18.5,3,True,False
Evening,Set2,Draw1,7,5,1,1,0.0,7,0.0,False,False,False,False,False,False,True,3,1,3,1,2,0,0,0,0044:1;004:1,4400:1;400:1,2,7,0,0.0,0,0,0,0,0,0,0.5,1,4,0,1,0.0,15.5,98.0,1,True,False
Evening,Set2,Draw1,7,23,2,2,0.0,1,0.0,False,False,False,False,False,False,False,3,1,3,1,0,0,0,0,138:1,138:1,4,1,1,0.0,0,0,0,0,0,0,0.0,0,4,4,1,0.0,15.0,33.5,3,True,False
Evening,Set2,Draw1,7,2,2,1,0.0,2,0.0,True,False,False,False,False,False,True,3,1,3,1,1,0,0,0,001:1,001:2,4,2,0,0.0,0,0,2,0,0,0,0.5,1,4,0,1,0.0,14.5,55.0,1,True,False
Evening,Set2,Draw1,7,9,1,1,0.0,2,0.0,False,False,False,False,False,False,True,3,1,3,1,2,0,0,0,00144:1;0014:1,44001:1;4001:1,2,2,0,0.0,0,0,0,0,0,0,0.5,0,4,4,1,0.0,13.5,38.0,3,True,False
Evening,Set2,Draw1,7,7,2,2,0.0,2,0.0,False,False,False,False,False,False,True,3,1,3,1,4,0,0,0,001577:1;0017:1;00177:1,177005:1;7001:1;17700:1,4,2,1,0.0,0,0,0,0,0,0,0.5,0,4,1,1,0.0,13.5,26.0,2,True,False
Evening,Set2,Draw1,7,4,2,1,0.0,3,0.0,False,False,False,False,False,False,False,3,1,3,1,0,0,0,0,0038:1;0035:1;008:1,0083:1;0053:1;008:1,4,3,0,0.0,0,0,0,0,0,0,0.0,1,4,0,1,0.0,13.0,72.5,1,True,False
Evening,Set2,Draw1,7,14,1,1,0.0,1,0.0,False,False,False,False,False,False,False,3,1,3,1,0,0,0,0,003448:1;00348:1;03448:1,008344:1;00834:1;08344:1,2,1,0,0.0,0,0,0,0,0,0,0.0,0,4,4,1,0.0,12.0,46.5,3,True,False
Evening,Set2,Draw1,7,1,2,2,0.0,3,0.0,False,False,False,False,False,False,False,2,1,2,1,0,0,0,0,005:1,500:1,4,3,1,0.0,0,0,0,0,0,0,0.0,1,2,0,1,0.0,12.0,29.0,1,True,False
Evening,Set2,Draw1,7,33,1,1,0.0,1,0.0,False,False,False,False,False,False,False,3,1,3,1,0,0,0,0,3448:1;348:1,8344:1;834:1,2,1,0,0.0,0,0,0,0,0,0,0.0,0,4,4,1,0.0,12.0,43.5,3,True,False
Evening,Set2,Draw1,7,29,2,1,0.0,1,0.0,False,False,False,False,False,False,False,3,1,3,1,0,0,0,0,378:1;238:1;3778:1,387:1;832:1;3877:1,4,1,0,0.0,0,0,0,0,0,0,0.0,0,4,1,1,0.0,11.0,48.0,2,True,False
Evening,Set2,Draw1,7,11,2,1,0.0,3,0.0,False,False,False,False,False,False,False,2,1,2,1,0,0,0,0,0022357:1;00223577:1;002357:1,7005322:1;77005322:1;700532:1,4,3,0,0.0,0,0,0,0,0,0,0.0,0,2,0,1,0.0,10.0,37.0,1,True,False
Evening,Set2,Draw1,7,22,1,1,0.0,1,0.0,False,False,False,False,False,False,False,2,1,2,1,0,0,0,0,14477:1;1477:1,44771:1;4771:1,2,1,0,0.0,0,0,0,0,0,0,0.0,0,2,4,1,0.0,10.0,23.0,3,True,False
Evening,Set2,Draw1,7,13,1,1,0.0,1,0.0,False,False,False,False,False,False,False,3,1,3,1,0,0,0,0,038:1,083:1,2,1,0,0.0,0,0,0,0,0,0,0.0,0,4,1,1,0.0,9.0,57.0,2,True,False
Evening,Set2,Draw1,7,20,2,2,0.0,1,0.0,False,False,False,False,False,False,False,2,1,2,1,0,0,0,0,177:1,771:1,4,1,1,0.0,0,0,0,0,0,0,0.0,1,2,0,0,0.0,9.0,14.5,1,False,False
Evening,Set3,Draw1,1,5,4,2,0.0,7,1.0,True,True,False,True,False,False,True,3,1,3,1,2,2,0,0,0044:1;004:1,0044:3;004:3,8,7,1,0.0,0,1,2,4,0,0,0.5,1,4,0,1,0.0,29.5,98.0,1,True,False
Evening,Set3,Draw1,1,15,4,2,0.0,7,1.0,True,True,False,False,False,False,True,3,1,3,1,1,1,0,0,044:1,044:3,8,7,1,0.0,0,1,2,4,0,0,0.5,1,4,0,1,0.0,29.5,98.0,1,True,False
Evening,Set3,Draw1,2,31,3,1,0.0,6,1.0,True,True,False,False,False,True,True,3,1,3,1,1,1,0,0,244:1,244:3,6,6,0,0.0,0,1,2,4,0,1,0.5,1,4,0,1,0.0,26.5,111.0,1,True,False
Evening,Set3,Draw1,2,12,4,3,0.0,6,1.0,True,False,False,False,False,True,True,3,1,3,1,4,4,0,0,00244:1;0244:1;0024:1,00244:2;0244:2;0024:2,8,6,2,0.0,0,1,2,0,0,1,0.5,0,4,1,1,0.0,26.5,93.0,2,True,False
Evening,Set3,Draw1,2,3,3,2,0.0,6,1.0,True,False,False,False,False,False,True,3,1,3,1,1,1,0,0,002:1,002:2,6,6,1,0.0,0,1,2,0,0,0,0.5,1,4,0,1,0.0,22.5,94.5,1,True,False
Evening,Set3,Draw1,2,15,2,2,0.0,7,1.0,False,False,False,False,False,False,True,3,1,3,1,1,1,0,0,044:1,440:1,4,7,1,0.0,0,1,0,0,0,0,0.5,1,4,0,1,0.0,19.5,98.0,1,True,False
Evening,Set3,Draw1,2,5,2,2,0.0,7,1.0,False,False,False,False,False,False,True,3,1,3,1,2,2,0,0,0044:1;004:1,4400:1;400:1,4,7,1,0.0,0,1,0,0,0,0,0.5,1,4,0,1,0.0,19.5,98.0,1,True,False
Evening,Set3,Draw1,3,4,4,1,0.0,5,1.0,True,True,True,False,True,True,False,3,1,3,1,0,1,0,1,003:1,003:4,8,5,0,0.0,2,1,2,4,1,1,0.0,1,4,0,0,0.0,29.0,72.5,1,False,False
Evening,Set3,Draw1,3,31,3,1,0.0,6,1.0,True,True,False,False,False,True,True,3,1,3,1,1,1,0,0,244:1,244:3,6,6,0,0.0,0,1,2,4,0,1,0.5,1,4,0,1,0.0,26.5,111.0,1,True,False
Evening,Set3,Draw1,3,11,3,2,0.0,4,1.0,True,False,False,False,False,True,False,3,1,3,1,0,2,0,0,0023:1;023:1,0032:2;032:2,6,4,1,0.0,0,1,2,0,0,1,0.0,0,4,0,0,0.0,19.0,37.0,1,False,False
Evening,Set3,Draw1,3,15,1,1,0.0,7,1.0,False,False,False,False,False,True,True,3,1,3,1,1,1,0,0,044:1,440:1,2,7,0,0.0,0,1,0,0,0,1,0.5,1,4,0,1,0.0,17.5,98.0,1,True,False
Evening,Set3,Draw1,3,5,1,1,0.0,7,1.0,False,False,False,False,False,True,True,3,1,3,1,2,2,0,0,0044:1;004:1,4400:1;400:1,2,7,0,0.0,0,1,0,0,0,1,0.5,1,4,0,1,0.0,17.5,98.0,1,True,False
Evening,Set3,Draw1,3,12,1,1,0.0,6,1.0,False,False,False,False,False,True,True,3,1,3,1,2,2,0,0,00244:1;0244:1,24400:1;2440:1,2,6,0,0.0,0,1,0,0,0,1,0.5,0,4,1,1,0.0,16.5,93.0,2,True,False
Evening,Set3,Draw1,3,3,1,1,0.0,6,1.0,False,False,False,False,False,True,True,3,1,3,1,1,1,0,0,002:1,200:1,2,6,0,0.0,0,1,0,0,0,1,0.5,1,4,0,1,0.0,16.5,94.5,1,True,False
Evening,Set3,Draw1,3,34,1,1,0.0,5,1.0,False,False,False,False,False,True,True,3,1,3,1,1,1,0,0,344:1,344:1,2,5,0,0.0,0,1,0,0,0,1,0.5,1,4,0,0,0.0,14.5,57.0,1,False,False
Evening,Set3,Draw1,3,14,2,2,0.0,3,1.0,False,False,False,False,False,True,False,3,1,3,1,0,4,0,0,00344:1;0344:1;0034:1,44003:1;0344:1;4003:1,4,3,1,0.0,0,1,0,0,0,1,0.0,0,4,0,0,0.0,14.0,46.5,1,False,False
Evening,Set3,Draw1,3,30,2,1,0.0,5,1.0,True,False,False,False,False,True,True,1,1,1,1,2,2,0,0,2344:1;234:1,3244:2;324:2,4,5,0,0.0,0,1,2,0,0,1,0.5,0,0,0,0,0.0,13.5,50.0,1,False,False
Evening,Set3,Draw1,4,4,4,1,0.0,5,1.0,True,True,True,False,True,False,False,3,1,3,1,0,1,0,1,003:1,003:4,8,5,0,0.0,2,1,2,4,1,0,0.0,1,4,0,1,0.0,29.0,72.5,1,True,False
Evening,Set3,Draw1,4,31,3,1,0.0,6,1.0,True,True,False,False,False,False,True,3,1,3,1,1,1,0,0,244:1,244:3,6,6,0,0.0,0,1,2,4,0,0,0.5,1,4,0,1,0.0,25.5,111.0,1,True,False
Evening,Set3,Draw1,4,11,3,2,0.0,4,1.0,True,False,False,False,False,False,False,3,1,3,1,0,2,0,0,0023:1;023:1,0032:2;032:2,6,4,1,0.0,0,1,2,0,0,0,0.0,0,4,1,1,0.0,20.0,37.0,2,True,False
Evening,Set3,Draw1,4,15,1,1,0.0,7,1.0,False,False,False,False,False,False,True,3,1,3,1,1,1,0,0,044:1,440:1,2,7,0,0.0,0,1,0,0,0,0,0.5,1,4,0,1,0.0,16.5,98.0,1,True,False
Evening,Set3,Draw1,4,5,1,1,0.0,7,1.0,False,False,False,False,False,False,True,3,1,3,1,2,2,0,0,0044:1;004:1,4400:1;400:1,2,7,0,0.0,0,1,0,0,0,0,0.5,1,4,0,1,0.0,16.5,98.0,1,True,False
Evening,Set3,Draw1,4,12,1,1,0.0,6,1.0,False,False,False,False,False,False,True,3,1,3,1,2,2,0,0,00244:1;0244:1,24400:1;2440:1,2,6,0,0.0,0,1,0,0,0,0,0.5,0,4,1,1,0.0,15.5,93.0,2,True,False
Evening,Set3,Draw1,4,3,1,1,0.0,6,1.0,False,False,False,False,False,False,True,3,1,3,1,1,1,0,0,002:1,200:1,2,6,0,0.0,0,1,0,0,0,0,0.5,1,4,0,1,0.0,15.5,94.5,1,True,False
Evening,Set3,Draw1,4,14,2,2,0.0,3,1.0,False,False,False,False,False,False,False,3,1,3,1,0,4,0,0,00344:1;0034:1;0344:1,44003:1;4003:1;0344:1,4,3,1,0.0,0,1,0,0,0,0,0.0,0,4,1,1,0.0,15.0,46.5,2,True,False
Evening,Set3,Draw1,4,34,1,1,0.0,5,1.0,False,False,False,False,False,False,True,3,1,3,1,1,1,0,0,344:1,344:1,2,5,0,0.0,0,1,0,0,0,0,0.5,1,4,0,1,0.0,14.5,57.0,1,True,False
Evening,Set3,Draw1,4,30,2,1,0.0,5,1.0,True,False,False,False,False,False,True,1,1,1,1,2,2,0,0,2344:1;234:1,3244:2;324:2,4,5,0,0.0,0,1,2,0,0,0,0.5,0,0,1,1,0.0,14.5,50.0,2,True,False
Evening,Set3,Draw1,5,31,3,1,0.0,6,0.0,True,True,False,False,False,False,True,3,1,3,1,1,0,0,0,244:1,244:3,6,6,0,0.0,0,0,2,4,0,0,0.5,1,4,1,1,0.0,25.5,111.0,2,True,False
Evening,Set3,Draw1,5,2,3,2,0.0,3,0.0,True,False,False,False,False,False,True,3,1,3,1,1,0,0,0,001:1,001:2,6,3,1,0.0,0,0,2,0,0,0,0.5,1,4,0,0,0.0,17.5,55.0,1,False,False
Evening,Set3,Draw1,5,4,2,1,0.0,5,0.0,True,False,False,False,False,False,False,3,1,3,1,0,0,0,0,003:1,003:2,4,5,0,0.0,0,0,2,0,0,0,0.0,1,4,0,1,0.0,17.0,72.5,1,True,False
Evening,Set3,Draw1,5,15,1,1,0.0,7,0.0,False,False,False,False,False,False,True,3,1,3,1,1,0,0,0,044:1,440:1,2,7,0,0.0,0,0,0,0,0,0,0.5,1,4,1,1,0.0,16.5,98.0,2,True,False
Evening,Set3,Draw1,5,8,3,2,0.0,3,0.0,True,False,False,False,False,False,False,3,1,3,1,0,0,0,0,0013:1;013:1,0013:2;013:2,6,3,1,0.0,0,0,2,0,0,0,0.0,0,4,0,0,0.0,16.0,41.0,1,False,False
Evening,Set3,Draw1,5,5,1,1,0.0,7,0.0,False,False,False,False,False,False,True,3,1,3,1,2,0,0,0,0044:1;004:1,4400:1;400:1,2,7,0,0.0,0,0,0,0,0,0,0.5,1,4,0,1,0.0,15.5,98.0,1,True,False
Evening,Set3,Draw1,5,11,2,2,0.0,4,0.0,False,False,False,False,False,False,False,3,1,3,1,0,0,0,0,0023:1;023:1,2003:1;032:1,4,4,1,0.0,0,0,0,0,0,0,0.0,0,4,1,1,0.0,15.0,37.0,2,True,False
Evening,Set3,Draw1,5,12,1,1,0.0,6,0.0,False,False,False,False,False,False,True,3,1,3,1,2,0,0,0,00244:1;0244:1,24400:1;2440:1,2,6,0,0.0,0,0,0,0,0,0,0.5,0,4,1,1,0.0,14.5,93.0,2,True,False
Evening,Set3,Draw1,5,3,1,1,0.0,6,0.0,False,False,False,False,False,False,True,3,1,3,1,1,0,0,0,002:1,200:1,2,6,0,0.0,0,0,0,0,0,0,0.5,1,4,0,1,0.0,14.5,94.5,1,True,False
Evening,Set3,Draw1,5,34,1,1,0.0,5,0.0,False,False,False,False,False,False,True,3,1,3,1,1,0,0,0,344:1,344:1,2,5,0,0.0,0,0,0,0,0,0,0.5,1,4,1,1,0.0,14.5,57.0,2,True,False
Evening,Set3,Draw1,5,30,2,1,0.0,5,0.0,True,False,False,False,False,False,True,1,1,1,1,2,0,0,0,2344:1;234:1,3244:2;324:2,4,5,0,0.0,0,0,2,0,0,0,0.5,0,0,1,1,0.0,13.5,50.0,2,True,False
Evening,Set3,Draw1,5,14,1,1,0.0,3,0.0,False,False,False,False,False,False,False,3,1,3,1,0,0,0,0,00344:1;0034:1;0344:1,00344:1;0034:1;0344:1,2,3,0,0.0,0,0,0,0,0,0,0.0,0,4,1,1,0.0,11.0,46.5,2,True,False
Evening,Set3,Draw1,5,9,1,1,0.0,3,0.0,False,False,False,False,False,False,True,3,1,3,1,2,0,0,0,00144:1;0014:1,44001:1;4001:1,2,3,0,0.0,0,0,0,0,0,0,0.5,0,4,0,0,0.0,9.5,38.0,1,False,False
Evening,Set3,Draw1,5,21,1,1,0.0,1,0.0,False,False,False,False,False,False,False,3,1,3,1,0,0,0,0,123:1,132:1,2,1,0,0.0,0,0,0,0,0,0,0.0,0,4,0,0,0.0,7.0,18.5,1,False,False
Evening,Set3,Draw1,5,25,1,1,0.0,1,0.0,False,False,False,False,False,False,True,1,1,1,1,1,0,0,0,144:1,441:1,2,1,0,0.0,0,0,0,0,0,0,0.5,1,0,1,0,0.0,5.5,17.5,2,False,False
Evening,Set3,Draw1,5,24,1,1,0.0,1,0.0,False,False,False,False,False,False,True,1,1,1,1,1,0,0,0,1344:1,3441:1,2,1,0,0.0,0,0,0,0,0,0,0.5,0,0,1,0,0.0,4.5,24.0,2,False,False
Evening,Set3,Draw1,6,31,4,1,0.0,6,0.0,True,True,False,False,False,False,True,3,1,3,1,2,0,0,0,244:1;447:1,244:3;447:1,8,6,0,0.0,0,0,2,4,0,0,0.5,1,4,1,1,0.0,27.5,111.0,2,True,False
Evening,Set3,Draw1,6,3,3,1,0.0,6,0.0,True,False,False,False,False,False,True,3,1,3,1,2,0,0,0,002:1;007:1,700:2;200:1,6,6,0,0.0,0,0,2,0,0,0,0.5,1,4,0,1,0.0,20.5,94.5,1,True,False
Evening,Set3,Draw1,6,30,3,1,0.0,5,0.0,True,False,False,False,False,False,True,3,1,3,1,6,0,0,0,2344:1;234:1;34478:1,3244:2;324:2;83447:1,6,5,0,0.0,0,0,2,0,0,0,0.5,0,4,1,1,0.0,19.5,50.0,2,True,False
Evening,Set3,Draw1,6,34,1,1,0.0,5,0.0,False,False,False,False,False,False,True,3,1,3,1,1,0,0,0,344:1,344:1,2,5,0,0.0,0,0,0,0,0,0,0.5,1,4,4,1,0.0,17.5,57.0,3,True,False
Evening,Set3,Draw1,6,15,1,1,0.0,7,0.0,False,False,False,False,False,False,True,3,1,3,1,1,0,0,0,044:1,440:1,2,7,0,0.0,0,0,0,0,0,0,0.5,1,4,1,1,0.0,16.5,98.0,2,True,False
Evening,Set3,Draw1,6,5,1,1,0.0,7,0.0,False,False,False,False,False,False,True,3,1,3,1,2,0,0,0,0044:1;004:1,4400:1;400:1,2,7,0,0.0,0,0,0,0,0,0,0.5,1,4,0,1,0.0,15.5,98.0,1,True,False
Evening,Set3,Draw1,6,2,2,1,0.0,3,0.0,True,False,False,False,False,False,True,3,1,3,1,1,0,0,0,001:1,001:2,4,3,0,0.0,0,0,2,0,0,0,0.5,1,4,0,1,0.0,15.5,55.0,1,True,False
Evening,Set3,Draw1,6,4,2,1,0.0,5,0.0,False,False,False,False,False,False,False,3,1,3,1,0,0,0,0,003:1;0038:1;008:1,003:1;0083:1;008:1,4,5,0,0.0,0,0,0,0,0,0,0.0,1,4,0,1,0.0,15.0,72.5,1,True,False
Evening,Set3,Draw1,6,12,1,1,0.0,6,0.0,False,False,False,False,False,False,True,3,1,3,1,2,0,0,0,00244:1;0244:1,24400:1;2440:1,2,6,0,0.0,0,0,0,0,0,0,0.5,0,4,1,1,0.0,14.5,93.0,2,True,False
Evening,Set3,Draw1,6,11,2,1,0.0,4,0.0,False,False,False,False,False,False,False,3,1,3,1,0,0,0,0,0023:1;00237:1;023:1,0032:1;70032:1;032:1,4,4,0,0.0,0,0,0,0,0,0,0.0,0,4,1,1,0.0,14.0,37.0,2,True,False
Evening,Set3,Draw1,6,8,2,2,0.0,3,0.0,False,False,False,False,False,False,False,3,1,3,1,0,0,0,0,00138:1;0138:1;0013:1,00138:1;0138:1;0013:1,4,3,1,0.0,0,0,0,0,0,0,0.0,0,4,0,1,0.0,13.0,41.0,1,True,False
Evening,Set3,Draw1,6,21,3,1,0.0,2,0.0,False,False,False,False,False,False,False,3,1,3,1,0,0,0,0,1378:1;178:1;1238:1,1387:1;817:1;1832:1,6,2,0,0.0,0,0,0,0,0,0,0.0,0,4,0,1,0.0,13.0,18.5,1,True,False
Evening,Set3,Draw1,6,7,2,2,0.0,2,0.0,False,False,False,False,False,False,True,3,1,3,1,2,0,0,0,0017:1;017:1,1700:1;170:1,4,2,1,0.0,0,0,0,0,0,0,0.5,0,4,0,1,0.0,12.5,26.0,1,True,False
Evening,Set3,Draw1,6,23,2,2,0.0,2,0.0,False,False,False,False,False,False,False,3,1,3,1,0,0,0,0,138:1,138:1,4,2,1,0.0,0,0,0,0,0,0,0.0,0,4,1,0,0.0,12.0,33.5,2,False,False
Evening,Set3,Draw1,6,33,1,1,0.0,1,0.0,False,False,False,False,False,False,False,3,1,3,1,0,0,0,0,3448:1;348:1,8344:1;834:1,2,1,0,0.0,0,0,0,0,0,0,0.0,0,4,4,0,0.0,11.0,43.5,3,False,False
Evening,Set3,Draw1,6,9,1,1,0.0,3,0.0,False,False,False,False,False,False,True,3,1,3,1,2,0,0,0,00144:1;0014:1,44001:1;4001:1,2,3,0,0.0,0,0,0,0,0,0,0.5,0,4,0,1,0.0,10.5,38.0,1,True,False
Evening,Set3,Draw1,6,29,2,1,0.0,1,0.0,False,False,False,False,False,False,False,3,1,3,1,0,0,0,0,378:1;238:1,387:1;832:1,4,1,0,0.0,0,0,0,0,0,0,0.0,0,4,1,0,0.0,10.0,48.0,2,False,False
Evening,Set3,Draw1,6,14,1,1,0.0,1,0.0,False,False,False,False,False,False,False,3,1,3,1,0,0,0,0,003448:1;00348:1;03448:1,008344:1;00834:1;08344:1,2,1,0,0.0,0,0,0,0,0,0,0.0,0,4,1,1,0.0,9.0,46.5,2,True,False
Evening,Set3,Draw1,6,22,1,1,0.0,2,0.0,False,False,False,False,False,False,False,3,1,3,1,0,0,0,0,1447:1;147:1,4471:1;471:1,2,2,0,0.0,0,0,0,0,0,0,0.0,0,4,0,1,0.0,9.0,23.0,1,True,False
Evening,Set3,Draw1,6,13,1,1,0.0,1,0.0,False,False,False,False,False,False,False,3,1,3,1,0,0,0,0,038:1,083:1,2,1,0,0.0,0,0,0,0,0,0,0.0,0,4,1,0,0.0,8.0,57.0,2,False,False
Evening,Set3,Draw1,7,31,4,1,0.0,6,0.0,True,True,False,False,False,False,True,3,1,3,1,2,0,0,0,244:1;447:1,244:3;447:1,8,6,0,0.0,0,0,2,4,0,0,0.5,1,4,4,1,0.0,30.5,111.0,3,True,False
Evening,Set3,Draw1,7,3,3,1,0.0,6,0.0,True,False,False,False,False,False,True,3,1,3,1,2,0,0,0,002:1;007:1,700:2;200:1,6,6,0,0.0,0,0,2,0,0,0,0.5,1,4,1,1,0.0,21.5,94.5,2,True,False
Evening,Set3,Draw1,7,15,1,1,0.0,7,0.0,False,False,False,False,False,False,True,3,1,3,1,1,0,0,0,044:1,440:1,2,7,0,0.0,0,0,0,0,0,0,0.5,1,4,4,1,0.0,19.5,98.0,3,True,False
Evening,Set3,Draw1,7,30,2,1,0.0,5,0.0,False,False,False,False,False,False,True,3,1,3,1,7,0,0,0,334478:1;3447:1;2344:1,833447:1;3447:1;3244:1,4,5,0,0.0,0,0,0,0,0,0,0.5,0,4,4,1,0.0,18.5,50.0,3,True,False
Evening,Set3,Draw1,7,12,1,1,0.0,6,0.0,False,False,False,False,False,False,True,3,1,3,1,2,0,0,0,00244:1;0244:1,24400:1;2440:1,2,6,0,0.0,0,0,0,0,0,0,0.5,0,4,4,1,0.0,17.5,93.0,3,True,False
Evening,Set3,Draw1,7,2,3,1,0.0,3,0.0,True,False,False,False,False,False,True,3,1,3,1,3,0,0,0,001:1;006:1;0066:1,001:2;006:1;0066:1,6,3,0,0.0,0,0,2,0,0,0,0.5,1,4,0,1,0.0,17.5,55.0,1,True,False
Evening,Set3,Draw1,7,34,1,1,0.0,5,0.0,False,False,False,False,False,False,True,3,1,3,1,1,0,0,0,344:1,344:1,2,5,0,0.0,0,0,0,0,0,0,0.5,1,4,4,1,0.0,17.5,57.0,3,True,False
Evening,Set3,Draw1,7,32,3,2,0.0,1,0.0,True,False,False,False,False,False,False,2,1,2,1,0,0,0,0,338:1,833:2,6,1,1,0.0,0,0,2,0,0,0,0.0,1,2,4,0,0.0,17.0,27.5,3,False,False
Evening,Set3,Draw1,7,23,3,3,0.0,2,0.0,False,False,False,False,False,False,False,3,1,3,1,0,0,0,0,33668:1;3368:1;138:1,33866:1;3386:1;183:1,6,2,2,0.0,0,0,0,0,0,0,0.0,1,4,1,1,0.0,17.0,33.5,2,True,False
Evening,Set3,Draw1,7,5,1,1,0.0,7,0.0,False,False,False,False,False,False,True,3,1,3,1,2,0,0,0,0044:1;004:1,4400:1;400:1,2,7,0,0.0,0,0,0,0,0,0,0.5,1,4,1,1,0.0,16.5,98.0,2,True,False
Evening,Set3,Draw1,7,8,3,2,0.0,3,0.0,False,False,False,False,False,False,False,3,1,3,1,0,0,0,0,00138:1;0013:1;001338:1,00183:1;0013:1;001338:1,6,3,1,0.0,0,0,0,0,0,0,0.0,0,4,1,1,0.0,16.0,41.0,2,True,False
Evening,Set3,Draw1,7,7,3,2,0.0,2,0.0,False,False,False,False,False,False,True,3,1,3,1,4,0,0,0,0017:1;017:1;00266:1,1700:1;170:1;20066:1,6,2,1,0.0,0,0,0,0,0,0,0.5,0,4,0,1,0.0,14.5,26.0,1,True,False
Evening,Set3,Draw1,7,4,1,1,0.0,5,0.0,False,False,False,False,False,False,False,3,1,3,1,0,0,0,0,003:1;0033:1,003:1;0033:1,2,5,0,0.0,0,0,0,0,0,0,0.0,1,4,1,1,0.0,14.0,72.5,2,True,False
Evening,Set3,Draw1,7,18,4,2,0.0,1,0.0,True,False,False,False,False,False,False,1,1,1,1,0,0,0,0,668:1;133668:1;1668:1,668:2;133866:1;6681:1,8,1,1,0.0,0,0,2,0,0,0,0.0,1,0,1,0,0.0,14.0,31.0,2,False,False
Evening,Set3,Draw1,7,21,3,1,0.0,2,0.0,False,False,False,False,False,False,False,3,1,3,1,0,0,0,0,1336678:1;178:1;1233668:1,1338667:1;817:1;1833662:1,6,2,0,0.0,0,0,0,0,0,0,0.0,0,4,1,1,0.0,14.0,18.5,2,True,False
Evening,Set3,Draw1,7,22,2,1,0.0,2,0.0,False,False,False,False,False,False,False,3,1,3,1,0,0,0,0,1447:1;147:1;2446:1,4471:1;471:1;6244:1,4,2,0,0.0,0,0,0,0,0,0,0.0,0,4,1,1,0.0,12.0,23.0,2,True,False
Evening,Set3,Draw1,7,9,1,1,0.0,3,0.0,False,False,False,False,False,False,True,3,1,3,1,2,0,0,0,00144:1;0014:1,44001:1;4001:1,2,3,0,0.0,0,0,0,0,0,0,0.5,0,4,1,1,0.0,11.5,38.0,2,True,False
Evening,Set3,Draw1,7,33,1,1,0.0,1,0.0,False,False,False,False,False,False,False,2,1,2,1,0,0,0,0,33448:1;3348:1;334:1,83344:1;8334:1;334:1,2,1,0,0.0,0,0,0,0,0,0,0.0,1,2,4,1,0.0,11.0,43.5,3,True,False
Evening,Set3,Draw1,7,11,1,1,0.0,2,0.0,False,False,False,False,False,False,False,3,1,3,1,0,0,0,0,0037:1;002337:1;00337:1,7003:1;700332:1;70033:1,2,2,0,0.0,0,0,0,0,0,0,0.0,0,4,1,1,0.0,10.0,37.0,2,True,False
Evening,Set3,Draw1,7,29,1,1,0.0,1,0.0,False,False,False,False,False,False,False,2,1,2,1,0,0,0,0,233:1,332:1,2,1,0,0.0,0,0,0,0,0,0,0.0,1,2,1,1,0.0,8.0,48.0,2,True,False
Evening,Set3,Draw1,7,17,2,1,0.0,1,0.0,False,False,False,False,False,False,False,1,1,1,1,0,0,0,0,667:1;266:1,667:1;662:1,4,1,0,0.0,0,0,0,0,0,0,0.0,1,0,0,0,0.0,6.0,10.0,1,False,False
Evening,Set3,Draw1,7,13,1,1,0.0,1,0.0,False,False,False,False,False,False,False,1,1,1,1,0,0,0,0,033:1,033:1,2,1,0,0.0,0,0,0,0,0,0,0.0,1,0,1,1,0.0,6.0,57.0,2,True,False
Evening,Set3,Draw1,7,6,1,1,0.0,1,0.0,False,False,False,False,False,False,False,1,1,1,1,0,0,0,0,066:1,066:1,2,1,0,0.0,0,0,0,0,0,0,0.0,1,0,1,0,0.0,5.0,22.0,2,False,False
Evening,Set3,Draw1,7,24,1,1,0.0,1,0.0,False,False,False,False,False,False,True,1,1,1,1,4,0,0,0,3344668:1;334668:1;334468:1,6683344:1;668334:1;683344:1,2,1,0,0.0,0,0,0,0,0,0,0.5,0,0,1,0,0.0,4.5,24.0,2,False,False
Midday,Set1,Draw1,1,4,4,1,0.0,2,1.0,True,True,True,True,True,True,True,1,2,1,2,1,0,1,1,003:1,003:4,8,2,0,0.0,2,1,2,4,1,1,0.5,1,1,0,0,0.0,23.5,72.5,1,False,False
Midday,Set1,Draw1,2,4,4,1,0.0,2,1.0,True,True,True,False,True,True,True,1,2,1,2,1,0,1,1,003:1,003:4,8,2,0,0.0,2,1,2,4,1,1,0.5,1,1,0,0,0.0,23.5,72.5,1,False,False
Midday,Set1,Draw1,3,8,4,3,0.0,3,1.0,True,False,False,False,False,False,True,1,7,1,7,1,0,1,0,013:1,013:2,8,3,2,0.0,0,1,2,0,0,0,0.5,0,6,0,0,0.0,22.5,41.0,1,False,False
Midday,Set1,Draw1,4,8,4,2,0.0,3,1.0,True,False,False,False,False,False,True,1,7,1,7,3,3,0,0,013:1;0136:1;036:1,013:2;0136:2;063:1,8,3,1,0.0,0,1,2,0,0,0,0.5,0,6,0,1,0.0,22.5,41.0,1,True,False
Midday,Set1,Draw1,4,24,2,2,0.0,4,1.0,False,False,False,False,False,False,False,2,3,2,3,0,3,0,0,346:1;1346:1;134:1,634:1;6341:1;341:1,4,4,1,0.0,0,1,0,0,0,0,0.0,0,4,0,1,0.0,15.0,24.0,1,True,False
Midday,Set1,Draw1,4,9,1,1,0.0,1,1.0,False,False,False,False,False,False,False,3,6,3,6,0,1,0,0,014:1,401:1,2,1,0,0.0,0,1,0,0,0,0,0.0,0,9,0,1,0.0,14.0,38.0,1,True,False
Midday,Set1,Draw1,4,18,2,1,0.0,1,1.0,True,False,False,False,False,False,False,1,3,1,3,0,1,0,0,136:1,136:2,4,1,0,0.0,0,1,2,0,0,0,0.0,0,2,0,0,0.0,10.0,31.0,1,False,False
Midday,Set1,Draw1,4,14,1,1,0.0,3,1.0,False,False,False,False,False,False,False,1,2,1,2,0,1,0,0,034:1,034:1,2,3,0,0.0,0,1,0,0,0,0,0.0,0,1,0,1,0.0,8.0,46.5,1,True,False
Midday,Set1,Draw1,4,6,1,1,0.0,1,1.0,False,False,False,False,False,False,False,1,2,1,2,0,1,0,0,016:1,610:1,2,1,0,0.0,0,1,0,0,0,0,0.0,0,1,0,0,0.0,5.0,22.0,1,False,False
Midday,Set1,Draw1,5,8,4,3,0.0,3,1.0,False,False,False,False,False,False,True,2,7,2,7,14,14,0,0,001368:1;00138:1;013:1,001386:1;00138:1;013:1,8,3,2,0.0,0,1,0,0,0,0,0.5,0,8,1,1,0.0,24.5,41.0,2,True,False
Midday,Set1,Draw1,5,2,4,2,0.0,3,1.0,True,False,False,False,False,False,True,3,3,3,3,2,2,0,0,001:1;006:1,001:2;006:1,8,3,1,0.0,0,1,2,0,0,0,0.5,1,6,1,0,0.0,23.5,55.0,2,False,False
Midday,Set1,Draw1,5,23,3,3,0.0,3,1.0,False,False,False,False,False,False,True,3,3,3,3,2,2,0,0,368:1;138:1,386:1;138:1,6,3,2,0.0,0,1,0,0,0,0,0.5,0,6,0,1,0.0,19.5,33.5,1,True,False
Midday,Set1,Draw1,5,24,2,2,0.0,4,1.0,False,False,False,False,False,False,False,2,3,2,3,0,5,0,0,3468:1;346:1;13468:1,6834:1;364:1;68341:1,4,4,1,0.0,0,1,0,0,0,0,0.0,0,4,0,1,0.0,15.0,24.0,1,True,False
Midday,Set1,Draw1,5,33,1,1,0.0,3,1.0,False,False,False,False,False,False,False,3,3,3,3,0,1,0,0,348:1,834:1,2,3,0,0.0,0,1,0,0,0,0,0.0,0,6,0,1,0.0,13.0,43.5,1,True,False
Midday,Set1,Draw1,5,18,3,2,0.0,1,1.0,False,False,False,False,False,False,False,1,3,1,3,0,2,0,0,1368:1;168:1,1386:1;681:1,6,1,1,0.0,0,1,0,0,0,0,0.0,0,2,0,1,0.0,12.0,31.0,1,True,False
Midday,Set1,Draw1,5,14,1,1,0.0,3,1.0,False,False,False,False,False,False,False,1,2,1,2,0,2,0,0,034:1;0034:1,034:1;0034:1,2,3,0,0.0,0,1,0,0,0,0,0.0,0,1,4,0,0.0,11.0,46.5,3,False,False
Midday,Set1,Draw1,5,5,1,1,0.0,3,1.0,False,False,False,False,False,False,False,1,3,1,3,0,1,0,0,004:1,400:1,2,3,0,0.0,0,1,0,0,0,0,0.0,1,2,1,0,0.0,10.0,98.0,2,False,False
Midday,Set1,Draw1,5,9,1,1,0.0,3,1.0,False,False,False,False,False,False,False,1,3,1,3,0,1,0,0,0014:1,4001:1,2,3,0,0.0,0,1,0,0,0,0,0.0,0,2,1,1,0.0,10.0,38.0,2,True,False
Midday,Set1,Draw1,5,4,1,1,0.0,2,1.0,False,False,False,False,False,False,True,1,2,1,2,1,1,0,0,003:1,003:1,2,2,0,0.0,0,1,0,0,0,0,0.5,1,1,1,0,0.0,8.5,72.5,2,False,False
Midday,Set1,Draw1,6,23,4,3,0.0,3,0.0,True,False,False,False,False,False,True,3,3,3,3,10,0,0,0,3688:1;688:1;11388:1,688:2;3886:1;11388:1,8,3,2,0.0,0,0,2,0,0,0,0.5,1,6,1,1,0.0,24.5,33.5,2,True,False
Midday,Set1,Draw1,6,2,4,2,0.0,3,0.0,True,False,False,False,False,False,True,3,3,3,3,4,0,0,0,001:1;0011:1;006:1,001:2;0011:2;006:1,8,3,1,0.0,0,0,2,0,0,0,0.5,1,6,1,0,0.0,22.5,55.0,2,False,False
Midday,Set1,Draw1,6,8,4,3,0.0,2,0.0,False,False,False,False,False,False,True,2,3,2,3,24,0,0,0,00113688:1;0011388:1;0113688:1,00113886:1;0011388:1;0113886:1,8,2,2,0.0,0,0,0,0,0,0,0.5,0,4,4,1,0.0,21.5,41.0,3,True,False
Midday,Set1,Draw1,6,18,4,2,0.0,2,0.0,True,False,False,False,False,False,False,3,2,3,2,0,0,0,0,113688:1;11688:1;1138:1,6688:2;668:2;113886:1,8,2,1,0.0,0,0,2,0,0,0,0.0,1,5,0,1,0.0,20.0,31.0,1,True,False
Midday,Set1,Draw1,6,6,4,2,0.0,2,0.0,True,False,False,False,False,False,False,2,2,2,2,0,0,0,0,011:1;066:1,011:2;066:1,8,2,1,0.0,0,0,2,0,0,0,0.0,1,3,0,1,0.0,18.0,22.0,1,True,False
Midday,Set1,Draw1,6,32,3,2,0.0,2,0.0,True,False,False,False,False,False,True,3,2,3,2,1,0,0,0,388:1,883:2,6,2,1,0.0,0,0,2,0,0,0,0.5,1,5,0,0,0.0,17.5,27.5,1,False,False
Midday,Set1,Draw1,6,24,2,2,0.0,4,0.0,False,False,False,False,False,False,False,3,2,3,2,0,0,0,0,34688:1;11346688:1;1134688:1,68834:1;66883411:1;6883411:1,4,4,1,0.0,0,0,0,0,0,0,0.0,0,5,0,1,0.0,15.0,24.0,1,True,False
Midday,Set1,Draw1,6,33,1,1,0.0,3,0.0,False,False,False,False,False,False,False,3,3,3,3,0,0,0,0,348:1;3488:1,834:1;8834:1,2,3,0,0.0,0,0,0,0,0,0,0.0,0,6,1,1,0.0,13.0,43.5,2,True,False
Midday,Set1,Draw1,6,19,2,1,0.0,2,0.0,False,False,False,False,False,False,False,3,2,3,2,0,0,0,0,114:1;466:1,411:1;664:1,4,2,0,0.0,0,0,0,0,0,0,0.0,1,5,0,1,0.0,13.0,30.0,1,True,False
Midday,Set1,Draw1,6,9,1,1,0.0,3,0.0,False,False,False,False,False,False,False,1,3,1,3,0,0,0,0,0014:1;00114:1,4001:1;40011:1,2,3,0,0.0,0,0,0,0,0,0,0.0,0,2,4,1,0.0,12.0,38.0,3,True,False
Midday,Set1,Draw1,6,14,1,1,0.0,3,0.0,False,False,False,False,False,False,False,1,2,1,2,0,0,0,0,034:1;0034:1,034:1;0034:1,2,3,0,0.0,0,0,0,0,0,0,0.0,0,1,4,0,0.0,10.0,46.5,3,False,False
Midday,Set1,Draw1,6,5,1,1,0.0,3,0.0,False,False,False,False,False,False,False,1,3,1,3,0,0,0,0,004:1,400:1,2,3,0,0.0,0,0,0,0,0,0,0.0,1,2,1,0,0.0,9.0,98.0,2,False,False
Midday,Set1,Draw1,6,4,1,1,0.0,2,0.0,False,False,False,False,False,False,True,1,2,1,2,1,0,0,0,003:1,003:1,2,2,0,0.0,0,0,0,0,0,0,0.5,1,1,1,0,0.0,7.5,72.5,2,False,False
Midday,Set1,Draw1,7,23,4,3,0.0,3,0.0,True,False,False,False,False,False,True,3,3,3,3,10,0,0,0,3688:1;688:1;11388:1,688:2;3886:1;11388:1,8,3,2,0.0,0,0,2,0,0,0,0.5,1,6,1,1,0.0,24.5,33.5,2,True,False
Midday,Set1,Draw1,7,18,4,2,0.0,2,0.0,True,False,False,False,False,False,False,3,2,3,2,0,0,0,0,113688:1;11688:1;1138:1,6688:2;668:2;113886:1,8,2,1,0.0,0,0,2,0,0,0,0.0,1,5,4,1,0.0,24.0,31.0,3,True,False
Midday,Set1,Draw1,7,2,4,2,0.0,3,0.0,True,False,False,False,False,False,True,3,3,3,3,4,0,0,0,001:1;0011:1;006:1,001:2;0011:2;006:1,8,3,1,0.0,0,0,2,0,0,0,0.5,1,6,1,0,0.0,22.5,55.0,2,False,False
Midday,Set1,Draw1,7,9,4,2,0.0,3,0.0,False,False,False,False,False,False,False,2,3,2,3,0,0,0,0,001149:1;0014:1;00149:1,940011:1;4001:1;94001:1,8,3,1,0.0,0,0,0,0,0,0,0.0,0,4,4,1,0.0,21.0,38.0,3,True,False
Midday,Set1,Draw1,7,6,4,2,0.0,2,0.0,True,False,False,False,False,False,False,2,2,2,2,0,0,0,0,011:1;066:1,011:2;066:1,8,2,1,0.0,0,0,2,0,0,0,0.0,1,3,1,1,0.0,19.0,22.0,2,True,False
Midday,Set1,Draw1,7,32,3,2,0.0,2,0.0,True,False,False,False,False,False,True,3,2,3,2,1,0,0,0,388:1,883:2,6,2,1,0.0,0,0,2,0,0,0,0.5,1,5,0,1,0.0,18.5,27.5,1,True,False
Midday,Set1,Draw1,7,24,2,2,0.0,4,0.0,False,False,False,False,False,False,False,3,3,3,3,0,0,0,0,1136889:1;34688:1;113889:1,1198836:1;68834:1;119883:1,4,4,1,0.0,0,0,0,0,0,0,0.0,0,6,1,1,0.0,17.0,24.0,2,True,False
Midday,Set1,Draw1,7,8,3,1,0.0,2,0.0,False,False,False,False,False,False,True,2,2,2,2,23,0,0,0,0113688:1;00113688:1;011388:1,0113886:1;00113886:1;011388:1,6,2,0,0.0,0,0,0,0,0,0,0.5,0,3,4,1,0.0,16.5,41.0,3,True,False
Midday,Set1,Draw1,7,33,2,1,0.0,3,0.0,False,False,False,False,False,False,False,3,3,3,3,0,0,0,0,348:1;3488:1;3889:1,834:1;8834:1;9883:1,4,3,0,0.0,0,0,0,0,0,0,0.0,1,6,1,1,0.0,16.0,43.5,2,True,False
Midday,Set1,Draw1,7,14,1,1,0.0,1,0.0,False,False,False,False,False,False,False,2,6,2,6,0,0,0,0,039:1;00349:1;0039:1,093:1;00934:1;0093:1,2,1,0,0.0,0,0,0,0,0,0,0.0,0,7,4,1,0.0,15.0,46.5,3,True,False
Midday,Set1,Draw1,7,5,3,2,0.0,3,0.0,False,False,False,False,False,False,False,1,3,1,3,0,0,0,0,004:1;009:1;0049:1,400:1;900:1;9400:1,6,3,1,0.0,0,0,0,0,0,0,0.0,1,2,1,0,0.0,14.0,98.0,2,False,False
Midday,Set1,Draw1,7,19,2,1,0.0,2,0.0,False,False,False,False,False,False,False,3,2,3,2,0,0,0,0,114:1;119:1;466:1,411:1;119:1;664:1,4,2,0,0.0,0,0,0,0,0,0,0.0,1,5,0,1,0.0,13.0,30.0,1,True,False
Midday,Set1,Draw1,7,15,1,1,0.0,1,0.0,False,False,False,False,False,False,False,2,2,2,2,0,0,0,0,049:1,940:1,2,1,0,0.0,0,0,0,0,0,0,0.0,0,3,4,1,0.0,11.0,98.0,3,True,False
Midday,Set1,Draw1,7,34,1,1,0.0,1,0.0,False,False,False,False,False,False,False,2,2,2,2,0,0,0,0,349:1,934:1,2,1,0,0.0,0,0,0,0,0,0,0.0,0,3,4,1,0.0,11.0,57.0,3,True,False
Midday,Set1,Draw2,1,4,4,1,0.0,2,1.0,True,True,True,True,True,True,True,1,2,1,2,1,0,1,1,003:1,003:4,8,2,0,0.0,2,1,2,4,1,1,0.5,1,1,0,0,0.0,23.5,72.5,1,False,False
Midday,Set1,Draw2,2,4,4,1,0.0,2,1.0,True,True,True,False,True,True,True,1,2,1,2,1,0,1,1,003:1,003:4,8,2,0,0.0,2,1,2,4,1,1,0.5,1,1,1,0,0.0,24.5,72.5,2,False,False
Midday,Set1,Draw2,3,8,4,3,0.0,3,1.0,True,False,False,False,False,False,True,1,7,1,7,1,1,0,0,013:1,013:2,8,3,2,0.0,0,1,2,0,0,0,0.5,0,6,0,0,0.0,22.5,41.0,1,False,False
Midday,Set1,Draw2,4,9,4,2,0.0,2,1.0,False,False,False,False,False,False,False,3,6,3,6,0,5,0,0,014:1;019:1;0149:1,401:1;109:1;9401:1,8,2,1,0.0,0,1,0,0,0,0,0.0,0,9,0,0,0.0,21.0,38.0,1,False,False
Midday,Set1,Draw2,4,8,2,1,0.0,3,1.0,False,False,False,False,False,False,True,1,7,1,7,3,3,0,0,013:1;0136:1;036:1,013:1;0136:1;063:1,4,3,0,0.0,0,1,0,0,0,0,0.5,0,6,0,0,0.0,14.5,41.0,1,False,False
Midday,Set1,Draw2,4,14,1,1,0.0,3,1.0,False,False,False,False,False,False,False,2,6,2,6,0,2,0,0,039:1;0349:1,093:1;0934:1,2,3,0,0.0,0,1,0,0,0,0,0.0,0,7,1,0,0.0,14.0,46.5,2,False,False
Midday,Set1,Draw2,4,24,2,2,0.0,2,1.0,False,False,False,False,False,False,False,2,5,2,5,0,8,0,0,346:1;139:1;1346:1,634:1;193:1;6341:1,4,2,1,0.0,0,1,0,0,0,0,0.0,0,6,0,0,0.0,14.0,24.0,1,False,False
Midday,Set1,Draw2,4,15,1,1,0.0,3,1.0,False,False,False,False,False,False,False,2,2,2,2,0,1,0,0,049:1,940:1,2,3,0,0.0,0,1,0,0,0,0,0.0,0,3,1,0,0.0,10.0,98.0,2,False,False
Midday,Set1,Draw2,4,34,1,1,0.0,3,1.0,False,False,False,False,False,False,False,2,2,2,2,0,1,0,0,349:1,934:1,2,3,0,0.0,0,1,0,0,0,0,0.0,0,3,1,0,0.0,10.0,57.0,2,False,False
Midday,Set1,Draw2,4,18,1,1,0.0,1,1.0,False,False,False,False,False,False,False,1,3,1,3,0,1,0,0,136:1,136:1,2,1,0,0.0,0,1,0,0,0,0,0.0,0,2,0,0,0.0,6.0,31.0,1,False,False
Midday,Set1,Draw2,4,6,1,1,0.0,1,1.0,False,False,False,False,False,False,False,1,2,1,2,0,1,0,0,016:1,610:1,2,1,0,0.0,0,1,0,0,0,0,0.0,0,1,0,0,0.0,5.0,22.0,1,False,False
Midday,Set1,Draw2,5,2,3,1,0.0,2,0.0,True,False,False,False,False,False,True,3,3,3,3,2,0,0,0,001:1;006:1,001:2;006:1,6,2,0,0.0,0,0,2,0,0,0,0.5,1,6,4,0,0.0,21.5,55.0,3,False,False
Midday,Set1,Draw2,5,8,2,1,0.0,3,0.0,False,False,False,False,False,False,True,2,7,2,7,10,0,0,0,013:1;001368:1;00138:1,013:1;001386:1;00138:1,4,3,0,0.0,0,0,0,0,0,0,0.5,0,8,4,0,0.0,19.5,41.0,3,False,False
Midday,Set1,Draw2,5,23,3,3,0.0,2,0.0,False,False,False,False,False,False,True,3,3,3,3,2,0,0,0,368:1;138:1,386:1;138:1,6,2,2,0.0,0,0,0,0,0,0,0.5,0,6,1,0,0.0,17.5,33.5,2,False,False
Midday,Set1,Draw2,5,24,2,2,0.0,2,0.0,False,False,False,False,False,False,False,3,3,3,3,0,0,0,0,3468:1;189:1;346:1,6834:1;198:1;364:1,4,2,1,0.0,0,0,0,0,0,0,0.0,0,6,4,0,0.0,17.0,24.0,3,False,False
Midday,Set1,Draw2,5,7,2,2,0.0,2,0.0,False,False,False,False,False,False,True,1,6,1,6,2,0,0,0,017:1;0017:1,170:1;1700:1,4,2,1,0.0,0,0,0,0,0,0,0.5,0,5,4,0,0.0,16.5,26.0,3,False,False
Midday,Set1,Draw2,5,14,1,1,0.0,3,0.0,False,False,False,False,False,False,False,2,6,2,6,0,0,0,0,039:1;00349:1;0349:1,093:1;00934:1;0934:1,2,3,0,0.0,0,0,0,0,0,0,0.0,0,7,4,0,0.0,16.0,46.5,3,False,False
Midday,Set1,Draw2,5,5,3,2,0.0,2,0.0,False,False,False,False,False,False,False,1,3,1,3,0,0,0,0,009:1;0049:1;004:1,900:1;9400:1;400:1,6,2,1,0.0,0,0,0,0,0,0,0.0,1,2,4,0,0.0,16.0,98.0,3,False,False
Midday,Set1,Draw2,5,9,3,1,0.0,2,0.0,False,False,False,False,False,False,False,2,5,2,5,0,0,0,0,019:1;00149:1;0014:1,019:1;94001:1;4001:1,6,2,0,0.0,0,0,0,0,0,0,0.0,0,6,1,0,0.0,15.0,38.0,2,False,False
Midday,Set1,Draw2,5,3,2,1,0.0,2,0.0,True,False,False,False,False,False,True,1,2,1,2,1,0,0,0,007:1,700:2,4,2,0,0.0,0,0,2,0,0,0,0.5,1,1,4,0,0.0,14.5,94.5,3,False,False
Midday,Set1,Draw2,5,30,1,1,0.0,2,0.0,False,False,False,False,False,False,True,1,6,1,6,2,0,0,0,347:1;3478:1,347:1;8347:1,2,2,0,0.0,0,0,0,0,0,0,0.5,0,5,4,0,0.0,13.5,50.0,3,False,False
Midday,Set1,Draw2,5,33,2,1,0.0,2,0.0,False,False,False,False,False,False,False,3,3,3,3,0,0,0,0,348:1;389:1,834:1;983:1,4,2,0,0.0,0,0,0,0,0,0,0.0,0,6,1,0,0.0,13.0,43.5,2,False,False
Midday,Set1,Draw2,5,22,1,1,0.0,2,0.0,False,False,False,False,False,False,False,1,6,1,6,0,0,0,0,147:1,471:1,2,2,0,0.0,0,0,0,0,0,0,0.0,0,5,4,0,0.0,13.0,23.0,3,False,False
Midday,Set1,Draw2,5,21,2,1,0.0,1,0.0,False,False,False,False,False,False,False,1,2,1,2,0,0,0,0,13678:1;3678:1;1678:1,13867:1;3867:1;6817:1,4,1,0,0.0,0,0,0,0,0,0,0.0,0,1,4,0,0.0,10.0,18.5,3,False,False
Midday,Set1,Draw2,5,12,1,1,0.0,2,0.0,False,False,False,False,False,False,True,1,2,1,2,1,0,0,0,0079:1,7009:1,2,2,0,0.0,0,0,0,0,0,0,0.5,0,1,4,0,0.0,9.5,93.0,3,False,False
Midday,Set1,Draw2,5,15,1,1,0.0,3,0.0,False,False,False,False,False,False,False,2,2,2,2,0,0,0,0,049:1,940:1,2,3,0,0.0,0,0,0,0,0,0,0.0,0,3,1,0,0.0,9.0,98.0,2,False,False
Midday,Set1,Draw2,5,34,1,1,0.0,3,0.0,False,False,False,False,False,False,False,2,2,2,2,0,0,0,0,349:1,934:1,2,3,0,0.0,0,0,0,0,0,0,0.0,0,3,1,0,0.0,9.0,57.0,2,False,False
Midday,Set1,Draw2,5,18,2,1,0.0,1,0.0,False,False,False,False,False,False,False,1,3,1,3,0,0,0,0,1368:1;168:1,1386:1;681:1,4,1,0,0.0,0,0,0,0,0,0,0.0,0,2,0,0,0.0,7.0,31.0,1,False,False
Midday,Set1,Draw2,6,23,4,3,0.0,2,0.0,True,False,False,False,False,False,True,3,3,3,3,10,0,0,0,3688:1;688:1;11388:1,688:2;3886:1;11388:1,8,2,2,0.0,0,0,2,0,0,0,0.5,1,6,4,0,0.0,25.5,33.5,3,False,False
Midday,Set1,Draw2,6,2,3,1,0.0,2,0.0,True,False,False,False,False,False,True,3,3,3,3,4,0,0,0,001:1;0011:1;006:1,001:2;0011:2;006:1,6,2,0,0.0,0,0,2,0,0,0,0.5,1,6,4,0,0.0,21.5,55.0,3,False,False
Midday,Set1,Draw2,6,18,4,2,0.0,1,0.0,True,False,False,False,False,False,False,3,2,3,2,0,0,0,0,113688:1;11688:1;1138:1,6688:2;668:2;113886:1,8,1,1,0.0,0,0,2,0,0,0,0.0,1,5,1,0,0.0,19.0,31.0,2,False,False
Midday,Set1,Draw2,6,24,2,2,0.0,2,0.0,False,False,False,False,False,False,False,3,3,3,3,0,0,0,0,1136889:1;113889:1;136889:1,1198836:1;119883:1;198836:1,4,2,1,0.0,0,0,0,0,0,0,0.0,0,6,4,0,0.0,17.0,24.0,3,False,False
Midday,Set1,Draw2,6,33,2,1,0.0,2,0.0,False,False,False,False,False,False,False,3,3,3,3,0,0,0,0,348:1;3488:1;3889:1,834:1;8834:1;9883:1,4,2,0,0.0,0,0,0,0,0,0,0.0,1,6,4,0,0.0,17.0,43.5,3,False,False
Midday,Set1,Draw2,6,32,3,2,0.0,1,0.0,True,False,False,False,False,False,True,3,2,3,2,1,0,0,0,388:1,883:2,6,1,1,0.0,0,0,2,0,0,0,0.5,1,5,0,0,0.0,16.5,27.5,1,False,False
Midday,Set1,Draw2,6,7,2,2,0.0,2,0.0,False,False,False,False,False,False,True,1,6,1,6,4,0,0,0,017:1;0017:1;00117:1,170:1;1700:1;11700:1,4,2,1,0.0,0,0,0,0,0,0,0.5,0,5,4,0,0.0,16.5,26.0,3,False,False
Midday,Set1,Draw2,6,9,3,1,0.0,2,0.0,False,False,False,False,False,False,False,2,3,2,3,0,0,0,0,00149:1;001149:1;0014:1,94001:1;940011:1;4001:1,6,2,0,0.0,0,0,0,0,0,0,0.0,0,4,4,0,0.0,16.0,38.0,3,False,False
Midday,Set1,Draw2,6,5,3,2,0.0,2,0.0,False,False,False,False,False,False,False,1,3,1,3,0,0,0,0,009:1;0049:1;004:1,900:1;9400:1;400:1,6,2,1,0.0,0,0,0,0,0,0,0.0,1,2,4,0,0.0,16.0,98.0,3,False,False
Midday,Set1,Draw2,6,3,2,1,0.0,2,0.0,True,False,False,False,False,False,True,1,2,1,2,1,0,0,0,007:1,700:2,4,2,0,0.0,0,0,2,0,0,0,0.5,1,1,4,0,0.0,14.5,94.5,3,False,False
Midday,Set1,Draw2,6,30,1,1,0.0,2,0.0,False,False,False,False,False,False,True,1,6,1,6,3,0,0,0,347:1;3478:1;34788:1,347:1;8347:1;88347:1,2,2,0,0.0,0,0,0,0,0,0,0.5,0,5,4,0,0.0,13.5,50.0,3,False,False
Midday,Set1,Draw2,6,14,1,1,0.0,3,0.0,False,False,False,False,False,False,False,2,6,2,6,0,0,0,0,039:1;00349:1;0349:1,093:1;00934:1;0934:1,2,3,0,0.0,0,0,0,0,0,0,0.0,0,7,1,0,0.0,13.0,46.5,2,False,False
Midday,Set1,Draw2,6,6,3,1,0.0,1,0.0,True,False,False,False,False,False,False,2,2,2,2,0,0,0,0,011:1;066:1,011:2;066:1,6,1,0,0.0,0,0,2,0,0,0,0.0,1,3,0,0,0.0,13.0,22.0,1,False,False
Midday,Set1,Draw2,6,22,1,1,0.0,2,0.0,False,False,False,False,False,False,False,1,6,1,6,0,0,0,0,147:1;1147:1,471:1;4711:1,2,2,0,0.0,0,0,0,0,0,0,0.0,0,5,4,0,0.0,13.0,23.0,3,False,False
Midday,Set1,Draw2,6,8,2,1,0.0,1,0.0,False,False,False,False,False,False,True,2,2,2,2,15,0,0,0,0113688:1;00113688:1;011388:1,0113886:1;00113886:1;011388:1,4,1,0,0.0,0,0,0,0,0,0,0.5,0,3,4,0,0.0,12.5,41.0,3,False,False
Midday,Set1,Draw2,6,12,1,1,0.0,2,0.0,False,False,False,False,False,False,True,1,2,1,2,1,0,0,0,0079:1,7009:1,2,2,0,0.0,0,0,0,0,0,0,0.5,0,1,4,0,0.0,9.5,93.0,3,False,False
Midday,Set1,Draw2,6,15,1,1,0.0,3,0.0,False,False,False,False,False,False,False,2,2,2,2,0,0,0,0,049:1,940:1,2,3,0,0.0,0,0,0,0,0,0,0.0,0,3,1,0,0.0,9.0,98.0,2,False,False
Midday,Set1,Draw2,6,21,2,1,0.0,1,0.0,False,False,False,False,False,False,False,1,1,1,1,0,0,0,0,11366788:1;1366788:1;1166788:1,11388667:1;1388667:1;6688117:1,4,1,0,0.0,0,0,0,0,0,0,0.0,0,0,4,0,0.0,9.0,18.5,3,False,False
Midday,Set1,Draw2,6,34,1,1,0.0,3,0.0,False,False,False,False,False,False,False,2,2,2,2,0,0,0,0,349:1,934:1,2,3,0,0.0,0,0,0,0,0,0,0.0,0,3,1,0,0.0,9.0,57.0,2,False,False
Midday,Set1,Draw2,6,19,1,1,0.0,1,0.0,False,False,False,False,False,False,False,3,2,3,2,0,0,0,0,119:1;466:1,119:1;664:1,2,1,0,0.0,0,0,0,0,0,0,0.0,1,5,0,0,0.0,9.0,30.0,1,False,False
Midday,Set1,Draw2,6,17,3,2,0.0,1,0.0,False,False,False,False,False,False,False,1,1,1,1,0,0,0,0,117:1;667:1,711:1;667:1,6,1,1,0.0,0,0,0,0,0,0,0.0,1,0,0,0,0.0,9.0,10.0,1,False,False
Midday,Set1,Draw3,1,11,4,2,0.0,3,1.0,True,False,False,True,False,False,False,1,2,1,2,0,0,1,0,023:1,203:2,8,3,1,0.0,0,1,2,0,0,0,0.0,0,1,0,0,0.0,16.0,37.0,1,False,False
Midday,Set1,Draw3,2,11,4,2,0.0,3,1.0,True,False,False,False,False,False,False,1,2,1,2,0,0,3,0,023:1;0237:1;037:1,203:2;2037:2;037:2,8,3,1,0.0,0,1,2,0,0,0,0.0,0,1,4,0,0.0,20.0,37.0,3,False,False
Midday,Set1,Draw3,3,8,2,1,0.0,3,1.0,True,False,False,False,False,True,True,1,7,1,7,1,1,0,0,013:1,013:2,4,3,0,0.0,0,1,2,0,0,1,0.5,0,6,0,0,0.0,17.5,41.0,1,False,False
Midday,Set1,Draw3,3,7,3,2,0.0,2,1.0,False,False,False,False,False,True,True,1,6,1,6,2,2,0,0,017:1;012:1,170:1;201:1,6,2,1,0.0,0,1,0,0,0,1,0.5,0,5,0,0,0.0,16.5,26.0,1,False,False
Midday,Set1,Draw3,3,11,2,2,0.0,3,1.0,False,False,False,False,False,False,False,1,2,1,2,0,3,0,0,023:1;0237:1;037:1,203:1;2037:1;037:1,4,3,1,0.0,0,1,0,0,0,0,0.0,0,1,4,0,0.0,14.0,37.0,3,False,False
Midday,Set1,Draw3,3,21,3,2,0.0,1,1.0,False,False,False,False,False,True,False,1,1,1,1,0,2,0,0,123:1;137:1,132:1;137:1,6,1,1,0.0,0,1,0,0,0,1,0.0,0,0,0,0,0.0,10.0,18.5,1,False,False
Midday,Set1,Draw3,4,30,2,1,0.0,2,0.0,False,False,False,False,False,False,True,3,6,3,6,4,0,0,0,2349:1;347:1;239:1,9324:1;347:1;932:1,4,2,0,0.0,0,0,0,0,0,0,0.5,0,9,4,0,0.0,19.5,50.0,3,False,False
Midday,Set1,Draw3,4,12,3,1,0.0,2,0.0,False,False,False,False,False,False,True,2,5,2,5,4,0,0,0,024:1;029:1;0249:1,240:1;290:1;9240:1,6,2,0,0.0,0,0,0,0,0,0,0.5,0,6,4,0,0.0,18.5,93.0,3,False,False
Midday,Set1,Draw3,4,9,3,1,0.0,2,0.0,False,False,False,False,False,False,False,3,6,3,6,0,0,0,0,014:1;019:1;069:1,401:1;019:1;906:1,6,2,0,0.0,0,0,0,0,0,0,0.0,0,9,0,0,0.0,17.0,38.0,1,False,False
Midday,Set1,Draw3,4,14,1,1,0.0,2,0.0,False,False,False,False,False,False,False,2,6,2,6,0,0,0,0,039:1,093:1,2,2,0,0.0,0,0,0,0,0,0,0.0,0,7,4,0,0.0,15.0,46.5,3,False,False
Midday,Set1,Draw3,4,22,2,1,0.0,2,0.0,False,False,False,False,False,False,False,3,6,3,6,0,0,0,0,147:1;246:1,471:1;624:1,4,2,0,0.0,0,0,0,0,0,0,0.0,0,9,0,0,0.0,15.0,23.0,1,False,False
Midday,Set1,Draw3,4,8,2,1,0.0,3,0.0,False,False,False,False,False,False,True,1,7,1,7,3,0,0,0,013:1;0136:1;036:1,013:1;0136:1;063:1,4,3,0,0.0,0,0,0,0,0,0,0.5,0,6,0,0,0.0,13.5,41.0,1,False,False
Midday,Set1,Draw3,4,7,2,2,0.0,2,0.0,False,False,False,False,False,False,True,1,6,1,6,2,0,0,0,017:1;0167:1,170:1;6170:1,4,2,1,0.0,0,0,0,0,0,0,0.5,0,5,0,0,0.0,12.5,26.0,1,False,False
Midday,Set1,Draw3,4,24,2,1,0.0,1,0.0,False,False,False,False,False,False,False,2,5,2,5,0,0,0,0,139:1;346:1;1369:1,193:1;634:1;1936:1,4,1,0,0.0,0,0,0,0,0,0,0.0,0,6,0,0,0.0,11.0,24.0,1,False,False
Midday,Set1,Draw3,4,21,2,1,0.0,2,0.0,False,False,False,False,False,False,False,3,2,3,2,0,0,0,0,236:1;1367:1;367:1,362:1;1367:1;367:1,4,2,0,0.0,0,0,0,0,0,0,0.0,0,5,0,0,0.0,11.0,18.5,1,False,False
Midday,Set1,Draw3,4,31,1,1,0.0,2,0.0,False,False,False,False,False,False,False,3,1,3,1,0,0,0,0,249:1,924:1,2,2,0,0.0,0,0,0,0,0,0,0.0,0,4,1,0,0.0,9.0,111.0,2,False,False
Midday,Set1,Draw3,4,18,1,1,0.0,1,0.0,False,False,False,False,False,False,False,1,3,1,3,0,0,0,0,136:1,136:1,2,1,0,0.0,0,0,0,0,0,0,0.0,0,2,0,0,0.0,5.0,31.0,1,False,False
Midday,Set1,Draw3,4,17,1,1,0.0,1,0.0,False,False,False,False,False,False,False,1,2,1,2,0,0,0,0,167:1,617:1,2,1,0,0.0,0,0,0,0,0,0,0.0,0,1,0,0,0.0,4.0,10.0,1,False,False
Midday,Set1,Draw3,5,2,3,1,0.0,1,0.0,True,False,False,False,False,False,True,3,3,3,3,2,0,0,0,001:1;006:1,001:2;006:1,6,1,0,0.0,0,0,2,0,0,0,0.5,1,6,4,0,0.0,20.5,55.0,3,False,False
Midday,Set1,Draw3,5,23,3,3,0.0,1,0.0,False,False,False,False,False,False,True,3,3,3,3,2,0,0,0,368:1;138:1,386:1;138:1,6,1,2,0.0,0,0,0,0,0,0,0.5,0,6,4,0,0.0,19.5,33.5,3,False,False
Midday,Set1,Draw3,5,8,2,1,0.0,3,0.0,False,False,False,False,False,False,True,2,7,2,7,10,0,0,0,013:1;001368:1;00138:1,013:1;001386:1;00138:1,4,3,0,0.0,0,0,0,0,0,0,0.5,0,8,4,0,0.0,19.5,41.0,3,False,False
Midday,Set1,Draw3,5,30,2,1,0.0,2,0.0,False,False,False,False,False,False,True,3,6,3,6,7,0,0,0,2349:1;347:1;239:1,9324:1;347:1;932:1,4,2,0,0.0,0,0,0,0,0,0,0.5,0,9,4,0,0.0,19.5,50.0,3,False,False
Midday,Set1,Draw3,5,12,3,1,0.0,2,0.0,False,False,False,False,False,False,True,2,5,2,5,8,0,0,0,024:1;029:1;0249:1,240:1;290:1;9240:1,6,2,0,0.0,0,0,0,0,0,0,0.5,0,6,4,0,0.0,18.5,93.0,3,False,False
Midday,Set1,Draw3,5,21,3,1,0.0,2,0.0,False,False,False,False,False,False,False,3,2,3,2,0,0,0,0,2368:1;236:1;13678:1,8362:1;362:1;13867:1,6,2,0,0.0,0,0,0,0,0,0,0.0,0,5,4,0,0.0,17.0,18.5,3,False,False
Midday,Set1,Draw3,5,14,1,1,0.0,2,0.0,False,False,False,False,False,False,False,2,6,2,6,0,0,0,0,039:1;0039:1,093:1;0093:1,2,2,0,0.0,0,0,0,0,0,0,0.0,0,7,4,0,0.0,15.0,46.5,3,False,False
Midday,Set1,Draw3,5,33,2,1,0.0,1,0.0,False,False,False,False,False,False,False,3,3,3,3,0,0,0,0,348:1;389:1,834:1;983:1,4,1,0,0.0,0,0,0,0,0,0,0.0,0,6,4,0,0.0,15.0,43.5,3,False,False
Midday,Set1,Draw3,5,9,3,1,0.0,2,0.0,False,False,False,False,False,False,False,2,5,2,5,0,0,0,0,019:1;0014:1;0069:1,019:1;4001:1;9006:1,6,2,0,0.0,0,0,0,0,0,0,0.0,0,6,1,0,0.0,15.0,38.0,2,False,False
Midday,Set1,Draw3,5,24,2,1,0.0,1,0.0,False,False,False,False,False,False,False,3,3,3,3,0,0,0,0,3468:1;189:1;13689:1,6834:1;198:1;19836:1,4,1,0,0.0,0,0,0,0,0,0,0.0,0,6,4,0,0.0,15.0,24.0,3,False,False
Midday,Set1,Draw3,5,5,3,2,0.0,1,0.0,False,False,False,False,False,False,False,1,3,1,3,0,0,0,0,009:1;004:1,900:1;400:1,6,1,1,0.0,0,0,0,0,0,0,0.0,1,2,4,0,0.0,15.0,98.0,3,False,False
Midday,Set1,Draw3,5,22,2,1,0.0,2,0.0,False,False,False,False,False,False,False,3,1,3,1,0,0,0,0,246:1;1477:1,624:1;4771:1,4,2,0,0.0,0,0,0,0,0,0,0.0,0,4,4,0,0.0,14.0,23.0,3,False,False
Midday,Set1,Draw3,5,3,2,1,0.0,1,0.0,True,False,False,False,False,False,True,1,2,1,2,2,0,0,0,007:1;0077:1,700:2;7700:2,4,1,0,0.0,0,0,2,0,0,0,0.5,1,1,4,0,0.0,13.5,94.5,3,False,False
Midday,Set1,Draw3,5,7,2,2,0.0,1,0.0,False,False,False,False,False,False,True,1,2,1,2,3,0,0,0,00177:1;0017:1;0177:1,17700:1;7001:1;1770:1,4,1,1,0.0,0,0,0,0,0,0,0.5,0,1,4,0,0.0,11.5,26.0,3,False,False
Midday,Set1,Draw3,5,20,3,2,0.0,1,0.0,False,False,False,False,False,False,False,1,1,1,1,0,0,0,0,177:1;677:1,771:1;677:1,6,1,1,0.0,0,0,0,0,0,0,0.0,1,0,1,0,0.0,10.0,14.5,2,False,False
Midday,Set1,Draw3,5,10,2,1,0.0,1,0.0,True,False,False,False,False,False,True,1,1,1,1,1,0,0,0,077:1,770:2,4,1,0,0.0,0,0,2,0,0,0,0.5,1,0,1,0,0.0,9.5,52.5,2,False,False
Midday,Set1,Draw3,5,31,1,1,0.0,2,0.0,False,False,False,False,False,False,False,3,1,3,1,0,0,0,0,249:1,924:1,2,2,0,0.0,0,0,0,0,0,0,0.0,0,4,1,0,0.0,9.0,111.0,2,False,False
Midday,Set1,Draw3,5,28,1,1,0.0,1,0.0,False,False,False,False,False,False,True,1,1,1,1,1,0,0,0,477:1,477:1,2,1,0,0.0,0,0,0,0,0,0,0.5,1,0,4,0,0.0,8.5,57.5,3,False,False
Midday,Set1,Draw3,5,18,2,1,0.0,1,0.0,False,False,False,False,False,False,False,1,3,1,3,0,0,0,0,1368:1;168:1,1386:1;681:1,4,1,0,0.0,0,0,0,0,0,0,0.0,0,2,0,0,0.0,7.0,31.0,1,False,False
Midday,Set1,Draw4,1,13,4,1,0.0,3,1.0,True,True,True,False,True,True,True,1,3,1,3,1,0,1,1,033:1,033:4,8,3,0,0.0,2,1,2,4,1,1,0.5,1,2,0,0,0.0,25.5,57.0,1,False,False
Midday,Set1,Draw4,1,28,3,1,0.0,4,1.0,True,True,False,False,False,True,True,1,4,1,4,1,0,1,0,224:1,224:3,6,4,0,0.0,0,1,2,4,0,1,0.5,1,3,1,0,0.0,23.5,57.5,2,False,False
Midday,Set1,Draw4,1,27,2,1,0.0,4,1.0,True,False,False,False,False,True,True,1,4,1,4,2,0,2,0,2233:1;223:1,3322:2;322:2,4,4,0,0.0,0,1,2,0,0,1,0.5,1,3,1,0,0.0,17.5,52.0,2,False,False
Midday,Set1,Draw4,1,30,2,1,0.0,4,1.0,True,False,False,False,False,True,True,1,4,1,4,2,0,2,0,22334:1;2234:1,33224:2;3224:2,4,4,0,0.0,0,1,2,0,0,1,0.5,0,3,1,0,0.0,16.5,50.0,2,False,False
Midday,Set1,Draw4,1,29,2,1,0.0,4,1.0,True,False,False,False,False,True,True,1,4,1,4,1,0,1,0,233:1,332:2,4,4,0,0.0,0,1,2,0,0,1,0.5,1,3,0,0,0.0,16.5,48.0,1,False,False
Midday,Set1,Draw4,1,11,3,2,0.0,3,1.0,True,False,False,True,False,True,False,1,2,1,2,0,0,4,0,02233:1;0233:1;0223:1,03322:2;0332:2;2203:1,6,3,1,0.0,0,1,2,0,0,1,0.0,0,1,1,0,0.0,16.0,37.0,2,False,False
Midday,Set1,Draw4,1,12,1,1,0.0,3,1.0,False,False,False,False,False,True,True,1,5,1,5,2,0,2,0,0224:1;024:1,2240:1;240:1,2,3,0,0.0,0,1,0,0,0,1,0.5,0,4,4,0,0.0,15.5,93.0,3,False,False
Midday,Set1,Draw4,1,14,2,2,0.0,3,1.0,False,False,False,False,False,True,False,1,3,1,3,0,0,2,0,0334:1;034:1,4033:1;403:1,4,3,1,0.0,0,1,0,0,0,1,0.0,0,2,1,0,0.0,13.0,46.5,2,False,False
Midday,Set1,Draw4,1,33,1,1,0.0,4,1.0,False,False,False,False,False,True,False,1,4,1,4,0,0,1,0,334:1,334:1,2,4,0,0.0,0,1,0,0,0,1,0.0,1,3,0,0,0.0,12.0,43.5,1,False,False
Midday,Set1,Draw4,1,10,1,1,0.0,3,1.0,False,False,False,False,False,True,True,1,1,1,1,1,0,1,0,022:1,220:1,2,3,0,0.0,0,1,0,0,0,1,0.5,1,0,1,0,0.0,9.5,52.5,2,False,False
Midday,Set1,Draw4,2,13,4,1,0.0,3,1.0,True,True,True,False,True,True,True,1,3,1,3,1,0,1,1,033:1,033:4,8,3,0,0.0,2,1,2,4,1,1,0.5,1,2,4,0,0.0,29.5,57.0,3,False,False
Midday,Set1,Draw4,2,28,3,1,0.0,4,1.0,True,True,False,False,False,True,True,1,4,1,4,1,0,1,0,224:1,224:3,6,4,0,0.0,0,1,2,4,0,1,0.5,1,3,1,0,0.0,23.5,57.5,2,False,False
Midday,Set1,Draw4,2,30,3,1,0.0,4,1.0,True,False,False,False,False,True,True,1,6,1,6,4,0,4,0,22334:1;2234:1;347:1,33224:2;3224:2;347:1,6,4,0,0.0,0,1,2,0,0,1,0.5,0,5,4,0,0.0,23.5,50.0,3,False,False
Midday,Set1,Draw4,2,29,3,1,0.0,4,1.0,True,False,False,False,False,True,True,1,4,1,4,2,0,2,0,233:1;337:1,332:2;337:1,6,4,0,0.0,0,1,2,0,0,1,0.5,1,3,4,0,0.0,22.5,48.0,3,False,False
Midday,Set1,Draw4,2,11,4,2,0.0,3,1.0,True,False,False,False,False,True,False,1,2,1,2,0,0,8,0,022337:1;02233:1;02337:1,703322:2;03322:2;70332:2,8,3,1,0.0,0,1,2,0,0,1,0.0,0,1,4,0,0.0,21.0,37.0,3,False,False
Midday,Set1,Draw4,2,27,2,1,0.0,4,1.0,True,False,False,False,False,True,True,1,4,1,4,2,0,2,0,2233:1;223:1,3322:2;322:2,4,4,0,0.0,0,1,2,0,0,1,0.5,1,3,1,0,0.0,17.5,52.0,2,False,False
Midday,Set1,Draw4,2,33,1,1,0.0,4,1.0,False,False,False,False,False,True,False,1,4,1,4,0,0,1,0,334:1,334:1,2,4,0,0.0,0,1,0,0,0,1,0.0,1,3,4,0,0.0,16.0,43.5,3,False,False
Midday,Set1,Draw4,2,14,2,2,0.0,3,1.0,False,False,False,False,False,True,False,1,3,1,3,0,0,2,0,0334:1;034:1,4033:1;403:1,4,3,1,0.0,0,1,0,0,0,1,0.0,0,2,4,0,0.0,16.0,46.5,3,False,False
Midday,Set1,Draw4,2,12,1,1,0.0,3,1.0,False,False,False,False,False,True,True,1,5,1,5,2,0,2,0,0224:1;024:1,2240:1;240:1,2,3,0,0.0,0,1,0,0,0,1,0.5,0,4,4,0,0.0,15.5,93.0,3,False,False
Midday,Set1,Draw4,2,10,1,1,0.0,3,1.0,False,False,False,False,False,True,True,1,1,1,1,1,0,1,0,022:1,220:1,2,3,0,0.0,0,1,0,0,0,1,0.5,1,0,1,0,0.0,9.5,52.5,2,False,False
Midday,Set1,Draw4,3,28,3,1,0.0,4,0.0,True,True,False,False,False,True,True,1,4,1,4,1,0,0,0,224:1,224:3,6,4,0,0.0,0,0,2,4,0,1,0.5,1,3,4,0,0.0,25.5,57.5,3,False,False
Midday,Set1,Draw4,3,30,3,1,0.0,4,0.0,True,False,False,False,False,True,True,1,6,1,6,4,0,0,0,22334:1;2234:1;347:1,33224:2;3224:2;347:1,6,4,0,0.0,0,0,2,0,0,1,0.5,0,5,4,0,0.0,22.5,50.0,3,False,False
Midday,Set1,Draw4,3,29,3,1,0.0,4,0.0,True,False,False,False,False,True,True,1,4,1,4,2,0,0,0,233:1;337:1,332:2;337:1,6,4,0,0.0,0,0,2,0,0,1,0.5,1,3,4,0,0.0,21.5,48.0,3,False,False
Midday,Set1,Draw4,3,27,2,1,0.0,4,0.0,True,False,False,False,False,True,True,1,4,1,4,2,0,0,0,2233:1;223:1,3322:2;322:2,4,4,0,0.0,0,0,2,0,0,1,0.5,1,3,4,0,0.0,19.5,52.0,3,False,False
Midday,Set1,Draw4,3,13,2,1,0.0,3,0.0,True,False,False,False,False,True,True,1,3,1,3,1,0,0,0,033:1,033:2,4,3,0,0.0,0,0,2,0,0,1,0.5,1,2,4,0,0.0,17.5,57.0,3,False,False
Midday,Set1,Draw4,3,8,2,1,0.0,2,0.0,True,False,False,False,False,True,True,1,7,1,7,2,0,0,0,013:1;0133:1,013:2;0133:2,4,2,0,0.0,0,0,2,0,0,1,0.5,0,6,0,0,0.0,15.5,41.0,1,False,False
Midday,Set1,Draw4,3,33,1,1,0.0,4,0.0,False,False,False,False,False,True,False,1,4,1,4,0,0,0,0,334:1,334:1,2,4,0,0.0,0,0,0,0,0,1,0.0,1,3,4,0,0.0,15.0,43.5,3,False,False
Midday,Set1,Draw4,3,12,1,1,0.0,3,0.0,False,False,False,False,False,True,True,1,5,1,5,2,0,0,0,0224:1;024:1,2240:1;240:1,2,3,0,0.0,0,0,0,0,0,1,0.5,0,4,4,0,0.0,14.5,93.0,3,False,False
Midday,Set1,Draw4,3,9,1,1,0.0,2,0.0,False,False,False,False,False,True,False,3,6,3,6,0,0,0,0,014:1,401:1,2,2,0,0.0,0,0,0,0,0,1,0.0,0,9,0,0,0.0,14.0,38.0,1,False,False
Midday,Set1,Draw4,3,11,2,2,0.0,3,0.0,False,False,False,False,False,True,False,1,2,1,2,0,0,0,0,022337:1;02233:1;02337:1,703322:1;22033:1;70332:1,4,3,1,0.0,0,0,0,0,0,1,0.0,0,1,4,0,0.0,14.0,37.0,3,False,False
Midday,Set1,Draw4,3,23,2,1,0.0,2,0.0,True,False,False,False,False,True,True,1,4,1,4,1,0,0,0,133:1,133:2,4,2,0,0.0,0,0,2,0,0,1,0.5,1,3,0,0,0.0,13.5,33.5,1,False,False
Midday,Set1,Draw4,3,7,2,2,0.0,2,0.0,False,False,False,False,False,False,True,1,6,1,6,1,0,0,0,017:1,170:1,4,2,1,0.0,0,0,0,0,0,0,0.5,0,5,0,0,0.0,12.5,26.0,1,False,False
Midday,Set1,Draw4,3,14,1,1,0.0,3,0.0,False,False,False,False,False,True,False,1,3,1,3,0,0,0,0,0334:1,0334:1,2,3,0,0.0,0,0,0,0,0,1,0.0,0,2,4,0,0.0,12.0,46.5,3,False,False
Midday,Set1,Draw4,3,10,1,1,0.0,3,0.0,False,False,False,False,False,True,True,1,1,1,1,1,0,0,0,022:1,220:1,2,3,0,0.0,0,0,0,0,0,1,0.5,1,0,4,0,0.0,11.5,52.5,3,False,False
Midday,Set1,Draw4,3,22,1,1,0.0,2,0.0,False,False,False,False,False,True,False,1,6,1,6,0,0,0,0,147:1,471:1,2,2,0,0.0,0,0,0,0,0,1,0.0,0,5,0,0,0.0,10.0,23.0,1,False,False
Midday,Set1,Draw4,3,21,2,1,0.0,1,0.0,False,False,False,False,False,True,False,1,3,1,3,0,0,0,0,1337:1;12233:1;1233:1,1337:1;13322:1;1332:1,4,1,0,0.0,0,0,0,0,0,1,0.0,0,2,0,0,0.0,8.0,18.5,1,False,False
Midday,Set1,Draw4,4,28,4,2,0.0,4,0.0,True,True,False,False,False,False,True,1,4,1,4,4,0,0,0,224:1;2244:1;229:1,224:3;2244:3;922:1,8,4,1,0.0,0,0,2,4,0,0,0.5,1,3,4,0,0.0,27.5,57.5,3,False,False
Midday,Set1,Draw4,4,31,4,1,0.0,1,0.0,True,True,False,False,False,False,False,3,1,3,1,0,0,0,0,244:1;22449:1;447:1,244:3;92244:1;447:1,8,1,0,0.0,0,0,2,4,0,0,0.0,1,4,4,0,0.0,24.0,111.0,3,False,False
Midday,Set1,Draw4,4,33,3,1,0.0,4,0.0,True,False,False,False,False,False,False,1,4,1,4,0,0,0,0,334:1;339:1;3344:1,933:2;334:1;3344:1,6,4,0,0.0,0,0,2,0,0,0,0.0,1,3,4,0,0.0,20.0,43.5,3,False,False
Midday,Set1,Draw4,4,9,3,1,0.0,2,0.0,False,False,False,False,False,False,False,3,6,3,6,0,0,0,0,014:1;019:1;069:1,401:1;019:1;906:1,6,2,0,0.0,0,0,0,0,0,0,0.0,0,9,0,0,0.0,17.0,38.0,1,False,False
Midday,Set1,Draw4,4,30,2,1,0.0,4,0.0,False,False,False,False,False,False,True,1,4,1,4,10,0,0,0,22334:1;2234:1;223349:1,33224:1;3224:1;933224:1,4,4,0,0.0,0,0,0,0,0,0,0.5,0,3,4,0,0.0,15.5,50.0,3,False,False
Midday,Set1,Draw4,4,23,3,2,0.0,2,0.0,True,False,False,False,False,False,True,1,4,1,4,2,0,0,0,336:1;133:1,336:2;133:1,6,2,1,0.0,0,0,2,0,0,0,0.5,1,3,0,0,0.0,15.5,33.5,1,False,False
Midday,Set1,Draw4,4,12,3,1,0.0,1,0.0,False,False,False,False,False,False,True,2,3,2,3,6,0,0,0,022449:1;0244:1;029:1,922440:1;2440:1;290:1,6,1,0,0.0,0,0,0,0,0,0,0.5,0,4,4,0,0.0,15.5,93.0,3,False,False
Midday,Set1,Draw4,4,29,1,1,0.0,4,0.0,False,False,False,False,False,False,True,1,4,1,4,1,0,0,0,233:1,332:1,2,4,0,0.0,0,0,0,0,0,0,0.5,1,3,4,0,0.0,14.5,48.0,3,False,False
Midday,Set1,Draw4,4,27,1,1,0.0,4,0.0,False,False,False,False,False,False,True,1,4,1,4,2,0,0,0,2233:1;223:1,3322:1;322:1,2,4,0,0.0,0,0,0,0,0,0,0.5,1,3,4,0,0.0,14.5,52.0,3,False,False
Midday,Set1,Draw4,4,14,1,1,0.0,1,0.0,False,False,False,False,False,False,False,2,6,2,6,0,0,0,0,039:1;0339:1,093:1;0933:1,2,1,0,0.0,0,0,0,0,0,0,0.0,0,7,4,0,0.0,14.0,46.5,3,False,False
Midday,Set1,Draw4,4,8,2,1,0.0,2,0.0,False,False,False,False,False,False,True,1,7,1,7,5,0,0,0,013:1;0133:1;01336:1,013:1;0133:1;01336:1,4,2,0,0.0,0,0,0,0,0,0,0.5,0,6,0,0,0.0,12.5,41.0,1,False,False
Midday,Set1,Draw4,4,7,2,2,0.0,2,0.0,False,False,False,False,False,False,True,1,6,1,6,2,0,0,0,017:1;0167:1,170:1;6170:1,4,2,1,0.0,0,0,0,0,0,0,0.5,0,5,0,0,0.0,12.5,26.0,1,False,False
Midday,Set1,Draw4,4,22,2,1,0.0,2,0.0,False,False,False,False,False,False,False,1,6,1,6,0,0,0,0,147:1;22446:1;1447:1,471:1;62244:1;4471:1,4,2,0,0.0,0,0,0,0,0,0,0.0,0,5,0,0,0.0,11.0,23.0,1,False,False
Midday,Set1,Draw4,4,24,2,1,0.0,1,0.0,False,False,False,False,False,False,False,2,5,2,5,0,0,0,0,139:1;1339:1;13369:1,193:1;1933:1;19336:1,4,1,0,0.0,0,0,0,0,0,0,0.0,0,6,0,0,0.0,11.0,24.0,1,False,False
Midday,Set1,Draw4,4,21,2,1,0.0,1,0.0,False,False,False,False,False,False,False,3,2,3,2,0,0,0,0,236:1;13367:1;22336:1,362:1;13367:1;33622:1,4,1,0,0.0,0,0,0,0,0,0,0.0,0,5,0,0,0.0,10.0,18.5,1,False,False
Midday,Set1,Draw4,4,34,1,1,0.0,1,0.0,False,False,False,False,False,False,False,3,1,3,1,0,0,0,0,344:1,344:1,2,1,0,0.0,0,0,0,0,0,0,0.0,1,4,1,0,0.0,9.0,57.0,2,False,False
Midday,Set1,Draw4,4,15,1,1,0.0,1,0.0,False,False,False,False,False,False,False,2,1,2,1,0,0,0,0,044:1,440:1,2,1,0,0.0,0,0,0,0,0,0,0.0,1,2,1,0,0.0,7.0,98.0,2,False,False
Midday,Set1,Draw4,4,17,1,1,0.0,1,0.0,False,False,False,False,False,False,False,1,2,1,2,0,0,0,0,167:1,617:1,2,1,0,0.0,0,0,0,0,0,0,0.0,0,1,0,0,0.0,4.0,10.0,1,False,False
Midday,Set1,Draw4,4,20,1,1,0.0,1,0.0,False,False,False,False,False,False,False,1,1,1,1,0,0,0,0,226:1,622:1,2,1,0,0.0,0,0,0,0,0,0,0.0,1,0,0,0,0.0,4.0,14.5,1,False,False
Midday,Set1,Draw4,4,18,1,1,0.0,1,0.0,False,False,False,False,False,False,False,1,1,1,1,0,0,0,0,1336:1,1336:1,2,1,0,0.0,0,0,0,0,0,0,0.0,0,0,0,0,0.0,3.0,31.0,1,False,False
Midday,Set1,Draw5,1,28,3,1,0.0,3,1.0,True,True,False,True,False,True,True,1,4,1,4,1,0,1,0,224:1,224:3,6,3,0,0.0,0,1,2,4,0,1,0.5,1,3,1,0,0.0,22.5,57.5,2,False,False
Midday,Set1,Draw5,1,13,4,1,0.0,3,1.0,True,True,False,True,False,True,True,1,3,1,3,2,0,2,0,033:1;335:1,033:3;533:1,8,3,0,0.0,0,1,2,4,0,1,0.5,1,2,0,0,0.0,22.5,57.0,1,False,False
Midday,Set1,Draw5,1,12,2,2,0.0,3,1.0,False,False,False,False,False,True,True,1,5,1,5,5,0,5,0,0224:1;024:1;02245:1,2240:1;240:1;52240:1,4,3,1,0.0,0,1,0,0,0,1,0.5,0,4,4,0,0.0,18.5,93.0,3,False,False
Midday,Set1,Draw5,1,27,2,1,0.0,3,1.0,True,False,False,False,False,True,True,1,4,1,4,2,0,2,0,2233:1;223:1,3322:2;322:2,4,3,0,0.0,0,1,2,0,0,1,0.5,1,3,1,0,0.0,16.5,52.0,2,False,False
Midday,Set1,Draw5,1,30,2,1,0.0,3,1.0,True,False,False,False,False,True,True,1,4,1,4,2,0,2,0,22334:1;2234:1,33224:2;3224:2,4,3,0,0.0,0,1,2,0,0,1,0.5,0,3,1,0,0.0,15.5,50.0,2,False,False
Midday,Set1,Draw5,1,29,2,1,0.0,3,1.0,True,False,False,False,False,True,True,1,4,1,4,1,0,1,0,233:1,332:2,4,3,0,0.0,0,1,2,0,0,1,0.5,1,3,0,0,0.0,15.5,48.0,1,False,False
Midday,Set1,Draw5,1,10,2,2,0.0,3,1.0,False,False,False,False,False,False,True,1,3,1,3,1,0,1,0,225:1,522:1,4,3,1,0.0,0,1,0,0,0,0,0.5,1,2,1,0,0.0,13.5,52.5,2,False,False
Midday,Set1,Draw5,1,11,3,2,0.0,1,1.0,False,False,False,False,False,True,False,1,3,1,3,0,0,8,0,022335:1;02235:1;02335:1,225033:1;22503:1;25033:1,6,1,1,0.0,0,1,0,0,0,1,0.0,0,2,1,0,0.0,13.0,37.0,2,False,False
Midday,Set1,Draw5,1,14,2,2,0.0,3,1.0,False,False,False,False,False,True,False,1,3,1,3,0,0,3,0,0334:1;03345:1;034:1,4033:1;50334:1;403:1,4,3,1,0.0,0,1,0,0,0,1,0.0,0,2,1,0,0.0,13.0,46.5,2,False,False
Midday,Set1,Draw5,1,3,1,1,0.0,1,1.0,False,False,False,False,False,True,True,1,3,1,3,2,0,2,0,0225:1;025:1,2250:1;250:1,2,1,0,0.0,0,1,0,0,0,1,0.5,0,2,4,0,0.0,11.5,94.5,3,False,False
Midday,Set1,Draw5,1,33,1,1,0.0,3,1.0,False,False,False,False,False,True,False,1,4,1,4,0,0,1,0,334:1,334:1,2,3,0,0.0,0,1,0,0,0,1,0.0,1,3,0,0,0.0,11.0,43.5,1,False,False
Midday,Set1,Draw5,1,4,2,2,0.0,1,1.0,False,False,False,False,False,False,True,1,3,1,3,2,0,2,0,0335:1;035:1,5033:1;503:1,4,1,1,0.0,0,1,0,0,0,0,0.5,0,2,1,0,0.0,10.5,72.5,2,False,False
Midday,Set1,Draw5,2,5,4,2,0.0,2,1.0,True,True,False,False,False,True,False,1,2,1,2,0,0,4,0,559:1;0559:1;059:1,559:3;5590:1;590:1,8,2,1,0.0,0,1,2,4,0,1,0.0,1,1,4,0,0.0,25.0,98.0,3,False,False
Midday,Set1,Draw5,2,14,4,2,0.0,3,1.0,False,False,False,False,False,True,False,2,6,2,6,0,0,15,0,0334559:1;039:1;033459:1,5590334:1;903:1;590334:1,8,3,1,0.0,0,1,0,0,0,1,0.0,0,7,4,0,0.0,25.0,46.5,3,False,False
Midday,Set1,Draw5,2,12,4,2,0.0,3,1.0,False,False,False,False,False,True,True,2,5,2,5,19,0,19,0,0224559:1;224559:1;022459:1,5592240:1;559224:1;592240:1,8,3,1,0.0,0,1,0,0,0,1,0.5,0,6,4,0,0.0,24.5,93.0,3,False,False
Midday,Set1,Draw5,2,28,3,1,0.0,3,1.0,True,True,False,False,False,True,True,1,4,1,4,3,0,3,0,224:1;2249:1;229:1,224:3;9224:1;922:1,6,3,0,0.0,0,1,2,4,0,1,0.5,1,3,1,0,0.0,22.5,57.5,2,False,False
Midday,Set1,Draw5,2,30,3,1,0.0,3,1.0,True,False,False,False,False,True,True,1,6,1,6,7,0,7,0,223349:1;22334:1;2234:1,933224:2;33224:2;3224:2,6,3,0,0.0,0,1,2,0,0,1,0.5,0,5,4,0,0.0,22.5,50.0,3,False,False
Midday,Set1,Draw5,2,29,3,1,0.0,3,1.0,True,False,False,False,False,True,True,1,4,1,4,2,0,2,0,233:1;337:1,332:2;337:1,6,3,0,0.0,0,1,2,0,0,1,0.5,1,3,4,0,0.0,21.5,48.0,3,False,False
Midday,Set1,Draw5,2,33,3,1,0.0,3,1.0,True,False,False,False,False,True,False,1,4,1,4,0,0,2,0,339:1;334:1,933:2;334:1,6,3,0,0.0,0,1,2,0,0,1,0.0,1,3,4,0,0.0,21.0,43.5,3,False,False
Midday,Set1,Draw5,2,13,2,1,0.0,3,1.0,True,False,False,False,False,True,True,1,3,1,3,1,0,1,0,033:1,033:2,4,3,0,0.0,0,1,2,0,0,1,0.5,1,2,4,0,0.0,18.5,57.0,3,False,False
Midday,Set1,Draw5,2,27,2,1,0.0,3,1.0,True,False,False,False,False,True,True,1,4,1,4,2,0,2,0,2233:1;223:1,3322:2;322:2,4,3,0,0.0,0,1,2,0,0,1,0.5,1,3,1,0,0.0,16.5,52.0,2,False,False
Midday,Set1,Draw5,2,3,2,1,0.0,2,1.0,False,False,False,False,False,True,True,1,2,1,2,3,0,3,0,0557:1;255:1;057:1,7055:1;255:1;705:1,4,2,0,0.0,0,1,0,0,0,1,0.5,1,1,4,0,0.0,14.5,94.5,3,False,False
Midday,Set1,Draw5,2,10,1,1,0.0,3,1.0,False,False,False,False,False,True,True,1,3,1,3,2,0,2,0,225:1;2255:1,225:1;2255:1,2,3,0,0.0,0,1,0,0,0,1,0.5,1,2,1,0,0.0,11.5,52.5,2,False,False
Midday,Set1,Draw5,2,11,1,1,0.0,1,1.0,False,False,False,False,False,True,False,1,2,1,2,0,0,1,0,0337:1,0337:1,2,1,0,0.0,0,1,0,0,0,1,0.0,0,1,4,0,0.0,10.0,37.0,3,False,False
Midday,Set1,Draw5,2,1,1,1,0.0,2,1.0,False,False,False,False,False,True,False,1,2,1,2,0,0,1,0,055:1,055:1,2,2,0,0.0,0,1,0,0,0,1,0.0,1,1,0,0,0.0,8.0,29.0,1,False,False
Midday,Set1,Draw5,3,28,3,1,0.0,3,0.0,True,True,False,False,False,True,True,1,4,1,4,3,0,0,0,224:1;2249:1;229:1,224:3;9224:1;922:1,6,3,0,0.0,0,0,2,4,0,1,0.5,1,3,4,0,0.0,24.5,57.5,3,False,False
Midday,Set1,Draw5,3,5,4,2,0.0,2,0.0,True,True,False,False,False,True,False,1,2,1,2,0,0,0,0,559:1;0559:1;059:1,559:3;5590:1;590:1,8,2,1,0.0,0,0,2,4,0,1,0.0,1,1,4,0,0.0,24.0,98.0,3,False,False
Midday,Set1,Draw5,3,12,4,2,0.0,3,0.0,False,False,False,False,False,True,True,2,5,2,5,18,0,0,0,0224559:1;224559:1;022459:1,5592240:1;559224:1;592240:1,8,3,1,0.0,0,0,0,0,0,1,0.5,0,6,4,0,0.0,23.5,93.0,3,False,False
Midday,Set1,Draw5,3,30,3,1,0.0,3,0.0,True,False,False,False,False,True,True,1,6,1,6,7,0,0,0,223349:1;22334:1;2234:1,933224:2;33224:2;3224:2,6,3,0,0.0,0,0,2,0,0,1,0.5,0,5,4,0,0.0,21.5,50.0,3,False,False
Midday,Set1,Draw5,3,29,3,1,0.0,3,0.0,True,False,False,False,False,True,True,1,4,1,4,2,0,0,0,233:1;337:1,332:2;337:1,6,3,0,0.0,0,0,2,0,0,1,0.5,1,3,4,0,0.0,20.5,48.0,3,False,False
Midday,Set1,Draw5,3,14,2,2,0.0,3,0.0,False,False,False,False,False,True,False,2,6,2,6,0,0,0,0,039:1;0334559:1;033459:1,903:1;5590334:1;590334:1,4,3,1,0.0,0,0,0,0,0,1,0.0,0,7,4,0,0.0,20.0,46.5,3,False,False
Midday,Set1,Draw5,3,33,3,1,0.0,3,0.0,True,False,False,False,False,True,False,1,4,1,4,0,0,0,0,339:1;334:1,933:2;334:1,6,3,0,0.0,0,0,2,0,0,1,0.0,1,3,4,0,0.0,20.0,43.5,3,False,False
Midday,Set1,Draw5,3,27,2,1,0.0,3,0.0,True,False,False,False,False,True,True,1,4,1,4,2,0,0,0,2233:1;223:1,3322:2;322:2,4,3,0,0.0,0,0,2,0,0,1,0.5,1,3,4,0,0.0,18.5,52.0,3,False,False
Midday,Set1,Draw5,3,9,2,1,0.0,1,0.0,False,False,False,False,False,True,False,3,6,3,6,0,0,0,0,014:1;019:1,401:1;019:1,4,1,0,0.0,0,0,0,0,0,1,0.0,0,9,1,0,0.0,16.0,38.0,2,False,False
Midday,Set1,Draw5,3,10,1,1,0.0,3,0.0,False,False,False,False,False,True,True,1,3,1,3,2,0,0,0,225:1;2255:1,225:1;2255:1,2,3,0,0.0,0,0,0,0,0,1,0.5,1,2,4,0,0.0,13.5,52.5,3,False,False
Midday,Set1,Draw5,3,13,1,1,0.0,3,0.0,False,False,False,False,False,True,True,1,3,1,3,1,0,0,0,033:1,033:1,2,3,0,0.0,0,0,0,0,0,1,0.5,1,2,4,0,0.0,13.5,57.0,3,False,False
Midday,Set1,Draw5,3,3,2,1,0.0,2,0.0,False,False,False,False,False,True,True,1,2,1,2,3,0,0,0,0557:1;255:1;057:1,7055:1;255:1;705:1,4,2,0,0.0,0,0,0,0,0,1,0.5,1,1,4,0,0.0,13.5,94.5,3,False,False
Midday,Set1,Draw5,3,7,2,2,0.0,1,0.0,False,False,False,False,False,True,True,1,6,1,6,3,0,0,0,017:1;01557:1;0157:1,170:1;17055:1;1705:1,4,1,1,0.0,0,0,0,0,0,1,0.5,0,5,0,0,0.0,12.5,26.0,1,False,False
Midday,Set1,Draw5,3,8,1,1,0.0,1,0.0,False,False,False,False,False,True,True,1,7,1,7,2,0,0,0,013:1;0133:1,013:1;0133:1,2,1,0,0.0,0,0,0,0,0,1,0.5,0,6,1,0,0.0,11.5,41.0,2,False,False
Midday,Set1,Draw5,3,24,1,1,0.0,1,0.0,False,False,False,False,False,True,False,2,5,2,5,0,0,0,0,139:1;1339:1,193:1;1933:1,2,1,0,0.0,0,0,0,0,0,1,0.0,0,6,1,0,0.0,11.0,24.0,2,False,False
Midday,Set1,Draw5,3,22,1,1,0.0,1,0.0,False,False,False,False,False,True,False,1,6,1,6,0,0,0,0,147:1,471:1,2,1,0,0.0,0,0,0,0,0,1,0.0,0,5,1,0,0.0,10.0,23.0,2,False,False
Midday,Set1,Draw5,3,23,1,1,0.0,1,0.0,False,False,False,False,False,True,True,1,4,1,4,1,0,0,0,133:1,133:1,2,1,0,0.0,0,0,0,0,0,1,0.5,1,3,1,0,0.0,9.5,33.5,2,False,False
Midday,Set1,Draw5,3,1,1,1,0.0,2,0.0,False,False,False,False,False,True,False,1,2,1,2,0,0,0,0,055:1,055:1,2,2,0,0.0,0,0,0,0,0,1,0.0,1,1,1,0,0.0,8.0,29.0,2,False,False
Midday,Set1,Draw5,3,21,1,1,0.0,1,0.0,False,False,False,False,False,True,False,1,3,1,3,0,0,0,0,1337:1,1337:1,2,1,0,0.0,0,0,0,0,0,1,0.0,0,2,1,0,0.0,7.0,18.5,2,False,False
Midday,Set1,Draw6,1,28,3,1,0.0,2,1.0,True,True,False,True,False,True,True,1,4,1,4,1,1,0,0,224:1,224:3,6,2,0,0.0,0,1,2,4,0,1,0.5,1,3,4,0,0.0,24.5,57.5,3,False,False
Midday,Set1,Draw6,1,8,3,1,0.0,2,1.0,True,False,False,False,False,True,True,1,7,1,7,4,4,0,0,013:1;0133:1;01335:1,013:2;0133:2;10533:1,6,2,0,0.0,0,1,2,0,0,1,0.5,0,6,0,0,0.0,18.5,41.0,1,False,False
Midday,Set1,Draw6,1,12,2,2,0.0,2,1.0,False,False,False,False,False,True,True,1,5,1,5,5,5,0,0,02245:1;0224:1;024:1,52240:1;2240:1;240:1,4,2,1,0.0,0,1,0,0,0,1,0.5,0,4,4,0,0.0,17.5,93.0,3,False,False
Midday,Set1,Draw6,1,9,1,1,0.0,2,1.0,False,False,False,False,False,True,False,3,6,3,6,0,1,0,0,014:1,401:1,2,2,0,0.0,0,1,0,0,0,1,0.0,0,9,1,0,0.0,16.0,38.0,2,False,False
Midday,Set1,Draw6,1,27,2,1,0.0,2,1.0,True,False,False,False,False,True,True,1,4,1,4,2,2,0,0,2233:1;223:1,3322:2;322:2,4,2,0,0.0,0,1,2,0,0,1,0.5,1,3,1,0,0.0,15.5,52.0,2,False,False
Midday,Set1,Draw6,1,30,2,1,0.0,2,1.0,True,False,False,False,False,True,True,1,4,1,4,2,2,0,0,22334:1;2234:1,33224:2;3224:2,4,2,0,0.0,0,1,2,0,0,1,0.5,0,3,1,0,0.0,14.5,50.0,2,False,False
Midday,Set1,Draw6,1,23,2,1,0.0,2,1.0,True,False,False,False,False,True,True,1,4,1,4,1,1,0,0,133:1,133:2,4,2,0,0.0,0,1,2,0,0,1,0.5,1,3,0,0,0.0,14.5,33.5,1,False,False
Midday,Set1,Draw6,1,29,2,1,0.0,2,1.0,True,False,False,False,False,True,True,1,4,1,4,1,1,0,0,233:1,332:2,4,2,0,0.0,0,1,2,0,0,1,0.5,1,3,0,0,0.0,14.5,48.0,1,False,False
Midday,Set1,Draw6,1,10,2,2,0.0,2,1.0,False,False,False,False,False,False,True,1,3,1,3,1,1,0,0,225:1,522:1,4,2,1,0.0,0,1,0,0,0,0,0.5,1,2,1,0,0.0,12.5,52.5,2,False,False
Midday,Set1,Draw6,1,3,1,1,0.0,1,1.0,False,False,False,False,False,True,True,1,3,1,3,2,2,0,0,0225:1;025:1,2250:1;250:1,2,1,0,0.0,0,1,0,0,0,1,0.5,0,2,4,0,0.0,11.5,94.5,3,False,False
Midday,Set1,Draw6,1,13,2,1,0.0,2,1.0,False,False,False,False,False,True,True,1,3,1,3,2,2,0,0,033:1;335:1,033:1;533:1,4,2,0,0.0,0,1,0,0,0,1,0.5,1,2,0,0,0.0,11.5,57.0,1,False,False
Midday,Set1,Draw6,1,11,2,2,0.0,1,1.0,False,False,False,False,False,True,False,1,3,1,3,0,6,0,0,022335:1;02235:1;02335:1,225033:1;22503:1;25033:1,4,1,1,0.0,0,1,0,0,0,1,0.0,0,2,1,0,0.0,11.0,37.0,2,False,False
Midday,Set1,Draw6,1,4,2,2,0.0,1,1.0,False,False,False,False,False,False,True,1,3,1,3,2,2,0,0,0335:1;035:1,5033:1;503:1,4,1,1,0.0,0,1,0,0,0,0,0.5,0,2,1,0,0.0,10.5,72.5,2,False,False
Midday,Set1,Draw6,1,33,1,1,0.0,2,1.0,False,False,False,False,False,True,False,1,4,1,4,0,1,0,0,334:1,334:1,2,2,0,0.0,0,1,0,0,0,1,0.0,1,3,0,0,0.0,10.0,43.5,1,False,False
Midday,Set1,Draw6,1,14,1,1,0.0,2,1.0,False,False,False,False,False,True,False,1,3,1,3,0,2,0,0,03345:1;0334:1,50334:1;0334:1,2,2,0,0.0,0,1,0,0,0,1,0.0,0,2,1,0,0.0,9.0,46.5,2,False,False
Midday,Set1,Draw6,1,2,1,1,0.0,1,1.0,False,False,False,False,False,True,True,1,1,1,1,1,1,0,0,015:1,105:1,2,1,0,0.0,0,1,0,0,0,1,0.5,0,0,1,0,0.0,6.5,55.0,2,False,False
Midday,Set1,Draw6,1,24,1,1,0.0,1,1.0,False,False,False,False,False,True,False,1,2,1,2,0,2,0,0,1334:1;134:1,3341:1;341:1,2,1,0,0.0,0,1,0,0,0,1,0.0,0,1,0,0,0.0,6.0,24.0,1,False,False
Midday,Set1,Draw6,1,21,1,1,0.0,1,1.0,False,False,False,False,False,True,False,1,1,1,1,0,2,0,0,12233:1;1233:1,13322:1;1332:1,2,1,0,0.0,0,1,0,0,0,1,0.0,0,0,0,0,0.0,5.0,18.5,1,False,False
Midday,Set1,Draw6,2,28,3,1,0.0,2,0.0,True,True,False,False,False,True,True,1,4,1,4,3,0,0,0,224:1;2249:1;229:1,224:3;9224:1;922:1,6,2,0,0.0,0,0,2,4,0,1,0.5,1,3,4,0,0.0,23.5,57.5,3,False,False
Midday,Set1,Draw6,2,5,4,2,0.0,1,0.0,True,True,False,False,False,True,False,1,2,1,2,0,0,0,0,559:1;0559:1;059:1,559:3;5590:1;590:1,8,1,1,0.0,0,0,2,4,0,1,0.0,1,1,4,0,0.0,23.0,98.0,3,False,False
Midday,Set1,Draw6,2,12,4,2,0.0,2,0.0,False,False,False,False,False,True,True,2,5,2,5,18,0,0,0,0224559:1;224559:1;022459:1,5592240:1;559224:1;592240:1,8,2,1,0.0,0,0,0,0,0,1,0.5,0,6,4,0,0.0,22.5,93.0,3,False,False
Midday,Set1,Draw6,2,30,3,1,0.0,2,0.0,True,False,False,False,False,True,True,1,6,1,6,7,0,0,0,223349:1;22334:1;2234:1,933224:2;33224:2;3224:2,6,2,0,0.0,0,0,2,0,0,1,0.5,0,5,4,0,0.0,20.5,50.0,3,False,False
Midday,Set1,Draw6,2,29,3,1,0.0,2,0.0,True,False,False,False,False,True,True,1,4,1,4,2,0,0,0,233:1;337:1,332:2;337:1,6,2,0,0.0,0,0,2,0,0,1,0.5,1,3,4,0,0.0,19.5,48.0,3,False,False
Midday,Set1,Draw6,2,14,2,2,0.0,2,0.0,False,False,False,False,False,True,False,2,6,2,6,0,0,0,0,039:1;0334559:1;033459:1,903:1;5590334:1;590334:1,4,2,1,0.0,0,0,0,0,0,1,0.0,0,7,4,0,0.0,19.0,46.5,3,False,False
Midday,Set1,Draw6,2,33,3,1,0.0,2,0.0,True,False,False,False,False,True,False,1,4,1,4,0,0,0,0,339:1;334:1,933:2;334:1,6,2,0,0.0,0,0,2,0,0,1,0.0,1,3,4,0,0.0,19.0,43.5,3,False,False
Midday,Set1,Draw6,2,27,2,1,0.0,2,0.0,True,False,False,False,False,True,True,1,4,1,4,2,0,0,0,2233:1;223:1,3322:2;322:2,4,2,0,0.0,0,0,2,0,0,1,0.5,1,3,4,0,0.0,17.5,52.0,3,False,False
Midday,Set1,Draw6,2,9,2,1,0.0,2,0.0,False,False,False,False,False,True,False,3,6,3,6,0,0,0,0,014:1;019:1,401:1;019:1,4,2,0,0.0,0,0,0,0,0,1,0.0,0,9,1,0,0.0,17.0,38.0,2,False,False
Midday,Set1,Draw6,2,7,2,2,0.0,1,0.0,False,False,False,False,False,True,True,1,6,1,6,3,0,0,0,017:1;01557:1;0157:1,170:1;17055:1;1705:1,4,1,1,0.0,0,0,0,0,0,1,0.5,0,5,1,0,0.0,13.5,26.0,2,False,False
Midday,Set1,Draw6,2,8,1,1,0.0,2,0.0,False,False,False,False,False,True,True,1,7,1,7,2,0,0,0,013:1;0133:1,013:1;0133:1,2,2,0,0.0,0,0,0,0,0,1,0.5,0,6,1,0,0.0,12.5,41.0,2,False,False
Midday,Set1,Draw6,2,13,1,1,0.0,2,0.0,False,False,False,False,False,True,True,1,3,1,3,1,0,0,0,033:1,033:1,2,2,0,0.0,0,0,0,0,0,1,0.5,1,2,4,0,0.0,12.5,57.0,3,False,False
Midday,Set1,Draw6,2,3,2,1,0.0,1,0.0,False,False,False,False,False,True,True,1,2,1,2,3,0,0,0,0557:1;255:1;057:1,7055:1;255:1;705:1,4,1,0,0.0,0,0,0,0,0,1,0.5,1,1,4,0,0.0,12.5,94.5,3,False,False
Midday,Set1,Draw6,2,24,1,1,0.0,1,0.0,False,False,False,False,False,True,False,2,5,2,5,0,0,0,0,139:1;1339:1,193:1;1933:1,2,1,0,0.0,0,0,0,0,0,1,0.0,0,6,1,0,0.0,11.0,24.0,2,False,False
Midday,Set1,Draw6,2,23,1,1,0.0,2,0.0,False,False,False,False,False,True,True,1,4,1,4,1,0,0,0,133:1,133:1,2,2,0,0.0,0,0,0,0,0,1,0.5,1,3,1,0,0.0,10.5,33.5,2,False,False
Midday,Set1,Draw6,2,22,1,1,0.0,1,0.0,False,False,False,False,False,True,False,1,6,1,6,0,0,0,0,147:1,471:1,2,1,0,0.0,0,0,0,0,0,1,0.0,0,5,1,0,0.0,10.0,23.0,2,False,False
Midday,Set1,Draw6,2,10,1,1,0.0,2,0.0,False,False,False,False,False,True,True,1,3,1,3,2,0,0,0,225:1;2255:1,225:1;2255:1,2,2,0,0.0,0,0,0,0,0,1,0.5,1,2,1,0,0.0,9.5,52.5,2,False,False
Midday,Set1,Draw6,2,21,1,1,0.0,1,0.0,False,False,False,False,False,True,False,1,3,1,3,0,0,0,0,1337:1,1337:1,2,1,0,0.0,0,0,0,0,0,1,0.0,0,2,1,0,0.0,7.0,18.5,2,False,False
Midday,Set1,Draw6,2,1,1,1,0.0,1,0.0,False,False,False,False,False,True,False,1,2,1,2,0,0,0,0,055:1,055:1,2,1,0,0.0,0,0,0,0,0,1,0.0,1,1,1,0,0.0,7.0,29.0,2,False,False
Midday,Set1,Draw7,1,28,3,1,0.0,1,0.0,True,True,False,True,False,True,True,1,4,1,4,1,0,0,0,224:1,224:3,6,1,0,0.0,0,0,2,4,0,1,0.5,1,3,4,0,0.0,22.5,57.5,3,False,False
Midday,Set1,Draw7,1,2,2,1,0.0,1,0.0,True,False,False,False,False,True,True,3,3,3,3,1,0,0,0,001:1,001:2,4,1,0,0.0,0,0,2,0,0,1,0.5,1,6,4,0,0.0,19.5,55.0,3,False,False
Midday,Set1,Draw7,1,30,3,1,0.0,1,0.0,True,False,False,False,False,True,True,1,6,1,6,6,0,0,0,22334:1;2234:1;347:1,33224:2;3224:2;347:1,6,1,0,0.0,0,0,2,0,0,1,0.5,0,5,4,0,0.0,19.5,50.0,3,False,False
Midday,Set1,Draw7,1,8,2,2,0.0,1,0.0,False,False,False,False,False,True,True,2,7,2,7,10,0,0,0,013:1;00138:1;0133:1,013:1;00183:1;0133:1,4,1,1,0.0,0,0,0,0,0,1,0.5,0,8,4,0,0.0,19.5,41.0,3,False,False
Midday,Set1,Draw7,1,3,3,1,0.0,1,0.0,True,False,False,False,False,True,True,1,3,1,3,6,0,0,0,007:1;0225:1;00225:1,700:2;2250:1;22500:1,6,1,0,0.0,0,0,2,0,0,1,0.5,1,2,4,0,0.0,17.5,94.5,3,False,False
Midday,Set1,Draw7,1,27,2,1,0.0,1,0.0,True,False,False,False,False,True,True,1,4,1,4,2,0,0,0,2233:1;223:1,3322:2;322:2,4,1,0,0.0,0,0,2,0,0,1,0.5,1,3,4,0,0.0,16.5,52.0,3,False,False
Midday,Set1,Draw7,1,7,2,2,0.0,1,0.0,False,False,False,False,False,True,True,1,6,1,6,3,0,0,0,017:1;00157:1;0017:1,170:1;17005:1;1700:1,4,1,1,0.0,0,0,0,0,0,1,0.5,0,5,4,0,0.0,16.5,26.0,3,False,False
Midday,Set1,Draw7,1,23,2,2,0.0,1,0.0,False,False,False,False,False,True,True,3,4,3,4,3,0,0,0,138:1;133:1;1338:1,183:1;133:1;1338:1,4,1,1,0.0,0,0,0,0,0,1,0.5,1,7,0,0,0.0,15.5,33.5,1,False,False
Midday,Set1,Draw7,1,12,2,2,0.0,1,0.0,False,False,False,False,False,True,True,1,5,1,5,8,0,0,0,02245:1;002245:1;0224:1,52240:1;522400:1;2240:1,4,1,1,0.0,0,0,0,0,0,1,0.5,0,4,4,0,0.0,15.5,93.0,3,False,False
Midday,Set1,Draw7,1,29,3,1,0.0,1,0.0,True,False,False,False,False,True,True,1,4,1,4,5,0,0,0,233:1;22338:1;3378:1,332:2;83322:1;3387:1,6,1,0,0.0,0,0,2,0,0,1,0.5,1,3,0,0,0.0,14.5,48.0,1,False,False
Midday,Set1,Draw7,1,4,2,1,0.0,1,0.0,False,False,False,False,False,True,True,1,3,1,3,9,0,0,0,003358:1;0335:1;00358:1,500833:1;0533:1;50083:1,4,1,0,0.0,0,0,0,0,0,1,0.5,1,2,4,0,0.0,13.5,72.5,3,False,False
Midday,Set1,Draw7,1,22,1,1,0.0,1,0.0,False,False,False,False,False,True,False,1,6,1,6,0,0,0,0,147:1,471:1,2,1,0,0.0,0,0,0,0,0,1,0.0,0,5,4,0,0.0,13.0,23.0,3,False,False
Midday,Set1,Draw7,1,21,3,1,0.0,1,0.0,False,False,False,False,False,True,False,1,2,1,2,0,0,0,0,122338:1;13378:1;12338:1,183322:1;13387:1;18332:1,6,1,0,0.0,0,0,0,0,0,1,0.0,0,1,4,0,0.0,13.0,18.5,3,False,False
Midday,Set1,Draw7,1,32,3,2,0.0,1,0.0,True,False,False,True,False,False,True,1,1,1,1,1,0,0,0,338:1,833:2,6,1,1,0.0,0,0,2,0,0,0,0.5,1,0,0,0,0.0,11.5,27.5,1,False,False
Midday,Set1,Draw7,1,5,1,1,0.0,1,0.0,False,False,False,False,False,True,False,1,3,1,3,0,0,0,0,004:1,400:1,2,1,0,0.0,0,0,0,0,0,1,0.0,1,2,4,0,0.0,11.0,98.0,3,False,False
Midday,Set1,Draw7,1,10,2,2,0.0,1,0.0,False,False,False,False,False,False,True,1,3,1,3,1,0,0,0,225:1,522:1,4,1,1,0.0,0,0,0,0,0,0,0.5,1,2,1,0,0.0,10.5,52.5,2,False,False
Midday,Set1,Draw7,1,9,1,1,0.0,1,0.0,False,False,False,False,False,True,False,1,3,1,3,0,0,0,0,0014:1,4001:1,2,1,0,0.0,0,0,0,0,0,1,0.0,0,2,4,0,0.0,10.0,38.0,3,False,False
Midday,Set1,Draw7,1,13,2,1,0.0,1,0.0,False,False,False,False,False,True,True,1,3,1,3,4,0,0,0,00338:1;335:1;0338:1,00833:1;533:1;0833:1,4,1,0,0.0,0,0,0,0,0,1,0.5,1,2,0,0,0.0,9.5,57.0,1,False,False
Midday,Set1,Draw7,1,11,2,1,0.0,1,0.0,False,False,False,False,False,True,False,1,3,1,3,0,0,0,0,00223358:1;00223357:1;022335:1,22500833:1;70053322:1;053322:1,4,1,0,0.0,0,0,0,0,0,1,0.0,0,2,0,0,0.0,8.0,37.0,1,False,False
Midday,Set1,Draw7,1,14,1,1,0.0,1,0.0,False,False,False,False,False,True,False,1,1,1,1,0,0,0,0,0033458:1;003348:1;03348:1,5008334:1;008334:1;08334:1,2,1,0,0.0,0,0,0,0,0,1,0.0,0,0,4,0,0.0,8.0,46.5,3,False,False
Midday,Set1,Draw7,1,33,1,1,0.0,1,0.0,False,False,False,False,False,True,False,1,4,1,4,0,0,0,0,334:1;3348:1,334:1;8334:1,2,1,0,0.0,0,0,0,0,0,1,0.0,1,3,0,0,0.0,8.0,43.5,1,False,False
Midday,Set1,Draw7,1,1,2,2,0.0,1,0.0,False,False,False,False,False,False,False,1,1,1,1,0,0,0,0,005:1,500:1,4,1,1,0.0,0,0,0,0,0,0,0.0,1,0,1,0,0.0,8.0,29.0,2,False,False
Midday,Set2,Draw1,2,2,4,1,0.0,1,1.0,True,True,True,True,True,True,True,3,1,3,1,1,1,0,1,001:1,001:4,8,1,0,0.0,2,1,2,4,1,1,0.5,1,4,0,0,0.0,25.5,55.0,1,False,False
Midday,Set2,Draw1,3,9,4,2,0.0,5,1.0,True,False,False,False,False,False,False,3,1,3,1,0,1,0,0,014:1,041:2,8,5,1,0.0,0,1,2,0,0,0,0.0,0,4,0,0,0.0,21.0,38.0,1,False,False
Midday,Set2,Draw1,4,9,2,2,0.0,5,1.0,False,False,False,False,False,False,False,3,1,3,1,0,1,0,0,014:1,401:1,4,5,1,0.0,0,1,0,0,0,0,0.0,0,4,0,1,0.0,16.0,38.0,1,True,False
Midday,Set2,Draw1,4,8,3,2,0.0,1,1.0,True,False,False,False,False,False,True,2,1,2,1,1,1,0,0,018:1,018:2,6,1,1,0.0,0,1,2,0,0,0,0.5,0,2,0,1,0.0,14.5,41.0,1,True,False
Midday,Set2,Draw1,4,24,2,2,0.0,3,1.0,False,False,False,False,False,False,False,2,1,2,1,0,1,0,0,148:1,841:1,4,3,1,0.0,0,1,0,0,0,0,0.0,0,2,0,1,0.0,12.0,24.0,1,True,False
Midday,Set2,Draw1,4,14,1,1,0.0,1,1.0,False,False,False,False,False,False,False,1,1,1,1,0,1,0,0,048:1,084:1,2,1,0,0.0,0,1,0,0,0,0,0.0,0,0,1,1,0.0,6.0,46.5,2,True,False
Midday,Set2,Draw1,5,23,4,2,0.0,3,0.0,True,False,False,False,False,False,True,3,1,3,1,2,0,0,0,688:1;188:1,886:2;188:2,8,3,1,0.0,0,0,2,0,0,0,0.5,1,4,0,1,0.0,20.5,33.5,1,True,False
Midday,Set2,Draw1,5,18,3,2,0.0,3,0.0,True,False,False,False,False,False,False,3,1,3,1,0,0,0,0,11688:1;1688:1;118:1,11886:2;1886:2;118:2,6,3,1,0.0,0,0,2,0,0,0,0.0,1,4,0,1,0.0,18.0,31.0,1,True,False
Midday,Set2,Draw1,5,8,4,2,0.0,3,0.0,True,False,False,False,False,False,True,2,1,2,1,5,0,0,0,011688:1;01188:1;0118:1,011886:2;01188:2;0118:2,8,3,1,0.0,0,0,2,0,0,0,0.5,0,2,0,1,0.0,17.5,41.0,1,True,False
Midday,Set2,Draw1,5,6,3,2,0.0,3,0.0,True,False,False,False,False,False,False,2,1,2,1,0,0,0,0,011:1,011:2,6,3,1,0.0,0,0,2,0,0,0,0.0,1,2,0,0,0.0,15.0,22.0,1,False,False
Midday,Set2,Draw1,5,9,2,2,0.0,5,0.0,False,False,False,False,False,False,False,3,1,3,1,0,0,0,0,014:1;0114:1,401:1;4011:1,4,5,1,0.0,0,0,0,0,0,0,0.0,0,4,0,1,0.0,15.0,38.0,1,True,False
Midday,Set2,Draw1,5,24,2,2,0.0,3,0.0,False,False,False,False,False,False,False,2,1,2,1,0,0,0,0,114688:1;14688:1;4688:1,688411:1;68841:1;6884:1,4,3,1,0.0,0,0,0,0,0,0,0.0,0,2,0,1,0.0,11.0,24.0,1,True,False
Midday,Set2,Draw1,5,19,1,1,0.0,3,0.0,False,False,False,False,False,False,False,3,1,3,1,0,0,0,0,114:1,411:1,2,3,0,0.0,0,0,0,0,0,0,0.0,1,4,0,1,0.0,11.0,30.0,1,True,False
Midday,Set2,Draw1,5,33,1,1,0.0,2,0.0,False,False,False,False,False,False,False,2,1,2,1,0,0,0,0,488:1,884:1,2,2,0,0.0,0,0,0,0,0,0,0.0,1,2,0,1,0.0,8.0,43.5,1,True,False
Midday,Set2,Draw1,6,23,4,2,0.0,3,0.0,True,False,False,False,False,False,True,3,1,3,1,2,0,0,0,688:1;188:1,886:2;188:1,8,3,1,0.0,0,0,2,0,0,0,0.5,1,4,0,1,0.0,20.5,33.5,1,True,False
Midday,Set2,Draw1,6,9,4,2,0.0,5,0.0,False,False,False,False,False,False,False,3,1,3,1,0,0,0,0,014:1;0149:1;0119:1,401:1;9401:1;1109:1,8,5,1,0.0,0,0,0,0,0,0,0.0,0,4,1,1,0.0,20.0,38.0,2,True,False
Midday,Set2,Draw1,6,6,3,2,0.0,3,0.0,True,False,False,False,False,False,False,2,1,2,1,0,0,0,0,011:1,011:2,6,3,1,0.0,0,0,2,0,0,0,0.0,1,2,0,1,0.0,16.0,22.0,1,True,False
Midday,Set2,Draw1,6,8,3,2,0.0,3,0.0,False,False,False,False,False,False,True,2,1,2,1,5,0,0,0,011688:1;01188:1;0118:1,011886:1;01188:1;0118:1,6,3,1,0.0,0,0,0,0,0,0,0.5,0,2,1,1,0.0,14.5,41.0,2,True,False
Midday,Set2,Draw1,6,18,2,2,0.0,3,0.0,False,False,False,False,False,False,False,3,1,3,1,0,0,0,0,11688:1;1688:1;118:1,11886:1;1886:1;118:1,4,3,1,0.0,0,0,0,0,0,0,0.0,1,4,0,1,0.0,14.0,31.0,1,True,False
Midday,Set2,Draw1,6,24,2,2,0.0,3,0.0,False,False,False,False,False,False,False,3,1,3,1,0,0,0,0,114688:1;11889:1;1146889:1,688411:1;11988:1;1198864:1,4,3,1,0.0,0,0,0,0,0,0,0.0,0,4,0,1,0.0,13.0,24.0,1,True,False
Midday,Set2,Draw1,6,19,2,1,0.0,3,0.0,False,False,False,False,False,False,False,3,1,3,1,0,0,0,0,114:1;119:1,411:1;119:1,4,3,0,0.0,0,0,0,0,0,0,0.0,1,4,0,1,0.0,13.0,30.0,1,True,False
Midday,Set2,Draw1,6,33,2,1,0.0,2,0.0,False,False,False,False,False,False,False,3,1,3,1,0,0,0,0,889:1;488:1,988:1;884:1,4,2,0,0.0,0,0,0,0,0,0,0.0,1,4,0,1,0.0,12.0,43.5,1,True,False
Midday,Set2,Draw1,6,15,2,2,0.0,1,0.0,False,False,False,False,False,False,False,2,1,2,1,0,0,0,0,049:1,940:1,4,1,1,0.0,0,0,0,0,0,0,0.0,0,2,4,0,0.0,12.0,98.0,3,False,False
Midday,Set2,Draw1,7,23,4,3,0.0,3,0.0,True,False,False,False,False,False,True,3,1,3,1,8,0,0,0,688:1;3688:1;11388:1,688:2;3886:1;11388:1,8,3,2,0.0,0,0,2,0,0,0,0.5,1,4,4,1,0.0,25.5,33.5,3,True,False
Midday,Set2,Draw1,7,31,3,1,0.0,1,0.0,True,True,False,False,False,False,False,3,1,3,1,0,0,0,0,244:1;249:1;2449:1,244:3;924:1;9244:1,6,1,0,0.0,0,0,2,4,0,0,0.0,1,4,4,1,0.0,23.0,111.0,3,True,False
Midday,Set2,Draw1,7,9,4,2,0.0,5,0.0,False,False,False,False,False,False,False,3,1,3,1,0,0,0,0,014:1;0119:1;0144:1,401:1;1109:1;4401:1,8,5,1,0.0,0,0,0,0,0,0,0.0,0,4,4,1,0.0,23.0,38.0,3,True,False
Midday,Set2,Draw1,7,32,3,2,0.0,1,0.0,True,False,False,False,False,False,True,3,1,3,1,1,0,0,0,388:1,883:2,6,1,1,0.0,0,0,2,0,0,0,0.5,1,4,0,1,0.0,16.5,27.5,1,True,False
Midday,Set2,Draw1,7,8,3,1,0.0,3,0.0,False,False,False,False,False,False,True,2,1,2,1,10,0,0,0,011688:1;0113688:1;011388:1,688110:1;0113886:1;011388:1,6,3,0,0.0,0,0,0,0,0,0,0.5,0,2,4,1,0.0,16.5,41.0,3,True,False
Midday,Set2,Draw1,7,6,3,2,0.0,3,0.0,True,False,False,False,False,False,False,2,1,2,1,0,0,0,0,011:1,011:2,6,3,1,0.0,0,0,2,0,0,0,0.0,1,2,0,1,0.0,16.0,22.0,1,True,False
Midday,Set2,Draw1,7,33,2,1,0.0,2,0.0,False,False,False,False,False,False,False,3,1,3,1,0,0,0,0,3488:1;889:1;3889:1,8834:1;988:1;9883:1,4,2,0,0.0,0,0,0,0,0,0,0.0,1,4,4,1,0.0,16.0,43.5,3,True,False
Midday,Set2,Draw1,7,18,2,1,0.0,3,0.0,False,False,False,False,False,False,False,3,1,3,1,0,0,0,0,11688:1;113688:1;1688:1,68811:1;113886:1;6881:1,4,3,0,0.0,0,0,0,0,0,0,0.0,1,4,0,1,0.0,13.0,31.0,1,True,False
Midday,Set2,Draw1,7,19,2,1,0.0,3,0.0,False,False,False,False,False,False,False,3,1,3,1,0,0,0,0,114:1;119:1;1144:1,411:1;119:1;4411:1,4,3,0,0.0,0,0,0,0,0,0,0.0,1,4,0,1,0.0,13.0,30.0,1,True,False
Midday,Set2,Draw1,7,34,1,1,0.0,1,0.0,False,False,False,False,False,False,False,3,1,3,1,0,0,0,0,344:1,344:1,2,1,0,0.0,0,0,0,0,0,0,0.0,1,4,4,1,0.0,13.0,57.0,3,True,False
Midday,Set2,Draw1,7,30,1,1,0.0,1,0.0,False,False,False,False,False,False,True,3,1,3,1,5,0,0,0,2349:1;23449:1;239:1,9324:1;93244:1;932:1,2,1,0,0.0,0,0,0,0,0,0,0.5,0,4,4,1,0.0,12.5,50.0,3,True,False
Midday,Set2,Draw1,7,12,2,1,0.0,1,0.0,False,False,False,False,False,False,True,2,1,2,1,3,0,0,0,02449:1;0244:1;029:1,92440:1;2440:1;290:1,4,1,0,0.0,0,0,0,0,0,0,0.5,0,2,4,1,0.0,12.5,93.0,3,True,False
Midday,Set2,Draw1,7,24,2,1,0.0,2,0.0,False,False,False,False,False,False,False,3,1,3,1,0,0,0,0,1136889:1;11344688:1;113889:1,1198836:1;68834411:1;119883:1,4,2,0,0.0,0,0,0,0,0,0,0.0,0,4,1,1,0.0,12.0,24.0,2,True,False
Midday,Set2,Draw1,7,21,1,1,0.0,1,0.0,False,False,False,False,False,False,False,3,1,3,1,0,0,0,0,2368:1;23688:1;236:1,8362:1;88362:1;362:1,2,1,0,0.0,0,0,0,0,0,0,0.0,0,4,4,1,0.0,12.0,18.5,3,True,False
Midday,Set2,Draw1,7,22,1,1,0.0,1,0.0,False,False,False,False,False,False,False,3,1,3,1,0,0,0,0,246:1;2446:1,624:1;6244:1,2,1,0,0.0,0,0,0,0,0,0,0.0,0,4,4,1,0.0,12.0,23.0,3,True,False
Midday,Set2,Draw1,7,15,1,1,0.0,1,0.0,False,False,False,False,False,False,False,2,1,2,1,0,0,0,0,044:1,440:1,2,1,0,0.0,0,0,0,0,0,0,0.0,1,2,4,1,0.0,11.0,98.0,3,True,False
Midday,Set2,Draw1,7,14,1,1,0.0,1,0.0,False,False,False,False,False,False,False,2,1,2,1,0,0,0,0,039:1,093:1,2,1,0,0.0,0,0,0,0,0,0,0.0,0,2,4,1,0.0,10.0,46.5,3,True,False
Midday,Set2,Draw1,7,25,1,1,0.0,1,0.0,False,False,False,False,False,False,False,2,1,2,1,0,0,0,0,144:1,441:1,2,1,0,0.0,0,0,0,0,0,0,0.0,1,2,1,1,0.0,8.0,17.5,2,True,False
Midday,Set3,Draw1,1,2,4,1,0.0,1,1.0,True,True,True,True,True,True,True,3,1,3,1,1,1,0,1,001:1,001:4,8,1,0,0.0,2,1,2,4,1,1,0.5,1,4,0,0,0.0,25.5,55.0,1,False,False
Midday,Set3,Draw1,2,9,4,2,0.0,1,1.0,True,False,False,False,False,False,False,3,1,3,1,0,1,0,0,014:1,041:2,8,1,1,0.0,0,1,2,0,0,0,0.0,0,4,0,0,0.0,17.0,38.0,1,False,False
Midday,Set3,Draw1,3,24,4,4,0.0,3,1.0,False,False,False,False,False,False,False,2,1,2,1,0,1,0,0,148:1,418:1,8,3,3,0.0,0,1,0,0,0,0,0.0,0,2,0,0,0.0,17.0,24.0,1,False,False
Midday,Set3,Draw1,4,23,4,2,0.0,4,1.0,True,False,False,False,False,False,True,3,1,3,1,2,2,0,0,688:1;188:1,886:2;188:2,8,4,1,0.0,0,1,2,0,0,0,0.5,1,4,0,0,0.0,21.5,33.5,1,False,False
Midday,Set3,Draw1,4,18,3,2,0.0,4,1.0,True,False,False,False,False,False,False,3,1,3,1,0,4,0,0,11688:1;1688:1;118:1,11886:2;1886:2;118:2,6,4,1,0.0,0,1,2,0,0,0,0.0,1,4,0,0,0.0,19.0,31.0,1,False,False
Midday,Set3,Draw1,4,19,3,2,0.0,4,1.0,True,False,False,False,False,False,False,3,1,3,1,0,1,0,0,114:1,411:2,6,4,1,0.0,0,1,2,0,0,0,0.0,1,4,0,0,0.0,19.0,30.0,1,False,False
Midday,Set3,Draw1,4,24,4,4,0.0,3,1.0,False,False,False,False,False,False,False,2,1,2,1,0,8,0,0,114688:1;11488:1;1148:1,411886:1;41188:1;4118:1,8,3,3,0.0,0,1,0,0,0,0,0.0,0,2,0,1,0.0,18.0,24.0,1,True,False
Midday,Set3,Draw1,4,33,1,1,0.0,2,1.0,False,False,False,False,False,False,False,2,1,2,1,0,1,0,0,488:1,884:1,2,2,0,0.0,0,1,0,0,0,0,0.0,1,2,0,0,0.0,8.0,43.5,1,False,False
Midday,Set3,Draw1,5,23,4,2,0.0,4,0.0,True,False,False,False,False,False,True,3,1,3,1,2,0,0,0,688:1;188:1,886:2;188:1,8,4,1,0.0,0,0,2,0,0,0,0.5,1,4,0,1,0.0,21.5,33.5,1,True,False
Midday,Set3,Draw1,5,19,4,2,0.0,4,0.0,True,False,False,False,False,False,False,3,1,3,1,0,0,0,0,114:1;119:1;1149:1,411:2;119:2;9411:1,8,4,1,0.0,0,0,2,0,0,0,0.0,1,4,0,1,0.0,21.0,30.0,1,True,False
Midday,Set3,Draw1,5,24,4,4,0.0,3,0.0,False,False,False,False,False,False,False,3,1,3,1,0,0,0,0,1146889:1;11889:1;114688:1,9411886:1;88119:1;411886:1,8,3,3,0.0,0,0,0,0,0,0,0.0,0,4,1,1,0.0,20.0,24.0,2,True,False
Midday,Set3,Draw1,5,18,2,2,0.0,4,0.0,False,False,False,False,False,False,False,3,1,3,1,0,0,0,0,11688:1;1688:1;118:1,11886:1;1886:1;118:1,4,4,1,0.0,0,0,0,0,0,0,0.0,1,4,0,1,0.0,15.0,31.0,1,True,False
Midday,Set3,Draw1,5,33,2,1,0.0,3,0.0,False,False,False,False,False,False,False,3,1,3,1,0,0,0,0,889:1;488:1,988:1;884:1,4,3,0,0.0,0,0,0,0,0,0,0.0,1,4,0,1,0.0,13.0,43.5,1,True,False
Midday,Set3,Draw1,5,25,2,2,0.0,1,0.0,False,False,False,False,False,False,False,1,1,1,1,0,0,0,0,149:1,941:1,4,1,1,0.0,0,0,0,0,0,0,0.0,0,0,1,0,0.0,7.0,17.5,2,False,False
Midday,Set3,Draw1,6,23,4,3,0.0,4,0.0,True,False,False,False,False,False,True,3,1,3,1,8,0,0,0,688:1;3688:1;11388:1,688:2;3886:1;11388:1,8,4,2,0.0,0,0,2,0,0,0,0.5,1,4,1,1,0.0,23.5,33.5,2,True,False
Midday,Set3,Draw1,6,19,4,1,0.0,4,0.0,True,False,False,False,False,False,False,3,1,3,1,0,0,0,0,114:1;119:1;1144:1,411:2;119:2;4411:2,8,4,0,0.0,0,0,2,0,0,0,0.0,1,4,0,1,0.0,20.0,30.0,1,True,False
Midday,Set3,Draw1,6,24,4,2,0.0,3,0.0,False,False,False,False,False,False,False,3,1,3,1,0,0,0,0,1136889:1;11344688:1;113889:1,6881193:1;44113886:1;881193:1,8,3,1,0.0,0,0,0,0,0,0,0.0,0,4,0,1,0.0,17.0,24.0,1,True,False
Midday,Set3,Draw1,6,34,2,1,0.0,2,0.0,True,False,False,False,False,False,False,3,1,3,1,0,0,0,0,344:1;349:1;3449:1,344:2;934:1;9344:1,4,2,0,0.0,0,0,2,0,0,0,0.0,1,4,4,0,0.0,17.0,57.0,3,False,False
Midday,Set3,Draw1,6,33,2,1,0.0,3,0.0,False,False,False,False,False,False,False,3,1,3,1,0,0,0,0,3488:1;889:1;3889:1,8834:1;988:1;9883:1,4,3,0,0.0,0,0,0,0,0,0,0.0,1,4,4,1,0.0,17.0,43.5,3,True,False
Midday,Set3,Draw1,6,32,3,2,0.0,2,0.0,True,False,False,False,False,False,True,3,1,3,1,1,0,0,0,388:1,883:2,6,2,1,0.0,0,0,2,0,0,0,0.5,1,4,0,0,0.0,16.5,27.5,1,False,False
Midday,Set3,Draw1,6,18,2,1,0.0,4,0.0,False,False,False,False,False,False,False,3,1,3,1,0,0,0,0,11688:1;113688:1;1688:1,68811:1;113886:1;6881:1,4,4,0,0.0,0,0,0,0,0,0,0.0,1,4,0,1,0.0,14.0,31.0,1,True,False
Midday,Set3,Draw1,6,25,3,1,0.0,2,0.0,True,False,False,False,False,False,False,2,1,2,1,0,0,0,0,144:1;11449:1;1449:1,441:2;94411:1;9441:1,6,2,0,0.0,0,0,2,0,0,0,0.0,1,2,0,0,0.0,13.0,17.5,1,False,False
Midday,Set3,Draw1,6,35,1,1,0.0,1,0.0,False,False,False,False,False,False,False,1,1,1,1,0,0,0,0,449:1,944:1,2,1,0,0.0,0,0,0,0,0,0,0.0,1,0,0,0,0.0,4.0,8.5,1,False,False
Midday,Set3,Draw1,7,23,4,3,0.0,4,0.0,True,False,False,False,False,False,True,3,1,3,1,8,0,0,0,688:1;3688:1;11388:1,688:2;3886:1;11388:1,8,4,2,0.0,0,0,2,0,0,0,0.5,1,4,1,1,0.0,23.5,33.5,2,True,False
Midday,Set3,Draw1,7,31,3,1,0.0,1,0.0,True,True,False,False,False,False,False,3,1,3,1,0,0,0,0,244:1;249:1;2449:1,244:3;924:1;9244:1,6,1,0,0.0,0,0,2,4,0,0,0.0,1,4,4,1,0.0,23.0,111.0,3,True,False
Midday,Set3,Draw1,7,32,3,2,0.0,2,0.0,True,False,False,False,False,False,True,3,1,3,1,1,0,0,0,388:1,883:2,6,2,1,0.0,0,0,2,0,0,0,0.5,1,4,4,1,0.0,21.5,27.5,3,True,False
Midday,Set3,Draw1,7,19,3,1,0.0,4,0.0,True,False,False,False,False,False,False,3,1,3,1,0,0,0,0,114:1;1144:1;119:1,411:2;4411:2;119:1,6,4,0,0.0,0,0,2,0,0,0,0.0,1,4,0,1,0.0,18.0,30.0,1,True,False
Midday,Set3,Draw1,7,33,2,1,0.0,3,0.0,False,False,False,False,False,False,False,3,1,3,1,0,0,0,0,3488:1;889:1;3889:1,8834:1;988:1;9883:1,4,3,0,0.0,0,0,0,0,0,0,0.0,1,4,4,1,0.0,17.0,43.5,3,True,False
Midday,Set3,Draw1,7,24,3,2,0.0,3,0.0,False,False,False,False,False,False,False,3,1,3,1,0,0,0,0,11344688:1;1136889:1;1134488:1,44113886:1;1198836:1;4411388:1,6,3,1,0.0,0,0,0,0,0,0,0.0,0,4,1,1,0.0,16.0,24.0,2,True,False
Midday,Set3,Draw1,7,12,3,2,0.0,1,0.0,False,False,False,False,False,False,True,2,1,2,1,4,0,0,0,259:1;24459:1;2459:1,592:1;59244:1;5924:1,6,1,1,0.0,0,0,0,0,0,0,0.5,0,2,4,1,0.0,15.5,93.0,3,True,False
Midday,Set3,Draw1,7,18,2,1,0.0,4,0.0,False,False,False,False,False,False,False,3,1,3,1,0,0,0,0,11688:1;113688:1;1688:1,68811:1;113886:1;6881:1,4,4,0,0.0,0,0,0,0,0,0,0.0,1,4,1,1,0.0,15.0,31.0,2,True,False
Midday,Set3,Draw1,7,34,1,1,0.0,2,0.0,False,False,False,False,False,False,False,3,1,3,1,0,0,0,0,344:1,344:1,2,2,0,0.0,0,0,0,0,0,0,0.0,1,4,4,1,0.0,14.0,57.0,3,True,False
Midday,Set3,Draw1,7,30,1,1,0.0,1,0.0,False,False,False,False,False,False,True,3,1,3,1,5,0,0,0,2349:1;23449:1;239:1,9324:1;93244:1;932:1,2,1,0,0.0,0,0,0,0,0,0,0.5,0,4,4,1,0.0,12.5,50.0,3,True,False
Midday,Set3,Draw1,7,25,2,1,0.0,2,0.0,True,False,False,False,False,False,False,2,1,2,1,0,0,0,0,144:1,441:2,4,2,0,0.0,0,0,2,0,0,0,0.0,1,2,0,1,0.0,12.0,17.5,1,True,False
Midday,Set3,Draw1,7,22,2,1,0.0,1,0.0,False,False,False,False,False,False,False,3,1,3,1,0,0,0,0,112449:1;246:1;12449:1,924411:1;624:1;92441:1,4,1,0,0.0,0,0,0,0,0,0,0.0,0,4,1,1,0.0,11.0,23.0,2,True,False
Midday,Set3,Draw1,7,21,1,1,0.0,1,0.0,False,False,False,False,False,False,False,3,1,3,1,0,0,0,0,2368:1;23688:1;236:1,8362:1;88362:1;362:1,2,1,0,0.0,0,0,0,0,0,0,0.0,0,4,1,1,0.0,9.0,18.5,2,True,False
Midday,Set3,Draw1,7,15,1,1,0.0,1,0.0,False,False,False,False,False,False,False,1,1,1,1,0,0,0,0,445:1,445:1,2,1,0,0.0,0,0,0,0,0,0,0.0,1,0,4,1,0.0,9.0,98.0,3,True,False
Midday,Set3,Draw1,7,14,1,1,0.0,1,0.0,False,False,False,False,False,False,False,2,1,2,1,0,0,0,0,359:1,593:1,2,1,0,0.0,0,0,0,0,0,0,0.0,0,2,1,1,0.0,7.0,46.5,2,True,False
Midday,Set3,Draw1,7,9,2,1,0.0,1,0.0,False,False,False,False,False,False,False,1,1,1,1,0,0,0,0,1159:1;569:1;159:1,1159:1;596:1;159:1,4,1,0,0.0,0,0,0,0,0,0,0.0,0,0,1,1,0.0,7.0,38.0,2,True,False
Midday,Set3,Draw1,7,6,1,1,0.0,1,0.0,False,False,False,False,False,False,False,1,1,1,1,0,0,0,0,115:1,115:1,2,1,0,0.0,0,0,0,0,0,0,0.0,1,0,1,1,0.0,6.0,22.0,2,True,False
Midday,Set3,Draw1,7,8,1,1,0.0,1,0.0,False,False,False,False,False,False,True,1,1,1,1,3,0,0,0,115688:1;11588:1;1158:1,688115:1;88115:1;8115:1,2,1,0,0.0,0,0,0,0,0,0,0.5,0,0,1,1,0.0,5.5,41.0,2,True,False
