section,Canonical,family_id,compound_score,base_max_score,set_chain_depth,draw_chain_depth,funnel_precol1,vt_only_lane,hot1_count,hot2_count,col1_hits,consensus_hits,hidden3v_hits,vtrac_straight_hits,double_mirror_hits,rows_covered,examples,compound_why
Combined,009,5.0,93.5,32.5,3,7,0,False,14,11,9,0,0,1,42,42,boxed|cov3|hp_repeat7|vstr2|hot2|perm2|hidden3v|double_mirror|set_chain3|draw_chain7;boxed|cov4|hp_repeat7|vstr2|hot1|dom_last|perm2|hidden3v|double_mirror|set_chain3,set_chain3|draw_chain7|col1x9|hot1x14|hot2x11|vstrx1|dblmirrorx42
Combined,005,1.0,88.5,29.0,3,7,0,False,11,8,6,0,0,18,36,36,straight|cov1|hp_repeat6|mirror|hot2|double_mirror|vtrac_straight|set_chain3|draw_chain7;straight|cov1|hp_repeat5|mirror|hot2|double_mirror|vtrac_straight|set_chain3|draw_chain7,set_chain3|draw_chain7|col1x6|hot1x11|hot2x8|vstrx18|dblmirrorx36
Combined,004,5.0,84.5,28.5,3,7,0,False,7,11,7,0,0,9,35,35,boxed|cov2|hp_repeat7|hot2|perm2|hidden3v|double_mirror|set_chain3|draw_chain7;boxed|cov2|hp_repeat6|hot2|perm2|hidden3v|double_mirror|set_chain3|draw_chain7,set_chain3|draw_chain7|col1x7|hot1x7|hot2x11|vstrx9|dblmirrorx35
Combined,0049,5.0,72.5,35.5,3,5,0,False,5,9,5,0,0,5,0,20,boxed|cov4|hp_repeat5|vstr2|mirror|hot2|dom_last|perm3|hidden3v|set_chain3|draw_chain5;boxed|cov4|hp_repeat5|vstr2|mirror|hot2|perm3|hidden3v|set_chain3|draw_chain5,set_chain3|draw_chain5|col1x5|hot1x5|hot2x9|vstrx5
Combined,0059,5.0,68.5,26.5,3,7,0,False,10,8,6,0,0,5,0,30,boxed|cov4|hp_repeat6|vstr2|mirror|hot1|perm3|hidden3v|set_chain3;boxed|cov4|hp_repeat6|vstr2|mirror|hot1|perm3|hidden3v|set_chain3,set_chain3|draw_chain7|col1x6|hot1x10|hot2x8|vstrx5
Combined,059,5.0,67.5,25.5,3,7,0,False,10,8,6,0,0,5,0,30,boxed|cov4|hp_repeat6|vstr2|mirror|hot1|perm3|hidden3v|set_chain3;boxed|cov4|hp_repeat6|vstr2|mirror|hot1|perm3|hidden3v|set_chain3,set_chain3|draw_chain7|col1x6|hot1x10|hot2x8|vstrx5
Combined,599,15.0,53.5,29.5,2,5,0,True,7,0,0,0,0,4,19,19,straight|cov3|hp_repeat4|vstr2|vstr3|hot1|hidden3v|double_mirror|vtrac_straight|set_chain2|draw_chain5;straight|cov3|vstr2|vstr3|single_left|hidden3v|double_mirror|vtrac_straight|set_chain2|draw_chain5,set_chain2|draw_chain5|hot1x7|vstrx4|dblmirrorx19
Combined,00459,5.0,52.5,29.5,2,4,0,False,1,6,4,0,0,4,0,9,boxed|cov4|hp_repeat2|mirror|hot2|dom_last|perm4|hidden3v|set_chain2|draw_chain4;boxed|cov4|hp_repeat2|mirror|hot2|perm4|hidden3v|set_chain2|draw_chain4,set_chain2|draw_chain4|col1x4|hot1x1|hot2x6|vstrx4
Combined,099,15.0,49.5,24.5,2,5,0,False,8,1,0,0,0,1,21,21,boxed|cov3|hp_repeat5|vstr2|hot2|perm2|hidden3v|double_mirror|set_chain2|draw_chain5;boxed|cov4|hp_repeat6|vstr2|hot1|perm2|hidden3v|double_mirror|set_chain2,set_chain2|draw_chain5|hot1x8|hot2x1|vstrx1|dblmirrorx21
Combined,049,15.0,48.5,25.5,3,2,0,False,5,5,2,0,0,2,0,16,boxed|cov3|hp_repeat5|vstr2|mirror|hot2|perm2|hidden3v|set_chain3|draw_chain2;boxed|cov3|hp_repeat5|vstr2|mirror|hot2|perm2|hidden3v|set_chain3|draw_chain2,set_chain3|draw_chain2|col1x2|hot1x5|hot2x5|vstrx2
Combined,259,12.0,48.5,23.5,2,5,0,False,2,6,5,0,0,3,0,13,boxed|cov3|hp_repeat3|vstr2|hot2|perm2|hidden3v|set_chain2|draw_chain5;boxed|cov3|hp_repeat3|vstr2|hot2|perm2|hidden3v|set_chain2|draw_chain5,set_chain2|draw_chain5|col1x5|hot1x2|hot2x6|vstrx3
Combined,006,2.0,48.0,25.0,3,6,0,False,2,2,0,0,0,2,18,18,boxed|cov3|hp_repeat3|vstr2|hot2|perm2|double_mirror|set_chain3|draw_chain6;boxed|cov3|hp_repeat2|vstr2|hot2|perm2|double_mirror|set_chain3|draw_chain6,set_chain3|draw_chain6|hot1x2|hot2x2|vstrx2|dblmirrorx18
Combined,229,28.0,47.5,29.5,2,3,0,False,1,2,3,0,0,6,7,7,straight|cov3|hp_repeat3|vstr2|vstr3|hot2|hidden3v|double_mirror|vtrac_straight|set_chain2|draw_chain3;straight|cov2|hp_repeat3|vstr2|hot2|hidden3v|double_mirror|vtrac_straight|set_chain2|draw_chain3,set_chain2|draw_chain3|col1x3|hot1x1|hot2x2|vstrx6|dblmirrorx7
Combined,224,28.0,47.5,29.5,2,3,0,False,1,2,3,0,0,6,7,7,straight|cov3|hp_repeat3|vstr2|vstr3|hot2|hidden3v|double_mirror|vtrac_straight|set_chain2|draw_chain3;straight|cov3|hp_repeat3|vstr2|vstr3|hot2|hidden3v|double_mirror|vtrac_straight|set_chain2|draw_chain3,set_chain2|draw_chain3|col1x3|hot1x1|hot2x2|vstrx6|dblmirrorx7
Combined,0024,12.0,45.5,21.5,2,3,0,False,1,6,3,0,0,9,0,13,straight|cov1|hp_repeat5|hot2|hidden3v|vtrac_straight|set_chain2|draw_chain3;straight|cov1|hp_repeat4|hot2|hidden3v|vtrac_straight|set_chain2|draw_chain3,set_chain2|draw_chain3|col1x3|hot1x1|hot2x6|vstrx9
Combined,00259,12.0,45.5,21.5,2,5,0,False,1,6,5,0,0,3,0,10,boxed|cov2|hp_repeat2|mirror|hot2|perm2|hidden3v|set_chain2|draw_chain5;boxed|cov2|hp_repeat2|mirror|hot2|perm2|hidden3v|set_chain2|draw_chain5,set_chain2|draw_chain5|col1x5|hot1x1|hot2x6|vstrx3
Combined,2249,28.0,45.0,30.5,2,3,0,False,1,2,3,0,0,6,0,7,straight|cov3|hp_repeat3|vstr2|vstr3|mirror|hot2|hidden3v|vtrac_straight|set_chain2|draw_chain3;straight|cov2|hp_repeat3|vstr2|mirror|hot2|hidden3v|vtrac_straight|set_chain2|draw_chain3,set_chain2|draw_chain3|col1x3|hot1x1|hot2x2|vstrx6
Combined,499,35.0,45.0,29.0,2,2,0,False,4,1,0,0,0,2,12,12,straight|cov3|hp_repeat5|vstr2|vstr3|mirror|hot2|double_mirror|vtrac_straight|set_chain2|draw_chain2;straight|cov3|hp_repeat5|vstr2|vstr3|mirror|hot1|double_mirror|set_chain2|draw_chain2,set_chain2|draw_chain2|hot1x4|hot2x1|vstrx2|dblmirrorx12
Combined,024,12.0,44.5,20.5,2,3,0,False,1,6,3,0,0,9,0,13,straight|cov1|hp_repeat5|hot2|hidden3v|vtrac_straight|set_chain2|draw_chain3;straight|cov1|hp_repeat4|hot2|hidden3v|vtrac_straight|set_chain2|draw_chain3,set_chain2|draw_chain3|col1x3|hot1x1|hot2x6|vstrx9
Combined,0259,12.0,44.5,20.5,2,5,0,False,1,6,5,0,0,3,0,10,boxed|cov2|hp_repeat2|mirror|hot2|perm2|hidden3v|set_chain2|draw_chain5;boxed|cov2|hp_repeat2|mirror|hot2|perm2|hidden3v|set_chain2|draw_chain5,set_chain2|draw_chain5|col1x5|hot1x1|hot2x6|vstrx3
Combined,245,12.0,44.5,20.5,2,3,0,False,1,6,3,0,0,9,0,13,straight|cov1|hp_repeat5|hot2|hidden3v|vtrac_straight|set_chain2|draw_chain3;straight|cov1|hp_repeat4|hot2|hidden3v|vtrac_straight|set_chain2|draw_chain3,set_chain2|draw_chain3|col1x3|hot1x1|hot2x6|vstrx9
Combined,249,31.0,43.5,28.5,1,2,0,False,1,4,2,0,0,6,0,9,straight|cov3|hp_repeat5|vstr2|vstr3|mirror|hot2|hidden3v|vtrac_straight|draw_chain2;straight|cov3|hp_repeat4|vstr2|vstr3|mirror|hot2|hidden3v|vtrac_straight|draw_chain2,draw_chain2|col1x2|hot1x1|hot2x4|vstrx6
Combined,002459,12.0,42.5,27.5,1,3,0,False,0,5,3,0,0,1,0,5,boxed|cov4|hp_repeat2|mirror|hot2|dom_last|perm4|hidden3v|draw_chain3;boxed|cov4|hp_repeat2|mirror|hot2|dom_last|perm4|hidden3v|draw_chain3,draw_chain3|col1x3|hot2x5|vstrx1
Combined,0099,5.0,39.5,24.5,2,5,0,False,8,1,0,0,0,1,0,21,boxed|cov3|hp_repeat5|vstr2|hot2|perm2|hidden3v|set_chain2|draw_chain5;boxed|cov4|hp_repeat6|vstr2|hot1|perm2|hidden3v|set_chain2,set_chain2|draw_chain5|hot1x8|hot2x1|vstrx1
Combined,22459,12.0,37.0,23.5,2,3,0,False,1,2,3,0,0,4,0,6,boxed|cov3|hp_repeat2|vstr2|mirror|hot2|perm2|hidden3v|set_chain2|draw_chain3;straight|cov2|hp_repeat2|vstr2|mirror|hot2|hidden3v|vtrac_straight|set_chain2|draw_chain3,set_chain2|draw_chain3|col1x3|hot1x1|hot2x2|vstrx4
Combined,003,4.0,37.0,21.5,3,4,0,False,2,0,2,0,0,3,8,8,straight|cov2|hp_repeat2|vstr2|hot1|hidden3v|double_mirror|vtrac_straight|set_chain3|draw_chain2;straight|cov2|hp_repeat2|vstr2|hot1|hidden3v|double_mirror|set_chain3,set_chain3|draw_chain4|col1x2|hot1x2|vstrx3|dblmirrorx8
Combined,225,10.0,37.0,19.0,2,3,0,False,1,2,3,0,0,6,7,7,straight|cov1|hp_repeat3|hot2|double_mirror|vtrac_straight|set_chain2|draw_chain3;straight|cov1|hp_repeat3|hot2|double_mirror|vtrac_straight|set_chain2|draw_chain3,set_chain2|draw_chain3|col1x3|hot1x1|hot2x2|vstrx6|dblmirrorx7
Combined,0022459,12.0,36.0,28.5,2,1,0,False,0,2,1,0,0,0,0,3,boxed|cov4|hp_repeat2|mirror|hot2|dom_last|perm4|hidden3v|set_chain2;boxed|cov2|hp_repeat2|mirror|hot2|perm2|hidden3v|set_chain2,set_chain2|draw_chain1|col1x1|hot2x2
Combined,00599,5.0,36.0,24.5,2,5,0,False,7,0,0,0,0,0,0,19,boxed|cov4|hp_repeat5|vstr2|mirror|hot1|perm3|hidden3v|set_chain2;boxed|cov3|hp_repeat5|vstr2|mirror|hot1|perm2|hidden3v|set_chain2,set_chain2|draw_chain5|hot1x7
Combined,0069,9.0,35.5,21.0,3,6,0,False,2,2,0,0,0,3,0,18,boxed|cov2|hp_repeat3|hot2|perm2|set_chain3|draw_chain6;straight|cov1|hp_repeat3|vtrac_straight|set_chain3|draw_chain6,set_chain3|draw_chain6|hot1x2|hot2x2|vstrx3
Combined,0599,5.0,35.0,23.5,2,5,0,False,7,0,0,0,0,0,0,19,boxed|cov4|hp_repeat5|vstr2|mirror|hot1|perm3|hidden3v|set_chain2;boxed|cov3|hp_repeat5|vstr2|mirror|hot1|perm2|hidden3v|set_chain2,set_chain2|draw_chain5|hot1x7
Combined,2259,12.0,34.5,22.5,2,3,0,False,1,2,3,0,0,1,0,7,boxed|cov3|hp_repeat3|vstr2|hot2|perm2|hidden3v|set_chain2|draw_chain3;boxed|cov3|hp_repeat3|vstr2|hot2|perm2|hidden3v|set_chain2|draw_chain3,set_chain2|draw_chain3|col1x3|hot1x1|hot2x2|vstrx1
Combined,00499,15.0,34.0,24.5,2,2,0,False,4,1,0,0,0,1,0,9,boxed|cov4|hp_repeat3|vstr2|mirror|hot2|perm3|hidden3v|set_chain2|draw_chain2;boxed|cov3|hp_repeat3|mirror|hot1|perm3|hidden3v|set_chain2|draw_chain2,set_chain2|draw_chain2|hot1x4|hot2x1|vstrx1
Combined,339,33.0,34.0,21.5,3,2,0,False,1,0,2,0,0,3,6,6,straight|cov2|hp_repeat2|vstr2|hot1|hidden3v|double_mirror|vtrac_straight|set_chain3|draw_chain2;straight|cov2|hp_repeat2|vstr2|hidden3v|double_mirror|vtrac_straight|set_chain3|draw_chain2,set_chain3|draw_chain2|col1x2|hot1x1|vstrx3|dblmirrorx6
Combined,2244,28.0,33.5,28.0,1,2,0,False,1,0,2,0,0,3,0,3,straight|cov3|vstr2|vstr3|single_left|dom_last|hidden3v|vtrac_straight|draw_chain2;straight|cov3|hp_repeat2|vstr2|vstr3|hot1|dom_last|hidden3v|vtrac_straight|draw_chain2,draw_chain2|col1x2|hot1x1|vstrx3
Combined,002259,12.0,33.5,20.5,2,3,0,False,1,2,3,0,0,3,0,6,boxed|cov2|hp_repeat2|mirror|hot2|perm2|hidden3v|set_chain2|draw_chain3;straight|cov1|hp_repeat2|mirror|hot1|hidden3v|vtrac_straight|set_chain2|draw_chain3,set_chain2|draw_chain3|col1x3|hot1x1|hot2x2|vstrx3
Combined,00249,12.0,33.0,19.5,1,2,0,False,1,4,2,0,0,3,0,9,boxed|cov2|hp_repeat5|mirror|hot2|perm2|hidden3v|draw_chain2;boxed|cov2|hp_repeat4|mirror|hot2|perm2|hidden3v|draw_chain2,draw_chain2|col1x2|hot1x1|hot2x4|vstrx3
Combined,899,34.0,33.0,17.0,1,5,0,True,4,0,0,0,0,4,13,13,straight|cov1|hp_repeat4|hot1|double_mirror|vtrac_straight|draw_chain5;straight|cov1|hp_repeat3|hot1|double_mirror|vtrac_straight|draw_chain5,draw_chain5|hot1x4|vstrx4|dblmirrorx13
Combined,005699,9.0,32.5,24.0,2,5,0,True,2,0,0,0,0,2,0,13,boxed|cov4|hp_repeat4|vstr2|mirror|hot1|perm3|set_chain2;straight|cov1|hp_repeat3|mirror|hot1|set_chain2|draw_chain5,set_chain2|draw_chain5|hot1x2|vstrx2
Combined,02259,12.0,32.5,19.5,2,3,0,False,1,2,3,0,0,3,0,6,boxed|cov2|hp_repeat2|mirror|hot2|perm2|hidden3v|set_chain2|draw_chain3;straight|cov1|hp_repeat2|mirror|hot1|hidden3v|vtrac_straight|set_chain2|draw_chain3,set_chain2|draw_chain3|col1x3|hot1x1|hot2x2|vstrx3
Combined,008,4.0,32.0,18.5,1,5,0,False,4,0,1,0,0,1,11,11,boxed|cov3|hp_repeat3|vstr2|hot1|perm2|hidden3v|double_mirror|draw_chain4;boxed|cov3|hp_repeat3|vstr2|hot1|perm2|hidden3v|double_mirror|draw_chain4,draw_chain5|col1x1|hot1x4|vstrx1|dblmirrorx11
Combined,0249,12.0,32.0,18.5,1,2,0,False,1,4,2,0,0,3,0,9,boxed|cov2|hp_repeat5|mirror|hot2|perm2|hidden3v|draw_chain2;boxed|cov2|hp_repeat4|mirror|hot2|perm2|hidden3v|draw_chain2,draw_chain2|col1x2|hot1x1|hot2x4|vstrx3
Combined,244,31.0,31.5,24.5,1,2,0,False,1,0,2,0,0,3,3,3,straight|cov3|vstr2|vstr3|single_left|hidden3v|double_mirror|vtrac_straight|draw_chain2;straight|cov3|hp_repeat2|vstr2|vstr3|hot1|hidden3v|double_mirror|vtrac_straight|draw_chain2,draw_chain2|col1x2|hot1x1|vstrx3|dblmirrorx3
Combined,2459,12.0,31.0,19.5,1,2,0,False,0,4,2,0,0,1,0,4,boxed|cov3|hp_repeat2|vstr2|mirror|hot2|perm2|hidden3v|draw_chain2;boxed|cov3|hp_repeat2|vstr2|mirror|hot2|perm2|hidden3v|draw_chain2,draw_chain2|col1x2|hot2x4|vstrx1
Combined,0029,12.0,31.0,16.5,1,3,0,False,0,4,3,0,0,4,0,4,straight|cov1|hp_repeat2|hot2|hidden3v|vtrac_straight|draw_chain3;straight|cov1|hot2|hidden3v|vtrac_straight|draw_chain3,draw_chain3|col1x3|hot2x4|vstrx4
Combined,459,15.0,30.5,20.5,2,2,0,False,2,2,1,0,0,0,0,6,boxed|cov3|hp_repeat2|vstr2|mirror|hot2|perm2|hidden3v|set_chain2|draw_chain2;boxed|cov3|hp_repeat2|vstr2|mirror|hot2|perm2|hidden3v|set_chain2|draw_chain2,set_chain2|draw_chain2|col1x1|hot1x2|hot2x2
Combined,02459,12.0,30.5,19.5,1,2,0,False,0,4,2,0,0,0,0,4,boxed|cov3|hp_repeat2|mirror|hot2|perm3|hidden3v|draw_chain2;boxed|cov3|hp_repeat2|mirror|hot2|perm3|hidden3v|draw_chain2,draw_chain2|col1x2|hot2x4
Combined,223349,30.0,30.0,22.5,2,2,0,False,1,0,2,0,0,3,0,4,straight|cov2|hp_repeat2|vstr2|mirror|hot1|hidden3v|vtrac_straight|set_chain2|draw_chain2;straight|cov1|hp_repeat2|mirror|hidden3v|vtrac_straight|set_chain2|draw_chain2,set_chain2|draw_chain2|col1x2|hot1x1|vstrx3
Combined,0499,15.0,30.0,20.5,2,2,0,False,4,1,0,0,0,1,0,9,boxed|cov3|hp_repeat3|vstr2|mirror|hot2|perm2|hidden3v|set_chain2|draw_chain2;straight|cov1|hp_repeat3|mirror|hot1|hidden3v|vtrac_straight|set_chain2|draw_chain2,set_chain2|draw_chain2|hot1x4|hot2x1|vstrx1
Combined,334,33.0,30.0,17.5,3,2,0,False,1,0,2,0,0,3,6,6,straight|cov1|hp_repeat2|hot1|hidden3v|double_mirror|vtrac_straight|set_chain3|draw_chain2;straight|cov2|hp_repeat2|vstr2|hidden3v|double_mirror|set_chain3,set_chain3|draw_chain2|col1x2|hot1x1|vstrx3|dblmirrorx6
Combined,029,12.0,30.0,15.5,1,3,0,False,0,4,3,0,0,4,0,4,straight|cov1|hp_repeat2|hot2|hidden3v|vtrac_straight|draw_chain3;straight|cov1|hot2|hidden3v|vtrac_straight|draw_chain3,draw_chain3|col1x3|hot2x4|vstrx4
Combined,0045899,14.0,29.5,23.5,1,3,0,False,4,0,0,0,0,1,0,6,boxed|cov4|hp_repeat3|mirror|hot1|perm4|hidden3v|draw_chain3;boxed|cov3|hp_repeat3|mirror|hot1|perm3|hidden3v|draw_chain3,draw_chain3|hot1x4|vstrx1
Combined,004599,5.0,29.5,22.5,2,2,0,False,4,0,0,0,0,0,0,8,boxed|cov4|hp_repeat2|mirror|hot1|perm4|hidden3v|set_chain2|draw_chain2;boxed|cov2|hp_repeat3|mirror|hot1|perm2|hidden3v|set_chain2|draw_chain2,set_chain2|draw_chain2|hot1x4
Combined,559,5.0,29.0,23.5,1,3,0,False,1,0,0,0,0,0,6,6,straight|cov3|vstr2|vstr3|single_left|hidden3v|double_mirror|draw_chain3;straight|cov3|hp_repeat3|vstr2|vstr3|hot1|hidden3v|double_mirror|draw_chain3,draw_chain3|hot1x1|dblmirrorx6
Combined,4599,15.0,29.0,21.5,2,2,0,False,4,0,0,0,0,1,0,11,straight|cov2|hp_repeat4|vstr2|mirror|hot1|hidden3v|vtrac_straight|set_chain2|draw_chain2;boxed|cov3|hp_repeat4|vstr2|mirror|hot1|perm2|hidden3v|set_chain2|draw_chain2,set_chain2|draw_chain2|hot1x4|vstrx1
Combined,022459,12.0,29.0,21.5,2,1,0,False,0,2,1,0,0,0,0,3,boxed|cov3|hp_repeat2|mirror|hot2|perm3|hidden3v|set_chain2;boxed|cov2|hp_repeat2|mirror|hot2|perm2|hidden3v|set_chain2,set_chain2|draw_chain1|col1x1|hot2x2
Combined,233,29.0,29.0,19.5,2,2,0,False,1,0,2,0,0,3,4,4,straight|cov2|hp_repeat2|vstr2|hot1|hidden3v|double_mirror|vtrac_straight|set_chain2|draw_chain2;straight|cov2|vstr2|hidden3v|double_mirror|vtrac_straight|set_chain2|draw_chain2,set_chain2|draw_chain2|col1x2|hot1x1|vstrx3|dblmirrorx4
Combined,223,27.0,29.0,19.5,2,2,0,False,1,0,2,0,0,3,4,4,straight|cov2|hp_repeat2|vstr2|hot1|hidden3v|double_mirror|vtrac_straight|set_chain2|draw_chain2;straight|cov2|vstr2|hidden3v|double_mirror|vtrac_straight|set_chain2|draw_chain2,set_chain2|draw_chain2|col1x2|hot1x1|vstrx3|dblmirrorx4
Combined,0034,14.0,29.0,17.5,3,4,0,False,2,0,2,0,0,3,0,8,straight|cov1|hp_repeat2|hot1|hidden3v|vtrac_straight|set_chain3|draw_chain2;straight|cov1|hp_repeat2|hidden3v|vtrac_straight|set_chain3|draw_chain2,set_chain3|draw_chain4|col1x2|hot1x2|vstrx3
Combined,00569,9.0,28.5,18.0,3,3,0,False,1,2,0,0,0,0,0,7,boxed|cov2|mirror|hot2|perm2|set_chain3|draw_chain3;boxed|cov2|mirror|hot2|perm2|set_chain3|draw_chain3,set_chain3|draw_chain3|hot1x1|hot2x2
Combined,22339,30.0,28.0,20.5,2,2,0,False,1,0,2,0,0,3,0,4,straight|cov2|hp_repeat2|vstr2|hot1|hidden3v|vtrac_straight|set_chain2|draw_chain2;straight|cov1|hp_repeat2|hidden3v|vtrac_straight|set_chain2|draw_chain2,set_chain2|draw_chain2|col1x2|hot1x1|vstrx3
Combined,22334,30.0,28.0,20.5,2,2,0,False,1,0,2,0,0,3,0,4,straight|cov2|hp_repeat2|vstr2|hot1|hidden3v|vtrac_straight|set_chain2|draw_chain2;straight|cov2|vstr2|hidden3v|vtrac_straight|set_chain2|draw_chain2,set_chain2|draw_chain2|col1x2|hot1x1|vstrx3
Combined,0459,5.0,28.0,19.5,2,1,0,False,1,2,1,0,0,0,0,5,boxed|cov3|hp_repeat2|mirror|hot2|perm3|hidden3v|set_chain2;boxed|cov3|hp_repeat2|mirror|hot2|perm3|hidden3v|set_chain2,set_chain2|draw_chain1|col1x1|hot1x1|hot2x2
Combined,002249,12.0,28.0,19.5,2,1,0,False,0,2,1,0,0,2,0,4,boxed|cov2|hp_repeat3|mirror|hot2|perm2|hidden3v|set_chain2;straight|cov1|hp_repeat3|mirror|hot2|hidden3v|vtrac_straight|set_chain2,set_chain2|draw_chain1|col1x1|hot2x2|vstrx2
Combined,00699,9.0,27.5,19.0,2,5,0,True,2,0,0,0,0,2,0,13,boxed|cov3|hp_repeat4|vstr2|hot1|perm2|set_chain2;straight|cov1|hp_repeat3|hot1|set_chain2|draw_chain5,set_chain2|draw_chain5|hot1x2|vstrx2
Combined,00224,12.0,27.5,18.5,2,1,0,False,0,2,1,0,0,3,0,4,straight|cov1|hp_repeat3|hot2|hidden3v|vtrac_straight|set_chain2;straight|cov1|hp_repeat3|hot2|hidden3v|vtrac_straight|set_chain2,set_chain2|draw_chain1|col1x1|hot2x2|vstrx3
Combined,2233449,30.0,27.0,21.5,1,2,0,False,1,0,2,0,0,3,0,3,straight|cov2|hp_repeat2|vstr2|mirror|hot1|hidden3v|vtrac_straight|draw_chain2;straight|cov1|hp_repeat2|mirror|hidden3v|vtrac_straight|draw_chain2,draw_chain2|col1x2|hot1x1|vstrx3
Combined,2339,30.0,27.0,19.5,2,2,0,False,1,0,2,0,0,3,0,4,straight|cov2|hp_repeat2|vstr2|hot1|hidden3v|vtrac_straight|set_chain2|draw_chain2;straight|cov1|hp_repeat2|hidden3v|vtrac_straight|set_chain2|draw_chain2,set_chain2|draw_chain2|col1x2|hot1x1|vstrx3
Combined,2233,27.0,27.0,19.5,2,2,0,False,1,0,2,0,0,3,0,4,straight|cov2|hp_repeat2|vstr2|hot1|hidden3v|vtrac_straight|set_chain2|draw_chain2;straight|cov2|vstr2|hidden3v|vtrac_straight|set_chain2|draw_chain2,set_chain2|draw_chain2|col1x2|hot1x1|vstrx3
Combined,2234,30.0,27.0,19.5,2,2,0,False,1,0,2,0,0,3,0,4,straight|cov2|hp_repeat2|vstr2|hot1|hidden3v|vtrac_straight|set_chain2|draw_chain2;straight|cov2|vstr2|hidden3v|vtrac_straight|set_chain2|draw_chain2,set_chain2|draw_chain2|col1x2|hot1x1|vstrx3
Combined,02249,12.0,27.0,18.5,2,1,0,False,0,2,1,0,0,2,0,4,boxed|cov2|hp_repeat3|mirror|hot2|perm2|hidden3v|set_chain2;straight|cov1|hp_repeat3|mirror|hot2|hidden3v|vtrac_straight|set_chain2,set_chain2|draw_chain1|col1x1|hot2x2|vstrx2
Combined,299,31.0,26.5,18.5,1,3,0,True,1,0,0,0,0,3,6,6,straight|cov2|hp_repeat3|vstr2|hot1|hidden3v|double_mirror|vtrac_straight|draw_chain3;straight|cov2|hp_repeat2|vstr2|hidden3v|double_mirror|vtrac_straight|draw_chain3,draw_chain3|hot1x1|vstrx3|dblmirrorx6
Combined,001,2.0,26.5,18.0,3,2,0,False,0,0,0,0,0,0,7,7,boxed|cov3|hp_repeat3|vstr2|perm2|double_mirror|set_chain3;boxed|cov3|hp_repeat3|vstr2|perm2|double_mirror|set_chain3,set_chain3|draw_chain2|dblmirrorx7
Combined,0224,12.0,26.5,17.5,2,1,0,False,0,2,1,0,0,3,0,4,straight|cov1|hp_repeat3|hot2|hidden3v|vtrac_straight|set_chain2;straight|cov1|hp_repeat3|hot2|hidden3v|vtrac_straight|set_chain2,set_chain2|draw_chain1|col1x1|hot2x2|vstrx3
Combined,2245,12.0,26.5,17.5,2,1,0,False,0,2,1,0,0,3,0,4,straight|cov1|hp_repeat3|hot2|hidden3v|vtrac_straight|set_chain2;straight|cov1|hp_repeat3|hot2|hidden3v|vtrac_straight|set_chain2,set_chain2|draw_chain1|col1x1|hot2x2|vstrx3
Combined,5599,5.0,26.0,23.5,1,3,0,False,1,0,0,0,0,0,0,6,straight|cov3|vstr2|vstr3|single_left|hidden3v|draw_chain3;straight|cov3|hp_repeat3|vstr2|vstr3|hot1|hidden3v|draw_chain3,draw_chain3|hot1x1
Combined,0056,2.0,26.0,16.0,2,3,0,False,1,2,0,0,0,3,0,5,straight|cov1|mirror|hot2|vtrac_straight|set_chain2|draw_chain3;straight|cov1|mirror|hot2|vtrac_straight|set_chain2|draw_chain3,set_chain2|draw_chain3|hot1x1|hot2x2|vstrx3
Combined,004899,14.0,25.5,19.5,1,3,0,False,4,0,0,0,0,1,0,6,boxed|cov3|hp_repeat3|mirror|hot1|perm3|hidden3v|draw_chain3;boxed|cov3|hp_repeat3|mirror|hot1|perm3|hidden3v|draw_chain3,draw_chain3|hot1x4|vstrx1
Combined,04599,15.0,25.5,18.5,2,2,0,False,4,0,0,0,0,0,0,8,boxed|cov3|hp_repeat2|mirror|hot1|perm3|hidden3v|set_chain2|draw_chain2;boxed|cov2|hp_repeat3|mirror|hot1|perm2|hidden3v|set_chain2|draw_chain2,set_chain2|draw_chain2|hot1x4
Combined,223344,30.0,25.0,19.5,1,2,0,False,1,0,2,0,0,3,0,3,straight|cov2|hp_repeat2|vstr2|hot1|hidden3v|vtrac_straight|draw_chain2;straight|cov2|vstr2|hidden3v|vtrac_straight|draw_chain2,draw_chain2|col1x2|hot1x1|vstrx3
Combined,03359,14.0,25.0,17.5,2,2,0,False,1,0,2,0,0,3,0,5,straight|cov1|hp_repeat2|mirror|hot1|hidden3v|vtrac_straight|set_chain2|draw_chain2;straight|cov1|hp_repeat2|mirror|hidden3v|vtrac_straight|set_chain2|draw_chain2,set_chain2|draw_chain2|col1x2|hot1x1|vstrx3
Combined,0899,14.0,25.0,16.5,1,4,0,True,4,0,0,0,0,3,0,11,straight|cov1|hp_repeat4|hot1|hidden3v|vtrac_straight|draw_chain4;straight|cov1|hp_repeat3|hot1|hidden3v|vtrac_straight|draw_chain4,draw_chain4|hot1x4|vstrx3
Combined,0359,14.0,25.0,16.5,2,2,0,False,2,0,2,0,0,3,0,7,straight|cov1|hp_repeat2|mirror|hot1|hidden3v|vtrac_straight|set_chain2|draw_chain2;straight|cov1|hp_repeat4|mirror|hot1|hidden3v|set_chain2,set_chain2|draw_chain2|col1x2|hot1x2|vstrx3
Combined,00455899,14.0,24.5,22.5,1,2,0,False,1,0,0,0,0,0,0,3,boxed|cov4|hp_repeat2|mirror|hot1|perm4|hidden3v|draw_chain2;straight|cov1|hp_repeat2|mirror|hidden3v|draw_chain2,draw_chain2|hot1x1
Combined,033,13.0,24.5,17.5,1,2,0,False,1,0,2,0,0,3,3,3,straight|cov2|hp_repeat2|vstr2|hot1|hidden3v|double_mirror|vtrac_straight|draw_chain2;straight|cov1|hp_repeat2|hidden3v|double_mirror|vtrac_straight|draw_chain2,draw_chain2|col1x2|hot1x1|vstrx3|dblmirrorx3
Combined,003359,14.0,24.5,17.5,2,2,0,False,1,0,2,0,0,2,0,5,boxed|cov2|hp_repeat2|mirror|hot1|perm2|hidden3v|set_chain2|draw_chain2;straight|cov1|hp_repeat2|mirror|hidden3v|vtrac_straight|set_chain2|draw_chain2,set_chain2|draw_chain2|col1x2|hot1x1|vstrx2
Combined,00359,14.0,24.5,16.5,2,2,0,False,2,0,2,0,0,2,0,7,boxed|cov2|hp_repeat4|mirror|hot1|perm2|hidden3v|set_chain2;boxed|cov2|hp_repeat2|mirror|hot1|perm2|hidden3v|set_chain2|draw_chain2,set_chain2|draw_chain2|col1x2|hot1x2|vstrx2
Combined,00224459,12.0,24.0,18.5,1,2,0,False,1,0,2,0,0,3,0,3,straight|cov1|hp_repeat2|mirror|hot1|hidden3v|vtrac_straight|draw_chain2;straight|cov1|hp_repeat2|mirror|hidden3v|vtrac_straight|draw_chain2,draw_chain2|col1x2|hot1x1|vstrx3
Combined,22344,30.0,24.0,18.5,1,2,0,False,1,0,2,0,0,3,0,3,straight|cov2|hp_repeat2|vstr2|hot1|hidden3v|vtrac_straight|draw_chain2;straight|cov2|vstr2|hidden3v|vtrac_straight|draw_chain2,draw_chain2|col1x2|hot1x1|vstrx3
Combined,0058,4.0,24.0,15.5,1,4,0,True,4,0,0,0,0,3,0,7,straight|cov1|hp_repeat2|mirror|hot1|hidden3v|vtrac_straight|draw_chain4;straight|cov1|hp_repeat2|mirror|hot1|hidden3v|vtrac_straight|draw_chain4,draw_chain4|hot1x4|vstrx3
Combined,00589,14.0,24.0,15.5,1,5,0,False,3,0,1,0,0,4,0,6,straight|cov1|mirror|hot1|hidden3v|vtrac_straight|draw_chain4;straight|cov1|mirror|hot1|hidden3v|vtrac_straight|draw_chain4,draw_chain5|col1x1|hot1x3|vstrx4
Combined,24599,12.0,23.5,19.5,1,2,0,True,1,0,0,0,0,2,0,5,straight|cov2|hp_repeat3|vstr2|mirror|hot1|hidden3v|vtrac_straight|draw_chain2;straight|cov2|hp_repeat2|vstr2|mirror|hidden3v|vtrac_straight|draw_chain2,draw_chain2|hot1x1|vstrx2
Combined,336,23.0,23.5,17.0,3,1,0,False,0,0,0,0,0,0,4,4,boxed|cov3|hp_repeat2|vstr2|perm2|double_mirror|set_chain3;boxed|cov3|hp_repeat2|vstr2|perm2|double_mirror|set_chain3,set_chain3|draw_chain1|dblmirrorx4
Combined,226,20.0,23.5,15.0,2,2,0,False,0,1,0,0,0,3,4,4,straight|cov1|hp_repeat2|hot2|double_mirror|vtrac_straight|set_chain2|draw_chain2;straight|cov1|hp_repeat2|double_mirror|vtrac_straight|set_chain2|draw_chain2,set_chain2|draw_chain2|hot2x1|vstrx3|dblmirrorx4
Combined,0224459,12.0,23.0,17.5,1,2,0,False,1,0,2,0,0,3,0,3,straight|cov1|hp_repeat2|mirror|hot1|hidden3v|vtrac_straight|draw_chain2;straight|cov1|hp_repeat2|mirror|hidden3v|vtrac_straight|draw_chain2,draw_chain2|col1x2|hot1x1|vstrx3
Combined,0022449,12.0,23.0,17.5,1,2,0,False,1,0,2,0,0,3,0,3,straight|cov1|hp_repeat2|mirror|hot1|hidden3v|vtrac_straight|draw_chain2;straight|cov1|hp_repeat2|mirror|hidden3v|vtrac_straight|draw_chain2,draw_chain2|col1x2|hot1x1|vstrx3
Combined,0033,4.0,23.0,17.5,1,2,0,False,1,0,2,0,0,3,0,3,straight|cov2|hp_repeat2|vstr2|hot1|hidden3v|vtrac_straight|draw_chain2;straight|cov1|hp_repeat2|hidden3v|vtrac_straight|draw_chain2,draw_chain2|col1x2|hot1x1|vstrx3
Combined,349,34.0,23.0,17.0,3,2,0,False,1,0,0,0,0,0,0,7,straight|cov2|hp_repeat2|vstr2|mirror|hot1|set_chain3;straight|cov2|hp_repeat2|vstr2|mirror|set_chain3,set_chain3|draw_chain2|hot1x1
Combined,00899,14.0,23.0,16.5,1,4,0,False,4,0,0,0,0,1,0,11,boxed|cov2|hp_repeat4|hot1|perm2|hidden3v|draw_chain4;boxed|cov2|hp_repeat4|hot1|perm2|hidden3v|draw_chain4,draw_chain4|hot1x4|vstrx1
Combined,005899,14.0,23.0,16.5,1,4,0,False,4,0,0,0,0,1,0,7,boxed|cov2|hp_repeat2|mirror|hot1|perm2|hidden3v|draw_chain4;boxed|cov2|hp_repeat2|mirror|hot1|perm2|hidden3v|draw_chain4,draw_chain4|hot1x4|vstrx1
Combined,3359,14.0,23.0,15.5,2,2,0,False,1,0,2,0,0,3,0,5,straight|cov1|hp_repeat2|hot1|hidden3v|vtrac_straight|set_chain2|draw_chain2;straight|cov1|hp_repeat2|hidden3v|vtrac_straight|set_chain2|draw_chain2,set_chain2|draw_chain2|col1x2|hot1x1|vstrx3
Combined,359,14.0,23.0,14.5,2,2,0,False,2,0,2,0,0,3,0,7,straight|cov1|hp_repeat2|hot1|hidden3v|vtrac_straight|set_chain2|draw_chain2;straight|cov1|hp_repeat4|hot1|hidden3v|set_chain2,set_chain2|draw_chain2|col1x2|hot1x2|vstrx3
Combined,044,15.0,23.0,13.5,1,4,0,False,1,0,2,0,0,3,6,6,straight|cov1|hp_repeat2|hot1|hidden3v|double_mirror|vtrac_straight|draw_chain2;straight|cov1|hp_repeat2|hidden3v|double_mirror|vtrac_straight|draw_chain2,draw_chain4|col1x2|hot1x1|vstrx3|dblmirrorx6
Combined,445,15.0,23.0,13.5,1,4,0,False,1,0,2,0,0,3,6,6,straight|cov1|hp_repeat2|hot1|hidden3v|double_mirror|vtrac_straight|draw_chain2;straight|cov1|hp_repeat2|hidden3v|double_mirror|vtrac_straight|draw_chain2,draw_chain4|col1x2|hot1x1|vstrx3|dblmirrorx6
Combined,2499,31.0,22.5,18.5,1,2,0,True,1,0,0,0,0,2,0,5,straight|cov2|hp_repeat3|vstr2|mirror|hot1|hidden3v|vtrac_straight|draw_chain2;straight|cov2|hp_repeat2|vstr2|mirror|hidden3v|vtrac_straight|draw_chain2,draw_chain2|hot1x1|vstrx2
Combined,0033459,14.0,22.5,17.5,2,1,0,False,1,0,1,0,0,1,0,2,straight|cov1|mirror|hot1|hidden3v|vtrac_straight|set_chain2;straight|cov1|mirror|hidden3v|set_chain2,set_chain2|draw_chain1|col1x1|hot1x1|vstrx1
Combined,344,34.0,22.5,13.0,1,4,0,False,1,0,2,0,0,3,6,6,straight|cov2|hp_repeat2|vstr2|double_mirror|draw_chain2;straight|cov2|hp_repeat2|vstr2|double_mirror|draw_chain2,draw_chain4|col1x2|hot1x1|vstrx3|dblmirrorx6
Combined,0068,8.0,22.0,18.0,1,5,0,False,1,0,0,0,0,1,0,9,boxed|cov3|hp_repeat3|hot1|perm3|draw_chain5;boxed|cov3|hp_repeat2|perm3|draw_chain5,draw_chain5|hot1x1|vstrx1
Combined,224459,12.0,22.0,16.5,1,2,0,False,1,0,2,0,0,3,0,3,straight|cov1|hp_repeat2|mirror|hot1|hidden3v|vtrac_straight|draw_chain2;straight|cov1|hp_repeat2|mirror|hidden3v|vtrac_straight|draw_chain2,draw_chain2|col1x2|hot1x1|vstrx3
Combined,022449,12.0,22.0,16.5,1,2,0,False,1,0,2,0,0,3,0,3,straight|cov1|hp_repeat2|mirror|hot1|hidden3v|vtrac_straight|draw_chain2;straight|cov1|hp_repeat2|mirror|hidden3v|vtrac_straight|draw_chain2,draw_chain2|col1x2|hot1x1|vstrx3
Combined,00489,14.0,21.5,15.5,1,3,0,False,4,0,0,0,0,1,0,6,boxed|cov2|hp_repeat3|mirror|hot1|perm2|hidden3v|draw_chain3;boxed|cov2|hp_repeat3|mirror|hot1|perm2|hidden3v|draw_chain3,draw_chain3|hot1x4|vstrx1
Combined,007,3.0,21.5,15.5,1,4,0,False,0,0,1,0,0,1,5,5,straight|cov2|vstr2|hidden3v|double_mirror|vtrac_straight|draw_chain3;straight|cov2|hp_repeat2|vstr2|hidden3v|double_mirror|draw_chain3,draw_chain4|col1x1|vstrx1|dblmirrorx5
Combined,2246,22.0,21.5,15.0,2,2,0,False,0,1,0,0,0,3,0,4,straight|cov1|hp_repeat2|hot2|vtrac_straight|set_chain2|draw_chain2;straight|cov1|hp_repeat2|vtrac_straight|set_chain2|draw_chain2,set_chain2|draw_chain2|hot2x1|vstrx3
Combined,068,8.0,21.0,17.0,1,5,0,False,1,0,0,0,0,1,0,9,boxed|cov3|hp_repeat3|hot1|perm3|draw_chain5;boxed|cov3|hp_repeat2|perm3|draw_chain5,draw_chain5|hot1x1|vstrx1
Combined,22449,31.0,21.0,15.5,1,2,0,False,1,0,2,0,0,3,0,3,straight|cov1|hp_repeat2|mirror|hot1|hidden3v|vtrac_straight|draw_chain2;straight|cov1|hp_repeat2|mirror|hidden3v|vtrac_straight|draw_chain2,draw_chain2|col1x2|hot1x1|vstrx3
Combined,002244,12.0,21.0,15.5,1,2,0,False,1,0,2,0,0,3,0,3,straight|cov1|hp_repeat2|hot1|hidden3v|vtrac_straight|draw_chain2;straight|cov1|hp_repeat2|hidden3v|vtrac_straight|draw_chain2,draw_chain2|col1x2|hot1x1|vstrx3
Combined,399,34.0,21.0,15.0,2,2,0,False,0,0,0,0,0,0,6,6,straight|cov2|hp_repeat3|vstr2|double_mirror|set_chain2;straight|cov2|hp_repeat3|vstr2|double_mirror|set_chain2,set_chain2|draw_chain2|dblmirrorx6
Combined,004569,9.0,21.0,15.0,1,2,0,False,0,2,0,0,0,2,0,2,straight|cov1|mirror|hot2|vtrac_straight|draw_chain2;straight|cov1|mirror|hot2|vtrac_straight|draw_chain2,draw_chain2|hot2x2|vstrx2
Combined,0048,14.0,21.0,14.5,1,4,0,False,4,0,0,0,0,1,0,9,boxed|cov2|hp_repeat3|hot1|perm2|hidden3v|draw_chain4;boxed|cov2|hp_repeat3|hot1|perm2|hidden3v|draw_chain4,draw_chain4|hot1x4|vstrx1
Combined,00344,14.0,21.0,14.5,1,4,0,False,1,0,2,0,0,3,0,5,straight|cov1|hp_repeat2|hot1|hidden3v|vtrac_straight|draw_chain2;straight|cov1|hp_repeat2|hidden3v|vtrac_straight|draw_chain2,draw_chain4|col1x2|hot1x1|vstrx3
Combined,003459,14.0,20.5,19.5,1,0,0,False,1,0,0,0,0,0,0,2,boxed|cov4|hp_repeat2|mirror|hot1|perm4|hidden3v;boxed|cov2|hp_repeat2|mirror|perm2|hidden3v,hot1x1
Combined,00349,14.0,20.5,17.5,2,0,0,False,1,0,0,0,0,0,0,3,boxed|cov3|hp_repeat2|mirror|hot1|perm3|hidden3v|set_chain2;straight|cov1|hp_repeat2|mirror|hidden3v|set_chain2,set_chain2|hot1x1
Combined,002499,12.0,20.5,16.5,1,2,0,True,1,0,0,0,0,2,0,5,straight|cov1|hp_repeat3|mirror|hot1|hidden3v|vtrac_straight|draw_chain2;straight|cov1|hp_repeat2|mirror|hidden3v|vtrac_straight|draw_chain2,draw_chain2|hot1x1|vstrx2
Combined,00159,9.0,20.5,15.0,3,2,0,False,0,0,0,0,0,1,0,7,straight|cov1|hp_repeat3|mirror|set_chain3;straight|cov1|hp_repeat3|mirror|set_chain3,set_chain3|draw_chain2|vstrx1
Combined,2599,12.0,20.0,17.5,1,3,0,False,1,0,0,0,0,0,0,6,boxed|cov3|hp_repeat3|vstr2|hot1|perm2|hidden3v|draw_chain3;straight|cov2|hp_repeat3|vstr2|hidden3v|draw_chain3,draw_chain3|hot1x1
Combined,02244,12.0,20.0,14.5,1,2,0,False,1,0,2,0,0,3,0,3,straight|cov1|hp_repeat2|hot1|hidden3v|vtrac_straight|draw_chain2;straight|cov1|hp_repeat2|hidden3v|vtrac_straight|draw_chain2,draw_chain2|col1x2|hot1x1|vstrx3
Combined,00244,12.0,20.0,14.5,1,2,0,False,1,0,2,0,0,3,0,3,straight|cov1|hp_repeat2|hot1|hidden3v|vtrac_straight|draw_chain2;straight|cov1|hp_repeat2|hidden3v|vtrac_straight|draw_chain2,draw_chain2|col1x2|hot1x1|vstrx3
Combined,22445,12.0,20.0,14.5,1,2,0,False,1,0,2,0,0,3,0,3,straight|cov1|hp_repeat2|hot1|hidden3v|vtrac_straight|draw_chain2;straight|cov1|hp_repeat2|hidden3v|vtrac_straight|draw_chain2,draw_chain2|col1x2|hot1x1|vstrx3
Combined,00469,9.0,20.0,14.0,1,2,0,False,0,2,0,0,0,2,0,2,straight|cov1|mirror|hot2|vtrac_straight|draw_chain2;straight|cov1|mirror|hot2|vtrac_straight|draw_chain2,draw_chain2|hot2x2|vstrx2
Combined,0044,5.0,20.0,13.5,1,4,0,False,1,0,2,0,0,3,0,6,straight|cov1|hp_repeat2|hot1|hidden3v|vtrac_straight|draw_chain2;straight|cov1|hp_repeat2|hidden3v|vtrac_straight|draw_chain2,draw_chain4|col1x2|hot1x1|vstrx3
Combined,039,14.0,20.0,13.5,2,1,0,False,2,0,1,0,0,2,0,3,straight|cov1|hp_repeat2|hot1|hidden3v|vtrac_straight|set_chain2;straight|cov1|hp_repeat2|hidden3v|vtrac_straight|set_chain2,set_chain2|draw_chain1|col1x1|hot1x2|vstrx2
Combined,00334459,14.0,19.5,16.5,1,1,0,False,1,0,1,0,0,1,0,1,straight|cov1|mirror|hot1|hidden3v|vtrac_straight,draw_chain1|col1x1|hot1x1|vstrx1
Combined,02499,12.0,19.5,15.5,1,2,0,True,1,0,0,0,0,2,0,5,straight|cov1|hp_repeat3|mirror|hot1|hidden3v|vtrac_straight|draw_chain2;straight|cov1|hp_repeat2|mirror|hidden3v|vtrac_straight|draw_chain2,draw_chain2|hot1x1|vstrx2
Combined,003344,14.0,19.5,14.5,1,2,0,False,1,0,2,0,0,2,0,3,boxed|cov2|hp_repeat2|hot1|perm2|hidden3v|draw_chain2;straight|cov1|hp_repeat2|hidden3v|vtrac_straight|draw_chain2,draw_chain2|col1x2|hot1x1|vstrx2
Combined,0015,2.0,19.5,14.0,3,2,0,False,0,0,0,0,0,1,0,7,straight|cov1|hp_repeat3|mirror|set_chain3;straight|cov1|hp_repeat3|mirror|set_chain3,set_chain3|draw_chain2|vstrx1
Combined,0039,14.0,19.5,13.5,2,1,0,False,2,0,1,0,0,1,0,4,boxed|cov2|hp_repeat2|hot1|perm2|hidden3v|set_chain2;boxed|cov2|hp_repeat2|hot1|perm2|hidden3v|set_chain2,set_chain2|draw_chain1|col1x1|hot1x2|vstrx1
Combined,005599,5.0,19.0,16.5,1,3,0,False,1,0,0,0,0,0,0,6,boxed|cov2|hp_repeat3|mirror|hot1|perm2|hidden3v|draw_chain3;boxed|cov2|hp_repeat3|mirror|perm2|hidden3v|draw_chain3,draw_chain3|hot1x1
Combined,0244,12.0,19.0,13.5,1,2,0,False,1,0,2,0,0,3,0,3,straight|cov1|hp_repeat2|hot1|hidden3v|vtrac_straight|draw_chain2;straight|cov1|hp_repeat2|hidden3v|vtrac_straight|draw_chain2,draw_chain2|col1x2|hot1x1|vstrx3
Combined,3344,33.0,19.0,13.5,1,2,0,False,1,0,2,0,0,3,0,3,straight|cov1|hp_repeat2|hot1|hidden3v|vtrac_straight|draw_chain2;straight|cov1|hp_repeat2|hidden3v|vtrac_straight|draw_chain2,draw_chain2|col1x2|hot1x1|vstrx3
Combined,2445,12.0,19.0,13.5,1,2,0,False,1,0,2,0,0,3,0,3,straight|cov1|hp_repeat2|hot1|hidden3v|vtrac_straight|draw_chain2;straight|cov1|hp_repeat2|hidden3v|vtrac_straight|draw_chain2,draw_chain2|col1x2|hot1x1|vstrx3
Combined,0089,14.0,19.0,12.5,1,3,0,False,3,0,1,0,0,2,0,5,straight|cov1|hp_repeat2|hot1|hidden3v|vtrac_straight|draw_chain2;straight|cov1|hp_repeat2|hot1|hidden3v|vtrac_straight|draw_chain2,draw_chain3|col1x1|hot1x3|vstrx2
Combined,0024599,12.0,18.5,16.5,1,2,0,False,1,0,0,0,0,0,0,5,boxed|cov2|hp_repeat3|mirror|hot1|perm2|hidden3v|draw_chain2;straight|cov1|hp_repeat3|mirror|hidden3v|draw_chain2,draw_chain2|hot1x1
Combined,688,23.0,18.5,16.0,1,2,0,False,0,0,0,0,0,0,3,3,boxed|cov4|hp_repeat2|vstr2|perm2|double_mirror|draw_chain2;boxed|cov4|vstr2|perm2|double_mirror|draw_chain2,draw_chain2|dblmirrorx3
Combined,0033449,14.0,18.5,15.5,1,1,0,False,1,0,1,0,0,1,0,1,straight|cov1|mirror|hot1|hidden3v|vtrac_straight,draw_chain1|col1x1|hot1x1|vstrx1
Combined,00229,12.0,18.5,14.5,1,1,0,False,0,1,1,0,0,1,0,1,straight|cov1|hot2|hidden3v|vtrac_straight,draw_chain1|col1x1|hot2x1|vstrx1
Combined,00334,14.0,18.5,13.5,1,2,0,False,1,0,2,0,0,2,0,3,boxed|cov2|hp_repeat2|hot1|perm2|hidden3v|draw_chain2;straight|cov1|hp_repeat2|hidden3v|vtrac_straight|draw_chain2,draw_chain2|col1x2|hot1x1|vstrx2
Combined,0014,9.0,18.5,13.0,3,2,0,False,0,0,0,0,0,1,0,7,straight|cov1|hp_repeat3|set_chain3;straight|cov1|hp_repeat3|set_chain3,set_chain3|draw_chain2|vstrx1
Combined,055,1.0,18.5,13.0,1,3,0,False,1,0,0,0,0,0,6,6,straight|cov1|hp_repeat3|mirror|hot1|double_mirror|draw_chain3;straight|cov1|hp_repeat3|mirror|double_mirror|draw_chain3,draw_chain3|hot1x1|dblmirrorx6
Combined,0019,9.0,18.5,13.0,3,2,0,False,0,0,0,0,0,1,0,6,straight|cov1|vtrac_straight|set_chain3;straight|cov1|hp_repeat2|set_chain3,set_chain3|draw_chain2|vstrx1
Combined,45599,15.0,18.0,16.5,1,1,0,False,1,0,0,0,0,0,0,3,straight|cov2|hp_repeat3|vstr2|mirror|hot1|hidden3v;straight|cov2|hp_repeat3|vstr2|mirror|hidden3v,draw_chain1|hot1x1
Combined,0034599,14.0,18.0,15.5,2,1,0,False,0,0,0,0,0,0,0,4,boxed|cov2|hp_repeat2|mirror|perm2|hidden3v|set_chain2;straight|cov1|hp_repeat2|mirror|hidden3v|set_chain2,set_chain2|draw_chain1
Combined,05599,5.0,18.0,15.5,1,3,0,False,1,0,0,0,0,0,0,6,boxed|cov2|hp_repeat3|mirror|hot1|perm2|hidden3v|draw_chain3;boxed|cov2|hp_repeat3|mirror|perm2|hidden3v|draw_chain3,draw_chain3|hot1x1
Combined,3346,24.0,18.0,13.0,3,1,0,False,0,0,0,0,0,1,0,4,boxed|cov2|hp_repeat2|perm2|set_chain3;straight|cov1|vtrac_straight|set_chain3,set_chain3|draw_chain1|vstrx1
Combined,0036,8.0,18.0,13.0,3,1,0,False,0,0,0,0,0,1,0,5,boxed|cov2|hp_repeat2|perm2|set_chain3;straight|cov1|vtrac_straight|set_chain3,set_chain3|draw_chain1|vstrx1
Combined,3369,24.0,18.0,13.0,3,1,0,False,0,0,0,0,0,1,0,4,straight|cov1|vtrac_straight|set_chain3;straight|cov1|hp_repeat2|set_chain3,set_chain3|draw_chain1|vstrx1
Combined,455,5.0,18.0,12.5,1,3,0,False,1,0,0,0,0,0,6,6,straight|cov1|hp_repeat3|hot1|hidden3v|double_mirror|draw_chain3;straight|cov1|hp_repeat3|hidden3v|double_mirror|draw_chain3,draw_chain3|hot1x1|dblmirrorx6
Combined,456,9.0,18.0,12.0,3,2,0,False,1,0,0,0,0,0,0,6,straight|cov1|hp_repeat3|set_chain3;straight|cov1|hp_repeat3|set_chain3,set_chain3|draw_chain2|hot1x1
Combined,245599,12.0,17.5,16.5,1,2,0,False,0,0,0,0,0,0,0,3,straight|cov2|hp_repeat2|vstr2|mirror|hidden3v|draw_chain2;straight|cov2|hp_repeat2|vstr2|mirror|hidden3v|draw_chain2,draw_chain2
Combined,224599,12.0,17.5,16.5,1,1,0,False,0,0,0,0,0,1,0,1,straight|cov2|vstr2|mirror|hidden3v|vtrac_straight,draw_chain1|vstrx1
Combined,024599,12.0,17.5,15.5,1,2,0,False,1,0,0,0,0,0,0,5,boxed|cov2|hp_repeat3|mirror|hot1|perm2|hidden3v|draw_chain2;straight|cov1|hp_repeat3|mirror|hidden3v|draw_chain2,draw_chain2|hot1x1
Combined,045899,14.0,17.5,14.5,1,1,0,False,2,0,0,0,0,1,0,2,straight|cov1|hp_repeat2|mirror|hot1|hidden3v|vtrac_straight;straight|cov1|hp_repeat2|mirror|hot1|hidden3v,draw_chain1|hot1x2|vstrx1
Combined,003349,14.0,17.5,14.5,1,1,0,False,1,0,1,0,0,1,0,1,straight|cov1|mirror|hot1|hidden3v|vtrac_straight,draw_chain1|col1x1|hot1x1|vstrx1
Combined,001599,9.0,17.5,14.0,2,2,0,False,0,0,0,0,0,1,0,4,straight|cov1|mirror|vtrac_straight|set_chain2;straight|cov1|hp_repeat2|mirror|set_chain2,set_chain2|draw_chain2|vstrx1
Combined,0229,12.0,17.5,13.5,1,1,0,False,0,1,1,0,0,1,0,1,straight|cov1|hot2|hidden3v|vtrac_straight,draw_chain1|col1x1|hot2x1|vstrx1
Combined,019,9.0,17.5,12.0,3,2,0,False,0,0,0,0,0,1,0,6,straight|cov1|vtrac_straight|set_chain3;straight|cov1|hp_repeat2|set_chain3,set_chain3|draw_chain2|vstrx1
Combined,048,14.0,17.5,11.5,1,2,0,True,3,0,0,0,0,2,0,4,straight|cov1|hp_repeat2|hot1|hidden3v|vtrac_straight|draw_chain2;straight|cov1|hp_repeat2|hot1|hidden3v|vtrac_straight|draw_chain2,draw_chain2|hot1x3|vstrx2
Combined,003599,14.0,17.0,14.5,2,1,0,False,0,0,0,0,0,0,0,5,straight|cov1|hp_repeat3|mirror|hidden3v|set_chain2;straight|cov1|hp_repeat3|mirror|hidden3v|set_chain2,set_chain2|draw_chain1
Combined,00559,5.0,17.0,14.5,1,3,0,False,1,0,0,0,0,0,0,6,straight|cov1|hp_repeat3|mirror|hot1|hidden3v|draw_chain3;straight|cov1|hp_repeat3|mirror|hidden3v|draw_chain3,draw_chain3|hot1x1
Combined,002599,12.0,17.0,14.5,1,3,0,False,1,0,0,0,0,0,0,3,boxed|cov2|mirror|hot1|perm2|hidden3v|draw_chain3;boxed|cov2|mirror|perm2|hidden3v|draw_chain3,draw_chain3|hot1x1
Combined,246,22.0,17.0,13.0,1,2,0,False,0,1,0,0,0,2,0,4,straight|cov1|hp_repeat3|hot2|vtrac_straight|draw_chain2;straight|cov1|hp_repeat3|vtrac_straight|draw_chain2,draw_chain2|hot2x1|vstrx2
Combined,036,8.0,17.0,12.0,3,1,0,False,0,0,0,0,0,1,0,5,boxed|cov2|hp_repeat2|perm2|set_chain3;straight|cov1|vtrac_straight|set_chain3,set_chain3|draw_chain1|vstrx1
Combined,346,24.0,17.0,12.0,3,2,0,False,0,0,0,0,0,0,0,6,boxed|cov2|hp_repeat2|perm2|set_chain3;boxed|cov2|hp_repeat2|perm2|set_chain3,set_chain3|draw_chain2
Combined,046,9.0,17.0,11.0,1,2,0,False,0,2,0,0,0,2,0,2,straight|cov1|hot2|vtrac_straight|draw_chain2;straight|cov1|hot2|vtrac_straight|draw_chain2,draw_chain2|hot2x2|vstrx2
Combined,069,9.0,17.0,11.0,1,2,0,False,0,2,0,0,0,2,0,2,straight|cov1|hot2|vtrac_straight|draw_chain2;straight|cov1|hot2|vtrac_straight|draw_chain2,draw_chain2|hot2x2|vstrx2
Combined,269,22.0,17.0,11.0,1,2,0,False,0,2,0,0,0,2,0,2,straight|cov1|hot2|vtrac_straight|draw_chain2;straight|cov1|hot2|vtrac_straight|draw_chain2,draw_chain2|hot2x2|vstrx2
Combined,00344599,14.0,16.5,15.5,1,2,0,False,0,0,0,0,0,0,0,3,boxed|cov2|hp_repeat2|mirror|perm2|hidden3v|draw_chain2;straight|cov1|hp_repeat2|mirror|hidden3v|draw_chain2,draw_chain2
Combined,25599,12.0,16.5,15.5,1,2,0,False,0,0,0,0,0,0,0,3,boxed|cov3|hp_repeat2|vstr2|perm2|hidden3v|draw_chain2;boxed|cov3|hp_repeat2|vstr2|perm2|hidden3v|draw_chain2,draw_chain2
Combined,00245599,12.0,16.5,15.5,1,2,0,False,0,0,0,0,0,0,0,3,boxed|cov2|hp_repeat2|mirror|perm2|hidden3v|draw_chain2;boxed|cov2|hp_repeat2|mirror|perm2|hidden3v|draw_chain2,draw_chain2
Combined,22499,31.0,16.5,15.5,1,1,0,False,0,0,0,0,0,1,0,1,straight|cov2|vstr2|mirror|hidden3v|vtrac_straight,draw_chain1|vstrx1
Combined,0055899,14.0,16.5,14.5,1,2,0,False,1,0,0,0,0,0,0,2,boxed|cov2|mirror|hot1|perm2|hidden3v|draw_chain2;boxed|cov2|mirror|perm2|hidden3v|draw_chain2,draw_chain2|hot1x1
Combined,00334589,14.0,16.5,14.5,1,1,0,False,0,0,1,0,0,1,0,1,straight|cov1|mirror|hidden3v|vtrac_straight,draw_chain1|col1x1|vstrx1
Combined,00334489,14.0,16.5,14.5,1,1,0,False,0,0,1,0,0,1,0,1,straight|cov1|mirror|hidden3v|vtrac_straight,draw_chain1|col1x1|vstrx1
Combined,22334489,30.0,16.5,14.5,1,1,0,False,0,0,1,0,0,1,0,1,straight|cov1|mirror|hidden3v|vtrac_straight,draw_chain1|col1x1|vstrx1
Combined,34599,14.0,16.5,13.5,2,2,0,False,0,0,0,0,0,0,0,5,straight|cov1|hp_repeat2|mirror|hidden3v|set_chain2|draw_chain2;straight|cov1|hp_repeat2|mirror|hidden3v|set_chain2|draw_chain2,set_chain2|draw_chain2
Combined,04899,14.0,16.5,13.5,1,1,0,False,2,0,0,0,0,1,0,2,straight|cov1|hp_repeat2|mirror|hot1|hidden3v|vtrac_straight;straight|cov1|hp_repeat2|mirror|hot1|hidden3v,draw_chain1|hot1x2|vstrx1
Combined,45899,14.0,16.5,13.5,1,1,0,False,2,0,0,0,0,1,0,2,straight|cov1|hp_repeat2|mirror|hot1|hidden3v|vtrac_straight;straight|cov1|hp_repeat2|mirror|hot1|hidden3v,draw_chain1|hot1x2|vstrx1
Combined,00578,11.0,16.5,13.0,1,4,0,False,0,0,1,0,0,1,0,5,straight|cov1|mirror|vtrac_straight|draw_chain3;straight|cov1|hp_repeat2|mirror|draw_chain3,draw_chain4|col1x1|vstrx1
Combined,0013,8.0,16.5,12.0,3,1,0,False,0,0,0,0,0,0,0,5,straight|cov1|hp_repeat2|set_chain3;straight|cov1|hp_repeat2|set_chain3,set_chain3|draw_chain1
Combined,199,25.0,16.5,11.0,2,2,0,False,0,0,0,0,0,1,4,4,straight|cov1|double_mirror|vtrac_straight|set_chain2;straight|cov1|hp_repeat2|double_mirror|set_chain2,set_chain2|draw_chain2|vstrx1|dblmirrorx4
Combined,0045599,5.0,16.0,14.5,1,1,0,False,1,0,0,0,0,0,0,2,boxed|cov2|hp_repeat2|mirror|hot1|perm2|hidden3v;boxed|cov2|hp_repeat2|mirror|perm2|hidden3v,draw_chain1|hot1x1
Combined,0055799,12.0,16.0,14.5,1,3,0,False,0,0,0,0,0,0,0,4,straight|cov1|hp_repeat2|mirror|hidden3v|draw_chain3;straight|cov1|hp_repeat2|mirror|hidden3v|draw_chain3,draw_chain3
Combined,03599,14.0,16.0,13.5,2,1,0,False,0,0,0,0,0,0,0,5,straight|cov1|hp_repeat3|mirror|hidden3v|set_chain2;straight|cov1|hp_repeat3|mirror|hidden3v|set_chain2,set_chain2|draw_chain1
Combined,034599,14.0,16.0,13.5,2,1,0,False,0,0,0,0,0,0,0,4,straight|cov1|hp_repeat2|mirror|hidden3v|set_chain2;straight|cov1|hp_repeat2|mirror|hidden3v|set_chain2,set_chain2|draw_chain1
Combined,0559,5.0,16.0,13.5,1,3,0,False,1,0,0,0,0,0,0,6,straight|cov1|hp_repeat3|mirror|hot1|hidden3v|draw_chain3;straight|cov1|hp_repeat3|mirror|hidden3v|draw_chain3,draw_chain3|hot1x1
Combined,02599,12.0,16.0,13.5,1,3,0,False,1,0,0,0,0,0,0,3,boxed|cov2|mirror|hot1|perm2|hidden3v|draw_chain3;boxed|cov2|mirror|perm2|hidden3v|draw_chain3,draw_chain3|hot1x1
Combined,22469,22.0,16.0,13.0,1,1,0,False,0,1,0,0,0,1,0,1,straight|cov1|mirror|hot2|vtrac_straight,draw_chain1|hot2x1|vstrx1
Combined,0339,14.0,16.0,12.5,1,1,0,False,1,0,1,0,0,2,0,2,straight|cov1|hp_repeat2|hot1|hidden3v|vtrac_straight;straight|cov1|hp_repeat2|hidden3v|vtrac_straight,draw_chain1|col1x1|hot1x1|vstrx2
Combined,0057,3.0,16.0,12.5,1,4,0,False,0,0,1,0,0,1,0,5,straight|cov1|mirror|hidden3v|vtrac_straight|draw_chain3;straight|cov1|hp_repeat2|mirror|hidden3v|draw_chain3,draw_chain4|col1x1|vstrx1
Combined,0046,9.0,16.0,11.0,1,2,0,False,0,2,0,0,0,0,0,2,boxed|cov2|hot2|perm2|draw_chain2;boxed|cov2|hot2|perm2|draw_chain2,draw_chain2|hot2x2
Combined,0245599,12.0,15.5,14.5,1,2,0,False,0,0,0,0,0,0,0,3,boxed|cov2|hp_repeat2|mirror|perm2|hidden3v|draw_chain2;boxed|cov2|hp_repeat2|mirror|perm2|hidden3v|draw_chain2,draw_chain2
Combined,0025599,12.0,15.5,14.5,1,2,0,False,0,0,0,0,0,0,0,3,boxed|cov2|hp_repeat2|mirror|perm2|hidden3v|draw_chain2;boxed|cov2|hp_repeat2|mirror|perm2|hidden3v|draw_chain2,draw_chain2
Combined,0055699,9.0,15.5,14.0,1,3,0,False,0,0,0,0,0,0,0,4,straight|cov1|hp_repeat2|mirror|draw_chain3;straight|cov1|hp_repeat2|mirror|draw_chain3,draw_chain3
Combined,24899,30.0,15.5,13.5,1,1,0,False,1,0,0,0,0,1,0,2,straight|cov1|hp_repeat2|mirror|hot1|hidden3v|vtrac_straight;straight|cov1|hp_repeat2|mirror|hidden3v,draw_chain1|hot1x1|vstrx1
Combined,338,32.0,15.5,13.5,1,1,0,False,0,0,1,0,0,0,1,1,boxed|cov3|vstr2|mirror|perm2|hidden3v|double_mirror,draw_chain1|col1x1|dblmirrorx1
Combined,0033589,14.0,15.5,13.5,1,1,0,False,0,0,1,0,0,1,0,1,straight|cov1|mirror|hidden3v|vtrac_straight,draw_chain1|col1x1|vstrx1
Combined,0033489,14.0,15.5,13.5,1,1,0,False,0,0,1,0,0,1,0,1,straight|cov1|mirror|hidden3v|vtrac_straight,draw_chain1|col1x1|vstrx1
Combined,2233489,30.0,15.5,13.5,1,1,0,False,0,0,1,0,0,1,0,1,straight|cov1|mirror|hidden3v|vtrac_straight,draw_chain1|col1x1|vstrx1
Combined,2233448,30.0,15.5,13.5,1,1,0,False,0,0,1,0,0,1,0,1,straight|cov1|mirror|hidden3v|vtrac_straight,draw_chain1|col1x1|vstrx1
Combined,0055,1.0,15.5,13.0,1,3,0,False,1,0,0,0,0,0,0,6,straight|cov1|hp_repeat3|mirror|hot1|draw_chain3;straight|cov1|hp_repeat3|mirror|draw_chain3,draw_chain3|hot1x1
Combined,4589,14.0,15.5,12.5,1,1,0,False,2,0,0,0,0,1,0,2,straight|cov1|hp_repeat2|mirror|hot1|hidden3v|vtrac_straight;straight|cov1|hp_repeat2|mirror|hot1|hidden3v,draw_chain1|hot1x2|vstrx1
Combined,00339,14.0,15.5,12.5,1,1,0,False,1,0,1,0,0,1,0,2,boxed|cov2|hp_repeat2|hot1|perm2|hidden3v;straight|cov1|hp_repeat2|hidden3v|vtrac_straight,draw_chain1|col1x1|hot1x1|vstrx1
Combined,03344,14.0,15.5,12.5,1,1,0,False,1,0,1,0,0,1,0,1,straight|cov1|hot1|hidden3v|vtrac_straight,draw_chain1|col1x1|hot1x1|vstrx1
Combined,00199,9.0,15.5,12.0,2,2,0,False,0,0,0,0,0,1,0,4,straight|cov1|vtrac_straight|set_chain2;straight|cov1|hp_repeat2|set_chain2,set_chain2|draw_chain2|vstrx1
Combined,013,8.0,15.5,11.0,3,1,0,False,0,0,0,0,0,0,0,5,straight|cov1|hp_repeat2|set_chain3;straight|cov1|hp_repeat2|set_chain3,set_chain3|draw_chain1
Combined,6899,24.0,15.5,11.0,1,3,0,True,1,0,0,0,0,2,0,4,straight|cov1|hp_repeat2|vtrac_straight|draw_chain2;straight|cov1|vtrac_straight|draw_chain2,draw_chain3|hot1x1|vstrx2
Combined,045599,5.0,15.0,13.5,1,1,0,False,1,0,0,0,0,0,0,2,boxed|cov2|hp_repeat2|mirror|hot1|perm2|hidden3v;boxed|cov2|hp_repeat2|mirror|perm2|hidden3v,draw_chain1|hot1x1
Combined,005579,12.0,15.0,13.5,1,3,0,False,0,0,0,0,0,0,0,4,straight|cov1|hp_repeat2|mirror|hidden3v|draw_chain3;straight|cov1|hp_repeat2|mirror|hidden3v|draw_chain3,draw_chain3
Combined,001569,9.0,15.0,13.0,2,0,0,False,0,0,0,0,0,0,0,3,straight|cov1|hp_repeat2|mirror|set_chain2;straight|cov1|hp_repeat2|mirror|set_chain2,set_chain2
Combined,3499,34.0,15.0,12.0,2,2,0,False,0,0,0,0,0,0,0,5,straight|cov1|hp_repeat2|mirror|set_chain2|draw_chain2;straight|cov1|hp_repeat2|mirror|set_chain2|draw_chain2,set_chain2|draw_chain2
Combined,4899,34.0,15.0,12.0,1,1,0,False,2,0,0,0,0,1,0,2,straight|cov1|hp_repeat2|mirror|hot1|vtrac_straight;straight|cov1|hp_repeat2|mirror|hot1,draw_chain1|hot1x2|vstrx1
Combined,2469,22.0,15.0,12.0,1,1,0,False,0,1,0,0,0,1,0,1,straight|cov1|mirror|hot2|vtrac_straight,draw_chain1|hot2x1|vstrx1
Combined,22336,21.0,15.0,12.0,2,1,0,False,0,0,0,0,0,1,0,2,straight|cov1|vtrac_straight|set_chain2;straight|cov1|set_chain2,set_chain2|draw_chain1|vstrx1
Combined,0079,12.0,15.0,11.5,1,4,0,False,0,0,1,0,0,1,0,5,straight|cov1|hidden3v|vtrac_straight|draw_chain3;straight|cov1|hp_repeat2|hidden3v|draw_chain3,draw_chain4|col1x1|vstrx1
Combined,468,24.0,15.0,10.0,1,4,0,True,1,0,0,0,0,2,0,5,straight|cov1|hp_repeat2|vtrac_straight|draw_chain2;boxed|cov2|hot1|perm2|draw_chain2,draw_chain4|hot1x1|vstrx2
Combined,0044599,15.0,14.5,13.5,1,2,0,False,0,0,0,0,0,0,0,3,straight|cov1|hp_repeat2|mirror|hidden3v|draw_chain2;straight|cov1|hp_repeat2|mirror|hidden3v|draw_chain2,draw_chain2
Combined,00344899,14.0,14.5,13.5,1,2,0,False,0,0,0,0,0,0,0,2,straight|cov1|mirror|hidden3v|draw_chain2;straight|cov1|mirror|hidden3v|draw_chain2,draw_chain2
Combined,388,32.0,14.5,13.5,1,1,0,False,0,0,0,0,0,0,1,1,boxed|cov3|vstr2|mirror|perm2|hidden3v|double_mirror,draw_chain1|dblmirrorx1
Combined,025599,12.0,14.5,13.5,1,2,0,False,0,0,0,0,0,0,0,3,boxed|cov2|hp_repeat2|mirror|perm2|hidden3v|draw_chain2;boxed|cov2|hp_repeat2|mirror|perm2|hidden3v|draw_chain2,draw_chain2
Combined,00255799,12.0,14.5,13.5,1,2,0,False,0,0,0,0,0,0,0,2,straight|cov1|mirror|hidden3v|draw_chain2;straight|cov1|mirror|hidden3v|draw_chain2,draw_chain2
Combined,2299,28.0,14.5,13.5,1,1,0,False,0,0,0,0,0,1,0,1,straight|cov2|vstr2|hidden3v|vtrac_straight,draw_chain1|vstrx1
Combined,0022499,12.0,14.5,13.5,1,1,0,False,0,0,0,0,0,1,0,1,straight|cov1|mirror|hidden3v|vtrac_straight,draw_chain1|vstrx1
Combined,005578,11.0,14.5,13.0,1,3,0,False,0,0,0,0,0,0,0,4,straight|cov1|hp_repeat2|mirror|draw_chain3;straight|cov1|hp_repeat2|mirror|draw_chain3,draw_chain3
Combined,005589,14.0,14.5,12.5,1,2,0,False,1,0,0,0,0,0,0,2,straight|cov1|mirror|hot1|hidden3v|draw_chain2;straight|cov1|mirror|hidden3v|draw_chain2,draw_chain2|hot1x1
Combined,2489,30.0,14.5,12.5,1,1,0,False,1,0,0,0,0,1,0,2,straight|cov1|hp_repeat2|mirror|hot1|hidden3v|vtrac_straight;straight|cov1|hp_repeat2|mirror|hidden3v,draw_chain1|hot1x1|vstrx1
Combined,003589,14.0,14.5,12.5,1,1,0,False,0,0,1,0,0,1,0,1,straight|cov1|mirror|hidden3v|vtrac_straight,draw_chain1|col1x1|vstrx1
Combined,033448,14.0,14.5,12.5,1,1,0,False,0,0,1,0,0,1,0,1,straight|cov1|mirror|hidden3v|vtrac_straight,draw_chain1|col1x1|vstrx1
Combined,334478,30.0,14.5,12.5,1,1,0,False,0,0,1,0,0,1,0,1,straight|cov1|mirror|hidden3v|vtrac_straight,draw_chain1|col1x1|vstrx1
Combined,223389,30.0,14.5,12.5,1,1,0,False,0,0,1,0,0,1,0,1,straight|cov1|mirror|hidden3v|vtrac_straight,draw_chain1|col1x1|vstrx1
Combined,223348,30.0,14.5,12.5,1,1,0,False,0,0,1,0,0,1,0,1,straight|cov1|mirror|hidden3v|vtrac_straight,draw_chain1|col1x1|vstrx1
Combined,3599,14.0,14.5,11.5,2,2,0,False,0,0,0,0,0,0,0,6,straight|cov1|hp_repeat3|hidden3v|set_chain2;straight|cov1|hp_repeat3|hidden3v|set_chain2,set_chain2|draw_chain2
Combined,0334,14.0,14.5,11.5,1,1,0,False,1,0,1,0,0,1,0,1,straight|cov1|hot1|hidden3v|vtrac_straight,draw_chain1|col1x1|hot1x1|vstrx1
Combined,0038,4.0,14.5,11.5,1,3,0,False,0,0,1,0,0,1,0,3,straight|cov1|mirror|hidden3v|vtrac_straight|draw_chain2;straight|cov1|mirror|hidden3v|draw_chain2,draw_chain3|col1x1|vstrx1
Combined,268,21.0,14.5,11.0,1,3,0,True,0,0,0,0,0,2,0,4,straight|cov1|hp_repeat2|vtrac_straight|draw_chain3;straight|cov1|vtrac_straight|draw_chain3,draw_chain3|vstrx2
Combined,0199,9.0,14.5,11.0,2,2,0,False,0,0,0,0,0,1,0,4,straight|cov1|vtrac_straight|set_chain2;straight|cov1|hp_repeat2|set_chain2,set_chain2|draw_chain2|vstrx1
Combined,0078,11.0,14.5,11.0,1,4,0,False,0,0,1,0,0,1,0,5,straight|cov1|vtrac_straight|draw_chain3;straight|cov1|hp_repeat2|draw_chain3,draw_chain4|col1x1|vstrx1
Combined,689,24.0,14.5,10.0,1,3,0,True,1,0,0,0,0,2,0,4,straight|cov1|hp_repeat2|vtrac_straight|draw_chain2;straight|cov1|vtrac_straight|draw_chain2,draw_chain3|hot1x1|vstrx2
Combined,22599,12.0,14.0,13.5,1,1,0,False,0,0,0,0,0,0,0,1,boxed|cov3|vstr2|perm2|hidden3v,draw_chain1
Combined,00224599,12.0,14.0,13.5,1,1,0,False,0,0,0,0,0,0,0,1,boxed|cov2|mirror|perm2|hidden3v,draw_chain1
Combined,368,23.0,14.0,13.0,1,2,0,False,0,0,0,0,0,0,0,3,boxed|cov3|hp_repeat2|mirror|perm3|draw_chain2;boxed|cov3|hp_repeat2|mirror|perm3|draw_chain2,draw_chain2
Combined,0055788,11.0,14.0,13.0,1,2,0,False,0,0,0,0,0,0,0,3,straight|cov1|hp_repeat2|mirror|draw_chain2;straight|cov1|hp_repeat2|mirror|draw_chain2,draw_chain2
Combined,00557,3.0,14.0,12.5,1,3,0,False,0,0,0,0,0,0,0,4,straight|cov1|hp_repeat2|mirror|hidden3v|draw_chain3;straight|cov1|hp_repeat2|mirror|hidden3v|draw_chain3,draw_chain3
Combined,0455899,14.0,14.0,12.5,1,1,0,False,1,0,0,0,0,0,0,1,straight|cov1|mirror|hot1|hidden3v,draw_chain1|hot1x1
Combined,0033448,14.0,14.0,12.5,1,1,0,False,0,0,1,0,0,0,0,1,boxed|cov2|mirror|perm2|hidden3v,draw_chain1|col1x1
Combined,00149,9.0,14.0,12.0,2,0,0,False,0,0,0,0,0,0,0,4,straight|cov1|hp_repeat2|mirror|set_chain2;straight|cov1|hp_repeat2|mirror|set_chain2,set_chain2
Combined,001336,8.0,14.0,12.0,2,0,0,False,0,0,0,0,0,0,0,2,straight|cov1|mirror|set_chain2;straight|cov1|mirror|set_chain2,set_chain2
Combined,13346,24.0,14.0,12.0,2,0,0,False,0,0,0,0,0,0,0,3,straight|cov1|hp_repeat2|mirror|set_chain2;straight|cov1|hp_repeat2|mirror|set_chain2,set_chain2
Combined,00156,2.0,14.0,12.0,2,0,0,False,0,0,0,0,0,0,0,3,straight|cov1|hp_repeat2|mirror|set_chain2;straight|cov1|hp_repeat2|mirror|set_chain2,set_chain2
Combined,003378,11.0,14.0,12.0,1,1,0,False,0,0,1,0,0,1,0,1,straight|cov1|mirror|vtrac_straight,draw_chain1|col1x1|vstrx1
Combined,489,34.0,14.0,11.0,1,1,0,False,2,0,0,0,0,1,0,2,straight|cov1|hp_repeat2|mirror|hot1|vtrac_straight;straight|cov1|hp_repeat2|mirror|hot1,draw_chain1|hot1x2|vstrx1
Combined,2269,22.0,14.0,11.0,1,1,0,False,0,1,0,0,0,1,0,1,straight|cov1|hot2|vtrac_straight,draw_chain1|hot2x1|vstrx1
Combined,2336,21.0,14.0,11.0,2,1,0,False,0,0,0,0,0,1,0,2,straight|cov1|vtrac_straight|set_chain2;straight|cov1|set_chain2,set_chain2|draw_chain1|vstrx1
Combined,2236,21.0,14.0,11.0,2,1,0,False,0,0,0,0,0,1,0,2,straight|cov1|vtrac_straight|set_chain2;straight|cov1|set_chain2,set_chain2|draw_chain1|vstrx1
Combined,03459,14.0,13.5,12.5,1,0,0,False,1,0,0,0,0,0,0,2,boxed|cov2|hp_repeat2|mirror|hot1|perm2|hidden3v;straight|cov1|hp_repeat2|mirror|hidden3v,hot1x1
Combined,044599,15.0,13.5,12.5,1,2,0,False,0,0,0,0,0,0,0,3,straight|cov1|hp_repeat2|mirror|hidden3v|draw_chain2;straight|cov1|hp_repeat2|mirror|hidden3v|draw_chain2,draw_chain2
Combined,004499,15.0,13.5,12.5,1,2,0,False,0,0,0,0,0,0,0,3,straight|cov1|hp_repeat2|mirror|hidden3v|draw_chain2;straight|cov1|hp_repeat2|mirror|hidden3v|draw_chain2,draw_chain2
Combined,0034499,14.0,13.5,12.5,1,2,0,False,0,0,0,0,0,0,0,2,straight|cov1|mirror|hidden3v|draw_chain2;straight|cov1|mirror|hidden3v|draw_chain2,draw_chain2
Combined,0034489,14.0,13.5,12.5,1,2,0,False,0,0,0,0,0,0,0,2,straight|cov1|mirror|hidden3v|draw_chain2;straight|cov1|mirror|hidden3v|draw_chain2,draw_chain2
Combined,344599,14.0,13.5,12.5,1,2,0,False,0,0,0,0,0,0,0,3,straight|cov1|hp_repeat2|mirror|hidden3v|draw_chain2;straight|cov1|hp_repeat2|mirror|hidden3v|draw_chain2,draw_chain2
Combined,022499,12.0,13.5,12.5,1,1,0,False,0,0,0,0,0,1,0,1,straight|cov1|mirror|hidden3v|vtrac_straight,draw_chain1|vstrx1
Combined,001568,8.0,13.5,12.0,1,2,0,False,0,0,0,0,0,1,0,2,straight|cov1|mirror|vtrac_straight;straight|cov1|mirror,draw_chain2|vstrx1
Combined,00558,4.0,13.5,11.5,1,2,0,False,1,0,0,0,0,0,0,2,straight|cov1|mirror|hot1|hidden3v|draw_chain2;straight|cov1|mirror|hidden3v|draw_chain2,draw_chain2|hot1x1
Combined,2899,30.0,13.5,11.5,1,1,0,False,1,0,0,0,0,1,0,2,straight|cov1|hp_repeat2|hot1|hidden3v|vtrac_straight;straight|cov1|hp_repeat2|hidden3v,draw_chain1|hot1x1|vstrx1
Combined,03348,14.0,13.5,11.5,1,1,0,False,0,0,1,0,0,1,0,1,straight|cov1|mirror|hidden3v|vtrac_straight,draw_chain1|col1x1|vstrx1
Combined,33448,33.0,13.5,11.5,1,1,0,False,0,0,1,0,0,1,0,1,straight|cov1|mirror|hidden3v|vtrac_straight,draw_chain1|col1x1|vstrx1
Combined,00579,12.0,13.5,11.5,1,1,0,False,0,0,1,0,0,1,0,1,straight|cov1|mirror|hidden3v|vtrac_straight,draw_chain1|col1x1|vstrx1
Combined,03389,14.0,13.5,11.5,1,1,0,False,0,0,1,0,0,1,0,1,straight|cov1|mirror|hidden3v|vtrac_straight,draw_chain1|col1x1|vstrx1
Combined,23389,30.0,13.5,11.5,1,1,0,False,0,0,1,0,0,1,0,1,straight|cov1|mirror|hidden3v|vtrac_straight,draw_chain1|col1x1|vstrx1
Combined,22338,29.0,13.5,11.5,1,1,0,False,0,0,1,0,0,1,0,1,straight|cov1|mirror|hidden3v|vtrac_straight,draw_chain1|col1x1|vstrx1
Combined,00336,8.0,13.5,11.0,2,1,0,False,0,0,0,0,0,0,0,3,straight|cov1|hp_repeat2|set_chain2;straight|cov1|hp_repeat2|set_chain2,set_chain2|draw_chain1
Combined,00568,8.0,13.5,11.0,1,2,0,False,1,0,0,0,0,1,0,3,straight|cov1|hp_repeat2|mirror|hot1;straight|cov1|mirror|vtrac_straight,draw_chain2|hot1x1|vstrx1
Combined,458,14.0,13.5,10.5,1,1,0,False,2,0,0,0,0,1,0,2,straight|cov1|hp_repeat2|hot1|hidden3v|vtrac_straight;straight|cov1|hp_repeat2|hot1|hidden3v,draw_chain1|hot1x2|vstrx1
Combined,038,13.0,13.5,10.5,1,3,0,False,0,0,1,0,0,1,0,3,straight|cov1|mirror|hidden3v|vtrac_straight|draw_chain2;straight|cov1|mirror|hidden3v|draw_chain2,draw_chain3|col1x1|vstrx1
Combined,133,23.0,13.5,10.0,2,0,0,False,0,0,0,0,0,0,3,3,straight|cov1|hp_repeat2|double_mirror|set_chain2;straight|cov1|hp_repeat2|double_mirror|set_chain2,set_chain2|dblmirrorx3
Combined,078,11.0,13.5,10.0,1,4,0,False,0,0,1,0,0,1,0,5,straight|cov1|vtrac_straight|draw_chain3;straight|cov1|hp_repeat2|draw_chain3,draw_chain4|col1x1|vstrx1
Combined,0344599,14.0,13.0,12.5,1,1,0,False,0,0,0,0,0,0,0,2,straight|cov1|hp_repeat2|mirror|hidden3v;straight|cov1|hp_repeat2|mirror|hidden3v,draw_chain1
Combined,00345899,14.0,13.0,12.5,1,1,0,False,0,0,0,0,0,0,0,1,straight|cov1|mirror|hidden3v,draw_chain1
Combined,00445599,5.0,13.0,12.5,1,1,0,False,0,0,0,0,0,0,0,1,straight|cov1|mirror|hidden3v,draw_chain1
Combined,00344889,14.0,13.0,12.5,1,1,0,False,0,0,0,0,0,0,0,1,straight|cov1|mirror|hidden3v,draw_chain1
Combined,00458899,14.0,13.0,12.5,1,1,0,False,0,0,0,0,0,0,0,1,straight|cov1|mirror|hidden3v,draw_chain1
Combined,00345599,14.0,13.0,12.5,1,1,0,False,0,0,0,0,0,0,0,1,straight|cov1|mirror|hidden3v,draw_chain1
Combined,03445599,14.0,13.0,12.5,1,1,0,False,0,0,0,0,0,0,0,1,straight|cov1|mirror|hidden3v,draw_chain1
Combined,00455799,12.0,13.0,12.5,1,1,0,False,0,0,0,0,0,0,0,1,straight|cov1|mirror|hidden3v,draw_chain1
Combined,0224599,12.0,13.0,12.5,1,1,0,False,0,0,0,0,0,0,0,1,boxed|cov2|mirror|perm2|hidden3v,draw_chain1
Combined,0022599,12.0,13.0,12.5,1,1,0,False,0,0,0,0,0,0,0,1,boxed|cov2|mirror|perm2|hidden3v,draw_chain1
Combined,34468,24.0,13.0,12.0,1,2,0,False,0,0,0,0,0,0,0,3,boxed|cov2|hp_repeat2|mirror|perm2|draw_chain2;boxed|cov2|hp_repeat2|mirror|perm2|draw_chain2,draw_chain2
Combined,005788,11.0,13.0,12.0,1,2,0,False,0,0,0,0,0,0,0,3,straight|cov1|hp_repeat2|mirror|draw_chain2;straight|cov1|hp_repeat2|mirror|draw_chain2,draw_chain2
Combined,00799,12.0,13.0,11.5,1,3,0,False,0,0,0,0,0,0,0,4,straight|cov1|hp_repeat2|hidden3v|draw_chain3;straight|cov1|hp_repeat2|hidden3v|draw_chain3,draw_chain3
Combined,455899,14.0,13.0,11.5,1,1,0,False,1,0,0,0,0,0,0,1,straight|cov1|mirror|hot1|hidden3v,draw_chain1|hot1x1
Combined,003348,14.0,13.0,11.5,1,1,0,False,0,0,1,0,0,0,0,1,boxed|cov2|mirror|perm2|hidden3v,draw_chain1|col1x1
Combined,003389,14.0,13.0,11.5,1,1,0,False,0,0,1,0,0,0,0,1,boxed|cov2|mirror|perm2|hidden3v,draw_chain1|col1x1
Combined,1336,18.0,13.0,11.0,2,0,0,False,0,0,0,0,0,0,0,3,straight|cov1|hp_repeat2|mirror|set_chain2;straight|cov1|hp_repeat2|mirror|set_chain2,set_chain2
Combined,01336,8.0,13.0,11.0,2,0,0,False,0,0,0,0,0,0,0,2,straight|cov1|mirror|set_chain2;straight|cov1|mirror|set_chain2,set_chain2
Combined,0016,2.0,13.0,11.0,2,0,0,False,0,0,0,0,0,0,0,3,straight|cov1|hp_repeat2|mirror|set_chain2;straight|cov1|hp_repeat2|mirror|set_chain2,set_chain2
Combined,03378,11.0,13.0,11.0,1,1,0,False,0,0,1,0,0,1,0,1,straight|cov1|mirror|vtrac_straight,draw_chain1|col1x1|vstrx1
Combined,236,21.0,13.0,10.0,2,1,0,False,0,0,0,0,0,1,0,2,straight|cov1|vtrac_straight|set_chain2;straight|cov1|set_chain2,set_chain2|draw_chain1|vstrx1
Combined,447,31.0,13.0,9.5,1,2,0,False,0,0,1,0,0,1,2,2,straight|cov1|hidden3v|double_mirror|vtrac_straight;straight|cov1|hidden3v|double_mirror,draw_chain2|col1x1|vstrx1|dblmirrorx2
Combined,00334599,14.0,12.5,12.5,1,0,0,False,0,0,0,0,0,0,0,1,straight|cov1|mirror|hidden3v,
Combined,011,6.0,12.5,12.0,1,0,0,False,0,0,0,0,0,0,1,1,boxed|cov3|vstr2|perm2|double_mirror,dblmirrorx1
Combined,366,18.0,12.5,12.0,1,0,0,False,0,0,0,0,0,0,1,1,boxed|cov3|vstr2|perm2|double_mirror,dblmirrorx1
Combined,00144599,9.0,12.5,12.0,1,1,0,False,0,0,0,0,0,0,0,1,straight|cov1|mirror,draw_chain1
Combined,13446899,24.0,12.5,12.0,1,1,0,False,0,0,0,0,0,0,0,1,straight|cov1|mirror,draw_chain1
Combined,3446899,24.0,12.5,12.0,1,1,0,False,0,0,0,0,0,0,0,2,straight|cov1|hp_repeat2|mirror;straight|cov1|hp_repeat2|mirror,draw_chain1
Combined,3688,23.0,12.5,12.0,1,1,0,False,0,0,0,0,0,0,0,1,boxed|cov3|mirror|perm3,draw_chain1
Combined,34468899,24.0,12.5,12.0,1,1,0,False,0,0,0,0,0,0,0,1,straight|cov1|mirror,draw_chain1
Combined,3459,14.0,12.5,11.5,1,0,0,False,1,0,0,0,0,0,0,2,boxed|cov2|hp_repeat2|mirror|hot1|perm2|hidden3v;boxed|cov2|hp_repeat2|mirror|perm2|hidden3v,hot1x1
Combined,44599,15.0,12.5,11.5,1,2,0,False,0,0,0,0,0,0,0,3,straight|cov1|hp_repeat2|mirror|hidden3v|draw_chain2;straight|cov1|hp_repeat2|mirror|hidden3v|draw_chain2,draw_chain2
Combined,04499,15.0,12.5,11.5,1,2,0,False,0,0,0,0,0,0,0,3,straight|cov1|hp_repeat2|mirror|hidden3v|draw_chain2;straight|cov1|hp_repeat2|mirror|hidden3v|draw_chain2,draw_chain2
Combined,00449,15.0,12.5,11.5,1,2,0,False,0,0,0,0,0,0,0,3,straight|cov1|hp_repeat2|mirror|hidden3v|draw_chain2;straight|cov1|hp_repeat2|mirror|hidden3v|draw_chain2,draw_chain2
Combined,003449,14.0,12.5,11.5,1,2,0,False,0,0,0,0,0,0,0,2,straight|cov1|mirror|hidden3v|draw_chain2;straight|cov1|mirror|hidden3v|draw_chain2,draw_chain2
Combined,003448,14.0,12.5,11.5,1,2,0,False,0,0,0,0,0,0,0,2,straight|cov1|mirror|hidden3v|draw_chain2;straight|cov1|mirror|hidden3v|draw_chain2,draw_chain2
Combined,008899,14.0,12.5,11.5,1,2,0,False,0,0,0,0,0,0,0,3,straight|cov1|hp_repeat2|hidden3v|draw_chain2;straight|cov1|hp_repeat2|hidden3v|draw_chain2,draw_chain2
Combined,00158,8.0,12.5,11.0,1,2,0,False,0,0,0,0,0,1,0,2,straight|cov1|mirror|vtrac_straight;straight|cov1|mirror,draw_chain2|vstrx1
Combined,3349,33.0,12.5,10.5,2,0,0,False,0,0,0,0,0,0,0,2,straight|cov1|mirror|hidden3v|set_chain2;straight|cov1|mirror|hidden3v|set_chain2,set_chain2
Combined,289,30.0,12.5,10.5,1,1,0,False,1,0,0,0,0,1,0,2,straight|cov1|hp_repeat2|hot1|hidden3v|vtrac_straight;straight|cov1|hp_repeat2|hidden3v,draw_chain1|hot1x1|vstrx1
Combined,248,30.0,12.5,10.5,1,1,0,False,1,0,0,0,0,1,0,2,straight|cov1|hp_repeat2|hot1|hidden3v|vtrac_straight;straight|cov1|hp_repeat2|hidden3v,draw_chain1|hot1x1|vstrx1
Combined,3378,29.0,12.5,10.5,1,1,0,False,0,0,1,0,0,1,0,1,straight|cov1|mirror|hidden3v|vtrac_straight,draw_chain1|col1x1|vstrx1
Combined,3348,33.0,12.5,10.5,1,1,0,False,0,0,1,0,0,1,0,1,straight|cov1|mirror|hidden3v|vtrac_straight,draw_chain1|col1x1|vstrx1
Combined,33447,30.0,12.5,10.5,1,1,0,False,0,0,1,0,0,1,0,1,straight|cov1|hidden3v|vtrac_straight,draw_chain1|col1x1|vstrx1
Combined,0389,14.0,12.5,10.5,1,1,0,False,0,0,1,0,0,1,0,1,straight|cov1|mirror|hidden3v|vtrac_straight,draw_chain1|col1x1|vstrx1
Combined,3389,33.0,12.5,10.5,1,1,0,False,0,0,1,0,0,1,0,1,straight|cov1|mirror|hidden3v|vtrac_straight,draw_chain1|col1x1|vstrx1
Combined,2338,29.0,12.5,10.5,1,1,0,False,0,0,1,0,0,1,0,1,straight|cov1|mirror|hidden3v|vtrac_straight,draw_chain1|col1x1|vstrx1
Combined,0336,8.0,12.5,10.0,2,1,0,False,0,0,0,0,0,0,0,3,straight|cov1|hp_repeat2|set_chain2;straight|cov1|hp_repeat2|set_chain2,set_chain2|draw_chain1
Combined,449,35.0,12.5,10.0,1,2,0,False,0,0,0,0,0,0,3,3,straight|cov1|hp_repeat2|mirror|double_mirror|draw_chain2;straight|cov1|hp_repeat2|mirror|double_mirror|draw_chain2,draw_chain2|dblmirrorx3
Combined,0011,2.0,12.0,12.0,1,0,0,False,0,0,0,0,0,0,0,1,boxed|cov3|vstr2|perm2,
Combined,0014599,9.0,12.0,12.0,1,0,0,False,0,0,0,0,0,0,0,2,straight|cov1|hp_repeat2|mirror;straight|cov1|hp_repeat2|mirror,
Combined,3366,23.0,12.0,12.0,1,0,0,False,0,0,0,0,0,0,0,1,boxed|cov3|vstr2|perm2,
Combined,00156699,9.0,12.0,12.0,1,0,0,False,0,0,0,0,0,0,0,1,straight|cov1|mirror,
Combined,0015699,9.0,12.0,12.0,1,0,0,False,0,0,0,0,0,0,0,2,straight|cov1|hp_repeat2|mirror;straight|cov1|hp_repeat2|mirror,
Combined,13346699,24.0,12.0,12.0,1,0,0,False,0,0,0,0,0,0,0,1,straight|cov1|mirror,
Combined,0035899,14.0,12.0,11.5,1,1,0,False,0,0,0,0,0,0,0,1,straight|cov1|mirror|hidden3v,draw_chain1
Combined,0445599,15.0,12.0,11.5,1,1,0,False,0,0,0,0,0,0,0,1,straight|cov1|mirror|hidden3v,draw_chain1
Combined,0034488,14.0,12.0,11.5,1,1,0,False,0,0,0,0,0,0,0,1,straight|cov1|mirror|hidden3v,draw_chain1
Combined,0048899,14.0,12.0,11.5,1,1,0,False,0,0,0,0,0,0,0,1,straight|cov1|mirror|hidden3v,draw_chain1
Combined,0035599,14.0,12.0,11.5,1,1,0,False,0,0,0,0,0,0,0,1,straight|cov1|mirror|hidden3v,draw_chain1
Combined,0345599,14.0,12.0,11.5,1,1,0,False,0,0,0,0,0,0,0,1,straight|cov1|mirror|hidden3v,draw_chain1
Combined,3445599,14.0,12.0,11.5,1,1,0,False,0,0,0,0,0,0,0,1,straight|cov1|mirror|hidden3v,draw_chain1
Combined,0038899,14.0,12.0,11.5,1,1,0,False,0,0,0,0,0,0,0,1,straight|cov1|mirror|hidden3v,draw_chain1
Combined,022599,12.0,12.0,11.5,1,1,0,False,0,0,0,0,0,0,0,1,boxed|cov2|mirror|perm2|hidden3v,draw_chain1
Combined,3468,24.0,12.0,11.0,1,2,0,False,0,0,0,0,0,0,0,3,boxed|cov2|hp_repeat2|mirror|perm2|draw_chain2;boxed|cov2|hp_repeat2|mirror|perm2|draw_chain2,draw_chain2
Combined,34499,34.0,12.0,11.0,1,2,0,False,0,0,0,0,0,0,0,3,straight|cov1|hp_repeat2|mirror|draw_chain2;straight|cov1|hp_repeat2|mirror|draw_chain2,draw_chain2
Combined,00688,8.0,12.0,11.0,1,2,0,False,0,0,0,0,0,0,0,3,boxed|cov2|hp_repeat2|perm2|draw_chain2;straight|cov1|hp_repeat2|draw_chain2,draw_chain2
Combined,16899,24.0,12.0,11.0,1,1,0,False,0,0,0,0,0,1,0,1,straight|cov1|mirror|vtrac_straight,draw_chain1|vstrx1
Combined,45589,14.0,12.0,10.5,1,1,0,False,1,0,0,0,0,0,0,1,straight|cov1|mirror|hot1|hidden3v,draw_chain1|hot1x1
Combined,00338,13.0,12.0,10.5,1,1,0,False,0,0,1,0,0,0,0,1,boxed|cov2|mirror|perm2|hidden3v,draw_chain1|col1x1
Combined,00389,14.0,12.0,10.5,1,1,0,False,0,0,1,0,0,0,0,1,boxed|cov2|mirror|perm2|hidden3v,draw_chain1|col1x1
Combined,00133,8.0,12.0,10.0,2,0,0,False,0,0,0,0,0,0,0,2,straight|cov1|set_chain2;straight|cov1|set_chain2,set_chain2
Combined,1334,24.0,12.0,10.0,2,0,0,False,0,0,0,0,0,0,0,3,straight|cov1|hp_repeat2|set_chain2;straight|cov1|hp_repeat2|set_chain2,set_chain2
Combined,134,24.0,12.0,10.0,2,0,0,False,0,0,0,0,0,0,0,5,straight|cov1|hp_repeat3|set_chain2;straight|cov1|hp_repeat3|set_chain2,set_chain2
Combined,016,6.0,12.0,10.0,2,0,0,False,0,0,0,0,0,0,0,3,straight|cov1|hp_repeat2|mirror|set_chain2;straight|cov1|hp_repeat2|mirror|set_chain2,set_chain2
Combined,788,29.0,12.0,9.5,1,2,0,False,0,0,0,0,0,0,3,3,straight|cov1|hp_repeat2|hidden3v|double_mirror|draw_chain2;straight|cov1|hp_repeat2|hidden3v|double_mirror|draw_chain2,draw_chain2|dblmirrorx3
Combined,889,33.0,12.0,9.5,1,2,0,False,0,0,0,0,0,0,3,3,straight|cov1|hp_repeat2|hidden3v|double_mirror|draw_chain2;straight|cov1|hp_repeat2|hidden3v|double_mirror|draw_chain2,draw_chain2|dblmirrorx3
Combined,255,3.0,12.0,9.5,1,2,0,False,0,0,0,0,0,0,3,3,straight|cov1|hp_repeat2|hidden3v|double_mirror|draw_chain2;straight|cov1|hp_repeat2|hidden3v|double_mirror|draw_chain2,draw_chain2|dblmirrorx3
Combined,3447,30.0,12.0,9.5,1,2,0,False,0,0,1,0,0,1,0,2,straight|cov1|hidden3v|vtrac_straight;straight|cov1|hidden3v,draw_chain2|col1x1|vstrx1
Combined,389,33.0,12.0,9.5,1,2,0,False,0,0,1,0,0,1,0,3,straight|cov1|mirror|hidden3v|vtrac_straight;straight|cov1|hp_repeat2|mirror|hidden3v,draw_chain2|col1x1|vstrx1
Combined,0033599,14.0,11.5,11.5,1,0,0,False,0,0,0,0,0,0,0,1,straight|cov1|mirror|hidden3v,
Combined,0334599,14.0,11.5,11.5,1,0,0,False,0,0,0,0,0,0,0,1,straight|cov1|mirror|hidden3v,
Combined,3399,33.0,11.5,11.5,1,0,0,False,0,0,0,0,0,0,0,1,straight|cov2|vstr2|hidden3v,
Combined,0014499,9.0,11.5,11.0,1,1,0,False,0,0,0,0,0,0,0,1,straight|cov1|mirror,draw_chain1
Combined,00368,8.0,11.5,11.0,1,1,0,False,0,0,0,0,0,0,0,2,boxed|cov2|hp_repeat2|mirror|perm2;straight|cov1|hp_repeat2|mirror,draw_chain1
Combined,1346899,24.0,11.5,11.0,1,1,0,False,0,0,0,0,0,0,0,1,straight|cov1|mirror,draw_chain1
Combined,346899,24.0,11.5,11.0,1,1,0,False,0,0,0,0,0,0,0,2,straight|cov1|hp_repeat2|mirror;straight|cov1|hp_repeat2|mirror,draw_chain1
Combined,344689,24.0,11.5,11.0,1,1,0,False,0,0,0,0,0,0,0,2,straight|cov1|hp_repeat2|mirror;straight|cov1|hp_repeat2|mirror,draw_chain1
Combined,003688,8.0,11.5,11.0,1,1,0,False,0,0,0,0,0,0,0,1,boxed|cov2|mirror|perm2,draw_chain1
Combined,344688,24.0,11.5,11.0,1,1,0,False,0,0,0,0,0,0,0,1,boxed|cov2|mirror|perm2,draw_chain1
Combined,3468899,24.0,11.5,11.0,1,1,0,False,0,0,0,0,0,0,0,1,straight|cov1|mirror,draw_chain1
Combined,3446889,24.0,11.5,11.0,1,1,0,False,0,0,0,0,0,0,0,1,straight|cov1|mirror,draw_chain1
Combined,0449,15.0,11.5,10.5,1,2,0,False,0,0,0,0,0,0,0,3,straight|cov1|hp_repeat2|mirror|hidden3v|draw_chain2;straight|cov1|hp_repeat2|mirror|hidden3v|draw_chain2,draw_chain2
Combined,00348,14.0,11.5,10.5,1,2,0,False,0,0,0,0,0,0,0,2,straight|cov1|mirror|hidden3v|draw_chain2;straight|cov1|mirror|hidden3v|draw_chain2,draw_chain2
Combined,3448,33.0,11.5,10.5,1,2,0,False,0,0,0,0,0,0,0,3,straight|cov1|hp_repeat2|mirror|hidden3v|draw_chain2;straight|cov1|hp_repeat2|mirror|hidden3v|draw_chain2,draw_chain2
Combined,08899,14.0,11.5,10.5,1,2,0,False,0,0,0,0,0,0,0,3,straight|cov1|hp_repeat2|hidden3v|draw_chain2;straight|cov1|hp_repeat2|hidden3v|draw_chain2,draw_chain2
Combined,46899,24.0,11.5,10.0,1,1,0,False,1,0,0,0,0,0,0,1,straight|cov1|mirror|hot1,draw_chain1|hot1x1
Combined,378,29.0,11.5,9.5,1,1,0,False,0,0,1,0,0,1,0,1,straight|cov1|mirror|hidden3v|vtrac_straight,draw_chain1|col1x1|vstrx1
Combined,446,25.0,11.5,9.0,1,2,0,False,0,0,0,0,0,0,3,3,straight|cov1|hp_repeat2|double_mirror|draw_chain2;straight|cov1|hp_repeat2|double_mirror|draw_chain2,draw_chain2|dblmirrorx3
Combined,0011336,8.0,11.0,11.0,1,0,0,False,0,0,0,0,0,0,0,1,straight|cov1|mirror,
Combined,001459,9.0,11.0,11.0,1,0,0,False,0,0,0,0,0,0,0,2,straight|cov1|hp_repeat2|mirror;straight|cov1|hp_repeat2|mirror,
Combined,0011569,9.0,11.0,11.0,1,0,0,False,0,0,0,0,0,0,0,1,straight|cov1|mirror,
Combined,001499,9.0,11.0,11.0,1,0,0,False,0,0,0,0,0,0,0,2,straight|cov1|hp_repeat2|mirror;straight|cov1|hp_repeat2|mirror,
Combined,0013366,8.0,11.0,11.0,1,0,0,False,0,0,0,0,0,0,0,1,straight|cov1|mirror,
Combined,0056699,9.0,11.0,11.0,1,0,0,False,0,0,0,0,0,0,0,1,straight|cov1|mirror,
Combined,0015669,9.0,11.0,11.0,1,0,0,False,0,0,0,0,0,0,0,1,straight|cov1|mirror,
Combined,1336699,24.0,11.0,11.0,1,0,0,False,0,0,0,0,0,0,0,1,straight|cov1|mirror,
Combined,3346699,24.0,11.0,11.0,1,0,0,False,0,0,0,0,0,0,0,1,straight|cov1|mirror,
Combined,003899,14.0,11.0,10.5,1,1,0,False,0,0,0,0,0,0,0,1,straight|cov1|mirror|hidden3v,draw_chain1
Combined,445599,15.0,11.0,10.5,1,1,0,False,0,0,0,0,0,0,0,1,straight|cov1|mirror|hidden3v,draw_chain1
Combined,003488,14.0,11.0,10.5,1,1,0,False,0,0,0,0,0,0,0,1,straight|cov1|mirror|hidden3v,draw_chain1
Combined,004889,14.0,11.0,10.5,1,1,0,False,0,0,0,0,0,0,0,1,straight|cov1|mirror|hidden3v,draw_chain1
Combined,344788,30.0,11.0,10.5,1,1,0,False,0,0,0,0,0,0,0,1,straight|cov1|mirror|hidden3v,draw_chain1
Combined,035599,14.0,11.0,10.5,1,1,0,False,0,0,0,0,0,0,0,1,straight|cov1|mirror|hidden3v,draw_chain1
Combined,345599,14.0,11.0,10.5,1,1,0,False,0,0,0,0,0,0,0,1,straight|cov1|mirror|hidden3v,draw_chain1
Combined,038899,14.0,11.0,10.5,1,1,0,False,0,0,0,0,0,0,0,1,straight|cov1|mirror|hidden3v,draw_chain1
Combined,05699,9.0,11.0,10.0,1,0,0,False,1,0,0,0,0,0,0,1,straight|cov1|mirror|hot1,hot1x1
Combined,4499,35.0,11.0,10.0,1,2,0,False,0,0,0,0,0,0,0,3,straight|cov1|hp_repeat2|mirror|draw_chain2;straight|cov1|hp_repeat2|mirror|draw_chain2,draw_chain2
Combined,3449,34.0,11.0,10.0,1,2,0,False,0,0,0,0,0,0,0,3,straight|cov1|hp_repeat2|mirror|draw_chain2;straight|cov1|hp_repeat2|mirror|draw_chain2,draw_chain2
Combined,6788,21.0,11.0,10.0,1,2,0,False,0,0,0,0,0,0,0,3,boxed|cov2|hp_repeat2|perm2|draw_chain2;boxed|cov2|hp_repeat2|perm2|draw_chain2,draw_chain2
Combined,0688,8.0,11.0,10.0,1,2,0,False,0,0,0,0,0,0,0,3,boxed|cov2|hp_repeat2|perm2|draw_chain2;straight|cov1|hp_repeat2|draw_chain2,draw_chain2
Combined,00788,11.0,11.0,10.0,1,2,0,False,0,0,0,0,0,0,0,3,straight|cov1|hp_repeat2|draw_chain2;straight|cov1|hp_repeat2|draw_chain2,draw_chain2
Combined,00168,8.0,11.0,10.0,1,2,0,False,0,0,0,0,0,0,0,2,boxed|cov2|mirror|perm2;straight|cov1|mirror,draw_chain2
Combined,1468,24.0,11.0,10.0,1,1,0,False,0,0,0,0,0,1,0,1,straight|cov1|mirror|vtrac_straight,draw_chain1|vstrx1
Combined,33446,24.0,11.0,10.0,1,1,0,False,0,0,0,0,0,1,0,1,straight|cov1|vtrac_straight,draw_chain1|vstrx1
Combined,22446,22.0,11.0,10.0,1,1,0,False,0,0,0,0,0,1,0,1,straight|cov1|vtrac_straight,draw_chain1|vstrx1
Combined,0338,13.0,11.0,9.5,1,1,0,False,0,0,1,0,0,0,0,1,boxed|cov2|mirror|perm2|hidden3v,draw_chain1|col1x1
Combined,0133,8.0,11.0,9.0,2,0,0,False,0,0,0,0,0,0,0,2,straight|cov1|set_chain2;straight|cov1|set_chain2,set_chain2
Combined,033459,14.0,10.5,10.5,1,0,0,False,0,0,0,0,0,0,0,1,straight|cov1|mirror|hidden3v,
Combined,003499,14.0,10.5,10.5,1,0,0,False,0,0,0,0,0,0,0,1,straight|cov1|mirror|hidden3v,
Combined,033599,14.0,10.5,10.5,1,0,0,False,0,0,0,0,0,0,0,1,straight|cov1|mirror|hidden3v,
Combined,334599,14.0,10.5,10.5,1,0,0,False,0,0,0,0,0,0,0,1,straight|cov1|mirror|hidden3v,
Combined,001449,9.0,10.5,10.0,1,1,0,False,0,0,0,0,0,0,0,1,straight|cov1|mirror,draw_chain1
Combined,001368,8.0,10.5,10.0,1,1,0,False,0,0,0,0,0,0,0,1,straight|cov1|mirror,draw_chain1
Combined,0368,8.0,10.5,10.0,1,1,0,False,0,0,0,0,0,0,0,2,boxed|cov2|hp_repeat2|mirror|perm2;straight|cov1|hp_repeat2|mirror,draw_chain1
Combined,134468,24.0,10.5,10.0,1,1,0,False,0,0,0,0,0,0,0,1,straight|cov1|mirror,draw_chain1
Combined,136899,24.0,10.5,10.0,1,1,0,False,0,0,0,0,0,0,0,1,straight|cov1|mirror,draw_chain1
Combined,36899,24.0,10.5,10.0,1,1,0,False,0,0,0,0,0,0,0,2,straight|cov1|hp_repeat2|mirror;straight|cov1|hp_repeat2|mirror,draw_chain1
Combined,34689,24.0,10.5,10.0,1,1,0,False,0,0,0,0,0,0,0,2,straight|cov1|hp_repeat2|mirror;straight|cov1|hp_repeat2|mirror,draw_chain1
Combined,03688,8.0,10.5,10.0,1,1,0,False,0,0,0,0,0,0,0,1,boxed|cov2|mirror|perm2,draw_chain1
Combined,34688,24.0,10.5,10.0,1,1,0,False,0,0,0,0,0,0,0,1,boxed|cov2|mirror|perm2,draw_chain1
Combined,368899,24.0,10.5,10.0,1,1,0,False,0,0,0,0,0,0,0,1,straight|cov1|mirror,draw_chain1
Combined,346889,24.0,10.5,10.0,1,1,0,False,0,0,0,0,0,0,0,1,straight|cov1|mirror,draw_chain1
Combined,468899,24.0,10.5,10.0,1,1,0,False,0,0,0,0,0,0,0,1,straight|cov1|mirror,draw_chain1
Combined,0349,14.0,10.5,9.5,1,0,0,False,1,0,0,0,0,0,0,1,straight|cov1|mirror|hot1|hidden3v,hot1x1
Combined,348,33.0,10.5,9.5,1,2,0,False,0,0,0,0,0,0,0,3,straight|cov1|hp_repeat2|mirror|hidden3v|draw_chain2;straight|cov1|hp_repeat2|mirror|hidden3v|draw_chain2,draw_chain2
Combined,00488,14.0,10.5,9.5,1,2,0,False,0,0,0,0,0,0,0,2,straight|cov1|hidden3v|draw_chain2;straight|cov1|hidden3v|draw_chain2,draw_chain2
Combined,8899,33.0,10.5,9.5,1,2,0,False,0,0,0,0,0,0,0,3,straight|cov1|hp_repeat2|hidden3v|draw_chain2;straight|cov1|hp_repeat2|hidden3v|draw_chain2,draw_chain2
Combined,2559,12.0,10.5,9.5,1,2,0,False,0,0,0,0,0,0,0,3,straight|cov1|hp_repeat2|hidden3v|draw_chain2;straight|cov1|hp_repeat2|hidden3v|draw_chain2,draw_chain2
Combined,2455,12.0,10.5,9.5,1,2,0,False,0,0,0,0,0,0,0,3,straight|cov1|hp_repeat2|hidden3v|draw_chain2;straight|cov1|hp_repeat2|hidden3v|draw_chain2,draw_chain2
Combined,4689,24.0,10.5,9.0,1,1,0,False,1,0,0,0,0,0,0,1,straight|cov1|mirror|hot1,draw_chain1|hot1x1
Combined,678,21.0,10.5,9.0,1,3,0,False,0,0,0,0,0,0,0,4,straight|cov1|hp_repeat2|draw_chain3;straight|cov1|hp_repeat2|draw_chain3,draw_chain3
Combined,1899,24.0,10.5,9.0,1,2,0,False,0,0,0,0,0,1,0,2,straight|cov1|vtrac_straight;straight|cov1,draw_chain2|vstrx1
Combined,088,13.0,10.5,8.5,1,2,0,False,0,0,0,0,0,0,2,2,straight|cov1|hidden3v|double_mirror|draw_chain2;straight|cov1|hidden3v|double_mirror|draw_chain2,draw_chain2|dblmirrorx2
Combined,488,33.0,10.5,8.5,1,2,0,False,0,0,0,0,0,0,2,2,straight|cov1|hidden3v|double_mirror|draw_chain2;straight|cov1|hidden3v|double_mirror|draw_chain2,draw_chain2|dblmirrorx2
Combined,089,14.0,10.5,8.5,1,1,0,False,0,0,1,0,0,1,0,1,straight|cov1|hidden3v|vtrac_straight,draw_chain1|col1x1|vstrx1
Combined,011336,8.0,10.0,10.0,1,0,0,False,0,0,0,0,0,0,0,1,straight|cov1|mirror,
Combined,113346,24.0,10.0,10.0,1,0,0,False,0,0,0,0,0,0,0,1,straight|cov1|mirror,
Combined,001156,2.0,10.0,10.0,1,0,0,False,0,0,0,0,0,0,0,1,straight|cov1|mirror,
Combined,001159,9.0,10.0,10.0,1,0,0,False,0,0,0,0,0,0,0,1,straight|cov1|mirror,
Combined,113369,24.0,10.0,10.0,1,0,0,False,0,0,0,0,0,0,0,1,straight|cov1|mirror,
Combined,13369,24.0,10.0,10.0,1,0,0,False,0,0,0,0,0,0,0,2,straight|cov1|hp_repeat2|mirror;straight|cov1|hp_repeat2|mirror,
Combined,133469,24.0,10.0,10.0,1,0,0,False,0,0,0,0,0,0,0,1,straight|cov1|mirror,
Combined,013366,8.0,10.0,10.0,1,0,0,False,0,0,0,0,0,0,0,1,straight|cov1|mirror,
Combined,133466,24.0,10.0,10.0,1,0,0,False,0,0,0,0,0,0,0,1,straight|cov1|mirror,
Combined,001566,2.0,10.0,10.0,1,0,0,False,0,0,0,0,0,0,0,1,straight|cov1|mirror,
Combined,133699,24.0,10.0,10.0,1,0,0,False,0,0,0,0,0,0,0,1,straight|cov1|mirror,
Combined,334669,24.0,10.0,10.0,1,0,0,False,0,0,0,0,0,0,0,1,straight|cov1|mirror,
Combined,134699,24.0,10.0,10.0,1,0,0,False,0,0,0,0,0,0,0,1,straight|cov1|mirror,
Combined,34699,24.0,10.0,10.0,1,0,0,False,0,0,0,0,0,0,0,2,straight|cov1|hp_repeat2|mirror;straight|cov1|hp_repeat2|mirror,
Combined,3899,33.0,10.0,9.5,1,1,0,False,0,0,0,0,0,0,0,2,straight|cov1|hp_repeat2|mirror|hidden3v;straight|cov1|hp_repeat2|mirror|hidden3v,draw_chain1
Combined,03899,14.0,10.0,9.5,1,1,0,False,0,0,0,0,0,0,0,1,straight|cov1|mirror|hidden3v,draw_chain1
Combined,00388,13.0,10.0,9.5,1,1,0,False,0,0,0,0,0,0,0,1,straight|cov1|mirror|hidden3v,draw_chain1
Combined,34488,33.0,10.0,9.5,1,1,0,False,0,0,0,0,0,0,0,1,straight|cov1|mirror|hidden3v,draw_chain1
Combined,34478,30.0,10.0,9.5,1,1,0,False,0,0,0,0,0,0,0,1,straight|cov1|mirror|hidden3v,draw_chain1
Combined,38899,33.0,10.0,9.5,1,1,0,False,0,0,0,0,0,0,0,1,straight|cov1|mirror|hidden3v,draw_chain1
Combined,3446,24.0,10.0,9.0,1,2,0,False,0,0,0,0,0,0,0,3,straight|cov1|hp_repeat2|draw_chain2;straight|cov1|hp_repeat2|draw_chain2,draw_chain2
Combined,4456,9.0,10.0,9.0,1,2,0,False,0,0,0,0,0,0,0,3,straight|cov1|hp_repeat2|draw_chain2;straight|cov1|hp_repeat2|draw_chain2,draw_chain2
Combined,4688,24.0,10.0,9.0,1,2,0,False,0,0,0,0,0,0,0,2,boxed|cov2|perm2|draw_chain2;straight|cov1|draw_chain2,draw_chain2
Combined,0788,11.0,10.0,9.0,1,2,0,False,0,0,0,0,0,0,0,3,straight|cov1|hp_repeat2|draw_chain2;straight|cov1|hp_repeat2|draw_chain2,draw_chain2
Combined,68899,24.0,10.0,9.0,1,2,0,False,0,0,0,0,0,0,0,2,straight|cov1|draw_chain2;straight|cov1|draw_chain2,draw_chain2
Combined,0168,8.0,10.0,9.0,1,2,0,False,0,0,0,0,0,0,0,2,boxed|cov2|mirror|perm2;straight|cov1|mirror,draw_chain2
Combined,2268,21.0,10.0,9.0,1,1,0,False,0,0,0,0,0,1,0,1,straight|cov1|vtrac_straight,draw_chain1|vstrx1
Combined,478,30.0,10.0,8.5,1,3,0,False,0,0,0,0,0,0,0,3,straight|cov1|hidden3v|draw_chain3;straight|cov1|hidden3v|draw_chain3,draw_chain3
Combined,4558,14.0,10.0,8.5,1,1,0,False,1,0,0,0,0,0,0,1,straight|cov1|hot1|hidden3v,draw_chain1|hot1x1
Combined,33459,14.0,9.5,9.5,1,0,0,False,0,0,0,0,0,0,0,1,straight|cov1|mirror|hidden3v,
Combined,00138,8.0,9.5,9.0,1,1,0,False,0,0,0,0,0,0,0,1,straight|cov1|mirror,draw_chain1
Combined,01368,8.0,9.5,9.0,1,1,0,False,0,0,0,0,0,0,0,1,straight|cov1|mirror,draw_chain1
Combined,13448,24.0,9.5,9.0,1,1,0,False,0,0,0,0,0,0,0,1,straight|cov1|mirror,draw_chain1
Combined,13899,24.0,9.5,9.0,1,1,0,False,0,0,0,0,0,0,0,1,straight|cov1|mirror,draw_chain1
Combined,3689,24.0,9.5,9.0,1,1,0,False,0,0,0,0,0,0,0,2,straight|cov1|hp_repeat2|mirror;straight|cov1|hp_repeat2|mirror,draw_chain1
Combined,36788,21.0,9.5,9.0,1,1,0,False,0,0,0,0,0,0,0,1,straight|cov1|mirror,draw_chain1
Combined,36889,24.0,9.5,9.0,1,1,0,False,0,0,0,0,0,0,0,1,straight|cov1|mirror,draw_chain1
Combined,46889,24.0,9.5,9.0,1,1,0,False,0,0,0,0,0,0,0,1,straight|cov1|mirror,draw_chain1
Combined,034,14.0,9.5,8.5,1,0,0,False,1,0,0,0,0,0,0,2,straight|cov1|hp_repeat2|hot1|hidden3v;straight|cov1|hp_repeat2|hidden3v,hot1x1
Combined,345,14.0,9.5,8.5,1,0,0,False,1,0,0,0,0,0,0,2,straight|cov1|hp_repeat2|hot1|hidden3v;straight|cov1|hp_repeat2|hidden3v,hot1x1
Combined,0088,4.0,9.5,8.5,1,2,0,False,0,0,0,0,0,0,0,2,straight|cov1|hidden3v|draw_chain2;straight|cov1|hidden3v|draw_chain2,draw_chain2
Combined,4788,30.0,9.5,8.5,1,2,0,False,0,0,0,0,0,0,0,2,straight|cov1|hidden3v|draw_chain2;straight|cov1|hidden3v|draw_chain2,draw_chain2
Combined,699,25.0,9.5,8.0,1,0,0,False,1,0,0,0,0,0,1,1,straight|cov1|hot1|double_mirror,hot1x1|dblmirrorx1
Combined,001133,8.0,9.0,9.0,1,0,0,False,0,0,0,0,0,0,0,1,straight|cov1,
Combined,11336,18.0,9.0,9.0,1,0,0,False,0,0,0,0,0,0,0,1,straight|cov1|mirror,
Combined,00116,6.0,9.0,9.0,1,0,0,False,0,0,0,0,0,0,0,1,straight|cov1|mirror,
Combined,00115,2.0,9.0,9.0,1,0,0,False,0,0,0,0,0,0,0,1,straight|cov1|mirror,
Combined,33469,24.0,9.0,9.0,1,0,0,False,0,0,0,0,0,0,0,1,straight|cov1|mirror,
Combined,13366,18.0,9.0,9.0,1,0,0,False,0,0,0,0,0,0,0,1,straight|cov1|mirror,
Combined,00136,8.0,9.0,9.0,1,0,0,False,0,0,0,0,0,0,0,1,straight|cov1|mirror,
Combined,006699,9.0,9.0,9.0,1,0,0,False,0,0,0,0,0,0,0,1,straight|cov1,
Combined,003366,8.0,9.0,9.0,1,0,0,False,0,0,0,0,0,0,0,1,straight|cov1,
Combined,33466,24.0,9.0,9.0,1,0,0,False,0,0,0,0,0,0,0,1,boxed|cov2|perm2,
Combined,00166,6.0,9.0,9.0,1,0,0,False,0,0,0,0,0,0,0,1,straight|cov1|mirror,
Combined,33499,34.0,9.0,9.0,1,0,0,False,0,0,0,0,0,0,0,1,straight|cov1|mirror,
Combined,336699,24.0,9.0,9.0,1,0,0,False,0,0,0,0,0,0,0,1,straight|cov1,
Combined,13699,24.0,9.0,9.0,1,0,0,False,0,0,0,0,0,0,0,1,straight|cov1|mirror,
Combined,3469,24.0,9.0,9.0,1,0,0,False,0,0,0,0,0,0,0,2,straight|cov1|hp_repeat2|mirror;straight|cov1|hp_repeat2|mirror,
Combined,0388,13.0,9.0,8.5,1,1,0,False,0,0,0,0,0,0,0,1,straight|cov1|mirror|hidden3v,draw_chain1
Combined,3488,33.0,9.0,8.5,1,1,0,False,0,0,0,0,0,0,0,1,straight|cov1|mirror|hidden3v,draw_chain1
Combined,35599,14.0,9.0,8.5,1,1,0,False,0,0,0,0,0,0,0,1,straight|cov1|hidden3v,draw_chain1
Combined,3889,33.0,9.0,8.5,1,1,0,False,0,0,0,0,0,0,0,1,straight|cov1|mirror|hidden3v,draw_chain1
Combined,0699,9.0,9.0,8.0,1,0,0,False,1,0,0,0,0,0,0,1,straight|cov1|hot1,hot1x1
Combined,5699,9.0,9.0,8.0,1,0,0,False,1,0,0,0,0,0,0,1,straight|cov1|hot1,hot1x1
Combined,6889,24.0,9.0,8.0,1,2,0,False,0,0,0,0,0,0,0,2,straight|cov1|draw_chain2;straight|cov1|draw_chain2,draw_chain2
Combined,0018,8.0,9.0,8.0,1,2,0,False,0,0,0,0,0,0,0,2,boxed|cov2|perm2;straight|cov1,draw_chain2
Combined,168,18.0,9.0,8.0,1,2,0,False,0,0,0,0,0,0,0,2,boxed|cov2|mirror|perm2;straight|cov1|mirror,draw_chain2
Combined,148,24.0,9.0,8.0,1,1,0,False,0,0,0,0,0,1,0,1,straight|cov1|vtrac_straight,draw_chain1|vstrx1
Combined,33599,14.0,8.5,8.5,1,0,0,False,0,0,0,0,0,0,0,1,straight|cov1|hidden3v,
Combined,00399,14.0,8.5,8.5,1,0,0,False,0,0,0,0,0,0,0,1,straight|cov1|hidden3v,
Combined,116,16.0,8.5,8.0,1,0,0,False,0,0,0,0,0,0,1,1,straight|cov1|mirror|double_mirror,dblmirrorx1
Combined,166,16.0,8.5,8.0,1,0,0,False,0,0,0,0,0,0,1,1,straight|cov1|mirror|double_mirror,dblmirrorx1
Combined,00144,9.0,8.5,8.0,1,1,0,False,0,0,0,0,0,0,0,1,straight|cov1,draw_chain1
Combined,0138,8.0,8.5,8.0,1,1,0,False,0,0,0,0,0,0,0,1,straight|cov1|mirror,draw_chain1
Combined,1368,18.0,8.5,8.0,1,1,0,False,0,0,0,0,0,0,0,1,straight|cov1|mirror,draw_chain1
Combined,44556,9.0,8.5,8.0,1,1,0,False,0,0,0,0,0,0,0,1,straight|cov1,draw_chain1
Combined,00114,9.0,8.0,8.0,1,0,0,False,0,0,0,0,0,0,0,1,straight|cov1,
Combined,00113,8.0,8.0,8.0,1,0,0,False,0,0,0,0,0,0,0,1,straight|cov1,
Combined,01133,8.0,8.0,8.0,1,0,0,False,0,0,0,0,0,0,0,1,straight|cov1,
Combined,11334,24.0,8.0,8.0,1,0,0,False,0,0,0,0,0,0,0,1,straight|cov1,
Combined,0116,6.0,8.0,8.0,1,0,0,False,0,0,0,0,0,0,0,1,straight|cov1|mirror,
Combined,00119,9.0,8.0,8.0,1,0,0,False,0,0,0,0,0,0,0,1,straight|cov1,
Combined,11339,24.0,8.0,8.0,1,0,0,False,0,0,0,0,0,0,0,1,straight|cov1,
Combined,139,24.0,8.0,8.0,1,0,0,False,0,0,0,0,0,0,0,3,straight|cov1|hp_repeat3;straight|cov1|hp_repeat3,
Combined,1339,24.0,8.0,8.0,1,0,0,False,0,0,0,0,0,0,0,2,straight|cov1|hp_repeat2;straight|cov1|hp_repeat2,
Combined,1349,24.0,8.0,8.0,1,0,0,False,0,0,0,0,0,0,0,1,straight|cov1|mirror,
Combined,0136,8.0,8.0,8.0,1,0,0,False,0,0,0,0,0,0,0,1,straight|cov1|mirror,
Combined,00669,9.0,8.0,8.0,1,0,0,False,0,0,0,0,0,0,0,1,straight|cov1,
Combined,00366,8.0,8.0,8.0,1,0,0,False,0,0,0,0,0,0,0,1,straight|cov1,
Combined,03366,8.0,8.0,8.0,1,0,0,False,0,0,0,0,0,0,0,1,straight|cov1,
Combined,1346,24.0,8.0,8.0,1,0,0,False,0,0,0,0,0,0,0,1,straight|cov1|mirror,
Combined,0166,6.0,8.0,8.0,1,0,0,False,0,0,0,0,0,0,0,1,straight|cov1|mirror,
Combined,1399,24.0,8.0,8.0,1,0,0,False,0,0,0,0,0,0,0,2,straight|cov1|hp_repeat2;straight|cov1|hp_repeat2,
Combined,13399,24.0,8.0,8.0,1,0,0,False,0,0,0,0,0,0,0,1,straight|cov1,
Combined,33699,24.0,8.0,8.0,1,0,0,False,0,0,0,0,0,0,0,1,straight|cov1,
Combined,33669,24.0,8.0,8.0,1,0,0,False,0,0,0,0,0,0,0,1,straight|cov1,
Combined,3699,24.0,8.0,8.0,1,0,0,False,0,0,0,0,0,0,0,2,straight|cov1|hp_repeat2;straight|cov1|hp_repeat2,
Combined,4455,15.0,8.0,7.5,1,1,0,False,0,0,0,0,0,0,0,1,straight|cov1|hidden3v,draw_chain1
Combined,569,9.0,8.0,7.0,1,0,0,False,1,0,0,0,0,0,0,1,straight|cov1|hot1,hot1x1
Combined,144,25.0,8.0,7.0,1,1,0,False,0,0,0,0,0,0,1,1,straight|cov1|double_mirror,draw_chain1|dblmirrorx1
Combined,018,8.0,8.0,7.0,1,2,0,False,0,0,0,0,0,0,0,2,boxed|cov2|perm2;straight|cov1,draw_chain2
Combined,0399,14.0,7.5,7.5,1,0,0,False,0,0,0,0,0,0,0,1,straight|cov1|hidden3v,
Combined,113,18.0,7.5,7.0,1,0,0,False,0,0,0,0,0,0,1,1,straight|cov1|double_mirror,dblmirrorx1
Combined,114,19.0,7.5,7.0,1,0,0,False,0,0,0,0,0,0,1,1,straight|cov1|double_mirror,dblmirrorx1
Combined,119,19.0,7.5,7.0,1,0,0,False,0,0,0,0,0,0,1,1,straight|cov1|double_mirror,dblmirrorx1
Combined,066,6.0,7.5,7.0,1,0,0,False,0,0,0,0,0,0,1,1,straight|cov1|double_mirror,dblmirrorx1
Combined,466,19.0,7.5,7.0,1,0,0,False,0,0,0,0,0,0,1,1,straight|cov1|double_mirror,dblmirrorx1
Combined,138,23.0,7.5,7.0,1,1,0,False,0,0,0,0,0,0,0,1,straight|cov1|mirror,draw_chain1
Combined,1344,24.0,7.5,7.0,1,1,0,False,0,0,0,0,0,0,0,1,straight|cov1,draw_chain1
Combined,4556,9.0,7.5,7.0,1,1,0,False,0,0,0,0,0,0,0,1,straight|cov1,draw_chain1
Combined,2688,21.0,7.5,7.0,1,1,0,False,0,0,0,0,0,0,0,1,straight|cov1,draw_chain1
Combined,0113,8.0,7.0,7.0,1,0,0,False,0,0,0,0,0,0,0,1,straight|cov1,
Combined,1133,18.0,7.0,7.0,1,0,0,False,0,0,0,0,0,0,0,1,straight|cov1,
Combined,1134,24.0,7.0,7.0,1,0,0,False,0,0,0,0,0,0,0,1,straight|cov1,
Combined,0119,9.0,7.0,7.0,1,0,0,False,0,0,0,0,0,0,0,1,straight|cov1,
Combined,1139,24.0,7.0,7.0,1,0,0,False,0,0,0,0,0,0,0,1,straight|cov1,
Combined,136,18.0,7.0,7.0,1,0,0,False,0,0,0,0,0,0,0,1,straight|cov1|mirror,
Combined,0066,2.0,7.0,7.0,1,0,0,False,0,0,0,0,0,0,0,1,straight|cov1,
Combined,0366,8.0,7.0,7.0,1,0,0,False,0,0,0,0,0,0,0,1,straight|cov1,
Combined,3466,24.0,7.0,7.0,1,0,0,False,0,0,0,0,0,0,0,1,straight|cov1,
Combined,4566,9.0,7.0,7.0,1,0,0,False,0,0,0,0,0,0,0,1,straight|cov1,
Combined,369,24.0,7.0,7.0,1,0,0,False,0,0,0,0,0,0,0,2,straight|cov1|hp_repeat2;straight|cov1|hp_repeat2,
Evening,229,28.0,108.0,42.5,3,7,0,False,14,11,9,0,0,10,42,42,boxed|cov4|hp_repeat7|vstr2|vstr3|hot2|dom_last|perm2|hidden3v|double_mirror|set_chain3|draw_chain7;straight|cov3|hp_repeat7|vstr2|vstr3|hot2|hidden3v|double_mirror|vtrac_straight|set_chain3|draw_chain7,set_chain3|draw_chain7|col1x9|hot1x14|hot2x11|vstrx10|dblmirrorx42
Evening,224,28.0,89.5,37.5,3,7,0,False,10,6,5,0,0,15,33,33,straight|cov3|hp_repeat5|vstr2|vstr3|hot2|hidden3v|double_mirror|vtrac_straight|set_chain3|draw_chain7;straight|cov3|hp_repeat4|vstr2|vstr3|hot2|hidden3v|double_mirror|vtrac_straight|set_chain3|draw_chain7,set_chain3|draw_chain7|col1x5|hot1x10|hot2x6|vstrx15|dblmirrorx33
Evening,2249,28.0,80.5,38.5,3,7,0,False,10,6,5,0,0,15,0,33,straight|cov3|hp_repeat5|vstr2|vstr3|mirror|hot2|hidden3v|vtrac_straight|set_chain3|draw_chain7;straight|cov3|hp_repeat4|vstr2|vstr3|mirror|hot2|hidden3v|vtrac_straight|set_chain3|draw_chain7,set_chain3|draw_chain7|col1x5|hot1x10|hot2x6|vstrx15
Evening,225,10.0,66.0,29.5,3,7,0,False,10,1,2,0,0,10,28,28,straight|cov2|hp_repeat5|vstr2|hot2|hidden3v|double_mirror|vtrac_straight|set_chain3|draw_chain7;straight|cov2|hp_repeat4|vstr2|hot1|hidden3v|double_mirror|vtrac_straight|set_chain3|draw_chain7,set_chain3|draw_chain7|col1x2|hot1x10|hot2x1|vstrx10|dblmirrorx28
Evening,02249,12.0,58.5,31.5,1,6,0,False,3,6,5,0,0,8,0,15,boxed|cov4|hp_repeat3|vstr2|mirror|hot2|dom_last|perm3|hidden3v|draw_chain6;boxed|cov3|hp_repeat3|vstr2|mirror|hot2|perm2|hidden3v|draw_chain6,draw_chain6|col1x5|hot1x3|hot2x6|vstrx8
Evening,2259,12.0,54.0,30.5,3,7,0,False,10,1,2,0,0,4,0,25,boxed|cov4|hp_repeat4|vstr2|hot2|perm3|hidden3v|set_chain3|draw_chain7;boxed|cov4|hp_repeat4|vstr2|hot1|perm3|hidden3v|set_chain3|draw_chain7,set_chain3|draw_chain7|col1x2|hot1x10|hot2x1|vstrx4
Evening,259,12.0,50.0,26.5,3,7,0,False,10,1,2,0,0,4,0,25,boxed|cov3|hp_repeat4|vstr2|hot2|perm2|hidden3v|set_chain3|draw_chain7;boxed|cov3|hp_repeat4|vstr2|hot1|perm2|hidden3v|set_chain3|draw_chain7,set_chain3|draw_chain7|col1x2|hot1x10|hot2x1|vstrx4
Evening,223,27.0,50.0,23.5,3,4,0,True,8,0,0,0,0,3,21,21,straight|cov2|hp_repeat6|vstr2|hot1|hidden3v|double_mirror|vtrac_straight|set_chain3;straight|cov2|hp_repeat6|vstr2|hot1|hidden3v|double_mirror|vtrac_straight|set_chain3,set_chain3|draw_chain4|hot1x8|vstrx3|dblmirrorx21
Evening,0224,12.0,49.5,20.5,1,6,0,False,3,6,5,0,0,12,0,15,straight|cov1|hp_repeat3|hot2|hidden3v|vtrac_straight|draw_chain6;straight|cov1|hp_repeat3|hot2|hidden3v|vtrac_straight|draw_chain6,draw_chain6|col1x5|hot1x3|hot2x6|vstrx12
Evening,002249,12.0,49.0,30.5,1,4,0,False,1,4,4,0,0,7,0,9,boxed|cov4|hp_repeat3|vstr2|mirror|hot2|dom_last|perm3|hidden3v|draw_chain4;boxed|cov3|hp_repeat3|mirror|hot2|perm3|hidden3v|draw_chain4,draw_chain4|col1x4|hot1x1|hot2x4|vstrx7
Evening,024,12.0,48.5,19.5,1,6,0,False,3,6,5,0,0,12,0,15,straight|cov1|hp_repeat3|hot2|hidden3v|vtrac_straight|draw_chain6;straight|cov1|hp_repeat3|hot2|hidden3v|vtrac_straight|draw_chain6,draw_chain6|col1x5|hot1x3|hot2x6|vstrx12
Evening,339,33.0,46.0,28.5,3,3,0,False,4,0,0,0,0,1,15,15,straight|cov3|hp_repeat5|vstr2|vstr3|hot1|hidden3v|double_mirror|vtrac_straight|set_chain3;straight|cov3|hp_repeat5|vstr2|vstr3|hot1|hidden3v|double_mirror|set_chain3,set_chain3|draw_chain3|hot1x4|vstrx1|dblmirrorx15
Evening,299,31.0,46.0,24.0,3,4,0,False,1,2,3,0,0,4,12,12,boxed|cov3|hp_repeat3|vstr2|hot2|perm2|double_mirror|set_chain3|draw_chain3;boxed|cov3|hp_repeat3|vstr2|hot2|perm2|double_mirror|set_chain3|draw_chain3,set_chain3|draw_chain4|col1x3|hot1x1|hot2x2|vstrx4|dblmirrorx12
Evening,599,15.0,45.5,29.5,3,4,0,False,1,0,2,0,0,4,10,10,straight|cov3|vstr2|vstr3|single_left|hidden3v|double_mirror|vtrac_straight|set_chain3|draw_chain3;straight|cov3|vstr2|vstr3|single_left|hidden3v|double_mirror|vtrac_straight|set_chain3|draw_chain3,set_chain3|draw_chain4|col1x2|hot1x1|vstrx4|dblmirrorx10
Evening,0229,12.0,44.5,26.5,1,3,0,False,1,6,3,0,0,1,0,7,boxed|cov4|hp_repeat3|vstr2|hot2|dom_last|perm3|hidden3v|draw_chain3;boxed|cov4|hp_repeat3|vstr2|hot2|perm3|hidden3v|draw_chain3,draw_chain3|col1x3|hot1x1|hot2x6|vstrx1
Evening,22499,31.0,44.0,27.0,3,4,0,False,1,2,3,0,0,6,0,12,straight|cov2|hp_repeat3|vstr2|mirror|hot2|vtrac_straight|set_chain3|draw_chain3;straight|cov2|hp_repeat3|vstr2|mirror|hot2|vtrac_straight|set_chain3|draw_chain3,set_chain3|draw_chain4|col1x3|hot1x1|hot2x2|vstrx6
Evening,009,5.0,44.0,22.5,1,4,0,False,1,4,4,0,0,3,10,10,boxed|cov3|hp_repeat4|vstr2|hot2|perm2|hidden3v|double_mirror|draw_chain4;boxed|cov3|hp_repeat3|vstr2|hot2|perm2|hidden3v|double_mirror|draw_chain4,draw_chain4|col1x4|hot1x1|hot2x4|vstrx3|dblmirrorx10
Evening,2245,12.0,43.5,22.5,3,7,0,False,8,0,2,0,0,7,0,21,straight|cov1|hp_repeat2|hot1|hidden3v|vtrac_straight|set_chain3|draw_chain7;straight|cov1|hp_repeat4|hot1|hidden3v|set_chain3|draw_chain7,set_chain3|draw_chain7|col1x2|hot1x8|vstrx7
Evening,899,34.0,43.5,21.5,3,4,0,False,1,2,3,0,0,6,10,10,straight|cov1|hp_repeat3|hot2|hidden3v|double_mirror|vtrac_straight|set_chain3|draw_chain3;straight|cov1|hp_repeat3|hot2|hidden3v|double_mirror|vtrac_straight|set_chain3|draw_chain3,set_chain3|draw_chain4|col1x3|hot1x1|hot2x2|vstrx6|dblmirrorx10
Evening,245,12.0,42.5,21.5,3,7,0,False,8,0,2,0,0,7,0,21,straight|cov1|hp_repeat2|hot1|hidden3v|vtrac_straight|set_chain3|draw_chain7;straight|cov1|hp_repeat4|hot1|hidden3v|set_chain3|draw_chain7,set_chain3|draw_chain7|col1x2|hot1x8|vstrx7
Evening,004,5.0,41.5,18.5,1,4,0,False,1,4,4,0,0,6,10,10,boxed|cov2|hp_repeat4|hot2|perm2|hidden3v|double_mirror|draw_chain4;straight|cov1|hp_repeat3|hot2|hidden3v|double_mirror|vtrac_straight|draw_chain4,draw_chain4|col1x4|hot1x1|hot2x4|vstrx6|dblmirrorx10
Evening,22349,30.0,41.0,26.5,3,4,0,False,8,0,0,0,0,1,0,17,boxed|cov4|hp_repeat5|vstr2|mirror|hot1|perm3|hidden3v|set_chain3;boxed|cov3|hp_repeat4|vstr2|mirror|hot1|perm2|hidden3v|set_chain3|draw_chain4,set_chain3|draw_chain4|hot1x8|vstrx1
Evening,2299,28.0,40.5,24.5,3,4,0,False,1,2,3,0,0,4,0,12,boxed|cov3|hp_repeat3|vstr2|hot2|perm2|hidden3v|set_chain3|draw_chain3;boxed|cov3|hp_repeat3|vstr2|hot2|perm2|hidden3v|set_chain3|draw_chain3,set_chain3|draw_chain4|col1x3|hot1x1|hot2x2|vstrx4
Evening,233,29.0,40.0,22.5,3,3,0,False,4,0,0,0,0,1,15,15,straight|cov2|hp_repeat5|vstr2|hot1|hidden3v|double_mirror|vtrac_straight|set_chain3;straight|cov2|hp_repeat5|vstr2|hot1|hidden3v|double_mirror|set_chain3,set_chain3|draw_chain3|hot1x4|vstrx1|dblmirrorx15
Evening,00224,12.0,39.0,19.5,1,4,0,False,1,4,4,0,0,9,0,9,straight|cov1|hp_repeat3|hot2|hidden3v|vtrac_straight|draw_chain4;straight|cov1|hp_repeat3|hot2|hidden3v|vtrac_straight|draw_chain4,draw_chain4|col1x4|hot1x1|hot2x4|vstrx9
Evening,22459,12.0,38.0,24.5,3,4,0,False,7,0,0,0,0,1,0,15,boxed|cov3|hp_repeat3|vstr2|mirror|hot1|perm2|hidden3v|set_chain3|draw_chain4;boxed|cov3|hp_repeat2|vstr2|mirror|perm2|hidden3v|set_chain3|draw_chain4,set_chain3|draw_chain4|hot1x7|vstrx1
Evening,0024,12.0,38.0,18.5,1,4,0,False,1,4,4,0,0,9,0,9,straight|cov1|hp_repeat3|hot2|hidden3v|vtrac_straight|draw_chain4;straight|cov1|hp_repeat3|hot2|hidden3v|vtrac_straight|draw_chain4,draw_chain4|col1x4|hot1x1|hot2x4|vstrx9
Evening,2234,30.0,37.5,23.5,3,4,0,False,8,0,0,0,0,0,0,21,boxed|cov3|hp_repeat4|vstr2|hot1|perm2|hidden3v|set_chain3|draw_chain4;boxed|cov3|hp_repeat4|vstr2|hot1|perm2|hidden3v|set_chain3|draw_chain4,set_chain3|draw_chain4|hot1x8
Evening,223349,30.0,37.0,27.5,3,3,0,False,4,0,0,0,0,0,0,15,boxed|cov4|hp_repeat5|vstr2|mirror|hot1|perm3|hidden3v|set_chain3;boxed|cov3|hp_repeat5|vstr2|mirror|hot1|perm2|hidden3v|set_chain3,set_chain3|draw_chain3|hot1x4
Evening,224599,12.0,36.5,25.5,3,4,0,False,1,0,2,0,0,4,0,10,straight|cov2|hp_repeat2|vstr2|mirror|hot1|hidden3v|vtrac_straight|set_chain3|draw_chain3;straight|cov2|hp_repeat2|vstr2|mirror|hidden3v|vtrac_straight|set_chain3|draw_chain3,set_chain3|draw_chain4|col1x2|hot1x1|vstrx4
Evening,029,12.0,35.0,18.5,1,3,0,False,0,6,3,0,0,0,0,6,boxed|cov3|hp_repeat2|vstr2|hot2|perm2|hidden3v|draw_chain3;boxed|cov3|hp_repeat2|vstr2|hot2|perm2|hidden3v|draw_chain3,draw_chain3|col1x3|hot2x6
Evening,22599,12.0,34.5,25.5,3,4,0,False,1,0,2,0,0,0,0,10,boxed|cov3|hp_repeat2|vstr2|hot1|dom_last|perm2|hidden3v|set_chain3|draw_chain3;boxed|cov3|vstr2|dom_last|perm2|hidden3v|set_chain3|draw_chain3,set_chain3|draw_chain4|col1x2|hot1x1
Evening,334,33.0,34.5,17.5,3,3,0,False,4,0,0,0,0,0,15,15,boxed|cov2|hp_repeat5|hot1|perm2|hidden3v|double_mirror|set_chain3;boxed|cov2|hp_repeat5|hot1|perm2|hidden3v|double_mirror|set_chain3,set_chain3|draw_chain3|hot1x4|dblmirrorx15
Evening,099,15.0,34.0,20.5,1,3,0,False,1,2,3,0,0,2,6,6,boxed|cov3|hp_repeat3|vstr2|hot2|perm2|hidden3v|double_mirror|draw_chain3;boxed|cov2|hp_repeat3|hot2|perm2|hidden3v|double_mirror|draw_chain3,draw_chain3|col1x3|hot1x1|hot2x2|vstrx2|dblmirrorx6
Evening,359,14.0,33.0,20.5,3,4,0,False,6,0,0,0,0,1,0,13,straight|cov2|hp_repeat3|vstr2|hot1|hidden3v|set_chain3|draw_chain4;straight|cov2|hp_repeat3|vstr2|hot1|hidden3v|set_chain3|draw_chain4,set_chain3|draw_chain4|hot1x6|vstrx1
Evening,2233,27.0,32.5,22.5,3,3,0,False,4,0,0,0,0,1,0,15,straight|cov2|hp_repeat5|vstr2|hot1|hidden3v|vtrac_straight|set_chain3;straight|cov2|hp_repeat5|vstr2|hot1|hidden3v|set_chain3,set_chain3|draw_chain3|hot1x4|vstrx1
Evening,2239,30.0,32.5,19.5,3,4,0,True,5,0,0,0,0,2,0,7,straight|cov2|vstr2|hot1|hidden3v|set_chain3|draw_chain4;straight|cov2|vstr2|hot1|hidden3v|set_chain3|draw_chain4,set_chain3|draw_chain4|hot1x5|vstrx2
Evening,22334,30.0,32.0,22.5,3,3,0,False,4,0,0,0,0,0,0,15,boxed|cov3|hp_repeat5|vstr2|hot1|perm2|hidden3v|set_chain3;boxed|cov3|hp_repeat5|vstr2|hot1|perm2|hidden3v|set_chain3,set_chain3|draw_chain3|hot1x4
Evening,22339,30.0,32.0,22.5,3,3,0,False,4,0,0,0,0,0,0,15,boxed|cov3|hp_repeat5|vstr2|hot1|perm2|hidden3v|set_chain3;straight|cov2|hp_repeat5|vstr2|hot1|hidden3v|set_chain3,set_chain3|draw_chain3|hot1x4
Evening,0022499,12.0,32.0,20.5,1,3,0,False,1,2,3,0,0,4,0,6,boxed|cov2|hp_repeat3|mirror|hot2|perm2|hidden3v|draw_chain3;boxed|cov2|hp_repeat3|mirror|hot2|perm2|hidden3v|draw_chain3,draw_chain3|col1x3|hot1x1|hot2x2|vstrx4
Evening,239,30.0,31.5,18.5,3,4,0,True,5,0,0,0,0,2,0,7,straight|cov2|vstr2|hot1|hidden3v|set_chain3|draw_chain4;straight|cov2|vstr2|hot1|hidden3v|set_chain3|draw_chain4,set_chain3|draw_chain4|hot1x5|vstrx2
Evening,234,30.0,31.5,17.5,3,1,0,True,7,0,0,0,0,3,0,14,straight|cov1|hp_repeat5|hot1|hidden3v|vtrac_straight|set_chain3;straight|cov1|hp_repeat5|hot1|hidden3v|vtrac_straight|set_chain3,set_chain3|draw_chain1|hot1x7|vstrx3
Evening,399,34.0,31.0,23.5,3,1,0,False,0,0,0,0,0,0,6,6,straight|cov3|hp_repeat3|vstr2|vstr3|hidden3v|double_mirror|set_chain3;straight|cov2|hp_repeat2|vstr2|hidden3v|double_mirror|set_chain3,set_chain3|draw_chain1|dblmirrorx6
Evening,2339,30.0,31.0,21.5,3,3,0,False,4,0,0,0,0,0,0,15,boxed|cov3|hp_repeat5|vstr2|hot1|perm2|hidden3v|set_chain3;straight|cov2|hp_repeat5|vstr2|hot1|hidden3v|set_chain3,set_chain3|draw_chain3|hot1x4
Evening,0099,5.0,31.0,20.5,1,3,0,False,1,2,3,0,0,2,0,6,boxed|cov3|hp_repeat3|vstr2|hot2|perm2|hidden3v|draw_chain3;boxed|cov2|hp_repeat3|hot2|perm2|hidden3v|draw_chain3,draw_chain3|col1x3|hot1x1|hot2x2|vstrx2
Evening,022499,12.0,31.0,19.5,1,3,0,False,1,2,3,0,0,4,0,6,boxed|cov2|hp_repeat3|mirror|hot2|perm2|hidden3v|draw_chain3;boxed|cov2|hp_repeat3|mirror|hot2|perm2|hidden3v|draw_chain3,draw_chain3|col1x3|hot1x1|hot2x2|vstrx4
Evening,559,5.0,30.5,24.5,2,2,0,False,0,0,0,0,0,0,6,6,straight|cov3|vstr2|vstr3|single_left|hidden3v|double_mirror|set_chain2|draw_chain2;straight|cov3|hp_repeat3|vstr2|vstr3|hidden3v|double_mirror|set_chain2,set_chain2|draw_chain2|dblmirrorx6
Evening,2599,12.0,30.5,21.5,3,4,0,False,1,0,2,0,0,0,0,10,boxed|cov3|hp_repeat2|vstr2|hot1|perm2|hidden3v|set_chain3|draw_chain3;boxed|cov3|hp_repeat2|vstr2|perm2|hidden3v|set_chain3|draw_chain3,set_chain3|draw_chain4|col1x2|hot1x1
Evening,226,20.0,30.5,17.0,3,4,0,False,0,1,0,0,0,3,8,8,straight|cov1|hp_repeat2|hot2|double_mirror|vtrac_straight|set_chain3|draw_chain2;straight|cov1|hp_repeat2|double_mirror|vtrac_straight|set_chain3|draw_chain2,set_chain3|draw_chain4|hot2x1|vstrx3|dblmirrorx8
Evening,244,31.0,29.0,24.0,2,2,0,False,0,0,0,0,0,0,4,4,straight|cov3|vstr2|vstr3|single_left|double_mirror|set_chain2|draw_chain2;straight|cov3|vstr2|vstr3|single_left|double_mirror|set_chain2,set_chain2|draw_chain2|dblmirrorx4
Evening,00899,14.0,29.0,21.5,1,3,0,False,1,1,3,0,0,0,0,3,boxed|cov3|hot2|dom_last|perm3|hidden3v|draw_chain3;boxed|cov2|hot1|perm2|hidden3v|draw_chain3,draw_chain3|col1x3|hot1x1|hot2x1
Evening,059,5.0,28.5,17.5,1,6,0,False,4,0,2,0,0,4,0,13,boxed|cov2|hp_repeat4|mirror|hot1|perm2|hidden3v|draw_chain6;boxed|cov2|hp_repeat4|mirror|hot1|perm2|hidden3v|draw_chain6,draw_chain6|col1x2|hot1x4|vstrx4
Evening,3399,33.0,28.0,23.5,3,1,0,False,0,0,0,0,0,0,0,6,straight|cov3|hp_repeat3|vstr2|vstr3|hidden3v|set_chain3;straight|cov2|hp_repeat2|vstr2|hidden3v|set_chain3,set_chain3|draw_chain1
Evening,3359,14.0,28.0,19.5,3,3,0,False,3,0,0,0,0,0,0,8,straight|cov2|hp_repeat2|vstr2|hot1|hidden3v|set_chain3|draw_chain3;straight|cov2|hp_repeat2|vstr2|hidden3v|set_chain3|draw_chain3,set_chain3|draw_chain3|hot1x3
Evening,2244,28.0,27.5,24.5,2,2,0,False,0,0,0,0,0,0,0,4,straight|cov3|vstr2|vstr3|single_left|hidden3v|set_chain2|draw_chain2;straight|cov3|vstr2|vstr3|single_left|hidden3v|set_chain2,set_chain2|draw_chain2
Evening,008,4.0,27.5,18.0,1,3,0,False,1,1,3,0,0,1,3,3,boxed|cov3|vstr2|hot2|perm2|double_mirror|draw_chain3;boxed|cov3|vstr2|hot1|perm2|double_mirror|draw_chain3,draw_chain3|col1x3|hot1x1|hot2x1|vstrx1|dblmirrorx3
Evening,2233499,30.0,27.0,22.5,3,1,0,False,0,0,0,0,0,0,0,6,boxed|cov3|hp_repeat3|vstr2|mirror|perm2|hidden3v|set_chain3;boxed|cov2|hp_repeat3|mirror|perm2|hidden3v|set_chain3,set_chain3|draw_chain1
Evening,019,9.0,27.0,15.0,1,5,0,False,2,3,0,0,0,3,0,8,boxed|cov2|hp_repeat4|hot1|perm2|draw_chain5;straight|cov1|hp_repeat4|hot1|draw_chain5,draw_chain5|hot1x2|hot2x3|vstrx3
Evening,001,2.0,26.5,18.0,1,3,0,False,0,2,0,0,0,0,6,6,boxed|cov3|hp_repeat3|vstr2|hot2|perm2|double_mirror|draw_chain3;boxed|cov3|hp_repeat2|vstr2|hot2|perm2|double_mirror|draw_chain3,draw_chain3|hot2x2|dblmirrorx6
Evening,2334,30.0,26.5,17.5,3,1,0,False,4,0,0,0,0,1,0,11,straight|cov1|hp_repeat4|hot1|hidden3v|vtrac_straight|set_chain3;straight|cov1|hp_repeat4|hot1|hidden3v|set_chain3,set_chain3|draw_chain1|hot1x4|vstrx1
Evening,3349,33.0,26.5,17.5,3,1,0,False,4,0,0,0,0,1,0,7,straight|cov1|hp_repeat3|mirror|hot1|hidden3v|vtrac_straight|set_chain3;straight|cov1|hp_repeat3|mirror|hot1|hidden3v|set_chain3,set_chain3|draw_chain1|hot1x4|vstrx1
Evening,2246,22.0,26.5,17.0,3,4,0,False,0,1,0,0,0,3,0,8,straight|cov1|hp_repeat2|hot2|vtrac_straight|set_chain3|draw_chain2;straight|cov1|hp_repeat2|vtrac_straight|set_chain3|draw_chain2,set_chain3|draw_chain4|hot2x1|vstrx3
Evening,005,1.0,26.5,16.0,1,4,0,False,1,0,2,0,0,5,6,6,straight|cov1|hp_repeat2|mirror|hot1|double_mirror|vtrac_straight|draw_chain4;straight|cov1|hp_repeat2|mirror|double_mirror|vtrac_straight|draw_chain4,draw_chain4|col1x2|hot1x1|vstrx5|dblmirrorx6
Evening,5599,5.0,26.0,23.5,2,1,0,False,0,0,0,0,0,0,0,3,straight|cov3|vstr2|vstr3|single_left|hidden3v|set_chain2;straight|cov3|hp_repeat2|vstr2|vstr3|hidden3v|set_chain2,set_chain2|draw_chain1
Evening,228,27.0,26.0,15.5,1,3,0,False,1,1,3,0,0,3,3,3,straight|cov1|hot2|hidden3v|double_mirror|vtrac_straight|draw_chain3;straight|cov1|hot1|hidden3v|double_mirror|vtrac_straight|draw_chain3,draw_chain3|col1x3|hot1x1|hot2x1|vstrx3|dblmirrorx3
Evening,022,10.0,25.0,15.5,1,1,0,False,1,2,1,0,0,3,3,3,straight|cov1|hp_repeat3|hot2|hidden3v|double_mirror|vtrac_straight;straight|cov1|hp_repeat3|hot2|hidden3v|double_mirror|vtrac_straight,draw_chain1|col1x1|hot1x1|hot2x2|vstrx3|dblmirrorx3
Evening,338,32.0,24.5,18.0,3,1,0,False,0,0,0,0,0,0,4,4,boxed|cov3|hp_repeat2|vstr2|mirror|perm2|double_mirror|set_chain3;boxed|cov3|hp_repeat2|vstr2|mirror|perm2|double_mirror|set_chain3,set_chain3|draw_chain1|dblmirrorx4
Evening,336,23.0,24.5,17.0,3,2,0,False,0,0,0,0,0,0,5,5,boxed|cov3|hp_repeat2|vstr2|perm2|double_mirror|set_chain3;boxed|cov3|vstr2|perm2|double_mirror|set_chain3,set_chain3|draw_chain2|dblmirrorx5
Evening,0899,14.0,24.5,15.5,1,3,0,False,1,1,3,0,0,3,0,3,straight|cov1|hot2|hidden3v|vtrac_straight|draw_chain3;straight|cov1|hot1|hidden3v|vtrac_straight|draw_chain3,draw_chain3|col1x3|hot1x1|hot2x1|vstrx3
Evening,2248,30.0,24.5,15.5,1,3,0,False,1,1,3,0,0,3,0,3,straight|cov1|hot2|hidden3v|vtrac_straight|draw_chain3;straight|cov1|hot1|hidden3v|vtrac_straight|draw_chain3,draw_chain3|col1x3|hot1x1|hot2x1|vstrx3
Evening,223399,30.0,24.0,19.5,3,1,0,False,0,0,0,0,0,0,0,6,straight|cov2|hp_repeat3|vstr2|hidden3v|set_chain3;straight|cov1|hp_repeat3|hidden3v|set_chain3,set_chain3|draw_chain1
Evening,00229,12.0,24.0,18.5,1,1,0,False,0,2,1,0,0,0,0,2,boxed|cov3|hp_repeat2|vstr2|hot2|perm2|hidden3v;boxed|cov2|hp_repeat2|hot2|perm2|hidden3v,draw_chain1|col1x1|hot2x2
Evening,6899,24.0,24.0,16.0,3,2,0,False,0,1,0,0,0,2,0,5,straight|cov1|hp_repeat2|hot2|vtrac_straight|set_chain3;straight|cov1|hp_repeat2|vtrac_straight|set_chain3,set_chain3|draw_chain2|hot2x1|vstrx2
Evening,349,34.0,24.0,14.5,3,1,0,True,3,0,0,0,0,2,0,3,straight|cov1|mirror|hot1|hidden3v|vtrac_straight|set_chain3;straight|cov1|mirror|hot1|hidden3v|vtrac_straight|set_chain3,set_chain3|draw_chain1|hot1x3|vstrx2
Evening,1229,22.0,24.0,14.0,1,3,0,False,2,2,0,0,0,5,0,5,straight|cov1|hp_repeat2|hot2|vtrac_straight|draw_chain3;straight|cov1|hp_repeat2|hot2|vtrac_straight|draw_chain3,draw_chain3|hot1x2|hot2x2|vstrx5
Evening,0049,5.0,23.5,16.5,1,1,0,False,0,2,1,0,0,3,0,3,straight|cov1|hp_repeat3|mirror|hot2|hidden3v|vtrac_straight;straight|cov1|hp_repeat3|mirror|hot2|hidden3v|vtrac_straight,draw_chain1|col1x1|hot2x2|vstrx3
Evening,0059,5.0,23.5,16.5,1,4,0,False,1,0,2,0,0,4,0,6,straight|cov1|hp_repeat2|mirror|hot1|hidden3v|vtrac_straight|draw_chain4;straight|cov1|hp_repeat2|mirror|hidden3v|vtrac_straight|draw_chain4,draw_chain4|col1x2|hot1x1|vstrx4
Evening,049,15.0,23.5,15.5,1,1,0,False,1,2,1,0,0,3,0,3,straight|cov1|hp_repeat3|mirror|hot2|hidden3v|vtrac_straight;straight|cov1|hp_repeat3|mirror|hot2|hidden3v|vtrac_straight,draw_chain1|col1x1|hot1x1|hot2x2|vstrx3
Evening,33899,33.0,23.0,18.5,3,1,0,False,0,0,0,0,0,0,0,4,straight|cov2|hp_repeat2|vstr2|mirror|hidden3v|set_chain3;straight|cov1|hp_repeat2|mirror|hidden3v|set_chain3,set_chain3|draw_chain1
Evening,33599,14.0,23.0,18.5,3,1,0,False,0,0,0,0,0,0,0,6,straight|cov2|hp_repeat3|vstr2|hidden3v|set_chain3;straight|cov1|hp_repeat3|hidden3v|set_chain3,set_chain3|draw_chain1
Evening,23399,30.0,23.0,18.5,3,1,0,False,0,0,0,0,0,0,0,6,straight|cov2|hp_repeat3|vstr2|hidden3v|set_chain3;straight|cov1|hp_repeat3|hidden3v|set_chain3,set_chain3|draw_chain1
Evening,02259,12.0,23.0,18.5,1,3,0,False,3,0,0,0,0,0,0,8,boxed|cov3|hp_repeat3|mirror|hot1|perm3|hidden3v|draw_chain3;boxed|cov2|hp_repeat3|mirror|hot1|perm2|hidden3v|draw_chain3,draw_chain3|hot1x3
Evening,00224599,12.0,23.0,18.5,1,3,0,False,1,0,2,0,0,0,0,4,boxed|cov2|hp_repeat2|mirror|hot1|perm2|hidden3v|draw_chain3;boxed|cov2|hp_repeat2|mirror|perm2|hidden3v|draw_chain3,draw_chain3|col1x2|hot1x1
Evening,0029,12.0,23.0,17.5,1,1,0,False,0,2,1,0,0,0,0,2,boxed|cov3|hp_repeat2|vstr2|hot2|perm2|hidden3v;boxed|cov2|hp_repeat2|hot2|perm2|hidden3v,draw_chain1|col1x1|hot2x2
Evening,00249,12.0,23.0,16.5,1,1,0,False,0,2,1,0,0,2,0,2,straight|cov1|hp_repeat2|mirror|hot2|hidden3v|vtrac_straight;straight|cov1|hp_repeat2|mirror|hot2|hidden3v|vtrac_straight,draw_chain1|col1x1|hot2x2|vstrx2
Evening,33459,14.0,23.0,15.5,3,1,0,False,3,0,0,0,0,0,0,5,straight|cov1|hp_repeat2|mirror|hot1|hidden3v|set_chain3;straight|cov1|hp_repeat2|mirror|hot1|hidden3v|set_chain3,set_chain3|draw_chain1|hot1x3
Evening,12249,22.0,23.0,15.0,1,2,0,False,1,2,0,0,0,4,0,4,straight|cov1|hp_repeat2|mirror|hot2|vtrac_straight|draw_chain2;straight|cov1|hp_repeat2|mirror|hot2|vtrac_straight|draw_chain2,draw_chain2|hot1x1|hot2x2|vstrx4
Evening,689,24.0,23.0,15.0,3,2,0,False,0,1,0,0,0,2,0,5,straight|cov1|hp_repeat2|hot2|vtrac_straight|set_chain3;straight|cov1|hp_repeat2|vtrac_straight|set_chain3,set_chain3|draw_chain2|hot2x1|vstrx2
Evening,0048,14.0,23.0,14.5,1,3,0,False,1,1,3,0,0,2,0,3,boxed|cov2|hot2|perm2|hidden3v|draw_chain3;straight|cov1|hot1|hidden3v|vtrac_straight|draw_chain3,draw_chain3|col1x3|hot1x1|hot2x1|vstrx2
Evening,0089,14.0,23.0,14.5,1,3,0,False,1,1,3,0,0,2,0,3,boxed|cov2|hot2|perm2|hidden3v|draw_chain3;straight|cov1|hot1|hidden3v|vtrac_straight|draw_chain3,draw_chain3|col1x3|hot1x1|hot2x1|vstrx2
Evening,129,22.0,23.0,13.0,1,3,0,False,2,2,0,0,0,5,0,5,straight|cov1|hp_repeat2|hot2|vtrac_straight|draw_chain3;straight|cov1|hp_repeat2|hot2|vtrac_straight|draw_chain3,draw_chain3|hot1x2|hot2x2|vstrx5
Evening,00458899,14.0,22.5,17.5,1,2,0,False,1,0,2,0,0,2,0,2,straight|cov1|mirror|hot1|hidden3v|vtrac_straight|draw_chain2;straight|cov1|mirror|hidden3v|vtrac_straight|draw_chain2,draw_chain2|col1x2|hot1x1|vstrx2
Evening,011,6.0,22.5,17.0,1,3,0,False,1,0,0,0,0,0,6,6,boxed|cov3|hp_repeat3|vstr2|hot1|perm2|double_mirror|draw_chain3;boxed|cov3|hp_repeat3|vstr2|perm2|double_mirror|draw_chain3,draw_chain3|hot1x1|dblmirrorx6
Evening,014,9.0,22.5,14.0,1,3,0,False,2,2,0,0,0,2,0,9,boxed|cov2|hp_repeat4|hot2|perm2|draw_chain3;boxed|cov2|hp_repeat4|hot1|perm2|draw_chain3,draw_chain3|hot1x2|hot2x2|vstrx2
Evening,22334899,30.0,22.0,17.5,3,1,0,False,0,0,0,0,0,0,0,3,boxed|cov2|mirror|perm2|hidden3v|set_chain3;straight|cov1|mirror|hidden3v|set_chain3,set_chain3|draw_chain1
Evening,3899,33.0,22.0,17.5,3,1,0,False,0,0,0,0,0,0,0,4,straight|cov2|hp_repeat2|vstr2|mirror|hidden3v|set_chain3;straight|cov1|hp_repeat2|mirror|hidden3v|set_chain3,set_chain3|draw_chain1
Evening,3389,33.0,22.0,17.5,3,1,0,False,0,0,0,0,0,0,0,4,straight|cov2|hp_repeat2|vstr2|mirror|hidden3v|set_chain3;straight|cov1|hp_repeat2|mirror|hidden3v|set_chain3,set_chain3|draw_chain1
Evening,3599,14.0,22.0,17.5,3,1,0,False,0,0,0,0,0,0,0,6,straight|cov2|hp_repeat3|vstr2|hidden3v|set_chain3;straight|cov1|hp_repeat3|hidden3v|set_chain3,set_chain3|draw_chain1
Evening,0224599,12.0,22.0,17.5,1,3,0,False,1,0,2,0,0,0,0,4,boxed|cov2|hp_repeat2|mirror|hot1|perm2|hidden3v|draw_chain3;boxed|cov2|hp_repeat2|mirror|perm2|hidden3v|draw_chain3,draw_chain3|col1x2|hot1x1
Evening,0022599,12.0,22.0,17.5,1,3,0,False,1,0,2,0,0,0,0,4,boxed|cov2|hp_repeat2|mirror|hot1|perm2|hidden3v|draw_chain3;boxed|cov2|hp_repeat2|mirror|perm2|hidden3v|draw_chain3,draw_chain3|col1x2|hot1x1
Evening,0249,12.0,22.0,15.5,1,1,0,False,0,2,1,0,0,2,0,2,straight|cov1|hp_repeat2|mirror|hot2|hidden3v|vtrac_straight;straight|cov1|hp_repeat2|mirror|hot2|hidden3v|vtrac_straight,draw_chain1|col1x1|hot2x2|vstrx2
Evening,114,19.0,22.0,14.0,1,3,0,True,1,0,0,0,0,3,6,6,straight|cov1|hp_repeat3|hot1|double_mirror|vtrac_straight|draw_chain3;straight|cov1|hp_repeat2|double_mirror|vtrac_straight|draw_chain3,draw_chain3|hot1x1|vstrx3|dblmirrorx6
Evening,119,19.0,22.0,14.0,1,3,0,True,1,0,0,0,0,3,6,6,straight|cov1|hp_repeat3|hot1|double_mirror|vtrac_straight|draw_chain3;straight|cov1|hp_repeat2|double_mirror|vtrac_straight|draw_chain3,draw_chain3|hot1x1|vstrx3|dblmirrorx6
Evening,0048899,14.0,21.5,16.5,1,2,0,False,1,0,2,0,0,2,0,2,straight|cov1|mirror|hot1|hidden3v|vtrac_straight|draw_chain2;straight|cov1|mirror|hidden3v|vtrac_straight|draw_chain2,draw_chain2|col1x2|hot1x1|vstrx2
Evening,2248899,30.0,21.5,16.5,1,2,0,False,1,0,2,0,0,2,0,2,straight|cov1|mirror|hot1|hidden3v|vtrac_straight|draw_chain2;straight|cov1|mirror|hidden3v|vtrac_straight|draw_chain2,draw_chain2|col1x2|hot1x1|vstrx2
Evening,022459,12.0,21.0,17.5,1,3,0,False,2,0,0,0,0,0,0,5,boxed|cov3|mirror|hot1|perm3|hidden3v|draw_chain3;straight|cov1|hp_repeat3|mirror|hot1|hidden3v|draw_chain3,draw_chain3|hot1x2
Evening,2233489,30.0,21.0,16.5,3,1,0,False,0,0,0,0,0,0,0,3,boxed|cov2|mirror|perm2|hidden3v|set_chain3;straight|cov1|mirror|hidden3v|set_chain3,set_chain3|draw_chain1
Evening,389,33.0,21.0,16.5,3,1,0,False,0,0,0,0,0,0,0,4,straight|cov2|hp_repeat2|vstr2|mirror|hidden3v|set_chain3;straight|cov1|hp_repeat2|mirror|hidden3v|set_chain3,set_chain3|draw_chain1
Evening,022599,12.0,21.0,16.5,1,3,0,False,1,0,2,0,0,0,0,4,boxed|cov2|hp_repeat2|mirror|hot1|perm2|hidden3v|draw_chain3;boxed|cov2|hp_repeat2|mirror|perm2|hidden3v|draw_chain3,draw_chain3|col1x2|hot1x1
Evening,002599,12.0,21.0,16.5,1,3,0,False,1,0,2,0,0,0,0,4,boxed|cov2|hp_repeat2|mirror|hot1|perm2|hidden3v|draw_chain3;boxed|cov2|hp_repeat2|mirror|perm2|hidden3v|draw_chain3,draw_chain3|col1x2|hot1x1
Evening,002299,12.0,21.0,15.5,1,1,0,False,0,2,1,0,0,0,0,2,boxed|cov2|hp_repeat2|hot2|perm2|hidden3v;boxed|cov2|hp_repeat2|hot2|perm2|hidden3v,draw_chain1|col1x1|hot2x2
Evening,0014,9.0,21.0,14.0,1,3,0,False,0,2,0,0,0,3,0,6,boxed|cov2|hp_repeat3|hot2|perm2|draw_chain3;straight|cov1|hp_repeat2|hot2|vtrac_straight|draw_chain3,draw_chain3|hot2x2|vstrx3
Evening,223449,30.0,20.5,17.5,2,2,0,False,0,0,0,0,0,0,0,3,straight|cov2|vstr2|mirror|hidden3v|set_chain2|draw_chain2;straight|cov2|vstr2|mirror|hidden3v|set_chain2|draw_chain2,set_chain2|draw_chain2
Evening,004899,14.0,20.5,16.5,1,1,0,False,0,1,1,0,0,1,0,1,straight|cov1|mirror|hot2|hidden3v|vtrac_straight,draw_chain1|col1x1|hot2x1|vstrx1
Evening,224899,30.0,20.5,16.5,1,1,0,False,0,1,1,0,0,1,0,1,straight|cov1|mirror|hot2|hidden3v|vtrac_straight,draw_chain1|col1x1|hot2x1|vstrx1
Evening,3368,23.0,20.5,16.0,3,1,0,False,0,0,0,0,0,0,0,3,boxed|cov3|mirror|perm3|set_chain3;boxed|cov3|mirror|perm3|set_chain3,set_chain3|draw_chain1
Evening,004889,14.0,20.5,15.5,1,2,0,False,1,0,2,0,0,2,0,2,straight|cov1|mirror|hot1|hidden3v|vtrac_straight|draw_chain2;straight|cov1|mirror|hidden3v|vtrac_straight|draw_chain2,draw_chain2|col1x2|hot1x1|vstrx2
Evening,224889,30.0,20.5,15.5,1,2,0,False,1,0,2,0,0,2,0,2,straight|cov1|mirror|hot1|hidden3v|vtrac_straight|draw_chain2;straight|cov1|mirror|hidden3v|vtrac_straight|draw_chain2,draw_chain2|col1x2|hot1x1|vstrx2
Evening,088,13.0,20.5,15.0,1,2,0,False,1,0,2,0,0,1,2,2,boxed|cov3|vstr2|hot1|perm2|double_mirror|draw_chain2;straight|cov2|vstr2|double_mirror|vtrac_straight|draw_chain2,draw_chain2|col1x2|hot1x1|vstrx1|dblmirrorx2
Evening,488,33.0,20.5,13.5,1,2,0,False,1,0,2,0,0,3,3,3,straight|cov1|hp_repeat2|hot1|hidden3v|double_mirror|vtrac_straight|draw_chain2;straight|cov1|hp_repeat2|hidden3v|double_mirror|vtrac_straight|draw_chain2,draw_chain2|col1x2|hot1x1|vstrx3|dblmirrorx3
Evening,889,33.0,20.5,13.5,1,2,0,False,1,0,2,0,0,3,3,3,straight|cov1|hp_repeat2|hot1|hidden3v|double_mirror|vtrac_straight|draw_chain2;straight|cov1|hp_repeat2|hidden3v|double_mirror|vtrac_straight|draw_chain2,draw_chain2|col1x2|hot1x1|vstrx3|dblmirrorx3
Evening,223499,30.0,20.0,15.5,3,1,0,False,0,0,0,0,0,0,0,5,straight|cov1|hp_repeat2|mirror|hidden3v|set_chain3;straight|cov1|hp_repeat2|mirror|hidden3v|set_chain3,set_chain3|draw_chain1
Evening,223348,30.0,20.0,15.5,3,1,0,False,0,0,0,0,0,0,0,3,boxed|cov2|mirror|perm2|hidden3v|set_chain3;straight|cov1|mirror|hidden3v|set_chain3,set_chain3|draw_chain1
Evening,02599,12.0,20.0,15.5,1,3,0,False,1,0,2,0,0,0,0,4,boxed|cov2|hp_repeat2|mirror|hot1|perm2|hidden3v|draw_chain3;boxed|cov2|hp_repeat2|mirror|perm2|hidden3v|draw_chain3,draw_chain3|col1x2|hot1x1
Evening,00599,5.0,20.0,15.5,1,3,0,False,1,0,2,0,0,0,0,4,boxed|cov2|hp_repeat2|mirror|hot1|perm2|hidden3v|draw_chain3;boxed|cov2|hp_repeat2|mirror|perm2|hidden3v|draw_chain3,draw_chain3|col1x2|hot1x1
Evening,0058899,14.0,20.0,15.5,1,2,0,False,1,0,2,0,0,1,0,2,boxed|cov2|mirror|hot1|perm2|hidden3v|draw_chain2;straight|cov1|mirror|hidden3v|vtrac_straight|draw_chain2,draw_chain2|col1x2|hot1x1|vstrx1
Evening,02299,12.0,20.0,14.5,1,1,0,False,0,2,1,0,0,0,0,2,boxed|cov2|hp_repeat2|hot2|perm2|hidden3v;boxed|cov2|hp_repeat2|hot2|perm2|hidden3v,draw_chain1|col1x1|hot2x2
Evening,00299,12.0,20.0,14.5,1,1,0,False,0,2,1,0,0,0,0,2,boxed|cov2|hp_repeat2|hot2|perm2|hidden3v;boxed|cov2|hp_repeat2|hot2|perm2|hidden3v,draw_chain1|col1x1|hot2x2
Evening,22344,30.0,19.5,16.5,2,2,0,False,0,0,0,0,0,0,0,4,straight|cov2|hp_repeat2|vstr2|hidden3v|set_chain2|draw_chain2;straight|cov2|vstr2|hidden3v|set_chain2|draw_chain2,set_chain2|draw_chain2
Evening,00489,14.0,19.5,15.5,1,1,0,False,0,1,1,0,0,1,0,1,straight|cov1|mirror|hot2|hidden3v|vtrac_straight,draw_chain1|col1x1|hot2x1|vstrx1
Evening,22489,30.0,19.5,15.5,1,1,0,False,0,1,1,0,0,1,0,1,straight|cov1|mirror|hot2|hidden3v|vtrac_straight,draw_chain1|col1x1|hot2x1|vstrx1
Evening,336899,24.0,19.5,15.0,3,1,0,False,0,0,0,0,0,0,0,3,boxed|cov2|mirror|perm2|set_chain3;boxed|cov2|mirror|perm2|set_chain3,set_chain3|draw_chain1
Evening,3346899,24.0,19.5,15.0,3,1,0,False,0,0,0,0,0,0,0,3,straight|cov1|mirror|set_chain3;straight|cov1|mirror|set_chain3,set_chain3|draw_chain1
Evening,0088,4.0,19.5,15.0,1,2,0,False,1,0,2,0,0,1,0,2,boxed|cov3|vstr2|hot1|perm2|draw_chain2;straight|cov2|vstr2|vtrac_straight|draw_chain2,draw_chain2|col1x2|hot1x1|vstrx1
Evening,228899,30.0,19.5,14.5,1,2,0,False,1,0,2,0,0,2,0,2,straight|cov1|hot1|hidden3v|vtrac_straight|draw_chain2;straight|cov1|hidden3v|vtrac_straight|draw_chain2,draw_chain2|col1x2|hot1x1|vstrx2
Evening,3348,33.0,19.0,14.5,3,1,0,False,0,0,0,0,0,0,0,4,boxed|cov2|hp_repeat2|mirror|perm2|hidden3v|set_chain3;boxed|cov2|hp_repeat2|mirror|perm2|hidden3v|set_chain3,set_chain3|draw_chain1
Evening,0259,12.0,19.0,14.5,1,3,0,False,3,0,0,0,0,0,0,8,boxed|cov2|hp_repeat3|mirror|hot1|perm2|hidden3v|draw_chain3;boxed|cov2|hp_repeat3|mirror|hot1|perm2|hidden3v|draw_chain3,draw_chain3|hot1x3
Evening,0599,5.0,19.0,14.5,1,3,0,False,1,0,2,0,0,0,0,4,boxed|cov2|hp_repeat2|mirror|hot1|perm2|hidden3v|draw_chain3;boxed|cov2|hp_repeat2|mirror|perm2|hidden3v|draw_chain3,draw_chain3|col1x2|hot1x1
Evening,005899,14.0,19.0,14.5,1,2,0,False,1,0,2,0,0,1,0,2,boxed|cov2|mirror|hot1|perm2|hidden3v|draw_chain2;straight|cov1|mirror|hidden3v|vtrac_straight|draw_chain2,draw_chain2|col1x2|hot1x1|vstrx1
Evening,0119,9.0,19.0,14.0,1,3,0,True,1,0,0,0,0,3,0,6,straight|cov1|hp_repeat3|hot1|vtrac_straight|draw_chain3;straight|cov1|hp_repeat2|vtrac_straight|draw_chain3,draw_chain3|hot1x1|vstrx3
Evening,0299,12.0,19.0,13.5,1,1,0,False,0,2,1,0,0,0,0,2,boxed|cov2|hp_repeat2|hot2|perm2|hidden3v;boxed|cov2|hp_repeat2|hot2|perm2|hidden3v,draw_chain1|col1x1|hot2x2
Evening,8899,33.0,19.0,13.5,1,2,0,False,1,0,2,0,0,3,0,3,straight|cov1|hp_repeat2|hot1|hidden3v|vtrac_straight|draw_chain2;straight|cov1|hp_repeat2|hidden3v|vtrac_straight|draw_chain2,draw_chain2|col1x2|hot1x1|vstrx3
Evening,015,2.0,19.0,13.0,1,2,0,True,3,0,0,0,0,2,0,6,straight|cov1|hp_repeat3|mirror|hot1|vtrac_straight|draw_chain2;straight|cov1|hp_repeat3|mirror|hot1|vtrac_straight|draw_chain2,draw_chain2|hot1x3|vstrx2
Evening,006,2.0,19.0,13.0,1,2,0,False,0,1,0,0,0,3,3,3,straight|cov1|hp_repeat2|hot2|double_mirror|vtrac_straight|draw_chain2;straight|cov1|hp_repeat2|double_mirror|vtrac_straight|draw_chain2,draw_chain2|hot2x1|vstrx3|dblmirrorx3
Evening,199,25.0,19.0,13.0,1,2,0,False,0,1,0,0,0,3,3,3,straight|cov1|hp_repeat2|hot2|double_mirror|vtrac_straight|draw_chain2;straight|cov1|hp_repeat2|double_mirror|vtrac_straight|draw_chain2,draw_chain2|hot2x1|vstrx3|dblmirrorx3
Evening,33559,14.0,18.5,15.5,2,2,0,False,0,0,0,0,0,0,0,3,straight|cov2|vstr2|hidden3v|set_chain2|draw_chain2;straight|cov2|vstr2|hidden3v|set_chain2,set_chain2|draw_chain2
Evening,22899,30.0,18.5,14.5,1,1,0,False,0,1,1,0,0,1,0,1,straight|cov1|hot2|hidden3v|vtrac_straight,draw_chain1|col1x1|hot2x1|vstrx1
Evening,33468,24.0,18.5,14.0,3,1,0,False,0,0,0,0,0,0,0,3,boxed|cov2|mirror|perm2|set_chain3;boxed|cov2|mirror|perm2|set_chain3,set_chain3|draw_chain1
Evening,33689,24.0,18.5,14.0,3,1,0,False,0,0,0,0,0,0,0,3,boxed|cov2|mirror|perm2|set_chain3;boxed|cov2|mirror|perm2|set_chain3,set_chain3|draw_chain1
Evening,334689,24.0,18.5,14.0,3,1,0,False,0,0,0,0,0,0,0,3,straight|cov1|mirror|set_chain3;straight|cov1|mirror|set_chain3,set_chain3|draw_chain1
Evening,223368,21.0,18.5,14.0,3,1,0,False,0,0,0,0,0,0,0,3,straight|cov1|mirror|set_chain3;straight|cov1|mirror|set_chain3,set_chain3|draw_chain1
Evening,0159,9.0,18.5,14.0,1,2,0,False,3,0,0,0,0,1,0,6,straight|cov1|hp_repeat3|mirror|hot1|vtrac_straight|draw_chain2;boxed|cov2|hp_repeat3|mirror|hot1|perm2|draw_chain2,draw_chain2|hot1x3|vstrx1
Evening,00699,9.0,18.5,14.0,1,2,0,False,0,1,0,0,0,3,0,3,straight|cov1|hp_repeat2|hot2|vtrac_straight|draw_chain2;straight|cov1|hp_repeat2|vtrac_straight|draw_chain2,draw_chain2|hot2x1|vstrx3
Evening,3459,14.0,18.5,13.5,2,1,0,False,2,0,0,0,0,1,0,2,straight|cov1|mirror|hot1|hidden3v|vtrac_straight|set_chain2;straight|cov1|mirror|hot1|hidden3v|set_chain2,set_chain2|draw_chain1|hot1x2|vstrx1
Evening,00889,14.0,18.5,13.5,1,2,0,False,1,0,2,0,0,2,0,2,straight|cov1|hot1|hidden3v|vtrac_straight|draw_chain2;straight|cov1|hidden3v|vtrac_straight|draw_chain2,draw_chain2|col1x2|hot1x1|vstrx2
Evening,08899,14.0,18.5,13.5,1,2,0,False,1,0,2,0,0,2,0,2,straight|cov1|hot1|hidden3v|vtrac_straight|draw_chain2;straight|cov1|hidden3v|vtrac_straight|draw_chain2,draw_chain2|col1x2|hot1x1|vstrx2
Evening,28899,30.0,18.5,13.5,1,2,0,False,1,0,2,0,0,2,0,2,straight|cov1|hot1|hidden3v|vtrac_straight|draw_chain2;straight|cov1|hidden3v|vtrac_straight|draw_chain2,draw_chain2|col1x2|hot1x1|vstrx2
Evening,22889,30.0,18.5,13.5,1,2,0,False,1,0,2,0,0,2,0,2,straight|cov1|hot1|hidden3v|vtrac_straight|draw_chain2;straight|cov1|hidden3v|vtrac_straight|draw_chain2,draw_chain2|col1x2|hot1x1|vstrx2
Evening,22488,30.0,18.5,13.5,1,2,0,False,1,0,2,0,0,2,0,2,straight|cov1|hot1|hidden3v|vtrac_straight|draw_chain2;straight|cov1|hidden3v|vtrac_straight|draw_chain2,draw_chain2|col1x2|hot1x1|vstrx2
Evening,288,29.0,18.5,12.5,1,2,0,False,1,0,2,0,0,2,2,2,straight|cov1|hot1|hidden3v|double_mirror|vtrac_straight|draw_chain2;straight|cov1|hidden3v|double_mirror|vtrac_straight|draw_chain2,draw_chain2|col1x2|hot1x1|vstrx2|dblmirrorx2
Evening,699,25.0,18.5,12.0,3,1,0,False,0,0,0,0,0,0,4,4,straight|cov1|hp_repeat2|double_mirror|set_chain3;straight|cov1|hp_repeat2|double_mirror|set_chain3,set_chain3|draw_chain1|dblmirrorx4
Evening,112249,22.0,18.0,14.0,1,2,0,True,1,0,0,0,0,2,0,2,straight|cov1|mirror|hot1|vtrac_straight|draw_chain2;straight|cov1|mirror|vtrac_straight|draw_chain2,draw_chain2|hot1x1|vstrx2
Evening,00159,9.0,18.0,14.0,1,3,0,True,0,0,0,0,0,3,0,4,straight|cov1|hp_repeat2|mirror|vtrac_straight|draw_chain3;straight|cov1|mirror|vtrac_straight|draw_chain3,draw_chain3|vstrx3
Evening,23348,30.0,18.0,13.5,3,1,0,False,0,0,0,0,0,0,0,3,straight|cov1|mirror|hidden3v|set_chain3;straight|cov1|mirror|hidden3v|set_chain3,set_chain3|draw_chain1
Evening,22336,21.0,18.0,13.0,3,2,0,False,0,0,0,0,0,0,0,5,straight|cov1|hp_repeat2|set_chain3;straight|cov1|hp_repeat2|set_chain3,set_chain3|draw_chain2
Evening,0019,9.0,18.0,12.0,1,3,0,False,0,2,0,0,0,1,0,3,boxed|cov2|hot2|perm2|draw_chain3;boxed|cov2|hot2|perm2|draw_chain3,draw_chain3|hot2x2|vstrx1
Evening,3559,14.0,17.5,14.5,2,2,0,False,0,0,0,0,0,0,0,3,straight|cov2|vstr2|hidden3v|set_chain2|draw_chain2;straight|cov2|vstr2|hidden3v|set_chain2,set_chain2|draw_chain2
Evening,005889,14.0,17.5,14.5,1,1,0,False,1,0,1,0,0,1,0,1,straight|cov1|mirror|hot1|hidden3v|vtrac_straight,draw_chain1|col1x1|hot1x1|vstrx1
Evening,00149,9.0,17.5,14.0,1,1,0,False,0,1,0,0,0,2,0,2,straight|cov1|hp_repeat2|mirror|hot2|vtrac_straight;straight|cov1|hp_repeat2|mirror|vtrac_straight,draw_chain1|hot2x1|vstrx2
Evening,16899,24.0,17.5,14.0,1,1,0,False,0,1,0,0,0,2,0,2,straight|cov1|hp_repeat2|mirror|hot2|vtrac_straight;straight|cov1|hp_repeat2|mirror|vtrac_straight,draw_chain1|hot2x1|vstrx2
Evening,2899,30.0,17.5,13.5,1,1,0,False,0,1,1,0,0,1,0,1,straight|cov1|hot2|hidden3v|vtrac_straight,draw_chain1|col1x1|hot2x1|vstrx1
Evening,2289,30.0,17.5,13.5,1,1,0,False,0,1,1,0,0,1,0,1,straight|cov1|hot2|hidden3v|vtrac_straight,draw_chain1|col1x1|hot2x1|vstrx1
Evening,008899,14.0,17.5,13.5,1,2,0,False,1,0,2,0,0,0,0,2,boxed|cov2|hot1|perm2|hidden3v|draw_chain2;boxed|cov2|perm2|hidden3v|draw_chain2,draw_chain2|col1x2|hot1x1
Evening,36899,24.0,17.5,13.0,3,1,0,False,0,0,0,0,0,0,0,3,straight|cov1|mirror|set_chain3;straight|cov1|mirror|set_chain3,set_chain3|draw_chain1
Evening,23368,21.0,17.5,13.0,3,1,0,False,0,0,0,0,0,0,0,3,straight|cov1|mirror|set_chain3;straight|cov1|mirror|set_chain3,set_chain3|draw_chain1
Evening,0149,9.0,17.5,13.0,1,1,0,False,1,1,0,0,0,2,0,2,straight|cov1|hp_repeat2|mirror|hot2|vtrac_straight;straight|cov1|hp_repeat2|mirror|hot1|vtrac_straight,draw_chain1|hot1x1|hot2x1|vstrx2
Evening,0069,9.0,17.5,13.0,1,2,0,False,0,1,0,0,0,3,0,3,straight|cov1|hp_repeat2|hot2|vtrac_straight|draw_chain2;straight|cov1|hp_repeat2|vtrac_straight|draw_chain2,draw_chain2|hot2x1|vstrx3
Evening,0068,8.0,17.5,13.0,1,2,0,False,0,1,0,0,0,3,0,3,straight|cov1|hp_repeat2|hot2|vtrac_straight|draw_chain2;straight|cov1|hp_repeat2|vtrac_straight|draw_chain2,draw_chain2|hot2x1|vstrx3
Evening,1899,24.0,17.5,13.0,1,2,0,False,0,1,0,0,0,3,0,3,straight|cov1|hp_repeat2|hot2|vtrac_straight|draw_chain2;straight|cov1|hp_repeat2|vtrac_straight|draw_chain2,draw_chain2|hot2x1|vstrx3
Evening,2268,21.0,17.5,13.0,1,2,0,False,0,1,0,0,0,3,0,3,straight|cov1|hp_repeat2|hot2|vtrac_straight|draw_chain2;straight|cov1|hp_repeat2|vtrac_straight|draw_chain2,draw_chain2|hot2x1|vstrx3
Evening,0488,14.0,17.5,12.5,1,2,0,False,1,0,2,0,0,2,0,2,straight|cov1|hot1|hidden3v|vtrac_straight|draw_chain2;straight|cov1|hidden3v|vtrac_straight|draw_chain2,draw_chain2|col1x2|hot1x1|vstrx2
Evening,2889,30.0,17.5,12.5,1,2,0,False,1,0,2,0,0,2,0,2,straight|cov1|hot1|hidden3v|vtrac_straight|draw_chain2;straight|cov1|hidden3v|vtrac_straight|draw_chain2,draw_chain2|col1x2|hot1x1|vstrx2
Evening,2288,27.0,17.5,12.5,1,2,0,False,1,0,2,0,0,2,0,2,straight|cov1|hot1|hidden3v|vtrac_straight|draw_chain2;straight|cov1|hidden3v|vtrac_straight|draw_chain2,draw_chain2|col1x2|hot1x1|vstrx2
Evening,255,3.0,17.5,11.5,2,2,0,False,0,0,0,0,0,0,6,6,straight|cov1|hp_repeat3|hidden3v|double_mirror|set_chain2;straight|cov1|hp_repeat3|hidden3v|double_mirror|set_chain2,set_chain2|draw_chain2|dblmirrorx6
Evening,455,5.0,17.5,11.5,2,2,0,False,0,0,0,0,0,0,6,6,straight|cov1|hp_repeat3|hidden3v|double_mirror|set_chain2;straight|cov1|hp_repeat3|hidden3v|double_mirror|set_chain2,set_chain2|draw_chain2|dblmirrorx6
Evening,2233449,30.0,17.0,14.5,2,1,0,False,0,0,0,0,0,0,0,2,boxed|cov2|mirror|perm2|hidden3v|set_chain2;straight|cov1|mirror|hidden3v|set_chain2,set_chain2|draw_chain1
Evening,2245599,12.0,17.0,14.5,2,1,0,False,0,0,0,0,0,0,0,3,straight|cov1|hp_repeat2|mirror|hidden3v|set_chain2;straight|cov1|hp_repeat2|mirror|hidden3v|set_chain2,set_chain2|draw_chain1
Evening,0359,14.0,17.0,14.5,1,3,0,False,1,0,0,0,0,0,0,6,boxed|cov2|hp_repeat3|mirror|hot1|perm2|hidden3v|draw_chain3;boxed|cov2|hp_repeat3|mirror|perm2|hidden3v|draw_chain3,draw_chain3|hot1x1
Evening,001159,9.0,17.0,14.0,1,2,0,True,0,0,0,0,0,2,0,3,straight|cov1|hp_repeat2|mirror|vtrac_straight|draw_chain2;straight|cov1|mirror|vtrac_straight|draw_chain2,draw_chain2|vstrx2
Evening,0015,2.0,17.0,13.0,1,3,0,True,0,0,0,0,0,3,0,4,straight|cov1|hp_repeat2|mirror|vtrac_straight|draw_chain3;straight|cov1|mirror|vtrac_straight|draw_chain3,draw_chain3|vstrx3
Evening,2336,21.0,17.0,12.0,3,2,0,False,0,0,0,0,0,0,0,5,straight|cov1|hp_repeat2|set_chain3;straight|cov1|hp_repeat2|set_chain3,set_chain3|draw_chain2
Evening,2236,21.0,17.0,12.0,3,2,0,False,0,0,0,0,0,0,0,5,straight|cov1|hp_repeat2|set_chain3;straight|cov1|hp_repeat2|set_chain3,set_chain3|draw_chain2
Evening,00225799,12.0,16.5,14.5,1,1,0,False,0,0,1,0,0,1,0,1,straight|cov1|mirror|hidden3v|vtrac_straight,draw_chain1|col1x1|vstrx1
Evening,22559,12.0,16.5,13.5,2,2,0,False,0,0,0,0,0,0,0,6,boxed|cov2|hp_repeat3|perm2|hidden3v|set_chain2;boxed|cov2|hp_repeat2|perm2|hidden3v|set_chain2|draw_chain2,set_chain2|draw_chain2
Evening,224559,12.0,16.5,13.5,2,2,0,False,0,0,0,0,0,0,0,3,straight|cov1|mirror|hidden3v|set_chain2|draw_chain2;straight|cov1|mirror|hidden3v|set_chain2|draw_chain2,set_chain2|draw_chain2
Evening,00589,14.0,16.5,13.5,1,1,0,False,1,0,1,0,0,1,0,1,straight|cov1|mirror|hot1|hidden3v|vtrac_straight,draw_chain1|col1x1|hot1x1|vstrx1
Evening,1468,24.0,16.5,13.0,1,1,0,False,0,1,0,0,0,2,0,2,straight|cov1|hp_repeat2|mirror|hot2|vtrac_straight;straight|cov1|hp_repeat2|mirror|vtrac_straight,draw_chain1|hot2x1|vstrx2
Evening,048,14.0,16.5,12.5,1,1,0,False,0,1,1,0,0,1,0,1,straight|cov1|hot2|hidden3v|vtrac_straight,draw_chain1|col1x1|hot2x1|vstrx1
Evening,289,30.0,16.5,12.5,1,1,0,False,0,1,1,0,0,1,0,1,straight|cov1|hot2|hidden3v|vtrac_straight,draw_chain1|col1x1|hot2x1|vstrx1
Evening,00488,14.0,16.5,12.5,1,2,0,False,1,0,2,0,0,0,0,2,boxed|cov2|hot1|perm2|hidden3v|draw_chain2;boxed|cov2|perm2|hidden3v|draw_chain2,draw_chain2|col1x2|hot1x1
Evening,368,23.0,16.5,12.0,3,1,0,False,0,0,0,0,0,0,0,3,boxed|cov2|mirror|perm2|set_chain3;boxed|cov2|mirror|perm2|set_chain3,set_chain3|draw_chain1
Evening,3689,24.0,16.5,12.0,3,1,0,False,0,0,0,0,0,0,0,3,straight|cov1|mirror|set_chain3;straight|cov1|mirror|set_chain3,set_chain3|draw_chain1
Evening,5699,9.0,16.5,12.0,3,1,0,False,0,0,0,0,0,0,0,4,straight|cov1|hp_repeat2|set_chain3;straight|cov1|hp_repeat2|set_chain3,set_chain3|draw_chain1
Evening,068,8.0,16.5,12.0,1,2,0,False,0,1,0,0,0,3,0,3,straight|cov1|hp_repeat2|hot2|vtrac_straight|draw_chain2;straight|cov1|hp_repeat2|vtrac_straight|draw_chain2,draw_chain2|hot2x1|vstrx3
Evening,148,24.0,16.5,12.0,1,2,0,False,0,1,0,0,0,3,0,3,straight|cov1|hp_repeat2|hot2|vtrac_straight|draw_chain2;straight|cov1|hp_repeat2|vtrac_straight|draw_chain2,draw_chain2|hot2x1|vstrx3
Evening,268,21.0,16.5,12.0,1,2,0,False,0,1,0,0,0,3,0,3,straight|cov1|hp_repeat2|hot2|vtrac_straight|draw_chain2;straight|cov1|hp_repeat2|vtrac_straight|draw_chain2,draw_chain2|hot2x1|vstrx3
Evening,344,34.0,16.5,11.5,2,2,0,False,0,0,0,0,0,0,4,4,straight|cov1|hp_repeat2|hidden3v|double_mirror|set_chain2|draw_chain2;straight|cov1|hp_repeat2|hidden3v|double_mirror|set_chain2|draw_chain2,set_chain2|draw_chain2|dblmirrorx4
Evening,445,15.0,16.5,11.5,2,2,0,False,0,0,0,0,0,0,4,4,straight|cov1|hp_repeat2|hidden3v|double_mirror|set_chain2|draw_chain2;straight|cov1|hp_repeat2|hidden3v|double_mirror|set_chain2|draw_chain2,set_chain2|draw_chain2|dblmirrorx4
Evening,0022459,12.0,16.0,15.5,1,1,0,False,0,0,0,0,0,0,0,1,boxed|cov3|mirror|perm3|hidden3v,draw_chain1
Evening,01159,9.0,16.0,14.0,1,1,0,False,1,0,0,0,0,1,0,3,straight|cov1|hp_repeat3|mirror|hot1|vtrac_straight;straight|cov1|hp_repeat3|mirror,draw_chain1|hot1x1|vstrx1
Evening,225599,12.0,16.0,13.5,2,1,0,False,0,0,0,0,0,0,0,3,boxed|cov2|hp_repeat2|perm2|hidden3v|set_chain2;boxed|cov2|hp_repeat2|perm2|hidden3v|set_chain2,set_chain2|draw_chain1
Evening,788,29.0,16.0,13.5,1,1,0,False,0,0,1,0,0,1,1,1,straight|cov2|vstr2|hidden3v|double_mirror|vtrac_straight,draw_chain1|col1x1|vstrx1|dblmirrorx1
Evening,007,3.0,16.0,13.5,1,1,0,False,0,0,1,0,0,1,1,1,straight|cov2|vstr2|hidden3v|double_mirror|vtrac_straight,draw_chain1|col1x1|vstrx1|dblmirrorx1
Evening,22449,31.0,16.0,13.0,2,2,0,False,0,0,0,0,0,0,0,4,straight|cov1|hp_repeat2|mirror|set_chain2|draw_chain2;straight|cov1|hp_repeat2|mirror|set_chain2|draw_chain2,set_chain2|draw_chain2
Evening,00115,2.0,16.0,13.0,1,2,0,True,0,0,0,0,0,2,0,3,straight|cov1|hp_repeat2|mirror|vtrac_straight|draw_chain2;straight|cov1|mirror|vtrac_straight|draw_chain2,draw_chain2|vstrx2
Evening,005699,9.0,16.0,13.0,1,2,0,True,0,0,0,0,0,2,0,2,straight|cov1|mirror|vtrac_straight|draw_chain2;straight|cov1|mirror|vtrac_straight|draw_chain2,draw_chain2|vstrx2
Evening,001599,9.0,16.0,13.0,1,2,0,True,0,0,0,0,0,2,0,2,straight|cov1|mirror|vtrac_straight|draw_chain2;straight|cov1|mirror|vtrac_straight|draw_chain2,draw_chain2|vstrx2
Evening,00588,4.0,16.0,13.0,1,1,0,False,1,0,1,0,0,1,0,1,straight|cov1|mirror|hot1|vtrac_straight,draw_chain1|col1x1|hot1x1|vstrx1
Evening,11229,22.0,16.0,12.0,1,2,0,True,1,0,0,0,0,2,0,2,straight|cov1|hot1|vtrac_straight|draw_chain2;straight|cov1|vtrac_straight|draw_chain2,draw_chain2|hot1x1|vstrx2
Evening,0199,9.0,16.0,12.0,1,2,0,False,0,1,0,0,0,2,0,2,straight|cov1|hot2|vtrac_straight|draw_chain2;straight|cov1|vtrac_straight|draw_chain2,draw_chain2|hot2x1|vstrx2
Evening,236,21.0,16.0,11.0,3,2,0,False,0,0,0,0,0,0,0,5,straight|cov1|hp_repeat2|set_chain3;straight|cov1|hp_repeat2|set_chain3,set_chain3|draw_chain2
Evening,0025799,12.0,15.5,13.5,1,1,0,False,0,0,1,0,0,1,0,1,straight|cov1|mirror|hidden3v|vtrac_straight,draw_chain1|col1x1|vstrx1
Evening,2559,12.0,15.5,12.5,2,2,0,False,0,0,0,0,0,0,0,6,boxed|cov2|hp_repeat3|perm2|hidden3v|set_chain2;boxed|cov2|hp_repeat2|perm2|hidden3v|set_chain2|draw_chain2,set_chain2|draw_chain2
Evening,22455,12.0,15.5,12.5,2,2,0,False,0,0,0,0,0,0,0,6,straight|cov1|hp_repeat3|hidden3v|set_chain2;straight|cov1|hp_repeat3|hidden3v|set_chain2,set_chain2|draw_chain2
Evening,22445,12.0,15.5,12.5,2,2,0,False,0,0,0,0,0,0,0,4,straight|cov1|hp_repeat2|hidden3v|set_chain2|draw_chain2;straight|cov1|hp_repeat2|hidden3v|set_chain2|draw_chain2,set_chain2|draw_chain2
Evening,00199,9.0,15.5,12.0,1,2,0,False,0,1,0,0,0,1,0,2,boxed|cov2|hot2|perm2|draw_chain2;straight|cov1|vtrac_straight|draw_chain2,draw_chain2|hot2x1|vstrx1
Evening,0011,2.0,15.0,14.0,1,2,0,False,0,0,0,0,0,0,0,3,boxed|cov3|hp_repeat2|vstr2|perm2|draw_chain2;boxed|cov3|hp_repeat2|vstr2|perm2|draw_chain2,draw_chain2
Evening,688,23.0,15.0,14.0,1,1,0,False,0,0,0,0,0,0,1,1,boxed|cov4|vstr2|perm2|double_mirror,draw_chain1|dblmirrorx1
Evening,011459,9.0,15.0,13.0,1,1,0,False,1,0,0,0,0,1,0,1,straight|cov1|mirror|hot1|vtrac_straight,draw_chain1|hot1x1|vstrx1
Evening,0115,2.0,15.0,13.0,1,1,0,False,1,0,0,0,0,1,0,3,straight|cov1|hp_repeat3|mirror|hot1|vtrac_straight;straight|cov1|hp_repeat3|mirror,draw_chain1|hot1x1|vstrx1
Evening,223344,30.0,15.0,12.5,2,1,0,False,0,0,0,0,0,0,0,2,boxed|cov2|perm2|hidden3v|set_chain2;straight|cov1|hidden3v|set_chain2,set_chain2|draw_chain1
Evening,25599,12.0,15.0,12.5,2,1,0,False,0,0,0,0,0,0,0,3,boxed|cov2|hp_repeat2|perm2|hidden3v|set_chain2;boxed|cov2|hp_repeat2|perm2|hidden3v|set_chain2,set_chain2|draw_chain1
Evening,334559,14.0,15.0,12.5,2,1,0,False,0,0,0,0,0,0,0,2,straight|cov1|mirror|hidden3v|set_chain2;straight|cov1|mirror|hidden3v|set_chain2,set_chain2|draw_chain1
Evening,335599,14.0,15.0,12.5,2,1,0,False,0,0,0,0,0,0,0,3,straight|cov1|hp_repeat2|hidden3v|set_chain2;straight|cov1|hp_repeat2|hidden3v|set_chain2,set_chain2|draw_chain1
Evening,00119,9.0,15.0,12.0,1,2,0,True,0,0,0,0,0,2,0,3,straight|cov1|hp_repeat2|vtrac_straight|draw_chain2;straight|cov1|vtrac_straight|draw_chain2,draw_chain2|vstrx2
Evening,0058,4.0,15.0,12.0,1,1,0,False,1,0,1,0,0,1,0,1,straight|cov1|mirror|hot1|vtrac_straight,draw_chain1|col1x1|hot1x1|vstrx1
Evening,1129,22.0,15.0,11.0,1,2,0,True,1,0,0,0,0,2,0,2,straight|cov1|hot1|vtrac_straight|draw_chain2;straight|cov1|vtrac_straight|draw_chain2,draw_chain2|hot1x1|vstrx2
Evening,0224459,12.0,14.5,13.5,1,2,0,False,0,0,0,0,0,0,0,3,straight|cov1|hp_repeat2|mirror|hidden3v|draw_chain2;straight|cov1|hp_repeat2|mirror|hidden3v|draw_chain2,draw_chain2
Evening,02459,12.0,14.5,12.5,1,1,0,False,1,0,0,0,0,1,0,1,straight|cov1|mirror|hot1|hidden3v|vtrac_straight,draw_chain1|hot1x1|vstrx1
Evening,005799,12.0,14.5,12.5,1,1,0,False,0,0,1,0,0,1,0,1,straight|cov1|mirror|hidden3v|vtrac_straight,draw_chain1|col1x1|vstrx1
Evening,55699,9.0,14.5,12.0,2,1,0,False,0,0,0,0,0,0,0,3,boxed|cov2|hp_repeat2|perm2|set_chain2;straight|cov1|hp_repeat2|set_chain2,set_chain2|draw_chain1
Evening,0114,9.0,14.5,12.0,1,2,0,False,1,0,0,0,0,1,0,4,boxed|cov2|hp_repeat3|hot1|perm2|draw_chain2;straight|cov1|hp_repeat3|draw_chain2,draw_chain2|hot1x1|vstrx1
Evening,00168,8.0,14.5,12.0,1,1,0,False,0,1,0,0,0,0,0,1,boxed|cov2|mirror|hot2|perm2,draw_chain1|hot2x1
Evening,2255,10.0,14.5,11.5,2,2,0,False,0,0,0,0,0,0,0,6,straight|cov1|hp_repeat3|hidden3v|set_chain2;straight|cov1|hp_repeat3|hidden3v|set_chain2,set_chain2|draw_chain2
Evening,2455,12.0,14.5,11.5,2,2,0,False,0,0,0,0,0,0,0,6,straight|cov1|hp_repeat3|hidden3v|set_chain2;straight|cov1|hp_repeat3|hidden3v|set_chain2,set_chain2|draw_chain2
Evening,2445,12.0,14.5,11.5,2,2,0,False,0,0,0,0,0,0,0,4,straight|cov1|hp_repeat2|hidden3v|set_chain2|draw_chain2;straight|cov1|hp_repeat2|hidden3v|set_chain2|draw_chain2,set_chain2|draw_chain2
Evening,468,24.0,14.5,11.0,1,1,0,False,0,1,0,0,0,2,0,2,straight|cov1|hp_repeat2|hot2|vtrac_straight;straight|cov1|hp_repeat2|vtrac_straight,draw_chain1|hot2x1|vstrx2
Evening,0011459,9.0,14.0,13.0,1,1,0,False,0,0,0,0,0,1,0,1,straight|cov1|mirror|vtrac_straight,draw_chain1|vstrx1
Evening,0011568,8.0,14.0,13.0,1,1,0,False,0,0,0,0,0,1,0,1,straight|cov1|mirror|vtrac_straight,draw_chain1|vstrx1
Evening,0011599,9.0,14.0,13.0,1,1,0,False,0,0,0,0,0,1,0,1,straight|cov1|mirror|vtrac_straight,draw_chain1|vstrx1
Evening,0015688,8.0,14.0,13.0,1,1,0,False,0,0,0,0,0,1,0,1,straight|cov1|mirror|vtrac_straight,draw_chain1|vstrx1
Evening,23349,30.0,14.0,12.5,1,0,0,False,1,0,0,0,0,1,0,1,straight|cov1|mirror|hot1|hidden3v|vtrac_straight,hot1x1|vstrx1
Evening,01459,9.0,14.0,12.0,1,1,0,False,1,0,0,0,0,1,0,1,straight|cov1|mirror|hot1|vtrac_straight,draw_chain1|hot1x1|vstrx1
Evening,01149,9.0,14.0,12.0,1,1,0,False,1,0,0,0,0,1,0,1,straight|cov1|mirror|hot1|vtrac_straight,draw_chain1|hot1x1|vstrx1
Evening,005788,11.0,14.0,12.0,1,1,0,False,0,0,1,0,0,1,0,1,straight|cov1|mirror|vtrac_straight,draw_chain1|col1x1|vstrx1
Evening,35599,14.0,14.0,11.5,2,1,0,False,0,0,0,0,0,0,0,3,straight|cov1|hp_repeat2|hidden3v|set_chain2;straight|cov1|hp_repeat2|hidden3v|set_chain2,set_chain2|draw_chain1
Evening,0018,8.0,14.0,11.0,1,2,0,False,0,1,0,0,0,0,0,2,boxed|cov2|hot2|perm2|draw_chain2;boxed|cov2|perm2|draw_chain2,draw_chain2|hot2x1
Evening,22334499,30.0,13.5,13.5,1,0,0,False,0,0,0,0,0,0,0,1,boxed|cov2|mirror|perm2|hidden3v,
Evening,03359,14.0,13.5,12.5,1,2,0,False,0,0,0,0,0,0,0,3,boxed|cov2|hp_repeat2|mirror|perm2|hidden3v|draw_chain2;straight|cov1|hp_repeat2|mirror|hidden3v|draw_chain2,draw_chain2
Evening,224459,12.0,13.5,12.5,1,2,0,False,0,0,0,0,0,0,0,3,straight|cov1|hp_repeat2|mirror|hidden3v|draw_chain2;straight|cov1|hp_repeat2|mirror|hidden3v|draw_chain2,draw_chain2
Evening,022449,12.0,13.5,12.5,1,2,0,False,0,0,0,0,0,0,0,3,straight|cov1|hp_repeat2|mirror|hidden3v|draw_chain2;straight|cov1|hp_repeat2|mirror|hidden3v|draw_chain2,draw_chain2
Evening,002459,12.0,13.5,12.5,1,1,0,False,0,0,0,0,0,1,0,1,straight|cov1|mirror|hidden3v|vtrac_straight,draw_chain1|vstrx1
Evening,03459,14.0,13.5,11.5,1,2,0,False,1,0,0,0,0,0,0,2,straight|cov1|mirror|hot1|hidden3v|draw_chain2;straight|cov1|mirror|hidden3v|draw_chain2,draw_chain2|hot1x1
Evening,0459,5.0,13.5,11.5,1,1,0,False,1,0,0,0,0,1,0,1,straight|cov1|mirror|hot1|hidden3v|vtrac_straight,draw_chain1|hot1x1|vstrx1
Evening,00579,12.0,13.5,11.5,1,1,0,False,0,0,1,0,0,1,0,1,straight|cov1|mirror|hidden3v|vtrac_straight,draw_chain1|col1x1|vstrx1
Evening,139,24.0,13.5,11.0,1,3,0,False,1,0,0,0,0,0,0,6,straight|cov1|hp_repeat3|hot1|draw_chain3;straight|cov1|hp_repeat3|draw_chain3,draw_chain3|hot1x1
Evening,0168,8.0,13.5,11.0,1,1,0,False,0,1,0,0,0,0,0,1,boxed|cov2|mirror|hot2|perm2,draw_chain1|hot2x1
Evening,168,18.0,13.5,11.0,1,1,0,False,0,1,0,0,0,0,0,2,boxed|cov2|hp_repeat2|mirror|hot2|perm2;boxed|cov2|hp_repeat2|mirror|perm2,draw_chain1|hot2x1
Evening,00224459,12.0,13.0,12.5,1,1,0,False,0,0,0,0,0,0,0,1,straight|cov1|mirror|hidden3v,draw_chain1
Evening,002259,12.0,13.0,12.5,1,1,0,False,0,0,0,0,0,0,0,2,boxed|cov2|hp_repeat2|mirror|perm2|hidden3v;straight|cov1|hp_repeat2|mirror|hidden3v,draw_chain1
Evening,001459,9.0,13.0,12.0,1,1,0,False,0,0,0,0,0,1,0,1,straight|cov1|mirror|vtrac_straight,draw_chain1|vstrx1
Evening,001149,9.0,13.0,12.0,1,1,0,False,0,0,0,0,0,1,0,1,straight|cov1|mirror|vtrac_straight,draw_chain1|vstrx1
Evening,001158,8.0,13.0,12.0,1,1,0,False,0,0,0,0,0,1,0,1,straight|cov1|mirror|vtrac_straight,draw_chain1|vstrx1
Evening,116899,24.0,13.0,12.0,1,1,0,False,0,0,0,0,0,1,0,1,straight|cov1|mirror|vtrac_straight,draw_chain1|vstrx1
Evening,001588,8.0,13.0,12.0,1,1,0,False,0,0,0,0,0,1,0,1,straight|cov1|mirror|vtrac_straight,draw_chain1|vstrx1
Evening,168899,24.0,13.0,12.0,1,1,0,False,0,0,0,0,0,1,0,1,straight|cov1|mirror|vtrac_straight,draw_chain1|vstrx1
Evening,2349,30.0,13.0,11.5,1,0,0,False,1,0,0,0,0,1,0,1,straight|cov1|mirror|hot1|hidden3v|vtrac_straight,hot1x1|vstrx1
Evening,00578,11.0,13.0,11.0,1,1,0,False,0,0,1,0,0,1,0,1,straight|cov1|mirror|vtrac_straight,draw_chain1|col1x1|vstrx1
Evening,3344,33.0,13.0,10.5,2,1,0,False,0,0,0,0,0,0,0,2,boxed|cov2|perm2|hidden3v|set_chain2;straight|cov1|hidden3v|set_chain2,set_chain2|draw_chain1
Evening,018,8.0,13.0,10.0,1,2,0,False,0,1,0,0,0,0,0,2,boxed|cov2|hot2|perm2|draw_chain2;boxed|cov2|perm2|draw_chain2,draw_chain2|hot2x1
Evening,22334489,30.0,12.5,12.5,1,0,0,False,0,0,0,0,0,0,0,1,straight|cov1|mirror|hidden3v,
Evening,335899,14.0,12.5,12.5,1,0,0,False,0,0,0,0,0,0,0,2,boxed|cov2|hp_repeat2|mirror|perm2|hidden3v;straight|cov1|hp_repeat2|mirror|hidden3v,
Evening,00459,5.0,12.5,11.5,1,1,0,False,0,0,0,0,0,1,0,1,straight|cov1|mirror|hidden3v|vtrac_straight,draw_chain1|vstrx1
Evening,00114,9.0,12.5,11.0,1,2,0,False,0,0,0,0,0,1,0,3,boxed|cov2|hp_repeat2|perm2|draw_chain2;straight|cov1|vtrac_straight|draw_chain2,draw_chain2|vstrx1
Evening,039,14.0,12.5,10.5,1,2,0,False,1,0,0,0,0,0,0,4,straight|cov1|hp_repeat3|hot1|hidden3v|draw_chain2;straight|cov1|hp_repeat3|hidden3v|draw_chain2,draw_chain2|hot1x1
Evening,0349,14.0,12.5,10.5,1,2,0,False,1,0,0,0,0,0,0,2,straight|cov1|mirror|hot1|hidden3v|draw_chain2;straight|cov1|mirror|hidden3v|draw_chain2,draw_chain2|hot1x1
Evening,0057,3.0,12.5,10.5,1,1,0,False,0,0,1,0,0,1,0,1,straight|cov1|mirror|hidden3v|vtrac_straight,draw_chain1|col1x1|vstrx1
Evening,00799,12.0,12.5,10.5,1,1,0,False,0,0,1,0,0,1,0,1,straight|cov1|hidden3v|vtrac_straight,draw_chain1|col1x1|vstrx1
Evening,22446,22.0,12.5,10.0,2,1,0,False,0,0,0,0,0,0,0,2,straight|cov1|set_chain2;straight|cov1|set_chain2,set_chain2|draw_chain1
Evening,3346,24.0,12.5,10.0,2,1,0,False,0,0,0,0,0,0,0,2,boxed|cov2|perm2|set_chain2;straight|cov1|set_chain2,set_chain2|draw_chain1
Evening,3369,24.0,12.5,10.0,2,1,0,False,0,0,0,0,0,0,0,2,boxed|cov2|perm2|set_chain2;straight|cov1|set_chain2,set_chain2|draw_chain1
Evening,33446899,24.0,12.0,12.0,1,0,0,False,0,0,0,0,0,0,0,1,straight|cov1|mirror,
Evening,3355899,14.0,12.0,11.5,1,1,0,False,0,0,0,0,0,0,0,1,straight|cov1|mirror|hidden3v,draw_chain1
Evening,0224559,12.0,12.0,11.5,1,1,0,False,0,0,0,0,0,0,0,1,straight|cov1|mirror|hidden3v,draw_chain1
Evening,033559,14.0,12.0,11.5,1,1,0,False,0,0,0,0,0,0,0,1,boxed|cov2|mirror|perm2|hidden3v,draw_chain1
Evening,0334559,14.0,12.0,11.5,1,1,0,False,0,0,0,0,0,0,0,1,straight|cov1|mirror|hidden3v,draw_chain1
Evening,033459,14.0,12.0,11.5,1,1,0,False,0,0,0,0,0,0,0,2,straight|cov1|hp_repeat2|mirror|hidden3v;straight|cov1|hp_repeat2|mirror|hidden3v,draw_chain1
Evening,0022449,12.0,12.0,11.5,1,1,0,False,0,0,0,0,0,0,0,1,straight|cov1|mirror|hidden3v,draw_chain1
Evening,0034459,14.0,12.0,11.5,1,1,0,False,0,0,0,0,0,0,0,1,straight|cov1|mirror|hidden3v,draw_chain1
Evening,00259,12.0,12.0,11.5,1,1,0,False,0,0,0,0,0,0,0,2,boxed|cov2|hp_repeat2|mirror|perm2|hidden3v;straight|cov1|hp_repeat2|mirror|hidden3v,draw_chain1
Evening,11468,24.0,12.0,11.0,1,1,0,False,0,0,0,0,0,1,0,1,straight|cov1|mirror|vtrac_straight,draw_chain1|vstrx1
Evening,001199,9.0,12.0,11.0,1,1,0,False,0,0,0,0,0,1,0,1,straight|cov1|vtrac_straight,draw_chain1|vstrx1
Evening,14688,24.0,12.0,11.0,1,1,0,False,0,0,0,0,0,1,0,1,straight|cov1|mirror|vtrac_straight,draw_chain1|vstrx1
Evening,00158,8.0,12.0,11.0,1,1,0,False,0,0,0,0,0,1,0,1,straight|cov1|mirror|vtrac_straight,draw_chain1|vstrx1
Evening,0122,7.0,12.0,10.0,1,1,0,False,1,0,0,0,0,1,0,1,straight|cov1|hot1|vtrac_straight,draw_chain1|hot1x1|vstrx1
Evening,3347,30.0,12.0,9.5,2,1,0,False,0,0,0,0,0,0,0,2,straight|cov1|hidden3v|set_chain2;straight|cov1|hidden3v|set_chain2,set_chain2|draw_chain1
Evening,034,14.0,12.0,9.5,1,3,0,False,1,0,0,0,0,0,0,3,straight|cov1|hot1|hidden3v|draw_chain3;straight|cov1|hidden3v|draw_chain3,draw_chain3|hot1x1
Evening,044,15.0,12.0,9.5,1,2,0,False,0,0,0,0,0,0,3,3,straight|cov1|hp_repeat2|hidden3v|double_mirror|draw_chain2;straight|cov1|hp_repeat2|hidden3v|double_mirror|draw_chain2,draw_chain2|dblmirrorx3
Evening,2244599,12.0,11.5,11.5,1,0,0,False,0,0,0,0,0,0,0,1,straight|cov1|mirror|hidden3v,
Evening,2234499,30.0,11.5,11.5,1,0,0,False,0,0,0,0,0,0,0,1,straight|cov1|mirror|hidden3v,
Evening,2233448,30.0,11.5,11.5,1,0,0,False,0,0,0,0,0,0,0,1,straight|cov1|mirror|hidden3v,
Evening,35899,14.0,11.5,11.5,1,0,0,False,0,0,0,0,0,0,0,2,boxed|cov2|hp_repeat2|mirror|perm2|hidden3v;straight|cov1|hp_repeat2|mirror|hidden3v,
Evening,3345899,14.0,11.5,11.5,1,0,0,False,0,0,0,0,0,0,0,1,straight|cov1|mirror|hidden3v,
Evening,2233899,30.0,11.5,11.5,1,0,0,False,0,0,0,0,0,0,0,1,straight|cov1|mirror|hidden3v,
Evening,1133446,24.0,11.5,11.0,1,1,0,False,0,0,0,0,0,0,0,1,straight|cov1|mirror,draw_chain1
Evening,001168,8.0,11.5,11.0,1,1,0,False,0,0,0,0,0,0,0,1,boxed|cov2|mirror|perm2,draw_chain1
Evening,001688,8.0,11.5,11.0,1,1,0,False,0,0,0,0,0,0,0,1,boxed|cov2|mirror|perm2,draw_chain1
Evening,02244,12.0,11.5,10.5,1,2,0,False,0,0,0,0,0,0,0,3,straight|cov1|hp_repeat2|hidden3v|draw_chain2;straight|cov1|hp_repeat2|hidden3v|draw_chain2,draw_chain2
Evening,4788,30.0,11.5,9.5,1,1,0,False,0,0,1,0,0,1,0,1,straight|cov1|hidden3v|vtrac_straight,draw_chain1|col1x1|vstrx1
Evening,0079,12.0,11.5,9.5,1,1,0,False,0,0,1,0,0,1,0,1,straight|cov1|hidden3v|vtrac_straight,draw_chain1|col1x1|vstrx1
Evening,133,23.0,11.5,9.0,1,2,0,False,0,0,0,0,0,0,3,3,straight|cov1|hp_repeat2|double_mirror|draw_chain2;straight|cov1|hp_repeat2|double_mirror|draw_chain2,draw_chain2|dblmirrorx3
Evening,113,18.0,11.5,9.0,1,2,0,False,0,0,0,0,0,0,3,3,straight|cov1|hp_repeat2|double_mirror|draw_chain2;straight|cov1|hp_repeat2|double_mirror|draw_chain2,draw_chain2|dblmirrorx3
Evening,144,25.0,11.5,9.0,1,2,0,False,0,0,0,0,0,0,3,3,straight|cov1|hp_repeat2|double_mirror|draw_chain2;straight|cov1|hp_repeat2|double_mirror|draw_chain2,draw_chain2|dblmirrorx3
Evening,334468,24.0,11.0,11.0,1,0,0,False,0,0,0,0,0,0,0,1,boxed|cov2|mirror|perm2,
Evening,3344689,24.0,11.0,11.0,1,0,0,False,0,0,0,0,0,0,0,1,straight|cov1|mirror,
Evening,355899,14.0,11.0,10.5,1,1,0,False,0,0,0,0,0,0,0,1,straight|cov1|mirror|hidden3v,draw_chain1
Evening,022559,12.0,11.0,10.5,1,1,0,False,0,0,0,0,0,0,0,1,straight|cov1|mirror|hidden3v,draw_chain1
Evening,03559,14.0,11.0,10.5,1,1,0,False,0,0,0,0,0,0,0,1,boxed|cov2|mirror|perm2|hidden3v,draw_chain1
Evening,03349,14.0,11.0,10.5,1,1,0,False,0,0,0,0,0,0,0,2,straight|cov1|hp_repeat2|mirror|hidden3v;straight|cov1|hp_repeat2|mirror|hidden3v,draw_chain1
Evening,034459,14.0,11.0,10.5,1,1,0,False,0,0,0,0,0,0,0,1,straight|cov1|mirror|hidden3v,draw_chain1
Evening,00359,14.0,11.0,10.5,1,1,0,False,0,0,0,0,0,0,0,1,boxed|cov2|mirror|perm2|hidden3v,draw_chain1
Evening,003459,14.0,11.0,10.5,1,1,0,False,0,0,0,0,0,0,0,1,straight|cov1|mirror|hidden3v,draw_chain1
Evening,003449,14.0,11.0,10.5,1,1,0,False,0,0,0,0,0,0,0,1,straight|cov1|mirror|hidden3v,draw_chain1
Evening,11344,24.0,11.0,10.0,1,2,0,False,0,0,0,0,0,0,0,3,straight|cov1|hp_repeat2|draw_chain2;straight|cov1|hp_repeat2|draw_chain2,draw_chain2
Evening,01199,9.0,11.0,10.0,1,1,0,False,0,0,0,0,0,1,0,1,straight|cov1|vtrac_straight,draw_chain1|vstrx1
Evening,11899,24.0,11.0,10.0,1,1,0,False,0,0,0,0,0,1,0,1,straight|cov1|vtrac_straight,draw_chain1|vstrx1
Evening,00688,8.0,11.0,10.0,1,1,0,False,0,0,0,0,0,1,0,1,straight|cov1|vtrac_straight,draw_chain1|vstrx1
Evening,18899,24.0,11.0,10.0,1,1,0,False,0,0,0,0,0,1,0,1,straight|cov1|vtrac_straight,draw_chain1|vstrx1
Evening,68899,24.0,11.0,10.0,1,1,0,False,0,0,0,0,0,1,0,1,straight|cov1|vtrac_straight,draw_chain1|vstrx1
Evening,22688,21.0,11.0,10.0,1,1,0,False,0,0,0,0,0,1,0,1,straight|cov1|vtrac_straight,draw_chain1|vstrx1
Evening,012,7.0,11.0,9.0,1,1,0,False,1,0,0,0,0,1,0,1,straight|cov1|hot1|vtrac_straight,draw_chain1|hot1x1|vstrx1
Evening,0078,11.0,11.0,9.0,1,1,0,False,0,0,1,0,0,1,0,1,straight|cov1|vtrac_straight,draw_chain1|col1x1|vstrx1
Evening,347,30.0,11.0,8.5,2,1,0,False,0,0,0,0,0,0,0,2,straight|cov1|hidden3v|set_chain2;straight|cov1|hidden3v|set_chain2,set_chain2|draw_chain1
Evening,233448,30.0,10.5,10.5,1,0,0,False,0,0,0,0,0,0,0,1,straight|cov1|mirror|hidden3v,
Evening,33448,33.0,10.5,10.5,1,0,0,False,0,0,0,0,0,0,0,1,boxed|cov2|mirror|perm2|hidden3v,
Evening,334899,33.0,10.5,10.5,1,0,0,False,0,0,0,0,0,0,0,1,straight|cov1|mirror|hidden3v,
Evening,334599,14.0,10.5,10.5,1,0,0,False,0,0,0,0,0,0,0,1,straight|cov1|mirror|hidden3v,
Evening,233899,30.0,10.5,10.5,1,0,0,False,0,0,0,0,0,0,0,1,straight|cov1|mirror|hidden3v,
Evening,223389,30.0,10.5,10.5,1,0,0,False,0,0,0,0,0,0,0,1,straight|cov1|mirror|hidden3v,
Evening,337899,30.0,10.5,10.5,1,0,0,False,0,0,0,0,0,0,0,1,straight|cov1|mirror|hidden3v,
Evening,011336,8.0,10.5,10.0,1,1,0,False,0,0,0,0,0,0,0,1,straight|cov1|mirror,draw_chain1
Evening,133446,24.0,10.5,10.0,1,1,0,False,0,0,0,0,0,0,0,1,straight|cov1|mirror,draw_chain1
Evening,011569,9.0,10.5,10.0,1,1,0,False,0,0,0,0,0,0,0,1,straight|cov1|mirror,draw_chain1
Evening,113369,24.0,10.5,10.0,1,1,0,False,0,0,0,0,0,0,0,1,straight|cov1|mirror,draw_chain1
Evening,01168,8.0,10.5,10.0,1,1,0,False,0,0,0,0,0,0,0,1,boxed|cov2|mirror|perm2,draw_chain1
Evening,01688,8.0,10.5,10.0,1,1,0,False,0,0,0,0,0,0,0,1,boxed|cov2|mirror|perm2,draw_chain1
Evening,0244,12.0,10.5,9.5,1,2,0,False,0,0,0,0,0,0,0,3,straight|cov1|hp_repeat2|hidden3v|draw_chain2;straight|cov1|hp_repeat2|hidden3v|draw_chain2,draw_chain2
Evening,013,8.0,10.5,9.0,1,1,0,False,1,0,0,0,0,0,0,3,straight|cov1|hp_repeat3|hot1;straight|cov1|hp_repeat3,draw_chain1|hot1x1
Evening,00788,11.0,10.5,9.0,1,1,0,False,0,0,1,0,0,0,0,1,boxed|cov2|perm2,draw_chain1|col1x1
Evening,478,30.0,10.5,8.5,1,1,0,False,0,0,1,0,0,1,0,1,straight|cov1|hidden3v|vtrac_straight,draw_chain1|col1x1|vstrx1
Evening,568,8.0,10.5,8.0,2,1,0,False,0,0,0,0,0,0,0,2,straight|cov1|set_chain2;straight|cov1|set_chain2,set_chain2|draw_chain1
Evening,224499,31.0,10.0,10.0,1,0,0,False,0,0,0,0,0,0,0,1,straight|cov1|mirror,
Evening,334699,24.0,10.0,10.0,1,0,0,False,0,0,0,0,0,0,0,1,straight|cov1|mirror,
Evening,02559,12.0,10.0,9.5,1,1,0,False,0,0,0,0,0,0,0,1,straight|cov1|mirror|hidden3v,draw_chain1
Evening,0559,5.0,10.0,9.5,1,1,0,False,0,0,0,0,0,0,0,1,boxed|cov2|mirror|perm2|hidden3v,draw_chain1
Evening,05579,12.0,10.0,9.5,1,1,0,False,0,0,0,0,0,0,0,1,straight|cov1|mirror|hidden3v,draw_chain1
Evening,03449,14.0,10.0,9.5,1,1,0,False,0,0,0,0,0,0,0,1,straight|cov1|mirror|hidden3v,draw_chain1
Evening,002244,12.0,10.0,9.5,1,1,0,False,0,0,0,0,0,0,0,1,straight|cov1|hidden3v,draw_chain1
Evening,00349,14.0,10.0,9.5,1,1,0,False,0,0,0,0,0,0,0,1,straight|cov1|mirror|hidden3v,draw_chain1
Evening,1339,24.0,10.0,9.0,1,2,0,False,0,0,0,0,0,0,0,3,straight|cov1|hp_repeat2|draw_chain2;straight|cov1|hp_repeat2|draw_chain2,draw_chain2
Evening,0113,8.0,10.0,9.0,1,2,0,False,0,0,0,0,0,0,0,3,straight|cov1|hp_repeat2|draw_chain2;straight|cov1|hp_repeat2|draw_chain2,draw_chain2
Evening,1344,24.0,10.0,9.0,1,2,0,False,0,0,0,0,0,0,0,3,straight|cov1|hp_repeat2|draw_chain2;straight|cov1|hp_repeat2|draw_chain2,draw_chain2
Evening,1144,19.0,10.0,9.0,1,2,0,False,0,0,0,0,0,0,0,3,straight|cov1|hp_repeat2|draw_chain2;straight|cov1|hp_repeat2|draw_chain2,draw_chain2
Evening,1139,24.0,10.0,9.0,1,2,0,False,0,0,0,0,0,0,0,3,straight|cov1|hp_repeat2|draw_chain2;straight|cov1|hp_repeat2|draw_chain2,draw_chain2
Evening,1148,24.0,10.0,9.0,1,1,0,False,0,0,0,0,0,1,0,1,straight|cov1|vtrac_straight,draw_chain1|vstrx1
Evening,1199,19.0,10.0,9.0,1,1,0,False,0,0,0,0,0,1,0,1,straight|cov1|vtrac_straight,draw_chain1|vstrx1
Evening,0688,8.0,10.0,9.0,1,1,0,False,0,0,0,0,0,1,0,1,straight|cov1|vtrac_straight,draw_chain1|vstrx1
Evening,4688,24.0,10.0,9.0,1,1,0,False,0,0,0,0,0,1,0,1,straight|cov1|vtrac_straight,draw_chain1|vstrx1
Evening,1488,24.0,10.0,9.0,1,1,0,False,0,0,0,0,0,1,0,1,straight|cov1|vtrac_straight,draw_chain1|vstrx1
Evening,6889,24.0,10.0,9.0,1,1,0,False,0,0,0,0,0,1,0,1,straight|cov1|vtrac_straight,draw_chain1|vstrx1
Evening,2688,21.0,10.0,9.0,1,1,0,False,0,0,0,0,0,1,0,1,straight|cov1|vtrac_straight,draw_chain1|vstrx1
Evening,078,11.0,10.0,8.0,1,1,0,False,0,0,1,0,0,1,0,1,straight|cov1|vtrac_straight,draw_chain1|col1x1|vstrx1
Evening,5899,14.0,9.5,9.5,1,0,0,False,0,0,0,0,0,0,0,2,boxed|cov2|hp_repeat2|perm2|hidden3v;straight|cov1|hp_repeat2|hidden3v,
Evening,33489,33.0,9.5,9.5,1,0,0,False,0,0,0,0,0,0,0,1,straight|cov1|mirror|hidden3v,
Evening,33499,34.0,9.5,9.5,1,0,0,False,0,0,0,0,0,0,0,1,straight|cov1|mirror|hidden3v,
Evening,23389,30.0,9.5,9.5,1,0,0,False,0,0,0,0,0,0,0,1,straight|cov1|mirror|hidden3v,
Evening,22338,29.0,9.5,9.5,1,0,0,False,0,0,0,0,0,0,0,1,straight|cov1|mirror|hidden3v,
Evening,33478,30.0,9.5,9.5,1,0,0,False,0,0,0,0,0,0,0,1,straight|cov1|mirror|hidden3v,
Evening,37899,30.0,9.5,9.5,1,0,0,False,0,0,0,0,0,0,0,1,straight|cov1|mirror|hidden3v,
Evening,01557,7.0,9.5,9.0,1,1,0,False,0,0,0,0,0,0,0,1,straight|cov1|mirror,draw_chain1
Evening,01144,9.0,9.5,9.0,1,1,0,False,0,0,0,0,0,0,0,2,straight|cov1|hp_repeat2;straight|cov1|hp_repeat2,draw_chain1
Evening,11336,18.0,9.5,9.0,1,1,0,False,0,0,0,0,0,0,0,1,straight|cov1|mirror,draw_chain1
Evening,113344,24.0,9.5,9.0,1,1,0,False,0,0,0,0,0,0,0,1,straight|cov1,draw_chain1
Evening,01156,6.0,9.5,9.0,1,1,0,False,0,0,0,0,0,0,0,1,straight|cov1|mirror,draw_chain1
Evening,13369,24.0,9.5,9.0,1,1,0,False,0,0,0,0,0,0,0,1,straight|cov1|mirror,draw_chain1
Evening,001144,9.0,9.5,9.0,1,1,0,False,0,0,0,0,0,0,0,1,straight|cov1,draw_chain1
Evening,00118,8.0,9.5,9.0,1,1,0,False,0,0,0,0,0,0,0,1,boxed|cov2|perm2,draw_chain1
Evening,1168,18.0,9.5,9.0,1,1,0,False,0,0,0,0,0,0,0,1,boxed|cov2|mirror|perm2,draw_chain1
Evening,00188,8.0,9.5,9.0,1,1,0,False,0,0,0,0,0,0,0,1,boxed|cov2|perm2,draw_chain1
Evening,1688,18.0,9.5,9.0,1,1,0,False,0,0,0,0,0,0,0,1,boxed|cov2|mirror|perm2,draw_chain1
Evening,0344,14.0,9.5,8.5,1,2,0,False,0,0,0,0,0,0,0,2,straight|cov1|hidden3v|draw_chain2;straight|cov1|hidden3v|draw_chain2,draw_chain2
Evening,033,13.0,9.5,8.0,1,1,0,False,0,0,0,0,0,0,2,2,straight|cov1|hp_repeat2|double_mirror;straight|cov1|hp_repeat2|double_mirror,draw_chain1|dblmirrorx2
Evening,134,24.0,9.5,8.0,1,1,0,False,1,0,0,0,0,0,0,2,straight|cov1|hp_repeat2|hot1;straight|cov1|hp_repeat2,draw_chain1|hot1x1
Evening,0788,11.0,9.5,8.0,1,1,0,False,0,0,1,0,0,0,0,1,boxed|cov2|perm2,draw_chain1|col1x1
Evening,33678,21.0,9.0,9.0,1,0,0,False,0,0,0,0,0,0,0,1,straight|cov1|mirror,
Evening,33699,24.0,9.0,9.0,1,0,0,False,0,0,0,0,0,0,0,1,boxed|cov2|perm2,
Evening,33469,24.0,9.0,9.0,1,0,0,False,0,0,0,0,0,0,0,1,straight|cov1|mirror,
Evening,55899,14.0,9.0,8.5,1,1,0,False,0,0,0,0,0,0,0,1,straight|cov1|hidden3v,draw_chain1
Evening,0339,14.0,9.0,8.5,1,1,0,False,0,0,0,0,0,0,0,2,straight|cov1|hp_repeat2|hidden3v;straight|cov1|hp_repeat2|hidden3v,draw_chain1
Evening,0334,14.0,9.0,8.5,1,1,0,False,0,0,0,0,0,0,0,2,straight|cov1|hp_repeat2|hidden3v;straight|cov1|hp_repeat2|hidden3v,draw_chain1
Evening,0557,3.0,9.0,8.5,1,1,0,False,0,0,0,0,0,0,0,1,straight|cov1|mirror|hidden3v,draw_chain1
Evening,00244,12.0,9.0,8.5,1,1,0,False,0,0,0,0,0,0,0,1,straight|cov1|hidden3v,draw_chain1
Evening,00344,14.0,9.0,8.5,1,1,0,False,0,0,0,0,0,0,0,1,straight|cov1|hidden3v,draw_chain1
Evening,055,1.0,9.0,8.0,1,1,0,False,0,0,0,0,0,0,1,1,straight|cov1|mirror|double_mirror,draw_chain1|dblmirrorx1
Evening,116,16.0,9.0,8.0,1,1,0,False,0,0,0,0,0,0,1,1,straight|cov1|mirror|double_mirror,draw_chain1|dblmirrorx1
Evening,118,18.0,9.0,8.0,1,1,0,False,0,0,0,0,0,0,1,1,boxed|cov2|perm2|double_mirror,draw_chain1|dblmirrorx1
Evening,188,23.0,9.0,8.0,1,1,0,False,0,0,0,0,0,0,1,1,boxed|cov2|perm2|double_mirror,draw_chain1|dblmirrorx1
Evening,23344,30.0,8.5,8.5,1,0,0,False,0,0,0,0,0,0,0,1,straight|cov1|hidden3v,
Evening,2338,29.0,8.5,8.5,1,0,0,False,0,0,0,0,0,0,0,1,straight|cov1|mirror|hidden3v,
Evening,55799,12.0,8.5,8.5,1,0,0,False,0,0,0,0,0,0,0,1,straight|cov1|hidden3v,
Evening,0133,8.0,8.5,8.0,1,1,0,False,0,0,0,0,0,0,0,2,straight|cov1|hp_repeat2;straight|cov1|hp_repeat2,draw_chain1
Evening,0157,7.0,8.5,8.0,1,1,0,False,0,0,0,0,0,0,0,1,straight|cov1|mirror,draw_chain1
Evening,0144,9.0,8.5,8.0,1,1,0,False,0,0,0,0,0,0,0,2,straight|cov1|hp_repeat2;straight|cov1|hp_repeat2,draw_chain1
Evening,01133,8.0,8.5,8.0,1,1,0,False,0,0,0,0,0,0,0,1,straight|cov1,draw_chain1
Evening,1336,18.0,8.5,8.0,1,1,0,False,0,0,0,0,0,0,0,1,straight|cov1|mirror,draw_chain1
Evening,0569,9.0,8.5,8.0,1,1,0,False,0,0,0,0,0,0,0,1,straight|cov1|mirror,draw_chain1
Evening,33446,24.0,8.5,8.0,1,1,0,False,0,0,0,0,0,0,0,1,straight|cov1,draw_chain1
Evening,13344,24.0,8.5,8.0,1,1,0,False,0,0,0,0,0,0,0,1,straight|cov1,draw_chain1
Evening,0116,6.0,8.5,8.0,1,1,0,False,0,0,0,0,0,0,0,1,straight|cov1|mirror,draw_chain1
Evening,11339,24.0,8.5,8.0,1,1,0,False,0,0,0,0,0,0,0,1,straight|cov1,draw_chain1
Evening,00144,9.0,8.5,8.0,1,1,0,False,0,0,0,0,0,0,0,1,straight|cov1,draw_chain1
Evening,00113,8.0,8.5,8.0,1,1,0,False,0,0,0,0,0,0,0,1,straight|cov1,draw_chain1
Evening,0118,8.0,8.5,8.0,1,1,0,False,0,0,0,0,0,0,0,1,boxed|cov2|perm2,draw_chain1
Evening,0188,8.0,8.5,8.0,1,1,0,False,0,0,0,0,0,0,0,1,boxed|cov2|perm2,draw_chain1
Evening,337,29.0,8.5,7.5,1,1,0,False,0,0,0,0,0,0,1,1,straight|cov1|hidden3v|double_mirror,draw_chain1|dblmirrorx1
Evening,3678,21.0,8.0,8.0,1,0,0,False,0,0,0,0,0,0,0,1,straight|cov1|mirror,
Evening,557,3.0,8.0,7.5,1,0,0,False,0,0,0,0,0,0,1,1,straight|cov1|hidden3v|double_mirror,dblmirrorx1
Evening,5589,14.0,8.0,7.5,1,1,0,False,0,0,0,0,0,0,0,1,straight|cov1|hidden3v,draw_chain1
Evening,057,3.0,8.0,7.5,1,1,0,False,0,0,0,0,0,0,0,1,straight|cov1|mirror|hidden3v,draw_chain1
Evening,0044,5.0,8.0,7.5,1,1,0,False,0,0,0,0,0,0,0,1,straight|cov1|hidden3v,draw_chain1
Evening,0039,14.0,8.0,7.5,1,1,0,False,0,0,0,0,0,0,0,1,straight|cov1|hidden3v,draw_chain1
Evening,0034,14.0,8.0,7.5,1,1,0,False,0,0,0,0,0,0,0,1,straight|cov1|hidden3v,draw_chain1
Evening,558,4.0,8.0,7.0,1,1,0,False,0,0,0,0,0,0,1,1,straight|cov1|double_mirror,draw_chain1|dblmirrorx1
Evening,003,4.0,8.0,7.0,1,1,0,False,0,0,0,0,0,0,1,1,straight|cov1|double_mirror,draw_chain1|dblmirrorx1
Evening,2344,30.0,7.5,7.5,1,0,0,False,0,0,0,0,0,0,0,1,straight|cov1|hidden3v,
Evening,589,14.0,7.5,7.5,1,0,0,False,0,0,0,0,0,0,0,2,straight|cov1|hp_repeat2|hidden3v;straight|cov1|hp_repeat2|hidden3v,
Evening,5579,12.0,7.5,7.5,1,0,0,False,0,0,0,0,0,0,0,1,straight|cov1|hidden3v,
Evening,7899,30.0,7.5,7.5,1,0,0,False,0,0,0,0,0,0,0,1,straight|cov1|hidden3v,
Evening,556,2.0,7.5,7.0,1,0,0,False,0,0,0,0,0,0,1,1,straight|cov1|double_mirror,dblmirrorx1
Evening,799,31.0,7.5,7.0,1,0,0,False,0,0,0,0,0,0,1,1,straight|cov1|double_mirror,dblmirrorx1
Evening,5568,8.0,7.5,7.0,1,1,0,False,0,0,0,0,0,0,0,1,straight|cov1,draw_chain1
Evening,1337,21.0,7.5,7.0,1,1,0,False,0,0,0,0,0,0,0,1,straight|cov1,draw_chain1
Evening,1334,24.0,7.5,7.0,1,1,0,False,0,0,0,0,0,0,0,1,straight|cov1,draw_chain1
Evening,017,7.0,7.5,7.0,1,1,0,False,0,0,0,0,0,0,0,1,boxed|cov2|perm2,draw_chain1
Evening,1133,18.0,7.5,7.0,1,1,0,False,0,0,0,0,0,0,0,1,straight|cov1,draw_chain1
Evening,0336,8.0,7.5,7.0,1,1,0,False,0,0,0,0,0,0,0,1,straight|cov1,draw_chain1
Evening,678,21.0,7.0,7.0,1,0,0,False,0,0,0,0,0,0,0,1,boxed|cov2|perm2,
Evening,3699,24.0,7.0,7.0,1,0,0,False,0,0,0,0,0,0,0,1,straight|cov1,
Evening,5578,11.0,7.0,7.0,1,0,0,False,0,0,0,0,0,0,0,1,straight|cov1,
Evening,5569,9.0,7.0,7.0,1,0,0,False,0,0,0,0,0,0,0,1,straight|cov1,
Evening,147,22.0,6.5,6.0,1,1,0,False,0,0,0,0,0,0,0,1,straight|cov1,draw_chain1
Evening,069,9.0,6.5,6.0,1,1,0,False,0,0,0,0,0,0,0,1,straight|cov1,draw_chain1
Evening,036,8.0,6.5,6.0,1,1,0,False,0,0,0,0,0,0,0,1,straight|cov1,draw_chain1
Evening,369,24.0,6.0,6.0,1,0,0,False,0,0,0,0,0,0,0,1,straight|cov1,
Evening,578,11.0,6.0,6.0,1,0,0,False,0,0,0,0,0,0,0,1,straight|cov1,
Midday,456,9.0,65.5,27.0,1,5,0,False,4,11,5,0,0,14,0,19,boxed|cov4|hp_repeat4|hot2|dom_last|perm4|draw_chain5;straight|cov1|hp_repeat4|hot2|vtrac_straight|draw_chain5,draw_chain5|col1x5|hot1x4|hot2x11|vstrx14
Midday,334,33.0,58.0,24.5,1,5,0,False,2,6,5,0,0,9,15,15,boxed|cov3|hp_repeat5|vstr2|hot2|perm2|hidden3v|double_mirror|draw_chain5;straight|cov2|hp_repeat4|vstr2|hot2|hidden3v|double_mirror|vtrac_straight|draw_chain5,draw_chain5|col1x5|hot1x2|hot2x6|vstrx9|dblmirrorx15
Midday,336,23.0,57.5,27.5,1,5,0,False,2,6,5,0,0,2,15,15,boxed|cov3|hp_repeat4|vstr2|hot2|dom_last|perm2|hidden3v|double_mirror|draw_chain5;boxed|cov3|hp_repeat3|vstr2|hot2|dom_last|perm2|hidden3v|double_mirror|draw_chain5,draw_chain5|col1x5|hot1x2|hot2x6|vstrx2|dblmirrorx15
Midday,346,24.0,57.0,26.5,1,5,0,False,3,8,5,0,0,8,0,14,boxed|cov3|hp_repeat6|hot2|dom_last|perm3|hidden3v|draw_chain5;boxed|cov3|hp_repeat6|hot2|perm3|hidden3v|draw_chain5,draw_chain5|col1x5|hot1x3|hot2x8|vstrx8
Midday,339,33.0,55.5,24.5,1,5,0,False,2,5,4,0,0,11,14,14,straight|cov2|hp_repeat4|vstr2|hot2|hidden3v|double_mirror|vtrac_straight|draw_chain5;straight|cov2|hp_repeat3|vstr2|hot2|hidden3v|double_mirror|vtrac_straight|draw_chain5,draw_chain5|col1x4|hot1x2|hot2x5|vstrx11|dblmirrorx14
Midday,459,15.0,51.0,22.5,1,6,1,False,5,6,3,0,0,9,0,12,straight|cov2|hp_repeat3|vstr2|mirror|hot2|hidden3v|vtrac_straight|draw_chain6;straight|cov2|hp_repeat3|vstr2|mirror|hot2|hidden3v|vtrac_straight|draw_chain6,draw_chain6|col1x3|hot1x5|hot2x6|vstrx9
Midday,3346,24.0,49.5,26.5,1,5,0,False,2,6,5,0,0,3,0,14,boxed|cov3|hp_repeat5|hot2|dom_last|perm3|hidden3v|draw_chain5;boxed|cov3|hp_repeat5|hot2|perm3|hidden3v|draw_chain5,draw_chain5|col1x5|hot1x2|hot2x6|vstrx3
Midday,559,5.0,48.5,32.0,1,4,0,False,1,2,3,0,0,6,7,7,straight|cov3|hp_repeat3|vstr2|vstr3|hot2|dom_last|hidden3v|double_mirror|vtrac_straight|draw_chain3;straight|cov3|vstr2|vstr3|single_left|dom_last|hidden3v|double_mirror|vtrac_straight|draw_chain3,draw_chain4|col1x3|hot1x1|hot2x2|vstrx6|dblmirrorx7
Midday,359,14.0,47.5,21.5,2,6,1,False,4,4,4,0,0,8,0,14,straight|cov1|hp_repeat5|hot2|hidden3v|vtrac_straight|set_chain2|draw_chain6;straight|cov1|hp_repeat5|hot1|hidden3v|vtrac_straight|set_chain2|draw_chain6,set_chain2|draw_chain6|col1x4|hot1x4|hot2x4|vstrx8
Midday,3369,24.0,43.0,20.5,1,5,0,False,2,5,4,0,0,8,0,12,straight|cov1|hp_repeat4|hot2|hidden3v|vtrac_straight|draw_chain5;straight|cov1|hp_repeat4|hot2|hidden3v|vtrac_straight|draw_chain5,draw_chain5|col1x4|hot1x2|hot2x5|vstrx8
Midday,667,17.0,42.5,23.0,1,5,0,False,5,1,0,0,0,5,15,15,straight|cov2|hp_repeat5|vstr2|hot2|double_mirror|vtrac_straight|draw_chain5;straight|cov2|hp_repeat4|vstr2|hot1|double_mirror|vtrac_straight|draw_chain5,draw_chain5|hot1x5|hot2x1|vstrx5|dblmirrorx15
Midday,033,13.0,42.5,18.5,1,4,0,False,1,4,4,0,0,9,9,9,straight|cov1|hp_repeat3|hot2|hidden3v|double_mirror|vtrac_straight|draw_chain4;straight|cov1|hp_repeat3|hot2|hidden3v|double_mirror|vtrac_straight|draw_chain4,draw_chain4|col1x4|hot1x1|hot2x4|vstrx9|dblmirrorx9
Midday,3349,33.0,41.5,20.5,1,4,0,False,2,5,3,0,0,8,0,12,straight|cov1|hp_repeat4|mirror|hot2|hidden3v|vtrac_straight|draw_chain4;straight|cov1|hp_repeat3|mirror|hot2|hidden3v|vtrac_straight|draw_chain4,draw_chain4|col1x3|hot1x2|hot2x5|vstrx8
Midday,599,15.0,41.0,27.5,2,3,0,False,0,2,0,0,0,5,7,7,straight|cov3|hp_repeat3|vstr2|vstr3|hot2|hidden3v|double_mirror|vtrac_straight|set_chain2|draw_chain3;straight|cov3|vstr2|vstr3|single_left|hidden3v|double_mirror|vtrac_straight|set_chain2|draw_chain3,set_chain2|draw_chain3|hot2x2|vstrx5|dblmirrorx7
Midday,569,9.0,41.0,21.0,3,3,0,False,5,4,0,0,0,3,0,17,straight|cov1|hp_repeat6|hot2|vtrac_straight|set_chain3|draw_chain3;boxed|cov2|hp_repeat6|hot2|perm2|set_chain3|draw_chain3,set_chain3|draw_chain3|hot1x5|hot2x4|vstrx3
Midday,244,31.0,39.5,31.0,2,3,0,False,0,0,1,0,0,1,7,7,straight|cov3|vstr2|vstr3|single_left|dom_last|hidden3v|double_mirror|vtrac_straight|set_chain2|draw_chain2;straight|cov3|vstr2|vstr3|single_left|hidden3v|double_mirror|set_chain2|draw_chain2,set_chain2|draw_chain3|col1x1|vstrx1|dblmirrorx7
Midday,466,19.0,39.5,22.0,1,5,0,False,5,1,0,0,0,4,12,12,boxed|cov3|hp_repeat5|vstr2|hot2|perm2|double_mirror|draw_chain5;boxed|cov3|hp_repeat5|vstr2|hot1|perm2|double_mirror|draw_chain5,draw_chain5|hot1x5|hot2x1|vstrx4|dblmirrorx12
Midday,33469,24.0,39.5,19.5,1,4,0,False,2,5,3,0,0,6,0,7,boxed|cov3|hp_repeat2|mirror|hot2|perm3|hidden3v|draw_chain4;straight|cov1|hp_repeat2|mirror|hot2|hidden3v|vtrac_straight|draw_chain4,draw_chain4|col1x3|hot1x2|hot2x5|vstrx6
Midday,226,20.0,38.0,21.0,3,3,0,False,4,0,0,0,0,0,15,15,boxed|cov3|hp_repeat5|vstr2|hot1|perm2|double_mirror|set_chain3;boxed|cov3|hp_repeat5|vstr2|hot1|perm2|double_mirror|set_chain3,set_chain3|draw_chain3|hot1x4|dblmirrorx15
Midday,059,5.0,38.0,20.5,2,4,0,False,1,3,4,0,0,5,0,8,boxed|cov2|hp_repeat4|mirror|hot2|perm2|hidden3v|set_chain2|draw_chain4;straight|cov1|hp_repeat4|mirror|hot2|hidden3v|vtrac_straight|set_chain2|draw_chain4,set_chain2|draw_chain4|col1x4|hot1x1|hot2x3|vstrx5
Midday,677,20.0,37.0,26.0,3,2,0,False,1,0,0,0,0,0,10,10,boxed|cov4|hp_repeat4|vstr2|vstr3|hot1|perm2|double_mirror|set_chain3;boxed|cov4|hp_repeat4|vstr2|vstr3|perm2|double_mirror|set_chain3,set_chain3|draw_chain2|hot1x1|dblmirrorx10
Midday,669,19.0,37.0,21.0,1,3,0,False,5,1,0,0,0,3,12,12,straight|cov2|hp_repeat5|vstr2|hot2|double_mirror|vtrac_straight|draw_chain3;straight|cov2|hp_repeat5|vstr2|hot1|double_mirror|draw_chain3,draw_chain3|hot1x5|hot2x1|vstrx3|dblmirrorx12
Midday,3359,14.0,37.0,18.5,1,5,1,False,2,3,4,0,0,6,0,8,straight|cov1|hp_repeat4|hot2|hidden3v|vtrac_straight|draw_chain5;straight|cov1|hp_repeat4|hot1|hidden3v|vtrac_straight|draw_chain5,draw_chain5|col1x4|hot1x2|hot2x3|vstrx6
Midday,224,28.0,35.5,25.0,2,3,0,False,2,0,0,0,0,0,10,10,straight|cov3|vstr2|vstr3|single_left|double_mirror|set_chain2|draw_chain3;straight|cov3|hp_repeat3|vstr2|vstr3|hot1|double_mirror|set_chain2|draw_chain3,set_chain2|draw_chain3|hot1x2|dblmirrorx10
Midday,33459,14.0,34.0,18.5,1,4,1,False,2,3,3,0,0,3,0,6,straight|cov1|mirror|hot2|hidden3v|vtrac_straight|draw_chain4;straight|cov1|mirror|hot2|hidden3v|vtrac_straight|draw_chain4,draw_chain4|col1x3|hot1x2|hot2x3|vstrx3
Midday,455,5.0,34.0,17.5,1,4,0,False,1,2,3,0,0,6,7,7,straight|cov1|hp_repeat3|hot2|hidden3v|double_mirror|vtrac_straight|draw_chain3;straight|cov1|hp_repeat3|hot2|hidden3v|double_mirror|vtrac_straight|draw_chain3,draw_chain4|col1x3|hot1x1|hot2x2|vstrx6|dblmirrorx7
Midday,036,8.0,34.0,16.0,1,4,0,False,1,4,4,0,0,6,0,6,straight|cov1|hp_repeat2|hot2|vtrac_straight|draw_chain4;straight|cov1|hp_repeat2|hot2|vtrac_straight|draw_chain4,draw_chain4|col1x4|hot1x1|hot2x4|vstrx6
Midday,229,28.0,33.5,20.0,3,3,0,False,2,0,0,0,0,0,12,12,boxed|cov3|hp_repeat4|vstr2|hot1|perm2|double_mirror|set_chain3;straight|cov2|hp_repeat3|vstr2|hot1|double_mirror|set_chain3|draw_chain3,set_chain3|draw_chain3|hot1x2|dblmirrorx12
Midday,579,12.0,33.5,19.5,3,3,0,False,5,1,0,0,0,3,0,14,straight|cov1|hp_repeat4|hot2|hidden3v|vtrac_straight|set_chain3|draw_chain3;straight|cov1|hp_repeat4|hot1|hidden3v|vtrac_straight|set_chain3|draw_chain3,set_chain3|draw_chain3|hot1x5|hot2x1|vstrx3
Midday,005,1.0,33.5,18.0,1,3,0,False,1,2,3,0,0,6,6,6,straight|cov1|hp_repeat3|mirror|hot2|double_mirror|vtrac_straight|draw_chain3;straight|cov1|hp_repeat3|mirror|hot2|double_mirror|vtrac_straight|draw_chain3,draw_chain3|col1x3|hot1x1|hot2x2|vstrx6|dblmirrorx6
Midday,055,1.0,33.5,18.0,1,3,0,False,1,2,3,0,0,6,6,6,straight|cov1|hp_repeat3|mirror|hot2|double_mirror|vtrac_straight|draw_chain3;straight|cov1|hp_repeat3|mirror|hot2|double_mirror|vtrac_straight|draw_chain3,draw_chain3|col1x3|hot1x1|hot2x2|vstrx6|dblmirrorx6
Midday,004,5.0,33.0,17.5,1,3,0,False,1,2,3,0,0,6,6,6,straight|cov1|hp_repeat3|hot2|hidden3v|double_mirror|vtrac_straight|draw_chain3;straight|cov1|hp_repeat3|hot2|hidden3v|double_mirror|vtrac_straight|draw_chain3,draw_chain3|col1x3|hot1x1|hot2x2|vstrx6|dblmirrorx6
Midday,003,4.0,33.0,17.5,1,3,0,False,1,2,3,0,0,6,6,6,straight|cov1|hp_repeat3|hot2|hidden3v|double_mirror|vtrac_straight|draw_chain3;straight|cov1|hp_repeat3|hot2|hidden3v|double_mirror|vtrac_straight|draw_chain3,draw_chain3|col1x3|hot1x1|hot2x2|vstrx6|dblmirrorx6
Midday,49,,32.5,29.0,1,0,0,False,1,0,1,1,0,1,0,1,straight|cov4|vstr2|vstr3|mirror|cons_full|consensus_tail|hot1|dom_pair|vtrac_straight,col1x1|hot1x1|consensusx1|vstrx1
Midday,0336,8.0,32.5,17.0,1,4,0,False,1,4,4,0,0,1,0,7,boxed|cov2|hp_repeat3|hot2|perm2|draw_chain4;boxed|cov2|hp_repeat2|hot2|perm2|draw_chain4,draw_chain4|col1x4|hot1x1|hot2x4|vstrx1
Midday,225,10.0,32.0,20.0,3,3,0,False,1,0,0,0,0,0,11,11,boxed|cov4|hp_repeat3|vstr2|perm2|double_mirror|set_chain3;straight|cov2|hp_repeat3|vstr2|double_mirror|set_chain3,set_chain3|draw_chain3|hot1x1|dblmirrorx11
Midday,049,15.0,31.5,17.5,1,2,0,False,0,4,2,0,0,6,0,7,straight|cov1|hp_repeat4|mirror|hot2|hidden3v|vtrac_straight|draw_chain2;straight|cov1|hp_repeat3|mirror|hot2|hidden3v|vtrac_straight|draw_chain2,draw_chain2|col1x2|hot2x4|vstrx6
Midday,00334,14.0,31.0,18.5,1,3,0,False,1,2,3,0,0,6,0,6,straight|cov1|hp_repeat3|hot2|hidden3v|vtrac_straight|draw_chain3;straight|cov1|hp_repeat3|hot2|hidden3v|vtrac_straight|draw_chain3,draw_chain3|col1x3|hot1x1|hot2x2|vstrx6
Midday,469,25.0,30.5,19.5,2,1,0,False,4,2,0,0,0,1,0,8,boxed|cov3|hp_repeat5|vstr2|mirror|hot1|perm2|hidden3v|set_chain2;boxed|cov3|hp_repeat5|vstr2|mirror|hot1|perm2|hidden3v|set_chain2,set_chain2|draw_chain1|hot1x4|hot2x2|vstrx1
Midday,0055,1.0,30.5,18.0,1,3,0,False,1,2,3,0,0,6,0,6,straight|cov1|hp_repeat3|mirror|hot2|vtrac_straight|draw_chain3;straight|cov1|hp_repeat3|mirror|hot2|vtrac_straight|draw_chain3,draw_chain3|col1x3|hot1x1|hot2x2|vstrx6
Midday,006,2.0,30.5,16.0,1,3,0,False,1,2,3,0,0,4,6,6,boxed|cov2|hp_repeat3|hot2|perm2|double_mirror|draw_chain3;boxed|cov2|hp_repeat3|hot2|perm2|double_mirror|draw_chain3,draw_chain3|col1x3|hot1x1|hot2x2|vstrx4|dblmirrorx6
Midday,399,34.0,30.0,19.0,1,3,0,False,0,2,0,0,0,5,6,6,straight|cov2|hp_repeat3|vstr2|hot2|double_mirror|vtrac_straight|draw_chain3;straight|cov2|hp_repeat2|vstr2|hot2|double_mirror|vtrac_straight|draw_chain3,draw_chain3|hot2x2|vstrx5|dblmirrorx6
Midday,0034,14.0,30.0,17.5,1,3,0,False,1,2,3,0,0,6,0,6,straight|cov1|hp_repeat3|hot2|hidden3v|vtrac_straight|draw_chain3;straight|cov1|hp_repeat3|hot2|hidden3v|vtrac_straight|draw_chain3,draw_chain3|col1x3|hot1x1|hot2x2|vstrx6
Midday,0033,4.0,30.0,17.5,1,3,0,False,1,2,3,0,0,6,0,6,straight|cov1|hp_repeat3|hot2|hidden3v|vtrac_straight|draw_chain3;straight|cov1|hp_repeat3|hot2|hidden3v|vtrac_straight|draw_chain3,draw_chain3|col1x3|hot1x1|hot2x2|vstrx6
Midday,366,18.0,29.5,19.0,1,4,0,False,3,0,0,0,0,1,10,10,boxed|cov3|hp_repeat4|vstr2|hot1|perm2|double_mirror|draw_chain4;boxed|cov3|hp_repeat4|vstr2|hot1|perm2|double_mirror|draw_chain4,draw_chain4|hot1x3|vstrx1|dblmirrorx10
Midday,00559,5.0,29.5,18.5,1,3,0,False,1,2,3,0,0,3,0,6,boxed|cov2|hp_repeat3|mirror|hot2|perm2|hidden3v|draw_chain3;straight|cov1|hp_repeat3|mirror|hot2|hidden3v|vtrac_straight|draw_chain3,draw_chain3|col1x3|hot1x1|hot2x2|vstrx3
Midday,0069,9.0,29.5,17.0,1,3,0,False,1,2,3,0,0,6,0,6,straight|cov1|hp_repeat3|hot2|vtrac_straight|draw_chain3;straight|cov1|hp_repeat3|hot2|vtrac_straight|draw_chain3,draw_chain3|col1x3|hot1x1|hot2x2|vstrx6
Midday,0339,14.0,29.5,16.5,1,4,0,False,1,2,4,0,0,4,0,4,straight|cov1|hot2|hidden3v|vtrac_straight|draw_chain4;straight|cov1|hot2|hidden3v|vtrac_straight|draw_chain4,draw_chain4|col1x4|hot1x1|hot2x2|vstrx4
Midday,5599,5.0,29.0,24.5,1,2,0,False,0,1,0,0,0,3,0,3,straight|cov3|vstr2|vstr3|single_left|hidden3v|vtrac_straight|draw_chain2;straight|cov3|hp_repeat2|vstr2|vstr3|hot2|hidden3v|vtrac_straight|draw_chain2,draw_chain2|hot2x1|vstrx3
Midday,4569,9.0,29.0,21.0,2,1,0,False,1,2,0,0,0,1,0,4,boxed|cov4|hp_repeat3|mirror|hot2|perm4|set_chain2;straight|cov1|hp_repeat3|mirror|hot2|vtrac_straight|set_chain2,set_chain2|draw_chain1|hot1x1|hot2x2|vstrx1
Midday,259,12.0,29.0,20.5,3,4,0,False,1,0,1,0,0,1,0,11,boxed|cov3|hp_repeat3|vstr2|hot1|perm2|hidden3v|set_chain3|draw_chain3;boxed|cov3|hp_repeat3|vstr2|perm2|hidden3v|set_chain3|draw_chain3,set_chain3|draw_chain4|col1x1|hot1x1|vstrx1
Midday,005569,9.0,29.0,18.0,1,3,0,False,1,2,3,0,0,3,0,4,boxed|cov2|hp_repeat2|mirror|hot2|perm2|draw_chain3;straight|cov1|hp_repeat2|mirror|hot2|vtrac_straight|draw_chain3,draw_chain3|col1x3|hot1x1|hot2x2|vstrx3
Midday,009,5.0,29.0,16.5,1,3,0,False,1,2,3,0,0,0,6,6,boxed|cov2|hp_repeat3|hot2|perm2|hidden3v|double_mirror|draw_chain3;boxed|cov2|hp_repeat3|hot2|perm2|hidden3v|double_mirror|draw_chain3,draw_chain3|col1x3|hot1x1|hot2x2|dblmirrorx6
Midday,0033559,14.0,28.5,19.5,1,3,0,False,1,1,3,0,0,3,0,3,straight|cov1|mirror|hot2|hidden3v|vtrac_straight|draw_chain3;straight|cov1|mirror|hot1|hidden3v|vtrac_straight|draw_chain3,draw_chain3|col1x3|hot1x1|hot2x1|vstrx3
Midday,0559,5.0,28.5,17.5,1,3,0,False,1,2,3,0,0,3,0,6,boxed|cov2|hp_repeat3|mirror|hot2|perm2|hidden3v|draw_chain3;straight|cov1|hp_repeat3|mirror|hot2|hidden3v|vtrac_straight|draw_chain3,draw_chain3|col1x3|hot1x1|hot2x2|vstrx3
Midday,039,14.0,28.5,15.5,1,4,0,False,1,2,4,0,0,4,0,4,straight|cov1|hot2|hidden3v|vtrac_straight|draw_chain4;straight|cov1|hot2|hidden3v|vtrac_straight|draw_chain4,draw_chain4|col1x4|hot1x1|hot2x2|vstrx4
Midday,447,31.0,28.5,15.5,2,4,0,False,1,0,2,0,0,3,9,9,straight|cov1|hp_repeat2|hot1|hidden3v|double_mirror|vtrac_straight|set_chain2|draw_chain2;straight|cov1|hp_repeat2|hidden3v|double_mirror|vtrac_straight|set_chain2|draw_chain2,set_chain2|draw_chain4|col1x2|hot1x1|vstrx3|dblmirrorx9
Midday,2259,12.0,28.0,21.5,3,3,0,False,1,0,0,0,0,0,0,10,boxed|cov3|hp_repeat3|vstr2|hot1|perm2|hidden3v|set_chain3|draw_chain3;boxed|cov3|hp_repeat3|vstr2|perm2|hidden3v|set_chain3|draw_chain3,set_chain3|draw_chain3|hot1x1
Midday,567,7.0,28.0,16.0,2,3,0,False,5,1,0,0,0,3,0,7,straight|cov1|hp_repeat3|hot2|vtrac_straight|set_chain2|draw_chain3;straight|cov1|hp_repeat2|hot1|vtrac_straight|set_chain2|draw_chain3,set_chain2|draw_chain3|hot1x5|hot2x1|vstrx3
Midday,445,15.0,28.0,15.5,2,4,0,False,1,0,2,0,0,3,8,8,straight|cov1|hp_repeat2|hot1|hidden3v|double_mirror|vtrac_straight|set_chain2|draw_chain2;straight|cov1|hp_repeat2|hidden3v|double_mirror|vtrac_straight|set_chain2|draw_chain2,set_chain2|draw_chain4|col1x2|hot1x1|vstrx3|dblmirrorx8
Midday,3399,33.0,27.5,19.5,1,3,0,False,0,2,0,0,0,5,0,6,straight|cov2|hp_repeat3|vstr2|hot2|hidden3v|vtrac_straight|draw_chain3;straight|cov2|hp_repeat2|vstr2|hot2|hidden3v|vtrac_straight|draw_chain3,draw_chain3|hot2x2|vstrx5
Midday,003559,14.0,27.5,18.5,1,3,0,False,1,1,3,0,0,3,0,3,straight|cov1|mirror|hot2|hidden3v|vtrac_straight|draw_chain3;straight|cov1|mirror|hot1|hidden3v|vtrac_straight|draw_chain3,draw_chain3|col1x3|hot1x1|hot2x1|vstrx3
Midday,033559,14.0,27.5,18.5,1,3,0,False,1,1,3,0,0,3,0,3,straight|cov1|mirror|hot2|hidden3v|vtrac_straight|draw_chain3;straight|cov1|mirror|hot1|hidden3v|vtrac_straight|draw_chain3,draw_chain3|col1x3|hot1x1|hot2x1|vstrx3
Midday,0036,8.0,27.5,16.0,1,3,0,False,1,2,3,0,0,4,0,4,straight|cov1|hp_repeat2|hot2|vtrac_straight|draw_chain3;straight|cov1|hp_repeat2|hot2|vtrac_straight|draw_chain3,draw_chain3|col1x3|hot1x1|hot2x2|vstrx4
Midday,2244,28.0,27.0,24.0,2,2,0,False,0,0,0,0,0,0,0,6,straight|cov3|vstr2|vstr3|single_left|set_chain2|draw_chain2;straight|cov3|hp_repeat3|vstr2|vstr3|set_chain2,set_chain2|draw_chain2
Midday,007,3.0,27.0,18.5,1,3,0,False,1,0,2,0,0,4,4,4,straight|cov2|hp_repeat2|vstr2|hot1|hidden3v|double_mirror|vtrac_straight|draw_chain3;straight|cov2|hp_repeat2|vstr2|hidden3v|double_mirror|vtrac_straight|draw_chain3,draw_chain3|col1x2|hot1x1|vstrx4|dblmirrorx4
Midday,5669,9.0,27.0,17.0,1,3,0,False,5,1,0,0,0,3,0,12,straight|cov1|hp_repeat5|hot2|vtrac_straight|draw_chain3;straight|cov1|hp_repeat4|hot1|vtrac_straight|draw_chain3,draw_chain3|hot1x5|hot2x1|vstrx3
Midday,4566,9.0,27.0,16.0,1,5,0,False,4,1,0,0,0,5,0,9,straight|cov1|hp_repeat2|hot2|vtrac_straight|draw_chain5;straight|cov1|hp_repeat2|hot1|vtrac_straight|draw_chain5,draw_chain5|hot1x4|hot2x1|vstrx5
Midday,499,35.0,27.0,16.0,1,3,0,False,0,2,0,0,0,5,6,6,straight|cov1|hp_repeat3|mirror|hot2|double_mirror|vtrac_straight|draw_chain3;straight|cov1|hp_repeat2|mirror|hot2|double_mirror|vtrac_straight|draw_chain3,draw_chain3|hot2x2|vstrx5|dblmirrorx6
Midday,334599,14.0,26.5,18.5,1,3,0,False,0,2,0,0,0,5,0,6,straight|cov1|hp_repeat3|mirror|hot2|hidden3v|vtrac_straight|draw_chain3;straight|cov1|hp_repeat2|mirror|hot2|hidden3v|vtrac_straight|draw_chain3,draw_chain3|hot2x2|vstrx5
Midday,03559,14.0,26.5,17.5,1,3,0,False,1,1,3,0,0,3,0,3,straight|cov1|mirror|hot2|hidden3v|vtrac_straight|draw_chain3;straight|cov1|mirror|hot1|hidden3v|vtrac_straight|draw_chain3,draw_chain3|col1x3|hot1x1|hot2x1|vstrx3
Midday,679,22.0,26.5,16.5,2,1,0,False,5,1,0,0,0,1,0,10,straight|cov1|hp_repeat5|hot2|hidden3v|vtrac_straight|set_chain2;boxed|cov2|hp_repeat5|hot1|perm2|hidden3v|set_chain2,set_chain2|draw_chain1|hot1x5|hot2x1|vstrx1
Midday,3466,24.0,26.0,18.5,1,4,0,True,3,0,0,0,0,3,0,9,boxed|cov3|hp_repeat4|hot1|perm3|hidden3v|draw_chain4;boxed|cov3|hp_repeat4|hot1|perm3|hidden3v|draw_chain4,draw_chain4|hot1x3|vstrx3
Midday,069,9.0,26.0,17.0,2,1,0,False,0,2,1,0,0,3,0,5,straight|cov1|hp_repeat4|hot2|vtrac_straight|set_chain2;straight|cov1|hp_repeat4|hot2|vtrac_straight|set_chain2,set_chain2|draw_chain1|col1x1|hot2x2|vstrx3
Midday,00569,9.0,26.0,17.0,1,3,0,False,1,1,3,0,0,3,0,3,straight|cov1|mirror|hot2|vtrac_straight|draw_chain3;straight|cov1|mirror|hot1|vtrac_straight|draw_chain3,draw_chain3|col1x3|hot1x1|hot2x1|vstrx3
Midday,003349,14.0,25.5,18.5,1,1,0,False,0,2,1,0,0,3,0,3,straight|cov1|hp_repeat3|mirror|hot2|hidden3v|vtrac_straight;straight|cov1|hp_repeat3|mirror|hot2|hidden3v|vtrac_straight,draw_chain1|col1x1|hot2x2|vstrx3
Midday,0334559,14.0,25.5,18.5,1,2,0,False,1,1,2,0,0,2,0,2,straight|cov1|mirror|hot2|hidden3v|vtrac_straight|draw_chain2;straight|cov1|mirror|hot1|hidden3v|vtrac_straight|draw_chain2,draw_chain2|col1x2|hot1x1|hot2x1|vstrx2
Midday,0059,5.0,25.5,16.5,1,3,0,False,1,1,3,0,0,3,0,3,straight|cov1|mirror|hot2|hidden3v|vtrac_straight|draw_chain3;straight|cov1|mirror|hot1|hidden3v|vtrac_straight|draw_chain3,draw_chain3|col1x3|hot1x1|hot2x1|vstrx3
Midday,33559,14.0,25.5,16.5,1,3,0,False,1,1,3,0,0,3,0,3,straight|cov1|hot2|hidden3v|vtrac_straight|draw_chain3;straight|cov1|hot1|hidden3v|vtrac_straight|draw_chain3,draw_chain3|col1x3|hot1x1|hot2x1|vstrx3
Midday,00339,14.0,25.5,16.5,1,3,0,False,1,1,3,0,0,3,0,3,straight|cov1|hot2|hidden3v|vtrac_straight|draw_chain3;straight|cov1|hot1|hidden3v|vtrac_straight|draw_chain3,draw_chain3|col1x3|hot1x1|hot2x1|vstrx3
Midday,00336,8.0,25.5,16.0,1,3,0,False,1,2,3,0,0,0,0,4,boxed|cov2|hp_repeat2|hot2|perm2|draw_chain3;boxed|cov2|hp_repeat2|hot2|perm2|draw_chain3,draw_chain3|col1x3|hot1x1|hot2x2
Midday,22459,12.0,25.0,20.5,2,3,0,False,1,0,0,0,0,0,0,7,straight|cov2|hp_repeat3|vstr2|mirror|hot1|hidden3v|set_chain2|draw_chain3;straight|cov2|hp_repeat3|vstr2|mirror|hidden3v|set_chain2|draw_chain3,set_chain2|draw_chain3|hot1x1
Midday,00334559,14.0,25.0,18.5,1,2,0,False,1,1,2,0,0,1,0,2,boxed|cov2|mirror|hot2|perm2|hidden3v|draw_chain2;straight|cov1|mirror|hot1|hidden3v|vtrac_straight|draw_chain2,draw_chain2|col1x2|hot1x1|hot2x1|vstrx1
Midday,33499,34.0,25.0,17.0,1,3,0,False,0,2,0,0,0,5,0,6,straight|cov1|hp_repeat3|mirror|hot2|vtrac_straight|draw_chain3;straight|cov1|hp_repeat2|mirror|hot2|vtrac_straight|draw_chain3,draw_chain3|hot2x2|vstrx5
Midday,344,34.0,25.0,17.0,1,3,0,False,1,0,2,0,0,3,4,4,straight|cov2|hp_repeat2|vstr2|hot1|double_mirror|vtrac_straight|draw_chain2;straight|cov2|hp_repeat2|vstr2|double_mirror|vtrac_straight|draw_chain2,draw_chain3|col1x2|hot1x1|vstrx3|dblmirrorx4
Midday,5667,7.0,25.0,15.0,1,3,0,False,5,1,0,0,0,3,0,6,straight|cov1|hp_repeat3|hot2|vtrac_straight|draw_chain3;straight|cov1|hp_repeat2|hot1|vtrac_straight|draw_chain3,draw_chain3|hot1x5|hot2x1|vstrx3
Midday,2249,28.0,24.5,19.0,2,3,0,False,2,0,0,0,0,0,0,10,straight|cov2|hp_repeat3|vstr2|mirror|hot1|set_chain2|draw_chain3;straight|cov2|hp_repeat4|vstr2|mirror|hot1|set_chain2,set_chain2|draw_chain3|hot1x2
Midday,03349,14.0,24.5,17.5,1,1,0,False,0,2,1,0,0,3,0,3,straight|cov1|hp_repeat3|mirror|hot2|hidden3v|vtrac_straight;straight|cov1|hp_repeat3|mirror|hot2|hidden3v|vtrac_straight,draw_chain1|col1x1|hot2x2|vstrx3
Midday,00349,14.0,24.5,17.5,1,1,0,False,0,2,1,0,0,3,0,3,straight|cov1|hp_repeat3|mirror|hot2|hidden3v|vtrac_straight;straight|cov1|hp_repeat3|mirror|hot2|hidden3v|vtrac_straight,draw_chain1|col1x1|hot2x2|vstrx3
Midday,334559,14.0,24.5,17.5,1,2,0,False,1,1,2,0,0,2,0,2,straight|cov1|mirror|hot2|hidden3v|vtrac_straight|draw_chain2;straight|cov1|mirror|hot1|hidden3v|vtrac_straight|draw_chain2,draw_chain2|col1x2|hot1x1|hot2x1|vstrx2
Midday,779,28.0,24.5,17.0,3,1,0,False,0,0,0,0,0,0,6,6,straight|cov2|hp_repeat3|vstr2|double_mirror|set_chain3;straight|cov1|hp_repeat3|double_mirror|set_chain3,set_chain3|draw_chain1|dblmirrorx6
Midday,4599,15.0,24.5,16.5,1,3,0,False,0,2,0,0,0,5,0,6,straight|cov1|hp_repeat3|mirror|hot2|hidden3v|vtrac_straight|draw_chain3;straight|cov1|hp_repeat2|mirror|hot2|hidden3v|vtrac_straight|draw_chain3,draw_chain3|hot2x2|vstrx5
Midday,33599,14.0,24.5,16.5,1,3,0,False,0,2,0,0,0,5,0,6,straight|cov1|hp_repeat3|hot2|hidden3v|vtrac_straight|draw_chain3;straight|cov1|hp_repeat2|hot2|hidden3v|vtrac_straight|draw_chain3,draw_chain3|hot2x2|vstrx5
Midday,3559,14.0,24.5,15.5,1,3,0,False,1,1,3,0,0,3,0,3,straight|cov1|hot2|hidden3v|vtrac_straight|draw_chain3;straight|cov1|hot1|hidden3v|vtrac_straight|draw_chain3,draw_chain3|col1x3|hot1x1|hot2x1|vstrx3
Midday,0039,14.0,24.5,15.5,1,3,0,False,1,1,3,0,0,3,0,3,straight|cov1|hot2|hidden3v|vtrac_straight|draw_chain3;straight|cov1|hot1|hidden3v|vtrac_straight|draw_chain3,draw_chain3|col1x3|hot1x1|hot2x1|vstrx3
Midday,467,22.0,24.5,14.5,2,1,0,False,5,1,0,0,0,1,0,8,boxed|cov2|hp_repeat5|hot1|perm2|hidden3v|set_chain2;boxed|cov2|hp_repeat5|hot1|perm2|hidden3v|set_chain2,set_chain2|draw_chain1|hot1x5|hot2x1|vstrx1
Midday,4669,25.0,24.0,19.5,1,1,0,False,2,1,0,0,0,0,0,5,boxed|cov3|hp_repeat5|vstr2|mirror|hot2|perm2|hidden3v;boxed|cov3|hp_repeat5|vstr2|mirror|hot1|perm2|hidden3v,draw_chain1|hot1x2|hot2x1
Midday,005579,12.0,24.0,17.5,1,3,0,False,1,0,2,0,0,4,0,4,straight|cov1|hp_repeat2|mirror|hot1|hidden3v|vtrac_straight|draw_chain3;straight|cov1|hp_repeat2|mirror|hidden3v|vtrac_straight|draw_chain3,draw_chain3|col1x2|hot1x1|vstrx4
Midday,0569,9.0,24.0,16.0,2,1,0,False,0,2,1,0,0,1,0,3,boxed|cov2|hp_repeat2|mirror|hot2|perm2|set_chain2;straight|cov1|hp_repeat2|mirror|hot2|vtrac_straight|set_chain2,set_chain2|draw_chain1|col1x1|hot2x2|vstrx1
Midday,45669,9.0,23.5,19.0,1,1,0,False,2,1,0,0,0,0,0,5,boxed|cov3|hp_repeat5|mirror|hot2|perm3;boxed|cov3|hp_repeat5|mirror|hot1|perm3,draw_chain1|hot1x2|hot2x1
Midday,04599,15.0,23.5,16.5,1,2,0,False,0,2,0,0,0,4,0,5,straight|cov1|hp_repeat3|mirror|hot2|hidden3v|vtrac_straight|draw_chain2;straight|cov1|hp_repeat2|mirror|hot2|hidden3v|vtrac_straight|draw_chain2,draw_chain2|hot2x2|vstrx4
Midday,0349,14.0,23.5,16.5,1,1,0,False,0,2,1,0,0,3,0,3,straight|cov1|hp_repeat3|mirror|hot2|hidden3v|vtrac_straight;straight|cov1|hp_repeat3|mirror|hot2|hidden3v|vtrac_straight,draw_chain1|col1x1|hot2x2|vstrx3
Midday,0049,5.0,23.5,16.5,1,1,0,False,0,2,1,0,0,3,0,3,straight|cov1|hp_repeat3|mirror|hot2|hidden3v|vtrac_straight;straight|cov1|hp_repeat3|mirror|hot2|hidden3v|vtrac_straight,draw_chain1|col1x1|hot2x2|vstrx3
Midday,0459,5.0,23.5,15.5,1,2,0,False,0,2,2,0,0,2,0,2,straight|cov1|mirror|hot2|hidden3v|vtrac_straight|draw_chain2;straight|cov1|mirror|hot2|hidden3v|vtrac_straight|draw_chain2,draw_chain2|col1x2|hot2x2|vstrx2
Midday,3599,14.0,23.5,15.5,1,3,0,False,0,2,0,0,0,5,0,6,straight|cov1|hp_repeat3|hot2|hidden3v|vtrac_straight|draw_chain3;straight|cov1|hp_repeat2|hot2|hidden3v|vtrac_straight|draw_chain3,draw_chain3|hot2x2|vstrx5
Midday,3459,14.0,23.5,14.5,1,2,0,False,3,2,0,0,0,2,0,5,boxed|cov2|hp_repeat3|mirror|hot2|perm2|hidden3v|draw_chain2;straight|cov1|hp_repeat2|mirror|hot2|hidden3v|vtrac_straight|draw_chain2,draw_chain2|hot1x3|hot2x2|vstrx2
Midday,446,25.0,23.5,14.5,2,2,0,False,1,0,1,0,0,2,6,6,straight|cov1|hp_repeat2|hot1|hidden3v|double_mirror|vtrac_straight|set_chain2;straight|cov1|hp_repeat2|hidden3v|double_mirror|vtrac_straight|set_chain2,set_chain2|draw_chain2|col1x1|hot1x1|vstrx2|dblmirrorx6
Midday,22469,22.0,23.0,18.5,2,1,0,False,2,0,0,0,0,0,0,4,boxed|cov3|hp_repeat3|mirror|hot1|perm3|hidden3v|set_chain2;boxed|cov2|hp_repeat3|mirror|perm2|hidden3v|set_chain2,set_chain2|draw_chain1|hot1x2
Midday,00335599,14.0,23.0,18.5,1,2,0,False,0,1,0,0,0,3,0,3,straight|cov1|hp_repeat2|mirror|hot2|hidden3v|vtrac_straight|draw_chain2;straight|cov1|hp_repeat2|mirror|hidden3v|vtrac_straight|draw_chain2,draw_chain2|hot2x1|vstrx3
Midday,03345599,14.0,23.0,18.5,1,2,0,False,0,1,0,0,0,3,0,3,straight|cov1|hp_repeat2|mirror|hot2|hidden3v|vtrac_straight|draw_chain2;straight|cov1|hp_repeat2|mirror|hidden3v|vtrac_straight|draw_chain2,draw_chain2|hot2x1|vstrx3
Midday,3344,33.0,23.0,17.5,1,2,0,False,1,0,2,0,0,3,0,3,straight|cov2|hp_repeat2|vstr2|hot1|hidden3v|vtrac_straight|draw_chain2;straight|cov2|hp_repeat2|vstr2|hidden3v|vtrac_straight|draw_chain2,draw_chain2|col1x2|hot1x1|vstrx3
Midday,00557,3.0,23.0,16.5,1,3,0,False,1,0,2,0,0,4,0,4,straight|cov1|hp_repeat2|mirror|hot1|hidden3v|vtrac_straight|draw_chain3;straight|cov1|hp_repeat2|mirror|hidden3v|vtrac_straight|draw_chain3,draw_chain3|col1x2|hot1x1|vstrx4
Midday,099,15.0,23.0,14.5,1,3,0,False,0,2,0,0,0,0,6,6,boxed|cov2|hp_repeat3|hot2|perm2|hidden3v|double_mirror|draw_chain3;boxed|cov2|hp_repeat2|hot2|perm2|hidden3v|double_mirror|draw_chain3,draw_chain3|hot2x2|dblmirrorx6
Midday,0359,14.0,22.5,16.5,2,1,0,False,0,1,1,0,0,1,0,2,straight|cov1|mirror|hot2|hidden3v|vtrac_straight|set_chain2;straight|cov1|mirror|hidden3v|set_chain2,set_chain2|draw_chain1|col1x1|hot2x1|vstrx1
Midday,00556,2.0,22.5,16.0,1,1,0,False,0,2,1,0,0,2,0,2,straight|cov1|hp_repeat2|mirror|hot2|vtrac_straight;straight|cov1|hp_repeat2|mirror|hot2|vtrac_straight,draw_chain1|col1x1|hot2x2|vstrx2
Midday,3667,21.0,22.5,15.5,1,3,0,True,3,0,0,0,0,3,0,9,straight|cov1|hp_repeat4|hot1|hidden3v|vtrac_straight|draw_chain3;straight|cov1|hp_repeat3|hot1|hidden3v|vtrac_straight|draw_chain3,draw_chain3|hot1x3|vstrx3
Midday,0499,15.0,22.5,15.5,1,2,0,False,0,2,0,0,0,4,0,5,straight|cov1|hp_repeat3|mirror|hot2|hidden3v|vtrac_straight|draw_chain2;straight|cov1|hp_repeat2|mirror|hot2|hidden3v|vtrac_straight|draw_chain2,draw_chain2|hot2x2|vstrx4
Midday,0334,14.0,22.5,15.5,1,1,0,False,0,2,1,0,0,3,0,3,straight|cov1|hp_repeat3|hot2|hidden3v|vtrac_straight;straight|cov1|hp_repeat3|hot2|hidden3v|vtrac_straight,draw_chain1|col1x1|hot2x2|vstrx3
Midday,0599,5.0,22.5,15.5,1,3,0,False,0,2,0,0,0,3,0,6,boxed|cov2|hp_repeat3|mirror|hot2|perm2|hidden3v|draw_chain3;straight|cov1|hp_repeat2|mirror|hot2|hidden3v|vtrac_straight|draw_chain3,draw_chain3|hot2x2|vstrx3
Midday,4559,15.0,22.5,15.5,1,2,0,False,1,1,2,0,0,2,0,2,straight|cov1|mirror|hot2|hidden3v|vtrac_straight|draw_chain2;straight|cov1|mirror|hot1|hidden3v|vtrac_straight|draw_chain2,draw_chain2|col1x2|hot1x1|hot2x1|vstrx2
Midday,369,24.0,22.5,14.5,1,2,0,False,2,2,0,0,0,2,0,6,boxed|cov2|hp_repeat5|hot2|perm2|hidden3v|draw_chain2;straight|cov1|hp_repeat5|hot1|hidden3v|vtrac_straight|draw_chain2,draw_chain2|hot1x2|hot2x2|vstrx2
Midday,67,,22.0,20.0,1,0,0,False,1,0,1,0,0,0,0,1,boxed|cov4|hp_repeat2|vstr2|vstr3|hot1|dom_pair|perm2,col1x1|hot1x1
Midday,46679,22.0,22.0,17.5,1,1,0,False,2,1,0,0,0,0,0,3,boxed|cov3|hp_repeat3|mirror|hot2|perm3|hidden3v;boxed|cov3|hp_repeat3|mirror|hot1|perm3|hidden3v,draw_chain1|hot1x2|hot2x1
Midday,0035599,14.0,22.0,17.5,1,2,0,False,0,1,0,0,0,3,0,3,straight|cov1|hp_repeat2|mirror|hot2|hidden3v|vtrac_straight|draw_chain2;straight|cov1|hp_repeat2|mirror|hidden3v|vtrac_straight|draw_chain2,draw_chain2|hot2x1|vstrx3
Midday,0335599,14.0,22.0,17.5,1,2,0,False,0,1,0,0,0,3,0,3,straight|cov1|hp_repeat2|mirror|hot2|hidden3v|vtrac_straight|draw_chain2;straight|cov1|hp_repeat2|mirror|hidden3v|vtrac_straight|draw_chain2,draw_chain2|hot2x1|vstrx3
Midday,3345599,14.0,22.0,17.5,1,2,0,False,0,1,0,0,0,3,0,3,straight|cov1|hp_repeat2|mirror|hot2|hidden3v|vtrac_straight|draw_chain2;straight|cov1|hp_repeat2|mirror|hidden3v|vtrac_straight|draw_chain2,draw_chain2|hot2x1|vstrx3
Midday,678,21.0,22.0,16.5,3,2,0,False,0,0,0,0,0,1,0,5,boxed|cov3|hp_repeat2|vstr2|perm2|hidden3v|set_chain3;straight|cov1|hidden3v|vtrac_straight|set_chain3|draw_chain2,set_chain3|draw_chain2|vstrx1
Midday,33699,24.0,22.0,15.5,1,2,0,False,0,2,0,0,0,3,0,4,straight|cov1|hp_repeat3|hot2|hidden3v|vtrac_straight|draw_chain2;straight|cov1|hp_repeat3|hidden3v|vtrac_straight|draw_chain2,draw_chain2|hot2x2|vstrx3
Midday,0057,3.0,22.0,15.5,1,3,0,False,1,0,2,0,0,4,0,4,straight|cov1|hp_repeat2|mirror|hot1|hidden3v|vtrac_straight|draw_chain3;straight|cov1|hp_repeat2|mirror|hidden3v|vtrac_straight|draw_chain3,draw_chain3|col1x2|hot1x1|vstrx4
Midday,4556,9.0,22.0,15.0,1,1,0,False,0,2,1,0,0,3,0,3,straight|cov1|hp_repeat3|hot2|vtrac_straight;straight|cov1|hp_repeat3|hot2|vtrac_straight,draw_chain1|col1x1|hot2x2|vstrx3
Midday,347,30.0,22.0,14.0,1,4,0,True,3,0,0,0,0,4,0,9,straight|cov1|hp_repeat3|hot1|vtrac_straight|draw_chain4;straight|cov1|hp_repeat3|hot1|vtrac_straight|draw_chain4,draw_chain4|hot1x3|vstrx4
Midday,349,34.0,22.0,13.0,1,2,0,False,3,2,0,0,0,2,0,5,boxed|cov2|hp_repeat3|mirror|hot2|perm2|draw_chain2;straight|cov1|hp_repeat2|mirror|hot2|vtrac_straight|draw_chain2,draw_chain2|hot1x3|hot2x2|vstrx2
Midday,224679,22.0,21.5,20.5,1,0,0,False,1,0,0,0,0,0,0,3,boxed|cov4|hp_repeat3|mirror|hot1|perm4|hidden3v;straight|cov1|hp_repeat3|mirror|hidden3v,hot1x1
Midday,4679,22.0,21.5,18.5,1,0,0,False,3,0,0,0,0,0,0,3,boxed|cov4|hp_repeat3|mirror|hot1|perm4|hidden3v;boxed|cov4|hp_repeat3|mirror|hot1|perm4|hidden3v,hot1x3
Midday,224459,12.0,21.5,18.5,2,2,0,False,0,0,0,0,0,0,0,4,straight|cov2|hp_repeat2|vstr2|mirror|hidden3v|set_chain2|draw_chain2;straight|cov2|hp_repeat2|vstr2|mirror|hidden3v|set_chain2|draw_chain2,set_chain2|draw_chain2
Midday,0034559,14.0,21.5,17.5,1,1,0,False,0,1,1,0,0,1,0,1,straight|cov1|mirror|hot2|hidden3v|vtrac_straight,draw_chain1|col1x1|hot2x1|vstrx1
Midday,0033459,14.0,21.5,17.5,1,1,0,False,0,1,1,0,0,1,0,1,straight|cov1|mirror|hot2|hidden3v|vtrac_straight,draw_chain1|col1x1|hot2x1|vstrx1
Midday,3469,24.0,21.5,16.5,1,1,0,False,2,1,0,0,0,1,0,3,boxed|cov3|hp_repeat3|mirror|hot2|perm3|hidden3v;straight|cov1|hp_repeat3|mirror|hot1|hidden3v|vtrac_straight,draw_chain1|hot1x2|hot2x1|vstrx1
Midday,334699,24.0,21.5,15.5,1,2,0,False,0,2,0,0,0,2,0,2,straight|cov1|mirror|hot2|hidden3v|vtrac_straight|draw_chain2;straight|cov1|mirror|hot2|hidden3v|vtrac_straight|draw_chain2,draw_chain2|hot2x2|vstrx2
Midday,0056,2.0,21.5,15.0,1,1,0,False,0,2,1,0,0,2,0,2,straight|cov1|hp_repeat2|mirror|hot2|vtrac_straight;straight|cov1|hp_repeat2|mirror|hot2|vtrac_straight,draw_chain1|col1x1|hot2x2|vstrx2
Midday,034,14.0,21.5,14.5,1,1,0,False,0,2,1,0,0,3,0,3,straight|cov1|hp_repeat3|hot2|hidden3v|vtrac_straight;straight|cov1|hp_repeat3|hot2|hidden3v|vtrac_straight,draw_chain1|col1x1|hot2x2|vstrx3
Midday,577,10.0,21.5,13.0,3,2,0,False,0,0,0,0,0,0,7,7,straight|cov1|hp_repeat2|double_mirror|set_chain3|draw_chain2;straight|cov1|hp_repeat2|double_mirror|set_chain3|draw_chain2,set_chain3|draw_chain2|dblmirrorx7
Midday,2267,20.0,21.0,19.0,1,0,0,False,2,0,0,0,0,0,0,3,boxed|cov4|hp_repeat3|vstr2|mirror|hot1|perm3;boxed|cov3|hp_repeat3|vstr2|mirror|hot1|perm2,hot1x2
Midday,334669,24.0,21.0,18.5,1,2,0,False,1,0,0,0,0,1,0,5,boxed|cov3|hp_repeat3|mirror|hot1|perm3|hidden3v|draw_chain2;boxed|cov2|hp_repeat3|mirror|perm2|hidden3v|draw_chain2,draw_chain2|hot1x1|vstrx1
Midday,00345599,14.0,21.0,17.5,1,1,0,False,0,1,0,0,0,2,0,2,straight|cov1|hp_repeat2|mirror|hot2|hidden3v|vtrac_straight;straight|cov1|hp_repeat2|mirror|hidden3v|vtrac_straight,draw_chain1|hot2x1|vstrx2
Midday,00334599,14.0,21.0,17.5,1,1,0,False,0,1,0,0,0,2,0,2,straight|cov1|hp_repeat2|mirror|hot2|hidden3v|vtrac_straight;straight|cov1|hp_repeat2|mirror|hidden3v|vtrac_straight,draw_chain1|hot2x1|vstrx2
Midday,035599,14.0,21.0,16.5,1,2,0,False,0,1,0,0,0,3,0,3,straight|cov1|hp_repeat2|mirror|hot2|hidden3v|vtrac_straight|draw_chain2;straight|cov1|hp_repeat2|mirror|hidden3v|vtrac_straight|draw_chain2,draw_chain2|hot2x1|vstrx3
Midday,2246,22.0,21.0,15.5,2,3,0,False,2,0,0,0,0,0,0,10,boxed|cov2|hp_repeat3|hot1|perm2|hidden3v|set_chain2|draw_chain3;boxed|cov2|hp_repeat4|hot1|perm2|hidden3v|set_chain2,set_chain2|draw_chain3|hot1x2
Midday,22579,12.0,21.0,15.5,3,1,0,False,1,0,0,0,0,0,0,4,straight|cov1|hp_repeat2|mirror|hot1|hidden3v|set_chain3;straight|cov1|hp_repeat2|mirror|hidden3v|set_chain3,set_chain3|draw_chain1|hot1x1
Midday,003344,14.0,21.0,15.5,1,2,0,False,1,0,2,0,0,3,0,3,straight|cov1|hp_repeat2|hot1|hidden3v|vtrac_straight|draw_chain2;straight|cov1|hp_repeat2|hidden3v|vtrac_straight|draw_chain2,draw_chain2|col1x2|hot1x1|vstrx3
Midday,03399,14.0,21.0,14.5,1,2,0,False,0,2,0,0,0,3,0,3,straight|cov1|hp_repeat2|hot2|hidden3v|vtrac_straight|draw_chain2;straight|cov1|hot2|hidden3v|vtrac_straight|draw_chain2,draw_chain2|hot2x2|vstrx3
Midday,0079,12.0,21.0,14.5,1,3,0,False,1,0,2,0,0,4,0,4,straight|cov1|hp_repeat2|hot1|hidden3v|vtrac_straight|draw_chain3;straight|cov1|hp_repeat2|hidden3v|vtrac_straight|draw_chain3,draw_chain3|col1x2|hot1x1|vstrx4
Midday,345,14.0,21.0,13.5,1,2,0,False,0,2,2,0,0,1,0,2,straight|cov1|hot2|hidden3v|vtrac_straight|draw_chain2;boxed|cov2|hot2|perm2|hidden3v|draw_chain2,draw_chain2|col1x2|hot2x2|vstrx1
Midday,22446779,22.0,20.5,20.5,1,0,0,False,0,0,0,0,0,0,0,2,boxed|cov4|hp_repeat2|mirror|perm4|hidden3v;boxed|cov2|hp_repeat2|mirror|perm2|hidden3v,
Midday,22449,31.0,20.5,17.5,2,2,0,False,0,0,0,0,0,0,0,6,straight|cov2|hp_repeat3|vstr2|mirror|hidden3v|set_chain2;straight|cov2|hp_repeat3|vstr2|mirror|hidden3v|set_chain2,set_chain2|draw_chain2
Midday,33466,24.0,20.5,17.5,1,3,0,False,1,0,0,0,0,1,0,6,boxed|cov3|hp_repeat3|hot1|perm3|hidden3v|draw_chain3;boxed|cov2|hp_repeat3|perm2|hidden3v|draw_chain3,draw_chain3|hot1x1|vstrx1
Midday,3366,23.0,20.5,17.5,1,3,0,False,1,0,0,0,0,1,0,6,boxed|cov3|hp_repeat3|vstr2|hot1|perm2|hidden3v|draw_chain3;boxed|cov3|hp_repeat3|vstr2|perm2|hidden3v|draw_chain3,draw_chain3|hot1x1|vstrx1
Midday,004559,5.0,20.5,16.5,1,1,0,False,0,1,1,0,0,1,0,1,straight|cov1|mirror|hot2|hidden3v|vtrac_straight,draw_chain1|col1x1|hot2x1|vstrx1
Midday,003459,14.0,20.5,16.5,1,1,0,False,0,1,1,0,0,1,0,1,straight|cov1|mirror|hot2|hidden3v|vtrac_straight,draw_chain1|col1x1|hot2x1|vstrx1
Midday,005699,9.0,20.5,16.0,1,2,0,False,0,1,0,0,0,3,0,3,straight|cov1|hp_repeat2|mirror|hot2|vtrac_straight|draw_chain2;straight|cov1|hp_repeat2|mirror|vtrac_straight|draw_chain2,draw_chain2|hot2x1|vstrx3
Midday,6679,22.0,20.5,15.5,1,1,0,False,2,1,0,0,0,1,0,5,straight|cov1|hp_repeat5|hot2|hidden3v|vtrac_straight;straight|cov1|hp_repeat5|hot1|hidden3v,draw_chain1|hot1x2|hot2x1|vstrx1
Midday,056,2.0,20.5,14.0,1,1,0,False,0,2,1,0,0,2,0,2,straight|cov1|hp_repeat2|mirror|hot2|vtrac_straight;straight|cov1|hp_repeat2|mirror|hot2|vtrac_straight,draw_chain1|col1x1|hot2x2|vstrx2
Midday,044,15.0,20.5,13.5,1,2,0,False,1,0,2,0,0,3,3,3,straight|cov1|hp_repeat2|hot1|hidden3v|double_mirror|vtrac_straight|draw_chain2;straight|cov1|hp_repeat2|hidden3v|double_mirror|vtrac_straight|draw_chain2,draw_chain2|col1x2|hot1x1|vstrx3|dblmirrorx3
Midday,22677,20.0,20.0,19.0,1,0,0,False,1,0,0,0,0,0,0,2,boxed|cov4|hp_repeat2|vstr2|mirror|hot1|perm3;boxed|cov2|hp_repeat2|mirror|perm2,hot1x1
Midday,267,20.0,20.0,18.0,1,0,0,False,2,0,0,0,0,0,0,3,boxed|cov4|hp_repeat3|vstr2|mirror|hot1|perm3;boxed|cov3|hp_repeat3|vstr2|mirror|hot1|perm2,hot1x2
Midday,224469,22.0,20.0,17.5,2,1,0,False,0,0,0,0,0,0,0,4,boxed|cov3|hp_repeat2|mirror|perm3|hidden3v|set_chain2;boxed|cov2|hp_repeat2|mirror|perm2|hidden3v|set_chain2,set_chain2|draw_chain1
Midday,34669,24.0,20.0,17.5,1,1,0,False,2,0,0,0,0,0,0,4,boxed|cov3|hp_repeat4|mirror|hot1|perm3|hidden3v;boxed|cov3|hp_repeat4|mirror|hot1|perm3|hidden3v,draw_chain1|hot1x2
Midday,033599,14.0,20.0,16.5,1,1,0,False,0,1,0,0,0,2,0,3,straight|cov1|hp_repeat3|mirror|hot2|hidden3v|vtrac_straight;straight|cov1|hp_repeat3|mirror|hidden3v|vtrac_straight,draw_chain1|hot2x1|vstrx2
Midday,0045599,5.0,20.0,16.5,1,1,0,False,0,1,0,0,0,2,0,2,straight|cov1|hp_repeat2|mirror|hot2|hidden3v|vtrac_straight;straight|cov1|hp_repeat2|mirror|hidden3v|vtrac_straight,draw_chain1|hot2x1|vstrx2
Midday,0034599,14.0,20.0,16.5,1,1,0,False,0,1,0,0,0,2,0,2,straight|cov1|hp_repeat2|mirror|hot2|hidden3v|vtrac_straight;straight|cov1|hp_repeat2|mirror|hidden3v|vtrac_straight,draw_chain1|hot2x1|vstrx2
Midday,0033499,14.0,20.0,16.5,1,1,0,False,0,1,0,0,0,2,0,2,straight|cov1|hp_repeat2|mirror|hot2|hidden3v|vtrac_straight;straight|cov1|hp_repeat2|mirror|hidden3v|vtrac_straight,draw_chain1|hot2x1|vstrx2
Midday,0033449,14.0,20.0,16.5,1,1,0,False,1,0,1,0,0,2,0,2,straight|cov1|hp_repeat2|mirror|hot1|hidden3v|vtrac_straight;straight|cov1|hp_repeat2|mirror|hidden3v|vtrac_straight,draw_chain1|col1x1|hot1x1|vstrx2
Midday,0055699,9.0,20.0,16.0,1,2,0,False,0,1,0,0,0,2,0,3,boxed|cov2|hp_repeat2|mirror|hot2|perm2|draw_chain2;straight|cov1|hp_repeat2|mirror|vtrac_straight|draw_chain2,draw_chain2|hot2x1|vstrx2
Midday,45599,15.0,20.0,15.5,1,2,0,False,0,1,0,0,0,3,0,3,straight|cov1|hp_repeat2|mirror|hot2|hidden3v|vtrac_straight|draw_chain2;straight|cov1|hp_repeat2|mirror|hidden3v|vtrac_straight|draw_chain2,draw_chain2|hot2x1|vstrx3
Midday,00599,5.0,20.0,15.5,1,2,0,False,0,1,0,0,0,3,0,3,straight|cov1|hp_repeat2|mirror|hot2|hidden3v|vtrac_straight|draw_chain2;straight|cov1|hp_repeat2|mirror|hidden3v|vtrac_straight|draw_chain2,draw_chain2|hot2x1|vstrx3
Midday,335599,14.0,20.0,15.5,1,2,0,False,0,1,0,0,0,3,0,3,straight|cov1|hp_repeat2|hot2|hidden3v|vtrac_straight|draw_chain2;straight|cov1|hp_repeat2|hidden3v|vtrac_straight|draw_chain2,draw_chain2|hot2x1|vstrx3
Midday,005567,7.0,20.0,15.0,1,2,0,False,1,0,2,0,0,2,0,2,straight|cov1|mirror|hot1|vtrac_straight|draw_chain2;straight|cov1|mirror|vtrac_straight|draw_chain2,draw_chain2|col1x2|hot1x1|vstrx2
Midday,2579,12.0,20.0,14.5,3,1,0,False,1,0,0,0,0,0,0,4,straight|cov1|hp_repeat2|mirror|hot1|hidden3v|set_chain3;straight|cov1|hp_repeat2|mirror|hidden3v|set_chain3,set_chain3|draw_chain1|hot1x1
Midday,00344,14.0,20.0,14.5,1,2,0,False,1,0,2,0,0,3,0,3,straight|cov1|hp_repeat2|hot1|hidden3v|vtrac_straight|draw_chain2;straight|cov1|hp_repeat2|hidden3v|vtrac_straight|draw_chain2,draw_chain2|col1x2|hot1x1|vstrx3
Midday,0399,14.0,20.0,13.5,1,2,0,False,0,2,0,0,0,3,0,3,straight|cov1|hp_repeat2|hot2|hidden3v|vtrac_straight|draw_chain2;straight|cov1|hot2|hidden3v|vtrac_straight|draw_chain2,draw_chain2|hot2x2|vstrx3
Midday,00344559,14.0,19.5,16.5,1,1,0,False,1,0,1,0,0,1,0,1,straight|cov1|mirror|hot1|hidden3v|vtrac_straight,draw_chain1|col1x1|hot1x1|vstrx1
Midday,00334459,14.0,19.5,16.5,1,1,0,False,1,0,1,0,0,1,0,1,straight|cov1|mirror|hot1|hidden3v|vtrac_straight,draw_chain1|col1x1|hot1x1|vstrx1
Midday,03344559,14.0,19.5,16.5,1,1,0,False,1,0,1,0,0,1,0,1,straight|cov1|mirror|hot1|hidden3v|vtrac_straight,draw_chain1|col1x1|hot1x1|vstrx1
Midday,03459,14.0,19.5,15.5,1,1,0,False,0,1,1,0,0,1,0,1,straight|cov1|mirror|hot2|hidden3v|vtrac_straight,draw_chain1|col1x1|hot2x1|vstrx1
Midday,03359,14.0,19.5,15.5,1,1,0,False,0,1,1,0,0,1,0,1,straight|cov1|mirror|hot2|hidden3v|vtrac_straight,draw_chain1|col1x1|hot2x1|vstrx1
Midday,04559,5.0,19.5,15.5,1,1,0,False,0,1,1,0,0,1,0,1,straight|cov1|mirror|hot2|hidden3v|vtrac_straight,draw_chain1|col1x1|hot2x1|vstrx1
Midday,00459,5.0,19.5,15.5,1,1,0,False,0,1,1,0,0,1,0,1,straight|cov1|mirror|hot2|hidden3v|vtrac_straight,draw_chain1|col1x1|hot2x1|vstrx1
Midday,33447,30.0,19.5,14.0,1,2,0,False,1,0,2,0,0,3,0,3,straight|cov1|hp_repeat2|hot1|vtrac_straight|draw_chain2;straight|cov1|hp_repeat2|vtrac_straight|draw_chain2,draw_chain2|col1x2|hot1x1|vstrx3
Midday,4455,15.0,19.5,13.5,1,3,0,False,1,0,2,0,0,3,0,4,straight|cov1|hp_repeat2|hot1|hidden3v|vtrac_straight|draw_chain2;straight|cov1|hp_repeat2|hidden3v|vtrac_straight|draw_chain2,draw_chain3|col1x2|hot1x1|vstrx3
Midday,2677,20.0,19.0,18.0,1,0,0,False,1,0,0,0,0,0,0,2,boxed|cov4|hp_repeat2|vstr2|mirror|hot1|perm3;boxed|cov2|hp_repeat2|mirror|perm2,hot1x1
Midday,0334599,14.0,19.0,16.5,1,1,0,False,0,1,0,0,0,0,0,3,boxed|cov2|hp_repeat3|mirror|hot2|perm2|hidden3v;boxed|cov2|hp_repeat3|mirror|perm2|hidden3v,draw_chain1|hot2x1
Midday,034599,14.0,19.0,15.5,1,1,0,False,0,1,0,0,0,2,0,2,straight|cov1|hp_repeat2|mirror|hot2|hidden3v|vtrac_straight;straight|cov1|hp_repeat2|mirror|hidden3v|vtrac_straight,draw_chain1|hot2x1|vstrx2
Midday,033499,14.0,19.0,15.5,1,1,0,False,0,1,0,0,0,2,0,2,straight|cov1|hp_repeat2|mirror|hot2|hidden3v|vtrac_straight;straight|cov1|hp_repeat2|mirror|hidden3v|vtrac_straight,draw_chain1|hot2x1|vstrx2
Midday,033459,14.0,19.0,15.5,1,1,0,False,0,1,1,0,0,0,0,1,boxed|cov2|mirror|hot2|perm2|hidden3v,draw_chain1|col1x1|hot2x1
Midday,03599,14.0,19.0,15.5,1,1,0,False,0,1,0,0,0,2,0,3,straight|cov1|hp_repeat3|mirror|hot2|hidden3v|vtrac_straight;straight|cov1|hp_repeat3|mirror|hidden3v|vtrac_straight,draw_chain1|hot2x1|vstrx2
Midday,045599,5.0,19.0,15.5,1,1,0,False,0,1,0,0,0,2,0,2,straight|cov1|hp_repeat2|mirror|hot2|hidden3v|vtrac_straight;straight|cov1|hp_repeat2|mirror|hidden3v|vtrac_straight,draw_chain1|hot2x1|vstrx2
Midday,004599,5.0,19.0,15.5,1,1,0,False,0,1,0,0,0,2,0,2,straight|cov1|hp_repeat2|mirror|hot2|hidden3v|vtrac_straight;straight|cov1|hp_repeat2|mirror|hidden3v|vtrac_straight,draw_chain1|hot2x1|vstrx2
Midday,003499,14.0,19.0,15.5,1,1,0,False,0,1,0,0,0,2,0,2,straight|cov1|hp_repeat2|mirror|hot2|hidden3v|vtrac_straight;straight|cov1|hp_repeat2|mirror|hidden3v|vtrac_straight,draw_chain1|hot2x1|vstrx2
Midday,003449,14.0,19.0,15.5,1,1,0,False,1,0,1,0,0,2,0,2,straight|cov1|hp_repeat2|mirror|hot1|hidden3v|vtrac_straight;straight|cov1|hp_repeat2|mirror|hidden3v|vtrac_straight,draw_chain1|col1x1|hot1x1|vstrx2
Midday,225779,12.0,19.0,14.5,3,1,0,False,0,0,0,0,0,0,0,3,straight|cov1|mirror|hidden3v|set_chain3;straight|cov1|mirror|hidden3v|set_chain3,set_chain3|draw_chain1
Midday,4667,22.0,19.0,14.5,1,1,0,False,2,1,0,0,0,0,0,5,boxed|cov2|hp_repeat5|hot2|perm2|hidden3v;boxed|cov2|hp_repeat5|hot1|perm2|hidden3v,draw_chain1|hot1x2|hot2x1
Midday,35599,14.0,19.0,14.5,1,2,0,False,0,1,0,0,0,3,0,3,straight|cov1|hp_repeat2|hot2|hidden3v|vtrac_straight|draw_chain2;straight|cov1|hp_repeat2|hidden3v|vtrac_straight|draw_chain2,draw_chain2|hot2x1|vstrx3
Midday,3347,30.0,19.0,14.0,1,3,0,True,1,0,0,0,0,3,0,6,straight|cov1|hp_repeat3|hot1|vtrac_straight|draw_chain3;straight|cov1|hp_repeat2|vtrac_straight|draw_chain3,draw_chain3|hot1x1|vstrx3
Midday,00567,7.0,19.0,14.0,1,2,0,False,1,0,2,0,0,2,0,2,straight|cov1|mirror|hot1|vtrac_straight|draw_chain2;straight|cov1|mirror|vtrac_straight|draw_chain2,draw_chain2|col1x2|hot1x1|vstrx2
Midday,0044,5.0,19.0,13.5,1,2,0,False,1,0,2,0,0,3,0,3,straight|cov1|hp_repeat2|hot1|hidden3v|vtrac_straight|draw_chain2;straight|cov1|hp_repeat2|hidden3v|vtrac_straight|draw_chain2,draw_chain2|col1x2|hot1x1|vstrx3
Midday,3447,30.0,19.0,13.0,1,3,0,False,1,0,2,0,0,3,0,4,straight|cov1|hp_repeat2|hot1|vtrac_straight|draw_chain2;straight|cov1|hp_repeat2|vtrac_straight|draw_chain2,draw_chain3|col1x2|hot1x1|vstrx3
Midday,356,8.0,19.0,12.0,1,2,0,False,0,2,2,0,0,0,0,2,boxed|cov2|hot2|perm2|draw_chain2;boxed|cov2|hot2|perm2|draw_chain2,draw_chain2|col1x2|hot2x2
Midday,005599,5.0,18.5,15.5,1,2,0,False,0,1,0,0,0,0,0,3,boxed|cov2|hp_repeat2|mirror|hot2|perm2|hidden3v|draw_chain2;boxed|cov2|hp_repeat2|mirror|perm2|hidden3v|draw_chain2,draw_chain2|hot2x1
Midday,0044559,5.0,18.5,15.5,1,1,0,False,1,0,1,0,0,1,0,1,straight|cov1|mirror|hot1|hidden3v|vtrac_straight,draw_chain1|col1x1|hot1x1|vstrx1
Midday,0034459,14.0,18.5,15.5,1,1,0,False,1,0,1,0,0,1,0,1,straight|cov1|mirror|hot1|hidden3v|vtrac_straight,draw_chain1|col1x1|hot1x1|vstrx1
Midday,3344559,14.0,18.5,15.5,1,1,0,False,1,0,1,0,0,1,0,1,straight|cov1|mirror|hot1|hidden3v|vtrac_straight,draw_chain1|col1x1|hot1x1|vstrx1
Midday,33667,21.0,18.5,14.5,1,2,0,True,1,0,0,0,0,2,0,5,straight|cov1|hp_repeat3|hot1|hidden3v|vtrac_straight|draw_chain2;straight|cov1|hp_repeat2|hidden3v|vtrac_straight|draw_chain2,draw_chain2|hot1x1|vstrx2
Midday,00699,9.0,18.5,14.0,1,2,0,False,0,1,0,0,0,3,0,3,straight|cov1|hp_repeat2|hot2|vtrac_straight|draw_chain2;straight|cov1|hp_repeat2|vtrac_straight|draw_chain2,draw_chain2|hot2x1|vstrx3
Midday,33446,24.0,18.5,13.5,1,2,0,False,1,0,2,0,0,2,0,3,boxed|cov2|hp_repeat2|hot1|perm2|hidden3v|draw_chain2;straight|cov1|hp_repeat2|hidden3v|vtrac_straight|draw_chain2,draw_chain2|col1x2|hot1x1|vstrx2
Midday,899,34.0,18.5,12.0,2,2,0,True,0,0,0,0,0,2,3,3,straight|cov1|double_mirror|vtrac_straight|set_chain2|draw_chain2;straight|cov1|double_mirror|vtrac_straight|set_chain2|draw_chain2,set_chain2|draw_chain2|vstrx2|dblmirrorx3
Midday,224579,12.0,18.0,14.5,2,1,0,False,1,0,0,0,0,0,0,3,straight|cov1|hp_repeat2|mirror|hot1|hidden3v|set_chain2;straight|cov1|hp_repeat2|mirror|hidden3v|set_chain2,set_chain2|draw_chain1|hot1x1
Midday,03499,14.0,18.0,14.5,1,1,0,False,0,1,0,0,0,2,0,2,straight|cov1|hp_repeat2|mirror|hot2|hidden3v|vtrac_straight;straight|cov1|hp_repeat2|mirror|hidden3v|vtrac_straight,draw_chain1|hot2x1|vstrx2
Midday,00499,15.0,18.0,14.5,1,1,0,False,0,1,0,0,0,2,0,2,straight|cov1|hp_repeat2|mirror|hot2|hidden3v|vtrac_straight;straight|cov1|hp_repeat2|mirror|hidden3v|vtrac_straight,draw_chain1|hot2x1|vstrx2
Midday,00449,15.0,18.0,14.5,1,1,0,False,1,0,1,0,0,2,0,2,straight|cov1|hp_repeat2|mirror|hot1|hidden3v|vtrac_straight;straight|cov1|hp_repeat2|mirror|hidden3v|vtrac_straight,draw_chain1|col1x1|hot1x1|vstrx2
Midday,25779,12.0,18.0,13.5,3,1,0,False,0,0,0,0,0,0,0,3,straight|cov1|mirror|hidden3v|set_chain3;straight|cov1|mirror|hidden3v|set_chain3,set_chain3|draw_chain1
Midday,3669,24.0,18.0,13.5,1,2,0,False,3,0,0,0,0,1,0,7,boxed|cov2|hp_repeat4|hot1|perm2|hidden3v|draw_chain2;boxed|cov2|hp_repeat4|hot1|perm2|hidden3v|draw_chain2,draw_chain2|hot1x3|vstrx1
Midday,335,13.0,18.0,13.5,1,1,0,False,0,1,1,0,0,1,1,1,straight|cov1|hot2|hidden3v|double_mirror|vtrac_straight,draw_chain1|col1x1|hot2x1|vstrx1|dblmirrorx1
Midday,6778,21.0,17.5,15.5,2,0,0,False,0,0,0,0,0,0,0,3,boxed|cov3|hp_repeat2|vstr2|perm2|hidden3v|set_chain2;straight|cov1|hp_repeat2|hidden3v|set_chain2,set_chain2
Midday,05599,5.0,17.5,14.5,1,2,0,False,0,1,0,0,0,0,0,3,boxed|cov2|hp_repeat2|mirror|hot2|perm2|hidden3v|draw_chain2;boxed|cov2|hp_repeat2|mirror|perm2|hidden3v|draw_chain2,draw_chain2|hot2x1
Midday,0055799,12.0,17.5,14.5,1,2,0,True,0,0,0,0,0,2,0,2,straight|cov1|mirror|hidden3v|vtrac_straight|draw_chain2;straight|cov1|mirror|hidden3v|vtrac_straight|draw_chain2,draw_chain2|vstrx2
Midday,0033899,14.0,17.5,14.5,1,2,0,True,0,0,0,0,0,2,0,2,straight|cov1|mirror|hidden3v|vtrac_straight|draw_chain2;straight|cov1|mirror|hidden3v|vtrac_straight|draw_chain2,draw_chain2|vstrx2
Midday,044559,5.0,17.5,14.5,1,1,0,False,1,0,1,0,0,1,0,1,straight|cov1|mirror|hot1|hidden3v|vtrac_straight,draw_chain1|col1x1|hot1x1|vstrx1
Midday,004459,5.0,17.5,14.5,1,1,0,False,1,0,1,0,0,1,0,1,straight|cov1|mirror|hot1|hidden3v|vtrac_straight,draw_chain1|col1x1|hot1x1|vstrx1
Midday,334459,14.0,17.5,14.5,1,1,0,False,1,0,1,0,0,1,0,1,straight|cov1|mirror|hot1|hidden3v|vtrac_straight,draw_chain1|col1x1|hot1x1|vstrx1
Midday,334469,24.0,17.5,14.5,1,1,0,False,1,0,1,0,0,1,0,1,straight|cov1|mirror|hot1|hidden3v|vtrac_straight,draw_chain1|col1x1|hot1x1|vstrx1
Midday,177,20.0,17.5,14.0,2,1,0,False,0,0,0,0,0,0,2,2,boxed|cov3|vstr2|perm2|double_mirror|set_chain2;boxed|cov2|perm2|double_mirror|set_chain2,set_chain2|draw_chain1|dblmirrorx2
Midday,33449,34.0,17.5,14.0,1,1,0,False,1,0,1,0,0,2,0,2,straight|cov1|hp_repeat2|mirror|hot1|vtrac_straight;straight|cov1|hp_repeat2|mirror|vtrac_straight,draw_chain1|col1x1|hot1x1|vstrx2
Midday,4579,12.0,17.5,13.5,1,1,0,False,1,1,0,0,0,1,0,2,straight|cov1|hp_repeat2|mirror|hot2|hidden3v|vtrac_straight;straight|cov1|hp_repeat2|mirror|hot1|hidden3v,draw_chain1|hot1x1|hot2x1|vstrx1
Midday,449,35.0,17.5,13.0,1,1,0,False,1,0,1,0,0,2,2,2,straight|cov1|hp_repeat2|mirror|hot1|double_mirror|vtrac_straight;straight|cov1|hp_repeat2|mirror|double_mirror|vtrac_straight,draw_chain1|col1x1|hot1x1|vstrx2|dblmirrorx2
Midday,5779,12.0,17.5,12.5,3,2,0,False,0,0,0,0,0,0,0,5,straight|cov1|hp_repeat2|hidden3v|set_chain3;straight|cov1|hp_repeat2|hidden3v|set_chain3,set_chain3|draw_chain2
Midday,389,33.0,17.5,12.5,2,2,0,True,0,0,0,0,0,2,0,3,straight|cov1|mirror|hidden3v|vtrac_straight|set_chain2|draw_chain2;straight|cov1|mirror|hidden3v|vtrac_straight|set_chain2|draw_chain2,set_chain2|draw_chain2|vstrx2
Midday,3367,21.0,17.5,12.5,1,2,0,False,1,0,2,0,0,2,0,2,straight|cov1|hot1|hidden3v|vtrac_straight|draw_chain2;straight|cov1|hidden3v|vtrac_straight|draw_chain2,draw_chain2|col1x2|hot1x1|vstrx2
Midday,2445,12.0,17.5,12.5,2,3,0,False,0,0,1,0,0,1,0,6,straight|cov1|hidden3v|vtrac_straight|set_chain2|draw_chain2;straight|cov1|hp_repeat2|hidden3v|set_chain2|draw_chain2,set_chain2|draw_chain3|col1x1|vstrx1
Midday,266,17.0,17.5,12.0,1,3,0,False,1,0,0,0,0,0,6,6,straight|cov1|hp_repeat3|hot1|double_mirror|draw_chain3;straight|cov1|hp_repeat3|double_mirror|draw_chain3,draw_chain3|hot1x1|dblmirrorx6
Midday,225677,7.0,17.0,17.0,1,0,0,False,0,0,0,0,0,0,0,1,boxed|cov4|mirror|perm4,
Midday,2246679,22.0,17.0,15.5,1,1,0,False,1,0,0,0,0,0,0,3,boxed|cov2|hp_repeat3|mirror|hot1|perm2|hidden3v;straight|cov1|hp_repeat3|mirror|hidden3v,draw_chain1|hot1x1
Midday,22445779,12.0,17.0,14.5,2,1,0,False,0,0,0,0,0,0,0,2,straight|cov1|mirror|hidden3v|set_chain2;straight|cov1|mirror|hidden3v|set_chain2,set_chain2|draw_chain1
Midday,22466,22.0,17.0,14.5,1,3,0,False,1,0,0,0,0,0,0,6,boxed|cov2|hp_repeat3|hot1|perm2|hidden3v|draw_chain3;straight|cov1|hp_repeat3|hidden3v|draw_chain3,draw_chain3|hot1x1
Midday,05699,9.0,17.0,14.0,1,1,0,False,0,1,0,0,0,1,0,3,boxed|cov2|hp_repeat3|mirror|hot2|perm2;straight|cov1|hp_repeat3|mirror|vtrac_straight,draw_chain1|hot2x1|vstrx1
Midday,0449,15.0,17.0,13.5,1,1,0,False,1,0,1,0,0,2,0,2,straight|cov1|hp_repeat2|mirror|hot1|hidden3v|vtrac_straight;straight|cov1|hp_repeat2|mirror|hidden3v|vtrac_straight,draw_chain1|col1x1|hot1x1|vstrx2
Midday,0067,7.0,17.0,12.0,1,2,0,False,1,0,2,0,0,2,0,2,straight|cov1|hot1|vtrac_straight|draw_chain2;straight|cov1|vtrac_straight|draw_chain2,draw_chain2|col1x2|hot1x1|vstrx2
Midday,477,28.0,17.0,11.0,2,2,0,False,0,0,0,0,0,0,6,6,straight|cov1|hp_repeat3|double_mirror|set_chain2;straight|cov1|hp_repeat3|double_mirror|set_chain2,set_chain2|draw_chain2|dblmirrorx6
Midday,379,30.0,17.0,11.0,1,2,0,True,3,0,0,0,0,2,0,3,straight|cov1|hp_repeat2|hot1|vtrac_straight|draw_chain2;straight|cov1|hot1|vtrac_straight|draw_chain2,draw_chain2|hot1x3|vstrx2
Midday,067,7.0,17.0,11.0,1,3,0,False,1,0,2,0,0,3,0,3,straight|cov1|hot1|vtrac_straight|draw_chain2;straight|cov1|vtrac_straight|draw_chain2,draw_chain3|col1x2|hot1x1|vstrx3
Midday,246,22.0,17.0,10.5,2,2,0,False,2,0,1,0,0,1,0,3,straight|cov1|hidden3v|vtrac_straight|set_chain2;straight|cov1|hot1|hidden3v|set_chain2,set_chain2|draw_chain2|col1x1|hot1x2|vstrx1
Midday,2244679,22.0,16.5,16.5,1,0,0,False,0,0,0,0,0,0,0,2,boxed|cov3|hp_repeat2|mirror|perm3|hidden3v;boxed|cov2|hp_repeat2|mirror|perm2|hidden3v,
Midday,00244559,12.0,16.5,14.5,1,1,0,False,0,0,1,0,0,1,0,1,straight|cov1|mirror|hidden3v|vtrac_straight,draw_chain1|col1x1|vstrx1
Midday,368,23.0,16.5,13.5,2,2,0,False,0,0,0,0,0,0,0,3,boxed|cov3|mirror|perm3|hidden3v|set_chain2;boxed|cov2|mirror|perm2|hidden3v|set_chain2|draw_chain2,set_chain2|draw_chain2
Midday,22446,22.0,16.5,13.5,2,2,0,False,0,0,0,0,0,0,0,6,boxed|cov2|hp_repeat3|perm2|hidden3v|set_chain2;boxed|cov2|hp_repeat3|perm2|hidden3v|set_chain2,set_chain2|draw_chain2
Midday,0579,12.0,16.5,13.5,2,1,0,False,0,0,0,0,0,1,0,3,straight|cov1|hp_repeat2|mirror|hidden3v|vtrac_straight|set_chain2;straight|cov1|hp_repeat2|mirror|hidden3v|set_chain2,set_chain2|draw_chain1|vstrx1
Midday,003348,14.0,16.5,13.5,1,2,0,True,0,0,0,0,0,2,0,2,straight|cov1|mirror|hidden3v|vtrac_straight|draw_chain2;straight|cov1|mirror|hidden3v|vtrac_straight|draw_chain2,draw_chain2|vstrx2
Midday,003899,14.0,16.5,13.5,1,2,0,True,0,0,0,0,0,2,0,2,straight|cov1|mirror|hidden3v|vtrac_straight|draw_chain2;straight|cov1|mirror|hidden3v|vtrac_straight|draw_chain2,draw_chain2|vstrx2
Midday,033899,14.0,16.5,13.5,1,2,0,True,0,0,0,0,0,2,0,2,straight|cov1|mirror|hidden3v|vtrac_straight|draw_chain2;straight|cov1|mirror|hidden3v|vtrac_straight|draw_chain2,draw_chain2|vstrx2
Midday,336899,24.0,16.5,13.5,1,2,0,True,0,0,0,0,0,2,0,2,straight|cov1|mirror|hidden3v|vtrac_straight|draw_chain2;straight|cov1|mirror|hidden3v|vtrac_straight|draw_chain2,draw_chain2|vstrx2
Midday,003399,14.0,16.5,13.5,1,1,0,False,0,1,0,0,0,1,0,1,straight|cov1|hot2|hidden3v|vtrac_straight,draw_chain1|hot2x1|vstrx1
Midday,44559,15.0,16.5,13.5,1,1,0,False,1,0,1,0,0,1,0,1,straight|cov1|mirror|hot1|hidden3v|vtrac_straight,draw_chain1|col1x1|hot1x1|vstrx1
Midday,04459,15.0,16.5,13.5,1,1,0,False,1,0,1,0,0,1,0,1,straight|cov1|mirror|hot1|hidden3v|vtrac_straight,draw_chain1|col1x1|hot1x1|vstrx1
Midday,0699,9.0,16.5,13.0,1,1,0,False,0,1,0,0,0,2,0,3,straight|cov1|hp_repeat3|hot2|vtrac_straight;straight|cov1|hp_repeat3|vtrac_straight,draw_chain1|hot2x1|vstrx2
Midday,44556,9.0,16.5,13.0,1,1,0,False,1,0,1,0,0,2,0,2,straight|cov1|hp_repeat2|hot1|vtrac_straight;straight|cov1|hp_repeat2|vtrac_straight,draw_chain1|col1x1|hot1x1|vstrx2
Midday,3446,24.0,16.5,12.5,1,2,0,False,1,0,1,0,0,2,0,3,straight|cov1|hp_repeat2|hot1|hidden3v|vtrac_straight;straight|cov1|hp_repeat2|hidden3v|vtrac_straight,draw_chain2|col1x1|hot1x1|vstrx2
Midday,5677,7.0,16.5,12.0,3,1,0,False,0,0,0,0,0,0,0,4,boxed|cov2|perm2|set_chain3;straight|cov1|hp_repeat2|set_chain3,set_chain3|draw_chain1
Midday,367,21.0,16.5,11.5,1,2,0,False,1,0,2,0,0,2,0,2,straight|cov1|hot1|hidden3v|vtrac_straight|draw_chain2;straight|cov1|hidden3v|vtrac_straight|draw_chain2,draw_chain2|col1x2|hot1x1|vstrx2
Midday,2244559,12.0,16.0,15.5,1,1,0,False,0,0,0,0,0,0,0,1,straight|cov2|vstr2|mirror|hidden3v,draw_chain1
Midday,224669,22.0,16.0,14.5,1,1,0,False,1,0,0,0,0,0,0,3,boxed|cov2|hp_repeat3|mirror|hot1|perm2|hidden3v;straight|cov1|hp_repeat3|mirror|hidden3v,draw_chain1|hot1x1
Midday,338,32.0,16.0,14.0,1,2,0,False,0,0,0,0,0,0,2,2,boxed|cov3|vstr2|mirror|perm2|double_mirror|draw_chain2;boxed|cov3|vstr2|mirror|perm2|double_mirror|draw_chain2,draw_chain2|dblmirrorx2
Midday,2245779,12.0,16.0,13.5,2,1,0,False,0,0,0,0,0,0,0,2,straight|cov1|mirror|hidden3v|set_chain2;straight|cov1|mirror|hidden3v|set_chain2,set_chain2|draw_chain1
Midday,2244579,12.0,16.0,13.5,2,1,0,False,0,0,0,0,0,0,0,2,straight|cov1|mirror|hidden3v|set_chain2;straight|cov1|mirror|hidden3v|set_chain2,set_chain2|draw_chain1
Midday,33669,24.0,16.0,13.5,1,2,0,False,1,0,0,0,0,1,0,5,boxed|cov2|hp_repeat3|hot1|perm2|hidden3v|draw_chain2;boxed|cov2|hp_repeat3|perm2|hidden3v|draw_chain2,draw_chain2|hot1x1|vstrx1
Midday,778,27.0,16.0,13.0,2,0,0,False,0,0,0,0,0,0,2,2,straight|cov2|vstr2|double_mirror|set_chain2;straight|cov1|double_mirror|set_chain2,set_chain2|dblmirrorx2
Midday,005578,11.0,16.0,13.0,1,2,0,True,0,0,0,0,0,2,0,2,straight|cov1|mirror|vtrac_straight|draw_chain2;straight|cov1|mirror|vtrac_straight|draw_chain2,draw_chain2|vstrx2
Midday,3345,14.0,16.0,12.5,1,1,0,False,0,1,1,0,0,0,0,1,boxed|cov2|hot2|perm2|hidden3v,draw_chain1|col1x1|hot2x1
Midday,2446,22.0,16.0,11.5,2,2,0,False,0,0,1,0,0,1,0,5,straight|cov1|hidden3v|vtrac_straight|set_chain2;straight|cov1|hp_repeat2|hidden3v|set_chain2,set_chain2|draw_chain2|col1x1|vstrx1
Midday,223,27.0,16.0,11.0,2,2,0,False,0,0,0,0,0,0,4,4,straight|cov1|hp_repeat2|double_mirror|set_chain2|draw_chain2;straight|cov1|hp_repeat2|double_mirror|set_chain2|draw_chain2,set_chain2|draw_chain2|dblmirrorx4
Midday,2244599,12.0,15.5,15.5,1,0,0,False,0,0,0,0,0,0,0,1,straight|cov2|vstr2|mirror|hidden3v,
Midday,3346699,24.0,15.5,14.5,1,1,0,False,0,0,0,0,0,1,0,2,straight|cov1|hp_repeat2|mirror|hidden3v|vtrac_straight;straight|cov1|hp_repeat2|mirror|hidden3v,draw_chain1|vstrx1
Midday,00334899,14.0,15.5,14.5,1,1,0,False,0,0,0,0,0,1,0,1,straight|cov1|mirror|hidden3v|vtrac_straight,draw_chain1|vstrx1
Midday,33466899,24.0,15.5,14.5,1,1,0,False,0,0,0,0,0,1,0,1,straight|cov1|mirror|hidden3v|vtrac_straight,draw_chain1|vstrx1
Midday,00445599,5.0,15.5,14.5,1,1,0,False,0,0,0,0,0,1,0,1,straight|cov1|mirror|hidden3v|vtrac_straight,draw_chain1|vstrx1
Midday,00344599,14.0,15.5,14.5,1,1,0,False,0,0,0,0,0,1,0,1,straight|cov1|mirror|hidden3v|vtrac_straight,draw_chain1|vstrx1
Midday,00334499,14.0,15.5,14.5,1,1,0,False,0,0,0,0,0,1,0,1,straight|cov1|mirror|hidden3v|vtrac_straight,draw_chain1|vstrx1
Midday,00334489,14.0,15.5,14.5,1,1,0,False,0,0,0,0,0,1,0,1,straight|cov1|mirror|hidden3v|vtrac_straight,draw_chain1|vstrx1
Midday,33445599,14.0,15.5,14.5,1,1,0,False,0,0,0,0,0,1,0,1,straight|cov1|mirror|hidden3v|vtrac_straight,draw_chain1|vstrx1
Midday,33446899,24.0,15.5,14.5,1,1,0,False,0,0,0,0,0,1,0,1,straight|cov1|mirror|hidden3v|vtrac_straight,draw_chain1|vstrx1
Midday,0244559,12.0,15.5,13.5,1,1,0,False,0,0,1,0,0,1,0,1,straight|cov1|mirror|hidden3v|vtrac_straight,draw_chain1|col1x1|vstrx1
Midday,0024459,12.0,15.5,13.5,1,1,0,False,0,0,1,0,0,1,0,1,straight|cov1|mirror|hidden3v|vtrac_straight,draw_chain1|col1x1|vstrx1
Midday,22445,12.0,15.5,12.5,2,2,0,False,0,0,0,0,0,0,0,5,straight|cov1|hp_repeat2|hidden3v|set_chain2|draw_chain2;straight|cov1|hp_repeat2|hidden3v|set_chain2|draw_chain2,set_chain2|draw_chain2
Midday,057,3.0,15.5,12.5,2,1,0,False,0,0,0,0,0,1,0,3,straight|cov1|hp_repeat2|mirror|hidden3v|vtrac_straight|set_chain2;straight|cov1|hp_repeat2|mirror|hidden3v|set_chain2,set_chain2|draw_chain1|vstrx1
Midday,00338,13.0,15.5,12.5,1,2,0,True,0,0,0,0,0,2,0,2,straight|cov1|mirror|hidden3v|vtrac_straight|draw_chain2;straight|cov1|mirror|hidden3v|vtrac_straight|draw_chain2,draw_chain2|vstrx2
Midday,0099,5.0,15.5,12.5,1,2,0,False,0,1,0,0,0,0,0,3,boxed|cov2|hp_repeat2|hot2|perm2|hidden3v|draw_chain2;boxed|cov2|hp_repeat2|perm2|hidden3v|draw_chain2,draw_chain2|hot2x1
Midday,03899,14.0,15.5,12.5,1,2,0,True,0,0,0,0,0,2,0,2,straight|cov1|mirror|hidden3v|vtrac_straight|draw_chain2;straight|cov1|mirror|hidden3v|vtrac_straight|draw_chain2,draw_chain2|vstrx2
Midday,33899,33.0,15.5,12.5,1,2,0,True,0,0,0,0,0,2,0,2,straight|cov1|mirror|hidden3v|vtrac_straight|draw_chain2;straight|cov1|mirror|hidden3v|vtrac_straight|draw_chain2,draw_chain2|vstrx2
Midday,33689,24.0,15.5,12.5,1,2,0,True,0,0,0,0,0,2,0,2,straight|cov1|mirror|hidden3v|vtrac_straight|draw_chain2;straight|cov1|mirror|hidden3v|vtrac_straight|draw_chain2,draw_chain2|vstrx2
Midday,00399,14.0,15.5,12.5,1,1,0,False,0,1,0,0,0,1,0,1,straight|cov1|hot2|hidden3v|vtrac_straight,draw_chain1|hot2x1|vstrx1
Midday,3678,21.0,15.5,12.5,2,1,0,False,0,0,0,0,0,1,0,2,straight|cov1|mirror|hidden3v|vtrac_straight|set_chain2;boxed|cov2|mirror|perm2|hidden3v|set_chain2,set_chain2|draw_chain1|vstrx1
Midday,4459,15.0,15.5,12.5,1,1,0,False,1,0,1,0,0,1,0,1,straight|cov1|mirror|hot1|hidden3v|vtrac_straight,draw_chain1|col1x1|hot1x1|vstrx1
Midday,227,26.0,15.5,12.0,1,0,0,False,2,0,0,0,0,1,2,2,straight|cov1|hp_repeat2|mirror|hot1|double_mirror|vtrac_straight;straight|cov1|hp_repeat2|mirror|hot1|double_mirror,hot1x2|vstrx1|dblmirrorx2
Midday,3356,8.0,15.5,12.0,1,1,0,False,0,1,1,0,0,0,0,1,boxed|cov2|hot2|perm2,draw_chain1|col1x1|hot2x1
Midday,4456,9.0,15.5,12.0,1,1,0,False,1,0,1,0,0,2,0,2,straight|cov1|hp_repeat2|hot1|vtrac_straight;straight|cov1|hp_repeat2|vtrac_straight,draw_chain1|col1x1|hot1x1|vstrx2
Midday,479,31.0,15.5,11.5,1,0,0,True,2,0,0,0,0,2,0,2,straight|cov1|hp_repeat2|mirror|hot1|hidden3v|vtrac_straight;straight|cov1|hp_repeat2|mirror|hot1|hidden3v|vtrac_straight,hot1x2|vstrx2
Midday,066,6.0,15.5,11.0,1,2,0,True,0,0,0,0,0,2,3,3,straight|cov1|hp_repeat2|double_mirror|vtrac_straight|draw_chain2;straight|cov1|double_mirror|vtrac_straight|draw_chain2,draw_chain2|vstrx2|dblmirrorx3
Midday,224559,12.0,15.0,14.5,1,1,0,False,0,0,0,0,0,0,0,1,straight|cov2|vstr2|mirror|hidden3v,draw_chain1
Midday,22446679,22.0,15.0,14.5,1,1,0,False,0,0,0,0,0,0,0,2,boxed|cov2|hp_repeat2|mirror|perm2|hidden3v;boxed|cov2|hp_repeat2|mirror|perm2|hidden3v,draw_chain1
Midday,00556699,9.0,15.0,14.0,1,1,0,False,0,0,0,0,0,1,0,1,straight|cov1|mirror|vtrac_straight,draw_chain1|vstrx1
Midday,226679,22.0,15.0,13.5,1,1,0,False,1,0,0,0,0,0,0,3,straight|cov1|hp_repeat3|mirror|hot1|hidden3v;straight|cov1|hp_repeat3|mirror|hidden3v,draw_chain1|hot1x1
Midday,44677,22.0,15.0,12.5,2,1,0,False,0,0,0,0,0,0,0,4,boxed|cov2|hp_repeat2|perm2|hidden3v|set_chain2;boxed|cov2|hp_repeat2|perm2|hidden3v|set_chain2,set_chain2|draw_chain1
Midday,00578,11.0,15.0,12.0,1,2,0,True,0,0,0,0,0,2,0,2,straight|cov1|mirror|vtrac_straight|draw_chain2;straight|cov1|mirror|vtrac_straight|draw_chain2,draw_chain2|vstrx2
Midday,0368,8.0,15.0,12.0,2,1,0,False,0,0,0,0,0,1,0,2,straight|cov1|mirror|vtrac_straight|set_chain2;straight|cov1|mirror|set_chain2,set_chain2|draw_chain1|vstrx1
Midday,166,16.0,15.0,11.0,1,3,0,False,0,0,0,0,0,0,5,5,straight|cov1|hp_repeat2|mirror|double_mirror|draw_chain3;straight|cov1|hp_repeat2|mirror|double_mirror|draw_chain3,draw_chain3|dblmirrorx5
Midday,224599,12.0,14.5,14.5,1,0,0,False,0,0,0,0,0,0,0,1,straight|cov2|vstr2|mirror|hidden3v,
Midday,224499,31.0,14.5,14.5,1,0,0,False,0,0,0,0,0,0,0,1,straight|cov2|vstr2|mirror|hidden3v,
Midday,22679,22.0,14.5,13.5,1,0,0,False,1,0,0,0,0,0,0,3,boxed|cov2|hp_repeat3|mirror|hot1|perm2|hidden3v;straight|cov1|hp_repeat3|mirror|hidden3v,hot1x1
Midday,0033489,14.0,14.5,13.5,1,1,0,False,0,0,0,0,0,1,0,1,straight|cov1|mirror|hidden3v|vtrac_straight,draw_chain1|vstrx1
Midday,3368,23.0,14.5,13.5,1,2,0,False,0,0,0,0,0,0,0,2,boxed|cov3|mirror|perm3|hidden3v|draw_chain2;boxed|cov3|mirror|perm3|hidden3v|draw_chain2,draw_chain2
Midday,3366899,24.0,14.5,13.5,1,1,0,False,0,0,0,0,0,1,0,1,straight|cov1|mirror|hidden3v|vtrac_straight,draw_chain1|vstrx1
Midday,3346689,24.0,14.5,13.5,1,1,0,False,0,0,0,0,0,1,0,1,straight|cov1|mirror|hidden3v|vtrac_straight,draw_chain1|vstrx1
Midday,0445599,15.0,14.5,13.5,1,1,0,False,0,0,0,0,0,1,0,1,straight|cov1|mirror|hidden3v|vtrac_straight,draw_chain1|vstrx1
Midday,0044599,15.0,14.5,13.5,1,1,0,False,0,0,0,0,0,1,0,1,straight|cov1|mirror|hidden3v|vtrac_straight,draw_chain1|vstrx1
Midday,0034499,14.0,14.5,13.5,1,1,0,False,0,0,0,0,0,1,0,1,straight|cov1|mirror|hidden3v|vtrac_straight,draw_chain1|vstrx1
Midday,0033448,14.0,14.5,13.5,1,1,0,False,0,0,0,0,0,1,0,1,straight|cov1|mirror|hidden3v|vtrac_straight,draw_chain1|vstrx1
Midday,3344599,14.0,14.5,13.5,1,1,0,False,0,0,0,0,0,1,0,1,straight|cov1|mirror|hidden3v|vtrac_straight,draw_chain1|vstrx1
Midday,3346899,24.0,14.5,13.5,1,1,0,False,0,0,0,0,0,1,0,1,straight|cov1|mirror|hidden3v|vtrac_straight,draw_chain1|vstrx1
Midday,3344689,24.0,14.5,13.5,1,1,0,False,0,0,0,0,0,1,0,1,straight|cov1|mirror|hidden3v|vtrac_straight,draw_chain1|vstrx1
Midday,003368,8.0,14.5,13.0,1,2,0,False,0,0,0,0,0,1,0,2,straight|cov1|mirror|vtrac_straight|draw_chain2;boxed|cov2|mirror|perm2|draw_chain2,draw_chain2|vstrx1
Midday,2559,12.0,14.5,12.5,1,2,0,False,0,0,1,0,0,0,0,2,boxed|cov3|vstr2|perm2|hidden3v;boxed|cov2|perm2|hidden3v,draw_chain2|col1x1
Midday,244559,12.0,14.5,12.5,1,1,0,False,0,0,1,0,0,1,0,1,straight|cov1|mirror|hidden3v|vtrac_straight,draw_chain1|col1x1|vstrx1
Midday,024459,12.0,14.5,12.5,1,1,0,False,0,0,1,0,0,1,0,1,straight|cov1|mirror|hidden3v|vtrac_straight,draw_chain1|col1x1|vstrx1
Midday,002449,12.0,14.5,12.5,1,1,0,False,0,0,1,0,0,1,0,1,straight|cov1|mirror|hidden3v|vtrac_straight,draw_chain1|col1x1|vstrx1
Midday,002559,12.0,14.5,12.5,1,1,0,False,0,0,1,0,0,1,0,1,straight|cov1|mirror|hidden3v|vtrac_straight,draw_chain1|col1x1|vstrx1
Midday,2266,20.0,14.5,12.0,1,3,0,False,1,0,0,0,0,0,0,6,straight|cov1|hp_repeat3|hot1|draw_chain3;straight|cov1|hp_repeat3|draw_chain3,draw_chain3|hot1x1
Midday,4477,31.0,14.5,11.5,2,2,0,False,0,0,0,0,0,0,0,6,straight|cov1|hp_repeat3|hidden3v|set_chain2;straight|cov1|hp_repeat3|hidden3v|set_chain2,set_chain2|draw_chain2
Midday,0338,13.0,14.5,11.5,1,2,0,True,0,0,0,0,0,2,0,2,straight|cov1|mirror|hidden3v|vtrac_straight|draw_chain2;straight|cov1|mirror|hidden3v|vtrac_straight|draw_chain2,draw_chain2|vstrx2
Midday,3348,33.0,14.5,11.5,1,2,0,True,0,0,0,0,0,2,0,2,straight|cov1|mirror|hidden3v|vtrac_straight|draw_chain2;straight|cov1|mirror|hidden3v|vtrac_straight|draw_chain2,draw_chain2|vstrx2
Midday,00799,12.0,14.5,11.5,1,2,0,True,0,0,0,0,0,2,0,2,straight|cov1|hidden3v|vtrac_straight|draw_chain2;straight|cov1|hidden3v|vtrac_straight|draw_chain2,draw_chain2|vstrx2
Midday,00899,14.0,14.5,11.5,1,2,0,True,0,0,0,0,0,2,0,2,straight|cov1|hidden3v|vtrac_straight|draw_chain2;straight|cov1|hidden3v|vtrac_straight|draw_chain2,draw_chain2|vstrx2
Midday,3899,33.0,14.5,11.5,1,2,0,True,0,0,0,0,0,2,0,2,straight|cov1|mirror|hidden3v|vtrac_straight|draw_chain2;straight|cov1|mirror|hidden3v|vtrac_straight|draw_chain2,draw_chain2|vstrx2
Midday,3389,33.0,14.5,11.5,1,2,0,True,0,0,0,0,0,2,0,2,straight|cov1|mirror|hidden3v|vtrac_straight|draw_chain2;straight|cov1|mirror|hidden3v|vtrac_straight|draw_chain2,draw_chain2|vstrx2
Midday,236,21.0,14.5,10.5,2,1,0,False,0,0,1,0,0,1,0,2,straight|cov1|hidden3v|vtrac_straight|set_chain2;straight|cov1|hidden3v|set_chain2,set_chain2|draw_chain1|col1x1|vstrx1
Midday,22559,12.0,14.0,13.5,1,1,0,False,0,0,0,0,0,0,0,1,boxed|cov3|vstr2|perm2|hidden3v,draw_chain1
Midday,2244669,22.0,14.0,13.5,1,1,0,False,0,0,0,0,0,0,0,2,boxed|cov2|hp_repeat2|mirror|perm2|hidden3v;boxed|cov2|hp_repeat2|mirror|perm2|hidden3v,draw_chain1
Midday,22446677,22.0,14.0,13.5,1,1,0,False,0,0,0,0,0,0,0,2,straight|cov1|hp_repeat2|mirror|hidden3v;straight|cov1|hp_repeat2|mirror|hidden3v,draw_chain1
Midday,22466779,22.0,14.0,13.5,1,1,0,False,0,0,0,0,0,0,0,2,straight|cov1|hp_repeat2|mirror|hidden3v;straight|cov1|hp_repeat2|mirror|hidden3v,draw_chain1
Midday,33668,23.0,14.0,13.5,1,1,0,False,0,0,0,0,0,0,0,1,boxed|cov3|mirror|perm3|hidden3v,draw_chain1
Midday,6677,17.0,14.0,13.0,1,2,0,False,0,0,0,0,0,0,0,3,straight|cov2|hp_repeat2|vstr2|draw_chain2;straight|cov2|hp_repeat2|vstr2|draw_chain2,draw_chain2
Midday,056699,9.0,14.0,13.0,1,1,0,False,0,0,0,0,0,1,0,2,straight|cov1|hp_repeat2|mirror|vtrac_straight;straight|cov1|hp_repeat2|mirror,draw_chain1|vstrx1
Midday,0056699,9.0,14.0,13.0,1,1,0,False,0,0,0,0,0,1,0,1,straight|cov1|mirror|vtrac_straight,draw_chain1|vstrx1
Midday,26679,22.0,14.0,12.5,1,1,0,False,1,0,0,0,0,0,0,3,straight|cov1|hp_repeat3|mirror|hot1|hidden3v;straight|cov1|hp_repeat3|mirror|hidden3v,draw_chain1|hot1x1
Midday,33468,24.0,14.0,12.5,1,2,0,False,0,0,0,0,0,1,0,2,straight|cov1|mirror|hidden3v|vtrac_straight|draw_chain2;boxed|cov2|mirror|perm2|hidden3v|draw_chain2,draw_chain2|vstrx1
Midday,233449,30.0,14.0,12.0,1,1,0,False,0,0,1,0,0,1,0,1,straight|cov1|mirror|vtrac_straight,draw_chain1|col1x1|vstrx1
Midday,4467,22.0,14.0,11.5,2,1,0,False,0,0,0,0,0,0,0,4,boxed|cov2|hp_repeat2|perm2|hidden3v|set_chain2;boxed|cov2|hp_repeat2|perm2|hidden3v|set_chain2,set_chain2|draw_chain1
Midday,6779,22.0,14.0,11.5,2,1,0,False,0,0,0,0,0,0,0,4,boxed|cov2|hp_repeat2|perm2|hidden3v|set_chain2;straight|cov1|hp_repeat2|hidden3v|set_chain2,set_chain2|draw_chain1
Midday,22599,12.0,13.5,13.5,1,0,0,False,0,0,0,0,0,0,0,1,boxed|cov3|vstr2|perm2|hidden3v,
Midday,22499,31.0,13.5,13.5,1,0,0,False,0,0,0,0,0,0,0,1,straight|cov2|vstr2|mirror|hidden3v,
Midday,2246779,22.0,13.5,13.5,1,0,0,False,0,0,0,0,0,0,0,2,boxed|cov2|hp_repeat2|mirror|perm2|hidden3v;straight|cov1|hp_repeat2|mirror|hidden3v,
Midday,2679,22.0,13.5,12.5,1,0,0,False,1,0,0,0,0,0,0,3,boxed|cov2|hp_repeat3|mirror|hot1|perm2|hidden3v;straight|cov1|hp_repeat3|mirror|hidden3v,hot1x1
Midday,224466,22.0,13.5,12.5,1,2,0,False,0,0,0,0,0,0,0,3,boxed|cov2|hp_repeat2|perm2|hidden3v|draw_chain2;boxed|cov2|hp_repeat2|perm2|hidden3v|draw_chain2,draw_chain2
Midday,133667,21.0,13.5,12.5,1,2,0,False,0,0,0,0,0,0,0,3,straight|cov1|hp_repeat2|mirror|hidden3v|draw_chain2;straight|cov1|hp_repeat2|mirror|hidden3v|draw_chain2,draw_chain2
Midday,05799,12.0,13.5,12.5,1,1,0,False,0,0,0,0,0,1,0,2,straight|cov1|hp_repeat2|mirror|hidden3v|vtrac_straight;straight|cov1|hp_repeat2|mirror|hidden3v,draw_chain1|vstrx1
Midday,336699,24.0,13.5,12.5,1,1,0,False,0,0,0,0,0,1,0,2,straight|cov1|hp_repeat2|hidden3v|vtrac_straight;straight|cov1|hp_repeat2|hidden3v,draw_chain1|vstrx1
Midday,336678,21.0,13.5,12.5,1,1,0,False,0,0,0,0,0,1,0,1,straight|cov1|mirror|hidden3v|vtrac_straight,draw_chain1|vstrx1
Midday,336689,24.0,13.5,12.5,1,1,0,False,0,0,0,0,0,1,0,1,straight|cov1|mirror|hidden3v|vtrac_straight,draw_chain1|vstrx1
Midday,445599,15.0,13.5,12.5,1,1,0,False,0,0,0,0,0,1,0,1,straight|cov1|mirror|hidden3v|vtrac_straight,draw_chain1|vstrx1
Midday,044599,15.0,13.5,12.5,1,1,0,False,0,0,0,0,0,1,0,1,straight|cov1|mirror|hidden3v|vtrac_straight,draw_chain1|vstrx1
Midday,004499,15.0,13.5,12.5,1,1,0,False,0,0,0,0,0,1,0,1,straight|cov1|mirror|hidden3v|vtrac_straight,draw_chain1|vstrx1
Midday,334689,24.0,13.5,12.5,1,1,0,False,0,0,0,0,0,1,0,1,straight|cov1|mirror|hidden3v|vtrac_straight,draw_chain1|vstrx1
Midday,03368,8.0,13.5,12.0,1,2,0,False,0,0,0,0,0,1,0,2,straight|cov1|mirror|vtrac_straight|draw_chain2;boxed|cov2|mirror|perm2|draw_chain2,draw_chain2|vstrx1
Midday,24559,12.0,13.5,11.5,1,1,0,False,0,0,1,0,0,1,0,1,straight|cov1|mirror|hidden3v|vtrac_straight,draw_chain1|col1x1|vstrx1
Midday,24459,12.0,13.5,11.5,1,1,0,False,0,0,1,0,0,1,0,1,straight|cov1|mirror|hidden3v|vtrac_straight,draw_chain1|col1x1|vstrx1
Midday,02449,12.0,13.5,11.5,1,1,0,False,0,0,1,0,0,1,0,1,straight|cov1|mirror|hidden3v|vtrac_straight,draw_chain1|col1x1|vstrx1
Midday,02559,12.0,13.5,11.5,1,1,0,False,0,0,1,0,0,1,0,1,straight|cov1|mirror|hidden3v|vtrac_straight,draw_chain1|col1x1|vstrx1
Midday,0899,14.0,13.5,10.5,1,2,0,True,0,0,0,0,0,2,0,2,straight|cov1|hidden3v|vtrac_straight|draw_chain2;straight|cov1|hidden3v|vtrac_straight|draw_chain2,draw_chain2|vstrx2
Midday,2256,7.0,13.0,13.0,1,0,0,False,0,0,0,0,0,0,0,3,boxed|cov3|hp_repeat3|perm3;straight|cov1|hp_repeat3,
Midday,22567,7.0,13.0,13.0,1,0,0,False,0,0,0,0,0,0,0,1,boxed|cov3|mirror|perm3,
Midday,2244667,22.0,13.0,12.5,1,1,0,False,0,0,0,0,0,0,0,2,straight|cov1|hp_repeat2|mirror|hidden3v;straight|cov1|hp_repeat2|mirror|hidden3v,draw_chain1
Midday,2446677,22.0,13.0,12.5,1,1,0,False,0,0,0,0,0,0,0,2,straight|cov1|hp_repeat2|mirror|hidden3v;straight|cov1|hp_repeat2|mirror|hidden3v,draw_chain1
Midday,4466779,22.0,13.0,12.5,1,1,0,False,0,0,0,0,0,0,0,2,straight|cov1|hp_repeat2|mirror|hidden3v;straight|cov1|hp_repeat2|mirror|hidden3v,draw_chain1
Midday,22455779,12.0,13.0,12.5,1,1,0,False,0,0,0,0,0,0,0,1,straight|cov1|mirror|hidden3v,draw_chain1
Midday,22445579,12.0,13.0,12.5,1,1,0,False,0,0,0,0,0,0,0,1,straight|cov1|mirror|hidden3v,draw_chain1
Midday,2266779,22.0,13.0,12.5,1,1,0,False,0,0,0,0,0,0,0,2,straight|cov1|hp_repeat2|mirror|hidden3v;straight|cov1|hp_repeat2|mirror|hidden3v,draw_chain1
Midday,1334669,24.0,13.0,12.5,1,1,0,False,0,0,0,0,0,0,0,1,boxed|cov2|mirror|perm2|hidden3v,draw_chain1
Midday,13346699,24.0,13.0,12.5,1,1,0,False,0,0,0,0,0,0,0,1,straight|cov1|mirror|hidden3v,draw_chain1
Midday,117,17.0,13.0,12.0,1,1,0,False,0,0,0,0,0,0,1,1,boxed|cov3|vstr2|perm2|double_mirror,draw_chain1|dblmirrorx1
Midday,668,18.0,13.0,12.0,1,1,0,False,0,0,0,0,0,0,1,1,boxed|cov3|vstr2|perm2|double_mirror,draw_chain1|dblmirrorx1
Midday,003668,8.0,13.0,12.0,1,1,0,False,0,0,0,0,0,1,0,1,straight|cov1|mirror|vtrac_straight,draw_chain1|vstrx1
Midday,334478,30.0,13.0,12.0,1,1,0,False,0,0,0,0,0,1,0,1,straight|cov1|mirror|vtrac_straight,draw_chain1|vstrx1
Midday,334499,34.0,13.0,12.0,1,1,0,False,0,0,0,0,0,1,0,1,straight|cov1|mirror|vtrac_straight,draw_chain1|vstrx1
Midday,224667,22.0,13.0,11.5,1,1,0,False,1,0,0,0,0,0,0,1,straight|cov1|mirror|hot1|hidden3v,draw_chain1|hot1x1
Midday,22669,22.0,13.0,11.5,1,1,0,False,1,0,0,0,0,0,0,3,straight|cov1|hp_repeat3|hot1|hidden3v;straight|cov1|hp_repeat3|hidden3v,draw_chain1|hot1x1
Midday,23349,30.0,13.0,11.0,1,1,0,False,0,0,1,0,0,1,0,1,straight|cov1|mirror|vtrac_straight,draw_chain1|col1x1|vstrx1
Midday,2245,12.0,13.0,10.5,1,3,0,False,1,0,0,0,0,0,0,3,straight|cov1|hot1|hidden3v|draw_chain3;straight|cov1|hidden3v|draw_chain3,draw_chain3|hot1x1
Midday,24455,12.0,13.0,10.5,1,2,0,False,0,0,1,0,0,1,0,2,straight|cov1|hidden3v|vtrac_straight;straight|cov1|hidden3v,draw_chain2|col1x1|vstrx1
Midday,0078,11.0,13.0,10.0,1,2,0,True,0,0,0,0,0,2,0,2,straight|cov1|vtrac_straight|draw_chain2;straight|cov1|vtrac_straight|draw_chain2,draw_chain2|vstrx2
Midday,068,8.0,13.0,10.0,2,1,0,False,0,0,0,0,0,1,0,2,straight|cov1|vtrac_straight|set_chain2;straight|cov1|set_chain2,set_chain2|draw_chain1|vstrx1
Midday,255,3.0,13.0,9.5,1,2,0,False,0,0,1,0,0,1,2,2,straight|cov1|hidden3v|double_mirror|vtrac_straight;straight|cov1|hidden3v|double_mirror,draw_chain2|col1x1|vstrx1|dblmirrorx2
Midday,233,29.0,13.0,9.5,1,2,0,False,0,0,1,0,0,1,2,2,straight|cov1|hidden3v|double_mirror|vtrac_straight;straight|cov1|hidden3v|double_mirror,draw_chain2|col1x1|vstrx1|dblmirrorx2
Midday,2599,12.0,12.5,12.5,1,0,0,False,0,0,0,0,0,0,0,1,boxed|cov3|vstr2|perm2|hidden3v,
Midday,2244677,22.0,12.5,12.5,1,0,0,False,0,0,0,0,0,0,0,2,straight|cov1|hp_repeat2|mirror|hidden3v;straight|cov1|hp_repeat2|mirror|hidden3v,
Midday,22457799,12.0,12.5,12.5,1,0,0,False,0,0,0,0,0,0,0,1,straight|cov1|mirror|hidden3v,
Midday,22445799,12.0,12.5,12.5,1,0,0,False,0,0,0,0,0,0,0,1,straight|cov1|mirror|hidden3v,
Midday,226779,22.0,12.5,12.5,1,0,0,False,0,0,0,0,0,0,0,2,boxed|cov2|hp_repeat2|mirror|perm2|hidden3v;straight|cov1|hp_repeat2|mirror|hidden3v,
Midday,0033668,8.0,12.5,12.0,1,1,0,False,0,0,0,0,0,0,0,1,boxed|cov2|mirror|perm2,draw_chain1
Midday,2269,22.0,12.5,11.5,1,0,0,False,1,0,0,0,0,0,0,3,boxed|cov2|hp_repeat3|hot1|perm2|hidden3v;boxed|cov2|hp_repeat3|perm2|hidden3v,hot1x1
Midday,36678,21.0,12.5,11.5,1,1,0,False,0,0,0,0,0,1,0,1,straight|cov1|mirror|hidden3v|vtrac_straight,draw_chain1|vstrx1
Midday,44599,15.0,12.5,11.5,1,1,0,False,0,0,0,0,0,1,0,1,straight|cov1|mirror|hidden3v|vtrac_straight,draw_chain1|vstrx1
Midday,04499,15.0,12.5,11.5,1,1,0,False,0,0,0,0,0,1,0,1,straight|cov1|mirror|hidden3v|vtrac_straight,draw_chain1|vstrx1
Midday,33678,21.0,12.5,11.5,1,1,0,False,0,0,0,0,0,1,0,1,straight|cov1|mirror|hidden3v|vtrac_straight,draw_chain1|vstrx1
Midday,33448,33.0,12.5,11.5,1,1,0,False,0,0,0,0,0,1,0,1,straight|cov1|mirror|hidden3v|vtrac_straight,draw_chain1|vstrx1
Midday,1667,17.0,12.5,11.0,1,3,0,False,0,0,0,0,0,0,0,4,straight|cov1|hp_repeat2|mirror|draw_chain3;straight|cov1|hp_repeat2|mirror|draw_chain3,draw_chain3
Midday,2268,21.0,12.5,10.5,2,0,0,False,0,0,0,0,0,0,0,2,boxed|cov2|perm2|hidden3v|set_chain2;straight|cov1|hidden3v|set_chain2,set_chain2
Midday,2459,12.0,12.5,10.5,1,1,0,False,0,0,1,0,0,1,0,1,straight|cov1|mirror|hidden3v|vtrac_straight,draw_chain1|col1x1|vstrx1
Midday,2449,31.0,12.5,10.5,1,1,0,False,0,0,1,0,0,1,0,1,straight|cov1|mirror|hidden3v|vtrac_straight,draw_chain1|col1x1|vstrx1
Midday,00244,12.0,12.5,10.5,1,1,0,False,0,0,1,0,0,1,0,1,straight|cov1|hidden3v|vtrac_straight,draw_chain1|col1x1|vstrx1
Midday,2239,30.0,12.5,10.0,2,1,0,False,0,0,0,0,0,0,0,3,straight|cov1|hp_repeat2|set_chain2;straight|cov1|hp_repeat2|set_chain2,set_chain2|draw_chain1
Midday,299,31.0,12.0,11.5,1,0,0,False,0,0,0,0,0,0,1,1,straight|cov2|vstr2|hidden3v|double_mirror,dblmirrorx1
Midday,244667,22.0,12.0,11.5,1,1,0,False,0,0,0,0,0,0,0,2,straight|cov1|hp_repeat2|mirror|hidden3v;straight|cov1|hp_repeat2|mirror|hidden3v,draw_chain1
Midday,446677,22.0,12.0,11.5,1,1,0,False,0,0,0,0,0,0,0,2,boxed|cov2|hp_repeat2|perm2|hidden3v;boxed|cov2|hp_repeat2|perm2|hidden3v,draw_chain1
Midday,446679,22.0,12.0,11.5,1,1,0,False,0,0,0,0,0,0,0,2,straight|cov1|hp_repeat2|mirror|hidden3v;straight|cov1|hp_repeat2|mirror|hidden3v,draw_chain1
Midday,2255779,12.0,12.0,11.5,1,1,0,False,0,0,0,0,0,0,0,1,straight|cov1|mirror|hidden3v,draw_chain1
Midday,2245579,12.0,12.0,11.5,1,1,0,False,0,0,0,0,0,0,0,1,straight|cov1|mirror|hidden3v,draw_chain1
Midday,266779,22.0,12.0,11.5,1,1,0,False,0,0,0,0,0,0,0,2,straight|cov1|hp_repeat2|mirror|hidden3v;straight|cov1|hp_repeat2|mirror|hidden3v,draw_chain1
Midday,1133466,24.0,12.0,11.5,1,1,0,False,0,0,0,0,0,0,0,1,straight|cov1|mirror|hidden3v,draw_chain1
Midday,1133667,21.0,12.0,11.5,1,1,0,False,0,0,0,0,0,0,0,1,straight|cov1|mirror|hidden3v,draw_chain1
Midday,1133669,24.0,12.0,11.5,1,1,0,False,0,0,0,0,0,0,0,1,straight|cov1|mirror|hidden3v,draw_chain1
Midday,133669,24.0,12.0,11.5,1,1,0,False,0,0,0,0,0,0,0,2,straight|cov1|hp_repeat2|mirror|hidden3v;straight|cov1|hp_repeat2|mirror|hidden3v,draw_chain1
Midday,1336699,24.0,12.0,11.5,1,1,0,False,0,0,0,0,0,0,0,1,straight|cov1|mirror|hidden3v,draw_chain1
Midday,334668,24.0,12.0,11.5,1,1,0,False,0,0,0,0,0,0,0,1,boxed|cov2|mirror|perm2|hidden3v,draw_chain1
Midday,334468,24.0,12.0,11.5,1,1,0,False,0,0,0,0,0,0,0,1,boxed|cov2|mirror|perm2|hidden3v,draw_chain1
Midday,22479,28.0,12.0,11.0,1,0,0,False,1,0,0,0,0,0,0,2,straight|cov1|hp_repeat2|mirror|hot1;straight|cov1|hp_repeat2|mirror,hot1x1
Midday,13366,18.0,12.0,11.0,1,2,0,False,0,0,0,0,0,0,0,3,straight|cov1|hp_repeat2|mirror|draw_chain2;straight|cov1|hp_repeat2|mirror|draw_chain2,draw_chain2
Midday,06699,9.0,12.0,11.0,1,1,0,False,0,0,0,0,0,1,0,2,straight|cov1|hp_repeat2|vtrac_straight;straight|cov1|hp_repeat2,draw_chain1|vstrx1
Midday,05667,7.0,12.0,11.0,1,1,0,False,0,0,0,0,0,1,0,1,straight|cov1|mirror|vtrac_straight,draw_chain1|vstrx1
Midday,006699,9.0,12.0,11.0,1,1,0,False,0,0,0,0,0,1,0,1,straight|cov1|vtrac_straight,draw_chain1|vstrx1
Midday,03668,8.0,12.0,11.0,1,1,0,False,0,0,0,0,0,1,0,1,straight|cov1|mirror|vtrac_straight,draw_chain1|vstrx1
Midday,33478,30.0,12.0,11.0,1,1,0,False,0,0,0,0,0,1,0,1,straight|cov1|mirror|vtrac_straight,draw_chain1|vstrx1
Midday,00368,8.0,12.0,11.0,1,1,0,False,0,0,0,0,0,1,0,1,straight|cov1|mirror|vtrac_straight,draw_chain1|vstrx1
Midday,24667,22.0,12.0,10.5,1,1,0,False,1,0,0,0,0,0,0,1,straight|cov1|mirror|hot1|hidden3v,draw_chain1|hot1x1
Midday,2669,22.0,12.0,10.5,1,1,0,False,1,0,0,0,0,0,0,3,straight|cov1|hp_repeat3|hot1|hidden3v;straight|cov1|hp_repeat3|hidden3v,draw_chain1|hot1x1
Midday,3379,30.0,12.0,10.0,1,1,0,False,1,0,0,0,0,1,0,1,straight|cov1|hot1|vtrac_straight,draw_chain1|hot1x1|vstrx1
Midday,23344,30.0,12.0,10.0,1,1,0,False,0,0,1,0,0,1,0,1,straight|cov1|vtrac_straight,draw_chain1|col1x1|vstrx1
Midday,245,12.0,12.0,9.5,1,3,0,False,1,0,0,0,0,0,0,3,straight|cov1|hot1|hidden3v|draw_chain3;straight|cov1|hidden3v|draw_chain3,draw_chain3|hot1x1
Midday,133,23.0,12.0,9.5,1,2,0,False,0,0,0,0,0,0,3,3,straight|cov1|hp_repeat2|hidden3v|double_mirror|draw_chain2;straight|cov1|hp_repeat2|hidden3v|double_mirror|draw_chain2,draw_chain2|dblmirrorx3
Midday,078,11.0,12.0,9.0,1,2,0,True,0,0,0,0,0,2,0,2,straight|cov1|vtrac_straight|draw_chain2;straight|cov1|vtrac_straight|draw_chain2,draw_chain2|vstrx2
Midday,136778,21.0,11.5,11.5,1,0,0,False,0,0,0,0,0,0,0,1,boxed|cov2|mirror|perm2|hidden3v,
Midday,224467,22.0,11.5,11.5,1,0,0,False,0,0,0,0,0,0,0,2,straight|cov1|hp_repeat2|mirror|hidden3v;straight|cov1|hp_repeat2|mirror|hidden3v,
Midday,244677,22.0,11.5,11.5,1,0,0,False,0,0,0,0,0,0,0,2,straight|cov1|hp_repeat2|mirror|hidden3v;straight|cov1|hp_repeat2|mirror|hidden3v,
Midday,446779,22.0,11.5,11.5,1,0,0,False,0,0,0,0,0,0,0,2,straight|cov1|hp_repeat2|mirror|hidden3v;straight|cov1|hp_repeat2|mirror|hidden3v,
Midday,2446779,22.0,11.5,11.5,1,0,0,False,0,0,0,0,0,0,0,1,straight|cov1|mirror|hidden3v,
Midday,2257799,12.0,11.5,11.5,1,0,0,False,0,0,0,0,0,0,0,1,straight|cov1|mirror|hidden3v,
Midday,2245799,12.0,11.5,11.5,1,0,0,False,0,0,0,0,0,0,0,1,straight|cov1|mirror|hidden3v,
Midday,26779,22.0,11.5,11.5,1,0,0,False,0,0,0,0,0,0,0,2,boxed|cov2|hp_repeat2|mirror|perm2|hidden3v;straight|cov1|hp_repeat2|mirror|hidden3v,
Midday,077,10.0,11.5,11.0,1,0,0,False,0,0,0,0,0,0,1,1,straight|cov2|vstr2|double_mirror,dblmirrorx1
Midday,4455669,9.0,11.5,11.0,1,1,0,False,0,0,0,0,0,0,0,1,straight|cov1|mirror,draw_chain1
Midday,445669,9.0,11.5,11.0,1,1,0,False,0,0,0,0,0,0,0,2,straight|cov1|hp_repeat2|mirror;straight|cov1|hp_repeat2|mirror,draw_chain1
Midday,033668,8.0,11.5,11.0,1,1,0,False,0,0,0,0,0,0,0,1,boxed|cov2|mirror|perm2,draw_chain1
Midday,22467,22.0,11.5,10.5,1,0,0,False,1,0,0,0,0,0,0,1,straight|cov1|mirror|hot1|hidden3v,hot1x1
Midday,269,22.0,11.5,10.5,1,0,0,False,1,0,0,0,0,0,0,3,boxed|cov2|hp_repeat3|hot1|perm2|hidden3v;boxed|cov2|hp_repeat3|perm2|hidden3v,hot1x1
Midday,2469,22.0,11.5,10.5,1,0,0,False,1,0,0,0,0,0,0,2,straight|cov1|hp_repeat2|mirror|hot1|hidden3v;straight|cov1|hp_repeat2|mirror|hidden3v,hot1x1
Midday,24679,22.0,11.5,10.5,1,0,0,False,1,0,0,0,0,0,0,1,straight|cov1|mirror|hot1|hidden3v,hot1x1
Midday,12249,22.0,11.5,10.5,1,2,0,False,0,0,0,0,0,0,0,2,straight|cov1|mirror|hidden3v|draw_chain2;straight|cov1|mirror|hidden3v|draw_chain2,draw_chain2
Midday,22366,21.0,11.5,10.5,1,2,0,False,0,0,0,0,0,0,0,3,straight|cov1|hp_repeat2|hidden3v|draw_chain2;straight|cov1|hp_repeat2|hidden3v|draw_chain2,draw_chain2
Midday,167,17.0,11.5,10.0,1,3,0,False,0,0,0,0,0,0,0,4,straight|cov1|hp_repeat2|mirror|draw_chain3;straight|cov1|hp_repeat2|mirror|draw_chain3,draw_chain3
Midday,268,21.0,11.5,9.5,2,0,0,False,0,0,0,0,0,0,0,2,boxed|cov2|perm2|hidden3v|set_chain2;straight|cov1|hidden3v|set_chain2,set_chain2
Midday,689,24.0,11.5,9.5,2,0,0,False,0,0,0,0,0,0,0,2,boxed|cov2|perm2|hidden3v|set_chain2;boxed|cov2|perm2|hidden3v|set_chain2,set_chain2
Midday,249,31.0,11.5,9.5,1,1,0,False,0,0,1,0,0,1,0,1,straight|cov1|mirror|hidden3v|vtrac_straight,draw_chain1|col1x1|vstrx1
Midday,0244,12.0,11.5,9.5,1,1,0,False,0,0,1,0,0,1,0,1,straight|cov1|hidden3v|vtrac_straight,draw_chain1|col1x1|vstrx1
Midday,2336,21.0,11.5,9.5,1,1,0,False,0,0,1,0,0,1,0,1,straight|cov1|hidden3v|vtrac_straight,draw_chain1|col1x1|vstrx1
Midday,239,30.0,11.5,9.0,2,1,0,False,0,0,0,0,0,0,0,3,straight|cov1|hp_repeat2|set_chain2;straight|cov1|hp_repeat2|set_chain2,set_chain2|draw_chain1
Midday,017,7.0,11.5,9.0,2,1,0,False,0,0,0,0,0,0,0,2,boxed|cov2|perm2|set_chain2;straight|cov1|set_chain2,set_chain2|draw_chain1
Midday,2339,30.0,11.5,9.0,1,2,0,False,0,0,1,0,0,1,0,2,straight|cov1|vtrac_straight;straight|cov1,draw_chain2|col1x1|vstrx1
Midday,2299,28.0,11.0,11.0,1,0,0,False,0,0,0,0,0,0,0,1,straight|cov2|vstr2,
Midday,2244899,30.0,11.0,11.0,1,0,0,False,0,0,0,0,0,0,0,1,straight|cov1|mirror,
Midday,2244779,28.0,11.0,11.0,1,0,0,False,0,0,0,0,0,0,0,1,straight|cov1|mirror,
Midday,44667,22.0,11.0,10.5,1,1,0,False,0,0,0,0,0,0,0,2,boxed|cov2|hp_repeat2|perm2|hidden3v;boxed|cov2|hp_repeat2|perm2|hidden3v,draw_chain1
Midday,44669,25.0,11.0,10.5,1,1,0,False,0,0,0,0,0,0,0,2,straight|cov1|hp_repeat2|mirror|hidden3v;straight|cov1|hp_repeat2|mirror|hidden3v,draw_chain1
Midday,255779,12.0,11.0,10.5,1,1,0,False,0,0,0,0,0,0,0,1,straight|cov1|mirror|hidden3v,draw_chain1
Midday,225579,12.0,11.0,10.5,1,1,0,False,0,0,0,0,0,0,0,1,straight|cov1|mirror|hidden3v,draw_chain1
Midday,122449,22.0,11.0,10.5,1,1,0,False,0,0,0,0,0,0,0,1,straight|cov1|mirror|hidden3v,draw_chain1
Midday,134466,24.0,11.0,10.5,1,1,0,False,0,0,0,0,0,0,0,1,straight|cov1|mirror|hidden3v,draw_chain1
Midday,13466,24.0,11.0,10.5,1,1,0,False,0,0,0,0,0,0,0,2,straight|cov1|hp_repeat2|mirror|hidden3v;straight|cov1|hp_repeat2|mirror|hidden3v,draw_chain1
Midday,13667,21.0,11.0,10.5,1,1,0,False,0,0,0,0,0,0,0,2,straight|cov1|hp_repeat2|mirror|hidden3v;straight|cov1|hp_repeat2|mirror|hidden3v,draw_chain1
Midday,136677,21.0,11.0,10.5,1,1,0,False,0,0,0,0,0,0,0,1,straight|cov1|mirror|hidden3v,draw_chain1
Midday,344669,24.0,11.0,10.5,1,1,0,False,0,0,0,0,0,0,0,1,straight|cov1|mirror|hidden3v,draw_chain1
Midday,13669,24.0,11.0,10.5,1,1,0,False,0,0,0,0,0,0,0,2,straight|cov1|hp_repeat2|mirror|hidden3v;straight|cov1|hp_repeat2|mirror|hidden3v,draw_chain1
Midday,112249,22.0,11.0,10.5,1,1,0,False,0,0,0,0,0,0,0,1,straight|cov1|mirror|hidden3v,draw_chain1
Midday,113346,24.0,11.0,10.5,1,1,0,False,0,0,0,0,0,0,0,1,straight|cov1|mirror|hidden3v,draw_chain1
Midday,133469,24.0,11.0,10.5,1,1,0,False,0,0,0,0,0,0,0,1,straight|cov1|mirror|hidden3v,draw_chain1
Midday,133466,24.0,11.0,10.5,1,1,0,False,0,0,0,0,0,0,0,1,straight|cov1|mirror|hidden3v,draw_chain1
Midday,113369,24.0,11.0,10.5,1,1,0,False,0,0,0,0,0,0,0,1,straight|cov1|mirror|hidden3v,draw_chain1
Midday,13369,24.0,11.0,10.5,1,1,0,False,0,0,0,0,0,0,0,2,straight|cov1|hp_repeat2|mirror|hidden3v;straight|cov1|hp_repeat2|mirror|hidden3v,draw_chain1
Midday,133699,24.0,11.0,10.5,1,1,0,False,0,0,0,0,0,0,0,1,straight|cov1|mirror|hidden3v,draw_chain1
Midday,2279,28.0,11.0,10.0,1,0,0,False,1,0,0,0,0,0,0,2,straight|cov1|hp_repeat2|mirror|hot1;straight|cov1|hp_repeat2|mirror,hot1x1
Midday,15667,7.0,11.0,10.0,1,2,0,False,0,0,0,0,0,0,0,2,straight|cov1|mirror|draw_chain2;straight|cov1|mirror|draw_chain2,draw_chain2
Midday,1336,18.0,11.0,10.0,1,2,0,False,0,0,0,0,0,0,0,3,straight|cov1|hp_repeat2|mirror|draw_chain2;straight|cov1|hp_repeat2|mirror|draw_chain2,draw_chain2
Midday,0669,9.0,11.0,10.0,1,1,0,False,0,0,0,0,0,1,0,2,straight|cov1|hp_repeat2|vtrac_straight;straight|cov1|hp_repeat2,draw_chain1|vstrx1
Midday,0366,8.0,11.0,10.0,1,1,0,False,0,0,0,0,0,1,0,2,straight|cov1|hp_repeat2|vtrac_straight;straight|cov1|hp_repeat2,draw_chain1|vstrx1
Midday,0567,7.0,11.0,10.0,1,1,0,False,0,0,0,0,0,1,0,1,straight|cov1|mirror|vtrac_straight,draw_chain1|vstrx1
Midday,00669,9.0,11.0,10.0,1,1,0,False,0,0,0,0,0,1,0,1,straight|cov1|vtrac_straight,draw_chain1|vstrx1
Midday,00668,8.0,11.0,10.0,1,1,0,False,0,0,0,0,0,1,0,1,straight|cov1|vtrac_straight,draw_chain1|vstrx1
Midday,45566,9.0,11.0,10.0,1,1,0,False,0,0,0,0,0,1,0,1,straight|cov1|vtrac_straight,draw_chain1|vstrx1
Midday,4499,35.0,11.0,10.0,1,1,0,False,0,0,0,0,0,1,0,1,straight|cov1|mirror|vtrac_straight,draw_chain1|vstrx1
Midday,147,22.0,11.0,9.5,1,3,0,False,0,0,0,0,0,0,0,4,straight|cov1|hp_repeat2|hidden3v|draw_chain3;straight|cov1|hp_repeat2|hidden3v|draw_chain3,draw_chain3
Midday,5778,11.0,11.0,9.0,2,0,0,False,0,0,0,0,0,0,0,2,straight|cov1|set_chain2;straight|cov1|set_chain2,set_chain2
Midday,2334,30.0,11.0,9.0,1,1,0,False,0,0,1,0,0,1,0,1,straight|cov1|vtrac_straight,draw_chain1|col1x1|vstrx1
Midday,2344,30.0,11.0,9.0,1,1,0,False,0,0,1,0,0,1,0,1,straight|cov1|vtrac_straight,draw_chain1|col1x1|vstrx1
Midday,02259,12.0,10.5,10.5,1,0,0,False,0,0,0,0,0,0,0,1,boxed|cov2|mirror|perm2|hidden3v,
Midday,36778,21.0,10.5,10.5,1,0,0,False,0,0,0,0,0,0,0,1,boxed|cov2|mirror|perm2|hidden3v,
Midday,226778,21.0,10.5,10.5,1,0,0,False,0,0,0,0,0,0,0,1,straight|cov1|mirror|hidden3v,
Midday,24467,22.0,10.5,10.5,1,0,0,False,0,0,0,0,0,0,0,2,straight|cov1|hp_repeat2|mirror|hidden3v;straight|cov1|hp_repeat2|mirror|hidden3v,
Midday,446899,24.0,10.5,10.5,1,0,0,False,0,0,0,0,0,0,0,1,straight|cov1|mirror|hidden3v,
Midday,44679,22.0,10.5,10.5,1,0,0,False,0,0,0,0,0,0,0,2,straight|cov1|hp_repeat2|mirror|hidden3v;straight|cov1|hp_repeat2|mirror|hidden3v,
Midday,244679,22.0,10.5,10.5,1,0,0,False,0,0,0,0,0,0,0,1,straight|cov1|mirror|hidden3v,
Midday,257799,12.0,10.5,10.5,1,0,0,False,0,0,0,0,0,0,0,1,straight|cov1|mirror|hidden3v,
Midday,225799,12.0,10.5,10.5,1,0,0,False,0,0,0,0,0,0,0,1,straight|cov1|mirror|hidden3v,
Midday,455669,9.0,10.5,10.0,1,1,0,False,0,0,0,0,0,0,0,1,straight|cov1|mirror,draw_chain1
Midday,156677,7.0,10.5,10.0,1,1,0,False,0,0,0,0,0,0,0,1,straight|cov1|mirror,draw_chain1
Midday,22349,30.0,10.5,10.0,1,1,0,False,0,0,0,0,0,0,0,2,straight|cov1|hp_repeat2|mirror;straight|cov1|hp_repeat2|mirror,draw_chain1
Midday,223449,30.0,10.5,10.0,1,1,0,False,0,0,0,0,0,0,0,1,straight|cov1|mirror,draw_chain1
Midday,113366,18.0,10.5,10.0,1,1,0,False,0,0,0,0,0,0,0,1,straight|cov1|mirror,draw_chain1
Midday,115667,7.0,10.5,10.0,1,1,0,False,0,0,0,0,0,0,0,1,straight|cov1|mirror,draw_chain1
Midday,223349,30.0,10.5,10.0,1,1,0,False,0,0,0,0,0,0,0,1,straight|cov1|mirror,draw_chain1
Midday,014599,9.0,10.5,10.0,1,1,0,False,0,0,0,0,0,0,0,1,straight|cov1|mirror,draw_chain1
Midday,013366,8.0,10.5,10.0,1,1,0,False,0,0,0,0,0,0,0,1,straight|cov1|mirror,draw_chain1
Midday,03366,8.0,10.5,10.0,1,1,0,False,0,0,0,0,0,0,0,2,boxed|cov2|hp_repeat2|perm2;straight|cov1|hp_repeat2,draw_chain1
Midday,015667,7.0,10.5,10.0,1,1,0,False,0,0,0,0,0,0,0,1,straight|cov1|mirror,draw_chain1
Midday,2467,22.0,10.5,9.5,1,0,0,False,1,0,0,0,0,0,0,1,straight|cov1|mirror|hot1|hidden3v,hot1x1
Midday,2366,21.0,10.5,9.5,1,2,0,False,0,0,0,0,0,0,0,3,straight|cov1|hp_repeat2|hidden3v|draw_chain2;straight|cov1|hp_repeat2|hidden3v|draw_chain2,draw_chain2
Midday,0799,12.0,10.5,9.5,1,1,0,False,0,0,0,0,0,1,0,1,straight|cov1|hidden3v|vtrac_straight,draw_chain1|vstrx1
Midday,277,26.0,10.5,9.0,1,0,0,False,1,0,0,0,0,0,1,1,straight|cov1|mirror|hot1|double_mirror,hot1x1|dblmirrorx1
Midday,013,8.0,10.5,8.0,2,1,0,False,0,0,0,0,0,0,0,2,straight|cov1|set_chain2;straight|cov1|set_chain2,set_chain2|draw_chain1
Midday,019,9.0,10.5,8.0,2,1,0,False,0,0,0,0,0,0,0,2,straight|cov1|set_chain2;straight|cov1|set_chain2,set_chain2|draw_chain1
Midday,25677,7.0,10.0,10.0,1,0,0,False,0,0,0,0,0,0,0,1,boxed|cov2|mirror|perm2,
Midday,224489,30.0,10.0,10.0,1,0,0,False,0,0,0,0,0,0,0,1,straight|cov1|mirror,
Midday,224779,28.0,10.0,10.0,1,0,0,False,0,0,0,0,0,0,0,1,straight|cov1|mirror,
Midday,224479,28.0,10.0,10.0,1,0,0,False,0,0,0,0,0,0,0,1,straight|cov1|mirror,
Midday,24466,22.0,10.0,9.5,1,1,0,False,0,0,0,0,0,0,0,2,straight|cov1|hp_repeat2|hidden3v;straight|cov1|hp_repeat2|hidden3v,draw_chain1
Midday,4466,25.0,10.0,9.5,1,1,0,False,0,0,0,0,0,0,0,2,boxed|cov2|hp_repeat2|perm2|hidden3v;boxed|cov2|hp_repeat2|perm2|hidden3v,draw_chain1
Midday,46677,22.0,10.0,9.5,1,1,0,False,0,0,0,0,0,0,0,2,straight|cov1|hp_repeat2|hidden3v;straight|cov1|hp_repeat2|hidden3v,draw_chain1
Midday,25579,12.0,10.0,9.5,1,1,0,False,0,0,0,0,0,0,0,1,straight|cov1|mirror|hidden3v,draw_chain1
Midday,66779,22.0,10.0,9.5,1,1,0,False,0,0,0,0,0,0,0,2,straight|cov1|hp_repeat2|hidden3v;straight|cov1|hp_repeat2|hidden3v,draw_chain1
Midday,224455,12.0,10.0,9.5,1,1,0,False,0,0,0,0,0,0,0,1,straight|cov1|hidden3v,draw_chain1
Midday,13446,24.0,10.0,9.5,1,1,0,False,0,0,0,0,0,0,0,1,straight|cov1|mirror|hidden3v,draw_chain1
Midday,1346,24.0,10.0,9.5,1,1,0,False,0,0,0,0,0,0,0,2,straight|cov1|hp_repeat2|mirror|hidden3v;straight|cov1|hp_repeat2|mirror|hidden3v,draw_chain1
Midday,1369,24.0,10.0,9.5,1,1,0,False,0,0,0,0,0,0,0,2,straight|cov1|hp_repeat2|mirror|hidden3v;straight|cov1|hp_repeat2|mirror|hidden3v,draw_chain1
Midday,13349,24.0,10.0,9.5,1,1,0,False,0,0,0,0,0,0,0,1,straight|cov1|mirror|hidden3v,draw_chain1
Midday,13346,24.0,10.0,9.5,1,1,0,False,0,0,0,0,0,0,0,1,straight|cov1|mirror|hidden3v,draw_chain1
Midday,223366,21.0,10.0,9.5,1,1,0,False,0,0,0,0,0,0,0,1,straight|cov1|hidden3v,draw_chain1
Midday,3668,23.0,10.0,9.5,1,1,0,False,0,0,0,0,0,0,0,1,boxed|cov2|mirror|perm2|hidden3v,draw_chain1
Midday,2277,26.0,10.0,9.0,1,0,0,False,1,0,0,0,0,0,0,1,straight|cov1|mirror|hot1,hot1x1
Midday,279,28.0,10.0,9.0,1,0,0,False,1,0,0,0,0,0,0,2,straight|cov1|hp_repeat2|mirror|hot1;straight|cov1|hp_repeat2|mirror,hot1x1
Midday,2234,30.0,10.0,9.0,1,2,0,False,0,0,0,0,0,0,0,3,straight|cov1|hp_repeat2|draw_chain2;straight|cov1|hp_repeat2|draw_chain2,draw_chain2
Midday,1567,7.0,10.0,9.0,1,2,0,False,0,0,0,0,0,0,0,2,straight|cov1|mirror|draw_chain2;straight|cov1|mirror|draw_chain2,draw_chain2
Midday,0667,7.0,10.0,9.0,1,1,0,False,0,0,0,0,0,1,0,1,straight|cov1|vtrac_straight,draw_chain1|vstrx1
Midday,0066,2.0,10.0,9.0,1,1,0,False,0,0,0,0,0,1,0,1,straight|cov1|vtrac_straight,draw_chain1|vstrx1
Midday,0668,8.0,10.0,9.0,1,1,0,False,0,0,0,0,0,1,0,1,straight|cov1|vtrac_straight,draw_chain1|vstrx1
Midday,0068,8.0,10.0,9.0,1,1,0,False,0,0,0,0,0,1,0,1,straight|cov1|vtrac_straight,draw_chain1|vstrx1
Midday,2466,22.0,10.0,8.5,1,1,0,False,1,0,0,0,0,0,0,1,straight|cov1|hot1|hidden3v,draw_chain1|hot1x1
Midday,234,30.0,10.0,8.0,1,1,0,False,0,0,1,0,0,1,0,1,straight|cov1|vtrac_straight,draw_chain1|col1x1|vstrx1
Midday,13678,21.0,9.5,9.5,1,0,0,False,0,0,0,0,0,0,0,1,straight|cov1|mirror|hidden3v,
Midday,22678,21.0,9.5,9.5,1,0,0,False,0,0,0,0,0,0,0,1,straight|cov1|mirror|hidden3v,
Midday,26778,21.0,9.5,9.5,1,0,0,False,0,0,0,0,0,0,0,1,straight|cov1|mirror|hidden3v,
Midday,13778,21.0,9.5,9.5,1,0,0,False,0,0,0,0,0,0,0,1,straight|cov1|mirror|hidden3v,
Midday,16778,21.0,9.5,9.5,1,0,0,False,0,0,0,0,0,0,0,1,straight|cov1|mirror|hidden3v,
Midday,05779,12.0,9.5,9.5,1,0,0,False,0,0,0,0,0,0,0,1,straight|cov1|mirror|hidden3v,
Midday,13689,24.0,9.5,9.5,1,0,0,False,0,0,0,0,0,0,0,1,straight|cov1|mirror|hidden3v,
Midday,22368,21.0,9.5,9.5,1,0,0,False,0,0,0,0,0,0,0,1,straight|cov1|mirror|hidden3v,
Midday,46899,24.0,9.5,9.5,1,0,0,False,0,0,0,0,0,0,0,1,straight|cov1|mirror|hidden3v,
Midday,44689,24.0,9.5,9.5,1,0,0,False,0,0,0,0,0,0,0,1,straight|cov1|mirror|hidden3v,
Midday,4469,25.0,9.5,9.5,1,0,0,False,0,0,0,0,0,0,0,2,straight|cov1|hp_repeat2|mirror|hidden3v;straight|cov1|hp_repeat2|mirror|hidden3v,
Midday,24469,22.0,9.5,9.5,1,0,0,False,0,0,0,0,0,0,0,1,straight|cov1|mirror|hidden3v,
Midday,25799,12.0,9.5,9.5,1,0,0,False,0,0,0,0,0,0,0,1,straight|cov1|mirror|hidden3v,
Midday,56677,7.0,9.5,9.0,1,1,0,False,0,0,0,0,0,0,0,2,straight|cov1|hp_repeat2;straight|cov1|hp_repeat2,draw_chain1
Midday,556677,7.0,9.5,9.0,1,1,0,False,0,0,0,0,0,0,0,1,straight|cov1,draw_chain1
Midday,1366,18.0,9.5,9.0,1,1,0,False,0,0,0,0,0,0,0,2,straight|cov1|hp_repeat2|mirror;straight|cov1|hp_repeat2|mirror,draw_chain1
Midday,16677,17.0,9.5,9.0,1,1,0,False,0,0,0,0,0,0,0,1,straight|cov1|mirror,draw_chain1
Midday,15677,7.0,9.5,9.0,1,1,0,False,0,0,0,0,0,0,0,1,straight|cov1|mirror,draw_chain1
Midday,11336,18.0,9.5,9.0,1,1,0,False,0,0,0,0,0,0,0,1,straight|cov1|mirror,draw_chain1
Midday,11667,17.0,9.5,9.0,1,1,0,False,0,0,0,0,0,0,0,1,straight|cov1|mirror,draw_chain1
Midday,11567,7.0,9.5,9.0,1,1,0,False,0,0,0,0,0,0,0,1,straight|cov1|mirror,draw_chain1
Midday,01499,9.0,9.5,9.0,1,1,0,False,0,0,0,0,0,0,0,1,straight|cov1|mirror,draw_chain1
Midday,01336,8.0,9.5,9.0,1,1,0,False,0,0,0,0,0,0,0,1,straight|cov1|mirror,draw_chain1
Midday,01667,7.0,9.5,9.0,1,1,0,False,0,0,0,0,0,0,0,1,straight|cov1|mirror,draw_chain1
Midday,01567,7.0,9.5,9.0,1,1,0,False,0,0,0,0,0,0,0,1,straight|cov1|mirror,draw_chain1
Midday,134,24.0,9.5,8.5,1,2,0,False,0,0,0,0,0,0,0,3,straight|cov1|hp_repeat2|hidden3v|draw_chain2;straight|cov1|hp_repeat2|hidden3v|draw_chain2,draw_chain2
Midday,1224,22.0,9.5,8.5,1,2,0,False,0,0,0,0,0,0,0,2,straight|cov1|hidden3v|draw_chain2;straight|cov1|hidden3v|draw_chain2,draw_chain2
Midday,179,22.0,9.5,8.5,1,2,0,False,0,0,0,0,0,0,0,3,straight|cov1|hp_repeat2|hidden3v|draw_chain2;straight|cov1|hp_repeat2|hidden3v|draw_chain2,draw_chain2
Midday,139,24.0,9.5,8.5,1,2,0,False,0,0,0,0,0,0,0,4,straight|cov1|hp_repeat2|hidden3v|draw_chain2;straight|cov1|hp_repeat2|hidden3v|draw_chain2,draw_chain2
Midday,079,12.0,9.5,8.5,1,1,0,False,0,0,0,0,0,1,0,1,straight|cov1|hidden3v|vtrac_straight,draw_chain1|vstrx1
Midday,01368,8.0,9.0,9.0,1,0,0,False,0,0,0,0,0,0,0,1,straight|cov1|mirror,
Midday,01577,7.0,9.0,9.0,1,0,0,False,0,0,0,0,0,0,0,1,straight|cov1|mirror,
Midday,22577,10.0,9.0,9.0,1,0,0,False,0,0,0,0,0,0,0,1,straight|cov1|mirror,
Midday,44569,9.0,9.0,9.0,1,0,0,False,0,0,0,0,0,0,0,1,straight|cov1|mirror,
Midday,22779,28.0,9.0,9.0,1,0,0,False,0,0,0,0,0,0,0,1,straight|cov1|mirror,
Midday,55779,12.0,9.0,8.5,1,1,0,False,0,0,0,0,0,0,0,1,straight|cov1|hidden3v,draw_chain1
Midday,12244,22.0,9.0,8.5,1,1,0,False,0,0,0,0,0,0,0,1,straight|cov1|hidden3v,draw_chain1
Midday,36677,21.0,9.0,8.5,1,1,0,False,0,0,0,0,0,0,0,1,straight|cov1|hidden3v,draw_chain1
Midday,34466,24.0,9.0,8.5,1,1,0,False,0,0,0,0,0,0,0,1,straight|cov1|hidden3v,draw_chain1
Midday,14477,22.0,9.0,8.5,1,1,0,False,0,0,0,0,0,0,0,1,straight|cov1|hidden3v,draw_chain1
Midday,11224,22.0,9.0,8.5,1,1,0,False,0,0,0,0,0,0,0,1,straight|cov1|hidden3v,draw_chain1
Midday,11334,24.0,9.0,8.5,1,1,0,False,0,0,0,0,0,0,0,1,straight|cov1|hidden3v,draw_chain1
Midday,1349,24.0,9.0,8.5,1,1,0,False,0,0,0,0,0,0,0,1,straight|cov1|mirror|hidden3v,draw_chain1
Midday,11339,24.0,9.0,8.5,1,1,0,False,0,0,0,0,0,0,0,1,straight|cov1|hidden3v,draw_chain1
Midday,1339,24.0,9.0,8.5,1,1,0,False,0,0,0,0,0,0,0,2,straight|cov1|hp_repeat2|hidden3v;straight|cov1|hp_repeat2|hidden3v,draw_chain1
Midday,23366,21.0,9.0,8.5,1,1,0,False,0,0,0,0,0,0,0,1,straight|cov1|hidden3v,draw_chain1
Midday,13399,24.0,9.0,8.5,1,1,0,False,0,0,0,0,0,0,0,1,straight|cov1|hidden3v,draw_chain1
Midday,6678,21.0,9.0,8.5,1,1,0,False,0,0,0,0,0,0,0,1,boxed|cov2|perm2|hidden3v,draw_chain1
Midday,116,16.0,9.0,8.0,1,1,0,False,0,0,0,0,0,0,1,1,straight|cov1|mirror|double_mirror,draw_chain1|dblmirrorx1
Midday,157,7.0,9.0,8.0,1,2,0,False,0,0,0,0,0,0,0,3,straight|cov1|hp_repeat2|draw_chain2;straight|cov1|hp_repeat2|draw_chain2,draw_chain2
Midday,2678,21.0,8.5,8.5,1,0,0,False,0,0,0,0,0,0,0,1,straight|cov1|mirror|hidden3v,
Midday,0259,12.0,8.5,8.5,1,0,0,False,0,0,0,0,0,0,0,1,straight|cov1|mirror|hidden3v,
Midday,3778,29.0,8.5,8.5,1,0,0,False,0,0,0,0,0,0,0,1,straight|cov1|mirror|hidden3v,
Midday,1678,21.0,8.5,8.5,1,0,0,False,0,0,0,0,0,0,0,1,straight|cov1|mirror|hidden3v,
Midday,0577,3.0,8.5,8.5,1,0,0,False,0,0,0,0,0,0,0,1,straight|cov1|mirror|hidden3v,
Midday,1389,24.0,8.5,8.5,1,0,0,False,0,0,0,0,0,0,0,1,straight|cov1|mirror|hidden3v,
Midday,3689,24.0,8.5,8.5,1,0,0,False,0,0,0,0,0,0,0,1,straight|cov1|mirror|hidden3v,
Midday,2368,21.0,8.5,8.5,1,0,0,False,0,0,0,0,0,0,0,1,straight|cov1|mirror|hidden3v,
Midday,4468,24.0,8.5,8.5,1,0,0,False,0,0,0,0,0,0,0,1,boxed|cov2|perm2|hidden3v,
Midday,4677,22.0,8.5,8.5,1,0,0,False,0,0,0,0,0,0,0,2,straight|cov1|hp_repeat2|hidden3v;straight|cov1|hp_repeat2|hidden3v,
Midday,6899,24.0,8.5,8.5,1,0,0,False,0,0,0,0,0,0,0,1,boxed|cov2|perm2|hidden3v,
Midday,4689,24.0,8.5,8.5,1,0,0,False,0,0,0,0,0,0,0,1,straight|cov1|mirror|hidden3v,
Midday,57799,12.0,8.5,8.5,1,0,0,False,0,0,0,0,0,0,0,1,straight|cov1|hidden3v,
Midday,448,34.0,8.5,8.0,1,0,0,False,0,0,0,0,0,0,1,1,boxed|cov2|perm2|double_mirror,dblmirrorx1
Midday,55669,9.0,8.5,8.0,1,1,0,False,0,0,0,0,0,0,0,1,straight|cov1,draw_chain1
Midday,55677,7.0,8.5,8.0,1,1,0,False,0,0,0,0,0,0,0,1,straight|cov1,draw_chain1
Midday,136,18.0,8.5,8.0,1,1,0,False,0,0,0,0,0,0,0,2,straight|cov1|hp_repeat2|mirror;straight|cov1|hp_repeat2|mirror,draw_chain1
Midday,34477,30.0,8.5,8.0,1,1,0,False,0,0,0,0,0,0,0,1,straight|cov1,draw_chain1
Midday,1677,17.0,8.5,8.0,1,1,0,False,0,0,0,0,0,0,0,1,straight|cov1|mirror,draw_chain1
Midday,22344,30.0,8.5,8.0,1,1,0,False,0,0,0,0,0,0,0,1,straight|cov1,draw_chain1
Midday,1459,9.0,8.5,8.0,1,1,0,False,0,0,0,0,0,0,0,1,straight|cov1|mirror,draw_chain1
Midday,1166,16.0,8.5,8.0,1,1,0,False,0,0,0,0,0,0,0,1,straight|cov1|mirror,draw_chain1
Midday,1167,17.0,8.5,8.0,1,1,0,False,0,0,0,0,0,0,0,1,straight|cov1|mirror,draw_chain1
Midday,22339,30.0,8.5,8.0,1,1,0,False,0,0,0,0,0,0,0,1,straight|cov1,draw_chain1
Midday,22334,30.0,8.5,8.0,1,1,0,False,0,0,0,0,0,0,0,1,straight|cov1,draw_chain1
Midday,0149,9.0,8.5,8.0,1,1,0,False,0,0,0,0,0,0,0,1,straight|cov1|mirror,draw_chain1
Midday,0167,7.0,8.5,8.0,1,1,0,False,0,0,0,0,0,0,0,1,straight|cov1|mirror,draw_chain1
Midday,0157,7.0,8.5,8.0,1,1,0,False,0,0,0,0,0,0,0,1,straight|cov1|mirror,draw_chain1
Midday,557,3.0,8.5,7.5,1,1,0,False,0,0,0,0,0,0,1,1,straight|cov1|hidden3v|double_mirror,draw_chain1|dblmirrorx1
Midday,144,25.0,8.5,7.5,1,1,0,False,0,0,0,0,0,0,1,1,straight|cov1|hidden3v|double_mirror,draw_chain1|dblmirrorx1
Midday,124,22.0,8.5,7.5,1,2,0,False,0,0,0,0,0,0,0,2,straight|cov1|hidden3v|draw_chain2;straight|cov1|hidden3v|draw_chain2,draw_chain2
Midday,199,25.0,8.5,7.5,1,1,0,False,0,0,0,0,0,0,1,1,straight|cov1|hidden3v|double_mirror,draw_chain1|dblmirrorx1
Midday,0138,8.0,8.0,8.0,1,0,0,False,0,0,0,0,0,0,0,1,straight|cov1|mirror,
Midday,1368,18.0,8.0,8.0,1,0,0,False,0,0,0,0,0,0,0,1,straight|cov1|mirror,
Midday,2567,7.0,8.0,8.0,1,0,0,False,0,0,0,0,0,0,0,1,straight|cov1|mirror,
Midday,0177,7.0,8.0,8.0,1,0,0,False,0,0,0,0,0,0,0,1,boxed|cov2|perm2,
Midday,2577,10.0,8.0,8.0,1,0,0,False,0,0,0,0,0,0,0,1,straight|cov1|mirror,
Midday,2257,10.0,8.0,8.0,1,0,0,False,0,0,0,0,0,0,0,1,straight|cov1|mirror,
Midday,22448,30.0,8.0,8.0,1,0,0,False,0,0,0,0,0,0,0,1,straight|cov1,
Midday,44778,30.0,8.0,8.0,1,0,0,False,0,0,0,0,0,0,0,1,straight|cov1,
Midday,2779,28.0,8.0,8.0,1,0,0,False,0,0,0,0,0,0,0,1,straight|cov1|mirror,
Midday,77899,30.0,8.0,8.0,1,0,0,False,0,0,0,0,0,0,0,1,straight|cov1,
Midday,699,25.0,8.0,7.5,1,0,0,False,0,0,0,0,0,0,1,1,straight|cov1|hidden3v|double_mirror,dblmirrorx1
Midday,799,31.0,8.0,7.5,1,0,0,False,0,0,0,0,0,0,1,1,straight|cov1|hidden3v|double_mirror,dblmirrorx1
Midday,5577,3.0,8.0,7.5,1,1,0,False,0,0,0,0,0,0,0,1,straight|cov1|hidden3v,draw_chain1
Midday,5579,12.0,8.0,7.5,1,1,0,False,0,0,0,0,0,0,0,1,straight|cov1|hidden3v,draw_chain1
Midday,1244,22.0,8.0,7.5,1,1,0,False,0,0,0,0,0,0,0,1,straight|cov1|hidden3v,draw_chain1
Midday,1344,24.0,8.0,7.5,1,1,0,False,0,0,0,0,0,0,0,1,straight|cov1|hidden3v,draw_chain1
Midday,1477,22.0,8.0,7.5,1,1,0,False,0,0,0,0,0,0,0,1,straight|cov1|hidden3v,draw_chain1
Midday,1779,22.0,8.0,7.5,1,1,0,False,0,0,0,0,0,0,0,1,straight|cov1|hidden3v,draw_chain1
Midday,1124,22.0,8.0,7.5,1,1,0,False,0,0,0,0,0,0,0,1,straight|cov1|hidden3v,draw_chain1
Midday,1134,24.0,8.0,7.5,1,1,0,False,0,0,0,0,0,0,0,1,straight|cov1|hidden3v,draw_chain1
Midday,149,25.0,8.0,7.5,1,1,0,False,0,0,0,0,0,0,0,1,straight|cov1|mirror|hidden3v,draw_chain1
Midday,1334,24.0,8.0,7.5,1,1,0,False,0,0,0,0,0,0,0,1,straight|cov1|hidden3v,draw_chain1
Midday,1147,22.0,8.0,7.5,1,1,0,False,0,0,0,0,0,0,0,1,straight|cov1|hidden3v,draw_chain1
Midday,1179,22.0,8.0,7.5,1,1,0,False,0,0,0,0,0,0,0,1,straight|cov1|hidden3v,draw_chain1
Midday,1139,24.0,8.0,7.5,1,1,0,False,0,0,0,0,0,0,0,1,straight|cov1|hidden3v,draw_chain1
Midday,1399,24.0,8.0,7.5,1,1,0,False,0,0,0,0,0,0,0,1,straight|cov1|hidden3v,draw_chain1
Midday,114,19.0,8.0,7.0,1,1,0,False,0,0,0,0,0,0,1,1,straight|cov1|double_mirror,draw_chain1|dblmirrorx1
Midday,113,18.0,8.0,7.0,1,1,0,False,0,0,0,0,0,0,1,1,straight|cov1|double_mirror,draw_chain1|dblmirrorx1
Midday,119,19.0,8.0,7.0,1,1,0,False,0,0,0,0,0,0,1,1,straight|cov1|double_mirror,draw_chain1|dblmirrorx1
Midday,0229,12.0,7.5,7.5,1,0,0,False,0,0,0,0,0,0,0,1,straight|cov1|hidden3v,
Midday,138,23.0,7.5,7.5,1,0,0,False,0,0,0,0,0,0,0,1,straight|cov1|mirror|hidden3v,
Midday,378,29.0,7.5,7.5,1,0,0,False,0,0,0,0,0,0,0,1,straight|cov1|mirror|hidden3v,
Midday,1377,21.0,7.5,7.5,1,0,0,False,0,0,0,0,0,0,0,1,straight|cov1|hidden3v,
Midday,1778,21.0,7.5,7.5,1,0,0,False,0,0,0,0,0,0,0,1,straight|cov1|hidden3v,
Midday,2236,21.0,7.5,7.5,1,0,0,False,0,0,0,0,0,0,0,1,straight|cov1|hidden3v,
Midday,468,24.0,7.5,7.5,1,0,0,False,0,0,0,0,0,0,0,1,boxed|cov2|perm2|hidden3v,
Midday,5799,12.0,7.5,7.5,1,0,0,False,0,0,0,0,0,0,0,1,straight|cov1|hidden3v,
Midday,022,10.0,7.5,7.0,1,0,0,False,0,0,0,0,0,0,1,1,straight|cov1|double_mirror,dblmirrorx1
Midday,228,27.0,7.5,7.0,1,0,0,False,0,0,0,0,0,0,1,1,straight|cov1|double_mirror,dblmirrorx1
Midday,377,27.0,7.5,7.0,1,0,0,False,0,0,0,0,0,0,1,1,straight|cov1|double_mirror,dblmirrorx1
Midday,2255,10.0,7.5,7.0,1,1,0,False,0,0,0,0,0,0,0,1,straight|cov1,draw_chain1
Midday,5569,9.0,7.5,7.0,1,1,0,False,0,0,0,0,0,0,0,1,straight|cov1,draw_chain1
Midday,1577,7.0,7.5,7.0,1,1,0,False,0,0,0,0,0,0,0,1,straight|cov1,draw_chain1
Midday,1133,18.0,7.5,7.0,1,1,0,False,0,0,0,0,0,0,0,1,straight|cov1,draw_chain1
Midday,1157,7.0,7.5,7.0,1,1,0,False,0,0,0,0,0,0,0,1,straight|cov1,draw_chain1
Midday,2233,27.0,7.5,7.0,1,1,0,False,0,0,0,0,0,0,0,1,straight|cov1,draw_chain1
Midday,0133,8.0,7.5,7.0,1,1,0,False,0,0,0,0,0,0,0,1,straight|cov1,draw_chain1
Midday,0199,9.0,7.5,7.0,1,1,0,False,0,0,0,0,0,0,0,1,straight|cov1,draw_chain1
Midday,0122,7.0,7.0,7.0,1,0,0,False,0,0,0,0,0,0,0,1,straight|cov1,
Midday,2289,30.0,7.0,7.0,1,0,0,False,0,0,0,0,0,0,0,1,straight|cov1,
Midday,168,18.0,7.0,7.0,1,0,0,False,0,0,0,0,0,0,0,1,straight|cov1|mirror,
Midday,257,10.0,7.0,7.0,1,0,0,False,0,0,0,0,0,0,0,1,straight|cov1|mirror,
Midday,7789,30.0,7.0,7.0,1,0,0,False,0,0,0,0,0,0,0,1,straight|cov1,
Midday,2448,30.0,7.0,7.0,1,0,0,False,0,0,0,0,0,0,0,1,straight|cov1,
Midday,5699,9.0,7.0,7.0,1,0,0,False,0,0,0,0,0,0,0,1,straight|cov1,
Midday,4478,30.0,7.0,7.0,1,0,0,False,0,0,0,0,0,0,0,1,straight|cov1,
Midday,7799,28.0,7.0,7.0,1,0,0,False,0,0,0,0,0,0,0,1,straight|cov1,
Midday,7899,30.0,7.0,7.0,1,0,0,False,0,0,0,0,0,0,0,1,straight|cov1,
Midday,178,21.0,6.5,6.5,1,0,0,False,0,0,0,0,0,0,0,1,straight|cov1|hidden3v,
Midday,189,24.0,6.5,6.5,1,0,0,False,0,0,0,0,0,0,0,1,straight|cov1|hidden3v,
Midday,014,9.0,6.5,6.0,1,1,0,False,0,0,0,0,0,0,0,1,straight|cov1,draw_chain1
Midday,012,7.0,6.0,6.0,1,0,0,False,0,0,0,0,0,0,0,1,straight|cov1,
Midday,256,7.0,6.0,6.0,1,0,0,False,0,0,0,0,0,0,0,1,straight|cov1,
Midday,789,30.0,6.0,6.0,1,0,0,False,0,0,0,0,0,0,0,1,straight|cov1,
Midday,94,,6.0,4.0,1,0,0,False,1,0,1,0,0,0,0,1,consensus_stub,col1x1|hot1x1
