state,area,section,set,draw,col,col_label,location,method,mode,area_rank,section_rank,set_rank,draw_rank,col_rank,step,value,length,unique_digits,is_3value,first_3value_step,last_change_step,steps_total_before_compaction,steps_kept_after_compaction
NewJersey4,LS1,Midday,Set3,Draw1,7,col7,Midday|Set3|Draw1|col7,A,own,1,1,3,1,7,0,554013886677,12,8,False,4,6,29,7
NewJersey4,LS1,Midday,Set3,Draw1,7,col7,Midday|Set3|Draw1|col7,A,own,1,1,3,1,7,1,40136677,8,6,False,4,6,29,7
NewJersey4,LS1,Midday,Set3,Draw1,7,col7,Midday|Set3|Draw1|col7,A,own,1,1,3,1,7,2,4036677,7,5,False,4,6,29,7
NewJersey4,LS1,Midday,Set3,Draw1,7,col7,Midday|Set3|Draw1|col7,A,own,1,1,3,1,7,3,406677,6,4,False,4,6,29,7
NewJersey4,LS1,Midday,Set3,Draw1,7,col7,Midday|Set3|Draw1|col7,A,own,1,1,3,1,7,4,6677,4,2,True,4,6,29,7
NewJersey4,LS1,Midday,Set3,Draw1,7,col7,Midday|Set3|Draw1|col7,A,own,1,1,3,1,7,5,6677,4,2,True,4,6,29,7
NewJersey4,LS1,Midday,Set3,Draw1,7,col7,Midday|Set3|Draw1|col7,A,own,1,1,3,1,7,6,66,2,1,True,4,6,29,7
NewJersey4,LS1,Midday,Set3,Draw1,7,col7,Midday|Set3|Draw1|col7,A,combined,1,1,3,1,7,0,554013886677,12,8,False,4,12,13,10
NewJersey4,LS1,Midday,Set3,Draw1,7,col7,Midday|Set3|Draw1|col7,A,combined,1,1,3,1,7,1,40136677,8,6,False,4,12,13,10
NewJersey4,LS1,Midday,Set3,Draw1,7,col7,Midday|Set3|Draw1|col7,A,combined,1,1,3,1,7,2,401366,6,5,False,4,12,13,10
NewJersey4,LS1,Midday,Set3,Draw1,7,col7,Midday|Set3|Draw1|col7,A,combined,1,1,3,1,7,3,40366,5,4,False,4,12,13,10
NewJersey4,LS1,Midday,Set3,Draw1,7,col7,Midday|Set3|Draw1|col7,A,combined,1,1,3,1,7,4,0366,4,3,True,4,12,13,10
NewJersey4,LS1,Midday,Set3,Draw1,7,col7,Midday|Set3|Draw1|col7,A,combined,1,1,3,1,7,5,066,3,2,True,4,12,13,10
NewJersey4,LS1,Midday,Set3,Draw1,7,col7,Midday|Set3|Draw1|col7,A,combined,1,1,3,1,7,6,066,3,2,True,4,12,13,10
NewJersey4,LS1,Midday,Set3,Draw1,7,col7,Midday|Set3|Draw1|col7,A,combined,1,1,3,1,7,7,66,2,1,True,4,12,13,10
NewJersey4,LS1,Midday,Set3,Draw1,7,col7,Midday|Set3|Draw1|col7,A,combined,1,1,3,1,7,8,66,2,1,True,4,12,13,10
NewJersey4,LS1,Midday,Set3,Draw1,7,col7,Midday|Set3|Draw1|col7,A,combined,1,1,3,1,7,12,,0,0,False,4,12,13,10
NewJersey4,LS1,Midday,Set3,Draw1,7,col7,Midday|Set3|Draw1|col7,B,own,1,1,3,1,7,0,554013886677,12,8,False,2,7,8,7
NewJersey4,LS1,Midday,Set3,Draw1,7,col7,Midday|Set3|Draw1|col7,B,own,1,1,3,1,7,1,0136677,7,5,False,2,7,8,7
NewJersey4,LS1,Midday,Set3,Draw1,7,col7,Midday|Set3|Draw1|col7,B,own,1,1,3,1,7,2,066,3,2,True,2,7,8,7
NewJersey4,LS1,Midday,Set3,Draw1,7,col7,Midday|Set3|Draw1|col7,B,own,1,1,3,1,7,3,066,3,2,True,2,7,8,7
NewJersey4,LS1,Midday,Set3,Draw1,7,col7,Midday|Set3|Draw1|col7,B,own,1,1,3,1,7,4,66,2,1,True,2,7,8,7
NewJersey4,LS1,Midday,Set3,Draw1,7,col7,Midday|Set3|Draw1|col7,B,own,1,1,3,1,7,5,66,2,1,True,2,7,8,7
NewJersey4,LS1,Midday,Set3,Draw1,7,col7,Midday|Set3|Draw1|col7,B,own,1,1,3,1,7,7,,0,0,False,2,7,8,7
NewJersey4,LS1,Midday,Set3,Draw1,7,col7,Midday|Set3|Draw1|col7,B,combined,1,1,3,1,7,0,554013886677,12,8,False,2,10,11,7
NewJersey4,LS1,Midday,Set3,Draw1,7,col7,Midday|Set3|Draw1|col7,B,combined,1,1,3,1,7,1,0136677,7,5,False,2,10,11,7
NewJersey4,LS1,Midday,Set3,Draw1,7,col7,Midday|Set3|Draw1|col7,B,combined,1,1,3,1,7,2,0166,4,3,True,2,10,11,7
NewJersey4,LS1,Midday,Set3,Draw1,7,col7,Midday|Set3|Draw1|col7,B,combined,1,1,3,1,7,3,066,3,2,True,2,10,11,7
NewJersey4,LS1,Midday,Set3,Draw1,7,col7,Midday|Set3|Draw1|col7,B,combined,1,1,3,1,7,4,66,2,1,True,2,10,11,7
NewJersey4,LS1,Midday,Set3,Draw1,7,col7,Midday|Set3|Draw1|col7,B,combined,1,1,3,1,7,5,66,2,1,True,2,10,11,7
NewJersey4,LS1,Midday,Set3,Draw1,7,col7,Midday|Set3|Draw1|col7,B,combined,1,1,3,1,7,10,,0,0,False,2,10,11,7
NewJersey4,LS1,Midday,Set3,Draw1,7,col7,Midday|Set3|Draw1|col7,C,own,1,1,3,1,7,0,554013886677,12,8,False,1,2,3,3
NewJersey4,LS1,Midday,Set3,Draw1,7,col7,Midday|Set3|Draw1|col7,C,own,1,1,3,1,7,1,16677,5,3,True,1,2,3,3
NewJersey4,LS1,Midday,Set3,Draw1,7,col7,Midday|Set3|Draw1|col7,C,own,1,1,3,1,7,2,,0,0,False,1,2,3,3
NewJersey4,LS1,Midday,Set3,Draw1,7,col7,Midday|Set3|Draw1|col7,C,combined,1,1,3,1,7,0,554013886677,12,8,False,1,3,4,4
NewJersey4,LS1,Midday,Set3,Draw1,7,col7,Midday|Set3|Draw1|col7,C,combined,1,1,3,1,7,1,16677,5,3,True,1,3,4,4
NewJersey4,LS1,Midday,Set3,Draw1,7,col7,Midday|Set3|Draw1|col7,C,combined,1,1,3,1,7,2,166,3,2,True,1,3,4,4
NewJersey4,LS1,Midday,Set3,Draw1,7,col7,Midday|Set3|Draw1|col7,C,combined,1,1,3,1,7,3,,0,0,False,1,3,4,4
NewJersey4,LS1,Midday,Set3,Draw1,7,col7,Midday|Set3|Draw1|col7,D,own,1,1,3,1,7,0,554013886677,12,8,False,1,7,8,7
NewJersey4,LS1,Midday,Set3,Draw1,7,col7,Midday|Set3|Draw1|col7,D,own,1,1,3,1,7,1,16677,5,3,True,1,7,8,7
NewJersey4,LS1,Midday,Set3,Draw1,7,col7,Midday|Set3|Draw1|col7,D,own,1,1,3,1,7,2,67,2,2,True,1,7,8,7
NewJersey4,LS1,Midday,Set3,Draw1,7,col7,Midday|Set3|Draw1|col7,D,own,1,1,3,1,7,3,67,2,2,True,1,7,8,7
NewJersey4,LS1,Midday,Set3,Draw1,7,col7,Midday|Set3|Draw1|col7,D,own,1,1,3,1,7,5,6,1,1,True,1,7,8,7
NewJersey4,LS1,Midday,Set3,Draw1,7,col7,Midday|Set3|Draw1|col7,D,own,1,1,3,1,7,6,6,1,1,True,1,7,8,7
NewJersey4,LS1,Midday,Set3,Draw1,7,col7,Midday|Set3|Draw1|col7,D,own,1,1,3,1,7,7,,0,0,False,1,7,8,7
NewJersey4,LS1,Midday,Set3,Draw1,7,col7,Midday|Set3|Draw1|col7,D,combined,1,1,3,1,7,0,554013886677,12,8,False,1,10,11,6
NewJersey4,LS1,Midday,Set3,Draw1,7,col7,Midday|Set3|Draw1|col7,D,combined,1,1,3,1,7,1,16677,5,3,True,1,10,11,6
NewJersey4,LS1,Midday,Set3,Draw1,7,col7,Midday|Set3|Draw1|col7,D,combined,1,1,3,1,7,2,166,3,2,True,1,10,11,6
NewJersey4,LS1,Midday,Set3,Draw1,7,col7,Midday|Set3|Draw1|col7,D,combined,1,1,3,1,7,3,6,1,1,True,1,10,11,6
NewJersey4,LS1,Midday,Set3,Draw1,7,col7,Midday|Set3|Draw1|col7,D,combined,1,1,3,1,7,4,6,1,1,True,1,10,11,6
NewJersey4,LS1,Midday,Set3,Draw1,7,col7,Midday|Set3|Draw1|col7,D,combined,1,1,3,1,7,10,,0,0,False,1,10,11,6
NewJersey4,LS1,Midday,Set3,Draw1,7,col7,Midday|Set3|Draw1|col7,E,own,1,1,3,1,7,0,554013886677,12,8,False,4,9,10,10
NewJersey4,LS1,Midday,Set3,Draw1,7,col7,Midday|Set3|Draw1|col7,E,own,1,1,3,1,7,1,501386677,9,7,False,4,9,10,10
NewJersey4,LS1,Midday,Set3,Draw1,7,col7,Midday|Set3|Draw1|col7,E,own,1,1,3,1,7,2,503667,6,5,False,4,9,10,10
NewJersey4,LS1,Midday,Set3,Draw1,7,col7,Midday|Set3|Draw1|col7,E,own,1,1,3,1,7,3,50667,5,4,False,4,9,10,10
NewJersey4,LS1,Midday,Set3,Draw1,7,col7,Midday|Set3|Draw1|col7,E,own,1,1,3,1,7,4,5667,4,3,True,4,9,10,10
NewJersey4,LS1,Midday,Set3,Draw1,7,col7,Midday|Set3|Draw1|col7,E,own,1,1,3,1,7,5,566,3,2,True,4,9,10,10
NewJersey4,LS1,Midday,Set3,Draw1,7,col7,Midday|Set3|Draw1|col7,E,own,1,1,3,1,7,6,66,2,1,True,4,9,10,10
NewJersey4,LS1,Midday,Set3,Draw1,7,col7,Midday|Set3|Draw1|col7,E,own,1,1,3,1,7,7,6,1,1,True,4,9,10,10
NewJersey4,LS1,Midday,Set3,Draw1,7,col7,Midday|Set3|Draw1|col7,E,own,1,1,3,1,7,8,6,1,1,True,4,9,10,10
NewJersey4,LS1,Midday,Set3,Draw1,7,col7,Midday|Set3|Draw1|col7,E,own,1,1,3,1,7,9,,0,0,False,4,9,10,10
NewJersey4,LS1,Midday,Set3,Draw1,7,col7,Midday|Set3|Draw1|col7,E,combined,1,1,3,1,7,0,554013886677,12,8,False,3,12,13,9
NewJersey4,LS1,Midday,Set3,Draw1,7,col7,Midday|Set3|Draw1|col7,E,combined,1,1,3,1,7,1,501386677,9,7,False,3,12,13,9
NewJersey4,LS1,Midday,Set3,Draw1,7,col7,Midday|Set3|Draw1|col7,E,combined,1,1,3,1,7,2,501667,6,5,False,3,12,13,9
NewJersey4,LS1,Midday,Set3,Draw1,7,col7,Midday|Set3|Draw1|col7,E,combined,1,1,3,1,7,3,5066,4,3,True,3,12,13,9
NewJersey4,LS1,Midday,Set3,Draw1,7,col7,Midday|Set3|Draw1|col7,E,combined,1,1,3,1,7,4,66,2,1,True,3,12,13,9
NewJersey4,LS1,Midday,Set3,Draw1,7,col7,Midday|Set3|Draw1|col7,E,combined,1,1,3,1,7,5,66,2,1,True,3,12,13,9
NewJersey4,LS1,Midday,Set3,Draw1,7,col7,Midday|Set3|Draw1|col7,E,combined,1,1,3,1,7,10,6,1,1,True,3,12,13,9
NewJersey4,LS1,Midday,Set3,Draw1,7,col7,Midday|Set3|Draw1|col7,E,combined,1,1,3,1,7,11,6,1,1,True,3,12,13,9
NewJersey4,LS1,Midday,Set3,Draw1,7,col7,Midday|Set3|Draw1|col7,E,combined,1,1,3,1,7,12,,0,0,False,3,12,13,9
NewJersey4,LS1,Midday,Set3,Draw1,7,col7,Midday|Set3|Draw1|col7,T,own,1,1,3,1,7,0,554013886677,12,8,False,1,6,7,5
NewJersey4,LS1,Midday,Set3,Draw1,7,col7,Midday|Set3|Draw1|col7,T,own,1,1,3,1,7,1,16677,5,3,True,1,6,7,5
NewJersey4,LS1,Midday,Set3,Draw1,7,col7,Midday|Set3|Draw1|col7,T,own,1,1,3,1,7,2,77,2,1,True,1,6,7,5
NewJersey4,LS1,Midday,Set3,Draw1,7,col7,Midday|Set3|Draw1|col7,T,own,1,1,3,1,7,3,77,2,1,True,1,6,7,5
NewJersey4,LS1,Midday,Set3,Draw1,7,col7,Midday|Set3|Draw1|col7,T,own,1,1,3,1,7,6,,0,0,False,1,6,7,5
NewJersey4,LS1,Midday,Set3,Draw1,7,col7,Midday|Set3|Draw1|col7,T,combined,1,1,3,1,7,0,554013886677,12,8,False,1,12,13,6
NewJersey4,LS1,Midday,Set3,Draw1,7,col7,Midday|Set3|Draw1|col7,T,combined,1,1,3,1,7,1,16677,5,3,True,1,12,13,6
NewJersey4,LS1,Midday,Set3,Draw1,7,col7,Midday|Set3|Draw1|col7,T,combined,1,1,3,1,7,2,166,3,2,True,1,12,13,6
NewJersey4,LS1,Midday,Set3,Draw1,7,col7,Midday|Set3|Draw1|col7,T,combined,1,1,3,1,7,3,66,2,1,True,1,12,13,6
NewJersey4,LS1,Midday,Set3,Draw1,7,col7,Midday|Set3|Draw1|col7,T,combined,1,1,3,1,7,4,66,2,1,True,1,12,13,6
NewJersey4,LS1,Midday,Set3,Draw1,7,col7,Midday|Set3|Draw1|col7,T,combined,1,1,3,1,7,12,,0,0,False,1,12,13,6
NewJersey4,LS1,Midday,Set3,Draw1,6,col6,Midday|Set3|Draw1|col6,A,own,1,1,3,1,6,0,554886677,9,5,False,1,6,29,7
NewJersey4,LS1,Midday,Set3,Draw1,6,col6,Midday|Set3|Draw1|col6,A,own,1,1,3,1,6,1,46677,5,3,True,1,6,29,7
NewJersey4,LS1,Midday,Set3,Draw1,6,col6,Midday|Set3|Draw1|col6,A,own,1,1,3,1,6,2,46677,5,3,True,1,6,29,7
NewJersey4,LS1,Midday,Set3,Draw1,6,col6,Midday|Set3|Draw1|col6,A,own,1,1,3,1,6,3,46677,5,3,True,1,6,29,7
NewJersey4,LS1,Midday,Set3,Draw1,6,col6,Midday|Set3|Draw1|col6,A,own,1,1,3,1,6,4,6677,4,2,True,1,6,29,7
NewJersey4,LS1,Midday,Set3,Draw1,6,col6,Midday|Set3|Draw1|col6,A,own,1,1,3,1,6,5,6677,4,2,True,1,6,29,7
NewJersey4,LS1,Midday,Set3,Draw1,6,col6,Midday|Set3|Draw1|col6,A,own,1,1,3,1,6,6,66,2,1,True,1,6,29,7
NewJersey4,LS1,Midday,Set3,Draw1,6,col6,Midday|Set3|Draw1|col6,A,combined,1,1,3,1,6,0,554886677,9,5,False,1,12,13,7
NewJersey4,LS1,Midday,Set3,Draw1,6,col6,Midday|Set3|Draw1|col6,A,combined,1,1,3,1,6,1,46677,5,3,True,1,12,13,7
NewJersey4,LS1,Midday,Set3,Draw1,6,col6,Midday|Set3|Draw1|col6,A,combined,1,1,3,1,6,2,466,3,2,True,1,12,13,7
NewJersey4,LS1,Midday,Set3,Draw1,6,col6,Midday|Set3|Draw1|col6,A,combined,1,1,3,1,6,3,466,3,2,True,1,12,13,7
NewJersey4,LS1,Midday,Set3,Draw1,6,col6,Midday|Set3|Draw1|col6,A,combined,1,1,3,1,6,4,66,2,1,True,1,12,13,7
NewJersey4,LS1,Midday,Set3,Draw1,6,col6,Midday|Set3|Draw1|col6,A,combined,1,1,3,1,6,5,66,2,1,True,1,12,13,7
NewJersey4,LS1,Midday,Set3,Draw1,6,col6,Midday|Set3|Draw1|col6,A,combined,1,1,3,1,6,12,,0,0,False,1,12,13,7
NewJersey4,LS1,Midday,Set3,Draw1,6,col6,Midday|Set3|Draw1|col6,B,own,1,1,3,1,6,0,554886677,9,5,False,1,2,3,3
NewJersey4,LS1,Midday,Set3,Draw1,6,col6,Midday|Set3|Draw1|col6,B,own,1,1,3,1,6,1,6677,4,2,True,1,2,3,3
NewJersey4,LS1,Midday,Set3,Draw1,6,col6,Midday|Set3|Draw1|col6,B,own,1,1,3,1,6,2,,0,0,False,1,2,3,3
NewJersey4,LS1,Midday,Set3,Draw1,6,col6,Midday|Set3|Draw1|col6,B,combined,1,1,3,1,6,0,554886677,9,5,False,1,3,4,4
NewJersey4,LS1,Midday,Set3,Draw1,6,col6,Midday|Set3|Draw1|col6,B,combined,1,1,3,1,6,1,6677,4,2,True,1,3,4,4
NewJersey4,LS1,Midday,Set3,Draw1,6,col6,Midday|Set3|Draw1|col6,B,combined,1,1,3,1,6,2,66,2,1,True,1,3,4,4
NewJersey4,LS1,Midday,Set3,Draw1,6,col6,Midday|Set3|Draw1|col6,B,combined,1,1,3,1,6,3,,0,0,False,1,3,4,4
NewJersey4,LS1,Midday,Set3,Draw1,6,col6,Midday|Set3|Draw1|col6,C,own,1,1,3,1,6,0,554886677,9,5,False,1,2,3,3
NewJersey4,LS1,Midday,Set3,Draw1,6,col6,Midday|Set3|Draw1|col6,C,own,1,1,3,1,6,1,6677,4,2,True,1,2,3,3
NewJersey4,LS1,Midday,Set3,Draw1,6,col6,Midday|Set3|Draw1|col6,C,own,1,1,3,1,6,2,,0,0,False,1,2,3,3
NewJersey4,LS1,Midday,Set3,Draw1,6,col6,Midday|Set3|Draw1|col6,C,combined,1,1,3,1,6,0,554886677,9,5,False,1,3,4,4
NewJersey4,LS1,Midday,Set3,Draw1,6,col6,Midday|Set3|Draw1|col6,C,combined,1,1,3,1,6,1,6677,4,2,True,1,3,4,4
NewJersey4,LS1,Midday,Set3,Draw1,6,col6,Midday|Set3|Draw1|col6,C,combined,1,1,3,1,6,2,66,2,1,True,1,3,4,4
NewJersey4,LS1,Midday,Set3,Draw1,6,col6,Midday|Set3|Draw1|col6,C,combined,1,1,3,1,6,3,,0,0,False,1,3,4,4
NewJersey4,LS1,Midday,Set3,Draw1,6,col6,Midday|Set3|Draw1|col6,D,own,1,1,3,1,6,0,554886677,9,5,False,1,7,8,7
NewJersey4,LS1,Midday,Set3,Draw1,6,col6,Midday|Set3|Draw1|col6,D,own,1,1,3,1,6,1,6677,4,2,True,1,7,8,7
NewJersey4,LS1,Midday,Set3,Draw1,6,col6,Midday|Set3|Draw1|col6,D,own,1,1,3,1,6,2,67,2,2,True,1,7,8,7
NewJersey4,LS1,Midday,Set3,Draw1,6,col6,Midday|Set3|Draw1|col6,D,own,1,1,3,1,6,3,67,2,2,True,1,7,8,7
NewJersey4,LS1,Midday,Set3,Draw1,6,col6,Midday|Set3|Draw1|col6,D,own,1,1,3,1,6,5,6,1,1,True,1,7,8,7
NewJersey4,LS1,Midday,Set3,Draw1,6,col6,Midday|Set3|Draw1|col6,D,own,1,1,3,1,6,6,6,1,1,True,1,7,8,7
NewJersey4,LS1,Midday,Set3,Draw1,6,col6,Midday|Set3|Draw1|col6,D,own,1,1,3,1,6,7,,0,0,False,1,7,8,7
NewJersey4,LS1,Midday,Set3,Draw1,6,col6,Midday|Set3|Draw1|col6,D,combined,1,1,3,1,6,0,554886677,9,5,False,1,10,11,6
NewJersey4,LS1,Midday,Set3,Draw1,6,col6,Midday|Set3|Draw1|col6,D,combined,1,1,3,1,6,1,6677,4,2,True,1,10,11,6
NewJersey4,LS1,Midday,Set3,Draw1,6,col6,Midday|Set3|Draw1|col6,D,combined,1,1,3,1,6,2,66,2,1,True,1,10,11,6
NewJersey4,LS1,Midday,Set3,Draw1,6,col6,Midday|Set3|Draw1|col6,D,combined,1,1,3,1,6,3,6,1,1,True,1,10,11,6
NewJersey4,LS1,Midday,Set3,Draw1,6,col6,Midday|Set3|Draw1|col6,D,combined,1,1,3,1,6,4,6,1,1,True,1,10,11,6
NewJersey4,LS1,Midday,Set3,Draw1,6,col6,Midday|Set3|Draw1|col6,D,combined,1,1,3,1,6,10,,0,0,False,1,10,11,6
NewJersey4,LS1,Midday,Set3,Draw1,6,col6,Midday|Set3|Draw1|col6,E,own,1,1,3,1,6,0,554886677,9,5,False,2,7,8,8
NewJersey4,LS1,Midday,Set3,Draw1,6,col6,Midday|Set3|Draw1|col6,E,own,1,1,3,1,6,1,586677,6,4,False,2,7,8,8
NewJersey4,LS1,Midday,Set3,Draw1,6,col6,Midday|Set3|Draw1|col6,E,own,1,1,3,1,6,2,567,3,3,True,2,7,8,8
NewJersey4,LS1,Midday,Set3,Draw1,6,col6,Midday|Set3|Draw1|col6,E,own,1,1,3,1,6,3,567,3,3,True,2,7,8,8
NewJersey4,LS1,Midday,Set3,Draw1,6,col6,Midday|Set3|Draw1|col6,E,own,1,1,3,1,6,4,67,2,2,True,2,7,8,8
NewJersey4,LS1,Midday,Set3,Draw1,6,col6,Midday|Set3|Draw1|col6,E,own,1,1,3,1,6,5,6,1,1,True,2,7,8,8
NewJersey4,LS1,Midday,Set3,Draw1,6,col6,Midday|Set3|Draw1|col6,E,own,1,1,3,1,6,6,6,1,1,True,2,7,8,8
NewJersey4,LS1,Midday,Set3,Draw1,6,col6,Midday|Set3|Draw1|col6,E,own,1,1,3,1,6,7,,0,0,False,2,7,8,8
NewJersey4,LS1,Midday,Set3,Draw1,6,col6,Midday|Set3|Draw1|col6,E,combined,1,1,3,1,6,0,554886677,9,5,False,2,10,11,7
NewJersey4,LS1,Midday,Set3,Draw1,6,col6,Midday|Set3|Draw1|col6,E,combined,1,1,3,1,6,1,586677,6,4,False,2,10,11,7
NewJersey4,LS1,Midday,Set3,Draw1,6,col6,Midday|Set3|Draw1|col6,E,combined,1,1,3,1,6,2,5667,4,3,True,2,10,11,7
NewJersey4,LS1,Midday,Set3,Draw1,6,col6,Midday|Set3|Draw1|col6,E,combined,1,1,3,1,6,3,56,2,2,True,2,10,11,7
NewJersey4,LS1,Midday,Set3,Draw1,6,col6,Midday|Set3|Draw1|col6,E,combined,1,1,3,1,6,4,6,1,1,True,2,10,11,7
NewJersey4,LS1,Midday,Set3,Draw1,6,col6,Midday|Set3|Draw1|col6,E,combined,1,1,3,1,6,5,6,1,1,True,2,10,11,7
NewJersey4,LS1,Midday,Set3,Draw1,6,col6,Midday|Set3|Draw1|col6,E,combined,1,1,3,1,6,10,,0,0,False,2,10,11,7
NewJersey4,LS1,Midday,Set3,Draw1,6,col6,Midday|Set3|Draw1|col6,T,own,1,1,3,1,6,0,554886677,9,5,False,1,6,7,5
NewJersey4,LS1,Midday,Set3,Draw1,6,col6,Midday|Set3|Draw1|col6,T,own,1,1,3,1,6,1,6677,4,2,True,1,6,7,5
NewJersey4,LS1,Midday,Set3,Draw1,6,col6,Midday|Set3|Draw1|col6,T,own,1,1,3,1,6,2,77,2,1,True,1,6,7,5
NewJersey4,LS1,Midday,Set3,Draw1,6,col6,Midday|Set3|Draw1|col6,T,own,1,1,3,1,6,3,77,2,1,True,1,6,7,5
NewJersey4,LS1,Midday,Set3,Draw1,6,col6,Midday|Set3|Draw1|col6,T,own,1,1,3,1,6,6,,0,0,False,1,6,7,5
NewJersey4,LS1,Midday,Set3,Draw1,6,col6,Midday|Set3|Draw1|col6,T,combined,1,1,3,1,6,0,554886677,9,5,False,1,12,13,5
NewJersey4,LS1,Midday,Set3,Draw1,6,col6,Midday|Set3|Draw1|col6,T,combined,1,1,3,1,6,1,6677,4,2,True,1,12,13,5
NewJersey4,LS1,Midday,Set3,Draw1,6,col6,Midday|Set3|Draw1|col6,T,combined,1,1,3,1,6,2,66,2,1,True,1,12,13,5
NewJersey4,LS1,Midday,Set3,Draw1,6,col6,Midday|Set3|Draw1|col6,T,combined,1,1,3,1,6,3,66,2,1,True,1,12,13,5
NewJersey4,LS1,Midday,Set3,Draw1,6,col6,Midday|Set3|Draw1|col6,T,combined,1,1,3,1,6,12,,0,0,False,1,12,13,5
NewJersey4,LS1,Midday,Set3,Draw1,5,col5,Midday|Set3|Draw1|col5,A,own,1,1,3,1,5,0,55488667,8,5,False,1,6,29,7
NewJersey4,LS1,Midday,Set3,Draw1,5,col5,Midday|Set3|Draw1|col5,A,own,1,1,3,1,5,1,4667,4,3,True,1,6,29,7
NewJersey4,LS1,Midday,Set3,Draw1,5,col5,Midday|Set3|Draw1|col5,A,own,1,1,3,1,5,2,4667,4,3,True,1,6,29,7
NewJersey4,LS1,Midday,Set3,Draw1,5,col5,Midday|Set3|Draw1|col5,A,own,1,1,3,1,5,3,4667,4,3,True,1,6,29,7
NewJersey4,LS1,Midday,Set3,Draw1,5,col5,Midday|Set3|Draw1|col5,A,own,1,1,3,1,5,4,667,3,2,True,1,6,29,7
NewJersey4,LS1,Midday,Set3,Draw1,5,col5,Midday|Set3|Draw1|col5,A,own,1,1,3,1,5,5,667,3,2,True,1,6,29,7
NewJersey4,LS1,Midday,Set3,Draw1,5,col5,Midday|Set3|Draw1|col5,A,own,1,1,3,1,5,6,66,2,1,True,1,6,29,7
NewJersey4,LS1,Midday,Set3,Draw1,5,col5,Midday|Set3|Draw1|col5,A,combined,1,1,3,1,5,0,55488667,8,5,False,1,12,13,7
NewJersey4,LS1,Midday,Set3,Draw1,5,col5,Midday|Set3|Draw1|col5,A,combined,1,1,3,1,5,1,4667,4,3,True,1,12,13,7
NewJersey4,LS1,Midday,Set3,Draw1,5,col5,Midday|Set3|Draw1|col5,A,combined,1,1,3,1,5,2,466,3,2,True,1,12,13,7
NewJersey4,LS1,Midday,Set3,Draw1,5,col5,Midday|Set3|Draw1|col5,A,combined,1,1,3,1,5,3,466,3,2,True,1,12,13,7
NewJersey4,LS1,Midday,Set3,Draw1,5,col5,Midday|Set3|Draw1|col5,A,combined,1,1,3,1,5,4,66,2,1,True,1,12,13,7
NewJersey4,LS1,Midday,Set3,Draw1,5,col5,Midday|Set3|Draw1|col5,A,combined,1,1,3,1,5,5,66,2,1,True,1,12,13,7
NewJersey4,LS1,Midday,Set3,Draw1,5,col5,Midday|Set3|Draw1|col5,A,combined,1,1,3,1,5,12,,0,0,False,1,12,13,7
NewJersey4,LS1,Midday,Set3,Draw1,5,col5,Midday|Set3|Draw1|col5,B,own,1,1,3,1,5,0,55488667,8,5,False,1,2,3,3
NewJersey4,LS1,Midday,Set3,Draw1,5,col5,Midday|Set3|Draw1|col5,B,own,1,1,3,1,5,1,667,3,2,True,1,2,3,3
NewJersey4,LS1,Midday,Set3,Draw1,5,col5,Midday|Set3|Draw1|col5,B,own,1,1,3,1,5,2,,0,0,False,1,2,3,3
NewJersey4,LS1,Midday,Set3,Draw1,5,col5,Midday|Set3|Draw1|col5,B,combined,1,1,3,1,5,0,55488667,8,5,False,1,3,4,4
NewJersey4,LS1,Midday,Set3,Draw1,5,col5,Midday|Set3|Draw1|col5,B,combined,1,1,3,1,5,1,667,3,2,True,1,3,4,4
NewJersey4,LS1,Midday,Set3,Draw1,5,col5,Midday|Set3|Draw1|col5,B,combined,1,1,3,1,5,2,66,2,1,True,1,3,4,4
NewJersey4,LS1,Midday,Set3,Draw1,5,col5,Midday|Set3|Draw1|col5,B,combined,1,1,3,1,5,3,,0,0,False,1,3,4,4
NewJersey4,LS1,Midday,Set3,Draw1,5,col5,Midday|Set3|Draw1|col5,C,own,1,1,3,1,5,0,55488667,8,5,False,1,2,3,3
NewJersey4,LS1,Midday,Set3,Draw1,5,col5,Midday|Set3|Draw1|col5,C,own,1,1,3,1,5,1,667,3,2,True,1,2,3,3
NewJersey4,LS1,Midday,Set3,Draw1,5,col5,Midday|Set3|Draw1|col5,C,own,1,1,3,1,5,2,,0,0,False,1,2,3,3
NewJersey4,LS1,Midday,Set3,Draw1,5,col5,Midday|Set3|Draw1|col5,C,combined,1,1,3,1,5,0,55488667,8,5,False,1,3,4,4
NewJersey4,LS1,Midday,Set3,Draw1,5,col5,Midday|Set3|Draw1|col5,C,combined,1,1,3,1,5,1,667,3,2,True,1,3,4,4
NewJersey4,LS1,Midday,Set3,Draw1,5,col5,Midday|Set3|Draw1|col5,C,combined,1,1,3,1,5,2,66,2,1,True,1,3,4,4
NewJersey4,LS1,Midday,Set3,Draw1,5,col5,Midday|Set3|Draw1|col5,C,combined,1,1,3,1,5,3,,0,0,False,1,3,4,4
NewJersey4,LS1,Midday,Set3,Draw1,5,col5,Midday|Set3|Draw1|col5,D,own,1,1,3,1,5,0,55488667,8,5,False,1,7,8,5
NewJersey4,LS1,Midday,Set3,Draw1,5,col5,Midday|Set3|Draw1|col5,D,own,1,1,3,1,5,1,667,3,2,True,1,7,8,5
NewJersey4,LS1,Midday,Set3,Draw1,5,col5,Midday|Set3|Draw1|col5,D,own,1,1,3,1,5,2,6,1,1,True,1,7,8,5
NewJersey4,LS1,Midday,Set3,Draw1,5,col5,Midday|Set3|Draw1|col5,D,own,1,1,3,1,5,3,6,1,1,True,1,7,8,5
NewJersey4,LS1,Midday,Set3,Draw1,5,col5,Midday|Set3|Draw1|col5,D,own,1,1,3,1,5,7,,0,0,False,1,7,8,5
NewJersey4,LS1,Midday,Set3,Draw1,5,col5,Midday|Set3|Draw1|col5,D,combined,1,1,3,1,5,0,55488667,8,5,False,1,10,11,6
NewJersey4,LS1,Midday,Set3,Draw1,5,col5,Midday|Set3|Draw1|col5,D,combined,1,1,3,1,5,1,667,3,2,True,1,10,11,6
NewJersey4,LS1,Midday,Set3,Draw1,5,col5,Midday|Set3|Draw1|col5,D,combined,1,1,3,1,5,2,66,2,1,True,1,10,11,6
NewJersey4,LS1,Midday,Set3,Draw1,5,col5,Midday|Set3|Draw1|col5,D,combined,1,1,3,1,5,3,6,1,1,True,1,10,11,6
NewJersey4,LS1,Midday,Set3,Draw1,5,col5,Midday|Set3|Draw1|col5,D,combined,1,1,3,1,5,4,6,1,1,True,1,10,11,6
NewJersey4,LS1,Midday,Set3,Draw1,5,col5,Midday|Set3|Draw1|col5,D,combined,1,1,3,1,5,10,,0,0,False,1,10,11,6
NewJersey4,LS1,Midday,Set3,Draw1,5,col5,Midday|Set3|Draw1|col5,E,own,1,1,3,1,5,0,55488667,8,5,False,2,7,8,7
NewJersey4,LS1,Midday,Set3,Draw1,5,col5,Midday|Set3|Draw1|col5,E,own,1,1,3,1,5,1,58667,5,4,False,2,7,8,7
NewJersey4,LS1,Midday,Set3,Draw1,5,col5,Midday|Set3|Draw1|col5,E,own,1,1,3,1,5,2,56,2,2,True,2,7,8,7
NewJersey4,LS1,Midday,Set3,Draw1,5,col5,Midday|Set3|Draw1|col5,E,own,1,1,3,1,5,3,56,2,2,True,2,7,8,7
NewJersey4,LS1,Midday,Set3,Draw1,5,col5,Midday|Set3|Draw1|col5,E,own,1,1,3,1,5,4,6,1,1,True,2,7,8,7
NewJersey4,LS1,Midday,Set3,Draw1,5,col5,Midday|Set3|Draw1|col5,E,own,1,1,3,1,5,5,6,1,1,True,2,7,8,7
NewJersey4,LS1,Midday,Set3,Draw1,5,col5,Midday|Set3|Draw1|col5,E,own,1,1,3,1,5,7,,0,0,False,2,7,8,7
NewJersey4,LS1,Midday,Set3,Draw1,5,col5,Midday|Set3|Draw1|col5,E,combined,1,1,3,1,5,0,55488667,8,5,False,2,10,11,7
NewJersey4,LS1,Midday,Set3,Draw1,5,col5,Midday|Set3|Draw1|col5,E,combined,1,1,3,1,5,1,58667,5,4,False,2,10,11,7
NewJersey4,LS1,Midday,Set3,Draw1,5,col5,Midday|Set3|Draw1|col5,E,combined,1,1,3,1,5,2,566,3,2,True,2,10,11,7
NewJersey4,LS1,Midday,Set3,Draw1,5,col5,Midday|Set3|Draw1|col5,E,combined,1,1,3,1,5,3,56,2,2,True,2,10,11,7
NewJersey4,LS1,Midday,Set3,Draw1,5,col5,Midday|Set3|Draw1|col5,E,combined,1,1,3,1,5,4,6,1,1,True,2,10,11,7
NewJersey4,LS1,Midday,Set3,Draw1,5,col5,Midday|Set3|Draw1|col5,E,combined,1,1,3,1,5,5,6,1,1,True,2,10,11,7
NewJersey4,LS1,Midday,Set3,Draw1,5,col5,Midday|Set3|Draw1|col5,E,combined,1,1,3,1,5,10,,0,0,False,2,10,11,7
NewJersey4,LS1,Midday,Set3,Draw1,5,col5,Midday|Set3|Draw1|col5,T,own,1,1,3,1,5,0,55488667,8,5,False,1,6,29,4
NewJersey4,LS1,Midday,Set3,Draw1,5,col5,Midday|Set3|Draw1|col5,T,own,1,1,3,1,5,1,667,3,2,True,1,6,29,4
NewJersey4,LS1,Midday,Set3,Draw1,5,col5,Midday|Set3|Draw1|col5,T,own,1,1,3,1,5,2,667,3,2,True,1,6,29,4
NewJersey4,LS1,Midday,Set3,Draw1,5,col5,Midday|Set3|Draw1|col5,T,own,1,1,3,1,5,6,66,2,1,True,1,6,29,4
NewJersey4,LS1,Midday,Set3,Draw1,5,col5,Midday|Set3|Draw1|col5,T,combined,1,1,3,1,5,0,55488667,8,5,False,1,12,13,5
NewJersey4,LS1,Midday,Set3,Draw1,5,col5,Midday|Set3|Draw1|col5,T,combined,1,1,3,1,5,1,667,3,2,True,1,12,13,5
NewJersey4,LS1,Midday,Set3,Draw1,5,col5,Midday|Set3|Draw1|col5,T,combined,1,1,3,1,5,2,66,2,1,True,1,12,13,5
NewJersey4,LS1,Midday,Set3,Draw1,5,col5,Midday|Set3|Draw1|col5,T,combined,1,1,3,1,5,3,66,2,1,True,1,12,13,5
NewJersey4,LS1,Midday,Set3,Draw1,5,col5,Midday|Set3|Draw1|col5,T,combined,1,1,3,1,5,12,,0,0,False,1,12,13,5
NewJersey4,LS1,Midday,Set3,Draw1,4,col4,Midday|Set3|Draw1|col4,A,own,1,1,3,1,4,0,54866*,6,5,False,1,4,29,5
NewJersey4,LS1,Midday,Set3,Draw1,4,col4,Midday|Set3|Draw1|col4,A,own,1,1,3,1,4,1,466*,4,3,True,1,4,29,5
NewJersey4,LS1,Midday,Set3,Draw1,4,col4,Midday|Set3|Draw1|col4,A,own,1,1,3,1,4,2,466*,4,3,True,1,4,29,5
NewJersey4,LS1,Midday,Set3,Draw1,4,col4,Midday|Set3|Draw1|col4,A,own,1,1,3,1,4,3,466*,4,3,True,1,4,29,5
NewJersey4,LS1,Midday,Set3,Draw1,4,col4,Midday|Set3|Draw1|col4,A,own,1,1,3,1,4,4,66*,3,2,True,1,4,29,5
NewJersey4,LS1,Midday,Set3,Draw1,4,col4,Midday|Set3|Draw1|col4,A,combined,1,1,3,1,4,0,54866*,6,5,False,1,12,57,7
NewJersey4,LS1,Midday,Set3,Draw1,4,col4,Midday|Set3|Draw1|col4,A,combined,1,1,3,1,4,1,466*,4,3,True,1,12,57,7
NewJersey4,LS1,Midday,Set3,Draw1,4,col4,Midday|Set3|Draw1|col4,A,combined,1,1,3,1,4,2,466*,4,3,True,1,12,57,7
NewJersey4,LS1,Midday,Set3,Draw1,4,col4,Midday|Set3|Draw1|col4,A,combined,1,1,3,1,4,3,466*,4,3,True,1,12,57,7
NewJersey4,LS1,Midday,Set3,Draw1,4,col4,Midday|Set3|Draw1|col4,A,combined,1,1,3,1,4,4,66*,3,2,True,1,12,57,7
NewJersey4,LS1,Midday,Set3,Draw1,4,col4,Midday|Set3|Draw1|col4,A,combined,1,1,3,1,4,5,66*,3,2,True,1,12,57,7
NewJersey4,LS1,Midday,Set3,Draw1,4,col4,Midday|Set3|Draw1|col4,A,combined,1,1,3,1,4,12,*,1,1,True,1,12,57,7
NewJersey4,LS1,Midday,Set3,Draw1,4,col4,Midday|Set3|Draw1|col4,B,own,1,1,3,1,4,0,54866*,6,5,False,1,2,29,3
NewJersey4,LS1,Midday,Set3,Draw1,4,col4,Midday|Set3|Draw1|col4,B,own,1,1,3,1,4,1,66*,3,2,True,1,2,29,3
NewJersey4,LS1,Midday,Set3,Draw1,4,col4,Midday|Set3|Draw1|col4,B,own,1,1,3,1,4,2,*,1,1,True,1,2,29,3
NewJersey4,LS1,Midday,Set3,Draw1,4,col4,Midday|Set3|Draw1|col4,B,combined,1,1,3,1,4,0,54866*,6,5,False,1,3,57,4
NewJersey4,LS1,Midday,Set3,Draw1,4,col4,Midday|Set3|Draw1|col4,B,combined,1,1,3,1,4,1,66*,3,2,True,1,3,57,4
NewJersey4,LS1,Midday,Set3,Draw1,4,col4,Midday|Set3|Draw1|col4,B,combined,1,1,3,1,4,2,66*,3,2,True,1,3,57,4
NewJersey4,LS1,Midday,Set3,Draw1,4,col4,Midday|Set3|Draw1|col4,B,combined,1,1,3,1,4,3,*,1,1,True,1,3,57,4
NewJersey4,LS1,Midday,Set3,Draw1,4,col4,Midday|Set3|Draw1|col4,C,own,1,1,3,1,4,0,54866*,6,5,False,1,2,29,3
NewJersey4,LS1,Midday,Set3,Draw1,4,col4,Midday|Set3|Draw1|col4,C,own,1,1,3,1,4,1,66*,3,2,True,1,2,29,3
NewJersey4,LS1,Midday,Set3,Draw1,4,col4,Midday|Set3|Draw1|col4,C,own,1,1,3,1,4,2,*,1,1,True,1,2,29,3
NewJersey4,LS1,Midday,Set3,Draw1,4,col4,Midday|Set3|Draw1|col4,C,combined,1,1,3,1,4,0,54866*,6,5,False,1,3,57,4
NewJersey4,LS1,Midday,Set3,Draw1,4,col4,Midday|Set3|Draw1|col4,C,combined,1,1,3,1,4,1,66*,3,2,True,1,3,57,4
NewJersey4,LS1,Midday,Set3,Draw1,4,col4,Midday|Set3|Draw1|col4,C,combined,1,1,3,1,4,2,66*,3,2,True,1,3,57,4
NewJersey4,LS1,Midday,Set3,Draw1,4,col4,Midday|Set3|Draw1|col4,C,combined,1,1,3,1,4,3,*,1,1,True,1,3,57,4
NewJersey4,LS1,Midday,Set3,Draw1,4,col4,Midday|Set3|Draw1|col4,D,own,1,1,3,1,4,0,54866*,6,5,False,1,7,29,5
NewJersey4,LS1,Midday,Set3,Draw1,4,col4,Midday|Set3|Draw1|col4,D,own,1,1,3,1,4,1,66*,3,2,True,1,7,29,5
NewJersey4,LS1,Midday,Set3,Draw1,4,col4,Midday|Set3|Draw1|col4,D,own,1,1,3,1,4,2,6*,2,2,True,1,7,29,5
NewJersey4,LS1,Midday,Set3,Draw1,4,col4,Midday|Set3|Draw1|col4,D,own,1,1,3,1,4,3,6*,2,2,True,1,7,29,5
NewJersey4,LS1,Midday,Set3,Draw1,4,col4,Midday|Set3|Draw1|col4,D,own,1,1,3,1,4,7,*,1,1,True,1,7,29,5
NewJersey4,LS1,Midday,Set3,Draw1,4,col4,Midday|Set3|Draw1|col4,D,combined,1,1,3,1,4,0,54866*,6,5,False,1,10,57,6
NewJersey4,LS1,Midday,Set3,Draw1,4,col4,Midday|Set3|Draw1|col4,D,combined,1,1,3,1,4,1,66*,3,2,True,1,10,57,6
NewJersey4,LS1,Midday,Set3,Draw1,4,col4,Midday|Set3|Draw1|col4,D,combined,1,1,3,1,4,2,66*,3,2,True,1,10,57,6
NewJersey4,LS1,Midday,Set3,Draw1,4,col4,Midday|Set3|Draw1|col4,D,combined,1,1,3,1,4,3,6*,2,2,True,1,10,57,6
NewJersey4,LS1,Midday,Set3,Draw1,4,col4,Midday|Set3|Draw1|col4,D,combined,1,1,3,1,4,4,6*,2,2,True,1,10,57,6
NewJersey4,LS1,Midday,Set3,Draw1,4,col4,Midday|Set3|Draw1|col4,D,combined,1,1,3,1,4,10,*,1,1,True,1,10,57,6
NewJersey4,LS1,Midday,Set3,Draw1,4,col4,Midday|Set3|Draw1|col4,E,own,1,1,3,1,4,0,54866*,6,5,False,1,7,29,5
NewJersey4,LS1,Midday,Set3,Draw1,4,col4,Midday|Set3|Draw1|col4,E,own,1,1,3,1,4,1,66*,3,2,True,1,7,29,5
NewJersey4,LS1,Midday,Set3,Draw1,4,col4,Midday|Set3|Draw1|col4,E,own,1,1,3,1,4,2,6*,2,2,True,1,7,29,5
NewJersey4,LS1,Midday,Set3,Draw1,4,col4,Midday|Set3|Draw1|col4,E,own,1,1,3,1,4,3,6*,2,2,True,1,7,29,5
NewJersey4,LS1,Midday,Set3,Draw1,4,col4,Midday|Set3|Draw1|col4,E,own,1,1,3,1,4,7,*,1,1,True,1,7,29,5
NewJersey4,LS1,Midday,Set3,Draw1,4,col4,Midday|Set3|Draw1|col4,E,combined,1,1,3,1,4,0,54866*,6,5,False,1,10,57,6
NewJersey4,LS1,Midday,Set3,Draw1,4,col4,Midday|Set3|Draw1|col4,E,combined,1,1,3,1,4,1,66*,3,2,True,1,10,57,6
NewJersey4,LS1,Midday,Set3,Draw1,4,col4,Midday|Set3|Draw1|col4,E,combined,1,1,3,1,4,2,66*,3,2,True,1,10,57,6
NewJersey4,LS1,Midday,Set3,Draw1,4,col4,Midday|Set3|Draw1|col4,E,combined,1,1,3,1,4,3,6*,2,2,True,1,10,57,6
NewJersey4,LS1,Midday,Set3,Draw1,4,col4,Midday|Set3|Draw1|col4,E,combined,1,1,3,1,4,4,6*,2,2,True,1,10,57,6
NewJersey4,LS1,Midday,Set3,Draw1,4,col4,Midday|Set3|Draw1|col4,E,combined,1,1,3,1,4,10,*,1,1,True,1,10,57,6
NewJersey4,LS1,Midday,Set3,Draw1,4,col4,Midday|Set3|Draw1|col4,T,own,1,1,3,1,4,0,54866*,6,5,False,1,1,29,2
NewJersey4,LS1,Midday,Set3,Draw1,4,col4,Midday|Set3|Draw1|col4,T,own,1,1,3,1,4,1,66*,3,2,True,1,1,29,2
NewJersey4,LS1,Midday,Set3,Draw1,4,col4,Midday|Set3|Draw1|col4,T,combined,1,1,3,1,4,0,54866*,6,5,False,1,12,57,4
NewJersey4,LS1,Midday,Set3,Draw1,4,col4,Midday|Set3|Draw1|col4,T,combined,1,1,3,1,4,1,66*,3,2,True,1,12,57,4
NewJersey4,LS1,Midday,Set3,Draw1,4,col4,Midday|Set3|Draw1|col4,T,combined,1,1,3,1,4,2,66*,3,2,True,1,12,57,4
NewJersey4,LS1,Midday,Set3,Draw1,4,col4,Midday|Set3|Draw1|col4,T,combined,1,1,3,1,4,12,*,1,1,True,1,12,57,4
NewJersey4,LS1,Midday,Set2,Draw1,7,col7,Midday|Set2|Draw1|col7,A,own,1,1,2,1,7,0,552403886677,12,8,False,4,6,29,7
NewJersey4,LS1,Midday,Set2,Draw1,7,col7,Midday|Set2|Draw1|col7,A,own,1,1,2,1,7,1,24036677,8,6,False,4,6,29,7
NewJersey4,LS1,Midday,Set2,Draw1,7,col7,Midday|Set2|Draw1|col7,A,own,1,1,2,1,7,2,4036677,7,5,False,4,6,29,7
NewJersey4,LS1,Midday,Set2,Draw1,7,col7,Midday|Set2|Draw1|col7,A,own,1,1,2,1,7,3,406677,6,4,False,4,6,29,7
NewJersey4,LS1,Midday,Set2,Draw1,7,col7,Midday|Set2|Draw1|col7,A,own,1,1,2,1,7,4,6677,4,2,True,4,6,29,7
NewJersey4,LS1,Midday,Set2,Draw1,7,col7,Midday|Set2|Draw1|col7,A,own,1,1,2,1,7,5,6677,4,2,True,4,6,29,7
NewJersey4,LS1,Midday,Set2,Draw1,7,col7,Midday|Set2|Draw1|col7,A,own,1,1,2,1,7,6,66,2,1,True,4,6,29,7
NewJersey4,LS1,Midday,Set2,Draw1,7,col7,Midday|Set2|Draw1|col7,A,combined,1,1,2,1,7,0,552403886677,12,8,False,4,12,13,10
NewJersey4,LS1,Midday,Set2,Draw1,7,col7,Midday|Set2|Draw1|col7,A,combined,1,1,2,1,7,1,24036677,8,6,False,4,12,13,10
NewJersey4,LS1,Midday,Set2,Draw1,7,col7,Midday|Set2|Draw1|col7,A,combined,1,1,2,1,7,2,240366,6,5,False,4,12,13,10
NewJersey4,LS1,Midday,Set2,Draw1,7,col7,Midday|Set2|Draw1|col7,A,combined,1,1,2,1,7,3,40366,5,4,False,4,12,13,10
NewJersey4,LS1,Midday,Set2,Draw1,7,col7,Midday|Set2|Draw1|col7,A,combined,1,1,2,1,7,4,0366,4,3,True,4,12,13,10
NewJersey4,LS1,Midday,Set2,Draw1,7,col7,Midday|Set2|Draw1|col7,A,combined,1,1,2,1,7,5,066,3,2,True,4,12,13,10
NewJersey4,LS1,Midday,Set2,Draw1,7,col7,Midday|Set2|Draw1|col7,A,combined,1,1,2,1,7,6,066,3,2,True,4,12,13,10
NewJersey4,LS1,Midday,Set2,Draw1,7,col7,Midday|Set2|Draw1|col7,A,combined,1,1,2,1,7,7,66,2,1,True,4,12,13,10
NewJersey4,LS1,Midday,Set2,Draw1,7,col7,Midday|Set2|Draw1|col7,A,combined,1,1,2,1,7,8,66,2,1,True,4,12,13,10
NewJersey4,LS1,Midday,Set2,Draw1,7,col7,Midday|Set2|Draw1|col7,A,combined,1,1,2,1,7,12,,0,0,False,4,12,13,10
NewJersey4,LS1,Midday,Set2,Draw1,7,col7,Midday|Set2|Draw1|col7,B,own,1,1,2,1,7,0,552403886677,12,8,False,2,5,6,6
NewJersey4,LS1,Midday,Set2,Draw1,7,col7,Midday|Set2|Draw1|col7,B,own,1,1,2,1,7,1,2036677,7,5,False,2,5,6,6
NewJersey4,LS1,Midday,Set2,Draw1,7,col7,Midday|Set2|Draw1|col7,B,own,1,1,2,1,7,2,077,3,2,True,2,5,6,6
NewJersey4,LS1,Midday,Set2,Draw1,7,col7,Midday|Set2|Draw1|col7,B,own,1,1,2,1,7,3,077,3,2,True,2,5,6,6
NewJersey4,LS1,Midday,Set2,Draw1,7,col7,Midday|Set2|Draw1|col7,B,own,1,1,2,1,7,4,77,2,1,True,2,5,6,6
NewJersey4,LS1,Midday,Set2,Draw1,7,col7,Midday|Set2|Draw1|col7,B,own,1,1,2,1,7,5,,0,0,False,2,5,6,6
NewJersey4,LS1,Midday,Set2,Draw1,7,col7,Midday|Set2|Draw1|col7,B,combined,1,1,2,1,7,0,552403886677,12,8,False,2,4,5,5
NewJersey4,LS1,Midday,Set2,Draw1,7,col7,Midday|Set2|Draw1|col7,B,combined,1,1,2,1,7,1,2036677,7,5,False,2,4,5,5
NewJersey4,LS1,Midday,Set2,Draw1,7,col7,Midday|Set2|Draw1|col7,B,combined,1,1,2,1,7,2,2066,4,3,True,2,4,5,5
NewJersey4,LS1,Midday,Set2,Draw1,7,col7,Midday|Set2|Draw1|col7,B,combined,1,1,2,1,7,3,0,1,1,True,2,4,5,5
NewJersey4,LS1,Midday,Set2,Draw1,7,col7,Midday|Set2|Draw1|col7,B,combined,1,1,2,1,7,4,,0,0,False,2,4,5,5
NewJersey4,LS1,Midday,Set2,Draw1,7,col7,Midday|Set2|Draw1|col7,C,own,1,1,2,1,7,0,552403886677,12,8,False,1,2,3,3
NewJersey4,LS1,Midday,Set2,Draw1,7,col7,Midday|Set2|Draw1|col7,C,own,1,1,2,1,7,1,26677,5,3,True,1,2,3,3
NewJersey4,LS1,Midday,Set2,Draw1,7,col7,Midday|Set2|Draw1|col7,C,own,1,1,2,1,7,2,,0,0,False,1,2,3,3
NewJersey4,LS1,Midday,Set2,Draw1,7,col7,Midday|Set2|Draw1|col7,C,combined,1,1,2,1,7,0,552403886677,12,8,False,1,3,4,4
NewJersey4,LS1,Midday,Set2,Draw1,7,col7,Midday|Set2|Draw1|col7,C,combined,1,1,2,1,7,1,26677,5,3,True,1,3,4,4
NewJersey4,LS1,Midday,Set2,Draw1,7,col7,Midday|Set2|Draw1|col7,C,combined,1,1,2,1,7,2,66,2,1,True,1,3,4,4
NewJersey4,LS1,Midday,Set2,Draw1,7,col7,Midday|Set2|Draw1|col7,C,combined,1,1,2,1,7,3,,0,0,False,1,3,4,4
NewJersey4,LS1,Midday,Set2,Draw1,7,col7,Midday|Set2|Draw1|col7,D,own,1,1,2,1,7,0,552403886677,12,8,False,1,7,8,7
NewJersey4,LS1,Midday,Set2,Draw1,7,col7,Midday|Set2|Draw1|col7,D,own,1,1,2,1,7,1,26677,5,3,True,1,7,8,7
NewJersey4,LS1,Midday,Set2,Draw1,7,col7,Midday|Set2|Draw1|col7,D,own,1,1,2,1,7,2,67,2,2,True,1,7,8,7
NewJersey4,LS1,Midday,Set2,Draw1,7,col7,Midday|Set2|Draw1|col7,D,own,1,1,2,1,7,3,67,2,2,True,1,7,8,7
NewJersey4,LS1,Midday,Set2,Draw1,7,col7,Midday|Set2|Draw1|col7,D,own,1,1,2,1,7,5,6,1,1,True,1,7,8,7
NewJersey4,LS1,Midday,Set2,Draw1,7,col7,Midday|Set2|Draw1|col7,D,own,1,1,2,1,7,6,6,1,1,True,1,7,8,7
NewJersey4,LS1,Midday,Set2,Draw1,7,col7,Midday|Set2|Draw1|col7,D,own,1,1,2,1,7,7,,0,0,False,1,7,8,7
NewJersey4,LS1,Midday,Set2,Draw1,7,col7,Midday|Set2|Draw1|col7,D,combined,1,1,2,1,7,0,552403886677,12,8,False,1,10,11,6
NewJersey4,LS1,Midday,Set2,Draw1,7,col7,Midday|Set2|Draw1|col7,D,combined,1,1,2,1,7,1,26677,5,3,True,1,10,11,6
NewJersey4,LS1,Midday,Set2,Draw1,7,col7,Midday|Set2|Draw1|col7,D,combined,1,1,2,1,7,2,66,2,1,True,1,10,11,6
NewJersey4,LS1,Midday,Set2,Draw1,7,col7,Midday|Set2|Draw1|col7,D,combined,1,1,2,1,7,3,6,1,1,True,1,10,11,6
NewJersey4,LS1,Midday,Set2,Draw1,7,col7,Midday|Set2|Draw1|col7,D,combined,1,1,2,1,7,4,6,1,1,True,1,10,11,6
NewJersey4,LS1,Midday,Set2,Draw1,7,col7,Midday|Set2|Draw1|col7,D,combined,1,1,2,1,7,10,,0,0,False,1,10,11,6
NewJersey4,LS1,Midday,Set2,Draw1,7,col7,Midday|Set2|Draw1|col7,E,own,1,1,2,1,7,0,552403886677,12,8,False,4,7,8,8
NewJersey4,LS1,Midday,Set2,Draw1,7,col7,Midday|Set2|Draw1|col7,E,own,1,1,2,1,7,1,520386677,9,7,False,4,7,8,8
NewJersey4,LS1,Midday,Set2,Draw1,7,col7,Midday|Set2|Draw1|col7,E,own,1,1,2,1,7,2,503677,6,5,False,4,7,8,8
NewJersey4,LS1,Midday,Set2,Draw1,7,col7,Midday|Set2|Draw1|col7,E,own,1,1,2,1,7,3,50677,5,4,False,4,7,8,8
NewJersey4,LS1,Midday,Set2,Draw1,7,col7,Midday|Set2|Draw1|col7,E,own,1,1,2,1,7,4,5677,4,3,True,4,7,8,8
NewJersey4,LS1,Midday,Set2,Draw1,7,col7,Midday|Set2|Draw1|col7,E,own,1,1,2,1,7,5,567,3,3,True,4,7,8,8
NewJersey4,LS1,Midday,Set2,Draw1,7,col7,Midday|Set2|Draw1|col7,E,own,1,1,2,1,7,6,6,1,1,True,4,7,8,8
NewJersey4,LS1,Midday,Set2,Draw1,7,col7,Midday|Set2|Draw1|col7,E,own,1,1,2,1,7,7,,0,0,False,4,7,8,8
NewJersey4,LS1,Midday,Set2,Draw1,7,col7,Midday|Set2|Draw1|col7,E,combined,1,1,2,1,7,0,552403886677,12,8,False,4,10,11,9
NewJersey4,LS1,Midday,Set2,Draw1,7,col7,Midday|Set2|Draw1|col7,E,combined,1,1,2,1,7,1,520386677,9,7,False,4,10,11,9
NewJersey4,LS1,Midday,Set2,Draw1,7,col7,Midday|Set2|Draw1|col7,E,combined,1,1,2,1,7,2,520667,6,5,False,4,10,11,9
NewJersey4,LS1,Midday,Set2,Draw1,7,col7,Midday|Set2|Draw1|col7,E,combined,1,1,2,1,7,3,5067,4,4,False,4,10,11,9
NewJersey4,LS1,Midday,Set2,Draw1,7,col7,Midday|Set2|Draw1|col7,E,combined,1,1,2,1,7,4,67,2,2,True,4,10,11,9
NewJersey4,LS1,Midday,Set2,Draw1,7,col7,Midday|Set2|Draw1|col7,E,combined,1,1,2,1,7,5,67,2,2,True,4,10,11,9
NewJersey4,LS1,Midday,Set2,Draw1,7,col7,Midday|Set2|Draw1|col7,E,combined,1,1,2,1,7,8,6,1,1,True,4,10,11,9
NewJersey4,LS1,Midday,Set2,Draw1,7,col7,Midday|Set2|Draw1|col7,E,combined,1,1,2,1,7,9,6,1,1,True,4,10,11,9
NewJersey4,LS1,Midday,Set2,Draw1,7,col7,Midday|Set2|Draw1|col7,E,combined,1,1,2,1,7,10,,0,0,False,4,10,11,9
NewJersey4,LS1,Midday,Set2,Draw1,7,col7,Midday|Set2|Draw1|col7,T,own,1,1,2,1,7,0,552403886677,12,8,False,1,6,7,5
NewJersey4,LS1,Midday,Set2,Draw1,7,col7,Midday|Set2|Draw1|col7,T,own,1,1,2,1,7,1,26677,5,3,True,1,6,7,5
NewJersey4,LS1,Midday,Set2,Draw1,7,col7,Midday|Set2|Draw1|col7,T,own,1,1,2,1,7,2,77,2,1,True,1,6,7,5
NewJersey4,LS1,Midday,Set2,Draw1,7,col7,Midday|Set2|Draw1|col7,T,own,1,1,2,1,7,3,77,2,1,True,1,6,7,5
NewJersey4,LS1,Midday,Set2,Draw1,7,col7,Midday|Set2|Draw1|col7,T,own,1,1,2,1,7,6,,0,0,False,1,6,7,5
NewJersey4,LS1,Midday,Set2,Draw1,7,col7,Midday|Set2|Draw1|col7,T,combined,1,1,2,1,7,0,552403886677,12,8,False,1,12,13,6
NewJersey4,LS1,Midday,Set2,Draw1,7,col7,Midday|Set2|Draw1|col7,T,combined,1,1,2,1,7,1,26677,5,3,True,1,12,13,6
NewJersey4,LS1,Midday,Set2,Draw1,7,col7,Midday|Set2|Draw1|col7,T,combined,1,1,2,1,7,2,266,3,2,True,1,12,13,6
NewJersey4,LS1,Midday,Set2,Draw1,7,col7,Midday|Set2|Draw1|col7,T,combined,1,1,2,1,7,3,66,2,1,True,1,12,13,6
NewJersey4,LS1,Midday,Set2,Draw1,7,col7,Midday|Set2|Draw1|col7,T,combined,1,1,2,1,7,4,66,2,1,True,1,12,13,6
NewJersey4,LS1,Midday,Set2,Draw1,7,col7,Midday|Set2|Draw1|col7,T,combined,1,1,2,1,7,12,,0,0,False,1,12,13,6
NewJersey4,LS1,Midday,Set2,Draw1,6,col6,Midday|Set2|Draw1|col6,A,own,1,1,2,1,6,0,5524388667,10,7,False,3,6,29,7
NewJersey4,LS1,Midday,Set2,Draw1,6,col6,Midday|Set2|Draw1|col6,A,own,1,1,2,1,6,1,243667,6,5,False,3,6,29,7
NewJersey4,LS1,Midday,Set2,Draw1,6,col6,Midday|Set2|Draw1|col6,A,own,1,1,2,1,6,2,43667,5,4,False,3,6,29,7
NewJersey4,LS1,Midday,Set2,Draw1,6,col6,Midday|Set2|Draw1|col6,A,own,1,1,2,1,6,3,4667,4,3,True,3,6,29,7
NewJersey4,LS1,Midday,Set2,Draw1,6,col6,Midday|Set2|Draw1|col6,A,own,1,1,2,1,6,4,667,3,2,True,3,6,29,7
NewJersey4,LS1,Midday,Set2,Draw1,6,col6,Midday|Set2|Draw1|col6,A,own,1,1,2,1,6,5,667,3,2,True,3,6,29,7
NewJersey4,LS1,Midday,Set2,Draw1,6,col6,Midday|Set2|Draw1|col6,A,own,1,1,2,1,6,6,66,2,1,True,3,6,29,7
NewJersey4,LS1,Midday,Set2,Draw1,6,col6,Midday|Set2|Draw1|col6,A,combined,1,1,2,1,6,0,5524388667,10,7,False,3,12,13,8
NewJersey4,LS1,Midday,Set2,Draw1,6,col6,Midday|Set2|Draw1|col6,A,combined,1,1,2,1,6,1,243667,6,5,False,3,12,13,8
NewJersey4,LS1,Midday,Set2,Draw1,6,col6,Midday|Set2|Draw1|col6,A,combined,1,1,2,1,6,2,24366,5,4,False,3,12,13,8
NewJersey4,LS1,Midday,Set2,Draw1,6,col6,Midday|Set2|Draw1|col6,A,combined,1,1,2,1,6,3,4366,4,3,True,3,12,13,8
NewJersey4,LS1,Midday,Set2,Draw1,6,col6,Midday|Set2|Draw1|col6,A,combined,1,1,2,1,6,4,366,3,2,True,3,12,13,8
NewJersey4,LS1,Midday,Set2,Draw1,6,col6,Midday|Set2|Draw1|col6,A,combined,1,1,2,1,6,5,66,2,1,True,3,12,13,8
NewJersey4,LS1,Midday,Set2,Draw1,6,col6,Midday|Set2|Draw1|col6,A,combined,1,1,2,1,6,6,66,2,1,True,3,12,13,8
NewJersey4,LS1,Midday,Set2,Draw1,6,col6,Midday|Set2|Draw1|col6,A,combined,1,1,2,1,6,12,,0,0,False,3,12,13,8
NewJersey4,LS1,Midday,Set2,Draw1,6,col6,Midday|Set2|Draw1|col6,B,own,1,1,2,1,6,0,5524388667,10,7,False,2,5,6,5
NewJersey4,LS1,Midday,Set2,Draw1,6,col6,Midday|Set2|Draw1|col6,B,own,1,1,2,1,6,1,23667,5,4,False,2,5,6,5
NewJersey4,LS1,Midday,Set2,Draw1,6,col6,Midday|Set2|Draw1|col6,B,own,1,1,2,1,6,2,7,1,1,True,2,5,6,5
NewJersey4,LS1,Midday,Set2,Draw1,6,col6,Midday|Set2|Draw1|col6,B,own,1,1,2,1,6,3,7,1,1,True,2,5,6,5
NewJersey4,LS1,Midday,Set2,Draw1,6,col6,Midday|Set2|Draw1|col6,B,own,1,1,2,1,6,5,,0,0,False,2,5,6,5
NewJersey4,LS1,Midday,Set2,Draw1,6,col6,Midday|Set2|Draw1|col6,B,combined,1,1,2,1,6,0,5524388667,10,7,False,2,3,4,4
NewJersey4,LS1,Midday,Set2,Draw1,6,col6,Midday|Set2|Draw1|col6,B,combined,1,1,2,1,6,1,23667,5,4,False,2,3,4,4
NewJersey4,LS1,Midday,Set2,Draw1,6,col6,Midday|Set2|Draw1|col6,B,combined,1,1,2,1,6,2,266,3,2,True,2,3,4,4
NewJersey4,LS1,Midday,Set2,Draw1,6,col6,Midday|Set2|Draw1|col6,B,combined,1,1,2,1,6,3,,0,0,False,2,3,4,4
NewJersey4,LS1,Midday,Set2,Draw1,6,col6,Midday|Set2|Draw1|col6,C,own,1,1,2,1,6,0,5524388667,10,7,False,1,2,3,3
NewJersey4,LS1,Midday,Set2,Draw1,6,col6,Midday|Set2|Draw1|col6,C,own,1,1,2,1,6,1,2667,4,3,True,1,2,3,3
NewJersey4,LS1,Midday,Set2,Draw1,6,col6,Midday|Set2|Draw1|col6,C,own,1,1,2,1,6,2,,0,0,False,1,2,3,3
NewJersey4,LS1,Midday,Set2,Draw1,6,col6,Midday|Set2|Draw1|col6,C,combined,1,1,2,1,6,0,5524388667,10,7,False,1,3,4,4
NewJersey4,LS1,Midday,Set2,Draw1,6,col6,Midday|Set2|Draw1|col6,C,combined,1,1,2,1,6,1,2667,4,3,True,1,3,4,4
NewJersey4,LS1,Midday,Set2,Draw1,6,col6,Midday|Set2|Draw1|col6,C,combined,1,1,2,1,6,2,66,2,1,True,1,3,4,4
NewJersey4,LS1,Midday,Set2,Draw1,6,col6,Midday|Set2|Draw1|col6,C,combined,1,1,2,1,6,3,,0,0,False,1,3,4,4
NewJersey4,LS1,Midday,Set2,Draw1,6,col6,Midday|Set2|Draw1|col6,D,own,1,1,2,1,6,0,5524388667,10,7,False,1,7,8,5
NewJersey4,LS1,Midday,Set2,Draw1,6,col6,Midday|Set2|Draw1|col6,D,own,1,1,2,1,6,1,2667,4,3,True,1,7,8,5
NewJersey4,LS1,Midday,Set2,Draw1,6,col6,Midday|Set2|Draw1|col6,D,own,1,1,2,1,6,2,6,1,1,True,1,7,8,5
NewJersey4,LS1,Midday,Set2,Draw1,6,col6,Midday|Set2|Draw1|col6,D,own,1,1,2,1,6,3,6,1,1,True,1,7,8,5
NewJersey4,LS1,Midday,Set2,Draw1,6,col6,Midday|Set2|Draw1|col6,D,own,1,1,2,1,6,7,,0,0,False,1,7,8,5
NewJersey4,LS1,Midday,Set2,Draw1,6,col6,Midday|Set2|Draw1|col6,D,combined,1,1,2,1,6,0,5524388667,10,7,False,1,10,11,6
NewJersey4,LS1,Midday,Set2,Draw1,6,col6,Midday|Set2|Draw1|col6,D,combined,1,1,2,1,6,1,2667,4,3,True,1,10,11,6
NewJersey4,LS1,Midday,Set2,Draw1,6,col6,Midday|Set2|Draw1|col6,D,combined,1,1,2,1,6,2,66,2,1,True,1,10,11,6
NewJersey4,LS1,Midday,Set2,Draw1,6,col6,Midday|Set2|Draw1|col6,D,combined,1,1,2,1,6,3,6,1,1,True,1,10,11,6
NewJersey4,LS1,Midday,Set2,Draw1,6,col6,Midday|Set2|Draw1|col6,D,combined,1,1,2,1,6,4,6,1,1,True,1,10,11,6
NewJersey4,LS1,Midday,Set2,Draw1,6,col6,Midday|Set2|Draw1|col6,D,combined,1,1,2,1,6,10,,0,0,False,1,10,11,6
NewJersey4,LS1,Midday,Set2,Draw1,6,col6,Midday|Set2|Draw1|col6,E,own,1,1,2,1,6,0,5524388667,10,7,False,3,7,8,8
NewJersey4,LS1,Midday,Set2,Draw1,6,col6,Midday|Set2|Draw1|col6,E,own,1,1,2,1,6,1,5238667,7,6,False,3,7,8,8
NewJersey4,LS1,Midday,Set2,Draw1,6,col6,Midday|Set2|Draw1|col6,E,own,1,1,2,1,6,2,5367,4,4,False,3,7,8,8
NewJersey4,LS1,Midday,Set2,Draw1,6,col6,Midday|Set2|Draw1|col6,E,own,1,1,2,1,6,3,567,3,3,True,3,7,8,8
NewJersey4,LS1,Midday,Set2,Draw1,6,col6,Midday|Set2|Draw1|col6,E,own,1,1,2,1,6,4,67,2,2,True,3,7,8,8
NewJersey4,LS1,Midday,Set2,Draw1,6,col6,Midday|Set2|Draw1|col6,E,own,1,1,2,1,6,5,6,1,1,True,3,7,8,8
NewJersey4,LS1,Midday,Set2,Draw1,6,col6,Midday|Set2|Draw1|col6,E,own,1,1,2,1,6,6,6,1,1,True,3,7,8,8
NewJersey4,LS1,Midday,Set2,Draw1,6,col6,Midday|Set2|Draw1|col6,E,own,1,1,2,1,6,7,,0,0,False,3,7,8,8
NewJersey4,LS1,Midday,Set2,Draw1,6,col6,Midday|Set2|Draw1|col6,E,combined,1,1,2,1,6,0,5524388667,10,7,False,2,10,11,7
NewJersey4,LS1,Midday,Set2,Draw1,6,col6,Midday|Set2|Draw1|col6,E,combined,1,1,2,1,6,1,5238667,7,6,False,2,10,11,7
NewJersey4,LS1,Midday,Set2,Draw1,6,col6,Midday|Set2|Draw1|col6,E,combined,1,1,2,1,6,2,5266,4,3,True,2,10,11,7
NewJersey4,LS1,Midday,Set2,Draw1,6,col6,Midday|Set2|Draw1|col6,E,combined,1,1,2,1,6,3,56,2,2,True,2,10,11,7
NewJersey4,LS1,Midday,Set2,Draw1,6,col6,Midday|Set2|Draw1|col6,E,combined,1,1,2,1,6,4,6,1,1,True,2,10,11,7
NewJersey4,LS1,Midday,Set2,Draw1,6,col6,Midday|Set2|Draw1|col6,E,combined,1,1,2,1,6,5,6,1,1,True,2,10,11,7
NewJersey4,LS1,Midday,Set2,Draw1,6,col6,Midday|Set2|Draw1|col6,E,combined,1,1,2,1,6,10,,0,0,False,2,10,11,7
NewJersey4,LS1,Midday,Set2,Draw1,6,col6,Midday|Set2|Draw1|col6,T,own,1,1,2,1,6,0,5524388667,10,7,False,1,6,29,5
NewJersey4,LS1,Midday,Set2,Draw1,6,col6,Midday|Set2|Draw1|col6,T,own,1,1,2,1,6,1,2667,4,3,True,1,6,29,5
NewJersey4,LS1,Midday,Set2,Draw1,6,col6,Midday|Set2|Draw1|col6,T,own,1,1,2,1,6,2,667,3,2,True,1,6,29,5
NewJersey4,LS1,Midday,Set2,Draw1,6,col6,Midday|Set2|Draw1|col6,T,own,1,1,2,1,6,3,667,3,2,True,1,6,29,5
NewJersey4,LS1,Midday,Set2,Draw1,6,col6,Midday|Set2|Draw1|col6,T,own,1,1,2,1,6,6,66,2,1,True,1,6,29,5
NewJersey4,LS1,Midday,Set2,Draw1,6,col6,Midday|Set2|Draw1|col6,T,combined,1,1,2,1,6,0,5524388667,10,7,False,1,12,13,6
NewJersey4,LS1,Midday,Set2,Draw1,6,col6,Midday|Set2|Draw1|col6,T,combined,1,1,2,1,6,1,2667,4,3,True,1,12,13,6
NewJersey4,LS1,Midday,Set2,Draw1,6,col6,Midday|Set2|Draw1|col6,T,combined,1,1,2,1,6,2,266,3,2,True,1,12,13,6
NewJersey4,LS1,Midday,Set2,Draw1,6,col6,Midday|Set2|Draw1|col6,T,combined,1,1,2,1,6,3,66,2,1,True,1,12,13,6
NewJersey4,LS1,Midday,Set2,Draw1,6,col6,Midday|Set2|Draw1|col6,T,combined,1,1,2,1,6,4,66,2,1,True,1,12,13,6
NewJersey4,LS1,Midday,Set2,Draw1,6,col6,Midday|Set2|Draw1|col6,T,combined,1,1,2,1,6,12,,0,0,False,1,12,13,6
NewJersey4,LS1,Midday,Set2,Draw1,5,col5,Midday|Set2|Draw1|col5,A,own,1,1,2,1,5,0,5243866,7,6,False,2,4,29,5
NewJersey4,LS1,Midday,Set2,Draw1,5,col5,Midday|Set2|Draw1|col5,A,own,1,1,2,1,5,1,24366,5,4,False,2,4,29,5
NewJersey4,LS1,Midday,Set2,Draw1,5,col5,Midday|Set2|Draw1|col5,A,own,1,1,2,1,5,2,4366,4,3,True,2,4,29,5
NewJersey4,LS1,Midday,Set2,Draw1,5,col5,Midday|Set2|Draw1|col5,A,own,1,1,2,1,5,3,466,3,2,True,2,4,29,5
NewJersey4,LS1,Midday,Set2,Draw1,5,col5,Midday|Set2|Draw1|col5,A,own,1,1,2,1,5,4,66,2,1,True,2,4,29,5
NewJersey4,LS1,Midday,Set2,Draw1,5,col5,Midday|Set2|Draw1|col5,A,combined,1,1,2,1,5,0,5243866,7,6,False,3,12,13,8
NewJersey4,LS1,Midday,Set2,Draw1,5,col5,Midday|Set2|Draw1|col5,A,combined,1,1,2,1,5,1,24366,5,4,False,3,12,13,8
NewJersey4,LS1,Midday,Set2,Draw1,5,col5,Midday|Set2|Draw1|col5,A,combined,1,1,2,1,5,2,24366,5,4,False,3,12,13,8
NewJersey4,LS1,Midday,Set2,Draw1,5,col5,Midday|Set2|Draw1|col5,A,combined,1,1,2,1,5,3,4366,4,3,True,3,12,13,8
NewJersey4,LS1,Midday,Set2,Draw1,5,col5,Midday|Set2|Draw1|col5,A,combined,1,1,2,1,5,4,366,3,2,True,3,12,13,8
NewJersey4,LS1,Midday,Set2,Draw1,5,col5,Midday|Set2|Draw1|col5,A,combined,1,1,2,1,5,5,66,2,1,True,3,12,13,8
NewJersey4,LS1,Midday,Set2,Draw1,5,col5,Midday|Set2|Draw1|col5,A,combined,1,1,2,1,5,6,66,2,1,True,3,12,13,8
NewJersey4,LS1,Midday,Set2,Draw1,5,col5,Midday|Set2|Draw1|col5,A,combined,1,1,2,1,5,12,,0,0,False,3,12,13,8
NewJersey4,LS1,Midday,Set2,Draw1,5,col5,Midday|Set2|Draw1|col5,B,own,1,1,2,1,5,0,5243866,7,6,False,1,2,3,3
NewJersey4,LS1,Midday,Set2,Draw1,5,col5,Midday|Set2|Draw1|col5,B,own,1,1,2,1,5,1,2366,4,3,True,1,2,3,3
NewJersey4,LS1,Midday,Set2,Draw1,5,col5,Midday|Set2|Draw1|col5,B,own,1,1,2,1,5,2,,0,0,False,1,2,3,3
NewJersey4,LS1,Midday,Set2,Draw1,5,col5,Midday|Set2|Draw1|col5,B,combined,1,1,2,1,5,0,5243866,7,6,False,1,3,4,4
NewJersey4,LS1,Midday,Set2,Draw1,5,col5,Midday|Set2|Draw1|col5,B,combined,1,1,2,1,5,1,2366,4,3,True,1,3,4,4
NewJersey4,LS1,Midday,Set2,Draw1,5,col5,Midday|Set2|Draw1|col5,B,combined,1,1,2,1,5,2,66,2,1,True,1,3,4,4
NewJersey4,LS1,Midday,Set2,Draw1,5,col5,Midday|Set2|Draw1|col5,B,combined,1,1,2,1,5,3,,0,0,False,1,3,4,4
NewJersey4,LS1,Midday,Set2,Draw1,5,col5,Midday|Set2|Draw1|col5,C,own,1,1,2,1,5,0,5243866,7,6,False,1,2,3,3
NewJersey4,LS1,Midday,Set2,Draw1,5,col5,Midday|Set2|Draw1|col5,C,own,1,1,2,1,5,1,266,3,2,True,1,2,3,3
NewJersey4,LS1,Midday,Set2,Draw1,5,col5,Midday|Set2|Draw1|col5,C,own,1,1,2,1,5,2,,0,0,False,1,2,3,3
NewJersey4,LS1,Midday,Set2,Draw1,5,col5,Midday|Set2|Draw1|col5,C,combined,1,1,2,1,5,0,5243866,7,6,False,1,3,4,4
NewJersey4,LS1,Midday,Set2,Draw1,5,col5,Midday|Set2|Draw1|col5,C,combined,1,1,2,1,5,1,266,3,2,True,1,3,4,4
NewJersey4,LS1,Midday,Set2,Draw1,5,col5,Midday|Set2|Draw1|col5,C,combined,1,1,2,1,5,2,66,2,1,True,1,3,4,4
NewJersey4,LS1,Midday,Set2,Draw1,5,col5,Midday|Set2|Draw1|col5,C,combined,1,1,2,1,5,3,,0,0,False,1,3,4,4
NewJersey4,LS1,Midday,Set2,Draw1,5,col5,Midday|Set2|Draw1|col5,D,own,1,1,2,1,5,0,5243866,7,6,False,1,7,8,5
NewJersey4,LS1,Midday,Set2,Draw1,5,col5,Midday|Set2|Draw1|col5,D,own,1,1,2,1,5,1,266,3,2,True,1,7,8,5
NewJersey4,LS1,Midday,Set2,Draw1,5,col5,Midday|Set2|Draw1|col5,D,own,1,1,2,1,5,2,6,1,1,True,1,7,8,5
NewJersey4,LS1,Midday,Set2,Draw1,5,col5,Midday|Set2|Draw1|col5,D,own,1,1,2,1,5,3,6,1,1,True,1,7,8,5
NewJersey4,LS1,Midday,Set2,Draw1,5,col5,Midday|Set2|Draw1|col5,D,own,1,1,2,1,5,7,,0,0,False,1,7,8,5
NewJersey4,LS1,Midday,Set2,Draw1,5,col5,Midday|Set2|Draw1|col5,D,combined,1,1,2,1,5,0,5243866,7,6,False,1,10,11,6
NewJersey4,LS1,Midday,Set2,Draw1,5,col5,Midday|Set2|Draw1|col5,D,combined,1,1,2,1,5,1,266,3,2,True,1,10,11,6
NewJersey4,LS1,Midday,Set2,Draw1,5,col5,Midday|Set2|Draw1|col5,D,combined,1,1,2,1,5,2,66,2,1,True,1,10,11,6
NewJersey4,LS1,Midday,Set2,Draw1,5,col5,Midday|Set2|Draw1|col5,D,combined,1,1,2,1,5,3,6,1,1,True,1,10,11,6
NewJersey4,LS1,Midday,Set2,Draw1,5,col5,Midday|Set2|Draw1|col5,D,combined,1,1,2,1,5,4,6,1,1,True,1,10,11,6
NewJersey4,LS1,Midday,Set2,Draw1,5,col5,Midday|Set2|Draw1|col5,D,combined,1,1,2,1,5,10,,0,0,False,1,10,11,6
NewJersey4,LS1,Midday,Set2,Draw1,5,col5,Midday|Set2|Draw1|col5,E,own,1,1,2,1,5,0,5243866,7,6,False,1,7,8,5
NewJersey4,LS1,Midday,Set2,Draw1,5,col5,Midday|Set2|Draw1|col5,E,own,1,1,2,1,5,1,2366,4,3,True,1,7,8,5
NewJersey4,LS1,Midday,Set2,Draw1,5,col5,Midday|Set2|Draw1|col5,E,own,1,1,2,1,5,2,6,1,1,True,1,7,8,5
NewJersey4,LS1,Midday,Set2,Draw1,5,col5,Midday|Set2|Draw1|col5,E,own,1,1,2,1,5,3,6,1,1,True,1,7,8,5
NewJersey4,LS1,Midday,Set2,Draw1,5,col5,Midday|Set2|Draw1|col5,E,own,1,1,2,1,5,7,,0,0,False,1,7,8,5
NewJersey4,LS1,Midday,Set2,Draw1,5,col5,Midday|Set2|Draw1|col5,E,combined,1,1,2,1,5,0,5243866,7,6,False,1,10,11,6
NewJersey4,LS1,Midday,Set2,Draw1,5,col5,Midday|Set2|Draw1|col5,E,combined,1,1,2,1,5,1,2366,4,3,True,1,10,11,6
NewJersey4,LS1,Midday,Set2,Draw1,5,col5,Midday|Set2|Draw1|col5,E,combined,1,1,2,1,5,2,66,2,1,True,1,10,11,6
NewJersey4,LS1,Midday,Set2,Draw1,5,col5,Midday|Set2|Draw1|col5,E,combined,1,1,2,1,5,3,6,1,1,True,1,10,11,6
NewJersey4,LS1,Midday,Set2,Draw1,5,col5,Midday|Set2|Draw1|col5,E,combined,1,1,2,1,5,4,6,1,1,True,1,10,11,6
NewJersey4,LS1,Midday,Set2,Draw1,5,col5,Midday|Set2|Draw1|col5,E,combined,1,1,2,1,5,10,,0,0,False,1,10,11,6
NewJersey4,LS1,Midday,Set2,Draw1,5,col5,Midday|Set2|Draw1|col5,T,own,1,1,2,1,5,0,5243866,7,6,False,1,2,29,3
NewJersey4,LS1,Midday,Set2,Draw1,5,col5,Midday|Set2|Draw1|col5,T,own,1,1,2,1,5,1,266,3,2,True,1,2,29,3
NewJersey4,LS1,Midday,Set2,Draw1,5,col5,Midday|Set2|Draw1|col5,T,own,1,1,2,1,5,2,66,2,1,True,1,2,29,3
NewJersey4,LS1,Midday,Set2,Draw1,5,col5,Midday|Set2|Draw1|col5,T,combined,1,1,2,1,5,0,5243866,7,6,False,1,12,13,6
NewJersey4,LS1,Midday,Set2,Draw1,5,col5,Midday|Set2|Draw1|col5,T,combined,1,1,2,1,5,1,266,3,2,True,1,12,13,6
NewJersey4,LS1,Midday,Set2,Draw1,5,col5,Midday|Set2|Draw1|col5,T,combined,1,1,2,1,5,2,266,3,2,True,1,12,13,6
NewJersey4,LS1,Midday,Set2,Draw1,5,col5,Midday|Set2|Draw1|col5,T,combined,1,1,2,1,5,3,66,2,1,True,1,12,13,6
NewJersey4,LS1,Midday,Set2,Draw1,5,col5,Midday|Set2|Draw1|col5,T,combined,1,1,2,1,5,4,66,2,1,True,1,12,13,6
NewJersey4,LS1,Midday,Set2,Draw1,5,col5,Midday|Set2|Draw1|col5,T,combined,1,1,2,1,5,12,,0,0,False,1,12,13,6
NewJersey4,LS1,Midday,Set2,Draw1,4,col4,Midday|Set2|Draw1|col4,A,own,1,1,2,1,4,0,5866*,5,4,False,1,1,29,2
NewJersey4,LS1,Midday,Set2,Draw1,4,col4,Midday|Set2|Draw1|col4,A,own,1,1,2,1,4,1,66*,3,2,True,1,1,29,2
NewJersey4,LS1,Midday,Set2,Draw1,4,col4,Midday|Set2|Draw1|col4,A,combined,1,1,2,1,4,0,5866*,5,4,False,1,12,57,4
NewJersey4,LS1,Midday,Set2,Draw1,4,col4,Midday|Set2|Draw1|col4,A,combined,1,1,2,1,4,1,66*,3,2,True,1,12,57,4
NewJersey4,LS1,Midday,Set2,Draw1,4,col4,Midday|Set2|Draw1|col4,A,combined,1,1,2,1,4,2,66*,3,2,True,1,12,57,4
NewJersey4,LS1,Midday,Set2,Draw1,4,col4,Midday|Set2|Draw1|col4,A,combined,1,1,2,1,4,12,*,1,1,True,1,12,57,4
NewJersey4,LS1,Midday,Set2,Draw1,4,col4,Midday|Set2|Draw1|col4,B,own,1,1,2,1,4,0,5866*,5,4,False,1,2,29,3
NewJersey4,LS1,Midday,Set2,Draw1,4,col4,Midday|Set2|Draw1|col4,B,own,1,1,2,1,4,1,66*,3,2,True,1,2,29,3
NewJersey4,LS1,Midday,Set2,Draw1,4,col4,Midday|Set2|Draw1|col4,B,own,1,1,2,1,4,2,*,1,1,True,1,2,29,3
NewJersey4,LS1,Midday,Set2,Draw1,4,col4,Midday|Set2|Draw1|col4,B,combined,1,1,2,1,4,0,5866*,5,4,False,1,3,57,4
NewJersey4,LS1,Midday,Set2,Draw1,4,col4,Midday|Set2|Draw1|col4,B,combined,1,1,2,1,4,1,66*,3,2,True,1,3,57,4
NewJersey4,LS1,Midday,Set2,Draw1,4,col4,Midday|Set2|Draw1|col4,B,combined,1,1,2,1,4,2,66*,3,2,True,1,3,57,4
NewJersey4,LS1,Midday,Set2,Draw1,4,col4,Midday|Set2|Draw1|col4,B,combined,1,1,2,1,4,3,*,1,1,True,1,3,57,4
NewJersey4,LS1,Midday,Set2,Draw1,4,col4,Midday|Set2|Draw1|col4,C,own,1,1,2,1,4,0,5866*,5,4,False,1,2,29,3
NewJersey4,LS1,Midday,Set2,Draw1,4,col4,Midday|Set2|Draw1|col4,C,own,1,1,2,1,4,1,66*,3,2,True,1,2,29,3
NewJersey4,LS1,Midday,Set2,Draw1,4,col4,Midday|Set2|Draw1|col4,C,own,1,1,2,1,4,2,*,1,1,True,1,2,29,3
NewJersey4,LS1,Midday,Set2,Draw1,4,col4,Midday|Set2|Draw1|col4,C,combined,1,1,2,1,4,0,5866*,5,4,False,1,3,57,4
NewJersey4,LS1,Midday,Set2,Draw1,4,col4,Midday|Set2|Draw1|col4,C,combined,1,1,2,1,4,1,66*,3,2,True,1,3,57,4
NewJersey4,LS1,Midday,Set2,Draw1,4,col4,Midday|Set2|Draw1|col4,C,combined,1,1,2,1,4,2,66*,3,2,True,1,3,57,4
NewJersey4,LS1,Midday,Set2,Draw1,4,col4,Midday|Set2|Draw1|col4,C,combined,1,1,2,1,4,3,*,1,1,True,1,3,57,4
NewJersey4,LS1,Midday,Set2,Draw1,4,col4,Midday|Set2|Draw1|col4,D,own,1,1,2,1,4,0,5866*,5,4,False,1,7,29,5
NewJersey4,LS1,Midday,Set2,Draw1,4,col4,Midday|Set2|Draw1|col4,D,own,1,1,2,1,4,1,66*,3,2,True,1,7,29,5
NewJersey4,LS1,Midday,Set2,Draw1,4,col4,Midday|Set2|Draw1|col4,D,own,1,1,2,1,4,2,6*,2,2,True,1,7,29,5
NewJersey4,LS1,Midday,Set2,Draw1,4,col4,Midday|Set2|Draw1|col4,D,own,1,1,2,1,4,3,6*,2,2,True,1,7,29,5
NewJersey4,LS1,Midday,Set2,Draw1,4,col4,Midday|Set2|Draw1|col4,D,own,1,1,2,1,4,7,*,1,1,True,1,7,29,5
NewJersey4,LS1,Midday,Set2,Draw1,4,col4,Midday|Set2|Draw1|col4,D,combined,1,1,2,1,4,0,5866*,5,4,False,1,10,57,6
NewJersey4,LS1,Midday,Set2,Draw1,4,col4,Midday|Set2|Draw1|col4,D,combined,1,1,2,1,4,1,66*,3,2,True,1,10,57,6
NewJersey4,LS1,Midday,Set2,Draw1,4,col4,Midday|Set2|Draw1|col4,D,combined,1,1,2,1,4,2,66*,3,2,True,1,10,57,6
NewJersey4,LS1,Midday,Set2,Draw1,4,col4,Midday|Set2|Draw1|col4,D,combined,1,1,2,1,4,3,6*,2,2,True,1,10,57,6
NewJersey4,LS1,Midday,Set2,Draw1,4,col4,Midday|Set2|Draw1|col4,D,combined,1,1,2,1,4,4,6*,2,2,True,1,10,57,6
NewJersey4,LS1,Midday,Set2,Draw1,4,col4,Midday|Set2|Draw1|col4,D,combined,1,1,2,1,4,10,*,1,1,True,1,10,57,6
NewJersey4,LS1,Midday,Set2,Draw1,4,col4,Midday|Set2|Draw1|col4,E,own,1,1,2,1,4,0,5866*,5,4,False,1,7,29,5
NewJersey4,LS1,Midday,Set2,Draw1,4,col4,Midday|Set2|Draw1|col4,E,own,1,1,2,1,4,1,66*,3,2,True,1,7,29,5
NewJersey4,LS1,Midday,Set2,Draw1,4,col4,Midday|Set2|Draw1|col4,E,own,1,1,2,1,4,2,6*,2,2,True,1,7,29,5
NewJersey4,LS1,Midday,Set2,Draw1,4,col4,Midday|Set2|Draw1|col4,E,own,1,1,2,1,4,3,6*,2,2,True,1,7,29,5
NewJersey4,LS1,Midday,Set2,Draw1,4,col4,Midday|Set2|Draw1|col4,E,own,1,1,2,1,4,7,*,1,1,True,1,7,29,5
NewJersey4,LS1,Midday,Set2,Draw1,4,col4,Midday|Set2|Draw1|col4,E,combined,1,1,2,1,4,0,5866*,5,4,False,1,10,57,6
NewJersey4,LS1,Midday,Set2,Draw1,4,col4,Midday|Set2|Draw1|col4,E,combined,1,1,2,1,4,1,66*,3,2,True,1,10,57,6
NewJersey4,LS1,Midday,Set2,Draw1,4,col4,Midday|Set2|Draw1|col4,E,combined,1,1,2,1,4,2,66*,3,2,True,1,10,57,6
NewJersey4,LS1,Midday,Set2,Draw1,4,col4,Midday|Set2|Draw1|col4,E,combined,1,1,2,1,4,3,6*,2,2,True,1,10,57,6
NewJersey4,LS1,Midday,Set2,Draw1,4,col4,Midday|Set2|Draw1|col4,E,combined,1,1,2,1,4,4,6*,2,2,True,1,10,57,6
NewJersey4,LS1,Midday,Set2,Draw1,4,col4,Midday|Set2|Draw1|col4,E,combined,1,1,2,1,4,10,*,1,1,True,1,10,57,6
NewJersey4,LS1,Midday,Set2,Draw1,4,col4,Midday|Set2|Draw1|col4,T,own,1,1,2,1,4,0,5866*,5,4,False,1,1,29,2
NewJersey4,LS1,Midday,Set2,Draw1,4,col4,Midday|Set2|Draw1|col4,T,own,1,1,2,1,4,1,66*,3,2,True,1,1,29,2
NewJersey4,LS1,Midday,Set2,Draw1,4,col4,Midday|Set2|Draw1|col4,T,combined,1,1,2,1,4,0,5866*,5,4,False,1,12,57,4
NewJersey4,LS1,Midday,Set2,Draw1,4,col4,Midday|Set2|Draw1|col4,T,combined,1,1,2,1,4,1,66*,3,2,True,1,12,57,4
NewJersey4,LS1,Midday,Set2,Draw1,4,col4,Midday|Set2|Draw1|col4,T,combined,1,1,2,1,4,2,66*,3,2,True,1,12,57,4
NewJersey4,LS1,Midday,Set2,Draw1,4,col4,Midday|Set2|Draw1|col4,T,combined,1,1,2,1,4,12,*,1,1,True,1,12,57,4
NewJersey4,LS1,Midday,Set2,Draw1,2,col2,Midday|Set2|Draw1|col2,A,own,1,1,2,1,2,0,5866*,5,4,False,1,1,29,2
NewJersey4,LS1,Midday,Set2,Draw1,2,col2,Midday|Set2|Draw1|col2,A,own,1,1,2,1,2,1,66*,3,2,True,1,1,29,2
NewJersey4,LS1,Midday,Set2,Draw1,2,col2,Midday|Set2|Draw1|col2,A,combined,1,1,2,1,2,0,5866*,5,4,False,1,12,57,4
NewJersey4,LS1,Midday,Set2,Draw1,2,col2,Midday|Set2|Draw1|col2,A,combined,1,1,2,1,2,1,66*,3,2,True,1,12,57,4
NewJersey4,LS1,Midday,Set2,Draw1,2,col2,Midday|Set2|Draw1|col2,A,combined,1,1,2,1,2,2,66*,3,2,True,1,12,57,4
NewJersey4,LS1,Midday,Set2,Draw1,2,col2,Midday|Set2|Draw1|col2,A,combined,1,1,2,1,2,12,*,1,1,True,1,12,57,4
NewJersey4,LS1,Midday,Set2,Draw1,2,col2,Midday|Set2|Draw1|col2,B,own,1,1,2,1,2,0,5866*,5,4,False,1,2,29,3
NewJersey4,LS1,Midday,Set2,Draw1,2,col2,Midday|Set2|Draw1|col2,B,own,1,1,2,1,2,1,66*,3,2,True,1,2,29,3
NewJersey4,LS1,Midday,Set2,Draw1,2,col2,Midday|Set2|Draw1|col2,B,own,1,1,2,1,2,2,*,1,1,True,1,2,29,3
NewJersey4,LS1,Midday,Set2,Draw1,2,col2,Midday|Set2|Draw1|col2,B,combined,1,1,2,1,2,0,5866*,5,4,False,1,3,57,4
NewJersey4,LS1,Midday,Set2,Draw1,2,col2,Midday|Set2|Draw1|col2,B,combined,1,1,2,1,2,1,66*,3,2,True,1,3,57,4
NewJersey4,LS1,Midday,Set2,Draw1,2,col2,Midday|Set2|Draw1|col2,B,combined,1,1,2,1,2,2,66*,3,2,True,1,3,57,4
NewJersey4,LS1,Midday,Set2,Draw1,2,col2,Midday|Set2|Draw1|col2,B,combined,1,1,2,1,2,3,*,1,1,True,1,3,57,4
NewJersey4,LS1,Midday,Set2,Draw1,2,col2,Midday|Set2|Draw1|col2,C,own,1,1,2,1,2,0,5866*,5,4,False,1,2,29,3
NewJersey4,LS1,Midday,Set2,Draw1,2,col2,Midday|Set2|Draw1|col2,C,own,1,1,2,1,2,1,66*,3,2,True,1,2,29,3
NewJersey4,LS1,Midday,Set2,Draw1,2,col2,Midday|Set2|Draw1|col2,C,own,1,1,2,1,2,2,*,1,1,True,1,2,29,3
NewJersey4,LS1,Midday,Set2,Draw1,2,col2,Midday|Set2|Draw1|col2,C,combined,1,1,2,1,2,0,5866*,5,4,False,1,3,57,4
NewJersey4,LS1,Midday,Set2,Draw1,2,col2,Midday|Set2|Draw1|col2,C,combined,1,1,2,1,2,1,66*,3,2,True,1,3,57,4
NewJersey4,LS1,Midday,Set2,Draw1,2,col2,Midday|Set2|Draw1|col2,C,combined,1,1,2,1,2,2,66*,3,2,True,1,3,57,4
NewJersey4,LS1,Midday,Set2,Draw1,2,col2,Midday|Set2|Draw1|col2,C,combined,1,1,2,1,2,3,*,1,1,True,1,3,57,4
NewJersey4,LS1,Midday,Set2,Draw1,2,col2,Midday|Set2|Draw1|col2,D,own,1,1,2,1,2,0,5866*,5,4,False,1,7,29,5
NewJersey4,LS1,Midday,Set2,Draw1,2,col2,Midday|Set2|Draw1|col2,D,own,1,1,2,1,2,1,66*,3,2,True,1,7,29,5
NewJersey4,LS1,Midday,Set2,Draw1,2,col2,Midday|Set2|Draw1|col2,D,own,1,1,2,1,2,2,6*,2,2,True,1,7,29,5
NewJersey4,LS1,Midday,Set2,Draw1,2,col2,Midday|Set2|Draw1|col2,D,own,1,1,2,1,2,3,6*,2,2,True,1,7,29,5
NewJersey4,LS1,Midday,Set2,Draw1,2,col2,Midday|Set2|Draw1|col2,D,own,1,1,2,1,2,7,*,1,1,True,1,7,29,5
NewJersey4,LS1,Midday,Set2,Draw1,2,col2,Midday|Set2|Draw1|col2,D,combined,1,1,2,1,2,0,5866*,5,4,False,1,10,57,6
NewJersey4,LS1,Midday,Set2,Draw1,2,col2,Midday|Set2|Draw1|col2,D,combined,1,1,2,1,2,1,66*,3,2,True,1,10,57,6
NewJersey4,LS1,Midday,Set2,Draw1,2,col2,Midday|Set2|Draw1|col2,D,combined,1,1,2,1,2,2,66*,3,2,True,1,10,57,6
NewJersey4,LS1,Midday,Set2,Draw1,2,col2,Midday|Set2|Draw1|col2,D,combined,1,1,2,1,2,3,6*,2,2,True,1,10,57,6
NewJersey4,LS1,Midday,Set2,Draw1,2,col2,Midday|Set2|Draw1|col2,D,combined,1,1,2,1,2,4,6*,2,2,True,1,10,57,6
NewJersey4,LS1,Midday,Set2,Draw1,2,col2,Midday|Set2|Draw1|col2,D,combined,1,1,2,1,2,10,*,1,1,True,1,10,57,6
NewJersey4,LS1,Midday,Set2,Draw1,2,col2,Midday|Set2|Draw1|col2,E,own,1,1,2,1,2,0,5866*,5,4,False,1,7,29,5
NewJersey4,LS1,Midday,Set2,Draw1,2,col2,Midday|Set2|Draw1|col2,E,own,1,1,2,1,2,1,66*,3,2,True,1,7,29,5
NewJersey4,LS1,Midday,Set2,Draw1,2,col2,Midday|Set2|Draw1|col2,E,own,1,1,2,1,2,2,6*,2,2,True,1,7,29,5
NewJersey4,LS1,Midday,Set2,Draw1,2,col2,Midday|Set2|Draw1|col2,E,own,1,1,2,1,2,3,6*,2,2,True,1,7,29,5
NewJersey4,LS1,Midday,Set2,Draw1,2,col2,Midday|Set2|Draw1|col2,E,own,1,1,2,1,2,7,*,1,1,True,1,7,29,5
NewJersey4,LS1,Midday,Set2,Draw1,2,col2,Midday|Set2|Draw1|col2,E,combined,1,1,2,1,2,0,5866*,5,4,False,1,10,57,6
NewJersey4,LS1,Midday,Set2,Draw1,2,col2,Midday|Set2|Draw1|col2,E,combined,1,1,2,1,2,1,66*,3,2,True,1,10,57,6
NewJersey4,LS1,Midday,Set2,Draw1,2,col2,Midday|Set2|Draw1|col2,E,combined,1,1,2,1,2,2,66*,3,2,True,1,10,57,6
NewJersey4,LS1,Midday,Set2,Draw1,2,col2,Midday|Set2|Draw1|col2,E,combined,1,1,2,1,2,3,6*,2,2,True,1,10,57,6
NewJersey4,LS1,Midday,Set2,Draw1,2,col2,Midday|Set2|Draw1|col2,E,combined,1,1,2,1,2,4,6*,2,2,True,1,10,57,6
NewJersey4,LS1,Midday,Set2,Draw1,2,col2,Midday|Set2|Draw1|col2,E,combined,1,1,2,1,2,10,*,1,1,True,1,10,57,6
NewJersey4,LS1,Midday,Set2,Draw1,2,col2,Midday|Set2|Draw1|col2,T,own,1,1,2,1,2,0,5866*,5,4,False,1,1,29,2
NewJersey4,LS1,Midday,Set2,Draw1,2,col2,Midday|Set2|Draw1|col2,T,own,1,1,2,1,2,1,66*,3,2,True,1,1,29,2
NewJersey4,LS1,Midday,Set2,Draw1,2,col2,Midday|Set2|Draw1|col2,T,combined,1,1,2,1,2,0,5866*,5,4,False,1,12,57,4
NewJersey4,LS1,Midday,Set2,Draw1,2,col2,Midday|Set2|Draw1|col2,T,combined,1,1,2,1,2,1,66*,3,2,True,1,12,57,4
NewJersey4,LS1,Midday,Set2,Draw1,2,col2,Midday|Set2|Draw1|col2,T,combined,1,1,2,1,2,2,66*,3,2,True,1,12,57,4
NewJersey4,LS1,Midday,Set2,Draw1,2,col2,Midday|Set2|Draw1|col2,T,combined,1,1,2,1,2,12,*,1,1,True,1,12,57,4
NewJersey4,LS1,Midday,Set2,Draw1,3,col3,Midday|Set2|Draw1|col3,A,own,1,1,2,1,3,0,5866*,5,4,False,1,1,29,2
NewJersey4,LS1,Midday,Set2,Draw1,3,col3,Midday|Set2|Draw1|col3,A,own,1,1,2,1,3,1,66*,3,2,True,1,1,29,2
NewJersey4,LS1,Midday,Set2,Draw1,3,col3,Midday|Set2|Draw1|col3,A,combined,1,1,2,1,3,0,5866*,5,4,False,1,12,57,4
NewJersey4,LS1,Midday,Set2,Draw1,3,col3,Midday|Set2|Draw1|col3,A,combined,1,1,2,1,3,1,66*,3,2,True,1,12,57,4
NewJersey4,LS1,Midday,Set2,Draw1,3,col3,Midday|Set2|Draw1|col3,A,combined,1,1,2,1,3,2,66*,3,2,True,1,12,57,4
NewJersey4,LS1,Midday,Set2,Draw1,3,col3,Midday|Set2|Draw1|col3,A,combined,1,1,2,1,3,12,*,1,1,True,1,12,57,4
NewJersey4,LS1,Midday,Set2,Draw1,3,col3,Midday|Set2|Draw1|col3,B,own,1,1,2,1,3,0,5866*,5,4,False,1,2,29,3
NewJersey4,LS1,Midday,Set2,Draw1,3,col3,Midday|Set2|Draw1|col3,B,own,1,1,2,1,3,1,66*,3,2,True,1,2,29,3
NewJersey4,LS1,Midday,Set2,Draw1,3,col3,Midday|Set2|Draw1|col3,B,own,1,1,2,1,3,2,*,1,1,True,1,2,29,3
NewJersey4,LS1,Midday,Set2,Draw1,3,col3,Midday|Set2|Draw1|col3,B,combined,1,1,2,1,3,0,5866*,5,4,False,1,3,57,4
NewJersey4,LS1,Midday,Set2,Draw1,3,col3,Midday|Set2|Draw1|col3,B,combined,1,1,2,1,3,1,66*,3,2,True,1,3,57,4
NewJersey4,LS1,Midday,Set2,Draw1,3,col3,Midday|Set2|Draw1|col3,B,combined,1,1,2,1,3,2,66*,3,2,True,1,3,57,4
NewJersey4,LS1,Midday,Set2,Draw1,3,col3,Midday|Set2|Draw1|col3,B,combined,1,1,2,1,3,3,*,1,1,True,1,3,57,4
NewJersey4,LS1,Midday,Set2,Draw1,3,col3,Midday|Set2|Draw1|col3,C,own,1,1,2,1,3,0,5866*,5,4,False,1,2,29,3
NewJersey4,LS1,Midday,Set2,Draw1,3,col3,Midday|Set2|Draw1|col3,C,own,1,1,2,1,3,1,66*,3,2,True,1,2,29,3
NewJersey4,LS1,Midday,Set2,Draw1,3,col3,Midday|Set2|Draw1|col3,C,own,1,1,2,1,3,2,*,1,1,True,1,2,29,3
NewJersey4,LS1,Midday,Set2,Draw1,3,col3,Midday|Set2|Draw1|col3,C,combined,1,1,2,1,3,0,5866*,5,4,False,1,3,57,4
NewJersey4,LS1,Midday,Set2,Draw1,3,col3,Midday|Set2|Draw1|col3,C,combined,1,1,2,1,3,1,66*,3,2,True,1,3,57,4
NewJersey4,LS1,Midday,Set2,Draw1,3,col3,Midday|Set2|Draw1|col3,C,combined,1,1,2,1,3,2,66*,3,2,True,1,3,57,4
NewJersey4,LS1,Midday,Set2,Draw1,3,col3,Midday|Set2|Draw1|col3,C,combined,1,1,2,1,3,3,*,1,1,True,1,3,57,4
NewJersey4,LS1,Midday,Set2,Draw1,3,col3,Midday|Set2|Draw1|col3,D,own,1,1,2,1,3,0,5866*,5,4,False,1,7,29,5
NewJersey4,LS1,Midday,Set2,Draw1,3,col3,Midday|Set2|Draw1|col3,D,own,1,1,2,1,3,1,66*,3,2,True,1,7,29,5
NewJersey4,LS1,Midday,Set2,Draw1,3,col3,Midday|Set2|Draw1|col3,D,own,1,1,2,1,3,2,6*,2,2,True,1,7,29,5
NewJersey4,LS1,Midday,Set2,Draw1,3,col3,Midday|Set2|Draw1|col3,D,own,1,1,2,1,3,3,6*,2,2,True,1,7,29,5
NewJersey4,LS1,Midday,Set2,Draw1,3,col3,Midday|Set2|Draw1|col3,D,own,1,1,2,1,3,7,*,1,1,True,1,7,29,5
NewJersey4,LS1,Midday,Set2,Draw1,3,col3,Midday|Set2|Draw1|col3,D,combined,1,1,2,1,3,0,5866*,5,4,False,1,10,57,6
NewJersey4,LS1,Midday,Set2,Draw1,3,col3,Midday|Set2|Draw1|col3,D,combined,1,1,2,1,3,1,66*,3,2,True,1,10,57,6
NewJersey4,LS1,Midday,Set2,Draw1,3,col3,Midday|Set2|Draw1|col3,D,combined,1,1,2,1,3,2,66*,3,2,True,1,10,57,6
NewJersey4,LS1,Midday,Set2,Draw1,3,col3,Midday|Set2|Draw1|col3,D,combined,1,1,2,1,3,3,6*,2,2,True,1,10,57,6
NewJersey4,LS1,Midday,Set2,Draw1,3,col3,Midday|Set2|Draw1|col3,D,combined,1,1,2,1,3,4,6*,2,2,True,1,10,57,6
NewJersey4,LS1,Midday,Set2,Draw1,3,col3,Midday|Set2|Draw1|col3,D,combined,1,1,2,1,3,10,*,1,1,True,1,10,57,6
NewJersey4,LS1,Midday,Set2,Draw1,3,col3,Midday|Set2|Draw1|col3,E,own,1,1,2,1,3,0,5866*,5,4,False,1,7,29,5
NewJersey4,LS1,Midday,Set2,Draw1,3,col3,Midday|Set2|Draw1|col3,E,own,1,1,2,1,3,1,66*,3,2,True,1,7,29,5
NewJersey4,LS1,Midday,Set2,Draw1,3,col3,Midday|Set2|Draw1|col3,E,own,1,1,2,1,3,2,6*,2,2,True,1,7,29,5
NewJersey4,LS1,Midday,Set2,Draw1,3,col3,Midday|Set2|Draw1|col3,E,own,1,1,2,1,3,3,6*,2,2,True,1,7,29,5
NewJersey4,LS1,Midday,Set2,Draw1,3,col3,Midday|Set2|Draw1|col3,E,own,1,1,2,1,3,7,*,1,1,True,1,7,29,5
NewJersey4,LS1,Midday,Set2,Draw1,3,col3,Midday|Set2|Draw1|col3,E,combined,1,1,2,1,3,0,5866*,5,4,False,1,10,57,6
NewJersey4,LS1,Midday,Set2,Draw1,3,col3,Midday|Set2|Draw1|col3,E,combined,1,1,2,1,3,1,66*,3,2,True,1,10,57,6
NewJersey4,LS1,Midday,Set2,Draw1,3,col3,Midday|Set2|Draw1|col3,E,combined,1,1,2,1,3,2,66*,3,2,True,1,10,57,6
NewJersey4,LS1,Midday,Set2,Draw1,3,col3,Midday|Set2|Draw1|col3,E,combined,1,1,2,1,3,3,6*,2,2,True,1,10,57,6
NewJersey4,LS1,Midday,Set2,Draw1,3,col3,Midday|Set2|Draw1|col3,E,combined,1,1,2,1,3,4,6*,2,2,True,1,10,57,6
NewJersey4,LS1,Midday,Set2,Draw1,3,col3,Midday|Set2|Draw1|col3,E,combined,1,1,2,1,3,10,*,1,1,True,1,10,57,6
NewJersey4,LS1,Midday,Set2,Draw1,3,col3,Midday|Set2|Draw1|col3,T,own,1,1,2,1,3,0,5866*,5,4,False,1,1,29,2
NewJersey4,LS1,Midday,Set2,Draw1,3,col3,Midday|Set2|Draw1|col3,T,own,1,1,2,1,3,1,66*,3,2,True,1,1,29,2
NewJersey4,LS1,Midday,Set2,Draw1,3,col3,Midday|Set2|Draw1|col3,T,combined,1,1,2,1,3,0,5866*,5,4,False,1,12,57,4
NewJersey4,LS1,Midday,Set2,Draw1,3,col3,Midday|Set2|Draw1|col3,T,combined,1,1,2,1,3,1,66*,3,2,True,1,12,57,4
NewJersey4,LS1,Midday,Set2,Draw1,3,col3,Midday|Set2|Draw1|col3,T,combined,1,1,2,1,3,2,66*,3,2,True,1,12,57,4
NewJersey4,LS1,Midday,Set2,Draw1,3,col3,Midday|Set2|Draw1|col3,T,combined,1,1,2,1,3,12,*,1,1,True,1,12,57,4
NewJersey4,LS1,Midday,Set1,Draw1,7,col7,Midday|Set1|Draw1|col7,A,own,1,1,1,1,7,0,559924388667,12,8,False,3,6,29,7
NewJersey4,LS1,Midday,Set1,Draw1,7,col7,Midday|Set1|Draw1|col7,A,own,1,1,1,1,7,1,243667,6,5,False,3,6,29,7
NewJersey4,LS1,Midday,Set1,Draw1,7,col7,Midday|Set1|Draw1|col7,A,own,1,1,1,1,7,2,43667,5,4,False,3,6,29,7
NewJersey4,LS1,Midday,Set1,Draw1,7,col7,Midday|Set1|Draw1|col7,A,own,1,1,1,1,7,3,4667,4,3,True,3,6,29,7
NewJersey4,LS1,Midday,Set1,Draw1,7,col7,Midday|Set1|Draw1|col7,A,own,1,1,1,1,7,4,667,3,2,True,3,6,29,7
NewJersey4,LS1,Midday,Set1,Draw1,7,col7,Midday|Set1|Draw1|col7,A,own,1,1,1,1,7,5,667,3,2,True,3,6,29,7
NewJersey4,LS1,Midday,Set1,Draw1,7,col7,Midday|Set1|Draw1|col7,A,own,1,1,1,1,7,6,66,2,1,True,3,6,29,7
NewJersey4,LS1,Midday,Set1,Draw1,7,col7,Midday|Set1|Draw1|col7,A,combined,1,1,1,1,7,0,559924388667,12,8,False,3,12,13,8
NewJersey4,LS1,Midday,Set1,Draw1,7,col7,Midday|Set1|Draw1|col7,A,combined,1,1,1,1,7,1,243667,6,5,False,3,12,13,8
NewJersey4,LS1,Midday,Set1,Draw1,7,col7,Midday|Set1|Draw1|col7,A,combined,1,1,1,1,7,2,24366,5,4,False,3,12,13,8
NewJersey4,LS1,Midday,Set1,Draw1,7,col7,Midday|Set1|Draw1|col7,A,combined,1,1,1,1,7,3,4366,4,3,True,3,12,13,8
NewJersey4,LS1,Midday,Set1,Draw1,7,col7,Midday|Set1|Draw1|col7,A,combined,1,1,1,1,7,4,366,3,2,True,3,12,13,8
NewJersey4,LS1,Midday,Set1,Draw1,7,col7,Midday|Set1|Draw1|col7,A,combined,1,1,1,1,7,5,66,2,1,True,3,12,13,8
NewJersey4,LS1,Midday,Set1,Draw1,7,col7,Midday|Set1|Draw1|col7,A,combined,1,1,1,1,7,6,66,2,1,True,3,12,13,8
NewJersey4,LS1,Midday,Set1,Draw1,7,col7,Midday|Set1|Draw1|col7,A,combined,1,1,1,1,7,12,,0,0,False,3,12,13,8
NewJersey4,LS1,Midday,Set1,Draw1,7,col7,Midday|Set1|Draw1|col7,B,own,1,1,1,1,7,0,559924388667,12,8,False,2,5,6,6
NewJersey4,LS1,Midday,Set1,Draw1,7,col7,Midday|Set1|Draw1|col7,B,own,1,1,1,1,7,1,243667,6,5,False,2,5,6,6
NewJersey4,LS1,Midday,Set1,Draw1,7,col7,Midday|Set1|Draw1|col7,B,own,1,1,1,1,7,2,47,2,2,True,2,5,6,6
NewJersey4,LS1,Midday,Set1,Draw1,7,col7,Midday|Set1|Draw1|col7,B,own,1,1,1,1,7,3,7,1,1,True,2,5,6,6
NewJersey4,LS1,Midday,Set1,Draw1,7,col7,Midday|Set1|Draw1|col7,B,own,1,1,1,1,7,4,7,1,1,True,2,5,6,6
NewJersey4,LS1,Midday,Set1,Draw1,7,col7,Midday|Set1|Draw1|col7,B,own,1,1,1,1,7,5,,0,0,False,2,5,6,6
NewJersey4,LS1,Midday,Set1,Draw1,7,col7,Midday|Set1|Draw1|col7,B,combined,1,1,1,1,7,0,559924388667,12,8,False,2,4,5,5
NewJersey4,LS1,Midday,Set1,Draw1,7,col7,Midday|Set1|Draw1|col7,B,combined,1,1,1,1,7,1,243667,6,5,False,2,4,5,5
NewJersey4,LS1,Midday,Set1,Draw1,7,col7,Midday|Set1|Draw1|col7,B,combined,1,1,1,1,7,2,2466,4,3,True,2,4,5,5
NewJersey4,LS1,Midday,Set1,Draw1,7,col7,Midday|Set1|Draw1|col7,B,combined,1,1,1,1,7,3,4,1,1,True,2,4,5,5
NewJersey4,LS1,Midday,Set1,Draw1,7,col7,Midday|Set1|Draw1|col7,B,combined,1,1,1,1,7,4,,0,0,False,2,4,5,5
NewJersey4,LS1,Midday,Set1,Draw1,7,col7,Midday|Set1|Draw1|col7,C,own,1,1,1,1,7,0,559924388667,12,8,False,1,2,3,3
NewJersey4,LS1,Midday,Set1,Draw1,7,col7,Midday|Set1|Draw1|col7,C,own,1,1,1,1,7,1,2667,4,3,True,1,2,3,3
NewJersey4,LS1,Midday,Set1,Draw1,7,col7,Midday|Set1|Draw1|col7,C,own,1,1,1,1,7,2,,0,0,False,1,2,3,3
NewJersey4,LS1,Midday,Set1,Draw1,7,col7,Midday|Set1|Draw1|col7,C,combined,1,1,1,1,7,0,559924388667,12,8,False,1,3,4,4
NewJersey4,LS1,Midday,Set1,Draw1,7,col7,Midday|Set1|Draw1|col7,C,combined,1,1,1,1,7,1,2667,4,3,True,1,3,4,4
NewJersey4,LS1,Midday,Set1,Draw1,7,col7,Midday|Set1|Draw1|col7,C,combined,1,1,1,1,7,2,66,2,1,True,1,3,4,4
NewJersey4,LS1,Midday,Set1,Draw1,7,col7,Midday|Set1|Draw1|col7,C,combined,1,1,1,1,7,3,,0,0,False,1,3,4,4
NewJersey4,LS1,Midday,Set1,Draw1,7,col7,Midday|Set1|Draw1|col7,D,own,1,1,1,1,7,0,559924388667,12,8,False,1,7,8,5
NewJersey4,LS1,Midday,Set1,Draw1,7,col7,Midday|Set1|Draw1|col7,D,own,1,1,1,1,7,1,2667,4,3,True,1,7,8,5
NewJersey4,LS1,Midday,Set1,Draw1,7,col7,Midday|Set1|Draw1|col7,D,own,1,1,1,1,7,2,6,1,1,True,1,7,8,5
NewJersey4,LS1,Midday,Set1,Draw1,7,col7,Midday|Set1|Draw1|col7,D,own,1,1,1,1,7,3,6,1,1,True,1,7,8,5
NewJersey4,LS1,Midday,Set1,Draw1,7,col7,Midday|Set1|Draw1|col7,D,own,1,1,1,1,7,7,,0,0,False,1,7,8,5
NewJersey4,LS1,Midday,Set1,Draw1,7,col7,Midday|Set1|Draw1|col7,D,combined,1,1,1,1,7,0,559924388667,12,8,False,1,10,11,6
NewJersey4,LS1,Midday,Set1,Draw1,7,col7,Midday|Set1|Draw1|col7,D,combined,1,1,1,1,7,1,2667,4,3,True,1,10,11,6
NewJersey4,LS1,Midday,Set1,Draw1,7,col7,Midday|Set1|Draw1|col7,D,combined,1,1,1,1,7,2,66,2,1,True,1,10,11,6
NewJersey4,LS1,Midday,Set1,Draw1,7,col7,Midday|Set1|Draw1|col7,D,combined,1,1,1,1,7,3,6,1,1,True,1,10,11,6
NewJersey4,LS1,Midday,Set1,Draw1,7,col7,Midday|Set1|Draw1|col7,D,combined,1,1,1,1,7,4,6,1,1,True,1,10,11,6
NewJersey4,LS1,Midday,Set1,Draw1,7,col7,Midday|Set1|Draw1|col7,D,combined,1,1,1,1,7,10,,0,0,False,1,10,11,6
NewJersey4,LS1,Midday,Set1,Draw1,7,col7,Midday|Set1|Draw1|col7,E,own,1,1,1,1,7,0,559924388667,12,8,False,3,7,8,8
NewJersey4,LS1,Midday,Set1,Draw1,7,col7,Midday|Set1|Draw1|col7,E,own,1,1,1,1,7,1,592438667,9,8,False,3,7,8,8
NewJersey4,LS1,Midday,Set1,Draw1,7,col7,Midday|Set1|Draw1|col7,E,own,1,1,1,1,7,2,594367,6,6,False,3,7,8,8
NewJersey4,LS1,Midday,Set1,Draw1,7,col7,Midday|Set1|Draw1|col7,E,own,1,1,1,1,7,3,567,3,3,True,3,7,8,8
NewJersey4,LS1,Midday,Set1,Draw1,7,col7,Midday|Set1|Draw1|col7,E,own,1,1,1,1,7,4,67,2,2,True,3,7,8,8
NewJersey4,LS1,Midday,Set1,Draw1,7,col7,Midday|Set1|Draw1|col7,E,own,1,1,1,1,7,5,6,1,1,True,3,7,8,8
NewJersey4,LS1,Midday,Set1,Draw1,7,col7,Midday|Set1|Draw1|col7,E,own,1,1,1,1,7,6,6,1,1,True,3,7,8,8
NewJersey4,LS1,Midday,Set1,Draw1,7,col7,Midday|Set1|Draw1|col7,E,own,1,1,1,1,7,7,,0,0,False,3,7,8,8
NewJersey4,LS1,Midday,Set1,Draw1,7,col7,Midday|Set1|Draw1|col7,E,combined,1,1,1,1,7,0,559924388667,12,8,False,4,10,11,8
NewJersey4,LS1,Midday,Set1,Draw1,7,col7,Midday|Set1|Draw1|col7,E,combined,1,1,1,1,7,1,592438667,9,8,False,4,10,11,8
NewJersey4,LS1,Midday,Set1,Draw1,7,col7,Midday|Set1|Draw1|col7,E,combined,1,1,1,1,7,2,592466,6,5,False,4,10,11,8
NewJersey4,LS1,Midday,Set1,Draw1,7,col7,Midday|Set1|Draw1|col7,E,combined,1,1,1,1,7,3,5946,4,4,False,4,10,11,8
NewJersey4,LS1,Midday,Set1,Draw1,7,col7,Midday|Set1|Draw1|col7,E,combined,1,1,1,1,7,4,96,2,2,True,4,10,11,8
NewJersey4,LS1,Midday,Set1,Draw1,7,col7,Midday|Set1|Draw1|col7,E,combined,1,1,1,1,7,5,6,1,1,True,4,10,11,8
NewJersey4,LS1,Midday,Set1,Draw1,7,col7,Midday|Set1|Draw1|col7,E,combined,1,1,1,1,7,6,6,1,1,True,4,10,11,8
NewJersey4,LS1,Midday,Set1,Draw1,7,col7,Midday|Set1|Draw1|col7,E,combined,1,1,1,1,7,10,,0,0,False,4,10,11,8
NewJersey4,LS1,Midday,Set1,Draw1,7,col7,Midday|Set1|Draw1|col7,T,own,1,1,1,1,7,0,559924388667,12,8,False,1,6,29,5
NewJersey4,LS1,Midday,Set1,Draw1,7,col7,Midday|Set1|Draw1|col7,T,own,1,1,1,1,7,1,2667,4,3,True,1,6,29,5
NewJersey4,LS1,Midday,Set1,Draw1,7,col7,Midday|Set1|Draw1|col7,T,own,1,1,1,1,7,2,667,3,2,True,1,6,29,5
NewJersey4,LS1,Midday,Set1,Draw1,7,col7,Midday|Set1|Draw1|col7,T,own,1,1,1,1,7,3,667,3,2,True,1,6,29,5
NewJersey4,LS1,Midday,Set1,Draw1,7,col7,Midday|Set1|Draw1|col7,T,own,1,1,1,1,7,6,66,2,1,True,1,6,29,5
NewJersey4,LS1,Midday,Set1,Draw1,7,col7,Midday|Set1|Draw1|col7,T,combined,1,1,1,1,7,0,559924388667,12,8,False,1,12,13,6
NewJersey4,LS1,Midday,Set1,Draw1,7,col7,Midday|Set1|Draw1|col7,T,combined,1,1,1,1,7,1,2667,4,3,True,1,12,13,6
NewJersey4,LS1,Midday,Set1,Draw1,7,col7,Midday|Set1|Draw1|col7,T,combined,1,1,1,1,7,2,266,3,2,True,1,12,13,6
NewJersey4,LS1,Midday,Set1,Draw1,7,col7,Midday|Set1|Draw1|col7,T,combined,1,1,1,1,7,3,66,2,1,True,1,12,13,6
NewJersey4,LS1,Midday,Set1,Draw1,7,col7,Midday|Set1|Draw1|col7,T,combined,1,1,1,1,7,4,66,2,1,True,1,12,13,6
NewJersey4,LS1,Midday,Set1,Draw1,7,col7,Midday|Set1|Draw1|col7,T,combined,1,1,1,1,7,12,,0,0,False,1,12,13,6
NewJersey4,LS1,Midday,Set1,Draw1,6,col6,Midday|Set1|Draw1|col6,A,own,1,1,1,1,6,0,599243866,9,7,False,2,4,29,5
NewJersey4,LS1,Midday,Set1,Draw1,6,col6,Midday|Set1|Draw1|col6,A,own,1,1,1,1,6,1,24366,5,4,False,2,4,29,5
NewJersey4,LS1,Midday,Set1,Draw1,6,col6,Midday|Set1|Draw1|col6,A,own,1,1,1,1,6,2,4366,4,3,True,2,4,29,5
NewJersey4,LS1,Midday,Set1,Draw1,6,col6,Midday|Set1|Draw1|col6,A,own,1,1,1,1,6,3,466,3,2,True,2,4,29,5
NewJersey4,LS1,Midday,Set1,Draw1,6,col6,Midday|Set1|Draw1|col6,A,own,1,1,1,1,6,4,66,2,1,True,2,4,29,5
NewJersey4,LS1,Midday,Set1,Draw1,6,col6,Midday|Set1|Draw1|col6,A,combined,1,1,1,1,6,0,599243866,9,7,False,3,12,13,8
NewJersey4,LS1,Midday,Set1,Draw1,6,col6,Midday|Set1|Draw1|col6,A,combined,1,1,1,1,6,1,24366,5,4,False,3,12,13,8
NewJersey4,LS1,Midday,Set1,Draw1,6,col6,Midday|Set1|Draw1|col6,A,combined,1,1,1,1,6,2,24366,5,4,False,3,12,13,8
NewJersey4,LS1,Midday,Set1,Draw1,6,col6,Midday|Set1|Draw1|col6,A,combined,1,1,1,1,6,3,4366,4,3,True,3,12,13,8
NewJersey4,LS1,Midday,Set1,Draw1,6,col6,Midday|Set1|Draw1|col6,A,combined,1,1,1,1,6,4,366,3,2,True,3,12,13,8
NewJersey4,LS1,Midday,Set1,Draw1,6,col6,Midday|Set1|Draw1|col6,A,combined,1,1,1,1,6,5,66,2,1,True,3,12,13,8
NewJersey4,LS1,Midday,Set1,Draw1,6,col6,Midday|Set1|Draw1|col6,A,combined,1,1,1,1,6,6,66,2,1,True,3,12,13,8
NewJersey4,LS1,Midday,Set1,Draw1,6,col6,Midday|Set1|Draw1|col6,A,combined,1,1,1,1,6,12,,0,0,False,3,12,13,8
NewJersey4,LS1,Midday,Set1,Draw1,6,col6,Midday|Set1|Draw1|col6,B,own,1,1,1,1,6,0,599243866,9,7,False,2,3,4,4
NewJersey4,LS1,Midday,Set1,Draw1,6,col6,Midday|Set1|Draw1|col6,B,own,1,1,1,1,6,1,24366,5,4,False,2,3,4,4
NewJersey4,LS1,Midday,Set1,Draw1,6,col6,Midday|Set1|Draw1|col6,B,own,1,1,1,1,6,2,4,1,1,True,2,3,4,4
NewJersey4,LS1,Midday,Set1,Draw1,6,col6,Midday|Set1|Draw1|col6,B,own,1,1,1,1,6,3,,0,0,False,2,3,4,4
NewJersey4,LS1,Midday,Set1,Draw1,6,col6,Midday|Set1|Draw1|col6,B,combined,1,1,1,1,6,0,599243866,9,7,False,2,4,5,5
NewJersey4,LS1,Midday,Set1,Draw1,6,col6,Midday|Set1|Draw1|col6,B,combined,1,1,1,1,6,1,24366,5,4,False,2,4,5,5
NewJersey4,LS1,Midday,Set1,Draw1,6,col6,Midday|Set1|Draw1|col6,B,combined,1,1,1,1,6,2,466,3,2,True,2,4,5,5
NewJersey4,LS1,Midday,Set1,Draw1,6,col6,Midday|Set1|Draw1|col6,B,combined,1,1,1,1,6,3,4,1,1,True,2,4,5,5
NewJersey4,LS1,Midday,Set1,Draw1,6,col6,Midday|Set1|Draw1|col6,B,combined,1,1,1,1,6,4,,0,0,False,2,4,5,5
NewJersey4,LS1,Midday,Set1,Draw1,6,col6,Midday|Set1|Draw1|col6,C,own,1,1,1,1,6,0,599243866,9,7,False,1,2,3,3
NewJersey4,LS1,Midday,Set1,Draw1,6,col6,Midday|Set1|Draw1|col6,C,own,1,1,1,1,6,1,266,3,2,True,1,2,3,3
NewJersey4,LS1,Midday,Set1,Draw1,6,col6,Midday|Set1|Draw1|col6,C,own,1,1,1,1,6,2,,0,0,False,1,2,3,3
NewJersey4,LS1,Midday,Set1,Draw1,6,col6,Midday|Set1|Draw1|col6,C,combined,1,1,1,1,6,0,599243866,9,7,False,1,3,4,4
NewJersey4,LS1,Midday,Set1,Draw1,6,col6,Midday|Set1|Draw1|col6,C,combined,1,1,1,1,6,1,266,3,2,True,1,3,4,4
NewJersey4,LS1,Midday,Set1,Draw1,6,col6,Midday|Set1|Draw1|col6,C,combined,1,1,1,1,6,2,66,2,1,True,1,3,4,4
NewJersey4,LS1,Midday,Set1,Draw1,6,col6,Midday|Set1|Draw1|col6,C,combined,1,1,1,1,6,3,,0,0,False,1,3,4,4
NewJersey4,LS1,Midday,Set1,Draw1,6,col6,Midday|Set1|Draw1|col6,D,own,1,1,1,1,6,0,599243866,9,7,False,1,7,8,5
NewJersey4,LS1,Midday,Set1,Draw1,6,col6,Midday|Set1|Draw1|col6,D,own,1,1,1,1,6,1,266,3,2,True,1,7,8,5
NewJersey4,LS1,Midday,Set1,Draw1,6,col6,Midday|Set1|Draw1|col6,D,own,1,1,1,1,6,2,6,1,1,True,1,7,8,5
NewJersey4,LS1,Midday,Set1,Draw1,6,col6,Midday|Set1|Draw1|col6,D,own,1,1,1,1,6,3,6,1,1,True,1,7,8,5
NewJersey4,LS1,Midday,Set1,Draw1,6,col6,Midday|Set1|Draw1|col6,D,own,1,1,1,1,6,7,,0,0,False,1,7,8,5
NewJersey4,LS1,Midday,Set1,Draw1,6,col6,Midday|Set1|Draw1|col6,D,combined,1,1,1,1,6,0,599243866,9,7,False,1,10,11,6
NewJersey4,LS1,Midday,Set1,Draw1,6,col6,Midday|Set1|Draw1|col6,D,combined,1,1,1,1,6,1,266,3,2,True,1,10,11,6
NewJersey4,LS1,Midday,Set1,Draw1,6,col6,Midday|Set1|Draw1|col6,D,combined,1,1,1,1,6,2,66,2,1,True,1,10,11,6
NewJersey4,LS1,Midday,Set1,Draw1,6,col6,Midday|Set1|Draw1|col6,D,combined,1,1,1,1,6,3,6,1,1,True,1,10,11,6
NewJersey4,LS1,Midday,Set1,Draw1,6,col6,Midday|Set1|Draw1|col6,D,combined,1,1,1,1,6,4,6,1,1,True,1,10,11,6
NewJersey4,LS1,Midday,Set1,Draw1,6,col6,Midday|Set1|Draw1|col6,D,combined,1,1,1,1,6,10,,0,0,False,1,10,11,6
NewJersey4,LS1,Midday,Set1,Draw1,6,col6,Midday|Set1|Draw1|col6,E,own,1,1,1,1,6,0,599243866,9,7,False,2,7,8,6
NewJersey4,LS1,Midday,Set1,Draw1,6,col6,Midday|Set1|Draw1|col6,E,own,1,1,1,1,6,1,924366,6,5,False,2,7,8,6
NewJersey4,LS1,Midday,Set1,Draw1,6,col6,Midday|Set1|Draw1|col6,E,own,1,1,1,1,6,2,946,3,3,True,2,7,8,6
NewJersey4,LS1,Midday,Set1,Draw1,6,col6,Midday|Set1|Draw1|col6,E,own,1,1,1,1,6,3,6,1,1,True,2,7,8,6
NewJersey4,LS1,Midday,Set1,Draw1,6,col6,Midday|Set1|Draw1|col6,E,own,1,1,1,1,6,4,6,1,1,True,2,7,8,6
NewJersey4,LS1,Midday,Set1,Draw1,6,col6,Midday|Set1|Draw1|col6,E,own,1,1,1,1,6,7,,0,0,False,2,7,8,6
NewJersey4,LS1,Midday,Set1,Draw1,6,col6,Midday|Set1|Draw1|col6,E,combined,1,1,1,1,6,0,599243866,9,7,False,2,10,11,8
NewJersey4,LS1,Midday,Set1,Draw1,6,col6,Midday|Set1|Draw1|col6,E,combined,1,1,1,1,6,1,924366,6,5,False,2,10,11,8
NewJersey4,LS1,Midday,Set1,Draw1,6,col6,Midday|Set1|Draw1|col6,E,combined,1,1,1,1,6,2,9466,4,3,True,2,10,11,8
NewJersey4,LS1,Midday,Set1,Draw1,6,col6,Midday|Set1|Draw1|col6,E,combined,1,1,1,1,6,3,946,3,3,True,2,10,11,8
NewJersey4,LS1,Midday,Set1,Draw1,6,col6,Midday|Set1|Draw1|col6,E,combined,1,1,1,1,6,4,96,2,2,True,2,10,11,8
NewJersey4,LS1,Midday,Set1,Draw1,6,col6,Midday|Set1|Draw1|col6,E,combined,1,1,1,1,6,5,6,1,1,True,2,10,11,8
NewJersey4,LS1,Midday,Set1,Draw1,6,col6,Midday|Set1|Draw1|col6,E,combined,1,1,1,1,6,6,6,1,1,True,2,10,11,8
NewJersey4,LS1,Midday,Set1,Draw1,6,col6,Midday|Set1|Draw1|col6,E,combined,1,1,1,1,6,10,,0,0,False,2,10,11,8
NewJersey4,LS1,Midday,Set1,Draw1,6,col6,Midday|Set1|Draw1|col6,T,own,1,1,1,1,6,0,599243866,9,7,False,1,2,29,3
NewJersey4,LS1,Midday,Set1,Draw1,6,col6,Midday|Set1|Draw1|col6,T,own,1,1,1,1,6,1,266,3,2,True,1,2,29,3
NewJersey4,LS1,Midday,Set1,Draw1,6,col6,Midday|Set1|Draw1|col6,T,own,1,1,1,1,6,2,66,2,1,True,1,2,29,3
NewJersey4,LS1,Midday,Set1,Draw1,6,col6,Midday|Set1|Draw1|col6,T,combined,1,1,1,1,6,0,599243866,9,7,False,1,12,13,6
NewJersey4,LS1,Midday,Set1,Draw1,6,col6,Midday|Set1|Draw1|col6,T,combined,1,1,1,1,6,1,266,3,2,True,1,12,13,6
NewJersey4,LS1,Midday,Set1,Draw1,6,col6,Midday|Set1|Draw1|col6,T,combined,1,1,1,1,6,2,266,3,2,True,1,12,13,6
NewJersey4,LS1,Midday,Set1,Draw1,6,col6,Midday|Set1|Draw1|col6,T,combined,1,1,1,1,6,3,66,2,1,True,1,12,13,6
NewJersey4,LS1,Midday,Set1,Draw1,6,col6,Midday|Set1|Draw1|col6,T,combined,1,1,1,1,6,4,66,2,1,True,1,12,13,6
NewJersey4,LS1,Midday,Set1,Draw1,6,col6,Midday|Set1|Draw1|col6,T,combined,1,1,1,1,6,12,,0,0,False,1,12,13,6
NewJersey4,LS1,Midday,Set1,Draw1,5,col5,Midday|Set1|Draw1|col5,A,own,1,1,1,1,5,0,599866*,7,5,False,1,1,29,2
NewJersey4,LS1,Midday,Set1,Draw1,5,col5,Midday|Set1|Draw1|col5,A,own,1,1,1,1,5,1,66*,3,2,True,1,1,29,2
NewJersey4,LS1,Midday,Set1,Draw1,5,col5,Midday|Set1|Draw1|col5,A,combined,1,1,1,1,5,0,599866*,7,5,False,1,12,57,4
NewJersey4,LS1,Midday,Set1,Draw1,5,col5,Midday|Set1|Draw1|col5,A,combined,1,1,1,1,5,1,66*,3,2,True,1,12,57,4
NewJersey4,LS1,Midday,Set1,Draw1,5,col5,Midday|Set1|Draw1|col5,A,combined,1,1,1,1,5,2,66*,3,2,True,1,12,57,4
NewJersey4,LS1,Midday,Set1,Draw1,5,col5,Midday|Set1|Draw1|col5,A,combined,1,1,1,1,5,12,*,1,1,True,1,12,57,4
NewJersey4,LS1,Midday,Set1,Draw1,5,col5,Midday|Set1|Draw1|col5,B,own,1,1,1,1,5,0,599866*,7,5,False,1,2,29,3
NewJersey4,LS1,Midday,Set1,Draw1,5,col5,Midday|Set1|Draw1|col5,B,own,1,1,1,1,5,1,66*,3,2,True,1,2,29,3
NewJersey4,LS1,Midday,Set1,Draw1,5,col5,Midday|Set1|Draw1|col5,B,own,1,1,1,1,5,2,*,1,1,True,1,2,29,3
NewJersey4,LS1,Midday,Set1,Draw1,5,col5,Midday|Set1|Draw1|col5,B,combined,1,1,1,1,5,0,599866*,7,5,False,1,3,57,4
NewJersey4,LS1,Midday,Set1,Draw1,5,col5,Midday|Set1|Draw1|col5,B,combined,1,1,1,1,5,1,66*,3,2,True,1,3,57,4
NewJersey4,LS1,Midday,Set1,Draw1,5,col5,Midday|Set1|Draw1|col5,B,combined,1,1,1,1,5,2,66*,3,2,True,1,3,57,4
NewJersey4,LS1,Midday,Set1,Draw1,5,col5,Midday|Set1|Draw1|col5,B,combined,1,1,1,1,5,3,*,1,1,True,1,3,57,4
NewJersey4,LS1,Midday,Set1,Draw1,5,col5,Midday|Set1|Draw1|col5,C,own,1,1,1,1,5,0,599866*,7,5,False,1,2,29,3
NewJersey4,LS1,Midday,Set1,Draw1,5,col5,Midday|Set1|Draw1|col5,C,own,1,1,1,1,5,1,66*,3,2,True,1,2,29,3
NewJersey4,LS1,Midday,Set1,Draw1,5,col5,Midday|Set1|Draw1|col5,C,own,1,1,1,1,5,2,*,1,1,True,1,2,29,3
NewJersey4,LS1,Midday,Set1,Draw1,5,col5,Midday|Set1|Draw1|col5,C,combined,1,1,1,1,5,0,599866*,7,5,False,1,3,57,4
NewJersey4,LS1,Midday,Set1,Draw1,5,col5,Midday|Set1|Draw1|col5,C,combined,1,1,1,1,5,1,66*,3,2,True,1,3,57,4
NewJersey4,LS1,Midday,Set1,Draw1,5,col5,Midday|Set1|Draw1|col5,C,combined,1,1,1,1,5,2,66*,3,2,True,1,3,57,4
NewJersey4,LS1,Midday,Set1,Draw1,5,col5,Midday|Set1|Draw1|col5,C,combined,1,1,1,1,5,3,*,1,1,True,1,3,57,4
NewJersey4,LS1,Midday,Set1,Draw1,5,col5,Midday|Set1|Draw1|col5,D,own,1,1,1,1,5,0,599866*,7,5,False,1,7,29,5
NewJersey4,LS1,Midday,Set1,Draw1,5,col5,Midday|Set1|Draw1|col5,D,own,1,1,1,1,5,1,66*,3,2,True,1,7,29,5
NewJersey4,LS1,Midday,Set1,Draw1,5,col5,Midday|Set1|Draw1|col5,D,own,1,1,1,1,5,2,6*,2,2,True,1,7,29,5
NewJersey4,LS1,Midday,Set1,Draw1,5,col5,Midday|Set1|Draw1|col5,D,own,1,1,1,1,5,3,6*,2,2,True,1,7,29,5
NewJersey4,LS1,Midday,Set1,Draw1,5,col5,Midday|Set1|Draw1|col5,D,own,1,1,1,1,5,7,*,1,1,True,1,7,29,5
NewJersey4,LS1,Midday,Set1,Draw1,5,col5,Midday|Set1|Draw1|col5,D,combined,1,1,1,1,5,0,599866*,7,5,False,1,10,57,6
NewJersey4,LS1,Midday,Set1,Draw1,5,col5,Midday|Set1|Draw1|col5,D,combined,1,1,1,1,5,1,66*,3,2,True,1,10,57,6
NewJersey4,LS1,Midday,Set1,Draw1,5,col5,Midday|Set1|Draw1|col5,D,combined,1,1,1,1,5,2,66*,3,2,True,1,10,57,6
NewJersey4,LS1,Midday,Set1,Draw1,5,col5,Midday|Set1|Draw1|col5,D,combined,1,1,1,1,5,3,6*,2,2,True,1,10,57,6
NewJersey4,LS1,Midday,Set1,Draw1,5,col5,Midday|Set1|Draw1|col5,D,combined,1,1,1,1,5,4,6*,2,2,True,1,10,57,6
NewJersey4,LS1,Midday,Set1,Draw1,5,col5,Midday|Set1|Draw1|col5,D,combined,1,1,1,1,5,10,*,1,1,True,1,10,57,6
NewJersey4,LS1,Midday,Set1,Draw1,5,col5,Midday|Set1|Draw1|col5,E,own,1,1,1,1,5,0,599866*,7,5,False,1,7,29,6
NewJersey4,LS1,Midday,Set1,Draw1,5,col5,Midday|Set1|Draw1|col5,E,own,1,1,1,1,5,1,966*,4,3,True,1,7,29,6
NewJersey4,LS1,Midday,Set1,Draw1,5,col5,Midday|Set1|Draw1|col5,E,own,1,1,1,1,5,2,96*,3,3,True,1,7,29,6
NewJersey4,LS1,Midday,Set1,Draw1,5,col5,Midday|Set1|Draw1|col5,E,own,1,1,1,1,5,3,6*,2,2,True,1,7,29,6
NewJersey4,LS1,Midday,Set1,Draw1,5,col5,Midday|Set1|Draw1|col5,E,own,1,1,1,1,5,4,6*,2,2,True,1,7,29,6
NewJersey4,LS1,Midday,Set1,Draw1,5,col5,Midday|Set1|Draw1|col5,E,own,1,1,1,1,5,7,*,1,1,True,1,7,29,6
NewJersey4,LS1,Midday,Set1,Draw1,5,col5,Midday|Set1|Draw1|col5,E,combined,1,1,1,1,5,0,599866*,7,5,False,1,10,57,7
NewJersey4,LS1,Midday,Set1,Draw1,5,col5,Midday|Set1|Draw1|col5,E,combined,1,1,1,1,5,1,966*,4,3,True,1,10,57,7
NewJersey4,LS1,Midday,Set1,Draw1,5,col5,Midday|Set1|Draw1|col5,E,combined,1,1,1,1,5,2,966*,4,3,True,1,10,57,7
NewJersey4,LS1,Midday,Set1,Draw1,5,col5,Midday|Set1|Draw1|col5,E,combined,1,1,1,1,5,3,96*,3,3,True,1,10,57,7
NewJersey4,LS1,Midday,Set1,Draw1,5,col5,Midday|Set1|Draw1|col5,E,combined,1,1,1,1,5,4,6*,2,2,True,1,10,57,7
NewJersey4,LS1,Midday,Set1,Draw1,5,col5,Midday|Set1|Draw1|col5,E,combined,1,1,1,1,5,5,6*,2,2,True,1,10,57,7
NewJersey4,LS1,Midday,Set1,Draw1,5,col5,Midday|Set1|Draw1|col5,E,combined,1,1,1,1,5,10,*,1,1,True,1,10,57,7
NewJersey4,LS1,Midday,Set1,Draw1,5,col5,Midday|Set1|Draw1|col5,T,own,1,1,1,1,5,0,599866*,7,5,False,1,1,29,2
NewJersey4,LS1,Midday,Set1,Draw1,5,col5,Midday|Set1|Draw1|col5,T,own,1,1,1,1,5,1,66*,3,2,True,1,1,29,2
NewJersey4,LS1,Midday,Set1,Draw1,5,col5,Midday|Set1|Draw1|col5,T,combined,1,1,1,1,5,0,599866*,7,5,False,1,12,57,4
NewJersey4,LS1,Midday,Set1,Draw1,5,col5,Midday|Set1|Draw1|col5,T,combined,1,1,1,1,5,1,66*,3,2,True,1,12,57,4
NewJersey4,LS1,Midday,Set1,Draw1,5,col5,Midday|Set1|Draw1|col5,T,combined,1,1,1,1,5,2,66*,3,2,True,1,12,57,4
NewJersey4,LS1,Midday,Set1,Draw1,5,col5,Midday|Set1|Draw1|col5,T,combined,1,1,1,1,5,12,*,1,1,True,1,12,57,4
NewJersey4,LS1,Midday,Set1,Draw1,4,col4,Midday|Set1|Draw1|col4,A,own,1,1,1,1,4,0,599866*,7,5,False,1,1,29,2
NewJersey4,LS1,Midday,Set1,Draw1,4,col4,Midday|Set1|Draw1|col4,A,own,1,1,1,1,4,1,66*,3,2,True,1,1,29,2
NewJersey4,LS1,Midday,Set1,Draw1,4,col4,Midday|Set1|Draw1|col4,A,combined,1,1,1,1,4,0,599866*,7,5,False,1,12,57,4
NewJersey4,LS1,Midday,Set1,Draw1,4,col4,Midday|Set1|Draw1|col4,A,combined,1,1,1,1,4,1,66*,3,2,True,1,12,57,4
NewJersey4,LS1,Midday,Set1,Draw1,4,col4,Midday|Set1|Draw1|col4,A,combined,1,1,1,1,4,2,66*,3,2,True,1,12,57,4
NewJersey4,LS1,Midday,Set1,Draw1,4,col4,Midday|Set1|Draw1|col4,A,combined,1,1,1,1,4,12,*,1,1,True,1,12,57,4
NewJersey4,LS1,Midday,Set1,Draw1,4,col4,Midday|Set1|Draw1|col4,B,own,1,1,1,1,4,0,599866*,7,5,False,1,2,29,3
NewJersey4,LS1,Midday,Set1,Draw1,4,col4,Midday|Set1|Draw1|col4,B,own,1,1,1,1,4,1,66*,3,2,True,1,2,29,3
NewJersey4,LS1,Midday,Set1,Draw1,4,col4,Midday|Set1|Draw1|col4,B,own,1,1,1,1,4,2,*,1,1,True,1,2,29,3
NewJersey4,LS1,Midday,Set1,Draw1,4,col4,Midday|Set1|Draw1|col4,B,combined,1,1,1,1,4,0,599866*,7,5,False,1,3,57,4
NewJersey4,LS1,Midday,Set1,Draw1,4,col4,Midday|Set1|Draw1|col4,B,combined,1,1,1,1,4,1,66*,3,2,True,1,3,57,4
NewJersey4,LS1,Midday,Set1,Draw1,4,col4,Midday|Set1|Draw1|col4,B,combined,1,1,1,1,4,2,66*,3,2,True,1,3,57,4
NewJersey4,LS1,Midday,Set1,Draw1,4,col4,Midday|Set1|Draw1|col4,B,combined,1,1,1,1,4,3,*,1,1,True,1,3,57,4
NewJersey4,LS1,Midday,Set1,Draw1,4,col4,Midday|Set1|Draw1|col4,C,own,1,1,1,1,4,0,599866*,7,5,False,1,2,29,3
NewJersey4,LS1,Midday,Set1,Draw1,4,col4,Midday|Set1|Draw1|col4,C,own,1,1,1,1,4,1,66*,3,2,True,1,2,29,3
NewJersey4,LS1,Midday,Set1,Draw1,4,col4,Midday|Set1|Draw1|col4,C,own,1,1,1,1,4,2,*,1,1,True,1,2,29,3
NewJersey4,LS1,Midday,Set1,Draw1,4,col4,Midday|Set1|Draw1|col4,C,combined,1,1,1,1,4,0,599866*,7,5,False,1,3,57,4
NewJersey4,LS1,Midday,Set1,Draw1,4,col4,Midday|Set1|Draw1|col4,C,combined,1,1,1,1,4,1,66*,3,2,True,1,3,57,4
NewJersey4,LS1,Midday,Set1,Draw1,4,col4,Midday|Set1|Draw1|col4,C,combined,1,1,1,1,4,2,66*,3,2,True,1,3,57,4
NewJersey4,LS1,Midday,Set1,Draw1,4,col4,Midday|Set1|Draw1|col4,C,combined,1,1,1,1,4,3,*,1,1,True,1,3,57,4
NewJersey4,LS1,Midday,Set1,Draw1,4,col4,Midday|Set1|Draw1|col4,D,own,1,1,1,1,4,0,599866*,7,5,False,1,7,29,5
NewJersey4,LS1,Midday,Set1,Draw1,4,col4,Midday|Set1|Draw1|col4,D,own,1,1,1,1,4,1,66*,3,2,True,1,7,29,5
NewJersey4,LS1,Midday,Set1,Draw1,4,col4,Midday|Set1|Draw1|col4,D,own,1,1,1,1,4,2,6*,2,2,True,1,7,29,5
NewJersey4,LS1,Midday,Set1,Draw1,4,col4,Midday|Set1|Draw1|col4,D,own,1,1,1,1,4,3,6*,2,2,True,1,7,29,5
NewJersey4,LS1,Midday,Set1,Draw1,4,col4,Midday|Set1|Draw1|col4,D,own,1,1,1,1,4,7,*,1,1,True,1,7,29,5
NewJersey4,LS1,Midday,Set1,Draw1,4,col4,Midday|Set1|Draw1|col4,D,combined,1,1,1,1,4,0,599866*,7,5,False,1,10,57,6
NewJersey4,LS1,Midday,Set1,Draw1,4,col4,Midday|Set1|Draw1|col4,D,combined,1,1,1,1,4,1,66*,3,2,True,1,10,57,6
NewJersey4,LS1,Midday,Set1,Draw1,4,col4,Midday|Set1|Draw1|col4,D,combined,1,1,1,1,4,2,66*,3,2,True,1,10,57,6
NewJersey4,LS1,Midday,Set1,Draw1,4,col4,Midday|Set1|Draw1|col4,D,combined,1,1,1,1,4,3,6*,2,2,True,1,10,57,6
NewJersey4,LS1,Midday,Set1,Draw1,4,col4,Midday|Set1|Draw1|col4,D,combined,1,1,1,1,4,4,6*,2,2,True,1,10,57,6
NewJersey4,LS1,Midday,Set1,Draw1,4,col4,Midday|Set1|Draw1|col4,D,combined,1,1,1,1,4,10,*,1,1,True,1,10,57,6
NewJersey4,LS1,Midday,Set1,Draw1,4,col4,Midday|Set1|Draw1|col4,E,own,1,1,1,1,4,0,599866*,7,5,False,1,7,29,6
NewJersey4,LS1,Midday,Set1,Draw1,4,col4,Midday|Set1|Draw1|col4,E,own,1,1,1,1,4,1,966*,4,3,True,1,7,29,6
NewJersey4,LS1,Midday,Set1,Draw1,4,col4,Midday|Set1|Draw1|col4,E,own,1,1,1,1,4,2,96*,3,3,True,1,7,29,6
NewJersey4,LS1,Midday,Set1,Draw1,4,col4,Midday|Set1|Draw1|col4,E,own,1,1,1,1,4,3,6*,2,2,True,1,7,29,6
NewJersey4,LS1,Midday,Set1,Draw1,4,col4,Midday|Set1|Draw1|col4,E,own,1,1,1,1,4,4,6*,2,2,True,1,7,29,6
NewJersey4,LS1,Midday,Set1,Draw1,4,col4,Midday|Set1|Draw1|col4,E,own,1,1,1,1,4,7,*,1,1,True,1,7,29,6
NewJersey4,LS1,Midday,Set1,Draw1,4,col4,Midday|Set1|Draw1|col4,E,combined,1,1,1,1,4,0,599866*,7,5,False,1,10,57,7
NewJersey4,LS1,Midday,Set1,Draw1,4,col4,Midday|Set1|Draw1|col4,E,combined,1,1,1,1,4,1,966*,4,3,True,1,10,57,7
NewJersey4,LS1,Midday,Set1,Draw1,4,col4,Midday|Set1|Draw1|col4,E,combined,1,1,1,1,4,2,966*,4,3,True,1,10,57,7
NewJersey4,LS1,Midday,Set1,Draw1,4,col4,Midday|Set1|Draw1|col4,E,combined,1,1,1,1,4,3,96*,3,3,True,1,10,57,7
NewJersey4,LS1,Midday,Set1,Draw1,4,col4,Midday|Set1|Draw1|col4,E,combined,1,1,1,1,4,4,6*,2,2,True,1,10,57,7
NewJersey4,LS1,Midday,Set1,Draw1,4,col4,Midday|Set1|Draw1|col4,E,combined,1,1,1,1,4,5,6*,2,2,True,1,10,57,7
NewJersey4,LS1,Midday,Set1,Draw1,4,col4,Midday|Set1|Draw1|col4,E,combined,1,1,1,1,4,10,*,1,1,True,1,10,57,7
NewJersey4,LS1,Midday,Set1,Draw1,4,col4,Midday|Set1|Draw1|col4,T,own,1,1,1,1,4,0,599866*,7,5,False,1,1,29,2
NewJersey4,LS1,Midday,Set1,Draw1,4,col4,Midday|Set1|Draw1|col4,T,own,1,1,1,1,4,1,66*,3,2,True,1,1,29,2
NewJersey4,LS1,Midday,Set1,Draw1,4,col4,Midday|Set1|Draw1|col4,T,combined,1,1,1,1,4,0,599866*,7,5,False,1,12,57,4
NewJersey4,LS1,Midday,Set1,Draw1,4,col4,Midday|Set1|Draw1|col4,T,combined,1,1,1,1,4,1,66*,3,2,True,1,12,57,4
NewJersey4,LS1,Midday,Set1,Draw1,4,col4,Midday|Set1|Draw1|col4,T,combined,1,1,1,1,4,2,66*,3,2,True,1,12,57,4
NewJersey4,LS1,Midday,Set1,Draw1,4,col4,Midday|Set1|Draw1|col4,T,combined,1,1,1,1,4,12,*,1,1,True,1,12,57,4
NewJersey4,LS1,Midday,Set1,Draw1,2,col2,Midday|Set1|Draw1|col2,A,own,1,1,1,1,2,0,566**,5,3,True,0,1,29,2
NewJersey4,LS1,Midday,Set1,Draw1,2,col2,Midday|Set1|Draw1|col2,A,own,1,1,1,1,2,1,66**,4,2,True,0,1,29,2
NewJersey4,LS1,Midday,Set1,Draw1,2,col2,Midday|Set1|Draw1|col2,A,combined,1,1,1,1,2,0,566**,5,3,True,0,12,57,4
NewJersey4,LS1,Midday,Set1,Draw1,2,col2,Midday|Set1|Draw1|col2,A,combined,1,1,1,1,2,1,66**,4,2,True,0,12,57,4
NewJersey4,LS1,Midday,Set1,Draw1,2,col2,Midday|Set1|Draw1|col2,A,combined,1,1,1,1,2,2,66**,4,2,True,0,12,57,4
NewJersey4,LS1,Midday,Set1,Draw1,2,col2,Midday|Set1|Draw1|col2,A,combined,1,1,1,1,2,12,**,2,1,True,0,12,57,4
NewJersey4,LS1,Midday,Set1,Draw1,2,col2,Midday|Set1|Draw1|col2,B,own,1,1,1,1,2,0,566**,5,3,True,0,2,29,3
NewJersey4,LS1,Midday,Set1,Draw1,2,col2,Midday|Set1|Draw1|col2,B,own,1,1,1,1,2,1,66**,4,2,True,0,2,29,3
NewJersey4,LS1,Midday,Set1,Draw1,2,col2,Midday|Set1|Draw1|col2,B,own,1,1,1,1,2,2,**,2,1,True,0,2,29,3
NewJersey4,LS1,Midday,Set1,Draw1,2,col2,Midday|Set1|Draw1|col2,B,combined,1,1,1,1,2,0,566**,5,3,True,0,3,57,4
NewJersey4,LS1,Midday,Set1,Draw1,2,col2,Midday|Set1|Draw1|col2,B,combined,1,1,1,1,2,1,66**,4,2,True,0,3,57,4
NewJersey4,LS1,Midday,Set1,Draw1,2,col2,Midday|Set1|Draw1|col2,B,combined,1,1,1,1,2,2,66**,4,2,True,0,3,57,4
NewJersey4,LS1,Midday,Set1,Draw1,2,col2,Midday|Set1|Draw1|col2,B,combined,1,1,1,1,2,3,**,2,1,True,0,3,57,4
NewJersey4,LS1,Midday,Set1,Draw1,2,col2,Midday|Set1|Draw1|col2,C,own,1,1,1,1,2,0,566**,5,3,True,0,2,29,3
NewJersey4,LS1,Midday,Set1,Draw1,2,col2,Midday|Set1|Draw1|col2,C,own,1,1,1,1,2,1,66**,4,2,True,0,2,29,3
NewJersey4,LS1,Midday,Set1,Draw1,2,col2,Midday|Set1|Draw1|col2,C,own,1,1,1,1,2,2,**,2,1,True,0,2,29,3
NewJersey4,LS1,Midday,Set1,Draw1,2,col2,Midday|Set1|Draw1|col2,C,combined,1,1,1,1,2,0,566**,5,3,True,0,3,57,4
NewJersey4,LS1,Midday,Set1,Draw1,2,col2,Midday|Set1|Draw1|col2,C,combined,1,1,1,1,2,1,66**,4,2,True,0,3,57,4
NewJersey4,LS1,Midday,Set1,Draw1,2,col2,Midday|Set1|Draw1|col2,C,combined,1,1,1,1,2,2,66**,4,2,True,0,3,57,4
NewJersey4,LS1,Midday,Set1,Draw1,2,col2,Midday|Set1|Draw1|col2,C,combined,1,1,1,1,2,3,**,2,1,True,0,3,57,4
NewJersey4,LS1,Midday,Set1,Draw1,2,col2,Midday|Set1|Draw1|col2,D,own,1,1,1,1,2,0,566**,5,3,True,0,7,29,5
NewJersey4,LS1,Midday,Set1,Draw1,2,col2,Midday|Set1|Draw1|col2,D,own,1,1,1,1,2,1,66**,4,2,True,0,7,29,5
NewJersey4,LS1,Midday,Set1,Draw1,2,col2,Midday|Set1|Draw1|col2,D,own,1,1,1,1,2,2,6**,3,2,True,0,7,29,5
NewJersey4,LS1,Midday,Set1,Draw1,2,col2,Midday|Set1|Draw1|col2,D,own,1,1,1,1,2,3,6**,3,2,True,0,7,29,5
NewJersey4,LS1,Midday,Set1,Draw1,2,col2,Midday|Set1|Draw1|col2,D,own,1,1,1,1,2,7,**,2,1,True,0,7,29,5
NewJersey4,LS1,Midday,Set1,Draw1,2,col2,Midday|Set1|Draw1|col2,D,combined,1,1,1,1,2,0,566**,5,3,True,0,10,57,6
NewJersey4,LS1,Midday,Set1,Draw1,2,col2,Midday|Set1|Draw1|col2,D,combined,1,1,1,1,2,1,66**,4,2,True,0,10,57,6
NewJersey4,LS1,Midday,Set1,Draw1,2,col2,Midday|Set1|Draw1|col2,D,combined,1,1,1,1,2,2,66**,4,2,True,0,10,57,6
NewJersey4,LS1,Midday,Set1,Draw1,2,col2,Midday|Set1|Draw1|col2,D,combined,1,1,1,1,2,3,6**,3,2,True,0,10,57,6
NewJersey4,LS1,Midday,Set1,Draw1,2,col2,Midday|Set1|Draw1|col2,D,combined,1,1,1,1,2,4,6**,3,2,True,0,10,57,6
NewJersey4,LS1,Midday,Set1,Draw1,2,col2,Midday|Set1|Draw1|col2,D,combined,1,1,1,1,2,10,**,2,1,True,0,10,57,6
NewJersey4,LS1,Midday,Set1,Draw1,2,col2,Midday|Set1|Draw1|col2,E,own,1,1,1,1,2,0,566**,5,3,True,0,7,29,5
NewJersey4,LS1,Midday,Set1,Draw1,2,col2,Midday|Set1|Draw1|col2,E,own,1,1,1,1,2,1,66**,4,2,True,0,7,29,5
NewJersey4,LS1,Midday,Set1,Draw1,2,col2,Midday|Set1|Draw1|col2,E,own,1,1,1,1,2,2,6**,3,2,True,0,7,29,5
NewJersey4,LS1,Midday,Set1,Draw1,2,col2,Midday|Set1|Draw1|col2,E,own,1,1,1,1,2,3,6**,3,2,True,0,7,29,5
NewJersey4,LS1,Midday,Set1,Draw1,2,col2,Midday|Set1|Draw1|col2,E,own,1,1,1,1,2,7,**,2,1,True,0,7,29,5
NewJersey4,LS1,Midday,Set1,Draw1,2,col2,Midday|Set1|Draw1|col2,E,combined,1,1,1,1,2,0,566**,5,3,True,0,10,57,6
NewJersey4,LS1,Midday,Set1,Draw1,2,col2,Midday|Set1|Draw1|col2,E,combined,1,1,1,1,2,1,66**,4,2,True,0,10,57,6
NewJersey4,LS1,Midday,Set1,Draw1,2,col2,Midday|Set1|Draw1|col2,E,combined,1,1,1,1,2,2,66**,4,2,True,0,10,57,6
NewJersey4,LS1,Midday,Set1,Draw1,2,col2,Midday|Set1|Draw1|col2,E,combined,1,1,1,1,2,3,6**,3,2,True,0,10,57,6
NewJersey4,LS1,Midday,Set1,Draw1,2,col2,Midday|Set1|Draw1|col2,E,combined,1,1,1,1,2,4,6**,3,2,True,0,10,57,6
NewJersey4,LS1,Midday,Set1,Draw1,2,col2,Midday|Set1|Draw1|col2,E,combined,1,1,1,1,2,10,**,2,1,True,0,10,57,6
NewJersey4,LS1,Midday,Set1,Draw1,2,col2,Midday|Set1|Draw1|col2,T,own,1,1,1,1,2,0,566**,5,3,True,0,2,29,3
NewJersey4,LS1,Midday,Set1,Draw1,2,col2,Midday|Set1|Draw1|col2,T,own,1,1,1,1,2,1,66**,4,2,True,0,2,29,3
NewJersey4,LS1,Midday,Set1,Draw1,2,col2,Midday|Set1|Draw1|col2,T,own,1,1,1,1,2,2,**,2,1,True,0,2,29,3
NewJersey4,LS1,Midday,Set1,Draw1,2,col2,Midday|Set1|Draw1|col2,T,combined,1,1,1,1,2,0,566**,5,3,True,0,3,57,4
NewJersey4,LS1,Midday,Set1,Draw1,2,col2,Midday|Set1|Draw1|col2,T,combined,1,1,1,1,2,1,66**,4,2,True,0,3,57,4
NewJersey4,LS1,Midday,Set1,Draw1,2,col2,Midday|Set1|Draw1|col2,T,combined,1,1,1,1,2,2,66**,4,2,True,0,3,57,4
NewJersey4,LS1,Midday,Set1,Draw1,2,col2,Midday|Set1|Draw1|col2,T,combined,1,1,1,1,2,3,**,2,1,True,0,3,57,4
NewJersey4,LS1,Midday,Set1,Draw2,6,col6,Midday|Set1|Draw2|col6,A,own,1,1,1,2,6,0,59922443866,11,7,False,2,4,29,5
NewJersey4,LS1,Midday,Set1,Draw2,6,col6,Midday|Set1|Draw2|col6,A,own,1,1,1,2,6,1,2244366,7,4,False,2,4,29,5
NewJersey4,LS1,Midday,Set1,Draw2,6,col6,Midday|Set1|Draw2|col6,A,own,1,1,1,2,6,2,44366,5,3,True,2,4,29,5
NewJersey4,LS1,Midday,Set1,Draw2,6,col6,Midday|Set1|Draw2|col6,A,own,1,1,1,2,6,3,4466,4,2,True,2,4,29,5
NewJersey4,LS1,Midday,Set1,Draw2,6,col6,Midday|Set1|Draw2|col6,A,own,1,1,1,2,6,4,66,2,1,True,2,4,29,5
NewJersey4,LS1,Midday,Set1,Draw2,6,col6,Midday|Set1|Draw2|col6,A,combined,1,1,1,2,6,0,59922443866,11,7,False,3,12,13,8
NewJersey4,LS1,Midday,Set1,Draw2,6,col6,Midday|Set1|Draw2|col6,A,combined,1,1,1,2,6,1,2244366,7,4,False,3,12,13,8
NewJersey4,LS1,Midday,Set1,Draw2,6,col6,Midday|Set1|Draw2|col6,A,combined,1,1,1,2,6,2,2244366,7,4,False,3,12,13,8
NewJersey4,LS1,Midday,Set1,Draw2,6,col6,Midday|Set1|Draw2|col6,A,combined,1,1,1,2,6,3,44366,5,3,True,3,12,13,8
NewJersey4,LS1,Midday,Set1,Draw2,6,col6,Midday|Set1|Draw2|col6,A,combined,1,1,1,2,6,4,366,3,2,True,3,12,13,8
NewJersey4,LS1,Midday,Set1,Draw2,6,col6,Midday|Set1|Draw2|col6,A,combined,1,1,1,2,6,5,66,2,1,True,3,12,13,8
NewJersey4,LS1,Midday,Set1,Draw2,6,col6,Midday|Set1|Draw2|col6,A,combined,1,1,1,2,6,6,66,2,1,True,3,12,13,8
NewJersey4,LS1,Midday,Set1,Draw2,6,col6,Midday|Set1|Draw2|col6,A,combined,1,1,1,2,6,12,,0,0,False,3,12,13,8
NewJersey4,LS1,Midday,Set1,Draw2,6,col6,Midday|Set1|Draw2|col6,B,own,1,1,1,2,6,0,59922443866,11,7,False,2,3,4,4
NewJersey4,LS1,Midday,Set1,Draw2,6,col6,Midday|Set1|Draw2|col6,B,own,1,1,1,2,6,1,2244366,7,4,False,2,3,4,4
NewJersey4,LS1,Midday,Set1,Draw2,6,col6,Midday|Set1|Draw2|col6,B,own,1,1,1,2,6,2,44,2,1,True,2,3,4,4
NewJersey4,LS1,Midday,Set1,Draw2,6,col6,Midday|Set1|Draw2|col6,B,own,1,1,1,2,6,3,,0,0,False,2,3,4,4
NewJersey4,LS1,Midday,Set1,Draw2,6,col6,Midday|Set1|Draw2|col6,B,combined,1,1,1,2,6,0,59922443866,11,7,False,2,4,5,5
NewJersey4,LS1,Midday,Set1,Draw2,6,col6,Midday|Set1|Draw2|col6,B,combined,1,1,1,2,6,1,2244366,7,4,False,2,4,5,5
NewJersey4,LS1,Midday,Set1,Draw2,6,col6,Midday|Set1|Draw2|col6,B,combined,1,1,1,2,6,2,4466,4,2,True,2,4,5,5
NewJersey4,LS1,Midday,Set1,Draw2,6,col6,Midday|Set1|Draw2|col6,B,combined,1,1,1,2,6,3,44,2,1,True,2,4,5,5
NewJersey4,LS1,Midday,Set1,Draw2,6,col6,Midday|Set1|Draw2|col6,B,combined,1,1,1,2,6,4,,0,0,False,2,4,5,5
NewJersey4,LS1,Midday,Set1,Draw2,6,col6,Midday|Set1|Draw2|col6,C,own,1,1,1,2,6,0,59922443866,11,7,False,1,2,3,3
NewJersey4,LS1,Midday,Set1,Draw2,6,col6,Midday|Set1|Draw2|col6,C,own,1,1,1,2,6,1,2266,4,2,True,1,2,3,3
NewJersey4,LS1,Midday,Set1,Draw2,6,col6,Midday|Set1|Draw2|col6,C,own,1,1,1,2,6,2,,0,0,False,1,2,3,3
NewJersey4,LS1,Midday,Set1,Draw2,6,col6,Midday|Set1|Draw2|col6,C,combined,1,1,1,2,6,0,59922443866,11,7,False,1,3,4,4
NewJersey4,LS1,Midday,Set1,Draw2,6,col6,Midday|Set1|Draw2|col6,C,combined,1,1,1,2,6,1,2266,4,2,True,1,3,4,4
NewJersey4,LS1,Midday,Set1,Draw2,6,col6,Midday|Set1|Draw2|col6,C,combined,1,1,1,2,6,2,66,2,1,True,1,3,4,4
NewJersey4,LS1,Midday,Set1,Draw2,6,col6,Midday|Set1|Draw2|col6,C,combined,1,1,1,2,6,3,,0,0,False,1,3,4,4
NewJersey4,LS1,Midday,Set1,Draw2,6,col6,Midday|Set1|Draw2|col6,D,own,1,1,1,2,6,0,59922443866,11,7,False,1,7,8,6
NewJersey4,LS1,Midday,Set1,Draw2,6,col6,Midday|Set1|Draw2|col6,D,own,1,1,1,2,6,1,22466,5,3,True,1,7,8,6
NewJersey4,LS1,Midday,Set1,Draw2,6,col6,Midday|Set1|Draw2|col6,D,own,1,1,1,2,6,2,46,2,2,True,1,7,8,6
NewJersey4,LS1,Midday,Set1,Draw2,6,col6,Midday|Set1|Draw2|col6,D,own,1,1,1,2,6,3,6,1,1,True,1,7,8,6
NewJersey4,LS1,Midday,Set1,Draw2,6,col6,Midday|Set1|Draw2|col6,D,own,1,1,1,2,6,4,6,1,1,True,1,7,8,6
NewJersey4,LS1,Midday,Set1,Draw2,6,col6,Midday|Set1|Draw2|col6,D,own,1,1,1,2,6,7,,0,0,False,1,7,8,6
NewJersey4,LS1,Midday,Set1,Draw2,6,col6,Midday|Set1|Draw2|col6,D,combined,1,1,1,2,6,0,59922443866,11,7,False,1,10,11,7
NewJersey4,LS1,Midday,Set1,Draw2,6,col6,Midday|Set1|Draw2|col6,D,combined,1,1,1,2,6,1,22466,5,3,True,1,10,11,7
NewJersey4,LS1,Midday,Set1,Draw2,6,col6,Midday|Set1|Draw2|col6,D,combined,1,1,1,2,6,2,2466,4,3,True,1,10,11,7
NewJersey4,LS1,Midday,Set1,Draw2,6,col6,Midday|Set1|Draw2|col6,D,combined,1,1,1,2,6,3,46,2,2,True,1,10,11,7
NewJersey4,LS1,Midday,Set1,Draw2,6,col6,Midday|Set1|Draw2|col6,D,combined,1,1,1,2,6,4,6,1,1,True,1,10,11,7
NewJersey4,LS1,Midday,Set1,Draw2,6,col6,Midday|Set1|Draw2|col6,D,combined,1,1,1,2,6,5,6,1,1,True,1,10,11,7
NewJersey4,LS1,Midday,Set1,Draw2,6,col6,Midday|Set1|Draw2|col6,D,combined,1,1,1,2,6,10,,0,0,False,1,10,11,7
NewJersey4,LS1,Midday,Set1,Draw2,6,col6,Midday|Set1|Draw2|col6,E,own,1,1,1,2,6,0,59922443866,11,7,False,3,7,8,8
NewJersey4,LS1,Midday,Set1,Draw2,6,col6,Midday|Set1|Draw2|col6,E,own,1,1,1,2,6,1,92244366,8,5,False,3,7,8,8
NewJersey4,LS1,Midday,Set1,Draw2,6,col6,Midday|Set1|Draw2|col6,E,own,1,1,1,2,6,2,92446,5,4,False,3,7,8,8
NewJersey4,LS1,Midday,Set1,Draw2,6,col6,Midday|Set1|Draw2|col6,E,own,1,1,1,2,6,3,246,3,3,True,3,7,8,8
NewJersey4,LS1,Midday,Set1,Draw2,6,col6,Midday|Set1|Draw2|col6,E,own,1,1,1,2,6,4,26,2,2,True,3,7,8,8
NewJersey4,LS1,Midday,Set1,Draw2,6,col6,Midday|Set1|Draw2|col6,E,own,1,1,1,2,6,5,6,1,1,True,3,7,8,8
NewJersey4,LS1,Midday,Set1,Draw2,6,col6,Midday|Set1|Draw2|col6,E,own,1,1,1,2,6,6,6,1,1,True,3,7,8,8
NewJersey4,LS1,Midday,Set1,Draw2,6,col6,Midday|Set1|Draw2|col6,E,own,1,1,1,2,6,7,,0,0,False,3,7,8,8
NewJersey4,LS1,Midday,Set1,Draw2,6,col6,Midday|Set1|Draw2|col6,E,combined,1,1,1,2,6,0,59922443866,11,7,False,3,10,11,8
NewJersey4,LS1,Midday,Set1,Draw2,6,col6,Midday|Set1|Draw2|col6,E,combined,1,1,1,2,6,1,92244366,8,5,False,3,10,11,8
NewJersey4,LS1,Midday,Set1,Draw2,6,col6,Midday|Set1|Draw2|col6,E,combined,1,1,1,2,6,2,924466,6,4,False,3,10,11,8
NewJersey4,LS1,Midday,Set1,Draw2,6,col6,Midday|Set1|Draw2|col6,E,combined,1,1,1,2,6,3,9446,4,3,True,3,10,11,8
NewJersey4,LS1,Midday,Set1,Draw2,6,col6,Midday|Set1|Draw2|col6,E,combined,1,1,1,2,6,4,946,3,3,True,3,10,11,8
NewJersey4,LS1,Midday,Set1,Draw2,6,col6,Midday|Set1|Draw2|col6,E,combined,1,1,1,2,6,5,6,1,1,True,3,10,11,8
NewJersey4,LS1,Midday,Set1,Draw2,6,col6,Midday|Set1|Draw2|col6,E,combined,1,1,1,2,6,6,6,1,1,True,3,10,11,8
NewJersey4,LS1,Midday,Set1,Draw2,6,col6,Midday|Set1|Draw2|col6,E,combined,1,1,1,2,6,10,,0,0,False,3,10,11,8
NewJersey4,LS1,Midday,Set1,Draw2,6,col6,Midday|Set1|Draw2|col6,T,own,1,1,1,2,6,0,59922443866,11,7,False,1,2,29,3
NewJersey4,LS1,Midday,Set1,Draw2,6,col6,Midday|Set1|Draw2|col6,T,own,1,1,1,2,6,1,2266,4,2,True,1,2,29,3
NewJersey4,LS1,Midday,Set1,Draw2,6,col6,Midday|Set1|Draw2|col6,T,own,1,1,1,2,6,2,66,2,1,True,1,2,29,3
NewJersey4,LS1,Midday,Set1,Draw2,6,col6,Midday|Set1|Draw2|col6,T,combined,1,1,1,2,6,0,59922443866,11,7,False,1,12,13,5
NewJersey4,LS1,Midday,Set1,Draw2,6,col6,Midday|Set1|Draw2|col6,T,combined,1,1,1,2,6,1,2266,4,2,True,1,12,13,5
NewJersey4,LS1,Midday,Set1,Draw2,6,col6,Midday|Set1|Draw2|col6,T,combined,1,1,1,2,6,2,66,2,1,True,1,12,13,5
NewJersey4,LS1,Midday,Set1,Draw2,6,col6,Midday|Set1|Draw2|col6,T,combined,1,1,1,2,6,3,66,2,1,True,1,12,13,5
NewJersey4,LS1,Midday,Set1,Draw2,6,col6,Midday|Set1|Draw2|col6,T,combined,1,1,1,2,6,12,,0,0,False,1,12,13,5
NewJersey4,LS1,Midday,Set1,Draw2,5,col5,Midday|Set1|Draw2|col5,A,own,1,1,1,2,5,0,59924866,8,6,False,1,4,29,5
NewJersey4,LS1,Midday,Set1,Draw2,5,col5,Midday|Set1|Draw2|col5,A,own,1,1,1,2,5,1,2466,4,3,True,1,4,29,5
NewJersey4,LS1,Midday,Set1,Draw2,5,col5,Midday|Set1|Draw2|col5,A,own,1,1,1,2,5,2,466,3,2,True,1,4,29,5
NewJersey4,LS1,Midday,Set1,Draw2,5,col5,Midday|Set1|Draw2|col5,A,own,1,1,1,2,5,3,466,3,2,True,1,4,29,5
NewJersey4,LS1,Midday,Set1,Draw2,5,col5,Midday|Set1|Draw2|col5,A,own,1,1,1,2,5,4,66,2,1,True,1,4,29,5
NewJersey4,LS1,Midday,Set1,Draw2,5,col5,Midday|Set1|Draw2|col5,A,combined,1,1,1,2,5,0,59924866,8,6,False,1,12,13,7
NewJersey4,LS1,Midday,Set1,Draw2,5,col5,Midday|Set1|Draw2|col5,A,combined,1,1,1,2,5,1,2466,4,3,True,1,12,13,7
NewJersey4,LS1,Midday,Set1,Draw2,5,col5,Midday|Set1|Draw2|col5,A,combined,1,1,1,2,5,2,2466,4,3,True,1,12,13,7
NewJersey4,LS1,Midday,Set1,Draw2,5,col5,Midday|Set1|Draw2|col5,A,combined,1,1,1,2,5,3,466,3,2,True,1,12,13,7
NewJersey4,LS1,Midday,Set1,Draw2,5,col5,Midday|Set1|Draw2|col5,A,combined,1,1,1,2,5,4,66,2,1,True,1,12,13,7
NewJersey4,LS1,Midday,Set1,Draw2,5,col5,Midday|Set1|Draw2|col5,A,combined,1,1,1,2,5,5,66,2,1,True,1,12,13,7
NewJersey4,LS1,Midday,Set1,Draw2,5,col5,Midday|Set1|Draw2|col5,A,combined,1,1,1,2,5,12,,0,0,False,1,12,13,7
NewJersey4,LS1,Midday,Set1,Draw2,5,col5,Midday|Set1|Draw2|col5,B,own,1,1,1,2,5,0,59924866,8,6,False,1,3,4,4
NewJersey4,LS1,Midday,Set1,Draw2,5,col5,Midday|Set1|Draw2|col5,B,own,1,1,1,2,5,1,2466,4,3,True,1,3,4,4
NewJersey4,LS1,Midday,Set1,Draw2,5,col5,Midday|Set1|Draw2|col5,B,own,1,1,1,2,5,2,4,1,1,True,1,3,4,4
NewJersey4,LS1,Midday,Set1,Draw2,5,col5,Midday|Set1|Draw2|col5,B,own,1,1,1,2,5,3,,0,0,False,1,3,4,4
NewJersey4,LS1,Midday,Set1,Draw2,5,col5,Midday|Set1|Draw2|col5,B,combined,1,1,1,2,5,0,59924866,8,6,False,1,4,5,5
NewJersey4,LS1,Midday,Set1,Draw2,5,col5,Midday|Set1|Draw2|col5,B,combined,1,1,1,2,5,1,2466,4,3,True,1,4,5,5
NewJersey4,LS1,Midday,Set1,Draw2,5,col5,Midday|Set1|Draw2|col5,B,combined,1,1,1,2,5,2,466,3,2,True,1,4,5,5
NewJersey4,LS1,Midday,Set1,Draw2,5,col5,Midday|Set1|Draw2|col5,B,combined,1,1,1,2,5,3,4,1,1,True,1,4,5,5
NewJersey4,LS1,Midday,Set1,Draw2,5,col5,Midday|Set1|Draw2|col5,B,combined,1,1,1,2,5,4,,0,0,False,1,4,5,5
NewJersey4,LS1,Midday,Set1,Draw2,5,col5,Midday|Set1|Draw2|col5,C,own,1,1,1,2,5,0,59924866,8,6,False,1,2,3,3
NewJersey4,LS1,Midday,Set1,Draw2,5,col5,Midday|Set1|Draw2|col5,C,own,1,1,1,2,5,1,266,3,2,True,1,2,3,3
NewJersey4,LS1,Midday,Set1,Draw2,5,col5,Midday|Set1|Draw2|col5,C,own,1,1,1,2,5,2,,0,0,False,1,2,3,3
NewJersey4,LS1,Midday,Set1,Draw2,5,col5,Midday|Set1|Draw2|col5,C,combined,1,1,1,2,5,0,59924866,8,6,False,1,3,4,4
NewJersey4,LS1,Midday,Set1,Draw2,5,col5,Midday|Set1|Draw2|col5,C,combined,1,1,1,2,5,1,266,3,2,True,1,3,4,4
NewJersey4,LS1,Midday,Set1,Draw2,5,col5,Midday|Set1|Draw2|col5,C,combined,1,1,1,2,5,2,66,2,1,True,1,3,4,4
NewJersey4,LS1,Midday,Set1,Draw2,5,col5,Midday|Set1|Draw2|col5,C,combined,1,1,1,2,5,3,,0,0,False,1,3,4,4
NewJersey4,LS1,Midday,Set1,Draw2,5,col5,Midday|Set1|Draw2|col5,D,own,1,1,1,2,5,0,59924866,8,6,False,1,7,8,5
NewJersey4,LS1,Midday,Set1,Draw2,5,col5,Midday|Set1|Draw2|col5,D,own,1,1,1,2,5,1,266,3,2,True,1,7,8,5
NewJersey4,LS1,Midday,Set1,Draw2,5,col5,Midday|Set1|Draw2|col5,D,own,1,1,1,2,5,2,6,1,1,True,1,7,8,5
NewJersey4,LS1,Midday,Set1,Draw2,5,col5,Midday|Set1|Draw2|col5,D,own,1,1,1,2,5,3,6,1,1,True,1,7,8,5
NewJersey4,LS1,Midday,Set1,Draw2,5,col5,Midday|Set1|Draw2|col5,D,own,1,1,1,2,5,7,,0,0,False,1,7,8,5
NewJersey4,LS1,Midday,Set1,Draw2,5,col5,Midday|Set1|Draw2|col5,D,combined,1,1,1,2,5,0,59924866,8,6,False,1,10,11,6
NewJersey4,LS1,Midday,Set1,Draw2,5,col5,Midday|Set1|Draw2|col5,D,combined,1,1,1,2,5,1,266,3,2,True,1,10,11,6
NewJersey4,LS1,Midday,Set1,Draw2,5,col5,Midday|Set1|Draw2|col5,D,combined,1,1,1,2,5,2,66,2,1,True,1,10,11,6
NewJersey4,LS1,Midday,Set1,Draw2,5,col5,Midday|Set1|Draw2|col5,D,combined,1,1,1,2,5,3,6,1,1,True,1,10,11,6
NewJersey4,LS1,Midday,Set1,Draw2,5,col5,Midday|Set1|Draw2|col5,D,combined,1,1,1,2,5,4,6,1,1,True,1,10,11,6
NewJersey4,LS1,Midday,Set1,Draw2,5,col5,Midday|Set1|Draw2|col5,D,combined,1,1,1,2,5,10,,0,0,False,1,10,11,6
NewJersey4,LS1,Midday,Set1,Draw2,5,col5,Midday|Set1|Draw2|col5,E,own,1,1,1,2,5,0,59924866,8,6,False,2,7,8,6
NewJersey4,LS1,Midday,Set1,Draw2,5,col5,Midday|Set1|Draw2|col5,E,own,1,1,1,2,5,1,92466,5,4,False,2,7,8,6
NewJersey4,LS1,Midday,Set1,Draw2,5,col5,Midday|Set1|Draw2|col5,E,own,1,1,1,2,5,2,946,3,3,True,2,7,8,6
NewJersey4,LS1,Midday,Set1,Draw2,5,col5,Midday|Set1|Draw2|col5,E,own,1,1,1,2,5,3,6,1,1,True,2,7,8,6
NewJersey4,LS1,Midday,Set1,Draw2,5,col5,Midday|Set1|Draw2|col5,E,own,1,1,1,2,5,4,6,1,1,True,2,7,8,6
NewJersey4,LS1,Midday,Set1,Draw2,5,col5,Midday|Set1|Draw2|col5,E,own,1,1,1,2,5,7,,0,0,False,2,7,8,6
NewJersey4,LS1,Midday,Set1,Draw2,5,col5,Midday|Set1|Draw2|col5,E,combined,1,1,1,2,5,0,59924866,8,6,False,2,10,11,8
NewJersey4,LS1,Midday,Set1,Draw2,5,col5,Midday|Set1|Draw2|col5,E,combined,1,1,1,2,5,1,92466,5,4,False,2,10,11,8
NewJersey4,LS1,Midday,Set1,Draw2,5,col5,Midday|Set1|Draw2|col5,E,combined,1,1,1,2,5,2,9466,4,3,True,2,10,11,8
NewJersey4,LS1,Midday,Set1,Draw2,5,col5,Midday|Set1|Draw2|col5,E,combined,1,1,1,2,5,3,946,3,3,True,2,10,11,8
NewJersey4,LS1,Midday,Set1,Draw2,5,col5,Midday|Set1|Draw2|col5,E,combined,1,1,1,2,5,4,96,2,2,True,2,10,11,8
NewJersey4,LS1,Midday,Set1,Draw2,5,col5,Midday|Set1|Draw2|col5,E,combined,1,1,1,2,5,5,6,1,1,True,2,10,11,8
NewJersey4,LS1,Midday,Set1,Draw2,5,col5,Midday|Set1|Draw2|col5,E,combined,1,1,1,2,5,6,6,1,1,True,2,10,11,8
NewJersey4,LS1,Midday,Set1,Draw2,5,col5,Midday|Set1|Draw2|col5,E,combined,1,1,1,2,5,10,,0,0,False,2,10,11,8
NewJersey4,LS1,Midday,Set1,Draw2,5,col5,Midday|Set1|Draw2|col5,T,own,1,1,1,2,5,0,59924866,8,6,False,1,2,29,3
NewJersey4,LS1,Midday,Set1,Draw2,5,col5,Midday|Set1|Draw2|col5,T,own,1,1,1,2,5,1,266,3,2,True,1,2,29,3
NewJersey4,LS1,Midday,Set1,Draw2,5,col5,Midday|Set1|Draw2|col5,T,own,1,1,1,2,5,2,66,2,1,True,1,2,29,3
NewJersey4,LS1,Midday,Set1,Draw2,5,col5,Midday|Set1|Draw2|col5,T,combined,1,1,1,2,5,0,59924866,8,6,False,1,12,13,6
NewJersey4,LS1,Midday,Set1,Draw2,5,col5,Midday|Set1|Draw2|col5,T,combined,1,1,1,2,5,1,266,3,2,True,1,12,13,6
NewJersey4,LS1,Midday,Set1,Draw2,5,col5,Midday|Set1|Draw2|col5,T,combined,1,1,1,2,5,2,266,3,2,True,1,12,13,6
NewJersey4,LS1,Midday,Set1,Draw2,5,col5,Midday|Set1|Draw2|col5,T,combined,1,1,1,2,5,3,66,2,1,True,1,12,13,6
NewJersey4,LS1,Midday,Set1,Draw2,5,col5,Midday|Set1|Draw2|col5,T,combined,1,1,1,2,5,4,66,2,1,True,1,12,13,6
NewJersey4,LS1,Midday,Set1,Draw2,5,col5,Midday|Set1|Draw2|col5,T,combined,1,1,1,2,5,12,,0,0,False,1,12,13,6
NewJersey4,LS1,Midday,Set1,Draw2,4,col4,Midday|Set1|Draw2|col4,A,own,1,1,1,2,4,0,5992866*,8,6,False,1,2,29,3
NewJersey4,LS1,Midday,Set1,Draw2,4,col4,Midday|Set1|Draw2|col4,A,own,1,1,1,2,4,1,266*,4,3,True,1,2,29,3
NewJersey4,LS1,Midday,Set1,Draw2,4,col4,Midday|Set1|Draw2|col4,A,own,1,1,1,2,4,2,66*,3,2,True,1,2,29,3
NewJersey4,LS1,Midday,Set1,Draw2,4,col4,Midday|Set1|Draw2|col4,A,combined,1,1,1,2,4,0,5992866*,8,6,False,1,12,57,6
NewJersey4,LS1,Midday,Set1,Draw2,4,col4,Midday|Set1|Draw2|col4,A,combined,1,1,1,2,4,1,266*,4,3,True,1,12,57,6
NewJersey4,LS1,Midday,Set1,Draw2,4,col4,Midday|Set1|Draw2|col4,A,combined,1,1,1,2,4,2,266*,4,3,True,1,12,57,6
NewJersey4,LS1,Midday,Set1,Draw2,4,col4,Midday|Set1|Draw2|col4,A,combined,1,1,1,2,4,3,66*,3,2,True,1,12,57,6
NewJersey4,LS1,Midday,Set1,Draw2,4,col4,Midday|Set1|Draw2|col4,A,combined,1,1,1,2,4,4,66*,3,2,True,1,12,57,6
NewJersey4,LS1,Midday,Set1,Draw2,4,col4,Midday|Set1|Draw2|col4,A,combined,1,1,1,2,4,12,*,1,1,True,1,12,57,6
NewJersey4,LS1,Midday,Set1,Draw2,4,col4,Midday|Set1|Draw2|col4,B,own,1,1,1,2,4,0,5992866*,8,6,False,1,2,29,3
NewJersey4,LS1,Midday,Set1,Draw2,4,col4,Midday|Set1|Draw2|col4,B,own,1,1,1,2,4,1,266*,4,3,True,1,2,29,3
NewJersey4,LS1,Midday,Set1,Draw2,4,col4,Midday|Set1|Draw2|col4,B,own,1,1,1,2,4,2,*,1,1,True,1,2,29,3
NewJersey4,LS1,Midday,Set1,Draw2,4,col4,Midday|Set1|Draw2|col4,B,combined,1,1,1,2,4,0,5992866*,8,6,False,1,3,57,4
NewJersey4,LS1,Midday,Set1,Draw2,4,col4,Midday|Set1|Draw2|col4,B,combined,1,1,1,2,4,1,266*,4,3,True,1,3,57,4
NewJersey4,LS1,Midday,Set1,Draw2,4,col4,Midday|Set1|Draw2|col4,B,combined,1,1,1,2,4,2,66*,3,2,True,1,3,57,4
NewJersey4,LS1,Midday,Set1,Draw2,4,col4,Midday|Set1|Draw2|col4,B,combined,1,1,1,2,4,3,*,1,1,True,1,3,57,4
NewJersey4,LS1,Midday,Set1,Draw2,4,col4,Midday|Set1|Draw2|col4,C,own,1,1,1,2,4,0,5992866*,8,6,False,1,2,29,3
NewJersey4,LS1,Midday,Set1,Draw2,4,col4,Midday|Set1|Draw2|col4,C,own,1,1,1,2,4,1,266*,4,3,True,1,2,29,3
NewJersey4,LS1,Midday,Set1,Draw2,4,col4,Midday|Set1|Draw2|col4,C,own,1,1,1,2,4,2,*,1,1,True,1,2,29,3
NewJersey4,LS1,Midday,Set1,Draw2,4,col4,Midday|Set1|Draw2|col4,C,combined,1,1,1,2,4,0,5992866*,8,6,False,1,3,57,4
NewJersey4,LS1,Midday,Set1,Draw2,4,col4,Midday|Set1|Draw2|col4,C,combined,1,1,1,2,4,1,266*,4,3,True,1,3,57,4
NewJersey4,LS1,Midday,Set1,Draw2,4,col4,Midday|Set1|Draw2|col4,C,combined,1,1,1,2,4,2,66*,3,2,True,1,3,57,4
NewJersey4,LS1,Midday,Set1,Draw2,4,col4,Midday|Set1|Draw2|col4,C,combined,1,1,1,2,4,3,*,1,1,True,1,3,57,4
NewJersey4,LS1,Midday,Set1,Draw2,4,col4,Midday|Set1|Draw2|col4,D,own,1,1,1,2,4,0,5992866*,8,6,False,1,7,29,5
NewJersey4,LS1,Midday,Set1,Draw2,4,col4,Midday|Set1|Draw2|col4,D,own,1,1,1,2,4,1,266*,4,3,True,1,7,29,5
NewJersey4,LS1,Midday,Set1,Draw2,4,col4,Midday|Set1|Draw2|col4,D,own,1,1,1,2,4,2,6*,2,2,True,1,7,29,5
NewJersey4,LS1,Midday,Set1,Draw2,4,col4,Midday|Set1|Draw2|col4,D,own,1,1,1,2,4,3,6*,2,2,True,1,7,29,5
NewJersey4,LS1,Midday,Set1,Draw2,4,col4,Midday|Set1|Draw2|col4,D,own,1,1,1,2,4,7,*,1,1,True,1,7,29,5
NewJersey4,LS1,Midday,Set1,Draw2,4,col4,Midday|Set1|Draw2|col4,D,combined,1,1,1,2,4,0,5992866*,8,6,False,1,10,57,6
NewJersey4,LS1,Midday,Set1,Draw2,4,col4,Midday|Set1|Draw2|col4,D,combined,1,1,1,2,4,1,266*,4,3,True,1,10,57,6
NewJersey4,LS1,Midday,Set1,Draw2,4,col4,Midday|Set1|Draw2|col4,D,combined,1,1,1,2,4,2,66*,3,2,True,1,10,57,6
NewJersey4,LS1,Midday,Set1,Draw2,4,col4,Midday|Set1|Draw2|col4,D,combined,1,1,1,2,4,3,6*,2,2,True,1,10,57,6
NewJersey4,LS1,Midday,Set1,Draw2,4,col4,Midday|Set1|Draw2|col4,D,combined,1,1,1,2,4,4,6*,2,2,True,1,10,57,6
NewJersey4,LS1,Midday,Set1,Draw2,4,col4,Midday|Set1|Draw2|col4,D,combined,1,1,1,2,4,10,*,1,1,True,1,10,57,6
NewJersey4,LS1,Midday,Set1,Draw2,4,col4,Midday|Set1|Draw2|col4,E,own,1,1,1,2,4,0,5992866*,8,6,False,2,7,29,6
NewJersey4,LS1,Midday,Set1,Draw2,4,col4,Midday|Set1|Draw2|col4,E,own,1,1,1,2,4,1,9266*,5,4,False,2,7,29,6
NewJersey4,LS1,Midday,Set1,Draw2,4,col4,Midday|Set1|Draw2|col4,E,own,1,1,1,2,4,2,96*,3,3,True,2,7,29,6
NewJersey4,LS1,Midday,Set1,Draw2,4,col4,Midday|Set1|Draw2|col4,E,own,1,1,1,2,4,3,6*,2,2,True,2,7,29,6
NewJersey4,LS1,Midday,Set1,Draw2,4,col4,Midday|Set1|Draw2|col4,E,own,1,1,1,2,4,4,6*,2,2,True,2,7,29,6
NewJersey4,LS1,Midday,Set1,Draw2,4,col4,Midday|Set1|Draw2|col4,E,own,1,1,1,2,4,7,*,1,1,True,2,7,29,6
NewJersey4,LS1,Midday,Set1,Draw2,4,col4,Midday|Set1|Draw2|col4,E,combined,1,1,1,2,4,0,5992866*,8,6,False,2,10,57,7
NewJersey4,LS1,Midday,Set1,Draw2,4,col4,Midday|Set1|Draw2|col4,E,combined,1,1,1,2,4,1,9266*,5,4,False,2,10,57,7
NewJersey4,LS1,Midday,Set1,Draw2,4,col4,Midday|Set1|Draw2|col4,E,combined,1,1,1,2,4,2,966*,4,3,True,2,10,57,7
NewJersey4,LS1,Midday,Set1,Draw2,4,col4,Midday|Set1|Draw2|col4,E,combined,1,1,1,2,4,3,96*,3,3,True,2,10,57,7
NewJersey4,LS1,Midday,Set1,Draw2,4,col4,Midday|Set1|Draw2|col4,E,combined,1,1,1,2,4,4,6*,2,2,True,2,10,57,7
NewJersey4,LS1,Midday,Set1,Draw2,4,col4,Midday|Set1|Draw2|col4,E,combined,1,1,1,2,4,5,6*,2,2,True,2,10,57,7
NewJersey4,LS1,Midday,Set1,Draw2,4,col4,Midday|Set1|Draw2|col4,E,combined,1,1,1,2,4,10,*,1,1,True,2,10,57,7
NewJersey4,LS1,Midday,Set1,Draw2,4,col4,Midday|Set1|Draw2|col4,T,own,1,1,1,2,4,0,5992866*,8,6,False,1,2,29,3
NewJersey4,LS1,Midday,Set1,Draw2,4,col4,Midday|Set1|Draw2|col4,T,own,1,1,1,2,4,1,266*,4,3,True,1,2,29,3
NewJersey4,LS1,Midday,Set1,Draw2,4,col4,Midday|Set1|Draw2|col4,T,own,1,1,1,2,4,2,66*,3,2,True,1,2,29,3
NewJersey4,LS1,Midday,Set1,Draw2,4,col4,Midday|Set1|Draw2|col4,T,combined,1,1,1,2,4,0,5992866*,8,6,False,1,12,57,5
NewJersey4,LS1,Midday,Set1,Draw2,4,col4,Midday|Set1|Draw2|col4,T,combined,1,1,1,2,4,1,266*,4,3,True,1,12,57,5
NewJersey4,LS1,Midday,Set1,Draw2,4,col4,Midday|Set1|Draw2|col4,T,combined,1,1,1,2,4,2,66*,3,2,True,1,12,57,5
NewJersey4,LS1,Midday,Set1,Draw2,4,col4,Midday|Set1|Draw2|col4,T,combined,1,1,1,2,4,3,66*,3,2,True,1,12,57,5
NewJersey4,LS1,Midday,Set1,Draw2,4,col4,Midday|Set1|Draw2|col4,T,combined,1,1,1,2,4,12,*,1,1,True,1,12,57,5
NewJersey4,LS1,Midday,Set1,Draw3,5,col5,Midday|Set1|Draw3|col5,A,own,1,1,1,3,5,0,59924013866,11,9,False,3,4,29,5
NewJersey4,LS1,Midday,Set1,Draw3,5,col5,Midday|Set1|Draw3|col5,A,own,1,1,1,3,5,1,2401366,7,6,False,3,4,29,5
NewJersey4,LS1,Midday,Set1,Draw3,5,col5,Midday|Set1|Draw3|col5,A,own,1,1,1,3,5,2,40366,5,4,False,3,4,29,5
NewJersey4,LS1,Midday,Set1,Draw3,5,col5,Midday|Set1|Draw3|col5,A,own,1,1,1,3,5,3,4066,4,3,True,3,4,29,5
NewJersey4,LS1,Midday,Set1,Draw3,5,col5,Midday|Set1|Draw3|col5,A,own,1,1,1,3,5,4,66,2,1,True,3,4,29,5
NewJersey4,LS1,Midday,Set1,Draw3,5,col5,Midday|Set1|Draw3|col5,A,combined,1,1,1,3,5,0,59924013866,11,9,False,4,12,13,10
NewJersey4,LS1,Midday,Set1,Draw3,5,col5,Midday|Set1|Draw3|col5,A,combined,1,1,1,3,5,1,2401366,7,6,False,4,12,13,10
NewJersey4,LS1,Midday,Set1,Draw3,5,col5,Midday|Set1|Draw3|col5,A,combined,1,1,1,3,5,2,2401366,7,6,False,4,12,13,10
NewJersey4,LS1,Midday,Set1,Draw3,5,col5,Midday|Set1|Draw3|col5,A,combined,1,1,1,3,5,3,40366,5,4,False,4,12,13,10
NewJersey4,LS1,Midday,Set1,Draw3,5,col5,Midday|Set1|Draw3|col5,A,combined,1,1,1,3,5,4,0366,4,3,True,4,12,13,10
NewJersey4,LS1,Midday,Set1,Draw3,5,col5,Midday|Set1|Draw3|col5,A,combined,1,1,1,3,5,5,066,3,2,True,4,12,13,10
NewJersey4,LS1,Midday,Set1,Draw3,5,col5,Midday|Set1|Draw3|col5,A,combined,1,1,1,3,5,6,066,3,2,True,4,12,13,10
NewJersey4,LS1,Midday,Set1,Draw3,5,col5,Midday|Set1|Draw3|col5,A,combined,1,1,1,3,5,7,66,2,1,True,4,12,13,10
NewJersey4,LS1,Midday,Set1,Draw3,5,col5,Midday|Set1|Draw3|col5,A,combined,1,1,1,3,5,8,66,2,1,True,4,12,13,10
NewJersey4,LS1,Midday,Set1,Draw3,5,col5,Midday|Set1|Draw3|col5,A,combined,1,1,1,3,5,12,,0,0,False,4,12,13,10
NewJersey4,LS1,Midday,Set1,Draw3,5,col5,Midday|Set1|Draw3|col5,B,own,1,1,1,3,5,0,59924013866,11,9,False,2,7,8,7
NewJersey4,LS1,Midday,Set1,Draw3,5,col5,Midday|Set1|Draw3|col5,B,own,1,1,1,3,5,1,2401366,7,6,False,2,7,8,7
NewJersey4,LS1,Midday,Set1,Draw3,5,col5,Midday|Set1|Draw3|col5,B,own,1,1,1,3,5,2,4066,4,3,True,2,7,8,7
NewJersey4,LS1,Midday,Set1,Draw3,5,col5,Midday|Set1|Draw3|col5,B,own,1,1,1,3,5,3,066,3,2,True,2,7,8,7
NewJersey4,LS1,Midday,Set1,Draw3,5,col5,Midday|Set1|Draw3|col5,B,own,1,1,1,3,5,4,66,2,1,True,2,7,8,7
NewJersey4,LS1,Midday,Set1,Draw3,5,col5,Midday|Set1|Draw3|col5,B,own,1,1,1,3,5,5,66,2,1,True,2,7,8,7
NewJersey4,LS1,Midday,Set1,Draw3,5,col5,Midday|Set1|Draw3|col5,B,own,1,1,1,3,5,7,,0,0,False,2,7,8,7
NewJersey4,LS1,Midday,Set1,Draw3,5,col5,Midday|Set1|Draw3|col5,B,combined,1,1,1,3,5,0,59924013866,11,9,False,3,10,11,7
NewJersey4,LS1,Midday,Set1,Draw3,5,col5,Midday|Set1|Draw3|col5,B,combined,1,1,1,3,5,1,2401366,7,6,False,3,10,11,7
NewJersey4,LS1,Midday,Set1,Draw3,5,col5,Midday|Set1|Draw3|col5,B,combined,1,1,1,3,5,2,40166,5,4,False,3,10,11,7
NewJersey4,LS1,Midday,Set1,Draw3,5,col5,Midday|Set1|Draw3|col5,B,combined,1,1,1,3,5,3,4066,4,3,True,3,10,11,7
NewJersey4,LS1,Midday,Set1,Draw3,5,col5,Midday|Set1|Draw3|col5,B,combined,1,1,1,3,5,4,66,2,1,True,3,10,11,7
NewJersey4,LS1,Midday,Set1,Draw3,5,col5,Midday|Set1|Draw3|col5,B,combined,1,1,1,3,5,5,66,2,1,True,3,10,11,7
NewJersey4,LS1,Midday,Set1,Draw3,5,col5,Midday|Set1|Draw3|col5,B,combined,1,1,1,3,5,10,,0,0,False,3,10,11,7
NewJersey4,LS1,Midday,Set1,Draw3,5,col5,Midday|Set1|Draw3|col5,C,own,1,1,1,3,5,0,59924013866,11,9,False,1,2,3,3
NewJersey4,LS1,Midday,Set1,Draw3,5,col5,Midday|Set1|Draw3|col5,C,own,1,1,1,3,5,1,2166,4,3,True,1,2,3,3
NewJersey4,LS1,Midday,Set1,Draw3,5,col5,Midday|Set1|Draw3|col5,C,own,1,1,1,3,5,2,,0,0,False,1,2,3,3
NewJersey4,LS1,Midday,Set1,Draw3,5,col5,Midday|Set1|Draw3|col5,C,combined,1,1,1,3,5,0,59924013866,11,9,False,1,3,4,4
NewJersey4,LS1,Midday,Set1,Draw3,5,col5,Midday|Set1|Draw3|col5,C,combined,1,1,1,3,5,1,2166,4,3,True,1,3,4,4
NewJersey4,LS1,Midday,Set1,Draw3,5,col5,Midday|Set1|Draw3|col5,C,combined,1,1,1,3,5,2,166,3,2,True,1,3,4,4
NewJersey4,LS1,Midday,Set1,Draw3,5,col5,Midday|Set1|Draw3|col5,C,combined,1,1,1,3,5,3,,0,0,False,1,3,4,4
NewJersey4,LS1,Midday,Set1,Draw3,5,col5,Midday|Set1|Draw3|col5,D,own,1,1,1,3,5,0,59924013866,11,9,False,1,7,8,5
NewJersey4,LS1,Midday,Set1,Draw3,5,col5,Midday|Set1|Draw3|col5,D,own,1,1,1,3,5,1,2166,4,3,True,1,7,8,5
NewJersey4,LS1,Midday,Set1,Draw3,5,col5,Midday|Set1|Draw3|col5,D,own,1,1,1,3,5,2,6,1,1,True,1,7,8,5
NewJersey4,LS1,Midday,Set1,Draw3,5,col5,Midday|Set1|Draw3|col5,D,own,1,1,1,3,5,3,6,1,1,True,1,7,8,5
NewJersey4,LS1,Midday,Set1,Draw3,5,col5,Midday|Set1|Draw3|col5,D,own,1,1,1,3,5,7,,0,0,False,1,7,8,5
NewJersey4,LS1,Midday,Set1,Draw3,5,col5,Midday|Set1|Draw3|col5,D,combined,1,1,1,3,5,0,59924013866,11,9,False,1,10,11,6
NewJersey4,LS1,Midday,Set1,Draw3,5,col5,Midday|Set1|Draw3|col5,D,combined,1,1,1,3,5,1,2166,4,3,True,1,10,11,6
NewJersey4,LS1,Midday,Set1,Draw3,5,col5,Midday|Set1|Draw3|col5,D,combined,1,1,1,3,5,2,166,3,2,True,1,10,11,6
NewJersey4,LS1,Midday,Set1,Draw3,5,col5,Midday|Set1|Draw3|col5,D,combined,1,1,1,3,5,3,6,1,1,True,1,10,11,6
NewJersey4,LS1,Midday,Set1,Draw3,5,col5,Midday|Set1|Draw3|col5,D,combined,1,1,1,3,5,4,6,1,1,True,1,10,11,6
NewJersey4,LS1,Midday,Set1,Draw3,5,col5,Midday|Set1|Draw3|col5,D,combined,1,1,1,3,5,10,,0,0,False,1,10,11,6
NewJersey4,LS1,Midday,Set1,Draw3,5,col5,Midday|Set1|Draw3|col5,E,own,1,1,1,3,5,0,59924013866,11,9,False,3,9,10,9
NewJersey4,LS1,Midday,Set1,Draw3,5,col5,Midday|Set1|Draw3|col5,E,own,1,1,1,3,5,1,92401366,8,7,False,3,9,10,9
NewJersey4,LS1,Midday,Set1,Draw3,5,col5,Midday|Set1|Draw3|col5,E,own,1,1,1,3,5,2,94066,5,4,False,3,9,10,9
NewJersey4,LS1,Midday,Set1,Draw3,5,col5,Midday|Set1|Draw3|col5,E,own,1,1,1,3,5,3,066,3,2,True,3,9,10,9
NewJersey4,LS1,Midday,Set1,Draw3,5,col5,Midday|Set1|Draw3|col5,E,own,1,1,1,3,5,4,66,2,1,True,3,9,10,9
NewJersey4,LS1,Midday,Set1,Draw3,5,col5,Midday|Set1|Draw3|col5,E,own,1,1,1,3,5,5,66,2,1,True,3,9,10,9
NewJersey4,LS1,Midday,Set1,Draw3,5,col5,Midday|Set1|Draw3|col5,E,own,1,1,1,3,5,7,6,1,1,True,3,9,10,9
NewJersey4,LS1,Midday,Set1,Draw3,5,col5,Midday|Set1|Draw3|col5,E,own,1,1,1,3,5,8,6,1,1,True,3,9,10,9
NewJersey4,LS1,Midday,Set1,Draw3,5,col5,Midday|Set1|Draw3|col5,E,own,1,1,1,3,5,9,,0,0,False,3,9,10,9
NewJersey4,LS1,Midday,Set1,Draw3,5,col5,Midday|Set1|Draw3|col5,E,combined,1,1,1,3,5,0,59924013866,11,9,False,4,12,13,10
NewJersey4,LS1,Midday,Set1,Draw3,5,col5,Midday|Set1|Draw3|col5,E,combined,1,1,1,3,5,1,92401366,8,7,False,4,12,13,10
NewJersey4,LS1,Midday,Set1,Draw3,5,col5,Midday|Set1|Draw3|col5,E,combined,1,1,1,3,5,2,940166,6,5,False,4,12,13,10
NewJersey4,LS1,Midday,Set1,Draw3,5,col5,Midday|Set1|Draw3|col5,E,combined,1,1,1,3,5,3,94066,5,4,False,4,12,13,10
NewJersey4,LS1,Midday,Set1,Draw3,5,col5,Midday|Set1|Draw3|col5,E,combined,1,1,1,3,5,4,966,3,2,True,4,12,13,10
NewJersey4,LS1,Midday,Set1,Draw3,5,col5,Midday|Set1|Draw3|col5,E,combined,1,1,1,3,5,5,66,2,1,True,4,12,13,10
NewJersey4,LS1,Midday,Set1,Draw3,5,col5,Midday|Set1|Draw3|col5,E,combined,1,1,1,3,5,6,66,2,1,True,4,12,13,10
NewJersey4,LS1,Midday,Set1,Draw3,5,col5,Midday|Set1|Draw3|col5,E,combined,1,1,1,3,5,10,6,1,1,True,4,12,13,10
NewJersey4,LS1,Midday,Set1,Draw3,5,col5,Midday|Set1|Draw3|col5,E,combined,1,1,1,3,5,11,6,1,1,True,4,12,13,10
NewJersey4,LS1,Midday,Set1,Draw3,5,col5,Midday|Set1|Draw3|col5,E,combined,1,1,1,3,5,12,,0,0,False,4,12,13,10
NewJersey4,LS1,Midday,Set1,Draw3,5,col5,Midday|Set1|Draw3|col5,T,own,1,1,1,3,5,0,59924013866,11,9,False,1,2,29,3
NewJersey4,LS1,Midday,Set1,Draw3,5,col5,Midday|Set1|Draw3|col5,T,own,1,1,1,3,5,1,2166,4,3,True,1,2,29,3
NewJersey4,LS1,Midday,Set1,Draw3,5,col5,Midday|Set1|Draw3|col5,T,own,1,1,1,3,5,2,66,2,1,True,1,2,29,3
NewJersey4,LS1,Midday,Set1,Draw3,5,col5,Midday|Set1|Draw3|col5,T,combined,1,1,1,3,5,0,59924013866,11,9,False,1,12,13,6
NewJersey4,LS1,Midday,Set1,Draw3,5,col5,Midday|Set1|Draw3|col5,T,combined,1,1,1,3,5,1,2166,4,3,True,1,12,13,6
NewJersey4,LS1,Midday,Set1,Draw3,5,col5,Midday|Set1|Draw3|col5,T,combined,1,1,1,3,5,2,166,3,2,True,1,12,13,6
NewJersey4,LS1,Midday,Set1,Draw3,5,col5,Midday|Set1|Draw3|col5,T,combined,1,1,1,3,5,3,66,2,1,True,1,12,13,6
NewJersey4,LS1,Midday,Set1,Draw3,5,col5,Midday|Set1|Draw3|col5,T,combined,1,1,1,3,5,4,66,2,1,True,1,12,13,6
NewJersey4,LS1,Midday,Set1,Draw3,5,col5,Midday|Set1|Draw3|col5,T,combined,1,1,1,3,5,12,,0,0,False,1,12,13,6
NewJersey4,LS1,Midday,Set1,Draw3,4,col4,Midday|Set1|Draw3|col4,A,own,1,1,1,3,4,0,59921866,8,6,False,1,2,29,3
NewJersey4,LS1,Midday,Set1,Draw3,4,col4,Midday|Set1|Draw3|col4,A,own,1,1,1,3,4,1,2166,4,3,True,1,2,29,3
NewJersey4,LS1,Midday,Set1,Draw3,4,col4,Midday|Set1|Draw3|col4,A,own,1,1,1,3,4,2,66,2,1,True,1,2,29,3
NewJersey4,LS1,Midday,Set1,Draw3,4,col4,Midday|Set1|Draw3|col4,A,combined,1,1,1,3,4,0,59921866,8,6,False,1,12,13,6
NewJersey4,LS1,Midday,Set1,Draw3,4,col4,Midday|Set1|Draw3|col4,A,combined,1,1,1,3,4,1,2166,4,3,True,1,12,13,6
NewJersey4,LS1,Midday,Set1,Draw3,4,col4,Midday|Set1|Draw3|col4,A,combined,1,1,1,3,4,2,2166,4,3,True,1,12,13,6
NewJersey4,LS1,Midday,Set1,Draw3,4,col4,Midday|Set1|Draw3|col4,A,combined,1,1,1,3,4,3,66,2,1,True,1,12,13,6
NewJersey4,LS1,Midday,Set1,Draw3,4,col4,Midday|Set1|Draw3|col4,A,combined,1,1,1,3,4,4,66,2,1,True,1,12,13,6
NewJersey4,LS1,Midday,Set1,Draw3,4,col4,Midday|Set1|Draw3|col4,A,combined,1,1,1,3,4,12,,0,0,False,1,12,13,6
NewJersey4,LS1,Midday,Set1,Draw3,4,col4,Midday|Set1|Draw3|col4,B,own,1,1,1,3,4,0,59921866,8,6,False,1,7,8,5
NewJersey4,LS1,Midday,Set1,Draw3,4,col4,Midday|Set1|Draw3|col4,B,own,1,1,1,3,4,1,2166,4,3,True,1,7,8,5
NewJersey4,LS1,Midday,Set1,Draw3,4,col4,Midday|Set1|Draw3|col4,B,own,1,1,1,3,4,2,66,2,1,True,1,7,8,5
NewJersey4,LS1,Midday,Set1,Draw3,4,col4,Midday|Set1|Draw3|col4,B,own,1,1,1,3,4,3,66,2,1,True,1,7,8,5
NewJersey4,LS1,Midday,Set1,Draw3,4,col4,Midday|Set1|Draw3|col4,B,own,1,1,1,3,4,7,,0,0,False,1,7,8,5
NewJersey4,LS1,Midday,Set1,Draw3,4,col4,Midday|Set1|Draw3|col4,B,combined,1,1,1,3,4,0,59921866,8,6,False,1,10,11,6
NewJersey4,LS1,Midday,Set1,Draw3,4,col4,Midday|Set1|Draw3|col4,B,combined,1,1,1,3,4,1,2166,4,3,True,1,10,11,6
NewJersey4,LS1,Midday,Set1,Draw3,4,col4,Midday|Set1|Draw3|col4,B,combined,1,1,1,3,4,2,166,3,2,True,1,10,11,6
NewJersey4,LS1,Midday,Set1,Draw3,4,col4,Midday|Set1|Draw3|col4,B,combined,1,1,1,3,4,3,66,2,1,True,1,10,11,6
NewJersey4,LS1,Midday,Set1,Draw3,4,col4,Midday|Set1|Draw3|col4,B,combined,1,1,1,3,4,4,66,2,1,True,1,10,11,6
NewJersey4,LS1,Midday,Set1,Draw3,4,col4,Midday|Set1|Draw3|col4,B,combined,1,1,1,3,4,10,,0,0,False,1,10,11,6
NewJersey4,LS1,Midday,Set1,Draw3,4,col4,Midday|Set1|Draw3|col4,C,own,1,1,1,3,4,0,59921866,8,6,False,1,2,3,3
NewJersey4,LS1,Midday,Set1,Draw3,4,col4,Midday|Set1|Draw3|col4,C,own,1,1,1,3,4,1,2166,4,3,True,1,2,3,3
NewJersey4,LS1,Midday,Set1,Draw3,4,col4,Midday|Set1|Draw3|col4,C,own,1,1,1,3,4,2,,0,0,False,1,2,3,3
NewJersey4,LS1,Midday,Set1,Draw3,4,col4,Midday|Set1|Draw3|col4,C,combined,1,1,1,3,4,0,59921866,8,6,False,1,3,4,4
NewJersey4,LS1,Midday,Set1,Draw3,4,col4,Midday|Set1|Draw3|col4,C,combined,1,1,1,3,4,1,2166,4,3,True,1,3,4,4
NewJersey4,LS1,Midday,Set1,Draw3,4,col4,Midday|Set1|Draw3|col4,C,combined,1,1,1,3,4,2,166,3,2,True,1,3,4,4
NewJersey4,LS1,Midday,Set1,Draw3,4,col4,Midday|Set1|Draw3|col4,C,combined,1,1,1,3,4,3,,0,0,False,1,3,4,4
NewJersey4,LS1,Midday,Set1,Draw3,4,col4,Midday|Set1|Draw3|col4,D,own,1,1,1,3,4,0,59921866,8,6,False,1,7,8,5
NewJersey4,LS1,Midday,Set1,Draw3,4,col4,Midday|Set1|Draw3|col4,D,own,1,1,1,3,4,1,2166,4,3,True,1,7,8,5
NewJersey4,LS1,Midday,Set1,Draw3,4,col4,Midday|Set1|Draw3|col4,D,own,1,1,1,3,4,2,6,1,1,True,1,7,8,5
NewJersey4,LS1,Midday,Set1,Draw3,4,col4,Midday|Set1|Draw3|col4,D,own,1,1,1,3,4,3,6,1,1,True,1,7,8,5
NewJersey4,LS1,Midday,Set1,Draw3,4,col4,Midday|Set1|Draw3|col4,D,own,1,1,1,3,4,7,,0,0,False,1,7,8,5
NewJersey4,LS1,Midday,Set1,Draw3,4,col4,Midday|Set1|Draw3|col4,D,combined,1,1,1,3,4,0,59921866,8,6,False,1,10,11,6
NewJersey4,LS1,Midday,Set1,Draw3,4,col4,Midday|Set1|Draw3|col4,D,combined,1,1,1,3,4,1,2166,4,3,True,1,10,11,6
NewJersey4,LS1,Midday,Set1,Draw3,4,col4,Midday|Set1|Draw3|col4,D,combined,1,1,1,3,4,2,166,3,2,True,1,10,11,6
NewJersey4,LS1,Midday,Set1,Draw3,4,col4,Midday|Set1|Draw3|col4,D,combined,1,1,1,3,4,3,6,1,1,True,1,10,11,6
NewJersey4,LS1,Midday,Set1,Draw3,4,col4,Midday|Set1|Draw3|col4,D,combined,1,1,1,3,4,4,6,1,1,True,1,10,11,6
NewJersey4,LS1,Midday,Set1,Draw3,4,col4,Midday|Set1|Draw3|col4,D,combined,1,1,1,3,4,10,,0,0,False,1,10,11,6
NewJersey4,LS1,Midday,Set1,Draw3,4,col4,Midday|Set1|Draw3|col4,E,own,1,1,1,3,4,0,59921866,8,6,False,2,9,10,8
NewJersey4,LS1,Midday,Set1,Draw3,4,col4,Midday|Set1|Draw3|col4,E,own,1,1,1,3,4,1,92166,5,4,False,2,9,10,8
NewJersey4,LS1,Midday,Set1,Draw3,4,col4,Midday|Set1|Draw3|col4,E,own,1,1,1,3,4,2,966,3,2,True,2,9,10,8
NewJersey4,LS1,Midday,Set1,Draw3,4,col4,Midday|Set1|Draw3|col4,E,own,1,1,1,3,4,3,66,2,1,True,2,9,10,8
NewJersey4,LS1,Midday,Set1,Draw3,4,col4,Midday|Set1|Draw3|col4,E,own,1,1,1,3,4,4,66,2,1,True,2,9,10,8
NewJersey4,LS1,Midday,Set1,Draw3,4,col4,Midday|Set1|Draw3|col4,E,own,1,1,1,3,4,7,6,1,1,True,2,9,10,8
NewJersey4,LS1,Midday,Set1,Draw3,4,col4,Midday|Set1|Draw3|col4,E,own,1,1,1,3,4,8,6,1,1,True,2,9,10,8
NewJersey4,LS1,Midday,Set1,Draw3,4,col4,Midday|Set1|Draw3|col4,E,own,1,1,1,3,4,9,,0,0,False,2,9,10,8
NewJersey4,LS1,Midday,Set1,Draw3,4,col4,Midday|Set1|Draw3|col4,E,combined,1,1,1,3,4,0,59921866,8,6,False,2,12,13,9
NewJersey4,LS1,Midday,Set1,Draw3,4,col4,Midday|Set1|Draw3|col4,E,combined,1,1,1,3,4,1,92166,5,4,False,2,12,13,9
NewJersey4,LS1,Midday,Set1,Draw3,4,col4,Midday|Set1|Draw3|col4,E,combined,1,1,1,3,4,2,9166,4,3,True,2,12,13,9
NewJersey4,LS1,Midday,Set1,Draw3,4,col4,Midday|Set1|Draw3|col4,E,combined,1,1,1,3,4,3,966,3,2,True,2,12,13,9
NewJersey4,LS1,Midday,Set1,Draw3,4,col4,Midday|Set1|Draw3|col4,E,combined,1,1,1,3,4,4,66,2,1,True,2,12,13,9
NewJersey4,LS1,Midday,Set1,Draw3,4,col4,Midday|Set1|Draw3|col4,E,combined,1,1,1,3,4,5,66,2,1,True,2,12,13,9
NewJersey4,LS1,Midday,Set1,Draw3,4,col4,Midday|Set1|Draw3|col4,E,combined,1,1,1,3,4,10,6,1,1,True,2,12,13,9
NewJersey4,LS1,Midday,Set1,Draw3,4,col4,Midday|Set1|Draw3|col4,E,combined,1,1,1,3,4,11,6,1,1,True,2,12,13,9
NewJersey4,LS1,Midday,Set1,Draw3,4,col4,Midday|Set1|Draw3|col4,E,combined,1,1,1,3,4,12,,0,0,False,2,12,13,9
NewJersey4,LS1,Midday,Set1,Draw3,4,col4,Midday|Set1|Draw3|col4,T,own,1,1,1,3,4,0,59921866,8,6,False,1,2,29,3
NewJersey4,LS1,Midday,Set1,Draw3,4,col4,Midday|Set1|Draw3|col4,T,own,1,1,1,3,4,1,2166,4,3,True,1,2,29,3
NewJersey4,LS1,Midday,Set1,Draw3,4,col4,Midday|Set1|Draw3|col4,T,own,1,1,1,3,4,2,66,2,1,True,1,2,29,3
NewJersey4,LS1,Midday,Set1,Draw3,4,col4,Midday|Set1|Draw3|col4,T,combined,1,1,1,3,4,0,59921866,8,6,False,1,12,13,6
NewJersey4,LS1,Midday,Set1,Draw3,4,col4,Midday|Set1|Draw3|col4,T,combined,1,1,1,3,4,1,2166,4,3,True,1,12,13,6
NewJersey4,LS1,Midday,Set1,Draw3,4,col4,Midday|Set1|Draw3|col4,T,combined,1,1,1,3,4,2,166,3,2,True,1,12,13,6
NewJersey4,LS1,Midday,Set1,Draw3,4,col4,Midday|Set1|Draw3|col4,T,combined,1,1,1,3,4,3,66,2,1,True,1,12,13,6
NewJersey4,LS1,Midday,Set1,Draw3,4,col4,Midday|Set1|Draw3|col4,T,combined,1,1,1,3,4,4,66,2,1,True,1,12,13,6
NewJersey4,LS1,Midday,Set1,Draw3,4,col4,Midday|Set1|Draw3|col4,T,combined,1,1,1,3,4,12,,0,0,False,1,12,13,6
NewJersey4,LS1,Midday,Set1,Draw3,3,col3,Midday|Set1|Draw3|col3,A,own,1,1,1,3,3,0,521866*,7,6,False,2,2,29,3
NewJersey4,LS1,Midday,Set1,Draw3,3,col3,Midday|Set1|Draw3|col3,A,own,1,1,1,3,3,1,2166*,5,4,False,2,2,29,3
NewJersey4,LS1,Midday,Set1,Draw3,3,col3,Midday|Set1|Draw3|col3,A,own,1,1,1,3,3,2,66*,3,2,True,2,2,29,3
NewJersey4,LS1,Midday,Set1,Draw3,3,col3,Midday|Set1|Draw3|col3,A,combined,1,1,1,3,3,0,521866*,7,6,False,3,12,57,6
NewJersey4,LS1,Midday,Set1,Draw3,3,col3,Midday|Set1|Draw3|col3,A,combined,1,1,1,3,3,1,2166*,5,4,False,3,12,57,6
NewJersey4,LS1,Midday,Set1,Draw3,3,col3,Midday|Set1|Draw3|col3,A,combined,1,1,1,3,3,2,2166*,5,4,False,3,12,57,6
NewJersey4,LS1,Midday,Set1,Draw3,3,col3,Midday|Set1|Draw3|col3,A,combined,1,1,1,3,3,3,66*,3,2,True,3,12,57,6
NewJersey4,LS1,Midday,Set1,Draw3,3,col3,Midday|Set1|Draw3|col3,A,combined,1,1,1,3,3,4,66*,3,2,True,3,12,57,6
NewJersey4,LS1,Midday,Set1,Draw3,3,col3,Midday|Set1|Draw3|col3,A,combined,1,1,1,3,3,12,*,1,1,True,3,12,57,6
NewJersey4,LS1,Midday,Set1,Draw3,3,col3,Midday|Set1|Draw3|col3,B,own,1,1,1,3,3,0,521866*,7,6,False,2,7,29,5
NewJersey4,LS1,Midday,Set1,Draw3,3,col3,Midday|Set1|Draw3|col3,B,own,1,1,1,3,3,1,2166*,5,4,False,2,7,29,5
NewJersey4,LS1,Midday,Set1,Draw3,3,col3,Midday|Set1|Draw3|col3,B,own,1,1,1,3,3,2,66*,3,2,True,2,7,29,5
NewJersey4,LS1,Midday,Set1,Draw3,3,col3,Midday|Set1|Draw3|col3,B,own,1,1,1,3,3,3,66*,3,2,True,2,7,29,5
NewJersey4,LS1,Midday,Set1,Draw3,3,col3,Midday|Set1|Draw3|col3,B,own,1,1,1,3,3,7,*,1,1,True,2,7,29,5
NewJersey4,LS1,Midday,Set1,Draw3,3,col3,Midday|Set1|Draw3|col3,B,combined,1,1,1,3,3,0,521866*,7,6,False,2,10,57,6
NewJersey4,LS1,Midday,Set1,Draw3,3,col3,Midday|Set1|Draw3|col3,B,combined,1,1,1,3,3,1,2166*,5,4,False,2,10,57,6
NewJersey4,LS1,Midday,Set1,Draw3,3,col3,Midday|Set1|Draw3|col3,B,combined,1,1,1,3,3,2,166*,4,3,True,2,10,57,6
NewJersey4,LS1,Midday,Set1,Draw3,3,col3,Midday|Set1|Draw3|col3,B,combined,1,1,1,3,3,3,66*,3,2,True,2,10,57,6
NewJersey4,LS1,Midday,Set1,Draw3,3,col3,Midday|Set1|Draw3|col3,B,combined,1,1,1,3,3,4,66*,3,2,True,2,10,57,6
NewJersey4,LS1,Midday,Set1,Draw3,3,col3,Midday|Set1|Draw3|col3,B,combined,1,1,1,3,3,10,*,1,1,True,2,10,57,6
NewJersey4,LS1,Midday,Set1,Draw3,3,col3,Midday|Set1|Draw3|col3,C,own,1,1,1,3,3,0,521866*,7,6,False,2,2,29,3
NewJersey4,LS1,Midday,Set1,Draw3,3,col3,Midday|Set1|Draw3|col3,C,own,1,1,1,3,3,1,2166*,5,4,False,2,2,29,3
NewJersey4,LS1,Midday,Set1,Draw3,3,col3,Midday|Set1|Draw3|col3,C,own,1,1,1,3,3,2,*,1,1,True,2,2,29,3
NewJersey4,LS1,Midday,Set1,Draw3,3,col3,Midday|Set1|Draw3|col3,C,combined,1,1,1,3,3,0,521866*,7,6,False,2,3,57,4
NewJersey4,LS1,Midday,Set1,Draw3,3,col3,Midday|Set1|Draw3|col3,C,combined,1,1,1,3,3,1,2166*,5,4,False,2,3,57,4
NewJersey4,LS1,Midday,Set1,Draw3,3,col3,Midday|Set1|Draw3|col3,C,combined,1,1,1,3,3,2,166*,4,3,True,2,3,57,4
NewJersey4,LS1,Midday,Set1,Draw3,3,col3,Midday|Set1|Draw3|col3,C,combined,1,1,1,3,3,3,*,1,1,True,2,3,57,4
NewJersey4,LS1,Midday,Set1,Draw3,3,col3,Midday|Set1|Draw3|col3,D,own,1,1,1,3,3,0,521866*,7,6,False,2,7,29,5
NewJersey4,LS1,Midday,Set1,Draw3,3,col3,Midday|Set1|Draw3|col3,D,own,1,1,1,3,3,1,2166*,5,4,False,2,7,29,5
NewJersey4,LS1,Midday,Set1,Draw3,3,col3,Midday|Set1|Draw3|col3,D,own,1,1,1,3,3,2,6*,2,2,True,2,7,29,5
NewJersey4,LS1,Midday,Set1,Draw3,3,col3,Midday|Set1|Draw3|col3,D,own,1,1,1,3,3,3,6*,2,2,True,2,7,29,5
NewJersey4,LS1,Midday,Set1,Draw3,3,col3,Midday|Set1|Draw3|col3,D,own,1,1,1,3,3,7,*,1,1,True,2,7,29,5
NewJersey4,LS1,Midday,Set1,Draw3,3,col3,Midday|Set1|Draw3|col3,D,combined,1,1,1,3,3,0,521866*,7,6,False,2,10,57,6
NewJersey4,LS1,Midday,Set1,Draw3,3,col3,Midday|Set1|Draw3|col3,D,combined,1,1,1,3,3,1,2166*,5,4,False,2,10,57,6
NewJersey4,LS1,Midday,Set1,Draw3,3,col3,Midday|Set1|Draw3|col3,D,combined,1,1,1,3,3,2,166*,4,3,True,2,10,57,6
NewJersey4,LS1,Midday,Set1,Draw3,3,col3,Midday|Set1|Draw3|col3,D,combined,1,1,1,3,3,3,6*,2,2,True,2,10,57,6
NewJersey4,LS1,Midday,Set1,Draw3,3,col3,Midday|Set1|Draw3|col3,D,combined,1,1,1,3,3,4,6*,2,2,True,2,10,57,6
NewJersey4,LS1,Midday,Set1,Draw3,3,col3,Midday|Set1|Draw3|col3,D,combined,1,1,1,3,3,10,*,1,1,True,2,10,57,6
NewJersey4,LS1,Midday,Set1,Draw3,3,col3,Midday|Set1|Draw3|col3,E,own,1,1,1,3,3,0,521866*,7,6,False,2,9,29,7
NewJersey4,LS1,Midday,Set1,Draw3,3,col3,Midday|Set1|Draw3|col3,E,own,1,1,1,3,3,1,2166*,5,4,False,2,9,29,7
NewJersey4,LS1,Midday,Set1,Draw3,3,col3,Midday|Set1|Draw3|col3,E,own,1,1,1,3,3,2,66*,3,2,True,2,9,29,7
NewJersey4,LS1,Midday,Set1,Draw3,3,col3,Midday|Set1|Draw3|col3,E,own,1,1,1,3,3,3,66*,3,2,True,2,9,29,7
NewJersey4,LS1,Midday,Set1,Draw3,3,col3,Midday|Set1|Draw3|col3,E,own,1,1,1,3,3,7,6*,2,2,True,2,9,29,7
NewJersey4,LS1,Midday,Set1,Draw3,3,col3,Midday|Set1|Draw3|col3,E,own,1,1,1,3,3,8,6*,2,2,True,2,9,29,7
NewJersey4,LS1,Midday,Set1,Draw3,3,col3,Midday|Set1|Draw3|col3,E,own,1,1,1,3,3,9,*,1,1,True,2,9,29,7
NewJersey4,LS1,Midday,Set1,Draw3,3,col3,Midday|Set1|Draw3|col3,E,combined,1,1,1,3,3,0,521866*,7,6,False,2,12,57,8
NewJersey4,LS1,Midday,Set1,Draw3,3,col3,Midday|Set1|Draw3|col3,E,combined,1,1,1,3,3,1,2166*,5,4,False,2,12,57,8
NewJersey4,LS1,Midday,Set1,Draw3,3,col3,Midday|Set1|Draw3|col3,E,combined,1,1,1,3,3,2,166*,4,3,True,2,12,57,8
NewJersey4,LS1,Midday,Set1,Draw3,3,col3,Midday|Set1|Draw3|col3,E,combined,1,1,1,3,3,3,66*,3,2,True,2,12,57,8
NewJersey4,LS1,Midday,Set1,Draw3,3,col3,Midday|Set1|Draw3|col3,E,combined,1,1,1,3,3,4,66*,3,2,True,2,12,57,8
NewJersey4,LS1,Midday,Set1,Draw3,3,col3,Midday|Set1|Draw3|col3,E,combined,1,1,1,3,3,10,6*,2,2,True,2,12,57,8
NewJersey4,LS1,Midday,Set1,Draw3,3,col3,Midday|Set1|Draw3|col3,E,combined,1,1,1,3,3,11,6*,2,2,True,2,12,57,8
NewJersey4,LS1,Midday,Set1,Draw3,3,col3,Midday|Set1|Draw3|col3,E,combined,1,1,1,3,3,12,*,1,1,True,2,12,57,8
NewJersey4,LS1,Midday,Set1,Draw3,3,col3,Midday|Set1|Draw3|col3,T,own,1,1,1,3,3,0,521866*,7,6,False,2,2,29,3
NewJersey4,LS1,Midday,Set1,Draw3,3,col3,Midday|Set1|Draw3|col3,T,own,1,1,1,3,3,1,2166*,5,4,False,2,2,29,3
NewJersey4,LS1,Midday,Set1,Draw3,3,col3,Midday|Set1|Draw3|col3,T,own,1,1,1,3,3,2,66*,3,2,True,2,2,29,3
NewJersey4,LS1,Midday,Set1,Draw3,3,col3,Midday|Set1|Draw3|col3,T,combined,1,1,1,3,3,0,521866*,7,6,False,2,12,57,6
NewJersey4,LS1,Midday,Set1,Draw3,3,col3,Midday|Set1|Draw3|col3,T,combined,1,1,1,3,3,1,2166*,5,4,False,2,12,57,6
NewJersey4,LS1,Midday,Set1,Draw3,3,col3,Midday|Set1|Draw3|col3,T,combined,1,1,1,3,3,2,166*,4,3,True,2,12,57,6
NewJersey4,LS1,Midday,Set1,Draw3,3,col3,Midday|Set1|Draw3|col3,T,combined,1,1,1,3,3,3,66*,3,2,True,2,12,57,6
NewJersey4,LS1,Midday,Set1,Draw3,3,col3,Midday|Set1|Draw3|col3,T,combined,1,1,1,3,3,4,66*,3,2,True,2,12,57,6
NewJersey4,LS1,Midday,Set1,Draw3,3,col3,Midday|Set1|Draw3|col3,T,combined,1,1,1,3,3,12,*,1,1,True,2,12,57,6
NewJersey4,LS1,Midday,Set1,Draw3,2,col2,Midday|Set1|Draw3|col2,A,own,1,1,1,3,2,0,566**,5,3,True,0,1,29,2
NewJersey4,LS1,Midday,Set1,Draw3,2,col2,Midday|Set1|Draw3|col2,A,own,1,1,1,3,2,1,66**,4,2,True,0,1,29,2
NewJersey4,LS1,Midday,Set1,Draw3,2,col2,Midday|Set1|Draw3|col2,A,combined,1,1,1,3,2,0,566**,5,3,True,0,12,57,4
NewJersey4,LS1,Midday,Set1,Draw3,2,col2,Midday|Set1|Draw3|col2,A,combined,1,1,1,3,2,1,66**,4,2,True,0,12,57,4
NewJersey4,LS1,Midday,Set1,Draw3,2,col2,Midday|Set1|Draw3|col2,A,combined,1,1,1,3,2,2,66**,4,2,True,0,12,57,4
NewJersey4,LS1,Midday,Set1,Draw3,2,col2,Midday|Set1|Draw3|col2,A,combined,1,1,1,3,2,12,**,2,1,True,0,12,57,4
NewJersey4,LS1,Midday,Set1,Draw3,2,col2,Midday|Set1|Draw3|col2,B,own,1,1,1,3,2,0,566**,5,3,True,0,2,29,3
NewJersey4,LS1,Midday,Set1,Draw3,2,col2,Midday|Set1|Draw3|col2,B,own,1,1,1,3,2,1,66**,4,2,True,0,2,29,3
NewJersey4,LS1,Midday,Set1,Draw3,2,col2,Midday|Set1|Draw3|col2,B,own,1,1,1,3,2,2,**,2,1,True,0,2,29,3
NewJersey4,LS1,Midday,Set1,Draw3,2,col2,Midday|Set1|Draw3|col2,B,combined,1,1,1,3,2,0,566**,5,3,True,0,3,57,4
NewJersey4,LS1,Midday,Set1,Draw3,2,col2,Midday|Set1|Draw3|col2,B,combined,1,1,1,3,2,1,66**,4,2,True,0,3,57,4
NewJersey4,LS1,Midday,Set1,Draw3,2,col2,Midday|Set1|Draw3|col2,B,combined,1,1,1,3,2,2,66**,4,2,True,0,3,57,4
NewJersey4,LS1,Midday,Set1,Draw3,2,col2,Midday|Set1|Draw3|col2,B,combined,1,1,1,3,2,3,**,2,1,True,0,3,57,4
NewJersey4,LS1,Midday,Set1,Draw3,2,col2,Midday|Set1|Draw3|col2,C,own,1,1,1,3,2,0,566**,5,3,True,0,2,29,3
NewJersey4,LS1,Midday,Set1,Draw3,2,col2,Midday|Set1|Draw3|col2,C,own,1,1,1,3,2,1,66**,4,2,True,0,2,29,3
NewJersey4,LS1,Midday,Set1,Draw3,2,col2,Midday|Set1|Draw3|col2,C,own,1,1,1,3,2,2,**,2,1,True,0,2,29,3
NewJersey4,LS1,Midday,Set1,Draw3,2,col2,Midday|Set1|Draw3|col2,C,combined,1,1,1,3,2,0,566**,5,3,True,0,3,57,4
NewJersey4,LS1,Midday,Set1,Draw3,2,col2,Midday|Set1|Draw3|col2,C,combined,1,1,1,3,2,1,66**,4,2,True,0,3,57,4
NewJersey4,LS1,Midday,Set1,Draw3,2,col2,Midday|Set1|Draw3|col2,C,combined,1,1,1,3,2,2,66**,4,2,True,0,3,57,4
NewJersey4,LS1,Midday,Set1,Draw3,2,col2,Midday|Set1|Draw3|col2,C,combined,1,1,1,3,2,3,**,2,1,True,0,3,57,4
NewJersey4,LS1,Midday,Set1,Draw3,2,col2,Midday|Set1|Draw3|col2,D,own,1,1,1,3,2,0,566**,5,3,True,0,7,29,5
NewJersey4,LS1,Midday,Set1,Draw3,2,col2,Midday|Set1|Draw3|col2,D,own,1,1,1,3,2,1,66**,4,2,True,0,7,29,5
NewJersey4,LS1,Midday,Set1,Draw3,2,col2,Midday|Set1|Draw3|col2,D,own,1,1,1,3,2,2,6**,3,2,True,0,7,29,5
NewJersey4,LS1,Midday,Set1,Draw3,2,col2,Midday|Set1|Draw3|col2,D,own,1,1,1,3,2,3,6**,3,2,True,0,7,29,5
NewJersey4,LS1,Midday,Set1,Draw3,2,col2,Midday|Set1|Draw3|col2,D,own,1,1,1,3,2,7,**,2,1,True,0,7,29,5
NewJersey4,LS1,Midday,Set1,Draw3,2,col2,Midday|Set1|Draw3|col2,D,combined,1,1,1,3,2,0,566**,5,3,True,0,10,57,6
NewJersey4,LS1,Midday,Set1,Draw3,2,col2,Midday|Set1|Draw3|col2,D,combined,1,1,1,3,2,1,66**,4,2,True,0,10,57,6
NewJersey4,LS1,Midday,Set1,Draw3,2,col2,Midday|Set1|Draw3|col2,D,combined,1,1,1,3,2,2,66**,4,2,True,0,10,57,6
NewJersey4,LS1,Midday,Set1,Draw3,2,col2,Midday|Set1|Draw3|col2,D,combined,1,1,1,3,2,3,6**,3,2,True,0,10,57,6
NewJersey4,LS1,Midday,Set1,Draw3,2,col2,Midday|Set1|Draw3|col2,D,combined,1,1,1,3,2,4,6**,3,2,True,0,10,57,6
NewJersey4,LS1,Midday,Set1,Draw3,2,col2,Midday|Set1|Draw3|col2,D,combined,1,1,1,3,2,10,**,2,1,True,0,10,57,6
NewJersey4,LS1,Midday,Set1,Draw3,2,col2,Midday|Set1|Draw3|col2,E,own,1,1,1,3,2,0,566**,5,3,True,0,7,29,5
NewJersey4,LS1,Midday,Set1,Draw3,2,col2,Midday|Set1|Draw3|col2,E,own,1,1,1,3,2,1,66**,4,2,True,0,7,29,5
NewJersey4,LS1,Midday,Set1,Draw3,2,col2,Midday|Set1|Draw3|col2,E,own,1,1,1,3,2,2,6**,3,2,True,0,7,29,5
NewJersey4,LS1,Midday,Set1,Draw3,2,col2,Midday|Set1|Draw3|col2,E,own,1,1,1,3,2,3,6**,3,2,True,0,7,29,5
NewJersey4,LS1,Midday,Set1,Draw3,2,col2,Midday|Set1|Draw3|col2,E,own,1,1,1,3,2,7,**,2,1,True,0,7,29,5
NewJersey4,LS1,Midday,Set1,Draw3,2,col2,Midday|Set1|Draw3|col2,E,combined,1,1,1,3,2,0,566**,5,3,True,0,10,57,6
NewJersey4,LS1,Midday,Set1,Draw3,2,col2,Midday|Set1|Draw3|col2,E,combined,1,1,1,3,2,1,66**,4,2,True,0,10,57,6
NewJersey4,LS1,Midday,Set1,Draw3,2,col2,Midday|Set1|Draw3|col2,E,combined,1,1,1,3,2,2,66**,4,2,True,0,10,57,6
NewJersey4,LS1,Midday,Set1,Draw3,2,col2,Midday|Set1|Draw3|col2,E,combined,1,1,1,3,2,3,6**,3,2,True,0,10,57,6
NewJersey4,LS1,Midday,Set1,Draw3,2,col2,Midday|Set1|Draw3|col2,E,combined,1,1,1,3,2,4,6**,3,2,True,0,10,57,6
NewJersey4,LS1,Midday,Set1,Draw3,2,col2,Midday|Set1|Draw3|col2,E,combined,1,1,1,3,2,10,**,2,1,True,0,10,57,6
NewJersey4,LS1,Midday,Set1,Draw3,2,col2,Midday|Set1|Draw3|col2,T,own,1,1,1,3,2,0,566**,5,3,True,0,2,29,3
NewJersey4,LS1,Midday,Set1,Draw3,2,col2,Midday|Set1|Draw3|col2,T,own,1,1,1,3,2,1,66**,4,2,True,0,2,29,3
NewJersey4,LS1,Midday,Set1,Draw3,2,col2,Midday|Set1|Draw3|col2,T,own,1,1,1,3,2,2,**,2,1,True,0,2,29,3
NewJersey4,LS1,Midday,Set1,Draw3,2,col2,Midday|Set1|Draw3|col2,T,combined,1,1,1,3,2,0,566**,5,3,True,0,3,57,4
NewJersey4,LS1,Midday,Set1,Draw3,2,col2,Midday|Set1|Draw3|col2,T,combined,1,1,1,3,2,1,66**,4,2,True,0,3,57,4
NewJersey4,LS1,Midday,Set1,Draw3,2,col2,Midday|Set1|Draw3|col2,T,combined,1,1,1,3,2,2,66**,4,2,True,0,3,57,4
NewJersey4,LS1,Midday,Set1,Draw3,2,col2,Midday|Set1|Draw3|col2,T,combined,1,1,1,3,2,3,**,2,1,True,0,3,57,4
NewJersey4,LS1,Midday,Set1,Draw4,4,col4,Midday|Set1|Draw4|col4,A,own,1,1,1,4,4,0,59920118667,11,8,False,2,6,29,7
NewJersey4,LS1,Midday,Set1,Draw4,4,col4,Midday|Set1|Draw4|col4,A,own,1,1,1,4,4,1,2011667,7,5,False,2,6,29,7
NewJersey4,LS1,Midday,Set1,Draw4,4,col4,Midday|Set1|Draw4|col4,A,own,1,1,1,4,4,2,0667,4,3,True,2,6,29,7
NewJersey4,LS1,Midday,Set1,Draw4,4,col4,Midday|Set1|Draw4|col4,A,own,1,1,1,4,4,3,0667,4,3,True,2,6,29,7
NewJersey4,LS1,Midday,Set1,Draw4,4,col4,Midday|Set1|Draw4|col4,A,own,1,1,1,4,4,4,667,3,2,True,2,6,29,7
NewJersey4,LS1,Midday,Set1,Draw4,4,col4,Midday|Set1|Draw4|col4,A,own,1,1,1,4,4,5,667,3,2,True,2,6,29,7
NewJersey4,LS1,Midday,Set1,Draw4,4,col4,Midday|Set1|Draw4|col4,A,own,1,1,1,4,4,6,66,2,1,True,2,6,29,7
NewJersey4,LS1,Midday,Set1,Draw4,4,col4,Midday|Set1|Draw4|col4,A,combined,1,1,1,4,4,0,59920118667,11,8,False,3,12,13,8
NewJersey4,LS1,Midday,Set1,Draw4,4,col4,Midday|Set1|Draw4|col4,A,combined,1,1,1,4,4,1,2011667,7,5,False,3,12,13,8
NewJersey4,LS1,Midday,Set1,Draw4,4,col4,Midday|Set1|Draw4|col4,A,combined,1,1,1,4,4,2,201166,6,4,False,3,12,13,8
NewJersey4,LS1,Midday,Set1,Draw4,4,col4,Midday|Set1|Draw4|col4,A,combined,1,1,1,4,4,3,066,3,2,True,3,12,13,8
NewJersey4,LS1,Midday,Set1,Draw4,4,col4,Midday|Set1|Draw4|col4,A,combined,1,1,1,4,4,4,066,3,2,True,3,12,13,8
NewJersey4,LS1,Midday,Set1,Draw4,4,col4,Midday|Set1|Draw4|col4,A,combined,1,1,1,4,4,7,66,2,1,True,3,12,13,8
NewJersey4,LS1,Midday,Set1,Draw4,4,col4,Midday|Set1|Draw4|col4,A,combined,1,1,1,4,4,8,66,2,1,True,3,12,13,8
NewJersey4,LS1,Midday,Set1,Draw4,4,col4,Midday|Set1|Draw4|col4,A,combined,1,1,1,4,4,12,,0,0,False,3,12,13,8
NewJersey4,LS1,Midday,Set1,Draw4,4,col4,Midday|Set1|Draw4|col4,B,own,1,1,1,4,4,0,59920118667,11,8,False,2,7,8,8
NewJersey4,LS1,Midday,Set1,Draw4,4,col4,Midday|Set1|Draw4|col4,B,own,1,1,1,4,4,1,2011667,7,5,False,2,7,8,8
NewJersey4,LS1,Midday,Set1,Draw4,4,col4,Midday|Set1|Draw4|col4,B,own,1,1,1,4,4,2,0667,4,3,True,2,7,8,8
NewJersey4,LS1,Midday,Set1,Draw4,4,col4,Midday|Set1|Draw4|col4,B,own,1,1,1,4,4,3,0667,4,3,True,2,7,8,8
NewJersey4,LS1,Midday,Set1,Draw4,4,col4,Midday|Set1|Draw4|col4,B,own,1,1,1,4,4,4,667,3,2,True,2,7,8,8
NewJersey4,LS1,Midday,Set1,Draw4,4,col4,Midday|Set1|Draw4|col4,B,own,1,1,1,4,4,5,66,2,1,True,2,7,8,8
NewJersey4,LS1,Midday,Set1,Draw4,4,col4,Midday|Set1|Draw4|col4,B,own,1,1,1,4,4,6,66,2,1,True,2,7,8,8
NewJersey4,LS1,Midday,Set1,Draw4,4,col4,Midday|Set1|Draw4|col4,B,own,1,1,1,4,4,7,,0,0,False,2,7,8,8
NewJersey4,LS1,Midday,Set1,Draw4,4,col4,Midday|Set1|Draw4|col4,B,combined,1,1,1,4,4,0,59920118667,11,8,False,3,10,11,7
NewJersey4,LS1,Midday,Set1,Draw4,4,col4,Midday|Set1|Draw4|col4,B,combined,1,1,1,4,4,1,2011667,7,5,False,3,10,11,7
NewJersey4,LS1,Midday,Set1,Draw4,4,col4,Midday|Set1|Draw4|col4,B,combined,1,1,1,4,4,2,201166,6,4,False,3,10,11,7
NewJersey4,LS1,Midday,Set1,Draw4,4,col4,Midday|Set1|Draw4|col4,B,combined,1,1,1,4,4,3,066,3,2,True,3,10,11,7
NewJersey4,LS1,Midday,Set1,Draw4,4,col4,Midday|Set1|Draw4|col4,B,combined,1,1,1,4,4,4,66,2,1,True,3,10,11,7
NewJersey4,LS1,Midday,Set1,Draw4,4,col4,Midday|Set1|Draw4|col4,B,combined,1,1,1,4,4,5,66,2,1,True,3,10,11,7
NewJersey4,LS1,Midday,Set1,Draw4,4,col4,Midday|Set1|Draw4|col4,B,combined,1,1,1,4,4,10,,0,0,False,3,10,11,7
NewJersey4,LS1,Midday,Set1,Draw4,4,col4,Midday|Set1|Draw4|col4,C,own,1,1,1,4,4,0,59920118667,11,8,False,-1,2,3,3
NewJersey4,LS1,Midday,Set1,Draw4,4,col4,Midday|Set1|Draw4|col4,C,own,1,1,1,4,4,1,211667,6,4,False,-1,2,3,3
NewJersey4,LS1,Midday,Set1,Draw4,4,col4,Midday|Set1|Draw4|col4,C,own,1,1,1,4,4,2,,0,0,False,-1,2,3,3
NewJersey4,LS1,Midday,Set1,Draw4,4,col4,Midday|Set1|Draw4|col4,C,combined,1,1,1,4,4,0,59920118667,11,8,False,2,3,4,4
NewJersey4,LS1,Midday,Set1,Draw4,4,col4,Midday|Set1|Draw4|col4,C,combined,1,1,1,4,4,1,211667,6,4,False,2,3,4,4
NewJersey4,LS1,Midday,Set1,Draw4,4,col4,Midday|Set1|Draw4|col4,C,combined,1,1,1,4,4,2,1166,4,2,True,2,3,4,4
NewJersey4,LS1,Midday,Set1,Draw4,4,col4,Midday|Set1|Draw4|col4,C,combined,1,1,1,4,4,3,,0,0,False,2,3,4,4
NewJersey4,LS1,Midday,Set1,Draw4,4,col4,Midday|Set1|Draw4|col4,D,own,1,1,1,4,4,0,59920118667,11,8,False,2,7,8,5
NewJersey4,LS1,Midday,Set1,Draw4,4,col4,Midday|Set1|Draw4|col4,D,own,1,1,1,4,4,1,211667,6,4,False,2,7,8,5
NewJersey4,LS1,Midday,Set1,Draw4,4,col4,Midday|Set1|Draw4|col4,D,own,1,1,1,4,4,2,6,1,1,True,2,7,8,5
NewJersey4,LS1,Midday,Set1,Draw4,4,col4,Midday|Set1|Draw4|col4,D,own,1,1,1,4,4,3,6,1,1,True,2,7,8,5
NewJersey4,LS1,Midday,Set1,Draw4,4,col4,Midday|Set1|Draw4|col4,D,own,1,1,1,4,4,7,,0,0,False,2,7,8,5
NewJersey4,LS1,Midday,Set1,Draw4,4,col4,Midday|Set1|Draw4|col4,D,combined,1,1,1,4,4,0,59920118667,11,8,False,2,10,11,6
NewJersey4,LS1,Midday,Set1,Draw4,4,col4,Midday|Set1|Draw4|col4,D,combined,1,1,1,4,4,1,211667,6,4,False,2,10,11,6
NewJersey4,LS1,Midday,Set1,Draw4,4,col4,Midday|Set1|Draw4|col4,D,combined,1,1,1,4,4,2,1166,4,2,True,2,10,11,6
NewJersey4,LS1,Midday,Set1,Draw4,4,col4,Midday|Set1|Draw4|col4,D,combined,1,1,1,4,4,3,6,1,1,True,2,10,11,6
NewJersey4,LS1,Midday,Set1,Draw4,4,col4,Midday|Set1|Draw4|col4,D,combined,1,1,1,4,4,4,6,1,1,True,2,10,11,6
NewJersey4,LS1,Midday,Set1,Draw4,4,col4,Midday|Set1|Draw4|col4,D,combined,1,1,1,4,4,10,,0,0,False,2,10,11,6
NewJersey4,LS1,Midday,Set1,Draw4,4,col4,Midday|Set1|Draw4|col4,E,own,1,1,1,4,4,0,59920118667,11,8,False,4,15,16,12
NewJersey4,LS1,Midday,Set1,Draw4,4,col4,Midday|Set1|Draw4|col4,E,own,1,1,1,4,4,1,92011667,8,6,False,4,15,16,12
NewJersey4,LS1,Midday,Set1,Draw4,4,col4,Midday|Set1|Draw4|col4,E,own,1,1,1,4,4,2,901667,6,5,False,4,15,16,12
NewJersey4,LS1,Midday,Set1,Draw4,4,col4,Midday|Set1|Draw4|col4,E,own,1,1,1,4,4,3,01667,5,4,False,4,15,16,12
NewJersey4,LS1,Midday,Set1,Draw4,4,col4,Midday|Set1|Draw4|col4,E,own,1,1,1,4,4,4,1667,4,3,True,4,15,16,12
NewJersey4,LS1,Midday,Set1,Draw4,4,col4,Midday|Set1|Draw4|col4,E,own,1,1,1,4,4,5,166,3,2,True,4,15,16,12
NewJersey4,LS1,Midday,Set1,Draw4,4,col4,Midday|Set1|Draw4|col4,E,own,1,1,1,4,4,6,166,3,2,True,4,15,16,12
NewJersey4,LS1,Midday,Set1,Draw4,4,col4,Midday|Set1|Draw4|col4,E,own,1,1,1,4,4,7,66,2,1,True,4,15,16,12
NewJersey4,LS1,Midday,Set1,Draw4,4,col4,Midday|Set1|Draw4|col4,E,own,1,1,1,4,4,8,66,2,1,True,4,15,16,12
NewJersey4,LS1,Midday,Set1,Draw4,4,col4,Midday|Set1|Draw4|col4,E,own,1,1,1,4,4,9,6,1,1,True,4,15,16,12
NewJersey4,LS1,Midday,Set1,Draw4,4,col4,Midday|Set1|Draw4|col4,E,own,1,1,1,4,4,10,6,1,1,True,4,15,16,12
NewJersey4,LS1,Midday,Set1,Draw4,4,col4,Midday|Set1|Draw4|col4,E,own,1,1,1,4,4,15,,0,0,False,4,15,16,12
NewJersey4,LS1,Midday,Set1,Draw4,4,col4,Midday|Set1|Draw4|col4,E,combined,1,1,1,4,4,0,59920118667,11,8,False,4,13,14,10
NewJersey4,LS1,Midday,Set1,Draw4,4,col4,Midday|Set1|Draw4|col4,E,combined,1,1,1,4,4,1,92011667,8,6,False,4,13,14,10
NewJersey4,LS1,Midday,Set1,Draw4,4,col4,Midday|Set1|Draw4|col4,E,combined,1,1,1,4,4,2,9201166,7,5,False,4,13,14,10
NewJersey4,LS1,Midday,Set1,Draw4,4,col4,Midday|Set1|Draw4|col4,E,combined,1,1,1,4,4,3,90166,5,4,False,4,13,14,10
NewJersey4,LS1,Midday,Set1,Draw4,4,col4,Midday|Set1|Draw4|col4,E,combined,1,1,1,4,4,4,166,3,2,True,4,13,14,10
NewJersey4,LS1,Midday,Set1,Draw4,4,col4,Midday|Set1|Draw4|col4,E,combined,1,1,1,4,4,5,166,3,2,True,4,13,14,10
NewJersey4,LS1,Midday,Set1,Draw4,4,col4,Midday|Set1|Draw4|col4,E,combined,1,1,1,4,4,10,66,2,1,True,4,13,14,10
NewJersey4,LS1,Midday,Set1,Draw4,4,col4,Midday|Set1|Draw4|col4,E,combined,1,1,1,4,4,11,66,2,1,True,4,13,14,10
NewJersey4,LS1,Midday,Set1,Draw4,4,col4,Midday|Set1|Draw4|col4,E,combined,1,1,1,4,4,12,6,1,1,True,4,13,14,10
NewJersey4,LS1,Midday,Set1,Draw4,4,col4,Midday|Set1|Draw4|col4,E,combined,1,1,1,4,4,13,,0,0,False,4,13,14,10
NewJersey4,LS1,Midday,Set1,Draw4,4,col4,Midday|Set1|Draw4|col4,T,own,1,1,1,4,4,0,59920118667,11,8,False,2,6,29,5
NewJersey4,LS1,Midday,Set1,Draw4,4,col4,Midday|Set1|Draw4|col4,T,own,1,1,1,4,4,1,211667,6,4,False,2,6,29,5
NewJersey4,LS1,Midday,Set1,Draw4,4,col4,Midday|Set1|Draw4|col4,T,own,1,1,1,4,4,2,667,3,2,True,2,6,29,5
NewJersey4,LS1,Midday,Set1,Draw4,4,col4,Midday|Set1|Draw4|col4,T,own,1,1,1,4,4,3,667,3,2,True,2,6,29,5
NewJersey4,LS1,Midday,Set1,Draw4,4,col4,Midday|Set1|Draw4|col4,T,own,1,1,1,4,4,6,66,2,1,True,2,6,29,5
NewJersey4,LS1,Midday,Set1,Draw4,4,col4,Midday|Set1|Draw4|col4,T,combined,1,1,1,4,4,0,59920118667,11,8,False,2,12,13,6
NewJersey4,LS1,Midday,Set1,Draw4,4,col4,Midday|Set1|Draw4|col4,T,combined,1,1,1,4,4,1,211667,6,4,False,2,12,13,6
NewJersey4,LS1,Midday,Set1,Draw4,4,col4,Midday|Set1|Draw4|col4,T,combined,1,1,1,4,4,2,1166,4,2,True,2,12,13,6
NewJersey4,LS1,Midday,Set1,Draw4,4,col4,Midday|Set1|Draw4|col4,T,combined,1,1,1,4,4,3,66,2,1,True,2,12,13,6
NewJersey4,LS1,Midday,Set1,Draw4,4,col4,Midday|Set1|Draw4|col4,T,combined,1,1,1,4,4,4,66,2,1,True,2,12,13,6
NewJersey4,LS1,Midday,Set1,Draw4,4,col4,Midday|Set1|Draw4|col4,T,combined,1,1,1,4,4,12,,0,0,False,2,12,13,6
NewJersey4,LS1,Midday,Set1,Draw4,2,col2,Midday|Set1|Draw4|col2,A,own,1,1,1,4,2,0,501667**,8,6,False,4,6,29,7
NewJersey4,LS1,Midday,Set1,Draw4,2,col2,Midday|Set1|Draw4|col2,A,own,1,1,1,4,2,1,01667**,7,5,False,4,6,29,7
NewJersey4,LS1,Midday,Set1,Draw4,2,col2,Midday|Set1|Draw4|col2,A,own,1,1,1,4,2,2,0667**,6,4,False,4,6,29,7
NewJersey4,LS1,Midday,Set1,Draw4,2,col2,Midday|Set1|Draw4|col2,A,own,1,1,1,4,2,3,0667**,6,4,False,4,6,29,7
NewJersey4,LS1,Midday,Set1,Draw4,2,col2,Midday|Set1|Draw4|col2,A,own,1,1,1,4,2,4,667**,5,3,True,4,6,29,7
NewJersey4,LS1,Midday,Set1,Draw4,2,col2,Midday|Set1|Draw4|col2,A,own,1,1,1,4,2,5,667**,5,3,True,4,6,29,7
NewJersey4,LS1,Midday,Set1,Draw4,2,col2,Midday|Set1|Draw4|col2,A,own,1,1,1,4,2,6,66**,4,2,True,4,6,29,7
NewJersey4,LS1,Midday,Set1,Draw4,2,col2,Midday|Set1|Draw4|col2,A,combined,1,1,1,4,2,0,501667**,8,6,False,3,12,57,10
NewJersey4,LS1,Midday,Set1,Draw4,2,col2,Midday|Set1|Draw4|col2,A,combined,1,1,1,4,2,1,01667**,7,5,False,3,12,57,10
NewJersey4,LS1,Midday,Set1,Draw4,2,col2,Midday|Set1|Draw4|col2,A,combined,1,1,1,4,2,2,0166**,6,4,False,3,12,57,10
NewJersey4,LS1,Midday,Set1,Draw4,2,col2,Midday|Set1|Draw4|col2,A,combined,1,1,1,4,2,3,066**,5,3,True,3,12,57,10
NewJersey4,LS1,Midday,Set1,Draw4,2,col2,Midday|Set1|Draw4|col2,A,combined,1,1,1,4,2,4,066**,5,3,True,3,12,57,10
NewJersey4,LS1,Midday,Set1,Draw4,2,col2,Midday|Set1|Draw4|col2,A,combined,1,1,1,4,2,5,066**,5,3,True,3,12,57,10
NewJersey4,LS1,Midday,Set1,Draw4,2,col2,Midday|Set1|Draw4|col2,A,combined,1,1,1,4,2,6,066**,5,3,True,3,12,57,10
NewJersey4,LS1,Midday,Set1,Draw4,2,col2,Midday|Set1|Draw4|col2,A,combined,1,1,1,4,2,7,66**,4,2,True,3,12,57,10
NewJersey4,LS1,Midday,Set1,Draw4,2,col2,Midday|Set1|Draw4|col2,A,combined,1,1,1,4,2,8,66**,4,2,True,3,12,57,10
NewJersey4,LS1,Midday,Set1,Draw4,2,col2,Midday|Set1|Draw4|col2,A,combined,1,1,1,4,2,12,**,2,1,True,3,12,57,10
NewJersey4,LS1,Midday,Set1,Draw4,2,col2,Midday|Set1|Draw4|col2,B,own,1,1,1,4,2,0,501667**,8,6,False,2,7,29,7
NewJersey4,LS1,Midday,Set1,Draw4,2,col2,Midday|Set1|Draw4|col2,B,own,1,1,1,4,2,1,01667**,7,5,False,2,7,29,7
NewJersey4,LS1,Midday,Set1,Draw4,2,col2,Midday|Set1|Draw4|col2,B,own,1,1,1,4,2,2,066**,5,3,True,2,7,29,7
NewJersey4,LS1,Midday,Set1,Draw4,2,col2,Midday|Set1|Draw4|col2,B,own,1,1,1,4,2,3,066**,5,3,True,2,7,29,7
NewJersey4,LS1,Midday,Set1,Draw4,2,col2,Midday|Set1|Draw4|col2,B,own,1,1,1,4,2,4,66**,4,2,True,2,7,29,7
NewJersey4,LS1,Midday,Set1,Draw4,2,col2,Midday|Set1|Draw4|col2,B,own,1,1,1,4,2,5,66**,4,2,True,2,7,29,7
NewJersey4,LS1,Midday,Set1,Draw4,2,col2,Midday|Set1|Draw4|col2,B,own,1,1,1,4,2,7,**,2,1,True,2,7,29,7
NewJersey4,LS1,Midday,Set1,Draw4,2,col2,Midday|Set1|Draw4|col2,B,combined,1,1,1,4,2,0,501667**,8,6,False,3,10,57,7
NewJersey4,LS1,Midday,Set1,Draw4,2,col2,Midday|Set1|Draw4|col2,B,combined,1,1,1,4,2,1,01667**,7,5,False,3,10,57,7
NewJersey4,LS1,Midday,Set1,Draw4,2,col2,Midday|Set1|Draw4|col2,B,combined,1,1,1,4,2,2,0166**,6,4,False,3,10,57,7
NewJersey4,LS1,Midday,Set1,Draw4,2,col2,Midday|Set1|Draw4|col2,B,combined,1,1,1,4,2,3,066**,5,3,True,3,10,57,7
NewJersey4,LS1,Midday,Set1,Draw4,2,col2,Midday|Set1|Draw4|col2,B,combined,1,1,1,4,2,4,66**,4,2,True,3,10,57,7
NewJersey4,LS1,Midday,Set1,Draw4,2,col2,Midday|Set1|Draw4|col2,B,combined,1,1,1,4,2,5,66**,4,2,True,3,10,57,7
NewJersey4,LS1,Midday,Set1,Draw4,2,col2,Midday|Set1|Draw4|col2,B,combined,1,1,1,4,2,10,**,2,1,True,3,10,57,7
NewJersey4,LS1,Midday,Set1,Draw4,2,col2,Midday|Set1|Draw4|col2,C,own,1,1,1,4,2,0,501667**,8,6,False,2,2,29,3
NewJersey4,LS1,Midday,Set1,Draw4,2,col2,Midday|Set1|Draw4|col2,C,own,1,1,1,4,2,1,1667**,6,4,False,2,2,29,3
NewJersey4,LS1,Midday,Set1,Draw4,2,col2,Midday|Set1|Draw4|col2,C,own,1,1,1,4,2,2,**,2,1,True,2,2,29,3
NewJersey4,LS1,Midday,Set1,Draw4,2,col2,Midday|Set1|Draw4|col2,C,combined,1,1,1,4,2,0,501667**,8,6,False,2,3,57,4
NewJersey4,LS1,Midday,Set1,Draw4,2,col2,Midday|Set1|Draw4|col2,C,combined,1,1,1,4,2,1,1667**,6,4,False,2,3,57,4
NewJersey4,LS1,Midday,Set1,Draw4,2,col2,Midday|Set1|Draw4|col2,C,combined,1,1,1,4,2,2,166**,5,3,True,2,3,57,4
NewJersey4,LS1,Midday,Set1,Draw4,2,col2,Midday|Set1|Draw4|col2,C,combined,1,1,1,4,2,3,**,2,1,True,2,3,57,4
NewJersey4,LS1,Midday,Set1,Draw4,2,col2,Midday|Set1|Draw4|col2,D,own,1,1,1,4,2,0,501667**,8,6,False,2,7,29,5
NewJersey4,LS1,Midday,Set1,Draw4,2,col2,Midday|Set1|Draw4|col2,D,own,1,1,1,4,2,1,1667**,6,4,False,2,7,29,5
NewJersey4,LS1,Midday,Set1,Draw4,2,col2,Midday|Set1|Draw4|col2,D,own,1,1,1,4,2,2,6**,3,2,True,2,7,29,5
NewJersey4,LS1,Midday,Set1,Draw4,2,col2,Midday|Set1|Draw4|col2,D,own,1,1,1,4,2,3,6**,3,2,True,2,7,29,5
NewJersey4,LS1,Midday,Set1,Draw4,2,col2,Midday|Set1|Draw4|col2,D,own,1,1,1,4,2,7,**,2,1,True,2,7,29,5
NewJersey4,LS1,Midday,Set1,Draw4,2,col2,Midday|Set1|Draw4|col2,D,combined,1,1,1,4,2,0,501667**,8,6,False,2,10,57,6
NewJersey4,LS1,Midday,Set1,Draw4,2,col2,Midday|Set1|Draw4|col2,D,combined,1,1,1,4,2,1,1667**,6,4,False,2,10,57,6
NewJersey4,LS1,Midday,Set1,Draw4,2,col2,Midday|Set1|Draw4|col2,D,combined,1,1,1,4,2,2,166**,5,3,True,2,10,57,6
NewJersey4,LS1,Midday,Set1,Draw4,2,col2,Midday|Set1|Draw4|col2,D,combined,1,1,1,4,2,3,6**,3,2,True,2,10,57,6
NewJersey4,LS1,Midday,Set1,Draw4,2,col2,Midday|Set1|Draw4|col2,D,combined,1,1,1,4,2,4,6**,3,2,True,2,10,57,6
NewJersey4,LS1,Midday,Set1,Draw4,2,col2,Midday|Set1|Draw4|col2,D,combined,1,1,1,4,2,10,**,2,1,True,2,10,57,6
NewJersey4,LS1,Midday,Set1,Draw4,2,col2,Midday|Set1|Draw4|col2,E,own,1,1,1,4,2,0,501667**,8,6,False,2,9,29,9
NewJersey4,LS1,Midday,Set1,Draw4,2,col2,Midday|Set1|Draw4|col2,E,own,1,1,1,4,2,1,01667**,7,5,False,2,9,29,9
NewJersey4,LS1,Midday,Set1,Draw4,2,col2,Midday|Set1|Draw4|col2,E,own,1,1,1,4,2,2,066**,5,3,True,2,9,29,9
NewJersey4,LS1,Midday,Set1,Draw4,2,col2,Midday|Set1|Draw4|col2,E,own,1,1,1,4,2,3,066**,5,3,True,2,9,29,9
NewJersey4,LS1,Midday,Set1,Draw4,2,col2,Midday|Set1|Draw4|col2,E,own,1,1,1,4,2,4,66**,4,2,True,2,9,29,9
NewJersey4,LS1,Midday,Set1,Draw4,2,col2,Midday|Set1|Draw4|col2,E,own,1,1,1,4,2,5,66**,4,2,True,2,9,29,9
NewJersey4,LS1,Midday,Set1,Draw4,2,col2,Midday|Set1|Draw4|col2,E,own,1,1,1,4,2,7,6**,3,2,True,2,9,29,9
NewJersey4,LS1,Midday,Set1,Draw4,2,col2,Midday|Set1|Draw4|col2,E,own,1,1,1,4,2,8,6**,3,2,True,2,9,29,9
NewJersey4,LS1,Midday,Set1,Draw4,2,col2,Midday|Set1|Draw4|col2,E,own,1,1,1,4,2,9,**,2,1,True,2,9,29,9
NewJersey4,LS1,Midday,Set1,Draw4,2,col2,Midday|Set1|Draw4|col2,E,combined,1,1,1,4,2,0,501667**,8,6,False,3,12,57,9
NewJersey4,LS1,Midday,Set1,Draw4,2,col2,Midday|Set1|Draw4|col2,E,combined,1,1,1,4,2,1,01667**,7,5,False,3,12,57,9
NewJersey4,LS1,Midday,Set1,Draw4,2,col2,Midday|Set1|Draw4|col2,E,combined,1,1,1,4,2,2,0166**,6,4,False,3,12,57,9
NewJersey4,LS1,Midday,Set1,Draw4,2,col2,Midday|Set1|Draw4|col2,E,combined,1,1,1,4,2,3,066**,5,3,True,3,12,57,9
NewJersey4,LS1,Midday,Set1,Draw4,2,col2,Midday|Set1|Draw4|col2,E,combined,1,1,1,4,2,4,66**,4,2,True,3,12,57,9
NewJersey4,LS1,Midday,Set1,Draw4,2,col2,Midday|Set1|Draw4|col2,E,combined,1,1,1,4,2,5,66**,4,2,True,3,12,57,9
NewJersey4,LS1,Midday,Set1,Draw4,2,col2,Midday|Set1|Draw4|col2,E,combined,1,1,1,4,2,10,6**,3,2,True,3,12,57,9
NewJersey4,LS1,Midday,Set1,Draw4,2,col2,Midday|Set1|Draw4|col2,E,combined,1,1,1,4,2,11,6**,3,2,True,3,12,57,9
NewJersey4,LS1,Midday,Set1,Draw4,2,col2,Midday|Set1|Draw4|col2,E,combined,1,1,1,4,2,12,**,2,1,True,3,12,57,9
NewJersey4,LS1,Midday,Set1,Draw4,2,col2,Midday|Set1|Draw4|col2,T,own,1,1,1,4,2,0,501667**,8,6,False,2,6,29,5
NewJersey4,LS1,Midday,Set1,Draw4,2,col2,Midday|Set1|Draw4|col2,T,own,1,1,1,4,2,1,1667**,6,4,False,2,6,29,5
NewJersey4,LS1,Midday,Set1,Draw4,2,col2,Midday|Set1|Draw4|col2,T,own,1,1,1,4,2,2,7**,3,2,True,2,6,29,5
NewJersey4,LS1,Midday,Set1,Draw4,2,col2,Midday|Set1|Draw4|col2,T,own,1,1,1,4,2,3,7**,3,2,True,2,6,29,5
NewJersey4,LS1,Midday,Set1,Draw4,2,col2,Midday|Set1|Draw4|col2,T,own,1,1,1,4,2,6,**,2,1,True,2,6,29,5
NewJersey4,LS1,Midday,Set1,Draw4,2,col2,Midday|Set1|Draw4|col2,T,combined,1,1,1,4,2,0,501667**,8,6,False,2,3,57,4
NewJersey4,LS1,Midday,Set1,Draw4,2,col2,Midday|Set1|Draw4|col2,T,combined,1,1,1,4,2,1,1667**,6,4,False,2,3,57,4
NewJersey4,LS1,Midday,Set1,Draw4,2,col2,Midday|Set1|Draw4|col2,T,combined,1,1,1,4,2,2,166**,5,3,True,2,3,57,4
NewJersey4,LS1,Midday,Set1,Draw4,2,col2,Midday|Set1|Draw4|col2,T,combined,1,1,1,4,2,3,**,2,1,True,2,3,57,4
NewJersey4,LS1,Midday,Set1,Draw5,3,col3,Midday|Set1|Draw5|col3,A,own,1,1,1,5,3,0,552011886677,12,7,False,2,6,29,7
NewJersey4,LS1,Midday,Set1,Draw5,3,col3,Midday|Set1|Draw5|col3,A,own,1,1,1,5,3,1,20116677,8,5,False,2,6,29,7
NewJersey4,LS1,Midday,Set1,Draw5,3,col3,Midday|Set1|Draw5|col3,A,own,1,1,1,5,3,2,06677,5,3,True,2,6,29,7
NewJersey4,LS1,Midday,Set1,Draw5,3,col3,Midday|Set1|Draw5|col3,A,own,1,1,1,5,3,3,06677,5,3,True,2,6,29,7
NewJersey4,LS1,Midday,Set1,Draw5,3,col3,Midday|Set1|Draw5|col3,A,own,1,1,1,5,3,4,6677,4,2,True,2,6,29,7
NewJersey4,LS1,Midday,Set1,Draw5,3,col3,Midday|Set1|Draw5|col3,A,own,1,1,1,5,3,5,6677,4,2,True,2,6,29,7
NewJersey4,LS1,Midday,Set1,Draw5,3,col3,Midday|Set1|Draw5|col3,A,own,1,1,1,5,3,6,66,2,1,True,2,6,29,7
NewJersey4,LS1,Midday,Set1,Draw5,3,col3,Midday|Set1|Draw5|col3,A,combined,1,1,1,5,3,0,552011886677,12,7,False,3,12,13,8
NewJersey4,LS1,Midday,Set1,Draw5,3,col3,Midday|Set1|Draw5|col3,A,combined,1,1,1,5,3,1,20116677,8,5,False,3,12,13,8
NewJersey4,LS1,Midday,Set1,Draw5,3,col3,Midday|Set1|Draw5|col3,A,combined,1,1,1,5,3,2,201166,6,4,False,3,12,13,8
NewJersey4,LS1,Midday,Set1,Draw5,3,col3,Midday|Set1|Draw5|col3,A,combined,1,1,1,5,3,3,066,3,2,True,3,12,13,8
NewJersey4,LS1,Midday,Set1,Draw5,3,col3,Midday|Set1|Draw5|col3,A,combined,1,1,1,5,3,4,066,3,2,True,3,12,13,8
NewJersey4,LS1,Midday,Set1,Draw5,3,col3,Midday|Set1|Draw5|col3,A,combined,1,1,1,5,3,7,66,2,1,True,3,12,13,8
NewJersey4,LS1,Midday,Set1,Draw5,3,col3,Midday|Set1|Draw5|col3,A,combined,1,1,1,5,3,8,66,2,1,True,3,12,13,8
NewJersey4,LS1,Midday,Set1,Draw5,3,col3,Midday|Set1|Draw5|col3,A,combined,1,1,1,5,3,12,,0,0,False,3,12,13,8
NewJersey4,LS1,Midday,Set1,Draw5,3,col3,Midday|Set1|Draw5|col3,B,own,1,1,1,5,3,0,552011886677,12,7,False,2,7,8,8
NewJersey4,LS1,Midday,Set1,Draw5,3,col3,Midday|Set1|Draw5|col3,B,own,1,1,1,5,3,1,20116677,8,5,False,2,7,8,8
NewJersey4,LS1,Midday,Set1,Draw5,3,col3,Midday|Set1|Draw5|col3,B,own,1,1,1,5,3,2,06677,5,3,True,2,7,8,8
NewJersey4,LS1,Midday,Set1,Draw5,3,col3,Midday|Set1|Draw5|col3,B,own,1,1,1,5,3,3,06677,5,3,True,2,7,8,8
NewJersey4,LS1,Midday,Set1,Draw5,3,col3,Midday|Set1|Draw5|col3,B,own,1,1,1,5,3,4,6677,4,2,True,2,7,8,8
NewJersey4,LS1,Midday,Set1,Draw5,3,col3,Midday|Set1|Draw5|col3,B,own,1,1,1,5,3,5,66,2,1,True,2,7,8,8
NewJersey4,LS1,Midday,Set1,Draw5,3,col3,Midday|Set1|Draw5|col3,B,own,1,1,1,5,3,6,66,2,1,True,2,7,8,8
NewJersey4,LS1,Midday,Set1,Draw5,3,col3,Midday|Set1|Draw5|col3,B,own,1,1,1,5,3,7,,0,0,False,2,7,8,8
NewJersey4,LS1,Midday,Set1,Draw5,3,col3,Midday|Set1|Draw5|col3,B,combined,1,1,1,5,3,0,552011886677,12,7,False,3,10,11,7
NewJersey4,LS1,Midday,Set1,Draw5,3,col3,Midday|Set1|Draw5|col3,B,combined,1,1,1,5,3,1,20116677,8,5,False,3,10,11,7
NewJersey4,LS1,Midday,Set1,Draw5,3,col3,Midday|Set1|Draw5|col3,B,combined,1,1,1,5,3,2,201166,6,4,False,3,10,11,7
NewJersey4,LS1,Midday,Set1,Draw5,3,col3,Midday|Set1|Draw5|col3,B,combined,1,1,1,5,3,3,066,3,2,True,3,10,11,7
NewJersey4,LS1,Midday,Set1,Draw5,3,col3,Midday|Set1|Draw5|col3,B,combined,1,1,1,5,3,4,66,2,1,True,3,10,11,7
NewJersey4,LS1,Midday,Set1,Draw5,3,col3,Midday|Set1|Draw5|col3,B,combined,1,1,1,5,3,5,66,2,1,True,3,10,11,7
NewJersey4,LS1,Midday,Set1,Draw5,3,col3,Midday|Set1|Draw5|col3,B,combined,1,1,1,5,3,10,,0,0,False,3,10,11,7
NewJersey4,LS1,Midday,Set1,Draw5,3,col3,Midday|Set1|Draw5|col3,C,own,1,1,1,5,3,0,552011886677,12,7,False,-1,2,3,3
NewJersey4,LS1,Midday,Set1,Draw5,3,col3,Midday|Set1|Draw5|col3,C,own,1,1,1,5,3,1,2116677,7,4,False,-1,2,3,3
NewJersey4,LS1,Midday,Set1,Draw5,3,col3,Midday|Set1|Draw5|col3,C,own,1,1,1,5,3,2,,0,0,False,-1,2,3,3
NewJersey4,LS1,Midday,Set1,Draw5,3,col3,Midday|Set1|Draw5|col3,C,combined,1,1,1,5,3,0,552011886677,12,7,False,2,3,4,4
NewJersey4,LS1,Midday,Set1,Draw5,3,col3,Midday|Set1|Draw5|col3,C,combined,1,1,1,5,3,1,2116677,7,4,False,2,3,4,4
NewJersey4,LS1,Midday,Set1,Draw5,3,col3,Midday|Set1|Draw5|col3,C,combined,1,1,1,5,3,2,1166,4,2,True,2,3,4,4
NewJersey4,LS1,Midday,Set1,Draw5,3,col3,Midday|Set1|Draw5|col3,C,combined,1,1,1,5,3,3,,0,0,False,2,3,4,4
NewJersey4,LS1,Midday,Set1,Draw5,3,col3,Midday|Set1|Draw5|col3,D,own,1,1,1,5,3,0,552011886677,12,7,False,2,7,8,7
NewJersey4,LS1,Midday,Set1,Draw5,3,col3,Midday|Set1|Draw5|col3,D,own,1,1,1,5,3,1,2116677,7,4,False,2,7,8,7
NewJersey4,LS1,Midday,Set1,Draw5,3,col3,Midday|Set1|Draw5|col3,D,own,1,1,1,5,3,2,67,2,2,True,2,7,8,7
NewJersey4,LS1,Midday,Set1,Draw5,3,col3,Midday|Set1|Draw5|col3,D,own,1,1,1,5,3,3,67,2,2,True,2,7,8,7
NewJersey4,LS1,Midday,Set1,Draw5,3,col3,Midday|Set1|Draw5|col3,D,own,1,1,1,5,3,5,6,1,1,True,2,7,8,7
NewJersey4,LS1,Midday,Set1,Draw5,3,col3,Midday|Set1|Draw5|col3,D,own,1,1,1,5,3,6,6,1,1,True,2,7,8,7
NewJersey4,LS1,Midday,Set1,Draw5,3,col3,Midday|Set1|Draw5|col3,D,own,1,1,1,5,3,7,,0,0,False,2,7,8,7
NewJersey4,LS1,Midday,Set1,Draw5,3,col3,Midday|Set1|Draw5|col3,D,combined,1,1,1,5,3,0,552011886677,12,7,False,2,10,11,6
NewJersey4,LS1,Midday,Set1,Draw5,3,col3,Midday|Set1|Draw5|col3,D,combined,1,1,1,5,3,1,2116677,7,4,False,2,10,11,6
NewJersey4,LS1,Midday,Set1,Draw5,3,col3,Midday|Set1|Draw5|col3,D,combined,1,1,1,5,3,2,1166,4,2,True,2,10,11,6
NewJersey4,LS1,Midday,Set1,Draw5,3,col3,Midday|Set1|Draw5|col3,D,combined,1,1,1,5,3,3,6,1,1,True,2,10,11,6
NewJersey4,LS1,Midday,Set1,Draw5,3,col3,Midday|Set1|Draw5|col3,D,combined,1,1,1,5,3,4,6,1,1,True,2,10,11,6
NewJersey4,LS1,Midday,Set1,Draw5,3,col3,Midday|Set1|Draw5|col3,D,combined,1,1,1,5,3,10,,0,0,False,2,10,11,6
NewJersey4,LS1,Midday,Set1,Draw5,3,col3,Midday|Set1|Draw5|col3,E,own,1,1,1,5,3,0,552011886677,12,7,False,6,15,16,12
NewJersey4,LS1,Midday,Set1,Draw5,3,col3,Midday|Set1|Draw5|col3,E,own,1,1,1,5,3,1,5201186677,10,7,False,6,15,16,12
NewJersey4,LS1,Midday,Set1,Draw5,3,col3,Midday|Set1|Draw5|col3,E,own,1,1,1,5,3,2,5016677,7,5,False,6,15,16,12
NewJersey4,LS1,Midday,Set1,Draw5,3,col3,Midday|Set1|Draw5|col3,E,own,1,1,1,5,3,3,5016677,7,5,False,6,15,16,12
NewJersey4,LS1,Midday,Set1,Draw5,3,col3,Midday|Set1|Draw5|col3,E,own,1,1,1,5,3,4,516677,6,4,False,6,15,16,12
NewJersey4,LS1,Midday,Set1,Draw5,3,col3,Midday|Set1|Draw5|col3,E,own,1,1,1,5,3,5,51667,5,4,False,6,15,16,12
NewJersey4,LS1,Midday,Set1,Draw5,3,col3,Midday|Set1|Draw5|col3,E,own,1,1,1,5,3,6,166,3,2,True,6,15,16,12
NewJersey4,LS1,Midday,Set1,Draw5,3,col3,Midday|Set1|Draw5|col3,E,own,1,1,1,5,3,7,66,2,1,True,6,15,16,12
NewJersey4,LS1,Midday,Set1,Draw5,3,col3,Midday|Set1|Draw5|col3,E,own,1,1,1,5,3,8,66,2,1,True,6,15,16,12
NewJersey4,LS1,Midday,Set1,Draw5,3,col3,Midday|Set1|Draw5|col3,E,own,1,1,1,5,3,9,6,1,1,True,6,15,16,12
NewJersey4,LS1,Midday,Set1,Draw5,3,col3,Midday|Set1|Draw5|col3,E,own,1,1,1,5,3,10,6,1,1,True,6,15,16,12
NewJersey4,LS1,Midday,Set1,Draw5,3,col3,Midday|Set1|Draw5|col3,E,own,1,1,1,5,3,15,,0,0,False,6,15,16,12
NewJersey4,LS1,Midday,Set1,Draw5,3,col3,Midday|Set1|Draw5|col3,E,combined,1,1,1,5,3,0,552011886677,12,7,False,4,13,14,14
NewJersey4,LS1,Midday,Set1,Draw5,3,col3,Midday|Set1|Draw5|col3,E,combined,1,1,1,5,3,1,5201186677,10,7,False,4,13,14,14
NewJersey4,LS1,Midday,Set1,Draw5,3,col3,Midday|Set1|Draw5|col3,E,combined,1,1,1,5,3,2,52011667,8,6,False,4,13,14,14
NewJersey4,LS1,Midday,Set1,Draw5,3,col3,Midday|Set1|Draw5|col3,E,combined,1,1,1,5,3,3,501667,6,5,False,4,13,14,14
NewJersey4,LS1,Midday,Set1,Draw5,3,col3,Midday|Set1|Draw5|col3,E,combined,1,1,1,5,3,4,1667,4,3,True,4,13,14,14
NewJersey4,LS1,Midday,Set1,Draw5,3,col3,Midday|Set1|Draw5|col3,E,combined,1,1,1,5,3,5,1667,4,3,True,4,13,14,14
NewJersey4,LS1,Midday,Set1,Draw5,3,col3,Midday|Set1|Draw5|col3,E,combined,1,1,1,5,3,6,1667,4,3,True,4,13,14,14
NewJersey4,LS1,Midday,Set1,Draw5,3,col3,Midday|Set1|Draw5|col3,E,combined,1,1,1,5,3,7,1667,4,3,True,4,13,14,14
NewJersey4,LS1,Midday,Set1,Draw5,3,col3,Midday|Set1|Draw5|col3,E,combined,1,1,1,5,3,8,166,3,2,True,4,13,14,14
NewJersey4,LS1,Midday,Set1,Draw5,3,col3,Midday|Set1|Draw5|col3,E,combined,1,1,1,5,3,9,166,3,2,True,4,13,14,14
NewJersey4,LS1,Midday,Set1,Draw5,3,col3,Midday|Set1|Draw5|col3,E,combined,1,1,1,5,3,10,66,2,1,True,4,13,14,14
NewJersey4,LS1,Midday,Set1,Draw5,3,col3,Midday|Set1|Draw5|col3,E,combined,1,1,1,5,3,11,66,2,1,True,4,13,14,14
NewJersey4,LS1,Midday,Set1,Draw5,3,col3,Midday|Set1|Draw5|col3,E,combined,1,1,1,5,3,12,6,1,1,True,4,13,14,14
NewJersey4,LS1,Midday,Set1,Draw5,3,col3,Midday|Set1|Draw5|col3,E,combined,1,1,1,5,3,13,,0,0,False,4,13,14,14
NewJersey4,LS1,Midday,Set1,Draw5,3,col3,Midday|Set1|Draw5|col3,T,own,1,1,1,5,3,0,552011886677,12,7,False,2,6,7,5
NewJersey4,LS1,Midday,Set1,Draw5,3,col3,Midday|Set1|Draw5|col3,T,own,1,1,1,5,3,1,2116677,7,4,False,2,6,7,5
NewJersey4,LS1,Midday,Set1,Draw5,3,col3,Midday|Set1|Draw5|col3,T,own,1,1,1,5,3,2,77,2,1,True,2,6,7,5
NewJersey4,LS1,Midday,Set1,Draw5,3,col3,Midday|Set1|Draw5|col3,T,own,1,1,1,5,3,3,77,2,1,True,2,6,7,5
NewJersey4,LS1,Midday,Set1,Draw5,3,col3,Midday|Set1|Draw5|col3,T,own,1,1,1,5,3,6,,0,0,False,2,6,7,5
NewJersey4,LS1,Midday,Set1,Draw5,3,col3,Midday|Set1|Draw5|col3,T,combined,1,1,1,5,3,0,552011886677,12,7,False,2,12,13,6
NewJersey4,LS1,Midday,Set1,Draw5,3,col3,Midday|Set1|Draw5|col3,T,combined,1,1,1,5,3,1,2116677,7,4,False,2,12,13,6
NewJersey4,LS1,Midday,Set1,Draw5,3,col3,Midday|Set1|Draw5|col3,T,combined,1,1,1,5,3,2,1166,4,2,True,2,12,13,6
NewJersey4,LS1,Midday,Set1,Draw5,3,col3,Midday|Set1|Draw5|col3,T,combined,1,1,1,5,3,3,66,2,1,True,2,12,13,6
NewJersey4,LS1,Midday,Set1,Draw5,3,col3,Midday|Set1|Draw5|col3,T,combined,1,1,1,5,3,4,66,2,1,True,2,12,13,6
NewJersey4,LS1,Midday,Set1,Draw5,3,col3,Midday|Set1|Draw5|col3,T,combined,1,1,1,5,3,12,,0,0,False,2,12,13,6
NewJersey4,LS1,Midday,Set1,Draw5,2,col2,Midday|Set1|Draw5|col2,A,own,1,1,1,5,2,0,550186677**,11,7,False,4,6,29,7
NewJersey4,LS1,Midday,Set1,Draw5,2,col2,Midday|Set1|Draw5|col2,A,own,1,1,1,5,2,1,016677**,8,5,False,4,6,29,7
NewJersey4,LS1,Midday,Set1,Draw5,2,col2,Midday|Set1|Draw5|col2,A,own,1,1,1,5,2,2,06677**,7,4,False,4,6,29,7
NewJersey4,LS1,Midday,Set1,Draw5,2,col2,Midday|Set1|Draw5|col2,A,own,1,1,1,5,2,3,06677**,7,4,False,4,6,29,7
NewJersey4,LS1,Midday,Set1,Draw5,2,col2,Midday|Set1|Draw5|col2,A,own,1,1,1,5,2,4,6677**,6,3,True,4,6,29,7
NewJersey4,LS1,Midday,Set1,Draw5,2,col2,Midday|Set1|Draw5|col2,A,own,1,1,1,5,2,5,6677**,6,3,True,4,6,29,7
NewJersey4,LS1,Midday,Set1,Draw5,2,col2,Midday|Set1|Draw5|col2,A,own,1,1,1,5,2,6,66**,4,2,True,4,6,29,7
NewJersey4,LS1,Midday,Set1,Draw5,2,col2,Midday|Set1|Draw5|col2,A,combined,1,1,1,5,2,0,550186677**,11,7,False,3,12,57,10
NewJersey4,LS1,Midday,Set1,Draw5,2,col2,Midday|Set1|Draw5|col2,A,combined,1,1,1,5,2,1,016677**,8,5,False,3,12,57,10
NewJersey4,LS1,Midday,Set1,Draw5,2,col2,Midday|Set1|Draw5|col2,A,combined,1,1,1,5,2,2,0166**,6,4,False,3,12,57,10
NewJersey4,LS1,Midday,Set1,Draw5,2,col2,Midday|Set1|Draw5|col2,A,combined,1,1,1,5,2,3,066**,5,3,True,3,12,57,10
NewJersey4,LS1,Midday,Set1,Draw5,2,col2,Midday|Set1|Draw5|col2,A,combined,1,1,1,5,2,4,066**,5,3,True,3,12,57,10
NewJersey4,LS1,Midday,Set1,Draw5,2,col2,Midday|Set1|Draw5|col2,A,combined,1,1,1,5,2,5,066**,5,3,True,3,12,57,10
NewJersey4,LS1,Midday,Set1,Draw5,2,col2,Midday|Set1|Draw5|col2,A,combined,1,1,1,5,2,6,066**,5,3,True,3,12,57,10
NewJersey4,LS1,Midday,Set1,Draw5,2,col2,Midday|Set1|Draw5|col2,A,combined,1,1,1,5,2,7,66**,4,2,True,3,12,57,10
NewJersey4,LS1,Midday,Set1,Draw5,2,col2,Midday|Set1|Draw5|col2,A,combined,1,1,1,5,2,8,66**,4,2,True,3,12,57,10
NewJersey4,LS1,Midday,Set1,Draw5,2,col2,Midday|Set1|Draw5|col2,A,combined,1,1,1,5,2,12,**,2,1,True,3,12,57,10
NewJersey4,LS1,Midday,Set1,Draw5,2,col2,Midday|Set1|Draw5|col2,B,own,1,1,1,5,2,0,550186677**,11,7,False,2,7,29,7
NewJersey4,LS1,Midday,Set1,Draw5,2,col2,Midday|Set1|Draw5|col2,B,own,1,1,1,5,2,1,016677**,8,5,False,2,7,29,7
NewJersey4,LS1,Midday,Set1,Draw5,2,col2,Midday|Set1|Draw5|col2,B,own,1,1,1,5,2,2,066**,5,3,True,2,7,29,7
NewJersey4,LS1,Midday,Set1,Draw5,2,col2,Midday|Set1|Draw5|col2,B,own,1,1,1,5,2,3,066**,5,3,True,2,7,29,7
NewJersey4,LS1,Midday,Set1,Draw5,2,col2,Midday|Set1|Draw5|col2,B,own,1,1,1,5,2,4,66**,4,2,True,2,7,29,7
NewJersey4,LS1,Midday,Set1,Draw5,2,col2,Midday|Set1|Draw5|col2,B,own,1,1,1,5,2,5,66**,4,2,True,2,7,29,7
NewJersey4,LS1,Midday,Set1,Draw5,2,col2,Midday|Set1|Draw5|col2,B,own,1,1,1,5,2,7,**,2,1,True,2,7,29,7
NewJersey4,LS1,Midday,Set1,Draw5,2,col2,Midday|Set1|Draw5|col2,B,combined,1,1,1,5,2,0,550186677**,11,7,False,3,10,57,7
NewJersey4,LS1,Midday,Set1,Draw5,2,col2,Midday|Set1|Draw5|col2,B,combined,1,1,1,5,2,1,016677**,8,5,False,3,10,57,7
NewJersey4,LS1,Midday,Set1,Draw5,2,col2,Midday|Set1|Draw5|col2,B,combined,1,1,1,5,2,2,0166**,6,4,False,3,10,57,7
NewJersey4,LS1,Midday,Set1,Draw5,2,col2,Midday|Set1|Draw5|col2,B,combined,1,1,1,5,2,3,066**,5,3,True,3,10,57,7
NewJersey4,LS1,Midday,Set1,Draw5,2,col2,Midday|Set1|Draw5|col2,B,combined,1,1,1,5,2,4,66**,4,2,True,3,10,57,7
NewJersey4,LS1,Midday,Set1,Draw5,2,col2,Midday|Set1|Draw5|col2,B,combined,1,1,1,5,2,5,66**,4,2,True,3,10,57,7
NewJersey4,LS1,Midday,Set1,Draw5,2,col2,Midday|Set1|Draw5|col2,B,combined,1,1,1,5,2,10,**,2,1,True,3,10,57,7
NewJersey4,LS1,Midday,Set1,Draw5,2,col2,Midday|Set1|Draw5|col2,C,own,1,1,1,5,2,0,550186677**,11,7,False,2,2,29,3
NewJersey4,LS1,Midday,Set1,Draw5,2,col2,Midday|Set1|Draw5|col2,C,own,1,1,1,5,2,1,16677**,7,4,False,2,2,29,3
NewJersey4,LS1,Midday,Set1,Draw5,2,col2,Midday|Set1|Draw5|col2,C,own,1,1,1,5,2,2,**,2,1,True,2,2,29,3
NewJersey4,LS1,Midday,Set1,Draw5,2,col2,Midday|Set1|Draw5|col2,C,combined,1,1,1,5,2,0,550186677**,11,7,False,2,3,57,4
NewJersey4,LS1,Midday,Set1,Draw5,2,col2,Midday|Set1|Draw5|col2,C,combined,1,1,1,5,2,1,16677**,7,4,False,2,3,57,4
NewJersey4,LS1,Midday,Set1,Draw5,2,col2,Midday|Set1|Draw5|col2,C,combined,1,1,1,5,2,2,166**,5,3,True,2,3,57,4
NewJersey4,LS1,Midday,Set1,Draw5,2,col2,Midday|Set1|Draw5|col2,C,combined,1,1,1,5,2,3,**,2,1,True,2,3,57,4
NewJersey4,LS1,Midday,Set1,Draw5,2,col2,Midday|Set1|Draw5|col2,D,own,1,1,1,5,2,0,550186677**,11,7,False,2,7,29,8
NewJersey4,LS1,Midday,Set1,Draw5,2,col2,Midday|Set1|Draw5|col2,D,own,1,1,1,5,2,1,16677**,7,4,False,2,7,29,8
NewJersey4,LS1,Midday,Set1,Draw5,2,col2,Midday|Set1|Draw5|col2,D,own,1,1,1,5,2,2,67**,4,3,True,2,7,29,8
NewJersey4,LS1,Midday,Set1,Draw5,2,col2,Midday|Set1|Draw5|col2,D,own,1,1,1,5,2,3,67**,4,3,True,2,7,29,8
NewJersey4,LS1,Midday,Set1,Draw5,2,col2,Midday|Set1|Draw5|col2,D,own,1,1,1,5,2,4,67**,4,3,True,2,7,29,8
NewJersey4,LS1,Midday,Set1,Draw5,2,col2,Midday|Set1|Draw5|col2,D,own,1,1,1,5,2,5,6**,3,2,True,2,7,29,8
NewJersey4,LS1,Midday,Set1,Draw5,2,col2,Midday|Set1|Draw5|col2,D,own,1,1,1,5,2,6,6**,3,2,True,2,7,29,8
NewJersey4,LS1,Midday,Set1,Draw5,2,col2,Midday|Set1|Draw5|col2,D,own,1,1,1,5,2,7,**,2,1,True,2,7,29,8
NewJersey4,LS1,Midday,Set1,Draw5,2,col2,Midday|Set1|Draw5|col2,D,combined,1,1,1,5,2,0,550186677**,11,7,False,2,10,57,6
NewJersey4,LS1,Midday,Set1,Draw5,2,col2,Midday|Set1|Draw5|col2,D,combined,1,1,1,5,2,1,16677**,7,4,False,2,10,57,6
NewJersey4,LS1,Midday,Set1,Draw5,2,col2,Midday|Set1|Draw5|col2,D,combined,1,1,1,5,2,2,166**,5,3,True,2,10,57,6
NewJersey4,LS1,Midday,Set1,Draw5,2,col2,Midday|Set1|Draw5|col2,D,combined,1,1,1,5,2,3,6**,3,2,True,2,10,57,6
NewJersey4,LS1,Midday,Set1,Draw5,2,col2,Midday|Set1|Draw5|col2,D,combined,1,1,1,5,2,4,6**,3,2,True,2,10,57,6
NewJersey4,LS1,Midday,Set1,Draw5,2,col2,Midday|Set1|Draw5|col2,D,combined,1,1,1,5,2,10,**,2,1,True,2,10,57,6
NewJersey4,LS1,Midday,Set1,Draw5,2,col2,Midday|Set1|Draw5|col2,E,own,1,1,1,5,2,0,550186677**,11,7,False,5,9,29,10
NewJersey4,LS1,Midday,Set1,Draw5,2,col2,Midday|Set1|Draw5|col2,E,own,1,1,1,5,2,1,5016677**,9,6,False,5,9,29,10
NewJersey4,LS1,Midday,Set1,Draw5,2,col2,Midday|Set1|Draw5|col2,E,own,1,1,1,5,2,2,50667**,7,5,False,5,9,29,10
NewJersey4,LS1,Midday,Set1,Draw5,2,col2,Midday|Set1|Draw5|col2,E,own,1,1,1,5,2,3,50667**,7,5,False,5,9,29,10
NewJersey4,LS1,Midday,Set1,Draw5,2,col2,Midday|Set1|Draw5|col2,E,own,1,1,1,5,2,4,5667**,6,4,False,5,9,29,10
NewJersey4,LS1,Midday,Set1,Draw5,2,col2,Midday|Set1|Draw5|col2,E,own,1,1,1,5,2,5,566**,5,3,True,5,9,29,10
NewJersey4,LS1,Midday,Set1,Draw5,2,col2,Midday|Set1|Draw5|col2,E,own,1,1,1,5,2,6,66**,4,2,True,5,9,29,10
NewJersey4,LS1,Midday,Set1,Draw5,2,col2,Midday|Set1|Draw5|col2,E,own,1,1,1,5,2,7,6**,3,2,True,5,9,29,10
NewJersey4,LS1,Midday,Set1,Draw5,2,col2,Midday|Set1|Draw5|col2,E,own,1,1,1,5,2,8,6**,3,2,True,5,9,29,10
NewJersey4,LS1,Midday,Set1,Draw5,2,col2,Midday|Set1|Draw5|col2,E,own,1,1,1,5,2,9,**,2,1,True,5,9,29,10
NewJersey4,LS1,Midday,Set1,Draw5,2,col2,Midday|Set1|Draw5|col2,E,combined,1,1,1,5,2,0,550186677**,11,7,False,4,12,57,9
NewJersey4,LS1,Midday,Set1,Draw5,2,col2,Midday|Set1|Draw5|col2,E,combined,1,1,1,5,2,1,5016677**,9,6,False,4,12,57,9
NewJersey4,LS1,Midday,Set1,Draw5,2,col2,Midday|Set1|Draw5|col2,E,combined,1,1,1,5,2,2,501667**,8,6,False,4,12,57,9
NewJersey4,LS1,Midday,Set1,Draw5,2,col2,Midday|Set1|Draw5|col2,E,combined,1,1,1,5,2,3,5066**,6,4,False,4,12,57,9
NewJersey4,LS1,Midday,Set1,Draw5,2,col2,Midday|Set1|Draw5|col2,E,combined,1,1,1,5,2,4,66**,4,2,True,4,12,57,9
NewJersey4,LS1,Midday,Set1,Draw5,2,col2,Midday|Set1|Draw5|col2,E,combined,1,1,1,5,2,5,66**,4,2,True,4,12,57,9
NewJersey4,LS1,Midday,Set1,Draw5,2,col2,Midday|Set1|Draw5|col2,E,combined,1,1,1,5,2,10,6**,3,2,True,4,12,57,9
NewJersey4,LS1,Midday,Set1,Draw5,2,col2,Midday|Set1|Draw5|col2,E,combined,1,1,1,5,2,11,6**,3,2,True,4,12,57,9
NewJersey4,LS1,Midday,Set1,Draw5,2,col2,Midday|Set1|Draw5|col2,E,combined,1,1,1,5,2,12,**,2,1,True,4,12,57,9
NewJersey4,LS1,Midday,Set1,Draw5,2,col2,Midday|Set1|Draw5|col2,T,own,1,1,1,5,2,0,550186677**,11,7,False,2,2,29,3
NewJersey4,LS1,Midday,Set1,Draw5,2,col2,Midday|Set1|Draw5|col2,T,own,1,1,1,5,2,1,16677**,7,4,False,2,2,29,3
NewJersey4,LS1,Midday,Set1,Draw5,2,col2,Midday|Set1|Draw5|col2,T,own,1,1,1,5,2,2,**,2,1,True,2,2,29,3
NewJersey4,LS1,Midday,Set1,Draw5,2,col2,Midday|Set1|Draw5|col2,T,combined,1,1,1,5,2,0,550186677**,11,7,False,2,3,57,4
NewJersey4,LS1,Midday,Set1,Draw5,2,col2,Midday|Set1|Draw5|col2,T,combined,1,1,1,5,2,1,16677**,7,4,False,2,3,57,4
NewJersey4,LS1,Midday,Set1,Draw5,2,col2,Midday|Set1|Draw5|col2,T,combined,1,1,1,5,2,2,166**,5,3,True,2,3,57,4
NewJersey4,LS1,Midday,Set1,Draw5,2,col2,Midday|Set1|Draw5|col2,T,combined,1,1,1,5,2,3,**,2,1,True,2,3,57,4
NewJersey4,LS1,Midday,Set1,Draw5,1,col1,Midday|Set1|Draw5|col1,A,own,1,1,1,5,1,0,5016677**,9,6,False,4,6,29,7
NewJersey4,LS1,Midday,Set1,Draw5,1,col1,Midday|Set1|Draw5|col1,A,own,1,1,1,5,1,1,016677**,8,5,False,4,6,29,7
NewJersey4,LS1,Midday,Set1,Draw5,1,col1,Midday|Set1|Draw5|col1,A,own,1,1,1,5,1,2,06677**,7,4,False,4,6,29,7
NewJersey4,LS1,Midday,Set1,Draw5,1,col1,Midday|Set1|Draw5|col1,A,own,1,1,1,5,1,3,06677**,7,4,False,4,6,29,7
NewJersey4,LS1,Midday,Set1,Draw5,1,col1,Midday|Set1|Draw5|col1,A,own,1,1,1,5,1,4,6677**,6,3,True,4,6,29,7
NewJersey4,LS1,Midday,Set1,Draw5,1,col1,Midday|Set1|Draw5|col1,A,own,1,1,1,5,1,5,6677**,6,3,True,4,6,29,7
NewJersey4,LS1,Midday,Set1,Draw5,1,col1,Midday|Set1|Draw5|col1,A,own,1,1,1,5,1,6,66**,4,2,True,4,6,29,7
NewJersey4,LS1,Midday,Set1,Draw5,1,col1,Midday|Set1|Draw5|col1,A,combined,1,1,1,5,1,0,5016677**,9,6,False,3,12,57,10
NewJersey4,LS1,Midday,Set1,Draw5,1,col1,Midday|Set1|Draw5|col1,A,combined,1,1,1,5,1,1,016677**,8,5,False,3,12,57,10
NewJersey4,LS1,Midday,Set1,Draw5,1,col1,Midday|Set1|Draw5|col1,A,combined,1,1,1,5,1,2,0166**,6,4,False,3,12,57,10
NewJersey4,LS1,Midday,Set1,Draw5,1,col1,Midday|Set1|Draw5|col1,A,combined,1,1,1,5,1,3,066**,5,3,True,3,12,57,10
NewJersey4,LS1,Midday,Set1,Draw5,1,col1,Midday|Set1|Draw5|col1,A,combined,1,1,1,5,1,4,066**,5,3,True,3,12,57,10
NewJersey4,LS1,Midday,Set1,Draw5,1,col1,Midday|Set1|Draw5|col1,A,combined,1,1,1,5,1,5,066**,5,3,True,3,12,57,10
NewJersey4,LS1,Midday,Set1,Draw5,1,col1,Midday|Set1|Draw5|col1,A,combined,1,1,1,5,1,6,066**,5,3,True,3,12,57,10
NewJersey4,LS1,Midday,Set1,Draw5,1,col1,Midday|Set1|Draw5|col1,A,combined,1,1,1,5,1,7,66**,4,2,True,3,12,57,10
NewJersey4,LS1,Midday,Set1,Draw5,1,col1,Midday|Set1|Draw5|col1,A,combined,1,1,1,5,1,8,66**,4,2,True,3,12,57,10
NewJersey4,LS1,Midday,Set1,Draw5,1,col1,Midday|Set1|Draw5|col1,A,combined,1,1,1,5,1,12,**,2,1,True,3,12,57,10
NewJersey4,LS1,Midday,Set1,Draw5,1,col1,Midday|Set1|Draw5|col1,B,own,1,1,1,5,1,0,5016677**,9,6,False,2,7,29,7
NewJersey4,LS1,Midday,Set1,Draw5,1,col1,Midday|Set1|Draw5|col1,B,own,1,1,1,5,1,1,016677**,8,5,False,2,7,29,7
NewJersey4,LS1,Midday,Set1,Draw5,1,col1,Midday|Set1|Draw5|col1,B,own,1,1,1,5,1,2,066**,5,3,True,2,7,29,7
NewJersey4,LS1,Midday,Set1,Draw5,1,col1,Midday|Set1|Draw5|col1,B,own,1,1,1,5,1,3,066**,5,3,True,2,7,29,7
NewJersey4,LS1,Midday,Set1,Draw5,1,col1,Midday|Set1|Draw5|col1,B,own,1,1,1,5,1,4,66**,4,2,True,2,7,29,7
NewJersey4,LS1,Midday,Set1,Draw5,1,col1,Midday|Set1|Draw5|col1,B,own,1,1,1,5,1,5,66**,4,2,True,2,7,29,7
NewJersey4,LS1,Midday,Set1,Draw5,1,col1,Midday|Set1|Draw5|col1,B,own,1,1,1,5,1,7,**,2,1,True,2,7,29,7
NewJersey4,LS1,Midday,Set1,Draw5,1,col1,Midday|Set1|Draw5|col1,B,combined,1,1,1,5,1,0,5016677**,9,6,False,3,10,57,7
NewJersey4,LS1,Midday,Set1,Draw5,1,col1,Midday|Set1|Draw5|col1,B,combined,1,1,1,5,1,1,016677**,8,5,False,3,10,57,7
NewJersey4,LS1,Midday,Set1,Draw5,1,col1,Midday|Set1|Draw5|col1,B,combined,1,1,1,5,1,2,0166**,6,4,False,3,10,57,7
NewJersey4,LS1,Midday,Set1,Draw5,1,col1,Midday|Set1|Draw5|col1,B,combined,1,1,1,5,1,3,066**,5,3,True,3,10,57,7
NewJersey4,LS1,Midday,Set1,Draw5,1,col1,Midday|Set1|Draw5|col1,B,combined,1,1,1,5,1,4,66**,4,2,True,3,10,57,7
NewJersey4,LS1,Midday,Set1,Draw5,1,col1,Midday|Set1|Draw5|col1,B,combined,1,1,1,5,1,5,66**,4,2,True,3,10,57,7
NewJersey4,LS1,Midday,Set1,Draw5,1,col1,Midday|Set1|Draw5|col1,B,combined,1,1,1,5,1,10,**,2,1,True,3,10,57,7
NewJersey4,LS1,Midday,Set1,Draw5,1,col1,Midday|Set1|Draw5|col1,C,own,1,1,1,5,1,0,5016677**,9,6,False,2,2,29,3
NewJersey4,LS1,Midday,Set1,Draw5,1,col1,Midday|Set1|Draw5|col1,C,own,1,1,1,5,1,1,16677**,7,4,False,2,2,29,3
NewJersey4,LS1,Midday,Set1,Draw5,1,col1,Midday|Set1|Draw5|col1,C,own,1,1,1,5,1,2,**,2,1,True,2,2,29,3
NewJersey4,LS1,Midday,Set1,Draw5,1,col1,Midday|Set1|Draw5|col1,C,combined,1,1,1,5,1,0,5016677**,9,6,False,2,3,57,4
NewJersey4,LS1,Midday,Set1,Draw5,1,col1,Midday|Set1|Draw5|col1,C,combined,1,1,1,5,1,1,16677**,7,4,False,2,3,57,4
NewJersey4,LS1,Midday,Set1,Draw5,1,col1,Midday|Set1|Draw5|col1,C,combined,1,1,1,5,1,2,166**,5,3,True,2,3,57,4
NewJersey4,LS1,Midday,Set1,Draw5,1,col1,Midday|Set1|Draw5|col1,C,combined,1,1,1,5,1,3,**,2,1,True,2,3,57,4
NewJersey4,LS1,Midday,Set1,Draw5,1,col1,Midday|Set1|Draw5|col1,D,own,1,1,1,5,1,0,5016677**,9,6,False,2,7,29,8
NewJersey4,LS1,Midday,Set1,Draw5,1,col1,Midday|Set1|Draw5|col1,D,own,1,1,1,5,1,1,16677**,7,4,False,2,7,29,8
NewJersey4,LS1,Midday,Set1,Draw5,1,col1,Midday|Set1|Draw5|col1,D,own,1,1,1,5,1,2,67**,4,3,True,2,7,29,8
NewJersey4,LS1,Midday,Set1,Draw5,1,col1,Midday|Set1|Draw5|col1,D,own,1,1,1,5,1,3,67**,4,3,True,2,7,29,8
NewJersey4,LS1,Midday,Set1,Draw5,1,col1,Midday|Set1|Draw5|col1,D,own,1,1,1,5,1,4,67**,4,3,True,2,7,29,8
NewJersey4,LS1,Midday,Set1,Draw5,1,col1,Midday|Set1|Draw5|col1,D,own,1,1,1,5,1,5,6**,3,2,True,2,7,29,8
NewJersey4,LS1,Midday,Set1,Draw5,1,col1,Midday|Set1|Draw5|col1,D,own,1,1,1,5,1,6,6**,3,2,True,2,7,29,8
NewJersey4,LS1,Midday,Set1,Draw5,1,col1,Midday|Set1|Draw5|col1,D,own,1,1,1,5,1,7,**,2,1,True,2,7,29,8
NewJersey4,LS1,Midday,Set1,Draw5,1,col1,Midday|Set1|Draw5|col1,D,combined,1,1,1,5,1,0,5016677**,9,6,False,2,10,57,6
NewJersey4,LS1,Midday,Set1,Draw5,1,col1,Midday|Set1|Draw5|col1,D,combined,1,1,1,5,1,1,16677**,7,4,False,2,10,57,6
NewJersey4,LS1,Midday,Set1,Draw5,1,col1,Midday|Set1|Draw5|col1,D,combined,1,1,1,5,1,2,166**,5,3,True,2,10,57,6
NewJersey4,LS1,Midday,Set1,Draw5,1,col1,Midday|Set1|Draw5|col1,D,combined,1,1,1,5,1,3,6**,3,2,True,2,10,57,6
NewJersey4,LS1,Midday,Set1,Draw5,1,col1,Midday|Set1|Draw5|col1,D,combined,1,1,1,5,1,4,6**,3,2,True,2,10,57,6
NewJersey4,LS1,Midday,Set1,Draw5,1,col1,Midday|Set1|Draw5|col1,D,combined,1,1,1,5,1,10,**,2,1,True,2,10,57,6
NewJersey4,LS1,Midday,Set1,Draw5,1,col1,Midday|Set1|Draw5|col1,E,own,1,1,1,5,1,0,5016677**,9,6,False,4,9,29,10
NewJersey4,LS1,Midday,Set1,Draw5,1,col1,Midday|Set1|Draw5|col1,E,own,1,1,1,5,1,1,016677**,8,5,False,4,9,29,10
NewJersey4,LS1,Midday,Set1,Draw5,1,col1,Midday|Set1|Draw5|col1,E,own,1,1,1,5,1,2,0667**,6,4,False,4,9,29,10
NewJersey4,LS1,Midday,Set1,Draw5,1,col1,Midday|Set1|Draw5|col1,E,own,1,1,1,5,1,3,0667**,6,4,False,4,9,29,10
NewJersey4,LS1,Midday,Set1,Draw5,1,col1,Midday|Set1|Draw5|col1,E,own,1,1,1,5,1,4,667**,5,3,True,4,9,29,10
NewJersey4,LS1,Midday,Set1,Draw5,1,col1,Midday|Set1|Draw5|col1,E,own,1,1,1,5,1,5,66**,4,2,True,4,9,29,10
NewJersey4,LS1,Midday,Set1,Draw5,1,col1,Midday|Set1|Draw5|col1,E,own,1,1,1,5,1,6,66**,4,2,True,4,9,29,10
NewJersey4,LS1,Midday,Set1,Draw5,1,col1,Midday|Set1|Draw5|col1,E,own,1,1,1,5,1,7,6**,3,2,True,4,9,29,10
NewJersey4,LS1,Midday,Set1,Draw5,1,col1,Midday|Set1|Draw5|col1,E,own,1,1,1,5,1,8,6**,3,2,True,4,9,29,10
NewJersey4,LS1,Midday,Set1,Draw5,1,col1,Midday|Set1|Draw5|col1,E,own,1,1,1,5,1,9,**,2,1,True,4,9,29,10
NewJersey4,LS1,Midday,Set1,Draw5,1,col1,Midday|Set1|Draw5|col1,E,combined,1,1,1,5,1,0,5016677**,9,6,False,3,12,57,9
NewJersey4,LS1,Midday,Set1,Draw5,1,col1,Midday|Set1|Draw5|col1,E,combined,1,1,1,5,1,1,016677**,8,5,False,3,12,57,9
NewJersey4,LS1,Midday,Set1,Draw5,1,col1,Midday|Set1|Draw5|col1,E,combined,1,1,1,5,1,2,01667**,7,5,False,3,12,57,9
NewJersey4,LS1,Midday,Set1,Draw5,1,col1,Midday|Set1|Draw5|col1,E,combined,1,1,1,5,1,3,066**,5,3,True,3,12,57,9
NewJersey4,LS1,Midday,Set1,Draw5,1,col1,Midday|Set1|Draw5|col1,E,combined,1,1,1,5,1,4,66**,4,2,True,3,12,57,9
NewJersey4,LS1,Midday,Set1,Draw5,1,col1,Midday|Set1|Draw5|col1,E,combined,1,1,1,5,1,5,66**,4,2,True,3,12,57,9
NewJersey4,LS1,Midday,Set1,Draw5,1,col1,Midday|Set1|Draw5|col1,E,combined,1,1,1,5,1,10,6**,3,2,True,3,12,57,9
NewJersey4,LS1,Midday,Set1,Draw5,1,col1,Midday|Set1|Draw5|col1,E,combined,1,1,1,5,1,11,6**,3,2,True,3,12,57,9
NewJersey4,LS1,Midday,Set1,Draw5,1,col1,Midday|Set1|Draw5|col1,E,combined,1,1,1,5,1,12,**,2,1,True,3,12,57,9
NewJersey4,LS1,Midday,Set1,Draw5,1,col1,Midday|Set1|Draw5|col1,T,own,1,1,1,5,1,0,5016677**,9,6,False,2,2,29,3
NewJersey4,LS1,Midday,Set1,Draw5,1,col1,Midday|Set1|Draw5|col1,T,own,1,1,1,5,1,1,16677**,7,4,False,2,2,29,3
NewJersey4,LS1,Midday,Set1,Draw5,1,col1,Midday|Set1|Draw5|col1,T,own,1,1,1,5,1,2,**,2,1,True,2,2,29,3
NewJersey4,LS1,Midday,Set1,Draw5,1,col1,Midday|Set1|Draw5|col1,T,combined,1,1,1,5,1,0,5016677**,9,6,False,2,3,57,4
NewJersey4,LS1,Midday,Set1,Draw5,1,col1,Midday|Set1|Draw5|col1,T,combined,1,1,1,5,1,1,16677**,7,4,False,2,3,57,4
NewJersey4,LS1,Midday,Set1,Draw5,1,col1,Midday|Set1|Draw5|col1,T,combined,1,1,1,5,1,2,166**,5,3,True,2,3,57,4
NewJersey4,LS1,Midday,Set1,Draw5,1,col1,Midday|Set1|Draw5|col1,T,combined,1,1,1,5,1,3,**,2,1,True,2,3,57,4
NewJersey4,LS1,Midday,Set1,Draw6,2,col2,Midday|Set1|Draw6|col2,A,own,1,1,1,6,2,0,55240186677,11,8,False,4,6,29,7
NewJersey4,LS1,Midday,Set1,Draw6,2,col2,Midday|Set1|Draw6|col2,A,own,1,1,1,6,2,1,24016677,8,6,False,4,6,29,7
NewJersey4,LS1,Midday,Set1,Draw6,2,col2,Midday|Set1|Draw6|col2,A,own,1,1,1,6,2,2,406677,6,4,False,4,6,29,7
NewJersey4,LS1,Midday,Set1,Draw6,2,col2,Midday|Set1|Draw6|col2,A,own,1,1,1,6,2,3,406677,6,4,False,4,6,29,7
NewJersey4,LS1,Midday,Set1,Draw6,2,col2,Midday|Set1|Draw6|col2,A,own,1,1,1,6,2,4,6677,4,2,True,4,6,29,7
NewJersey4,LS1,Midday,Set1,Draw6,2,col2,Midday|Set1|Draw6|col2,A,own,1,1,1,6,2,5,6677,4,2,True,4,6,29,7
NewJersey4,LS1,Midday,Set1,Draw6,2,col2,Midday|Set1|Draw6|col2,A,own,1,1,1,6,2,6,66,2,1,True,4,6,29,7
NewJersey4,LS1,Midday,Set1,Draw6,2,col2,Midday|Set1|Draw6|col2,A,combined,1,1,1,6,2,0,55240186677,11,8,False,3,12,13,9
NewJersey4,LS1,Midday,Set1,Draw6,2,col2,Midday|Set1|Draw6|col2,A,combined,1,1,1,6,2,1,24016677,8,6,False,3,12,13,9
NewJersey4,LS1,Midday,Set1,Draw6,2,col2,Midday|Set1|Draw6|col2,A,combined,1,1,1,6,2,2,240166,6,5,False,3,12,13,9
NewJersey4,LS1,Midday,Set1,Draw6,2,col2,Midday|Set1|Draw6|col2,A,combined,1,1,1,6,2,3,4066,4,3,True,3,12,13,9
NewJersey4,LS1,Midday,Set1,Draw6,2,col2,Midday|Set1|Draw6|col2,A,combined,1,1,1,6,2,4,066,3,2,True,3,12,13,9
NewJersey4,LS1,Midday,Set1,Draw6,2,col2,Midday|Set1|Draw6|col2,A,combined,1,1,1,6,2,5,066,3,2,True,3,12,13,9
NewJersey4,LS1,Midday,Set1,Draw6,2,col2,Midday|Set1|Draw6|col2,A,combined,1,1,1,6,2,7,66,2,1,True,3,12,13,9
NewJersey4,LS1,Midday,Set1,Draw6,2,col2,Midday|Set1|Draw6|col2,A,combined,1,1,1,6,2,8,66,2,1,True,3,12,13,9
NewJersey4,LS1,Midday,Set1,Draw6,2,col2,Midday|Set1|Draw6|col2,A,combined,1,1,1,6,2,12,,0,0,False,3,12,13,9
NewJersey4,LS1,Midday,Set1,Draw6,2,col2,Midday|Set1|Draw6|col2,B,own,1,1,1,6,2,0,55240186677,11,8,False,2,7,8,8
NewJersey4,LS1,Midday,Set1,Draw6,2,col2,Midday|Set1|Draw6|col2,B,own,1,1,1,6,2,1,2016677,7,5,False,2,7,8,8
NewJersey4,LS1,Midday,Set1,Draw6,2,col2,Midday|Set1|Draw6|col2,B,own,1,1,1,6,2,2,06677,5,3,True,2,7,8,8
NewJersey4,LS1,Midday,Set1,Draw6,2,col2,Midday|Set1|Draw6|col2,B,own,1,1,1,6,2,3,06677,5,3,True,2,7,8,8
NewJersey4,LS1,Midday,Set1,Draw6,2,col2,Midday|Set1|Draw6|col2,B,own,1,1,1,6,2,4,6677,4,2,True,2,7,8,8
NewJersey4,LS1,Midday,Set1,Draw6,2,col2,Midday|Set1|Draw6|col2,B,own,1,1,1,6,2,5,66,2,1,True,2,7,8,8
NewJersey4,LS1,Midday,Set1,Draw6,2,col2,Midday|Set1|Draw6|col2,B,own,1,1,1,6,2,6,66,2,1,True,2,7,8,8
NewJersey4,LS1,Midday,Set1,Draw6,2,col2,Midday|Set1|Draw6|col2,B,own,1,1,1,6,2,7,,0,0,False,2,7,8,8
NewJersey4,LS1,Midday,Set1,Draw6,2,col2,Midday|Set1|Draw6|col2,B,combined,1,1,1,6,2,0,55240186677,11,8,False,3,10,11,7
NewJersey4,LS1,Midday,Set1,Draw6,2,col2,Midday|Set1|Draw6|col2,B,combined,1,1,1,6,2,1,2016677,7,5,False,3,10,11,7
NewJersey4,LS1,Midday,Set1,Draw6,2,col2,Midday|Set1|Draw6|col2,B,combined,1,1,1,6,2,2,20166,5,4,False,3,10,11,7
NewJersey4,LS1,Midday,Set1,Draw6,2,col2,Midday|Set1|Draw6|col2,B,combined,1,1,1,6,2,3,066,3,2,True,3,10,11,7
NewJersey4,LS1,Midday,Set1,Draw6,2,col2,Midday|Set1|Draw6|col2,B,combined,1,1,1,6,2,4,66,2,1,True,3,10,11,7
NewJersey4,LS1,Midday,Set1,Draw6,2,col2,Midday|Set1|Draw6|col2,B,combined,1,1,1,6,2,5,66,2,1,True,3,10,11,7
NewJersey4,LS1,Midday,Set1,Draw6,2,col2,Midday|Set1|Draw6|col2,B,combined,1,1,1,6,2,10,,0,0,False,3,10,11,7
NewJersey4,LS1,Midday,Set1,Draw6,2,col2,Midday|Set1|Draw6|col2,C,own,1,1,1,6,2,0,55240186677,11,8,False,-1,2,3,3
NewJersey4,LS1,Midday,Set1,Draw6,2,col2,Midday|Set1|Draw6|col2,C,own,1,1,1,6,2,1,216677,6,4,False,-1,2,3,3
NewJersey4,LS1,Midday,Set1,Draw6,2,col2,Midday|Set1|Draw6|col2,C,own,1,1,1,6,2,2,,0,0,False,-1,2,3,3
NewJersey4,LS1,Midday,Set1,Draw6,2,col2,Midday|Set1|Draw6|col2,C,combined,1,1,1,6,2,0,55240186677,11,8,False,2,3,4,4
NewJersey4,LS1,Midday,Set1,Draw6,2,col2,Midday|Set1|Draw6|col2,C,combined,1,1,1,6,2,1,216677,6,4,False,2,3,4,4
NewJersey4,LS1,Midday,Set1,Draw6,2,col2,Midday|Set1|Draw6|col2,C,combined,1,1,1,6,2,2,166,3,2,True,2,3,4,4
NewJersey4,LS1,Midday,Set1,Draw6,2,col2,Midday|Set1|Draw6|col2,C,combined,1,1,1,6,2,3,,0,0,False,2,3,4,4
NewJersey4,LS1,Midday,Set1,Draw6,2,col2,Midday|Set1|Draw6|col2,D,own,1,1,1,6,2,0,55240186677,11,8,False,2,7,8,7
NewJersey4,LS1,Midday,Set1,Draw6,2,col2,Midday|Set1|Draw6|col2,D,own,1,1,1,6,2,1,216677,6,4,False,2,7,8,7
NewJersey4,LS1,Midday,Set1,Draw6,2,col2,Midday|Set1|Draw6|col2,D,own,1,1,1,6,2,2,67,2,2,True,2,7,8,7
NewJersey4,LS1,Midday,Set1,Draw6,2,col2,Midday|Set1|Draw6|col2,D,own,1,1,1,6,2,3,67,2,2,True,2,7,8,7
NewJersey4,LS1,Midday,Set1,Draw6,2,col2,Midday|Set1|Draw6|col2,D,own,1,1,1,6,2,5,6,1,1,True,2,7,8,7
NewJersey4,LS1,Midday,Set1,Draw6,2,col2,Midday|Set1|Draw6|col2,D,own,1,1,1,6,2,6,6,1,1,True,2,7,8,7
NewJersey4,LS1,Midday,Set1,Draw6,2,col2,Midday|Set1|Draw6|col2,D,own,1,1,1,6,2,7,,0,0,False,2,7,8,7
NewJersey4,LS1,Midday,Set1,Draw6,2,col2,Midday|Set1|Draw6|col2,D,combined,1,1,1,6,2,0,55240186677,11,8,False,2,10,11,6
NewJersey4,LS1,Midday,Set1,Draw6,2,col2,Midday|Set1|Draw6|col2,D,combined,1,1,1,6,2,1,216677,6,4,False,2,10,11,6
NewJersey4,LS1,Midday,Set1,Draw6,2,col2,Midday|Set1|Draw6|col2,D,combined,1,1,1,6,2,2,166,3,2,True,2,10,11,6
NewJersey4,LS1,Midday,Set1,Draw6,2,col2,Midday|Set1|Draw6|col2,D,combined,1,1,1,6,2,3,6,1,1,True,2,10,11,6
NewJersey4,LS1,Midday,Set1,Draw6,2,col2,Midday|Set1|Draw6|col2,D,combined,1,1,1,6,2,4,6,1,1,True,2,10,11,6
NewJersey4,LS1,Midday,Set1,Draw6,2,col2,Midday|Set1|Draw6|col2,D,combined,1,1,1,6,2,10,,0,0,False,2,10,11,6
NewJersey4,LS1,Midday,Set1,Draw6,2,col2,Midday|Set1|Draw6|col2,E,own,1,1,1,6,2,0,55240186677,11,8,False,4,9,10,10
NewJersey4,LS1,Midday,Set1,Draw6,2,col2,Midday|Set1|Draw6|col2,E,own,1,1,1,6,2,1,52016677,8,6,False,4,9,10,10
NewJersey4,LS1,Midday,Set1,Draw6,2,col2,Midday|Set1|Draw6|col2,E,own,1,1,1,6,2,2,506677,6,4,False,4,9,10,10
NewJersey4,LS1,Midday,Set1,Draw6,2,col2,Midday|Set1|Draw6|col2,E,own,1,1,1,6,2,3,506677,6,4,False,4,9,10,10
NewJersey4,LS1,Midday,Set1,Draw6,2,col2,Midday|Set1|Draw6|col2,E,own,1,1,1,6,2,4,56677,5,3,True,4,9,10,10
NewJersey4,LS1,Midday,Set1,Draw6,2,col2,Midday|Set1|Draw6|col2,E,own,1,1,1,6,2,5,5667,4,3,True,4,9,10,10
NewJersey4,LS1,Midday,Set1,Draw6,2,col2,Midday|Set1|Draw6|col2,E,own,1,1,1,6,2,6,66,2,1,True,4,9,10,10
NewJersey4,LS1,Midday,Set1,Draw6,2,col2,Midday|Set1|Draw6|col2,E,own,1,1,1,6,2,7,6,1,1,True,4,9,10,10
NewJersey4,LS1,Midday,Set1,Draw6,2,col2,Midday|Set1|Draw6|col2,E,own,1,1,1,6,2,8,6,1,1,True,4,9,10,10
NewJersey4,LS1,Midday,Set1,Draw6,2,col2,Midday|Set1|Draw6|col2,E,own,1,1,1,6,2,9,,0,0,False,4,9,10,10
NewJersey4,LS1,Midday,Set1,Draw6,2,col2,Midday|Set1|Draw6|col2,E,combined,1,1,1,6,2,0,55240186677,11,8,False,4,12,13,11
NewJersey4,LS1,Midday,Set1,Draw6,2,col2,Midday|Set1|Draw6|col2,E,combined,1,1,1,6,2,1,52016677,8,6,False,4,12,13,11
NewJersey4,LS1,Midday,Set1,Draw6,2,col2,Midday|Set1|Draw6|col2,E,combined,1,1,1,6,2,2,5201667,7,6,False,4,12,13,11
NewJersey4,LS1,Midday,Set1,Draw6,2,col2,Midday|Set1|Draw6|col2,E,combined,1,1,1,6,2,3,50667,5,4,False,4,12,13,11
NewJersey4,LS1,Midday,Set1,Draw6,2,col2,Midday|Set1|Draw6|col2,E,combined,1,1,1,6,2,4,667,3,2,True,4,12,13,11
NewJersey4,LS1,Midday,Set1,Draw6,2,col2,Midday|Set1|Draw6|col2,E,combined,1,1,1,6,2,5,667,3,2,True,4,12,13,11
NewJersey4,LS1,Midday,Set1,Draw6,2,col2,Midday|Set1|Draw6|col2,E,combined,1,1,1,6,2,8,66,2,1,True,4,12,13,11
NewJersey4,LS1,Midday,Set1,Draw6,2,col2,Midday|Set1|Draw6|col2,E,combined,1,1,1,6,2,9,66,2,1,True,4,12,13,11
NewJersey4,LS1,Midday,Set1,Draw6,2,col2,Midday|Set1|Draw6|col2,E,combined,1,1,1,6,2,10,6,1,1,True,4,12,13,11
NewJersey4,LS1,Midday,Set1,Draw6,2,col2,Midday|Set1|Draw6|col2,E,combined,1,1,1,6,2,11,6,1,1,True,4,12,13,11
NewJersey4,LS1,Midday,Set1,Draw6,2,col2,Midday|Set1|Draw6|col2,E,combined,1,1,1,6,2,12,,0,0,False,4,12,13,11
NewJersey4,LS1,Midday,Set1,Draw6,2,col2,Midday|Set1|Draw6|col2,T,own,1,1,1,6,2,0,55240186677,11,8,False,2,6,7,5
NewJersey4,LS1,Midday,Set1,Draw6,2,col2,Midday|Set1|Draw6|col2,T,own,1,1,1,6,2,1,216677,6,4,False,2,6,7,5
NewJersey4,LS1,Midday,Set1,Draw6,2,col2,Midday|Set1|Draw6|col2,T,own,1,1,1,6,2,2,77,2,1,True,2,6,7,5
NewJersey4,LS1,Midday,Set1,Draw6,2,col2,Midday|Set1|Draw6|col2,T,own,1,1,1,6,2,3,77,2,1,True,2,6,7,5
NewJersey4,LS1,Midday,Set1,Draw6,2,col2,Midday|Set1|Draw6|col2,T,own,1,1,1,6,2,6,,0,0,False,2,6,7,5
NewJersey4,LS1,Midday,Set1,Draw6,2,col2,Midday|Set1|Draw6|col2,T,combined,1,1,1,6,2,0,55240186677,11,8,False,2,12,13,6
NewJersey4,LS1,Midday,Set1,Draw6,2,col2,Midday|Set1|Draw6|col2,T,combined,1,1,1,6,2,1,216677,6,4,False,2,12,13,6
NewJersey4,LS1,Midday,Set1,Draw6,2,col2,Midday|Set1|Draw6|col2,T,combined,1,1,1,6,2,2,166,3,2,True,2,12,13,6
NewJersey4,LS1,Midday,Set1,Draw6,2,col2,Midday|Set1|Draw6|col2,T,combined,1,1,1,6,2,3,66,2,1,True,2,12,13,6
NewJersey4,LS1,Midday,Set1,Draw6,2,col2,Midday|Set1|Draw6|col2,T,combined,1,1,1,6,2,4,66,2,1,True,2,12,13,6
NewJersey4,LS1,Midday,Set1,Draw6,2,col2,Midday|Set1|Draw6|col2,T,combined,1,1,1,6,2,12,,0,0,False,2,12,13,6
NewJersey4,LS1,Midday,Set1,Draw7,1,col1,Midday|Set1|Draw7|col1,A,own,1,1,1,7,1,0,524400136677,12,8,False,4,6,29,7
NewJersey4,LS1,Midday,Set1,Draw7,1,col1,Midday|Set1|Draw7|col1,A,own,1,1,1,7,1,1,24400136677,11,7,False,4,6,29,7
NewJersey4,LS1,Midday,Set1,Draw7,1,col1,Midday|Set1|Draw7|col1,A,own,1,1,1,7,1,2,440036677,9,5,False,4,6,29,7
NewJersey4,LS1,Midday,Set1,Draw7,1,col1,Midday|Set1|Draw7|col1,A,own,1,1,1,7,1,3,44006677,8,4,False,4,6,29,7
NewJersey4,LS1,Midday,Set1,Draw7,1,col1,Midday|Set1|Draw7|col1,A,own,1,1,1,7,1,4,6677,4,2,True,4,6,29,7
NewJersey4,LS1,Midday,Set1,Draw7,1,col1,Midday|Set1|Draw7|col1,A,own,1,1,1,7,1,5,6677,4,2,True,4,6,29,7
NewJersey4,LS1,Midday,Set1,Draw7,1,col1,Midday|Set1|Draw7|col1,A,own,1,1,1,7,1,6,66,2,1,True,4,6,29,7
NewJersey4,LS1,Midday,Set1,Draw7,1,col1,Midday|Set1|Draw7|col1,A,combined,1,1,1,7,1,0,524400136677,12,8,False,4,12,13,10
NewJersey4,LS1,Midday,Set1,Draw7,1,col1,Midday|Set1|Draw7|col1,A,combined,1,1,1,7,1,1,24400136677,11,7,False,4,12,13,10
NewJersey4,LS1,Midday,Set1,Draw7,1,col1,Midday|Set1|Draw7|col1,A,combined,1,1,1,7,1,2,244001366,9,6,False,4,12,13,10
NewJersey4,LS1,Midday,Set1,Draw7,1,col1,Midday|Set1|Draw7|col1,A,combined,1,1,1,7,1,3,4400366,7,4,False,4,12,13,10
NewJersey4,LS1,Midday,Set1,Draw7,1,col1,Midday|Set1|Draw7|col1,A,combined,1,1,1,7,1,4,00366,5,3,True,4,12,13,10
NewJersey4,LS1,Midday,Set1,Draw7,1,col1,Midday|Set1|Draw7|col1,A,combined,1,1,1,7,1,5,0066,4,2,True,4,12,13,10
NewJersey4,LS1,Midday,Set1,Draw7,1,col1,Midday|Set1|Draw7|col1,A,combined,1,1,1,7,1,6,0066,4,2,True,4,12,13,10
NewJersey4,LS1,Midday,Set1,Draw7,1,col1,Midday|Set1|Draw7|col1,A,combined,1,1,1,7,1,7,66,2,1,True,4,12,13,10
NewJersey4,LS1,Midday,Set1,Draw7,1,col1,Midday|Set1|Draw7|col1,A,combined,1,1,1,7,1,8,66,2,1,True,4,12,13,10
NewJersey4,LS1,Midday,Set1,Draw7,1,col1,Midday|Set1|Draw7|col1,A,combined,1,1,1,7,1,12,,0,0,False,4,12,13,10
NewJersey4,LS1,Midday,Set1,Draw7,1,col1,Midday|Set1|Draw7|col1,B,own,1,1,1,7,1,0,524400136677,12,8,False,2,7,8,8
NewJersey4,LS1,Midday,Set1,Draw7,1,col1,Midday|Set1|Draw7|col1,B,own,1,1,1,7,1,1,20016677,8,5,False,2,7,8,8
NewJersey4,LS1,Midday,Set1,Draw7,1,col1,Midday|Set1|Draw7|col1,B,own,1,1,1,7,1,2,006677,6,3,True,2,7,8,8
NewJersey4,LS1,Midday,Set1,Draw7,1,col1,Midday|Set1|Draw7|col1,B,own,1,1,1,7,1,3,006677,6,3,True,2,7,8,8
NewJersey4,LS1,Midday,Set1,Draw7,1,col1,Midday|Set1|Draw7|col1,B,own,1,1,1,7,1,4,6677,4,2,True,2,7,8,8
NewJersey4,LS1,Midday,Set1,Draw7,1,col1,Midday|Set1|Draw7|col1,B,own,1,1,1,7,1,5,66,2,1,True,2,7,8,8
NewJersey4,LS1,Midday,Set1,Draw7,1,col1,Midday|Set1|Draw7|col1,B,own,1,1,1,7,1,6,66,2,1,True,2,7,8,8
NewJersey4,LS1,Midday,Set1,Draw7,1,col1,Midday|Set1|Draw7|col1,B,own,1,1,1,7,1,7,,0,0,False,2,7,8,8
NewJersey4,LS1,Midday,Set1,Draw7,1,col1,Midday|Set1|Draw7|col1,B,combined,1,1,1,7,1,0,524400136677,12,8,False,3,10,11,7
NewJersey4,LS1,Midday,Set1,Draw7,1,col1,Midday|Set1|Draw7|col1,B,combined,1,1,1,7,1,1,20016677,8,5,False,3,10,11,7
NewJersey4,LS1,Midday,Set1,Draw7,1,col1,Midday|Set1|Draw7|col1,B,combined,1,1,1,7,1,2,200166,6,4,False,3,10,11,7
NewJersey4,LS1,Midday,Set1,Draw7,1,col1,Midday|Set1|Draw7|col1,B,combined,1,1,1,7,1,3,0066,4,2,True,3,10,11,7
NewJersey4,LS1,Midday,Set1,Draw7,1,col1,Midday|Set1|Draw7|col1,B,combined,1,1,1,7,1,4,66,2,1,True,3,10,11,7
NewJersey4,LS1,Midday,Set1,Draw7,1,col1,Midday|Set1|Draw7|col1,B,combined,1,1,1,7,1,5,66,2,1,True,3,10,11,7
NewJersey4,LS1,Midday,Set1,Draw7,1,col1,Midday|Set1|Draw7|col1,B,combined,1,1,1,7,1,10,,0,0,False,3,10,11,7
NewJersey4,LS1,Midday,Set1,Draw7,1,col1,Midday|Set1|Draw7|col1,C,own,1,1,1,7,1,0,524400136677,12,8,False,-1,2,3,3
NewJersey4,LS1,Midday,Set1,Draw7,1,col1,Midday|Set1|Draw7|col1,C,own,1,1,1,7,1,1,216677,6,4,False,-1,2,3,3
NewJersey4,LS1,Midday,Set1,Draw7,1,col1,Midday|Set1|Draw7|col1,C,own,1,1,1,7,1,2,,0,0,False,-1,2,3,3
NewJersey4,LS1,Midday,Set1,Draw7,1,col1,Midday|Set1|Draw7|col1,C,combined,1,1,1,7,1,0,524400136677,12,8,False,2,3,4,4
NewJersey4,LS1,Midday,Set1,Draw7,1,col1,Midday|Set1|Draw7|col1,C,combined,1,1,1,7,1,1,216677,6,4,False,2,3,4,4
NewJersey4,LS1,Midday,Set1,Draw7,1,col1,Midday|Set1|Draw7|col1,C,combined,1,1,1,7,1,2,166,3,2,True,2,3,4,4
NewJersey4,LS1,Midday,Set1,Draw7,1,col1,Midday|Set1|Draw7|col1,C,combined,1,1,1,7,1,3,,0,0,False,2,3,4,4
NewJersey4,LS1,Midday,Set1,Draw7,1,col1,Midday|Set1|Draw7|col1,D,own,1,1,1,7,1,0,524400136677,12,8,False,3,7,8,8
NewJersey4,LS1,Midday,Set1,Draw7,1,col1,Midday|Set1|Draw7|col1,D,own,1,1,1,7,1,1,24016677,8,6,False,3,7,8,8
NewJersey4,LS1,Midday,Set1,Draw7,1,col1,Midday|Set1|Draw7|col1,D,own,1,1,1,7,1,2,4067,4,4,False,3,7,8,8
NewJersey4,LS1,Midday,Set1,Draw7,1,col1,Midday|Set1|Draw7|col1,D,own,1,1,1,7,1,3,067,3,3,True,3,7,8,8
NewJersey4,LS1,Midday,Set1,Draw7,1,col1,Midday|Set1|Draw7|col1,D,own,1,1,1,7,1,4,67,2,2,True,3,7,8,8
NewJersey4,LS1,Midday,Set1,Draw7,1,col1,Midday|Set1|Draw7|col1,D,own,1,1,1,7,1,5,6,1,1,True,3,7,8,8
NewJersey4,LS1,Midday,Set1,Draw7,1,col1,Midday|Set1|Draw7|col1,D,own,1,1,1,7,1,6,6,1,1,True,3,7,8,8
NewJersey4,LS1,Midday,Set1,Draw7,1,col1,Midday|Set1|Draw7|col1,D,own,1,1,1,7,1,7,,0,0,False,3,7,8,8
NewJersey4,LS1,Midday,Set1,Draw7,1,col1,Midday|Set1|Draw7|col1,D,combined,1,1,1,7,1,0,524400136677,12,8,False,3,10,11,7
NewJersey4,LS1,Midday,Set1,Draw7,1,col1,Midday|Set1|Draw7|col1,D,combined,1,1,1,7,1,1,24016677,8,6,False,3,10,11,7
NewJersey4,LS1,Midday,Set1,Draw7,1,col1,Midday|Set1|Draw7|col1,D,combined,1,1,1,7,1,2,40166,5,4,False,3,10,11,7
NewJersey4,LS1,Midday,Set1,Draw7,1,col1,Midday|Set1|Draw7|col1,D,combined,1,1,1,7,1,3,406,3,3,True,3,10,11,7
NewJersey4,LS1,Midday,Set1,Draw7,1,col1,Midday|Set1|Draw7|col1,D,combined,1,1,1,7,1,4,6,1,1,True,3,10,11,7
NewJersey4,LS1,Midday,Set1,Draw7,1,col1,Midday|Set1|Draw7|col1,D,combined,1,1,1,7,1,5,6,1,1,True,3,10,11,7
NewJersey4,LS1,Midday,Set1,Draw7,1,col1,Midday|Set1|Draw7|col1,D,combined,1,1,1,7,1,10,,0,0,False,3,10,11,7
NewJersey4,LS1,Midday,Set1,Draw7,1,col1,Midday|Set1|Draw7|col1,E,own,1,1,1,7,1,0,524400136677,12,8,False,3,9,10,10
NewJersey4,LS1,Midday,Set1,Draw7,1,col1,Midday|Set1|Draw7|col1,E,own,1,1,1,7,1,1,240016677,9,6,False,3,9,10,10
NewJersey4,LS1,Midday,Set1,Draw7,1,col1,Midday|Set1|Draw7|col1,E,own,1,1,1,7,1,2,4006677,7,4,False,3,9,10,10
NewJersey4,LS1,Midday,Set1,Draw7,1,col1,Midday|Set1|Draw7|col1,E,own,1,1,1,7,1,3,006677,6,3,True,3,9,10,10
NewJersey4,LS1,Midday,Set1,Draw7,1,col1,Midday|Set1|Draw7|col1,E,own,1,1,1,7,1,4,06677,5,3,True,3,9,10,10
NewJersey4,LS1,Midday,Set1,Draw7,1,col1,Midday|Set1|Draw7|col1,E,own,1,1,1,7,1,5,0667,4,3,True,3,9,10,10
NewJersey4,LS1,Midday,Set1,Draw7,1,col1,Midday|Set1|Draw7|col1,E,own,1,1,1,7,1,6,66,2,1,True,3,9,10,10
NewJersey4,LS1,Midday,Set1,Draw7,1,col1,Midday|Set1|Draw7|col1,E,own,1,1,1,7,1,7,6,1,1,True,3,9,10,10
NewJersey4,LS1,Midday,Set1,Draw7,1,col1,Midday|Set1|Draw7|col1,E,own,1,1,1,7,1,8,6,1,1,True,3,9,10,10
NewJersey4,LS1,Midday,Set1,Draw7,1,col1,Midday|Set1|Draw7|col1,E,own,1,1,1,7,1,9,,0,0,False,3,9,10,10
NewJersey4,LS1,Midday,Set1,Draw7,1,col1,Midday|Set1|Draw7|col1,E,combined,1,1,1,7,1,0,524400136677,12,8,False,4,12,13,11
NewJersey4,LS1,Midday,Set1,Draw7,1,col1,Midday|Set1|Draw7|col1,E,combined,1,1,1,7,1,1,240016677,9,6,False,4,12,13,11
NewJersey4,LS1,Midday,Set1,Draw7,1,col1,Midday|Set1|Draw7|col1,E,combined,1,1,1,7,1,2,24001667,8,6,False,4,12,13,11
NewJersey4,LS1,Midday,Set1,Draw7,1,col1,Midday|Set1|Draw7|col1,E,combined,1,1,1,7,1,3,400667,6,4,False,4,12,13,11
NewJersey4,LS1,Midday,Set1,Draw7,1,col1,Midday|Set1|Draw7|col1,E,combined,1,1,1,7,1,4,667,3,2,True,4,12,13,11
NewJersey4,LS1,Midday,Set1,Draw7,1,col1,Midday|Set1|Draw7|col1,E,combined,1,1,1,7,1,5,667,3,2,True,4,12,13,11
NewJersey4,LS1,Midday,Set1,Draw7,1,col1,Midday|Set1|Draw7|col1,E,combined,1,1,1,7,1,8,66,2,1,True,4,12,13,11
NewJersey4,LS1,Midday,Set1,Draw7,1,col1,Midday|Set1|Draw7|col1,E,combined,1,1,1,7,1,9,66,2,1,True,4,12,13,11
NewJersey4,LS1,Midday,Set1,Draw7,1,col1,Midday|Set1|Draw7|col1,E,combined,1,1,1,7,1,10,6,1,1,True,4,12,13,11
NewJersey4,LS1,Midday,Set1,Draw7,1,col1,Midday|Set1|Draw7|col1,E,combined,1,1,1,7,1,11,6,1,1,True,4,12,13,11
NewJersey4,LS1,Midday,Set1,Draw7,1,col1,Midday|Set1|Draw7|col1,E,combined,1,1,1,7,1,12,,0,0,False,4,12,13,11
NewJersey4,LS1,Midday,Set1,Draw7,1,col1,Midday|Set1|Draw7|col1,T,own,1,1,1,7,1,0,524400136677,12,8,False,2,6,7,5
NewJersey4,LS1,Midday,Set1,Draw7,1,col1,Midday|Set1|Draw7|col1,T,own,1,1,1,7,1,1,216677,6,4,False,2,6,7,5
NewJersey4,LS1,Midday,Set1,Draw7,1,col1,Midday|Set1|Draw7|col1,T,own,1,1,1,7,1,2,77,2,1,True,2,6,7,5
NewJersey4,LS1,Midday,Set1,Draw7,1,col1,Midday|Set1|Draw7|col1,T,own,1,1,1,7,1,3,77,2,1,True,2,6,7,5
NewJersey4,LS1,Midday,Set1,Draw7,1,col1,Midday|Set1|Draw7|col1,T,own,1,1,1,7,1,6,,0,0,False,2,6,7,5
NewJersey4,LS1,Midday,Set1,Draw7,1,col1,Midday|Set1|Draw7|col1,T,combined,1,1,1,7,1,0,524400136677,12,8,False,2,12,13,6
NewJersey4,LS1,Midday,Set1,Draw7,1,col1,Midday|Set1|Draw7|col1,T,combined,1,1,1,7,1,1,216677,6,4,False,2,12,13,6
NewJersey4,LS1,Midday,Set1,Draw7,1,col1,Midday|Set1|Draw7|col1,T,combined,1,1,1,7,1,2,166,3,2,True,2,12,13,6
NewJersey4,LS1,Midday,Set1,Draw7,1,col1,Midday|Set1|Draw7|col1,T,combined,1,1,1,7,1,3,66,2,1,True,2,12,13,6
NewJersey4,LS1,Midday,Set1,Draw7,1,col1,Midday|Set1|Draw7|col1,T,combined,1,1,1,7,1,4,66,2,1,True,2,12,13,6
NewJersey4,LS1,Midday,Set1,Draw7,1,col1,Midday|Set1|Draw7|col1,T,combined,1,1,1,7,1,12,,0,0,False,2,12,13,6
NewJersey4,LS1,Evening,Set3,Draw1,7,col7,Evening|Set3|Draw1|col7,A,own,1,2,3,1,7,0,592200388677,12,8,False,5,6,7,7
NewJersey4,LS1,Evening,Set3,Draw1,7,col7,Evening|Set3|Draw1|col7,A,own,1,2,3,1,7,1,59220036,8,6,False,5,6,7,7
NewJersey4,LS1,Evening,Set3,Draw1,7,col7,Evening|Set3|Draw1|col7,A,own,1,2,3,1,7,2,9220036,7,5,False,5,6,7,7
NewJersey4,LS1,Evening,Set3,Draw1,7,col7,Evening|Set3|Draw1|col7,A,own,1,2,3,1,7,3,9220036,7,5,False,5,6,7,7
NewJersey4,LS1,Evening,Set3,Draw1,7,col7,Evening|Set3|Draw1|col7,A,own,1,2,3,1,7,4,92236,5,4,False,5,6,7,7
NewJersey4,LS1,Evening,Set3,Draw1,7,col7,Evening|Set3|Draw1|col7,A,own,1,2,3,1,7,5,9226,4,3,True,5,6,7,7
NewJersey4,LS1,Evening,Set3,Draw1,7,col7,Evening|Set3|Draw1|col7,A,own,1,2,3,1,7,6,,0,0,False,5,6,7,7
NewJersey4,LS1,Evening,Set3,Draw1,7,col7,Evening|Set3|Draw1|col7,A,combined,1,2,3,1,7,0,592200388677,12,8,False,4,11,12,10
NewJersey4,LS1,Evening,Set3,Draw1,7,col7,Evening|Set3|Draw1|col7,A,combined,1,2,3,1,7,1,59220036,8,6,False,4,11,12,10
NewJersey4,LS1,Evening,Set3,Draw1,7,col7,Evening|Set3|Draw1|col7,A,combined,1,2,3,1,7,2,220036,6,4,False,4,11,12,10
NewJersey4,LS1,Evening,Set3,Draw1,7,col7,Evening|Set3|Draw1|col7,A,combined,1,2,3,1,7,3,220036,6,4,False,4,11,12,10
NewJersey4,LS1,Evening,Set3,Draw1,7,col7,Evening|Set3|Draw1|col7,A,combined,1,2,3,1,7,4,0036,4,3,True,4,11,12,10
NewJersey4,LS1,Evening,Set3,Draw1,7,col7,Evening|Set3|Draw1|col7,A,combined,1,2,3,1,7,5,0036,4,3,True,4,11,12,10
NewJersey4,LS1,Evening,Set3,Draw1,7,col7,Evening|Set3|Draw1|col7,A,combined,1,2,3,1,7,6,006,3,2,True,4,11,12,10
NewJersey4,LS1,Evening,Set3,Draw1,7,col7,Evening|Set3|Draw1|col7,A,combined,1,2,3,1,7,7,6,1,1,True,4,11,12,10
NewJersey4,LS1,Evening,Set3,Draw1,7,col7,Evening|Set3|Draw1|col7,A,combined,1,2,3,1,7,8,6,1,1,True,4,11,12,10
NewJersey4,LS1,Evening,Set3,Draw1,7,col7,Evening|Set3|Draw1|col7,A,combined,1,2,3,1,7,11,,0,0,False,4,11,12,10
NewJersey4,LS1,Evening,Set3,Draw1,7,col7,Evening|Set3|Draw1|col7,B,own,1,2,3,1,7,0,592200388677,12,8,False,2,5,6,6
NewJersey4,LS1,Evening,Set3,Draw1,7,col7,Evening|Set3|Draw1|col7,B,own,1,2,3,1,7,1,5922006,7,5,False,2,5,6,6
NewJersey4,LS1,Evening,Set3,Draw1,7,col7,Evening|Set3|Draw1|col7,B,own,1,2,3,1,7,2,226,3,2,True,2,5,6,6
NewJersey4,LS1,Evening,Set3,Draw1,7,col7,Evening|Set3|Draw1|col7,B,own,1,2,3,1,7,3,226,3,2,True,2,5,6,6
NewJersey4,LS1,Evening,Set3,Draw1,7,col7,Evening|Set3|Draw1|col7,B,own,1,2,3,1,7,4,6,1,1,True,2,5,6,6
NewJersey4,LS1,Evening,Set3,Draw1,7,col7,Evening|Set3|Draw1|col7,B,own,1,2,3,1,7,5,,0,0,False,2,5,6,6
NewJersey4,LS1,Evening,Set3,Draw1,7,col7,Evening|Set3|Draw1|col7,B,combined,1,2,3,1,7,0,592200388677,12,8,False,2,4,5,5
NewJersey4,LS1,Evening,Set3,Draw1,7,col7,Evening|Set3|Draw1|col7,B,combined,1,2,3,1,7,1,5922006,7,5,False,2,4,5,5
NewJersey4,LS1,Evening,Set3,Draw1,7,col7,Evening|Set3|Draw1|col7,B,combined,1,2,3,1,7,2,22006,5,3,True,2,4,5,5
NewJersey4,LS1,Evening,Set3,Draw1,7,col7,Evening|Set3|Draw1|col7,B,combined,1,2,3,1,7,3,226,3,2,True,2,4,5,5
NewJersey4,LS1,Evening,Set3,Draw1,7,col7,Evening|Set3|Draw1|col7,B,combined,1,2,3,1,7,4,,0,0,False,2,4,5,5
NewJersey4,LS1,Evening,Set3,Draw1,7,col7,Evening|Set3|Draw1|col7,C,own,1,2,3,1,7,0,592200388677,12,8,False,2,5,6,5
NewJersey4,LS1,Evening,Set3,Draw1,7,col7,Evening|Set3|Draw1|col7,C,own,1,2,3,1,7,1,59006,5,4,False,2,5,6,5
NewJersey4,LS1,Evening,Set3,Draw1,7,col7,Evening|Set3|Draw1|col7,C,own,1,2,3,1,7,2,6,1,1,True,2,5,6,5
NewJersey4,LS1,Evening,Set3,Draw1,7,col7,Evening|Set3|Draw1|col7,C,own,1,2,3,1,7,3,6,1,1,True,2,5,6,5
NewJersey4,LS1,Evening,Set3,Draw1,7,col7,Evening|Set3|Draw1|col7,C,own,1,2,3,1,7,5,,0,0,False,2,5,6,5
NewJersey4,LS1,Evening,Set3,Draw1,7,col7,Evening|Set3|Draw1|col7,C,combined,1,2,3,1,7,0,592200388677,12,8,False,2,4,5,5
NewJersey4,LS1,Evening,Set3,Draw1,7,col7,Evening|Set3|Draw1|col7,C,combined,1,2,3,1,7,1,59006,5,4,False,2,4,5,5
NewJersey4,LS1,Evening,Set3,Draw1,7,col7,Evening|Set3|Draw1|col7,C,combined,1,2,3,1,7,2,6,1,1,True,2,4,5,5
NewJersey4,LS1,Evening,Set3,Draw1,7,col7,Evening|Set3|Draw1|col7,C,combined,1,2,3,1,7,3,6,1,1,True,2,4,5,5
NewJersey4,LS1,Evening,Set3,Draw1,7,col7,Evening|Set3|Draw1|col7,C,combined,1,2,3,1,7,4,,0,0,False,2,4,5,5
NewJersey4,LS1,Evening,Set3,Draw1,7,col7,Evening|Set3|Draw1|col7,D,own,1,2,3,1,7,0,592200388677,12,8,False,2,5,6,6
NewJersey4,LS1,Evening,Set3,Draw1,7,col7,Evening|Set3|Draw1|col7,D,own,1,2,3,1,7,1,592006,6,5,False,2,5,6,6
NewJersey4,LS1,Evening,Set3,Draw1,7,col7,Evening|Set3|Draw1|col7,D,own,1,2,3,1,7,2,26,2,2,True,2,5,6,6
NewJersey4,LS1,Evening,Set3,Draw1,7,col7,Evening|Set3|Draw1|col7,D,own,1,2,3,1,7,3,26,2,2,True,2,5,6,6
NewJersey4,LS1,Evening,Set3,Draw1,7,col7,Evening|Set3|Draw1|col7,D,own,1,2,3,1,7,4,6,1,1,True,2,5,6,6
NewJersey4,LS1,Evening,Set3,Draw1,7,col7,Evening|Set3|Draw1|col7,D,own,1,2,3,1,7,5,,0,0,False,2,5,6,6
NewJersey4,LS1,Evening,Set3,Draw1,7,col7,Evening|Set3|Draw1|col7,D,combined,1,2,3,1,7,0,592200388677,12,8,False,2,4,5,5
NewJersey4,LS1,Evening,Set3,Draw1,7,col7,Evening|Set3|Draw1|col7,D,combined,1,2,3,1,7,1,592006,6,5,False,2,4,5,5
NewJersey4,LS1,Evening,Set3,Draw1,7,col7,Evening|Set3|Draw1|col7,D,combined,1,2,3,1,7,2,206,3,3,True,2,4,5,5
NewJersey4,LS1,Evening,Set3,Draw1,7,col7,Evening|Set3|Draw1|col7,D,combined,1,2,3,1,7,3,26,2,2,True,2,4,5,5
NewJersey4,LS1,Evening,Set3,Draw1,7,col7,Evening|Set3|Draw1|col7,D,combined,1,2,3,1,7,4,,0,0,False,2,4,5,5
NewJersey4,LS1,Evening,Set3,Draw1,7,col7,Evening|Set3|Draw1|col7,E,own,1,2,3,1,7,0,592200388677,12,8,False,4,8,9,9
NewJersey4,LS1,Evening,Set3,Draw1,7,col7,Evening|Set3|Draw1|col7,E,own,1,2,3,1,7,1,592200367,9,7,False,4,8,9,9
NewJersey4,LS1,Evening,Set3,Draw1,7,col7,Evening|Set3|Draw1|col7,E,own,1,2,3,1,7,2,220367,6,5,False,4,8,9,9
NewJersey4,LS1,Evening,Set3,Draw1,7,col7,Evening|Set3|Draw1|col7,E,own,1,2,3,1,7,3,22367,5,4,False,4,8,9,9
NewJersey4,LS1,Evening,Set3,Draw1,7,col7,Evening|Set3|Draw1|col7,E,own,1,2,3,1,7,4,2236,4,3,True,4,8,9,9
NewJersey4,LS1,Evening,Set3,Draw1,7,col7,Evening|Set3|Draw1|col7,E,own,1,2,3,1,7,5,22,2,1,True,4,8,9,9
NewJersey4,LS1,Evening,Set3,Draw1,7,col7,Evening|Set3|Draw1|col7,E,own,1,2,3,1,7,6,2,1,1,True,4,8,9,9
NewJersey4,LS1,Evening,Set3,Draw1,7,col7,Evening|Set3|Draw1|col7,E,own,1,2,3,1,7,7,2,1,1,True,4,8,9,9
NewJersey4,LS1,Evening,Set3,Draw1,7,col7,Evening|Set3|Draw1|col7,E,own,1,2,3,1,7,8,,0,0,False,4,8,9,9
NewJersey4,LS1,Evening,Set3,Draw1,7,col7,Evening|Set3|Draw1|col7,E,combined,1,2,3,1,7,0,592200388677,12,8,False,3,10,11,9
NewJersey4,LS1,Evening,Set3,Draw1,7,col7,Evening|Set3|Draw1|col7,E,combined,1,2,3,1,7,1,592200367,9,7,False,3,10,11,9
NewJersey4,LS1,Evening,Set3,Draw1,7,col7,Evening|Set3|Draw1|col7,E,combined,1,2,3,1,7,2,220067,6,4,False,3,10,11,9
NewJersey4,LS1,Evening,Set3,Draw1,7,col7,Evening|Set3|Draw1|col7,E,combined,1,2,3,1,7,3,2267,4,3,True,3,10,11,9
NewJersey4,LS1,Evening,Set3,Draw1,7,col7,Evening|Set3|Draw1|col7,E,combined,1,2,3,1,7,4,27,2,2,True,3,10,11,9
NewJersey4,LS1,Evening,Set3,Draw1,7,col7,Evening|Set3|Draw1|col7,E,combined,1,2,3,1,7,5,27,2,2,True,3,10,11,9
NewJersey4,LS1,Evening,Set3,Draw1,7,col7,Evening|Set3|Draw1|col7,E,combined,1,2,3,1,7,7,2,1,1,True,3,10,11,9
NewJersey4,LS1,Evening,Set3,Draw1,7,col7,Evening|Set3|Draw1|col7,E,combined,1,2,3,1,7,8,2,1,1,True,3,10,11,9
NewJersey4,LS1,Evening,Set3,Draw1,7,col7,Evening|Set3|Draw1|col7,E,combined,1,2,3,1,7,10,,0,0,False,3,10,11,9
NewJersey4,LS1,Evening,Set3,Draw1,7,col7,Evening|Set3|Draw1|col7,T,own,1,2,3,1,7,0,592200388677,12,8,False,2,6,7,5
NewJersey4,LS1,Evening,Set3,Draw1,7,col7,Evening|Set3|Draw1|col7,T,own,1,2,3,1,7,1,59006,5,4,False,2,6,7,5
NewJersey4,LS1,Evening,Set3,Draw1,7,col7,Evening|Set3|Draw1|col7,T,own,1,2,3,1,7,2,96,2,2,True,2,6,7,5
NewJersey4,LS1,Evening,Set3,Draw1,7,col7,Evening|Set3|Draw1|col7,T,own,1,2,3,1,7,3,96,2,2,True,2,6,7,5
NewJersey4,LS1,Evening,Set3,Draw1,7,col7,Evening|Set3|Draw1|col7,T,own,1,2,3,1,7,6,,0,0,False,2,6,7,5
NewJersey4,LS1,Evening,Set3,Draw1,7,col7,Evening|Set3|Draw1|col7,T,combined,1,2,3,1,7,0,592200388677,12,8,False,2,11,12,7
NewJersey4,LS1,Evening,Set3,Draw1,7,col7,Evening|Set3|Draw1|col7,T,combined,1,2,3,1,7,1,59006,5,4,False,2,11,12,7
NewJersey4,LS1,Evening,Set3,Draw1,7,col7,Evening|Set3|Draw1|col7,T,combined,1,2,3,1,7,2,006,3,2,True,2,11,12,7
NewJersey4,LS1,Evening,Set3,Draw1,7,col7,Evening|Set3|Draw1|col7,T,combined,1,2,3,1,7,3,006,3,2,True,2,11,12,7
NewJersey4,LS1,Evening,Set3,Draw1,7,col7,Evening|Set3|Draw1|col7,T,combined,1,2,3,1,7,7,6,1,1,True,2,11,12,7
NewJersey4,LS1,Evening,Set3,Draw1,7,col7,Evening|Set3|Draw1|col7,T,combined,1,2,3,1,7,8,6,1,1,True,2,11,12,7
NewJersey4,LS1,Evening,Set3,Draw1,7,col7,Evening|Set3|Draw1|col7,T,combined,1,2,3,1,7,11,,0,0,False,2,11,12,7
NewJersey4,LS1,Evening,Set3,Draw1,6,col6,Evening|Set3|Draw1|col6,A,own,1,2,3,1,6,0,920088677,9,6,False,4,6,7,7
NewJersey4,LS1,Evening,Set3,Draw1,6,col6,Evening|Set3|Draw1|col6,A,own,1,2,3,1,6,1,92006,5,4,False,4,6,7,7
NewJersey4,LS1,Evening,Set3,Draw1,6,col6,Evening|Set3|Draw1|col6,A,own,1,2,3,1,6,2,92006,5,4,False,4,6,7,7
NewJersey4,LS1,Evening,Set3,Draw1,6,col6,Evening|Set3|Draw1|col6,A,own,1,2,3,1,6,3,92006,5,4,False,4,6,7,7
NewJersey4,LS1,Evening,Set3,Draw1,6,col6,Evening|Set3|Draw1|col6,A,own,1,2,3,1,6,4,926,3,3,True,4,6,7,7
NewJersey4,LS1,Evening,Set3,Draw1,6,col6,Evening|Set3|Draw1|col6,A,own,1,2,3,1,6,5,926,3,3,True,4,6,7,7
NewJersey4,LS1,Evening,Set3,Draw1,6,col6,Evening|Set3|Draw1|col6,A,own,1,2,3,1,6,6,,0,0,False,4,6,7,7
NewJersey4,LS1,Evening,Set3,Draw1,6,col6,Evening|Set3|Draw1|col6,A,combined,1,2,3,1,6,0,920088677,9,6,False,2,11,12,9
NewJersey4,LS1,Evening,Set3,Draw1,6,col6,Evening|Set3|Draw1|col6,A,combined,1,2,3,1,6,1,92006,5,4,False,2,11,12,9
NewJersey4,LS1,Evening,Set3,Draw1,6,col6,Evening|Set3|Draw1|col6,A,combined,1,2,3,1,6,2,2006,4,3,True,2,11,12,9
NewJersey4,LS1,Evening,Set3,Draw1,6,col6,Evening|Set3|Draw1|col6,A,combined,1,2,3,1,6,3,2006,4,3,True,2,11,12,9
NewJersey4,LS1,Evening,Set3,Draw1,6,col6,Evening|Set3|Draw1|col6,A,combined,1,2,3,1,6,4,006,3,2,True,2,11,12,9
NewJersey4,LS1,Evening,Set3,Draw1,6,col6,Evening|Set3|Draw1|col6,A,combined,1,2,3,1,6,5,006,3,2,True,2,11,12,9
NewJersey4,LS1,Evening,Set3,Draw1,6,col6,Evening|Set3|Draw1|col6,A,combined,1,2,3,1,6,7,6,1,1,True,2,11,12,9
NewJersey4,LS1,Evening,Set3,Draw1,6,col6,Evening|Set3|Draw1|col6,A,combined,1,2,3,1,6,8,6,1,1,True,2,11,12,9
NewJersey4,LS1,Evening,Set3,Draw1,6,col6,Evening|Set3|Draw1|col6,A,combined,1,2,3,1,6,11,,0,0,False,2,11,12,9
NewJersey4,LS1,Evening,Set3,Draw1,6,col6,Evening|Set3|Draw1|col6,B,own,1,2,3,1,6,0,920088677,9,6,False,2,5,6,6
NewJersey4,LS1,Evening,Set3,Draw1,6,col6,Evening|Set3|Draw1|col6,B,own,1,2,3,1,6,1,92006,5,4,False,2,5,6,6
NewJersey4,LS1,Evening,Set3,Draw1,6,col6,Evening|Set3|Draw1|col6,B,own,1,2,3,1,6,2,26,2,2,True,2,5,6,6
NewJersey4,LS1,Evening,Set3,Draw1,6,col6,Evening|Set3|Draw1|col6,B,own,1,2,3,1,6,3,26,2,2,True,2,5,6,6
NewJersey4,LS1,Evening,Set3,Draw1,6,col6,Evening|Set3|Draw1|col6,B,own,1,2,3,1,6,4,6,1,1,True,2,5,6,6
NewJersey4,LS1,Evening,Set3,Draw1,6,col6,Evening|Set3|Draw1|col6,B,own,1,2,3,1,6,5,,0,0,False,2,5,6,6
NewJersey4,LS1,Evening,Set3,Draw1,6,col6,Evening|Set3|Draw1|col6,B,combined,1,2,3,1,6,0,920088677,9,6,False,2,4,5,5
NewJersey4,LS1,Evening,Set3,Draw1,6,col6,Evening|Set3|Draw1|col6,B,combined,1,2,3,1,6,1,92006,5,4,False,2,4,5,5
NewJersey4,LS1,Evening,Set3,Draw1,6,col6,Evening|Set3|Draw1|col6,B,combined,1,2,3,1,6,2,26,2,2,True,2,4,5,5
NewJersey4,LS1,Evening,Set3,Draw1,6,col6,Evening|Set3|Draw1|col6,B,combined,1,2,3,1,6,3,26,2,2,True,2,4,5,5
NewJersey4,LS1,Evening,Set3,Draw1,6,col6,Evening|Set3|Draw1|col6,B,combined,1,2,3,1,6,4,,0,0,False,2,4,5,5
NewJersey4,LS1,Evening,Set3,Draw1,6,col6,Evening|Set3|Draw1|col6,C,own,1,2,3,1,6,0,920088677,9,6,False,1,5,6,5
NewJersey4,LS1,Evening,Set3,Draw1,6,col6,Evening|Set3|Draw1|col6,C,own,1,2,3,1,6,1,9006,4,3,True,1,5,6,5
NewJersey4,LS1,Evening,Set3,Draw1,6,col6,Evening|Set3|Draw1|col6,C,own,1,2,3,1,6,2,6,1,1,True,1,5,6,5
NewJersey4,LS1,Evening,Set3,Draw1,6,col6,Evening|Set3|Draw1|col6,C,own,1,2,3,1,6,3,6,1,1,True,1,5,6,5
NewJersey4,LS1,Evening,Set3,Draw1,6,col6,Evening|Set3|Draw1|col6,C,own,1,2,3,1,6,5,,0,0,False,1,5,6,5
NewJersey4,LS1,Evening,Set3,Draw1,6,col6,Evening|Set3|Draw1|col6,C,combined,1,2,3,1,6,0,920088677,9,6,False,1,4,5,5
NewJersey4,LS1,Evening,Set3,Draw1,6,col6,Evening|Set3|Draw1|col6,C,combined,1,2,3,1,6,1,9006,4,3,True,1,4,5,5
NewJersey4,LS1,Evening,Set3,Draw1,6,col6,Evening|Set3|Draw1|col6,C,combined,1,2,3,1,6,2,6,1,1,True,1,4,5,5
NewJersey4,LS1,Evening,Set3,Draw1,6,col6,Evening|Set3|Draw1|col6,C,combined,1,2,3,1,6,3,6,1,1,True,1,4,5,5
NewJersey4,LS1,Evening,Set3,Draw1,6,col6,Evening|Set3|Draw1|col6,C,combined,1,2,3,1,6,4,,0,0,False,1,4,5,5
NewJersey4,LS1,Evening,Set3,Draw1,6,col6,Evening|Set3|Draw1|col6,D,own,1,2,3,1,6,0,920088677,9,6,False,1,5,6,5
NewJersey4,LS1,Evening,Set3,Draw1,6,col6,Evening|Set3|Draw1|col6,D,own,1,2,3,1,6,1,9006,4,3,True,1,5,6,5
NewJersey4,LS1,Evening,Set3,Draw1,6,col6,Evening|Set3|Draw1|col6,D,own,1,2,3,1,6,2,6,1,1,True,1,5,6,5
NewJersey4,LS1,Evening,Set3,Draw1,6,col6,Evening|Set3|Draw1|col6,D,own,1,2,3,1,6,3,6,1,1,True,1,5,6,5
NewJersey4,LS1,Evening,Set3,Draw1,6,col6,Evening|Set3|Draw1|col6,D,own,1,2,3,1,6,5,,0,0,False,1,5,6,5
NewJersey4,LS1,Evening,Set3,Draw1,6,col6,Evening|Set3|Draw1|col6,D,combined,1,2,3,1,6,0,920088677,9,6,False,1,4,5,5
NewJersey4,LS1,Evening,Set3,Draw1,6,col6,Evening|Set3|Draw1|col6,D,combined,1,2,3,1,6,1,9006,4,3,True,1,4,5,5
NewJersey4,LS1,Evening,Set3,Draw1,6,col6,Evening|Set3|Draw1|col6,D,combined,1,2,3,1,6,2,06,2,2,True,1,4,5,5
NewJersey4,LS1,Evening,Set3,Draw1,6,col6,Evening|Set3|Draw1|col6,D,combined,1,2,3,1,6,3,6,1,1,True,1,4,5,5
NewJersey4,LS1,Evening,Set3,Draw1,6,col6,Evening|Set3|Draw1|col6,D,combined,1,2,3,1,6,4,,0,0,False,1,4,5,5
NewJersey4,LS1,Evening,Set3,Draw1,6,col6,Evening|Set3|Draw1|col6,E,own,1,2,3,1,6,0,920088677,9,6,False,2,6,7,7
NewJersey4,LS1,Evening,Set3,Draw1,6,col6,Evening|Set3|Draw1|col6,E,own,1,2,3,1,6,1,920067,6,5,False,2,6,7,7
NewJersey4,LS1,Evening,Set3,Draw1,6,col6,Evening|Set3|Draw1|col6,E,own,1,2,3,1,6,2,267,3,3,True,2,6,7,7
NewJersey4,LS1,Evening,Set3,Draw1,6,col6,Evening|Set3|Draw1|col6,E,own,1,2,3,1,6,3,267,3,3,True,2,6,7,7
NewJersey4,LS1,Evening,Set3,Draw1,6,col6,Evening|Set3|Draw1|col6,E,own,1,2,3,1,6,4,26,2,2,True,2,6,7,7
NewJersey4,LS1,Evening,Set3,Draw1,6,col6,Evening|Set3|Draw1|col6,E,own,1,2,3,1,6,5,2,1,1,True,2,6,7,7
NewJersey4,LS1,Evening,Set3,Draw1,6,col6,Evening|Set3|Draw1|col6,E,own,1,2,3,1,6,6,,0,0,False,2,6,7,7
NewJersey4,LS1,Evening,Set3,Draw1,6,col6,Evening|Set3|Draw1|col6,E,combined,1,2,3,1,6,0,920088677,9,6,False,3,7,8,7
NewJersey4,LS1,Evening,Set3,Draw1,6,col6,Evening|Set3|Draw1|col6,E,combined,1,2,3,1,6,1,920067,6,5,False,3,7,8,7
NewJersey4,LS1,Evening,Set3,Draw1,6,col6,Evening|Set3|Draw1|col6,E,combined,1,2,3,1,6,2,2067,4,4,False,3,7,8,7
NewJersey4,LS1,Evening,Set3,Draw1,6,col6,Evening|Set3|Draw1|col6,E,combined,1,2,3,1,6,3,267,3,3,True,3,7,8,7
NewJersey4,LS1,Evening,Set3,Draw1,6,col6,Evening|Set3|Draw1|col6,E,combined,1,2,3,1,6,4,7,1,1,True,3,7,8,7
NewJersey4,LS1,Evening,Set3,Draw1,6,col6,Evening|Set3|Draw1|col6,E,combined,1,2,3,1,6,5,7,1,1,True,3,7,8,7
NewJersey4,LS1,Evening,Set3,Draw1,6,col6,Evening|Set3|Draw1|col6,E,combined,1,2,3,1,6,7,,0,0,False,3,7,8,7
NewJersey4,LS1,Evening,Set3,Draw1,6,col6,Evening|Set3|Draw1|col6,T,own,1,2,3,1,6,0,920088677,9,6,False,1,6,7,5
NewJersey4,LS1,Evening,Set3,Draw1,6,col6,Evening|Set3|Draw1|col6,T,own,1,2,3,1,6,1,9006,4,3,True,1,6,7,5
NewJersey4,LS1,Evening,Set3,Draw1,6,col6,Evening|Set3|Draw1|col6,T,own,1,2,3,1,6,2,96,2,2,True,1,6,7,5
NewJersey4,LS1,Evening,Set3,Draw1,6,col6,Evening|Set3|Draw1|col6,T,own,1,2,3,1,6,3,96,2,2,True,1,6,7,5
NewJersey4,LS1,Evening,Set3,Draw1,6,col6,Evening|Set3|Draw1|col6,T,own,1,2,3,1,6,6,,0,0,False,1,6,7,5
NewJersey4,LS1,Evening,Set3,Draw1,6,col6,Evening|Set3|Draw1|col6,T,combined,1,2,3,1,6,0,920088677,9,6,False,1,11,12,7
NewJersey4,LS1,Evening,Set3,Draw1,6,col6,Evening|Set3|Draw1|col6,T,combined,1,2,3,1,6,1,9006,4,3,True,1,11,12,7
NewJersey4,LS1,Evening,Set3,Draw1,6,col6,Evening|Set3|Draw1|col6,T,combined,1,2,3,1,6,2,006,3,2,True,1,11,12,7
NewJersey4,LS1,Evening,Set3,Draw1,6,col6,Evening|Set3|Draw1|col6,T,combined,1,2,3,1,6,3,006,3,2,True,1,11,12,7
NewJersey4,LS1,Evening,Set3,Draw1,6,col6,Evening|Set3|Draw1|col6,T,combined,1,2,3,1,6,7,6,1,1,True,1,11,12,7
NewJersey4,LS1,Evening,Set3,Draw1,6,col6,Evening|Set3|Draw1|col6,T,combined,1,2,3,1,6,8,6,1,1,True,1,11,12,7
NewJersey4,LS1,Evening,Set3,Draw1,6,col6,Evening|Set3|Draw1|col6,T,combined,1,2,3,1,6,11,,0,0,False,1,11,12,7
NewJersey4,LS1,Evening,Set3,Draw1,5,col5,Evening|Set3|Draw1|col5,A,own,1,2,3,1,5,0,920088677,9,6,False,4,6,7,7
NewJersey4,LS1,Evening,Set3,Draw1,5,col5,Evening|Set3|Draw1|col5,A,own,1,2,3,1,5,1,92006,5,4,False,4,6,7,7
NewJersey4,LS1,Evening,Set3,Draw1,5,col5,Evening|Set3|Draw1|col5,A,own,1,2,3,1,5,2,92006,5,4,False,4,6,7,7
NewJersey4,LS1,Evening,Set3,Draw1,5,col5,Evening|Set3|Draw1|col5,A,own,1,2,3,1,5,3,92006,5,4,False,4,6,7,7
NewJersey4,LS1,Evening,Set3,Draw1,5,col5,Evening|Set3|Draw1|col5,A,own,1,2,3,1,5,4,926,3,3,True,4,6,7,7
NewJersey4,LS1,Evening,Set3,Draw1,5,col5,Evening|Set3|Draw1|col5,A,own,1,2,3,1,5,5,926,3,3,True,4,6,7,7
NewJersey4,LS1,Evening,Set3,Draw1,5,col5,Evening|Set3|Draw1|col5,A,own,1,2,3,1,5,6,,0,0,False,4,6,7,7
NewJersey4,LS1,Evening,Set3,Draw1,5,col5,Evening|Set3|Draw1|col5,A,combined,1,2,3,1,5,0,920088677,9,6,False,2,11,12,9
NewJersey4,LS1,Evening,Set3,Draw1,5,col5,Evening|Set3|Draw1|col5,A,combined,1,2,3,1,5,1,92006,5,4,False,2,11,12,9
NewJersey4,LS1,Evening,Set3,Draw1,5,col5,Evening|Set3|Draw1|col5,A,combined,1,2,3,1,5,2,2006,4,3,True,2,11,12,9
NewJersey4,LS1,Evening,Set3,Draw1,5,col5,Evening|Set3|Draw1|col5,A,combined,1,2,3,1,5,3,2006,4,3,True,2,11,12,9
NewJersey4,LS1,Evening,Set3,Draw1,5,col5,Evening|Set3|Draw1|col5,A,combined,1,2,3,1,5,4,006,3,2,True,2,11,12,9
NewJersey4,LS1,Evening,Set3,Draw1,5,col5,Evening|Set3|Draw1|col5,A,combined,1,2,3,1,5,5,006,3,2,True,2,11,12,9
NewJersey4,LS1,Evening,Set3,Draw1,5,col5,Evening|Set3|Draw1|col5,A,combined,1,2,3,1,5,7,6,1,1,True,2,11,12,9
NewJersey4,LS1,Evening,Set3,Draw1,5,col5,Evening|Set3|Draw1|col5,A,combined,1,2,3,1,5,8,6,1,1,True,2,11,12,9
NewJersey4,LS1,Evening,Set3,Draw1,5,col5,Evening|Set3|Draw1|col5,A,combined,1,2,3,1,5,11,,0,0,False,2,11,12,9
NewJersey4,LS1,Evening,Set3,Draw1,5,col5,Evening|Set3|Draw1|col5,B,own,1,2,3,1,5,0,920088677,9,6,False,2,5,6,6
NewJersey4,LS1,Evening,Set3,Draw1,5,col5,Evening|Set3|Draw1|col5,B,own,1,2,3,1,5,1,92006,5,4,False,2,5,6,6
NewJersey4,LS1,Evening,Set3,Draw1,5,col5,Evening|Set3|Draw1|col5,B,own,1,2,3,1,5,2,26,2,2,True,2,5,6,6
NewJersey4,LS1,Evening,Set3,Draw1,5,col5,Evening|Set3|Draw1|col5,B,own,1,2,3,1,5,3,26,2,2,True,2,5,6,6
NewJersey4,LS1,Evening,Set3,Draw1,5,col5,Evening|Set3|Draw1|col5,B,own,1,2,3,1,5,4,6,1,1,True,2,5,6,6
NewJersey4,LS1,Evening,Set3,Draw1,5,col5,Evening|Set3|Draw1|col5,B,own,1,2,3,1,5,5,,0,0,False,2,5,6,6
NewJersey4,LS1,Evening,Set3,Draw1,5,col5,Evening|Set3|Draw1|col5,B,combined,1,2,3,1,5,0,920088677,9,6,False,2,4,5,5
NewJersey4,LS1,Evening,Set3,Draw1,5,col5,Evening|Set3|Draw1|col5,B,combined,1,2,3,1,5,1,92006,5,4,False,2,4,5,5
NewJersey4,LS1,Evening,Set3,Draw1,5,col5,Evening|Set3|Draw1|col5,B,combined,1,2,3,1,5,2,26,2,2,True,2,4,5,5
NewJersey4,LS1,Evening,Set3,Draw1,5,col5,Evening|Set3|Draw1|col5,B,combined,1,2,3,1,5,3,26,2,2,True,2,4,5,5
NewJersey4,LS1,Evening,Set3,Draw1,5,col5,Evening|Set3|Draw1|col5,B,combined,1,2,3,1,5,4,,0,0,False,2,4,5,5
NewJersey4,LS1,Evening,Set3,Draw1,5,col5,Evening|Set3|Draw1|col5,C,own,1,2,3,1,5,0,920088677,9,6,False,1,5,6,5
NewJersey4,LS1,Evening,Set3,Draw1,5,col5,Evening|Set3|Draw1|col5,C,own,1,2,3,1,5,1,9006,4,3,True,1,5,6,5
NewJersey4,LS1,Evening,Set3,Draw1,5,col5,Evening|Set3|Draw1|col5,C,own,1,2,3,1,5,2,6,1,1,True,1,5,6,5
NewJersey4,LS1,Evening,Set3,Draw1,5,col5,Evening|Set3|Draw1|col5,C,own,1,2,3,1,5,3,6,1,1,True,1,5,6,5
NewJersey4,LS1,Evening,Set3,Draw1,5,col5,Evening|Set3|Draw1|col5,C,own,1,2,3,1,5,5,,0,0,False,1,5,6,5
NewJersey4,LS1,Evening,Set3,Draw1,5,col5,Evening|Set3|Draw1|col5,C,combined,1,2,3,1,5,0,920088677,9,6,False,1,4,5,5
NewJersey4,LS1,Evening,Set3,Draw1,5,col5,Evening|Set3|Draw1|col5,C,combined,1,2,3,1,5,1,9006,4,3,True,1,4,5,5
NewJersey4,LS1,Evening,Set3,Draw1,5,col5,Evening|Set3|Draw1|col5,C,combined,1,2,3,1,5,2,6,1,1,True,1,4,5,5
NewJersey4,LS1,Evening,Set3,Draw1,5,col5,Evening|Set3|Draw1|col5,C,combined,1,2,3,1,5,3,6,1,1,True,1,4,5,5
NewJersey4,LS1,Evening,Set3,Draw1,5,col5,Evening|Set3|Draw1|col5,C,combined,1,2,3,1,5,4,,0,0,False,1,4,5,5
NewJersey4,LS1,Evening,Set3,Draw1,5,col5,Evening|Set3|Draw1|col5,D,own,1,2,3,1,5,0,920088677,9,6,False,1,5,6,5
NewJersey4,LS1,Evening,Set3,Draw1,5,col5,Evening|Set3|Draw1|col5,D,own,1,2,3,1,5,1,9006,4,3,True,1,5,6,5
NewJersey4,LS1,Evening,Set3,Draw1,5,col5,Evening|Set3|Draw1|col5,D,own,1,2,3,1,5,2,6,1,1,True,1,5,6,5
NewJersey4,LS1,Evening,Set3,Draw1,5,col5,Evening|Set3|Draw1|col5,D,own,1,2,3,1,5,3,6,1,1,True,1,5,6,5
NewJersey4,LS1,Evening,Set3,Draw1,5,col5,Evening|Set3|Draw1|col5,D,own,1,2,3,1,5,5,,0,0,False,1,5,6,5
NewJersey4,LS1,Evening,Set3,Draw1,5,col5,Evening|Set3|Draw1|col5,D,combined,1,2,3,1,5,0,920088677,9,6,False,1,4,5,5
NewJersey4,LS1,Evening,Set3,Draw1,5,col5,Evening|Set3|Draw1|col5,D,combined,1,2,3,1,5,1,9006,4,3,True,1,4,5,5
NewJersey4,LS1,Evening,Set3,Draw1,5,col5,Evening|Set3|Draw1|col5,D,combined,1,2,3,1,5,2,06,2,2,True,1,4,5,5
NewJersey4,LS1,Evening,Set3,Draw1,5,col5,Evening|Set3|Draw1|col5,D,combined,1,2,3,1,5,3,6,1,1,True,1,4,5,5
NewJersey4,LS1,Evening,Set3,Draw1,5,col5,Evening|Set3|Draw1|col5,D,combined,1,2,3,1,5,4,,0,0,False,1,4,5,5
NewJersey4,LS1,Evening,Set3,Draw1,5,col5,Evening|Set3|Draw1|col5,E,own,1,2,3,1,5,0,920088677,9,6,False,2,6,7,7
NewJersey4,LS1,Evening,Set3,Draw1,5,col5,Evening|Set3|Draw1|col5,E,own,1,2,3,1,5,1,920067,6,5,False,2,6,7,7
NewJersey4,LS1,Evening,Set3,Draw1,5,col5,Evening|Set3|Draw1|col5,E,own,1,2,3,1,5,2,267,3,3,True,2,6,7,7
NewJersey4,LS1,Evening,Set3,Draw1,5,col5,Evening|Set3|Draw1|col5,E,own,1,2,3,1,5,3,267,3,3,True,2,6,7,7
NewJersey4,LS1,Evening,Set3,Draw1,5,col5,Evening|Set3|Draw1|col5,E,own,1,2,3,1,5,4,26,2,2,True,2,6,7,7
NewJersey4,LS1,Evening,Set3,Draw1,5,col5,Evening|Set3|Draw1|col5,E,own,1,2,3,1,5,5,2,1,1,True,2,6,7,7
NewJersey4,LS1,Evening,Set3,Draw1,5,col5,Evening|Set3|Draw1|col5,E,own,1,2,3,1,5,6,,0,0,False,2,6,7,7
NewJersey4,LS1,Evening,Set3,Draw1,5,col5,Evening|Set3|Draw1|col5,E,combined,1,2,3,1,5,0,920088677,9,6,False,3,7,8,7
NewJersey4,LS1,Evening,Set3,Draw1,5,col5,Evening|Set3|Draw1|col5,E,combined,1,2,3,1,5,1,920067,6,5,False,3,7,8,7
NewJersey4,LS1,Evening,Set3,Draw1,5,col5,Evening|Set3|Draw1|col5,E,combined,1,2,3,1,5,2,2067,4,4,False,3,7,8,7
NewJersey4,LS1,Evening,Set3,Draw1,5,col5,Evening|Set3|Draw1|col5,E,combined,1,2,3,1,5,3,267,3,3,True,3,7,8,7
NewJersey4,LS1,Evening,Set3,Draw1,5,col5,Evening|Set3|Draw1|col5,E,combined,1,2,3,1,5,4,7,1,1,True,3,7,8,7
NewJersey4,LS1,Evening,Set3,Draw1,5,col5,Evening|Set3|Draw1|col5,E,combined,1,2,3,1,5,5,7,1,1,True,3,7,8,7
NewJersey4,LS1,Evening,Set3,Draw1,5,col5,Evening|Set3|Draw1|col5,E,combined,1,2,3,1,5,7,,0,0,False,3,7,8,7
NewJersey4,LS1,Evening,Set3,Draw1,5,col5,Evening|Set3|Draw1|col5,T,own,1,2,3,1,5,0,920088677,9,6,False,1,6,7,5
NewJersey4,LS1,Evening,Set3,Draw1,5,col5,Evening|Set3|Draw1|col5,T,own,1,2,3,1,5,1,9006,4,3,True,1,6,7,5
NewJersey4,LS1,Evening,Set3,Draw1,5,col5,Evening|Set3|Draw1|col5,T,own,1,2,3,1,5,2,96,2,2,True,1,6,7,5
NewJersey4,LS1,Evening,Set3,Draw1,5,col5,Evening|Set3|Draw1|col5,T,own,1,2,3,1,5,3,96,2,2,True,1,6,7,5
NewJersey4,LS1,Evening,Set3,Draw1,5,col5,Evening|Set3|Draw1|col5,T,own,1,2,3,1,5,6,,0,0,False,1,6,7,5
NewJersey4,LS1,Evening,Set3,Draw1,5,col5,Evening|Set3|Draw1|col5,T,combined,1,2,3,1,5,0,920088677,9,6,False,1,11,12,7
NewJersey4,LS1,Evening,Set3,Draw1,5,col5,Evening|Set3|Draw1|col5,T,combined,1,2,3,1,5,1,9006,4,3,True,1,11,12,7
NewJersey4,LS1,Evening,Set3,Draw1,5,col5,Evening|Set3|Draw1|col5,T,combined,1,2,3,1,5,2,006,3,2,True,1,11,12,7
NewJersey4,LS1,Evening,Set3,Draw1,5,col5,Evening|Set3|Draw1|col5,T,combined,1,2,3,1,5,3,006,3,2,True,1,11,12,7
NewJersey4,LS1,Evening,Set3,Draw1,5,col5,Evening|Set3|Draw1|col5,T,combined,1,2,3,1,5,7,6,1,1,True,1,11,12,7
NewJersey4,LS1,Evening,Set3,Draw1,5,col5,Evening|Set3|Draw1|col5,T,combined,1,2,3,1,5,8,6,1,1,True,1,11,12,7
NewJersey4,LS1,Evening,Set3,Draw1,5,col5,Evening|Set3|Draw1|col5,T,combined,1,2,3,1,5,11,,0,0,False,1,11,12,7
NewJersey4,LS1,Evening,Set3,Draw1,4,col4,Evening|Set3|Draw1|col4,A,own,1,2,3,1,4,0,008877*,7,4,False,1,4,29,4
NewJersey4,LS1,Evening,Set3,Draw1,4,col4,Evening|Set3|Draw1|col4,A,own,1,2,3,1,4,1,00*,3,2,True,1,4,29,4
NewJersey4,LS1,Evening,Set3,Draw1,4,col4,Evening|Set3|Draw1|col4,A,own,1,2,3,1,4,2,00*,3,2,True,1,4,29,4
NewJersey4,LS1,Evening,Set3,Draw1,4,col4,Evening|Set3|Draw1|col4,A,own,1,2,3,1,4,4,*,1,1,True,1,4,29,4
NewJersey4,LS1,Evening,Set3,Draw1,4,col4,Evening|Set3|Draw1|col4,A,combined,1,2,3,1,4,0,008877*,7,4,False,1,7,57,4
NewJersey4,LS1,Evening,Set3,Draw1,4,col4,Evening|Set3|Draw1|col4,A,combined,1,2,3,1,4,1,00*,3,2,True,1,7,57,4
NewJersey4,LS1,Evening,Set3,Draw1,4,col4,Evening|Set3|Draw1|col4,A,combined,1,2,3,1,4,2,00*,3,2,True,1,7,57,4
NewJersey4,LS1,Evening,Set3,Draw1,4,col4,Evening|Set3|Draw1|col4,A,combined,1,2,3,1,4,7,*,1,1,True,1,7,57,4
NewJersey4,LS1,Evening,Set3,Draw1,4,col4,Evening|Set3|Draw1|col4,B,own,1,2,3,1,4,0,008877*,7,4,False,1,2,29,3
NewJersey4,LS1,Evening,Set3,Draw1,4,col4,Evening|Set3|Draw1|col4,B,own,1,2,3,1,4,1,00*,3,2,True,1,2,29,3
NewJersey4,LS1,Evening,Set3,Draw1,4,col4,Evening|Set3|Draw1|col4,B,own,1,2,3,1,4,2,*,1,1,True,1,2,29,3
NewJersey4,LS1,Evening,Set3,Draw1,4,col4,Evening|Set3|Draw1|col4,B,combined,1,2,3,1,4,0,008877*,7,4,False,1,2,57,3
NewJersey4,LS1,Evening,Set3,Draw1,4,col4,Evening|Set3|Draw1|col4,B,combined,1,2,3,1,4,1,00*,3,2,True,1,2,57,3
NewJersey4,LS1,Evening,Set3,Draw1,4,col4,Evening|Set3|Draw1|col4,B,combined,1,2,3,1,4,2,*,1,1,True,1,2,57,3
NewJersey4,LS1,Evening,Set3,Draw1,4,col4,Evening|Set3|Draw1|col4,C,own,1,2,3,1,4,0,008877*,7,4,False,1,2,29,3
NewJersey4,LS1,Evening,Set3,Draw1,4,col4,Evening|Set3|Draw1|col4,C,own,1,2,3,1,4,1,00*,3,2,True,1,2,29,3
NewJersey4,LS1,Evening,Set3,Draw1,4,col4,Evening|Set3|Draw1|col4,C,own,1,2,3,1,4,2,*,1,1,True,1,2,29,3
NewJersey4,LS1,Evening,Set3,Draw1,4,col4,Evening|Set3|Draw1|col4,C,combined,1,2,3,1,4,0,008877*,7,4,False,1,2,57,3
NewJersey4,LS1,Evening,Set3,Draw1,4,col4,Evening|Set3|Draw1|col4,C,combined,1,2,3,1,4,1,00*,3,2,True,1,2,57,3
NewJersey4,LS1,Evening,Set3,Draw1,4,col4,Evening|Set3|Draw1|col4,C,combined,1,2,3,1,4,2,*,1,1,True,1,2,57,3
NewJersey4,LS1,Evening,Set3,Draw1,4,col4,Evening|Set3|Draw1|col4,D,own,1,2,3,1,4,0,008877*,7,4,False,1,2,29,3
NewJersey4,LS1,Evening,Set3,Draw1,4,col4,Evening|Set3|Draw1|col4,D,own,1,2,3,1,4,1,00*,3,2,True,1,2,29,3
NewJersey4,LS1,Evening,Set3,Draw1,4,col4,Evening|Set3|Draw1|col4,D,own,1,2,3,1,4,2,*,1,1,True,1,2,29,3
NewJersey4,LS1,Evening,Set3,Draw1,4,col4,Evening|Set3|Draw1|col4,D,combined,1,2,3,1,4,0,008877*,7,4,False,1,3,57,4
NewJersey4,LS1,Evening,Set3,Draw1,4,col4,Evening|Set3|Draw1|col4,D,combined,1,2,3,1,4,1,00*,3,2,True,1,3,57,4
NewJersey4,LS1,Evening,Set3,Draw1,4,col4,Evening|Set3|Draw1|col4,D,combined,1,2,3,1,4,2,0*,2,2,True,1,3,57,4
NewJersey4,LS1,Evening,Set3,Draw1,4,col4,Evening|Set3|Draw1|col4,D,combined,1,2,3,1,4,3,*,1,1,True,1,3,57,4
NewJersey4,LS1,Evening,Set3,Draw1,4,col4,Evening|Set3|Draw1|col4,E,own,1,2,3,1,4,0,008877*,7,4,False,1,4,29,5
NewJersey4,LS1,Evening,Set3,Draw1,4,col4,Evening|Set3|Draw1|col4,E,own,1,2,3,1,4,1,007*,4,3,True,1,4,29,5
NewJersey4,LS1,Evening,Set3,Draw1,4,col4,Evening|Set3|Draw1|col4,E,own,1,2,3,1,4,2,7*,2,2,True,1,4,29,5
NewJersey4,LS1,Evening,Set3,Draw1,4,col4,Evening|Set3|Draw1|col4,E,own,1,2,3,1,4,3,7*,2,2,True,1,4,29,5
NewJersey4,LS1,Evening,Set3,Draw1,4,col4,Evening|Set3|Draw1|col4,E,own,1,2,3,1,4,4,*,1,1,True,1,4,29,5
NewJersey4,LS1,Evening,Set3,Draw1,4,col4,Evening|Set3|Draw1|col4,E,combined,1,2,3,1,4,0,008877*,7,4,False,1,4,57,5
NewJersey4,LS1,Evening,Set3,Draw1,4,col4,Evening|Set3|Draw1|col4,E,combined,1,2,3,1,4,1,007*,4,3,True,1,4,57,5
NewJersey4,LS1,Evening,Set3,Draw1,4,col4,Evening|Set3|Draw1|col4,E,combined,1,2,3,1,4,2,07*,3,3,True,1,4,57,5
NewJersey4,LS1,Evening,Set3,Draw1,4,col4,Evening|Set3|Draw1|col4,E,combined,1,2,3,1,4,3,7*,2,2,True,1,4,57,5
NewJersey4,LS1,Evening,Set3,Draw1,4,col4,Evening|Set3|Draw1|col4,E,combined,1,2,3,1,4,4,*,1,1,True,1,4,57,5
NewJersey4,LS1,Evening,Set3,Draw1,4,col4,Evening|Set3|Draw1|col4,T,own,1,2,3,1,4,0,008877*,7,4,False,1,4,29,4
NewJersey4,LS1,Evening,Set3,Draw1,4,col4,Evening|Set3|Draw1|col4,T,own,1,2,3,1,4,1,00*,3,2,True,1,4,29,4
NewJersey4,LS1,Evening,Set3,Draw1,4,col4,Evening|Set3|Draw1|col4,T,own,1,2,3,1,4,2,00*,3,2,True,1,4,29,4
NewJersey4,LS1,Evening,Set3,Draw1,4,col4,Evening|Set3|Draw1|col4,T,own,1,2,3,1,4,4,*,1,1,True,1,4,29,4
NewJersey4,LS1,Evening,Set3,Draw1,4,col4,Evening|Set3|Draw1|col4,T,combined,1,2,3,1,4,0,008877*,7,4,False,1,7,57,4
NewJersey4,LS1,Evening,Set3,Draw1,4,col4,Evening|Set3|Draw1|col4,T,combined,1,2,3,1,4,1,00*,3,2,True,1,7,57,4
NewJersey4,LS1,Evening,Set3,Draw1,4,col4,Evening|Set3|Draw1|col4,T,combined,1,2,3,1,4,2,00*,3,2,True,1,7,57,4
NewJersey4,LS1,Evening,Set3,Draw1,4,col4,Evening|Set3|Draw1|col4,T,combined,1,2,3,1,4,7,*,1,1,True,1,7,57,4
NewJersey4,LS1,Evening,Set2,Draw1,7,col7,Evening|Set2|Draw1|col7,A,own,1,2,2,1,7,0,92400886677,11,7,False,4,6,7,7
NewJersey4,LS1,Evening,Set2,Draw1,7,col7,Evening|Set2|Draw1|col7,A,own,1,2,2,1,7,1,9240066,7,5,False,4,6,7,7
NewJersey4,LS1,Evening,Set2,Draw1,7,col7,Evening|Set2|Draw1|col7,A,own,1,2,2,1,7,2,920066,6,4,False,4,6,7,7
NewJersey4,LS1,Evening,Set2,Draw1,7,col7,Evening|Set2|Draw1|col7,A,own,1,2,2,1,7,3,920066,6,4,False,4,6,7,7
NewJersey4,LS1,Evening,Set2,Draw1,7,col7,Evening|Set2|Draw1|col7,A,own,1,2,2,1,7,4,9266,4,3,True,4,6,7,7
NewJersey4,LS1,Evening,Set2,Draw1,7,col7,Evening|Set2|Draw1|col7,A,own,1,2,2,1,7,5,9266,4,3,True,4,6,7,7
NewJersey4,LS1,Evening,Set2,Draw1,7,col7,Evening|Set2|Draw1|col7,A,own,1,2,2,1,7,6,,0,0,False,4,6,7,7
NewJersey4,LS1,Evening,Set2,Draw1,7,col7,Evening|Set2|Draw1|col7,A,combined,1,2,2,1,7,0,92400886677,11,7,False,3,11,12,9
NewJersey4,LS1,Evening,Set2,Draw1,7,col7,Evening|Set2|Draw1|col7,A,combined,1,2,2,1,7,1,9240066,7,5,False,3,11,12,9
NewJersey4,LS1,Evening,Set2,Draw1,7,col7,Evening|Set2|Draw1|col7,A,combined,1,2,2,1,7,2,240066,6,4,False,3,11,12,9
NewJersey4,LS1,Evening,Set2,Draw1,7,col7,Evening|Set2|Draw1|col7,A,combined,1,2,2,1,7,3,20066,5,3,True,3,11,12,9
NewJersey4,LS1,Evening,Set2,Draw1,7,col7,Evening|Set2|Draw1|col7,A,combined,1,2,2,1,7,4,0066,4,2,True,3,11,12,9
NewJersey4,LS1,Evening,Set2,Draw1,7,col7,Evening|Set2|Draw1|col7,A,combined,1,2,2,1,7,5,0066,4,2,True,3,11,12,9
NewJersey4,LS1,Evening,Set2,Draw1,7,col7,Evening|Set2|Draw1|col7,A,combined,1,2,2,1,7,7,66,2,1,True,3,11,12,9
NewJersey4,LS1,Evening,Set2,Draw1,7,col7,Evening|Set2|Draw1|col7,A,combined,1,2,2,1,7,8,66,2,1,True,3,11,12,9
NewJersey4,LS1,Evening,Set2,Draw1,7,col7,Evening|Set2|Draw1|col7,A,combined,1,2,2,1,7,11,,0,0,False,3,11,12,9
NewJersey4,LS1,Evening,Set2,Draw1,7,col7,Evening|Set2|Draw1|col7,B,own,1,2,2,1,7,0,92400886677,11,7,False,2,5,6,6
NewJersey4,LS1,Evening,Set2,Draw1,7,col7,Evening|Set2|Draw1|col7,B,own,1,2,2,1,7,1,9240066,7,5,False,2,5,6,6
NewJersey4,LS1,Evening,Set2,Draw1,7,col7,Evening|Set2|Draw1|col7,B,own,1,2,2,1,7,2,9266,4,3,True,2,5,6,6
NewJersey4,LS1,Evening,Set2,Draw1,7,col7,Evening|Set2|Draw1|col7,B,own,1,2,2,1,7,3,266,3,2,True,2,5,6,6
NewJersey4,LS1,Evening,Set2,Draw1,7,col7,Evening|Set2|Draw1|col7,B,own,1,2,2,1,7,4,66,2,1,True,2,5,6,6
NewJersey4,LS1,Evening,Set2,Draw1,7,col7,Evening|Set2|Draw1|col7,B,own,1,2,2,1,7,5,,0,0,False,2,5,6,6
NewJersey4,LS1,Evening,Set2,Draw1,7,col7,Evening|Set2|Draw1|col7,B,combined,1,2,2,1,7,0,92400886677,11,7,False,2,4,5,5
NewJersey4,LS1,Evening,Set2,Draw1,7,col7,Evening|Set2|Draw1|col7,B,combined,1,2,2,1,7,1,9240066,7,5,False,2,4,5,5
NewJersey4,LS1,Evening,Set2,Draw1,7,col7,Evening|Set2|Draw1|col7,B,combined,1,2,2,1,7,2,2466,4,3,True,2,4,5,5
NewJersey4,LS1,Evening,Set2,Draw1,7,col7,Evening|Set2|Draw1|col7,B,combined,1,2,2,1,7,3,266,3,2,True,2,4,5,5
NewJersey4,LS1,Evening,Set2,Draw1,7,col7,Evening|Set2|Draw1|col7,B,combined,1,2,2,1,7,4,,0,0,False,2,4,5,5
NewJersey4,LS1,Evening,Set2,Draw1,7,col7,Evening|Set2|Draw1|col7,C,own,1,2,2,1,7,0,92400886677,11,7,False,2,5,6,5
NewJersey4,LS1,Evening,Set2,Draw1,7,col7,Evening|Set2|Draw1|col7,C,own,1,2,2,1,7,1,940066,6,4,False,2,5,6,5
NewJersey4,LS1,Evening,Set2,Draw1,7,col7,Evening|Set2|Draw1|col7,C,own,1,2,2,1,7,2,66,2,1,True,2,5,6,5
NewJersey4,LS1,Evening,Set2,Draw1,7,col7,Evening|Set2|Draw1|col7,C,own,1,2,2,1,7,3,66,2,1,True,2,5,6,5
NewJersey4,LS1,Evening,Set2,Draw1,7,col7,Evening|Set2|Draw1|col7,C,own,1,2,2,1,7,5,,0,0,False,2,5,6,5
NewJersey4,LS1,Evening,Set2,Draw1,7,col7,Evening|Set2|Draw1|col7,C,combined,1,2,2,1,7,0,92400886677,11,7,False,2,4,5,5
NewJersey4,LS1,Evening,Set2,Draw1,7,col7,Evening|Set2|Draw1|col7,C,combined,1,2,2,1,7,1,940066,6,4,False,2,4,5,5
NewJersey4,LS1,Evening,Set2,Draw1,7,col7,Evening|Set2|Draw1|col7,C,combined,1,2,2,1,7,2,66,2,1,True,2,4,5,5
NewJersey4,LS1,Evening,Set2,Draw1,7,col7,Evening|Set2|Draw1|col7,C,combined,1,2,2,1,7,3,66,2,1,True,2,4,5,5
NewJersey4,LS1,Evening,Set2,Draw1,7,col7,Evening|Set2|Draw1|col7,C,combined,1,2,2,1,7,4,,0,0,False,2,4,5,5
NewJersey4,LS1,Evening,Set2,Draw1,7,col7,Evening|Set2|Draw1|col7,D,own,1,2,2,1,7,0,92400886677,11,7,False,2,6,7,6
NewJersey4,LS1,Evening,Set2,Draw1,7,col7,Evening|Set2|Draw1|col7,D,own,1,2,2,1,7,1,940066,6,4,False,2,6,7,6
NewJersey4,LS1,Evening,Set2,Draw1,7,col7,Evening|Set2|Draw1|col7,D,own,1,2,2,1,7,2,66,2,1,True,2,6,7,6
NewJersey4,LS1,Evening,Set2,Draw1,7,col7,Evening|Set2|Draw1|col7,D,own,1,2,2,1,7,3,66,2,1,True,2,6,7,6
NewJersey4,LS1,Evening,Set2,Draw1,7,col7,Evening|Set2|Draw1|col7,D,own,1,2,2,1,7,5,6,1,1,True,2,6,7,6
NewJersey4,LS1,Evening,Set2,Draw1,7,col7,Evening|Set2|Draw1|col7,D,own,1,2,2,1,7,6,,0,0,False,2,6,7,6
NewJersey4,LS1,Evening,Set2,Draw1,7,col7,Evening|Set2|Draw1|col7,D,combined,1,2,2,1,7,0,92400886677,11,7,False,2,9,10,7
NewJersey4,LS1,Evening,Set2,Draw1,7,col7,Evening|Set2|Draw1|col7,D,combined,1,2,2,1,7,1,940066,6,4,False,2,9,10,7
NewJersey4,LS1,Evening,Set2,Draw1,7,col7,Evening|Set2|Draw1|col7,D,combined,1,2,2,1,7,2,066,3,2,True,2,9,10,7
NewJersey4,LS1,Evening,Set2,Draw1,7,col7,Evening|Set2|Draw1|col7,D,combined,1,2,2,1,7,3,66,2,1,True,2,9,10,7
NewJersey4,LS1,Evening,Set2,Draw1,7,col7,Evening|Set2|Draw1|col7,D,combined,1,2,2,1,7,4,6,1,1,True,2,9,10,7
NewJersey4,LS1,Evening,Set2,Draw1,7,col7,Evening|Set2|Draw1|col7,D,combined,1,2,2,1,7,5,6,1,1,True,2,9,10,7
NewJersey4,LS1,Evening,Set2,Draw1,7,col7,Evening|Set2|Draw1|col7,D,combined,1,2,2,1,7,9,,0,0,False,2,9,10,7
NewJersey4,LS1,Evening,Set2,Draw1,7,col7,Evening|Set2|Draw1|col7,E,own,1,2,2,1,7,0,92400886677,11,7,False,3,6,7,7
NewJersey4,LS1,Evening,Set2,Draw1,7,col7,Evening|Set2|Draw1|col7,E,own,1,2,2,1,7,1,92400667,8,6,False,3,6,7,7
NewJersey4,LS1,Evening,Set2,Draw1,7,col7,Evening|Set2|Draw1|col7,E,own,1,2,2,1,7,2,92667,5,4,False,3,6,7,7
NewJersey4,LS1,Evening,Set2,Draw1,7,col7,Evening|Set2|Draw1|col7,E,own,1,2,2,1,7,3,2667,4,3,True,3,6,7,7
NewJersey4,LS1,Evening,Set2,Draw1,7,col7,Evening|Set2|Draw1|col7,E,own,1,2,2,1,7,4,266,3,2,True,3,6,7,7
NewJersey4,LS1,Evening,Set2,Draw1,7,col7,Evening|Set2|Draw1|col7,E,own,1,2,2,1,7,5,26,2,2,True,3,6,7,7
NewJersey4,LS1,Evening,Set2,Draw1,7,col7,Evening|Set2|Draw1|col7,E,own,1,2,2,1,7,6,,0,0,False,3,6,7,7
NewJersey4,LS1,Evening,Set2,Draw1,7,col7,Evening|Set2|Draw1|col7,E,combined,1,2,2,1,7,0,92400886677,11,7,False,3,9,10,9
NewJersey4,LS1,Evening,Set2,Draw1,7,col7,Evening|Set2|Draw1|col7,E,combined,1,2,2,1,7,1,92400667,8,6,False,3,9,10,9
NewJersey4,LS1,Evening,Set2,Draw1,7,col7,Evening|Set2|Draw1|col7,E,combined,1,2,2,1,7,2,240667,6,5,False,3,9,10,9
NewJersey4,LS1,Evening,Set2,Draw1,7,col7,Evening|Set2|Draw1|col7,E,combined,1,2,2,1,7,3,2667,4,3,True,3,9,10,9
NewJersey4,LS1,Evening,Set2,Draw1,7,col7,Evening|Set2|Draw1|col7,E,combined,1,2,2,1,7,4,67,2,2,True,3,9,10,9
NewJersey4,LS1,Evening,Set2,Draw1,7,col7,Evening|Set2|Draw1|col7,E,combined,1,2,2,1,7,5,67,2,2,True,3,9,10,9
NewJersey4,LS1,Evening,Set2,Draw1,7,col7,Evening|Set2|Draw1|col7,E,combined,1,2,2,1,7,7,6,1,1,True,3,9,10,9
NewJersey4,LS1,Evening,Set2,Draw1,7,col7,Evening|Set2|Draw1|col7,E,combined,1,2,2,1,7,8,6,1,1,True,3,9,10,9
NewJersey4,LS1,Evening,Set2,Draw1,7,col7,Evening|Set2|Draw1|col7,E,combined,1,2,2,1,7,9,,0,0,False,3,9,10,9
NewJersey4,LS1,Evening,Set2,Draw1,7,col7,Evening|Set2|Draw1|col7,T,own,1,2,2,1,7,0,92400886677,11,7,False,2,6,7,5
NewJersey4,LS1,Evening,Set2,Draw1,7,col7,Evening|Set2|Draw1|col7,T,own,1,2,2,1,7,1,940066,6,4,False,2,6,7,5
NewJersey4,LS1,Evening,Set2,Draw1,7,col7,Evening|Set2|Draw1|col7,T,own,1,2,2,1,7,2,966,3,2,True,2,6,7,5
NewJersey4,LS1,Evening,Set2,Draw1,7,col7,Evening|Set2|Draw1|col7,T,own,1,2,2,1,7,3,966,3,2,True,2,6,7,5
NewJersey4,LS1,Evening,Set2,Draw1,7,col7,Evening|Set2|Draw1|col7,T,own,1,2,2,1,7,6,,0,0,False,2,6,7,5
NewJersey4,LS1,Evening,Set2,Draw1,7,col7,Evening|Set2|Draw1|col7,T,combined,1,2,2,1,7,0,92400886677,11,7,False,2,11,12,5
NewJersey4,LS1,Evening,Set2,Draw1,7,col7,Evening|Set2|Draw1|col7,T,combined,1,2,2,1,7,1,940066,6,4,False,2,11,12,5
NewJersey4,LS1,Evening,Set2,Draw1,7,col7,Evening|Set2|Draw1|col7,T,combined,1,2,2,1,7,2,66,2,1,True,2,11,12,5
NewJersey4,LS1,Evening,Set2,Draw1,7,col7,Evening|Set2|Draw1|col7,T,combined,1,2,2,1,7,3,66,2,1,True,2,11,12,5
NewJersey4,LS1,Evening,Set2,Draw1,7,col7,Evening|Set2|Draw1|col7,T,combined,1,2,2,1,7,11,,0,0,False,2,11,12,5
NewJersey4,LS1,Evening,Set2,Draw1,6,col6,Evening|Set2|Draw1|col6,A,own,1,2,2,1,6,0,9200886677,10,6,False,4,6,7,7
NewJersey4,LS1,Evening,Set2,Draw1,6,col6,Evening|Set2|Draw1|col6,A,own,1,2,2,1,6,1,920066,6,4,False,4,6,7,7
NewJersey4,LS1,Evening,Set2,Draw1,6,col6,Evening|Set2|Draw1|col6,A,own,1,2,2,1,6,2,920066,6,4,False,4,6,7,7
NewJersey4,LS1,Evening,Set2,Draw1,6,col6,Evening|Set2|Draw1|col6,A,own,1,2,2,1,6,3,920066,6,4,False,4,6,7,7
NewJersey4,LS1,Evening,Set2,Draw1,6,col6,Evening|Set2|Draw1|col6,A,own,1,2,2,1,6,4,9266,4,3,True,4,6,7,7
NewJersey4,LS1,Evening,Set2,Draw1,6,col6,Evening|Set2|Draw1|col6,A,own,1,2,2,1,6,5,9266,4,3,True,4,6,7,7
NewJersey4,LS1,Evening,Set2,Draw1,6,col6,Evening|Set2|Draw1|col6,A,own,1,2,2,1,6,6,,0,0,False,4,6,7,7
NewJersey4,LS1,Evening,Set2,Draw1,6,col6,Evening|Set2|Draw1|col6,A,combined,1,2,2,1,6,0,9200886677,10,6,False,2,11,12,9
NewJersey4,LS1,Evening,Set2,Draw1,6,col6,Evening|Set2|Draw1|col6,A,combined,1,2,2,1,6,1,920066,6,4,False,2,11,12,9
NewJersey4,LS1,Evening,Set2,Draw1,6,col6,Evening|Set2|Draw1|col6,A,combined,1,2,2,1,6,2,20066,5,3,True,2,11,12,9
NewJersey4,LS1,Evening,Set2,Draw1,6,col6,Evening|Set2|Draw1|col6,A,combined,1,2,2,1,6,3,20066,5,3,True,2,11,12,9
NewJersey4,LS1,Evening,Set2,Draw1,6,col6,Evening|Set2|Draw1|col6,A,combined,1,2,2,1,6,4,0066,4,2,True,2,11,12,9
NewJersey4,LS1,Evening,Set2,Draw1,6,col6,Evening|Set2|Draw1|col6,A,combined,1,2,2,1,6,5,0066,4,2,True,2,11,12,9
NewJersey4,LS1,Evening,Set2,Draw1,6,col6,Evening|Set2|Draw1|col6,A,combined,1,2,2,1,6,7,66,2,1,True,2,11,12,9
NewJersey4,LS1,Evening,Set2,Draw1,6,col6,Evening|Set2|Draw1|col6,A,combined,1,2,2,1,6,8,66,2,1,True,2,11,12,9
NewJersey4,LS1,Evening,Set2,Draw1,6,col6,Evening|Set2|Draw1|col6,A,combined,1,2,2,1,6,11,,0,0,False,2,11,12,9
NewJersey4,LS1,Evening,Set2,Draw1,6,col6,Evening|Set2|Draw1|col6,B,own,1,2,2,1,6,0,9200886677,10,6,False,2,5,6,6
NewJersey4,LS1,Evening,Set2,Draw1,6,col6,Evening|Set2|Draw1|col6,B,own,1,2,2,1,6,1,920066,6,4,False,2,5,6,6
NewJersey4,LS1,Evening,Set2,Draw1,6,col6,Evening|Set2|Draw1|col6,B,own,1,2,2,1,6,2,266,3,2,True,2,5,6,6
NewJersey4,LS1,Evening,Set2,Draw1,6,col6,Evening|Set2|Draw1|col6,B,own,1,2,2,1,6,3,266,3,2,True,2,5,6,6
NewJersey4,LS1,Evening,Set2,Draw1,6,col6,Evening|Set2|Draw1|col6,B,own,1,2,2,1,6,4,66,2,1,True,2,5,6,6
NewJersey4,LS1,Evening,Set2,Draw1,6,col6,Evening|Set2|Draw1|col6,B,own,1,2,2,1,6,5,,0,0,False,2,5,6,6
NewJersey4,LS1,Evening,Set2,Draw1,6,col6,Evening|Set2|Draw1|col6,B,combined,1,2,2,1,6,0,9200886677,10,6,False,2,4,5,5
NewJersey4,LS1,Evening,Set2,Draw1,6,col6,Evening|Set2|Draw1|col6,B,combined,1,2,2,1,6,1,920066,6,4,False,2,4,5,5
NewJersey4,LS1,Evening,Set2,Draw1,6,col6,Evening|Set2|Draw1|col6,B,combined,1,2,2,1,6,2,266,3,2,True,2,4,5,5
NewJersey4,LS1,Evening,Set2,Draw1,6,col6,Evening|Set2|Draw1|col6,B,combined,1,2,2,1,6,3,266,3,2,True,2,4,5,5
NewJersey4,LS1,Evening,Set2,Draw1,6,col6,Evening|Set2|Draw1|col6,B,combined,1,2,2,1,6,4,,0,0,False,2,4,5,5
NewJersey4,LS1,Evening,Set2,Draw1,6,col6,Evening|Set2|Draw1|col6,C,own,1,2,2,1,6,0,9200886677,10,6,False,1,5,6,5
NewJersey4,LS1,Evening,Set2,Draw1,6,col6,Evening|Set2|Draw1|col6,C,own,1,2,2,1,6,1,90066,5,3,True,1,5,6,5
NewJersey4,LS1,Evening,Set2,Draw1,6,col6,Evening|Set2|Draw1|col6,C,own,1,2,2,1,6,2,66,2,1,True,1,5,6,5
NewJersey4,LS1,Evening,Set2,Draw1,6,col6,Evening|Set2|Draw1|col6,C,own,1,2,2,1,6,3,66,2,1,True,1,5,6,5
NewJersey4,LS1,Evening,Set2,Draw1,6,col6,Evening|Set2|Draw1|col6,C,own,1,2,2,1,6,5,,0,0,False,1,5,6,5
NewJersey4,LS1,Evening,Set2,Draw1,6,col6,Evening|Set2|Draw1|col6,C,combined,1,2,2,1,6,0,9200886677,10,6,False,1,4,5,5
NewJersey4,LS1,Evening,Set2,Draw1,6,col6,Evening|Set2|Draw1|col6,C,combined,1,2,2,1,6,1,90066,5,3,True,1,4,5,5
NewJersey4,LS1,Evening,Set2,Draw1,6,col6,Evening|Set2|Draw1|col6,C,combined,1,2,2,1,6,2,66,2,1,True,1,4,5,5
NewJersey4,LS1,Evening,Set2,Draw1,6,col6,Evening|Set2|Draw1|col6,C,combined,1,2,2,1,6,3,66,2,1,True,1,4,5,5
NewJersey4,LS1,Evening,Set2,Draw1,6,col6,Evening|Set2|Draw1|col6,C,combined,1,2,2,1,6,4,,0,0,False,1,4,5,5
NewJersey4,LS1,Evening,Set2,Draw1,6,col6,Evening|Set2|Draw1|col6,D,own,1,2,2,1,6,0,9200886677,10,6,False,1,6,7,6
NewJersey4,LS1,Evening,Set2,Draw1,6,col6,Evening|Set2|Draw1|col6,D,own,1,2,2,1,6,1,90066,5,3,True,1,6,7,6
NewJersey4,LS1,Evening,Set2,Draw1,6,col6,Evening|Set2|Draw1|col6,D,own,1,2,2,1,6,2,66,2,1,True,1,6,7,6
NewJersey4,LS1,Evening,Set2,Draw1,6,col6,Evening|Set2|Draw1|col6,D,own,1,2,2,1,6,3,66,2,1,True,1,6,7,6
NewJersey4,LS1,Evening,Set2,Draw1,6,col6,Evening|Set2|Draw1|col6,D,own,1,2,2,1,6,5,6,1,1,True,1,6,7,6
NewJersey4,LS1,Evening,Set2,Draw1,6,col6,Evening|Set2|Draw1|col6,D,own,1,2,2,1,6,6,,0,0,False,1,6,7,6
NewJersey4,LS1,Evening,Set2,Draw1,6,col6,Evening|Set2|Draw1|col6,D,combined,1,2,2,1,6,0,9200886677,10,6,False,1,9,10,7
NewJersey4,LS1,Evening,Set2,Draw1,6,col6,Evening|Set2|Draw1|col6,D,combined,1,2,2,1,6,1,90066,5,3,True,1,9,10,7
NewJersey4,LS1,Evening,Set2,Draw1,6,col6,Evening|Set2|Draw1|col6,D,combined,1,2,2,1,6,2,066,3,2,True,1,9,10,7
NewJersey4,LS1,Evening,Set2,Draw1,6,col6,Evening|Set2|Draw1|col6,D,combined,1,2,2,1,6,3,66,2,1,True,1,9,10,7
NewJersey4,LS1,Evening,Set2,Draw1,6,col6,Evening|Set2|Draw1|col6,D,combined,1,2,2,1,6,4,6,1,1,True,1,9,10,7
NewJersey4,LS1,Evening,Set2,Draw1,6,col6,Evening|Set2|Draw1|col6,D,combined,1,2,2,1,6,5,6,1,1,True,1,9,10,7
NewJersey4,LS1,Evening,Set2,Draw1,6,col6,Evening|Set2|Draw1|col6,D,combined,1,2,2,1,6,9,,0,0,False,1,9,10,7
NewJersey4,LS1,Evening,Set2,Draw1,6,col6,Evening|Set2|Draw1|col6,E,own,1,2,2,1,6,0,9200886677,10,6,False,2,6,7,7
NewJersey4,LS1,Evening,Set2,Draw1,6,col6,Evening|Set2|Draw1|col6,E,own,1,2,2,1,6,1,9200667,7,5,False,2,6,7,7
NewJersey4,LS1,Evening,Set2,Draw1,6,col6,Evening|Set2|Draw1|col6,E,own,1,2,2,1,6,2,2667,4,3,True,2,6,7,7
NewJersey4,LS1,Evening,Set2,Draw1,6,col6,Evening|Set2|Draw1|col6,E,own,1,2,2,1,6,3,2667,4,3,True,2,6,7,7
NewJersey4,LS1,Evening,Set2,Draw1,6,col6,Evening|Set2|Draw1|col6,E,own,1,2,2,1,6,4,266,3,2,True,2,6,7,7
NewJersey4,LS1,Evening,Set2,Draw1,6,col6,Evening|Set2|Draw1|col6,E,own,1,2,2,1,6,5,26,2,2,True,2,6,7,7
NewJersey4,LS1,Evening,Set2,Draw1,6,col6,Evening|Set2|Draw1|col6,E,own,1,2,2,1,6,6,,0,0,False,2,6,7,7
NewJersey4,LS1,Evening,Set2,Draw1,6,col6,Evening|Set2|Draw1|col6,E,combined,1,2,2,1,6,0,9200886677,10,6,False,3,9,10,9
NewJersey4,LS1,Evening,Set2,Draw1,6,col6,Evening|Set2|Draw1|col6,E,combined,1,2,2,1,6,1,9200667,7,5,False,3,9,10,9
NewJersey4,LS1,Evening,Set2,Draw1,6,col6,Evening|Set2|Draw1|col6,E,combined,1,2,2,1,6,2,20667,5,4,False,3,9,10,9
NewJersey4,LS1,Evening,Set2,Draw1,6,col6,Evening|Set2|Draw1|col6,E,combined,1,2,2,1,6,3,2667,4,3,True,3,9,10,9
NewJersey4,LS1,Evening,Set2,Draw1,6,col6,Evening|Set2|Draw1|col6,E,combined,1,2,2,1,6,4,67,2,2,True,3,9,10,9
NewJersey4,LS1,Evening,Set2,Draw1,6,col6,Evening|Set2|Draw1|col6,E,combined,1,2,2,1,6,5,67,2,2,True,3,9,10,9
NewJersey4,LS1,Evening,Set2,Draw1,6,col6,Evening|Set2|Draw1|col6,E,combined,1,2,2,1,6,7,6,1,1,True,3,9,10,9
NewJersey4,LS1,Evening,Set2,Draw1,6,col6,Evening|Set2|Draw1|col6,E,combined,1,2,2,1,6,8,6,1,1,True,3,9,10,9
NewJersey4,LS1,Evening,Set2,Draw1,6,col6,Evening|Set2|Draw1|col6,E,combined,1,2,2,1,6,9,,0,0,False,3,9,10,9
NewJersey4,LS1,Evening,Set2,Draw1,6,col6,Evening|Set2|Draw1|col6,T,own,1,2,2,1,6,0,9200886677,10,6,False,1,6,7,5
NewJersey4,LS1,Evening,Set2,Draw1,6,col6,Evening|Set2|Draw1|col6,T,own,1,2,2,1,6,1,90066,5,3,True,1,6,7,5
NewJersey4,LS1,Evening,Set2,Draw1,6,col6,Evening|Set2|Draw1|col6,T,own,1,2,2,1,6,2,966,3,2,True,1,6,7,5
NewJersey4,LS1,Evening,Set2,Draw1,6,col6,Evening|Set2|Draw1|col6,T,own,1,2,2,1,6,3,966,3,2,True,1,6,7,5
NewJersey4,LS1,Evening,Set2,Draw1,6,col6,Evening|Set2|Draw1|col6,T,own,1,2,2,1,6,6,,0,0,False,1,6,7,5
NewJersey4,LS1,Evening,Set2,Draw1,6,col6,Evening|Set2|Draw1|col6,T,combined,1,2,2,1,6,0,9200886677,10,6,False,1,11,12,5
NewJersey4,LS1,Evening,Set2,Draw1,6,col6,Evening|Set2|Draw1|col6,T,combined,1,2,2,1,6,1,90066,5,3,True,1,11,12,5
NewJersey4,LS1,Evening,Set2,Draw1,6,col6,Evening|Set2|Draw1|col6,T,combined,1,2,2,1,6,2,66,2,1,True,1,11,12,5
NewJersey4,LS1,Evening,Set2,Draw1,6,col6,Evening|Set2|Draw1|col6,T,combined,1,2,2,1,6,3,66,2,1,True,1,11,12,5
NewJersey4,LS1,Evening,Set2,Draw1,6,col6,Evening|Set2|Draw1|col6,T,combined,1,2,2,1,6,11,,0,0,False,1,11,12,5
NewJersey4,LS1,Evening,Set2,Draw1,5,col5,Evening|Set2|Draw1|col5,A,own,1,2,2,1,5,0,0088677,7,4,False,1,6,7,6
NewJersey4,LS1,Evening,Set2,Draw1,5,col5,Evening|Set2|Draw1|col5,A,own,1,2,2,1,5,1,006,3,2,True,1,6,7,6
NewJersey4,LS1,Evening,Set2,Draw1,5,col5,Evening|Set2|Draw1|col5,A,own,1,2,2,1,5,2,006,3,2,True,1,6,7,6
NewJersey4,LS1,Evening,Set2,Draw1,5,col5,Evening|Set2|Draw1|col5,A,own,1,2,2,1,5,4,6,1,1,True,1,6,7,6
NewJersey4,LS1,Evening,Set2,Draw1,5,col5,Evening|Set2|Draw1|col5,A,own,1,2,2,1,5,5,6,1,1,True,1,6,7,6
NewJersey4,LS1,Evening,Set2,Draw1,5,col5,Evening|Set2|Draw1|col5,A,own,1,2,2,1,5,6,,0,0,False,1,6,7,6
NewJersey4,LS1,Evening,Set2,Draw1,5,col5,Evening|Set2|Draw1|col5,A,combined,1,2,2,1,5,0,0088677,7,4,False,1,11,12,6
NewJersey4,LS1,Evening,Set2,Draw1,5,col5,Evening|Set2|Draw1|col5,A,combined,1,2,2,1,5,1,006,3,2,True,1,11,12,6
NewJersey4,LS1,Evening,Set2,Draw1,5,col5,Evening|Set2|Draw1|col5,A,combined,1,2,2,1,5,2,006,3,2,True,1,11,12,6
NewJersey4,LS1,Evening,Set2,Draw1,5,col5,Evening|Set2|Draw1|col5,A,combined,1,2,2,1,5,7,6,1,1,True,1,11,12,6
NewJersey4,LS1,Evening,Set2,Draw1,5,col5,Evening|Set2|Draw1|col5,A,combined,1,2,2,1,5,8,6,1,1,True,1,11,12,6
NewJersey4,LS1,Evening,Set2,Draw1,5,col5,Evening|Set2|Draw1|col5,A,combined,1,2,2,1,5,11,,0,0,False,1,11,12,6
NewJersey4,LS1,Evening,Set2,Draw1,5,col5,Evening|Set2|Draw1|col5,B,own,1,2,2,1,5,0,0088677,7,4,False,1,5,6,5
NewJersey4,LS1,Evening,Set2,Draw1,5,col5,Evening|Set2|Draw1|col5,B,own,1,2,2,1,5,1,006,3,2,True,1,5,6,5
NewJersey4,LS1,Evening,Set2,Draw1,5,col5,Evening|Set2|Draw1|col5,B,own,1,2,2,1,5,2,6,1,1,True,1,5,6,5
NewJersey4,LS1,Evening,Set2,Draw1,5,col5,Evening|Set2|Draw1|col5,B,own,1,2,2,1,5,3,6,1,1,True,1,5,6,5
NewJersey4,LS1,Evening,Set2,Draw1,5,col5,Evening|Set2|Draw1|col5,B,own,1,2,2,1,5,5,,0,0,False,1,5,6,5
NewJersey4,LS1,Evening,Set2,Draw1,5,col5,Evening|Set2|Draw1|col5,B,combined,1,2,2,1,5,0,0088677,7,4,False,1,4,5,5
NewJersey4,LS1,Evening,Set2,Draw1,5,col5,Evening|Set2|Draw1|col5,B,combined,1,2,2,1,5,1,006,3,2,True,1,4,5,5
NewJersey4,LS1,Evening,Set2,Draw1,5,col5,Evening|Set2|Draw1|col5,B,combined,1,2,2,1,5,2,6,1,1,True,1,4,5,5
NewJersey4,LS1,Evening,Set2,Draw1,5,col5,Evening|Set2|Draw1|col5,B,combined,1,2,2,1,5,3,6,1,1,True,1,4,5,5
NewJersey4,LS1,Evening,Set2,Draw1,5,col5,Evening|Set2|Draw1|col5,B,combined,1,2,2,1,5,4,,0,0,False,1,4,5,5
NewJersey4,LS1,Evening,Set2,Draw1,5,col5,Evening|Set2|Draw1|col5,C,own,1,2,2,1,5,0,0088677,7,4,False,1,5,6,5
NewJersey4,LS1,Evening,Set2,Draw1,5,col5,Evening|Set2|Draw1|col5,C,own,1,2,2,1,5,1,006,3,2,True,1,5,6,5
NewJersey4,LS1,Evening,Set2,Draw1,5,col5,Evening|Set2|Draw1|col5,C,own,1,2,2,1,5,2,6,1,1,True,1,5,6,5
NewJersey4,LS1,Evening,Set2,Draw1,5,col5,Evening|Set2|Draw1|col5,C,own,1,2,2,1,5,3,6,1,1,True,1,5,6,5
NewJersey4,LS1,Evening,Set2,Draw1,5,col5,Evening|Set2|Draw1|col5,C,own,1,2,2,1,5,5,,0,0,False,1,5,6,5
NewJersey4,LS1,Evening,Set2,Draw1,5,col5,Evening|Set2|Draw1|col5,C,combined,1,2,2,1,5,0,0088677,7,4,False,1,4,5,5
NewJersey4,LS1,Evening,Set2,Draw1,5,col5,Evening|Set2|Draw1|col5,C,combined,1,2,2,1,5,1,006,3,2,True,1,4,5,5
NewJersey4,LS1,Evening,Set2,Draw1,5,col5,Evening|Set2|Draw1|col5,C,combined,1,2,2,1,5,2,6,1,1,True,1,4,5,5
NewJersey4,LS1,Evening,Set2,Draw1,5,col5,Evening|Set2|Draw1|col5,C,combined,1,2,2,1,5,3,6,1,1,True,1,4,5,5
NewJersey4,LS1,Evening,Set2,Draw1,5,col5,Evening|Set2|Draw1|col5,C,combined,1,2,2,1,5,4,,0,0,False,1,4,5,5
NewJersey4,LS1,Evening,Set2,Draw1,5,col5,Evening|Set2|Draw1|col5,D,own,1,2,2,1,5,0,0088677,7,4,False,1,5,6,5
NewJersey4,LS1,Evening,Set2,Draw1,5,col5,Evening|Set2|Draw1|col5,D,own,1,2,2,1,5,1,006,3,2,True,1,5,6,5
NewJersey4,LS1,Evening,Set2,Draw1,5,col5,Evening|Set2|Draw1|col5,D,own,1,2,2,1,5,2,6,1,1,True,1,5,6,5
NewJersey4,LS1,Evening,Set2,Draw1,5,col5,Evening|Set2|Draw1|col5,D,own,1,2,2,1,5,3,6,1,1,True,1,5,6,5
NewJersey4,LS1,Evening,Set2,Draw1,5,col5,Evening|Set2|Draw1|col5,D,own,1,2,2,1,5,5,,0,0,False,1,5,6,5
NewJersey4,LS1,Evening,Set2,Draw1,5,col5,Evening|Set2|Draw1|col5,D,combined,1,2,2,1,5,0,0088677,7,4,False,1,4,5,5
NewJersey4,LS1,Evening,Set2,Draw1,5,col5,Evening|Set2|Draw1|col5,D,combined,1,2,2,1,5,1,006,3,2,True,1,4,5,5
NewJersey4,LS1,Evening,Set2,Draw1,5,col5,Evening|Set2|Draw1|col5,D,combined,1,2,2,1,5,2,06,2,2,True,1,4,5,5
NewJersey4,LS1,Evening,Set2,Draw1,5,col5,Evening|Set2|Draw1|col5,D,combined,1,2,2,1,5,3,6,1,1,True,1,4,5,5
NewJersey4,LS1,Evening,Set2,Draw1,5,col5,Evening|Set2|Draw1|col5,D,combined,1,2,2,1,5,4,,0,0,False,1,4,5,5
NewJersey4,LS1,Evening,Set2,Draw1,5,col5,Evening|Set2|Draw1|col5,E,own,1,2,2,1,5,0,0088677,7,4,False,1,5,6,6
NewJersey4,LS1,Evening,Set2,Draw1,5,col5,Evening|Set2|Draw1|col5,E,own,1,2,2,1,5,1,0067,4,3,True,1,5,6,6
NewJersey4,LS1,Evening,Set2,Draw1,5,col5,Evening|Set2|Draw1|col5,E,own,1,2,2,1,5,2,67,2,2,True,1,5,6,6
NewJersey4,LS1,Evening,Set2,Draw1,5,col5,Evening|Set2|Draw1|col5,E,own,1,2,2,1,5,3,67,2,2,True,1,5,6,6
NewJersey4,LS1,Evening,Set2,Draw1,5,col5,Evening|Set2|Draw1|col5,E,own,1,2,2,1,5,4,6,1,1,True,1,5,6,6
NewJersey4,LS1,Evening,Set2,Draw1,5,col5,Evening|Set2|Draw1|col5,E,own,1,2,2,1,5,5,,0,0,False,1,5,6,6
NewJersey4,LS1,Evening,Set2,Draw1,5,col5,Evening|Set2|Draw1|col5,E,combined,1,2,2,1,5,0,0088677,7,4,False,1,4,5,5
NewJersey4,LS1,Evening,Set2,Draw1,5,col5,Evening|Set2|Draw1|col5,E,combined,1,2,2,1,5,1,0067,4,3,True,1,4,5,5
NewJersey4,LS1,Evening,Set2,Draw1,5,col5,Evening|Set2|Draw1|col5,E,combined,1,2,2,1,5,2,067,3,3,True,1,4,5,5
NewJersey4,LS1,Evening,Set2,Draw1,5,col5,Evening|Set2|Draw1|col5,E,combined,1,2,2,1,5,3,67,2,2,True,1,4,5,5
NewJersey4,LS1,Evening,Set2,Draw1,5,col5,Evening|Set2|Draw1|col5,E,combined,1,2,2,1,5,4,,0,0,False,1,4,5,5
NewJersey4,LS1,Evening,Set2,Draw1,5,col5,Evening|Set2|Draw1|col5,T,own,1,2,2,1,5,0,0088677,7,4,False,1,6,7,6
NewJersey4,LS1,Evening,Set2,Draw1,5,col5,Evening|Set2|Draw1|col5,T,own,1,2,2,1,5,1,006,3,2,True,1,6,7,6
NewJersey4,LS1,Evening,Set2,Draw1,5,col5,Evening|Set2|Draw1|col5,T,own,1,2,2,1,5,2,006,3,2,True,1,6,7,6
NewJersey4,LS1,Evening,Set2,Draw1,5,col5,Evening|Set2|Draw1|col5,T,own,1,2,2,1,5,4,6,1,1,True,1,6,7,6
NewJersey4,LS1,Evening,Set2,Draw1,5,col5,Evening|Set2|Draw1|col5,T,own,1,2,2,1,5,5,6,1,1,True,1,6,7,6
NewJersey4,LS1,Evening,Set2,Draw1,5,col5,Evening|Set2|Draw1|col5,T,own,1,2,2,1,5,6,,0,0,False,1,6,7,6
NewJersey4,LS1,Evening,Set2,Draw1,5,col5,Evening|Set2|Draw1|col5,T,combined,1,2,2,1,5,0,0088677,7,4,False,1,11,12,6
NewJersey4,LS1,Evening,Set2,Draw1,5,col5,Evening|Set2|Draw1|col5,T,combined,1,2,2,1,5,1,006,3,2,True,1,11,12,6
NewJersey4,LS1,Evening,Set2,Draw1,5,col5,Evening|Set2|Draw1|col5,T,combined,1,2,2,1,5,2,006,3,2,True,1,11,12,6
NewJersey4,LS1,Evening,Set2,Draw1,5,col5,Evening|Set2|Draw1|col5,T,combined,1,2,2,1,5,7,6,1,1,True,1,11,12,6
NewJersey4,LS1,Evening,Set2,Draw1,5,col5,Evening|Set2|Draw1|col5,T,combined,1,2,2,1,5,8,6,1,1,True,1,11,12,6
NewJersey4,LS1,Evening,Set2,Draw1,5,col5,Evening|Set2|Draw1|col5,T,combined,1,2,2,1,5,11,,0,0,False,1,11,12,6
NewJersey4,LS1,Evening,Set2,Draw1,4,col4,Evening|Set2|Draw1|col4,A,own,1,2,2,1,4,0,0088677*,8,5,False,1,6,29,7
NewJersey4,LS1,Evening,Set2,Draw1,4,col4,Evening|Set2|Draw1|col4,A,own,1,2,2,1,4,1,006*,4,3,True,1,6,29,7
NewJersey4,LS1,Evening,Set2,Draw1,4,col4,Evening|Set2|Draw1|col4,A,own,1,2,2,1,4,2,006*,4,3,True,1,6,29,7
NewJersey4,LS1,Evening,Set2,Draw1,4,col4,Evening|Set2|Draw1|col4,A,own,1,2,2,1,4,3,006*,4,3,True,1,6,29,7
NewJersey4,LS1,Evening,Set2,Draw1,4,col4,Evening|Set2|Draw1|col4,A,own,1,2,2,1,4,4,6*,2,2,True,1,6,29,7
NewJersey4,LS1,Evening,Set2,Draw1,4,col4,Evening|Set2|Draw1|col4,A,own,1,2,2,1,4,5,6*,2,2,True,1,6,29,7
NewJersey4,LS1,Evening,Set2,Draw1,4,col4,Evening|Set2|Draw1|col4,A,own,1,2,2,1,4,6,*,1,1,True,1,6,29,7
NewJersey4,LS1,Evening,Set2,Draw1,4,col4,Evening|Set2|Draw1|col4,A,combined,1,2,2,1,4,0,0088677*,8,5,False,1,11,57,10
NewJersey4,LS1,Evening,Set2,Draw1,4,col4,Evening|Set2|Draw1|col4,A,combined,1,2,2,1,4,1,006*,4,3,True,1,11,57,10
NewJersey4,LS1,Evening,Set2,Draw1,4,col4,Evening|Set2|Draw1|col4,A,combined,1,2,2,1,4,2,006*,4,3,True,1,11,57,10
NewJersey4,LS1,Evening,Set2,Draw1,4,col4,Evening|Set2|Draw1|col4,A,combined,1,2,2,1,4,3,006*,4,3,True,1,11,57,10
NewJersey4,LS1,Evening,Set2,Draw1,4,col4,Evening|Set2|Draw1|col4,A,combined,1,2,2,1,4,4,006*,4,3,True,1,11,57,10
NewJersey4,LS1,Evening,Set2,Draw1,4,col4,Evening|Set2|Draw1|col4,A,combined,1,2,2,1,4,5,006*,4,3,True,1,11,57,10
NewJersey4,LS1,Evening,Set2,Draw1,4,col4,Evening|Set2|Draw1|col4,A,combined,1,2,2,1,4,6,006*,4,3,True,1,11,57,10
NewJersey4,LS1,Evening,Set2,Draw1,4,col4,Evening|Set2|Draw1|col4,A,combined,1,2,2,1,4,7,6*,2,2,True,1,11,57,10
NewJersey4,LS1,Evening,Set2,Draw1,4,col4,Evening|Set2|Draw1|col4,A,combined,1,2,2,1,4,8,6*,2,2,True,1,11,57,10
NewJersey4,LS1,Evening,Set2,Draw1,4,col4,Evening|Set2|Draw1|col4,A,combined,1,2,2,1,4,11,*,1,1,True,1,11,57,10
NewJersey4,LS1,Evening,Set2,Draw1,4,col4,Evening|Set2|Draw1|col4,B,own,1,2,2,1,4,0,0088677*,8,5,False,1,5,29,5
NewJersey4,LS1,Evening,Set2,Draw1,4,col4,Evening|Set2|Draw1|col4,B,own,1,2,2,1,4,1,006*,4,3,True,1,5,29,5
NewJersey4,LS1,Evening,Set2,Draw1,4,col4,Evening|Set2|Draw1|col4,B,own,1,2,2,1,4,2,6*,2,2,True,1,5,29,5
NewJersey4,LS1,Evening,Set2,Draw1,4,col4,Evening|Set2|Draw1|col4,B,own,1,2,2,1,4,3,6*,2,2,True,1,5,29,5
NewJersey4,LS1,Evening,Set2,Draw1,4,col4,Evening|Set2|Draw1|col4,B,own,1,2,2,1,4,5,*,1,1,True,1,5,29,5
NewJersey4,LS1,Evening,Set2,Draw1,4,col4,Evening|Set2|Draw1|col4,B,combined,1,2,2,1,4,0,0088677*,8,5,False,1,4,57,5
NewJersey4,LS1,Evening,Set2,Draw1,4,col4,Evening|Set2|Draw1|col4,B,combined,1,2,2,1,4,1,006*,4,3,True,1,4,57,5
NewJersey4,LS1,Evening,Set2,Draw1,4,col4,Evening|Set2|Draw1|col4,B,combined,1,2,2,1,4,2,6*,2,2,True,1,4,57,5
NewJersey4,LS1,Evening,Set2,Draw1,4,col4,Evening|Set2|Draw1|col4,B,combined,1,2,2,1,4,3,6*,2,2,True,1,4,57,5
NewJersey4,LS1,Evening,Set2,Draw1,4,col4,Evening|Set2|Draw1|col4,B,combined,1,2,2,1,4,4,*,1,1,True,1,4,57,5
NewJersey4,LS1,Evening,Set2,Draw1,4,col4,Evening|Set2|Draw1|col4,C,own,1,2,2,1,4,0,0088677*,8,5,False,1,5,29,5
NewJersey4,LS1,Evening,Set2,Draw1,4,col4,Evening|Set2|Draw1|col4,C,own,1,2,2,1,4,1,006*,4,3,True,1,5,29,5
NewJersey4,LS1,Evening,Set2,Draw1,4,col4,Evening|Set2|Draw1|col4,C,own,1,2,2,1,4,2,6*,2,2,True,1,5,29,5
NewJersey4,LS1,Evening,Set2,Draw1,4,col4,Evening|Set2|Draw1|col4,C,own,1,2,2,1,4,3,6*,2,2,True,1,5,29,5
NewJersey4,LS1,Evening,Set2,Draw1,4,col4,Evening|Set2|Draw1|col4,C,own,1,2,2,1,4,5,*,1,1,True,1,5,29,5
NewJersey4,LS1,Evening,Set2,Draw1,4,col4,Evening|Set2|Draw1|col4,C,combined,1,2,2,1,4,0,0088677*,8,5,False,1,4,57,5
NewJersey4,LS1,Evening,Set2,Draw1,4,col4,Evening|Set2|Draw1|col4,C,combined,1,2,2,1,4,1,006*,4,3,True,1,4,57,5
NewJersey4,LS1,Evening,Set2,Draw1,4,col4,Evening|Set2|Draw1|col4,C,combined,1,2,2,1,4,2,6*,2,2,True,1,4,57,5
NewJersey4,LS1,Evening,Set2,Draw1,4,col4,Evening|Set2|Draw1|col4,C,combined,1,2,2,1,4,3,6*,2,2,True,1,4,57,5
NewJersey4,LS1,Evening,Set2,Draw1,4,col4,Evening|Set2|Draw1|col4,C,combined,1,2,2,1,4,4,*,1,1,True,1,4,57,5
NewJersey4,LS1,Evening,Set2,Draw1,4,col4,Evening|Set2|Draw1|col4,D,own,1,2,2,1,4,0,0088677*,8,5,False,1,5,29,5
NewJersey4,LS1,Evening,Set2,Draw1,4,col4,Evening|Set2|Draw1|col4,D,own,1,2,2,1,4,1,006*,4,3,True,1,5,29,5
NewJersey4,LS1,Evening,Set2,Draw1,4,col4,Evening|Set2|Draw1|col4,D,own,1,2,2,1,4,2,6*,2,2,True,1,5,29,5
NewJersey4,LS1,Evening,Set2,Draw1,4,col4,Evening|Set2|Draw1|col4,D,own,1,2,2,1,4,3,6*,2,2,True,1,5,29,5
NewJersey4,LS1,Evening,Set2,Draw1,4,col4,Evening|Set2|Draw1|col4,D,own,1,2,2,1,4,5,*,1,1,True,1,5,29,5
NewJersey4,LS1,Evening,Set2,Draw1,4,col4,Evening|Set2|Draw1|col4,D,combined,1,2,2,1,4,0,0088677*,8,5,False,1,4,57,5
NewJersey4,LS1,Evening,Set2,Draw1,4,col4,Evening|Set2|Draw1|col4,D,combined,1,2,2,1,4,1,006*,4,3,True,1,4,57,5
NewJersey4,LS1,Evening,Set2,Draw1,4,col4,Evening|Set2|Draw1|col4,D,combined,1,2,2,1,4,2,06*,3,3,True,1,4,57,5
NewJersey4,LS1,Evening,Set2,Draw1,4,col4,Evening|Set2|Draw1|col4,D,combined,1,2,2,1,4,3,6*,2,2,True,1,4,57,5
NewJersey4,LS1,Evening,Set2,Draw1,4,col4,Evening|Set2|Draw1|col4,D,combined,1,2,2,1,4,4,*,1,1,True,1,4,57,5
NewJersey4,LS1,Evening,Set2,Draw1,4,col4,Evening|Set2|Draw1|col4,E,own,1,2,2,1,4,0,0088677*,8,5,False,2,5,29,6
NewJersey4,LS1,Evening,Set2,Draw1,4,col4,Evening|Set2|Draw1|col4,E,own,1,2,2,1,4,1,0067*,5,4,False,2,5,29,6
NewJersey4,LS1,Evening,Set2,Draw1,4,col4,Evening|Set2|Draw1|col4,E,own,1,2,2,1,4,2,67*,3,3,True,2,5,29,6
NewJersey4,LS1,Evening,Set2,Draw1,4,col4,Evening|Set2|Draw1|col4,E,own,1,2,2,1,4,3,67*,3,3,True,2,5,29,6
NewJersey4,LS1,Evening,Set2,Draw1,4,col4,Evening|Set2|Draw1|col4,E,own,1,2,2,1,4,4,6*,2,2,True,2,5,29,6
NewJersey4,LS1,Evening,Set2,Draw1,4,col4,Evening|Set2|Draw1|col4,E,own,1,2,2,1,4,5,*,1,1,True,2,5,29,6
NewJersey4,LS1,Evening,Set2,Draw1,4,col4,Evening|Set2|Draw1|col4,E,combined,1,2,2,1,4,0,0088677*,8,5,False,3,4,57,5
NewJersey4,LS1,Evening,Set2,Draw1,4,col4,Evening|Set2|Draw1|col4,E,combined,1,2,2,1,4,1,0067*,5,4,False,3,4,57,5
NewJersey4,LS1,Evening,Set2,Draw1,4,col4,Evening|Set2|Draw1|col4,E,combined,1,2,2,1,4,2,067*,4,4,False,3,4,57,5
NewJersey4,LS1,Evening,Set2,Draw1,4,col4,Evening|Set2|Draw1|col4,E,combined,1,2,2,1,4,3,67*,3,3,True,3,4,57,5
NewJersey4,LS1,Evening,Set2,Draw1,4,col4,Evening|Set2|Draw1|col4,E,combined,1,2,2,1,4,4,*,1,1,True,3,4,57,5
NewJersey4,LS1,Evening,Set2,Draw1,4,col4,Evening|Set2|Draw1|col4,T,own,1,2,2,1,4,0,0088677*,8,5,False,1,6,29,5
NewJersey4,LS1,Evening,Set2,Draw1,4,col4,Evening|Set2|Draw1|col4,T,own,1,2,2,1,4,1,006*,4,3,True,1,6,29,5
NewJersey4,LS1,Evening,Set2,Draw1,4,col4,Evening|Set2|Draw1|col4,T,own,1,2,2,1,4,2,6*,2,2,True,1,6,29,5
NewJersey4,LS1,Evening,Set2,Draw1,4,col4,Evening|Set2|Draw1|col4,T,own,1,2,2,1,4,3,6*,2,2,True,1,6,29,5
NewJersey4,LS1,Evening,Set2,Draw1,4,col4,Evening|Set2|Draw1|col4,T,own,1,2,2,1,4,6,*,1,1,True,1,6,29,5
NewJersey4,LS1,Evening,Set2,Draw1,4,col4,Evening|Set2|Draw1|col4,T,combined,1,2,2,1,4,0,0088677*,8,5,False,1,11,57,5
NewJersey4,LS1,Evening,Set2,Draw1,4,col4,Evening|Set2|Draw1|col4,T,combined,1,2,2,1,4,1,006*,4,3,True,1,11,57,5
NewJersey4,LS1,Evening,Set2,Draw1,4,col4,Evening|Set2|Draw1|col4,T,combined,1,2,2,1,4,2,6*,2,2,True,1,11,57,5
NewJersey4,LS1,Evening,Set2,Draw1,4,col4,Evening|Set2|Draw1|col4,T,combined,1,2,2,1,4,3,6*,2,2,True,1,11,57,5
NewJersey4,LS1,Evening,Set2,Draw1,4,col4,Evening|Set2|Draw1|col4,T,combined,1,2,2,1,4,11,*,1,1,True,1,11,57,5
NewJersey4,LS1,Evening,Set2,Draw1,2,col2,Evening|Set2|Draw1|col2,A,own,1,2,2,1,2,0,08867*,6,5,False,1,6,29,6
NewJersey4,LS1,Evening,Set2,Draw1,2,col2,Evening|Set2|Draw1|col2,A,own,1,2,2,1,2,1,06*,3,3,True,1,6,29,6
NewJersey4,LS1,Evening,Set2,Draw1,2,col2,Evening|Set2|Draw1|col2,A,own,1,2,2,1,2,2,06*,3,3,True,1,6,29,6
NewJersey4,LS1,Evening,Set2,Draw1,2,col2,Evening|Set2|Draw1|col2,A,own,1,2,2,1,2,4,6*,2,2,True,1,6,29,6
NewJersey4,LS1,Evening,Set2,Draw1,2,col2,Evening|Set2|Draw1|col2,A,own,1,2,2,1,2,5,6*,2,2,True,1,6,29,6
NewJersey4,LS1,Evening,Set2,Draw1,2,col2,Evening|Set2|Draw1|col2,A,own,1,2,2,1,2,6,*,1,1,True,1,6,29,6
NewJersey4,LS1,Evening,Set2,Draw1,2,col2,Evening|Set2|Draw1|col2,A,combined,1,2,2,1,2,0,08867*,6,5,False,1,11,57,6
NewJersey4,LS1,Evening,Set2,Draw1,2,col2,Evening|Set2|Draw1|col2,A,combined,1,2,2,1,2,1,06*,3,3,True,1,11,57,6
NewJersey4,LS1,Evening,Set2,Draw1,2,col2,Evening|Set2|Draw1|col2,A,combined,1,2,2,1,2,2,06*,3,3,True,1,11,57,6
NewJersey4,LS1,Evening,Set2,Draw1,2,col2,Evening|Set2|Draw1|col2,A,combined,1,2,2,1,2,7,6*,2,2,True,1,11,57,6
NewJersey4,LS1,Evening,Set2,Draw1,2,col2,Evening|Set2|Draw1|col2,A,combined,1,2,2,1,2,8,6*,2,2,True,1,11,57,6
NewJersey4,LS1,Evening,Set2,Draw1,2,col2,Evening|Set2|Draw1|col2,A,combined,1,2,2,1,2,11,*,1,1,True,1,11,57,6
NewJersey4,LS1,Evening,Set2,Draw1,2,col2,Evening|Set2|Draw1|col2,B,own,1,2,2,1,2,0,08867*,6,5,False,1,5,29,5
NewJersey4,LS1,Evening,Set2,Draw1,2,col2,Evening|Set2|Draw1|col2,B,own,1,2,2,1,2,1,06*,3,3,True,1,5,29,5
NewJersey4,LS1,Evening,Set2,Draw1,2,col2,Evening|Set2|Draw1|col2,B,own,1,2,2,1,2,2,6*,2,2,True,1,5,29,5
NewJersey4,LS1,Evening,Set2,Draw1,2,col2,Evening|Set2|Draw1|col2,B,own,1,2,2,1,2,3,6*,2,2,True,1,5,29,5
NewJersey4,LS1,Evening,Set2,Draw1,2,col2,Evening|Set2|Draw1|col2,B,own,1,2,2,1,2,5,*,1,1,True,1,5,29,5
NewJersey4,LS1,Evening,Set2,Draw1,2,col2,Evening|Set2|Draw1|col2,B,combined,1,2,2,1,2,0,08867*,6,5,False,1,4,57,5
NewJersey4,LS1,Evening,Set2,Draw1,2,col2,Evening|Set2|Draw1|col2,B,combined,1,2,2,1,2,1,06*,3,3,True,1,4,57,5
NewJersey4,LS1,Evening,Set2,Draw1,2,col2,Evening|Set2|Draw1|col2,B,combined,1,2,2,1,2,2,6*,2,2,True,1,4,57,5
NewJersey4,LS1,Evening,Set2,Draw1,2,col2,Evening|Set2|Draw1|col2,B,combined,1,2,2,1,2,3,6*,2,2,True,1,4,57,5
NewJersey4,LS1,Evening,Set2,Draw1,2,col2,Evening|Set2|Draw1|col2,B,combined,1,2,2,1,2,4,*,1,1,True,1,4,57,5
NewJersey4,LS1,Evening,Set2,Draw1,2,col2,Evening|Set2|Draw1|col2,C,own,1,2,2,1,2,0,08867*,6,5,False,1,5,29,5
NewJersey4,LS1,Evening,Set2,Draw1,2,col2,Evening|Set2|Draw1|col2,C,own,1,2,2,1,2,1,06*,3,3,True,1,5,29,5
NewJersey4,LS1,Evening,Set2,Draw1,2,col2,Evening|Set2|Draw1|col2,C,own,1,2,2,1,2,2,6*,2,2,True,1,5,29,5
NewJersey4,LS1,Evening,Set2,Draw1,2,col2,Evening|Set2|Draw1|col2,C,own,1,2,2,1,2,3,6*,2,2,True,1,5,29,5
NewJersey4,LS1,Evening,Set2,Draw1,2,col2,Evening|Set2|Draw1|col2,C,own,1,2,2,1,2,5,*,1,1,True,1,5,29,5
NewJersey4,LS1,Evening,Set2,Draw1,2,col2,Evening|Set2|Draw1|col2,C,combined,1,2,2,1,2,0,08867*,6,5,False,1,4,57,5
NewJersey4,LS1,Evening,Set2,Draw1,2,col2,Evening|Set2|Draw1|col2,C,combined,1,2,2,1,2,1,06*,3,3,True,1,4,57,5
NewJersey4,LS1,Evening,Set2,Draw1,2,col2,Evening|Set2|Draw1|col2,C,combined,1,2,2,1,2,2,6*,2,2,True,1,4,57,5
NewJersey4,LS1,Evening,Set2,Draw1,2,col2,Evening|Set2|Draw1|col2,C,combined,1,2,2,1,2,3,6*,2,2,True,1,4,57,5
NewJersey4,LS1,Evening,Set2,Draw1,2,col2,Evening|Set2|Draw1|col2,C,combined,1,2,2,1,2,4,*,1,1,True,1,4,57,5
NewJersey4,LS1,Evening,Set2,Draw1,2,col2,Evening|Set2|Draw1|col2,D,own,1,2,2,1,2,0,08867*,6,5,False,1,5,29,5
NewJersey4,LS1,Evening,Set2,Draw1,2,col2,Evening|Set2|Draw1|col2,D,own,1,2,2,1,2,1,06*,3,3,True,1,5,29,5
NewJersey4,LS1,Evening,Set2,Draw1,2,col2,Evening|Set2|Draw1|col2,D,own,1,2,2,1,2,2,6*,2,2,True,1,5,29,5
NewJersey4,LS1,Evening,Set2,Draw1,2,col2,Evening|Set2|Draw1|col2,D,own,1,2,2,1,2,3,6*,2,2,True,1,5,29,5
NewJersey4,LS1,Evening,Set2,Draw1,2,col2,Evening|Set2|Draw1|col2,D,own,1,2,2,1,2,5,*,1,1,True,1,5,29,5
NewJersey4,LS1,Evening,Set2,Draw1,2,col2,Evening|Set2|Draw1|col2,D,combined,1,2,2,1,2,0,08867*,6,5,False,1,4,57,5
NewJersey4,LS1,Evening,Set2,Draw1,2,col2,Evening|Set2|Draw1|col2,D,combined,1,2,2,1,2,1,06*,3,3,True,1,4,57,5
NewJersey4,LS1,Evening,Set2,Draw1,2,col2,Evening|Set2|Draw1|col2,D,combined,1,2,2,1,2,2,6*,2,2,True,1,4,57,5
NewJersey4,LS1,Evening,Set2,Draw1,2,col2,Evening|Set2|Draw1|col2,D,combined,1,2,2,1,2,3,6*,2,2,True,1,4,57,5
NewJersey4,LS1,Evening,Set2,Draw1,2,col2,Evening|Set2|Draw1|col2,D,combined,1,2,2,1,2,4,*,1,1,True,1,4,57,5
NewJersey4,LS1,Evening,Set2,Draw1,2,col2,Evening|Set2|Draw1|col2,E,own,1,2,2,1,2,0,08867*,6,5,False,1,5,29,5
NewJersey4,LS1,Evening,Set2,Draw1,2,col2,Evening|Set2|Draw1|col2,E,own,1,2,2,1,2,1,06*,3,3,True,1,5,29,5
NewJersey4,LS1,Evening,Set2,Draw1,2,col2,Evening|Set2|Draw1|col2,E,own,1,2,2,1,2,2,6*,2,2,True,1,5,29,5
NewJersey4,LS1,Evening,Set2,Draw1,2,col2,Evening|Set2|Draw1|col2,E,own,1,2,2,1,2,3,6*,2,2,True,1,5,29,5
NewJersey4,LS1,Evening,Set2,Draw1,2,col2,Evening|Set2|Draw1|col2,E,own,1,2,2,1,2,5,*,1,1,True,1,5,29,5
NewJersey4,LS1,Evening,Set2,Draw1,2,col2,Evening|Set2|Draw1|col2,E,combined,1,2,2,1,2,0,08867*,6,5,False,1,4,57,5
NewJersey4,LS1,Evening,Set2,Draw1,2,col2,Evening|Set2|Draw1|col2,E,combined,1,2,2,1,2,1,06*,3,3,True,1,4,57,5
NewJersey4,LS1,Evening,Set2,Draw1,2,col2,Evening|Set2|Draw1|col2,E,combined,1,2,2,1,2,2,6*,2,2,True,1,4,57,5
NewJersey4,LS1,Evening,Set2,Draw1,2,col2,Evening|Set2|Draw1|col2,E,combined,1,2,2,1,2,3,6*,2,2,True,1,4,57,5
NewJersey4,LS1,Evening,Set2,Draw1,2,col2,Evening|Set2|Draw1|col2,E,combined,1,2,2,1,2,4,*,1,1,True,1,4,57,5
NewJersey4,LS1,Evening,Set2,Draw1,2,col2,Evening|Set2|Draw1|col2,T,own,1,2,2,1,2,0,08867*,6,5,False,1,6,29,6
NewJersey4,LS1,Evening,Set2,Draw1,2,col2,Evening|Set2|Draw1|col2,T,own,1,2,2,1,2,1,06*,3,3,True,1,6,29,6
NewJersey4,LS1,Evening,Set2,Draw1,2,col2,Evening|Set2|Draw1|col2,T,own,1,2,2,1,2,2,06*,3,3,True,1,6,29,6
NewJersey4,LS1,Evening,Set2,Draw1,2,col2,Evening|Set2|Draw1|col2,T,own,1,2,2,1,2,4,6*,2,2,True,1,6,29,6
NewJersey4,LS1,Evening,Set2,Draw1,2,col2,Evening|Set2|Draw1|col2,T,own,1,2,2,1,2,5,6*,2,2,True,1,6,29,6
NewJersey4,LS1,Evening,Set2,Draw1,2,col2,Evening|Set2|Draw1|col2,T,own,1,2,2,1,2,6,*,1,1,True,1,6,29,6
NewJersey4,LS1,Evening,Set2,Draw1,2,col2,Evening|Set2|Draw1|col2,T,combined,1,2,2,1,2,0,08867*,6,5,False,1,11,57,6
NewJersey4,LS1,Evening,Set2,Draw1,2,col2,Evening|Set2|Draw1|col2,T,combined,1,2,2,1,2,1,06*,3,3,True,1,11,57,6
NewJersey4,LS1,Evening,Set2,Draw1,2,col2,Evening|Set2|Draw1|col2,T,combined,1,2,2,1,2,2,06*,3,3,True,1,11,57,6
NewJersey4,LS1,Evening,Set2,Draw1,2,col2,Evening|Set2|Draw1|col2,T,combined,1,2,2,1,2,7,6*,2,2,True,1,11,57,6
NewJersey4,LS1,Evening,Set2,Draw1,2,col2,Evening|Set2|Draw1|col2,T,combined,1,2,2,1,2,8,6*,2,2,True,1,11,57,6
NewJersey4,LS1,Evening,Set2,Draw1,2,col2,Evening|Set2|Draw1|col2,T,combined,1,2,2,1,2,11,*,1,1,True,1,11,57,6
NewJersey4,LS1,Evening,Set2,Draw1,3,col3,Evening|Set2|Draw1|col3,A,own,1,2,2,1,3,0,08867*,6,5,False,1,6,29,6
NewJersey4,LS1,Evening,Set2,Draw1,3,col3,Evening|Set2|Draw1|col3,A,own,1,2,2,1,3,1,06*,3,3,True,1,6,29,6
NewJersey4,LS1,Evening,Set2,Draw1,3,col3,Evening|Set2|Draw1|col3,A,own,1,2,2,1,3,2,06*,3,3,True,1,6,29,6
NewJersey4,LS1,Evening,Set2,Draw1,3,col3,Evening|Set2|Draw1|col3,A,own,1,2,2,1,3,4,6*,2,2,True,1,6,29,6
NewJersey4,LS1,Evening,Set2,Draw1,3,col3,Evening|Set2|Draw1|col3,A,own,1,2,2,1,3,5,6*,2,2,True,1,6,29,6
NewJersey4,LS1,Evening,Set2,Draw1,3,col3,Evening|Set2|Draw1|col3,A,own,1,2,2,1,3,6,*,1,1,True,1,6,29,6
NewJersey4,LS1,Evening,Set2,Draw1,3,col3,Evening|Set2|Draw1|col3,A,combined,1,2,2,1,3,0,08867*,6,5,False,1,11,57,6
NewJersey4,LS1,Evening,Set2,Draw1,3,col3,Evening|Set2|Draw1|col3,A,combined,1,2,2,1,3,1,06*,3,3,True,1,11,57,6
NewJersey4,LS1,Evening,Set2,Draw1,3,col3,Evening|Set2|Draw1|col3,A,combined,1,2,2,1,3,2,06*,3,3,True,1,11,57,6
NewJersey4,LS1,Evening,Set2,Draw1,3,col3,Evening|Set2|Draw1|col3,A,combined,1,2,2,1,3,7,6*,2,2,True,1,11,57,6
NewJersey4,LS1,Evening,Set2,Draw1,3,col3,Evening|Set2|Draw1|col3,A,combined,1,2,2,1,3,8,6*,2,2,True,1,11,57,6
NewJersey4,LS1,Evening,Set2,Draw1,3,col3,Evening|Set2|Draw1|col3,A,combined,1,2,2,1,3,11,*,1,1,True,1,11,57,6
NewJersey4,LS1,Evening,Set2,Draw1,3,col3,Evening|Set2|Draw1|col3,B,own,1,2,2,1,3,0,08867*,6,5,False,1,5,29,5
NewJersey4,LS1,Evening,Set2,Draw1,3,col3,Evening|Set2|Draw1|col3,B,own,1,2,2,1,3,1,06*,3,3,True,1,5,29,5
NewJersey4,LS1,Evening,Set2,Draw1,3,col3,Evening|Set2|Draw1|col3,B,own,1,2,2,1,3,2,6*,2,2,True,1,5,29,5
NewJersey4,LS1,Evening,Set2,Draw1,3,col3,Evening|Set2|Draw1|col3,B,own,1,2,2,1,3,3,6*,2,2,True,1,5,29,5
NewJersey4,LS1,Evening,Set2,Draw1,3,col3,Evening|Set2|Draw1|col3,B,own,1,2,2,1,3,5,*,1,1,True,1,5,29,5
NewJersey4,LS1,Evening,Set2,Draw1,3,col3,Evening|Set2|Draw1|col3,B,combined,1,2,2,1,3,0,08867*,6,5,False,1,4,57,5
NewJersey4,LS1,Evening,Set2,Draw1,3,col3,Evening|Set2|Draw1|col3,B,combined,1,2,2,1,3,1,06*,3,3,True,1,4,57,5
NewJersey4,LS1,Evening,Set2,Draw1,3,col3,Evening|Set2|Draw1|col3,B,combined,1,2,2,1,3,2,6*,2,2,True,1,4,57,5
NewJersey4,LS1,Evening,Set2,Draw1,3,col3,Evening|Set2|Draw1|col3,B,combined,1,2,2,1,3,3,6*,2,2,True,1,4,57,5
NewJersey4,LS1,Evening,Set2,Draw1,3,col3,Evening|Set2|Draw1|col3,B,combined,1,2,2,1,3,4,*,1,1,True,1,4,57,5
NewJersey4,LS1,Evening,Set2,Draw1,3,col3,Evening|Set2|Draw1|col3,C,own,1,2,2,1,3,0,08867*,6,5,False,1,5,29,5
NewJersey4,LS1,Evening,Set2,Draw1,3,col3,Evening|Set2|Draw1|col3,C,own,1,2,2,1,3,1,06*,3,3,True,1,5,29,5
NewJersey4,LS1,Evening,Set2,Draw1,3,col3,Evening|Set2|Draw1|col3,C,own,1,2,2,1,3,2,6*,2,2,True,1,5,29,5
NewJersey4,LS1,Evening,Set2,Draw1,3,col3,Evening|Set2|Draw1|col3,C,own,1,2,2,1,3,3,6*,2,2,True,1,5,29,5
NewJersey4,LS1,Evening,Set2,Draw1,3,col3,Evening|Set2|Draw1|col3,C,own,1,2,2,1,3,5,*,1,1,True,1,5,29,5
NewJersey4,LS1,Evening,Set2,Draw1,3,col3,Evening|Set2|Draw1|col3,C,combined,1,2,2,1,3,0,08867*,6,5,False,1,4,57,5
NewJersey4,LS1,Evening,Set2,Draw1,3,col3,Evening|Set2|Draw1|col3,C,combined,1,2,2,1,3,1,06*,3,3,True,1,4,57,5
NewJersey4,LS1,Evening,Set2,Draw1,3,col3,Evening|Set2|Draw1|col3,C,combined,1,2,2,1,3,2,6*,2,2,True,1,4,57,5
NewJersey4,LS1,Evening,Set2,Draw1,3,col3,Evening|Set2|Draw1|col3,C,combined,1,2,2,1,3,3,6*,2,2,True,1,4,57,5
NewJersey4,LS1,Evening,Set2,Draw1,3,col3,Evening|Set2|Draw1|col3,C,combined,1,2,2,1,3,4,*,1,1,True,1,4,57,5
NewJersey4,LS1,Evening,Set2,Draw1,3,col3,Evening|Set2|Draw1|col3,D,own,1,2,2,1,3,0,08867*,6,5,False,1,5,29,5
NewJersey4,LS1,Evening,Set2,Draw1,3,col3,Evening|Set2|Draw1|col3,D,own,1,2,2,1,3,1,06*,3,3,True,1,5,29,5
NewJersey4,LS1,Evening,Set2,Draw1,3,col3,Evening|Set2|Draw1|col3,D,own,1,2,2,1,3,2,6*,2,2,True,1,5,29,5
NewJersey4,LS1,Evening,Set2,Draw1,3,col3,Evening|Set2|Draw1|col3,D,own,1,2,2,1,3,3,6*,2,2,True,1,5,29,5
NewJersey4,LS1,Evening,Set2,Draw1,3,col3,Evening|Set2|Draw1|col3,D,own,1,2,2,1,3,5,*,1,1,True,1,5,29,5
NewJersey4,LS1,Evening,Set2,Draw1,3,col3,Evening|Set2|Draw1|col3,D,combined,1,2,2,1,3,0,08867*,6,5,False,1,4,57,5
NewJersey4,LS1,Evening,Set2,Draw1,3,col3,Evening|Set2|Draw1|col3,D,combined,1,2,2,1,3,1,06*,3,3,True,1,4,57,5
NewJersey4,LS1,Evening,Set2,Draw1,3,col3,Evening|Set2|Draw1|col3,D,combined,1,2,2,1,3,2,6*,2,2,True,1,4,57,5
NewJersey4,LS1,Evening,Set2,Draw1,3,col3,Evening|Set2|Draw1|col3,D,combined,1,2,2,1,3,3,6*,2,2,True,1,4,57,5
NewJersey4,LS1,Evening,Set2,Draw1,3,col3,Evening|Set2|Draw1|col3,D,combined,1,2,2,1,3,4,*,1,1,True,1,4,57,5
NewJersey4,LS1,Evening,Set2,Draw1,3,col3,Evening|Set2|Draw1|col3,E,own,1,2,2,1,3,0,08867*,6,5,False,1,5,29,5
NewJersey4,LS1,Evening,Set2,Draw1,3,col3,Evening|Set2|Draw1|col3,E,own,1,2,2,1,3,1,06*,3,3,True,1,5,29,5
NewJersey4,LS1,Evening,Set2,Draw1,3,col3,Evening|Set2|Draw1|col3,E,own,1,2,2,1,3,2,6*,2,2,True,1,5,29,5
NewJersey4,LS1,Evening,Set2,Draw1,3,col3,Evening|Set2|Draw1|col3,E,own,1,2,2,1,3,3,6*,2,2,True,1,5,29,5
NewJersey4,LS1,Evening,Set2,Draw1,3,col3,Evening|Set2|Draw1|col3,E,own,1,2,2,1,3,5,*,1,1,True,1,5,29,5
NewJersey4,LS1,Evening,Set2,Draw1,3,col3,Evening|Set2|Draw1|col3,E,combined,1,2,2,1,3,0,08867*,6,5,False,1,4,57,5
NewJersey4,LS1,Evening,Set2,Draw1,3,col3,Evening|Set2|Draw1|col3,E,combined,1,2,2,1,3,1,06*,3,3,True,1,4,57,5
NewJersey4,LS1,Evening,Set2,Draw1,3,col3,Evening|Set2|Draw1|col3,E,combined,1,2,2,1,3,2,6*,2,2,True,1,4,57,5
NewJersey4,LS1,Evening,Set2,Draw1,3,col3,Evening|Set2|Draw1|col3,E,combined,1,2,2,1,3,3,6*,2,2,True,1,4,57,5
NewJersey4,LS1,Evening,Set2,Draw1,3,col3,Evening|Set2|Draw1|col3,E,combined,1,2,2,1,3,4,*,1,1,True,1,4,57,5
NewJersey4,LS1,Evening,Set2,Draw1,3,col3,Evening|Set2|Draw1|col3,T,own,1,2,2,1,3,0,08867*,6,5,False,1,6,29,6
NewJersey4,LS1,Evening,Set2,Draw1,3,col3,Evening|Set2|Draw1|col3,T,own,1,2,2,1,3,1,06*,3,3,True,1,6,29,6
NewJersey4,LS1,Evening,Set2,Draw1,3,col3,Evening|Set2|Draw1|col3,T,own,1,2,2,1,3,2,06*,3,3,True,1,6,29,6
NewJersey4,LS1,Evening,Set2,Draw1,3,col3,Evening|Set2|Draw1|col3,T,own,1,2,2,1,3,4,6*,2,2,True,1,6,29,6
NewJersey4,LS1,Evening,Set2,Draw1,3,col3,Evening|Set2|Draw1|col3,T,own,1,2,2,1,3,5,6*,2,2,True,1,6,29,6
NewJersey4,LS1,Evening,Set2,Draw1,3,col3,Evening|Set2|Draw1|col3,T,own,1,2,2,1,3,6,*,1,1,True,1,6,29,6
NewJersey4,LS1,Evening,Set2,Draw1,3,col3,Evening|Set2|Draw1|col3,T,combined,1,2,2,1,3,0,08867*,6,5,False,1,11,57,6
NewJersey4,LS1,Evening,Set2,Draw1,3,col3,Evening|Set2|Draw1|col3,T,combined,1,2,2,1,3,1,06*,3,3,True,1,11,57,6
NewJersey4,LS1,Evening,Set2,Draw1,3,col3,Evening|Set2|Draw1|col3,T,combined,1,2,2,1,3,2,06*,3,3,True,1,11,57,6
NewJersey4,LS1,Evening,Set2,Draw1,3,col3,Evening|Set2|Draw1|col3,T,combined,1,2,2,1,3,7,6*,2,2,True,1,11,57,6
NewJersey4,LS1,Evening,Set2,Draw1,3,col3,Evening|Set2|Draw1|col3,T,combined,1,2,2,1,3,8,6*,2,2,True,1,11,57,6
NewJersey4,LS1,Evening,Set2,Draw1,3,col3,Evening|Set2|Draw1|col3,T,combined,1,2,2,1,3,11,*,1,1,True,1,11,57,6
NewJersey4,LS1,Evening,Set1,Draw1,7,col7,Evening|Set1|Draw1|col7,A,own,1,2,1,1,7,0,592001886677,12,8,False,5,6,7,7
NewJersey4,LS1,Evening,Set1,Draw1,7,col7,Evening|Set1|Draw1|col7,A,own,1,2,1,1,7,1,59200166,8,6,False,5,6,7,7
NewJersey4,LS1,Evening,Set1,Draw1,7,col7,Evening|Set1|Draw1|col7,A,own,1,2,1,1,7,2,9200166,7,5,False,5,6,7,7
NewJersey4,LS1,Evening,Set1,Draw1,7,col7,Evening|Set1|Draw1|col7,A,own,1,2,1,1,7,3,9200166,7,5,False,5,6,7,7
NewJersey4,LS1,Evening,Set1,Draw1,7,col7,Evening|Set1|Draw1|col7,A,own,1,2,1,1,7,4,92166,5,4,False,5,6,7,7
NewJersey4,LS1,Evening,Set1,Draw1,7,col7,Evening|Set1|Draw1|col7,A,own,1,2,1,1,7,5,9266,4,3,True,5,6,7,7
NewJersey4,LS1,Evening,Set1,Draw1,7,col7,Evening|Set1|Draw1|col7,A,own,1,2,1,1,7,6,,0,0,False,5,6,7,7
NewJersey4,LS1,Evening,Set1,Draw1,7,col7,Evening|Set1|Draw1|col7,A,combined,1,2,1,1,7,0,592001886677,12,8,False,4,11,12,9
NewJersey4,LS1,Evening,Set1,Draw1,7,col7,Evening|Set1|Draw1|col7,A,combined,1,2,1,1,7,1,59200166,8,6,False,4,11,12,9
NewJersey4,LS1,Evening,Set1,Draw1,7,col7,Evening|Set1|Draw1|col7,A,combined,1,2,1,1,7,2,200166,6,4,False,4,11,12,9
NewJersey4,LS1,Evening,Set1,Draw1,7,col7,Evening|Set1|Draw1|col7,A,combined,1,2,1,1,7,3,200166,6,4,False,4,11,12,9
NewJersey4,LS1,Evening,Set1,Draw1,7,col7,Evening|Set1|Draw1|col7,A,combined,1,2,1,1,7,4,0066,4,2,True,4,11,12,9
NewJersey4,LS1,Evening,Set1,Draw1,7,col7,Evening|Set1|Draw1|col7,A,combined,1,2,1,1,7,5,0066,4,2,True,4,11,12,9
NewJersey4,LS1,Evening,Set1,Draw1,7,col7,Evening|Set1|Draw1|col7,A,combined,1,2,1,1,7,7,66,2,1,True,4,11,12,9
NewJersey4,LS1,Evening,Set1,Draw1,7,col7,Evening|Set1|Draw1|col7,A,combined,1,2,1,1,7,8,66,2,1,True,4,11,12,9
NewJersey4,LS1,Evening,Set1,Draw1,7,col7,Evening|Set1|Draw1|col7,A,combined,1,2,1,1,7,11,,0,0,False,4,11,12,9
NewJersey4,LS1,Evening,Set1,Draw1,7,col7,Evening|Set1|Draw1|col7,B,own,1,2,1,1,7,0,592001886677,12,8,False,2,6,7,7
NewJersey4,LS1,Evening,Set1,Draw1,7,col7,Evening|Set1|Draw1|col7,B,own,1,2,1,1,7,1,59200166,8,6,False,2,6,7,7
NewJersey4,LS1,Evening,Set1,Draw1,7,col7,Evening|Set1|Draw1|col7,B,own,1,2,1,1,7,2,2166,4,3,True,2,6,7,7
NewJersey4,LS1,Evening,Set1,Draw1,7,col7,Evening|Set1|Draw1|col7,B,own,1,2,1,1,7,3,2166,4,3,True,2,6,7,7
NewJersey4,LS1,Evening,Set1,Draw1,7,col7,Evening|Set1|Draw1|col7,B,own,1,2,1,1,7,4,166,3,2,True,2,6,7,7
NewJersey4,LS1,Evening,Set1,Draw1,7,col7,Evening|Set1|Draw1|col7,B,own,1,2,1,1,7,5,66,2,1,True,2,6,7,7
NewJersey4,LS1,Evening,Set1,Draw1,7,col7,Evening|Set1|Draw1|col7,B,own,1,2,1,1,7,6,,0,0,False,2,6,7,7
NewJersey4,LS1,Evening,Set1,Draw1,7,col7,Evening|Set1|Draw1|col7,B,combined,1,2,1,1,7,0,592001886677,12,8,False,3,9,10,7
NewJersey4,LS1,Evening,Set1,Draw1,7,col7,Evening|Set1|Draw1|col7,B,combined,1,2,1,1,7,1,59200166,8,6,False,3,9,10,7
NewJersey4,LS1,Evening,Set1,Draw1,7,col7,Evening|Set1|Draw1|col7,B,combined,1,2,1,1,7,2,200166,6,4,False,3,9,10,7
NewJersey4,LS1,Evening,Set1,Draw1,7,col7,Evening|Set1|Draw1|col7,B,combined,1,2,1,1,7,3,2166,4,3,True,3,9,10,7
NewJersey4,LS1,Evening,Set1,Draw1,7,col7,Evening|Set1|Draw1|col7,B,combined,1,2,1,1,7,4,66,2,1,True,3,9,10,7
NewJersey4,LS1,Evening,Set1,Draw1,7,col7,Evening|Set1|Draw1|col7,B,combined,1,2,1,1,7,5,66,2,1,True,3,9,10,7
NewJersey4,LS1,Evening,Set1,Draw1,7,col7,Evening|Set1|Draw1|col7,B,combined,1,2,1,1,7,9,,0,0,False,3,9,10,7
NewJersey4,LS1,Evening,Set1,Draw1,7,col7,Evening|Set1|Draw1|col7,C,own,1,2,1,1,7,0,592001886677,12,8,False,2,5,6,5
NewJersey4,LS1,Evening,Set1,Draw1,7,col7,Evening|Set1|Draw1|col7,C,own,1,2,1,1,7,1,5900166,7,5,False,2,5,6,5
NewJersey4,LS1,Evening,Set1,Draw1,7,col7,Evening|Set1|Draw1|col7,C,own,1,2,1,1,7,2,166,3,2,True,2,5,6,5
NewJersey4,LS1,Evening,Set1,Draw1,7,col7,Evening|Set1|Draw1|col7,C,own,1,2,1,1,7,3,166,3,2,True,2,5,6,5
NewJersey4,LS1,Evening,Set1,Draw1,7,col7,Evening|Set1|Draw1|col7,C,own,1,2,1,1,7,5,,0,0,False,2,5,6,5
NewJersey4,LS1,Evening,Set1,Draw1,7,col7,Evening|Set1|Draw1|col7,C,combined,1,2,1,1,7,0,592001886677,12,8,False,2,4,5,5
NewJersey4,LS1,Evening,Set1,Draw1,7,col7,Evening|Set1|Draw1|col7,C,combined,1,2,1,1,7,1,5900166,7,5,False,2,4,5,5
NewJersey4,LS1,Evening,Set1,Draw1,7,col7,Evening|Set1|Draw1|col7,C,combined,1,2,1,1,7,2,166,3,2,True,2,4,5,5
NewJersey4,LS1,Evening,Set1,Draw1,7,col7,Evening|Set1|Draw1|col7,C,combined,1,2,1,1,7,3,166,3,2,True,2,4,5,5
NewJersey4,LS1,Evening,Set1,Draw1,7,col7,Evening|Set1|Draw1|col7,C,combined,1,2,1,1,7,4,,0,0,False,2,4,5,5
NewJersey4,LS1,Evening,Set1,Draw1,7,col7,Evening|Set1|Draw1|col7,D,own,1,2,1,1,7,0,592001886677,12,8,False,2,6,7,6
NewJersey4,LS1,Evening,Set1,Draw1,7,col7,Evening|Set1|Draw1|col7,D,own,1,2,1,1,7,1,5900166,7,5,False,2,6,7,6
NewJersey4,LS1,Evening,Set1,Draw1,7,col7,Evening|Set1|Draw1|col7,D,own,1,2,1,1,7,2,166,3,2,True,2,6,7,6
NewJersey4,LS1,Evening,Set1,Draw1,7,col7,Evening|Set1|Draw1|col7,D,own,1,2,1,1,7,3,166,3,2,True,2,6,7,6
NewJersey4,LS1,Evening,Set1,Draw1,7,col7,Evening|Set1|Draw1|col7,D,own,1,2,1,1,7,5,6,1,1,True,2,6,7,6
NewJersey4,LS1,Evening,Set1,Draw1,7,col7,Evening|Set1|Draw1|col7,D,own,1,2,1,1,7,6,,0,0,False,2,6,7,6
NewJersey4,LS1,Evening,Set1,Draw1,7,col7,Evening|Set1|Draw1|col7,D,combined,1,2,1,1,7,0,592001886677,12,8,False,2,9,10,7
NewJersey4,LS1,Evening,Set1,Draw1,7,col7,Evening|Set1|Draw1|col7,D,combined,1,2,1,1,7,1,5900166,7,5,False,2,9,10,7
NewJersey4,LS1,Evening,Set1,Draw1,7,col7,Evening|Set1|Draw1|col7,D,combined,1,2,1,1,7,2,0166,4,3,True,2,9,10,7
NewJersey4,LS1,Evening,Set1,Draw1,7,col7,Evening|Set1|Draw1|col7,D,combined,1,2,1,1,7,3,166,3,2,True,2,9,10,7
NewJersey4,LS1,Evening,Set1,Draw1,7,col7,Evening|Set1|Draw1|col7,D,combined,1,2,1,1,7,4,6,1,1,True,2,9,10,7
NewJersey4,LS1,Evening,Set1,Draw1,7,col7,Evening|Set1|Draw1|col7,D,combined,1,2,1,1,7,5,6,1,1,True,2,9,10,7
NewJersey4,LS1,Evening,Set1,Draw1,7,col7,Evening|Set1|Draw1|col7,D,combined,1,2,1,1,7,9,,0,0,False,2,9,10,7
NewJersey4,LS1,Evening,Set1,Draw1,7,col7,Evening|Set1|Draw1|col7,E,own,1,2,1,1,7,0,592001886677,12,8,False,4,7,8,8
NewJersey4,LS1,Evening,Set1,Draw1,7,col7,Evening|Set1|Draw1|col7,E,own,1,2,1,1,7,1,592001667,9,7,False,4,7,8,8
NewJersey4,LS1,Evening,Set1,Draw1,7,col7,Evening|Set1|Draw1|col7,E,own,1,2,1,1,7,2,201667,6,5,False,4,7,8,8
NewJersey4,LS1,Evening,Set1,Draw1,7,col7,Evening|Set1|Draw1|col7,E,own,1,2,1,1,7,3,21667,5,4,False,4,7,8,8
NewJersey4,LS1,Evening,Set1,Draw1,7,col7,Evening|Set1|Draw1|col7,E,own,1,2,1,1,7,4,2166,4,3,True,4,7,8,8
NewJersey4,LS1,Evening,Set1,Draw1,7,col7,Evening|Set1|Draw1|col7,E,own,1,2,1,1,7,5,266,3,2,True,4,7,8,8
NewJersey4,LS1,Evening,Set1,Draw1,7,col7,Evening|Set1|Draw1|col7,E,own,1,2,1,1,7,6,6,1,1,True,4,7,8,8
NewJersey4,LS1,Evening,Set1,Draw1,7,col7,Evening|Set1|Draw1|col7,E,own,1,2,1,1,7,7,,0,0,False,4,7,8,8
NewJersey4,LS1,Evening,Set1,Draw1,7,col7,Evening|Set1|Draw1|col7,E,combined,1,2,1,1,7,0,592001886677,12,8,False,4,11,12,11
NewJersey4,LS1,Evening,Set1,Draw1,7,col7,Evening|Set1|Draw1|col7,E,combined,1,2,1,1,7,1,592001667,9,7,False,4,11,12,11
NewJersey4,LS1,Evening,Set1,Draw1,7,col7,Evening|Set1|Draw1|col7,E,combined,1,2,1,1,7,2,2001667,7,5,False,4,11,12,11
NewJersey4,LS1,Evening,Set1,Draw1,7,col7,Evening|Set1|Draw1|col7,E,combined,1,2,1,1,7,3,21667,5,4,False,4,11,12,11
NewJersey4,LS1,Evening,Set1,Draw1,7,col7,Evening|Set1|Draw1|col7,E,combined,1,2,1,1,7,4,667,3,2,True,4,11,12,11
NewJersey4,LS1,Evening,Set1,Draw1,7,col7,Evening|Set1|Draw1|col7,E,combined,1,2,1,1,7,5,667,3,2,True,4,11,12,11
NewJersey4,LS1,Evening,Set1,Draw1,7,col7,Evening|Set1|Draw1|col7,E,combined,1,2,1,1,7,7,66,2,1,True,4,11,12,11
NewJersey4,LS1,Evening,Set1,Draw1,7,col7,Evening|Set1|Draw1|col7,E,combined,1,2,1,1,7,8,66,2,1,True,4,11,12,11
NewJersey4,LS1,Evening,Set1,Draw1,7,col7,Evening|Set1|Draw1|col7,E,combined,1,2,1,1,7,9,6,1,1,True,4,11,12,11
NewJersey4,LS1,Evening,Set1,Draw1,7,col7,Evening|Set1|Draw1|col7,E,combined,1,2,1,1,7,10,6,1,1,True,4,11,12,11
NewJersey4,LS1,Evening,Set1,Draw1,7,col7,Evening|Set1|Draw1|col7,E,combined,1,2,1,1,7,11,,0,0,False,4,11,12,11
NewJersey4,LS1,Evening,Set1,Draw1,7,col7,Evening|Set1|Draw1|col7,T,own,1,2,1,1,7,0,592001886677,12,8,False,2,6,7,6
NewJersey4,LS1,Evening,Set1,Draw1,7,col7,Evening|Set1|Draw1|col7,T,own,1,2,1,1,7,1,5900166,7,5,False,2,6,7,6
NewJersey4,LS1,Evening,Set1,Draw1,7,col7,Evening|Set1|Draw1|col7,T,own,1,2,1,1,7,2,166,3,2,True,2,6,7,6
NewJersey4,LS1,Evening,Set1,Draw1,7,col7,Evening|Set1|Draw1|col7,T,own,1,2,1,1,7,3,166,3,2,True,2,6,7,6
NewJersey4,LS1,Evening,Set1,Draw1,7,col7,Evening|Set1|Draw1|col7,T,own,1,2,1,1,7,5,66,2,1,True,2,6,7,6
NewJersey4,LS1,Evening,Set1,Draw1,7,col7,Evening|Set1|Draw1|col7,T,own,1,2,1,1,7,6,,0,0,False,2,6,7,6
NewJersey4,LS1,Evening,Set1,Draw1,7,col7,Evening|Set1|Draw1|col7,T,combined,1,2,1,1,7,0,592001886677,12,8,False,2,11,12,7
NewJersey4,LS1,Evening,Set1,Draw1,7,col7,Evening|Set1|Draw1|col7,T,combined,1,2,1,1,7,1,5900166,7,5,False,2,11,12,7
NewJersey4,LS1,Evening,Set1,Draw1,7,col7,Evening|Set1|Draw1|col7,T,combined,1,2,1,1,7,2,166,3,2,True,2,11,12,7
NewJersey4,LS1,Evening,Set1,Draw1,7,col7,Evening|Set1|Draw1|col7,T,combined,1,2,1,1,7,3,166,3,2,True,2,11,12,7
NewJersey4,LS1,Evening,Set1,Draw1,7,col7,Evening|Set1|Draw1|col7,T,combined,1,2,1,1,7,4,66,2,1,True,2,11,12,7
NewJersey4,LS1,Evening,Set1,Draw1,7,col7,Evening|Set1|Draw1|col7,T,combined,1,2,1,1,7,5,66,2,1,True,2,11,12,7
NewJersey4,LS1,Evening,Set1,Draw1,7,col7,Evening|Set1|Draw1|col7,T,combined,1,2,1,1,7,11,,0,0,False,2,11,12,7
NewJersey4,LS1,Evening,Set1,Draw1,6,col6,Evening|Set1|Draw1|col6,A,own,1,2,1,1,6,0,500188677,9,6,False,2,6,7,7
NewJersey4,LS1,Evening,Set1,Draw1,6,col6,Evening|Set1|Draw1|col6,A,own,1,2,1,1,6,1,50016,5,4,False,2,6,7,7
NewJersey4,LS1,Evening,Set1,Draw1,6,col6,Evening|Set1|Draw1|col6,A,own,1,2,1,1,6,2,0016,4,3,True,2,6,7,7
NewJersey4,LS1,Evening,Set1,Draw1,6,col6,Evening|Set1|Draw1|col6,A,own,1,2,1,1,6,3,0016,4,3,True,2,6,7,7
NewJersey4,LS1,Evening,Set1,Draw1,6,col6,Evening|Set1|Draw1|col6,A,own,1,2,1,1,6,4,16,2,2,True,2,6,7,7
NewJersey4,LS1,Evening,Set1,Draw1,6,col6,Evening|Set1|Draw1|col6,A,own,1,2,1,1,6,5,6,1,1,True,2,6,7,7
NewJersey4,LS1,Evening,Set1,Draw1,6,col6,Evening|Set1|Draw1|col6,A,own,1,2,1,1,6,6,,0,0,False,2,6,7,7
NewJersey4,LS1,Evening,Set1,Draw1,6,col6,Evening|Set1|Draw1|col6,A,combined,1,2,1,1,6,0,500188677,9,6,False,2,11,12,9
NewJersey4,LS1,Evening,Set1,Draw1,6,col6,Evening|Set1|Draw1|col6,A,combined,1,2,1,1,6,1,50016,5,4,False,2,11,12,9
NewJersey4,LS1,Evening,Set1,Draw1,6,col6,Evening|Set1|Draw1|col6,A,combined,1,2,1,1,6,2,0016,4,3,True,2,11,12,9
NewJersey4,LS1,Evening,Set1,Draw1,6,col6,Evening|Set1|Draw1|col6,A,combined,1,2,1,1,6,3,0016,4,3,True,2,11,12,9
NewJersey4,LS1,Evening,Set1,Draw1,6,col6,Evening|Set1|Draw1|col6,A,combined,1,2,1,1,6,4,006,3,2,True,2,11,12,9
NewJersey4,LS1,Evening,Set1,Draw1,6,col6,Evening|Set1|Draw1|col6,A,combined,1,2,1,1,6,5,006,3,2,True,2,11,12,9
NewJersey4,LS1,Evening,Set1,Draw1,6,col6,Evening|Set1|Draw1|col6,A,combined,1,2,1,1,6,7,6,1,1,True,2,11,12,9
NewJersey4,LS1,Evening,Set1,Draw1,6,col6,Evening|Set1|Draw1|col6,A,combined,1,2,1,1,6,8,6,1,1,True,2,11,12,9
NewJersey4,LS1,Evening,Set1,Draw1,6,col6,Evening|Set1|Draw1|col6,A,combined,1,2,1,1,6,11,,0,0,False,2,11,12,9
NewJersey4,LS1,Evening,Set1,Draw1,6,col6,Evening|Set1|Draw1|col6,B,own,1,2,1,1,6,0,500188677,9,6,False,2,6,7,6
NewJersey4,LS1,Evening,Set1,Draw1,6,col6,Evening|Set1|Draw1|col6,B,own,1,2,1,1,6,1,50016,5,4,False,2,6,7,6
NewJersey4,LS1,Evening,Set1,Draw1,6,col6,Evening|Set1|Draw1|col6,B,own,1,2,1,1,6,2,16,2,2,True,2,6,7,6
NewJersey4,LS1,Evening,Set1,Draw1,6,col6,Evening|Set1|Draw1|col6,B,own,1,2,1,1,6,3,16,2,2,True,2,6,7,6
NewJersey4,LS1,Evening,Set1,Draw1,6,col6,Evening|Set1|Draw1|col6,B,own,1,2,1,1,6,5,6,1,1,True,2,6,7,6
NewJersey4,LS1,Evening,Set1,Draw1,6,col6,Evening|Set1|Draw1|col6,B,own,1,2,1,1,6,6,,0,0,False,2,6,7,6
NewJersey4,LS1,Evening,Set1,Draw1,6,col6,Evening|Set1|Draw1|col6,B,combined,1,2,1,1,6,0,500188677,9,6,False,2,9,10,7
NewJersey4,LS1,Evening,Set1,Draw1,6,col6,Evening|Set1|Draw1|col6,B,combined,1,2,1,1,6,1,50016,5,4,False,2,9,10,7
NewJersey4,LS1,Evening,Set1,Draw1,6,col6,Evening|Set1|Draw1|col6,B,combined,1,2,1,1,6,2,0016,4,3,True,2,9,10,7
NewJersey4,LS1,Evening,Set1,Draw1,6,col6,Evening|Set1|Draw1|col6,B,combined,1,2,1,1,6,3,16,2,2,True,2,9,10,7
NewJersey4,LS1,Evening,Set1,Draw1,6,col6,Evening|Set1|Draw1|col6,B,combined,1,2,1,1,6,4,6,1,1,True,2,9,10,7
NewJersey4,LS1,Evening,Set1,Draw1,6,col6,Evening|Set1|Draw1|col6,B,combined,1,2,1,1,6,5,6,1,1,True,2,9,10,7
NewJersey4,LS1,Evening,Set1,Draw1,6,col6,Evening|Set1|Draw1|col6,B,combined,1,2,1,1,6,9,,0,0,False,2,9,10,7
NewJersey4,LS1,Evening,Set1,Draw1,6,col6,Evening|Set1|Draw1|col6,C,own,1,2,1,1,6,0,500188677,9,6,False,2,5,6,5
NewJersey4,LS1,Evening,Set1,Draw1,6,col6,Evening|Set1|Draw1|col6,C,own,1,2,1,1,6,1,50016,5,4,False,2,5,6,5
NewJersey4,LS1,Evening,Set1,Draw1,6,col6,Evening|Set1|Draw1|col6,C,own,1,2,1,1,6,2,16,2,2,True,2,5,6,5
NewJersey4,LS1,Evening,Set1,Draw1,6,col6,Evening|Set1|Draw1|col6,C,own,1,2,1,1,6,3,16,2,2,True,2,5,6,5
NewJersey4,LS1,Evening,Set1,Draw1,6,col6,Evening|Set1|Draw1|col6,C,own,1,2,1,1,6,5,,0,0,False,2,5,6,5
NewJersey4,LS1,Evening,Set1,Draw1,6,col6,Evening|Set1|Draw1|col6,C,combined,1,2,1,1,6,0,500188677,9,6,False,2,4,5,5
NewJersey4,LS1,Evening,Set1,Draw1,6,col6,Evening|Set1|Draw1|col6,C,combined,1,2,1,1,6,1,50016,5,4,False,2,4,5,5
NewJersey4,LS1,Evening,Set1,Draw1,6,col6,Evening|Set1|Draw1|col6,C,combined,1,2,1,1,6,2,16,2,2,True,2,4,5,5
NewJersey4,LS1,Evening,Set1,Draw1,6,col6,Evening|Set1|Draw1|col6,C,combined,1,2,1,1,6,3,16,2,2,True,2,4,5,5
NewJersey4,LS1,Evening,Set1,Draw1,6,col6,Evening|Set1|Draw1|col6,C,combined,1,2,1,1,6,4,,0,0,False,2,4,5,5
NewJersey4,LS1,Evening,Set1,Draw1,6,col6,Evening|Set1|Draw1|col6,D,own,1,2,1,1,6,0,500188677,9,6,False,2,5,6,5
NewJersey4,LS1,Evening,Set1,Draw1,6,col6,Evening|Set1|Draw1|col6,D,own,1,2,1,1,6,1,50016,5,4,False,2,5,6,5
NewJersey4,LS1,Evening,Set1,Draw1,6,col6,Evening|Set1|Draw1|col6,D,own,1,2,1,1,6,2,16,2,2,True,2,5,6,5
NewJersey4,LS1,Evening,Set1,Draw1,6,col6,Evening|Set1|Draw1|col6,D,own,1,2,1,1,6,3,16,2,2,True,2,5,6,5
NewJersey4,LS1,Evening,Set1,Draw1,6,col6,Evening|Set1|Draw1|col6,D,own,1,2,1,1,6,5,,0,0,False,2,5,6,5
NewJersey4,LS1,Evening,Set1,Draw1,6,col6,Evening|Set1|Draw1|col6,D,combined,1,2,1,1,6,0,500188677,9,6,False,2,4,5,5
NewJersey4,LS1,Evening,Set1,Draw1,6,col6,Evening|Set1|Draw1|col6,D,combined,1,2,1,1,6,1,50016,5,4,False,2,4,5,5
NewJersey4,LS1,Evening,Set1,Draw1,6,col6,Evening|Set1|Draw1|col6,D,combined,1,2,1,1,6,2,016,3,3,True,2,4,5,5
NewJersey4,LS1,Evening,Set1,Draw1,6,col6,Evening|Set1|Draw1|col6,D,combined,1,2,1,1,6,3,16,2,2,True,2,4,5,5
NewJersey4,LS1,Evening,Set1,Draw1,6,col6,Evening|Set1|Draw1|col6,D,combined,1,2,1,1,6,4,,0,0,False,2,4,5,5
NewJersey4,LS1,Evening,Set1,Draw1,6,col6,Evening|Set1|Draw1|col6,E,own,1,2,1,1,6,0,500188677,9,6,False,3,6,7,7
NewJersey4,LS1,Evening,Set1,Draw1,6,col6,Evening|Set1|Draw1|col6,E,own,1,2,1,1,6,1,500167,6,5,False,3,6,7,7
NewJersey4,LS1,Evening,Set1,Draw1,6,col6,Evening|Set1|Draw1|col6,E,own,1,2,1,1,6,2,0167,4,4,False,3,6,7,7
NewJersey4,LS1,Evening,Set1,Draw1,6,col6,Evening|Set1|Draw1|col6,E,own,1,2,1,1,6,3,167,3,3,True,3,6,7,7
NewJersey4,LS1,Evening,Set1,Draw1,6,col6,Evening|Set1|Draw1|col6,E,own,1,2,1,1,6,4,16,2,2,True,3,6,7,7
NewJersey4,LS1,Evening,Set1,Draw1,6,col6,Evening|Set1|Draw1|col6,E,own,1,2,1,1,6,5,6,1,1,True,3,6,7,7
NewJersey4,LS1,Evening,Set1,Draw1,6,col6,Evening|Set1|Draw1|col6,E,own,1,2,1,1,6,6,,0,0,False,3,6,7,7
NewJersey4,LS1,Evening,Set1,Draw1,6,col6,Evening|Set1|Draw1|col6,E,combined,1,2,1,1,6,0,500188677,9,6,False,3,9,10,7
NewJersey4,LS1,Evening,Set1,Draw1,6,col6,Evening|Set1|Draw1|col6,E,combined,1,2,1,1,6,1,500167,6,5,False,3,9,10,7
NewJersey4,LS1,Evening,Set1,Draw1,6,col6,Evening|Set1|Draw1|col6,E,combined,1,2,1,1,6,2,00167,5,4,False,3,9,10,7
NewJersey4,LS1,Evening,Set1,Draw1,6,col6,Evening|Set1|Draw1|col6,E,combined,1,2,1,1,6,3,167,3,3,True,3,9,10,7
NewJersey4,LS1,Evening,Set1,Draw1,6,col6,Evening|Set1|Draw1|col6,E,combined,1,2,1,1,6,4,6,1,1,True,3,9,10,7
NewJersey4,LS1,Evening,Set1,Draw1,6,col6,Evening|Set1|Draw1|col6,E,combined,1,2,1,1,6,5,6,1,1,True,3,9,10,7
NewJersey4,LS1,Evening,Set1,Draw1,6,col6,Evening|Set1|Draw1|col6,E,combined,1,2,1,1,6,9,,0,0,False,3,9,10,7
NewJersey4,LS1,Evening,Set1,Draw1,6,col6,Evening|Set1|Draw1|col6,T,own,1,2,1,1,6,0,500188677,9,6,False,2,6,7,6
NewJersey4,LS1,Evening,Set1,Draw1,6,col6,Evening|Set1|Draw1|col6,T,own,1,2,1,1,6,1,50016,5,4,False,2,6,7,6
NewJersey4,LS1,Evening,Set1,Draw1,6,col6,Evening|Set1|Draw1|col6,T,own,1,2,1,1,6,2,16,2,2,True,2,6,7,6
NewJersey4,LS1,Evening,Set1,Draw1,6,col6,Evening|Set1|Draw1|col6,T,own,1,2,1,1,6,3,16,2,2,True,2,6,7,6
NewJersey4,LS1,Evening,Set1,Draw1,6,col6,Evening|Set1|Draw1|col6,T,own,1,2,1,1,6,5,6,1,1,True,2,6,7,6
NewJersey4,LS1,Evening,Set1,Draw1,6,col6,Evening|Set1|Draw1|col6,T,own,1,2,1,1,6,6,,0,0,False,2,6,7,6
NewJersey4,LS1,Evening,Set1,Draw1,6,col6,Evening|Set1|Draw1|col6,T,combined,1,2,1,1,6,0,500188677,9,6,False,2,11,12,7
NewJersey4,LS1,Evening,Set1,Draw1,6,col6,Evening|Set1|Draw1|col6,T,combined,1,2,1,1,6,1,50016,5,4,False,2,11,12,7
NewJersey4,LS1,Evening,Set1,Draw1,6,col6,Evening|Set1|Draw1|col6,T,combined,1,2,1,1,6,2,16,2,2,True,2,11,12,7
NewJersey4,LS1,Evening,Set1,Draw1,6,col6,Evening|Set1|Draw1|col6,T,combined,1,2,1,1,6,3,16,2,2,True,2,11,12,7
NewJersey4,LS1,Evening,Set1,Draw1,6,col6,Evening|Set1|Draw1|col6,T,combined,1,2,1,1,6,4,6,1,1,True,2,11,12,7
NewJersey4,LS1,Evening,Set1,Draw1,6,col6,Evening|Set1|Draw1|col6,T,combined,1,2,1,1,6,5,6,1,1,True,2,11,12,7
NewJersey4,LS1,Evening,Set1,Draw1,6,col6,Evening|Set1|Draw1|col6,T,combined,1,2,1,1,6,11,,0,0,False,2,11,12,7
NewJersey4,LS1,Evening,Set1,Draw1,5,col5,Evening|Set1|Draw1|col5,A,own,1,2,1,1,5,0,0088677*,8,5,False,1,6,29,7
NewJersey4,LS1,Evening,Set1,Draw1,5,col5,Evening|Set1|Draw1|col5,A,own,1,2,1,1,5,1,006*,4,3,True,1,6,29,7
NewJersey4,LS1,Evening,Set1,Draw1,5,col5,Evening|Set1|Draw1|col5,A,own,1,2,1,1,5,2,006*,4,3,True,1,6,29,7
NewJersey4,LS1,Evening,Set1,Draw1,5,col5,Evening|Set1|Draw1|col5,A,own,1,2,1,1,5,3,006*,4,3,True,1,6,29,7
NewJersey4,LS1,Evening,Set1,Draw1,5,col5,Evening|Set1|Draw1|col5,A,own,1,2,1,1,5,4,6*,2,2,True,1,6,29,7
NewJersey4,LS1,Evening,Set1,Draw1,5,col5,Evening|Set1|Draw1|col5,A,own,1,2,1,1,5,5,6*,2,2,True,1,6,29,7
NewJersey4,LS1,Evening,Set1,Draw1,5,col5,Evening|Set1|Draw1|col5,A,own,1,2,1,1,5,6,*,1,1,True,1,6,29,7
NewJersey4,LS1,Evening,Set1,Draw1,5,col5,Evening|Set1|Draw1|col5,A,combined,1,2,1,1,5,0,0088677*,8,5,False,1,11,57,10
NewJersey4,LS1,Evening,Set1,Draw1,5,col5,Evening|Set1|Draw1|col5,A,combined,1,2,1,1,5,1,006*,4,3,True,1,11,57,10
NewJersey4,LS1,Evening,Set1,Draw1,5,col5,Evening|Set1|Draw1|col5,A,combined,1,2,1,1,5,2,006*,4,3,True,1,11,57,10
NewJersey4,LS1,Evening,Set1,Draw1,5,col5,Evening|Set1|Draw1|col5,A,combined,1,2,1,1,5,3,006*,4,3,True,1,11,57,10
NewJersey4,LS1,Evening,Set1,Draw1,5,col5,Evening|Set1|Draw1|col5,A,combined,1,2,1,1,5,4,006*,4,3,True,1,11,57,10
NewJersey4,LS1,Evening,Set1,Draw1,5,col5,Evening|Set1|Draw1|col5,A,combined,1,2,1,1,5,5,006*,4,3,True,1,11,57,10
NewJersey4,LS1,Evening,Set1,Draw1,5,col5,Evening|Set1|Draw1|col5,A,combined,1,2,1,1,5,6,006*,4,3,True,1,11,57,10
NewJersey4,LS1,Evening,Set1,Draw1,5,col5,Evening|Set1|Draw1|col5,A,combined,1,2,1,1,5,7,6*,2,2,True,1,11,57,10
NewJersey4,LS1,Evening,Set1,Draw1,5,col5,Evening|Set1|Draw1|col5,A,combined,1,2,1,1,5,8,6*,2,2,True,1,11,57,10
NewJersey4,LS1,Evening,Set1,Draw1,5,col5,Evening|Set1|Draw1|col5,A,combined,1,2,1,1,5,11,*,1,1,True,1,11,57,10
NewJersey4,LS1,Evening,Set1,Draw1,5,col5,Evening|Set1|Draw1|col5,B,own,1,2,1,1,5,0,0088677*,8,5,False,1,5,29,5
NewJersey4,LS1,Evening,Set1,Draw1,5,col5,Evening|Set1|Draw1|col5,B,own,1,2,1,1,5,1,006*,4,3,True,1,5,29,5
NewJersey4,LS1,Evening,Set1,Draw1,5,col5,Evening|Set1|Draw1|col5,B,own,1,2,1,1,5,2,6*,2,2,True,1,5,29,5
NewJersey4,LS1,Evening,Set1,Draw1,5,col5,Evening|Set1|Draw1|col5,B,own,1,2,1,1,5,3,6*,2,2,True,1,5,29,5
NewJersey4,LS1,Evening,Set1,Draw1,5,col5,Evening|Set1|Draw1|col5,B,own,1,2,1,1,5,5,*,1,1,True,1,5,29,5
NewJersey4,LS1,Evening,Set1,Draw1,5,col5,Evening|Set1|Draw1|col5,B,combined,1,2,1,1,5,0,0088677*,8,5,False,1,4,57,5
NewJersey4,LS1,Evening,Set1,Draw1,5,col5,Evening|Set1|Draw1|col5,B,combined,1,2,1,1,5,1,006*,4,3,True,1,4,57,5
NewJersey4,LS1,Evening,Set1,Draw1,5,col5,Evening|Set1|Draw1|col5,B,combined,1,2,1,1,5,2,6*,2,2,True,1,4,57,5
NewJersey4,LS1,Evening,Set1,Draw1,5,col5,Evening|Set1|Draw1|col5,B,combined,1,2,1,1,5,3,6*,2,2,True,1,4,57,5
NewJersey4,LS1,Evening,Set1,Draw1,5,col5,Evening|Set1|Draw1|col5,B,combined,1,2,1,1,5,4,*,1,1,True,1,4,57,5
NewJersey4,LS1,Evening,Set1,Draw1,5,col5,Evening|Set1|Draw1|col5,C,own,1,2,1,1,5,0,0088677*,8,5,False,1,5,29,5
NewJersey4,LS1,Evening,Set1,Draw1,5,col5,Evening|Set1|Draw1|col5,C,own,1,2,1,1,5,1,006*,4,3,True,1,5,29,5
NewJersey4,LS1,Evening,Set1,Draw1,5,col5,Evening|Set1|Draw1|col5,C,own,1,2,1,1,5,2,6*,2,2,True,1,5,29,5
NewJersey4,LS1,Evening,Set1,Draw1,5,col5,Evening|Set1|Draw1|col5,C,own,1,2,1,1,5,3,6*,2,2,True,1,5,29,5
NewJersey4,LS1,Evening,Set1,Draw1,5,col5,Evening|Set1|Draw1|col5,C,own,1,2,1,1,5,5,*,1,1,True,1,5,29,5
NewJersey4,LS1,Evening,Set1,Draw1,5,col5,Evening|Set1|Draw1|col5,C,combined,1,2,1,1,5,0,0088677*,8,5,False,1,4,57,5
NewJersey4,LS1,Evening,Set1,Draw1,5,col5,Evening|Set1|Draw1|col5,C,combined,1,2,1,1,5,1,006*,4,3,True,1,4,57,5
NewJersey4,LS1,Evening,Set1,Draw1,5,col5,Evening|Set1|Draw1|col5,C,combined,1,2,1,1,5,2,6*,2,2,True,1,4,57,5
NewJersey4,LS1,Evening,Set1,Draw1,5,col5,Evening|Set1|Draw1|col5,C,combined,1,2,1,1,5,3,6*,2,2,True,1,4,57,5
NewJersey4,LS1,Evening,Set1,Draw1,5,col5,Evening|Set1|Draw1|col5,C,combined,1,2,1,1,5,4,*,1,1,True,1,4,57,5
NewJersey4,LS1,Evening,Set1,Draw1,5,col5,Evening|Set1|Draw1|col5,D,own,1,2,1,1,5,0,0088677*,8,5,False,1,5,29,5
NewJersey4,LS1,Evening,Set1,Draw1,5,col5,Evening|Set1|Draw1|col5,D,own,1,2,1,1,5,1,006*,4,3,True,1,5,29,5
NewJersey4,LS1,Evening,Set1,Draw1,5,col5,Evening|Set1|Draw1|col5,D,own,1,2,1,1,5,2,6*,2,2,True,1,5,29,5
NewJersey4,LS1,Evening,Set1,Draw1,5,col5,Evening|Set1|Draw1|col5,D,own,1,2,1,1,5,3,6*,2,2,True,1,5,29,5
NewJersey4,LS1,Evening,Set1,Draw1,5,col5,Evening|Set1|Draw1|col5,D,own,1,2,1,1,5,5,*,1,1,True,1,5,29,5
NewJersey4,LS1,Evening,Set1,Draw1,5,col5,Evening|Set1|Draw1|col5,D,combined,1,2,1,1,5,0,0088677*,8,5,False,1,4,57,5
NewJersey4,LS1,Evening,Set1,Draw1,5,col5,Evening|Set1|Draw1|col5,D,combined,1,2,1,1,5,1,006*,4,3,True,1,4,57,5
NewJersey4,LS1,Evening,Set1,Draw1,5,col5,Evening|Set1|Draw1|col5,D,combined,1,2,1,1,5,2,06*,3,3,True,1,4,57,5
NewJersey4,LS1,Evening,Set1,Draw1,5,col5,Evening|Set1|Draw1|col5,D,combined,1,2,1,1,5,3,6*,2,2,True,1,4,57,5
NewJersey4,LS1,Evening,Set1,Draw1,5,col5,Evening|Set1|Draw1|col5,D,combined,1,2,1,1,5,4,*,1,1,True,1,4,57,5
NewJersey4,LS1,Evening,Set1,Draw1,5,col5,Evening|Set1|Draw1|col5,E,own,1,2,1,1,5,0,0088677*,8,5,False,2,5,29,6
NewJersey4,LS1,Evening,Set1,Draw1,5,col5,Evening|Set1|Draw1|col5,E,own,1,2,1,1,5,1,0067*,5,4,False,2,5,29,6
NewJersey4,LS1,Evening,Set1,Draw1,5,col5,Evening|Set1|Draw1|col5,E,own,1,2,1,1,5,2,67*,3,3,True,2,5,29,6
NewJersey4,LS1,Evening,Set1,Draw1,5,col5,Evening|Set1|Draw1|col5,E,own,1,2,1,1,5,3,67*,3,3,True,2,5,29,6
NewJersey4,LS1,Evening,Set1,Draw1,5,col5,Evening|Set1|Draw1|col5,E,own,1,2,1,1,5,4,6*,2,2,True,2,5,29,6
NewJersey4,LS1,Evening,Set1,Draw1,5,col5,Evening|Set1|Draw1|col5,E,own,1,2,1,1,5,5,*,1,1,True,2,5,29,6
NewJersey4,LS1,Evening,Set1,Draw1,5,col5,Evening|Set1|Draw1|col5,E,combined,1,2,1,1,5,0,0088677*,8,5,False,3,4,57,5
NewJersey4,LS1,Evening,Set1,Draw1,5,col5,Evening|Set1|Draw1|col5,E,combined,1,2,1,1,5,1,0067*,5,4,False,3,4,57,5
NewJersey4,LS1,Evening,Set1,Draw1,5,col5,Evening|Set1|Draw1|col5,E,combined,1,2,1,1,5,2,067*,4,4,False,3,4,57,5
NewJersey4,LS1,Evening,Set1,Draw1,5,col5,Evening|Set1|Draw1|col5,E,combined,1,2,1,1,5,3,67*,3,3,True,3,4,57,5
NewJersey4,LS1,Evening,Set1,Draw1,5,col5,Evening|Set1|Draw1|col5,E,combined,1,2,1,1,5,4,*,1,1,True,3,4,57,5
NewJersey4,LS1,Evening,Set1,Draw1,5,col5,Evening|Set1|Draw1|col5,T,own,1,2,1,1,5,0,0088677*,8,5,False,1,6,29,5
NewJersey4,LS1,Evening,Set1,Draw1,5,col5,Evening|Set1|Draw1|col5,T,own,1,2,1,1,5,1,006*,4,3,True,1,6,29,5
NewJersey4,LS1,Evening,Set1,Draw1,5,col5,Evening|Set1|Draw1|col5,T,own,1,2,1,1,5,2,6*,2,2,True,1,6,29,5
NewJersey4,LS1,Evening,Set1,Draw1,5,col5,Evening|Set1|Draw1|col5,T,own,1,2,1,1,5,3,6*,2,2,True,1,6,29,5
NewJersey4,LS1,Evening,Set1,Draw1,5,col5,Evening|Set1|Draw1|col5,T,own,1,2,1,1,5,6,*,1,1,True,1,6,29,5
NewJersey4,LS1,Evening,Set1,Draw1,5,col5,Evening|Set1|Draw1|col5,T,combined,1,2,1,1,5,0,0088677*,8,5,False,1,11,57,5
NewJersey4,LS1,Evening,Set1,Draw1,5,col5,Evening|Set1|Draw1|col5,T,combined,1,2,1,1,5,1,006*,4,3,True,1,11,57,5
NewJersey4,LS1,Evening,Set1,Draw1,5,col5,Evening|Set1|Draw1|col5,T,combined,1,2,1,1,5,2,6*,2,2,True,1,11,57,5
NewJersey4,LS1,Evening,Set1,Draw1,5,col5,Evening|Set1|Draw1|col5,T,combined,1,2,1,1,5,3,6*,2,2,True,1,11,57,5
NewJersey4,LS1,Evening,Set1,Draw1,5,col5,Evening|Set1|Draw1|col5,T,combined,1,2,1,1,5,11,*,1,1,True,1,11,57,5
NewJersey4,LS1,Evening,Set1,Draw1,4,col4,Evening|Set1|Draw1|col4,A,own,1,2,1,1,4,0,08867*,6,5,False,1,6,29,6
NewJersey4,LS1,Evening,Set1,Draw1,4,col4,Evening|Set1|Draw1|col4,A,own,1,2,1,1,4,1,06*,3,3,True,1,6,29,6
NewJersey4,LS1,Evening,Set1,Draw1,4,col4,Evening|Set1|Draw1|col4,A,own,1,2,1,1,4,2,06*,3,3,True,1,6,29,6
NewJersey4,LS1,Evening,Set1,Draw1,4,col4,Evening|Set1|Draw1|col4,A,own,1,2,1,1,4,4,6*,2,2,True,1,6,29,6
NewJersey4,LS1,Evening,Set1,Draw1,4,col4,Evening|Set1|Draw1|col4,A,own,1,2,1,1,4,5,6*,2,2,True,1,6,29,6
NewJersey4,LS1,Evening,Set1,Draw1,4,col4,Evening|Set1|Draw1|col4,A,own,1,2,1,1,4,6,*,1,1,True,1,6,29,6
NewJersey4,LS1,Evening,Set1,Draw1,4,col4,Evening|Set1|Draw1|col4,A,combined,1,2,1,1,4,0,08867*,6,5,False,1,11,57,6
NewJersey4,LS1,Evening,Set1,Draw1,4,col4,Evening|Set1|Draw1|col4,A,combined,1,2,1,1,4,1,06*,3,3,True,1,11,57,6
NewJersey4,LS1,Evening,Set1,Draw1,4,col4,Evening|Set1|Draw1|col4,A,combined,1,2,1,1,4,2,06*,3,3,True,1,11,57,6
NewJersey4,LS1,Evening,Set1,Draw1,4,col4,Evening|Set1|Draw1|col4,A,combined,1,2,1,1,4,7,6*,2,2,True,1,11,57,6
NewJersey4,LS1,Evening,Set1,Draw1,4,col4,Evening|Set1|Draw1|col4,A,combined,1,2,1,1,4,8,6*,2,2,True,1,11,57,6
NewJersey4,LS1,Evening,Set1,Draw1,4,col4,Evening|Set1|Draw1|col4,A,combined,1,2,1,1,4,11,*,1,1,True,1,11,57,6
NewJersey4,LS1,Evening,Set1,Draw1,4,col4,Evening|Set1|Draw1|col4,B,own,1,2,1,1,4,0,08867*,6,5,False,1,5,29,5
NewJersey4,LS1,Evening,Set1,Draw1,4,col4,Evening|Set1|Draw1|col4,B,own,1,2,1,1,4,1,06*,3,3,True,1,5,29,5
NewJersey4,LS1,Evening,Set1,Draw1,4,col4,Evening|Set1|Draw1|col4,B,own,1,2,1,1,4,2,6*,2,2,True,1,5,29,5
NewJersey4,LS1,Evening,Set1,Draw1,4,col4,Evening|Set1|Draw1|col4,B,own,1,2,1,1,4,3,6*,2,2,True,1,5,29,5
NewJersey4,LS1,Evening,Set1,Draw1,4,col4,Evening|Set1|Draw1|col4,B,own,1,2,1,1,4,5,*,1,1,True,1,5,29,5
NewJersey4,LS1,Evening,Set1,Draw1,4,col4,Evening|Set1|Draw1|col4,B,combined,1,2,1,1,4,0,08867*,6,5,False,1,4,57,5
NewJersey4,LS1,Evening,Set1,Draw1,4,col4,Evening|Set1|Draw1|col4,B,combined,1,2,1,1,4,1,06*,3,3,True,1,4,57,5
NewJersey4,LS1,Evening,Set1,Draw1,4,col4,Evening|Set1|Draw1|col4,B,combined,1,2,1,1,4,2,6*,2,2,True,1,4,57,5
NewJersey4,LS1,Evening,Set1,Draw1,4,col4,Evening|Set1|Draw1|col4,B,combined,1,2,1,1,4,3,6*,2,2,True,1,4,57,5
NewJersey4,LS1,Evening,Set1,Draw1,4,col4,Evening|Set1|Draw1|col4,B,combined,1,2,1,1,4,4,*,1,1,True,1,4,57,5
NewJersey4,LS1,Evening,Set1,Draw1,4,col4,Evening|Set1|Draw1|col4,C,own,1,2,1,1,4,0,08867*,6,5,False,1,5,29,5
NewJersey4,LS1,Evening,Set1,Draw1,4,col4,Evening|Set1|Draw1|col4,C,own,1,2,1,1,4,1,06*,3,3,True,1,5,29,5
NewJersey4,LS1,Evening,Set1,Draw1,4,col4,Evening|Set1|Draw1|col4,C,own,1,2,1,1,4,2,6*,2,2,True,1,5,29,5
NewJersey4,LS1,Evening,Set1,Draw1,4,col4,Evening|Set1|Draw1|col4,C,own,1,2,1,1,4,3,6*,2,2,True,1,5,29,5
NewJersey4,LS1,Evening,Set1,Draw1,4,col4,Evening|Set1|Draw1|col4,C,own,1,2,1,1,4,5,*,1,1,True,1,5,29,5
NewJersey4,LS1,Evening,Set1,Draw1,4,col4,Evening|Set1|Draw1|col4,C,combined,1,2,1,1,4,0,08867*,6,5,False,1,4,57,5
NewJersey4,LS1,Evening,Set1,Draw1,4,col4,Evening|Set1|Draw1|col4,C,combined,1,2,1,1,4,1,06*,3,3,True,1,4,57,5
NewJersey4,LS1,Evening,Set1,Draw1,4,col4,Evening|Set1|Draw1|col4,C,combined,1,2,1,1,4,2,6*,2,2,True,1,4,57,5
NewJersey4,LS1,Evening,Set1,Draw1,4,col4,Evening|Set1|Draw1|col4,C,combined,1,2,1,1,4,3,6*,2,2,True,1,4,57,5
NewJersey4,LS1,Evening,Set1,Draw1,4,col4,Evening|Set1|Draw1|col4,C,combined,1,2,1,1,4,4,*,1,1,True,1,4,57,5
NewJersey4,LS1,Evening,Set1,Draw1,4,col4,Evening|Set1|Draw1|col4,D,own,1,2,1,1,4,0,08867*,6,5,False,1,5,29,5
NewJersey4,LS1,Evening,Set1,Draw1,4,col4,Evening|Set1|Draw1|col4,D,own,1,2,1,1,4,1,06*,3,3,True,1,5,29,5
NewJersey4,LS1,Evening,Set1,Draw1,4,col4,Evening|Set1|Draw1|col4,D,own,1,2,1,1,4,2,6*,2,2,True,1,5,29,5
NewJersey4,LS1,Evening,Set1,Draw1,4,col4,Evening|Set1|Draw1|col4,D,own,1,2,1,1,4,3,6*,2,2,True,1,5,29,5
NewJersey4,LS1,Evening,Set1,Draw1,4,col4,Evening|Set1|Draw1|col4,D,own,1,2,1,1,4,5,*,1,1,True,1,5,29,5
NewJersey4,LS1,Evening,Set1,Draw1,4,col4,Evening|Set1|Draw1|col4,D,combined,1,2,1,1,4,0,08867*,6,5,False,1,4,57,5
NewJersey4,LS1,Evening,Set1,Draw1,4,col4,Evening|Set1|Draw1|col4,D,combined,1,2,1,1,4,1,06*,3,3,True,1,4,57,5
NewJersey4,LS1,Evening,Set1,Draw1,4,col4,Evening|Set1|Draw1|col4,D,combined,1,2,1,1,4,2,6*,2,2,True,1,4,57,5
NewJersey4,LS1,Evening,Set1,Draw1,4,col4,Evening|Set1|Draw1|col4,D,combined,1,2,1,1,4,3,6*,2,2,True,1,4,57,5
NewJersey4,LS1,Evening,Set1,Draw1,4,col4,Evening|Set1|Draw1|col4,D,combined,1,2,1,1,4,4,*,1,1,True,1,4,57,5
NewJersey4,LS1,Evening,Set1,Draw1,4,col4,Evening|Set1|Draw1|col4,E,own,1,2,1,1,4,0,08867*,6,5,False,1,5,29,5
NewJersey4,LS1,Evening,Set1,Draw1,4,col4,Evening|Set1|Draw1|col4,E,own,1,2,1,1,4,1,06*,3,3,True,1,5,29,5
NewJersey4,LS1,Evening,Set1,Draw1,4,col4,Evening|Set1|Draw1|col4,E,own,1,2,1,1,4,2,6*,2,2,True,1,5,29,5
NewJersey4,LS1,Evening,Set1,Draw1,4,col4,Evening|Set1|Draw1|col4,E,own,1,2,1,1,4,3,6*,2,2,True,1,5,29,5
NewJersey4,LS1,Evening,Set1,Draw1,4,col4,Evening|Set1|Draw1|col4,E,own,1,2,1,1,4,5,*,1,1,True,1,5,29,5
NewJersey4,LS1,Evening,Set1,Draw1,4,col4,Evening|Set1|Draw1|col4,E,combined,1,2,1,1,4,0,08867*,6,5,False,1,4,57,5
NewJersey4,LS1,Evening,Set1,Draw1,4,col4,Evening|Set1|Draw1|col4,E,combined,1,2,1,1,4,1,06*,3,3,True,1,4,57,5
NewJersey4,LS1,Evening,Set1,Draw1,4,col4,Evening|Set1|Draw1|col4,E,combined,1,2,1,1,4,2,6*,2,2,True,1,4,57,5
NewJersey4,LS1,Evening,Set1,Draw1,4,col4,Evening|Set1|Draw1|col4,E,combined,1,2,1,1,4,3,6*,2,2,True,1,4,57,5
NewJersey4,LS1,Evening,Set1,Draw1,4,col4,Evening|Set1|Draw1|col4,E,combined,1,2,1,1,4,4,*,1,1,True,1,4,57,5
NewJersey4,LS1,Evening,Set1,Draw1,4,col4,Evening|Set1|Draw1|col4,T,own,1,2,1,1,4,0,08867*,6,5,False,1,6,29,6
NewJersey4,LS1,Evening,Set1,Draw1,4,col4,Evening|Set1|Draw1|col4,T,own,1,2,1,1,4,1,06*,3,3,True,1,6,29,6
NewJersey4,LS1,Evening,Set1,Draw1,4,col4,Evening|Set1|Draw1|col4,T,own,1,2,1,1,4,2,06*,3,3,True,1,6,29,6
NewJersey4,LS1,Evening,Set1,Draw1,4,col4,Evening|Set1|Draw1|col4,T,own,1,2,1,1,4,4,6*,2,2,True,1,6,29,6
NewJersey4,LS1,Evening,Set1,Draw1,4,col4,Evening|Set1|Draw1|col4,T,own,1,2,1,1,4,5,6*,2,2,True,1,6,29,6
NewJersey4,LS1,Evening,Set1,Draw1,4,col4,Evening|Set1|Draw1|col4,T,own,1,2,1,1,4,6,*,1,1,True,1,6,29,6
NewJersey4,LS1,Evening,Set1,Draw1,4,col4,Evening|Set1|Draw1|col4,T,combined,1,2,1,1,4,0,08867*,6,5,False,1,11,57,6
NewJersey4,LS1,Evening,Set1,Draw1,4,col4,Evening|Set1|Draw1|col4,T,combined,1,2,1,1,4,1,06*,3,3,True,1,11,57,6
NewJersey4,LS1,Evening,Set1,Draw1,4,col4,Evening|Set1|Draw1|col4,T,combined,1,2,1,1,4,2,06*,3,3,True,1,11,57,6
NewJersey4,LS1,Evening,Set1,Draw1,4,col4,Evening|Set1|Draw1|col4,T,combined,1,2,1,1,4,7,6*,2,2,True,1,11,57,6
NewJersey4,LS1,Evening,Set1,Draw1,4,col4,Evening|Set1|Draw1|col4,T,combined,1,2,1,1,4,8,6*,2,2,True,1,11,57,6
NewJersey4,LS1,Evening,Set1,Draw1,4,col4,Evening|Set1|Draw1|col4,T,combined,1,2,1,1,4,11,*,1,1,True,1,11,57,6
NewJersey4,LS1,Evening,Set1,Draw1,2,col2,Evening|Set1|Draw1|col2,A,own,1,2,1,1,2,0,08867**,7,5,False,1,6,29,7
NewJersey4,LS1,Evening,Set1,Draw1,2,col2,Evening|Set1|Draw1|col2,A,own,1,2,1,1,2,1,06**,4,3,True,1,6,29,7
NewJersey4,LS1,Evening,Set1,Draw1,2,col2,Evening|Set1|Draw1|col2,A,own,1,2,1,1,2,2,06**,4,3,True,1,6,29,7
NewJersey4,LS1,Evening,Set1,Draw1,2,col2,Evening|Set1|Draw1|col2,A,own,1,2,1,1,2,3,06**,4,3,True,1,6,29,7
NewJersey4,LS1,Evening,Set1,Draw1,2,col2,Evening|Set1|Draw1|col2,A,own,1,2,1,1,2,4,6**,3,2,True,1,6,29,7
NewJersey4,LS1,Evening,Set1,Draw1,2,col2,Evening|Set1|Draw1|col2,A,own,1,2,1,1,2,5,6**,3,2,True,1,6,29,7
NewJersey4,LS1,Evening,Set1,Draw1,2,col2,Evening|Set1|Draw1|col2,A,own,1,2,1,1,2,6,**,2,1,True,1,6,29,7
NewJersey4,LS1,Evening,Set1,Draw1,2,col2,Evening|Set1|Draw1|col2,A,combined,1,2,1,1,2,0,08867**,7,5,False,1,11,57,10
NewJersey4,LS1,Evening,Set1,Draw1,2,col2,Evening|Set1|Draw1|col2,A,combined,1,2,1,1,2,1,06**,4,3,True,1,11,57,10
NewJersey4,LS1,Evening,Set1,Draw1,2,col2,Evening|Set1|Draw1|col2,A,combined,1,2,1,1,2,2,06**,4,3,True,1,11,57,10
NewJersey4,LS1,Evening,Set1,Draw1,2,col2,Evening|Set1|Draw1|col2,A,combined,1,2,1,1,2,3,06**,4,3,True,1,11,57,10
NewJersey4,LS1,Evening,Set1,Draw1,2,col2,Evening|Set1|Draw1|col2,A,combined,1,2,1,1,2,4,06**,4,3,True,1,11,57,10
NewJersey4,LS1,Evening,Set1,Draw1,2,col2,Evening|Set1|Draw1|col2,A,combined,1,2,1,1,2,5,06**,4,3,True,1,11,57,10
NewJersey4,LS1,Evening,Set1,Draw1,2,col2,Evening|Set1|Draw1|col2,A,combined,1,2,1,1,2,6,06**,4,3,True,1,11,57,10
NewJersey4,LS1,Evening,Set1,Draw1,2,col2,Evening|Set1|Draw1|col2,A,combined,1,2,1,1,2,7,6**,3,2,True,1,11,57,10
NewJersey4,LS1,Evening,Set1,Draw1,2,col2,Evening|Set1|Draw1|col2,A,combined,1,2,1,1,2,8,6**,3,2,True,1,11,57,10
NewJersey4,LS1,Evening,Set1,Draw1,2,col2,Evening|Set1|Draw1|col2,A,combined,1,2,1,1,2,11,**,2,1,True,1,11,57,10
NewJersey4,LS1,Evening,Set1,Draw1,2,col2,Evening|Set1|Draw1|col2,B,own,1,2,1,1,2,0,08867**,7,5,False,1,5,29,5
NewJersey4,LS1,Evening,Set1,Draw1,2,col2,Evening|Set1|Draw1|col2,B,own,1,2,1,1,2,1,06**,4,3,True,1,5,29,5
NewJersey4,LS1,Evening,Set1,Draw1,2,col2,Evening|Set1|Draw1|col2,B,own,1,2,1,1,2,2,6**,3,2,True,1,5,29,5
NewJersey4,LS1,Evening,Set1,Draw1,2,col2,Evening|Set1|Draw1|col2,B,own,1,2,1,1,2,3,6**,3,2,True,1,5,29,5
NewJersey4,LS1,Evening,Set1,Draw1,2,col2,Evening|Set1|Draw1|col2,B,own,1,2,1,1,2,5,**,2,1,True,1,5,29,5
NewJersey4,LS1,Evening,Set1,Draw1,2,col2,Evening|Set1|Draw1|col2,B,combined,1,2,1,1,2,0,08867**,7,5,False,1,4,57,5
NewJersey4,LS1,Evening,Set1,Draw1,2,col2,Evening|Set1|Draw1|col2,B,combined,1,2,1,1,2,1,06**,4,3,True,1,4,57,5
NewJersey4,LS1,Evening,Set1,Draw1,2,col2,Evening|Set1|Draw1|col2,B,combined,1,2,1,1,2,2,6**,3,2,True,1,4,57,5
NewJersey4,LS1,Evening,Set1,Draw1,2,col2,Evening|Set1|Draw1|col2,B,combined,1,2,1,1,2,3,6**,3,2,True,1,4,57,5
NewJersey4,LS1,Evening,Set1,Draw1,2,col2,Evening|Set1|Draw1|col2,B,combined,1,2,1,1,2,4,**,2,1,True,1,4,57,5
NewJersey4,LS1,Evening,Set1,Draw1,2,col2,Evening|Set1|Draw1|col2,C,own,1,2,1,1,2,0,08867**,7,5,False,1,5,29,5
NewJersey4,LS1,Evening,Set1,Draw1,2,col2,Evening|Set1|Draw1|col2,C,own,1,2,1,1,2,1,06**,4,3,True,1,5,29,5
NewJersey4,LS1,Evening,Set1,Draw1,2,col2,Evening|Set1|Draw1|col2,C,own,1,2,1,1,2,2,6**,3,2,True,1,5,29,5
NewJersey4,LS1,Evening,Set1,Draw1,2,col2,Evening|Set1|Draw1|col2,C,own,1,2,1,1,2,3,6**,3,2,True,1,5,29,5
NewJersey4,LS1,Evening,Set1,Draw1,2,col2,Evening|Set1|Draw1|col2,C,own,1,2,1,1,2,5,**,2,1,True,1,5,29,5
NewJersey4,LS1,Evening,Set1,Draw1,2,col2,Evening|Set1|Draw1|col2,C,combined,1,2,1,1,2,0,08867**,7,5,False,1,4,57,5
NewJersey4,LS1,Evening,Set1,Draw1,2,col2,Evening|Set1|Draw1|col2,C,combined,1,2,1,1,2,1,06**,4,3,True,1,4,57,5
NewJersey4,LS1,Evening,Set1,Draw1,2,col2,Evening|Set1|Draw1|col2,C,combined,1,2,1,1,2,2,6**,3,2,True,1,4,57,5
NewJersey4,LS1,Evening,Set1,Draw1,2,col2,Evening|Set1|Draw1|col2,C,combined,1,2,1,1,2,3,6**,3,2,True,1,4,57,5
NewJersey4,LS1,Evening,Set1,Draw1,2,col2,Evening|Set1|Draw1|col2,C,combined,1,2,1,1,2,4,**,2,1,True,1,4,57,5
NewJersey4,LS1,Evening,Set1,Draw1,2,col2,Evening|Set1|Draw1|col2,D,own,1,2,1,1,2,0,08867**,7,5,False,1,5,29,5
NewJersey4,LS1,Evening,Set1,Draw1,2,col2,Evening|Set1|Draw1|col2,D,own,1,2,1,1,2,1,06**,4,3,True,1,5,29,5
NewJersey4,LS1,Evening,Set1,Draw1,2,col2,Evening|Set1|Draw1|col2,D,own,1,2,1,1,2,2,6**,3,2,True,1,5,29,5
NewJersey4,LS1,Evening,Set1,Draw1,2,col2,Evening|Set1|Draw1|col2,D,own,1,2,1,1,2,3,6**,3,2,True,1,5,29,5
NewJersey4,LS1,Evening,Set1,Draw1,2,col2,Evening|Set1|Draw1|col2,D,own,1,2,1,1,2,5,**,2,1,True,1,5,29,5
NewJersey4,LS1,Evening,Set1,Draw1,2,col2,Evening|Set1|Draw1|col2,D,combined,1,2,1,1,2,0,08867**,7,5,False,1,4,57,5
NewJersey4,LS1,Evening,Set1,Draw1,2,col2,Evening|Set1|Draw1|col2,D,combined,1,2,1,1,2,1,06**,4,3,True,1,4,57,5
NewJersey4,LS1,Evening,Set1,Draw1,2,col2,Evening|Set1|Draw1|col2,D,combined,1,2,1,1,2,2,6**,3,2,True,1,4,57,5
NewJersey4,LS1,Evening,Set1,Draw1,2,col2,Evening|Set1|Draw1|col2,D,combined,1,2,1,1,2,3,6**,3,2,True,1,4,57,5
NewJersey4,LS1,Evening,Set1,Draw1,2,col2,Evening|Set1|Draw1|col2,D,combined,1,2,1,1,2,4,**,2,1,True,1,4,57,5
NewJersey4,LS1,Evening,Set1,Draw1,2,col2,Evening|Set1|Draw1|col2,E,own,1,2,1,1,2,0,08867**,7,5,False,1,5,29,5
NewJersey4,LS1,Evening,Set1,Draw1,2,col2,Evening|Set1|Draw1|col2,E,own,1,2,1,1,2,1,06**,4,3,True,1,5,29,5
NewJersey4,LS1,Evening,Set1,Draw1,2,col2,Evening|Set1|Draw1|col2,E,own,1,2,1,1,2,2,6**,3,2,True,1,5,29,5
NewJersey4,LS1,Evening,Set1,Draw1,2,col2,Evening|Set1|Draw1|col2,E,own,1,2,1,1,2,3,6**,3,2,True,1,5,29,5
NewJersey4,LS1,Evening,Set1,Draw1,2,col2,Evening|Set1|Draw1|col2,E,own,1,2,1,1,2,5,**,2,1,True,1,5,29,5
NewJersey4,LS1,Evening,Set1,Draw1,2,col2,Evening|Set1|Draw1|col2,E,combined,1,2,1,1,2,0,08867**,7,5,False,1,4,57,5
NewJersey4,LS1,Evening,Set1,Draw1,2,col2,Evening|Set1|Draw1|col2,E,combined,1,2,1,1,2,1,06**,4,3,True,1,4,57,5
NewJersey4,LS1,Evening,Set1,Draw1,2,col2,Evening|Set1|Draw1|col2,E,combined,1,2,1,1,2,2,6**,3,2,True,1,4,57,5
NewJersey4,LS1,Evening,Set1,Draw1,2,col2,Evening|Set1|Draw1|col2,E,combined,1,2,1,1,2,3,6**,3,2,True,1,4,57,5
NewJersey4,LS1,Evening,Set1,Draw1,2,col2,Evening|Set1|Draw1|col2,E,combined,1,2,1,1,2,4,**,2,1,True,1,4,57,5
NewJersey4,LS1,Evening,Set1,Draw1,2,col2,Evening|Set1|Draw1|col2,T,own,1,2,1,1,2,0,08867**,7,5,False,1,6,29,5
NewJersey4,LS1,Evening,Set1,Draw1,2,col2,Evening|Set1|Draw1|col2,T,own,1,2,1,1,2,1,06**,4,3,True,1,6,29,5
NewJersey4,LS1,Evening,Set1,Draw1,2,col2,Evening|Set1|Draw1|col2,T,own,1,2,1,1,2,2,6**,3,2,True,1,6,29,5
NewJersey4,LS1,Evening,Set1,Draw1,2,col2,Evening|Set1|Draw1|col2,T,own,1,2,1,1,2,3,6**,3,2,True,1,6,29,5
NewJersey4,LS1,Evening,Set1,Draw1,2,col2,Evening|Set1|Draw1|col2,T,own,1,2,1,1,2,6,**,2,1,True,1,6,29,5
NewJersey4,LS1,Evening,Set1,Draw1,2,col2,Evening|Set1|Draw1|col2,T,combined,1,2,1,1,2,0,08867**,7,5,False,1,11,57,5
NewJersey4,LS1,Evening,Set1,Draw1,2,col2,Evening|Set1|Draw1|col2,T,combined,1,2,1,1,2,1,06**,4,3,True,1,11,57,5
NewJersey4,LS1,Evening,Set1,Draw1,2,col2,Evening|Set1|Draw1|col2,T,combined,1,2,1,1,2,2,6**,3,2,True,1,11,57,5
NewJersey4,LS1,Evening,Set1,Draw1,2,col2,Evening|Set1|Draw1|col2,T,combined,1,2,1,1,2,3,6**,3,2,True,1,11,57,5
NewJersey4,LS1,Evening,Set1,Draw1,2,col2,Evening|Set1|Draw1|col2,T,combined,1,2,1,1,2,11,**,2,1,True,1,11,57,5
NewJersey4,LS1,Evening,Set1,Draw2,6,col6,Evening|Set1|Draw2|col6,A,own,1,2,1,2,6,0,59400188677,11,8,False,4,6,7,7
NewJersey4,LS1,Evening,Set1,Draw2,6,col6,Evening|Set1|Draw2|col6,A,own,1,2,1,2,6,1,5940016,7,6,False,4,6,7,7
NewJersey4,LS1,Evening,Set1,Draw2,6,col6,Evening|Set1|Draw2|col6,A,own,1,2,1,2,6,2,90016,5,4,False,4,6,7,7
NewJersey4,LS1,Evening,Set1,Draw2,6,col6,Evening|Set1|Draw2|col6,A,own,1,2,1,2,6,3,90016,5,4,False,4,6,7,7
NewJersey4,LS1,Evening,Set1,Draw2,6,col6,Evening|Set1|Draw2|col6,A,own,1,2,1,2,6,4,916,3,3,True,4,6,7,7
NewJersey4,LS1,Evening,Set1,Draw2,6,col6,Evening|Set1|Draw2|col6,A,own,1,2,1,2,6,5,96,2,2,True,4,6,7,7
NewJersey4,LS1,Evening,Set1,Draw2,6,col6,Evening|Set1|Draw2|col6,A,own,1,2,1,2,6,6,,0,0,False,4,6,7,7
NewJersey4,LS1,Evening,Set1,Draw2,6,col6,Evening|Set1|Draw2|col6,A,combined,1,2,1,2,6,0,59400188677,11,8,False,3,11,12,9
NewJersey4,LS1,Evening,Set1,Draw2,6,col6,Evening|Set1|Draw2|col6,A,combined,1,2,1,2,6,1,5940016,7,6,False,3,11,12,9
NewJersey4,LS1,Evening,Set1,Draw2,6,col6,Evening|Set1|Draw2|col6,A,combined,1,2,1,2,6,2,40016,5,4,False,3,11,12,9
NewJersey4,LS1,Evening,Set1,Draw2,6,col6,Evening|Set1|Draw2|col6,A,combined,1,2,1,2,6,3,0016,4,3,True,3,11,12,9
NewJersey4,LS1,Evening,Set1,Draw2,6,col6,Evening|Set1|Draw2|col6,A,combined,1,2,1,2,6,4,006,3,2,True,3,11,12,9
NewJersey4,LS1,Evening,Set1,Draw2,6,col6,Evening|Set1|Draw2|col6,A,combined,1,2,1,2,6,5,006,3,2,True,3,11,12,9
NewJersey4,LS1,Evening,Set1,Draw2,6,col6,Evening|Set1|Draw2|col6,A,combined,1,2,1,2,6,7,6,1,1,True,3,11,12,9
NewJersey4,LS1,Evening,Set1,Draw2,6,col6,Evening|Set1|Draw2|col6,A,combined,1,2,1,2,6,8,6,1,1,True,3,11,12,9
NewJersey4,LS1,Evening,Set1,Draw2,6,col6,Evening|Set1|Draw2|col6,A,combined,1,2,1,2,6,11,,0,0,False,3,11,12,9
NewJersey4,LS1,Evening,Set1,Draw2,6,col6,Evening|Set1|Draw2|col6,B,own,1,2,1,2,6,0,59400188677,11,8,False,2,6,7,7
NewJersey4,LS1,Evening,Set1,Draw2,6,col6,Evening|Set1|Draw2|col6,B,own,1,2,1,2,6,1,5940016,7,6,False,2,6,7,7
NewJersey4,LS1,Evening,Set1,Draw2,6,col6,Evening|Set1|Draw2|col6,B,own,1,2,1,2,6,2,916,3,3,True,2,6,7,7
NewJersey4,LS1,Evening,Set1,Draw2,6,col6,Evening|Set1|Draw2|col6,B,own,1,2,1,2,6,3,16,2,2,True,2,6,7,7
NewJersey4,LS1,Evening,Set1,Draw2,6,col6,Evening|Set1|Draw2|col6,B,own,1,2,1,2,6,4,16,2,2,True,2,6,7,7
NewJersey4,LS1,Evening,Set1,Draw2,6,col6,Evening|Set1|Draw2|col6,B,own,1,2,1,2,6,5,6,1,1,True,2,6,7,7
NewJersey4,LS1,Evening,Set1,Draw2,6,col6,Evening|Set1|Draw2|col6,B,own,1,2,1,2,6,6,,0,0,False,2,6,7,7
NewJersey4,LS1,Evening,Set1,Draw2,6,col6,Evening|Set1|Draw2|col6,B,combined,1,2,1,2,6,0,59400188677,11,8,False,3,9,10,7
NewJersey4,LS1,Evening,Set1,Draw2,6,col6,Evening|Set1|Draw2|col6,B,combined,1,2,1,2,6,1,5940016,7,6,False,3,9,10,7
NewJersey4,LS1,Evening,Set1,Draw2,6,col6,Evening|Set1|Draw2|col6,B,combined,1,2,1,2,6,2,40016,5,4,False,3,9,10,7
NewJersey4,LS1,Evening,Set1,Draw2,6,col6,Evening|Set1|Draw2|col6,B,combined,1,2,1,2,6,3,16,2,2,True,3,9,10,7
NewJersey4,LS1,Evening,Set1,Draw2,6,col6,Evening|Set1|Draw2|col6,B,combined,1,2,1,2,6,4,6,1,1,True,3,9,10,7
NewJersey4,LS1,Evening,Set1,Draw2,6,col6,Evening|Set1|Draw2|col6,B,combined,1,2,1,2,6,5,6,1,1,True,3,9,10,7
NewJersey4,LS1,Evening,Set1,Draw2,6,col6,Evening|Set1|Draw2|col6,B,combined,1,2,1,2,6,9,,0,0,False,3,9,10,7
NewJersey4,LS1,Evening,Set1,Draw2,6,col6,Evening|Set1|Draw2|col6,C,own,1,2,1,2,6,0,59400188677,11,8,False,2,5,6,5
NewJersey4,LS1,Evening,Set1,Draw2,6,col6,Evening|Set1|Draw2|col6,C,own,1,2,1,2,6,1,5940016,7,6,False,2,5,6,5
NewJersey4,LS1,Evening,Set1,Draw2,6,col6,Evening|Set1|Draw2|col6,C,own,1,2,1,2,6,2,16,2,2,True,2,5,6,5
NewJersey4,LS1,Evening,Set1,Draw2,6,col6,Evening|Set1|Draw2|col6,C,own,1,2,1,2,6,3,16,2,2,True,2,5,6,5
NewJersey4,LS1,Evening,Set1,Draw2,6,col6,Evening|Set1|Draw2|col6,C,own,1,2,1,2,6,5,,0,0,False,2,5,6,5
NewJersey4,LS1,Evening,Set1,Draw2,6,col6,Evening|Set1|Draw2|col6,C,combined,1,2,1,2,6,0,59400188677,11,8,False,2,4,5,5
NewJersey4,LS1,Evening,Set1,Draw2,6,col6,Evening|Set1|Draw2|col6,C,combined,1,2,1,2,6,1,5940016,7,6,False,2,4,5,5
NewJersey4,LS1,Evening,Set1,Draw2,6,col6,Evening|Set1|Draw2|col6,C,combined,1,2,1,2,6,2,16,2,2,True,2,4,5,5
NewJersey4,LS1,Evening,Set1,Draw2,6,col6,Evening|Set1|Draw2|col6,C,combined,1,2,1,2,6,3,16,2,2,True,2,4,5,5
NewJersey4,LS1,Evening,Set1,Draw2,6,col6,Evening|Set1|Draw2|col6,C,combined,1,2,1,2,6,4,,0,0,False,2,4,5,5
NewJersey4,LS1,Evening,Set1,Draw2,6,col6,Evening|Set1|Draw2|col6,D,own,1,2,1,2,6,0,59400188677,11,8,False,2,5,6,5
NewJersey4,LS1,Evening,Set1,Draw2,6,col6,Evening|Set1|Draw2|col6,D,own,1,2,1,2,6,1,5940016,7,6,False,2,5,6,5
NewJersey4,LS1,Evening,Set1,Draw2,6,col6,Evening|Set1|Draw2|col6,D,own,1,2,1,2,6,2,16,2,2,True,2,5,6,5
NewJersey4,LS1,Evening,Set1,Draw2,6,col6,Evening|Set1|Draw2|col6,D,own,1,2,1,2,6,3,16,2,2,True,2,5,6,5
NewJersey4,LS1,Evening,Set1,Draw2,6,col6,Evening|Set1|Draw2|col6,D,own,1,2,1,2,6,5,,0,0,False,2,5,6,5
NewJersey4,LS1,Evening,Set1,Draw2,6,col6,Evening|Set1|Draw2|col6,D,combined,1,2,1,2,6,0,59400188677,11,8,False,2,4,5,5
NewJersey4,LS1,Evening,Set1,Draw2,6,col6,Evening|Set1|Draw2|col6,D,combined,1,2,1,2,6,1,5940016,7,6,False,2,4,5,5
NewJersey4,LS1,Evening,Set1,Draw2,6,col6,Evening|Set1|Draw2|col6,D,combined,1,2,1,2,6,2,016,3,3,True,2,4,5,5
NewJersey4,LS1,Evening,Set1,Draw2,6,col6,Evening|Set1|Draw2|col6,D,combined,1,2,1,2,6,3,16,2,2,True,2,4,5,5
NewJersey4,LS1,Evening,Set1,Draw2,6,col6,Evening|Set1|Draw2|col6,D,combined,1,2,1,2,6,4,,0,0,False,2,4,5,5
NewJersey4,LS1,Evening,Set1,Draw2,6,col6,Evening|Set1|Draw2|col6,E,own,1,2,1,2,6,0,59400188677,11,8,False,3,6,7,7
NewJersey4,LS1,Evening,Set1,Draw2,6,col6,Evening|Set1|Draw2|col6,E,own,1,2,1,2,6,1,59400167,8,7,False,3,6,7,7
NewJersey4,LS1,Evening,Set1,Draw2,6,col6,Evening|Set1|Draw2|col6,E,own,1,2,1,2,6,2,90167,5,5,False,3,6,7,7
NewJersey4,LS1,Evening,Set1,Draw2,6,col6,Evening|Set1|Draw2|col6,E,own,1,2,1,2,6,3,167,3,3,True,3,6,7,7
NewJersey4,LS1,Evening,Set1,Draw2,6,col6,Evening|Set1|Draw2|col6,E,own,1,2,1,2,6,4,16,2,2,True,3,6,7,7
NewJersey4,LS1,Evening,Set1,Draw2,6,col6,Evening|Set1|Draw2|col6,E,own,1,2,1,2,6,5,6,1,1,True,3,6,7,7
NewJersey4,LS1,Evening,Set1,Draw2,6,col6,Evening|Set1|Draw2|col6,E,own,1,2,1,2,6,6,,0,0,False,3,6,7,7
NewJersey4,LS1,Evening,Set1,Draw2,6,col6,Evening|Set1|Draw2|col6,E,combined,1,2,1,2,6,0,59400188677,11,8,False,3,9,10,7
NewJersey4,LS1,Evening,Set1,Draw2,6,col6,Evening|Set1|Draw2|col6,E,combined,1,2,1,2,6,1,59400167,8,7,False,3,9,10,7
NewJersey4,LS1,Evening,Set1,Draw2,6,col6,Evening|Set1|Draw2|col6,E,combined,1,2,1,2,6,2,400167,6,5,False,3,9,10,7
NewJersey4,LS1,Evening,Set1,Draw2,6,col6,Evening|Set1|Draw2|col6,E,combined,1,2,1,2,6,3,167,3,3,True,3,9,10,7
NewJersey4,LS1,Evening,Set1,Draw2,6,col6,Evening|Set1|Draw2|col6,E,combined,1,2,1,2,6,4,6,1,1,True,3,9,10,7
NewJersey4,LS1,Evening,Set1,Draw2,6,col6,Evening|Set1|Draw2|col6,E,combined,1,2,1,2,6,5,6,1,1,True,3,9,10,7
NewJersey4,LS1,Evening,Set1,Draw2,6,col6,Evening|Set1|Draw2|col6,E,combined,1,2,1,2,6,9,,0,0,False,3,9,10,7
NewJersey4,LS1,Evening,Set1,Draw2,6,col6,Evening|Set1|Draw2|col6,T,own,1,2,1,2,6,0,59400188677,11,8,False,2,6,7,6
NewJersey4,LS1,Evening,Set1,Draw2,6,col6,Evening|Set1|Draw2|col6,T,own,1,2,1,2,6,1,5940016,7,6,False,2,6,7,6
NewJersey4,LS1,Evening,Set1,Draw2,6,col6,Evening|Set1|Draw2|col6,T,own,1,2,1,2,6,2,916,3,3,True,2,6,7,6
NewJersey4,LS1,Evening,Set1,Draw2,6,col6,Evening|Set1|Draw2|col6,T,own,1,2,1,2,6,3,916,3,3,True,2,6,7,6
NewJersey4,LS1,Evening,Set1,Draw2,6,col6,Evening|Set1|Draw2|col6,T,own,1,2,1,2,6,5,96,2,2,True,2,6,7,6
NewJersey4,LS1,Evening,Set1,Draw2,6,col6,Evening|Set1|Draw2|col6,T,own,1,2,1,2,6,6,,0,0,False,2,6,7,6
NewJersey4,LS1,Evening,Set1,Draw2,6,col6,Evening|Set1|Draw2|col6,T,combined,1,2,1,2,6,0,59400188677,11,8,False,2,11,12,7
NewJersey4,LS1,Evening,Set1,Draw2,6,col6,Evening|Set1|Draw2|col6,T,combined,1,2,1,2,6,1,5940016,7,6,False,2,11,12,7
NewJersey4,LS1,Evening,Set1,Draw2,6,col6,Evening|Set1|Draw2|col6,T,combined,1,2,1,2,6,2,16,2,2,True,2,11,12,7
NewJersey4,LS1,Evening,Set1,Draw2,6,col6,Evening|Set1|Draw2|col6,T,combined,1,2,1,2,6,3,16,2,2,True,2,11,12,7
NewJersey4,LS1,Evening,Set1,Draw2,6,col6,Evening|Set1|Draw2|col6,T,combined,1,2,1,2,6,4,6,1,1,True,2,11,12,7
NewJersey4,LS1,Evening,Set1,Draw2,6,col6,Evening|Set1|Draw2|col6,T,combined,1,2,1,2,6,5,6,1,1,True,2,11,12,7
NewJersey4,LS1,Evening,Set1,Draw2,6,col6,Evening|Set1|Draw2|col6,T,combined,1,2,1,2,6,11,,0,0,False,2,11,12,7
NewJersey4,LS1,Evening,Set1,Draw2,5,col5,Evening|Set1|Draw2|col5,A,own,1,2,1,2,5,0,940088677,9,6,False,2,6,7,7
NewJersey4,LS1,Evening,Set1,Draw2,5,col5,Evening|Set1|Draw2|col5,A,own,1,2,1,2,5,1,94006,5,4,False,2,6,7,7
NewJersey4,LS1,Evening,Set1,Draw2,5,col5,Evening|Set1|Draw2|col5,A,own,1,2,1,2,5,2,9006,4,3,True,2,6,7,7
NewJersey4,LS1,Evening,Set1,Draw2,5,col5,Evening|Set1|Draw2|col5,A,own,1,2,1,2,5,3,9006,4,3,True,2,6,7,7
NewJersey4,LS1,Evening,Set1,Draw2,5,col5,Evening|Set1|Draw2|col5,A,own,1,2,1,2,5,4,96,2,2,True,2,6,7,7
NewJersey4,LS1,Evening,Set1,Draw2,5,col5,Evening|Set1|Draw2|col5,A,own,1,2,1,2,5,5,96,2,2,True,2,6,7,7
NewJersey4,LS1,Evening,Set1,Draw2,5,col5,Evening|Set1|Draw2|col5,A,own,1,2,1,2,5,6,,0,0,False,2,6,7,7
NewJersey4,LS1,Evening,Set1,Draw2,5,col5,Evening|Set1|Draw2|col5,A,combined,1,2,1,2,5,0,940088677,9,6,False,2,11,12,8
NewJersey4,LS1,Evening,Set1,Draw2,5,col5,Evening|Set1|Draw2|col5,A,combined,1,2,1,2,5,1,94006,5,4,False,2,11,12,8
NewJersey4,LS1,Evening,Set1,Draw2,5,col5,Evening|Set1|Draw2|col5,A,combined,1,2,1,2,5,2,4006,4,3,True,2,11,12,8
NewJersey4,LS1,Evening,Set1,Draw2,5,col5,Evening|Set1|Draw2|col5,A,combined,1,2,1,2,5,3,006,3,2,True,2,11,12,8
NewJersey4,LS1,Evening,Set1,Draw2,5,col5,Evening|Set1|Draw2|col5,A,combined,1,2,1,2,5,4,006,3,2,True,2,11,12,8
NewJersey4,LS1,Evening,Set1,Draw2,5,col5,Evening|Set1|Draw2|col5,A,combined,1,2,1,2,5,7,6,1,1,True,2,11,12,8
NewJersey4,LS1,Evening,Set1,Draw2,5,col5,Evening|Set1|Draw2|col5,A,combined,1,2,1,2,5,8,6,1,1,True,2,11,12,8
NewJersey4,LS1,Evening,Set1,Draw2,5,col5,Evening|Set1|Draw2|col5,A,combined,1,2,1,2,5,11,,0,0,False,2,11,12,8
NewJersey4,LS1,Evening,Set1,Draw2,5,col5,Evening|Set1|Draw2|col5,B,own,1,2,1,2,5,0,940088677,9,6,False,2,5,6,6
NewJersey4,LS1,Evening,Set1,Draw2,5,col5,Evening|Set1|Draw2|col5,B,own,1,2,1,2,5,1,94006,5,4,False,2,5,6,6
NewJersey4,LS1,Evening,Set1,Draw2,5,col5,Evening|Set1|Draw2|col5,B,own,1,2,1,2,5,2,96,2,2,True,2,5,6,6
NewJersey4,LS1,Evening,Set1,Draw2,5,col5,Evening|Set1|Draw2|col5,B,own,1,2,1,2,5,3,6,1,1,True,2,5,6,6
NewJersey4,LS1,Evening,Set1,Draw2,5,col5,Evening|Set1|Draw2|col5,B,own,1,2,1,2,5,4,6,1,1,True,2,5,6,6
NewJersey4,LS1,Evening,Set1,Draw2,5,col5,Evening|Set1|Draw2|col5,B,own,1,2,1,2,5,5,,0,0,False,2,5,6,6
NewJersey4,LS1,Evening,Set1,Draw2,5,col5,Evening|Set1|Draw2|col5,B,combined,1,2,1,2,5,0,940088677,9,6,False,2,4,5,5
NewJersey4,LS1,Evening,Set1,Draw2,5,col5,Evening|Set1|Draw2|col5,B,combined,1,2,1,2,5,1,94006,5,4,False,2,4,5,5
NewJersey4,LS1,Evening,Set1,Draw2,5,col5,Evening|Set1|Draw2|col5,B,combined,1,2,1,2,5,2,46,2,2,True,2,4,5,5
NewJersey4,LS1,Evening,Set1,Draw2,5,col5,Evening|Set1|Draw2|col5,B,combined,1,2,1,2,5,3,6,1,1,True,2,4,5,5
NewJersey4,LS1,Evening,Set1,Draw2,5,col5,Evening|Set1|Draw2|col5,B,combined,1,2,1,2,5,4,,0,0,False,2,4,5,5
NewJersey4,LS1,Evening,Set1,Draw2,5,col5,Evening|Set1|Draw2|col5,C,own,1,2,1,2,5,0,940088677,9,6,False,2,5,6,5
NewJersey4,LS1,Evening,Set1,Draw2,5,col5,Evening|Set1|Draw2|col5,C,own,1,2,1,2,5,1,94006,5,4,False,2,5,6,5
NewJersey4,LS1,Evening,Set1,Draw2,5,col5,Evening|Set1|Draw2|col5,C,own,1,2,1,2,5,2,6,1,1,True,2,5,6,5
NewJersey4,LS1,Evening,Set1,Draw2,5,col5,Evening|Set1|Draw2|col5,C,own,1,2,1,2,5,3,6,1,1,True,2,5,6,5
NewJersey4,LS1,Evening,Set1,Draw2,5,col5,Evening|Set1|Draw2|col5,C,own,1,2,1,2,5,5,,0,0,False,2,5,6,5
NewJersey4,LS1,Evening,Set1,Draw2,5,col5,Evening|Set1|Draw2|col5,C,combined,1,2,1,2,5,0,940088677,9,6,False,2,4,5,5
NewJersey4,LS1,Evening,Set1,Draw2,5,col5,Evening|Set1|Draw2|col5,C,combined,1,2,1,2,5,1,94006,5,4,False,2,4,5,5
NewJersey4,LS1,Evening,Set1,Draw2,5,col5,Evening|Set1|Draw2|col5,C,combined,1,2,1,2,5,2,6,1,1,True,2,4,5,5
NewJersey4,LS1,Evening,Set1,Draw2,5,col5,Evening|Set1|Draw2|col5,C,combined,1,2,1,2,5,3,6,1,1,True,2,4,5,5
NewJersey4,LS1,Evening,Set1,Draw2,5,col5,Evening|Set1|Draw2|col5,C,combined,1,2,1,2,5,4,,0,0,False,2,4,5,5
NewJersey4,LS1,Evening,Set1,Draw2,5,col5,Evening|Set1|Draw2|col5,D,own,1,2,1,2,5,0,940088677,9,6,False,2,5,6,5
NewJersey4,LS1,Evening,Set1,Draw2,5,col5,Evening|Set1|Draw2|col5,D,own,1,2,1,2,5,1,94006,5,4,False,2,5,6,5
NewJersey4,LS1,Evening,Set1,Draw2,5,col5,Evening|Set1|Draw2|col5,D,own,1,2,1,2,5,2,6,1,1,True,2,5,6,5
NewJersey4,LS1,Evening,Set1,Draw2,5,col5,Evening|Set1|Draw2|col5,D,own,1,2,1,2,5,3,6,1,1,True,2,5,6,5
NewJersey4,LS1,Evening,Set1,Draw2,5,col5,Evening|Set1|Draw2|col5,D,own,1,2,1,2,5,5,,0,0,False,2,5,6,5
NewJersey4,LS1,Evening,Set1,Draw2,5,col5,Evening|Set1|Draw2|col5,D,combined,1,2,1,2,5,0,940088677,9,6,False,2,4,5,5
NewJersey4,LS1,Evening,Set1,Draw2,5,col5,Evening|Set1|Draw2|col5,D,combined,1,2,1,2,5,1,94006,5,4,False,2,4,5,5
NewJersey4,LS1,Evening,Set1,Draw2,5,col5,Evening|Set1|Draw2|col5,D,combined,1,2,1,2,5,2,06,2,2,True,2,4,5,5
NewJersey4,LS1,Evening,Set1,Draw2,5,col5,Evening|Set1|Draw2|col5,D,combined,1,2,1,2,5,3,6,1,1,True,2,4,5,5
NewJersey4,LS1,Evening,Set1,Draw2,5,col5,Evening|Set1|Draw2|col5,D,combined,1,2,1,2,5,4,,0,0,False,2,4,5,5
NewJersey4,LS1,Evening,Set1,Draw2,5,col5,Evening|Set1|Draw2|col5,E,own,1,2,1,2,5,0,940088677,9,6,False,2,5,6,6
NewJersey4,LS1,Evening,Set1,Draw2,5,col5,Evening|Set1|Draw2|col5,E,own,1,2,1,2,5,1,940067,6,5,False,2,5,6,6
NewJersey4,LS1,Evening,Set1,Draw2,5,col5,Evening|Set1|Draw2|col5,E,own,1,2,1,2,5,2,967,3,3,True,2,5,6,6
NewJersey4,LS1,Evening,Set1,Draw2,5,col5,Evening|Set1|Draw2|col5,E,own,1,2,1,2,5,3,67,2,2,True,2,5,6,6
NewJersey4,LS1,Evening,Set1,Draw2,5,col5,Evening|Set1|Draw2|col5,E,own,1,2,1,2,5,4,6,1,1,True,2,5,6,6
NewJersey4,LS1,Evening,Set1,Draw2,5,col5,Evening|Set1|Draw2|col5,E,own,1,2,1,2,5,5,,0,0,False,2,5,6,6
NewJersey4,LS1,Evening,Set1,Draw2,5,col5,Evening|Set1|Draw2|col5,E,combined,1,2,1,2,5,0,940088677,9,6,False,3,4,5,5
NewJersey4,LS1,Evening,Set1,Draw2,5,col5,Evening|Set1|Draw2|col5,E,combined,1,2,1,2,5,1,940067,6,5,False,3,4,5,5
NewJersey4,LS1,Evening,Set1,Draw2,5,col5,Evening|Set1|Draw2|col5,E,combined,1,2,1,2,5,2,4067,4,4,False,3,4,5,5
NewJersey4,LS1,Evening,Set1,Draw2,5,col5,Evening|Set1|Draw2|col5,E,combined,1,2,1,2,5,3,67,2,2,True,3,4,5,5
NewJersey4,LS1,Evening,Set1,Draw2,5,col5,Evening|Set1|Draw2|col5,E,combined,1,2,1,2,5,4,,0,0,False,3,4,5,5
NewJersey4,LS1,Evening,Set1,Draw2,5,col5,Evening|Set1|Draw2|col5,T,own,1,2,1,2,5,0,940088677,9,6,False,2,6,7,5
NewJersey4,LS1,Evening,Set1,Draw2,5,col5,Evening|Set1|Draw2|col5,T,own,1,2,1,2,5,1,94006,5,4,False,2,6,7,5
NewJersey4,LS1,Evening,Set1,Draw2,5,col5,Evening|Set1|Draw2|col5,T,own,1,2,1,2,5,2,96,2,2,True,2,6,7,5
NewJersey4,LS1,Evening,Set1,Draw2,5,col5,Evening|Set1|Draw2|col5,T,own,1,2,1,2,5,3,96,2,2,True,2,6,7,5
NewJersey4,LS1,Evening,Set1,Draw2,5,col5,Evening|Set1|Draw2|col5,T,own,1,2,1,2,5,6,,0,0,False,2,6,7,5
NewJersey4,LS1,Evening,Set1,Draw2,5,col5,Evening|Set1|Draw2|col5,T,combined,1,2,1,2,5,0,940088677,9,6,False,2,11,12,7
NewJersey4,LS1,Evening,Set1,Draw2,5,col5,Evening|Set1|Draw2|col5,T,combined,1,2,1,2,5,1,94006,5,4,False,2,11,12,7
NewJersey4,LS1,Evening,Set1,Draw2,5,col5,Evening|Set1|Draw2|col5,T,combined,1,2,1,2,5,2,006,3,2,True,2,11,12,7
NewJersey4,LS1,Evening,Set1,Draw2,5,col5,Evening|Set1|Draw2|col5,T,combined,1,2,1,2,5,3,006,3,2,True,2,11,12,7
NewJersey4,LS1,Evening,Set1,Draw2,5,col5,Evening|Set1|Draw2|col5,T,combined,1,2,1,2,5,7,6,1,1,True,2,11,12,7
NewJersey4,LS1,Evening,Set1,Draw2,5,col5,Evening|Set1|Draw2|col5,T,combined,1,2,1,2,5,8,6,1,1,True,2,11,12,7
NewJersey4,LS1,Evening,Set1,Draw2,5,col5,Evening|Set1|Draw2|col5,T,combined,1,2,1,2,5,11,,0,0,False,2,11,12,7
NewJersey4,LS1,Evening,Set1,Draw2,4,col4,Evening|Set1|Draw2|col4,A,own,1,2,1,2,4,0,908867*,7,6,False,4,6,29,7
NewJersey4,LS1,Evening,Set1,Draw2,4,col4,Evening|Set1|Draw2|col4,A,own,1,2,1,2,4,1,906*,4,4,False,4,6,29,7
NewJersey4,LS1,Evening,Set1,Draw2,4,col4,Evening|Set1|Draw2|col4,A,own,1,2,1,2,4,2,906*,4,4,False,4,6,29,7
NewJersey4,LS1,Evening,Set1,Draw2,4,col4,Evening|Set1|Draw2|col4,A,own,1,2,1,2,4,3,906*,4,4,False,4,6,29,7
NewJersey4,LS1,Evening,Set1,Draw2,4,col4,Evening|Set1|Draw2|col4,A,own,1,2,1,2,4,4,96*,3,3,True,4,6,29,7
NewJersey4,LS1,Evening,Set1,Draw2,4,col4,Evening|Set1|Draw2|col4,A,own,1,2,1,2,4,5,96*,3,3,True,4,6,29,7
NewJersey4,LS1,Evening,Set1,Draw2,4,col4,Evening|Set1|Draw2|col4,A,own,1,2,1,2,4,6,*,1,1,True,4,6,29,7
NewJersey4,LS1,Evening,Set1,Draw2,4,col4,Evening|Set1|Draw2|col4,A,combined,1,2,1,2,4,0,908867*,7,6,False,2,11,57,7
NewJersey4,LS1,Evening,Set1,Draw2,4,col4,Evening|Set1|Draw2|col4,A,combined,1,2,1,2,4,1,906*,4,4,False,2,11,57,7
NewJersey4,LS1,Evening,Set1,Draw2,4,col4,Evening|Set1|Draw2|col4,A,combined,1,2,1,2,4,2,06*,3,3,True,2,11,57,7
NewJersey4,LS1,Evening,Set1,Draw2,4,col4,Evening|Set1|Draw2|col4,A,combined,1,2,1,2,4,3,06*,3,3,True,2,11,57,7
NewJersey4,LS1,Evening,Set1,Draw2,4,col4,Evening|Set1|Draw2|col4,A,combined,1,2,1,2,4,7,6*,2,2,True,2,11,57,7
NewJersey4,LS1,Evening,Set1,Draw2,4,col4,Evening|Set1|Draw2|col4,A,combined,1,2,1,2,4,8,6*,2,2,True,2,11,57,7
NewJersey4,LS1,Evening,Set1,Draw2,4,col4,Evening|Set1|Draw2|col4,A,combined,1,2,1,2,4,11,*,1,1,True,2,11,57,7
NewJersey4,LS1,Evening,Set1,Draw2,4,col4,Evening|Set1|Draw2|col4,B,own,1,2,1,2,4,0,908867*,7,6,False,2,5,29,5
NewJersey4,LS1,Evening,Set1,Draw2,4,col4,Evening|Set1|Draw2|col4,B,own,1,2,1,2,4,1,906*,4,4,False,2,5,29,5
NewJersey4,LS1,Evening,Set1,Draw2,4,col4,Evening|Set1|Draw2|col4,B,own,1,2,1,2,4,2,6*,2,2,True,2,5,29,5
NewJersey4,LS1,Evening,Set1,Draw2,4,col4,Evening|Set1|Draw2|col4,B,own,1,2,1,2,4,3,6*,2,2,True,2,5,29,5
NewJersey4,LS1,Evening,Set1,Draw2,4,col4,Evening|Set1|Draw2|col4,B,own,1,2,1,2,4,5,*,1,1,True,2,5,29,5
NewJersey4,LS1,Evening,Set1,Draw2,4,col4,Evening|Set1|Draw2|col4,B,combined,1,2,1,2,4,0,908867*,7,6,False,2,4,57,5
NewJersey4,LS1,Evening,Set1,Draw2,4,col4,Evening|Set1|Draw2|col4,B,combined,1,2,1,2,4,1,906*,4,4,False,2,4,57,5
NewJersey4,LS1,Evening,Set1,Draw2,4,col4,Evening|Set1|Draw2|col4,B,combined,1,2,1,2,4,2,6*,2,2,True,2,4,57,5
NewJersey4,LS1,Evening,Set1,Draw2,4,col4,Evening|Set1|Draw2|col4,B,combined,1,2,1,2,4,3,6*,2,2,True,2,4,57,5
NewJersey4,LS1,Evening,Set1,Draw2,4,col4,Evening|Set1|Draw2|col4,B,combined,1,2,1,2,4,4,*,1,1,True,2,4,57,5
NewJersey4,LS1,Evening,Set1,Draw2,4,col4,Evening|Set1|Draw2|col4,C,own,1,2,1,2,4,0,908867*,7,6,False,2,5,29,5
NewJersey4,LS1,Evening,Set1,Draw2,4,col4,Evening|Set1|Draw2|col4,C,own,1,2,1,2,4,1,906*,4,4,False,2,5,29,5
NewJersey4,LS1,Evening,Set1,Draw2,4,col4,Evening|Set1|Draw2|col4,C,own,1,2,1,2,4,2,6*,2,2,True,2,5,29,5
NewJersey4,LS1,Evening,Set1,Draw2,4,col4,Evening|Set1|Draw2|col4,C,own,1,2,1,2,4,3,6*,2,2,True,2,5,29,5
NewJersey4,LS1,Evening,Set1,Draw2,4,col4,Evening|Set1|Draw2|col4,C,own,1,2,1,2,4,5,*,1,1,True,2,5,29,5
NewJersey4,LS1,Evening,Set1,Draw2,4,col4,Evening|Set1|Draw2|col4,C,combined,1,2,1,2,4,0,908867*,7,6,False,2,4,57,5
NewJersey4,LS1,Evening,Set1,Draw2,4,col4,Evening|Set1|Draw2|col4,C,combined,1,2,1,2,4,1,906*,4,4,False,2,4,57,5
NewJersey4,LS1,Evening,Set1,Draw2,4,col4,Evening|Set1|Draw2|col4,C,combined,1,2,1,2,4,2,6*,2,2,True,2,4,57,5
NewJersey4,LS1,Evening,Set1,Draw2,4,col4,Evening|Set1|Draw2|col4,C,combined,1,2,1,2,4,3,6*,2,2,True,2,4,57,5
NewJersey4,LS1,Evening,Set1,Draw2,4,col4,Evening|Set1|Draw2|col4,C,combined,1,2,1,2,4,4,*,1,1,True,2,4,57,5
NewJersey4,LS1,Evening,Set1,Draw2,4,col4,Evening|Set1|Draw2|col4,D,own,1,2,1,2,4,0,908867*,7,6,False,2,5,29,5
NewJersey4,LS1,Evening,Set1,Draw2,4,col4,Evening|Set1|Draw2|col4,D,own,1,2,1,2,4,1,906*,4,4,False,2,5,29,5
NewJersey4,LS1,Evening,Set1,Draw2,4,col4,Evening|Set1|Draw2|col4,D,own,1,2,1,2,4,2,6*,2,2,True,2,5,29,5
NewJersey4,LS1,Evening,Set1,Draw2,4,col4,Evening|Set1|Draw2|col4,D,own,1,2,1,2,4,3,6*,2,2,True,2,5,29,5
NewJersey4,LS1,Evening,Set1,Draw2,4,col4,Evening|Set1|Draw2|col4,D,own,1,2,1,2,4,5,*,1,1,True,2,5,29,5
NewJersey4,LS1,Evening,Set1,Draw2,4,col4,Evening|Set1|Draw2|col4,D,combined,1,2,1,2,4,0,908867*,7,6,False,2,4,57,5
NewJersey4,LS1,Evening,Set1,Draw2,4,col4,Evening|Set1|Draw2|col4,D,combined,1,2,1,2,4,1,906*,4,4,False,2,4,57,5
NewJersey4,LS1,Evening,Set1,Draw2,4,col4,Evening|Set1|Draw2|col4,D,combined,1,2,1,2,4,2,6*,2,2,True,2,4,57,5
NewJersey4,LS1,Evening,Set1,Draw2,4,col4,Evening|Set1|Draw2|col4,D,combined,1,2,1,2,4,3,6*,2,2,True,2,4,57,5
NewJersey4,LS1,Evening,Set1,Draw2,4,col4,Evening|Set1|Draw2|col4,D,combined,1,2,1,2,4,4,*,1,1,True,2,4,57,5
NewJersey4,LS1,Evening,Set1,Draw2,4,col4,Evening|Set1|Draw2|col4,E,own,1,2,1,2,4,0,908867*,7,6,False,2,5,29,5
NewJersey4,LS1,Evening,Set1,Draw2,4,col4,Evening|Set1|Draw2|col4,E,own,1,2,1,2,4,1,906*,4,4,False,2,5,29,5
NewJersey4,LS1,Evening,Set1,Draw2,4,col4,Evening|Set1|Draw2|col4,E,own,1,2,1,2,4,2,6*,2,2,True,2,5,29,5
NewJersey4,LS1,Evening,Set1,Draw2,4,col4,Evening|Set1|Draw2|col4,E,own,1,2,1,2,4,3,6*,2,2,True,2,5,29,5
NewJersey4,LS1,Evening,Set1,Draw2,4,col4,Evening|Set1|Draw2|col4,E,own,1,2,1,2,4,5,*,1,1,True,2,5,29,5
NewJersey4,LS1,Evening,Set1,Draw2,4,col4,Evening|Set1|Draw2|col4,E,combined,1,2,1,2,4,0,908867*,7,6,False,2,4,57,5
NewJersey4,LS1,Evening,Set1,Draw2,4,col4,Evening|Set1|Draw2|col4,E,combined,1,2,1,2,4,1,906*,4,4,False,2,4,57,5
NewJersey4,LS1,Evening,Set1,Draw2,4,col4,Evening|Set1|Draw2|col4,E,combined,1,2,1,2,4,2,6*,2,2,True,2,4,57,5
NewJersey4,LS1,Evening,Set1,Draw2,4,col4,Evening|Set1|Draw2|col4,E,combined,1,2,1,2,4,3,6*,2,2,True,2,4,57,5
NewJersey4,LS1,Evening,Set1,Draw2,4,col4,Evening|Set1|Draw2|col4,E,combined,1,2,1,2,4,4,*,1,1,True,2,4,57,5
NewJersey4,LS1,Evening,Set1,Draw2,4,col4,Evening|Set1|Draw2|col4,T,own,1,2,1,2,4,0,908867*,7,6,False,2,6,29,5
NewJersey4,LS1,Evening,Set1,Draw2,4,col4,Evening|Set1|Draw2|col4,T,own,1,2,1,2,4,1,906*,4,4,False,2,6,29,5
NewJersey4,LS1,Evening,Set1,Draw2,4,col4,Evening|Set1|Draw2|col4,T,own,1,2,1,2,4,2,96*,3,3,True,2,6,29,5
NewJersey4,LS1,Evening,Set1,Draw2,4,col4,Evening|Set1|Draw2|col4,T,own,1,2,1,2,4,3,96*,3,3,True,2,6,29,5
NewJersey4,LS1,Evening,Set1,Draw2,4,col4,Evening|Set1|Draw2|col4,T,own,1,2,1,2,4,6,*,1,1,True,2,6,29,5
NewJersey4,LS1,Evening,Set1,Draw2,4,col4,Evening|Set1|Draw2|col4,T,combined,1,2,1,2,4,0,908867*,7,6,False,2,11,57,7
NewJersey4,LS1,Evening,Set1,Draw2,4,col4,Evening|Set1|Draw2|col4,T,combined,1,2,1,2,4,1,906*,4,4,False,2,11,57,7
NewJersey4,LS1,Evening,Set1,Draw2,4,col4,Evening|Set1|Draw2|col4,T,combined,1,2,1,2,4,2,06*,3,3,True,2,11,57,7
NewJersey4,LS1,Evening,Set1,Draw2,4,col4,Evening|Set1|Draw2|col4,T,combined,1,2,1,2,4,3,06*,3,3,True,2,11,57,7
NewJersey4,LS1,Evening,Set1,Draw2,4,col4,Evening|Set1|Draw2|col4,T,combined,1,2,1,2,4,7,6*,2,2,True,2,11,57,7
NewJersey4,LS1,Evening,Set1,Draw2,4,col4,Evening|Set1|Draw2|col4,T,combined,1,2,1,2,4,8,6*,2,2,True,2,11,57,7
NewJersey4,LS1,Evening,Set1,Draw2,4,col4,Evening|Set1|Draw2|col4,T,combined,1,2,1,2,4,11,*,1,1,True,2,11,57,7
NewJersey4,LS1,Evening,Set1,Draw3,5,col5,Evening|Set1|Draw3|col5,A,own,1,2,1,3,5,0,59240088677,11,8,False,4,6,7,7
NewJersey4,LS1,Evening,Set1,Draw3,5,col5,Evening|Set1|Draw3|col5,A,own,1,2,1,3,5,1,5924006,7,6,False,4,6,7,7
NewJersey4,LS1,Evening,Set1,Draw3,5,col5,Evening|Set1|Draw3|col5,A,own,1,2,1,3,5,2,92006,5,4,False,4,6,7,7
NewJersey4,LS1,Evening,Set1,Draw3,5,col5,Evening|Set1|Draw3|col5,A,own,1,2,1,3,5,3,92006,5,4,False,4,6,7,7
NewJersey4,LS1,Evening,Set1,Draw3,5,col5,Evening|Set1|Draw3|col5,A,own,1,2,1,3,5,4,926,3,3,True,4,6,7,7
NewJersey4,LS1,Evening,Set1,Draw3,5,col5,Evening|Set1|Draw3|col5,A,own,1,2,1,3,5,5,926,3,3,True,4,6,7,7
NewJersey4,LS1,Evening,Set1,Draw3,5,col5,Evening|Set1|Draw3|col5,A,own,1,2,1,3,5,6,,0,0,False,4,6,7,7
NewJersey4,LS1,Evening,Set1,Draw3,5,col5,Evening|Set1|Draw3|col5,A,combined,1,2,1,3,5,0,59240088677,11,8,False,3,11,12,9
NewJersey4,LS1,Evening,Set1,Draw3,5,col5,Evening|Set1|Draw3|col5,A,combined,1,2,1,3,5,1,5924006,7,6,False,3,11,12,9
NewJersey4,LS1,Evening,Set1,Draw3,5,col5,Evening|Set1|Draw3|col5,A,combined,1,2,1,3,5,2,24006,5,4,False,3,11,12,9
NewJersey4,LS1,Evening,Set1,Draw3,5,col5,Evening|Set1|Draw3|col5,A,combined,1,2,1,3,5,3,2006,4,3,True,3,11,12,9
NewJersey4,LS1,Evening,Set1,Draw3,5,col5,Evening|Set1|Draw3|col5,A,combined,1,2,1,3,5,4,006,3,2,True,3,11,12,9
NewJersey4,LS1,Evening,Set1,Draw3,5,col5,Evening|Set1|Draw3|col5,A,combined,1,2,1,3,5,5,006,3,2,True,3,11,12,9
NewJersey4,LS1,Evening,Set1,Draw3,5,col5,Evening|Set1|Draw3|col5,A,combined,1,2,1,3,5,7,6,1,1,True,3,11,12,9
NewJersey4,LS1,Evening,Set1,Draw3,5,col5,Evening|Set1|Draw3|col5,A,combined,1,2,1,3,5,8,6,1,1,True,3,11,12,9
NewJersey4,LS1,Evening,Set1,Draw3,5,col5,Evening|Set1|Draw3|col5,A,combined,1,2,1,3,5,11,,0,0,False,3,11,12,9
NewJersey4,LS1,Evening,Set1,Draw3,5,col5,Evening|Set1|Draw3|col5,B,own,1,2,1,3,5,0,59240088677,11,8,False,2,5,6,6
NewJersey4,LS1,Evening,Set1,Draw3,5,col5,Evening|Set1|Draw3|col5,B,own,1,2,1,3,5,1,5924006,7,6,False,2,5,6,6
NewJersey4,LS1,Evening,Set1,Draw3,5,col5,Evening|Set1|Draw3|col5,B,own,1,2,1,3,5,2,926,3,3,True,2,5,6,6
NewJersey4,LS1,Evening,Set1,Draw3,5,col5,Evening|Set1|Draw3|col5,B,own,1,2,1,3,5,3,26,2,2,True,2,5,6,6
NewJersey4,LS1,Evening,Set1,Draw3,5,col5,Evening|Set1|Draw3|col5,B,own,1,2,1,3,5,4,6,1,1,True,2,5,6,6
NewJersey4,LS1,Evening,Set1,Draw3,5,col5,Evening|Set1|Draw3|col5,B,own,1,2,1,3,5,5,,0,0,False,2,5,6,6
NewJersey4,LS1,Evening,Set1,Draw3,5,col5,Evening|Set1|Draw3|col5,B,combined,1,2,1,3,5,0,59240088677,11,8,False,3,4,5,5
NewJersey4,LS1,Evening,Set1,Draw3,5,col5,Evening|Set1|Draw3|col5,B,combined,1,2,1,3,5,1,5924006,7,6,False,3,4,5,5
NewJersey4,LS1,Evening,Set1,Draw3,5,col5,Evening|Set1|Draw3|col5,B,combined,1,2,1,3,5,2,24006,5,4,False,3,4,5,5
NewJersey4,LS1,Evening,Set1,Draw3,5,col5,Evening|Set1|Draw3|col5,B,combined,1,2,1,3,5,3,26,2,2,True,3,4,5,5
NewJersey4,LS1,Evening,Set1,Draw3,5,col5,Evening|Set1|Draw3|col5,B,combined,1,2,1,3,5,4,,0,0,False,3,4,5,5
NewJersey4,LS1,Evening,Set1,Draw3,5,col5,Evening|Set1|Draw3|col5,C,own,1,2,1,3,5,0,59240088677,11,8,False,2,5,6,5
NewJersey4,LS1,Evening,Set1,Draw3,5,col5,Evening|Set1|Draw3|col5,C,own,1,2,1,3,5,1,594006,6,5,False,2,5,6,5
NewJersey4,LS1,Evening,Set1,Draw3,5,col5,Evening|Set1|Draw3|col5,C,own,1,2,1,3,5,2,6,1,1,True,2,5,6,5
NewJersey4,LS1,Evening,Set1,Draw3,5,col5,Evening|Set1|Draw3|col5,C,own,1,2,1,3,5,3,6,1,1,True,2,5,6,5
NewJersey4,LS1,Evening,Set1,Draw3,5,col5,Evening|Set1|Draw3|col5,C,own,1,2,1,3,5,5,,0,0,False,2,5,6,5
NewJersey4,LS1,Evening,Set1,Draw3,5,col5,Evening|Set1|Draw3|col5,C,combined,1,2,1,3,5,0,59240088677,11,8,False,2,4,5,5
NewJersey4,LS1,Evening,Set1,Draw3,5,col5,Evening|Set1|Draw3|col5,C,combined,1,2,1,3,5,1,594006,6,5,False,2,4,5,5
NewJersey4,LS1,Evening,Set1,Draw3,5,col5,Evening|Set1|Draw3|col5,C,combined,1,2,1,3,5,2,6,1,1,True,2,4,5,5
NewJersey4,LS1,Evening,Set1,Draw3,5,col5,Evening|Set1|Draw3|col5,C,combined,1,2,1,3,5,3,6,1,1,True,2,4,5,5
NewJersey4,LS1,Evening,Set1,Draw3,5,col5,Evening|Set1|Draw3|col5,C,combined,1,2,1,3,5,4,,0,0,False,2,4,5,5
NewJersey4,LS1,Evening,Set1,Draw3,5,col5,Evening|Set1|Draw3|col5,D,own,1,2,1,3,5,0,59240088677,11,8,False,2,5,6,5
NewJersey4,LS1,Evening,Set1,Draw3,5,col5,Evening|Set1|Draw3|col5,D,own,1,2,1,3,5,1,594006,6,5,False,2,5,6,5
NewJersey4,LS1,Evening,Set1,Draw3,5,col5,Evening|Set1|Draw3|col5,D,own,1,2,1,3,5,2,6,1,1,True,2,5,6,5
NewJersey4,LS1,Evening,Set1,Draw3,5,col5,Evening|Set1|Draw3|col5,D,own,1,2,1,3,5,3,6,1,1,True,2,5,6,5
NewJersey4,LS1,Evening,Set1,Draw3,5,col5,Evening|Set1|Draw3|col5,D,own,1,2,1,3,5,5,,0,0,False,2,5,6,5
NewJersey4,LS1,Evening,Set1,Draw3,5,col5,Evening|Set1|Draw3|col5,D,combined,1,2,1,3,5,0,59240088677,11,8,False,2,4,5,5
NewJersey4,LS1,Evening,Set1,Draw3,5,col5,Evening|Set1|Draw3|col5,D,combined,1,2,1,3,5,1,594006,6,5,False,2,4,5,5
NewJersey4,LS1,Evening,Set1,Draw3,5,col5,Evening|Set1|Draw3|col5,D,combined,1,2,1,3,5,2,06,2,2,True,2,4,5,5
NewJersey4,LS1,Evening,Set1,Draw3,5,col5,Evening|Set1|Draw3|col5,D,combined,1,2,1,3,5,3,6,1,1,True,2,4,5,5
NewJersey4,LS1,Evening,Set1,Draw3,5,col5,Evening|Set1|Draw3|col5,D,combined,1,2,1,3,5,4,,0,0,False,2,4,5,5
NewJersey4,LS1,Evening,Set1,Draw3,5,col5,Evening|Set1|Draw3|col5,E,own,1,2,1,3,5,0,59240088677,11,8,False,3,6,7,7
NewJersey4,LS1,Evening,Set1,Draw3,5,col5,Evening|Set1|Draw3|col5,E,own,1,2,1,3,5,1,59240067,8,7,False,3,6,7,7
NewJersey4,LS1,Evening,Set1,Draw3,5,col5,Evening|Set1|Draw3|col5,E,own,1,2,1,3,5,2,92067,5,5,False,3,6,7,7
NewJersey4,LS1,Evening,Set1,Draw3,5,col5,Evening|Set1|Draw3|col5,E,own,1,2,1,3,5,3,267,3,3,True,3,6,7,7
NewJersey4,LS1,Evening,Set1,Draw3,5,col5,Evening|Set1|Draw3|col5,E,own,1,2,1,3,5,4,26,2,2,True,3,6,7,7
NewJersey4,LS1,Evening,Set1,Draw3,5,col5,Evening|Set1|Draw3|col5,E,own,1,2,1,3,5,5,2,1,1,True,3,6,7,7
NewJersey4,LS1,Evening,Set1,Draw3,5,col5,Evening|Set1|Draw3|col5,E,own,1,2,1,3,5,6,,0,0,False,3,6,7,7
NewJersey4,LS1,Evening,Set1,Draw3,5,col5,Evening|Set1|Draw3|col5,E,combined,1,2,1,3,5,0,59240088677,11,8,False,3,7,8,7
NewJersey4,LS1,Evening,Set1,Draw3,5,col5,Evening|Set1|Draw3|col5,E,combined,1,2,1,3,5,1,59240067,8,7,False,3,7,8,7
NewJersey4,LS1,Evening,Set1,Draw3,5,col5,Evening|Set1|Draw3|col5,E,combined,1,2,1,3,5,2,240067,6,5,False,3,7,8,7
NewJersey4,LS1,Evening,Set1,Draw3,5,col5,Evening|Set1|Draw3|col5,E,combined,1,2,1,3,5,3,267,3,3,True,3,7,8,7
NewJersey4,LS1,Evening,Set1,Draw3,5,col5,Evening|Set1|Draw3|col5,E,combined,1,2,1,3,5,4,7,1,1,True,3,7,8,7
NewJersey4,LS1,Evening,Set1,Draw3,5,col5,Evening|Set1|Draw3|col5,E,combined,1,2,1,3,5,5,7,1,1,True,3,7,8,7
NewJersey4,LS1,Evening,Set1,Draw3,5,col5,Evening|Set1|Draw3|col5,E,combined,1,2,1,3,5,7,,0,0,False,3,7,8,7
NewJersey4,LS1,Evening,Set1,Draw3,5,col5,Evening|Set1|Draw3|col5,T,own,1,2,1,3,5,0,59240088677,11,8,False,2,6,7,5
NewJersey4,LS1,Evening,Set1,Draw3,5,col5,Evening|Set1|Draw3|col5,T,own,1,2,1,3,5,1,594006,6,5,False,2,6,7,5
NewJersey4,LS1,Evening,Set1,Draw3,5,col5,Evening|Set1|Draw3|col5,T,own,1,2,1,3,5,2,96,2,2,True,2,6,7,5
NewJersey4,LS1,Evening,Set1,Draw3,5,col5,Evening|Set1|Draw3|col5,T,own,1,2,1,3,5,3,96,2,2,True,2,6,7,5
NewJersey4,LS1,Evening,Set1,Draw3,5,col5,Evening|Set1|Draw3|col5,T,own,1,2,1,3,5,6,,0,0,False,2,6,7,5
NewJersey4,LS1,Evening,Set1,Draw3,5,col5,Evening|Set1|Draw3|col5,T,combined,1,2,1,3,5,0,59240088677,11,8,False,2,11,12,7
NewJersey4,LS1,Evening,Set1,Draw3,5,col5,Evening|Set1|Draw3|col5,T,combined,1,2,1,3,5,1,594006,6,5,False,2,11,12,7
NewJersey4,LS1,Evening,Set1,Draw3,5,col5,Evening|Set1|Draw3|col5,T,combined,1,2,1,3,5,2,006,3,2,True,2,11,12,7
NewJersey4,LS1,Evening,Set1,Draw3,5,col5,Evening|Set1|Draw3|col5,T,combined,1,2,1,3,5,3,006,3,2,True,2,11,12,7
NewJersey4,LS1,Evening,Set1,Draw3,5,col5,Evening|Set1|Draw3|col5,T,combined,1,2,1,3,5,7,6,1,1,True,2,11,12,7
NewJersey4,LS1,Evening,Set1,Draw3,5,col5,Evening|Set1|Draw3|col5,T,combined,1,2,1,3,5,8,6,1,1,True,2,11,12,7
NewJersey4,LS1,Evening,Set1,Draw3,5,col5,Evening|Set1|Draw3|col5,T,combined,1,2,1,3,5,11,,0,0,False,2,11,12,7
NewJersey4,LS1,Evening,Set1,Draw3,4,col4,Evening|Set1|Draw3|col4,A,own,1,2,1,3,4,0,59208867,8,7,False,4,6,7,7
NewJersey4,LS1,Evening,Set1,Draw3,4,col4,Evening|Set1|Draw3|col4,A,own,1,2,1,3,4,1,59206,5,5,False,4,6,7,7
NewJersey4,LS1,Evening,Set1,Draw3,4,col4,Evening|Set1|Draw3|col4,A,own,1,2,1,3,4,2,9206,4,4,False,4,6,7,7
NewJersey4,LS1,Evening,Set1,Draw3,4,col4,Evening|Set1|Draw3|col4,A,own,1,2,1,3,4,3,9206,4,4,False,4,6,7,7
NewJersey4,LS1,Evening,Set1,Draw3,4,col4,Evening|Set1|Draw3|col4,A,own,1,2,1,3,4,4,926,3,3,True,4,6,7,7
NewJersey4,LS1,Evening,Set1,Draw3,4,col4,Evening|Set1|Draw3|col4,A,own,1,2,1,3,4,5,926,3,3,True,4,6,7,7
NewJersey4,LS1,Evening,Set1,Draw3,4,col4,Evening|Set1|Draw3|col4,A,own,1,2,1,3,4,6,,0,0,False,4,6,7,7
NewJersey4,LS1,Evening,Set1,Draw3,4,col4,Evening|Set1|Draw3|col4,A,combined,1,2,1,3,4,0,59208867,8,7,False,2,11,12,9
NewJersey4,LS1,Evening,Set1,Draw3,4,col4,Evening|Set1|Draw3|col4,A,combined,1,2,1,3,4,1,59206,5,5,False,2,11,12,9
NewJersey4,LS1,Evening,Set1,Draw3,4,col4,Evening|Set1|Draw3|col4,A,combined,1,2,1,3,4,2,206,3,3,True,2,11,12,9
NewJersey4,LS1,Evening,Set1,Draw3,4,col4,Evening|Set1|Draw3|col4,A,combined,1,2,1,3,4,3,206,3,3,True,2,11,12,9
NewJersey4,LS1,Evening,Set1,Draw3,4,col4,Evening|Set1|Draw3|col4,A,combined,1,2,1,3,4,4,06,2,2,True,2,11,12,9
NewJersey4,LS1,Evening,Set1,Draw3,4,col4,Evening|Set1|Draw3|col4,A,combined,1,2,1,3,4,5,06,2,2,True,2,11,12,9
NewJersey4,LS1,Evening,Set1,Draw3,4,col4,Evening|Set1|Draw3|col4,A,combined,1,2,1,3,4,7,6,1,1,True,2,11,12,9
NewJersey4,LS1,Evening,Set1,Draw3,4,col4,Evening|Set1|Draw3|col4,A,combined,1,2,1,3,4,8,6,1,1,True,2,11,12,9
NewJersey4,LS1,Evening,Set1,Draw3,4,col4,Evening|Set1|Draw3|col4,A,combined,1,2,1,3,4,11,,0,0,False,2,11,12,9
NewJersey4,LS1,Evening,Set1,Draw3,4,col4,Evening|Set1|Draw3|col4,B,own,1,2,1,3,4,0,59208867,8,7,False,2,5,6,6
NewJersey4,LS1,Evening,Set1,Draw3,4,col4,Evening|Set1|Draw3|col4,B,own,1,2,1,3,4,1,59206,5,5,False,2,5,6,6
NewJersey4,LS1,Evening,Set1,Draw3,4,col4,Evening|Set1|Draw3|col4,B,own,1,2,1,3,4,2,26,2,2,True,2,5,6,6
NewJersey4,LS1,Evening,Set1,Draw3,4,col4,Evening|Set1|Draw3|col4,B,own,1,2,1,3,4,3,26,2,2,True,2,5,6,6
NewJersey4,LS1,Evening,Set1,Draw3,4,col4,Evening|Set1|Draw3|col4,B,own,1,2,1,3,4,4,6,1,1,True,2,5,6,6
NewJersey4,LS1,Evening,Set1,Draw3,4,col4,Evening|Set1|Draw3|col4,B,own,1,2,1,3,4,5,,0,0,False,2,5,6,6
NewJersey4,LS1,Evening,Set1,Draw3,4,col4,Evening|Set1|Draw3|col4,B,combined,1,2,1,3,4,0,59208867,8,7,False,2,4,5,5
NewJersey4,LS1,Evening,Set1,Draw3,4,col4,Evening|Set1|Draw3|col4,B,combined,1,2,1,3,4,1,59206,5,5,False,2,4,5,5
NewJersey4,LS1,Evening,Set1,Draw3,4,col4,Evening|Set1|Draw3|col4,B,combined,1,2,1,3,4,2,206,3,3,True,2,4,5,5
NewJersey4,LS1,Evening,Set1,Draw3,4,col4,Evening|Set1|Draw3|col4,B,combined,1,2,1,3,4,3,26,2,2,True,2,4,5,5
NewJersey4,LS1,Evening,Set1,Draw3,4,col4,Evening|Set1|Draw3|col4,B,combined,1,2,1,3,4,4,,0,0,False,2,4,5,5
NewJersey4,LS1,Evening,Set1,Draw3,4,col4,Evening|Set1|Draw3|col4,C,own,1,2,1,3,4,0,59208867,8,7,False,2,5,6,5
NewJersey4,LS1,Evening,Set1,Draw3,4,col4,Evening|Set1|Draw3|col4,C,own,1,2,1,3,4,1,5906,4,4,False,2,5,6,5
NewJersey4,LS1,Evening,Set1,Draw3,4,col4,Evening|Set1|Draw3|col4,C,own,1,2,1,3,4,2,6,1,1,True,2,5,6,5
NewJersey4,LS1,Evening,Set1,Draw3,4,col4,Evening|Set1|Draw3|col4,C,own,1,2,1,3,4,3,6,1,1,True,2,5,6,5
NewJersey4,LS1,Evening,Set1,Draw3,4,col4,Evening|Set1|Draw3|col4,C,own,1,2,1,3,4,5,,0,0,False,2,5,6,5
NewJersey4,LS1,Evening,Set1,Draw3,4,col4,Evening|Set1|Draw3|col4,C,combined,1,2,1,3,4,0,59208867,8,7,False,2,4,5,5
NewJersey4,LS1,Evening,Set1,Draw3,4,col4,Evening|Set1|Draw3|col4,C,combined,1,2,1,3,4,1,5906,4,4,False,2,4,5,5
NewJersey4,LS1,Evening,Set1,Draw3,4,col4,Evening|Set1|Draw3|col4,C,combined,1,2,1,3,4,2,6,1,1,True,2,4,5,5
NewJersey4,LS1,Evening,Set1,Draw3,4,col4,Evening|Set1|Draw3|col4,C,combined,1,2,1,3,4,3,6,1,1,True,2,4,5,5
NewJersey4,LS1,Evening,Set1,Draw3,4,col4,Evening|Set1|Draw3|col4,C,combined,1,2,1,3,4,4,,0,0,False,2,4,5,5
NewJersey4,LS1,Evening,Set1,Draw3,4,col4,Evening|Set1|Draw3|col4,D,own,1,2,1,3,4,0,59208867,8,7,False,2,5,6,5
NewJersey4,LS1,Evening,Set1,Draw3,4,col4,Evening|Set1|Draw3|col4,D,own,1,2,1,3,4,1,5906,4,4,False,2,5,6,5
NewJersey4,LS1,Evening,Set1,Draw3,4,col4,Evening|Set1|Draw3|col4,D,own,1,2,1,3,4,2,6,1,1,True,2,5,6,5
NewJersey4,LS1,Evening,Set1,Draw3,4,col4,Evening|Set1|Draw3|col4,D,own,1,2,1,3,4,3,6,1,1,True,2,5,6,5
NewJersey4,LS1,Evening,Set1,Draw3,4,col4,Evening|Set1|Draw3|col4,D,own,1,2,1,3,4,5,,0,0,False,2,5,6,5
NewJersey4,LS1,Evening,Set1,Draw3,4,col4,Evening|Set1|Draw3|col4,D,combined,1,2,1,3,4,0,59208867,8,7,False,2,4,5,5
NewJersey4,LS1,Evening,Set1,Draw3,4,col4,Evening|Set1|Draw3|col4,D,combined,1,2,1,3,4,1,5906,4,4,False,2,4,5,5
NewJersey4,LS1,Evening,Set1,Draw3,4,col4,Evening|Set1|Draw3|col4,D,combined,1,2,1,3,4,2,6,1,1,True,2,4,5,5
NewJersey4,LS1,Evening,Set1,Draw3,4,col4,Evening|Set1|Draw3|col4,D,combined,1,2,1,3,4,3,6,1,1,True,2,4,5,5
NewJersey4,LS1,Evening,Set1,Draw3,4,col4,Evening|Set1|Draw3|col4,D,combined,1,2,1,3,4,4,,0,0,False,2,4,5,5
NewJersey4,LS1,Evening,Set1,Draw3,4,col4,Evening|Set1|Draw3|col4,E,own,1,2,1,3,4,0,59208867,8,7,False,2,5,6,6
NewJersey4,LS1,Evening,Set1,Draw3,4,col4,Evening|Set1|Draw3|col4,E,own,1,2,1,3,4,1,59206,5,5,False,2,5,6,6
NewJersey4,LS1,Evening,Set1,Draw3,4,col4,Evening|Set1|Draw3|col4,E,own,1,2,1,3,4,2,26,2,2,True,2,5,6,6
NewJersey4,LS1,Evening,Set1,Draw3,4,col4,Evening|Set1|Draw3|col4,E,own,1,2,1,3,4,3,26,2,2,True,2,5,6,6
NewJersey4,LS1,Evening,Set1,Draw3,4,col4,Evening|Set1|Draw3|col4,E,own,1,2,1,3,4,4,6,1,1,True,2,5,6,6
NewJersey4,LS1,Evening,Set1,Draw3,4,col4,Evening|Set1|Draw3|col4,E,own,1,2,1,3,4,5,,0,0,False,2,5,6,6
NewJersey4,LS1,Evening,Set1,Draw3,4,col4,Evening|Set1|Draw3|col4,E,combined,1,2,1,3,4,0,59208867,8,7,False,2,4,5,5
NewJersey4,LS1,Evening,Set1,Draw3,4,col4,Evening|Set1|Draw3|col4,E,combined,1,2,1,3,4,1,59206,5,5,False,2,4,5,5
NewJersey4,LS1,Evening,Set1,Draw3,4,col4,Evening|Set1|Draw3|col4,E,combined,1,2,1,3,4,2,206,3,3,True,2,4,5,5
NewJersey4,LS1,Evening,Set1,Draw3,4,col4,Evening|Set1|Draw3|col4,E,combined,1,2,1,3,4,3,26,2,2,True,2,4,5,5
NewJersey4,LS1,Evening,Set1,Draw3,4,col4,Evening|Set1|Draw3|col4,E,combined,1,2,1,3,4,4,,0,0,False,2,4,5,5
NewJersey4,LS1,Evening,Set1,Draw3,4,col4,Evening|Set1|Draw3|col4,T,own,1,2,1,3,4,0,59208867,8,7,False,2,6,7,7
NewJersey4,LS1,Evening,Set1,Draw3,4,col4,Evening|Set1|Draw3|col4,T,own,1,2,1,3,4,1,5906,4,4,False,2,6,7,7
NewJersey4,LS1,Evening,Set1,Draw3,4,col4,Evening|Set1|Draw3|col4,T,own,1,2,1,3,4,2,906,3,3,True,2,6,7,7
NewJersey4,LS1,Evening,Set1,Draw3,4,col4,Evening|Set1|Draw3|col4,T,own,1,2,1,3,4,3,906,3,3,True,2,6,7,7
NewJersey4,LS1,Evening,Set1,Draw3,4,col4,Evening|Set1|Draw3|col4,T,own,1,2,1,3,4,4,96,2,2,True,2,6,7,7
NewJersey4,LS1,Evening,Set1,Draw3,4,col4,Evening|Set1|Draw3|col4,T,own,1,2,1,3,4,5,96,2,2,True,2,6,7,7
NewJersey4,LS1,Evening,Set1,Draw3,4,col4,Evening|Set1|Draw3|col4,T,own,1,2,1,3,4,6,,0,0,False,2,6,7,7
NewJersey4,LS1,Evening,Set1,Draw3,4,col4,Evening|Set1|Draw3|col4,T,combined,1,2,1,3,4,0,59208867,8,7,False,2,11,12,7
NewJersey4,LS1,Evening,Set1,Draw3,4,col4,Evening|Set1|Draw3|col4,T,combined,1,2,1,3,4,1,5906,4,4,False,2,11,12,7
NewJersey4,LS1,Evening,Set1,Draw3,4,col4,Evening|Set1|Draw3|col4,T,combined,1,2,1,3,4,2,06,2,2,True,2,11,12,7
NewJersey4,LS1,Evening,Set1,Draw3,4,col4,Evening|Set1|Draw3|col4,T,combined,1,2,1,3,4,3,06,2,2,True,2,11,12,7
NewJersey4,LS1,Evening,Set1,Draw3,4,col4,Evening|Set1|Draw3|col4,T,combined,1,2,1,3,4,7,6,1,1,True,2,11,12,7
NewJersey4,LS1,Evening,Set1,Draw3,4,col4,Evening|Set1|Draw3|col4,T,combined,1,2,1,3,4,8,6,1,1,True,2,11,12,7
NewJersey4,LS1,Evening,Set1,Draw3,4,col4,Evening|Set1|Draw3|col4,T,combined,1,2,1,3,4,11,,0,0,False,2,11,12,7
NewJersey4,LS1,Evening,Set1,Draw3,3,col3,Evening|Set1|Draw3|col3,A,own,1,2,1,3,3,0,9208867*,8,7,False,6,6,29,7
NewJersey4,LS1,Evening,Set1,Draw3,3,col3,Evening|Set1|Draw3|col3,A,own,1,2,1,3,3,1,9206*,5,5,False,6,6,29,7
NewJersey4,LS1,Evening,Set1,Draw3,3,col3,Evening|Set1|Draw3|col3,A,own,1,2,1,3,3,2,9206*,5,5,False,6,6,29,7
NewJersey4,LS1,Evening,Set1,Draw3,3,col3,Evening|Set1|Draw3|col3,A,own,1,2,1,3,3,3,9206*,5,5,False,6,6,29,7
NewJersey4,LS1,Evening,Set1,Draw3,3,col3,Evening|Set1|Draw3|col3,A,own,1,2,1,3,3,4,926*,4,4,False,6,6,29,7
NewJersey4,LS1,Evening,Set1,Draw3,3,col3,Evening|Set1|Draw3|col3,A,own,1,2,1,3,3,5,926*,4,4,False,6,6,29,7
NewJersey4,LS1,Evening,Set1,Draw3,3,col3,Evening|Set1|Draw3|col3,A,own,1,2,1,3,3,6,*,1,1,True,6,6,29,7
NewJersey4,LS1,Evening,Set1,Draw3,3,col3,Evening|Set1|Draw3|col3,A,combined,1,2,1,3,3,0,9208867*,8,7,False,4,11,57,9
NewJersey4,LS1,Evening,Set1,Draw3,3,col3,Evening|Set1|Draw3|col3,A,combined,1,2,1,3,3,1,9206*,5,5,False,4,11,57,9
NewJersey4,LS1,Evening,Set1,Draw3,3,col3,Evening|Set1|Draw3|col3,A,combined,1,2,1,3,3,2,206*,4,4,False,4,11,57,9
NewJersey4,LS1,Evening,Set1,Draw3,3,col3,Evening|Set1|Draw3|col3,A,combined,1,2,1,3,3,3,206*,4,4,False,4,11,57,9
NewJersey4,LS1,Evening,Set1,Draw3,3,col3,Evening|Set1|Draw3|col3,A,combined,1,2,1,3,3,4,06*,3,3,True,4,11,57,9
NewJersey4,LS1,Evening,Set1,Draw3,3,col3,Evening|Set1|Draw3|col3,A,combined,1,2,1,3,3,5,06*,3,3,True,4,11,57,9
NewJersey4,LS1,Evening,Set1,Draw3,3,col3,Evening|Set1|Draw3|col3,A,combined,1,2,1,3,3,7,6*,2,2,True,4,11,57,9
NewJersey4,LS1,Evening,Set1,Draw3,3,col3,Evening|Set1|Draw3|col3,A,combined,1,2,1,3,3,8,6*,2,2,True,4,11,57,9
NewJersey4,LS1,Evening,Set1,Draw3,3,col3,Evening|Set1|Draw3|col3,A,combined,1,2,1,3,3,11,*,1,1,True,4,11,57,9
NewJersey4,LS1,Evening,Set1,Draw3,3,col3,Evening|Set1|Draw3|col3,B,own,1,2,1,3,3,0,9208867*,8,7,False,2,5,29,6
NewJersey4,LS1,Evening,Set1,Draw3,3,col3,Evening|Set1|Draw3|col3,B,own,1,2,1,3,3,1,9206*,5,5,False,2,5,29,6
NewJersey4,LS1,Evening,Set1,Draw3,3,col3,Evening|Set1|Draw3|col3,B,own,1,2,1,3,3,2,26*,3,3,True,2,5,29,6
NewJersey4,LS1,Evening,Set1,Draw3,3,col3,Evening|Set1|Draw3|col3,B,own,1,2,1,3,3,3,26*,3,3,True,2,5,29,6
NewJersey4,LS1,Evening,Set1,Draw3,3,col3,Evening|Set1|Draw3|col3,B,own,1,2,1,3,3,4,6*,2,2,True,2,5,29,6
NewJersey4,LS1,Evening,Set1,Draw3,3,col3,Evening|Set1|Draw3|col3,B,own,1,2,1,3,3,5,*,1,1,True,2,5,29,6
NewJersey4,LS1,Evening,Set1,Draw3,3,col3,Evening|Set1|Draw3|col3,B,combined,1,2,1,3,3,0,9208867*,8,7,False,2,4,57,5
NewJersey4,LS1,Evening,Set1,Draw3,3,col3,Evening|Set1|Draw3|col3,B,combined,1,2,1,3,3,1,9206*,5,5,False,2,4,57,5
NewJersey4,LS1,Evening,Set1,Draw3,3,col3,Evening|Set1|Draw3|col3,B,combined,1,2,1,3,3,2,26*,3,3,True,2,4,57,5
NewJersey4,LS1,Evening,Set1,Draw3,3,col3,Evening|Set1|Draw3|col3,B,combined,1,2,1,3,3,3,26*,3,3,True,2,4,57,5
NewJersey4,LS1,Evening,Set1,Draw3,3,col3,Evening|Set1|Draw3|col3,B,combined,1,2,1,3,3,4,*,1,1,True,2,4,57,5
NewJersey4,LS1,Evening,Set1,Draw3,3,col3,Evening|Set1|Draw3|col3,C,own,1,2,1,3,3,0,9208867*,8,7,False,2,5,29,5
NewJersey4,LS1,Evening,Set1,Draw3,3,col3,Evening|Set1|Draw3|col3,C,own,1,2,1,3,3,1,906*,4,4,False,2,5,29,5
NewJersey4,LS1,Evening,Set1,Draw3,3,col3,Evening|Set1|Draw3|col3,C,own,1,2,1,3,3,2,6*,2,2,True,2,5,29,5
NewJersey4,LS1,Evening,Set1,Draw3,3,col3,Evening|Set1|Draw3|col3,C,own,1,2,1,3,3,3,6*,2,2,True,2,5,29,5
NewJersey4,LS1,Evening,Set1,Draw3,3,col3,Evening|Set1|Draw3|col3,C,own,1,2,1,3,3,5,*,1,1,True,2,5,29,5
NewJersey4,LS1,Evening,Set1,Draw3,3,col3,Evening|Set1|Draw3|col3,C,combined,1,2,1,3,3,0,9208867*,8,7,False,2,4,57,5
NewJersey4,LS1,Evening,Set1,Draw3,3,col3,Evening|Set1|Draw3|col3,C,combined,1,2,1,3,3,1,906*,4,4,False,2,4,57,5
NewJersey4,LS1,Evening,Set1,Draw3,3,col3,Evening|Set1|Draw3|col3,C,combined,1,2,1,3,3,2,6*,2,2,True,2,4,57,5
NewJersey4,LS1,Evening,Set1,Draw3,3,col3,Evening|Set1|Draw3|col3,C,combined,1,2,1,3,3,3,6*,2,2,True,2,4,57,5
NewJersey4,LS1,Evening,Set1,Draw3,3,col3,Evening|Set1|Draw3|col3,C,combined,1,2,1,3,3,4,*,1,1,True,2,4,57,5
NewJersey4,LS1,Evening,Set1,Draw3,3,col3,Evening|Set1|Draw3|col3,D,own,1,2,1,3,3,0,9208867*,8,7,False,2,5,29,5
NewJersey4,LS1,Evening,Set1,Draw3,3,col3,Evening|Set1|Draw3|col3,D,own,1,2,1,3,3,1,906*,4,4,False,2,5,29,5
NewJersey4,LS1,Evening,Set1,Draw3,3,col3,Evening|Set1|Draw3|col3,D,own,1,2,1,3,3,2,6*,2,2,True,2,5,29,5
NewJersey4,LS1,Evening,Set1,Draw3,3,col3,Evening|Set1|Draw3|col3,D,own,1,2,1,3,3,3,6*,2,2,True,2,5,29,5
NewJersey4,LS1,Evening,Set1,Draw3,3,col3,Evening|Set1|Draw3|col3,D,own,1,2,1,3,3,5,*,1,1,True,2,5,29,5
NewJersey4,LS1,Evening,Set1,Draw3,3,col3,Evening|Set1|Draw3|col3,D,combined,1,2,1,3,3,0,9208867*,8,7,False,2,4,57,5
NewJersey4,LS1,Evening,Set1,Draw3,3,col3,Evening|Set1|Draw3|col3,D,combined,1,2,1,3,3,1,906*,4,4,False,2,4,57,5
NewJersey4,LS1,Evening,Set1,Draw3,3,col3,Evening|Set1|Draw3|col3,D,combined,1,2,1,3,3,2,6*,2,2,True,2,4,57,5
NewJersey4,LS1,Evening,Set1,Draw3,3,col3,Evening|Set1|Draw3|col3,D,combined,1,2,1,3,3,3,6*,2,2,True,2,4,57,5
NewJersey4,LS1,Evening,Set1,Draw3,3,col3,Evening|Set1|Draw3|col3,D,combined,1,2,1,3,3,4,*,1,1,True,2,4,57,5
NewJersey4,LS1,Evening,Set1,Draw3,3,col3,Evening|Set1|Draw3|col3,E,own,1,2,1,3,3,0,9208867*,8,7,False,2,5,29,6
NewJersey4,LS1,Evening,Set1,Draw3,3,col3,Evening|Set1|Draw3|col3,E,own,1,2,1,3,3,1,9206*,5,5,False,2,5,29,6
NewJersey4,LS1,Evening,Set1,Draw3,3,col3,Evening|Set1|Draw3|col3,E,own,1,2,1,3,3,2,26*,3,3,True,2,5,29,6
NewJersey4,LS1,Evening,Set1,Draw3,3,col3,Evening|Set1|Draw3|col3,E,own,1,2,1,3,3,3,26*,3,3,True,2,5,29,6
NewJersey4,LS1,Evening,Set1,Draw3,3,col3,Evening|Set1|Draw3|col3,E,own,1,2,1,3,3,4,6*,2,2,True,2,5,29,6
NewJersey4,LS1,Evening,Set1,Draw3,3,col3,Evening|Set1|Draw3|col3,E,own,1,2,1,3,3,5,*,1,1,True,2,5,29,6
NewJersey4,LS1,Evening,Set1,Draw3,3,col3,Evening|Set1|Draw3|col3,E,combined,1,2,1,3,3,0,9208867*,8,7,False,2,4,57,5
NewJersey4,LS1,Evening,Set1,Draw3,3,col3,Evening|Set1|Draw3|col3,E,combined,1,2,1,3,3,1,9206*,5,5,False,2,4,57,5
NewJersey4,LS1,Evening,Set1,Draw3,3,col3,Evening|Set1|Draw3|col3,E,combined,1,2,1,3,3,2,26*,3,3,True,2,4,57,5
NewJersey4,LS1,Evening,Set1,Draw3,3,col3,Evening|Set1|Draw3|col3,E,combined,1,2,1,3,3,3,26*,3,3,True,2,4,57,5
NewJersey4,LS1,Evening,Set1,Draw3,3,col3,Evening|Set1|Draw3|col3,E,combined,1,2,1,3,3,4,*,1,1,True,2,4,57,5
NewJersey4,LS1,Evening,Set1,Draw3,3,col3,Evening|Set1|Draw3|col3,T,own,1,2,1,3,3,0,9208867*,8,7,False,2,6,29,5
NewJersey4,LS1,Evening,Set1,Draw3,3,col3,Evening|Set1|Draw3|col3,T,own,1,2,1,3,3,1,906*,4,4,False,2,6,29,5
NewJersey4,LS1,Evening,Set1,Draw3,3,col3,Evening|Set1|Draw3|col3,T,own,1,2,1,3,3,2,96*,3,3,True,2,6,29,5
NewJersey4,LS1,Evening,Set1,Draw3,3,col3,Evening|Set1|Draw3|col3,T,own,1,2,1,3,3,3,96*,3,3,True,2,6,29,5
NewJersey4,LS1,Evening,Set1,Draw3,3,col3,Evening|Set1|Draw3|col3,T,own,1,2,1,3,3,6,*,1,1,True,2,6,29,5
NewJersey4,LS1,Evening,Set1,Draw3,3,col3,Evening|Set1|Draw3|col3,T,combined,1,2,1,3,3,0,9208867*,8,7,False,2,11,57,7
NewJersey4,LS1,Evening,Set1,Draw3,3,col3,Evening|Set1|Draw3|col3,T,combined,1,2,1,3,3,1,906*,4,4,False,2,11,57,7
NewJersey4,LS1,Evening,Set1,Draw3,3,col3,Evening|Set1|Draw3|col3,T,combined,1,2,1,3,3,2,06*,3,3,True,2,11,57,7
NewJersey4,LS1,Evening,Set1,Draw3,3,col3,Evening|Set1|Draw3|col3,T,combined,1,2,1,3,3,3,06*,3,3,True,2,11,57,7
NewJersey4,LS1,Evening,Set1,Draw3,3,col3,Evening|Set1|Draw3|col3,T,combined,1,2,1,3,3,7,6*,2,2,True,2,11,57,7
NewJersey4,LS1,Evening,Set1,Draw3,3,col3,Evening|Set1|Draw3|col3,T,combined,1,2,1,3,3,8,6*,2,2,True,2,11,57,7
NewJersey4,LS1,Evening,Set1,Draw3,3,col3,Evening|Set1|Draw3|col3,T,combined,1,2,1,3,3,11,*,1,1,True,2,11,57,7
NewJersey4,LS1,Evening,Set1,Draw3,2,col2,Evening|Set1|Draw3|col2,A,own,1,2,1,3,2,0,9208867**,9,7,False,6,6,29,7
NewJersey4,LS1,Evening,Set1,Draw3,2,col2,Evening|Set1|Draw3|col2,A,own,1,2,1,3,2,1,9206**,6,5,False,6,6,29,7
NewJersey4,LS1,Evening,Set1,Draw3,2,col2,Evening|Set1|Draw3|col2,A,own,1,2,1,3,2,2,9206**,6,5,False,6,6,29,7
NewJersey4,LS1,Evening,Set1,Draw3,2,col2,Evening|Set1|Draw3|col2,A,own,1,2,1,3,2,3,9206**,6,5,False,6,6,29,7
NewJersey4,LS1,Evening,Set1,Draw3,2,col2,Evening|Set1|Draw3|col2,A,own,1,2,1,3,2,4,926**,5,4,False,6,6,29,7
NewJersey4,LS1,Evening,Set1,Draw3,2,col2,Evening|Set1|Draw3|col2,A,own,1,2,1,3,2,5,926**,5,4,False,6,6,29,7
NewJersey4,LS1,Evening,Set1,Draw3,2,col2,Evening|Set1|Draw3|col2,A,own,1,2,1,3,2,6,**,2,1,True,6,6,29,7
NewJersey4,LS1,Evening,Set1,Draw3,2,col2,Evening|Set1|Draw3|col2,A,combined,1,2,1,3,2,0,9208867**,9,7,False,4,11,57,10
NewJersey4,LS1,Evening,Set1,Draw3,2,col2,Evening|Set1|Draw3|col2,A,combined,1,2,1,3,2,1,9206**,6,5,False,4,11,57,10
NewJersey4,LS1,Evening,Set1,Draw3,2,col2,Evening|Set1|Draw3|col2,A,combined,1,2,1,3,2,2,206**,5,4,False,4,11,57,10
NewJersey4,LS1,Evening,Set1,Draw3,2,col2,Evening|Set1|Draw3|col2,A,combined,1,2,1,3,2,3,206**,5,4,False,4,11,57,10
NewJersey4,LS1,Evening,Set1,Draw3,2,col2,Evening|Set1|Draw3|col2,A,combined,1,2,1,3,2,4,06**,4,3,True,4,11,57,10
NewJersey4,LS1,Evening,Set1,Draw3,2,col2,Evening|Set1|Draw3|col2,A,combined,1,2,1,3,2,5,06**,4,3,True,4,11,57,10
NewJersey4,LS1,Evening,Set1,Draw3,2,col2,Evening|Set1|Draw3|col2,A,combined,1,2,1,3,2,6,06**,4,3,True,4,11,57,10
NewJersey4,LS1,Evening,Set1,Draw3,2,col2,Evening|Set1|Draw3|col2,A,combined,1,2,1,3,2,7,6**,3,2,True,4,11,57,10
NewJersey4,LS1,Evening,Set1,Draw3,2,col2,Evening|Set1|Draw3|col2,A,combined,1,2,1,3,2,8,6**,3,2,True,4,11,57,10
NewJersey4,LS1,Evening,Set1,Draw3,2,col2,Evening|Set1|Draw3|col2,A,combined,1,2,1,3,2,11,**,2,1,True,4,11,57,10
NewJersey4,LS1,Evening,Set1,Draw3,2,col2,Evening|Set1|Draw3|col2,B,own,1,2,1,3,2,0,9208867**,9,7,False,2,5,29,6
NewJersey4,LS1,Evening,Set1,Draw3,2,col2,Evening|Set1|Draw3|col2,B,own,1,2,1,3,2,1,9206**,6,5,False,2,5,29,6
NewJersey4,LS1,Evening,Set1,Draw3,2,col2,Evening|Set1|Draw3|col2,B,own,1,2,1,3,2,2,26**,4,3,True,2,5,29,6
NewJersey4,LS1,Evening,Set1,Draw3,2,col2,Evening|Set1|Draw3|col2,B,own,1,2,1,3,2,3,26**,4,3,True,2,5,29,6
NewJersey4,LS1,Evening,Set1,Draw3,2,col2,Evening|Set1|Draw3|col2,B,own,1,2,1,3,2,4,6**,3,2,True,2,5,29,6
NewJersey4,LS1,Evening,Set1,Draw3,2,col2,Evening|Set1|Draw3|col2,B,own,1,2,1,3,2,5,**,2,1,True,2,5,29,6
NewJersey4,LS1,Evening,Set1,Draw3,2,col2,Evening|Set1|Draw3|col2,B,combined,1,2,1,3,2,0,9208867**,9,7,False,2,4,57,5
NewJersey4,LS1,Evening,Set1,Draw3,2,col2,Evening|Set1|Draw3|col2,B,combined,1,2,1,3,2,1,9206**,6,5,False,2,4,57,5
NewJersey4,LS1,Evening,Set1,Draw3,2,col2,Evening|Set1|Draw3|col2,B,combined,1,2,1,3,2,2,26**,4,3,True,2,4,57,5
NewJersey4,LS1,Evening,Set1,Draw3,2,col2,Evening|Set1|Draw3|col2,B,combined,1,2,1,3,2,3,26**,4,3,True,2,4,57,5
NewJersey4,LS1,Evening,Set1,Draw3,2,col2,Evening|Set1|Draw3|col2,B,combined,1,2,1,3,2,4,**,2,1,True,2,4,57,5
NewJersey4,LS1,Evening,Set1,Draw3,2,col2,Evening|Set1|Draw3|col2,C,own,1,2,1,3,2,0,9208867**,9,7,False,2,5,29,5
NewJersey4,LS1,Evening,Set1,Draw3,2,col2,Evening|Set1|Draw3|col2,C,own,1,2,1,3,2,1,906**,5,4,False,2,5,29,5
NewJersey4,LS1,Evening,Set1,Draw3,2,col2,Evening|Set1|Draw3|col2,C,own,1,2,1,3,2,2,6**,3,2,True,2,5,29,5
NewJersey4,LS1,Evening,Set1,Draw3,2,col2,Evening|Set1|Draw3|col2,C,own,1,2,1,3,2,3,6**,3,2,True,2,5,29,5
NewJersey4,LS1,Evening,Set1,Draw3,2,col2,Evening|Set1|Draw3|col2,C,own,1,2,1,3,2,5,**,2,1,True,2,5,29,5
NewJersey4,LS1,Evening,Set1,Draw3,2,col2,Evening|Set1|Draw3|col2,C,combined,1,2,1,3,2,0,9208867**,9,7,False,2,4,57,5
NewJersey4,LS1,Evening,Set1,Draw3,2,col2,Evening|Set1|Draw3|col2,C,combined,1,2,1,3,2,1,906**,5,4,False,2,4,57,5
NewJersey4,LS1,Evening,Set1,Draw3,2,col2,Evening|Set1|Draw3|col2,C,combined,1,2,1,3,2,2,6**,3,2,True,2,4,57,5
NewJersey4,LS1,Evening,Set1,Draw3,2,col2,Evening|Set1|Draw3|col2,C,combined,1,2,1,3,2,3,6**,3,2,True,2,4,57,5
NewJersey4,LS1,Evening,Set1,Draw3,2,col2,Evening|Set1|Draw3|col2,C,combined,1,2,1,3,2,4,**,2,1,True,2,4,57,5
NewJersey4,LS1,Evening,Set1,Draw3,2,col2,Evening|Set1|Draw3|col2,D,own,1,2,1,3,2,0,9208867**,9,7,False,2,5,29,5
NewJersey4,LS1,Evening,Set1,Draw3,2,col2,Evening|Set1|Draw3|col2,D,own,1,2,1,3,2,1,906**,5,4,False,2,5,29,5
NewJersey4,LS1,Evening,Set1,Draw3,2,col2,Evening|Set1|Draw3|col2,D,own,1,2,1,3,2,2,6**,3,2,True,2,5,29,5
NewJersey4,LS1,Evening,Set1,Draw3,2,col2,Evening|Set1|Draw3|col2,D,own,1,2,1,3,2,3,6**,3,2,True,2,5,29,5
NewJersey4,LS1,Evening,Set1,Draw3,2,col2,Evening|Set1|Draw3|col2,D,own,1,2,1,3,2,5,**,2,1,True,2,5,29,5
NewJersey4,LS1,Evening,Set1,Draw3,2,col2,Evening|Set1|Draw3|col2,D,combined,1,2,1,3,2,0,9208867**,9,7,False,2,4,57,5
NewJersey4,LS1,Evening,Set1,Draw3,2,col2,Evening|Set1|Draw3|col2,D,combined,1,2,1,3,2,1,906**,5,4,False,2,4,57,5
NewJersey4,LS1,Evening,Set1,Draw3,2,col2,Evening|Set1|Draw3|col2,D,combined,1,2,1,3,2,2,6**,3,2,True,2,4,57,5
NewJersey4,LS1,Evening,Set1,Draw3,2,col2,Evening|Set1|Draw3|col2,D,combined,1,2,1,3,2,3,6**,3,2,True,2,4,57,5
NewJersey4,LS1,Evening,Set1,Draw3,2,col2,Evening|Set1|Draw3|col2,D,combined,1,2,1,3,2,4,**,2,1,True,2,4,57,5
NewJersey4,LS1,Evening,Set1,Draw3,2,col2,Evening|Set1|Draw3|col2,E,own,1,2,1,3,2,0,9208867**,9,7,False,2,5,29,6
NewJersey4,LS1,Evening,Set1,Draw3,2,col2,Evening|Set1|Draw3|col2,E,own,1,2,1,3,2,1,9206**,6,5,False,2,5,29,6
NewJersey4,LS1,Evening,Set1,Draw3,2,col2,Evening|Set1|Draw3|col2,E,own,1,2,1,3,2,2,26**,4,3,True,2,5,29,6
NewJersey4,LS1,Evening,Set1,Draw3,2,col2,Evening|Set1|Draw3|col2,E,own,1,2,1,3,2,3,26**,4,3,True,2,5,29,6
NewJersey4,LS1,Evening,Set1,Draw3,2,col2,Evening|Set1|Draw3|col2,E,own,1,2,1,3,2,4,6**,3,2,True,2,5,29,6
NewJersey4,LS1,Evening,Set1,Draw3,2,col2,Evening|Set1|Draw3|col2,E,own,1,2,1,3,2,5,**,2,1,True,2,5,29,6
NewJersey4,LS1,Evening,Set1,Draw3,2,col2,Evening|Set1|Draw3|col2,E,combined,1,2,1,3,2,0,9208867**,9,7,False,2,4,57,5
NewJersey4,LS1,Evening,Set1,Draw3,2,col2,Evening|Set1|Draw3|col2,E,combined,1,2,1,3,2,1,9206**,6,5,False,2,4,57,5
NewJersey4,LS1,Evening,Set1,Draw3,2,col2,Evening|Set1|Draw3|col2,E,combined,1,2,1,3,2,2,26**,4,3,True,2,4,57,5
NewJersey4,LS1,Evening,Set1,Draw3,2,col2,Evening|Set1|Draw3|col2,E,combined,1,2,1,3,2,3,26**,4,3,True,2,4,57,5
NewJersey4,LS1,Evening,Set1,Draw3,2,col2,Evening|Set1|Draw3|col2,E,combined,1,2,1,3,2,4,**,2,1,True,2,4,57,5
NewJersey4,LS1,Evening,Set1,Draw3,2,col2,Evening|Set1|Draw3|col2,T,own,1,2,1,3,2,0,9208867**,9,7,False,2,6,29,5
NewJersey4,LS1,Evening,Set1,Draw3,2,col2,Evening|Set1|Draw3|col2,T,own,1,2,1,3,2,1,906**,5,4,False,2,6,29,5
NewJersey4,LS1,Evening,Set1,Draw3,2,col2,Evening|Set1|Draw3|col2,T,own,1,2,1,3,2,2,6**,3,2,True,2,6,29,5
NewJersey4,LS1,Evening,Set1,Draw3,2,col2,Evening|Set1|Draw3|col2,T,own,1,2,1,3,2,3,6**,3,2,True,2,6,29,5
NewJersey4,LS1,Evening,Set1,Draw3,2,col2,Evening|Set1|Draw3|col2,T,own,1,2,1,3,2,6,**,2,1,True,2,6,29,5
NewJersey4,LS1,Evening,Set1,Draw3,2,col2,Evening|Set1|Draw3|col2,T,combined,1,2,1,3,2,0,9208867**,9,7,False,2,11,57,5
NewJersey4,LS1,Evening,Set1,Draw3,2,col2,Evening|Set1|Draw3|col2,T,combined,1,2,1,3,2,1,906**,5,4,False,2,11,57,5
NewJersey4,LS1,Evening,Set1,Draw3,2,col2,Evening|Set1|Draw3|col2,T,combined,1,2,1,3,2,2,6**,3,2,True,2,11,57,5
NewJersey4,LS1,Evening,Set1,Draw3,2,col2,Evening|Set1|Draw3|col2,T,combined,1,2,1,3,2,3,6**,3,2,True,2,11,57,5
NewJersey4,LS1,Evening,Set1,Draw3,2,col2,Evening|Set1|Draw3|col2,T,combined,1,2,1,3,2,11,**,2,1,True,2,11,57,5
NewJersey4,LS1,Evening,Set1,Draw4,4,col4,Evening|Set1|Draw4|col4,A,own,1,2,1,4,4,0,59240138867,11,10,False,5,6,7,7
NewJersey4,LS1,Evening,Set1,Draw4,4,col4,Evening|Set1|Draw4|col4,A,own,1,2,1,4,4,1,59240136,8,8,False,5,6,7,7
NewJersey4,LS1,Evening,Set1,Draw4,4,col4,Evening|Set1|Draw4|col4,A,own,1,2,1,4,4,2,920136,6,6,False,5,6,7,7
NewJersey4,LS1,Evening,Set1,Draw4,4,col4,Evening|Set1|Draw4|col4,A,own,1,2,1,4,4,3,920136,6,6,False,5,6,7,7
NewJersey4,LS1,Evening,Set1,Draw4,4,col4,Evening|Set1|Draw4|col4,A,own,1,2,1,4,4,4,92136,5,5,False,5,6,7,7
NewJersey4,LS1,Evening,Set1,Draw4,4,col4,Evening|Set1|Draw4|col4,A,own,1,2,1,4,4,5,926,3,3,True,5,6,7,7
NewJersey4,LS1,Evening,Set1,Draw4,4,col4,Evening|Set1|Draw4|col4,A,own,1,2,1,4,4,6,,0,0,False,5,6,7,7
NewJersey4,LS1,Evening,Set1,Draw4,4,col4,Evening|Set1|Draw4|col4,A,combined,1,2,1,4,4,0,59240138867,11,10,False,4,11,12,10
NewJersey4,LS1,Evening,Set1,Draw4,4,col4,Evening|Set1|Draw4|col4,A,combined,1,2,1,4,4,1,59240136,8,8,False,4,11,12,10
NewJersey4,LS1,Evening,Set1,Draw4,4,col4,Evening|Set1|Draw4|col4,A,combined,1,2,1,4,4,2,240136,6,6,False,4,11,12,10
NewJersey4,LS1,Evening,Set1,Draw4,4,col4,Evening|Set1|Draw4|col4,A,combined,1,2,1,4,4,3,20136,5,5,False,4,11,12,10
NewJersey4,LS1,Evening,Set1,Draw4,4,col4,Evening|Set1|Draw4|col4,A,combined,1,2,1,4,4,4,036,3,3,True,4,11,12,10
NewJersey4,LS1,Evening,Set1,Draw4,4,col4,Evening|Set1|Draw4|col4,A,combined,1,2,1,4,4,5,036,3,3,True,4,11,12,10
NewJersey4,LS1,Evening,Set1,Draw4,4,col4,Evening|Set1|Draw4|col4,A,combined,1,2,1,4,4,6,06,2,2,True,4,11,12,10
NewJersey4,LS1,Evening,Set1,Draw4,4,col4,Evening|Set1|Draw4|col4,A,combined,1,2,1,4,4,7,6,1,1,True,4,11,12,10
NewJersey4,LS1,Evening,Set1,Draw4,4,col4,Evening|Set1|Draw4|col4,A,combined,1,2,1,4,4,8,6,1,1,True,4,11,12,10
NewJersey4,LS1,Evening,Set1,Draw4,4,col4,Evening|Set1|Draw4|col4,A,combined,1,2,1,4,4,11,,0,0,False,4,11,12,10
NewJersey4,LS1,Evening,Set1,Draw4,4,col4,Evening|Set1|Draw4|col4,B,own,1,2,1,4,4,0,59240138867,11,10,False,3,6,7,7
NewJersey4,LS1,Evening,Set1,Draw4,4,col4,Evening|Set1|Draw4|col4,B,own,1,2,1,4,4,1,5924016,7,7,False,3,6,7,7
NewJersey4,LS1,Evening,Set1,Draw4,4,col4,Evening|Set1|Draw4|col4,B,own,1,2,1,4,4,2,9216,4,4,False,3,6,7,7
NewJersey4,LS1,Evening,Set1,Draw4,4,col4,Evening|Set1|Draw4|col4,B,own,1,2,1,4,4,3,216,3,3,True,3,6,7,7
NewJersey4,LS1,Evening,Set1,Draw4,4,col4,Evening|Set1|Draw4|col4,B,own,1,2,1,4,4,4,16,2,2,True,3,6,7,7
NewJersey4,LS1,Evening,Set1,Draw4,4,col4,Evening|Set1|Draw4|col4,B,own,1,2,1,4,4,5,6,1,1,True,3,6,7,7
NewJersey4,LS1,Evening,Set1,Draw4,4,col4,Evening|Set1|Draw4|col4,B,own,1,2,1,4,4,6,,0,0,False,3,6,7,7
NewJersey4,LS1,Evening,Set1,Draw4,4,col4,Evening|Set1|Draw4|col4,B,combined,1,2,1,4,4,0,59240138867,11,10,False,3,9,10,7
NewJersey4,LS1,Evening,Set1,Draw4,4,col4,Evening|Set1|Draw4|col4,B,combined,1,2,1,4,4,1,5924016,7,7,False,3,9,10,7
NewJersey4,LS1,Evening,Set1,Draw4,4,col4,Evening|Set1|Draw4|col4,B,combined,1,2,1,4,4,2,24016,5,5,False,3,9,10,7
NewJersey4,LS1,Evening,Set1,Draw4,4,col4,Evening|Set1|Draw4|col4,B,combined,1,2,1,4,4,3,216,3,3,True,3,9,10,7
NewJersey4,LS1,Evening,Set1,Draw4,4,col4,Evening|Set1|Draw4|col4,B,combined,1,2,1,4,4,4,6,1,1,True,3,9,10,7
NewJersey4,LS1,Evening,Set1,Draw4,4,col4,Evening|Set1|Draw4|col4,B,combined,1,2,1,4,4,5,6,1,1,True,3,9,10,7
NewJersey4,LS1,Evening,Set1,Draw4,4,col4,Evening|Set1|Draw4|col4,B,combined,1,2,1,4,4,9,,0,0,False,3,9,10,7
NewJersey4,LS1,Evening,Set1,Draw4,4,col4,Evening|Set1|Draw4|col4,C,own,1,2,1,4,4,0,59240138867,11,10,False,2,5,6,5
NewJersey4,LS1,Evening,Set1,Draw4,4,col4,Evening|Set1|Draw4|col4,C,own,1,2,1,4,4,1,594016,6,6,False,2,5,6,5
NewJersey4,LS1,Evening,Set1,Draw4,4,col4,Evening|Set1|Draw4|col4,C,own,1,2,1,4,4,2,16,2,2,True,2,5,6,5
NewJersey4,LS1,Evening,Set1,Draw4,4,col4,Evening|Set1|Draw4|col4,C,own,1,2,1,4,4,3,16,2,2,True,2,5,6,5
NewJersey4,LS1,Evening,Set1,Draw4,4,col4,Evening|Set1|Draw4|col4,C,own,1,2,1,4,4,5,,0,0,False,2,5,6,5
NewJersey4,LS1,Evening,Set1,Draw4,4,col4,Evening|Set1|Draw4|col4,C,combined,1,2,1,4,4,0,59240138867,11,10,False,2,4,5,5
NewJersey4,LS1,Evening,Set1,Draw4,4,col4,Evening|Set1|Draw4|col4,C,combined,1,2,1,4,4,1,594016,6,6,False,2,4,5,5
NewJersey4,LS1,Evening,Set1,Draw4,4,col4,Evening|Set1|Draw4|col4,C,combined,1,2,1,4,4,2,16,2,2,True,2,4,5,5
NewJersey4,LS1,Evening,Set1,Draw4,4,col4,Evening|Set1|Draw4|col4,C,combined,1,2,1,4,4,3,16,2,2,True,2,4,5,5
NewJersey4,LS1,Evening,Set1,Draw4,4,col4,Evening|Set1|Draw4|col4,C,combined,1,2,1,4,4,4,,0,0,False,2,4,5,5
NewJersey4,LS1,Evening,Set1,Draw4,4,col4,Evening|Set1|Draw4|col4,D,own,1,2,1,4,4,0,59240138867,11,10,False,2,5,6,5
NewJersey4,LS1,Evening,Set1,Draw4,4,col4,Evening|Set1|Draw4|col4,D,own,1,2,1,4,4,1,594016,6,6,False,2,5,6,5
NewJersey4,LS1,Evening,Set1,Draw4,4,col4,Evening|Set1|Draw4|col4,D,own,1,2,1,4,4,2,16,2,2,True,2,5,6,5
NewJersey4,LS1,Evening,Set1,Draw4,4,col4,Evening|Set1|Draw4|col4,D,own,1,2,1,4,4,3,16,2,2,True,2,5,6,5
NewJersey4,LS1,Evening,Set1,Draw4,4,col4,Evening|Set1|Draw4|col4,D,own,1,2,1,4,4,5,,0,0,False,2,5,6,5
NewJersey4,LS1,Evening,Set1,Draw4,4,col4,Evening|Set1|Draw4|col4,D,combined,1,2,1,4,4,0,59240138867,11,10,False,2,4,5,5
NewJersey4,LS1,Evening,Set1,Draw4,4,col4,Evening|Set1|Draw4|col4,D,combined,1,2,1,4,4,1,594016,6,6,False,2,4,5,5
NewJersey4,LS1,Evening,Set1,Draw4,4,col4,Evening|Set1|Draw4|col4,D,combined,1,2,1,4,4,2,16,2,2,True,2,4,5,5
NewJersey4,LS1,Evening,Set1,Draw4,4,col4,Evening|Set1|Draw4|col4,D,combined,1,2,1,4,4,3,16,2,2,True,2,4,5,5
NewJersey4,LS1,Evening,Set1,Draw4,4,col4,Evening|Set1|Draw4|col4,D,combined,1,2,1,4,4,4,,0,0,False,2,4,5,5
NewJersey4,LS1,Evening,Set1,Draw4,4,col4,Evening|Set1|Draw4|col4,E,own,1,2,1,4,4,0,59240138867,11,10,False,4,6,7,7
NewJersey4,LS1,Evening,Set1,Draw4,4,col4,Evening|Set1|Draw4|col4,E,own,1,2,1,4,4,1,59240136,8,8,False,4,6,7,7
NewJersey4,LS1,Evening,Set1,Draw4,4,col4,Evening|Set1|Draw4|col4,E,own,1,2,1,4,4,2,92136,5,5,False,4,6,7,7
NewJersey4,LS1,Evening,Set1,Draw4,4,col4,Evening|Set1|Draw4|col4,E,own,1,2,1,4,4,3,2136,4,4,False,4,6,7,7
NewJersey4,LS1,Evening,Set1,Draw4,4,col4,Evening|Set1|Draw4|col4,E,own,1,2,1,4,4,4,136,3,3,True,4,6,7,7
NewJersey4,LS1,Evening,Set1,Draw4,4,col4,Evening|Set1|Draw4|col4,E,own,1,2,1,4,4,5,6,1,1,True,4,6,7,7
NewJersey4,LS1,Evening,Set1,Draw4,4,col4,Evening|Set1|Draw4|col4,E,own,1,2,1,4,4,6,,0,0,False,4,6,7,7
NewJersey4,LS1,Evening,Set1,Draw4,4,col4,Evening|Set1|Draw4|col4,E,combined,1,2,1,4,4,0,59240138867,11,10,False,3,9,10,7
NewJersey4,LS1,Evening,Set1,Draw4,4,col4,Evening|Set1|Draw4|col4,E,combined,1,2,1,4,4,1,59240136,8,8,False,3,9,10,7
NewJersey4,LS1,Evening,Set1,Draw4,4,col4,Evening|Set1|Draw4|col4,E,combined,1,2,1,4,4,2,24016,5,5,False,3,9,10,7
NewJersey4,LS1,Evening,Set1,Draw4,4,col4,Evening|Set1|Draw4|col4,E,combined,1,2,1,4,4,3,216,3,3,True,3,9,10,7
NewJersey4,LS1,Evening,Set1,Draw4,4,col4,Evening|Set1|Draw4|col4,E,combined,1,2,1,4,4,4,6,1,1,True,3,9,10,7
NewJersey4,LS1,Evening,Set1,Draw4,4,col4,Evening|Set1|Draw4|col4,E,combined,1,2,1,4,4,5,6,1,1,True,3,9,10,7
NewJersey4,LS1,Evening,Set1,Draw4,4,col4,Evening|Set1|Draw4|col4,E,combined,1,2,1,4,4,9,,0,0,False,3,9,10,7
NewJersey4,LS1,Evening,Set1,Draw4,4,col4,Evening|Set1|Draw4|col4,T,own,1,2,1,4,4,0,59240138867,11,10,False,2,6,7,6
NewJersey4,LS1,Evening,Set1,Draw4,4,col4,Evening|Set1|Draw4|col4,T,own,1,2,1,4,4,1,594016,6,6,False,2,6,7,6
NewJersey4,LS1,Evening,Set1,Draw4,4,col4,Evening|Set1|Draw4|col4,T,own,1,2,1,4,4,2,916,3,3,True,2,6,7,6
NewJersey4,LS1,Evening,Set1,Draw4,4,col4,Evening|Set1|Draw4|col4,T,own,1,2,1,4,4,3,916,3,3,True,2,6,7,6
NewJersey4,LS1,Evening,Set1,Draw4,4,col4,Evening|Set1|Draw4|col4,T,own,1,2,1,4,4,5,96,2,2,True,2,6,7,6
NewJersey4,LS1,Evening,Set1,Draw4,4,col4,Evening|Set1|Draw4|col4,T,own,1,2,1,4,4,6,,0,0,False,2,6,7,6
NewJersey4,LS1,Evening,Set1,Draw4,4,col4,Evening|Set1|Draw4|col4,T,combined,1,2,1,4,4,0,59240138867,11,10,False,2,11,12,9
NewJersey4,LS1,Evening,Set1,Draw4,4,col4,Evening|Set1|Draw4|col4,T,combined,1,2,1,4,4,1,594016,6,6,False,2,11,12,9
NewJersey4,LS1,Evening,Set1,Draw4,4,col4,Evening|Set1|Draw4|col4,T,combined,1,2,1,4,4,2,016,3,3,True,2,11,12,9
NewJersey4,LS1,Evening,Set1,Draw4,4,col4,Evening|Set1|Draw4|col4,T,combined,1,2,1,4,4,3,016,3,3,True,2,11,12,9
NewJersey4,LS1,Evening,Set1,Draw4,4,col4,Evening|Set1|Draw4|col4,T,combined,1,2,1,4,4,4,06,2,2,True,2,11,12,9
NewJersey4,LS1,Evening,Set1,Draw4,4,col4,Evening|Set1|Draw4|col4,T,combined,1,2,1,4,4,5,06,2,2,True,2,11,12,9
NewJersey4,LS1,Evening,Set1,Draw4,4,col4,Evening|Set1|Draw4|col4,T,combined,1,2,1,4,4,7,6,1,1,True,2,11,12,9
NewJersey4,LS1,Evening,Set1,Draw4,4,col4,Evening|Set1|Draw4|col4,T,combined,1,2,1,4,4,8,6,1,1,True,2,11,12,9
NewJersey4,LS1,Evening,Set1,Draw4,4,col4,Evening|Set1|Draw4|col4,T,combined,1,2,1,4,4,11,,0,0,False,2,11,12,9
NewJersey4,LS1,Evening,Set1,Draw4,2,col2,Evening|Set1|Draw4|col2,A,own,1,2,1,4,2,0,920138867**,11,9,False,6,6,29,7
NewJersey4,LS1,Evening,Set1,Draw4,2,col2,Evening|Set1|Draw4|col2,A,own,1,2,1,4,2,1,920136**,8,7,False,6,6,29,7
NewJersey4,LS1,Evening,Set1,Draw4,2,col2,Evening|Set1|Draw4|col2,A,own,1,2,1,4,2,2,920136**,8,7,False,6,6,29,7
NewJersey4,LS1,Evening,Set1,Draw4,2,col2,Evening|Set1|Draw4|col2,A,own,1,2,1,4,2,3,920136**,8,7,False,6,6,29,7
NewJersey4,LS1,Evening,Set1,Draw4,2,col2,Evening|Set1|Draw4|col2,A,own,1,2,1,4,2,4,92136**,7,6,False,6,6,29,7
NewJersey4,LS1,Evening,Set1,Draw4,2,col2,Evening|Set1|Draw4|col2,A,own,1,2,1,4,2,5,926**,5,4,False,6,6,29,7
NewJersey4,LS1,Evening,Set1,Draw4,2,col2,Evening|Set1|Draw4|col2,A,own,1,2,1,4,2,6,**,2,1,True,6,6,29,7
NewJersey4,LS1,Evening,Set1,Draw4,2,col2,Evening|Set1|Draw4|col2,A,combined,1,2,1,4,2,0,920138867**,11,9,False,6,11,57,10
NewJersey4,LS1,Evening,Set1,Draw4,2,col2,Evening|Set1|Draw4|col2,A,combined,1,2,1,4,2,1,920136**,8,7,False,6,11,57,10
NewJersey4,LS1,Evening,Set1,Draw4,2,col2,Evening|Set1|Draw4|col2,A,combined,1,2,1,4,2,2,20136**,7,6,False,6,11,57,10
NewJersey4,LS1,Evening,Set1,Draw4,2,col2,Evening|Set1|Draw4|col2,A,combined,1,2,1,4,2,3,20136**,7,6,False,6,11,57,10
NewJersey4,LS1,Evening,Set1,Draw4,2,col2,Evening|Set1|Draw4|col2,A,combined,1,2,1,4,2,4,036**,5,4,False,6,11,57,10
NewJersey4,LS1,Evening,Set1,Draw4,2,col2,Evening|Set1|Draw4|col2,A,combined,1,2,1,4,2,5,036**,5,4,False,6,11,57,10
NewJersey4,LS1,Evening,Set1,Draw4,2,col2,Evening|Set1|Draw4|col2,A,combined,1,2,1,4,2,6,06**,4,3,True,6,11,57,10
NewJersey4,LS1,Evening,Set1,Draw4,2,col2,Evening|Set1|Draw4|col2,A,combined,1,2,1,4,2,7,6**,3,2,True,6,11,57,10
NewJersey4,LS1,Evening,Set1,Draw4,2,col2,Evening|Set1|Draw4|col2,A,combined,1,2,1,4,2,8,6**,3,2,True,6,11,57,10
NewJersey4,LS1,Evening,Set1,Draw4,2,col2,Evening|Set1|Draw4|col2,A,combined,1,2,1,4,2,11,**,2,1,True,6,11,57,10
NewJersey4,LS1,Evening,Set1,Draw4,2,col2,Evening|Set1|Draw4|col2,B,own,1,2,1,4,2,0,920138867**,11,9,False,4,6,29,7
NewJersey4,LS1,Evening,Set1,Draw4,2,col2,Evening|Set1|Draw4|col2,B,own,1,2,1,4,2,1,92016**,7,6,False,4,6,29,7
NewJersey4,LS1,Evening,Set1,Draw4,2,col2,Evening|Set1|Draw4|col2,B,own,1,2,1,4,2,2,216**,5,4,False,4,6,29,7
NewJersey4,LS1,Evening,Set1,Draw4,2,col2,Evening|Set1|Draw4|col2,B,own,1,2,1,4,2,3,216**,5,4,False,4,6,29,7
NewJersey4,LS1,Evening,Set1,Draw4,2,col2,Evening|Set1|Draw4|col2,B,own,1,2,1,4,2,4,16**,4,3,True,4,6,29,7
NewJersey4,LS1,Evening,Set1,Draw4,2,col2,Evening|Set1|Draw4|col2,B,own,1,2,1,4,2,5,6**,3,2,True,4,6,29,7
NewJersey4,LS1,Evening,Set1,Draw4,2,col2,Evening|Set1|Draw4|col2,B,own,1,2,1,4,2,6,**,2,1,True,4,6,29,7
NewJersey4,LS1,Evening,Set1,Draw4,2,col2,Evening|Set1|Draw4|col2,B,combined,1,2,1,4,2,0,920138867**,11,9,False,4,9,57,7
NewJersey4,LS1,Evening,Set1,Draw4,2,col2,Evening|Set1|Draw4|col2,B,combined,1,2,1,4,2,1,92016**,7,6,False,4,9,57,7
NewJersey4,LS1,Evening,Set1,Draw4,2,col2,Evening|Set1|Draw4|col2,B,combined,1,2,1,4,2,2,216**,5,4,False,4,9,57,7
NewJersey4,LS1,Evening,Set1,Draw4,2,col2,Evening|Set1|Draw4|col2,B,combined,1,2,1,4,2,3,216**,5,4,False,4,9,57,7
NewJersey4,LS1,Evening,Set1,Draw4,2,col2,Evening|Set1|Draw4|col2,B,combined,1,2,1,4,2,4,6**,3,2,True,4,9,57,7
NewJersey4,LS1,Evening,Set1,Draw4,2,col2,Evening|Set1|Draw4|col2,B,combined,1,2,1,4,2,5,6**,3,2,True,4,9,57,7
NewJersey4,LS1,Evening,Set1,Draw4,2,col2,Evening|Set1|Draw4|col2,B,combined,1,2,1,4,2,9,**,2,1,True,4,9,57,7
NewJersey4,LS1,Evening,Set1,Draw4,2,col2,Evening|Set1|Draw4|col2,C,own,1,2,1,4,2,0,920138867**,11,9,False,2,5,29,6
NewJersey4,LS1,Evening,Set1,Draw4,2,col2,Evening|Set1|Draw4|col2,C,own,1,2,1,4,2,1,9016**,6,5,False,2,5,29,6
NewJersey4,LS1,Evening,Set1,Draw4,2,col2,Evening|Set1|Draw4|col2,C,own,1,2,1,4,2,2,16**,4,3,True,2,5,29,6
NewJersey4,LS1,Evening,Set1,Draw4,2,col2,Evening|Set1|Draw4|col2,C,own,1,2,1,4,2,3,16**,4,3,True,2,5,29,6
NewJersey4,LS1,Evening,Set1,Draw4,2,col2,Evening|Set1|Draw4|col2,C,own,1,2,1,4,2,4,16**,4,3,True,2,5,29,6
NewJersey4,LS1,Evening,Set1,Draw4,2,col2,Evening|Set1|Draw4|col2,C,own,1,2,1,4,2,5,**,2,1,True,2,5,29,6
NewJersey4,LS1,Evening,Set1,Draw4,2,col2,Evening|Set1|Draw4|col2,C,combined,1,2,1,4,2,0,920138867**,11,9,False,2,4,57,5
NewJersey4,LS1,Evening,Set1,Draw4,2,col2,Evening|Set1|Draw4|col2,C,combined,1,2,1,4,2,1,9016**,6,5,False,2,4,57,5
NewJersey4,LS1,Evening,Set1,Draw4,2,col2,Evening|Set1|Draw4|col2,C,combined,1,2,1,4,2,2,16**,4,3,True,2,4,57,5
NewJersey4,LS1,Evening,Set1,Draw4,2,col2,Evening|Set1|Draw4|col2,C,combined,1,2,1,4,2,3,16**,4,3,True,2,4,57,5
NewJersey4,LS1,Evening,Set1,Draw4,2,col2,Evening|Set1|Draw4|col2,C,combined,1,2,1,4,2,4,**,2,1,True,2,4,57,5
NewJersey4,LS1,Evening,Set1,Draw4,2,col2,Evening|Set1|Draw4|col2,D,own,1,2,1,4,2,0,920138867**,11,9,False,2,5,29,6
NewJersey4,LS1,Evening,Set1,Draw4,2,col2,Evening|Set1|Draw4|col2,D,own,1,2,1,4,2,1,9016**,6,5,False,2,5,29,6
NewJersey4,LS1,Evening,Set1,Draw4,2,col2,Evening|Set1|Draw4|col2,D,own,1,2,1,4,2,2,16**,4,3,True,2,5,29,6
NewJersey4,LS1,Evening,Set1,Draw4,2,col2,Evening|Set1|Draw4|col2,D,own,1,2,1,4,2,3,16**,4,3,True,2,5,29,6
NewJersey4,LS1,Evening,Set1,Draw4,2,col2,Evening|Set1|Draw4|col2,D,own,1,2,1,4,2,4,16**,4,3,True,2,5,29,6
NewJersey4,LS1,Evening,Set1,Draw4,2,col2,Evening|Set1|Draw4|col2,D,own,1,2,1,4,2,5,**,2,1,True,2,5,29,6
NewJersey4,LS1,Evening,Set1,Draw4,2,col2,Evening|Set1|Draw4|col2,D,combined,1,2,1,4,2,0,920138867**,11,9,False,2,4,57,5
NewJersey4,LS1,Evening,Set1,Draw4,2,col2,Evening|Set1|Draw4|col2,D,combined,1,2,1,4,2,1,9016**,6,5,False,2,4,57,5
NewJersey4,LS1,Evening,Set1,Draw4,2,col2,Evening|Set1|Draw4|col2,D,combined,1,2,1,4,2,2,16**,4,3,True,2,4,57,5
NewJersey4,LS1,Evening,Set1,Draw4,2,col2,Evening|Set1|Draw4|col2,D,combined,1,2,1,4,2,3,16**,4,3,True,2,4,57,5
NewJersey4,LS1,Evening,Set1,Draw4,2,col2,Evening|Set1|Draw4|col2,D,combined,1,2,1,4,2,4,**,2,1,True,2,4,57,5
NewJersey4,LS1,Evening,Set1,Draw4,2,col2,Evening|Set1|Draw4|col2,E,own,1,2,1,4,2,0,920138867**,11,9,False,5,6,29,7
NewJersey4,LS1,Evening,Set1,Draw4,2,col2,Evening|Set1|Draw4|col2,E,own,1,2,1,4,2,1,920136**,8,7,False,5,6,29,7
NewJersey4,LS1,Evening,Set1,Draw4,2,col2,Evening|Set1|Draw4|col2,E,own,1,2,1,4,2,2,2136**,6,5,False,5,6,29,7
NewJersey4,LS1,Evening,Set1,Draw4,2,col2,Evening|Set1|Draw4|col2,E,own,1,2,1,4,2,3,2136**,6,5,False,5,6,29,7
NewJersey4,LS1,Evening,Set1,Draw4,2,col2,Evening|Set1|Draw4|col2,E,own,1,2,1,4,2,4,136**,5,4,False,5,6,29,7
NewJersey4,LS1,Evening,Set1,Draw4,2,col2,Evening|Set1|Draw4|col2,E,own,1,2,1,4,2,5,6**,3,2,True,5,6,29,7
NewJersey4,LS1,Evening,Set1,Draw4,2,col2,Evening|Set1|Draw4|col2,E,own,1,2,1,4,2,6,**,2,1,True,5,6,29,7
NewJersey4,LS1,Evening,Set1,Draw4,2,col2,Evening|Set1|Draw4|col2,E,combined,1,2,1,4,2,0,920138867**,11,9,False,4,9,57,7
NewJersey4,LS1,Evening,Set1,Draw4,2,col2,Evening|Set1|Draw4|col2,E,combined,1,2,1,4,2,1,920136**,8,7,False,4,9,57,7
NewJersey4,LS1,Evening,Set1,Draw4,2,col2,Evening|Set1|Draw4|col2,E,combined,1,2,1,4,2,2,216**,5,4,False,4,9,57,7
NewJersey4,LS1,Evening,Set1,Draw4,2,col2,Evening|Set1|Draw4|col2,E,combined,1,2,1,4,2,3,216**,5,4,False,4,9,57,7
NewJersey4,LS1,Evening,Set1,Draw4,2,col2,Evening|Set1|Draw4|col2,E,combined,1,2,1,4,2,4,6**,3,2,True,4,9,57,7
NewJersey4,LS1,Evening,Set1,Draw4,2,col2,Evening|Set1|Draw4|col2,E,combined,1,2,1,4,2,5,6**,3,2,True,4,9,57,7
NewJersey4,LS1,Evening,Set1,Draw4,2,col2,Evening|Set1|Draw4|col2,E,combined,1,2,1,4,2,9,**,2,1,True,4,9,57,7
NewJersey4,LS1,Evening,Set1,Draw4,2,col2,Evening|Set1|Draw4|col2,T,own,1,2,1,4,2,0,920138867**,11,9,False,2,6,29,7
NewJersey4,LS1,Evening,Set1,Draw4,2,col2,Evening|Set1|Draw4|col2,T,own,1,2,1,4,2,1,9016**,6,5,False,2,6,29,7
NewJersey4,LS1,Evening,Set1,Draw4,2,col2,Evening|Set1|Draw4|col2,T,own,1,2,1,4,2,2,16**,4,3,True,2,6,29,7
NewJersey4,LS1,Evening,Set1,Draw4,2,col2,Evening|Set1|Draw4|col2,T,own,1,2,1,4,2,3,16**,4,3,True,2,6,29,7
NewJersey4,LS1,Evening,Set1,Draw4,2,col2,Evening|Set1|Draw4|col2,T,own,1,2,1,4,2,4,16**,4,3,True,2,6,29,7
NewJersey4,LS1,Evening,Set1,Draw4,2,col2,Evening|Set1|Draw4|col2,T,own,1,2,1,4,2,5,6**,3,2,True,2,6,29,7
NewJersey4,LS1,Evening,Set1,Draw4,2,col2,Evening|Set1|Draw4|col2,T,own,1,2,1,4,2,6,**,2,1,True,2,6,29,7
NewJersey4,LS1,Evening,Set1,Draw4,2,col2,Evening|Set1|Draw4|col2,T,combined,1,2,1,4,2,0,920138867**,11,9,False,2,11,57,7
NewJersey4,LS1,Evening,Set1,Draw4,2,col2,Evening|Set1|Draw4|col2,T,combined,1,2,1,4,2,1,9016**,6,5,False,2,11,57,7
NewJersey4,LS1,Evening,Set1,Draw4,2,col2,Evening|Set1|Draw4|col2,T,combined,1,2,1,4,2,2,16**,4,3,True,2,11,57,7
NewJersey4,LS1,Evening,Set1,Draw4,2,col2,Evening|Set1|Draw4|col2,T,combined,1,2,1,4,2,3,16**,4,3,True,2,11,57,7
NewJersey4,LS1,Evening,Set1,Draw4,2,col2,Evening|Set1|Draw4|col2,T,combined,1,2,1,4,2,4,6**,3,2,True,2,11,57,7
NewJersey4,LS1,Evening,Set1,Draw4,2,col2,Evening|Set1|Draw4|col2,T,combined,1,2,1,4,2,5,6**,3,2,True,2,11,57,7
NewJersey4,LS1,Evening,Set1,Draw4,2,col2,Evening|Set1|Draw4|col2,T,combined,1,2,1,4,2,11,**,2,1,True,2,11,57,7
NewJersey4,LS1,Evening,Set1,Draw5,3,col3,Evening|Set1|Draw5|col3,A,own,1,2,1,5,3,0,992201388667,12,8,False,5,6,7,7
NewJersey4,LS1,Evening,Set1,Draw5,3,col3,Evening|Set1|Draw5|col3,A,own,1,2,1,5,3,1,992201366,9,6,False,5,6,7,7
NewJersey4,LS1,Evening,Set1,Draw5,3,col3,Evening|Set1|Draw5|col3,A,own,1,2,1,5,3,2,992201366,9,6,False,5,6,7,7
NewJersey4,LS1,Evening,Set1,Draw5,3,col3,Evening|Set1|Draw5|col3,A,own,1,2,1,5,3,3,992201366,9,6,False,5,6,7,7
NewJersey4,LS1,Evening,Set1,Draw5,3,col3,Evening|Set1|Draw5|col3,A,own,1,2,1,5,3,4,99221366,8,5,False,5,6,7,7
NewJersey4,LS1,Evening,Set1,Draw5,3,col3,Evening|Set1|Draw5|col3,A,own,1,2,1,5,3,5,992266,6,3,True,5,6,7,7
NewJersey4,LS1,Evening,Set1,Draw5,3,col3,Evening|Set1|Draw5|col3,A,own,1,2,1,5,3,6,,0,0,False,5,6,7,7
NewJersey4,LS1,Evening,Set1,Draw5,3,col3,Evening|Set1|Draw5|col3,A,combined,1,2,1,5,3,0,992201388667,12,8,False,4,11,12,10
NewJersey4,LS1,Evening,Set1,Draw5,3,col3,Evening|Set1|Draw5|col3,A,combined,1,2,1,5,3,1,992201366,9,6,False,4,11,12,10
NewJersey4,LS1,Evening,Set1,Draw5,3,col3,Evening|Set1|Draw5|col3,A,combined,1,2,1,5,3,2,2201366,7,5,False,4,11,12,10
NewJersey4,LS1,Evening,Set1,Draw5,3,col3,Evening|Set1|Draw5|col3,A,combined,1,2,1,5,3,3,2201366,7,5,False,4,11,12,10
NewJersey4,LS1,Evening,Set1,Draw5,3,col3,Evening|Set1|Draw5|col3,A,combined,1,2,1,5,3,4,0366,4,3,True,4,11,12,10
NewJersey4,LS1,Evening,Set1,Draw5,3,col3,Evening|Set1|Draw5|col3,A,combined,1,2,1,5,3,5,0366,4,3,True,4,11,12,10
NewJersey4,LS1,Evening,Set1,Draw5,3,col3,Evening|Set1|Draw5|col3,A,combined,1,2,1,5,3,6,066,3,2,True,4,11,12,10
NewJersey4,LS1,Evening,Set1,Draw5,3,col3,Evening|Set1|Draw5|col3,A,combined,1,2,1,5,3,7,66,2,1,True,4,11,12,10
NewJersey4,LS1,Evening,Set1,Draw5,3,col3,Evening|Set1|Draw5|col3,A,combined,1,2,1,5,3,8,66,2,1,True,4,11,12,10
NewJersey4,LS1,Evening,Set1,Draw5,3,col3,Evening|Set1|Draw5|col3,A,combined,1,2,1,5,3,11,,0,0,False,4,11,12,10
NewJersey4,LS1,Evening,Set1,Draw5,3,col3,Evening|Set1|Draw5|col3,B,own,1,2,1,5,3,0,992201388667,12,8,False,2,6,7,7
NewJersey4,LS1,Evening,Set1,Draw5,3,col3,Evening|Set1|Draw5|col3,B,own,1,2,1,5,3,1,99220166,8,5,False,2,6,7,7
NewJersey4,LS1,Evening,Set1,Draw5,3,col3,Evening|Set1|Draw5|col3,B,own,1,2,1,5,3,2,22166,5,3,True,2,6,7,7
NewJersey4,LS1,Evening,Set1,Draw5,3,col3,Evening|Set1|Draw5|col3,B,own,1,2,1,5,3,3,22166,5,3,True,2,6,7,7
NewJersey4,LS1,Evening,Set1,Draw5,3,col3,Evening|Set1|Draw5|col3,B,own,1,2,1,5,3,4,166,3,2,True,2,6,7,7
NewJersey4,LS1,Evening,Set1,Draw5,3,col3,Evening|Set1|Draw5|col3,B,own,1,2,1,5,3,5,66,2,1,True,2,6,7,7
NewJersey4,LS1,Evening,Set1,Draw5,3,col3,Evening|Set1|Draw5|col3,B,own,1,2,1,5,3,6,,0,0,False,2,6,7,7
NewJersey4,LS1,Evening,Set1,Draw5,3,col3,Evening|Set1|Draw5|col3,B,combined,1,2,1,5,3,0,992201388667,12,8,False,2,9,10,7
NewJersey4,LS1,Evening,Set1,Draw5,3,col3,Evening|Set1|Draw5|col3,B,combined,1,2,1,5,3,1,99220166,8,5,False,2,9,10,7
NewJersey4,LS1,Evening,Set1,Draw5,3,col3,Evening|Set1|Draw5|col3,B,combined,1,2,1,5,3,2,22166,5,3,True,2,9,10,7
NewJersey4,LS1,Evening,Set1,Draw5,3,col3,Evening|Set1|Draw5|col3,B,combined,1,2,1,5,3,3,22166,5,3,True,2,9,10,7
NewJersey4,LS1,Evening,Set1,Draw5,3,col3,Evening|Set1|Draw5|col3,B,combined,1,2,1,5,3,4,66,2,1,True,2,9,10,7
NewJersey4,LS1,Evening,Set1,Draw5,3,col3,Evening|Set1|Draw5|col3,B,combined,1,2,1,5,3,5,66,2,1,True,2,9,10,7
NewJersey4,LS1,Evening,Set1,Draw5,3,col3,Evening|Set1|Draw5|col3,B,combined,1,2,1,5,3,9,,0,0,False,2,9,10,7
NewJersey4,LS1,Evening,Set1,Draw5,3,col3,Evening|Set1|Draw5|col3,C,own,1,2,1,5,3,0,992201388667,12,8,False,2,5,6,5
NewJersey4,LS1,Evening,Set1,Draw5,3,col3,Evening|Set1|Draw5|col3,C,own,1,2,1,5,3,1,990166,6,4,False,2,5,6,5
NewJersey4,LS1,Evening,Set1,Draw5,3,col3,Evening|Set1|Draw5|col3,C,own,1,2,1,5,3,2,166,3,2,True,2,5,6,5
NewJersey4,LS1,Evening,Set1,Draw5,3,col3,Evening|Set1|Draw5|col3,C,own,1,2,1,5,3,3,166,3,2,True,2,5,6,5
NewJersey4,LS1,Evening,Set1,Draw5,3,col3,Evening|Set1|Draw5|col3,C,own,1,2,1,5,3,5,,0,0,False,2,5,6,5
NewJersey4,LS1,Evening,Set1,Draw5,3,col3,Evening|Set1|Draw5|col3,C,combined,1,2,1,5,3,0,992201388667,12,8,False,2,4,5,5
NewJersey4,LS1,Evening,Set1,Draw5,3,col3,Evening|Set1|Draw5|col3,C,combined,1,2,1,5,3,1,990166,6,4,False,2,4,5,5
NewJersey4,LS1,Evening,Set1,Draw5,3,col3,Evening|Set1|Draw5|col3,C,combined,1,2,1,5,3,2,166,3,2,True,2,4,5,5
NewJersey4,LS1,Evening,Set1,Draw5,3,col3,Evening|Set1|Draw5|col3,C,combined,1,2,1,5,3,3,166,3,2,True,2,4,5,5
NewJersey4,LS1,Evening,Set1,Draw5,3,col3,Evening|Set1|Draw5|col3,C,combined,1,2,1,5,3,4,,0,0,False,2,4,5,5
NewJersey4,LS1,Evening,Set1,Draw5,3,col3,Evening|Set1|Draw5|col3,D,own,1,2,1,5,3,0,992201388667,12,8,False,3,6,7,7
NewJersey4,LS1,Evening,Set1,Draw5,3,col3,Evening|Set1|Draw5|col3,D,own,1,2,1,5,3,1,9920166,7,5,False,3,6,7,7
NewJersey4,LS1,Evening,Set1,Draw5,3,col3,Evening|Set1|Draw5|col3,D,own,1,2,1,5,3,2,92166,5,4,False,3,6,7,7
NewJersey4,LS1,Evening,Set1,Draw5,3,col3,Evening|Set1|Draw5|col3,D,own,1,2,1,5,3,3,2166,4,3,True,3,6,7,7
NewJersey4,LS1,Evening,Set1,Draw5,3,col3,Evening|Set1|Draw5|col3,D,own,1,2,1,5,3,4,166,3,2,True,3,6,7,7
NewJersey4,LS1,Evening,Set1,Draw5,3,col3,Evening|Set1|Draw5|col3,D,own,1,2,1,5,3,5,6,1,1,True,3,6,7,7
NewJersey4,LS1,Evening,Set1,Draw5,3,col3,Evening|Set1|Draw5|col3,D,own,1,2,1,5,3,6,,0,0,False,3,6,7,7
NewJersey4,LS1,Evening,Set1,Draw5,3,col3,Evening|Set1|Draw5|col3,D,combined,1,2,1,5,3,0,992201388667,12,8,False,2,9,10,7
NewJersey4,LS1,Evening,Set1,Draw5,3,col3,Evening|Set1|Draw5|col3,D,combined,1,2,1,5,3,1,9920166,7,5,False,2,9,10,7
NewJersey4,LS1,Evening,Set1,Draw5,3,col3,Evening|Set1|Draw5|col3,D,combined,1,2,1,5,3,2,2166,4,3,True,2,9,10,7
NewJersey4,LS1,Evening,Set1,Draw5,3,col3,Evening|Set1|Draw5|col3,D,combined,1,2,1,5,3,3,2166,4,3,True,2,9,10,7
NewJersey4,LS1,Evening,Set1,Draw5,3,col3,Evening|Set1|Draw5|col3,D,combined,1,2,1,5,3,4,6,1,1,True,2,9,10,7
NewJersey4,LS1,Evening,Set1,Draw5,3,col3,Evening|Set1|Draw5|col3,D,combined,1,2,1,5,3,5,6,1,1,True,2,9,10,7
NewJersey4,LS1,Evening,Set1,Draw5,3,col3,Evening|Set1|Draw5|col3,D,combined,1,2,1,5,3,9,,0,0,False,2,9,10,7
NewJersey4,LS1,Evening,Set1,Draw5,3,col3,Evening|Set1|Draw5|col3,E,own,1,2,1,5,3,0,992201388667,12,8,False,5,7,8,8
NewJersey4,LS1,Evening,Set1,Draw5,3,col3,Evening|Set1|Draw5|col3,E,own,1,2,1,5,3,1,992201366,9,6,False,5,7,8,8
NewJersey4,LS1,Evening,Set1,Draw5,3,col3,Evening|Set1|Draw5|col3,E,own,1,2,1,5,3,2,9221366,7,5,False,5,7,8,8
NewJersey4,LS1,Evening,Set1,Draw5,3,col3,Evening|Set1|Draw5|col3,E,own,1,2,1,5,3,3,221366,6,4,False,5,7,8,8
NewJersey4,LS1,Evening,Set1,Draw5,3,col3,Evening|Set1|Draw5|col3,E,own,1,2,1,5,3,4,21366,5,4,False,5,7,8,8
NewJersey4,LS1,Evening,Set1,Draw5,3,col3,Evening|Set1|Draw5|col3,E,own,1,2,1,5,3,5,266,3,2,True,5,7,8,8
NewJersey4,LS1,Evening,Set1,Draw5,3,col3,Evening|Set1|Draw5|col3,E,own,1,2,1,5,3,6,6,1,1,True,5,7,8,8
NewJersey4,LS1,Evening,Set1,Draw5,3,col3,Evening|Set1|Draw5|col3,E,own,1,2,1,5,3,7,,0,0,False,5,7,8,8
NewJersey4,LS1,Evening,Set1,Draw5,3,col3,Evening|Set1|Draw5|col3,E,combined,1,2,1,5,3,0,992201388667,12,8,False,3,11,12,11
NewJersey4,LS1,Evening,Set1,Draw5,3,col3,Evening|Set1|Draw5|col3,E,combined,1,2,1,5,3,1,992201366,9,6,False,3,11,12,11
NewJersey4,LS1,Evening,Set1,Draw5,3,col3,Evening|Set1|Draw5|col3,E,combined,1,2,1,5,3,2,922166,6,4,False,3,11,12,11
NewJersey4,LS1,Evening,Set1,Draw5,3,col3,Evening|Set1|Draw5|col3,E,combined,1,2,1,5,3,3,22166,5,3,True,3,11,12,11
NewJersey4,LS1,Evening,Set1,Draw5,3,col3,Evening|Set1|Draw5|col3,E,combined,1,2,1,5,3,4,266,3,2,True,3,11,12,11
NewJersey4,LS1,Evening,Set1,Draw5,3,col3,Evening|Set1|Draw5|col3,E,combined,1,2,1,5,3,5,266,3,2,True,3,11,12,11
NewJersey4,LS1,Evening,Set1,Draw5,3,col3,Evening|Set1|Draw5|col3,E,combined,1,2,1,5,3,7,66,2,1,True,3,11,12,11
NewJersey4,LS1,Evening,Set1,Draw5,3,col3,Evening|Set1|Draw5|col3,E,combined,1,2,1,5,3,8,66,2,1,True,3,11,12,11
NewJersey4,LS1,Evening,Set1,Draw5,3,col3,Evening|Set1|Draw5|col3,E,combined,1,2,1,5,3,9,6,1,1,True,3,11,12,11
NewJersey4,LS1,Evening,Set1,Draw5,3,col3,Evening|Set1|Draw5|col3,E,combined,1,2,1,5,3,10,6,1,1,True,3,11,12,11
NewJersey4,LS1,Evening,Set1,Draw5,3,col3,Evening|Set1|Draw5|col3,E,combined,1,2,1,5,3,11,,0,0,False,3,11,12,11
NewJersey4,LS1,Evening,Set1,Draw5,3,col3,Evening|Set1|Draw5|col3,T,own,1,2,1,5,3,0,992201388667,12,8,False,2,6,7,6
NewJersey4,LS1,Evening,Set1,Draw5,3,col3,Evening|Set1|Draw5|col3,T,own,1,2,1,5,3,1,990166,6,4,False,2,6,7,6
NewJersey4,LS1,Evening,Set1,Draw5,3,col3,Evening|Set1|Draw5|col3,T,own,1,2,1,5,3,2,166,3,2,True,2,6,7,6
NewJersey4,LS1,Evening,Set1,Draw5,3,col3,Evening|Set1|Draw5|col3,T,own,1,2,1,5,3,3,166,3,2,True,2,6,7,6
NewJersey4,LS1,Evening,Set1,Draw5,3,col3,Evening|Set1|Draw5|col3,T,own,1,2,1,5,3,5,66,2,1,True,2,6,7,6
NewJersey4,LS1,Evening,Set1,Draw5,3,col3,Evening|Set1|Draw5|col3,T,own,1,2,1,5,3,6,,0,0,False,2,6,7,6
NewJersey4,LS1,Evening,Set1,Draw5,3,col3,Evening|Set1|Draw5|col3,T,combined,1,2,1,5,3,0,992201388667,12,8,False,2,11,12,7
NewJersey4,LS1,Evening,Set1,Draw5,3,col3,Evening|Set1|Draw5|col3,T,combined,1,2,1,5,3,1,990166,6,4,False,2,11,12,7
NewJersey4,LS1,Evening,Set1,Draw5,3,col3,Evening|Set1|Draw5|col3,T,combined,1,2,1,5,3,2,166,3,2,True,2,11,12,7
NewJersey4,LS1,Evening,Set1,Draw5,3,col3,Evening|Set1|Draw5|col3,T,combined,1,2,1,5,3,3,166,3,2,True,2,11,12,7
NewJersey4,LS1,Evening,Set1,Draw5,3,col3,Evening|Set1|Draw5|col3,T,combined,1,2,1,5,3,4,66,2,1,True,2,11,12,7
NewJersey4,LS1,Evening,Set1,Draw5,3,col3,Evening|Set1|Draw5|col3,T,combined,1,2,1,5,3,5,66,2,1,True,2,11,12,7
NewJersey4,LS1,Evening,Set1,Draw5,3,col3,Evening|Set1|Draw5|col3,T,combined,1,2,1,5,3,11,,0,0,False,2,11,12,7
NewJersey4,LS1,Evening,Set1,Draw5,2,col2,Evening|Set1|Draw5|col2,A,own,1,2,1,5,2,0,992201388667**,14,9,False,6,6,29,7
NewJersey4,LS1,Evening,Set1,Draw5,2,col2,Evening|Set1|Draw5|col2,A,own,1,2,1,5,2,1,992201366**,11,7,False,6,6,29,7
NewJersey4,LS1,Evening,Set1,Draw5,2,col2,Evening|Set1|Draw5|col2,A,own,1,2,1,5,2,2,992201366**,11,7,False,6,6,29,7
NewJersey4,LS1,Evening,Set1,Draw5,2,col2,Evening|Set1|Draw5|col2,A,own,1,2,1,5,2,3,992201366**,11,7,False,6,6,29,7
NewJersey4,LS1,Evening,Set1,Draw5,2,col2,Evening|Set1|Draw5|col2,A,own,1,2,1,5,2,4,99221366**,10,6,False,6,6,29,7
NewJersey4,LS1,Evening,Set1,Draw5,2,col2,Evening|Set1|Draw5|col2,A,own,1,2,1,5,2,5,992266**,8,4,False,6,6,29,7
NewJersey4,LS1,Evening,Set1,Draw5,2,col2,Evening|Set1|Draw5|col2,A,own,1,2,1,5,2,6,**,2,1,True,6,6,29,7
NewJersey4,LS1,Evening,Set1,Draw5,2,col2,Evening|Set1|Draw5|col2,A,combined,1,2,1,5,2,0,992201388667**,14,9,False,6,11,57,10
NewJersey4,LS1,Evening,Set1,Draw5,2,col2,Evening|Set1|Draw5|col2,A,combined,1,2,1,5,2,1,992201366**,11,7,False,6,11,57,10
NewJersey4,LS1,Evening,Set1,Draw5,2,col2,Evening|Set1|Draw5|col2,A,combined,1,2,1,5,2,2,2201366**,9,6,False,6,11,57,10
NewJersey4,LS1,Evening,Set1,Draw5,2,col2,Evening|Set1|Draw5|col2,A,combined,1,2,1,5,2,3,2201366**,9,6,False,6,11,57,10
NewJersey4,LS1,Evening,Set1,Draw5,2,col2,Evening|Set1|Draw5|col2,A,combined,1,2,1,5,2,4,0366**,6,4,False,6,11,57,10
NewJersey4,LS1,Evening,Set1,Draw5,2,col2,Evening|Set1|Draw5|col2,A,combined,1,2,1,5,2,5,0366**,6,4,False,6,11,57,10
NewJersey4,LS1,Evening,Set1,Draw5,2,col2,Evening|Set1|Draw5|col2,A,combined,1,2,1,5,2,6,066**,5,3,True,6,11,57,10
NewJersey4,LS1,Evening,Set1,Draw5,2,col2,Evening|Set1|Draw5|col2,A,combined,1,2,1,5,2,7,66**,4,2,True,6,11,57,10
NewJersey4,LS1,Evening,Set1,Draw5,2,col2,Evening|Set1|Draw5|col2,A,combined,1,2,1,5,2,8,66**,4,2,True,6,11,57,10
NewJersey4,LS1,Evening,Set1,Draw5,2,col2,Evening|Set1|Draw5|col2,A,combined,1,2,1,5,2,11,**,2,1,True,6,11,57,10
NewJersey4,LS1,Evening,Set1,Draw5,2,col2,Evening|Set1|Draw5|col2,B,own,1,2,1,5,2,0,992201388667**,14,9,False,4,6,29,7
NewJersey4,LS1,Evening,Set1,Draw5,2,col2,Evening|Set1|Draw5|col2,B,own,1,2,1,5,2,1,99220166**,10,6,False,4,6,29,7
NewJersey4,LS1,Evening,Set1,Draw5,2,col2,Evening|Set1|Draw5|col2,B,own,1,2,1,5,2,2,22166**,7,4,False,4,6,29,7
NewJersey4,LS1,Evening,Set1,Draw5,2,col2,Evening|Set1|Draw5|col2,B,own,1,2,1,5,2,3,22166**,7,4,False,4,6,29,7
NewJersey4,LS1,Evening,Set1,Draw5,2,col2,Evening|Set1|Draw5|col2,B,own,1,2,1,5,2,4,166**,5,3,True,4,6,29,7
NewJersey4,LS1,Evening,Set1,Draw5,2,col2,Evening|Set1|Draw5|col2,B,own,1,2,1,5,2,5,66**,4,2,True,4,6,29,7
NewJersey4,LS1,Evening,Set1,Draw5,2,col2,Evening|Set1|Draw5|col2,B,own,1,2,1,5,2,6,**,2,1,True,4,6,29,7
NewJersey4,LS1,Evening,Set1,Draw5,2,col2,Evening|Set1|Draw5|col2,B,combined,1,2,1,5,2,0,992201388667**,14,9,False,4,9,57,7
NewJersey4,LS1,Evening,Set1,Draw5,2,col2,Evening|Set1|Draw5|col2,B,combined,1,2,1,5,2,1,99220166**,10,6,False,4,9,57,7
NewJersey4,LS1,Evening,Set1,Draw5,2,col2,Evening|Set1|Draw5|col2,B,combined,1,2,1,5,2,2,22166**,7,4,False,4,9,57,7
NewJersey4,LS1,Evening,Set1,Draw5,2,col2,Evening|Set1|Draw5|col2,B,combined,1,2,1,5,2,3,22166**,7,4,False,4,9,57,7
NewJersey4,LS1,Evening,Set1,Draw5,2,col2,Evening|Set1|Draw5|col2,B,combined,1,2,1,5,2,4,66**,4,2,True,4,9,57,7
NewJersey4,LS1,Evening,Set1,Draw5,2,col2,Evening|Set1|Draw5|col2,B,combined,1,2,1,5,2,5,66**,4,2,True,4,9,57,7
NewJersey4,LS1,Evening,Set1,Draw5,2,col2,Evening|Set1|Draw5|col2,B,combined,1,2,1,5,2,9,**,2,1,True,4,9,57,7
NewJersey4,LS1,Evening,Set1,Draw5,2,col2,Evening|Set1|Draw5|col2,C,own,1,2,1,5,2,0,992201388667**,14,9,False,2,5,29,6
NewJersey4,LS1,Evening,Set1,Draw5,2,col2,Evening|Set1|Draw5|col2,C,own,1,2,1,5,2,1,990166**,8,5,False,2,5,29,6
NewJersey4,LS1,Evening,Set1,Draw5,2,col2,Evening|Set1|Draw5|col2,C,own,1,2,1,5,2,2,166**,5,3,True,2,5,29,6
NewJersey4,LS1,Evening,Set1,Draw5,2,col2,Evening|Set1|Draw5|col2,C,own,1,2,1,5,2,3,166**,5,3,True,2,5,29,6
NewJersey4,LS1,Evening,Set1,Draw5,2,col2,Evening|Set1|Draw5|col2,C,own,1,2,1,5,2,4,166**,5,3,True,2,5,29,6
NewJersey4,LS1,Evening,Set1,Draw5,2,col2,Evening|Set1|Draw5|col2,C,own,1,2,1,5,2,5,**,2,1,True,2,5,29,6
NewJersey4,LS1,Evening,Set1,Draw5,2,col2,Evening|Set1|Draw5|col2,C,combined,1,2,1,5,2,0,992201388667**,14,9,False,2,4,57,5
NewJersey4,LS1,Evening,Set1,Draw5,2,col2,Evening|Set1|Draw5|col2,C,combined,1,2,1,5,2,1,990166**,8,5,False,2,4,57,5
NewJersey4,LS1,Evening,Set1,Draw5,2,col2,Evening|Set1|Draw5|col2,C,combined,1,2,1,5,2,2,166**,5,3,True,2,4,57,5
NewJersey4,LS1,Evening,Set1,Draw5,2,col2,Evening|Set1|Draw5|col2,C,combined,1,2,1,5,2,3,166**,5,3,True,2,4,57,5
NewJersey4,LS1,Evening,Set1,Draw5,2,col2,Evening|Set1|Draw5|col2,C,combined,1,2,1,5,2,4,**,2,1,True,2,4,57,5
NewJersey4,LS1,Evening,Set1,Draw5,2,col2,Evening|Set1|Draw5|col2,D,own,1,2,1,5,2,0,992201388667**,14,9,False,4,6,29,7
NewJersey4,LS1,Evening,Set1,Draw5,2,col2,Evening|Set1|Draw5|col2,D,own,1,2,1,5,2,1,9920166**,9,6,False,4,6,29,7
NewJersey4,LS1,Evening,Set1,Draw5,2,col2,Evening|Set1|Draw5|col2,D,own,1,2,1,5,2,2,92166**,7,5,False,4,6,29,7
NewJersey4,LS1,Evening,Set1,Draw5,2,col2,Evening|Set1|Draw5|col2,D,own,1,2,1,5,2,3,2166**,6,4,False,4,6,29,7
NewJersey4,LS1,Evening,Set1,Draw5,2,col2,Evening|Set1|Draw5|col2,D,own,1,2,1,5,2,4,166**,5,3,True,4,6,29,7
NewJersey4,LS1,Evening,Set1,Draw5,2,col2,Evening|Set1|Draw5|col2,D,own,1,2,1,5,2,5,6**,3,2,True,4,6,29,7
NewJersey4,LS1,Evening,Set1,Draw5,2,col2,Evening|Set1|Draw5|col2,D,own,1,2,1,5,2,6,**,2,1,True,4,6,29,7
NewJersey4,LS1,Evening,Set1,Draw5,2,col2,Evening|Set1|Draw5|col2,D,combined,1,2,1,5,2,0,992201388667**,14,9,False,4,9,57,7
NewJersey4,LS1,Evening,Set1,Draw5,2,col2,Evening|Set1|Draw5|col2,D,combined,1,2,1,5,2,1,9920166**,9,6,False,4,9,57,7
NewJersey4,LS1,Evening,Set1,Draw5,2,col2,Evening|Set1|Draw5|col2,D,combined,1,2,1,5,2,2,2166**,6,4,False,4,9,57,7
NewJersey4,LS1,Evening,Set1,Draw5,2,col2,Evening|Set1|Draw5|col2,D,combined,1,2,1,5,2,3,2166**,6,4,False,4,9,57,7
NewJersey4,LS1,Evening,Set1,Draw5,2,col2,Evening|Set1|Draw5|col2,D,combined,1,2,1,5,2,4,6**,3,2,True,4,9,57,7
NewJersey4,LS1,Evening,Set1,Draw5,2,col2,Evening|Set1|Draw5|col2,D,combined,1,2,1,5,2,5,6**,3,2,True,4,9,57,7
NewJersey4,LS1,Evening,Set1,Draw5,2,col2,Evening|Set1|Draw5|col2,D,combined,1,2,1,5,2,9,**,2,1,True,4,9,57,7
NewJersey4,LS1,Evening,Set1,Draw5,2,col2,Evening|Set1|Draw5|col2,E,own,1,2,1,5,2,0,992201388667**,14,9,False,5,7,29,8
NewJersey4,LS1,Evening,Set1,Draw5,2,col2,Evening|Set1|Draw5|col2,E,own,1,2,1,5,2,1,992201366**,11,7,False,5,7,29,8
NewJersey4,LS1,Evening,Set1,Draw5,2,col2,Evening|Set1|Draw5|col2,E,own,1,2,1,5,2,2,9221366**,9,6,False,5,7,29,8
NewJersey4,LS1,Evening,Set1,Draw5,2,col2,Evening|Set1|Draw5|col2,E,own,1,2,1,5,2,3,221366**,8,5,False,5,7,29,8
NewJersey4,LS1,Evening,Set1,Draw5,2,col2,Evening|Set1|Draw5|col2,E,own,1,2,1,5,2,4,21366**,7,5,False,5,7,29,8
NewJersey4,LS1,Evening,Set1,Draw5,2,col2,Evening|Set1|Draw5|col2,E,own,1,2,1,5,2,5,266**,5,3,True,5,7,29,8
NewJersey4,LS1,Evening,Set1,Draw5,2,col2,Evening|Set1|Draw5|col2,E,own,1,2,1,5,2,6,6**,3,2,True,5,7,29,8
NewJersey4,LS1,Evening,Set1,Draw5,2,col2,Evening|Set1|Draw5|col2,E,own,1,2,1,5,2,7,**,2,1,True,5,7,29,8
NewJersey4,LS1,Evening,Set1,Draw5,2,col2,Evening|Set1|Draw5|col2,E,combined,1,2,1,5,2,0,992201388667**,14,9,False,4,11,57,12
NewJersey4,LS1,Evening,Set1,Draw5,2,col2,Evening|Set1|Draw5|col2,E,combined,1,2,1,5,2,1,992201366**,11,7,False,4,11,57,12
NewJersey4,LS1,Evening,Set1,Draw5,2,col2,Evening|Set1|Draw5|col2,E,combined,1,2,1,5,2,2,922166**,8,5,False,4,11,57,12
NewJersey4,LS1,Evening,Set1,Draw5,2,col2,Evening|Set1|Draw5|col2,E,combined,1,2,1,5,2,3,22166**,7,4,False,4,11,57,12
NewJersey4,LS1,Evening,Set1,Draw5,2,col2,Evening|Set1|Draw5|col2,E,combined,1,2,1,5,2,4,266**,5,3,True,4,11,57,12
NewJersey4,LS1,Evening,Set1,Draw5,2,col2,Evening|Set1|Draw5|col2,E,combined,1,2,1,5,2,5,266**,5,3,True,4,11,57,12
NewJersey4,LS1,Evening,Set1,Draw5,2,col2,Evening|Set1|Draw5|col2,E,combined,1,2,1,5,2,6,266**,5,3,True,4,11,57,12
NewJersey4,LS1,Evening,Set1,Draw5,2,col2,Evening|Set1|Draw5|col2,E,combined,1,2,1,5,2,7,66**,4,2,True,4,11,57,12
NewJersey4,LS1,Evening,Set1,Draw5,2,col2,Evening|Set1|Draw5|col2,E,combined,1,2,1,5,2,8,66**,4,2,True,4,11,57,12
NewJersey4,LS1,Evening,Set1,Draw5,2,col2,Evening|Set1|Draw5|col2,E,combined,1,2,1,5,2,9,6**,3,2,True,4,11,57,12
NewJersey4,LS1,Evening,Set1,Draw5,2,col2,Evening|Set1|Draw5|col2,E,combined,1,2,1,5,2,10,6**,3,2,True,4,11,57,12
NewJersey4,LS1,Evening,Set1,Draw5,2,col2,Evening|Set1|Draw5|col2,E,combined,1,2,1,5,2,11,**,2,1,True,4,11,57,12
NewJersey4,LS1,Evening,Set1,Draw5,2,col2,Evening|Set1|Draw5|col2,T,own,1,2,1,5,2,0,992201388667**,14,9,False,2,5,29,6
NewJersey4,LS1,Evening,Set1,Draw5,2,col2,Evening|Set1|Draw5|col2,T,own,1,2,1,5,2,1,990166**,8,5,False,2,5,29,6
NewJersey4,LS1,Evening,Set1,Draw5,2,col2,Evening|Set1|Draw5|col2,T,own,1,2,1,5,2,2,166**,5,3,True,2,5,29,6
NewJersey4,LS1,Evening,Set1,Draw5,2,col2,Evening|Set1|Draw5|col2,T,own,1,2,1,5,2,3,166**,5,3,True,2,5,29,6
NewJersey4,LS1,Evening,Set1,Draw5,2,col2,Evening|Set1|Draw5|col2,T,own,1,2,1,5,2,4,166**,5,3,True,2,5,29,6
NewJersey4,LS1,Evening,Set1,Draw5,2,col2,Evening|Set1|Draw5|col2,T,own,1,2,1,5,2,5,**,2,1,True,2,5,29,6
NewJersey4,LS1,Evening,Set1,Draw5,2,col2,Evening|Set1|Draw5|col2,T,combined,1,2,1,5,2,0,992201388667**,14,9,False,2,4,57,5
NewJersey4,LS1,Evening,Set1,Draw5,2,col2,Evening|Set1|Draw5|col2,T,combined,1,2,1,5,2,1,990166**,8,5,False,2,4,57,5
NewJersey4,LS1,Evening,Set1,Draw5,2,col2,Evening|Set1|Draw5|col2,T,combined,1,2,1,5,2,2,166**,5,3,True,2,4,57,5
NewJersey4,LS1,Evening,Set1,Draw5,2,col2,Evening|Set1|Draw5|col2,T,combined,1,2,1,5,2,3,166**,5,3,True,2,4,57,5
NewJersey4,LS1,Evening,Set1,Draw5,2,col2,Evening|Set1|Draw5|col2,T,combined,1,2,1,5,2,4,**,2,1,True,2,4,57,5
NewJersey4,LS1,Evening,Set1,Draw5,1,col1,Evening|Set1|Draw5|col1,A,own,1,2,1,5,1,0,992201366**,11,7,False,6,6,29,7
NewJersey4,LS1,Evening,Set1,Draw5,1,col1,Evening|Set1|Draw5|col1,A,own,1,2,1,5,1,1,992201366**,11,7,False,6,6,29,7
NewJersey4,LS1,Evening,Set1,Draw5,1,col1,Evening|Set1|Draw5|col1,A,own,1,2,1,5,1,2,992201366**,11,7,False,6,6,29,7
NewJersey4,LS1,Evening,Set1,Draw5,1,col1,Evening|Set1|Draw5|col1,A,own,1,2,1,5,1,3,992201366**,11,7,False,6,6,29,7
NewJersey4,LS1,Evening,Set1,Draw5,1,col1,Evening|Set1|Draw5|col1,A,own,1,2,1,5,1,4,99221366**,10,6,False,6,6,29,7
NewJersey4,LS1,Evening,Set1,Draw5,1,col1,Evening|Set1|Draw5|col1,A,own,1,2,1,5,1,5,992266**,8,4,False,6,6,29,7
NewJersey4,LS1,Evening,Set1,Draw5,1,col1,Evening|Set1|Draw5|col1,A,own,1,2,1,5,1,6,**,2,1,True,6,6,29,7
NewJersey4,LS1,Evening,Set1,Draw5,1,col1,Evening|Set1|Draw5|col1,A,combined,1,2,1,5,1,0,992201366**,11,7,False,6,11,57,10
NewJersey4,LS1,Evening,Set1,Draw5,1,col1,Evening|Set1|Draw5|col1,A,combined,1,2,1,5,1,1,992201366**,11,7,False,6,11,57,10
NewJersey4,LS1,Evening,Set1,Draw5,1,col1,Evening|Set1|Draw5|col1,A,combined,1,2,1,5,1,2,2201366**,9,6,False,6,11,57,10
NewJersey4,LS1,Evening,Set1,Draw5,1,col1,Evening|Set1|Draw5|col1,A,combined,1,2,1,5,1,3,2201366**,9,6,False,6,11,57,10
NewJersey4,LS1,Evening,Set1,Draw5,1,col1,Evening|Set1|Draw5|col1,A,combined,1,2,1,5,1,4,0366**,6,4,False,6,11,57,10
NewJersey4,LS1,Evening,Set1,Draw5,1,col1,Evening|Set1|Draw5|col1,A,combined,1,2,1,5,1,5,0366**,6,4,False,6,11,57,10
NewJersey4,LS1,Evening,Set1,Draw5,1,col1,Evening|Set1|Draw5|col1,A,combined,1,2,1,5,1,6,066**,5,3,True,6,11,57,10
NewJersey4,LS1,Evening,Set1,Draw5,1,col1,Evening|Set1|Draw5|col1,A,combined,1,2,1,5,1,7,66**,4,2,True,6,11,57,10
NewJersey4,LS1,Evening,Set1,Draw5,1,col1,Evening|Set1|Draw5|col1,A,combined,1,2,1,5,1,8,66**,4,2,True,6,11,57,10
NewJersey4,LS1,Evening,Set1,Draw5,1,col1,Evening|Set1|Draw5|col1,A,combined,1,2,1,5,1,11,**,2,1,True,6,11,57,10
NewJersey4,LS1,Evening,Set1,Draw5,1,col1,Evening|Set1|Draw5|col1,B,own,1,2,1,5,1,0,992201366**,11,7,False,2,6,29,7
NewJersey4,LS1,Evening,Set1,Draw5,1,col1,Evening|Set1|Draw5|col1,B,own,1,2,1,5,1,1,990166**,8,5,False,2,6,29,7
NewJersey4,LS1,Evening,Set1,Draw5,1,col1,Evening|Set1|Draw5|col1,B,own,1,2,1,5,1,2,166**,5,3,True,2,6,29,7
NewJersey4,LS1,Evening,Set1,Draw5,1,col1,Evening|Set1|Draw5|col1,B,own,1,2,1,5,1,3,166**,5,3,True,2,6,29,7
NewJersey4,LS1,Evening,Set1,Draw5,1,col1,Evening|Set1|Draw5|col1,B,own,1,2,1,5,1,4,166**,5,3,True,2,6,29,7
NewJersey4,LS1,Evening,Set1,Draw5,1,col1,Evening|Set1|Draw5|col1,B,own,1,2,1,5,1,5,66**,4,2,True,2,6,29,7
NewJersey4,LS1,Evening,Set1,Draw5,1,col1,Evening|Set1|Draw5|col1,B,own,1,2,1,5,1,6,**,2,1,True,2,6,29,7
NewJersey4,LS1,Evening,Set1,Draw5,1,col1,Evening|Set1|Draw5|col1,B,combined,1,2,1,5,1,0,992201366**,11,7,False,2,9,57,7
NewJersey4,LS1,Evening,Set1,Draw5,1,col1,Evening|Set1|Draw5|col1,B,combined,1,2,1,5,1,1,990166**,8,5,False,2,9,57,7
NewJersey4,LS1,Evening,Set1,Draw5,1,col1,Evening|Set1|Draw5|col1,B,combined,1,2,1,5,1,2,166**,5,3,True,2,9,57,7
NewJersey4,LS1,Evening,Set1,Draw5,1,col1,Evening|Set1|Draw5|col1,B,combined,1,2,1,5,1,3,166**,5,3,True,2,9,57,7
NewJersey4,LS1,Evening,Set1,Draw5,1,col1,Evening|Set1|Draw5|col1,B,combined,1,2,1,5,1,4,66**,4,2,True,2,9,57,7
NewJersey4,LS1,Evening,Set1,Draw5,1,col1,Evening|Set1|Draw5|col1,B,combined,1,2,1,5,1,5,66**,4,2,True,2,9,57,7
NewJersey4,LS1,Evening,Set1,Draw5,1,col1,Evening|Set1|Draw5|col1,B,combined,1,2,1,5,1,9,**,2,1,True,2,9,57,7
NewJersey4,LS1,Evening,Set1,Draw5,1,col1,Evening|Set1|Draw5|col1,C,own,1,2,1,5,1,0,992201366**,11,7,False,2,5,29,6
NewJersey4,LS1,Evening,Set1,Draw5,1,col1,Evening|Set1|Draw5|col1,C,own,1,2,1,5,1,1,990166**,8,5,False,2,5,29,6
NewJersey4,LS1,Evening,Set1,Draw5,1,col1,Evening|Set1|Draw5|col1,C,own,1,2,1,5,1,2,166**,5,3,True,2,5,29,6
NewJersey4,LS1,Evening,Set1,Draw5,1,col1,Evening|Set1|Draw5|col1,C,own,1,2,1,5,1,3,166**,5,3,True,2,5,29,6
NewJersey4,LS1,Evening,Set1,Draw5,1,col1,Evening|Set1|Draw5|col1,C,own,1,2,1,5,1,4,166**,5,3,True,2,5,29,6
NewJersey4,LS1,Evening,Set1,Draw5,1,col1,Evening|Set1|Draw5|col1,C,own,1,2,1,5,1,5,**,2,1,True,2,5,29,6
NewJersey4,LS1,Evening,Set1,Draw5,1,col1,Evening|Set1|Draw5|col1,C,combined,1,2,1,5,1,0,992201366**,11,7,False,2,4,57,5
NewJersey4,LS1,Evening,Set1,Draw5,1,col1,Evening|Set1|Draw5|col1,C,combined,1,2,1,5,1,1,990166**,8,5,False,2,4,57,5
NewJersey4,LS1,Evening,Set1,Draw5,1,col1,Evening|Set1|Draw5|col1,C,combined,1,2,1,5,1,2,166**,5,3,True,2,4,57,5
NewJersey4,LS1,Evening,Set1,Draw5,1,col1,Evening|Set1|Draw5|col1,C,combined,1,2,1,5,1,3,166**,5,3,True,2,4,57,5
NewJersey4,LS1,Evening,Set1,Draw5,1,col1,Evening|Set1|Draw5|col1,C,combined,1,2,1,5,1,4,**,2,1,True,2,4,57,5
NewJersey4,LS1,Evening,Set1,Draw5,1,col1,Evening|Set1|Draw5|col1,D,own,1,2,1,5,1,0,992201366**,11,7,False,4,6,29,7
NewJersey4,LS1,Evening,Set1,Draw5,1,col1,Evening|Set1|Draw5|col1,D,own,1,2,1,5,1,1,9920166**,9,6,False,4,6,29,7
NewJersey4,LS1,Evening,Set1,Draw5,1,col1,Evening|Set1|Draw5|col1,D,own,1,2,1,5,1,2,92166**,7,5,False,4,6,29,7
NewJersey4,LS1,Evening,Set1,Draw5,1,col1,Evening|Set1|Draw5|col1,D,own,1,2,1,5,1,3,2166**,6,4,False,4,6,29,7
NewJersey4,LS1,Evening,Set1,Draw5,1,col1,Evening|Set1|Draw5|col1,D,own,1,2,1,5,1,4,166**,5,3,True,4,6,29,7
NewJersey4,LS1,Evening,Set1,Draw5,1,col1,Evening|Set1|Draw5|col1,D,own,1,2,1,5,1,5,6**,3,2,True,4,6,29,7
NewJersey4,LS1,Evening,Set1,Draw5,1,col1,Evening|Set1|Draw5|col1,D,own,1,2,1,5,1,6,**,2,1,True,4,6,29,7
NewJersey4,LS1,Evening,Set1,Draw5,1,col1,Evening|Set1|Draw5|col1,D,combined,1,2,1,5,1,0,992201366**,11,7,False,4,9,57,7
NewJersey4,LS1,Evening,Set1,Draw5,1,col1,Evening|Set1|Draw5|col1,D,combined,1,2,1,5,1,1,9920166**,9,6,False,4,9,57,7
NewJersey4,LS1,Evening,Set1,Draw5,1,col1,Evening|Set1|Draw5|col1,D,combined,1,2,1,5,1,2,2166**,6,4,False,4,9,57,7
NewJersey4,LS1,Evening,Set1,Draw5,1,col1,Evening|Set1|Draw5|col1,D,combined,1,2,1,5,1,3,2166**,6,4,False,4,9,57,7
NewJersey4,LS1,Evening,Set1,Draw5,1,col1,Evening|Set1|Draw5|col1,D,combined,1,2,1,5,1,4,6**,3,2,True,4,9,57,7
NewJersey4,LS1,Evening,Set1,Draw5,1,col1,Evening|Set1|Draw5|col1,D,combined,1,2,1,5,1,5,6**,3,2,True,4,9,57,7
NewJersey4,LS1,Evening,Set1,Draw5,1,col1,Evening|Set1|Draw5|col1,D,combined,1,2,1,5,1,9,**,2,1,True,4,9,57,7
NewJersey4,LS1,Evening,Set1,Draw5,1,col1,Evening|Set1|Draw5|col1,E,own,1,2,1,5,1,0,992201366**,11,7,False,4,7,29,8
NewJersey4,LS1,Evening,Set1,Draw5,1,col1,Evening|Set1|Draw5|col1,E,own,1,2,1,5,1,1,9920166**,9,6,False,4,7,29,8
NewJersey4,LS1,Evening,Set1,Draw5,1,col1,Evening|Set1|Draw5|col1,E,own,1,2,1,5,1,2,92166**,7,5,False,4,7,29,8
NewJersey4,LS1,Evening,Set1,Draw5,1,col1,Evening|Set1|Draw5|col1,E,own,1,2,1,5,1,3,2166**,6,4,False,4,7,29,8
NewJersey4,LS1,Evening,Set1,Draw5,1,col1,Evening|Set1|Draw5|col1,E,own,1,2,1,5,1,4,166**,5,3,True,4,7,29,8
NewJersey4,LS1,Evening,Set1,Draw5,1,col1,Evening|Set1|Draw5|col1,E,own,1,2,1,5,1,5,66**,4,2,True,4,7,29,8
NewJersey4,LS1,Evening,Set1,Draw5,1,col1,Evening|Set1|Draw5|col1,E,own,1,2,1,5,1,6,6**,3,2,True,4,7,29,8
NewJersey4,LS1,Evening,Set1,Draw5,1,col1,Evening|Set1|Draw5|col1,E,own,1,2,1,5,1,7,**,2,1,True,4,7,29,8
NewJersey4,LS1,Evening,Set1,Draw5,1,col1,Evening|Set1|Draw5|col1,E,combined,1,2,1,5,1,0,992201366**,11,7,False,4,11,57,9
NewJersey4,LS1,Evening,Set1,Draw5,1,col1,Evening|Set1|Draw5|col1,E,combined,1,2,1,5,1,1,9920166**,9,6,False,4,11,57,9
NewJersey4,LS1,Evening,Set1,Draw5,1,col1,Evening|Set1|Draw5|col1,E,combined,1,2,1,5,1,2,92166**,7,5,False,4,11,57,9
NewJersey4,LS1,Evening,Set1,Draw5,1,col1,Evening|Set1|Draw5|col1,E,combined,1,2,1,5,1,3,2166**,6,4,False,4,11,57,9
NewJersey4,LS1,Evening,Set1,Draw5,1,col1,Evening|Set1|Draw5|col1,E,combined,1,2,1,5,1,4,66**,4,2,True,4,11,57,9
NewJersey4,LS1,Evening,Set1,Draw5,1,col1,Evening|Set1|Draw5|col1,E,combined,1,2,1,5,1,5,66**,4,2,True,4,11,57,9
NewJersey4,LS1,Evening,Set1,Draw5,1,col1,Evening|Set1|Draw5|col1,E,combined,1,2,1,5,1,9,6**,3,2,True,4,11,57,9
NewJersey4,LS1,Evening,Set1,Draw5,1,col1,Evening|Set1|Draw5|col1,E,combined,1,2,1,5,1,10,6**,3,2,True,4,11,57,9
NewJersey4,LS1,Evening,Set1,Draw5,1,col1,Evening|Set1|Draw5|col1,E,combined,1,2,1,5,1,11,**,2,1,True,4,11,57,9
NewJersey4,LS1,Evening,Set1,Draw5,1,col1,Evening|Set1|Draw5|col1,T,own,1,2,1,5,1,0,992201366**,11,7,False,2,5,29,6
NewJersey4,LS1,Evening,Set1,Draw5,1,col1,Evening|Set1|Draw5|col1,T,own,1,2,1,5,1,1,990166**,8,5,False,2,5,29,6
NewJersey4,LS1,Evening,Set1,Draw5,1,col1,Evening|Set1|Draw5|col1,T,own,1,2,1,5,1,2,166**,5,3,True,2,5,29,6
NewJersey4,LS1,Evening,Set1,Draw5,1,col1,Evening|Set1|Draw5|col1,T,own,1,2,1,5,1,3,166**,5,3,True,2,5,29,6
NewJersey4,LS1,Evening,Set1,Draw5,1,col1,Evening|Set1|Draw5|col1,T,own,1,2,1,5,1,4,166**,5,3,True,2,5,29,6
NewJersey4,LS1,Evening,Set1,Draw5,1,col1,Evening|Set1|Draw5|col1,T,own,1,2,1,5,1,5,**,2,1,True,2,5,29,6
NewJersey4,LS1,Evening,Set1,Draw5,1,col1,Evening|Set1|Draw5|col1,T,combined,1,2,1,5,1,0,992201366**,11,7,False,2,4,57,5
NewJersey4,LS1,Evening,Set1,Draw5,1,col1,Evening|Set1|Draw5|col1,T,combined,1,2,1,5,1,1,990166**,8,5,False,2,4,57,5
NewJersey4,LS1,Evening,Set1,Draw5,1,col1,Evening|Set1|Draw5|col1,T,combined,1,2,1,5,1,2,166**,5,3,True,2,4,57,5
NewJersey4,LS1,Evening,Set1,Draw5,1,col1,Evening|Set1|Draw5|col1,T,combined,1,2,1,5,1,3,166**,5,3,True,2,4,57,5
NewJersey4,LS1,Evening,Set1,Draw5,1,col1,Evening|Set1|Draw5|col1,T,combined,1,2,1,5,1,4,**,2,1,True,2,4,57,5
NewJersey4,LS1,Evening,Set1,Draw6,2,col2,Evening|Set1|Draw6|col2,A,own,1,2,1,6,2,0,99220113388667,14,8,False,5,6,7,7
NewJersey4,LS1,Evening,Set1,Draw6,2,col2,Evening|Set1|Draw6|col2,A,own,1,2,1,6,2,1,99220113366,11,6,False,5,6,7,7
NewJersey4,LS1,Evening,Set1,Draw6,2,col2,Evening|Set1|Draw6|col2,A,own,1,2,1,6,2,2,99220113366,11,6,False,5,6,7,7
NewJersey4,LS1,Evening,Set1,Draw6,2,col2,Evening|Set1|Draw6|col2,A,own,1,2,1,6,2,3,99220113366,11,6,False,5,6,7,7
NewJersey4,LS1,Evening,Set1,Draw6,2,col2,Evening|Set1|Draw6|col2,A,own,1,2,1,6,2,4,9922113366,10,5,False,5,6,7,7
NewJersey4,LS1,Evening,Set1,Draw6,2,col2,Evening|Set1|Draw6|col2,A,own,1,2,1,6,2,5,992266,6,3,True,5,6,7,7
NewJersey4,LS1,Evening,Set1,Draw6,2,col2,Evening|Set1|Draw6|col2,A,own,1,2,1,6,2,6,,0,0,False,5,6,7,7
NewJersey4,LS1,Evening,Set1,Draw6,2,col2,Evening|Set1|Draw6|col2,A,combined,1,2,1,6,2,0,99220113388667,14,8,False,4,11,12,10
NewJersey4,LS1,Evening,Set1,Draw6,2,col2,Evening|Set1|Draw6|col2,A,combined,1,2,1,6,2,1,99220113366,11,6,False,4,11,12,10
NewJersey4,LS1,Evening,Set1,Draw6,2,col2,Evening|Set1|Draw6|col2,A,combined,1,2,1,6,2,2,220113366,9,5,False,4,11,12,10
NewJersey4,LS1,Evening,Set1,Draw6,2,col2,Evening|Set1|Draw6|col2,A,combined,1,2,1,6,2,3,220113366,9,5,False,4,11,12,10
NewJersey4,LS1,Evening,Set1,Draw6,2,col2,Evening|Set1|Draw6|col2,A,combined,1,2,1,6,2,4,03366,5,3,True,4,11,12,10
NewJersey4,LS1,Evening,Set1,Draw6,2,col2,Evening|Set1|Draw6|col2,A,combined,1,2,1,6,2,5,03366,5,3,True,4,11,12,10
NewJersey4,LS1,Evening,Set1,Draw6,2,col2,Evening|Set1|Draw6|col2,A,combined,1,2,1,6,2,6,066,3,2,True,4,11,12,10
NewJersey4,LS1,Evening,Set1,Draw6,2,col2,Evening|Set1|Draw6|col2,A,combined,1,2,1,6,2,7,66,2,1,True,4,11,12,10
NewJersey4,LS1,Evening,Set1,Draw6,2,col2,Evening|Set1|Draw6|col2,A,combined,1,2,1,6,2,8,66,2,1,True,4,11,12,10
NewJersey4,LS1,Evening,Set1,Draw6,2,col2,Evening|Set1|Draw6|col2,A,combined,1,2,1,6,2,11,,0,0,False,4,11,12,10
NewJersey4,LS1,Evening,Set1,Draw6,2,col2,Evening|Set1|Draw6|col2,B,own,1,2,1,6,2,0,99220113388667,14,8,False,2,6,7,7
NewJersey4,LS1,Evening,Set1,Draw6,2,col2,Evening|Set1|Draw6|col2,B,own,1,2,1,6,2,1,992201166,9,5,False,2,6,7,7
NewJersey4,LS1,Evening,Set1,Draw6,2,col2,Evening|Set1|Draw6|col2,B,own,1,2,1,6,2,2,221166,6,3,True,2,6,7,7
NewJersey4,LS1,Evening,Set1,Draw6,2,col2,Evening|Set1|Draw6|col2,B,own,1,2,1,6,2,3,221166,6,3,True,2,6,7,7
NewJersey4,LS1,Evening,Set1,Draw6,2,col2,Evening|Set1|Draw6|col2,B,own,1,2,1,6,2,4,1166,4,2,True,2,6,7,7
NewJersey4,LS1,Evening,Set1,Draw6,2,col2,Evening|Set1|Draw6|col2,B,own,1,2,1,6,2,5,66,2,1,True,2,6,7,7
NewJersey4,LS1,Evening,Set1,Draw6,2,col2,Evening|Set1|Draw6|col2,B,own,1,2,1,6,2,6,,0,0,False,2,6,7,7
NewJersey4,LS1,Evening,Set1,Draw6,2,col2,Evening|Set1|Draw6|col2,B,combined,1,2,1,6,2,0,99220113388667,14,8,False,2,9,10,7
NewJersey4,LS1,Evening,Set1,Draw6,2,col2,Evening|Set1|Draw6|col2,B,combined,1,2,1,6,2,1,992201166,9,5,False,2,9,10,7
NewJersey4,LS1,Evening,Set1,Draw6,2,col2,Evening|Set1|Draw6|col2,B,combined,1,2,1,6,2,2,221166,6,3,True,2,9,10,7
NewJersey4,LS1,Evening,Set1,Draw6,2,col2,Evening|Set1|Draw6|col2,B,combined,1,2,1,6,2,3,221166,6,3,True,2,9,10,7
NewJersey4,LS1,Evening,Set1,Draw6,2,col2,Evening|Set1|Draw6|col2,B,combined,1,2,1,6,2,4,66,2,1,True,2,9,10,7
NewJersey4,LS1,Evening,Set1,Draw6,2,col2,Evening|Set1|Draw6|col2,B,combined,1,2,1,6,2,5,66,2,1,True,2,9,10,7
NewJersey4,LS1,Evening,Set1,Draw6,2,col2,Evening|Set1|Draw6|col2,B,combined,1,2,1,6,2,9,,0,0,False,2,9,10,7
NewJersey4,LS1,Evening,Set1,Draw6,2,col2,Evening|Set1|Draw6|col2,C,own,1,2,1,6,2,0,99220113388667,14,8,False,2,5,6,5
NewJersey4,LS1,Evening,Set1,Draw6,2,col2,Evening|Set1|Draw6|col2,C,own,1,2,1,6,2,1,9901166,7,4,False,2,5,6,5
NewJersey4,LS1,Evening,Set1,Draw6,2,col2,Evening|Set1|Draw6|col2,C,own,1,2,1,6,2,2,1166,4,2,True,2,5,6,5
NewJersey4,LS1,Evening,Set1,Draw6,2,col2,Evening|Set1|Draw6|col2,C,own,1,2,1,6,2,3,1166,4,2,True,2,5,6,5
NewJersey4,LS1,Evening,Set1,Draw6,2,col2,Evening|Set1|Draw6|col2,C,own,1,2,1,6,2,5,,0,0,False,2,5,6,5
NewJersey4,LS1,Evening,Set1,Draw6,2,col2,Evening|Set1|Draw6|col2,C,combined,1,2,1,6,2,0,99220113388667,14,8,False,2,4,5,5
NewJersey4,LS1,Evening,Set1,Draw6,2,col2,Evening|Set1|Draw6|col2,C,combined,1,2,1,6,2,1,9901166,7,4,False,2,4,5,5
NewJersey4,LS1,Evening,Set1,Draw6,2,col2,Evening|Set1|Draw6|col2,C,combined,1,2,1,6,2,2,1166,4,2,True,2,4,5,5
NewJersey4,LS1,Evening,Set1,Draw6,2,col2,Evening|Set1|Draw6|col2,C,combined,1,2,1,6,2,3,1166,4,2,True,2,4,5,5
NewJersey4,LS1,Evening,Set1,Draw6,2,col2,Evening|Set1|Draw6|col2,C,combined,1,2,1,6,2,4,,0,0,False,2,4,5,5
NewJersey4,LS1,Evening,Set1,Draw6,2,col2,Evening|Set1|Draw6|col2,D,own,1,2,1,6,2,0,99220113388667,14,8,False,3,6,7,7
NewJersey4,LS1,Evening,Set1,Draw6,2,col2,Evening|Set1|Draw6|col2,D,own,1,2,1,6,2,1,99201166,8,5,False,3,6,7,7
NewJersey4,LS1,Evening,Set1,Draw6,2,col2,Evening|Set1|Draw6|col2,D,own,1,2,1,6,2,2,921166,6,4,False,3,6,7,7
NewJersey4,LS1,Evening,Set1,Draw6,2,col2,Evening|Set1|Draw6|col2,D,own,1,2,1,6,2,3,21166,5,3,True,3,6,7,7
NewJersey4,LS1,Evening,Set1,Draw6,2,col2,Evening|Set1|Draw6|col2,D,own,1,2,1,6,2,4,1166,4,2,True,3,6,7,7
NewJersey4,LS1,Evening,Set1,Draw6,2,col2,Evening|Set1|Draw6|col2,D,own,1,2,1,6,2,5,6,1,1,True,3,6,7,7
NewJersey4,LS1,Evening,Set1,Draw6,2,col2,Evening|Set1|Draw6|col2,D,own,1,2,1,6,2,6,,0,0,False,3,6,7,7
NewJersey4,LS1,Evening,Set1,Draw6,2,col2,Evening|Set1|Draw6|col2,D,combined,1,2,1,6,2,0,99220113388667,14,8,False,2,9,10,7
NewJersey4,LS1,Evening,Set1,Draw6,2,col2,Evening|Set1|Draw6|col2,D,combined,1,2,1,6,2,1,99201166,8,5,False,2,9,10,7
NewJersey4,LS1,Evening,Set1,Draw6,2,col2,Evening|Set1|Draw6|col2,D,combined,1,2,1,6,2,2,21166,5,3,True,2,9,10,7
NewJersey4,LS1,Evening,Set1,Draw6,2,col2,Evening|Set1|Draw6|col2,D,combined,1,2,1,6,2,3,21166,5,3,True,2,9,10,7
NewJersey4,LS1,Evening,Set1,Draw6,2,col2,Evening|Set1|Draw6|col2,D,combined,1,2,1,6,2,4,6,1,1,True,2,9,10,7
NewJersey4,LS1,Evening,Set1,Draw6,2,col2,Evening|Set1|Draw6|col2,D,combined,1,2,1,6,2,5,6,1,1,True,2,9,10,7
NewJersey4,LS1,Evening,Set1,Draw6,2,col2,Evening|Set1|Draw6|col2,D,combined,1,2,1,6,2,9,,0,0,False,2,9,10,7
NewJersey4,LS1,Evening,Set1,Draw6,2,col2,Evening|Set1|Draw6|col2,E,own,1,2,1,6,2,0,99220113388667,14,8,False,6,12,13,10
NewJersey4,LS1,Evening,Set1,Draw6,2,col2,Evening|Set1|Draw6|col2,E,own,1,2,1,6,2,1,99220113366,11,6,False,6,12,13,10
NewJersey4,LS1,Evening,Set1,Draw6,2,col2,Evening|Set1|Draw6|col2,E,own,1,2,1,6,2,2,922113366,9,5,False,6,12,13,10
NewJersey4,LS1,Evening,Set1,Draw6,2,col2,Evening|Set1|Draw6|col2,E,own,1,2,1,6,2,3,22113366,8,4,False,6,12,13,10
NewJersey4,LS1,Evening,Set1,Draw6,2,col2,Evening|Set1|Draw6|col2,E,own,1,2,1,6,2,4,2113366,7,4,False,6,12,13,10
NewJersey4,LS1,Evening,Set1,Draw6,2,col2,Evening|Set1|Draw6|col2,E,own,1,2,1,6,2,5,21366,5,4,False,6,12,13,10
NewJersey4,LS1,Evening,Set1,Draw6,2,col2,Evening|Set1|Draw6|col2,E,own,1,2,1,6,2,6,136,3,3,True,6,12,13,10
NewJersey4,LS1,Evening,Set1,Draw6,2,col2,Evening|Set1|Draw6|col2,E,own,1,2,1,6,2,7,6,1,1,True,6,12,13,10
NewJersey4,LS1,Evening,Set1,Draw6,2,col2,Evening|Set1|Draw6|col2,E,own,1,2,1,6,2,8,6,1,1,True,6,12,13,10
NewJersey4,LS1,Evening,Set1,Draw6,2,col2,Evening|Set1|Draw6|col2,E,own,1,2,1,6,2,12,,0,0,False,6,12,13,10
NewJersey4,LS1,Evening,Set1,Draw6,2,col2,Evening|Set1|Draw6|col2,E,combined,1,2,1,6,2,0,99220113388667,14,8,False,4,13,14,14
NewJersey4,LS1,Evening,Set1,Draw6,2,col2,Evening|Set1|Draw6|col2,E,combined,1,2,1,6,2,1,99220113366,11,6,False,4,13,14,14
NewJersey4,LS1,Evening,Set1,Draw6,2,col2,Evening|Set1|Draw6|col2,E,combined,1,2,1,6,2,2,92211366,8,5,False,4,13,14,14
NewJersey4,LS1,Evening,Set1,Draw6,2,col2,Evening|Set1|Draw6|col2,E,combined,1,2,1,6,2,3,2211366,7,4,False,4,13,14,14
NewJersey4,LS1,Evening,Set1,Draw6,2,col2,Evening|Set1|Draw6|col2,E,combined,1,2,1,6,2,4,2166,4,3,True,4,13,14,14
NewJersey4,LS1,Evening,Set1,Draw6,2,col2,Evening|Set1|Draw6|col2,E,combined,1,2,1,6,2,5,2166,4,3,True,4,13,14,14
NewJersey4,LS1,Evening,Set1,Draw6,2,col2,Evening|Set1|Draw6|col2,E,combined,1,2,1,6,2,6,2166,4,3,True,4,13,14,14
NewJersey4,LS1,Evening,Set1,Draw6,2,col2,Evening|Set1|Draw6|col2,E,combined,1,2,1,6,2,7,166,3,2,True,4,13,14,14
NewJersey4,LS1,Evening,Set1,Draw6,2,col2,Evening|Set1|Draw6|col2,E,combined,1,2,1,6,2,8,166,3,2,True,4,13,14,14
NewJersey4,LS1,Evening,Set1,Draw6,2,col2,Evening|Set1|Draw6|col2,E,combined,1,2,1,6,2,9,66,2,1,True,4,13,14,14
NewJersey4,LS1,Evening,Set1,Draw6,2,col2,Evening|Set1|Draw6|col2,E,combined,1,2,1,6,2,10,66,2,1,True,4,13,14,14
NewJersey4,LS1,Evening,Set1,Draw6,2,col2,Evening|Set1|Draw6|col2,E,combined,1,2,1,6,2,11,6,1,1,True,4,13,14,14
NewJersey4,LS1,Evening,Set1,Draw6,2,col2,Evening|Set1|Draw6|col2,E,combined,1,2,1,6,2,12,6,1,1,True,4,13,14,14
NewJersey4,LS1,Evening,Set1,Draw6,2,col2,Evening|Set1|Draw6|col2,E,combined,1,2,1,6,2,13,,0,0,False,4,13,14,14
NewJersey4,LS1,Evening,Set1,Draw6,2,col2,Evening|Set1|Draw6|col2,T,own,1,2,1,6,2,0,99220113388667,14,8,False,2,6,7,6
NewJersey4,LS1,Evening,Set1,Draw6,2,col2,Evening|Set1|Draw6|col2,T,own,1,2,1,6,2,1,9901166,7,4,False,2,6,7,6
NewJersey4,LS1,Evening,Set1,Draw6,2,col2,Evening|Set1|Draw6|col2,T,own,1,2,1,6,2,2,1166,4,2,True,2,6,7,6
NewJersey4,LS1,Evening,Set1,Draw6,2,col2,Evening|Set1|Draw6|col2,T,own,1,2,1,6,2,3,1166,4,2,True,2,6,7,6
NewJersey4,LS1,Evening,Set1,Draw6,2,col2,Evening|Set1|Draw6|col2,T,own,1,2,1,6,2,5,66,2,1,True,2,6,7,6
NewJersey4,LS1,Evening,Set1,Draw6,2,col2,Evening|Set1|Draw6|col2,T,own,1,2,1,6,2,6,,0,0,False,2,6,7,6
NewJersey4,LS1,Evening,Set1,Draw6,2,col2,Evening|Set1|Draw6|col2,T,combined,1,2,1,6,2,0,99220113388667,14,8,False,2,11,12,7
NewJersey4,LS1,Evening,Set1,Draw6,2,col2,Evening|Set1|Draw6|col2,T,combined,1,2,1,6,2,1,9901166,7,4,False,2,11,12,7
NewJersey4,LS1,Evening,Set1,Draw6,2,col2,Evening|Set1|Draw6|col2,T,combined,1,2,1,6,2,2,1166,4,2,True,2,11,12,7
NewJersey4,LS1,Evening,Set1,Draw6,2,col2,Evening|Set1|Draw6|col2,T,combined,1,2,1,6,2,3,1166,4,2,True,2,11,12,7
NewJersey4,LS1,Evening,Set1,Draw6,2,col2,Evening|Set1|Draw6|col2,T,combined,1,2,1,6,2,4,66,2,1,True,2,11,12,7
NewJersey4,LS1,Evening,Set1,Draw6,2,col2,Evening|Set1|Draw6|col2,T,combined,1,2,1,6,2,5,66,2,1,True,2,11,12,7
NewJersey4,LS1,Evening,Set1,Draw6,2,col2,Evening|Set1|Draw6|col2,T,combined,1,2,1,6,2,11,,0,0,False,2,11,12,7
NewJersey4,LS1,Evening,Set1,Draw7,1,col1,Evening|Set1|Draw7|col1,A,own,1,2,1,7,1,0,9922001133667,13,7,False,5,6,7,7
NewJersey4,LS1,Evening,Set1,Draw7,1,col1,Evening|Set1|Draw7|col1,A,own,1,2,1,7,1,1,992200113366,12,6,False,5,6,7,7
NewJersey4,LS1,Evening,Set1,Draw7,1,col1,Evening|Set1|Draw7|col1,A,own,1,2,1,7,1,2,992200113366,12,6,False,5,6,7,7
NewJersey4,LS1,Evening,Set1,Draw7,1,col1,Evening|Set1|Draw7|col1,A,own,1,2,1,7,1,3,992200113366,12,6,False,5,6,7,7
NewJersey4,LS1,Evening,Set1,Draw7,1,col1,Evening|Set1|Draw7|col1,A,own,1,2,1,7,1,4,9922113366,10,5,False,5,6,7,7
NewJersey4,LS1,Evening,Set1,Draw7,1,col1,Evening|Set1|Draw7|col1,A,own,1,2,1,7,1,5,992266,6,3,True,5,6,7,7
NewJersey4,LS1,Evening,Set1,Draw7,1,col1,Evening|Set1|Draw7|col1,A,own,1,2,1,7,1,6,,0,0,False,5,6,7,7
NewJersey4,LS1,Evening,Set1,Draw7,1,col1,Evening|Set1|Draw7|col1,A,combined,1,2,1,7,1,0,9922001133667,13,7,False,4,11,12,10
NewJersey4,LS1,Evening,Set1,Draw7,1,col1,Evening|Set1|Draw7|col1,A,combined,1,2,1,7,1,1,992200113366,12,6,False,4,11,12,10
NewJersey4,LS1,Evening,Set1,Draw7,1,col1,Evening|Set1|Draw7|col1,A,combined,1,2,1,7,1,2,2200113366,10,5,False,4,11,12,10
NewJersey4,LS1,Evening,Set1,Draw7,1,col1,Evening|Set1|Draw7|col1,A,combined,1,2,1,7,1,3,2200113366,10,5,False,4,11,12,10
NewJersey4,LS1,Evening,Set1,Draw7,1,col1,Evening|Set1|Draw7|col1,A,combined,1,2,1,7,1,4,003366,6,3,True,4,11,12,10
NewJersey4,LS1,Evening,Set1,Draw7,1,col1,Evening|Set1|Draw7|col1,A,combined,1,2,1,7,1,5,003366,6,3,True,4,11,12,10
NewJersey4,LS1,Evening,Set1,Draw7,1,col1,Evening|Set1|Draw7|col1,A,combined,1,2,1,7,1,6,0066,4,2,True,4,11,12,10
NewJersey4,LS1,Evening,Set1,Draw7,1,col1,Evening|Set1|Draw7|col1,A,combined,1,2,1,7,1,7,66,2,1,True,4,11,12,10
NewJersey4,LS1,Evening,Set1,Draw7,1,col1,Evening|Set1|Draw7|col1,A,combined,1,2,1,7,1,8,66,2,1,True,4,11,12,10
NewJersey4,LS1,Evening,Set1,Draw7,1,col1,Evening|Set1|Draw7|col1,A,combined,1,2,1,7,1,11,,0,0,False,4,11,12,10
NewJersey4,LS1,Evening,Set1,Draw7,1,col1,Evening|Set1|Draw7|col1,B,own,1,2,1,7,1,0,9922001133667,13,7,False,2,6,7,7
NewJersey4,LS1,Evening,Set1,Draw7,1,col1,Evening|Set1|Draw7|col1,B,own,1,2,1,7,1,1,9922001166,10,5,False,2,6,7,7
NewJersey4,LS1,Evening,Set1,Draw7,1,col1,Evening|Set1|Draw7|col1,B,own,1,2,1,7,1,2,221166,6,3,True,2,6,7,7
NewJersey4,LS1,Evening,Set1,Draw7,1,col1,Evening|Set1|Draw7|col1,B,own,1,2,1,7,1,3,221166,6,3,True,2,6,7,7
NewJersey4,LS1,Evening,Set1,Draw7,1,col1,Evening|Set1|Draw7|col1,B,own,1,2,1,7,1,4,1166,4,2,True,2,6,7,7
NewJersey4,LS1,Evening,Set1,Draw7,1,col1,Evening|Set1|Draw7|col1,B,own,1,2,1,7,1,5,66,2,1,True,2,6,7,7
NewJersey4,LS1,Evening,Set1,Draw7,1,col1,Evening|Set1|Draw7|col1,B,own,1,2,1,7,1,6,,0,0,False,2,6,7,7
NewJersey4,LS1,Evening,Set1,Draw7,1,col1,Evening|Set1|Draw7|col1,B,combined,1,2,1,7,1,0,9922001133667,13,7,False,2,9,10,7
NewJersey4,LS1,Evening,Set1,Draw7,1,col1,Evening|Set1|Draw7|col1,B,combined,1,2,1,7,1,1,9922001166,10,5,False,2,9,10,7
NewJersey4,LS1,Evening,Set1,Draw7,1,col1,Evening|Set1|Draw7|col1,B,combined,1,2,1,7,1,2,221166,6,3,True,2,9,10,7
NewJersey4,LS1,Evening,Set1,Draw7,1,col1,Evening|Set1|Draw7|col1,B,combined,1,2,1,7,1,3,221166,6,3,True,2,9,10,7
NewJersey4,LS1,Evening,Set1,Draw7,1,col1,Evening|Set1|Draw7|col1,B,combined,1,2,1,7,1,4,66,2,1,True,2,9,10,7
NewJersey4,LS1,Evening,Set1,Draw7,1,col1,Evening|Set1|Draw7|col1,B,combined,1,2,1,7,1,5,66,2,1,True,2,9,10,7
NewJersey4,LS1,Evening,Set1,Draw7,1,col1,Evening|Set1|Draw7|col1,B,combined,1,2,1,7,1,9,,0,0,False,2,9,10,7
NewJersey4,LS1,Evening,Set1,Draw7,1,col1,Evening|Set1|Draw7|col1,C,own,1,2,1,7,1,0,9922001133667,13,7,False,2,5,6,5
NewJersey4,LS1,Evening,Set1,Draw7,1,col1,Evening|Set1|Draw7|col1,C,own,1,2,1,7,1,1,99001166,8,4,False,2,5,6,5
NewJersey4,LS1,Evening,Set1,Draw7,1,col1,Evening|Set1|Draw7|col1,C,own,1,2,1,7,1,2,1166,4,2,True,2,5,6,5
NewJersey4,LS1,Evening,Set1,Draw7,1,col1,Evening|Set1|Draw7|col1,C,own,1,2,1,7,1,3,1166,4,2,True,2,5,6,5
NewJersey4,LS1,Evening,Set1,Draw7,1,col1,Evening|Set1|Draw7|col1,C,own,1,2,1,7,1,5,,0,0,False,2,5,6,5
NewJersey4,LS1,Evening,Set1,Draw7,1,col1,Evening|Set1|Draw7|col1,C,combined,1,2,1,7,1,0,9922001133667,13,7,False,2,4,5,5
NewJersey4,LS1,Evening,Set1,Draw7,1,col1,Evening|Set1|Draw7|col1,C,combined,1,2,1,7,1,1,99001166,8,4,False,2,4,5,5
NewJersey4,LS1,Evening,Set1,Draw7,1,col1,Evening|Set1|Draw7|col1,C,combined,1,2,1,7,1,2,1166,4,2,True,2,4,5,5
NewJersey4,LS1,Evening,Set1,Draw7,1,col1,Evening|Set1|Draw7|col1,C,combined,1,2,1,7,1,3,1166,4,2,True,2,4,5,5
NewJersey4,LS1,Evening,Set1,Draw7,1,col1,Evening|Set1|Draw7|col1,C,combined,1,2,1,7,1,4,,0,0,False,2,4,5,5
NewJersey4,LS1,Evening,Set1,Draw7,1,col1,Evening|Set1|Draw7|col1,D,own,1,2,1,7,1,0,9922001133667,13,7,False,3,6,7,7
NewJersey4,LS1,Evening,Set1,Draw7,1,col1,Evening|Set1|Draw7|col1,D,own,1,2,1,7,1,1,992001166,9,5,False,3,6,7,7
NewJersey4,LS1,Evening,Set1,Draw7,1,col1,Evening|Set1|Draw7|col1,D,own,1,2,1,7,1,2,921166,6,4,False,3,6,7,7
NewJersey4,LS1,Evening,Set1,Draw7,1,col1,Evening|Set1|Draw7|col1,D,own,1,2,1,7,1,3,21166,5,3,True,3,6,7,7
NewJersey4,LS1,Evening,Set1,Draw7,1,col1,Evening|Set1|Draw7|col1,D,own,1,2,1,7,1,4,1166,4,2,True,3,6,7,7
NewJersey4,LS1,Evening,Set1,Draw7,1,col1,Evening|Set1|Draw7|col1,D,own,1,2,1,7,1,5,6,1,1,True,3,6,7,7
NewJersey4,LS1,Evening,Set1,Draw7,1,col1,Evening|Set1|Draw7|col1,D,own,1,2,1,7,1,6,,0,0,False,3,6,7,7
NewJersey4,LS1,Evening,Set1,Draw7,1,col1,Evening|Set1|Draw7|col1,D,combined,1,2,1,7,1,0,9922001133667,13,7,False,3,9,10,7
NewJersey4,LS1,Evening,Set1,Draw7,1,col1,Evening|Set1|Draw7|col1,D,combined,1,2,1,7,1,1,992001166,9,5,False,3,9,10,7
NewJersey4,LS1,Evening,Set1,Draw7,1,col1,Evening|Set1|Draw7|col1,D,combined,1,2,1,7,1,2,201166,6,4,False,3,9,10,7
NewJersey4,LS1,Evening,Set1,Draw7,1,col1,Evening|Set1|Draw7|col1,D,combined,1,2,1,7,1,3,21166,5,3,True,3,9,10,7
NewJersey4,LS1,Evening,Set1,Draw7,1,col1,Evening|Set1|Draw7|col1,D,combined,1,2,1,7,1,4,6,1,1,True,3,9,10,7
NewJersey4,LS1,Evening,Set1,Draw7,1,col1,Evening|Set1|Draw7|col1,D,combined,1,2,1,7,1,5,6,1,1,True,3,9,10,7
NewJersey4,LS1,Evening,Set1,Draw7,1,col1,Evening|Set1|Draw7|col1,D,combined,1,2,1,7,1,9,,0,0,False,3,9,10,7
NewJersey4,LS1,Evening,Set1,Draw7,1,col1,Evening|Set1|Draw7|col1,E,own,1,2,1,7,1,0,9922001133667,13,7,False,3,12,13,10
NewJersey4,LS1,Evening,Set1,Draw7,1,col1,Evening|Set1|Draw7|col1,E,own,1,2,1,7,1,1,9922001166,10,5,False,3,12,13,10
NewJersey4,LS1,Evening,Set1,Draw7,1,col1,Evening|Set1|Draw7|col1,E,own,1,2,1,7,1,2,9221166,7,4,False,3,12,13,10
NewJersey4,LS1,Evening,Set1,Draw7,1,col1,Evening|Set1|Draw7|col1,E,own,1,2,1,7,1,3,221166,6,3,True,3,12,13,10
NewJersey4,LS1,Evening,Set1,Draw7,1,col1,Evening|Set1|Draw7|col1,E,own,1,2,1,7,1,4,21166,5,3,True,3,12,13,10
NewJersey4,LS1,Evening,Set1,Draw7,1,col1,Evening|Set1|Draw7|col1,E,own,1,2,1,7,1,5,2166,4,3,True,3,12,13,10
NewJersey4,LS1,Evening,Set1,Draw7,1,col1,Evening|Set1|Draw7|col1,E,own,1,2,1,7,1,6,16,2,2,True,3,12,13,10
NewJersey4,LS1,Evening,Set1,Draw7,1,col1,Evening|Set1|Draw7|col1,E,own,1,2,1,7,1,7,6,1,1,True,3,12,13,10
NewJersey4,LS1,Evening,Set1,Draw7,1,col1,Evening|Set1|Draw7|col1,E,own,1,2,1,7,1,8,6,1,1,True,3,12,13,10
NewJersey4,LS1,Evening,Set1,Draw7,1,col1,Evening|Set1|Draw7|col1,E,own,1,2,1,7,1,12,,0,0,False,3,12,13,10
NewJersey4,LS1,Evening,Set1,Draw7,1,col1,Evening|Set1|Draw7|col1,E,combined,1,2,1,7,1,0,9922001133667,13,7,False,3,13,14,14
NewJersey4,LS1,Evening,Set1,Draw7,1,col1,Evening|Set1|Draw7|col1,E,combined,1,2,1,7,1,1,9922001166,10,5,False,3,13,14,14
NewJersey4,LS1,Evening,Set1,Draw7,1,col1,Evening|Set1|Draw7|col1,E,combined,1,2,1,7,1,2,92201166,8,5,False,3,13,14,14
NewJersey4,LS1,Evening,Set1,Draw7,1,col1,Evening|Set1|Draw7|col1,E,combined,1,2,1,7,1,3,221166,6,3,True,3,13,14,14
NewJersey4,LS1,Evening,Set1,Draw7,1,col1,Evening|Set1|Draw7|col1,E,combined,1,2,1,7,1,4,2166,4,3,True,3,13,14,14
NewJersey4,LS1,Evening,Set1,Draw7,1,col1,Evening|Set1|Draw7|col1,E,combined,1,2,1,7,1,5,2166,4,3,True,3,13,14,14
NewJersey4,LS1,Evening,Set1,Draw7,1,col1,Evening|Set1|Draw7|col1,E,combined,1,2,1,7,1,6,2166,4,3,True,3,13,14,14
NewJersey4,LS1,Evening,Set1,Draw7,1,col1,Evening|Set1|Draw7|col1,E,combined,1,2,1,7,1,7,166,3,2,True,3,13,14,14
NewJersey4,LS1,Evening,Set1,Draw7,1,col1,Evening|Set1|Draw7|col1,E,combined,1,2,1,7,1,8,166,3,2,True,3,13,14,14
NewJersey4,LS1,Evening,Set1,Draw7,1,col1,Evening|Set1|Draw7|col1,E,combined,1,2,1,7,1,9,66,2,1,True,3,13,14,14
NewJersey4,LS1,Evening,Set1,Draw7,1,col1,Evening|Set1|Draw7|col1,E,combined,1,2,1,7,1,10,66,2,1,True,3,13,14,14
NewJersey4,LS1,Evening,Set1,Draw7,1,col1,Evening|Set1|Draw7|col1,E,combined,1,2,1,7,1,11,6,1,1,True,3,13,14,14
NewJersey4,LS1,Evening,Set1,Draw7,1,col1,Evening|Set1|Draw7|col1,E,combined,1,2,1,7,1,12,6,1,1,True,3,13,14,14
NewJersey4,LS1,Evening,Set1,Draw7,1,col1,Evening|Set1|Draw7|col1,E,combined,1,2,1,7,1,13,,0,0,False,3,13,14,14
NewJersey4,LS1,Evening,Set1,Draw7,1,col1,Evening|Set1|Draw7|col1,T,own,1,2,1,7,1,0,9922001133667,13,7,False,2,6,7,6
NewJersey4,LS1,Evening,Set1,Draw7,1,col1,Evening|Set1|Draw7|col1,T,own,1,2,1,7,1,1,99001166,8,4,False,2,6,7,6
NewJersey4,LS1,Evening,Set1,Draw7,1,col1,Evening|Set1|Draw7|col1,T,own,1,2,1,7,1,2,1166,4,2,True,2,6,7,6
NewJersey4,LS1,Evening,Set1,Draw7,1,col1,Evening|Set1|Draw7|col1,T,own,1,2,1,7,1,3,1166,4,2,True,2,6,7,6
NewJersey4,LS1,Evening,Set1,Draw7,1,col1,Evening|Set1|Draw7|col1,T,own,1,2,1,7,1,5,66,2,1,True,2,6,7,6
NewJersey4,LS1,Evening,Set1,Draw7,1,col1,Evening|Set1|Draw7|col1,T,own,1,2,1,7,1,6,,0,0,False,2,6,7,6
NewJersey4,LS1,Evening,Set1,Draw7,1,col1,Evening|Set1|Draw7|col1,T,combined,1,2,1,7,1,0,9922001133667,13,7,False,2,11,12,7
NewJersey4,LS1,Evening,Set1,Draw7,1,col1,Evening|Set1|Draw7|col1,T,combined,1,2,1,7,1,1,99001166,8,4,False,2,11,12,7
NewJersey4,LS1,Evening,Set1,Draw7,1,col1,Evening|Set1|Draw7|col1,T,combined,1,2,1,7,1,2,1166,4,2,True,2,11,12,7
NewJersey4,LS1,Evening,Set1,Draw7,1,col1,Evening|Set1|Draw7|col1,T,combined,1,2,1,7,1,3,1166,4,2,True,2,11,12,7
NewJersey4,LS1,Evening,Set1,Draw7,1,col1,Evening|Set1|Draw7|col1,T,combined,1,2,1,7,1,4,66,2,1,True,2,11,12,7
NewJersey4,LS1,Evening,Set1,Draw7,1,col1,Evening|Set1|Draw7|col1,T,combined,1,2,1,7,1,5,66,2,1,True,2,11,12,7
NewJersey4,LS1,Evening,Set1,Draw7,1,col1,Evening|Set1|Draw7|col1,T,combined,1,2,1,7,1,11,,0,0,False,2,11,12,7
NewJersey4,LS1,Combined,Set3,Draw1,7,col7,Combined|Set3|Draw1|col7,A,own,1,3,3,1,7,0,59400188677,11,8,False,3,7,29,7
NewJersey4,LS1,Combined,Set3,Draw1,7,col7,Combined|Set3|Draw1|col7,A,own,1,3,3,1,7,1,5940016,7,6,False,3,7,29,7
NewJersey4,LS1,Combined,Set3,Draw1,7,col7,Combined|Set3|Draw1|col7,A,own,1,3,3,1,7,2,40016,5,4,False,3,7,29,7
NewJersey4,LS1,Combined,Set3,Draw1,7,col7,Combined|Set3|Draw1|col7,A,own,1,3,3,1,7,3,0016,4,3,True,3,7,29,7
NewJersey4,LS1,Combined,Set3,Draw1,7,col7,Combined|Set3|Draw1|col7,A,own,1,3,3,1,7,4,006,3,2,True,3,7,29,7
NewJersey4,LS1,Combined,Set3,Draw1,7,col7,Combined|Set3|Draw1|col7,A,own,1,3,3,1,7,5,006,3,2,True,3,7,29,7
NewJersey4,LS1,Combined,Set3,Draw1,7,col7,Combined|Set3|Draw1|col7,A,own,1,3,3,1,7,7,6,1,1,True,3,7,29,7
NewJersey4,LS1,Combined,Set3,Draw1,7,col7,Combined|Set3|Draw1|col7,A,combined,1,3,3,1,7,0,59400188677,11,8,False,5,13,57,10
NewJersey4,LS1,Combined,Set3,Draw1,7,col7,Combined|Set3|Draw1|col7,A,combined,1,3,3,1,7,1,5940016,7,6,False,5,13,57,10
NewJersey4,LS1,Combined,Set3,Draw1,7,col7,Combined|Set3|Draw1|col7,A,combined,1,3,3,1,7,2,5940016,7,6,False,5,13,57,10
NewJersey4,LS1,Combined,Set3,Draw1,7,col7,Combined|Set3|Draw1|col7,A,combined,1,3,3,1,7,3,40016,5,4,False,5,13,57,10
NewJersey4,LS1,Combined,Set3,Draw1,7,col7,Combined|Set3|Draw1|col7,A,combined,1,3,3,1,7,4,40016,5,4,False,5,13,57,10
NewJersey4,LS1,Combined,Set3,Draw1,7,col7,Combined|Set3|Draw1|col7,A,combined,1,3,3,1,7,5,0016,4,3,True,5,13,57,10
NewJersey4,LS1,Combined,Set3,Draw1,7,col7,Combined|Set3|Draw1|col7,A,combined,1,3,3,1,7,6,0016,4,3,True,5,13,57,10
NewJersey4,LS1,Combined,Set3,Draw1,7,col7,Combined|Set3|Draw1|col7,A,combined,1,3,3,1,7,7,006,3,2,True,5,13,57,10
NewJersey4,LS1,Combined,Set3,Draw1,7,col7,Combined|Set3|Draw1|col7,A,combined,1,3,3,1,7,8,006,3,2,True,5,13,57,10
NewJersey4,LS1,Combined,Set3,Draw1,7,col7,Combined|Set3|Draw1|col7,A,combined,1,3,3,1,7,13,6,1,1,True,5,13,57,10
NewJersey4,LS1,Combined,Set3,Draw1,7,col7,Combined|Set3|Draw1|col7,B,own,1,3,3,1,7,0,59400188677,11,8,False,3,11,12,7
NewJersey4,LS1,Combined,Set3,Draw1,7,col7,Combined|Set3|Draw1|col7,B,own,1,3,3,1,7,1,5940016,7,6,False,3,11,12,7
NewJersey4,LS1,Combined,Set3,Draw1,7,col7,Combined|Set3|Draw1|col7,B,own,1,3,3,1,7,2,40016,5,4,False,3,11,12,7
NewJersey4,LS1,Combined,Set3,Draw1,7,col7,Combined|Set3|Draw1|col7,B,own,1,3,3,1,7,3,16,2,2,True,3,11,12,7
NewJersey4,LS1,Combined,Set3,Draw1,7,col7,Combined|Set3|Draw1|col7,B,own,1,3,3,1,7,4,6,1,1,True,3,11,12,7
NewJersey4,LS1,Combined,Set3,Draw1,7,col7,Combined|Set3|Draw1|col7,B,own,1,3,3,1,7,5,6,1,1,True,3,11,12,7
NewJersey4,LS1,Combined,Set3,Draw1,7,col7,Combined|Set3|Draw1|col7,B,own,1,3,3,1,7,11,,0,0,False,3,11,12,7
NewJersey4,LS1,Combined,Set3,Draw1,7,col7,Combined|Set3|Draw1|col7,B,combined,1,3,3,1,7,0,59400188677,11,8,False,4,8,9,8
NewJersey4,LS1,Combined,Set3,Draw1,7,col7,Combined|Set3|Draw1|col7,B,combined,1,3,3,1,7,1,5940016,7,6,False,4,8,9,8
NewJersey4,LS1,Combined,Set3,Draw1,7,col7,Combined|Set3|Draw1|col7,B,combined,1,3,3,1,7,2,5940016,7,6,False,4,8,9,8
NewJersey4,LS1,Combined,Set3,Draw1,7,col7,Combined|Set3|Draw1|col7,B,combined,1,3,3,1,7,3,40016,5,4,False,4,8,9,8
NewJersey4,LS1,Combined,Set3,Draw1,7,col7,Combined|Set3|Draw1|col7,B,combined,1,3,3,1,7,4,16,2,2,True,4,8,9,8
NewJersey4,LS1,Combined,Set3,Draw1,7,col7,Combined|Set3|Draw1|col7,B,combined,1,3,3,1,7,5,16,2,2,True,4,8,9,8
NewJersey4,LS1,Combined,Set3,Draw1,7,col7,Combined|Set3|Draw1|col7,B,combined,1,3,3,1,7,7,6,1,1,True,4,8,9,8
NewJersey4,LS1,Combined,Set3,Draw1,7,col7,Combined|Set3|Draw1|col7,B,combined,1,3,3,1,7,8,,0,0,False,4,8,9,8
NewJersey4,LS1,Combined,Set3,Draw1,7,col7,Combined|Set3|Draw1|col7,C,own,1,3,3,1,7,0,59400188677,11,8,False,2,4,5,5
NewJersey4,LS1,Combined,Set3,Draw1,7,col7,Combined|Set3|Draw1|col7,C,own,1,3,3,1,7,1,5940016,7,6,False,2,4,5,5
NewJersey4,LS1,Combined,Set3,Draw1,7,col7,Combined|Set3|Draw1|col7,C,own,1,3,3,1,7,2,16,2,2,True,2,4,5,5
NewJersey4,LS1,Combined,Set3,Draw1,7,col7,Combined|Set3|Draw1|col7,C,own,1,3,3,1,7,3,16,2,2,True,2,4,5,5
NewJersey4,LS1,Combined,Set3,Draw1,7,col7,Combined|Set3|Draw1|col7,C,own,1,3,3,1,7,4,,0,0,False,2,4,5,5
NewJersey4,LS1,Combined,Set3,Draw1,7,col7,Combined|Set3|Draw1|col7,C,combined,1,3,3,1,7,0,59400188677,11,8,False,3,7,8,6
NewJersey4,LS1,Combined,Set3,Draw1,7,col7,Combined|Set3|Draw1|col7,C,combined,1,3,3,1,7,1,5940016,7,6,False,3,7,8,6
NewJersey4,LS1,Combined,Set3,Draw1,7,col7,Combined|Set3|Draw1|col7,C,combined,1,3,3,1,7,2,5940016,7,6,False,3,7,8,6
NewJersey4,LS1,Combined,Set3,Draw1,7,col7,Combined|Set3|Draw1|col7,C,combined,1,3,3,1,7,3,16,2,2,True,3,7,8,6
NewJersey4,LS1,Combined,Set3,Draw1,7,col7,Combined|Set3|Draw1|col7,C,combined,1,3,3,1,7,4,16,2,2,True,3,7,8,6
NewJersey4,LS1,Combined,Set3,Draw1,7,col7,Combined|Set3|Draw1|col7,C,combined,1,3,3,1,7,7,,0,0,False,3,7,8,6
NewJersey4,LS1,Combined,Set3,Draw1,7,col7,Combined|Set3|Draw1|col7,D,own,1,3,3,1,7,0,59400188677,11,8,False,2,4,5,5
NewJersey4,LS1,Combined,Set3,Draw1,7,col7,Combined|Set3|Draw1|col7,D,own,1,3,3,1,7,1,5940016,7,6,False,2,4,5,5
NewJersey4,LS1,Combined,Set3,Draw1,7,col7,Combined|Set3|Draw1|col7,D,own,1,3,3,1,7,2,016,3,3,True,2,4,5,5
NewJersey4,LS1,Combined,Set3,Draw1,7,col7,Combined|Set3|Draw1|col7,D,own,1,3,3,1,7,3,16,2,2,True,2,4,5,5
NewJersey4,LS1,Combined,Set3,Draw1,7,col7,Combined|Set3|Draw1|col7,D,own,1,3,3,1,7,4,,0,0,False,2,4,5,5
NewJersey4,LS1,Combined,Set3,Draw1,7,col7,Combined|Set3|Draw1|col7,D,combined,1,3,3,1,7,0,59400188677,11,8,False,3,7,8,7
NewJersey4,LS1,Combined,Set3,Draw1,7,col7,Combined|Set3|Draw1|col7,D,combined,1,3,3,1,7,1,5940016,7,6,False,3,7,8,7
NewJersey4,LS1,Combined,Set3,Draw1,7,col7,Combined|Set3|Draw1|col7,D,combined,1,3,3,1,7,2,5940016,7,6,False,3,7,8,7
NewJersey4,LS1,Combined,Set3,Draw1,7,col7,Combined|Set3|Draw1|col7,D,combined,1,3,3,1,7,3,016,3,3,True,3,7,8,7
NewJersey4,LS1,Combined,Set3,Draw1,7,col7,Combined|Set3|Draw1|col7,D,combined,1,3,3,1,7,4,16,2,2,True,3,7,8,7
NewJersey4,LS1,Combined,Set3,Draw1,7,col7,Combined|Set3|Draw1|col7,D,combined,1,3,3,1,7,5,16,2,2,True,3,7,8,7
NewJersey4,LS1,Combined,Set3,Draw1,7,col7,Combined|Set3|Draw1|col7,D,combined,1,3,3,1,7,7,,0,0,False,3,7,8,7
NewJersey4,LS1,Combined,Set3,Draw1,7,col7,Combined|Set3|Draw1|col7,E,own,1,3,3,1,7,0,59400188677,11,8,False,3,11,12,7
NewJersey4,LS1,Combined,Set3,Draw1,7,col7,Combined|Set3|Draw1|col7,E,own,1,3,3,1,7,1,59400167,8,7,False,3,11,12,7
NewJersey4,LS1,Combined,Set3,Draw1,7,col7,Combined|Set3|Draw1|col7,E,own,1,3,3,1,7,2,400167,6,5,False,3,11,12,7
NewJersey4,LS1,Combined,Set3,Draw1,7,col7,Combined|Set3|Draw1|col7,E,own,1,3,3,1,7,3,167,3,3,True,3,11,12,7
NewJersey4,LS1,Combined,Set3,Draw1,7,col7,Combined|Set3|Draw1|col7,E,own,1,3,3,1,7,4,6,1,1,True,3,11,12,7
NewJersey4,LS1,Combined,Set3,Draw1,7,col7,Combined|Set3|Draw1|col7,E,own,1,3,3,1,7,5,6,1,1,True,3,11,12,7
NewJersey4,LS1,Combined,Set3,Draw1,7,col7,Combined|Set3|Draw1|col7,E,own,1,3,3,1,7,11,,0,0,False,3,11,12,7
NewJersey4,LS1,Combined,Set3,Draw1,7,col7,Combined|Set3|Draw1|col7,E,combined,1,3,3,1,7,0,59400188677,11,8,False,4,8,9,9
NewJersey4,LS1,Combined,Set3,Draw1,7,col7,Combined|Set3|Draw1|col7,E,combined,1,3,3,1,7,1,59400167,8,7,False,4,8,9,9
NewJersey4,LS1,Combined,Set3,Draw1,7,col7,Combined|Set3|Draw1|col7,E,combined,1,3,3,1,7,2,5940016,7,6,False,4,8,9,9
NewJersey4,LS1,Combined,Set3,Draw1,7,col7,Combined|Set3|Draw1|col7,E,combined,1,3,3,1,7,3,40016,5,4,False,4,8,9,9
NewJersey4,LS1,Combined,Set3,Draw1,7,col7,Combined|Set3|Draw1|col7,E,combined,1,3,3,1,7,4,016,3,3,True,4,8,9,9
NewJersey4,LS1,Combined,Set3,Draw1,7,col7,Combined|Set3|Draw1|col7,E,combined,1,3,3,1,7,5,16,2,2,True,4,8,9,9
NewJersey4,LS1,Combined,Set3,Draw1,7,col7,Combined|Set3|Draw1|col7,E,combined,1,3,3,1,7,6,16,2,2,True,4,8,9,9
NewJersey4,LS1,Combined,Set3,Draw1,7,col7,Combined|Set3|Draw1|col7,E,combined,1,3,3,1,7,7,6,1,1,True,4,8,9,9
NewJersey4,LS1,Combined,Set3,Draw1,7,col7,Combined|Set3|Draw1|col7,E,combined,1,3,3,1,7,8,,0,0,False,4,8,9,9
NewJersey4,LS1,Combined,Set3,Draw1,7,col7,Combined|Set3|Draw1|col7,T,own,1,3,3,1,7,0,59400188677,11,8,False,2,4,29,5
NewJersey4,LS1,Combined,Set3,Draw1,7,col7,Combined|Set3|Draw1|col7,T,own,1,3,3,1,7,1,5940016,7,6,False,2,4,29,5
NewJersey4,LS1,Combined,Set3,Draw1,7,col7,Combined|Set3|Draw1|col7,T,own,1,3,3,1,7,2,16,2,2,True,2,4,29,5
NewJersey4,LS1,Combined,Set3,Draw1,7,col7,Combined|Set3|Draw1|col7,T,own,1,3,3,1,7,3,16,2,2,True,2,4,29,5
NewJersey4,LS1,Combined,Set3,Draw1,7,col7,Combined|Set3|Draw1|col7,T,own,1,3,3,1,7,4,6,1,1,True,2,4,29,5
NewJersey4,LS1,Combined,Set3,Draw1,7,col7,Combined|Set3|Draw1|col7,T,combined,1,3,3,1,7,0,59400188677,11,8,False,3,7,57,6
NewJersey4,LS1,Combined,Set3,Draw1,7,col7,Combined|Set3|Draw1|col7,T,combined,1,3,3,1,7,1,5940016,7,6,False,3,7,57,6
NewJersey4,LS1,Combined,Set3,Draw1,7,col7,Combined|Set3|Draw1|col7,T,combined,1,3,3,1,7,2,5940016,7,6,False,3,7,57,6
NewJersey4,LS1,Combined,Set3,Draw1,7,col7,Combined|Set3|Draw1|col7,T,combined,1,3,3,1,7,3,16,2,2,True,3,7,57,6
NewJersey4,LS1,Combined,Set3,Draw1,7,col7,Combined|Set3|Draw1|col7,T,combined,1,3,3,1,7,4,16,2,2,True,3,7,57,6
NewJersey4,LS1,Combined,Set3,Draw1,7,col7,Combined|Set3|Draw1|col7,T,combined,1,3,3,1,7,7,6,1,1,True,3,7,57,6
NewJersey4,LS1,Combined,Set3,Draw1,6,col6,Combined|Set3|Draw1|col6,A,own,1,3,3,1,6,0,590188677,9,7,False,2,7,29,7
NewJersey4,LS1,Combined,Set3,Draw1,6,col6,Combined|Set3|Draw1|col6,A,own,1,3,3,1,6,1,59016,5,5,False,2,7,29,7
NewJersey4,LS1,Combined,Set3,Draw1,6,col6,Combined|Set3|Draw1|col6,A,own,1,3,3,1,6,2,016,3,3,True,2,7,29,7
NewJersey4,LS1,Combined,Set3,Draw1,6,col6,Combined|Set3|Draw1|col6,A,own,1,3,3,1,6,3,016,3,3,True,2,7,29,7
NewJersey4,LS1,Combined,Set3,Draw1,6,col6,Combined|Set3|Draw1|col6,A,own,1,3,3,1,6,4,06,2,2,True,2,7,29,7
NewJersey4,LS1,Combined,Set3,Draw1,6,col6,Combined|Set3|Draw1|col6,A,own,1,3,3,1,6,5,06,2,2,True,2,7,29,7
NewJersey4,LS1,Combined,Set3,Draw1,6,col6,Combined|Set3|Draw1|col6,A,own,1,3,3,1,6,7,6,1,1,True,2,7,29,7
NewJersey4,LS1,Combined,Set3,Draw1,6,col6,Combined|Set3|Draw1|col6,A,combined,1,3,3,1,6,0,590188677,9,7,False,3,13,57,8
NewJersey4,LS1,Combined,Set3,Draw1,6,col6,Combined|Set3|Draw1|col6,A,combined,1,3,3,1,6,1,59016,5,5,False,3,13,57,8
NewJersey4,LS1,Combined,Set3,Draw1,6,col6,Combined|Set3|Draw1|col6,A,combined,1,3,3,1,6,2,59016,5,5,False,3,13,57,8
NewJersey4,LS1,Combined,Set3,Draw1,6,col6,Combined|Set3|Draw1|col6,A,combined,1,3,3,1,6,3,016,3,3,True,3,13,57,8
NewJersey4,LS1,Combined,Set3,Draw1,6,col6,Combined|Set3|Draw1|col6,A,combined,1,3,3,1,6,4,016,3,3,True,3,13,57,8
NewJersey4,LS1,Combined,Set3,Draw1,6,col6,Combined|Set3|Draw1|col6,A,combined,1,3,3,1,6,7,06,2,2,True,3,13,57,8
NewJersey4,LS1,Combined,Set3,Draw1,6,col6,Combined|Set3|Draw1|col6,A,combined,1,3,3,1,6,8,06,2,2,True,3,13,57,8
NewJersey4,LS1,Combined,Set3,Draw1,6,col6,Combined|Set3|Draw1|col6,A,combined,1,3,3,1,6,13,6,1,1,True,3,13,57,8
NewJersey4,LS1,Combined,Set3,Draw1,6,col6,Combined|Set3|Draw1|col6,B,own,1,3,3,1,6,0,590188677,9,7,False,2,11,12,7
NewJersey4,LS1,Combined,Set3,Draw1,6,col6,Combined|Set3|Draw1|col6,B,own,1,3,3,1,6,1,59016,5,5,False,2,11,12,7
NewJersey4,LS1,Combined,Set3,Draw1,6,col6,Combined|Set3|Draw1|col6,B,own,1,3,3,1,6,2,016,3,3,True,2,11,12,7
NewJersey4,LS1,Combined,Set3,Draw1,6,col6,Combined|Set3|Draw1|col6,B,own,1,3,3,1,6,3,16,2,2,True,2,11,12,7
NewJersey4,LS1,Combined,Set3,Draw1,6,col6,Combined|Set3|Draw1|col6,B,own,1,3,3,1,6,4,6,1,1,True,2,11,12,7
NewJersey4,LS1,Combined,Set3,Draw1,6,col6,Combined|Set3|Draw1|col6,B,own,1,3,3,1,6,5,6,1,1,True,2,11,12,7
NewJersey4,LS1,Combined,Set3,Draw1,6,col6,Combined|Set3|Draw1|col6,B,own,1,3,3,1,6,11,,0,0,False,2,11,12,7
NewJersey4,LS1,Combined,Set3,Draw1,6,col6,Combined|Set3|Draw1|col6,B,combined,1,3,3,1,6,0,590188677,9,7,False,3,8,9,8
NewJersey4,LS1,Combined,Set3,Draw1,6,col6,Combined|Set3|Draw1|col6,B,combined,1,3,3,1,6,1,59016,5,5,False,3,8,9,8
NewJersey4,LS1,Combined,Set3,Draw1,6,col6,Combined|Set3|Draw1|col6,B,combined,1,3,3,1,6,2,59016,5,5,False,3,8,9,8
NewJersey4,LS1,Combined,Set3,Draw1,6,col6,Combined|Set3|Draw1|col6,B,combined,1,3,3,1,6,3,016,3,3,True,3,8,9,8
NewJersey4,LS1,Combined,Set3,Draw1,6,col6,Combined|Set3|Draw1|col6,B,combined,1,3,3,1,6,4,16,2,2,True,3,8,9,8
NewJersey4,LS1,Combined,Set3,Draw1,6,col6,Combined|Set3|Draw1|col6,B,combined,1,3,3,1,6,5,16,2,2,True,3,8,9,8
NewJersey4,LS1,Combined,Set3,Draw1,6,col6,Combined|Set3|Draw1|col6,B,combined,1,3,3,1,6,7,6,1,1,True,3,8,9,8
NewJersey4,LS1,Combined,Set3,Draw1,6,col6,Combined|Set3|Draw1|col6,B,combined,1,3,3,1,6,8,,0,0,False,3,8,9,8
NewJersey4,LS1,Combined,Set3,Draw1,6,col6,Combined|Set3|Draw1|col6,C,own,1,3,3,1,6,0,590188677,9,7,False,2,4,5,5
NewJersey4,LS1,Combined,Set3,Draw1,6,col6,Combined|Set3|Draw1|col6,C,own,1,3,3,1,6,1,59016,5,5,False,2,4,5,5
NewJersey4,LS1,Combined,Set3,Draw1,6,col6,Combined|Set3|Draw1|col6,C,own,1,3,3,1,6,2,16,2,2,True,2,4,5,5
NewJersey4,LS1,Combined,Set3,Draw1,6,col6,Combined|Set3|Draw1|col6,C,own,1,3,3,1,6,3,16,2,2,True,2,4,5,5
NewJersey4,LS1,Combined,Set3,Draw1,6,col6,Combined|Set3|Draw1|col6,C,own,1,3,3,1,6,4,,0,0,False,2,4,5,5
NewJersey4,LS1,Combined,Set3,Draw1,6,col6,Combined|Set3|Draw1|col6,C,combined,1,3,3,1,6,0,590188677,9,7,False,3,7,8,6
NewJersey4,LS1,Combined,Set3,Draw1,6,col6,Combined|Set3|Draw1|col6,C,combined,1,3,3,1,6,1,59016,5,5,False,3,7,8,6
NewJersey4,LS1,Combined,Set3,Draw1,6,col6,Combined|Set3|Draw1|col6,C,combined,1,3,3,1,6,2,59016,5,5,False,3,7,8,6
NewJersey4,LS1,Combined,Set3,Draw1,6,col6,Combined|Set3|Draw1|col6,C,combined,1,3,3,1,6,3,16,2,2,True,3,7,8,6
NewJersey4,LS1,Combined,Set3,Draw1,6,col6,Combined|Set3|Draw1|col6,C,combined,1,3,3,1,6,4,16,2,2,True,3,7,8,6
NewJersey4,LS1,Combined,Set3,Draw1,6,col6,Combined|Set3|Draw1|col6,C,combined,1,3,3,1,6,7,,0,0,False,3,7,8,6
NewJersey4,LS1,Combined,Set3,Draw1,6,col6,Combined|Set3|Draw1|col6,D,own,1,3,3,1,6,0,590188677,9,7,False,2,4,5,5
NewJersey4,LS1,Combined,Set3,Draw1,6,col6,Combined|Set3|Draw1|col6,D,own,1,3,3,1,6,1,59016,5,5,False,2,4,5,5
NewJersey4,LS1,Combined,Set3,Draw1,6,col6,Combined|Set3|Draw1|col6,D,own,1,3,3,1,6,2,16,2,2,True,2,4,5,5
NewJersey4,LS1,Combined,Set3,Draw1,6,col6,Combined|Set3|Draw1|col6,D,own,1,3,3,1,6,3,16,2,2,True,2,4,5,5
NewJersey4,LS1,Combined,Set3,Draw1,6,col6,Combined|Set3|Draw1|col6,D,own,1,3,3,1,6,4,,0,0,False,2,4,5,5
NewJersey4,LS1,Combined,Set3,Draw1,6,col6,Combined|Set3|Draw1|col6,D,combined,1,3,3,1,6,0,590188677,9,7,False,3,7,8,6
NewJersey4,LS1,Combined,Set3,Draw1,6,col6,Combined|Set3|Draw1|col6,D,combined,1,3,3,1,6,1,59016,5,5,False,3,7,8,6
NewJersey4,LS1,Combined,Set3,Draw1,6,col6,Combined|Set3|Draw1|col6,D,combined,1,3,3,1,6,2,59016,5,5,False,3,7,8,6
NewJersey4,LS1,Combined,Set3,Draw1,6,col6,Combined|Set3|Draw1|col6,D,combined,1,3,3,1,6,3,16,2,2,True,3,7,8,6
NewJersey4,LS1,Combined,Set3,Draw1,6,col6,Combined|Set3|Draw1|col6,D,combined,1,3,3,1,6,4,16,2,2,True,3,7,8,6
NewJersey4,LS1,Combined,Set3,Draw1,6,col6,Combined|Set3|Draw1|col6,D,combined,1,3,3,1,6,7,,0,0,False,3,7,8,6
NewJersey4,LS1,Combined,Set3,Draw1,6,col6,Combined|Set3|Draw1|col6,E,own,1,3,3,1,6,0,590188677,9,7,False,3,11,12,7
NewJersey4,LS1,Combined,Set3,Draw1,6,col6,Combined|Set3|Draw1|col6,E,own,1,3,3,1,6,1,590167,6,6,False,3,11,12,7
NewJersey4,LS1,Combined,Set3,Draw1,6,col6,Combined|Set3|Draw1|col6,E,own,1,3,3,1,6,2,0167,4,4,False,3,11,12,7
NewJersey4,LS1,Combined,Set3,Draw1,6,col6,Combined|Set3|Draw1|col6,E,own,1,3,3,1,6,3,167,3,3,True,3,11,12,7
NewJersey4,LS1,Combined,Set3,Draw1,6,col6,Combined|Set3|Draw1|col6,E,own,1,3,3,1,6,4,6,1,1,True,3,11,12,7
NewJersey4,LS1,Combined,Set3,Draw1,6,col6,Combined|Set3|Draw1|col6,E,own,1,3,3,1,6,5,6,1,1,True,3,11,12,7
NewJersey4,LS1,Combined,Set3,Draw1,6,col6,Combined|Set3|Draw1|col6,E,own,1,3,3,1,6,11,,0,0,False,3,11,12,7
NewJersey4,LS1,Combined,Set3,Draw1,6,col6,Combined|Set3|Draw1|col6,E,combined,1,3,3,1,6,0,590188677,9,7,False,3,8,9,8
NewJersey4,LS1,Combined,Set3,Draw1,6,col6,Combined|Set3|Draw1|col6,E,combined,1,3,3,1,6,1,590167,6,6,False,3,8,9,8
NewJersey4,LS1,Combined,Set3,Draw1,6,col6,Combined|Set3|Draw1|col6,E,combined,1,3,3,1,6,2,59016,5,5,False,3,8,9,8
NewJersey4,LS1,Combined,Set3,Draw1,6,col6,Combined|Set3|Draw1|col6,E,combined,1,3,3,1,6,3,016,3,3,True,3,8,9,8
NewJersey4,LS1,Combined,Set3,Draw1,6,col6,Combined|Set3|Draw1|col6,E,combined,1,3,3,1,6,4,16,2,2,True,3,8,9,8
NewJersey4,LS1,Combined,Set3,Draw1,6,col6,Combined|Set3|Draw1|col6,E,combined,1,3,3,1,6,5,16,2,2,True,3,8,9,8
NewJersey4,LS1,Combined,Set3,Draw1,6,col6,Combined|Set3|Draw1|col6,E,combined,1,3,3,1,6,7,6,1,1,True,3,8,9,8
NewJersey4,LS1,Combined,Set3,Draw1,6,col6,Combined|Set3|Draw1|col6,E,combined,1,3,3,1,6,8,,0,0,False,3,8,9,8
NewJersey4,LS1,Combined,Set3,Draw1,6,col6,Combined|Set3|Draw1|col6,T,own,1,3,3,1,6,0,590188677,9,7,False,2,7,29,7
NewJersey4,LS1,Combined,Set3,Draw1,6,col6,Combined|Set3|Draw1|col6,T,own,1,3,3,1,6,1,59016,5,5,False,2,7,29,7
NewJersey4,LS1,Combined,Set3,Draw1,6,col6,Combined|Set3|Draw1|col6,T,own,1,3,3,1,6,2,016,3,3,True,2,7,29,7
NewJersey4,LS1,Combined,Set3,Draw1,6,col6,Combined|Set3|Draw1|col6,T,own,1,3,3,1,6,3,016,3,3,True,2,7,29,7
NewJersey4,LS1,Combined,Set3,Draw1,6,col6,Combined|Set3|Draw1|col6,T,own,1,3,3,1,6,4,06,2,2,True,2,7,29,7
NewJersey4,LS1,Combined,Set3,Draw1,6,col6,Combined|Set3|Draw1|col6,T,own,1,3,3,1,6,5,06,2,2,True,2,7,29,7
NewJersey4,LS1,Combined,Set3,Draw1,6,col6,Combined|Set3|Draw1|col6,T,own,1,3,3,1,6,7,6,1,1,True,2,7,29,7
NewJersey4,LS1,Combined,Set3,Draw1,6,col6,Combined|Set3|Draw1|col6,T,combined,1,3,3,1,6,0,590188677,9,7,False,3,13,57,8
NewJersey4,LS1,Combined,Set3,Draw1,6,col6,Combined|Set3|Draw1|col6,T,combined,1,3,3,1,6,1,59016,5,5,False,3,13,57,8
NewJersey4,LS1,Combined,Set3,Draw1,6,col6,Combined|Set3|Draw1|col6,T,combined,1,3,3,1,6,2,59016,5,5,False,3,13,57,8
NewJersey4,LS1,Combined,Set3,Draw1,6,col6,Combined|Set3|Draw1|col6,T,combined,1,3,3,1,6,3,016,3,3,True,3,13,57,8
NewJersey4,LS1,Combined,Set3,Draw1,6,col6,Combined|Set3|Draw1|col6,T,combined,1,3,3,1,6,4,016,3,3,True,3,13,57,8
NewJersey4,LS1,Combined,Set3,Draw1,6,col6,Combined|Set3|Draw1|col6,T,combined,1,3,3,1,6,7,06,2,2,True,3,13,57,8
NewJersey4,LS1,Combined,Set3,Draw1,6,col6,Combined|Set3|Draw1|col6,T,combined,1,3,3,1,6,8,06,2,2,True,3,13,57,8
NewJersey4,LS1,Combined,Set3,Draw1,6,col6,Combined|Set3|Draw1|col6,T,combined,1,3,3,1,6,13,6,1,1,True,3,13,57,8
NewJersey4,LS1,Combined,Set3,Draw1,5,col5,Combined|Set3|Draw1|col5,A,own,1,3,3,1,5,0,5918867,7,6,False,2,4,29,5
NewJersey4,LS1,Combined,Set3,Draw1,5,col5,Combined|Set3|Draw1|col5,A,own,1,3,3,1,5,1,5916,4,4,False,2,4,29,5
NewJersey4,LS1,Combined,Set3,Draw1,5,col5,Combined|Set3|Draw1|col5,A,own,1,3,3,1,5,2,16,2,2,True,2,4,29,5
NewJersey4,LS1,Combined,Set3,Draw1,5,col5,Combined|Set3|Draw1|col5,A,own,1,3,3,1,5,3,16,2,2,True,2,4,29,5
NewJersey4,LS1,Combined,Set3,Draw1,5,col5,Combined|Set3|Draw1|col5,A,own,1,3,3,1,5,4,6,1,1,True,2,4,29,5
NewJersey4,LS1,Combined,Set3,Draw1,5,col5,Combined|Set3|Draw1|col5,A,combined,1,3,3,1,5,0,5918867,7,6,False,3,7,57,6
NewJersey4,LS1,Combined,Set3,Draw1,5,col5,Combined|Set3|Draw1|col5,A,combined,1,3,3,1,5,1,5916,4,4,False,3,7,57,6
NewJersey4,LS1,Combined,Set3,Draw1,5,col5,Combined|Set3|Draw1|col5,A,combined,1,3,3,1,5,2,5916,4,4,False,3,7,57,6
NewJersey4,LS1,Combined,Set3,Draw1,5,col5,Combined|Set3|Draw1|col5,A,combined,1,3,3,1,5,3,16,2,2,True,3,7,57,6
NewJersey4,LS1,Combined,Set3,Draw1,5,col5,Combined|Set3|Draw1|col5,A,combined,1,3,3,1,5,4,16,2,2,True,3,7,57,6
NewJersey4,LS1,Combined,Set3,Draw1,5,col5,Combined|Set3|Draw1|col5,A,combined,1,3,3,1,5,7,6,1,1,True,3,7,57,6
NewJersey4,LS1,Combined,Set3,Draw1,5,col5,Combined|Set3|Draw1|col5,B,own,1,3,3,1,5,0,5918867,7,6,False,2,11,12,7
NewJersey4,LS1,Combined,Set3,Draw1,5,col5,Combined|Set3|Draw1|col5,B,own,1,3,3,1,5,1,5916,4,4,False,2,11,12,7
NewJersey4,LS1,Combined,Set3,Draw1,5,col5,Combined|Set3|Draw1|col5,B,own,1,3,3,1,5,2,16,2,2,True,2,11,12,7
NewJersey4,LS1,Combined,Set3,Draw1,5,col5,Combined|Set3|Draw1|col5,B,own,1,3,3,1,5,3,16,2,2,True,2,11,12,7
NewJersey4,LS1,Combined,Set3,Draw1,5,col5,Combined|Set3|Draw1|col5,B,own,1,3,3,1,5,4,6,1,1,True,2,11,12,7
NewJersey4,LS1,Combined,Set3,Draw1,5,col5,Combined|Set3|Draw1|col5,B,own,1,3,3,1,5,5,6,1,1,True,2,11,12,7
NewJersey4,LS1,Combined,Set3,Draw1,5,col5,Combined|Set3|Draw1|col5,B,own,1,3,3,1,5,11,,0,0,False,2,11,12,7
NewJersey4,LS1,Combined,Set3,Draw1,5,col5,Combined|Set3|Draw1|col5,B,combined,1,3,3,1,5,0,5918867,7,6,False,3,8,9,7
NewJersey4,LS1,Combined,Set3,Draw1,5,col5,Combined|Set3|Draw1|col5,B,combined,1,3,3,1,5,1,5916,4,4,False,3,8,9,7
NewJersey4,LS1,Combined,Set3,Draw1,5,col5,Combined|Set3|Draw1|col5,B,combined,1,3,3,1,5,2,5916,4,4,False,3,8,9,7
NewJersey4,LS1,Combined,Set3,Draw1,5,col5,Combined|Set3|Draw1|col5,B,combined,1,3,3,1,5,3,16,2,2,True,3,8,9,7
NewJersey4,LS1,Combined,Set3,Draw1,5,col5,Combined|Set3|Draw1|col5,B,combined,1,3,3,1,5,4,16,2,2,True,3,8,9,7
NewJersey4,LS1,Combined,Set3,Draw1,5,col5,Combined|Set3|Draw1|col5,B,combined,1,3,3,1,5,7,6,1,1,True,3,8,9,7
NewJersey4,LS1,Combined,Set3,Draw1,5,col5,Combined|Set3|Draw1|col5,B,combined,1,3,3,1,5,8,,0,0,False,3,8,9,7
NewJersey4,LS1,Combined,Set3,Draw1,5,col5,Combined|Set3|Draw1|col5,C,own,1,3,3,1,5,0,5918867,7,6,False,2,4,5,5
NewJersey4,LS1,Combined,Set3,Draw1,5,col5,Combined|Set3|Draw1|col5,C,own,1,3,3,1,5,1,5916,4,4,False,2,4,5,5
NewJersey4,LS1,Combined,Set3,Draw1,5,col5,Combined|Set3|Draw1|col5,C,own,1,3,3,1,5,2,16,2,2,True,2,4,5,5
NewJersey4,LS1,Combined,Set3,Draw1,5,col5,Combined|Set3|Draw1|col5,C,own,1,3,3,1,5,3,16,2,2,True,2,4,5,5
NewJersey4,LS1,Combined,Set3,Draw1,5,col5,Combined|Set3|Draw1|col5,C,own,1,3,3,1,5,4,,0,0,False,2,4,5,5
NewJersey4,LS1,Combined,Set3,Draw1,5,col5,Combined|Set3|Draw1|col5,C,combined,1,3,3,1,5,0,5918867,7,6,False,3,7,8,6
NewJersey4,LS1,Combined,Set3,Draw1,5,col5,Combined|Set3|Draw1|col5,C,combined,1,3,3,1,5,1,5916,4,4,False,3,7,8,6
NewJersey4,LS1,Combined,Set3,Draw1,5,col5,Combined|Set3|Draw1|col5,C,combined,1,3,3,1,5,2,5916,4,4,False,3,7,8,6
NewJersey4,LS1,Combined,Set3,Draw1,5,col5,Combined|Set3|Draw1|col5,C,combined,1,3,3,1,5,3,16,2,2,True,3,7,8,6
NewJersey4,LS1,Combined,Set3,Draw1,5,col5,Combined|Set3|Draw1|col5,C,combined,1,3,3,1,5,4,16,2,2,True,3,7,8,6
NewJersey4,LS1,Combined,Set3,Draw1,5,col5,Combined|Set3|Draw1|col5,C,combined,1,3,3,1,5,7,,0,0,False,3,7,8,6
NewJersey4,LS1,Combined,Set3,Draw1,5,col5,Combined|Set3|Draw1|col5,D,own,1,3,3,1,5,0,5918867,7,6,False,2,4,5,5
NewJersey4,LS1,Combined,Set3,Draw1,5,col5,Combined|Set3|Draw1|col5,D,own,1,3,3,1,5,1,5916,4,4,False,2,4,5,5
NewJersey4,LS1,Combined,Set3,Draw1,5,col5,Combined|Set3|Draw1|col5,D,own,1,3,3,1,5,2,16,2,2,True,2,4,5,5
NewJersey4,LS1,Combined,Set3,Draw1,5,col5,Combined|Set3|Draw1|col5,D,own,1,3,3,1,5,3,16,2,2,True,2,4,5,5
NewJersey4,LS1,Combined,Set3,Draw1,5,col5,Combined|Set3|Draw1|col5,D,own,1,3,3,1,5,4,,0,0,False,2,4,5,5
NewJersey4,LS1,Combined,Set3,Draw1,5,col5,Combined|Set3|Draw1|col5,D,combined,1,3,3,1,5,0,5918867,7,6,False,3,7,8,6
NewJersey4,LS1,Combined,Set3,Draw1,5,col5,Combined|Set3|Draw1|col5,D,combined,1,3,3,1,5,1,5916,4,4,False,3,7,8,6
NewJersey4,LS1,Combined,Set3,Draw1,5,col5,Combined|Set3|Draw1|col5,D,combined,1,3,3,1,5,2,5916,4,4,False,3,7,8,6
NewJersey4,LS1,Combined,Set3,Draw1,5,col5,Combined|Set3|Draw1|col5,D,combined,1,3,3,1,5,3,16,2,2,True,3,7,8,6
NewJersey4,LS1,Combined,Set3,Draw1,5,col5,Combined|Set3|Draw1|col5,D,combined,1,3,3,1,5,4,16,2,2,True,3,7,8,6
NewJersey4,LS1,Combined,Set3,Draw1,5,col5,Combined|Set3|Draw1|col5,D,combined,1,3,3,1,5,7,,0,0,False,3,7,8,6
NewJersey4,LS1,Combined,Set3,Draw1,5,col5,Combined|Set3|Draw1|col5,E,own,1,3,3,1,5,0,5918867,7,6,False,2,11,12,7
NewJersey4,LS1,Combined,Set3,Draw1,5,col5,Combined|Set3|Draw1|col5,E,own,1,3,3,1,5,1,5916,4,4,False,2,11,12,7
NewJersey4,LS1,Combined,Set3,Draw1,5,col5,Combined|Set3|Draw1|col5,E,own,1,3,3,1,5,2,16,2,2,True,2,11,12,7
NewJersey4,LS1,Combined,Set3,Draw1,5,col5,Combined|Set3|Draw1|col5,E,own,1,3,3,1,5,3,16,2,2,True,2,11,12,7
NewJersey4,LS1,Combined,Set3,Draw1,5,col5,Combined|Set3|Draw1|col5,E,own,1,3,3,1,5,4,6,1,1,True,2,11,12,7
NewJersey4,LS1,Combined,Set3,Draw1,5,col5,Combined|Set3|Draw1|col5,E,own,1,3,3,1,5,5,6,1,1,True,2,11,12,7
NewJersey4,LS1,Combined,Set3,Draw1,5,col5,Combined|Set3|Draw1|col5,E,own,1,3,3,1,5,11,,0,0,False,2,11,12,7
NewJersey4,LS1,Combined,Set3,Draw1,5,col5,Combined|Set3|Draw1|col5,E,combined,1,3,3,1,5,0,5918867,7,6,False,3,8,9,7
NewJersey4,LS1,Combined,Set3,Draw1,5,col5,Combined|Set3|Draw1|col5,E,combined,1,3,3,1,5,1,5916,4,4,False,3,8,9,7
NewJersey4,LS1,Combined,Set3,Draw1,5,col5,Combined|Set3|Draw1|col5,E,combined,1,3,3,1,5,2,5916,4,4,False,3,8,9,7
NewJersey4,LS1,Combined,Set3,Draw1,5,col5,Combined|Set3|Draw1|col5,E,combined,1,3,3,1,5,3,16,2,2,True,3,8,9,7
NewJersey4,LS1,Combined,Set3,Draw1,5,col5,Combined|Set3|Draw1|col5,E,combined,1,3,3,1,5,4,16,2,2,True,3,8,9,7
NewJersey4,LS1,Combined,Set3,Draw1,5,col5,Combined|Set3|Draw1|col5,E,combined,1,3,3,1,5,7,6,1,1,True,3,8,9,7
NewJersey4,LS1,Combined,Set3,Draw1,5,col5,Combined|Set3|Draw1|col5,E,combined,1,3,3,1,5,8,,0,0,False,3,8,9,7
NewJersey4,LS1,Combined,Set3,Draw1,5,col5,Combined|Set3|Draw1|col5,T,own,1,3,3,1,5,0,5918867,7,6,False,2,4,29,5
NewJersey4,LS1,Combined,Set3,Draw1,5,col5,Combined|Set3|Draw1|col5,T,own,1,3,3,1,5,1,5916,4,4,False,2,4,29,5
NewJersey4,LS1,Combined,Set3,Draw1,5,col5,Combined|Set3|Draw1|col5,T,own,1,3,3,1,5,2,16,2,2,True,2,4,29,5
NewJersey4,LS1,Combined,Set3,Draw1,5,col5,Combined|Set3|Draw1|col5,T,own,1,3,3,1,5,3,16,2,2,True,2,4,29,5
NewJersey4,LS1,Combined,Set3,Draw1,5,col5,Combined|Set3|Draw1|col5,T,own,1,3,3,1,5,4,6,1,1,True,2,4,29,5
NewJersey4,LS1,Combined,Set3,Draw1,5,col5,Combined|Set3|Draw1|col5,T,combined,1,3,3,1,5,0,5918867,7,6,False,3,7,57,6
NewJersey4,LS1,Combined,Set3,Draw1,5,col5,Combined|Set3|Draw1|col5,T,combined,1,3,3,1,5,1,5916,4,4,False,3,7,57,6
NewJersey4,LS1,Combined,Set3,Draw1,5,col5,Combined|Set3|Draw1|col5,T,combined,1,3,3,1,5,2,5916,4,4,False,3,7,57,6
NewJersey4,LS1,Combined,Set3,Draw1,5,col5,Combined|Set3|Draw1|col5,T,combined,1,3,3,1,5,3,16,2,2,True,3,7,57,6
NewJersey4,LS1,Combined,Set3,Draw1,5,col5,Combined|Set3|Draw1|col5,T,combined,1,3,3,1,5,4,16,2,2,True,3,7,57,6
NewJersey4,LS1,Combined,Set3,Draw1,5,col5,Combined|Set3|Draw1|col5,T,combined,1,3,3,1,5,7,6,1,1,True,3,7,57,6
NewJersey4,LS1,Combined,Set3,Draw1,4,col4,Combined|Set3|Draw1|col4,A,own,1,3,3,1,4,0,518867*,7,6,False,2,4,29,5
NewJersey4,LS1,Combined,Set3,Draw1,4,col4,Combined|Set3|Draw1|col4,A,own,1,3,3,1,4,1,516*,4,4,False,2,4,29,5
NewJersey4,LS1,Combined,Set3,Draw1,4,col4,Combined|Set3|Draw1|col4,A,own,1,3,3,1,4,2,16*,3,3,True,2,4,29,5
NewJersey4,LS1,Combined,Set3,Draw1,4,col4,Combined|Set3|Draw1|col4,A,own,1,3,3,1,4,3,16*,3,3,True,2,4,29,5
NewJersey4,LS1,Combined,Set3,Draw1,4,col4,Combined|Set3|Draw1|col4,A,own,1,3,3,1,4,4,6*,2,2,True,2,4,29,5
NewJersey4,LS1,Combined,Set3,Draw1,4,col4,Combined|Set3|Draw1|col4,A,combined,1,3,3,1,4,0,518867*,7,6,False,3,7,57,6
NewJersey4,LS1,Combined,Set3,Draw1,4,col4,Combined|Set3|Draw1|col4,A,combined,1,3,3,1,4,1,516*,4,4,False,3,7,57,6
NewJersey4,LS1,Combined,Set3,Draw1,4,col4,Combined|Set3|Draw1|col4,A,combined,1,3,3,1,4,2,516*,4,4,False,3,7,57,6
NewJersey4,LS1,Combined,Set3,Draw1,4,col4,Combined|Set3|Draw1|col4,A,combined,1,3,3,1,4,3,16*,3,3,True,3,7,57,6
NewJersey4,LS1,Combined,Set3,Draw1,4,col4,Combined|Set3|Draw1|col4,A,combined,1,3,3,1,4,4,16*,3,3,True,3,7,57,6
NewJersey4,LS1,Combined,Set3,Draw1,4,col4,Combined|Set3|Draw1|col4,A,combined,1,3,3,1,4,7,6*,2,2,True,3,7,57,6
NewJersey4,LS1,Combined,Set3,Draw1,4,col4,Combined|Set3|Draw1|col4,B,own,1,3,3,1,4,0,518867*,7,6,False,2,11,29,7
NewJersey4,LS1,Combined,Set3,Draw1,4,col4,Combined|Set3|Draw1|col4,B,own,1,3,3,1,4,1,516*,4,4,False,2,11,29,7
NewJersey4,LS1,Combined,Set3,Draw1,4,col4,Combined|Set3|Draw1|col4,B,own,1,3,3,1,4,2,16*,3,3,True,2,11,29,7
NewJersey4,LS1,Combined,Set3,Draw1,4,col4,Combined|Set3|Draw1|col4,B,own,1,3,3,1,4,3,16*,3,3,True,2,11,29,7
NewJersey4,LS1,Combined,Set3,Draw1,4,col4,Combined|Set3|Draw1|col4,B,own,1,3,3,1,4,4,6*,2,2,True,2,11,29,7
NewJersey4,LS1,Combined,Set3,Draw1,4,col4,Combined|Set3|Draw1|col4,B,own,1,3,3,1,4,5,6*,2,2,True,2,11,29,7
NewJersey4,LS1,Combined,Set3,Draw1,4,col4,Combined|Set3|Draw1|col4,B,own,1,3,3,1,4,11,*,1,1,True,2,11,29,7
NewJersey4,LS1,Combined,Set3,Draw1,4,col4,Combined|Set3|Draw1|col4,B,combined,1,3,3,1,4,0,518867*,7,6,False,3,8,57,7
NewJersey4,LS1,Combined,Set3,Draw1,4,col4,Combined|Set3|Draw1|col4,B,combined,1,3,3,1,4,1,516*,4,4,False,3,8,57,7
NewJersey4,LS1,Combined,Set3,Draw1,4,col4,Combined|Set3|Draw1|col4,B,combined,1,3,3,1,4,2,516*,4,4,False,3,8,57,7
NewJersey4,LS1,Combined,Set3,Draw1,4,col4,Combined|Set3|Draw1|col4,B,combined,1,3,3,1,4,3,16*,3,3,True,3,8,57,7
NewJersey4,LS1,Combined,Set3,Draw1,4,col4,Combined|Set3|Draw1|col4,B,combined,1,3,3,1,4,4,16*,3,3,True,3,8,57,7
NewJersey4,LS1,Combined,Set3,Draw1,4,col4,Combined|Set3|Draw1|col4,B,combined,1,3,3,1,4,7,6*,2,2,True,3,8,57,7
NewJersey4,LS1,Combined,Set3,Draw1,4,col4,Combined|Set3|Draw1|col4,B,combined,1,3,3,1,4,8,*,1,1,True,3,8,57,7
NewJersey4,LS1,Combined,Set3,Draw1,4,col4,Combined|Set3|Draw1|col4,C,own,1,3,3,1,4,0,518867*,7,6,False,2,4,29,5
NewJersey4,LS1,Combined,Set3,Draw1,4,col4,Combined|Set3|Draw1|col4,C,own,1,3,3,1,4,1,516*,4,4,False,2,4,29,5
NewJersey4,LS1,Combined,Set3,Draw1,4,col4,Combined|Set3|Draw1|col4,C,own,1,3,3,1,4,2,16*,3,3,True,2,4,29,5
NewJersey4,LS1,Combined,Set3,Draw1,4,col4,Combined|Set3|Draw1|col4,C,own,1,3,3,1,4,3,16*,3,3,True,2,4,29,5
NewJersey4,LS1,Combined,Set3,Draw1,4,col4,Combined|Set3|Draw1|col4,C,own,1,3,3,1,4,4,*,1,1,True,2,4,29,5
NewJersey4,LS1,Combined,Set3,Draw1,4,col4,Combined|Set3|Draw1|col4,C,combined,1,3,3,1,4,0,518867*,7,6,False,3,7,57,6
NewJersey4,LS1,Combined,Set3,Draw1,4,col4,Combined|Set3|Draw1|col4,C,combined,1,3,3,1,4,1,516*,4,4,False,3,7,57,6
NewJersey4,LS1,Combined,Set3,Draw1,4,col4,Combined|Set3|Draw1|col4,C,combined,1,3,3,1,4,2,516*,4,4,False,3,7,57,6
NewJersey4,LS1,Combined,Set3,Draw1,4,col4,Combined|Set3|Draw1|col4,C,combined,1,3,3,1,4,3,16*,3,3,True,3,7,57,6
NewJersey4,LS1,Combined,Set3,Draw1,4,col4,Combined|Set3|Draw1|col4,C,combined,1,3,3,1,4,4,16*,3,3,True,3,7,57,6
NewJersey4,LS1,Combined,Set3,Draw1,4,col4,Combined|Set3|Draw1|col4,C,combined,1,3,3,1,4,7,*,1,1,True,3,7,57,6
NewJersey4,LS1,Combined,Set3,Draw1,4,col4,Combined|Set3|Draw1|col4,D,own,1,3,3,1,4,0,518867*,7,6,False,2,4,29,5
NewJersey4,LS1,Combined,Set3,Draw1,4,col4,Combined|Set3|Draw1|col4,D,own,1,3,3,1,4,1,516*,4,4,False,2,4,29,5
NewJersey4,LS1,Combined,Set3,Draw1,4,col4,Combined|Set3|Draw1|col4,D,own,1,3,3,1,4,2,16*,3,3,True,2,4,29,5
NewJersey4,LS1,Combined,Set3,Draw1,4,col4,Combined|Set3|Draw1|col4,D,own,1,3,3,1,4,3,16*,3,3,True,2,4,29,5
NewJersey4,LS1,Combined,Set3,Draw1,4,col4,Combined|Set3|Draw1|col4,D,own,1,3,3,1,4,4,*,1,1,True,2,4,29,5
NewJersey4,LS1,Combined,Set3,Draw1,4,col4,Combined|Set3|Draw1|col4,D,combined,1,3,3,1,4,0,518867*,7,6,False,3,7,57,6
NewJersey4,LS1,Combined,Set3,Draw1,4,col4,Combined|Set3|Draw1|col4,D,combined,1,3,3,1,4,1,516*,4,4,False,3,7,57,6
NewJersey4,LS1,Combined,Set3,Draw1,4,col4,Combined|Set3|Draw1|col4,D,combined,1,3,3,1,4,2,516*,4,4,False,3,7,57,6
NewJersey4,LS1,Combined,Set3,Draw1,4,col4,Combined|Set3|Draw1|col4,D,combined,1,3,3,1,4,3,16*,3,3,True,3,7,57,6
NewJersey4,LS1,Combined,Set3,Draw1,4,col4,Combined|Set3|Draw1|col4,D,combined,1,3,3,1,4,4,16*,3,3,True,3,7,57,6
NewJersey4,LS1,Combined,Set3,Draw1,4,col4,Combined|Set3|Draw1|col4,D,combined,1,3,3,1,4,7,*,1,1,True,3,7,57,6
NewJersey4,LS1,Combined,Set3,Draw1,4,col4,Combined|Set3|Draw1|col4,E,own,1,3,3,1,4,0,518867*,7,6,False,2,11,29,7
NewJersey4,LS1,Combined,Set3,Draw1,4,col4,Combined|Set3|Draw1|col4,E,own,1,3,3,1,4,1,516*,4,4,False,2,11,29,7
NewJersey4,LS1,Combined,Set3,Draw1,4,col4,Combined|Set3|Draw1|col4,E,own,1,3,3,1,4,2,16*,3,3,True,2,11,29,7
NewJersey4,LS1,Combined,Set3,Draw1,4,col4,Combined|Set3|Draw1|col4,E,own,1,3,3,1,4,3,16*,3,3,True,2,11,29,7
NewJersey4,LS1,Combined,Set3,Draw1,4,col4,Combined|Set3|Draw1|col4,E,own,1,3,3,1,4,4,6*,2,2,True,2,11,29,7
NewJersey4,LS1,Combined,Set3,Draw1,4,col4,Combined|Set3|Draw1|col4,E,own,1,3,3,1,4,5,6*,2,2,True,2,11,29,7
NewJersey4,LS1,Combined,Set3,Draw1,4,col4,Combined|Set3|Draw1|col4,E,own,1,3,3,1,4,11,*,1,1,True,2,11,29,7
NewJersey4,LS1,Combined,Set3,Draw1,4,col4,Combined|Set3|Draw1|col4,E,combined,1,3,3,1,4,0,518867*,7,6,False,3,8,57,7
NewJersey4,LS1,Combined,Set3,Draw1,4,col4,Combined|Set3|Draw1|col4,E,combined,1,3,3,1,4,1,516*,4,4,False,3,8,57,7
NewJersey4,LS1,Combined,Set3,Draw1,4,col4,Combined|Set3|Draw1|col4,E,combined,1,3,3,1,4,2,516*,4,4,False,3,8,57,7
NewJersey4,LS1,Combined,Set3,Draw1,4,col4,Combined|Set3|Draw1|col4,E,combined,1,3,3,1,4,3,16*,3,3,True,3,8,57,7
NewJersey4,LS1,Combined,Set3,Draw1,4,col4,Combined|Set3|Draw1|col4,E,combined,1,3,3,1,4,4,16*,3,3,True,3,8,57,7
NewJersey4,LS1,Combined,Set3,Draw1,4,col4,Combined|Set3|Draw1|col4,E,combined,1,3,3,1,4,7,6*,2,2,True,3,8,57,7
NewJersey4,LS1,Combined,Set3,Draw1,4,col4,Combined|Set3|Draw1|col4,E,combined,1,3,3,1,4,8,*,1,1,True,3,8,57,7
NewJersey4,LS1,Combined,Set3,Draw1,4,col4,Combined|Set3|Draw1|col4,T,own,1,3,3,1,4,0,518867*,7,6,False,2,4,29,5
NewJersey4,LS1,Combined,Set3,Draw1,4,col4,Combined|Set3|Draw1|col4,T,own,1,3,3,1,4,1,516*,4,4,False,2,4,29,5
NewJersey4,LS1,Combined,Set3,Draw1,4,col4,Combined|Set3|Draw1|col4,T,own,1,3,3,1,4,2,16*,3,3,True,2,4,29,5
NewJersey4,LS1,Combined,Set3,Draw1,4,col4,Combined|Set3|Draw1|col4,T,own,1,3,3,1,4,3,16*,3,3,True,2,4,29,5
NewJersey4,LS1,Combined,Set3,Draw1,4,col4,Combined|Set3|Draw1|col4,T,own,1,3,3,1,4,4,6*,2,2,True,2,4,29,5
NewJersey4,LS1,Combined,Set3,Draw1,4,col4,Combined|Set3|Draw1|col4,T,combined,1,3,3,1,4,0,518867*,7,6,False,3,7,57,6
NewJersey4,LS1,Combined,Set3,Draw1,4,col4,Combined|Set3|Draw1|col4,T,combined,1,3,3,1,4,1,516*,4,4,False,3,7,57,6
NewJersey4,LS1,Combined,Set3,Draw1,4,col4,Combined|Set3|Draw1|col4,T,combined,1,3,3,1,4,2,516*,4,4,False,3,7,57,6
NewJersey4,LS1,Combined,Set3,Draw1,4,col4,Combined|Set3|Draw1|col4,T,combined,1,3,3,1,4,3,16*,3,3,True,3,7,57,6
NewJersey4,LS1,Combined,Set3,Draw1,4,col4,Combined|Set3|Draw1|col4,T,combined,1,3,3,1,4,4,16*,3,3,True,3,7,57,6
NewJersey4,LS1,Combined,Set3,Draw1,4,col4,Combined|Set3|Draw1|col4,T,combined,1,3,3,1,4,7,6*,2,2,True,3,7,57,6
NewJersey4,LS1,Combined,Set2,Draw1,7,col7,Combined|Set2|Draw1|col7,A,own,1,3,2,1,7,0,599201886677,12,8,False,4,7,29,7
NewJersey4,LS1,Combined,Set2,Draw1,7,col7,Combined|Set2|Draw1|col7,A,own,1,3,2,1,7,1,59920166,8,6,False,4,7,29,7
NewJersey4,LS1,Combined,Set2,Draw1,7,col7,Combined|Set2|Draw1|col7,A,own,1,3,2,1,7,2,20166,5,4,False,4,7,29,7
NewJersey4,LS1,Combined,Set2,Draw1,7,col7,Combined|Set2|Draw1|col7,A,own,1,3,2,1,7,3,20166,5,4,False,4,7,29,7
NewJersey4,LS1,Combined,Set2,Draw1,7,col7,Combined|Set2|Draw1|col7,A,own,1,3,2,1,7,4,066,3,2,True,4,7,29,7
NewJersey4,LS1,Combined,Set2,Draw1,7,col7,Combined|Set2|Draw1|col7,A,own,1,3,2,1,7,5,066,3,2,True,4,7,29,7
NewJersey4,LS1,Combined,Set2,Draw1,7,col7,Combined|Set2|Draw1|col7,A,own,1,3,2,1,7,7,66,2,1,True,4,7,29,7
NewJersey4,LS1,Combined,Set2,Draw1,7,col7,Combined|Set2|Draw1|col7,A,combined,1,3,2,1,7,0,599201886677,12,8,False,7,13,57,10
NewJersey4,LS1,Combined,Set2,Draw1,7,col7,Combined|Set2|Draw1|col7,A,combined,1,3,2,1,7,1,59920166,8,6,False,7,13,57,10
NewJersey4,LS1,Combined,Set2,Draw1,7,col7,Combined|Set2|Draw1|col7,A,combined,1,3,2,1,7,2,59920166,8,6,False,7,13,57,10
NewJersey4,LS1,Combined,Set2,Draw1,7,col7,Combined|Set2|Draw1|col7,A,combined,1,3,2,1,7,3,20166,5,4,False,7,13,57,10
NewJersey4,LS1,Combined,Set2,Draw1,7,col7,Combined|Set2|Draw1|col7,A,combined,1,3,2,1,7,4,20166,5,4,False,7,13,57,10
NewJersey4,LS1,Combined,Set2,Draw1,7,col7,Combined|Set2|Draw1|col7,A,combined,1,3,2,1,7,5,20166,5,4,False,7,13,57,10
NewJersey4,LS1,Combined,Set2,Draw1,7,col7,Combined|Set2|Draw1|col7,A,combined,1,3,2,1,7,6,20166,5,4,False,7,13,57,10
NewJersey4,LS1,Combined,Set2,Draw1,7,col7,Combined|Set2|Draw1|col7,A,combined,1,3,2,1,7,7,066,3,2,True,7,13,57,10
NewJersey4,LS1,Combined,Set2,Draw1,7,col7,Combined|Set2|Draw1|col7,A,combined,1,3,2,1,7,8,066,3,2,True,7,13,57,10
NewJersey4,LS1,Combined,Set2,Draw1,7,col7,Combined|Set2|Draw1|col7,A,combined,1,3,2,1,7,13,66,2,1,True,7,13,57,10
NewJersey4,LS1,Combined,Set2,Draw1,7,col7,Combined|Set2|Draw1|col7,B,own,1,3,2,1,7,0,599201886677,12,8,False,3,11,12,7
NewJersey4,LS1,Combined,Set2,Draw1,7,col7,Combined|Set2|Draw1|col7,B,own,1,3,2,1,7,1,59920166,8,6,False,3,11,12,7
NewJersey4,LS1,Combined,Set2,Draw1,7,col7,Combined|Set2|Draw1|col7,B,own,1,3,2,1,7,2,20166,5,4,False,3,11,12,7
NewJersey4,LS1,Combined,Set2,Draw1,7,col7,Combined|Set2|Draw1|col7,B,own,1,3,2,1,7,3,2166,4,3,True,3,11,12,7
NewJersey4,LS1,Combined,Set2,Draw1,7,col7,Combined|Set2|Draw1|col7,B,own,1,3,2,1,7,4,66,2,1,True,3,11,12,7
NewJersey4,LS1,Combined,Set2,Draw1,7,col7,Combined|Set2|Draw1|col7,B,own,1,3,2,1,7,5,66,2,1,True,3,11,12,7
NewJersey4,LS1,Combined,Set2,Draw1,7,col7,Combined|Set2|Draw1|col7,B,own,1,3,2,1,7,11,,0,0,False,3,11,12,7
NewJersey4,LS1,Combined,Set2,Draw1,7,col7,Combined|Set2|Draw1|col7,B,combined,1,3,2,1,7,0,599201886677,12,8,False,3,8,9,8
NewJersey4,LS1,Combined,Set2,Draw1,7,col7,Combined|Set2|Draw1|col7,B,combined,1,3,2,1,7,1,59920166,8,6,False,3,8,9,8
NewJersey4,LS1,Combined,Set2,Draw1,7,col7,Combined|Set2|Draw1|col7,B,combined,1,3,2,1,7,2,5990166,7,5,False,3,8,9,8
NewJersey4,LS1,Combined,Set2,Draw1,7,col7,Combined|Set2|Draw1|col7,B,combined,1,3,2,1,7,3,0166,4,3,True,3,8,9,8
NewJersey4,LS1,Combined,Set2,Draw1,7,col7,Combined|Set2|Draw1|col7,B,combined,1,3,2,1,7,4,166,3,2,True,3,8,9,8
NewJersey4,LS1,Combined,Set2,Draw1,7,col7,Combined|Set2|Draw1|col7,B,combined,1,3,2,1,7,5,166,3,2,True,3,8,9,8
NewJersey4,LS1,Combined,Set2,Draw1,7,col7,Combined|Set2|Draw1|col7,B,combined,1,3,2,1,7,7,66,2,1,True,3,8,9,8
NewJersey4,LS1,Combined,Set2,Draw1,7,col7,Combined|Set2|Draw1|col7,B,combined,1,3,2,1,7,8,,0,0,False,3,8,9,8
NewJersey4,LS1,Combined,Set2,Draw1,7,col7,Combined|Set2|Draw1|col7,C,own,1,3,2,1,7,0,599201886677,12,8,False,2,4,5,5
NewJersey4,LS1,Combined,Set2,Draw1,7,col7,Combined|Set2|Draw1|col7,C,own,1,3,2,1,7,1,5990166,7,5,False,2,4,5,5
NewJersey4,LS1,Combined,Set2,Draw1,7,col7,Combined|Set2|Draw1|col7,C,own,1,3,2,1,7,2,166,3,2,True,2,4,5,5
NewJersey4,LS1,Combined,Set2,Draw1,7,col7,Combined|Set2|Draw1|col7,C,own,1,3,2,1,7,3,166,3,2,True,2,4,5,5
NewJersey4,LS1,Combined,Set2,Draw1,7,col7,Combined|Set2|Draw1|col7,C,own,1,3,2,1,7,4,,0,0,False,2,4,5,5
NewJersey4,LS1,Combined,Set2,Draw1,7,col7,Combined|Set2|Draw1|col7,C,combined,1,3,2,1,7,0,599201886677,12,8,False,3,7,8,6
NewJersey4,LS1,Combined,Set2,Draw1,7,col7,Combined|Set2|Draw1|col7,C,combined,1,3,2,1,7,1,5990166,7,5,False,3,7,8,6
NewJersey4,LS1,Combined,Set2,Draw1,7,col7,Combined|Set2|Draw1|col7,C,combined,1,3,2,1,7,2,5990166,7,5,False,3,7,8,6
NewJersey4,LS1,Combined,Set2,Draw1,7,col7,Combined|Set2|Draw1|col7,C,combined,1,3,2,1,7,3,166,3,2,True,3,7,8,6
NewJersey4,LS1,Combined,Set2,Draw1,7,col7,Combined|Set2|Draw1|col7,C,combined,1,3,2,1,7,4,166,3,2,True,3,7,8,6
NewJersey4,LS1,Combined,Set2,Draw1,7,col7,Combined|Set2|Draw1|col7,C,combined,1,3,2,1,7,7,,0,0,False,3,7,8,6
NewJersey4,LS1,Combined,Set2,Draw1,7,col7,Combined|Set2|Draw1|col7,D,own,1,3,2,1,7,0,599201886677,12,8,False,2,11,12,7
NewJersey4,LS1,Combined,Set2,Draw1,7,col7,Combined|Set2|Draw1|col7,D,own,1,3,2,1,7,1,5990166,7,5,False,2,11,12,7
NewJersey4,LS1,Combined,Set2,Draw1,7,col7,Combined|Set2|Draw1|col7,D,own,1,3,2,1,7,2,166,3,2,True,2,11,12,7
NewJersey4,LS1,Combined,Set2,Draw1,7,col7,Combined|Set2|Draw1|col7,D,own,1,3,2,1,7,3,166,3,2,True,2,11,12,7
NewJersey4,LS1,Combined,Set2,Draw1,7,col7,Combined|Set2|Draw1|col7,D,own,1,3,2,1,7,4,6,1,1,True,2,11,12,7
NewJersey4,LS1,Combined,Set2,Draw1,7,col7,Combined|Set2|Draw1|col7,D,own,1,3,2,1,7,5,6,1,1,True,2,11,12,7
NewJersey4,LS1,Combined,Set2,Draw1,7,col7,Combined|Set2|Draw1|col7,D,own,1,3,2,1,7,11,,0,0,False,2,11,12,7
NewJersey4,LS1,Combined,Set2,Draw1,7,col7,Combined|Set2|Draw1|col7,D,combined,1,3,2,1,7,0,599201886677,12,8,False,3,8,9,7
NewJersey4,LS1,Combined,Set2,Draw1,7,col7,Combined|Set2|Draw1|col7,D,combined,1,3,2,1,7,1,5990166,7,5,False,3,8,9,7
NewJersey4,LS1,Combined,Set2,Draw1,7,col7,Combined|Set2|Draw1|col7,D,combined,1,3,2,1,7,2,5990166,7,5,False,3,8,9,7
NewJersey4,LS1,Combined,Set2,Draw1,7,col7,Combined|Set2|Draw1|col7,D,combined,1,3,2,1,7,3,166,3,2,True,3,8,9,7
NewJersey4,LS1,Combined,Set2,Draw1,7,col7,Combined|Set2|Draw1|col7,D,combined,1,3,2,1,7,4,166,3,2,True,3,8,9,7
NewJersey4,LS1,Combined,Set2,Draw1,7,col7,Combined|Set2|Draw1|col7,D,combined,1,3,2,1,7,7,6,1,1,True,3,8,9,7
NewJersey4,LS1,Combined,Set2,Draw1,7,col7,Combined|Set2|Draw1|col7,D,combined,1,3,2,1,7,8,,0,0,False,3,8,9,7
NewJersey4,LS1,Combined,Set2,Draw1,7,col7,Combined|Set2|Draw1|col7,E,own,1,3,2,1,7,0,599201886677,12,8,False,4,17,18,11
NewJersey4,LS1,Combined,Set2,Draw1,7,col7,Combined|Set2|Draw1|col7,E,own,1,3,2,1,7,1,599201667,9,7,False,4,17,18,11
NewJersey4,LS1,Combined,Set2,Draw1,7,col7,Combined|Set2|Draw1|col7,E,own,1,3,2,1,7,2,9201667,7,6,False,4,17,18,11
NewJersey4,LS1,Combined,Set2,Draw1,7,col7,Combined|Set2|Draw1|col7,E,own,1,3,2,1,7,3,21667,5,4,False,4,17,18,11
NewJersey4,LS1,Combined,Set2,Draw1,7,col7,Combined|Set2|Draw1|col7,E,own,1,3,2,1,7,4,667,3,2,True,4,17,18,11
NewJersey4,LS1,Combined,Set2,Draw1,7,col7,Combined|Set2|Draw1|col7,E,own,1,3,2,1,7,5,667,3,2,True,4,17,18,11
NewJersey4,LS1,Combined,Set2,Draw1,7,col7,Combined|Set2|Draw1|col7,E,own,1,3,2,1,7,7,66,2,1,True,4,17,18,11
NewJersey4,LS1,Combined,Set2,Draw1,7,col7,Combined|Set2|Draw1|col7,E,own,1,3,2,1,7,8,66,2,1,True,4,17,18,11
NewJersey4,LS1,Combined,Set2,Draw1,7,col7,Combined|Set2|Draw1|col7,E,own,1,3,2,1,7,11,6,1,1,True,4,17,18,11
NewJersey4,LS1,Combined,Set2,Draw1,7,col7,Combined|Set2|Draw1|col7,E,own,1,3,2,1,7,12,6,1,1,True,4,17,18,11
NewJersey4,LS1,Combined,Set2,Draw1,7,col7,Combined|Set2|Draw1|col7,E,own,1,3,2,1,7,17,,0,0,False,4,17,18,11
NewJersey4,LS1,Combined,Set2,Draw1,7,col7,Combined|Set2|Draw1|col7,E,combined,1,3,2,1,7,0,599201886677,12,8,False,4,21,22,11
NewJersey4,LS1,Combined,Set2,Draw1,7,col7,Combined|Set2|Draw1|col7,E,combined,1,3,2,1,7,1,599201667,9,7,False,4,21,22,11
NewJersey4,LS1,Combined,Set2,Draw1,7,col7,Combined|Set2|Draw1|col7,E,combined,1,3,2,1,7,2,59920166,8,6,False,4,21,22,11
NewJersey4,LS1,Combined,Set2,Draw1,7,col7,Combined|Set2|Draw1|col7,E,combined,1,3,2,1,7,3,920166,6,5,False,4,21,22,11
NewJersey4,LS1,Combined,Set2,Draw1,7,col7,Combined|Set2|Draw1|col7,E,combined,1,3,2,1,7,4,2166,4,3,True,4,21,22,11
NewJersey4,LS1,Combined,Set2,Draw1,7,col7,Combined|Set2|Draw1|col7,E,combined,1,3,2,1,7,5,2166,4,3,True,4,21,22,11
NewJersey4,LS1,Combined,Set2,Draw1,7,col7,Combined|Set2|Draw1|col7,E,combined,1,3,2,1,7,6,2166,4,3,True,4,21,22,11
NewJersey4,LS1,Combined,Set2,Draw1,7,col7,Combined|Set2|Draw1|col7,E,combined,1,3,2,1,7,7,66,2,1,True,4,21,22,11
NewJersey4,LS1,Combined,Set2,Draw1,7,col7,Combined|Set2|Draw1|col7,E,combined,1,3,2,1,7,8,6,1,1,True,4,21,22,11
NewJersey4,LS1,Combined,Set2,Draw1,7,col7,Combined|Set2|Draw1|col7,E,combined,1,3,2,1,7,9,6,1,1,True,4,21,22,11
NewJersey4,LS1,Combined,Set2,Draw1,7,col7,Combined|Set2|Draw1|col7,E,combined,1,3,2,1,7,21,,0,0,False,4,21,22,11
NewJersey4,LS1,Combined,Set2,Draw1,7,col7,Combined|Set2|Draw1|col7,T,own,1,3,2,1,7,0,599201886677,12,8,False,2,4,29,5
NewJersey4,LS1,Combined,Set2,Draw1,7,col7,Combined|Set2|Draw1|col7,T,own,1,3,2,1,7,1,5990166,7,5,False,2,4,29,5
NewJersey4,LS1,Combined,Set2,Draw1,7,col7,Combined|Set2|Draw1|col7,T,own,1,3,2,1,7,2,166,3,2,True,2,4,29,5
NewJersey4,LS1,Combined,Set2,Draw1,7,col7,Combined|Set2|Draw1|col7,T,own,1,3,2,1,7,3,166,3,2,True,2,4,29,5
NewJersey4,LS1,Combined,Set2,Draw1,7,col7,Combined|Set2|Draw1|col7,T,own,1,3,2,1,7,4,66,2,1,True,2,4,29,5
NewJersey4,LS1,Combined,Set2,Draw1,7,col7,Combined|Set2|Draw1|col7,T,combined,1,3,2,1,7,0,599201886677,12,8,False,3,7,57,6
NewJersey4,LS1,Combined,Set2,Draw1,7,col7,Combined|Set2|Draw1|col7,T,combined,1,3,2,1,7,1,5990166,7,5,False,3,7,57,6
NewJersey4,LS1,Combined,Set2,Draw1,7,col7,Combined|Set2|Draw1|col7,T,combined,1,3,2,1,7,2,5990166,7,5,False,3,7,57,6
NewJersey4,LS1,Combined,Set2,Draw1,7,col7,Combined|Set2|Draw1|col7,T,combined,1,3,2,1,7,3,166,3,2,True,3,7,57,6
NewJersey4,LS1,Combined,Set2,Draw1,7,col7,Combined|Set2|Draw1|col7,T,combined,1,3,2,1,7,4,166,3,2,True,3,7,57,6
NewJersey4,LS1,Combined,Set2,Draw1,7,col7,Combined|Set2|Draw1|col7,T,combined,1,3,2,1,7,7,66,2,1,True,3,7,57,6
NewJersey4,LS1,Combined,Set2,Draw1,6,col6,Combined|Set2|Draw1|col6,A,own,1,3,2,1,6,0,5992188667,10,7,False,2,4,29,5
NewJersey4,LS1,Combined,Set2,Draw1,6,col6,Combined|Set2|Draw1|col6,A,own,1,3,2,1,6,1,5992166,7,5,False,2,4,29,5
NewJersey4,LS1,Combined,Set2,Draw1,6,col6,Combined|Set2|Draw1|col6,A,own,1,3,2,1,6,2,2166,4,3,True,2,4,29,5
NewJersey4,LS1,Combined,Set2,Draw1,6,col6,Combined|Set2|Draw1|col6,A,own,1,3,2,1,6,3,2166,4,3,True,2,4,29,5
NewJersey4,LS1,Combined,Set2,Draw1,6,col6,Combined|Set2|Draw1|col6,A,own,1,3,2,1,6,4,66,2,1,True,2,4,29,5
NewJersey4,LS1,Combined,Set2,Draw1,6,col6,Combined|Set2|Draw1|col6,A,combined,1,3,2,1,6,0,5992188667,10,7,False,3,7,57,8
NewJersey4,LS1,Combined,Set2,Draw1,6,col6,Combined|Set2|Draw1|col6,A,combined,1,3,2,1,6,1,5992166,7,5,False,3,7,57,8
NewJersey4,LS1,Combined,Set2,Draw1,6,col6,Combined|Set2|Draw1|col6,A,combined,1,3,2,1,6,2,5992166,7,5,False,3,7,57,8
NewJersey4,LS1,Combined,Set2,Draw1,6,col6,Combined|Set2|Draw1|col6,A,combined,1,3,2,1,6,3,2166,4,3,True,3,7,57,8
NewJersey4,LS1,Combined,Set2,Draw1,6,col6,Combined|Set2|Draw1|col6,A,combined,1,3,2,1,6,4,2166,4,3,True,3,7,57,8
NewJersey4,LS1,Combined,Set2,Draw1,6,col6,Combined|Set2|Draw1|col6,A,combined,1,3,2,1,6,5,2166,4,3,True,3,7,57,8
NewJersey4,LS1,Combined,Set2,Draw1,6,col6,Combined|Set2|Draw1|col6,A,combined,1,3,2,1,6,6,2166,4,3,True,3,7,57,8
NewJersey4,LS1,Combined,Set2,Draw1,6,col6,Combined|Set2|Draw1|col6,A,combined,1,3,2,1,6,7,66,2,1,True,3,7,57,8
NewJersey4,LS1,Combined,Set2,Draw1,6,col6,Combined|Set2|Draw1|col6,B,own,1,3,2,1,6,0,5992188667,10,7,False,2,11,12,7
NewJersey4,LS1,Combined,Set2,Draw1,6,col6,Combined|Set2|Draw1|col6,B,own,1,3,2,1,6,1,5992166,7,5,False,2,11,12,7
NewJersey4,LS1,Combined,Set2,Draw1,6,col6,Combined|Set2|Draw1|col6,B,own,1,3,2,1,6,2,2166,4,3,True,2,11,12,7
NewJersey4,LS1,Combined,Set2,Draw1,6,col6,Combined|Set2|Draw1|col6,B,own,1,3,2,1,6,3,2166,4,3,True,2,11,12,7
NewJersey4,LS1,Combined,Set2,Draw1,6,col6,Combined|Set2|Draw1|col6,B,own,1,3,2,1,6,4,66,2,1,True,2,11,12,7
NewJersey4,LS1,Combined,Set2,Draw1,6,col6,Combined|Set2|Draw1|col6,B,own,1,3,2,1,6,5,66,2,1,True,2,11,12,7
NewJersey4,LS1,Combined,Set2,Draw1,6,col6,Combined|Set2|Draw1|col6,B,own,1,3,2,1,6,11,,0,0,False,2,11,12,7
NewJersey4,LS1,Combined,Set2,Draw1,6,col6,Combined|Set2|Draw1|col6,B,combined,1,3,2,1,6,0,5992188667,10,7,False,3,8,9,7
NewJersey4,LS1,Combined,Set2,Draw1,6,col6,Combined|Set2|Draw1|col6,B,combined,1,3,2,1,6,1,5992166,7,5,False,3,8,9,7
NewJersey4,LS1,Combined,Set2,Draw1,6,col6,Combined|Set2|Draw1|col6,B,combined,1,3,2,1,6,2,599166,6,4,False,3,8,9,7
NewJersey4,LS1,Combined,Set2,Draw1,6,col6,Combined|Set2|Draw1|col6,B,combined,1,3,2,1,6,3,166,3,2,True,3,8,9,7
NewJersey4,LS1,Combined,Set2,Draw1,6,col6,Combined|Set2|Draw1|col6,B,combined,1,3,2,1,6,4,166,3,2,True,3,8,9,7
NewJersey4,LS1,Combined,Set2,Draw1,6,col6,Combined|Set2|Draw1|col6,B,combined,1,3,2,1,6,7,66,2,1,True,3,8,9,7
NewJersey4,LS1,Combined,Set2,Draw1,6,col6,Combined|Set2|Draw1|col6,B,combined,1,3,2,1,6,8,,0,0,False,3,8,9,7
NewJersey4,LS1,Combined,Set2,Draw1,6,col6,Combined|Set2|Draw1|col6,C,own,1,3,2,1,6,0,5992188667,10,7,False,2,4,5,5
NewJersey4,LS1,Combined,Set2,Draw1,6,col6,Combined|Set2|Draw1|col6,C,own,1,3,2,1,6,1,599166,6,4,False,2,4,5,5
NewJersey4,LS1,Combined,Set2,Draw1,6,col6,Combined|Set2|Draw1|col6,C,own,1,3,2,1,6,2,166,3,2,True,2,4,5,5
NewJersey4,LS1,Combined,Set2,Draw1,6,col6,Combined|Set2|Draw1|col6,C,own,1,3,2,1,6,3,166,3,2,True,2,4,5,5
NewJersey4,LS1,Combined,Set2,Draw1,6,col6,Combined|Set2|Draw1|col6,C,own,1,3,2,1,6,4,,0,0,False,2,4,5,5
NewJersey4,LS1,Combined,Set2,Draw1,6,col6,Combined|Set2|Draw1|col6,C,combined,1,3,2,1,6,0,5992188667,10,7,False,3,7,8,6
NewJersey4,LS1,Combined,Set2,Draw1,6,col6,Combined|Set2|Draw1|col6,C,combined,1,3,2,1,6,1,599166,6,4,False,3,7,8,6
NewJersey4,LS1,Combined,Set2,Draw1,6,col6,Combined|Set2|Draw1|col6,C,combined,1,3,2,1,6,2,599166,6,4,False,3,7,8,6
NewJersey4,LS1,Combined,Set2,Draw1,6,col6,Combined|Set2|Draw1|col6,C,combined,1,3,2,1,6,3,166,3,2,True,3,7,8,6
NewJersey4,LS1,Combined,Set2,Draw1,6,col6,Combined|Set2|Draw1|col6,C,combined,1,3,2,1,6,4,166,3,2,True,3,7,8,6
NewJersey4,LS1,Combined,Set2,Draw1,6,col6,Combined|Set2|Draw1|col6,C,combined,1,3,2,1,6,7,,0,0,False,3,7,8,6
NewJersey4,LS1,Combined,Set2,Draw1,6,col6,Combined|Set2|Draw1|col6,D,own,1,3,2,1,6,0,5992188667,10,7,False,2,11,12,7
NewJersey4,LS1,Combined,Set2,Draw1,6,col6,Combined|Set2|Draw1|col6,D,own,1,3,2,1,6,1,599166,6,4,False,2,11,12,7
NewJersey4,LS1,Combined,Set2,Draw1,6,col6,Combined|Set2|Draw1|col6,D,own,1,3,2,1,6,2,166,3,2,True,2,11,12,7
NewJersey4,LS1,Combined,Set2,Draw1,6,col6,Combined|Set2|Draw1|col6,D,own,1,3,2,1,6,3,166,3,2,True,2,11,12,7
NewJersey4,LS1,Combined,Set2,Draw1,6,col6,Combined|Set2|Draw1|col6,D,own,1,3,2,1,6,4,6,1,1,True,2,11,12,7
NewJersey4,LS1,Combined,Set2,Draw1,6,col6,Combined|Set2|Draw1|col6,D,own,1,3,2,1,6,5,6,1,1,True,2,11,12,7
NewJersey4,LS1,Combined,Set2,Draw1,6,col6,Combined|Set2|Draw1|col6,D,own,1,3,2,1,6,11,,0,0,False,2,11,12,7
NewJersey4,LS1,Combined,Set2,Draw1,6,col6,Combined|Set2|Draw1|col6,D,combined,1,3,2,1,6,0,5992188667,10,7,False,3,8,9,7
NewJersey4,LS1,Combined,Set2,Draw1,6,col6,Combined|Set2|Draw1|col6,D,combined,1,3,2,1,6,1,599166,6,4,False,3,8,9,7
NewJersey4,LS1,Combined,Set2,Draw1,6,col6,Combined|Set2|Draw1|col6,D,combined,1,3,2,1,6,2,599166,6,4,False,3,8,9,7
NewJersey4,LS1,Combined,Set2,Draw1,6,col6,Combined|Set2|Draw1|col6,D,combined,1,3,2,1,6,3,166,3,2,True,3,8,9,7
NewJersey4,LS1,Combined,Set2,Draw1,6,col6,Combined|Set2|Draw1|col6,D,combined,1,3,2,1,6,4,166,3,2,True,3,8,9,7
NewJersey4,LS1,Combined,Set2,Draw1,6,col6,Combined|Set2|Draw1|col6,D,combined,1,3,2,1,6,7,6,1,1,True,3,8,9,7
NewJersey4,LS1,Combined,Set2,Draw1,6,col6,Combined|Set2|Draw1|col6,D,combined,1,3,2,1,6,8,,0,0,False,3,8,9,7
NewJersey4,LS1,Combined,Set2,Draw1,6,col6,Combined|Set2|Draw1|col6,E,own,1,3,2,1,6,0,5992188667,10,7,False,3,17,18,9
NewJersey4,LS1,Combined,Set2,Draw1,6,col6,Combined|Set2|Draw1|col6,E,own,1,3,2,1,6,1,5992166,7,5,False,3,17,18,9
NewJersey4,LS1,Combined,Set2,Draw1,6,col6,Combined|Set2|Draw1|col6,E,own,1,3,2,1,6,2,92166,5,4,False,3,17,18,9
NewJersey4,LS1,Combined,Set2,Draw1,6,col6,Combined|Set2|Draw1|col6,E,own,1,3,2,1,6,3,2166,4,3,True,3,17,18,9
NewJersey4,LS1,Combined,Set2,Draw1,6,col6,Combined|Set2|Draw1|col6,E,own,1,3,2,1,6,4,66,2,1,True,3,17,18,9
NewJersey4,LS1,Combined,Set2,Draw1,6,col6,Combined|Set2|Draw1|col6,E,own,1,3,2,1,6,5,66,2,1,True,3,17,18,9
NewJersey4,LS1,Combined,Set2,Draw1,6,col6,Combined|Set2|Draw1|col6,E,own,1,3,2,1,6,11,6,1,1,True,3,17,18,9
NewJersey4,LS1,Combined,Set2,Draw1,6,col6,Combined|Set2|Draw1|col6,E,own,1,3,2,1,6,12,6,1,1,True,3,17,18,9
NewJersey4,LS1,Combined,Set2,Draw1,6,col6,Combined|Set2|Draw1|col6,E,own,1,3,2,1,6,17,,0,0,False,3,17,18,9
NewJersey4,LS1,Combined,Set2,Draw1,6,col6,Combined|Set2|Draw1|col6,E,combined,1,3,2,1,6,0,5992188667,10,7,False,3,21,22,10
NewJersey4,LS1,Combined,Set2,Draw1,6,col6,Combined|Set2|Draw1|col6,E,combined,1,3,2,1,6,1,5992166,7,5,False,3,21,22,10
NewJersey4,LS1,Combined,Set2,Draw1,6,col6,Combined|Set2|Draw1|col6,E,combined,1,3,2,1,6,2,599166,6,4,False,3,21,22,10
NewJersey4,LS1,Combined,Set2,Draw1,6,col6,Combined|Set2|Draw1|col6,E,combined,1,3,2,1,6,3,9166,4,3,True,3,21,22,10
NewJersey4,LS1,Combined,Set2,Draw1,6,col6,Combined|Set2|Draw1|col6,E,combined,1,3,2,1,6,4,166,3,2,True,3,21,22,10
NewJersey4,LS1,Combined,Set2,Draw1,6,col6,Combined|Set2|Draw1|col6,E,combined,1,3,2,1,6,5,166,3,2,True,3,21,22,10
NewJersey4,LS1,Combined,Set2,Draw1,6,col6,Combined|Set2|Draw1|col6,E,combined,1,3,2,1,6,7,66,2,1,True,3,21,22,10
NewJersey4,LS1,Combined,Set2,Draw1,6,col6,Combined|Set2|Draw1|col6,E,combined,1,3,2,1,6,8,6,1,1,True,3,21,22,10
NewJersey4,LS1,Combined,Set2,Draw1,6,col6,Combined|Set2|Draw1|col6,E,combined,1,3,2,1,6,9,6,1,1,True,3,21,22,10
NewJersey4,LS1,Combined,Set2,Draw1,6,col6,Combined|Set2|Draw1|col6,E,combined,1,3,2,1,6,21,,0,0,False,3,21,22,10
NewJersey4,LS1,Combined,Set2,Draw1,6,col6,Combined|Set2|Draw1|col6,T,own,1,3,2,1,6,0,5992188667,10,7,False,2,4,29,5
NewJersey4,LS1,Combined,Set2,Draw1,6,col6,Combined|Set2|Draw1|col6,T,own,1,3,2,1,6,1,599166,6,4,False,2,4,29,5
NewJersey4,LS1,Combined,Set2,Draw1,6,col6,Combined|Set2|Draw1|col6,T,own,1,3,2,1,6,2,166,3,2,True,2,4,29,5
NewJersey4,LS1,Combined,Set2,Draw1,6,col6,Combined|Set2|Draw1|col6,T,own,1,3,2,1,6,3,166,3,2,True,2,4,29,5
NewJersey4,LS1,Combined,Set2,Draw1,6,col6,Combined|Set2|Draw1|col6,T,own,1,3,2,1,6,4,66,2,1,True,2,4,29,5
NewJersey4,LS1,Combined,Set2,Draw1,6,col6,Combined|Set2|Draw1|col6,T,combined,1,3,2,1,6,0,5992188667,10,7,False,3,7,57,6
NewJersey4,LS1,Combined,Set2,Draw1,6,col6,Combined|Set2|Draw1|col6,T,combined,1,3,2,1,6,1,599166,6,4,False,3,7,57,6
NewJersey4,LS1,Combined,Set2,Draw1,6,col6,Combined|Set2|Draw1|col6,T,combined,1,3,2,1,6,2,599166,6,4,False,3,7,57,6
NewJersey4,LS1,Combined,Set2,Draw1,6,col6,Combined|Set2|Draw1|col6,T,combined,1,3,2,1,6,3,166,3,2,True,3,7,57,6
NewJersey4,LS1,Combined,Set2,Draw1,6,col6,Combined|Set2|Draw1|col6,T,combined,1,3,2,1,6,4,166,3,2,True,3,7,57,6
NewJersey4,LS1,Combined,Set2,Draw1,6,col6,Combined|Set2|Draw1|col6,T,combined,1,3,2,1,6,7,66,2,1,True,3,7,57,6
NewJersey4,LS1,Combined,Set2,Draw1,5,col5,Combined|Set2|Draw1|col5,A,own,1,3,2,1,5,0,52188667,8,6,False,2,4,29,5
NewJersey4,LS1,Combined,Set2,Draw1,5,col5,Combined|Set2|Draw1|col5,A,own,1,3,2,1,5,1,52166,5,4,False,2,4,29,5
NewJersey4,LS1,Combined,Set2,Draw1,5,col5,Combined|Set2|Draw1|col5,A,own,1,3,2,1,5,2,2166,4,3,True,2,4,29,5
NewJersey4,LS1,Combined,Set2,Draw1,5,col5,Combined|Set2|Draw1|col5,A,own,1,3,2,1,5,3,2166,4,3,True,2,4,29,5
NewJersey4,LS1,Combined,Set2,Draw1,5,col5,Combined|Set2|Draw1|col5,A,own,1,3,2,1,5,4,66,2,1,True,2,4,29,5
NewJersey4,LS1,Combined,Set2,Draw1,5,col5,Combined|Set2|Draw1|col5,A,combined,1,3,2,1,5,0,52188667,8,6,False,3,7,57,8
NewJersey4,LS1,Combined,Set2,Draw1,5,col5,Combined|Set2|Draw1|col5,A,combined,1,3,2,1,5,1,52166,5,4,False,3,7,57,8
NewJersey4,LS1,Combined,Set2,Draw1,5,col5,Combined|Set2|Draw1|col5,A,combined,1,3,2,1,5,2,52166,5,4,False,3,7,57,8
NewJersey4,LS1,Combined,Set2,Draw1,5,col5,Combined|Set2|Draw1|col5,A,combined,1,3,2,1,5,3,2166,4,3,True,3,7,57,8
NewJersey4,LS1,Combined,Set2,Draw1,5,col5,Combined|Set2|Draw1|col5,A,combined,1,3,2,1,5,4,2166,4,3,True,3,7,57,8
NewJersey4,LS1,Combined,Set2,Draw1,5,col5,Combined|Set2|Draw1|col5,A,combined,1,3,2,1,5,5,2166,4,3,True,3,7,57,8
NewJersey4,LS1,Combined,Set2,Draw1,5,col5,Combined|Set2|Draw1|col5,A,combined,1,3,2,1,5,6,2166,4,3,True,3,7,57,8
NewJersey4,LS1,Combined,Set2,Draw1,5,col5,Combined|Set2|Draw1|col5,A,combined,1,3,2,1,5,7,66,2,1,True,3,7,57,8
NewJersey4,LS1,Combined,Set2,Draw1,5,col5,Combined|Set2|Draw1|col5,B,own,1,3,2,1,5,0,52188667,8,6,False,2,11,12,7
NewJersey4,LS1,Combined,Set2,Draw1,5,col5,Combined|Set2|Draw1|col5,B,own,1,3,2,1,5,1,52166,5,4,False,2,11,12,7
NewJersey4,LS1,Combined,Set2,Draw1,5,col5,Combined|Set2|Draw1|col5,B,own,1,3,2,1,5,2,2166,4,3,True,2,11,12,7
NewJersey4,LS1,Combined,Set2,Draw1,5,col5,Combined|Set2|Draw1|col5,B,own,1,3,2,1,5,3,2166,4,3,True,2,11,12,7
NewJersey4,LS1,Combined,Set2,Draw1,5,col5,Combined|Set2|Draw1|col5,B,own,1,3,2,1,5,4,66,2,1,True,2,11,12,7
NewJersey4,LS1,Combined,Set2,Draw1,5,col5,Combined|Set2|Draw1|col5,B,own,1,3,2,1,5,5,66,2,1,True,2,11,12,7
NewJersey4,LS1,Combined,Set2,Draw1,5,col5,Combined|Set2|Draw1|col5,B,own,1,3,2,1,5,11,,0,0,False,2,11,12,7
NewJersey4,LS1,Combined,Set2,Draw1,5,col5,Combined|Set2|Draw1|col5,B,combined,1,3,2,1,5,0,52188667,8,6,False,2,8,9,7
NewJersey4,LS1,Combined,Set2,Draw1,5,col5,Combined|Set2|Draw1|col5,B,combined,1,3,2,1,5,1,52166,5,4,False,2,8,9,7
NewJersey4,LS1,Combined,Set2,Draw1,5,col5,Combined|Set2|Draw1|col5,B,combined,1,3,2,1,5,2,5166,4,3,True,2,8,9,7
NewJersey4,LS1,Combined,Set2,Draw1,5,col5,Combined|Set2|Draw1|col5,B,combined,1,3,2,1,5,3,166,3,2,True,2,8,9,7
NewJersey4,LS1,Combined,Set2,Draw1,5,col5,Combined|Set2|Draw1|col5,B,combined,1,3,2,1,5,4,166,3,2,True,2,8,9,7
NewJersey4,LS1,Combined,Set2,Draw1,5,col5,Combined|Set2|Draw1|col5,B,combined,1,3,2,1,5,7,66,2,1,True,2,8,9,7
NewJersey4,LS1,Combined,Set2,Draw1,5,col5,Combined|Set2|Draw1|col5,B,combined,1,3,2,1,5,8,,0,0,False,2,8,9,7
NewJersey4,LS1,Combined,Set2,Draw1,5,col5,Combined|Set2|Draw1|col5,C,own,1,3,2,1,5,0,52188667,8,6,False,1,4,5,5
NewJersey4,LS1,Combined,Set2,Draw1,5,col5,Combined|Set2|Draw1|col5,C,own,1,3,2,1,5,1,5166,4,3,True,1,4,5,5
NewJersey4,LS1,Combined,Set2,Draw1,5,col5,Combined|Set2|Draw1|col5,C,own,1,3,2,1,5,2,166,3,2,True,1,4,5,5
NewJersey4,LS1,Combined,Set2,Draw1,5,col5,Combined|Set2|Draw1|col5,C,own,1,3,2,1,5,3,166,3,2,True,1,4,5,5
NewJersey4,LS1,Combined,Set2,Draw1,5,col5,Combined|Set2|Draw1|col5,C,own,1,3,2,1,5,4,,0,0,False,1,4,5,5
NewJersey4,LS1,Combined,Set2,Draw1,5,col5,Combined|Set2|Draw1|col5,C,combined,1,3,2,1,5,0,52188667,8,6,False,1,7,8,6
NewJersey4,LS1,Combined,Set2,Draw1,5,col5,Combined|Set2|Draw1|col5,C,combined,1,3,2,1,5,1,5166,4,3,True,1,7,8,6
NewJersey4,LS1,Combined,Set2,Draw1,5,col5,Combined|Set2|Draw1|col5,C,combined,1,3,2,1,5,2,5166,4,3,True,1,7,8,6
NewJersey4,LS1,Combined,Set2,Draw1,5,col5,Combined|Set2|Draw1|col5,C,combined,1,3,2,1,5,3,166,3,2,True,1,7,8,6
NewJersey4,LS1,Combined,Set2,Draw1,5,col5,Combined|Set2|Draw1|col5,C,combined,1,3,2,1,5,4,166,3,2,True,1,7,8,6
NewJersey4,LS1,Combined,Set2,Draw1,5,col5,Combined|Set2|Draw1|col5,C,combined,1,3,2,1,5,7,,0,0,False,1,7,8,6
NewJersey4,LS1,Combined,Set2,Draw1,5,col5,Combined|Set2|Draw1|col5,D,own,1,3,2,1,5,0,52188667,8,6,False,1,11,12,7
NewJersey4,LS1,Combined,Set2,Draw1,5,col5,Combined|Set2|Draw1|col5,D,own,1,3,2,1,5,1,5166,4,3,True,1,11,12,7
NewJersey4,LS1,Combined,Set2,Draw1,5,col5,Combined|Set2|Draw1|col5,D,own,1,3,2,1,5,2,166,3,2,True,1,11,12,7
NewJersey4,LS1,Combined,Set2,Draw1,5,col5,Combined|Set2|Draw1|col5,D,own,1,3,2,1,5,3,166,3,2,True,1,11,12,7
NewJersey4,LS1,Combined,Set2,Draw1,5,col5,Combined|Set2|Draw1|col5,D,own,1,3,2,1,5,4,6,1,1,True,1,11,12,7
NewJersey4,LS1,Combined,Set2,Draw1,5,col5,Combined|Set2|Draw1|col5,D,own,1,3,2,1,5,5,6,1,1,True,1,11,12,7
NewJersey4,LS1,Combined,Set2,Draw1,5,col5,Combined|Set2|Draw1|col5,D,own,1,3,2,1,5,11,,0,0,False,1,11,12,7
NewJersey4,LS1,Combined,Set2,Draw1,5,col5,Combined|Set2|Draw1|col5,D,combined,1,3,2,1,5,0,52188667,8,6,False,1,8,9,7
NewJersey4,LS1,Combined,Set2,Draw1,5,col5,Combined|Set2|Draw1|col5,D,combined,1,3,2,1,5,1,5166,4,3,True,1,8,9,7
NewJersey4,LS1,Combined,Set2,Draw1,5,col5,Combined|Set2|Draw1|col5,D,combined,1,3,2,1,5,2,5166,4,3,True,1,8,9,7
NewJersey4,LS1,Combined,Set2,Draw1,5,col5,Combined|Set2|Draw1|col5,D,combined,1,3,2,1,5,3,166,3,2,True,1,8,9,7
NewJersey4,LS1,Combined,Set2,Draw1,5,col5,Combined|Set2|Draw1|col5,D,combined,1,3,2,1,5,4,166,3,2,True,1,8,9,7
NewJersey4,LS1,Combined,Set2,Draw1,5,col5,Combined|Set2|Draw1|col5,D,combined,1,3,2,1,5,7,6,1,1,True,1,8,9,7
NewJersey4,LS1,Combined,Set2,Draw1,5,col5,Combined|Set2|Draw1|col5,D,combined,1,3,2,1,5,8,,0,0,False,1,8,9,7
NewJersey4,LS1,Combined,Set2,Draw1,5,col5,Combined|Set2|Draw1|col5,E,own,1,3,2,1,5,0,52188667,8,6,False,2,17,18,9
NewJersey4,LS1,Combined,Set2,Draw1,5,col5,Combined|Set2|Draw1|col5,E,own,1,3,2,1,5,1,52166,5,4,False,2,17,18,9
NewJersey4,LS1,Combined,Set2,Draw1,5,col5,Combined|Set2|Draw1|col5,E,own,1,3,2,1,5,2,2166,4,3,True,2,17,18,9
NewJersey4,LS1,Combined,Set2,Draw1,5,col5,Combined|Set2|Draw1|col5,E,own,1,3,2,1,5,3,2166,4,3,True,2,17,18,9
NewJersey4,LS1,Combined,Set2,Draw1,5,col5,Combined|Set2|Draw1|col5,E,own,1,3,2,1,5,4,66,2,1,True,2,17,18,9
NewJersey4,LS1,Combined,Set2,Draw1,5,col5,Combined|Set2|Draw1|col5,E,own,1,3,2,1,5,5,66,2,1,True,2,17,18,9
NewJersey4,LS1,Combined,Set2,Draw1,5,col5,Combined|Set2|Draw1|col5,E,own,1,3,2,1,5,11,6,1,1,True,2,17,18,9
NewJersey4,LS1,Combined,Set2,Draw1,5,col5,Combined|Set2|Draw1|col5,E,own,1,3,2,1,5,12,6,1,1,True,2,17,18,9
NewJersey4,LS1,Combined,Set2,Draw1,5,col5,Combined|Set2|Draw1|col5,E,own,1,3,2,1,5,17,,0,0,False,2,17,18,9
NewJersey4,LS1,Combined,Set2,Draw1,5,col5,Combined|Set2|Draw1|col5,E,combined,1,3,2,1,5,0,52188667,8,6,False,2,21,22,9
NewJersey4,LS1,Combined,Set2,Draw1,5,col5,Combined|Set2|Draw1|col5,E,combined,1,3,2,1,5,1,52166,5,4,False,2,21,22,9
NewJersey4,LS1,Combined,Set2,Draw1,5,col5,Combined|Set2|Draw1|col5,E,combined,1,3,2,1,5,2,5166,4,3,True,2,21,22,9
NewJersey4,LS1,Combined,Set2,Draw1,5,col5,Combined|Set2|Draw1|col5,E,combined,1,3,2,1,5,3,166,3,2,True,2,21,22,9
NewJersey4,LS1,Combined,Set2,Draw1,5,col5,Combined|Set2|Draw1|col5,E,combined,1,3,2,1,5,4,166,3,2,True,2,21,22,9
NewJersey4,LS1,Combined,Set2,Draw1,5,col5,Combined|Set2|Draw1|col5,E,combined,1,3,2,1,5,7,66,2,1,True,2,21,22,9
NewJersey4,LS1,Combined,Set2,Draw1,5,col5,Combined|Set2|Draw1|col5,E,combined,1,3,2,1,5,8,6,1,1,True,2,21,22,9
NewJersey4,LS1,Combined,Set2,Draw1,5,col5,Combined|Set2|Draw1|col5,E,combined,1,3,2,1,5,9,6,1,1,True,2,21,22,9
NewJersey4,LS1,Combined,Set2,Draw1,5,col5,Combined|Set2|Draw1|col5,E,combined,1,3,2,1,5,21,,0,0,False,2,21,22,9
NewJersey4,LS1,Combined,Set2,Draw1,5,col5,Combined|Set2|Draw1|col5,T,own,1,3,2,1,5,0,52188667,8,6,False,1,4,29,5
NewJersey4,LS1,Combined,Set2,Draw1,5,col5,Combined|Set2|Draw1|col5,T,own,1,3,2,1,5,1,5166,4,3,True,1,4,29,5
NewJersey4,LS1,Combined,Set2,Draw1,5,col5,Combined|Set2|Draw1|col5,T,own,1,3,2,1,5,2,166,3,2,True,1,4,29,5
NewJersey4,LS1,Combined,Set2,Draw1,5,col5,Combined|Set2|Draw1|col5,T,own,1,3,2,1,5,3,166,3,2,True,1,4,29,5
NewJersey4,LS1,Combined,Set2,Draw1,5,col5,Combined|Set2|Draw1|col5,T,own,1,3,2,1,5,4,66,2,1,True,1,4,29,5
NewJersey4,LS1,Combined,Set2,Draw1,5,col5,Combined|Set2|Draw1|col5,T,combined,1,3,2,1,5,0,52188667,8,6,False,1,7,57,6
NewJersey4,LS1,Combined,Set2,Draw1,5,col5,Combined|Set2|Draw1|col5,T,combined,1,3,2,1,5,1,5166,4,3,True,1,7,57,6
NewJersey4,LS1,Combined,Set2,Draw1,5,col5,Combined|Set2|Draw1|col5,T,combined,1,3,2,1,5,2,5166,4,3,True,1,7,57,6
NewJersey4,LS1,Combined,Set2,Draw1,5,col5,Combined|Set2|Draw1|col5,T,combined,1,3,2,1,5,3,166,3,2,True,1,7,57,6
NewJersey4,LS1,Combined,Set2,Draw1,5,col5,Combined|Set2|Draw1|col5,T,combined,1,3,2,1,5,4,166,3,2,True,1,7,57,6
NewJersey4,LS1,Combined,Set2,Draw1,5,col5,Combined|Set2|Draw1|col5,T,combined,1,3,2,1,5,7,66,2,1,True,1,7,57,6
NewJersey4,LS1,Combined,Set2,Draw1,4,col4,Combined|Set2|Draw1|col4,A,own,1,3,2,1,4,0,2188667*,8,6,False,4,4,29,5
NewJersey4,LS1,Combined,Set2,Draw1,4,col4,Combined|Set2|Draw1|col4,A,own,1,3,2,1,4,1,2166*,5,4,False,4,4,29,5
NewJersey4,LS1,Combined,Set2,Draw1,4,col4,Combined|Set2|Draw1|col4,A,own,1,3,2,1,4,2,2166*,5,4,False,4,4,29,5
NewJersey4,LS1,Combined,Set2,Draw1,4,col4,Combined|Set2|Draw1|col4,A,own,1,3,2,1,4,3,2166*,5,4,False,4,4,29,5
NewJersey4,LS1,Combined,Set2,Draw1,4,col4,Combined|Set2|Draw1|col4,A,own,1,3,2,1,4,4,66*,3,2,True,4,4,29,5
NewJersey4,LS1,Combined,Set2,Draw1,4,col4,Combined|Set2|Draw1|col4,A,combined,1,3,2,1,4,0,2188667*,8,6,False,7,7,57,8
NewJersey4,LS1,Combined,Set2,Draw1,4,col4,Combined|Set2|Draw1|col4,A,combined,1,3,2,1,4,1,2166*,5,4,False,7,7,57,8
NewJersey4,LS1,Combined,Set2,Draw1,4,col4,Combined|Set2|Draw1|col4,A,combined,1,3,2,1,4,2,2166*,5,4,False,7,7,57,8
NewJersey4,LS1,Combined,Set2,Draw1,4,col4,Combined|Set2|Draw1|col4,A,combined,1,3,2,1,4,3,2166*,5,4,False,7,7,57,8
NewJersey4,LS1,Combined,Set2,Draw1,4,col4,Combined|Set2|Draw1|col4,A,combined,1,3,2,1,4,4,2166*,5,4,False,7,7,57,8
NewJersey4,LS1,Combined,Set2,Draw1,4,col4,Combined|Set2|Draw1|col4,A,combined,1,3,2,1,4,5,2166*,5,4,False,7,7,57,8
NewJersey4,LS1,Combined,Set2,Draw1,4,col4,Combined|Set2|Draw1|col4,A,combined,1,3,2,1,4,6,2166*,5,4,False,7,7,57,8
NewJersey4,LS1,Combined,Set2,Draw1,4,col4,Combined|Set2|Draw1|col4,A,combined,1,3,2,1,4,7,66*,3,2,True,7,7,57,8
NewJersey4,LS1,Combined,Set2,Draw1,4,col4,Combined|Set2|Draw1|col4,B,own,1,3,2,1,4,0,2188667*,8,6,False,4,11,29,7
NewJersey4,LS1,Combined,Set2,Draw1,4,col4,Combined|Set2|Draw1|col4,B,own,1,3,2,1,4,1,2166*,5,4,False,4,11,29,7
NewJersey4,LS1,Combined,Set2,Draw1,4,col4,Combined|Set2|Draw1|col4,B,own,1,3,2,1,4,2,2166*,5,4,False,4,11,29,7
NewJersey4,LS1,Combined,Set2,Draw1,4,col4,Combined|Set2|Draw1|col4,B,own,1,3,2,1,4,3,2166*,5,4,False,4,11,29,7
NewJersey4,LS1,Combined,Set2,Draw1,4,col4,Combined|Set2|Draw1|col4,B,own,1,3,2,1,4,4,66*,3,2,True,4,11,29,7
NewJersey4,LS1,Combined,Set2,Draw1,4,col4,Combined|Set2|Draw1|col4,B,own,1,3,2,1,4,5,66*,3,2,True,4,11,29,7
NewJersey4,LS1,Combined,Set2,Draw1,4,col4,Combined|Set2|Draw1|col4,B,own,1,3,2,1,4,11,*,1,1,True,4,11,29,7
NewJersey4,LS1,Combined,Set2,Draw1,4,col4,Combined|Set2|Draw1|col4,B,combined,1,3,2,1,4,0,2188667*,8,6,False,2,8,57,9
NewJersey4,LS1,Combined,Set2,Draw1,4,col4,Combined|Set2|Draw1|col4,B,combined,1,3,2,1,4,1,2166*,5,4,False,2,8,57,9
NewJersey4,LS1,Combined,Set2,Draw1,4,col4,Combined|Set2|Draw1|col4,B,combined,1,3,2,1,4,2,166*,4,3,True,2,8,57,9
NewJersey4,LS1,Combined,Set2,Draw1,4,col4,Combined|Set2|Draw1|col4,B,combined,1,3,2,1,4,3,166*,4,3,True,2,8,57,9
NewJersey4,LS1,Combined,Set2,Draw1,4,col4,Combined|Set2|Draw1|col4,B,combined,1,3,2,1,4,4,166*,4,3,True,2,8,57,9
NewJersey4,LS1,Combined,Set2,Draw1,4,col4,Combined|Set2|Draw1|col4,B,combined,1,3,2,1,4,5,166*,4,3,True,2,8,57,9
NewJersey4,LS1,Combined,Set2,Draw1,4,col4,Combined|Set2|Draw1|col4,B,combined,1,3,2,1,4,6,166*,4,3,True,2,8,57,9
NewJersey4,LS1,Combined,Set2,Draw1,4,col4,Combined|Set2|Draw1|col4,B,combined,1,3,2,1,4,7,66*,3,2,True,2,8,57,9
NewJersey4,LS1,Combined,Set2,Draw1,4,col4,Combined|Set2|Draw1|col4,B,combined,1,3,2,1,4,8,*,1,1,True,2,8,57,9
NewJersey4,LS1,Combined,Set2,Draw1,4,col4,Combined|Set2|Draw1|col4,C,own,1,3,2,1,4,0,2188667*,8,6,False,1,4,29,5
NewJersey4,LS1,Combined,Set2,Draw1,4,col4,Combined|Set2|Draw1|col4,C,own,1,3,2,1,4,1,166*,4,3,True,1,4,29,5
NewJersey4,LS1,Combined,Set2,Draw1,4,col4,Combined|Set2|Draw1|col4,C,own,1,3,2,1,4,2,166*,4,3,True,1,4,29,5
NewJersey4,LS1,Combined,Set2,Draw1,4,col4,Combined|Set2|Draw1|col4,C,own,1,3,2,1,4,3,166*,4,3,True,1,4,29,5
NewJersey4,LS1,Combined,Set2,Draw1,4,col4,Combined|Set2|Draw1|col4,C,own,1,3,2,1,4,4,*,1,1,True,1,4,29,5
NewJersey4,LS1,Combined,Set2,Draw1,4,col4,Combined|Set2|Draw1|col4,C,combined,1,3,2,1,4,0,2188667*,8,6,False,1,7,57,8
NewJersey4,LS1,Combined,Set2,Draw1,4,col4,Combined|Set2|Draw1|col4,C,combined,1,3,2,1,4,1,166*,4,3,True,1,7,57,8
NewJersey4,LS1,Combined,Set2,Draw1,4,col4,Combined|Set2|Draw1|col4,C,combined,1,3,2,1,4,2,166*,4,3,True,1,7,57,8
NewJersey4,LS1,Combined,Set2,Draw1,4,col4,Combined|Set2|Draw1|col4,C,combined,1,3,2,1,4,3,166*,4,3,True,1,7,57,8
NewJersey4,LS1,Combined,Set2,Draw1,4,col4,Combined|Set2|Draw1|col4,C,combined,1,3,2,1,4,4,166*,4,3,True,1,7,57,8
NewJersey4,LS1,Combined,Set2,Draw1,4,col4,Combined|Set2|Draw1|col4,C,combined,1,3,2,1,4,5,166*,4,3,True,1,7,57,8
NewJersey4,LS1,Combined,Set2,Draw1,4,col4,Combined|Set2|Draw1|col4,C,combined,1,3,2,1,4,6,166*,4,3,True,1,7,57,8
NewJersey4,LS1,Combined,Set2,Draw1,4,col4,Combined|Set2|Draw1|col4,C,combined,1,3,2,1,4,7,*,1,1,True,1,7,57,8
NewJersey4,LS1,Combined,Set2,Draw1,4,col4,Combined|Set2|Draw1|col4,D,own,1,3,2,1,4,0,2188667*,8,6,False,1,11,29,7
NewJersey4,LS1,Combined,Set2,Draw1,4,col4,Combined|Set2|Draw1|col4,D,own,1,3,2,1,4,1,166*,4,3,True,1,11,29,7
NewJersey4,LS1,Combined,Set2,Draw1,4,col4,Combined|Set2|Draw1|col4,D,own,1,3,2,1,4,2,166*,4,3,True,1,11,29,7
NewJersey4,LS1,Combined,Set2,Draw1,4,col4,Combined|Set2|Draw1|col4,D,own,1,3,2,1,4,3,166*,4,3,True,1,11,29,7
NewJersey4,LS1,Combined,Set2,Draw1,4,col4,Combined|Set2|Draw1|col4,D,own,1,3,2,1,4,4,6*,2,2,True,1,11,29,7
NewJersey4,LS1,Combined,Set2,Draw1,4,col4,Combined|Set2|Draw1|col4,D,own,1,3,2,1,4,5,6*,2,2,True,1,11,29,7
NewJersey4,LS1,Combined,Set2,Draw1,4,col4,Combined|Set2|Draw1|col4,D,own,1,3,2,1,4,11,*,1,1,True,1,11,29,7
NewJersey4,LS1,Combined,Set2,Draw1,4,col4,Combined|Set2|Draw1|col4,D,combined,1,3,2,1,4,0,2188667*,8,6,False,1,8,57,9
NewJersey4,LS1,Combined,Set2,Draw1,4,col4,Combined|Set2|Draw1|col4,D,combined,1,3,2,1,4,1,166*,4,3,True,1,8,57,9
NewJersey4,LS1,Combined,Set2,Draw1,4,col4,Combined|Set2|Draw1|col4,D,combined,1,3,2,1,4,2,166*,4,3,True,1,8,57,9
NewJersey4,LS1,Combined,Set2,Draw1,4,col4,Combined|Set2|Draw1|col4,D,combined,1,3,2,1,4,3,166*,4,3,True,1,8,57,9
NewJersey4,LS1,Combined,Set2,Draw1,4,col4,Combined|Set2|Draw1|col4,D,combined,1,3,2,1,4,4,166*,4,3,True,1,8,57,9
NewJersey4,LS1,Combined,Set2,Draw1,4,col4,Combined|Set2|Draw1|col4,D,combined,1,3,2,1,4,5,166*,4,3,True,1,8,57,9
NewJersey4,LS1,Combined,Set2,Draw1,4,col4,Combined|Set2|Draw1|col4,D,combined,1,3,2,1,4,6,166*,4,3,True,1,8,57,9
NewJersey4,LS1,Combined,Set2,Draw1,4,col4,Combined|Set2|Draw1|col4,D,combined,1,3,2,1,4,7,6*,2,2,True,1,8,57,9
NewJersey4,LS1,Combined,Set2,Draw1,4,col4,Combined|Set2|Draw1|col4,D,combined,1,3,2,1,4,8,*,1,1,True,1,8,57,9
NewJersey4,LS1,Combined,Set2,Draw1,4,col4,Combined|Set2|Draw1|col4,E,own,1,3,2,1,4,0,2188667*,8,6,False,4,17,29,9
NewJersey4,LS1,Combined,Set2,Draw1,4,col4,Combined|Set2|Draw1|col4,E,own,1,3,2,1,4,1,2166*,5,4,False,4,17,29,9
NewJersey4,LS1,Combined,Set2,Draw1,4,col4,Combined|Set2|Draw1|col4,E,own,1,3,2,1,4,2,2166*,5,4,False,4,17,29,9
NewJersey4,LS1,Combined,Set2,Draw1,4,col4,Combined|Set2|Draw1|col4,E,own,1,3,2,1,4,3,2166*,5,4,False,4,17,29,9
NewJersey4,LS1,Combined,Set2,Draw1,4,col4,Combined|Set2|Draw1|col4,E,own,1,3,2,1,4,4,66*,3,2,True,4,17,29,9
NewJersey4,LS1,Combined,Set2,Draw1,4,col4,Combined|Set2|Draw1|col4,E,own,1,3,2,1,4,5,66*,3,2,True,4,17,29,9
NewJersey4,LS1,Combined,Set2,Draw1,4,col4,Combined|Set2|Draw1|col4,E,own,1,3,2,1,4,11,6*,2,2,True,4,17,29,9
NewJersey4,LS1,Combined,Set2,Draw1,4,col4,Combined|Set2|Draw1|col4,E,own,1,3,2,1,4,12,6*,2,2,True,4,17,29,9
NewJersey4,LS1,Combined,Set2,Draw1,4,col4,Combined|Set2|Draw1|col4,E,own,1,3,2,1,4,17,*,1,1,True,4,17,29,9
NewJersey4,LS1,Combined,Set2,Draw1,4,col4,Combined|Set2|Draw1|col4,E,combined,1,3,2,1,4,0,2188667*,8,6,False,2,21,57,11
NewJersey4,LS1,Combined,Set2,Draw1,4,col4,Combined|Set2|Draw1|col4,E,combined,1,3,2,1,4,1,2166*,5,4,False,2,21,57,11
NewJersey4,LS1,Combined,Set2,Draw1,4,col4,Combined|Set2|Draw1|col4,E,combined,1,3,2,1,4,2,166*,4,3,True,2,21,57,11
NewJersey4,LS1,Combined,Set2,Draw1,4,col4,Combined|Set2|Draw1|col4,E,combined,1,3,2,1,4,3,166*,4,3,True,2,21,57,11
NewJersey4,LS1,Combined,Set2,Draw1,4,col4,Combined|Set2|Draw1|col4,E,combined,1,3,2,1,4,4,166*,4,3,True,2,21,57,11
NewJersey4,LS1,Combined,Set2,Draw1,4,col4,Combined|Set2|Draw1|col4,E,combined,1,3,2,1,4,5,166*,4,3,True,2,21,57,11
NewJersey4,LS1,Combined,Set2,Draw1,4,col4,Combined|Set2|Draw1|col4,E,combined,1,3,2,1,4,6,166*,4,3,True,2,21,57,11
NewJersey4,LS1,Combined,Set2,Draw1,4,col4,Combined|Set2|Draw1|col4,E,combined,1,3,2,1,4,7,66*,3,2,True,2,21,57,11
NewJersey4,LS1,Combined,Set2,Draw1,4,col4,Combined|Set2|Draw1|col4,E,combined,1,3,2,1,4,8,6*,2,2,True,2,21,57,11
NewJersey4,LS1,Combined,Set2,Draw1,4,col4,Combined|Set2|Draw1|col4,E,combined,1,3,2,1,4,9,6*,2,2,True,2,21,57,11
NewJersey4,LS1,Combined,Set2,Draw1,4,col4,Combined|Set2|Draw1|col4,E,combined,1,3,2,1,4,21,*,1,1,True,2,21,57,11
NewJersey4,LS1,Combined,Set2,Draw1,4,col4,Combined|Set2|Draw1|col4,T,own,1,3,2,1,4,0,2188667*,8,6,False,1,4,29,5
NewJersey4,LS1,Combined,Set2,Draw1,4,col4,Combined|Set2|Draw1|col4,T,own,1,3,2,1,4,1,166*,4,3,True,1,4,29,5
NewJersey4,LS1,Combined,Set2,Draw1,4,col4,Combined|Set2|Draw1|col4,T,own,1,3,2,1,4,2,166*,4,3,True,1,4,29,5
NewJersey4,LS1,Combined,Set2,Draw1,4,col4,Combined|Set2|Draw1|col4,T,own,1,3,2,1,4,3,166*,4,3,True,1,4,29,5
NewJersey4,LS1,Combined,Set2,Draw1,4,col4,Combined|Set2|Draw1|col4,T,own,1,3,2,1,4,4,66*,3,2,True,1,4,29,5
NewJersey4,LS1,Combined,Set2,Draw1,4,col4,Combined|Set2|Draw1|col4,T,combined,1,3,2,1,4,0,2188667*,8,6,False,1,7,57,8
NewJersey4,LS1,Combined,Set2,Draw1,4,col4,Combined|Set2|Draw1|col4,T,combined,1,3,2,1,4,1,166*,4,3,True,1,7,57,8
NewJersey4,LS1,Combined,Set2,Draw1,4,col4,Combined|Set2|Draw1|col4,T,combined,1,3,2,1,4,2,166*,4,3,True,1,7,57,8
NewJersey4,LS1,Combined,Set2,Draw1,4,col4,Combined|Set2|Draw1|col4,T,combined,1,3,2,1,4,3,166*,4,3,True,1,7,57,8
NewJersey4,LS1,Combined,Set2,Draw1,4,col4,Combined|Set2|Draw1|col4,T,combined,1,3,2,1,4,4,166*,4,3,True,1,7,57,8
NewJersey4,LS1,Combined,Set2,Draw1,4,col4,Combined|Set2|Draw1|col4,T,combined,1,3,2,1,4,5,166*,4,3,True,1,7,57,8
NewJersey4,LS1,Combined,Set2,Draw1,4,col4,Combined|Set2|Draw1|col4,T,combined,1,3,2,1,4,6,166*,4,3,True,1,7,57,8
NewJersey4,LS1,Combined,Set2,Draw1,4,col4,Combined|Set2|Draw1|col4,T,combined,1,3,2,1,4,7,66*,3,2,True,1,7,57,8
NewJersey4,LS1,Combined,Set2,Draw1,2,col2,Combined|Set2|Draw1|col2,A,own,1,3,2,1,2,0,8667*,5,4,False,1,1,29,2
NewJersey4,LS1,Combined,Set2,Draw1,2,col2,Combined|Set2|Draw1|col2,A,own,1,3,2,1,2,1,66*,3,2,True,1,1,29,2
NewJersey4,LS1,Combined,Set2,Draw1,2,col2,Combined|Set2|Draw1|col2,A,combined,1,3,2,1,2,0,8667*,5,4,False,1,1,57,2
NewJersey4,LS1,Combined,Set2,Draw1,2,col2,Combined|Set2|Draw1|col2,A,combined,1,3,2,1,2,1,66*,3,2,True,1,1,57,2
NewJersey4,LS1,Combined,Set2,Draw1,2,col2,Combined|Set2|Draw1|col2,B,own,1,3,2,1,2,0,8667*,5,4,False,1,4,29,4
NewJersey4,LS1,Combined,Set2,Draw1,2,col2,Combined|Set2|Draw1|col2,B,own,1,3,2,1,2,1,66*,3,2,True,1,4,29,4
NewJersey4,LS1,Combined,Set2,Draw1,2,col2,Combined|Set2|Draw1|col2,B,own,1,3,2,1,2,2,66*,3,2,True,1,4,29,4
NewJersey4,LS1,Combined,Set2,Draw1,2,col2,Combined|Set2|Draw1|col2,B,own,1,3,2,1,2,4,*,1,1,True,1,4,29,4
NewJersey4,LS1,Combined,Set2,Draw1,2,col2,Combined|Set2|Draw1|col2,B,combined,1,3,2,1,2,0,8667*,5,4,False,1,7,57,4
NewJersey4,LS1,Combined,Set2,Draw1,2,col2,Combined|Set2|Draw1|col2,B,combined,1,3,2,1,2,1,66*,3,2,True,1,7,57,4
NewJersey4,LS1,Combined,Set2,Draw1,2,col2,Combined|Set2|Draw1|col2,B,combined,1,3,2,1,2,2,66*,3,2,True,1,7,57,4
NewJersey4,LS1,Combined,Set2,Draw1,2,col2,Combined|Set2|Draw1|col2,B,combined,1,3,2,1,2,7,*,1,1,True,1,7,57,4
NewJersey4,LS1,Combined,Set2,Draw1,2,col2,Combined|Set2|Draw1|col2,C,own,1,3,2,1,2,0,8667*,5,4,False,1,4,29,4
NewJersey4,LS1,Combined,Set2,Draw1,2,col2,Combined|Set2|Draw1|col2,C,own,1,3,2,1,2,1,66*,3,2,True,1,4,29,4
NewJersey4,LS1,Combined,Set2,Draw1,2,col2,Combined|Set2|Draw1|col2,C,own,1,3,2,1,2,2,66*,3,2,True,1,4,29,4
NewJersey4,LS1,Combined,Set2,Draw1,2,col2,Combined|Set2|Draw1|col2,C,own,1,3,2,1,2,4,*,1,1,True,1,4,29,4
NewJersey4,LS1,Combined,Set2,Draw1,2,col2,Combined|Set2|Draw1|col2,C,combined,1,3,2,1,2,0,8667*,5,4,False,1,7,57,4
NewJersey4,LS1,Combined,Set2,Draw1,2,col2,Combined|Set2|Draw1|col2,C,combined,1,3,2,1,2,1,66*,3,2,True,1,7,57,4
NewJersey4,LS1,Combined,Set2,Draw1,2,col2,Combined|Set2|Draw1|col2,C,combined,1,3,2,1,2,2,66*,3,2,True,1,7,57,4
NewJersey4,LS1,Combined,Set2,Draw1,2,col2,Combined|Set2|Draw1|col2,C,combined,1,3,2,1,2,7,*,1,1,True,1,7,57,4
NewJersey4,LS1,Combined,Set2,Draw1,2,col2,Combined|Set2|Draw1|col2,D,own,1,3,2,1,2,0,8667*,5,4,False,1,11,29,6
NewJersey4,LS1,Combined,Set2,Draw1,2,col2,Combined|Set2|Draw1|col2,D,own,1,3,2,1,2,1,66*,3,2,True,1,11,29,6
NewJersey4,LS1,Combined,Set2,Draw1,2,col2,Combined|Set2|Draw1|col2,D,own,1,3,2,1,2,2,66*,3,2,True,1,11,29,6
NewJersey4,LS1,Combined,Set2,Draw1,2,col2,Combined|Set2|Draw1|col2,D,own,1,3,2,1,2,4,6*,2,2,True,1,11,29,6
NewJersey4,LS1,Combined,Set2,Draw1,2,col2,Combined|Set2|Draw1|col2,D,own,1,3,2,1,2,5,6*,2,2,True,1,11,29,6
NewJersey4,LS1,Combined,Set2,Draw1,2,col2,Combined|Set2|Draw1|col2,D,own,1,3,2,1,2,11,*,1,1,True,1,11,29,6
NewJersey4,LS1,Combined,Set2,Draw1,2,col2,Combined|Set2|Draw1|col2,D,combined,1,3,2,1,2,0,8667*,5,4,False,1,8,57,5
NewJersey4,LS1,Combined,Set2,Draw1,2,col2,Combined|Set2|Draw1|col2,D,combined,1,3,2,1,2,1,66*,3,2,True,1,8,57,5
NewJersey4,LS1,Combined,Set2,Draw1,2,col2,Combined|Set2|Draw1|col2,D,combined,1,3,2,1,2,2,66*,3,2,True,1,8,57,5
NewJersey4,LS1,Combined,Set2,Draw1,2,col2,Combined|Set2|Draw1|col2,D,combined,1,3,2,1,2,7,6*,2,2,True,1,8,57,5
NewJersey4,LS1,Combined,Set2,Draw1,2,col2,Combined|Set2|Draw1|col2,D,combined,1,3,2,1,2,8,*,1,1,True,1,8,57,5
NewJersey4,LS1,Combined,Set2,Draw1,2,col2,Combined|Set2|Draw1|col2,E,own,1,3,2,1,2,0,8667*,5,4,False,1,11,29,6
NewJersey4,LS1,Combined,Set2,Draw1,2,col2,Combined|Set2|Draw1|col2,E,own,1,3,2,1,2,1,66*,3,2,True,1,11,29,6
NewJersey4,LS1,Combined,Set2,Draw1,2,col2,Combined|Set2|Draw1|col2,E,own,1,3,2,1,2,2,66*,3,2,True,1,11,29,6
NewJersey4,LS1,Combined,Set2,Draw1,2,col2,Combined|Set2|Draw1|col2,E,own,1,3,2,1,2,4,6*,2,2,True,1,11,29,6
NewJersey4,LS1,Combined,Set2,Draw1,2,col2,Combined|Set2|Draw1|col2,E,own,1,3,2,1,2,5,6*,2,2,True,1,11,29,6
NewJersey4,LS1,Combined,Set2,Draw1,2,col2,Combined|Set2|Draw1|col2,E,own,1,3,2,1,2,11,*,1,1,True,1,11,29,6
NewJersey4,LS1,Combined,Set2,Draw1,2,col2,Combined|Set2|Draw1|col2,E,combined,1,3,2,1,2,0,8667*,5,4,False,1,8,57,5
NewJersey4,LS1,Combined,Set2,Draw1,2,col2,Combined|Set2|Draw1|col2,E,combined,1,3,2,1,2,1,66*,3,2,True,1,8,57,5
NewJersey4,LS1,Combined,Set2,Draw1,2,col2,Combined|Set2|Draw1|col2,E,combined,1,3,2,1,2,2,66*,3,2,True,1,8,57,5
NewJersey4,LS1,Combined,Set2,Draw1,2,col2,Combined|Set2|Draw1|col2,E,combined,1,3,2,1,2,7,6*,2,2,True,1,8,57,5
NewJersey4,LS1,Combined,Set2,Draw1,2,col2,Combined|Set2|Draw1|col2,E,combined,1,3,2,1,2,8,*,1,1,True,1,8,57,5
NewJersey4,LS1,Combined,Set2,Draw1,2,col2,Combined|Set2|Draw1|col2,T,own,1,3,2,1,2,0,8667*,5,4,False,1,1,29,2
NewJersey4,LS1,Combined,Set2,Draw1,2,col2,Combined|Set2|Draw1|col2,T,own,1,3,2,1,2,1,66*,3,2,True,1,1,29,2
NewJersey4,LS1,Combined,Set2,Draw1,2,col2,Combined|Set2|Draw1|col2,T,combined,1,3,2,1,2,0,8667*,5,4,False,1,1,57,2
NewJersey4,LS1,Combined,Set2,Draw1,2,col2,Combined|Set2|Draw1|col2,T,combined,1,3,2,1,2,1,66*,3,2,True,1,1,57,2
NewJersey4,LS1,Combined,Set2,Draw1,3,col3,Combined|Set2|Draw1|col3,A,own,1,3,2,1,3,0,8667*,5,4,False,1,1,29,2
NewJersey4,LS1,Combined,Set2,Draw1,3,col3,Combined|Set2|Draw1|col3,A,own,1,3,2,1,3,1,66*,3,2,True,1,1,29,2
NewJersey4,LS1,Combined,Set2,Draw1,3,col3,Combined|Set2|Draw1|col3,A,combined,1,3,2,1,3,0,8667*,5,4,False,1,1,57,2
NewJersey4,LS1,Combined,Set2,Draw1,3,col3,Combined|Set2|Draw1|col3,A,combined,1,3,2,1,3,1,66*,3,2,True,1,1,57,2
NewJersey4,LS1,Combined,Set2,Draw1,3,col3,Combined|Set2|Draw1|col3,B,own,1,3,2,1,3,0,8667*,5,4,False,1,4,29,4
NewJersey4,LS1,Combined,Set2,Draw1,3,col3,Combined|Set2|Draw1|col3,B,own,1,3,2,1,3,1,66*,3,2,True,1,4,29,4
NewJersey4,LS1,Combined,Set2,Draw1,3,col3,Combined|Set2|Draw1|col3,B,own,1,3,2,1,3,2,66*,3,2,True,1,4,29,4
NewJersey4,LS1,Combined,Set2,Draw1,3,col3,Combined|Set2|Draw1|col3,B,own,1,3,2,1,3,4,*,1,1,True,1,4,29,4
NewJersey4,LS1,Combined,Set2,Draw1,3,col3,Combined|Set2|Draw1|col3,B,combined,1,3,2,1,3,0,8667*,5,4,False,1,7,57,4
NewJersey4,LS1,Combined,Set2,Draw1,3,col3,Combined|Set2|Draw1|col3,B,combined,1,3,2,1,3,1,66*,3,2,True,1,7,57,4
NewJersey4,LS1,Combined,Set2,Draw1,3,col3,Combined|Set2|Draw1|col3,B,combined,1,3,2,1,3,2,66*,3,2,True,1,7,57,4
NewJersey4,LS1,Combined,Set2,Draw1,3,col3,Combined|Set2|Draw1|col3,B,combined,1,3,2,1,3,7,*,1,1,True,1,7,57,4
NewJersey4,LS1,Combined,Set2,Draw1,3,col3,Combined|Set2|Draw1|col3,C,own,1,3,2,1,3,0,8667*,5,4,False,1,4,29,4
NewJersey4,LS1,Combined,Set2,Draw1,3,col3,Combined|Set2|Draw1|col3,C,own,1,3,2,1,3,1,66*,3,2,True,1,4,29,4
NewJersey4,LS1,Combined,Set2,Draw1,3,col3,Combined|Set2|Draw1|col3,C,own,1,3,2,1,3,2,66*,3,2,True,1,4,29,4
NewJersey4,LS1,Combined,Set2,Draw1,3,col3,Combined|Set2|Draw1|col3,C,own,1,3,2,1,3,4,*,1,1,True,1,4,29,4
NewJersey4,LS1,Combined,Set2,Draw1,3,col3,Combined|Set2|Draw1|col3,C,combined,1,3,2,1,3,0,8667*,5,4,False,1,7,57,4
NewJersey4,LS1,Combined,Set2,Draw1,3,col3,Combined|Set2|Draw1|col3,C,combined,1,3,2,1,3,1,66*,3,2,True,1,7,57,4
NewJersey4,LS1,Combined,Set2,Draw1,3,col3,Combined|Set2|Draw1|col3,C,combined,1,3,2,1,3,2,66*,3,2,True,1,7,57,4
NewJersey4,LS1,Combined,Set2,Draw1,3,col3,Combined|Set2|Draw1|col3,C,combined,1,3,2,1,3,7,*,1,1,True,1,7,57,4
NewJersey4,LS1,Combined,Set2,Draw1,3,col3,Combined|Set2|Draw1|col3,D,own,1,3,2,1,3,0,8667*,5,4,False,1,11,29,6
NewJersey4,LS1,Combined,Set2,Draw1,3,col3,Combined|Set2|Draw1|col3,D,own,1,3,2,1,3,1,66*,3,2,True,1,11,29,6
NewJersey4,LS1,Combined,Set2,Draw1,3,col3,Combined|Set2|Draw1|col3,D,own,1,3,2,1,3,2,66*,3,2,True,1,11,29,6
NewJersey4,LS1,Combined,Set2,Draw1,3,col3,Combined|Set2|Draw1|col3,D,own,1,3,2,1,3,4,6*,2,2,True,1,11,29,6
NewJersey4,LS1,Combined,Set2,Draw1,3,col3,Combined|Set2|Draw1|col3,D,own,1,3,2,1,3,5,6*,2,2,True,1,11,29,6
NewJersey4,LS1,Combined,Set2,Draw1,3,col3,Combined|Set2|Draw1|col3,D,own,1,3,2,1,3,11,*,1,1,True,1,11,29,6
NewJersey4,LS1,Combined,Set2,Draw1,3,col3,Combined|Set2|Draw1|col3,D,combined,1,3,2,1,3,0,8667*,5,4,False,1,8,57,5
NewJersey4,LS1,Combined,Set2,Draw1,3,col3,Combined|Set2|Draw1|col3,D,combined,1,3,2,1,3,1,66*,3,2,True,1,8,57,5
NewJersey4,LS1,Combined,Set2,Draw1,3,col3,Combined|Set2|Draw1|col3,D,combined,1,3,2,1,3,2,66*,3,2,True,1,8,57,5
NewJersey4,LS1,Combined,Set2,Draw1,3,col3,Combined|Set2|Draw1|col3,D,combined,1,3,2,1,3,7,6*,2,2,True,1,8,57,5
NewJersey4,LS1,Combined,Set2,Draw1,3,col3,Combined|Set2|Draw1|col3,D,combined,1,3,2,1,3,8,*,1,1,True,1,8,57,5
NewJersey4,LS1,Combined,Set2,Draw1,3,col3,Combined|Set2|Draw1|col3,E,own,1,3,2,1,3,0,8667*,5,4,False,1,11,29,6
NewJersey4,LS1,Combined,Set2,Draw1,3,col3,Combined|Set2|Draw1|col3,E,own,1,3,2,1,3,1,66*,3,2,True,1,11,29,6
NewJersey4,LS1,Combined,Set2,Draw1,3,col3,Combined|Set2|Draw1|col3,E,own,1,3,2,1,3,2,66*,3,2,True,1,11,29,6
NewJersey4,LS1,Combined,Set2,Draw1,3,col3,Combined|Set2|Draw1|col3,E,own,1,3,2,1,3,4,6*,2,2,True,1,11,29,6
NewJersey4,LS1,Combined,Set2,Draw1,3,col3,Combined|Set2|Draw1|col3,E,own,1,3,2,1,3,5,6*,2,2,True,1,11,29,6
NewJersey4,LS1,Combined,Set2,Draw1,3,col3,Combined|Set2|Draw1|col3,E,own,1,3,2,1,3,11,*,1,1,True,1,11,29,6
NewJersey4,LS1,Combined,Set2,Draw1,3,col3,Combined|Set2|Draw1|col3,E,combined,1,3,2,1,3,0,8667*,5,4,False,1,8,57,5
NewJersey4,LS1,Combined,Set2,Draw1,3,col3,Combined|Set2|Draw1|col3,E,combined,1,3,2,1,3,1,66*,3,2,True,1,8,57,5
NewJersey4,LS1,Combined,Set2,Draw1,3,col3,Combined|Set2|Draw1|col3,E,combined,1,3,2,1,3,2,66*,3,2,True,1,8,57,5
NewJersey4,LS1,Combined,Set2,Draw1,3,col3,Combined|Set2|Draw1|col3,E,combined,1,3,2,1,3,7,6*,2,2,True,1,8,57,5
NewJersey4,LS1,Combined,Set2,Draw1,3,col3,Combined|Set2|Draw1|col3,E,combined,1,3,2,1,3,8,*,1,1,True,1,8,57,5
NewJersey4,LS1,Combined,Set2,Draw1,3,col3,Combined|Set2|Draw1|col3,T,own,1,3,2,1,3,0,8667*,5,4,False,1,1,29,2
NewJersey4,LS1,Combined,Set2,Draw1,3,col3,Combined|Set2|Draw1|col3,T,own,1,3,2,1,3,1,66*,3,2,True,1,1,29,2
NewJersey4,LS1,Combined,Set2,Draw1,3,col3,Combined|Set2|Draw1|col3,T,combined,1,3,2,1,3,0,8667*,5,4,False,1,1,57,2
NewJersey4,LS1,Combined,Set2,Draw1,3,col3,Combined|Set2|Draw1|col3,T,combined,1,3,2,1,3,1,66*,3,2,True,1,1,57,2
NewJersey4,LS1,Combined,Set1,Draw1,7,col7,Combined|Set1|Draw1|col7,A,own,1,3,1,1,7,0,59922188667,11,7,False,2,4,29,5
NewJersey4,LS1,Combined,Set1,Draw1,7,col7,Combined|Set1|Draw1|col7,A,own,1,3,1,1,7,1,59922166,8,5,False,2,4,29,5
NewJersey4,LS1,Combined,Set1,Draw1,7,col7,Combined|Set1|Draw1|col7,A,own,1,3,1,1,7,2,22166,5,3,True,2,4,29,5
NewJersey4,LS1,Combined,Set1,Draw1,7,col7,Combined|Set1|Draw1|col7,A,own,1,3,1,1,7,3,22166,5,3,True,2,4,29,5
NewJersey4,LS1,Combined,Set1,Draw1,7,col7,Combined|Set1|Draw1|col7,A,own,1,3,1,1,7,4,66,2,1,True,2,4,29,5
NewJersey4,LS1,Combined,Set1,Draw1,7,col7,Combined|Set1|Draw1|col7,A,combined,1,3,1,1,7,0,59922188667,11,7,False,3,7,57,8
NewJersey4,LS1,Combined,Set1,Draw1,7,col7,Combined|Set1|Draw1|col7,A,combined,1,3,1,1,7,1,59922166,8,5,False,3,7,57,8
NewJersey4,LS1,Combined,Set1,Draw1,7,col7,Combined|Set1|Draw1|col7,A,combined,1,3,1,1,7,2,59922166,8,5,False,3,7,57,8
NewJersey4,LS1,Combined,Set1,Draw1,7,col7,Combined|Set1|Draw1|col7,A,combined,1,3,1,1,7,3,22166,5,3,True,3,7,57,8
NewJersey4,LS1,Combined,Set1,Draw1,7,col7,Combined|Set1|Draw1|col7,A,combined,1,3,1,1,7,4,22166,5,3,True,3,7,57,8
NewJersey4,LS1,Combined,Set1,Draw1,7,col7,Combined|Set1|Draw1|col7,A,combined,1,3,1,1,7,5,22166,5,3,True,3,7,57,8
NewJersey4,LS1,Combined,Set1,Draw1,7,col7,Combined|Set1|Draw1|col7,A,combined,1,3,1,1,7,6,22166,5,3,True,3,7,57,8
NewJersey4,LS1,Combined,Set1,Draw1,7,col7,Combined|Set1|Draw1|col7,A,combined,1,3,1,1,7,7,66,2,1,True,3,7,57,8
NewJersey4,LS1,Combined,Set1,Draw1,7,col7,Combined|Set1|Draw1|col7,B,own,1,3,1,1,7,0,59922188667,11,7,False,2,11,12,7
NewJersey4,LS1,Combined,Set1,Draw1,7,col7,Combined|Set1|Draw1|col7,B,own,1,3,1,1,7,1,59922166,8,5,False,2,11,12,7
NewJersey4,LS1,Combined,Set1,Draw1,7,col7,Combined|Set1|Draw1|col7,B,own,1,3,1,1,7,2,22166,5,3,True,2,11,12,7
NewJersey4,LS1,Combined,Set1,Draw1,7,col7,Combined|Set1|Draw1|col7,B,own,1,3,1,1,7,3,22166,5,3,True,2,11,12,7
NewJersey4,LS1,Combined,Set1,Draw1,7,col7,Combined|Set1|Draw1|col7,B,own,1,3,1,1,7,4,66,2,1,True,2,11,12,7
NewJersey4,LS1,Combined,Set1,Draw1,7,col7,Combined|Set1|Draw1|col7,B,own,1,3,1,1,7,5,66,2,1,True,2,11,12,7
NewJersey4,LS1,Combined,Set1,Draw1,7,col7,Combined|Set1|Draw1|col7,B,own,1,3,1,1,7,11,,0,0,False,2,11,12,7
NewJersey4,LS1,Combined,Set1,Draw1,7,col7,Combined|Set1|Draw1|col7,B,combined,1,3,1,1,7,0,59922188667,11,7,False,3,8,9,7
NewJersey4,LS1,Combined,Set1,Draw1,7,col7,Combined|Set1|Draw1|col7,B,combined,1,3,1,1,7,1,59922166,8,5,False,3,8,9,7
NewJersey4,LS1,Combined,Set1,Draw1,7,col7,Combined|Set1|Draw1|col7,B,combined,1,3,1,1,7,2,599166,6,4,False,3,8,9,7
NewJersey4,LS1,Combined,Set1,Draw1,7,col7,Combined|Set1|Draw1|col7,B,combined,1,3,1,1,7,3,166,3,2,True,3,8,9,7
NewJersey4,LS1,Combined,Set1,Draw1,7,col7,Combined|Set1|Draw1|col7,B,combined,1,3,1,1,7,4,166,3,2,True,3,8,9,7
NewJersey4,LS1,Combined,Set1,Draw1,7,col7,Combined|Set1|Draw1|col7,B,combined,1,3,1,1,7,7,66,2,1,True,3,8,9,7
NewJersey4,LS1,Combined,Set1,Draw1,7,col7,Combined|Set1|Draw1|col7,B,combined,1,3,1,1,7,8,,0,0,False,3,8,9,7
NewJersey4,LS1,Combined,Set1,Draw1,7,col7,Combined|Set1|Draw1|col7,C,own,1,3,1,1,7,0,59922188667,11,7,False,2,4,5,5
NewJersey4,LS1,Combined,Set1,Draw1,7,col7,Combined|Set1|Draw1|col7,C,own,1,3,1,1,7,1,599166,6,4,False,2,4,5,5
NewJersey4,LS1,Combined,Set1,Draw1,7,col7,Combined|Set1|Draw1|col7,C,own,1,3,1,1,7,2,166,3,2,True,2,4,5,5
NewJersey4,LS1,Combined,Set1,Draw1,7,col7,Combined|Set1|Draw1|col7,C,own,1,3,1,1,7,3,166,3,2,True,2,4,5,5
NewJersey4,LS1,Combined,Set1,Draw1,7,col7,Combined|Set1|Draw1|col7,C,own,1,3,1,1,7,4,,0,0,False,2,4,5,5
NewJersey4,LS1,Combined,Set1,Draw1,7,col7,Combined|Set1|Draw1|col7,C,combined,1,3,1,1,7,0,59922188667,11,7,False,3,7,8,6
NewJersey4,LS1,Combined,Set1,Draw1,7,col7,Combined|Set1|Draw1|col7,C,combined,1,3,1,1,7,1,599166,6,4,False,3,7,8,6
NewJersey4,LS1,Combined,Set1,Draw1,7,col7,Combined|Set1|Draw1|col7,C,combined,1,3,1,1,7,2,599166,6,4,False,3,7,8,6
NewJersey4,LS1,Combined,Set1,Draw1,7,col7,Combined|Set1|Draw1|col7,C,combined,1,3,1,1,7,3,166,3,2,True,3,7,8,6
NewJersey4,LS1,Combined,Set1,Draw1,7,col7,Combined|Set1|Draw1|col7,C,combined,1,3,1,1,7,4,166,3,2,True,3,7,8,6
NewJersey4,LS1,Combined,Set1,Draw1,7,col7,Combined|Set1|Draw1|col7,C,combined,1,3,1,1,7,7,,0,0,False,3,7,8,6
NewJersey4,LS1,Combined,Set1,Draw1,7,col7,Combined|Set1|Draw1|col7,D,own,1,3,1,1,7,0,59922188667,11,7,False,2,11,12,7
NewJersey4,LS1,Combined,Set1,Draw1,7,col7,Combined|Set1|Draw1|col7,D,own,1,3,1,1,7,1,5992166,7,5,False,2,11,12,7
NewJersey4,LS1,Combined,Set1,Draw1,7,col7,Combined|Set1|Draw1|col7,D,own,1,3,1,1,7,2,2166,4,3,True,2,11,12,7
NewJersey4,LS1,Combined,Set1,Draw1,7,col7,Combined|Set1|Draw1|col7,D,own,1,3,1,1,7,3,2166,4,3,True,2,11,12,7
NewJersey4,LS1,Combined,Set1,Draw1,7,col7,Combined|Set1|Draw1|col7,D,own,1,3,1,1,7,4,6,1,1,True,2,11,12,7
NewJersey4,LS1,Combined,Set1,Draw1,7,col7,Combined|Set1|Draw1|col7,D,own,1,3,1,1,7,5,6,1,1,True,2,11,12,7
NewJersey4,LS1,Combined,Set1,Draw1,7,col7,Combined|Set1|Draw1|col7,D,own,1,3,1,1,7,11,,0,0,False,2,11,12,7
NewJersey4,LS1,Combined,Set1,Draw1,7,col7,Combined|Set1|Draw1|col7,D,combined,1,3,1,1,7,0,59922188667,11,7,False,3,8,9,7
NewJersey4,LS1,Combined,Set1,Draw1,7,col7,Combined|Set1|Draw1|col7,D,combined,1,3,1,1,7,1,5992166,7,5,False,3,8,9,7
NewJersey4,LS1,Combined,Set1,Draw1,7,col7,Combined|Set1|Draw1|col7,D,combined,1,3,1,1,7,2,599166,6,4,False,3,8,9,7
NewJersey4,LS1,Combined,Set1,Draw1,7,col7,Combined|Set1|Draw1|col7,D,combined,1,3,1,1,7,3,166,3,2,True,3,8,9,7
NewJersey4,LS1,Combined,Set1,Draw1,7,col7,Combined|Set1|Draw1|col7,D,combined,1,3,1,1,7,4,166,3,2,True,3,8,9,7
NewJersey4,LS1,Combined,Set1,Draw1,7,col7,Combined|Set1|Draw1|col7,D,combined,1,3,1,1,7,7,6,1,1,True,3,8,9,7
NewJersey4,LS1,Combined,Set1,Draw1,7,col7,Combined|Set1|Draw1|col7,D,combined,1,3,1,1,7,8,,0,0,False,3,8,9,7
NewJersey4,LS1,Combined,Set1,Draw1,7,col7,Combined|Set1|Draw1|col7,E,own,1,3,1,1,7,0,59922188667,11,7,False,3,17,18,11
NewJersey4,LS1,Combined,Set1,Draw1,7,col7,Combined|Set1|Draw1|col7,E,own,1,3,1,1,7,1,59922166,8,5,False,3,17,18,11
NewJersey4,LS1,Combined,Set1,Draw1,7,col7,Combined|Set1|Draw1|col7,E,own,1,3,1,1,7,2,922166,6,4,False,3,17,18,11
NewJersey4,LS1,Combined,Set1,Draw1,7,col7,Combined|Set1|Draw1|col7,E,own,1,3,1,1,7,3,22166,5,3,True,3,17,18,11
NewJersey4,LS1,Combined,Set1,Draw1,7,col7,Combined|Set1|Draw1|col7,E,own,1,3,1,1,7,4,266,3,2,True,3,17,18,11
NewJersey4,LS1,Combined,Set1,Draw1,7,col7,Combined|Set1|Draw1|col7,E,own,1,3,1,1,7,5,266,3,2,True,3,17,18,11
NewJersey4,LS1,Combined,Set1,Draw1,7,col7,Combined|Set1|Draw1|col7,E,own,1,3,1,1,7,7,66,2,1,True,3,17,18,11
NewJersey4,LS1,Combined,Set1,Draw1,7,col7,Combined|Set1|Draw1|col7,E,own,1,3,1,1,7,8,66,2,1,True,3,17,18,11
NewJersey4,LS1,Combined,Set1,Draw1,7,col7,Combined|Set1|Draw1|col7,E,own,1,3,1,1,7,11,6,1,1,True,3,17,18,11
NewJersey4,LS1,Combined,Set1,Draw1,7,col7,Combined|Set1|Draw1|col7,E,own,1,3,1,1,7,12,6,1,1,True,3,17,18,11
NewJersey4,LS1,Combined,Set1,Draw1,7,col7,Combined|Set1|Draw1|col7,E,own,1,3,1,1,7,17,,0,0,False,3,17,18,11
NewJersey4,LS1,Combined,Set1,Draw1,7,col7,Combined|Set1|Draw1|col7,E,combined,1,3,1,1,7,0,59922188667,11,7,False,4,21,22,11
NewJersey4,LS1,Combined,Set1,Draw1,7,col7,Combined|Set1|Draw1|col7,E,combined,1,3,1,1,7,1,59922166,8,5,False,4,21,22,11
NewJersey4,LS1,Combined,Set1,Draw1,7,col7,Combined|Set1|Draw1|col7,E,combined,1,3,1,1,7,2,5992166,7,5,False,4,21,22,11
NewJersey4,LS1,Combined,Set1,Draw1,7,col7,Combined|Set1|Draw1|col7,E,combined,1,3,1,1,7,3,92166,5,4,False,4,21,22,11
NewJersey4,LS1,Combined,Set1,Draw1,7,col7,Combined|Set1|Draw1|col7,E,combined,1,3,1,1,7,4,2166,4,3,True,4,21,22,11
NewJersey4,LS1,Combined,Set1,Draw1,7,col7,Combined|Set1|Draw1|col7,E,combined,1,3,1,1,7,5,2166,4,3,True,4,21,22,11
NewJersey4,LS1,Combined,Set1,Draw1,7,col7,Combined|Set1|Draw1|col7,E,combined,1,3,1,1,7,6,2166,4,3,True,4,21,22,11
NewJersey4,LS1,Combined,Set1,Draw1,7,col7,Combined|Set1|Draw1|col7,E,combined,1,3,1,1,7,7,66,2,1,True,4,21,22,11
NewJersey4,LS1,Combined,Set1,Draw1,7,col7,Combined|Set1|Draw1|col7,E,combined,1,3,1,1,7,8,6,1,1,True,4,21,22,11
NewJersey4,LS1,Combined,Set1,Draw1,7,col7,Combined|Set1|Draw1|col7,E,combined,1,3,1,1,7,9,6,1,1,True,4,21,22,11
NewJersey4,LS1,Combined,Set1,Draw1,7,col7,Combined|Set1|Draw1|col7,E,combined,1,3,1,1,7,21,,0,0,False,4,21,22,11
NewJersey4,LS1,Combined,Set1,Draw1,7,col7,Combined|Set1|Draw1|col7,T,own,1,3,1,1,7,0,59922188667,11,7,False,2,4,29,5
NewJersey4,LS1,Combined,Set1,Draw1,7,col7,Combined|Set1|Draw1|col7,T,own,1,3,1,1,7,1,599166,6,4,False,2,4,29,5
NewJersey4,LS1,Combined,Set1,Draw1,7,col7,Combined|Set1|Draw1|col7,T,own,1,3,1,1,7,2,166,3,2,True,2,4,29,5
NewJersey4,LS1,Combined,Set1,Draw1,7,col7,Combined|Set1|Draw1|col7,T,own,1,3,1,1,7,3,166,3,2,True,2,4,29,5
NewJersey4,LS1,Combined,Set1,Draw1,7,col7,Combined|Set1|Draw1|col7,T,own,1,3,1,1,7,4,66,2,1,True,2,4,29,5
NewJersey4,LS1,Combined,Set1,Draw1,7,col7,Combined|Set1|Draw1|col7,T,combined,1,3,1,1,7,0,59922188667,11,7,False,3,7,57,6
NewJersey4,LS1,Combined,Set1,Draw1,7,col7,Combined|Set1|Draw1|col7,T,combined,1,3,1,1,7,1,599166,6,4,False,3,7,57,6
NewJersey4,LS1,Combined,Set1,Draw1,7,col7,Combined|Set1|Draw1|col7,T,combined,1,3,1,1,7,2,599166,6,4,False,3,7,57,6
NewJersey4,LS1,Combined,Set1,Draw1,7,col7,Combined|Set1|Draw1|col7,T,combined,1,3,1,1,7,3,166,3,2,True,3,7,57,6
NewJersey4,LS1,Combined,Set1,Draw1,7,col7,Combined|Set1|Draw1|col7,T,combined,1,3,1,1,7,4,166,3,2,True,3,7,57,6
NewJersey4,LS1,Combined,Set1,Draw1,7,col7,Combined|Set1|Draw1|col7,T,combined,1,3,1,1,7,7,66,2,1,True,3,7,57,6
NewJersey4,LS1,Combined,Set1,Draw1,6,col6,Combined|Set1|Draw1|col6,A,own,1,3,1,1,6,0,522188667,9,6,False,2,4,29,5
NewJersey4,LS1,Combined,Set1,Draw1,6,col6,Combined|Set1|Draw1|col6,A,own,1,3,1,1,6,1,522166,6,4,False,2,4,29,5
NewJersey4,LS1,Combined,Set1,Draw1,6,col6,Combined|Set1|Draw1|col6,A,own,1,3,1,1,6,2,22166,5,3,True,2,4,29,5
NewJersey4,LS1,Combined,Set1,Draw1,6,col6,Combined|Set1|Draw1|col6,A,own,1,3,1,1,6,3,22166,5,3,True,2,4,29,5
NewJersey4,LS1,Combined,Set1,Draw1,6,col6,Combined|Set1|Draw1|col6,A,own,1,3,1,1,6,4,66,2,1,True,2,4,29,5
NewJersey4,LS1,Combined,Set1,Draw1,6,col6,Combined|Set1|Draw1|col6,A,combined,1,3,1,1,6,0,522188667,9,6,False,3,7,57,8
NewJersey4,LS1,Combined,Set1,Draw1,6,col6,Combined|Set1|Draw1|col6,A,combined,1,3,1,1,6,1,522166,6,4,False,3,7,57,8
NewJersey4,LS1,Combined,Set1,Draw1,6,col6,Combined|Set1|Draw1|col6,A,combined,1,3,1,1,6,2,522166,6,4,False,3,7,57,8
NewJersey4,LS1,Combined,Set1,Draw1,6,col6,Combined|Set1|Draw1|col6,A,combined,1,3,1,1,6,3,22166,5,3,True,3,7,57,8
NewJersey4,LS1,Combined,Set1,Draw1,6,col6,Combined|Set1|Draw1|col6,A,combined,1,3,1,1,6,4,22166,5,3,True,3,7,57,8
NewJersey4,LS1,Combined,Set1,Draw1,6,col6,Combined|Set1|Draw1|col6,A,combined,1,3,1,1,6,5,22166,5,3,True,3,7,57,8
NewJersey4,LS1,Combined,Set1,Draw1,6,col6,Combined|Set1|Draw1|col6,A,combined,1,3,1,1,6,6,22166,5,3,True,3,7,57,8
NewJersey4,LS1,Combined,Set1,Draw1,6,col6,Combined|Set1|Draw1|col6,A,combined,1,3,1,1,6,7,66,2,1,True,3,7,57,8
NewJersey4,LS1,Combined,Set1,Draw1,6,col6,Combined|Set1|Draw1|col6,B,own,1,3,1,1,6,0,522188667,9,6,False,2,11,12,7
NewJersey4,LS1,Combined,Set1,Draw1,6,col6,Combined|Set1|Draw1|col6,B,own,1,3,1,1,6,1,522166,6,4,False,2,11,12,7
NewJersey4,LS1,Combined,Set1,Draw1,6,col6,Combined|Set1|Draw1|col6,B,own,1,3,1,1,6,2,22166,5,3,True,2,11,12,7
NewJersey4,LS1,Combined,Set1,Draw1,6,col6,Combined|Set1|Draw1|col6,B,own,1,3,1,1,6,3,22166,5,3,True,2,11,12,7
NewJersey4,LS1,Combined,Set1,Draw1,6,col6,Combined|Set1|Draw1|col6,B,own,1,3,1,1,6,4,66,2,1,True,2,11,12,7
NewJersey4,LS1,Combined,Set1,Draw1,6,col6,Combined|Set1|Draw1|col6,B,own,1,3,1,1,6,5,66,2,1,True,2,11,12,7
NewJersey4,LS1,Combined,Set1,Draw1,6,col6,Combined|Set1|Draw1|col6,B,own,1,3,1,1,6,11,,0,0,False,2,11,12,7
NewJersey4,LS1,Combined,Set1,Draw1,6,col6,Combined|Set1|Draw1|col6,B,combined,1,3,1,1,6,0,522188667,9,6,False,2,8,9,7
NewJersey4,LS1,Combined,Set1,Draw1,6,col6,Combined|Set1|Draw1|col6,B,combined,1,3,1,1,6,1,522166,6,4,False,2,8,9,7
NewJersey4,LS1,Combined,Set1,Draw1,6,col6,Combined|Set1|Draw1|col6,B,combined,1,3,1,1,6,2,5166,4,3,True,2,8,9,7
NewJersey4,LS1,Combined,Set1,Draw1,6,col6,Combined|Set1|Draw1|col6,B,combined,1,3,1,1,6,3,166,3,2,True,2,8,9,7
NewJersey4,LS1,Combined,Set1,Draw1,6,col6,Combined|Set1|Draw1|col6,B,combined,1,3,1,1,6,4,166,3,2,True,2,8,9,7
NewJersey4,LS1,Combined,Set1,Draw1,6,col6,Combined|Set1|Draw1|col6,B,combined,1,3,1,1,6,7,66,2,1,True,2,8,9,7
NewJersey4,LS1,Combined,Set1,Draw1,6,col6,Combined|Set1|Draw1|col6,B,combined,1,3,1,1,6,8,,0,0,False,2,8,9,7
NewJersey4,LS1,Combined,Set1,Draw1,6,col6,Combined|Set1|Draw1|col6,C,own,1,3,1,1,6,0,522188667,9,6,False,1,4,5,5
NewJersey4,LS1,Combined,Set1,Draw1,6,col6,Combined|Set1|Draw1|col6,C,own,1,3,1,1,6,1,5166,4,3,True,1,4,5,5
NewJersey4,LS1,Combined,Set1,Draw1,6,col6,Combined|Set1|Draw1|col6,C,own,1,3,1,1,6,2,166,3,2,True,1,4,5,5
NewJersey4,LS1,Combined,Set1,Draw1,6,col6,Combined|Set1|Draw1|col6,C,own,1,3,1,1,6,3,166,3,2,True,1,4,5,5
NewJersey4,LS1,Combined,Set1,Draw1,6,col6,Combined|Set1|Draw1|col6,C,own,1,3,1,1,6,4,,0,0,False,1,4,5,5
NewJersey4,LS1,Combined,Set1,Draw1,6,col6,Combined|Set1|Draw1|col6,C,combined,1,3,1,1,6,0,522188667,9,6,False,1,7,8,6
NewJersey4,LS1,Combined,Set1,Draw1,6,col6,Combined|Set1|Draw1|col6,C,combined,1,3,1,1,6,1,5166,4,3,True,1,7,8,6
NewJersey4,LS1,Combined,Set1,Draw1,6,col6,Combined|Set1|Draw1|col6,C,combined,1,3,1,1,6,2,5166,4,3,True,1,7,8,6
NewJersey4,LS1,Combined,Set1,Draw1,6,col6,Combined|Set1|Draw1|col6,C,combined,1,3,1,1,6,3,166,3,2,True,1,7,8,6
NewJersey4,LS1,Combined,Set1,Draw1,6,col6,Combined|Set1|Draw1|col6,C,combined,1,3,1,1,6,4,166,3,2,True,1,7,8,6
NewJersey4,LS1,Combined,Set1,Draw1,6,col6,Combined|Set1|Draw1|col6,C,combined,1,3,1,1,6,7,,0,0,False,1,7,8,6
NewJersey4,LS1,Combined,Set1,Draw1,6,col6,Combined|Set1|Draw1|col6,D,own,1,3,1,1,6,0,522188667,9,6,False,2,11,12,7
NewJersey4,LS1,Combined,Set1,Draw1,6,col6,Combined|Set1|Draw1|col6,D,own,1,3,1,1,6,1,52166,5,4,False,2,11,12,7
NewJersey4,LS1,Combined,Set1,Draw1,6,col6,Combined|Set1|Draw1|col6,D,own,1,3,1,1,6,2,2166,4,3,True,2,11,12,7
NewJersey4,LS1,Combined,Set1,Draw1,6,col6,Combined|Set1|Draw1|col6,D,own,1,3,1,1,6,3,2166,4,3,True,2,11,12,7
NewJersey4,LS1,Combined,Set1,Draw1,6,col6,Combined|Set1|Draw1|col6,D,own,1,3,1,1,6,4,6,1,1,True,2,11,12,7
NewJersey4,LS1,Combined,Set1,Draw1,6,col6,Combined|Set1|Draw1|col6,D,own,1,3,1,1,6,5,6,1,1,True,2,11,12,7
NewJersey4,LS1,Combined,Set1,Draw1,6,col6,Combined|Set1|Draw1|col6,D,own,1,3,1,1,6,11,,0,0,False,2,11,12,7
NewJersey4,LS1,Combined,Set1,Draw1,6,col6,Combined|Set1|Draw1|col6,D,combined,1,3,1,1,6,0,522188667,9,6,False,2,8,9,7
NewJersey4,LS1,Combined,Set1,Draw1,6,col6,Combined|Set1|Draw1|col6,D,combined,1,3,1,1,6,1,52166,5,4,False,2,8,9,7
NewJersey4,LS1,Combined,Set1,Draw1,6,col6,Combined|Set1|Draw1|col6,D,combined,1,3,1,1,6,2,5166,4,3,True,2,8,9,7
NewJersey4,LS1,Combined,Set1,Draw1,6,col6,Combined|Set1|Draw1|col6,D,combined,1,3,1,1,6,3,166,3,2,True,2,8,9,7
NewJersey4,LS1,Combined,Set1,Draw1,6,col6,Combined|Set1|Draw1|col6,D,combined,1,3,1,1,6,4,166,3,2,True,2,8,9,7
NewJersey4,LS1,Combined,Set1,Draw1,6,col6,Combined|Set1|Draw1|col6,D,combined,1,3,1,1,6,7,6,1,1,True,2,8,9,7
NewJersey4,LS1,Combined,Set1,Draw1,6,col6,Combined|Set1|Draw1|col6,D,combined,1,3,1,1,6,8,,0,0,False,2,8,9,7
NewJersey4,LS1,Combined,Set1,Draw1,6,col6,Combined|Set1|Draw1|col6,E,own,1,3,1,1,6,0,522188667,9,6,False,2,17,18,11
NewJersey4,LS1,Combined,Set1,Draw1,6,col6,Combined|Set1|Draw1|col6,E,own,1,3,1,1,6,1,522166,6,4,False,2,17,18,11
NewJersey4,LS1,Combined,Set1,Draw1,6,col6,Combined|Set1|Draw1|col6,E,own,1,3,1,1,6,2,22166,5,3,True,2,17,18,11
NewJersey4,LS1,Combined,Set1,Draw1,6,col6,Combined|Set1|Draw1|col6,E,own,1,3,1,1,6,3,22166,5,3,True,2,17,18,11
NewJersey4,LS1,Combined,Set1,Draw1,6,col6,Combined|Set1|Draw1|col6,E,own,1,3,1,1,6,4,266,3,2,True,2,17,18,11
NewJersey4,LS1,Combined,Set1,Draw1,6,col6,Combined|Set1|Draw1|col6,E,own,1,3,1,1,6,5,266,3,2,True,2,17,18,11
NewJersey4,LS1,Combined,Set1,Draw1,6,col6,Combined|Set1|Draw1|col6,E,own,1,3,1,1,6,7,66,2,1,True,2,17,18,11
NewJersey4,LS1,Combined,Set1,Draw1,6,col6,Combined|Set1|Draw1|col6,E,own,1,3,1,1,6,8,66,2,1,True,2,17,18,11
NewJersey4,LS1,Combined,Set1,Draw1,6,col6,Combined|Set1|Draw1|col6,E,own,1,3,1,1,6,11,6,1,1,True,2,17,18,11
NewJersey4,LS1,Combined,Set1,Draw1,6,col6,Combined|Set1|Draw1|col6,E,own,1,3,1,1,6,12,6,1,1,True,2,17,18,11
NewJersey4,LS1,Combined,Set1,Draw1,6,col6,Combined|Set1|Draw1|col6,E,own,1,3,1,1,6,17,,0,0,False,2,17,18,11
NewJersey4,LS1,Combined,Set1,Draw1,6,col6,Combined|Set1|Draw1|col6,E,combined,1,3,1,1,6,0,522188667,9,6,False,3,21,22,11
NewJersey4,LS1,Combined,Set1,Draw1,6,col6,Combined|Set1|Draw1|col6,E,combined,1,3,1,1,6,1,522166,6,4,False,3,21,22,11
NewJersey4,LS1,Combined,Set1,Draw1,6,col6,Combined|Set1|Draw1|col6,E,combined,1,3,1,1,6,2,52166,5,4,False,3,21,22,11
NewJersey4,LS1,Combined,Set1,Draw1,6,col6,Combined|Set1|Draw1|col6,E,combined,1,3,1,1,6,3,2166,4,3,True,3,21,22,11
NewJersey4,LS1,Combined,Set1,Draw1,6,col6,Combined|Set1|Draw1|col6,E,combined,1,3,1,1,6,4,2166,4,3,True,3,21,22,11
NewJersey4,LS1,Combined,Set1,Draw1,6,col6,Combined|Set1|Draw1|col6,E,combined,1,3,1,1,6,5,2166,4,3,True,3,21,22,11
NewJersey4,LS1,Combined,Set1,Draw1,6,col6,Combined|Set1|Draw1|col6,E,combined,1,3,1,1,6,6,2166,4,3,True,3,21,22,11
NewJersey4,LS1,Combined,Set1,Draw1,6,col6,Combined|Set1|Draw1|col6,E,combined,1,3,1,1,6,7,66,2,1,True,3,21,22,11
NewJersey4,LS1,Combined,Set1,Draw1,6,col6,Combined|Set1|Draw1|col6,E,combined,1,3,1,1,6,8,6,1,1,True,3,21,22,11
NewJersey4,LS1,Combined,Set1,Draw1,6,col6,Combined|Set1|Draw1|col6,E,combined,1,3,1,1,6,9,6,1,1,True,3,21,22,11
NewJersey4,LS1,Combined,Set1,Draw1,6,col6,Combined|Set1|Draw1|col6,E,combined,1,3,1,1,6,21,,0,0,False,3,21,22,11
NewJersey4,LS1,Combined,Set1,Draw1,6,col6,Combined|Set1|Draw1|col6,T,own,1,3,1,1,6,0,522188667,9,6,False,1,4,29,5
NewJersey4,LS1,Combined,Set1,Draw1,6,col6,Combined|Set1|Draw1|col6,T,own,1,3,1,1,6,1,5166,4,3,True,1,4,29,5
NewJersey4,LS1,Combined,Set1,Draw1,6,col6,Combined|Set1|Draw1|col6,T,own,1,3,1,1,6,2,166,3,2,True,1,4,29,5
NewJersey4,LS1,Combined,Set1,Draw1,6,col6,Combined|Set1|Draw1|col6,T,own,1,3,1,1,6,3,166,3,2,True,1,4,29,5
NewJersey4,LS1,Combined,Set1,Draw1,6,col6,Combined|Set1|Draw1|col6,T,own,1,3,1,1,6,4,66,2,1,True,1,4,29,5
NewJersey4,LS1,Combined,Set1,Draw1,6,col6,Combined|Set1|Draw1|col6,T,combined,1,3,1,1,6,0,522188667,9,6,False,1,7,57,6
NewJersey4,LS1,Combined,Set1,Draw1,6,col6,Combined|Set1|Draw1|col6,T,combined,1,3,1,1,6,1,5166,4,3,True,1,7,57,6
NewJersey4,LS1,Combined,Set1,Draw1,6,col6,Combined|Set1|Draw1|col6,T,combined,1,3,1,1,6,2,5166,4,3,True,1,7,57,6
NewJersey4,LS1,Combined,Set1,Draw1,6,col6,Combined|Set1|Draw1|col6,T,combined,1,3,1,1,6,3,166,3,2,True,1,7,57,6
NewJersey4,LS1,Combined,Set1,Draw1,6,col6,Combined|Set1|Draw1|col6,T,combined,1,3,1,1,6,4,166,3,2,True,1,7,57,6
NewJersey4,LS1,Combined,Set1,Draw1,6,col6,Combined|Set1|Draw1|col6,T,combined,1,3,1,1,6,7,66,2,1,True,1,7,57,6
NewJersey4,LS1,Combined,Set1,Draw1,5,col5,Combined|Set1|Draw1|col5,A,own,1,3,1,1,5,0,22188667*,9,6,False,4,4,29,5
NewJersey4,LS1,Combined,Set1,Draw1,5,col5,Combined|Set1|Draw1|col5,A,own,1,3,1,1,5,1,22166*,6,4,False,4,4,29,5
NewJersey4,LS1,Combined,Set1,Draw1,5,col5,Combined|Set1|Draw1|col5,A,own,1,3,1,1,5,2,22166*,6,4,False,4,4,29,5
NewJersey4,LS1,Combined,Set1,Draw1,5,col5,Combined|Set1|Draw1|col5,A,own,1,3,1,1,5,3,22166*,6,4,False,4,4,29,5
NewJersey4,LS1,Combined,Set1,Draw1,5,col5,Combined|Set1|Draw1|col5,A,own,1,3,1,1,5,4,66*,3,2,True,4,4,29,5
NewJersey4,LS1,Combined,Set1,Draw1,5,col5,Combined|Set1|Draw1|col5,A,combined,1,3,1,1,5,0,22188667*,9,6,False,7,7,57,8
NewJersey4,LS1,Combined,Set1,Draw1,5,col5,Combined|Set1|Draw1|col5,A,combined,1,3,1,1,5,1,22166*,6,4,False,7,7,57,8
NewJersey4,LS1,Combined,Set1,Draw1,5,col5,Combined|Set1|Draw1|col5,A,combined,1,3,1,1,5,2,22166*,6,4,False,7,7,57,8
NewJersey4,LS1,Combined,Set1,Draw1,5,col5,Combined|Set1|Draw1|col5,A,combined,1,3,1,1,5,3,22166*,6,4,False,7,7,57,8
NewJersey4,LS1,Combined,Set1,Draw1,5,col5,Combined|Set1|Draw1|col5,A,combined,1,3,1,1,5,4,22166*,6,4,False,7,7,57,8
NewJersey4,LS1,Combined,Set1,Draw1,5,col5,Combined|Set1|Draw1|col5,A,combined,1,3,1,1,5,5,22166*,6,4,False,7,7,57,8
NewJersey4,LS1,Combined,Set1,Draw1,5,col5,Combined|Set1|Draw1|col5,A,combined,1,3,1,1,5,6,22166*,6,4,False,7,7,57,8
NewJersey4,LS1,Combined,Set1,Draw1,5,col5,Combined|Set1|Draw1|col5,A,combined,1,3,1,1,5,7,66*,3,2,True,7,7,57,8
NewJersey4,LS1,Combined,Set1,Draw1,5,col5,Combined|Set1|Draw1|col5,B,own,1,3,1,1,5,0,22188667*,9,6,False,4,11,29,7
NewJersey4,LS1,Combined,Set1,Draw1,5,col5,Combined|Set1|Draw1|col5,B,own,1,3,1,1,5,1,22166*,6,4,False,4,11,29,7
NewJersey4,LS1,Combined,Set1,Draw1,5,col5,Combined|Set1|Draw1|col5,B,own,1,3,1,1,5,2,22166*,6,4,False,4,11,29,7
NewJersey4,LS1,Combined,Set1,Draw1,5,col5,Combined|Set1|Draw1|col5,B,own,1,3,1,1,5,3,22166*,6,4,False,4,11,29,7
NewJersey4,LS1,Combined,Set1,Draw1,5,col5,Combined|Set1|Draw1|col5,B,own,1,3,1,1,5,4,66*,3,2,True,4,11,29,7
NewJersey4,LS1,Combined,Set1,Draw1,5,col5,Combined|Set1|Draw1|col5,B,own,1,3,1,1,5,5,66*,3,2,True,4,11,29,7
NewJersey4,LS1,Combined,Set1,Draw1,5,col5,Combined|Set1|Draw1|col5,B,own,1,3,1,1,5,11,*,1,1,True,4,11,29,7
NewJersey4,LS1,Combined,Set1,Draw1,5,col5,Combined|Set1|Draw1|col5,B,combined,1,3,1,1,5,0,22188667*,9,6,False,2,8,57,9
NewJersey4,LS1,Combined,Set1,Draw1,5,col5,Combined|Set1|Draw1|col5,B,combined,1,3,1,1,5,1,22166*,6,4,False,2,8,57,9
NewJersey4,LS1,Combined,Set1,Draw1,5,col5,Combined|Set1|Draw1|col5,B,combined,1,3,1,1,5,2,166*,4,3,True,2,8,57,9
NewJersey4,LS1,Combined,Set1,Draw1,5,col5,Combined|Set1|Draw1|col5,B,combined,1,3,1,1,5,3,166*,4,3,True,2,8,57,9
NewJersey4,LS1,Combined,Set1,Draw1,5,col5,Combined|Set1|Draw1|col5,B,combined,1,3,1,1,5,4,166*,4,3,True,2,8,57,9
NewJersey4,LS1,Combined,Set1,Draw1,5,col5,Combined|Set1|Draw1|col5,B,combined,1,3,1,1,5,5,166*,4,3,True,2,8,57,9
NewJersey4,LS1,Combined,Set1,Draw1,5,col5,Combined|Set1|Draw1|col5,B,combined,1,3,1,1,5,6,166*,4,3,True,2,8,57,9
NewJersey4,LS1,Combined,Set1,Draw1,5,col5,Combined|Set1|Draw1|col5,B,combined,1,3,1,1,5,7,66*,3,2,True,2,8,57,9
NewJersey4,LS1,Combined,Set1,Draw1,5,col5,Combined|Set1|Draw1|col5,B,combined,1,3,1,1,5,8,*,1,1,True,2,8,57,9
NewJersey4,LS1,Combined,Set1,Draw1,5,col5,Combined|Set1|Draw1|col5,C,own,1,3,1,1,5,0,22188667*,9,6,False,1,4,29,5
NewJersey4,LS1,Combined,Set1,Draw1,5,col5,Combined|Set1|Draw1|col5,C,own,1,3,1,1,5,1,166*,4,3,True,1,4,29,5
NewJersey4,LS1,Combined,Set1,Draw1,5,col5,Combined|Set1|Draw1|col5,C,own,1,3,1,1,5,2,166*,4,3,True,1,4,29,5
NewJersey4,LS1,Combined,Set1,Draw1,5,col5,Combined|Set1|Draw1|col5,C,own,1,3,1,1,5,3,166*,4,3,True,1,4,29,5
NewJersey4,LS1,Combined,Set1,Draw1,5,col5,Combined|Set1|Draw1|col5,C,own,1,3,1,1,5,4,*,1,1,True,1,4,29,5
NewJersey4,LS1,Combined,Set1,Draw1,5,col5,Combined|Set1|Draw1|col5,C,combined,1,3,1,1,5,0,22188667*,9,6,False,1,7,57,8
NewJersey4,LS1,Combined,Set1,Draw1,5,col5,Combined|Set1|Draw1|col5,C,combined,1,3,1,1,5,1,166*,4,3,True,1,7,57,8
NewJersey4,LS1,Combined,Set1,Draw1,5,col5,Combined|Set1|Draw1|col5,C,combined,1,3,1,1,5,2,166*,4,3,True,1,7,57,8
NewJersey4,LS1,Combined,Set1,Draw1,5,col5,Combined|Set1|Draw1|col5,C,combined,1,3,1,1,5,3,166*,4,3,True,1,7,57,8
NewJersey4,LS1,Combined,Set1,Draw1,5,col5,Combined|Set1|Draw1|col5,C,combined,1,3,1,1,5,4,166*,4,3,True,1,7,57,8
NewJersey4,LS1,Combined,Set1,Draw1,5,col5,Combined|Set1|Draw1|col5,C,combined,1,3,1,1,5,5,166*,4,3,True,1,7,57,8
NewJersey4,LS1,Combined,Set1,Draw1,5,col5,Combined|Set1|Draw1|col5,C,combined,1,3,1,1,5,6,166*,4,3,True,1,7,57,8
NewJersey4,LS1,Combined,Set1,Draw1,5,col5,Combined|Set1|Draw1|col5,C,combined,1,3,1,1,5,7,*,1,1,True,1,7,57,8
NewJersey4,LS1,Combined,Set1,Draw1,5,col5,Combined|Set1|Draw1|col5,D,own,1,3,1,1,5,0,22188667*,9,6,False,4,11,29,7
NewJersey4,LS1,Combined,Set1,Draw1,5,col5,Combined|Set1|Draw1|col5,D,own,1,3,1,1,5,1,2166*,5,4,False,4,11,29,7
NewJersey4,LS1,Combined,Set1,Draw1,5,col5,Combined|Set1|Draw1|col5,D,own,1,3,1,1,5,2,2166*,5,4,False,4,11,29,7
NewJersey4,LS1,Combined,Set1,Draw1,5,col5,Combined|Set1|Draw1|col5,D,own,1,3,1,1,5,3,2166*,5,4,False,4,11,29,7
NewJersey4,LS1,Combined,Set1,Draw1,5,col5,Combined|Set1|Draw1|col5,D,own,1,3,1,1,5,4,6*,2,2,True,4,11,29,7
NewJersey4,LS1,Combined,Set1,Draw1,5,col5,Combined|Set1|Draw1|col5,D,own,1,3,1,1,5,5,6*,2,2,True,4,11,29,7
NewJersey4,LS1,Combined,Set1,Draw1,5,col5,Combined|Set1|Draw1|col5,D,own,1,3,1,1,5,11,*,1,1,True,4,11,29,7
NewJersey4,LS1,Combined,Set1,Draw1,5,col5,Combined|Set1|Draw1|col5,D,combined,1,3,1,1,5,0,22188667*,9,6,False,2,8,57,9
NewJersey4,LS1,Combined,Set1,Draw1,5,col5,Combined|Set1|Draw1|col5,D,combined,1,3,1,1,5,1,2166*,5,4,False,2,8,57,9
NewJersey4,LS1,Combined,Set1,Draw1,5,col5,Combined|Set1|Draw1|col5,D,combined,1,3,1,1,5,2,166*,4,3,True,2,8,57,9
NewJersey4,LS1,Combined,Set1,Draw1,5,col5,Combined|Set1|Draw1|col5,D,combined,1,3,1,1,5,3,166*,4,3,True,2,8,57,9
NewJersey4,LS1,Combined,Set1,Draw1,5,col5,Combined|Set1|Draw1|col5,D,combined,1,3,1,1,5,4,166*,4,3,True,2,8,57,9
NewJersey4,LS1,Combined,Set1,Draw1,5,col5,Combined|Set1|Draw1|col5,D,combined,1,3,1,1,5,5,166*,4,3,True,2,8,57,9
NewJersey4,LS1,Combined,Set1,Draw1,5,col5,Combined|Set1|Draw1|col5,D,combined,1,3,1,1,5,6,166*,4,3,True,2,8,57,9
NewJersey4,LS1,Combined,Set1,Draw1,5,col5,Combined|Set1|Draw1|col5,D,combined,1,3,1,1,5,7,6*,2,2,True,2,8,57,9
NewJersey4,LS1,Combined,Set1,Draw1,5,col5,Combined|Set1|Draw1|col5,D,combined,1,3,1,1,5,8,*,1,1,True,2,8,57,9
NewJersey4,LS1,Combined,Set1,Draw1,5,col5,Combined|Set1|Draw1|col5,E,own,1,3,1,1,5,0,22188667*,9,6,False,4,17,29,12
NewJersey4,LS1,Combined,Set1,Draw1,5,col5,Combined|Set1|Draw1|col5,E,own,1,3,1,1,5,1,22166*,6,4,False,4,17,29,12
NewJersey4,LS1,Combined,Set1,Draw1,5,col5,Combined|Set1|Draw1|col5,E,own,1,3,1,1,5,2,22166*,6,4,False,4,17,29,12
NewJersey4,LS1,Combined,Set1,Draw1,5,col5,Combined|Set1|Draw1|col5,E,own,1,3,1,1,5,3,22166*,6,4,False,4,17,29,12
NewJersey4,LS1,Combined,Set1,Draw1,5,col5,Combined|Set1|Draw1|col5,E,own,1,3,1,1,5,4,266*,4,3,True,4,17,29,12
NewJersey4,LS1,Combined,Set1,Draw1,5,col5,Combined|Set1|Draw1|col5,E,own,1,3,1,1,5,5,266*,4,3,True,4,17,29,12
NewJersey4,LS1,Combined,Set1,Draw1,5,col5,Combined|Set1|Draw1|col5,E,own,1,3,1,1,5,6,266*,4,3,True,4,17,29,12
NewJersey4,LS1,Combined,Set1,Draw1,5,col5,Combined|Set1|Draw1|col5,E,own,1,3,1,1,5,7,66*,3,2,True,4,17,29,12
NewJersey4,LS1,Combined,Set1,Draw1,5,col5,Combined|Set1|Draw1|col5,E,own,1,3,1,1,5,8,66*,3,2,True,4,17,29,12
NewJersey4,LS1,Combined,Set1,Draw1,5,col5,Combined|Set1|Draw1|col5,E,own,1,3,1,1,5,11,6*,2,2,True,4,17,29,12
NewJersey4,LS1,Combined,Set1,Draw1,5,col5,Combined|Set1|Draw1|col5,E,own,1,3,1,1,5,12,6*,2,2,True,4,17,29,12
NewJersey4,LS1,Combined,Set1,Draw1,5,col5,Combined|Set1|Draw1|col5,E,own,1,3,1,1,5,17,*,1,1,True,4,17,29,12
NewJersey4,LS1,Combined,Set1,Draw1,5,col5,Combined|Set1|Draw1|col5,E,combined,1,3,1,1,5,0,22188667*,9,6,False,7,21,57,11
NewJersey4,LS1,Combined,Set1,Draw1,5,col5,Combined|Set1|Draw1|col5,E,combined,1,3,1,1,5,1,22166*,6,4,False,7,21,57,11
NewJersey4,LS1,Combined,Set1,Draw1,5,col5,Combined|Set1|Draw1|col5,E,combined,1,3,1,1,5,2,2166*,5,4,False,7,21,57,11
NewJersey4,LS1,Combined,Set1,Draw1,5,col5,Combined|Set1|Draw1|col5,E,combined,1,3,1,1,5,3,2166*,5,4,False,7,21,57,11
NewJersey4,LS1,Combined,Set1,Draw1,5,col5,Combined|Set1|Draw1|col5,E,combined,1,3,1,1,5,4,2166*,5,4,False,7,21,57,11
NewJersey4,LS1,Combined,Set1,Draw1,5,col5,Combined|Set1|Draw1|col5,E,combined,1,3,1,1,5,5,2166*,5,4,False,7,21,57,11
NewJersey4,LS1,Combined,Set1,Draw1,5,col5,Combined|Set1|Draw1|col5,E,combined,1,3,1,1,5,6,2166*,5,4,False,7,21,57,11
NewJersey4,LS1,Combined,Set1,Draw1,5,col5,Combined|Set1|Draw1|col5,E,combined,1,3,1,1,5,7,66*,3,2,True,7,21,57,11
NewJersey4,LS1,Combined,Set1,Draw1,5,col5,Combined|Set1|Draw1|col5,E,combined,1,3,1,1,5,8,6*,2,2,True,7,21,57,11
NewJersey4,LS1,Combined,Set1,Draw1,5,col5,Combined|Set1|Draw1|col5,E,combined,1,3,1,1,5,9,6*,2,2,True,7,21,57,11
NewJersey4,LS1,Combined,Set1,Draw1,5,col5,Combined|Set1|Draw1|col5,E,combined,1,3,1,1,5,21,*,1,1,True,7,21,57,11
NewJersey4,LS1,Combined,Set1,Draw1,5,col5,Combined|Set1|Draw1|col5,T,own,1,3,1,1,5,0,22188667*,9,6,False,1,4,29,5
NewJersey4,LS1,Combined,Set1,Draw1,5,col5,Combined|Set1|Draw1|col5,T,own,1,3,1,1,5,1,166*,4,3,True,1,4,29,5
NewJersey4,LS1,Combined,Set1,Draw1,5,col5,Combined|Set1|Draw1|col5,T,own,1,3,1,1,5,2,166*,4,3,True,1,4,29,5
NewJersey4,LS1,Combined,Set1,Draw1,5,col5,Combined|Set1|Draw1|col5,T,own,1,3,1,1,5,3,166*,4,3,True,1,4,29,5
NewJersey4,LS1,Combined,Set1,Draw1,5,col5,Combined|Set1|Draw1|col5,T,own,1,3,1,1,5,4,66*,3,2,True,1,4,29,5
NewJersey4,LS1,Combined,Set1,Draw1,5,col5,Combined|Set1|Draw1|col5,T,combined,1,3,1,1,5,0,22188667*,9,6,False,1,7,57,8
NewJersey4,LS1,Combined,Set1,Draw1,5,col5,Combined|Set1|Draw1|col5,T,combined,1,3,1,1,5,1,166*,4,3,True,1,7,57,8
NewJersey4,LS1,Combined,Set1,Draw1,5,col5,Combined|Set1|Draw1|col5,T,combined,1,3,1,1,5,2,166*,4,3,True,1,7,57,8
NewJersey4,LS1,Combined,Set1,Draw1,5,col5,Combined|Set1|Draw1|col5,T,combined,1,3,1,1,5,3,166*,4,3,True,1,7,57,8
NewJersey4,LS1,Combined,Set1,Draw1,5,col5,Combined|Set1|Draw1|col5,T,combined,1,3,1,1,5,4,166*,4,3,True,1,7,57,8
NewJersey4,LS1,Combined,Set1,Draw1,5,col5,Combined|Set1|Draw1|col5,T,combined,1,3,1,1,5,5,166*,4,3,True,1,7,57,8
NewJersey4,LS1,Combined,Set1,Draw1,5,col5,Combined|Set1|Draw1|col5,T,combined,1,3,1,1,5,6,166*,4,3,True,1,7,57,8
NewJersey4,LS1,Combined,Set1,Draw1,5,col5,Combined|Set1|Draw1|col5,T,combined,1,3,1,1,5,7,66*,3,2,True,1,7,57,8
NewJersey4,LS1,Combined,Set1,Draw1,4,col4,Combined|Set1|Draw1|col4,A,own,1,3,1,1,4,0,28667*,6,5,False,1,4,29,5
NewJersey4,LS1,Combined,Set1,Draw1,4,col4,Combined|Set1|Draw1|col4,A,own,1,3,1,1,4,1,266*,4,3,True,1,4,29,5
NewJersey4,LS1,Combined,Set1,Draw1,4,col4,Combined|Set1|Draw1|col4,A,own,1,3,1,1,4,2,266*,4,3,True,1,4,29,5
NewJersey4,LS1,Combined,Set1,Draw1,4,col4,Combined|Set1|Draw1|col4,A,own,1,3,1,1,4,3,266*,4,3,True,1,4,29,5
NewJersey4,LS1,Combined,Set1,Draw1,4,col4,Combined|Set1|Draw1|col4,A,own,1,3,1,1,4,4,66*,3,2,True,1,4,29,5
NewJersey4,LS1,Combined,Set1,Draw1,4,col4,Combined|Set1|Draw1|col4,A,combined,1,3,1,1,4,0,28667*,6,5,False,1,7,57,8
NewJersey4,LS1,Combined,Set1,Draw1,4,col4,Combined|Set1|Draw1|col4,A,combined,1,3,1,1,4,1,266*,4,3,True,1,7,57,8
NewJersey4,LS1,Combined,Set1,Draw1,4,col4,Combined|Set1|Draw1|col4,A,combined,1,3,1,1,4,2,266*,4,3,True,1,7,57,8
NewJersey4,LS1,Combined,Set1,Draw1,4,col4,Combined|Set1|Draw1|col4,A,combined,1,3,1,1,4,3,266*,4,3,True,1,7,57,8
NewJersey4,LS1,Combined,Set1,Draw1,4,col4,Combined|Set1|Draw1|col4,A,combined,1,3,1,1,4,4,266*,4,3,True,1,7,57,8
NewJersey4,LS1,Combined,Set1,Draw1,4,col4,Combined|Set1|Draw1|col4,A,combined,1,3,1,1,4,5,266*,4,3,True,1,7,57,8
NewJersey4,LS1,Combined,Set1,Draw1,4,col4,Combined|Set1|Draw1|col4,A,combined,1,3,1,1,4,6,266*,4,3,True,1,7,57,8
NewJersey4,LS1,Combined,Set1,Draw1,4,col4,Combined|Set1|Draw1|col4,A,combined,1,3,1,1,4,7,66*,3,2,True,1,7,57,8
NewJersey4,LS1,Combined,Set1,Draw1,4,col4,Combined|Set1|Draw1|col4,B,own,1,3,1,1,4,0,28667*,6,5,False,1,4,29,5
NewJersey4,LS1,Combined,Set1,Draw1,4,col4,Combined|Set1|Draw1|col4,B,own,1,3,1,1,4,1,266*,4,3,True,1,4,29,5
NewJersey4,LS1,Combined,Set1,Draw1,4,col4,Combined|Set1|Draw1|col4,B,own,1,3,1,1,4,2,266*,4,3,True,1,4,29,5
NewJersey4,LS1,Combined,Set1,Draw1,4,col4,Combined|Set1|Draw1|col4,B,own,1,3,1,1,4,3,266*,4,3,True,1,4,29,5
NewJersey4,LS1,Combined,Set1,Draw1,4,col4,Combined|Set1|Draw1|col4,B,own,1,3,1,1,4,4,*,1,1,True,1,4,29,5
NewJersey4,LS1,Combined,Set1,Draw1,4,col4,Combined|Set1|Draw1|col4,B,combined,1,3,1,1,4,0,28667*,6,5,False,1,7,57,5
NewJersey4,LS1,Combined,Set1,Draw1,4,col4,Combined|Set1|Draw1|col4,B,combined,1,3,1,1,4,1,266*,4,3,True,1,7,57,5
NewJersey4,LS1,Combined,Set1,Draw1,4,col4,Combined|Set1|Draw1|col4,B,combined,1,3,1,1,4,2,66*,3,2,True,1,7,57,5
NewJersey4,LS1,Combined,Set1,Draw1,4,col4,Combined|Set1|Draw1|col4,B,combined,1,3,1,1,4,3,66*,3,2,True,1,7,57,5
NewJersey4,LS1,Combined,Set1,Draw1,4,col4,Combined|Set1|Draw1|col4,B,combined,1,3,1,1,4,7,*,1,1,True,1,7,57,5
NewJersey4,LS1,Combined,Set1,Draw1,4,col4,Combined|Set1|Draw1|col4,C,own,1,3,1,1,4,0,28667*,6,5,False,1,4,29,4
NewJersey4,LS1,Combined,Set1,Draw1,4,col4,Combined|Set1|Draw1|col4,C,own,1,3,1,1,4,1,66*,3,2,True,1,4,29,4
NewJersey4,LS1,Combined,Set1,Draw1,4,col4,Combined|Set1|Draw1|col4,C,own,1,3,1,1,4,2,66*,3,2,True,1,4,29,4
NewJersey4,LS1,Combined,Set1,Draw1,4,col4,Combined|Set1|Draw1|col4,C,own,1,3,1,1,4,4,*,1,1,True,1,4,29,4
NewJersey4,LS1,Combined,Set1,Draw1,4,col4,Combined|Set1|Draw1|col4,C,combined,1,3,1,1,4,0,28667*,6,5,False,1,7,57,4
NewJersey4,LS1,Combined,Set1,Draw1,4,col4,Combined|Set1|Draw1|col4,C,combined,1,3,1,1,4,1,66*,3,2,True,1,7,57,4
NewJersey4,LS1,Combined,Set1,Draw1,4,col4,Combined|Set1|Draw1|col4,C,combined,1,3,1,1,4,2,66*,3,2,True,1,7,57,4
NewJersey4,LS1,Combined,Set1,Draw1,4,col4,Combined|Set1|Draw1|col4,C,combined,1,3,1,1,4,7,*,1,1,True,1,7,57,4
NewJersey4,LS1,Combined,Set1,Draw1,4,col4,Combined|Set1|Draw1|col4,D,own,1,3,1,1,4,0,28667*,6,5,False,1,11,29,6
NewJersey4,LS1,Combined,Set1,Draw1,4,col4,Combined|Set1|Draw1|col4,D,own,1,3,1,1,4,1,66*,3,2,True,1,11,29,6
NewJersey4,LS1,Combined,Set1,Draw1,4,col4,Combined|Set1|Draw1|col4,D,own,1,3,1,1,4,2,66*,3,2,True,1,11,29,6
NewJersey4,LS1,Combined,Set1,Draw1,4,col4,Combined|Set1|Draw1|col4,D,own,1,3,1,1,4,4,6*,2,2,True,1,11,29,6
NewJersey4,LS1,Combined,Set1,Draw1,4,col4,Combined|Set1|Draw1|col4,D,own,1,3,1,1,4,5,6*,2,2,True,1,11,29,6
NewJersey4,LS1,Combined,Set1,Draw1,4,col4,Combined|Set1|Draw1|col4,D,own,1,3,1,1,4,11,*,1,1,True,1,11,29,6
NewJersey4,LS1,Combined,Set1,Draw1,4,col4,Combined|Set1|Draw1|col4,D,combined,1,3,1,1,4,0,28667*,6,5,False,1,8,57,5
NewJersey4,LS1,Combined,Set1,Draw1,4,col4,Combined|Set1|Draw1|col4,D,combined,1,3,1,1,4,1,66*,3,2,True,1,8,57,5
NewJersey4,LS1,Combined,Set1,Draw1,4,col4,Combined|Set1|Draw1|col4,D,combined,1,3,1,1,4,2,66*,3,2,True,1,8,57,5
NewJersey4,LS1,Combined,Set1,Draw1,4,col4,Combined|Set1|Draw1|col4,D,combined,1,3,1,1,4,7,6*,2,2,True,1,8,57,5
NewJersey4,LS1,Combined,Set1,Draw1,4,col4,Combined|Set1|Draw1|col4,D,combined,1,3,1,1,4,8,*,1,1,True,1,8,57,5
NewJersey4,LS1,Combined,Set1,Draw1,4,col4,Combined|Set1|Draw1|col4,E,own,1,3,1,1,4,0,28667*,6,5,False,1,11,29,7
NewJersey4,LS1,Combined,Set1,Draw1,4,col4,Combined|Set1|Draw1|col4,E,own,1,3,1,1,4,1,266*,4,3,True,1,11,29,7
NewJersey4,LS1,Combined,Set1,Draw1,4,col4,Combined|Set1|Draw1|col4,E,own,1,3,1,1,4,2,266*,4,3,True,1,11,29,7
NewJersey4,LS1,Combined,Set1,Draw1,4,col4,Combined|Set1|Draw1|col4,E,own,1,3,1,1,4,3,266*,4,3,True,1,11,29,7
NewJersey4,LS1,Combined,Set1,Draw1,4,col4,Combined|Set1|Draw1|col4,E,own,1,3,1,1,4,4,6*,2,2,True,1,11,29,7
NewJersey4,LS1,Combined,Set1,Draw1,4,col4,Combined|Set1|Draw1|col4,E,own,1,3,1,1,4,5,6*,2,2,True,1,11,29,7
NewJersey4,LS1,Combined,Set1,Draw1,4,col4,Combined|Set1|Draw1|col4,E,own,1,3,1,1,4,11,*,1,1,True,1,11,29,7
NewJersey4,LS1,Combined,Set1,Draw1,4,col4,Combined|Set1|Draw1|col4,E,combined,1,3,1,1,4,0,28667*,6,5,False,1,8,57,6
NewJersey4,LS1,Combined,Set1,Draw1,4,col4,Combined|Set1|Draw1|col4,E,combined,1,3,1,1,4,1,266*,4,3,True,1,8,57,6
NewJersey4,LS1,Combined,Set1,Draw1,4,col4,Combined|Set1|Draw1|col4,E,combined,1,3,1,1,4,2,66*,3,2,True,1,8,57,6
NewJersey4,LS1,Combined,Set1,Draw1,4,col4,Combined|Set1|Draw1|col4,E,combined,1,3,1,1,4,3,66*,3,2,True,1,8,57,6
NewJersey4,LS1,Combined,Set1,Draw1,4,col4,Combined|Set1|Draw1|col4,E,combined,1,3,1,1,4,7,6*,2,2,True,1,8,57,6
NewJersey4,LS1,Combined,Set1,Draw1,4,col4,Combined|Set1|Draw1|col4,E,combined,1,3,1,1,4,8,*,1,1,True,1,8,57,6
NewJersey4,LS1,Combined,Set1,Draw1,4,col4,Combined|Set1|Draw1|col4,T,own,1,3,1,1,4,0,28667*,6,5,False,1,1,29,2
NewJersey4,LS1,Combined,Set1,Draw1,4,col4,Combined|Set1|Draw1|col4,T,own,1,3,1,1,4,1,66*,3,2,True,1,1,29,2
NewJersey4,LS1,Combined,Set1,Draw1,4,col4,Combined|Set1|Draw1|col4,T,combined,1,3,1,1,4,0,28667*,6,5,False,1,1,57,2
NewJersey4,LS1,Combined,Set1,Draw1,4,col4,Combined|Set1|Draw1|col4,T,combined,1,3,1,1,4,1,66*,3,2,True,1,1,57,2
NewJersey4,LS1,Combined,Set1,Draw1,2,col2,Combined|Set1|Draw1|col2,A,own,1,3,1,1,2,0,2667**,6,4,False,1,4,29,5
NewJersey4,LS1,Combined,Set1,Draw1,2,col2,Combined|Set1|Draw1|col2,A,own,1,3,1,1,2,1,266**,5,3,True,1,4,29,5
NewJersey4,LS1,Combined,Set1,Draw1,2,col2,Combined|Set1|Draw1|col2,A,own,1,3,1,1,2,2,266**,5,3,True,1,4,29,5
NewJersey4,LS1,Combined,Set1,Draw1,2,col2,Combined|Set1|Draw1|col2,A,own,1,3,1,1,2,3,266**,5,3,True,1,4,29,5
NewJersey4,LS1,Combined,Set1,Draw1,2,col2,Combined|Set1|Draw1|col2,A,own,1,3,1,1,2,4,66**,4,2,True,1,4,29,5
NewJersey4,LS1,Combined,Set1,Draw1,2,col2,Combined|Set1|Draw1|col2,A,combined,1,3,1,1,2,0,2667**,6,4,False,1,7,57,8
NewJersey4,LS1,Combined,Set1,Draw1,2,col2,Combined|Set1|Draw1|col2,A,combined,1,3,1,1,2,1,266**,5,3,True,1,7,57,8
NewJersey4,LS1,Combined,Set1,Draw1,2,col2,Combined|Set1|Draw1|col2,A,combined,1,3,1,1,2,2,266**,5,3,True,1,7,57,8
NewJersey4,LS1,Combined,Set1,Draw1,2,col2,Combined|Set1|Draw1|col2,A,combined,1,3,1,1,2,3,266**,5,3,True,1,7,57,8
NewJersey4,LS1,Combined,Set1,Draw1,2,col2,Combined|Set1|Draw1|col2,A,combined,1,3,1,1,2,4,266**,5,3,True,1,7,57,8
NewJersey4,LS1,Combined,Set1,Draw1,2,col2,Combined|Set1|Draw1|col2,A,combined,1,3,1,1,2,5,266**,5,3,True,1,7,57,8
NewJersey4,LS1,Combined,Set1,Draw1,2,col2,Combined|Set1|Draw1|col2,A,combined,1,3,1,1,2,6,266**,5,3,True,1,7,57,8
NewJersey4,LS1,Combined,Set1,Draw1,2,col2,Combined|Set1|Draw1|col2,A,combined,1,3,1,1,2,7,66**,4,2,True,1,7,57,8
NewJersey4,LS1,Combined,Set1,Draw1,2,col2,Combined|Set1|Draw1|col2,B,own,1,3,1,1,2,0,2667**,6,4,False,1,4,29,5
NewJersey4,LS1,Combined,Set1,Draw1,2,col2,Combined|Set1|Draw1|col2,B,own,1,3,1,1,2,1,266**,5,3,True,1,4,29,5
NewJersey4,LS1,Combined,Set1,Draw1,2,col2,Combined|Set1|Draw1|col2,B,own,1,3,1,1,2,2,266**,5,3,True,1,4,29,5
NewJersey4,LS1,Combined,Set1,Draw1,2,col2,Combined|Set1|Draw1|col2,B,own,1,3,1,1,2,3,266**,5,3,True,1,4,29,5
NewJersey4,LS1,Combined,Set1,Draw1,2,col2,Combined|Set1|Draw1|col2,B,own,1,3,1,1,2,4,**,2,1,True,1,4,29,5
NewJersey4,LS1,Combined,Set1,Draw1,2,col2,Combined|Set1|Draw1|col2,B,combined,1,3,1,1,2,0,2667**,6,4,False,1,7,57,5
NewJersey4,LS1,Combined,Set1,Draw1,2,col2,Combined|Set1|Draw1|col2,B,combined,1,3,1,1,2,1,266**,5,3,True,1,7,57,5
NewJersey4,LS1,Combined,Set1,Draw1,2,col2,Combined|Set1|Draw1|col2,B,combined,1,3,1,1,2,2,66**,4,2,True,1,7,57,5
NewJersey4,LS1,Combined,Set1,Draw1,2,col2,Combined|Set1|Draw1|col2,B,combined,1,3,1,1,2,3,66**,4,2,True,1,7,57,5
NewJersey4,LS1,Combined,Set1,Draw1,2,col2,Combined|Set1|Draw1|col2,B,combined,1,3,1,1,2,7,**,2,1,True,1,7,57,5
NewJersey4,LS1,Combined,Set1,Draw1,2,col2,Combined|Set1|Draw1|col2,C,own,1,3,1,1,2,0,2667**,6,4,False,1,4,29,4
NewJersey4,LS1,Combined,Set1,Draw1,2,col2,Combined|Set1|Draw1|col2,C,own,1,3,1,1,2,1,66**,4,2,True,1,4,29,4
NewJersey4,LS1,Combined,Set1,Draw1,2,col2,Combined|Set1|Draw1|col2,C,own,1,3,1,1,2,2,66**,4,2,True,1,4,29,4
NewJersey4,LS1,Combined,Set1,Draw1,2,col2,Combined|Set1|Draw1|col2,C,own,1,3,1,1,2,4,**,2,1,True,1,4,29,4
NewJersey4,LS1,Combined,Set1,Draw1,2,col2,Combined|Set1|Draw1|col2,C,combined,1,3,1,1,2,0,2667**,6,4,False,1,7,57,4
NewJersey4,LS1,Combined,Set1,Draw1,2,col2,Combined|Set1|Draw1|col2,C,combined,1,3,1,1,2,1,66**,4,2,True,1,7,57,4
NewJersey4,LS1,Combined,Set1,Draw1,2,col2,Combined|Set1|Draw1|col2,C,combined,1,3,1,1,2,2,66**,4,2,True,1,7,57,4
NewJersey4,LS1,Combined,Set1,Draw1,2,col2,Combined|Set1|Draw1|col2,C,combined,1,3,1,1,2,7,**,2,1,True,1,7,57,4
NewJersey4,LS1,Combined,Set1,Draw1,2,col2,Combined|Set1|Draw1|col2,D,own,1,3,1,1,2,0,2667**,6,4,False,1,11,29,6
NewJersey4,LS1,Combined,Set1,Draw1,2,col2,Combined|Set1|Draw1|col2,D,own,1,3,1,1,2,1,66**,4,2,True,1,11,29,6
NewJersey4,LS1,Combined,Set1,Draw1,2,col2,Combined|Set1|Draw1|col2,D,own,1,3,1,1,2,2,66**,4,2,True,1,11,29,6
NewJersey4,LS1,Combined,Set1,Draw1,2,col2,Combined|Set1|Draw1|col2,D,own,1,3,1,1,2,4,6**,3,2,True,1,11,29,6
NewJersey4,LS1,Combined,Set1,Draw1,2,col2,Combined|Set1|Draw1|col2,D,own,1,3,1,1,2,5,6**,3,2,True,1,11,29,6
NewJersey4,LS1,Combined,Set1,Draw1,2,col2,Combined|Set1|Draw1|col2,D,own,1,3,1,1,2,11,**,2,1,True,1,11,29,6
NewJersey4,LS1,Combined,Set1,Draw1,2,col2,Combined|Set1|Draw1|col2,D,combined,1,3,1,1,2,0,2667**,6,4,False,1,8,57,5
NewJersey4,LS1,Combined,Set1,Draw1,2,col2,Combined|Set1|Draw1|col2,D,combined,1,3,1,1,2,1,66**,4,2,True,1,8,57,5
NewJersey4,LS1,Combined,Set1,Draw1,2,col2,Combined|Set1|Draw1|col2,D,combined,1,3,1,1,2,2,66**,4,2,True,1,8,57,5
NewJersey4,LS1,Combined,Set1,Draw1,2,col2,Combined|Set1|Draw1|col2,D,combined,1,3,1,1,2,7,6**,3,2,True,1,8,57,5
NewJersey4,LS1,Combined,Set1,Draw1,2,col2,Combined|Set1|Draw1|col2,D,combined,1,3,1,1,2,8,**,2,1,True,1,8,57,5
NewJersey4,LS1,Combined,Set1,Draw1,2,col2,Combined|Set1|Draw1|col2,E,own,1,3,1,1,2,0,2667**,6,4,False,1,11,29,7
NewJersey4,LS1,Combined,Set1,Draw1,2,col2,Combined|Set1|Draw1|col2,E,own,1,3,1,1,2,1,266**,5,3,True,1,11,29,7
NewJersey4,LS1,Combined,Set1,Draw1,2,col2,Combined|Set1|Draw1|col2,E,own,1,3,1,1,2,2,266**,5,3,True,1,11,29,7
NewJersey4,LS1,Combined,Set1,Draw1,2,col2,Combined|Set1|Draw1|col2,E,own,1,3,1,1,2,3,266**,5,3,True,1,11,29,7
NewJersey4,LS1,Combined,Set1,Draw1,2,col2,Combined|Set1|Draw1|col2,E,own,1,3,1,1,2,4,6**,3,2,True,1,11,29,7
NewJersey4,LS1,Combined,Set1,Draw1,2,col2,Combined|Set1|Draw1|col2,E,own,1,3,1,1,2,5,6**,3,2,True,1,11,29,7
NewJersey4,LS1,Combined,Set1,Draw1,2,col2,Combined|Set1|Draw1|col2,E,own,1,3,1,1,2,11,**,2,1,True,1,11,29,7
NewJersey4,LS1,Combined,Set1,Draw1,2,col2,Combined|Set1|Draw1|col2,E,combined,1,3,1,1,2,0,2667**,6,4,False,1,8,57,6
NewJersey4,LS1,Combined,Set1,Draw1,2,col2,Combined|Set1|Draw1|col2,E,combined,1,3,1,1,2,1,266**,5,3,True,1,8,57,6
NewJersey4,LS1,Combined,Set1,Draw1,2,col2,Combined|Set1|Draw1|col2,E,combined,1,3,1,1,2,2,66**,4,2,True,1,8,57,6
NewJersey4,LS1,Combined,Set1,Draw1,2,col2,Combined|Set1|Draw1|col2,E,combined,1,3,1,1,2,3,66**,4,2,True,1,8,57,6
NewJersey4,LS1,Combined,Set1,Draw1,2,col2,Combined|Set1|Draw1|col2,E,combined,1,3,1,1,2,7,6**,3,2,True,1,8,57,6
NewJersey4,LS1,Combined,Set1,Draw1,2,col2,Combined|Set1|Draw1|col2,E,combined,1,3,1,1,2,8,**,2,1,True,1,8,57,6
NewJersey4,LS1,Combined,Set1,Draw1,2,col2,Combined|Set1|Draw1|col2,T,own,1,3,1,1,2,0,2667**,6,4,False,1,4,29,4
NewJersey4,LS1,Combined,Set1,Draw1,2,col2,Combined|Set1|Draw1|col2,T,own,1,3,1,1,2,1,66**,4,2,True,1,4,29,4
NewJersey4,LS1,Combined,Set1,Draw1,2,col2,Combined|Set1|Draw1|col2,T,own,1,3,1,1,2,2,66**,4,2,True,1,4,29,4
NewJersey4,LS1,Combined,Set1,Draw1,2,col2,Combined|Set1|Draw1|col2,T,own,1,3,1,1,2,4,**,2,1,True,1,4,29,4
NewJersey4,LS1,Combined,Set1,Draw1,2,col2,Combined|Set1|Draw1|col2,T,combined,1,3,1,1,2,0,2667**,6,4,False,1,7,57,4
NewJersey4,LS1,Combined,Set1,Draw1,2,col2,Combined|Set1|Draw1|col2,T,combined,1,3,1,1,2,1,66**,4,2,True,1,7,57,4
NewJersey4,LS1,Combined,Set1,Draw1,2,col2,Combined|Set1|Draw1|col2,T,combined,1,3,1,1,2,2,66**,4,2,True,1,7,57,4
NewJersey4,LS1,Combined,Set1,Draw1,2,col2,Combined|Set1|Draw1|col2,T,combined,1,3,1,1,2,7,**,2,1,True,1,7,57,4
NewJersey4,LS1,Combined,Set1,Draw2,6,col6,Combined|Set1|Draw2|col6,A,own,1,3,1,2,6,0,55221188667,11,6,False,2,4,29,5
NewJersey4,LS1,Combined,Set1,Draw2,6,col6,Combined|Set1|Draw2|col6,A,own,1,3,1,2,6,1,55221166,8,4,False,2,4,29,5
NewJersey4,LS1,Combined,Set1,Draw2,6,col6,Combined|Set1|Draw2|col6,A,own,1,3,1,2,6,2,221166,6,3,True,2,4,29,5
NewJersey4,LS1,Combined,Set1,Draw2,6,col6,Combined|Set1|Draw2|col6,A,own,1,3,1,2,6,3,221166,6,3,True,2,4,29,5
NewJersey4,LS1,Combined,Set1,Draw2,6,col6,Combined|Set1|Draw2|col6,A,own,1,3,1,2,6,4,66,2,1,True,2,4,29,5
NewJersey4,LS1,Combined,Set1,Draw2,6,col6,Combined|Set1|Draw2|col6,A,combined,1,3,1,2,6,0,55221188667,11,6,False,3,7,57,8
NewJersey4,LS1,Combined,Set1,Draw2,6,col6,Combined|Set1|Draw2|col6,A,combined,1,3,1,2,6,1,55221166,8,4,False,3,7,57,8
NewJersey4,LS1,Combined,Set1,Draw2,6,col6,Combined|Set1|Draw2|col6,A,combined,1,3,1,2,6,2,55221166,8,4,False,3,7,57,8
NewJersey4,LS1,Combined,Set1,Draw2,6,col6,Combined|Set1|Draw2|col6,A,combined,1,3,1,2,6,3,221166,6,3,True,3,7,57,8
NewJersey4,LS1,Combined,Set1,Draw2,6,col6,Combined|Set1|Draw2|col6,A,combined,1,3,1,2,6,4,221166,6,3,True,3,7,57,8
NewJersey4,LS1,Combined,Set1,Draw2,6,col6,Combined|Set1|Draw2|col6,A,combined,1,3,1,2,6,5,221166,6,3,True,3,7,57,8
NewJersey4,LS1,Combined,Set1,Draw2,6,col6,Combined|Set1|Draw2|col6,A,combined,1,3,1,2,6,6,221166,6,3,True,3,7,57,8
NewJersey4,LS1,Combined,Set1,Draw2,6,col6,Combined|Set1|Draw2|col6,A,combined,1,3,1,2,6,7,66,2,1,True,3,7,57,8
NewJersey4,LS1,Combined,Set1,Draw2,6,col6,Combined|Set1|Draw2|col6,B,own,1,3,1,2,6,0,55221188667,11,6,False,2,11,12,7
NewJersey4,LS1,Combined,Set1,Draw2,6,col6,Combined|Set1|Draw2|col6,B,own,1,3,1,2,6,1,55221166,8,4,False,2,11,12,7
NewJersey4,LS1,Combined,Set1,Draw2,6,col6,Combined|Set1|Draw2|col6,B,own,1,3,1,2,6,2,221166,6,3,True,2,11,12,7
NewJersey4,LS1,Combined,Set1,Draw2,6,col6,Combined|Set1|Draw2|col6,B,own,1,3,1,2,6,3,221166,6,3,True,2,11,12,7
NewJersey4,LS1,Combined,Set1,Draw2,6,col6,Combined|Set1|Draw2|col6,B,own,1,3,1,2,6,4,66,2,1,True,2,11,12,7
NewJersey4,LS1,Combined,Set1,Draw2,6,col6,Combined|Set1|Draw2|col6,B,own,1,3,1,2,6,5,66,2,1,True,2,11,12,7
NewJersey4,LS1,Combined,Set1,Draw2,6,col6,Combined|Set1|Draw2|col6,B,own,1,3,1,2,6,11,,0,0,False,2,11,12,7
NewJersey4,LS1,Combined,Set1,Draw2,6,col6,Combined|Set1|Draw2|col6,B,combined,1,3,1,2,6,0,55221188667,11,6,False,2,8,9,7
NewJersey4,LS1,Combined,Set1,Draw2,6,col6,Combined|Set1|Draw2|col6,B,combined,1,3,1,2,6,1,55221166,8,4,False,2,8,9,7
NewJersey4,LS1,Combined,Set1,Draw2,6,col6,Combined|Set1|Draw2|col6,B,combined,1,3,1,2,6,2,551166,6,3,True,2,8,9,7
NewJersey4,LS1,Combined,Set1,Draw2,6,col6,Combined|Set1|Draw2|col6,B,combined,1,3,1,2,6,3,1166,4,2,True,2,8,9,7
NewJersey4,LS1,Combined,Set1,Draw2,6,col6,Combined|Set1|Draw2|col6,B,combined,1,3,1,2,6,4,1166,4,2,True,2,8,9,7
NewJersey4,LS1,Combined,Set1,Draw2,6,col6,Combined|Set1|Draw2|col6,B,combined,1,3,1,2,6,7,66,2,1,True,2,8,9,7
NewJersey4,LS1,Combined,Set1,Draw2,6,col6,Combined|Set1|Draw2|col6,B,combined,1,3,1,2,6,8,,0,0,False,2,8,9,7
NewJersey4,LS1,Combined,Set1,Draw2,6,col6,Combined|Set1|Draw2|col6,C,own,1,3,1,2,6,0,55221188667,11,6,False,1,4,5,5
NewJersey4,LS1,Combined,Set1,Draw2,6,col6,Combined|Set1|Draw2|col6,C,own,1,3,1,2,6,1,551166,6,3,True,1,4,5,5
NewJersey4,LS1,Combined,Set1,Draw2,6,col6,Combined|Set1|Draw2|col6,C,own,1,3,1,2,6,2,1166,4,2,True,1,4,5,5
NewJersey4,LS1,Combined,Set1,Draw2,6,col6,Combined|Set1|Draw2|col6,C,own,1,3,1,2,6,3,1166,4,2,True,1,4,5,5
NewJersey4,LS1,Combined,Set1,Draw2,6,col6,Combined|Set1|Draw2|col6,C,own,1,3,1,2,6,4,,0,0,False,1,4,5,5
NewJersey4,LS1,Combined,Set1,Draw2,6,col6,Combined|Set1|Draw2|col6,C,combined,1,3,1,2,6,0,55221188667,11,6,False,1,7,8,6
NewJersey4,LS1,Combined,Set1,Draw2,6,col6,Combined|Set1|Draw2|col6,C,combined,1,3,1,2,6,1,551166,6,3,True,1,7,8,6
NewJersey4,LS1,Combined,Set1,Draw2,6,col6,Combined|Set1|Draw2|col6,C,combined,1,3,1,2,6,2,551166,6,3,True,1,7,8,6
NewJersey4,LS1,Combined,Set1,Draw2,6,col6,Combined|Set1|Draw2|col6,C,combined,1,3,1,2,6,3,1166,4,2,True,1,7,8,6
NewJersey4,LS1,Combined,Set1,Draw2,6,col6,Combined|Set1|Draw2|col6,C,combined,1,3,1,2,6,4,1166,4,2,True,1,7,8,6
NewJersey4,LS1,Combined,Set1,Draw2,6,col6,Combined|Set1|Draw2|col6,C,combined,1,3,1,2,6,7,,0,0,False,1,7,8,6
NewJersey4,LS1,Combined,Set1,Draw2,6,col6,Combined|Set1|Draw2|col6,D,own,1,3,1,2,6,0,55221188667,11,6,False,2,11,12,7
NewJersey4,LS1,Combined,Set1,Draw2,6,col6,Combined|Set1|Draw2|col6,D,own,1,3,1,2,6,1,5521166,7,4,False,2,11,12,7
NewJersey4,LS1,Combined,Set1,Draw2,6,col6,Combined|Set1|Draw2|col6,D,own,1,3,1,2,6,2,21166,5,3,True,2,11,12,7
NewJersey4,LS1,Combined,Set1,Draw2,6,col6,Combined|Set1|Draw2|col6,D,own,1,3,1,2,6,3,21166,5,3,True,2,11,12,7
NewJersey4,LS1,Combined,Set1,Draw2,6,col6,Combined|Set1|Draw2|col6,D,own,1,3,1,2,6,4,6,1,1,True,2,11,12,7
NewJersey4,LS1,Combined,Set1,Draw2,6,col6,Combined|Set1|Draw2|col6,D,own,1,3,1,2,6,5,6,1,1,True,2,11,12,7
NewJersey4,LS1,Combined,Set1,Draw2,6,col6,Combined|Set1|Draw2|col6,D,own,1,3,1,2,6,11,,0,0,False,2,11,12,7
NewJersey4,LS1,Combined,Set1,Draw2,6,col6,Combined|Set1|Draw2|col6,D,combined,1,3,1,2,6,0,55221188667,11,6,False,2,8,9,7
NewJersey4,LS1,Combined,Set1,Draw2,6,col6,Combined|Set1|Draw2|col6,D,combined,1,3,1,2,6,1,5521166,7,4,False,2,8,9,7
NewJersey4,LS1,Combined,Set1,Draw2,6,col6,Combined|Set1|Draw2|col6,D,combined,1,3,1,2,6,2,551166,6,3,True,2,8,9,7
NewJersey4,LS1,Combined,Set1,Draw2,6,col6,Combined|Set1|Draw2|col6,D,combined,1,3,1,2,6,3,1166,4,2,True,2,8,9,7
NewJersey4,LS1,Combined,Set1,Draw2,6,col6,Combined|Set1|Draw2|col6,D,combined,1,3,1,2,6,4,1166,4,2,True,2,8,9,7
NewJersey4,LS1,Combined,Set1,Draw2,6,col6,Combined|Set1|Draw2|col6,D,combined,1,3,1,2,6,7,6,1,1,True,2,8,9,7
NewJersey4,LS1,Combined,Set1,Draw2,6,col6,Combined|Set1|Draw2|col6,D,combined,1,3,1,2,6,8,,0,0,False,2,8,9,7
NewJersey4,LS1,Combined,Set1,Draw2,6,col6,Combined|Set1|Draw2|col6,E,own,1,3,1,2,6,0,55221188667,11,6,False,3,22,23,14
NewJersey4,LS1,Combined,Set1,Draw2,6,col6,Combined|Set1|Draw2|col6,E,own,1,3,1,2,6,1,55221166,8,4,False,3,22,23,14
NewJersey4,LS1,Combined,Set1,Draw2,6,col6,Combined|Set1|Draw2|col6,E,own,1,3,1,2,6,2,5221166,7,4,False,3,22,23,14
NewJersey4,LS1,Combined,Set1,Draw2,6,col6,Combined|Set1|Draw2|col6,E,own,1,3,1,2,6,3,221166,6,3,True,3,22,23,14
NewJersey4,LS1,Combined,Set1,Draw2,6,col6,Combined|Set1|Draw2|col6,E,own,1,3,1,2,6,4,2166,4,3,True,3,22,23,14
NewJersey4,LS1,Combined,Set1,Draw2,6,col6,Combined|Set1|Draw2|col6,E,own,1,3,1,2,6,5,2166,4,3,True,3,22,23,14
NewJersey4,LS1,Combined,Set1,Draw2,6,col6,Combined|Set1|Draw2|col6,E,own,1,3,1,2,6,6,2166,4,3,True,3,22,23,14
NewJersey4,LS1,Combined,Set1,Draw2,6,col6,Combined|Set1|Draw2|col6,E,own,1,3,1,2,6,7,166,3,2,True,3,22,23,14
NewJersey4,LS1,Combined,Set1,Draw2,6,col6,Combined|Set1|Draw2|col6,E,own,1,3,1,2,6,8,166,3,2,True,3,22,23,14
NewJersey4,LS1,Combined,Set1,Draw2,6,col6,Combined|Set1|Draw2|col6,E,own,1,3,1,2,6,11,66,2,1,True,3,22,23,14
NewJersey4,LS1,Combined,Set1,Draw2,6,col6,Combined|Set1|Draw2|col6,E,own,1,3,1,2,6,12,66,2,1,True,3,22,23,14
NewJersey4,LS1,Combined,Set1,Draw2,6,col6,Combined|Set1|Draw2|col6,E,own,1,3,1,2,6,17,6,1,1,True,3,22,23,14
NewJersey4,LS1,Combined,Set1,Draw2,6,col6,Combined|Set1|Draw2|col6,E,own,1,3,1,2,6,18,6,1,1,True,3,22,23,14
NewJersey4,LS1,Combined,Set1,Draw2,6,col6,Combined|Set1|Draw2|col6,E,own,1,3,1,2,6,22,,0,0,False,3,22,23,14
NewJersey4,LS1,Combined,Set1,Draw2,6,col6,Combined|Set1|Draw2|col6,E,combined,1,3,1,2,6,0,55221188667,11,6,False,4,22,23,12
NewJersey4,LS1,Combined,Set1,Draw2,6,col6,Combined|Set1|Draw2|col6,E,combined,1,3,1,2,6,1,55221166,8,4,False,4,22,23,12
NewJersey4,LS1,Combined,Set1,Draw2,6,col6,Combined|Set1|Draw2|col6,E,combined,1,3,1,2,6,2,5521166,7,4,False,4,22,23,12
NewJersey4,LS1,Combined,Set1,Draw2,6,col6,Combined|Set1|Draw2|col6,E,combined,1,3,1,2,6,3,521166,6,4,False,4,22,23,12
NewJersey4,LS1,Combined,Set1,Draw2,6,col6,Combined|Set1|Draw2|col6,E,combined,1,3,1,2,6,4,21166,5,3,True,4,22,23,12
NewJersey4,LS1,Combined,Set1,Draw2,6,col6,Combined|Set1|Draw2|col6,E,combined,1,3,1,2,6,5,21166,5,3,True,4,22,23,12
NewJersey4,LS1,Combined,Set1,Draw2,6,col6,Combined|Set1|Draw2|col6,E,combined,1,3,1,2,6,6,21166,5,3,True,4,22,23,12
NewJersey4,LS1,Combined,Set1,Draw2,6,col6,Combined|Set1|Draw2|col6,E,combined,1,3,1,2,6,7,166,3,2,True,4,22,23,12
NewJersey4,LS1,Combined,Set1,Draw2,6,col6,Combined|Set1|Draw2|col6,E,combined,1,3,1,2,6,8,66,2,1,True,4,22,23,12
NewJersey4,LS1,Combined,Set1,Draw2,6,col6,Combined|Set1|Draw2|col6,E,combined,1,3,1,2,6,9,66,2,1,True,4,22,23,12
NewJersey4,LS1,Combined,Set1,Draw2,6,col6,Combined|Set1|Draw2|col6,E,combined,1,3,1,2,6,21,6,1,1,True,4,22,23,12
NewJersey4,LS1,Combined,Set1,Draw2,6,col6,Combined|Set1|Draw2|col6,E,combined,1,3,1,2,6,22,,0,0,False,4,22,23,12
NewJersey4,LS1,Combined,Set1,Draw2,6,col6,Combined|Set1|Draw2|col6,T,own,1,3,1,2,6,0,55221188667,11,6,False,1,4,29,5
NewJersey4,LS1,Combined,Set1,Draw2,6,col6,Combined|Set1|Draw2|col6,T,own,1,3,1,2,6,1,551166,6,3,True,1,4,29,5
NewJersey4,LS1,Combined,Set1,Draw2,6,col6,Combined|Set1|Draw2|col6,T,own,1,3,1,2,6,2,1166,4,2,True,1,4,29,5
NewJersey4,LS1,Combined,Set1,Draw2,6,col6,Combined|Set1|Draw2|col6,T,own,1,3,1,2,6,3,1166,4,2,True,1,4,29,5
NewJersey4,LS1,Combined,Set1,Draw2,6,col6,Combined|Set1|Draw2|col6,T,own,1,3,1,2,6,4,66,2,1,True,1,4,29,5
NewJersey4,LS1,Combined,Set1,Draw2,6,col6,Combined|Set1|Draw2|col6,T,combined,1,3,1,2,6,0,55221188667,11,6,False,1,7,57,6
NewJersey4,LS1,Combined,Set1,Draw2,6,col6,Combined|Set1|Draw2|col6,T,combined,1,3,1,2,6,1,551166,6,3,True,1,7,57,6
NewJersey4,LS1,Combined,Set1,Draw2,6,col6,Combined|Set1|Draw2|col6,T,combined,1,3,1,2,6,2,551166,6,3,True,1,7,57,6
NewJersey4,LS1,Combined,Set1,Draw2,6,col6,Combined|Set1|Draw2|col6,T,combined,1,3,1,2,6,3,1166,4,2,True,1,7,57,6
NewJersey4,LS1,Combined,Set1,Draw2,6,col6,Combined|Set1|Draw2|col6,T,combined,1,3,1,2,6,4,1166,4,2,True,1,7,57,6
NewJersey4,LS1,Combined,Set1,Draw2,6,col6,Combined|Set1|Draw2|col6,T,combined,1,3,1,2,6,7,66,2,1,True,1,7,57,6
NewJersey4,LS1,Combined,Set1,Draw2,5,col5,Combined|Set1|Draw2|col5,A,own,1,3,1,2,5,0,5221188667,10,6,False,2,4,29,5
NewJersey4,LS1,Combined,Set1,Draw2,5,col5,Combined|Set1|Draw2|col5,A,own,1,3,1,2,5,1,5221166,7,4,False,2,4,29,5
NewJersey4,LS1,Combined,Set1,Draw2,5,col5,Combined|Set1|Draw2|col5,A,own,1,3,1,2,5,2,221166,6,3,True,2,4,29,5
NewJersey4,LS1,Combined,Set1,Draw2,5,col5,Combined|Set1|Draw2|col5,A,own,1,3,1,2,5,3,221166,6,3,True,2,4,29,5
NewJersey4,LS1,Combined,Set1,Draw2,5,col5,Combined|Set1|Draw2|col5,A,own,1,3,1,2,5,4,66,2,1,True,2,4,29,5
NewJersey4,LS1,Combined,Set1,Draw2,5,col5,Combined|Set1|Draw2|col5,A,combined,1,3,1,2,5,0,5221188667,10,6,False,3,7,57,8
NewJersey4,LS1,Combined,Set1,Draw2,5,col5,Combined|Set1|Draw2|col5,A,combined,1,3,1,2,5,1,5221166,7,4,False,3,7,57,8
NewJersey4,LS1,Combined,Set1,Draw2,5,col5,Combined|Set1|Draw2|col5,A,combined,1,3,1,2,5,2,5221166,7,4,False,3,7,57,8
NewJersey4,LS1,Combined,Set1,Draw2,5,col5,Combined|Set1|Draw2|col5,A,combined,1,3,1,2,5,3,221166,6,3,True,3,7,57,8
NewJersey4,LS1,Combined,Set1,Draw2,5,col5,Combined|Set1|Draw2|col5,A,combined,1,3,1,2,5,4,221166,6,3,True,3,7,57,8
NewJersey4,LS1,Combined,Set1,Draw2,5,col5,Combined|Set1|Draw2|col5,A,combined,1,3,1,2,5,5,221166,6,3,True,3,7,57,8
NewJersey4,LS1,Combined,Set1,Draw2,5,col5,Combined|Set1|Draw2|col5,A,combined,1,3,1,2,5,6,221166,6,3,True,3,7,57,8
NewJersey4,LS1,Combined,Set1,Draw2,5,col5,Combined|Set1|Draw2|col5,A,combined,1,3,1,2,5,7,66,2,1,True,3,7,57,8
NewJersey4,LS1,Combined,Set1,Draw2,5,col5,Combined|Set1|Draw2|col5,B,own,1,3,1,2,5,0,5221188667,10,6,False,2,11,12,7
NewJersey4,LS1,Combined,Set1,Draw2,5,col5,Combined|Set1|Draw2|col5,B,own,1,3,1,2,5,1,5221166,7,4,False,2,11,12,7
NewJersey4,LS1,Combined,Set1,Draw2,5,col5,Combined|Set1|Draw2|col5,B,own,1,3,1,2,5,2,221166,6,3,True,2,11,12,7
NewJersey4,LS1,Combined,Set1,Draw2,5,col5,Combined|Set1|Draw2|col5,B,own,1,3,1,2,5,3,221166,6,3,True,2,11,12,7
NewJersey4,LS1,Combined,Set1,Draw2,5,col5,Combined|Set1|Draw2|col5,B,own,1,3,1,2,5,4,66,2,1,True,2,11,12,7
NewJersey4,LS1,Combined,Set1,Draw2,5,col5,Combined|Set1|Draw2|col5,B,own,1,3,1,2,5,5,66,2,1,True,2,11,12,7
NewJersey4,LS1,Combined,Set1,Draw2,5,col5,Combined|Set1|Draw2|col5,B,own,1,3,1,2,5,11,,0,0,False,2,11,12,7
NewJersey4,LS1,Combined,Set1,Draw2,5,col5,Combined|Set1|Draw2|col5,B,combined,1,3,1,2,5,0,5221188667,10,6,False,2,8,9,7
NewJersey4,LS1,Combined,Set1,Draw2,5,col5,Combined|Set1|Draw2|col5,B,combined,1,3,1,2,5,1,5221166,7,4,False,2,8,9,7
NewJersey4,LS1,Combined,Set1,Draw2,5,col5,Combined|Set1|Draw2|col5,B,combined,1,3,1,2,5,2,51166,5,3,True,2,8,9,7
NewJersey4,LS1,Combined,Set1,Draw2,5,col5,Combined|Set1|Draw2|col5,B,combined,1,3,1,2,5,3,1166,4,2,True,2,8,9,7
NewJersey4,LS1,Combined,Set1,Draw2,5,col5,Combined|Set1|Draw2|col5,B,combined,1,3,1,2,5,4,1166,4,2,True,2,8,9,7
NewJersey4,LS1,Combined,Set1,Draw2,5,col5,Combined|Set1|Draw2|col5,B,combined,1,3,1,2,5,7,66,2,1,True,2,8,9,7
NewJersey4,LS1,Combined,Set1,Draw2,5,col5,Combined|Set1|Draw2|col5,B,combined,1,3,1,2,5,8,,0,0,False,2,8,9,7
NewJersey4,LS1,Combined,Set1,Draw2,5,col5,Combined|Set1|Draw2|col5,C,own,1,3,1,2,5,0,5221188667,10,6,False,1,4,5,5
NewJersey4,LS1,Combined,Set1,Draw2,5,col5,Combined|Set1|Draw2|col5,C,own,1,3,1,2,5,1,51166,5,3,True,1,4,5,5
NewJersey4,LS1,Combined,Set1,Draw2,5,col5,Combined|Set1|Draw2|col5,C,own,1,3,1,2,5,2,1166,4,2,True,1,4,5,5
NewJersey4,LS1,Combined,Set1,Draw2,5,col5,Combined|Set1|Draw2|col5,C,own,1,3,1,2,5,3,1166,4,2,True,1,4,5,5
NewJersey4,LS1,Combined,Set1,Draw2,5,col5,Combined|Set1|Draw2|col5,C,own,1,3,1,2,5,4,,0,0,False,1,4,5,5
NewJersey4,LS1,Combined,Set1,Draw2,5,col5,Combined|Set1|Draw2|col5,C,combined,1,3,1,2,5,0,5221188667,10,6,False,1,7,8,6
NewJersey4,LS1,Combined,Set1,Draw2,5,col5,Combined|Set1|Draw2|col5,C,combined,1,3,1,2,5,1,51166,5,3,True,1,7,8,6
NewJersey4,LS1,Combined,Set1,Draw2,5,col5,Combined|Set1|Draw2|col5,C,combined,1,3,1,2,5,2,51166,5,3,True,1,7,8,6
NewJersey4,LS1,Combined,Set1,Draw2,5,col5,Combined|Set1|Draw2|col5,C,combined,1,3,1,2,5,3,1166,4,2,True,1,7,8,6
NewJersey4,LS1,Combined,Set1,Draw2,5,col5,Combined|Set1|Draw2|col5,C,combined,1,3,1,2,5,4,1166,4,2,True,1,7,8,6
NewJersey4,LS1,Combined,Set1,Draw2,5,col5,Combined|Set1|Draw2|col5,C,combined,1,3,1,2,5,7,,0,0,False,1,7,8,6
NewJersey4,LS1,Combined,Set1,Draw2,5,col5,Combined|Set1|Draw2|col5,D,own,1,3,1,2,5,0,5221188667,10,6,False,2,11,12,7
NewJersey4,LS1,Combined,Set1,Draw2,5,col5,Combined|Set1|Draw2|col5,D,own,1,3,1,2,5,1,521166,6,4,False,2,11,12,7
NewJersey4,LS1,Combined,Set1,Draw2,5,col5,Combined|Set1|Draw2|col5,D,own,1,3,1,2,5,2,21166,5,3,True,2,11,12,7
NewJersey4,LS1,Combined,Set1,Draw2,5,col5,Combined|Set1|Draw2|col5,D,own,1,3,1,2,5,3,21166,5,3,True,2,11,12,7
NewJersey4,LS1,Combined,Set1,Draw2,5,col5,Combined|Set1|Draw2|col5,D,own,1,3,1,2,5,4,6,1,1,True,2,11,12,7
NewJersey4,LS1,Combined,Set1,Draw2,5,col5,Combined|Set1|Draw2|col5,D,own,1,3,1,2,5,5,6,1,1,True,2,11,12,7
NewJersey4,LS1,Combined,Set1,Draw2,5,col5,Combined|Set1|Draw2|col5,D,own,1,3,1,2,5,11,,0,0,False,2,11,12,7
NewJersey4,LS1,Combined,Set1,Draw2,5,col5,Combined|Set1|Draw2|col5,D,combined,1,3,1,2,5,0,5221188667,10,6,False,2,8,9,7
NewJersey4,LS1,Combined,Set1,Draw2,5,col5,Combined|Set1|Draw2|col5,D,combined,1,3,1,2,5,1,521166,6,4,False,2,8,9,7
NewJersey4,LS1,Combined,Set1,Draw2,5,col5,Combined|Set1|Draw2|col5,D,combined,1,3,1,2,5,2,51166,5,3,True,2,8,9,7
NewJersey4,LS1,Combined,Set1,Draw2,5,col5,Combined|Set1|Draw2|col5,D,combined,1,3,1,2,5,3,1166,4,2,True,2,8,9,7
NewJersey4,LS1,Combined,Set1,Draw2,5,col5,Combined|Set1|Draw2|col5,D,combined,1,3,1,2,5,4,1166,4,2,True,2,8,9,7
NewJersey4,LS1,Combined,Set1,Draw2,5,col5,Combined|Set1|Draw2|col5,D,combined,1,3,1,2,5,7,6,1,1,True,2,8,9,7
NewJersey4,LS1,Combined,Set1,Draw2,5,col5,Combined|Set1|Draw2|col5,D,combined,1,3,1,2,5,8,,0,0,False,2,8,9,7
NewJersey4,LS1,Combined,Set1,Draw2,5,col5,Combined|Set1|Draw2|col5,E,own,1,3,1,2,5,0,5221188667,10,6,False,2,22,23,14
NewJersey4,LS1,Combined,Set1,Draw2,5,col5,Combined|Set1|Draw2|col5,E,own,1,3,1,2,5,1,5221166,7,4,False,2,22,23,14
NewJersey4,LS1,Combined,Set1,Draw2,5,col5,Combined|Set1|Draw2|col5,E,own,1,3,1,2,5,2,221166,6,3,True,2,22,23,14
NewJersey4,LS1,Combined,Set1,Draw2,5,col5,Combined|Set1|Draw2|col5,E,own,1,3,1,2,5,3,221166,6,3,True,2,22,23,14
NewJersey4,LS1,Combined,Set1,Draw2,5,col5,Combined|Set1|Draw2|col5,E,own,1,3,1,2,5,4,2166,4,3,True,2,22,23,14
NewJersey4,LS1,Combined,Set1,Draw2,5,col5,Combined|Set1|Draw2|col5,E,own,1,3,1,2,5,5,2166,4,3,True,2,22,23,14
NewJersey4,LS1,Combined,Set1,Draw2,5,col5,Combined|Set1|Draw2|col5,E,own,1,3,1,2,5,6,2166,4,3,True,2,22,23,14
NewJersey4,LS1,Combined,Set1,Draw2,5,col5,Combined|Set1|Draw2|col5,E,own,1,3,1,2,5,7,166,3,2,True,2,22,23,14
NewJersey4,LS1,Combined,Set1,Draw2,5,col5,Combined|Set1|Draw2|col5,E,own,1,3,1,2,5,8,166,3,2,True,2,22,23,14
NewJersey4,LS1,Combined,Set1,Draw2,5,col5,Combined|Set1|Draw2|col5,E,own,1,3,1,2,5,11,66,2,1,True,2,22,23,14
NewJersey4,LS1,Combined,Set1,Draw2,5,col5,Combined|Set1|Draw2|col5,E,own,1,3,1,2,5,12,66,2,1,True,2,22,23,14
NewJersey4,LS1,Combined,Set1,Draw2,5,col5,Combined|Set1|Draw2|col5,E,own,1,3,1,2,5,17,6,1,1,True,2,22,23,14
NewJersey4,LS1,Combined,Set1,Draw2,5,col5,Combined|Set1|Draw2|col5,E,own,1,3,1,2,5,18,6,1,1,True,2,22,23,14
NewJersey4,LS1,Combined,Set1,Draw2,5,col5,Combined|Set1|Draw2|col5,E,own,1,3,1,2,5,22,,0,0,False,2,22,23,14
NewJersey4,LS1,Combined,Set1,Draw2,5,col5,Combined|Set1|Draw2|col5,E,combined,1,3,1,2,5,0,5221188667,10,6,False,3,22,23,12
NewJersey4,LS1,Combined,Set1,Draw2,5,col5,Combined|Set1|Draw2|col5,E,combined,1,3,1,2,5,1,5221166,7,4,False,3,22,23,12
NewJersey4,LS1,Combined,Set1,Draw2,5,col5,Combined|Set1|Draw2|col5,E,combined,1,3,1,2,5,2,521166,6,4,False,3,22,23,12
NewJersey4,LS1,Combined,Set1,Draw2,5,col5,Combined|Set1|Draw2|col5,E,combined,1,3,1,2,5,3,21166,5,3,True,3,22,23,12
NewJersey4,LS1,Combined,Set1,Draw2,5,col5,Combined|Set1|Draw2|col5,E,combined,1,3,1,2,5,4,21166,5,3,True,3,22,23,12
NewJersey4,LS1,Combined,Set1,Draw2,5,col5,Combined|Set1|Draw2|col5,E,combined,1,3,1,2,5,5,21166,5,3,True,3,22,23,12
NewJersey4,LS1,Combined,Set1,Draw2,5,col5,Combined|Set1|Draw2|col5,E,combined,1,3,1,2,5,6,21166,5,3,True,3,22,23,12
NewJersey4,LS1,Combined,Set1,Draw2,5,col5,Combined|Set1|Draw2|col5,E,combined,1,3,1,2,5,7,166,3,2,True,3,22,23,12
NewJersey4,LS1,Combined,Set1,Draw2,5,col5,Combined|Set1|Draw2|col5,E,combined,1,3,1,2,5,8,66,2,1,True,3,22,23,12
NewJersey4,LS1,Combined,Set1,Draw2,5,col5,Combined|Set1|Draw2|col5,E,combined,1,3,1,2,5,9,66,2,1,True,3,22,23,12
NewJersey4,LS1,Combined,Set1,Draw2,5,col5,Combined|Set1|Draw2|col5,E,combined,1,3,1,2,5,21,6,1,1,True,3,22,23,12
NewJersey4,LS1,Combined,Set1,Draw2,5,col5,Combined|Set1|Draw2|col5,E,combined,1,3,1,2,5,22,,0,0,False,3,22,23,12
NewJersey4,LS1,Combined,Set1,Draw2,5,col5,Combined|Set1|Draw2|col5,T,own,1,3,1,2,5,0,5221188667,10,6,False,1,4,29,5
NewJersey4,LS1,Combined,Set1,Draw2,5,col5,Combined|Set1|Draw2|col5,T,own,1,3,1,2,5,1,51166,5,3,True,1,4,29,5
NewJersey4,LS1,Combined,Set1,Draw2,5,col5,Combined|Set1|Draw2|col5,T,own,1,3,1,2,5,2,1166,4,2,True,1,4,29,5
NewJersey4,LS1,Combined,Set1,Draw2,5,col5,Combined|Set1|Draw2|col5,T,own,1,3,1,2,5,3,1166,4,2,True,1,4,29,5
NewJersey4,LS1,Combined,Set1,Draw2,5,col5,Combined|Set1|Draw2|col5,T,own,1,3,1,2,5,4,66,2,1,True,1,4,29,5
NewJersey4,LS1,Combined,Set1,Draw2,5,col5,Combined|Set1|Draw2|col5,T,combined,1,3,1,2,5,0,5221188667,10,6,False,1,7,57,6
NewJersey4,LS1,Combined,Set1,Draw2,5,col5,Combined|Set1|Draw2|col5,T,combined,1,3,1,2,5,1,51166,5,3,True,1,7,57,6
NewJersey4,LS1,Combined,Set1,Draw2,5,col5,Combined|Set1|Draw2|col5,T,combined,1,3,1,2,5,2,51166,5,3,True,1,7,57,6
NewJersey4,LS1,Combined,Set1,Draw2,5,col5,Combined|Set1|Draw2|col5,T,combined,1,3,1,2,5,3,1166,4,2,True,1,7,57,6
NewJersey4,LS1,Combined,Set1,Draw2,5,col5,Combined|Set1|Draw2|col5,T,combined,1,3,1,2,5,4,1166,4,2,True,1,7,57,6
NewJersey4,LS1,Combined,Set1,Draw2,5,col5,Combined|Set1|Draw2|col5,T,combined,1,3,1,2,5,7,66,2,1,True,1,7,57,6
NewJersey4,LS1,Combined,Set1,Draw2,4,col4,Combined|Set1|Draw2|col4,A,own,1,3,1,2,4,0,5218667*,8,7,False,4,4,29,5
NewJersey4,LS1,Combined,Set1,Draw2,4,col4,Combined|Set1|Draw2|col4,A,own,1,3,1,2,4,1,52166*,6,5,False,4,4,29,5
NewJersey4,LS1,Combined,Set1,Draw2,4,col4,Combined|Set1|Draw2|col4,A,own,1,3,1,2,4,2,2166*,5,4,False,4,4,29,5
NewJersey4,LS1,Combined,Set1,Draw2,4,col4,Combined|Set1|Draw2|col4,A,own,1,3,1,2,4,3,2166*,5,4,False,4,4,29,5
NewJersey4,LS1,Combined,Set1,Draw2,4,col4,Combined|Set1|Draw2|col4,A,own,1,3,1,2,4,4,66*,3,2,True,4,4,29,5
NewJersey4,LS1,Combined,Set1,Draw2,4,col4,Combined|Set1|Draw2|col4,A,combined,1,3,1,2,4,0,5218667*,8,7,False,7,7,57,8
NewJersey4,LS1,Combined,Set1,Draw2,4,col4,Combined|Set1|Draw2|col4,A,combined,1,3,1,2,4,1,52166*,6,5,False,7,7,57,8
NewJersey4,LS1,Combined,Set1,Draw2,4,col4,Combined|Set1|Draw2|col4,A,combined,1,3,1,2,4,2,52166*,6,5,False,7,7,57,8
NewJersey4,LS1,Combined,Set1,Draw2,4,col4,Combined|Set1|Draw2|col4,A,combined,1,3,1,2,4,3,2166*,5,4,False,7,7,57,8
NewJersey4,LS1,Combined,Set1,Draw2,4,col4,Combined|Set1|Draw2|col4,A,combined,1,3,1,2,4,4,2166*,5,4,False,7,7,57,8
NewJersey4,LS1,Combined,Set1,Draw2,4,col4,Combined|Set1|Draw2|col4,A,combined,1,3,1,2,4,5,2166*,5,4,False,7,7,57,8
NewJersey4,LS1,Combined,Set1,Draw2,4,col4,Combined|Set1|Draw2|col4,A,combined,1,3,1,2,4,6,2166*,5,4,False,7,7,57,8
NewJersey4,LS1,Combined,Set1,Draw2,4,col4,Combined|Set1|Draw2|col4,A,combined,1,3,1,2,4,7,66*,3,2,True,7,7,57,8
NewJersey4,LS1,Combined,Set1,Draw2,4,col4,Combined|Set1|Draw2|col4,B,own,1,3,1,2,4,0,5218667*,8,7,False,4,11,29,7
NewJersey4,LS1,Combined,Set1,Draw2,4,col4,Combined|Set1|Draw2|col4,B,own,1,3,1,2,4,1,52166*,6,5,False,4,11,29,7
NewJersey4,LS1,Combined,Set1,Draw2,4,col4,Combined|Set1|Draw2|col4,B,own,1,3,1,2,4,2,2166*,5,4,False,4,11,29,7
NewJersey4,LS1,Combined,Set1,Draw2,4,col4,Combined|Set1|Draw2|col4,B,own,1,3,1,2,4,3,2166*,5,4,False,4,11,29,7
NewJersey4,LS1,Combined,Set1,Draw2,4,col4,Combined|Set1|Draw2|col4,B,own,1,3,1,2,4,4,66*,3,2,True,4,11,29,7
NewJersey4,LS1,Combined,Set1,Draw2,4,col4,Combined|Set1|Draw2|col4,B,own,1,3,1,2,4,5,66*,3,2,True,4,11,29,7
NewJersey4,LS1,Combined,Set1,Draw2,4,col4,Combined|Set1|Draw2|col4,B,own,1,3,1,2,4,11,*,1,1,True,4,11,29,7
NewJersey4,LS1,Combined,Set1,Draw2,4,col4,Combined|Set1|Draw2|col4,B,combined,1,3,1,2,4,0,5218667*,8,7,False,3,8,57,9
NewJersey4,LS1,Combined,Set1,Draw2,4,col4,Combined|Set1|Draw2|col4,B,combined,1,3,1,2,4,1,52166*,6,5,False,3,8,57,9
NewJersey4,LS1,Combined,Set1,Draw2,4,col4,Combined|Set1|Draw2|col4,B,combined,1,3,1,2,4,2,5166*,5,4,False,3,8,57,9
NewJersey4,LS1,Combined,Set1,Draw2,4,col4,Combined|Set1|Draw2|col4,B,combined,1,3,1,2,4,3,166*,4,3,True,3,8,57,9
NewJersey4,LS1,Combined,Set1,Draw2,4,col4,Combined|Set1|Draw2|col4,B,combined,1,3,1,2,4,4,166*,4,3,True,3,8,57,9
NewJersey4,LS1,Combined,Set1,Draw2,4,col4,Combined|Set1|Draw2|col4,B,combined,1,3,1,2,4,5,166*,4,3,True,3,8,57,9
NewJersey4,LS1,Combined,Set1,Draw2,4,col4,Combined|Set1|Draw2|col4,B,combined,1,3,1,2,4,6,166*,4,3,True,3,8,57,9
NewJersey4,LS1,Combined,Set1,Draw2,4,col4,Combined|Set1|Draw2|col4,B,combined,1,3,1,2,4,7,66*,3,2,True,3,8,57,9
NewJersey4,LS1,Combined,Set1,Draw2,4,col4,Combined|Set1|Draw2|col4,B,combined,1,3,1,2,4,8,*,1,1,True,3,8,57,9
NewJersey4,LS1,Combined,Set1,Draw2,4,col4,Combined|Set1|Draw2|col4,C,own,1,3,1,2,4,0,5218667*,8,7,False,2,4,29,5
NewJersey4,LS1,Combined,Set1,Draw2,4,col4,Combined|Set1|Draw2|col4,C,own,1,3,1,2,4,1,5166*,5,4,False,2,4,29,5
NewJersey4,LS1,Combined,Set1,Draw2,4,col4,Combined|Set1|Draw2|col4,C,own,1,3,1,2,4,2,166*,4,3,True,2,4,29,5
NewJersey4,LS1,Combined,Set1,Draw2,4,col4,Combined|Set1|Draw2|col4,C,own,1,3,1,2,4,3,166*,4,3,True,2,4,29,5
NewJersey4,LS1,Combined,Set1,Draw2,4,col4,Combined|Set1|Draw2|col4,C,own,1,3,1,2,4,4,*,1,1,True,2,4,29,5
NewJersey4,LS1,Combined,Set1,Draw2,4,col4,Combined|Set1|Draw2|col4,C,combined,1,3,1,2,4,0,5218667*,8,7,False,3,7,57,8
NewJersey4,LS1,Combined,Set1,Draw2,4,col4,Combined|Set1|Draw2|col4,C,combined,1,3,1,2,4,1,5166*,5,4,False,3,7,57,8
NewJersey4,LS1,Combined,Set1,Draw2,4,col4,Combined|Set1|Draw2|col4,C,combined,1,3,1,2,4,2,5166*,5,4,False,3,7,57,8
NewJersey4,LS1,Combined,Set1,Draw2,4,col4,Combined|Set1|Draw2|col4,C,combined,1,3,1,2,4,3,166*,4,3,True,3,7,57,8
NewJersey4,LS1,Combined,Set1,Draw2,4,col4,Combined|Set1|Draw2|col4,C,combined,1,3,1,2,4,4,166*,4,3,True,3,7,57,8
NewJersey4,LS1,Combined,Set1,Draw2,4,col4,Combined|Set1|Draw2|col4,C,combined,1,3,1,2,4,5,166*,4,3,True,3,7,57,8
NewJersey4,LS1,Combined,Set1,Draw2,4,col4,Combined|Set1|Draw2|col4,C,combined,1,3,1,2,4,6,166*,4,3,True,3,7,57,8
NewJersey4,LS1,Combined,Set1,Draw2,4,col4,Combined|Set1|Draw2|col4,C,combined,1,3,1,2,4,7,*,1,1,True,3,7,57,8
NewJersey4,LS1,Combined,Set1,Draw2,4,col4,Combined|Set1|Draw2|col4,D,own,1,3,1,2,4,0,5218667*,8,7,False,2,11,29,7
NewJersey4,LS1,Combined,Set1,Draw2,4,col4,Combined|Set1|Draw2|col4,D,own,1,3,1,2,4,1,5166*,5,4,False,2,11,29,7
NewJersey4,LS1,Combined,Set1,Draw2,4,col4,Combined|Set1|Draw2|col4,D,own,1,3,1,2,4,2,166*,4,3,True,2,11,29,7
NewJersey4,LS1,Combined,Set1,Draw2,4,col4,Combined|Set1|Draw2|col4,D,own,1,3,1,2,4,3,166*,4,3,True,2,11,29,7
NewJersey4,LS1,Combined,Set1,Draw2,4,col4,Combined|Set1|Draw2|col4,D,own,1,3,1,2,4,4,6*,2,2,True,2,11,29,7
NewJersey4,LS1,Combined,Set1,Draw2,4,col4,Combined|Set1|Draw2|col4,D,own,1,3,1,2,4,5,6*,2,2,True,2,11,29,7
NewJersey4,LS1,Combined,Set1,Draw2,4,col4,Combined|Set1|Draw2|col4,D,own,1,3,1,2,4,11,*,1,1,True,2,11,29,7
NewJersey4,LS1,Combined,Set1,Draw2,4,col4,Combined|Set1|Draw2|col4,D,combined,1,3,1,2,4,0,5218667*,8,7,False,3,8,57,9
NewJersey4,LS1,Combined,Set1,Draw2,4,col4,Combined|Set1|Draw2|col4,D,combined,1,3,1,2,4,1,5166*,5,4,False,3,8,57,9
NewJersey4,LS1,Combined,Set1,Draw2,4,col4,Combined|Set1|Draw2|col4,D,combined,1,3,1,2,4,2,5166*,5,4,False,3,8,57,9
NewJersey4,LS1,Combined,Set1,Draw2,4,col4,Combined|Set1|Draw2|col4,D,combined,1,3,1,2,4,3,166*,4,3,True,3,8,57,9
NewJersey4,LS1,Combined,Set1,Draw2,4,col4,Combined|Set1|Draw2|col4,D,combined,1,3,1,2,4,4,166*,4,3,True,3,8,57,9
NewJersey4,LS1,Combined,Set1,Draw2,4,col4,Combined|Set1|Draw2|col4,D,combined,1,3,1,2,4,5,166*,4,3,True,3,8,57,9
NewJersey4,LS1,Combined,Set1,Draw2,4,col4,Combined|Set1|Draw2|col4,D,combined,1,3,1,2,4,6,166*,4,3,True,3,8,57,9
NewJersey4,LS1,Combined,Set1,Draw2,4,col4,Combined|Set1|Draw2|col4,D,combined,1,3,1,2,4,7,6*,2,2,True,3,8,57,9
NewJersey4,LS1,Combined,Set1,Draw2,4,col4,Combined|Set1|Draw2|col4,D,combined,1,3,1,2,4,8,*,1,1,True,3,8,57,9
NewJersey4,LS1,Combined,Set1,Draw2,4,col4,Combined|Set1|Draw2|col4,E,own,1,3,1,2,4,0,5218667*,8,7,False,4,17,29,9
NewJersey4,LS1,Combined,Set1,Draw2,4,col4,Combined|Set1|Draw2|col4,E,own,1,3,1,2,4,1,52166*,6,5,False,4,17,29,9
NewJersey4,LS1,Combined,Set1,Draw2,4,col4,Combined|Set1|Draw2|col4,E,own,1,3,1,2,4,2,2166*,5,4,False,4,17,29,9
NewJersey4,LS1,Combined,Set1,Draw2,4,col4,Combined|Set1|Draw2|col4,E,own,1,3,1,2,4,3,2166*,5,4,False,4,17,29,9
NewJersey4,LS1,Combined,Set1,Draw2,4,col4,Combined|Set1|Draw2|col4,E,own,1,3,1,2,4,4,66*,3,2,True,4,17,29,9
NewJersey4,LS1,Combined,Set1,Draw2,4,col4,Combined|Set1|Draw2|col4,E,own,1,3,1,2,4,5,66*,3,2,True,4,17,29,9
NewJersey4,LS1,Combined,Set1,Draw2,4,col4,Combined|Set1|Draw2|col4,E,own,1,3,1,2,4,11,6*,2,2,True,4,17,29,9
NewJersey4,LS1,Combined,Set1,Draw2,4,col4,Combined|Set1|Draw2|col4,E,own,1,3,1,2,4,12,6*,2,2,True,4,17,29,9
NewJersey4,LS1,Combined,Set1,Draw2,4,col4,Combined|Set1|Draw2|col4,E,own,1,3,1,2,4,17,*,1,1,True,4,17,29,9
NewJersey4,LS1,Combined,Set1,Draw2,4,col4,Combined|Set1|Draw2|col4,E,combined,1,3,1,2,4,0,5218667*,8,7,False,3,21,57,11
NewJersey4,LS1,Combined,Set1,Draw2,4,col4,Combined|Set1|Draw2|col4,E,combined,1,3,1,2,4,1,52166*,6,5,False,3,21,57,11
NewJersey4,LS1,Combined,Set1,Draw2,4,col4,Combined|Set1|Draw2|col4,E,combined,1,3,1,2,4,2,5166*,5,4,False,3,21,57,11
NewJersey4,LS1,Combined,Set1,Draw2,4,col4,Combined|Set1|Draw2|col4,E,combined,1,3,1,2,4,3,166*,4,3,True,3,21,57,11
NewJersey4,LS1,Combined,Set1,Draw2,4,col4,Combined|Set1|Draw2|col4,E,combined,1,3,1,2,4,4,166*,4,3,True,3,21,57,11
NewJersey4,LS1,Combined,Set1,Draw2,4,col4,Combined|Set1|Draw2|col4,E,combined,1,3,1,2,4,5,166*,4,3,True,3,21,57,11
NewJersey4,LS1,Combined,Set1,Draw2,4,col4,Combined|Set1|Draw2|col4,E,combined,1,3,1,2,4,6,166*,4,3,True,3,21,57,11
NewJersey4,LS1,Combined,Set1,Draw2,4,col4,Combined|Set1|Draw2|col4,E,combined,1,3,1,2,4,7,66*,3,2,True,3,21,57,11
NewJersey4,LS1,Combined,Set1,Draw2,4,col4,Combined|Set1|Draw2|col4,E,combined,1,3,1,2,4,8,6*,2,2,True,3,21,57,11
NewJersey4,LS1,Combined,Set1,Draw2,4,col4,Combined|Set1|Draw2|col4,E,combined,1,3,1,2,4,9,6*,2,2,True,3,21,57,11
NewJersey4,LS1,Combined,Set1,Draw2,4,col4,Combined|Set1|Draw2|col4,E,combined,1,3,1,2,4,21,*,1,1,True,3,21,57,11
NewJersey4,LS1,Combined,Set1,Draw2,4,col4,Combined|Set1|Draw2|col4,T,own,1,3,1,2,4,0,5218667*,8,7,False,2,4,29,5
NewJersey4,LS1,Combined,Set1,Draw2,4,col4,Combined|Set1|Draw2|col4,T,own,1,3,1,2,4,1,5166*,5,4,False,2,4,29,5
NewJersey4,LS1,Combined,Set1,Draw2,4,col4,Combined|Set1|Draw2|col4,T,own,1,3,1,2,4,2,166*,4,3,True,2,4,29,5
NewJersey4,LS1,Combined,Set1,Draw2,4,col4,Combined|Set1|Draw2|col4,T,own,1,3,1,2,4,3,166*,4,3,True,2,4,29,5
NewJersey4,LS1,Combined,Set1,Draw2,4,col4,Combined|Set1|Draw2|col4,T,own,1,3,1,2,4,4,66*,3,2,True,2,4,29,5
NewJersey4,LS1,Combined,Set1,Draw2,4,col4,Combined|Set1|Draw2|col4,T,combined,1,3,1,2,4,0,5218667*,8,7,False,3,7,57,8
NewJersey4,LS1,Combined,Set1,Draw2,4,col4,Combined|Set1|Draw2|col4,T,combined,1,3,1,2,4,1,5166*,5,4,False,3,7,57,8
NewJersey4,LS1,Combined,Set1,Draw2,4,col4,Combined|Set1|Draw2|col4,T,combined,1,3,1,2,4,2,5166*,5,4,False,3,7,57,8
NewJersey4,LS1,Combined,Set1,Draw2,4,col4,Combined|Set1|Draw2|col4,T,combined,1,3,1,2,4,3,166*,4,3,True,3,7,57,8
NewJersey4,LS1,Combined,Set1,Draw2,4,col4,Combined|Set1|Draw2|col4,T,combined,1,3,1,2,4,4,166*,4,3,True,3,7,57,8
NewJersey4,LS1,Combined,Set1,Draw2,4,col4,Combined|Set1|Draw2|col4,T,combined,1,3,1,2,4,5,166*,4,3,True,3,7,57,8
NewJersey4,LS1,Combined,Set1,Draw2,4,col4,Combined|Set1|Draw2|col4,T,combined,1,3,1,2,4,6,166*,4,3,True,3,7,57,8
NewJersey4,LS1,Combined,Set1,Draw2,4,col4,Combined|Set1|Draw2|col4,T,combined,1,3,1,2,4,7,66*,3,2,True,3,7,57,8
NewJersey4,LS1,Combined,Set1,Draw3,5,col5,Combined|Set1|Draw3|col5,A,own,1,3,1,3,5,0,522011388667,12,8,False,4,7,29,8
NewJersey4,LS1,Combined,Set1,Draw3,5,col5,Combined|Set1|Draw3|col5,A,own,1,3,1,3,5,1,522011366,9,6,False,4,7,29,8
NewJersey4,LS1,Combined,Set1,Draw3,5,col5,Combined|Set1|Draw3|col5,A,own,1,3,1,3,5,2,22011366,8,5,False,4,7,29,8
NewJersey4,LS1,Combined,Set1,Draw3,5,col5,Combined|Set1|Draw3|col5,A,own,1,3,1,3,5,3,22011366,8,5,False,4,7,29,8
NewJersey4,LS1,Combined,Set1,Draw3,5,col5,Combined|Set1|Draw3|col5,A,own,1,3,1,3,5,4,0366,4,3,True,4,7,29,8
NewJersey4,LS1,Combined,Set1,Draw3,5,col5,Combined|Set1|Draw3|col5,A,own,1,3,1,3,5,5,0366,4,3,True,4,7,29,8
NewJersey4,LS1,Combined,Set1,Draw3,5,col5,Combined|Set1|Draw3|col5,A,own,1,3,1,3,5,6,066,3,2,True,4,7,29,8
NewJersey4,LS1,Combined,Set1,Draw3,5,col5,Combined|Set1|Draw3|col5,A,own,1,3,1,3,5,7,66,2,1,True,4,7,29,8
NewJersey4,LS1,Combined,Set1,Draw3,5,col5,Combined|Set1|Draw3|col5,A,combined,1,3,1,3,5,0,522011388667,12,8,False,7,13,57,14
NewJersey4,LS1,Combined,Set1,Draw3,5,col5,Combined|Set1|Draw3|col5,A,combined,1,3,1,3,5,1,522011366,9,6,False,7,13,57,14
NewJersey4,LS1,Combined,Set1,Draw3,5,col5,Combined|Set1|Draw3|col5,A,combined,1,3,1,3,5,2,522011366,9,6,False,7,13,57,14
NewJersey4,LS1,Combined,Set1,Draw3,5,col5,Combined|Set1|Draw3|col5,A,combined,1,3,1,3,5,3,22011366,8,5,False,7,13,57,14
NewJersey4,LS1,Combined,Set1,Draw3,5,col5,Combined|Set1|Draw3|col5,A,combined,1,3,1,3,5,4,22011366,8,5,False,7,13,57,14
NewJersey4,LS1,Combined,Set1,Draw3,5,col5,Combined|Set1|Draw3|col5,A,combined,1,3,1,3,5,5,22011366,8,5,False,7,13,57,14
NewJersey4,LS1,Combined,Set1,Draw3,5,col5,Combined|Set1|Draw3|col5,A,combined,1,3,1,3,5,6,22011366,8,5,False,7,13,57,14
NewJersey4,LS1,Combined,Set1,Draw3,5,col5,Combined|Set1|Draw3|col5,A,combined,1,3,1,3,5,7,0366,4,3,True,7,13,57,14
NewJersey4,LS1,Combined,Set1,Draw3,5,col5,Combined|Set1|Draw3|col5,A,combined,1,3,1,3,5,8,0366,4,3,True,7,13,57,14
NewJersey4,LS1,Combined,Set1,Draw3,5,col5,Combined|Set1|Draw3|col5,A,combined,1,3,1,3,5,9,0366,4,3,True,7,13,57,14
NewJersey4,LS1,Combined,Set1,Draw3,5,col5,Combined|Set1|Draw3|col5,A,combined,1,3,1,3,5,10,0366,4,3,True,7,13,57,14
NewJersey4,LS1,Combined,Set1,Draw3,5,col5,Combined|Set1|Draw3|col5,A,combined,1,3,1,3,5,11,066,3,2,True,7,13,57,14
NewJersey4,LS1,Combined,Set1,Draw3,5,col5,Combined|Set1|Draw3|col5,A,combined,1,3,1,3,5,12,066,3,2,True,7,13,57,14
NewJersey4,LS1,Combined,Set1,Draw3,5,col5,Combined|Set1|Draw3|col5,A,combined,1,3,1,3,5,13,66,2,1,True,7,13,57,14
NewJersey4,LS1,Combined,Set1,Draw3,5,col5,Combined|Set1|Draw3|col5,B,own,1,3,1,3,5,0,522011388667,12,8,False,3,11,12,7
NewJersey4,LS1,Combined,Set1,Draw3,5,col5,Combined|Set1|Draw3|col5,B,own,1,3,1,3,5,1,52201166,8,5,False,3,11,12,7
NewJersey4,LS1,Combined,Set1,Draw3,5,col5,Combined|Set1|Draw3|col5,B,own,1,3,1,3,5,2,2201166,7,4,False,3,11,12,7
NewJersey4,LS1,Combined,Set1,Draw3,5,col5,Combined|Set1|Draw3|col5,B,own,1,3,1,3,5,3,221166,6,3,True,3,11,12,7
NewJersey4,LS1,Combined,Set1,Draw3,5,col5,Combined|Set1|Draw3|col5,B,own,1,3,1,3,5,4,66,2,1,True,3,11,12,7
NewJersey4,LS1,Combined,Set1,Draw3,5,col5,Combined|Set1|Draw3|col5,B,own,1,3,1,3,5,5,66,2,1,True,3,11,12,7
NewJersey4,LS1,Combined,Set1,Draw3,5,col5,Combined|Set1|Draw3|col5,B,own,1,3,1,3,5,11,,0,0,False,3,11,12,7
NewJersey4,LS1,Combined,Set1,Draw3,5,col5,Combined|Set1|Draw3|col5,B,combined,1,3,1,3,5,0,522011388667,12,8,False,3,8,9,8
NewJersey4,LS1,Combined,Set1,Draw3,5,col5,Combined|Set1|Draw3|col5,B,combined,1,3,1,3,5,1,52201166,8,5,False,3,8,9,8
NewJersey4,LS1,Combined,Set1,Draw3,5,col5,Combined|Set1|Draw3|col5,B,combined,1,3,1,3,5,2,501166,6,4,False,3,8,9,8
NewJersey4,LS1,Combined,Set1,Draw3,5,col5,Combined|Set1|Draw3|col5,B,combined,1,3,1,3,5,3,01166,5,3,True,3,8,9,8
NewJersey4,LS1,Combined,Set1,Draw3,5,col5,Combined|Set1|Draw3|col5,B,combined,1,3,1,3,5,4,1166,4,2,True,3,8,9,8
NewJersey4,LS1,Combined,Set1,Draw3,5,col5,Combined|Set1|Draw3|col5,B,combined,1,3,1,3,5,5,1166,4,2,True,3,8,9,8
NewJersey4,LS1,Combined,Set1,Draw3,5,col5,Combined|Set1|Draw3|col5,B,combined,1,3,1,3,5,7,66,2,1,True,3,8,9,8
NewJersey4,LS1,Combined,Set1,Draw3,5,col5,Combined|Set1|Draw3|col5,B,combined,1,3,1,3,5,8,,0,0,False,3,8,9,8
NewJersey4,LS1,Combined,Set1,Draw3,5,col5,Combined|Set1|Draw3|col5,C,own,1,3,1,3,5,0,522011388667,12,8,False,2,4,5,5
NewJersey4,LS1,Combined,Set1,Draw3,5,col5,Combined|Set1|Draw3|col5,C,own,1,3,1,3,5,1,501166,6,4,False,2,4,5,5
NewJersey4,LS1,Combined,Set1,Draw3,5,col5,Combined|Set1|Draw3|col5,C,own,1,3,1,3,5,2,1166,4,2,True,2,4,5,5
NewJersey4,LS1,Combined,Set1,Draw3,5,col5,Combined|Set1|Draw3|col5,C,own,1,3,1,3,5,3,1166,4,2,True,2,4,5,5
NewJersey4,LS1,Combined,Set1,Draw3,5,col5,Combined|Set1|Draw3|col5,C,own,1,3,1,3,5,4,,0,0,False,2,4,5,5
NewJersey4,LS1,Combined,Set1,Draw3,5,col5,Combined|Set1|Draw3|col5,C,combined,1,3,1,3,5,0,522011388667,12,8,False,3,7,8,6
NewJersey4,LS1,Combined,Set1,Draw3,5,col5,Combined|Set1|Draw3|col5,C,combined,1,3,1,3,5,1,501166,6,4,False,3,7,8,6
NewJersey4,LS1,Combined,Set1,Draw3,5,col5,Combined|Set1|Draw3|col5,C,combined,1,3,1,3,5,2,501166,6,4,False,3,7,8,6
NewJersey4,LS1,Combined,Set1,Draw3,5,col5,Combined|Set1|Draw3|col5,C,combined,1,3,1,3,5,3,1166,4,2,True,3,7,8,6
NewJersey4,LS1,Combined,Set1,Draw3,5,col5,Combined|Set1|Draw3|col5,C,combined,1,3,1,3,5,4,1166,4,2,True,3,7,8,6
NewJersey4,LS1,Combined,Set1,Draw3,5,col5,Combined|Set1|Draw3|col5,C,combined,1,3,1,3,5,7,,0,0,False,3,7,8,6
NewJersey4,LS1,Combined,Set1,Draw3,5,col5,Combined|Set1|Draw3|col5,D,own,1,3,1,3,5,0,522011388667,12,8,False,2,11,12,7
NewJersey4,LS1,Combined,Set1,Draw3,5,col5,Combined|Set1|Draw3|col5,D,own,1,3,1,3,5,1,5201166,7,5,False,2,11,12,7
NewJersey4,LS1,Combined,Set1,Draw3,5,col5,Combined|Set1|Draw3|col5,D,own,1,3,1,3,5,2,21166,5,3,True,2,11,12,7
NewJersey4,LS1,Combined,Set1,Draw3,5,col5,Combined|Set1|Draw3|col5,D,own,1,3,1,3,5,3,21166,5,3,True,2,11,12,7
NewJersey4,LS1,Combined,Set1,Draw3,5,col5,Combined|Set1|Draw3|col5,D,own,1,3,1,3,5,4,6,1,1,True,2,11,12,7
NewJersey4,LS1,Combined,Set1,Draw3,5,col5,Combined|Set1|Draw3|col5,D,own,1,3,1,3,5,5,6,1,1,True,2,11,12,7
NewJersey4,LS1,Combined,Set1,Draw3,5,col5,Combined|Set1|Draw3|col5,D,own,1,3,1,3,5,11,,0,0,False,2,11,12,7
NewJersey4,LS1,Combined,Set1,Draw3,5,col5,Combined|Set1|Draw3|col5,D,combined,1,3,1,3,5,0,522011388667,12,8,False,3,8,9,7
NewJersey4,LS1,Combined,Set1,Draw3,5,col5,Combined|Set1|Draw3|col5,D,combined,1,3,1,3,5,1,5201166,7,5,False,3,8,9,7
NewJersey4,LS1,Combined,Set1,Draw3,5,col5,Combined|Set1|Draw3|col5,D,combined,1,3,1,3,5,2,501166,6,4,False,3,8,9,7
NewJersey4,LS1,Combined,Set1,Draw3,5,col5,Combined|Set1|Draw3|col5,D,combined,1,3,1,3,5,3,1166,4,2,True,3,8,9,7
NewJersey4,LS1,Combined,Set1,Draw3,5,col5,Combined|Set1|Draw3|col5,D,combined,1,3,1,3,5,4,1166,4,2,True,3,8,9,7
NewJersey4,LS1,Combined,Set1,Draw3,5,col5,Combined|Set1|Draw3|col5,D,combined,1,3,1,3,5,7,6,1,1,True,3,8,9,7
NewJersey4,LS1,Combined,Set1,Draw3,5,col5,Combined|Set1|Draw3|col5,D,combined,1,3,1,3,5,8,,0,0,False,3,8,9,7
NewJersey4,LS1,Combined,Set1,Draw3,5,col5,Combined|Set1|Draw3|col5,E,own,1,3,1,3,5,0,522011388667,12,8,False,3,22,23,14
NewJersey4,LS1,Combined,Set1,Draw3,5,col5,Combined|Set1|Draw3|col5,E,own,1,3,1,3,5,1,522011366,9,6,False,3,22,23,14
NewJersey4,LS1,Combined,Set1,Draw3,5,col5,Combined|Set1|Draw3|col5,E,own,1,3,1,3,5,2,2201166,7,4,False,3,22,23,14
NewJersey4,LS1,Combined,Set1,Draw3,5,col5,Combined|Set1|Draw3|col5,E,own,1,3,1,3,5,3,221166,6,3,True,3,22,23,14
NewJersey4,LS1,Combined,Set1,Draw3,5,col5,Combined|Set1|Draw3|col5,E,own,1,3,1,3,5,4,2166,4,3,True,3,22,23,14
NewJersey4,LS1,Combined,Set1,Draw3,5,col5,Combined|Set1|Draw3|col5,E,own,1,3,1,3,5,5,2166,4,3,True,3,22,23,14
NewJersey4,LS1,Combined,Set1,Draw3,5,col5,Combined|Set1|Draw3|col5,E,own,1,3,1,3,5,6,2166,4,3,True,3,22,23,14
NewJersey4,LS1,Combined,Set1,Draw3,5,col5,Combined|Set1|Draw3|col5,E,own,1,3,1,3,5,7,166,3,2,True,3,22,23,14
NewJersey4,LS1,Combined,Set1,Draw3,5,col5,Combined|Set1|Draw3|col5,E,own,1,3,1,3,5,8,166,3,2,True,3,22,23,14
NewJersey4,LS1,Combined,Set1,Draw3,5,col5,Combined|Set1|Draw3|col5,E,own,1,3,1,3,5,11,66,2,1,True,3,22,23,14
NewJersey4,LS1,Combined,Set1,Draw3,5,col5,Combined|Set1|Draw3|col5,E,own,1,3,1,3,5,12,66,2,1,True,3,22,23,14
NewJersey4,LS1,Combined,Set1,Draw3,5,col5,Combined|Set1|Draw3|col5,E,own,1,3,1,3,5,17,6,1,1,True,3,22,23,14
NewJersey4,LS1,Combined,Set1,Draw3,5,col5,Combined|Set1|Draw3|col5,E,own,1,3,1,3,5,18,6,1,1,True,3,22,23,14
NewJersey4,LS1,Combined,Set1,Draw3,5,col5,Combined|Set1|Draw3|col5,E,own,1,3,1,3,5,22,,0,0,False,3,22,23,14
NewJersey4,LS1,Combined,Set1,Draw3,5,col5,Combined|Set1|Draw3|col5,E,combined,1,3,1,3,5,0,522011388667,12,8,False,4,22,23,12
NewJersey4,LS1,Combined,Set1,Draw3,5,col5,Combined|Set1|Draw3|col5,E,combined,1,3,1,3,5,1,522011366,9,6,False,4,22,23,12
NewJersey4,LS1,Combined,Set1,Draw3,5,col5,Combined|Set1|Draw3|col5,E,combined,1,3,1,3,5,2,5201166,7,5,False,4,22,23,12
NewJersey4,LS1,Combined,Set1,Draw3,5,col5,Combined|Set1|Draw3|col5,E,combined,1,3,1,3,5,3,201166,6,4,False,4,22,23,12
NewJersey4,LS1,Combined,Set1,Draw3,5,col5,Combined|Set1|Draw3|col5,E,combined,1,3,1,3,5,4,21166,5,3,True,4,22,23,12
NewJersey4,LS1,Combined,Set1,Draw3,5,col5,Combined|Set1|Draw3|col5,E,combined,1,3,1,3,5,5,21166,5,3,True,4,22,23,12
NewJersey4,LS1,Combined,Set1,Draw3,5,col5,Combined|Set1|Draw3|col5,E,combined,1,3,1,3,5,6,21166,5,3,True,4,22,23,12
NewJersey4,LS1,Combined,Set1,Draw3,5,col5,Combined|Set1|Draw3|col5,E,combined,1,3,1,3,5,7,166,3,2,True,4,22,23,12
NewJersey4,LS1,Combined,Set1,Draw3,5,col5,Combined|Set1|Draw3|col5,E,combined,1,3,1,3,5,8,66,2,1,True,4,22,23,12
NewJersey4,LS1,Combined,Set1,Draw3,5,col5,Combined|Set1|Draw3|col5,E,combined,1,3,1,3,5,9,66,2,1,True,4,22,23,12
NewJersey4,LS1,Combined,Set1,Draw3,5,col5,Combined|Set1|Draw3|col5,E,combined,1,3,1,3,5,21,6,1,1,True,4,22,23,12
NewJersey4,LS1,Combined,Set1,Draw3,5,col5,Combined|Set1|Draw3|col5,E,combined,1,3,1,3,5,22,,0,0,False,4,22,23,12
NewJersey4,LS1,Combined,Set1,Draw3,5,col5,Combined|Set1|Draw3|col5,T,own,1,3,1,3,5,0,522011388667,12,8,False,2,4,29,5
NewJersey4,LS1,Combined,Set1,Draw3,5,col5,Combined|Set1|Draw3|col5,T,own,1,3,1,3,5,1,501166,6,4,False,2,4,29,5
NewJersey4,LS1,Combined,Set1,Draw3,5,col5,Combined|Set1|Draw3|col5,T,own,1,3,1,3,5,2,1166,4,2,True,2,4,29,5
NewJersey4,LS1,Combined,Set1,Draw3,5,col5,Combined|Set1|Draw3|col5,T,own,1,3,1,3,5,3,1166,4,2,True,2,4,29,5
NewJersey4,LS1,Combined,Set1,Draw3,5,col5,Combined|Set1|Draw3|col5,T,own,1,3,1,3,5,4,66,2,1,True,2,4,29,5
NewJersey4,LS1,Combined,Set1,Draw3,5,col5,Combined|Set1|Draw3|col5,T,combined,1,3,1,3,5,0,522011388667,12,8,False,3,7,57,6
NewJersey4,LS1,Combined,Set1,Draw3,5,col5,Combined|Set1|Draw3|col5,T,combined,1,3,1,3,5,1,501166,6,4,False,3,7,57,6
NewJersey4,LS1,Combined,Set1,Draw3,5,col5,Combined|Set1|Draw3|col5,T,combined,1,3,1,3,5,2,501166,6,4,False,3,7,57,6
NewJersey4,LS1,Combined,Set1,Draw3,5,col5,Combined|Set1|Draw3|col5,T,combined,1,3,1,3,5,3,1166,4,2,True,3,7,57,6
NewJersey4,LS1,Combined,Set1,Draw3,5,col5,Combined|Set1|Draw3|col5,T,combined,1,3,1,3,5,4,1166,4,2,True,3,7,57,6
NewJersey4,LS1,Combined,Set1,Draw3,5,col5,Combined|Set1|Draw3|col5,T,combined,1,3,1,3,5,7,66,2,1,True,3,7,57,6
NewJersey4,LS1,Combined,Set1,Draw3,4,col4,Combined|Set1|Draw3|col4,A,own,1,3,1,3,4,0,520138667,9,8,False,4,7,29,8
NewJersey4,LS1,Combined,Set1,Draw3,4,col4,Combined|Set1|Draw3|col4,A,own,1,3,1,3,4,1,5201366,7,6,False,4,7,29,8
NewJersey4,LS1,Combined,Set1,Draw3,4,col4,Combined|Set1|Draw3|col4,A,own,1,3,1,3,4,2,201366,6,5,False,4,7,29,8
NewJersey4,LS1,Combined,Set1,Draw3,4,col4,Combined|Set1|Draw3|col4,A,own,1,3,1,3,4,3,201366,6,5,False,4,7,29,8
NewJersey4,LS1,Combined,Set1,Draw3,4,col4,Combined|Set1|Draw3|col4,A,own,1,3,1,3,4,4,0366,4,3,True,4,7,29,8
NewJersey4,LS1,Combined,Set1,Draw3,4,col4,Combined|Set1|Draw3|col4,A,own,1,3,1,3,4,5,0366,4,3,True,4,7,29,8
NewJersey4,LS1,Combined,Set1,Draw3,4,col4,Combined|Set1|Draw3|col4,A,own,1,3,1,3,4,6,066,3,2,True,4,7,29,8
NewJersey4,LS1,Combined,Set1,Draw3,4,col4,Combined|Set1|Draw3|col4,A,own,1,3,1,3,4,7,66,2,1,True,4,7,29,8
NewJersey4,LS1,Combined,Set1,Draw3,4,col4,Combined|Set1|Draw3|col4,A,combined,1,3,1,3,4,0,520138667,9,8,False,7,13,57,14
NewJersey4,LS1,Combined,Set1,Draw3,4,col4,Combined|Set1|Draw3|col4,A,combined,1,3,1,3,4,1,5201366,7,6,False,7,13,57,14
NewJersey4,LS1,Combined,Set1,Draw3,4,col4,Combined|Set1|Draw3|col4,A,combined,1,3,1,3,4,2,5201366,7,6,False,7,13,57,14
NewJersey4,LS1,Combined,Set1,Draw3,4,col4,Combined|Set1|Draw3|col4,A,combined,1,3,1,3,4,3,201366,6,5,False,7,13,57,14
NewJersey4,LS1,Combined,Set1,Draw3,4,col4,Combined|Set1|Draw3|col4,A,combined,1,3,1,3,4,4,201366,6,5,False,7,13,57,14
NewJersey4,LS1,Combined,Set1,Draw3,4,col4,Combined|Set1|Draw3|col4,A,combined,1,3,1,3,4,5,201366,6,5,False,7,13,57,14
NewJersey4,LS1,Combined,Set1,Draw3,4,col4,Combined|Set1|Draw3|col4,A,combined,1,3,1,3,4,6,201366,6,5,False,7,13,57,14
NewJersey4,LS1,Combined,Set1,Draw3,4,col4,Combined|Set1|Draw3|col4,A,combined,1,3,1,3,4,7,0366,4,3,True,7,13,57,14
NewJersey4,LS1,Combined,Set1,Draw3,4,col4,Combined|Set1|Draw3|col4,A,combined,1,3,1,3,4,8,0366,4,3,True,7,13,57,14
NewJersey4,LS1,Combined,Set1,Draw3,4,col4,Combined|Set1|Draw3|col4,A,combined,1,3,1,3,4,9,0366,4,3,True,7,13,57,14
NewJersey4,LS1,Combined,Set1,Draw3,4,col4,Combined|Set1|Draw3|col4,A,combined,1,3,1,3,4,10,0366,4,3,True,7,13,57,14
NewJersey4,LS1,Combined,Set1,Draw3,4,col4,Combined|Set1|Draw3|col4,A,combined,1,3,1,3,4,11,066,3,2,True,7,13,57,14
NewJersey4,LS1,Combined,Set1,Draw3,4,col4,Combined|Set1|Draw3|col4,A,combined,1,3,1,3,4,12,066,3,2,True,7,13,57,14
NewJersey4,LS1,Combined,Set1,Draw3,4,col4,Combined|Set1|Draw3|col4,A,combined,1,3,1,3,4,13,66,2,1,True,7,13,57,14
NewJersey4,LS1,Combined,Set1,Draw3,4,col4,Combined|Set1|Draw3|col4,B,own,1,3,1,3,4,0,520138667,9,8,False,3,11,12,7
NewJersey4,LS1,Combined,Set1,Draw3,4,col4,Combined|Set1|Draw3|col4,B,own,1,3,1,3,4,1,520166,6,5,False,3,11,12,7
NewJersey4,LS1,Combined,Set1,Draw3,4,col4,Combined|Set1|Draw3|col4,B,own,1,3,1,3,4,2,20166,5,4,False,3,11,12,7
NewJersey4,LS1,Combined,Set1,Draw3,4,col4,Combined|Set1|Draw3|col4,B,own,1,3,1,3,4,3,2166,4,3,True,3,11,12,7
NewJersey4,LS1,Combined,Set1,Draw3,4,col4,Combined|Set1|Draw3|col4,B,own,1,3,1,3,4,4,66,2,1,True,3,11,12,7
NewJersey4,LS1,Combined,Set1,Draw3,4,col4,Combined|Set1|Draw3|col4,B,own,1,3,1,3,4,5,66,2,1,True,3,11,12,7
NewJersey4,LS1,Combined,Set1,Draw3,4,col4,Combined|Set1|Draw3|col4,B,own,1,3,1,3,4,11,,0,0,False,3,11,12,7
NewJersey4,LS1,Combined,Set1,Draw3,4,col4,Combined|Set1|Draw3|col4,B,combined,1,3,1,3,4,0,520138667,9,8,False,3,8,9,8
NewJersey4,LS1,Combined,Set1,Draw3,4,col4,Combined|Set1|Draw3|col4,B,combined,1,3,1,3,4,1,520166,6,5,False,3,8,9,8
NewJersey4,LS1,Combined,Set1,Draw3,4,col4,Combined|Set1|Draw3|col4,B,combined,1,3,1,3,4,2,50166,5,4,False,3,8,9,8
NewJersey4,LS1,Combined,Set1,Draw3,4,col4,Combined|Set1|Draw3|col4,B,combined,1,3,1,3,4,3,0166,4,3,True,3,8,9,8
NewJersey4,LS1,Combined,Set1,Draw3,4,col4,Combined|Set1|Draw3|col4,B,combined,1,3,1,3,4,4,166,3,2,True,3,8,9,8
NewJersey4,LS1,Combined,Set1,Draw3,4,col4,Combined|Set1|Draw3|col4,B,combined,1,3,1,3,4,5,166,3,2,True,3,8,9,8
NewJersey4,LS1,Combined,Set1,Draw3,4,col4,Combined|Set1|Draw3|col4,B,combined,1,3,1,3,4,7,66,2,1,True,3,8,9,8
NewJersey4,LS1,Combined,Set1,Draw3,4,col4,Combined|Set1|Draw3|col4,B,combined,1,3,1,3,4,8,,0,0,False,3,8,9,8
NewJersey4,LS1,Combined,Set1,Draw3,4,col4,Combined|Set1|Draw3|col4,C,own,1,3,1,3,4,0,520138667,9,8,False,2,4,5,5
NewJersey4,LS1,Combined,Set1,Draw3,4,col4,Combined|Set1|Draw3|col4,C,own,1,3,1,3,4,1,50166,5,4,False,2,4,5,5
NewJersey4,LS1,Combined,Set1,Draw3,4,col4,Combined|Set1|Draw3|col4,C,own,1,3,1,3,4,2,166,3,2,True,2,4,5,5
NewJersey4,LS1,Combined,Set1,Draw3,4,col4,Combined|Set1|Draw3|col4,C,own,1,3,1,3,4,3,166,3,2,True,2,4,5,5
NewJersey4,LS1,Combined,Set1,Draw3,4,col4,Combined|Set1|Draw3|col4,C,own,1,3,1,3,4,4,,0,0,False,2,4,5,5
NewJersey4,LS1,Combined,Set1,Draw3,4,col4,Combined|Set1|Draw3|col4,C,combined,1,3,1,3,4,0,520138667,9,8,False,3,7,8,6
NewJersey4,LS1,Combined,Set1,Draw3,4,col4,Combined|Set1|Draw3|col4,C,combined,1,3,1,3,4,1,50166,5,4,False,3,7,8,6
NewJersey4,LS1,Combined,Set1,Draw3,4,col4,Combined|Set1|Draw3|col4,C,combined,1,3,1,3,4,2,50166,5,4,False,3,7,8,6
NewJersey4,LS1,Combined,Set1,Draw3,4,col4,Combined|Set1|Draw3|col4,C,combined,1,3,1,3,4,3,166,3,2,True,3,7,8,6
NewJersey4,LS1,Combined,Set1,Draw3,4,col4,Combined|Set1|Draw3|col4,C,combined,1,3,1,3,4,4,166,3,2,True,3,7,8,6
NewJersey4,LS1,Combined,Set1,Draw3,4,col4,Combined|Set1|Draw3|col4,C,combined,1,3,1,3,4,7,,0,0,False,3,7,8,6
NewJersey4,LS1,Combined,Set1,Draw3,4,col4,Combined|Set1|Draw3|col4,D,own,1,3,1,3,4,0,520138667,9,8,False,2,11,12,7
NewJersey4,LS1,Combined,Set1,Draw3,4,col4,Combined|Set1|Draw3|col4,D,own,1,3,1,3,4,1,50166,5,4,False,2,11,12,7
NewJersey4,LS1,Combined,Set1,Draw3,4,col4,Combined|Set1|Draw3|col4,D,own,1,3,1,3,4,2,166,3,2,True,2,11,12,7
NewJersey4,LS1,Combined,Set1,Draw3,4,col4,Combined|Set1|Draw3|col4,D,own,1,3,1,3,4,3,166,3,2,True,2,11,12,7
NewJersey4,LS1,Combined,Set1,Draw3,4,col4,Combined|Set1|Draw3|col4,D,own,1,3,1,3,4,4,6,1,1,True,2,11,12,7
NewJersey4,LS1,Combined,Set1,Draw3,4,col4,Combined|Set1|Draw3|col4,D,own,1,3,1,3,4,5,6,1,1,True,2,11,12,7
NewJersey4,LS1,Combined,Set1,Draw3,4,col4,Combined|Set1|Draw3|col4,D,own,1,3,1,3,4,11,,0,0,False,2,11,12,7
NewJersey4,LS1,Combined,Set1,Draw3,4,col4,Combined|Set1|Draw3|col4,D,combined,1,3,1,3,4,0,520138667,9,8,False,3,8,9,7
NewJersey4,LS1,Combined,Set1,Draw3,4,col4,Combined|Set1|Draw3|col4,D,combined,1,3,1,3,4,1,50166,5,4,False,3,8,9,7
NewJersey4,LS1,Combined,Set1,Draw3,4,col4,Combined|Set1|Draw3|col4,D,combined,1,3,1,3,4,2,50166,5,4,False,3,8,9,7
NewJersey4,LS1,Combined,Set1,Draw3,4,col4,Combined|Set1|Draw3|col4,D,combined,1,3,1,3,4,3,166,3,2,True,3,8,9,7
NewJersey4,LS1,Combined,Set1,Draw3,4,col4,Combined|Set1|Draw3|col4,D,combined,1,3,1,3,4,4,166,3,2,True,3,8,9,7
NewJersey4,LS1,Combined,Set1,Draw3,4,col4,Combined|Set1|Draw3|col4,D,combined,1,3,1,3,4,7,6,1,1,True,3,8,9,7
NewJersey4,LS1,Combined,Set1,Draw3,4,col4,Combined|Set1|Draw3|col4,D,combined,1,3,1,3,4,8,,0,0,False,3,8,9,7
NewJersey4,LS1,Combined,Set1,Draw3,4,col4,Combined|Set1|Draw3|col4,E,own,1,3,1,3,4,0,520138667,9,8,False,3,17,18,9
NewJersey4,LS1,Combined,Set1,Draw3,4,col4,Combined|Set1|Draw3|col4,E,own,1,3,1,3,4,1,520166,6,5,False,3,17,18,9
NewJersey4,LS1,Combined,Set1,Draw3,4,col4,Combined|Set1|Draw3|col4,E,own,1,3,1,3,4,2,20166,5,4,False,3,17,18,9
NewJersey4,LS1,Combined,Set1,Draw3,4,col4,Combined|Set1|Draw3|col4,E,own,1,3,1,3,4,3,2166,4,3,True,3,17,18,9
NewJersey4,LS1,Combined,Set1,Draw3,4,col4,Combined|Set1|Draw3|col4,E,own,1,3,1,3,4,4,66,2,1,True,3,17,18,9
NewJersey4,LS1,Combined,Set1,Draw3,4,col4,Combined|Set1|Draw3|col4,E,own,1,3,1,3,4,5,66,2,1,True,3,17,18,9
NewJersey4,LS1,Combined,Set1,Draw3,4,col4,Combined|Set1|Draw3|col4,E,own,1,3,1,3,4,11,6,1,1,True,3,17,18,9
NewJersey4,LS1,Combined,Set1,Draw3,4,col4,Combined|Set1|Draw3|col4,E,own,1,3,1,3,4,12,6,1,1,True,3,17,18,9
NewJersey4,LS1,Combined,Set1,Draw3,4,col4,Combined|Set1|Draw3|col4,E,own,1,3,1,3,4,17,,0,0,False,3,17,18,9
NewJersey4,LS1,Combined,Set1,Draw3,4,col4,Combined|Set1|Draw3|col4,E,combined,1,3,1,3,4,0,520138667,9,8,False,3,21,22,10
NewJersey4,LS1,Combined,Set1,Draw3,4,col4,Combined|Set1|Draw3|col4,E,combined,1,3,1,3,4,1,520166,6,5,False,3,21,22,10
NewJersey4,LS1,Combined,Set1,Draw3,4,col4,Combined|Set1|Draw3|col4,E,combined,1,3,1,3,4,2,50166,5,4,False,3,21,22,10
NewJersey4,LS1,Combined,Set1,Draw3,4,col4,Combined|Set1|Draw3|col4,E,combined,1,3,1,3,4,3,0166,4,3,True,3,21,22,10
NewJersey4,LS1,Combined,Set1,Draw3,4,col4,Combined|Set1|Draw3|col4,E,combined,1,3,1,3,4,4,166,3,2,True,3,21,22,10
NewJersey4,LS1,Combined,Set1,Draw3,4,col4,Combined|Set1|Draw3|col4,E,combined,1,3,1,3,4,5,166,3,2,True,3,21,22,10
NewJersey4,LS1,Combined,Set1,Draw3,4,col4,Combined|Set1|Draw3|col4,E,combined,1,3,1,3,4,7,66,2,1,True,3,21,22,10
NewJersey4,LS1,Combined,Set1,Draw3,4,col4,Combined|Set1|Draw3|col4,E,combined,1,3,1,3,4,8,6,1,1,True,3,21,22,10
NewJersey4,LS1,Combined,Set1,Draw3,4,col4,Combined|Set1|Draw3|col4,E,combined,1,3,1,3,4,9,6,1,1,True,3,21,22,10
NewJersey4,LS1,Combined,Set1,Draw3,4,col4,Combined|Set1|Draw3|col4,E,combined,1,3,1,3,4,21,,0,0,False,3,21,22,10
NewJersey4,LS1,Combined,Set1,Draw3,4,col4,Combined|Set1|Draw3|col4,T,own,1,3,1,3,4,0,520138667,9,8,False,2,4,29,5
NewJersey4,LS1,Combined,Set1,Draw3,4,col4,Combined|Set1|Draw3|col4,T,own,1,3,1,3,4,1,50166,5,4,False,2,4,29,5
NewJersey4,LS1,Combined,Set1,Draw3,4,col4,Combined|Set1|Draw3|col4,T,own,1,3,1,3,4,2,166,3,2,True,2,4,29,5
NewJersey4,LS1,Combined,Set1,Draw3,4,col4,Combined|Set1|Draw3|col4,T,own,1,3,1,3,4,3,166,3,2,True,2,4,29,5
NewJersey4,LS1,Combined,Set1,Draw3,4,col4,Combined|Set1|Draw3|col4,T,own,1,3,1,3,4,4,66,2,1,True,2,4,29,5
NewJersey4,LS1,Combined,Set1,Draw3,4,col4,Combined|Set1|Draw3|col4,T,combined,1,3,1,3,4,0,520138667,9,8,False,3,7,57,6
NewJersey4,LS1,Combined,Set1,Draw3,4,col4,Combined|Set1|Draw3|col4,T,combined,1,3,1,3,4,1,50166,5,4,False,3,7,57,6
NewJersey4,LS1,Combined,Set1,Draw3,4,col4,Combined|Set1|Draw3|col4,T,combined,1,3,1,3,4,2,50166,5,4,False,3,7,57,6
NewJersey4,LS1,Combined,Set1,Draw3,4,col4,Combined|Set1|Draw3|col4,T,combined,1,3,1,3,4,3,166,3,2,True,3,7,57,6
NewJersey4,LS1,Combined,Set1,Draw3,4,col4,Combined|Set1|Draw3|col4,T,combined,1,3,1,3,4,4,166,3,2,True,3,7,57,6
NewJersey4,LS1,Combined,Set1,Draw3,4,col4,Combined|Set1|Draw3|col4,T,combined,1,3,1,3,4,7,66,2,1,True,3,7,57,6
NewJersey4,LS1,Combined,Set1,Draw3,3,col3,Combined|Set1|Draw3|col3,A,own,1,3,1,3,3,0,20138667*,9,8,False,6,7,29,8
NewJersey4,LS1,Combined,Set1,Draw3,3,col3,Combined|Set1|Draw3|col3,A,own,1,3,1,3,3,1,201366*,7,6,False,6,7,29,8
NewJersey4,LS1,Combined,Set1,Draw3,3,col3,Combined|Set1|Draw3|col3,A,own,1,3,1,3,3,2,201366*,7,6,False,6,7,29,8
NewJersey4,LS1,Combined,Set1,Draw3,3,col3,Combined|Set1|Draw3|col3,A,own,1,3,1,3,3,3,201366*,7,6,False,6,7,29,8
NewJersey4,LS1,Combined,Set1,Draw3,3,col3,Combined|Set1|Draw3|col3,A,own,1,3,1,3,3,4,0366*,5,4,False,6,7,29,8
NewJersey4,LS1,Combined,Set1,Draw3,3,col3,Combined|Set1|Draw3|col3,A,own,1,3,1,3,3,5,0366*,5,4,False,6,7,29,8
NewJersey4,LS1,Combined,Set1,Draw3,3,col3,Combined|Set1|Draw3|col3,A,own,1,3,1,3,3,6,066*,4,3,True,6,7,29,8
NewJersey4,LS1,Combined,Set1,Draw3,3,col3,Combined|Set1|Draw3|col3,A,own,1,3,1,3,3,7,66*,3,2,True,6,7,29,8
NewJersey4,LS1,Combined,Set1,Draw3,3,col3,Combined|Set1|Draw3|col3,A,combined,1,3,1,3,3,0,20138667*,9,8,False,11,13,57,14
NewJersey4,LS1,Combined,Set1,Draw3,3,col3,Combined|Set1|Draw3|col3,A,combined,1,3,1,3,3,1,201366*,7,6,False,11,13,57,14
NewJersey4,LS1,Combined,Set1,Draw3,3,col3,Combined|Set1|Draw3|col3,A,combined,1,3,1,3,3,2,201366*,7,6,False,11,13,57,14
NewJersey4,LS1,Combined,Set1,Draw3,3,col3,Combined|Set1|Draw3|col3,A,combined,1,3,1,3,3,3,201366*,7,6,False,11,13,57,14
NewJersey4,LS1,Combined,Set1,Draw3,3,col3,Combined|Set1|Draw3|col3,A,combined,1,3,1,3,3,4,201366*,7,6,False,11,13,57,14
NewJersey4,LS1,Combined,Set1,Draw3,3,col3,Combined|Set1|Draw3|col3,A,combined,1,3,1,3,3,5,201366*,7,6,False,11,13,57,14
NewJersey4,LS1,Combined,Set1,Draw3,3,col3,Combined|Set1|Draw3|col3,A,combined,1,3,1,3,3,6,201366*,7,6,False,11,13,57,14
NewJersey4,LS1,Combined,Set1,Draw3,3,col3,Combined|Set1|Draw3|col3,A,combined,1,3,1,3,3,7,0366*,5,4,False,11,13,57,14
NewJersey4,LS1,Combined,Set1,Draw3,3,col3,Combined|Set1|Draw3|col3,A,combined,1,3,1,3,3,8,0366*,5,4,False,11,13,57,14
NewJersey4,LS1,Combined,Set1,Draw3,3,col3,Combined|Set1|Draw3|col3,A,combined,1,3,1,3,3,9,0366*,5,4,False,11,13,57,14
NewJersey4,LS1,Combined,Set1,Draw3,3,col3,Combined|Set1|Draw3|col3,A,combined,1,3,1,3,3,10,0366*,5,4,False,11,13,57,14
NewJersey4,LS1,Combined,Set1,Draw3,3,col3,Combined|Set1|Draw3|col3,A,combined,1,3,1,3,3,11,066*,4,3,True,11,13,57,14
NewJersey4,LS1,Combined,Set1,Draw3,3,col3,Combined|Set1|Draw3|col3,A,combined,1,3,1,3,3,12,066*,4,3,True,11,13,57,14
NewJersey4,LS1,Combined,Set1,Draw3,3,col3,Combined|Set1|Draw3|col3,A,combined,1,3,1,3,3,13,66*,3,2,True,11,13,57,14
NewJersey4,LS1,Combined,Set1,Draw3,3,col3,Combined|Set1|Draw3|col3,B,own,1,3,1,3,3,0,20138667*,9,8,False,4,11,29,7
NewJersey4,LS1,Combined,Set1,Draw3,3,col3,Combined|Set1|Draw3|col3,B,own,1,3,1,3,3,1,20166*,6,5,False,4,11,29,7
NewJersey4,LS1,Combined,Set1,Draw3,3,col3,Combined|Set1|Draw3|col3,B,own,1,3,1,3,3,2,2166*,5,4,False,4,11,29,7
NewJersey4,LS1,Combined,Set1,Draw3,3,col3,Combined|Set1|Draw3|col3,B,own,1,3,1,3,3,3,2166*,5,4,False,4,11,29,7
NewJersey4,LS1,Combined,Set1,Draw3,3,col3,Combined|Set1|Draw3|col3,B,own,1,3,1,3,3,4,66*,3,2,True,4,11,29,7
NewJersey4,LS1,Combined,Set1,Draw3,3,col3,Combined|Set1|Draw3|col3,B,own,1,3,1,3,3,5,66*,3,2,True,4,11,29,7
NewJersey4,LS1,Combined,Set1,Draw3,3,col3,Combined|Set1|Draw3|col3,B,own,1,3,1,3,3,11,*,1,1,True,4,11,29,7
NewJersey4,LS1,Combined,Set1,Draw3,3,col3,Combined|Set1|Draw3|col3,B,combined,1,3,1,3,3,0,20138667*,9,8,False,3,8,57,9
NewJersey4,LS1,Combined,Set1,Draw3,3,col3,Combined|Set1|Draw3|col3,B,combined,1,3,1,3,3,1,20166*,6,5,False,3,8,57,9
NewJersey4,LS1,Combined,Set1,Draw3,3,col3,Combined|Set1|Draw3|col3,B,combined,1,3,1,3,3,2,0166*,5,4,False,3,8,57,9
NewJersey4,LS1,Combined,Set1,Draw3,3,col3,Combined|Set1|Draw3|col3,B,combined,1,3,1,3,3,3,166*,4,3,True,3,8,57,9
NewJersey4,LS1,Combined,Set1,Draw3,3,col3,Combined|Set1|Draw3|col3,B,combined,1,3,1,3,3,4,166*,4,3,True,3,8,57,9
NewJersey4,LS1,Combined,Set1,Draw3,3,col3,Combined|Set1|Draw3|col3,B,combined,1,3,1,3,3,5,166*,4,3,True,3,8,57,9
NewJersey4,LS1,Combined,Set1,Draw3,3,col3,Combined|Set1|Draw3|col3,B,combined,1,3,1,3,3,6,166*,4,3,True,3,8,57,9
NewJersey4,LS1,Combined,Set1,Draw3,3,col3,Combined|Set1|Draw3|col3,B,combined,1,3,1,3,3,7,66*,3,2,True,3,8,57,9
NewJersey4,LS1,Combined,Set1,Draw3,3,col3,Combined|Set1|Draw3|col3,B,combined,1,3,1,3,3,8,*,1,1,True,3,8,57,9
NewJersey4,LS1,Combined,Set1,Draw3,3,col3,Combined|Set1|Draw3|col3,C,own,1,3,1,3,3,0,20138667*,9,8,False,2,4,29,5
NewJersey4,LS1,Combined,Set1,Draw3,3,col3,Combined|Set1|Draw3|col3,C,own,1,3,1,3,3,1,0166*,5,4,False,2,4,29,5
NewJersey4,LS1,Combined,Set1,Draw3,3,col3,Combined|Set1|Draw3|col3,C,own,1,3,1,3,3,2,166*,4,3,True,2,4,29,5
NewJersey4,LS1,Combined,Set1,Draw3,3,col3,Combined|Set1|Draw3|col3,C,own,1,3,1,3,3,3,166*,4,3,True,2,4,29,5
NewJersey4,LS1,Combined,Set1,Draw3,3,col3,Combined|Set1|Draw3|col3,C,own,1,3,1,3,3,4,*,1,1,True,2,4,29,5
NewJersey4,LS1,Combined,Set1,Draw3,3,col3,Combined|Set1|Draw3|col3,C,combined,1,3,1,3,3,0,20138667*,9,8,False,3,7,57,8
NewJersey4,LS1,Combined,Set1,Draw3,3,col3,Combined|Set1|Draw3|col3,C,combined,1,3,1,3,3,1,0166*,5,4,False,3,7,57,8
NewJersey4,LS1,Combined,Set1,Draw3,3,col3,Combined|Set1|Draw3|col3,C,combined,1,3,1,3,3,2,0166*,5,4,False,3,7,57,8
NewJersey4,LS1,Combined,Set1,Draw3,3,col3,Combined|Set1|Draw3|col3,C,combined,1,3,1,3,3,3,166*,4,3,True,3,7,57,8
NewJersey4,LS1,Combined,Set1,Draw3,3,col3,Combined|Set1|Draw3|col3,C,combined,1,3,1,3,3,4,166*,4,3,True,3,7,57,8
NewJersey4,LS1,Combined,Set1,Draw3,3,col3,Combined|Set1|Draw3|col3,C,combined,1,3,1,3,3,5,166*,4,3,True,3,7,57,8
NewJersey4,LS1,Combined,Set1,Draw3,3,col3,Combined|Set1|Draw3|col3,C,combined,1,3,1,3,3,6,166*,4,3,True,3,7,57,8
NewJersey4,LS1,Combined,Set1,Draw3,3,col3,Combined|Set1|Draw3|col3,C,combined,1,3,1,3,3,7,*,1,1,True,3,7,57,8
NewJersey4,LS1,Combined,Set1,Draw3,3,col3,Combined|Set1|Draw3|col3,D,own,1,3,1,3,3,0,20138667*,9,8,False,2,11,29,7
NewJersey4,LS1,Combined,Set1,Draw3,3,col3,Combined|Set1|Draw3|col3,D,own,1,3,1,3,3,1,0166*,5,4,False,2,11,29,7
NewJersey4,LS1,Combined,Set1,Draw3,3,col3,Combined|Set1|Draw3|col3,D,own,1,3,1,3,3,2,166*,4,3,True,2,11,29,7
NewJersey4,LS1,Combined,Set1,Draw3,3,col3,Combined|Set1|Draw3|col3,D,own,1,3,1,3,3,3,166*,4,3,True,2,11,29,7
NewJersey4,LS1,Combined,Set1,Draw3,3,col3,Combined|Set1|Draw3|col3,D,own,1,3,1,3,3,4,6*,2,2,True,2,11,29,7
NewJersey4,LS1,Combined,Set1,Draw3,3,col3,Combined|Set1|Draw3|col3,D,own,1,3,1,3,3,5,6*,2,2,True,2,11,29,7
NewJersey4,LS1,Combined,Set1,Draw3,3,col3,Combined|Set1|Draw3|col3,D,own,1,3,1,3,3,11,*,1,1,True,2,11,29,7
NewJersey4,LS1,Combined,Set1,Draw3,3,col3,Combined|Set1|Draw3|col3,D,combined,1,3,1,3,3,0,20138667*,9,8,False,3,8,57,9
NewJersey4,LS1,Combined,Set1,Draw3,3,col3,Combined|Set1|Draw3|col3,D,combined,1,3,1,3,3,1,0166*,5,4,False,3,8,57,9
NewJersey4,LS1,Combined,Set1,Draw3,3,col3,Combined|Set1|Draw3|col3,D,combined,1,3,1,3,3,2,0166*,5,4,False,3,8,57,9
NewJersey4,LS1,Combined,Set1,Draw3,3,col3,Combined|Set1|Draw3|col3,D,combined,1,3,1,3,3,3,166*,4,3,True,3,8,57,9
NewJersey4,LS1,Combined,Set1,Draw3,3,col3,Combined|Set1|Draw3|col3,D,combined,1,3,1,3,3,4,166*,4,3,True,3,8,57,9
NewJersey4,LS1,Combined,Set1,Draw3,3,col3,Combined|Set1|Draw3|col3,D,combined,1,3,1,3,3,5,166*,4,3,True,3,8,57,9
NewJersey4,LS1,Combined,Set1,Draw3,3,col3,Combined|Set1|Draw3|col3,D,combined,1,3,1,3,3,6,166*,4,3,True,3,8,57,9
NewJersey4,LS1,Combined,Set1,Draw3,3,col3,Combined|Set1|Draw3|col3,D,combined,1,3,1,3,3,7,6*,2,2,True,3,8,57,9
NewJersey4,LS1,Combined,Set1,Draw3,3,col3,Combined|Set1|Draw3|col3,D,combined,1,3,1,3,3,8,*,1,1,True,3,8,57,9
NewJersey4,LS1,Combined,Set1,Draw3,3,col3,Combined|Set1|Draw3|col3,E,own,1,3,1,3,3,0,20138667*,9,8,False,4,17,29,9
NewJersey4,LS1,Combined,Set1,Draw3,3,col3,Combined|Set1|Draw3|col3,E,own,1,3,1,3,3,1,20166*,6,5,False,4,17,29,9
NewJersey4,LS1,Combined,Set1,Draw3,3,col3,Combined|Set1|Draw3|col3,E,own,1,3,1,3,3,2,2166*,5,4,False,4,17,29,9
NewJersey4,LS1,Combined,Set1,Draw3,3,col3,Combined|Set1|Draw3|col3,E,own,1,3,1,3,3,3,2166*,5,4,False,4,17,29,9
NewJersey4,LS1,Combined,Set1,Draw3,3,col3,Combined|Set1|Draw3|col3,E,own,1,3,1,3,3,4,66*,3,2,True,4,17,29,9
NewJersey4,LS1,Combined,Set1,Draw3,3,col3,Combined|Set1|Draw3|col3,E,own,1,3,1,3,3,5,66*,3,2,True,4,17,29,9
NewJersey4,LS1,Combined,Set1,Draw3,3,col3,Combined|Set1|Draw3|col3,E,own,1,3,1,3,3,11,6*,2,2,True,4,17,29,9
NewJersey4,LS1,Combined,Set1,Draw3,3,col3,Combined|Set1|Draw3|col3,E,own,1,3,1,3,3,12,6*,2,2,True,4,17,29,9
NewJersey4,LS1,Combined,Set1,Draw3,3,col3,Combined|Set1|Draw3|col3,E,own,1,3,1,3,3,17,*,1,1,True,4,17,29,9
NewJersey4,LS1,Combined,Set1,Draw3,3,col3,Combined|Set1|Draw3|col3,E,combined,1,3,1,3,3,0,20138667*,9,8,False,3,21,57,11
NewJersey4,LS1,Combined,Set1,Draw3,3,col3,Combined|Set1|Draw3|col3,E,combined,1,3,1,3,3,1,20166*,6,5,False,3,21,57,11
NewJersey4,LS1,Combined,Set1,Draw3,3,col3,Combined|Set1|Draw3|col3,E,combined,1,3,1,3,3,2,0166*,5,4,False,3,21,57,11
NewJersey4,LS1,Combined,Set1,Draw3,3,col3,Combined|Set1|Draw3|col3,E,combined,1,3,1,3,3,3,166*,4,3,True,3,21,57,11
NewJersey4,LS1,Combined,Set1,Draw3,3,col3,Combined|Set1|Draw3|col3,E,combined,1,3,1,3,3,4,166*,4,3,True,3,21,57,11
NewJersey4,LS1,Combined,Set1,Draw3,3,col3,Combined|Set1|Draw3|col3,E,combined,1,3,1,3,3,5,166*,4,3,True,3,21,57,11
NewJersey4,LS1,Combined,Set1,Draw3,3,col3,Combined|Set1|Draw3|col3,E,combined,1,3,1,3,3,6,166*,4,3,True,3,21,57,11
NewJersey4,LS1,Combined,Set1,Draw3,3,col3,Combined|Set1|Draw3|col3,E,combined,1,3,1,3,3,7,66*,3,2,True,3,21,57,11
NewJersey4,LS1,Combined,Set1,Draw3,3,col3,Combined|Set1|Draw3|col3,E,combined,1,3,1,3,3,8,6*,2,2,True,3,21,57,11
NewJersey4,LS1,Combined,Set1,Draw3,3,col3,Combined|Set1|Draw3|col3,E,combined,1,3,1,3,3,9,6*,2,2,True,3,21,57,11
NewJersey4,LS1,Combined,Set1,Draw3,3,col3,Combined|Set1|Draw3|col3,E,combined,1,3,1,3,3,21,*,1,1,True,3,21,57,11
NewJersey4,LS1,Combined,Set1,Draw3,3,col3,Combined|Set1|Draw3|col3,T,own,1,3,1,3,3,0,20138667*,9,8,False,2,4,29,5
NewJersey4,LS1,Combined,Set1,Draw3,3,col3,Combined|Set1|Draw3|col3,T,own,1,3,1,3,3,1,0166*,5,4,False,2,4,29,5
NewJersey4,LS1,Combined,Set1,Draw3,3,col3,Combined|Set1|Draw3|col3,T,own,1,3,1,3,3,2,166*,4,3,True,2,4,29,5
NewJersey4,LS1,Combined,Set1,Draw3,3,col3,Combined|Set1|Draw3|col3,T,own,1,3,1,3,3,3,166*,4,3,True,2,4,29,5
NewJersey4,LS1,Combined,Set1,Draw3,3,col3,Combined|Set1|Draw3|col3,T,own,1,3,1,3,3,4,66*,3,2,True,2,4,29,5
NewJersey4,LS1,Combined,Set1,Draw3,3,col3,Combined|Set1|Draw3|col3,T,combined,1,3,1,3,3,0,20138667*,9,8,False,3,7,57,8
NewJersey4,LS1,Combined,Set1,Draw3,3,col3,Combined|Set1|Draw3|col3,T,combined,1,3,1,3,3,1,0166*,5,4,False,3,7,57,8
NewJersey4,LS1,Combined,Set1,Draw3,3,col3,Combined|Set1|Draw3|col3,T,combined,1,3,1,3,3,2,0166*,5,4,False,3,7,57,8
NewJersey4,LS1,Combined,Set1,Draw3,3,col3,Combined|Set1|Draw3|col3,T,combined,1,3,1,3,3,3,166*,4,3,True,3,7,57,8
NewJersey4,LS1,Combined,Set1,Draw3,3,col3,Combined|Set1|Draw3|col3,T,combined,1,3,1,3,3,4,166*,4,3,True,3,7,57,8
NewJersey4,LS1,Combined,Set1,Draw3,3,col3,Combined|Set1|Draw3|col3,T,combined,1,3,1,3,3,5,166*,4,3,True,3,7,57,8
NewJersey4,LS1,Combined,Set1,Draw3,3,col3,Combined|Set1|Draw3|col3,T,combined,1,3,1,3,3,6,166*,4,3,True,3,7,57,8
NewJersey4,LS1,Combined,Set1,Draw3,3,col3,Combined|Set1|Draw3|col3,T,combined,1,3,1,3,3,7,66*,3,2,True,3,7,57,8
NewJersey4,LS1,Combined,Set1,Draw3,2,col2,Combined|Set1|Draw3|col2,A,own,1,3,1,3,2,0,2013667**,9,7,False,6,7,29,8
NewJersey4,LS1,Combined,Set1,Draw3,2,col2,Combined|Set1|Draw3|col2,A,own,1,3,1,3,2,1,201366**,8,6,False,6,7,29,8
NewJersey4,LS1,Combined,Set1,Draw3,2,col2,Combined|Set1|Draw3|col2,A,own,1,3,1,3,2,2,201366**,8,6,False,6,7,29,8
NewJersey4,LS1,Combined,Set1,Draw3,2,col2,Combined|Set1|Draw3|col2,A,own,1,3,1,3,2,3,201366**,8,6,False,6,7,29,8
NewJersey4,LS1,Combined,Set1,Draw3,2,col2,Combined|Set1|Draw3|col2,A,own,1,3,1,3,2,4,0366**,6,4,False,6,7,29,8
NewJersey4,LS1,Combined,Set1,Draw3,2,col2,Combined|Set1|Draw3|col2,A,own,1,3,1,3,2,5,0366**,6,4,False,6,7,29,8
NewJersey4,LS1,Combined,Set1,Draw3,2,col2,Combined|Set1|Draw3|col2,A,own,1,3,1,3,2,6,066**,5,3,True,6,7,29,8
NewJersey4,LS1,Combined,Set1,Draw3,2,col2,Combined|Set1|Draw3|col2,A,own,1,3,1,3,2,7,66**,4,2,True,6,7,29,8
NewJersey4,LS1,Combined,Set1,Draw3,2,col2,Combined|Set1|Draw3|col2,A,combined,1,3,1,3,2,0,2013667**,9,7,False,11,13,57,14
NewJersey4,LS1,Combined,Set1,Draw3,2,col2,Combined|Set1|Draw3|col2,A,combined,1,3,1,3,2,1,201366**,8,6,False,11,13,57,14
NewJersey4,LS1,Combined,Set1,Draw3,2,col2,Combined|Set1|Draw3|col2,A,combined,1,3,1,3,2,2,201366**,8,6,False,11,13,57,14
NewJersey4,LS1,Combined,Set1,Draw3,2,col2,Combined|Set1|Draw3|col2,A,combined,1,3,1,3,2,3,201366**,8,6,False,11,13,57,14
NewJersey4,LS1,Combined,Set1,Draw3,2,col2,Combined|Set1|Draw3|col2,A,combined,1,3,1,3,2,4,201366**,8,6,False,11,13,57,14
NewJersey4,LS1,Combined,Set1,Draw3,2,col2,Combined|Set1|Draw3|col2,A,combined,1,3,1,3,2,5,201366**,8,6,False,11,13,57,14
NewJersey4,LS1,Combined,Set1,Draw3,2,col2,Combined|Set1|Draw3|col2,A,combined,1,3,1,3,2,6,201366**,8,6,False,11,13,57,14
NewJersey4,LS1,Combined,Set1,Draw3,2,col2,Combined|Set1|Draw3|col2,A,combined,1,3,1,3,2,7,0366**,6,4,False,11,13,57,14
NewJersey4,LS1,Combined,Set1,Draw3,2,col2,Combined|Set1|Draw3|col2,A,combined,1,3,1,3,2,8,0366**,6,4,False,11,13,57,14
NewJersey4,LS1,Combined,Set1,Draw3,2,col2,Combined|Set1|Draw3|col2,A,combined,1,3,1,3,2,9,0366**,6,4,False,11,13,57,14
NewJersey4,LS1,Combined,Set1,Draw3,2,col2,Combined|Set1|Draw3|col2,A,combined,1,3,1,3,2,10,0366**,6,4,False,11,13,57,14
NewJersey4,LS1,Combined,Set1,Draw3,2,col2,Combined|Set1|Draw3|col2,A,combined,1,3,1,3,2,11,066**,5,3,True,11,13,57,14
NewJersey4,LS1,Combined,Set1,Draw3,2,col2,Combined|Set1|Draw3|col2,A,combined,1,3,1,3,2,12,066**,5,3,True,11,13,57,14
NewJersey4,LS1,Combined,Set1,Draw3,2,col2,Combined|Set1|Draw3|col2,A,combined,1,3,1,3,2,13,66**,4,2,True,11,13,57,14
NewJersey4,LS1,Combined,Set1,Draw3,2,col2,Combined|Set1|Draw3|col2,B,own,1,3,1,3,2,0,2013667**,9,7,False,4,11,29,7
NewJersey4,LS1,Combined,Set1,Draw3,2,col2,Combined|Set1|Draw3|col2,B,own,1,3,1,3,2,1,20166**,7,5,False,4,11,29,7
NewJersey4,LS1,Combined,Set1,Draw3,2,col2,Combined|Set1|Draw3|col2,B,own,1,3,1,3,2,2,2166**,6,4,False,4,11,29,7
NewJersey4,LS1,Combined,Set1,Draw3,2,col2,Combined|Set1|Draw3|col2,B,own,1,3,1,3,2,3,2166**,6,4,False,4,11,29,7
NewJersey4,LS1,Combined,Set1,Draw3,2,col2,Combined|Set1|Draw3|col2,B,own,1,3,1,3,2,4,66**,4,2,True,4,11,29,7
NewJersey4,LS1,Combined,Set1,Draw3,2,col2,Combined|Set1|Draw3|col2,B,own,1,3,1,3,2,5,66**,4,2,True,4,11,29,7
NewJersey4,LS1,Combined,Set1,Draw3,2,col2,Combined|Set1|Draw3|col2,B,own,1,3,1,3,2,11,**,2,1,True,4,11,29,7
NewJersey4,LS1,Combined,Set1,Draw3,2,col2,Combined|Set1|Draw3|col2,B,combined,1,3,1,3,2,0,2013667**,9,7,False,3,8,57,9
NewJersey4,LS1,Combined,Set1,Draw3,2,col2,Combined|Set1|Draw3|col2,B,combined,1,3,1,3,2,1,20166**,7,5,False,3,8,57,9
NewJersey4,LS1,Combined,Set1,Draw3,2,col2,Combined|Set1|Draw3|col2,B,combined,1,3,1,3,2,2,0166**,6,4,False,3,8,57,9
NewJersey4,LS1,Combined,Set1,Draw3,2,col2,Combined|Set1|Draw3|col2,B,combined,1,3,1,3,2,3,166**,5,3,True,3,8,57,9
NewJersey4,LS1,Combined,Set1,Draw3,2,col2,Combined|Set1|Draw3|col2,B,combined,1,3,1,3,2,4,166**,5,3,True,3,8,57,9
NewJersey4,LS1,Combined,Set1,Draw3,2,col2,Combined|Set1|Draw3|col2,B,combined,1,3,1,3,2,5,166**,5,3,True,3,8,57,9
NewJersey4,LS1,Combined,Set1,Draw3,2,col2,Combined|Set1|Draw3|col2,B,combined,1,3,1,3,2,6,166**,5,3,True,3,8,57,9
NewJersey4,LS1,Combined,Set1,Draw3,2,col2,Combined|Set1|Draw3|col2,B,combined,1,3,1,3,2,7,66**,4,2,True,3,8,57,9
NewJersey4,LS1,Combined,Set1,Draw3,2,col2,Combined|Set1|Draw3|col2,B,combined,1,3,1,3,2,8,**,2,1,True,3,8,57,9
NewJersey4,LS1,Combined,Set1,Draw3,2,col2,Combined|Set1|Draw3|col2,C,own,1,3,1,3,2,0,2013667**,9,7,False,2,4,29,5
NewJersey4,LS1,Combined,Set1,Draw3,2,col2,Combined|Set1|Draw3|col2,C,own,1,3,1,3,2,1,0166**,6,4,False,2,4,29,5
NewJersey4,LS1,Combined,Set1,Draw3,2,col2,Combined|Set1|Draw3|col2,C,own,1,3,1,3,2,2,166**,5,3,True,2,4,29,5
NewJersey4,LS1,Combined,Set1,Draw3,2,col2,Combined|Set1|Draw3|col2,C,own,1,3,1,3,2,3,166**,5,3,True,2,4,29,5
NewJersey4,LS1,Combined,Set1,Draw3,2,col2,Combined|Set1|Draw3|col2,C,own,1,3,1,3,2,4,**,2,1,True,2,4,29,5
NewJersey4,LS1,Combined,Set1,Draw3,2,col2,Combined|Set1|Draw3|col2,C,combined,1,3,1,3,2,0,2013667**,9,7,False,3,7,57,8
NewJersey4,LS1,Combined,Set1,Draw3,2,col2,Combined|Set1|Draw3|col2,C,combined,1,3,1,3,2,1,0166**,6,4,False,3,7,57,8
NewJersey4,LS1,Combined,Set1,Draw3,2,col2,Combined|Set1|Draw3|col2,C,combined,1,3,1,3,2,2,0166**,6,4,False,3,7,57,8
NewJersey4,LS1,Combined,Set1,Draw3,2,col2,Combined|Set1|Draw3|col2,C,combined,1,3,1,3,2,3,166**,5,3,True,3,7,57,8
NewJersey4,LS1,Combined,Set1,Draw3,2,col2,Combined|Set1|Draw3|col2,C,combined,1,3,1,3,2,4,166**,5,3,True,3,7,57,8
NewJersey4,LS1,Combined,Set1,Draw3,2,col2,Combined|Set1|Draw3|col2,C,combined,1,3,1,3,2,5,166**,5,3,True,3,7,57,8
NewJersey4,LS1,Combined,Set1,Draw3,2,col2,Combined|Set1|Draw3|col2,C,combined,1,3,1,3,2,6,166**,5,3,True,3,7,57,8
NewJersey4,LS1,Combined,Set1,Draw3,2,col2,Combined|Set1|Draw3|col2,C,combined,1,3,1,3,2,7,**,2,1,True,3,7,57,8
NewJersey4,LS1,Combined,Set1,Draw3,2,col2,Combined|Set1|Draw3|col2,D,own,1,3,1,3,2,0,2013667**,9,7,False,2,11,29,7
NewJersey4,LS1,Combined,Set1,Draw3,2,col2,Combined|Set1|Draw3|col2,D,own,1,3,1,3,2,1,0166**,6,4,False,2,11,29,7
NewJersey4,LS1,Combined,Set1,Draw3,2,col2,Combined|Set1|Draw3|col2,D,own,1,3,1,3,2,2,166**,5,3,True,2,11,29,7
NewJersey4,LS1,Combined,Set1,Draw3,2,col2,Combined|Set1|Draw3|col2,D,own,1,3,1,3,2,3,166**,5,3,True,2,11,29,7
NewJersey4,LS1,Combined,Set1,Draw3,2,col2,Combined|Set1|Draw3|col2,D,own,1,3,1,3,2,4,6**,3,2,True,2,11,29,7
NewJersey4,LS1,Combined,Set1,Draw3,2,col2,Combined|Set1|Draw3|col2,D,own,1,3,1,3,2,5,6**,3,2,True,2,11,29,7
NewJersey4,LS1,Combined,Set1,Draw3,2,col2,Combined|Set1|Draw3|col2,D,own,1,3,1,3,2,11,**,2,1,True,2,11,29,7
NewJersey4,LS1,Combined,Set1,Draw3,2,col2,Combined|Set1|Draw3|col2,D,combined,1,3,1,3,2,0,2013667**,9,7,False,3,8,57,9
NewJersey4,LS1,Combined,Set1,Draw3,2,col2,Combined|Set1|Draw3|col2,D,combined,1,3,1,3,2,1,0166**,6,4,False,3,8,57,9
NewJersey4,LS1,Combined,Set1,Draw3,2,col2,Combined|Set1|Draw3|col2,D,combined,1,3,1,3,2,2,0166**,6,4,False,3,8,57,9
NewJersey4,LS1,Combined,Set1,Draw3,2,col2,Combined|Set1|Draw3|col2,D,combined,1,3,1,3,2,3,166**,5,3,True,3,8,57,9
NewJersey4,LS1,Combined,Set1,Draw3,2,col2,Combined|Set1|Draw3|col2,D,combined,1,3,1,3,2,4,166**,5,3,True,3,8,57,9
NewJersey4,LS1,Combined,Set1,Draw3,2,col2,Combined|Set1|Draw3|col2,D,combined,1,3,1,3,2,5,166**,5,3,True,3,8,57,9
NewJersey4,LS1,Combined,Set1,Draw3,2,col2,Combined|Set1|Draw3|col2,D,combined,1,3,1,3,2,6,166**,5,3,True,3,8,57,9
NewJersey4,LS1,Combined,Set1,Draw3,2,col2,Combined|Set1|Draw3|col2,D,combined,1,3,1,3,2,7,6**,3,2,True,3,8,57,9
NewJersey4,LS1,Combined,Set1,Draw3,2,col2,Combined|Set1|Draw3|col2,D,combined,1,3,1,3,2,8,**,2,1,True,3,8,57,9
NewJersey4,LS1,Combined,Set1,Draw3,2,col2,Combined|Set1|Draw3|col2,E,own,1,3,1,3,2,0,2013667**,9,7,False,4,17,29,9
NewJersey4,LS1,Combined,Set1,Draw3,2,col2,Combined|Set1|Draw3|col2,E,own,1,3,1,3,2,1,20166**,7,5,False,4,17,29,9
NewJersey4,LS1,Combined,Set1,Draw3,2,col2,Combined|Set1|Draw3|col2,E,own,1,3,1,3,2,2,2166**,6,4,False,4,17,29,9
NewJersey4,LS1,Combined,Set1,Draw3,2,col2,Combined|Set1|Draw3|col2,E,own,1,3,1,3,2,3,2166**,6,4,False,4,17,29,9
NewJersey4,LS1,Combined,Set1,Draw3,2,col2,Combined|Set1|Draw3|col2,E,own,1,3,1,3,2,4,66**,4,2,True,4,17,29,9
NewJersey4,LS1,Combined,Set1,Draw3,2,col2,Combined|Set1|Draw3|col2,E,own,1,3,1,3,2,5,66**,4,2,True,4,17,29,9
NewJersey4,LS1,Combined,Set1,Draw3,2,col2,Combined|Set1|Draw3|col2,E,own,1,3,1,3,2,11,6**,3,2,True,4,17,29,9
NewJersey4,LS1,Combined,Set1,Draw3,2,col2,Combined|Set1|Draw3|col2,E,own,1,3,1,3,2,12,6**,3,2,True,4,17,29,9
NewJersey4,LS1,Combined,Set1,Draw3,2,col2,Combined|Set1|Draw3|col2,E,own,1,3,1,3,2,17,**,2,1,True,4,17,29,9
NewJersey4,LS1,Combined,Set1,Draw3,2,col2,Combined|Set1|Draw3|col2,E,combined,1,3,1,3,2,0,2013667**,9,7,False,3,21,57,11
NewJersey4,LS1,Combined,Set1,Draw3,2,col2,Combined|Set1|Draw3|col2,E,combined,1,3,1,3,2,1,20166**,7,5,False,3,21,57,11
NewJersey4,LS1,Combined,Set1,Draw3,2,col2,Combined|Set1|Draw3|col2,E,combined,1,3,1,3,2,2,0166**,6,4,False,3,21,57,11
NewJersey4,LS1,Combined,Set1,Draw3,2,col2,Combined|Set1|Draw3|col2,E,combined,1,3,1,3,2,3,166**,5,3,True,3,21,57,11
NewJersey4,LS1,Combined,Set1,Draw3,2,col2,Combined|Set1|Draw3|col2,E,combined,1,3,1,3,2,4,166**,5,3,True,3,21,57,11
NewJersey4,LS1,Combined,Set1,Draw3,2,col2,Combined|Set1|Draw3|col2,E,combined,1,3,1,3,2,5,166**,5,3,True,3,21,57,11
NewJersey4,LS1,Combined,Set1,Draw3,2,col2,Combined|Set1|Draw3|col2,E,combined,1,3,1,3,2,6,166**,5,3,True,3,21,57,11
NewJersey4,LS1,Combined,Set1,Draw3,2,col2,Combined|Set1|Draw3|col2,E,combined,1,3,1,3,2,7,66**,4,2,True,3,21,57,11
NewJersey4,LS1,Combined,Set1,Draw3,2,col2,Combined|Set1|Draw3|col2,E,combined,1,3,1,3,2,8,6**,3,2,True,3,21,57,11
NewJersey4,LS1,Combined,Set1,Draw3,2,col2,Combined|Set1|Draw3|col2,E,combined,1,3,1,3,2,9,6**,3,2,True,3,21,57,11
NewJersey4,LS1,Combined,Set1,Draw3,2,col2,Combined|Set1|Draw3|col2,E,combined,1,3,1,3,2,21,**,2,1,True,3,21,57,11
NewJersey4,LS1,Combined,Set1,Draw3,2,col2,Combined|Set1|Draw3|col2,T,own,1,3,1,3,2,0,2013667**,9,7,False,2,4,29,5
NewJersey4,LS1,Combined,Set1,Draw3,2,col2,Combined|Set1|Draw3|col2,T,own,1,3,1,3,2,1,0166**,6,4,False,2,4,29,5
NewJersey4,LS1,Combined,Set1,Draw3,2,col2,Combined|Set1|Draw3|col2,T,own,1,3,1,3,2,2,166**,5,3,True,2,4,29,5
NewJersey4,LS1,Combined,Set1,Draw3,2,col2,Combined|Set1|Draw3|col2,T,own,1,3,1,3,2,3,166**,5,3,True,2,4,29,5
NewJersey4,LS1,Combined,Set1,Draw3,2,col2,Combined|Set1|Draw3|col2,T,own,1,3,1,3,2,4,**,2,1,True,2,4,29,5
NewJersey4,LS1,Combined,Set1,Draw3,2,col2,Combined|Set1|Draw3|col2,T,combined,1,3,1,3,2,0,2013667**,9,7,False,3,7,57,8
NewJersey4,LS1,Combined,Set1,Draw3,2,col2,Combined|Set1|Draw3|col2,T,combined,1,3,1,3,2,1,0166**,6,4,False,3,7,57,8
NewJersey4,LS1,Combined,Set1,Draw3,2,col2,Combined|Set1|Draw3|col2,T,combined,1,3,1,3,2,2,0166**,6,4,False,3,7,57,8
NewJersey4,LS1,Combined,Set1,Draw3,2,col2,Combined|Set1|Draw3|col2,T,combined,1,3,1,3,2,3,166**,5,3,True,3,7,57,8
NewJersey4,LS1,Combined,Set1,Draw3,2,col2,Combined|Set1|Draw3|col2,T,combined,1,3,1,3,2,4,166**,5,3,True,3,7,57,8
NewJersey4,LS1,Combined,Set1,Draw3,2,col2,Combined|Set1|Draw3|col2,T,combined,1,3,1,3,2,5,166**,5,3,True,3,7,57,8
NewJersey4,LS1,Combined,Set1,Draw3,2,col2,Combined|Set1|Draw3|col2,T,combined,1,3,1,3,2,6,166**,5,3,True,3,7,57,8
NewJersey4,LS1,Combined,Set1,Draw3,2,col2,Combined|Set1|Draw3|col2,T,combined,1,3,1,3,2,7,**,2,1,True,3,7,57,8
NewJersey4,LS1,Combined,Set1,Draw4,4,col4,Combined|Set1|Draw4|col4,A,own,1,3,1,4,4,0,52001386677,11,8,False,4,7,29,8
NewJersey4,LS1,Combined,Set1,Draw4,4,col4,Combined|Set1|Draw4|col4,A,own,1,3,1,4,4,1,52001366,8,6,False,4,7,29,8
NewJersey4,LS1,Combined,Set1,Draw4,4,col4,Combined|Set1|Draw4|col4,A,own,1,3,1,4,4,2,2001366,7,5,False,4,7,29,8
NewJersey4,LS1,Combined,Set1,Draw4,4,col4,Combined|Set1|Draw4|col4,A,own,1,3,1,4,4,3,2001366,7,5,False,4,7,29,8
NewJersey4,LS1,Combined,Set1,Draw4,4,col4,Combined|Set1|Draw4|col4,A,own,1,3,1,4,4,4,00366,5,3,True,4,7,29,8
NewJersey4,LS1,Combined,Set1,Draw4,4,col4,Combined|Set1|Draw4|col4,A,own,1,3,1,4,4,5,00366,5,3,True,4,7,29,8
NewJersey4,LS1,Combined,Set1,Draw4,4,col4,Combined|Set1|Draw4|col4,A,own,1,3,1,4,4,6,0066,4,2,True,4,7,29,8
NewJersey4,LS1,Combined,Set1,Draw4,4,col4,Combined|Set1|Draw4|col4,A,own,1,3,1,4,4,7,66,2,1,True,4,7,29,8
NewJersey4,LS1,Combined,Set1,Draw4,4,col4,Combined|Set1|Draw4|col4,A,combined,1,3,1,4,4,0,52001386677,11,8,False,7,13,57,14
NewJersey4,LS1,Combined,Set1,Draw4,4,col4,Combined|Set1|Draw4|col4,A,combined,1,3,1,4,4,1,52001366,8,6,False,7,13,57,14
NewJersey4,LS1,Combined,Set1,Draw4,4,col4,Combined|Set1|Draw4|col4,A,combined,1,3,1,4,4,2,52001366,8,6,False,7,13,57,14
NewJersey4,LS1,Combined,Set1,Draw4,4,col4,Combined|Set1|Draw4|col4,A,combined,1,3,1,4,4,3,2001366,7,5,False,7,13,57,14
NewJersey4,LS1,Combined,Set1,Draw4,4,col4,Combined|Set1|Draw4|col4,A,combined,1,3,1,4,4,4,2001366,7,5,False,7,13,57,14
NewJersey4,LS1,Combined,Set1,Draw4,4,col4,Combined|Set1|Draw4|col4,A,combined,1,3,1,4,4,5,2001366,7,5,False,7,13,57,14
NewJersey4,LS1,Combined,Set1,Draw4,4,col4,Combined|Set1|Draw4|col4,A,combined,1,3,1,4,4,6,2001366,7,5,False,7,13,57,14
NewJersey4,LS1,Combined,Set1,Draw4,4,col4,Combined|Set1|Draw4|col4,A,combined,1,3,1,4,4,7,00366,5,3,True,7,13,57,14
NewJersey4,LS1,Combined,Set1,Draw4,4,col4,Combined|Set1|Draw4|col4,A,combined,1,3,1,4,4,8,00366,5,3,True,7,13,57,14
NewJersey4,LS1,Combined,Set1,Draw4,4,col4,Combined|Set1|Draw4|col4,A,combined,1,3,1,4,4,9,00366,5,3,True,7,13,57,14
NewJersey4,LS1,Combined,Set1,Draw4,4,col4,Combined|Set1|Draw4|col4,A,combined,1,3,1,4,4,10,00366,5,3,True,7,13,57,14
NewJersey4,LS1,Combined,Set1,Draw4,4,col4,Combined|Set1|Draw4|col4,A,combined,1,3,1,4,4,11,0066,4,2,True,7,13,57,14
NewJersey4,LS1,Combined,Set1,Draw4,4,col4,Combined|Set1|Draw4|col4,A,combined,1,3,1,4,4,12,0066,4,2,True,7,13,57,14
NewJersey4,LS1,Combined,Set1,Draw4,4,col4,Combined|Set1|Draw4|col4,A,combined,1,3,1,4,4,13,66,2,1,True,7,13,57,14
NewJersey4,LS1,Combined,Set1,Draw4,4,col4,Combined|Set1|Draw4|col4,B,own,1,3,1,4,4,0,52001386677,11,8,False,3,11,12,7
NewJersey4,LS1,Combined,Set1,Draw4,4,col4,Combined|Set1|Draw4|col4,B,own,1,3,1,4,4,1,5200166,7,5,False,3,11,12,7
NewJersey4,LS1,Combined,Set1,Draw4,4,col4,Combined|Set1|Draw4|col4,B,own,1,3,1,4,4,2,200166,6,4,False,3,11,12,7
NewJersey4,LS1,Combined,Set1,Draw4,4,col4,Combined|Set1|Draw4|col4,B,own,1,3,1,4,4,3,2166,4,3,True,3,11,12,7
NewJersey4,LS1,Combined,Set1,Draw4,4,col4,Combined|Set1|Draw4|col4,B,own,1,3,1,4,4,4,66,2,1,True,3,11,12,7
NewJersey4,LS1,Combined,Set1,Draw4,4,col4,Combined|Set1|Draw4|col4,B,own,1,3,1,4,4,5,66,2,1,True,3,11,12,7
NewJersey4,LS1,Combined,Set1,Draw4,4,col4,Combined|Set1|Draw4|col4,B,own,1,3,1,4,4,11,,0,0,False,3,11,12,7
NewJersey4,LS1,Combined,Set1,Draw4,4,col4,Combined|Set1|Draw4|col4,B,combined,1,3,1,4,4,0,52001386677,11,8,False,3,8,9,8
NewJersey4,LS1,Combined,Set1,Draw4,4,col4,Combined|Set1|Draw4|col4,B,combined,1,3,1,4,4,1,5200166,7,5,False,3,8,9,8
NewJersey4,LS1,Combined,Set1,Draw4,4,col4,Combined|Set1|Draw4|col4,B,combined,1,3,1,4,4,2,500166,6,4,False,3,8,9,8
NewJersey4,LS1,Combined,Set1,Draw4,4,col4,Combined|Set1|Draw4|col4,B,combined,1,3,1,4,4,3,00166,5,3,True,3,8,9,8
NewJersey4,LS1,Combined,Set1,Draw4,4,col4,Combined|Set1|Draw4|col4,B,combined,1,3,1,4,4,4,166,3,2,True,3,8,9,8
NewJersey4,LS1,Combined,Set1,Draw4,4,col4,Combined|Set1|Draw4|col4,B,combined,1,3,1,4,4,5,166,3,2,True,3,8,9,8
NewJersey4,LS1,Combined,Set1,Draw4,4,col4,Combined|Set1|Draw4|col4,B,combined,1,3,1,4,4,7,66,2,1,True,3,8,9,8
NewJersey4,LS1,Combined,Set1,Draw4,4,col4,Combined|Set1|Draw4|col4,B,combined,1,3,1,4,4,8,,0,0,False,3,8,9,8
NewJersey4,LS1,Combined,Set1,Draw4,4,col4,Combined|Set1|Draw4|col4,C,own,1,3,1,4,4,0,52001386677,11,8,False,2,4,5,5
NewJersey4,LS1,Combined,Set1,Draw4,4,col4,Combined|Set1|Draw4|col4,C,own,1,3,1,4,4,1,500166,6,4,False,2,4,5,5
NewJersey4,LS1,Combined,Set1,Draw4,4,col4,Combined|Set1|Draw4|col4,C,own,1,3,1,4,4,2,166,3,2,True,2,4,5,5
NewJersey4,LS1,Combined,Set1,Draw4,4,col4,Combined|Set1|Draw4|col4,C,own,1,3,1,4,4,3,166,3,2,True,2,4,5,5
NewJersey4,LS1,Combined,Set1,Draw4,4,col4,Combined|Set1|Draw4|col4,C,own,1,3,1,4,4,4,,0,0,False,2,4,5,5
NewJersey4,LS1,Combined,Set1,Draw4,4,col4,Combined|Set1|Draw4|col4,C,combined,1,3,1,4,4,0,52001386677,11,8,False,3,7,8,6
NewJersey4,LS1,Combined,Set1,Draw4,4,col4,Combined|Set1|Draw4|col4,C,combined,1,3,1,4,4,1,500166,6,4,False,3,7,8,6
NewJersey4,LS1,Combined,Set1,Draw4,4,col4,Combined|Set1|Draw4|col4,C,combined,1,3,1,4,4,2,500166,6,4,False,3,7,8,6
NewJersey4,LS1,Combined,Set1,Draw4,4,col4,Combined|Set1|Draw4|col4,C,combined,1,3,1,4,4,3,166,3,2,True,3,7,8,6
NewJersey4,LS1,Combined,Set1,Draw4,4,col4,Combined|Set1|Draw4|col4,C,combined,1,3,1,4,4,4,166,3,2,True,3,7,8,6
NewJersey4,LS1,Combined,Set1,Draw4,4,col4,Combined|Set1|Draw4|col4,C,combined,1,3,1,4,4,7,,0,0,False,3,7,8,6
NewJersey4,LS1,Combined,Set1,Draw4,4,col4,Combined|Set1|Draw4|col4,D,own,1,3,1,4,4,0,52001386677,11,8,False,2,11,12,7
NewJersey4,LS1,Combined,Set1,Draw4,4,col4,Combined|Set1|Draw4|col4,D,own,1,3,1,4,4,1,500166,6,4,False,2,11,12,7
NewJersey4,LS1,Combined,Set1,Draw4,4,col4,Combined|Set1|Draw4|col4,D,own,1,3,1,4,4,2,0166,4,3,True,2,11,12,7
NewJersey4,LS1,Combined,Set1,Draw4,4,col4,Combined|Set1|Draw4|col4,D,own,1,3,1,4,4,3,166,3,2,True,2,11,12,7
NewJersey4,LS1,Combined,Set1,Draw4,4,col4,Combined|Set1|Draw4|col4,D,own,1,3,1,4,4,4,6,1,1,True,2,11,12,7
NewJersey4,LS1,Combined,Set1,Draw4,4,col4,Combined|Set1|Draw4|col4,D,own,1,3,1,4,4,5,6,1,1,True,2,11,12,7
NewJersey4,LS1,Combined,Set1,Draw4,4,col4,Combined|Set1|Draw4|col4,D,own,1,3,1,4,4,11,,0,0,False,2,11,12,7
NewJersey4,LS1,Combined,Set1,Draw4,4,col4,Combined|Set1|Draw4|col4,D,combined,1,3,1,4,4,0,52001386677,11,8,False,3,8,9,8
NewJersey4,LS1,Combined,Set1,Draw4,4,col4,Combined|Set1|Draw4|col4,D,combined,1,3,1,4,4,1,500166,6,4,False,3,8,9,8
NewJersey4,LS1,Combined,Set1,Draw4,4,col4,Combined|Set1|Draw4|col4,D,combined,1,3,1,4,4,2,500166,6,4,False,3,8,9,8
NewJersey4,LS1,Combined,Set1,Draw4,4,col4,Combined|Set1|Draw4|col4,D,combined,1,3,1,4,4,3,0166,4,3,True,3,8,9,8
NewJersey4,LS1,Combined,Set1,Draw4,4,col4,Combined|Set1|Draw4|col4,D,combined,1,3,1,4,4,4,166,3,2,True,3,8,9,8
NewJersey4,LS1,Combined,Set1,Draw4,4,col4,Combined|Set1|Draw4|col4,D,combined,1,3,1,4,4,5,166,3,2,True,3,8,9,8
NewJersey4,LS1,Combined,Set1,Draw4,4,col4,Combined|Set1|Draw4|col4,D,combined,1,3,1,4,4,7,6,1,1,True,3,8,9,8
NewJersey4,LS1,Combined,Set1,Draw4,4,col4,Combined|Set1|Draw4|col4,D,combined,1,3,1,4,4,8,,0,0,False,3,8,9,8
NewJersey4,LS1,Combined,Set1,Draw4,4,col4,Combined|Set1|Draw4|col4,E,own,1,3,1,4,4,0,52001386677,11,8,False,4,17,18,11
NewJersey4,LS1,Combined,Set1,Draw4,4,col4,Combined|Set1|Draw4|col4,E,own,1,3,1,4,4,1,52001667,8,6,False,4,17,18,11
NewJersey4,LS1,Combined,Set1,Draw4,4,col4,Combined|Set1|Draw4|col4,E,own,1,3,1,4,4,2,2001667,7,5,False,4,17,18,11
NewJersey4,LS1,Combined,Set1,Draw4,4,col4,Combined|Set1|Draw4|col4,E,own,1,3,1,4,4,3,21667,5,4,False,4,17,18,11
NewJersey4,LS1,Combined,Set1,Draw4,4,col4,Combined|Set1|Draw4|col4,E,own,1,3,1,4,4,4,667,3,2,True,4,17,18,11
NewJersey4,LS1,Combined,Set1,Draw4,4,col4,Combined|Set1|Draw4|col4,E,own,1,3,1,4,4,5,667,3,2,True,4,17,18,11
NewJersey4,LS1,Combined,Set1,Draw4,4,col4,Combined|Set1|Draw4|col4,E,own,1,3,1,4,4,7,66,2,1,True,4,17,18,11
NewJersey4,LS1,Combined,Set1,Draw4,4,col4,Combined|Set1|Draw4|col4,E,own,1,3,1,4,4,8,66,2,1,True,4,17,18,11
NewJersey4,LS1,Combined,Set1,Draw4,4,col4,Combined|Set1|Draw4|col4,E,own,1,3,1,4,4,11,6,1,1,True,4,17,18,11
NewJersey4,LS1,Combined,Set1,Draw4,4,col4,Combined|Set1|Draw4|col4,E,own,1,3,1,4,4,12,6,1,1,True,4,17,18,11
NewJersey4,LS1,Combined,Set1,Draw4,4,col4,Combined|Set1|Draw4|col4,E,own,1,3,1,4,4,17,,0,0,False,4,17,18,11
NewJersey4,LS1,Combined,Set1,Draw4,4,col4,Combined|Set1|Draw4|col4,E,combined,1,3,1,4,4,0,52001386677,11,8,False,5,21,22,11
NewJersey4,LS1,Combined,Set1,Draw4,4,col4,Combined|Set1|Draw4|col4,E,combined,1,3,1,4,4,1,52001667,8,6,False,5,21,22,11
NewJersey4,LS1,Combined,Set1,Draw4,4,col4,Combined|Set1|Draw4|col4,E,combined,1,3,1,4,4,2,5200166,7,5,False,5,21,22,11
NewJersey4,LS1,Combined,Set1,Draw4,4,col4,Combined|Set1|Draw4|col4,E,combined,1,3,1,4,4,3,200166,6,4,False,5,21,22,11
NewJersey4,LS1,Combined,Set1,Draw4,4,col4,Combined|Set1|Draw4|col4,E,combined,1,3,1,4,4,4,20166,5,4,False,5,21,22,11
NewJersey4,LS1,Combined,Set1,Draw4,4,col4,Combined|Set1|Draw4|col4,E,combined,1,3,1,4,4,5,2166,4,3,True,5,21,22,11
NewJersey4,LS1,Combined,Set1,Draw4,4,col4,Combined|Set1|Draw4|col4,E,combined,1,3,1,4,4,6,2166,4,3,True,5,21,22,11
NewJersey4,LS1,Combined,Set1,Draw4,4,col4,Combined|Set1|Draw4|col4,E,combined,1,3,1,4,4,7,66,2,1,True,5,21,22,11
NewJersey4,LS1,Combined,Set1,Draw4,4,col4,Combined|Set1|Draw4|col4,E,combined,1,3,1,4,4,8,6,1,1,True,5,21,22,11
NewJersey4,LS1,Combined,Set1,Draw4,4,col4,Combined|Set1|Draw4|col4,E,combined,1,3,1,4,4,9,6,1,1,True,5,21,22,11
NewJersey4,LS1,Combined,Set1,Draw4,4,col4,Combined|Set1|Draw4|col4,E,combined,1,3,1,4,4,21,,0,0,False,5,21,22,11
NewJersey4,LS1,Combined,Set1,Draw4,4,col4,Combined|Set1|Draw4|col4,T,own,1,3,1,4,4,0,52001386677,11,8,False,2,4,29,5
NewJersey4,LS1,Combined,Set1,Draw4,4,col4,Combined|Set1|Draw4|col4,T,own,1,3,1,4,4,1,500166,6,4,False,2,4,29,5
NewJersey4,LS1,Combined,Set1,Draw4,4,col4,Combined|Set1|Draw4|col4,T,own,1,3,1,4,4,2,166,3,2,True,2,4,29,5
NewJersey4,LS1,Combined,Set1,Draw4,4,col4,Combined|Set1|Draw4|col4,T,own,1,3,1,4,4,3,166,3,2,True,2,4,29,5
NewJersey4,LS1,Combined,Set1,Draw4,4,col4,Combined|Set1|Draw4|col4,T,own,1,3,1,4,4,4,66,2,1,True,2,4,29,5
NewJersey4,LS1,Combined,Set1,Draw4,4,col4,Combined|Set1|Draw4|col4,T,combined,1,3,1,4,4,0,52001386677,11,8,False,3,7,57,6
NewJersey4,LS1,Combined,Set1,Draw4,4,col4,Combined|Set1|Draw4|col4,T,combined,1,3,1,4,4,1,500166,6,4,False,3,7,57,6
NewJersey4,LS1,Combined,Set1,Draw4,4,col4,Combined|Set1|Draw4|col4,T,combined,1,3,1,4,4,2,500166,6,4,False,3,7,57,6
NewJersey4,LS1,Combined,Set1,Draw4,4,col4,Combined|Set1|Draw4|col4,T,combined,1,3,1,4,4,3,166,3,2,True,3,7,57,6
NewJersey4,LS1,Combined,Set1,Draw4,4,col4,Combined|Set1|Draw4|col4,T,combined,1,3,1,4,4,4,166,3,2,True,3,7,57,6
NewJersey4,LS1,Combined,Set1,Draw4,4,col4,Combined|Set1|Draw4|col4,T,combined,1,3,1,4,4,7,66,2,1,True,3,7,57,6
NewJersey4,LS1,Combined,Set1,Draw4,2,col2,Combined|Set1|Draw4|col2,A,own,1,3,1,4,2,0,200136677**,11,7,False,6,7,29,8
NewJersey4,LS1,Combined,Set1,Draw4,2,col2,Combined|Set1|Draw4|col2,A,own,1,3,1,4,2,1,2001366**,9,6,False,6,7,29,8
NewJersey4,LS1,Combined,Set1,Draw4,2,col2,Combined|Set1|Draw4|col2,A,own,1,3,1,4,2,2,2001366**,9,6,False,6,7,29,8
NewJersey4,LS1,Combined,Set1,Draw4,2,col2,Combined|Set1|Draw4|col2,A,own,1,3,1,4,2,3,2001366**,9,6,False,6,7,29,8
NewJersey4,LS1,Combined,Set1,Draw4,2,col2,Combined|Set1|Draw4|col2,A,own,1,3,1,4,2,4,00366**,7,4,False,6,7,29,8
NewJersey4,LS1,Combined,Set1,Draw4,2,col2,Combined|Set1|Draw4|col2,A,own,1,3,1,4,2,5,00366**,7,4,False,6,7,29,8
NewJersey4,LS1,Combined,Set1,Draw4,2,col2,Combined|Set1|Draw4|col2,A,own,1,3,1,4,2,6,0066**,6,3,True,6,7,29,8
NewJersey4,LS1,Combined,Set1,Draw4,2,col2,Combined|Set1|Draw4|col2,A,own,1,3,1,4,2,7,66**,4,2,True,6,7,29,8
NewJersey4,LS1,Combined,Set1,Draw4,2,col2,Combined|Set1|Draw4|col2,A,combined,1,3,1,4,2,0,200136677**,11,7,False,11,13,57,14
NewJersey4,LS1,Combined,Set1,Draw4,2,col2,Combined|Set1|Draw4|col2,A,combined,1,3,1,4,2,1,2001366**,9,6,False,11,13,57,14
NewJersey4,LS1,Combined,Set1,Draw4,2,col2,Combined|Set1|Draw4|col2,A,combined,1,3,1,4,2,2,2001366**,9,6,False,11,13,57,14
NewJersey4,LS1,Combined,Set1,Draw4,2,col2,Combined|Set1|Draw4|col2,A,combined,1,3,1,4,2,3,2001366**,9,6,False,11,13,57,14
NewJersey4,LS1,Combined,Set1,Draw4,2,col2,Combined|Set1|Draw4|col2,A,combined,1,3,1,4,2,4,2001366**,9,6,False,11,13,57,14
NewJersey4,LS1,Combined,Set1,Draw4,2,col2,Combined|Set1|Draw4|col2,A,combined,1,3,1,4,2,5,2001366**,9,6,False,11,13,57,14
NewJersey4,LS1,Combined,Set1,Draw4,2,col2,Combined|Set1|Draw4|col2,A,combined,1,3,1,4,2,6,2001366**,9,6,False,11,13,57,14
NewJersey4,LS1,Combined,Set1,Draw4,2,col2,Combined|Set1|Draw4|col2,A,combined,1,3,1,4,2,7,00366**,7,4,False,11,13,57,14
NewJersey4,LS1,Combined,Set1,Draw4,2,col2,Combined|Set1|Draw4|col2,A,combined,1,3,1,4,2,8,00366**,7,4,False,11,13,57,14
NewJersey4,LS1,Combined,Set1,Draw4,2,col2,Combined|Set1|Draw4|col2,A,combined,1,3,1,4,2,9,00366**,7,4,False,11,13,57,14
NewJersey4,LS1,Combined,Set1,Draw4,2,col2,Combined|Set1|Draw4|col2,A,combined,1,3,1,4,2,10,00366**,7,4,False,11,13,57,14
NewJersey4,LS1,Combined,Set1,Draw4,2,col2,Combined|Set1|Draw4|col2,A,combined,1,3,1,4,2,11,0066**,6,3,True,11,13,57,14
NewJersey4,LS1,Combined,Set1,Draw4,2,col2,Combined|Set1|Draw4|col2,A,combined,1,3,1,4,2,12,0066**,6,3,True,11,13,57,14
NewJersey4,LS1,Combined,Set1,Draw4,2,col2,Combined|Set1|Draw4|col2,A,combined,1,3,1,4,2,13,66**,4,2,True,11,13,57,14
NewJersey4,LS1,Combined,Set1,Draw4,2,col2,Combined|Set1|Draw4|col2,B,own,1,3,1,4,2,0,200136677**,11,7,False,4,11,29,7
NewJersey4,LS1,Combined,Set1,Draw4,2,col2,Combined|Set1|Draw4|col2,B,own,1,3,1,4,2,1,200166**,8,5,False,4,11,29,7
NewJersey4,LS1,Combined,Set1,Draw4,2,col2,Combined|Set1|Draw4|col2,B,own,1,3,1,4,2,2,2166**,6,4,False,4,11,29,7
NewJersey4,LS1,Combined,Set1,Draw4,2,col2,Combined|Set1|Draw4|col2,B,own,1,3,1,4,2,3,2166**,6,4,False,4,11,29,7
NewJersey4,LS1,Combined,Set1,Draw4,2,col2,Combined|Set1|Draw4|col2,B,own,1,3,1,4,2,4,66**,4,2,True,4,11,29,7
NewJersey4,LS1,Combined,Set1,Draw4,2,col2,Combined|Set1|Draw4|col2,B,own,1,3,1,4,2,5,66**,4,2,True,4,11,29,7
NewJersey4,LS1,Combined,Set1,Draw4,2,col2,Combined|Set1|Draw4|col2,B,own,1,3,1,4,2,11,**,2,1,True,4,11,29,7
NewJersey4,LS1,Combined,Set1,Draw4,2,col2,Combined|Set1|Draw4|col2,B,combined,1,3,1,4,2,0,200136677**,11,7,False,3,8,57,9
NewJersey4,LS1,Combined,Set1,Draw4,2,col2,Combined|Set1|Draw4|col2,B,combined,1,3,1,4,2,1,200166**,8,5,False,3,8,57,9
NewJersey4,LS1,Combined,Set1,Draw4,2,col2,Combined|Set1|Draw4|col2,B,combined,1,3,1,4,2,2,00166**,7,4,False,3,8,57,9
NewJersey4,LS1,Combined,Set1,Draw4,2,col2,Combined|Set1|Draw4|col2,B,combined,1,3,1,4,2,3,166**,5,3,True,3,8,57,9
NewJersey4,LS1,Combined,Set1,Draw4,2,col2,Combined|Set1|Draw4|col2,B,combined,1,3,1,4,2,4,166**,5,3,True,3,8,57,9
NewJersey4,LS1,Combined,Set1,Draw4,2,col2,Combined|Set1|Draw4|col2,B,combined,1,3,1,4,2,5,166**,5,3,True,3,8,57,9
NewJersey4,LS1,Combined,Set1,Draw4,2,col2,Combined|Set1|Draw4|col2,B,combined,1,3,1,4,2,6,166**,5,3,True,3,8,57,9
NewJersey4,LS1,Combined,Set1,Draw4,2,col2,Combined|Set1|Draw4|col2,B,combined,1,3,1,4,2,7,66**,4,2,True,3,8,57,9
NewJersey4,LS1,Combined,Set1,Draw4,2,col2,Combined|Set1|Draw4|col2,B,combined,1,3,1,4,2,8,**,2,1,True,3,8,57,9
NewJersey4,LS1,Combined,Set1,Draw4,2,col2,Combined|Set1|Draw4|col2,C,own,1,3,1,4,2,0,200136677**,11,7,False,2,4,29,5
NewJersey4,LS1,Combined,Set1,Draw4,2,col2,Combined|Set1|Draw4|col2,C,own,1,3,1,4,2,1,00166**,7,4,False,2,4,29,5
NewJersey4,LS1,Combined,Set1,Draw4,2,col2,Combined|Set1|Draw4|col2,C,own,1,3,1,4,2,2,166**,5,3,True,2,4,29,5
NewJersey4,LS1,Combined,Set1,Draw4,2,col2,Combined|Set1|Draw4|col2,C,own,1,3,1,4,2,3,166**,5,3,True,2,4,29,5
NewJersey4,LS1,Combined,Set1,Draw4,2,col2,Combined|Set1|Draw4|col2,C,own,1,3,1,4,2,4,**,2,1,True,2,4,29,5
NewJersey4,LS1,Combined,Set1,Draw4,2,col2,Combined|Set1|Draw4|col2,C,combined,1,3,1,4,2,0,200136677**,11,7,False,3,7,57,8
NewJersey4,LS1,Combined,Set1,Draw4,2,col2,Combined|Set1|Draw4|col2,C,combined,1,3,1,4,2,1,00166**,7,4,False,3,7,57,8
NewJersey4,LS1,Combined,Set1,Draw4,2,col2,Combined|Set1|Draw4|col2,C,combined,1,3,1,4,2,2,00166**,7,4,False,3,7,57,8
NewJersey4,LS1,Combined,Set1,Draw4,2,col2,Combined|Set1|Draw4|col2,C,combined,1,3,1,4,2,3,166**,5,3,True,3,7,57,8
NewJersey4,LS1,Combined,Set1,Draw4,2,col2,Combined|Set1|Draw4|col2,C,combined,1,3,1,4,2,4,166**,5,3,True,3,7,57,8
NewJersey4,LS1,Combined,Set1,Draw4,2,col2,Combined|Set1|Draw4|col2,C,combined,1,3,1,4,2,5,166**,5,3,True,3,7,57,8
NewJersey4,LS1,Combined,Set1,Draw4,2,col2,Combined|Set1|Draw4|col2,C,combined,1,3,1,4,2,6,166**,5,3,True,3,7,57,8
NewJersey4,LS1,Combined,Set1,Draw4,2,col2,Combined|Set1|Draw4|col2,C,combined,1,3,1,4,2,7,**,2,1,True,3,7,57,8
NewJersey4,LS1,Combined,Set1,Draw4,2,col2,Combined|Set1|Draw4|col2,D,own,1,3,1,4,2,0,200136677**,11,7,False,3,11,29,7
NewJersey4,LS1,Combined,Set1,Draw4,2,col2,Combined|Set1|Draw4|col2,D,own,1,3,1,4,2,1,00166**,7,4,False,3,11,29,7
NewJersey4,LS1,Combined,Set1,Draw4,2,col2,Combined|Set1|Draw4|col2,D,own,1,3,1,4,2,2,0166**,6,4,False,3,11,29,7
NewJersey4,LS1,Combined,Set1,Draw4,2,col2,Combined|Set1|Draw4|col2,D,own,1,3,1,4,2,3,166**,5,3,True,3,11,29,7
NewJersey4,LS1,Combined,Set1,Draw4,2,col2,Combined|Set1|Draw4|col2,D,own,1,3,1,4,2,4,6**,3,2,True,3,11,29,7
NewJersey4,LS1,Combined,Set1,Draw4,2,col2,Combined|Set1|Draw4|col2,D,own,1,3,1,4,2,5,6**,3,2,True,3,11,29,7
NewJersey4,LS1,Combined,Set1,Draw4,2,col2,Combined|Set1|Draw4|col2,D,own,1,3,1,4,2,11,**,2,1,True,3,11,29,7
NewJersey4,LS1,Combined,Set1,Draw4,2,col2,Combined|Set1|Draw4|col2,D,combined,1,3,1,4,2,0,200136677**,11,7,False,4,8,57,9
NewJersey4,LS1,Combined,Set1,Draw4,2,col2,Combined|Set1|Draw4|col2,D,combined,1,3,1,4,2,1,00166**,7,4,False,4,8,57,9
NewJersey4,LS1,Combined,Set1,Draw4,2,col2,Combined|Set1|Draw4|col2,D,combined,1,3,1,4,2,2,00166**,7,4,False,4,8,57,9
NewJersey4,LS1,Combined,Set1,Draw4,2,col2,Combined|Set1|Draw4|col2,D,combined,1,3,1,4,2,3,0166**,6,4,False,4,8,57,9
NewJersey4,LS1,Combined,Set1,Draw4,2,col2,Combined|Set1|Draw4|col2,D,combined,1,3,1,4,2,4,166**,5,3,True,4,8,57,9
NewJersey4,LS1,Combined,Set1,Draw4,2,col2,Combined|Set1|Draw4|col2,D,combined,1,3,1,4,2,5,166**,5,3,True,4,8,57,9
NewJersey4,LS1,Combined,Set1,Draw4,2,col2,Combined|Set1|Draw4|col2,D,combined,1,3,1,4,2,6,166**,5,3,True,4,8,57,9
NewJersey4,LS1,Combined,Set1,Draw4,2,col2,Combined|Set1|Draw4|col2,D,combined,1,3,1,4,2,7,6**,3,2,True,4,8,57,9
NewJersey4,LS1,Combined,Set1,Draw4,2,col2,Combined|Set1|Draw4|col2,D,combined,1,3,1,4,2,8,**,2,1,True,4,8,57,9
NewJersey4,LS1,Combined,Set1,Draw4,2,col2,Combined|Set1|Draw4|col2,E,own,1,3,1,4,2,0,200136677**,11,7,False,4,17,29,12
NewJersey4,LS1,Combined,Set1,Draw4,2,col2,Combined|Set1|Draw4|col2,E,own,1,3,1,4,2,1,2001667**,9,6,False,4,17,29,12
NewJersey4,LS1,Combined,Set1,Draw4,2,col2,Combined|Set1|Draw4|col2,E,own,1,3,1,4,2,2,201667**,8,6,False,4,17,29,12
NewJersey4,LS1,Combined,Set1,Draw4,2,col2,Combined|Set1|Draw4|col2,E,own,1,3,1,4,2,3,21667**,7,5,False,4,17,29,12
NewJersey4,LS1,Combined,Set1,Draw4,2,col2,Combined|Set1|Draw4|col2,E,own,1,3,1,4,2,4,667**,5,3,True,4,17,29,12
NewJersey4,LS1,Combined,Set1,Draw4,2,col2,Combined|Set1|Draw4|col2,E,own,1,3,1,4,2,5,667**,5,3,True,4,17,29,12
NewJersey4,LS1,Combined,Set1,Draw4,2,col2,Combined|Set1|Draw4|col2,E,own,1,3,1,4,2,6,667**,5,3,True,4,17,29,12
NewJersey4,LS1,Combined,Set1,Draw4,2,col2,Combined|Set1|Draw4|col2,E,own,1,3,1,4,2,7,66**,4,2,True,4,17,29,12
NewJersey4,LS1,Combined,Set1,Draw4,2,col2,Combined|Set1|Draw4|col2,E,own,1,3,1,4,2,8,66**,4,2,True,4,17,29,12
NewJersey4,LS1,Combined,Set1,Draw4,2,col2,Combined|Set1|Draw4|col2,E,own,1,3,1,4,2,11,6**,3,2,True,4,17,29,12
NewJersey4,LS1,Combined,Set1,Draw4,2,col2,Combined|Set1|Draw4|col2,E,own,1,3,1,4,2,12,6**,3,2,True,4,17,29,12
NewJersey4,LS1,Combined,Set1,Draw4,2,col2,Combined|Set1|Draw4|col2,E,own,1,3,1,4,2,17,**,2,1,True,4,17,29,12
NewJersey4,LS1,Combined,Set1,Draw4,2,col2,Combined|Set1|Draw4|col2,E,combined,1,3,1,4,2,0,200136677**,11,7,False,7,21,57,11
NewJersey4,LS1,Combined,Set1,Draw4,2,col2,Combined|Set1|Draw4|col2,E,combined,1,3,1,4,2,1,2001667**,9,6,False,7,21,57,11
NewJersey4,LS1,Combined,Set1,Draw4,2,col2,Combined|Set1|Draw4|col2,E,combined,1,3,1,4,2,2,200166**,8,5,False,7,21,57,11
NewJersey4,LS1,Combined,Set1,Draw4,2,col2,Combined|Set1|Draw4|col2,E,combined,1,3,1,4,2,3,20166**,7,5,False,7,21,57,11
NewJersey4,LS1,Combined,Set1,Draw4,2,col2,Combined|Set1|Draw4|col2,E,combined,1,3,1,4,2,4,2166**,6,4,False,7,21,57,11
NewJersey4,LS1,Combined,Set1,Draw4,2,col2,Combined|Set1|Draw4|col2,E,combined,1,3,1,4,2,5,2166**,6,4,False,7,21,57,11
NewJersey4,LS1,Combined,Set1,Draw4,2,col2,Combined|Set1|Draw4|col2,E,combined,1,3,1,4,2,6,2166**,6,4,False,7,21,57,11
NewJersey4,LS1,Combined,Set1,Draw4,2,col2,Combined|Set1|Draw4|col2,E,combined,1,3,1,4,2,7,66**,4,2,True,7,21,57,11
NewJersey4,LS1,Combined,Set1,Draw4,2,col2,Combined|Set1|Draw4|col2,E,combined,1,3,1,4,2,8,6**,3,2,True,7,21,57,11
NewJersey4,LS1,Combined,Set1,Draw4,2,col2,Combined|Set1|Draw4|col2,E,combined,1,3,1,4,2,9,6**,3,2,True,7,21,57,11
NewJersey4,LS1,Combined,Set1,Draw4,2,col2,Combined|Set1|Draw4|col2,E,combined,1,3,1,4,2,21,**,2,1,True,7,21,57,11
NewJersey4,LS1,Combined,Set1,Draw4,2,col2,Combined|Set1|Draw4|col2,T,own,1,3,1,4,2,0,200136677**,11,7,False,2,4,29,5
NewJersey4,LS1,Combined,Set1,Draw4,2,col2,Combined|Set1|Draw4|col2,T,own,1,3,1,4,2,1,00166**,7,4,False,2,4,29,5
NewJersey4,LS1,Combined,Set1,Draw4,2,col2,Combined|Set1|Draw4|col2,T,own,1,3,1,4,2,2,166**,5,3,True,2,4,29,5
NewJersey4,LS1,Combined,Set1,Draw4,2,col2,Combined|Set1|Draw4|col2,T,own,1,3,1,4,2,3,166**,5,3,True,2,4,29,5
NewJersey4,LS1,Combined,Set1,Draw4,2,col2,Combined|Set1|Draw4|col2,T,own,1,3,1,4,2,4,**,2,1,True,2,4,29,5
NewJersey4,LS1,Combined,Set1,Draw4,2,col2,Combined|Set1|Draw4|col2,T,combined,1,3,1,4,2,0,200136677**,11,7,False,3,7,57,8
NewJersey4,LS1,Combined,Set1,Draw4,2,col2,Combined|Set1|Draw4|col2,T,combined,1,3,1,4,2,1,00166**,7,4,False,3,7,57,8
NewJersey4,LS1,Combined,Set1,Draw4,2,col2,Combined|Set1|Draw4|col2,T,combined,1,3,1,4,2,2,00166**,7,4,False,3,7,57,8
NewJersey4,LS1,Combined,Set1,Draw4,2,col2,Combined|Set1|Draw4|col2,T,combined,1,3,1,4,2,3,166**,5,3,True,3,7,57,8
NewJersey4,LS1,Combined,Set1,Draw4,2,col2,Combined|Set1|Draw4|col2,T,combined,1,3,1,4,2,4,166**,5,3,True,3,7,57,8
NewJersey4,LS1,Combined,Set1,Draw4,2,col2,Combined|Set1|Draw4|col2,T,combined,1,3,1,4,2,5,166**,5,3,True,3,7,57,8
NewJersey4,LS1,Combined,Set1,Draw4,2,col2,Combined|Set1|Draw4|col2,T,combined,1,3,1,4,2,6,166**,5,3,True,3,7,57,8
NewJersey4,LS1,Combined,Set1,Draw4,2,col2,Combined|Set1|Draw4|col2,T,combined,1,3,1,4,2,7,**,2,1,True,3,7,57,8
NewJersey4,LS1,Combined,Set1,Draw5,3,col3,Combined|Set1|Draw5|col3,A,own,1,3,1,5,3,0,9920013386677,13,8,False,4,7,29,8
NewJersey4,LS1,Combined,Set1,Draw5,3,col3,Combined|Set1|Draw5|col3,A,own,1,3,1,5,3,1,9920013366,10,6,False,4,7,29,8
NewJersey4,LS1,Combined,Set1,Draw5,3,col3,Combined|Set1|Draw5|col3,A,own,1,3,1,5,3,2,20013366,8,5,False,4,7,29,8
NewJersey4,LS1,Combined,Set1,Draw5,3,col3,Combined|Set1|Draw5|col3,A,own,1,3,1,5,3,3,20013366,8,5,False,4,7,29,8
NewJersey4,LS1,Combined,Set1,Draw5,3,col3,Combined|Set1|Draw5|col3,A,own,1,3,1,5,3,4,003366,6,3,True,4,7,29,8
NewJersey4,LS1,Combined,Set1,Draw5,3,col3,Combined|Set1|Draw5|col3,A,own,1,3,1,5,3,5,003366,6,3,True,4,7,29,8
NewJersey4,LS1,Combined,Set1,Draw5,3,col3,Combined|Set1|Draw5|col3,A,own,1,3,1,5,3,6,0066,4,2,True,4,7,29,8
NewJersey4,LS1,Combined,Set1,Draw5,3,col3,Combined|Set1|Draw5|col3,A,own,1,3,1,5,3,7,66,2,1,True,4,7,29,8
NewJersey4,LS1,Combined,Set1,Draw5,3,col3,Combined|Set1|Draw5|col3,A,combined,1,3,1,5,3,0,9920013386677,13,8,False,7,13,57,14
NewJersey4,LS1,Combined,Set1,Draw5,3,col3,Combined|Set1|Draw5|col3,A,combined,1,3,1,5,3,1,9920013366,10,6,False,7,13,57,14
NewJersey4,LS1,Combined,Set1,Draw5,3,col3,Combined|Set1|Draw5|col3,A,combined,1,3,1,5,3,2,9920013366,10,6,False,7,13,57,14
NewJersey4,LS1,Combined,Set1,Draw5,3,col3,Combined|Set1|Draw5|col3,A,combined,1,3,1,5,3,3,20013366,8,5,False,7,13,57,14
NewJersey4,LS1,Combined,Set1,Draw5,3,col3,Combined|Set1|Draw5|col3,A,combined,1,3,1,5,3,4,20013366,8,5,False,7,13,57,14
NewJersey4,LS1,Combined,Set1,Draw5,3,col3,Combined|Set1|Draw5|col3,A,combined,1,3,1,5,3,5,20013366,8,5,False,7,13,57,14
NewJersey4,LS1,Combined,Set1,Draw5,3,col3,Combined|Set1|Draw5|col3,A,combined,1,3,1,5,3,6,20013366,8,5,False,7,13,57,14
NewJersey4,LS1,Combined,Set1,Draw5,3,col3,Combined|Set1|Draw5|col3,A,combined,1,3,1,5,3,7,003366,6,3,True,7,13,57,14
NewJersey4,LS1,Combined,Set1,Draw5,3,col3,Combined|Set1|Draw5|col3,A,combined,1,3,1,5,3,8,003366,6,3,True,7,13,57,14
NewJersey4,LS1,Combined,Set1,Draw5,3,col3,Combined|Set1|Draw5|col3,A,combined,1,3,1,5,3,9,003366,6,3,True,7,13,57,14
NewJersey4,LS1,Combined,Set1,Draw5,3,col3,Combined|Set1|Draw5|col3,A,combined,1,3,1,5,3,10,003366,6,3,True,7,13,57,14
NewJersey4,LS1,Combined,Set1,Draw5,3,col3,Combined|Set1|Draw5|col3,A,combined,1,3,1,5,3,11,0066,4,2,True,7,13,57,14
NewJersey4,LS1,Combined,Set1,Draw5,3,col3,Combined|Set1|Draw5|col3,A,combined,1,3,1,5,3,12,0066,4,2,True,7,13,57,14
NewJersey4,LS1,Combined,Set1,Draw5,3,col3,Combined|Set1|Draw5|col3,A,combined,1,3,1,5,3,13,66,2,1,True,7,13,57,14
NewJersey4,LS1,Combined,Set1,Draw5,3,col3,Combined|Set1|Draw5|col3,B,own,1,3,1,5,3,0,9920013386677,13,8,False,2,11,12,7
NewJersey4,LS1,Combined,Set1,Draw5,3,col3,Combined|Set1|Draw5|col3,B,own,1,3,1,5,3,1,99200166,8,5,False,2,11,12,7
NewJersey4,LS1,Combined,Set1,Draw5,3,col3,Combined|Set1|Draw5|col3,B,own,1,3,1,5,3,2,2166,4,3,True,2,11,12,7
NewJersey4,LS1,Combined,Set1,Draw5,3,col3,Combined|Set1|Draw5|col3,B,own,1,3,1,5,3,3,2166,4,3,True,2,11,12,7
NewJersey4,LS1,Combined,Set1,Draw5,3,col3,Combined|Set1|Draw5|col3,B,own,1,3,1,5,3,4,66,2,1,True,2,11,12,7
NewJersey4,LS1,Combined,Set1,Draw5,3,col3,Combined|Set1|Draw5|col3,B,own,1,3,1,5,3,5,66,2,1,True,2,11,12,7
NewJersey4,LS1,Combined,Set1,Draw5,3,col3,Combined|Set1|Draw5|col3,B,own,1,3,1,5,3,11,,0,0,False,2,11,12,7
NewJersey4,LS1,Combined,Set1,Draw5,3,col3,Combined|Set1|Draw5|col3,B,combined,1,3,1,5,3,0,9920013386677,13,8,False,3,8,9,7
NewJersey4,LS1,Combined,Set1,Draw5,3,col3,Combined|Set1|Draw5|col3,B,combined,1,3,1,5,3,1,99200166,8,5,False,3,8,9,7
NewJersey4,LS1,Combined,Set1,Draw5,3,col3,Combined|Set1|Draw5|col3,B,combined,1,3,1,5,3,2,9900166,7,4,False,3,8,9,7
NewJersey4,LS1,Combined,Set1,Draw5,3,col3,Combined|Set1|Draw5|col3,B,combined,1,3,1,5,3,3,166,3,2,True,3,8,9,7
NewJersey4,LS1,Combined,Set1,Draw5,3,col3,Combined|Set1|Draw5|col3,B,combined,1,3,1,5,3,4,166,3,2,True,3,8,9,7
NewJersey4,LS1,Combined,Set1,Draw5,3,col3,Combined|Set1|Draw5|col3,B,combined,1,3,1,5,3,7,66,2,1,True,3,8,9,7
NewJersey4,LS1,Combined,Set1,Draw5,3,col3,Combined|Set1|Draw5|col3,B,combined,1,3,1,5,3,8,,0,0,False,3,8,9,7
NewJersey4,LS1,Combined,Set1,Draw5,3,col3,Combined|Set1|Draw5|col3,C,own,1,3,1,5,3,0,9920013386677,13,8,False,2,4,5,5
NewJersey4,LS1,Combined,Set1,Draw5,3,col3,Combined|Set1|Draw5|col3,C,own,1,3,1,5,3,1,9900166,7,4,False,2,4,5,5
NewJersey4,LS1,Combined,Set1,Draw5,3,col3,Combined|Set1|Draw5|col3,C,own,1,3,1,5,3,2,166,3,2,True,2,4,5,5
NewJersey4,LS1,Combined,Set1,Draw5,3,col3,Combined|Set1|Draw5|col3,C,own,1,3,1,5,3,3,166,3,2,True,2,4,5,5
NewJersey4,LS1,Combined,Set1,Draw5,3,col3,Combined|Set1|Draw5|col3,C,own,1,3,1,5,3,4,,0,0,False,2,4,5,5
NewJersey4,LS1,Combined,Set1,Draw5,3,col3,Combined|Set1|Draw5|col3,C,combined,1,3,1,5,3,0,9920013386677,13,8,False,3,7,8,6
NewJersey4,LS1,Combined,Set1,Draw5,3,col3,Combined|Set1|Draw5|col3,C,combined,1,3,1,5,3,1,9900166,7,4,False,3,7,8,6
NewJersey4,LS1,Combined,Set1,Draw5,3,col3,Combined|Set1|Draw5|col3,C,combined,1,3,1,5,3,2,9900166,7,4,False,3,7,8,6
NewJersey4,LS1,Combined,Set1,Draw5,3,col3,Combined|Set1|Draw5|col3,C,combined,1,3,1,5,3,3,166,3,2,True,3,7,8,6
NewJersey4,LS1,Combined,Set1,Draw5,3,col3,Combined|Set1|Draw5|col3,C,combined,1,3,1,5,3,4,166,3,2,True,3,7,8,6
NewJersey4,LS1,Combined,Set1,Draw5,3,col3,Combined|Set1|Draw5|col3,C,combined,1,3,1,5,3,7,,0,0,False,3,7,8,6
NewJersey4,LS1,Combined,Set1,Draw5,3,col3,Combined|Set1|Draw5|col3,D,own,1,3,1,5,3,0,9920013386677,13,8,False,2,11,12,7
NewJersey4,LS1,Combined,Set1,Draw5,3,col3,Combined|Set1|Draw5|col3,D,own,1,3,1,5,3,1,9900166,7,4,False,2,11,12,7
NewJersey4,LS1,Combined,Set1,Draw5,3,col3,Combined|Set1|Draw5|col3,D,own,1,3,1,5,3,2,0166,4,3,True,2,11,12,7
NewJersey4,LS1,Combined,Set1,Draw5,3,col3,Combined|Set1|Draw5|col3,D,own,1,3,1,5,3,3,166,3,2,True,2,11,12,7
NewJersey4,LS1,Combined,Set1,Draw5,3,col3,Combined|Set1|Draw5|col3,D,own,1,3,1,5,3,4,6,1,1,True,2,11,12,7
NewJersey4,LS1,Combined,Set1,Draw5,3,col3,Combined|Set1|Draw5|col3,D,own,1,3,1,5,3,5,6,1,1,True,2,11,12,7
NewJersey4,LS1,Combined,Set1,Draw5,3,col3,Combined|Set1|Draw5|col3,D,own,1,3,1,5,3,11,,0,0,False,2,11,12,7
NewJersey4,LS1,Combined,Set1,Draw5,3,col3,Combined|Set1|Draw5|col3,D,combined,1,3,1,5,3,0,9920013386677,13,8,False,3,8,9,8
NewJersey4,LS1,Combined,Set1,Draw5,3,col3,Combined|Set1|Draw5|col3,D,combined,1,3,1,5,3,1,9900166,7,4,False,3,8,9,8
NewJersey4,LS1,Combined,Set1,Draw5,3,col3,Combined|Set1|Draw5|col3,D,combined,1,3,1,5,3,2,9900166,7,4,False,3,8,9,8
NewJersey4,LS1,Combined,Set1,Draw5,3,col3,Combined|Set1|Draw5|col3,D,combined,1,3,1,5,3,3,0166,4,3,True,3,8,9,8
NewJersey4,LS1,Combined,Set1,Draw5,3,col3,Combined|Set1|Draw5|col3,D,combined,1,3,1,5,3,4,166,3,2,True,3,8,9,8
NewJersey4,LS1,Combined,Set1,Draw5,3,col3,Combined|Set1|Draw5|col3,D,combined,1,3,1,5,3,5,166,3,2,True,3,8,9,8
NewJersey4,LS1,Combined,Set1,Draw5,3,col3,Combined|Set1|Draw5|col3,D,combined,1,3,1,5,3,7,6,1,1,True,3,8,9,8
NewJersey4,LS1,Combined,Set1,Draw5,3,col3,Combined|Set1|Draw5|col3,D,combined,1,3,1,5,3,8,,0,0,False,3,8,9,8
NewJersey4,LS1,Combined,Set1,Draw5,3,col3,Combined|Set1|Draw5|col3,E,own,1,3,1,5,3,0,9920013386677,13,8,False,4,17,18,11
NewJersey4,LS1,Combined,Set1,Draw5,3,col3,Combined|Set1|Draw5|col3,E,own,1,3,1,5,3,1,9920013667,10,7,False,4,17,18,11
NewJersey4,LS1,Combined,Set1,Draw5,3,col3,Combined|Set1|Draw5|col3,E,own,1,3,1,5,3,2,9201667,7,6,False,4,17,18,11
NewJersey4,LS1,Combined,Set1,Draw5,3,col3,Combined|Set1|Draw5|col3,E,own,1,3,1,5,3,3,21667,5,4,False,4,17,18,11
NewJersey4,LS1,Combined,Set1,Draw5,3,col3,Combined|Set1|Draw5|col3,E,own,1,3,1,5,3,4,667,3,2,True,4,17,18,11
NewJersey4,LS1,Combined,Set1,Draw5,3,col3,Combined|Set1|Draw5|col3,E,own,1,3,1,5,3,5,667,3,2,True,4,17,18,11
NewJersey4,LS1,Combined,Set1,Draw5,3,col3,Combined|Set1|Draw5|col3,E,own,1,3,1,5,3,7,66,2,1,True,4,17,18,11
NewJersey4,LS1,Combined,Set1,Draw5,3,col3,Combined|Set1|Draw5|col3,E,own,1,3,1,5,3,8,66,2,1,True,4,17,18,11
NewJersey4,LS1,Combined,Set1,Draw5,3,col3,Combined|Set1|Draw5|col3,E,own,1,3,1,5,3,11,6,1,1,True,4,17,18,11
NewJersey4,LS1,Combined,Set1,Draw5,3,col3,Combined|Set1|Draw5|col3,E,own,1,3,1,5,3,12,6,1,1,True,4,17,18,11
NewJersey4,LS1,Combined,Set1,Draw5,3,col3,Combined|Set1|Draw5|col3,E,own,1,3,1,5,3,17,,0,0,False,4,17,18,11
NewJersey4,LS1,Combined,Set1,Draw5,3,col3,Combined|Set1|Draw5|col3,E,combined,1,3,1,5,3,0,9920013386677,13,8,False,4,21,22,11
NewJersey4,LS1,Combined,Set1,Draw5,3,col3,Combined|Set1|Draw5|col3,E,combined,1,3,1,5,3,1,9920013667,10,7,False,4,21,22,11
NewJersey4,LS1,Combined,Set1,Draw5,3,col3,Combined|Set1|Draw5|col3,E,combined,1,3,1,5,3,2,99200166,8,5,False,4,21,22,11
NewJersey4,LS1,Combined,Set1,Draw5,3,col3,Combined|Set1|Draw5|col3,E,combined,1,3,1,5,3,3,920166,6,5,False,4,21,22,11
NewJersey4,LS1,Combined,Set1,Draw5,3,col3,Combined|Set1|Draw5|col3,E,combined,1,3,1,5,3,4,2166,4,3,True,4,21,22,11
NewJersey4,LS1,Combined,Set1,Draw5,3,col3,Combined|Set1|Draw5|col3,E,combined,1,3,1,5,3,5,2166,4,3,True,4,21,22,11
NewJersey4,LS1,Combined,Set1,Draw5,3,col3,Combined|Set1|Draw5|col3,E,combined,1,3,1,5,3,6,2166,4,3,True,4,21,22,11
NewJersey4,LS1,Combined,Set1,Draw5,3,col3,Combined|Set1|Draw5|col3,E,combined,1,3,1,5,3,7,66,2,1,True,4,21,22,11
NewJersey4,LS1,Combined,Set1,Draw5,3,col3,Combined|Set1|Draw5|col3,E,combined,1,3,1,5,3,8,6,1,1,True,4,21,22,11
NewJersey4,LS1,Combined,Set1,Draw5,3,col3,Combined|Set1|Draw5|col3,E,combined,1,3,1,5,3,9,6,1,1,True,4,21,22,11
NewJersey4,LS1,Combined,Set1,Draw5,3,col3,Combined|Set1|Draw5|col3,E,combined,1,3,1,5,3,21,,0,0,False,4,21,22,11
NewJersey4,LS1,Combined,Set1,Draw5,3,col3,Combined|Set1|Draw5|col3,T,own,1,3,1,5,3,0,9920013386677,13,8,False,2,4,29,5
NewJersey4,LS1,Combined,Set1,Draw5,3,col3,Combined|Set1|Draw5|col3,T,own,1,3,1,5,3,1,9900166,7,4,False,2,4,29,5
NewJersey4,LS1,Combined,Set1,Draw5,3,col3,Combined|Set1|Draw5|col3,T,own,1,3,1,5,3,2,166,3,2,True,2,4,29,5
NewJersey4,LS1,Combined,Set1,Draw5,3,col3,Combined|Set1|Draw5|col3,T,own,1,3,1,5,3,3,166,3,2,True,2,4,29,5
NewJersey4,LS1,Combined,Set1,Draw5,3,col3,Combined|Set1|Draw5|col3,T,own,1,3,1,5,3,4,66,2,1,True,2,4,29,5
NewJersey4,LS1,Combined,Set1,Draw5,3,col3,Combined|Set1|Draw5|col3,T,combined,1,3,1,5,3,0,9920013386677,13,8,False,3,7,57,6
NewJersey4,LS1,Combined,Set1,Draw5,3,col3,Combined|Set1|Draw5|col3,T,combined,1,3,1,5,3,1,9900166,7,4,False,3,7,57,6
NewJersey4,LS1,Combined,Set1,Draw5,3,col3,Combined|Set1|Draw5|col3,T,combined,1,3,1,5,3,2,9900166,7,4,False,3,7,57,6
NewJersey4,LS1,Combined,Set1,Draw5,3,col3,Combined|Set1|Draw5|col3,T,combined,1,3,1,5,3,3,166,3,2,True,3,7,57,6
NewJersey4,LS1,Combined,Set1,Draw5,3,col3,Combined|Set1|Draw5|col3,T,combined,1,3,1,5,3,4,166,3,2,True,3,7,57,6
NewJersey4,LS1,Combined,Set1,Draw5,3,col3,Combined|Set1|Draw5|col3,T,combined,1,3,1,5,3,7,66,2,1,True,3,7,57,6
NewJersey4,LS1,Combined,Set1,Draw5,2,col2,Combined|Set1|Draw5|col2,A,own,1,3,1,5,2,0,92001336677**,13,8,False,6,7,29,8
NewJersey4,LS1,Combined,Set1,Draw5,2,col2,Combined|Set1|Draw5|col2,A,own,1,3,1,5,2,1,920013366**,11,7,False,6,7,29,8
NewJersey4,LS1,Combined,Set1,Draw5,2,col2,Combined|Set1|Draw5|col2,A,own,1,3,1,5,2,2,20013366**,10,6,False,6,7,29,8
NewJersey4,LS1,Combined,Set1,Draw5,2,col2,Combined|Set1|Draw5|col2,A,own,1,3,1,5,2,3,20013366**,10,6,False,6,7,29,8
NewJersey4,LS1,Combined,Set1,Draw5,2,col2,Combined|Set1|Draw5|col2,A,own,1,3,1,5,2,4,003366**,8,4,False,6,7,29,8
NewJersey4,LS1,Combined,Set1,Draw5,2,col2,Combined|Set1|Draw5|col2,A,own,1,3,1,5,2,5,003366**,8,4,False,6,7,29,8
NewJersey4,LS1,Combined,Set1,Draw5,2,col2,Combined|Set1|Draw5|col2,A,own,1,3,1,5,2,6,0066**,6,3,True,6,7,29,8
NewJersey4,LS1,Combined,Set1,Draw5,2,col2,Combined|Set1|Draw5|col2,A,own,1,3,1,5,2,7,66**,4,2,True,6,7,29,8
NewJersey4,LS1,Combined,Set1,Draw5,2,col2,Combined|Set1|Draw5|col2,A,combined,1,3,1,5,2,0,92001336677**,13,8,False,11,13,57,14
NewJersey4,LS1,Combined,Set1,Draw5,2,col2,Combined|Set1|Draw5|col2,A,combined,1,3,1,5,2,1,920013366**,11,7,False,11,13,57,14
NewJersey4,LS1,Combined,Set1,Draw5,2,col2,Combined|Set1|Draw5|col2,A,combined,1,3,1,5,2,2,920013366**,11,7,False,11,13,57,14
NewJersey4,LS1,Combined,Set1,Draw5,2,col2,Combined|Set1|Draw5|col2,A,combined,1,3,1,5,2,3,20013366**,10,6,False,11,13,57,14
NewJersey4,LS1,Combined,Set1,Draw5,2,col2,Combined|Set1|Draw5|col2,A,combined,1,3,1,5,2,4,20013366**,10,6,False,11,13,57,14
NewJersey4,LS1,Combined,Set1,Draw5,2,col2,Combined|Set1|Draw5|col2,A,combined,1,3,1,5,2,5,20013366**,10,6,False,11,13,57,14
NewJersey4,LS1,Combined,Set1,Draw5,2,col2,Combined|Set1|Draw5|col2,A,combined,1,3,1,5,2,6,20013366**,10,6,False,11,13,57,14
NewJersey4,LS1,Combined,Set1,Draw5,2,col2,Combined|Set1|Draw5|col2,A,combined,1,3,1,5,2,7,003366**,8,4,False,11,13,57,14
NewJersey4,LS1,Combined,Set1,Draw5,2,col2,Combined|Set1|Draw5|col2,A,combined,1,3,1,5,2,8,003366**,8,4,False,11,13,57,14
NewJersey4,LS1,Combined,Set1,Draw5,2,col2,Combined|Set1|Draw5|col2,A,combined,1,3,1,5,2,9,003366**,8,4,False,11,13,57,14
NewJersey4,LS1,Combined,Set1,Draw5,2,col2,Combined|Set1|Draw5|col2,A,combined,1,3,1,5,2,10,003366**,8,4,False,11,13,57,14
NewJersey4,LS1,Combined,Set1,Draw5,2,col2,Combined|Set1|Draw5|col2,A,combined,1,3,1,5,2,11,0066**,6,3,True,11,13,57,14
NewJersey4,LS1,Combined,Set1,Draw5,2,col2,Combined|Set1|Draw5|col2,A,combined,1,3,1,5,2,12,0066**,6,3,True,11,13,57,14
NewJersey4,LS1,Combined,Set1,Draw5,2,col2,Combined|Set1|Draw5|col2,A,combined,1,3,1,5,2,13,66**,4,2,True,11,13,57,14
NewJersey4,LS1,Combined,Set1,Draw5,2,col2,Combined|Set1|Draw5|col2,B,own,1,3,1,5,2,0,92001336677**,13,8,False,4,11,29,7
NewJersey4,LS1,Combined,Set1,Draw5,2,col2,Combined|Set1|Draw5|col2,B,own,1,3,1,5,2,1,9200166**,9,6,False,4,11,29,7
NewJersey4,LS1,Combined,Set1,Draw5,2,col2,Combined|Set1|Draw5|col2,B,own,1,3,1,5,2,2,2166**,6,4,False,4,11,29,7
NewJersey4,LS1,Combined,Set1,Draw5,2,col2,Combined|Set1|Draw5|col2,B,own,1,3,1,5,2,3,2166**,6,4,False,4,11,29,7
NewJersey4,LS1,Combined,Set1,Draw5,2,col2,Combined|Set1|Draw5|col2,B,own,1,3,1,5,2,4,66**,4,2,True,4,11,29,7
NewJersey4,LS1,Combined,Set1,Draw5,2,col2,Combined|Set1|Draw5|col2,B,own,1,3,1,5,2,5,66**,4,2,True,4,11,29,7
NewJersey4,LS1,Combined,Set1,Draw5,2,col2,Combined|Set1|Draw5|col2,B,own,1,3,1,5,2,11,**,2,1,True,4,11,29,7
NewJersey4,LS1,Combined,Set1,Draw5,2,col2,Combined|Set1|Draw5|col2,B,combined,1,3,1,5,2,0,92001336677**,13,8,False,3,8,57,9
NewJersey4,LS1,Combined,Set1,Draw5,2,col2,Combined|Set1|Draw5|col2,B,combined,1,3,1,5,2,1,9200166**,9,6,False,3,8,57,9
NewJersey4,LS1,Combined,Set1,Draw5,2,col2,Combined|Set1|Draw5|col2,B,combined,1,3,1,5,2,2,900166**,8,5,False,3,8,57,9
NewJersey4,LS1,Combined,Set1,Draw5,2,col2,Combined|Set1|Draw5|col2,B,combined,1,3,1,5,2,3,166**,5,3,True,3,8,57,9
NewJersey4,LS1,Combined,Set1,Draw5,2,col2,Combined|Set1|Draw5|col2,B,combined,1,3,1,5,2,4,166**,5,3,True,3,8,57,9
NewJersey4,LS1,Combined,Set1,Draw5,2,col2,Combined|Set1|Draw5|col2,B,combined,1,3,1,5,2,5,166**,5,3,True,3,8,57,9
NewJersey4,LS1,Combined,Set1,Draw5,2,col2,Combined|Set1|Draw5|col2,B,combined,1,3,1,5,2,6,166**,5,3,True,3,8,57,9
NewJersey4,LS1,Combined,Set1,Draw5,2,col2,Combined|Set1|Draw5|col2,B,combined,1,3,1,5,2,7,66**,4,2,True,3,8,57,9
NewJersey4,LS1,Combined,Set1,Draw5,2,col2,Combined|Set1|Draw5|col2,B,combined,1,3,1,5,2,8,**,2,1,True,3,8,57,9
NewJersey4,LS1,Combined,Set1,Draw5,2,col2,Combined|Set1|Draw5|col2,C,own,1,3,1,5,2,0,92001336677**,13,8,False,2,4,29,5
NewJersey4,LS1,Combined,Set1,Draw5,2,col2,Combined|Set1|Draw5|col2,C,own,1,3,1,5,2,1,900166**,8,5,False,2,4,29,5
NewJersey4,LS1,Combined,Set1,Draw5,2,col2,Combined|Set1|Draw5|col2,C,own,1,3,1,5,2,2,166**,5,3,True,2,4,29,5
NewJersey4,LS1,Combined,Set1,Draw5,2,col2,Combined|Set1|Draw5|col2,C,own,1,3,1,5,2,3,166**,5,3,True,2,4,29,5
NewJersey4,LS1,Combined,Set1,Draw5,2,col2,Combined|Set1|Draw5|col2,C,own,1,3,1,5,2,4,**,2,1,True,2,4,29,5
NewJersey4,LS1,Combined,Set1,Draw5,2,col2,Combined|Set1|Draw5|col2,C,combined,1,3,1,5,2,0,92001336677**,13,8,False,3,7,57,8
NewJersey4,LS1,Combined,Set1,Draw5,2,col2,Combined|Set1|Draw5|col2,C,combined,1,3,1,5,2,1,900166**,8,5,False,3,7,57,8
NewJersey4,LS1,Combined,Set1,Draw5,2,col2,Combined|Set1|Draw5|col2,C,combined,1,3,1,5,2,2,900166**,8,5,False,3,7,57,8
NewJersey4,LS1,Combined,Set1,Draw5,2,col2,Combined|Set1|Draw5|col2,C,combined,1,3,1,5,2,3,166**,5,3,True,3,7,57,8
NewJersey4,LS1,Combined,Set1,Draw5,2,col2,Combined|Set1|Draw5|col2,C,combined,1,3,1,5,2,4,166**,5,3,True,3,7,57,8
NewJersey4,LS1,Combined,Set1,Draw5,2,col2,Combined|Set1|Draw5|col2,C,combined,1,3,1,5,2,5,166**,5,3,True,3,7,57,8
NewJersey4,LS1,Combined,Set1,Draw5,2,col2,Combined|Set1|Draw5|col2,C,combined,1,3,1,5,2,6,166**,5,3,True,3,7,57,8
NewJersey4,LS1,Combined,Set1,Draw5,2,col2,Combined|Set1|Draw5|col2,C,combined,1,3,1,5,2,7,**,2,1,True,3,7,57,8
NewJersey4,LS1,Combined,Set1,Draw5,2,col2,Combined|Set1|Draw5|col2,D,own,1,3,1,5,2,0,92001336677**,13,8,False,3,11,29,7
NewJersey4,LS1,Combined,Set1,Draw5,2,col2,Combined|Set1|Draw5|col2,D,own,1,3,1,5,2,1,900166**,8,5,False,3,11,29,7
NewJersey4,LS1,Combined,Set1,Draw5,2,col2,Combined|Set1|Draw5|col2,D,own,1,3,1,5,2,2,0166**,6,4,False,3,11,29,7
NewJersey4,LS1,Combined,Set1,Draw5,2,col2,Combined|Set1|Draw5|col2,D,own,1,3,1,5,2,3,166**,5,3,True,3,11,29,7
NewJersey4,LS1,Combined,Set1,Draw5,2,col2,Combined|Set1|Draw5|col2,D,own,1,3,1,5,2,4,6**,3,2,True,3,11,29,7
NewJersey4,LS1,Combined,Set1,Draw5,2,col2,Combined|Set1|Draw5|col2,D,own,1,3,1,5,2,5,6**,3,2,True,3,11,29,7
NewJersey4,LS1,Combined,Set1,Draw5,2,col2,Combined|Set1|Draw5|col2,D,own,1,3,1,5,2,11,**,2,1,True,3,11,29,7
NewJersey4,LS1,Combined,Set1,Draw5,2,col2,Combined|Set1|Draw5|col2,D,combined,1,3,1,5,2,0,92001336677**,13,8,False,4,8,57,9
NewJersey4,LS1,Combined,Set1,Draw5,2,col2,Combined|Set1|Draw5|col2,D,combined,1,3,1,5,2,1,900166**,8,5,False,4,8,57,9
NewJersey4,LS1,Combined,Set1,Draw5,2,col2,Combined|Set1|Draw5|col2,D,combined,1,3,1,5,2,2,900166**,8,5,False,4,8,57,9
NewJersey4,LS1,Combined,Set1,Draw5,2,col2,Combined|Set1|Draw5|col2,D,combined,1,3,1,5,2,3,0166**,6,4,False,4,8,57,9
NewJersey4,LS1,Combined,Set1,Draw5,2,col2,Combined|Set1|Draw5|col2,D,combined,1,3,1,5,2,4,166**,5,3,True,4,8,57,9
NewJersey4,LS1,Combined,Set1,Draw5,2,col2,Combined|Set1|Draw5|col2,D,combined,1,3,1,5,2,5,166**,5,3,True,4,8,57,9
NewJersey4,LS1,Combined,Set1,Draw5,2,col2,Combined|Set1|Draw5|col2,D,combined,1,3,1,5,2,6,166**,5,3,True,4,8,57,9
NewJersey4,LS1,Combined,Set1,Draw5,2,col2,Combined|Set1|Draw5|col2,D,combined,1,3,1,5,2,7,6**,3,2,True,4,8,57,9
NewJersey4,LS1,Combined,Set1,Draw5,2,col2,Combined|Set1|Draw5|col2,D,combined,1,3,1,5,2,8,**,2,1,True,4,8,57,9
NewJersey4,LS1,Combined,Set1,Draw5,2,col2,Combined|Set1|Draw5|col2,E,own,1,3,1,5,2,0,92001336677**,13,8,False,4,17,29,12
NewJersey4,LS1,Combined,Set1,Draw5,2,col2,Combined|Set1|Draw5|col2,E,own,1,3,1,5,2,1,92001667**,10,7,False,4,17,29,12
NewJersey4,LS1,Combined,Set1,Draw5,2,col2,Combined|Set1|Draw5|col2,E,own,1,3,1,5,2,2,201667**,8,6,False,4,17,29,12
NewJersey4,LS1,Combined,Set1,Draw5,2,col2,Combined|Set1|Draw5|col2,E,own,1,3,1,5,2,3,21667**,7,5,False,4,17,29,12
NewJersey4,LS1,Combined,Set1,Draw5,2,col2,Combined|Set1|Draw5|col2,E,own,1,3,1,5,2,4,667**,5,3,True,4,17,29,12
NewJersey4,LS1,Combined,Set1,Draw5,2,col2,Combined|Set1|Draw5|col2,E,own,1,3,1,5,2,5,667**,5,3,True,4,17,29,12
NewJersey4,LS1,Combined,Set1,Draw5,2,col2,Combined|Set1|Draw5|col2,E,own,1,3,1,5,2,6,667**,5,3,True,4,17,29,12
NewJersey4,LS1,Combined,Set1,Draw5,2,col2,Combined|Set1|Draw5|col2,E,own,1,3,1,5,2,7,66**,4,2,True,4,17,29,12
NewJersey4,LS1,Combined,Set1,Draw5,2,col2,Combined|Set1|Draw5|col2,E,own,1,3,1,5,2,8,66**,4,2,True,4,17,29,12
NewJersey4,LS1,Combined,Set1,Draw5,2,col2,Combined|Set1|Draw5|col2,E,own,1,3,1,5,2,11,6**,3,2,True,4,17,29,12
NewJersey4,LS1,Combined,Set1,Draw5,2,col2,Combined|Set1|Draw5|col2,E,own,1,3,1,5,2,12,6**,3,2,True,4,17,29,12
NewJersey4,LS1,Combined,Set1,Draw5,2,col2,Combined|Set1|Draw5|col2,E,own,1,3,1,5,2,17,**,2,1,True,4,17,29,12
NewJersey4,LS1,Combined,Set1,Draw5,2,col2,Combined|Set1|Draw5|col2,E,combined,1,3,1,5,2,0,92001336677**,13,8,False,7,21,57,11
NewJersey4,LS1,Combined,Set1,Draw5,2,col2,Combined|Set1|Draw5|col2,E,combined,1,3,1,5,2,1,92001667**,10,7,False,7,21,57,11
NewJersey4,LS1,Combined,Set1,Draw5,2,col2,Combined|Set1|Draw5|col2,E,combined,1,3,1,5,2,2,9200166**,9,6,False,7,21,57,11
NewJersey4,LS1,Combined,Set1,Draw5,2,col2,Combined|Set1|Draw5|col2,E,combined,1,3,1,5,2,3,20166**,7,5,False,7,21,57,11
NewJersey4,LS1,Combined,Set1,Draw5,2,col2,Combined|Set1|Draw5|col2,E,combined,1,3,1,5,2,4,2166**,6,4,False,7,21,57,11
NewJersey4,LS1,Combined,Set1,Draw5,2,col2,Combined|Set1|Draw5|col2,E,combined,1,3,1,5,2,5,2166**,6,4,False,7,21,57,11
NewJersey4,LS1,Combined,Set1,Draw5,2,col2,Combined|Set1|Draw5|col2,E,combined,1,3,1,5,2,6,2166**,6,4,False,7,21,57,11
NewJersey4,LS1,Combined,Set1,Draw5,2,col2,Combined|Set1|Draw5|col2,E,combined,1,3,1,5,2,7,66**,4,2,True,7,21,57,11
NewJersey4,LS1,Combined,Set1,Draw5,2,col2,Combined|Set1|Draw5|col2,E,combined,1,3,1,5,2,8,6**,3,2,True,7,21,57,11
NewJersey4,LS1,Combined,Set1,Draw5,2,col2,Combined|Set1|Draw5|col2,E,combined,1,3,1,5,2,9,6**,3,2,True,7,21,57,11
NewJersey4,LS1,Combined,Set1,Draw5,2,col2,Combined|Set1|Draw5|col2,E,combined,1,3,1,5,2,21,**,2,1,True,7,21,57,11
NewJersey4,LS1,Combined,Set1,Draw5,2,col2,Combined|Set1|Draw5|col2,T,own,1,3,1,5,2,0,92001336677**,13,8,False,2,4,29,5
NewJersey4,LS1,Combined,Set1,Draw5,2,col2,Combined|Set1|Draw5|col2,T,own,1,3,1,5,2,1,900166**,8,5,False,2,4,29,5
NewJersey4,LS1,Combined,Set1,Draw5,2,col2,Combined|Set1|Draw5|col2,T,own,1,3,1,5,2,2,166**,5,3,True,2,4,29,5
NewJersey4,LS1,Combined,Set1,Draw5,2,col2,Combined|Set1|Draw5|col2,T,own,1,3,1,5,2,3,166**,5,3,True,2,4,29,5
NewJersey4,LS1,Combined,Set1,Draw5,2,col2,Combined|Set1|Draw5|col2,T,own,1,3,1,5,2,4,**,2,1,True,2,4,29,5
NewJersey4,LS1,Combined,Set1,Draw5,2,col2,Combined|Set1|Draw5|col2,T,combined,1,3,1,5,2,0,92001336677**,13,8,False,3,7,57,8
NewJersey4,LS1,Combined,Set1,Draw5,2,col2,Combined|Set1|Draw5|col2,T,combined,1,3,1,5,2,1,900166**,8,5,False,3,7,57,8
NewJersey4,LS1,Combined,Set1,Draw5,2,col2,Combined|Set1|Draw5|col2,T,combined,1,3,1,5,2,2,900166**,8,5,False,3,7,57,8
NewJersey4,LS1,Combined,Set1,Draw5,2,col2,Combined|Set1|Draw5|col2,T,combined,1,3,1,5,2,3,166**,5,3,True,3,7,57,8
NewJersey4,LS1,Combined,Set1,Draw5,2,col2,Combined|Set1|Draw5|col2,T,combined,1,3,1,5,2,4,166**,5,3,True,3,7,57,8
NewJersey4,LS1,Combined,Set1,Draw5,2,col2,Combined|Set1|Draw5|col2,T,combined,1,3,1,5,2,5,166**,5,3,True,3,7,57,8
NewJersey4,LS1,Combined,Set1,Draw5,2,col2,Combined|Set1|Draw5|col2,T,combined,1,3,1,5,2,6,166**,5,3,True,3,7,57,8
NewJersey4,LS1,Combined,Set1,Draw5,2,col2,Combined|Set1|Draw5|col2,T,combined,1,3,1,5,2,7,**,2,1,True,3,7,57,8
NewJersey4,LS1,Combined,Set1,Draw5,1,col1,Combined|Set1|Draw5|col1,A,own,1,3,1,5,1,0,9200133667**,12,8,False,6,7,29,8
NewJersey4,LS1,Combined,Set1,Draw5,1,col1,Combined|Set1|Draw5|col1,A,own,1,3,1,5,1,1,920013366**,11,7,False,6,7,29,8
NewJersey4,LS1,Combined,Set1,Draw5,1,col1,Combined|Set1|Draw5|col1,A,own,1,3,1,5,1,2,20013366**,10,6,False,6,7,29,8
NewJersey4,LS1,Combined,Set1,Draw5,1,col1,Combined|Set1|Draw5|col1,A,own,1,3,1,5,1,3,20013366**,10,6,False,6,7,29,8
NewJersey4,LS1,Combined,Set1,Draw5,1,col1,Combined|Set1|Draw5|col1,A,own,1,3,1,5,1,4,003366**,8,4,False,6,7,29,8
NewJersey4,LS1,Combined,Set1,Draw5,1,col1,Combined|Set1|Draw5|col1,A,own,1,3,1,5,1,5,003366**,8,4,False,6,7,29,8
NewJersey4,LS1,Combined,Set1,Draw5,1,col1,Combined|Set1|Draw5|col1,A,own,1,3,1,5,1,6,0066**,6,3,True,6,7,29,8
NewJersey4,LS1,Combined,Set1,Draw5,1,col1,Combined|Set1|Draw5|col1,A,own,1,3,1,5,1,7,66**,4,2,True,6,7,29,8
NewJersey4,LS1,Combined,Set1,Draw5,1,col1,Combined|Set1|Draw5|col1,A,combined,1,3,1,5,1,0,9200133667**,12,8,False,11,13,57,14
NewJersey4,LS1,Combined,Set1,Draw5,1,col1,Combined|Set1|Draw5|col1,A,combined,1,3,1,5,1,1,920013366**,11,7,False,11,13,57,14
NewJersey4,LS1,Combined,Set1,Draw5,1,col1,Combined|Set1|Draw5|col1,A,combined,1,3,1,5,1,2,920013366**,11,7,False,11,13,57,14
NewJersey4,LS1,Combined,Set1,Draw5,1,col1,Combined|Set1|Draw5|col1,A,combined,1,3,1,5,1,3,20013366**,10,6,False,11,13,57,14
NewJersey4,LS1,Combined,Set1,Draw5,1,col1,Combined|Set1|Draw5|col1,A,combined,1,3,1,5,1,4,20013366**,10,6,False,11,13,57,14
NewJersey4,LS1,Combined,Set1,Draw5,1,col1,Combined|Set1|Draw5|col1,A,combined,1,3,1,5,1,5,20013366**,10,6,False,11,13,57,14
NewJersey4,LS1,Combined,Set1,Draw5,1,col1,Combined|Set1|Draw5|col1,A,combined,1,3,1,5,1,6,20013366**,10,6,False,11,13,57,14
NewJersey4,LS1,Combined,Set1,Draw5,1,col1,Combined|Set1|Draw5|col1,A,combined,1,3,1,5,1,7,003366**,8,4,False,11,13,57,14
NewJersey4,LS1,Combined,Set1,Draw5,1,col1,Combined|Set1|Draw5|col1,A,combined,1,3,1,5,1,8,003366**,8,4,False,11,13,57,14
NewJersey4,LS1,Combined,Set1,Draw5,1,col1,Combined|Set1|Draw5|col1,A,combined,1,3,1,5,1,9,003366**,8,4,False,11,13,57,14
NewJersey4,LS1,Combined,Set1,Draw5,1,col1,Combined|Set1|Draw5|col1,A,combined,1,3,1,5,1,10,003366**,8,4,False,11,13,57,14
NewJersey4,LS1,Combined,Set1,Draw5,1,col1,Combined|Set1|Draw5|col1,A,combined,1,3,1,5,1,11,0066**,6,3,True,11,13,57,14
NewJersey4,LS1,Combined,Set1,Draw5,1,col1,Combined|Set1|Draw5|col1,A,combined,1,3,1,5,1,12,0066**,6,3,True,11,13,57,14
NewJersey4,LS1,Combined,Set1,Draw5,1,col1,Combined|Set1|Draw5|col1,A,combined,1,3,1,5,1,13,66**,4,2,True,11,13,57,14
NewJersey4,LS1,Combined,Set1,Draw5,1,col1,Combined|Set1|Draw5|col1,B,own,1,3,1,5,1,0,9200133667**,12,8,False,4,11,29,7
NewJersey4,LS1,Combined,Set1,Draw5,1,col1,Combined|Set1|Draw5|col1,B,own,1,3,1,5,1,1,9200166**,9,6,False,4,11,29,7
NewJersey4,LS1,Combined,Set1,Draw5,1,col1,Combined|Set1|Draw5|col1,B,own,1,3,1,5,1,2,2166**,6,4,False,4,11,29,7
NewJersey4,LS1,Combined,Set1,Draw5,1,col1,Combined|Set1|Draw5|col1,B,own,1,3,1,5,1,3,2166**,6,4,False,4,11,29,7
NewJersey4,LS1,Combined,Set1,Draw5,1,col1,Combined|Set1|Draw5|col1,B,own,1,3,1,5,1,4,66**,4,2,True,4,11,29,7
NewJersey4,LS1,Combined,Set1,Draw5,1,col1,Combined|Set1|Draw5|col1,B,own,1,3,1,5,1,5,66**,4,2,True,4,11,29,7
NewJersey4,LS1,Combined,Set1,Draw5,1,col1,Combined|Set1|Draw5|col1,B,own,1,3,1,5,1,11,**,2,1,True,4,11,29,7
NewJersey4,LS1,Combined,Set1,Draw5,1,col1,Combined|Set1|Draw5|col1,B,combined,1,3,1,5,1,0,9200133667**,12,8,False,3,8,57,9
NewJersey4,LS1,Combined,Set1,Draw5,1,col1,Combined|Set1|Draw5|col1,B,combined,1,3,1,5,1,1,9200166**,9,6,False,3,8,57,9
NewJersey4,LS1,Combined,Set1,Draw5,1,col1,Combined|Set1|Draw5|col1,B,combined,1,3,1,5,1,2,900166**,8,5,False,3,8,57,9
NewJersey4,LS1,Combined,Set1,Draw5,1,col1,Combined|Set1|Draw5|col1,B,combined,1,3,1,5,1,3,166**,5,3,True,3,8,57,9
NewJersey4,LS1,Combined,Set1,Draw5,1,col1,Combined|Set1|Draw5|col1,B,combined,1,3,1,5,1,4,166**,5,3,True,3,8,57,9
NewJersey4,LS1,Combined,Set1,Draw5,1,col1,Combined|Set1|Draw5|col1,B,combined,1,3,1,5,1,5,166**,5,3,True,3,8,57,9
NewJersey4,LS1,Combined,Set1,Draw5,1,col1,Combined|Set1|Draw5|col1,B,combined,1,3,1,5,1,6,166**,5,3,True,3,8,57,9
NewJersey4,LS1,Combined,Set1,Draw5,1,col1,Combined|Set1|Draw5|col1,B,combined,1,3,1,5,1,7,66**,4,2,True,3,8,57,9
NewJersey4,LS1,Combined,Set1,Draw5,1,col1,Combined|Set1|Draw5|col1,B,combined,1,3,1,5,1,8,**,2,1,True,3,8,57,9
NewJersey4,LS1,Combined,Set1,Draw5,1,col1,Combined|Set1|Draw5|col1,C,own,1,3,1,5,1,0,9200133667**,12,8,False,2,4,29,5
NewJersey4,LS1,Combined,Set1,Draw5,1,col1,Combined|Set1|Draw5|col1,C,own,1,3,1,5,1,1,900166**,8,5,False,2,4,29,5
NewJersey4,LS1,Combined,Set1,Draw5,1,col1,Combined|Set1|Draw5|col1,C,own,1,3,1,5,1,2,166**,5,3,True,2,4,29,5
NewJersey4,LS1,Combined,Set1,Draw5,1,col1,Combined|Set1|Draw5|col1,C,own,1,3,1,5,1,3,166**,5,3,True,2,4,29,5
NewJersey4,LS1,Combined,Set1,Draw5,1,col1,Combined|Set1|Draw5|col1,C,own,1,3,1,5,1,4,**,2,1,True,2,4,29,5
NewJersey4,LS1,Combined,Set1,Draw5,1,col1,Combined|Set1|Draw5|col1,C,combined,1,3,1,5,1,0,9200133667**,12,8,False,3,7,57,8
NewJersey4,LS1,Combined,Set1,Draw5,1,col1,Combined|Set1|Draw5|col1,C,combined,1,3,1,5,1,1,900166**,8,5,False,3,7,57,8
NewJersey4,LS1,Combined,Set1,Draw5,1,col1,Combined|Set1|Draw5|col1,C,combined,1,3,1,5,1,2,900166**,8,5,False,3,7,57,8
NewJersey4,LS1,Combined,Set1,Draw5,1,col1,Combined|Set1|Draw5|col1,C,combined,1,3,1,5,1,3,166**,5,3,True,3,7,57,8
NewJersey4,LS1,Combined,Set1,Draw5,1,col1,Combined|Set1|Draw5|col1,C,combined,1,3,1,5,1,4,166**,5,3,True,3,7,57,8
NewJersey4,LS1,Combined,Set1,Draw5,1,col1,Combined|Set1|Draw5|col1,C,combined,1,3,1,5,1,5,166**,5,3,True,3,7,57,8
NewJersey4,LS1,Combined,Set1,Draw5,1,col1,Combined|Set1|Draw5|col1,C,combined,1,3,1,5,1,6,166**,5,3,True,3,7,57,8
NewJersey4,LS1,Combined,Set1,Draw5,1,col1,Combined|Set1|Draw5|col1,C,combined,1,3,1,5,1,7,**,2,1,True,3,7,57,8
NewJersey4,LS1,Combined,Set1,Draw5,1,col1,Combined|Set1|Draw5|col1,D,own,1,3,1,5,1,0,9200133667**,12,8,False,3,11,29,7
NewJersey4,LS1,Combined,Set1,Draw5,1,col1,Combined|Set1|Draw5|col1,D,own,1,3,1,5,1,1,900166**,8,5,False,3,11,29,7
NewJersey4,LS1,Combined,Set1,Draw5,1,col1,Combined|Set1|Draw5|col1,D,own,1,3,1,5,1,2,0166**,6,4,False,3,11,29,7
NewJersey4,LS1,Combined,Set1,Draw5,1,col1,Combined|Set1|Draw5|col1,D,own,1,3,1,5,1,3,166**,5,3,True,3,11,29,7
NewJersey4,LS1,Combined,Set1,Draw5,1,col1,Combined|Set1|Draw5|col1,D,own,1,3,1,5,1,4,6**,3,2,True,3,11,29,7
NewJersey4,LS1,Combined,Set1,Draw5,1,col1,Combined|Set1|Draw5|col1,D,own,1,3,1,5,1,5,6**,3,2,True,3,11,29,7
NewJersey4,LS1,Combined,Set1,Draw5,1,col1,Combined|Set1|Draw5|col1,D,own,1,3,1,5,1,11,**,2,1,True,3,11,29,7
NewJersey4,LS1,Combined,Set1,Draw5,1,col1,Combined|Set1|Draw5|col1,D,combined,1,3,1,5,1,0,9200133667**,12,8,False,4,8,57,9
NewJersey4,LS1,Combined,Set1,Draw5,1,col1,Combined|Set1|Draw5|col1,D,combined,1,3,1,5,1,1,900166**,8,5,False,4,8,57,9
NewJersey4,LS1,Combined,Set1,Draw5,1,col1,Combined|Set1|Draw5|col1,D,combined,1,3,1,5,1,2,900166**,8,5,False,4,8,57,9
NewJersey4,LS1,Combined,Set1,Draw5,1,col1,Combined|Set1|Draw5|col1,D,combined,1,3,1,5,1,3,0166**,6,4,False,4,8,57,9
NewJersey4,LS1,Combined,Set1,Draw5,1,col1,Combined|Set1|Draw5|col1,D,combined,1,3,1,5,1,4,166**,5,3,True,4,8,57,9
NewJersey4,LS1,Combined,Set1,Draw5,1,col1,Combined|Set1|Draw5|col1,D,combined,1,3,1,5,1,5,166**,5,3,True,4,8,57,9
NewJersey4,LS1,Combined,Set1,Draw5,1,col1,Combined|Set1|Draw5|col1,D,combined,1,3,1,5,1,6,166**,5,3,True,4,8,57,9
NewJersey4,LS1,Combined,Set1,Draw5,1,col1,Combined|Set1|Draw5|col1,D,combined,1,3,1,5,1,7,6**,3,2,True,4,8,57,9
NewJersey4,LS1,Combined,Set1,Draw5,1,col1,Combined|Set1|Draw5|col1,D,combined,1,3,1,5,1,8,**,2,1,True,4,8,57,9
NewJersey4,LS1,Combined,Set1,Draw5,1,col1,Combined|Set1|Draw5|col1,E,own,1,3,1,5,1,0,9200133667**,12,8,False,4,17,29,9
NewJersey4,LS1,Combined,Set1,Draw5,1,col1,Combined|Set1|Draw5|col1,E,own,1,3,1,5,1,1,9200166**,9,6,False,4,17,29,9
NewJersey4,LS1,Combined,Set1,Draw5,1,col1,Combined|Set1|Draw5|col1,E,own,1,3,1,5,1,2,20166**,7,5,False,4,17,29,9
NewJersey4,LS1,Combined,Set1,Draw5,1,col1,Combined|Set1|Draw5|col1,E,own,1,3,1,5,1,3,2166**,6,4,False,4,17,29,9
NewJersey4,LS1,Combined,Set1,Draw5,1,col1,Combined|Set1|Draw5|col1,E,own,1,3,1,5,1,4,66**,4,2,True,4,17,29,9
NewJersey4,LS1,Combined,Set1,Draw5,1,col1,Combined|Set1|Draw5|col1,E,own,1,3,1,5,1,5,66**,4,2,True,4,17,29,9
NewJersey4,LS1,Combined,Set1,Draw5,1,col1,Combined|Set1|Draw5|col1,E,own,1,3,1,5,1,11,6**,3,2,True,4,17,29,9
NewJersey4,LS1,Combined,Set1,Draw5,1,col1,Combined|Set1|Draw5|col1,E,own,1,3,1,5,1,12,6**,3,2,True,4,17,29,9
NewJersey4,LS1,Combined,Set1,Draw5,1,col1,Combined|Set1|Draw5|col1,E,own,1,3,1,5,1,17,**,2,1,True,4,17,29,9
NewJersey4,LS1,Combined,Set1,Draw5,1,col1,Combined|Set1|Draw5|col1,E,combined,1,3,1,5,1,0,9200133667**,12,8,False,4,21,57,11
NewJersey4,LS1,Combined,Set1,Draw5,1,col1,Combined|Set1|Draw5|col1,E,combined,1,3,1,5,1,1,9200166**,9,6,False,4,21,57,11
NewJersey4,LS1,Combined,Set1,Draw5,1,col1,Combined|Set1|Draw5|col1,E,combined,1,3,1,5,1,2,900166**,8,5,False,4,21,57,11
NewJersey4,LS1,Combined,Set1,Draw5,1,col1,Combined|Set1|Draw5|col1,E,combined,1,3,1,5,1,3,0166**,6,4,False,4,21,57,11
NewJersey4,LS1,Combined,Set1,Draw5,1,col1,Combined|Set1|Draw5|col1,E,combined,1,3,1,5,1,4,166**,5,3,True,4,21,57,11
NewJersey4,LS1,Combined,Set1,Draw5,1,col1,Combined|Set1|Draw5|col1,E,combined,1,3,1,5,1,5,166**,5,3,True,4,21,57,11
NewJersey4,LS1,Combined,Set1,Draw5,1,col1,Combined|Set1|Draw5|col1,E,combined,1,3,1,5,1,6,166**,5,3,True,4,21,57,11
NewJersey4,LS1,Combined,Set1,Draw5,1,col1,Combined|Set1|Draw5|col1,E,combined,1,3,1,5,1,7,66**,4,2,True,4,21,57,11
NewJersey4,LS1,Combined,Set1,Draw5,1,col1,Combined|Set1|Draw5|col1,E,combined,1,3,1,5,1,8,6**,3,2,True,4,21,57,11
NewJersey4,LS1,Combined,Set1,Draw5,1,col1,Combined|Set1|Draw5|col1,E,combined,1,3,1,5,1,9,6**,3,2,True,4,21,57,11
NewJersey4,LS1,Combined,Set1,Draw5,1,col1,Combined|Set1|Draw5|col1,E,combined,1,3,1,5,1,21,**,2,1,True,4,21,57,11
NewJersey4,LS1,Combined,Set1,Draw5,1,col1,Combined|Set1|Draw5|col1,T,own,1,3,1,5,1,0,9200133667**,12,8,False,2,4,29,5
NewJersey4,LS1,Combined,Set1,Draw5,1,col1,Combined|Set1|Draw5|col1,T,own,1,3,1,5,1,1,900166**,8,5,False,2,4,29,5
NewJersey4,LS1,Combined,Set1,Draw5,1,col1,Combined|Set1|Draw5|col1,T,own,1,3,1,5,1,2,166**,5,3,True,2,4,29,5
NewJersey4,LS1,Combined,Set1,Draw5,1,col1,Combined|Set1|Draw5|col1,T,own,1,3,1,5,1,3,166**,5,3,True,2,4,29,5
NewJersey4,LS1,Combined,Set1,Draw5,1,col1,Combined|Set1|Draw5|col1,T,own,1,3,1,5,1,4,**,2,1,True,2,4,29,5
NewJersey4,LS1,Combined,Set1,Draw5,1,col1,Combined|Set1|Draw5|col1,T,combined,1,3,1,5,1,0,9200133667**,12,8,False,3,7,57,8
NewJersey4,LS1,Combined,Set1,Draw5,1,col1,Combined|Set1|Draw5|col1,T,combined,1,3,1,5,1,1,900166**,8,5,False,3,7,57,8
NewJersey4,LS1,Combined,Set1,Draw5,1,col1,Combined|Set1|Draw5|col1,T,combined,1,3,1,5,1,2,900166**,8,5,False,3,7,57,8
NewJersey4,LS1,Combined,Set1,Draw5,1,col1,Combined|Set1|Draw5|col1,T,combined,1,3,1,5,1,3,166**,5,3,True,3,7,57,8
NewJersey4,LS1,Combined,Set1,Draw5,1,col1,Combined|Set1|Draw5|col1,T,combined,1,3,1,5,1,4,166**,5,3,True,3,7,57,8
NewJersey4,LS1,Combined,Set1,Draw5,1,col1,Combined|Set1|Draw5|col1,T,combined,1,3,1,5,1,5,166**,5,3,True,3,7,57,8
NewJersey4,LS1,Combined,Set1,Draw5,1,col1,Combined|Set1|Draw5|col1,T,combined,1,3,1,5,1,6,166**,5,3,True,3,7,57,8
NewJersey4,LS1,Combined,Set1,Draw5,1,col1,Combined|Set1|Draw5|col1,T,combined,1,3,1,5,1,7,**,2,1,True,3,7,57,8
NewJersey4,LS1,Combined,Set1,Draw6,2,col2,Combined|Set1|Draw6|col2,A,own,1,3,1,6,2,0,924001336677,12,8,False,4,7,29,8
NewJersey4,LS1,Combined,Set1,Draw6,2,col2,Combined|Set1|Draw6|col2,A,own,1,3,1,6,2,1,9240013366,10,7,False,4,7,29,8
NewJersey4,LS1,Combined,Set1,Draw6,2,col2,Combined|Set1|Draw6|col2,A,own,1,3,1,6,2,2,240013366,9,6,False,4,7,29,8
NewJersey4,LS1,Combined,Set1,Draw6,2,col2,Combined|Set1|Draw6|col2,A,own,1,3,1,6,2,3,20013366,8,5,False,4,7,29,8
NewJersey4,LS1,Combined,Set1,Draw6,2,col2,Combined|Set1|Draw6|col2,A,own,1,3,1,6,2,4,003366,6,3,True,4,7,29,8
NewJersey4,LS1,Combined,Set1,Draw6,2,col2,Combined|Set1|Draw6|col2,A,own,1,3,1,6,2,5,003366,6,3,True,4,7,29,8
NewJersey4,LS1,Combined,Set1,Draw6,2,col2,Combined|Set1|Draw6|col2,A,own,1,3,1,6,2,6,0066,4,2,True,4,7,29,8
NewJersey4,LS1,Combined,Set1,Draw6,2,col2,Combined|Set1|Draw6|col2,A,own,1,3,1,6,2,7,66,2,1,True,4,7,29,8
NewJersey4,LS1,Combined,Set1,Draw6,2,col2,Combined|Set1|Draw6|col2,A,combined,1,3,1,6,2,0,924001336677,12,8,False,7,13,57,14
NewJersey4,LS1,Combined,Set1,Draw6,2,col2,Combined|Set1|Draw6|col2,A,combined,1,3,1,6,2,1,9240013366,10,7,False,7,13,57,14
NewJersey4,LS1,Combined,Set1,Draw6,2,col2,Combined|Set1|Draw6|col2,A,combined,1,3,1,6,2,2,9240013366,10,7,False,7,13,57,14
NewJersey4,LS1,Combined,Set1,Draw6,2,col2,Combined|Set1|Draw6|col2,A,combined,1,3,1,6,2,3,240013366,9,6,False,7,13,57,14
NewJersey4,LS1,Combined,Set1,Draw6,2,col2,Combined|Set1|Draw6|col2,A,combined,1,3,1,6,2,4,240013366,9,6,False,7,13,57,14
NewJersey4,LS1,Combined,Set1,Draw6,2,col2,Combined|Set1|Draw6|col2,A,combined,1,3,1,6,2,5,20013366,8,5,False,7,13,57,14
NewJersey4,LS1,Combined,Set1,Draw6,2,col2,Combined|Set1|Draw6|col2,A,combined,1,3,1,6,2,6,20013366,8,5,False,7,13,57,14
NewJersey4,LS1,Combined,Set1,Draw6,2,col2,Combined|Set1|Draw6|col2,A,combined,1,3,1,6,2,7,003366,6,3,True,7,13,57,14
NewJersey4,LS1,Combined,Set1,Draw6,2,col2,Combined|Set1|Draw6|col2,A,combined,1,3,1,6,2,8,003366,6,3,True,7,13,57,14
NewJersey4,LS1,Combined,Set1,Draw6,2,col2,Combined|Set1|Draw6|col2,A,combined,1,3,1,6,2,9,003366,6,3,True,7,13,57,14
NewJersey4,LS1,Combined,Set1,Draw6,2,col2,Combined|Set1|Draw6|col2,A,combined,1,3,1,6,2,10,003366,6,3,True,7,13,57,14
NewJersey4,LS1,Combined,Set1,Draw6,2,col2,Combined|Set1|Draw6|col2,A,combined,1,3,1,6,2,11,0066,4,2,True,7,13,57,14
NewJersey4,LS1,Combined,Set1,Draw6,2,col2,Combined|Set1|Draw6|col2,A,combined,1,3,1,6,2,12,0066,4,2,True,7,13,57,14
NewJersey4,LS1,Combined,Set1,Draw6,2,col2,Combined|Set1|Draw6|col2,A,combined,1,3,1,6,2,13,66,2,1,True,7,13,57,14
NewJersey4,LS1,Combined,Set1,Draw6,2,col2,Combined|Set1|Draw6|col2,B,own,1,3,1,6,2,0,924001336677,12,8,False,3,11,12,7
NewJersey4,LS1,Combined,Set1,Draw6,2,col2,Combined|Set1|Draw6|col2,B,own,1,3,1,6,2,1,92400166,8,6,False,3,11,12,7
NewJersey4,LS1,Combined,Set1,Draw6,2,col2,Combined|Set1|Draw6|col2,B,own,1,3,1,6,2,2,24166,5,4,False,3,11,12,7
NewJersey4,LS1,Combined,Set1,Draw6,2,col2,Combined|Set1|Draw6|col2,B,own,1,3,1,6,2,3,2166,4,3,True,3,11,12,7
NewJersey4,LS1,Combined,Set1,Draw6,2,col2,Combined|Set1|Draw6|col2,B,own,1,3,1,6,2,4,66,2,1,True,3,11,12,7
NewJersey4,LS1,Combined,Set1,Draw6,2,col2,Combined|Set1|Draw6|col2,B,own,1,3,1,6,2,5,66,2,1,True,3,11,12,7
NewJersey4,LS1,Combined,Set1,Draw6,2,col2,Combined|Set1|Draw6|col2,B,own,1,3,1,6,2,11,,0,0,False,3,11,12,7
NewJersey4,LS1,Combined,Set1,Draw6,2,col2,Combined|Set1|Draw6|col2,B,combined,1,3,1,6,2,0,924001336677,12,8,False,3,8,9,8
NewJersey4,LS1,Combined,Set1,Draw6,2,col2,Combined|Set1|Draw6|col2,B,combined,1,3,1,6,2,1,92400166,8,6,False,3,8,9,8
NewJersey4,LS1,Combined,Set1,Draw6,2,col2,Combined|Set1|Draw6|col2,B,combined,1,3,1,6,2,2,9400166,7,5,False,3,8,9,8
NewJersey4,LS1,Combined,Set1,Draw6,2,col2,Combined|Set1|Draw6|col2,B,combined,1,3,1,6,2,3,4166,4,3,True,3,8,9,8
NewJersey4,LS1,Combined,Set1,Draw6,2,col2,Combined|Set1|Draw6|col2,B,combined,1,3,1,6,2,4,166,3,2,True,3,8,9,8
NewJersey4,LS1,Combined,Set1,Draw6,2,col2,Combined|Set1|Draw6|col2,B,combined,1,3,1,6,2,5,166,3,2,True,3,8,9,8
NewJersey4,LS1,Combined,Set1,Draw6,2,col2,Combined|Set1|Draw6|col2,B,combined,1,3,1,6,2,7,66,2,1,True,3,8,9,8
NewJersey4,LS1,Combined,Set1,Draw6,2,col2,Combined|Set1|Draw6|col2,B,combined,1,3,1,6,2,8,,0,0,False,3,8,9,8
NewJersey4,LS1,Combined,Set1,Draw6,2,col2,Combined|Set1|Draw6|col2,C,own,1,3,1,6,2,0,924001336677,12,8,False,2,4,5,5
NewJersey4,LS1,Combined,Set1,Draw6,2,col2,Combined|Set1|Draw6|col2,C,own,1,3,1,6,2,1,9400166,7,5,False,2,4,5,5
NewJersey4,LS1,Combined,Set1,Draw6,2,col2,Combined|Set1|Draw6|col2,C,own,1,3,1,6,2,2,166,3,2,True,2,4,5,5
NewJersey4,LS1,Combined,Set1,Draw6,2,col2,Combined|Set1|Draw6|col2,C,own,1,3,1,6,2,3,166,3,2,True,2,4,5,5
NewJersey4,LS1,Combined,Set1,Draw6,2,col2,Combined|Set1|Draw6|col2,C,own,1,3,1,6,2,4,,0,0,False,2,4,5,5
NewJersey4,LS1,Combined,Set1,Draw6,2,col2,Combined|Set1|Draw6|col2,C,combined,1,3,1,6,2,0,924001336677,12,8,False,3,7,8,6
NewJersey4,LS1,Combined,Set1,Draw6,2,col2,Combined|Set1|Draw6|col2,C,combined,1,3,1,6,2,1,9400166,7,5,False,3,7,8,6
NewJersey4,LS1,Combined,Set1,Draw6,2,col2,Combined|Set1|Draw6|col2,C,combined,1,3,1,6,2,2,9400166,7,5,False,3,7,8,6
NewJersey4,LS1,Combined,Set1,Draw6,2,col2,Combined|Set1|Draw6|col2,C,combined,1,3,1,6,2,3,166,3,2,True,3,7,8,6
NewJersey4,LS1,Combined,Set1,Draw6,2,col2,Combined|Set1|Draw6|col2,C,combined,1,3,1,6,2,4,166,3,2,True,3,7,8,6
NewJersey4,LS1,Combined,Set1,Draw6,2,col2,Combined|Set1|Draw6|col2,C,combined,1,3,1,6,2,7,,0,0,False,3,7,8,6
NewJersey4,LS1,Combined,Set1,Draw6,2,col2,Combined|Set1|Draw6|col2,D,own,1,3,1,6,2,0,924001336677,12,8,False,2,11,12,7
NewJersey4,LS1,Combined,Set1,Draw6,2,col2,Combined|Set1|Draw6|col2,D,own,1,3,1,6,2,1,9400166,7,5,False,2,11,12,7
NewJersey4,LS1,Combined,Set1,Draw6,2,col2,Combined|Set1|Draw6|col2,D,own,1,3,1,6,2,2,0166,4,3,True,2,11,12,7
NewJersey4,LS1,Combined,Set1,Draw6,2,col2,Combined|Set1|Draw6|col2,D,own,1,3,1,6,2,3,166,3,2,True,2,11,12,7
NewJersey4,LS1,Combined,Set1,Draw6,2,col2,Combined|Set1|Draw6|col2,D,own,1,3,1,6,2,4,6,1,1,True,2,11,12,7
NewJersey4,LS1,Combined,Set1,Draw6,2,col2,Combined|Set1|Draw6|col2,D,own,1,3,1,6,2,5,6,1,1,True,2,11,12,7
NewJersey4,LS1,Combined,Set1,Draw6,2,col2,Combined|Set1|Draw6|col2,D,own,1,3,1,6,2,11,,0,0,False,2,11,12,7
NewJersey4,LS1,Combined,Set1,Draw6,2,col2,Combined|Set1|Draw6|col2,D,combined,1,3,1,6,2,0,924001336677,12,8,False,3,8,9,8
NewJersey4,LS1,Combined,Set1,Draw6,2,col2,Combined|Set1|Draw6|col2,D,combined,1,3,1,6,2,1,9400166,7,5,False,3,8,9,8
NewJersey4,LS1,Combined,Set1,Draw6,2,col2,Combined|Set1|Draw6|col2,D,combined,1,3,1,6,2,2,9400166,7,5,False,3,8,9,8
NewJersey4,LS1,Combined,Set1,Draw6,2,col2,Combined|Set1|Draw6|col2,D,combined,1,3,1,6,2,3,0166,4,3,True,3,8,9,8
NewJersey4,LS1,Combined,Set1,Draw6,2,col2,Combined|Set1|Draw6|col2,D,combined,1,3,1,6,2,4,166,3,2,True,3,8,9,8
NewJersey4,LS1,Combined,Set1,Draw6,2,col2,Combined|Set1|Draw6|col2,D,combined,1,3,1,6,2,5,166,3,2,True,3,8,9,8
NewJersey4,LS1,Combined,Set1,Draw6,2,col2,Combined|Set1|Draw6|col2,D,combined,1,3,1,6,2,7,6,1,1,True,3,8,9,8
NewJersey4,LS1,Combined,Set1,Draw6,2,col2,Combined|Set1|Draw6|col2,D,combined,1,3,1,6,2,8,,0,0,False,3,8,9,8
NewJersey4,LS1,Combined,Set1,Draw6,2,col2,Combined|Set1|Draw6|col2,E,own,1,3,1,6,2,0,924001336677,12,8,False,4,17,18,11
NewJersey4,LS1,Combined,Set1,Draw6,2,col2,Combined|Set1|Draw6|col2,E,own,1,3,1,6,2,1,924001667,9,7,False,4,17,18,11
NewJersey4,LS1,Combined,Set1,Draw6,2,col2,Combined|Set1|Draw6|col2,E,own,1,3,1,6,2,2,2401667,7,6,False,4,17,18,11
NewJersey4,LS1,Combined,Set1,Draw6,2,col2,Combined|Set1|Draw6|col2,E,own,1,3,1,6,2,3,21667,5,4,False,4,17,18,11
NewJersey4,LS1,Combined,Set1,Draw6,2,col2,Combined|Set1|Draw6|col2,E,own,1,3,1,6,2,4,667,3,2,True,4,17,18,11
NewJersey4,LS1,Combined,Set1,Draw6,2,col2,Combined|Set1|Draw6|col2,E,own,1,3,1,6,2,5,667,3,2,True,4,17,18,11
NewJersey4,LS1,Combined,Set1,Draw6,2,col2,Combined|Set1|Draw6|col2,E,own,1,3,1,6,2,7,66,2,1,True,4,17,18,11
NewJersey4,LS1,Combined,Set1,Draw6,2,col2,Combined|Set1|Draw6|col2,E,own,1,3,1,6,2,8,66,2,1,True,4,17,18,11
NewJersey4,LS1,Combined,Set1,Draw6,2,col2,Combined|Set1|Draw6|col2,E,own,1,3,1,6,2,11,6,1,1,True,4,17,18,11
NewJersey4,LS1,Combined,Set1,Draw6,2,col2,Combined|Set1|Draw6|col2,E,own,1,3,1,6,2,12,6,1,1,True,4,17,18,11
NewJersey4,LS1,Combined,Set1,Draw6,2,col2,Combined|Set1|Draw6|col2,E,own,1,3,1,6,2,17,,0,0,False,4,17,18,11
NewJersey4,LS1,Combined,Set1,Draw6,2,col2,Combined|Set1|Draw6|col2,E,combined,1,3,1,6,2,0,924001336677,12,8,False,4,21,22,11
NewJersey4,LS1,Combined,Set1,Draw6,2,col2,Combined|Set1|Draw6|col2,E,combined,1,3,1,6,2,1,924001667,9,7,False,4,21,22,11
NewJersey4,LS1,Combined,Set1,Draw6,2,col2,Combined|Set1|Draw6|col2,E,combined,1,3,1,6,2,2,92400166,8,6,False,4,21,22,11
NewJersey4,LS1,Combined,Set1,Draw6,2,col2,Combined|Set1|Draw6|col2,E,combined,1,3,1,6,2,3,240166,6,5,False,4,21,22,11
NewJersey4,LS1,Combined,Set1,Draw6,2,col2,Combined|Set1|Draw6|col2,E,combined,1,3,1,6,2,4,2166,4,3,True,4,21,22,11
NewJersey4,LS1,Combined,Set1,Draw6,2,col2,Combined|Set1|Draw6|col2,E,combined,1,3,1,6,2,5,2166,4,3,True,4,21,22,11
NewJersey4,LS1,Combined,Set1,Draw6,2,col2,Combined|Set1|Draw6|col2,E,combined,1,3,1,6,2,6,2166,4,3,True,4,21,22,11
NewJersey4,LS1,Combined,Set1,Draw6,2,col2,Combined|Set1|Draw6|col2,E,combined,1,3,1,6,2,7,66,2,1,True,4,21,22,11
NewJersey4,LS1,Combined,Set1,Draw6,2,col2,Combined|Set1|Draw6|col2,E,combined,1,3,1,6,2,8,6,1,1,True,4,21,22,11
NewJersey4,LS1,Combined,Set1,Draw6,2,col2,Combined|Set1|Draw6|col2,E,combined,1,3,1,6,2,9,6,1,1,True,4,21,22,11
NewJersey4,LS1,Combined,Set1,Draw6,2,col2,Combined|Set1|Draw6|col2,E,combined,1,3,1,6,2,21,,0,0,False,4,21,22,11
NewJersey4,LS1,Combined,Set1,Draw6,2,col2,Combined|Set1|Draw6|col2,T,own,1,3,1,6,2,0,924001336677,12,8,False,2,4,29,5
NewJersey4,LS1,Combined,Set1,Draw6,2,col2,Combined|Set1|Draw6|col2,T,own,1,3,1,6,2,1,9400166,7,5,False,2,4,29,5
NewJersey4,LS1,Combined,Set1,Draw6,2,col2,Combined|Set1|Draw6|col2,T,own,1,3,1,6,2,2,166,3,2,True,2,4,29,5
NewJersey4,LS1,Combined,Set1,Draw6,2,col2,Combined|Set1|Draw6|col2,T,own,1,3,1,6,2,3,166,3,2,True,2,4,29,5
NewJersey4,LS1,Combined,Set1,Draw6,2,col2,Combined|Set1|Draw6|col2,T,own,1,3,1,6,2,4,66,2,1,True,2,4,29,5
NewJersey4,LS1,Combined,Set1,Draw6,2,col2,Combined|Set1|Draw6|col2,T,combined,1,3,1,6,2,0,924001336677,12,8,False,3,7,57,6
NewJersey4,LS1,Combined,Set1,Draw6,2,col2,Combined|Set1|Draw6|col2,T,combined,1,3,1,6,2,1,9400166,7,5,False,3,7,57,6
NewJersey4,LS1,Combined,Set1,Draw6,2,col2,Combined|Set1|Draw6|col2,T,combined,1,3,1,6,2,2,9400166,7,5,False,3,7,57,6
NewJersey4,LS1,Combined,Set1,Draw6,2,col2,Combined|Set1|Draw6|col2,T,combined,1,3,1,6,2,3,166,3,2,True,3,7,57,6
NewJersey4,LS1,Combined,Set1,Draw6,2,col2,Combined|Set1|Draw6|col2,T,combined,1,3,1,6,2,4,166,3,2,True,3,7,57,6
NewJersey4,LS1,Combined,Set1,Draw6,2,col2,Combined|Set1|Draw6|col2,T,combined,1,3,1,6,2,7,66,2,1,True,3,7,57,6
NewJersey4,LS1,Combined,Set1,Draw7,1,col1,Combined|Set1|Draw7|col1,A,own,1,3,1,7,1,0,9224001133667,13,8,False,4,7,29,8
NewJersey4,LS1,Combined,Set1,Draw7,1,col1,Combined|Set1|Draw7|col1,A,own,1,3,1,7,1,1,922400113366,12,7,False,4,7,29,8
NewJersey4,LS1,Combined,Set1,Draw7,1,col1,Combined|Set1|Draw7|col1,A,own,1,3,1,7,1,2,22400113366,11,6,False,4,7,29,8
NewJersey4,LS1,Combined,Set1,Draw7,1,col1,Combined|Set1|Draw7|col1,A,own,1,3,1,7,1,3,2200113366,10,5,False,4,7,29,8
NewJersey4,LS1,Combined,Set1,Draw7,1,col1,Combined|Set1|Draw7|col1,A,own,1,3,1,7,1,4,003366,6,3,True,4,7,29,8
NewJersey4,LS1,Combined,Set1,Draw7,1,col1,Combined|Set1|Draw7|col1,A,own,1,3,1,7,1,5,003366,6,3,True,4,7,29,8
NewJersey4,LS1,Combined,Set1,Draw7,1,col1,Combined|Set1|Draw7|col1,A,own,1,3,1,7,1,6,0066,4,2,True,4,7,29,8
NewJersey4,LS1,Combined,Set1,Draw7,1,col1,Combined|Set1|Draw7|col1,A,own,1,3,1,7,1,7,66,2,1,True,4,7,29,8
NewJersey4,LS1,Combined,Set1,Draw7,1,col1,Combined|Set1|Draw7|col1,A,combined,1,3,1,7,1,0,9224001133667,13,8,False,7,13,57,14
NewJersey4,LS1,Combined,Set1,Draw7,1,col1,Combined|Set1|Draw7|col1,A,combined,1,3,1,7,1,1,922400113366,12,7,False,7,13,57,14
NewJersey4,LS1,Combined,Set1,Draw7,1,col1,Combined|Set1|Draw7|col1,A,combined,1,3,1,7,1,2,922400113366,12,7,False,7,13,57,14
NewJersey4,LS1,Combined,Set1,Draw7,1,col1,Combined|Set1|Draw7|col1,A,combined,1,3,1,7,1,3,22400113366,11,6,False,7,13,57,14
NewJersey4,LS1,Combined,Set1,Draw7,1,col1,Combined|Set1|Draw7|col1,A,combined,1,3,1,7,1,4,22400113366,11,6,False,7,13,57,14
NewJersey4,LS1,Combined,Set1,Draw7,1,col1,Combined|Set1|Draw7|col1,A,combined,1,3,1,7,1,5,2200113366,10,5,False,7,13,57,14
NewJersey4,LS1,Combined,Set1,Draw7,1,col1,Combined|Set1|Draw7|col1,A,combined,1,3,1,7,1,6,2200113366,10,5,False,7,13,57,14
NewJersey4,LS1,Combined,Set1,Draw7,1,col1,Combined|Set1|Draw7|col1,A,combined,1,3,1,7,1,7,003366,6,3,True,7,13,57,14
NewJersey4,LS1,Combined,Set1,Draw7,1,col1,Combined|Set1|Draw7|col1,A,combined,1,3,1,7,1,8,003366,6,3,True,7,13,57,14
NewJersey4,LS1,Combined,Set1,Draw7,1,col1,Combined|Set1|Draw7|col1,A,combined,1,3,1,7,1,9,003366,6,3,True,7,13,57,14
NewJersey4,LS1,Combined,Set1,Draw7,1,col1,Combined|Set1|Draw7|col1,A,combined,1,3,1,7,1,10,003366,6,3,True,7,13,57,14
NewJersey4,LS1,Combined,Set1,Draw7,1,col1,Combined|Set1|Draw7|col1,A,combined,1,3,1,7,1,11,0066,4,2,True,7,13,57,14
NewJersey4,LS1,Combined,Set1,Draw7,1,col1,Combined|Set1|Draw7|col1,A,combined,1,3,1,7,1,12,0066,4,2,True,7,13,57,14
NewJersey4,LS1,Combined,Set1,Draw7,1,col1,Combined|Set1|Draw7|col1,A,combined,1,3,1,7,1,13,66,2,1,True,7,13,57,14
NewJersey4,LS1,Combined,Set1,Draw7,1,col1,Combined|Set1|Draw7|col1,B,own,1,3,1,7,1,0,9224001133667,13,8,False,3,11,12,7
NewJersey4,LS1,Combined,Set1,Draw7,1,col1,Combined|Set1|Draw7|col1,B,own,1,3,1,7,1,1,9224001166,10,6,False,3,11,12,7
NewJersey4,LS1,Combined,Set1,Draw7,1,col1,Combined|Set1|Draw7|col1,B,own,1,3,1,7,1,2,2241166,7,4,False,3,11,12,7
NewJersey4,LS1,Combined,Set1,Draw7,1,col1,Combined|Set1|Draw7|col1,B,own,1,3,1,7,1,3,221166,6,3,True,3,11,12,7
NewJersey4,LS1,Combined,Set1,Draw7,1,col1,Combined|Set1|Draw7|col1,B,own,1,3,1,7,1,4,66,2,1,True,3,11,12,7
NewJersey4,LS1,Combined,Set1,Draw7,1,col1,Combined|Set1|Draw7|col1,B,own,1,3,1,7,1,5,66,2,1,True,3,11,12,7
NewJersey4,LS1,Combined,Set1,Draw7,1,col1,Combined|Set1|Draw7|col1,B,own,1,3,1,7,1,11,,0,0,False,3,11,12,7
NewJersey4,LS1,Combined,Set1,Draw7,1,col1,Combined|Set1|Draw7|col1,B,combined,1,3,1,7,1,0,9224001133667,13,8,False,3,8,9,8
NewJersey4,LS1,Combined,Set1,Draw7,1,col1,Combined|Set1|Draw7|col1,B,combined,1,3,1,7,1,1,9224001166,10,6,False,3,8,9,8
NewJersey4,LS1,Combined,Set1,Draw7,1,col1,Combined|Set1|Draw7|col1,B,combined,1,3,1,7,1,2,94001166,8,5,False,3,8,9,8
NewJersey4,LS1,Combined,Set1,Draw7,1,col1,Combined|Set1|Draw7|col1,B,combined,1,3,1,7,1,3,41166,5,3,True,3,8,9,8
NewJersey4,LS1,Combined,Set1,Draw7,1,col1,Combined|Set1|Draw7|col1,B,combined,1,3,1,7,1,4,1166,4,2,True,3,8,9,8
NewJersey4,LS1,Combined,Set1,Draw7,1,col1,Combined|Set1|Draw7|col1,B,combined,1,3,1,7,1,5,1166,4,2,True,3,8,9,8
NewJersey4,LS1,Combined,Set1,Draw7,1,col1,Combined|Set1|Draw7|col1,B,combined,1,3,1,7,1,7,66,2,1,True,3,8,9,8
NewJersey4,LS1,Combined,Set1,Draw7,1,col1,Combined|Set1|Draw7|col1,B,combined,1,3,1,7,1,8,,0,0,False,3,8,9,8
NewJersey4,LS1,Combined,Set1,Draw7,1,col1,Combined|Set1|Draw7|col1,C,own,1,3,1,7,1,0,9224001133667,13,8,False,2,4,5,5
NewJersey4,LS1,Combined,Set1,Draw7,1,col1,Combined|Set1|Draw7|col1,C,own,1,3,1,7,1,1,94001166,8,5,False,2,4,5,5
NewJersey4,LS1,Combined,Set1,Draw7,1,col1,Combined|Set1|Draw7|col1,C,own,1,3,1,7,1,2,1166,4,2,True,2,4,5,5
NewJersey4,LS1,Combined,Set1,Draw7,1,col1,Combined|Set1|Draw7|col1,C,own,1,3,1,7,1,3,1166,4,2,True,2,4,5,5
NewJersey4,LS1,Combined,Set1,Draw7,1,col1,Combined|Set1|Draw7|col1,C,own,1,3,1,7,1,4,,0,0,False,2,4,5,5
NewJersey4,LS1,Combined,Set1,Draw7,1,col1,Combined|Set1|Draw7|col1,C,combined,1,3,1,7,1,0,9224001133667,13,8,False,3,7,8,6
NewJersey4,LS1,Combined,Set1,Draw7,1,col1,Combined|Set1|Draw7|col1,C,combined,1,3,1,7,1,1,94001166,8,5,False,3,7,8,6
NewJersey4,LS1,Combined,Set1,Draw7,1,col1,Combined|Set1|Draw7|col1,C,combined,1,3,1,7,1,2,94001166,8,5,False,3,7,8,6
NewJersey4,LS1,Combined,Set1,Draw7,1,col1,Combined|Set1|Draw7|col1,C,combined,1,3,1,7,1,3,1166,4,2,True,3,7,8,6
NewJersey4,LS1,Combined,Set1,Draw7,1,col1,Combined|Set1|Draw7|col1,C,combined,1,3,1,7,1,4,1166,4,2,True,3,7,8,6
NewJersey4,LS1,Combined,Set1,Draw7,1,col1,Combined|Set1|Draw7|col1,C,combined,1,3,1,7,1,7,,0,0,False,3,7,8,6
NewJersey4,LS1,Combined,Set1,Draw7,1,col1,Combined|Set1|Draw7|col1,D,own,1,3,1,7,1,0,9224001133667,13,8,False,3,11,12,7
NewJersey4,LS1,Combined,Set1,Draw7,1,col1,Combined|Set1|Draw7|col1,D,own,1,3,1,7,1,1,924001166,9,6,False,3,11,12,7
NewJersey4,LS1,Combined,Set1,Draw7,1,col1,Combined|Set1|Draw7|col1,D,own,1,3,1,7,1,2,201166,6,4,False,3,11,12,7
NewJersey4,LS1,Combined,Set1,Draw7,1,col1,Combined|Set1|Draw7|col1,D,own,1,3,1,7,1,3,21166,5,3,True,3,11,12,7
NewJersey4,LS1,Combined,Set1,Draw7,1,col1,Combined|Set1|Draw7|col1,D,own,1,3,1,7,1,4,6,1,1,True,3,11,12,7
NewJersey4,LS1,Combined,Set1,Draw7,1,col1,Combined|Set1|Draw7|col1,D,own,1,3,1,7,1,5,6,1,1,True,3,11,12,7
NewJersey4,LS1,Combined,Set1,Draw7,1,col1,Combined|Set1|Draw7|col1,D,own,1,3,1,7,1,11,,0,0,False,3,11,12,7
NewJersey4,LS1,Combined,Set1,Draw7,1,col1,Combined|Set1|Draw7|col1,D,combined,1,3,1,7,1,0,9224001133667,13,8,False,3,8,9,8
NewJersey4,LS1,Combined,Set1,Draw7,1,col1,Combined|Set1|Draw7|col1,D,combined,1,3,1,7,1,1,924001166,9,6,False,3,8,9,8
NewJersey4,LS1,Combined,Set1,Draw7,1,col1,Combined|Set1|Draw7|col1,D,combined,1,3,1,7,1,2,94001166,8,5,False,3,8,9,8
NewJersey4,LS1,Combined,Set1,Draw7,1,col1,Combined|Set1|Draw7|col1,D,combined,1,3,1,7,1,3,01166,5,3,True,3,8,9,8
NewJersey4,LS1,Combined,Set1,Draw7,1,col1,Combined|Set1|Draw7|col1,D,combined,1,3,1,7,1,4,1166,4,2,True,3,8,9,8
NewJersey4,LS1,Combined,Set1,Draw7,1,col1,Combined|Set1|Draw7|col1,D,combined,1,3,1,7,1,5,1166,4,2,True,3,8,9,8
NewJersey4,LS1,Combined,Set1,Draw7,1,col1,Combined|Set1|Draw7|col1,D,combined,1,3,1,7,1,7,6,1,1,True,3,8,9,8
NewJersey4,LS1,Combined,Set1,Draw7,1,col1,Combined|Set1|Draw7|col1,D,combined,1,3,1,7,1,8,,0,0,False,3,8,9,8
NewJersey4,LS1,Combined,Set1,Draw7,1,col1,Combined|Set1|Draw7|col1,E,own,1,3,1,7,1,0,9224001133667,13,8,False,3,22,23,14
NewJersey4,LS1,Combined,Set1,Draw7,1,col1,Combined|Set1|Draw7|col1,E,own,1,3,1,7,1,1,9224001166,10,6,False,3,22,23,14
NewJersey4,LS1,Combined,Set1,Draw7,1,col1,Combined|Set1|Draw7|col1,E,own,1,3,1,7,1,2,22401166,8,5,False,3,22,23,14
NewJersey4,LS1,Combined,Set1,Draw7,1,col1,Combined|Set1|Draw7|col1,E,own,1,3,1,7,1,3,221166,6,3,True,3,22,23,14
NewJersey4,LS1,Combined,Set1,Draw7,1,col1,Combined|Set1|Draw7|col1,E,own,1,3,1,7,1,4,2166,4,3,True,3,22,23,14
NewJersey4,LS1,Combined,Set1,Draw7,1,col1,Combined|Set1|Draw7|col1,E,own,1,3,1,7,1,5,2166,4,3,True,3,22,23,14
NewJersey4,LS1,Combined,Set1,Draw7,1,col1,Combined|Set1|Draw7|col1,E,own,1,3,1,7,1,6,2166,4,3,True,3,22,23,14
NewJersey4,LS1,Combined,Set1,Draw7,1,col1,Combined|Set1|Draw7|col1,E,own,1,3,1,7,1,7,166,3,2,True,3,22,23,14
NewJersey4,LS1,Combined,Set1,Draw7,1,col1,Combined|Set1|Draw7|col1,E,own,1,3,1,7,1,8,166,3,2,True,3,22,23,14
NewJersey4,LS1,Combined,Set1,Draw7,1,col1,Combined|Set1|Draw7|col1,E,own,1,3,1,7,1,11,66,2,1,True,3,22,23,14
NewJersey4,LS1,Combined,Set1,Draw7,1,col1,Combined|Set1|Draw7|col1,E,own,1,3,1,7,1,12,66,2,1,True,3,22,23,14
NewJersey4,LS1,Combined,Set1,Draw7,1,col1,Combined|Set1|Draw7|col1,E,own,1,3,1,7,1,17,6,1,1,True,3,22,23,14
NewJersey4,LS1,Combined,Set1,Draw7,1,col1,Combined|Set1|Draw7|col1,E,own,1,3,1,7,1,18,6,1,1,True,3,22,23,14
NewJersey4,LS1,Combined,Set1,Draw7,1,col1,Combined|Set1|Draw7|col1,E,own,1,3,1,7,1,22,,0,0,False,3,22,23,14
NewJersey4,LS1,Combined,Set1,Draw7,1,col1,Combined|Set1|Draw7|col1,E,combined,1,3,1,7,1,0,9224001133667,13,8,False,4,22,23,12
NewJersey4,LS1,Combined,Set1,Draw7,1,col1,Combined|Set1|Draw7|col1,E,combined,1,3,1,7,1,1,9224001166,10,6,False,4,22,23,12
NewJersey4,LS1,Combined,Set1,Draw7,1,col1,Combined|Set1|Draw7|col1,E,combined,1,3,1,7,1,2,924001166,9,6,False,4,22,23,12
NewJersey4,LS1,Combined,Set1,Draw7,1,col1,Combined|Set1|Draw7|col1,E,combined,1,3,1,7,1,3,2401166,7,5,False,4,22,23,12
NewJersey4,LS1,Combined,Set1,Draw7,1,col1,Combined|Set1|Draw7|col1,E,combined,1,3,1,7,1,4,21166,5,3,True,4,22,23,12
NewJersey4,LS1,Combined,Set1,Draw7,1,col1,Combined|Set1|Draw7|col1,E,combined,1,3,1,7,1,5,21166,5,3,True,4,22,23,12
NewJersey4,LS1,Combined,Set1,Draw7,1,col1,Combined|Set1|Draw7|col1,E,combined,1,3,1,7,1,6,21166,5,3,True,4,22,23,12
NewJersey4,LS1,Combined,Set1,Draw7,1,col1,Combined|Set1|Draw7|col1,E,combined,1,3,1,7,1,7,166,3,2,True,4,22,23,12
NewJersey4,LS1,Combined,Set1,Draw7,1,col1,Combined|Set1|Draw7|col1,E,combined,1,3,1,7,1,8,66,2,1,True,4,22,23,12
NewJersey4,LS1,Combined,Set1,Draw7,1,col1,Combined|Set1|Draw7|col1,E,combined,1,3,1,7,1,9,66,2,1,True,4,22,23,12
NewJersey4,LS1,Combined,Set1,Draw7,1,col1,Combined|Set1|Draw7|col1,E,combined,1,3,1,7,1,21,6,1,1,True,4,22,23,12
NewJersey4,LS1,Combined,Set1,Draw7,1,col1,Combined|Set1|Draw7|col1,E,combined,1,3,1,7,1,22,,0,0,False,4,22,23,12
NewJersey4,LS1,Combined,Set1,Draw7,1,col1,Combined|Set1|Draw7|col1,T,own,1,3,1,7,1,0,9224001133667,13,8,False,2,4,29,5
NewJersey4,LS1,Combined,Set1,Draw7,1,col1,Combined|Set1|Draw7|col1,T,own,1,3,1,7,1,1,94001166,8,5,False,2,4,29,5
NewJersey4,LS1,Combined,Set1,Draw7,1,col1,Combined|Set1|Draw7|col1,T,own,1,3,1,7,1,2,1166,4,2,True,2,4,29,5
NewJersey4,LS1,Combined,Set1,Draw7,1,col1,Combined|Set1|Draw7|col1,T,own,1,3,1,7,1,3,1166,4,2,True,2,4,29,5
NewJersey4,LS1,Combined,Set1,Draw7,1,col1,Combined|Set1|Draw7|col1,T,own,1,3,1,7,1,4,66,2,1,True,2,4,29,5
NewJersey4,LS1,Combined,Set1,Draw7,1,col1,Combined|Set1|Draw7|col1,T,combined,1,3,1,7,1,0,9224001133667,13,8,False,3,7,57,6
NewJersey4,LS1,Combined,Set1,Draw7,1,col1,Combined|Set1|Draw7|col1,T,combined,1,3,1,7,1,1,94001166,8,5,False,3,7,57,6
NewJersey4,LS1,Combined,Set1,Draw7,1,col1,Combined|Set1|Draw7|col1,T,combined,1,3,1,7,1,2,94001166,8,5,False,3,7,57,6
NewJersey4,LS1,Combined,Set1,Draw7,1,col1,Combined|Set1|Draw7|col1,T,combined,1,3,1,7,1,3,1166,4,2,True,3,7,57,6
NewJersey4,LS1,Combined,Set1,Draw7,1,col1,Combined|Set1|Draw7|col1,T,combined,1,3,1,7,1,4,1166,4,2,True,3,7,57,6
NewJersey4,LS1,Combined,Set1,Draw7,1,col1,Combined|Set1|Draw7|col1,T,combined,1,3,1,7,1,7,66,2,1,True,3,7,57,6
NewJersey4,LS2,Midday,Set1,Draw4,3,col3,Midday|Set1|Draw4|col3,A,own,2,1,1,4,3,0,520118667,9,7,False,2,6,29,7
NewJersey4,LS2,Midday,Set1,Draw4,3,col3,Midday|Set1|Draw4|col3,A,own,2,1,1,4,3,1,2011667,7,5,False,2,6,29,7
NewJersey4,LS2,Midday,Set1,Draw4,3,col3,Midday|Set1|Draw4|col3,A,own,2,1,1,4,3,2,0667,4,3,True,2,6,29,7
NewJersey4,LS2,Midday,Set1,Draw4,3,col3,Midday|Set1|Draw4|col3,A,own,2,1,1,4,3,3,0667,4,3,True,2,6,29,7
NewJersey4,LS2,Midday,Set1,Draw4,3,col3,Midday|Set1|Draw4|col3,A,own,2,1,1,4,3,4,667,3,2,True,2,6,29,7
NewJersey4,LS2,Midday,Set1,Draw4,3,col3,Midday|Set1|Draw4|col3,A,own,2,1,1,4,3,5,667,3,2,True,2,6,29,7
NewJersey4,LS2,Midday,Set1,Draw4,3,col3,Midday|Set1|Draw4|col3,A,own,2,1,1,4,3,6,66,2,1,True,2,6,29,7
NewJersey4,LS2,Midday,Set1,Draw4,3,col3,Midday|Set1|Draw4|col3,A,combined,2,1,1,4,3,0,520118667,9,7,False,3,12,13,8
NewJersey4,LS2,Midday,Set1,Draw4,3,col3,Midday|Set1|Draw4|col3,A,combined,2,1,1,4,3,1,2011667,7,5,False,3,12,13,8
NewJersey4,LS2,Midday,Set1,Draw4,3,col3,Midday|Set1|Draw4|col3,A,combined,2,1,1,4,3,2,201166,6,4,False,3,12,13,8
NewJersey4,LS2,Midday,Set1,Draw4,3,col3,Midday|Set1|Draw4|col3,A,combined,2,1,1,4,3,3,066,3,2,True,3,12,13,8
NewJersey4,LS2,Midday,Set1,Draw4,3,col3,Midday|Set1|Draw4|col3,A,combined,2,1,1,4,3,4,066,3,2,True,3,12,13,8
NewJersey4,LS2,Midday,Set1,Draw4,3,col3,Midday|Set1|Draw4|col3,A,combined,2,1,1,4,3,7,66,2,1,True,3,12,13,8
NewJersey4,LS2,Midday,Set1,Draw4,3,col3,Midday|Set1|Draw4|col3,A,combined,2,1,1,4,3,8,66,2,1,True,3,12,13,8
NewJersey4,LS2,Midday,Set1,Draw4,3,col3,Midday|Set1|Draw4|col3,A,combined,2,1,1,4,3,12,,0,0,False,3,12,13,8
NewJersey4,LS2,Midday,Set1,Draw4,3,col3,Midday|Set1|Draw4|col3,B,own,2,1,1,4,3,0,520118667,9,7,False,2,7,8,8
NewJersey4,LS2,Midday,Set1,Draw4,3,col3,Midday|Set1|Draw4|col3,B,own,2,1,1,4,3,1,2011667,7,5,False,2,7,8,8
NewJersey4,LS2,Midday,Set1,Draw4,3,col3,Midday|Set1|Draw4|col3,B,own,2,1,1,4,3,2,0667,4,3,True,2,7,8,8
NewJersey4,LS2,Midday,Set1,Draw4,3,col3,Midday|Set1|Draw4|col3,B,own,2,1,1,4,3,3,0667,4,3,True,2,7,8,8
NewJersey4,LS2,Midday,Set1,Draw4,3,col3,Midday|Set1|Draw4|col3,B,own,2,1,1,4,3,4,667,3,2,True,2,7,8,8
NewJersey4,LS2,Midday,Set1,Draw4,3,col3,Midday|Set1|Draw4|col3,B,own,2,1,1,4,3,5,66,2,1,True,2,7,8,8
NewJersey4,LS2,Midday,Set1,Draw4,3,col3,Midday|Set1|Draw4|col3,B,own,2,1,1,4,3,6,66,2,1,True,2,7,8,8
NewJersey4,LS2,Midday,Set1,Draw4,3,col3,Midday|Set1|Draw4|col3,B,own,2,1,1,4,3,7,,0,0,False,2,7,8,8
NewJersey4,LS2,Midday,Set1,Draw4,3,col3,Midday|Set1|Draw4|col3,B,combined,2,1,1,4,3,0,520118667,9,7,False,3,10,11,7
NewJersey4,LS2,Midday,Set1,Draw4,3,col3,Midday|Set1|Draw4|col3,B,combined,2,1,1,4,3,1,2011667,7,5,False,3,10,11,7
NewJersey4,LS2,Midday,Set1,Draw4,3,col3,Midday|Set1|Draw4|col3,B,combined,2,1,1,4,3,2,201166,6,4,False,3,10,11,7
NewJersey4,LS2,Midday,Set1,Draw4,3,col3,Midday|Set1|Draw4|col3,B,combined,2,1,1,4,3,3,066,3,2,True,3,10,11,7
NewJersey4,LS2,Midday,Set1,Draw4,3,col3,Midday|Set1|Draw4|col3,B,combined,2,1,1,4,3,4,66,2,1,True,3,10,11,7
NewJersey4,LS2,Midday,Set1,Draw4,3,col3,Midday|Set1|Draw4|col3,B,combined,2,1,1,4,3,5,66,2,1,True,3,10,11,7
NewJersey4,LS2,Midday,Set1,Draw4,3,col3,Midday|Set1|Draw4|col3,B,combined,2,1,1,4,3,10,,0,0,False,3,10,11,7
NewJersey4,LS2,Midday,Set1,Draw4,3,col3,Midday|Set1|Draw4|col3,C,own,2,1,1,4,3,0,520118667,9,7,False,-1,2,3,3
NewJersey4,LS2,Midday,Set1,Draw4,3,col3,Midday|Set1|Draw4|col3,C,own,2,1,1,4,3,1,211667,6,4,False,-1,2,3,3
NewJersey4,LS2,Midday,Set1,Draw4,3,col3,Midday|Set1|Draw4|col3,C,own,2,1,1,4,3,2,,0,0,False,-1,2,3,3
NewJersey4,LS2,Midday,Set1,Draw4,3,col3,Midday|Set1|Draw4|col3,C,combined,2,1,1,4,3,0,520118667,9,7,False,2,3,4,4
NewJersey4,LS2,Midday,Set1,Draw4,3,col3,Midday|Set1|Draw4|col3,C,combined,2,1,1,4,3,1,211667,6,4,False,2,3,4,4
NewJersey4,LS2,Midday,Set1,Draw4,3,col3,Midday|Set1|Draw4|col3,C,combined,2,1,1,4,3,2,1166,4,2,True,2,3,4,4
NewJersey4,LS2,Midday,Set1,Draw4,3,col3,Midday|Set1|Draw4|col3,C,combined,2,1,1,4,3,3,,0,0,False,2,3,4,4
NewJersey4,LS2,Midday,Set1,Draw4,3,col3,Midday|Set1|Draw4|col3,D,own,2,1,1,4,3,0,520118667,9,7,False,2,7,8,5
NewJersey4,LS2,Midday,Set1,Draw4,3,col3,Midday|Set1|Draw4|col3,D,own,2,1,1,4,3,1,211667,6,4,False,2,7,8,5
NewJersey4,LS2,Midday,Set1,Draw4,3,col3,Midday|Set1|Draw4|col3,D,own,2,1,1,4,3,2,6,1,1,True,2,7,8,5
NewJersey4,LS2,Midday,Set1,Draw4,3,col3,Midday|Set1|Draw4|col3,D,own,2,1,1,4,3,3,6,1,1,True,2,7,8,5
NewJersey4,LS2,Midday,Set1,Draw4,3,col3,Midday|Set1|Draw4|col3,D,own,2,1,1,4,3,7,,0,0,False,2,7,8,5
NewJersey4,LS2,Midday,Set1,Draw4,3,col3,Midday|Set1|Draw4|col3,D,combined,2,1,1,4,3,0,520118667,9,7,False,2,10,11,6
NewJersey4,LS2,Midday,Set1,Draw4,3,col3,Midday|Set1|Draw4|col3,D,combined,2,1,1,4,3,1,211667,6,4,False,2,10,11,6
NewJersey4,LS2,Midday,Set1,Draw4,3,col3,Midday|Set1|Draw4|col3,D,combined,2,1,1,4,3,2,1166,4,2,True,2,10,11,6
NewJersey4,LS2,Midday,Set1,Draw4,3,col3,Midday|Set1|Draw4|col3,D,combined,2,1,1,4,3,3,6,1,1,True,2,10,11,6
NewJersey4,LS2,Midday,Set1,Draw4,3,col3,Midday|Set1|Draw4|col3,D,combined,2,1,1,4,3,4,6,1,1,True,2,10,11,6
NewJersey4,LS2,Midday,Set1,Draw4,3,col3,Midday|Set1|Draw4|col3,D,combined,2,1,1,4,3,10,,0,0,False,2,10,11,6
NewJersey4,LS2,Midday,Set1,Draw4,3,col3,Midday|Set1|Draw4|col3,E,own,2,1,1,4,3,0,520118667,9,7,False,4,15,16,12
NewJersey4,LS2,Midday,Set1,Draw4,3,col3,Midday|Set1|Draw4|col3,E,own,2,1,1,4,3,1,2011667,7,5,False,4,15,16,12
NewJersey4,LS2,Midday,Set1,Draw4,3,col3,Midday|Set1|Draw4|col3,E,own,2,1,1,4,3,2,01667,5,4,False,4,15,16,12
NewJersey4,LS2,Midday,Set1,Draw4,3,col3,Midday|Set1|Draw4|col3,E,own,2,1,1,4,3,3,01667,5,4,False,4,15,16,12
NewJersey4,LS2,Midday,Set1,Draw4,3,col3,Midday|Set1|Draw4|col3,E,own,2,1,1,4,3,4,1667,4,3,True,4,15,16,12
NewJersey4,LS2,Midday,Set1,Draw4,3,col3,Midday|Set1|Draw4|col3,E,own,2,1,1,4,3,5,166,3,2,True,4,15,16,12
NewJersey4,LS2,Midday,Set1,Draw4,3,col3,Midday|Set1|Draw4|col3,E,own,2,1,1,4,3,6,166,3,2,True,4,15,16,12
NewJersey4,LS2,Midday,Set1,Draw4,3,col3,Midday|Set1|Draw4|col3,E,own,2,1,1,4,3,7,66,2,1,True,4,15,16,12
NewJersey4,LS2,Midday,Set1,Draw4,3,col3,Midday|Set1|Draw4|col3,E,own,2,1,1,4,3,8,66,2,1,True,4,15,16,12
NewJersey4,LS2,Midday,Set1,Draw4,3,col3,Midday|Set1|Draw4|col3,E,own,2,1,1,4,3,9,6,1,1,True,4,15,16,12
NewJersey4,LS2,Midday,Set1,Draw4,3,col3,Midday|Set1|Draw4|col3,E,own,2,1,1,4,3,10,6,1,1,True,4,15,16,12
NewJersey4,LS2,Midday,Set1,Draw4,3,col3,Midday|Set1|Draw4|col3,E,own,2,1,1,4,3,15,,0,0,False,4,15,16,12
NewJersey4,LS2,Midday,Set1,Draw4,3,col3,Midday|Set1|Draw4|col3,E,combined,2,1,1,4,3,0,520118667,9,7,False,3,13,14,10
NewJersey4,LS2,Midday,Set1,Draw4,3,col3,Midday|Set1|Draw4|col3,E,combined,2,1,1,4,3,1,2011667,7,5,False,3,13,14,10
NewJersey4,LS2,Midday,Set1,Draw4,3,col3,Midday|Set1|Draw4|col3,E,combined,2,1,1,4,3,2,201166,6,4,False,3,13,14,10
NewJersey4,LS2,Midday,Set1,Draw4,3,col3,Midday|Set1|Draw4|col3,E,combined,2,1,1,4,3,3,0166,4,3,True,3,13,14,10
NewJersey4,LS2,Midday,Set1,Draw4,3,col3,Midday|Set1|Draw4|col3,E,combined,2,1,1,4,3,4,166,3,2,True,3,13,14,10
NewJersey4,LS2,Midday,Set1,Draw4,3,col3,Midday|Set1|Draw4|col3,E,combined,2,1,1,4,3,5,166,3,2,True,3,13,14,10
NewJersey4,LS2,Midday,Set1,Draw4,3,col3,Midday|Set1|Draw4|col3,E,combined,2,1,1,4,3,10,66,2,1,True,3,13,14,10
NewJersey4,LS2,Midday,Set1,Draw4,3,col3,Midday|Set1|Draw4|col3,E,combined,2,1,1,4,3,11,66,2,1,True,3,13,14,10
NewJersey4,LS2,Midday,Set1,Draw4,3,col3,Midday|Set1|Draw4|col3,E,combined,2,1,1,4,3,12,6,1,1,True,3,13,14,10
NewJersey4,LS2,Midday,Set1,Draw4,3,col3,Midday|Set1|Draw4|col3,E,combined,2,1,1,4,3,13,,0,0,False,3,13,14,10
NewJersey4,LS2,Midday,Set1,Draw4,3,col3,Midday|Set1|Draw4|col3,T,own,2,1,1,4,3,0,520118667,9,7,False,2,6,29,5
NewJersey4,LS2,Midday,Set1,Draw4,3,col3,Midday|Set1|Draw4|col3,T,own,2,1,1,4,3,1,211667,6,4,False,2,6,29,5
NewJersey4,LS2,Midday,Set1,Draw4,3,col3,Midday|Set1|Draw4|col3,T,own,2,1,1,4,3,2,667,3,2,True,2,6,29,5
NewJersey4,LS2,Midday,Set1,Draw4,3,col3,Midday|Set1|Draw4|col3,T,own,2,1,1,4,3,3,667,3,2,True,2,6,29,5
NewJersey4,LS2,Midday,Set1,Draw4,3,col3,Midday|Set1|Draw4|col3,T,own,2,1,1,4,3,6,66,2,1,True,2,6,29,5
NewJersey4,LS2,Midday,Set1,Draw4,3,col3,Midday|Set1|Draw4|col3,T,combined,2,1,1,4,3,0,520118667,9,7,False,2,12,13,6
NewJersey4,LS2,Midday,Set1,Draw4,3,col3,Midday|Set1|Draw4|col3,T,combined,2,1,1,4,3,1,211667,6,4,False,2,12,13,6
NewJersey4,LS2,Midday,Set1,Draw4,3,col3,Midday|Set1|Draw4|col3,T,combined,2,1,1,4,3,2,1166,4,2,True,2,12,13,6
NewJersey4,LS2,Midday,Set1,Draw4,3,col3,Midday|Set1|Draw4|col3,T,combined,2,1,1,4,3,3,66,2,1,True,2,12,13,6
NewJersey4,LS2,Midday,Set1,Draw4,3,col3,Midday|Set1|Draw4|col3,T,combined,2,1,1,4,3,4,66,2,1,True,2,12,13,6
NewJersey4,LS2,Midday,Set1,Draw4,3,col3,Midday|Set1|Draw4|col3,T,combined,2,1,1,4,3,12,,0,0,False,2,12,13,6
NewJersey4,LS2,Midday,Set1,Draw6,1,col1,Midday|Set1|Draw6|col1,A,own,2,1,1,6,1,0,524016677*,10,8,False,4,6,29,7
NewJersey4,LS2,Midday,Set1,Draw6,1,col1,Midday|Set1|Draw6|col1,A,own,2,1,1,6,1,1,24016677*,9,7,False,4,6,29,7
NewJersey4,LS2,Midday,Set1,Draw6,1,col1,Midday|Set1|Draw6|col1,A,own,2,1,1,6,1,2,406677*,7,5,False,4,6,29,7
NewJersey4,LS2,Midday,Set1,Draw6,1,col1,Midday|Set1|Draw6|col1,A,own,2,1,1,6,1,3,406677*,7,5,False,4,6,29,7
NewJersey4,LS2,Midday,Set1,Draw6,1,col1,Midday|Set1|Draw6|col1,A,own,2,1,1,6,1,4,6677*,5,3,True,4,6,29,7
NewJersey4,LS2,Midday,Set1,Draw6,1,col1,Midday|Set1|Draw6|col1,A,own,2,1,1,6,1,5,6677*,5,3,True,4,6,29,7
NewJersey4,LS2,Midday,Set1,Draw6,1,col1,Midday|Set1|Draw6|col1,A,own,2,1,1,6,1,6,66*,3,2,True,4,6,29,7
NewJersey4,LS2,Midday,Set1,Draw6,1,col1,Midday|Set1|Draw6|col1,A,combined,2,1,1,6,1,0,524016677*,10,8,False,4,12,57,10
NewJersey4,LS2,Midday,Set1,Draw6,1,col1,Midday|Set1|Draw6|col1,A,combined,2,1,1,6,1,1,24016677*,9,7,False,4,12,57,10
NewJersey4,LS2,Midday,Set1,Draw6,1,col1,Midday|Set1|Draw6|col1,A,combined,2,1,1,6,1,2,240166*,7,6,False,4,12,57,10
NewJersey4,LS2,Midday,Set1,Draw6,1,col1,Midday|Set1|Draw6|col1,A,combined,2,1,1,6,1,3,4066*,5,4,False,4,12,57,10
NewJersey4,LS2,Midday,Set1,Draw6,1,col1,Midday|Set1|Draw6|col1,A,combined,2,1,1,6,1,4,066*,4,3,True,4,12,57,10
NewJersey4,LS2,Midday,Set1,Draw6,1,col1,Midday|Set1|Draw6|col1,A,combined,2,1,1,6,1,5,066*,4,3,True,4,12,57,10
NewJersey4,LS2,Midday,Set1,Draw6,1,col1,Midday|Set1|Draw6|col1,A,combined,2,1,1,6,1,6,066*,4,3,True,4,12,57,10
NewJersey4,LS2,Midday,Set1,Draw6,1,col1,Midday|Set1|Draw6|col1,A,combined,2,1,1,6,1,7,66*,3,2,True,4,12,57,10
NewJersey4,LS2,Midday,Set1,Draw6,1,col1,Midday|Set1|Draw6|col1,A,combined,2,1,1,6,1,8,66*,3,2,True,4,12,57,10
NewJersey4,LS2,Midday,Set1,Draw6,1,col1,Midday|Set1|Draw6|col1,A,combined,2,1,1,6,1,12,*,1,1,True,4,12,57,10
NewJersey4,LS2,Midday,Set1,Draw6,1,col1,Midday|Set1|Draw6|col1,B,own,2,1,1,6,1,0,524016677*,10,8,False,4,7,29,8
NewJersey4,LS2,Midday,Set1,Draw6,1,col1,Midday|Set1|Draw6|col1,B,own,2,1,1,6,1,1,2016677*,8,6,False,4,7,29,8
NewJersey4,LS2,Midday,Set1,Draw6,1,col1,Midday|Set1|Draw6|col1,B,own,2,1,1,6,1,2,06677*,6,4,False,4,7,29,8
NewJersey4,LS2,Midday,Set1,Draw6,1,col1,Midday|Set1|Draw6|col1,B,own,2,1,1,6,1,3,06677*,6,4,False,4,7,29,8
NewJersey4,LS2,Midday,Set1,Draw6,1,col1,Midday|Set1|Draw6|col1,B,own,2,1,1,6,1,4,6677*,5,3,True,4,7,29,8
NewJersey4,LS2,Midday,Set1,Draw6,1,col1,Midday|Set1|Draw6|col1,B,own,2,1,1,6,1,5,66*,3,2,True,4,7,29,8
NewJersey4,LS2,Midday,Set1,Draw6,1,col1,Midday|Set1|Draw6|col1,B,own,2,1,1,6,1,6,66*,3,2,True,4,7,29,8
NewJersey4,LS2,Midday,Set1,Draw6,1,col1,Midday|Set1|Draw6|col1,B,own,2,1,1,6,1,7,*,1,1,True,4,7,29,8
NewJersey4,LS2,Midday,Set1,Draw6,1,col1,Midday|Set1|Draw6|col1,B,combined,2,1,1,6,1,0,524016677*,10,8,False,3,10,57,7
NewJersey4,LS2,Midday,Set1,Draw6,1,col1,Midday|Set1|Draw6|col1,B,combined,2,1,1,6,1,1,2016677*,8,6,False,3,10,57,7
NewJersey4,LS2,Midday,Set1,Draw6,1,col1,Midday|Set1|Draw6|col1,B,combined,2,1,1,6,1,2,20166*,6,5,False,3,10,57,7
NewJersey4,LS2,Midday,Set1,Draw6,1,col1,Midday|Set1|Draw6|col1,B,combined,2,1,1,6,1,3,066*,4,3,True,3,10,57,7
NewJersey4,LS2,Midday,Set1,Draw6,1,col1,Midday|Set1|Draw6|col1,B,combined,2,1,1,6,1,4,66*,3,2,True,3,10,57,7
NewJersey4,LS2,Midday,Set1,Draw6,1,col1,Midday|Set1|Draw6|col1,B,combined,2,1,1,6,1,5,66*,3,2,True,3,10,57,7
NewJersey4,LS2,Midday,Set1,Draw6,1,col1,Midday|Set1|Draw6|col1,B,combined,2,1,1,6,1,10,*,1,1,True,3,10,57,7
NewJersey4,LS2,Midday,Set1,Draw6,1,col1,Midday|Set1|Draw6|col1,C,own,2,1,1,6,1,0,524016677*,10,8,False,2,2,29,3
NewJersey4,LS2,Midday,Set1,Draw6,1,col1,Midday|Set1|Draw6|col1,C,own,2,1,1,6,1,1,216677*,7,5,False,2,2,29,3
NewJersey4,LS2,Midday,Set1,Draw6,1,col1,Midday|Set1|Draw6|col1,C,own,2,1,1,6,1,2,*,1,1,True,2,2,29,3
NewJersey4,LS2,Midday,Set1,Draw6,1,col1,Midday|Set1|Draw6|col1,C,combined,2,1,1,6,1,0,524016677*,10,8,False,2,3,57,4
NewJersey4,LS2,Midday,Set1,Draw6,1,col1,Midday|Set1|Draw6|col1,C,combined,2,1,1,6,1,1,216677*,7,5,False,2,3,57,4
NewJersey4,LS2,Midday,Set1,Draw6,1,col1,Midday|Set1|Draw6|col1,C,combined,2,1,1,6,1,2,166*,4,3,True,2,3,57,4
NewJersey4,LS2,Midday,Set1,Draw6,1,col1,Midday|Set1|Draw6|col1,C,combined,2,1,1,6,1,3,*,1,1,True,2,3,57,4
NewJersey4,LS2,Midday,Set1,Draw6,1,col1,Midday|Set1|Draw6|col1,D,own,2,1,1,6,1,0,524016677*,10,8,False,2,7,29,7
NewJersey4,LS2,Midday,Set1,Draw6,1,col1,Midday|Set1|Draw6|col1,D,own,2,1,1,6,1,1,216677*,7,5,False,2,7,29,7
NewJersey4,LS2,Midday,Set1,Draw6,1,col1,Midday|Set1|Draw6|col1,D,own,2,1,1,6,1,2,67*,3,3,True,2,7,29,7
NewJersey4,LS2,Midday,Set1,Draw6,1,col1,Midday|Set1|Draw6|col1,D,own,2,1,1,6,1,3,67*,3,3,True,2,7,29,7
NewJersey4,LS2,Midday,Set1,Draw6,1,col1,Midday|Set1|Draw6|col1,D,own,2,1,1,6,1,5,6*,2,2,True,2,7,29,7
NewJersey4,LS2,Midday,Set1,Draw6,1,col1,Midday|Set1|Draw6|col1,D,own,2,1,1,6,1,6,6*,2,2,True,2,7,29,7
NewJersey4,LS2,Midday,Set1,Draw6,1,col1,Midday|Set1|Draw6|col1,D,own,2,1,1,6,1,7,*,1,1,True,2,7,29,7
NewJersey4,LS2,Midday,Set1,Draw6,1,col1,Midday|Set1|Draw6|col1,D,combined,2,1,1,6,1,0,524016677*,10,8,False,2,10,57,6
NewJersey4,LS2,Midday,Set1,Draw6,1,col1,Midday|Set1|Draw6|col1,D,combined,2,1,1,6,1,1,216677*,7,5,False,2,10,57,6
NewJersey4,LS2,Midday,Set1,Draw6,1,col1,Midday|Set1|Draw6|col1,D,combined,2,1,1,6,1,2,166*,4,3,True,2,10,57,6
NewJersey4,LS2,Midday,Set1,Draw6,1,col1,Midday|Set1|Draw6|col1,D,combined,2,1,1,6,1,3,6*,2,2,True,2,10,57,6
NewJersey4,LS2,Midday,Set1,Draw6,1,col1,Midday|Set1|Draw6|col1,D,combined,2,1,1,6,1,4,6*,2,2,True,2,10,57,6
NewJersey4,LS2,Midday,Set1,Draw6,1,col1,Midday|Set1|Draw6|col1,D,combined,2,1,1,6,1,10,*,1,1,True,2,10,57,6
NewJersey4,LS2,Midday,Set1,Draw6,1,col1,Midday|Set1|Draw6|col1,E,own,2,1,1,6,1,0,524016677*,10,8,False,4,9,29,10
NewJersey4,LS2,Midday,Set1,Draw6,1,col1,Midday|Set1|Draw6|col1,E,own,2,1,1,6,1,1,2016677*,8,6,False,4,9,29,10
NewJersey4,LS2,Midday,Set1,Draw6,1,col1,Midday|Set1|Draw6|col1,E,own,2,1,1,6,1,2,06677*,6,4,False,4,9,29,10
NewJersey4,LS2,Midday,Set1,Draw6,1,col1,Midday|Set1|Draw6|col1,E,own,2,1,1,6,1,3,06677*,6,4,False,4,9,29,10
NewJersey4,LS2,Midday,Set1,Draw6,1,col1,Midday|Set1|Draw6|col1,E,own,2,1,1,6,1,4,6677*,5,3,True,4,9,29,10
NewJersey4,LS2,Midday,Set1,Draw6,1,col1,Midday|Set1|Draw6|col1,E,own,2,1,1,6,1,5,667*,4,3,True,4,9,29,10
NewJersey4,LS2,Midday,Set1,Draw6,1,col1,Midday|Set1|Draw6|col1,E,own,2,1,1,6,1,6,66*,3,2,True,4,9,29,10
NewJersey4,LS2,Midday,Set1,Draw6,1,col1,Midday|Set1|Draw6|col1,E,own,2,1,1,6,1,7,6*,2,2,True,4,9,29,10
NewJersey4,LS2,Midday,Set1,Draw6,1,col1,Midday|Set1|Draw6|col1,E,own,2,1,1,6,1,8,6*,2,2,True,4,9,29,10
NewJersey4,LS2,Midday,Set1,Draw6,1,col1,Midday|Set1|Draw6|col1,E,own,2,1,1,6,1,9,*,1,1,True,4,9,29,10
NewJersey4,LS2,Midday,Set1,Draw6,1,col1,Midday|Set1|Draw6|col1,E,combined,2,1,1,6,1,0,524016677*,10,8,False,4,12,57,13
NewJersey4,LS2,Midday,Set1,Draw6,1,col1,Midday|Set1|Draw6|col1,E,combined,2,1,1,6,1,1,2016677*,8,6,False,4,12,57,13
NewJersey4,LS2,Midday,Set1,Draw6,1,col1,Midday|Set1|Draw6|col1,E,combined,2,1,1,6,1,2,201667*,7,6,False,4,12,57,13
NewJersey4,LS2,Midday,Set1,Draw6,1,col1,Midday|Set1|Draw6|col1,E,combined,2,1,1,6,1,3,0667*,5,4,False,4,12,57,13
NewJersey4,LS2,Midday,Set1,Draw6,1,col1,Midday|Set1|Draw6|col1,E,combined,2,1,1,6,1,4,667*,4,3,True,4,12,57,13
NewJersey4,LS2,Midday,Set1,Draw6,1,col1,Midday|Set1|Draw6|col1,E,combined,2,1,1,6,1,5,667*,4,3,True,4,12,57,13
NewJersey4,LS2,Midday,Set1,Draw6,1,col1,Midday|Set1|Draw6|col1,E,combined,2,1,1,6,1,6,667*,4,3,True,4,12,57,13
NewJersey4,LS2,Midday,Set1,Draw6,1,col1,Midday|Set1|Draw6|col1,E,combined,2,1,1,6,1,7,667*,4,3,True,4,12,57,13
NewJersey4,LS2,Midday,Set1,Draw6,1,col1,Midday|Set1|Draw6|col1,E,combined,2,1,1,6,1,8,66*,3,2,True,4,12,57,13
NewJersey4,LS2,Midday,Set1,Draw6,1,col1,Midday|Set1|Draw6|col1,E,combined,2,1,1,6,1,9,66*,3,2,True,4,12,57,13
NewJersey4,LS2,Midday,Set1,Draw6,1,col1,Midday|Set1|Draw6|col1,E,combined,2,1,1,6,1,10,6*,2,2,True,4,12,57,13
NewJersey4,LS2,Midday,Set1,Draw6,1,col1,Midday|Set1|Draw6|col1,E,combined,2,1,1,6,1,11,6*,2,2,True,4,12,57,13
NewJersey4,LS2,Midday,Set1,Draw6,1,col1,Midday|Set1|Draw6|col1,E,combined,2,1,1,6,1,12,*,1,1,True,4,12,57,13
NewJersey4,LS2,Midday,Set1,Draw6,1,col1,Midday|Set1|Draw6|col1,T,own,2,1,1,6,1,0,524016677*,10,8,False,2,6,29,5
NewJersey4,LS2,Midday,Set1,Draw6,1,col1,Midday|Set1|Draw6|col1,T,own,2,1,1,6,1,1,216677*,7,5,False,2,6,29,5
NewJersey4,LS2,Midday,Set1,Draw6,1,col1,Midday|Set1|Draw6|col1,T,own,2,1,1,6,1,2,77*,3,2,True,2,6,29,5
NewJersey4,LS2,Midday,Set1,Draw6,1,col1,Midday|Set1|Draw6|col1,T,own,2,1,1,6,1,3,77*,3,2,True,2,6,29,5
NewJersey4,LS2,Midday,Set1,Draw6,1,col1,Midday|Set1|Draw6|col1,T,own,2,1,1,6,1,6,*,1,1,True,2,6,29,5
NewJersey4,LS2,Midday,Set1,Draw6,1,col1,Midday|Set1|Draw6|col1,T,combined,2,1,1,6,1,0,524016677*,10,8,False,2,12,57,6
NewJersey4,LS2,Midday,Set1,Draw6,1,col1,Midday|Set1|Draw6|col1,T,combined,2,1,1,6,1,1,216677*,7,5,False,2,12,57,6
NewJersey4,LS2,Midday,Set1,Draw6,1,col1,Midday|Set1|Draw6|col1,T,combined,2,1,1,6,1,2,166*,4,3,True,2,12,57,6
NewJersey4,LS2,Midday,Set1,Draw6,1,col1,Midday|Set1|Draw6|col1,T,combined,2,1,1,6,1,3,66*,3,2,True,2,12,57,6
NewJersey4,LS2,Midday,Set1,Draw6,1,col1,Midday|Set1|Draw6|col1,T,combined,2,1,1,6,1,4,66*,3,2,True,2,12,57,6
NewJersey4,LS2,Midday,Set1,Draw6,1,col1,Midday|Set1|Draw6|col1,T,combined,2,1,1,6,1,12,*,1,1,True,2,12,57,6
NewJersey4,LS2,Evening,Set1,Draw4,3,col3,Evening|Set1|Draw4|col3,A,own,2,2,1,4,3,0,920138867,9,8,False,5,6,7,7
NewJersey4,LS2,Evening,Set1,Draw4,3,col3,Evening|Set1|Draw4|col3,A,own,2,2,1,4,3,1,920136,6,6,False,5,6,7,7
NewJersey4,LS2,Evening,Set1,Draw4,3,col3,Evening|Set1|Draw4|col3,A,own,2,2,1,4,3,2,920136,6,6,False,5,6,7,7
NewJersey4,LS2,Evening,Set1,Draw4,3,col3,Evening|Set1|Draw4|col3,A,own,2,2,1,4,3,3,920136,6,6,False,5,6,7,7
NewJersey4,LS2,Evening,Set1,Draw4,3,col3,Evening|Set1|Draw4|col3,A,own,2,2,1,4,3,4,92136,5,5,False,5,6,7,7
NewJersey4,LS2,Evening,Set1,Draw4,3,col3,Evening|Set1|Draw4|col3,A,own,2,2,1,4,3,5,926,3,3,True,5,6,7,7
NewJersey4,LS2,Evening,Set1,Draw4,3,col3,Evening|Set1|Draw4|col3,A,own,2,2,1,4,3,6,,0,0,False,5,6,7,7
NewJersey4,LS2,Evening,Set1,Draw4,3,col3,Evening|Set1|Draw4|col3,A,combined,2,2,1,4,3,0,920138867,9,8,False,4,11,12,10
NewJersey4,LS2,Evening,Set1,Draw4,3,col3,Evening|Set1|Draw4|col3,A,combined,2,2,1,4,3,1,920136,6,6,False,4,11,12,10
NewJersey4,LS2,Evening,Set1,Draw4,3,col3,Evening|Set1|Draw4|col3,A,combined,2,2,1,4,3,2,20136,5,5,False,4,11,12,10
NewJersey4,LS2,Evening,Set1,Draw4,3,col3,Evening|Set1|Draw4|col3,A,combined,2,2,1,4,3,3,20136,5,5,False,4,11,12,10
NewJersey4,LS2,Evening,Set1,Draw4,3,col3,Evening|Set1|Draw4|col3,A,combined,2,2,1,4,3,4,036,3,3,True,4,11,12,10
NewJersey4,LS2,Evening,Set1,Draw4,3,col3,Evening|Set1|Draw4|col3,A,combined,2,2,1,4,3,5,036,3,3,True,4,11,12,10
NewJersey4,LS2,Evening,Set1,Draw4,3,col3,Evening|Set1|Draw4|col3,A,combined,2,2,1,4,3,6,06,2,2,True,4,11,12,10
NewJersey4,LS2,Evening,Set1,Draw4,3,col3,Evening|Set1|Draw4|col3,A,combined,2,2,1,4,3,7,6,1,1,True,4,11,12,10
NewJersey4,LS2,Evening,Set1,Draw4,3,col3,Evening|Set1|Draw4|col3,A,combined,2,2,1,4,3,8,6,1,1,True,4,11,12,10
NewJersey4,LS2,Evening,Set1,Draw4,3,col3,Evening|Set1|Draw4|col3,A,combined,2,2,1,4,3,11,,0,0,False,4,11,12,10
NewJersey4,LS2,Evening,Set1,Draw4,3,col3,Evening|Set1|Draw4|col3,B,own,2,2,1,4,3,0,920138867,9,8,False,2,6,7,7
NewJersey4,LS2,Evening,Set1,Draw4,3,col3,Evening|Set1|Draw4|col3,B,own,2,2,1,4,3,1,92016,5,5,False,2,6,7,7
NewJersey4,LS2,Evening,Set1,Draw4,3,col3,Evening|Set1|Draw4|col3,B,own,2,2,1,4,3,2,216,3,3,True,2,6,7,7
NewJersey4,LS2,Evening,Set1,Draw4,3,col3,Evening|Set1|Draw4|col3,B,own,2,2,1,4,3,3,216,3,3,True,2,6,7,7
NewJersey4,LS2,Evening,Set1,Draw4,3,col3,Evening|Set1|Draw4|col3,B,own,2,2,1,4,3,4,16,2,2,True,2,6,7,7
NewJersey4,LS2,Evening,Set1,Draw4,3,col3,Evening|Set1|Draw4|col3,B,own,2,2,1,4,3,5,6,1,1,True,2,6,7,7
NewJersey4,LS2,Evening,Set1,Draw4,3,col3,Evening|Set1|Draw4|col3,B,own,2,2,1,4,3,6,,0,0,False,2,6,7,7
NewJersey4,LS2,Evening,Set1,Draw4,3,col3,Evening|Set1|Draw4|col3,B,combined,2,2,1,4,3,0,920138867,9,8,False,2,9,10,7
NewJersey4,LS2,Evening,Set1,Draw4,3,col3,Evening|Set1|Draw4|col3,B,combined,2,2,1,4,3,1,92016,5,5,False,2,9,10,7
NewJersey4,LS2,Evening,Set1,Draw4,3,col3,Evening|Set1|Draw4|col3,B,combined,2,2,1,4,3,2,216,3,3,True,2,9,10,7
NewJersey4,LS2,Evening,Set1,Draw4,3,col3,Evening|Set1|Draw4|col3,B,combined,2,2,1,4,3,3,216,3,3,True,2,9,10,7
NewJersey4,LS2,Evening,Set1,Draw4,3,col3,Evening|Set1|Draw4|col3,B,combined,2,2,1,4,3,4,6,1,1,True,2,9,10,7
NewJersey4,LS2,Evening,Set1,Draw4,3,col3,Evening|Set1|Draw4|col3,B,combined,2,2,1,4,3,5,6,1,1,True,2,9,10,7
NewJersey4,LS2,Evening,Set1,Draw4,3,col3,Evening|Set1|Draw4|col3,B,combined,2,2,1,4,3,9,,0,0,False,2,9,10,7
NewJersey4,LS2,Evening,Set1,Draw4,3,col3,Evening|Set1|Draw4|col3,C,own,2,2,1,4,3,0,920138867,9,8,False,2,5,6,5
NewJersey4,LS2,Evening,Set1,Draw4,3,col3,Evening|Set1|Draw4|col3,C,own,2,2,1,4,3,1,9016,4,4,False,2,5,6,5
NewJersey4,LS2,Evening,Set1,Draw4,3,col3,Evening|Set1|Draw4|col3,C,own,2,2,1,4,3,2,16,2,2,True,2,5,6,5
NewJersey4,LS2,Evening,Set1,Draw4,3,col3,Evening|Set1|Draw4|col3,C,own,2,2,1,4,3,3,16,2,2,True,2,5,6,5
NewJersey4,LS2,Evening,Set1,Draw4,3,col3,Evening|Set1|Draw4|col3,C,own,2,2,1,4,3,5,,0,0,False,2,5,6,5
NewJersey4,LS2,Evening,Set1,Draw4,3,col3,Evening|Set1|Draw4|col3,C,combined,2,2,1,4,3,0,920138867,9,8,False,2,4,5,5
NewJersey4,LS2,Evening,Set1,Draw4,3,col3,Evening|Set1|Draw4|col3,C,combined,2,2,1,4,3,1,9016,4,4,False,2,4,5,5
NewJersey4,LS2,Evening,Set1,Draw4,3,col3,Evening|Set1|Draw4|col3,C,combined,2,2,1,4,3,2,16,2,2,True,2,4,5,5
NewJersey4,LS2,Evening,Set1,Draw4,3,col3,Evening|Set1|Draw4|col3,C,combined,2,2,1,4,3,3,16,2,2,True,2,4,5,5
NewJersey4,LS2,Evening,Set1,Draw4,3,col3,Evening|Set1|Draw4|col3,C,combined,2,2,1,4,3,4,,0,0,False,2,4,5,5
NewJersey4,LS2,Evening,Set1,Draw4,3,col3,Evening|Set1|Draw4|col3,D,own,2,2,1,4,3,0,920138867,9,8,False,2,5,6,5
NewJersey4,LS2,Evening,Set1,Draw4,3,col3,Evening|Set1|Draw4|col3,D,own,2,2,1,4,3,1,9016,4,4,False,2,5,6,5
NewJersey4,LS2,Evening,Set1,Draw4,3,col3,Evening|Set1|Draw4|col3,D,own,2,2,1,4,3,2,16,2,2,True,2,5,6,5
NewJersey4,LS2,Evening,Set1,Draw4,3,col3,Evening|Set1|Draw4|col3,D,own,2,2,1,4,3,3,16,2,2,True,2,5,6,5
NewJersey4,LS2,Evening,Set1,Draw4,3,col3,Evening|Set1|Draw4|col3,D,own,2,2,1,4,3,5,,0,0,False,2,5,6,5
NewJersey4,LS2,Evening,Set1,Draw4,3,col3,Evening|Set1|Draw4|col3,D,combined,2,2,1,4,3,0,920138867,9,8,False,2,4,5,5
NewJersey4,LS2,Evening,Set1,Draw4,3,col3,Evening|Set1|Draw4|col3,D,combined,2,2,1,4,3,1,9016,4,4,False,2,4,5,5
NewJersey4,LS2,Evening,Set1,Draw4,3,col3,Evening|Set1|Draw4|col3,D,combined,2,2,1,4,3,2,16,2,2,True,2,4,5,5
NewJersey4,LS2,Evening,Set1,Draw4,3,col3,Evening|Set1|Draw4|col3,D,combined,2,2,1,4,3,3,16,2,2,True,2,4,5,5
NewJersey4,LS2,Evening,Set1,Draw4,3,col3,Evening|Set1|Draw4|col3,D,combined,2,2,1,4,3,4,,0,0,False,2,4,5,5
NewJersey4,LS2,Evening,Set1,Draw4,3,col3,Evening|Set1|Draw4|col3,E,own,2,2,1,4,3,0,920138867,9,8,False,4,6,7,7
NewJersey4,LS2,Evening,Set1,Draw4,3,col3,Evening|Set1|Draw4|col3,E,own,2,2,1,4,3,1,920136,6,6,False,4,6,7,7
NewJersey4,LS2,Evening,Set1,Draw4,3,col3,Evening|Set1|Draw4|col3,E,own,2,2,1,4,3,2,2136,4,4,False,4,6,7,7
NewJersey4,LS2,Evening,Set1,Draw4,3,col3,Evening|Set1|Draw4|col3,E,own,2,2,1,4,3,3,2136,4,4,False,4,6,7,7
NewJersey4,LS2,Evening,Set1,Draw4,3,col3,Evening|Set1|Draw4|col3,E,own,2,2,1,4,3,4,136,3,3,True,4,6,7,7
NewJersey4,LS2,Evening,Set1,Draw4,3,col3,Evening|Set1|Draw4|col3,E,own,2,2,1,4,3,5,6,1,1,True,4,6,7,7
NewJersey4,LS2,Evening,Set1,Draw4,3,col3,Evening|Set1|Draw4|col3,E,own,2,2,1,4,3,6,,0,0,False,4,6,7,7
NewJersey4,LS2,Evening,Set1,Draw4,3,col3,Evening|Set1|Draw4|col3,E,combined,2,2,1,4,3,0,920138867,9,8,False,2,9,10,7
NewJersey4,LS2,Evening,Set1,Draw4,3,col3,Evening|Set1|Draw4|col3,E,combined,2,2,1,4,3,1,920136,6,6,False,2,9,10,7
NewJersey4,LS2,Evening,Set1,Draw4,3,col3,Evening|Set1|Draw4|col3,E,combined,2,2,1,4,3,2,216,3,3,True,2,9,10,7
NewJersey4,LS2,Evening,Set1,Draw4,3,col3,Evening|Set1|Draw4|col3,E,combined,2,2,1,4,3,3,216,3,3,True,2,9,10,7
NewJersey4,LS2,Evening,Set1,Draw4,3,col3,Evening|Set1|Draw4|col3,E,combined,2,2,1,4,3,4,6,1,1,True,2,9,10,7
NewJersey4,LS2,Evening,Set1,Draw4,3,col3,Evening|Set1|Draw4|col3,E,combined,2,2,1,4,3,5,6,1,1,True,2,9,10,7
NewJersey4,LS2,Evening,Set1,Draw4,3,col3,Evening|Set1|Draw4|col3,E,combined,2,2,1,4,3,9,,0,0,False,2,9,10,7
NewJersey4,LS2,Evening,Set1,Draw4,3,col3,Evening|Set1|Draw4|col3,T,own,2,2,1,4,3,0,920138867,9,8,False,2,6,7,6
NewJersey4,LS2,Evening,Set1,Draw4,3,col3,Evening|Set1|Draw4|col3,T,own,2,2,1,4,3,1,9016,4,4,False,2,6,7,6
NewJersey4,LS2,Evening,Set1,Draw4,3,col3,Evening|Set1|Draw4|col3,T,own,2,2,1,4,3,2,916,3,3,True,2,6,7,6
NewJersey4,LS2,Evening,Set1,Draw4,3,col3,Evening|Set1|Draw4|col3,T,own,2,2,1,4,3,3,916,3,3,True,2,6,7,6
NewJersey4,LS2,Evening,Set1,Draw4,3,col3,Evening|Set1|Draw4|col3,T,own,2,2,1,4,3,5,96,2,2,True,2,6,7,6
NewJersey4,LS2,Evening,Set1,Draw4,3,col3,Evening|Set1|Draw4|col3,T,own,2,2,1,4,3,6,,0,0,False,2,6,7,6
NewJersey4,LS2,Evening,Set1,Draw4,3,col3,Evening|Set1|Draw4|col3,T,combined,2,2,1,4,3,0,920138867,9,8,False,2,11,12,9
NewJersey4,LS2,Evening,Set1,Draw4,3,col3,Evening|Set1|Draw4|col3,T,combined,2,2,1,4,3,1,9016,4,4,False,2,11,12,9
NewJersey4,LS2,Evening,Set1,Draw4,3,col3,Evening|Set1|Draw4|col3,T,combined,2,2,1,4,3,2,016,3,3,True,2,11,12,9
NewJersey4,LS2,Evening,Set1,Draw4,3,col3,Evening|Set1|Draw4|col3,T,combined,2,2,1,4,3,3,016,3,3,True,2,11,12,9
NewJersey4,LS2,Evening,Set1,Draw4,3,col3,Evening|Set1|Draw4|col3,T,combined,2,2,1,4,3,4,06,2,2,True,2,11,12,9
NewJersey4,LS2,Evening,Set1,Draw4,3,col3,Evening|Set1|Draw4|col3,T,combined,2,2,1,4,3,5,06,2,2,True,2,11,12,9
NewJersey4,LS2,Evening,Set1,Draw4,3,col3,Evening|Set1|Draw4|col3,T,combined,2,2,1,4,3,7,6,1,1,True,2,11,12,9
NewJersey4,LS2,Evening,Set1,Draw4,3,col3,Evening|Set1|Draw4|col3,T,combined,2,2,1,4,3,8,6,1,1,True,2,11,12,9
NewJersey4,LS2,Evening,Set1,Draw4,3,col3,Evening|Set1|Draw4|col3,T,combined,2,2,1,4,3,11,,0,0,False,2,11,12,9
NewJersey4,LS2,Evening,Set1,Draw6,1,col1,Evening|Set1|Draw6|col1,A,own,2,2,1,6,1,0,99220113366*,12,7,False,6,6,29,7
NewJersey4,LS2,Evening,Set1,Draw6,1,col1,Evening|Set1|Draw6|col1,A,own,2,2,1,6,1,1,99220113366*,12,7,False,6,6,29,7
NewJersey4,LS2,Evening,Set1,Draw6,1,col1,Evening|Set1|Draw6|col1,A,own,2,2,1,6,1,2,99220113366*,12,7,False,6,6,29,7
NewJersey4,LS2,Evening,Set1,Draw6,1,col1,Evening|Set1|Draw6|col1,A,own,2,2,1,6,1,3,99220113366*,12,7,False,6,6,29,7
NewJersey4,LS2,Evening,Set1,Draw6,1,col1,Evening|Set1|Draw6|col1,A,own,2,2,1,6,1,4,9922113366*,11,6,False,6,6,29,7
NewJersey4,LS2,Evening,Set1,Draw6,1,col1,Evening|Set1|Draw6|col1,A,own,2,2,1,6,1,5,992266*,7,4,False,6,6,29,7
NewJersey4,LS2,Evening,Set1,Draw6,1,col1,Evening|Set1|Draw6|col1,A,own,2,2,1,6,1,6,*,1,1,True,6,6,29,7
NewJersey4,LS2,Evening,Set1,Draw6,1,col1,Evening|Set1|Draw6|col1,A,combined,2,2,1,6,1,0,99220113366*,12,7,False,6,11,57,10
NewJersey4,LS2,Evening,Set1,Draw6,1,col1,Evening|Set1|Draw6|col1,A,combined,2,2,1,6,1,1,99220113366*,12,7,False,6,11,57,10
NewJersey4,LS2,Evening,Set1,Draw6,1,col1,Evening|Set1|Draw6|col1,A,combined,2,2,1,6,1,2,220113366*,10,6,False,6,11,57,10
NewJersey4,LS2,Evening,Set1,Draw6,1,col1,Evening|Set1|Draw6|col1,A,combined,2,2,1,6,1,3,220113366*,10,6,False,6,11,57,10
NewJersey4,LS2,Evening,Set1,Draw6,1,col1,Evening|Set1|Draw6|col1,A,combined,2,2,1,6,1,4,03366*,6,4,False,6,11,57,10
NewJersey4,LS2,Evening,Set1,Draw6,1,col1,Evening|Set1|Draw6|col1,A,combined,2,2,1,6,1,5,03366*,6,4,False,6,11,57,10
NewJersey4,LS2,Evening,Set1,Draw6,1,col1,Evening|Set1|Draw6|col1,A,combined,2,2,1,6,1,6,066*,4,3,True,6,11,57,10
NewJersey4,LS2,Evening,Set1,Draw6,1,col1,Evening|Set1|Draw6|col1,A,combined,2,2,1,6,1,7,66*,3,2,True,6,11,57,10
NewJersey4,LS2,Evening,Set1,Draw6,1,col1,Evening|Set1|Draw6|col1,A,combined,2,2,1,6,1,8,66*,3,2,True,6,11,57,10
NewJersey4,LS2,Evening,Set1,Draw6,1,col1,Evening|Set1|Draw6|col1,A,combined,2,2,1,6,1,11,*,1,1,True,6,11,57,10
NewJersey4,LS2,Evening,Set1,Draw6,1,col1,Evening|Set1|Draw6|col1,B,own,2,2,1,6,1,0,99220113366*,12,7,False,2,6,29,7
NewJersey4,LS2,Evening,Set1,Draw6,1,col1,Evening|Set1|Draw6|col1,B,own,2,2,1,6,1,1,9901166*,8,5,False,2,6,29,7
NewJersey4,LS2,Evening,Set1,Draw6,1,col1,Evening|Set1|Draw6|col1,B,own,2,2,1,6,1,2,1166*,5,3,True,2,6,29,7
NewJersey4,LS2,Evening,Set1,Draw6,1,col1,Evening|Set1|Draw6|col1,B,own,2,2,1,6,1,3,1166*,5,3,True,2,6,29,7
NewJersey4,LS2,Evening,Set1,Draw6,1,col1,Evening|Set1|Draw6|col1,B,own,2,2,1,6,1,4,1166*,5,3,True,2,6,29,7
NewJersey4,LS2,Evening,Set1,Draw6,1,col1,Evening|Set1|Draw6|col1,B,own,2,2,1,6,1,5,66*,3,2,True,2,6,29,7
NewJersey4,LS2,Evening,Set1,Draw6,1,col1,Evening|Set1|Draw6|col1,B,own,2,2,1,6,1,6,*,1,1,True,2,6,29,7
NewJersey4,LS2,Evening,Set1,Draw6,1,col1,Evening|Set1|Draw6|col1,B,combined,2,2,1,6,1,0,99220113366*,12,7,False,2,9,57,7
NewJersey4,LS2,Evening,Set1,Draw6,1,col1,Evening|Set1|Draw6|col1,B,combined,2,2,1,6,1,1,9901166*,8,5,False,2,9,57,7
NewJersey4,LS2,Evening,Set1,Draw6,1,col1,Evening|Set1|Draw6|col1,B,combined,2,2,1,6,1,2,1166*,5,3,True,2,9,57,7
NewJersey4,LS2,Evening,Set1,Draw6,1,col1,Evening|Set1|Draw6|col1,B,combined,2,2,1,6,1,3,1166*,5,3,True,2,9,57,7
NewJersey4,LS2,Evening,Set1,Draw6,1,col1,Evening|Set1|Draw6|col1,B,combined,2,2,1,6,1,4,66*,3,2,True,2,9,57,7
NewJersey4,LS2,Evening,Set1,Draw6,1,col1,Evening|Set1|Draw6|col1,B,combined,2,2,1,6,1,5,66*,3,2,True,2,9,57,7
NewJersey4,LS2,Evening,Set1,Draw6,1,col1,Evening|Set1|Draw6|col1,B,combined,2,2,1,6,1,9,*,1,1,True,2,9,57,7
NewJersey4,LS2,Evening,Set1,Draw6,1,col1,Evening|Set1|Draw6|col1,C,own,2,2,1,6,1,0,99220113366*,12,7,False,2,5,29,6
NewJersey4,LS2,Evening,Set1,Draw6,1,col1,Evening|Set1|Draw6|col1,C,own,2,2,1,6,1,1,9901166*,8,5,False,2,5,29,6
NewJersey4,LS2,Evening,Set1,Draw6,1,col1,Evening|Set1|Draw6|col1,C,own,2,2,1,6,1,2,1166*,5,3,True,2,5,29,6
NewJersey4,LS2,Evening,Set1,Draw6,1,col1,Evening|Set1|Draw6|col1,C,own,2,2,1,6,1,3,1166*,5,3,True,2,5,29,6
NewJersey4,LS2,Evening,Set1,Draw6,1,col1,Evening|Set1|Draw6|col1,C,own,2,2,1,6,1,4,1166*,5,3,True,2,5,29,6
NewJersey4,LS2,Evening,Set1,Draw6,1,col1,Evening|Set1|Draw6|col1,C,own,2,2,1,6,1,5,*,1,1,True,2,5,29,6
NewJersey4,LS2,Evening,Set1,Draw6,1,col1,Evening|Set1|Draw6|col1,C,combined,2,2,1,6,1,0,99220113366*,12,7,False,2,4,57,5
NewJersey4,LS2,Evening,Set1,Draw6,1,col1,Evening|Set1|Draw6|col1,C,combined,2,2,1,6,1,1,9901166*,8,5,False,2,4,57,5
NewJersey4,LS2,Evening,Set1,Draw6,1,col1,Evening|Set1|Draw6|col1,C,combined,2,2,1,6,1,2,1166*,5,3,True,2,4,57,5
NewJersey4,LS2,Evening,Set1,Draw6,1,col1,Evening|Set1|Draw6|col1,C,combined,2,2,1,6,1,3,1166*,5,3,True,2,4,57,5
NewJersey4,LS2,Evening,Set1,Draw6,1,col1,Evening|Set1|Draw6|col1,C,combined,2,2,1,6,1,4,*,1,1,True,2,4,57,5
NewJersey4,LS2,Evening,Set1,Draw6,1,col1,Evening|Set1|Draw6|col1,D,own,2,2,1,6,1,0,99220113366*,12,7,False,4,6,29,7
NewJersey4,LS2,Evening,Set1,Draw6,1,col1,Evening|Set1|Draw6|col1,D,own,2,2,1,6,1,1,99201166*,9,6,False,4,6,29,7
NewJersey4,LS2,Evening,Set1,Draw6,1,col1,Evening|Set1|Draw6|col1,D,own,2,2,1,6,1,2,921166*,7,5,False,4,6,29,7
NewJersey4,LS2,Evening,Set1,Draw6,1,col1,Evening|Set1|Draw6|col1,D,own,2,2,1,6,1,3,21166*,6,4,False,4,6,29,7
NewJersey4,LS2,Evening,Set1,Draw6,1,col1,Evening|Set1|Draw6|col1,D,own,2,2,1,6,1,4,1166*,5,3,True,4,6,29,7
NewJersey4,LS2,Evening,Set1,Draw6,1,col1,Evening|Set1|Draw6|col1,D,own,2,2,1,6,1,5,6*,2,2,True,4,6,29,7
NewJersey4,LS2,Evening,Set1,Draw6,1,col1,Evening|Set1|Draw6|col1,D,own,2,2,1,6,1,6,*,1,1,True,4,6,29,7
NewJersey4,LS2,Evening,Set1,Draw6,1,col1,Evening|Set1|Draw6|col1,D,combined,2,2,1,6,1,0,99220113366*,12,7,False,4,9,57,7
NewJersey4,LS2,Evening,Set1,Draw6,1,col1,Evening|Set1|Draw6|col1,D,combined,2,2,1,6,1,1,99201166*,9,6,False,4,9,57,7
NewJersey4,LS2,Evening,Set1,Draw6,1,col1,Evening|Set1|Draw6|col1,D,combined,2,2,1,6,1,2,21166*,6,4,False,4,9,57,7
NewJersey4,LS2,Evening,Set1,Draw6,1,col1,Evening|Set1|Draw6|col1,D,combined,2,2,1,6,1,3,21166*,6,4,False,4,9,57,7
NewJersey4,LS2,Evening,Set1,Draw6,1,col1,Evening|Set1|Draw6|col1,D,combined,2,2,1,6,1,4,6*,2,2,True,4,9,57,7
NewJersey4,LS2,Evening,Set1,Draw6,1,col1,Evening|Set1|Draw6|col1,D,combined,2,2,1,6,1,5,6*,2,2,True,4,9,57,7
NewJersey4,LS2,Evening,Set1,Draw6,1,col1,Evening|Set1|Draw6|col1,D,combined,2,2,1,6,1,9,*,1,1,True,4,9,57,7
NewJersey4,LS2,Evening,Set1,Draw6,1,col1,Evening|Set1|Draw6|col1,E,own,2,2,1,6,1,0,99220113366*,12,7,False,4,12,29,10
NewJersey4,LS2,Evening,Set1,Draw6,1,col1,Evening|Set1|Draw6|col1,E,own,2,2,1,6,1,1,99201166*,9,6,False,4,12,29,10
NewJersey4,LS2,Evening,Set1,Draw6,1,col1,Evening|Set1|Draw6|col1,E,own,2,2,1,6,1,2,921166*,7,5,False,4,12,29,10
NewJersey4,LS2,Evening,Set1,Draw6,1,col1,Evening|Set1|Draw6|col1,E,own,2,2,1,6,1,3,21166*,6,4,False,4,12,29,10
NewJersey4,LS2,Evening,Set1,Draw6,1,col1,Evening|Set1|Draw6|col1,E,own,2,2,1,6,1,4,1166*,5,3,True,4,12,29,10
NewJersey4,LS2,Evening,Set1,Draw6,1,col1,Evening|Set1|Draw6|col1,E,own,2,2,1,6,1,5,166*,4,3,True,4,12,29,10
NewJersey4,LS2,Evening,Set1,Draw6,1,col1,Evening|Set1|Draw6|col1,E,own,2,2,1,6,1,6,16*,3,3,True,4,12,29,10
NewJersey4,LS2,Evening,Set1,Draw6,1,col1,Evening|Set1|Draw6|col1,E,own,2,2,1,6,1,7,6*,2,2,True,4,12,29,10
NewJersey4,LS2,Evening,Set1,Draw6,1,col1,Evening|Set1|Draw6|col1,E,own,2,2,1,6,1,8,6*,2,2,True,4,12,29,10
NewJersey4,LS2,Evening,Set1,Draw6,1,col1,Evening|Set1|Draw6|col1,E,own,2,2,1,6,1,12,*,1,1,True,4,12,29,10
NewJersey4,LS2,Evening,Set1,Draw6,1,col1,Evening|Set1|Draw6|col1,E,combined,2,2,1,6,1,0,99220113366*,12,7,False,4,13,57,14
NewJersey4,LS2,Evening,Set1,Draw6,1,col1,Evening|Set1|Draw6|col1,E,combined,2,2,1,6,1,1,99201166*,9,6,False,4,13,57,14
NewJersey4,LS2,Evening,Set1,Draw6,1,col1,Evening|Set1|Draw6|col1,E,combined,2,2,1,6,1,2,921166*,7,5,False,4,13,57,14
NewJersey4,LS2,Evening,Set1,Draw6,1,col1,Evening|Set1|Draw6|col1,E,combined,2,2,1,6,1,3,21166*,6,4,False,4,13,57,14
NewJersey4,LS2,Evening,Set1,Draw6,1,col1,Evening|Set1|Draw6|col1,E,combined,2,2,1,6,1,4,166*,4,3,True,4,13,57,14
NewJersey4,LS2,Evening,Set1,Draw6,1,col1,Evening|Set1|Draw6|col1,E,combined,2,2,1,6,1,5,166*,4,3,True,4,13,57,14
NewJersey4,LS2,Evening,Set1,Draw6,1,col1,Evening|Set1|Draw6|col1,E,combined,2,2,1,6,1,6,166*,4,3,True,4,13,57,14
NewJersey4,LS2,Evening,Set1,Draw6,1,col1,Evening|Set1|Draw6|col1,E,combined,2,2,1,6,1,7,166*,4,3,True,4,13,57,14
NewJersey4,LS2,Evening,Set1,Draw6,1,col1,Evening|Set1|Draw6|col1,E,combined,2,2,1,6,1,8,166*,4,3,True,4,13,57,14
NewJersey4,LS2,Evening,Set1,Draw6,1,col1,Evening|Set1|Draw6|col1,E,combined,2,2,1,6,1,9,66*,3,2,True,4,13,57,14
NewJersey4,LS2,Evening,Set1,Draw6,1,col1,Evening|Set1|Draw6|col1,E,combined,2,2,1,6,1,10,66*,3,2,True,4,13,57,14
NewJersey4,LS2,Evening,Set1,Draw6,1,col1,Evening|Set1|Draw6|col1,E,combined,2,2,1,6,1,11,6*,2,2,True,4,13,57,14
NewJersey4,LS2,Evening,Set1,Draw6,1,col1,Evening|Set1|Draw6|col1,E,combined,2,2,1,6,1,12,6*,2,2,True,4,13,57,14
NewJersey4,LS2,Evening,Set1,Draw6,1,col1,Evening|Set1|Draw6|col1,E,combined,2,2,1,6,1,13,*,1,1,True,4,13,57,14
NewJersey4,LS2,Evening,Set1,Draw6,1,col1,Evening|Set1|Draw6|col1,T,own,2,2,1,6,1,0,99220113366*,12,7,False,2,6,29,7
NewJersey4,LS2,Evening,Set1,Draw6,1,col1,Evening|Set1|Draw6|col1,T,own,2,2,1,6,1,1,9901166*,8,5,False,2,6,29,7
NewJersey4,LS2,Evening,Set1,Draw6,1,col1,Evening|Set1|Draw6|col1,T,own,2,2,1,6,1,2,1166*,5,3,True,2,6,29,7
NewJersey4,LS2,Evening,Set1,Draw6,1,col1,Evening|Set1|Draw6|col1,T,own,2,2,1,6,1,3,1166*,5,3,True,2,6,29,7
NewJersey4,LS2,Evening,Set1,Draw6,1,col1,Evening|Set1|Draw6|col1,T,own,2,2,1,6,1,4,1166*,5,3,True,2,6,29,7
NewJersey4,LS2,Evening,Set1,Draw6,1,col1,Evening|Set1|Draw6|col1,T,own,2,2,1,6,1,5,66*,3,2,True,2,6,29,7
NewJersey4,LS2,Evening,Set1,Draw6,1,col1,Evening|Set1|Draw6|col1,T,own,2,2,1,6,1,6,*,1,1,True,2,6,29,7
NewJersey4,LS2,Evening,Set1,Draw6,1,col1,Evening|Set1|Draw6|col1,T,combined,2,2,1,6,1,0,99220113366*,12,7,False,2,11,57,7
NewJersey4,LS2,Evening,Set1,Draw6,1,col1,Evening|Set1|Draw6|col1,T,combined,2,2,1,6,1,1,9901166*,8,5,False,2,11,57,7
NewJersey4,LS2,Evening,Set1,Draw6,1,col1,Evening|Set1|Draw6|col1,T,combined,2,2,1,6,1,2,1166*,5,3,True,2,11,57,7
NewJersey4,LS2,Evening,Set1,Draw6,1,col1,Evening|Set1|Draw6|col1,T,combined,2,2,1,6,1,3,1166*,5,3,True,2,11,57,7
NewJersey4,LS2,Evening,Set1,Draw6,1,col1,Evening|Set1|Draw6|col1,T,combined,2,2,1,6,1,4,66*,3,2,True,2,11,57,7
NewJersey4,LS2,Evening,Set1,Draw6,1,col1,Evening|Set1|Draw6|col1,T,combined,2,2,1,6,1,5,66*,3,2,True,2,11,57,7
NewJersey4,LS2,Evening,Set1,Draw6,1,col1,Evening|Set1|Draw6|col1,T,combined,2,2,1,6,1,11,*,1,1,True,2,11,57,7
NewJersey4,LS2,Combined,Set1,Draw4,3,col3,Combined|Set1|Draw4|col3,A,own,2,3,1,4,3,0,2001386677,10,7,False,4,7,29,8
NewJersey4,LS2,Combined,Set1,Draw4,3,col3,Combined|Set1|Draw4|col3,A,own,2,3,1,4,3,1,2001366,7,5,False,4,7,29,8
NewJersey4,LS2,Combined,Set1,Draw4,3,col3,Combined|Set1|Draw4|col3,A,own,2,3,1,4,3,2,2001366,7,5,False,4,7,29,8
NewJersey4,LS2,Combined,Set1,Draw4,3,col3,Combined|Set1|Draw4|col3,A,own,2,3,1,4,3,3,2001366,7,5,False,4,7,29,8
NewJersey4,LS2,Combined,Set1,Draw4,3,col3,Combined|Set1|Draw4|col3,A,own,2,3,1,4,3,4,00366,5,3,True,4,7,29,8
NewJersey4,LS2,Combined,Set1,Draw4,3,col3,Combined|Set1|Draw4|col3,A,own,2,3,1,4,3,5,00366,5,3,True,4,7,29,8
NewJersey4,LS2,Combined,Set1,Draw4,3,col3,Combined|Set1|Draw4|col3,A,own,2,3,1,4,3,6,0066,4,2,True,4,7,29,8
NewJersey4,LS2,Combined,Set1,Draw4,3,col3,Combined|Set1|Draw4|col3,A,own,2,3,1,4,3,7,66,2,1,True,4,7,29,8
NewJersey4,LS2,Combined,Set1,Draw4,3,col3,Combined|Set1|Draw4|col3,A,combined,2,3,1,4,3,0,2001386677,10,7,False,7,13,57,14
NewJersey4,LS2,Combined,Set1,Draw4,3,col3,Combined|Set1|Draw4|col3,A,combined,2,3,1,4,3,1,2001366,7,5,False,7,13,57,14
NewJersey4,LS2,Combined,Set1,Draw4,3,col3,Combined|Set1|Draw4|col3,A,combined,2,3,1,4,3,2,2001366,7,5,False,7,13,57,14
NewJersey4,LS2,Combined,Set1,Draw4,3,col3,Combined|Set1|Draw4|col3,A,combined,2,3,1,4,3,3,2001366,7,5,False,7,13,57,14
NewJersey4,LS2,Combined,Set1,Draw4,3,col3,Combined|Set1|Draw4|col3,A,combined,2,3,1,4,3,4,2001366,7,5,False,7,13,57,14
NewJersey4,LS2,Combined,Set1,Draw4,3,col3,Combined|Set1|Draw4|col3,A,combined,2,3,1,4,3,5,2001366,7,5,False,7,13,57,14
NewJersey4,LS2,Combined,Set1,Draw4,3,col3,Combined|Set1|Draw4|col3,A,combined,2,3,1,4,3,6,2001366,7,5,False,7,13,57,14
NewJersey4,LS2,Combined,Set1,Draw4,3,col3,Combined|Set1|Draw4|col3,A,combined,2,3,1,4,3,7,00366,5,3,True,7,13,57,14
NewJersey4,LS2,Combined,Set1,Draw4,3,col3,Combined|Set1|Draw4|col3,A,combined,2,3,1,4,3,8,00366,5,3,True,7,13,57,14
NewJersey4,LS2,Combined,Set1,Draw4,3,col3,Combined|Set1|Draw4|col3,A,combined,2,3,1,4,3,9,00366,5,3,True,7,13,57,14
NewJersey4,LS2,Combined,Set1,Draw4,3,col3,Combined|Set1|Draw4|col3,A,combined,2,3,1,4,3,10,00366,5,3,True,7,13,57,14
NewJersey4,LS2,Combined,Set1,Draw4,3,col3,Combined|Set1|Draw4|col3,A,combined,2,3,1,4,3,11,0066,4,2,True,7,13,57,14
NewJersey4,LS2,Combined,Set1,Draw4,3,col3,Combined|Set1|Draw4|col3,A,combined,2,3,1,4,3,12,0066,4,2,True,7,13,57,14
NewJersey4,LS2,Combined,Set1,Draw4,3,col3,Combined|Set1|Draw4|col3,A,combined,2,3,1,4,3,13,66,2,1,True,7,13,57,14
NewJersey4,LS2,Combined,Set1,Draw4,3,col3,Combined|Set1|Draw4|col3,B,own,2,3,1,4,3,0,2001386677,10,7,False,2,11,12,7
NewJersey4,LS2,Combined,Set1,Draw4,3,col3,Combined|Set1|Draw4|col3,B,own,2,3,1,4,3,1,200166,6,4,False,2,11,12,7
NewJersey4,LS2,Combined,Set1,Draw4,3,col3,Combined|Set1|Draw4|col3,B,own,2,3,1,4,3,2,2166,4,3,True,2,11,12,7
NewJersey4,LS2,Combined,Set1,Draw4,3,col3,Combined|Set1|Draw4|col3,B,own,2,3,1,4,3,3,2166,4,3,True,2,11,12,7
NewJersey4,LS2,Combined,Set1,Draw4,3,col3,Combined|Set1|Draw4|col3,B,own,2,3,1,4,3,4,66,2,1,True,2,11,12,7
NewJersey4,LS2,Combined,Set1,Draw4,3,col3,Combined|Set1|Draw4|col3,B,own,2,3,1,4,3,5,66,2,1,True,2,11,12,7
NewJersey4,LS2,Combined,Set1,Draw4,3,col3,Combined|Set1|Draw4|col3,B,own,2,3,1,4,3,11,,0,0,False,2,11,12,7
NewJersey4,LS2,Combined,Set1,Draw4,3,col3,Combined|Set1|Draw4|col3,B,combined,2,3,1,4,3,0,2001386677,10,7,False,2,8,9,7
NewJersey4,LS2,Combined,Set1,Draw4,3,col3,Combined|Set1|Draw4|col3,B,combined,2,3,1,4,3,1,200166,6,4,False,2,8,9,7
NewJersey4,LS2,Combined,Set1,Draw4,3,col3,Combined|Set1|Draw4|col3,B,combined,2,3,1,4,3,2,00166,5,3,True,2,8,9,7
NewJersey4,LS2,Combined,Set1,Draw4,3,col3,Combined|Set1|Draw4|col3,B,combined,2,3,1,4,3,3,166,3,2,True,2,8,9,7
NewJersey4,LS2,Combined,Set1,Draw4,3,col3,Combined|Set1|Draw4|col3,B,combined,2,3,1,4,3,4,166,3,2,True,2,8,9,7
NewJersey4,LS2,Combined,Set1,Draw4,3,col3,Combined|Set1|Draw4|col3,B,combined,2,3,1,4,3,7,66,2,1,True,2,8,9,7
NewJersey4,LS2,Combined,Set1,Draw4,3,col3,Combined|Set1|Draw4|col3,B,combined,2,3,1,4,3,8,,0,0,False,2,8,9,7
NewJersey4,LS2,Combined,Set1,Draw4,3,col3,Combined|Set1|Draw4|col3,C,own,2,3,1,4,3,0,2001386677,10,7,False,1,4,5,5
NewJersey4,LS2,Combined,Set1,Draw4,3,col3,Combined|Set1|Draw4|col3,C,own,2,3,1,4,3,1,00166,5,3,True,1,4,5,5
NewJersey4,LS2,Combined,Set1,Draw4,3,col3,Combined|Set1|Draw4|col3,C,own,2,3,1,4,3,2,166,3,2,True,1,4,5,5
NewJersey4,LS2,Combined,Set1,Draw4,3,col3,Combined|Set1|Draw4|col3,C,own,2,3,1,4,3,3,166,3,2,True,1,4,5,5
NewJersey4,LS2,Combined,Set1,Draw4,3,col3,Combined|Set1|Draw4|col3,C,own,2,3,1,4,3,4,,0,0,False,1,4,5,5
NewJersey4,LS2,Combined,Set1,Draw4,3,col3,Combined|Set1|Draw4|col3,C,combined,2,3,1,4,3,0,2001386677,10,7,False,1,7,8,6
NewJersey4,LS2,Combined,Set1,Draw4,3,col3,Combined|Set1|Draw4|col3,C,combined,2,3,1,4,3,1,00166,5,3,True,1,7,8,6
NewJersey4,LS2,Combined,Set1,Draw4,3,col3,Combined|Set1|Draw4|col3,C,combined,2,3,1,4,3,2,00166,5,3,True,1,7,8,6
NewJersey4,LS2,Combined,Set1,Draw4,3,col3,Combined|Set1|Draw4|col3,C,combined,2,3,1,4,3,3,166,3,2,True,1,7,8,6
NewJersey4,LS2,Combined,Set1,Draw4,3,col3,Combined|Set1|Draw4|col3,C,combined,2,3,1,4,3,4,166,3,2,True,1,7,8,6
NewJersey4,LS2,Combined,Set1,Draw4,3,col3,Combined|Set1|Draw4|col3,C,combined,2,3,1,4,3,7,,0,0,False,1,7,8,6
NewJersey4,LS2,Combined,Set1,Draw4,3,col3,Combined|Set1|Draw4|col3,D,own,2,3,1,4,3,0,2001386677,10,7,False,1,11,12,7
NewJersey4,LS2,Combined,Set1,Draw4,3,col3,Combined|Set1|Draw4|col3,D,own,2,3,1,4,3,1,00166,5,3,True,1,11,12,7
NewJersey4,LS2,Combined,Set1,Draw4,3,col3,Combined|Set1|Draw4|col3,D,own,2,3,1,4,3,2,0166,4,3,True,1,11,12,7
NewJersey4,LS2,Combined,Set1,Draw4,3,col3,Combined|Set1|Draw4|col3,D,own,2,3,1,4,3,3,166,3,2,True,1,11,12,7
NewJersey4,LS2,Combined,Set1,Draw4,3,col3,Combined|Set1|Draw4|col3,D,own,2,3,1,4,3,4,6,1,1,True,1,11,12,7
NewJersey4,LS2,Combined,Set1,Draw4,3,col3,Combined|Set1|Draw4|col3,D,own,2,3,1,4,3,5,6,1,1,True,1,11,12,7
NewJersey4,LS2,Combined,Set1,Draw4,3,col3,Combined|Set1|Draw4|col3,D,own,2,3,1,4,3,11,,0,0,False,1,11,12,7
NewJersey4,LS2,Combined,Set1,Draw4,3,col3,Combined|Set1|Draw4|col3,D,combined,2,3,1,4,3,0,2001386677,10,7,False,1,8,9,8
NewJersey4,LS2,Combined,Set1,Draw4,3,col3,Combined|Set1|Draw4|col3,D,combined,2,3,1,4,3,1,00166,5,3,True,1,8,9,8
NewJersey4,LS2,Combined,Set1,Draw4,3,col3,Combined|Set1|Draw4|col3,D,combined,2,3,1,4,3,2,00166,5,3,True,1,8,9,8
NewJersey4,LS2,Combined,Set1,Draw4,3,col3,Combined|Set1|Draw4|col3,D,combined,2,3,1,4,3,3,0166,4,3,True,1,8,9,8
NewJersey4,LS2,Combined,Set1,Draw4,3,col3,Combined|Set1|Draw4|col3,D,combined,2,3,1,4,3,4,166,3,2,True,1,8,9,8
NewJersey4,LS2,Combined,Set1,Draw4,3,col3,Combined|Set1|Draw4|col3,D,combined,2,3,1,4,3,5,166,3,2,True,1,8,9,8
NewJersey4,LS2,Combined,Set1,Draw4,3,col3,Combined|Set1|Draw4|col3,D,combined,2,3,1,4,3,7,6,1,1,True,1,8,9,8
NewJersey4,LS2,Combined,Set1,Draw4,3,col3,Combined|Set1|Draw4|col3,D,combined,2,3,1,4,3,8,,0,0,False,1,8,9,8
NewJersey4,LS2,Combined,Set1,Draw4,3,col3,Combined|Set1|Draw4|col3,E,own,2,3,1,4,3,0,2001386677,10,7,False,4,17,18,11
NewJersey4,LS2,Combined,Set1,Draw4,3,col3,Combined|Set1|Draw4|col3,E,own,2,3,1,4,3,1,2001667,7,5,False,4,17,18,11
NewJersey4,LS2,Combined,Set1,Draw4,3,col3,Combined|Set1|Draw4|col3,E,own,2,3,1,4,3,2,201667,6,5,False,4,17,18,11
NewJersey4,LS2,Combined,Set1,Draw4,3,col3,Combined|Set1|Draw4|col3,E,own,2,3,1,4,3,3,21667,5,4,False,4,17,18,11
NewJersey4,LS2,Combined,Set1,Draw4,3,col3,Combined|Set1|Draw4|col3,E,own,2,3,1,4,3,4,667,3,2,True,4,17,18,11
NewJersey4,LS2,Combined,Set1,Draw4,3,col3,Combined|Set1|Draw4|col3,E,own,2,3,1,4,3,5,667,3,2,True,4,17,18,11
NewJersey4,LS2,Combined,Set1,Draw4,3,col3,Combined|Set1|Draw4|col3,E,own,2,3,1,4,3,7,66,2,1,True,4,17,18,11
NewJersey4,LS2,Combined,Set1,Draw4,3,col3,Combined|Set1|Draw4|col3,E,own,2,3,1,4,3,8,66,2,1,True,4,17,18,11
NewJersey4,LS2,Combined,Set1,Draw4,3,col3,Combined|Set1|Draw4|col3,E,own,2,3,1,4,3,11,6,1,1,True,4,17,18,11
NewJersey4,LS2,Combined,Set1,Draw4,3,col3,Combined|Set1|Draw4|col3,E,own,2,3,1,4,3,12,6,1,1,True,4,17,18,11
NewJersey4,LS2,Combined,Set1,Draw4,3,col3,Combined|Set1|Draw4|col3,E,own,2,3,1,4,3,17,,0,0,False,4,17,18,11
NewJersey4,LS2,Combined,Set1,Draw4,3,col3,Combined|Set1|Draw4|col3,E,combined,2,3,1,4,3,0,2001386677,10,7,False,4,21,22,11
NewJersey4,LS2,Combined,Set1,Draw4,3,col3,Combined|Set1|Draw4|col3,E,combined,2,3,1,4,3,1,2001667,7,5,False,4,21,22,11
NewJersey4,LS2,Combined,Set1,Draw4,3,col3,Combined|Set1|Draw4|col3,E,combined,2,3,1,4,3,2,200166,6,4,False,4,21,22,11
NewJersey4,LS2,Combined,Set1,Draw4,3,col3,Combined|Set1|Draw4|col3,E,combined,2,3,1,4,3,3,20166,5,4,False,4,21,22,11
NewJersey4,LS2,Combined,Set1,Draw4,3,col3,Combined|Set1|Draw4|col3,E,combined,2,3,1,4,3,4,2166,4,3,True,4,21,22,11
NewJersey4,LS2,Combined,Set1,Draw4,3,col3,Combined|Set1|Draw4|col3,E,combined,2,3,1,4,3,5,2166,4,3,True,4,21,22,11
NewJersey4,LS2,Combined,Set1,Draw4,3,col3,Combined|Set1|Draw4|col3,E,combined,2,3,1,4,3,6,2166,4,3,True,4,21,22,11
NewJersey4,LS2,Combined,Set1,Draw4,3,col3,Combined|Set1|Draw4|col3,E,combined,2,3,1,4,3,7,66,2,1,True,4,21,22,11
NewJersey4,LS2,Combined,Set1,Draw4,3,col3,Combined|Set1|Draw4|col3,E,combined,2,3,1,4,3,8,6,1,1,True,4,21,22,11
NewJersey4,LS2,Combined,Set1,Draw4,3,col3,Combined|Set1|Draw4|col3,E,combined,2,3,1,4,3,9,6,1,1,True,4,21,22,11
NewJersey4,LS2,Combined,Set1,Draw4,3,col3,Combined|Set1|Draw4|col3,E,combined,2,3,1,4,3,21,,0,0,False,4,21,22,11
NewJersey4,LS2,Combined,Set1,Draw4,3,col3,Combined|Set1|Draw4|col3,T,own,2,3,1,4,3,0,2001386677,10,7,False,1,4,29,5
NewJersey4,LS2,Combined,Set1,Draw4,3,col3,Combined|Set1|Draw4|col3,T,own,2,3,1,4,3,1,00166,5,3,True,1,4,29,5
NewJersey4,LS2,Combined,Set1,Draw4,3,col3,Combined|Set1|Draw4|col3,T,own,2,3,1,4,3,2,166,3,2,True,1,4,29,5
NewJersey4,LS2,Combined,Set1,Draw4,3,col3,Combined|Set1|Draw4|col3,T,own,2,3,1,4,3,3,166,3,2,True,1,4,29,5
NewJersey4,LS2,Combined,Set1,Draw4,3,col3,Combined|Set1|Draw4|col3,T,own,2,3,1,4,3,4,66,2,1,True,1,4,29,5
NewJersey4,LS2,Combined,Set1,Draw4,3,col3,Combined|Set1|Draw4|col3,T,combined,2,3,1,4,3,0,2001386677,10,7,False,1,7,57,6
NewJersey4,LS2,Combined,Set1,Draw4,3,col3,Combined|Set1|Draw4|col3,T,combined,2,3,1,4,3,1,00166,5,3,True,1,7,57,6
NewJersey4,LS2,Combined,Set1,Draw4,3,col3,Combined|Set1|Draw4|col3,T,combined,2,3,1,4,3,2,00166,5,3,True,1,7,57,6
NewJersey4,LS2,Combined,Set1,Draw4,3,col3,Combined|Set1|Draw4|col3,T,combined,2,3,1,4,3,3,166,3,2,True,1,7,57,6
NewJersey4,LS2,Combined,Set1,Draw4,3,col3,Combined|Set1|Draw4|col3,T,combined,2,3,1,4,3,4,166,3,2,True,1,7,57,6
NewJersey4,LS2,Combined,Set1,Draw4,3,col3,Combined|Set1|Draw4|col3,T,combined,2,3,1,4,3,7,66,2,1,True,1,7,57,6
NewJersey4,LS2,Combined,Set1,Draw6,1,col1,Combined|Set1|Draw6|col1,A,own,2,3,1,6,1,0,92400133667*,12,9,False,6,7,29,8
NewJersey4,LS2,Combined,Set1,Draw6,1,col1,Combined|Set1|Draw6|col1,A,own,2,3,1,6,1,1,9240013366*,11,8,False,6,7,29,8
NewJersey4,LS2,Combined,Set1,Draw6,1,col1,Combined|Set1|Draw6|col1,A,own,2,3,1,6,1,2,240013366*,10,7,False,6,7,29,8
NewJersey4,LS2,Combined,Set1,Draw6,1,col1,Combined|Set1|Draw6|col1,A,own,2,3,1,6,1,3,20013366*,9,6,False,6,7,29,8
NewJersey4,LS2,Combined,Set1,Draw6,1,col1,Combined|Set1|Draw6|col1,A,own,2,3,1,6,1,4,003366*,7,4,False,6,7,29,8
NewJersey4,LS2,Combined,Set1,Draw6,1,col1,Combined|Set1|Draw6|col1,A,own,2,3,1,6,1,5,003366*,7,4,False,6,7,29,8
NewJersey4,LS2,Combined,Set1,Draw6,1,col1,Combined|Set1|Draw6|col1,A,own,2,3,1,6,1,6,0066*,5,3,True,6,7,29,8
NewJersey4,LS2,Combined,Set1,Draw6,1,col1,Combined|Set1|Draw6|col1,A,own,2,3,1,6,1,7,66*,3,2,True,6,7,29,8
NewJersey4,LS2,Combined,Set1,Draw6,1,col1,Combined|Set1|Draw6|col1,A,combined,2,3,1,6,1,0,92400133667*,12,9,False,11,13,57,14
NewJersey4,LS2,Combined,Set1,Draw6,1,col1,Combined|Set1|Draw6|col1,A,combined,2,3,1,6,1,1,9240013366*,11,8,False,11,13,57,14
NewJersey4,LS2,Combined,Set1,Draw6,1,col1,Combined|Set1|Draw6|col1,A,combined,2,3,1,6,1,2,9240013366*,11,8,False,11,13,57,14
NewJersey4,LS2,Combined,Set1,Draw6,1,col1,Combined|Set1|Draw6|col1,A,combined,2,3,1,6,1,3,240013366*,10,7,False,11,13,57,14
NewJersey4,LS2,Combined,Set1,Draw6,1,col1,Combined|Set1|Draw6|col1,A,combined,2,3,1,6,1,4,240013366*,10,7,False,11,13,57,14
NewJersey4,LS2,Combined,Set1,Draw6,1,col1,Combined|Set1|Draw6|col1,A,combined,2,3,1,6,1,5,20013366*,9,6,False,11,13,57,14
NewJersey4,LS2,Combined,Set1,Draw6,1,col1,Combined|Set1|Draw6|col1,A,combined,2,3,1,6,1,6,20013366*,9,6,False,11,13,57,14
NewJersey4,LS2,Combined,Set1,Draw6,1,col1,Combined|Set1|Draw6|col1,A,combined,2,3,1,6,1,7,003366*,7,4,False,11,13,57,14
NewJersey4,LS2,Combined,Set1,Draw6,1,col1,Combined|Set1|Draw6|col1,A,combined,2,3,1,6,1,8,003366*,7,4,False,11,13,57,14
NewJersey4,LS2,Combined,Set1,Draw6,1,col1,Combined|Set1|Draw6|col1,A,combined,2,3,1,6,1,9,003366*,7,4,False,11,13,57,14
NewJersey4,LS2,Combined,Set1,Draw6,1,col1,Combined|Set1|Draw6|col1,A,combined,2,3,1,6,1,10,003366*,7,4,False,11,13,57,14
NewJersey4,LS2,Combined,Set1,Draw6,1,col1,Combined|Set1|Draw6|col1,A,combined,2,3,1,6,1,11,0066*,5,3,True,11,13,57,14
NewJersey4,LS2,Combined,Set1,Draw6,1,col1,Combined|Set1|Draw6|col1,A,combined,2,3,1,6,1,12,0066*,5,3,True,11,13,57,14
NewJersey4,LS2,Combined,Set1,Draw6,1,col1,Combined|Set1|Draw6|col1,A,combined,2,3,1,6,1,13,66*,3,2,True,11,13,57,14
NewJersey4,LS2,Combined,Set1,Draw6,1,col1,Combined|Set1|Draw6|col1,B,own,2,3,1,6,1,0,92400133667*,12,9,False,4,11,29,7
NewJersey4,LS2,Combined,Set1,Draw6,1,col1,Combined|Set1|Draw6|col1,B,own,2,3,1,6,1,1,92400166*,9,7,False,4,11,29,7
NewJersey4,LS2,Combined,Set1,Draw6,1,col1,Combined|Set1|Draw6|col1,B,own,2,3,1,6,1,2,24166*,6,5,False,4,11,29,7
NewJersey4,LS2,Combined,Set1,Draw6,1,col1,Combined|Set1|Draw6|col1,B,own,2,3,1,6,1,3,2166*,5,4,False,4,11,29,7
NewJersey4,LS2,Combined,Set1,Draw6,1,col1,Combined|Set1|Draw6|col1,B,own,2,3,1,6,1,4,66*,3,2,True,4,11,29,7
NewJersey4,LS2,Combined,Set1,Draw6,1,col1,Combined|Set1|Draw6|col1,B,own,2,3,1,6,1,5,66*,3,2,True,4,11,29,7
NewJersey4,LS2,Combined,Set1,Draw6,1,col1,Combined|Set1|Draw6|col1,B,own,2,3,1,6,1,11,*,1,1,True,4,11,29,7
NewJersey4,LS2,Combined,Set1,Draw6,1,col1,Combined|Set1|Draw6|col1,B,combined,2,3,1,6,1,0,92400133667*,12,9,False,4,8,57,9
NewJersey4,LS2,Combined,Set1,Draw6,1,col1,Combined|Set1|Draw6|col1,B,combined,2,3,1,6,1,1,92400166*,9,7,False,4,8,57,9
NewJersey4,LS2,Combined,Set1,Draw6,1,col1,Combined|Set1|Draw6|col1,B,combined,2,3,1,6,1,2,9400166*,8,6,False,4,8,57,9
NewJersey4,LS2,Combined,Set1,Draw6,1,col1,Combined|Set1|Draw6|col1,B,combined,2,3,1,6,1,3,4166*,5,4,False,4,8,57,9
NewJersey4,LS2,Combined,Set1,Draw6,1,col1,Combined|Set1|Draw6|col1,B,combined,2,3,1,6,1,4,166*,4,3,True,4,8,57,9
NewJersey4,LS2,Combined,Set1,Draw6,1,col1,Combined|Set1|Draw6|col1,B,combined,2,3,1,6,1,5,166*,4,3,True,4,8,57,9
NewJersey4,LS2,Combined,Set1,Draw6,1,col1,Combined|Set1|Draw6|col1,B,combined,2,3,1,6,1,6,166*,4,3,True,4,8,57,9
NewJersey4,LS2,Combined,Set1,Draw6,1,col1,Combined|Set1|Draw6|col1,B,combined,2,3,1,6,1,7,66*,3,2,True,4,8,57,9
NewJersey4,LS2,Combined,Set1,Draw6,1,col1,Combined|Set1|Draw6|col1,B,combined,2,3,1,6,1,8,*,1,1,True,4,8,57,9
NewJersey4,LS2,Combined,Set1,Draw6,1,col1,Combined|Set1|Draw6|col1,C,own,2,3,1,6,1,0,92400133667*,12,9,False,2,4,29,5
NewJersey4,LS2,Combined,Set1,Draw6,1,col1,Combined|Set1|Draw6|col1,C,own,2,3,1,6,1,1,9400166*,8,6,False,2,4,29,5
NewJersey4,LS2,Combined,Set1,Draw6,1,col1,Combined|Set1|Draw6|col1,C,own,2,3,1,6,1,2,166*,4,3,True,2,4,29,5
NewJersey4,LS2,Combined,Set1,Draw6,1,col1,Combined|Set1|Draw6|col1,C,own,2,3,1,6,1,3,166*,4,3,True,2,4,29,5
NewJersey4,LS2,Combined,Set1,Draw6,1,col1,Combined|Set1|Draw6|col1,C,own,2,3,1,6,1,4,*,1,1,True,2,4,29,5
NewJersey4,LS2,Combined,Set1,Draw6,1,col1,Combined|Set1|Draw6|col1,C,combined,2,3,1,6,1,0,92400133667*,12,9,False,3,7,57,8
NewJersey4,LS2,Combined,Set1,Draw6,1,col1,Combined|Set1|Draw6|col1,C,combined,2,3,1,6,1,1,9400166*,8,6,False,3,7,57,8
NewJersey4,LS2,Combined,Set1,Draw6,1,col1,Combined|Set1|Draw6|col1,C,combined,2,3,1,6,1,2,9400166*,8,6,False,3,7,57,8
NewJersey4,LS2,Combined,Set1,Draw6,1,col1,Combined|Set1|Draw6|col1,C,combined,2,3,1,6,1,3,166*,4,3,True,3,7,57,8
NewJersey4,LS2,Combined,Set1,Draw6,1,col1,Combined|Set1|Draw6|col1,C,combined,2,3,1,6,1,4,166*,4,3,True,3,7,57,8
NewJersey4,LS2,Combined,Set1,Draw6,1,col1,Combined|Set1|Draw6|col1,C,combined,2,3,1,6,1,5,166*,4,3,True,3,7,57,8
NewJersey4,LS2,Combined,Set1,Draw6,1,col1,Combined|Set1|Draw6|col1,C,combined,2,3,1,6,1,6,166*,4,3,True,3,7,57,8
NewJersey4,LS2,Combined,Set1,Draw6,1,col1,Combined|Set1|Draw6|col1,C,combined,2,3,1,6,1,7,*,1,1,True,3,7,57,8
NewJersey4,LS2,Combined,Set1,Draw6,1,col1,Combined|Set1|Draw6|col1,D,own,2,3,1,6,1,0,92400133667*,12,9,False,3,11,29,7
NewJersey4,LS2,Combined,Set1,Draw6,1,col1,Combined|Set1|Draw6|col1,D,own,2,3,1,6,1,1,9400166*,8,6,False,3,11,29,7
NewJersey4,LS2,Combined,Set1,Draw6,1,col1,Combined|Set1|Draw6|col1,D,own,2,3,1,6,1,2,0166*,5,4,False,3,11,29,7
NewJersey4,LS2,Combined,Set1,Draw6,1,col1,Combined|Set1|Draw6|col1,D,own,2,3,1,6,1,3,166*,4,3,True,3,11,29,7
NewJersey4,LS2,Combined,Set1,Draw6,1,col1,Combined|Set1|Draw6|col1,D,own,2,3,1,6,1,4,6*,2,2,True,3,11,29,7
NewJersey4,LS2,Combined,Set1,Draw6,1,col1,Combined|Set1|Draw6|col1,D,own,2,3,1,6,1,5,6*,2,2,True,3,11,29,7
NewJersey4,LS2,Combined,Set1,Draw6,1,col1,Combined|Set1|Draw6|col1,D,own,2,3,1,6,1,11,*,1,1,True,3,11,29,7
NewJersey4,LS2,Combined,Set1,Draw6,1,col1,Combined|Set1|Draw6|col1,D,combined,2,3,1,6,1,0,92400133667*,12,9,False,4,8,57,9
NewJersey4,LS2,Combined,Set1,Draw6,1,col1,Combined|Set1|Draw6|col1,D,combined,2,3,1,6,1,1,9400166*,8,6,False,4,8,57,9
NewJersey4,LS2,Combined,Set1,Draw6,1,col1,Combined|Set1|Draw6|col1,D,combined,2,3,1,6,1,2,9400166*,8,6,False,4,8,57,9
NewJersey4,LS2,Combined,Set1,Draw6,1,col1,Combined|Set1|Draw6|col1,D,combined,2,3,1,6,1,3,0166*,5,4,False,4,8,57,9
NewJersey4,LS2,Combined,Set1,Draw6,1,col1,Combined|Set1|Draw6|col1,D,combined,2,3,1,6,1,4,166*,4,3,True,4,8,57,9
NewJersey4,LS2,Combined,Set1,Draw6,1,col1,Combined|Set1|Draw6|col1,D,combined,2,3,1,6,1,5,166*,4,3,True,4,8,57,9
NewJersey4,LS2,Combined,Set1,Draw6,1,col1,Combined|Set1|Draw6|col1,D,combined,2,3,1,6,1,6,166*,4,3,True,4,8,57,9
NewJersey4,LS2,Combined,Set1,Draw6,1,col1,Combined|Set1|Draw6|col1,D,combined,2,3,1,6,1,7,6*,2,2,True,4,8,57,9
NewJersey4,LS2,Combined,Set1,Draw6,1,col1,Combined|Set1|Draw6|col1,D,combined,2,3,1,6,1,8,*,1,1,True,4,8,57,9
NewJersey4,LS2,Combined,Set1,Draw6,1,col1,Combined|Set1|Draw6|col1,E,own,2,3,1,6,1,0,92400133667*,12,9,False,4,17,29,9
NewJersey4,LS2,Combined,Set1,Draw6,1,col1,Combined|Set1|Draw6|col1,E,own,2,3,1,6,1,1,92400166*,9,7,False,4,17,29,9
NewJersey4,LS2,Combined,Set1,Draw6,1,col1,Combined|Set1|Draw6|col1,E,own,2,3,1,6,1,2,240166*,7,6,False,4,17,29,9
NewJersey4,LS2,Combined,Set1,Draw6,1,col1,Combined|Set1|Draw6|col1,E,own,2,3,1,6,1,3,2166*,5,4,False,4,17,29,9
NewJersey4,LS2,Combined,Set1,Draw6,1,col1,Combined|Set1|Draw6|col1,E,own,2,3,1,6,1,4,66*,3,2,True,4,17,29,9
NewJersey4,LS2,Combined,Set1,Draw6,1,col1,Combined|Set1|Draw6|col1,E,own,2,3,1,6,1,5,66*,3,2,True,4,17,29,9
NewJersey4,LS2,Combined,Set1,Draw6,1,col1,Combined|Set1|Draw6|col1,E,own,2,3,1,6,1,11,6*,2,2,True,4,17,29,9
NewJersey4,LS2,Combined,Set1,Draw6,1,col1,Combined|Set1|Draw6|col1,E,own,2,3,1,6,1,12,6*,2,2,True,4,17,29,9
NewJersey4,LS2,Combined,Set1,Draw6,1,col1,Combined|Set1|Draw6|col1,E,own,2,3,1,6,1,17,*,1,1,True,4,17,29,9
NewJersey4,LS2,Combined,Set1,Draw6,1,col1,Combined|Set1|Draw6|col1,E,combined,2,3,1,6,1,0,92400133667*,12,9,False,4,21,57,11
NewJersey4,LS2,Combined,Set1,Draw6,1,col1,Combined|Set1|Draw6|col1,E,combined,2,3,1,6,1,1,92400166*,9,7,False,4,21,57,11
NewJersey4,LS2,Combined,Set1,Draw6,1,col1,Combined|Set1|Draw6|col1,E,combined,2,3,1,6,1,2,9400166*,8,6,False,4,21,57,11
NewJersey4,LS2,Combined,Set1,Draw6,1,col1,Combined|Set1|Draw6|col1,E,combined,2,3,1,6,1,3,40166*,6,5,False,4,21,57,11
NewJersey4,LS2,Combined,Set1,Draw6,1,col1,Combined|Set1|Draw6|col1,E,combined,2,3,1,6,1,4,166*,4,3,True,4,21,57,11
NewJersey4,LS2,Combined,Set1,Draw6,1,col1,Combined|Set1|Draw6|col1,E,combined,2,3,1,6,1,5,166*,4,3,True,4,21,57,11
NewJersey4,LS2,Combined,Set1,Draw6,1,col1,Combined|Set1|Draw6|col1,E,combined,2,3,1,6,1,6,166*,4,3,True,4,21,57,11
NewJersey4,LS2,Combined,Set1,Draw6,1,col1,Combined|Set1|Draw6|col1,E,combined,2,3,1,6,1,7,66*,3,2,True,4,21,57,11
NewJersey4,LS2,Combined,Set1,Draw6,1,col1,Combined|Set1|Draw6|col1,E,combined,2,3,1,6,1,8,6*,2,2,True,4,21,57,11
NewJersey4,LS2,Combined,Set1,Draw6,1,col1,Combined|Set1|Draw6|col1,E,combined,2,3,1,6,1,9,6*,2,2,True,4,21,57,11
NewJersey4,LS2,Combined,Set1,Draw6,1,col1,Combined|Set1|Draw6|col1,E,combined,2,3,1,6,1,21,*,1,1,True,4,21,57,11
NewJersey4,LS2,Combined,Set1,Draw6,1,col1,Combined|Set1|Draw6|col1,T,own,2,3,1,6,1,0,92400133667*,12,9,False,2,4,29,5
NewJersey4,LS2,Combined,Set1,Draw6,1,col1,Combined|Set1|Draw6|col1,T,own,2,3,1,6,1,1,9400166*,8,6,False,2,4,29,5
NewJersey4,LS2,Combined,Set1,Draw6,1,col1,Combined|Set1|Draw6|col1,T,own,2,3,1,6,1,2,166*,4,3,True,2,4,29,5
NewJersey4,LS2,Combined,Set1,Draw6,1,col1,Combined|Set1|Draw6|col1,T,own,2,3,1,6,1,3,166*,4,3,True,2,4,29,5
NewJersey4,LS2,Combined,Set1,Draw6,1,col1,Combined|Set1|Draw6|col1,T,own,2,3,1,6,1,4,66*,3,2,True,2,4,29,5
NewJersey4,LS2,Combined,Set1,Draw6,1,col1,Combined|Set1|Draw6|col1,T,combined,2,3,1,6,1,0,92400133667*,12,9,False,3,7,57,8
NewJersey4,LS2,Combined,Set1,Draw6,1,col1,Combined|Set1|Draw6|col1,T,combined,2,3,1,6,1,1,9400166*,8,6,False,3,7,57,8
NewJersey4,LS2,Combined,Set1,Draw6,1,col1,Combined|Set1|Draw6|col1,T,combined,2,3,1,6,1,2,9400166*,8,6,False,3,7,57,8
NewJersey4,LS2,Combined,Set1,Draw6,1,col1,Combined|Set1|Draw6|col1,T,combined,2,3,1,6,1,3,166*,4,3,True,3,7,57,8
NewJersey4,LS2,Combined,Set1,Draw6,1,col1,Combined|Set1|Draw6|col1,T,combined,2,3,1,6,1,4,166*,4,3,True,3,7,57,8
NewJersey4,LS2,Combined,Set1,Draw6,1,col1,Combined|Set1|Draw6|col1,T,combined,2,3,1,6,1,5,166*,4,3,True,3,7,57,8
NewJersey4,LS2,Combined,Set1,Draw6,1,col1,Combined|Set1|Draw6|col1,T,combined,2,3,1,6,1,6,166*,4,3,True,3,7,57,8
NewJersey4,LS2,Combined,Set1,Draw6,1,col1,Combined|Set1|Draw6|col1,T,combined,2,3,1,6,1,7,66*,3,2,True,3,7,57,8
