section,Set,Draw,Column,Canonical,type,score,rows,mirror,straight2,straight3,cons_stub,hot
Evening,Set1,Draw2,2,788,straight,22,"R2,R4,R6",False,True,True,False,2
Evening,Set1,Draw2,1,788,straight,22,"R2,R4,R6",False,True,True,False,2
Evening,Set1,Draw3,2,788,straight,21,"R2,R4,R6",False,True,True,False,2
Evening,Set1,Draw3,1,788,straight,21,"R2,R4,R6",False,True,True,False,2
Evening,Set1,Draw4,1,7788,straight,21,"R2,R4,R6",False,True,True,False,2
Midday,Set1,Draw3,3,3349,straight,20,"R4,R6,R8",True,True,True,False,1
Midday,Set1,Draw3,2,334,straight,20,"R4,R6,R8",False,True,True,False,2
Evening,Set1,Draw1,1,08899,boxed,20,"R2,R4,R6,R8",False,True,False,False,2
Evening,Set1,Draw4,1,788,straight,20,"R2,R4,R6",False,True,True,False,2
Evening,Set1,Draw4,1,778,straight,20,"R2,R4,R6",False,True,True,False,2
Evening,Set1,Draw5,1,7788,straight,20,"R2,R4,R6",False,True,True,False,2
Midday,Set1,Draw3,3,334,straight,19,"R4,R6,R8",False,True,True,False,1
Evening,Set1,Draw1,1,0899,boxed,19,"R2,R4,R6,R8",False,True,False,False,2
Evening,Set1,Draw1,1,099,boxed,19,"R2,R4,R6,R8",False,True,False,False,2
Evening,Set1,Draw5,1,788,straight,19,"R2,R4,R6",False,True,True,False,2
Evening,Set1,Draw5,1,778,straight,19,"R2,R4,R6",False,True,True,False,2
Combined,Set1,Draw1,5,667,straight,19,"R2,R4,R6",False,True,True,False,1
Combined,Set1,Draw1,4,667,straight,19,"R2,R4,R6",False,True,True,False,1
Midday,Set1,Draw3,3,339,straight,18,"R4,R6,R8",False,True,True,False,1
Evening,Set1,Draw2,1,099,boxed,18,"R2,R4,R6,R8",False,True,False,False,2
Evening,Set1,Draw2,1,08899,boxed,18,"R2,R4,R8",False,True,False,False,2
Evening,Set1,Draw6,1,7788,straight,18,"R2,R4,R6",False,True,True,False,1
Combined,Set1,Draw2,4,667,straight,18,"R2,R4,R6",False,True,True,False,1
Midday,Set1,Draw3,5,339,straight,17,"R4,R6,R8",False,True,True,False,0
Midday,Set1,Draw3,4,339,straight,17,"R4,R6,R8",False,True,True,False,0
Evening,Set1,Draw1,3,088,boxed,17,"R2,R4,R6",False,True,False,False,2
Evening,Set1,Draw1,2,088,boxed,17,"R2,R4,R6",False,True,False,False,2
Evening,Set1,Draw1,1,088,boxed,17,"R2,R4,R6",False,True,False,False,2
Evening,Set1,Draw1,3,099,boxed,17,"R4,R6,R8",False,True,False,False,2
Evening,Set1,Draw1,3,08899,boxed,17,"R4,R6,R8",False,False,False,False,2
Evening,Set1,Draw1,2,099,boxed,17,"R4,R6,R8",False,True,False,False,2
Evening,Set1,Draw1,2,08899,boxed,17,"R4,R6,R8",False,False,False,False,2
Evening,Set1,Draw2,2,0788,boxed,17,"R2,R4,R6",False,True,False,False,2
Evening,Set1,Draw2,1,0899,boxed,17,"R2,R4,R8",False,True,False,False,2
Evening,Set1,Draw2,1,0788,boxed,17,"R2,R4,R6",False,True,False,False,2
Evening,Set1,Draw3,1,099,boxed,17,"R2,R4,R6,R8",False,True,False,False,2
Evening,Set1,Draw3,1,08899,boxed,17,"R2,R4,R8",False,True,False,False,2
Evening,Set1,Draw6,1,788,straight,17,"R2,R4,R6",False,True,True,False,1
Evening,Set1,Draw6,1,599,straight,17,"R2,R4,R6",False,True,True,False,1
Evening,Set1,Draw6,1,778,straight,17,"R2,R4,R6",False,True,True,False,1
Combined,Set1,Draw2,5,667,straight,17,"R2,R4,R6",False,True,True,False,0
Combined,Set1,Draw6,1,344,straight,17,"R4,R6,R8",False,True,True,False,1
Midday,Set3,Draw1,3,477,boxed,16,"R2,R4,R6,R8",False,True,False,False,1
Midday,Set1,Draw2,6,244,straight,16,"R2,R6,R8",False,True,True,False,0
Midday,Set1,Draw2,5,244,straight,16,"R2,R6,R8",False,True,True,False,0
Midday,Set1,Draw4,4,559,straight,16,"R2,R4,R6",False,True,True,False,0
Midday,Set1,Draw4,3,559,straight,16,"R2,R4,R6",False,True,True,False,0
Evening,Set3,Draw1,2,0229,boxed,16,"R2,R4,R6",False,False,False,False,1
Evening,Set3,Draw1,2,229,boxed,16,"R2,R4,R6",False,True,False,False,1
Evening,Set3,Draw1,1,0229,boxed,16,"R2,R4,R6",False,False,False,False,1
Evening,Set3,Draw1,1,229,boxed,16,"R2,R4,R6",False,True,False,False,1
Evening,Set1,Draw1,4,088,boxed,16,"R2,R4,R6",False,True,False,False,1
Evening,Set1,Draw1,3,299,boxed,16,"R2,R4,R6",False,True,False,False,2
Evening,Set1,Draw1,3,02299,boxed,16,"R2,R4,R6",False,False,False,False,2
Evening,Set1,Draw1,3,2299,boxed,16,"R2,R4,R6",False,True,False,False,2
Evening,Set1,Draw1,2,299,boxed,16,"R2,R4,R6",False,True,False,False,2
Evening,Set1,Draw1,1,0889,boxed,16,"R2,R4,R6",False,True,False,False,2
Evening,Set1,Draw1,5,099,boxed,16,"R4,R6,R8",False,True,False,False,1
Evening,Set1,Draw1,5,08899,boxed,16,"R4,R6,R8",False,False,False,False,1
Evening,Set1,Draw1,4,099,boxed,16,"R4,R6,R8",False,True,False,False,1
Evening,Set1,Draw1,4,08899,boxed,16,"R4,R6,R8",False,False,False,False,1
Evening,Set1,Draw1,3,0899,boxed,16,"R4,R6,R8",False,False,False,False,2
Evening,Set1,Draw1,2,0899,boxed,16,"R4,R6,R8",False,False,False,False,2
Evening,Set1,Draw2,2,099,boxed,16,"R4,R6,R8",False,True,False,False,2
Evening,Set1,Draw3,5,224,straight,16,"R2,R6,R8",False,True,True,False,0
Evening,Set1,Draw3,4,224,straight,16,"R2,R6,R8",False,True,True,False,0
Evening,Set1,Draw3,2,0788,boxed,16,"R2,R4,R6",False,True,False,False,2
Evening,Set1,Draw3,1,0899,boxed,16,"R2,R4,R8",False,True,False,False,2
Evening,Set1,Draw3,1,0788,boxed,16,"R2,R4,R6",False,True,False,False,2
Evening,Set1,Draw4,1,07788,boxed,16,"R2,R4,R6",False,True,False,False,2
Evening,Set1,Draw4,1,099,boxed,16,"R2,R4,R6,R8",False,True,False,False,2
Evening,Set1,Draw4,1,08899,boxed,16,"R2,R4,R8",False,True,False,False,2
Evening,Set1,Draw6,2,599,straight,16,"R2,R4,R6",False,True,True,False,0
Evening,Set1,Draw7,1,5599,straight,16,"R2,R4,R6",False,True,True,False,0
Combined,Set2,Draw1,7,224,straight,16,"R2,R6,R8",False,True,True,False,0
Combined,Set2,Draw1,6,224,straight,16,"R2,R6,R8",False,True,True,False,0
Combined,Set1,Draw2,6,599,straight,16,"R2,R4,R6",False,True,True,False,0
Combined,Set1,Draw2,5,599,straight,16,"R2,R4,R6",False,True,True,False,0
Combined,Set1,Draw2,1,079,boxed,16,"R2,R4,R6,R8",False,True,False,False,2
Combined,Set1,Draw4,4,559,straight,16,"R2,R4,R6",False,True,True,False,0
Combined,Set1,Draw4,3,559,straight,16,"R2,R4,R6",False,True,True,False,0
Midday,Set2,Draw1,4,177,boxed,15,"R2,R4,R6,R8",False,True,False,False,1
Midday,Set1,Draw2,3,349,boxed,15,"R2,R4,R6,R8",True,True,False,False,1
Midday,Set1,Draw2,2,347,boxed,15,"R2,R4,R6,R8",False,True,False,False,2
Midday,Set1,Draw3,5,244,straight,15,"R2,R6,R8",False,True,True,False,0
Midday,Set1,Draw5,3,559,straight,15,"R2,R4,R6",False,True,True,False,0
Midday,Set1,Draw6,2,559,straight,15,"R2,R4,R6",False,True,True,False,0
Midday,Set1,Draw7,1,244,straight,15,"R2,R6,R8",False,True,True,False,0
Evening,Set3,Draw1,7,224,straight,15,"R2,R6,R8",False,True,True,False,0
Evening,Set3,Draw1,3,089,boxed,15,"R4,R6,R8",False,False,False,False,1
Evening,Set3,Draw1,2,089,boxed,15,"R4,R6,R8",False,False,False,False,1
Evening,Set3,Draw1,1,089,boxed,15,"R4,R6,R8",False,False,False,False,1
Evening,Set2,Draw1,3,0229,boxed,15,"R2,R4,R6",False,False,False,False,1
Evening,Set2,Draw1,3,229,boxed,15,"R2,R4,R6",False,True,False,False,1
Evening,Set2,Draw1,3,088,boxed,15,"R2,R4,R6",False,True,False,False,1
Evening,Set2,Draw1,2,0229,boxed,15,"R2,R4,R6",False,False,False,False,1
Evening,Set2,Draw1,2,229,boxed,15,"R2,R4,R6",False,True,False,False,1
Evening,Set2,Draw1,2,088,boxed,15,"R2,R4,R6",False,True,False,False,1
Evening,Set2,Draw1,1,088,boxed,15,"R2,R4,R6",False,True,False,False,1
Evening,Set2,Draw1,1,029,boxed,15,"R2,R4,R6",False,False,False,False,1
Evening,Set2,Draw1,4,0889,boxed,15,"R4,R6,R8",False,False,False,False,1
Evening,Set2,Draw1,3,0889,boxed,15,"R4,R6,R8",False,False,False,False,1
Evening,Set2,Draw1,2,0889,boxed,15,"R4,R6,R8",False,False,False,False,1
Evening,Set2,Draw1,1,0889,boxed,15,"R4,R6,R8",False,False,False,False,1
Evening,Set1,Draw1,7,599,straight,15,"R2,R4,R6",False,True,True,False,0
Evening,Set1,Draw1,4,299,boxed,15,"R2,R4,R6",False,True,False,False,1
Evening,Set1,Draw1,4,02299,boxed,15,"R2,R4,R6",False,False,False,False,1
Evening,Set1,Draw1,4,2299,boxed,15,"R2,R4,R6",False,True,False,False,1
Evening,Set1,Draw1,3,229,boxed,15,"R2,R4,R6",False,True,False,False,2
Evening,Set1,Draw1,2,0299,boxed,15,"R2,R4,R6",False,False,False,False,2
Evening,Set1,Draw1,1,089,boxed,15,"R2,R4,R6",False,True,False,False,2
Evening,Set1,Draw1,6,099,boxed,15,"R4,R6,R8",False,True,False,False,0
Evening,Set1,Draw1,5,0899,boxed,15,"R4,R6,R8",False,False,False,False,1
Evening,Set1,Draw1,4,0899,boxed,15,"R4,R6,R8",False,False,False,False,1
Evening,Set1,Draw2,4,688,boxed,15,"R2,R4,R6,R8",False,True,False,False,1
Evening,Set1,Draw2,3,688,boxed,15,"R2,R4,R6,R8",False,True,False,False,1
Evening,Set1,Draw2,2,299,boxed,15,"R2,R4,R6",False,True,False,False,2
Evening,Set1,Draw2,2,0299,boxed,15,"R2,R4,R6",False,False,False,False,2
Evening,Set1,Draw2,4,099,boxed,15,"R4,R6,R8",False,True,False,False,1
Evening,Set1,Draw2,3,099,boxed,15,"R4,R6,R8",False,True,False,False,1
Evening,Set1,Draw2,2,08899,boxed,15,"R4,R8",False,False,False,False,2
Evening,Set1,Draw2,2,0799,straight,15,"R6,R8",False,True,False,False,2
Evening,Set1,Draw2,1,0799,straight,15,"R6,R8",False,True,False,False,2
Evening,Set1,Draw3,2,099,boxed,15,"R4,R6,R8",False,True,False,False,2
Evening,Set1,Draw3,2,0799,straight,15,"R6,R8",False,True,False,False,2
Evening,Set1,Draw3,1,0799,straight,15,"R6,R8",False,True,False,False,2
Evening,Set1,Draw4,4,224,straight,15,"R2,R6,R8",False,True,True,False,0
Evening,Set1,Draw4,2,688,boxed,15,"R2,R4,R6,R8",False,True,False,False,2
Evening,Set1,Draw4,2,67788,boxed,15,"R2,R4,R6",False,True,False,False,2
Evening,Set1,Draw4,1,0899,boxed,15,"R2,R4,R8",False,True,False,False,2
Evening,Set1,Draw4,2,07799,straight,15,"R6,R8",False,True,False,False,2
Evening,Set1,Draw4,1,07799,straight,15,"R6,R8",False,True,False,False,2
Evening,Set1,Draw5,1,07788,boxed,15,"R2,R4,R6",False,True,False,False,2
Evening,Set1,Draw5,1,099,boxed,15,"R2,R4,R6,R8",False,True,False,False,2
Evening,Set1,Draw5,1,08899,boxed,15,"R2,R4,R8",False,True,False,False,2
Evening,Set1,Draw7,1,599,straight,15,"R2,R4,R6",False,True,True,False,0
Evening,Set1,Draw7,1,559,straight,15,"R2,R4,R6",False,True,True,False,0
Combined,Set3,Draw1,7,224,straight,15,"R2,R6,R8",False,True,True,False,0
Combined,Set1,Draw1,7,224,straight,15,"R2,R6,R8",False,True,True,False,0
Combined,Set1,Draw1,3,679,boxed,15,"R2,R4,R6,R8",False,True,False,False,2
Combined,Set1,Draw1,2,679,boxed,15,"R2,R4,R6,R8",False,True,False,False,2
Combined,Set1,Draw2,2,067,boxed,15,"R2,R4,R6",False,True,False,False,2
Combined,Set1,Draw3,5,599,straight,15,"R2,R4,R6",False,True,True,False,0
Combined,Set1,Draw3,1,079,boxed,15,"R2,R4,R6,R8",False,True,False,False,2
Combined,Set1,Draw4,2,059,boxed,15,"R2,R4,R6",True,True,False,False,2
Combined,Set1,Draw4,1,017,boxed,15,"R2,R4,R6,R8",False,False,False,False,2
Combined,Set1,Draw4,1,059,boxed,15,"R2,R4,R6",True,True,False,False,2
Combined,Set1,Draw5,3,559,straight,15,"R2,R4,R6",False,True,True,False,0
Combined,Set1,Draw5,1,0177,boxed,15,"R2,R4,R6,R8",False,False,False,False,2
Combined,Set1,Draw6,2,244,straight,15,"R2,R6,R8",False,True,True,False,0
Combined,Set1,Draw7,1,599,straight,15,"R2,R4,R6",False,True,True,False,0
Combined,Set1,Draw7,1,344,straight,15,"R4,R6,R8",False,True,True,False,0
Midday,Set3,Draw1,4,4779,boxed,14,"R2,R4,R6,R8",True,True,False,False,1
Midday,Set2,Draw1,3,779,boxed,14,"R2,R4,R6,R8",False,True,False,False,1
Midday,Set1,Draw1,5,177,boxed,14,"R2,R4,R6,R8",False,True,False,False,1
Midday,Set1,Draw1,4,779,boxed,14,"R2,R4,R6,R8",False,True,False,False,1
Midday,Set1,Draw4,2,1336,straight,14,"R2,R8",True,True,False,False,2
Evening,Set3,Draw1,4,0229,boxed,14,"R2,R4",False,False,False,False,1
Evening,Set3,Draw1,3,0229,boxed,14,"R2,R4",False,False,False,False,1
Evening,Set2,Draw1,4,388,boxed,14,"R2,R4,R8",True,True,False,False,1
Evening,Set2,Draw1,4,089,boxed,14,"R4,R6,R8",False,False,False,False,1
Evening,Set2,Draw1,3,089,boxed,14,"R4,R6,R8",False,False,False,False,1
Evening,Set2,Draw1,2,089,boxed,14,"R4,R6,R8",False,False,False,False,1
Evening,Set2,Draw1,1,089,boxed,14,"R4,R6,R8",False,False,False,False,1
Evening,Set1,Draw1,4,229,boxed,14,"R2,R4,R6",False,True,False,False,1
Evening,Set1,Draw1,3,8899,straight,14,R8,False,False,False,False,2
Evening,Set1,Draw1,2,8899,straight,14,R8,False,False,False,False,2
Evening,Set1,Draw1,1,8899,straight,14,R8,False,False,False,False,2
Evening,Set1,Draw2,4,299,boxed,14,"R2,R4,R6",False,True,False,False,1
Evening,Set1,Draw2,4,6788,boxed,14,"R2,R4,R6",False,True,False,False,1
Evening,Set1,Draw2,4,02299,boxed,14,"R2,R4,R6",False,False,False,False,1
Evening,Set1,Draw2,4,2299,boxed,14,"R2,R4,R6",False,True,False,False,1
Evening,Set1,Draw2,3,299,boxed,14,"R2,R4,R6",False,True,False,False,1
Evening,Set1,Draw2,3,6788,boxed,14,"R2,R4,R6",False,True,False,False,1
Evening,Set1,Draw2,3,02299,boxed,14,"R2,R4,R6",False,False,False,False,1
Evening,Set1,Draw2,3,2299,boxed,14,"R2,R4,R6",False,True,False,False,1
Evening,Set1,Draw2,6,099,boxed,14,"R4,R6,R8",False,True,False,False,0
Evening,Set1,Draw2,5,099,boxed,14,"R4,R6,R8",False,True,False,False,0
Evening,Set1,Draw2,4,788,straight,14,"R4,R6",False,True,False,False,1
Evening,Set1,Draw2,3,788,straight,14,"R4,R6",False,True,False,False,1
Evening,Set1,Draw2,2,0899,boxed,14,"R4,R8",False,False,False,False,2
Evening,Set1,Draw2,4,0799,straight,14,"R6,R8",False,True,False,False,1
Evening,Set1,Draw2,3,0799,straight,14,"R6,R8",False,True,False,False,1
Evening,Set1,Draw2,2,079,straight,14,"R6,R8",False,True,False,False,2
Evening,Set1,Draw2,1,079,straight,14,"R6,R8",False,True,False,False,2
Evening,Set1,Draw3,3,688,boxed,14,"R2,R4,R6,R8",False,True,False,False,1
Evening,Set1,Draw3,2,299,boxed,14,"R2,R4,R6",False,True,False,False,2
Evening,Set1,Draw3,2,0299,boxed,14,"R2,R4,R6",False,False,False,False,2
Evening,Set1,Draw3,3,099,boxed,14,"R4,R6,R8",False,True,False,False,1
Evening,Set1,Draw3,2,08899,boxed,14,"R4,R8",False,False,False,False,2
Evening,Set1,Draw3,3,0799,straight,14,"R6,R8",False,True,False,False,1
Evening,Set1,Draw3,2,079,straight,14,"R6,R8",False,True,False,False,2
Evening,Set1,Draw3,1,079,straight,14,"R6,R8",False,True,False,False,2
Evening,Set1,Draw4,2,6788,boxed,14,"R2,R4,R6",False,True,False,False,2
Evening,Set1,Draw4,2,7788,straight,14,"R4,R6",False,True,False,False,2
Evening,Set1,Draw4,2,099,boxed,14,"R4,R6,R8",False,True,False,False,2
Evening,Set1,Draw4,2,0799,straight,14,"R6,R8",False,True,False,False,2
Evening,Set1,Draw4,2,0779,straight,14,"R6,R8",False,True,False,False,2
Evening,Set1,Draw4,1,0799,straight,14,"R6,R8",False,True,False,False,2
Evening,Set1,Draw4,1,0779,straight,14,"R6,R8",False,True,False,False,2
Evening,Set1,Draw5,2,688,boxed,14,"R2,R4,R6,R8",False,True,False,False,2
Evening,Set1,Draw5,2,67788,boxed,14,"R2,R4,R6",False,True,False,False,2
Evening,Set1,Draw5,1,0899,boxed,14,"R2,R4,R8",False,True,False,False,2
Evening,Set1,Draw5,2,07799,straight,14,"R6,R8",False,True,False,False,2
Evening,Set1,Draw5,1,07799,straight,14,"R6,R8",False,True,False,False,2
Evening,Set1,Draw6,1,008899,boxed,14,"R2,R4,R8",False,True,False,False,1
Evening,Set1,Draw6,1,00599,boxed,14,"R2,R4,R6",True,True,False,False,1
Evening,Set1,Draw6,1,007788,boxed,14,"R2,R4,R6",False,True,False,False,1
Combined,Set1,Draw2,3,067,boxed,14,"R2,R4,R6",False,True,False,False,1
Combined,Set1,Draw2,3,059,boxed,14,"R2,R4,R6",True,True,False,False,1
Combined,Set1,Draw5,1,059,boxed,14,"R2,R4,R6",True,True,False,False,2
Midday,Set3,Draw1,4,477,straight,13,"R2,R4",False,True,False,False,1
Midday,Set3,Draw1,4,479,boxed,13,"R2,R4,R6,R8",True,True,False,False,1
Midday,Set1,Draw3,2,133,straight,13,"R2,R8",False,True,False,False,2
Midday,Set1,Draw3,2,3345,boxed,13,"R4,R6,R8",False,True,False,False,2
Midday,Set1,Draw4,2,336,boxed,13,"R2,R4,R8",False,True,False,False,2
Midday,Set1,Draw5,2,1336,straight,13,"R2,R8",True,True,False,False,2
Evening,Set3,Draw1,6,0229,boxed,13,"R2,R4",False,False,False,False,0
Evening,Set3,Draw1,5,0229,boxed,13,"R2,R4",False,False,False,False,0
Evening,Set3,Draw1,4,229,boxed,13,"R2,R4",False,False,False,False,1
Evening,Set3,Draw1,3,229,boxed,13,"R2,R4",False,False,False,False,1
Evening,Set3,Draw1,4,0089,boxed,13,"R4,R6,R8",False,False,False,False,1
Evening,Set3,Draw1,4,009,boxed,13,"R4,R6,R8",False,True,False,False,1
Evening,Set3,Draw1,2,029,boxed,13,"R4,R6",False,False,False,False,1
Evening,Set3,Draw1,1,029,boxed,13,"R4,R6",False,False,False,False,1
Evening,Set3,Draw1,4,223,straight,13,"R6,R8",False,True,False,False,1
Evening,Set3,Draw1,3,223,straight,13,"R6,R8",False,True,False,False,1
Evening,Set2,Draw1,7,388,boxed,13,"R2,R4,R8",True,True,False,False,0
Evening,Set2,Draw1,6,388,boxed,13,"R2,R4,R8",True,True,False,False,0
Evening,Set2,Draw1,5,388,boxed,13,"R2,R4,R8",True,True,False,False,0
Evening,Set2,Draw1,4,0229,boxed,13,"R2,R4",False,False,False,False,1
Evening,Set2,Draw1,3,029,boxed,13,"R4,R6",False,False,False,False,1
Evening,Set2,Draw1,2,029,boxed,13,"R4,R6",False,False,False,False,1
Evening,Set1,Draw1,5,388,boxed,13,"R2,R4,R8",True,True,False,False,1
Evening,Set1,Draw1,5,02299,boxed,13,"R2,R4",False,False,False,False,1
Evening,Set1,Draw1,5,088,boxed,13,"R4,R6",False,False,False,False,1
Evening,Set1,Draw1,3,0299,boxed,13,"R4,R6",False,False,False,False,2
Evening,Set1,Draw1,3,0889,boxed,13,"R4,R6",False,False,False,False,2
Evening,Set1,Draw1,2,0889,boxed,13,"R4,R6",False,False,False,False,2
Evening,Set1,Draw1,5,8899,straight,13,R8,False,False,False,False,1
Evening,Set1,Draw1,4,8899,straight,13,R8,False,False,False,False,1
Evening,Set1,Draw1,3,899,straight,13,R8,False,False,False,False,2
Evening,Set1,Draw1,3,889,straight,13,R8,False,False,False,False,2
Evening,Set1,Draw1,2,899,straight,13,R8,False,False,False,False,2
Evening,Set1,Draw1,2,889,straight,13,R8,False,False,False,False,2
Evening,Set1,Draw1,1,899,straight,13,R8,False,False,False,False,2
Evening,Set1,Draw1,1,889,straight,13,R8,False,False,False,False,2
Evening,Set1,Draw2,4,229,boxed,13,"R2,R4,R6",False,True,False,False,1
Evening,Set1,Draw2,3,229,boxed,13,"R2,R4,R6",False,True,False,False,1
Evening,Set1,Draw2,2,088,straight,13,"R2,R4",False,True,False,False,2
Evening,Set1,Draw2,1,088,straight,13,"R2,R4",False,True,False,False,2
Evening,Set1,Draw2,5,0799,straight,13,"R6,R8",False,True,False,False,0
Evening,Set1,Draw2,4,079,straight,13,"R6,R8",False,True,False,False,1
Evening,Set1,Draw2,3,079,straight,13,"R6,R8",False,True,False,False,1
Evening,Set1,Draw2,4,08899,straight,13,R8,False,False,False,False,1
Evening,Set1,Draw2,3,08899,straight,13,R8,False,False,False,False,1
Evening,Set1,Draw2,2,8899,straight,13,R8,False,False,False,False,2
Evening,Set1,Draw2,1,8899,straight,13,R8,False,False,False,False,2
Evening,Set1,Draw3,3,299,boxed,13,"R2,R4,R6",False,True,False,False,1
Evening,Set1,Draw3,3,6788,boxed,13,"R2,R4,R6",False,True,False,False,1
Evening,Set1,Draw3,3,02299,boxed,13,"R2,R4,R6",False,False,False,False,1
Evening,Set1,Draw3,3,2299,boxed,13,"R2,R4,R6",False,True,False,False,1
Evening,Set1,Draw3,5,099,boxed,13,"R4,R6,R8",False,True,False,False,0
Evening,Set1,Draw3,4,099,boxed,13,"R4,R6,R8",False,True,False,False,0
Evening,Set1,Draw3,3,788,straight,13,"R4,R6",False,True,False,False,1
Evening,Set1,Draw3,2,0899,boxed,13,"R4,R8",False,False,False,False,2
Evening,Set1,Draw3,5,0799,straight,13,"R6,R8",False,True,False,False,0
Evening,Set1,Draw3,4,0799,straight,13,"R6,R8",False,True,False,False,0
Evening,Set1,Draw3,3,079,straight,13,"R6,R8",False,True,False,False,1
Evening,Set1,Draw4,3,667788,boxed,13,"R2,R4,R6",False,True,False,False,0
Evening,Set1,Draw4,3,6688,boxed,13,"R2,R4,R6,R8",False,True,False,False,0
Evening,Set1,Draw4,3,688,boxed,13,"R2,R4,R6,R8",False,True,False,False,0
Evening,Set1,Draw4,2,299,boxed,13,"R2,R4,R6",False,True,False,False,2
Evening,Set1,Draw4,2,0299,boxed,13,"R2,R4,R6",False,False,False,False,2
Evening,Set1,Draw4,2,778,straight,13,"R4,R6",False,True,False,False,2
Evening,Set1,Draw4,2,788,straight,13,"R4,R6",False,True,False,False,2
Evening,Set1,Draw4,4,07799,straight,13,"R6,R8",False,True,False,False,0
Evening,Set1,Draw4,3,07799,straight,13,"R6,R8",False,True,False,False,0
Evening,Set1,Draw4,2,077,straight,13,"R6,R8",False,True,False,False,2
Evening,Set1,Draw4,2,079,straight,13,"R6,R8",False,True,False,False,2
Evening,Set1,Draw4,1,079,straight,13,"R6,R8",False,True,False,False,2
Evening,Set1,Draw4,1,077,straight,13,"R6,R8",False,True,False,False,2
Evening,Set1,Draw5,2,6788,boxed,13,"R2,R4,R6",False,True,False,False,2
Evening,Set1,Draw5,2,7788,straight,13,"R4,R6",False,True,False,False,2
Evening,Set1,Draw5,2,099,boxed,13,"R4,R6,R8",False,True,False,False,2
Evening,Set1,Draw5,2,0799,straight,13,"R6,R8",False,True,False,False,2
Evening,Set1,Draw5,2,0779,straight,13,"R6,R8",False,True,False,False,2
Evening,Set1,Draw5,1,0799,straight,13,"R6,R8",False,True,False,False,2
Evening,Set1,Draw5,1,0779,straight,13,"R6,R8",False,True,False,False,2
Evening,Set1,Draw6,1,00899,boxed,13,"R2,R4,R8",False,True,False,False,1
Evening,Set1,Draw6,1,0599,boxed,13,"R2,R4,R6",True,True,False,False,1
Evening,Set1,Draw6,1,07788,boxed,13,"R2,R4,R6",False,True,False,False,1
Evening,Set1,Draw7,1,005599,boxed,13,"R2,R4,R6",True,True,False,False,0
Combined,Set3,Draw1,3,029,boxed,13,"R2,R4,R6",False,False,False,False,1
Combined,Set3,Draw1,2,267,boxed,13,"R2,R4,R6,R8",True,True,False,False,1
Combined,Set3,Draw1,4,079,straight,13,"R6,R8",False,True,False,False,1
Combined,Set3,Draw1,3,079,straight,13,"R6,R8",False,True,False,False,1
Combined,Set2,Draw1,3,267,boxed,13,"R2,R4,R6,R8",True,True,False,False,1
Combined,Set1,Draw2,4,0667,boxed,13,"R2,R4,R6",False,True,False,False,1
Combined,Set1,Draw2,2,069,boxed,13,"R2,R4,R8",False,True,False,False,2
Combined,Set1,Draw2,2,079,straight,13,"R6,R8",False,True,False,False,2
Combined,Set1,Draw3,3,059,boxed,13,"R2,R4,R6",True,True,False,False,1
Combined,Set1,Draw3,2,069,boxed,13,"R2,R4,R8",False,True,False,False,2
Combined,Set1,Draw5,1,177,boxed,13,"R2,R4,R6",False,True,False,False,2
Combined,Set1,Draw5,1,077,boxed,13,"R4,R6,R8",False,True,False,False,2
Midday,Set2,Draw1,5,177,boxed,12,"R4,R6,R8",False,True,False,False,0
Midday,Set1,Draw2,4,234,boxed,12,"R2,R6,R8",False,True,False,False,1
Midday,Set1,Draw2,4,239,boxed,12,"R4,R6,R8",False,True,False,False,1
Midday,Set1,Draw3,2,1337,boxed,12,"R2,R8",False,False,False,False,2
Midday,Set1,Draw3,3,3359,straight,12,"R4,R6",False,True,False,False,1
Midday,Set1,Draw4,2,133,straight,12,"R2,R8",False,True,False,False,2
Midday,Set1,Draw4,2,334,straight,12,"R4,R6",False,True,False,False,2
Midday,Set1,Draw5,2,0133,straight,12,"R2,R8",False,True,False,False,2
Midday,Set1,Draw5,2,336,boxed,12,"R2,R4,R8",False,True,False,False,2
Midday,Set1,Draw5,2,013,straight,12,"R2,R8",False,True,False,False,2
Midday,Set1,Draw5,1,013,straight,12,"R2,R8",False,True,False,False,2
Evening,Set3,Draw1,7,229,boxed,12,"R2,R4",False,False,False,False,0
Evening,Set3,Draw1,6,229,boxed,12,"R2,R4",False,False,False,False,0
Evening,Set3,Draw1,5,229,boxed,12,"R2,R4",False,False,False,False,0
Evening,Set3,Draw1,4,00229,boxed,12,"R2,R4",False,False,False,False,1
Evening,Set3,Draw1,7,0229,straight,12,R4,False,False,False,False,0
Evening,Set3,Draw1,7,009,boxed,12,"R4,R6,R8",False,True,False,False,0
Evening,Set3,Draw1,6,009,boxed,12,"R4,R6,R8",False,True,False,False,0
Evening,Set3,Draw1,5,0089,boxed,12,"R4,R6,R8",False,False,False,False,0
Evening,Set3,Draw1,5,009,boxed,12,"R4,R6,R8",False,True,False,False,0
Evening,Set3,Draw1,4,029,straight,12,R4,False,False,False,False,1
Evening,Set3,Draw1,3,029,straight,12,R4,False,False,False,False,1
Evening,Set3,Draw1,5,223,straight,12,"R6,R8",False,True,False,False,0
Evening,Set3,Draw1,4,089,straight,12,R8,False,False,False,False,1
Evening,Set2,Draw1,7,0229,boxed,12,"R2,R4",False,False,False,False,0
Evening,Set2,Draw1,6,0229,boxed,12,"R2,R4",False,False,False,False,0
Evening,Set2,Draw1,5,0229,boxed,12,"R2,R4",False,False,False,False,0
Evening,Set2,Draw1,4,229,boxed,12,"R2,R4",False,False,False,False,1
Evening,Set2,Draw1,4,029,straight,12,R4,False,False,False,False,1
Evening,Set2,Draw1,4,088,boxed,12,"R4,R6",False,False,False,False,1
Evening,Set2,Draw1,4,223,straight,12,"R6,R8",False,True,False,False,1
Evening,Set2,Draw1,4,889,straight,12,R8,False,False,False,False,1
Evening,Set2,Draw1,3,889,straight,12,R8,False,False,False,False,1
Evening,Set2,Draw1,2,889,straight,12,R8,False,False,False,False,1
Evening,Set2,Draw1,1,889,straight,12,R8,False,False,False,False,1
Evening,Set1,Draw1,7,388,boxed,12,"R2,R4,R8",True,True,False,False,0
Evening,Set1,Draw1,6,388,boxed,12,"R2,R4,R8",True,True,False,False,0
Evening,Set1,Draw1,6,02299,boxed,12,"R2,R4",False,False,False,False,0
Evening,Set1,Draw1,5,299,boxed,12,"R2,R4",False,False,False,False,1
Evening,Set1,Draw1,5,2299,boxed,12,"R2,R4",False,False,False,False,1
Evening,Set1,Draw1,3,0229,straight,12,R2,False,False,False,False,2
Evening,Set1,Draw1,6,008899,boxed,12,"R4,R6,R8",False,False,False,False,0
Evening,Set1,Draw1,6,088,boxed,12,"R4,R6",False,False,False,False,0
Evening,Set1,Draw1,5,0889,boxed,12,"R4,R6",False,False,False,False,1
Evening,Set1,Draw1,4,0299,boxed,12,"R4,R6",False,False,False,False,1
Evening,Set1,Draw1,4,0889,boxed,12,"R4,R6",False,False,False,False,1
Evening,Set1,Draw1,3,089,boxed,12,"R4,R6",False,False,False,False,2
Evening,Set1,Draw1,2,089,boxed,12,"R4,R6",False,False,False,False,2
Evening,Set1,Draw1,7,8899,straight,12,R8,False,False,False,False,0
Evening,Set1,Draw1,6,08899,straight,12,R8,False,False,False,False,0
Evening,Set1,Draw1,6,8899,straight,12,R8,False,False,False,False,0
Evening,Set1,Draw1,5,899,straight,12,R8,False,False,False,False,1
Evening,Set1,Draw1,5,889,straight,12,R8,False,False,False,False,1
Evening,Set1,Draw1,4,899,straight,12,R8,False,False,False,False,1
Evening,Set1,Draw1,4,889,straight,12,R8,False,False,False,False,1
Evening,Set1,Draw2,6,688,boxed,12,"R2,R4,R6",False,True,False,False,0
Evening,Set1,Draw2,5,688,boxed,12,"R2,R4,R6",False,True,False,False,0
Evening,Set1,Draw2,1,0889,straight,12,"R2,R4",False,True,False,False,2
Evening,Set1,Draw2,4,0299,boxed,12,"R4,R6",False,False,False,False,1
Evening,Set1,Draw2,3,0299,boxed,12,"R4,R6",False,False,False,False,1
Evening,Set1,Draw2,5,079,straight,12,"R6,R8",False,True,False,False,0
Evening,Set1,Draw2,4,0788,straight,12,R6,False,False,False,False,1
Evening,Set1,Draw2,3,0788,straight,12,R6,False,False,False,False,1
Evening,Set1,Draw2,2,078,straight,12,R6,False,False,False,False,2
Evening,Set1,Draw2,1,078,straight,12,R6,False,False,False,False,2
Evening,Set1,Draw2,6,08899,straight,12,R8,False,False,False,False,0
Evening,Set1,Draw2,5,08899,straight,12,R8,False,False,False,False,0
Evening,Set1,Draw2,4,8899,straight,12,R8,False,False,False,False,1
Evening,Set1,Draw2,4,0899,straight,12,R8,False,False,False,False,1
Evening,Set1,Draw2,3,8899,straight,12,R8,False,False,False,False,1
Evening,Set1,Draw2,3,0899,straight,12,R8,False,False,False,False,1
Evening,Set1,Draw2,2,899,straight,12,R8,False,False,False,False,2
Evening,Set1,Draw2,2,889,straight,12,R8,False,False,False,False,2
Evening,Set1,Draw2,1,899,straight,12,R8,False,False,False,False,2
Evening,Set1,Draw2,1,889,straight,12,R8,False,False,False,False,2
Evening,Set1,Draw3,3,229,boxed,12,"R2,R4,R6",False,True,False,False,1
Evening,Set1,Draw3,2,088,straight,12,"R2,R4",False,True,False,False,2
Evening,Set1,Draw3,1,0889,straight,12,"R2,R4",False,True,False,False,2
Evening,Set1,Draw3,1,088,straight,12,"R2,R4",False,True,False,False,2
Evening,Set1,Draw3,5,079,straight,12,"R6,R8",False,True,False,False,0
Evening,Set1,Draw3,4,079,straight,12,"R6,R8",False,True,False,False,0
Evening,Set1,Draw3,3,08899,straight,12,R8,False,False,False,False,1
Evening,Set1,Draw3,2,8899,straight,12,R8,False,False,False,False,2
Evening,Set1,Draw3,1,8899,straight,12,R8,False,False,False,False,2
Evening,Set1,Draw4,3,66788,boxed,12,"R2,R4,R6",False,True,False,False,0
Evening,Set1,Draw4,3,668,boxed,12,"R2,R4,R6,R8",False,True,False,False,0
Evening,Set1,Draw4,1,088,straight,12,"R2,R4",False,True,False,False,2
Evening,Set1,Draw4,4,099,boxed,12,"R4,R6,R8",False,True,False,False,0
Evening,Set1,Draw4,3,7788,straight,12,"R4,R6",False,True,False,False,0
Evening,Set1,Draw4,3,67788,straight,12,"R4,R6",False,True,False,False,0
Evening,Set1,Draw4,3,099,boxed,12,"R4,R6,R8",False,True,False,False,0
Evening,Set1,Draw4,4,0799,straight,12,"R6,R8",False,True,False,False,0
Evening,Set1,Draw4,4,0779,straight,12,"R6,R8",False,True,False,False,0
Evening,Set1,Draw4,3,0799,straight,12,"R6,R8",False,True,False,False,0
Evening,Set1,Draw4,3,0779,straight,12,"R6,R8",False,True,False,False,0
Evening,Set1,Draw4,2,07788,straight,12,R6,False,False,False,False,2
Evening,Set1,Draw4,2,08899,straight,12,R8,False,False,False,False,2
Evening,Set1,Draw5,3,667788,boxed,12,"R2,R4,R6",False,True,False,False,0
Evening,Set1,Draw5,3,6688,boxed,12,"R2,R4,R6,R8",False,True,False,False,0
Evening,Set1,Draw5,3,688,boxed,12,"R2,R4,R6,R8",False,True,False,False,0
Evening,Set1,Draw5,2,299,boxed,12,"R2,R4,R6",False,True,False,False,2
Evening,Set1,Draw5,2,0299,boxed,12,"R2,R4,R6",False,False,False,False,2
Evening,Set1,Draw5,1,088,straight,12,"R2,R4",False,True,False,False,2
Evening,Set1,Draw5,2,778,straight,12,"R4,R6",False,True,False,False,2
Evening,Set1,Draw5,2,788,straight,12,"R4,R6",False,True,False,False,2
Evening,Set1,Draw5,3,07799,straight,12,"R6,R8",False,True,False,False,0
Evening,Set1,Draw5,2,077,straight,12,"R6,R8",False,True,False,False,2
Evening,Set1,Draw5,2,079,straight,12,"R6,R8",False,True,False,False,2
Evening,Set1,Draw5,1,079,straight,12,"R6,R8",False,True,False,False,2
Evening,Set1,Draw5,1,077,straight,12,"R6,R8",False,True,False,False,2
Evening,Set1,Draw6,1,0099,boxed,12,"R2,R4,R8",False,True,False,False,1
Evening,Set1,Draw7,1,05599,boxed,12,"R2,R4,R6",True,True,False,False,0
Combined,Set3,Draw1,7,079,straight,12,"R6,R8",False,True,False,False,0
Combined,Set3,Draw1,6,079,straight,12,"R6,R8",False,True,False,False,0
Combined,Set3,Draw1,5,079,straight,12,"R6,R8",False,True,False,False,0
Combined,Set3,Draw1,4,039,straight,12,"R6,R8",False,True,False,False,1
Combined,Set2,Draw1,4,079,straight,12,"R6,R8",False,True,False,False,1
Combined,Set1,Draw1,5,299,boxed,12,"R2,R4,R6",False,True,False,False,1
Combined,Set1,Draw1,5,0299,boxed,12,"R2,R4,R6",False,False,False,False,1
Combined,Set1,Draw1,5,0667,boxed,12,"R2,R4,R6",False,True,False,False,1
Combined,Set1,Draw1,5,099,boxed,12,"R4,R6,R8",False,True,False,False,1
Combined,Set1,Draw1,5,0799,straight,12,"R6,R8",False,True,False,False,1
Combined,Set1,Draw2,5,00667,boxed,12,"R2,R4,R6",False,True,False,False,0
Combined,Set1,Draw2,5,0667,boxed,12,"R2,R4,R6",False,True,False,False,0
Combined,Set1,Draw2,4,259,boxed,12,"R2,R4,R6",False,True,False,False,1
Combined,Set1,Draw2,3,069,boxed,12,"R2,R4,R8",False,True,False,False,1
Combined,Set1,Draw3,3,069,boxed,12,"R2,R4,R8",False,True,False,False,1
Combined,Set1,Draw3,2,067,boxed,12,"R2,R4,R6",False,True,False,False,2
Combined,Set1,Draw3,2,079,straight,12,"R6,R8",False,True,False,False,2
Combined,Set1,Draw4,3,059,straight,12,"R2,R4",True,True,False,False,0
Combined,Set1,Draw4,3,0559,boxed,12,"R2,R4,R6",True,True,False,False,0
Combined,Set1,Draw4,2,167,boxed,12,"R2,R4,R6",True,False,False,False,2
Combined,Set1,Draw5,2,1677,boxed,12,"R2,R4,R6",True,False,False,False,2
Combined,Set1,Draw5,2,259,boxed,12,"R2,R4,R6",False,True,False,False,2
Combined,Set1,Draw5,2,077,straight,12,"R6,R8",False,True,False,False,2
Midday,Set3,Draw1,7,249,straight,11,"R2,R6",True,True,False,False,0
Midday,Set3,Draw1,6,249,straight,11,"R2,R6",True,True,False,False,0
Midday,Set3,Draw1,5,249,straight,11,"R2,R6",True,True,False,False,0
Midday,Set2,Draw1,7,2499,straight,11,"R2,R6",True,True,False,False,0
Midday,Set2,Draw1,7,668,boxed,11,"R2,R4,R6,R8",False,True,False,False,0
Midday,Set2,Draw1,6,2499,straight,11,"R2,R6",True,True,False,False,0
Midday,Set2,Draw1,4,1477,boxed,11,"R2,R4",False,False,False,False,1
Midday,Set1,Draw1,7,688,boxed,11,"R2,R4,R6,R8",False,True,False,False,0
Midday,Set1,Draw1,6,177,boxed,11,"R4,R6,R8",False,True,False,False,0
Midday,Set1,Draw2,5,239,boxed,11,"R4,R6,R8",False,True,False,False,0
Midday,Set1,Draw2,4,379,straight,11,"R6,R8",False,True,False,False,1
Midday,Set1,Draw2,4,3779,straight,11,"R6,R8",False,True,False,False,1
Midday,Set1,Draw2,4,779,straight,11,"R6,R8",False,True,False,False,1
Midday,Set1,Draw2,3,379,straight,11,"R6,R8",False,True,False,False,1
Midday,Set1,Draw3,2,1334,boxed,11,"R2,R8",False,False,False,False,2
Midday,Set1,Draw3,1,137,boxed,11,"R2,R6,R8",False,False,False,False,2
Midday,Set1,Draw3,1,134,boxed,11,"R2,R8",False,False,False,False,2
Midday,Set1,Draw3,5,3359,straight,11,"R4,R6",False,True,False,False,0
Midday,Set1,Draw3,4,3359,straight,11,"R4,R6",False,True,False,False,0
Midday,Set1,Draw3,3,359,straight,11,"R4,R6",False,True,False,False,1
Midday,Set1,Draw3,1,347,boxed,11,"R4,R6",False,False,False,False,2
Midday,Set1,Draw4,4,336,boxed,11,"R2,R4,R8",False,True,False,False,0
Midday,Set1,Draw4,3,336,boxed,11,"R2,R4,R8",False,True,False,False,0
Midday,Set1,Draw4,1,136,straight,11,"R2,R8",True,True,False,False,2
Midday,Set1,Draw4,2,3346,boxed,11,"R4,R8",False,False,False,False,2
Midday,Set1,Draw4,2,167,straight,11,R6,True,False,False,False,2
Midday,Set1,Draw4,1,167,straight,11,R6,True,False,False,False,2
Midday,Set1,Draw5,2,133,straight,11,"R2,R8",False,True,False,False,2
Midday,Set1,Draw5,1,136,straight,11,"R2,R8",True,True,False,False,2
Midday,Set1,Draw6,1,366,boxed,11,"R2,R4,R8",False,True,False,False,1
Evening,Set3,Draw1,6,00229,boxed,11,"R2,R4",False,False,False,False,0
Evening,Set3,Draw1,5,00229,boxed,11,"R2,R4",False,False,False,False,0
Evening,Set3,Draw1,4,022,straight,11,R2,False,False,False,False,1
Evening,Set3,Draw1,4,038,boxed,11,"R2,R4",True,False,False,False,1
Evening,Set3,Draw1,4,0038,boxed,11,"R2,R4",True,False,False,False,1
Evening,Set3,Draw1,3,022,straight,11,R2,False,False,False,False,1
Evening,Set3,Draw1,3,038,boxed,11,"R2,R4",True,False,False,False,1
Evening,Set3,Draw1,2,022,straight,11,R2,False,False,False,False,1
Evening,Set3,Draw1,1,022,straight,11,R2,False,False,False,False,1
Evening,Set3,Draw1,7,029,straight,11,R4,False,False,False,False,0
Evening,Set3,Draw1,6,029,straight,11,R4,False,False,False,False,0
Evening,Set3,Draw1,5,029,straight,11,R4,False,False,False,False,0
Evening,Set3,Draw1,7,089,straight,11,R8,False,False,False,False,0
Evening,Set3,Draw1,6,089,straight,11,R8,False,False,False,False,0
Evening,Set3,Draw1,5,089,straight,11,R8,False,False,False,False,0
Evening,Set3,Draw1,4,389,straight,11,R8,True,False,False,False,1
Evening,Set3,Draw1,3,389,straight,11,R8,True,False,False,False,1
Evening,Set2,Draw1,7,229,boxed,11,"R2,R4",False,False,False,False,0
Evening,Set2,Draw1,6,229,boxed,11,"R2,R4",False,False,False,False,0
Evening,Set2,Draw1,5,229,boxed,11,"R2,R4",False,False,False,False,0
Evening,Set2,Draw1,4,022,straight,11,R2,False,False,False,False,1
Evening,Set2,Draw1,4,0388,boxed,11,"R2,R4",True,False,False,False,1
Evening,Set2,Draw1,3,022,straight,11,R2,False,False,False,False,1
Evening,Set2,Draw1,2,022,straight,11,R2,False,False,False,False,1
Evening,Set2,Draw1,7,029,straight,11,R4,False,False,False,False,0
Evening,Set2,Draw1,6,00889,boxed,11,"R4,R6,R8",False,False,False,False,0
Evening,Set2,Draw1,6,029,straight,11,R4,False,False,False,False,0
Evening,Set2,Draw1,6,088,boxed,11,"R4,R6",False,False,False,False,0
Evening,Set2,Draw1,6,009,boxed,11,"R4,R6,R8",False,True,False,False,0
Evening,Set2,Draw1,5,00889,boxed,11,"R4,R6,R8",False,False,False,False,0
Evening,Set2,Draw1,5,029,straight,11,R4,False,False,False,False,0
Evening,Set2,Draw1,5,088,boxed,11,"R4,R6",False,False,False,False,0
Evening,Set2,Draw1,5,009,boxed,11,"R4,R6,R8",False,True,False,False,0
Evening,Set2,Draw1,6,223,straight,11,"R6,R8",False,True,False,False,0
Evening,Set2,Draw1,5,223,straight,11,"R6,R8",False,True,False,False,0
Evening,Set2,Draw1,7,889,straight,11,R8,False,False,False,False,0
Evening,Set2,Draw1,6,889,straight,11,R8,False,False,False,False,0
Evening,Set2,Draw1,6,0889,straight,11,R8,False,False,False,False,0
Evening,Set2,Draw1,5,889,straight,11,R8,False,False,False,False,0
Evening,Set2,Draw1,5,0889,straight,11,R8,False,False,False,False,0
Evening,Set2,Draw1,4,3889,straight,11,R8,True,False,False,False,1
Evening,Set2,Draw1,4,22388,straight,11,R8,True,False,False,False,1
Evening,Set1,Draw1,7,02299,straight,11,R2,False,False,False,False,0
Evening,Set1,Draw1,6,299,boxed,11,"R2,R4",False,False,False,False,0
Evening,Set1,Draw1,6,2299,boxed,11,"R2,R4",False,False,False,False,0
Evening,Set1,Draw1,5,0229,straight,11,R2,False,False,False,False,1
Evening,Set1,Draw1,5,229,boxed,11,"R2,R4",False,False,False,False,1
Evening,Set1,Draw1,5,0388,boxed,11,"R2,R4",True,False,False,False,1
Evening,Set1,Draw1,4,0229,straight,11,R2,False,False,False,False,1
Evening,Set1,Draw1,3,022,straight,11,R2,False,False,False,False,2
Evening,Set1,Draw1,7,099,straight,11,R4,False,False,False,False,0
Evening,Set1,Draw1,7,088,straight,11,R4,False,False,False,False,0
Evening,Set1,Draw1,6,00899,boxed,11,"R4,R6,R8",False,False,False,False,0
Evening,Set1,Draw1,6,0099,boxed,11,"R4,R6,R8",False,True,False,False,0
Evening,Set1,Draw1,5,0299,straight,11,R4,False,False,False,False,1
Evening,Set1,Draw1,5,089,boxed,11,"R4,R6",False,False,False,False,1
Evening,Set1,Draw1,4,089,boxed,11,"R4,R6",False,False,False,False,1
Evening,Set1,Draw1,5,223,straight,11,"R6,R8",False,True,False,False,1
Evening,Set1,Draw1,7,899,straight,11,R8,False,False,False,False,0
Evening,Set1,Draw1,7,889,straight,11,R8,False,False,False,False,0
Evening,Set1,Draw1,6,899,straight,11,R8,False,False,False,False,0
Evening,Set1,Draw1,6,889,straight,11,R8,False,False,False,False,0
Evening,Set1,Draw1,6,0899,straight,11,R8,False,False,False,False,0
Evening,Set1,Draw1,5,38899,straight,11,R8,True,False,False,False,1
Evening,Set1,Draw1,5,22388,straight,11,R8,True,False,False,False,1
Evening,Set1,Draw1,3,228899,straight,11,R8,False,False,False,False,2
Evening,Set1,Draw1,3,28899,straight,11,R8,False,False,False,False,2
Evening,Set1,Draw1,2,28899,straight,11,R8,False,False,False,False,2
Evening,Set1,Draw2,6,02299,boxed,11,"R2,R4",False,False,False,False,0
Evening,Set1,Draw2,6,3688,boxed,11,"R2,R4,R8",True,False,False,False,0
Evening,Set1,Draw2,6,388,boxed,11,"R2,R4,R8",True,True,False,False,0
Evening,Set1,Draw2,5,388,boxed,11,"R2,R4,R8",True,True,False,False,0
Evening,Set1,Draw2,5,02299,boxed,11,"R2,R4",False,False,False,False,0
Evening,Set1,Draw2,5,3688,boxed,11,"R2,R4,R8",True,False,False,False,0
Evening,Set1,Draw2,4,0688,boxed,11,"R2,R4",False,False,False,False,1
Evening,Set1,Draw2,3,0688,boxed,11,"R2,R4",False,False,False,False,1
Evening,Set1,Draw2,1,089,straight,11,"R2,R4",False,True,False,False,2
Evening,Set1,Draw2,6,0788,straight,11,R6,False,False,False,False,0
Evening,Set1,Draw2,5,0788,straight,11,R6,False,False,False,False,0
Evening,Set1,Draw2,4,078,straight,11,R6,False,False,False,False,1
Evening,Set1,Draw2,3,078,straight,11,R6,False,False,False,False,1
Evening,Set1,Draw2,6,0899,straight,11,R8,False,False,False,False,0
Evening,Set1,Draw2,6,8899,straight,11,R8,False,False,False,False,0
Evening,Set1,Draw2,5,8899,straight,11,R8,False,False,False,False,0
Evening,Set1,Draw2,5,0899,straight,11,R8,False,False,False,False,0
Evening,Set1,Draw2,4,899,straight,11,R8,False,False,False,False,1
Evening,Set1,Draw2,4,889,straight,11,R8,False,False,False,False,1
Evening,Set1,Draw2,3,899,straight,11,R8,False,False,False,False,1
Evening,Set1,Draw2,3,889,straight,11,R8,False,False,False,False,1
Evening,Set1,Draw3,5,688,boxed,11,"R2,R4,R6",False,True,False,False,0
Evening,Set1,Draw3,5,388,boxed,11,"R2,R4,R8",True,True,False,False,0
Evening,Set1,Draw3,5,33688,boxed,11,"R2,R4,R8",True,False,False,False,0
Evening,Set1,Draw3,5,3388,boxed,11,"R2,R4,R8",True,True,False,False,0
Evening,Set1,Draw3,4,688,boxed,11,"R2,R4,R6",False,True,False,False,0
Evening,Set1,Draw3,4,388,boxed,11,"R2,R4,R8",True,True,False,False,0
Evening,Set1,Draw3,4,3688,boxed,11,"R2,R4,R8",True,False,False,False,0
Evening,Set1,Draw3,1,089,straight,11,"R2,R4",False,True,False,False,2
Evening,Set1,Draw3,3,0299,boxed,11,"R4,R6",False,False,False,False,1
Evening,Set1,Draw3,3,0788,straight,11,R6,False,False,False,False,1
Evening,Set1,Draw3,2,078,straight,11,R6,False,False,False,False,2
Evening,Set1,Draw3,1,078,straight,11,R6,False,False,False,False,2
Evening,Set1,Draw3,5,08899,straight,11,R8,False,False,False,False,0
Evening,Set1,Draw3,4,08899,straight,11,R8,False,False,False,False,0
Evening,Set1,Draw3,3,8899,straight,11,R8,False,False,False,False,1
Evening,Set1,Draw3,3,0899,straight,11,R8,False,False,False,False,1
Evening,Set1,Draw3,2,899,straight,11,R8,False,False,False,False,2
Evening,Set1,Draw3,2,889,straight,11,R8,False,False,False,False,2
Evening,Set1,Draw3,1,899,straight,11,R8,False,False,False,False,2
Evening,Set1,Draw3,1,889,straight,11,R8,False,False,False,False,2
Evening,Set1,Draw4,4,6688,boxed,11,"R2,R4,R6",False,True,False,False,0
Evening,Set1,Draw4,4,36688,boxed,11,"R2,R4,R8",True,False,False,False,0
Evening,Set1,Draw4,4,688,boxed,11,"R2,R4,R6",False,True,False,False,0
Evening,Set1,Draw4,3,299,boxed,11,"R2,R4,R6",False,True,False,False,0
Evening,Set1,Draw4,3,02299,boxed,11,"R2,R4,R6",False,False,False,False,0
Evening,Set1,Draw4,3,2299,boxed,11,"R2,R4,R6",False,True,False,False,0
Evening,Set1,Draw4,1,0788,straight,11,"R2,R4",False,True,False,False,2
Evening,Set1,Draw4,1,0889,straight,11,"R2,R4",False,True,False,False,2
Evening,Set1,Draw4,3,788,straight,11,"R4,R6",False,True,False,False,0
Evening,Set1,Draw4,3,6788,straight,11,"R4,R6",False,True,False,False,0
Evening,Set1,Draw4,3,778,straight,11,"R4,R6",False,True,False,False,0
Evening,Set1,Draw4,4,079,straight,11,"R6,R8",False,True,False,False,0
Evening,Set1,Draw4,4,077,straight,11,"R6,R8",False,True,False,False,0
Evening,Set1,Draw4,3,079,straight,11,"R6,R8",False,True,False,False,0
Evening,Set1,Draw4,3,077,straight,11,"R6,R8",False,True,False,False,0
Evening,Set1,Draw4,2,0778,straight,11,R6,False,False,False,False,2
Evening,Set1,Draw4,1,0778,straight,11,R6,False,False,False,False,2
Evening,Set1,Draw4,2,8899,straight,11,R8,False,False,False,False,2
Evening,Set1,Draw4,2,0899,straight,11,R8,False,False,False,False,2
Evening,Set1,Draw4,1,8899,straight,11,R8,False,False,False,False,2
Evening,Set1,Draw5,3,66788,boxed,11,"R2,R4,R6",False,True,False,False,0
Evening,Set1,Draw5,3,668,boxed,11,"R2,R4,R6,R8",False,True,False,False,0
Evening,Set1,Draw5,1,0788,straight,11,"R2,R4",False,True,False,False,2
Evening,Set1,Draw5,1,0889,straight,11,"R2,R4",False,True,False,False,2
Evening,Set1,Draw5,3,7788,straight,11,"R4,R6",False,True,False,False,0
Evening,Set1,Draw5,3,67788,straight,11,"R4,R6",False,True,False,False,0
Evening,Set1,Draw5,3,099,boxed,11,"R4,R6,R8",False,True,False,False,0
Evening,Set1,Draw5,3,0799,straight,11,"R6,R8",False,True,False,False,0
Evening,Set1,Draw5,3,0779,straight,11,"R6,R8",False,True,False,False,0
Evening,Set1,Draw5,2,07788,straight,11,R6,False,False,False,False,2
Evening,Set1,Draw5,2,08899,straight,11,R8,False,False,False,False,2
Evening,Set1,Draw6,2,67788,boxed,11,"R2,R4,R6",False,True,False,False,0
Evening,Set1,Draw6,2,688,boxed,11,"R2,R4,R6,R8",False,True,False,False,0
Evening,Set1,Draw6,1,00889,straight,11,"R2,R4",False,True,False,False,1
Evening,Set1,Draw6,1,099,boxed,11,"R2,R4,R8",False,True,False,False,1
Evening,Set1,Draw6,1,00788,straight,11,"R2,R4",False,True,False,False,1
Evening,Set1,Draw6,1,0088,straight,11,"R2,R4",False,True,False,False,1
Evening,Set1,Draw6,1,009,boxed,11,"R2,R4,R8",False,True,False,False,1
Evening,Set1,Draw6,1,0077,straight,11,"R6,R8",False,True,False,False,1
Evening,Set1,Draw7,1,00599,straight,11,"R2,R4",True,True,False,False,0
Combined,Set3,Draw1,4,029,boxed,11,"R2,R4",False,False,False,False,1
Combined,Set3,Draw1,3,067,boxed,11,"R2,R4,R6",False,True,False,False,1
Combined,Set3,Draw1,3,069,boxed,11,"R4,R8",False,False,False,False,1
Combined,Set3,Draw1,7,0779,straight,11,"R6,R8",False,True,False,False,0
Combined,Set3,Draw1,6,039,straight,11,"R6,R8",False,True,False,False,0
Combined,Set3,Draw1,6,0779,straight,11,"R6,R8",False,True,False,False,0
Combined,Set3,Draw1,5,039,straight,11,"R6,R8",False,True,False,False,0
Combined,Set3,Draw1,5,0779,straight,11,"R6,R8",False,True,False,False,0
Combined,Set2,Draw1,4,067,boxed,11,"R2,R4,R6",False,True,False,False,1
Combined,Set2,Draw1,4,029,boxed,11,"R2,R4,R6",False,False,False,False,1
Combined,Set2,Draw1,6,079,straight,11,"R6,R8",False,True,False,False,0
Combined,Set2,Draw1,5,079,straight,11,"R6,R8",False,True,False,False,0
Combined,Set1,Draw1,6,667,straight,11,"R2,R6",False,True,False,False,0
Combined,Set1,Draw1,5,066,straight,11,"R2,R4",False,True,False,False,1
Combined,Set1,Draw1,4,2669,boxed,11,"R2,R4,R8",False,False,False,False,1
Combined,Set1,Draw1,7,099,boxed,11,"R4,R6,R8",False,True,False,False,0
Combined,Set1,Draw1,6,099,boxed,11,"R4,R6,R8",False,True,False,False,0
Combined,Set1,Draw1,5,06699,boxed,11,"R4,R8",False,False,False,False,1
Combined,Set1,Draw1,7,0799,straight,11,"R6,R8",False,True,False,False,0
Combined,Set1,Draw1,6,0799,straight,11,"R6,R8",False,True,False,False,0
Combined,Set1,Draw1,5,079,straight,11,"R6,R8",False,True,False,False,1
Combined,Set1,Draw2,5,2599,boxed,11,"R2,R4,R6",False,True,False,False,0
Combined,Set1,Draw2,4,066,straight,11,"R2,R4",False,True,False,False,1
Combined,Set1,Draw2,4,059,boxed,11,"R4,R6",True,False,False,False,1
Combined,Set1,Draw3,5,668,boxed,11,"R2,R4,R6,R8",False,True,False,False,0
Combined,Set1,Draw3,3,067,boxed,11,"R2,R4,R6",False,True,False,False,1
Combined,Set1,Draw4,2,057,straight,11,R6,True,False,False,False,2
Combined,Set1,Draw4,2,017,boxed,11,"R6,R8",False,False,False,False,2
Combined,Set1,Draw4,1,057,straight,11,R6,True,False,False,False,2
Combined,Set1,Draw5,2,677,straight,11,"R2,R4",False,True,False,False,2
Combined,Set1,Draw5,2,059,boxed,11,"R4,R6",True,False,False,False,2
Combined,Set1,Draw5,2,0177,boxed,11,"R6,R8",False,False,False,False,2
Combined,Set1,Draw5,2,0577,straight,11,R6,True,False,False,False,2
Combined,Set1,Draw5,1,0577,straight,11,R6,True,False,False,False,2
Combined,Set1,Draw6,1,3449,straight,11,"R6,R8",True,True,False,False,1
Midday,Set3,Draw1,6,009,boxed,10,"R4,R6,R8",False,True,False,False,0
Midday,Set3,Draw1,7,077,straight,10,"R6,R8",False,True,False,False,0
Midday,Set3,Draw1,7,0077,straight,10,"R6,R8",False,True,False,False,0
Midday,Set3,Draw1,6,077,straight,10,"R6,R8",False,True,False,False,0
Midday,Set3,Draw1,6,00779,straight,10,"R6,R8",False,True,False,False,0
Midday,Set3,Draw1,6,0077,straight,10,"R6,R8",False,True,False,False,0
Midday,Set3,Draw1,5,077,straight,10,"R6,R8",False,True,False,False,0
Midday,Set2,Draw1,7,299,boxed,10,"R2,R4,R6",False,True,False,False,0
Midday,Set2,Draw1,7,249,straight,10,"R2,R6",True,True,False,False,0
Midday,Set2,Draw1,6,299,boxed,10,"R2,R4,R6",False,True,False,False,0
Midday,Set2,Draw1,6,249,straight,10,"R2,R6",True,True,False,False,0
Midday,Set2,Draw1,5,4699,straight,10,"R4,R8",True,True,False,False,0
Midday,Set1,Draw1,7,2499,straight,10,"R2,R6",True,True,False,False,0
Midday,Set1,Draw1,5,1477,boxed,10,"R2,R4",False,False,False,False,1
Midday,Set1,Draw2,6,177,boxed,10,"R4,R6,R8",False,True,False,False,0
Midday,Set1,Draw2,5,177,boxed,10,"R4,R6,R8",False,True,False,False,0
Midday,Set1,Draw2,5,2344,straight,10,"R6,R8",False,True,False,False,0
Midday,Set1,Draw2,5,234,straight,10,"R6,R8",False,True,False,False,0
Midday,Set1,Draw3,3,1337,straight,10,R2,False,False,False,False,1
Midday,Set1,Draw3,2,337,straight,10,R2,False,False,False,False,2
Midday,Set1,Draw3,2,134,straight,10,R2,False,False,False,False,2
Midday,Set1,Draw3,5,1177,boxed,10,"R4,R6,R8",False,True,False,False,0
Midday,Set1,Draw3,5,177,boxed,10,"R4,R6,R8",False,True,False,False,0
Midday,Set1,Draw3,5,359,straight,10,"R4,R6",False,True,False,False,0
Midday,Set1,Draw3,4,177,boxed,10,"R4,R6,R8",False,True,False,False,0
Midday,Set1,Draw3,4,359,straight,10,"R4,R6",False,True,False,False,0
Midday,Set1,Draw3,2,335,straight,10,"R4,R6",False,True,False,False,2
Midday,Set1,Draw3,2,347,straight,10,R4,False,False,False,False,2
Midday,Set1,Draw3,2,3347,straight,10,R4,False,False,False,False,2
Midday,Set1,Draw3,5,2339,straight,10,"R6,R8",False,True,False,False,0
Midday,Set1,Draw3,5,23344,straight,10,"R6,R8",False,True,False,False,0
Midday,Set1,Draw3,5,2334,straight,10,"R6,R8",False,True,False,False,0
Midday,Set1,Draw3,4,2339,straight,10,"R6,R8",False,True,False,False,0
Midday,Set1,Draw3,4,2334,straight,10,"R6,R8",False,True,False,False,0
Midday,Set1,Draw4,2,3367,straight,10,R2,False,False,False,False,2
Midday,Set1,Draw4,2,367,straight,10,R2,False,False,False,False,2
Midday,Set1,Draw4,2,455,boxed,10,"R2,R8",False,False,False,False,2
Midday,Set1,Draw4,1,367,straight,10,R2,False,False,False,False,2
Midday,Set1,Draw4,3,334,straight,10,"R4,R6",False,True,False,False,0
Midday,Set1,Draw4,2,3347,straight,10,R4,False,False,False,False,2
Midday,Set1,Draw4,2,347,straight,10,R4,False,False,False,False,2
Midday,Set1,Draw4,1,347,straight,10,R4,False,False,False,False,2
Midday,Set1,Draw4,1,346,boxed,10,"R4,R8",False,False,False,False,2
Midday,Set1,Draw5,3,336,boxed,10,"R2,R4,R8",False,True,False,False,0
Midday,Set1,Draw5,2,2455,boxed,10,"R2,R8",False,False,False,False,2
Midday,Set1,Draw5,2,245,boxed,10,"R2,R8",False,False,False,False,2
Midday,Set1,Draw5,1,245,boxed,10,"R2,R8",False,False,False,False,2
Midday,Set1,Draw5,2,055,boxed,10,"R4,R6",True,False,False,False,2
Midday,Set1,Draw5,2,017,boxed,10,"R6,R8",False,False,False,False,2
Midday,Set1,Draw5,2,167,straight,10,R6,True,False,False,False,2
Midday,Set1,Draw5,2,03355,straight,10,R6,True,False,False,False,2
Midday,Set1,Draw5,1,017,boxed,10,"R6,R8",False,False,False,False,2
Midday,Set1,Draw5,1,167,straight,10,R6,True,False,False,False,2
Midday,Set1,Draw6,2,3366,boxed,10,"R2,R4,R8",False,True,False,False,0
Midday,Set1,Draw6,2,366,boxed,10,"R2,R4,R8",False,True,False,False,0
Evening,Set3,Draw1,7,338,boxed,10,"R2,R4,R8",True,True,False,False,0
Evening,Set3,Draw1,7,3368,boxed,10,"R2,R4,R8",True,False,False,False,0
Evening,Set3,Draw1,6,368,boxed,10,"R2,R4,R8",True,False,False,False,0
Evening,Set3,Draw1,6,022,straight,10,R2,False,False,False,False,0
Evening,Set3,Draw1,5,022,straight,10,R2,False,False,False,False,0
Evening,Set3,Draw1,5,038,boxed,10,"R2,R4",True,False,False,False,0
Evening,Set3,Draw1,5,0038,boxed,10,"R2,R4",True,False,False,False,0
Evening,Set3,Draw1,4,00223,straight,10,R2,False,False,False,False,1
Evening,Set3,Draw1,7,00229,straight,10,R4,False,False,False,False,0
Evening,Set3,Draw1,4,0029,straight,10,R4,False,False,False,False,1
Evening,Set3,Draw1,7,0079,straight,10,"R6,R8",False,True,False,False,0
Evening,Set3,Draw1,6,0079,straight,10,"R6,R8",False,True,False,False,0
Evening,Set3,Draw1,4,2239,straight,10,R6,False,False,False,False,1
Evening,Set3,Draw1,4,039,straight,10,R6,False,False,False,False,1
Evening,Set3,Draw1,4,0039,straight,10,R6,False,False,False,False,1
Evening,Set3,Draw1,3,2239,straight,10,R6,False,False,False,False,1
Evening,Set3,Draw1,3,039,straight,10,R6,False,False,False,False,1
Evening,Set3,Draw1,7,389,straight,10,R8,True,False,False,False,0
Evening,Set3,Draw1,6,389,straight,10,R8,True,False,False,False,0
Evening,Set3,Draw1,5,389,straight,10,R8,True,False,False,False,0
Evening,Set3,Draw1,4,2238,straight,10,R8,True,False,False,False,1
Evening,Set3,Draw1,3,2238,straight,10,R8,True,False,False,False,1
Evening,Set2,Draw1,7,00229,boxed,10,"R2,R4",False,False,False,False,0
Evening,Set2,Draw1,7,022,straight,10,R2,False,False,False,False,0
Evening,Set2,Draw1,7,3688,boxed,10,"R2,R4,R8",True,False,False,False,0
Evening,Set2,Draw1,6,00229,boxed,10,"R2,R4",False,False,False,False,0
Evening,Set2,Draw1,6,00388,boxed,10,"R2,R4",True,False,False,False,0
Evening,Set2,Draw1,6,022,straight,10,R2,False,False,False,False,0
Evening,Set2,Draw1,6,0388,boxed,10,"R2,R4",True,False,False,False,0
Evening,Set2,Draw1,5,00229,boxed,10,"R2,R4",False,False,False,False,0
Evening,Set2,Draw1,5,00388,boxed,10,"R2,R4",True,False,False,False,0
Evening,Set2,Draw1,5,022,straight,10,R2,False,False,False,False,0
Evening,Set2,Draw1,5,0388,boxed,10,"R2,R4",True,False,False,False,0
Evening,Set2,Draw1,6,0089,boxed,10,"R4,R6,R8",False,False,False,False,0
Evening,Set2,Draw1,5,0089,boxed,10,"R4,R6,R8",False,False,False,False,0
Evening,Set2,Draw1,4,2239,straight,10,R6,False,False,False,False,1
Evening,Set2,Draw1,7,3889,straight,10,R8,True,False,False,False,0
Evening,Set2,Draw1,6,3889,straight,10,R8,True,False,False,False,0
Evening,Set2,Draw1,6,22388,straight,10,R8,True,False,False,False,0
Evening,Set2,Draw1,6,089,straight,10,R8,False,False,False,False,0
Evening,Set2,Draw1,5,3889,straight,10,R8,True,False,False,False,0
Evening,Set2,Draw1,5,22388,straight,10,R8,True,False,False,False,0
Evening,Set2,Draw1,5,089,straight,10,R8,False,False,False,False,0
Evening,Set2,Draw1,4,2238,straight,10,R8,True,False,False,False,1
Evening,Set2,Draw1,4,2388,straight,10,R8,True,False,False,False,1
Evening,Set1,Draw1,7,299,straight,10,R2,False,False,False,False,0
Evening,Set1,Draw1,7,0229,straight,10,R2,False,False,False,False,0
Evening,Set1,Draw1,7,2299,straight,10,R2,False,False,False,False,0
Evening,Set1,Draw1,6,00388,boxed,10,"R2,R4",True,False,False,False,0
Evening,Set1,Draw1,6,0229,straight,10,R2,False,False,False,False,0
Evening,Set1,Draw1,6,229,boxed,10,"R2,R4",False,False,False,False,0
Evening,Set1,Draw1,6,0388,boxed,10,"R2,R4",True,False,False,False,0
Evening,Set1,Draw1,6,002299,boxed,10,"R2,R4",False,False,False,False,0
Evening,Set1,Draw1,5,022,straight,10,R2,False,False,False,False,1
Evening,Set1,Draw1,4,022,straight,10,R2,False,False,False,False,1
Evening,Set1,Draw1,3,02288,straight,10,R2,False,False,False,False,2
Evening,Set1,Draw1,3,0288,straight,10,R2,False,False,False,False,2
Evening,Set1,Draw1,2,0288,straight,10,R2,False,False,False,False,2
Evening,Set1,Draw1,6,009,boxed,10,"R4,R6,R8",False,True,False,False,0
Evening,Set1,Draw1,6,0299,straight,10,R4,False,False,False,False,0
Evening,Set1,Draw1,7,223,straight,10,"R6,R8",False,True,False,False,0
Evening,Set1,Draw1,6,223,straight,10,"R6,R8",False,True,False,False,0
Evening,Set1,Draw1,5,22399,straight,10,R6,False,False,False,False,1
Evening,Set1,Draw1,7,38899,straight,10,R8,True,False,False,False,0
Evening,Set1,Draw1,7,22388,straight,10,R8,True,False,False,False,0
Evening,Set1,Draw1,6,38899,straight,10,R8,True,False,False,False,0
Evening,Set1,Draw1,6,22388,straight,10,R8,True,False,False,False,0
Evening,Set1,Draw1,5,3889,straight,10,R8,True,False,False,False,1
Evening,Set1,Draw1,5,2238,straight,10,R8,True,False,False,False,1
Evening,Set1,Draw1,5,2388,straight,10,R8,True,False,False,False,1
Evening,Set1,Draw1,4,228899,straight,10,R8,False,False,False,False,1
Evening,Set1,Draw1,4,28899,straight,10,R8,False,False,False,False,1
Evening,Set1,Draw1,3,22889,straight,10,R8,False,False,False,False,2
Evening,Set1,Draw1,3,2889,straight,10,R8,False,False,False,False,2
Evening,Set1,Draw1,2,2889,straight,10,R8,False,False,False,False,2
Evening,Set1,Draw2,6,299,boxed,10,"R2,R4",False,False,False,False,0
Evening,Set1,Draw2,6,6788,boxed,10,"R2,R6",False,False,False,False,0
Evening,Set1,Draw2,6,2299,boxed,10,"R2,R4",False,False,False,False,0
Evening,Set1,Draw2,5,299,boxed,10,"R2,R4",False,False,False,False,0
Evening,Set1,Draw2,5,6788,boxed,10,"R2,R6",False,False,False,False,0
Evening,Set1,Draw2,5,2299,boxed,10,"R2,R4",False,False,False,False,0
Evening,Set1,Draw2,4,0229,straight,10,R2,False,False,False,False,1
Evening,Set1,Draw2,3,0229,straight,10,R2,False,False,False,False,1
Evening,Set1,Draw2,2,0288,straight,10,R2,False,False,False,False,2
Evening,Set1,Draw2,6,0099,boxed,10,"R4,R6,R8",False,True,False,False,0
Evening,Set1,Draw2,6,0299,straight,10,R4,False,False,False,False,0
Evening,Set1,Draw2,5,0299,straight,10,R4,False,False,False,False,0
Evening,Set1,Draw2,6,788,straight,10,R6,False,False,False,False,0
Evening,Set1,Draw2,6,078,straight,10,R6,False,False,False,False,0
Evening,Set1,Draw2,6,00799,straight,10,"R6,R8",False,True,False,False,0
Evening,Set1,Draw2,5,788,straight,10,R6,False,False,False,False,0
Evening,Set1,Draw2,5,078,straight,10,R6,False,False,False,False,0
Evening,Set1,Draw2,6,899,straight,10,R8,False,False,False,False,0
Evening,Set1,Draw2,6,889,straight,10,R8,False,False,False,False,0
Evening,Set1,Draw2,5,899,straight,10,R8,False,False,False,False,0
Evening,Set1,Draw2,5,889,straight,10,R8,False,False,False,False,0
Evening,Set1,Draw3,5,338,boxed,10,"R2,R4,R8",True,True,False,False,0
Evening,Set1,Draw3,3,0688,boxed,10,"R2,R4",False,False,False,False,1
Evening,Set1,Draw3,5,0788,straight,10,R6,False,False,False,False,0
Evening,Set1,Draw3,4,0788,straight,10,R6,False,False,False,False,0
Evening,Set1,Draw3,3,078,straight,10,R6,False,False,False,False,1
Evening,Set1,Draw3,5,0899,straight,10,R8,False,False,False,False,0
Evening,Set1,Draw3,5,8899,straight,10,R8,False,False,False,False,0
Evening,Set1,Draw3,4,8899,straight,10,R8,False,False,False,False,0
Evening,Set1,Draw3,4,0899,straight,10,R8,False,False,False,False,0
Evening,Set1,Draw3,3,899,straight,10,R8,False,False,False,False,1
Evening,Set1,Draw3,3,889,straight,10,R8,False,False,False,False,1
Evening,Set1,Draw4,4,667788,boxed,10,"R2,R6",False,False,False,False,0
Evening,Set1,Draw4,4,3688,boxed,10,"R2,R4,R8",True,False,False,False,0
Evening,Set1,Draw4,4,668,boxed,10,"R2,R4,R6",False,True,False,False,0
Evening,Set1,Draw4,4,388,boxed,10,"R2,R4,R8",True,True,False,False,0
Evening,Set1,Draw4,3,229,boxed,10,"R2,R4,R6",False,True,False,False,0
Evening,Set1,Draw4,2,0688,boxed,10,"R2,R4",False,False,False,False,2
Evening,Set1,Draw4,1,089,straight,10,"R2,R4",False,True,False,False,2
Evening,Set1,Draw4,2,0699,straight,10,R4,False,False,False,False,2
Evening,Set1,Draw4,4,07788,straight,10,R6,False,False,False,False,0
Evening,Set1,Draw4,3,07788,straight,10,R6,False,False,False,False,0
Evening,Set1,Draw4,4,08899,straight,10,R8,False,False,False,False,0
Evening,Set1,Draw4,3,08899,straight,10,R8,False,False,False,False,0
Evening,Set1,Draw4,2,899,straight,10,R8,False,False,False,False,2
Evening,Set1,Draw4,2,889,straight,10,R8,False,False,False,False,2
Evening,Set1,Draw4,2,68899,straight,10,R8,False,False,False,False,2
Evening,Set1,Draw4,1,899,straight,10,R8,False,False,False,False,2
Evening,Set1,Draw4,1,889,straight,10,R8,False,False,False,False,2
Evening,Set1,Draw5,3,299,boxed,10,"R2,R4,R6",False,True,False,False,0
Evening,Set1,Draw5,3,02299,boxed,10,"R2,R4,R6",False,False,False,False,0
Evening,Set1,Draw5,3,2299,boxed,10,"R2,R4,R6",False,True,False,False,0
Evening,Set1,Draw5,2,0688,boxed,10,"R2,R4",False,False,False,False,2
Evening,Set1,Draw5,1,089,straight,10,"R2,R4",False,True,False,False,2
Evening,Set1,Draw5,3,788,straight,10,"R4,R6",False,True,False,False,0
Evening,Set1,Draw5,3,6788,straight,10,"R4,R6",False,True,False,False,0
Evening,Set1,Draw5,3,778,straight,10,"R4,R6",False,True,False,False,0
Evening,Set1,Draw5,3,079,straight,10,"R6,R8",False,True,False,False,0
Evening,Set1,Draw5,3,077,straight,10,"R6,R8",False,True,False,False,0
Evening,Set1,Draw5,2,0778,straight,10,R6,False,False,False,False,2
Evening,Set1,Draw5,1,0778,straight,10,R6,False,False,False,False,2
Evening,Set1,Draw5,2,8899,straight,10,R8,False,False,False,False,2
Evening,Set1,Draw5,2,0899,straight,10,R8,False,False,False,False,2
Evening,Set1,Draw5,2,68899,straight,10,R8,False,False,False,False,2
Evening,Set1,Draw5,1,8899,straight,10,R8,False,False,False,False,2
Evening,Set1,Draw6,2,2599,boxed,10,"R2,R4,R6",False,True,False,False,0
Evening,Set1,Draw6,2,6788,boxed,10,"R2,R4,R6",False,True,False,False,0
Evening,Set1,Draw6,1,0788,straight,10,"R2,R4",False,True,False,False,1
Evening,Set1,Draw6,1,008,straight,10,"R2,R4",False,True,False,False,1
Evening,Set1,Draw6,1,088,straight,10,"R2,R4",False,True,False,False,1
Evening,Set1,Draw6,1,0089,straight,10,"R2,R4",False,True,False,False,1
Evening,Set1,Draw6,2,7788,straight,10,"R4,R6",False,True,False,False,0
Evening,Set1,Draw6,2,00599,boxed,10,"R4,R6",True,False,False,False,0
Evening,Set1,Draw6,2,0077,straight,10,"R6,R8",False,True,False,False,0
Evening,Set1,Draw6,1,00577,straight,10,R6,True,False,False,False,1
Evening,Set1,Draw6,1,077,straight,10,"R6,R8",False,True,False,False,1
Evening,Set1,Draw6,1,007,straight,10,"R6,R8",False,True,False,False,1
Evening,Set1,Draw6,1,007799,straight,10,R8,False,False,False,False,1
Evening,Set1,Draw7,1,0599,straight,10,"R2,R4",True,True,False,False,0
Evening,Set1,Draw7,1,388,boxed,10,"R2,R4,R8",True,True,False,False,0
Combined,Set3,Draw1,7,338,boxed,10,"R2,R4,R8",True,True,False,False,0
Combined,Set3,Draw1,7,3368,boxed,10,"R2,R4,R8",True,False,False,False,0
Combined,Set3,Draw1,6,336,boxed,10,"R2,R4,R8",False,True,False,False,0
Combined,Set3,Draw1,6,677,straight,10,"R2,R6",False,True,False,False,0
Combined,Set3,Draw1,5,677,straight,10,"R2,R6",False,True,False,False,0
Combined,Set3,Draw1,4,069,straight,10,R4,False,False,False,False,1
Combined,Set3,Draw1,7,077,straight,10,"R6,R8",False,True,False,False,0
Combined,Set3,Draw1,6,077,straight,10,"R6,R8",False,True,False,False,0
Combined,Set3,Draw1,6,0339,straight,10,"R6,R8",False,True,False,False,0
Combined,Set3,Draw1,5,077,straight,10,"R6,R8",False,True,False,False,0
Combined,Set2,Draw1,4,069,boxed,10,"R4,R8",False,False,False,False,1
Combined,Set2,Draw1,6,039,straight,10,"R6,R8",False,True,False,False,0
Combined,Set2,Draw1,6,0779,straight,10,"R6,R8",False,True,False,False,0
Combined,Set2,Draw1,5,039,straight,10,"R6,R8",False,True,False,False,0
Combined,Set1,Draw1,7,3668,boxed,10,"R2,R4,R8",True,False,False,False,0
Combined,Set1,Draw1,6,366,boxed,10,"R2,R4,R8",False,True,False,False,0
Combined,Set1,Draw1,4,266,boxed,10,"R2,R8",False,False,False,False,1
Combined,Set1,Draw1,5,0699,boxed,10,"R4,R8",False,False,False,False,1
Combined,Set1,Draw1,4,669,straight,10,"R4,R8",False,True,False,False,1
Combined,Set1,Draw1,4,6679,boxed,10,"R4,R6,R8",False,False,False,False,1
Combined,Set1,Draw1,7,079,straight,10,"R6,R8",False,True,False,False,0
Combined,Set1,Draw1,7,07799,straight,10,"R6,R8",False,True,False,False,0
Combined,Set1,Draw1,6,079,straight,10,"R6,R8",False,True,False,False,0
Combined,Set1,Draw1,6,0399,straight,10,"R6,R8",False,True,False,False,0
Combined,Set1,Draw2,6,667,straight,10,"R2,R6",False,True,False,False,0
Combined,Set1,Draw2,5,0066,straight,10,"R2,R4",False,True,False,False,0
Combined,Set1,Draw2,5,066,straight,10,"R2,R4",False,True,False,False,0
Combined,Set1,Draw2,6,00599,boxed,10,"R4,R6",True,False,False,False,0
Combined,Set1,Draw2,5,006699,boxed,10,"R4,R8",False,False,False,False,0
Combined,Set1,Draw2,5,00599,boxed,10,"R4,R6",True,False,False,False,0
Combined,Set1,Draw2,4,067,straight,10,R6,False,False,False,False,1
Combined,Set1,Draw3,5,2599,boxed,10,"R2,R4,R6",False,True,False,False,0
Combined,Set1,Draw3,4,259,boxed,10,"R2,R4,R6",False,True,False,False,0
Combined,Set1,Draw3,4,1667,boxed,10,"R2,R4,R6",True,False,False,False,0
Combined,Set1,Draw4,2,019,boxed,10,"R2,R8",False,False,False,False,2
Combined,Set1,Draw4,1,019,boxed,10,"R2,R8",False,False,False,False,2
Combined,Set1,Draw5,1,019,boxed,10,"R2,R8",False,False,False,False,2
Combined,Set1,Draw5,1,017,boxed,10,"R2,R8",False,False,False,False,2
Combined,Set1,Draw5,2,177,boxed,10,"R4,R6",False,False,False,False,2
Combined,Set1,Draw5,3,077,straight,10,"R6,R8",False,True,False,False,0
Combined,Set1,Draw5,2,057,straight,10,R6,True,False,False,False,2
Combined,Set1,Draw5,1,057,straight,10,R6,True,False,False,False,2
Combined,Set1,Draw6,1,077,straight,10,"R6,R8",False,True,False,False,1
Combined,Set1,Draw6,1,349,straight,10,"R6,R8",True,True,False,False,1
Combined,Set1,Draw7,1,3448,straight,10,"R4,R8",True,True,False,False,0
Midday,Set3,Draw1,7,259,boxed,9,"R2,R4,R6",False,True,False,False,0
Midday,Set3,Draw1,5,778,straight,9,"R2,R6",False,True,False,False,0
Midday,Set3,Draw1,7,477,straight,9,R4,False,False,False,False,0
Midday,Set3,Draw1,6,477,straight,9,R4,False,False,False,False,0
Midday,Set3,Draw1,5,477,straight,9,R4,False,False,False,False,0
Midday,Set3,Draw1,7,007,straight,9,"R6,R8",False,True,False,False,0
Midday,Set3,Draw1,6,0079,straight,9,"R6,R8",False,True,False,False,0
Midday,Set3,Draw1,6,007,straight,9,"R6,R8",False,True,False,False,0
Midday,Set3,Draw1,5,0779,straight,9,"R6,R8",False,True,False,False,0
Midday,Set3,Draw1,4,779,straight,9,"R6,R8",False,True,False,False,1
Midday,Set2,Draw1,5,499,straight,9,"R2,R6",True,True,False,False,0
Midday,Set2,Draw1,4,149,boxed,9,"R2,R8",True,False,False,False,1
Midday,Set2,Draw1,7,1477,straight,9,R4,False,False,False,False,0
Midday,Set2,Draw1,7,177,boxed,9,"R4,R6",False,False,False,False,0
Midday,Set2,Draw1,6,177,boxed,9,"R4,R6",False,False,False,False,0
Midday,Set2,Draw1,6,1477,straight,9,R4,False,False,False,False,0
Midday,Set2,Draw1,5,469,straight,9,"R4,R8",True,True,False,False,0
Midday,Set2,Draw1,5,1477,straight,9,R4,False,False,False,False,0
Midday,Set2,Draw1,4,477,straight,9,R4,False,False,False,False,1
Midday,Set2,Draw1,4,4779,boxed,9,"R4,R6",True,False,False,False,1
Midday,Set2,Draw1,7,0077,straight,9,"R6,R8",False,True,False,False,0
Midday,Set2,Draw1,7,077,straight,9,"R6,R8",False,True,False,False,0
Midday,Set2,Draw1,6,077,straight,9,"R6,R8",False,True,False,False,0
Midday,Set2,Draw1,4,1779,boxed,9,"R6,R8",False,False,False,False,1
Midday,Set1,Draw1,7,299,boxed,9,"R2,R4,R6",False,True,False,False,0
Midday,Set1,Draw1,7,249,straight,9,"R2,R6",True,True,False,False,0
Midday,Set1,Draw1,6,499,straight,9,"R2,R6",True,True,False,False,0
Midday,Set1,Draw1,5,149,boxed,9,"R2,R8",True,False,False,False,1
Midday,Set1,Draw1,5,4779,boxed,9,"R4,R6",True,False,False,False,1
Midday,Set1,Draw1,5,1779,boxed,9,"R6,R8",False,False,False,False,1
Midday,Set1,Draw2,6,368,boxed,9,"R2,R4,R8",True,False,False,False,0
Midday,Set1,Draw2,4,249,straight,9,R2,True,False,False,False,1
Midday,Set1,Draw2,4,347,boxed,9,"R2,R4",False,False,False,False,1
Midday,Set1,Draw2,3,347,boxed,9,"R2,R4",False,False,False,False,1
Midday,Set1,Draw2,4,349,straight,9,R4,True,False,False,False,1
Midday,Set1,Draw3,5,1337,straight,9,R2,False,False,False,False,0
Midday,Set1,Draw3,4,1337,straight,9,R2,False,False,False,False,0
Midday,Set1,Draw3,3,337,straight,9,R2,False,False,False,False,1
Midday,Set1,Draw3,3,1334,straight,9,R2,False,False,False,False,1
Midday,Set1,Draw3,3,133,straight,9,R2,False,False,False,False,1
Midday,Set1,Draw3,3,134,straight,9,R2,False,False,False,False,1
Midday,Set1,Draw3,5,3349,straight,9,R4,True,False,False,False,0
Midday,Set1,Draw3,5,117,boxed,9,"R4,R6,R8",False,True,False,False,0
Midday,Set1,Draw3,4,3349,straight,9,R4,True,False,False,False,0
Midday,Set1,Draw3,3,3347,straight,9,R4,False,False,False,False,1
Midday,Set1,Draw3,3,347,straight,9,R4,False,False,False,False,1
Midday,Set1,Draw3,2,147,straight,9,R4,False,False,False,False,2
Midday,Set1,Draw3,1,147,straight,9,R4,False,False,False,False,2
Midday,Set1,Draw3,5,233,straight,9,"R6,R8",False,True,False,False,0
Midday,Set1,Draw3,5,2344,straight,9,"R6,R8",False,True,False,False,0
Midday,Set1,Draw3,5,234,straight,9,"R6,R8",False,True,False,False,0
Midday,Set1,Draw3,4,233,straight,9,"R6,R8",False,True,False,False,0
Midday,Set1,Draw3,4,234,straight,9,"R6,R8",False,True,False,False,0
Midday,Set1,Draw3,3,1339,straight,9,R8,False,False,False,False,1
Midday,Set1,Draw4,4,1336,straight,9,R2,True,False,False,False,0
Midday,Set1,Draw4,3,1336,straight,9,R2,True,False,False,False,0
Midday,Set1,Draw4,4,0559,boxed,9,"R4,R6",True,False,False,False,0
Midday,Set1,Draw4,3,3346,boxed,9,"R4,R8",False,False,False,False,0
Midday,Set1,Draw4,3,0559,boxed,9,"R4,R6",True,False,False,False,0
Midday,Set1,Draw4,2,147,straight,9,R4,False,False,False,False,2
Midday,Set1,Draw4,2,33556,straight,9,R4,False,False,False,False,2
Midday,Set1,Draw4,1,147,straight,9,R4,False,False,False,False,2
Midday,Set1,Draw4,4,167,straight,9,R6,True,False,False,False,0
Midday,Set1,Draw4,4,339,straight,9,"R6,R8",False,True,False,False,0
Midday,Set1,Draw4,3,339,straight,9,"R6,R8",False,True,False,False,0
Midday,Set1,Draw4,3,167,straight,9,R6,True,False,False,False,0
Midday,Set1,Draw4,2,33557,straight,9,R6,False,False,False,False,2
Midday,Set1,Draw4,2,33455,straight,9,R6,False,False,False,False,2
Midday,Set1,Draw4,2,4556,straight,9,R8,False,False,False,False,2
Midday,Set1,Draw4,2,456,straight,9,R8,False,False,False,False,2
Midday,Set1,Draw4,2,346,straight,9,R8,False,False,False,False,2
Midday,Set1,Draw4,1,456,straight,9,R8,False,False,False,False,2
Midday,Set1,Draw5,2,3367,straight,9,R2,False,False,False,False,2
Midday,Set1,Draw5,2,367,straight,9,R2,False,False,False,False,2
Midday,Set1,Draw5,2,255,boxed,9,"R2,R4",False,False,False,False,2
Midday,Set1,Draw5,2,024,straight,9,R2,False,False,False,False,2
Midday,Set1,Draw5,1,367,straight,9,R2,False,False,False,False,2
Midday,Set1,Draw5,1,024,straight,9,R2,False,False,False,False,2
Midday,Set1,Draw5,3,00559,boxed,9,"R4,R6",True,False,False,False,0
Midday,Set1,Draw5,2,0255,straight,9,R4,True,False,False,False,2
Midday,Set1,Draw5,2,147,straight,9,R4,False,False,False,False,2
Midday,Set1,Draw5,2,0336,straight,9,R4,False,False,False,False,2
Midday,Set1,Draw5,2,3346,straight,9,R4,False,False,False,False,2
Midday,Set1,Draw5,2,3347,straight,9,R4,False,False,False,False,2
Midday,Set1,Draw5,2,056,straight,9,R4,True,False,False,False,2
Midday,Set1,Draw5,2,347,straight,9,R4,False,False,False,False,2
Midday,Set1,Draw5,2,0556,straight,9,R4,True,False,False,False,2
Midday,Set1,Draw5,2,036,straight,9,R4,False,False,False,False,2
Midday,Set1,Draw5,1,147,straight,9,R4,False,False,False,False,2
Midday,Set1,Draw5,1,347,straight,9,R4,False,False,False,False,2
Midday,Set1,Draw5,1,056,straight,9,R4,True,False,False,False,2
Midday,Set1,Draw5,1,036,straight,9,R4,False,False,False,False,2
Midday,Set1,Draw5,2,057,straight,9,R6,True,False,False,False,2
Midday,Set1,Draw5,2,0355,straight,9,R6,True,False,False,False,2
Midday,Set1,Draw5,2,23355,straight,9,R6,False,False,False,False,2
Midday,Set1,Draw5,2,2334,straight,9,R6,False,False,False,False,2
Midday,Set1,Draw5,2,0557,straight,9,R6,True,False,False,False,2
Midday,Set1,Draw5,2,234,straight,9,R6,False,False,False,False,2
Midday,Set1,Draw5,1,057,straight,9,R6,True,False,False,False,2
Midday,Set1,Draw5,1,234,straight,9,R6,False,False,False,False,2
Midday,Set1,Draw5,2,2336,straight,9,R8,False,False,False,False,2
Midday,Set1,Draw5,2,246,straight,9,R8,False,False,False,False,2
Midday,Set1,Draw5,2,236,straight,9,R8,False,False,False,False,2
Midday,Set1,Draw5,1,246,straight,9,R8,False,False,False,False,2
Midday,Set1,Draw5,1,236,straight,9,R8,False,False,False,False,2
Midday,Set1,Draw6,2,336,boxed,9,"R2,R4,R8",False,True,False,False,0
Midday,Set1,Draw6,1,059,boxed,9,"R4,R6",True,False,False,False,1
Midday,Set1,Draw6,1,1667,straight,9,R6,True,False,False,False,1
Midday,Set1,Draw7,1,366,boxed,9,"R2,R4,R8",False,True,False,False,0
Evening,Set3,Draw1,6,038,straight,9,R2,True,False,False,False,0
Evening,Set3,Draw1,6,00223,straight,9,R2,False,False,False,False,0
Evening,Set3,Draw1,6,0038,straight,9,R2,True,False,False,False,0
Evening,Set3,Draw1,5,00223,straight,9,R2,False,False,False,False,0
Evening,Set3,Draw1,4,0022,straight,9,R2,False,False,False,False,1
Evening,Set3,Draw1,4,003,straight,9,R2,False,False,False,False,1
Evening,Set3,Draw1,4,0023,straight,9,R2,False,False,False,False,1
Evening,Set3,Draw1,7,0029,straight,9,R4,False,False,False,False,0
Evening,Set3,Draw1,6,0029,straight,9,R4,False,False,False,False,0
Evening,Set3,Draw1,5,0029,straight,9,R4,False,False,False,False,0
Evening,Set3,Draw1,7,007,straight,9,"R6,R8",False,True,False,False,0
Evening,Set3,Draw1,7,223,straight,9,R6,False,False,False,False,0
Evening,Set3,Draw1,7,039,straight,9,R6,False,False,False,False,0
Evening,Set3,Draw1,7,0039,straight,9,R6,False,False,False,False,0
Evening,Set3,Draw1,6,2239,straight,9,R6,False,False,False,False,0
Evening,Set3,Draw1,6,007,straight,9,"R6,R8",False,True,False,False,0
Evening,Set3,Draw1,6,039,straight,9,R6,False,False,False,False,0
Evening,Set3,Draw1,6,0039,straight,9,R6,False,False,False,False,0
Evening,Set3,Draw1,6,223,straight,9,R6,False,False,False,False,0
Evening,Set3,Draw1,5,2239,straight,9,R6,False,False,False,False,0
Evening,Set3,Draw1,5,039,straight,9,R6,False,False,False,False,0
Evening,Set3,Draw1,5,0039,straight,9,R6,False,False,False,False,0
Evening,Set3,Draw1,4,239,straight,9,R6,False,False,False,False,1
Evening,Set3,Draw1,3,239,straight,9,R6,False,False,False,False,1
Evening,Set3,Draw1,7,0089,straight,9,R8,False,False,False,False,0
Evening,Set3,Draw1,6,0089,straight,9,R8,False,False,False,False,0
Evening,Set3,Draw1,5,2238,straight,9,R8,True,False,False,False,0
Evening,Set3,Draw1,4,238,straight,9,R8,True,False,False,False,1
Evening,Set3,Draw1,3,238,straight,9,R8,True,False,False,False,1
Evening,Set2,Draw1,7,688,boxed,9,"R2,R4,R6",False,True,False,False,0
Evening,Set2,Draw1,4,038,straight,9,R2,True,False,False,False,1
Evening,Set2,Draw1,3,02288,straight,9,R2,False,False,False,False,1
Evening,Set2,Draw1,3,0288,straight,9,R2,False,False,False,False,1
Evening,Set2,Draw1,2,02288,straight,9,R2,False,False,False,False,1
Evening,Set2,Draw1,2,0288,straight,9,R2,False,False,False,False,1
Evening,Set2,Draw1,1,0288,straight,9,R2,False,False,False,False,1
Evening,Set2,Draw1,7,2239,straight,9,R6,False,False,False,False,0
Evening,Set2,Draw1,6,2239,straight,9,R6,False,False,False,False,0
Evening,Set2,Draw1,5,2239,straight,9,R6,False,False,False,False,0
Evening,Set2,Draw1,4,239,straight,9,R6,False,False,False,False,1
Evening,Set2,Draw1,4,039,straight,9,R6,False,False,False,False,1
Evening,Set2,Draw1,6,2238,straight,9,R8,True,False,False,False,0
Evening,Set2,Draw1,6,2388,straight,9,R8,True,False,False,False,0
Evening,Set2,Draw1,5,2238,straight,9,R8,True,False,False,False,0
Evening,Set2,Draw1,5,2388,straight,9,R8,True,False,False,False,0
Evening,Set2,Draw1,4,238,straight,9,R8,True,False,False,False,1
Evening,Set2,Draw1,3,22889,straight,9,R8,False,False,False,False,1
Evening,Set2,Draw1,3,2889,straight,9,R8,False,False,False,False,1
Evening,Set2,Draw1,2,22889,straight,9,R8,False,False,False,False,1
Evening,Set2,Draw1,2,2889,straight,9,R8,False,False,False,False,1
Evening,Set2,Draw1,1,2889,straight,9,R8,False,False,False,False,1
Evening,Set1,Draw1,7,229,straight,9,R2,False,False,False,False,0
Evening,Set1,Draw1,7,022,straight,9,R2,False,False,False,False,0
Evening,Set1,Draw1,7,001,boxed,9,"R2,R6,R8",False,True,False,False,0
Evening,Set1,Draw1,7,002299,straight,9,R2,False,False,False,False,0
Evening,Set1,Draw1,6,022,straight,9,R2,False,False,False,False,0
Evening,Set1,Draw1,4,02288,straight,9,R2,False,False,False,False,1
Evening,Set1,Draw1,4,0288,straight,9,R2,False,False,False,False,1
Evening,Set1,Draw1,3,028,straight,9,R2,False,False,False,False,2
Evening,Set1,Draw1,3,0228,straight,9,R2,False,False,False,False,2
Evening,Set1,Draw1,2,028,straight,9,R2,False,False,False,False,2
Evening,Set1,Draw1,7,008899,straight,9,R4,False,False,False,False,0
Evening,Set1,Draw1,7,00599,boxed,9,"R4,R6",True,False,False,False,0
Evening,Set1,Draw1,7,00388,straight,9,R4,True,False,False,False,0
Evening,Set1,Draw1,7,0388,straight,9,R4,True,False,False,False,0
Evening,Set1,Draw1,6,00889,boxed,9,"R4,R6",False,False,False,False,0
Evening,Set1,Draw1,7,22399,straight,9,R6,False,False,False,False,0
Evening,Set1,Draw1,6,22399,straight,9,R6,False,False,False,False,0
Evening,Set1,Draw1,5,2239,straight,9,R6,False,False,False,False,1
Evening,Set1,Draw1,5,2399,straight,9,R6,False,False,False,False,1
Evening,Set1,Draw1,7,2238,straight,9,R8,True,False,False,False,0
Evening,Set1,Draw1,7,3889,straight,9,R8,True,False,False,False,0
Evening,Set1,Draw1,7,2388,straight,9,R8,True,False,False,False,0
Evening,Set1,Draw1,6,3889,straight,9,R8,True,False,False,False,0
Evening,Set1,Draw1,6,2238,straight,9,R8,True,False,False,False,0
Evening,Set1,Draw1,6,2388,straight,9,R8,True,False,False,False,0
Evening,Set1,Draw1,5,238,straight,9,R8,True,False,False,False,1
Evening,Set1,Draw1,4,22889,straight,9,R8,False,False,False,False,1
Evening,Set1,Draw1,4,2889,straight,9,R8,False,False,False,False,1
Evening,Set1,Draw1,3,288,straight,9,R8,False,False,False,False,2
Evening,Set1,Draw1,3,2288,straight,9,R8,False,False,False,False,2
Evening,Set1,Draw1,2,288,straight,9,R8,False,False,False,False,2
Evening,Set1,Draw2,6,229,boxed,9,"R2,R4",False,False,False,False,0
Evening,Set1,Draw2,6,0229,straight,9,R2,False,False,False,False,0
Evening,Set1,Draw2,6,002299,boxed,9,"R2,R4",False,False,False,False,0
Evening,Set1,Draw2,5,0229,straight,9,R2,False,False,False,False,0
Evening,Set1,Draw2,5,229,boxed,9,"R2,R4",False,False,False,False,0
Evening,Set1,Draw2,4,02288,straight,9,R2,False,False,False,False,1
Evening,Set1,Draw2,4,022,straight,9,R2,False,False,False,False,1
Evening,Set1,Draw2,4,0288,straight,9,R2,False,False,False,False,1
Evening,Set1,Draw2,4,088,straight,9,R2,False,False,False,False,1
Evening,Set1,Draw2,4,678,straight,9,R2,False,False,False,False,1
Evening,Set1,Draw2,3,02288,straight,9,R2,False,False,False,False,1
Evening,Set1,Draw2,3,022,straight,9,R2,False,False,False,False,1
Evening,Set1,Draw2,3,0288,straight,9,R2,False,False,False,False,1
Evening,Set1,Draw2,3,088,straight,9,R2,False,False,False,False,1
Evening,Set1,Draw2,3,678,straight,9,R2,False,False,False,False,1
Evening,Set1,Draw2,2,028,straight,9,R2,False,False,False,False,2
Evening,Set1,Draw2,6,0688,straight,9,R4,False,False,False,False,0
Evening,Set1,Draw2,6,009,boxed,9,"R4,R6,R8",False,True,False,False,0
Evening,Set1,Draw2,5,0688,straight,9,R4,False,False,False,False,0
Evening,Set1,Draw2,4,068,straight,9,R4,False,False,False,False,1
Evening,Set1,Draw2,4,0699,straight,9,R4,False,False,False,False,1
Evening,Set1,Draw2,3,068,straight,9,R4,False,False,False,False,1
Evening,Set1,Draw2,3,0699,straight,9,R4,False,False,False,False,1
Evening,Set1,Draw2,2,0889,straight,9,R4,False,False,False,False,2
Evening,Set1,Draw2,6,0079,straight,9,"R6,R8",False,True,False,False,0
Evening,Set1,Draw2,6,38899,straight,9,R8,True,False,False,False,0
Evening,Set1,Draw2,5,38899,straight,9,R8,True,False,False,False,0
Evening,Set1,Draw2,4,226,straight,9,R8,False,False,False,False,1
Evening,Set1,Draw2,4,22688,straight,9,R8,False,False,False,False,1
Evening,Set1,Draw2,4,68899,straight,9,R8,False,False,False,False,1
Evening,Set1,Draw2,3,226,straight,9,R8,False,False,False,False,1
Evening,Set1,Draw2,3,22688,straight,9,R8,False,False,False,False,1
Evening,Set1,Draw2,3,68899,straight,9,R8,False,False,False,False,1
Evening,Set1,Draw2,2,28899,straight,9,R8,False,False,False,False,2
Evening,Set1,Draw3,5,299,boxed,9,"R2,R4",False,False,False,False,0
Evening,Set1,Draw3,5,3688,boxed,9,"R2,R4",True,False,False,False,0
Evening,Set1,Draw3,5,6788,boxed,9,"R2,R6",False,False,False,False,0
Evening,Set1,Draw3,5,2299,boxed,9,"R2,R4",False,False,False,False,0
Evening,Set1,Draw3,5,22499,straight,9,R2,True,False,False,False,0
Evening,Set1,Draw3,4,6788,boxed,9,"R2,R6",False,False,False,False,0
Evening,Set1,Draw3,4,299,boxed,9,"R2,R4",False,False,False,False,0
Evening,Set1,Draw3,4,2299,boxed,9,"R2,R4",False,False,False,False,0
Evening,Set1,Draw3,4,22499,straight,9,R2,True,False,False,False,0
Evening,Set1,Draw3,2,0288,straight,9,R2,False,False,False,False,2
Evening,Set1,Draw3,5,02299,straight,9,R4,False,False,False,False,0
Evening,Set1,Draw3,5,0299,straight,9,R4,False,False,False,False,0
Evening,Set1,Draw3,4,0299,straight,9,R4,False,False,False,False,0
Evening,Set1,Draw3,4,02299,straight,9,R4,False,False,False,False,0
Evening,Set1,Draw3,3,0699,straight,9,R4,False,False,False,False,1
Evening,Set1,Draw3,2,0889,straight,9,R4,False,False,False,False,2
Evening,Set1,Draw3,5,788,straight,9,R6,False,False,False,False,0
Evening,Set1,Draw3,5,078,straight,9,R6,False,False,False,False,0
Evening,Set1,Draw3,4,788,straight,9,R6,False,False,False,False,0
Evening,Set1,Draw3,4,078,straight,9,R6,False,False,False,False,0
Evening,Set1,Draw3,5,38899,straight,9,R8,True,False,False,False,0
Evening,Set1,Draw3,5,338899,straight,9,R8,True,False,False,False,0
Evening,Set1,Draw3,5,899,straight,9,R8,False,False,False,False,0
Evening,Set1,Draw3,5,889,straight,9,R8,False,False,False,False,0
Evening,Set1,Draw3,4,899,straight,9,R8,False,False,False,False,0
Evening,Set1,Draw3,4,38899,straight,9,R8,True,False,False,False,0
Evening,Set1,Draw3,4,889,straight,9,R8,False,False,False,False,0
Evening,Set1,Draw3,2,28899,straight,9,R8,False,False,False,False,2
Evening,Set1,Draw4,4,66788,boxed,9,"R2,R6",False,False,False,False,0
Evening,Set1,Draw4,3,06688,boxed,9,"R2,R4",False,False,False,False,0
Evening,Set1,Draw4,2,677,straight,9,R2,False,False,False,False,2
Evening,Set1,Draw4,2,0288,straight,9,R2,False,False,False,False,2
Evening,Set1,Draw4,2,088,straight,9,R2,False,False,False,False,2
Evening,Set1,Draw4,3,0299,boxed,9,"R4,R6",False,False,False,False,0
Evening,Set1,Draw4,2,069,straight,9,R4,False,False,False,False,2
Evening,Set1,Draw4,4,0778,straight,9,R6,False,False,False,False,0
Evening,Set1,Draw4,4,7788,straight,9,R6,False,False,False,False,0
Evening,Set1,Draw4,4,67788,straight,9,R6,False,False,False,False,0
Evening,Set1,Draw4,3,0778,straight,9,R6,False,False,False,False,0
Evening,Set1,Draw4,4,0899,straight,9,R8,False,False,False,False,0
Evening,Set1,Draw4,4,8899,straight,9,R8,False,False,False,False,0
Evening,Set1,Draw4,3,0899,straight,9,R8,False,False,False,False,0
Evening,Set1,Draw4,3,8899,straight,9,R8,False,False,False,False,0
Evening,Set1,Draw4,2,6889,straight,9,R8,False,False,False,False,2
Evening,Set1,Draw5,3,229,boxed,9,"R2,R4,R6",False,True,False,False,0
Evening,Set1,Draw5,2,0288,straight,9,R2,False,False,False,False,2
Evening,Set1,Draw5,2,088,straight,9,R2,False,False,False,False,2
Evening,Set1,Draw5,2,0699,straight,9,R4,False,False,False,False,2
Evening,Set1,Draw5,3,07788,straight,9,R6,False,False,False,False,0
Evening,Set1,Draw5,3,08899,straight,9,R8,False,False,False,False,0
Evening,Set1,Draw5,2,899,straight,9,R8,False,False,False,False,2
Evening,Set1,Draw5,2,889,straight,9,R8,False,False,False,False,2
Evening,Set1,Draw5,2,6889,straight,9,R8,False,False,False,False,2
Evening,Set1,Draw5,1,899,straight,9,R8,False,False,False,False,2
Evening,Set1,Draw5,1,889,straight,9,R8,False,False,False,False,2
Evening,Set1,Draw6,2,788,straight,9,"R4,R6",False,True,False,False,0
Evening,Set1,Draw6,2,0599,boxed,9,"R4,R6",True,False,False,False,0
Evening,Set1,Draw6,2,778,straight,9,"R4,R6",False,True,False,False,0
Evening,Set1,Draw6,2,007,straight,9,"R6,R8",False,True,False,False,0
Evening,Set1,Draw6,2,00577,straight,9,R6,True,False,False,False,0
Evening,Set1,Draw6,2,007788,straight,9,R6,False,False,False,False,0
Evening,Set1,Draw6,2,077,straight,9,"R6,R8",False,True,False,False,0
Evening,Set1,Draw6,1,0057,straight,9,R6,True,False,False,False,1
Evening,Set1,Draw6,1,00778,straight,9,R6,False,False,False,False,1
Evening,Set1,Draw6,1,0059,straight,9,R6,True,False,False,False,1
Evening,Set1,Draw6,2,007799,straight,9,R8,False,False,False,False,0
Evening,Set1,Draw6,2,008899,straight,9,R8,False,False,False,False,0
Evening,Set1,Draw6,1,00779,straight,9,R8,False,False,False,False,1
Evening,Set1,Draw6,1,08899,straight,9,R8,False,False,False,False,1
Evening,Set1,Draw6,1,00799,straight,9,R8,False,False,False,False,1
Evening,Set1,Draw7,1,37788,boxed,9,"R2,R4",True,False,False,False,0
Evening,Set1,Draw7,1,0099,straight,9,"R2,R4",False,True,False,False,0
Evening,Set1,Draw7,1,0077,straight,9,"R6,R8",False,True,False,False,0
Evening,Set1,Draw7,1,005577,straight,9,R6,True,False,False,False,0
Combined,Set3,Draw1,6,0229,boxed,9,"R2,R4",False,False,False,False,0
Combined,Set3,Draw1,5,0229,boxed,9,"R2,R4",False,False,False,False,0
Combined,Set3,Draw1,4,036,boxed,9,"R2,R4",False,False,False,False,1
Combined,Set3,Draw1,4,367,boxed,9,"R2,R4",False,False,False,False,1
Combined,Set3,Draw1,7,029,straight,9,R4,False,False,False,False,0
Combined,Set3,Draw1,7,069,straight,9,R4,False,False,False,False,0
Combined,Set3,Draw1,6,029,straight,9,R4,False,False,False,False,0
Combined,Set3,Draw1,6,069,straight,9,R4,False,False,False,False,0
Combined,Set3,Draw1,5,029,straight,9,R4,False,False,False,False,0
Combined,Set3,Draw1,5,069,straight,9,R4,False,False,False,False,0
Combined,Set3,Draw1,6,339,straight,9,"R6,R8",False,True,False,False,0
Combined,Set3,Draw1,4,236,straight,9,R8,False,False,False,False,1
Combined,Set2,Draw1,7,677,straight,9,"R2,R6",False,True,False,False,0
Combined,Set2,Draw1,7,336,boxed,9,"R2,R4,R8",False,True,False,False,0
Combined,Set2,Draw1,6,677,straight,9,"R2,R6",False,True,False,False,0
Combined,Set2,Draw1,7,077,straight,9,"R6,R8",False,True,False,False,0
Combined,Set2,Draw1,6,077,straight,9,"R6,R8",False,True,False,False,0
Combined,Set1,Draw1,7,368,boxed,9,"R2,R4,R8",True,False,False,False,0
Combined,Set1,Draw1,7,668,boxed,9,"R2,R4,R6",False,True,False,False,0
Combined,Set1,Draw1,7,06699,straight,9,R4,False,False,False,False,0
Combined,Set1,Draw1,6,06699,straight,9,R4,False,False,False,False,0
Combined,Set1,Draw1,5,0669,straight,9,R4,False,False,False,False,1
Combined,Set1,Draw1,7,0779,straight,9,"R6,R8",False,True,False,False,0
Combined,Set1,Draw1,6,399,straight,9,"R6,R8",False,True,False,False,0
Combined,Set1,Draw1,4,679,boxed,9,"R6,R8",False,False,False,False,1
Combined,Set1,Draw1,5,266,straight,9,R8,False,False,False,False,1
Combined,Set1,Draw2,6,366,boxed,9,"R2,R4,R8",False,True,False,False,0
Combined,Set1,Draw2,5,006,straight,9,"R2,R4",False,True,False,False,0
Combined,Set1,Draw2,5,299,straight,9,"R2,R6",False,True,False,False,0
Combined,Set1,Draw2,6,0599,boxed,9,"R4,R6",True,False,False,False,0
Combined,Set1,Draw2,6,006699,straight,9,R4,False,False,False,False,0
Combined,Set1,Draw2,5,00699,boxed,9,"R4,R8",False,False,False,False,0
Combined,Set1,Draw2,5,0599,boxed,9,"R4,R6",True,False,False,False,0
Combined,Set1,Draw2,4,069,boxed,9,"R4,R8",False,False,False,False,1
Combined,Set1,Draw2,6,067,straight,9,R6,False,False,False,False,0
Combined,Set1,Draw2,6,059,straight,9,R6,True,False,False,False,0
Combined,Set1,Draw2,6,007,straight,9,"R6,R8",False,True,False,False,0
Combined,Set1,Draw2,5,067,straight,9,R6,False,False,False,False,0
Combined,Set1,Draw2,5,059,straight,9,R6,True,False,False,False,0
Combined,Set1,Draw2,5,007,straight,9,"R6,R8",False,True,False,False,0
Combined,Set1,Draw2,4,079,straight,9,R8,False,False,False,False,1
Combined,Set1,Draw2,3,079,straight,9,R8,False,False,False,False,1
Combined,Set1,Draw3,4,667,straight,9,"R2,R4",False,True,False,False,0
Combined,Set1,Draw3,5,00599,boxed,9,"R4,R6",True,False,False,False,0
Combined,Set1,Draw3,4,059,boxed,9,"R4,R6",True,False,False,False,0
Combined,Set1,Draw4,4,366,boxed,9,"R2,R4,R8",False,True,False,False,0
Combined,Set1,Draw4,4,059,straight,9,R4,True,False,False,False,0
Combined,Set1,Draw4,4,0559,boxed,9,"R4,R6",True,False,False,False,0
Combined,Set1,Draw4,2,069,straight,9,R4,False,False,False,False,2
Combined,Set1,Draw4,4,057,straight,9,R6,True,False,False,False,0
Combined,Set1,Draw4,4,017,boxed,9,"R6,R8",False,False,False,False,0
Combined,Set1,Draw4,3,057,straight,9,R6,True,False,False,False,0
Combined,Set1,Draw4,3,017,boxed,9,"R6,R8",False,False,False,False,0
Combined,Set1,Draw5,3,368,boxed,9,"R2,R4,R8",True,False,False,False,0
Combined,Set1,Draw5,2,167,boxed,9,"R2,R6",True,False,False,False,2
Combined,Set1,Draw5,3,0177,boxed,9,"R6,R8",False,False,False,False,0
Combined,Set1,Draw5,3,0577,straight,9,R6,True,False,False,False,0
Combined,Set1,Draw5,2,017,straight,9,R8,False,False,False,False,2
Combined,Set1,Draw5,2,019,straight,9,R8,False,False,False,False,2
Combined,Set1,Draw6,1,14477,straight,9,R4,False,False,False,False,1
Combined,Set1,Draw6,1,059,boxed,9,"R4,R6",True,False,False,False,1
Combined,Set1,Draw6,1,34477,straight,9,R4,False,False,False,False,1
Combined,Set1,Draw6,2,077,straight,9,"R6,R8",False,True,False,False,0
Combined,Set1,Draw6,1,0177,boxed,9,"R6,R8",False,False,False,False,1
Combined,Set1,Draw6,1,0577,straight,9,R6,True,False,False,False,1
Combined,Set1,Draw7,1,004499,straight,9,R2,True,False,False,False,0
Combined,Set1,Draw7,1,00599,boxed,9,"R4,R6",True,False,False,False,0
Combined,Set1,Draw7,1,348,straight,9,"R4,R8",True,True,False,False,0
Combined,Set1,Draw7,1,0077,straight,9,"R6,R8",False,True,False,False,0
Midday,Set3,Draw1,7,001,straight,8,"R2,R8",False,True,False,False,0
Midday,Set3,Draw1,6,0068,boxed,8,"R2,R4",False,False,False,False,0
Midday,Set3,Draw1,6,6778,boxed,8,"R2,R6",False,False,False,False,0
Midday,Set3,Draw1,5,0778,boxed,8,"R2,R6",False,False,False,False,0
Midday,Set3,Draw1,7,4778,straight,8,R4,False,False,False,False,0
Midday,Set3,Draw1,7,0059,boxed,8,"R4,R6",True,False,False,False,0
Midday,Set3,Draw1,6,4778,straight,8,R4,False,False,False,False,0
Midday,Set3,Draw1,5,4778,straight,8,R4,False,False,False,False,0
Midday,Set3,Draw1,7,00577,straight,8,R6,True,False,False,False,0
Midday,Set3,Draw1,7,00177,boxed,8,"R6,R8",False,False,False,False,0
Midday,Set3,Draw1,5,079,straight,8,"R6,R8",False,True,False,False,0
Midday,Set2,Draw1,7,168,boxed,8,"R2,R6",True,False,False,False,0
Midday,Set2,Draw1,7,001,straight,8,"R2,R8",False,True,False,False,0
Midday,Set2,Draw1,7,1668,boxed,8,"R2,R6",True,False,False,False,0
Midday,Set2,Draw1,6,168,boxed,8,"R2,R6",True,False,False,False,0
Midday,Set2,Draw1,5,1677,boxed,8,"R2,R6",True,False,False,False,0
Midday,Set2,Draw1,7,477,straight,8,R4,False,False,False,False,0
Midday,Set2,Draw1,7,006699,straight,8,R4,False,False,False,False,0
Midday,Set2,Draw1,7,00299,boxed,8,"R4,R6",False,False,False,False,0
Midday,Set2,Draw1,7,0299,boxed,8,"R4,R6",False,False,False,False,0
Midday,Set2,Draw1,6,0299,boxed,8,"R4,R6",False,False,False,False,0
Midday,Set2,Draw1,6,477,straight,8,R4,False,False,False,False,0
Midday,Set2,Draw1,5,699,straight,8,"R4,R8",False,True,False,False,0
Midday,Set2,Draw1,5,477,straight,8,R4,False,False,False,False,0
Midday,Set2,Draw1,4,479,boxed,8,"R4,R6",True,False,False,False,1
Midday,Set2,Draw1,7,007,straight,8,"R6,R8",False,True,False,False,0
Midday,Set2,Draw1,7,007799,straight,8,R6,False,False,False,False,0
Midday,Set2,Draw1,7,00177,boxed,8,"R6,R8",False,False,False,False,0
Midday,Set2,Draw1,6,0177,boxed,8,"R6,R8",False,False,False,False,0
Midday,Set2,Draw1,5,1779,boxed,8,"R6,R8",False,False,False,False,0
Midday,Set2,Draw1,5,47799,straight,8,R6,True,False,False,False,0
Midday,Set2,Draw1,5,17799,boxed,8,"R6,R8",False,False,False,False,0
Midday,Set2,Draw1,4,779,straight,8,R6,False,False,False,False,1
Midday,Set1,Draw1,7,1688,boxed,8,"R2,R6",True,False,False,False,0
Midday,Set1,Draw1,7,177,boxed,8,"R4,R6",False,False,False,False,0
Midday,Set1,Draw1,7,1477,straight,8,R4,False,False,False,False,0
Midday,Set1,Draw1,6,1477,straight,8,R4,False,False,False,False,0
Midday,Set1,Draw1,5,479,boxed,8,"R4,R6",True,False,False,False,1
Midday,Set1,Draw1,5,477,straight,8,R4,False,False,False,False,1
Midday,Set1,Draw1,7,077,straight,8,"R6,R8",False,True,False,False,0
Midday,Set1,Draw1,6,1779,boxed,8,"R6,R8",False,False,False,False,0
Midday,Set1,Draw1,6,47799,straight,8,R6,True,False,False,False,0
Midday,Set1,Draw1,6,17799,boxed,8,"R6,R8",False,False,False,False,0
Midday,Set1,Draw1,5,779,straight,8,R6,False,False,False,False,1
Midday,Set1,Draw2,6,24499,straight,8,R2,True,False,False,False,0
Midday,Set1,Draw2,6,249,straight,8,R2,True,False,False,False,0
Midday,Set1,Draw2,6,2449,straight,8,R2,True,False,False,False,0
Midday,Set1,Draw2,5,249,straight,8,R2,True,False,False,False,0
Midday,Set1,Draw2,5,2449,straight,8,R2,True,False,False,False,0
Midday,Set1,Draw2,4,3477,boxed,8,"R2,R4",False,False,False,False,1
Midday,Set1,Draw2,6,14477,straight,8,R4,False,False,False,False,0
Midday,Set1,Draw2,6,34477,straight,8,R4,False,False,False,False,0
Midday,Set1,Draw2,5,14477,straight,8,R4,False,False,False,False,0
Midday,Set1,Draw2,5,349,straight,8,R4,True,False,False,False,0
Midday,Set1,Draw2,5,34477,straight,8,R4,False,False,False,False,0
Midday,Set1,Draw2,4,477,straight,8,R4,False,False,False,False,1
Midday,Set1,Draw2,6,1779,boxed,8,"R6,R8",False,False,False,False,0
Midday,Set1,Draw2,6,17799,boxed,8,"R6,R8",False,False,False,False,0
Midday,Set1,Draw2,5,1779,boxed,8,"R6,R8",False,False,False,False,0
Midday,Set1,Draw3,5,13377,straight,8,R2,False,False,False,False,0
Midday,Set1,Draw3,5,133,straight,8,R2,False,False,False,False,0
Midday,Set1,Draw3,5,113344,straight,8,R2,False,False,False,False,0
Midday,Set1,Draw3,5,113377,straight,8,R2,False,False,False,False,0
Midday,Set1,Draw3,5,337,straight,8,R2,False,False,False,False,0
Midday,Set1,Draw3,4,337,straight,8,R2,False,False,False,False,0
Midday,Set1,Draw3,4,1334,straight,8,R2,False,False,False,False,0
Midday,Set1,Draw3,4,133,straight,8,R2,False,False,False,False,0
Midday,Set1,Draw3,4,134,straight,8,R2,False,False,False,False,0
Midday,Set1,Draw3,4,13377,straight,8,R2,False,False,False,False,0
Midday,Set1,Draw3,5,334477,straight,8,R4,False,False,False,False,0
Midday,Set1,Draw3,5,33449,straight,8,R4,True,False,False,False,0
Midday,Set1,Draw3,5,114477,straight,8,R4,False,False,False,False,0
Midday,Set1,Draw3,5,334,straight,8,R4,False,False,False,False,0
Midday,Set1,Draw3,4,3347,straight,8,R4,False,False,False,False,0
Midday,Set1,Draw3,4,347,straight,8,R4,False,False,False,False,0
Midday,Set1,Draw3,4,334,straight,8,R4,False,False,False,False,0
Midday,Set1,Draw3,3,147,straight,8,R4,False,False,False,False,1
Midday,Set1,Draw3,3,579,straight,8,R6,False,False,False,False,1
Midday,Set1,Draw3,2,3357,straight,8,R6,False,False,False,False,2
Midday,Set1,Draw3,2,157,straight,8,R6,False,False,False,False,2
Midday,Set1,Draw3,5,1339,straight,8,R8,False,False,False,False,0
Midday,Set1,Draw3,4,1339,straight,8,R8,False,False,False,False,0
Midday,Set1,Draw3,3,3345,straight,8,R8,False,False,False,False,1
Midday,Set1,Draw3,3,139,straight,8,R8,False,False,False,False,1
Midday,Set1,Draw3,2,137,straight,8,R8,False,False,False,False,2
Midday,Set1,Draw3,2,345,straight,8,R8,False,False,False,False,2
Midday,Set1,Draw4,4,3367,straight,8,R2,False,False,False,False,0
Midday,Set1,Draw4,4,367,straight,8,R2,False,False,False,False,0
Midday,Set1,Draw4,3,3367,straight,8,R2,False,False,False,False,0
Midday,Set1,Draw4,3,367,straight,8,R2,False,False,False,False,0
Midday,Set1,Draw4,2,1455,straight,8,R2,False,False,False,False,2
Midday,Set1,Draw4,2,145,straight,8,R2,False,False,False,False,2
Midday,Set1,Draw4,2,1334,straight,8,R2,False,False,False,False,2
Midday,Set1,Draw4,2,134,straight,8,R2,False,False,False,False,2
Midday,Set1,Draw4,1,145,straight,8,R2,False,False,False,False,2
Midday,Set1,Draw4,1,134,straight,8,R2,False,False,False,False,2
Midday,Set1,Draw4,4,3346,straight,8,R4,False,False,False,False,0
Midday,Set1,Draw4,4,3347,straight,8,R4,False,False,False,False,0
Midday,Set1,Draw4,4,347,straight,8,R4,False,False,False,False,0
Midday,Set1,Draw4,3,3347,straight,8,R4,False,False,False,False,0
Midday,Set1,Draw4,3,347,straight,8,R4,False,False,False,False,0
Midday,Set1,Draw4,2,356,straight,8,R4,False,False,False,False,2
Midday,Set1,Draw4,2,3556,straight,8,R4,False,False,False,False,2
Midday,Set1,Draw4,2,3356,straight,8,R4,False,False,False,False,2
Midday,Set1,Draw4,1,356,straight,8,R4,False,False,False,False,2
Midday,Set1,Draw4,4,077,straight,8,"R6,R8",False,True,False,False,0
Midday,Set1,Draw4,4,0557,straight,8,R6,True,False,False,False,0
Midday,Set1,Draw4,4,33559,straight,8,R6,False,False,False,False,0
Midday,Set1,Draw4,4,05577,straight,8,R6,True,False,False,False,0
Midday,Set1,Draw4,3,33559,straight,8,R6,False,False,False,False,0
Midday,Set1,Draw4,3,0557,straight,8,R6,True,False,False,False,0
Midday,Set1,Draw4,2,157,straight,8,R6,False,False,False,False,2
Midday,Set1,Draw4,2,3355,straight,8,R6,False,False,False,False,2
Midday,Set1,Draw4,2,3557,straight,8,R6,False,False,False,False,2
Midday,Set1,Draw4,2,1557,straight,8,R6,False,False,False,False,2
Midday,Set1,Draw4,2,3345,straight,8,R6,False,False,False,False,2
Midday,Set1,Draw4,1,157,straight,8,R6,False,False,False,False,2
Midday,Set1,Draw4,2,137,straight,8,R8,False,False,False,False,2
Midday,Set1,Draw4,2,1337,straight,8,R8,False,False,False,False,2
Midday,Set1,Draw4,1,137,straight,8,R8,False,False,False,False,2
Midday,Set1,Draw5,3,001,straight,8,"R2,R8",False,True,False,False,0
Midday,Set1,Draw5,3,1336,straight,8,R2,True,False,False,False,0
Midday,Set1,Draw5,2,014,straight,8,R2,False,False,False,False,2
Midday,Set1,Draw5,1,014,straight,8,R2,False,False,False,False,2
Midday,Set1,Draw5,3,0559,boxed,8,"R4,R6",True,False,False,False,0
Midday,Set1,Draw5,2,334,straight,8,R4,False,False,False,False,2
Midday,Set1,Draw5,1,025,straight,8,R4,True,False,False,False,2
Midday,Set1,Draw5,3,007,straight,8,"R6,R8",False,True,False,False,0
Midday,Set1,Draw5,3,00557,straight,8,R6,True,False,False,False,0
Midday,Set1,Draw5,3,167,straight,8,R6,True,False,False,False,0
Midday,Set1,Draw5,3,339,straight,8,"R6,R8",False,True,False,False,0
Midday,Set1,Draw5,2,233,straight,8,R6,False,False,False,False,2
Midday,Set1,Draw5,2,3355,straight,8,R6,False,False,False,False,2
Midday,Set1,Draw5,2,2335,straight,8,R6,False,False,False,False,2
Midday,Set1,Draw5,1,035,straight,8,R6,True,False,False,False,2
Midday,Set1,Draw5,2,455,straight,8,R8,False,False,False,False,2
Midday,Set1,Draw6,2,13366,straight,8,R2,True,False,False,False,0
Midday,Set1,Draw6,1,1366,straight,8,R2,True,False,False,False,1
Midday,Set1,Draw6,1,249,straight,8,R2,True,False,False,False,1
Midday,Set1,Draw6,1,259,boxed,8,"R2,R4",False,False,False,False,1
Midday,Set1,Draw6,1,3667,straight,8,R2,False,False,False,False,1
Midday,Set1,Draw6,2,0559,boxed,8,"R4,R6",True,False,False,False,0
Midday,Set1,Draw6,1,0669,straight,8,R4,False,False,False,False,1
Midday,Set1,Draw6,1,0366,straight,8,R4,False,False,False,False,1
Midday,Set1,Draw6,2,1667,straight,8,R6,True,False,False,False,0
Midday,Set1,Draw6,2,339,straight,8,"R6,R8",False,True,False,False,0
Midday,Set1,Draw6,1,057,straight,8,R6,True,False,False,False,1
Midday,Set1,Draw6,1,017,boxed,8,"R6,R8",False,False,False,False,1
Midday,Set1,Draw6,1,166,straight,8,R6,True,False,False,False,1
Midday,Set1,Draw6,1,167,straight,8,R6,True,False,False,False,1
Midday,Set1,Draw6,1,2366,straight,8,R8,False,False,False,False,1
Midday,Set1,Draw6,1,2466,straight,8,R8,False,False,False,False,1
Midday,Set1,Draw7,1,11366,straight,8,R2,True,False,False,False,0
Midday,Set1,Draw7,1,011,straight,8,"R2,R8",False,True,False,False,0
Midday,Set1,Draw7,1,11667,straight,8,R6,True,False,False,False,0
Evening,Set3,Draw1,7,00338,straight,8,R2,True,False,False,False,0
Evening,Set3,Draw1,7,368,boxed,8,"R2,R4",True,False,False,False,0
Evening,Set3,Draw1,7,003,straight,8,R2,False,False,False,False,0
Evening,Set3,Draw1,6,0022,straight,8,R2,False,False,False,False,0
Evening,Set3,Draw1,6,003,straight,8,R2,False,False,False,False,0
Evening,Set3,Draw1,6,0023,straight,8,R2,False,False,False,False,0
Evening,Set3,Draw1,5,0022,straight,8,R2,False,False,False,False,0
Evening,Set3,Draw1,5,003,straight,8,R2,False,False,False,False,0
Evening,Set3,Draw1,5,0023,straight,8,R2,False,False,False,False,0
Evening,Set3,Draw1,4,002,straight,8,R2,False,False,False,False,1
Evening,Set3,Draw1,2,0228,straight,8,R2,False,False,False,False,1
Evening,Set3,Draw1,1,0228,straight,8,R2,False,False,False,False,1
Evening,Set3,Draw1,4,008,boxed,8,"R4,R6",False,False,False,False,1
Evening,Set3,Draw1,6,239,straight,8,R6,False,False,False,False,0
Evening,Set3,Draw1,5,239,straight,8,R6,False,False,False,False,0
Evening,Set3,Draw1,5,238,straight,8,R8,True,False,False,False,0
Evening,Set3,Draw1,2,2289,straight,8,R8,False,False,False,False,1
Evening,Set3,Draw1,1,2289,straight,8,R8,False,False,False,False,1
Evening,Set2,Draw1,7,0022,straight,8,R2,False,False,False,False,0
Evening,Set2,Draw1,7,001,straight,8,"R2,R8",False,True,False,False,0
Evening,Set2,Draw1,6,038,straight,8,R2,True,False,False,False,0
Evening,Set2,Draw1,6,0022,straight,8,R2,False,False,False,False,0
Evening,Set2,Draw1,6,00223,straight,8,R2,False,False,False,False,0
Evening,Set2,Draw1,6,0038,straight,8,R2,True,False,False,False,0
Evening,Set2,Draw1,5,038,straight,8,R2,True,False,False,False,0
Evening,Set2,Draw1,5,0022,straight,8,R2,False,False,False,False,0
Evening,Set2,Draw1,5,00223,straight,8,R2,False,False,False,False,0
Evening,Set2,Draw1,5,0038,straight,8,R2,True,False,False,False,0
Evening,Set2,Draw1,3,028,straight,8,R2,False,False,False,False,1
Evening,Set2,Draw1,3,0228,straight,8,R2,False,False,False,False,1
Evening,Set2,Draw1,2,028,straight,8,R2,False,False,False,False,1
Evening,Set2,Draw1,2,0228,straight,8,R2,False,False,False,False,1
Evening,Set2,Draw1,1,028,straight,8,R2,False,False,False,False,1
Evening,Set2,Draw1,7,0029,straight,8,R4,False,False,False,False,0
Evening,Set2,Draw1,7,009,boxed,8,"R4,R6",False,False,False,False,0
Evening,Set2,Draw1,6,0029,straight,8,R4,False,False,False,False,0
Evening,Set2,Draw1,6,0088,boxed,8,"R4,R6",False,False,False,False,0
Evening,Set2,Draw1,5,0029,straight,8,R4,False,False,False,False,0
Evening,Set2,Draw1,5,0088,boxed,8,"R4,R6",False,False,False,False,0
Evening,Set2,Draw1,7,239,straight,8,R6,False,False,False,False,0
Evening,Set2,Draw1,7,007,straight,8,"R6,R8",False,True,False,False,0
Evening,Set2,Draw1,7,039,straight,8,R6,False,False,False,False,0
Evening,Set2,Draw1,7,0039,straight,8,R6,False,False,False,False,0
Evening,Set2,Draw1,7,223,straight,8,R6,False,False,False,False,0
Evening,Set2,Draw1,6,239,straight,8,R6,False,False,False,False,0
Evening,Set2,Draw1,6,039,straight,8,R6,False,False,False,False,0
Evening,Set2,Draw1,6,0039,straight,8,R6,False,False,False,False,0
Evening,Set2,Draw1,5,239,straight,8,R6,False,False,False,False,0
Evening,Set2,Draw1,5,039,straight,8,R6,False,False,False,False,0
Evening,Set2,Draw1,5,0039,straight,8,R6,False,False,False,False,0
Evening,Set2,Draw1,6,238,straight,8,R8,True,False,False,False,0
Evening,Set2,Draw1,5,238,straight,8,R8,True,False,False,False,0
Evening,Set2,Draw1,3,288,straight,8,R8,False,False,False,False,1
Evening,Set2,Draw1,3,2288,straight,8,R8,False,False,False,False,1
Evening,Set2,Draw1,2,288,straight,8,R8,False,False,False,False,1
Evening,Set2,Draw1,2,2288,straight,8,R8,False,False,False,False,1
Evening,Set2,Draw1,1,288,straight,8,R8,False,False,False,False,1
Evening,Set1,Draw1,7,22599,boxed,8,"R2,R4",False,False,False,False,0
Evening,Set1,Draw1,7,1388,boxed,8,"R2,R4",True,False,False,False,0
Evening,Set1,Draw1,7,00229,straight,8,R2,False,False,False,False,0
Evening,Set1,Draw1,6,00229,straight,8,R2,False,False,False,False,0
Evening,Set1,Draw1,5,038,straight,8,R2,True,False,False,False,1
Evening,Set1,Draw1,4,028,straight,8,R2,False,False,False,False,1
Evening,Set1,Draw1,4,0228,straight,8,R2,False,False,False,False,1
Evening,Set1,Draw1,7,00889,straight,8,R4,False,False,False,False,0
Evening,Set1,Draw1,7,00899,straight,8,R4,False,False,False,False,0
Evening,Set1,Draw1,7,0599,boxed,8,"R4,R6",True,False,False,False,0
Evening,Set1,Draw1,7,225,straight,8,"R4,R8",False,True,False,False,0
Evening,Set1,Draw1,6,0088,boxed,8,"R4,R6",False,False,False,False,0
Evening,Set1,Draw1,6,0089,boxed,8,"R4,R6",False,False,False,False,0
Evening,Set1,Draw1,7,2239,straight,8,R6,False,False,False,False,0
Evening,Set1,Draw1,7,2399,straight,8,R6,False,False,False,False,0
Evening,Set1,Draw1,6,2239,straight,8,R6,False,False,False,False,0
Evening,Set1,Draw1,6,2399,straight,8,R6,False,False,False,False,0
Evening,Set1,Draw1,5,239,straight,8,R6,False,False,False,False,1
Evening,Set1,Draw1,5,0399,straight,8,R6,False,False,False,False,1
Evening,Set1,Draw1,5,399,straight,8,R6,False,False,False,False,1
Evening,Set1,Draw1,7,238,straight,8,R8,True,False,False,False,0
Evening,Set1,Draw1,6,238,straight,8,R8,True,False,False,False,0
Evening,Set1,Draw1,4,288,straight,8,R8,False,False,False,False,1
Evening,Set1,Draw1,4,2288,straight,8,R8,False,False,False,False,1
Evening,Set1,Draw1,3,228,straight,8,R8,False,False,False,False,2
Evening,Set1,Draw2,6,678,straight,8,R2,False,False,False,False,0
Evening,Set1,Draw2,6,00388,straight,8,R2,True,False,False,False,0
Evening,Set1,Draw2,6,022,straight,8,R2,False,False,False,False,0
Evening,Set1,Draw2,6,0388,straight,8,R2,True,False,False,False,0
Evening,Set1,Draw2,5,022,straight,8,R2,False,False,False,False,0
Evening,Set1,Draw2,5,0388,straight,8,R2,True,False,False,False,0
Evening,Set1,Draw2,5,678,straight,8,R2,False,False,False,False,0
Evening,Set1,Draw2,4,028,straight,8,R2,False,False,False,False,1
Evening,Set1,Draw2,4,0228,straight,8,R2,False,False,False,False,1
Evening,Set1,Draw2,3,028,straight,8,R2,False,False,False,False,1
Evening,Set1,Draw2,3,0228,straight,8,R2,False,False,False,False,1
Evening,Set1,Draw2,6,3788,straight,8,R4,True,False,False,False,0
Evening,Set1,Draw2,6,068,straight,8,R4,False,False,False,False,0
Evening,Set1,Draw2,5,068,straight,8,R4,False,False,False,False,0
Evening,Set1,Draw2,5,3788,straight,8,R4,True,False,False,False,0
Evening,Set1,Draw2,5,0699,straight,8,R4,False,False,False,False,0
Evening,Set1,Draw2,4,069,straight,8,R4,False,False,False,False,1
Evening,Set1,Draw2,3,069,straight,8,R4,False,False,False,False,1
Evening,Set1,Draw2,2,089,straight,8,R4,False,False,False,False,2
Evening,Set1,Draw2,6,007,straight,8,"R6,R8",False,True,False,False,0
Evening,Set1,Draw2,6,22399,straight,8,R6,False,False,False,False,0
Evening,Set1,Draw2,5,22399,straight,8,R6,False,False,False,False,0
Evening,Set1,Draw2,6,226,straight,8,R8,False,False,False,False,0
Evening,Set1,Draw2,6,008899,straight,8,R8,False,False,False,False,0
Evening,Set1,Draw2,6,3889,straight,8,R8,True,False,False,False,0
Evening,Set1,Draw2,5,226,straight,8,R8,False,False,False,False,0
Evening,Set1,Draw2,5,3889,straight,8,R8,True,False,False,False,0
Evening,Set1,Draw2,4,6889,straight,8,R8,False,False,False,False,1
Evening,Set1,Draw2,4,2268,straight,8,R8,False,False,False,False,1
Evening,Set1,Draw2,4,2688,straight,8,R8,False,False,False,False,1
Evening,Set1,Draw2,3,6889,straight,8,R8,False,False,False,False,1
Evening,Set1,Draw2,3,2268,straight,8,R8,False,False,False,False,1
Evening,Set1,Draw2,3,2688,straight,8,R8,False,False,False,False,1
Evening,Set1,Draw2,2,2889,straight,8,R8,False,False,False,False,2
Evening,Set1,Draw3,5,229,boxed,8,"R2,R4",False,False,False,False,0
Evening,Set1,Draw3,5,2249,straight,8,R2,True,False,False,False,0
Evening,Set1,Draw3,5,03388,straight,8,R2,True,False,False,False,0
Evening,Set1,Draw3,4,229,boxed,8,"R2,R4",False,False,False,False,0
Evening,Set1,Draw3,4,2249,straight,8,R2,True,False,False,False,0
Evening,Set1,Draw3,3,02288,straight,8,R2,False,False,False,False,1
Evening,Set1,Draw3,3,0288,straight,8,R2,False,False,False,False,1
Evening,Set1,Draw3,3,088,straight,8,R2,False,False,False,False,1
Evening,Set1,Draw3,3,678,straight,8,R2,False,False,False,False,1
Evening,Set1,Draw3,2,028,straight,8,R2,False,False,False,False,2
Evening,Set1,Draw3,5,0688,straight,8,R4,False,False,False,False,0
Evening,Set1,Draw3,5,0699,straight,8,R4,False,False,False,False,0
Evening,Set1,Draw3,5,33488,straight,8,R4,True,False,False,False,0
Evening,Set1,Draw3,4,0688,straight,8,R4,False,False,False,False,0
Evening,Set1,Draw3,4,0699,straight,8,R4,False,False,False,False,0
Evening,Set1,Draw3,3,068,straight,8,R4,False,False,False,False,1
Evening,Set1,Draw3,3,069,straight,8,R4,False,False,False,False,1
Evening,Set1,Draw3,2,089,straight,8,R4,False,False,False,False,2
Evening,Set1,Draw3,5,223399,straight,8,R6,False,False,False,False,0
Evening,Set1,Draw3,5,33889,straight,8,R8,True,False,False,False,0
Evening,Set1,Draw3,5,3889,straight,8,R8,True,False,False,False,0
Evening,Set1,Draw3,4,3889,straight,8,R8,True,False,False,False,0
Evening,Set1,Draw3,3,226,straight,8,R8,False,False,False,False,1
Evening,Set1,Draw3,3,22688,straight,8,R8,False,False,False,False,1
Evening,Set1,Draw3,3,68899,straight,8,R8,False,False,False,False,1
Evening,Set1,Draw3,2,2889,straight,8,R8,False,False,False,False,2
Evening,Set1,Draw4,4,299,boxed,8,"R2,R4",False,False,False,False,0
Evening,Set1,Draw4,4,66778,straight,8,R2,False,False,False,False,0
Evening,Set1,Draw4,4,2299,boxed,8,"R2,R4",False,False,False,False,0
Evening,Set1,Draw4,4,22499,straight,8,R2,True,False,False,False,0
Evening,Set1,Draw4,3,66778,straight,8,R2,False,False,False,False,0
Evening,Set1,Draw4,2,028,straight,8,R2,False,False,False,False,2
Evening,Set1,Draw4,2,6778,straight,8,R2,False,False,False,False,2
Evening,Set1,Draw4,4,06699,straight,8,R4,False,False,False,False,0
Evening,Set1,Draw4,4,02299,straight,8,R4,False,False,False,False,0
Evening,Set1,Draw4,4,0699,straight,8,R4,False,False,False,False,0
Evening,Set1,Draw4,4,0299,straight,8,R4,False,False,False,False,0
Evening,Set1,Draw4,4,06688,straight,8,R4,False,False,False,False,0
Evening,Set1,Draw4,3,06699,straight,8,R4,False,False,False,False,0
Evening,Set1,Draw4,3,0699,straight,8,R4,False,False,False,False,0
Evening,Set1,Draw4,4,788,straight,8,R6,False,False,False,False,0
Evening,Set1,Draw4,4,6788,straight,8,R6,False,False,False,False,0
Evening,Set1,Draw4,4,778,straight,8,R6,False,False,False,False,0
Evening,Set1,Draw4,4,38899,straight,8,R8,True,False,False,False,0
Evening,Set1,Draw4,4,899,straight,8,R8,False,False,False,False,0
Evening,Set1,Draw4,4,889,straight,8,R8,False,False,False,False,0
Evening,Set1,Draw4,3,899,straight,8,R8,False,False,False,False,0
Evening,Set1,Draw4,3,668899,straight,8,R8,False,False,False,False,0
Evening,Set1,Draw4,3,226688,straight,8,R8,False,False,False,False,0
Evening,Set1,Draw4,3,68899,straight,8,R8,False,False,False,False,0
Evening,Set1,Draw4,3,889,straight,8,R8,False,False,False,False,0
Evening,Set1,Draw4,2,2688,straight,8,R8,False,False,False,False,2
Evening,Set1,Draw5,3,06688,boxed,8,"R2,R4",False,False,False,False,0
Evening,Set1,Draw5,2,677,straight,8,R2,False,False,False,False,2
Evening,Set1,Draw5,2,028,straight,8,R2,False,False,False,False,2
Evening,Set1,Draw5,2,6778,straight,8,R2,False,False,False,False,2
Evening,Set1,Draw5,3,0299,boxed,8,"R4,R6",False,False,False,False,0
Evening,Set1,Draw5,2,069,straight,8,R4,False,False,False,False,2
Evening,Set1,Draw5,3,0778,straight,8,R6,False,False,False,False,0
Evening,Set1,Draw5,3,0899,straight,8,R8,False,False,False,False,0
Evening,Set1,Draw5,3,668899,straight,8,R8,False,False,False,False,0
Evening,Set1,Draw5,3,226688,straight,8,R8,False,False,False,False,0
Evening,Set1,Draw5,3,68899,straight,8,R8,False,False,False,False,0
Evening,Set1,Draw5,3,8899,straight,8,R8,False,False,False,False,0
Evening,Set1,Draw5,2,2688,straight,8,R8,False,False,False,False,2
Evening,Set1,Draw6,2,299,straight,8,"R2,R6",False,True,False,False,0
Evening,Set1,Draw6,2,00688,boxed,8,"R2,R4",False,False,False,False,0
Evening,Set1,Draw6,2,0099,boxed,8,"R4,R8",False,False,False,False,0
Evening,Set1,Draw6,2,07788,straight,8,R6,False,False,False,False,0
Evening,Set1,Draw6,2,0057,straight,8,R6,True,False,False,False,0
Evening,Set1,Draw6,2,0059,straight,8,R6,True,False,False,False,0
Evening,Set1,Draw6,2,00778,straight,8,R6,False,False,False,False,0
Evening,Set1,Draw6,1,059,straight,8,R6,True,False,False,False,1
Evening,Set1,Draw6,1,0778,straight,8,R6,False,False,False,False,1
Evening,Set1,Draw6,1,005,straight,8,R6,True,False,False,False,1
Evening,Set1,Draw6,2,00779,straight,8,R8,False,False,False,False,0
Evening,Set1,Draw6,2,08899,straight,8,R8,False,False,False,False,0
Evening,Set1,Draw6,2,00899,straight,8,R8,False,False,False,False,0
Evening,Set1,Draw6,2,00799,straight,8,R8,False,False,False,False,0
Evening,Set1,Draw6,1,0079,straight,8,R8,False,False,False,False,1
Evening,Set1,Draw6,1,0899,straight,8,R8,False,False,False,False,1
Evening,Set1,Draw6,1,58899,straight,8,R8,False,False,False,False,1
Evening,Set1,Draw6,1,8899,straight,8,R8,False,False,False,False,1
Evening,Set1,Draw7,1,3788,boxed,8,"R2,R4",True,False,False,False,0
Evening,Set1,Draw7,1,099,straight,8,"R2,R4",False,True,False,False,0
Evening,Set1,Draw7,1,009,straight,8,"R2,R4",False,True,False,False,0
Evening,Set1,Draw7,1,001,straight,8,"R2,R8",False,True,False,False,0
Evening,Set1,Draw7,1,00199,boxed,8,"R2,R8",False,False,False,False,0
Evening,Set1,Draw7,1,008899,straight,8,R4,False,False,False,False,0
Evening,Set1,Draw7,1,00388,straight,8,R4,True,False,False,False,0
Evening,Set1,Draw7,1,007,straight,8,"R6,R8",False,True,False,False,0
Evening,Set1,Draw7,1,00577,straight,8,R6,True,False,False,False,0
Evening,Set1,Draw7,1,077,straight,8,"R6,R8",False,True,False,False,0
Evening,Set1,Draw7,1,00557,straight,8,R6,True,False,False,False,0
Evening,Set1,Draw7,1,00559,straight,8,R6,True,False,False,False,0
Evening,Set1,Draw7,1,00177,boxed,8,"R6,R8",False,False,False,False,0
Evening,Set1,Draw7,1,38899,straight,8,R8,True,False,False,False,0
Evening,Set1,Draw7,1,35588,straight,8,R8,True,False,False,False,0
Combined,Set3,Draw1,7,229,boxed,8,"R2,R4",False,False,False,False,0
Combined,Set3,Draw1,6,229,boxed,8,"R2,R4",False,False,False,False,0
Combined,Set3,Draw1,6,33677,boxed,8,"R2,R4",False,False,False,False,0
Combined,Set3,Draw1,5,367,boxed,8,"R2,R4",False,False,False,False,0
Combined,Set3,Draw1,5,229,boxed,8,"R2,R4",False,False,False,False,0
Combined,Set3,Draw1,5,036,boxed,8,"R2,R4",False,False,False,False,0
Combined,Set3,Draw1,5,3677,boxed,8,"R2,R4",False,False,False,False,0
Combined,Set3,Draw1,4,023,straight,8,R2,False,False,False,False,1
Combined,Set3,Draw1,7,0229,straight,8,R4,False,False,False,False,0
Combined,Set3,Draw1,7,039,straight,8,R6,False,False,False,False,0
Combined,Set3,Draw1,7,22339,straight,8,R6,False,False,False,False,0
Combined,Set3,Draw1,6,22339,straight,8,R6,False,False,False,False,0
Combined,Set3,Draw1,7,2236,straight,8,R8,False,False,False,False,0
Combined,Set3,Draw1,7,22336,straight,8,R8,False,False,False,False,0
Combined,Set3,Draw1,7,236,straight,8,R8,False,False,False,False,0
Combined,Set3,Draw1,6,2236,straight,8,R8,False,False,False,False,0
Combined,Set3,Draw1,6,22336,straight,8,R8,False,False,False,False,0
Combined,Set3,Draw1,6,236,straight,8,R8,False,False,False,False,0
Combined,Set3,Draw1,5,2236,straight,8,R8,False,False,False,False,0
Combined,Set3,Draw1,5,236,straight,8,R8,False,False,False,False,0
Combined,Set2,Draw1,7,2249,straight,8,R2,True,False,False,False,0
Combined,Set2,Draw1,6,2249,straight,8,R2,True,False,False,False,0
Combined,Set2,Draw1,6,036,boxed,8,"R2,R4",False,False,False,False,0
Combined,Set2,Draw1,5,036,boxed,8,"R2,R4",False,False,False,False,0
Combined,Set2,Draw1,7,069,straight,8,R4,False,False,False,False,0
Combined,Set2,Draw1,6,069,straight,8,R4,False,False,False,False,0
Combined,Set2,Draw1,5,069,straight,8,R4,False,False,False,False,0
Combined,Set2,Draw1,7,339,straight,8,"R6,R8",False,True,False,False,0
Combined,Set2,Draw1,7,079,straight,8,R8,False,False,False,False,0
Combined,Set1,Draw1,7,299,boxed,8,"R2,R4",False,False,False,False,0
Combined,Set1,Draw1,7,667,straight,8,R2,False,False,False,False,0
Combined,Set1,Draw1,7,66778,boxed,8,"R2,R6",False,False,False,False,0
Combined,Set1,Draw1,7,22499,straight,8,R2,True,False,False,False,0
Combined,Set1,Draw1,6,299,boxed,8,"R2,R4",False,False,False,False,0
Combined,Set1,Draw1,4,2667,straight,8,R2,True,False,False,False,1
Combined,Set1,Draw1,7,0669,straight,8,R4,False,False,False,False,0
Combined,Set1,Draw1,7,0699,straight,8,R4,False,False,False,False,0
Combined,Set1,Draw1,7,0299,straight,8,R4,False,False,False,False,0
Combined,Set1,Draw1,6,0299,straight,8,R4,False,False,False,False,0
Combined,Set1,Draw1,6,0669,straight,8,R4,False,False,False,False,0
Combined,Set1,Draw1,6,0699,straight,8,R4,False,False,False,False,0
Combined,Set1,Draw1,5,069,straight,8,R4,False,False,False,False,1
Combined,Set1,Draw1,7,077,straight,8,"R6,R8",False,True,False,False,0
Combined,Set1,Draw1,7,266,straight,8,R8,False,False,False,False,0
Combined,Set1,Draw1,6,266,straight,8,R8,False,False,False,False,0
Combined,Set1,Draw1,5,2669,straight,8,R8,False,False,False,False,1
Combined,Set1,Draw1,5,26699,straight,8,R8,False,False,False,False,1
Combined,Set1,Draw2,6,00366,boxed,8,"R2,R4",False,False,False,False,0
Combined,Set1,Draw2,6,2599,boxed,8,"R2,R4",False,False,False,False,0
Combined,Set1,Draw2,6,0099,boxed,8,"R4,R8",False,False,False,False,0
Combined,Set1,Draw2,6,00699,straight,8,R4,False,False,False,False,0
Combined,Set1,Draw2,6,00669,straight,8,R4,False,False,False,False,0
Combined,Set1,Draw2,5,0099,boxed,8,"R4,R8",False,False,False,False,0
Combined,Set1,Draw2,5,00669,straight,8,R4,False,False,False,False,0
Combined,Set1,Draw2,4,0669,boxed,8,"R4,R8",False,False,False,False,1
Combined,Set1,Draw2,6,0057,straight,8,R6,True,False,False,False,0
Combined,Set1,Draw2,6,00667,straight,8,R6,False,False,False,False,0
Combined,Set1,Draw2,6,399,straight,8,"R6,R8",False,True,False,False,0
Combined,Set1,Draw2,6,0059,straight,8,R6,True,False,False,False,0
Combined,Set1,Draw2,6,0667,straight,8,R6,False,False,False,False,0
Combined,Set1,Draw2,5,0057,straight,8,R6,True,False,False,False,0
Combined,Set1,Draw2,5,0059,straight,8,R6,True,False,False,False,0
Combined,Set1,Draw2,4,057,straight,8,R6,True,False,False,False,1
Combined,Set1,Draw2,3,057,straight,8,R6,True,False,False,False,1
Combined,Set1,Draw2,6,00799,straight,8,R8,False,False,False,False,0
Combined,Set1,Draw2,5,00799,straight,8,R8,False,False,False,False,0
Combined,Set1,Draw2,4,266,straight,8,R8,False,False,False,False,1
Combined,Set1,Draw2,4,2669,straight,8,R8,False,False,False,False,1
Combined,Set1,Draw2,4,2566,straight,8,R8,False,False,False,False,1
Combined,Set1,Draw3,5,299,straight,8,"R2,R6",False,True,False,False,0
Combined,Set1,Draw3,5,001,straight,8,"R2,R8",False,True,False,False,0
Combined,Set1,Draw3,5,1668,boxed,8,"R2,R6",True,False,False,False,0
Combined,Set1,Draw3,5,0599,boxed,8,"R4,R6",True,False,False,False,0
Combined,Set1,Draw3,5,006699,straight,8,R4,False,False,False,False,0
Combined,Set1,Draw3,5,059,straight,8,R6,True,False,False,False,0
Combined,Set1,Draw3,5,007,straight,8,"R6,R8",False,True,False,False,0
Combined,Set1,Draw3,3,057,straight,8,R6,True,False,False,False,1
Combined,Set1,Draw3,3,079,straight,8,R8,False,False,False,False,1
Combined,Set1,Draw4,4,011,straight,8,"R2,R8",False,True,False,False,0
Combined,Set1,Draw4,4,11366,straight,8,R2,True,False,False,False,0
Combined,Set1,Draw4,3,019,boxed,8,"R2,R8",False,False,False,False,0
Combined,Set1,Draw4,2,016,straight,8,R2,True,False,False,False,2
Combined,Set1,Draw4,4,255,straight,8,"R4,R8",False,True,False,False,0
Combined,Set1,Draw4,4,11667,straight,8,R6,True,False,False,False,0
Combined,Set1,Draw4,4,0557,straight,8,R6,True,False,False,False,0
Combined,Set1,Draw4,3,0557,straight,8,R6,True,False,False,False,0
Combined,Set1,Draw4,2,169,straight,8,R8,True,False,False,False,2
Combined,Set1,Draw5,2,012,straight,8,R2,False,False,False,False,2
Combined,Set1,Draw5,2,016,straight,8,R2,True,False,False,False,2
Combined,Set1,Draw5,2,029,straight,8,R2,False,False,False,False,2
Combined,Set1,Draw5,3,177,boxed,8,"R4,R6",False,False,False,False,0
Combined,Set1,Draw5,3,255,straight,8,"R4,R8",False,True,False,False,0
Combined,Set1,Draw5,3,059,straight,8,R4,True,False,False,False,0
Combined,Set1,Draw5,3,0559,boxed,8,"R4,R6",True,False,False,False,0
Combined,Set1,Draw5,2,069,straight,8,R4,False,False,False,False,2
Combined,Set1,Draw5,2,0677,straight,8,R4,False,False,False,False,2
Combined,Set1,Draw5,1,0779,straight,8,R4,False,False,False,False,2
Combined,Set1,Draw5,3,057,straight,8,R6,True,False,False,False,0
Combined,Set1,Draw5,3,05577,straight,8,R6,True,False,False,False,0
Combined,Set1,Draw5,2,169,straight,8,R8,True,False,False,False,2
Combined,Set1,Draw5,2,256,straight,8,R8,False,False,False,False,2
Combined,Set1,Draw6,1,0144,straight,8,R2,False,False,False,False,1
Combined,Set1,Draw6,1,4459,straight,8,R2,True,False,False,False,1
Combined,Set1,Draw6,1,0449,straight,8,R2,True,False,False,False,1
Combined,Set1,Draw6,2,14477,straight,8,R4,False,False,False,False,0
Combined,Set1,Draw6,2,059,boxed,8,"R4,R6",True,False,False,False,0
Combined,Set1,Draw6,2,34477,straight,8,R4,False,False,False,False,0
Combined,Set1,Draw6,1,4477,straight,8,R4,False,False,False,False,1
Combined,Set1,Draw6,1,3447,straight,8,R4,False,False,False,False,1
Combined,Set1,Draw6,1,1477,straight,8,R4,False,False,False,False,1
Combined,Set1,Draw6,1,177,boxed,8,"R4,R6",False,False,False,False,1
Combined,Set1,Draw6,2,0177,boxed,8,"R6,R8",False,False,False,False,0
Combined,Set1,Draw6,2,0577,straight,8,R6,True,False,False,False,0
Combined,Set1,Draw6,1,057,straight,8,R6,True,False,False,False,1
Combined,Set1,Draw7,1,00449,straight,8,R2,True,False,False,False,0
Combined,Set1,Draw7,1,04499,straight,8,R2,True,False,False,False,0
Combined,Set1,Draw7,1,44599,straight,8,R2,True,False,False,False,0
Combined,Set1,Draw7,1,001,straight,8,"R2,R8",False,True,False,False,0
Combined,Set1,Draw7,1,0599,boxed,8,"R4,R6",True,False,False,False,0
Combined,Set1,Draw7,1,007,straight,8,"R6,R8",False,True,False,False,0
Combined,Set1,Draw7,1,00577,straight,8,R6,True,False,False,False,0
Combined,Set1,Draw7,1,077,straight,8,"R6,R8",False,True,False,False,0
Combined,Set1,Draw7,1,00177,boxed,8,"R6,R8",False,False,False,False,0
Combined,Set1,Draw7,1,34499,straight,8,R6,True,False,False,False,0
Midday,Set3,Draw1,7,168,boxed,7,"R2,R6",True,False,False,False,0
Midday,Set3,Draw1,7,0024,straight,7,R2,False,False,False,False,0
Midday,Set3,Draw1,7,024,straight,7,R2,False,False,False,False,0
Midday,Set3,Draw1,7,6778,straight,7,R2,False,False,False,False,0
Midday,Set3,Draw1,6,068,boxed,7,"R2,R4",False,False,False,False,0
Midday,Set3,Draw1,6,0024,straight,7,R2,False,False,False,False,0
Midday,Set3,Draw1,6,024,straight,7,R2,False,False,False,False,0
Midday,Set3,Draw1,6,678,boxed,7,"R2,R6",False,False,False,False,0
Midday,Set3,Draw1,5,024,straight,7,R2,False,False,False,False,0
Midday,Set3,Draw1,7,0068,straight,7,R4,False,False,False,False,0
Midday,Set3,Draw1,7,478,straight,7,R4,False,False,False,False,0
Midday,Set3,Draw1,7,0069,straight,7,R4,False,False,False,False,0
Midday,Set3,Draw1,7,059,boxed,7,"R4,R6",True,False,False,False,0
Midday,Set3,Draw1,6,0029,boxed,7,"R4,R6",False,False,False,False,0
Midday,Set3,Draw1,6,029,boxed,7,"R4,R6",False,False,False,False,0
Midday,Set3,Draw1,6,478,straight,7,R4,False,False,False,False,0
Midday,Set3,Draw1,6,0069,straight,7,R4,False,False,False,False,0
Midday,Set3,Draw1,5,029,boxed,7,"R4,R6",False,False,False,False,0
Midday,Set3,Draw1,5,478,straight,7,R4,False,False,False,False,0
Midday,Set3,Draw1,5,089,boxed,7,"R4,R8",False,False,False,False,0
Midday,Set3,Draw1,7,0057,straight,7,R6,True,False,False,False,0
Midday,Set3,Draw1,6,0778,straight,7,R6,False,False,False,False,0
Midday,Set3,Draw1,6,00778,straight,7,R6,False,False,False,False,0
Midday,Set2,Draw1,7,677,straight,7,R2,False,False,False,False,0
Midday,Set2,Draw1,7,66778,straight,7,R2,False,False,False,False,0
Midday,Set2,Draw1,6,677,straight,7,R2,False,False,False,False,0
Midday,Set2,Draw1,5,677,straight,7,R2,False,False,False,False,0
Midday,Set2,Draw1,5,1499,straight,7,R2,True,False,False,False,0
Midday,Set2,Draw1,5,167,boxed,7,"R2,R6",True,False,False,False,0
Midday,Set2,Draw1,5,149,straight,7,R2,True,False,False,False,0
Midday,Set2,Draw1,7,4778,straight,7,R4,False,False,False,False,0
Midday,Set2,Draw1,7,099,boxed,7,"R4,R6",False,False,False,False,0
Midday,Set2,Draw1,7,0099,boxed,7,"R4,R6",False,False,False,False,0
Midday,Set2,Draw1,7,00699,straight,7,R4,False,False,False,False,0
Midday,Set2,Draw1,7,00669,straight,7,R4,False,False,False,False,0
Midday,Set2,Draw1,7,00668,straight,7,R4,False,False,False,False,0
Midday,Set2,Draw1,6,4778,straight,7,R4,False,False,False,False,0
Midday,Set2,Draw1,6,099,boxed,7,"R4,R6",False,False,False,False,0
Midday,Set2,Draw1,7,00779,straight,7,R6,False,False,False,False,0
Midday,Set2,Draw1,7,0177,straight,7,R6,False,False,False,False,0
Midday,Set2,Draw1,7,1778,straight,7,R6,False,False,False,False,0
Midday,Set2,Draw1,7,00799,straight,7,R6,False,False,False,False,0
Midday,Set2,Draw1,6,07799,straight,7,R6,False,False,False,False,0
Midday,Set2,Draw1,6,1778,straight,7,R6,False,False,False,False,0
Midday,Set2,Draw1,5,4799,straight,7,R6,True,False,False,False,0
Midday,Set2,Draw1,5,779,straight,7,R6,False,False,False,False,0
Midday,Set2,Draw1,7,1899,straight,7,R8,False,False,False,False,0
Midday,Set2,Draw1,7,0199,straight,7,R8,False,False,False,False,0
Midday,Set2,Draw1,7,6899,straight,7,R8,False,False,False,False,0
Midday,Set2,Draw1,7,00199,straight,7,R8,False,False,False,False,0
Midday,Set2,Draw1,7,199,straight,7,R8,False,False,False,False,0
Midday,Set2,Draw1,7,66899,straight,7,R8,False,False,False,False,0
Midday,Set2,Draw1,6,1899,straight,7,R8,False,False,False,False,0
Midday,Set2,Draw1,6,199,straight,7,R8,False,False,False,False,0
Midday,Set2,Draw1,6,0199,straight,7,R8,False,False,False,False,0
Midday,Set2,Draw1,6,6899,straight,7,R8,False,False,False,False,0
Midday,Set2,Draw1,5,1699,straight,7,R8,True,False,False,False,0
Midday,Set2,Draw1,5,199,straight,7,R8,False,False,False,False,0
Midday,Set2,Draw1,4,179,straight,7,R8,False,False,False,False,1
Midday,Set1,Draw1,7,67788,straight,7,R2,False,False,False,False,0
Midday,Set1,Draw1,7,6778,straight,7,R2,False,False,False,False,0
Midday,Set1,Draw1,6,168,boxed,7,"R2,R6",True,False,False,False,0
Midday,Set1,Draw1,6,1499,straight,7,R2,True,False,False,False,0
Midday,Set1,Draw1,6,6778,straight,7,R2,False,False,False,False,0
Midday,Set1,Draw1,6,149,straight,7,R2,True,False,False,False,0
Midday,Set1,Draw1,7,0299,boxed,7,"R4,R6",False,False,False,False,0
Midday,Set1,Draw1,7,4778,straight,7,R4,False,False,False,False,0
Midday,Set1,Draw1,7,47788,straight,7,R4,False,False,False,False,0
Midday,Set1,Draw1,7,477,straight,7,R4,False,False,False,False,0
Midday,Set1,Draw1,6,6899,boxed,7,"R4,R8",False,False,False,False,0
Midday,Set1,Draw1,6,4778,straight,7,R4,False,False,False,False,0
Midday,Set1,Draw1,6,477,straight,7,R4,False,False,False,False,0
Midday,Set1,Draw1,7,0177,boxed,7,"R6,R8",False,False,False,False,0
Midday,Set1,Draw1,7,07799,straight,7,R6,False,False,False,False,0
Midday,Set1,Draw1,7,1778,straight,7,R6,False,False,False,False,0
Midday,Set1,Draw1,7,17788,straight,7,R6,False,False,False,False,0
Midday,Set1,Draw1,6,1778,straight,7,R6,False,False,False,False,0
Midday,Set1,Draw1,6,4799,straight,7,R6,True,False,False,False,0
Midday,Set1,Draw1,6,779,straight,7,R6,False,False,False,False,0
Midday,Set1,Draw1,7,1899,straight,7,R8,False,False,False,False,0
Midday,Set1,Draw1,7,18899,straight,7,R8,False,False,False,False,0
Midday,Set1,Draw1,7,68899,straight,7,R8,False,False,False,False,0
Midday,Set1,Draw1,6,1899,straight,7,R8,False,False,False,False,0
Midday,Set1,Draw1,5,179,straight,7,R8,False,False,False,False,1
Midday,Set1,Draw2,6,1344,straight,7,R2,False,False,False,False,0
Midday,Set1,Draw2,6,2499,straight,7,R2,True,False,False,False,0
Midday,Set1,Draw2,6,1244,straight,7,R2,False,False,False,False,0
Midday,Set1,Draw2,5,1344,straight,7,R2,False,False,False,False,0
Midday,Set1,Draw2,5,1244,straight,7,R2,False,False,False,False,0
Midday,Set1,Draw2,4,377,straight,7,R2,False,False,False,False,1
Midday,Set1,Draw2,6,3448,straight,7,R4,True,False,False,False,0
Midday,Set1,Draw2,6,3447,straight,7,R4,False,False,False,False,0
Midday,Set1,Draw2,6,4477,straight,7,R4,False,False,False,False,0
Midday,Set1,Draw2,6,477,straight,7,R4,False,False,False,False,0
Midday,Set1,Draw2,6,1477,straight,7,R4,False,False,False,False,0
Midday,Set1,Draw2,5,4477,straight,7,R4,False,False,False,False,0
Midday,Set1,Draw2,5,3447,straight,7,R4,False,False,False,False,0
Midday,Set1,Draw2,5,3449,straight,7,R4,True,False,False,False,0
Midday,Set1,Draw2,5,477,straight,7,R4,False,False,False,False,0
Midday,Set1,Draw2,5,1477,straight,7,R4,False,False,False,False,0
Midday,Set1,Draw2,6,239,straight,7,R6,False,False,False,False,0
Midday,Set1,Draw2,6,37799,straight,7,R6,False,False,False,False,0
Midday,Set1,Draw2,6,2344,straight,7,R6,False,False,False,False,0
Midday,Set1,Draw2,6,779,straight,7,R6,False,False,False,False,0
Midday,Set1,Draw2,6,234,straight,7,R6,False,False,False,False,0
Midday,Set1,Draw2,5,379,straight,7,R6,False,False,False,False,0
Midday,Set1,Draw2,5,3779,straight,7,R6,False,False,False,False,0
Midday,Set1,Draw2,5,779,straight,7,R6,False,False,False,False,0
Midday,Set1,Draw2,6,3899,straight,7,R8,True,False,False,False,0
Midday,Set1,Draw3,5,3377,straight,7,R2,False,False,False,False,0
Midday,Set1,Draw3,5,11337,straight,7,R2,False,False,False,False,0
Midday,Set1,Draw3,5,11334,straight,7,R2,False,False,False,False,0
Midday,Set1,Draw3,5,11344,straight,7,R2,False,False,False,False,0
Midday,Set1,Draw3,5,249,straight,7,R2,True,False,False,False,0
Midday,Set1,Draw3,5,259,boxed,7,"R2,R4",False,False,False,False,0
Midday,Set1,Draw3,5,11244,straight,7,R2,False,False,False,False,0
Midday,Set1,Draw3,5,2449,straight,7,R2,True,False,False,False,0
Midday,Set1,Draw3,4,249,straight,7,R2,True,False,False,False,0
Midday,Set1,Draw3,4,259,boxed,7,"R2,R4",False,False,False,False,0
Midday,Set1,Draw3,4,3377,straight,7,R2,False,False,False,False,0
Midday,Set1,Draw3,3,459,straight,7,R2,True,False,False,False,1
Midday,Set1,Draw3,3,149,straight,7,R2,True,False,False,False,1
Midday,Set1,Draw3,2,145,straight,7,R2,False,False,False,False,2
Midday,Set1,Draw3,5,33447,straight,7,R4,False,False,False,False,0
Midday,Set1,Draw3,5,1477,straight,7,R4,False,False,False,False,0
Midday,Set1,Draw3,5,34477,straight,7,R4,False,False,False,False,0
Midday,Set1,Draw3,5,11477,straight,7,R4,False,False,False,False,0
Midday,Set1,Draw3,5,14477,straight,7,R4,False,False,False,False,0
Midday,Set1,Draw3,4,33477,straight,7,R4,False,False,False,False,0
Midday,Set1,Draw3,4,1477,straight,7,R4,False,False,False,False,0
Midday,Set1,Draw3,5,579,straight,7,R6,False,False,False,False,0
Midday,Set1,Draw3,5,5779,straight,7,R6,False,False,False,False,0
Midday,Set1,Draw3,5,1577,straight,7,R6,False,False,False,False,0
Midday,Set1,Draw3,5,11577,straight,7,R6,False,False,False,False,0
Midday,Set1,Draw3,4,579,straight,7,R6,False,False,False,False,0
Midday,Set1,Draw3,4,5779,straight,7,R6,False,False,False,False,0
Midday,Set1,Draw3,4,1577,straight,7,R6,False,False,False,False,0
Midday,Set1,Draw3,3,157,straight,7,R6,False,False,False,False,1
Midday,Set1,Draw3,2,357,straight,7,R6,False,False,False,False,2
Midday,Set1,Draw3,5,11779,straight,7,R8,False,False,False,False,0
Midday,Set1,Draw3,5,11339,straight,7,R8,False,False,False,False,0
Midday,Set1,Draw3,5,139,straight,7,R8,False,False,False,False,0
Midday,Set1,Draw3,4,139,straight,7,R8,False,False,False,False,0
Midday,Set1,Draw3,3,179,straight,7,R8,False,False,False,False,1
Midday,Set1,Draw3,3,345,straight,7,R8,False,False,False,False,1
Midday,Set1,Draw4,4,0133,straight,7,R2,False,False,False,False,0
Midday,Set1,Draw4,4,133,straight,7,R2,False,False,False,False,0
Midday,Set1,Draw4,4,2559,boxed,7,"R2,R4",False,False,False,False,0
Midday,Set1,Draw4,4,33677,straight,7,R2,False,False,False,False,0
Midday,Set1,Draw4,3,0133,straight,7,R2,False,False,False,False,0
Midday,Set1,Draw4,3,133,straight,7,R2,False,False,False,False,0
Midday,Set1,Draw4,3,4559,straight,7,R2,True,False,False,False,0
Midday,Set1,Draw4,4,334,straight,7,R4,False,False,False,False,0
Midday,Set1,Draw4,4,33477,straight,7,R4,False,False,False,False,0
Midday,Set1,Draw4,4,0336,straight,7,R4,False,False,False,False,0
Midday,Set1,Draw4,4,059,straight,7,R4,True,False,False,False,0
Midday,Set1,Draw4,3,147,straight,7,R4,False,False,False,False,0
Midday,Set1,Draw4,3,0336,straight,7,R4,False,False,False,False,0
Midday,Set1,Draw4,3,059,straight,7,R4,True,False,False,False,0
Midday,Set1,Draw4,2,556,straight,7,R4,False,False,False,False,2
Midday,Set1,Draw4,4,0577,straight,7,R6,True,False,False,False,0
Midday,Set1,Draw4,4,0177,boxed,7,"R6,R8",False,False,False,False,0
Midday,Set1,Draw4,4,3359,straight,7,R6,False,False,False,False,0
Midday,Set1,Draw4,4,057,straight,7,R6,True,False,False,False,0
Midday,Set1,Draw4,4,055,straight,7,R6,True,False,False,False,0
Midday,Set1,Draw4,4,3559,straight,7,R6,False,False,False,False,0
Midday,Set1,Draw4,4,1677,straight,7,R6,True,False,False,False,0
Midday,Set1,Draw4,3,057,straight,7,R6,True,False,False,False,0
Midday,Set1,Draw4,3,017,boxed,7,"R6,R8",False,False,False,False,0
Midday,Set1,Draw4,3,3559,straight,7,R6,False,False,False,False,0
Midday,Set1,Draw4,3,3359,straight,7,R6,False,False,False,False,0
Midday,Set1,Draw4,3,055,straight,7,R6,True,False,False,False,0
Midday,Set1,Draw4,3,3349,straight,7,R6,True,False,False,False,0
Midday,Set1,Draw4,2,355,straight,7,R6,False,False,False,False,2
Midday,Set1,Draw4,2,557,straight,7,R6,False,False,False,False,2
Midday,Set1,Draw4,2,335,straight,7,R6,False,False,False,False,2
Midday,Set1,Draw4,1,357,straight,7,R6,False,False,False,False,2
Midday,Set1,Draw4,1,345,straight,7,R6,False,False,False,False,2
Midday,Set1,Draw4,4,3369,straight,7,R8,False,False,False,False,0
Midday,Set1,Draw4,4,455,straight,7,R8,False,False,False,False,0
Midday,Set1,Draw4,4,1339,straight,7,R8,False,False,False,False,0
Midday,Set1,Draw4,3,4556,straight,7,R8,False,False,False,False,0
Midday,Set1,Draw4,3,456,straight,7,R8,False,False,False,False,0
Midday,Set1,Draw4,3,3369,straight,7,R8,False,False,False,False,0
Midday,Set1,Draw4,3,346,straight,7,R8,False,False,False,False,0
Midday,Set1,Draw4,3,455,straight,7,R8,False,False,False,False,0
Midday,Set1,Draw4,3,1339,straight,7,R8,False,False,False,False,0
Midday,Set1,Draw5,3,00133,straight,7,R2,False,False,False,False,0
Midday,Set1,Draw5,3,3367,straight,7,R2,False,False,False,False,0
Midday,Set1,Draw5,3,367,straight,7,R2,False,False,False,False,0
Midday,Set1,Draw5,3,0133,straight,7,R2,False,False,False,False,0
Midday,Set1,Draw5,3,2559,boxed,7,"R2,R4",False,False,False,False,0
Midday,Set1,Draw5,3,024,straight,7,R2,False,False,False,False,0
Midday,Set1,Draw5,3,013,straight,7,R2,False,False,False,False,0
Midday,Set1,Draw5,3,147,straight,7,R4,False,False,False,False,0
Midday,Set1,Draw5,3,00336,straight,7,R4,False,False,False,False,0
Midday,Set1,Draw5,3,0336,straight,7,R4,False,False,False,False,0
Midday,Set1,Draw5,3,3347,straight,7,R4,False,False,False,False,0
Midday,Set1,Draw5,3,3346,straight,7,R4,False,False,False,False,0
Midday,Set1,Draw5,3,0059,straight,7,R4,True,False,False,False,0
Midday,Set1,Draw5,3,036,straight,7,R4,False,False,False,False,0
Midday,Set1,Draw5,3,347,straight,7,R4,False,False,False,False,0
Midday,Set1,Draw5,1,346,straight,7,R4,False,False,False,False,2
Midday,Set1,Draw5,3,0055,straight,7,R6,True,False,False,False,0
Midday,Set1,Draw5,3,234,straight,7,R6,False,False,False,False,0
Midday,Set1,Draw5,3,0057,straight,7,R6,True,False,False,False,0
Midday,Set1,Draw5,3,017,straight,7,R6,False,False,False,False,0
Midday,Set1,Draw5,3,055,straight,7,R6,True,False,False,False,0
Midday,Set1,Draw5,3,33559,straight,7,R6,False,False,False,False,0
Midday,Set1,Draw5,3,0017,boxed,7,"R6,R8",False,False,False,False,0
Midday,Set1,Draw5,3,2334,straight,7,R6,False,False,False,False,0
Midday,Set1,Draw5,2,355,straight,7,R6,False,False,False,False,2
Midday,Set1,Draw5,2,335,straight,7,R6,False,False,False,False,2
Midday,Set1,Draw5,1,235,straight,7,R6,False,False,False,False,2
Midday,Set1,Draw5,3,2336,straight,7,R8,False,False,False,False,0
Midday,Set1,Draw5,3,245,straight,7,R8,False,False,False,False,0
Midday,Set1,Draw5,3,2455,straight,7,R8,False,False,False,False,0
Midday,Set1,Draw5,3,246,straight,7,R8,False,False,False,False,0
Midday,Set1,Draw5,3,236,straight,7,R8,False,False,False,False,0
Midday,Set1,Draw6,2,2559,boxed,7,"R2,R4",False,False,False,False,0
Midday,Set1,Draw6,2,249,straight,7,R2,True,False,False,False,0
Midday,Set1,Draw6,2,1336,straight,7,R2,True,False,False,False,0
Midday,Set1,Draw6,2,33667,straight,7,R2,False,False,False,False,0
Midday,Set1,Draw6,2,3667,straight,7,R2,False,False,False,False,0
Midday,Set1,Draw6,1,136,straight,7,R2,True,False,False,False,1
Midday,Set1,Draw6,1,667,straight,7,R2,False,False,False,False,1
Midday,Set1,Draw6,1,024,straight,7,R2,False,False,False,False,1
Midday,Set1,Draw6,1,014,straight,7,R2,False,False,False,False,1
Midday,Set1,Draw6,1,013,straight,7,R2,False,False,False,False,1
Midday,Set1,Draw6,2,03366,straight,7,R4,False,False,False,False,0
Midday,Set1,Draw6,2,0366,straight,7,R4,False,False,False,False,0
Midday,Set1,Draw6,2,059,straight,7,R4,True,False,False,False,0
Midday,Set1,Draw6,2,0669,straight,7,R4,False,False,False,False,0
Midday,Set1,Draw6,2,33466,straight,7,R4,False,False,False,False,0
Midday,Set1,Draw6,1,147,straight,7,R4,False,False,False,False,1
Midday,Set1,Draw6,1,3466,straight,7,R4,False,False,False,False,1
Midday,Set1,Draw6,1,066,straight,7,R4,False,False,False,False,1
Midday,Set1,Draw6,1,347,straight,7,R4,False,False,False,False,1
Midday,Set1,Draw6,1,069,straight,7,R4,False,False,False,False,1
Midday,Set1,Draw6,2,057,straight,7,R6,True,False,False,False,0
Midday,Set1,Draw6,2,017,boxed,7,"R6,R8",False,False,False,False,0
Midday,Set1,Draw6,2,166,straight,7,R6,True,False,False,False,0
Midday,Set1,Draw6,2,167,straight,7,R6,True,False,False,False,0
Midday,Set1,Draw6,2,33559,straight,7,R6,False,False,False,False,0
Midday,Set1,Draw6,2,0557,straight,7,R6,True,False,False,False,0
Midday,Set1,Draw6,1,359,straight,7,R6,False,False,False,False,1
Midday,Set1,Draw6,1,234,straight,7,R6,False,False,False,False,1
Midday,Set1,Draw6,2,33669,straight,7,R8,False,False,False,False,0
Midday,Set1,Draw6,2,2366,straight,7,R8,False,False,False,False,0
Midday,Set1,Draw6,2,2466,straight,7,R8,False,False,False,False,0
Midday,Set1,Draw6,2,23366,straight,7,R8,False,False,False,False,0
Midday,Set1,Draw6,1,245,straight,7,R8,False,False,False,False,1
Midday,Set1,Draw6,1,3669,straight,7,R8,False,False,False,False,1
Midday,Set1,Draw6,1,266,straight,7,R8,False,False,False,False,1
Midday,Set1,Draw6,1,246,straight,7,R8,False,False,False,False,1
Midday,Set1,Draw6,1,019,straight,7,R8,False,False,False,False,1
Midday,Set1,Draw6,1,139,straight,7,R8,False,False,False,False,1
Midday,Set1,Draw7,1,1136,straight,7,R2,True,False,False,False,0
Midday,Set1,Draw7,1,01144,straight,7,R2,False,False,False,False,0
Midday,Set1,Draw7,1,1366,straight,7,R2,True,False,False,False,0
Midday,Set1,Draw7,1,2449,straight,7,R2,True,False,False,False,0
Midday,Set1,Draw7,1,34466,straight,7,R4,False,False,False,False,0
Midday,Set1,Draw7,1,059,boxed,7,"R4,R6",True,False,False,False,0
Midday,Set1,Draw7,1,11447,straight,7,R4,False,False,False,False,0
Midday,Set1,Draw7,1,0117,boxed,7,"R6,R8",False,False,False,False,0
Midday,Set1,Draw7,1,1167,straight,7,R6,True,False,False,False,0
Midday,Set1,Draw7,1,1166,straight,7,R6,True,False,False,False,0
Midday,Set1,Draw7,1,24466,straight,7,R8,False,False,False,False,0
Evening,Set3,Draw1,7,678,boxed,7,"R2,R6",False,False,False,False,0
Evening,Set3,Draw1,7,00334,straight,7,R2,False,False,False,False,0
Evening,Set3,Draw1,7,00224,straight,7,R2,False,False,False,False,0
Evening,Set3,Draw1,7,2249,straight,7,R2,True,False,False,False,0
Evening,Set3,Draw1,7,0338,straight,7,R2,True,False,False,False,0
Evening,Set3,Draw1,6,002,straight,7,R2,False,False,False,False,0
Evening,Set3,Draw1,6,678,boxed,7,"R2,R6",False,False,False,False,0
Evening,Set3,Draw1,5,002,straight,7,R2,False,False,False,False,0
Evening,Set3,Draw1,3,0223,straight,7,R2,False,False,False,False,1
Evening,Set3,Draw1,2,028,straight,7,R2,False,False,False,False,1
Evening,Set3,Draw1,1,028,straight,7,R2,False,False,False,False,1
Evening,Set3,Draw1,7,0068,straight,7,R4,False,False,False,False,0
Evening,Set3,Draw1,7,3348,straight,7,R4,True,False,False,False,0
Evening,Set3,Draw1,7,0069,straight,7,R4,False,False,False,False,0
Evening,Set3,Draw1,6,0068,straight,7,R4,False,False,False,False,0
Evening,Set3,Draw1,6,0069,straight,7,R4,False,False,False,False,0
Evening,Set3,Draw1,5,008,boxed,7,"R4,R6",False,False,False,False,0
Evening,Set3,Draw1,7,0078,straight,7,R6,False,False,False,False,0
Evening,Set3,Draw1,7,00339,straight,7,R6,False,False,False,False,0
Evening,Set3,Draw1,7,22339,straight,7,R6,False,False,False,False,0
Evening,Set3,Draw1,7,22334,straight,7,R6,False,False,False,False,0
Evening,Set3,Draw1,6,0078,straight,7,R6,False,False,False,False,0
Evening,Set3,Draw1,7,2236,straight,7,R8,False,False,False,False,0
Evening,Set3,Draw1,7,3389,straight,7,R8,True,False,False,False,0
Evening,Set3,Draw1,7,22336,straight,7,R8,False,False,False,False,0
Evening,Set3,Draw1,6,2236,straight,7,R8,False,False,False,False,0
Evening,Set3,Draw1,2,228,straight,7,R8,False,False,False,False,1
Evening,Set3,Draw1,2,289,straight,7,R8,False,False,False,False,1
Evening,Set3,Draw1,1,228,straight,7,R8,False,False,False,False,1
Evening,Set3,Draw1,1,289,straight,7,R8,False,False,False,False,1
Evening,Set2,Draw1,7,1388,straight,7,R2,True,False,False,False,0
Evening,Set2,Draw1,7,002,straight,7,R2,False,False,False,False,0
Evening,Set2,Draw1,7,00122,straight,7,R2,False,False,False,False,0
Evening,Set2,Draw1,6,002,straight,7,R2,False,False,False,False,0
Evening,Set2,Draw1,6,0023,straight,7,R2,False,False,False,False,0
Evening,Set2,Draw1,5,002,straight,7,R2,False,False,False,False,0
Evening,Set2,Draw1,5,0023,straight,7,R2,False,False,False,False,0
Evening,Set2,Draw1,4,0223,straight,7,R2,False,False,False,False,1
Evening,Set2,Draw1,7,3788,straight,7,R4,True,False,False,False,0
Evening,Set2,Draw1,7,00688,straight,7,R4,False,False,False,False,0
Evening,Set2,Draw1,6,008,boxed,7,"R4,R6",False,False,False,False,0
Evening,Set2,Draw1,5,008,boxed,7,"R4,R6",False,False,False,False,0
Evening,Set2,Draw1,7,1688,straight,7,R6,True,False,False,False,0
Evening,Set2,Draw1,7,0017,boxed,7,"R6,R8",False,False,False,False,0
Evening,Set2,Draw1,3,228,straight,7,R8,False,False,False,False,1
Evening,Set2,Draw1,2,228,straight,7,R8,False,False,False,False,1
Evening,Set1,Draw1,7,138,boxed,7,"R2,R4",True,False,False,False,0
Evening,Set1,Draw1,7,2599,boxed,7,"R2,R4",False,False,False,False,0
Evening,Set1,Draw1,7,0022,straight,7,R2,False,False,False,False,0
Evening,Set1,Draw1,7,00122,straight,7,R2,False,False,False,False,0
Evening,Set1,Draw1,6,038,straight,7,R2,True,False,False,False,0
Evening,Set1,Draw1,6,0022,straight,7,R2,False,False,False,False,0
Evening,Set1,Draw1,6,0038,straight,7,R2,True,False,False,False,0
Evening,Set1,Draw1,6,00223,straight,7,R2,False,False,False,False,0
Evening,Set1,Draw1,5,0223,straight,7,R2,False,False,False,False,1
Evening,Set1,Draw1,2,029,straight,7,R2,False,False,False,False,2
Evening,Set1,Draw1,7,0099,straight,7,R4,False,False,False,False,0
Evening,Set1,Draw1,7,0088,straight,7,R4,False,False,False,False,0
Evening,Set1,Draw1,7,0089,straight,7,R4,False,False,False,False,0
Evening,Set1,Draw1,6,00299,straight,7,R4,False,False,False,False,0
Evening,Set1,Draw1,6,008,boxed,7,"R4,R6",False,False,False,False,0
Evening,Set1,Draw1,7,0015,straight,7,R6,True,False,False,False,0
Evening,Set1,Draw1,7,399,straight,7,R6,False,False,False,False,0
Evening,Set1,Draw1,7,00188,straight,7,R6,False,False,False,False,0
Evening,Set1,Draw1,7,239,straight,7,R6,False,False,False,False,0
Evening,Set1,Draw1,7,0059,straight,7,R6,True,False,False,False,0
Evening,Set1,Draw1,6,239,straight,7,R6,False,False,False,False,0
Evening,Set1,Draw1,6,00399,straight,7,R6,False,False,False,False,0
Evening,Set1,Draw1,6,0399,straight,7,R6,False,False,False,False,0
Evening,Set1,Draw1,6,399,straight,7,R6,False,False,False,False,0
Evening,Set1,Draw1,7,18899,straight,7,R8,False,False,False,False,0
Evening,Set1,Draw1,7,00199,straight,7,R8,False,False,False,False,0
Evening,Set1,Draw1,4,228,straight,7,R8,False,False,False,False,1
Evening,Set1,Draw2,6,038,straight,7,R2,True,False,False,False,0
Evening,Set1,Draw2,6,0038,straight,7,R2,True,False,False,False,0
Evening,Set1,Draw2,6,00229,straight,7,R2,False,False,False,False,0
Evening,Set1,Draw2,6,00223,straight,7,R2,False,False,False,False,0
Evening,Set1,Draw2,5,038,straight,7,R2,True,False,False,False,0
Evening,Set1,Draw2,2,029,straight,7,R2,False,False,False,False,2
Evening,Set1,Draw2,6,00688,straight,7,R4,False,False,False,False,0
Evening,Set1,Draw2,6,00299,straight,7,R4,False,False,False,False,0
Evening,Set1,Draw2,6,00699,straight,7,R4,False,False,False,False,0
Evening,Set1,Draw2,6,378,straight,7,R4,True,False,False,False,0
Evening,Set1,Draw2,5,378,straight,7,R4,True,False,False,False,0
Evening,Set1,Draw2,5,069,straight,7,R4,False,False,False,False,0
Evening,Set1,Draw2,6,2239,straight,7,R6,False,False,False,False,0
Evening,Set1,Draw2,6,00788,straight,7,R6,False,False,False,False,0
Evening,Set1,Draw2,6,00399,straight,7,R6,False,False,False,False,0
Evening,Set1,Draw2,6,2399,straight,7,R6,False,False,False,False,0
Evening,Set1,Draw2,6,0399,straight,7,R6,False,False,False,False,0
Evening,Set1,Draw2,5,2239,straight,7,R6,False,False,False,False,0
Evening,Set1,Draw2,5,0399,straight,7,R6,False,False,False,False,0
Evening,Set1,Draw2,5,2399,straight,7,R6,False,False,False,False,0
Evening,Set1,Draw2,6,00899,straight,7,R8,False,False,False,False,0
Evening,Set1,Draw2,6,2236,straight,7,R8,False,False,False,False,0
Evening,Set1,Draw2,6,368,straight,7,R8,True,False,False,False,0
Evening,Set1,Draw2,5,368,straight,7,R8,True,False,False,False,0
Evening,Set1,Draw2,5,2236,straight,7,R8,False,False,False,False,0
Evening,Set1,Draw2,4,268,straight,7,R8,False,False,False,False,1
Evening,Set1,Draw2,3,268,straight,7,R8,False,False,False,False,1
Evening,Set1,Draw2,2,288,straight,7,R8,False,False,False,False,2
Evening,Set1,Draw3,5,678,straight,7,R2,False,False,False,False,0
Evening,Set1,Draw3,5,0338,straight,7,R2,True,False,False,False,0
Evening,Set1,Draw3,5,0224,straight,7,R2,False,False,False,False,0
Evening,Set1,Draw3,4,0224,straight,7,R2,False,False,False,False,0
Evening,Set1,Draw3,4,0388,straight,7,R2,True,False,False,False,0
Evening,Set1,Draw3,4,678,straight,7,R2,False,False,False,False,0
Evening,Set1,Draw3,3,0229,straight,7,R2,False,False,False,False,1
Evening,Set1,Draw3,3,028,straight,7,R2,False,False,False,False,1
Evening,Set1,Draw3,3,0228,straight,7,R2,False,False,False,False,1
Evening,Set1,Draw3,2,029,straight,7,R2,False,False,False,False,2
Evening,Set1,Draw3,5,069,straight,7,R4,False,False,False,False,0
Evening,Set1,Draw3,5,068,straight,7,R4,False,False,False,False,0
Evening,Set1,Draw3,5,3348,straight,7,R4,True,False,False,False,0
Evening,Set1,Draw3,4,3488,straight,7,R4,True,False,False,False,0
Evening,Set1,Draw3,4,068,straight,7,R4,False,False,False,False,0
Evening,Set1,Draw3,4,069,straight,7,R4,False,False,False,False,0
Evening,Set1,Draw3,5,23399,straight,7,R6,False,False,False,False,0
Evening,Set1,Draw3,5,03399,straight,7,R6,False,False,False,False,0
Evening,Set1,Draw3,5,2234,straight,7,R6,False,False,False,False,0
Evening,Set1,Draw3,5,0399,straight,7,R6,False,False,False,False,0
Evening,Set1,Draw3,5,22339,straight,7,R6,False,False,False,False,0
Evening,Set1,Draw3,5,22334,straight,7,R6,False,False,False,False,0
Evening,Set1,Draw3,4,2234,straight,7,R6,False,False,False,False,0
Evening,Set1,Draw3,4,0399,straight,7,R6,False,False,False,False,0
Evening,Set1,Draw3,4,22399,straight,7,R6,False,False,False,False,0
Evening,Set1,Draw3,5,226,straight,7,R8,False,False,False,False,0
Evening,Set1,Draw3,5,2246,straight,7,R8,False,False,False,False,0
Evening,Set1,Draw3,5,22336,straight,7,R8,False,False,False,False,0
Evening,Set1,Draw3,5,2236,straight,7,R8,False,False,False,False,0
Evening,Set1,Draw3,5,3368,straight,7,R8,True,False,False,False,0
Evening,Set1,Draw3,4,226,straight,7,R8,False,False,False,False,0
Evening,Set1,Draw3,4,2246,straight,7,R8,False,False,False,False,0
Evening,Set1,Draw3,4,2236,straight,7,R8,False,False,False,False,0
Evening,Set1,Draw3,3,6889,straight,7,R8,False,False,False,False,1
Evening,Set1,Draw3,3,2268,straight,7,R8,False,False,False,False,1
Evening,Set1,Draw3,3,2688,straight,7,R8,False,False,False,False,1
Evening,Set1,Draw3,2,288,straight,7,R8,False,False,False,False,2
Evening,Set1,Draw4,4,229,boxed,7,"R2,R4",False,False,False,False,0
Evening,Set1,Draw4,4,2249,straight,7,R2,True,False,False,False,0
Evening,Set1,Draw4,4,0388,straight,7,R2,True,False,False,False,0
Evening,Set1,Draw4,4,6678,straight,7,R2,False,False,False,False,0
Evening,Set1,Draw4,4,677,straight,7,R2,False,False,False,False,0
Evening,Set1,Draw4,4,6677,straight,7,R2,False,False,False,False,0
Evening,Set1,Draw4,3,02288,straight,7,R2,False,False,False,False,0
Evening,Set1,Draw4,3,6678,straight,7,R2,False,False,False,False,0
Evening,Set1,Draw4,3,0688,straight,7,R2,False,False,False,False,0
Evening,Set1,Draw4,3,677,straight,7,R2,False,False,False,False,0
Evening,Set1,Draw4,3,088,straight,7,R2,False,False,False,False,0
Evening,Set1,Draw4,3,6677,straight,7,R2,False,False,False,False,0
Evening,Set1,Draw4,3,0288,straight,7,R2,False,False,False,False,0
Evening,Set1,Draw4,2,678,straight,7,R2,False,False,False,False,2
Evening,Set1,Draw4,2,029,straight,7,R2,False,False,False,False,2
Evening,Set1,Draw4,4,0669,straight,7,R4,False,False,False,False,0
Evening,Set1,Draw4,4,069,straight,7,R4,False,False,False,False,0
Evening,Set1,Draw4,4,3488,straight,7,R4,True,False,False,False,0
Evening,Set1,Draw4,4,0668,straight,7,R4,False,False,False,False,0
Evening,Set1,Draw4,3,0669,straight,7,R4,False,False,False,False,0
Evening,Set1,Draw4,3,069,straight,7,R4,False,False,False,False,0
Evening,Set1,Draw4,3,0668,straight,7,R4,False,False,False,False,0
Evening,Set1,Draw4,2,068,straight,7,R4,False,False,False,False,2
Evening,Set1,Draw4,4,22399,straight,7,R6,False,False,False,False,0
Evening,Set1,Draw4,4,22366,straight,7,R8,False,False,False,False,0
Evening,Set1,Draw4,4,3668,straight,7,R8,True,False,False,False,0
Evening,Set1,Draw4,4,3889,straight,7,R8,True,False,False,False,0
Evening,Set1,Draw4,4,2266,straight,7,R8,False,False,False,False,0
Evening,Set1,Draw4,4,22466,straight,7,R8,False,False,False,False,0
Evening,Set1,Draw4,3,26688,straight,7,R8,False,False,False,False,0
Evening,Set1,Draw4,3,66889,straight,7,R8,False,False,False,False,0
Evening,Set1,Draw4,3,2266,straight,7,R8,False,False,False,False,0
Evening,Set1,Draw4,3,6889,straight,7,R8,False,False,False,False,0
Evening,Set1,Draw4,3,22668,straight,7,R8,False,False,False,False,0
Evening,Set1,Draw4,2,268,straight,7,R8,False,False,False,False,2
Evening,Set1,Draw5,3,02288,straight,7,R2,False,False,False,False,0
Evening,Set1,Draw5,3,66778,straight,7,R2,False,False,False,False,0
Evening,Set1,Draw5,3,0688,straight,7,R2,False,False,False,False,0
Evening,Set1,Draw5,3,088,straight,7,R2,False,False,False,False,0
Evening,Set1,Draw5,3,0288,straight,7,R2,False,False,False,False,0
Evening,Set1,Draw5,2,678,straight,7,R2,False,False,False,False,2
Evening,Set1,Draw5,2,029,straight,7,R2,False,False,False,False,2
Evening,Set1,Draw5,3,06699,straight,7,R4,False,False,False,False,0
Evening,Set1,Draw5,3,0699,straight,7,R4,False,False,False,False,0
Evening,Set1,Draw5,2,068,straight,7,R4,False,False,False,False,2
Evening,Set1,Draw5,3,899,straight,7,R8,False,False,False,False,0
Evening,Set1,Draw5,3,26688,straight,7,R8,False,False,False,False,0
Evening,Set1,Draw5,3,66889,straight,7,R8,False,False,False,False,0
Evening,Set1,Draw5,3,889,straight,7,R8,False,False,False,False,0
Evening,Set1,Draw5,3,6889,straight,7,R8,False,False,False,False,0
Evening,Set1,Draw5,3,22668,straight,7,R8,False,False,False,False,0
Evening,Set1,Draw5,2,268,straight,7,R8,False,False,False,False,2
Evening,Set1,Draw6,2,00288,straight,7,R2,False,False,False,False,0
Evening,Set1,Draw6,2,0688,boxed,7,"R2,R4",False,False,False,False,0
Evening,Set1,Draw6,2,0088,straight,7,R2,False,False,False,False,0
Evening,Set1,Draw6,2,00299,straight,7,R2,False,False,False,False,0
Evening,Set1,Draw6,2,099,boxed,7,"R4,R8",False,False,False,False,0
Evening,Set1,Draw6,2,00699,straight,7,R4,False,False,False,False,0
Evening,Set1,Draw6,2,009,boxed,7,"R4,R8",False,False,False,False,0
Evening,Set1,Draw6,2,0778,straight,7,R6,False,False,False,False,0
Evening,Set1,Draw6,2,005,straight,7,R6,True,False,False,False,0
Evening,Set1,Draw6,2,059,straight,7,R6,True,False,False,False,0
Evening,Set1,Draw6,2,0079,straight,7,R8,False,False,False,False,0
Evening,Set1,Draw6,2,0899,straight,7,R8,False,False,False,False,0
Evening,Set1,Draw6,2,68899,straight,7,R8,False,False,False,False,0
Evening,Set1,Draw6,2,8899,straight,7,R8,False,False,False,False,0
Evening,Set1,Draw6,1,899,straight,7,R8,False,False,False,False,1
Evening,Set1,Draw6,1,5889,straight,7,R8,False,False,False,False,1
Evening,Set1,Draw6,1,889,straight,7,R8,False,False,False,False,1
Evening,Set1,Draw7,1,1388,straight,7,R2,True,False,False,False,0
Evening,Set1,Draw7,1,0019,boxed,7,"R2,R8",False,False,False,False,0
Evening,Set1,Draw7,1,00889,straight,7,R4,False,False,False,False,0
Evening,Set1,Draw7,1,00899,straight,7,R4,False,False,False,False,0
Evening,Set1,Draw7,1,3778,straight,7,R4,True,False,False,False,0
Evening,Set1,Draw7,1,0388,straight,7,R4,True,False,False,False,0
Evening,Set1,Draw7,1,0055,straight,7,R6,True,False,False,False,0
Evening,Set1,Draw7,1,35599,straight,7,R6,False,False,False,False,0
Evening,Set1,Draw7,1,0559,straight,7,R6,True,False,False,False,0
Evening,Set1,Draw7,1,0057,straight,7,R6,True,False,False,False,0
Evening,Set1,Draw7,1,17788,straight,7,R6,False,False,False,False,0
Evening,Set1,Draw7,1,18899,straight,7,R8,False,False,False,False,0
Evening,Set1,Draw7,1,3558,straight,7,R8,True,False,False,False,0
Evening,Set1,Draw7,1,3889,straight,7,R8,True,False,False,False,0
Evening,Set1,Draw7,1,3588,straight,7,R8,True,False,False,False,0
Combined,Set3,Draw1,7,677,straight,7,R2,False,False,False,False,0
Combined,Set3,Draw1,7,368,boxed,7,"R2,R4",True,False,False,False,0
Combined,Set3,Draw1,7,2249,straight,7,R2,True,False,False,False,0
Combined,Set3,Draw1,7,0338,straight,7,R2,True,False,False,False,0
Combined,Set3,Draw1,7,6778,boxed,7,"R2,R6",False,False,False,False,0
Combined,Set3,Draw1,6,3367,boxed,7,"R2,R4",False,False,False,False,0
Combined,Set3,Draw1,6,023,straight,7,R2,False,False,False,False,0
Combined,Set3,Draw1,6,367,straight,7,R2,False,False,False,False,0
Combined,Set3,Draw1,6,3677,straight,7,R2,False,False,False,False,0
Combined,Set3,Draw1,6,0223,straight,7,R2,False,False,False,False,0
Combined,Set3,Draw1,6,0336,boxed,7,"R2,R4",False,False,False,False,0
Combined,Set3,Draw1,6,02233,straight,7,R2,False,False,False,False,0
Combined,Set3,Draw1,5,023,straight,7,R2,False,False,False,False,0
Combined,Set3,Draw1,5,0223,straight,7,R2,False,False,False,False,0
Combined,Set3,Draw1,7,33477,straight,7,R4,False,False,False,False,0
Combined,Set3,Draw1,7,3348,straight,7,R4,True,False,False,False,0
Combined,Set3,Draw1,6,036,straight,7,R4,False,False,False,False,0
Combined,Set3,Draw1,7,2339,straight,7,R6,False,False,False,False,0
Combined,Set3,Draw1,7,0339,straight,7,R6,False,False,False,False,0
Combined,Set3,Draw1,7,223,straight,7,R6,False,False,False,False,0
Combined,Set3,Draw1,7,22334,straight,7,R6,False,False,False,False,0
Combined,Set3,Draw1,7,2233,straight,7,R6,False,False,False,False,0
Combined,Set3,Draw1,6,2339,straight,7,R6,False,False,False,False,0
Combined,Set3,Draw1,6,223,straight,7,R6,False,False,False,False,0
Combined,Set3,Draw1,6,2233,straight,7,R6,False,False,False,False,0
Combined,Set3,Draw1,6,0677,straight,7,R6,False,False,False,False,0
Combined,Set3,Draw1,5,223,straight,7,R6,False,False,False,False,0
Combined,Set3,Draw1,5,0677,straight,7,R6,False,False,False,False,0
Combined,Set3,Draw1,4,067,straight,7,R6,False,False,False,False,1
Combined,Set3,Draw1,4,239,straight,7,R6,False,False,False,False,1
Combined,Set3,Draw1,7,2336,straight,7,R8,False,False,False,False,0
Combined,Set3,Draw1,7,226,straight,7,R8,False,False,False,False,0
Combined,Set3,Draw1,7,3389,straight,7,R8,True,False,False,False,0
Combined,Set3,Draw1,6,2336,straight,7,R8,False,False,False,False,0
Combined,Set3,Draw1,6,226,straight,7,R8,False,False,False,False,0
Combined,Set3,Draw1,5,226,straight,7,R8,False,False,False,False,0
Combined,Set3,Draw1,4,369,straight,7,R8,False,False,False,False,1
Combined,Set2,Draw1,7,034,straight,7,R2,False,False,False,False,0
Combined,Set2,Draw1,7,367,straight,7,R2,False,False,False,False,0
Combined,Set2,Draw1,7,3677,straight,7,R2,False,False,False,False,0
Combined,Set2,Draw1,7,2259,boxed,7,"R2,R4",False,False,False,False,0
Combined,Set2,Draw1,7,0336,boxed,7,"R2,R4",False,False,False,False,0
Combined,Set2,Draw1,7,33677,straight,7,R2,False,False,False,False,0
Combined,Set2,Draw1,7,0224,straight,7,R2,False,False,False,False,0
Combined,Set2,Draw1,7,024,straight,7,R2,False,False,False,False,0
Combined,Set2,Draw1,6,034,straight,7,R2,False,False,False,False,0
Combined,Set2,Draw1,6,367,straight,7,R2,False,False,False,False,0
Combined,Set2,Draw1,6,229,boxed,7,"R2,R4",False,False,False,False,0
Combined,Set2,Draw1,6,0224,straight,7,R2,False,False,False,False,0
Combined,Set2,Draw1,6,3677,straight,7,R2,False,False,False,False,0
Combined,Set2,Draw1,6,024,straight,7,R2,False,False,False,False,0
Combined,Set2,Draw1,5,034,straight,7,R2,False,False,False,False,0
Combined,Set2,Draw1,5,367,straight,7,R2,False,False,False,False,0
Combined,Set2,Draw1,5,024,straight,7,R2,False,False,False,False,0
Combined,Set2,Draw1,7,33477,straight,7,R4,False,False,False,False,0
Combined,Set2,Draw1,7,3477,straight,7,R4,False,False,False,False,0
Combined,Set2,Draw1,7,059,boxed,7,"R4,R6",True,False,False,False,0
Combined,Set2,Draw1,7,347,straight,7,R4,False,False,False,False,0
Combined,Set2,Draw1,7,036,straight,7,R4,False,False,False,False,0
Combined,Set2,Draw1,6,029,straight,7,R4,False,False,False,False,0
Combined,Set2,Draw1,6,3477,straight,7,R4,False,False,False,False,0
Combined,Set2,Draw1,6,347,straight,7,R4,False,False,False,False,0
Combined,Set2,Draw1,5,029,straight,7,R4,False,False,False,False,0
Combined,Set2,Draw1,5,347,straight,7,R4,False,False,False,False,0
Combined,Set2,Draw1,7,2234,straight,7,R6,False,False,False,False,0
Combined,Set2,Draw1,7,22339,straight,7,R6,False,False,False,False,0
Combined,Set2,Draw1,7,22334,straight,7,R6,False,False,False,False,0
Combined,Set2,Draw1,7,0677,straight,7,R6,False,False,False,False,0
Combined,Set2,Draw1,7,0577,straight,7,R6,True,False,False,False,0
Combined,Set2,Draw1,6,2234,straight,7,R6,False,False,False,False,0
Combined,Set2,Draw1,6,0677,straight,7,R6,False,False,False,False,0
Combined,Set2,Draw1,7,2246,straight,7,R8,False,False,False,False,0
Combined,Set2,Draw1,7,2236,straight,7,R8,False,False,False,False,0
Combined,Set2,Draw1,7,039,straight,7,R8,False,False,False,False,0
Combined,Set2,Draw1,7,22336,straight,7,R8,False,False,False,False,0
Combined,Set2,Draw1,7,236,straight,7,R8,False,False,False,False,0
Combined,Set2,Draw1,7,0779,straight,7,R8,False,False,False,False,0
Combined,Set2,Draw1,6,2246,straight,7,R8,False,False,False,False,0
Combined,Set2,Draw1,6,2236,straight,7,R8,False,False,False,False,0
Combined,Set2,Draw1,6,236,straight,7,R8,False,False,False,False,0
Combined,Set2,Draw1,5,236,straight,7,R8,False,False,False,False,0
Combined,Set1,Draw1,7,6678,boxed,7,"R2,R6",False,False,False,False,0
Combined,Set1,Draw1,7,2249,straight,7,R2,True,False,False,False,0
Combined,Set1,Draw1,7,2299,boxed,7,"R2,R4",False,False,False,False,0
Combined,Set1,Draw1,6,2499,straight,7,R2,True,False,False,False,0
Combined,Set1,Draw1,6,0366,boxed,7,"R2,R4",False,False,False,False,0
Combined,Set1,Draw1,5,0266,straight,7,R2,False,False,False,False,1
Combined,Set1,Draw1,4,269,boxed,7,"R2,R4",False,False,False,False,1
Combined,Set1,Draw1,7,02299,straight,7,R4,False,False,False,False,0
Combined,Set1,Draw1,7,066,straight,7,R4,False,False,False,False,0
Combined,Set1,Draw1,7,069,straight,7,R4,False,False,False,False,0
Combined,Set1,Draw1,6,066,straight,7,R4,False,False,False,False,0
Combined,Set1,Draw1,6,069,straight,7,R4,False,False,False,False,0
Combined,Set1,Draw1,7,22399,straight,7,R6,False,False,False,False,0
Combined,Set1,Draw1,7,2399,straight,7,R6,False,False,False,False,0
Combined,Set1,Draw1,7,0399,straight,7,R6,False,False,False,False,0
Combined,Set1,Draw1,6,0667,straight,7,R6,False,False,False,False,0
Combined,Set1,Draw1,6,2399,straight,7,R6,False,False,False,False,0
Combined,Set1,Draw1,5,067,straight,7,R6,False,False,False,False,1
Combined,Set1,Draw1,4,279,straight,7,R6,True,False,False,False,1
Combined,Set1,Draw1,7,22366,straight,7,R8,False,False,False,False,0
Combined,Set1,Draw1,7,2366,straight,7,R8,False,False,False,False,0
Combined,Set1,Draw1,7,3899,straight,7,R8,True,False,False,False,0
Combined,Set1,Draw1,7,22466,straight,7,R8,False,False,False,False,0
Combined,Set1,Draw1,6,2366,straight,7,R8,False,False,False,False,0
Combined,Set1,Draw1,6,36699,straight,7,R8,False,False,False,False,0
Combined,Set1,Draw1,5,6699,straight,7,R8,False,False,False,False,1
Combined,Set1,Draw1,5,669,straight,7,R8,False,False,False,False,1
Combined,Set1,Draw2,6,2499,straight,7,R2,True,False,False,False,0
Combined,Set1,Draw2,6,0366,boxed,7,"R2,R4",False,False,False,False,0
Combined,Set1,Draw2,5,00299,straight,7,R2,False,False,False,False,0
Combined,Set1,Draw2,5,00266,straight,7,R2,False,False,False,False,0
Combined,Set1,Draw2,4,0266,straight,7,R2,False,False,False,False,1
Combined,Set1,Draw2,4,029,straight,7,R2,False,False,False,False,1
Combined,Set1,Draw2,6,259,straight,7,R4,False,False,False,False,0
Combined,Set1,Draw2,6,0066,straight,7,R4,False,False,False,False,0
Combined,Set1,Draw2,6,099,boxed,7,"R4,R8",False,False,False,False,0
Combined,Set1,Draw2,6,066,straight,7,R4,False,False,False,False,0
Combined,Set1,Draw2,6,009,boxed,7,"R4,R8",False,False,False,False,0
Combined,Set1,Draw2,6,0069,straight,7,R4,False,False,False,False,0
Combined,Set1,Draw2,5,009,boxed,7,"R4,R8",False,False,False,False,0
Combined,Set1,Draw2,5,0069,straight,7,R4,False,False,False,False,0
Combined,Set1,Draw2,5,259,straight,7,R4,False,False,False,False,0
Combined,Set1,Draw2,5,099,boxed,7,"R4,R8",False,False,False,False,0
Combined,Set1,Draw2,6,0067,straight,7,R6,False,False,False,False,0
Combined,Set1,Draw2,6,005,straight,7,R6,True,False,False,False,0
Combined,Set1,Draw2,5,0067,straight,7,R6,False,False,False,False,0
Combined,Set1,Draw2,5,005,straight,7,R6,True,False,False,False,0
Combined,Set1,Draw2,6,0079,straight,7,R8,False,False,False,False,0
Combined,Set1,Draw2,6,00399,straight,7,R8,False,False,False,False,0
Combined,Set1,Draw2,6,36699,straight,7,R8,False,False,False,False,0
Combined,Set1,Draw2,6,266,straight,7,R8,False,False,False,False,0
Combined,Set1,Draw2,5,06699,straight,7,R8,False,False,False,False,0
Combined,Set1,Draw2,5,0079,straight,7,R8,False,False,False,False,0
Combined,Set1,Draw2,5,266,straight,7,R8,False,False,False,False,0
Combined,Set1,Draw2,5,2669,straight,7,R8,False,False,False,False,0
Combined,Set1,Draw2,5,2566,straight,7,R8,False,False,False,False,0
Combined,Set1,Draw2,5,26699,straight,7,R8,False,False,False,False,0
Combined,Set1,Draw2,4,669,straight,7,R8,False,False,False,False,1
Combined,Set1,Draw2,4,256,straight,7,R8,False,False,False,False,1
Combined,Set1,Draw3,5,6678,boxed,7,"R2,R4",False,False,False,False,0
Combined,Set1,Draw3,5,168,boxed,7,"R2,R6",True,False,False,False,0
Combined,Set1,Draw3,5,00299,straight,7,R2,False,False,False,False,0
Combined,Set1,Draw3,4,0166,straight,7,R2,True,False,False,False,0
Combined,Set1,Draw3,4,166,boxed,7,"R2,R6",True,False,False,False,0
Combined,Set1,Draw3,5,00699,straight,7,R4,False,False,False,False,0
Combined,Set1,Draw3,5,00669,straight,7,R4,False,False,False,False,0
Combined,Set1,Draw3,5,00668,straight,7,R4,False,False,False,False,0
Combined,Set1,Draw3,4,167,boxed,7,"R4,R6",True,False,False,False,0
Combined,Set1,Draw3,4,069,straight,7,R4,False,False,False,False,0
Combined,Set1,Draw3,5,0057,straight,7,R6,True,False,False,False,0
Combined,Set1,Draw3,5,0017,boxed,7,"R6,R8",False,False,False,False,0
Combined,Set1,Draw3,5,0059,straight,7,R6,True,False,False,False,0
Combined,Set1,Draw3,4,057,straight,7,R6,True,False,False,False,0
Combined,Set1,Draw3,4,017,boxed,7,"R6,R8",False,False,False,False,0
Combined,Set1,Draw3,5,00199,straight,7,R8,False,False,False,False,0
Combined,Set1,Draw3,5,66899,straight,7,R8,False,False,False,False,0
Combined,Set1,Draw3,5,2566,straight,7,R8,False,False,False,False,0
Combined,Set1,Draw3,4,1669,straight,7,R8,True,False,False,False,0
Combined,Set1,Draw3,4,2566,straight,7,R8,False,False,False,False,0
Combined,Set1,Draw4,4,1136,straight,7,R2,True,False,False,False,0
Combined,Set1,Draw4,4,1366,straight,7,R2,True,False,False,False,0
Combined,Set1,Draw4,4,136,straight,7,R2,True,False,False,False,0
Combined,Set1,Draw4,4,2559,boxed,7,"R2,R4",False,False,False,False,0
Combined,Set1,Draw4,4,3667,boxed,7,"R2,R4",False,False,False,False,0
Combined,Set1,Draw4,3,367,boxed,7,"R2,R4",False,False,False,False,0
Combined,Set1,Draw4,3,136,straight,7,R2,True,False,False,False,0
Combined,Set1,Draw4,4,069,straight,7,R4,False,False,False,False,0
Combined,Set1,Draw4,3,069,straight,7,R4,False,False,False,False,0
Combined,Set1,Draw4,2,067,straight,7,R4,False,False,False,False,2
Combined,Set1,Draw4,1,079,straight,7,R4,False,False,False,False,2
Combined,Set1,Draw4,4,0117,boxed,7,"R6,R8",False,False,False,False,0
Combined,Set1,Draw4,4,1167,straight,7,R6,True,False,False,False,0
Combined,Set1,Draw4,4,3559,straight,7,R6,False,False,False,False,0
Combined,Set1,Draw4,4,1166,straight,7,R6,True,False,False,False,0
Combined,Set1,Draw4,4,055,straight,7,R6,True,False,False,False,0
Combined,Set1,Draw4,3,3559,straight,7,R6,False,False,False,False,0
Combined,Set1,Draw4,3,055,straight,7,R6,True,False,False,False,0
Combined,Set1,Draw4,3,167,straight,7,R6,True,False,False,False,0
Combined,Set1,Draw4,4,25566,straight,7,R8,False,False,False,False,0
Combined,Set1,Draw4,2,569,straight,7,R8,False,False,False,False,2
Combined,Set1,Draw4,1,159,straight,7,R8,False,False,False,False,2
Combined,Set1,Draw5,3,2559,boxed,7,"R2,R4",False,False,False,False,0
Combined,Set1,Draw5,3,3778,straight,7,R4,True,False,False,False,0
Combined,Set1,Draw5,2,067,straight,7,R4,False,False,False,False,2
Combined,Set1,Draw5,1,079,straight,7,R4,False,False,False,False,2
Combined,Set1,Draw5,3,0557,straight,7,R6,True,False,False,False,0
Combined,Set1,Draw5,3,017,straight,7,R8,False,False,False,False,0
Combined,Set1,Draw5,3,019,straight,7,R8,False,False,False,False,0
Combined,Set1,Draw5,2,269,straight,7,R8,False,False,False,False,2
Combined,Set1,Draw5,1,159,straight,7,R8,False,False,False,False,2
Combined,Set1,Draw6,2,0144,straight,7,R2,False,False,False,False,0
Combined,Set1,Draw6,2,2449,straight,7,R2,True,False,False,False,0
Combined,Set1,Draw6,1,044,straight,7,R2,False,False,False,False,1
Combined,Set1,Draw6,1,1377,straight,7,R2,False,False,False,False,1
Combined,Set1,Draw6,1,459,straight,7,R2,True,False,False,False,1
Combined,Set1,Draw6,1,449,straight,7,R2,True,False,False,False,1
Combined,Set1,Draw6,1,014,straight,7,R2,False,False,False,False,1
Combined,Set1,Draw6,1,013,straight,7,R2,False,False,False,False,1
Combined,Set1,Draw6,2,4477,straight,7,R4,False,False,False,False,0
Combined,Set1,Draw6,2,3447,straight,7,R4,False,False,False,False,0
Combined,Set1,Draw6,2,1477,straight,7,R4,False,False,False,False,0
Combined,Set1,Draw6,2,177,boxed,7,"R4,R6",False,False,False,False,0
Combined,Set1,Draw6,1,477,straight,7,R4,False,False,False,False,1
Combined,Set1,Draw6,1,447,straight,7,R4,False,False,False,False,1
Combined,Set1,Draw6,1,0344,straight,7,R4,False,False,False,False,1
Combined,Set1,Draw6,2,057,straight,7,R6,True,False,False,False,0
Combined,Set1,Draw6,2,1677,straight,7,R6,True,False,False,False,0
Combined,Set1,Draw6,1,359,straight,7,R6,False,False,False,False,1
Combined,Set1,Draw6,1,445,straight,7,R8,False,False,False,False,1
Combined,Set1,Draw6,1,3445,straight,7,R8,False,False,False,False,1
Combined,Set1,Draw6,1,017,straight,7,R8,False,False,False,False,1
Combined,Set1,Draw6,1,019,straight,7,R8,False,False,False,False,1
Combined,Set1,Draw6,1,139,straight,7,R8,False,False,False,False,1
Combined,Set1,Draw7,1,4499,straight,7,R2,True,False,False,False,0
Combined,Set1,Draw7,1,4599,straight,7,R2,True,False,False,False,0
Combined,Set1,Draw7,1,0449,straight,7,R2,True,False,False,False,0
Combined,Set1,Draw7,1,00144,straight,7,R2,False,False,False,False,0
Combined,Set1,Draw7,1,3778,straight,7,R2,True,False,False,False,0
Combined,Set1,Draw7,1,00899,straight,7,R4,False,False,False,False,0
Combined,Set1,Draw7,1,0038,straight,7,R4,True,False,False,False,0
Combined,Set1,Draw7,1,34477,straight,7,R4,False,False,False,False,0
Combined,Set1,Draw7,1,14477,straight,7,R4,False,False,False,False,0
Combined,Set1,Draw7,1,3499,straight,7,R6,True,False,False,False,0
Combined,Set1,Draw7,1,0057,straight,7,R6,True,False,False,False,0
Combined,Set1,Draw7,1,0059,straight,7,R6,True,False,False,False,0
Combined,Set1,Draw7,1,3449,straight,7,R6,True,False,False,False,0
Combined,Set1,Draw7,1,3899,straight,7,R8,True,False,False,False,0
Combined,Set1,Draw7,1,00199,straight,7,R8,False,False,False,False,0
Midday,Set3,Draw1,7,0018,straight,6,R2,False,False,False,False,0
Midday,Set3,Draw1,7,0014,straight,6,R2,False,False,False,False,0
Midday,Set3,Draw1,7,004,straight,6,R2,False,False,False,False,0
Midday,Set3,Draw1,7,677,straight,6,R2,False,False,False,False,0
Midday,Set3,Draw1,7,678,straight,6,R2,False,False,False,False,0
Midday,Set3,Draw1,6,004,straight,6,R2,False,False,False,False,0
Midday,Set3,Draw1,6,0048,straight,6,R2,False,False,False,False,0
Midday,Set3,Draw1,6,677,straight,6,R2,False,False,False,False,0
Midday,Set3,Draw1,5,048,boxed,6,"R2,R4",False,False,False,False,0
Midday,Set3,Draw1,7,006,straight,6,R4,False,False,False,False,0
Midday,Set3,Draw1,7,068,straight,6,R4,False,False,False,False,0
Midday,Set3,Draw1,7,1477,straight,6,R4,False,False,False,False,0
Midday,Set3,Draw1,7,177,boxed,6,"R4,R6",False,False,False,False,0
Midday,Set3,Draw1,7,468,straight,6,R4,False,False,False,False,0
Midday,Set3,Draw1,7,009,straight,6,R4,False,False,False,False,0
Midday,Set3,Draw1,6,006,straight,6,R4,False,False,False,False,0
Midday,Set3,Draw1,6,468,straight,6,R4,False,False,False,False,0
Midday,Set3,Draw1,7,0177,straight,6,R6,False,False,False,False,0
Midday,Set3,Draw1,7,005,straight,6,R6,True,False,False,False,0
Midday,Set3,Draw1,7,1778,straight,6,R6,False,False,False,False,0
Midday,Set3,Draw1,6,778,straight,6,R6,False,False,False,False,0
Midday,Set3,Draw1,7,689,straight,6,R8,False,False,False,False,0
Midday,Set3,Draw1,7,0017,straight,6,R8,False,False,False,False,0
Midday,Set3,Draw1,7,268,straight,6,R8,False,False,False,False,0
Midday,Set3,Draw1,7,246,straight,6,R8,False,False,False,False,0
Midday,Set3,Draw1,7,0019,straight,6,R8,False,False,False,False,0
Midday,Set3,Draw1,6,0089,straight,6,R8,False,False,False,False,0
Midday,Set3,Draw1,6,689,straight,6,R8,False,False,False,False,0
Midday,Set3,Draw1,6,268,straight,6,R8,False,False,False,False,0
Midday,Set3,Draw1,6,246,straight,6,R8,False,False,False,False,0
Midday,Set3,Draw1,6,089,straight,6,R8,False,False,False,False,0
Midday,Set2,Draw1,7,018,straight,6,R2,False,False,False,False,0
Midday,Set2,Draw1,7,6677,straight,6,R2,False,False,False,False,0
Midday,Set2,Draw1,7,6678,straight,6,R2,False,False,False,False,0
Midday,Set2,Draw1,7,0018,straight,6,R2,False,False,False,False,0
Midday,Set2,Draw1,7,0014,straight,6,R2,False,False,False,False,0
Midday,Set2,Draw1,7,0024,straight,6,R2,False,False,False,False,0
Midday,Set2,Draw1,7,024,straight,6,R2,False,False,False,False,0
Midday,Set2,Draw1,6,018,straight,6,R2,False,False,False,False,0
Midday,Set2,Draw1,6,6778,straight,6,R2,False,False,False,False,0
Midday,Set2,Draw1,6,024,straight,6,R2,False,False,False,False,0
Midday,Set2,Draw1,5,146,straight,6,R2,True,False,False,False,0
Midday,Set2,Draw1,4,147,straight,6,R2,False,False,False,False,1
Midday,Set2,Draw1,7,478,straight,6,R4,False,False,False,False,0
Midday,Set2,Draw1,7,0066,straight,6,R4,False,False,False,False,0
Midday,Set2,Draw1,7,4668,straight,6,R4,False,False,False,False,0
Midday,Set2,Draw1,7,468,straight,6,R4,False,False,False,False,0
Midday,Set2,Draw1,7,009,boxed,6,"R4,R6",False,False,False,False,0
Midday,Set2,Draw1,7,0668,straight,6,R4,False,False,False,False,0
Midday,Set2,Draw1,7,0069,straight,6,R4,False,False,False,False,0
Midday,Set2,Draw1,6,478,straight,6,R4,False,False,False,False,0
Midday,Set2,Draw1,6,468,straight,6,R4,False,False,False,False,0
Midday,Set2,Draw1,6,0699,straight,6,R4,False,False,False,False,0
Midday,Set2,Draw1,5,4677,straight,6,R4,False,False,False,False,0
Midday,Set2,Draw1,7,0079,straight,6,R6,False,False,False,False,0
Midday,Set2,Draw1,7,178,straight,6,R6,False,False,False,False,0
Midday,Set2,Draw1,6,178,straight,6,R6,False,False,False,False,0
Midday,Set2,Draw1,6,0799,straight,6,R6,False,False,False,False,0
Midday,Set2,Draw1,6,0779,straight,6,R6,False,False,False,False,0
Midday,Set2,Draw1,5,7799,straight,6,R6,False,False,False,False,0
Midday,Set2,Draw1,7,6689,straight,6,R8,False,False,False,False,0
Midday,Set2,Draw1,7,899,straight,6,R8,False,False,False,False,0
Midday,Set2,Draw1,7,689,straight,6,R8,False,False,False,False,0
Midday,Set2,Draw1,7,0017,straight,6,R8,False,False,False,False,0
Midday,Set2,Draw1,7,019,straight,6,R8,False,False,False,False,0
Midday,Set2,Draw1,7,2466,straight,6,R8,False,False,False,False,0
Midday,Set2,Draw1,7,246,straight,6,R8,False,False,False,False,0
Midday,Set2,Draw1,7,0019,straight,6,R8,False,False,False,False,0
Midday,Set2,Draw1,7,2668,straight,6,R8,False,False,False,False,0
Midday,Set2,Draw1,6,899,straight,6,R8,False,False,False,False,0
Midday,Set2,Draw1,6,689,straight,6,R8,False,False,False,False,0
Midday,Set2,Draw1,6,246,straight,6,R8,False,False,False,False,0
Midday,Set2,Draw1,6,019,straight,6,R8,False,False,False,False,0
Midday,Set2,Draw1,5,1799,straight,6,R8,False,False,False,False,0
Midday,Set2,Draw1,5,179,straight,6,R8,False,False,False,False,0
Midday,Set1,Draw1,7,678,straight,6,R2,False,False,False,False,0
Midday,Set1,Draw1,7,677,straight,6,R2,False,False,False,False,0
Midday,Set1,Draw1,7,0188,straight,6,R2,False,False,False,False,0
Midday,Set1,Draw1,7,188,boxed,6,"R2,R6",False,False,False,False,0
Midday,Set1,Draw1,7,6788,straight,6,R2,False,False,False,False,0
Midday,Set1,Draw1,6,677,straight,6,R2,False,False,False,False,0
Midday,Set1,Draw1,6,678,straight,6,R2,False,False,False,False,0
Midday,Set1,Draw1,5,147,straight,6,R2,False,False,False,False,1
Midday,Set1,Draw1,7,0688,straight,6,R4,False,False,False,False,0
Midday,Set1,Draw1,7,4688,straight,6,R4,False,False,False,False,0
Midday,Set1,Draw1,7,4788,straight,6,R4,False,False,False,False,0
Midday,Set1,Draw1,7,478,straight,6,R4,False,False,False,False,0
Midday,Set1,Draw1,7,099,boxed,6,"R4,R6",False,False,False,False,0
Midday,Set1,Draw1,7,0699,straight,6,R4,False,False,False,False,0
Midday,Set1,Draw1,6,478,straight,6,R4,False,False,False,False,0
Midday,Set1,Draw1,6,689,boxed,6,"R4,R8",False,False,False,False,0
Midday,Set1,Draw1,6,468,boxed,6,"R4,R8",False,False,False,False,0
Midday,Set1,Draw1,7,1788,straight,6,R6,False,False,False,False,0
Midday,Set1,Draw1,7,178,straight,6,R6,False,False,False,False,0
Midday,Set1,Draw1,7,0799,straight,6,R6,False,False,False,False,0
Midday,Set1,Draw1,7,0779,straight,6,R6,False,False,False,False,0
Midday,Set1,Draw1,6,178,straight,6,R6,False,False,False,False,0
Midday,Set1,Draw1,6,7799,straight,6,R6,False,False,False,False,0
Midday,Set1,Draw1,7,899,straight,6,R8,False,False,False,False,0
Midday,Set1,Draw1,7,6889,straight,6,R8,False,False,False,False,0
Midday,Set1,Draw1,7,2688,straight,6,R8,False,False,False,False,0
Midday,Set1,Draw1,7,199,straight,6,R8,False,False,False,False,0
Midday,Set1,Draw1,7,0199,straight,6,R8,False,False,False,False,0
Midday,Set1,Draw1,7,8899,straight,6,R8,False,False,False,False,0
Midday,Set1,Draw1,6,899,straight,6,R8,False,False,False,False,0
Midday,Set1,Draw1,6,1799,straight,6,R8,False,False,False,False,0
Midday,Set1,Draw1,6,199,straight,6,R8,False,False,False,False,0
Midday,Set1,Draw1,6,179,straight,6,R8,False,False,False,False,0
Midday,Set1,Draw2,6,299,boxed,6,"R2,R4",False,False,False,False,0
Midday,Set1,Draw2,6,138,straight,6,R2,True,False,False,False,0
Midday,Set1,Draw2,6,134,straight,6,R2,False,False,False,False,0
Midday,Set1,Draw2,6,144,straight,6,R2,False,False,False,False,0
Midday,Set1,Draw2,6,6778,straight,6,R2,False,False,False,False,0
Midday,Set1,Draw2,5,1377,straight,6,R2,False,False,False,False,0
Midday,Set1,Draw2,5,134,straight,6,R2,False,False,False,False,0
Midday,Set1,Draw2,5,377,straight,6,R2,False,False,False,False,0
Midday,Set1,Draw2,5,144,straight,6,R2,False,False,False,False,0
Midday,Set1,Draw2,6,6899,straight,6,R4,False,False,False,False,0
Midday,Set1,Draw2,6,348,straight,6,R4,True,False,False,False,0
Midday,Set1,Draw2,6,2699,straight,6,R4,False,False,False,False,0
Midday,Set1,Draw2,6,344,straight,6,R4,False,False,False,False,0
Midday,Set1,Draw2,6,447,straight,6,R4,False,False,False,False,0
Midday,Set1,Draw2,5,344,straight,6,R4,False,False,False,False,0
Midday,Set1,Draw2,5,447,straight,6,R4,False,False,False,False,0
Midday,Set1,Draw2,6,3799,straight,6,R6,False,False,False,False,0
Midday,Set1,Draw2,6,168,straight,6,R6,True,False,False,False,0
Midday,Set1,Draw2,6,7799,straight,6,R6,False,False,False,False,0
Midday,Set1,Draw2,6,1778,straight,6,R6,False,False,False,False,0
Midday,Set1,Draw2,6,2399,straight,6,R6,False,False,False,False,0
Midday,Set1,Draw2,6,1799,straight,6,R8,False,False,False,False,0
Midday,Set1,Draw2,6,389,straight,6,R8,True,False,False,False,0
Midday,Set1,Draw2,6,1899,straight,6,R8,False,False,False,False,0
Midday,Set1,Draw2,6,2446,straight,6,R8,False,False,False,False,0
Midday,Set1,Draw2,6,179,straight,6,R8,False,False,False,False,0
Midday,Set1,Draw2,5,179,straight,6,R8,False,False,False,False,0
Midday,Set1,Draw3,5,1133,straight,6,R2,False,False,False,False,0
Midday,Set1,Draw3,5,1244,straight,6,R2,False,False,False,False,0
Midday,Set1,Draw3,5,1134,straight,6,R2,False,False,False,False,0
Midday,Set1,Draw3,5,1144,straight,6,R2,False,False,False,False,0
Midday,Set1,Draw3,5,377,straight,6,R2,False,False,False,False,0
Midday,Set1,Draw3,4,377,straight,6,R2,False,False,False,False,0
Midday,Set1,Draw3,5,3447,straight,6,R4,False,False,False,False,0
Midday,Set1,Draw3,5,3344,straight,6,R4,False,False,False,False,0
Midday,Set1,Draw3,5,477,straight,6,R4,False,False,False,False,0
Midday,Set1,Draw3,5,4477,straight,6,R4,False,False,False,False,0
Midday,Set1,Draw3,4,3477,straight,6,R4,False,False,False,False,0
Midday,Set1,Draw3,4,477,straight,6,R4,False,False,False,False,0
Midday,Set1,Draw3,5,577,straight,6,R6,False,False,False,False,0
Midday,Set1,Draw3,4,577,straight,6,R6,False,False,False,False,0
Midday,Set1,Draw3,5,1139,straight,6,R8,False,False,False,False,0
Midday,Set1,Draw3,5,2445,straight,6,R8,False,False,False,False,0
Midday,Set1,Draw3,5,1179,straight,6,R8,False,False,False,False,0
Midday,Set1,Draw3,4,1779,straight,6,R8,False,False,False,False,0
Midday,Set1,Draw3,4,179,straight,6,R8,False,False,False,False,0
Midday,Set1,Draw4,4,249,straight,6,R2,True,False,False,False,0
Midday,Set1,Draw4,4,3677,straight,6,R2,False,False,False,False,0
Midday,Set1,Draw4,4,014,straight,6,R2,False,False,False,False,0
Midday,Set1,Draw4,4,013,straight,6,R2,False,False,False,False,0
Midday,Set1,Draw4,3,049,straight,6,R2,True,False,False,False,0
Midday,Set1,Draw4,3,459,straight,6,R2,True,False,False,False,0
Midday,Set1,Draw4,3,014,straight,6,R2,False,False,False,False,0
Midday,Set1,Draw4,3,013,straight,6,R2,False,False,False,False,0
Midday,Set1,Draw4,4,1477,straight,6,R4,False,False,False,False,0
Midday,Set1,Draw4,4,177,boxed,6,"R4,R6",False,False,False,False,0
Midday,Set1,Draw4,4,3477,straight,6,R4,False,False,False,False,0
Midday,Set1,Draw4,4,069,straight,6,R4,False,False,False,False,0
Midday,Set1,Draw4,4,036,straight,6,R4,False,False,False,False,0
Midday,Set1,Draw4,3,069,straight,6,R4,False,False,False,False,0
Midday,Set1,Draw4,3,036,straight,6,R4,False,False,False,False,0
Midday,Set1,Draw4,4,2339,straight,6,R6,False,False,False,False,0
Midday,Set1,Draw4,4,2334,straight,6,R6,False,False,False,False,0
Midday,Set1,Draw4,4,359,straight,6,R6,False,False,False,False,0
Midday,Set1,Draw4,3,359,straight,6,R6,False,False,False,False,0
Midday,Set1,Draw4,4,2336,straight,6,R8,False,False,False,False,0
Midday,Set1,Draw4,4,017,straight,6,R8,False,False,False,False,0
Midday,Set1,Draw4,4,2455,straight,6,R8,False,False,False,False,0
Midday,Set1,Draw4,4,019,straight,6,R8,False,False,False,False,0
Midday,Set1,Draw4,4,139,straight,6,R8,False,False,False,False,0
Midday,Set1,Draw4,3,019,straight,6,R8,False,False,False,False,0
Midday,Set1,Draw4,3,139,straight,6,R8,False,False,False,False,0
Midday,Set1,Draw5,3,0014,straight,6,R2,False,False,False,False,0
Midday,Set1,Draw5,3,133,straight,6,R2,False,False,False,False,0
Midday,Set1,Draw5,3,249,straight,6,R2,True,False,False,False,0
Midday,Set1,Draw5,3,0024,straight,6,R2,False,False,False,False,0
Midday,Set1,Draw5,3,0013,straight,6,R2,False,False,False,False,0
Midday,Set1,Draw5,3,255,straight,6,R4,False,False,False,False,0
Midday,Set1,Draw5,3,0036,straight,6,R4,False,False,False,False,0
Midday,Set1,Draw5,3,0069,straight,6,R4,False,False,False,False,0
Midday,Set1,Draw5,3,059,straight,6,R4,True,False,False,False,0
Midday,Set1,Draw5,3,334,straight,6,R4,False,False,False,False,0
Midday,Set1,Draw5,3,2339,straight,6,R6,False,False,False,False,0
Midday,Set1,Draw5,3,3359,straight,6,R6,False,False,False,False,0
Midday,Set1,Draw5,3,233,straight,6,R6,False,False,False,False,0
Midday,Set1,Draw5,3,005,straight,6,R6,True,False,False,False,0
Midday,Set1,Draw5,3,3559,straight,6,R6,False,False,False,False,0
Midday,Set1,Draw5,3,3369,straight,6,R8,False,False,False,False,0
Midday,Set1,Draw5,3,455,straight,6,R8,False,False,False,False,0
Midday,Set1,Draw5,3,1339,straight,6,R8,False,False,False,False,0
Midday,Set1,Draw5,3,0019,straight,6,R8,False,False,False,False,0
Midday,Set1,Draw6,2,0133,straight,6,R2,False,False,False,False,0
Midday,Set1,Draw6,2,667,straight,6,R2,False,False,False,False,0
Midday,Set1,Draw6,2,259,straight,6,R2,False,False,False,False,0
Midday,Set1,Draw6,2,024,straight,6,R2,False,False,False,False,0
Midday,Set1,Draw6,2,014,straight,6,R2,False,False,False,False,0
Midday,Set1,Draw6,2,013,straight,6,R2,False,False,False,False,0
Midday,Set1,Draw6,2,147,straight,6,R4,False,False,False,False,0
Midday,Set1,Draw6,2,3347,straight,6,R4,False,False,False,False,0
Midday,Set1,Draw6,2,3346,straight,6,R4,False,False,False,False,0
Midday,Set1,Draw6,2,066,straight,6,R4,False,False,False,False,0
Midday,Set1,Draw6,2,347,straight,6,R4,False,False,False,False,0
Midday,Set1,Draw6,2,069,straight,6,R4,False,False,False,False,0
Midday,Set1,Draw6,1,346,straight,6,R4,False,False,False,False,1
Midday,Set1,Draw6,2,3559,straight,6,R6,False,False,False,False,0
Midday,Set1,Draw6,2,2339,straight,6,R6,False,False,False,False,0
Midday,Set1,Draw6,2,3359,straight,6,R6,False,False,False,False,0
Midday,Set1,Draw6,2,055,straight,6,R6,True,False,False,False,0
Midday,Set1,Draw6,2,2334,straight,6,R6,False,False,False,False,0
Midday,Set1,Draw6,2,359,straight,6,R6,False,False,False,False,0
Midday,Set1,Draw6,2,234,straight,6,R6,False,False,False,False,0
Midday,Set1,Draw6,1,239,straight,6,R6,False,False,False,False,1
Midday,Set1,Draw6,2,3369,straight,6,R8,False,False,False,False,0
Midday,Set1,Draw6,2,266,straight,6,R8,False,False,False,False,0
Midday,Set1,Draw6,2,245,straight,6,R8,False,False,False,False,0
Midday,Set1,Draw6,2,2455,straight,6,R8,False,False,False,False,0
Midday,Set1,Draw6,2,246,straight,6,R8,False,False,False,False,0
Midday,Set1,Draw6,2,1339,straight,6,R8,False,False,False,False,0
Midday,Set1,Draw6,2,019,straight,6,R8,False,False,False,False,0
Midday,Set1,Draw6,2,139,straight,6,R8,False,False,False,False,0
Midday,Set1,Draw6,1,369,straight,6,R8,False,False,False,False,1
Midday,Set1,Draw7,1,0114,straight,6,R2,False,False,False,False,0
Midday,Set1,Draw7,1,0244,straight,6,R2,False,False,False,False,0
Midday,Set1,Draw7,1,136,straight,6,R2,True,False,False,False,0
Midday,Set1,Draw7,1,0113,straight,6,R2,False,False,False,False,0
Midday,Set1,Draw7,1,0144,straight,6,R2,False,False,False,False,0
Midday,Set1,Draw7,1,249,straight,6,R2,True,False,False,False,0
Midday,Set1,Draw7,1,259,boxed,6,"R2,R4",False,False,False,False,0
Midday,Set1,Draw7,1,3667,straight,6,R2,False,False,False,False,0
Midday,Set1,Draw7,1,3447,straight,6,R4,False,False,False,False,0
Midday,Set1,Draw7,1,0366,straight,6,R4,False,False,False,False,0
Midday,Set1,Draw7,1,0669,straight,6,R4,False,False,False,False,0
Midday,Set1,Draw7,1,3446,straight,6,R4,False,False,False,False,0
Midday,Set1,Draw7,1,3466,straight,6,R4,False,False,False,False,0
Midday,Set1,Draw7,1,117,boxed,6,"R4,R6",False,False,False,False,0
Midday,Set1,Draw7,1,1447,straight,6,R4,False,False,False,False,0
Midday,Set1,Draw7,1,1147,straight,6,R4,False,False,False,False,0
Midday,Set1,Draw7,1,057,straight,6,R6,True,False,False,False,0
Midday,Set1,Draw7,1,017,boxed,6,"R6,R8",False,False,False,False,0
Midday,Set1,Draw7,1,166,straight,6,R6,True,False,False,False,0
Midday,Set1,Draw7,1,116,straight,6,R6,True,False,False,False,0
Midday,Set1,Draw7,1,2344,straight,6,R6,False,False,False,False,0
Midday,Set1,Draw7,1,0119,straight,6,R8,False,False,False,False,0
Midday,Set1,Draw7,1,3669,straight,6,R8,False,False,False,False,0
Midday,Set1,Draw7,1,2366,straight,6,R8,False,False,False,False,0
Midday,Set1,Draw7,1,1139,straight,6,R8,False,False,False,False,0
Midday,Set1,Draw7,1,2445,straight,6,R8,False,False,False,False,0
Midday,Set1,Draw7,1,2466,straight,6,R8,False,False,False,False,0
Midday,Set1,Draw7,1,2446,straight,6,R8,False,False,False,False,0
Evening,Set3,Draw1,7,0224,straight,6,R2,False,False,False,False,0
Evening,Set3,Draw1,7,0034,straight,6,R2,False,False,False,False,0
Evening,Set3,Draw1,7,0033,straight,6,R2,False,False,False,False,0
Evening,Set3,Draw1,7,0024,straight,6,R2,False,False,False,False,0
Evening,Set3,Draw1,3,023,straight,6,R2,False,False,False,False,1
Evening,Set3,Draw1,7,006,straight,6,R4,False,False,False,False,0
Evening,Set3,Draw1,7,068,straight,6,R4,False,False,False,False,0
Evening,Set3,Draw1,7,3347,straight,6,R4,False,False,False,False,0
Evening,Set3,Draw1,6,006,straight,6,R4,False,False,False,False,0
Evening,Set3,Draw1,6,068,straight,6,R4,False,False,False,False,0
Evening,Set3,Draw1,6,378,straight,6,R4,True,False,False,False,0
Evening,Set3,Draw1,7,2339,straight,6,R6,False,False,False,False,0
Evening,Set3,Draw1,7,2234,straight,6,R6,False,False,False,False,0
Evening,Set3,Draw1,7,0339,straight,6,R6,False,False,False,False,0
Evening,Set3,Draw1,7,078,straight,6,R6,False,False,False,False,0
Evening,Set3,Draw1,7,2233,straight,6,R6,False,False,False,False,0
Evening,Set3,Draw1,6,078,straight,6,R6,False,False,False,False,0
Evening,Set3,Draw1,7,2336,straight,6,R8,False,False,False,False,0
Evening,Set3,Draw1,7,226,straight,6,R8,False,False,False,False,0
Evening,Set3,Draw1,7,2246,straight,6,R8,False,False,False,False,0
Evening,Set3,Draw1,7,236,straight,6,R8,False,False,False,False,0
Evening,Set3,Draw1,6,226,straight,6,R8,False,False,False,False,0
Evening,Set3,Draw1,6,236,straight,6,R8,False,False,False,False,0
Evening,Set2,Draw1,7,0012,straight,6,R2,False,False,False,False,0
Evening,Set2,Draw1,7,6788,straight,6,R2,False,False,False,False,0
Evening,Set2,Draw1,7,138,straight,6,R2,True,False,False,False,0
Evening,Set2,Draw1,7,0013,straight,6,R2,False,False,False,False,0
Evening,Set2,Draw1,6,003,straight,6,R2,False,False,False,False,0
Evening,Set2,Draw1,5,003,straight,6,R2,False,False,False,False,0
Evening,Set2,Draw1,4,023,straight,6,R2,False,False,False,False,1
Evening,Set2,Draw1,7,0068,straight,6,R4,False,False,False,False,0
Evening,Set2,Draw1,7,0688,straight,6,R4,False,False,False,False,0
Evening,Set2,Draw1,7,0069,straight,6,R4,False,False,False,False,0
Evening,Set2,Draw1,7,378,straight,6,R4,True,False,False,False,0
Evening,Set2,Draw1,7,1788,straight,6,R6,False,False,False,False,0
Evening,Set2,Draw1,7,0079,straight,6,R6,False,False,False,False,0
Evening,Set2,Draw1,7,368,straight,6,R8,True,False,False,False,0
Evening,Set2,Draw1,7,2236,straight,6,R8,False,False,False,False,0
Evening,Set2,Draw1,7,1889,straight,6,R8,False,False,False,False,0
Evening,Set2,Draw1,7,0019,straight,6,R8,False,False,False,False,0
Evening,Set1,Draw1,7,0013,straight,6,R2,False,False,False,False,0
Evening,Set1,Draw1,7,002,straight,6,R2,False,False,False,False,0
Evening,Set1,Draw1,7,0012,straight,6,R2,False,False,False,False,0
Evening,Set1,Draw1,6,002,straight,6,R2,False,False,False,False,0
Evening,Set1,Draw1,6,0023,straight,6,R2,False,False,False,False,0
Evening,Set1,Draw1,5,023,straight,6,R2,False,False,False,False,1
Evening,Set1,Draw1,7,2259,straight,6,R4,False,False,False,False,0
Evening,Set1,Draw1,7,008,straight,6,R4,False,False,False,False,0
Evening,Set1,Draw1,7,009,straight,6,R4,False,False,False,False,0
Evening,Set1,Draw1,7,0188,straight,6,R6,False,False,False,False,0
Evening,Set1,Draw1,7,005,straight,6,R6,True,False,False,False,0
Evening,Set1,Draw1,7,3599,straight,6,R6,False,False,False,False,0
Evening,Set1,Draw1,7,059,straight,6,R6,True,False,False,False,0
Evening,Set1,Draw1,7,0018,straight,6,R6,False,False,False,False,0
Evening,Set1,Draw1,7,2235,straight,6,R8,False,False,False,False,0
Evening,Set1,Draw1,7,1899,straight,6,R8,False,False,False,False,0
Evening,Set1,Draw1,7,0199,straight,6,R8,False,False,False,False,0
Evening,Set1,Draw1,7,0019,straight,6,R8,False,False,False,False,0
Evening,Set1,Draw2,6,0022,straight,6,R2,False,False,False,False,0
Evening,Set1,Draw2,6,0023,straight,6,R2,False,False,False,False,0
Evening,Set1,Draw2,5,0223,straight,6,R2,False,False,False,False,0
Evening,Set1,Draw2,6,0068,straight,6,R4,False,False,False,False,0
Evening,Set1,Draw2,6,0069,straight,6,R4,False,False,False,False,0
Evening,Set1,Draw2,6,223,straight,6,R6,False,False,False,False,0
Evening,Set1,Draw2,6,399,straight,6,R6,False,False,False,False,0
Evening,Set1,Draw2,6,0078,straight,6,R6,False,False,False,False,0
Evening,Set1,Draw2,6,239,straight,6,R6,False,False,False,False,0
Evening,Set1,Draw2,5,239,straight,6,R6,False,False,False,False,0
Evening,Set1,Draw2,5,399,straight,6,R6,False,False,False,False,0
Evening,Set1,Draw2,5,223,straight,6,R6,False,False,False,False,0
Evening,Set1,Draw2,6,236,straight,6,R8,False,False,False,False,0
Evening,Set1,Draw2,5,236,straight,6,R8,False,False,False,False,0
Evening,Set1,Draw3,5,034,straight,6,R2,False,False,False,False,0
Evening,Set1,Draw3,5,024,straight,6,R2,False,False,False,False,0
Evening,Set1,Draw3,5,0334,straight,6,R2,False,False,False,False,0
Evening,Set1,Draw3,4,034,straight,6,R2,False,False,False,False,0
Evening,Set1,Draw3,4,038,straight,6,R2,True,False,False,False,0
Evening,Set1,Draw3,4,024,straight,6,R2,False,False,False,False,0
Evening,Set1,Draw3,3,022,straight,6,R2,False,False,False,False,1
Evening,Set1,Draw3,5,3347,straight,6,R4,False,False,False,False,0
Evening,Set1,Draw3,5,347,straight,6,R4,False,False,False,False,0
Evening,Set1,Draw3,4,348,straight,6,R4,True,False,False,False,0
Evening,Set1,Draw3,4,347,straight,6,R4,False,False,False,False,0
Evening,Set1,Draw3,5,223,straight,6,R6,False,False,False,False,0
Evening,Set1,Draw3,5,3399,straight,6,R6,False,False,False,False,0
Evening,Set1,Draw3,5,2339,straight,6,R6,False,False,False,False,0
Evening,Set1,Draw3,5,399,straight,6,R6,False,False,False,False,0
Evening,Set1,Draw3,5,2233,straight,6,R6,False,False,False,False,0
Evening,Set1,Draw3,4,2239,straight,6,R6,False,False,False,False,0
Evening,Set1,Draw3,4,399,straight,6,R6,False,False,False,False,0
Evening,Set1,Draw3,4,223,straight,6,R6,False,False,False,False,0
Evening,Set1,Draw3,4,2399,straight,6,R6,False,False,False,False,0
Evening,Set1,Draw3,5,2336,straight,6,R8,False,False,False,False,0
Evening,Set1,Draw3,5,236,straight,6,R8,False,False,False,False,0
Evening,Set1,Draw3,4,368,straight,6,R8,True,False,False,False,0
Evening,Set1,Draw3,4,236,straight,6,R8,False,False,False,False,0
Evening,Set1,Draw3,3,268,straight,6,R8,False,False,False,False,1
Evening,Set1,Draw4,4,038,straight,6,R2,True,False,False,False,0
Evening,Set1,Draw4,4,667,straight,6,R2,False,False,False,False,0
Evening,Set1,Draw4,4,0224,straight,6,R2,False,False,False,False,0
Evening,Set1,Draw4,3,0228,straight,6,R2,False,False,False,False,0
Evening,Set1,Draw4,3,028,straight,6,R2,False,False,False,False,0
Evening,Set1,Draw4,3,0229,straight,6,R2,False,False,False,False,0
Evening,Set1,Draw4,3,667,straight,6,R2,False,False,False,False,0
Evening,Set1,Draw4,4,3477,straight,6,R4,False,False,False,False,0
Evening,Set1,Draw4,4,066,straight,6,R4,False,False,False,False,0
Evening,Set1,Draw4,4,348,straight,6,R4,True,False,False,False,0
Evening,Set1,Draw4,3,066,straight,6,R4,False,False,False,False,0
Evening,Set1,Draw4,4,2239,straight,6,R6,False,False,False,False,0
Evening,Set1,Draw4,4,2234,straight,6,R6,False,False,False,False,0
Evening,Set1,Draw4,4,2399,straight,6,R6,False,False,False,False,0
Evening,Set1,Draw4,4,0399,straight,6,R6,False,False,False,False,0
Evening,Set1,Draw4,4,226,straight,6,R8,False,False,False,False,0
Evening,Set1,Draw4,4,2246,straight,6,R8,False,False,False,False,0
Evening,Set1,Draw4,4,2366,straight,6,R8,False,False,False,False,0
Evening,Set1,Draw4,4,368,straight,6,R8,True,False,False,False,0
Evening,Set1,Draw4,4,266,straight,6,R8,False,False,False,False,0
Evening,Set1,Draw4,3,226,straight,6,R8,False,False,False,False,0
Evening,Set1,Draw4,3,266,straight,6,R8,False,False,False,False,0
Evening,Set1,Draw4,3,2668,straight,6,R8,False,False,False,False,0
Evening,Set1,Draw5,3,0228,straight,6,R2,False,False,False,False,0
Evening,Set1,Draw5,3,028,straight,6,R2,False,False,False,False,0
Evening,Set1,Draw5,3,6678,straight,6,R2,False,False,False,False,0
Evening,Set1,Draw5,3,0229,straight,6,R2,False,False,False,False,0
Evening,Set1,Draw5,3,677,straight,6,R2,False,False,False,False,0
Evening,Set1,Draw5,3,6677,straight,6,R2,False,False,False,False,0
Evening,Set1,Draw5,3,0669,straight,6,R4,False,False,False,False,0
Evening,Set1,Draw5,3,069,straight,6,R4,False,False,False,False,0
Evening,Set1,Draw5,3,0668,straight,6,R4,False,False,False,False,0
Evening,Set1,Draw5,3,2266,straight,6,R8,False,False,False,False,0
Evening,Set1,Draw5,3,2668,straight,6,R8,False,False,False,False,0
Evening,Set1,Draw6,2,0299,straight,6,R2,False,False,False,False,0
Evening,Set1,Draw6,2,6778,straight,6,R2,False,False,False,False,0
Evening,Set1,Draw6,2,008,straight,6,R2,False,False,False,False,0
Evening,Set1,Draw6,2,088,straight,6,R2,False,False,False,False,0
Evening,Set1,Draw6,2,0028,straight,6,R2,False,False,False,False,0
Evening,Set1,Draw6,2,0029,straight,6,R2,False,False,False,False,0
Evening,Set1,Draw6,2,0068,straight,6,R4,False,False,False,False,0
Evening,Set1,Draw6,2,0069,straight,6,R4,False,False,False,False,0
Evening,Set1,Draw6,2,899,straight,6,R8,False,False,False,False,0
Evening,Set1,Draw6,2,2688,straight,6,R8,False,False,False,False,0
Evening,Set1,Draw6,2,889,straight,6,R8,False,False,False,False,0
Evening,Set1,Draw6,2,6889,straight,6,R8,False,False,False,False,0
Evening,Set1,Draw6,1,588,straight,6,R8,False,False,False,False,1
Evening,Set1,Draw7,1,7788,straight,6,R2,False,False,False,False,0
Evening,Set1,Draw7,1,138,straight,6,R2,True,False,False,False,0
Evening,Set1,Draw7,1,0013,straight,6,R2,False,False,False,False,0
Evening,Set1,Draw7,1,378,straight,6,R4,True,False,False,False,0
Evening,Set1,Draw7,1,1377,straight,6,R4,False,False,False,False,0
Evening,Set1,Draw7,1,0088,straight,6,R4,False,False,False,False,0
Evening,Set1,Draw7,1,0089,straight,6,R4,False,False,False,False,0
Evening,Set1,Draw7,1,177,boxed,6,"R4,R6",False,False,False,False,0
Evening,Set1,Draw7,1,0177,straight,6,R6,False,False,False,False,0
Evening,Set1,Draw7,1,1788,straight,6,R6,False,False,False,False,0
Evening,Set1,Draw7,1,005,straight,6,R6,True,False,False,False,0
Evening,Set1,Draw7,1,055,straight,6,R6,True,False,False,False,0
Evening,Set1,Draw7,1,3599,straight,6,R6,False,False,False,False,0
Evening,Set1,Draw7,1,1778,straight,6,R6,False,False,False,False,0
Evening,Set1,Draw7,1,358,straight,6,R8,True,False,False,False,0
Evening,Set1,Draw7,1,8899,straight,6,R8,False,False,False,False,0
Evening,Set1,Draw7,1,1899,straight,6,R8,False,False,False,False,0
Evening,Set1,Draw7,1,0017,straight,6,R8,False,False,False,False,0
Evening,Set1,Draw7,1,0199,straight,6,R8,False,False,False,False,0
Combined,Set3,Draw1,7,0334,straight,6,R2,False,False,False,False,0
Combined,Set3,Draw1,7,0224,straight,6,R2,False,False,False,False,0
Combined,Set3,Draw1,7,033,straight,6,R2,False,False,False,False,0
Combined,Set3,Draw1,7,678,boxed,6,"R2,R6",False,False,False,False,0
Combined,Set3,Draw1,6,022,straight,6,R2,False,False,False,False,0
Combined,Set3,Draw1,6,0233,straight,6,R2,False,False,False,False,0
Combined,Set3,Draw1,6,033,straight,6,R2,False,False,False,False,0
Combined,Set3,Draw1,5,022,straight,6,R2,False,False,False,False,0
Combined,Set3,Draw1,3,026,straight,6,R2,False,False,False,False,1
Combined,Set3,Draw1,7,3477,straight,6,R4,False,False,False,False,0
Combined,Set3,Draw1,7,3347,straight,6,R4,False,False,False,False,0
Combined,Set3,Draw1,6,3377,straight,6,R4,False,False,False,False,0
Combined,Set3,Draw1,6,377,straight,6,R4,False,False,False,False,0
Combined,Set3,Draw1,5,377,straight,6,R4,False,False,False,False,0
Combined,Set3,Draw1,7,0778,straight,6,R6,False,False,False,False,0
Combined,Set3,Draw1,7,233,straight,6,R6,False,False,False,False,0
Combined,Set3,Draw1,7,339,straight,6,R6,False,False,False,False,0
Combined,Set3,Draw1,7,2234,straight,6,R6,False,False,False,False,0
Combined,Set3,Draw1,6,233,straight,6,R6,False,False,False,False,0
Combined,Set3,Draw1,5,239,straight,6,R6,False,False,False,False,0
Combined,Set3,Draw1,5,2239,straight,6,R6,False,False,False,False,0
Combined,Set3,Draw1,7,389,straight,6,R8,True,False,False,False,0
Combined,Set3,Draw1,7,2246,straight,6,R8,False,False,False,False,0
Combined,Set3,Draw1,7,336,straight,6,R8,False,False,False,False,0
Combined,Set3,Draw1,6,3369,straight,6,R8,False,False,False,False,0
Combined,Set3,Draw1,5,369,straight,6,R8,False,False,False,False,0
Combined,Set3,Draw1,3,269,straight,6,R8,False,False,False,False,1
Combined,Set2,Draw1,7,0334,straight,6,R2,False,False,False,False,0
Combined,Set2,Draw1,7,3367,straight,6,R2,False,False,False,False,0
Combined,Set2,Draw1,7,259,boxed,6,"R2,R4",False,False,False,False,0
Combined,Set2,Draw1,7,229,straight,6,R2,False,False,False,False,0
Combined,Set2,Draw1,5,249,straight,6,R2,True,False,False,False,0
Combined,Set2,Draw1,4,026,straight,6,R2,False,False,False,False,1
Combined,Set2,Draw1,7,3346,straight,6,R4,False,False,False,False,0
Combined,Set2,Draw1,7,477,straight,6,R4,False,False,False,False,0
Combined,Set2,Draw1,7,3347,straight,6,R4,False,False,False,False,0
Combined,Set2,Draw1,6,346,straight,6,R4,False,False,False,False,0
Combined,Set2,Draw1,6,477,straight,6,R4,False,False,False,False,0
Combined,Set2,Draw1,6,0229,straight,6,R4,False,False,False,False,0
Combined,Set2,Draw1,5,346,straight,6,R4,False,False,False,False,0
Combined,Set2,Draw1,7,057,straight,6,R6,True,False,False,False,0
Combined,Set2,Draw1,7,2339,straight,6,R6,False,False,False,False,0
Combined,Set2,Draw1,7,3359,straight,6,R6,False,False,False,False,0
Combined,Set2,Draw1,7,223,straight,6,R6,False,False,False,False,0
Combined,Set2,Draw1,7,2233,straight,6,R6,False,False,False,False,0
Combined,Set2,Draw1,6,239,straight,6,R6,False,False,False,False,0
Combined,Set2,Draw1,6,2239,straight,6,R6,False,False,False,False,0
Combined,Set2,Draw1,6,223,straight,6,R6,False,False,False,False,0
Combined,Set2,Draw1,5,067,straight,6,R6,False,False,False,False,0
Combined,Set2,Draw1,5,239,straight,6,R6,False,False,False,False,0
Combined,Set2,Draw1,7,2336,straight,6,R8,False,False,False,False,0
Combined,Set2,Draw1,7,226,straight,6,R8,False,False,False,False,0
Combined,Set2,Draw1,7,2245,straight,6,R8,False,False,False,False,0
Combined,Set2,Draw1,7,3369,straight,6,R8,False,False,False,False,0
Combined,Set2,Draw1,7,0339,straight,6,R8,False,False,False,False,0
Combined,Set2,Draw1,6,226,straight,6,R8,False,False,False,False,0
Combined,Set2,Draw1,6,369,straight,6,R8,False,False,False,False,0
Combined,Set2,Draw1,5,369,straight,6,R8,False,False,False,False,0
Combined,Set2,Draw1,4,269,straight,6,R8,False,False,False,False,1
Combined,Set1,Draw1,7,6677,straight,6,R2,False,False,False,False,0
Combined,Set1,Draw1,7,034,straight,6,R2,False,False,False,False,0
Combined,Set1,Draw1,7,038,straight,6,R2,True,False,False,False,0
Combined,Set1,Draw1,7,229,boxed,6,"R2,R4",False,False,False,False,0
Combined,Set1,Draw1,7,0224,straight,6,R2,False,False,False,False,0
Combined,Set1,Draw1,7,024,straight,6,R2,False,False,False,False,0
Combined,Set1,Draw1,6,034,straight,6,R2,False,False,False,False,0
Combined,Set1,Draw1,6,249,straight,6,R2,True,False,False,False,0
Combined,Set1,Draw1,6,3667,straight,6,R2,False,False,False,False,0
Combined,Set1,Draw1,6,024,straight,6,R2,False,False,False,False,0
Combined,Set1,Draw1,5,026,straight,6,R2,False,False,False,False,1
Combined,Set1,Draw1,5,029,straight,6,R2,False,False,False,False,1
Combined,Set1,Draw1,7,3477,straight,6,R4,False,False,False,False,0
Combined,Set1,Draw1,7,347,straight,6,R4,False,False,False,False,0
Combined,Set1,Draw1,7,0668,straight,6,R4,False,False,False,False,0
Combined,Set1,Draw1,7,348,straight,6,R4,True,False,False,False,0
Combined,Set1,Draw1,6,3466,straight,6,R4,False,False,False,False,0
Combined,Set1,Draw1,6,347,straight,6,R4,False,False,False,False,0
Combined,Set1,Draw1,7,0778,straight,6,R6,False,False,False,False,0
Combined,Set1,Draw1,7,2239,straight,6,R6,False,False,False,False,0
Combined,Set1,Draw1,7,2234,straight,6,R6,False,False,False,False,0
Combined,Set1,Draw1,7,399,straight,6,R6,False,False,False,False,0
Combined,Set1,Draw1,7,239,straight,6,R6,False,False,False,False,0
Combined,Set1,Draw1,7,6778,straight,6,R6,False,False,False,False,0
Combined,Set1,Draw1,6,067,straight,6,R6,False,False,False,False,0
Combined,Set1,Draw1,6,239,straight,6,R6,False,False,False,False,0
Combined,Set1,Draw1,7,2246,straight,6,R8,False,False,False,False,0
Combined,Set1,Draw1,7,389,straight,6,R8,True,False,False,False,0
Combined,Set1,Draw1,7,366,straight,6,R8,False,False,False,False,0
Combined,Set1,Draw1,7,0899,straight,6,R8,False,False,False,False,0
Combined,Set1,Draw1,7,2266,straight,6,R8,False,False,False,False,0
Combined,Set1,Draw1,6,3699,straight,6,R8,False,False,False,False,0
Combined,Set1,Draw1,6,2466,straight,6,R8,False,False,False,False,0
Combined,Set1,Draw1,6,3669,straight,6,R8,False,False,False,False,0
Combined,Set1,Draw1,5,699,straight,6,R8,False,False,False,False,1
Combined,Set1,Draw2,6,3667,straight,6,R2,False,False,False,False,0
Combined,Set1,Draw2,6,0034,straight,6,R2,False,False,False,False,0
Combined,Set1,Draw2,6,299,straight,6,R2,False,False,False,False,0
Combined,Set1,Draw2,6,249,straight,6,R2,True,False,False,False,0
Combined,Set1,Draw2,6,0036,straight,6,R2,False,False,False,False,0
Combined,Set1,Draw2,6,0024,straight,6,R2,False,False,False,False,0
Combined,Set1,Draw2,5,0029,straight,6,R2,False,False,False,False,0
Combined,Set1,Draw2,5,0299,straight,6,R2,False,False,False,False,0
Combined,Set1,Draw2,5,0026,straight,6,R2,False,False,False,False,0
Combined,Set1,Draw2,5,029,straight,6,R2,False,False,False,False,0
Combined,Set1,Draw2,4,026,straight,6,R2,False,False,False,False,1
Combined,Set1,Draw2,6,006,straight,6,R4,False,False,False,False,0
Combined,Set1,Draw2,6,3466,straight,6,R4,False,False,False,False,0
Combined,Set1,Draw2,6,2399,straight,6,R6,False,False,False,False,0
Combined,Set1,Draw2,6,3599,straight,6,R6,False,False,False,False,0
Combined,Set1,Draw2,6,3669,straight,6,R8,False,False,False,False,0
Combined,Set1,Draw2,6,3699,straight,6,R8,False,False,False,False,0
Combined,Set1,Draw2,6,2366,straight,6,R8,False,False,False,False,0
Combined,Set1,Draw2,6,2466,straight,6,R8,False,False,False,False,0
Combined,Set1,Draw2,6,0399,straight,6,R8,False,False,False,False,0
Combined,Set1,Draw2,5,6699,straight,6,R8,False,False,False,False,0
Combined,Set1,Draw2,5,669,straight,6,R8,False,False,False,False,0
Combined,Set1,Draw2,5,0699,straight,6,R8,False,False,False,False,0
Combined,Set1,Draw2,5,256,straight,6,R8,False,False,False,False,0
Combined,Set1,Draw2,3,569,straight,6,R8,False,False,False,False,1
Combined,Set1,Draw3,5,0018,straight,6,R2,False,False,False,False,0
Combined,Set1,Draw3,5,667,straight,6,R2,False,False,False,False,0
Combined,Set1,Draw3,5,0029,straight,6,R2,False,False,False,False,0
Combined,Set1,Draw3,5,0299,straight,6,R2,False,False,False,False,0
Combined,Set1,Draw3,5,0012,straight,6,R2,False,False,False,False,0
Combined,Set1,Draw3,5,029,straight,6,R2,False,False,False,False,0
Combined,Set1,Draw3,4,016,straight,6,R2,True,False,False,False,0
Combined,Set1,Draw3,4,029,straight,6,R2,False,False,False,False,0
Combined,Set1,Draw3,5,259,straight,6,R4,False,False,False,False,0
Combined,Set1,Draw3,5,0066,straight,6,R4,False,False,False,False,0
Combined,Set1,Draw3,5,0099,straight,6,R4,False,False,False,False,0
Combined,Set1,Draw3,5,178,boxed,6,"R4,R6",False,False,False,False,0
Combined,Set1,Draw3,5,066,straight,6,R4,False,False,False,False,0
Combined,Set1,Draw3,5,0668,straight,6,R4,False,False,False,False,0
Combined,Set1,Draw3,5,0069,straight,6,R4,False,False,False,False,0
Combined,Set1,Draw3,4,066,straight,6,R4,False,False,False,False,0
Combined,Set1,Draw3,4,0669,straight,6,R4,False,False,False,False,0
Combined,Set1,Draw3,4,0667,straight,6,R4,False,False,False,False,0
Combined,Set1,Draw3,5,017,straight,6,R6,False,False,False,False,0
Combined,Set1,Draw3,5,005,straight,6,R6,True,False,False,False,0
Combined,Set1,Draw3,5,6689,straight,6,R8,False,False,False,False,0
Combined,Set1,Draw3,5,256,straight,6,R8,False,False,False,False,0
Combined,Set1,Draw3,5,1899,straight,6,R8,False,False,False,False,0
Combined,Set1,Draw3,5,0199,straight,6,R8,False,False,False,False,0
Combined,Set1,Draw3,5,019,straight,6,R8,False,False,False,False,0
Combined,Set1,Draw3,5,6899,straight,6,R8,False,False,False,False,0
Combined,Set1,Draw3,5,266,straight,6,R8,False,False,False,False,0
Combined,Set1,Draw3,5,0019,straight,6,R8,False,False,False,False,0
Combined,Set1,Draw3,5,2668,straight,6,R8,False,False,False,False,0
Combined,Set1,Draw3,4,169,straight,6,R8,True,False,False,False,0
Combined,Set1,Draw3,4,266,straight,6,R8,False,False,False,False,0
Combined,Set1,Draw3,4,2669,straight,6,R8,False,False,False,False,0
Combined,Set1,Draw3,4,256,straight,6,R8,False,False,False,False,0
Combined,Set1,Draw3,4,019,straight,6,R8,False,False,False,False,0
Combined,Set1,Draw3,3,569,straight,6,R8,False,False,False,False,1
Combined,Set1,Draw4,4,0113,straight,6,R2,False,False,False,False,0
Combined,Set1,Draw4,4,0112,straight,6,R2,False,False,False,False,0
Combined,Set1,Draw4,4,137,straight,6,R4,False,False,False,False,0
Combined,Set1,Draw4,4,367,straight,6,R4,False,False,False,False,0
Combined,Set1,Draw4,4,0366,straight,6,R4,False,False,False,False,0
Combined,Set1,Draw4,4,1137,straight,6,R4,False,False,False,False,0
Combined,Set1,Draw4,4,0669,straight,6,R4,False,False,False,False,0
Combined,Set1,Draw4,4,117,boxed,6,"R4,R6",False,False,False,False,0
Combined,Set1,Draw4,3,137,straight,6,R4,False,False,False,False,0
Combined,Set1,Draw4,4,166,straight,6,R6,True,False,False,False,0
Combined,Set1,Draw4,4,116,straight,6,R6,True,False,False,False,0
Combined,Set1,Draw4,4,359,straight,6,R6,False,False,False,False,0
Combined,Set1,Draw4,3,359,straight,6,R6,False,False,False,False,0
Combined,Set1,Draw4,4,2366,straight,6,R8,False,False,False,False,0
Combined,Set1,Draw4,4,369,straight,6,R8,False,False,False,False,0
Combined,Set1,Draw4,4,0119,straight,6,R8,False,False,False,False,0
Combined,Set1,Draw4,4,3669,straight,6,R8,False,False,False,False,0
Combined,Set1,Draw4,4,139,straight,6,R8,False,False,False,False,0
Combined,Set1,Draw4,4,2556,straight,6,R8,False,False,False,False,0
Combined,Set1,Draw4,4,2566,straight,6,R8,False,False,False,False,0
Combined,Set1,Draw4,4,1139,straight,6,R8,False,False,False,False,0
Combined,Set1,Draw4,3,369,straight,6,R8,False,False,False,False,0
Combined,Set1,Draw4,3,3556,straight,6,R8,False,False,False,False,0
Combined,Set1,Draw4,3,139,straight,6,R8,False,False,False,False,0
Combined,Set1,Draw5,3,012,straight,6,R2,False,False,False,False,0
Combined,Set1,Draw5,3,259,straight,6,R2,False,False,False,False,0
Combined,Set1,Draw5,3,677,straight,6,R2,False,False,False,False,0
Combined,Set1,Draw5,3,138,straight,6,R2,True,False,False,False,0
Combined,Set1,Draw5,3,6778,straight,6,R2,False,False,False,False,0
Combined,Set1,Draw5,3,029,straight,6,R2,False,False,False,False,0
Combined,Set1,Draw5,3,1377,straight,6,R4,False,False,False,False,0
Combined,Set1,Draw5,3,069,straight,6,R4,False,False,False,False,0
Combined,Set1,Draw5,3,378,straight,6,R4,True,False,False,False,0
Combined,Set1,Draw5,3,3559,straight,6,R6,False,False,False,False,0
Combined,Set1,Draw5,3,055,straight,6,R6,True,False,False,False,0
Combined,Set1,Draw5,3,168,straight,6,R6,True,False,False,False,0
Combined,Set1,Draw5,3,1778,straight,6,R6,False,False,False,False,0
Combined,Set1,Draw5,3,389,straight,6,R8,True,False,False,False,0
Combined,Set1,Draw5,3,2556,straight,6,R8,False,False,False,False,0
Combined,Set1,Draw5,3,256,straight,6,R8,False,False,False,False,0
Combined,Set1,Draw6,2,044,straight,6,R2,False,False,False,False,0
Combined,Set1,Draw6,2,136,straight,6,R2,True,False,False,False,0
Combined,Set1,Draw6,2,3677,straight,6,R2,False,False,False,False,0
Combined,Set1,Draw6,2,249,straight,6,R2,True,False,False,False,0
Combined,Set1,Draw6,2,259,boxed,6,"R2,R4",False,False,False,False,0
Combined,Set1,Draw6,2,0244,straight,6,R2,False,False,False,False,0
Combined,Set1,Draw6,2,014,straight,6,R2,False,False,False,False,0
Combined,Set1,Draw6,2,013,straight,6,R2,False,False,False,False,0
Combined,Set1,Draw6,1,137,straight,6,R2,False,False,False,False,1
Combined,Set1,Draw6,1,377,straight,6,R2,False,False,False,False,1
Combined,Set1,Draw6,2,3446,straight,6,R4,False,False,False,False,0
Combined,Set1,Draw6,2,344,straight,6,R4,False,False,False,False,0
Combined,Set1,Draw6,2,477,straight,6,R4,False,False,False,False,0
Combined,Set1,Draw6,2,447,straight,6,R4,False,False,False,False,0
Combined,Set1,Draw6,1,039,straight,6,R4,False,False,False,False,1
Combined,Set1,Draw6,1,034,straight,6,R4,False,False,False,False,1
Combined,Set1,Draw6,2,167,straight,6,R6,True,False,False,False,0
Combined,Set1,Draw6,2,2344,straight,6,R6,False,False,False,False,0
Combined,Set1,Draw6,2,359,straight,6,R6,False,False,False,False,0
Combined,Set1,Draw6,2,445,straight,6,R8,False,False,False,False,0
Combined,Set1,Draw6,2,017,straight,6,R8,False,False,False,False,0
Combined,Set1,Draw6,2,2446,straight,6,R8,False,False,False,False,0
Combined,Set1,Draw6,2,019,straight,6,R8,False,False,False,False,0
Combined,Set1,Draw6,2,139,straight,6,R8,False,False,False,False,0
Combined,Set1,Draw6,2,2445,straight,6,R8,False,False,False,False,0
Combined,Set1,Draw7,1,0044,straight,6,R2,False,False,False,False,0
Combined,Set1,Draw7,1,138,straight,6,R2,True,False,False,False,0
Combined,Set1,Draw7,1,499,straight,6,R2,True,False,False,False,0
Combined,Set1,Draw7,1,378,straight,6,R2,True,False,False,False,0
Combined,Set1,Draw7,1,0013,straight,6,R2,False,False,False,False,0
Combined,Set1,Draw7,1,0014,straight,6,R2,False,False,False,False,0
Combined,Set1,Draw7,1,449,straight,6,R2,True,False,False,False,0
Combined,Set1,Draw7,1,3447,straight,6,R4,False,False,False,False,0
Combined,Set1,Draw7,1,1477,straight,6,R4,False,False,False,False,0
Combined,Set1,Draw7,1,038,straight,6,R4,True,False,False,False,0
Combined,Set1,Draw7,1,0099,straight,6,R4,False,False,False,False,0
Combined,Set1,Draw7,1,4477,straight,6,R4,False,False,False,False,0
Combined,Set1,Draw7,1,0089,straight,6,R4,False,False,False,False,0
Combined,Set1,Draw7,1,177,boxed,6,"R4,R6",False,False,False,False,0
Combined,Set1,Draw7,1,0177,straight,6,R6,False,False,False,False,0
Combined,Set1,Draw7,1,349,straight,6,R6,True,False,False,False,0
Combined,Set1,Draw7,1,005,straight,6,R6,True,False,False,False,0
Combined,Set1,Draw7,1,3599,straight,6,R6,False,False,False,False,0
Combined,Set1,Draw7,1,059,straight,6,R6,True,False,False,False,0
Combined,Set1,Draw7,1,1778,straight,6,R6,False,False,False,False,0
Combined,Set1,Draw7,1,389,straight,6,R8,True,False,False,False,0
Combined,Set1,Draw7,1,3445,straight,6,R8,False,False,False,False,0
Combined,Set1,Draw7,1,1899,straight,6,R8,False,False,False,False,0
Combined,Set1,Draw7,1,0017,straight,6,R8,False,False,False,False,0
Combined,Set1,Draw7,1,0199,straight,6,R8,False,False,False,False,0
Combined,Set1,Draw7,1,0019,straight,6,R8,False,False,False,False,0
Midday,Set3,Draw1,7,018,straight,5,R2,False,False,False,False,0
Midday,Set3,Draw1,6,008,straight,5,R2,False,False,False,False,0
Midday,Set3,Draw1,5,078,straight,5,R2,False,False,False,False,0
Midday,Set3,Draw1,7,178,straight,5,R6,False,False,False,False,0
Midday,Set3,Draw1,7,245,straight,5,R8,False,False,False,False,0
Midday,Set3,Draw1,7,189,straight,5,R8,False,False,False,False,0
Midday,Set3,Draw1,7,019,straight,5,R8,False,False,False,False,0
Midday,Set3,Draw1,5,248,straight,5,R8,False,False,False,False,0
Midday,Set3,Draw1,5,289,straight,5,R8,False,False,False,False,0
Midday,Set2,Draw1,7,004,straight,5,R2,False,False,False,False,0
Midday,Set2,Draw1,7,667,straight,5,R2,False,False,False,False,0
Midday,Set2,Draw1,6,678,straight,5,R2,False,False,False,False,0
Midday,Set2,Draw1,6,014,straight,5,R2,False,False,False,False,0
Midday,Set2,Draw1,7,006,straight,5,R4,False,False,False,False,0
Midday,Set2,Draw1,7,066,straight,5,R4,False,False,False,False,0
Midday,Set2,Draw1,6,068,straight,5,R4,False,False,False,False,0
Midday,Set2,Draw1,6,069,straight,5,R4,False,False,False,False,0
Midday,Set2,Draw1,5,467,straight,5,R4,False,False,False,False,0
Midday,Set2,Draw1,6,079,straight,5,R6,False,False,False,False,0
Midday,Set2,Draw1,5,799,straight,5,R6,False,False,False,False,0
Midday,Set2,Draw1,7,266,straight,5,R8,False,False,False,False,0
Midday,Set2,Draw1,6,017,straight,5,R8,False,False,False,False,0
Midday,Set2,Draw1,6,268,straight,5,R8,False,False,False,False,0
Midday,Set1,Draw1,7,018,straight,5,R2,False,False,False,False,0
Midday,Set1,Draw1,7,024,straight,5,R2,False,False,False,False,0
Midday,Set1,Draw1,7,014,straight,5,R2,False,False,False,False,0
Midday,Set1,Draw1,6,148,straight,5,R2,False,False,False,False,0
Midday,Set1,Draw1,7,068,straight,5,R4,False,False,False,False,0
Midday,Set1,Draw1,7,488,straight,5,R4,False,False,False,False,0
Midday,Set1,Draw1,7,069,straight,5,R4,False,False,False,False,0
Midday,Set1,Draw1,6,699,straight,5,R4,False,False,False,False,0
Midday,Set1,Draw1,7,079,straight,5,R6,False,False,False,False,0
Midday,Set1,Draw1,6,799,straight,5,R6,False,False,False,False,0
Midday,Set1,Draw1,7,889,straight,5,R8,False,False,False,False,0
Midday,Set1,Draw1,7,268,straight,5,R8,False,False,False,False,0
Midday,Set1,Draw1,7,017,straight,5,R8,False,False,False,False,0
Midday,Set1,Draw1,7,246,straight,5,R8,False,False,False,False,0
Midday,Set1,Draw1,7,019,straight,5,R8,False,False,False,False,0
Midday,Set1,Draw2,6,677,straight,5,R2,False,False,False,False,0
Midday,Set1,Draw2,6,678,straight,5,R2,False,False,False,False,0
Midday,Set1,Draw2,5,137,straight,5,R2,False,False,False,False,0
Midday,Set1,Draw2,6,699,straight,5,R4,False,False,False,False,0
Midday,Set1,Draw2,6,689,straight,5,R4,False,False,False,False,0
Midday,Set1,Draw2,6,178,straight,5,R6,False,False,False,False,0
Midday,Set1,Draw2,6,799,straight,5,R6,False,False,False,False,0
Midday,Set1,Draw2,6,399,straight,5,R6,False,False,False,False,0
Midday,Set1,Draw2,6,899,straight,5,R8,False,False,False,False,0
Midday,Set1,Draw2,6,246,straight,5,R8,False,False,False,False,0
Midday,Set1,Draw2,6,236,straight,5,R8,False,False,False,False,0
Midday,Set1,Draw2,6,199,straight,5,R8,False,False,False,False,0
Midday,Set1,Draw2,5,139,straight,5,R8,False,False,False,False,0
Midday,Set1,Draw3,5,144,straight,5,R2,False,False,False,False,0
Midday,Set1,Draw3,5,114,straight,5,R2,False,False,False,False,0
Midday,Set1,Draw3,5,113,straight,5,R2,False,False,False,False,0
Midday,Set1,Draw3,4,124,straight,5,R2,False,False,False,False,0
Midday,Set1,Draw3,5,344,straight,5,R4,False,False,False,False,0
Midday,Set1,Draw3,5,447,straight,5,R4,False,False,False,False,0
Midday,Set1,Draw3,5,445,straight,5,R8,False,False,False,False,0
Midday,Set1,Draw3,5,119,straight,5,R8,False,False,False,False,0
Midday,Set1,Draw3,4,245,straight,5,R8,False,False,False,False,0
Midday,Set1,Draw4,4,259,straight,5,R2,False,False,False,False,0
Midday,Set1,Draw4,4,677,straight,5,R2,False,False,False,False,0
Midday,Set1,Draw4,4,024,straight,5,R2,False,False,False,False,0
Midday,Set1,Draw4,4,255,straight,5,R4,False,False,False,False,0
Midday,Set1,Draw4,4,477,straight,5,R4,False,False,False,False,0
Midday,Set1,Draw4,4,234,straight,5,R6,False,False,False,False,0
Midday,Set1,Draw4,4,233,straight,5,R6,False,False,False,False,0
Midday,Set1,Draw4,4,245,straight,5,R8,False,False,False,False,0
Midday,Set1,Draw4,4,246,straight,5,R8,False,False,False,False,0
Midday,Set1,Draw4,4,236,straight,5,R8,False,False,False,False,0
Midday,Set1,Draw5,3,004,straight,5,R2,False,False,False,False,0
Midday,Set1,Draw5,3,259,straight,5,R2,False,False,False,False,0
Midday,Set1,Draw5,3,006,straight,5,R4,False,False,False,False,0
Midday,Set1,Draw5,3,009,straight,5,R4,False,False,False,False,0
Midday,Set1,Draw5,3,359,straight,5,R6,False,False,False,False,0
Midday,Set1,Draw5,3,019,straight,5,R8,False,False,False,False,0
Midday,Set1,Draw5,3,139,straight,5,R8,False,False,False,False,0
Midday,Set1,Draw6,2,133,straight,5,R2,False,False,False,False,0
Midday,Set1,Draw6,2,255,straight,5,R4,False,False,False,False,0
Midday,Set1,Draw6,2,334,straight,5,R4,False,False,False,False,0
Midday,Set1,Draw6,2,233,straight,5,R6,False,False,False,False,0
Midday,Set1,Draw6,2,455,straight,5,R8,False,False,False,False,0
Midday,Set1,Draw7,1,044,straight,5,R2,False,False,False,False,0
Midday,Set1,Draw7,1,667,straight,5,R2,False,False,False,False,0
Midday,Set1,Draw7,1,014,straight,5,R2,False,False,False,False,0
Midday,Set1,Draw7,1,113,straight,5,R2,False,False,False,False,0
Midday,Set1,Draw7,1,147,straight,5,R4,False,False,False,False,0
Midday,Set1,Draw7,1,344,straight,5,R4,False,False,False,False,0
Midday,Set1,Draw7,1,447,straight,5,R4,False,False,False,False,0
Midday,Set1,Draw7,1,346,straight,5,R4,False,False,False,False,0
Midday,Set1,Draw7,1,066,straight,5,R4,False,False,False,False,0
Midday,Set1,Draw7,1,069,straight,5,R4,False,False,False,False,0
Midday,Set1,Draw7,1,239,straight,5,R6,False,False,False,False,0
Midday,Set1,Draw7,1,359,straight,5,R6,False,False,False,False,0
Midday,Set1,Draw7,1,234,straight,5,R6,False,False,False,False,0
Midday,Set1,Draw7,1,445,straight,5,R8,False,False,False,False,0
Midday,Set1,Draw7,1,119,straight,5,R8,False,False,False,False,0
Midday,Set1,Draw7,1,369,straight,5,R8,False,False,False,False,0
Midday,Set1,Draw7,1,266,straight,5,R8,False,False,False,False,0
Midday,Set1,Draw7,1,246,straight,5,R8,False,False,False,False,0
Midday,Set1,Draw7,1,139,straight,5,R8,False,False,False,False,0
Evening,Set3,Draw1,7,033,straight,5,R2,False,False,False,False,0
Evening,Set3,Draw1,7,024,straight,5,R2,False,False,False,False,0
Evening,Set3,Draw1,7,004,straight,5,R2,False,False,False,False,0
Evening,Set3,Draw1,7,347,straight,5,R4,False,False,False,False,0
Evening,Set3,Draw1,7,334,straight,5,R4,False,False,False,False,0
Evening,Set3,Draw1,7,233,straight,5,R6,False,False,False,False,0
Evening,Set3,Draw1,7,339,straight,5,R6,False,False,False,False,0
Evening,Set3,Draw1,7,336,straight,5,R8,False,False,False,False,0
Evening,Set2,Draw1,7,013,straight,5,R2,False,False,False,False,0
Evening,Set2,Draw1,7,678,straight,5,R2,False,False,False,False,0
Evening,Set2,Draw1,7,006,straight,5,R4,False,False,False,False,0
Evening,Set2,Draw1,7,137,straight,5,R4,False,False,False,False,0
Evening,Set2,Draw1,7,068,straight,5,R4,False,False,False,False,0
Evening,Set2,Draw1,7,017,straight,5,R6,False,False,False,False,0
Evening,Set2,Draw1,7,178,straight,5,R6,False,False,False,False,0
Evening,Set2,Draw1,7,188,straight,5,R6,False,False,False,False,0
Evening,Set2,Draw1,7,226,straight,5,R8,False,False,False,False,0
Evening,Set2,Draw1,7,189,straight,5,R8,False,False,False,False,0
Evening,Set2,Draw1,7,236,straight,5,R8,False,False,False,False,0
Evening,Set2,Draw1,7,019,straight,5,R8,False,False,False,False,0
Evening,Set1,Draw1,7,013,straight,5,R2,False,False,False,False,0
Evening,Set1,Draw1,6,003,straight,5,R2,False,False,False,False,0
Evening,Set1,Draw1,7,259,straight,5,R4,False,False,False,False,0
Evening,Set1,Draw1,7,188,straight,5,R6,False,False,False,False,0
Evening,Set1,Draw1,7,018,straight,5,R6,False,False,False,False,0
Evening,Set1,Draw1,7,019,straight,5,R8,False,False,False,False,0
Evening,Set1,Draw1,7,199,straight,5,R8,False,False,False,False,0
Evening,Set1,Draw2,6,002,straight,5,R2,False,False,False,False,0
Evening,Set1,Draw2,6,003,straight,5,R2,False,False,False,False,0
Evening,Set1,Draw2,5,023,straight,5,R2,False,False,False,False,0
Evening,Set1,Draw2,6,006,straight,5,R4,False,False,False,False,0
Evening,Set1,Draw3,5,033,straight,5,R2,False,False,False,False,0
Evening,Set1,Draw3,5,334,straight,5,R4,False,False,False,False,0
Evening,Set1,Draw3,5,233,straight,5,R6,False,False,False,False,0
Evening,Set1,Draw3,5,339,straight,5,R6,False,False,False,False,0
Evening,Set1,Draw3,4,239,straight,5,R6,False,False,False,False,0
Evening,Set1,Draw3,5,336,straight,5,R8,False,False,False,False,0
Evening,Set1,Draw4,4,034,straight,5,R2,False,False,False,False,0
Evening,Set1,Draw4,4,024,straight,5,R2,False,False,False,False,0
Evening,Set1,Draw4,3,022,straight,5,R2,False,False,False,False,0
Evening,Set1,Draw4,4,477,straight,5,R4,False,False,False,False,0
Evening,Set1,Draw4,4,347,straight,5,R4,False,False,False,False,0
Evening,Set1,Draw4,4,223,straight,5,R6,False,False,False,False,0
Evening,Set1,Draw4,4,399,straight,5,R6,False,False,False,False,0
Evening,Set1,Draw4,4,239,straight,5,R6,False,False,False,False,0
Evening,Set1,Draw4,4,366,straight,5,R8,False,False,False,False,0
Evening,Set1,Draw5,3,022,straight,5,R2,False,False,False,False,0
Evening,Set1,Draw5,3,667,straight,5,R2,False,False,False,False,0
Evening,Set1,Draw5,3,066,straight,5,R4,False,False,False,False,0
Evening,Set1,Draw5,3,226,straight,5,R8,False,False,False,False,0
Evening,Set1,Draw5,3,266,straight,5,R8,False,False,False,False,0
Evening,Set1,Draw6,2,678,straight,5,R2,False,False,False,False,0
Evening,Set1,Draw6,2,029,straight,5,R2,False,False,False,False,0
Evening,Set1,Draw6,2,677,straight,5,R2,False,False,False,False,0
Evening,Set1,Draw6,2,002,straight,5,R2,False,False,False,False,0
Evening,Set1,Draw6,2,006,straight,5,R4,False,False,False,False,0
Evening,Set1,Draw6,2,259,straight,5,R4,False,False,False,False,0
Evening,Set1,Draw6,2,068,straight,5,R4,False,False,False,False,0
Evening,Set1,Draw6,2,256,straight,5,R8,False,False,False,False,0
Evening,Set1,Draw6,2,268,straight,5,R8,False,False,False,False,0
Evening,Set1,Draw7,1,788,straight,5,R2,False,False,False,False,0
Evening,Set1,Draw7,1,013,straight,5,R2,False,False,False,False,0
Evening,Set1,Draw7,1,778,straight,5,R2,False,False,False,False,0
Evening,Set1,Draw7,1,008,straight,5,R4,False,False,False,False,0
Evening,Set1,Draw7,1,377,straight,5,R4,False,False,False,False,0
Evening,Set1,Draw7,1,088,straight,5,R4,False,False,False,False,0
Evening,Set1,Draw7,1,178,straight,5,R6,False,False,False,False,0
Evening,Set1,Draw7,1,399,straight,5,R6,False,False,False,False,0
Evening,Set1,Draw7,1,188,straight,5,R6,False,False,False,False,0
Evening,Set1,Draw7,1,899,straight,5,R8,False,False,False,False,0
Evening,Set1,Draw7,1,355,straight,5,R8,False,False,False,False,0
Evening,Set1,Draw7,1,019,straight,5,R8,False,False,False,False,0
Evening,Set1,Draw7,1,889,straight,5,R8,False,False,False,False,0
Evening,Set1,Draw7,1,199,straight,5,R8,False,False,False,False,0
Combined,Set3,Draw1,7,034,straight,5,R2,False,False,False,False,0
Combined,Set3,Draw1,7,024,straight,5,R2,False,False,False,False,0
Combined,Set3,Draw1,7,068,straight,5,R4,False,False,False,False,0
Combined,Set3,Draw1,7,477,straight,5,R4,False,False,False,False,0
Combined,Set3,Draw1,7,347,straight,5,R4,False,False,False,False,0
Combined,Set3,Draw1,7,334,straight,5,R4,False,False,False,False,0
Combined,Set3,Draw1,6,337,straight,5,R4,False,False,False,False,0
Combined,Set3,Draw1,7,778,straight,5,R6,False,False,False,False,0
Combined,Set3,Draw1,7,089,straight,5,R8,False,False,False,False,0
Combined,Set2,Draw1,7,033,straight,5,R2,False,False,False,False,0
Combined,Set2,Draw1,7,334,straight,5,R4,False,False,False,False,0
Combined,Set2,Draw1,7,225,straight,5,R4,False,False,False,False,0
Combined,Set2,Draw1,7,233,straight,5,R6,False,False,False,False,0
Combined,Set2,Draw1,7,359,straight,5,R6,False,False,False,False,0
Combined,Set2,Draw1,5,234,straight,5,R6,False,False,False,False,0
Combined,Set2,Draw1,7,245,straight,5,R8,False,False,False,False,0
Combined,Set2,Draw1,5,246,straight,5,R8,False,False,False,False,0
Combined,Set1,Draw1,7,677,straight,5,R2,False,False,False,False,0
Combined,Set1,Draw1,6,036,straight,5,R2,False,False,False,False,0
Combined,Set1,Draw1,7,477,straight,5,R4,False,False,False,False,0
Combined,Set1,Draw1,6,346,straight,5,R4,False,False,False,False,0
Combined,Set1,Draw1,7,223,straight,5,R6,False,False,False,False,0
Combined,Set1,Draw1,7,778,straight,5,R6,False,False,False,False,0
Combined,Set1,Draw1,7,678,straight,5,R6,False,False,False,False,0
Combined,Set1,Draw1,6,234,straight,5,R6,False,False,False,False,0
Combined,Set1,Draw1,7,226,straight,5,R8,False,False,False,False,0
Combined,Set1,Draw1,7,899,straight,5,R8,False,False,False,False,0
Combined,Set1,Draw1,6,369,straight,5,R8,False,False,False,False,0
Combined,Set1,Draw1,6,246,straight,5,R8,False,False,False,False,0
Combined,Set1,Draw2,6,004,straight,5,R2,False,False,False,False,0
Combined,Set1,Draw2,6,036,straight,5,R2,False,False,False,False,0
Combined,Set1,Draw2,6,003,straight,5,R2,False,False,False,False,0
Combined,Set1,Draw2,6,024,straight,5,R2,False,False,False,False,0
Combined,Set1,Draw2,5,002,straight,5,R2,False,False,False,False,0
Combined,Set1,Draw2,6,346,straight,5,R4,False,False,False,False,0
Combined,Set1,Draw2,6,347,straight,5,R4,False,False,False,False,0
Combined,Set1,Draw2,6,239,straight,5,R6,False,False,False,False,0
Combined,Set1,Draw2,6,234,straight,5,R6,False,False,False,False,0
Combined,Set1,Draw2,6,369,straight,5,R8,False,False,False,False,0
Combined,Set1,Draw2,6,245,straight,5,R8,False,False,False,False,0
Combined,Set1,Draw2,6,246,straight,5,R8,False,False,False,False,0
Combined,Set1,Draw2,5,699,straight,5,R8,False,False,False,False,0
Combined,Set1,Draw3,5,018,straight,5,R2,False,False,False,False,0
Combined,Set1,Draw3,5,002,straight,5,R2,False,False,False,False,0
Combined,Set1,Draw3,4,012,straight,5,R2,False,False,False,False,0
Combined,Set1,Draw3,5,006,straight,5,R4,False,False,False,False,0
Combined,Set1,Draw3,5,099,straight,5,R4,False,False,False,False,0
Combined,Set1,Draw3,5,009,straight,5,R4,False,False,False,False,0
Combined,Set1,Draw3,5,678,straight,5,R4,False,False,False,False,0
Combined,Set1,Draw3,5,899,straight,5,R8,False,False,False,False,0
Combined,Set1,Draw3,5,689,straight,5,R8,False,False,False,False,0
Combined,Set1,Draw3,5,199,straight,5,R8,False,False,False,False,0
Combined,Set1,Draw3,4,669,straight,5,R8,False,False,False,False,0
Combined,Set1,Draw4,4,113,straight,5,R2,False,False,False,False,0
Combined,Set1,Draw4,4,667,straight,5,R2,False,False,False,False,0
Combined,Set1,Draw4,4,012,straight,5,R2,False,False,False,False,0
Combined,Set1,Draw4,4,259,straight,5,R2,False,False,False,False,0
Combined,Set1,Draw4,4,029,straight,5,R2,False,False,False,False,0
Combined,Set1,Draw4,3,013,straight,5,R2,False,False,False,False,0
Combined,Set1,Draw4,4,066,straight,5,R4,False,False,False,False,0
Combined,Set1,Draw4,3,036,straight,5,R4,False,False,False,False,0
Combined,Set1,Draw4,4,239,straight,5,R6,False,False,False,False,0
Combined,Set1,Draw4,4,119,straight,5,R8,False,False,False,False,0
Combined,Set1,Draw4,4,266,straight,5,R8,False,False,False,False,0
Combined,Set1,Draw4,4,256,straight,5,R8,False,False,False,False,0
Combined,Set1,Draw4,3,356,straight,5,R8,False,False,False,False,0
Combined,Set1,Draw4,3,556,straight,5,R8,False,False,False,False,0
Combined,Set1,Draw5,3,013,straight,5,R2,False,False,False,False,0
Combined,Set1,Draw5,3,678,straight,5,R2,False,False,False,False,0
Combined,Set1,Draw5,3,068,straight,5,R4,False,False,False,False,0
Combined,Set1,Draw5,3,377,straight,5,R4,False,False,False,False,0
Combined,Set1,Draw5,3,239,straight,5,R6,False,False,False,False,0
Combined,Set1,Draw5,3,178,straight,5,R6,False,False,False,False,0
Combined,Set1,Draw5,3,359,straight,5,R6,False,False,False,False,0
Combined,Set1,Draw5,3,189,straight,5,R8,False,False,False,False,0
Combined,Set1,Draw5,3,236,straight,5,R8,False,False,False,False,0
Combined,Set1,Draw6,2,367,straight,5,R2,False,False,False,False,0
Combined,Set1,Draw6,2,677,straight,5,R2,False,False,False,False,0
Combined,Set1,Draw6,2,346,straight,5,R4,False,False,False,False,0
Combined,Set1,Draw6,2,069,straight,5,R4,False,False,False,False,0
Combined,Set1,Draw6,2,036,straight,5,R4,False,False,False,False,0
Combined,Set1,Draw6,2,239,straight,5,R6,False,False,False,False,0
Combined,Set1,Draw6,2,234,straight,5,R6,False,False,False,False,0
Combined,Set1,Draw6,2,369,straight,5,R8,False,False,False,False,0
Combined,Set1,Draw6,2,246,straight,5,R8,False,False,False,False,0
Combined,Set1,Draw6,2,236,straight,5,R8,False,False,False,False,0
Combined,Set1,Draw7,1,013,straight,5,R2,False,False,False,False,0
Combined,Set1,Draw7,1,044,straight,5,R2,False,False,False,False,0
Combined,Set1,Draw7,1,778,straight,5,R2,False,False,False,False,0
Combined,Set1,Draw7,1,004,straight,5,R2,False,False,False,False,0
Combined,Set1,Draw7,1,477,straight,5,R4,False,False,False,False,0
Combined,Set1,Draw7,1,447,straight,5,R4,False,False,False,False,0
Combined,Set1,Draw7,1,099,straight,5,R4,False,False,False,False,0
Combined,Set1,Draw7,1,008,straight,5,R4,False,False,False,False,0
Combined,Set1,Draw7,1,009,straight,5,R4,False,False,False,False,0
Combined,Set1,Draw7,1,178,straight,5,R6,False,False,False,False,0
Combined,Set1,Draw7,1,399,straight,5,R6,False,False,False,False,0
Combined,Set1,Draw7,1,899,straight,5,R8,False,False,False,False,0
Combined,Set1,Draw7,1,445,straight,5,R8,False,False,False,False,0
Combined,Set1,Draw7,1,019,straight,5,R8,False,False,False,False,0
Combined,Set1,Draw7,1,199,straight,5,R8,False,False,False,False,0
