area,col,degenerate.empty,dr.win_drop_digit,dr.win_drop_exact,dr.win_drop_vtrac,dr.win_exact,dr.win_family_exact,dr.win_family_vtrac,dr.win_final_value,dr.win_step_drop_exact,dr.win_step_drop_vtrac,dr.win_step_exact,dr.win_step_family_exact,dr.win_step_family_vtrac,dr.win_step_vtrac,dr.win_variant,dr.win_vtrac,dr.win_vtrac_local_index,draw,final.canon3,final.len_is1,final.len_is2,final.len_is3,final.value,final_3canon,method,method.agree_count,methods.core_agreement,methods.early_fraction,mode,mode.agree_core,mode.len_delta_abs,mode.only_one,mode.time_to3_delta_abs,perm.count,perm.density,post3_span,pre.core3_hint,pre.mirror_pair,pre.orig_unique,score,sec.consensus_any,sec.consensus_strong,sec.pairwise_jaccard,sec.time_to3_max,sec.time_to3_min,section,sequence.steps_kept,sequence.steps_total,set,set.linger,set.memory_strength,set.repeat_new_box,stability.order_cue,stability.survival_frac3,state,tail.exact_len3,tail.final_len,tail.final_unique,tail.unique2,tail.wobble,terminal.is_3value,terminal.len,terminal.len_is1,terminal.len_is2,terminal.len_is3,terminal.unique,terminal.unique_1,terminal.unique_2,time_to_3,time_to_3_fast,traj.early_terminal,traj.first3,traj.reduction_slope,traj.time_to_3,vtrac.hot_source,vtrac.set,vtrac.v_hot,xcol.agree_count
LS1,7,1,,0,0,0,0,0,,-1,-1,-1,-1,-1,-1,Midday,0,-1,Draw1,,0,0,0,,,A,6,6,1.0,own,0,0,0,2,0.0,0.0,4.0,0,1,6,100.0,0,0,0.611111111111111,6,3,Midday,8,8,Set3,0,0,0,0.3333333333333333,0.5,NewYork4,0,0,0,1,2,0,0,0,0,0,0,0,0,3,1,1,3,1.5714285714285714,3,derived_from_DR,,0.0,0
LS1,7,1,,0,0,0,0,0,,-1,-1,-1,-1,-1,-1,Midday,0,-1,Draw1,,0,0,0,,,A,1,1,0.8333333333333334,combined,0,0,0,2,0.0,0.0,8.0,0,1,6,56.833333333333336,1,1,1.0,11,5,Midday,10,14,Set3,0,0,0,0.3333333333333333,0.3333333333333333,NewYork4,0,0,0,1,1,0,0,0,0,0,0,0,0,5,0,0,5,1.2222222222222223,5,derived_from_DR,,0.0,0
LS1,7,1,,0,0,0,0,0,,-1,-1,-1,-1,-1,-1,Midday,0,-1,Draw1,,0,0,0,,,B,6,6,1.0,own,0,0,0,0,0.0,0.0,5.0,0,1,6,100.0,0,0,0.2888888888888889,2,2,Midday,8,8,Set3,0,0,0,0.3333333333333333,0.5,NewYork4,0,0,0,1,3,0,0,0,0,0,0,0,0,2,1,1,2,1.5714285714285714,2,derived_from_DR,,0.0,0
LS1,7,1,,0,0,0,0,0,,-1,-1,-1,-1,-1,-1,Midday,0,-1,Draw1,,0,0,0,,,B,1,1,0.8333333333333334,combined,0,0,0,0,0.0,0.0,11.0,0,1,6,55.74999999999999,0,0,0.16666666666666666,3,2,Midday,5,14,Set3,0,0,0,0.5,0.16666666666666666,NewYork4,0,0,0,0,1,0,0,0,0,0,0,0,0,2,1,1,2,2.75,2,derived_from_DR,,0.0,1
LS1,7,1,,0,0,0,0,0,,-1,-1,-1,-1,-1,-1,Midday,0,-1,Draw1,,0,0,0,,,C,6,6,1.0,own,0,0,0,0,0.0,0.0,5.0,0,1,6,100.0,0,0,0.16666666666666666,2,1,Midday,8,8,Set3,0,0,0,0.3333333333333333,0.5,NewYork4,0,0,0,1,3,0,0,0,0,0,0,0,0,2,1,1,2,1.5714285714285714,2,derived_from_DR,,0.0,0
LS1,7,1,,0,0,0,0,0,,-1,-1,-1,-1,-1,-1,Midday,0,-1,Draw1,,0,0,0,,,C,1,1,0.8333333333333334,combined,0,0,0,0,0.0,0.0,3.0,0,1,6,68.5,0,0,0.5,2,1,Midday,3,3,Set3,0,0,0,1.0,0.0,NewYork4,0,0,0,0,0,0,0,0,0,0,0,0,0,-1,1,1,2,5.5,-1,derived_from_DR,,0.0,0
LS1,7,1,,0,0,0,0,0,,-1,-1,-1,-1,-1,-1,Midday,0,-1,Draw1,,0,0,0,,,D,6,6,1.0,own,0,0,0,1,0.0,0.0,4.0,0,1,6,100.0,0,0,0.37222222222222223,3,2,Midday,8,8,Set3,0,0,0,0.3333333333333333,0.5,NewYork4,0,0,0,1,2,0,0,0,0,0,0,0,0,3,1,1,3,1.5714285714285714,3,derived_from_DR,,0.0,0
LS1,7,1,,0,0,0,0,0,,-1,-1,-1,-1,-1,-1,Midday,0,-1,Draw1,,0,0,0,,,D,1,1,0.8333333333333334,combined,0,0,0,1,0.0,0.0,11.0,0,1,6,68.58333333333333,0,0,0.16666666666666666,2,2,Midday,7,14,Set3,0,0,0,0.25,0.5,NewYork4,1,0,0,1,0,0,0,0,0,0,0,0,0,2,1,1,2,1.8333333333333333,2,derived_from_DR,,0.0,0
LS1,7,0,,0,0,0,0,0,,-1,-1,-1,-1,-1,-1,Midday,0,-1,Draw1,49,0,1,0,94,49,E,6,6,1.0,own,0,2,0,0,2.0,0.5,4.0,0,1,6,100.0,0,0,0.39999999999999997,3,2,Midday,8,29,Set3,0,0,0,0.3333333333333333,0.5,NewYork4,0,2,2,1,2,1,2,0,1,0,2,0,1,3,1,1,3,1.2857142857142858,3,derived_from_DR,5,0.18328445747800587,0
LS1,7,1,,0,0,0,0,0,,-1,-1,-1,-1,-1,-1,Midday,0,-1,Draw1,,0,0,0,,,E,1,1,0.8333333333333334,combined,0,2,0,0,0.0,0.0,11.0,0,1,6,68.46428571428572,0,0,0.3,3,3,Midday,8,15,Set3,0,0,0,0.25,0.5,NewYork4,1,0,0,1,0,0,0,0,0,0,0,0,0,3,1,1,3,1.5714285714285714,3,derived_from_DR,,0.0,0
LS1,7,1,,0,0,0,0,0,,-1,-1,-1,-1,-1,-1,Midday,0,-1,Draw1,,0,0,0,,,T,6,6,1.0,own,0,0,0,0,0.0,0.0,5.0,0,1,6,100.0,0,0,0.16666666666666666,2,1,Midday,8,8,Set3,0,0,0,0.3333333333333333,0.5,NewYork4,0,0,0,1,3,0,0,0,0,0,0,0,0,2,1,1,2,1.5714285714285714,2,derived_from_DR,,0.0,0
LS1,7,1,,0,0,0,0,0,,-1,-1,-1,-1,-1,-1,Midday,0,-1,Draw1,,0,0,0,,,T,1,1,0.8333333333333334,combined,0,0,0,0,0.0,0.0,3.0,0,1,6,51.749999999999986,0,0,0.16666666666666666,2,1,Midday,5,6,Set3,0,0,0,0.5,0.16666666666666666,NewYork4,0,0,0,0,1,0,0,0,0,0,0,0,0,2,1,1,2,2.75,2,derived_from_DR,,0.0,0
LS1,6,1,,0,0,0,0,0,,-1,-1,-1,-1,-1,-1,Midday,0,-1,Draw1,,0,0,0,,,A,6,6,1.0,own,0,0,0,2,0.0,0.0,4.0,0,1,6,100.0,0,0,0.39999999999999997,5,3,Midday,8,8,Set3,0,0,0,0.3333333333333333,0.5,NewYork4,1,0,0,1,2,0,0,0,0,0,0,0,0,3,1,1,3,1.2857142857142858,3,derived_from_DR,,0.0,0
LS1,6,1,,0,0,0,0,0,,-1,-1,-1,-1,-1,-1,Midday,0,-1,Draw1,,0,0,0,,,A,1,1,0.8333333333333334,combined,0,0,0,2,0.0,0.0,8.0,0,1,6,45.52777777777778,0,0,0.47222222222222215,9,5,Midday,10,14,Set3,0,0,0,0.3333333333333333,0.3333333333333333,NewYork4,1,0,0,1,1,0,0,0,0,0,0,0,0,5,0,0,5,1.0,5,derived_from_DR,,0.0,0
LS1,6,1,,0,0,0,0,0,,-1,-1,-1,-1,-1,-1,Midday,0,-1,Draw1,,0,0,0,,,B,6,6,1.0,own,0,0,0,0,0.0,0.0,5.0,0,1,6,100.0,0,0,0.06666666666666667,2,1,Midday,8,8,Set3,0,0,0,0.3333333333333333,0.5,NewYork4,1,0,0,1,3,0,0,0,0,0,0,0,0,2,1,1,2,1.2857142857142858,2,derived_from_DR,,0.0,0
LS1,6,1,,0,0,0,0,0,,-1,-1,-1,-1,-1,-1,Midday,0,-1,Draw1,,0,0,0,,,B,1,1,0.8333333333333334,combined,0,0,0,0,0.0,0.0,11.0,0,1,6,53.972222222222214,0,0,0.1111111111111111,2,1,Midday,5,14,Set3,0,0,0,0.5,0.16666666666666666,NewYork4,0,0,0,0,1,0,0,0,0,0,0,0,0,2,1,1,2,2.25,2,derived_from_DR,,0.0,1
LS1,6,1,,0,0,0,0,0,,-1,-1,-1,-1,-1,-1,Midday,0,-1,Draw1,,0,0,0,,,C,6,6,1.0,own,0,0,0,0,0.0,0.0,5.0,0,1,6,100.0,0,0,0.08333333333333333,2,1,Midday,8,8,Set3,0,0,0,0.3333333333333333,0.5,NewYork4,1,0,0,1,3,0,0,0,0,0,0,0,0,2,1,1,2,1.2857142857142858,2,derived_from_DR,,0.0,0
LS1,6,1,,0,0,0,0,0,,-1,-1,-1,-1,-1,-1,Midday,0,-1,Draw1,,0,0,0,,,C,1,1,0.8333333333333334,combined,0,0,0,0,0.0,0.0,3.0,0,1,6,71.25,0,0,0.25,2,1,Midday,3,3,Set3,1,0,0,1.0,0.0,NewYork4,0,0,0,0,0,0,0,0,0,0,0,0,0,-1,1,1,2,4.5,-1,derived_from_DR,,0.0,0
LS1,6,1,,0,0,0,0,0,,-1,-1,-1,-1,-1,-1,Midday,0,-1,Draw1,,0,0,0,,,D,6,6,1.0,own,0,0,0,1,0.0,0.0,4.0,0,1,6,100.0,0,0,0.27777777777777773,3,2,Midday,8,8,Set3,0,0,0,0.3333333333333333,0.5,NewYork4,1,0,0,1,2,0,0,0,0,0,0,0,0,3,1,1,3,1.2857142857142858,3,derived_from_DR,,0.0,0
LS1,6,1,,0,0,0,0,0,,-1,-1,-1,-1,-1,-1,Midday,0,-1,Draw1,,0,0,0,,,D,1,1,0.8333333333333334,combined,0,0,0,1,0.0,0.0,11.0,0,1,6,58.12222222222222,0,0,0.1111111111111111,2,2,Midday,6,14,Set3,0,0,0,0.3333333333333333,0.3333333333333333,NewYork4,0,0,0,1,0,0,0,0,0,0,0,0,0,2,1,1,2,1.8,2,derived_from_DR,,0.0,0
LS1,6,0,,0,0,0,0,0,,-1,-1,-1,-1,-1,-1,Midday,0,-1,Draw1,4,1,0,0,4,4,E,6,6,1.0,own,0,1,0,1,1.0,0.5,4.0,0,1,6,100.0,0,0,0.39999999999999997,3,2,Midday,8,29,Set3,0,0,0,0.3333333333333333,0.5,NewYork4,1,1,1,1,2,1,1,1,0,0,1,1,0,3,1,1,3,1.1428571428571428,3,derived_from_DR,5,0.18328445747800587,0
LS1,6,1,,0,0,0,0,0,,-1,-1,-1,-1,-1,-1,Midday,0,-1,Draw1,,0,0,0,,,E,1,1,0.8333333333333334,combined,0,1,0,1,0.0,0.0,11.0,0,1,6,51.23333333333334,0,0,0.39999999999999997,2,2,Midday,6,14,Set3,0,0,0,0.3333333333333333,0.5,NewYork4,0,0,0,0,0,0,0,0,0,0,0,0,0,2,1,1,2,1.8,2,derived_from_DR,,0.0,0
LS1,6,1,,0,0,0,0,0,,-1,-1,-1,-1,-1,-1,Midday,0,-1,Draw1,,0,0,0,,,T,6,6,1.0,own,0,0,0,0,0.0,0.0,5.0,0,1,6,100.0,0,0,0.08333333333333333,2,1,Midday,8,8,Set3,0,0,0,0.3333333333333333,0.5,NewYork4,1,0,0,1,3,0,0,0,0,0,0,0,0,2,1,1,2,1.2857142857142858,2,derived_from_DR,,0.0,0
LS1,6,1,,0,0,0,0,0,,-1,-1,-1,-1,-1,-1,Midday,0,-1,Draw1,,0,0,0,,,T,1,1,0.8333333333333334,combined,0,0,0,0,0.0,0.0,8.0,0,1,6,65.08333333333334,0,0,0.08333333333333333,2,1,Midday,7,11,Set3,0,0,0,0.3333333333333333,0.3333333333333333,NewYork4,1,0,0,1,1,0,0,0,0,0,0,0,0,2,1,1,2,1.5,2,derived_from_DR,,0.0,0
LS1,5,1,,0,0,0,0,0,,-1,-1,-1,-1,-1,-1,Midday,0,-1,Draw1,,0,0,0,,,A,4,4,1.0,own,1,0,0,2,0.0,0.0,4.0,0,1,5,100.0,0,0,0.47222222222222215,5,2,Midday,7,8,Set3,0,0,0,0.3333333333333333,0.4,NewYork4,0,0,0,1,1,0,0,0,0,0,0,0,0,3,1,1,3,1.1666666666666667,3,derived_from_DR,,0.0,0
LS1,5,1,,0,0,0,0,0,,-1,-1,-1,-1,-1,-1,Midday,0,-1,Draw1,,0,0,0,,,A,4,4,0.8333333333333334,combined,1,0,0,2,0.0,0.0,8.0,0,1,5,86.12777777777777,0,0,0.47222222222222215,9,2,Midday,10,14,Set3,0,0,0,0.3333333333333333,0.4,NewYork4,0,0,0,1,1,0,0,0,0,0,0,0,0,5,0,0,5,0.7777777777777778,5,derived_from_DR,,0.0,0
LS1,5,1,,0,0,0,0,0,,-1,-1,-1,-1,-1,-1,Midday,0,-1,Draw1,,0,0,0,,,B,4,4,1.0,own,1,0,0,0,0.0,0.0,6.0,0,1,5,100.0,0,0,0.16666666666666666,1,1,Midday,6,8,Set3,0,0,0,0.25,0.6,NewYork4,0,0,0,1,0,0,0,0,0,0,0,0,0,1,1,1,1,1.4,1,derived_from_DR,,0.0,0
LS1,5,1,,0,0,0,0,0,,-1,-1,-1,-1,-1,-1,Midday,0,-1,Draw1,,0,0,0,,,B,4,4,0.8333333333333334,combined,1,0,0,0,0.0,0.0,1.0,0,1,5,100.0,0,0,0.16666666666666666,1,1,Midday,3,3,Set3,0,0,0,0.5,0.6,NewYork4,0,0,0,0,0,0,0,0,0,0,0,0,0,1,1,1,1,3.5,1,derived_from_DR,,0.0,1
LS1,5,1,,0,0,0,0,0,,-1,-1,-1,-1,-1,-1,Midday,0,-1,Draw1,,0,0,0,,,C,4,4,1.0,own,1,0,0,0,0.0,0.0,6.0,0,1,5,100.0,0,0,0.1111111111111111,1,1,Midday,6,8,Set3,0,0,0,0.25,0.6,NewYork4,0,0,0,1,0,0,0,0,0,0,0,0,0,1,1,1,1,1.4,1,derived_from_DR,,0.0,0
LS1,5,1,,0,0,0,0,0,,-1,-1,-1,-1,-1,-1,Midday,0,-1,Draw1,,0,0,0,,,C,4,4,0.8333333333333334,combined,1,0,0,0,0.0,0.0,1.0,0,1,5,100.0,0,0,0.1111111111111111,1,1,Midday,3,3,Set3,0,0,0,0.5,0.6,NewYork4,0,0,0,0,0,0,0,0,0,0,0,0,0,1,1,1,1,3.5,1,derived_from_DR,,0.0,0
LS1,5,1,,0,0,0,0,0,,-1,-1,-1,-1,-1,-1,Midday,0,-1,Draw1,,0,0,0,,,D,4,4,1.0,own,1,0,0,0,0.0,0.0,6.0,0,1,5,100.0,0,0,0.2333333333333333,1,1,Midday,7,8,Set3,0,0,0,0.2,0.6,NewYork4,1,0,0,1,0,0,0,0,0,0,0,0,0,1,1,1,1,1.1666666666666667,1,derived_from_DR,,0.0,0
LS1,5,1,,0,0,0,0,0,,-1,-1,-1,-1,-1,-1,Midday,0,-1,Draw1,,0,0,0,,,D,4,4,0.8333333333333334,combined,1,0,0,0,0.0,0.0,2.0,0,1,5,100.0,0,0,0.2333333333333333,1,1,Midday,4,4,Set3,0,0,0,0.3333333333333333,0.6,NewYork4,0,0,0,0,0,0,0,0,0,0,0,0,0,1,1,1,1,2.3333333333333335,1,derived_from_DR,,0.0,0
LS1,5,1,,0,0,0,0,0,,-1,-1,-1,-1,-1,-1,Midday,0,-1,Draw1,,0,0,0,,,E,4,4,1.0,own,0,0,0,0,0.0,0.0,5.0,0,1,5,100.0,0,0,0.16666666666666666,2,1,Midday,7,8,Set3,0,0,0,0.25,0.6,NewYork4,1,0,0,1,0,0,0,0,0,0,0,0,0,2,1,1,2,1.1666666666666667,2,derived_from_DR,,0.0,0
LS1,5,1,,0,0,0,0,0,,-1,-1,-1,-1,-1,-1,Midday,0,-1,Draw1,,0,0,0,,,E,4,4,0.8333333333333334,combined,0,0,0,0,0.0,0.0,1.0,0,1,5,100.0,0,0,0.27777777777777773,2,1,Midday,4,4,Set3,0,0,0,0.5,0.4,NewYork4,0,0,0,1,0,0,0,0,0,0,0,0,0,2,1,1,2,2.3333333333333335,2,derived_from_DR,,0.0,0
LS1,5,1,,0,0,0,0,0,,-1,-1,-1,-1,-1,-1,Midday,0,-1,Draw1,,0,0,0,,,T,4,4,1.0,own,1,0,0,0,0.0,0.0,6.0,0,1,5,100.0,0,0,0.16666666666666666,1,1,Midday,6,8,Set3,0,0,0,0.25,0.6,NewYork4,0,0,0,1,0,0,0,0,0,0,0,0,0,1,1,1,1,1.4,1,derived_from_DR,,0.0,0
LS1,5,1,,0,0,0,0,0,,-1,-1,-1,-1,-1,-1,Midday,0,-1,Draw1,,0,0,0,,,T,4,4,0.8333333333333334,combined,1,0,0,0,0.0,0.0,9.0,0,1,5,100.0,0,0,0.16666666666666666,1,1,Midday,7,11,Set3,0,0,0,0.25,0.6,NewYork4,1,0,0,1,0,0,0,0,0,0,0,0,0,1,1,1,1,1.1666666666666667,1,derived_from_DR,,0.0,0
LS1,7,0,,0,0,0,0,0,,-1,-1,-1,-1,-1,-1,Midday,0,-1,Draw1,66,0,1,0,66,66,A,4,4,0.0,own,0,2,0,1,1.0,0.5,1.0,0,1,8,100.0,0,0,0.3,6,3,Midday,8,29,Set2,0,0,0,0.5,0.375,NewYork4,0,2,1,0,0,1,2,0,1,0,1,1,0,6,0,0,6,1.4285714285714286,6,derived_from_DR,2,0.7126099706744868,0
LS1,7,1,,0,0,0,0,0,,-1,-1,-1,-1,-1,-1,Midday,0,-1,Draw1,,0,0,0,,,A,1,1,0.6666666666666666,combined,0,2,0,1,0.0,0.0,8.0,0,1,8,49.194444444444436,0,0,0.47222222222222215,9,5,Midday,10,14,Set2,0,0,0,0.3333333333333333,0.25,NewYork4,1,0,0,1,1,0,0,0,0,0,0,0,0,5,0,0,5,1.3333333333333333,5,derived_from_DR,,0.0,0
LS1,7,1,,0,0,0,0,0,,-1,-1,-1,-1,-1,-1,Midday,0,-1,Draw1,,0,0,0,,,B,4,4,0.0,own,0,0,0,4,0.0,0.0,1.0,0,1,8,90.69841269841268,0,0,0.1111111111111111,6,2,Midday,8,8,Set2,0,0,0,0.5,0.25,NewYork4,1,0,0,1,0,0,0,0,0,0,0,0,0,6,0,0,6,1.7142857142857142,6,derived_from_DR,,0.0,0
LS1,7,1,,0,0,0,0,0,,-1,-1,-1,-1,-1,-1,Midday,0,-1,Draw1,,0,0,0,,,B,1,1,0.6666666666666666,combined,0,0,0,4,0.0,0.0,11.0,0,1,8,65.16666666666669,0,0,0.08333333333333333,2,2,Midday,7,14,Set2,0,0,0,0.25,0.375,NewYork4,1,0,0,1,0,0,0,0,0,0,0,0,0,2,1,1,2,2.0,2,derived_from_DR,,0.0,0
LS1,7,1,,0,0,0,0,0,,-1,-1,-1,-1,-1,-1,Midday,0,-1,Draw1,,0,0,0,,,C,4,4,0.0,own,0,0,0,4,0.0,0.0,1.0,0,1,8,90.97619047619045,0,0,0.16666666666666666,6,1,Midday,8,8,Set2,0,0,0,0.5,0.25,NewYork4,1,0,0,1,0,0,0,0,0,0,0,0,0,6,0,0,6,1.7142857142857142,6,derived_from_DR,,0.0,0
LS1,7,1,,0,0,0,0,0,,-1,-1,-1,-1,-1,-1,Midday,0,-1,Draw1,,0,0,0,,,C,1,1,0.6666666666666666,combined,0,0,0,4,0.0,0.0,3.0,0,1,8,65.00000000000001,0,0,0.5,2,1,Midday,3,3,Set2,0,0,0,1.0,0.0,NewYork4,0,0,0,0,0,0,0,0,0,0,0,0,0,-1,1,1,2,6.0,-1,derived_from_DR,,0.0,0
LS1,7,1,,0,0,0,0,0,,-1,-1,-1,-1,-1,-1,Midday,0,-1,Draw1,,0,0,0,,,D,4,4,0.0,own,0,0,0,4,0.0,0.0,1.0,0,1,8,91.8095238095238,0,0,0.3333333333333333,6,2,Midday,8,8,Set2,0,0,0,0.5,0.25,NewYork4,1,0,0,1,0,0,0,0,0,0,0,0,0,6,0,0,6,1.7142857142857142,6,derived_from_DR,,0.0,0
LS1,7,1,,0,0,0,0,0,,-1,-1,-1,-1,-1,-1,Midday,0,-1,Draw1,,0,0,0,,,D,1,1,0.6666666666666666,combined,0,0,0,4,0.0,0.0,11.0,0,1,8,57.144444444444446,0,0,0.2222222222222222,2,2,Midday,6,14,Set2,0,0,0,0.3333333333333333,0.25,NewYork4,0,0,0,1,0,0,0,0,0,0,0,0,0,2,1,1,2,2.4,2,derived_from_DR,,0.0,0
LS1,7,0,,0,0,0,0,0,,-1,-1,-1,-1,-1,-1,Midday,0,-1,Draw1,4,1,0,0,4,4,E,4,4,0.0,own,0,1,0,2,1.0,0.5,7.0,0,1,8,100.0,0,0,0.3,6,3,Midday,10,29,Set2,0,0,0,0.3333333333333333,0.375,NewYork4,0,1,1,1,0,1,1,1,0,0,1,1,0,6,0,0,6,1.2222222222222223,6,derived_from_DR,5,0.18328445747800587,0
LS1,7,1,,0,0,0,0,0,,-1,-1,-1,-1,-1,-1,Midday,0,-1,Draw1,,0,0,0,,,E,1,1,0.6666666666666666,combined,0,1,0,2,0.0,0.0,9.0,0,1,8,51.69444444444444,0,0,0.38888888888888884,4,2,Midday,10,14,Set2,0,0,0,0.25,0.375,NewYork4,1,0,0,1,0,0,0,0,0,0,0,0,0,4,0,0,4,1.3333333333333333,4,derived_from_DR,,0.0,0
LS1,7,1,,0,0,0,0,0,,-1,-1,-1,-1,-1,-1,Midday,0,-1,Draw1,,0,0,0,,,T,4,4,0.0,own,0,0,0,4,0.0,0.0,1.0,0,1,8,90.97619047619045,0,0,0.16666666666666666,6,1,Midday,8,8,Set2,0,0,0,0.5,0.25,NewYork4,1,0,0,1,0,0,0,0,0,0,0,0,0,6,0,0,6,1.7142857142857142,6,derived_from_DR,,0.0,0
LS1,7,1,,0,0,0,0,0,,-1,-1,-1,-1,-1,-1,Midday,0,-1,Draw1,,0,0,0,,,T,1,1,0.6666666666666666,combined,0,0,0,4,0.0,0.0,8.0,0,1,8,65.66666666666667,0,0,0.16666666666666666,2,1,Midday,7,11,Set2,0,0,0,0.3333333333333333,0.25,NewYork4,1,0,0,1,1,0,0,0,0,0,0,0,0,2,1,1,2,2.0,2,derived_from_DR,,0.0,1
LS1,6,0,,0,0,0,0,0,,-1,-1,-1,-1,-1,-1,Midday,0,-1,Draw1,66,0,1,0,66,66,A,6,6,1.0,own,0,2,0,2,1.0,0.5,4.0,0,1,6,100.0,0,0,0.39999999999999997,5,3,Midday,8,29,Set2,0,0,0,0.3333333333333333,0.5,NewYork4,1,2,1,1,2,1,2,0,1,0,1,1,0,3,1,1,3,1.0,3,derived_from_DR,2,0.7126099706744868,0
LS1,6,1,,0,0,0,0,0,,-1,-1,-1,-1,-1,-1,Midday,0,-1,Draw1,,0,0,0,,,A,1,1,0.8333333333333334,combined,0,2,0,2,0.0,0.0,8.0,0,1,6,33.527777777777786,0,0,0.47222222222222215,9,5,Midday,10,14,Set2,0,0,0,0.3333333333333333,0.3333333333333333,NewYork4,0,0,0,1,1,0,0,0,0,0,0,0,0,5,0,0,5,1.0,5,derived_from_DR,,0.0,0
LS1,6,1,,0,0,0,0,0,,-1,-1,-1,-1,-1,-1,Midday,0,-1,Draw1,,0,0,0,,,B,6,6,1.0,own,0,0,0,0,0.0,0.0,5.0,0,1,6,100.0,0,0,0.16666666666666666,2,1,Midday,8,8,Set2,0,0,0,0.3333333333333333,0.5,NewYork4,0,0,0,0,3,0,0,0,0,0,0,0,0,2,1,1,2,1.2857142857142858,2,derived_from_DR,,0.0,0
LS1,6,1,,0,0,0,0,0,,-1,-1,-1,-1,-1,-1,Midday,0,-1,Draw1,,0,0,0,,,B,1,1,0.8333333333333334,combined,0,0,0,0,0.0,0.0,2.0,0,1,6,49.97222222222221,0,0,0.1111111111111111,2,1,Midday,5,5,Set2,0,0,0,0.5,0.16666666666666666,NewYork4,0,0,0,0,1,0,0,0,0,0,0,0,0,2,1,1,2,2.25,2,derived_from_DR,,0.0,0
LS1,6,1,,0,0,0,0,0,,-1,-1,-1,-1,-1,-1,Midday,0,-1,Draw1,,0,0,0,,,C,6,6,1.0,own,0,0,0,0,0.0,0.0,5.0,0,1,6,100.0,0,0,0.1111111111111111,2,1,Midday,8,8,Set2,0,0,0,0.3333333333333333,0.5,NewYork4,0,0,0,0,3,0,0,0,0,0,0,0,0,2,1,1,2,1.2857142857142858,2,derived_from_DR,,0.0,0
LS1,6,1,,0,0,0,0,0,,-1,-1,-1,-1,-1,-1,Midday,0,-1,Draw1,,0,0,0,,,C,1,1,0.8333333333333334,combined,0,0,0,0,0.0,0.0,3.0,0,1,6,71.66666666666666,0,0,0.3333333333333333,2,1,Midday,3,3,Set2,1,0,0,1.0,0.0,NewYork4,0,0,0,0,0,0,0,0,0,0,0,0,0,-1,1,1,2,4.5,-1,derived_from_DR,,0.0,0
LS1,6,1,,0,0,0,0,0,,-1,-1,-1,-1,-1,-1,Midday,0,-1,Draw1,,0,0,0,,,D,6,6,1.0,own,0,0,0,1,0.0,0.0,4.0,0,1,6,100.0,0,0,0.13333333333333333,3,1,Midday,8,8,Set2,0,0,0,0.3333333333333333,0.5,NewYork4,0,0,0,0,2,0,0,0,0,0,0,0,0,3,1,1,3,1.2857142857142858,3,derived_from_DR,,0.0,0
LS1,6,1,,0,0,0,0,0,,-1,-1,-1,-1,-1,-1,Midday,0,-1,Draw1,,0,0,0,,,D,1,1,0.8333333333333334,combined,0,0,0,1,0.0,0.0,1.0,0,1,6,54.55555555555555,0,0,0.17777777777777778,2,1,Midday,4,4,Set2,0,0,0,0.5,0.16666666666666666,NewYork4,0,0,0,0,0,0,0,0,0,0,0,0,0,2,1,1,2,3.0,2,derived_from_DR,,0.0,0
LS1,6,1,,0,0,0,0,0,,-1,-1,-1,-1,-1,-1,Midday,0,-1,Draw1,,0,0,0,,,E,6,6,1.0,own,0,0,0,0,0.0,0.0,10.0,0,1,6,100.0,0,0,0.13333333333333333,3,2,Midday,10,14,Set2,0,0,0,0.25,0.5,NewYork4,0,0,0,1,2,0,0,0,0,0,0,0,0,3,1,1,3,1.0,3,derived_from_DR,,0.0,0
LS1,6,1,,0,0,0,0,0,,-1,-1,-1,-1,-1,-1,Midday,0,-1,Draw1,,0,0,0,,,E,1,1,0.8333333333333334,combined,0,0,0,0,0.0,0.0,7.0,0,1,6,58.66666666666667,0,0,0.0,3,2,Midday,7,11,Set2,0,0,0,0.3333333333333333,0.3333333333333333,NewYork4,0,0,0,1,0,0,0,0,0,0,0,0,0,3,1,1,3,1.5,3,derived_from_DR,,0.0,0
LS1,6,0,,0,0,0,0,0,,-1,-1,-1,-1,-1,-1,Midday,0,-1,Draw1,66,0,1,0,66,66,T,6,6,1.0,own,0,2,0,0,1.0,0.5,5.0,0,1,6,100.0,0,0,0.08333333333333333,2,1,Midday,8,29,Set2,0,0,0,0.3333333333333333,0.5,NewYork4,1,2,1,1,3,1,2,0,1,0,1,1,0,2,1,1,2,1.0,2,derived_from_DR,2,0.7126099706744868,0
LS1,6,1,,0,0,0,0,0,,-1,-1,-1,-1,-1,-1,Midday,0,-1,Draw1,,0,0,0,,,T,1,1,0.8333333333333334,combined,0,2,0,0,0.0,0.0,8.0,0,1,6,67.63888888888887,0,0,0.19444444444444442,2,1,Midday,7,11,Set2,0,0,0,0.3333333333333333,0.3333333333333333,NewYork4,1,0,0,1,1,0,0,0,0,0,0,0,0,2,1,1,2,1.5,2,derived_from_DR,,0.0,1
LS1,5,0,,0,0,0,0,0,,-1,-1,-1,-1,-1,-1,Midday,0,-1,Draw1,66,0,1,0,66,66,A,5,5,1.0,own,0,2,0,1,1.0,0.5,4.0,0,0,4,100.0,0,0,0.2333333333333333,3,1,Midday,6,29,Set2,0,0,0,0.5,0.5,NewYork4,1,2,1,1,1,1,2,0,1,0,1,1,0,3,1,1,3,1.0,3,derived_from_DR,2,0.7126099706744868,0
LS1,5,1,,0,0,0,0,0,,-1,-1,-1,-1,-1,-1,Midday,0,-1,Draw1,,0,0,0,,,A,5,5,1.0,combined,0,2,0,1,0.0,0.0,11.0,0,0,4,95.33333333333331,0,0,0.39999999999999997,5,1,Midday,8,14,Set2,0,0,0,0.3333333333333333,0.75,NewYork4,0,0,0,0,2,0,0,0,0,0,0,0,0,2,1,1,2,1.0,2,derived_from_DR,,0.0,0
LS1,5,1,,0,0,0,0,0,,-1,-1,-1,-1,-1,-1,Midday,0,-1,Draw1,,0,0,0,,,B,5,5,1.0,own,1,0,0,0,0.0,0.0,6.0,0,0,4,100.0,0,0,0.08333333333333333,1,1,Midday,6,8,Set2,0,0,0,0.25,0.75,NewYork4,1,0,0,1,0,0,0,0,0,0,0,0,0,1,1,1,1,1.4,1,derived_from_DR,,0.0,0
LS1,5,1,,0,0,0,0,0,,-1,-1,-1,-1,-1,-1,Midday,0,-1,Draw1,,0,0,0,,,B,5,5,1.0,combined,1,0,0,0,0.0,0.0,1.0,0,0,4,100.0,0,0,0.08333333333333333,1,1,Midday,3,3,Set2,0,0,0,0.5,0.75,NewYork4,0,0,0,0,0,0,0,0,0,0,0,0,0,1,1,1,1,3.5,1,derived_from_DR,,0.0,0
LS1,5,1,,0,0,0,0,0,,-1,-1,-1,-1,-1,-1,Midday,0,-1,Draw1,,0,0,0,,,C,5,5,1.0,own,1,0,0,0,0.0,0.0,6.0,0,0,4,100.0,0,0,0.0,1,1,Midday,6,8,Set2,0,0,0,0.25,0.75,NewYork4,1,0,0,1,0,0,0,0,0,0,0,0,0,1,1,1,1,1.4,1,derived_from_DR,,0.0,0
LS1,5,1,,0,0,0,0,0,,-1,-1,-1,-1,-1,-1,Midday,0,-1,Draw1,,0,0,0,,,C,5,5,1.0,combined,1,0,0,0,0.0,0.0,1.0,0,0,4,100.0,0,0,0.0,1,1,Midday,3,3,Set2,0,0,0,0.5,0.75,NewYork4,0,0,0,0,0,0,0,0,0,0,0,0,0,1,1,1,1,3.5,1,derived_from_DR,,0.0,0
LS1,5,1,,0,0,0,0,0,,-1,-1,-1,-1,-1,-1,Midday,0,-1,Draw1,,0,0,0,,,D,5,5,1.0,own,1,0,0,0,0.0,0.0,6.0,0,0,4,100.0,0,0,0.1111111111111111,1,1,Midday,7,8,Set2,0,0,0,0.2,0.75,NewYork4,1,0,0,1,0,0,0,0,0,0,0,0,0,1,1,1,1,1.1666666666666667,1,derived_from_DR,,0.0,0
LS1,5,1,,0,0,0,0,0,,-1,-1,-1,-1,-1,-1,Midday,0,-1,Draw1,,0,0,0,,,D,5,5,1.0,combined,1,0,0,0,0.0,0.0,2.0,0,0,4,100.0,0,0,0.1111111111111111,1,1,Midday,4,4,Set2,0,0,0,0.3333333333333333,0.75,NewYork4,0,0,0,0,0,0,0,0,0,0,0,0,0,1,1,1,1,2.3333333333333335,1,derived_from_DR,,0.0,0
LS1,5,1,,0,0,0,0,0,,-1,-1,-1,-1,-1,-1,Midday,0,-1,Draw1,,0,0,0,,,E,5,5,1.0,own,1,0,0,0,0.0,0.0,6.0,0,0,4,100.0,0,0,0.06666666666666667,1,1,Midday,7,8,Set2,0,0,0,0.2,0.75,NewYork4,1,0,0,1,0,0,0,0,0,0,0,0,0,1,1,1,1,1.1666666666666667,1,derived_from_DR,,0.0,0
LS1,5,1,,0,0,0,0,0,,-1,-1,-1,-1,-1,-1,Midday,0,-1,Draw1,,0,0,0,,,E,5,5,1.0,combined,1,0,0,0,0.0,0.0,3.0,0,0,4,100.0,0,0,0.06666666666666667,1,1,Midday,5,5,Set2,0,0,0,0.25,0.75,NewYork4,0,0,0,1,0,0,0,0,0,0,0,0,0,1,1,1,1,1.75,1,derived_from_DR,,0.0,0
LS1,5,0,,0,0,0,0,0,,-1,-1,-1,-1,-1,-1,Midday,0,-1,Draw1,66,0,1,0,66,66,T,5,5,1.0,own,1,2,0,0,1.0,0.5,6.0,0,0,4,100.0,0,0,0.08333333333333333,1,1,Midday,5,29,Set2,0,0,0,0.3333333333333333,0.75,NewYork4,1,2,1,1,0,1,2,0,1,0,1,1,0,1,1,1,1,1.25,1,derived_from_DR,2,0.7126099706744868,0
LS1,5,1,,0,0,0,0,0,,-1,-1,-1,-1,-1,-1,Midday,0,-1,Draw1,,0,0,0,,,T,5,5,1.0,combined,1,2,0,0,0.0,0.0,12.0,0,0,4,100.0,0,0,0.08333333333333333,1,1,Midday,7,14,Set2,0,0,0,0.25,0.75,NewYork4,1,0,0,1,0,0,0,0,0,0,0,0,0,1,1,1,1,1.1666666666666667,1,derived_from_DR,,0.0,1
LS1,7,0,,0,0,0,0,0,,-1,-1,-1,-1,-1,-1,Midday,0,-1,Draw1,66,0,1,0,66,66,A,6,6,1.0,own,0,2,0,2,1.0,0.5,4.0,0,1,8,100.0,0,0,0.39999999999999997,5,3,Midday,8,29,Set1,0,0,0,0.3333333333333333,0.375,NewYork4,1,2,1,1,2,1,2,0,1,0,1,1,0,3,1,1,3,1.2857142857142858,3,derived_from_DR,2,0.7126099706744868,0
LS1,7,1,,0,0,0,0,0,,-1,-1,-1,-1,-1,-1,Midday,0,-1,Draw1,,0,0,0,,,A,1,1,0.8333333333333334,combined,0,2,0,2,0.0,0.0,8.0,0,1,8,37.86111111111111,0,0,0.47222222222222215,9,5,Midday,10,14,Set1,0,0,0,0.3333333333333333,0.25,NewYork4,0,0,0,1,1,0,0,0,0,0,0,0,0,5,0,0,5,1.2222222222222223,5,derived_from_DR,,0.0,0
LS1,7,1,,0,0,0,0,0,,-1,-1,-1,-1,-1,-1,Midday,0,-1,Draw1,,0,0,0,,,B,6,6,1.0,own,0,0,0,0,0.0,0.0,5.0,0,1,8,100.0,0,0,0.39999999999999997,2,2,Midday,8,8,Set1,0,0,0,0.3333333333333333,0.375,NewYork4,0,0,0,0,3,0,0,0,0,0,0,0,0,2,1,1,2,1.5714285714285714,2,derived_from_DR,,0.0,0
LS1,7,1,,0,0,0,0,0,,-1,-1,-1,-1,-1,-1,Midday,0,-1,Draw1,,0,0,0,,,B,1,1,0.8333333333333334,combined,0,0,0,0,0.0,0.0,2.0,0,1,8,66.5,0,0,0.08333333333333333,2,2,Midday,5,5,Set1,0,0,0,0.3333333333333333,0.25,NewYork4,0,0,0,1,0,0,0,0,0,0,0,0,0,2,1,1,2,2.75,2,derived_from_DR,,0.0,0
LS1,7,1,,0,0,0,0,0,,-1,-1,-1,-1,-1,-1,Midday,0,-1,Draw1,,0,0,0,,,C,6,6,1.0,own,0,0,0,0,0.0,0.0,5.0,0,1,8,100.0,0,0,0.1111111111111111,2,1,Midday,8,8,Set1,0,0,0,0.3333333333333333,0.375,NewYork4,0,0,0,0,3,0,0,0,0,0,0,0,0,2,1,1,2,1.5714285714285714,2,derived_from_DR,,0.0,0
LS1,7,1,,0,0,0,0,0,,-1,-1,-1,-1,-1,-1,Midday,0,-1,Draw1,,0,0,0,,,C,1,1,0.8333333333333334,combined,0,0,0,0,0.0,0.0,3.0,0,1,8,71.66666666666669,0,0,0.3333333333333333,2,1,Midday,3,3,Set1,0,0,0,1.0,0.0,NewYork4,0,0,0,0,0,0,0,0,0,0,0,0,0,-1,1,1,2,5.5,-1,derived_from_DR,,0.0,0
LS1,7,1,,0,0,0,0,0,,-1,-1,-1,-1,-1,-1,Midday,0,-1,Draw1,,0,0,0,,,D,6,6,1.0,own,0,0,0,1,0.0,0.0,4.0,0,1,8,100.0,0,0,0.13333333333333333,3,1,Midday,8,8,Set1,0,0,0,0.3333333333333333,0.375,NewYork4,0,0,0,0,2,0,0,0,0,0,0,0,0,3,1,1,3,1.5714285714285714,3,derived_from_DR,,0.0,0
LS1,7,1,,0,0,0,0,0,,-1,-1,-1,-1,-1,-1,Midday,0,-1,Draw1,,0,0,0,,,D,1,1,0.8333333333333334,combined,0,0,0,1,0.0,0.0,1.0,0,1,8,64.38888888888889,0,0,0.17777777777777778,2,1,Midday,4,4,Set1,0,0,0,0.5,0.125,NewYork4,0,0,0,0,0,0,0,0,0,0,0,0,0,2,1,1,2,3.6666666666666665,2,derived_from_DR,,0.0,1
LS1,7,1,,0,0,0,0,0,,-1,-1,-1,-1,-1,-1,Midday,0,-1,Draw1,,0,0,0,,,E,6,6,1.0,own,0,0,0,0,0.0,0.0,10.0,0,1,8,100.0,0,0,0.20000000000000004,4,3,Midday,10,14,Set1,0,0,0,0.25,0.375,NewYork4,0,0,0,1,2,0,0,0,0,0,0,0,0,3,1,1,3,1.2222222222222223,3,derived_from_DR,,0.0,0
LS1,7,1,,0,0,0,0,0,,-1,-1,-1,-1,-1,-1,Midday,0,-1,Draw1,,0,0,0,,,E,1,1,0.8333333333333334,combined,0,0,0,0,0.0,0.0,7.0,0,1,8,64.16666666666666,0,0,0.16666666666666666,3,2,Midday,7,11,Set1,0,0,0,0.3333333333333333,0.25,NewYork4,0,0,0,1,0,0,0,0,0,0,0,0,0,3,1,1,3,1.8333333333333333,3,derived_from_DR,,0.0,0
LS1,7,0,,0,0,0,0,0,,-1,-1,-1,-1,-1,-1,Midday,0,-1,Draw1,66,0,1,0,66,66,T,6,6,1.0,own,0,2,0,0,1.0,0.5,5.0,0,1,8,100.0,0,0,0.1111111111111111,2,1,Midday,8,29,Set1,0,0,0,0.3333333333333333,0.375,NewYork4,1,2,1,1,3,1,2,0,1,0,1,1,0,2,1,1,2,1.2857142857142858,2,derived_from_DR,2,0.7126099706744868,0
LS1,7,1,,0,0,0,0,0,,-1,-1,-1,-1,-1,-1,Midday,0,-1,Draw1,,0,0,0,,,T,1,1,0.8333333333333334,combined,0,2,0,0,0.0,0.0,8.0,0,1,8,67.88888888888889,0,0,0.1111111111111111,2,1,Midday,7,11,Set1,0,0,0,0.3333333333333333,0.25,NewYork4,1,0,0,1,1,0,0,0,0,0,0,0,0,2,1,1,2,1.8333333333333333,2,derived_from_DR,,0.0,0
LS1,6,0,,0,0,0,0,0,,-1,-1,-1,-1,-1,-1,Midday,0,-1,Draw1,66,0,1,0,66,66,A,3,3,1.0,own,0,2,0,2,1.0,0.5,4.0,0,1,6,100.0,0,0,0.3333333333333333,5,3,Midday,6,29,Set1,0,0,0,0.5,0.3333333333333333,NewYork4,1,2,1,1,1,1,2,0,1,0,1,1,0,3,1,1,3,1.4,3,derived_from_DR,2,0.7126099706744868,0
LS1,6,1,,0,0,0,0,0,,-1,-1,-1,-1,-1,-1,Midday,0,-1,Draw1,,0,0,0,,,A,3,3,0.8333333333333334,combined,0,2,0,2,0.0,0.0,8.0,0,1,6,56.468253968253954,0,0,0.38888888888888884,9,5,Midday,8,14,Set1,0,0,0,0.5,0.16666666666666666,NewYork4,0,0,0,0,1,0,0,0,0,0,0,0,0,5,0,0,5,1.2857142857142858,5,derived_from_DR,,0.0,0
LS1,6,1,,0,0,0,0,0,,-1,-1,-1,-1,-1,-1,Midday,0,-1,Draw1,,0,0,0,,,B,3,3,1.0,own,0,0,0,0,0.0,0.0,5.0,0,1,6,97.95555555555553,0,0,0.27777777777777773,2,2,Midday,6,8,Set1,0,0,0,0.3333333333333333,0.3333333333333333,NewYork4,1,0,0,1,1,0,0,0,0,0,0,0,0,2,1,1,2,1.8,2,derived_from_DR,,0.0,0
LS1,6,1,,0,0,0,0,0,,-1,-1,-1,-1,-1,-1,Midday,0,-1,Draw1,,0,0,0,,,B,3,3,0.8333333333333334,combined,0,0,0,0,0.0,0.0,1.0,0,1,6,86.49999999999999,0,0,0.16666666666666666,2,2,Midday,4,4,Set1,0,0,0,0.5,0.16666666666666666,NewYork4,0,0,0,0,0,0,0,0,0,0,0,0,0,2,1,1,2,3.0,2,derived_from_DR,,0.0,0
LS1,6,1,,0,0,0,0,0,,-1,-1,-1,-1,-1,-1,Midday,0,-1,Draw1,,0,0,0,,,C,3,3,1.0,own,1,0,0,0,0.0,0.0,6.0,0,1,6,100.0,0,0,0.1111111111111111,1,1,Midday,6,8,Set1,0,0,0,0.25,0.5,NewYork4,1,0,0,1,0,0,0,0,0,0,0,0,0,1,1,1,1,1.8,1,derived_from_DR,,0.0,0
LS1,6,1,,0,0,0,0,0,,-1,-1,-1,-1,-1,-1,Midday,0,-1,Draw1,,0,0,0,,,C,3,3,0.8333333333333334,combined,1,0,0,0,0.0,0.0,1.0,0,1,6,100.0,0,0,0.1111111111111111,1,1,Midday,3,3,Set1,1,0,0,0.5,0.5,NewYork4,0,0,0,0,0,0,0,0,0,0,0,0,0,1,1,1,1,4.5,1,derived_from_DR,,0.0,0
LS1,6,1,,0,0,0,0,0,,-1,-1,-1,-1,-1,-1,Midday,0,-1,Draw1,,0,0,0,,,D,3,3,1.0,own,1,0,0,0,0.0,0.0,6.0,0,1,6,100.0,0,0,0.16666666666666666,1,1,Midday,7,8,Set1,0,0,0,0.2,0.5,NewYork4,1,0,0,1,0,0,0,0,0,0,0,0,0,1,1,1,1,1.5,1,derived_from_DR,,0.0,0
LS1,6,1,,0,0,0,0,0,,-1,-1,-1,-1,-1,-1,Midday,0,-1,Draw1,,0,0,0,,,D,3,3,0.8333333333333334,combined,1,0,0,0,0.0,0.0,2.0,0,1,6,98.66666666666666,0,0,0.16666666666666666,1,1,Midday,4,4,Set1,0,0,0,0.3333333333333333,0.5,NewYork4,0,0,0,0,0,0,0,0,0,0,0,0,0,1,1,1,1,3.0,1,derived_from_DR,,0.0,1
LS1,6,1,,0,0,0,0,0,,-1,-1,-1,-1,-1,-1,Midday,0,-1,Draw1,,0,0,0,,,E,3,3,1.0,own,0,0,0,0,0.0,0.0,5.0,0,1,6,100.0,0,0,0.3,4,2,Midday,7,8,Set1,0,0,0,0.25,0.5,NewYork4,1,0,0,1,0,0,0,0,0,0,0,0,0,2,1,1,2,1.5,2,derived_from_DR,,0.0,0
LS1,6,1,,0,0,0,0,0,,-1,-1,-1,-1,-1,-1,Midday,0,-1,Draw1,,0,0,0,,,E,3,3,0.8333333333333334,combined,0,0,0,0,0.0,0.0,2.0,0,1,6,94.74999999999997,0,0,0.2333333333333333,2,2,Midday,5,5,Set1,0,0,0,0.3333333333333333,0.5,NewYork4,1,0,0,0,0,0,0,0,0,0,0,0,0,2,1,1,2,2.25,2,derived_from_DR,,0.0,0
LS1,6,0,,0,0,0,0,0,,-1,-1,-1,-1,-1,-1,Midday,0,-1,Draw1,66,0,1,0,66,66,T,3,3,1.0,own,1,2,0,0,1.0,0.5,6.0,0,1,6,100.0,0,0,0.13333333333333333,1,1,Midday,5,29,Set1,0,0,0,0.3333333333333333,0.5,NewYork4,1,2,1,1,0,1,2,0,1,0,1,1,0,1,1,1,1,1.75,1,derived_from_DR,2,0.7126099706744868,0
LS1,6,1,,0,0,0,0,0,,-1,-1,-1,-1,-1,-1,Midday,0,-1,Draw1,,0,0,0,,,T,3,3,0.8333333333333334,combined,1,2,0,0,0.0,0.0,12.0,0,1,6,100.0,0,0,0.13333333333333333,1,1,Midday,7,14,Set1,0,0,0,0.25,0.5,NewYork4,1,0,0,1,0,0,0,0,0,0,0,0,0,1,1,1,1,1.5,1,derived_from_DR,,0.0,0
LS1,5,0,,0,0,0,0,0,,-1,-1,-1,-1,-1,-1,Midday,0,-1,Draw1,66,0,0,1,66*,66,A,6,6,1.0,own,0,2,0,2,1.0,0.5,4.0,0,1,7,100.0,0,0,0.3333333333333333,6,3,Midday,8,29,Set1,0,0,0,0.5,0.3333333333333333,NewYork4,1,3,2,1,3,1,3,0,0,1,2,0,1,3,1,1,3,0.8571428571428571,3,derived_from_DR,2,0.7126099706744868,0
LS1,5,1,,0,0,0,0,0,,-1,-1,-1,-1,-1,-1,Midday,0,-1,Draw1,,1,0,0,*,,A,1,1,0.8333333333333334,combined,0,2,0,2,0.0,0.0,8.0,0,1,7,64.42857142857142,0,0,0.6666666666666666,11,5,Midday,8,57,Set1,0,0,0,0.5,0.16666666666666666,NewYork4,0,1,1,1,1,1,1,1,0,0,1,1,0,5,0,0,5,1.1428571428571428,5,derived_from_DR,,0.0,0
LS1,5,1,,0,0,0,0,0,,-1,-1,-1,-1,-1,-1,Midday,0,-1,Draw1,,1,0,0,*,,B,6,6,1.0,own,0,0,0,0,0.0,0.0,5.0,0,1,7,100.0,0,0,0.4444444444444444,2,2,Midday,8,29,Set1,0,0,0,0.3333333333333333,0.3333333333333333,NewYork4,0,1,1,1,3,1,1,1,0,0,1,1,0,2,1,1,2,1.1428571428571428,2,derived_from_DR,,0.0,0
LS1,5,1,,0,0,0,0,0,,-1,-1,-1,-1,-1,-1,Midday,0,-1,Draw1,,1,0,0,*,,B,1,1,0.8333333333333334,combined,0,0,0,0,0.0,0.0,1.0,0,1,7,91.66666666666669,0,0,0.0,2,2,Midday,4,57,Set1,0,0,0,0.5,0.16666666666666666,NewYork4,0,1,1,1,0,1,1,1,0,0,1,1,0,2,1,1,2,2.6666666666666665,2,derived_from_DR,,0.0,0
LS1,5,1,,0,0,0,0,0,,-1,-1,-1,-1,-1,-1,Midday,0,-1,Draw1,,1,0,0,*,,C,6,6,1.0,own,0,0,0,0,0.0,0.0,5.0,0,1,7,100.0,0,0,0.16666666666666666,2,1,Midday,8,29,Set1,0,0,0,0.3333333333333333,0.3333333333333333,NewYork4,0,1,1,1,3,1,1,1,0,0,1,1,0,2,1,1,2,1.1428571428571428,2,derived_from_DR,,0.0,0
LS1,5,1,,0,0,0,0,0,,-1,-1,-1,-1,-1,-1,Midday,0,-1,Draw1,,1,0,0,*,,C,1,1,0.8333333333333334,combined,0,0,0,0,0.0,0.0,0.0,0,1,7,89.33333333333334,0,0,0.16666666666666666,2,1,Midday,3,57,Set1,0,0,0,1.0,0.0,NewYork4,0,1,1,0,0,1,1,1,0,0,1,1,0,2,1,1,2,4.0,2,derived_from_DR,,0.0,0
LS1,5,1,,0,0,0,0,0,,-1,-1,-1,-1,-1,-1,Midday,0,-1,Draw1,,1,0,0,*,,D,6,6,1.0,own,0,0,0,1,0.0,0.0,4.0,0,1,7,100.0,0,0,0.2222222222222222,3,1,Midday,8,29,Set1,0,0,0,0.3333333333333333,0.3333333333333333,NewYork4,0,1,1,1,2,1,1,1,0,0,1,1,0,3,1,1,3,1.1428571428571428,3,derived_from_DR,,0.0,0
LS1,5,1,,0,0,0,0,0,,-1,-1,-1,-1,-1,-1,Midday,0,-1,Draw1,,1,0,0,*,,D,1,1,0.8333333333333334,combined,0,0,0,1,0.0,0.0,1.0,0,1,7,94.22222222222223,0,0,0.1111111111111111,2,1,Midday,4,57,Set1,0,0,0,0.5,0.16666666666666666,NewYork4,0,1,1,1,0,1,1,1,0,0,1,1,0,2,1,1,2,2.6666666666666665,2,derived_from_DR,,0.0,1
LS1,5,1,,0,0,0,0,0,,-1,-1,-1,-1,-1,-1,Midday,0,-1,Draw1,,1,0,0,*,,E,6,6,1.0,own,0,0,0,0,0.0,0.0,4.0,0,1,7,100.0,0,0,0.3333333333333333,3,3,Midday,8,29,Set1,0,0,0,0.3333333333333333,0.3333333333333333,NewYork4,0,1,1,1,2,1,1,1,0,0,1,1,0,3,1,1,3,1.1428571428571428,3,derived_from_DR,,0.0,0
LS1,5,1,,0,0,0,0,0,,-1,-1,-1,-1,-1,-1,Midday,0,-1,Draw1,,1,0,0,*,,E,1,1,0.8333333333333334,combined,0,0,0,0,0.0,0.0,1.0,0,1,7,90.22222222222223,0,0,0.1111111111111111,3,2,Midday,5,57,Set1,0,0,0,0.5,0.16666666666666666,NewYork4,0,1,1,1,0,1,1,1,0,0,1,1,0,3,1,1,3,2.0,3,derived_from_DR,,0.0,0
LS1,5,1,,0,0,0,0,0,,-1,-1,-1,-1,-1,-1,Midday,0,-1,Draw1,,1,0,0,*,,T,6,6,1.0,own,0,0,0,0,0.0,0.0,5.0,0,1,7,100.0,0,0,0.1111111111111111,2,1,Midday,8,29,Set1,0,0,0,0.3333333333333333,0.3333333333333333,NewYork4,0,1,1,1,3,1,1,1,0,0,1,1,0,2,1,1,2,1.1428571428571428,2,derived_from_DR,,0.0,0
LS1,5,1,,0,0,0,0,0,,-1,-1,-1,-1,-1,-1,Midday,0,-1,Draw1,,1,0,0,*,,T,1,1,0.8333333333333334,combined,0,0,0,0,0.0,0.0,3.0,0,1,7,96.2222222222222,0,0,0.1111111111111111,2,1,Midday,5,57,Set1,0,0,0,0.5,0.16666666666666666,NewYork4,1,1,1,1,1,1,1,1,0,0,1,1,0,2,1,1,2,2.0,2,derived_from_DR,,0.0,0
LS1,7,0,,0,0,0,0,0,7,-1,-1,-1,-1,-1,2,Evening,1,-1,Draw1,7,1,0,0,7,7,A,2,2,0.8333333333333334,own,0,1,0,2,1.0,0.5,3.0,0,1,9,100.0,0,0,0.611111111111111,6,3,Evening,8,29,Set3,0,0,0,0.3333333333333333,0.3333333333333333,NewYork4,1,1,1,1,0,1,1,1,0,0,1,1,0,4,0,0,4,1.4285714285714286,4,derived_from_DR,3,0.8064516129032258,0
LS1,7,1,,0,0,0,0,0,,-1,-1,-1,-1,-1,2,Evening,1,-1,Draw1,,0,0,0,,,A,2,2,0.8333333333333334,combined,0,1,0,2,0.0,0.0,7.0,0,1,9,100.0,1,1,1.0,11,5,Evening,11,14,Set3,0,0,0,0.3333333333333333,0.2222222222222222,NewYork4,1,0,0,1,1,0,0,0,0,0,0,0,0,6,0,0,6,1.1,6,derived_from_DR,,0.0,0
LS1,7,1,,0,0,0,0,0,,-1,-1,-1,-1,-1,-1,Evening,0,-1,Draw1,,0,0,0,,,B,2,2,0.8333333333333334,own,0,0,0,1,0.0,0.0,5.0,0,1,9,73.2111111111111,0,0,0.2888888888888889,2,2,Evening,6,8,Set3,0,0,0,0.3333333333333333,0.3333333333333333,NewYork4,0,0,0,0,0,0,0,0,0,0,0,0,0,2,1,1,2,2.2,2,derived_from_DR,,0.0,0
LS1,7,1,,0,0,0,0,0,,-1,-1,-1,-1,-1,2,Evening,1,-1,Draw1,,0,0,0,,,B,2,2,0.8333333333333334,combined,0,0,0,1,0.0,0.0,10.0,0,1,9,100.0,0,0,0.16666666666666666,3,2,Evening,7,14,Set3,0,0,0,0.3333333333333333,0.2222222222222222,NewYork4,1,0,0,1,0,0,0,0,0,0,0,0,0,3,1,1,3,1.8333333333333333,3,derived_from_DR,,0.0,0
LS1,7,1,,0,0,0,0,0,,-1,-1,-1,-1,-1,-1,Evening,0,-1,Draw1,,0,0,0,,,C,2,2,0.8333333333333334,own,1,0,0,0,0.0,0.0,1.0,0,1,9,100.0,0,0,0.16666666666666666,2,1,Evening,3,3,Set3,0,0,0,0.5,0.3333333333333333,NewYork4,0,0,0,0,0,0,0,0,0,0,0,0,0,1,1,1,1,5.5,1,derived_from_DR,,0.0,2
LS1,7,1,,0,0,0,0,0,,-1,-1,-1,-1,-1,-1,Evening,0,-1,Draw1,,0,0,0,,,C,2,2,0.8333333333333334,combined,1,0,0,0,0.0,0.0,1.0,0,1,9,100.0,0,0,0.5,2,1,Evening,3,3,Set3,0,0,0,0.5,0.3333333333333333,NewYork4,0,0,0,0,0,0,0,0,0,0,0,0,0,1,1,1,1,5.5,1,derived_from_DR,,0.0,2
LS1,7,1,,0,0,0,0,0,,-1,-1,-1,-1,-1,-1,Evening,0,-1,Draw1,,0,0,0,,,D,2,2,0.8333333333333334,own,1,0,0,0,0.0,0.0,5.0,0,1,9,95.18333333333332,0,0,0.37222222222222223,3,2,Evening,6,8,Set3,0,0,0,0.3333333333333333,0.2222222222222222,NewYork4,0,0,0,1,0,0,0,0,0,0,0,0,0,2,1,1,2,2.2,2,derived_from_DR,,0.0,1
LS1,7,1,,0,0,0,0,0,,-1,-1,-1,-1,-1,-1,Evening,0,-1,Draw1,,0,0,0,,,D,2,2,0.8333333333333334,combined,1,0,0,0,0.0,0.0,11.0,0,1,9,94.15555555555555,0,0,0.16666666666666666,2,2,Evening,6,14,Set3,0,0,0,0.3333333333333333,0.2222222222222222,NewYork4,0,0,0,1,0,0,0,0,0,0,0,0,0,2,1,1,2,2.2,2,derived_from_DR,,0.0,1
LS1,7,1,,0,0,0,0,0,,-1,-1,-1,-1,-1,-1,Evening,0,-1,Draw1,,0,0,0,,,E,2,2,0.8333333333333334,own,0,0,0,1,0.0,0.0,6.0,0,1,9,88.94761904761904,0,0,0.39999999999999997,3,2,Evening,8,9,Set3,0,0,0,0.2,0.3333333333333333,NewYork4,1,0,0,1,0,0,0,0,0,0,0,0,0,2,1,1,2,1.5714285714285714,2,derived_from_DR,,0.0,0
LS1,7,1,,0,0,0,0,0,,-1,-1,-1,-1,-1,2,Evening,1,-1,Draw1,,0,0,0,,,E,2,2,0.8333333333333334,combined,0,0,0,1,0.0,0.0,11.0,0,1,9,92.72069597069596,0,0,0.3,3,3,Evening,8,15,Set3,0,0,0,0.25,0.3333333333333333,NewYork4,0,0,0,0,0,0,0,0,0,0,0,0,0,3,1,1,3,1.5714285714285714,3,derived_from_DR,,0.0,0
LS1,7,0,,0,0,0,0,0,,-1,-1,-1,-1,-1,-1,Evening,0,-1,Draw1,7,1,0,0,7,7,T,2,2,0.8333333333333334,own,1,1,0,0,1.0,0.5,3.0,0,1,9,100.0,0,0,0.16666666666666666,2,1,Evening,5,29,Set3,0,0,0,0.3333333333333333,0.3333333333333333,NewYork4,1,1,1,1,0,1,1,1,0,0,1,1,0,1,1,1,1,2.5,1,derived_from_DR,3,0.8064516129032258,2
LS1,7,1,,0,0,0,0,0,,-1,-1,-1,-1,-1,-1,Evening,0,-1,Draw1,,0,0,0,,,T,2,2,0.8333333333333334,combined,1,1,0,0,0.0,0.0,5.0,0,1,9,100.0,0,0,0.16666666666666666,2,1,Evening,5,7,Set3,0,0,0,0.3333333333333333,0.3333333333333333,NewYork4,1,0,0,1,0,0,0,0,0,0,0,0,0,1,1,1,1,2.75,1,derived_from_DR,,0.0,2
LS1,6,0,,0,0,0,0,0,,-1,-1,-1,-1,-1,-1,Evening,0,-1,Draw1,7,1,0,0,7,7,A,2,2,1.0,own,1,1,0,2,1.0,0.5,4.0,0,1,7,100.0,0,0,0.39999999999999997,5,3,Evening,7,29,Set3,0,0,0,0.3333333333333333,0.42857142857142855,NewYork4,1,1,1,1,0,1,1,1,0,0,1,1,0,3,1,1,3,1.3333333333333333,3,derived_from_DR,3,0.8064516129032258,0
LS1,6,1,,0,0,0,0,0,,-1,-1,-1,-1,-1,-1,Evening,0,-1,Draw1,,0,0,0,,,A,2,2,0.8333333333333334,combined,1,1,0,2,0.0,0.0,8.0,0,1,7,56.283730158730165,0,0,0.47222222222222215,9,5,Evening,9,14,Set3,0,0,0,0.3333333333333333,0.42857142857142855,NewYork4,0,0,0,0,0,0,0,0,0,0,0,0,0,5,0,0,5,1.125,5,derived_from_DR,,0.0,0
LS1,6,1,,0,0,0,0,0,,-1,-1,-1,-1,-1,-1,Evening,0,-1,Draw1,,0,0,0,,,B,2,2,1.0,own,1,0,0,0,0.0,0.0,1.0,0,1,7,100.0,0,0,0.06666666666666667,2,1,Evening,4,4,Set3,0,0,0,0.5,0.2857142857142857,NewYork4,1,0,0,1,0,0,0,0,0,0,0,0,0,2,1,1,2,3.0,2,derived_from_DR,,0.0,0
LS1,6,1,,0,0,0,0,0,,-1,-1,-1,-1,-1,-1,Evening,0,-1,Draw1,,0,0,0,,,B,2,2,0.8333333333333334,combined,1,0,0,0,0.0,0.0,2.0,0,1,7,96.28174603174601,0,0,0.1111111111111111,2,1,Evening,5,5,Set3,0,0,0,0.3333333333333333,0.2857142857142857,NewYork4,1,0,0,1,0,0,0,0,0,0,0,0,0,2,1,1,2,2.25,2,derived_from_DR,,0.0,0
LS1,6,1,,0,0,0,0,0,,-1,-1,-1,-1,-1,-1,Evening,0,-1,Draw1,,0,0,0,,,C,2,2,1.0,own,1,0,0,0,0.0,0.0,1.0,0,1,7,95.63095238095237,0,0,0.08333333333333333,2,1,Evening,3,3,Set3,0,0,0,0.5,0.42857142857142855,NewYork4,0,0,0,0,0,0,0,0,0,0,0,0,0,1,1,1,1,4.5,1,derived_from_DR,,0.0,2
LS1,6,1,,0,0,0,0,0,,-1,-1,-1,-1,-1,-1,Evening,0,-1,Draw1,,0,0,0,,,C,2,2,0.8333333333333334,combined,1,0,0,0,0.0,0.0,1.0,0,1,7,95.46428571428571,0,0,0.25,2,1,Evening,3,3,Set3,0,0,0,0.5,0.42857142857142855,NewYork4,0,0,0,0,0,0,0,0,0,0,0,0,0,1,1,1,1,4.5,1,derived_from_DR,,0.0,2
LS1,6,1,,0,0,0,0,0,,-1,-1,-1,-1,-1,-1,Evening,0,-1,Draw1,,0,0,0,,,D,2,2,1.0,own,1,0,0,0,0.0,0.0,5.0,0,1,7,90.76507936507936,0,0,0.27777777777777773,3,2,Evening,6,8,Set3,0,0,0,0.3333333333333333,0.2857142857142857,NewYork4,0,0,0,1,0,0,0,0,0,0,0,0,0,2,1,1,2,1.8,2,derived_from_DR,,0.0,1
LS1,6,1,,0,0,0,0,0,,-1,-1,-1,-1,-1,-1,Evening,0,-1,Draw1,,0,0,0,,,D,2,2,0.8333333333333334,combined,1,0,0,0,0.0,0.0,11.0,0,1,7,88.93174603174602,0,0,0.1111111111111111,2,2,Evening,6,14,Set3,0,0,0,0.3333333333333333,0.2857142857142857,NewYork4,0,0,0,1,0,0,0,0,0,0,0,0,0,2,1,1,2,1.8,2,derived_from_DR,,0.0,1
LS1,6,1,,0,0,0,0,0,,-1,-1,-1,-1,-1,-1,Evening,0,-1,Draw1,,0,0,0,,,E,2,2,1.0,own,1,0,0,0,0.0,0.0,5.0,0,1,7,86.46428571428571,0,0,0.39999999999999997,3,2,Evening,7,8,Set3,0,0,0,0.25,0.42857142857142855,NewYork4,0,0,0,1,0,0,0,0,0,0,0,0,0,2,1,1,2,1.5,2,derived_from_DR,,0.0,0
LS1,6,1,,0,0,0,0,0,,-1,-1,-1,-1,-1,-1,Evening,0,-1,Draw1,,0,0,0,,,E,2,2,0.8333333333333334,combined,1,0,0,0,0.0,0.0,11.0,0,1,7,87.46428571428572,0,0,0.39999999999999997,2,2,Evening,7,14,Set3,0,0,0,0.25,0.42857142857142855,NewYork4,1,0,0,0,0,0,0,0,0,0,0,0,0,2,1,1,2,1.5,2,derived_from_DR,,0.0,0
LS1,6,0,,0,0,0,0,0,,-1,-1,-1,-1,-1,-1,Evening,0,-1,Draw1,7,1,0,0,7,7,T,2,2,1.0,own,1,1,0,0,1.0,0.5,3.0,0,1,7,100.0,0,0,0.08333333333333333,2,1,Evening,5,29,Set3,0,0,0,0.3333333333333333,0.42857142857142855,NewYork4,1,1,1,1,0,1,1,1,0,0,1,1,0,1,1,1,1,2.0,1,derived_from_DR,3,0.8064516129032258,2
LS1,6,1,,0,0,0,0,0,,-1,-1,-1,-1,-1,-1,Evening,0,-1,Draw1,,0,0,0,,,T,2,2,0.8333333333333334,combined,1,1,0,0,0.0,0.0,5.0,0,1,7,100.0,0,0,0.08333333333333333,2,1,Evening,5,7,Set3,0,0,0,0.3333333333333333,0.42857142857142855,NewYork4,1,0,0,1,0,0,0,0,0,0,0,0,0,1,1,1,1,2.25,1,derived_from_DR,,0.0,2
LS1,5,0,,0,0,0,0,0,,-1,-1,-1,-1,-1,-1,Evening,0,-1,Draw1,7,1,0,0,7,7,A,5,5,1.0,own,1,1,0,0,1.0,0.5,5.0,0,1,6,100.0,0,0,0.47222222222222215,5,2,Evening,7,29,Set3,0,0,0,0.3333333333333333,0.5,NewYork4,0,1,1,1,1,1,1,1,0,0,1,1,0,2,1,1,2,1.0,2,derived_from_DR,3,0.8064516129032258,0
LS1,5,1,,0,0,0,0,0,,-1,-1,-1,-1,-1,-1,Evening,0,-1,Draw1,,0,0,0,,,A,5,5,1.0,combined,1,1,0,0,0.0,0.0,11.0,0,1,6,100.0,0,0,0.47222222222222215,9,2,Evening,9,14,Set3,0,0,0,0.3333333333333333,0.5,NewYork4,0,0,0,0,3,0,0,0,0,0,0,0,0,2,1,1,2,0.875,2,derived_from_DR,,0.0,0
LS1,5,1,,0,0,0,0,0,,-1,-1,-1,-1,-1,-1,Evening,0,-1,Draw1,,0,0,0,,,B,5,5,1.0,own,1,0,0,0,0.0,0.0,2.0,0,1,6,100.0,0,0,0.16666666666666666,1,1,Evening,4,4,Set3,0,0,0,0.3333333333333333,0.5,NewYork4,0,0,0,0,0,0,0,0,0,0,0,0,0,1,1,1,1,2.3333333333333335,1,derived_from_DR,,0.0,0
LS1,5,1,,0,0,0,0,0,,-1,-1,-1,-1,-1,-1,Evening,0,-1,Draw1,,0,0,0,,,B,5,5,1.0,combined,1,0,0,0,0.0,0.0,2.0,0,1,6,100.0,0,0,0.16666666666666666,1,1,Evening,4,4,Set3,0,0,0,0.3333333333333333,0.5,NewYork4,0,0,0,0,0,0,0,0,0,0,0,0,0,1,1,1,1,2.3333333333333335,1,derived_from_DR,,0.0,0
LS1,5,1,,0,0,0,0,0,,-1,-1,-1,-1,-1,-1,Evening,0,-1,Draw1,,0,0,0,,,C,5,5,1.0,own,1,0,0,0,0.0,0.0,1.0,0,1,6,100.0,0,0,0.1111111111111111,1,1,Evening,3,3,Set3,0,0,0,0.5,0.5,NewYork4,0,0,0,0,0,0,0,0,0,0,0,0,0,1,1,1,1,3.5,1,derived_from_DR,,0.0,2
LS1,5,1,,0,0,0,0,0,,-1,-1,-1,-1,-1,-1,Evening,0,-1,Draw1,,0,0,0,,,C,5,5,1.0,combined,1,0,0,0,0.0,0.0,1.0,0,1,6,100.0,0,0,0.1111111111111111,1,1,Evening,3,3,Set3,0,0,0,0.5,0.5,NewYork4,0,0,0,0,0,0,0,0,0,0,0,0,0,1,1,1,1,3.5,1,derived_from_DR,,0.0,2
LS1,5,1,,0,0,0,0,0,,-1,-1,-1,-1,-1,-1,Evening,0,-1,Draw1,,0,0,0,,,D,5,5,1.0,own,1,0,0,0,0.0,0.0,2.0,0,1,6,100.0,0,0,0.2333333333333333,1,1,Evening,4,4,Set3,0,0,0,0.3333333333333333,0.5,NewYork4,0,0,0,0,0,0,0,0,0,0,0,0,0,1,1,1,1,2.3333333333333335,1,derived_from_DR,,0.0,1
LS1,5,1,,0,0,0,0,0,,-1,-1,-1,-1,-1,-1,Evening,0,-1,Draw1,,0,0,0,,,D,5,5,1.0,combined,1,0,0,0,0.0,0.0,2.0,0,1,6,100.0,0,0,0.2333333333333333,1,1,Evening,4,4,Set3,0,0,0,0.3333333333333333,0.5,NewYork4,0,0,0,0,0,0,0,0,0,0,0,0,0,1,1,1,1,2.3333333333333335,1,derived_from_DR,,0.0,1
LS1,5,1,,0,0,0,0,0,,-1,-1,-1,-1,-1,-1,Evening,0,-1,Draw1,,0,0,0,,,E,5,5,1.0,own,1,0,0,0,0.0,0.0,3.0,0,1,6,100.0,0,0,0.16666666666666666,2,1,Evening,5,5,Set3,0,0,0,0.25,0.5,NewYork4,0,0,0,0,0,0,0,0,0,0,0,0,0,1,1,1,1,1.75,1,derived_from_DR,,0.0,0
LS1,5,1,,0,0,0,0,0,,-1,-1,-1,-1,-1,-1,Evening,0,-1,Draw1,,0,0,0,,,E,5,5,1.0,combined,1,0,0,0,0.0,0.0,3.0,0,1,6,100.0,0,0,0.27777777777777773,2,1,Evening,5,5,Set3,0,0,0,0.25,0.5,NewYork4,0,0,0,0,0,0,0,0,0,0,0,0,0,1,1,1,1,1.75,1,derived_from_DR,,0.0,0
LS1,5,0,,0,0,0,0,0,,-1,-1,-1,-1,-1,-1,Evening,0,-1,Draw1,7,1,0,0,7,7,T,5,5,1.0,own,1,1,0,0,1.0,0.5,3.0,0,1,6,100.0,0,0,0.16666666666666666,1,1,Evening,5,29,Set3,0,0,0,0.3333333333333333,0.5,NewYork4,1,1,1,1,0,1,1,1,0,0,1,1,0,1,1,1,1,1.5,1,derived_from_DR,3,0.8064516129032258,2
LS1,5,1,,0,0,0,0,0,,-1,-1,-1,-1,-1,-1,Evening,0,-1,Draw1,,0,0,0,,,T,5,5,1.0,combined,1,1,0,0,0.0,0.0,5.0,0,1,6,100.0,0,0,0.16666666666666666,1,1,Evening,5,7,Set3,0,0,0,0.3333333333333333,0.5,NewYork4,1,0,0,1,0,0,0,0,0,0,0,0,0,1,1,1,1,1.75,1,derived_from_DR,,0.0,2
LS1,7,0,,0,0,0,0,0,,-1,-1,-1,-1,-1,-1,Evening,0,-1,Draw1,77,0,1,0,77,77,A,2,2,1.0,own,1,2,0,2,1.0,0.5,4.0,0,1,7,100.0,0,0,0.3,6,3,Evening,7,29,Set2,0,0,0,0.3333333333333333,0.42857142857142855,NewYork4,0,2,1,1,0,1,2,0,1,0,1,1,0,3,1,1,3,1.5,3,derived_from_DR,3,0.8064516129032258,0
LS1,7,1,,0,0,0,0,0,,-1,-1,-1,-1,-1,-1,Evening,0,-1,Draw1,,0,0,0,,,A,2,2,0.8333333333333334,combined,1,2,0,2,0.0,0.0,8.0,0,1,7,56.033730158730165,0,0,0.47222222222222215,9,5,Evening,9,14,Set2,0,0,0,0.3333333333333333,0.42857142857142855,NewYork4,0,0,0,0,0,0,0,0,0,0,0,0,0,5,0,0,5,1.375,5,derived_from_DR,,0.0,0
LS1,7,1,,0,0,0,0,0,,-1,-1,-1,-1,-1,-1,Evening,0,-1,Draw1,,0,0,0,,,B,2,2,1.0,own,1,0,0,0,0.0,0.0,1.0,0,1,7,92.69841269841268,0,0,0.1111111111111111,6,2,Evening,4,4,Set2,0,0,0,0.5,0.2857142857142857,NewYork4,0,0,0,1,0,0,0,0,0,0,0,0,0,2,1,1,2,3.6666666666666665,2,derived_from_DR,,0.0,0
LS1,7,1,,0,0,0,0,0,,-1,-1,-1,-1,-1,-1,Evening,0,-1,Draw1,,0,0,0,,,B,2,2,0.8333333333333334,combined,1,0,0,0,0.0,0.0,2.0,0,1,7,87.64285714285712,0,0,0.08333333333333333,2,2,Evening,5,5,Set2,0,0,0,0.3333333333333333,0.2857142857142857,NewYork4,0,0,0,1,0,0,0,0,0,0,0,0,0,2,1,1,2,2.75,2,derived_from_DR,,0.0,0
LS1,7,1,,0,0,0,0,0,,-1,-1,-1,-1,-1,1,Combined,1,-1,Draw1,,0,0,0,,,C,2,2,1.0,own,1,0,0,0,0.0,0.0,1.0,0,1,7,100.0,0,0,0.16666666666666666,6,1,Evening,3,3,Set2,0,0,0,0.5,0.42857142857142855,NewYork4,0,0,0,0,0,0,0,0,0,0,0,0,0,1,1,1,1,5.5,1,derived_from_DR,,0.0,1
LS1,7,1,,0,0,0,0,0,,-1,-1,-1,-1,-1,1,Combined,1,-1,Draw1,,0,0,0,,,C,2,2,0.8333333333333334,combined,1,0,0,0,0.0,0.0,1.0,0,1,7,100.0,0,0,0.5,2,1,Evening,3,3,Set2,0,0,0,0.5,0.42857142857142855,NewYork4,0,0,0,0,0,0,0,0,0,0,0,0,0,1,1,1,1,5.5,1,derived_from_DR,,0.0,1
LS1,7,1,,0,0,0,0,0,,-1,-1,-1,-1,-1,-1,Evening,0,-1,Draw1,,0,0,0,,,D,2,2,1.0,own,0,0,0,1,0.0,0.0,4.0,0,1,7,77.14285714285711,0,0,0.3333333333333333,6,2,Evening,7,8,Set2,0,0,0,0.3333333333333333,0.2857142857142857,NewYork4,0,0,0,1,0,0,0,0,0,0,0,0,0,3,1,1,3,1.8333333333333333,3,derived_from_DR,,0.0,0
LS1,7,1,,0,0,0,0,0,,-1,-1,-1,-1,-1,-1,Evening,0,-1,Draw1,,0,0,0,,,D,2,2,0.8333333333333334,combined,0,0,0,1,0.0,0.0,11.0,0,1,7,85.57539682539682,0,0,0.2222222222222222,2,2,Evening,7,14,Set2,0,0,0,0.25,0.42857142857142855,NewYork4,1,0,0,1,0,0,0,0,0,0,0,0,0,2,1,1,2,1.8333333333333333,2,derived_from_DR,,0.0,0
LS1,7,1,,0,0,0,0,0,,-1,-1,-1,-1,-1,-1,Evening,0,-1,Draw1,,0,0,0,,,E,2,2,1.0,own,0,0,0,1,0.0,0.0,4.0,0,1,7,79.54761904761902,0,0,0.3,6,3,Evening,7,8,Set2,0,0,0,0.3333333333333333,0.42857142857142855,NewYork4,1,0,0,0,0,0,0,0,0,0,0,0,0,3,1,1,3,1.8333333333333333,3,derived_from_DR,,0.0,0
LS1,7,1,,0,0,0,0,0,,-1,-1,-1,-1,-1,-1,Evening,0,-1,Draw1,,0,0,0,,,E,2,2,0.8333333333333334,combined,0,0,0,1,0.0,0.0,11.0,0,1,7,75.27301587301586,0,0,0.38888888888888884,4,2,Evening,8,14,Set2,0,0,0,0.2,0.42857142857142855,NewYork4,0,0,0,1,0,0,0,0,0,0,0,0,0,2,1,1,2,1.5714285714285714,2,derived_from_DR,,0.0,0
LS1,7,0,,0,0,0,0,0,77,-1,-1,-1,-1,-1,1,Combined,1,-1,Draw1,77,0,1,0,77,77,T,2,2,1.0,own,1,2,0,0,1.0,0.5,1.0,0,1,7,100.0,0,0,0.16666666666666666,6,1,Evening,3,29,Set2,0,0,0,0.5,0.42857142857142855,NewYork4,0,2,1,0,0,1,2,0,1,0,1,1,0,1,1,1,1,4.5,1,derived_from_DR,3,0.8064516129032258,1
LS1,7,1,,0,0,0,0,0,,-1,-1,-1,-1,-1,1,Combined,1,-1,Draw1,,0,0,0,,,T,2,2,0.8333333333333334,combined,1,2,0,0,0.0,0.0,5.0,0,1,7,100.0,0,0,0.16666666666666666,2,1,Evening,5,7,Set2,0,0,0,0.3333333333333333,0.42857142857142855,NewYork4,0,0,0,0,0,0,0,0,0,0,0,0,0,1,1,1,1,2.75,1,derived_from_DR,,0.0,1
LS1,6,0,,0,0,0,0,0,,-1,-1,-1,-1,-1,-1,Evening,0,-1,Draw1,77,0,1,0,77,77,A,3,3,1.0,own,1,2,0,2,1.0,0.5,4.0,0,1,7,100.0,0,0,0.39999999999999997,5,3,Evening,7,29,Set2,0,0,0,0.3333333333333333,0.42857142857142855,NewYork4,1,2,1,1,0,1,2,0,1,0,1,1,0,3,1,1,3,1.1666666666666667,3,derived_from_DR,3,0.8064516129032258,0
LS1,6,1,,0,0,0,0,0,,-1,-1,-1,-1,-1,-1,Evening,0,-1,Draw1,,0,0,0,,,A,3,3,0.8333333333333334,combined,1,2,0,2,0.0,0.0,8.0,0,1,7,70.28373015873017,0,0,0.47222222222222215,9,5,Evening,9,14,Set2,0,0,0,0.3333333333333333,0.42857142857142855,NewYork4,0,0,0,0,0,0,0,0,0,0,0,0,0,5,0,0,5,1.125,5,derived_from_DR,,0.0,0
LS1,6,1,,0,0,0,0,0,,-1,-1,-1,-1,-1,-1,Evening,0,-1,Draw1,,0,0,0,,,B,3,3,1.0,own,1,0,0,0,0.0,0.0,1.0,0,1,7,100.0,0,0,0.16666666666666666,2,1,Evening,4,4,Set2,0,0,0,0.5,0.2857142857142857,NewYork4,1,0,0,1,0,0,0,0,0,0,0,0,0,2,1,1,2,3.0,2,derived_from_DR,,0.0,0
LS1,6,1,,0,0,0,0,0,,-1,-1,-1,-1,-1,-1,Evening,0,-1,Draw1,,0,0,0,,,B,3,3,0.8333333333333334,combined,1,0,0,0,0.0,0.0,2.0,0,1,7,100.0,0,0,0.1111111111111111,2,1,Evening,5,5,Set2,0,0,0,0.3333333333333333,0.2857142857142857,NewYork4,1,0,0,1,0,0,0,0,0,0,0,0,0,2,1,1,2,2.25,2,derived_from_DR,,0.0,0
LS1,6,1,,0,0,0,0,0,,-1,-1,-1,-1,-1,1,Combined,1,-1,Draw1,,0,0,0,,,C,3,3,1.0,own,1,0,0,0,0.0,0.0,1.0,0,1,7,100.0,0,0,0.1111111111111111,2,1,Evening,3,3,Set2,0,0,0,0.5,0.42857142857142855,NewYork4,0,0,0,0,0,0,0,0,0,0,0,0,0,1,1,1,1,4.5,1,derived_from_DR,,0.0,1
LS1,6,1,,0,0,0,0,0,,-1,-1,-1,-1,-1,1,Combined,1,-1,Draw1,,0,0,0,,,C,3,3,0.8333333333333334,combined,1,0,0,0,0.0,0.0,1.0,0,1,7,100.0,0,0,0.3333333333333333,2,1,Evening,3,3,Set2,0,0,0,0.5,0.42857142857142855,NewYork4,0,0,0,0,0,0,0,0,0,0,0,0,0,1,1,1,1,4.5,1,derived_from_DR,,0.0,1
LS1,6,1,,0,0,0,0,0,,-1,-1,-1,-1,-1,1,Combined,1,-1,Draw1,,0,0,0,,,D,3,3,1.0,own,1,0,0,0,0.0,0.0,3.0,0,1,7,100.0,0,0,0.13333333333333333,3,1,Evening,5,5,Set2,0,0,0,0.25,0.42857142857142855,NewYork4,0,0,0,1,0,0,0,0,0,0,0,0,0,1,1,1,1,2.25,1,derived_from_DR,,0.0,0
LS1,6,1,,0,0,0,0,0,,-1,-1,-1,-1,-1,1,Combined,1,-1,Draw1,,0,0,0,,,D,3,3,0.8333333333333334,combined,1,0,0,0,0.0,0.0,2.0,0,1,7,100.0,0,0,0.17777777777777778,2,1,Evening,4,4,Set2,0,0,0,0.3333333333333333,0.42857142857142855,NewYork4,0,0,0,0,0,0,0,0,0,0,0,0,0,1,1,1,1,3.0,1,derived_from_DR,,0.0,0
LS1,6,1,,0,0,0,0,0,,-1,-1,-1,-1,-1,-1,Evening,0,-1,Draw1,,0,0,0,,,E,3,3,1.0,own,0,0,0,0,0.0,0.0,2.0,0,1,7,94.96428571428568,0,0,0.13333333333333333,3,2,Evening,5,5,Set2,0,0,0,0.3333333333333333,0.42857142857142855,NewYork4,0,0,0,1,0,0,0,0,0,0,0,0,0,2,1,1,2,2.25,2,derived_from_DR,,0.0,0
LS1,6,1,,0,0,0,0,0,,-1,-1,-1,-1,-1,-1,Evening,0,-1,Draw1,,0,0,0,,,E,3,3,0.8333333333333334,combined,0,0,0,0,0.0,0.0,2.0,0,1,7,100.0,0,0,0.0,3,2,Evening,5,5,Set2,0,0,0,0.3333333333333333,0.2857142857142857,NewYork4,1,0,0,1,0,0,0,0,0,0,0,0,0,2,1,1,2,2.25,2,derived_from_DR,,0.0,0
LS1,6,0,,0,0,0,0,0,77,-1,-1,-1,-1,-1,1,Combined,1,-1,Draw1,77,0,1,0,77,77,T,3,3,1.0,own,1,2,0,0,1.0,0.5,1.0,0,1,7,100.0,0,0,0.08333333333333333,2,1,Evening,3,29,Set2,0,0,0,0.5,0.42857142857142855,NewYork4,0,2,1,0,0,1,2,0,1,0,1,1,0,1,1,1,1,3.5,1,derived_from_DR,3,0.8064516129032258,1
LS1,6,1,,0,0,0,0,0,,-1,-1,-1,-1,-1,1,Combined,1,-1,Draw1,,0,0,0,,,T,3,3,0.8333333333333334,combined,1,2,0,0,0.0,0.0,5.0,0,1,7,100.0,0,0,0.19444444444444442,2,1,Evening,5,7,Set2,0,0,0,0.3333333333333333,0.42857142857142855,NewYork4,0,0,0,0,0,0,0,0,0,0,0,0,0,1,1,1,1,2.25,1,derived_from_DR,,0.0,1
LS1,5,0,,0,0,0,0,0,,-1,-1,-1,-1,-1,-1,Evening,0,-1,Draw1,77,0,1,0,77,77,A,5,5,1.0,own,1,2,0,2,1.0,0.5,4.0,0,0,4,100.0,0,0,0.2333333333333333,3,1,Evening,7,29,Set2,0,0,0,0.3333333333333333,0.75,NewYork4,1,2,1,1,0,1,2,0,1,0,1,1,0,3,1,1,3,0.6666666666666666,3,derived_from_DR,3,0.8064516129032258,0
LS1,5,1,,0,0,0,0,0,,-1,-1,-1,-1,-1,-1,Evening,0,-1,Draw1,,0,0,0,,,A,5,5,0.8333333333333334,combined,1,2,0,2,0.0,0.0,8.0,0,0,4,91.58333333333333,0,0,0.39999999999999997,5,1,Evening,9,14,Set2,0,0,0,0.3333333333333333,0.75,NewYork4,0,0,0,0,0,0,0,0,0,0,0,0,0,5,0,0,5,0.75,5,derived_from_DR,,0.0,0
LS1,5,1,,0,1,0,0,0,,-1,1,-1,-1,-1,1,Combined,1,-1,Draw1,,0,0,0,,,B,5,5,1.0,own,1,0,0,0,0.0,0.0,1.0,0,0,4,100.0,0,0,0.08333333333333333,1,1,Evening,3,3,Set2,0,0,0,0.5,0.5,NewYork4,0,0,0,1,0,0,0,0,0,0,0,0,0,1,1,1,1,3.0,1,derived_from_DR,,0.0,0
LS1,5,1,,0,1,0,0,0,,-1,1,-1,-1,-1,1,Combined,1,-1,Draw1,,0,0,0,,,B,5,5,0.8333333333333334,combined,1,0,0,0,0.0,0.0,1.0,0,0,4,100.0,0,0,0.08333333333333333,1,1,Evening,3,3,Set2,0,0,0,0.5,0.5,NewYork4,0,0,0,1,0,0,0,0,0,0,0,0,0,1,1,1,1,3.0,1,derived_from_DR,,0.0,0
LS1,5,1,,0,1,0,0,0,,-1,1,-1,-1,-1,1,Combined,1,-1,Draw1,,0,0,0,,,C,5,5,1.0,own,1,0,0,0,0.0,0.0,1.0,0,0,4,100.0,0,0,0.0,1,1,Evening,3,3,Set2,0,0,0,0.5,0.5,NewYork4,0,0,0,1,0,0,0,0,0,0,0,0,0,1,1,1,1,3.0,1,derived_from_DR,,0.0,1
LS1,5,1,,0,1,0,0,0,,-1,1,-1,-1,-1,1,Combined,1,-1,Draw1,,0,0,0,,,C,5,5,0.8333333333333334,combined,1,0,0,0,0.0,0.0,1.0,0,0,4,100.0,0,0,0.0,1,1,Evening,3,3,Set2,0,0,0,0.5,0.5,NewYork4,0,0,0,1,0,0,0,0,0,0,0,0,0,1,1,1,1,3.0,1,derived_from_DR,,0.0,1
LS1,5,1,,0,1,0,0,0,,-1,1,-1,-1,-1,1,Combined,1,-1,Draw1,,0,0,0,,,D,5,5,1.0,own,1,0,0,0,0.0,0.0,3.0,0,0,4,100.0,0,0,0.1111111111111111,1,1,Evening,5,5,Set2,0,0,0,0.25,0.5,NewYork4,0,0,0,1,0,0,0,0,0,0,0,0,0,1,1,1,1,1.5,1,derived_from_DR,,0.0,0
LS1,5,1,,0,1,0,0,0,,-1,1,-1,-1,-1,1,Combined,1,-1,Draw1,,0,0,0,,,D,5,5,0.8333333333333334,combined,1,0,0,0,0.0,0.0,2.0,0,0,4,100.0,0,0,0.1111111111111111,1,1,Evening,4,4,Set2,0,0,0,0.3333333333333333,0.5,NewYork4,0,0,0,1,0,0,0,0,0,0,0,0,0,1,1,1,1,2.0,1,derived_from_DR,,0.0,0
LS1,5,1,,0,1,0,0,0,,-1,1,-1,-1,-1,1,Combined,1,-1,Draw1,,0,0,0,,,E,5,5,1.0,own,1,0,0,0,0.0,0.0,3.0,0,0,4,100.0,0,0,0.06666666666666667,1,1,Evening,5,5,Set2,0,0,0,0.25,0.5,NewYork4,0,0,0,1,0,0,0,0,0,0,0,0,0,1,1,1,1,1.5,1,derived_from_DR,,0.0,0
LS1,5,1,,0,1,0,0,0,,-1,1,-1,-1,-1,1,Combined,1,-1,Draw1,,0,0,0,,,E,5,5,0.8333333333333334,combined,1,0,0,0,0.0,0.0,2.0,0,0,4,100.0,0,0,0.06666666666666667,1,1,Evening,4,4,Set2,0,0,0,0.3333333333333333,0.5,NewYork4,0,0,0,1,0,0,0,0,0,0,0,0,0,1,1,1,1,2.0,1,derived_from_DR,,0.0,0
LS1,5,0,,0,1,0,0,0,77,-1,1,-1,-1,-1,1,Combined,1,-1,Draw1,77,0,1,0,77,77,T,5,5,1.0,own,1,2,0,0,1.0,0.5,1.0,0,0,4,100.0,0,0,0.08333333333333333,1,1,Evening,3,29,Set2,0,0,0,0.5,0.5,NewYork4,0,2,1,1,0,1,2,0,1,0,1,1,0,1,1,1,1,2.0,1,derived_from_DR,3,0.8064516129032258,1
LS1,5,1,,0,1,0,0,0,,-1,1,-1,-1,-1,1,Combined,1,-1,Draw1,,0,0,0,,,T,5,5,0.8333333333333334,combined,1,2,0,0,0.0,0.0,5.0,0,0,4,100.0,0,0,0.08333333333333333,1,1,Evening,5,7,Set2,0,0,0,0.3333333333333333,0.5,NewYork4,0,0,0,1,0,0,0,0,0,0,0,0,0,1,1,1,1,1.5,1,derived_from_DR,,0.0,1
LS1,7,0,,0,0,0,0,0,,-1,-1,-1,-1,-1,-1,Evening,0,-1,Draw1,77,0,1,0,77,77,A,3,3,1.0,own,1,2,0,2,1.0,0.5,4.0,0,1,8,100.0,0,0,0.39999999999999997,5,3,Evening,7,29,Set1,0,0,0,0.3333333333333333,0.375,NewYork4,1,2,1,1,0,1,2,0,1,0,1,1,0,3,1,1,3,1.5,3,derived_from_DR,3,0.8064516129032258,1
LS1,7,1,,0,0,0,0,0,,-1,-1,-1,-1,-1,-1,Evening,0,-1,Draw1,,0,0,0,,,A,3,3,0.8333333333333334,combined,1,2,0,2,0.0,0.0,8.0,0,1,8,76.81944444444446,0,0,0.47222222222222215,9,5,Evening,9,14,Set1,0,0,0,0.3333333333333333,0.375,NewYork4,0,0,0,0,0,0,0,0,0,0,0,0,0,5,0,0,5,1.375,5,derived_from_DR,,0.0,1
LS1,7,1,,0,0,0,0,0,,-1,-1,-1,-1,-1,-1,Evening,0,-1,Draw1,,0,0,0,,,B,3,3,1.0,own,1,0,0,0,0.0,0.0,5.0,0,1,8,97.93333333333334,0,0,0.39999999999999997,2,2,Evening,6,8,Set1,0,0,0,0.3333333333333333,0.375,NewYork4,0,0,0,0,0,0,0,0,0,0,0,0,0,2,1,1,2,2.2,2,derived_from_DR,,0.0,0
LS1,7,1,,0,0,0,0,0,,-1,-1,-1,-1,-1,-1,Evening,0,-1,Draw1,,0,0,0,,,B,3,3,0.8333333333333334,combined,1,0,0,0,0.0,0.0,11.0,0,1,8,100.0,0,0,0.08333333333333333,2,2,Evening,7,14,Set1,0,0,0,0.25,0.375,NewYork4,0,0,0,1,0,0,0,0,0,0,0,0,0,2,1,1,2,1.8333333333333333,2,derived_from_DR,,0.0,0
LS1,7,1,,0,0,0,0,0,,-1,-1,-1,-1,-1,1,Combined,1,-1,Draw1,,0,0,0,,,C,3,3,1.0,own,1,0,0,0,0.0,0.0,1.0,0,1,8,100.0,0,0,0.1111111111111111,2,1,Evening,3,3,Set1,0,0,0,0.5,0.375,NewYork4,0,0,0,0,0,0,0,0,0,0,0,0,0,1,1,1,1,5.5,1,derived_from_DR,,0.0,0
LS1,7,1,,0,0,0,0,0,,-1,-1,-1,-1,-1,1,Combined,1,-1,Draw1,,0,0,0,,,C,3,3,0.8333333333333334,combined,1,0,0,0,0.0,0.0,1.0,0,1,8,100.0,0,0,0.3333333333333333,2,1,Evening,3,3,Set1,0,0,0,0.5,0.375,NewYork4,0,0,0,0,0,0,0,0,0,0,0,0,0,1,1,1,1,5.5,1,derived_from_DR,,0.0,0
LS1,7,1,,0,0,0,0,0,,-1,-1,-1,-1,-1,1,Combined,1,-1,Draw1,,0,0,0,,,D,3,3,1.0,own,1,0,0,0,0.0,0.0,3.0,0,1,8,100.0,0,0,0.13333333333333333,3,1,Evening,5,5,Set1,0,0,0,0.25,0.375,NewYork4,0,0,0,1,0,0,0,0,0,0,0,0,0,1,1,1,1,2.75,1,derived_from_DR,,0.0,0
LS1,7,1,,0,0,0,0,0,,-1,-1,-1,-1,-1,1,Combined,1,-1,Draw1,,0,0,0,,,D,3,3,0.8333333333333334,combined,1,0,0,0,0.0,0.0,2.0,0,1,8,100.0,0,0,0.17777777777777778,2,1,Evening,4,4,Set1,0,0,0,0.3333333333333333,0.375,NewYork4,0,0,0,0,0,0,0,0,0,0,0,0,0,1,1,1,1,3.6666666666666665,1,derived_from_DR,,0.0,0
LS1,7,1,,0,0,0,0,0,,-1,-1,-1,-1,-1,-1,Evening,0,-1,Draw1,,0,0,0,,,E,3,3,1.0,own,0,0,0,0,0.0,0.0,4.0,0,1,8,91.83333333333334,0,0,0.20000000000000004,4,3,Evening,7,8,Set1,0,0,0,0.3333333333333333,0.375,NewYork4,0,0,0,0,0,0,0,0,0,0,0,0,0,3,1,1,3,1.8333333333333333,3,derived_from_DR,,0.0,1
LS1,7,1,,0,0,0,0,0,,-1,-1,-1,-1,-1,-1,Evening,0,-1,Draw1,,0,0,0,,,E,3,3,0.8333333333333334,combined,0,0,0,0,0.0,0.0,10.0,0,1,8,93.29761904761907,0,0,0.16666666666666666,3,2,Evening,8,14,Set1,0,0,0,0.25,0.375,NewYork4,0,0,0,1,0,0,0,0,0,0,0,0,0,3,1,1,3,1.5714285714285714,3,derived_from_DR,,0.0,0
LS1,7,0,,0,0,0,0,0,77,-1,-1,-1,-1,-1,1,Combined,1,-1,Draw1,77,0,1,0,77,77,T,3,3,1.0,own,1,2,0,0,1.0,0.5,1.0,0,1,8,100.0,0,0,0.1111111111111111,2,1,Evening,3,29,Set1,0,0,0,0.5,0.375,NewYork4,0,2,1,0,0,1,2,0,1,0,1,1,0,1,1,1,1,4.5,1,derived_from_DR,3,0.8064516129032258,0
LS1,7,1,,0,0,0,0,0,,-1,-1,-1,-1,-1,1,Combined,1,-1,Draw1,,0,0,0,,,T,3,3,0.8333333333333334,combined,1,2,0,0,0.0,0.0,5.0,0,1,8,100.0,0,0,0.1111111111111111,2,1,Evening,5,7,Set1,0,0,0,0.3333333333333333,0.375,NewYork4,0,0,0,0,0,0,0,0,0,0,0,0,0,1,1,1,1,2.75,1,derived_from_DR,,0.0,0
LS1,6,0,,0,0,0,0,0,,-1,-1,-1,-1,-1,-1,Evening,0,-1,Draw1,77,0,1,0,77,77,A,3,3,1.0,own,1,2,0,2,1.0,0.5,4.0,0,1,6,100.0,0,0,0.3333333333333333,5,3,Evening,7,29,Set1,0,0,0,0.3333333333333333,0.5,NewYork4,1,2,1,1,0,1,2,0,1,0,1,1,0,3,1,1,3,1.0,3,derived_from_DR,3,0.8064516129032258,1
LS1,6,1,,0,0,0,0,0,,-1,-1,-1,-1,-1,-1,Evening,0,-1,Draw1,,0,0,0,,,A,3,3,0.8333333333333334,combined,1,2,0,2,0.0,0.0,8.0,0,1,6,71.77777777777779,0,0,0.38888888888888884,9,5,Evening,9,14,Set1,0,0,0,0.3333333333333333,0.5,NewYork4,0,0,0,0,0,0,0,0,0,0,0,0,0,5,0,0,5,1.0,5,derived_from_DR,,0.0,1
LS1,6,1,,0,0,0,0,0,,-1,-1,-1,-1,-1,1,Combined,1,-1,Draw1,,0,0,0,,,B,3,3,1.0,own,1,0,0,0,0.0,0.0,5.0,0,1,6,100.0,0,0,0.27777777777777773,2,2,Evening,6,8,Set1,0,0,0,0.3333333333333333,0.3333333333333333,NewYork4,1,0,0,1,0,0,0,0,0,0,0,0,0,2,1,1,2,1.6,2,derived_from_DR,,0.0,0
LS1,6,1,,0,0,0,0,0,,-1,-1,-1,-1,-1,1,Combined,1,-1,Draw1,,0,0,0,,,B,3,3,0.8333333333333334,combined,1,0,0,0,0.0,0.0,11.0,0,1,6,100.0,0,0,0.16666666666666666,2,2,Evening,6,14,Set1,0,0,0,0.3333333333333333,0.3333333333333333,NewYork4,1,0,0,1,0,0,0,0,0,0,0,0,0,2,1,1,2,1.6,2,derived_from_DR,,0.0,0
LS1,6,1,,0,0,0,0,0,,-1,-1,-1,-1,-1,1,Combined,1,-1,Draw1,,0,0,0,,,C,3,3,1.0,own,1,0,0,0,0.0,0.0,1.0,0,1,6,100.0,0,0,0.1111111111111111,1,1,Evening,3,3,Set1,0,0,0,0.5,0.5,NewYork4,0,0,0,0,0,0,0,0,0,0,0,0,0,1,1,1,1,4.0,1,derived_from_DR,,0.0,0
LS1,6,1,,0,0,0,0,0,,-1,-1,-1,-1,-1,1,Combined,1,-1,Draw1,,0,0,0,,,C,3,3,0.8333333333333334,combined,1,0,0,0,0.0,0.0,1.0,0,1,6,100.0,0,0,0.1111111111111111,1,1,Evening,3,3,Set1,0,0,0,0.5,0.5,NewYork4,0,0,0,0,0,0,0,0,0,0,0,0,0,1,1,1,1,4.0,1,derived_from_DR,,0.0,0
LS1,6,1,,0,0,0,0,0,,-1,-1,-1,-1,-1,1,Combined,1,-1,Draw1,,0,0,0,,,D,3,3,1.0,own,1,0,0,0,0.0,0.0,3.0,0,1,6,100.0,0,0,0.16666666666666666,1,1,Evening,5,5,Set1,0,0,0,0.25,0.5,NewYork4,0,0,0,1,0,0,0,0,0,0,0,0,0,1,1,1,1,2.0,1,derived_from_DR,,0.0,0
LS1,6,1,,0,0,0,0,0,,-1,-1,-1,-1,-1,1,Combined,1,-1,Draw1,,0,0,0,,,D,3,3,0.8333333333333334,combined,1,0,0,0,0.0,0.0,2.0,0,1,6,100.0,0,0,0.16666666666666666,1,1,Evening,4,4,Set1,0,0,0,0.3333333333333333,0.5,NewYork4,0,0,0,0,0,0,0,0,0,0,0,0,0,1,1,1,1,2.6666666666666665,1,derived_from_DR,,0.0,0
LS1,6,1,,0,0,0,0,0,,-1,-1,-1,-1,-1,1,Combined,1,-1,Draw1,,0,0,0,,,E,3,3,1.0,own,0,0,0,0,0.0,0.0,5.0,0,1,6,100.0,0,0,0.3,4,2,Evening,7,8,Set1,0,0,0,0.25,0.5,NewYork4,1,0,0,0,0,0,0,0,0,0,0,0,0,2,1,1,2,1.3333333333333333,2,derived_from_DR,,0.0,1
LS1,6,1,,0,0,0,0,0,,-1,-1,-1,-1,-1,1,Combined,1,-1,Draw1,,0,0,0,,,E,3,3,0.8333333333333334,combined,0,0,0,0,0.0,0.0,11.0,0,1,6,100.0,0,0,0.2333333333333333,2,2,Evening,7,14,Set1,0,0,0,0.25,0.3333333333333333,NewYork4,1,0,0,1,0,0,0,0,0,0,0,0,0,2,1,1,2,1.3333333333333333,2,derived_from_DR,,0.0,0
LS1,6,0,,0,0,0,0,0,77,-1,-1,-1,-1,-1,1,Combined,1,-1,Draw1,77,0,1,0,77,77,T,3,3,1.0,own,1,2,0,0,1.0,0.5,1.0,0,1,6,100.0,0,0,0.13333333333333333,1,1,Evening,3,29,Set1,0,0,0,0.5,0.5,NewYork4,0,2,1,0,0,1,2,0,1,0,1,1,0,1,1,1,1,3.0,1,derived_from_DR,3,0.8064516129032258,0
LS1,6,1,,0,0,0,0,0,,-1,-1,-1,-1,-1,1,Combined,1,-1,Draw1,,0,0,0,,,T,3,3,0.8333333333333334,combined,1,2,0,0,0.0,0.0,5.0,0,1,6,100.0,0,0,0.13333333333333333,1,1,Evening,5,7,Set1,0,0,0,0.3333333333333333,0.5,NewYork4,0,0,0,0,0,0,0,0,0,0,0,0,0,1,1,1,1,2.0,1,derived_from_DR,,0.0,0
LS1,5,0,,0,0,0,0,0,,-1,-1,-1,-1,-1,-1,Evening,0,-1,Draw1,77,0,0,1,77*,77,A,3,3,0.8333333333333334,own,0,2,0,2,1.0,0.5,3.0,0,1,6,100.0,0,0,0.3333333333333333,6,3,Evening,8,29,Set1,0,0,0,0.5,0.4,NewYork4,1,3,2,1,2,1,3,0,0,1,2,0,1,4,0,0,4,0.7142857142857143,4,derived_from_DR,3,0.8064516129032258,1
LS1,5,1,,0,0,0,0,0,,-1,-1,-1,-1,-1,-1,Evening,0,-1,Draw1,,1,0,0,*,,A,3,3,0.8333333333333334,combined,0,2,0,2,0.0,0.0,7.0,0,1,6,95.75833333333334,0,0,0.6666666666666666,11,5,Evening,9,57,Set1,0,0,0,0.5,0.2,NewYork4,0,1,1,1,1,1,1,1,0,0,1,1,0,6,0,0,6,0.875,6,derived_from_DR,,0.0,1
LS1,5,1,,0,0,0,0,0,,-1,-1,-1,-1,-1,-1,Evening,0,-1,Draw1,,1,0,0,*,,B,3,3,0.8333333333333334,own,1,0,0,0,0.0,0.0,5.0,0,1,6,100.0,0,0,0.4444444444444444,2,2,Evening,5,29,Set1,0,0,0,0.5,0.2,NewYork4,0,1,1,1,1,1,1,1,0,0,1,1,0,2,1,1,2,1.75,2,derived_from_DR,,0.0,0
LS1,5,1,,0,0,0,0,0,,-1,-1,-1,-1,-1,-1,Evening,0,-1,Draw1,,1,0,0,*,,B,3,3,0.8333333333333334,combined,1,0,0,0,0.0,0.0,11.0,0,1,6,100.0,0,0,0.0,2,2,Evening,5,57,Set1,0,0,0,0.5,0.2,NewYork4,0,1,1,1,1,1,1,1,0,0,1,1,0,2,1,1,2,1.75,2,derived_from_DR,,0.0,0
LS1,5,1,,0,1,0,0,0,*,-1,1,-1,-1,-1,1,Combined,1,-1,Draw1,,1,0,0,*,,C,3,3,0.8333333333333334,own,1,0,0,0,0.0,0.0,1.0,0,1,6,100.0,0,0,0.16666666666666666,2,1,Evening,3,29,Set1,0,0,0,0.5,0.4,NewYork4,0,1,1,0,0,1,1,1,0,0,1,1,0,1,1,1,1,3.5,1,derived_from_DR,,0.0,0
LS1,5,1,,0,1,0,0,0,*,-1,1,-1,-1,-1,1,Combined,1,-1,Draw1,,1,0,0,*,,C,3,3,0.8333333333333334,combined,1,0,0,0,0.0,0.0,1.0,0,1,6,100.0,0,0,0.16666666666666666,2,1,Evening,3,57,Set1,0,0,0,0.5,0.4,NewYork4,0,1,1,0,0,1,1,1,0,0,1,1,0,1,1,1,1,3.5,1,derived_from_DR,,0.0,0
LS1,5,1,,0,1,0,0,0,*,-1,1,-1,-1,-1,1,Combined,1,-1,Draw1,,1,0,0,*,,D,3,3,0.8333333333333334,own,1,0,0,0,0.0,0.0,3.0,0,1,6,100.0,0,0,0.2222222222222222,3,1,Evening,5,29,Set1,0,0,0,0.25,0.4,NewYork4,1,1,1,1,0,1,1,1,0,0,1,1,0,1,1,1,1,1.75,1,derived_from_DR,,0.0,0
LS1,5,1,,0,1,0,0,0,*,-1,1,-1,-1,-1,1,Combined,1,-1,Draw1,,1,0,0,*,,D,3,3,0.8333333333333334,combined,1,0,0,0,0.0,0.0,2.0,0,1,6,100.0,0,0,0.1111111111111111,2,1,Evening,4,57,Set1,0,0,0,0.3333333333333333,0.4,NewYork4,0,1,1,1,0,1,1,1,0,0,1,1,0,1,1,1,1,2.3333333333333335,1,derived_from_DR,,0.0,0
LS1,5,1,,0,0,0,0,0,,-1,-1,-1,-1,-1,-1,Evening,0,-1,Draw1,,1,0,0,*,,E,3,3,0.8333333333333334,own,0,0,0,1,0.0,0.0,4.0,0,1,6,100.0,0,0,0.3333333333333333,3,3,Evening,7,29,Set1,0,0,0,0.3333333333333333,0.4,NewYork4,1,1,1,1,0,1,1,1,0,0,1,1,0,3,1,1,3,1.1666666666666667,3,derived_from_DR,,0.0,1
LS1,5,1,,0,0,0,0,0,,-1,-1,-1,-1,-1,-1,Evening,0,-1,Draw1,,1,0,0,*,,E,3,3,0.8333333333333334,combined,0,0,0,1,0.0,0.0,11.0,0,1,6,100.0,0,0,0.1111111111111111,3,2,Evening,6,57,Set1,0,0,0,0.3333333333333333,0.4,NewYork4,1,1,1,1,0,1,1,1,0,0,1,1,0,2,1,1,2,1.4,2,derived_from_DR,,0.0,0
LS1,5,0,,0,1,0,0,0,77*,-1,1,-1,-1,-1,1,Combined,1,-1,Draw1,77,0,0,1,77*,77,T,3,3,0.8333333333333334,own,1,2,0,0,1.0,0.5,1.0,0,1,6,100.0,0,0,0.1111111111111111,2,1,Evening,3,29,Set1,0,0,0,0.5,0.4,NewYork4,1,3,2,1,0,1,3,0,0,1,2,0,1,1,1,1,1,2.5,1,derived_from_DR,3,0.8064516129032258,0
LS1,5,1,,0,1,0,0,0,*,-1,1,-1,-1,-1,1,Combined,1,-1,Draw1,,1,0,0,*,,T,3,3,0.8333333333333334,combined,1,2,0,0,0.0,0.0,5.0,0,1,6,100.0,0,0,0.1111111111111111,2,1,Evening,5,57,Set1,0,0,0,0.3333333333333333,0.4,NewYork4,1,1,1,1,0,1,1,1,0,0,1,1,0,1,1,1,1,1.75,1,derived_from_DR,,0.0,0
LS1,7,0,,0,1,0,0,0,441,-1,1,-1,-1,-1,1,Combined,1,49,Draw1,144,0,0,1,441,144,A,2,2,0.8333333333333334,own,1,0,0,5,3.0,0.5,0.0,0,1,7,100.0,0,0,0.611111111111111,6,3,Combined,7,29,Set3,0,0,0,1.0,0.2857142857142857,NewYork4,1,3,2,1,0,1,3,0,0,1,2,0,1,6,0,0,6,1.5,6,derived_from_DR,25,1.0,0
LS1,7,0,,0,1,0,0,0,441,-1,1,-1,-1,-1,1,Combined,1,49,Draw1,144,0,0,1,441,144,A,4,4,0.8333333333333334,combined,1,0,0,5,3.0,0.5,0.0,0,1,7,100.0,1,1,1.0,11,5,Combined,12,57,Set3,0,0,0,1.0,0.2857142857142857,NewYork4,1,3,2,1,0,1,3,0,0,1,2,0,1,11,0,0,11,0.8181818181818182,11,derived_from_DR,25,1.0,0
LS1,7,1,,0,1,0,0,0,,-1,1,-1,-1,-1,1,Combined,1,-1,Draw1,,0,0,0,,,B,2,2,0.8333333333333334,own,0,0,0,0,0.0,0.0,6.0,0,1,7,92.47741147741147,0,0,0.2888888888888889,2,2,Combined,5,9,Set3,0,0,0,0.5,0.14285714285714285,NewYork4,0,0,0,0,1,0,0,0,0,0,0,0,0,2,1,1,2,3.0,2,derived_from_DR,,0.0,0
LS1,7,1,,0,1,0,0,0,,-1,1,-1,-1,-1,1,Combined,1,-1,Draw1,,0,0,0,,,B,4,4,0.8333333333333334,combined,0,0,0,0,0.0,0.0,1.0,0,1,7,100.0,0,0,0.16666666666666666,3,2,Combined,4,4,Set3,0,0,0,0.5,0.42857142857142855,NewYork4,0,0,0,0,0,0,0,0,0,0,0,0,0,2,1,1,2,4.0,2,derived_from_DR,,0.0,0
LS1,7,1,,0,1,0,0,0,,-1,1,-1,-1,-1,1,Combined,1,-1,Draw1,,0,0,0,,,C,2,2,0.8333333333333334,own,1,0,0,0,0.0,0.0,1.0,0,1,7,100.0,0,0,0.16666666666666666,2,1,Combined,3,3,Set3,0,0,0,0.5,0.42857142857142855,NewYork4,0,0,0,0,0,0,0,0,0,0,0,0,0,1,1,1,1,6.0,1,derived_from_DR,,0.0,0
LS1,7,1,,0,1,0,0,0,,-1,1,-1,-1,-1,1,Combined,1,-1,Draw1,,0,0,0,,,C,4,4,0.8333333333333334,combined,1,0,0,0,0.0,0.0,2.0,0,1,7,100.0,0,0,0.5,2,1,Combined,4,4,Set3,0,0,0,0.5,0.42857142857142855,NewYork4,0,0,0,0,1,0,0,0,0,0,0,0,0,1,1,1,1,4.0,1,derived_from_DR,,0.0,0
LS1,7,1,,0,1,0,0,0,,-1,1,-1,-1,-1,1,Combined,1,-1,Draw1,,0,0,0,,,D,2,2,0.8333333333333334,own,0,0,0,0,0.0,0.0,6.0,0,1,7,100.0,0,0,0.37222222222222223,3,2,Combined,7,9,Set3,0,0,0,0.25,0.42857142857142855,NewYork4,1,0,0,1,0,0,0,0,0,0,0,0,0,2,1,1,2,2.0,2,derived_from_DR,,0.0,0
LS1,7,1,,0,1,0,0,0,,-1,1,-1,-1,-1,1,Combined,1,-1,Draw1,,0,0,0,,,D,4,4,0.8333333333333334,combined,0,0,0,0,0.0,0.0,2.0,0,1,7,100.0,0,0,0.16666666666666666,2,2,Combined,5,5,Set3,0,0,0,0.3333333333333333,0.42857142857142855,NewYork4,0,0,0,0,0,0,0,0,0,0,0,0,0,2,1,1,2,3.0,2,derived_from_DR,,0.0,0
LS1,7,1,,0,0,0,0,0,,-1,-1,-1,-1,-1,-1,Combined,0,-1,Draw1,,0,0,0,,,E,2,2,0.8333333333333334,own,0,0,0,0,0.0,0.0,16.0,0,1,7,94.21428571428572,0,0,0.39999999999999997,3,2,Combined,11,20,Set3,0,0,0,0.2,0.42857142857142855,NewYork4,1,0,0,1,0,0,0,0,0,0,0,0,0,3,1,1,3,1.2,3,derived_from_DR,,0.0,2
LS1,7,1,,0,1,0,0,0,,-1,2,-1,-1,-1,2,Combined,1,-1,Draw1,,0,0,0,,,E,4,4,0.8333333333333334,combined,0,0,0,0,0.0,0.0,13.0,0,1,7,100.0,0,0,0.3,3,3,Combined,8,17,Set3,0,0,0,0.25,0.42857142857142855,NewYork4,0,0,0,0,0,0,0,0,0,0,0,0,0,3,1,1,3,1.7142857142857142,3,derived_from_DR,,0.0,0
LS1,7,1,,0,1,0,0,0,,-1,1,-1,-1,-1,1,Combined,1,-1,Draw1,,0,0,0,,,T,2,2,0.8333333333333334,own,1,0,0,0,0.0,0.0,5.0,0,1,7,100.0,0,0,0.16666666666666666,2,1,Combined,5,7,Set3,0,0,0,0.3333333333333333,0.42857142857142855,NewYork4,1,0,0,1,0,0,0,0,0,0,0,0,0,1,1,1,1,3.0,1,derived_from_DR,,0.0,0
LS1,7,1,,0,1,0,0,0,,-1,1,-1,-1,-1,1,Combined,1,-1,Draw1,,0,0,0,,,T,4,4,0.8333333333333334,combined,1,0,0,0,0.0,0.0,10.0,0,1,7,100.0,0,0,0.16666666666666666,2,1,Combined,6,12,Set3,0,0,0,0.3333333333333333,0.42857142857142855,NewYork4,1,0,0,1,1,0,0,0,0,0,0,0,0,1,1,1,1,2.4,1,derived_from_DR,,0.0,0
LS1,6,0,,0,0,0,0,0,,-1,-1,-1,-1,-1,-1,Combined,0,-1,Draw1,144,0,0,1,441,144,A,2,2,0.8333333333333334,own,1,0,0,4,3.0,0.5,1.0,0,1,6,100.0,0,0,0.39999999999999997,5,3,Combined,7,29,Set3,1,1,1,0.5,0.5,NewYork4,1,3,2,1,0,1,3,0,0,1,2,0,1,5,0,0,5,1.0,5,derived_from_DR,25,1.0,0
LS1,6,0,,0,0,0,0,0,,-1,-1,-1,-1,-1,-1,Combined,0,-1,Draw1,144,0,0,1,441,144,A,3,3,0.8333333333333334,combined,1,0,0,4,3.0,0.5,2.0,0,1,6,100.0,0,0,0.47222222222222215,9,5,Combined,12,57,Set3,1,1,1,0.5,0.5,NewYork4,1,3,2,1,1,1,3,0,0,1,2,0,1,9,0,0,9,0.5454545454545454,9,derived_from_DR,25,1.0,0
LS1,6,1,,0,0,0,0,0,,-1,-1,-1,-1,-1,-1,Combined,0,-1,Draw1,,0,0,0,,,B,2,2,0.8333333333333334,own,1,0,0,0,0.0,0.0,7.0,0,1,6,76.91666666666664,0,0,0.06666666666666667,2,1,Combined,5,9,Set3,0,0,0,0.3333333333333333,0.5,NewYork4,0,0,0,0,0,0,0,0,0,0,0,0,0,1,1,1,1,2.25,1,derived_from_DR,,0.0,0
LS1,6,1,,0,0,0,0,0,,-1,-1,-1,-1,-1,-1,Combined,0,-1,Draw1,,0,0,0,,,B,3,3,0.8333333333333334,combined,1,0,0,0,0.0,0.0,2.0,0,1,6,100.0,0,0,0.1111111111111111,2,1,Combined,4,4,Set3,0,0,0,0.3333333333333333,0.5,NewYork4,0,0,0,1,0,0,0,0,0,0,0,0,0,1,1,1,1,3.0,1,derived_from_DR,,0.0,0
LS1,6,1,,0,0,0,0,0,,-1,-1,-1,-1,-1,-1,Combined,0,-1,Draw1,,0,0,0,,,C,2,2,0.8333333333333334,own,1,0,0,0,0.0,0.0,1.0,0,1,6,92.25,0,0,0.08333333333333333,2,1,Combined,3,3,Set3,0,0,0,0.5,0.3333333333333333,NewYork4,0,0,0,1,0,0,0,0,0,0,0,0,0,1,1,1,1,4.5,1,derived_from_DR,,0.0,0
LS1,6,1,,0,0,0,0,0,,-1,-1,-1,-1,-1,-1,Combined,0,-1,Draw1,,0,0,0,,,C,3,3,0.8333333333333334,combined,1,0,0,0,0.0,0.0,2.0,0,1,6,99.58333333333331,0,0,0.25,2,1,Combined,4,4,Set3,0,0,0,0.5,0.3333333333333333,NewYork4,0,0,0,1,1,0,0,0,0,0,0,0,0,1,1,1,1,3.0,1,derived_from_DR,,0.0,0
LS1,6,1,,0,0,0,0,0,,-1,-1,-1,-1,-1,-1,Combined,0,-1,Draw1,,0,0,0,,,D,2,2,0.8333333333333334,own,0,0,0,0,0.0,0.0,6.0,0,1,6,71.05555555555554,0,0,0.27777777777777773,3,2,Combined,7,9,Set3,0,0,0,0.3333333333333333,0.3333333333333333,NewYork4,0,0,0,1,1,0,0,0,0,0,0,0,0,2,1,1,2,1.5,2,derived_from_DR,,0.0,0
LS1,6,1,,0,0,0,0,0,,-1,-1,-1,-1,-1,-1,Combined,0,-1,Draw1,,0,0,0,,,D,3,3,0.8333333333333334,combined,0,0,0,0,0.0,0.0,1.0,0,1,6,94.88888888888887,0,0,0.1111111111111111,2,2,Combined,4,4,Set3,0,0,0,0.5,0.3333333333333333,NewYork4,0,0,0,1,0,0,0,0,0,0,0,0,0,2,1,1,2,3.0,2,derived_from_DR,,0.0,0
LS1,6,1,,0,0,0,0,0,,-1,-1,-1,-1,-1,-1,Combined,0,-1,Draw1,,0,0,0,,,E,2,2,0.8333333333333334,own,0,0,0,0,0.0,0.0,17.0,0,1,6,100.0,0,0,0.39999999999999997,3,2,Combined,11,20,Set3,1,1,1,0.2,0.5,NewYork4,1,0,0,1,1,0,0,0,0,0,0,0,0,2,1,1,2,0.9,2,derived_from_DR,,0.0,2
LS1,6,1,,0,0,0,0,0,,-1,-1,-1,-1,-1,-1,Combined,0,-1,Draw1,,0,0,0,,,E,3,3,0.8333333333333334,combined,0,0,0,0,0.0,0.0,14.0,0,1,6,82.75,0,0,0.39999999999999997,2,2,Combined,7,17,Set3,0,0,0,0.25,0.5,NewYork4,0,0,0,0,0,0,0,0,0,0,0,0,0,2,1,1,2,1.5,2,derived_from_DR,,0.0,0
LS1,6,1,,0,0,0,0,0,,-1,-1,-1,-1,-1,-1,Combined,0,-1,Draw1,,0,0,0,,,T,2,2,0.8333333333333334,own,1,0,0,0,0.0,0.0,5.0,0,1,6,84.33333333333331,0,0,0.08333333333333333,2,1,Combined,5,7,Set3,0,0,0,0.3333333333333333,0.3333333333333333,NewYork4,0,0,0,1,0,0,0,0,0,0,0,0,0,1,1,1,1,2.25,1,derived_from_DR,,0.0,0
LS1,6,1,,0,0,0,0,0,,-1,-1,-1,-1,-1,-1,Combined,0,-1,Draw1,,0,0,0,,,T,3,3,0.8333333333333334,combined,1,0,0,0,0.0,0.0,10.0,0,1,6,93.98333333333332,0,0,0.08333333333333333,2,1,Combined,6,12,Set3,0,0,0,0.3333333333333333,0.3333333333333333,NewYork4,0,0,0,1,1,0,0,0,0,0,0,0,0,1,1,1,1,1.8,1,derived_from_DR,,0.0,0
LS1,5,0,,0,0,0,0,0,,-1,-1,-1,-1,-1,-1,Combined,0,-1,Draw1,144,0,0,1,441,144,A,1,1,0.8333333333333334,own,1,0,0,4,3.0,0.5,1.0,0,1,5,84.7611111111111,0,0,0.47222222222222215,5,2,Combined,7,29,Set3,0,0,0,0.5,0.6,NewYork4,1,3,2,1,0,1,3,0,0,1,2,0,1,5,0,0,5,0.8333333333333334,5,derived_from_DR,25,1.0,0
LS1,5,0,,0,0,0,0,0,,-1,-1,-1,-1,-1,-1,Combined,0,-1,Draw1,144,0,0,1,441,144,A,2,2,0.8333333333333334,combined,1,0,0,4,3.0,0.5,2.0,0,1,5,94.62474747474747,0,0,0.47222222222222215,9,2,Combined,12,57,Set3,0,0,0,0.5,0.6,NewYork4,1,3,2,1,1,1,3,0,0,1,2,0,1,9,0,0,9,0.45454545454545453,9,derived_from_DR,25,1.0,0
LS1,5,1,,0,0,0,0,0,,-1,-1,-1,-1,-1,-1,Combined,0,-1,Draw1,,0,0,0,,,B,1,1,0.8333333333333334,own,1,0,0,0,0.0,0.0,7.0,0,1,5,77.26666666666667,0,0,0.16666666666666666,1,1,Combined,5,9,Set3,0,0,0,0.3333333333333333,0.4,NewYork4,1,0,0,1,0,0,0,0,0,0,0,0,0,1,1,1,1,2.0,1,derived_from_DR,,0.0,0
LS1,5,1,,0,0,0,0,0,,-1,-1,-1,-1,-1,-1,Combined,0,-1,Draw1,,0,0,0,,,B,2,2,0.8333333333333334,combined,1,0,0,0,0.0,0.0,2.0,0,1,5,94.26666666666664,0,0,0.16666666666666666,1,1,Combined,4,4,Set3,0,0,0,0.3333333333333333,0.4,NewYork4,1,0,0,1,0,0,0,0,0,0,0,0,0,1,1,1,1,2.6666666666666665,1,derived_from_DR,,0.0,0
LS1,5,1,,0,0,0,0,0,,-1,-1,-1,-1,-1,-1,Combined,0,-1,Draw1,,0,0,0,,,C,1,1,0.8333333333333334,own,1,0,0,0,0.0,0.0,1.0,0,1,5,88.35555555555553,0,0,0.1111111111111111,1,1,Combined,3,3,Set3,1,1,1,0.5,0.2,NewYork4,0,0,0,0,0,0,0,0,0,0,0,0,0,1,1,1,1,4.0,1,derived_from_DR,,0.0,0
LS1,5,1,,0,0,0,0,0,,-1,-1,-1,-1,-1,-1,Combined,0,-1,Draw1,,0,0,0,,,C,2,2,0.8333333333333334,combined,1,0,0,0,0.0,0.0,2.0,0,1,5,95.35555555555554,0,0,0.1111111111111111,1,1,Combined,4,4,Set3,1,1,1,0.5,0.2,NewYork4,0,0,0,0,1,0,0,0,0,0,0,0,0,1,1,1,1,2.6666666666666665,1,derived_from_DR,,0.0,0
LS1,5,1,,0,0,0,0,0,,-1,-1,-1,-1,-1,-1,Combined,0,-1,Draw1,,0,0,0,,,D,1,1,0.8333333333333334,own,1,0,0,0,0.0,0.0,7.0,0,1,5,75.81666666666666,0,0,0.2333333333333333,1,1,Combined,7,9,Set3,0,0,0,0.25,0.6,NewYork4,1,0,0,1,0,0,0,0,0,0,0,0,0,1,1,1,1,1.3333333333333333,1,derived_from_DR,,0.0,0
LS1,5,1,,0,0,0,0,0,,-1,-1,-1,-1,-1,-1,Combined,0,-1,Draw1,,0,0,0,,,D,2,2,0.8333333333333334,combined,1,0,0,0,0.0,0.0,2.0,0,1,5,87.39999999999998,0,0,0.2333333333333333,1,1,Combined,4,4,Set3,0,0,0,0.3333333333333333,0.6,NewYork4,1,0,0,0,0,0,0,0,0,0,0,0,0,1,1,1,1,2.6666666666666665,1,derived_from_DR,,0.0,0
LS1,5,1,,0,0,0,0,0,,-1,-1,-1,-1,-1,-1,Combined,0,-1,Draw1,,0,0,0,,,E,1,1,0.8333333333333334,own,0,0,0,0,0.0,0.0,17.0,0,1,5,69.53333333333333,0,0,0.16666666666666666,2,1,Combined,11,20,Set3,0,0,0,0.2,0.6,NewYork4,1,0,0,1,1,0,0,0,0,0,0,0,0,2,1,1,2,0.8,2,derived_from_DR,,0.0,2
LS1,5,1,,0,0,0,0,0,,-1,-1,-1,-1,-1,-1,Combined,0,-1,Draw1,,0,0,0,,,E,2,2,0.8333333333333334,combined,0,0,0,0,0.0,0.0,14.0,0,1,5,82.23888888888891,0,0,0.27777777777777773,2,1,Combined,7,17,Set3,0,0,0,0.25,0.4,NewYork4,1,0,0,1,0,0,0,0,0,0,0,0,0,2,1,1,2,1.3333333333333333,2,derived_from_DR,,0.0,0
LS1,5,1,,0,0,0,0,0,,-1,-1,-1,-1,-1,-1,Combined,0,-1,Draw1,,0,0,0,,,T,1,1,0.8333333333333334,own,1,0,0,0,0.0,0.0,5.0,0,1,5,73.26666666666667,0,0,0.16666666666666666,1,1,Combined,5,7,Set3,0,0,0,0.3333333333333333,0.4,NewYork4,1,0,0,1,1,0,0,0,0,0,0,0,0,1,1,1,1,2.0,1,derived_from_DR,,0.0,0
LS1,5,1,,0,0,0,0,0,,-1,-1,-1,-1,-1,-1,Combined,0,-1,Draw1,,0,0,0,,,T,2,2,0.8333333333333334,combined,1,0,0,0,0.0,0.0,10.0,0,1,5,87.06666666666665,0,0,0.16666666666666666,1,1,Combined,6,12,Set3,0,0,0,0.3333333333333333,0.4,NewYork4,1,0,0,1,1,0,0,0,0,0,0,0,0,1,1,1,1,1.6,1,derived_from_DR,,0.0,0
LS1,7,0,,0,0,0,0,0,,-1,-1,-1,-1,-1,-1,Combined,0,-1,Draw1,144,0,0,1,441,144,A,2,2,0.8333333333333334,own,1,0,0,4,3.0,0.5,1.0,0,1,8,100.0,0,0,0.3,6,3,Combined,7,29,Set2,0,0,0,0.5,0.375,NewYork4,1,3,2,1,0,1,3,0,0,1,2,0,1,5,0,0,5,1.3333333333333333,5,derived_from_DR,25,1.0,1
LS1,7,0,,0,0,0,0,0,,-1,-1,-1,-1,-1,-1,Combined,0,-1,Draw1,144,0,0,1,441,144,A,4,4,0.8333333333333334,combined,1,0,0,4,3.0,0.5,2.0,0,1,8,100.0,0,0,0.47222222222222215,9,5,Combined,12,57,Set2,0,0,0,0.5,0.375,NewYork4,1,3,2,1,1,1,3,0,0,1,2,0,1,9,0,0,9,0.7272727272727273,9,derived_from_DR,25,1.0,1
LS1,7,1,,0,0,0,0,0,,-1,-1,-1,-1,-1,-1,Combined,0,-1,Draw1,,0,0,0,,,B,2,2,0.8333333333333334,own,0,0,0,0,0.0,0.0,6.0,0,1,8,93.9888888888889,0,0,0.1111111111111111,6,2,Combined,6,9,Set2,0,0,0,0.3333333333333333,0.25,NewYork4,1,0,0,1,0,0,0,0,0,0,0,0,0,2,1,1,2,2.2,2,derived_from_DR,,0.0,1
LS1,7,1,,0,0,0,0,1,,-1,-1,-1,-1,2,2,Combined,1,-1,Draw1,,0,0,0,,,B,4,4,0.8333333333333334,combined,0,0,0,0,0.0,0.0,1.0,0,1,8,100.0,0,0,0.08333333333333333,2,2,Combined,4,4,Set2,0,0,0,0.5,0.375,NewYork4,1,0,0,0,0,0,0,0,0,0,0,0,0,2,1,1,2,3.6666666666666665,2,derived_from_DR,,0.0,0
LS1,7,1,,0,0,0,0,1,,-1,-1,-1,-1,1,1,Combined,1,-1,Draw1,,0,0,0,,,C,2,2,0.8333333333333334,own,1,0,0,0,0.0,0.0,1.0,0,1,8,100.0,0,0,0.16666666666666666,6,1,Combined,3,3,Set2,0,0,0,0.5,0.375,NewYork4,1,0,0,0,0,0,0,0,0,0,0,0,0,1,1,1,1,5.5,1,derived_from_DR,,0.0,0
LS1,7,1,,0,0,0,0,1,,-1,-1,-1,-1,1,1,Combined,1,-1,Draw1,,0,0,0,,,C,4,4,0.8333333333333334,combined,1,0,0,0,0.0,0.0,2.0,0,1,8,100.0,0,0,0.5,2,1,Combined,4,4,Set2,0,0,0,0.5,0.375,NewYork4,1,0,0,0,1,0,0,0,0,0,0,0,0,1,1,1,1,3.6666666666666665,1,derived_from_DR,,0.0,0
LS1,7,1,,0,0,0,0,0,,-1,-1,-1,-1,-1,-1,Combined,0,-1,Draw1,,0,0,0,,,D,2,2,0.8333333333333334,own,0,0,0,0,0.0,0.0,6.0,0,1,8,75.99999999999997,0,0,0.3333333333333333,6,2,Combined,7,9,Set2,0,0,0,0.3333333333333333,0.25,NewYork4,0,0,0,1,1,0,0,0,0,0,0,0,0,2,1,1,2,1.8333333333333333,2,derived_from_DR,,0.0,0
LS1,7,1,,0,0,0,0,1,,-1,-1,-1,-1,2,2,Combined,1,-1,Draw1,,0,0,0,,,D,4,4,0.8333333333333334,combined,0,0,0,0,0.0,0.0,1.0,0,1,8,100.0,0,0,0.2222222222222222,2,2,Combined,4,4,Set2,0,0,0,0.5,0.375,NewYork4,1,0,0,0,0,0,0,0,0,0,0,0,0,2,1,1,2,3.6666666666666665,2,derived_from_DR,,0.0,0
LS1,7,1,,0,0,0,0,0,,-1,-1,-1,-1,-1,-1,Combined,0,-1,Draw1,,0,0,0,,,E,2,2,0.8333333333333334,own,0,0,0,0,0.0,0.0,16.0,0,1,8,91.20000000000002,0,0,0.3,6,3,Combined,11,20,Set2,0,0,0,0.2,0.375,NewYork4,1,0,0,1,0,0,0,0,0,0,0,0,0,3,1,1,3,1.1,3,derived_from_DR,,0.0,1
LS1,7,1,,0,0,0,0,0,,-1,-1,-1,-1,-1,-1,Combined,0,-1,Draw1,,0,0,0,,,E,4,4,0.8333333333333334,combined,0,0,0,0,0.0,0.0,13.0,0,1,8,97.77777777777777,0,0,0.38888888888888884,4,2,Combined,7,17,Set2,0,0,0,0.3333333333333333,0.125,NewYork4,0,0,0,0,1,0,0,0,0,0,0,0,0,3,1,1,3,1.8333333333333333,3,derived_from_DR,,0.0,0
LS1,7,1,,0,0,0,0,1,,-1,-1,-1,-1,1,1,Combined,1,-1,Draw1,,0,0,0,,,T,2,2,0.8333333333333334,own,1,0,0,0,0.0,0.0,5.0,0,1,8,100.0,0,0,0.16666666666666666,6,1,Combined,5,7,Set2,0,0,0,0.3333333333333333,0.375,NewYork4,1,0,0,0,0,0,0,0,0,0,0,0,0,1,1,1,1,2.75,1,derived_from_DR,,0.0,0
LS1,7,1,,0,0,0,0,1,,-1,-1,-1,-1,1,1,Combined,1,-1,Draw1,,0,0,0,,,T,4,4,0.8333333333333334,combined,1,0,0,0,0.0,0.0,10.0,0,1,8,100.0,0,0,0.16666666666666666,2,1,Combined,6,12,Set2,0,0,0,0.3333333333333333,0.375,NewYork4,1,0,0,0,1,0,0,0,0,0,0,0,0,1,1,1,1,2.2,1,derived_from_DR,,0.0,0
LS1,6,0,,0,0,0,0,0,,-1,-1,-1,-1,-1,-1,Combined,0,-1,Draw1,144,0,0,1,441,144,A,2,2,0.8333333333333334,own,1,0,0,4,3.0,0.5,1.0,0,1,6,100.0,0,0,0.39999999999999997,5,3,Combined,7,29,Set2,1,1,1,0.5,0.5,NewYork4,1,3,2,1,0,1,3,0,0,1,2,0,1,5,0,0,5,1.0,5,derived_from_DR,25,1.0,1
LS1,6,0,,0,0,0,0,0,,-1,-1,-1,-1,-1,-1,Combined,0,-1,Draw1,144,0,0,1,441,144,A,2,2,0.8333333333333334,combined,1,0,0,4,3.0,0.5,2.0,0,1,6,100.0,0,0,0.47222222222222215,9,5,Combined,12,57,Set2,1,1,1,0.5,0.5,NewYork4,1,3,2,1,1,1,3,0,0,1,2,0,1,9,0,0,9,0.5454545454545454,9,derived_from_DR,25,1.0,1
LS1,6,1,,0,0,0,0,0,,-1,-1,-1,-1,-1,-1,Combined,0,-1,Draw1,,0,0,0,,,B,2,2,0.8333333333333334,own,1,0,0,0,0.0,0.0,7.0,0,1,6,97.48333333333333,0,0,0.16666666666666666,2,1,Combined,6,9,Set2,0,0,0,0.25,0.5,NewYork4,1,0,0,1,0,0,0,0,0,0,0,0,0,1,1,1,1,1.8,1,derived_from_DR,,0.0,1
LS1,6,1,,0,0,0,0,0,,-1,-1,-1,-1,-1,-1,Combined,0,-1,Draw1,,0,0,0,,,B,2,2,0.8333333333333334,combined,1,0,0,0,0.0,0.0,2.0,0,1,6,79.38888888888886,0,0,0.1111111111111111,2,1,Combined,4,4,Set2,0,0,0,0.3333333333333333,0.5,NewYork4,0,0,0,0,0,0,0,0,0,0,0,0,0,1,1,1,1,3.0,1,derived_from_DR,,0.0,0
LS1,6,1,,0,0,0,0,0,,-1,-1,-1,-1,-1,-1,Combined,0,-1,Draw1,,0,0,0,,,C,2,2,0.8333333333333334,own,1,0,0,0,0.0,0.0,1.0,0,1,6,83.7222222222222,0,0,0.1111111111111111,2,1,Combined,3,3,Set2,0,0,0,0.5,0.16666666666666666,NewYork4,0,0,0,0,0,0,0,0,0,0,0,0,0,1,1,1,1,4.5,1,derived_from_DR,,0.0,0
LS1,6,1,,0,0,0,0,0,,-1,-1,-1,-1,-1,-1,Combined,0,-1,Draw1,,0,0,0,,,C,2,2,0.8333333333333334,combined,1,0,0,0,0.0,0.0,2.0,0,1,6,76.33333333333333,0,0,0.3333333333333333,2,1,Combined,4,4,Set2,0,0,0,0.5,0.16666666666666666,NewYork4,0,0,0,0,1,0,0,0,0,0,0,0,0,1,1,1,1,3.0,1,derived_from_DR,,0.0,0
LS1,6,1,,0,0,0,0,0,,-1,-1,-1,-1,-1,-1,Combined,0,-1,Draw1,,0,0,0,,,D,2,2,0.8333333333333334,own,1,0,0,0,0.0,0.0,7.0,0,1,6,92.41666666666666,0,0,0.13333333333333333,3,1,Combined,7,9,Set2,0,0,0,0.25,0.5,NewYork4,1,0,0,1,0,0,0,0,0,0,0,0,0,1,1,1,1,1.5,1,derived_from_DR,,0.0,0
LS1,6,1,,0,0,0,0,0,,-1,-1,-1,-1,-1,-1,Combined,0,-1,Draw1,,0,0,0,,,D,2,2,0.8333333333333334,combined,1,0,0,0,0.0,0.0,2.0,0,1,6,89.7222222222222,0,0,0.17777777777777778,2,1,Combined,4,4,Set2,0,0,0,0.3333333333333333,0.5,NewYork4,1,0,0,0,0,0,0,0,0,0,0,0,0,1,1,1,1,3.0,1,derived_from_DR,,0.0,0
LS1,6,1,,0,0,0,0,0,,-1,-1,-1,-1,-1,-1,Combined,0,-1,Draw1,,0,0,0,,,E,2,2,0.8333333333333334,own,0,0,0,1,0.0,0.0,16.0,0,1,6,100.0,0,0,0.13333333333333333,3,2,Combined,11,20,Set2,1,1,1,0.2,0.5,NewYork4,1,0,0,1,0,0,0,0,0,0,0,0,0,3,1,1,3,0.9,3,derived_from_DR,,0.0,1
LS1,6,1,,0,0,0,0,0,,-1,-1,-1,-1,-1,-1,Combined,0,-1,Draw1,,0,0,0,,,E,2,2,0.8333333333333334,combined,0,0,0,1,0.0,0.0,14.0,0,1,6,81.08333333333333,0,0,0.0,3,2,Combined,7,17,Set2,0,0,0,0.25,0.3333333333333333,NewYork4,1,0,0,1,0,0,0,0,0,0,0,0,0,2,1,1,2,1.5,2,derived_from_DR,,0.0,0
LS1,6,1,,0,0,0,0,0,,-1,-1,-1,-1,-1,-1,Combined,0,-1,Draw1,,0,0,0,,,T,2,2,0.8333333333333334,own,1,0,0,0,0.0,0.0,5.0,0,1,6,90.33333333333331,0,0,0.08333333333333333,2,1,Combined,5,7,Set2,0,0,0,0.3333333333333333,0.3333333333333333,NewYork4,1,0,0,1,1,0,0,0,0,0,0,0,0,1,1,1,1,2.25,1,derived_from_DR,,0.0,0
LS1,6,1,,0,0,0,0,0,,-1,-1,-1,-1,-1,-1,Combined,0,-1,Draw1,,0,0,0,,,T,2,2,0.8333333333333334,combined,1,0,0,0,0.0,0.0,10.0,0,1,6,89.53888888888886,0,0,0.19444444444444442,2,1,Combined,6,12,Set2,0,0,0,0.3333333333333333,0.3333333333333333,NewYork4,1,0,0,1,1,0,0,0,0,0,0,0,0,1,1,1,1,1.8,1,derived_from_DR,,0.0,0
LS1,5,0,,0,0,0,0,0,,-1,-1,-1,-1,-1,-1,Combined,0,-1,Draw1,144,0,0,1,441,144,A,1,1,1.0,own,1,0,0,0,3.0,0.5,4.0,0,1,5,100.0,0,0,0.2333333333333333,3,1,Combined,6,29,Set2,0,0,0,0.5,0.6,NewYork4,1,3,2,1,3,1,3,0,0,1,2,0,1,1,1,1,1,0.8,1,derived_from_DR,25,1.0,1
LS1,5,0,,0,0,0,0,0,,-1,-1,-1,-1,-1,-1,Combined,0,-1,Draw1,144,0,0,1,441,144,A,1,1,1.0,combined,1,0,0,0,3.0,0.5,8.0,0,1,5,84.23333333333333,0,0,0.39999999999999997,5,1,Combined,10,57,Set2,0,0,0,0.5,0.6,NewYork4,1,3,2,1,7,1,3,0,0,1,2,0,1,1,1,1,1,0.4444444444444444,1,derived_from_DR,25,1.0,1
LS1,5,1,,0,0,0,0,0,,-1,-1,-1,-1,-1,-1,Combined,0,-1,Draw1,,0,0,0,,,B,1,1,1.0,own,1,0,0,0,0.0,0.0,7.0,0,1,5,76.04999999999998,0,0,0.08333333333333333,1,1,Combined,6,9,Set2,0,0,0,0.3333333333333333,0.4,NewYork4,1,0,0,1,1,0,0,0,0,0,0,0,0,1,1,1,1,1.4,1,derived_from_DR,,0.0,1
LS1,5,1,,0,0,0,0,0,,-1,-1,-1,-1,-1,-1,Combined,0,-1,Draw1,,0,0,0,,,B,1,1,1.0,combined,1,0,0,0,0.0,0.0,1.0,0,1,5,83.51666666666668,0,0,0.08333333333333333,1,1,Combined,3,3,Set2,0,0,0,0.5,0.4,NewYork4,1,0,0,1,0,0,0,0,0,0,0,0,0,1,1,1,1,3.5,1,derived_from_DR,,0.0,0
LS1,5,1,,0,0,0,0,0,,-1,-1,-1,-1,-1,-1,Combined,0,-1,Draw1,,0,0,0,,,C,1,1,1.0,own,0,0,0,0,0.0,0.0,2.0,0,1,5,92.49999999999999,0,0,0.0,1,1,Combined,2,2,Set2,1,1,1,1.0,0.0,NewYork4,0,0,0,0,0,0,0,0,0,0,0,0,0,-1,1,1,1,7.0,-1,derived_from_DR,,0.0,0
LS1,5,1,,0,0,0,0,0,,-1,-1,-1,-1,-1,-1,Combined,0,-1,Draw1,,0,0,0,,,C,1,1,1.0,combined,0,0,0,0,0.0,0.0,2.0,0,1,5,92.49999999999999,0,0,0.0,1,1,Combined,2,2,Set2,1,1,1,1.0,0.0,NewYork4,0,0,0,0,0,0,0,0,0,0,0,0,0,-1,1,1,1,7.0,-1,derived_from_DR,,0.0,0
LS1,5,1,,0,0,0,0,0,,-1,-1,-1,-1,-1,-1,Combined,0,-1,Draw1,,0,0,0,,,D,1,1,1.0,own,1,0,0,0,0.0,0.0,7.0,0,1,5,57.35555555555554,0,0,0.1111111111111111,1,1,Combined,4,9,Set2,0,0,0,0.5,0.2,NewYork4,0,0,0,0,1,0,0,0,0,0,0,0,0,1,1,1,1,2.3333333333333335,1,derived_from_DR,,0.0,0
LS1,5,1,,0,0,0,0,0,,-1,-1,-1,-1,-1,-1,Combined,0,-1,Draw1,,0,0,0,,,D,1,1,1.0,combined,1,0,0,0,0.0,0.0,1.0,0,1,5,64.85555555555554,0,0,0.1111111111111111,1,1,Combined,3,3,Set2,0,0,0,0.5,0.2,NewYork4,0,0,0,0,0,0,0,0,0,0,0,0,0,1,1,1,1,3.5,1,derived_from_DR,,0.0,0
LS1,5,1,,0,0,0,0,0,,-1,-1,-1,-1,-1,-1,Combined,0,-1,Draw1,,0,0,0,,,E,1,1,1.0,own,1,0,0,0,0.0,0.0,18.0,0,1,5,73.96666666666668,0,0,0.06666666666666667,1,1,Combined,10,20,Set2,0,0,0,0.2,0.6,NewYork4,1,0,0,1,1,0,0,0,0,0,0,0,0,1,1,1,1,0.7777777777777778,1,derived_from_DR,,0.0,1
LS1,5,1,,0,0,0,0,0,,-1,-1,-1,-1,-1,-1,Combined,0,-1,Draw1,,0,0,0,,,E,1,1,1.0,combined,1,0,0,0,0.0,0.0,15.0,0,1,5,58.18333333333334,0,0,0.06666666666666667,1,1,Combined,6,17,Set2,0,0,0,0.25,0.6,NewYork4,0,0,0,0,0,0,0,0,0,0,0,0,0,1,1,1,1,1.4,1,derived_from_DR,,0.0,0
LS1,5,0,,0,0,0,0,0,,-1,-1,-1,-1,-1,-1,Combined,0,-1,Draw1,1,1,0,0,1,1,T,1,1,1.0,own,1,0,0,0,1.0,0.5,4.0,0,1,5,100.0,0,0,0.08333333333333333,1,1,Combined,4,29,Set2,0,0,0,0.5,0.4,NewYork4,0,1,1,1,1,1,1,1,0,0,1,1,0,1,1,1,1,2.0,1,derived_from_DR,2,0.7126099706744868,0
LS1,5,0,,0,0,0,0,0,,-1,-1,-1,-1,-1,-1,Combined,0,-1,Draw1,1,1,0,0,1,1,T,1,1,1.0,combined,1,0,0,0,1.0,0.5,8.0,0,1,5,100.0,0,0,0.08333333333333333,1,1,Combined,4,57,Set2,0,0,0,0.5,0.4,NewYork4,0,1,1,1,1,1,1,1,0,0,1,1,0,1,1,1,1,2.0,1,derived_from_DR,2,0.7126099706744868,0
LS1,7,0,,0,0,0,0,0,,-1,-1,-1,-1,-1,-1,Combined,0,-1,Draw1,144,0,0,1,441,144,A,2,2,0.6666666666666666,own,1,0,0,4,3.0,0.5,1.0,0,1,7,100.0,0,0,0.39999999999999997,5,3,Combined,7,29,Set1,0,0,0,0.5,0.42857142857142855,NewYork4,1,3,2,1,0,1,3,0,0,1,2,0,1,5,0,0,5,1.5,5,derived_from_DR,25,1.0,0
LS1,7,0,,0,0,0,0,0,,-1,-1,-1,-1,-1,-1,Combined,0,-1,Draw1,144,0,0,1,441,144,A,3,3,0.8333333333333334,combined,1,0,0,4,3.0,0.5,2.0,0,1,7,100.0,0,0,0.47222222222222215,9,5,Combined,12,57,Set1,0,0,0,0.5,0.42857142857142855,NewYork4,1,3,2,1,1,1,3,0,0,1,2,0,1,9,0,0,9,0.8181818181818182,9,derived_from_DR,25,1.0,0
LS1,7,1,,0,0,0,0,0,,-1,-1,-1,-1,-1,-1,Combined,0,-1,Draw1,,0,0,0,,,B,2,2,0.6666666666666666,own,0,0,0,0,0.0,0.0,6.0,0,1,7,77.96428571428572,0,0,0.39999999999999997,2,2,Combined,7,9,Set1,0,0,0,0.25,0.42857142857142855,NewYork4,0,0,0,1,0,0,0,0,0,0,0,0,0,2,1,1,2,2.0,2,derived_from_DR,,0.0,0
LS1,7,1,,0,0,0,0,0,,-1,-1,-1,-1,-1,-1,Combined,0,-1,Draw1,,0,0,0,,,B,3,3,0.8333333333333334,combined,0,0,0,0,0.0,0.0,1.0,0,1,7,90.98809523809524,0,0,0.08333333333333333,2,2,Combined,4,4,Set1,0,0,0,0.5,0.14285714285714285,NewYork4,0,0,0,0,0,0,0,0,0,0,0,0,0,2,1,1,2,4.0,2,derived_from_DR,,0.0,0
LS1,7,1,,0,0,0,0,0,,-1,-1,-1,-1,-1,-1,Combined,0,-1,Draw1,,0,0,0,,,C,2,2,0.6666666666666666,own,1,0,0,0,0.0,0.0,1.0,0,1,7,89.12698412698411,0,0,0.1111111111111111,2,1,Combined,3,3,Set1,0,0,0,0.5,0.14285714285714285,NewYork4,0,0,0,0,0,0,0,0,0,0,0,0,0,1,1,1,1,6.0,1,derived_from_DR,,0.0,0
LS1,7,1,,0,0,0,0,0,,-1,-1,-1,-1,-1,-1,Combined,0,-1,Draw1,,0,0,0,,,C,3,3,0.8333333333333334,combined,1,0,0,0,0.0,0.0,2.0,0,1,7,96.23809523809524,0,0,0.3333333333333333,2,1,Combined,4,4,Set1,0,0,0,0.5,0.14285714285714285,NewYork4,0,0,0,0,1,0,0,0,0,0,0,0,0,1,1,1,1,4.0,1,derived_from_DR,,0.0,0
LS1,7,1,,0,0,0,0,0,,-1,-1,-1,-1,-1,-1,Combined,0,-1,Draw1,,0,0,0,,,D,2,2,0.6666666666666666,own,1,0,0,0,0.0,0.0,7.0,0,1,7,84.63095238095238,0,0,0.13333333333333333,3,1,Combined,7,9,Set1,0,0,0,0.25,0.42857142857142855,NewYork4,0,0,0,1,0,0,0,0,0,0,0,0,0,1,1,1,1,2.0,1,derived_from_DR,,0.0,0
LS1,7,1,,0,0,0,0,0,,-1,-1,-1,-1,-1,-1,Combined,0,-1,Draw1,,0,0,0,,,D,3,3,0.8333333333333334,combined,1,0,0,0,0.0,0.0,2.0,0,1,7,99.43650793650792,0,0,0.17777777777777778,2,1,Combined,4,4,Set1,0,0,0,0.3333333333333333,0.42857142857142855,NewYork4,0,0,0,0,0,0,0,0,0,0,0,0,0,1,1,1,1,4.0,1,derived_from_DR,,0.0,0
LS1,7,1,,0,0,0,0,0,,-1,-1,-1,-1,-1,-1,Combined,0,-1,Draw1,,0,0,0,,,E,2,2,0.6666666666666666,own,0,0,0,2,0.0,0.0,15.0,0,1,7,63.88701298701299,0,0,0.20000000000000004,4,3,Combined,12,20,Set1,0,0,0,0.2,0.42857142857142855,NewYork4,1,0,0,1,0,0,0,0,0,0,0,0,0,4,0,0,4,1.0909090909090908,4,derived_from_DR,,0.0,0
LS1,7,1,,0,0,0,0,0,,-1,-1,-1,-1,-1,-1,Combined,0,-1,Draw1,,0,0,0,,,E,3,3,0.8333333333333334,combined,0,0,0,2,0.0,0.0,14.0,0,1,7,96.21428571428572,0,0,0.16666666666666666,3,2,Combined,10,17,Set1,0,0,0,0.16666666666666666,0.42857142857142855,NewYork4,1,0,0,1,0,0,0,0,0,0,0,0,0,2,1,1,2,1.3333333333333333,2,derived_from_DR,,0.0,0
LS1,7,1,,0,0,0,0,0,,-1,-1,-1,-1,-1,-1,Combined,0,-1,Draw1,,0,0,0,,,T,2,2,0.6666666666666666,own,1,0,0,0,0.0,0.0,5.0,0,1,7,79.12698412698411,0,0,0.1111111111111111,2,1,Combined,4,7,Set1,0,0,0,0.5,0.14285714285714285,NewYork4,0,0,0,0,1,0,0,0,0,0,0,0,0,1,1,1,1,4.0,1,derived_from_DR,,0.0,0
LS1,7,1,,0,0,0,0,0,,-1,-1,-1,-1,-1,-1,Combined,0,-1,Draw1,,0,0,0,,,T,3,3,0.8333333333333334,combined,1,0,0,0,0.0,0.0,10.0,0,1,7,95.12698412698411,0,0,0.1111111111111111,2,1,Combined,4,12,Set1,0,0,0,0.5,0.14285714285714285,NewYork4,0,0,0,0,1,0,0,0,0,0,0,0,0,1,1,1,1,4.0,1,derived_from_DR,,0.0,0
LS1,6,0,,0,0,0,0,0,,-1,-1,-1,-1,-1,-1,Combined,0,-1,Draw1,144,0,0,1,441,144,A,1,1,0.6666666666666666,own,1,0,0,4,3.0,0.5,1.0,0,1,7,100.0,0,0,0.3333333333333333,5,3,Combined,7,29,Set1,1,1,1,0.5,0.42857142857142855,NewYork4,1,3,2,1,0,1,3,0,0,1,2,0,1,5,0,0,5,1.1666666666666667,5,derived_from_DR,25,1.0,0
LS1,6,0,,0,0,0,0,0,,-1,-1,-1,-1,-1,-1,Combined,0,-1,Draw1,144,0,0,1,441,144,A,2,2,0.8333333333333334,combined,1,0,0,4,3.0,0.5,2.0,0,1,7,100.0,0,0,0.38888888888888884,9,5,Combined,12,57,Set1,1,1,1,0.5,0.42857142857142855,NewYork4,1,3,2,1,1,1,3,0,0,1,2,0,1,9,0,0,9,0.6363636363636364,9,derived_from_DR,25,1.0,0
LS1,6,1,,0,0,0,0,0,,-1,-1,-1,-1,-1,-1,Combined,0,-1,Draw1,,0,0,0,,,B,1,1,0.6666666666666666,own,0,0,0,0,0.0,0.0,6.0,0,1,7,71.35317460317461,0,0,0.27777777777777773,2,2,Combined,7,9,Set1,0,0,0,0.25,0.42857142857142855,NewYork4,1,0,0,1,0,0,0,0,0,0,0,0,0,2,1,1,2,1.6666666666666667,2,derived_from_DR,,0.0,0
LS1,6,1,,0,0,0,0,0,,-1,-1,-1,-1,-1,-1,Combined,0,-1,Draw1,,0,0,0,,,B,2,2,0.8333333333333334,combined,0,0,0,0,0.0,0.0,1.0,0,1,7,74.4047619047619,0,0,0.16666666666666666,2,2,Combined,4,4,Set1,0,0,0,0.5,0.14285714285714285,NewYork4,0,0,0,0,0,0,0,0,0,0,0,0,0,2,1,1,2,3.3333333333333335,2,derived_from_DR,,0.0,0
LS1,6,1,,0,0,0,0,0,,-1,-1,-1,-1,-1,-1,Combined,0,-1,Draw1,,0,0,0,,,C,1,1,0.6666666666666666,own,1,0,0,0,0.0,0.0,1.0,0,1,7,71.12698412698413,0,0,0.1111111111111111,1,1,Combined,3,3,Set1,0,0,0,0.5,0.14285714285714285,NewYork4,0,0,0,0,0,0,0,0,0,0,0,0,0,1,1,1,1,5.0,1,derived_from_DR,,0.0,0
LS1,6,1,,0,0,0,0,0,,-1,-1,-1,-1,-1,-1,Combined,0,-1,Draw1,,0,0,0,,,C,2,2,0.8333333333333334,combined,1,0,0,0,0.0,0.0,2.0,0,1,7,78.12698412698411,0,0,0.1111111111111111,1,1,Combined,4,4,Set1,0,0,0,0.5,0.14285714285714285,NewYork4,0,0,0,0,1,0,0,0,0,0,0,0,0,1,1,1,1,3.3333333333333335,1,derived_from_DR,,0.0,0
LS1,6,1,,0,0,0,0,0,,-1,-1,-1,-1,-1,-1,Combined,0,-1,Draw1,,0,0,0,,,D,1,1,0.6666666666666666,own,1,0,0,0,0.0,0.0,7.0,0,1,7,71.3095238095238,0,0,0.16666666666666666,1,1,Combined,5,9,Set1,0,0,0,0.3333333333333333,0.2857142857142857,NewYork4,0,0,0,1,0,0,0,0,0,0,0,0,0,1,1,1,1,2.5,1,derived_from_DR,,0.0,0
LS1,6,1,,0,0,0,0,0,,-1,-1,-1,-1,-1,-1,Combined,0,-1,Draw1,,0,0,0,,,D,2,2,0.8333333333333334,combined,1,0,0,0,0.0,0.0,2.0,0,1,7,89.8095238095238,0,0,0.16666666666666666,1,1,Combined,4,4,Set1,0,0,0,0.3333333333333333,0.2857142857142857,NewYork4,0,0,0,1,0,0,0,0,0,0,0,0,0,1,1,1,1,3.3333333333333335,1,derived_from_DR,,0.0,0
LS1,6,1,,0,0,0,0,0,,-1,-1,-1,-1,-1,-1,Combined,0,-1,Draw1,,0,0,0,,,E,1,1,0.6666666666666666,own,0,0,0,2,0.0,0.0,15.0,0,1,7,71.84155844155845,0,0,0.3,4,2,Combined,12,20,Set1,1,1,1,0.2,0.42857142857142855,NewYork4,1,0,0,1,0,0,0,0,0,0,0,0,0,4,0,0,4,0.9090909090909091,4,derived_from_DR,,0.0,0
LS1,6,1,,0,0,0,0,0,,-1,-1,-1,-1,-1,-1,Combined,0,-1,Draw1,,0,0,0,,,E,2,2,0.8333333333333334,combined,0,0,0,2,0.0,0.0,14.0,0,1,7,81.53095238095236,0,0,0.2333333333333333,2,2,Combined,9,17,Set1,0,0,0,0.2,0.42857142857142855,NewYork4,1,0,0,1,0,0,0,0,0,0,0,0,0,2,1,1,2,1.25,2,derived_from_DR,,0.0,0
LS1,6,0,,0,0,0,0,0,,-1,-1,-1,-1,-1,-1,Combined,0,-1,Draw1,1,1,0,0,1,1,T,1,1,0.6666666666666666,own,1,0,0,0,1.0,0.5,5.0,0,1,7,100.0,0,0,0.13333333333333333,1,1,Combined,5,29,Set1,0,0,0,0.3333333333333333,0.42857142857142855,NewYork4,1,1,1,1,1,1,1,1,0,0,1,1,0,1,1,1,1,2.25,1,derived_from_DR,2,0.7126099706744868,0
LS1,6,0,,0,0,0,0,0,,-1,-1,-1,-1,-1,-1,Combined,0,-1,Draw1,1,1,0,0,1,1,T,2,2,0.8333333333333334,combined,1,0,0,0,1.0,0.5,10.0,0,1,7,100.0,0,0,0.13333333333333333,1,1,Combined,6,57,Set1,0,0,0,0.3333333333333333,0.42857142857142855,NewYork4,1,1,1,1,1,1,1,1,0,0,1,1,0,1,1,1,1,1.8,1,derived_from_DR,2,0.7126099706744868,0
LS1,5,0,,0,0,0,0,0,,-1,-1,-1,-1,-1,-1,Combined,0,-1,Draw1,144,0,0,0,441*,144,A,2,2,0.8333333333333334,own,1,0,0,5,3.0,0.5,0.0,0,1,7,73.50000000000001,0,0,0.3333333333333333,6,3,Combined,7,29,Set1,0,0,0,1.0,0.3333333333333333,NewYork4,0,4,3,0,0,1,4,0,0,0,3,0,0,6,0,0,6,0.8333333333333334,6,derived_from_DR,25,1.0,0
LS1,5,0,,0,0,0,0,0,,-1,-1,-1,-1,-1,-1,Combined,0,-1,Draw1,144,0,0,0,441*,144,A,2,2,0.8333333333333334,combined,1,0,0,5,3.0,0.5,0.0,0,1,7,74.03030303030305,0,0,0.6666666666666666,11,5,Combined,12,57,Set1,0,0,0,1.0,0.3333333333333333,NewYork4,0,4,3,0,0,1,4,0,0,0,3,0,0,11,0,0,11,0.45454545454545453,11,derived_from_DR,25,1.0,0
LS1,5,1,,0,0,0,0,0,,-1,-1,-1,-1,-1,-1,Combined,0,-1,Draw1,,1,0,0,*,,B,2,2,0.8333333333333334,own,0,0,0,0,0.0,0.0,6.0,0,1,7,100.0,0,0,0.4444444444444444,2,2,Combined,6,29,Set1,0,0,0,0.3333333333333333,0.3333333333333333,NewYork4,1,1,1,1,0,1,1,1,0,0,1,1,0,2,1,1,2,1.6,2,derived_from_DR,,0.0,0
LS1,5,1,,0,0,0,0,0,,-1,-1,-1,-1,-1,-1,Combined,0,-1,Draw1,,1,0,0,*,,B,2,2,0.8333333333333334,combined,0,0,0,0,0.0,0.0,1.0,0,1,7,100.0,0,0,0.0,2,2,Combined,4,57,Set1,0,0,0,0.5,0.16666666666666666,NewYork4,0,1,1,1,0,1,1,1,0,0,1,1,0,2,1,1,2,2.6666666666666665,2,derived_from_DR,,0.0,0
LS1,5,1,,0,0,0,0,0,,-1,-1,-1,-1,-1,-1,Combined,0,-1,Draw1,,1,0,0,*,,C,2,2,0.8333333333333334,own,1,0,0,0,0.0,0.0,1.0,0,1,7,100.0,0,0,0.16666666666666666,2,1,Combined,3,29,Set1,1,1,1,0.5,0.16666666666666666,NewYork4,0,1,1,1,0,1,1,1,0,0,1,1,0,1,1,1,1,4.0,1,derived_from_DR,,0.0,0
LS1,5,1,,0,0,0,0,0,,-1,-1,-1,-1,-1,-1,Combined,0,-1,Draw1,,1,0,0,*,,C,2,2,0.8333333333333334,combined,1,0,0,0,0.0,0.0,2.0,0,1,7,100.0,0,0,0.16666666666666666,2,1,Combined,4,57,Set1,1,1,1,0.5,0.16666666666666666,NewYork4,0,1,1,1,1,1,1,1,0,0,1,1,0,1,1,1,1,2.6666666666666665,1,derived_from_DR,,0.0,0
LS1,5,1,,0,0,0,0,0,,-1,-1,-1,-1,-1,-1,Combined,0,-1,Draw1,,1,0,0,*,,D,2,2,0.8333333333333334,own,1,0,0,0,0.0,0.0,7.0,0,1,7,100.0,0,0,0.2222222222222222,3,1,Combined,5,29,Set1,0,0,0,0.3333333333333333,0.3333333333333333,NewYork4,1,1,1,1,0,1,1,1,0,0,1,1,0,1,1,1,1,2.0,1,derived_from_DR,,0.0,0
LS1,5,1,,0,0,0,0,0,,-1,-1,-1,-1,-1,-1,Combined,0,-1,Draw1,,1,0,0,*,,D,2,2,0.8333333333333334,combined,1,0,0,0,0.0,0.0,2.0,0,1,7,100.0,0,0,0.1111111111111111,2,1,Combined,4,57,Set1,0,0,0,0.3333333333333333,0.3333333333333333,NewYork4,1,1,1,1,0,1,1,1,0,0,1,1,0,1,1,1,1,2.6666666666666665,1,derived_from_DR,,0.0,0
LS1,5,1,,0,0,0,0,0,,-1,-1,-1,-1,-1,-1,Combined,0,-1,Draw1,,1,0,0,*,,E,2,2,0.8333333333333334,own,0,0,0,1,0.0,0.0,16.0,0,1,7,93.25000000000001,0,0,0.3333333333333333,3,3,Combined,13,29,Set1,0,0,0,0.25,0.3333333333333333,NewYork4,1,1,1,1,4,1,1,1,0,0,1,1,0,3,1,1,3,0.6666666666666666,3,derived_from_DR,,0.0,0
LS1,5,1,,0,0,0,0,0,,-1,-1,-1,-1,-1,-1,Combined,0,-1,Draw1,,1,0,0,*,,E,2,2,0.8333333333333334,combined,0,0,0,1,0.0,0.0,14.0,0,1,7,100.0,0,0,0.1111111111111111,3,2,Combined,7,57,Set1,0,0,0,0.25,0.3333333333333333,NewYork4,1,1,1,1,0,1,1,1,0,0,1,1,0,2,1,1,2,1.3333333333333333,2,derived_from_DR,,0.0,0
LS1,5,0,,0,0,0,0,0,,-1,-1,-1,-1,-1,-1,Combined,0,-1,Draw1,1,0,1,0,1*,1,T,2,2,0.8333333333333334,own,1,0,0,0,1.0,0.5,5.0,0,1,7,100.0,0,0,0.1111111111111111,2,1,Combined,4,29,Set1,0,0,0,0.5,0.3333333333333333,NewYork4,1,2,2,1,1,1,2,0,1,0,2,0,1,1,1,1,1,2.3333333333333335,1,derived_from_DR,2,0.7126099706744868,0
LS1,5,0,,0,0,0,0,0,,-1,-1,-1,-1,-1,-1,Combined,0,-1,Draw1,1,0,1,0,1*,1,T,2,2,0.8333333333333334,combined,1,0,0,0,1.0,0.5,10.0,0,1,7,100.0,0,0,0.1111111111111111,2,1,Combined,4,57,Set1,0,0,0,0.5,0.3333333333333333,NewYork4,1,2,2,1,1,1,2,0,1,0,2,0,1,1,1,1,1,2.3333333333333335,1,derived_from_DR,2,0.7126099706744868,0
LS2,3,0,,0,0,0,0,0,,-1,-1,-1,-1,-1,-1,Midday,0,-1,Draw4,66,0,1,0,66,66,A,6,6,1.0,own,0,2,0,1,1.0,0.5,4.0,0,1,5,100.0,0,0,0.37222222222222223,6,3,Midday,8,29,Set1,1,0,0,0.5,0.6,NewYork4,0,2,1,0,3,1,2,0,1,0,1,1,0,3,1,1,3,1.0,3,derived_from_DR,2,0.7126099706744868,0
LS2,3,1,,0,0,0,0,0,,-1,-1,-1,-1,-1,-1,Midday,0,-1,Draw4,,0,0,0,,,A,2,2,1.0,combined,0,2,0,1,0.0,0.0,11.0,0,1,5,84.71111111111108,0,0,0.5555555555555555,11,2,Midday,7,14,Set1,1,0,0,0.3333333333333333,0.4,NewYork4,1,0,0,1,1,0,0,0,0,0,0,0,0,2,1,1,2,1.5,2,derived_from_DR,,0.0,0
LS2,3,1,,0,0,0,0,0,,-1,-1,-1,-1,-1,-1,Midday,0,-1,Draw4,,0,0,0,,,B,6,6,1.0,own,0,0,0,0,0.0,0.0,5.0,0,1,5,100.0,0,0,0.27777777777777773,2,2,Midday,8,8,Set1,1,0,0,0.3333333333333333,0.6,NewYork4,0,0,0,1,3,0,0,0,0,0,0,0,0,2,1,1,2,1.2857142857142858,2,derived_from_DR,,0.0,0
LS2,3,1,,0,0,0,0,0,,-1,-1,-1,-1,-1,-1,Midday,0,-1,Draw4,,0,0,0,,,B,2,2,1.0,combined,0,0,0,0,0.0,0.0,11.0,0,1,5,72.21666666666664,0,0,0.3333333333333333,2,2,Midday,5,14,Set1,1,0,0,0.5,0.2,NewYork4,0,0,0,0,1,0,0,0,0,0,0,0,0,2,1,1,2,2.25,2,derived_from_DR,,0.0,0
LS2,3,1,,0,0,0,0,0,,-1,-1,-1,-1,-1,-1,Midday,0,-1,Draw4,,0,0,0,,,C,6,6,1.0,own,0,0,0,0,0.0,0.0,5.0,0,1,5,100.0,0,0,0.2222222222222222,2,1,Midday,8,8,Set1,1,0,0,0.3333333333333333,0.6,NewYork4,0,0,0,1,3,0,0,0,0,0,0,0,0,2,1,1,2,1.2857142857142858,2,derived_from_DR,,0.0,0
LS2,3,1,,0,0,0,0,0,,-1,-1,-1,-1,-1,-1,Midday,0,-1,Draw4,,0,0,0,,,C,2,2,1.0,combined,0,0,0,0,0.0,0.0,3.0,0,1,5,80.33333333333331,0,0,0.6666666666666666,2,1,Midday,3,3,Set1,0,0,0,1.0,0.0,NewYork4,0,0,0,0,0,0,0,0,0,0,0,0,0,-1,1,1,2,4.5,-1,derived_from_DR,,0.0,0
LS2,3,1,,0,0,0,0,0,,-1,-1,-1,-1,-1,-1,Midday,0,-1,Draw4,,0,0,0,,,D,6,6,1.0,own,0,0,0,0,0.0,0.0,5.0,0,1,5,100.0,0,0,0.27777777777777773,2,2,Midday,8,8,Set1,1,0,0,0.3333333333333333,0.6,NewYork4,0,0,0,1,3,0,0,0,0,0,0,0,0,2,1,1,2,1.2857142857142858,2,derived_from_DR,,0.0,0
LS2,3,1,,0,0,0,0,0,,-1,-1,-1,-1,-1,-1,Midday,0,-1,Draw4,,0,0,0,,,D,2,2,1.0,combined,0,0,0,0,0.0,0.0,11.0,0,1,5,72.21666666666664,0,0,0.3333333333333333,2,2,Midday,5,14,Set1,1,0,0,0.5,0.2,NewYork4,0,0,0,0,1,0,0,0,0,0,0,0,0,2,1,1,2,2.25,2,derived_from_DR,,0.0,0
LS2,3,0,,0,0,0,0,0,,-1,-1,-1,-1,-1,-1,Midday,0,-1,Draw4,49,0,1,0,94,49,E,6,6,1.0,own,0,2,0,1,2.0,0.5,5.0,0,1,5,100.0,0,0,0.5,2,2,Midday,8,29,Set1,1,0,0,0.3333333333333333,0.6,NewYork4,0,2,2,1,3,1,2,0,1,0,2,0,1,2,1,1,2,1.0,2,derived_from_DR,5,0.18328445747800587,0
LS2,3,1,,0,0,0,0,0,,-1,-1,-1,-1,-1,-1,Midday,0,-1,Draw4,,0,0,0,,,E,2,2,1.0,combined,0,2,0,1,0.0,0.0,11.0,0,1,5,87.17380952380951,0,0,0.3333333333333333,3,2,Midday,8,15,Set1,1,0,0,0.25,0.6,NewYork4,1,0,0,1,0,0,0,0,0,0,0,0,0,3,1,1,3,1.2857142857142858,3,derived_from_DR,,0.0,0
LS2,3,1,,0,0,0,0,0,,-1,-1,-1,-1,-1,-1,Midday,0,-1,Draw4,,0,0,0,,,T,6,6,1.0,own,0,0,0,0,0.0,0.0,5.0,0,1,5,100.0,0,0,0.2222222222222222,2,1,Midday,8,8,Set1,1,0,0,0.3333333333333333,0.6,NewYork4,0,0,0,1,3,0,0,0,0,0,0,0,0,2,1,1,2,1.2857142857142858,2,derived_from_DR,,0.0,0
LS2,3,1,,0,0,0,0,0,,-1,-1,-1,-1,-1,-1,Midday,0,-1,Draw4,,0,0,0,,,T,2,2,1.0,combined,0,0,0,0,0.0,0.0,11.0,0,1,5,87.04444444444441,0,0,0.2222222222222222,2,1,Midday,7,14,Set1,1,0,0,0.3333333333333333,0.4,NewYork4,1,0,0,1,1,0,0,0,0,0,0,0,0,2,1,1,2,1.5,2,derived_from_DR,,0.0,0
LS2,1,0,,0,0,0,0,0,,-1,-1,-1,-1,-1,-1,Midday,0,-1,Draw6,66,0,0,1,66*,66,A,4,4,0.0,own,0,2,0,2,1.0,0.5,0.0,0,1,8,100.0,0,0,0.1111111111111111,7,5,Midday,8,29,Set1,1,0,0,1.0,0.14285714285714285,NewYork4,1,3,2,1,0,1,3,0,0,1,2,0,1,7,0,0,7,1.2857142857142858,7,derived_from_DR,2,0.7126099706744868,0
LS2,1,1,,0,0,0,0,0,,-1,-1,-1,-1,-1,-1,Midday,0,-1,Draw6,,1,0,0,*,,A,2,2,0.6666666666666666,combined,0,2,0,2,0.0,0.0,8.0,0,1,8,100.0,1,1,1.0,11,5,Midday,13,57,Set1,1,0,0,0.3333333333333333,0.2857142857142857,NewYork4,1,1,1,1,4,1,1,1,0,0,1,1,0,5,0,0,5,0.9166666666666666,5,derived_from_DR,,0.0,0
LS2,1,1,,0,0,0,0,0,,-1,-1,-1,-1,-1,-1,Midday,0,-1,Draw6,,1,0,0,*,,B,4,4,0.0,own,0,0,0,3,0.0,0.0,1.0,0,1,8,100.0,0,0,0.6666666666666666,6,2,Midday,8,29,Set1,1,0,0,0.5,0.2857142857142857,NewYork4,0,1,1,0,0,1,1,1,0,0,1,1,0,6,0,0,6,1.5714285714285714,6,derived_from_DR,,0.0,0
LS2,1,1,,0,0,0,0,0,,-1,-1,-1,-1,-1,-1,Midday,0,-1,Draw6,,1,0,0,*,,B,2,2,0.6666666666666666,combined,0,0,0,3,0.0,0.0,10.0,0,1,8,100.0,0,0,0.16666666666666666,3,2,Midday,7,57,Set1,1,0,0,0.3333333333333333,0.2857142857142857,NewYork4,1,1,1,1,0,1,1,1,0,0,1,1,0,3,1,1,3,1.8333333333333333,3,derived_from_DR,,0.0,0
LS2,1,1,,0,0,0,0,0,,-1,-1,-1,-1,-1,-1,Midday,0,-1,Draw6,,1,0,0,*,,C,4,4,0.0,own,0,0,0,4,0.0,0.0,1.0,0,1,8,100.0,0,0,0.3333333333333333,6,1,Midday,8,29,Set1,1,0,0,0.5,0.2857142857142857,NewYork4,0,1,1,0,0,1,1,1,0,0,1,1,0,6,0,0,6,1.5714285714285714,6,derived_from_DR,,0.0,0
LS2,1,1,,0,0,0,0,0,,-1,-1,-1,-1,-1,-1,Midday,0,-1,Draw6,,1,0,0,*,,C,2,2,0.6666666666666666,combined,0,0,0,4,0.0,0.0,0.0,0,1,8,100.0,0,0,0.3333333333333333,2,1,Midday,3,57,Set1,1,0,0,1.0,0.0,NewYork4,0,1,1,0,0,1,1,1,0,0,1,1,0,2,1,1,2,5.5,2,derived_from_DR,,0.0,0
LS2,1,1,,0,0,0,0,0,,-1,-1,-1,-1,-1,-1,Midday,0,-1,Draw6,,1,0,0,*,,D,4,4,0.0,own,0,0,0,4,0.0,0.0,1.0,0,1,8,100.0,0,0,0.3333333333333333,6,2,Midday,8,29,Set1,1,0,0,0.5,0.2857142857142857,NewYork4,0,1,1,0,0,1,1,1,0,0,1,1,0,6,0,0,6,1.5714285714285714,6,derived_from_DR,,0.0,0
LS2,1,1,,0,0,0,0,0,,-1,-1,-1,-1,-1,-1,Midday,0,-1,Draw6,,1,0,0,*,,D,2,2,0.6666666666666666,combined,0,0,0,4,0.0,0.0,11.0,0,1,8,100.0,0,0,0.3333333333333333,2,2,Midday,7,57,Set1,1,0,0,0.3333333333333333,0.2857142857142857,NewYork4,1,1,1,1,1,1,1,1,0,0,1,1,0,2,1,1,2,1.8333333333333333,2,derived_from_DR,,0.0,0
LS2,1,0,,0,0,0,0,0,,-1,-1,-1,-1,-1,-1,Midday,0,-1,Draw6,49,0,0,1,94*,49,E,4,4,0.0,own,0,2,0,3,2.0,0.5,0.0,0,1,8,100.0,0,0,0.3333333333333333,13,2,Midday,14,29,Set1,1,0,0,1.0,0.2857142857142857,NewYork4,1,3,3,0,0,1,3,0,0,1,3,0,0,13,0,0,13,0.6923076923076923,13,derived_from_DR,5,0.18328445747800587,0
LS2,1,1,,0,0,0,0,0,,-1,-1,-1,-1,-1,-1,Midday,0,-1,Draw6,,1,0,0,*,,E,2,2,0.6666666666666666,combined,0,2,0,3,0.0,0.0,4.0,0,1,8,77.99999999999999,0,0,0.3333333333333333,10,2,Midday,15,57,Set1,1,0,0,0.3333333333333333,0.2857142857142857,NewYork4,0,1,1,1,2,1,1,1,0,0,1,1,0,10,0,0,10,0.7857142857142857,10,derived_from_DR,,0.0,0
LS2,1,1,,0,0,0,0,0,,-1,-1,-1,-1,-1,-1,Midday,0,-1,Draw6,,1,0,0,*,,T,4,4,0.0,own,0,0,0,4,0.0,0.0,1.0,0,1,8,100.0,0,0,0.3333333333333333,6,1,Midday,8,29,Set1,1,0,0,0.5,0.2857142857142857,NewYork4,0,1,1,0,0,1,1,1,0,0,1,1,0,6,0,0,6,1.5714285714285714,6,derived_from_DR,,0.0,0
LS2,1,1,,0,0,0,0,0,,-1,-1,-1,-1,-1,-1,Midday,0,-1,Draw6,,1,0,0,*,,T,2,2,0.6666666666666666,combined,0,0,0,4,0.0,0.0,3.0,0,1,8,100.0,0,0,0.3333333333333333,2,1,Midday,5,57,Set1,1,0,0,0.5,0.14285714285714285,NewYork4,0,1,1,1,1,1,1,1,0,0,1,1,0,2,1,1,2,2.75,2,derived_from_DR,,0.0,0
LS2,3,0,,0,0,0,0,0,77,-1,-1,-1,-1,-1,0,Evening,1,-1,Draw4,77,0,1,0,77,77,A,2,2,0.8333333333333334,own,0,2,0,2,1.0,0.5,3.0,0,1,7,100.0,0,0,0.37222222222222223,6,3,Evening,8,29,Set1,1,0,0,0.3333333333333333,0.42857142857142855,NewYork4,0,2,1,1,0,1,2,0,1,0,1,1,0,4,0,0,4,1.1428571428571428,4,derived_from_DR,3,0.8064516129032258,0
LS2,3,1,,0,0,0,0,0,,-1,-1,-1,-1,-1,0,Evening,1,-1,Draw4,,0,0,0,,,A,2,2,0.8333333333333334,combined,0,2,0,2,0.0,0.0,7.0,0,1,7,90.75396825396822,0,0,0.5555555555555555,11,2,Evening,11,14,Set1,1,0,0,0.3333333333333333,0.2857142857142857,NewYork4,1,0,0,1,1,0,0,0,0,0,0,0,0,6,0,0,6,1.0,6,derived_from_DR,,0.0,0
LS2,3,1,,0,0,0,0,0,,-1,-1,-1,-1,-1,0,Evening,1,-1,Draw4,,0,0,0,,,B,2,2,0.8333333333333334,own,0,0,0,0,0.0,0.0,5.0,0,1,7,100.0,0,0,0.27777777777777773,2,2,Evening,7,8,Set1,1,0,0,0.3333333333333333,0.2857142857142857,NewYork4,0,0,0,1,1,0,0,0,0,0,0,0,0,2,1,1,2,1.6666666666666667,2,derived_from_DR,,0.0,0
LS2,3,1,,0,0,0,0,0,,-1,-1,-1,-1,-1,0,Evening,1,-1,Draw4,,0,0,0,,,B,2,2,0.8333333333333334,combined,0,0,0,0,0.0,0.0,11.0,0,1,7,98.73809523809521,0,0,0.3333333333333333,2,2,Evening,5,14,Set1,1,0,0,0.5,0.14285714285714285,NewYork4,0,0,0,0,1,0,0,0,0,0,0,0,0,2,1,1,2,2.5,2,derived_from_DR,,0.0,0
LS2,3,1,,0,0,0,0,0,,-1,-1,-1,-1,-1,0,Evening,1,-1,Draw4,,0,0,0,,,C,2,2,0.8333333333333334,own,1,0,0,0,0.0,0.0,1.0,0,1,7,100.0,0,0,0.2222222222222222,2,1,Evening,3,3,Set1,1,0,0,0.5,0.42857142857142855,NewYork4,0,0,0,0,0,0,0,0,0,0,0,0,0,1,1,1,1,5.0,1,derived_from_DR,,0.0,0
LS2,3,1,,0,0,0,0,0,,-1,-1,-1,-1,-1,0,Evening,1,-1,Draw4,,0,0,0,,,C,2,2,0.8333333333333334,combined,1,0,0,0,0.0,0.0,1.0,0,1,7,100.0,0,0,0.6666666666666666,2,1,Evening,3,3,Set1,1,0,0,0.5,0.42857142857142855,NewYork4,0,0,0,0,0,0,0,0,0,0,0,0,0,1,1,1,1,5.0,1,derived_from_DR,,0.0,0
LS2,3,1,,0,0,0,0,0,,-1,-1,-1,-1,-1,0,Evening,1,-1,Draw4,,0,0,0,,,D,2,2,0.8333333333333334,own,0,0,0,0,0.0,0.0,5.0,0,1,7,100.0,0,0,0.27777777777777773,2,2,Evening,7,8,Set1,1,0,0,0.3333333333333333,0.2857142857142857,NewYork4,0,0,0,1,1,0,0,0,0,0,0,0,0,2,1,1,2,1.6666666666666667,2,derived_from_DR,,0.0,0
LS2,3,1,,0,0,0,0,0,,-1,-1,-1,-1,-1,0,Evening,1,-1,Draw4,,0,0,0,,,D,2,2,0.8333333333333334,combined,0,0,0,0,0.0,0.0,11.0,0,1,7,98.73809523809521,0,0,0.3333333333333333,2,2,Evening,5,14,Set1,1,0,0,0.5,0.14285714285714285,NewYork4,0,0,0,0,1,0,0,0,0,0,0,0,0,2,1,1,2,2.5,2,derived_from_DR,,0.0,0
LS2,3,1,,0,0,0,0,0,,-1,-1,-1,-1,-1,0,Evening,1,-1,Draw4,,0,0,0,,,E,2,2,0.8333333333333334,own,0,0,0,0,0.0,0.0,12.0,0,1,7,100.0,0,0,0.5,2,2,Evening,12,15,Set1,1,0,0,0.16666666666666666,0.42857142857142855,NewYork4,1,0,0,1,1,0,0,0,0,0,0,0,0,2,1,1,2,0.9090909090909091,2,derived_from_DR,,0.0,0
LS2,3,1,,0,0,0,0,0,,-1,-1,-1,-1,-1,0,Evening,1,-1,Draw4,,0,0,0,,,E,2,2,0.8333333333333334,combined,0,0,0,0,0.0,0.0,12.0,0,1,7,100.0,0,0,0.3333333333333333,3,2,Evening,7,15,Set1,1,0,0,0.25,0.42857142857142855,NewYork4,1,0,0,1,0,0,0,0,0,0,0,0,0,2,1,1,2,1.6666666666666667,2,derived_from_DR,,0.0,0
LS2,3,0,,0,0,0,0,0,77,-1,-1,-1,-1,-1,0,Evening,1,-1,Draw4,77,0,1,0,77,77,T,2,2,0.8333333333333334,own,1,2,0,0,1.0,0.5,3.0,0,1,7,100.0,0,0,0.2222222222222222,2,1,Evening,5,29,Set1,1,0,0,0.3333333333333333,0.42857142857142855,NewYork4,1,2,1,1,0,1,2,0,1,0,1,1,0,1,1,1,1,2.0,1,derived_from_DR,3,0.8064516129032258,0
LS2,3,1,,0,0,0,0,0,,-1,-1,-1,-1,-1,0,Evening,1,-1,Draw4,,0,0,0,,,T,2,2,0.8333333333333334,combined,1,2,0,0,0.0,0.0,5.0,0,1,7,100.0,0,0,0.2222222222222222,2,1,Evening,5,7,Set1,1,0,0,0.3333333333333333,0.42857142857142855,NewYork4,1,0,0,1,0,0,0,0,0,0,0,0,0,1,1,1,1,2.5,1,derived_from_DR,,0.0,0
LS2,1,0,,0,0,0,0,0,,-1,-1,-1,-1,-1,-1,Evening,0,-1,Draw6,77,0,0,1,77*,77,A,2,2,0.8333333333333334,own,0,2,0,1,1.0,0.5,2.0,0,1,7,99.42114695340499,0,0,0.1111111111111111,7,5,Evening,8,29,Set1,1,0,0,0.5,0.3333333333333333,NewYork4,1,3,2,1,1,1,3,0,0,1,2,0,1,5,0,0,5,1.0,5,derived_from_DR,3,0.8064516129032258,0
LS2,1,1,,0,0,0,0,0,,-1,-1,-1,-1,-1,-1,Evening,0,-1,Draw6,,1,0,0,*,,A,2,2,0.8333333333333334,combined,0,2,0,1,0.0,0.0,7.0,0,1,7,100.0,1,1,1.0,11,5,Evening,12,57,Set1,1,0,0,0.3333333333333333,0.3333333333333333,NewYork4,1,1,1,1,2,1,1,1,0,0,1,1,0,6,0,0,6,0.8181818181818182,6,derived_from_DR,,0.0,0
LS2,1,1,,0,0,0,0,0,,-1,-1,-1,-1,-1,-1,Evening,0,-1,Draw6,,1,0,0,*,,B,2,2,0.8333333333333334,own,1,0,0,0,0.0,0.0,5.0,0,1,7,100.0,0,0,0.6666666666666666,6,2,Evening,5,29,Set1,1,0,0,0.5,0.16666666666666666,NewYork4,1,1,1,1,1,1,1,1,0,0,1,1,0,2,1,1,2,2.25,2,derived_from_DR,,0.0,0
LS2,1,1,,0,0,0,0,0,,-1,-1,-1,-1,-1,-1,Evening,0,-1,Draw6,,1,0,0,*,,B,2,2,0.8333333333333334,combined,1,0,0,0,0.0,0.0,11.0,0,1,7,100.0,0,0,0.16666666666666666,3,2,Evening,5,57,Set1,1,0,0,0.5,0.16666666666666666,NewYork4,1,1,1,1,1,1,1,1,0,0,1,1,0,2,1,1,2,2.25,2,derived_from_DR,,0.0,0
LS2,1,1,,0,0,0,0,1,*,-1,-1,-1,-1,1,1,Combined,1,-1,Draw6,,1,0,0,*,,C,2,2,0.8333333333333334,own,1,0,0,0,0.0,0.0,1.0,0,1,7,100.0,0,0,0.3333333333333333,6,1,Evening,3,29,Set1,1,0,0,0.5,0.3333333333333333,NewYork4,0,1,1,0,0,1,1,1,0,0,1,1,0,1,1,1,1,4.5,1,derived_from_DR,,0.0,0
LS2,1,1,,0,0,0,0,1,*,-1,-1,-1,-1,1,1,Combined,1,-1,Draw6,,1,0,0,*,,C,2,2,0.8333333333333334,combined,1,0,0,0,0.0,0.0,1.0,0,1,7,100.0,0,0,0.3333333333333333,2,1,Evening,3,57,Set1,1,0,0,0.5,0.3333333333333333,NewYork4,0,1,1,0,0,1,1,1,0,0,1,1,0,1,1,1,1,4.5,1,derived_from_DR,,0.0,0
LS2,1,1,,0,0,0,0,0,,-1,-1,-1,-1,-1,-1,Evening,0,-1,Draw6,,1,0,0,*,,D,2,2,0.8333333333333334,own,0,0,0,0,0.0,0.0,5.0,0,1,7,100.0,0,0,0.3333333333333333,6,2,Evening,7,29,Set1,1,0,0,0.3333333333333333,0.3333333333333333,NewYork4,1,1,1,1,1,1,1,1,0,0,1,1,0,2,1,1,2,1.5,2,derived_from_DR,,0.0,0
LS2,1,1,,0,0,0,0,0,,-1,-1,-1,-1,-1,-1,Evening,0,-1,Draw6,,1,0,0,*,,D,2,2,0.8333333333333334,combined,0,0,0,0,0.0,0.0,11.0,0,1,7,100.0,0,0,0.3333333333333333,2,2,Evening,6,57,Set1,1,0,0,0.3333333333333333,0.3333333333333333,NewYork4,1,1,1,1,0,1,1,1,0,0,1,1,0,2,1,1,2,1.8,2,derived_from_DR,,0.0,0
LS2,1,1,,0,0,0,0,0,,-1,-1,-1,-1,-1,-1,Evening,0,-1,Draw6,,1,0,0,*,,E,2,2,0.8333333333333334,own,0,0,0,0,0.0,0.0,6.0,0,1,7,100.0,0,0,0.3333333333333333,13,2,Evening,8,29,Set1,1,0,0,0.25,0.3333333333333333,NewYork4,1,1,1,1,1,1,1,1,0,0,1,1,0,2,1,1,2,1.2857142857142858,2,derived_from_DR,,0.0,0
LS2,1,1,,0,0,0,0,0,,-1,-1,-1,-1,-1,-1,Evening,0,-1,Draw6,,1,0,0,*,,E,2,2,0.8333333333333334,combined,0,0,0,0,0.0,0.0,12.0,0,1,7,100.0,0,0,0.3333333333333333,10,2,Evening,7,57,Set1,1,0,0,0.25,0.3333333333333333,NewYork4,1,1,1,1,0,1,1,1,0,0,1,1,0,2,1,1,2,1.5,2,derived_from_DR,,0.0,0
LS2,1,0,,0,0,0,0,1,77*,-1,-1,-1,-1,1,1,Combined,1,-1,Draw6,77,0,0,1,77*,77,T,2,2,0.8333333333333334,own,1,2,0,0,1.0,0.5,1.0,0,1,7,100.0,0,0,0.3333333333333333,6,1,Evening,3,29,Set1,1,0,0,0.5,0.3333333333333333,NewYork4,1,3,2,1,0,1,3,0,0,1,2,0,1,1,1,1,1,3.5,1,derived_from_DR,3,0.8064516129032258,0
LS2,1,1,,0,0,0,0,1,*,-1,-1,-1,-1,1,1,Combined,1,-1,Draw6,,1,0,0,*,,T,2,2,0.8333333333333334,combined,1,2,0,0,0.0,0.0,5.0,0,1,7,100.0,0,0,0.3333333333333333,2,1,Evening,5,57,Set1,1,0,0,0.3333333333333333,0.3333333333333333,NewYork4,0,1,1,1,0,1,1,1,0,0,1,1,0,1,1,1,1,2.25,1,derived_from_DR,,0.0,0
LS2,3,0,,0,0,0,0,0,,-1,-1,-1,-1,-1,-1,Combined,0,-1,Draw4,1144,0,0,0,4411,1144,A,2,2,0.8333333333333334,own,1,0,0,5,6.0,0.5,0.0,0,1,6,90.69444444444444,0,0,0.37222222222222223,6,3,Combined,7,29,Set1,1,0,0,1.0,0.3333333333333333,NewYork4,0,4,2,1,0,1,4,0,0,0,2,0,1,6,0,0,6,0.8333333333333334,6,derived_from_DR,25,1.0,0
LS2,3,0,,0,0,0,0,0,,-1,-1,-1,-1,-1,-1,Combined,0,-1,Draw4,1144,0,0,0,4411,1144,A,4,4,0.8333333333333334,combined,1,0,0,5,6.0,0.5,0.0,0,1,6,100.0,0,0,0.5555555555555555,11,2,Combined,12,57,Set1,1,0,0,1.0,0.3333333333333333,NewYork4,0,4,2,1,0,1,4,0,0,0,2,0,1,11,0,0,11,0.45454545454545453,11,derived_from_DR,25,1.0,0
LS2,3,1,,0,0,0,0,0,,-1,-1,-1,-1,-1,-1,Combined,0,-1,Draw4,,0,0,0,,,B,2,2,0.8333333333333334,own,0,0,0,0,0.0,0.0,6.0,0,1,6,82.95555555555553,0,0,0.27777777777777773,2,2,Combined,6,9,Set1,1,0,0,0.3333333333333333,0.3333333333333333,NewYork4,0,0,0,1,0,0,0,0,0,0,0,0,0,2,1,1,2,1.8,2,derived_from_DR,,0.0,0
LS2,3,1,,0,0,0,0,0,,-1,-1,-1,-1,-1,-1,Combined,0,-1,Draw4,,0,0,0,,,B,4,4,0.8333333333333334,combined,0,0,0,0,0.0,0.0,1.0,0,1,6,100.0,0,0,0.3333333333333333,2,2,Combined,4,4,Set1,1,0,0,0.5,0.3333333333333333,NewYork4,0,0,0,1,0,0,0,0,0,0,0,0,0,2,1,1,2,3.0,2,derived_from_DR,,0.0,0
LS2,3,1,,0,0,0,0,0,,-1,-1,-1,-1,-1,-1,Combined,0,-1,Draw4,,0,0,0,,,C,2,2,0.8333333333333334,own,1,0,0,0,0.0,0.0,1.0,0,1,6,99.94444444444441,0,0,0.2222222222222222,2,1,Combined,3,3,Set1,1,0,0,0.5,0.3333333333333333,NewYork4,0,0,0,1,0,0,0,0,0,0,0,0,0,1,1,1,1,4.5,1,derived_from_DR,,0.0,0
LS2,3,1,,0,0,0,0,0,,-1,-1,-1,-1,-1,-1,Combined,0,-1,Draw4,,0,0,0,,,C,4,4,0.8333333333333334,combined,1,0,0,0,0.0,0.0,2.0,0,1,6,100.0,0,0,0.6666666666666666,2,1,Combined,4,4,Set1,1,0,0,0.5,0.3333333333333333,NewYork4,0,0,0,1,1,0,0,0,0,0,0,0,0,1,1,1,1,3.0,1,derived_from_DR,,0.0,0
LS2,3,1,,0,0,0,0,0,,-1,-1,-1,-1,-1,-1,Combined,0,-1,Draw4,,0,0,0,,,D,2,2,0.8333333333333334,own,0,0,0,0,0.0,0.0,6.0,0,1,6,82.95555555555553,0,0,0.27777777777777773,2,2,Combined,6,9,Set1,1,0,0,0.3333333333333333,0.3333333333333333,NewYork4,0,0,0,1,0,0,0,0,0,0,0,0,0,2,1,1,2,1.8,2,derived_from_DR,,0.0,0
LS2,3,1,,0,0,0,0,0,,-1,-1,-1,-1,-1,-1,Combined,0,-1,Draw4,,0,0,0,,,D,4,4,0.8333333333333334,combined,0,0,0,0,0.0,0.0,1.0,0,1,6,100.0,0,0,0.3333333333333333,2,2,Combined,4,4,Set1,1,0,0,0.5,0.3333333333333333,NewYork4,0,0,0,1,0,0,0,0,0,0,0,0,0,2,1,1,2,3.0,2,derived_from_DR,,0.0,0
LS2,3,1,,0,0,0,0,0,,-1,-1,-1,-1,-1,-1,Combined,0,-1,Draw4,,0,0,0,,,E,2,2,0.8333333333333334,own,0,0,0,1,0.0,0.0,17.0,0,1,6,70.64999999999999,0,0,0.5,2,2,Combined,13,20,Set1,1,0,0,0.2,0.5,NewYork4,0,0,0,0,0,0,0,0,0,0,0,0,0,2,1,1,2,0.75,2,derived_from_DR,,0.0,0
LS2,3,1,,0,0,0,0,0,,-1,-1,-1,-1,-1,-1,Combined,0,-1,Draw4,,0,0,0,,,E,4,4,0.8333333333333334,combined,0,0,0,1,0.0,0.0,13.0,0,1,6,100.0,0,0,0.3333333333333333,3,2,Combined,9,17,Set1,1,0,0,0.25,0.3333333333333333,NewYork4,1,0,0,1,1,0,0,0,0,0,0,0,0,3,1,1,3,1.125,3,derived_from_DR,,0.0,0
LS2,3,1,,0,0,0,0,0,,-1,-1,-1,-1,-1,-1,Combined,0,-1,Draw4,,0,0,0,,,T,2,2,0.8333333333333334,own,1,0,0,0,0.0,0.0,5.0,0,1,6,91.44444444444443,0,0,0.2222222222222222,2,1,Combined,4,7,Set1,1,0,0,0.5,0.3333333333333333,NewYork4,0,0,0,1,1,0,0,0,0,0,0,0,0,1,1,1,1,3.0,1,derived_from_DR,,0.0,0
LS2,3,1,,0,0,0,0,0,,-1,-1,-1,-1,-1,-1,Combined,0,-1,Draw4,,0,0,0,,,T,4,4,0.8333333333333334,combined,1,0,0,0,0.0,0.0,10.0,0,1,6,100.0,0,0,0.2222222222222222,2,1,Combined,4,12,Set1,1,0,0,0.5,0.3333333333333333,NewYork4,0,0,0,1,1,0,0,0,0,0,0,0,0,1,1,1,1,3.0,1,derived_from_DR,,0.0,0
LS2,1,0,,0,0,0,0,0,,-1,-1,-1,-1,-1,-1,Combined,0,-1,Draw6,1144,0,0,0,4411*,1144,A,2,2,0.8333333333333334,own,1,0,0,5,6.0,0.5,0.0,0,1,7,80.38888888888889,0,0,0.1111111111111111,7,5,Combined,7,29,Set1,1,0,0,1.0,0.3333333333333333,NewYork4,0,5,3,0,0,1,5,0,0,0,3,0,0,6,0,0,6,1.1666666666666667,6,derived_from_DR,25,1.0,0
LS2,1,0,,0,0,0,0,0,,-1,-1,-1,-1,-1,-1,Combined,0,-1,Draw6,1144,0,0,0,4411*,1144,A,4,4,0.8333333333333334,combined,1,0,0,5,6.0,0.5,0.0,0,1,7,100.0,1,1,1.0,11,5,Combined,12,57,Set1,1,0,0,1.0,0.3333333333333333,NewYork4,0,5,3,0,0,1,5,0,0,0,3,0,0,11,0,0,11,0.6363636363636364,11,derived_from_DR,25,1.0,0
LS2,1,1,,0,0,0,0,0,,-1,-1,-1,-1,-1,-1,Combined,0,-1,Draw6,,1,0,0,*,,B,2,2,0.8333333333333334,own,0,0,0,0,0.0,0.0,6.0,0,1,7,100.0,0,0,0.6666666666666666,6,2,Combined,5,29,Set1,1,0,0,0.5,0.16666666666666666,NewYork4,1,1,1,1,1,1,1,1,0,0,1,1,0,2,1,1,2,2.75,2,derived_from_DR,,0.0,0
LS2,1,1,,0,1,0,0,0,*,-1,2,-1,-1,-1,2,Combined,1,-1,Draw6,,1,0,0,*,,B,4,4,0.8333333333333334,combined,0,0,0,0,0.0,0.0,1.0,0,1,7,100.0,0,0,0.16666666666666666,3,2,Combined,4,57,Set1,1,0,0,0.5,0.3333333333333333,NewYork4,0,1,1,0,0,1,1,1,0,0,1,1,0,2,1,1,2,3.6666666666666665,2,derived_from_DR,,0.0,0
LS2,1,1,,0,1,0,0,0,*,-1,1,-1,-1,-1,1,Combined,1,-1,Draw6,,1,0,0,*,,C,2,2,0.8333333333333334,own,1,0,0,0,0.0,0.0,1.0,0,1,7,100.0,0,0,0.3333333333333333,6,1,Combined,3,29,Set1,1,0,0,0.5,0.3333333333333333,NewYork4,0,1,1,0,0,1,1,1,0,0,1,1,0,1,1,1,1,5.5,1,derived_from_DR,,0.0,0
LS2,1,1,,0,1,0,0,0,*,-1,1,-1,-1,-1,1,Combined,1,-1,Draw6,,1,0,0,*,,C,4,4,0.8333333333333334,combined,1,0,0,0,0.0,0.0,2.0,0,1,7,100.0,0,0,0.3333333333333333,2,1,Combined,4,57,Set1,1,0,0,0.5,0.3333333333333333,NewYork4,0,1,1,0,1,1,1,1,0,0,1,1,0,1,1,1,1,3.6666666666666665,1,derived_from_DR,,0.0,0
LS2,1,1,,0,0,0,0,0,,-1,-1,-1,-1,-1,-1,Combined,0,-1,Draw6,,1,0,0,*,,D,2,2,0.8333333333333334,own,0,0,0,1,0.0,0.0,5.0,0,1,7,100.0,0,0,0.3333333333333333,6,2,Combined,7,29,Set1,1,0,0,0.3333333333333333,0.3333333333333333,NewYork4,1,1,1,1,0,1,1,1,0,0,1,1,0,3,1,1,3,1.8333333333333333,3,derived_from_DR,,0.0,0
LS2,1,1,,0,1,0,0,0,*,-1,2,-1,-1,-1,2,Combined,1,-1,Draw6,,1,0,0,*,,D,4,4,0.8333333333333334,combined,0,0,0,1,0.0,0.0,2.0,0,1,7,100.0,0,0,0.3333333333333333,2,2,Combined,5,57,Set1,1,0,0,0.3333333333333333,0.3333333333333333,NewYork4,0,1,1,1,0,1,1,1,0,0,1,1,0,2,1,1,2,2.75,2,derived_from_DR,,0.0,0
LS2,1,1,,0,0,0,0,0,,-1,-1,-1,-1,-1,-1,Combined,0,-1,Draw6,,1,0,0,*,,E,2,2,0.8333333333333334,own,0,0,0,0,0.0,0.0,11.0,0,1,7,100.0,0,0,0.3333333333333333,13,2,Combined,9,29,Set1,1,0,0,0.25,0.3333333333333333,NewYork4,1,1,1,1,0,1,1,1,0,0,1,1,0,3,1,1,3,1.375,3,derived_from_DR,,0.0,0
LS2,1,1,,0,0,0,0,0,,-1,-1,-1,-1,-1,-1,Combined,0,-1,Draw6,,1,0,0,*,,E,4,4,0.8333333333333334,combined,0,0,0,0,0.0,0.0,12.0,0,1,7,100.0,0,0,0.3333333333333333,10,2,Combined,7,57,Set1,1,0,0,0.3333333333333333,0.3333333333333333,NewYork4,1,1,1,1,0,1,1,1,0,0,1,1,0,3,1,1,3,1.8333333333333333,3,derived_from_DR,,0.0,0
LS2,1,1,,0,1,0,0,0,*,-1,1,-1,-1,-1,1,Combined,1,-1,Draw6,,1,0,0,*,,T,2,2,0.8333333333333334,own,1,0,0,0,0.0,0.0,5.0,0,1,7,100.0,0,0,0.3333333333333333,6,1,Combined,5,29,Set1,1,0,0,0.3333333333333333,0.3333333333333333,NewYork4,1,1,1,1,0,1,1,1,0,0,1,1,0,1,1,1,1,2.75,1,derived_from_DR,,0.0,0
LS2,1,1,,0,1,0,0,0,*,-1,1,-1,-1,-1,1,Combined,1,-1,Draw6,,1,0,0,*,,T,4,4,0.8333333333333334,combined,1,0,0,0,0.0,0.0,10.0,0,1,7,100.0,0,0,0.3333333333333333,2,1,Combined,6,57,Set1,1,0,0,0.3333333333333333,0.3333333333333333,NewYork4,1,1,1,1,1,1,1,1,0,0,1,1,0,1,1,1,1,2.2,1,derived_from_DR,,0.0,0
