state,area,section,set,draw,col,col_label,location,method,mode,area_rank,section_rank,set_rank,draw_rank,col_rank,step,value,length,unique_digits,is_3value,first_3value_step,last_change_step,steps_total_before_compaction,steps_kept_after_compaction
Ohio4,LS1,Midday,Set3,Draw1,7,col7,Midday|Set3|Draw1|col7,A,own,1,1,3,1,7,0,55924011867,11,9,False,3,6,7,7
Ohio4,LS1,Midday,Set3,Draw1,7,col7,Midday|Set3|Draw1|col7,A,own,1,1,3,1,7,1,55241187,8,6,False,3,6,7,7
Ohio4,LS1,Midday,Set3,Draw1,7,col7,Midday|Set3|Draw1|col7,A,own,1,1,3,1,7,2,554118,6,4,False,3,6,7,7
Ohio4,LS1,Midday,Set3,Draw1,7,col7,Midday|Set3|Draw1|col7,A,own,1,1,3,1,7,3,5548,4,3,True,3,6,7,7
Ohio4,LS1,Midday,Set3,Draw1,7,col7,Midday|Set3|Draw1|col7,A,own,1,1,3,1,7,4,8,1,1,True,3,6,7,7
Ohio4,LS1,Midday,Set3,Draw1,7,col7,Midday|Set3|Draw1|col7,A,own,1,1,3,1,7,5,8,1,1,True,3,6,7,7
Ohio4,LS1,Midday,Set3,Draw1,7,col7,Midday|Set3|Draw1|col7,A,own,1,1,3,1,7,6,,0,0,False,3,6,7,7
Ohio4,LS1,Midday,Set3,Draw1,7,col7,Midday|Set3|Draw1|col7,A,combined,1,1,3,1,7,0,55924011867,11,9,False,3,7,8,8
Ohio4,LS1,Midday,Set3,Draw1,7,col7,Midday|Set3|Draw1|col7,A,combined,1,1,3,1,7,1,55241187,8,6,False,3,7,8,8
Ohio4,LS1,Midday,Set3,Draw1,7,col7,Midday|Set3|Draw1|col7,A,combined,1,1,3,1,7,2,5524117,7,5,False,3,7,8,8
Ohio4,LS1,Midday,Set3,Draw1,7,col7,Midday|Set3|Draw1|col7,A,combined,1,1,3,1,7,3,55411,5,3,True,3,7,8,8
Ohio4,LS1,Midday,Set3,Draw1,7,col7,Midday|Set3|Draw1|col7,A,combined,1,1,3,1,7,4,55411,5,3,True,3,7,8,8
Ohio4,LS1,Midday,Set3,Draw1,7,col7,Midday|Set3|Draw1|col7,A,combined,1,1,3,1,7,5,554,3,2,True,3,7,8,8
Ohio4,LS1,Midday,Set3,Draw1,7,col7,Midday|Set3|Draw1|col7,A,combined,1,1,3,1,7,6,55,2,1,True,3,7,8,8
Ohio4,LS1,Midday,Set3,Draw1,7,col7,Midday|Set3|Draw1|col7,A,combined,1,1,3,1,7,7,,0,0,False,3,7,8,8
Ohio4,LS1,Midday,Set3,Draw1,7,col7,Midday|Set3|Draw1|col7,B,own,1,1,3,1,7,0,55924011867,11,9,False,2,6,7,7
Ohio4,LS1,Midday,Set3,Draw1,7,col7,Midday|Set3|Draw1|col7,B,own,1,1,3,1,7,1,55241187,8,6,False,2,6,7,7
Ohio4,LS1,Midday,Set3,Draw1,7,col7,Midday|Set3|Draw1|col7,B,own,1,1,3,1,7,2,4118,4,3,True,2,6,7,7
Ohio4,LS1,Midday,Set3,Draw1,7,col7,Midday|Set3|Draw1|col7,B,own,1,1,3,1,7,3,48,2,2,True,2,6,7,7
Ohio4,LS1,Midday,Set3,Draw1,7,col7,Midday|Set3|Draw1|col7,B,own,1,1,3,1,7,4,8,1,1,True,2,6,7,7
Ohio4,LS1,Midday,Set3,Draw1,7,col7,Midday|Set3|Draw1|col7,B,own,1,1,3,1,7,5,8,1,1,True,2,6,7,7
Ohio4,LS1,Midday,Set3,Draw1,7,col7,Midday|Set3|Draw1|col7,B,own,1,1,3,1,7,6,,0,0,False,2,6,7,7
Ohio4,LS1,Midday,Set3,Draw1,7,col7,Midday|Set3|Draw1|col7,B,combined,1,1,3,1,7,0,55924011867,11,9,False,3,4,5,5
Ohio4,LS1,Midday,Set3,Draw1,7,col7,Midday|Set3|Draw1|col7,B,combined,1,1,3,1,7,1,55241187,8,6,False,3,4,5,5
Ohio4,LS1,Midday,Set3,Draw1,7,col7,Midday|Set3|Draw1|col7,B,combined,1,1,3,1,7,2,55247,5,4,False,3,4,5,5
Ohio4,LS1,Midday,Set3,Draw1,7,col7,Midday|Set3|Draw1|col7,B,combined,1,1,3,1,7,3,4,1,1,True,3,4,5,5
Ohio4,LS1,Midday,Set3,Draw1,7,col7,Midday|Set3|Draw1|col7,B,combined,1,1,3,1,7,4,,0,0,False,3,4,5,5
Ohio4,LS1,Midday,Set3,Draw1,7,col7,Midday|Set3|Draw1|col7,C,own,1,1,3,1,7,0,55924011867,11,9,False,1,6,7,5
Ohio4,LS1,Midday,Set3,Draw1,7,col7,Midday|Set3|Draw1|col7,C,own,1,1,3,1,7,1,287,3,3,True,1,6,7,5
Ohio4,LS1,Midday,Set3,Draw1,7,col7,Midday|Set3|Draw1|col7,C,own,1,1,3,1,7,2,8,1,1,True,1,6,7,5
Ohio4,LS1,Midday,Set3,Draw1,7,col7,Midday|Set3|Draw1|col7,C,own,1,1,3,1,7,3,8,1,1,True,1,6,7,5
Ohio4,LS1,Midday,Set3,Draw1,7,col7,Midday|Set3|Draw1|col7,C,own,1,1,3,1,7,6,,0,0,False,1,6,7,5
Ohio4,LS1,Midday,Set3,Draw1,7,col7,Midday|Set3|Draw1|col7,C,combined,1,1,3,1,7,0,55924011867,11,9,False,1,3,4,4
Ohio4,LS1,Midday,Set3,Draw1,7,col7,Midday|Set3|Draw1|col7,C,combined,1,1,3,1,7,1,287,3,3,True,1,3,4,4
Ohio4,LS1,Midday,Set3,Draw1,7,col7,Midday|Set3|Draw1|col7,C,combined,1,1,3,1,7,2,27,2,2,True,1,3,4,4
Ohio4,LS1,Midday,Set3,Draw1,7,col7,Midday|Set3|Draw1|col7,C,combined,1,1,3,1,7,3,,0,0,False,1,3,4,4
Ohio4,LS1,Midday,Set3,Draw1,7,col7,Midday|Set3|Draw1|col7,D,own,1,1,3,1,7,0,55924011867,11,9,False,2,6,7,6
Ohio4,LS1,Midday,Set3,Draw1,7,col7,Midday|Set3|Draw1|col7,D,own,1,1,3,1,7,1,52187,5,5,False,2,6,7,6
Ohio4,LS1,Midday,Set3,Draw1,7,col7,Midday|Set3|Draw1|col7,D,own,1,1,3,1,7,2,18,2,2,True,2,6,7,6
Ohio4,LS1,Midday,Set3,Draw1,7,col7,Midday|Set3|Draw1|col7,D,own,1,1,3,1,7,3,8,1,1,True,2,6,7,6
Ohio4,LS1,Midday,Set3,Draw1,7,col7,Midday|Set3|Draw1|col7,D,own,1,1,3,1,7,4,8,1,1,True,2,6,7,6
Ohio4,LS1,Midday,Set3,Draw1,7,col7,Midday|Set3|Draw1|col7,D,own,1,1,3,1,7,6,,0,0,False,2,6,7,6
Ohio4,LS1,Midday,Set3,Draw1,7,col7,Midday|Set3|Draw1|col7,D,combined,1,1,3,1,7,0,55924011867,11,9,False,2,3,4,4
Ohio4,LS1,Midday,Set3,Draw1,7,col7,Midday|Set3|Draw1|col7,D,combined,1,1,3,1,7,1,52187,5,5,False,2,3,4,4
Ohio4,LS1,Midday,Set3,Draw1,7,col7,Midday|Set3|Draw1|col7,D,combined,1,1,3,1,7,2,527,3,3,True,2,3,4,4
Ohio4,LS1,Midday,Set3,Draw1,7,col7,Midday|Set3|Draw1|col7,D,combined,1,1,3,1,7,3,,0,0,False,2,3,4,4
Ohio4,LS1,Midday,Set3,Draw1,7,col7,Midday|Set3|Draw1|col7,E,own,1,1,3,1,7,0,55924011867,11,9,False,3,6,7,7
Ohio4,LS1,Midday,Set3,Draw1,7,col7,Midday|Set3|Draw1|col7,E,own,1,1,3,1,7,1,55241187,8,6,False,3,6,7,7
Ohio4,LS1,Midday,Set3,Draw1,7,col7,Midday|Set3|Draw1|col7,E,own,1,1,3,1,7,2,54118,5,4,False,3,6,7,7
Ohio4,LS1,Midday,Set3,Draw1,7,col7,Midday|Set3|Draw1|col7,E,own,1,1,3,1,7,3,548,3,3,True,3,6,7,7
Ohio4,LS1,Midday,Set3,Draw1,7,col7,Midday|Set3|Draw1|col7,E,own,1,1,3,1,7,4,8,1,1,True,3,6,7,7
Ohio4,LS1,Midday,Set3,Draw1,7,col7,Midday|Set3|Draw1|col7,E,own,1,1,3,1,7,5,8,1,1,True,3,6,7,7
Ohio4,LS1,Midday,Set3,Draw1,7,col7,Midday|Set3|Draw1|col7,E,own,1,1,3,1,7,6,,0,0,False,3,6,7,7
Ohio4,LS1,Midday,Set3,Draw1,7,col7,Midday|Set3|Draw1|col7,E,combined,1,1,3,1,7,0,55924011867,11,9,False,3,7,8,8
Ohio4,LS1,Midday,Set3,Draw1,7,col7,Midday|Set3|Draw1|col7,E,combined,1,1,3,1,7,1,55241187,8,6,False,3,7,8,8
Ohio4,LS1,Midday,Set3,Draw1,7,col7,Midday|Set3|Draw1|col7,E,combined,1,1,3,1,7,2,552417,6,5,False,3,7,8,8
Ohio4,LS1,Midday,Set3,Draw1,7,col7,Midday|Set3|Draw1|col7,E,combined,1,1,3,1,7,3,541,3,3,True,3,7,8,8
Ohio4,LS1,Midday,Set3,Draw1,7,col7,Midday|Set3|Draw1|col7,E,combined,1,1,3,1,7,4,51,2,2,True,3,7,8,8
Ohio4,LS1,Midday,Set3,Draw1,7,col7,Midday|Set3|Draw1|col7,E,combined,1,1,3,1,7,5,5,1,1,True,3,7,8,8
Ohio4,LS1,Midday,Set3,Draw1,7,col7,Midday|Set3|Draw1|col7,E,combined,1,1,3,1,7,6,5,1,1,True,3,7,8,8
Ohio4,LS1,Midday,Set3,Draw1,7,col7,Midday|Set3|Draw1|col7,E,combined,1,1,3,1,7,7,,0,0,False,3,7,8,8
Ohio4,LS1,Midday,Set3,Draw1,7,col7,Midday|Set3|Draw1|col7,T,own,1,1,3,1,7,0,55924011867,11,9,False,1,6,7,5
Ohio4,LS1,Midday,Set3,Draw1,7,col7,Midday|Set3|Draw1|col7,T,own,1,1,3,1,7,1,287,3,3,True,1,6,7,5
Ohio4,LS1,Midday,Set3,Draw1,7,col7,Midday|Set3|Draw1|col7,T,own,1,1,3,1,7,2,8,1,1,True,1,6,7,5
Ohio4,LS1,Midday,Set3,Draw1,7,col7,Midday|Set3|Draw1|col7,T,own,1,1,3,1,7,3,8,1,1,True,1,6,7,5
Ohio4,LS1,Midday,Set3,Draw1,7,col7,Midday|Set3|Draw1|col7,T,own,1,1,3,1,7,6,,0,0,False,1,6,7,5
Ohio4,LS1,Midday,Set3,Draw1,7,col7,Midday|Set3|Draw1|col7,T,combined,1,1,3,1,7,0,55924011867,11,9,False,1,3,4,4
Ohio4,LS1,Midday,Set3,Draw1,7,col7,Midday|Set3|Draw1|col7,T,combined,1,1,3,1,7,1,287,3,3,True,1,3,4,4
Ohio4,LS1,Midday,Set3,Draw1,7,col7,Midday|Set3|Draw1|col7,T,combined,1,1,3,1,7,2,27,2,2,True,1,3,4,4
Ohio4,LS1,Midday,Set3,Draw1,7,col7,Midday|Set3|Draw1|col7,T,combined,1,1,3,1,7,3,,0,0,False,1,3,4,4
Ohio4,LS1,Midday,Set3,Draw1,6,col6,Midday|Set3|Draw1|col6,A,own,1,1,3,1,6,0,55920117,8,6,False,2,4,5,5
Ohio4,LS1,Midday,Set3,Draw1,6,col6,Midday|Set3|Draw1|col6,A,own,1,1,3,1,6,1,552117,6,4,False,2,4,5,5
Ohio4,LS1,Midday,Set3,Draw1,6,col6,Midday|Set3|Draw1|col6,A,own,1,1,3,1,6,2,5511,4,2,True,2,4,5,5
Ohio4,LS1,Midday,Set3,Draw1,6,col6,Midday|Set3|Draw1|col6,A,own,1,1,3,1,6,3,55,2,1,True,2,4,5,5
Ohio4,LS1,Midday,Set3,Draw1,6,col6,Midday|Set3|Draw1|col6,A,own,1,1,3,1,6,4,,0,0,False,2,4,5,5
Ohio4,LS1,Midday,Set3,Draw1,6,col6,Midday|Set3|Draw1|col6,A,combined,1,1,3,1,6,0,55920117,8,6,False,3,7,8,8
Ohio4,LS1,Midday,Set3,Draw1,6,col6,Midday|Set3|Draw1|col6,A,combined,1,1,3,1,6,1,552117,6,4,False,3,7,8,8
Ohio4,LS1,Midday,Set3,Draw1,6,col6,Midday|Set3|Draw1|col6,A,combined,1,1,3,1,6,2,552117,6,4,False,3,7,8,8
Ohio4,LS1,Midday,Set3,Draw1,6,col6,Midday|Set3|Draw1|col6,A,combined,1,1,3,1,6,3,5511,4,2,True,3,7,8,8
Ohio4,LS1,Midday,Set3,Draw1,6,col6,Midday|Set3|Draw1|col6,A,combined,1,1,3,1,6,4,5511,4,2,True,3,7,8,8
Ohio4,LS1,Midday,Set3,Draw1,6,col6,Midday|Set3|Draw1|col6,A,combined,1,1,3,1,6,5,55,2,1,True,3,7,8,8
Ohio4,LS1,Midday,Set3,Draw1,6,col6,Midday|Set3|Draw1|col6,A,combined,1,1,3,1,6,6,55,2,1,True,3,7,8,8
Ohio4,LS1,Midday,Set3,Draw1,6,col6,Midday|Set3|Draw1|col6,A,combined,1,1,3,1,6,7,,0,0,False,3,7,8,8
Ohio4,LS1,Midday,Set3,Draw1,6,col6,Midday|Set3|Draw1|col6,B,own,1,1,3,1,6,0,55920117,8,6,False,1,2,3,3
Ohio4,LS1,Midday,Set3,Draw1,6,col6,Midday|Set3|Draw1|col6,B,own,1,1,3,1,6,1,5527,4,3,True,1,2,3,3
Ohio4,LS1,Midday,Set3,Draw1,6,col6,Midday|Set3|Draw1|col6,B,own,1,1,3,1,6,2,,0,0,False,1,2,3,3
Ohio4,LS1,Midday,Set3,Draw1,6,col6,Midday|Set3|Draw1|col6,B,combined,1,1,3,1,6,0,55920117,8,6,False,1,3,4,4
Ohio4,LS1,Midday,Set3,Draw1,6,col6,Midday|Set3|Draw1|col6,B,combined,1,1,3,1,6,1,5527,4,3,True,1,3,4,4
Ohio4,LS1,Midday,Set3,Draw1,6,col6,Midday|Set3|Draw1|col6,B,combined,1,1,3,1,6,2,5527,4,3,True,1,3,4,4
Ohio4,LS1,Midday,Set3,Draw1,6,col6,Midday|Set3|Draw1|col6,B,combined,1,1,3,1,6,3,,0,0,False,1,3,4,4
Ohio4,LS1,Midday,Set3,Draw1,6,col6,Midday|Set3|Draw1|col6,C,own,1,1,3,1,6,0,55920117,8,6,False,1,2,3,3
Ohio4,LS1,Midday,Set3,Draw1,6,col6,Midday|Set3|Draw1|col6,C,own,1,1,3,1,6,1,27,2,2,True,1,2,3,3
Ohio4,LS1,Midday,Set3,Draw1,6,col6,Midday|Set3|Draw1|col6,C,own,1,1,3,1,6,2,,0,0,False,1,2,3,3
Ohio4,LS1,Midday,Set3,Draw1,6,col6,Midday|Set3|Draw1|col6,C,combined,1,1,3,1,6,0,55920117,8,6,False,1,3,4,4
Ohio4,LS1,Midday,Set3,Draw1,6,col6,Midday|Set3|Draw1|col6,C,combined,1,1,3,1,6,1,27,2,2,True,1,3,4,4
Ohio4,LS1,Midday,Set3,Draw1,6,col6,Midday|Set3|Draw1|col6,C,combined,1,1,3,1,6,2,27,2,2,True,1,3,4,4
Ohio4,LS1,Midday,Set3,Draw1,6,col6,Midday|Set3|Draw1|col6,C,combined,1,1,3,1,6,3,,0,0,False,1,3,4,4
Ohio4,LS1,Midday,Set3,Draw1,6,col6,Midday|Set3|Draw1|col6,D,own,1,1,3,1,6,0,55920117,8,6,False,2,3,4,4
Ohio4,LS1,Midday,Set3,Draw1,6,col6,Midday|Set3|Draw1|col6,D,own,1,1,3,1,6,1,5217,4,4,False,2,3,4,4
Ohio4,LS1,Midday,Set3,Draw1,6,col6,Midday|Set3|Draw1|col6,D,own,1,1,3,1,6,2,1,1,1,True,2,3,4,4
Ohio4,LS1,Midday,Set3,Draw1,6,col6,Midday|Set3|Draw1|col6,D,own,1,1,3,1,6,3,,0,0,False,2,3,4,4
Ohio4,LS1,Midday,Set3,Draw1,6,col6,Midday|Set3|Draw1|col6,D,combined,1,1,3,1,6,0,55920117,8,6,False,2,3,4,4
Ohio4,LS1,Midday,Set3,Draw1,6,col6,Midday|Set3|Draw1|col6,D,combined,1,1,3,1,6,1,5217,4,4,False,2,3,4,4
Ohio4,LS1,Midday,Set3,Draw1,6,col6,Midday|Set3|Draw1|col6,D,combined,1,1,3,1,6,2,527,3,3,True,2,3,4,4
Ohio4,LS1,Midday,Set3,Draw1,6,col6,Midday|Set3|Draw1|col6,D,combined,1,1,3,1,6,3,,0,0,False,2,3,4,4
Ohio4,LS1,Midday,Set3,Draw1,6,col6,Midday|Set3|Draw1|col6,E,own,1,1,3,1,6,0,55920117,8,6,False,2,4,5,5
Ohio4,LS1,Midday,Set3,Draw1,6,col6,Midday|Set3|Draw1|col6,E,own,1,1,3,1,6,1,55217,5,4,False,2,4,5,5
Ohio4,LS1,Midday,Set3,Draw1,6,col6,Midday|Set3|Draw1|col6,E,own,1,1,3,1,6,2,51,2,2,True,2,4,5,5
Ohio4,LS1,Midday,Set3,Draw1,6,col6,Midday|Set3|Draw1|col6,E,own,1,1,3,1,6,3,5,1,1,True,2,4,5,5
Ohio4,LS1,Midday,Set3,Draw1,6,col6,Midday|Set3|Draw1|col6,E,own,1,1,3,1,6,4,,0,0,False,2,4,5,5
Ohio4,LS1,Midday,Set3,Draw1,6,col6,Midday|Set3|Draw1|col6,E,combined,1,1,3,1,6,0,55920117,8,6,False,2,7,8,6
Ohio4,LS1,Midday,Set3,Draw1,6,col6,Midday|Set3|Draw1|col6,E,combined,1,1,3,1,6,1,55217,5,4,False,2,7,8,6
Ohio4,LS1,Midday,Set3,Draw1,6,col6,Midday|Set3|Draw1|col6,E,combined,1,1,3,1,6,2,5527,4,3,True,2,7,8,6
Ohio4,LS1,Midday,Set3,Draw1,6,col6,Midday|Set3|Draw1|col6,E,combined,1,1,3,1,6,3,5,1,1,True,2,7,8,6
Ohio4,LS1,Midday,Set3,Draw1,6,col6,Midday|Set3|Draw1|col6,E,combined,1,1,3,1,6,4,5,1,1,True,2,7,8,6
Ohio4,LS1,Midday,Set3,Draw1,6,col6,Midday|Set3|Draw1|col6,E,combined,1,1,3,1,6,7,,0,0,False,2,7,8,6
Ohio4,LS1,Midday,Set3,Draw1,6,col6,Midday|Set3|Draw1|col6,T,own,1,1,3,1,6,0,55920117,8,6,False,1,2,3,3
Ohio4,LS1,Midday,Set3,Draw1,6,col6,Midday|Set3|Draw1|col6,T,own,1,1,3,1,6,1,27,2,2,True,1,2,3,3
Ohio4,LS1,Midday,Set3,Draw1,6,col6,Midday|Set3|Draw1|col6,T,own,1,1,3,1,6,2,,0,0,False,1,2,3,3
Ohio4,LS1,Midday,Set3,Draw1,6,col6,Midday|Set3|Draw1|col6,T,combined,1,1,3,1,6,0,55920117,8,6,False,1,3,4,4
Ohio4,LS1,Midday,Set3,Draw1,6,col6,Midday|Set3|Draw1|col6,T,combined,1,1,3,1,6,1,27,2,2,True,1,3,4,4
Ohio4,LS1,Midday,Set3,Draw1,6,col6,Midday|Set3|Draw1|col6,T,combined,1,1,3,1,6,2,27,2,2,True,1,3,4,4
Ohio4,LS1,Midday,Set3,Draw1,6,col6,Midday|Set3|Draw1|col6,T,combined,1,1,3,1,6,3,,0,0,False,1,3,4,4
Ohio4,LS1,Midday,Set3,Draw1,5,col5,Midday|Set3|Draw1|col5,A,own,1,1,3,1,5,0,5592011,7,5,False,1,4,5,5
Ohio4,LS1,Midday,Set3,Draw1,5,col5,Midday|Set3|Draw1|col5,A,own,1,1,3,1,5,1,55211,5,3,True,1,4,5,5
Ohio4,LS1,Midday,Set3,Draw1,5,col5,Midday|Set3|Draw1|col5,A,own,1,1,3,1,5,2,5511,4,2,True,1,4,5,5
Ohio4,LS1,Midday,Set3,Draw1,5,col5,Midday|Set3|Draw1|col5,A,own,1,1,3,1,5,3,55,2,1,True,1,4,5,5
Ohio4,LS1,Midday,Set3,Draw1,5,col5,Midday|Set3|Draw1|col5,A,own,1,1,3,1,5,4,,0,0,False,1,4,5,5
Ohio4,LS1,Midday,Set3,Draw1,5,col5,Midday|Set3|Draw1|col5,A,combined,1,1,3,1,5,0,5592011,7,5,False,1,7,8,8
Ohio4,LS1,Midday,Set3,Draw1,5,col5,Midday|Set3|Draw1|col5,A,combined,1,1,3,1,5,1,55211,5,3,True,1,7,8,8
Ohio4,LS1,Midday,Set3,Draw1,5,col5,Midday|Set3|Draw1|col5,A,combined,1,1,3,1,5,2,55211,5,3,True,1,7,8,8
Ohio4,LS1,Midday,Set3,Draw1,5,col5,Midday|Set3|Draw1|col5,A,combined,1,1,3,1,5,3,5511,4,2,True,1,7,8,8
Ohio4,LS1,Midday,Set3,Draw1,5,col5,Midday|Set3|Draw1|col5,A,combined,1,1,3,1,5,4,5511,4,2,True,1,7,8,8
Ohio4,LS1,Midday,Set3,Draw1,5,col5,Midday|Set3|Draw1|col5,A,combined,1,1,3,1,5,5,55,2,1,True,1,7,8,8
Ohio4,LS1,Midday,Set3,Draw1,5,col5,Midday|Set3|Draw1|col5,A,combined,1,1,3,1,5,6,55,2,1,True,1,7,8,8
Ohio4,LS1,Midday,Set3,Draw1,5,col5,Midday|Set3|Draw1|col5,A,combined,1,1,3,1,5,7,,0,0,False,1,7,8,8
Ohio4,LS1,Midday,Set3,Draw1,5,col5,Midday|Set3|Draw1|col5,B,own,1,1,3,1,5,0,5592011,7,5,False,1,2,3,3
Ohio4,LS1,Midday,Set3,Draw1,5,col5,Midday|Set3|Draw1|col5,B,own,1,1,3,1,5,1,552,3,2,True,1,2,3,3
Ohio4,LS1,Midday,Set3,Draw1,5,col5,Midday|Set3|Draw1|col5,B,own,1,1,3,1,5,2,,0,0,False,1,2,3,3
Ohio4,LS1,Midday,Set3,Draw1,5,col5,Midday|Set3|Draw1|col5,B,combined,1,1,3,1,5,0,5592011,7,5,False,1,3,4,4
Ohio4,LS1,Midday,Set3,Draw1,5,col5,Midday|Set3|Draw1|col5,B,combined,1,1,3,1,5,1,552,3,2,True,1,3,4,4
Ohio4,LS1,Midday,Set3,Draw1,5,col5,Midday|Set3|Draw1|col5,B,combined,1,1,3,1,5,2,552,3,2,True,1,3,4,4
Ohio4,LS1,Midday,Set3,Draw1,5,col5,Midday|Set3|Draw1|col5,B,combined,1,1,3,1,5,3,,0,0,False,1,3,4,4
Ohio4,LS1,Midday,Set3,Draw1,5,col5,Midday|Set3|Draw1|col5,C,own,1,1,3,1,5,0,5592011,7,5,False,1,2,3,3
Ohio4,LS1,Midday,Set3,Draw1,5,col5,Midday|Set3|Draw1|col5,C,own,1,1,3,1,5,1,2,1,1,True,1,2,3,3
Ohio4,LS1,Midday,Set3,Draw1,5,col5,Midday|Set3|Draw1|col5,C,own,1,1,3,1,5,2,,0,0,False,1,2,3,3
Ohio4,LS1,Midday,Set3,Draw1,5,col5,Midday|Set3|Draw1|col5,C,combined,1,1,3,1,5,0,5592011,7,5,False,1,3,4,4
Ohio4,LS1,Midday,Set3,Draw1,5,col5,Midday|Set3|Draw1|col5,C,combined,1,1,3,1,5,1,2,1,1,True,1,3,4,4
Ohio4,LS1,Midday,Set3,Draw1,5,col5,Midday|Set3|Draw1|col5,C,combined,1,1,3,1,5,2,2,1,1,True,1,3,4,4
Ohio4,LS1,Midday,Set3,Draw1,5,col5,Midday|Set3|Draw1|col5,C,combined,1,1,3,1,5,3,,0,0,False,1,3,4,4
Ohio4,LS1,Midday,Set3,Draw1,5,col5,Midday|Set3|Draw1|col5,D,own,1,1,3,1,5,0,5592011,7,5,False,1,3,4,4
Ohio4,LS1,Midday,Set3,Draw1,5,col5,Midday|Set3|Draw1|col5,D,own,1,1,3,1,5,1,521,3,3,True,1,3,4,4
Ohio4,LS1,Midday,Set3,Draw1,5,col5,Midday|Set3|Draw1|col5,D,own,1,1,3,1,5,2,1,1,1,True,1,3,4,4
Ohio4,LS1,Midday,Set3,Draw1,5,col5,Midday|Set3|Draw1|col5,D,own,1,1,3,1,5,3,,0,0,False,1,3,4,4
Ohio4,LS1,Midday,Set3,Draw1,5,col5,Midday|Set3|Draw1|col5,D,combined,1,1,3,1,5,0,5592011,7,5,False,1,3,4,4
Ohio4,LS1,Midday,Set3,Draw1,5,col5,Midday|Set3|Draw1|col5,D,combined,1,1,3,1,5,1,521,3,3,True,1,3,4,4
Ohio4,LS1,Midday,Set3,Draw1,5,col5,Midday|Set3|Draw1|col5,D,combined,1,1,3,1,5,2,52,2,2,True,1,3,4,4
Ohio4,LS1,Midday,Set3,Draw1,5,col5,Midday|Set3|Draw1|col5,D,combined,1,1,3,1,5,3,,0,0,False,1,3,4,4
Ohio4,LS1,Midday,Set3,Draw1,5,col5,Midday|Set3|Draw1|col5,E,own,1,1,3,1,5,0,5592011,7,5,False,1,4,5,5
Ohio4,LS1,Midday,Set3,Draw1,5,col5,Midday|Set3|Draw1|col5,E,own,1,1,3,1,5,1,5521,4,3,True,1,4,5,5
Ohio4,LS1,Midday,Set3,Draw1,5,col5,Midday|Set3|Draw1|col5,E,own,1,1,3,1,5,2,51,2,2,True,1,4,5,5
Ohio4,LS1,Midday,Set3,Draw1,5,col5,Midday|Set3|Draw1|col5,E,own,1,1,3,1,5,3,5,1,1,True,1,4,5,5
Ohio4,LS1,Midday,Set3,Draw1,5,col5,Midday|Set3|Draw1|col5,E,own,1,1,3,1,5,4,,0,0,False,1,4,5,5
Ohio4,LS1,Midday,Set3,Draw1,5,col5,Midday|Set3|Draw1|col5,E,combined,1,1,3,1,5,0,5592011,7,5,False,1,7,8,6
Ohio4,LS1,Midday,Set3,Draw1,5,col5,Midday|Set3|Draw1|col5,E,combined,1,1,3,1,5,1,5521,4,3,True,1,7,8,6
Ohio4,LS1,Midday,Set3,Draw1,5,col5,Midday|Set3|Draw1|col5,E,combined,1,1,3,1,5,2,552,3,2,True,1,7,8,6
Ohio4,LS1,Midday,Set3,Draw1,5,col5,Midday|Set3|Draw1|col5,E,combined,1,1,3,1,5,3,5,1,1,True,1,7,8,6
Ohio4,LS1,Midday,Set3,Draw1,5,col5,Midday|Set3|Draw1|col5,E,combined,1,1,3,1,5,4,5,1,1,True,1,7,8,6
Ohio4,LS1,Midday,Set3,Draw1,5,col5,Midday|Set3|Draw1|col5,E,combined,1,1,3,1,5,7,,0,0,False,1,7,8,6
Ohio4,LS1,Midday,Set3,Draw1,5,col5,Midday|Set3|Draw1|col5,T,own,1,1,3,1,5,0,5592011,7,5,False,1,3,4,4
Ohio4,LS1,Midday,Set3,Draw1,5,col5,Midday|Set3|Draw1|col5,T,own,1,1,3,1,5,1,211,3,2,True,1,3,4,4
Ohio4,LS1,Midday,Set3,Draw1,5,col5,Midday|Set3|Draw1|col5,T,own,1,1,3,1,5,2,11,2,1,True,1,3,4,4
Ohio4,LS1,Midday,Set3,Draw1,5,col5,Midday|Set3|Draw1|col5,T,own,1,1,3,1,5,3,,0,0,False,1,3,4,4
Ohio4,LS1,Midday,Set3,Draw1,5,col5,Midday|Set3|Draw1|col5,T,combined,1,1,3,1,5,0,5592011,7,5,False,1,5,6,6
Ohio4,LS1,Midday,Set3,Draw1,5,col5,Midday|Set3|Draw1|col5,T,combined,1,1,3,1,5,1,211,3,2,True,1,5,6,6
Ohio4,LS1,Midday,Set3,Draw1,5,col5,Midday|Set3|Draw1|col5,T,combined,1,1,3,1,5,2,211,3,2,True,1,5,6,6
Ohio4,LS1,Midday,Set3,Draw1,5,col5,Midday|Set3|Draw1|col5,T,combined,1,1,3,1,5,3,11,2,1,True,1,5,6,6
Ohio4,LS1,Midday,Set3,Draw1,5,col5,Midday|Set3|Draw1|col5,T,combined,1,1,3,1,5,4,11,2,1,True,1,5,6,6
Ohio4,LS1,Midday,Set3,Draw1,5,col5,Midday|Set3|Draw1|col5,T,combined,1,1,3,1,5,5,,0,0,False,1,5,6,6
Ohio4,LS1,Midday,Set3,Draw1,4,col4,Midday|Set3|Draw1|col4,A,own,1,1,3,1,4,0,559011*,7,5,False,1,4,29,5
Ohio4,LS1,Midday,Set3,Draw1,4,col4,Midday|Set3|Draw1|col4,A,own,1,1,3,1,4,1,5511*,5,3,True,1,4,29,5
Ohio4,LS1,Midday,Set3,Draw1,4,col4,Midday|Set3|Draw1|col4,A,own,1,1,3,1,4,2,5511*,5,3,True,1,4,29,5
Ohio4,LS1,Midday,Set3,Draw1,4,col4,Midday|Set3|Draw1|col4,A,own,1,1,3,1,4,3,55*,3,2,True,1,4,29,5
Ohio4,LS1,Midday,Set3,Draw1,4,col4,Midday|Set3|Draw1|col4,A,own,1,1,3,1,4,4,*,1,1,True,1,4,29,5
Ohio4,LS1,Midday,Set3,Draw1,4,col4,Midday|Set3|Draw1|col4,A,combined,1,1,3,1,4,0,559011*,7,5,False,1,7,57,8
Ohio4,LS1,Midday,Set3,Draw1,4,col4,Midday|Set3|Draw1|col4,A,combined,1,1,3,1,4,1,5511*,5,3,True,1,7,57,8
Ohio4,LS1,Midday,Set3,Draw1,4,col4,Midday|Set3|Draw1|col4,A,combined,1,1,3,1,4,2,5511*,5,3,True,1,7,57,8
Ohio4,LS1,Midday,Set3,Draw1,4,col4,Midday|Set3|Draw1|col4,A,combined,1,1,3,1,4,3,5511*,5,3,True,1,7,57,8
Ohio4,LS1,Midday,Set3,Draw1,4,col4,Midday|Set3|Draw1|col4,A,combined,1,1,3,1,4,4,5511*,5,3,True,1,7,57,8
Ohio4,LS1,Midday,Set3,Draw1,4,col4,Midday|Set3|Draw1|col4,A,combined,1,1,3,1,4,5,55*,3,2,True,1,7,57,8
Ohio4,LS1,Midday,Set3,Draw1,4,col4,Midday|Set3|Draw1|col4,A,combined,1,1,3,1,4,6,55*,3,2,True,1,7,57,8
Ohio4,LS1,Midday,Set3,Draw1,4,col4,Midday|Set3|Draw1|col4,A,combined,1,1,3,1,4,7,*,1,1,True,1,7,57,8
Ohio4,LS1,Midday,Set3,Draw1,4,col4,Midday|Set3|Draw1|col4,B,own,1,1,3,1,4,0,559011*,7,5,False,1,2,29,3
Ohio4,LS1,Midday,Set3,Draw1,4,col4,Midday|Set3|Draw1|col4,B,own,1,1,3,1,4,1,55*,3,2,True,1,2,29,3
Ohio4,LS1,Midday,Set3,Draw1,4,col4,Midday|Set3|Draw1|col4,B,own,1,1,3,1,4,2,*,1,1,True,1,2,29,3
Ohio4,LS1,Midday,Set3,Draw1,4,col4,Midday|Set3|Draw1|col4,B,combined,1,1,3,1,4,0,559011*,7,5,False,1,3,57,4
Ohio4,LS1,Midday,Set3,Draw1,4,col4,Midday|Set3|Draw1|col4,B,combined,1,1,3,1,4,1,55*,3,2,True,1,3,57,4
Ohio4,LS1,Midday,Set3,Draw1,4,col4,Midday|Set3|Draw1|col4,B,combined,1,1,3,1,4,2,55*,3,2,True,1,3,57,4
Ohio4,LS1,Midday,Set3,Draw1,4,col4,Midday|Set3|Draw1|col4,B,combined,1,1,3,1,4,3,*,1,1,True,1,3,57,4
Ohio4,LS1,Midday,Set3,Draw1,4,col4,Midday|Set3|Draw1|col4,C,own,1,1,3,1,4,0,559011*,7,5,False,1,1,29,2
Ohio4,LS1,Midday,Set3,Draw1,4,col4,Midday|Set3|Draw1|col4,C,own,1,1,3,1,4,1,*,1,1,True,1,1,29,2
Ohio4,LS1,Midday,Set3,Draw1,4,col4,Midday|Set3|Draw1|col4,C,combined,1,1,3,1,4,0,559011*,7,5,False,1,1,57,2
Ohio4,LS1,Midday,Set3,Draw1,4,col4,Midday|Set3|Draw1|col4,C,combined,1,1,3,1,4,1,*,1,1,True,1,1,57,2
Ohio4,LS1,Midday,Set3,Draw1,4,col4,Midday|Set3|Draw1|col4,D,own,1,1,3,1,4,0,559011*,7,5,False,1,3,29,4
Ohio4,LS1,Midday,Set3,Draw1,4,col4,Midday|Set3|Draw1|col4,D,own,1,1,3,1,4,1,51*,3,3,True,1,3,29,4
Ohio4,LS1,Midday,Set3,Draw1,4,col4,Midday|Set3|Draw1|col4,D,own,1,1,3,1,4,2,1*,2,2,True,1,3,29,4
Ohio4,LS1,Midday,Set3,Draw1,4,col4,Midday|Set3|Draw1|col4,D,own,1,1,3,1,4,3,*,1,1,True,1,3,29,4
Ohio4,LS1,Midday,Set3,Draw1,4,col4,Midday|Set3|Draw1|col4,D,combined,1,1,3,1,4,0,559011*,7,5,False,1,3,57,4
Ohio4,LS1,Midday,Set3,Draw1,4,col4,Midday|Set3|Draw1|col4,D,combined,1,1,3,1,4,1,51*,3,3,True,1,3,57,4
Ohio4,LS1,Midday,Set3,Draw1,4,col4,Midday|Set3|Draw1|col4,D,combined,1,1,3,1,4,2,5*,2,2,True,1,3,57,4
Ohio4,LS1,Midday,Set3,Draw1,4,col4,Midday|Set3|Draw1|col4,D,combined,1,1,3,1,4,3,*,1,1,True,1,3,57,4
Ohio4,LS1,Midday,Set3,Draw1,4,col4,Midday|Set3|Draw1|col4,E,own,1,1,3,1,4,0,559011*,7,5,False,1,4,29,5
Ohio4,LS1,Midday,Set3,Draw1,4,col4,Midday|Set3|Draw1|col4,E,own,1,1,3,1,4,1,551*,4,3,True,1,4,29,5
Ohio4,LS1,Midday,Set3,Draw1,4,col4,Midday|Set3|Draw1|col4,E,own,1,1,3,1,4,2,51*,3,3,True,1,4,29,5
Ohio4,LS1,Midday,Set3,Draw1,4,col4,Midday|Set3|Draw1|col4,E,own,1,1,3,1,4,3,5*,2,2,True,1,4,29,5
Ohio4,LS1,Midday,Set3,Draw1,4,col4,Midday|Set3|Draw1|col4,E,own,1,1,3,1,4,4,*,1,1,True,1,4,29,5
Ohio4,LS1,Midday,Set3,Draw1,4,col4,Midday|Set3|Draw1|col4,E,combined,1,1,3,1,4,0,559011*,7,5,False,1,7,57,6
Ohio4,LS1,Midday,Set3,Draw1,4,col4,Midday|Set3|Draw1|col4,E,combined,1,1,3,1,4,1,551*,4,3,True,1,7,57,6
Ohio4,LS1,Midday,Set3,Draw1,4,col4,Midday|Set3|Draw1|col4,E,combined,1,1,3,1,4,2,55*,3,2,True,1,7,57,6
Ohio4,LS1,Midday,Set3,Draw1,4,col4,Midday|Set3|Draw1|col4,E,combined,1,1,3,1,4,3,5*,2,2,True,1,7,57,6
Ohio4,LS1,Midday,Set3,Draw1,4,col4,Midday|Set3|Draw1|col4,E,combined,1,1,3,1,4,4,5*,2,2,True,1,7,57,6
Ohio4,LS1,Midday,Set3,Draw1,4,col4,Midday|Set3|Draw1|col4,E,combined,1,1,3,1,4,7,*,1,1,True,1,7,57,6
Ohio4,LS1,Midday,Set3,Draw1,4,col4,Midday|Set3|Draw1|col4,T,own,1,1,3,1,4,0,559011*,7,5,False,1,3,29,4
Ohio4,LS1,Midday,Set3,Draw1,4,col4,Midday|Set3|Draw1|col4,T,own,1,1,3,1,4,1,11*,3,2,True,1,3,29,4
Ohio4,LS1,Midday,Set3,Draw1,4,col4,Midday|Set3|Draw1|col4,T,own,1,1,3,1,4,2,11*,3,2,True,1,3,29,4
Ohio4,LS1,Midday,Set3,Draw1,4,col4,Midday|Set3|Draw1|col4,T,own,1,1,3,1,4,3,*,1,1,True,1,3,29,4
Ohio4,LS1,Midday,Set3,Draw1,4,col4,Midday|Set3|Draw1|col4,T,combined,1,1,3,1,4,0,559011*,7,5,False,1,5,57,4
Ohio4,LS1,Midday,Set3,Draw1,4,col4,Midday|Set3|Draw1|col4,T,combined,1,1,3,1,4,1,11*,3,2,True,1,5,57,4
Ohio4,LS1,Midday,Set3,Draw1,4,col4,Midday|Set3|Draw1|col4,T,combined,1,1,3,1,4,2,11*,3,2,True,1,5,57,4
Ohio4,LS1,Midday,Set3,Draw1,4,col4,Midday|Set3|Draw1|col4,T,combined,1,1,3,1,4,5,*,1,1,True,1,5,57,4
Ohio4,LS1,Midday,Set2,Draw1,7,col7,Midday|Set2|Draw1|col7,A,own,1,1,2,1,7,0,55922401137,11,8,False,3,6,7,7
Ohio4,LS1,Midday,Set2,Draw1,7,col7,Midday|Set2|Draw1|col7,A,own,1,1,2,1,7,1,552241137,9,6,False,3,6,7,7
Ohio4,LS1,Midday,Set2,Draw1,7,col7,Midday|Set2|Draw1|col7,A,own,1,1,2,1,7,2,554113,6,4,False,3,6,7,7
Ohio4,LS1,Midday,Set2,Draw1,7,col7,Midday|Set2|Draw1|col7,A,own,1,1,2,1,7,3,5543,4,3,True,3,6,7,7
Ohio4,LS1,Midday,Set2,Draw1,7,col7,Midday|Set2|Draw1|col7,A,own,1,1,2,1,7,4,3,1,1,True,3,6,7,7
Ohio4,LS1,Midday,Set2,Draw1,7,col7,Midday|Set2|Draw1|col7,A,own,1,1,2,1,7,5,3,1,1,True,3,6,7,7
Ohio4,LS1,Midday,Set2,Draw1,7,col7,Midday|Set2|Draw1|col7,A,own,1,1,2,1,7,6,,0,0,False,3,6,7,7
Ohio4,LS1,Midday,Set2,Draw1,7,col7,Midday|Set2|Draw1|col7,A,combined,1,1,2,1,7,0,55922401137,11,8,False,5,10,11,10
Ohio4,LS1,Midday,Set2,Draw1,7,col7,Midday|Set2|Draw1|col7,A,combined,1,1,2,1,7,1,552241137,9,6,False,5,10,11,10
Ohio4,LS1,Midday,Set2,Draw1,7,col7,Midday|Set2|Draw1|col7,A,combined,1,1,2,1,7,2,552241137,9,6,False,5,10,11,10
Ohio4,LS1,Midday,Set2,Draw1,7,col7,Midday|Set2|Draw1|col7,A,combined,1,1,2,1,7,3,554113,6,4,False,5,10,11,10
Ohio4,LS1,Midday,Set2,Draw1,7,col7,Midday|Set2|Draw1|col7,A,combined,1,1,2,1,7,4,554113,6,4,False,5,10,11,10
Ohio4,LS1,Midday,Set2,Draw1,7,col7,Midday|Set2|Draw1|col7,A,combined,1,1,2,1,7,5,5543,4,3,True,5,10,11,10
Ohio4,LS1,Midday,Set2,Draw1,7,col7,Midday|Set2|Draw1|col7,A,combined,1,1,2,1,7,6,553,3,2,True,5,10,11,10
Ohio4,LS1,Midday,Set2,Draw1,7,col7,Midday|Set2|Draw1|col7,A,combined,1,1,2,1,7,7,3,1,1,True,5,10,11,10
Ohio4,LS1,Midday,Set2,Draw1,7,col7,Midday|Set2|Draw1|col7,A,combined,1,1,2,1,7,8,3,1,1,True,5,10,11,10
Ohio4,LS1,Midday,Set2,Draw1,7,col7,Midday|Set2|Draw1|col7,A,combined,1,1,2,1,7,10,,0,0,False,5,10,11,10
Ohio4,LS1,Midday,Set2,Draw1,7,col7,Midday|Set2|Draw1|col7,B,own,1,1,2,1,7,0,55922401137,11,8,False,2,6,7,7
Ohio4,LS1,Midday,Set2,Draw1,7,col7,Midday|Set2|Draw1|col7,B,own,1,1,2,1,7,1,5522437,7,5,False,2,6,7,7
Ohio4,LS1,Midday,Set2,Draw1,7,col7,Midday|Set2|Draw1|col7,B,own,1,1,2,1,7,2,43,2,2,True,2,6,7,7
Ohio4,LS1,Midday,Set2,Draw1,7,col7,Midday|Set2|Draw1|col7,B,own,1,1,2,1,7,3,43,2,2,True,2,6,7,7
Ohio4,LS1,Midday,Set2,Draw1,7,col7,Midday|Set2|Draw1|col7,B,own,1,1,2,1,7,4,3,1,1,True,2,6,7,7
Ohio4,LS1,Midday,Set2,Draw1,7,col7,Midday|Set2|Draw1|col7,B,own,1,1,2,1,7,5,3,1,1,True,2,6,7,7
Ohio4,LS1,Midday,Set2,Draw1,7,col7,Midday|Set2|Draw1|col7,B,own,1,1,2,1,7,6,,0,0,False,2,6,7,7
Ohio4,LS1,Midday,Set2,Draw1,7,col7,Midday|Set2|Draw1|col7,B,combined,1,1,2,1,7,0,55922401137,11,8,False,3,4,5,5
Ohio4,LS1,Midday,Set2,Draw1,7,col7,Midday|Set2|Draw1|col7,B,combined,1,1,2,1,7,1,5522437,7,5,False,3,4,5,5
Ohio4,LS1,Midday,Set2,Draw1,7,col7,Midday|Set2|Draw1|col7,B,combined,1,1,2,1,7,2,552247,6,4,False,3,4,5,5
Ohio4,LS1,Midday,Set2,Draw1,7,col7,Midday|Set2|Draw1|col7,B,combined,1,1,2,1,7,3,4,1,1,True,3,4,5,5
Ohio4,LS1,Midday,Set2,Draw1,7,col7,Midday|Set2|Draw1|col7,B,combined,1,1,2,1,7,4,,0,0,False,3,4,5,5
Ohio4,LS1,Midday,Set2,Draw1,7,col7,Midday|Set2|Draw1|col7,C,own,1,1,2,1,7,0,55922401137,11,8,False,1,6,7,5
Ohio4,LS1,Midday,Set2,Draw1,7,col7,Midday|Set2|Draw1|col7,C,own,1,1,2,1,7,1,2237,4,3,True,1,6,7,5
Ohio4,LS1,Midday,Set2,Draw1,7,col7,Midday|Set2|Draw1|col7,C,own,1,1,2,1,7,2,3,1,1,True,1,6,7,5
Ohio4,LS1,Midday,Set2,Draw1,7,col7,Midday|Set2|Draw1|col7,C,own,1,1,2,1,7,3,3,1,1,True,1,6,7,5
Ohio4,LS1,Midday,Set2,Draw1,7,col7,Midday|Set2|Draw1|col7,C,own,1,1,2,1,7,6,,0,0,False,1,6,7,5
Ohio4,LS1,Midday,Set2,Draw1,7,col7,Midday|Set2|Draw1|col7,C,combined,1,1,2,1,7,0,55922401137,11,8,False,1,3,4,4
Ohio4,LS1,Midday,Set2,Draw1,7,col7,Midday|Set2|Draw1|col7,C,combined,1,1,2,1,7,1,2237,4,3,True,1,3,4,4
Ohio4,LS1,Midday,Set2,Draw1,7,col7,Midday|Set2|Draw1|col7,C,combined,1,1,2,1,7,2,227,3,2,True,1,3,4,4
Ohio4,LS1,Midday,Set2,Draw1,7,col7,Midday|Set2|Draw1|col7,C,combined,1,1,2,1,7,3,,0,0,False,1,3,4,4
Ohio4,LS1,Midday,Set2,Draw1,7,col7,Midday|Set2|Draw1|col7,D,own,1,1,2,1,7,0,55922401137,11,8,False,2,6,7,6
Ohio4,LS1,Midday,Set2,Draw1,7,col7,Midday|Set2|Draw1|col7,D,own,1,1,2,1,7,1,522137,6,5,False,2,6,7,6
Ohio4,LS1,Midday,Set2,Draw1,7,col7,Midday|Set2|Draw1|col7,D,own,1,1,2,1,7,2,13,2,2,True,2,6,7,6
Ohio4,LS1,Midday,Set2,Draw1,7,col7,Midday|Set2|Draw1|col7,D,own,1,1,2,1,7,3,3,1,1,True,2,6,7,6
Ohio4,LS1,Midday,Set2,Draw1,7,col7,Midday|Set2|Draw1|col7,D,own,1,1,2,1,7,4,3,1,1,True,2,6,7,6
Ohio4,LS1,Midday,Set2,Draw1,7,col7,Midday|Set2|Draw1|col7,D,own,1,1,2,1,7,6,,0,0,False,2,6,7,6
Ohio4,LS1,Midday,Set2,Draw1,7,col7,Midday|Set2|Draw1|col7,D,combined,1,1,2,1,7,0,55922401137,11,8,False,2,3,4,4
Ohio4,LS1,Midday,Set2,Draw1,7,col7,Midday|Set2|Draw1|col7,D,combined,1,1,2,1,7,1,522137,6,5,False,2,3,4,4
Ohio4,LS1,Midday,Set2,Draw1,7,col7,Midday|Set2|Draw1|col7,D,combined,1,1,2,1,7,2,5227,4,3,True,2,3,4,4
Ohio4,LS1,Midday,Set2,Draw1,7,col7,Midday|Set2|Draw1|col7,D,combined,1,1,2,1,7,3,,0,0,False,2,3,4,4
Ohio4,LS1,Midday,Set2,Draw1,7,col7,Midday|Set2|Draw1|col7,E,own,1,1,2,1,7,0,55922401137,11,8,False,3,6,7,7
Ohio4,LS1,Midday,Set2,Draw1,7,col7,Midday|Set2|Draw1|col7,E,own,1,1,2,1,7,1,55224137,8,6,False,3,6,7,7
Ohio4,LS1,Midday,Set2,Draw1,7,col7,Midday|Set2|Draw1|col7,E,own,1,1,2,1,7,2,52413,5,5,False,3,6,7,7
Ohio4,LS1,Midday,Set2,Draw1,7,col7,Midday|Set2|Draw1|col7,E,own,1,1,2,1,7,3,543,3,3,True,3,6,7,7
Ohio4,LS1,Midday,Set2,Draw1,7,col7,Midday|Set2|Draw1|col7,E,own,1,1,2,1,7,4,3,1,1,True,3,6,7,7
Ohio4,LS1,Midday,Set2,Draw1,7,col7,Midday|Set2|Draw1|col7,E,own,1,1,2,1,7,5,3,1,1,True,3,6,7,7
Ohio4,LS1,Midday,Set2,Draw1,7,col7,Midday|Set2|Draw1|col7,E,own,1,1,2,1,7,6,,0,0,False,3,6,7,7
Ohio4,LS1,Midday,Set2,Draw1,7,col7,Midday|Set2|Draw1|col7,E,combined,1,1,2,1,7,0,55922401137,11,8,False,3,7,8,8
Ohio4,LS1,Midday,Set2,Draw1,7,col7,Midday|Set2|Draw1|col7,E,combined,1,1,2,1,7,1,55224137,8,6,False,3,7,8,8
Ohio4,LS1,Midday,Set2,Draw1,7,col7,Midday|Set2|Draw1|col7,E,combined,1,1,2,1,7,2,552247,6,4,False,3,7,8,8
Ohio4,LS1,Midday,Set2,Draw1,7,col7,Midday|Set2|Draw1|col7,E,combined,1,1,2,1,7,3,524,3,3,True,3,7,8,8
Ohio4,LS1,Midday,Set2,Draw1,7,col7,Midday|Set2|Draw1|col7,E,combined,1,1,2,1,7,4,52,2,2,True,3,7,8,8
Ohio4,LS1,Midday,Set2,Draw1,7,col7,Midday|Set2|Draw1|col7,E,combined,1,1,2,1,7,5,5,1,1,True,3,7,8,8
Ohio4,LS1,Midday,Set2,Draw1,7,col7,Midday|Set2|Draw1|col7,E,combined,1,1,2,1,7,6,5,1,1,True,3,7,8,8
Ohio4,LS1,Midday,Set2,Draw1,7,col7,Midday|Set2|Draw1|col7,E,combined,1,1,2,1,7,7,,0,0,False,3,7,8,8
Ohio4,LS1,Midday,Set2,Draw1,7,col7,Midday|Set2|Draw1|col7,T,own,1,1,2,1,7,0,55922401137,11,8,False,1,6,7,5
Ohio4,LS1,Midday,Set2,Draw1,7,col7,Midday|Set2|Draw1|col7,T,own,1,1,2,1,7,1,2237,4,3,True,1,6,7,5
Ohio4,LS1,Midday,Set2,Draw1,7,col7,Midday|Set2|Draw1|col7,T,own,1,1,2,1,7,2,3,1,1,True,1,6,7,5
Ohio4,LS1,Midday,Set2,Draw1,7,col7,Midday|Set2|Draw1|col7,T,own,1,1,2,1,7,3,3,1,1,True,1,6,7,5
Ohio4,LS1,Midday,Set2,Draw1,7,col7,Midday|Set2|Draw1|col7,T,own,1,1,2,1,7,6,,0,0,False,1,6,7,5
Ohio4,LS1,Midday,Set2,Draw1,7,col7,Midday|Set2|Draw1|col7,T,combined,1,1,2,1,7,0,55922401137,11,8,False,1,3,4,4
Ohio4,LS1,Midday,Set2,Draw1,7,col7,Midday|Set2|Draw1|col7,T,combined,1,1,2,1,7,1,2237,4,3,True,1,3,4,4
Ohio4,LS1,Midday,Set2,Draw1,7,col7,Midday|Set2|Draw1|col7,T,combined,1,1,2,1,7,2,227,3,2,True,1,3,4,4
Ohio4,LS1,Midday,Set2,Draw1,7,col7,Midday|Set2|Draw1|col7,T,combined,1,1,2,1,7,3,,0,0,False,1,3,4,4
Ohio4,LS1,Midday,Set2,Draw1,6,col6,Midday|Set2|Draw1|col6,A,own,1,1,2,1,6,0,559220113,9,6,False,2,6,7,7
Ohio4,LS1,Midday,Set2,Draw1,6,col6,Midday|Set2|Draw1|col6,A,own,1,1,2,1,6,1,5522113,7,4,False,2,6,7,7
Ohio4,LS1,Midday,Set2,Draw1,6,col6,Midday|Set2|Draw1|col6,A,own,1,1,2,1,6,2,55113,5,3,True,2,6,7,7
Ohio4,LS1,Midday,Set2,Draw1,6,col6,Midday|Set2|Draw1|col6,A,own,1,1,2,1,6,3,553,3,2,True,2,6,7,7
Ohio4,LS1,Midday,Set2,Draw1,6,col6,Midday|Set2|Draw1|col6,A,own,1,1,2,1,6,4,3,1,1,True,2,6,7,7
Ohio4,LS1,Midday,Set2,Draw1,6,col6,Midday|Set2|Draw1|col6,A,own,1,1,2,1,6,5,3,1,1,True,2,6,7,7
Ohio4,LS1,Midday,Set2,Draw1,6,col6,Midday|Set2|Draw1|col6,A,own,1,1,2,1,6,6,,0,0,False,2,6,7,7
Ohio4,LS1,Midday,Set2,Draw1,6,col6,Midday|Set2|Draw1|col6,A,combined,1,1,2,1,6,0,559220113,9,6,False,3,10,11,10
Ohio4,LS1,Midday,Set2,Draw1,6,col6,Midday|Set2|Draw1|col6,A,combined,1,1,2,1,6,1,5522113,7,4,False,3,10,11,10
Ohio4,LS1,Midday,Set2,Draw1,6,col6,Midday|Set2|Draw1|col6,A,combined,1,1,2,1,6,2,5522113,7,4,False,3,10,11,10
Ohio4,LS1,Midday,Set2,Draw1,6,col6,Midday|Set2|Draw1|col6,A,combined,1,1,2,1,6,3,55113,5,3,True,3,10,11,10
Ohio4,LS1,Midday,Set2,Draw1,6,col6,Midday|Set2|Draw1|col6,A,combined,1,1,2,1,6,4,55113,5,3,True,3,10,11,10
Ohio4,LS1,Midday,Set2,Draw1,6,col6,Midday|Set2|Draw1|col6,A,combined,1,1,2,1,6,5,553,3,2,True,3,10,11,10
Ohio4,LS1,Midday,Set2,Draw1,6,col6,Midday|Set2|Draw1|col6,A,combined,1,1,2,1,6,6,553,3,2,True,3,10,11,10
Ohio4,LS1,Midday,Set2,Draw1,6,col6,Midday|Set2|Draw1|col6,A,combined,1,1,2,1,6,7,3,1,1,True,3,10,11,10
Ohio4,LS1,Midday,Set2,Draw1,6,col6,Midday|Set2|Draw1|col6,A,combined,1,1,2,1,6,8,3,1,1,True,3,10,11,10
Ohio4,LS1,Midday,Set2,Draw1,6,col6,Midday|Set2|Draw1|col6,A,combined,1,1,2,1,6,10,,0,0,False,3,10,11,10
Ohio4,LS1,Midday,Set2,Draw1,6,col6,Midday|Set2|Draw1|col6,B,own,1,1,2,1,6,0,559220113,9,6,False,1,6,7,5
Ohio4,LS1,Midday,Set2,Draw1,6,col6,Midday|Set2|Draw1|col6,B,own,1,1,2,1,6,1,55223,5,3,True,1,6,7,5
Ohio4,LS1,Midday,Set2,Draw1,6,col6,Midday|Set2|Draw1|col6,B,own,1,1,2,1,6,2,3,1,1,True,1,6,7,5
Ohio4,LS1,Midday,Set2,Draw1,6,col6,Midday|Set2|Draw1|col6,B,own,1,1,2,1,6,3,3,1,1,True,1,6,7,5
Ohio4,LS1,Midday,Set2,Draw1,6,col6,Midday|Set2|Draw1|col6,B,own,1,1,2,1,6,6,,0,0,False,1,6,7,5
Ohio4,LS1,Midday,Set2,Draw1,6,col6,Midday|Set2|Draw1|col6,B,combined,1,1,2,1,6,0,559220113,9,6,False,1,3,4,4
Ohio4,LS1,Midday,Set2,Draw1,6,col6,Midday|Set2|Draw1|col6,B,combined,1,1,2,1,6,1,55223,5,3,True,1,3,4,4
Ohio4,LS1,Midday,Set2,Draw1,6,col6,Midday|Set2|Draw1|col6,B,combined,1,1,2,1,6,2,5522,4,2,True,1,3,4,4
Ohio4,LS1,Midday,Set2,Draw1,6,col6,Midday|Set2|Draw1|col6,B,combined,1,1,2,1,6,3,,0,0,False,1,3,4,4
Ohio4,LS1,Midday,Set2,Draw1,6,col6,Midday|Set2|Draw1|col6,C,own,1,1,2,1,6,0,559220113,9,6,False,1,6,7,5
Ohio4,LS1,Midday,Set2,Draw1,6,col6,Midday|Set2|Draw1|col6,C,own,1,1,2,1,6,1,223,3,2,True,1,6,7,5
Ohio4,LS1,Midday,Set2,Draw1,6,col6,Midday|Set2|Draw1|col6,C,own,1,1,2,1,6,2,3,1,1,True,1,6,7,5
Ohio4,LS1,Midday,Set2,Draw1,6,col6,Midday|Set2|Draw1|col6,C,own,1,1,2,1,6,3,3,1,1,True,1,6,7,5
Ohio4,LS1,Midday,Set2,Draw1,6,col6,Midday|Set2|Draw1|col6,C,own,1,1,2,1,6,6,,0,0,False,1,6,7,5
Ohio4,LS1,Midday,Set2,Draw1,6,col6,Midday|Set2|Draw1|col6,C,combined,1,1,2,1,6,0,559220113,9,6,False,1,3,4,4
Ohio4,LS1,Midday,Set2,Draw1,6,col6,Midday|Set2|Draw1|col6,C,combined,1,1,2,1,6,1,223,3,2,True,1,3,4,4
Ohio4,LS1,Midday,Set2,Draw1,6,col6,Midday|Set2|Draw1|col6,C,combined,1,1,2,1,6,2,22,2,1,True,1,3,4,4
Ohio4,LS1,Midday,Set2,Draw1,6,col6,Midday|Set2|Draw1|col6,C,combined,1,1,2,1,6,3,,0,0,False,1,3,4,4
Ohio4,LS1,Midday,Set2,Draw1,6,col6,Midday|Set2|Draw1|col6,D,own,1,1,2,1,6,0,559220113,9,6,False,2,6,7,6
Ohio4,LS1,Midday,Set2,Draw1,6,col6,Midday|Set2|Draw1|col6,D,own,1,1,2,1,6,1,52213,5,4,False,2,6,7,6
Ohio4,LS1,Midday,Set2,Draw1,6,col6,Midday|Set2|Draw1|col6,D,own,1,1,2,1,6,2,13,2,2,True,2,6,7,6
Ohio4,LS1,Midday,Set2,Draw1,6,col6,Midday|Set2|Draw1|col6,D,own,1,1,2,1,6,3,3,1,1,True,2,6,7,6
Ohio4,LS1,Midday,Set2,Draw1,6,col6,Midday|Set2|Draw1|col6,D,own,1,1,2,1,6,4,3,1,1,True,2,6,7,6
Ohio4,LS1,Midday,Set2,Draw1,6,col6,Midday|Set2|Draw1|col6,D,own,1,1,2,1,6,6,,0,0,False,2,6,7,6
Ohio4,LS1,Midday,Set2,Draw1,6,col6,Midday|Set2|Draw1|col6,D,combined,1,1,2,1,6,0,559220113,9,6,False,2,3,4,4
Ohio4,LS1,Midday,Set2,Draw1,6,col6,Midday|Set2|Draw1|col6,D,combined,1,1,2,1,6,1,52213,5,4,False,2,3,4,4
Ohio4,LS1,Midday,Set2,Draw1,6,col6,Midday|Set2|Draw1|col6,D,combined,1,1,2,1,6,2,522,3,2,True,2,3,4,4
Ohio4,LS1,Midday,Set2,Draw1,6,col6,Midday|Set2|Draw1|col6,D,combined,1,1,2,1,6,3,,0,0,False,2,3,4,4
Ohio4,LS1,Midday,Set2,Draw1,6,col6,Midday|Set2|Draw1|col6,E,own,1,1,2,1,6,0,559220113,9,6,False,2,6,7,7
Ohio4,LS1,Midday,Set2,Draw1,6,col6,Midday|Set2|Draw1|col6,E,own,1,1,2,1,6,1,552213,6,4,False,2,6,7,7
Ohio4,LS1,Midday,Set2,Draw1,6,col6,Midday|Set2|Draw1|col6,E,own,1,1,2,1,6,2,513,3,3,True,2,6,7,7
Ohio4,LS1,Midday,Set2,Draw1,6,col6,Midday|Set2|Draw1|col6,E,own,1,1,2,1,6,3,53,2,2,True,2,6,7,7
Ohio4,LS1,Midday,Set2,Draw1,6,col6,Midday|Set2|Draw1|col6,E,own,1,1,2,1,6,4,3,1,1,True,2,6,7,7
Ohio4,LS1,Midday,Set2,Draw1,6,col6,Midday|Set2|Draw1|col6,E,own,1,1,2,1,6,5,3,1,1,True,2,6,7,7
Ohio4,LS1,Midday,Set2,Draw1,6,col6,Midday|Set2|Draw1|col6,E,own,1,1,2,1,6,6,,0,0,False,2,6,7,7
Ohio4,LS1,Midday,Set2,Draw1,6,col6,Midday|Set2|Draw1|col6,E,combined,1,1,2,1,6,0,559220113,9,6,False,2,7,8,6
Ohio4,LS1,Midday,Set2,Draw1,6,col6,Midday|Set2|Draw1|col6,E,combined,1,1,2,1,6,1,552213,6,4,False,2,7,8,6
Ohio4,LS1,Midday,Set2,Draw1,6,col6,Midday|Set2|Draw1|col6,E,combined,1,1,2,1,6,2,5522,4,2,True,2,7,8,6
Ohio4,LS1,Midday,Set2,Draw1,6,col6,Midday|Set2|Draw1|col6,E,combined,1,1,2,1,6,3,5,1,1,True,2,7,8,6
Ohio4,LS1,Midday,Set2,Draw1,6,col6,Midday|Set2|Draw1|col6,E,combined,1,1,2,1,6,4,5,1,1,True,2,7,8,6
Ohio4,LS1,Midday,Set2,Draw1,6,col6,Midday|Set2|Draw1|col6,E,combined,1,1,2,1,6,7,,0,0,False,2,7,8,6
Ohio4,LS1,Midday,Set2,Draw1,6,col6,Midday|Set2|Draw1|col6,T,own,1,1,2,1,6,0,559220113,9,6,False,1,6,7,5
Ohio4,LS1,Midday,Set2,Draw1,6,col6,Midday|Set2|Draw1|col6,T,own,1,1,2,1,6,1,223,3,2,True,1,6,7,5
Ohio4,LS1,Midday,Set2,Draw1,6,col6,Midday|Set2|Draw1|col6,T,own,1,1,2,1,6,2,3,1,1,True,1,6,7,5
Ohio4,LS1,Midday,Set2,Draw1,6,col6,Midday|Set2|Draw1|col6,T,own,1,1,2,1,6,3,3,1,1,True,1,6,7,5
Ohio4,LS1,Midday,Set2,Draw1,6,col6,Midday|Set2|Draw1|col6,T,own,1,1,2,1,6,6,,0,0,False,1,6,7,5
Ohio4,LS1,Midday,Set2,Draw1,6,col6,Midday|Set2|Draw1|col6,T,combined,1,1,2,1,6,0,559220113,9,6,False,1,10,11,6
Ohio4,LS1,Midday,Set2,Draw1,6,col6,Midday|Set2|Draw1|col6,T,combined,1,1,2,1,6,1,223,3,2,True,1,10,11,6
Ohio4,LS1,Midday,Set2,Draw1,6,col6,Midday|Set2|Draw1|col6,T,combined,1,1,2,1,6,2,223,3,2,True,1,10,11,6
Ohio4,LS1,Midday,Set2,Draw1,6,col6,Midday|Set2|Draw1|col6,T,combined,1,1,2,1,6,3,3,1,1,True,1,10,11,6
Ohio4,LS1,Midday,Set2,Draw1,6,col6,Midday|Set2|Draw1|col6,T,combined,1,1,2,1,6,4,3,1,1,True,1,10,11,6
Ohio4,LS1,Midday,Set2,Draw1,6,col6,Midday|Set2|Draw1|col6,T,combined,1,1,2,1,6,10,,0,0,False,1,10,11,6
Ohio4,LS1,Midday,Set2,Draw1,5,col5,Midday|Set2|Draw1|col5,A,own,1,1,2,1,5,0,5592011,7,5,False,1,4,5,5
Ohio4,LS1,Midday,Set2,Draw1,5,col5,Midday|Set2|Draw1|col5,A,own,1,1,2,1,5,1,55211,5,3,True,1,4,5,5
Ohio4,LS1,Midday,Set2,Draw1,5,col5,Midday|Set2|Draw1|col5,A,own,1,1,2,1,5,2,5511,4,2,True,1,4,5,5
Ohio4,LS1,Midday,Set2,Draw1,5,col5,Midday|Set2|Draw1|col5,A,own,1,1,2,1,5,3,55,2,1,True,1,4,5,5
Ohio4,LS1,Midday,Set2,Draw1,5,col5,Midday|Set2|Draw1|col5,A,own,1,1,2,1,5,4,,0,0,False,1,4,5,5
Ohio4,LS1,Midday,Set2,Draw1,5,col5,Midday|Set2|Draw1|col5,A,combined,1,1,2,1,5,0,5592011,7,5,False,1,7,8,8
Ohio4,LS1,Midday,Set2,Draw1,5,col5,Midday|Set2|Draw1|col5,A,combined,1,1,2,1,5,1,55211,5,3,True,1,7,8,8
Ohio4,LS1,Midday,Set2,Draw1,5,col5,Midday|Set2|Draw1|col5,A,combined,1,1,2,1,5,2,55211,5,3,True,1,7,8,8
Ohio4,LS1,Midday,Set2,Draw1,5,col5,Midday|Set2|Draw1|col5,A,combined,1,1,2,1,5,3,5511,4,2,True,1,7,8,8
Ohio4,LS1,Midday,Set2,Draw1,5,col5,Midday|Set2|Draw1|col5,A,combined,1,1,2,1,5,4,5511,4,2,True,1,7,8,8
Ohio4,LS1,Midday,Set2,Draw1,5,col5,Midday|Set2|Draw1|col5,A,combined,1,1,2,1,5,5,55,2,1,True,1,7,8,8
Ohio4,LS1,Midday,Set2,Draw1,5,col5,Midday|Set2|Draw1|col5,A,combined,1,1,2,1,5,6,55,2,1,True,1,7,8,8
Ohio4,LS1,Midday,Set2,Draw1,5,col5,Midday|Set2|Draw1|col5,A,combined,1,1,2,1,5,7,,0,0,False,1,7,8,8
Ohio4,LS1,Midday,Set2,Draw1,5,col5,Midday|Set2|Draw1|col5,B,own,1,1,2,1,5,0,5592011,7,5,False,1,2,3,3
Ohio4,LS1,Midday,Set2,Draw1,5,col5,Midday|Set2|Draw1|col5,B,own,1,1,2,1,5,1,552,3,2,True,1,2,3,3
Ohio4,LS1,Midday,Set2,Draw1,5,col5,Midday|Set2|Draw1|col5,B,own,1,1,2,1,5,2,,0,0,False,1,2,3,3
Ohio4,LS1,Midday,Set2,Draw1,5,col5,Midday|Set2|Draw1|col5,B,combined,1,1,2,1,5,0,5592011,7,5,False,1,3,4,4
Ohio4,LS1,Midday,Set2,Draw1,5,col5,Midday|Set2|Draw1|col5,B,combined,1,1,2,1,5,1,552,3,2,True,1,3,4,4
Ohio4,LS1,Midday,Set2,Draw1,5,col5,Midday|Set2|Draw1|col5,B,combined,1,1,2,1,5,2,552,3,2,True,1,3,4,4
Ohio4,LS1,Midday,Set2,Draw1,5,col5,Midday|Set2|Draw1|col5,B,combined,1,1,2,1,5,3,,0,0,False,1,3,4,4
Ohio4,LS1,Midday,Set2,Draw1,5,col5,Midday|Set2|Draw1|col5,C,own,1,1,2,1,5,0,5592011,7,5,False,1,2,3,3
Ohio4,LS1,Midday,Set2,Draw1,5,col5,Midday|Set2|Draw1|col5,C,own,1,1,2,1,5,1,2,1,1,True,1,2,3,3
Ohio4,LS1,Midday,Set2,Draw1,5,col5,Midday|Set2|Draw1|col5,C,own,1,1,2,1,5,2,,0,0,False,1,2,3,3
Ohio4,LS1,Midday,Set2,Draw1,5,col5,Midday|Set2|Draw1|col5,C,combined,1,1,2,1,5,0,5592011,7,5,False,1,3,4,4
Ohio4,LS1,Midday,Set2,Draw1,5,col5,Midday|Set2|Draw1|col5,C,combined,1,1,2,1,5,1,2,1,1,True,1,3,4,4
Ohio4,LS1,Midday,Set2,Draw1,5,col5,Midday|Set2|Draw1|col5,C,combined,1,1,2,1,5,2,2,1,1,True,1,3,4,4
Ohio4,LS1,Midday,Set2,Draw1,5,col5,Midday|Set2|Draw1|col5,C,combined,1,1,2,1,5,3,,0,0,False,1,3,4,4
Ohio4,LS1,Midday,Set2,Draw1,5,col5,Midday|Set2|Draw1|col5,D,own,1,1,2,1,5,0,5592011,7,5,False,1,3,4,4
Ohio4,LS1,Midday,Set2,Draw1,5,col5,Midday|Set2|Draw1|col5,D,own,1,1,2,1,5,1,521,3,3,True,1,3,4,4
Ohio4,LS1,Midday,Set2,Draw1,5,col5,Midday|Set2|Draw1|col5,D,own,1,1,2,1,5,2,1,1,1,True,1,3,4,4
Ohio4,LS1,Midday,Set2,Draw1,5,col5,Midday|Set2|Draw1|col5,D,own,1,1,2,1,5,3,,0,0,False,1,3,4,4
Ohio4,LS1,Midday,Set2,Draw1,5,col5,Midday|Set2|Draw1|col5,D,combined,1,1,2,1,5,0,5592011,7,5,False,1,3,4,4
Ohio4,LS1,Midday,Set2,Draw1,5,col5,Midday|Set2|Draw1|col5,D,combined,1,1,2,1,5,1,521,3,3,True,1,3,4,4
Ohio4,LS1,Midday,Set2,Draw1,5,col5,Midday|Set2|Draw1|col5,D,combined,1,1,2,1,5,2,52,2,2,True,1,3,4,4
Ohio4,LS1,Midday,Set2,Draw1,5,col5,Midday|Set2|Draw1|col5,D,combined,1,1,2,1,5,3,,0,0,False,1,3,4,4
Ohio4,LS1,Midday,Set2,Draw1,5,col5,Midday|Set2|Draw1|col5,E,own,1,1,2,1,5,0,5592011,7,5,False,1,4,5,5
Ohio4,LS1,Midday,Set2,Draw1,5,col5,Midday|Set2|Draw1|col5,E,own,1,1,2,1,5,1,5521,4,3,True,1,4,5,5
Ohio4,LS1,Midday,Set2,Draw1,5,col5,Midday|Set2|Draw1|col5,E,own,1,1,2,1,5,2,51,2,2,True,1,4,5,5
Ohio4,LS1,Midday,Set2,Draw1,5,col5,Midday|Set2|Draw1|col5,E,own,1,1,2,1,5,3,5,1,1,True,1,4,5,5
Ohio4,LS1,Midday,Set2,Draw1,5,col5,Midday|Set2|Draw1|col5,E,own,1,1,2,1,5,4,,0,0,False,1,4,5,5
Ohio4,LS1,Midday,Set2,Draw1,5,col5,Midday|Set2|Draw1|col5,E,combined,1,1,2,1,5,0,5592011,7,5,False,1,7,8,6
Ohio4,LS1,Midday,Set2,Draw1,5,col5,Midday|Set2|Draw1|col5,E,combined,1,1,2,1,5,1,5521,4,3,True,1,7,8,6
Ohio4,LS1,Midday,Set2,Draw1,5,col5,Midday|Set2|Draw1|col5,E,combined,1,1,2,1,5,2,552,3,2,True,1,7,8,6
Ohio4,LS1,Midday,Set2,Draw1,5,col5,Midday|Set2|Draw1|col5,E,combined,1,1,2,1,5,3,5,1,1,True,1,7,8,6
Ohio4,LS1,Midday,Set2,Draw1,5,col5,Midday|Set2|Draw1|col5,E,combined,1,1,2,1,5,4,5,1,1,True,1,7,8,6
Ohio4,LS1,Midday,Set2,Draw1,5,col5,Midday|Set2|Draw1|col5,E,combined,1,1,2,1,5,7,,0,0,False,1,7,8,6
Ohio4,LS1,Midday,Set2,Draw1,5,col5,Midday|Set2|Draw1|col5,T,own,1,1,2,1,5,0,5592011,7,5,False,1,3,4,4
Ohio4,LS1,Midday,Set2,Draw1,5,col5,Midday|Set2|Draw1|col5,T,own,1,1,2,1,5,1,211,3,2,True,1,3,4,4
Ohio4,LS1,Midday,Set2,Draw1,5,col5,Midday|Set2|Draw1|col5,T,own,1,1,2,1,5,2,11,2,1,True,1,3,4,4
Ohio4,LS1,Midday,Set2,Draw1,5,col5,Midday|Set2|Draw1|col5,T,own,1,1,2,1,5,3,,0,0,False,1,3,4,4
Ohio4,LS1,Midday,Set2,Draw1,5,col5,Midday|Set2|Draw1|col5,T,combined,1,1,2,1,5,0,5592011,7,5,False,1,5,6,6
Ohio4,LS1,Midday,Set2,Draw1,5,col5,Midday|Set2|Draw1|col5,T,combined,1,1,2,1,5,1,211,3,2,True,1,5,6,6
Ohio4,LS1,Midday,Set2,Draw1,5,col5,Midday|Set2|Draw1|col5,T,combined,1,1,2,1,5,2,211,3,2,True,1,5,6,6
Ohio4,LS1,Midday,Set2,Draw1,5,col5,Midday|Set2|Draw1|col5,T,combined,1,1,2,1,5,3,11,2,1,True,1,5,6,6
Ohio4,LS1,Midday,Set2,Draw1,5,col5,Midday|Set2|Draw1|col5,T,combined,1,1,2,1,5,4,11,2,1,True,1,5,6,6
Ohio4,LS1,Midday,Set2,Draw1,5,col5,Midday|Set2|Draw1|col5,T,combined,1,1,2,1,5,5,,0,0,False,1,5,6,6
Ohio4,LS1,Midday,Set2,Draw1,4,col4,Midday|Set2|Draw1|col4,A,own,1,1,2,1,4,0,9011*,5,4,False,1,3,29,4
Ohio4,LS1,Midday,Set2,Draw1,4,col4,Midday|Set2|Draw1|col4,A,own,1,1,2,1,4,1,11*,3,2,True,1,3,29,4
Ohio4,LS1,Midday,Set2,Draw1,4,col4,Midday|Set2|Draw1|col4,A,own,1,1,2,1,4,2,11*,3,2,True,1,3,29,4
Ohio4,LS1,Midday,Set2,Draw1,4,col4,Midday|Set2|Draw1|col4,A,own,1,1,2,1,4,3,*,1,1,True,1,3,29,4
Ohio4,LS1,Midday,Set2,Draw1,4,col4,Midday|Set2|Draw1|col4,A,combined,1,1,2,1,4,0,9011*,5,4,False,1,5,57,4
Ohio4,LS1,Midday,Set2,Draw1,4,col4,Midday|Set2|Draw1|col4,A,combined,1,1,2,1,4,1,11*,3,2,True,1,5,57,4
Ohio4,LS1,Midday,Set2,Draw1,4,col4,Midday|Set2|Draw1|col4,A,combined,1,1,2,1,4,2,11*,3,2,True,1,5,57,4
Ohio4,LS1,Midday,Set2,Draw1,4,col4,Midday|Set2|Draw1|col4,A,combined,1,1,2,1,4,5,*,1,1,True,1,5,57,4
Ohio4,LS1,Midday,Set2,Draw1,4,col4,Midday|Set2|Draw1|col4,B,own,1,1,2,1,4,0,9011*,5,4,False,1,1,29,2
Ohio4,LS1,Midday,Set2,Draw1,4,col4,Midday|Set2|Draw1|col4,B,own,1,1,2,1,4,1,*,1,1,True,1,1,29,2
Ohio4,LS1,Midday,Set2,Draw1,4,col4,Midday|Set2|Draw1|col4,B,combined,1,1,2,1,4,0,9011*,5,4,False,1,1,57,2
Ohio4,LS1,Midday,Set2,Draw1,4,col4,Midday|Set2|Draw1|col4,B,combined,1,1,2,1,4,1,*,1,1,True,1,1,57,2
Ohio4,LS1,Midday,Set2,Draw1,4,col4,Midday|Set2|Draw1|col4,C,own,1,1,2,1,4,0,9011*,5,4,False,1,1,29,2
Ohio4,LS1,Midday,Set2,Draw1,4,col4,Midday|Set2|Draw1|col4,C,own,1,1,2,1,4,1,*,1,1,True,1,1,29,2
Ohio4,LS1,Midday,Set2,Draw1,4,col4,Midday|Set2|Draw1|col4,C,combined,1,1,2,1,4,0,9011*,5,4,False,1,1,57,2
Ohio4,LS1,Midday,Set2,Draw1,4,col4,Midday|Set2|Draw1|col4,C,combined,1,1,2,1,4,1,*,1,1,True,1,1,57,2
Ohio4,LS1,Midday,Set2,Draw1,4,col4,Midday|Set2|Draw1|col4,D,own,1,1,2,1,4,0,9011*,5,4,False,1,3,29,4
Ohio4,LS1,Midday,Set2,Draw1,4,col4,Midday|Set2|Draw1|col4,D,own,1,1,2,1,4,1,1*,2,2,True,1,3,29,4
Ohio4,LS1,Midday,Set2,Draw1,4,col4,Midday|Set2|Draw1|col4,D,own,1,1,2,1,4,2,1*,2,2,True,1,3,29,4
Ohio4,LS1,Midday,Set2,Draw1,4,col4,Midday|Set2|Draw1|col4,D,own,1,1,2,1,4,3,*,1,1,True,1,3,29,4
Ohio4,LS1,Midday,Set2,Draw1,4,col4,Midday|Set2|Draw1|col4,D,combined,1,1,2,1,4,0,9011*,5,4,False,1,2,57,3
Ohio4,LS1,Midday,Set2,Draw1,4,col4,Midday|Set2|Draw1|col4,D,combined,1,1,2,1,4,1,1*,2,2,True,1,2,57,3
Ohio4,LS1,Midday,Set2,Draw1,4,col4,Midday|Set2|Draw1|col4,D,combined,1,1,2,1,4,2,*,1,1,True,1,2,57,3
Ohio4,LS1,Midday,Set2,Draw1,4,col4,Midday|Set2|Draw1|col4,E,own,1,1,2,1,4,0,9011*,5,4,False,1,3,29,4
Ohio4,LS1,Midday,Set2,Draw1,4,col4,Midday|Set2|Draw1|col4,E,own,1,1,2,1,4,1,1*,2,2,True,1,3,29,4
Ohio4,LS1,Midday,Set2,Draw1,4,col4,Midday|Set2|Draw1|col4,E,own,1,1,2,1,4,2,1*,2,2,True,1,3,29,4
Ohio4,LS1,Midday,Set2,Draw1,4,col4,Midday|Set2|Draw1|col4,E,own,1,1,2,1,4,3,*,1,1,True,1,3,29,4
Ohio4,LS1,Midday,Set2,Draw1,4,col4,Midday|Set2|Draw1|col4,E,combined,1,1,2,1,4,0,9011*,5,4,False,1,2,57,3
Ohio4,LS1,Midday,Set2,Draw1,4,col4,Midday|Set2|Draw1|col4,E,combined,1,1,2,1,4,1,1*,2,2,True,1,2,57,3
Ohio4,LS1,Midday,Set2,Draw1,4,col4,Midday|Set2|Draw1|col4,E,combined,1,1,2,1,4,2,*,1,1,True,1,2,57,3
Ohio4,LS1,Midday,Set2,Draw1,4,col4,Midday|Set2|Draw1|col4,T,own,1,1,2,1,4,0,9011*,5,4,False,1,3,29,4
Ohio4,LS1,Midday,Set2,Draw1,4,col4,Midday|Set2|Draw1|col4,T,own,1,1,2,1,4,1,11*,3,2,True,1,3,29,4
Ohio4,LS1,Midday,Set2,Draw1,4,col4,Midday|Set2|Draw1|col4,T,own,1,1,2,1,4,2,11*,3,2,True,1,3,29,4
Ohio4,LS1,Midday,Set2,Draw1,4,col4,Midday|Set2|Draw1|col4,T,own,1,1,2,1,4,3,*,1,1,True,1,3,29,4
Ohio4,LS1,Midday,Set2,Draw1,4,col4,Midday|Set2|Draw1|col4,T,combined,1,1,2,1,4,0,9011*,5,4,False,1,5,57,4
Ohio4,LS1,Midday,Set2,Draw1,4,col4,Midday|Set2|Draw1|col4,T,combined,1,1,2,1,4,1,11*,3,2,True,1,5,57,4
Ohio4,LS1,Midday,Set2,Draw1,4,col4,Midday|Set2|Draw1|col4,T,combined,1,1,2,1,4,2,11*,3,2,True,1,5,57,4
Ohio4,LS1,Midday,Set2,Draw1,4,col4,Midday|Set2|Draw1|col4,T,combined,1,1,2,1,4,5,*,1,1,True,1,5,57,4
Ohio4,LS1,Midday,Set2,Draw1,2,col2,Midday|Set2|Draw1|col2,A,own,1,1,2,1,2,0,090*,4,3,True,0,1,29,2
Ohio4,LS1,Midday,Set2,Draw1,2,col2,Midday|Set2|Draw1|col2,A,own,1,1,2,1,2,1,*,1,1,True,0,1,29,2
Ohio4,LS1,Midday,Set2,Draw1,2,col2,Midday|Set2|Draw1|col2,A,combined,1,1,2,1,2,0,090*,4,3,True,0,1,57,2
Ohio4,LS1,Midday,Set2,Draw1,2,col2,Midday|Set2|Draw1|col2,A,combined,1,1,2,1,2,1,*,1,1,True,0,1,57,2
Ohio4,LS1,Midday,Set2,Draw1,2,col2,Midday|Set2|Draw1|col2,B,own,1,1,2,1,2,0,090*,4,3,True,0,1,29,2
Ohio4,LS1,Midday,Set2,Draw1,2,col2,Midday|Set2|Draw1|col2,B,own,1,1,2,1,2,1,*,1,1,True,0,1,29,2
Ohio4,LS1,Midday,Set2,Draw1,2,col2,Midday|Set2|Draw1|col2,B,combined,1,1,2,1,2,0,090*,4,3,True,0,1,57,2
Ohio4,LS1,Midday,Set2,Draw1,2,col2,Midday|Set2|Draw1|col2,B,combined,1,1,2,1,2,1,*,1,1,True,0,1,57,2
Ohio4,LS1,Midday,Set2,Draw1,2,col2,Midday|Set2|Draw1|col2,C,own,1,1,2,1,2,0,090*,4,3,True,0,1,29,2
Ohio4,LS1,Midday,Set2,Draw1,2,col2,Midday|Set2|Draw1|col2,C,own,1,1,2,1,2,1,*,1,1,True,0,1,29,2
Ohio4,LS1,Midday,Set2,Draw1,2,col2,Midday|Set2|Draw1|col2,C,combined,1,1,2,1,2,0,090*,4,3,True,0,1,57,2
Ohio4,LS1,Midday,Set2,Draw1,2,col2,Midday|Set2|Draw1|col2,C,combined,1,1,2,1,2,1,*,1,1,True,0,1,57,2
Ohio4,LS1,Midday,Set2,Draw1,2,col2,Midday|Set2|Draw1|col2,D,own,1,1,2,1,2,0,090*,4,3,True,0,1,29,2
Ohio4,LS1,Midday,Set2,Draw1,2,col2,Midday|Set2|Draw1|col2,D,own,1,1,2,1,2,1,*,1,1,True,0,1,29,2
Ohio4,LS1,Midday,Set2,Draw1,2,col2,Midday|Set2|Draw1|col2,D,combined,1,1,2,1,2,0,090*,4,3,True,0,1,57,2
Ohio4,LS1,Midday,Set2,Draw1,2,col2,Midday|Set2|Draw1|col2,D,combined,1,1,2,1,2,1,*,1,1,True,0,1,57,2
Ohio4,LS1,Midday,Set2,Draw1,2,col2,Midday|Set2|Draw1|col2,E,own,1,1,2,1,2,0,090*,4,3,True,0,2,29,3
Ohio4,LS1,Midday,Set2,Draw1,2,col2,Midday|Set2|Draw1|col2,E,own,1,1,2,1,2,1,0*,2,2,True,0,2,29,3
Ohio4,LS1,Midday,Set2,Draw1,2,col2,Midday|Set2|Draw1|col2,E,own,1,1,2,1,2,2,*,1,1,True,0,2,29,3
Ohio4,LS1,Midday,Set2,Draw1,2,col2,Midday|Set2|Draw1|col2,E,combined,1,1,2,1,2,0,090*,4,3,True,0,3,57,4
Ohio4,LS1,Midday,Set2,Draw1,2,col2,Midday|Set2|Draw1|col2,E,combined,1,1,2,1,2,1,0*,2,2,True,0,3,57,4
Ohio4,LS1,Midday,Set2,Draw1,2,col2,Midday|Set2|Draw1|col2,E,combined,1,1,2,1,2,2,0*,2,2,True,0,3,57,4
Ohio4,LS1,Midday,Set2,Draw1,2,col2,Midday|Set2|Draw1|col2,E,combined,1,1,2,1,2,3,*,1,1,True,0,3,57,4
Ohio4,LS1,Midday,Set2,Draw1,2,col2,Midday|Set2|Draw1|col2,T,own,1,1,2,1,2,0,090*,4,3,True,0,1,29,2
Ohio4,LS1,Midday,Set2,Draw1,2,col2,Midday|Set2|Draw1|col2,T,own,1,1,2,1,2,1,*,1,1,True,0,1,29,2
Ohio4,LS1,Midday,Set2,Draw1,2,col2,Midday|Set2|Draw1|col2,T,combined,1,1,2,1,2,0,090*,4,3,True,0,1,57,2
Ohio4,LS1,Midday,Set2,Draw1,2,col2,Midday|Set2|Draw1|col2,T,combined,1,1,2,1,2,1,*,1,1,True,0,1,57,2
Ohio4,LS1,Midday,Set2,Draw1,3,col3,Midday|Set2|Draw1|col3,A,own,1,1,2,1,3,0,9011*,5,4,False,1,3,29,4
Ohio4,LS1,Midday,Set2,Draw1,3,col3,Midday|Set2|Draw1|col3,A,own,1,1,2,1,3,1,11*,3,2,True,1,3,29,4
Ohio4,LS1,Midday,Set2,Draw1,3,col3,Midday|Set2|Draw1|col3,A,own,1,1,2,1,3,2,11*,3,2,True,1,3,29,4
Ohio4,LS1,Midday,Set2,Draw1,3,col3,Midday|Set2|Draw1|col3,A,own,1,1,2,1,3,3,*,1,1,True,1,3,29,4
Ohio4,LS1,Midday,Set2,Draw1,3,col3,Midday|Set2|Draw1|col3,A,combined,1,1,2,1,3,0,9011*,5,4,False,1,5,57,4
Ohio4,LS1,Midday,Set2,Draw1,3,col3,Midday|Set2|Draw1|col3,A,combined,1,1,2,1,3,1,11*,3,2,True,1,5,57,4
Ohio4,LS1,Midday,Set2,Draw1,3,col3,Midday|Set2|Draw1|col3,A,combined,1,1,2,1,3,2,11*,3,2,True,1,5,57,4
Ohio4,LS1,Midday,Set2,Draw1,3,col3,Midday|Set2|Draw1|col3,A,combined,1,1,2,1,3,5,*,1,1,True,1,5,57,4
Ohio4,LS1,Midday,Set2,Draw1,3,col3,Midday|Set2|Draw1|col3,B,own,1,1,2,1,3,0,9011*,5,4,False,1,1,29,2
Ohio4,LS1,Midday,Set2,Draw1,3,col3,Midday|Set2|Draw1|col3,B,own,1,1,2,1,3,1,*,1,1,True,1,1,29,2
Ohio4,LS1,Midday,Set2,Draw1,3,col3,Midday|Set2|Draw1|col3,B,combined,1,1,2,1,3,0,9011*,5,4,False,1,1,57,2
Ohio4,LS1,Midday,Set2,Draw1,3,col3,Midday|Set2|Draw1|col3,B,combined,1,1,2,1,3,1,*,1,1,True,1,1,57,2
Ohio4,LS1,Midday,Set2,Draw1,3,col3,Midday|Set2|Draw1|col3,C,own,1,1,2,1,3,0,9011*,5,4,False,1,1,29,2
Ohio4,LS1,Midday,Set2,Draw1,3,col3,Midday|Set2|Draw1|col3,C,own,1,1,2,1,3,1,*,1,1,True,1,1,29,2
Ohio4,LS1,Midday,Set2,Draw1,3,col3,Midday|Set2|Draw1|col3,C,combined,1,1,2,1,3,0,9011*,5,4,False,1,1,57,2
Ohio4,LS1,Midday,Set2,Draw1,3,col3,Midday|Set2|Draw1|col3,C,combined,1,1,2,1,3,1,*,1,1,True,1,1,57,2
Ohio4,LS1,Midday,Set2,Draw1,3,col3,Midday|Set2|Draw1|col3,D,own,1,1,2,1,3,0,9011*,5,4,False,1,3,29,4
Ohio4,LS1,Midday,Set2,Draw1,3,col3,Midday|Set2|Draw1|col3,D,own,1,1,2,1,3,1,1*,2,2,True,1,3,29,4
Ohio4,LS1,Midday,Set2,Draw1,3,col3,Midday|Set2|Draw1|col3,D,own,1,1,2,1,3,2,1*,2,2,True,1,3,29,4
Ohio4,LS1,Midday,Set2,Draw1,3,col3,Midday|Set2|Draw1|col3,D,own,1,1,2,1,3,3,*,1,1,True,1,3,29,4
Ohio4,LS1,Midday,Set2,Draw1,3,col3,Midday|Set2|Draw1|col3,D,combined,1,1,2,1,3,0,9011*,5,4,False,1,2,57,3
Ohio4,LS1,Midday,Set2,Draw1,3,col3,Midday|Set2|Draw1|col3,D,combined,1,1,2,1,3,1,1*,2,2,True,1,2,57,3
Ohio4,LS1,Midday,Set2,Draw1,3,col3,Midday|Set2|Draw1|col3,D,combined,1,1,2,1,3,2,*,1,1,True,1,2,57,3
Ohio4,LS1,Midday,Set2,Draw1,3,col3,Midday|Set2|Draw1|col3,E,own,1,1,2,1,3,0,9011*,5,4,False,1,3,29,4
Ohio4,LS1,Midday,Set2,Draw1,3,col3,Midday|Set2|Draw1|col3,E,own,1,1,2,1,3,1,1*,2,2,True,1,3,29,4
Ohio4,LS1,Midday,Set2,Draw1,3,col3,Midday|Set2|Draw1|col3,E,own,1,1,2,1,3,2,1*,2,2,True,1,3,29,4
Ohio4,LS1,Midday,Set2,Draw1,3,col3,Midday|Set2|Draw1|col3,E,own,1,1,2,1,3,3,*,1,1,True,1,3,29,4
Ohio4,LS1,Midday,Set2,Draw1,3,col3,Midday|Set2|Draw1|col3,E,combined,1,1,2,1,3,0,9011*,5,4,False,1,2,57,3
Ohio4,LS1,Midday,Set2,Draw1,3,col3,Midday|Set2|Draw1|col3,E,combined,1,1,2,1,3,1,1*,2,2,True,1,2,57,3
Ohio4,LS1,Midday,Set2,Draw1,3,col3,Midday|Set2|Draw1|col3,E,combined,1,1,2,1,3,2,*,1,1,True,1,2,57,3
Ohio4,LS1,Midday,Set2,Draw1,3,col3,Midday|Set2|Draw1|col3,T,own,1,1,2,1,3,0,9011*,5,4,False,1,3,29,4
Ohio4,LS1,Midday,Set2,Draw1,3,col3,Midday|Set2|Draw1|col3,T,own,1,1,2,1,3,1,11*,3,2,True,1,3,29,4
Ohio4,LS1,Midday,Set2,Draw1,3,col3,Midday|Set2|Draw1|col3,T,own,1,1,2,1,3,2,11*,3,2,True,1,3,29,4
Ohio4,LS1,Midday,Set2,Draw1,3,col3,Midday|Set2|Draw1|col3,T,own,1,1,2,1,3,3,*,1,1,True,1,3,29,4
Ohio4,LS1,Midday,Set2,Draw1,3,col3,Midday|Set2|Draw1|col3,T,combined,1,1,2,1,3,0,9011*,5,4,False,1,5,57,4
Ohio4,LS1,Midday,Set2,Draw1,3,col3,Midday|Set2|Draw1|col3,T,combined,1,1,2,1,3,1,11*,3,2,True,1,5,57,4
Ohio4,LS1,Midday,Set2,Draw1,3,col3,Midday|Set2|Draw1|col3,T,combined,1,1,2,1,3,2,11*,3,2,True,1,5,57,4
Ohio4,LS1,Midday,Set2,Draw1,3,col3,Midday|Set2|Draw1|col3,T,combined,1,1,2,1,3,5,*,1,1,True,1,5,57,4
Ohio4,LS1,Midday,Set1,Draw1,7,col7,Midday|Set1|Draw1|col7,A,own,1,1,1,1,7,0,559220011337,12,7,False,2,6,7,7
Ohio4,LS1,Midday,Set1,Draw1,7,col7,Midday|Set1|Draw1|col7,A,own,1,1,1,1,7,1,552211337,9,5,False,2,6,7,7
Ohio4,LS1,Midday,Set1,Draw1,7,col7,Midday|Set1|Draw1|col7,A,own,1,1,1,1,7,2,551133,6,3,True,2,6,7,7
Ohio4,LS1,Midday,Set1,Draw1,7,col7,Midday|Set1|Draw1|col7,A,own,1,1,1,1,7,3,5533,4,2,True,2,6,7,7
Ohio4,LS1,Midday,Set1,Draw1,7,col7,Midday|Set1|Draw1|col7,A,own,1,1,1,1,7,4,33,2,1,True,2,6,7,7
Ohio4,LS1,Midday,Set1,Draw1,7,col7,Midday|Set1|Draw1|col7,A,own,1,1,1,1,7,5,33,2,1,True,2,6,7,7
Ohio4,LS1,Midday,Set1,Draw1,7,col7,Midday|Set1|Draw1|col7,A,own,1,1,1,1,7,6,,0,0,False,2,6,7,7
Ohio4,LS1,Midday,Set1,Draw1,7,col7,Midday|Set1|Draw1|col7,A,combined,1,1,1,1,7,0,559220011337,12,7,False,3,10,11,10
Ohio4,LS1,Midday,Set1,Draw1,7,col7,Midday|Set1|Draw1|col7,A,combined,1,1,1,1,7,1,552211337,9,5,False,3,10,11,10
Ohio4,LS1,Midday,Set1,Draw1,7,col7,Midday|Set1|Draw1|col7,A,combined,1,1,1,1,7,2,552211337,9,5,False,3,10,11,10
Ohio4,LS1,Midday,Set1,Draw1,7,col7,Midday|Set1|Draw1|col7,A,combined,1,1,1,1,7,3,551133,6,3,True,3,10,11,10
Ohio4,LS1,Midday,Set1,Draw1,7,col7,Midday|Set1|Draw1|col7,A,combined,1,1,1,1,7,4,551133,6,3,True,3,10,11,10
Ohio4,LS1,Midday,Set1,Draw1,7,col7,Midday|Set1|Draw1|col7,A,combined,1,1,1,1,7,5,5533,4,2,True,3,10,11,10
Ohio4,LS1,Midday,Set1,Draw1,7,col7,Midday|Set1|Draw1|col7,A,combined,1,1,1,1,7,6,5533,4,2,True,3,10,11,10
Ohio4,LS1,Midday,Set1,Draw1,7,col7,Midday|Set1|Draw1|col7,A,combined,1,1,1,1,7,7,33,2,1,True,3,10,11,10
Ohio4,LS1,Midday,Set1,Draw1,7,col7,Midday|Set1|Draw1|col7,A,combined,1,1,1,1,7,8,33,2,1,True,3,10,11,10
Ohio4,LS1,Midday,Set1,Draw1,7,col7,Midday|Set1|Draw1|col7,A,combined,1,1,1,1,7,10,,0,0,False,3,10,11,10
Ohio4,LS1,Midday,Set1,Draw1,7,col7,Midday|Set1|Draw1|col7,B,own,1,1,1,1,7,0,559220011337,12,7,False,2,6,7,5
Ohio4,LS1,Midday,Set1,Draw1,7,col7,Midday|Set1|Draw1|col7,B,own,1,1,1,1,7,1,5522337,7,4,False,2,6,7,5
Ohio4,LS1,Midday,Set1,Draw1,7,col7,Midday|Set1|Draw1|col7,B,own,1,1,1,1,7,2,33,2,1,True,2,6,7,5
Ohio4,LS1,Midday,Set1,Draw1,7,col7,Midday|Set1|Draw1|col7,B,own,1,1,1,1,7,3,33,2,1,True,2,6,7,5
Ohio4,LS1,Midday,Set1,Draw1,7,col7,Midday|Set1|Draw1|col7,B,own,1,1,1,1,7,6,,0,0,False,2,6,7,5
Ohio4,LS1,Midday,Set1,Draw1,7,col7,Midday|Set1|Draw1|col7,B,combined,1,1,1,1,7,0,559220011337,12,7,False,2,3,4,4
Ohio4,LS1,Midday,Set1,Draw1,7,col7,Midday|Set1|Draw1|col7,B,combined,1,1,1,1,7,1,5522337,7,4,False,2,3,4,4
Ohio4,LS1,Midday,Set1,Draw1,7,col7,Midday|Set1|Draw1|col7,B,combined,1,1,1,1,7,2,55227,5,3,True,2,3,4,4
Ohio4,LS1,Midday,Set1,Draw1,7,col7,Midday|Set1|Draw1|col7,B,combined,1,1,1,1,7,3,,0,0,False,2,3,4,4
Ohio4,LS1,Midday,Set1,Draw1,7,col7,Midday|Set1|Draw1|col7,C,own,1,1,1,1,7,0,559220011337,12,7,False,1,6,7,5
Ohio4,LS1,Midday,Set1,Draw1,7,col7,Midday|Set1|Draw1|col7,C,own,1,1,1,1,7,1,22337,5,3,True,1,6,7,5
Ohio4,LS1,Midday,Set1,Draw1,7,col7,Midday|Set1|Draw1|col7,C,own,1,1,1,1,7,2,33,2,1,True,1,6,7,5
Ohio4,LS1,Midday,Set1,Draw1,7,col7,Midday|Set1|Draw1|col7,C,own,1,1,1,1,7,3,33,2,1,True,1,6,7,5
Ohio4,LS1,Midday,Set1,Draw1,7,col7,Midday|Set1|Draw1|col7,C,own,1,1,1,1,7,6,,0,0,False,1,6,7,5
Ohio4,LS1,Midday,Set1,Draw1,7,col7,Midday|Set1|Draw1|col7,C,combined,1,1,1,1,7,0,559220011337,12,7,False,1,3,4,4
Ohio4,LS1,Midday,Set1,Draw1,7,col7,Midday|Set1|Draw1|col7,C,combined,1,1,1,1,7,1,22337,5,3,True,1,3,4,4
Ohio4,LS1,Midday,Set1,Draw1,7,col7,Midday|Set1|Draw1|col7,C,combined,1,1,1,1,7,2,227,3,2,True,1,3,4,4
Ohio4,LS1,Midday,Set1,Draw1,7,col7,Midday|Set1|Draw1|col7,C,combined,1,1,1,1,7,3,,0,0,False,1,3,4,4
Ohio4,LS1,Midday,Set1,Draw1,7,col7,Midday|Set1|Draw1|col7,D,own,1,1,1,1,7,0,559220011337,12,7,False,2,6,7,6
Ohio4,LS1,Midday,Set1,Draw1,7,col7,Midday|Set1|Draw1|col7,D,own,1,1,1,1,7,1,5221337,7,5,False,2,6,7,6
Ohio4,LS1,Midday,Set1,Draw1,7,col7,Midday|Set1|Draw1|col7,D,own,1,1,1,1,7,2,133,3,2,True,2,6,7,6
Ohio4,LS1,Midday,Set1,Draw1,7,col7,Midday|Set1|Draw1|col7,D,own,1,1,1,1,7,3,33,2,1,True,2,6,7,6
Ohio4,LS1,Midday,Set1,Draw1,7,col7,Midday|Set1|Draw1|col7,D,own,1,1,1,1,7,4,33,2,1,True,2,6,7,6
Ohio4,LS1,Midday,Set1,Draw1,7,col7,Midday|Set1|Draw1|col7,D,own,1,1,1,1,7,6,,0,0,False,2,6,7,6
Ohio4,LS1,Midday,Set1,Draw1,7,col7,Midday|Set1|Draw1|col7,D,combined,1,1,1,1,7,0,559220011337,12,7,False,2,3,4,4
Ohio4,LS1,Midday,Set1,Draw1,7,col7,Midday|Set1|Draw1|col7,D,combined,1,1,1,1,7,1,5221337,7,5,False,2,3,4,4
Ohio4,LS1,Midday,Set1,Draw1,7,col7,Midday|Set1|Draw1|col7,D,combined,1,1,1,1,7,2,5227,4,3,True,2,3,4,4
Ohio4,LS1,Midday,Set1,Draw1,7,col7,Midday|Set1|Draw1|col7,D,combined,1,1,1,1,7,3,,0,0,False,2,3,4,4
Ohio4,LS1,Midday,Set1,Draw1,7,col7,Midday|Set1|Draw1|col7,E,own,1,1,1,1,7,0,559220011337,12,7,False,3,6,7,7
Ohio4,LS1,Midday,Set1,Draw1,7,col7,Midday|Set1|Draw1|col7,E,own,1,1,1,1,7,1,552201337,9,6,False,3,6,7,7
Ohio4,LS1,Midday,Set1,Draw1,7,col7,Midday|Set1|Draw1|col7,E,own,1,1,1,1,7,2,552133,6,4,False,3,6,7,7
Ohio4,LS1,Midday,Set1,Draw1,7,col7,Midday|Set1|Draw1|col7,E,own,1,1,1,1,7,3,5533,4,2,True,3,6,7,7
Ohio4,LS1,Midday,Set1,Draw1,7,col7,Midday|Set1|Draw1|col7,E,own,1,1,1,1,7,4,533,3,2,True,3,6,7,7
Ohio4,LS1,Midday,Set1,Draw1,7,col7,Midday|Set1|Draw1|col7,E,own,1,1,1,1,7,5,33,2,1,True,3,6,7,7
Ohio4,LS1,Midday,Set1,Draw1,7,col7,Midday|Set1|Draw1|col7,E,own,1,1,1,1,7,6,,0,0,False,3,6,7,7
Ohio4,LS1,Midday,Set1,Draw1,7,col7,Midday|Set1|Draw1|col7,E,combined,1,1,1,1,7,0,559220011337,12,7,False,3,8,9,9
Ohio4,LS1,Midday,Set1,Draw1,7,col7,Midday|Set1|Draw1|col7,E,combined,1,1,1,1,7,1,552201337,9,6,False,3,8,9,9
Ohio4,LS1,Midday,Set1,Draw1,7,col7,Midday|Set1|Draw1|col7,E,combined,1,1,1,1,7,2,552207,6,4,False,3,8,9,9
Ohio4,LS1,Midday,Set1,Draw1,7,col7,Midday|Set1|Draw1|col7,E,combined,1,1,1,1,7,3,552,3,2,True,3,8,9,9
Ohio4,LS1,Midday,Set1,Draw1,7,col7,Midday|Set1|Draw1|col7,E,combined,1,1,1,1,7,4,552,3,2,True,3,8,9,9
Ohio4,LS1,Midday,Set1,Draw1,7,col7,Midday|Set1|Draw1|col7,E,combined,1,1,1,1,7,5,55,2,1,True,3,8,9,9
Ohio4,LS1,Midday,Set1,Draw1,7,col7,Midday|Set1|Draw1|col7,E,combined,1,1,1,1,7,6,55,2,1,True,3,8,9,9
Ohio4,LS1,Midday,Set1,Draw1,7,col7,Midday|Set1|Draw1|col7,E,combined,1,1,1,1,7,7,5,1,1,True,3,8,9,9
Ohio4,LS1,Midday,Set1,Draw1,7,col7,Midday|Set1|Draw1|col7,E,combined,1,1,1,1,7,8,,0,0,False,3,8,9,9
Ohio4,LS1,Midday,Set1,Draw1,7,col7,Midday|Set1|Draw1|col7,T,own,1,1,1,1,7,0,559220011337,12,7,False,1,6,7,5
Ohio4,LS1,Midday,Set1,Draw1,7,col7,Midday|Set1|Draw1|col7,T,own,1,1,1,1,7,1,22337,5,3,True,1,6,7,5
Ohio4,LS1,Midday,Set1,Draw1,7,col7,Midday|Set1|Draw1|col7,T,own,1,1,1,1,7,2,33,2,1,True,1,6,7,5
Ohio4,LS1,Midday,Set1,Draw1,7,col7,Midday|Set1|Draw1|col7,T,own,1,1,1,1,7,3,33,2,1,True,1,6,7,5
Ohio4,LS1,Midday,Set1,Draw1,7,col7,Midday|Set1|Draw1|col7,T,own,1,1,1,1,7,6,,0,0,False,1,6,7,5
Ohio4,LS1,Midday,Set1,Draw1,7,col7,Midday|Set1|Draw1|col7,T,combined,1,1,1,1,7,0,559220011337,12,7,False,1,3,4,4
Ohio4,LS1,Midday,Set1,Draw1,7,col7,Midday|Set1|Draw1|col7,T,combined,1,1,1,1,7,1,22337,5,3,True,1,3,4,4
Ohio4,LS1,Midday,Set1,Draw1,7,col7,Midday|Set1|Draw1|col7,T,combined,1,1,1,1,7,2,227,3,2,True,1,3,4,4
Ohio4,LS1,Midday,Set1,Draw1,7,col7,Midday|Set1|Draw1|col7,T,combined,1,1,1,1,7,3,,0,0,False,1,3,4,4
Ohio4,LS1,Midday,Set1,Draw1,6,col6,Midday|Set1|Draw1|col6,A,own,1,1,1,1,6,0,5592001137,10,7,False,2,6,7,7
Ohio4,LS1,Midday,Set1,Draw1,6,col6,Midday|Set1|Draw1|col6,A,own,1,1,1,1,6,1,5521137,7,5,False,2,6,7,7
Ohio4,LS1,Midday,Set1,Draw1,6,col6,Midday|Set1|Draw1|col6,A,own,1,1,1,1,6,2,55113,5,3,True,2,6,7,7
Ohio4,LS1,Midday,Set1,Draw1,6,col6,Midday|Set1|Draw1|col6,A,own,1,1,1,1,6,3,553,3,2,True,2,6,7,7
Ohio4,LS1,Midday,Set1,Draw1,6,col6,Midday|Set1|Draw1|col6,A,own,1,1,1,1,6,4,3,1,1,True,2,6,7,7
Ohio4,LS1,Midday,Set1,Draw1,6,col6,Midday|Set1|Draw1|col6,A,own,1,1,1,1,6,5,3,1,1,True,2,6,7,7
Ohio4,LS1,Midday,Set1,Draw1,6,col6,Midday|Set1|Draw1|col6,A,own,1,1,1,1,6,6,,0,0,False,2,6,7,7
Ohio4,LS1,Midday,Set1,Draw1,6,col6,Midday|Set1|Draw1|col6,A,combined,1,1,1,1,6,0,5592001137,10,7,False,3,10,11,10
Ohio4,LS1,Midday,Set1,Draw1,6,col6,Midday|Set1|Draw1|col6,A,combined,1,1,1,1,6,1,5521137,7,5,False,3,10,11,10
Ohio4,LS1,Midday,Set1,Draw1,6,col6,Midday|Set1|Draw1|col6,A,combined,1,1,1,1,6,2,5521137,7,5,False,3,10,11,10
Ohio4,LS1,Midday,Set1,Draw1,6,col6,Midday|Set1|Draw1|col6,A,combined,1,1,1,1,6,3,55113,5,3,True,3,10,11,10
Ohio4,LS1,Midday,Set1,Draw1,6,col6,Midday|Set1|Draw1|col6,A,combined,1,1,1,1,6,4,55113,5,3,True,3,10,11,10
Ohio4,LS1,Midday,Set1,Draw1,6,col6,Midday|Set1|Draw1|col6,A,combined,1,1,1,1,6,5,553,3,2,True,3,10,11,10
Ohio4,LS1,Midday,Set1,Draw1,6,col6,Midday|Set1|Draw1|col6,A,combined,1,1,1,1,6,6,553,3,2,True,3,10,11,10
Ohio4,LS1,Midday,Set1,Draw1,6,col6,Midday|Set1|Draw1|col6,A,combined,1,1,1,1,6,7,3,1,1,True,3,10,11,10
Ohio4,LS1,Midday,Set1,Draw1,6,col6,Midday|Set1|Draw1|col6,A,combined,1,1,1,1,6,8,3,1,1,True,3,10,11,10
Ohio4,LS1,Midday,Set1,Draw1,6,col6,Midday|Set1|Draw1|col6,A,combined,1,1,1,1,6,10,,0,0,False,3,10,11,10
Ohio4,LS1,Midday,Set1,Draw1,6,col6,Midday|Set1|Draw1|col6,B,own,1,1,1,1,6,0,5592001137,10,7,False,2,6,7,5
Ohio4,LS1,Midday,Set1,Draw1,6,col6,Midday|Set1|Draw1|col6,B,own,1,1,1,1,6,1,55237,5,4,False,2,6,7,5
Ohio4,LS1,Midday,Set1,Draw1,6,col6,Midday|Set1|Draw1|col6,B,own,1,1,1,1,6,2,3,1,1,True,2,6,7,5
Ohio4,LS1,Midday,Set1,Draw1,6,col6,Midday|Set1|Draw1|col6,B,own,1,1,1,1,6,3,3,1,1,True,2,6,7,5
Ohio4,LS1,Midday,Set1,Draw1,6,col6,Midday|Set1|Draw1|col6,B,own,1,1,1,1,6,6,,0,0,False,2,6,7,5
Ohio4,LS1,Midday,Set1,Draw1,6,col6,Midday|Set1|Draw1|col6,B,combined,1,1,1,1,6,0,5592001137,10,7,False,2,3,4,4
Ohio4,LS1,Midday,Set1,Draw1,6,col6,Midday|Set1|Draw1|col6,B,combined,1,1,1,1,6,1,55237,5,4,False,2,3,4,4
Ohio4,LS1,Midday,Set1,Draw1,6,col6,Midday|Set1|Draw1|col6,B,combined,1,1,1,1,6,2,5527,4,3,True,2,3,4,4
Ohio4,LS1,Midday,Set1,Draw1,6,col6,Midday|Set1|Draw1|col6,B,combined,1,1,1,1,6,3,,0,0,False,2,3,4,4
Ohio4,LS1,Midday,Set1,Draw1,6,col6,Midday|Set1|Draw1|col6,C,own,1,1,1,1,6,0,5592001137,10,7,False,1,6,7,5
Ohio4,LS1,Midday,Set1,Draw1,6,col6,Midday|Set1|Draw1|col6,C,own,1,1,1,1,6,1,237,3,3,True,1,6,7,5
Ohio4,LS1,Midday,Set1,Draw1,6,col6,Midday|Set1|Draw1|col6,C,own,1,1,1,1,6,2,3,1,1,True,1,6,7,5
Ohio4,LS1,Midday,Set1,Draw1,6,col6,Midday|Set1|Draw1|col6,C,own,1,1,1,1,6,3,3,1,1,True,1,6,7,5
Ohio4,LS1,Midday,Set1,Draw1,6,col6,Midday|Set1|Draw1|col6,C,own,1,1,1,1,6,6,,0,0,False,1,6,7,5
Ohio4,LS1,Midday,Set1,Draw1,6,col6,Midday|Set1|Draw1|col6,C,combined,1,1,1,1,6,0,5592001137,10,7,False,1,3,4,4
Ohio4,LS1,Midday,Set1,Draw1,6,col6,Midday|Set1|Draw1|col6,C,combined,1,1,1,1,6,1,237,3,3,True,1,3,4,4
Ohio4,LS1,Midday,Set1,Draw1,6,col6,Midday|Set1|Draw1|col6,C,combined,1,1,1,1,6,2,27,2,2,True,1,3,4,4
Ohio4,LS1,Midday,Set1,Draw1,6,col6,Midday|Set1|Draw1|col6,C,combined,1,1,1,1,6,3,,0,0,False,1,3,4,4
Ohio4,LS1,Midday,Set1,Draw1,6,col6,Midday|Set1|Draw1|col6,D,own,1,1,1,1,6,0,5592001137,10,7,False,2,6,7,6
Ohio4,LS1,Midday,Set1,Draw1,6,col6,Midday|Set1|Draw1|col6,D,own,1,1,1,1,6,1,52137,5,5,False,2,6,7,6
Ohio4,LS1,Midday,Set1,Draw1,6,col6,Midday|Set1|Draw1|col6,D,own,1,1,1,1,6,2,13,2,2,True,2,6,7,6
Ohio4,LS1,Midday,Set1,Draw1,6,col6,Midday|Set1|Draw1|col6,D,own,1,1,1,1,6,3,3,1,1,True,2,6,7,6
Ohio4,LS1,Midday,Set1,Draw1,6,col6,Midday|Set1|Draw1|col6,D,own,1,1,1,1,6,4,3,1,1,True,2,6,7,6
Ohio4,LS1,Midday,Set1,Draw1,6,col6,Midday|Set1|Draw1|col6,D,own,1,1,1,1,6,6,,0,0,False,2,6,7,6
Ohio4,LS1,Midday,Set1,Draw1,6,col6,Midday|Set1|Draw1|col6,D,combined,1,1,1,1,6,0,5592001137,10,7,False,2,3,4,4
Ohio4,LS1,Midday,Set1,Draw1,6,col6,Midday|Set1|Draw1|col6,D,combined,1,1,1,1,6,1,52137,5,5,False,2,3,4,4
Ohio4,LS1,Midday,Set1,Draw1,6,col6,Midday|Set1|Draw1|col6,D,combined,1,1,1,1,6,2,527,3,3,True,2,3,4,4
Ohio4,LS1,Midday,Set1,Draw1,6,col6,Midday|Set1|Draw1|col6,D,combined,1,1,1,1,6,3,,0,0,False,2,3,4,4
Ohio4,LS1,Midday,Set1,Draw1,6,col6,Midday|Set1|Draw1|col6,E,own,1,1,1,1,6,0,5592001137,10,7,False,2,6,7,7
Ohio4,LS1,Midday,Set1,Draw1,6,col6,Midday|Set1|Draw1|col6,E,own,1,1,1,1,6,1,5520137,7,6,False,2,6,7,7
Ohio4,LS1,Midday,Set1,Draw1,6,col6,Midday|Set1|Draw1|col6,E,own,1,1,1,1,6,2,5513,4,3,True,2,6,7,7
Ohio4,LS1,Midday,Set1,Draw1,6,col6,Midday|Set1|Draw1|col6,E,own,1,1,1,1,6,3,553,3,2,True,2,6,7,7
Ohio4,LS1,Midday,Set1,Draw1,6,col6,Midday|Set1|Draw1|col6,E,own,1,1,1,1,6,4,53,2,2,True,2,6,7,7
Ohio4,LS1,Midday,Set1,Draw1,6,col6,Midday|Set1|Draw1|col6,E,own,1,1,1,1,6,5,3,1,1,True,2,6,7,7
Ohio4,LS1,Midday,Set1,Draw1,6,col6,Midday|Set1|Draw1|col6,E,own,1,1,1,1,6,6,,0,0,False,2,6,7,7
Ohio4,LS1,Midday,Set1,Draw1,6,col6,Midday|Set1|Draw1|col6,E,combined,1,1,1,1,6,0,5592001137,10,7,False,3,8,9,7
Ohio4,LS1,Midday,Set1,Draw1,6,col6,Midday|Set1|Draw1|col6,E,combined,1,1,1,1,6,1,5520137,7,6,False,3,8,9,7
Ohio4,LS1,Midday,Set1,Draw1,6,col6,Midday|Set1|Draw1|col6,E,combined,1,1,1,1,6,2,55207,5,4,False,3,8,9,7
Ohio4,LS1,Midday,Set1,Draw1,6,col6,Midday|Set1|Draw1|col6,E,combined,1,1,1,1,6,3,55,2,1,True,3,8,9,7
Ohio4,LS1,Midday,Set1,Draw1,6,col6,Midday|Set1|Draw1|col6,E,combined,1,1,1,1,6,4,55,2,1,True,3,8,9,7
Ohio4,LS1,Midday,Set1,Draw1,6,col6,Midday|Set1|Draw1|col6,E,combined,1,1,1,1,6,7,5,1,1,True,3,8,9,7
Ohio4,LS1,Midday,Set1,Draw1,6,col6,Midday|Set1|Draw1|col6,E,combined,1,1,1,1,6,8,,0,0,False,3,8,9,7
Ohio4,LS1,Midday,Set1,Draw1,6,col6,Midday|Set1|Draw1|col6,T,own,1,1,1,1,6,0,5592001137,10,7,False,1,6,7,5
Ohio4,LS1,Midday,Set1,Draw1,6,col6,Midday|Set1|Draw1|col6,T,own,1,1,1,1,6,1,237,3,3,True,1,6,7,5
Ohio4,LS1,Midday,Set1,Draw1,6,col6,Midday|Set1|Draw1|col6,T,own,1,1,1,1,6,2,3,1,1,True,1,6,7,5
Ohio4,LS1,Midday,Set1,Draw1,6,col6,Midday|Set1|Draw1|col6,T,own,1,1,1,1,6,3,3,1,1,True,1,6,7,5
Ohio4,LS1,Midday,Set1,Draw1,6,col6,Midday|Set1|Draw1|col6,T,own,1,1,1,1,6,6,,0,0,False,1,6,7,5
Ohio4,LS1,Midday,Set1,Draw1,6,col6,Midday|Set1|Draw1|col6,T,combined,1,1,1,1,6,0,5592001137,10,7,False,1,10,11,6
Ohio4,LS1,Midday,Set1,Draw1,6,col6,Midday|Set1|Draw1|col6,T,combined,1,1,1,1,6,1,237,3,3,True,1,10,11,6
Ohio4,LS1,Midday,Set1,Draw1,6,col6,Midday|Set1|Draw1|col6,T,combined,1,1,1,1,6,2,237,3,3,True,1,10,11,6
Ohio4,LS1,Midday,Set1,Draw1,6,col6,Midday|Set1|Draw1|col6,T,combined,1,1,1,1,6,3,3,1,1,True,1,10,11,6
Ohio4,LS1,Midday,Set1,Draw1,6,col6,Midday|Set1|Draw1|col6,T,combined,1,1,1,1,6,4,3,1,1,True,1,10,11,6
Ohio4,LS1,Midday,Set1,Draw1,6,col6,Midday|Set1|Draw1|col6,T,combined,1,1,1,1,6,10,,0,0,False,1,10,11,6
Ohio4,LS1,Midday,Set1,Draw1,5,col5,Midday|Set1|Draw1|col5,A,own,1,1,1,1,5,0,9001137*,8,6,False,2,6,29,6
Ohio4,LS1,Midday,Set1,Draw1,5,col5,Midday|Set1|Draw1|col5,A,own,1,1,1,1,5,1,1137*,5,4,False,2,6,29,6
Ohio4,LS1,Midday,Set1,Draw1,5,col5,Midday|Set1|Draw1|col5,A,own,1,1,1,1,5,2,113*,4,3,True,2,6,29,6
Ohio4,LS1,Midday,Set1,Draw1,5,col5,Midday|Set1|Draw1|col5,A,own,1,1,1,1,5,3,3*,2,2,True,2,6,29,6
Ohio4,LS1,Midday,Set1,Draw1,5,col5,Midday|Set1|Draw1|col5,A,own,1,1,1,1,5,4,3*,2,2,True,2,6,29,6
Ohio4,LS1,Midday,Set1,Draw1,5,col5,Midday|Set1|Draw1|col5,A,own,1,1,1,1,5,6,*,1,1,True,2,6,29,6
Ohio4,LS1,Midday,Set1,Draw1,5,col5,Midday|Set1|Draw1|col5,A,combined,1,1,1,1,5,0,9001137*,8,6,False,3,10,57,8
Ohio4,LS1,Midday,Set1,Draw1,5,col5,Midday|Set1|Draw1|col5,A,combined,1,1,1,1,5,1,1137*,5,4,False,3,10,57,8
Ohio4,LS1,Midday,Set1,Draw1,5,col5,Midday|Set1|Draw1|col5,A,combined,1,1,1,1,5,2,1137*,5,4,False,3,10,57,8
Ohio4,LS1,Midday,Set1,Draw1,5,col5,Midday|Set1|Draw1|col5,A,combined,1,1,1,1,5,3,113*,4,3,True,3,10,57,8
Ohio4,LS1,Midday,Set1,Draw1,5,col5,Midday|Set1|Draw1|col5,A,combined,1,1,1,1,5,4,113*,4,3,True,3,10,57,8
Ohio4,LS1,Midday,Set1,Draw1,5,col5,Midday|Set1|Draw1|col5,A,combined,1,1,1,1,5,5,3*,2,2,True,3,10,57,8
Ohio4,LS1,Midday,Set1,Draw1,5,col5,Midday|Set1|Draw1|col5,A,combined,1,1,1,1,5,6,3*,2,2,True,3,10,57,8
Ohio4,LS1,Midday,Set1,Draw1,5,col5,Midday|Set1|Draw1|col5,A,combined,1,1,1,1,5,10,*,1,1,True,3,10,57,8
Ohio4,LS1,Midday,Set1,Draw1,5,col5,Midday|Set1|Draw1|col5,B,own,1,1,1,1,5,0,9001137*,8,6,False,1,6,29,5
Ohio4,LS1,Midday,Set1,Draw1,5,col5,Midday|Set1|Draw1|col5,B,own,1,1,1,1,5,1,37*,3,3,True,1,6,29,5
Ohio4,LS1,Midday,Set1,Draw1,5,col5,Midday|Set1|Draw1|col5,B,own,1,1,1,1,5,2,3*,2,2,True,1,6,29,5
Ohio4,LS1,Midday,Set1,Draw1,5,col5,Midday|Set1|Draw1|col5,B,own,1,1,1,1,5,3,3*,2,2,True,1,6,29,5
Ohio4,LS1,Midday,Set1,Draw1,5,col5,Midday|Set1|Draw1|col5,B,own,1,1,1,1,5,6,*,1,1,True,1,6,29,5
Ohio4,LS1,Midday,Set1,Draw1,5,col5,Midday|Set1|Draw1|col5,B,combined,1,1,1,1,5,0,9001137*,8,6,False,1,3,57,4
Ohio4,LS1,Midday,Set1,Draw1,5,col5,Midday|Set1|Draw1|col5,B,combined,1,1,1,1,5,1,37*,3,3,True,1,3,57,4
Ohio4,LS1,Midday,Set1,Draw1,5,col5,Midday|Set1|Draw1|col5,B,combined,1,1,1,1,5,2,7*,2,2,True,1,3,57,4
Ohio4,LS1,Midday,Set1,Draw1,5,col5,Midday|Set1|Draw1|col5,B,combined,1,1,1,1,5,3,*,1,1,True,1,3,57,4
Ohio4,LS1,Midday,Set1,Draw1,5,col5,Midday|Set1|Draw1|col5,C,own,1,1,1,1,5,0,9001137*,8,6,False,1,6,29,5
Ohio4,LS1,Midday,Set1,Draw1,5,col5,Midday|Set1|Draw1|col5,C,own,1,1,1,1,5,1,37*,3,3,True,1,6,29,5
Ohio4,LS1,Midday,Set1,Draw1,5,col5,Midday|Set1|Draw1|col5,C,own,1,1,1,1,5,2,3*,2,2,True,1,6,29,5
Ohio4,LS1,Midday,Set1,Draw1,5,col5,Midday|Set1|Draw1|col5,C,own,1,1,1,1,5,3,3*,2,2,True,1,6,29,5
Ohio4,LS1,Midday,Set1,Draw1,5,col5,Midday|Set1|Draw1|col5,C,own,1,1,1,1,5,6,*,1,1,True,1,6,29,5
Ohio4,LS1,Midday,Set1,Draw1,5,col5,Midday|Set1|Draw1|col5,C,combined,1,1,1,1,5,0,9001137*,8,6,False,1,3,57,4
Ohio4,LS1,Midday,Set1,Draw1,5,col5,Midday|Set1|Draw1|col5,C,combined,1,1,1,1,5,1,37*,3,3,True,1,3,57,4
Ohio4,LS1,Midday,Set1,Draw1,5,col5,Midday|Set1|Draw1|col5,C,combined,1,1,1,1,5,2,7*,2,2,True,1,3,57,4
Ohio4,LS1,Midday,Set1,Draw1,5,col5,Midday|Set1|Draw1|col5,C,combined,1,1,1,1,5,3,*,1,1,True,1,3,57,4
Ohio4,LS1,Midday,Set1,Draw1,5,col5,Midday|Set1|Draw1|col5,D,own,1,1,1,1,5,0,9001137*,8,6,False,2,6,29,6
Ohio4,LS1,Midday,Set1,Draw1,5,col5,Midday|Set1|Draw1|col5,D,own,1,1,1,1,5,1,137*,4,4,False,2,6,29,6
Ohio4,LS1,Midday,Set1,Draw1,5,col5,Midday|Set1|Draw1|col5,D,own,1,1,1,1,5,2,13*,3,3,True,2,6,29,6
Ohio4,LS1,Midday,Set1,Draw1,5,col5,Midday|Set1|Draw1|col5,D,own,1,1,1,1,5,3,3*,2,2,True,2,6,29,6
Ohio4,LS1,Midday,Set1,Draw1,5,col5,Midday|Set1|Draw1|col5,D,own,1,1,1,1,5,4,3*,2,2,True,2,6,29,6
Ohio4,LS1,Midday,Set1,Draw1,5,col5,Midday|Set1|Draw1|col5,D,own,1,1,1,1,5,6,*,1,1,True,2,6,29,6
Ohio4,LS1,Midday,Set1,Draw1,5,col5,Midday|Set1|Draw1|col5,D,combined,1,1,1,1,5,0,9001137*,8,6,False,2,3,57,4
Ohio4,LS1,Midday,Set1,Draw1,5,col5,Midday|Set1|Draw1|col5,D,combined,1,1,1,1,5,1,137*,4,4,False,2,3,57,4
Ohio4,LS1,Midday,Set1,Draw1,5,col5,Midday|Set1|Draw1|col5,D,combined,1,1,1,1,5,2,7*,2,2,True,2,3,57,4
Ohio4,LS1,Midday,Set1,Draw1,5,col5,Midday|Set1|Draw1|col5,D,combined,1,1,1,1,5,3,*,1,1,True,2,3,57,4
Ohio4,LS1,Midday,Set1,Draw1,5,col5,Midday|Set1|Draw1|col5,E,own,1,1,1,1,5,0,9001137*,8,6,False,2,6,29,6
Ohio4,LS1,Midday,Set1,Draw1,5,col5,Midday|Set1|Draw1|col5,E,own,1,1,1,1,5,1,0137*,5,5,False,2,6,29,6
Ohio4,LS1,Midday,Set1,Draw1,5,col5,Midday|Set1|Draw1|col5,E,own,1,1,1,1,5,2,13*,3,3,True,2,6,29,6
Ohio4,LS1,Midday,Set1,Draw1,5,col5,Midday|Set1|Draw1|col5,E,own,1,1,1,1,5,3,3*,2,2,True,2,6,29,6
Ohio4,LS1,Midday,Set1,Draw1,5,col5,Midday|Set1|Draw1|col5,E,own,1,1,1,1,5,4,3*,2,2,True,2,6,29,6
Ohio4,LS1,Midday,Set1,Draw1,5,col5,Midday|Set1|Draw1|col5,E,own,1,1,1,1,5,6,*,1,1,True,2,6,29,6
Ohio4,LS1,Midday,Set1,Draw1,5,col5,Midday|Set1|Draw1|col5,E,combined,1,1,1,1,5,0,9001137*,8,6,False,2,3,57,4
Ohio4,LS1,Midday,Set1,Draw1,5,col5,Midday|Set1|Draw1|col5,E,combined,1,1,1,1,5,1,0137*,5,5,False,2,3,57,4
Ohio4,LS1,Midday,Set1,Draw1,5,col5,Midday|Set1|Draw1|col5,E,combined,1,1,1,1,5,2,07*,3,3,True,2,3,57,4
Ohio4,LS1,Midday,Set1,Draw1,5,col5,Midday|Set1|Draw1|col5,E,combined,1,1,1,1,5,3,*,1,1,True,2,3,57,4
Ohio4,LS1,Midday,Set1,Draw1,5,col5,Midday|Set1|Draw1|col5,T,own,1,1,1,1,5,0,9001137*,8,6,False,1,6,29,5
Ohio4,LS1,Midday,Set1,Draw1,5,col5,Midday|Set1|Draw1|col5,T,own,1,1,1,1,5,1,37*,3,3,True,1,6,29,5
Ohio4,LS1,Midday,Set1,Draw1,5,col5,Midday|Set1|Draw1|col5,T,own,1,1,1,1,5,2,3*,2,2,True,1,6,29,5
Ohio4,LS1,Midday,Set1,Draw1,5,col5,Midday|Set1|Draw1|col5,T,own,1,1,1,1,5,3,3*,2,2,True,1,6,29,5
Ohio4,LS1,Midday,Set1,Draw1,5,col5,Midday|Set1|Draw1|col5,T,own,1,1,1,1,5,6,*,1,1,True,1,6,29,5
Ohio4,LS1,Midday,Set1,Draw1,5,col5,Midday|Set1|Draw1|col5,T,combined,1,1,1,1,5,0,9001137*,8,6,False,1,10,57,6
Ohio4,LS1,Midday,Set1,Draw1,5,col5,Midday|Set1|Draw1|col5,T,combined,1,1,1,1,5,1,37*,3,3,True,1,10,57,6
Ohio4,LS1,Midday,Set1,Draw1,5,col5,Midday|Set1|Draw1|col5,T,combined,1,1,1,1,5,2,37*,3,3,True,1,10,57,6
Ohio4,LS1,Midday,Set1,Draw1,5,col5,Midday|Set1|Draw1|col5,T,combined,1,1,1,1,5,3,3*,2,2,True,1,10,57,6
Ohio4,LS1,Midday,Set1,Draw1,5,col5,Midday|Set1|Draw1|col5,T,combined,1,1,1,1,5,4,3*,2,2,True,1,10,57,6
Ohio4,LS1,Midday,Set1,Draw1,5,col5,Midday|Set1|Draw1|col5,T,combined,1,1,1,1,5,10,*,1,1,True,1,10,57,6
Ohio4,LS1,Midday,Set1,Draw1,4,col4,Midday|Set1|Draw1|col4,A,own,1,1,1,1,4,0,9001137*,8,6,False,2,6,29,6
Ohio4,LS1,Midday,Set1,Draw1,4,col4,Midday|Set1|Draw1|col4,A,own,1,1,1,1,4,1,1137*,5,4,False,2,6,29,6
Ohio4,LS1,Midday,Set1,Draw1,4,col4,Midday|Set1|Draw1|col4,A,own,1,1,1,1,4,2,113*,4,3,True,2,6,29,6
Ohio4,LS1,Midday,Set1,Draw1,4,col4,Midday|Set1|Draw1|col4,A,own,1,1,1,1,4,3,3*,2,2,True,2,6,29,6
Ohio4,LS1,Midday,Set1,Draw1,4,col4,Midday|Set1|Draw1|col4,A,own,1,1,1,1,4,4,3*,2,2,True,2,6,29,6
Ohio4,LS1,Midday,Set1,Draw1,4,col4,Midday|Set1|Draw1|col4,A,own,1,1,1,1,4,6,*,1,1,True,2,6,29,6
Ohio4,LS1,Midday,Set1,Draw1,4,col4,Midday|Set1|Draw1|col4,A,combined,1,1,1,1,4,0,9001137*,8,6,False,3,10,57,8
Ohio4,LS1,Midday,Set1,Draw1,4,col4,Midday|Set1|Draw1|col4,A,combined,1,1,1,1,4,1,1137*,5,4,False,3,10,57,8
Ohio4,LS1,Midday,Set1,Draw1,4,col4,Midday|Set1|Draw1|col4,A,combined,1,1,1,1,4,2,1137*,5,4,False,3,10,57,8
Ohio4,LS1,Midday,Set1,Draw1,4,col4,Midday|Set1|Draw1|col4,A,combined,1,1,1,1,4,3,113*,4,3,True,3,10,57,8
Ohio4,LS1,Midday,Set1,Draw1,4,col4,Midday|Set1|Draw1|col4,A,combined,1,1,1,1,4,4,113*,4,3,True,3,10,57,8
Ohio4,LS1,Midday,Set1,Draw1,4,col4,Midday|Set1|Draw1|col4,A,combined,1,1,1,1,4,5,3*,2,2,True,3,10,57,8
Ohio4,LS1,Midday,Set1,Draw1,4,col4,Midday|Set1|Draw1|col4,A,combined,1,1,1,1,4,6,3*,2,2,True,3,10,57,8
Ohio4,LS1,Midday,Set1,Draw1,4,col4,Midday|Set1|Draw1|col4,A,combined,1,1,1,1,4,10,*,1,1,True,3,10,57,8
Ohio4,LS1,Midday,Set1,Draw1,4,col4,Midday|Set1|Draw1|col4,B,own,1,1,1,1,4,0,9001137*,8,6,False,1,6,29,5
Ohio4,LS1,Midday,Set1,Draw1,4,col4,Midday|Set1|Draw1|col4,B,own,1,1,1,1,4,1,37*,3,3,True,1,6,29,5
Ohio4,LS1,Midday,Set1,Draw1,4,col4,Midday|Set1|Draw1|col4,B,own,1,1,1,1,4,2,3*,2,2,True,1,6,29,5
Ohio4,LS1,Midday,Set1,Draw1,4,col4,Midday|Set1|Draw1|col4,B,own,1,1,1,1,4,3,3*,2,2,True,1,6,29,5
Ohio4,LS1,Midday,Set1,Draw1,4,col4,Midday|Set1|Draw1|col4,B,own,1,1,1,1,4,6,*,1,1,True,1,6,29,5
Ohio4,LS1,Midday,Set1,Draw1,4,col4,Midday|Set1|Draw1|col4,B,combined,1,1,1,1,4,0,9001137*,8,6,False,1,3,57,4
Ohio4,LS1,Midday,Set1,Draw1,4,col4,Midday|Set1|Draw1|col4,B,combined,1,1,1,1,4,1,37*,3,3,True,1,3,57,4
Ohio4,LS1,Midday,Set1,Draw1,4,col4,Midday|Set1|Draw1|col4,B,combined,1,1,1,1,4,2,7*,2,2,True,1,3,57,4
Ohio4,LS1,Midday,Set1,Draw1,4,col4,Midday|Set1|Draw1|col4,B,combined,1,1,1,1,4,3,*,1,1,True,1,3,57,4
Ohio4,LS1,Midday,Set1,Draw1,4,col4,Midday|Set1|Draw1|col4,C,own,1,1,1,1,4,0,9001137*,8,6,False,1,6,29,5
Ohio4,LS1,Midday,Set1,Draw1,4,col4,Midday|Set1|Draw1|col4,C,own,1,1,1,1,4,1,37*,3,3,True,1,6,29,5
Ohio4,LS1,Midday,Set1,Draw1,4,col4,Midday|Set1|Draw1|col4,C,own,1,1,1,1,4,2,3*,2,2,True,1,6,29,5
Ohio4,LS1,Midday,Set1,Draw1,4,col4,Midday|Set1|Draw1|col4,C,own,1,1,1,1,4,3,3*,2,2,True,1,6,29,5
Ohio4,LS1,Midday,Set1,Draw1,4,col4,Midday|Set1|Draw1|col4,C,own,1,1,1,1,4,6,*,1,1,True,1,6,29,5
Ohio4,LS1,Midday,Set1,Draw1,4,col4,Midday|Set1|Draw1|col4,C,combined,1,1,1,1,4,0,9001137*,8,6,False,1,3,57,4
Ohio4,LS1,Midday,Set1,Draw1,4,col4,Midday|Set1|Draw1|col4,C,combined,1,1,1,1,4,1,37*,3,3,True,1,3,57,4
Ohio4,LS1,Midday,Set1,Draw1,4,col4,Midday|Set1|Draw1|col4,C,combined,1,1,1,1,4,2,7*,2,2,True,1,3,57,4
Ohio4,LS1,Midday,Set1,Draw1,4,col4,Midday|Set1|Draw1|col4,C,combined,1,1,1,1,4,3,*,1,1,True,1,3,57,4
Ohio4,LS1,Midday,Set1,Draw1,4,col4,Midday|Set1|Draw1|col4,D,own,1,1,1,1,4,0,9001137*,8,6,False,2,6,29,6
Ohio4,LS1,Midday,Set1,Draw1,4,col4,Midday|Set1|Draw1|col4,D,own,1,1,1,1,4,1,137*,4,4,False,2,6,29,6
Ohio4,LS1,Midday,Set1,Draw1,4,col4,Midday|Set1|Draw1|col4,D,own,1,1,1,1,4,2,13*,3,3,True,2,6,29,6
Ohio4,LS1,Midday,Set1,Draw1,4,col4,Midday|Set1|Draw1|col4,D,own,1,1,1,1,4,3,3*,2,2,True,2,6,29,6
Ohio4,LS1,Midday,Set1,Draw1,4,col4,Midday|Set1|Draw1|col4,D,own,1,1,1,1,4,4,3*,2,2,True,2,6,29,6
Ohio4,LS1,Midday,Set1,Draw1,4,col4,Midday|Set1|Draw1|col4,D,own,1,1,1,1,4,6,*,1,1,True,2,6,29,6
Ohio4,LS1,Midday,Set1,Draw1,4,col4,Midday|Set1|Draw1|col4,D,combined,1,1,1,1,4,0,9001137*,8,6,False,2,3,57,4
Ohio4,LS1,Midday,Set1,Draw1,4,col4,Midday|Set1|Draw1|col4,D,combined,1,1,1,1,4,1,137*,4,4,False,2,3,57,4
Ohio4,LS1,Midday,Set1,Draw1,4,col4,Midday|Set1|Draw1|col4,D,combined,1,1,1,1,4,2,7*,2,2,True,2,3,57,4
Ohio4,LS1,Midday,Set1,Draw1,4,col4,Midday|Set1|Draw1|col4,D,combined,1,1,1,1,4,3,*,1,1,True,2,3,57,4
Ohio4,LS1,Midday,Set1,Draw1,4,col4,Midday|Set1|Draw1|col4,E,own,1,1,1,1,4,0,9001137*,8,6,False,2,6,29,6
Ohio4,LS1,Midday,Set1,Draw1,4,col4,Midday|Set1|Draw1|col4,E,own,1,1,1,1,4,1,0137*,5,5,False,2,6,29,6
Ohio4,LS1,Midday,Set1,Draw1,4,col4,Midday|Set1|Draw1|col4,E,own,1,1,1,1,4,2,13*,3,3,True,2,6,29,6
Ohio4,LS1,Midday,Set1,Draw1,4,col4,Midday|Set1|Draw1|col4,E,own,1,1,1,1,4,3,3*,2,2,True,2,6,29,6
Ohio4,LS1,Midday,Set1,Draw1,4,col4,Midday|Set1|Draw1|col4,E,own,1,1,1,1,4,4,3*,2,2,True,2,6,29,6
Ohio4,LS1,Midday,Set1,Draw1,4,col4,Midday|Set1|Draw1|col4,E,own,1,1,1,1,4,6,*,1,1,True,2,6,29,6
Ohio4,LS1,Midday,Set1,Draw1,4,col4,Midday|Set1|Draw1|col4,E,combined,1,1,1,1,4,0,9001137*,8,6,False,2,3,57,4
Ohio4,LS1,Midday,Set1,Draw1,4,col4,Midday|Set1|Draw1|col4,E,combined,1,1,1,1,4,1,0137*,5,5,False,2,3,57,4
Ohio4,LS1,Midday,Set1,Draw1,4,col4,Midday|Set1|Draw1|col4,E,combined,1,1,1,1,4,2,07*,3,3,True,2,3,57,4
Ohio4,LS1,Midday,Set1,Draw1,4,col4,Midday|Set1|Draw1|col4,E,combined,1,1,1,1,4,3,*,1,1,True,2,3,57,4
Ohio4,LS1,Midday,Set1,Draw1,4,col4,Midday|Set1|Draw1|col4,T,own,1,1,1,1,4,0,9001137*,8,6,False,1,6,29,5
Ohio4,LS1,Midday,Set1,Draw1,4,col4,Midday|Set1|Draw1|col4,T,own,1,1,1,1,4,1,37*,3,3,True,1,6,29,5
Ohio4,LS1,Midday,Set1,Draw1,4,col4,Midday|Set1|Draw1|col4,T,own,1,1,1,1,4,2,3*,2,2,True,1,6,29,5
Ohio4,LS1,Midday,Set1,Draw1,4,col4,Midday|Set1|Draw1|col4,T,own,1,1,1,1,4,3,3*,2,2,True,1,6,29,5
Ohio4,LS1,Midday,Set1,Draw1,4,col4,Midday|Set1|Draw1|col4,T,own,1,1,1,1,4,6,*,1,1,True,1,6,29,5
Ohio4,LS1,Midday,Set1,Draw1,4,col4,Midday|Set1|Draw1|col4,T,combined,1,1,1,1,4,0,9001137*,8,6,False,1,10,57,6
Ohio4,LS1,Midday,Set1,Draw1,4,col4,Midday|Set1|Draw1|col4,T,combined,1,1,1,1,4,1,37*,3,3,True,1,10,57,6
Ohio4,LS1,Midday,Set1,Draw1,4,col4,Midday|Set1|Draw1|col4,T,combined,1,1,1,1,4,2,37*,3,3,True,1,10,57,6
Ohio4,LS1,Midday,Set1,Draw1,4,col4,Midday|Set1|Draw1|col4,T,combined,1,1,1,1,4,3,3*,2,2,True,1,10,57,6
Ohio4,LS1,Midday,Set1,Draw1,4,col4,Midday|Set1|Draw1|col4,T,combined,1,1,1,1,4,4,3*,2,2,True,1,10,57,6
Ohio4,LS1,Midday,Set1,Draw1,4,col4,Midday|Set1|Draw1|col4,T,combined,1,1,1,1,4,10,*,1,1,True,1,10,57,6
Ohio4,LS1,Midday,Set1,Draw1,2,col2,Midday|Set1|Draw1|col2,A,own,1,1,1,1,2,0,903**,5,4,False,1,6,29,4
Ohio4,LS1,Midday,Set1,Draw1,2,col2,Midday|Set1|Draw1|col2,A,own,1,1,1,1,2,1,3**,3,2,True,1,6,29,4
Ohio4,LS1,Midday,Set1,Draw1,2,col2,Midday|Set1|Draw1|col2,A,own,1,1,1,1,2,2,3**,3,2,True,1,6,29,4
Ohio4,LS1,Midday,Set1,Draw1,2,col2,Midday|Set1|Draw1|col2,A,own,1,1,1,1,2,6,**,2,1,True,1,6,29,4
Ohio4,LS1,Midday,Set1,Draw1,2,col2,Midday|Set1|Draw1|col2,A,combined,1,1,1,1,2,0,903**,5,4,False,1,10,57,4
Ohio4,LS1,Midday,Set1,Draw1,2,col2,Midday|Set1|Draw1|col2,A,combined,1,1,1,1,2,1,3**,3,2,True,1,10,57,4
Ohio4,LS1,Midday,Set1,Draw1,2,col2,Midday|Set1|Draw1|col2,A,combined,1,1,1,1,2,2,3**,3,2,True,1,10,57,4
Ohio4,LS1,Midday,Set1,Draw1,2,col2,Midday|Set1|Draw1|col2,A,combined,1,1,1,1,2,10,**,2,1,True,1,10,57,4
Ohio4,LS1,Midday,Set1,Draw1,2,col2,Midday|Set1|Draw1|col2,B,own,1,1,1,1,2,0,903**,5,4,False,1,6,29,4
Ohio4,LS1,Midday,Set1,Draw1,2,col2,Midday|Set1|Draw1|col2,B,own,1,1,1,1,2,1,3**,3,2,True,1,6,29,4
Ohio4,LS1,Midday,Set1,Draw1,2,col2,Midday|Set1|Draw1|col2,B,own,1,1,1,1,2,2,3**,3,2,True,1,6,29,4
Ohio4,LS1,Midday,Set1,Draw1,2,col2,Midday|Set1|Draw1|col2,B,own,1,1,1,1,2,6,**,2,1,True,1,6,29,4
Ohio4,LS1,Midday,Set1,Draw1,2,col2,Midday|Set1|Draw1|col2,B,combined,1,1,1,1,2,0,903**,5,4,False,1,2,57,3
Ohio4,LS1,Midday,Set1,Draw1,2,col2,Midday|Set1|Draw1|col2,B,combined,1,1,1,1,2,1,3**,3,2,True,1,2,57,3
Ohio4,LS1,Midday,Set1,Draw1,2,col2,Midday|Set1|Draw1|col2,B,combined,1,1,1,1,2,2,**,2,1,True,1,2,57,3
Ohio4,LS1,Midday,Set1,Draw1,2,col2,Midday|Set1|Draw1|col2,C,own,1,1,1,1,2,0,903**,5,4,False,1,6,29,4
Ohio4,LS1,Midday,Set1,Draw1,2,col2,Midday|Set1|Draw1|col2,C,own,1,1,1,1,2,1,3**,3,2,True,1,6,29,4
Ohio4,LS1,Midday,Set1,Draw1,2,col2,Midday|Set1|Draw1|col2,C,own,1,1,1,1,2,2,3**,3,2,True,1,6,29,4
Ohio4,LS1,Midday,Set1,Draw1,2,col2,Midday|Set1|Draw1|col2,C,own,1,1,1,1,2,6,**,2,1,True,1,6,29,4
Ohio4,LS1,Midday,Set1,Draw1,2,col2,Midday|Set1|Draw1|col2,C,combined,1,1,1,1,2,0,903**,5,4,False,1,2,57,3
Ohio4,LS1,Midday,Set1,Draw1,2,col2,Midday|Set1|Draw1|col2,C,combined,1,1,1,1,2,1,3**,3,2,True,1,2,57,3
Ohio4,LS1,Midday,Set1,Draw1,2,col2,Midday|Set1|Draw1|col2,C,combined,1,1,1,1,2,2,**,2,1,True,1,2,57,3
Ohio4,LS1,Midday,Set1,Draw1,2,col2,Midday|Set1|Draw1|col2,D,own,1,1,1,1,2,0,903**,5,4,False,1,6,29,4
Ohio4,LS1,Midday,Set1,Draw1,2,col2,Midday|Set1|Draw1|col2,D,own,1,1,1,1,2,1,3**,3,2,True,1,6,29,4
Ohio4,LS1,Midday,Set1,Draw1,2,col2,Midday|Set1|Draw1|col2,D,own,1,1,1,1,2,2,3**,3,2,True,1,6,29,4
Ohio4,LS1,Midday,Set1,Draw1,2,col2,Midday|Set1|Draw1|col2,D,own,1,1,1,1,2,6,**,2,1,True,1,6,29,4
Ohio4,LS1,Midday,Set1,Draw1,2,col2,Midday|Set1|Draw1|col2,D,combined,1,1,1,1,2,0,903**,5,4,False,1,2,57,3
Ohio4,LS1,Midday,Set1,Draw1,2,col2,Midday|Set1|Draw1|col2,D,combined,1,1,1,1,2,1,3**,3,2,True,1,2,57,3
Ohio4,LS1,Midday,Set1,Draw1,2,col2,Midday|Set1|Draw1|col2,D,combined,1,1,1,1,2,2,**,2,1,True,1,2,57,3
Ohio4,LS1,Midday,Set1,Draw1,2,col2,Midday|Set1|Draw1|col2,E,own,1,1,1,1,2,0,903**,5,4,False,1,6,29,4
Ohio4,LS1,Midday,Set1,Draw1,2,col2,Midday|Set1|Draw1|col2,E,own,1,1,1,1,2,1,3**,3,2,True,1,6,29,4
Ohio4,LS1,Midday,Set1,Draw1,2,col2,Midday|Set1|Draw1|col2,E,own,1,1,1,1,2,2,3**,3,2,True,1,6,29,4
Ohio4,LS1,Midday,Set1,Draw1,2,col2,Midday|Set1|Draw1|col2,E,own,1,1,1,1,2,6,**,2,1,True,1,6,29,4
Ohio4,LS1,Midday,Set1,Draw1,2,col2,Midday|Set1|Draw1|col2,E,combined,1,1,1,1,2,0,903**,5,4,False,1,2,57,3
Ohio4,LS1,Midday,Set1,Draw1,2,col2,Midday|Set1|Draw1|col2,E,combined,1,1,1,1,2,1,3**,3,2,True,1,2,57,3
Ohio4,LS1,Midday,Set1,Draw1,2,col2,Midday|Set1|Draw1|col2,E,combined,1,1,1,1,2,2,**,2,1,True,1,2,57,3
Ohio4,LS1,Midday,Set1,Draw1,2,col2,Midday|Set1|Draw1|col2,T,own,1,1,1,1,2,0,903**,5,4,False,1,6,29,4
Ohio4,LS1,Midday,Set1,Draw1,2,col2,Midday|Set1|Draw1|col2,T,own,1,1,1,1,2,1,3**,3,2,True,1,6,29,4
Ohio4,LS1,Midday,Set1,Draw1,2,col2,Midday|Set1|Draw1|col2,T,own,1,1,1,1,2,2,3**,3,2,True,1,6,29,4
Ohio4,LS1,Midday,Set1,Draw1,2,col2,Midday|Set1|Draw1|col2,T,own,1,1,1,1,2,6,**,2,1,True,1,6,29,4
Ohio4,LS1,Midday,Set1,Draw1,2,col2,Midday|Set1|Draw1|col2,T,combined,1,1,1,1,2,0,903**,5,4,False,1,10,57,4
Ohio4,LS1,Midday,Set1,Draw1,2,col2,Midday|Set1|Draw1|col2,T,combined,1,1,1,1,2,1,3**,3,2,True,1,10,57,4
Ohio4,LS1,Midday,Set1,Draw1,2,col2,Midday|Set1|Draw1|col2,T,combined,1,1,1,1,2,2,3**,3,2,True,1,10,57,4
Ohio4,LS1,Midday,Set1,Draw1,2,col2,Midday|Set1|Draw1|col2,T,combined,1,1,1,1,2,10,**,2,1,True,1,10,57,4
Ohio4,LS1,Midday,Set1,Draw2,6,col6,Midday|Set1|Draw2|col6,A,own,1,1,1,2,6,0,55992001137,11,7,False,2,6,7,7
Ohio4,LS1,Midday,Set1,Draw2,6,col6,Midday|Set1|Draw2|col6,A,own,1,1,1,2,6,1,5521137,7,5,False,2,6,7,7
Ohio4,LS1,Midday,Set1,Draw2,6,col6,Midday|Set1|Draw2|col6,A,own,1,1,1,2,6,2,55113,5,3,True,2,6,7,7
Ohio4,LS1,Midday,Set1,Draw2,6,col6,Midday|Set1|Draw2|col6,A,own,1,1,1,2,6,3,553,3,2,True,2,6,7,7
Ohio4,LS1,Midday,Set1,Draw2,6,col6,Midday|Set1|Draw2|col6,A,own,1,1,1,2,6,4,3,1,1,True,2,6,7,7
Ohio4,LS1,Midday,Set1,Draw2,6,col6,Midday|Set1|Draw2|col6,A,own,1,1,1,2,6,5,3,1,1,True,2,6,7,7
Ohio4,LS1,Midday,Set1,Draw2,6,col6,Midday|Set1|Draw2|col6,A,own,1,1,1,2,6,6,,0,0,False,2,6,7,7
Ohio4,LS1,Midday,Set1,Draw2,6,col6,Midday|Set1|Draw2|col6,A,combined,1,1,1,2,6,0,55992001137,11,7,False,3,10,11,10
Ohio4,LS1,Midday,Set1,Draw2,6,col6,Midday|Set1|Draw2|col6,A,combined,1,1,1,2,6,1,5521137,7,5,False,3,10,11,10
Ohio4,LS1,Midday,Set1,Draw2,6,col6,Midday|Set1|Draw2|col6,A,combined,1,1,1,2,6,2,5521137,7,5,False,3,10,11,10
Ohio4,LS1,Midday,Set1,Draw2,6,col6,Midday|Set1|Draw2|col6,A,combined,1,1,1,2,6,3,55113,5,3,True,3,10,11,10
Ohio4,LS1,Midday,Set1,Draw2,6,col6,Midday|Set1|Draw2|col6,A,combined,1,1,1,2,6,4,55113,5,3,True,3,10,11,10
Ohio4,LS1,Midday,Set1,Draw2,6,col6,Midday|Set1|Draw2|col6,A,combined,1,1,1,2,6,5,553,3,2,True,3,10,11,10
Ohio4,LS1,Midday,Set1,Draw2,6,col6,Midday|Set1|Draw2|col6,A,combined,1,1,1,2,6,6,553,3,2,True,3,10,11,10
Ohio4,LS1,Midday,Set1,Draw2,6,col6,Midday|Set1|Draw2|col6,A,combined,1,1,1,2,6,7,3,1,1,True,3,10,11,10
Ohio4,LS1,Midday,Set1,Draw2,6,col6,Midday|Set1|Draw2|col6,A,combined,1,1,1,2,6,8,3,1,1,True,3,10,11,10
Ohio4,LS1,Midday,Set1,Draw2,6,col6,Midday|Set1|Draw2|col6,A,combined,1,1,1,2,6,10,,0,0,False,3,10,11,10
Ohio4,LS1,Midday,Set1,Draw2,6,col6,Midday|Set1|Draw2|col6,B,own,1,1,1,2,6,0,55992001137,11,7,False,2,6,7,5
Ohio4,LS1,Midday,Set1,Draw2,6,col6,Midday|Set1|Draw2|col6,B,own,1,1,1,2,6,1,55237,5,4,False,2,6,7,5
Ohio4,LS1,Midday,Set1,Draw2,6,col6,Midday|Set1|Draw2|col6,B,own,1,1,1,2,6,2,3,1,1,True,2,6,7,5
Ohio4,LS1,Midday,Set1,Draw2,6,col6,Midday|Set1|Draw2|col6,B,own,1,1,1,2,6,3,3,1,1,True,2,6,7,5
Ohio4,LS1,Midday,Set1,Draw2,6,col6,Midday|Set1|Draw2|col6,B,own,1,1,1,2,6,6,,0,0,False,2,6,7,5
Ohio4,LS1,Midday,Set1,Draw2,6,col6,Midday|Set1|Draw2|col6,B,combined,1,1,1,2,6,0,55992001137,11,7,False,2,3,4,4
Ohio4,LS1,Midday,Set1,Draw2,6,col6,Midday|Set1|Draw2|col6,B,combined,1,1,1,2,6,1,55237,5,4,False,2,3,4,4
Ohio4,LS1,Midday,Set1,Draw2,6,col6,Midday|Set1|Draw2|col6,B,combined,1,1,1,2,6,2,5527,4,3,True,2,3,4,4
Ohio4,LS1,Midday,Set1,Draw2,6,col6,Midday|Set1|Draw2|col6,B,combined,1,1,1,2,6,3,,0,0,False,2,3,4,4
Ohio4,LS1,Midday,Set1,Draw2,6,col6,Midday|Set1|Draw2|col6,C,own,1,1,1,2,6,0,55992001137,11,7,False,1,6,7,5
Ohio4,LS1,Midday,Set1,Draw2,6,col6,Midday|Set1|Draw2|col6,C,own,1,1,1,2,6,1,237,3,3,True,1,6,7,5
Ohio4,LS1,Midday,Set1,Draw2,6,col6,Midday|Set1|Draw2|col6,C,own,1,1,1,2,6,2,3,1,1,True,1,6,7,5
Ohio4,LS1,Midday,Set1,Draw2,6,col6,Midday|Set1|Draw2|col6,C,own,1,1,1,2,6,3,3,1,1,True,1,6,7,5
Ohio4,LS1,Midday,Set1,Draw2,6,col6,Midday|Set1|Draw2|col6,C,own,1,1,1,2,6,6,,0,0,False,1,6,7,5
Ohio4,LS1,Midday,Set1,Draw2,6,col6,Midday|Set1|Draw2|col6,C,combined,1,1,1,2,6,0,55992001137,11,7,False,1,3,4,4
Ohio4,LS1,Midday,Set1,Draw2,6,col6,Midday|Set1|Draw2|col6,C,combined,1,1,1,2,6,1,237,3,3,True,1,3,4,4
Ohio4,LS1,Midday,Set1,Draw2,6,col6,Midday|Set1|Draw2|col6,C,combined,1,1,1,2,6,2,27,2,2,True,1,3,4,4
Ohio4,LS1,Midday,Set1,Draw2,6,col6,Midday|Set1|Draw2|col6,C,combined,1,1,1,2,6,3,,0,0,False,1,3,4,4
Ohio4,LS1,Midday,Set1,Draw2,6,col6,Midday|Set1|Draw2|col6,D,own,1,1,1,2,6,0,55992001137,11,7,False,2,6,7,6
Ohio4,LS1,Midday,Set1,Draw2,6,col6,Midday|Set1|Draw2|col6,D,own,1,1,1,2,6,1,52137,5,5,False,2,6,7,6
Ohio4,LS1,Midday,Set1,Draw2,6,col6,Midday|Set1|Draw2|col6,D,own,1,1,1,2,6,2,13,2,2,True,2,6,7,6
Ohio4,LS1,Midday,Set1,Draw2,6,col6,Midday|Set1|Draw2|col6,D,own,1,1,1,2,6,3,3,1,1,True,2,6,7,6
Ohio4,LS1,Midday,Set1,Draw2,6,col6,Midday|Set1|Draw2|col6,D,own,1,1,1,2,6,4,3,1,1,True,2,6,7,6
Ohio4,LS1,Midday,Set1,Draw2,6,col6,Midday|Set1|Draw2|col6,D,own,1,1,1,2,6,6,,0,0,False,2,6,7,6
Ohio4,LS1,Midday,Set1,Draw2,6,col6,Midday|Set1|Draw2|col6,D,combined,1,1,1,2,6,0,55992001137,11,7,False,2,3,4,4
Ohio4,LS1,Midday,Set1,Draw2,6,col6,Midday|Set1|Draw2|col6,D,combined,1,1,1,2,6,1,52137,5,5,False,2,3,4,4
Ohio4,LS1,Midday,Set1,Draw2,6,col6,Midday|Set1|Draw2|col6,D,combined,1,1,1,2,6,2,527,3,3,True,2,3,4,4
Ohio4,LS1,Midday,Set1,Draw2,6,col6,Midday|Set1|Draw2|col6,D,combined,1,1,1,2,6,3,,0,0,False,2,3,4,4
Ohio4,LS1,Midday,Set1,Draw2,6,col6,Midday|Set1|Draw2|col6,E,own,1,1,1,2,6,0,55992001137,11,7,False,3,6,7,7
Ohio4,LS1,Midday,Set1,Draw2,6,col6,Midday|Set1|Draw2|col6,E,own,1,1,1,2,6,1,55920137,8,7,False,3,6,7,7
Ohio4,LS1,Midday,Set1,Draw2,6,col6,Midday|Set1|Draw2|col6,E,own,1,1,1,2,6,2,55913,5,4,False,3,6,7,7
Ohio4,LS1,Midday,Set1,Draw2,6,col6,Midday|Set1|Draw2|col6,E,own,1,1,1,2,6,3,5593,4,3,True,3,6,7,7
Ohio4,LS1,Midday,Set1,Draw2,6,col6,Midday|Set1|Draw2|col6,E,own,1,1,1,2,6,4,53,2,2,True,3,6,7,7
Ohio4,LS1,Midday,Set1,Draw2,6,col6,Midday|Set1|Draw2|col6,E,own,1,1,1,2,6,5,3,1,1,True,3,6,7,7
Ohio4,LS1,Midday,Set1,Draw2,6,col6,Midday|Set1|Draw2|col6,E,own,1,1,1,2,6,6,,0,0,False,3,6,7,7
Ohio4,LS1,Midday,Set1,Draw2,6,col6,Midday|Set1|Draw2|col6,E,combined,1,1,1,2,6,0,55992001137,11,7,False,3,8,9,8
Ohio4,LS1,Midday,Set1,Draw2,6,col6,Midday|Set1|Draw2|col6,E,combined,1,1,1,2,6,1,55920137,8,7,False,3,8,9,8
Ohio4,LS1,Midday,Set1,Draw2,6,col6,Midday|Set1|Draw2|col6,E,combined,1,1,1,2,6,2,559207,6,5,False,3,8,9,8
Ohio4,LS1,Midday,Set1,Draw2,6,col6,Midday|Set1|Draw2|col6,E,combined,1,1,1,2,6,3,559,3,2,True,3,8,9,8
Ohio4,LS1,Midday,Set1,Draw2,6,col6,Midday|Set1|Draw2|col6,E,combined,1,1,1,2,6,4,55,2,1,True,3,8,9,8
Ohio4,LS1,Midday,Set1,Draw2,6,col6,Midday|Set1|Draw2|col6,E,combined,1,1,1,2,6,5,55,2,1,True,3,8,9,8
Ohio4,LS1,Midday,Set1,Draw2,6,col6,Midday|Set1|Draw2|col6,E,combined,1,1,1,2,6,7,5,1,1,True,3,8,9,8
Ohio4,LS1,Midday,Set1,Draw2,6,col6,Midday|Set1|Draw2|col6,E,combined,1,1,1,2,6,8,,0,0,False,3,8,9,8
Ohio4,LS1,Midday,Set1,Draw2,6,col6,Midday|Set1|Draw2|col6,T,own,1,1,1,2,6,0,55992001137,11,7,False,1,6,7,5
Ohio4,LS1,Midday,Set1,Draw2,6,col6,Midday|Set1|Draw2|col6,T,own,1,1,1,2,6,1,237,3,3,True,1,6,7,5
Ohio4,LS1,Midday,Set1,Draw2,6,col6,Midday|Set1|Draw2|col6,T,own,1,1,1,2,6,2,3,1,1,True,1,6,7,5
Ohio4,LS1,Midday,Set1,Draw2,6,col6,Midday|Set1|Draw2|col6,T,own,1,1,1,2,6,3,3,1,1,True,1,6,7,5
Ohio4,LS1,Midday,Set1,Draw2,6,col6,Midday|Set1|Draw2|col6,T,own,1,1,1,2,6,6,,0,0,False,1,6,7,5
Ohio4,LS1,Midday,Set1,Draw2,6,col6,Midday|Set1|Draw2|col6,T,combined,1,1,1,2,6,0,55992001137,11,7,False,1,10,11,6
Ohio4,LS1,Midday,Set1,Draw2,6,col6,Midday|Set1|Draw2|col6,T,combined,1,1,1,2,6,1,237,3,3,True,1,10,11,6
Ohio4,LS1,Midday,Set1,Draw2,6,col6,Midday|Set1|Draw2|col6,T,combined,1,1,1,2,6,2,237,3,3,True,1,10,11,6
Ohio4,LS1,Midday,Set1,Draw2,6,col6,Midday|Set1|Draw2|col6,T,combined,1,1,1,2,6,3,3,1,1,True,1,10,11,6
Ohio4,LS1,Midday,Set1,Draw2,6,col6,Midday|Set1|Draw2|col6,T,combined,1,1,1,2,6,4,3,1,1,True,1,10,11,6
Ohio4,LS1,Midday,Set1,Draw2,6,col6,Midday|Set1|Draw2|col6,T,combined,1,1,1,2,6,10,,0,0,False,1,10,11,6
Ohio4,LS1,Midday,Set1,Draw2,5,col5,Midday|Set1|Draw2|col5,A,own,1,1,1,2,5,0,99001137,8,5,False,1,6,7,6
Ohio4,LS1,Midday,Set1,Draw2,5,col5,Midday|Set1|Draw2|col5,A,own,1,1,1,2,5,1,1137,4,3,True,1,6,7,6
Ohio4,LS1,Midday,Set1,Draw2,5,col5,Midday|Set1|Draw2|col5,A,own,1,1,1,2,5,2,113,3,2,True,1,6,7,6
Ohio4,LS1,Midday,Set1,Draw2,5,col5,Midday|Set1|Draw2|col5,A,own,1,1,1,2,5,3,3,1,1,True,1,6,7,6
Ohio4,LS1,Midday,Set1,Draw2,5,col5,Midday|Set1|Draw2|col5,A,own,1,1,1,2,5,4,3,1,1,True,1,6,7,6
Ohio4,LS1,Midday,Set1,Draw2,5,col5,Midday|Set1|Draw2|col5,A,own,1,1,1,2,5,6,,0,0,False,1,6,7,6
Ohio4,LS1,Midday,Set1,Draw2,5,col5,Midday|Set1|Draw2|col5,A,combined,1,1,1,2,5,0,99001137,8,5,False,1,10,11,8
Ohio4,LS1,Midday,Set1,Draw2,5,col5,Midday|Set1|Draw2|col5,A,combined,1,1,1,2,5,1,1137,4,3,True,1,10,11,8
Ohio4,LS1,Midday,Set1,Draw2,5,col5,Midday|Set1|Draw2|col5,A,combined,1,1,1,2,5,2,1137,4,3,True,1,10,11,8
Ohio4,LS1,Midday,Set1,Draw2,5,col5,Midday|Set1|Draw2|col5,A,combined,1,1,1,2,5,3,113,3,2,True,1,10,11,8
Ohio4,LS1,Midday,Set1,Draw2,5,col5,Midday|Set1|Draw2|col5,A,combined,1,1,1,2,5,4,113,3,2,True,1,10,11,8
Ohio4,LS1,Midday,Set1,Draw2,5,col5,Midday|Set1|Draw2|col5,A,combined,1,1,1,2,5,5,3,1,1,True,1,10,11,8
Ohio4,LS1,Midday,Set1,Draw2,5,col5,Midday|Set1|Draw2|col5,A,combined,1,1,1,2,5,6,3,1,1,True,1,10,11,8
Ohio4,LS1,Midday,Set1,Draw2,5,col5,Midday|Set1|Draw2|col5,A,combined,1,1,1,2,5,10,,0,0,False,1,10,11,8
Ohio4,LS1,Midday,Set1,Draw2,5,col5,Midday|Set1|Draw2|col5,B,own,1,1,1,2,5,0,99001137,8,5,False,1,6,7,5
Ohio4,LS1,Midday,Set1,Draw2,5,col5,Midday|Set1|Draw2|col5,B,own,1,1,1,2,5,1,37,2,2,True,1,6,7,5
Ohio4,LS1,Midday,Set1,Draw2,5,col5,Midday|Set1|Draw2|col5,B,own,1,1,1,2,5,2,3,1,1,True,1,6,7,5
Ohio4,LS1,Midday,Set1,Draw2,5,col5,Midday|Set1|Draw2|col5,B,own,1,1,1,2,5,3,3,1,1,True,1,6,7,5
Ohio4,LS1,Midday,Set1,Draw2,5,col5,Midday|Set1|Draw2|col5,B,own,1,1,1,2,5,6,,0,0,False,1,6,7,5
Ohio4,LS1,Midday,Set1,Draw2,5,col5,Midday|Set1|Draw2|col5,B,combined,1,1,1,2,5,0,99001137,8,5,False,1,3,4,4
Ohio4,LS1,Midday,Set1,Draw2,5,col5,Midday|Set1|Draw2|col5,B,combined,1,1,1,2,5,1,37,2,2,True,1,3,4,4
Ohio4,LS1,Midday,Set1,Draw2,5,col5,Midday|Set1|Draw2|col5,B,combined,1,1,1,2,5,2,7,1,1,True,1,3,4,4
Ohio4,LS1,Midday,Set1,Draw2,5,col5,Midday|Set1|Draw2|col5,B,combined,1,1,1,2,5,3,,0,0,False,1,3,4,4
Ohio4,LS1,Midday,Set1,Draw2,5,col5,Midday|Set1|Draw2|col5,C,own,1,1,1,2,5,0,99001137,8,5,False,1,6,7,5
Ohio4,LS1,Midday,Set1,Draw2,5,col5,Midday|Set1|Draw2|col5,C,own,1,1,1,2,5,1,37,2,2,True,1,6,7,5
Ohio4,LS1,Midday,Set1,Draw2,5,col5,Midday|Set1|Draw2|col5,C,own,1,1,1,2,5,2,3,1,1,True,1,6,7,5
Ohio4,LS1,Midday,Set1,Draw2,5,col5,Midday|Set1|Draw2|col5,C,own,1,1,1,2,5,3,3,1,1,True,1,6,7,5
Ohio4,LS1,Midday,Set1,Draw2,5,col5,Midday|Set1|Draw2|col5,C,own,1,1,1,2,5,6,,0,0,False,1,6,7,5
Ohio4,LS1,Midday,Set1,Draw2,5,col5,Midday|Set1|Draw2|col5,C,combined,1,1,1,2,5,0,99001137,8,5,False,1,3,4,4
Ohio4,LS1,Midday,Set1,Draw2,5,col5,Midday|Set1|Draw2|col5,C,combined,1,1,1,2,5,1,37,2,2,True,1,3,4,4
Ohio4,LS1,Midday,Set1,Draw2,5,col5,Midday|Set1|Draw2|col5,C,combined,1,1,1,2,5,2,7,1,1,True,1,3,4,4
Ohio4,LS1,Midday,Set1,Draw2,5,col5,Midday|Set1|Draw2|col5,C,combined,1,1,1,2,5,3,,0,0,False,1,3,4,4
Ohio4,LS1,Midday,Set1,Draw2,5,col5,Midday|Set1|Draw2|col5,D,own,1,1,1,2,5,0,99001137,8,5,False,1,6,7,6
Ohio4,LS1,Midday,Set1,Draw2,5,col5,Midday|Set1|Draw2|col5,D,own,1,1,1,2,5,1,137,3,3,True,1,6,7,6
Ohio4,LS1,Midday,Set1,Draw2,5,col5,Midday|Set1|Draw2|col5,D,own,1,1,1,2,5,2,13,2,2,True,1,6,7,6
Ohio4,LS1,Midday,Set1,Draw2,5,col5,Midday|Set1|Draw2|col5,D,own,1,1,1,2,5,3,3,1,1,True,1,6,7,6
Ohio4,LS1,Midday,Set1,Draw2,5,col5,Midday|Set1|Draw2|col5,D,own,1,1,1,2,5,4,3,1,1,True,1,6,7,6
Ohio4,LS1,Midday,Set1,Draw2,5,col5,Midday|Set1|Draw2|col5,D,own,1,1,1,2,5,6,,0,0,False,1,6,7,6
Ohio4,LS1,Midday,Set1,Draw2,5,col5,Midday|Set1|Draw2|col5,D,combined,1,1,1,2,5,0,99001137,8,5,False,1,3,4,4
Ohio4,LS1,Midday,Set1,Draw2,5,col5,Midday|Set1|Draw2|col5,D,combined,1,1,1,2,5,1,137,3,3,True,1,3,4,4
Ohio4,LS1,Midday,Set1,Draw2,5,col5,Midday|Set1|Draw2|col5,D,combined,1,1,1,2,5,2,7,1,1,True,1,3,4,4
Ohio4,LS1,Midday,Set1,Draw2,5,col5,Midday|Set1|Draw2|col5,D,combined,1,1,1,2,5,3,,0,0,False,1,3,4,4
Ohio4,LS1,Midday,Set1,Draw2,5,col5,Midday|Set1|Draw2|col5,E,own,1,1,1,2,5,0,99001137,8,5,False,2,6,7,7
Ohio4,LS1,Midday,Set1,Draw2,5,col5,Midday|Set1|Draw2|col5,E,own,1,1,1,2,5,1,90137,5,5,False,2,6,7,7
Ohio4,LS1,Midday,Set1,Draw2,5,col5,Midday|Set1|Draw2|col5,E,own,1,1,1,2,5,2,913,3,3,True,2,6,7,7
Ohio4,LS1,Midday,Set1,Draw2,5,col5,Midday|Set1|Draw2|col5,E,own,1,1,1,2,5,3,93,2,2,True,2,6,7,7
Ohio4,LS1,Midday,Set1,Draw2,5,col5,Midday|Set1|Draw2|col5,E,own,1,1,1,2,5,4,3,1,1,True,2,6,7,7
Ohio4,LS1,Midday,Set1,Draw2,5,col5,Midday|Set1|Draw2|col5,E,own,1,1,1,2,5,5,3,1,1,True,2,6,7,7
Ohio4,LS1,Midday,Set1,Draw2,5,col5,Midday|Set1|Draw2|col5,E,own,1,1,1,2,5,6,,0,0,False,2,6,7,7
Ohio4,LS1,Midday,Set1,Draw2,5,col5,Midday|Set1|Draw2|col5,E,combined,1,1,1,2,5,0,99001137,8,5,False,2,4,5,5
Ohio4,LS1,Midday,Set1,Draw2,5,col5,Midday|Set1|Draw2|col5,E,combined,1,1,1,2,5,1,90137,5,5,False,2,4,5,5
Ohio4,LS1,Midday,Set1,Draw2,5,col5,Midday|Set1|Draw2|col5,E,combined,1,1,1,2,5,2,907,3,3,True,2,4,5,5
Ohio4,LS1,Midday,Set1,Draw2,5,col5,Midday|Set1|Draw2|col5,E,combined,1,1,1,2,5,3,9,1,1,True,2,4,5,5
Ohio4,LS1,Midday,Set1,Draw2,5,col5,Midday|Set1|Draw2|col5,E,combined,1,1,1,2,5,4,,0,0,False,2,4,5,5
Ohio4,LS1,Midday,Set1,Draw2,5,col5,Midday|Set1|Draw2|col5,T,own,1,1,1,2,5,0,99001137,8,5,False,1,6,7,5
Ohio4,LS1,Midday,Set1,Draw2,5,col5,Midday|Set1|Draw2|col5,T,own,1,1,1,2,5,1,37,2,2,True,1,6,7,5
Ohio4,LS1,Midday,Set1,Draw2,5,col5,Midday|Set1|Draw2|col5,T,own,1,1,1,2,5,2,3,1,1,True,1,6,7,5
Ohio4,LS1,Midday,Set1,Draw2,5,col5,Midday|Set1|Draw2|col5,T,own,1,1,1,2,5,3,3,1,1,True,1,6,7,5
Ohio4,LS1,Midday,Set1,Draw2,5,col5,Midday|Set1|Draw2|col5,T,own,1,1,1,2,5,6,,0,0,False,1,6,7,5
Ohio4,LS1,Midday,Set1,Draw2,5,col5,Midday|Set1|Draw2|col5,T,combined,1,1,1,2,5,0,99001137,8,5,False,1,10,11,6
Ohio4,LS1,Midday,Set1,Draw2,5,col5,Midday|Set1|Draw2|col5,T,combined,1,1,1,2,5,1,37,2,2,True,1,10,11,6
Ohio4,LS1,Midday,Set1,Draw2,5,col5,Midday|Set1|Draw2|col5,T,combined,1,1,1,2,5,2,37,2,2,True,1,10,11,6
Ohio4,LS1,Midday,Set1,Draw2,5,col5,Midday|Set1|Draw2|col5,T,combined,1,1,1,2,5,3,3,1,1,True,1,10,11,6
Ohio4,LS1,Midday,Set1,Draw2,5,col5,Midday|Set1|Draw2|col5,T,combined,1,1,1,2,5,4,3,1,1,True,1,10,11,6
Ohio4,LS1,Midday,Set1,Draw2,5,col5,Midday|Set1|Draw2|col5,T,combined,1,1,1,2,5,10,,0,0,False,1,10,11,6
Ohio4,LS1,Midday,Set1,Draw2,4,col4,Midday|Set1|Draw2|col4,A,own,1,1,1,2,4,0,99001137*,9,6,False,2,6,29,6
Ohio4,LS1,Midday,Set1,Draw2,4,col4,Midday|Set1|Draw2|col4,A,own,1,1,1,2,4,1,1137*,5,4,False,2,6,29,6
Ohio4,LS1,Midday,Set1,Draw2,4,col4,Midday|Set1|Draw2|col4,A,own,1,1,1,2,4,2,113*,4,3,True,2,6,29,6
Ohio4,LS1,Midday,Set1,Draw2,4,col4,Midday|Set1|Draw2|col4,A,own,1,1,1,2,4,3,3*,2,2,True,2,6,29,6
Ohio4,LS1,Midday,Set1,Draw2,4,col4,Midday|Set1|Draw2|col4,A,own,1,1,1,2,4,4,3*,2,2,True,2,6,29,6
Ohio4,LS1,Midday,Set1,Draw2,4,col4,Midday|Set1|Draw2|col4,A,own,1,1,1,2,4,6,*,1,1,True,2,6,29,6
Ohio4,LS1,Midday,Set1,Draw2,4,col4,Midday|Set1|Draw2|col4,A,combined,1,1,1,2,4,0,99001137*,9,6,False,3,10,57,8
Ohio4,LS1,Midday,Set1,Draw2,4,col4,Midday|Set1|Draw2|col4,A,combined,1,1,1,2,4,1,1137*,5,4,False,3,10,57,8
Ohio4,LS1,Midday,Set1,Draw2,4,col4,Midday|Set1|Draw2|col4,A,combined,1,1,1,2,4,2,1137*,5,4,False,3,10,57,8
Ohio4,LS1,Midday,Set1,Draw2,4,col4,Midday|Set1|Draw2|col4,A,combined,1,1,1,2,4,3,113*,4,3,True,3,10,57,8
Ohio4,LS1,Midday,Set1,Draw2,4,col4,Midday|Set1|Draw2|col4,A,combined,1,1,1,2,4,4,113*,4,3,True,3,10,57,8
Ohio4,LS1,Midday,Set1,Draw2,4,col4,Midday|Set1|Draw2|col4,A,combined,1,1,1,2,4,5,3*,2,2,True,3,10,57,8
Ohio4,LS1,Midday,Set1,Draw2,4,col4,Midday|Set1|Draw2|col4,A,combined,1,1,1,2,4,6,3*,2,2,True,3,10,57,8
Ohio4,LS1,Midday,Set1,Draw2,4,col4,Midday|Set1|Draw2|col4,A,combined,1,1,1,2,4,10,*,1,1,True,3,10,57,8
Ohio4,LS1,Midday,Set1,Draw2,4,col4,Midday|Set1|Draw2|col4,B,own,1,1,1,2,4,0,99001137*,9,6,False,1,6,29,5
Ohio4,LS1,Midday,Set1,Draw2,4,col4,Midday|Set1|Draw2|col4,B,own,1,1,1,2,4,1,37*,3,3,True,1,6,29,5
Ohio4,LS1,Midday,Set1,Draw2,4,col4,Midday|Set1|Draw2|col4,B,own,1,1,1,2,4,2,3*,2,2,True,1,6,29,5
Ohio4,LS1,Midday,Set1,Draw2,4,col4,Midday|Set1|Draw2|col4,B,own,1,1,1,2,4,3,3*,2,2,True,1,6,29,5
Ohio4,LS1,Midday,Set1,Draw2,4,col4,Midday|Set1|Draw2|col4,B,own,1,1,1,2,4,6,*,1,1,True,1,6,29,5
Ohio4,LS1,Midday,Set1,Draw2,4,col4,Midday|Set1|Draw2|col4,B,combined,1,1,1,2,4,0,99001137*,9,6,False,1,3,57,4
Ohio4,LS1,Midday,Set1,Draw2,4,col4,Midday|Set1|Draw2|col4,B,combined,1,1,1,2,4,1,37*,3,3,True,1,3,57,4
Ohio4,LS1,Midday,Set1,Draw2,4,col4,Midday|Set1|Draw2|col4,B,combined,1,1,1,2,4,2,7*,2,2,True,1,3,57,4
Ohio4,LS1,Midday,Set1,Draw2,4,col4,Midday|Set1|Draw2|col4,B,combined,1,1,1,2,4,3,*,1,1,True,1,3,57,4
Ohio4,LS1,Midday,Set1,Draw2,4,col4,Midday|Set1|Draw2|col4,C,own,1,1,1,2,4,0,99001137*,9,6,False,1,6,29,5
Ohio4,LS1,Midday,Set1,Draw2,4,col4,Midday|Set1|Draw2|col4,C,own,1,1,1,2,4,1,37*,3,3,True,1,6,29,5
Ohio4,LS1,Midday,Set1,Draw2,4,col4,Midday|Set1|Draw2|col4,C,own,1,1,1,2,4,2,3*,2,2,True,1,6,29,5
Ohio4,LS1,Midday,Set1,Draw2,4,col4,Midday|Set1|Draw2|col4,C,own,1,1,1,2,4,3,3*,2,2,True,1,6,29,5
Ohio4,LS1,Midday,Set1,Draw2,4,col4,Midday|Set1|Draw2|col4,C,own,1,1,1,2,4,6,*,1,1,True,1,6,29,5
Ohio4,LS1,Midday,Set1,Draw2,4,col4,Midday|Set1|Draw2|col4,C,combined,1,1,1,2,4,0,99001137*,9,6,False,1,3,57,4
Ohio4,LS1,Midday,Set1,Draw2,4,col4,Midday|Set1|Draw2|col4,C,combined,1,1,1,2,4,1,37*,3,3,True,1,3,57,4
Ohio4,LS1,Midday,Set1,Draw2,4,col4,Midday|Set1|Draw2|col4,C,combined,1,1,1,2,4,2,7*,2,2,True,1,3,57,4
Ohio4,LS1,Midday,Set1,Draw2,4,col4,Midday|Set1|Draw2|col4,C,combined,1,1,1,2,4,3,*,1,1,True,1,3,57,4
Ohio4,LS1,Midday,Set1,Draw2,4,col4,Midday|Set1|Draw2|col4,D,own,1,1,1,2,4,0,99001137*,9,6,False,2,6,29,6
Ohio4,LS1,Midday,Set1,Draw2,4,col4,Midday|Set1|Draw2|col4,D,own,1,1,1,2,4,1,137*,4,4,False,2,6,29,6
Ohio4,LS1,Midday,Set1,Draw2,4,col4,Midday|Set1|Draw2|col4,D,own,1,1,1,2,4,2,13*,3,3,True,2,6,29,6
Ohio4,LS1,Midday,Set1,Draw2,4,col4,Midday|Set1|Draw2|col4,D,own,1,1,1,2,4,3,3*,2,2,True,2,6,29,6
Ohio4,LS1,Midday,Set1,Draw2,4,col4,Midday|Set1|Draw2|col4,D,own,1,1,1,2,4,4,3*,2,2,True,2,6,29,6
Ohio4,LS1,Midday,Set1,Draw2,4,col4,Midday|Set1|Draw2|col4,D,own,1,1,1,2,4,6,*,1,1,True,2,6,29,6
Ohio4,LS1,Midday,Set1,Draw2,4,col4,Midday|Set1|Draw2|col4,D,combined,1,1,1,2,4,0,99001137*,9,6,False,2,3,57,4
Ohio4,LS1,Midday,Set1,Draw2,4,col4,Midday|Set1|Draw2|col4,D,combined,1,1,1,2,4,1,137*,4,4,False,2,3,57,4
Ohio4,LS1,Midday,Set1,Draw2,4,col4,Midday|Set1|Draw2|col4,D,combined,1,1,1,2,4,2,7*,2,2,True,2,3,57,4
Ohio4,LS1,Midday,Set1,Draw2,4,col4,Midday|Set1|Draw2|col4,D,combined,1,1,1,2,4,3,*,1,1,True,2,3,57,4
Ohio4,LS1,Midday,Set1,Draw2,4,col4,Midday|Set1|Draw2|col4,E,own,1,1,1,2,4,0,99001137*,9,6,False,3,6,29,7
Ohio4,LS1,Midday,Set1,Draw2,4,col4,Midday|Set1|Draw2|col4,E,own,1,1,1,2,4,1,90137*,6,6,False,3,6,29,7
Ohio4,LS1,Midday,Set1,Draw2,4,col4,Midday|Set1|Draw2|col4,E,own,1,1,1,2,4,2,913*,4,4,False,3,6,29,7
Ohio4,LS1,Midday,Set1,Draw2,4,col4,Midday|Set1|Draw2|col4,E,own,1,1,1,2,4,3,93*,3,3,True,3,6,29,7
Ohio4,LS1,Midday,Set1,Draw2,4,col4,Midday|Set1|Draw2|col4,E,own,1,1,1,2,4,4,3*,2,2,True,3,6,29,7
Ohio4,LS1,Midday,Set1,Draw2,4,col4,Midday|Set1|Draw2|col4,E,own,1,1,1,2,4,5,3*,2,2,True,3,6,29,7
Ohio4,LS1,Midday,Set1,Draw2,4,col4,Midday|Set1|Draw2|col4,E,own,1,1,1,2,4,6,*,1,1,True,3,6,29,7
Ohio4,LS1,Midday,Set1,Draw2,4,col4,Midday|Set1|Draw2|col4,E,combined,1,1,1,2,4,0,99001137*,9,6,False,3,4,57,5
Ohio4,LS1,Midday,Set1,Draw2,4,col4,Midday|Set1|Draw2|col4,E,combined,1,1,1,2,4,1,90137*,6,6,False,3,4,57,5
Ohio4,LS1,Midday,Set1,Draw2,4,col4,Midday|Set1|Draw2|col4,E,combined,1,1,1,2,4,2,907*,4,4,False,3,4,57,5
Ohio4,LS1,Midday,Set1,Draw2,4,col4,Midday|Set1|Draw2|col4,E,combined,1,1,1,2,4,3,9*,2,2,True,3,4,57,5
Ohio4,LS1,Midday,Set1,Draw2,4,col4,Midday|Set1|Draw2|col4,E,combined,1,1,1,2,4,4,*,1,1,True,3,4,57,5
Ohio4,LS1,Midday,Set1,Draw2,4,col4,Midday|Set1|Draw2|col4,T,own,1,1,1,2,4,0,99001137*,9,6,False,1,6,29,5
Ohio4,LS1,Midday,Set1,Draw2,4,col4,Midday|Set1|Draw2|col4,T,own,1,1,1,2,4,1,37*,3,3,True,1,6,29,5
Ohio4,LS1,Midday,Set1,Draw2,4,col4,Midday|Set1|Draw2|col4,T,own,1,1,1,2,4,2,3*,2,2,True,1,6,29,5
Ohio4,LS1,Midday,Set1,Draw2,4,col4,Midday|Set1|Draw2|col4,T,own,1,1,1,2,4,3,3*,2,2,True,1,6,29,5
Ohio4,LS1,Midday,Set1,Draw2,4,col4,Midday|Set1|Draw2|col4,T,own,1,1,1,2,4,6,*,1,1,True,1,6,29,5
Ohio4,LS1,Midday,Set1,Draw2,4,col4,Midday|Set1|Draw2|col4,T,combined,1,1,1,2,4,0,99001137*,9,6,False,1,10,57,6
Ohio4,LS1,Midday,Set1,Draw2,4,col4,Midday|Set1|Draw2|col4,T,combined,1,1,1,2,4,1,37*,3,3,True,1,10,57,6
Ohio4,LS1,Midday,Set1,Draw2,4,col4,Midday|Set1|Draw2|col4,T,combined,1,1,1,2,4,2,37*,3,3,True,1,10,57,6
Ohio4,LS1,Midday,Set1,Draw2,4,col4,Midday|Set1|Draw2|col4,T,combined,1,1,1,2,4,3,3*,2,2,True,1,10,57,6
Ohio4,LS1,Midday,Set1,Draw2,4,col4,Midday|Set1|Draw2|col4,T,combined,1,1,1,2,4,4,3*,2,2,True,1,10,57,6
Ohio4,LS1,Midday,Set1,Draw2,4,col4,Midday|Set1|Draw2|col4,T,combined,1,1,1,2,4,10,*,1,1,True,1,10,57,6
Ohio4,LS1,Midday,Set1,Draw3,5,col5,Midday|Set1|Draw3|col5,A,own,1,1,1,3,5,0,99400113867,11,8,False,3,6,7,7
Ohio4,LS1,Midday,Set1,Draw3,5,col5,Midday|Set1|Draw3|col5,A,own,1,1,1,3,5,1,411387,6,5,False,3,6,7,7
Ohio4,LS1,Midday,Set1,Draw3,5,col5,Midday|Set1|Draw3|col5,A,own,1,1,1,3,5,2,41138,5,4,False,3,6,7,7
Ohio4,LS1,Midday,Set1,Draw3,5,col5,Midday|Set1|Draw3|col5,A,own,1,1,1,3,5,3,438,3,3,True,3,6,7,7
Ohio4,LS1,Midday,Set1,Draw3,5,col5,Midday|Set1|Draw3|col5,A,own,1,1,1,3,5,4,38,2,2,True,3,6,7,7
Ohio4,LS1,Midday,Set1,Draw3,5,col5,Midday|Set1|Draw3|col5,A,own,1,1,1,3,5,5,38,2,2,True,3,6,7,7
Ohio4,LS1,Midday,Set1,Draw3,5,col5,Midday|Set1|Draw3|col5,A,own,1,1,1,3,5,6,,0,0,False,3,6,7,7
Ohio4,LS1,Midday,Set1,Draw3,5,col5,Midday|Set1|Draw3|col5,A,combined,1,1,1,3,5,0,99400113867,11,8,False,3,10,11,9
Ohio4,LS1,Midday,Set1,Draw3,5,col5,Midday|Set1|Draw3|col5,A,combined,1,1,1,3,5,1,411387,6,5,False,3,10,11,9
Ohio4,LS1,Midday,Set1,Draw3,5,col5,Midday|Set1|Draw3|col5,A,combined,1,1,1,3,5,2,41137,5,4,False,3,10,11,9
Ohio4,LS1,Midday,Set1,Draw3,5,col5,Midday|Set1|Draw3|col5,A,combined,1,1,1,3,5,3,4113,4,3,True,3,10,11,9
Ohio4,LS1,Midday,Set1,Draw3,5,col5,Midday|Set1|Draw3|col5,A,combined,1,1,1,3,5,4,4113,4,3,True,3,10,11,9
Ohio4,LS1,Midday,Set1,Draw3,5,col5,Midday|Set1|Draw3|col5,A,combined,1,1,1,3,5,5,43,2,2,True,3,10,11,9
Ohio4,LS1,Midday,Set1,Draw3,5,col5,Midday|Set1|Draw3|col5,A,combined,1,1,1,3,5,6,3,1,1,True,3,10,11,9
Ohio4,LS1,Midday,Set1,Draw3,5,col5,Midday|Set1|Draw3|col5,A,combined,1,1,1,3,5,7,3,1,1,True,3,10,11,9
Ohio4,LS1,Midday,Set1,Draw3,5,col5,Midday|Set1|Draw3|col5,A,combined,1,1,1,3,5,10,,0,0,False,3,10,11,9
Ohio4,LS1,Midday,Set1,Draw3,5,col5,Midday|Set1|Draw3|col5,B,own,1,1,1,3,5,0,99400113867,11,8,False,3,6,7,7
Ohio4,LS1,Midday,Set1,Draw3,5,col5,Midday|Set1|Draw3|col5,B,own,1,1,1,3,5,1,411387,6,5,False,3,6,7,7
Ohio4,LS1,Midday,Set1,Draw3,5,col5,Midday|Set1|Draw3|col5,B,own,1,1,1,3,5,2,41138,5,4,False,3,6,7,7
Ohio4,LS1,Midday,Set1,Draw3,5,col5,Midday|Set1|Draw3|col5,B,own,1,1,1,3,5,3,438,3,3,True,3,6,7,7
Ohio4,LS1,Midday,Set1,Draw3,5,col5,Midday|Set1|Draw3|col5,B,own,1,1,1,3,5,4,38,2,2,True,3,6,7,7
Ohio4,LS1,Midday,Set1,Draw3,5,col5,Midday|Set1|Draw3|col5,B,own,1,1,1,3,5,5,38,2,2,True,3,6,7,7
Ohio4,LS1,Midday,Set1,Draw3,5,col5,Midday|Set1|Draw3|col5,B,own,1,1,1,3,5,6,,0,0,False,3,6,7,7
Ohio4,LS1,Midday,Set1,Draw3,5,col5,Midday|Set1|Draw3|col5,B,combined,1,1,1,3,5,0,99400113867,11,8,False,2,4,5,5
Ohio4,LS1,Midday,Set1,Draw3,5,col5,Midday|Set1|Draw3|col5,B,combined,1,1,1,3,5,1,411387,6,5,False,2,4,5,5
Ohio4,LS1,Midday,Set1,Draw3,5,col5,Midday|Set1|Draw3|col5,B,combined,1,1,1,3,5,2,47,2,2,True,2,4,5,5
Ohio4,LS1,Midday,Set1,Draw3,5,col5,Midday|Set1|Draw3|col5,B,combined,1,1,1,3,5,3,4,1,1,True,2,4,5,5
Ohio4,LS1,Midday,Set1,Draw3,5,col5,Midday|Set1|Draw3|col5,B,combined,1,1,1,3,5,4,,0,0,False,2,4,5,5
Ohio4,LS1,Midday,Set1,Draw3,5,col5,Midday|Set1|Draw3|col5,C,own,1,1,1,3,5,0,99400113867,11,8,False,1,6,7,5
Ohio4,LS1,Midday,Set1,Draw3,5,col5,Midday|Set1|Draw3|col5,C,own,1,1,1,3,5,1,387,3,3,True,1,6,7,5
Ohio4,LS1,Midday,Set1,Draw3,5,col5,Midday|Set1|Draw3|col5,C,own,1,1,1,3,5,2,38,2,2,True,1,6,7,5
Ohio4,LS1,Midday,Set1,Draw3,5,col5,Midday|Set1|Draw3|col5,C,own,1,1,1,3,5,3,38,2,2,True,1,6,7,5
Ohio4,LS1,Midday,Set1,Draw3,5,col5,Midday|Set1|Draw3|col5,C,own,1,1,1,3,5,6,,0,0,False,1,6,7,5
Ohio4,LS1,Midday,Set1,Draw3,5,col5,Midday|Set1|Draw3|col5,C,combined,1,1,1,3,5,0,99400113867,11,8,False,1,3,4,4
Ohio4,LS1,Midday,Set1,Draw3,5,col5,Midday|Set1|Draw3|col5,C,combined,1,1,1,3,5,1,387,3,3,True,1,3,4,4
Ohio4,LS1,Midday,Set1,Draw3,5,col5,Midday|Set1|Draw3|col5,C,combined,1,1,1,3,5,2,7,1,1,True,1,3,4,4
Ohio4,LS1,Midday,Set1,Draw3,5,col5,Midday|Set1|Draw3|col5,C,combined,1,1,1,3,5,3,,0,0,False,1,3,4,4
Ohio4,LS1,Midday,Set1,Draw3,5,col5,Midday|Set1|Draw3|col5,D,own,1,1,1,3,5,0,99400113867,11,8,False,2,6,7,6
Ohio4,LS1,Midday,Set1,Draw3,5,col5,Midday|Set1|Draw3|col5,D,own,1,1,1,3,5,1,1387,4,4,False,2,6,7,6
Ohio4,LS1,Midday,Set1,Draw3,5,col5,Midday|Set1|Draw3|col5,D,own,1,1,1,3,5,2,138,3,3,True,2,6,7,6
Ohio4,LS1,Midday,Set1,Draw3,5,col5,Midday|Set1|Draw3|col5,D,own,1,1,1,3,5,3,38,2,2,True,2,6,7,6
Ohio4,LS1,Midday,Set1,Draw3,5,col5,Midday|Set1|Draw3|col5,D,own,1,1,1,3,5,4,38,2,2,True,2,6,7,6
Ohio4,LS1,Midday,Set1,Draw3,5,col5,Midday|Set1|Draw3|col5,D,own,1,1,1,3,5,6,,0,0,False,2,6,7,6
Ohio4,LS1,Midday,Set1,Draw3,5,col5,Midday|Set1|Draw3|col5,D,combined,1,1,1,3,5,0,99400113867,11,8,False,2,3,4,4
Ohio4,LS1,Midday,Set1,Draw3,5,col5,Midday|Set1|Draw3|col5,D,combined,1,1,1,3,5,1,1387,4,4,False,2,3,4,4
Ohio4,LS1,Midday,Set1,Draw3,5,col5,Midday|Set1|Draw3|col5,D,combined,1,1,1,3,5,2,7,1,1,True,2,3,4,4
Ohio4,LS1,Midday,Set1,Draw3,5,col5,Midday|Set1|Draw3|col5,D,combined,1,1,1,3,5,3,,0,0,False,2,3,4,4
Ohio4,LS1,Midday,Set1,Draw3,5,col5,Midday|Set1|Draw3|col5,E,own,1,1,1,3,5,0,99400113867,11,8,False,4,7,8,8
Ohio4,LS1,Midday,Set1,Draw3,5,col5,Midday|Set1|Draw3|col5,E,own,1,1,1,3,5,1,94011387,8,7,False,4,7,8,8
Ohio4,LS1,Midday,Set1,Draw3,5,col5,Midday|Set1|Draw3|col5,E,own,1,1,1,3,5,2,941138,6,5,False,4,7,8,8
Ohio4,LS1,Midday,Set1,Draw3,5,col5,Midday|Set1|Draw3|col5,E,own,1,1,1,3,5,3,9438,4,4,False,4,7,8,8
Ohio4,LS1,Midday,Set1,Draw3,5,col5,Midday|Set1|Draw3|col5,E,own,1,1,1,3,5,4,938,3,3,True,4,7,8,8
Ohio4,LS1,Midday,Set1,Draw3,5,col5,Midday|Set1|Draw3|col5,E,own,1,1,1,3,5,5,938,3,3,True,4,7,8,8
Ohio4,LS1,Midday,Set1,Draw3,5,col5,Midday|Set1|Draw3|col5,E,own,1,1,1,3,5,6,9,1,1,True,4,7,8,8
Ohio4,LS1,Midday,Set1,Draw3,5,col5,Midday|Set1|Draw3|col5,E,own,1,1,1,3,5,7,,0,0,False,4,7,8,8
Ohio4,LS1,Midday,Set1,Draw3,5,col5,Midday|Set1|Draw3|col5,E,combined,1,1,1,3,5,0,99400113867,11,8,False,3,5,6,6
Ohio4,LS1,Midday,Set1,Draw3,5,col5,Midday|Set1|Draw3|col5,E,combined,1,1,1,3,5,1,94011387,8,7,False,3,5,6,6
Ohio4,LS1,Midday,Set1,Draw3,5,col5,Midday|Set1|Draw3|col5,E,combined,1,1,1,3,5,2,94017,5,5,False,3,5,6,6
Ohio4,LS1,Midday,Set1,Draw3,5,col5,Midday|Set1|Draw3|col5,E,combined,1,1,1,3,5,3,941,3,3,True,3,5,6,6
Ohio4,LS1,Midday,Set1,Draw3,5,col5,Midday|Set1|Draw3|col5,E,combined,1,1,1,3,5,4,1,1,1,True,3,5,6,6
Ohio4,LS1,Midday,Set1,Draw3,5,col5,Midday|Set1|Draw3|col5,E,combined,1,1,1,3,5,5,,0,0,False,3,5,6,6
Ohio4,LS1,Midday,Set1,Draw3,5,col5,Midday|Set1|Draw3|col5,T,own,1,1,1,3,5,0,99400113867,11,8,False,1,6,7,5
Ohio4,LS1,Midday,Set1,Draw3,5,col5,Midday|Set1|Draw3|col5,T,own,1,1,1,3,5,1,387,3,3,True,1,6,7,5
Ohio4,LS1,Midday,Set1,Draw3,5,col5,Midday|Set1|Draw3|col5,T,own,1,1,1,3,5,2,38,2,2,True,1,6,7,5
Ohio4,LS1,Midday,Set1,Draw3,5,col5,Midday|Set1|Draw3|col5,T,own,1,1,1,3,5,3,38,2,2,True,1,6,7,5
Ohio4,LS1,Midday,Set1,Draw3,5,col5,Midday|Set1|Draw3|col5,T,own,1,1,1,3,5,6,,0,0,False,1,6,7,5
Ohio4,LS1,Midday,Set1,Draw3,5,col5,Midday|Set1|Draw3|col5,T,combined,1,1,1,3,5,0,99400113867,11,8,False,1,10,11,6
Ohio4,LS1,Midday,Set1,Draw3,5,col5,Midday|Set1|Draw3|col5,T,combined,1,1,1,3,5,1,387,3,3,True,1,10,11,6
Ohio4,LS1,Midday,Set1,Draw3,5,col5,Midday|Set1|Draw3|col5,T,combined,1,1,1,3,5,2,37,2,2,True,1,10,11,6
Ohio4,LS1,Midday,Set1,Draw3,5,col5,Midday|Set1|Draw3|col5,T,combined,1,1,1,3,5,3,3,1,1,True,1,10,11,6
Ohio4,LS1,Midday,Set1,Draw3,5,col5,Midday|Set1|Draw3|col5,T,combined,1,1,1,3,5,4,3,1,1,True,1,10,11,6
Ohio4,LS1,Midday,Set1,Draw3,5,col5,Midday|Set1|Draw3|col5,T,combined,1,1,1,3,5,10,,0,0,False,1,10,11,6
Ohio4,LS1,Midday,Set1,Draw3,4,col4,Midday|Set1|Draw3|col4,A,own,1,1,1,3,4,0,990011387,9,6,False,2,6,7,6
Ohio4,LS1,Midday,Set1,Draw3,4,col4,Midday|Set1|Draw3|col4,A,own,1,1,1,3,4,1,11387,5,4,False,2,6,7,6
Ohio4,LS1,Midday,Set1,Draw3,4,col4,Midday|Set1|Draw3|col4,A,own,1,1,1,3,4,2,1138,4,3,True,2,6,7,6
Ohio4,LS1,Midday,Set1,Draw3,4,col4,Midday|Set1|Draw3|col4,A,own,1,1,1,3,4,3,38,2,2,True,2,6,7,6
Ohio4,LS1,Midday,Set1,Draw3,4,col4,Midday|Set1|Draw3|col4,A,own,1,1,1,3,4,4,38,2,2,True,2,6,7,6
Ohio4,LS1,Midday,Set1,Draw3,4,col4,Midday|Set1|Draw3|col4,A,own,1,1,1,3,4,6,,0,0,False,2,6,7,6
Ohio4,LS1,Midday,Set1,Draw3,4,col4,Midday|Set1|Draw3|col4,A,combined,1,1,1,3,4,0,990011387,9,6,False,2,10,11,8
Ohio4,LS1,Midday,Set1,Draw3,4,col4,Midday|Set1|Draw3|col4,A,combined,1,1,1,3,4,1,11387,5,4,False,2,10,11,8
Ohio4,LS1,Midday,Set1,Draw3,4,col4,Midday|Set1|Draw3|col4,A,combined,1,1,1,3,4,2,1137,4,3,True,2,10,11,8
Ohio4,LS1,Midday,Set1,Draw3,4,col4,Midday|Set1|Draw3|col4,A,combined,1,1,1,3,4,3,113,3,2,True,2,10,11,8
Ohio4,LS1,Midday,Set1,Draw3,4,col4,Midday|Set1|Draw3|col4,A,combined,1,1,1,3,4,4,113,3,2,True,2,10,11,8
Ohio4,LS1,Midday,Set1,Draw3,4,col4,Midday|Set1|Draw3|col4,A,combined,1,1,1,3,4,5,3,1,1,True,2,10,11,8
Ohio4,LS1,Midday,Set1,Draw3,4,col4,Midday|Set1|Draw3|col4,A,combined,1,1,1,3,4,6,3,1,1,True,2,10,11,8
Ohio4,LS1,Midday,Set1,Draw3,4,col4,Midday|Set1|Draw3|col4,A,combined,1,1,1,3,4,10,,0,0,False,2,10,11,8
Ohio4,LS1,Midday,Set1,Draw3,4,col4,Midday|Set1|Draw3|col4,B,own,1,1,1,3,4,0,990011387,9,6,False,1,6,7,5
Ohio4,LS1,Midday,Set1,Draw3,4,col4,Midday|Set1|Draw3|col4,B,own,1,1,1,3,4,1,387,3,3,True,1,6,7,5
Ohio4,LS1,Midday,Set1,Draw3,4,col4,Midday|Set1|Draw3|col4,B,own,1,1,1,3,4,2,38,2,2,True,1,6,7,5
Ohio4,LS1,Midday,Set1,Draw3,4,col4,Midday|Set1|Draw3|col4,B,own,1,1,1,3,4,3,38,2,2,True,1,6,7,5
Ohio4,LS1,Midday,Set1,Draw3,4,col4,Midday|Set1|Draw3|col4,B,own,1,1,1,3,4,6,,0,0,False,1,6,7,5
Ohio4,LS1,Midday,Set1,Draw3,4,col4,Midday|Set1|Draw3|col4,B,combined,1,1,1,3,4,0,990011387,9,6,False,1,3,4,4
Ohio4,LS1,Midday,Set1,Draw3,4,col4,Midday|Set1|Draw3|col4,B,combined,1,1,1,3,4,1,387,3,3,True,1,3,4,4
Ohio4,LS1,Midday,Set1,Draw3,4,col4,Midday|Set1|Draw3|col4,B,combined,1,1,1,3,4,2,7,1,1,True,1,3,4,4
Ohio4,LS1,Midday,Set1,Draw3,4,col4,Midday|Set1|Draw3|col4,B,combined,1,1,1,3,4,3,,0,0,False,1,3,4,4
Ohio4,LS1,Midday,Set1,Draw3,4,col4,Midday|Set1|Draw3|col4,C,own,1,1,1,3,4,0,990011387,9,6,False,1,6,7,5
Ohio4,LS1,Midday,Set1,Draw3,4,col4,Midday|Set1|Draw3|col4,C,own,1,1,1,3,4,1,387,3,3,True,1,6,7,5
Ohio4,LS1,Midday,Set1,Draw3,4,col4,Midday|Set1|Draw3|col4,C,own,1,1,1,3,4,2,38,2,2,True,1,6,7,5
Ohio4,LS1,Midday,Set1,Draw3,4,col4,Midday|Set1|Draw3|col4,C,own,1,1,1,3,4,3,38,2,2,True,1,6,7,5
Ohio4,LS1,Midday,Set1,Draw3,4,col4,Midday|Set1|Draw3|col4,C,own,1,1,1,3,4,6,,0,0,False,1,6,7,5
Ohio4,LS1,Midday,Set1,Draw3,4,col4,Midday|Set1|Draw3|col4,C,combined,1,1,1,3,4,0,990011387,9,6,False,1,3,4,4
Ohio4,LS1,Midday,Set1,Draw3,4,col4,Midday|Set1|Draw3|col4,C,combined,1,1,1,3,4,1,387,3,3,True,1,3,4,4
Ohio4,LS1,Midday,Set1,Draw3,4,col4,Midday|Set1|Draw3|col4,C,combined,1,1,1,3,4,2,7,1,1,True,1,3,4,4
Ohio4,LS1,Midday,Set1,Draw3,4,col4,Midday|Set1|Draw3|col4,C,combined,1,1,1,3,4,3,,0,0,False,1,3,4,4
Ohio4,LS1,Midday,Set1,Draw3,4,col4,Midday|Set1|Draw3|col4,D,own,1,1,1,3,4,0,990011387,9,6,False,2,6,7,6
Ohio4,LS1,Midday,Set1,Draw3,4,col4,Midday|Set1|Draw3|col4,D,own,1,1,1,3,4,1,1387,4,4,False,2,6,7,6
Ohio4,LS1,Midday,Set1,Draw3,4,col4,Midday|Set1|Draw3|col4,D,own,1,1,1,3,4,2,138,3,3,True,2,6,7,6
Ohio4,LS1,Midday,Set1,Draw3,4,col4,Midday|Set1|Draw3|col4,D,own,1,1,1,3,4,3,38,2,2,True,2,6,7,6
Ohio4,LS1,Midday,Set1,Draw3,4,col4,Midday|Set1|Draw3|col4,D,own,1,1,1,3,4,4,38,2,2,True,2,6,7,6
Ohio4,LS1,Midday,Set1,Draw3,4,col4,Midday|Set1|Draw3|col4,D,own,1,1,1,3,4,6,,0,0,False,2,6,7,6
Ohio4,LS1,Midday,Set1,Draw3,4,col4,Midday|Set1|Draw3|col4,D,combined,1,1,1,3,4,0,990011387,9,6,False,2,3,4,4
Ohio4,LS1,Midday,Set1,Draw3,4,col4,Midday|Set1|Draw3|col4,D,combined,1,1,1,3,4,1,1387,4,4,False,2,3,4,4
Ohio4,LS1,Midday,Set1,Draw3,4,col4,Midday|Set1|Draw3|col4,D,combined,1,1,1,3,4,2,7,1,1,True,2,3,4,4
Ohio4,LS1,Midday,Set1,Draw3,4,col4,Midday|Set1|Draw3|col4,D,combined,1,1,1,3,4,3,,0,0,False,2,3,4,4
Ohio4,LS1,Midday,Set1,Draw3,4,col4,Midday|Set1|Draw3|col4,E,own,1,1,1,3,4,0,990011387,9,6,False,3,6,7,7
Ohio4,LS1,Midday,Set1,Draw3,4,col4,Midday|Set1|Draw3|col4,E,own,1,1,1,3,4,1,901387,6,6,False,3,6,7,7
Ohio4,LS1,Midday,Set1,Draw3,4,col4,Midday|Set1|Draw3|col4,E,own,1,1,1,3,4,2,9138,4,4,False,3,6,7,7
Ohio4,LS1,Midday,Set1,Draw3,4,col4,Midday|Set1|Draw3|col4,E,own,1,1,1,3,4,3,938,3,3,True,3,6,7,7
Ohio4,LS1,Midday,Set1,Draw3,4,col4,Midday|Set1|Draw3|col4,E,own,1,1,1,3,4,4,38,2,2,True,3,6,7,7
Ohio4,LS1,Midday,Set1,Draw3,4,col4,Midday|Set1|Draw3|col4,E,own,1,1,1,3,4,5,38,2,2,True,3,6,7,7
Ohio4,LS1,Midday,Set1,Draw3,4,col4,Midday|Set1|Draw3|col4,E,own,1,1,1,3,4,6,,0,0,False,3,6,7,7
Ohio4,LS1,Midday,Set1,Draw3,4,col4,Midday|Set1|Draw3|col4,E,combined,1,1,1,3,4,0,990011387,9,6,False,2,4,5,5
Ohio4,LS1,Midday,Set1,Draw3,4,col4,Midday|Set1|Draw3|col4,E,combined,1,1,1,3,4,1,901387,6,6,False,2,4,5,5
Ohio4,LS1,Midday,Set1,Draw3,4,col4,Midday|Set1|Draw3|col4,E,combined,1,1,1,3,4,2,907,3,3,True,2,4,5,5
Ohio4,LS1,Midday,Set1,Draw3,4,col4,Midday|Set1|Draw3|col4,E,combined,1,1,1,3,4,3,9,1,1,True,2,4,5,5
Ohio4,LS1,Midday,Set1,Draw3,4,col4,Midday|Set1|Draw3|col4,E,combined,1,1,1,3,4,4,,0,0,False,2,4,5,5
Ohio4,LS1,Midday,Set1,Draw3,4,col4,Midday|Set1|Draw3|col4,T,own,1,1,1,3,4,0,990011387,9,6,False,1,6,7,5
Ohio4,LS1,Midday,Set1,Draw3,4,col4,Midday|Set1|Draw3|col4,T,own,1,1,1,3,4,1,387,3,3,True,1,6,7,5
Ohio4,LS1,Midday,Set1,Draw3,4,col4,Midday|Set1|Draw3|col4,T,own,1,1,1,3,4,2,38,2,2,True,1,6,7,5
Ohio4,LS1,Midday,Set1,Draw3,4,col4,Midday|Set1|Draw3|col4,T,own,1,1,1,3,4,3,38,2,2,True,1,6,7,5
Ohio4,LS1,Midday,Set1,Draw3,4,col4,Midday|Set1|Draw3|col4,T,own,1,1,1,3,4,6,,0,0,False,1,6,7,5
Ohio4,LS1,Midday,Set1,Draw3,4,col4,Midday|Set1|Draw3|col4,T,combined,1,1,1,3,4,0,990011387,9,6,False,1,10,11,6
Ohio4,LS1,Midday,Set1,Draw3,4,col4,Midday|Set1|Draw3|col4,T,combined,1,1,1,3,4,1,387,3,3,True,1,10,11,6
Ohio4,LS1,Midday,Set1,Draw3,4,col4,Midday|Set1|Draw3|col4,T,combined,1,1,1,3,4,2,37,2,2,True,1,10,11,6
Ohio4,LS1,Midday,Set1,Draw3,4,col4,Midday|Set1|Draw3|col4,T,combined,1,1,1,3,4,3,3,1,1,True,1,10,11,6
Ohio4,LS1,Midday,Set1,Draw3,4,col4,Midday|Set1|Draw3|col4,T,combined,1,1,1,3,4,4,3,1,1,True,1,10,11,6
Ohio4,LS1,Midday,Set1,Draw3,4,col4,Midday|Set1|Draw3|col4,T,combined,1,1,1,3,4,10,,0,0,False,1,10,11,6
Ohio4,LS1,Midday,Set1,Draw3,3,col3,Midday|Set1|Draw3|col3,A,own,1,1,1,3,3,0,9900387*,8,6,False,2,6,29,5
Ohio4,LS1,Midday,Set1,Draw3,3,col3,Midday|Set1|Draw3|col3,A,own,1,1,1,3,3,1,387*,4,4,False,2,6,29,5
Ohio4,LS1,Midday,Set1,Draw3,3,col3,Midday|Set1|Draw3|col3,A,own,1,1,1,3,3,2,38*,3,3,True,2,6,29,5
Ohio4,LS1,Midday,Set1,Draw3,3,col3,Midday|Set1|Draw3|col3,A,own,1,1,1,3,3,3,38*,3,3,True,2,6,29,5
Ohio4,LS1,Midday,Set1,Draw3,3,col3,Midday|Set1|Draw3|col3,A,own,1,1,1,3,3,6,*,1,1,True,2,6,29,5
Ohio4,LS1,Midday,Set1,Draw3,3,col3,Midday|Set1|Draw3|col3,A,combined,1,1,1,3,3,0,9900387*,8,6,False,2,10,57,6
Ohio4,LS1,Midday,Set1,Draw3,3,col3,Midday|Set1|Draw3|col3,A,combined,1,1,1,3,3,1,387*,4,4,False,2,10,57,6
Ohio4,LS1,Midday,Set1,Draw3,3,col3,Midday|Set1|Draw3|col3,A,combined,1,1,1,3,3,2,37*,3,3,True,2,10,57,6
Ohio4,LS1,Midday,Set1,Draw3,3,col3,Midday|Set1|Draw3|col3,A,combined,1,1,1,3,3,3,3*,2,2,True,2,10,57,6
Ohio4,LS1,Midday,Set1,Draw3,3,col3,Midday|Set1|Draw3|col3,A,combined,1,1,1,3,3,4,3*,2,2,True,2,10,57,6
Ohio4,LS1,Midday,Set1,Draw3,3,col3,Midday|Set1|Draw3|col3,A,combined,1,1,1,3,3,10,*,1,1,True,2,10,57,6
Ohio4,LS1,Midday,Set1,Draw3,3,col3,Midday|Set1|Draw3|col3,B,own,1,1,1,3,3,0,9900387*,8,6,False,2,6,29,5
Ohio4,LS1,Midday,Set1,Draw3,3,col3,Midday|Set1|Draw3|col3,B,own,1,1,1,3,3,1,387*,4,4,False,2,6,29,5
Ohio4,LS1,Midday,Set1,Draw3,3,col3,Midday|Set1|Draw3|col3,B,own,1,1,1,3,3,2,38*,3,3,True,2,6,29,5
Ohio4,LS1,Midday,Set1,Draw3,3,col3,Midday|Set1|Draw3|col3,B,own,1,1,1,3,3,3,38*,3,3,True,2,6,29,5
Ohio4,LS1,Midday,Set1,Draw3,3,col3,Midday|Set1|Draw3|col3,B,own,1,1,1,3,3,6,*,1,1,True,2,6,29,5
Ohio4,LS1,Midday,Set1,Draw3,3,col3,Midday|Set1|Draw3|col3,B,combined,1,1,1,3,3,0,9900387*,8,6,False,2,3,57,4
Ohio4,LS1,Midday,Set1,Draw3,3,col3,Midday|Set1|Draw3|col3,B,combined,1,1,1,3,3,1,387*,4,4,False,2,3,57,4
Ohio4,LS1,Midday,Set1,Draw3,3,col3,Midday|Set1|Draw3|col3,B,combined,1,1,1,3,3,2,7*,2,2,True,2,3,57,4
Ohio4,LS1,Midday,Set1,Draw3,3,col3,Midday|Set1|Draw3|col3,B,combined,1,1,1,3,3,3,*,1,1,True,2,3,57,4
Ohio4,LS1,Midday,Set1,Draw3,3,col3,Midday|Set1|Draw3|col3,C,own,1,1,1,3,3,0,9900387*,8,6,False,2,6,29,5
Ohio4,LS1,Midday,Set1,Draw3,3,col3,Midday|Set1|Draw3|col3,C,own,1,1,1,3,3,1,387*,4,4,False,2,6,29,5
Ohio4,LS1,Midday,Set1,Draw3,3,col3,Midday|Set1|Draw3|col3,C,own,1,1,1,3,3,2,38*,3,3,True,2,6,29,5
Ohio4,LS1,Midday,Set1,Draw3,3,col3,Midday|Set1|Draw3|col3,C,own,1,1,1,3,3,3,38*,3,3,True,2,6,29,5
Ohio4,LS1,Midday,Set1,Draw3,3,col3,Midday|Set1|Draw3|col3,C,own,1,1,1,3,3,6,*,1,1,True,2,6,29,5
Ohio4,LS1,Midday,Set1,Draw3,3,col3,Midday|Set1|Draw3|col3,C,combined,1,1,1,3,3,0,9900387*,8,6,False,2,3,57,4
Ohio4,LS1,Midday,Set1,Draw3,3,col3,Midday|Set1|Draw3|col3,C,combined,1,1,1,3,3,1,387*,4,4,False,2,3,57,4
Ohio4,LS1,Midday,Set1,Draw3,3,col3,Midday|Set1|Draw3|col3,C,combined,1,1,1,3,3,2,7*,2,2,True,2,3,57,4
Ohio4,LS1,Midday,Set1,Draw3,3,col3,Midday|Set1|Draw3|col3,C,combined,1,1,1,3,3,3,*,1,1,True,2,3,57,4
Ohio4,LS1,Midday,Set1,Draw3,3,col3,Midday|Set1|Draw3|col3,D,own,1,1,1,3,3,0,9900387*,8,6,False,2,6,29,5
Ohio4,LS1,Midday,Set1,Draw3,3,col3,Midday|Set1|Draw3|col3,D,own,1,1,1,3,3,1,387*,4,4,False,2,6,29,5
Ohio4,LS1,Midday,Set1,Draw3,3,col3,Midday|Set1|Draw3|col3,D,own,1,1,1,3,3,2,38*,3,3,True,2,6,29,5
Ohio4,LS1,Midday,Set1,Draw3,3,col3,Midday|Set1|Draw3|col3,D,own,1,1,1,3,3,3,38*,3,3,True,2,6,29,5
Ohio4,LS1,Midday,Set1,Draw3,3,col3,Midday|Set1|Draw3|col3,D,own,1,1,1,3,3,6,*,1,1,True,2,6,29,5
Ohio4,LS1,Midday,Set1,Draw3,3,col3,Midday|Set1|Draw3|col3,D,combined,1,1,1,3,3,0,9900387*,8,6,False,2,3,57,4
Ohio4,LS1,Midday,Set1,Draw3,3,col3,Midday|Set1|Draw3|col3,D,combined,1,1,1,3,3,1,387*,4,4,False,2,3,57,4
Ohio4,LS1,Midday,Set1,Draw3,3,col3,Midday|Set1|Draw3|col3,D,combined,1,1,1,3,3,2,7*,2,2,True,2,3,57,4
Ohio4,LS1,Midday,Set1,Draw3,3,col3,Midday|Set1|Draw3|col3,D,combined,1,1,1,3,3,3,*,1,1,True,2,3,57,4
Ohio4,LS1,Midday,Set1,Draw3,3,col3,Midday|Set1|Draw3|col3,E,own,1,1,1,3,3,0,9900387*,8,6,False,4,6,29,7
Ohio4,LS1,Midday,Set1,Draw3,3,col3,Midday|Set1|Draw3|col3,E,own,1,1,1,3,3,1,90387*,6,6,False,4,6,29,7
Ohio4,LS1,Midday,Set1,Draw3,3,col3,Midday|Set1|Draw3|col3,E,own,1,1,1,3,3,2,938*,4,4,False,4,6,29,7
Ohio4,LS1,Midday,Set1,Draw3,3,col3,Midday|Set1|Draw3|col3,E,own,1,1,1,3,3,3,938*,4,4,False,4,6,29,7
Ohio4,LS1,Midday,Set1,Draw3,3,col3,Midday|Set1|Draw3|col3,E,own,1,1,1,3,3,4,38*,3,3,True,4,6,29,7
Ohio4,LS1,Midday,Set1,Draw3,3,col3,Midday|Set1|Draw3|col3,E,own,1,1,1,3,3,5,38*,3,3,True,4,6,29,7
Ohio4,LS1,Midday,Set1,Draw3,3,col3,Midday|Set1|Draw3|col3,E,own,1,1,1,3,3,6,*,1,1,True,4,6,29,7
Ohio4,LS1,Midday,Set1,Draw3,3,col3,Midday|Set1|Draw3|col3,E,combined,1,1,1,3,3,0,9900387*,8,6,False,3,4,57,5
Ohio4,LS1,Midday,Set1,Draw3,3,col3,Midday|Set1|Draw3|col3,E,combined,1,1,1,3,3,1,90387*,6,6,False,3,4,57,5
Ohio4,LS1,Midday,Set1,Draw3,3,col3,Midday|Set1|Draw3|col3,E,combined,1,1,1,3,3,2,907*,4,4,False,3,4,57,5
Ohio4,LS1,Midday,Set1,Draw3,3,col3,Midday|Set1|Draw3|col3,E,combined,1,1,1,3,3,3,9*,2,2,True,3,4,57,5
Ohio4,LS1,Midday,Set1,Draw3,3,col3,Midday|Set1|Draw3|col3,E,combined,1,1,1,3,3,4,*,1,1,True,3,4,57,5
Ohio4,LS1,Midday,Set1,Draw3,3,col3,Midday|Set1|Draw3|col3,T,own,1,1,1,3,3,0,9900387*,8,6,False,2,6,29,5
Ohio4,LS1,Midday,Set1,Draw3,3,col3,Midday|Set1|Draw3|col3,T,own,1,1,1,3,3,1,387*,4,4,False,2,6,29,5
Ohio4,LS1,Midday,Set1,Draw3,3,col3,Midday|Set1|Draw3|col3,T,own,1,1,1,3,3,2,38*,3,3,True,2,6,29,5
Ohio4,LS1,Midday,Set1,Draw3,3,col3,Midday|Set1|Draw3|col3,T,own,1,1,1,3,3,3,38*,3,3,True,2,6,29,5
Ohio4,LS1,Midday,Set1,Draw3,3,col3,Midday|Set1|Draw3|col3,T,own,1,1,1,3,3,6,*,1,1,True,2,6,29,5
Ohio4,LS1,Midday,Set1,Draw3,3,col3,Midday|Set1|Draw3|col3,T,combined,1,1,1,3,3,0,9900387*,8,6,False,2,10,57,6
Ohio4,LS1,Midday,Set1,Draw3,3,col3,Midday|Set1|Draw3|col3,T,combined,1,1,1,3,3,1,387*,4,4,False,2,10,57,6
Ohio4,LS1,Midday,Set1,Draw3,3,col3,Midday|Set1|Draw3|col3,T,combined,1,1,1,3,3,2,37*,3,3,True,2,10,57,6
Ohio4,LS1,Midday,Set1,Draw3,3,col3,Midday|Set1|Draw3|col3,T,combined,1,1,1,3,3,3,3*,2,2,True,2,10,57,6
Ohio4,LS1,Midday,Set1,Draw3,3,col3,Midday|Set1|Draw3|col3,T,combined,1,1,1,3,3,4,3*,2,2,True,2,10,57,6
Ohio4,LS1,Midday,Set1,Draw3,3,col3,Midday|Set1|Draw3|col3,T,combined,1,1,1,3,3,10,*,1,1,True,2,10,57,6
Ohio4,LS1,Midday,Set1,Draw3,2,col2,Midday|Set1|Draw3|col2,A,own,1,1,1,3,2,0,99038**,7,5,False,1,6,29,7
Ohio4,LS1,Midday,Set1,Draw3,2,col2,Midday|Set1|Draw3|col2,A,own,1,1,1,3,2,1,38**,4,3,True,1,6,29,7
Ohio4,LS1,Midday,Set1,Draw3,2,col2,Midday|Set1|Draw3|col2,A,own,1,1,1,3,2,2,38**,4,3,True,1,6,29,7
Ohio4,LS1,Midday,Set1,Draw3,2,col2,Midday|Set1|Draw3|col2,A,own,1,1,1,3,2,3,38**,4,3,True,1,6,29,7
Ohio4,LS1,Midday,Set1,Draw3,2,col2,Midday|Set1|Draw3|col2,A,own,1,1,1,3,2,4,38**,4,3,True,1,6,29,7
Ohio4,LS1,Midday,Set1,Draw3,2,col2,Midday|Set1|Draw3|col2,A,own,1,1,1,3,2,5,38**,4,3,True,1,6,29,7
Ohio4,LS1,Midday,Set1,Draw3,2,col2,Midday|Set1|Draw3|col2,A,own,1,1,1,3,2,6,**,2,1,True,1,6,29,7
Ohio4,LS1,Midday,Set1,Draw3,2,col2,Midday|Set1|Draw3|col2,A,combined,1,1,1,3,2,0,99038**,7,5,False,1,10,57,5
Ohio4,LS1,Midday,Set1,Draw3,2,col2,Midday|Set1|Draw3|col2,A,combined,1,1,1,3,2,1,38**,4,3,True,1,10,57,5
Ohio4,LS1,Midday,Set1,Draw3,2,col2,Midday|Set1|Draw3|col2,A,combined,1,1,1,3,2,2,3**,3,2,True,1,10,57,5
Ohio4,LS1,Midday,Set1,Draw3,2,col2,Midday|Set1|Draw3|col2,A,combined,1,1,1,3,2,3,3**,3,2,True,1,10,57,5
Ohio4,LS1,Midday,Set1,Draw3,2,col2,Midday|Set1|Draw3|col2,A,combined,1,1,1,3,2,10,**,2,1,True,1,10,57,5
Ohio4,LS1,Midday,Set1,Draw3,2,col2,Midday|Set1|Draw3|col2,B,own,1,1,1,3,2,0,99038**,7,5,False,1,6,29,7
Ohio4,LS1,Midday,Set1,Draw3,2,col2,Midday|Set1|Draw3|col2,B,own,1,1,1,3,2,1,38**,4,3,True,1,6,29,7
Ohio4,LS1,Midday,Set1,Draw3,2,col2,Midday|Set1|Draw3|col2,B,own,1,1,1,3,2,2,38**,4,3,True,1,6,29,7
Ohio4,LS1,Midday,Set1,Draw3,2,col2,Midday|Set1|Draw3|col2,B,own,1,1,1,3,2,3,38**,4,3,True,1,6,29,7
Ohio4,LS1,Midday,Set1,Draw3,2,col2,Midday|Set1|Draw3|col2,B,own,1,1,1,3,2,4,38**,4,3,True,1,6,29,7
Ohio4,LS1,Midday,Set1,Draw3,2,col2,Midday|Set1|Draw3|col2,B,own,1,1,1,3,2,5,38**,4,3,True,1,6,29,7
Ohio4,LS1,Midday,Set1,Draw3,2,col2,Midday|Set1|Draw3|col2,B,own,1,1,1,3,2,6,**,2,1,True,1,6,29,7
Ohio4,LS1,Midday,Set1,Draw3,2,col2,Midday|Set1|Draw3|col2,B,combined,1,1,1,3,2,0,99038**,7,5,False,1,2,57,3
Ohio4,LS1,Midday,Set1,Draw3,2,col2,Midday|Set1|Draw3|col2,B,combined,1,1,1,3,2,1,38**,4,3,True,1,2,57,3
Ohio4,LS1,Midday,Set1,Draw3,2,col2,Midday|Set1|Draw3|col2,B,combined,1,1,1,3,2,2,**,2,1,True,1,2,57,3
Ohio4,LS1,Midday,Set1,Draw3,2,col2,Midday|Set1|Draw3|col2,C,own,1,1,1,3,2,0,99038**,7,5,False,1,6,29,7
Ohio4,LS1,Midday,Set1,Draw3,2,col2,Midday|Set1|Draw3|col2,C,own,1,1,1,3,2,1,38**,4,3,True,1,6,29,7
Ohio4,LS1,Midday,Set1,Draw3,2,col2,Midday|Set1|Draw3|col2,C,own,1,1,1,3,2,2,38**,4,3,True,1,6,29,7
Ohio4,LS1,Midday,Set1,Draw3,2,col2,Midday|Set1|Draw3|col2,C,own,1,1,1,3,2,3,38**,4,3,True,1,6,29,7
Ohio4,LS1,Midday,Set1,Draw3,2,col2,Midday|Set1|Draw3|col2,C,own,1,1,1,3,2,4,38**,4,3,True,1,6,29,7
Ohio4,LS1,Midday,Set1,Draw3,2,col2,Midday|Set1|Draw3|col2,C,own,1,1,1,3,2,5,38**,4,3,True,1,6,29,7
Ohio4,LS1,Midday,Set1,Draw3,2,col2,Midday|Set1|Draw3|col2,C,own,1,1,1,3,2,6,**,2,1,True,1,6,29,7
Ohio4,LS1,Midday,Set1,Draw3,2,col2,Midday|Set1|Draw3|col2,C,combined,1,1,1,3,2,0,99038**,7,5,False,1,2,57,3
Ohio4,LS1,Midday,Set1,Draw3,2,col2,Midday|Set1|Draw3|col2,C,combined,1,1,1,3,2,1,38**,4,3,True,1,2,57,3
Ohio4,LS1,Midday,Set1,Draw3,2,col2,Midday|Set1|Draw3|col2,C,combined,1,1,1,3,2,2,**,2,1,True,1,2,57,3
Ohio4,LS1,Midday,Set1,Draw3,2,col2,Midday|Set1|Draw3|col2,D,own,1,1,1,3,2,0,99038**,7,5,False,1,6,29,7
Ohio4,LS1,Midday,Set1,Draw3,2,col2,Midday|Set1|Draw3|col2,D,own,1,1,1,3,2,1,38**,4,3,True,1,6,29,7
Ohio4,LS1,Midday,Set1,Draw3,2,col2,Midday|Set1|Draw3|col2,D,own,1,1,1,3,2,2,38**,4,3,True,1,6,29,7
Ohio4,LS1,Midday,Set1,Draw3,2,col2,Midday|Set1|Draw3|col2,D,own,1,1,1,3,2,3,38**,4,3,True,1,6,29,7
Ohio4,LS1,Midday,Set1,Draw3,2,col2,Midday|Set1|Draw3|col2,D,own,1,1,1,3,2,4,38**,4,3,True,1,6,29,7
Ohio4,LS1,Midday,Set1,Draw3,2,col2,Midday|Set1|Draw3|col2,D,own,1,1,1,3,2,5,38**,4,3,True,1,6,29,7
Ohio4,LS1,Midday,Set1,Draw3,2,col2,Midday|Set1|Draw3|col2,D,own,1,1,1,3,2,6,**,2,1,True,1,6,29,7
Ohio4,LS1,Midday,Set1,Draw3,2,col2,Midday|Set1|Draw3|col2,D,combined,1,1,1,3,2,0,99038**,7,5,False,1,2,57,3
Ohio4,LS1,Midday,Set1,Draw3,2,col2,Midday|Set1|Draw3|col2,D,combined,1,1,1,3,2,1,38**,4,3,True,1,2,57,3
Ohio4,LS1,Midday,Set1,Draw3,2,col2,Midday|Set1|Draw3|col2,D,combined,1,1,1,3,2,2,**,2,1,True,1,2,57,3
Ohio4,LS1,Midday,Set1,Draw3,2,col2,Midday|Set1|Draw3|col2,E,own,1,1,1,3,2,0,99038**,7,5,False,4,6,29,7
Ohio4,LS1,Midday,Set1,Draw3,2,col2,Midday|Set1|Draw3|col2,E,own,1,1,1,3,2,1,938**,5,4,False,4,6,29,7
Ohio4,LS1,Midday,Set1,Draw3,2,col2,Midday|Set1|Draw3|col2,E,own,1,1,1,3,2,2,938**,5,4,False,4,6,29,7
Ohio4,LS1,Midday,Set1,Draw3,2,col2,Midday|Set1|Draw3|col2,E,own,1,1,1,3,2,3,938**,5,4,False,4,6,29,7
Ohio4,LS1,Midday,Set1,Draw3,2,col2,Midday|Set1|Draw3|col2,E,own,1,1,1,3,2,4,38**,4,3,True,4,6,29,7
Ohio4,LS1,Midday,Set1,Draw3,2,col2,Midday|Set1|Draw3|col2,E,own,1,1,1,3,2,5,38**,4,3,True,4,6,29,7
Ohio4,LS1,Midday,Set1,Draw3,2,col2,Midday|Set1|Draw3|col2,E,own,1,1,1,3,2,6,**,2,1,True,4,6,29,7
Ohio4,LS1,Midday,Set1,Draw3,2,col2,Midday|Set1|Draw3|col2,E,combined,1,1,1,3,2,0,99038**,7,5,False,2,4,57,5
Ohio4,LS1,Midday,Set1,Draw3,2,col2,Midday|Set1|Draw3|col2,E,combined,1,1,1,3,2,1,938**,5,4,False,2,4,57,5
Ohio4,LS1,Midday,Set1,Draw3,2,col2,Midday|Set1|Draw3|col2,E,combined,1,1,1,3,2,2,9**,3,2,True,2,4,57,5
Ohio4,LS1,Midday,Set1,Draw3,2,col2,Midday|Set1|Draw3|col2,E,combined,1,1,1,3,2,3,9**,3,2,True,2,4,57,5
Ohio4,LS1,Midday,Set1,Draw3,2,col2,Midday|Set1|Draw3|col2,E,combined,1,1,1,3,2,4,**,2,1,True,2,4,57,5
Ohio4,LS1,Midday,Set1,Draw3,2,col2,Midday|Set1|Draw3|col2,T,own,1,1,1,3,2,0,99038**,7,5,False,1,6,29,7
Ohio4,LS1,Midday,Set1,Draw3,2,col2,Midday|Set1|Draw3|col2,T,own,1,1,1,3,2,1,38**,4,3,True,1,6,29,7
Ohio4,LS1,Midday,Set1,Draw3,2,col2,Midday|Set1|Draw3|col2,T,own,1,1,1,3,2,2,38**,4,3,True,1,6,29,7
Ohio4,LS1,Midday,Set1,Draw3,2,col2,Midday|Set1|Draw3|col2,T,own,1,1,1,3,2,3,38**,4,3,True,1,6,29,7
Ohio4,LS1,Midday,Set1,Draw3,2,col2,Midday|Set1|Draw3|col2,T,own,1,1,1,3,2,4,38**,4,3,True,1,6,29,7
Ohio4,LS1,Midday,Set1,Draw3,2,col2,Midday|Set1|Draw3|col2,T,own,1,1,1,3,2,5,38**,4,3,True,1,6,29,7
Ohio4,LS1,Midday,Set1,Draw3,2,col2,Midday|Set1|Draw3|col2,T,own,1,1,1,3,2,6,**,2,1,True,1,6,29,7
Ohio4,LS1,Midday,Set1,Draw3,2,col2,Midday|Set1|Draw3|col2,T,combined,1,1,1,3,2,0,99038**,7,5,False,1,10,57,5
Ohio4,LS1,Midday,Set1,Draw3,2,col2,Midday|Set1|Draw3|col2,T,combined,1,1,1,3,2,1,38**,4,3,True,1,10,57,5
Ohio4,LS1,Midday,Set1,Draw3,2,col2,Midday|Set1|Draw3|col2,T,combined,1,1,1,3,2,2,3**,3,2,True,1,10,57,5
Ohio4,LS1,Midday,Set1,Draw3,2,col2,Midday|Set1|Draw3|col2,T,combined,1,1,1,3,2,3,3**,3,2,True,1,10,57,5
Ohio4,LS1,Midday,Set1,Draw3,2,col2,Midday|Set1|Draw3|col2,T,combined,1,1,1,3,2,10,**,2,1,True,1,10,57,5
Ohio4,LS1,Midday,Set1,Draw4,4,col4,Midday|Set1|Draw4|col4,A,own,1,1,1,4,4,0,994001138677,12,8,False,3,6,7,7
Ohio4,LS1,Midday,Set1,Draw4,4,col4,Midday|Set1|Draw4|col4,A,own,1,1,1,4,4,1,4113877,7,5,False,3,6,7,7
Ohio4,LS1,Midday,Set1,Draw4,4,col4,Midday|Set1|Draw4|col4,A,own,1,1,1,4,4,2,41138,5,4,False,3,6,7,7
Ohio4,LS1,Midday,Set1,Draw4,4,col4,Midday|Set1|Draw4|col4,A,own,1,1,1,4,4,3,438,3,3,True,3,6,7,7
Ohio4,LS1,Midday,Set1,Draw4,4,col4,Midday|Set1|Draw4|col4,A,own,1,1,1,4,4,4,38,2,2,True,3,6,7,7
Ohio4,LS1,Midday,Set1,Draw4,4,col4,Midday|Set1|Draw4|col4,A,own,1,1,1,4,4,5,38,2,2,True,3,6,7,7
Ohio4,LS1,Midday,Set1,Draw4,4,col4,Midday|Set1|Draw4|col4,A,own,1,1,1,4,4,6,,0,0,False,3,6,7,7
Ohio4,LS1,Midday,Set1,Draw4,4,col4,Midday|Set1|Draw4|col4,A,combined,1,1,1,4,4,0,994001138677,12,8,False,3,10,11,9
Ohio4,LS1,Midday,Set1,Draw4,4,col4,Midday|Set1|Draw4|col4,A,combined,1,1,1,4,4,1,4113877,7,5,False,3,10,11,9
Ohio4,LS1,Midday,Set1,Draw4,4,col4,Midday|Set1|Draw4|col4,A,combined,1,1,1,4,4,2,411377,6,4,False,3,10,11,9
Ohio4,LS1,Midday,Set1,Draw4,4,col4,Midday|Set1|Draw4|col4,A,combined,1,1,1,4,4,3,4113,4,3,True,3,10,11,9
Ohio4,LS1,Midday,Set1,Draw4,4,col4,Midday|Set1|Draw4|col4,A,combined,1,1,1,4,4,4,4113,4,3,True,3,10,11,9
Ohio4,LS1,Midday,Set1,Draw4,4,col4,Midday|Set1|Draw4|col4,A,combined,1,1,1,4,4,5,43,2,2,True,3,10,11,9
Ohio4,LS1,Midday,Set1,Draw4,4,col4,Midday|Set1|Draw4|col4,A,combined,1,1,1,4,4,6,3,1,1,True,3,10,11,9
Ohio4,LS1,Midday,Set1,Draw4,4,col4,Midday|Set1|Draw4|col4,A,combined,1,1,1,4,4,7,3,1,1,True,3,10,11,9
Ohio4,LS1,Midday,Set1,Draw4,4,col4,Midday|Set1|Draw4|col4,A,combined,1,1,1,4,4,10,,0,0,False,3,10,11,9
Ohio4,LS1,Midday,Set1,Draw4,4,col4,Midday|Set1|Draw4|col4,B,own,1,1,1,4,4,0,994001138677,12,8,False,3,6,7,7
Ohio4,LS1,Midday,Set1,Draw4,4,col4,Midday|Set1|Draw4|col4,B,own,1,1,1,4,4,1,4113877,7,5,False,3,6,7,7
Ohio4,LS1,Midday,Set1,Draw4,4,col4,Midday|Set1|Draw4|col4,B,own,1,1,1,4,4,2,41138,5,4,False,3,6,7,7
Ohio4,LS1,Midday,Set1,Draw4,4,col4,Midday|Set1|Draw4|col4,B,own,1,1,1,4,4,3,438,3,3,True,3,6,7,7
Ohio4,LS1,Midday,Set1,Draw4,4,col4,Midday|Set1|Draw4|col4,B,own,1,1,1,4,4,4,38,2,2,True,3,6,7,7
Ohio4,LS1,Midday,Set1,Draw4,4,col4,Midday|Set1|Draw4|col4,B,own,1,1,1,4,4,5,38,2,2,True,3,6,7,7
Ohio4,LS1,Midday,Set1,Draw4,4,col4,Midday|Set1|Draw4|col4,B,own,1,1,1,4,4,6,,0,0,False,3,6,7,7
Ohio4,LS1,Midday,Set1,Draw4,4,col4,Midday|Set1|Draw4|col4,B,combined,1,1,1,4,4,0,994001138677,12,8,False,2,4,5,5
Ohio4,LS1,Midday,Set1,Draw4,4,col4,Midday|Set1|Draw4|col4,B,combined,1,1,1,4,4,1,4113877,7,5,False,2,4,5,5
Ohio4,LS1,Midday,Set1,Draw4,4,col4,Midday|Set1|Draw4|col4,B,combined,1,1,1,4,4,2,477,3,2,True,2,4,5,5
Ohio4,LS1,Midday,Set1,Draw4,4,col4,Midday|Set1|Draw4|col4,B,combined,1,1,1,4,4,3,4,1,1,True,2,4,5,5
Ohio4,LS1,Midday,Set1,Draw4,4,col4,Midday|Set1|Draw4|col4,B,combined,1,1,1,4,4,4,,0,0,False,2,4,5,5
Ohio4,LS1,Midday,Set1,Draw4,4,col4,Midday|Set1|Draw4|col4,C,own,1,1,1,4,4,0,994001138677,12,8,False,1,6,7,5
Ohio4,LS1,Midday,Set1,Draw4,4,col4,Midday|Set1|Draw4|col4,C,own,1,1,1,4,4,1,3877,4,3,True,1,6,7,5
Ohio4,LS1,Midday,Set1,Draw4,4,col4,Midday|Set1|Draw4|col4,C,own,1,1,1,4,4,2,38,2,2,True,1,6,7,5
Ohio4,LS1,Midday,Set1,Draw4,4,col4,Midday|Set1|Draw4|col4,C,own,1,1,1,4,4,3,38,2,2,True,1,6,7,5
Ohio4,LS1,Midday,Set1,Draw4,4,col4,Midday|Set1|Draw4|col4,C,own,1,1,1,4,4,6,,0,0,False,1,6,7,5
Ohio4,LS1,Midday,Set1,Draw4,4,col4,Midday|Set1|Draw4|col4,C,combined,1,1,1,4,4,0,994001138677,12,8,False,1,3,4,4
Ohio4,LS1,Midday,Set1,Draw4,4,col4,Midday|Set1|Draw4|col4,C,combined,1,1,1,4,4,1,3877,4,3,True,1,3,4,4
Ohio4,LS1,Midday,Set1,Draw4,4,col4,Midday|Set1|Draw4|col4,C,combined,1,1,1,4,4,2,77,2,1,True,1,3,4,4
Ohio4,LS1,Midday,Set1,Draw4,4,col4,Midday|Set1|Draw4|col4,C,combined,1,1,1,4,4,3,,0,0,False,1,3,4,4
Ohio4,LS1,Midday,Set1,Draw4,4,col4,Midday|Set1|Draw4|col4,D,own,1,1,1,4,4,0,994001138677,12,8,False,2,6,7,6
Ohio4,LS1,Midday,Set1,Draw4,4,col4,Midday|Set1|Draw4|col4,D,own,1,1,1,4,4,1,13877,5,4,False,2,6,7,6
Ohio4,LS1,Midday,Set1,Draw4,4,col4,Midday|Set1|Draw4|col4,D,own,1,1,1,4,4,2,138,3,3,True,2,6,7,6
Ohio4,LS1,Midday,Set1,Draw4,4,col4,Midday|Set1|Draw4|col4,D,own,1,1,1,4,4,3,38,2,2,True,2,6,7,6
Ohio4,LS1,Midday,Set1,Draw4,4,col4,Midday|Set1|Draw4|col4,D,own,1,1,1,4,4,4,38,2,2,True,2,6,7,6
Ohio4,LS1,Midday,Set1,Draw4,4,col4,Midday|Set1|Draw4|col4,D,own,1,1,1,4,4,6,,0,0,False,2,6,7,6
Ohio4,LS1,Midday,Set1,Draw4,4,col4,Midday|Set1|Draw4|col4,D,combined,1,1,1,4,4,0,994001138677,12,8,False,2,3,4,4
Ohio4,LS1,Midday,Set1,Draw4,4,col4,Midday|Set1|Draw4|col4,D,combined,1,1,1,4,4,1,13877,5,4,False,2,3,4,4
Ohio4,LS1,Midday,Set1,Draw4,4,col4,Midday|Set1|Draw4|col4,D,combined,1,1,1,4,4,2,77,2,1,True,2,3,4,4
Ohio4,LS1,Midday,Set1,Draw4,4,col4,Midday|Set1|Draw4|col4,D,combined,1,1,1,4,4,3,,0,0,False,2,3,4,4
Ohio4,LS1,Midday,Set1,Draw4,4,col4,Midday|Set1|Draw4|col4,E,own,1,1,1,4,4,0,994001138677,12,8,False,4,7,8,8
Ohio4,LS1,Midday,Set1,Draw4,4,col4,Midday|Set1|Draw4|col4,E,own,1,1,1,4,4,1,940113877,9,7,False,4,7,8,8
Ohio4,LS1,Midday,Set1,Draw4,4,col4,Midday|Set1|Draw4|col4,E,own,1,1,1,4,4,2,941138,6,5,False,4,7,8,8
Ohio4,LS1,Midday,Set1,Draw4,4,col4,Midday|Set1|Draw4|col4,E,own,1,1,1,4,4,3,9438,4,4,False,4,7,8,8
Ohio4,LS1,Midday,Set1,Draw4,4,col4,Midday|Set1|Draw4|col4,E,own,1,1,1,4,4,4,938,3,3,True,4,7,8,8
Ohio4,LS1,Midday,Set1,Draw4,4,col4,Midday|Set1|Draw4|col4,E,own,1,1,1,4,4,5,938,3,3,True,4,7,8,8
Ohio4,LS1,Midday,Set1,Draw4,4,col4,Midday|Set1|Draw4|col4,E,own,1,1,1,4,4,6,9,1,1,True,4,7,8,8
Ohio4,LS1,Midday,Set1,Draw4,4,col4,Midday|Set1|Draw4|col4,E,own,1,1,1,4,4,7,,0,0,False,4,7,8,8
Ohio4,LS1,Midday,Set1,Draw4,4,col4,Midday|Set1|Draw4|col4,E,combined,1,1,1,4,4,0,994001138677,12,8,False,3,5,6,6
Ohio4,LS1,Midday,Set1,Draw4,4,col4,Midday|Set1|Draw4|col4,E,combined,1,1,1,4,4,1,940113877,9,7,False,3,5,6,6
Ohio4,LS1,Midday,Set1,Draw4,4,col4,Midday|Set1|Draw4|col4,E,combined,1,1,1,4,4,2,940177,6,5,False,3,5,6,6
Ohio4,LS1,Midday,Set1,Draw4,4,col4,Midday|Set1|Draw4|col4,E,combined,1,1,1,4,4,3,941,3,3,True,3,5,6,6
Ohio4,LS1,Midday,Set1,Draw4,4,col4,Midday|Set1|Draw4|col4,E,combined,1,1,1,4,4,4,1,1,1,True,3,5,6,6
Ohio4,LS1,Midday,Set1,Draw4,4,col4,Midday|Set1|Draw4|col4,E,combined,1,1,1,4,4,5,,0,0,False,3,5,6,6
Ohio4,LS1,Midday,Set1,Draw4,4,col4,Midday|Set1|Draw4|col4,T,own,1,1,1,4,4,0,994001138677,12,8,False,1,6,7,5
Ohio4,LS1,Midday,Set1,Draw4,4,col4,Midday|Set1|Draw4|col4,T,own,1,1,1,4,4,1,3877,4,3,True,1,6,7,5
Ohio4,LS1,Midday,Set1,Draw4,4,col4,Midday|Set1|Draw4|col4,T,own,1,1,1,4,4,2,38,2,2,True,1,6,7,5
Ohio4,LS1,Midday,Set1,Draw4,4,col4,Midday|Set1|Draw4|col4,T,own,1,1,1,4,4,3,38,2,2,True,1,6,7,5
Ohio4,LS1,Midday,Set1,Draw4,4,col4,Midday|Set1|Draw4|col4,T,own,1,1,1,4,4,6,,0,0,False,1,6,7,5
Ohio4,LS1,Midday,Set1,Draw4,4,col4,Midday|Set1|Draw4|col4,T,combined,1,1,1,4,4,0,994001138677,12,8,False,1,10,11,6
Ohio4,LS1,Midday,Set1,Draw4,4,col4,Midday|Set1|Draw4|col4,T,combined,1,1,1,4,4,1,3877,4,3,True,1,10,11,6
Ohio4,LS1,Midday,Set1,Draw4,4,col4,Midday|Set1|Draw4|col4,T,combined,1,1,1,4,4,2,377,3,2,True,1,10,11,6
Ohio4,LS1,Midday,Set1,Draw4,4,col4,Midday|Set1|Draw4|col4,T,combined,1,1,1,4,4,3,3,1,1,True,1,10,11,6
Ohio4,LS1,Midday,Set1,Draw4,4,col4,Midday|Set1|Draw4|col4,T,combined,1,1,1,4,4,4,3,1,1,True,1,10,11,6
Ohio4,LS1,Midday,Set1,Draw4,4,col4,Midday|Set1|Draw4|col4,T,combined,1,1,1,4,4,10,,0,0,False,1,10,11,6
Ohio4,LS1,Midday,Set1,Draw4,2,col2,Midday|Set1|Draw4|col2,A,own,1,1,1,4,2,0,99403867**,10,8,False,4,6,29,7
Ohio4,LS1,Midday,Set1,Draw4,2,col2,Midday|Set1|Draw4|col2,A,own,1,1,1,4,2,1,4387**,6,5,False,4,6,29,7
Ohio4,LS1,Midday,Set1,Draw4,2,col2,Midday|Set1|Draw4|col2,A,own,1,1,1,4,2,2,438**,5,4,False,4,6,29,7
Ohio4,LS1,Midday,Set1,Draw4,2,col2,Midday|Set1|Draw4|col2,A,own,1,1,1,4,2,3,438**,5,4,False,4,6,29,7
Ohio4,LS1,Midday,Set1,Draw4,2,col2,Midday|Set1|Draw4|col2,A,own,1,1,1,4,2,4,38**,4,3,True,4,6,29,7
Ohio4,LS1,Midday,Set1,Draw4,2,col2,Midday|Set1|Draw4|col2,A,own,1,1,1,4,2,5,38**,4,3,True,4,6,29,7
Ohio4,LS1,Midday,Set1,Draw4,2,col2,Midday|Set1|Draw4|col2,A,own,1,1,1,4,2,6,**,2,1,True,4,6,29,7
Ohio4,LS1,Midday,Set1,Draw4,2,col2,Midday|Set1|Draw4|col2,A,combined,1,1,1,4,2,0,99403867**,10,8,False,3,10,57,9
Ohio4,LS1,Midday,Set1,Draw4,2,col2,Midday|Set1|Draw4|col2,A,combined,1,1,1,4,2,1,4387**,6,5,False,3,10,57,9
Ohio4,LS1,Midday,Set1,Draw4,2,col2,Midday|Set1|Draw4|col2,A,combined,1,1,1,4,2,2,437**,5,4,False,3,10,57,9
Ohio4,LS1,Midday,Set1,Draw4,2,col2,Midday|Set1|Draw4|col2,A,combined,1,1,1,4,2,3,43**,4,3,True,3,10,57,9
Ohio4,LS1,Midday,Set1,Draw4,2,col2,Midday|Set1|Draw4|col2,A,combined,1,1,1,4,2,4,43**,4,3,True,3,10,57,9
Ohio4,LS1,Midday,Set1,Draw4,2,col2,Midday|Set1|Draw4|col2,A,combined,1,1,1,4,2,5,43**,4,3,True,3,10,57,9
Ohio4,LS1,Midday,Set1,Draw4,2,col2,Midday|Set1|Draw4|col2,A,combined,1,1,1,4,2,6,3**,3,2,True,3,10,57,9
Ohio4,LS1,Midday,Set1,Draw4,2,col2,Midday|Set1|Draw4|col2,A,combined,1,1,1,4,2,7,3**,3,2,True,3,10,57,9
Ohio4,LS1,Midday,Set1,Draw4,2,col2,Midday|Set1|Draw4|col2,A,combined,1,1,1,4,2,10,**,2,1,True,3,10,57,9
Ohio4,LS1,Midday,Set1,Draw4,2,col2,Midday|Set1|Draw4|col2,B,own,1,1,1,4,2,0,99403867**,10,8,False,4,6,29,7
Ohio4,LS1,Midday,Set1,Draw4,2,col2,Midday|Set1|Draw4|col2,B,own,1,1,1,4,2,1,4387**,6,5,False,4,6,29,7
Ohio4,LS1,Midday,Set1,Draw4,2,col2,Midday|Set1|Draw4|col2,B,own,1,1,1,4,2,2,438**,5,4,False,4,6,29,7
Ohio4,LS1,Midday,Set1,Draw4,2,col2,Midday|Set1|Draw4|col2,B,own,1,1,1,4,2,3,438**,5,4,False,4,6,29,7
Ohio4,LS1,Midday,Set1,Draw4,2,col2,Midday|Set1|Draw4|col2,B,own,1,1,1,4,2,4,38**,4,3,True,4,6,29,7
Ohio4,LS1,Midday,Set1,Draw4,2,col2,Midday|Set1|Draw4|col2,B,own,1,1,1,4,2,5,38**,4,3,True,4,6,29,7
Ohio4,LS1,Midday,Set1,Draw4,2,col2,Midday|Set1|Draw4|col2,B,own,1,1,1,4,2,6,**,2,1,True,4,6,29,7
Ohio4,LS1,Midday,Set1,Draw4,2,col2,Midday|Set1|Draw4|col2,B,combined,1,1,1,4,2,0,99403867**,10,8,False,2,4,57,5
Ohio4,LS1,Midday,Set1,Draw4,2,col2,Midday|Set1|Draw4|col2,B,combined,1,1,1,4,2,1,4387**,6,5,False,2,4,57,5
Ohio4,LS1,Midday,Set1,Draw4,2,col2,Midday|Set1|Draw4|col2,B,combined,1,1,1,4,2,2,47**,4,3,True,2,4,57,5
Ohio4,LS1,Midday,Set1,Draw4,2,col2,Midday|Set1|Draw4|col2,B,combined,1,1,1,4,2,3,4**,3,2,True,2,4,57,5
Ohio4,LS1,Midday,Set1,Draw4,2,col2,Midday|Set1|Draw4|col2,B,combined,1,1,1,4,2,4,**,2,1,True,2,4,57,5
Ohio4,LS1,Midday,Set1,Draw4,2,col2,Midday|Set1|Draw4|col2,C,own,1,1,1,4,2,0,99403867**,10,8,False,2,6,29,7
Ohio4,LS1,Midday,Set1,Draw4,2,col2,Midday|Set1|Draw4|col2,C,own,1,1,1,4,2,1,387**,5,4,False,2,6,29,7
Ohio4,LS1,Midday,Set1,Draw4,2,col2,Midday|Set1|Draw4|col2,C,own,1,1,1,4,2,2,38**,4,3,True,2,6,29,7
Ohio4,LS1,Midday,Set1,Draw4,2,col2,Midday|Set1|Draw4|col2,C,own,1,1,1,4,2,3,38**,4,3,True,2,6,29,7
Ohio4,LS1,Midday,Set1,Draw4,2,col2,Midday|Set1|Draw4|col2,C,own,1,1,1,4,2,4,38**,4,3,True,2,6,29,7
Ohio4,LS1,Midday,Set1,Draw4,2,col2,Midday|Set1|Draw4|col2,C,own,1,1,1,4,2,5,38**,4,3,True,2,6,29,7
Ohio4,LS1,Midday,Set1,Draw4,2,col2,Midday|Set1|Draw4|col2,C,own,1,1,1,4,2,6,**,2,1,True,2,6,29,7
Ohio4,LS1,Midday,Set1,Draw4,2,col2,Midday|Set1|Draw4|col2,C,combined,1,1,1,4,2,0,99403867**,10,8,False,2,3,57,4
Ohio4,LS1,Midday,Set1,Draw4,2,col2,Midday|Set1|Draw4|col2,C,combined,1,1,1,4,2,1,387**,5,4,False,2,3,57,4
Ohio4,LS1,Midday,Set1,Draw4,2,col2,Midday|Set1|Draw4|col2,C,combined,1,1,1,4,2,2,7**,3,2,True,2,3,57,4
Ohio4,LS1,Midday,Set1,Draw4,2,col2,Midday|Set1|Draw4|col2,C,combined,1,1,1,4,2,3,**,2,1,True,2,3,57,4
Ohio4,LS1,Midday,Set1,Draw4,2,col2,Midday|Set1|Draw4|col2,D,own,1,1,1,4,2,0,99403867**,10,8,False,2,6,29,7
Ohio4,LS1,Midday,Set1,Draw4,2,col2,Midday|Set1|Draw4|col2,D,own,1,1,1,4,2,1,387**,5,4,False,2,6,29,7
Ohio4,LS1,Midday,Set1,Draw4,2,col2,Midday|Set1|Draw4|col2,D,own,1,1,1,4,2,2,38**,4,3,True,2,6,29,7
Ohio4,LS1,Midday,Set1,Draw4,2,col2,Midday|Set1|Draw4|col2,D,own,1,1,1,4,2,3,38**,4,3,True,2,6,29,7
Ohio4,LS1,Midday,Set1,Draw4,2,col2,Midday|Set1|Draw4|col2,D,own,1,1,1,4,2,4,38**,4,3,True,2,6,29,7
Ohio4,LS1,Midday,Set1,Draw4,2,col2,Midday|Set1|Draw4|col2,D,own,1,1,1,4,2,5,38**,4,3,True,2,6,29,7
Ohio4,LS1,Midday,Set1,Draw4,2,col2,Midday|Set1|Draw4|col2,D,own,1,1,1,4,2,6,**,2,1,True,2,6,29,7
Ohio4,LS1,Midday,Set1,Draw4,2,col2,Midday|Set1|Draw4|col2,D,combined,1,1,1,4,2,0,99403867**,10,8,False,2,3,57,4
Ohio4,LS1,Midday,Set1,Draw4,2,col2,Midday|Set1|Draw4|col2,D,combined,1,1,1,4,2,1,387**,5,4,False,2,3,57,4
Ohio4,LS1,Midday,Set1,Draw4,2,col2,Midday|Set1|Draw4|col2,D,combined,1,1,1,4,2,2,7**,3,2,True,2,3,57,4
Ohio4,LS1,Midday,Set1,Draw4,2,col2,Midday|Set1|Draw4|col2,D,combined,1,1,1,4,2,3,**,2,1,True,2,3,57,4
Ohio4,LS1,Midday,Set1,Draw4,2,col2,Midday|Set1|Draw4|col2,E,own,1,1,1,4,2,0,99403867**,10,8,False,6,7,29,8
Ohio4,LS1,Midday,Set1,Draw4,2,col2,Midday|Set1|Draw4|col2,E,own,1,1,1,4,2,1,94387**,7,6,False,6,7,29,8
Ohio4,LS1,Midday,Set1,Draw4,2,col2,Midday|Set1|Draw4|col2,E,own,1,1,1,4,2,2,9438**,6,5,False,6,7,29,8
Ohio4,LS1,Midday,Set1,Draw4,2,col2,Midday|Set1|Draw4|col2,E,own,1,1,1,4,2,3,9438**,6,5,False,6,7,29,8
Ohio4,LS1,Midday,Set1,Draw4,2,col2,Midday|Set1|Draw4|col2,E,own,1,1,1,4,2,4,938**,5,4,False,6,7,29,8
Ohio4,LS1,Midday,Set1,Draw4,2,col2,Midday|Set1|Draw4|col2,E,own,1,1,1,4,2,5,938**,5,4,False,6,7,29,8
Ohio4,LS1,Midday,Set1,Draw4,2,col2,Midday|Set1|Draw4|col2,E,own,1,1,1,4,2,6,9**,3,2,True,6,7,29,8
Ohio4,LS1,Midday,Set1,Draw4,2,col2,Midday|Set1|Draw4|col2,E,own,1,1,1,4,2,7,**,2,1,True,6,7,29,8
Ohio4,LS1,Midday,Set1,Draw4,2,col2,Midday|Set1|Draw4|col2,E,combined,1,1,1,4,2,0,99403867**,10,8,False,3,4,57,5
Ohio4,LS1,Midday,Set1,Draw4,2,col2,Midday|Set1|Draw4|col2,E,combined,1,1,1,4,2,1,94387**,7,6,False,3,4,57,5
Ohio4,LS1,Midday,Set1,Draw4,2,col2,Midday|Set1|Draw4|col2,E,combined,1,1,1,4,2,2,947**,5,4,False,3,4,57,5
Ohio4,LS1,Midday,Set1,Draw4,2,col2,Midday|Set1|Draw4|col2,E,combined,1,1,1,4,2,3,94**,4,3,True,3,4,57,5
Ohio4,LS1,Midday,Set1,Draw4,2,col2,Midday|Set1|Draw4|col2,E,combined,1,1,1,4,2,4,**,2,1,True,3,4,57,5
Ohio4,LS1,Midday,Set1,Draw4,2,col2,Midday|Set1|Draw4|col2,T,own,1,1,1,4,2,0,99403867**,10,8,False,2,6,29,7
Ohio4,LS1,Midday,Set1,Draw4,2,col2,Midday|Set1|Draw4|col2,T,own,1,1,1,4,2,1,387**,5,4,False,2,6,29,7
Ohio4,LS1,Midday,Set1,Draw4,2,col2,Midday|Set1|Draw4|col2,T,own,1,1,1,4,2,2,38**,4,3,True,2,6,29,7
Ohio4,LS1,Midday,Set1,Draw4,2,col2,Midday|Set1|Draw4|col2,T,own,1,1,1,4,2,3,38**,4,3,True,2,6,29,7
Ohio4,LS1,Midday,Set1,Draw4,2,col2,Midday|Set1|Draw4|col2,T,own,1,1,1,4,2,4,38**,4,3,True,2,6,29,7
Ohio4,LS1,Midday,Set1,Draw4,2,col2,Midday|Set1|Draw4|col2,T,own,1,1,1,4,2,5,38**,4,3,True,2,6,29,7
Ohio4,LS1,Midday,Set1,Draw4,2,col2,Midday|Set1|Draw4|col2,T,own,1,1,1,4,2,6,**,2,1,True,2,6,29,7
Ohio4,LS1,Midday,Set1,Draw4,2,col2,Midday|Set1|Draw4|col2,T,combined,1,1,1,4,2,0,99403867**,10,8,False,2,3,57,4
Ohio4,LS1,Midday,Set1,Draw4,2,col2,Midday|Set1|Draw4|col2,T,combined,1,1,1,4,2,1,387**,5,4,False,2,3,57,4
Ohio4,LS1,Midday,Set1,Draw4,2,col2,Midday|Set1|Draw4|col2,T,combined,1,1,1,4,2,2,7**,3,2,True,2,3,57,4
Ohio4,LS1,Midday,Set1,Draw4,2,col2,Midday|Set1|Draw4|col2,T,combined,1,1,1,4,2,3,**,2,1,True,2,3,57,4
Ohio4,LS1,Midday,Set1,Draw5,3,col3,Midday|Set1|Draw5|col3,A,own,1,1,1,5,3,0,994003388677,12,7,False,2,6,7,7
Ohio4,LS1,Midday,Set1,Draw5,3,col3,Midday|Set1|Draw5|col3,A,own,1,1,1,5,3,1,4338877,7,4,False,2,6,7,7
Ohio4,LS1,Midday,Set1,Draw5,3,col3,Midday|Set1|Draw5|col3,A,own,1,1,1,5,3,2,43388,5,3,True,2,6,7,7
Ohio4,LS1,Midday,Set1,Draw5,3,col3,Midday|Set1|Draw5|col3,A,own,1,1,1,5,3,3,43388,5,3,True,2,6,7,7
Ohio4,LS1,Midday,Set1,Draw5,3,col3,Midday|Set1|Draw5|col3,A,own,1,1,1,5,3,4,3388,4,2,True,2,6,7,7
Ohio4,LS1,Midday,Set1,Draw5,3,col3,Midday|Set1|Draw5|col3,A,own,1,1,1,5,3,5,3388,4,2,True,2,6,7,7
Ohio4,LS1,Midday,Set1,Draw5,3,col3,Midday|Set1|Draw5|col3,A,own,1,1,1,5,3,6,,0,0,False,2,6,7,7
Ohio4,LS1,Midday,Set1,Draw5,3,col3,Midday|Set1|Draw5|col3,A,combined,1,1,1,5,3,0,994003388677,12,7,False,2,10,11,8
Ohio4,LS1,Midday,Set1,Draw5,3,col3,Midday|Set1|Draw5|col3,A,combined,1,1,1,5,3,1,4338877,7,4,False,2,10,11,8
Ohio4,LS1,Midday,Set1,Draw5,3,col3,Midday|Set1|Draw5|col3,A,combined,1,1,1,5,3,2,43377,5,3,True,2,10,11,8
Ohio4,LS1,Midday,Set1,Draw5,3,col3,Midday|Set1|Draw5|col3,A,combined,1,1,1,5,3,3,433,3,2,True,2,10,11,8
Ohio4,LS1,Midday,Set1,Draw5,3,col3,Midday|Set1|Draw5|col3,A,combined,1,1,1,5,3,4,433,3,2,True,2,10,11,8
Ohio4,LS1,Midday,Set1,Draw5,3,col3,Midday|Set1|Draw5|col3,A,combined,1,1,1,5,3,6,33,2,1,True,2,10,11,8
Ohio4,LS1,Midday,Set1,Draw5,3,col3,Midday|Set1|Draw5|col3,A,combined,1,1,1,5,3,7,33,2,1,True,2,10,11,8
Ohio4,LS1,Midday,Set1,Draw5,3,col3,Midday|Set1|Draw5|col3,A,combined,1,1,1,5,3,10,,0,0,False,2,10,11,8
Ohio4,LS1,Midday,Set1,Draw5,3,col3,Midday|Set1|Draw5|col3,B,own,1,1,1,5,3,0,994003388677,12,7,False,2,6,7,7
Ohio4,LS1,Midday,Set1,Draw5,3,col3,Midday|Set1|Draw5|col3,B,own,1,1,1,5,3,1,4338877,7,4,False,2,6,7,7
Ohio4,LS1,Midday,Set1,Draw5,3,col3,Midday|Set1|Draw5|col3,B,own,1,1,1,5,3,2,43388,5,3,True,2,6,7,7
Ohio4,LS1,Midday,Set1,Draw5,3,col3,Midday|Set1|Draw5|col3,B,own,1,1,1,5,3,3,43388,5,3,True,2,6,7,7
Ohio4,LS1,Midday,Set1,Draw5,3,col3,Midday|Set1|Draw5|col3,B,own,1,1,1,5,3,4,3388,4,2,True,2,6,7,7
Ohio4,LS1,Midday,Set1,Draw5,3,col3,Midday|Set1|Draw5|col3,B,own,1,1,1,5,3,5,3388,4,2,True,2,6,7,7
Ohio4,LS1,Midday,Set1,Draw5,3,col3,Midday|Set1|Draw5|col3,B,own,1,1,1,5,3,6,,0,0,False,2,6,7,7
Ohio4,LS1,Midday,Set1,Draw5,3,col3,Midday|Set1|Draw5|col3,B,combined,1,1,1,5,3,0,994003388677,12,7,False,2,4,5,5
Ohio4,LS1,Midday,Set1,Draw5,3,col3,Midday|Set1|Draw5|col3,B,combined,1,1,1,5,3,1,4338877,7,4,False,2,4,5,5
Ohio4,LS1,Midday,Set1,Draw5,3,col3,Midday|Set1|Draw5|col3,B,combined,1,1,1,5,3,2,477,3,2,True,2,4,5,5
Ohio4,LS1,Midday,Set1,Draw5,3,col3,Midday|Set1|Draw5|col3,B,combined,1,1,1,5,3,3,4,1,1,True,2,4,5,5
Ohio4,LS1,Midday,Set1,Draw5,3,col3,Midday|Set1|Draw5|col3,B,combined,1,1,1,5,3,4,,0,0,False,2,4,5,5
Ohio4,LS1,Midday,Set1,Draw5,3,col3,Midday|Set1|Draw5|col3,C,own,1,1,1,5,3,0,994003388677,12,7,False,1,6,7,5
Ohio4,LS1,Midday,Set1,Draw5,3,col3,Midday|Set1|Draw5|col3,C,own,1,1,1,5,3,1,338877,6,3,True,1,6,7,5
Ohio4,LS1,Midday,Set1,Draw5,3,col3,Midday|Set1|Draw5|col3,C,own,1,1,1,5,3,2,3388,4,2,True,1,6,7,5
Ohio4,LS1,Midday,Set1,Draw5,3,col3,Midday|Set1|Draw5|col3,C,own,1,1,1,5,3,3,3388,4,2,True,1,6,7,5
Ohio4,LS1,Midday,Set1,Draw5,3,col3,Midday|Set1|Draw5|col3,C,own,1,1,1,5,3,6,,0,0,False,1,6,7,5
Ohio4,LS1,Midday,Set1,Draw5,3,col3,Midday|Set1|Draw5|col3,C,combined,1,1,1,5,3,0,994003388677,12,7,False,1,3,4,4
Ohio4,LS1,Midday,Set1,Draw5,3,col3,Midday|Set1|Draw5|col3,C,combined,1,1,1,5,3,1,338877,6,3,True,1,3,4,4
Ohio4,LS1,Midday,Set1,Draw5,3,col3,Midday|Set1|Draw5|col3,C,combined,1,1,1,5,3,2,77,2,1,True,1,3,4,4
Ohio4,LS1,Midday,Set1,Draw5,3,col3,Midday|Set1|Draw5|col3,C,combined,1,1,1,5,3,3,,0,0,False,1,3,4,4
Ohio4,LS1,Midday,Set1,Draw5,3,col3,Midday|Set1|Draw5|col3,D,own,1,1,1,5,3,0,994003388677,12,7,False,1,6,7,5
Ohio4,LS1,Midday,Set1,Draw5,3,col3,Midday|Set1|Draw5|col3,D,own,1,1,1,5,3,1,338877,6,3,True,1,6,7,5
Ohio4,LS1,Midday,Set1,Draw5,3,col3,Midday|Set1|Draw5|col3,D,own,1,1,1,5,3,2,3388,4,2,True,1,6,7,5
Ohio4,LS1,Midday,Set1,Draw5,3,col3,Midday|Set1|Draw5|col3,D,own,1,1,1,5,3,3,3388,4,2,True,1,6,7,5
Ohio4,LS1,Midday,Set1,Draw5,3,col3,Midday|Set1|Draw5|col3,D,own,1,1,1,5,3,6,,0,0,False,1,6,7,5
Ohio4,LS1,Midday,Set1,Draw5,3,col3,Midday|Set1|Draw5|col3,D,combined,1,1,1,5,3,0,994003388677,12,7,False,1,3,4,4
Ohio4,LS1,Midday,Set1,Draw5,3,col3,Midday|Set1|Draw5|col3,D,combined,1,1,1,5,3,1,338877,6,3,True,1,3,4,4
Ohio4,LS1,Midday,Set1,Draw5,3,col3,Midday|Set1|Draw5|col3,D,combined,1,1,1,5,3,2,77,2,1,True,1,3,4,4
Ohio4,LS1,Midday,Set1,Draw5,3,col3,Midday|Set1|Draw5|col3,D,combined,1,1,1,5,3,3,,0,0,False,1,3,4,4
Ohio4,LS1,Midday,Set1,Draw5,3,col3,Midday|Set1|Draw5|col3,E,own,1,1,1,5,3,0,994003388677,12,7,False,4,13,14,10
Ohio4,LS1,Midday,Set1,Draw5,3,col3,Midday|Set1|Draw5|col3,E,own,1,1,1,5,3,1,940338877,9,6,False,4,13,14,10
Ohio4,LS1,Midday,Set1,Draw5,3,col3,Midday|Set1|Draw5|col3,E,own,1,1,1,5,3,2,943388,6,4,False,4,13,14,10
Ohio4,LS1,Midday,Set1,Draw5,3,col3,Midday|Set1|Draw5|col3,E,own,1,1,1,5,3,3,943388,6,4,False,4,13,14,10
Ohio4,LS1,Midday,Set1,Draw5,3,col3,Midday|Set1|Draw5|col3,E,own,1,1,1,5,3,4,93388,5,3,True,4,13,14,10
Ohio4,LS1,Midday,Set1,Draw5,3,col3,Midday|Set1|Draw5|col3,E,own,1,1,1,5,3,5,93388,5,3,True,4,13,14,10
Ohio4,LS1,Midday,Set1,Draw5,3,col3,Midday|Set1|Draw5|col3,E,own,1,1,1,5,3,6,938,3,3,True,4,13,14,10
Ohio4,LS1,Midday,Set1,Draw5,3,col3,Midday|Set1|Draw5|col3,E,own,1,1,1,5,3,7,38,2,2,True,4,13,14,10
Ohio4,LS1,Midday,Set1,Draw5,3,col3,Midday|Set1|Draw5|col3,E,own,1,1,1,5,3,8,38,2,2,True,4,13,14,10
Ohio4,LS1,Midday,Set1,Draw5,3,col3,Midday|Set1|Draw5|col3,E,own,1,1,1,5,3,13,,0,0,False,4,13,14,10
Ohio4,LS1,Midday,Set1,Draw5,3,col3,Midday|Set1|Draw5|col3,E,combined,1,1,1,5,3,0,994003388677,12,7,False,3,10,11,7
Ohio4,LS1,Midday,Set1,Draw5,3,col3,Midday|Set1|Draw5|col3,E,combined,1,1,1,5,3,1,940338877,9,6,False,3,10,11,7
Ohio4,LS1,Midday,Set1,Draw5,3,col3,Midday|Set1|Draw5|col3,E,combined,1,1,1,5,3,2,9403377,7,5,False,3,10,11,7
Ohio4,LS1,Midday,Set1,Draw5,3,col3,Midday|Set1|Draw5|col3,E,combined,1,1,1,5,3,3,9433,4,3,True,3,10,11,7
Ohio4,LS1,Midday,Set1,Draw5,3,col3,Midday|Set1|Draw5|col3,E,combined,1,1,1,5,3,4,3,1,1,True,3,10,11,7
Ohio4,LS1,Midday,Set1,Draw5,3,col3,Midday|Set1|Draw5|col3,E,combined,1,1,1,5,3,5,3,1,1,True,3,10,11,7
Ohio4,LS1,Midday,Set1,Draw5,3,col3,Midday|Set1|Draw5|col3,E,combined,1,1,1,5,3,10,,0,0,False,3,10,11,7
Ohio4,LS1,Midday,Set1,Draw5,3,col3,Midday|Set1|Draw5|col3,T,own,1,1,1,5,3,0,994003388677,12,7,False,1,6,7,5
Ohio4,LS1,Midday,Set1,Draw5,3,col3,Midday|Set1|Draw5|col3,T,own,1,1,1,5,3,1,338877,6,3,True,1,6,7,5
Ohio4,LS1,Midday,Set1,Draw5,3,col3,Midday|Set1|Draw5|col3,T,own,1,1,1,5,3,2,3388,4,2,True,1,6,7,5
Ohio4,LS1,Midday,Set1,Draw5,3,col3,Midday|Set1|Draw5|col3,T,own,1,1,1,5,3,3,3388,4,2,True,1,6,7,5
Ohio4,LS1,Midday,Set1,Draw5,3,col3,Midday|Set1|Draw5|col3,T,own,1,1,1,5,3,6,,0,0,False,1,6,7,5
Ohio4,LS1,Midday,Set1,Draw5,3,col3,Midday|Set1|Draw5|col3,T,combined,1,1,1,5,3,0,994003388677,12,7,False,1,3,4,4
Ohio4,LS1,Midday,Set1,Draw5,3,col3,Midday|Set1|Draw5|col3,T,combined,1,1,1,5,3,1,338877,6,3,True,1,3,4,4
Ohio4,LS1,Midday,Set1,Draw5,3,col3,Midday|Set1|Draw5|col3,T,combined,1,1,1,5,3,2,77,2,1,True,1,3,4,4
Ohio4,LS1,Midday,Set1,Draw5,3,col3,Midday|Set1|Draw5|col3,T,combined,1,1,1,5,3,3,,0,0,False,1,3,4,4
Ohio4,LS1,Midday,Set1,Draw5,2,col2,Midday|Set1|Draw5|col2,A,own,1,1,1,5,2,0,9940338867**,12,8,False,4,6,29,7
Ohio4,LS1,Midday,Set1,Draw5,2,col2,Midday|Set1|Draw5|col2,A,own,1,1,1,5,2,1,433887**,8,5,False,4,6,29,7
Ohio4,LS1,Midday,Set1,Draw5,2,col2,Midday|Set1|Draw5|col2,A,own,1,1,1,5,2,2,43388**,7,4,False,4,6,29,7
Ohio4,LS1,Midday,Set1,Draw5,2,col2,Midday|Set1|Draw5|col2,A,own,1,1,1,5,2,3,43388**,7,4,False,4,6,29,7
Ohio4,LS1,Midday,Set1,Draw5,2,col2,Midday|Set1|Draw5|col2,A,own,1,1,1,5,2,4,3388**,6,3,True,4,6,29,7
Ohio4,LS1,Midday,Set1,Draw5,2,col2,Midday|Set1|Draw5|col2,A,own,1,1,1,5,2,5,3388**,6,3,True,4,6,29,7
Ohio4,LS1,Midday,Set1,Draw5,2,col2,Midday|Set1|Draw5|col2,A,own,1,1,1,5,2,6,**,2,1,True,4,6,29,7
Ohio4,LS1,Midday,Set1,Draw5,2,col2,Midday|Set1|Draw5|col2,A,combined,1,1,1,5,2,0,9940338867**,12,8,False,3,10,57,9
Ohio4,LS1,Midday,Set1,Draw5,2,col2,Midday|Set1|Draw5|col2,A,combined,1,1,1,5,2,1,433887**,8,5,False,3,10,57,9
Ohio4,LS1,Midday,Set1,Draw5,2,col2,Midday|Set1|Draw5|col2,A,combined,1,1,1,5,2,2,4337**,6,4,False,3,10,57,9
Ohio4,LS1,Midday,Set1,Draw5,2,col2,Midday|Set1|Draw5|col2,A,combined,1,1,1,5,2,3,433**,5,3,True,3,10,57,9
Ohio4,LS1,Midday,Set1,Draw5,2,col2,Midday|Set1|Draw5|col2,A,combined,1,1,1,5,2,4,433**,5,3,True,3,10,57,9
Ohio4,LS1,Midday,Set1,Draw5,2,col2,Midday|Set1|Draw5|col2,A,combined,1,1,1,5,2,5,433**,5,3,True,3,10,57,9
Ohio4,LS1,Midday,Set1,Draw5,2,col2,Midday|Set1|Draw5|col2,A,combined,1,1,1,5,2,6,33**,4,2,True,3,10,57,9
Ohio4,LS1,Midday,Set1,Draw5,2,col2,Midday|Set1|Draw5|col2,A,combined,1,1,1,5,2,7,33**,4,2,True,3,10,57,9
Ohio4,LS1,Midday,Set1,Draw5,2,col2,Midday|Set1|Draw5|col2,A,combined,1,1,1,5,2,10,**,2,1,True,3,10,57,9
Ohio4,LS1,Midday,Set1,Draw5,2,col2,Midday|Set1|Draw5|col2,B,own,1,1,1,5,2,0,9940338867**,12,8,False,4,6,29,7
Ohio4,LS1,Midday,Set1,Draw5,2,col2,Midday|Set1|Draw5|col2,B,own,1,1,1,5,2,1,433887**,8,5,False,4,6,29,7
Ohio4,LS1,Midday,Set1,Draw5,2,col2,Midday|Set1|Draw5|col2,B,own,1,1,1,5,2,2,43388**,7,4,False,4,6,29,7
Ohio4,LS1,Midday,Set1,Draw5,2,col2,Midday|Set1|Draw5|col2,B,own,1,1,1,5,2,3,43388**,7,4,False,4,6,29,7
Ohio4,LS1,Midday,Set1,Draw5,2,col2,Midday|Set1|Draw5|col2,B,own,1,1,1,5,2,4,3388**,6,3,True,4,6,29,7
Ohio4,LS1,Midday,Set1,Draw5,2,col2,Midday|Set1|Draw5|col2,B,own,1,1,1,5,2,5,3388**,6,3,True,4,6,29,7
Ohio4,LS1,Midday,Set1,Draw5,2,col2,Midday|Set1|Draw5|col2,B,own,1,1,1,5,2,6,**,2,1,True,4,6,29,7
Ohio4,LS1,Midday,Set1,Draw5,2,col2,Midday|Set1|Draw5|col2,B,combined,1,1,1,5,2,0,9940338867**,12,8,False,2,4,57,5
Ohio4,LS1,Midday,Set1,Draw5,2,col2,Midday|Set1|Draw5|col2,B,combined,1,1,1,5,2,1,433887**,8,5,False,2,4,57,5
Ohio4,LS1,Midday,Set1,Draw5,2,col2,Midday|Set1|Draw5|col2,B,combined,1,1,1,5,2,2,47**,4,3,True,2,4,57,5
Ohio4,LS1,Midday,Set1,Draw5,2,col2,Midday|Set1|Draw5|col2,B,combined,1,1,1,5,2,3,4**,3,2,True,2,4,57,5
Ohio4,LS1,Midday,Set1,Draw5,2,col2,Midday|Set1|Draw5|col2,B,combined,1,1,1,5,2,4,**,2,1,True,2,4,57,5
Ohio4,LS1,Midday,Set1,Draw5,2,col2,Midday|Set1|Draw5|col2,C,own,1,1,1,5,2,0,9940338867**,12,8,False,2,6,29,7
Ohio4,LS1,Midday,Set1,Draw5,2,col2,Midday|Set1|Draw5|col2,C,own,1,1,1,5,2,1,33887**,7,4,False,2,6,29,7
Ohio4,LS1,Midday,Set1,Draw5,2,col2,Midday|Set1|Draw5|col2,C,own,1,1,1,5,2,2,3388**,6,3,True,2,6,29,7
Ohio4,LS1,Midday,Set1,Draw5,2,col2,Midday|Set1|Draw5|col2,C,own,1,1,1,5,2,3,3388**,6,3,True,2,6,29,7
Ohio4,LS1,Midday,Set1,Draw5,2,col2,Midday|Set1|Draw5|col2,C,own,1,1,1,5,2,4,3388**,6,3,True,2,6,29,7
Ohio4,LS1,Midday,Set1,Draw5,2,col2,Midday|Set1|Draw5|col2,C,own,1,1,1,5,2,5,3388**,6,3,True,2,6,29,7
Ohio4,LS1,Midday,Set1,Draw5,2,col2,Midday|Set1|Draw5|col2,C,own,1,1,1,5,2,6,**,2,1,True,2,6,29,7
Ohio4,LS1,Midday,Set1,Draw5,2,col2,Midday|Set1|Draw5|col2,C,combined,1,1,1,5,2,0,9940338867**,12,8,False,2,3,57,4
Ohio4,LS1,Midday,Set1,Draw5,2,col2,Midday|Set1|Draw5|col2,C,combined,1,1,1,5,2,1,33887**,7,4,False,2,3,57,4
Ohio4,LS1,Midday,Set1,Draw5,2,col2,Midday|Set1|Draw5|col2,C,combined,1,1,1,5,2,2,7**,3,2,True,2,3,57,4
Ohio4,LS1,Midday,Set1,Draw5,2,col2,Midday|Set1|Draw5|col2,C,combined,1,1,1,5,2,3,**,2,1,True,2,3,57,4
Ohio4,LS1,Midday,Set1,Draw5,2,col2,Midday|Set1|Draw5|col2,D,own,1,1,1,5,2,0,9940338867**,12,8,False,2,6,29,7
Ohio4,LS1,Midday,Set1,Draw5,2,col2,Midday|Set1|Draw5|col2,D,own,1,1,1,5,2,1,33887**,7,4,False,2,6,29,7
Ohio4,LS1,Midday,Set1,Draw5,2,col2,Midday|Set1|Draw5|col2,D,own,1,1,1,5,2,2,3388**,6,3,True,2,6,29,7
Ohio4,LS1,Midday,Set1,Draw5,2,col2,Midday|Set1|Draw5|col2,D,own,1,1,1,5,2,3,3388**,6,3,True,2,6,29,7
Ohio4,LS1,Midday,Set1,Draw5,2,col2,Midday|Set1|Draw5|col2,D,own,1,1,1,5,2,4,3388**,6,3,True,2,6,29,7
Ohio4,LS1,Midday,Set1,Draw5,2,col2,Midday|Set1|Draw5|col2,D,own,1,1,1,5,2,5,3388**,6,3,True,2,6,29,7
Ohio4,LS1,Midday,Set1,Draw5,2,col2,Midday|Set1|Draw5|col2,D,own,1,1,1,5,2,6,**,2,1,True,2,6,29,7
Ohio4,LS1,Midday,Set1,Draw5,2,col2,Midday|Set1|Draw5|col2,D,combined,1,1,1,5,2,0,9940338867**,12,8,False,2,3,57,4
Ohio4,LS1,Midday,Set1,Draw5,2,col2,Midday|Set1|Draw5|col2,D,combined,1,1,1,5,2,1,33887**,7,4,False,2,3,57,4
Ohio4,LS1,Midday,Set1,Draw5,2,col2,Midday|Set1|Draw5|col2,D,combined,1,1,1,5,2,2,7**,3,2,True,2,3,57,4
Ohio4,LS1,Midday,Set1,Draw5,2,col2,Midday|Set1|Draw5|col2,D,combined,1,1,1,5,2,3,**,2,1,True,2,3,57,4
Ohio4,LS1,Midday,Set1,Draw5,2,col2,Midday|Set1|Draw5|col2,E,own,1,1,1,5,2,0,9940338867**,12,8,False,7,13,29,14
Ohio4,LS1,Midday,Set1,Draw5,2,col2,Midday|Set1|Draw5|col2,E,own,1,1,1,5,2,1,9433887**,9,6,False,7,13,29,14
Ohio4,LS1,Midday,Set1,Draw5,2,col2,Midday|Set1|Draw5|col2,E,own,1,1,1,5,2,2,943388**,8,5,False,7,13,29,14
Ohio4,LS1,Midday,Set1,Draw5,2,col2,Midday|Set1|Draw5|col2,E,own,1,1,1,5,2,3,943388**,8,5,False,7,13,29,14
Ohio4,LS1,Midday,Set1,Draw5,2,col2,Midday|Set1|Draw5|col2,E,own,1,1,1,5,2,4,93388**,7,4,False,7,13,29,14
Ohio4,LS1,Midday,Set1,Draw5,2,col2,Midday|Set1|Draw5|col2,E,own,1,1,1,5,2,5,93388**,7,4,False,7,13,29,14
Ohio4,LS1,Midday,Set1,Draw5,2,col2,Midday|Set1|Draw5|col2,E,own,1,1,1,5,2,6,938**,5,4,False,7,13,29,14
Ohio4,LS1,Midday,Set1,Draw5,2,col2,Midday|Set1|Draw5|col2,E,own,1,1,1,5,2,7,38**,4,3,True,7,13,29,14
Ohio4,LS1,Midday,Set1,Draw5,2,col2,Midday|Set1|Draw5|col2,E,own,1,1,1,5,2,8,38**,4,3,True,7,13,29,14
Ohio4,LS1,Midday,Set1,Draw5,2,col2,Midday|Set1|Draw5|col2,E,own,1,1,1,5,2,9,38**,4,3,True,7,13,29,14
Ohio4,LS1,Midday,Set1,Draw5,2,col2,Midday|Set1|Draw5|col2,E,own,1,1,1,5,2,10,38**,4,3,True,7,13,29,14
Ohio4,LS1,Midday,Set1,Draw5,2,col2,Midday|Set1|Draw5|col2,E,own,1,1,1,5,2,11,38**,4,3,True,7,13,29,14
Ohio4,LS1,Midday,Set1,Draw5,2,col2,Midday|Set1|Draw5|col2,E,own,1,1,1,5,2,12,38**,4,3,True,7,13,29,14
Ohio4,LS1,Midday,Set1,Draw5,2,col2,Midday|Set1|Draw5|col2,E,own,1,1,1,5,2,13,**,2,1,True,7,13,29,14
Ohio4,LS1,Midday,Set1,Draw5,2,col2,Midday|Set1|Draw5|col2,E,combined,1,1,1,5,2,0,9940338867**,12,8,False,4,10,57,7
Ohio4,LS1,Midday,Set1,Draw5,2,col2,Midday|Set1|Draw5|col2,E,combined,1,1,1,5,2,1,9433887**,9,6,False,4,10,57,7
Ohio4,LS1,Midday,Set1,Draw5,2,col2,Midday|Set1|Draw5|col2,E,combined,1,1,1,5,2,2,94337**,7,5,False,4,10,57,7
Ohio4,LS1,Midday,Set1,Draw5,2,col2,Midday|Set1|Draw5|col2,E,combined,1,1,1,5,2,3,9433**,6,4,False,4,10,57,7
Ohio4,LS1,Midday,Set1,Draw5,2,col2,Midday|Set1|Draw5|col2,E,combined,1,1,1,5,2,4,3**,3,2,True,4,10,57,7
Ohio4,LS1,Midday,Set1,Draw5,2,col2,Midday|Set1|Draw5|col2,E,combined,1,1,1,5,2,5,3**,3,2,True,4,10,57,7
Ohio4,LS1,Midday,Set1,Draw5,2,col2,Midday|Set1|Draw5|col2,E,combined,1,1,1,5,2,10,**,2,1,True,4,10,57,7
Ohio4,LS1,Midday,Set1,Draw5,2,col2,Midday|Set1|Draw5|col2,T,own,1,1,1,5,2,0,9940338867**,12,8,False,2,6,29,7
Ohio4,LS1,Midday,Set1,Draw5,2,col2,Midday|Set1|Draw5|col2,T,own,1,1,1,5,2,1,33887**,7,4,False,2,6,29,7
Ohio4,LS1,Midday,Set1,Draw5,2,col2,Midday|Set1|Draw5|col2,T,own,1,1,1,5,2,2,3388**,6,3,True,2,6,29,7
Ohio4,LS1,Midday,Set1,Draw5,2,col2,Midday|Set1|Draw5|col2,T,own,1,1,1,5,2,3,3388**,6,3,True,2,6,29,7
Ohio4,LS1,Midday,Set1,Draw5,2,col2,Midday|Set1|Draw5|col2,T,own,1,1,1,5,2,4,3388**,6,3,True,2,6,29,7
Ohio4,LS1,Midday,Set1,Draw5,2,col2,Midday|Set1|Draw5|col2,T,own,1,1,1,5,2,5,3388**,6,3,True,2,6,29,7
Ohio4,LS1,Midday,Set1,Draw5,2,col2,Midday|Set1|Draw5|col2,T,own,1,1,1,5,2,6,**,2,1,True,2,6,29,7
Ohio4,LS1,Midday,Set1,Draw5,2,col2,Midday|Set1|Draw5|col2,T,combined,1,1,1,5,2,0,9940338867**,12,8,False,2,3,57,4
Ohio4,LS1,Midday,Set1,Draw5,2,col2,Midday|Set1|Draw5|col2,T,combined,1,1,1,5,2,1,33887**,7,4,False,2,3,57,4
Ohio4,LS1,Midday,Set1,Draw5,2,col2,Midday|Set1|Draw5|col2,T,combined,1,1,1,5,2,2,7**,3,2,True,2,3,57,4
Ohio4,LS1,Midday,Set1,Draw5,2,col2,Midday|Set1|Draw5|col2,T,combined,1,1,1,5,2,3,**,2,1,True,2,3,57,4
Ohio4,LS1,Midday,Set1,Draw5,1,col1,Midday|Set1|Draw5|col1,A,own,1,1,1,5,1,0,9433887**,9,6,False,4,6,29,7
Ohio4,LS1,Midday,Set1,Draw5,1,col1,Midday|Set1|Draw5|col1,A,own,1,1,1,5,1,1,433887**,8,5,False,4,6,29,7
Ohio4,LS1,Midday,Set1,Draw5,1,col1,Midday|Set1|Draw5|col1,A,own,1,1,1,5,1,2,43388**,7,4,False,4,6,29,7
Ohio4,LS1,Midday,Set1,Draw5,1,col1,Midday|Set1|Draw5|col1,A,own,1,1,1,5,1,3,43388**,7,4,False,4,6,29,7
Ohio4,LS1,Midday,Set1,Draw5,1,col1,Midday|Set1|Draw5|col1,A,own,1,1,1,5,1,4,3388**,6,3,True,4,6,29,7
Ohio4,LS1,Midday,Set1,Draw5,1,col1,Midday|Set1|Draw5|col1,A,own,1,1,1,5,1,5,3388**,6,3,True,4,6,29,7
Ohio4,LS1,Midday,Set1,Draw5,1,col1,Midday|Set1|Draw5|col1,A,own,1,1,1,5,1,6,**,2,1,True,4,6,29,7
Ohio4,LS1,Midday,Set1,Draw5,1,col1,Midday|Set1|Draw5|col1,A,combined,1,1,1,5,1,0,9433887**,9,6,False,3,10,57,9
Ohio4,LS1,Midday,Set1,Draw5,1,col1,Midday|Set1|Draw5|col1,A,combined,1,1,1,5,1,1,433887**,8,5,False,3,10,57,9
Ohio4,LS1,Midday,Set1,Draw5,1,col1,Midday|Set1|Draw5|col1,A,combined,1,1,1,5,1,2,4337**,6,4,False,3,10,57,9
Ohio4,LS1,Midday,Set1,Draw5,1,col1,Midday|Set1|Draw5|col1,A,combined,1,1,1,5,1,3,433**,5,3,True,3,10,57,9
Ohio4,LS1,Midday,Set1,Draw5,1,col1,Midday|Set1|Draw5|col1,A,combined,1,1,1,5,1,4,433**,5,3,True,3,10,57,9
Ohio4,LS1,Midday,Set1,Draw5,1,col1,Midday|Set1|Draw5|col1,A,combined,1,1,1,5,1,5,433**,5,3,True,3,10,57,9
Ohio4,LS1,Midday,Set1,Draw5,1,col1,Midday|Set1|Draw5|col1,A,combined,1,1,1,5,1,6,33**,4,2,True,3,10,57,9
Ohio4,LS1,Midday,Set1,Draw5,1,col1,Midday|Set1|Draw5|col1,A,combined,1,1,1,5,1,7,33**,4,2,True,3,10,57,9
Ohio4,LS1,Midday,Set1,Draw5,1,col1,Midday|Set1|Draw5|col1,A,combined,1,1,1,5,1,10,**,2,1,True,3,10,57,9
Ohio4,LS1,Midday,Set1,Draw5,1,col1,Midday|Set1|Draw5|col1,B,own,1,1,1,5,1,0,9433887**,9,6,False,4,6,29,7
Ohio4,LS1,Midday,Set1,Draw5,1,col1,Midday|Set1|Draw5|col1,B,own,1,1,1,5,1,1,433887**,8,5,False,4,6,29,7
Ohio4,LS1,Midday,Set1,Draw5,1,col1,Midday|Set1|Draw5|col1,B,own,1,1,1,5,1,2,43388**,7,4,False,4,6,29,7
Ohio4,LS1,Midday,Set1,Draw5,1,col1,Midday|Set1|Draw5|col1,B,own,1,1,1,5,1,3,43388**,7,4,False,4,6,29,7
Ohio4,LS1,Midday,Set1,Draw5,1,col1,Midday|Set1|Draw5|col1,B,own,1,1,1,5,1,4,3388**,6,3,True,4,6,29,7
Ohio4,LS1,Midday,Set1,Draw5,1,col1,Midday|Set1|Draw5|col1,B,own,1,1,1,5,1,5,3388**,6,3,True,4,6,29,7
Ohio4,LS1,Midday,Set1,Draw5,1,col1,Midday|Set1|Draw5|col1,B,own,1,1,1,5,1,6,**,2,1,True,4,6,29,7
Ohio4,LS1,Midday,Set1,Draw5,1,col1,Midday|Set1|Draw5|col1,B,combined,1,1,1,5,1,0,9433887**,9,6,False,2,4,57,5
Ohio4,LS1,Midday,Set1,Draw5,1,col1,Midday|Set1|Draw5|col1,B,combined,1,1,1,5,1,1,433887**,8,5,False,2,4,57,5
Ohio4,LS1,Midday,Set1,Draw5,1,col1,Midday|Set1|Draw5|col1,B,combined,1,1,1,5,1,2,47**,4,3,True,2,4,57,5
Ohio4,LS1,Midday,Set1,Draw5,1,col1,Midday|Set1|Draw5|col1,B,combined,1,1,1,5,1,3,4**,3,2,True,2,4,57,5
Ohio4,LS1,Midday,Set1,Draw5,1,col1,Midday|Set1|Draw5|col1,B,combined,1,1,1,5,1,4,**,2,1,True,2,4,57,5
Ohio4,LS1,Midday,Set1,Draw5,1,col1,Midday|Set1|Draw5|col1,C,own,1,1,1,5,1,0,9433887**,9,6,False,2,6,29,7
Ohio4,LS1,Midday,Set1,Draw5,1,col1,Midday|Set1|Draw5|col1,C,own,1,1,1,5,1,1,33887**,7,4,False,2,6,29,7
Ohio4,LS1,Midday,Set1,Draw5,1,col1,Midday|Set1|Draw5|col1,C,own,1,1,1,5,1,2,3388**,6,3,True,2,6,29,7
Ohio4,LS1,Midday,Set1,Draw5,1,col1,Midday|Set1|Draw5|col1,C,own,1,1,1,5,1,3,3388**,6,3,True,2,6,29,7
Ohio4,LS1,Midday,Set1,Draw5,1,col1,Midday|Set1|Draw5|col1,C,own,1,1,1,5,1,4,3388**,6,3,True,2,6,29,7
Ohio4,LS1,Midday,Set1,Draw5,1,col1,Midday|Set1|Draw5|col1,C,own,1,1,1,5,1,5,3388**,6,3,True,2,6,29,7
Ohio4,LS1,Midday,Set1,Draw5,1,col1,Midday|Set1|Draw5|col1,C,own,1,1,1,5,1,6,**,2,1,True,2,6,29,7
Ohio4,LS1,Midday,Set1,Draw5,1,col1,Midday|Set1|Draw5|col1,C,combined,1,1,1,5,1,0,9433887**,9,6,False,2,3,57,4
Ohio4,LS1,Midday,Set1,Draw5,1,col1,Midday|Set1|Draw5|col1,C,combined,1,1,1,5,1,1,33887**,7,4,False,2,3,57,4
Ohio4,LS1,Midday,Set1,Draw5,1,col1,Midday|Set1|Draw5|col1,C,combined,1,1,1,5,1,2,7**,3,2,True,2,3,57,4
Ohio4,LS1,Midday,Set1,Draw5,1,col1,Midday|Set1|Draw5|col1,C,combined,1,1,1,5,1,3,**,2,1,True,2,3,57,4
Ohio4,LS1,Midday,Set1,Draw5,1,col1,Midday|Set1|Draw5|col1,D,own,1,1,1,5,1,0,9433887**,9,6,False,2,6,29,7
Ohio4,LS1,Midday,Set1,Draw5,1,col1,Midday|Set1|Draw5|col1,D,own,1,1,1,5,1,1,33887**,7,4,False,2,6,29,7
Ohio4,LS1,Midday,Set1,Draw5,1,col1,Midday|Set1|Draw5|col1,D,own,1,1,1,5,1,2,3388**,6,3,True,2,6,29,7
Ohio4,LS1,Midday,Set1,Draw5,1,col1,Midday|Set1|Draw5|col1,D,own,1,1,1,5,1,3,3388**,6,3,True,2,6,29,7
Ohio4,LS1,Midday,Set1,Draw5,1,col1,Midday|Set1|Draw5|col1,D,own,1,1,1,5,1,4,3388**,6,3,True,2,6,29,7
Ohio4,LS1,Midday,Set1,Draw5,1,col1,Midday|Set1|Draw5|col1,D,own,1,1,1,5,1,5,3388**,6,3,True,2,6,29,7
Ohio4,LS1,Midday,Set1,Draw5,1,col1,Midday|Set1|Draw5|col1,D,own,1,1,1,5,1,6,**,2,1,True,2,6,29,7
Ohio4,LS1,Midday,Set1,Draw5,1,col1,Midday|Set1|Draw5|col1,D,combined,1,1,1,5,1,0,9433887**,9,6,False,2,3,57,4
Ohio4,LS1,Midday,Set1,Draw5,1,col1,Midday|Set1|Draw5|col1,D,combined,1,1,1,5,1,1,33887**,7,4,False,2,3,57,4
Ohio4,LS1,Midday,Set1,Draw5,1,col1,Midday|Set1|Draw5|col1,D,combined,1,1,1,5,1,2,7**,3,2,True,2,3,57,4
Ohio4,LS1,Midday,Set1,Draw5,1,col1,Midday|Set1|Draw5|col1,D,combined,1,1,1,5,1,3,**,2,1,True,2,3,57,4
Ohio4,LS1,Midday,Set1,Draw5,1,col1,Midday|Set1|Draw5|col1,E,own,1,1,1,5,1,0,9433887**,9,6,False,4,13,29,14
Ohio4,LS1,Midday,Set1,Draw5,1,col1,Midday|Set1|Draw5|col1,E,own,1,1,1,5,1,1,433887**,8,5,False,4,13,29,14
Ohio4,LS1,Midday,Set1,Draw5,1,col1,Midday|Set1|Draw5|col1,E,own,1,1,1,5,1,2,43388**,7,4,False,4,13,29,14
Ohio4,LS1,Midday,Set1,Draw5,1,col1,Midday|Set1|Draw5|col1,E,own,1,1,1,5,1,3,43388**,7,4,False,4,13,29,14
Ohio4,LS1,Midday,Set1,Draw5,1,col1,Midday|Set1|Draw5|col1,E,own,1,1,1,5,1,4,3388**,6,3,True,4,13,29,14
Ohio4,LS1,Midday,Set1,Draw5,1,col1,Midday|Set1|Draw5|col1,E,own,1,1,1,5,1,5,3388**,6,3,True,4,13,29,14
Ohio4,LS1,Midday,Set1,Draw5,1,col1,Midday|Set1|Draw5|col1,E,own,1,1,1,5,1,6,38**,4,3,True,4,13,29,14
Ohio4,LS1,Midday,Set1,Draw5,1,col1,Midday|Set1|Draw5|col1,E,own,1,1,1,5,1,7,38**,4,3,True,4,13,29,14
Ohio4,LS1,Midday,Set1,Draw5,1,col1,Midday|Set1|Draw5|col1,E,own,1,1,1,5,1,8,38**,4,3,True,4,13,29,14
Ohio4,LS1,Midday,Set1,Draw5,1,col1,Midday|Set1|Draw5|col1,E,own,1,1,1,5,1,9,38**,4,3,True,4,13,29,14
Ohio4,LS1,Midday,Set1,Draw5,1,col1,Midday|Set1|Draw5|col1,E,own,1,1,1,5,1,10,38**,4,3,True,4,13,29,14
Ohio4,LS1,Midday,Set1,Draw5,1,col1,Midday|Set1|Draw5|col1,E,own,1,1,1,5,1,11,38**,4,3,True,4,13,29,14
Ohio4,LS1,Midday,Set1,Draw5,1,col1,Midday|Set1|Draw5|col1,E,own,1,1,1,5,1,12,38**,4,3,True,4,13,29,14
Ohio4,LS1,Midday,Set1,Draw5,1,col1,Midday|Set1|Draw5|col1,E,own,1,1,1,5,1,13,**,2,1,True,4,13,29,14
Ohio4,LS1,Midday,Set1,Draw5,1,col1,Midday|Set1|Draw5|col1,E,combined,1,1,1,5,1,0,9433887**,9,6,False,3,10,57,7
Ohio4,LS1,Midday,Set1,Draw5,1,col1,Midday|Set1|Draw5|col1,E,combined,1,1,1,5,1,1,433887**,8,5,False,3,10,57,7
Ohio4,LS1,Midday,Set1,Draw5,1,col1,Midday|Set1|Draw5|col1,E,combined,1,1,1,5,1,2,4337**,6,4,False,3,10,57,7
Ohio4,LS1,Midday,Set1,Draw5,1,col1,Midday|Set1|Draw5|col1,E,combined,1,1,1,5,1,3,433**,5,3,True,3,10,57,7
Ohio4,LS1,Midday,Set1,Draw5,1,col1,Midday|Set1|Draw5|col1,E,combined,1,1,1,5,1,4,3**,3,2,True,3,10,57,7
Ohio4,LS1,Midday,Set1,Draw5,1,col1,Midday|Set1|Draw5|col1,E,combined,1,1,1,5,1,5,3**,3,2,True,3,10,57,7
Ohio4,LS1,Midday,Set1,Draw5,1,col1,Midday|Set1|Draw5|col1,E,combined,1,1,1,5,1,10,**,2,1,True,3,10,57,7
Ohio4,LS1,Midday,Set1,Draw5,1,col1,Midday|Set1|Draw5|col1,T,own,1,1,1,5,1,0,9433887**,9,6,False,2,6,29,7
Ohio4,LS1,Midday,Set1,Draw5,1,col1,Midday|Set1|Draw5|col1,T,own,1,1,1,5,1,1,33887**,7,4,False,2,6,29,7
Ohio4,LS1,Midday,Set1,Draw5,1,col1,Midday|Set1|Draw5|col1,T,own,1,1,1,5,1,2,3388**,6,3,True,2,6,29,7
Ohio4,LS1,Midday,Set1,Draw5,1,col1,Midday|Set1|Draw5|col1,T,own,1,1,1,5,1,3,3388**,6,3,True,2,6,29,7
Ohio4,LS1,Midday,Set1,Draw5,1,col1,Midday|Set1|Draw5|col1,T,own,1,1,1,5,1,4,3388**,6,3,True,2,6,29,7
Ohio4,LS1,Midday,Set1,Draw5,1,col1,Midday|Set1|Draw5|col1,T,own,1,1,1,5,1,5,3388**,6,3,True,2,6,29,7
Ohio4,LS1,Midday,Set1,Draw5,1,col1,Midday|Set1|Draw5|col1,T,own,1,1,1,5,1,6,**,2,1,True,2,6,29,7
Ohio4,LS1,Midday,Set1,Draw5,1,col1,Midday|Set1|Draw5|col1,T,combined,1,1,1,5,1,0,9433887**,9,6,False,2,3,57,4
Ohio4,LS1,Midday,Set1,Draw5,1,col1,Midday|Set1|Draw5|col1,T,combined,1,1,1,5,1,1,33887**,7,4,False,2,3,57,4
Ohio4,LS1,Midday,Set1,Draw5,1,col1,Midday|Set1|Draw5|col1,T,combined,1,1,1,5,1,2,7**,3,2,True,2,3,57,4
Ohio4,LS1,Midday,Set1,Draw5,1,col1,Midday|Set1|Draw5|col1,T,combined,1,1,1,5,1,3,**,2,1,True,2,3,57,4
Ohio4,LS1,Midday,Set1,Draw6,2,col2,Midday|Set1|Draw6|col2,A,own,1,1,1,6,2,0,59940338867,11,8,False,4,6,7,7
Ohio4,LS1,Midday,Set1,Draw6,2,col2,Midday|Set1|Draw6|col2,A,own,1,1,1,6,2,1,5433887,7,5,False,4,6,7,7
Ohio4,LS1,Midday,Set1,Draw6,2,col2,Midday|Set1|Draw6|col2,A,own,1,1,1,6,2,2,543388,6,4,False,4,6,7,7
Ohio4,LS1,Midday,Set1,Draw6,2,col2,Midday|Set1|Draw6|col2,A,own,1,1,1,6,2,3,543388,6,4,False,4,6,7,7
Ohio4,LS1,Midday,Set1,Draw6,2,col2,Midday|Set1|Draw6|col2,A,own,1,1,1,6,2,4,3388,4,2,True,4,6,7,7
Ohio4,LS1,Midday,Set1,Draw6,2,col2,Midday|Set1|Draw6|col2,A,own,1,1,1,6,2,5,3388,4,2,True,4,6,7,7
Ohio4,LS1,Midday,Set1,Draw6,2,col2,Midday|Set1|Draw6|col2,A,own,1,1,1,6,2,6,,0,0,False,4,6,7,7
Ohio4,LS1,Midday,Set1,Draw6,2,col2,Midday|Set1|Draw6|col2,A,combined,1,1,1,6,2,0,59940338867,11,8,False,3,10,11,10
Ohio4,LS1,Midday,Set1,Draw6,2,col2,Midday|Set1|Draw6|col2,A,combined,1,1,1,6,2,1,5433887,7,5,False,3,10,11,10
Ohio4,LS1,Midday,Set1,Draw6,2,col2,Midday|Set1|Draw6|col2,A,combined,1,1,1,6,2,2,54337,5,4,False,3,10,11,10
Ohio4,LS1,Midday,Set1,Draw6,2,col2,Midday|Set1|Draw6|col2,A,combined,1,1,1,6,2,3,5433,4,3,True,3,10,11,10
Ohio4,LS1,Midday,Set1,Draw6,2,col2,Midday|Set1|Draw6|col2,A,combined,1,1,1,6,2,4,5433,4,3,True,3,10,11,10
Ohio4,LS1,Midday,Set1,Draw6,2,col2,Midday|Set1|Draw6|col2,A,combined,1,1,1,6,2,5,5433,4,3,True,3,10,11,10
Ohio4,LS1,Midday,Set1,Draw6,2,col2,Midday|Set1|Draw6|col2,A,combined,1,1,1,6,2,6,533,3,2,True,3,10,11,10
Ohio4,LS1,Midday,Set1,Draw6,2,col2,Midday|Set1|Draw6|col2,A,combined,1,1,1,6,2,7,33,2,1,True,3,10,11,10
Ohio4,LS1,Midday,Set1,Draw6,2,col2,Midday|Set1|Draw6|col2,A,combined,1,1,1,6,2,8,33,2,1,True,3,10,11,10
Ohio4,LS1,Midday,Set1,Draw6,2,col2,Midday|Set1|Draw6|col2,A,combined,1,1,1,6,2,10,,0,0,False,3,10,11,10
Ohio4,LS1,Midday,Set1,Draw6,2,col2,Midday|Set1|Draw6|col2,B,own,1,1,1,6,2,0,59940338867,11,8,False,2,6,7,7
Ohio4,LS1,Midday,Set1,Draw6,2,col2,Midday|Set1|Draw6|col2,B,own,1,1,1,6,2,1,5433887,7,5,False,2,6,7,7
Ohio4,LS1,Midday,Set1,Draw6,2,col2,Midday|Set1|Draw6|col2,B,own,1,1,1,6,2,2,43388,5,3,True,2,6,7,7
Ohio4,LS1,Midday,Set1,Draw6,2,col2,Midday|Set1|Draw6|col2,B,own,1,1,1,6,2,3,43388,5,3,True,2,6,7,7
Ohio4,LS1,Midday,Set1,Draw6,2,col2,Midday|Set1|Draw6|col2,B,own,1,1,1,6,2,4,3388,4,2,True,2,6,7,7
Ohio4,LS1,Midday,Set1,Draw6,2,col2,Midday|Set1|Draw6|col2,B,own,1,1,1,6,2,5,3388,4,2,True,2,6,7,7
Ohio4,LS1,Midday,Set1,Draw6,2,col2,Midday|Set1|Draw6|col2,B,own,1,1,1,6,2,6,,0,0,False,2,6,7,7
Ohio4,LS1,Midday,Set1,Draw6,2,col2,Midday|Set1|Draw6|col2,B,combined,1,1,1,6,2,0,59940338867,11,8,False,2,4,5,5
Ohio4,LS1,Midday,Set1,Draw6,2,col2,Midday|Set1|Draw6|col2,B,combined,1,1,1,6,2,1,5433887,7,5,False,2,4,5,5
Ohio4,LS1,Midday,Set1,Draw6,2,col2,Midday|Set1|Draw6|col2,B,combined,1,1,1,6,2,2,547,3,3,True,2,4,5,5
Ohio4,LS1,Midday,Set1,Draw6,2,col2,Midday|Set1|Draw6|col2,B,combined,1,1,1,6,2,3,4,1,1,True,2,4,5,5
Ohio4,LS1,Midday,Set1,Draw6,2,col2,Midday|Set1|Draw6|col2,B,combined,1,1,1,6,2,4,,0,0,False,2,4,5,5
Ohio4,LS1,Midday,Set1,Draw6,2,col2,Midday|Set1|Draw6|col2,C,own,1,1,1,6,2,0,59940338867,11,8,False,1,6,7,5
Ohio4,LS1,Midday,Set1,Draw6,2,col2,Midday|Set1|Draw6|col2,C,own,1,1,1,6,2,1,33887,5,3,True,1,6,7,5
Ohio4,LS1,Midday,Set1,Draw6,2,col2,Midday|Set1|Draw6|col2,C,own,1,1,1,6,2,2,3388,4,2,True,1,6,7,5
Ohio4,LS1,Midday,Set1,Draw6,2,col2,Midday|Set1|Draw6|col2,C,own,1,1,1,6,2,3,3388,4,2,True,1,6,7,5
Ohio4,LS1,Midday,Set1,Draw6,2,col2,Midday|Set1|Draw6|col2,C,own,1,1,1,6,2,6,,0,0,False,1,6,7,5
Ohio4,LS1,Midday,Set1,Draw6,2,col2,Midday|Set1|Draw6|col2,C,combined,1,1,1,6,2,0,59940338867,11,8,False,1,3,4,4
Ohio4,LS1,Midday,Set1,Draw6,2,col2,Midday|Set1|Draw6|col2,C,combined,1,1,1,6,2,1,33887,5,3,True,1,3,4,4
Ohio4,LS1,Midday,Set1,Draw6,2,col2,Midday|Set1|Draw6|col2,C,combined,1,1,1,6,2,2,7,1,1,True,1,3,4,4
Ohio4,LS1,Midday,Set1,Draw6,2,col2,Midday|Set1|Draw6|col2,C,combined,1,1,1,6,2,3,,0,0,False,1,3,4,4
Ohio4,LS1,Midday,Set1,Draw6,2,col2,Midday|Set1|Draw6|col2,D,own,1,1,1,6,2,0,59940338867,11,8,False,1,6,7,5
Ohio4,LS1,Midday,Set1,Draw6,2,col2,Midday|Set1|Draw6|col2,D,own,1,1,1,6,2,1,33887,5,3,True,1,6,7,5
Ohio4,LS1,Midday,Set1,Draw6,2,col2,Midday|Set1|Draw6|col2,D,own,1,1,1,6,2,2,3388,4,2,True,1,6,7,5
Ohio4,LS1,Midday,Set1,Draw6,2,col2,Midday|Set1|Draw6|col2,D,own,1,1,1,6,2,3,3388,4,2,True,1,6,7,5
Ohio4,LS1,Midday,Set1,Draw6,2,col2,Midday|Set1|Draw6|col2,D,own,1,1,1,6,2,6,,0,0,False,1,6,7,5
Ohio4,LS1,Midday,Set1,Draw6,2,col2,Midday|Set1|Draw6|col2,D,combined,1,1,1,6,2,0,59940338867,11,8,False,1,3,4,4
Ohio4,LS1,Midday,Set1,Draw6,2,col2,Midday|Set1|Draw6|col2,D,combined,1,1,1,6,2,1,33887,5,3,True,1,3,4,4
Ohio4,LS1,Midday,Set1,Draw6,2,col2,Midday|Set1|Draw6|col2,D,combined,1,1,1,6,2,2,7,1,1,True,1,3,4,4
Ohio4,LS1,Midday,Set1,Draw6,2,col2,Midday|Set1|Draw6|col2,D,combined,1,1,1,6,2,3,,0,0,False,1,3,4,4
Ohio4,LS1,Midday,Set1,Draw6,2,col2,Midday|Set1|Draw6|col2,E,own,1,1,1,6,2,0,59940338867,11,8,False,4,13,14,10
Ohio4,LS1,Midday,Set1,Draw6,2,col2,Midday|Set1|Draw6|col2,E,own,1,1,1,6,2,1,59433887,8,6,False,4,13,14,10
Ohio4,LS1,Midday,Set1,Draw6,2,col2,Midday|Set1|Draw6|col2,E,own,1,1,1,6,2,2,943388,6,4,False,4,13,14,10
Ohio4,LS1,Midday,Set1,Draw6,2,col2,Midday|Set1|Draw6|col2,E,own,1,1,1,6,2,3,943388,6,4,False,4,13,14,10
Ohio4,LS1,Midday,Set1,Draw6,2,col2,Midday|Set1|Draw6|col2,E,own,1,1,1,6,2,4,93388,5,3,True,4,13,14,10
Ohio4,LS1,Midday,Set1,Draw6,2,col2,Midday|Set1|Draw6|col2,E,own,1,1,1,6,2,5,93388,5,3,True,4,13,14,10
Ohio4,LS1,Midday,Set1,Draw6,2,col2,Midday|Set1|Draw6|col2,E,own,1,1,1,6,2,6,938,3,3,True,4,13,14,10
Ohio4,LS1,Midday,Set1,Draw6,2,col2,Midday|Set1|Draw6|col2,E,own,1,1,1,6,2,7,38,2,2,True,4,13,14,10
Ohio4,LS1,Midday,Set1,Draw6,2,col2,Midday|Set1|Draw6|col2,E,own,1,1,1,6,2,8,38,2,2,True,4,13,14,10
Ohio4,LS1,Midday,Set1,Draw6,2,col2,Midday|Set1|Draw6|col2,E,own,1,1,1,6,2,13,,0,0,False,4,13,14,10
Ohio4,LS1,Midday,Set1,Draw6,2,col2,Midday|Set1|Draw6|col2,E,combined,1,1,1,6,2,0,59940338867,11,8,False,3,10,11,7
Ohio4,LS1,Midday,Set1,Draw6,2,col2,Midday|Set1|Draw6|col2,E,combined,1,1,1,6,2,1,59433887,8,6,False,3,10,11,7
Ohio4,LS1,Midday,Set1,Draw6,2,col2,Midday|Set1|Draw6|col2,E,combined,1,1,1,6,2,2,594337,6,5,False,3,10,11,7
Ohio4,LS1,Midday,Set1,Draw6,2,col2,Midday|Set1|Draw6|col2,E,combined,1,1,1,6,2,3,9433,4,3,True,3,10,11,7
Ohio4,LS1,Midday,Set1,Draw6,2,col2,Midday|Set1|Draw6|col2,E,combined,1,1,1,6,2,4,3,1,1,True,3,10,11,7
Ohio4,LS1,Midday,Set1,Draw6,2,col2,Midday|Set1|Draw6|col2,E,combined,1,1,1,6,2,5,3,1,1,True,3,10,11,7
Ohio4,LS1,Midday,Set1,Draw6,2,col2,Midday|Set1|Draw6|col2,E,combined,1,1,1,6,2,10,,0,0,False,3,10,11,7
Ohio4,LS1,Midday,Set1,Draw6,2,col2,Midday|Set1|Draw6|col2,T,own,1,1,1,6,2,0,59940338867,11,8,False,1,6,7,5
Ohio4,LS1,Midday,Set1,Draw6,2,col2,Midday|Set1|Draw6|col2,T,own,1,1,1,6,2,1,33887,5,3,True,1,6,7,5
Ohio4,LS1,Midday,Set1,Draw6,2,col2,Midday|Set1|Draw6|col2,T,own,1,1,1,6,2,2,3388,4,2,True,1,6,7,5
Ohio4,LS1,Midday,Set1,Draw6,2,col2,Midday|Set1|Draw6|col2,T,own,1,1,1,6,2,3,3388,4,2,True,1,6,7,5
Ohio4,LS1,Midday,Set1,Draw6,2,col2,Midday|Set1|Draw6|col2,T,own,1,1,1,6,2,6,,0,0,False,1,6,7,5
Ohio4,LS1,Midday,Set1,Draw6,2,col2,Midday|Set1|Draw6|col2,T,combined,1,1,1,6,2,0,59940338867,11,8,False,1,10,11,6
Ohio4,LS1,Midday,Set1,Draw6,2,col2,Midday|Set1|Draw6|col2,T,combined,1,1,1,6,2,1,33887,5,3,True,1,10,11,6
Ohio4,LS1,Midday,Set1,Draw6,2,col2,Midday|Set1|Draw6|col2,T,combined,1,1,1,6,2,2,337,3,2,True,1,10,11,6
Ohio4,LS1,Midday,Set1,Draw6,2,col2,Midday|Set1|Draw6|col2,T,combined,1,1,1,6,2,3,33,2,1,True,1,10,11,6
Ohio4,LS1,Midday,Set1,Draw6,2,col2,Midday|Set1|Draw6|col2,T,combined,1,1,1,6,2,4,33,2,1,True,1,10,11,6
Ohio4,LS1,Midday,Set1,Draw6,2,col2,Midday|Set1|Draw6|col2,T,combined,1,1,1,6,2,10,,0,0,False,1,10,11,6
Ohio4,LS1,Midday,Set1,Draw7,1,col1,Midday|Set1|Draw7|col1,A,own,1,1,1,7,1,0,55944338867,11,7,False,4,6,7,7
Ohio4,LS1,Midday,Set1,Draw7,1,col1,Midday|Set1|Draw7|col1,A,own,1,1,1,7,1,1,554433887,9,5,False,4,6,7,7
Ohio4,LS1,Midday,Set1,Draw7,1,col1,Midday|Set1|Draw7|col1,A,own,1,1,1,7,1,2,55443388,8,4,False,4,6,7,7
Ohio4,LS1,Midday,Set1,Draw7,1,col1,Midday|Set1|Draw7|col1,A,own,1,1,1,7,1,3,55443388,8,4,False,4,6,7,7
Ohio4,LS1,Midday,Set1,Draw7,1,col1,Midday|Set1|Draw7|col1,A,own,1,1,1,7,1,4,3388,4,2,True,4,6,7,7
Ohio4,LS1,Midday,Set1,Draw7,1,col1,Midday|Set1|Draw7|col1,A,own,1,1,1,7,1,5,3388,4,2,True,4,6,7,7
Ohio4,LS1,Midday,Set1,Draw7,1,col1,Midday|Set1|Draw7|col1,A,own,1,1,1,7,1,6,,0,0,False,4,6,7,7
Ohio4,LS1,Midday,Set1,Draw7,1,col1,Midday|Set1|Draw7|col1,A,combined,1,1,1,7,1,0,55944338867,11,7,False,3,10,11,10
Ohio4,LS1,Midday,Set1,Draw7,1,col1,Midday|Set1|Draw7|col1,A,combined,1,1,1,7,1,1,554433887,9,5,False,3,10,11,10
Ohio4,LS1,Midday,Set1,Draw7,1,col1,Midday|Set1|Draw7|col1,A,combined,1,1,1,7,1,2,5544337,7,4,False,3,10,11,10
Ohio4,LS1,Midday,Set1,Draw7,1,col1,Midday|Set1|Draw7|col1,A,combined,1,1,1,7,1,3,554433,6,3,True,3,10,11,10
Ohio4,LS1,Midday,Set1,Draw7,1,col1,Midday|Set1|Draw7|col1,A,combined,1,1,1,7,1,4,554433,6,3,True,3,10,11,10
Ohio4,LS1,Midday,Set1,Draw7,1,col1,Midday|Set1|Draw7|col1,A,combined,1,1,1,7,1,5,554433,6,3,True,3,10,11,10
Ohio4,LS1,Midday,Set1,Draw7,1,col1,Midday|Set1|Draw7|col1,A,combined,1,1,1,7,1,6,5533,4,2,True,3,10,11,10
Ohio4,LS1,Midday,Set1,Draw7,1,col1,Midday|Set1|Draw7|col1,A,combined,1,1,1,7,1,7,33,2,1,True,3,10,11,10
Ohio4,LS1,Midday,Set1,Draw7,1,col1,Midday|Set1|Draw7|col1,A,combined,1,1,1,7,1,8,33,2,1,True,3,10,11,10
Ohio4,LS1,Midday,Set1,Draw7,1,col1,Midday|Set1|Draw7|col1,A,combined,1,1,1,7,1,10,,0,0,False,3,10,11,10
Ohio4,LS1,Midday,Set1,Draw7,1,col1,Midday|Set1|Draw7|col1,B,own,1,1,1,7,1,0,55944338867,11,7,False,2,6,7,7
Ohio4,LS1,Midday,Set1,Draw7,1,col1,Midday|Set1|Draw7|col1,B,own,1,1,1,7,1,1,4433887,7,4,False,2,6,7,7
Ohio4,LS1,Midday,Set1,Draw7,1,col1,Midday|Set1|Draw7|col1,B,own,1,1,1,7,1,2,443388,6,3,True,2,6,7,7
Ohio4,LS1,Midday,Set1,Draw7,1,col1,Midday|Set1|Draw7|col1,B,own,1,1,1,7,1,3,443388,6,3,True,2,6,7,7
Ohio4,LS1,Midday,Set1,Draw7,1,col1,Midday|Set1|Draw7|col1,B,own,1,1,1,7,1,4,3388,4,2,True,2,6,7,7
Ohio4,LS1,Midday,Set1,Draw7,1,col1,Midday|Set1|Draw7|col1,B,own,1,1,1,7,1,5,3388,4,2,True,2,6,7,7
Ohio4,LS1,Midday,Set1,Draw7,1,col1,Midday|Set1|Draw7|col1,B,own,1,1,1,7,1,6,,0,0,False,2,6,7,7
Ohio4,LS1,Midday,Set1,Draw7,1,col1,Midday|Set1|Draw7|col1,B,combined,1,1,1,7,1,0,55944338867,11,7,False,2,4,5,5
Ohio4,LS1,Midday,Set1,Draw7,1,col1,Midday|Set1|Draw7|col1,B,combined,1,1,1,7,1,1,4433887,7,4,False,2,4,5,5
Ohio4,LS1,Midday,Set1,Draw7,1,col1,Midday|Set1|Draw7|col1,B,combined,1,1,1,7,1,2,447,3,2,True,2,4,5,5
Ohio4,LS1,Midday,Set1,Draw7,1,col1,Midday|Set1|Draw7|col1,B,combined,1,1,1,7,1,3,44,2,1,True,2,4,5,5
Ohio4,LS1,Midday,Set1,Draw7,1,col1,Midday|Set1|Draw7|col1,B,combined,1,1,1,7,1,4,,0,0,False,2,4,5,5
Ohio4,LS1,Midday,Set1,Draw7,1,col1,Midday|Set1|Draw7|col1,C,own,1,1,1,7,1,0,55944338867,11,7,False,1,6,7,5
Ohio4,LS1,Midday,Set1,Draw7,1,col1,Midday|Set1|Draw7|col1,C,own,1,1,1,7,1,1,33887,5,3,True,1,6,7,5
Ohio4,LS1,Midday,Set1,Draw7,1,col1,Midday|Set1|Draw7|col1,C,own,1,1,1,7,1,2,3388,4,2,True,1,6,7,5
Ohio4,LS1,Midday,Set1,Draw7,1,col1,Midday|Set1|Draw7|col1,C,own,1,1,1,7,1,3,3388,4,2,True,1,6,7,5
Ohio4,LS1,Midday,Set1,Draw7,1,col1,Midday|Set1|Draw7|col1,C,own,1,1,1,7,1,6,,0,0,False,1,6,7,5
Ohio4,LS1,Midday,Set1,Draw7,1,col1,Midday|Set1|Draw7|col1,C,combined,1,1,1,7,1,0,55944338867,11,7,False,1,3,4,4
Ohio4,LS1,Midday,Set1,Draw7,1,col1,Midday|Set1|Draw7|col1,C,combined,1,1,1,7,1,1,33887,5,3,True,1,3,4,4
Ohio4,LS1,Midday,Set1,Draw7,1,col1,Midday|Set1|Draw7|col1,C,combined,1,1,1,7,1,2,7,1,1,True,1,3,4,4
Ohio4,LS1,Midday,Set1,Draw7,1,col1,Midday|Set1|Draw7|col1,C,combined,1,1,1,7,1,3,,0,0,False,1,3,4,4
Ohio4,LS1,Midday,Set1,Draw7,1,col1,Midday|Set1|Draw7|col1,D,own,1,1,1,7,1,0,55944338867,11,7,False,2,6,7,7
Ohio4,LS1,Midday,Set1,Draw7,1,col1,Midday|Set1|Draw7|col1,D,own,1,1,1,7,1,1,5433887,7,5,False,2,6,7,7
Ohio4,LS1,Midday,Set1,Draw7,1,col1,Midday|Set1|Draw7|col1,D,own,1,1,1,7,1,2,43388,5,3,True,2,6,7,7
Ohio4,LS1,Midday,Set1,Draw7,1,col1,Midday|Set1|Draw7|col1,D,own,1,1,1,7,1,3,43388,5,3,True,2,6,7,7
Ohio4,LS1,Midday,Set1,Draw7,1,col1,Midday|Set1|Draw7|col1,D,own,1,1,1,7,1,4,3388,4,2,True,2,6,7,7
Ohio4,LS1,Midday,Set1,Draw7,1,col1,Midday|Set1|Draw7|col1,D,own,1,1,1,7,1,5,3388,4,2,True,2,6,7,7
Ohio4,LS1,Midday,Set1,Draw7,1,col1,Midday|Set1|Draw7|col1,D,own,1,1,1,7,1,6,,0,0,False,2,6,7,7
Ohio4,LS1,Midday,Set1,Draw7,1,col1,Midday|Set1|Draw7|col1,D,combined,1,1,1,7,1,0,55944338867,11,7,False,2,4,5,5
Ohio4,LS1,Midday,Set1,Draw7,1,col1,Midday|Set1|Draw7|col1,D,combined,1,1,1,7,1,1,5433887,7,5,False,2,4,5,5
Ohio4,LS1,Midday,Set1,Draw7,1,col1,Midday|Set1|Draw7|col1,D,combined,1,1,1,7,1,2,547,3,3,True,2,4,5,5
Ohio4,LS1,Midday,Set1,Draw7,1,col1,Midday|Set1|Draw7|col1,D,combined,1,1,1,7,1,3,4,1,1,True,2,4,5,5
Ohio4,LS1,Midday,Set1,Draw7,1,col1,Midday|Set1|Draw7|col1,D,combined,1,1,1,7,1,4,,0,0,False,2,4,5,5
Ohio4,LS1,Midday,Set1,Draw7,1,col1,Midday|Set1|Draw7|col1,E,own,1,1,1,7,1,0,55944338867,11,7,False,2,13,14,10
Ohio4,LS1,Midday,Set1,Draw7,1,col1,Midday|Set1|Draw7|col1,E,own,1,1,1,7,1,1,54433887,8,5,False,2,13,14,10
Ohio4,LS1,Midday,Set1,Draw7,1,col1,Midday|Set1|Draw7|col1,E,own,1,1,1,7,1,2,443388,6,3,True,2,13,14,10
Ohio4,LS1,Midday,Set1,Draw7,1,col1,Midday|Set1|Draw7|col1,E,own,1,1,1,7,1,3,443388,6,3,True,2,13,14,10
Ohio4,LS1,Midday,Set1,Draw7,1,col1,Midday|Set1|Draw7|col1,E,own,1,1,1,7,1,4,43388,5,3,True,2,13,14,10
Ohio4,LS1,Midday,Set1,Draw7,1,col1,Midday|Set1|Draw7|col1,E,own,1,1,1,7,1,5,43388,5,3,True,2,13,14,10
Ohio4,LS1,Midday,Set1,Draw7,1,col1,Midday|Set1|Draw7|col1,E,own,1,1,1,7,1,6,438,3,3,True,2,13,14,10
Ohio4,LS1,Midday,Set1,Draw7,1,col1,Midday|Set1|Draw7|col1,E,own,1,1,1,7,1,7,38,2,2,True,2,13,14,10
Ohio4,LS1,Midday,Set1,Draw7,1,col1,Midday|Set1|Draw7|col1,E,own,1,1,1,7,1,8,38,2,2,True,2,13,14,10
Ohio4,LS1,Midday,Set1,Draw7,1,col1,Midday|Set1|Draw7|col1,E,own,1,1,1,7,1,13,,0,0,False,2,13,14,10
Ohio4,LS1,Midday,Set1,Draw7,1,col1,Midday|Set1|Draw7|col1,E,combined,1,1,1,7,1,0,55944338867,11,7,False,3,10,11,7
Ohio4,LS1,Midday,Set1,Draw7,1,col1,Midday|Set1|Draw7|col1,E,combined,1,1,1,7,1,1,54433887,8,5,False,3,10,11,7
Ohio4,LS1,Midday,Set1,Draw7,1,col1,Midday|Set1|Draw7|col1,E,combined,1,1,1,7,1,2,544337,6,4,False,3,10,11,7
Ohio4,LS1,Midday,Set1,Draw7,1,col1,Midday|Set1|Draw7|col1,E,combined,1,1,1,7,1,3,4433,4,2,True,3,10,11,7
Ohio4,LS1,Midday,Set1,Draw7,1,col1,Midday|Set1|Draw7|col1,E,combined,1,1,1,7,1,4,3,1,1,True,3,10,11,7
Ohio4,LS1,Midday,Set1,Draw7,1,col1,Midday|Set1|Draw7|col1,E,combined,1,1,1,7,1,5,3,1,1,True,3,10,11,7
Ohio4,LS1,Midday,Set1,Draw7,1,col1,Midday|Set1|Draw7|col1,E,combined,1,1,1,7,1,10,,0,0,False,3,10,11,7
Ohio4,LS1,Midday,Set1,Draw7,1,col1,Midday|Set1|Draw7|col1,T,own,1,1,1,7,1,0,55944338867,11,7,False,1,6,7,5
Ohio4,LS1,Midday,Set1,Draw7,1,col1,Midday|Set1|Draw7|col1,T,own,1,1,1,7,1,1,33887,5,3,True,1,6,7,5
Ohio4,LS1,Midday,Set1,Draw7,1,col1,Midday|Set1|Draw7|col1,T,own,1,1,1,7,1,2,3388,4,2,True,1,6,7,5
Ohio4,LS1,Midday,Set1,Draw7,1,col1,Midday|Set1|Draw7|col1,T,own,1,1,1,7,1,3,3388,4,2,True,1,6,7,5
Ohio4,LS1,Midday,Set1,Draw7,1,col1,Midday|Set1|Draw7|col1,T,own,1,1,1,7,1,6,,0,0,False,1,6,7,5
Ohio4,LS1,Midday,Set1,Draw7,1,col1,Midday|Set1|Draw7|col1,T,combined,1,1,1,7,1,0,55944338867,11,7,False,1,10,11,6
Ohio4,LS1,Midday,Set1,Draw7,1,col1,Midday|Set1|Draw7|col1,T,combined,1,1,1,7,1,1,33887,5,3,True,1,10,11,6
Ohio4,LS1,Midday,Set1,Draw7,1,col1,Midday|Set1|Draw7|col1,T,combined,1,1,1,7,1,2,337,3,2,True,1,10,11,6
Ohio4,LS1,Midday,Set1,Draw7,1,col1,Midday|Set1|Draw7|col1,T,combined,1,1,1,7,1,3,33,2,1,True,1,10,11,6
Ohio4,LS1,Midday,Set1,Draw7,1,col1,Midday|Set1|Draw7|col1,T,combined,1,1,1,7,1,4,33,2,1,True,1,10,11,6
Ohio4,LS1,Midday,Set1,Draw7,1,col1,Midday|Set1|Draw7|col1,T,combined,1,1,1,7,1,10,,0,0,False,1,10,11,6
Ohio4,LS1,Evening,Set3,Draw1,7,col7,Evening|Set3|Draw1|col7,A,own,1,2,3,1,7,0,55944006677,11,6,False,3,6,7,7
Ohio4,LS1,Evening,Set3,Draw1,7,col7,Evening|Set3|Draw1|col7,A,own,1,2,3,1,7,1,559440077,9,5,False,3,6,7,7
Ohio4,LS1,Evening,Set3,Draw1,7,col7,Evening|Set3|Draw1|col7,A,own,1,2,3,1,7,2,55440077,8,4,False,3,6,7,7
Ohio4,LS1,Evening,Set3,Draw1,7,col7,Evening|Set3|Draw1|col7,A,own,1,2,3,1,7,3,550077,6,3,True,3,6,7,7
Ohio4,LS1,Evening,Set3,Draw1,7,col7,Evening|Set3|Draw1|col7,A,own,1,2,3,1,7,4,00,2,1,True,3,6,7,7
Ohio4,LS1,Evening,Set3,Draw1,7,col7,Evening|Set3|Draw1|col7,A,own,1,2,3,1,7,5,00,2,1,True,3,6,7,7
Ohio4,LS1,Evening,Set3,Draw1,7,col7,Evening|Set3|Draw1|col7,A,own,1,2,3,1,7,6,,0,0,False,3,6,7,7
Ohio4,LS1,Evening,Set3,Draw1,7,col7,Evening|Set3|Draw1|col7,A,combined,1,2,3,1,7,0,55944006677,11,6,False,2,7,8,8
Ohio4,LS1,Evening,Set3,Draw1,7,col7,Evening|Set3|Draw1|col7,A,combined,1,2,3,1,7,1,559440077,9,5,False,2,7,8,8
Ohio4,LS1,Evening,Set3,Draw1,7,col7,Evening|Set3|Draw1|col7,A,combined,1,2,3,1,7,2,554477,6,3,True,2,7,8,8
Ohio4,LS1,Evening,Set3,Draw1,7,col7,Evening|Set3|Draw1|col7,A,combined,1,2,3,1,7,3,554477,6,3,True,2,7,8,8
Ohio4,LS1,Evening,Set3,Draw1,7,col7,Evening|Set3|Draw1|col7,A,combined,1,2,3,1,7,4,5544,4,2,True,2,7,8,8
Ohio4,LS1,Evening,Set3,Draw1,7,col7,Evening|Set3|Draw1|col7,A,combined,1,2,3,1,7,5,55,2,1,True,2,7,8,8
Ohio4,LS1,Evening,Set3,Draw1,7,col7,Evening|Set3|Draw1|col7,A,combined,1,2,3,1,7,6,55,2,1,True,2,7,8,8
Ohio4,LS1,Evening,Set3,Draw1,7,col7,Evening|Set3|Draw1|col7,A,combined,1,2,3,1,7,7,,0,0,False,2,7,8,8
Ohio4,LS1,Evening,Set3,Draw1,7,col7,Evening|Set3|Draw1|col7,B,own,1,2,3,1,7,0,55944006677,11,6,False,2,6,7,7
Ohio4,LS1,Evening,Set3,Draw1,7,col7,Evening|Set3|Draw1|col7,B,own,1,2,3,1,7,1,559440077,9,5,False,2,6,7,7
Ohio4,LS1,Evening,Set3,Draw1,7,col7,Evening|Set3|Draw1|col7,B,own,1,2,3,1,7,2,550077,6,3,True,2,6,7,7
Ohio4,LS1,Evening,Set3,Draw1,7,col7,Evening|Set3|Draw1|col7,B,own,1,2,3,1,7,3,5500,4,2,True,2,6,7,7
Ohio4,LS1,Evening,Set3,Draw1,7,col7,Evening|Set3|Draw1|col7,B,own,1,2,3,1,7,4,00,2,1,True,2,6,7,7
Ohio4,LS1,Evening,Set3,Draw1,7,col7,Evening|Set3|Draw1|col7,B,own,1,2,3,1,7,5,00,2,1,True,2,6,7,7
Ohio4,LS1,Evening,Set3,Draw1,7,col7,Evening|Set3|Draw1|col7,B,own,1,2,3,1,7,6,,0,0,False,2,6,7,7
Ohio4,LS1,Evening,Set3,Draw1,7,col7,Evening|Set3|Draw1|col7,B,combined,1,2,3,1,7,0,55944006677,11,6,False,2,4,5,5
Ohio4,LS1,Evening,Set3,Draw1,7,col7,Evening|Set3|Draw1|col7,B,combined,1,2,3,1,7,1,559440077,9,5,False,2,4,5,5
Ohio4,LS1,Evening,Set3,Draw1,7,col7,Evening|Set3|Draw1|col7,B,combined,1,2,3,1,7,2,554477,6,3,True,2,4,5,5
Ohio4,LS1,Evening,Set3,Draw1,7,col7,Evening|Set3|Draw1|col7,B,combined,1,2,3,1,7,3,5577,4,2,True,2,4,5,5
Ohio4,LS1,Evening,Set3,Draw1,7,col7,Evening|Set3|Draw1|col7,B,combined,1,2,3,1,7,4,,0,0,False,2,4,5,5
Ohio4,LS1,Evening,Set3,Draw1,7,col7,Evening|Set3|Draw1|col7,C,own,1,2,3,1,7,0,55944006677,11,6,False,2,4,5,5
Ohio4,LS1,Evening,Set3,Draw1,7,col7,Evening|Set3|Draw1|col7,C,own,1,2,3,1,7,1,559440077,9,5,False,2,4,5,5
Ohio4,LS1,Evening,Set3,Draw1,7,col7,Evening|Set3|Draw1|col7,C,own,1,2,3,1,7,2,550077,6,3,True,2,4,5,5
Ohio4,LS1,Evening,Set3,Draw1,7,col7,Evening|Set3|Draw1|col7,C,own,1,2,3,1,7,3,5500,4,2,True,2,4,5,5
Ohio4,LS1,Evening,Set3,Draw1,7,col7,Evening|Set3|Draw1|col7,C,own,1,2,3,1,7,4,,0,0,False,2,4,5,5
Ohio4,LS1,Evening,Set3,Draw1,7,col7,Evening|Set3|Draw1|col7,C,combined,1,2,3,1,7,0,55944006677,11,6,False,2,4,5,5
Ohio4,LS1,Evening,Set3,Draw1,7,col7,Evening|Set3|Draw1|col7,C,combined,1,2,3,1,7,1,559440077,9,5,False,2,4,5,5
Ohio4,LS1,Evening,Set3,Draw1,7,col7,Evening|Set3|Draw1|col7,C,combined,1,2,3,1,7,2,77,2,1,True,2,4,5,5
Ohio4,LS1,Evening,Set3,Draw1,7,col7,Evening|Set3|Draw1|col7,C,combined,1,2,3,1,7,3,77,2,1,True,2,4,5,5
Ohio4,LS1,Evening,Set3,Draw1,7,col7,Evening|Set3|Draw1|col7,C,combined,1,2,3,1,7,4,,0,0,False,2,4,5,5
Ohio4,LS1,Evening,Set3,Draw1,7,col7,Evening|Set3|Draw1|col7,D,own,1,2,3,1,7,0,55944006677,11,6,False,2,6,7,7
Ohio4,LS1,Evening,Set3,Draw1,7,col7,Evening|Set3|Draw1|col7,D,own,1,2,3,1,7,1,559440077,9,5,False,2,6,7,7
Ohio4,LS1,Evening,Set3,Draw1,7,col7,Evening|Set3|Draw1|col7,D,own,1,2,3,1,7,2,550077,6,3,True,2,6,7,7
Ohio4,LS1,Evening,Set3,Draw1,7,col7,Evening|Set3|Draw1|col7,D,own,1,2,3,1,7,3,55007,5,3,True,2,6,7,7
Ohio4,LS1,Evening,Set3,Draw1,7,col7,Evening|Set3|Draw1|col7,D,own,1,2,3,1,7,4,0,1,1,True,2,6,7,7
Ohio4,LS1,Evening,Set3,Draw1,7,col7,Evening|Set3|Draw1|col7,D,own,1,2,3,1,7,5,0,1,1,True,2,6,7,7
Ohio4,LS1,Evening,Set3,Draw1,7,col7,Evening|Set3|Draw1|col7,D,own,1,2,3,1,7,6,,0,0,False,2,6,7,7
Ohio4,LS1,Evening,Set3,Draw1,7,col7,Evening|Set3|Draw1|col7,D,combined,1,2,3,1,7,0,55944006677,11,6,False,2,4,5,5
Ohio4,LS1,Evening,Set3,Draw1,7,col7,Evening|Set3|Draw1|col7,D,combined,1,2,3,1,7,1,559440077,9,5,False,2,4,5,5
Ohio4,LS1,Evening,Set3,Draw1,7,col7,Evening|Set3|Draw1|col7,D,combined,1,2,3,1,7,2,5477,4,3,True,2,4,5,5
Ohio4,LS1,Evening,Set3,Draw1,7,col7,Evening|Set3|Draw1|col7,D,combined,1,2,3,1,7,3,577,3,2,True,2,4,5,5
Ohio4,LS1,Evening,Set3,Draw1,7,col7,Evening|Set3|Draw1|col7,D,combined,1,2,3,1,7,4,,0,0,False,2,4,5,5
Ohio4,LS1,Evening,Set3,Draw1,7,col7,Evening|Set3|Draw1|col7,E,own,1,2,3,1,7,0,55944006677,11,6,False,3,13,14,11
Ohio4,LS1,Evening,Set3,Draw1,7,col7,Evening|Set3|Draw1|col7,E,own,1,2,3,1,7,1,5594400677,10,6,False,3,13,14,11
Ohio4,LS1,Evening,Set3,Draw1,7,col7,Evening|Set3|Draw1|col7,E,own,1,2,3,1,7,2,55400677,8,5,False,3,13,14,11
Ohio4,LS1,Evening,Set3,Draw1,7,col7,Evening|Set3|Draw1|col7,E,own,1,2,3,1,7,3,55007,5,3,True,3,13,14,11
Ohio4,LS1,Evening,Set3,Draw1,7,col7,Evening|Set3|Draw1|col7,E,own,1,2,3,1,7,4,500,3,2,True,3,13,14,11
Ohio4,LS1,Evening,Set3,Draw1,7,col7,Evening|Set3|Draw1|col7,E,own,1,2,3,1,7,5,500,3,2,True,3,13,14,11
Ohio4,LS1,Evening,Set3,Draw1,7,col7,Evening|Set3|Draw1|col7,E,own,1,2,3,1,7,6,50,2,2,True,3,13,14,11
Ohio4,LS1,Evening,Set3,Draw1,7,col7,Evening|Set3|Draw1|col7,E,own,1,2,3,1,7,7,50,2,2,True,3,13,14,11
Ohio4,LS1,Evening,Set3,Draw1,7,col7,Evening|Set3|Draw1|col7,E,own,1,2,3,1,7,11,0,1,1,True,3,13,14,11
Ohio4,LS1,Evening,Set3,Draw1,7,col7,Evening|Set3|Draw1|col7,E,own,1,2,3,1,7,12,0,1,1,True,3,13,14,11
Ohio4,LS1,Evening,Set3,Draw1,7,col7,Evening|Set3|Draw1|col7,E,own,1,2,3,1,7,13,,0,0,False,3,13,14,11
Ohio4,LS1,Evening,Set3,Draw1,7,col7,Evening|Set3|Draw1|col7,E,combined,1,2,3,1,7,0,55944006677,11,6,False,3,8,9,8
Ohio4,LS1,Evening,Set3,Draw1,7,col7,Evening|Set3|Draw1|col7,E,combined,1,2,3,1,7,1,5594400677,10,6,False,3,8,9,8
Ohio4,LS1,Evening,Set3,Draw1,7,col7,Evening|Set3|Draw1|col7,E,combined,1,2,3,1,7,2,5544077,7,4,False,3,8,9,8
Ohio4,LS1,Evening,Set3,Draw1,7,col7,Evening|Set3|Draw1|col7,E,combined,1,2,3,1,7,3,55077,5,3,True,3,8,9,8
Ohio4,LS1,Evening,Set3,Draw1,7,col7,Evening|Set3|Draw1|col7,E,combined,1,2,3,1,7,4,55,2,1,True,3,8,9,8
Ohio4,LS1,Evening,Set3,Draw1,7,col7,Evening|Set3|Draw1|col7,E,combined,1,2,3,1,7,5,55,2,1,True,3,8,9,8
Ohio4,LS1,Evening,Set3,Draw1,7,col7,Evening|Set3|Draw1|col7,E,combined,1,2,3,1,7,7,5,1,1,True,3,8,9,8
Ohio4,LS1,Evening,Set3,Draw1,7,col7,Evening|Set3|Draw1|col7,E,combined,1,2,3,1,7,8,,0,0,False,3,8,9,8
Ohio4,LS1,Evening,Set3,Draw1,7,col7,Evening|Set3|Draw1|col7,T,own,1,2,3,1,7,0,55944006677,11,6,False,2,6,7,7
Ohio4,LS1,Evening,Set3,Draw1,7,col7,Evening|Set3|Draw1|col7,T,own,1,2,3,1,7,1,559440077,9,5,False,2,6,7,7
Ohio4,LS1,Evening,Set3,Draw1,7,col7,Evening|Set3|Draw1|col7,T,own,1,2,3,1,7,2,550077,6,3,True,2,6,7,7
Ohio4,LS1,Evening,Set3,Draw1,7,col7,Evening|Set3|Draw1|col7,T,own,1,2,3,1,7,3,5500,4,2,True,2,6,7,7
Ohio4,LS1,Evening,Set3,Draw1,7,col7,Evening|Set3|Draw1|col7,T,own,1,2,3,1,7,4,00,2,1,True,2,6,7,7
Ohio4,LS1,Evening,Set3,Draw1,7,col7,Evening|Set3|Draw1|col7,T,own,1,2,3,1,7,5,00,2,1,True,2,6,7,7
Ohio4,LS1,Evening,Set3,Draw1,7,col7,Evening|Set3|Draw1|col7,T,own,1,2,3,1,7,6,,0,0,False,2,6,7,7
Ohio4,LS1,Evening,Set3,Draw1,7,col7,Evening|Set3|Draw1|col7,T,combined,1,2,3,1,7,0,55944006677,11,6,False,2,4,5,5
Ohio4,LS1,Evening,Set3,Draw1,7,col7,Evening|Set3|Draw1|col7,T,combined,1,2,3,1,7,1,559440077,9,5,False,2,4,5,5
Ohio4,LS1,Evening,Set3,Draw1,7,col7,Evening|Set3|Draw1|col7,T,combined,1,2,3,1,7,2,77,2,1,True,2,4,5,5
Ohio4,LS1,Evening,Set3,Draw1,7,col7,Evening|Set3|Draw1|col7,T,combined,1,2,3,1,7,3,77,2,1,True,2,4,5,5
Ohio4,LS1,Evening,Set3,Draw1,7,col7,Evening|Set3|Draw1|col7,T,combined,1,2,3,1,7,4,,0,0,False,2,4,5,5
Ohio4,LS1,Evening,Set3,Draw1,6,col6,Evening|Set3|Draw1|col6,A,own,1,2,3,1,6,0,5594400677,10,6,False,3,6,7,7
Ohio4,LS1,Evening,Set3,Draw1,6,col6,Evening|Set3|Draw1|col6,A,own,1,2,3,1,6,1,559440077,9,5,False,3,6,7,7
Ohio4,LS1,Evening,Set3,Draw1,6,col6,Evening|Set3|Draw1|col6,A,own,1,2,3,1,6,2,55440077,8,4,False,3,6,7,7
Ohio4,LS1,Evening,Set3,Draw1,6,col6,Evening|Set3|Draw1|col6,A,own,1,2,3,1,6,3,550077,6,3,True,3,6,7,7
Ohio4,LS1,Evening,Set3,Draw1,6,col6,Evening|Set3|Draw1|col6,A,own,1,2,3,1,6,4,00,2,1,True,3,6,7,7
Ohio4,LS1,Evening,Set3,Draw1,6,col6,Evening|Set3|Draw1|col6,A,own,1,2,3,1,6,5,00,2,1,True,3,6,7,7
Ohio4,LS1,Evening,Set3,Draw1,6,col6,Evening|Set3|Draw1|col6,A,own,1,2,3,1,6,6,,0,0,False,3,6,7,7
Ohio4,LS1,Evening,Set3,Draw1,6,col6,Evening|Set3|Draw1|col6,A,combined,1,2,3,1,6,0,5594400677,10,6,False,2,7,8,8
Ohio4,LS1,Evening,Set3,Draw1,6,col6,Evening|Set3|Draw1|col6,A,combined,1,2,3,1,6,1,559440077,9,5,False,2,7,8,8
Ohio4,LS1,Evening,Set3,Draw1,6,col6,Evening|Set3|Draw1|col6,A,combined,1,2,3,1,6,2,554477,6,3,True,2,7,8,8
Ohio4,LS1,Evening,Set3,Draw1,6,col6,Evening|Set3|Draw1|col6,A,combined,1,2,3,1,6,3,554477,6,3,True,2,7,8,8
Ohio4,LS1,Evening,Set3,Draw1,6,col6,Evening|Set3|Draw1|col6,A,combined,1,2,3,1,6,4,5544,4,2,True,2,7,8,8
Ohio4,LS1,Evening,Set3,Draw1,6,col6,Evening|Set3|Draw1|col6,A,combined,1,2,3,1,6,5,55,2,1,True,2,7,8,8
Ohio4,LS1,Evening,Set3,Draw1,6,col6,Evening|Set3|Draw1|col6,A,combined,1,2,3,1,6,6,55,2,1,True,2,7,8,8
Ohio4,LS1,Evening,Set3,Draw1,6,col6,Evening|Set3|Draw1|col6,A,combined,1,2,3,1,6,7,,0,0,False,2,7,8,8
Ohio4,LS1,Evening,Set3,Draw1,6,col6,Evening|Set3|Draw1|col6,B,own,1,2,3,1,6,0,5594400677,10,6,False,2,6,7,7
Ohio4,LS1,Evening,Set3,Draw1,6,col6,Evening|Set3|Draw1|col6,B,own,1,2,3,1,6,1,559440077,9,5,False,2,6,7,7
Ohio4,LS1,Evening,Set3,Draw1,6,col6,Evening|Set3|Draw1|col6,B,own,1,2,3,1,6,2,550077,6,3,True,2,6,7,7
Ohio4,LS1,Evening,Set3,Draw1,6,col6,Evening|Set3|Draw1|col6,B,own,1,2,3,1,6,3,5500,4,2,True,2,6,7,7
Ohio4,LS1,Evening,Set3,Draw1,6,col6,Evening|Set3|Draw1|col6,B,own,1,2,3,1,6,4,00,2,1,True,2,6,7,7
Ohio4,LS1,Evening,Set3,Draw1,6,col6,Evening|Set3|Draw1|col6,B,own,1,2,3,1,6,5,00,2,1,True,2,6,7,7
Ohio4,LS1,Evening,Set3,Draw1,6,col6,Evening|Set3|Draw1|col6,B,own,1,2,3,1,6,6,,0,0,False,2,6,7,7
Ohio4,LS1,Evening,Set3,Draw1,6,col6,Evening|Set3|Draw1|col6,B,combined,1,2,3,1,6,0,5594400677,10,6,False,2,4,5,5
Ohio4,LS1,Evening,Set3,Draw1,6,col6,Evening|Set3|Draw1|col6,B,combined,1,2,3,1,6,1,559440077,9,5,False,2,4,5,5
Ohio4,LS1,Evening,Set3,Draw1,6,col6,Evening|Set3|Draw1|col6,B,combined,1,2,3,1,6,2,554477,6,3,True,2,4,5,5
Ohio4,LS1,Evening,Set3,Draw1,6,col6,Evening|Set3|Draw1|col6,B,combined,1,2,3,1,6,3,5577,4,2,True,2,4,5,5
Ohio4,LS1,Evening,Set3,Draw1,6,col6,Evening|Set3|Draw1|col6,B,combined,1,2,3,1,6,4,,0,0,False,2,4,5,5
Ohio4,LS1,Evening,Set3,Draw1,6,col6,Evening|Set3|Draw1|col6,C,own,1,2,3,1,6,0,5594400677,10,6,False,2,4,5,5
Ohio4,LS1,Evening,Set3,Draw1,6,col6,Evening|Set3|Draw1|col6,C,own,1,2,3,1,6,1,559440077,9,5,False,2,4,5,5
Ohio4,LS1,Evening,Set3,Draw1,6,col6,Evening|Set3|Draw1|col6,C,own,1,2,3,1,6,2,550077,6,3,True,2,4,5,5
Ohio4,LS1,Evening,Set3,Draw1,6,col6,Evening|Set3|Draw1|col6,C,own,1,2,3,1,6,3,5500,4,2,True,2,4,5,5
Ohio4,LS1,Evening,Set3,Draw1,6,col6,Evening|Set3|Draw1|col6,C,own,1,2,3,1,6,4,,0,0,False,2,4,5,5
Ohio4,LS1,Evening,Set3,Draw1,6,col6,Evening|Set3|Draw1|col6,C,combined,1,2,3,1,6,0,5594400677,10,6,False,2,4,5,5
Ohio4,LS1,Evening,Set3,Draw1,6,col6,Evening|Set3|Draw1|col6,C,combined,1,2,3,1,6,1,559440077,9,5,False,2,4,5,5
Ohio4,LS1,Evening,Set3,Draw1,6,col6,Evening|Set3|Draw1|col6,C,combined,1,2,3,1,6,2,77,2,1,True,2,4,5,5
Ohio4,LS1,Evening,Set3,Draw1,6,col6,Evening|Set3|Draw1|col6,C,combined,1,2,3,1,6,3,77,2,1,True,2,4,5,5
Ohio4,LS1,Evening,Set3,Draw1,6,col6,Evening|Set3|Draw1|col6,C,combined,1,2,3,1,6,4,,0,0,False,2,4,5,5
Ohio4,LS1,Evening,Set3,Draw1,6,col6,Evening|Set3|Draw1|col6,D,own,1,2,3,1,6,0,5594400677,10,6,False,2,6,7,7
Ohio4,LS1,Evening,Set3,Draw1,6,col6,Evening|Set3|Draw1|col6,D,own,1,2,3,1,6,1,559440077,9,5,False,2,6,7,7
Ohio4,LS1,Evening,Set3,Draw1,6,col6,Evening|Set3|Draw1|col6,D,own,1,2,3,1,6,2,550077,6,3,True,2,6,7,7
Ohio4,LS1,Evening,Set3,Draw1,6,col6,Evening|Set3|Draw1|col6,D,own,1,2,3,1,6,3,55007,5,3,True,2,6,7,7
Ohio4,LS1,Evening,Set3,Draw1,6,col6,Evening|Set3|Draw1|col6,D,own,1,2,3,1,6,4,0,1,1,True,2,6,7,7
Ohio4,LS1,Evening,Set3,Draw1,6,col6,Evening|Set3|Draw1|col6,D,own,1,2,3,1,6,5,0,1,1,True,2,6,7,7
Ohio4,LS1,Evening,Set3,Draw1,6,col6,Evening|Set3|Draw1|col6,D,own,1,2,3,1,6,6,,0,0,False,2,6,7,7
Ohio4,LS1,Evening,Set3,Draw1,6,col6,Evening|Set3|Draw1|col6,D,combined,1,2,3,1,6,0,5594400677,10,6,False,2,4,5,5
Ohio4,LS1,Evening,Set3,Draw1,6,col6,Evening|Set3|Draw1|col6,D,combined,1,2,3,1,6,1,559440077,9,5,False,2,4,5,5
Ohio4,LS1,Evening,Set3,Draw1,6,col6,Evening|Set3|Draw1|col6,D,combined,1,2,3,1,6,2,5477,4,3,True,2,4,5,5
Ohio4,LS1,Evening,Set3,Draw1,6,col6,Evening|Set3|Draw1|col6,D,combined,1,2,3,1,6,3,577,3,2,True,2,4,5,5
Ohio4,LS1,Evening,Set3,Draw1,6,col6,Evening|Set3|Draw1|col6,D,combined,1,2,3,1,6,4,,0,0,False,2,4,5,5
Ohio4,LS1,Evening,Set3,Draw1,6,col6,Evening|Set3|Draw1|col6,E,own,1,2,3,1,6,0,5594400677,10,6,False,3,13,14,11
Ohio4,LS1,Evening,Set3,Draw1,6,col6,Evening|Set3|Draw1|col6,E,own,1,2,3,1,6,1,559440077,9,5,False,3,13,14,11
Ohio4,LS1,Evening,Set3,Draw1,6,col6,Evening|Set3|Draw1|col6,E,own,1,2,3,1,6,2,5540077,7,4,False,3,13,14,11
Ohio4,LS1,Evening,Set3,Draw1,6,col6,Evening|Set3|Draw1|col6,E,own,1,2,3,1,6,3,55007,5,3,True,3,13,14,11
Ohio4,LS1,Evening,Set3,Draw1,6,col6,Evening|Set3|Draw1|col6,E,own,1,2,3,1,6,4,500,3,2,True,3,13,14,11
Ohio4,LS1,Evening,Set3,Draw1,6,col6,Evening|Set3|Draw1|col6,E,own,1,2,3,1,6,5,500,3,2,True,3,13,14,11
Ohio4,LS1,Evening,Set3,Draw1,6,col6,Evening|Set3|Draw1|col6,E,own,1,2,3,1,6,6,50,2,2,True,3,13,14,11
Ohio4,LS1,Evening,Set3,Draw1,6,col6,Evening|Set3|Draw1|col6,E,own,1,2,3,1,6,7,50,2,2,True,3,13,14,11
Ohio4,LS1,Evening,Set3,Draw1,6,col6,Evening|Set3|Draw1|col6,E,own,1,2,3,1,6,11,0,1,1,True,3,13,14,11
Ohio4,LS1,Evening,Set3,Draw1,6,col6,Evening|Set3|Draw1|col6,E,own,1,2,3,1,6,12,0,1,1,True,3,13,14,11
Ohio4,LS1,Evening,Set3,Draw1,6,col6,Evening|Set3|Draw1|col6,E,own,1,2,3,1,6,13,,0,0,False,3,13,14,11
Ohio4,LS1,Evening,Set3,Draw1,6,col6,Evening|Set3|Draw1|col6,E,combined,1,2,3,1,6,0,5594400677,10,6,False,3,8,9,8
Ohio4,LS1,Evening,Set3,Draw1,6,col6,Evening|Set3|Draw1|col6,E,combined,1,2,3,1,6,1,559440077,9,5,False,3,8,9,8
Ohio4,LS1,Evening,Set3,Draw1,6,col6,Evening|Set3|Draw1|col6,E,combined,1,2,3,1,6,2,5544077,7,4,False,3,8,9,8
Ohio4,LS1,Evening,Set3,Draw1,6,col6,Evening|Set3|Draw1|col6,E,combined,1,2,3,1,6,3,55077,5,3,True,3,8,9,8
Ohio4,LS1,Evening,Set3,Draw1,6,col6,Evening|Set3|Draw1|col6,E,combined,1,2,3,1,6,4,55,2,1,True,3,8,9,8
Ohio4,LS1,Evening,Set3,Draw1,6,col6,Evening|Set3|Draw1|col6,E,combined,1,2,3,1,6,5,55,2,1,True,3,8,9,8
Ohio4,LS1,Evening,Set3,Draw1,6,col6,Evening|Set3|Draw1|col6,E,combined,1,2,3,1,6,7,5,1,1,True,3,8,9,8
Ohio4,LS1,Evening,Set3,Draw1,6,col6,Evening|Set3|Draw1|col6,E,combined,1,2,3,1,6,8,,0,0,False,3,8,9,8
Ohio4,LS1,Evening,Set3,Draw1,6,col6,Evening|Set3|Draw1|col6,T,own,1,2,3,1,6,0,5594400677,10,6,False,2,6,7,7
Ohio4,LS1,Evening,Set3,Draw1,6,col6,Evening|Set3|Draw1|col6,T,own,1,2,3,1,6,1,559440077,9,5,False,2,6,7,7
Ohio4,LS1,Evening,Set3,Draw1,6,col6,Evening|Set3|Draw1|col6,T,own,1,2,3,1,6,2,550077,6,3,True,2,6,7,7
Ohio4,LS1,Evening,Set3,Draw1,6,col6,Evening|Set3|Draw1|col6,T,own,1,2,3,1,6,3,5500,4,2,True,2,6,7,7
Ohio4,LS1,Evening,Set3,Draw1,6,col6,Evening|Set3|Draw1|col6,T,own,1,2,3,1,6,4,00,2,1,True,2,6,7,7
Ohio4,LS1,Evening,Set3,Draw1,6,col6,Evening|Set3|Draw1|col6,T,own,1,2,3,1,6,5,00,2,1,True,2,6,7,7
Ohio4,LS1,Evening,Set3,Draw1,6,col6,Evening|Set3|Draw1|col6,T,own,1,2,3,1,6,6,,0,0,False,2,6,7,7
Ohio4,LS1,Evening,Set3,Draw1,6,col6,Evening|Set3|Draw1|col6,T,combined,1,2,3,1,6,0,5594400677,10,6,False,2,4,5,5
Ohio4,LS1,Evening,Set3,Draw1,6,col6,Evening|Set3|Draw1|col6,T,combined,1,2,3,1,6,1,559440077,9,5,False,2,4,5,5
Ohio4,LS1,Evening,Set3,Draw1,6,col6,Evening|Set3|Draw1|col6,T,combined,1,2,3,1,6,2,77,2,1,True,2,4,5,5
Ohio4,LS1,Evening,Set3,Draw1,6,col6,Evening|Set3|Draw1|col6,T,combined,1,2,3,1,6,3,77,2,1,True,2,4,5,5
Ohio4,LS1,Evening,Set3,Draw1,6,col6,Evening|Set3|Draw1|col6,T,combined,1,2,3,1,6,4,,0,0,False,2,4,5,5
Ohio4,LS1,Evening,Set3,Draw1,5,col5,Evening|Set3|Draw1|col5,A,own,1,2,3,1,5,0,55944007,8,5,False,3,6,7,7
Ohio4,LS1,Evening,Set3,Draw1,5,col5,Evening|Set3|Draw1|col5,A,own,1,2,3,1,5,1,55944007,8,5,False,3,6,7,7
Ohio4,LS1,Evening,Set3,Draw1,5,col5,Evening|Set3|Draw1|col5,A,own,1,2,3,1,5,2,5544007,7,4,False,3,6,7,7
Ohio4,LS1,Evening,Set3,Draw1,5,col5,Evening|Set3|Draw1|col5,A,own,1,2,3,1,5,3,55007,5,3,True,3,6,7,7
Ohio4,LS1,Evening,Set3,Draw1,5,col5,Evening|Set3|Draw1|col5,A,own,1,2,3,1,5,4,00,2,1,True,3,6,7,7
Ohio4,LS1,Evening,Set3,Draw1,5,col5,Evening|Set3|Draw1|col5,A,own,1,2,3,1,5,5,00,2,1,True,3,6,7,7
Ohio4,LS1,Evening,Set3,Draw1,5,col5,Evening|Set3|Draw1|col5,A,own,1,2,3,1,5,6,,0,0,False,3,6,7,7
Ohio4,LS1,Evening,Set3,Draw1,5,col5,Evening|Set3|Draw1|col5,A,combined,1,2,3,1,5,0,55944007,8,5,False,2,7,8,8
Ohio4,LS1,Evening,Set3,Draw1,5,col5,Evening|Set3|Draw1|col5,A,combined,1,2,3,1,5,1,55944007,8,5,False,2,7,8,8
Ohio4,LS1,Evening,Set3,Draw1,5,col5,Evening|Set3|Draw1|col5,A,combined,1,2,3,1,5,2,55447,5,3,True,2,7,8,8
Ohio4,LS1,Evening,Set3,Draw1,5,col5,Evening|Set3|Draw1|col5,A,combined,1,2,3,1,5,3,55447,5,3,True,2,7,8,8
Ohio4,LS1,Evening,Set3,Draw1,5,col5,Evening|Set3|Draw1|col5,A,combined,1,2,3,1,5,4,5544,4,2,True,2,7,8,8
Ohio4,LS1,Evening,Set3,Draw1,5,col5,Evening|Set3|Draw1|col5,A,combined,1,2,3,1,5,5,55,2,1,True,2,7,8,8
Ohio4,LS1,Evening,Set3,Draw1,5,col5,Evening|Set3|Draw1|col5,A,combined,1,2,3,1,5,6,55,2,1,True,2,7,8,8
Ohio4,LS1,Evening,Set3,Draw1,5,col5,Evening|Set3|Draw1|col5,A,combined,1,2,3,1,5,7,,0,0,False,2,7,8,8
Ohio4,LS1,Evening,Set3,Draw1,5,col5,Evening|Set3|Draw1|col5,B,own,1,2,3,1,5,0,55944007,8,5,False,2,6,7,7
Ohio4,LS1,Evening,Set3,Draw1,5,col5,Evening|Set3|Draw1|col5,B,own,1,2,3,1,5,1,55944007,8,5,False,2,6,7,7
Ohio4,LS1,Evening,Set3,Draw1,5,col5,Evening|Set3|Draw1|col5,B,own,1,2,3,1,5,2,55007,5,3,True,2,6,7,7
Ohio4,LS1,Evening,Set3,Draw1,5,col5,Evening|Set3|Draw1|col5,B,own,1,2,3,1,5,3,5500,4,2,True,2,6,7,7
Ohio4,LS1,Evening,Set3,Draw1,5,col5,Evening|Set3|Draw1|col5,B,own,1,2,3,1,5,4,00,2,1,True,2,6,7,7
Ohio4,LS1,Evening,Set3,Draw1,5,col5,Evening|Set3|Draw1|col5,B,own,1,2,3,1,5,5,00,2,1,True,2,6,7,7
Ohio4,LS1,Evening,Set3,Draw1,5,col5,Evening|Set3|Draw1|col5,B,own,1,2,3,1,5,6,,0,0,False,2,6,7,7
Ohio4,LS1,Evening,Set3,Draw1,5,col5,Evening|Set3|Draw1|col5,B,combined,1,2,3,1,5,0,55944007,8,5,False,2,4,5,5
Ohio4,LS1,Evening,Set3,Draw1,5,col5,Evening|Set3|Draw1|col5,B,combined,1,2,3,1,5,1,55944007,8,5,False,2,4,5,5
Ohio4,LS1,Evening,Set3,Draw1,5,col5,Evening|Set3|Draw1|col5,B,combined,1,2,3,1,5,2,55447,5,3,True,2,4,5,5
Ohio4,LS1,Evening,Set3,Draw1,5,col5,Evening|Set3|Draw1|col5,B,combined,1,2,3,1,5,3,557,3,2,True,2,4,5,5
Ohio4,LS1,Evening,Set3,Draw1,5,col5,Evening|Set3|Draw1|col5,B,combined,1,2,3,1,5,4,,0,0,False,2,4,5,5
Ohio4,LS1,Evening,Set3,Draw1,5,col5,Evening|Set3|Draw1|col5,C,own,1,2,3,1,5,0,55944007,8,5,False,2,4,5,5
Ohio4,LS1,Evening,Set3,Draw1,5,col5,Evening|Set3|Draw1|col5,C,own,1,2,3,1,5,1,55944007,8,5,False,2,4,5,5
Ohio4,LS1,Evening,Set3,Draw1,5,col5,Evening|Set3|Draw1|col5,C,own,1,2,3,1,5,2,55007,5,3,True,2,4,5,5
Ohio4,LS1,Evening,Set3,Draw1,5,col5,Evening|Set3|Draw1|col5,C,own,1,2,3,1,5,3,5500,4,2,True,2,4,5,5
Ohio4,LS1,Evening,Set3,Draw1,5,col5,Evening|Set3|Draw1|col5,C,own,1,2,3,1,5,4,,0,0,False,2,4,5,5
Ohio4,LS1,Evening,Set3,Draw1,5,col5,Evening|Set3|Draw1|col5,C,combined,1,2,3,1,5,0,55944007,8,5,False,2,4,5,5
Ohio4,LS1,Evening,Set3,Draw1,5,col5,Evening|Set3|Draw1|col5,C,combined,1,2,3,1,5,1,55944007,8,5,False,2,4,5,5
Ohio4,LS1,Evening,Set3,Draw1,5,col5,Evening|Set3|Draw1|col5,C,combined,1,2,3,1,5,2,7,1,1,True,2,4,5,5
Ohio4,LS1,Evening,Set3,Draw1,5,col5,Evening|Set3|Draw1|col5,C,combined,1,2,3,1,5,3,7,1,1,True,2,4,5,5
Ohio4,LS1,Evening,Set3,Draw1,5,col5,Evening|Set3|Draw1|col5,C,combined,1,2,3,1,5,4,,0,0,False,2,4,5,5
Ohio4,LS1,Evening,Set3,Draw1,5,col5,Evening|Set3|Draw1|col5,D,own,1,2,3,1,5,0,55944007,8,5,False,2,6,7,7
Ohio4,LS1,Evening,Set3,Draw1,5,col5,Evening|Set3|Draw1|col5,D,own,1,2,3,1,5,1,55944007,8,5,False,2,6,7,7
Ohio4,LS1,Evening,Set3,Draw1,5,col5,Evening|Set3|Draw1|col5,D,own,1,2,3,1,5,2,55007,5,3,True,2,6,7,7
Ohio4,LS1,Evening,Set3,Draw1,5,col5,Evening|Set3|Draw1|col5,D,own,1,2,3,1,5,3,5500,4,2,True,2,6,7,7
Ohio4,LS1,Evening,Set3,Draw1,5,col5,Evening|Set3|Draw1|col5,D,own,1,2,3,1,5,4,0,1,1,True,2,6,7,7
Ohio4,LS1,Evening,Set3,Draw1,5,col5,Evening|Set3|Draw1|col5,D,own,1,2,3,1,5,5,0,1,1,True,2,6,7,7
Ohio4,LS1,Evening,Set3,Draw1,5,col5,Evening|Set3|Draw1|col5,D,own,1,2,3,1,5,6,,0,0,False,2,6,7,7
Ohio4,LS1,Evening,Set3,Draw1,5,col5,Evening|Set3|Draw1|col5,D,combined,1,2,3,1,5,0,55944007,8,5,False,2,4,5,5
Ohio4,LS1,Evening,Set3,Draw1,5,col5,Evening|Set3|Draw1|col5,D,combined,1,2,3,1,5,1,55944007,8,5,False,2,4,5,5
Ohio4,LS1,Evening,Set3,Draw1,5,col5,Evening|Set3|Draw1|col5,D,combined,1,2,3,1,5,2,547,3,3,True,2,4,5,5
Ohio4,LS1,Evening,Set3,Draw1,5,col5,Evening|Set3|Draw1|col5,D,combined,1,2,3,1,5,3,57,2,2,True,2,4,5,5
Ohio4,LS1,Evening,Set3,Draw1,5,col5,Evening|Set3|Draw1|col5,D,combined,1,2,3,1,5,4,,0,0,False,2,4,5,5
Ohio4,LS1,Evening,Set3,Draw1,5,col5,Evening|Set3|Draw1|col5,E,own,1,2,3,1,5,0,55944007,8,5,False,3,13,14,11
Ohio4,LS1,Evening,Set3,Draw1,5,col5,Evening|Set3|Draw1|col5,E,own,1,2,3,1,5,1,55944007,8,5,False,3,13,14,11
Ohio4,LS1,Evening,Set3,Draw1,5,col5,Evening|Set3|Draw1|col5,E,own,1,2,3,1,5,2,554007,6,4,False,3,13,14,11
Ohio4,LS1,Evening,Set3,Draw1,5,col5,Evening|Set3|Draw1|col5,E,own,1,2,3,1,5,3,5500,4,2,True,3,13,14,11
Ohio4,LS1,Evening,Set3,Draw1,5,col5,Evening|Set3|Draw1|col5,E,own,1,2,3,1,5,4,500,3,2,True,3,13,14,11
Ohio4,LS1,Evening,Set3,Draw1,5,col5,Evening|Set3|Draw1|col5,E,own,1,2,3,1,5,5,500,3,2,True,3,13,14,11
Ohio4,LS1,Evening,Set3,Draw1,5,col5,Evening|Set3|Draw1|col5,E,own,1,2,3,1,5,6,50,2,2,True,3,13,14,11
Ohio4,LS1,Evening,Set3,Draw1,5,col5,Evening|Set3|Draw1|col5,E,own,1,2,3,1,5,7,50,2,2,True,3,13,14,11
Ohio4,LS1,Evening,Set3,Draw1,5,col5,Evening|Set3|Draw1|col5,E,own,1,2,3,1,5,11,0,1,1,True,3,13,14,11
Ohio4,LS1,Evening,Set3,Draw1,5,col5,Evening|Set3|Draw1|col5,E,own,1,2,3,1,5,12,0,1,1,True,3,13,14,11
Ohio4,LS1,Evening,Set3,Draw1,5,col5,Evening|Set3|Draw1|col5,E,own,1,2,3,1,5,13,,0,0,False,3,13,14,11
Ohio4,LS1,Evening,Set3,Draw1,5,col5,Evening|Set3|Draw1|col5,E,combined,1,2,3,1,5,0,55944007,8,5,False,3,8,9,8
Ohio4,LS1,Evening,Set3,Draw1,5,col5,Evening|Set3|Draw1|col5,E,combined,1,2,3,1,5,1,55944007,8,5,False,3,8,9,8
Ohio4,LS1,Evening,Set3,Draw1,5,col5,Evening|Set3|Draw1|col5,E,combined,1,2,3,1,5,2,554407,6,4,False,3,8,9,8
Ohio4,LS1,Evening,Set3,Draw1,5,col5,Evening|Set3|Draw1|col5,E,combined,1,2,3,1,5,3,5507,4,3,True,3,8,9,8
Ohio4,LS1,Evening,Set3,Draw1,5,col5,Evening|Set3|Draw1|col5,E,combined,1,2,3,1,5,4,55,2,1,True,3,8,9,8
Ohio4,LS1,Evening,Set3,Draw1,5,col5,Evening|Set3|Draw1|col5,E,combined,1,2,3,1,5,5,55,2,1,True,3,8,9,8
Ohio4,LS1,Evening,Set3,Draw1,5,col5,Evening|Set3|Draw1|col5,E,combined,1,2,3,1,5,7,5,1,1,True,3,8,9,8
Ohio4,LS1,Evening,Set3,Draw1,5,col5,Evening|Set3|Draw1|col5,E,combined,1,2,3,1,5,8,,0,0,False,3,8,9,8
Ohio4,LS1,Evening,Set3,Draw1,5,col5,Evening|Set3|Draw1|col5,T,own,1,2,3,1,5,0,55944007,8,5,False,2,6,7,7
Ohio4,LS1,Evening,Set3,Draw1,5,col5,Evening|Set3|Draw1|col5,T,own,1,2,3,1,5,1,55944007,8,5,False,2,6,7,7
Ohio4,LS1,Evening,Set3,Draw1,5,col5,Evening|Set3|Draw1|col5,T,own,1,2,3,1,5,2,55007,5,3,True,2,6,7,7
Ohio4,LS1,Evening,Set3,Draw1,5,col5,Evening|Set3|Draw1|col5,T,own,1,2,3,1,5,3,5500,4,2,True,2,6,7,7
Ohio4,LS1,Evening,Set3,Draw1,5,col5,Evening|Set3|Draw1|col5,T,own,1,2,3,1,5,4,00,2,1,True,2,6,7,7
Ohio4,LS1,Evening,Set3,Draw1,5,col5,Evening|Set3|Draw1|col5,T,own,1,2,3,1,5,5,00,2,1,True,2,6,7,7
Ohio4,LS1,Evening,Set3,Draw1,5,col5,Evening|Set3|Draw1|col5,T,own,1,2,3,1,5,6,,0,0,False,2,6,7,7
Ohio4,LS1,Evening,Set3,Draw1,5,col5,Evening|Set3|Draw1|col5,T,combined,1,2,3,1,5,0,55944007,8,5,False,2,5,6,6
Ohio4,LS1,Evening,Set3,Draw1,5,col5,Evening|Set3|Draw1|col5,T,combined,1,2,3,1,5,1,55944007,8,5,False,2,5,6,6
Ohio4,LS1,Evening,Set3,Draw1,5,col5,Evening|Set3|Draw1|col5,T,combined,1,2,3,1,5,2,447,3,2,True,2,5,6,6
Ohio4,LS1,Evening,Set3,Draw1,5,col5,Evening|Set3|Draw1|col5,T,combined,1,2,3,1,5,3,447,3,2,True,2,5,6,6
Ohio4,LS1,Evening,Set3,Draw1,5,col5,Evening|Set3|Draw1|col5,T,combined,1,2,3,1,5,4,44,2,1,True,2,5,6,6
Ohio4,LS1,Evening,Set3,Draw1,5,col5,Evening|Set3|Draw1|col5,T,combined,1,2,3,1,5,5,,0,0,False,2,5,6,6
Ohio4,LS1,Evening,Set3,Draw1,4,col4,Evening|Set3|Draw1|col4,A,own,1,2,3,1,4,0,5594407*,8,6,False,4,6,29,7
Ohio4,LS1,Evening,Set3,Draw1,4,col4,Evening|Set3|Draw1|col4,A,own,1,2,3,1,4,1,5594407*,8,6,False,4,6,29,7
Ohio4,LS1,Evening,Set3,Draw1,4,col4,Evening|Set3|Draw1|col4,A,own,1,2,3,1,4,2,554407*,7,5,False,4,6,29,7
Ohio4,LS1,Evening,Set3,Draw1,4,col4,Evening|Set3|Draw1|col4,A,own,1,2,3,1,4,3,5507*,5,4,False,4,6,29,7
Ohio4,LS1,Evening,Set3,Draw1,4,col4,Evening|Set3|Draw1|col4,A,own,1,2,3,1,4,4,0*,2,2,True,4,6,29,7
Ohio4,LS1,Evening,Set3,Draw1,4,col4,Evening|Set3|Draw1|col4,A,own,1,2,3,1,4,5,0*,2,2,True,4,6,29,7
Ohio4,LS1,Evening,Set3,Draw1,4,col4,Evening|Set3|Draw1|col4,A,own,1,2,3,1,4,6,*,1,1,True,4,6,29,7
Ohio4,LS1,Evening,Set3,Draw1,4,col4,Evening|Set3|Draw1|col4,A,combined,1,2,3,1,4,0,5594407*,8,6,False,4,7,57,8
Ohio4,LS1,Evening,Set3,Draw1,4,col4,Evening|Set3|Draw1|col4,A,combined,1,2,3,1,4,1,5594407*,8,6,False,4,7,57,8
Ohio4,LS1,Evening,Set3,Draw1,4,col4,Evening|Set3|Draw1|col4,A,combined,1,2,3,1,4,2,55447*,6,4,False,4,7,57,8
Ohio4,LS1,Evening,Set3,Draw1,4,col4,Evening|Set3|Draw1|col4,A,combined,1,2,3,1,4,3,55447*,6,4,False,4,7,57,8
Ohio4,LS1,Evening,Set3,Draw1,4,col4,Evening|Set3|Draw1|col4,A,combined,1,2,3,1,4,4,5544*,5,3,True,4,7,57,8
Ohio4,LS1,Evening,Set3,Draw1,4,col4,Evening|Set3|Draw1|col4,A,combined,1,2,3,1,4,5,55*,3,2,True,4,7,57,8
Ohio4,LS1,Evening,Set3,Draw1,4,col4,Evening|Set3|Draw1|col4,A,combined,1,2,3,1,4,6,55*,3,2,True,4,7,57,8
Ohio4,LS1,Evening,Set3,Draw1,4,col4,Evening|Set3|Draw1|col4,A,combined,1,2,3,1,4,7,*,1,1,True,4,7,57,8
Ohio4,LS1,Evening,Set3,Draw1,4,col4,Evening|Set3|Draw1|col4,B,own,1,2,3,1,4,0,5594407*,8,6,False,3,6,29,7
Ohio4,LS1,Evening,Set3,Draw1,4,col4,Evening|Set3|Draw1|col4,B,own,1,2,3,1,4,1,5594407*,8,6,False,3,6,29,7
Ohio4,LS1,Evening,Set3,Draw1,4,col4,Evening|Set3|Draw1|col4,B,own,1,2,3,1,4,2,5507*,5,4,False,3,6,29,7
Ohio4,LS1,Evening,Set3,Draw1,4,col4,Evening|Set3|Draw1|col4,B,own,1,2,3,1,4,3,550*,4,3,True,3,6,29,7
Ohio4,LS1,Evening,Set3,Draw1,4,col4,Evening|Set3|Draw1|col4,B,own,1,2,3,1,4,4,0*,2,2,True,3,6,29,7
Ohio4,LS1,Evening,Set3,Draw1,4,col4,Evening|Set3|Draw1|col4,B,own,1,2,3,1,4,5,0*,2,2,True,3,6,29,7
Ohio4,LS1,Evening,Set3,Draw1,4,col4,Evening|Set3|Draw1|col4,B,own,1,2,3,1,4,6,*,1,1,True,3,6,29,7
Ohio4,LS1,Evening,Set3,Draw1,4,col4,Evening|Set3|Draw1|col4,B,combined,1,2,3,1,4,0,5594407*,8,6,False,3,4,57,5
Ohio4,LS1,Evening,Set3,Draw1,4,col4,Evening|Set3|Draw1|col4,B,combined,1,2,3,1,4,1,5594407*,8,6,False,3,4,57,5
Ohio4,LS1,Evening,Set3,Draw1,4,col4,Evening|Set3|Draw1|col4,B,combined,1,2,3,1,4,2,55447*,6,4,False,3,4,57,5
Ohio4,LS1,Evening,Set3,Draw1,4,col4,Evening|Set3|Draw1|col4,B,combined,1,2,3,1,4,3,557*,4,3,True,3,4,57,5
Ohio4,LS1,Evening,Set3,Draw1,4,col4,Evening|Set3|Draw1|col4,B,combined,1,2,3,1,4,4,*,1,1,True,3,4,57,5
Ohio4,LS1,Evening,Set3,Draw1,4,col4,Evening|Set3|Draw1|col4,C,own,1,2,3,1,4,0,5594407*,8,6,False,3,4,29,5
Ohio4,LS1,Evening,Set3,Draw1,4,col4,Evening|Set3|Draw1|col4,C,own,1,2,3,1,4,1,5594407*,8,6,False,3,4,29,5
Ohio4,LS1,Evening,Set3,Draw1,4,col4,Evening|Set3|Draw1|col4,C,own,1,2,3,1,4,2,5507*,5,4,False,3,4,29,5
Ohio4,LS1,Evening,Set3,Draw1,4,col4,Evening|Set3|Draw1|col4,C,own,1,2,3,1,4,3,550*,4,3,True,3,4,29,5
Ohio4,LS1,Evening,Set3,Draw1,4,col4,Evening|Set3|Draw1|col4,C,own,1,2,3,1,4,4,*,1,1,True,3,4,29,5
Ohio4,LS1,Evening,Set3,Draw1,4,col4,Evening|Set3|Draw1|col4,C,combined,1,2,3,1,4,0,5594407*,8,6,False,2,4,57,5
Ohio4,LS1,Evening,Set3,Draw1,4,col4,Evening|Set3|Draw1|col4,C,combined,1,2,3,1,4,1,5594407*,8,6,False,2,4,57,5
Ohio4,LS1,Evening,Set3,Draw1,4,col4,Evening|Set3|Draw1|col4,C,combined,1,2,3,1,4,2,7*,2,2,True,2,4,57,5
Ohio4,LS1,Evening,Set3,Draw1,4,col4,Evening|Set3|Draw1|col4,C,combined,1,2,3,1,4,3,7*,2,2,True,2,4,57,5
Ohio4,LS1,Evening,Set3,Draw1,4,col4,Evening|Set3|Draw1|col4,C,combined,1,2,3,1,4,4,*,1,1,True,2,4,57,5
Ohio4,LS1,Evening,Set3,Draw1,4,col4,Evening|Set3|Draw1|col4,D,own,1,2,3,1,4,0,5594407*,8,6,False,3,4,29,5
Ohio4,LS1,Evening,Set3,Draw1,4,col4,Evening|Set3|Draw1|col4,D,own,1,2,3,1,4,1,5594407*,8,6,False,3,4,29,5
Ohio4,LS1,Evening,Set3,Draw1,4,col4,Evening|Set3|Draw1|col4,D,own,1,2,3,1,4,2,5507*,5,4,False,3,4,29,5
Ohio4,LS1,Evening,Set3,Draw1,4,col4,Evening|Set3|Draw1|col4,D,own,1,2,3,1,4,3,550*,4,3,True,3,4,29,5
Ohio4,LS1,Evening,Set3,Draw1,4,col4,Evening|Set3|Draw1|col4,D,own,1,2,3,1,4,4,*,1,1,True,3,4,29,5
Ohio4,LS1,Evening,Set3,Draw1,4,col4,Evening|Set3|Draw1|col4,D,combined,1,2,3,1,4,0,5594407*,8,6,False,3,4,57,5
Ohio4,LS1,Evening,Set3,Draw1,4,col4,Evening|Set3|Draw1|col4,D,combined,1,2,3,1,4,1,5594407*,8,6,False,3,4,57,5
Ohio4,LS1,Evening,Set3,Draw1,4,col4,Evening|Set3|Draw1|col4,D,combined,1,2,3,1,4,2,547*,4,4,False,3,4,57,5
Ohio4,LS1,Evening,Set3,Draw1,4,col4,Evening|Set3|Draw1|col4,D,combined,1,2,3,1,4,3,57*,3,3,True,3,4,57,5
Ohio4,LS1,Evening,Set3,Draw1,4,col4,Evening|Set3|Draw1|col4,D,combined,1,2,3,1,4,4,*,1,1,True,3,4,57,5
Ohio4,LS1,Evening,Set3,Draw1,4,col4,Evening|Set3|Draw1|col4,E,own,1,2,3,1,4,0,5594407*,8,6,False,3,11,29,9
Ohio4,LS1,Evening,Set3,Draw1,4,col4,Evening|Set3|Draw1|col4,E,own,1,2,3,1,4,1,5594407*,8,6,False,3,11,29,9
Ohio4,LS1,Evening,Set3,Draw1,4,col4,Evening|Set3|Draw1|col4,E,own,1,2,3,1,4,2,55407*,6,5,False,3,11,29,9
Ohio4,LS1,Evening,Set3,Draw1,4,col4,Evening|Set3|Draw1|col4,E,own,1,2,3,1,4,3,550*,4,3,True,3,11,29,9
Ohio4,LS1,Evening,Set3,Draw1,4,col4,Evening|Set3|Draw1|col4,E,own,1,2,3,1,4,4,50*,3,3,True,3,11,29,9
Ohio4,LS1,Evening,Set3,Draw1,4,col4,Evening|Set3|Draw1|col4,E,own,1,2,3,1,4,5,50*,3,3,True,3,11,29,9
Ohio4,LS1,Evening,Set3,Draw1,4,col4,Evening|Set3|Draw1|col4,E,own,1,2,3,1,4,6,5*,2,2,True,3,11,29,9
Ohio4,LS1,Evening,Set3,Draw1,4,col4,Evening|Set3|Draw1|col4,E,own,1,2,3,1,4,7,5*,2,2,True,3,11,29,9
Ohio4,LS1,Evening,Set3,Draw1,4,col4,Evening|Set3|Draw1|col4,E,own,1,2,3,1,4,11,*,1,1,True,3,11,29,9
Ohio4,LS1,Evening,Set3,Draw1,4,col4,Evening|Set3|Draw1|col4,E,combined,1,2,3,1,4,0,5594407*,8,6,False,3,7,57,7
Ohio4,LS1,Evening,Set3,Draw1,4,col4,Evening|Set3|Draw1|col4,E,combined,1,2,3,1,4,1,5594407*,8,6,False,3,7,57,7
Ohio4,LS1,Evening,Set3,Draw1,4,col4,Evening|Set3|Draw1|col4,E,combined,1,2,3,1,4,2,55447*,6,4,False,3,7,57,7
Ohio4,LS1,Evening,Set3,Draw1,4,col4,Evening|Set3|Draw1|col4,E,combined,1,2,3,1,4,3,557*,4,3,True,3,7,57,7
Ohio4,LS1,Evening,Set3,Draw1,4,col4,Evening|Set3|Draw1|col4,E,combined,1,2,3,1,4,4,5*,2,2,True,3,7,57,7
Ohio4,LS1,Evening,Set3,Draw1,4,col4,Evening|Set3|Draw1|col4,E,combined,1,2,3,1,4,5,5*,2,2,True,3,7,57,7
Ohio4,LS1,Evening,Set3,Draw1,4,col4,Evening|Set3|Draw1|col4,E,combined,1,2,3,1,4,7,*,1,1,True,3,7,57,7
Ohio4,LS1,Evening,Set3,Draw1,4,col4,Evening|Set3|Draw1|col4,T,own,1,2,3,1,4,0,5594407*,8,6,False,3,6,29,7
Ohio4,LS1,Evening,Set3,Draw1,4,col4,Evening|Set3|Draw1|col4,T,own,1,2,3,1,4,1,5594407*,8,6,False,3,6,29,7
Ohio4,LS1,Evening,Set3,Draw1,4,col4,Evening|Set3|Draw1|col4,T,own,1,2,3,1,4,2,5507*,5,4,False,3,6,29,7
Ohio4,LS1,Evening,Set3,Draw1,4,col4,Evening|Set3|Draw1|col4,T,own,1,2,3,1,4,3,550*,4,3,True,3,6,29,7
Ohio4,LS1,Evening,Set3,Draw1,4,col4,Evening|Set3|Draw1|col4,T,own,1,2,3,1,4,4,0*,2,2,True,3,6,29,7
Ohio4,LS1,Evening,Set3,Draw1,4,col4,Evening|Set3|Draw1|col4,T,own,1,2,3,1,4,5,0*,2,2,True,3,6,29,7
Ohio4,LS1,Evening,Set3,Draw1,4,col4,Evening|Set3|Draw1|col4,T,own,1,2,3,1,4,6,*,1,1,True,3,6,29,7
Ohio4,LS1,Evening,Set3,Draw1,4,col4,Evening|Set3|Draw1|col4,T,combined,1,2,3,1,4,0,5594407*,8,6,False,2,4,57,5
Ohio4,LS1,Evening,Set3,Draw1,4,col4,Evening|Set3|Draw1|col4,T,combined,1,2,3,1,4,1,5594407*,8,6,False,2,4,57,5
Ohio4,LS1,Evening,Set3,Draw1,4,col4,Evening|Set3|Draw1|col4,T,combined,1,2,3,1,4,2,7*,2,2,True,2,4,57,5
Ohio4,LS1,Evening,Set3,Draw1,4,col4,Evening|Set3|Draw1|col4,T,combined,1,2,3,1,4,3,7*,2,2,True,2,4,57,5
Ohio4,LS1,Evening,Set3,Draw1,4,col4,Evening|Set3|Draw1|col4,T,combined,1,2,3,1,4,4,*,1,1,True,2,4,57,5
Ohio4,LS1,Evening,Set2,Draw1,7,col7,Evening|Set2|Draw1|col7,A,own,1,2,2,1,7,0,559440088677,12,7,False,3,6,7,7
Ohio4,LS1,Evening,Set2,Draw1,7,col7,Evening|Set2|Draw1|col7,A,own,1,2,2,1,7,1,559440077,9,5,False,3,6,7,7
Ohio4,LS1,Evening,Set2,Draw1,7,col7,Evening|Set2|Draw1|col7,A,own,1,2,2,1,7,2,55440077,8,4,False,3,6,7,7
Ohio4,LS1,Evening,Set2,Draw1,7,col7,Evening|Set2|Draw1|col7,A,own,1,2,2,1,7,3,550077,6,3,True,3,6,7,7
Ohio4,LS1,Evening,Set2,Draw1,7,col7,Evening|Set2|Draw1|col7,A,own,1,2,2,1,7,4,00,2,1,True,3,6,7,7
Ohio4,LS1,Evening,Set2,Draw1,7,col7,Evening|Set2|Draw1|col7,A,own,1,2,2,1,7,5,00,2,1,True,3,6,7,7
Ohio4,LS1,Evening,Set2,Draw1,7,col7,Evening|Set2|Draw1|col7,A,own,1,2,2,1,7,6,,0,0,False,3,6,7,7
Ohio4,LS1,Evening,Set2,Draw1,7,col7,Evening|Set2|Draw1|col7,A,combined,1,2,2,1,7,0,559440088677,12,7,False,2,7,8,8
Ohio4,LS1,Evening,Set2,Draw1,7,col7,Evening|Set2|Draw1|col7,A,combined,1,2,2,1,7,1,559440077,9,5,False,2,7,8,8
Ohio4,LS1,Evening,Set2,Draw1,7,col7,Evening|Set2|Draw1|col7,A,combined,1,2,2,1,7,2,554477,6,3,True,2,7,8,8
Ohio4,LS1,Evening,Set2,Draw1,7,col7,Evening|Set2|Draw1|col7,A,combined,1,2,2,1,7,3,554477,6,3,True,2,7,8,8
Ohio4,LS1,Evening,Set2,Draw1,7,col7,Evening|Set2|Draw1|col7,A,combined,1,2,2,1,7,4,5544,4,2,True,2,7,8,8
Ohio4,LS1,Evening,Set2,Draw1,7,col7,Evening|Set2|Draw1|col7,A,combined,1,2,2,1,7,5,55,2,1,True,2,7,8,8
Ohio4,LS1,Evening,Set2,Draw1,7,col7,Evening|Set2|Draw1|col7,A,combined,1,2,2,1,7,6,55,2,1,True,2,7,8,8
Ohio4,LS1,Evening,Set2,Draw1,7,col7,Evening|Set2|Draw1|col7,A,combined,1,2,2,1,7,7,,0,0,False,2,7,8,8
Ohio4,LS1,Evening,Set2,Draw1,7,col7,Evening|Set2|Draw1|col7,B,own,1,2,2,1,7,0,559440088677,12,7,False,2,6,7,7
Ohio4,LS1,Evening,Set2,Draw1,7,col7,Evening|Set2|Draw1|col7,B,own,1,2,2,1,7,1,559440077,9,5,False,2,6,7,7
Ohio4,LS1,Evening,Set2,Draw1,7,col7,Evening|Set2|Draw1|col7,B,own,1,2,2,1,7,2,550077,6,3,True,2,6,7,7
Ohio4,LS1,Evening,Set2,Draw1,7,col7,Evening|Set2|Draw1|col7,B,own,1,2,2,1,7,3,5500,4,2,True,2,6,7,7
Ohio4,LS1,Evening,Set2,Draw1,7,col7,Evening|Set2|Draw1|col7,B,own,1,2,2,1,7,4,00,2,1,True,2,6,7,7
Ohio4,LS1,Evening,Set2,Draw1,7,col7,Evening|Set2|Draw1|col7,B,own,1,2,2,1,7,5,00,2,1,True,2,6,7,7
Ohio4,LS1,Evening,Set2,Draw1,7,col7,Evening|Set2|Draw1|col7,B,own,1,2,2,1,7,6,,0,0,False,2,6,7,7
Ohio4,LS1,Evening,Set2,Draw1,7,col7,Evening|Set2|Draw1|col7,B,combined,1,2,2,1,7,0,559440088677,12,7,False,2,4,5,5
Ohio4,LS1,Evening,Set2,Draw1,7,col7,Evening|Set2|Draw1|col7,B,combined,1,2,2,1,7,1,559440077,9,5,False,2,4,5,5
Ohio4,LS1,Evening,Set2,Draw1,7,col7,Evening|Set2|Draw1|col7,B,combined,1,2,2,1,7,2,554477,6,3,True,2,4,5,5
Ohio4,LS1,Evening,Set2,Draw1,7,col7,Evening|Set2|Draw1|col7,B,combined,1,2,2,1,7,3,5577,4,2,True,2,4,5,5
Ohio4,LS1,Evening,Set2,Draw1,7,col7,Evening|Set2|Draw1|col7,B,combined,1,2,2,1,7,4,,0,0,False,2,4,5,5
Ohio4,LS1,Evening,Set2,Draw1,7,col7,Evening|Set2|Draw1|col7,C,own,1,2,2,1,7,0,559440088677,12,7,False,2,4,5,5
Ohio4,LS1,Evening,Set2,Draw1,7,col7,Evening|Set2|Draw1|col7,C,own,1,2,2,1,7,1,559440077,9,5,False,2,4,5,5
Ohio4,LS1,Evening,Set2,Draw1,7,col7,Evening|Set2|Draw1|col7,C,own,1,2,2,1,7,2,550077,6,3,True,2,4,5,5
Ohio4,LS1,Evening,Set2,Draw1,7,col7,Evening|Set2|Draw1|col7,C,own,1,2,2,1,7,3,5500,4,2,True,2,4,5,5
Ohio4,LS1,Evening,Set2,Draw1,7,col7,Evening|Set2|Draw1|col7,C,own,1,2,2,1,7,4,,0,0,False,2,4,5,5
Ohio4,LS1,Evening,Set2,Draw1,7,col7,Evening|Set2|Draw1|col7,C,combined,1,2,2,1,7,0,559440088677,12,7,False,2,4,5,5
Ohio4,LS1,Evening,Set2,Draw1,7,col7,Evening|Set2|Draw1|col7,C,combined,1,2,2,1,7,1,559440077,9,5,False,2,4,5,5
Ohio4,LS1,Evening,Set2,Draw1,7,col7,Evening|Set2|Draw1|col7,C,combined,1,2,2,1,7,2,77,2,1,True,2,4,5,5
Ohio4,LS1,Evening,Set2,Draw1,7,col7,Evening|Set2|Draw1|col7,C,combined,1,2,2,1,7,3,77,2,1,True,2,4,5,5
Ohio4,LS1,Evening,Set2,Draw1,7,col7,Evening|Set2|Draw1|col7,C,combined,1,2,2,1,7,4,,0,0,False,2,4,5,5
Ohio4,LS1,Evening,Set2,Draw1,7,col7,Evening|Set2|Draw1|col7,D,own,1,2,2,1,7,0,559440088677,12,7,False,2,6,7,7
Ohio4,LS1,Evening,Set2,Draw1,7,col7,Evening|Set2|Draw1|col7,D,own,1,2,2,1,7,1,559440077,9,5,False,2,6,7,7
Ohio4,LS1,Evening,Set2,Draw1,7,col7,Evening|Set2|Draw1|col7,D,own,1,2,2,1,7,2,550077,6,3,True,2,6,7,7
Ohio4,LS1,Evening,Set2,Draw1,7,col7,Evening|Set2|Draw1|col7,D,own,1,2,2,1,7,3,55007,5,3,True,2,6,7,7
Ohio4,LS1,Evening,Set2,Draw1,7,col7,Evening|Set2|Draw1|col7,D,own,1,2,2,1,7,4,0,1,1,True,2,6,7,7
Ohio4,LS1,Evening,Set2,Draw1,7,col7,Evening|Set2|Draw1|col7,D,own,1,2,2,1,7,5,0,1,1,True,2,6,7,7
Ohio4,LS1,Evening,Set2,Draw1,7,col7,Evening|Set2|Draw1|col7,D,own,1,2,2,1,7,6,,0,0,False,2,6,7,7
Ohio4,LS1,Evening,Set2,Draw1,7,col7,Evening|Set2|Draw1|col7,D,combined,1,2,2,1,7,0,559440088677,12,7,False,2,4,5,5
Ohio4,LS1,Evening,Set2,Draw1,7,col7,Evening|Set2|Draw1|col7,D,combined,1,2,2,1,7,1,559440077,9,5,False,2,4,5,5
Ohio4,LS1,Evening,Set2,Draw1,7,col7,Evening|Set2|Draw1|col7,D,combined,1,2,2,1,7,2,5477,4,3,True,2,4,5,5
Ohio4,LS1,Evening,Set2,Draw1,7,col7,Evening|Set2|Draw1|col7,D,combined,1,2,2,1,7,3,577,3,2,True,2,4,5,5
Ohio4,LS1,Evening,Set2,Draw1,7,col7,Evening|Set2|Draw1|col7,D,combined,1,2,2,1,7,4,,0,0,False,2,4,5,5
Ohio4,LS1,Evening,Set2,Draw1,7,col7,Evening|Set2|Draw1|col7,E,own,1,2,2,1,7,0,559440088677,12,7,False,3,13,14,11
Ohio4,LS1,Evening,Set2,Draw1,7,col7,Evening|Set2|Draw1|col7,E,own,1,2,2,1,7,1,559440077,9,5,False,3,13,14,11
Ohio4,LS1,Evening,Set2,Draw1,7,col7,Evening|Set2|Draw1|col7,E,own,1,2,2,1,7,2,5540077,7,4,False,3,13,14,11
Ohio4,LS1,Evening,Set2,Draw1,7,col7,Evening|Set2|Draw1|col7,E,own,1,2,2,1,7,3,55007,5,3,True,3,13,14,11
Ohio4,LS1,Evening,Set2,Draw1,7,col7,Evening|Set2|Draw1|col7,E,own,1,2,2,1,7,4,500,3,2,True,3,13,14,11
Ohio4,LS1,Evening,Set2,Draw1,7,col7,Evening|Set2|Draw1|col7,E,own,1,2,2,1,7,5,500,3,2,True,3,13,14,11
Ohio4,LS1,Evening,Set2,Draw1,7,col7,Evening|Set2|Draw1|col7,E,own,1,2,2,1,7,6,50,2,2,True,3,13,14,11
Ohio4,LS1,Evening,Set2,Draw1,7,col7,Evening|Set2|Draw1|col7,E,own,1,2,2,1,7,7,50,2,2,True,3,13,14,11
Ohio4,LS1,Evening,Set2,Draw1,7,col7,Evening|Set2|Draw1|col7,E,own,1,2,2,1,7,11,0,1,1,True,3,13,14,11
Ohio4,LS1,Evening,Set2,Draw1,7,col7,Evening|Set2|Draw1|col7,E,own,1,2,2,1,7,12,0,1,1,True,3,13,14,11
Ohio4,LS1,Evening,Set2,Draw1,7,col7,Evening|Set2|Draw1|col7,E,own,1,2,2,1,7,13,,0,0,False,3,13,14,11
Ohio4,LS1,Evening,Set2,Draw1,7,col7,Evening|Set2|Draw1|col7,E,combined,1,2,2,1,7,0,559440088677,12,7,False,3,8,9,8
Ohio4,LS1,Evening,Set2,Draw1,7,col7,Evening|Set2|Draw1|col7,E,combined,1,2,2,1,7,1,559440077,9,5,False,3,8,9,8
Ohio4,LS1,Evening,Set2,Draw1,7,col7,Evening|Set2|Draw1|col7,E,combined,1,2,2,1,7,2,5544077,7,4,False,3,8,9,8
Ohio4,LS1,Evening,Set2,Draw1,7,col7,Evening|Set2|Draw1|col7,E,combined,1,2,2,1,7,3,55077,5,3,True,3,8,9,8
Ohio4,LS1,Evening,Set2,Draw1,7,col7,Evening|Set2|Draw1|col7,E,combined,1,2,2,1,7,4,55,2,1,True,3,8,9,8
Ohio4,LS1,Evening,Set2,Draw1,7,col7,Evening|Set2|Draw1|col7,E,combined,1,2,2,1,7,5,55,2,1,True,3,8,9,8
Ohio4,LS1,Evening,Set2,Draw1,7,col7,Evening|Set2|Draw1|col7,E,combined,1,2,2,1,7,7,5,1,1,True,3,8,9,8
Ohio4,LS1,Evening,Set2,Draw1,7,col7,Evening|Set2|Draw1|col7,E,combined,1,2,2,1,7,8,,0,0,False,3,8,9,8
Ohio4,LS1,Evening,Set2,Draw1,7,col7,Evening|Set2|Draw1|col7,T,own,1,2,2,1,7,0,559440088677,12,7,False,2,6,7,7
Ohio4,LS1,Evening,Set2,Draw1,7,col7,Evening|Set2|Draw1|col7,T,own,1,2,2,1,7,1,559440077,9,5,False,2,6,7,7
Ohio4,LS1,Evening,Set2,Draw1,7,col7,Evening|Set2|Draw1|col7,T,own,1,2,2,1,7,2,550077,6,3,True,2,6,7,7
Ohio4,LS1,Evening,Set2,Draw1,7,col7,Evening|Set2|Draw1|col7,T,own,1,2,2,1,7,3,5500,4,2,True,2,6,7,7
Ohio4,LS1,Evening,Set2,Draw1,7,col7,Evening|Set2|Draw1|col7,T,own,1,2,2,1,7,4,00,2,1,True,2,6,7,7
Ohio4,LS1,Evening,Set2,Draw1,7,col7,Evening|Set2|Draw1|col7,T,own,1,2,2,1,7,5,00,2,1,True,2,6,7,7
Ohio4,LS1,Evening,Set2,Draw1,7,col7,Evening|Set2|Draw1|col7,T,own,1,2,2,1,7,6,,0,0,False,2,6,7,7
Ohio4,LS1,Evening,Set2,Draw1,7,col7,Evening|Set2|Draw1|col7,T,combined,1,2,2,1,7,0,559440088677,12,7,False,2,4,5,5
Ohio4,LS1,Evening,Set2,Draw1,7,col7,Evening|Set2|Draw1|col7,T,combined,1,2,2,1,7,1,559440077,9,5,False,2,4,5,5
Ohio4,LS1,Evening,Set2,Draw1,7,col7,Evening|Set2|Draw1|col7,T,combined,1,2,2,1,7,2,77,2,1,True,2,4,5,5
Ohio4,LS1,Evening,Set2,Draw1,7,col7,Evening|Set2|Draw1|col7,T,combined,1,2,2,1,7,3,77,2,1,True,2,4,5,5
Ohio4,LS1,Evening,Set2,Draw1,7,col7,Evening|Set2|Draw1|col7,T,combined,1,2,2,1,7,4,,0,0,False,2,4,5,5
Ohio4,LS1,Evening,Set2,Draw1,6,col6,Evening|Set2|Draw1|col6,A,own,1,2,2,1,6,0,5594400887,10,6,False,3,6,7,7
Ohio4,LS1,Evening,Set2,Draw1,6,col6,Evening|Set2|Draw1|col6,A,own,1,2,2,1,6,1,55944007,8,5,False,3,6,7,7
Ohio4,LS1,Evening,Set2,Draw1,6,col6,Evening|Set2|Draw1|col6,A,own,1,2,2,1,6,2,5544007,7,4,False,3,6,7,7
Ohio4,LS1,Evening,Set2,Draw1,6,col6,Evening|Set2|Draw1|col6,A,own,1,2,2,1,6,3,55007,5,3,True,3,6,7,7
Ohio4,LS1,Evening,Set2,Draw1,6,col6,Evening|Set2|Draw1|col6,A,own,1,2,2,1,6,4,00,2,1,True,3,6,7,7
Ohio4,LS1,Evening,Set2,Draw1,6,col6,Evening|Set2|Draw1|col6,A,own,1,2,2,1,6,5,00,2,1,True,3,6,7,7
Ohio4,LS1,Evening,Set2,Draw1,6,col6,Evening|Set2|Draw1|col6,A,own,1,2,2,1,6,6,,0,0,False,3,6,7,7
Ohio4,LS1,Evening,Set2,Draw1,6,col6,Evening|Set2|Draw1|col6,A,combined,1,2,2,1,6,0,5594400887,10,6,False,2,7,8,8
Ohio4,LS1,Evening,Set2,Draw1,6,col6,Evening|Set2|Draw1|col6,A,combined,1,2,2,1,6,1,55944007,8,5,False,2,7,8,8
Ohio4,LS1,Evening,Set2,Draw1,6,col6,Evening|Set2|Draw1|col6,A,combined,1,2,2,1,6,2,55447,5,3,True,2,7,8,8
Ohio4,LS1,Evening,Set2,Draw1,6,col6,Evening|Set2|Draw1|col6,A,combined,1,2,2,1,6,3,55447,5,3,True,2,7,8,8
Ohio4,LS1,Evening,Set2,Draw1,6,col6,Evening|Set2|Draw1|col6,A,combined,1,2,2,1,6,4,5544,4,2,True,2,7,8,8
Ohio4,LS1,Evening,Set2,Draw1,6,col6,Evening|Set2|Draw1|col6,A,combined,1,2,2,1,6,5,55,2,1,True,2,7,8,8
Ohio4,LS1,Evening,Set2,Draw1,6,col6,Evening|Set2|Draw1|col6,A,combined,1,2,2,1,6,6,55,2,1,True,2,7,8,8
Ohio4,LS1,Evening,Set2,Draw1,6,col6,Evening|Set2|Draw1|col6,A,combined,1,2,2,1,6,7,,0,0,False,2,7,8,8
Ohio4,LS1,Evening,Set2,Draw1,6,col6,Evening|Set2|Draw1|col6,B,own,1,2,2,1,6,0,5594400887,10,6,False,2,6,7,7
Ohio4,LS1,Evening,Set2,Draw1,6,col6,Evening|Set2|Draw1|col6,B,own,1,2,2,1,6,1,55944007,8,5,False,2,6,7,7
Ohio4,LS1,Evening,Set2,Draw1,6,col6,Evening|Set2|Draw1|col6,B,own,1,2,2,1,6,2,55007,5,3,True,2,6,7,7
Ohio4,LS1,Evening,Set2,Draw1,6,col6,Evening|Set2|Draw1|col6,B,own,1,2,2,1,6,3,5500,4,2,True,2,6,7,7
Ohio4,LS1,Evening,Set2,Draw1,6,col6,Evening|Set2|Draw1|col6,B,own,1,2,2,1,6,4,00,2,1,True,2,6,7,7
Ohio4,LS1,Evening,Set2,Draw1,6,col6,Evening|Set2|Draw1|col6,B,own,1,2,2,1,6,5,00,2,1,True,2,6,7,7
Ohio4,LS1,Evening,Set2,Draw1,6,col6,Evening|Set2|Draw1|col6,B,own,1,2,2,1,6,6,,0,0,False,2,6,7,7
Ohio4,LS1,Evening,Set2,Draw1,6,col6,Evening|Set2|Draw1|col6,B,combined,1,2,2,1,6,0,5594400887,10,6,False,2,4,5,5
Ohio4,LS1,Evening,Set2,Draw1,6,col6,Evening|Set2|Draw1|col6,B,combined,1,2,2,1,6,1,55944007,8,5,False,2,4,5,5
Ohio4,LS1,Evening,Set2,Draw1,6,col6,Evening|Set2|Draw1|col6,B,combined,1,2,2,1,6,2,55447,5,3,True,2,4,5,5
Ohio4,LS1,Evening,Set2,Draw1,6,col6,Evening|Set2|Draw1|col6,B,combined,1,2,2,1,6,3,557,3,2,True,2,4,5,5
Ohio4,LS1,Evening,Set2,Draw1,6,col6,Evening|Set2|Draw1|col6,B,combined,1,2,2,1,6,4,,0,0,False,2,4,5,5
Ohio4,LS1,Evening,Set2,Draw1,6,col6,Evening|Set2|Draw1|col6,C,own,1,2,2,1,6,0,5594400887,10,6,False,2,4,5,5
Ohio4,LS1,Evening,Set2,Draw1,6,col6,Evening|Set2|Draw1|col6,C,own,1,2,2,1,6,1,55944007,8,5,False,2,4,5,5
Ohio4,LS1,Evening,Set2,Draw1,6,col6,Evening|Set2|Draw1|col6,C,own,1,2,2,1,6,2,55007,5,3,True,2,4,5,5
Ohio4,LS1,Evening,Set2,Draw1,6,col6,Evening|Set2|Draw1|col6,C,own,1,2,2,1,6,3,5500,4,2,True,2,4,5,5
Ohio4,LS1,Evening,Set2,Draw1,6,col6,Evening|Set2|Draw1|col6,C,own,1,2,2,1,6,4,,0,0,False,2,4,5,5
Ohio4,LS1,Evening,Set2,Draw1,6,col6,Evening|Set2|Draw1|col6,C,combined,1,2,2,1,6,0,5594400887,10,6,False,2,4,5,5
Ohio4,LS1,Evening,Set2,Draw1,6,col6,Evening|Set2|Draw1|col6,C,combined,1,2,2,1,6,1,55944007,8,5,False,2,4,5,5
Ohio4,LS1,Evening,Set2,Draw1,6,col6,Evening|Set2|Draw1|col6,C,combined,1,2,2,1,6,2,7,1,1,True,2,4,5,5
Ohio4,LS1,Evening,Set2,Draw1,6,col6,Evening|Set2|Draw1|col6,C,combined,1,2,2,1,6,3,7,1,1,True,2,4,5,5
Ohio4,LS1,Evening,Set2,Draw1,6,col6,Evening|Set2|Draw1|col6,C,combined,1,2,2,1,6,4,,0,0,False,2,4,5,5
Ohio4,LS1,Evening,Set2,Draw1,6,col6,Evening|Set2|Draw1|col6,D,own,1,2,2,1,6,0,5594400887,10,6,False,2,6,7,7
Ohio4,LS1,Evening,Set2,Draw1,6,col6,Evening|Set2|Draw1|col6,D,own,1,2,2,1,6,1,55944007,8,5,False,2,6,7,7
Ohio4,LS1,Evening,Set2,Draw1,6,col6,Evening|Set2|Draw1|col6,D,own,1,2,2,1,6,2,55007,5,3,True,2,6,7,7
Ohio4,LS1,Evening,Set2,Draw1,6,col6,Evening|Set2|Draw1|col6,D,own,1,2,2,1,6,3,5500,4,2,True,2,6,7,7
Ohio4,LS1,Evening,Set2,Draw1,6,col6,Evening|Set2|Draw1|col6,D,own,1,2,2,1,6,4,0,1,1,True,2,6,7,7
Ohio4,LS1,Evening,Set2,Draw1,6,col6,Evening|Set2|Draw1|col6,D,own,1,2,2,1,6,5,0,1,1,True,2,6,7,7
Ohio4,LS1,Evening,Set2,Draw1,6,col6,Evening|Set2|Draw1|col6,D,own,1,2,2,1,6,6,,0,0,False,2,6,7,7
Ohio4,LS1,Evening,Set2,Draw1,6,col6,Evening|Set2|Draw1|col6,D,combined,1,2,2,1,6,0,5594400887,10,6,False,2,4,5,5
Ohio4,LS1,Evening,Set2,Draw1,6,col6,Evening|Set2|Draw1|col6,D,combined,1,2,2,1,6,1,55944007,8,5,False,2,4,5,5
Ohio4,LS1,Evening,Set2,Draw1,6,col6,Evening|Set2|Draw1|col6,D,combined,1,2,2,1,6,2,547,3,3,True,2,4,5,5
Ohio4,LS1,Evening,Set2,Draw1,6,col6,Evening|Set2|Draw1|col6,D,combined,1,2,2,1,6,3,57,2,2,True,2,4,5,5
Ohio4,LS1,Evening,Set2,Draw1,6,col6,Evening|Set2|Draw1|col6,D,combined,1,2,2,1,6,4,,0,0,False,2,4,5,5
Ohio4,LS1,Evening,Set2,Draw1,6,col6,Evening|Set2|Draw1|col6,E,own,1,2,2,1,6,0,5594400887,10,6,False,3,13,14,11
Ohio4,LS1,Evening,Set2,Draw1,6,col6,Evening|Set2|Draw1|col6,E,own,1,2,2,1,6,1,55944007,8,5,False,3,13,14,11
Ohio4,LS1,Evening,Set2,Draw1,6,col6,Evening|Set2|Draw1|col6,E,own,1,2,2,1,6,2,554007,6,4,False,3,13,14,11
Ohio4,LS1,Evening,Set2,Draw1,6,col6,Evening|Set2|Draw1|col6,E,own,1,2,2,1,6,3,5500,4,2,True,3,13,14,11
Ohio4,LS1,Evening,Set2,Draw1,6,col6,Evening|Set2|Draw1|col6,E,own,1,2,2,1,6,4,500,3,2,True,3,13,14,11
Ohio4,LS1,Evening,Set2,Draw1,6,col6,Evening|Set2|Draw1|col6,E,own,1,2,2,1,6,5,500,3,2,True,3,13,14,11
Ohio4,LS1,Evening,Set2,Draw1,6,col6,Evening|Set2|Draw1|col6,E,own,1,2,2,1,6,6,50,2,2,True,3,13,14,11
Ohio4,LS1,Evening,Set2,Draw1,6,col6,Evening|Set2|Draw1|col6,E,own,1,2,2,1,6,7,50,2,2,True,3,13,14,11
Ohio4,LS1,Evening,Set2,Draw1,6,col6,Evening|Set2|Draw1|col6,E,own,1,2,2,1,6,11,0,1,1,True,3,13,14,11
Ohio4,LS1,Evening,Set2,Draw1,6,col6,Evening|Set2|Draw1|col6,E,own,1,2,2,1,6,12,0,1,1,True,3,13,14,11
Ohio4,LS1,Evening,Set2,Draw1,6,col6,Evening|Set2|Draw1|col6,E,own,1,2,2,1,6,13,,0,0,False,3,13,14,11
Ohio4,LS1,Evening,Set2,Draw1,6,col6,Evening|Set2|Draw1|col6,E,combined,1,2,2,1,6,0,5594400887,10,6,False,3,8,9,8
Ohio4,LS1,Evening,Set2,Draw1,6,col6,Evening|Set2|Draw1|col6,E,combined,1,2,2,1,6,1,55944007,8,5,False,3,8,9,8
Ohio4,LS1,Evening,Set2,Draw1,6,col6,Evening|Set2|Draw1|col6,E,combined,1,2,2,1,6,2,554407,6,4,False,3,8,9,8
Ohio4,LS1,Evening,Set2,Draw1,6,col6,Evening|Set2|Draw1|col6,E,combined,1,2,2,1,6,3,5507,4,3,True,3,8,9,8
Ohio4,LS1,Evening,Set2,Draw1,6,col6,Evening|Set2|Draw1|col6,E,combined,1,2,2,1,6,4,55,2,1,True,3,8,9,8
Ohio4,LS1,Evening,Set2,Draw1,6,col6,Evening|Set2|Draw1|col6,E,combined,1,2,2,1,6,5,55,2,1,True,3,8,9,8
Ohio4,LS1,Evening,Set2,Draw1,6,col6,Evening|Set2|Draw1|col6,E,combined,1,2,2,1,6,7,5,1,1,True,3,8,9,8
Ohio4,LS1,Evening,Set2,Draw1,6,col6,Evening|Set2|Draw1|col6,E,combined,1,2,2,1,6,8,,0,0,False,3,8,9,8
Ohio4,LS1,Evening,Set2,Draw1,6,col6,Evening|Set2|Draw1|col6,T,own,1,2,2,1,6,0,5594400887,10,6,False,2,6,7,7
Ohio4,LS1,Evening,Set2,Draw1,6,col6,Evening|Set2|Draw1|col6,T,own,1,2,2,1,6,1,55944007,8,5,False,2,6,7,7
Ohio4,LS1,Evening,Set2,Draw1,6,col6,Evening|Set2|Draw1|col6,T,own,1,2,2,1,6,2,55007,5,3,True,2,6,7,7
Ohio4,LS1,Evening,Set2,Draw1,6,col6,Evening|Set2|Draw1|col6,T,own,1,2,2,1,6,3,5500,4,2,True,2,6,7,7
Ohio4,LS1,Evening,Set2,Draw1,6,col6,Evening|Set2|Draw1|col6,T,own,1,2,2,1,6,4,00,2,1,True,2,6,7,7
Ohio4,LS1,Evening,Set2,Draw1,6,col6,Evening|Set2|Draw1|col6,T,own,1,2,2,1,6,5,00,2,1,True,2,6,7,7
Ohio4,LS1,Evening,Set2,Draw1,6,col6,Evening|Set2|Draw1|col6,T,own,1,2,2,1,6,6,,0,0,False,2,6,7,7
Ohio4,LS1,Evening,Set2,Draw1,6,col6,Evening|Set2|Draw1|col6,T,combined,1,2,2,1,6,0,5594400887,10,6,False,2,5,6,6
Ohio4,LS1,Evening,Set2,Draw1,6,col6,Evening|Set2|Draw1|col6,T,combined,1,2,2,1,6,1,55944007,8,5,False,2,5,6,6
Ohio4,LS1,Evening,Set2,Draw1,6,col6,Evening|Set2|Draw1|col6,T,combined,1,2,2,1,6,2,447,3,2,True,2,5,6,6
Ohio4,LS1,Evening,Set2,Draw1,6,col6,Evening|Set2|Draw1|col6,T,combined,1,2,2,1,6,3,447,3,2,True,2,5,6,6
Ohio4,LS1,Evening,Set2,Draw1,6,col6,Evening|Set2|Draw1|col6,T,combined,1,2,2,1,6,4,44,2,1,True,2,5,6,6
Ohio4,LS1,Evening,Set2,Draw1,6,col6,Evening|Set2|Draw1|col6,T,combined,1,2,2,1,6,5,,0,0,False,2,5,6,6
Ohio4,LS1,Evening,Set2,Draw1,5,col5,Evening|Set2|Draw1|col5,A,own,1,2,2,1,5,0,559440887,9,6,False,3,6,7,7
Ohio4,LS1,Evening,Set2,Draw1,5,col5,Evening|Set2|Draw1|col5,A,own,1,2,2,1,5,1,5594407,7,5,False,3,6,7,7
Ohio4,LS1,Evening,Set2,Draw1,5,col5,Evening|Set2|Draw1|col5,A,own,1,2,2,1,5,2,554407,6,4,False,3,6,7,7
Ohio4,LS1,Evening,Set2,Draw1,5,col5,Evening|Set2|Draw1|col5,A,own,1,2,2,1,5,3,5507,4,3,True,3,6,7,7
Ohio4,LS1,Evening,Set2,Draw1,5,col5,Evening|Set2|Draw1|col5,A,own,1,2,2,1,5,4,0,1,1,True,3,6,7,7
Ohio4,LS1,Evening,Set2,Draw1,5,col5,Evening|Set2|Draw1|col5,A,own,1,2,2,1,5,5,0,1,1,True,3,6,7,7
Ohio4,LS1,Evening,Set2,Draw1,5,col5,Evening|Set2|Draw1|col5,A,own,1,2,2,1,5,6,,0,0,False,3,6,7,7
Ohio4,LS1,Evening,Set2,Draw1,5,col5,Evening|Set2|Draw1|col5,A,combined,1,2,2,1,5,0,559440887,9,6,False,2,7,8,8
Ohio4,LS1,Evening,Set2,Draw1,5,col5,Evening|Set2|Draw1|col5,A,combined,1,2,2,1,5,1,5594407,7,5,False,2,7,8,8
Ohio4,LS1,Evening,Set2,Draw1,5,col5,Evening|Set2|Draw1|col5,A,combined,1,2,2,1,5,2,55447,5,3,True,2,7,8,8
Ohio4,LS1,Evening,Set2,Draw1,5,col5,Evening|Set2|Draw1|col5,A,combined,1,2,2,1,5,3,55447,5,3,True,2,7,8,8
Ohio4,LS1,Evening,Set2,Draw1,5,col5,Evening|Set2|Draw1|col5,A,combined,1,2,2,1,5,4,5544,4,2,True,2,7,8,8
Ohio4,LS1,Evening,Set2,Draw1,5,col5,Evening|Set2|Draw1|col5,A,combined,1,2,2,1,5,5,55,2,1,True,2,7,8,8
Ohio4,LS1,Evening,Set2,Draw1,5,col5,Evening|Set2|Draw1|col5,A,combined,1,2,2,1,5,6,55,2,1,True,2,7,8,8
Ohio4,LS1,Evening,Set2,Draw1,5,col5,Evening|Set2|Draw1|col5,A,combined,1,2,2,1,5,7,,0,0,False,2,7,8,8
Ohio4,LS1,Evening,Set2,Draw1,5,col5,Evening|Set2|Draw1|col5,B,own,1,2,2,1,5,0,559440887,9,6,False,2,6,7,7
Ohio4,LS1,Evening,Set2,Draw1,5,col5,Evening|Set2|Draw1|col5,B,own,1,2,2,1,5,1,5594407,7,5,False,2,6,7,7
Ohio4,LS1,Evening,Set2,Draw1,5,col5,Evening|Set2|Draw1|col5,B,own,1,2,2,1,5,2,5507,4,3,True,2,6,7,7
Ohio4,LS1,Evening,Set2,Draw1,5,col5,Evening|Set2|Draw1|col5,B,own,1,2,2,1,5,3,550,3,2,True,2,6,7,7
Ohio4,LS1,Evening,Set2,Draw1,5,col5,Evening|Set2|Draw1|col5,B,own,1,2,2,1,5,4,0,1,1,True,2,6,7,7
Ohio4,LS1,Evening,Set2,Draw1,5,col5,Evening|Set2|Draw1|col5,B,own,1,2,2,1,5,5,0,1,1,True,2,6,7,7
Ohio4,LS1,Evening,Set2,Draw1,5,col5,Evening|Set2|Draw1|col5,B,own,1,2,2,1,5,6,,0,0,False,2,6,7,7
Ohio4,LS1,Evening,Set2,Draw1,5,col5,Evening|Set2|Draw1|col5,B,combined,1,2,2,1,5,0,559440887,9,6,False,2,4,5,5
Ohio4,LS1,Evening,Set2,Draw1,5,col5,Evening|Set2|Draw1|col5,B,combined,1,2,2,1,5,1,5594407,7,5,False,2,4,5,5
Ohio4,LS1,Evening,Set2,Draw1,5,col5,Evening|Set2|Draw1|col5,B,combined,1,2,2,1,5,2,55447,5,3,True,2,4,5,5
Ohio4,LS1,Evening,Set2,Draw1,5,col5,Evening|Set2|Draw1|col5,B,combined,1,2,2,1,5,3,557,3,2,True,2,4,5,5
Ohio4,LS1,Evening,Set2,Draw1,5,col5,Evening|Set2|Draw1|col5,B,combined,1,2,2,1,5,4,,0,0,False,2,4,5,5
Ohio4,LS1,Evening,Set2,Draw1,5,col5,Evening|Set2|Draw1|col5,C,own,1,2,2,1,5,0,559440887,9,6,False,2,4,5,5
Ohio4,LS1,Evening,Set2,Draw1,5,col5,Evening|Set2|Draw1|col5,C,own,1,2,2,1,5,1,5594407,7,5,False,2,4,5,5
Ohio4,LS1,Evening,Set2,Draw1,5,col5,Evening|Set2|Draw1|col5,C,own,1,2,2,1,5,2,5507,4,3,True,2,4,5,5
Ohio4,LS1,Evening,Set2,Draw1,5,col5,Evening|Set2|Draw1|col5,C,own,1,2,2,1,5,3,550,3,2,True,2,4,5,5
Ohio4,LS1,Evening,Set2,Draw1,5,col5,Evening|Set2|Draw1|col5,C,own,1,2,2,1,5,4,,0,0,False,2,4,5,5
Ohio4,LS1,Evening,Set2,Draw1,5,col5,Evening|Set2|Draw1|col5,C,combined,1,2,2,1,5,0,559440887,9,6,False,2,4,5,5
Ohio4,LS1,Evening,Set2,Draw1,5,col5,Evening|Set2|Draw1|col5,C,combined,1,2,2,1,5,1,5594407,7,5,False,2,4,5,5
Ohio4,LS1,Evening,Set2,Draw1,5,col5,Evening|Set2|Draw1|col5,C,combined,1,2,2,1,5,2,7,1,1,True,2,4,5,5
Ohio4,LS1,Evening,Set2,Draw1,5,col5,Evening|Set2|Draw1|col5,C,combined,1,2,2,1,5,3,7,1,1,True,2,4,5,5
Ohio4,LS1,Evening,Set2,Draw1,5,col5,Evening|Set2|Draw1|col5,C,combined,1,2,2,1,5,4,,0,0,False,2,4,5,5
Ohio4,LS1,Evening,Set2,Draw1,5,col5,Evening|Set2|Draw1|col5,D,own,1,2,2,1,5,0,559440887,9,6,False,2,4,5,5
Ohio4,LS1,Evening,Set2,Draw1,5,col5,Evening|Set2|Draw1|col5,D,own,1,2,2,1,5,1,5594407,7,5,False,2,4,5,5
Ohio4,LS1,Evening,Set2,Draw1,5,col5,Evening|Set2|Draw1|col5,D,own,1,2,2,1,5,2,5507,4,3,True,2,4,5,5
Ohio4,LS1,Evening,Set2,Draw1,5,col5,Evening|Set2|Draw1|col5,D,own,1,2,2,1,5,3,550,3,2,True,2,4,5,5
Ohio4,LS1,Evening,Set2,Draw1,5,col5,Evening|Set2|Draw1|col5,D,own,1,2,2,1,5,4,,0,0,False,2,4,5,5
Ohio4,LS1,Evening,Set2,Draw1,5,col5,Evening|Set2|Draw1|col5,D,combined,1,2,2,1,5,0,559440887,9,6,False,2,4,5,5
Ohio4,LS1,Evening,Set2,Draw1,5,col5,Evening|Set2|Draw1|col5,D,combined,1,2,2,1,5,1,5594407,7,5,False,2,4,5,5
Ohio4,LS1,Evening,Set2,Draw1,5,col5,Evening|Set2|Draw1|col5,D,combined,1,2,2,1,5,2,547,3,3,True,2,4,5,5
Ohio4,LS1,Evening,Set2,Draw1,5,col5,Evening|Set2|Draw1|col5,D,combined,1,2,2,1,5,3,57,2,2,True,2,4,5,5
Ohio4,LS1,Evening,Set2,Draw1,5,col5,Evening|Set2|Draw1|col5,D,combined,1,2,2,1,5,4,,0,0,False,2,4,5,5
Ohio4,LS1,Evening,Set2,Draw1,5,col5,Evening|Set2|Draw1|col5,E,own,1,2,2,1,5,0,559440887,9,6,False,3,11,12,9
Ohio4,LS1,Evening,Set2,Draw1,5,col5,Evening|Set2|Draw1|col5,E,own,1,2,2,1,5,1,5594407,7,5,False,3,11,12,9
Ohio4,LS1,Evening,Set2,Draw1,5,col5,Evening|Set2|Draw1|col5,E,own,1,2,2,1,5,2,55407,5,4,False,3,11,12,9
Ohio4,LS1,Evening,Set2,Draw1,5,col5,Evening|Set2|Draw1|col5,E,own,1,2,2,1,5,3,550,3,2,True,3,11,12,9
Ohio4,LS1,Evening,Set2,Draw1,5,col5,Evening|Set2|Draw1|col5,E,own,1,2,2,1,5,4,50,2,2,True,3,11,12,9
Ohio4,LS1,Evening,Set2,Draw1,5,col5,Evening|Set2|Draw1|col5,E,own,1,2,2,1,5,5,50,2,2,True,3,11,12,9
Ohio4,LS1,Evening,Set2,Draw1,5,col5,Evening|Set2|Draw1|col5,E,own,1,2,2,1,5,6,5,1,1,True,3,11,12,9
Ohio4,LS1,Evening,Set2,Draw1,5,col5,Evening|Set2|Draw1|col5,E,own,1,2,2,1,5,7,5,1,1,True,3,11,12,9
Ohio4,LS1,Evening,Set2,Draw1,5,col5,Evening|Set2|Draw1|col5,E,own,1,2,2,1,5,11,,0,0,False,3,11,12,9
Ohio4,LS1,Evening,Set2,Draw1,5,col5,Evening|Set2|Draw1|col5,E,combined,1,2,2,1,5,0,559440887,9,6,False,2,7,8,7
Ohio4,LS1,Evening,Set2,Draw1,5,col5,Evening|Set2|Draw1|col5,E,combined,1,2,2,1,5,1,5594407,7,5,False,2,7,8,7
Ohio4,LS1,Evening,Set2,Draw1,5,col5,Evening|Set2|Draw1|col5,E,combined,1,2,2,1,5,2,55447,5,3,True,2,7,8,7
Ohio4,LS1,Evening,Set2,Draw1,5,col5,Evening|Set2|Draw1|col5,E,combined,1,2,2,1,5,3,557,3,2,True,2,7,8,7
Ohio4,LS1,Evening,Set2,Draw1,5,col5,Evening|Set2|Draw1|col5,E,combined,1,2,2,1,5,4,5,1,1,True,2,7,8,7
Ohio4,LS1,Evening,Set2,Draw1,5,col5,Evening|Set2|Draw1|col5,E,combined,1,2,2,1,5,5,5,1,1,True,2,7,8,7
Ohio4,LS1,Evening,Set2,Draw1,5,col5,Evening|Set2|Draw1|col5,E,combined,1,2,2,1,5,7,,0,0,False,2,7,8,7
Ohio4,LS1,Evening,Set2,Draw1,5,col5,Evening|Set2|Draw1|col5,T,own,1,2,2,1,5,0,559440887,9,6,False,2,6,7,7
Ohio4,LS1,Evening,Set2,Draw1,5,col5,Evening|Set2|Draw1|col5,T,own,1,2,2,1,5,1,5594407,7,5,False,2,6,7,7
Ohio4,LS1,Evening,Set2,Draw1,5,col5,Evening|Set2|Draw1|col5,T,own,1,2,2,1,5,2,5507,4,3,True,2,6,7,7
Ohio4,LS1,Evening,Set2,Draw1,5,col5,Evening|Set2|Draw1|col5,T,own,1,2,2,1,5,3,550,3,2,True,2,6,7,7
Ohio4,LS1,Evening,Set2,Draw1,5,col5,Evening|Set2|Draw1|col5,T,own,1,2,2,1,5,4,0,1,1,True,2,6,7,7
Ohio4,LS1,Evening,Set2,Draw1,5,col5,Evening|Set2|Draw1|col5,T,own,1,2,2,1,5,5,0,1,1,True,2,6,7,7
Ohio4,LS1,Evening,Set2,Draw1,5,col5,Evening|Set2|Draw1|col5,T,own,1,2,2,1,5,6,,0,0,False,2,6,7,7
Ohio4,LS1,Evening,Set2,Draw1,5,col5,Evening|Set2|Draw1|col5,T,combined,1,2,2,1,5,0,559440887,9,6,False,2,5,6,6
Ohio4,LS1,Evening,Set2,Draw1,5,col5,Evening|Set2|Draw1|col5,T,combined,1,2,2,1,5,1,5594407,7,5,False,2,5,6,6
Ohio4,LS1,Evening,Set2,Draw1,5,col5,Evening|Set2|Draw1|col5,T,combined,1,2,2,1,5,2,447,3,2,True,2,5,6,6
Ohio4,LS1,Evening,Set2,Draw1,5,col5,Evening|Set2|Draw1|col5,T,combined,1,2,2,1,5,3,447,3,2,True,2,5,6,6
Ohio4,LS1,Evening,Set2,Draw1,5,col5,Evening|Set2|Draw1|col5,T,combined,1,2,2,1,5,4,44,2,1,True,2,5,6,6
Ohio4,LS1,Evening,Set2,Draw1,5,col5,Evening|Set2|Draw1|col5,T,combined,1,2,2,1,5,5,,0,0,False,2,5,6,6
Ohio4,LS1,Evening,Set2,Draw1,4,col4,Evening|Set2|Draw1|col4,A,own,1,2,2,1,4,0,55940887*,9,7,False,4,6,29,7
Ohio4,LS1,Evening,Set2,Draw1,4,col4,Evening|Set2|Draw1|col4,A,own,1,2,2,1,4,1,559407*,7,6,False,4,6,29,7
Ohio4,LS1,Evening,Set2,Draw1,4,col4,Evening|Set2|Draw1|col4,A,own,1,2,2,1,4,2,55407*,6,5,False,4,6,29,7
Ohio4,LS1,Evening,Set2,Draw1,4,col4,Evening|Set2|Draw1|col4,A,own,1,2,2,1,4,3,5507*,5,4,False,4,6,29,7
Ohio4,LS1,Evening,Set2,Draw1,4,col4,Evening|Set2|Draw1|col4,A,own,1,2,2,1,4,4,0*,2,2,True,4,6,29,7
Ohio4,LS1,Evening,Set2,Draw1,4,col4,Evening|Set2|Draw1|col4,A,own,1,2,2,1,4,5,0*,2,2,True,4,6,29,7
Ohio4,LS1,Evening,Set2,Draw1,4,col4,Evening|Set2|Draw1|col4,A,own,1,2,2,1,4,6,*,1,1,True,4,6,29,7
Ohio4,LS1,Evening,Set2,Draw1,4,col4,Evening|Set2|Draw1|col4,A,combined,1,2,2,1,4,0,55940887*,9,7,False,4,7,57,8
Ohio4,LS1,Evening,Set2,Draw1,4,col4,Evening|Set2|Draw1|col4,A,combined,1,2,2,1,4,1,559407*,7,6,False,4,7,57,8
Ohio4,LS1,Evening,Set2,Draw1,4,col4,Evening|Set2|Draw1|col4,A,combined,1,2,2,1,4,2,5547*,5,4,False,4,7,57,8
Ohio4,LS1,Evening,Set2,Draw1,4,col4,Evening|Set2|Draw1|col4,A,combined,1,2,2,1,4,3,5547*,5,4,False,4,7,57,8
Ohio4,LS1,Evening,Set2,Draw1,4,col4,Evening|Set2|Draw1|col4,A,combined,1,2,2,1,4,4,554*,4,3,True,4,7,57,8
Ohio4,LS1,Evening,Set2,Draw1,4,col4,Evening|Set2|Draw1|col4,A,combined,1,2,2,1,4,5,55*,3,2,True,4,7,57,8
Ohio4,LS1,Evening,Set2,Draw1,4,col4,Evening|Set2|Draw1|col4,A,combined,1,2,2,1,4,6,55*,3,2,True,4,7,57,8
Ohio4,LS1,Evening,Set2,Draw1,4,col4,Evening|Set2|Draw1|col4,A,combined,1,2,2,1,4,7,*,1,1,True,4,7,57,8
Ohio4,LS1,Evening,Set2,Draw1,4,col4,Evening|Set2|Draw1|col4,B,own,1,2,2,1,4,0,55940887*,9,7,False,3,6,29,7
Ohio4,LS1,Evening,Set2,Draw1,4,col4,Evening|Set2|Draw1|col4,B,own,1,2,2,1,4,1,559407*,7,6,False,3,6,29,7
Ohio4,LS1,Evening,Set2,Draw1,4,col4,Evening|Set2|Draw1|col4,B,own,1,2,2,1,4,2,5507*,5,4,False,3,6,29,7
Ohio4,LS1,Evening,Set2,Draw1,4,col4,Evening|Set2|Draw1|col4,B,own,1,2,2,1,4,3,550*,4,3,True,3,6,29,7
Ohio4,LS1,Evening,Set2,Draw1,4,col4,Evening|Set2|Draw1|col4,B,own,1,2,2,1,4,4,0*,2,2,True,3,6,29,7
Ohio4,LS1,Evening,Set2,Draw1,4,col4,Evening|Set2|Draw1|col4,B,own,1,2,2,1,4,5,0*,2,2,True,3,6,29,7
Ohio4,LS1,Evening,Set2,Draw1,4,col4,Evening|Set2|Draw1|col4,B,own,1,2,2,1,4,6,*,1,1,True,3,6,29,7
Ohio4,LS1,Evening,Set2,Draw1,4,col4,Evening|Set2|Draw1|col4,B,combined,1,2,2,1,4,0,55940887*,9,7,False,3,4,57,5
Ohio4,LS1,Evening,Set2,Draw1,4,col4,Evening|Set2|Draw1|col4,B,combined,1,2,2,1,4,1,559407*,7,6,False,3,4,57,5
Ohio4,LS1,Evening,Set2,Draw1,4,col4,Evening|Set2|Draw1|col4,B,combined,1,2,2,1,4,2,5547*,5,4,False,3,4,57,5
Ohio4,LS1,Evening,Set2,Draw1,4,col4,Evening|Set2|Draw1|col4,B,combined,1,2,2,1,4,3,557*,4,3,True,3,4,57,5
Ohio4,LS1,Evening,Set2,Draw1,4,col4,Evening|Set2|Draw1|col4,B,combined,1,2,2,1,4,4,*,1,1,True,3,4,57,5
Ohio4,LS1,Evening,Set2,Draw1,4,col4,Evening|Set2|Draw1|col4,C,own,1,2,2,1,4,0,55940887*,9,7,False,3,4,29,5
Ohio4,LS1,Evening,Set2,Draw1,4,col4,Evening|Set2|Draw1|col4,C,own,1,2,2,1,4,1,559407*,7,6,False,3,4,29,5
Ohio4,LS1,Evening,Set2,Draw1,4,col4,Evening|Set2|Draw1|col4,C,own,1,2,2,1,4,2,5507*,5,4,False,3,4,29,5
Ohio4,LS1,Evening,Set2,Draw1,4,col4,Evening|Set2|Draw1|col4,C,own,1,2,2,1,4,3,550*,4,3,True,3,4,29,5
Ohio4,LS1,Evening,Set2,Draw1,4,col4,Evening|Set2|Draw1|col4,C,own,1,2,2,1,4,4,*,1,1,True,3,4,29,5
Ohio4,LS1,Evening,Set2,Draw1,4,col4,Evening|Set2|Draw1|col4,C,combined,1,2,2,1,4,0,55940887*,9,7,False,2,4,57,5
Ohio4,LS1,Evening,Set2,Draw1,4,col4,Evening|Set2|Draw1|col4,C,combined,1,2,2,1,4,1,559407*,7,6,False,2,4,57,5
Ohio4,LS1,Evening,Set2,Draw1,4,col4,Evening|Set2|Draw1|col4,C,combined,1,2,2,1,4,2,7*,2,2,True,2,4,57,5
Ohio4,LS1,Evening,Set2,Draw1,4,col4,Evening|Set2|Draw1|col4,C,combined,1,2,2,1,4,3,7*,2,2,True,2,4,57,5
Ohio4,LS1,Evening,Set2,Draw1,4,col4,Evening|Set2|Draw1|col4,C,combined,1,2,2,1,4,4,*,1,1,True,2,4,57,5
Ohio4,LS1,Evening,Set2,Draw1,4,col4,Evening|Set2|Draw1|col4,D,own,1,2,2,1,4,0,55940887*,9,7,False,3,4,29,5
Ohio4,LS1,Evening,Set2,Draw1,4,col4,Evening|Set2|Draw1|col4,D,own,1,2,2,1,4,1,559407*,7,6,False,3,4,29,5
Ohio4,LS1,Evening,Set2,Draw1,4,col4,Evening|Set2|Draw1|col4,D,own,1,2,2,1,4,2,5507*,5,4,False,3,4,29,5
Ohio4,LS1,Evening,Set2,Draw1,4,col4,Evening|Set2|Draw1|col4,D,own,1,2,2,1,4,3,550*,4,3,True,3,4,29,5
Ohio4,LS1,Evening,Set2,Draw1,4,col4,Evening|Set2|Draw1|col4,D,own,1,2,2,1,4,4,*,1,1,True,3,4,29,5
Ohio4,LS1,Evening,Set2,Draw1,4,col4,Evening|Set2|Draw1|col4,D,combined,1,2,2,1,4,0,55940887*,9,7,False,2,4,57,5
Ohio4,LS1,Evening,Set2,Draw1,4,col4,Evening|Set2|Draw1|col4,D,combined,1,2,2,1,4,1,559407*,7,6,False,2,4,57,5
Ohio4,LS1,Evening,Set2,Draw1,4,col4,Evening|Set2|Draw1|col4,D,combined,1,2,2,1,4,2,57*,3,3,True,2,4,57,5
Ohio4,LS1,Evening,Set2,Draw1,4,col4,Evening|Set2|Draw1|col4,D,combined,1,2,2,1,4,3,57*,3,3,True,2,4,57,5
Ohio4,LS1,Evening,Set2,Draw1,4,col4,Evening|Set2|Draw1|col4,D,combined,1,2,2,1,4,4,*,1,1,True,2,4,57,5
Ohio4,LS1,Evening,Set2,Draw1,4,col4,Evening|Set2|Draw1|col4,E,own,1,2,2,1,4,0,55940887*,9,7,False,3,11,29,9
Ohio4,LS1,Evening,Set2,Draw1,4,col4,Evening|Set2|Draw1|col4,E,own,1,2,2,1,4,1,559407*,7,6,False,3,11,29,9
Ohio4,LS1,Evening,Set2,Draw1,4,col4,Evening|Set2|Draw1|col4,E,own,1,2,2,1,4,2,5507*,5,4,False,3,11,29,9
Ohio4,LS1,Evening,Set2,Draw1,4,col4,Evening|Set2|Draw1|col4,E,own,1,2,2,1,4,3,550*,4,3,True,3,11,29,9
Ohio4,LS1,Evening,Set2,Draw1,4,col4,Evening|Set2|Draw1|col4,E,own,1,2,2,1,4,4,50*,3,3,True,3,11,29,9
Ohio4,LS1,Evening,Set2,Draw1,4,col4,Evening|Set2|Draw1|col4,E,own,1,2,2,1,4,5,50*,3,3,True,3,11,29,9
Ohio4,LS1,Evening,Set2,Draw1,4,col4,Evening|Set2|Draw1|col4,E,own,1,2,2,1,4,6,5*,2,2,True,3,11,29,9
Ohio4,LS1,Evening,Set2,Draw1,4,col4,Evening|Set2|Draw1|col4,E,own,1,2,2,1,4,7,5*,2,2,True,3,11,29,9
Ohio4,LS1,Evening,Set2,Draw1,4,col4,Evening|Set2|Draw1|col4,E,own,1,2,2,1,4,11,*,1,1,True,3,11,29,9
Ohio4,LS1,Evening,Set2,Draw1,4,col4,Evening|Set2|Draw1|col4,E,combined,1,2,2,1,4,0,55940887*,9,7,False,3,7,57,7
Ohio4,LS1,Evening,Set2,Draw1,4,col4,Evening|Set2|Draw1|col4,E,combined,1,2,2,1,4,1,559407*,7,6,False,3,7,57,7
Ohio4,LS1,Evening,Set2,Draw1,4,col4,Evening|Set2|Draw1|col4,E,combined,1,2,2,1,4,2,5547*,5,4,False,3,7,57,7
Ohio4,LS1,Evening,Set2,Draw1,4,col4,Evening|Set2|Draw1|col4,E,combined,1,2,2,1,4,3,557*,4,3,True,3,7,57,7
Ohio4,LS1,Evening,Set2,Draw1,4,col4,Evening|Set2|Draw1|col4,E,combined,1,2,2,1,4,4,5*,2,2,True,3,7,57,7
Ohio4,LS1,Evening,Set2,Draw1,4,col4,Evening|Set2|Draw1|col4,E,combined,1,2,2,1,4,5,5*,2,2,True,3,7,57,7
Ohio4,LS1,Evening,Set2,Draw1,4,col4,Evening|Set2|Draw1|col4,E,combined,1,2,2,1,4,7,*,1,1,True,3,7,57,7
Ohio4,LS1,Evening,Set2,Draw1,4,col4,Evening|Set2|Draw1|col4,T,own,1,2,2,1,4,0,55940887*,9,7,False,3,6,29,7
Ohio4,LS1,Evening,Set2,Draw1,4,col4,Evening|Set2|Draw1|col4,T,own,1,2,2,1,4,1,559407*,7,6,False,3,6,29,7
Ohio4,LS1,Evening,Set2,Draw1,4,col4,Evening|Set2|Draw1|col4,T,own,1,2,2,1,4,2,5507*,5,4,False,3,6,29,7
Ohio4,LS1,Evening,Set2,Draw1,4,col4,Evening|Set2|Draw1|col4,T,own,1,2,2,1,4,3,550*,4,3,True,3,6,29,7
Ohio4,LS1,Evening,Set2,Draw1,4,col4,Evening|Set2|Draw1|col4,T,own,1,2,2,1,4,4,0*,2,2,True,3,6,29,7
Ohio4,LS1,Evening,Set2,Draw1,4,col4,Evening|Set2|Draw1|col4,T,own,1,2,2,1,4,5,0*,2,2,True,3,6,29,7
Ohio4,LS1,Evening,Set2,Draw1,4,col4,Evening|Set2|Draw1|col4,T,own,1,2,2,1,4,6,*,1,1,True,3,6,29,7
Ohio4,LS1,Evening,Set2,Draw1,4,col4,Evening|Set2|Draw1|col4,T,combined,1,2,2,1,4,0,55940887*,9,7,False,2,5,57,6
Ohio4,LS1,Evening,Set2,Draw1,4,col4,Evening|Set2|Draw1|col4,T,combined,1,2,2,1,4,1,559407*,7,6,False,2,5,57,6
Ohio4,LS1,Evening,Set2,Draw1,4,col4,Evening|Set2|Draw1|col4,T,combined,1,2,2,1,4,2,47*,3,3,True,2,5,57,6
Ohio4,LS1,Evening,Set2,Draw1,4,col4,Evening|Set2|Draw1|col4,T,combined,1,2,2,1,4,3,47*,3,3,True,2,5,57,6
Ohio4,LS1,Evening,Set2,Draw1,4,col4,Evening|Set2|Draw1|col4,T,combined,1,2,2,1,4,4,4*,2,2,True,2,5,57,6
Ohio4,LS1,Evening,Set2,Draw1,4,col4,Evening|Set2|Draw1|col4,T,combined,1,2,2,1,4,5,*,1,1,True,2,5,57,6
Ohio4,LS1,Evening,Set2,Draw1,2,col2,Evening|Set2|Draw1|col2,A,own,1,2,2,1,2,0,59088*,6,5,False,2,6,29,7
Ohio4,LS1,Evening,Set2,Draw1,2,col2,Evening|Set2|Draw1|col2,A,own,1,2,2,1,2,1,590*,4,4,False,2,6,29,7
Ohio4,LS1,Evening,Set2,Draw1,2,col2,Evening|Set2|Draw1|col2,A,own,1,2,2,1,2,2,50*,3,3,True,2,6,29,7
Ohio4,LS1,Evening,Set2,Draw1,2,col2,Evening|Set2|Draw1|col2,A,own,1,2,2,1,2,3,50*,3,3,True,2,6,29,7
Ohio4,LS1,Evening,Set2,Draw1,2,col2,Evening|Set2|Draw1|col2,A,own,1,2,2,1,2,4,0*,2,2,True,2,6,29,7
Ohio4,LS1,Evening,Set2,Draw1,2,col2,Evening|Set2|Draw1|col2,A,own,1,2,2,1,2,5,0*,2,2,True,2,6,29,7
Ohio4,LS1,Evening,Set2,Draw1,2,col2,Evening|Set2|Draw1|col2,A,own,1,2,2,1,2,6,*,1,1,True,2,6,29,7
Ohio4,LS1,Evening,Set2,Draw1,2,col2,Evening|Set2|Draw1|col2,A,combined,1,2,2,1,2,0,59088*,6,5,False,2,7,57,5
Ohio4,LS1,Evening,Set2,Draw1,2,col2,Evening|Set2|Draw1|col2,A,combined,1,2,2,1,2,1,590*,4,4,False,2,7,57,5
Ohio4,LS1,Evening,Set2,Draw1,2,col2,Evening|Set2|Draw1|col2,A,combined,1,2,2,1,2,2,5*,2,2,True,2,7,57,5
Ohio4,LS1,Evening,Set2,Draw1,2,col2,Evening|Set2|Draw1|col2,A,combined,1,2,2,1,2,3,5*,2,2,True,2,7,57,5
Ohio4,LS1,Evening,Set2,Draw1,2,col2,Evening|Set2|Draw1|col2,A,combined,1,2,2,1,2,7,*,1,1,True,2,7,57,5
Ohio4,LS1,Evening,Set2,Draw1,2,col2,Evening|Set2|Draw1|col2,B,own,1,2,2,1,2,0,59088*,6,5,False,2,6,29,7
Ohio4,LS1,Evening,Set2,Draw1,2,col2,Evening|Set2|Draw1|col2,B,own,1,2,2,1,2,1,590*,4,4,False,2,6,29,7
Ohio4,LS1,Evening,Set2,Draw1,2,col2,Evening|Set2|Draw1|col2,B,own,1,2,2,1,2,2,50*,3,3,True,2,6,29,7
Ohio4,LS1,Evening,Set2,Draw1,2,col2,Evening|Set2|Draw1|col2,B,own,1,2,2,1,2,3,50*,3,3,True,2,6,29,7
Ohio4,LS1,Evening,Set2,Draw1,2,col2,Evening|Set2|Draw1|col2,B,own,1,2,2,1,2,4,0*,2,2,True,2,6,29,7
Ohio4,LS1,Evening,Set2,Draw1,2,col2,Evening|Set2|Draw1|col2,B,own,1,2,2,1,2,5,0*,2,2,True,2,6,29,7
Ohio4,LS1,Evening,Set2,Draw1,2,col2,Evening|Set2|Draw1|col2,B,own,1,2,2,1,2,6,*,1,1,True,2,6,29,7
Ohio4,LS1,Evening,Set2,Draw1,2,col2,Evening|Set2|Draw1|col2,B,combined,1,2,2,1,2,0,59088*,6,5,False,2,4,57,5
Ohio4,LS1,Evening,Set2,Draw1,2,col2,Evening|Set2|Draw1|col2,B,combined,1,2,2,1,2,1,590*,4,4,False,2,4,57,5
Ohio4,LS1,Evening,Set2,Draw1,2,col2,Evening|Set2|Draw1|col2,B,combined,1,2,2,1,2,2,5*,2,2,True,2,4,57,5
Ohio4,LS1,Evening,Set2,Draw1,2,col2,Evening|Set2|Draw1|col2,B,combined,1,2,2,1,2,3,5*,2,2,True,2,4,57,5
Ohio4,LS1,Evening,Set2,Draw1,2,col2,Evening|Set2|Draw1|col2,B,combined,1,2,2,1,2,4,*,1,1,True,2,4,57,5
Ohio4,LS1,Evening,Set2,Draw1,2,col2,Evening|Set2|Draw1|col2,C,own,1,2,2,1,2,0,59088*,6,5,False,2,4,29,5
Ohio4,LS1,Evening,Set2,Draw1,2,col2,Evening|Set2|Draw1|col2,C,own,1,2,2,1,2,1,590*,4,4,False,2,4,29,5
Ohio4,LS1,Evening,Set2,Draw1,2,col2,Evening|Set2|Draw1|col2,C,own,1,2,2,1,2,2,50*,3,3,True,2,4,29,5
Ohio4,LS1,Evening,Set2,Draw1,2,col2,Evening|Set2|Draw1|col2,C,own,1,2,2,1,2,3,50*,3,3,True,2,4,29,5
Ohio4,LS1,Evening,Set2,Draw1,2,col2,Evening|Set2|Draw1|col2,C,own,1,2,2,1,2,4,*,1,1,True,2,4,29,5
Ohio4,LS1,Evening,Set2,Draw1,2,col2,Evening|Set2|Draw1|col2,C,combined,1,2,2,1,2,0,59088*,6,5,False,2,2,57,3
Ohio4,LS1,Evening,Set2,Draw1,2,col2,Evening|Set2|Draw1|col2,C,combined,1,2,2,1,2,1,590*,4,4,False,2,2,57,3
Ohio4,LS1,Evening,Set2,Draw1,2,col2,Evening|Set2|Draw1|col2,C,combined,1,2,2,1,2,2,*,1,1,True,2,2,57,3
Ohio4,LS1,Evening,Set2,Draw1,2,col2,Evening|Set2|Draw1|col2,D,own,1,2,2,1,2,0,59088*,6,5,False,2,4,29,5
Ohio4,LS1,Evening,Set2,Draw1,2,col2,Evening|Set2|Draw1|col2,D,own,1,2,2,1,2,1,590*,4,4,False,2,4,29,5
Ohio4,LS1,Evening,Set2,Draw1,2,col2,Evening|Set2|Draw1|col2,D,own,1,2,2,1,2,2,50*,3,3,True,2,4,29,5
Ohio4,LS1,Evening,Set2,Draw1,2,col2,Evening|Set2|Draw1|col2,D,own,1,2,2,1,2,3,50*,3,3,True,2,4,29,5
Ohio4,LS1,Evening,Set2,Draw1,2,col2,Evening|Set2|Draw1|col2,D,own,1,2,2,1,2,4,*,1,1,True,2,4,29,5
Ohio4,LS1,Evening,Set2,Draw1,2,col2,Evening|Set2|Draw1|col2,D,combined,1,2,2,1,2,0,59088*,6,5,False,2,2,57,3
Ohio4,LS1,Evening,Set2,Draw1,2,col2,Evening|Set2|Draw1|col2,D,combined,1,2,2,1,2,1,590*,4,4,False,2,2,57,3
Ohio4,LS1,Evening,Set2,Draw1,2,col2,Evening|Set2|Draw1|col2,D,combined,1,2,2,1,2,2,*,1,1,True,2,2,57,3
Ohio4,LS1,Evening,Set2,Draw1,2,col2,Evening|Set2|Draw1|col2,E,own,1,2,2,1,2,0,59088*,6,5,False,2,6,29,7
Ohio4,LS1,Evening,Set2,Draw1,2,col2,Evening|Set2|Draw1|col2,E,own,1,2,2,1,2,1,590*,4,4,False,2,6,29,7
Ohio4,LS1,Evening,Set2,Draw1,2,col2,Evening|Set2|Draw1|col2,E,own,1,2,2,1,2,2,50*,3,3,True,2,6,29,7
Ohio4,LS1,Evening,Set2,Draw1,2,col2,Evening|Set2|Draw1|col2,E,own,1,2,2,1,2,3,50*,3,3,True,2,6,29,7
Ohio4,LS1,Evening,Set2,Draw1,2,col2,Evening|Set2|Draw1|col2,E,own,1,2,2,1,2,4,0*,2,2,True,2,6,29,7
Ohio4,LS1,Evening,Set2,Draw1,2,col2,Evening|Set2|Draw1|col2,E,own,1,2,2,1,2,5,0*,2,2,True,2,6,29,7
Ohio4,LS1,Evening,Set2,Draw1,2,col2,Evening|Set2|Draw1|col2,E,own,1,2,2,1,2,6,*,1,1,True,2,6,29,7
Ohio4,LS1,Evening,Set2,Draw1,2,col2,Evening|Set2|Draw1|col2,E,combined,1,2,2,1,2,0,59088*,6,5,False,2,4,57,5
Ohio4,LS1,Evening,Set2,Draw1,2,col2,Evening|Set2|Draw1|col2,E,combined,1,2,2,1,2,1,590*,4,4,False,2,4,57,5
Ohio4,LS1,Evening,Set2,Draw1,2,col2,Evening|Set2|Draw1|col2,E,combined,1,2,2,1,2,2,5*,2,2,True,2,4,57,5
Ohio4,LS1,Evening,Set2,Draw1,2,col2,Evening|Set2|Draw1|col2,E,combined,1,2,2,1,2,3,5*,2,2,True,2,4,57,5
Ohio4,LS1,Evening,Set2,Draw1,2,col2,Evening|Set2|Draw1|col2,E,combined,1,2,2,1,2,4,*,1,1,True,2,4,57,5
Ohio4,LS1,Evening,Set2,Draw1,2,col2,Evening|Set2|Draw1|col2,T,own,1,2,2,1,2,0,59088*,6,5,False,2,6,29,7
Ohio4,LS1,Evening,Set2,Draw1,2,col2,Evening|Set2|Draw1|col2,T,own,1,2,2,1,2,1,590*,4,4,False,2,6,29,7
Ohio4,LS1,Evening,Set2,Draw1,2,col2,Evening|Set2|Draw1|col2,T,own,1,2,2,1,2,2,50*,3,3,True,2,6,29,7
Ohio4,LS1,Evening,Set2,Draw1,2,col2,Evening|Set2|Draw1|col2,T,own,1,2,2,1,2,3,50*,3,3,True,2,6,29,7
Ohio4,LS1,Evening,Set2,Draw1,2,col2,Evening|Set2|Draw1|col2,T,own,1,2,2,1,2,4,0*,2,2,True,2,6,29,7
Ohio4,LS1,Evening,Set2,Draw1,2,col2,Evening|Set2|Draw1|col2,T,own,1,2,2,1,2,5,0*,2,2,True,2,6,29,7
Ohio4,LS1,Evening,Set2,Draw1,2,col2,Evening|Set2|Draw1|col2,T,own,1,2,2,1,2,6,*,1,1,True,2,6,29,7
Ohio4,LS1,Evening,Set2,Draw1,2,col2,Evening|Set2|Draw1|col2,T,combined,1,2,2,1,2,0,59088*,6,5,False,2,7,57,5
Ohio4,LS1,Evening,Set2,Draw1,2,col2,Evening|Set2|Draw1|col2,T,combined,1,2,2,1,2,1,590*,4,4,False,2,7,57,5
Ohio4,LS1,Evening,Set2,Draw1,2,col2,Evening|Set2|Draw1|col2,T,combined,1,2,2,1,2,2,5*,2,2,True,2,7,57,5
Ohio4,LS1,Evening,Set2,Draw1,2,col2,Evening|Set2|Draw1|col2,T,combined,1,2,2,1,2,3,5*,2,2,True,2,7,57,5
Ohio4,LS1,Evening,Set2,Draw1,2,col2,Evening|Set2|Draw1|col2,T,combined,1,2,2,1,2,7,*,1,1,True,2,7,57,5
Ohio4,LS1,Evening,Set2,Draw1,3,col3,Evening|Set2|Draw1|col3,A,own,1,2,2,1,3,0,59088*,6,5,False,2,6,29,7
Ohio4,LS1,Evening,Set2,Draw1,3,col3,Evening|Set2|Draw1|col3,A,own,1,2,2,1,3,1,590*,4,4,False,2,6,29,7
Ohio4,LS1,Evening,Set2,Draw1,3,col3,Evening|Set2|Draw1|col3,A,own,1,2,2,1,3,2,50*,3,3,True,2,6,29,7
Ohio4,LS1,Evening,Set2,Draw1,3,col3,Evening|Set2|Draw1|col3,A,own,1,2,2,1,3,3,50*,3,3,True,2,6,29,7
Ohio4,LS1,Evening,Set2,Draw1,3,col3,Evening|Set2|Draw1|col3,A,own,1,2,2,1,3,4,0*,2,2,True,2,6,29,7
Ohio4,LS1,Evening,Set2,Draw1,3,col3,Evening|Set2|Draw1|col3,A,own,1,2,2,1,3,5,0*,2,2,True,2,6,29,7
Ohio4,LS1,Evening,Set2,Draw1,3,col3,Evening|Set2|Draw1|col3,A,own,1,2,2,1,3,6,*,1,1,True,2,6,29,7
Ohio4,LS1,Evening,Set2,Draw1,3,col3,Evening|Set2|Draw1|col3,A,combined,1,2,2,1,3,0,59088*,6,5,False,2,7,57,5
Ohio4,LS1,Evening,Set2,Draw1,3,col3,Evening|Set2|Draw1|col3,A,combined,1,2,2,1,3,1,590*,4,4,False,2,7,57,5
Ohio4,LS1,Evening,Set2,Draw1,3,col3,Evening|Set2|Draw1|col3,A,combined,1,2,2,1,3,2,5*,2,2,True,2,7,57,5
Ohio4,LS1,Evening,Set2,Draw1,3,col3,Evening|Set2|Draw1|col3,A,combined,1,2,2,1,3,3,5*,2,2,True,2,7,57,5
Ohio4,LS1,Evening,Set2,Draw1,3,col3,Evening|Set2|Draw1|col3,A,combined,1,2,2,1,3,7,*,1,1,True,2,7,57,5
Ohio4,LS1,Evening,Set2,Draw1,3,col3,Evening|Set2|Draw1|col3,B,own,1,2,2,1,3,0,59088*,6,5,False,2,6,29,7
Ohio4,LS1,Evening,Set2,Draw1,3,col3,Evening|Set2|Draw1|col3,B,own,1,2,2,1,3,1,590*,4,4,False,2,6,29,7
Ohio4,LS1,Evening,Set2,Draw1,3,col3,Evening|Set2|Draw1|col3,B,own,1,2,2,1,3,2,50*,3,3,True,2,6,29,7
Ohio4,LS1,Evening,Set2,Draw1,3,col3,Evening|Set2|Draw1|col3,B,own,1,2,2,1,3,3,50*,3,3,True,2,6,29,7
Ohio4,LS1,Evening,Set2,Draw1,3,col3,Evening|Set2|Draw1|col3,B,own,1,2,2,1,3,4,0*,2,2,True,2,6,29,7
Ohio4,LS1,Evening,Set2,Draw1,3,col3,Evening|Set2|Draw1|col3,B,own,1,2,2,1,3,5,0*,2,2,True,2,6,29,7
Ohio4,LS1,Evening,Set2,Draw1,3,col3,Evening|Set2|Draw1|col3,B,own,1,2,2,1,3,6,*,1,1,True,2,6,29,7
Ohio4,LS1,Evening,Set2,Draw1,3,col3,Evening|Set2|Draw1|col3,B,combined,1,2,2,1,3,0,59088*,6,5,False,2,4,57,5
Ohio4,LS1,Evening,Set2,Draw1,3,col3,Evening|Set2|Draw1|col3,B,combined,1,2,2,1,3,1,590*,4,4,False,2,4,57,5
Ohio4,LS1,Evening,Set2,Draw1,3,col3,Evening|Set2|Draw1|col3,B,combined,1,2,2,1,3,2,5*,2,2,True,2,4,57,5
Ohio4,LS1,Evening,Set2,Draw1,3,col3,Evening|Set2|Draw1|col3,B,combined,1,2,2,1,3,3,5*,2,2,True,2,4,57,5
Ohio4,LS1,Evening,Set2,Draw1,3,col3,Evening|Set2|Draw1|col3,B,combined,1,2,2,1,3,4,*,1,1,True,2,4,57,5
Ohio4,LS1,Evening,Set2,Draw1,3,col3,Evening|Set2|Draw1|col3,C,own,1,2,2,1,3,0,59088*,6,5,False,2,4,29,5
Ohio4,LS1,Evening,Set2,Draw1,3,col3,Evening|Set2|Draw1|col3,C,own,1,2,2,1,3,1,590*,4,4,False,2,4,29,5
Ohio4,LS1,Evening,Set2,Draw1,3,col3,Evening|Set2|Draw1|col3,C,own,1,2,2,1,3,2,50*,3,3,True,2,4,29,5
Ohio4,LS1,Evening,Set2,Draw1,3,col3,Evening|Set2|Draw1|col3,C,own,1,2,2,1,3,3,50*,3,3,True,2,4,29,5
Ohio4,LS1,Evening,Set2,Draw1,3,col3,Evening|Set2|Draw1|col3,C,own,1,2,2,1,3,4,*,1,1,True,2,4,29,5
Ohio4,LS1,Evening,Set2,Draw1,3,col3,Evening|Set2|Draw1|col3,C,combined,1,2,2,1,3,0,59088*,6,5,False,2,2,57,3
Ohio4,LS1,Evening,Set2,Draw1,3,col3,Evening|Set2|Draw1|col3,C,combined,1,2,2,1,3,1,590*,4,4,False,2,2,57,3
Ohio4,LS1,Evening,Set2,Draw1,3,col3,Evening|Set2|Draw1|col3,C,combined,1,2,2,1,3,2,*,1,1,True,2,2,57,3
Ohio4,LS1,Evening,Set2,Draw1,3,col3,Evening|Set2|Draw1|col3,D,own,1,2,2,1,3,0,59088*,6,5,False,2,4,29,5
Ohio4,LS1,Evening,Set2,Draw1,3,col3,Evening|Set2|Draw1|col3,D,own,1,2,2,1,3,1,590*,4,4,False,2,4,29,5
Ohio4,LS1,Evening,Set2,Draw1,3,col3,Evening|Set2|Draw1|col3,D,own,1,2,2,1,3,2,50*,3,3,True,2,4,29,5
Ohio4,LS1,Evening,Set2,Draw1,3,col3,Evening|Set2|Draw1|col3,D,own,1,2,2,1,3,3,50*,3,3,True,2,4,29,5
Ohio4,LS1,Evening,Set2,Draw1,3,col3,Evening|Set2|Draw1|col3,D,own,1,2,2,1,3,4,*,1,1,True,2,4,29,5
Ohio4,LS1,Evening,Set2,Draw1,3,col3,Evening|Set2|Draw1|col3,D,combined,1,2,2,1,3,0,59088*,6,5,False,2,2,57,3
Ohio4,LS1,Evening,Set2,Draw1,3,col3,Evening|Set2|Draw1|col3,D,combined,1,2,2,1,3,1,590*,4,4,False,2,2,57,3
Ohio4,LS1,Evening,Set2,Draw1,3,col3,Evening|Set2|Draw1|col3,D,combined,1,2,2,1,3,2,*,1,1,True,2,2,57,3
Ohio4,LS1,Evening,Set2,Draw1,3,col3,Evening|Set2|Draw1|col3,E,own,1,2,2,1,3,0,59088*,6,5,False,2,6,29,7
Ohio4,LS1,Evening,Set2,Draw1,3,col3,Evening|Set2|Draw1|col3,E,own,1,2,2,1,3,1,590*,4,4,False,2,6,29,7
Ohio4,LS1,Evening,Set2,Draw1,3,col3,Evening|Set2|Draw1|col3,E,own,1,2,2,1,3,2,50*,3,3,True,2,6,29,7
Ohio4,LS1,Evening,Set2,Draw1,3,col3,Evening|Set2|Draw1|col3,E,own,1,2,2,1,3,3,50*,3,3,True,2,6,29,7
Ohio4,LS1,Evening,Set2,Draw1,3,col3,Evening|Set2|Draw1|col3,E,own,1,2,2,1,3,4,0*,2,2,True,2,6,29,7
Ohio4,LS1,Evening,Set2,Draw1,3,col3,Evening|Set2|Draw1|col3,E,own,1,2,2,1,3,5,0*,2,2,True,2,6,29,7
Ohio4,LS1,Evening,Set2,Draw1,3,col3,Evening|Set2|Draw1|col3,E,own,1,2,2,1,3,6,*,1,1,True,2,6,29,7
Ohio4,LS1,Evening,Set2,Draw1,3,col3,Evening|Set2|Draw1|col3,E,combined,1,2,2,1,3,0,59088*,6,5,False,2,4,57,5
Ohio4,LS1,Evening,Set2,Draw1,3,col3,Evening|Set2|Draw1|col3,E,combined,1,2,2,1,3,1,590*,4,4,False,2,4,57,5
Ohio4,LS1,Evening,Set2,Draw1,3,col3,Evening|Set2|Draw1|col3,E,combined,1,2,2,1,3,2,5*,2,2,True,2,4,57,5
Ohio4,LS1,Evening,Set2,Draw1,3,col3,Evening|Set2|Draw1|col3,E,combined,1,2,2,1,3,3,5*,2,2,True,2,4,57,5
Ohio4,LS1,Evening,Set2,Draw1,3,col3,Evening|Set2|Draw1|col3,E,combined,1,2,2,1,3,4,*,1,1,True,2,4,57,5
Ohio4,LS1,Evening,Set2,Draw1,3,col3,Evening|Set2|Draw1|col3,T,own,1,2,2,1,3,0,59088*,6,5,False,2,6,29,7
Ohio4,LS1,Evening,Set2,Draw1,3,col3,Evening|Set2|Draw1|col3,T,own,1,2,2,1,3,1,590*,4,4,False,2,6,29,7
Ohio4,LS1,Evening,Set2,Draw1,3,col3,Evening|Set2|Draw1|col3,T,own,1,2,2,1,3,2,50*,3,3,True,2,6,29,7
Ohio4,LS1,Evening,Set2,Draw1,3,col3,Evening|Set2|Draw1|col3,T,own,1,2,2,1,3,3,50*,3,3,True,2,6,29,7
Ohio4,LS1,Evening,Set2,Draw1,3,col3,Evening|Set2|Draw1|col3,T,own,1,2,2,1,3,4,0*,2,2,True,2,6,29,7
Ohio4,LS1,Evening,Set2,Draw1,3,col3,Evening|Set2|Draw1|col3,T,own,1,2,2,1,3,5,0*,2,2,True,2,6,29,7
Ohio4,LS1,Evening,Set2,Draw1,3,col3,Evening|Set2|Draw1|col3,T,own,1,2,2,1,3,6,*,1,1,True,2,6,29,7
Ohio4,LS1,Evening,Set2,Draw1,3,col3,Evening|Set2|Draw1|col3,T,combined,1,2,2,1,3,0,59088*,6,5,False,2,7,57,5
Ohio4,LS1,Evening,Set2,Draw1,3,col3,Evening|Set2|Draw1|col3,T,combined,1,2,2,1,3,1,590*,4,4,False,2,7,57,5
Ohio4,LS1,Evening,Set2,Draw1,3,col3,Evening|Set2|Draw1|col3,T,combined,1,2,2,1,3,2,5*,2,2,True,2,7,57,5
Ohio4,LS1,Evening,Set2,Draw1,3,col3,Evening|Set2|Draw1|col3,T,combined,1,2,2,1,3,3,5*,2,2,True,2,7,57,5
Ohio4,LS1,Evening,Set2,Draw1,3,col3,Evening|Set2|Draw1|col3,T,combined,1,2,2,1,3,7,*,1,1,True,2,7,57,5
Ohio4,LS1,Evening,Set1,Draw1,7,col7,Evening|Set1|Draw1|col7,A,own,1,2,1,1,7,0,5599440011887,13,7,False,3,6,7,7
Ohio4,LS1,Evening,Set1,Draw1,7,col7,Evening|Set1|Draw1|col7,A,own,1,2,1,1,7,1,55994400117,11,6,False,3,6,7,7
Ohio4,LS1,Evening,Set1,Draw1,7,col7,Evening|Set1|Draw1|col7,A,own,1,2,1,1,7,2,554400117,9,5,False,3,6,7,7
Ohio4,LS1,Evening,Set1,Draw1,7,col7,Evening|Set1|Draw1|col7,A,own,1,2,1,1,7,3,55007,5,3,True,3,6,7,7
Ohio4,LS1,Evening,Set1,Draw1,7,col7,Evening|Set1|Draw1|col7,A,own,1,2,1,1,7,4,00,2,1,True,3,6,7,7
Ohio4,LS1,Evening,Set1,Draw1,7,col7,Evening|Set1|Draw1|col7,A,own,1,2,1,1,7,5,00,2,1,True,3,6,7,7
Ohio4,LS1,Evening,Set1,Draw1,7,col7,Evening|Set1|Draw1|col7,A,own,1,2,1,1,7,6,,0,0,False,3,6,7,7
Ohio4,LS1,Evening,Set1,Draw1,7,col7,Evening|Set1|Draw1|col7,A,combined,1,2,1,1,7,0,5599440011887,13,7,False,4,7,8,8
Ohio4,LS1,Evening,Set1,Draw1,7,col7,Evening|Set1|Draw1|col7,A,combined,1,2,1,1,7,1,55994400117,11,6,False,4,7,8,8
Ohio4,LS1,Evening,Set1,Draw1,7,col7,Evening|Set1|Draw1|col7,A,combined,1,2,1,1,7,2,5544117,7,4,False,4,7,8,8
Ohio4,LS1,Evening,Set1,Draw1,7,col7,Evening|Set1|Draw1|col7,A,combined,1,2,1,1,7,3,5544117,7,4,False,4,7,8,8
Ohio4,LS1,Evening,Set1,Draw1,7,col7,Evening|Set1|Draw1|col7,A,combined,1,2,1,1,7,4,554411,6,3,True,4,7,8,8
Ohio4,LS1,Evening,Set1,Draw1,7,col7,Evening|Set1|Draw1|col7,A,combined,1,2,1,1,7,5,55,2,1,True,4,7,8,8
Ohio4,LS1,Evening,Set1,Draw1,7,col7,Evening|Set1|Draw1|col7,A,combined,1,2,1,1,7,6,55,2,1,True,4,7,8,8
Ohio4,LS1,Evening,Set1,Draw1,7,col7,Evening|Set1|Draw1|col7,A,combined,1,2,1,1,7,7,,0,0,False,4,7,8,8
Ohio4,LS1,Evening,Set1,Draw1,7,col7,Evening|Set1|Draw1|col7,B,own,1,2,1,1,7,0,5599440011887,13,7,False,2,6,7,7
Ohio4,LS1,Evening,Set1,Draw1,7,col7,Evening|Set1|Draw1|col7,B,own,1,2,1,1,7,1,559944007,9,5,False,2,6,7,7
Ohio4,LS1,Evening,Set1,Draw1,7,col7,Evening|Set1|Draw1|col7,B,own,1,2,1,1,7,2,55007,5,3,True,2,6,7,7
Ohio4,LS1,Evening,Set1,Draw1,7,col7,Evening|Set1|Draw1|col7,B,own,1,2,1,1,7,3,5500,4,2,True,2,6,7,7
Ohio4,LS1,Evening,Set1,Draw1,7,col7,Evening|Set1|Draw1|col7,B,own,1,2,1,1,7,4,00,2,1,True,2,6,7,7
Ohio4,LS1,Evening,Set1,Draw1,7,col7,Evening|Set1|Draw1|col7,B,own,1,2,1,1,7,5,00,2,1,True,2,6,7,7
Ohio4,LS1,Evening,Set1,Draw1,7,col7,Evening|Set1|Draw1|col7,B,own,1,2,1,1,7,6,,0,0,False,2,6,7,7
Ohio4,LS1,Evening,Set1,Draw1,7,col7,Evening|Set1|Draw1|col7,B,combined,1,2,1,1,7,0,5599440011887,13,7,False,2,4,5,5
Ohio4,LS1,Evening,Set1,Draw1,7,col7,Evening|Set1|Draw1|col7,B,combined,1,2,1,1,7,1,559944007,9,5,False,2,4,5,5
Ohio4,LS1,Evening,Set1,Draw1,7,col7,Evening|Set1|Draw1|col7,B,combined,1,2,1,1,7,2,55447,5,3,True,2,4,5,5
Ohio4,LS1,Evening,Set1,Draw1,7,col7,Evening|Set1|Draw1|col7,B,combined,1,2,1,1,7,3,557,3,2,True,2,4,5,5
Ohio4,LS1,Evening,Set1,Draw1,7,col7,Evening|Set1|Draw1|col7,B,combined,1,2,1,1,7,4,,0,0,False,2,4,5,5
Ohio4,LS1,Evening,Set1,Draw1,7,col7,Evening|Set1|Draw1|col7,C,own,1,2,1,1,7,0,5599440011887,13,7,False,2,4,5,5
Ohio4,LS1,Evening,Set1,Draw1,7,col7,Evening|Set1|Draw1|col7,C,own,1,2,1,1,7,1,559944007,9,5,False,2,4,5,5
Ohio4,LS1,Evening,Set1,Draw1,7,col7,Evening|Set1|Draw1|col7,C,own,1,2,1,1,7,2,55007,5,3,True,2,4,5,5
Ohio4,LS1,Evening,Set1,Draw1,7,col7,Evening|Set1|Draw1|col7,C,own,1,2,1,1,7,3,5500,4,2,True,2,4,5,5
Ohio4,LS1,Evening,Set1,Draw1,7,col7,Evening|Set1|Draw1|col7,C,own,1,2,1,1,7,4,,0,0,False,2,4,5,5
Ohio4,LS1,Evening,Set1,Draw1,7,col7,Evening|Set1|Draw1|col7,C,combined,1,2,1,1,7,0,5599440011887,13,7,False,2,4,5,5
Ohio4,LS1,Evening,Set1,Draw1,7,col7,Evening|Set1|Draw1|col7,C,combined,1,2,1,1,7,1,559944007,9,5,False,2,4,5,5
Ohio4,LS1,Evening,Set1,Draw1,7,col7,Evening|Set1|Draw1|col7,C,combined,1,2,1,1,7,2,7,1,1,True,2,4,5,5
Ohio4,LS1,Evening,Set1,Draw1,7,col7,Evening|Set1|Draw1|col7,C,combined,1,2,1,1,7,3,7,1,1,True,2,4,5,5
Ohio4,LS1,Evening,Set1,Draw1,7,col7,Evening|Set1|Draw1|col7,C,combined,1,2,1,1,7,4,,0,0,False,2,4,5,5
Ohio4,LS1,Evening,Set1,Draw1,7,col7,Evening|Set1|Draw1|col7,D,own,1,2,1,1,7,0,5599440011887,13,7,False,3,6,7,7
Ohio4,LS1,Evening,Set1,Draw1,7,col7,Evening|Set1|Draw1|col7,D,own,1,2,1,1,7,1,5599440017,10,6,False,3,6,7,7
Ohio4,LS1,Evening,Set1,Draw1,7,col7,Evening|Set1|Draw1|col7,D,own,1,2,1,1,7,2,550017,6,4,False,3,6,7,7
Ohio4,LS1,Evening,Set1,Draw1,7,col7,Evening|Set1|Draw1|col7,D,own,1,2,1,1,7,3,5500,4,2,True,3,6,7,7
Ohio4,LS1,Evening,Set1,Draw1,7,col7,Evening|Set1|Draw1|col7,D,own,1,2,1,1,7,4,0,1,1,True,3,6,7,7
Ohio4,LS1,Evening,Set1,Draw1,7,col7,Evening|Set1|Draw1|col7,D,own,1,2,1,1,7,5,0,1,1,True,3,6,7,7
Ohio4,LS1,Evening,Set1,Draw1,7,col7,Evening|Set1|Draw1|col7,D,own,1,2,1,1,7,6,,0,0,False,3,6,7,7
Ohio4,LS1,Evening,Set1,Draw1,7,col7,Evening|Set1|Draw1|col7,D,combined,1,2,1,1,7,0,5599440011887,13,7,False,2,4,5,5
Ohio4,LS1,Evening,Set1,Draw1,7,col7,Evening|Set1|Draw1|col7,D,combined,1,2,1,1,7,1,5599440017,10,6,False,2,4,5,5
Ohio4,LS1,Evening,Set1,Draw1,7,col7,Evening|Set1|Draw1|col7,D,combined,1,2,1,1,7,2,547,3,3,True,2,4,5,5
Ohio4,LS1,Evening,Set1,Draw1,7,col7,Evening|Set1|Draw1|col7,D,combined,1,2,1,1,7,3,57,2,2,True,2,4,5,5
Ohio4,LS1,Evening,Set1,Draw1,7,col7,Evening|Set1|Draw1|col7,D,combined,1,2,1,1,7,4,,0,0,False,2,4,5,5
Ohio4,LS1,Evening,Set1,Draw1,7,col7,Evening|Set1|Draw1|col7,E,own,1,2,1,1,7,0,5599440011887,13,7,False,3,13,14,11
Ohio4,LS1,Evening,Set1,Draw1,7,col7,Evening|Set1|Draw1|col7,E,own,1,2,1,1,7,1,5599440017,10,6,False,3,13,14,11
Ohio4,LS1,Evening,Set1,Draw1,7,col7,Evening|Set1|Draw1|col7,E,own,1,2,1,1,7,2,55440017,8,5,False,3,13,14,11
Ohio4,LS1,Evening,Set1,Draw1,7,col7,Evening|Set1|Draw1|col7,E,own,1,2,1,1,7,3,55400,5,3,True,3,13,14,11
Ohio4,LS1,Evening,Set1,Draw1,7,col7,Evening|Set1|Draw1|col7,E,own,1,2,1,1,7,4,500,3,2,True,3,13,14,11
Ohio4,LS1,Evening,Set1,Draw1,7,col7,Evening|Set1|Draw1|col7,E,own,1,2,1,1,7,5,500,3,2,True,3,13,14,11
Ohio4,LS1,Evening,Set1,Draw1,7,col7,Evening|Set1|Draw1|col7,E,own,1,2,1,1,7,6,50,2,2,True,3,13,14,11
Ohio4,LS1,Evening,Set1,Draw1,7,col7,Evening|Set1|Draw1|col7,E,own,1,2,1,1,7,7,50,2,2,True,3,13,14,11
Ohio4,LS1,Evening,Set1,Draw1,7,col7,Evening|Set1|Draw1|col7,E,own,1,2,1,1,7,11,0,1,1,True,3,13,14,11
Ohio4,LS1,Evening,Set1,Draw1,7,col7,Evening|Set1|Draw1|col7,E,own,1,2,1,1,7,12,0,1,1,True,3,13,14,11
Ohio4,LS1,Evening,Set1,Draw1,7,col7,Evening|Set1|Draw1|col7,E,own,1,2,1,1,7,13,,0,0,False,3,13,14,11
Ohio4,LS1,Evening,Set1,Draw1,7,col7,Evening|Set1|Draw1|col7,E,combined,1,2,1,1,7,0,5599440011887,13,7,False,4,8,9,9
Ohio4,LS1,Evening,Set1,Draw1,7,col7,Evening|Set1|Draw1|col7,E,combined,1,2,1,1,7,1,5599440017,10,6,False,4,8,9,9
Ohio4,LS1,Evening,Set1,Draw1,7,col7,Evening|Set1|Draw1|col7,E,combined,1,2,1,1,7,2,5594407,7,5,False,4,8,9,9
Ohio4,LS1,Evening,Set1,Draw1,7,col7,Evening|Set1|Draw1|col7,E,combined,1,2,1,1,7,3,55407,5,4,False,4,8,9,9
Ohio4,LS1,Evening,Set1,Draw1,7,col7,Evening|Set1|Draw1|col7,E,combined,1,2,1,1,7,4,554,3,2,True,4,8,9,9
Ohio4,LS1,Evening,Set1,Draw1,7,col7,Evening|Set1|Draw1|col7,E,combined,1,2,1,1,7,5,55,2,1,True,4,8,9,9
Ohio4,LS1,Evening,Set1,Draw1,7,col7,Evening|Set1|Draw1|col7,E,combined,1,2,1,1,7,6,55,2,1,True,4,8,9,9
Ohio4,LS1,Evening,Set1,Draw1,7,col7,Evening|Set1|Draw1|col7,E,combined,1,2,1,1,7,7,5,1,1,True,4,8,9,9
Ohio4,LS1,Evening,Set1,Draw1,7,col7,Evening|Set1|Draw1|col7,E,combined,1,2,1,1,7,8,,0,0,False,4,8,9,9
Ohio4,LS1,Evening,Set1,Draw1,7,col7,Evening|Set1|Draw1|col7,T,own,1,2,1,1,7,0,5599440011887,13,7,False,2,6,7,7
Ohio4,LS1,Evening,Set1,Draw1,7,col7,Evening|Set1|Draw1|col7,T,own,1,2,1,1,7,1,559944007,9,5,False,2,6,7,7
Ohio4,LS1,Evening,Set1,Draw1,7,col7,Evening|Set1|Draw1|col7,T,own,1,2,1,1,7,2,55007,5,3,True,2,6,7,7
Ohio4,LS1,Evening,Set1,Draw1,7,col7,Evening|Set1|Draw1|col7,T,own,1,2,1,1,7,3,5500,4,2,True,2,6,7,7
Ohio4,LS1,Evening,Set1,Draw1,7,col7,Evening|Set1|Draw1|col7,T,own,1,2,1,1,7,4,00,2,1,True,2,6,7,7
Ohio4,LS1,Evening,Set1,Draw1,7,col7,Evening|Set1|Draw1|col7,T,own,1,2,1,1,7,5,00,2,1,True,2,6,7,7
Ohio4,LS1,Evening,Set1,Draw1,7,col7,Evening|Set1|Draw1|col7,T,own,1,2,1,1,7,6,,0,0,False,2,6,7,7
Ohio4,LS1,Evening,Set1,Draw1,7,col7,Evening|Set1|Draw1|col7,T,combined,1,2,1,1,7,0,5599440011887,13,7,False,2,5,6,6
Ohio4,LS1,Evening,Set1,Draw1,7,col7,Evening|Set1|Draw1|col7,T,combined,1,2,1,1,7,1,559944007,9,5,False,2,5,6,6
Ohio4,LS1,Evening,Set1,Draw1,7,col7,Evening|Set1|Draw1|col7,T,combined,1,2,1,1,7,2,447,3,2,True,2,5,6,6
Ohio4,LS1,Evening,Set1,Draw1,7,col7,Evening|Set1|Draw1|col7,T,combined,1,2,1,1,7,3,447,3,2,True,2,5,6,6
Ohio4,LS1,Evening,Set1,Draw1,7,col7,Evening|Set1|Draw1|col7,T,combined,1,2,1,1,7,4,44,2,1,True,2,5,6,6
Ohio4,LS1,Evening,Set1,Draw1,7,col7,Evening|Set1|Draw1|col7,T,combined,1,2,1,1,7,5,,0,0,False,2,5,6,6
Ohio4,LS1,Evening,Set1,Draw1,6,col6,Evening|Set1|Draw1|col6,A,own,1,2,1,1,6,0,55994401887,11,7,False,3,6,7,7
Ohio4,LS1,Evening,Set1,Draw1,6,col6,Evening|Set1|Draw1|col6,A,own,1,2,1,1,6,1,559944017,9,6,False,3,6,7,7
Ohio4,LS1,Evening,Set1,Draw1,6,col6,Evening|Set1|Draw1|col6,A,own,1,2,1,1,6,2,5544017,7,5,False,3,6,7,7
Ohio4,LS1,Evening,Set1,Draw1,6,col6,Evening|Set1|Draw1|col6,A,own,1,2,1,1,6,3,5507,4,3,True,3,6,7,7
Ohio4,LS1,Evening,Set1,Draw1,6,col6,Evening|Set1|Draw1|col6,A,own,1,2,1,1,6,4,0,1,1,True,3,6,7,7
Ohio4,LS1,Evening,Set1,Draw1,6,col6,Evening|Set1|Draw1|col6,A,own,1,2,1,1,6,5,0,1,1,True,3,6,7,7
Ohio4,LS1,Evening,Set1,Draw1,6,col6,Evening|Set1|Draw1|col6,A,own,1,2,1,1,6,6,,0,0,False,3,6,7,7
Ohio4,LS1,Evening,Set1,Draw1,6,col6,Evening|Set1|Draw1|col6,A,combined,1,2,1,1,6,0,55994401887,11,7,False,4,7,8,8
Ohio4,LS1,Evening,Set1,Draw1,6,col6,Evening|Set1|Draw1|col6,A,combined,1,2,1,1,6,1,559944017,9,6,False,4,7,8,8
Ohio4,LS1,Evening,Set1,Draw1,6,col6,Evening|Set1|Draw1|col6,A,combined,1,2,1,1,6,2,554417,6,4,False,4,7,8,8
Ohio4,LS1,Evening,Set1,Draw1,6,col6,Evening|Set1|Draw1|col6,A,combined,1,2,1,1,6,3,554417,6,4,False,4,7,8,8
Ohio4,LS1,Evening,Set1,Draw1,6,col6,Evening|Set1|Draw1|col6,A,combined,1,2,1,1,6,4,55441,5,3,True,4,7,8,8
Ohio4,LS1,Evening,Set1,Draw1,6,col6,Evening|Set1|Draw1|col6,A,combined,1,2,1,1,6,5,55,2,1,True,4,7,8,8
Ohio4,LS1,Evening,Set1,Draw1,6,col6,Evening|Set1|Draw1|col6,A,combined,1,2,1,1,6,6,55,2,1,True,4,7,8,8
Ohio4,LS1,Evening,Set1,Draw1,6,col6,Evening|Set1|Draw1|col6,A,combined,1,2,1,1,6,7,,0,0,False,4,7,8,8
Ohio4,LS1,Evening,Set1,Draw1,6,col6,Evening|Set1|Draw1|col6,B,own,1,2,1,1,6,0,55994401887,11,7,False,2,6,7,7
Ohio4,LS1,Evening,Set1,Draw1,6,col6,Evening|Set1|Draw1|col6,B,own,1,2,1,1,6,1,55994407,8,5,False,2,6,7,7
Ohio4,LS1,Evening,Set1,Draw1,6,col6,Evening|Set1|Draw1|col6,B,own,1,2,1,1,6,2,5507,4,3,True,2,6,7,7
Ohio4,LS1,Evening,Set1,Draw1,6,col6,Evening|Set1|Draw1|col6,B,own,1,2,1,1,6,3,550,3,2,True,2,6,7,7
Ohio4,LS1,Evening,Set1,Draw1,6,col6,Evening|Set1|Draw1|col6,B,own,1,2,1,1,6,4,0,1,1,True,2,6,7,7
Ohio4,LS1,Evening,Set1,Draw1,6,col6,Evening|Set1|Draw1|col6,B,own,1,2,1,1,6,5,0,1,1,True,2,6,7,7
Ohio4,LS1,Evening,Set1,Draw1,6,col6,Evening|Set1|Draw1|col6,B,own,1,2,1,1,6,6,,0,0,False,2,6,7,7
Ohio4,LS1,Evening,Set1,Draw1,6,col6,Evening|Set1|Draw1|col6,B,combined,1,2,1,1,6,0,55994401887,11,7,False,2,4,5,5
Ohio4,LS1,Evening,Set1,Draw1,6,col6,Evening|Set1|Draw1|col6,B,combined,1,2,1,1,6,1,55994407,8,5,False,2,4,5,5
Ohio4,LS1,Evening,Set1,Draw1,6,col6,Evening|Set1|Draw1|col6,B,combined,1,2,1,1,6,2,55447,5,3,True,2,4,5,5
Ohio4,LS1,Evening,Set1,Draw1,6,col6,Evening|Set1|Draw1|col6,B,combined,1,2,1,1,6,3,557,3,2,True,2,4,5,5
Ohio4,LS1,Evening,Set1,Draw1,6,col6,Evening|Set1|Draw1|col6,B,combined,1,2,1,1,6,4,,0,0,False,2,4,5,5
Ohio4,LS1,Evening,Set1,Draw1,6,col6,Evening|Set1|Draw1|col6,C,own,1,2,1,1,6,0,55994401887,11,7,False,2,4,5,5
Ohio4,LS1,Evening,Set1,Draw1,6,col6,Evening|Set1|Draw1|col6,C,own,1,2,1,1,6,1,55994407,8,5,False,2,4,5,5
Ohio4,LS1,Evening,Set1,Draw1,6,col6,Evening|Set1|Draw1|col6,C,own,1,2,1,1,6,2,5507,4,3,True,2,4,5,5
Ohio4,LS1,Evening,Set1,Draw1,6,col6,Evening|Set1|Draw1|col6,C,own,1,2,1,1,6,3,550,3,2,True,2,4,5,5
Ohio4,LS1,Evening,Set1,Draw1,6,col6,Evening|Set1|Draw1|col6,C,own,1,2,1,1,6,4,,0,0,False,2,4,5,5
Ohio4,LS1,Evening,Set1,Draw1,6,col6,Evening|Set1|Draw1|col6,C,combined,1,2,1,1,6,0,55994401887,11,7,False,2,4,5,5
Ohio4,LS1,Evening,Set1,Draw1,6,col6,Evening|Set1|Draw1|col6,C,combined,1,2,1,1,6,1,55994407,8,5,False,2,4,5,5
Ohio4,LS1,Evening,Set1,Draw1,6,col6,Evening|Set1|Draw1|col6,C,combined,1,2,1,1,6,2,7,1,1,True,2,4,5,5
Ohio4,LS1,Evening,Set1,Draw1,6,col6,Evening|Set1|Draw1|col6,C,combined,1,2,1,1,6,3,7,1,1,True,2,4,5,5
Ohio4,LS1,Evening,Set1,Draw1,6,col6,Evening|Set1|Draw1|col6,C,combined,1,2,1,1,6,4,,0,0,False,2,4,5,5
Ohio4,LS1,Evening,Set1,Draw1,6,col6,Evening|Set1|Draw1|col6,D,own,1,2,1,1,6,0,55994401887,11,7,False,2,4,5,5
Ohio4,LS1,Evening,Set1,Draw1,6,col6,Evening|Set1|Draw1|col6,D,own,1,2,1,1,6,1,55994407,8,5,False,2,4,5,5
Ohio4,LS1,Evening,Set1,Draw1,6,col6,Evening|Set1|Draw1|col6,D,own,1,2,1,1,6,2,5507,4,3,True,2,4,5,5
Ohio4,LS1,Evening,Set1,Draw1,6,col6,Evening|Set1|Draw1|col6,D,own,1,2,1,1,6,3,550,3,2,True,2,4,5,5
Ohio4,LS1,Evening,Set1,Draw1,6,col6,Evening|Set1|Draw1|col6,D,own,1,2,1,1,6,4,,0,0,False,2,4,5,5
Ohio4,LS1,Evening,Set1,Draw1,6,col6,Evening|Set1|Draw1|col6,D,combined,1,2,1,1,6,0,55994401887,11,7,False,2,4,5,5
Ohio4,LS1,Evening,Set1,Draw1,6,col6,Evening|Set1|Draw1|col6,D,combined,1,2,1,1,6,1,55994407,8,5,False,2,4,5,5
Ohio4,LS1,Evening,Set1,Draw1,6,col6,Evening|Set1|Draw1|col6,D,combined,1,2,1,1,6,2,547,3,3,True,2,4,5,5
Ohio4,LS1,Evening,Set1,Draw1,6,col6,Evening|Set1|Draw1|col6,D,combined,1,2,1,1,6,3,57,2,2,True,2,4,5,5
Ohio4,LS1,Evening,Set1,Draw1,6,col6,Evening|Set1|Draw1|col6,D,combined,1,2,1,1,6,4,,0,0,False,2,4,5,5
Ohio4,LS1,Evening,Set1,Draw1,6,col6,Evening|Set1|Draw1|col6,E,own,1,2,1,1,6,0,55994401887,11,7,False,3,11,12,9
Ohio4,LS1,Evening,Set1,Draw1,6,col6,Evening|Set1|Draw1|col6,E,own,1,2,1,1,6,1,55994407,8,5,False,3,11,12,9
Ohio4,LS1,Evening,Set1,Draw1,6,col6,Evening|Set1|Draw1|col6,E,own,1,2,1,1,6,2,554407,6,4,False,3,11,12,9
Ohio4,LS1,Evening,Set1,Draw1,6,col6,Evening|Set1|Draw1|col6,E,own,1,2,1,1,6,3,5540,4,3,True,3,11,12,9
Ohio4,LS1,Evening,Set1,Draw1,6,col6,Evening|Set1|Draw1|col6,E,own,1,2,1,1,6,4,50,2,2,True,3,11,12,9
Ohio4,LS1,Evening,Set1,Draw1,6,col6,Evening|Set1|Draw1|col6,E,own,1,2,1,1,6,5,50,2,2,True,3,11,12,9
Ohio4,LS1,Evening,Set1,Draw1,6,col6,Evening|Set1|Draw1|col6,E,own,1,2,1,1,6,6,5,1,1,True,3,11,12,9
Ohio4,LS1,Evening,Set1,Draw1,6,col6,Evening|Set1|Draw1|col6,E,own,1,2,1,1,6,7,5,1,1,True,3,11,12,9
Ohio4,LS1,Evening,Set1,Draw1,6,col6,Evening|Set1|Draw1|col6,E,own,1,2,1,1,6,11,,0,0,False,3,11,12,9
Ohio4,LS1,Evening,Set1,Draw1,6,col6,Evening|Set1|Draw1|col6,E,combined,1,2,1,1,6,0,55994401887,11,7,False,3,7,8,8
Ohio4,LS1,Evening,Set1,Draw1,6,col6,Evening|Set1|Draw1|col6,E,combined,1,2,1,1,6,1,55994407,8,5,False,3,7,8,8
Ohio4,LS1,Evening,Set1,Draw1,6,col6,Evening|Set1|Draw1|col6,E,combined,1,2,1,1,6,2,559447,6,4,False,3,7,8,8
Ohio4,LS1,Evening,Set1,Draw1,6,col6,Evening|Set1|Draw1|col6,E,combined,1,2,1,1,6,3,5547,4,3,True,3,7,8,8
Ohio4,LS1,Evening,Set1,Draw1,6,col6,Evening|Set1|Draw1|col6,E,combined,1,2,1,1,6,4,54,2,2,True,3,7,8,8
Ohio4,LS1,Evening,Set1,Draw1,6,col6,Evening|Set1|Draw1|col6,E,combined,1,2,1,1,6,5,5,1,1,True,3,7,8,8
Ohio4,LS1,Evening,Set1,Draw1,6,col6,Evening|Set1|Draw1|col6,E,combined,1,2,1,1,6,6,5,1,1,True,3,7,8,8
Ohio4,LS1,Evening,Set1,Draw1,6,col6,Evening|Set1|Draw1|col6,E,combined,1,2,1,1,6,7,,0,0,False,3,7,8,8
Ohio4,LS1,Evening,Set1,Draw1,6,col6,Evening|Set1|Draw1|col6,T,own,1,2,1,1,6,0,55994401887,11,7,False,2,6,7,7
Ohio4,LS1,Evening,Set1,Draw1,6,col6,Evening|Set1|Draw1|col6,T,own,1,2,1,1,6,1,55994407,8,5,False,2,6,7,7
Ohio4,LS1,Evening,Set1,Draw1,6,col6,Evening|Set1|Draw1|col6,T,own,1,2,1,1,6,2,5507,4,3,True,2,6,7,7
Ohio4,LS1,Evening,Set1,Draw1,6,col6,Evening|Set1|Draw1|col6,T,own,1,2,1,1,6,3,550,3,2,True,2,6,7,7
Ohio4,LS1,Evening,Set1,Draw1,6,col6,Evening|Set1|Draw1|col6,T,own,1,2,1,1,6,4,0,1,1,True,2,6,7,7
Ohio4,LS1,Evening,Set1,Draw1,6,col6,Evening|Set1|Draw1|col6,T,own,1,2,1,1,6,5,0,1,1,True,2,6,7,7
Ohio4,LS1,Evening,Set1,Draw1,6,col6,Evening|Set1|Draw1|col6,T,own,1,2,1,1,6,6,,0,0,False,2,6,7,7
Ohio4,LS1,Evening,Set1,Draw1,6,col6,Evening|Set1|Draw1|col6,T,combined,1,2,1,1,6,0,55994401887,11,7,False,2,5,6,6
Ohio4,LS1,Evening,Set1,Draw1,6,col6,Evening|Set1|Draw1|col6,T,combined,1,2,1,1,6,1,55994407,8,5,False,2,5,6,6
Ohio4,LS1,Evening,Set1,Draw1,6,col6,Evening|Set1|Draw1|col6,T,combined,1,2,1,1,6,2,447,3,2,True,2,5,6,6
Ohio4,LS1,Evening,Set1,Draw1,6,col6,Evening|Set1|Draw1|col6,T,combined,1,2,1,1,6,3,447,3,2,True,2,5,6,6
Ohio4,LS1,Evening,Set1,Draw1,6,col6,Evening|Set1|Draw1|col6,T,combined,1,2,1,1,6,4,44,2,1,True,2,5,6,6
Ohio4,LS1,Evening,Set1,Draw1,6,col6,Evening|Set1|Draw1|col6,T,combined,1,2,1,1,6,5,,0,0,False,2,5,6,6
Ohio4,LS1,Evening,Set1,Draw1,5,col5,Evening|Set1|Draw1|col5,A,own,1,2,1,1,5,0,5599401887*,11,8,False,4,6,29,7
Ohio4,LS1,Evening,Set1,Draw1,5,col5,Evening|Set1|Draw1|col5,A,own,1,2,1,1,5,1,55994017*,9,7,False,4,6,29,7
Ohio4,LS1,Evening,Set1,Draw1,5,col5,Evening|Set1|Draw1|col5,A,own,1,2,1,1,5,2,554017*,7,6,False,4,6,29,7
Ohio4,LS1,Evening,Set1,Draw1,5,col5,Evening|Set1|Draw1|col5,A,own,1,2,1,1,5,3,5507*,5,4,False,4,6,29,7
Ohio4,LS1,Evening,Set1,Draw1,5,col5,Evening|Set1|Draw1|col5,A,own,1,2,1,1,5,4,0*,2,2,True,4,6,29,7
Ohio4,LS1,Evening,Set1,Draw1,5,col5,Evening|Set1|Draw1|col5,A,own,1,2,1,1,5,5,0*,2,2,True,4,6,29,7
Ohio4,LS1,Evening,Set1,Draw1,5,col5,Evening|Set1|Draw1|col5,A,own,1,2,1,1,5,6,*,1,1,True,4,6,29,7
Ohio4,LS1,Evening,Set1,Draw1,5,col5,Evening|Set1|Draw1|col5,A,combined,1,2,1,1,5,0,5599401887*,11,8,False,5,7,57,8
Ohio4,LS1,Evening,Set1,Draw1,5,col5,Evening|Set1|Draw1|col5,A,combined,1,2,1,1,5,1,55994017*,9,7,False,5,7,57,8
Ohio4,LS1,Evening,Set1,Draw1,5,col5,Evening|Set1|Draw1|col5,A,combined,1,2,1,1,5,2,55417*,6,5,False,5,7,57,8
Ohio4,LS1,Evening,Set1,Draw1,5,col5,Evening|Set1|Draw1|col5,A,combined,1,2,1,1,5,3,55417*,6,5,False,5,7,57,8
Ohio4,LS1,Evening,Set1,Draw1,5,col5,Evening|Set1|Draw1|col5,A,combined,1,2,1,1,5,4,5541*,5,4,False,5,7,57,8
Ohio4,LS1,Evening,Set1,Draw1,5,col5,Evening|Set1|Draw1|col5,A,combined,1,2,1,1,5,5,55*,3,2,True,5,7,57,8
Ohio4,LS1,Evening,Set1,Draw1,5,col5,Evening|Set1|Draw1|col5,A,combined,1,2,1,1,5,6,55*,3,2,True,5,7,57,8
Ohio4,LS1,Evening,Set1,Draw1,5,col5,Evening|Set1|Draw1|col5,A,combined,1,2,1,1,5,7,*,1,1,True,5,7,57,8
Ohio4,LS1,Evening,Set1,Draw1,5,col5,Evening|Set1|Draw1|col5,B,own,1,2,1,1,5,0,5599401887*,11,8,False,3,6,29,7
Ohio4,LS1,Evening,Set1,Draw1,5,col5,Evening|Set1|Draw1|col5,B,own,1,2,1,1,5,1,5599407*,8,6,False,3,6,29,7
Ohio4,LS1,Evening,Set1,Draw1,5,col5,Evening|Set1|Draw1|col5,B,own,1,2,1,1,5,2,5507*,5,4,False,3,6,29,7
Ohio4,LS1,Evening,Set1,Draw1,5,col5,Evening|Set1|Draw1|col5,B,own,1,2,1,1,5,3,550*,4,3,True,3,6,29,7
Ohio4,LS1,Evening,Set1,Draw1,5,col5,Evening|Set1|Draw1|col5,B,own,1,2,1,1,5,4,0*,2,2,True,3,6,29,7
Ohio4,LS1,Evening,Set1,Draw1,5,col5,Evening|Set1|Draw1|col5,B,own,1,2,1,1,5,5,0*,2,2,True,3,6,29,7
Ohio4,LS1,Evening,Set1,Draw1,5,col5,Evening|Set1|Draw1|col5,B,own,1,2,1,1,5,6,*,1,1,True,3,6,29,7
Ohio4,LS1,Evening,Set1,Draw1,5,col5,Evening|Set1|Draw1|col5,B,combined,1,2,1,1,5,0,5599401887*,11,8,False,3,4,57,5
Ohio4,LS1,Evening,Set1,Draw1,5,col5,Evening|Set1|Draw1|col5,B,combined,1,2,1,1,5,1,5599407*,8,6,False,3,4,57,5
Ohio4,LS1,Evening,Set1,Draw1,5,col5,Evening|Set1|Draw1|col5,B,combined,1,2,1,1,5,2,5547*,5,4,False,3,4,57,5
Ohio4,LS1,Evening,Set1,Draw1,5,col5,Evening|Set1|Draw1|col5,B,combined,1,2,1,1,5,3,557*,4,3,True,3,4,57,5
Ohio4,LS1,Evening,Set1,Draw1,5,col5,Evening|Set1|Draw1|col5,B,combined,1,2,1,1,5,4,*,1,1,True,3,4,57,5
Ohio4,LS1,Evening,Set1,Draw1,5,col5,Evening|Set1|Draw1|col5,C,own,1,2,1,1,5,0,5599401887*,11,8,False,3,4,29,5
Ohio4,LS1,Evening,Set1,Draw1,5,col5,Evening|Set1|Draw1|col5,C,own,1,2,1,1,5,1,5599407*,8,6,False,3,4,29,5
Ohio4,LS1,Evening,Set1,Draw1,5,col5,Evening|Set1|Draw1|col5,C,own,1,2,1,1,5,2,5507*,5,4,False,3,4,29,5
Ohio4,LS1,Evening,Set1,Draw1,5,col5,Evening|Set1|Draw1|col5,C,own,1,2,1,1,5,3,550*,4,3,True,3,4,29,5
Ohio4,LS1,Evening,Set1,Draw1,5,col5,Evening|Set1|Draw1|col5,C,own,1,2,1,1,5,4,*,1,1,True,3,4,29,5
Ohio4,LS1,Evening,Set1,Draw1,5,col5,Evening|Set1|Draw1|col5,C,combined,1,2,1,1,5,0,5599401887*,11,8,False,2,4,57,5
Ohio4,LS1,Evening,Set1,Draw1,5,col5,Evening|Set1|Draw1|col5,C,combined,1,2,1,1,5,1,5599407*,8,6,False,2,4,57,5
Ohio4,LS1,Evening,Set1,Draw1,5,col5,Evening|Set1|Draw1|col5,C,combined,1,2,1,1,5,2,7*,2,2,True,2,4,57,5
Ohio4,LS1,Evening,Set1,Draw1,5,col5,Evening|Set1|Draw1|col5,C,combined,1,2,1,1,5,3,7*,2,2,True,2,4,57,5
Ohio4,LS1,Evening,Set1,Draw1,5,col5,Evening|Set1|Draw1|col5,C,combined,1,2,1,1,5,4,*,1,1,True,2,4,57,5
Ohio4,LS1,Evening,Set1,Draw1,5,col5,Evening|Set1|Draw1|col5,D,own,1,2,1,1,5,0,5599401887*,11,8,False,3,4,29,5
Ohio4,LS1,Evening,Set1,Draw1,5,col5,Evening|Set1|Draw1|col5,D,own,1,2,1,1,5,1,5599407*,8,6,False,3,4,29,5
Ohio4,LS1,Evening,Set1,Draw1,5,col5,Evening|Set1|Draw1|col5,D,own,1,2,1,1,5,2,5507*,5,4,False,3,4,29,5
Ohio4,LS1,Evening,Set1,Draw1,5,col5,Evening|Set1|Draw1|col5,D,own,1,2,1,1,5,3,550*,4,3,True,3,4,29,5
Ohio4,LS1,Evening,Set1,Draw1,5,col5,Evening|Set1|Draw1|col5,D,own,1,2,1,1,5,4,*,1,1,True,3,4,29,5
Ohio4,LS1,Evening,Set1,Draw1,5,col5,Evening|Set1|Draw1|col5,D,combined,1,2,1,1,5,0,5599401887*,11,8,False,2,4,57,5
Ohio4,LS1,Evening,Set1,Draw1,5,col5,Evening|Set1|Draw1|col5,D,combined,1,2,1,1,5,1,5599407*,8,6,False,2,4,57,5
Ohio4,LS1,Evening,Set1,Draw1,5,col5,Evening|Set1|Draw1|col5,D,combined,1,2,1,1,5,2,57*,3,3,True,2,4,57,5
Ohio4,LS1,Evening,Set1,Draw1,5,col5,Evening|Set1|Draw1|col5,D,combined,1,2,1,1,5,3,57*,3,3,True,2,4,57,5
Ohio4,LS1,Evening,Set1,Draw1,5,col5,Evening|Set1|Draw1|col5,D,combined,1,2,1,1,5,4,*,1,1,True,2,4,57,5
Ohio4,LS1,Evening,Set1,Draw1,5,col5,Evening|Set1|Draw1|col5,E,own,1,2,1,1,5,0,5599401887*,11,8,False,3,11,29,9
Ohio4,LS1,Evening,Set1,Draw1,5,col5,Evening|Set1|Draw1|col5,E,own,1,2,1,1,5,1,5599407*,8,6,False,3,11,29,9
Ohio4,LS1,Evening,Set1,Draw1,5,col5,Evening|Set1|Draw1|col5,E,own,1,2,1,1,5,2,55407*,6,5,False,3,11,29,9
Ohio4,LS1,Evening,Set1,Draw1,5,col5,Evening|Set1|Draw1|col5,E,own,1,2,1,1,5,3,550*,4,3,True,3,11,29,9
Ohio4,LS1,Evening,Set1,Draw1,5,col5,Evening|Set1|Draw1|col5,E,own,1,2,1,1,5,4,50*,3,3,True,3,11,29,9
Ohio4,LS1,Evening,Set1,Draw1,5,col5,Evening|Set1|Draw1|col5,E,own,1,2,1,1,5,5,50*,3,3,True,3,11,29,9
Ohio4,LS1,Evening,Set1,Draw1,5,col5,Evening|Set1|Draw1|col5,E,own,1,2,1,1,5,6,5*,2,2,True,3,11,29,9
Ohio4,LS1,Evening,Set1,Draw1,5,col5,Evening|Set1|Draw1|col5,E,own,1,2,1,1,5,7,5*,2,2,True,3,11,29,9
Ohio4,LS1,Evening,Set1,Draw1,5,col5,Evening|Set1|Draw1|col5,E,own,1,2,1,1,5,11,*,1,1,True,3,11,29,9
Ohio4,LS1,Evening,Set1,Draw1,5,col5,Evening|Set1|Draw1|col5,E,combined,1,2,1,1,5,0,5599401887*,11,8,False,3,7,57,7
Ohio4,LS1,Evening,Set1,Draw1,5,col5,Evening|Set1|Draw1|col5,E,combined,1,2,1,1,5,1,5599407*,8,6,False,3,7,57,7
Ohio4,LS1,Evening,Set1,Draw1,5,col5,Evening|Set1|Draw1|col5,E,combined,1,2,1,1,5,2,55947*,6,5,False,3,7,57,7
Ohio4,LS1,Evening,Set1,Draw1,5,col5,Evening|Set1|Draw1|col5,E,combined,1,2,1,1,5,3,557*,4,3,True,3,7,57,7
Ohio4,LS1,Evening,Set1,Draw1,5,col5,Evening|Set1|Draw1|col5,E,combined,1,2,1,1,5,4,5*,2,2,True,3,7,57,7
Ohio4,LS1,Evening,Set1,Draw1,5,col5,Evening|Set1|Draw1|col5,E,combined,1,2,1,1,5,5,5*,2,2,True,3,7,57,7
Ohio4,LS1,Evening,Set1,Draw1,5,col5,Evening|Set1|Draw1|col5,E,combined,1,2,1,1,5,7,*,1,1,True,3,7,57,7
Ohio4,LS1,Evening,Set1,Draw1,5,col5,Evening|Set1|Draw1|col5,T,own,1,2,1,1,5,0,5599401887*,11,8,False,3,6,29,7
Ohio4,LS1,Evening,Set1,Draw1,5,col5,Evening|Set1|Draw1|col5,T,own,1,2,1,1,5,1,5599407*,8,6,False,3,6,29,7
Ohio4,LS1,Evening,Set1,Draw1,5,col5,Evening|Set1|Draw1|col5,T,own,1,2,1,1,5,2,5507*,5,4,False,3,6,29,7
Ohio4,LS1,Evening,Set1,Draw1,5,col5,Evening|Set1|Draw1|col5,T,own,1,2,1,1,5,3,550*,4,3,True,3,6,29,7
Ohio4,LS1,Evening,Set1,Draw1,5,col5,Evening|Set1|Draw1|col5,T,own,1,2,1,1,5,4,0*,2,2,True,3,6,29,7
Ohio4,LS1,Evening,Set1,Draw1,5,col5,Evening|Set1|Draw1|col5,T,own,1,2,1,1,5,5,0*,2,2,True,3,6,29,7
Ohio4,LS1,Evening,Set1,Draw1,5,col5,Evening|Set1|Draw1|col5,T,own,1,2,1,1,5,6,*,1,1,True,3,6,29,7
Ohio4,LS1,Evening,Set1,Draw1,5,col5,Evening|Set1|Draw1|col5,T,combined,1,2,1,1,5,0,5599401887*,11,8,False,2,5,57,6
Ohio4,LS1,Evening,Set1,Draw1,5,col5,Evening|Set1|Draw1|col5,T,combined,1,2,1,1,5,1,5599407*,8,6,False,2,5,57,6
Ohio4,LS1,Evening,Set1,Draw1,5,col5,Evening|Set1|Draw1|col5,T,combined,1,2,1,1,5,2,47*,3,3,True,2,5,57,6
Ohio4,LS1,Evening,Set1,Draw1,5,col5,Evening|Set1|Draw1|col5,T,combined,1,2,1,1,5,3,47*,3,3,True,2,5,57,6
Ohio4,LS1,Evening,Set1,Draw1,5,col5,Evening|Set1|Draw1|col5,T,combined,1,2,1,1,5,4,4*,2,2,True,2,5,57,6
Ohio4,LS1,Evening,Set1,Draw1,5,col5,Evening|Set1|Draw1|col5,T,combined,1,2,1,1,5,5,*,1,1,True,2,5,57,6
Ohio4,LS1,Evening,Set1,Draw1,4,col4,Evening|Set1|Draw1|col4,A,own,1,2,1,1,4,0,5990188*,8,6,False,3,6,29,7
Ohio4,LS1,Evening,Set1,Draw1,4,col4,Evening|Set1|Draw1|col4,A,own,1,2,1,1,4,1,59901*,6,5,False,3,6,29,7
Ohio4,LS1,Evening,Set1,Draw1,4,col4,Evening|Set1|Draw1|col4,A,own,1,2,1,1,4,2,501*,4,4,False,3,6,29,7
Ohio4,LS1,Evening,Set1,Draw1,4,col4,Evening|Set1|Draw1|col4,A,own,1,2,1,1,4,3,50*,3,3,True,3,6,29,7
Ohio4,LS1,Evening,Set1,Draw1,4,col4,Evening|Set1|Draw1|col4,A,own,1,2,1,1,4,4,0*,2,2,True,3,6,29,7
Ohio4,LS1,Evening,Set1,Draw1,4,col4,Evening|Set1|Draw1|col4,A,own,1,2,1,1,4,5,0*,2,2,True,3,6,29,7
Ohio4,LS1,Evening,Set1,Draw1,4,col4,Evening|Set1|Draw1|col4,A,own,1,2,1,1,4,6,*,1,1,True,3,6,29,7
Ohio4,LS1,Evening,Set1,Draw1,4,col4,Evening|Set1|Draw1|col4,A,combined,1,2,1,1,4,0,5990188*,8,6,False,2,7,57,7
Ohio4,LS1,Evening,Set1,Draw1,4,col4,Evening|Set1|Draw1|col4,A,combined,1,2,1,1,4,1,59901*,6,5,False,2,7,57,7
Ohio4,LS1,Evening,Set1,Draw1,4,col4,Evening|Set1|Draw1|col4,A,combined,1,2,1,1,4,2,51*,3,3,True,2,7,57,7
Ohio4,LS1,Evening,Set1,Draw1,4,col4,Evening|Set1|Draw1|col4,A,combined,1,2,1,1,4,3,51*,3,3,True,2,7,57,7
Ohio4,LS1,Evening,Set1,Draw1,4,col4,Evening|Set1|Draw1|col4,A,combined,1,2,1,1,4,5,5*,2,2,True,2,7,57,7
Ohio4,LS1,Evening,Set1,Draw1,4,col4,Evening|Set1|Draw1|col4,A,combined,1,2,1,1,4,6,5*,2,2,True,2,7,57,7
Ohio4,LS1,Evening,Set1,Draw1,4,col4,Evening|Set1|Draw1|col4,A,combined,1,2,1,1,4,7,*,1,1,True,2,7,57,7
Ohio4,LS1,Evening,Set1,Draw1,4,col4,Evening|Set1|Draw1|col4,B,own,1,2,1,1,4,0,5990188*,8,6,False,2,6,29,7
Ohio4,LS1,Evening,Set1,Draw1,4,col4,Evening|Set1|Draw1|col4,B,own,1,2,1,1,4,1,5990*,5,4,False,2,6,29,7
Ohio4,LS1,Evening,Set1,Draw1,4,col4,Evening|Set1|Draw1|col4,B,own,1,2,1,1,4,2,50*,3,3,True,2,6,29,7
Ohio4,LS1,Evening,Set1,Draw1,4,col4,Evening|Set1|Draw1|col4,B,own,1,2,1,1,4,3,50*,3,3,True,2,6,29,7
Ohio4,LS1,Evening,Set1,Draw1,4,col4,Evening|Set1|Draw1|col4,B,own,1,2,1,1,4,4,0*,2,2,True,2,6,29,7
Ohio4,LS1,Evening,Set1,Draw1,4,col4,Evening|Set1|Draw1|col4,B,own,1,2,1,1,4,5,0*,2,2,True,2,6,29,7
Ohio4,LS1,Evening,Set1,Draw1,4,col4,Evening|Set1|Draw1|col4,B,own,1,2,1,1,4,6,*,1,1,True,2,6,29,7
Ohio4,LS1,Evening,Set1,Draw1,4,col4,Evening|Set1|Draw1|col4,B,combined,1,2,1,1,4,0,5990188*,8,6,False,2,4,57,5
Ohio4,LS1,Evening,Set1,Draw1,4,col4,Evening|Set1|Draw1|col4,B,combined,1,2,1,1,4,1,5990*,5,4,False,2,4,57,5
Ohio4,LS1,Evening,Set1,Draw1,4,col4,Evening|Set1|Draw1|col4,B,combined,1,2,1,1,4,2,5*,2,2,True,2,4,57,5
Ohio4,LS1,Evening,Set1,Draw1,4,col4,Evening|Set1|Draw1|col4,B,combined,1,2,1,1,4,3,5*,2,2,True,2,4,57,5
Ohio4,LS1,Evening,Set1,Draw1,4,col4,Evening|Set1|Draw1|col4,B,combined,1,2,1,1,4,4,*,1,1,True,2,4,57,5
Ohio4,LS1,Evening,Set1,Draw1,4,col4,Evening|Set1|Draw1|col4,C,own,1,2,1,1,4,0,5990188*,8,6,False,2,4,29,5
Ohio4,LS1,Evening,Set1,Draw1,4,col4,Evening|Set1|Draw1|col4,C,own,1,2,1,1,4,1,5990*,5,4,False,2,4,29,5
Ohio4,LS1,Evening,Set1,Draw1,4,col4,Evening|Set1|Draw1|col4,C,own,1,2,1,1,4,2,50*,3,3,True,2,4,29,5
Ohio4,LS1,Evening,Set1,Draw1,4,col4,Evening|Set1|Draw1|col4,C,own,1,2,1,1,4,3,50*,3,3,True,2,4,29,5
Ohio4,LS1,Evening,Set1,Draw1,4,col4,Evening|Set1|Draw1|col4,C,own,1,2,1,1,4,4,*,1,1,True,2,4,29,5
Ohio4,LS1,Evening,Set1,Draw1,4,col4,Evening|Set1|Draw1|col4,C,combined,1,2,1,1,4,0,5990188*,8,6,False,2,2,57,3
Ohio4,LS1,Evening,Set1,Draw1,4,col4,Evening|Set1|Draw1|col4,C,combined,1,2,1,1,4,1,5990*,5,4,False,2,2,57,3
Ohio4,LS1,Evening,Set1,Draw1,4,col4,Evening|Set1|Draw1|col4,C,combined,1,2,1,1,4,2,*,1,1,True,2,2,57,3
Ohio4,LS1,Evening,Set1,Draw1,4,col4,Evening|Set1|Draw1|col4,D,own,1,2,1,1,4,0,5990188*,8,6,False,2,4,29,5
Ohio4,LS1,Evening,Set1,Draw1,4,col4,Evening|Set1|Draw1|col4,D,own,1,2,1,1,4,1,5990*,5,4,False,2,4,29,5
Ohio4,LS1,Evening,Set1,Draw1,4,col4,Evening|Set1|Draw1|col4,D,own,1,2,1,1,4,2,50*,3,3,True,2,4,29,5
Ohio4,LS1,Evening,Set1,Draw1,4,col4,Evening|Set1|Draw1|col4,D,own,1,2,1,1,4,3,50*,3,3,True,2,4,29,5
Ohio4,LS1,Evening,Set1,Draw1,4,col4,Evening|Set1|Draw1|col4,D,own,1,2,1,1,4,4,*,1,1,True,2,4,29,5
Ohio4,LS1,Evening,Set1,Draw1,4,col4,Evening|Set1|Draw1|col4,D,combined,1,2,1,1,4,0,5990188*,8,6,False,2,2,57,3
Ohio4,LS1,Evening,Set1,Draw1,4,col4,Evening|Set1|Draw1|col4,D,combined,1,2,1,1,4,1,5990*,5,4,False,2,2,57,3
Ohio4,LS1,Evening,Set1,Draw1,4,col4,Evening|Set1|Draw1|col4,D,combined,1,2,1,1,4,2,*,1,1,True,2,2,57,3
Ohio4,LS1,Evening,Set1,Draw1,4,col4,Evening|Set1|Draw1|col4,E,own,1,2,1,1,4,0,5990188*,8,6,False,2,6,29,7
Ohio4,LS1,Evening,Set1,Draw1,4,col4,Evening|Set1|Draw1|col4,E,own,1,2,1,1,4,1,5990*,5,4,False,2,6,29,7
Ohio4,LS1,Evening,Set1,Draw1,4,col4,Evening|Set1|Draw1|col4,E,own,1,2,1,1,4,2,50*,3,3,True,2,6,29,7
Ohio4,LS1,Evening,Set1,Draw1,4,col4,Evening|Set1|Draw1|col4,E,own,1,2,1,1,4,3,50*,3,3,True,2,6,29,7
Ohio4,LS1,Evening,Set1,Draw1,4,col4,Evening|Set1|Draw1|col4,E,own,1,2,1,1,4,4,0*,2,2,True,2,6,29,7
Ohio4,LS1,Evening,Set1,Draw1,4,col4,Evening|Set1|Draw1|col4,E,own,1,2,1,1,4,5,0*,2,2,True,2,6,29,7
Ohio4,LS1,Evening,Set1,Draw1,4,col4,Evening|Set1|Draw1|col4,E,own,1,2,1,1,4,6,*,1,1,True,2,6,29,7
Ohio4,LS1,Evening,Set1,Draw1,4,col4,Evening|Set1|Draw1|col4,E,combined,1,2,1,1,4,0,5990188*,8,6,False,2,4,57,5
Ohio4,LS1,Evening,Set1,Draw1,4,col4,Evening|Set1|Draw1|col4,E,combined,1,2,1,1,4,1,5990*,5,4,False,2,4,57,5
Ohio4,LS1,Evening,Set1,Draw1,4,col4,Evening|Set1|Draw1|col4,E,combined,1,2,1,1,4,2,59*,3,3,True,2,4,57,5
Ohio4,LS1,Evening,Set1,Draw1,4,col4,Evening|Set1|Draw1|col4,E,combined,1,2,1,1,4,3,5*,2,2,True,2,4,57,5
Ohio4,LS1,Evening,Set1,Draw1,4,col4,Evening|Set1|Draw1|col4,E,combined,1,2,1,1,4,4,*,1,1,True,2,4,57,5
Ohio4,LS1,Evening,Set1,Draw1,4,col4,Evening|Set1|Draw1|col4,T,own,1,2,1,1,4,0,5990188*,8,6,False,2,6,29,7
Ohio4,LS1,Evening,Set1,Draw1,4,col4,Evening|Set1|Draw1|col4,T,own,1,2,1,1,4,1,5990*,5,4,False,2,6,29,7
Ohio4,LS1,Evening,Set1,Draw1,4,col4,Evening|Set1|Draw1|col4,T,own,1,2,1,1,4,2,50*,3,3,True,2,6,29,7
Ohio4,LS1,Evening,Set1,Draw1,4,col4,Evening|Set1|Draw1|col4,T,own,1,2,1,1,4,3,50*,3,3,True,2,6,29,7
Ohio4,LS1,Evening,Set1,Draw1,4,col4,Evening|Set1|Draw1|col4,T,own,1,2,1,1,4,4,0*,2,2,True,2,6,29,7
Ohio4,LS1,Evening,Set1,Draw1,4,col4,Evening|Set1|Draw1|col4,T,own,1,2,1,1,4,5,0*,2,2,True,2,6,29,7
Ohio4,LS1,Evening,Set1,Draw1,4,col4,Evening|Set1|Draw1|col4,T,own,1,2,1,1,4,6,*,1,1,True,2,6,29,7
Ohio4,LS1,Evening,Set1,Draw1,4,col4,Evening|Set1|Draw1|col4,T,combined,1,2,1,1,4,0,5990188*,8,6,False,2,7,57,5
Ohio4,LS1,Evening,Set1,Draw1,4,col4,Evening|Set1|Draw1|col4,T,combined,1,2,1,1,4,1,5990*,5,4,False,2,7,57,5
Ohio4,LS1,Evening,Set1,Draw1,4,col4,Evening|Set1|Draw1|col4,T,combined,1,2,1,1,4,2,5*,2,2,True,2,7,57,5
Ohio4,LS1,Evening,Set1,Draw1,4,col4,Evening|Set1|Draw1|col4,T,combined,1,2,1,1,4,3,5*,2,2,True,2,7,57,5
Ohio4,LS1,Evening,Set1,Draw1,4,col4,Evening|Set1|Draw1|col4,T,combined,1,2,1,1,4,7,*,1,1,True,2,7,57,5
Ohio4,LS1,Evening,Set1,Draw1,2,col2,Evening|Set1|Draw1|col2,A,own,1,2,1,1,2,0,508**,5,4,False,1,6,29,7
Ohio4,LS1,Evening,Set1,Draw1,2,col2,Evening|Set1|Draw1|col2,A,own,1,2,1,1,2,1,50**,4,3,True,1,6,29,7
Ohio4,LS1,Evening,Set1,Draw1,2,col2,Evening|Set1|Draw1|col2,A,own,1,2,1,1,2,2,50**,4,3,True,1,6,29,7
Ohio4,LS1,Evening,Set1,Draw1,2,col2,Evening|Set1|Draw1|col2,A,own,1,2,1,1,2,3,50**,4,3,True,1,6,29,7
Ohio4,LS1,Evening,Set1,Draw1,2,col2,Evening|Set1|Draw1|col2,A,own,1,2,1,1,2,4,0**,3,2,True,1,6,29,7
Ohio4,LS1,Evening,Set1,Draw1,2,col2,Evening|Set1|Draw1|col2,A,own,1,2,1,1,2,5,0**,3,2,True,1,6,29,7
Ohio4,LS1,Evening,Set1,Draw1,2,col2,Evening|Set1|Draw1|col2,A,own,1,2,1,1,2,6,**,2,1,True,1,6,29,7
Ohio4,LS1,Evening,Set1,Draw1,2,col2,Evening|Set1|Draw1|col2,A,combined,1,2,1,1,2,0,508**,5,4,False,1,7,57,5
Ohio4,LS1,Evening,Set1,Draw1,2,col2,Evening|Set1|Draw1|col2,A,combined,1,2,1,1,2,1,50**,4,3,True,1,7,57,5
Ohio4,LS1,Evening,Set1,Draw1,2,col2,Evening|Set1|Draw1|col2,A,combined,1,2,1,1,2,2,5**,3,2,True,1,7,57,5
Ohio4,LS1,Evening,Set1,Draw1,2,col2,Evening|Set1|Draw1|col2,A,combined,1,2,1,1,2,3,5**,3,2,True,1,7,57,5
Ohio4,LS1,Evening,Set1,Draw1,2,col2,Evening|Set1|Draw1|col2,A,combined,1,2,1,1,2,7,**,2,1,True,1,7,57,5
Ohio4,LS1,Evening,Set1,Draw1,2,col2,Evening|Set1|Draw1|col2,B,own,1,2,1,1,2,0,508**,5,4,False,1,6,29,7
Ohio4,LS1,Evening,Set1,Draw1,2,col2,Evening|Set1|Draw1|col2,B,own,1,2,1,1,2,1,50**,4,3,True,1,6,29,7
Ohio4,LS1,Evening,Set1,Draw1,2,col2,Evening|Set1|Draw1|col2,B,own,1,2,1,1,2,2,50**,4,3,True,1,6,29,7
Ohio4,LS1,Evening,Set1,Draw1,2,col2,Evening|Set1|Draw1|col2,B,own,1,2,1,1,2,3,50**,4,3,True,1,6,29,7
Ohio4,LS1,Evening,Set1,Draw1,2,col2,Evening|Set1|Draw1|col2,B,own,1,2,1,1,2,4,0**,3,2,True,1,6,29,7
Ohio4,LS1,Evening,Set1,Draw1,2,col2,Evening|Set1|Draw1|col2,B,own,1,2,1,1,2,5,0**,3,2,True,1,6,29,7
Ohio4,LS1,Evening,Set1,Draw1,2,col2,Evening|Set1|Draw1|col2,B,own,1,2,1,1,2,6,**,2,1,True,1,6,29,7
Ohio4,LS1,Evening,Set1,Draw1,2,col2,Evening|Set1|Draw1|col2,B,combined,1,2,1,1,2,0,508**,5,4,False,1,4,57,5
Ohio4,LS1,Evening,Set1,Draw1,2,col2,Evening|Set1|Draw1|col2,B,combined,1,2,1,1,2,1,50**,4,3,True,1,4,57,5
Ohio4,LS1,Evening,Set1,Draw1,2,col2,Evening|Set1|Draw1|col2,B,combined,1,2,1,1,2,2,5**,3,2,True,1,4,57,5
Ohio4,LS1,Evening,Set1,Draw1,2,col2,Evening|Set1|Draw1|col2,B,combined,1,2,1,1,2,3,5**,3,2,True,1,4,57,5
Ohio4,LS1,Evening,Set1,Draw1,2,col2,Evening|Set1|Draw1|col2,B,combined,1,2,1,1,2,4,**,2,1,True,1,4,57,5
Ohio4,LS1,Evening,Set1,Draw1,2,col2,Evening|Set1|Draw1|col2,C,own,1,2,1,1,2,0,508**,5,4,False,1,4,29,5
Ohio4,LS1,Evening,Set1,Draw1,2,col2,Evening|Set1|Draw1|col2,C,own,1,2,1,1,2,1,50**,4,3,True,1,4,29,5
Ohio4,LS1,Evening,Set1,Draw1,2,col2,Evening|Set1|Draw1|col2,C,own,1,2,1,1,2,2,50**,4,3,True,1,4,29,5
Ohio4,LS1,Evening,Set1,Draw1,2,col2,Evening|Set1|Draw1|col2,C,own,1,2,1,1,2,3,50**,4,3,True,1,4,29,5
Ohio4,LS1,Evening,Set1,Draw1,2,col2,Evening|Set1|Draw1|col2,C,own,1,2,1,1,2,4,**,2,1,True,1,4,29,5
Ohio4,LS1,Evening,Set1,Draw1,2,col2,Evening|Set1|Draw1|col2,C,combined,1,2,1,1,2,0,508**,5,4,False,1,2,57,3
Ohio4,LS1,Evening,Set1,Draw1,2,col2,Evening|Set1|Draw1|col2,C,combined,1,2,1,1,2,1,50**,4,3,True,1,2,57,3
Ohio4,LS1,Evening,Set1,Draw1,2,col2,Evening|Set1|Draw1|col2,C,combined,1,2,1,1,2,2,**,2,1,True,1,2,57,3
Ohio4,LS1,Evening,Set1,Draw1,2,col2,Evening|Set1|Draw1|col2,D,own,1,2,1,1,2,0,508**,5,4,False,1,4,29,5
Ohio4,LS1,Evening,Set1,Draw1,2,col2,Evening|Set1|Draw1|col2,D,own,1,2,1,1,2,1,50**,4,3,True,1,4,29,5
Ohio4,LS1,Evening,Set1,Draw1,2,col2,Evening|Set1|Draw1|col2,D,own,1,2,1,1,2,2,50**,4,3,True,1,4,29,5
Ohio4,LS1,Evening,Set1,Draw1,2,col2,Evening|Set1|Draw1|col2,D,own,1,2,1,1,2,3,50**,4,3,True,1,4,29,5
Ohio4,LS1,Evening,Set1,Draw1,2,col2,Evening|Set1|Draw1|col2,D,own,1,2,1,1,2,4,**,2,1,True,1,4,29,5
Ohio4,LS1,Evening,Set1,Draw1,2,col2,Evening|Set1|Draw1|col2,D,combined,1,2,1,1,2,0,508**,5,4,False,1,2,57,3
Ohio4,LS1,Evening,Set1,Draw1,2,col2,Evening|Set1|Draw1|col2,D,combined,1,2,1,1,2,1,50**,4,3,True,1,2,57,3
Ohio4,LS1,Evening,Set1,Draw1,2,col2,Evening|Set1|Draw1|col2,D,combined,1,2,1,1,2,2,**,2,1,True,1,2,57,3
Ohio4,LS1,Evening,Set1,Draw1,2,col2,Evening|Set1|Draw1|col2,E,own,1,2,1,1,2,0,508**,5,4,False,1,6,29,7
Ohio4,LS1,Evening,Set1,Draw1,2,col2,Evening|Set1|Draw1|col2,E,own,1,2,1,1,2,1,50**,4,3,True,1,6,29,7
Ohio4,LS1,Evening,Set1,Draw1,2,col2,Evening|Set1|Draw1|col2,E,own,1,2,1,1,2,2,50**,4,3,True,1,6,29,7
Ohio4,LS1,Evening,Set1,Draw1,2,col2,Evening|Set1|Draw1|col2,E,own,1,2,1,1,2,3,50**,4,3,True,1,6,29,7
Ohio4,LS1,Evening,Set1,Draw1,2,col2,Evening|Set1|Draw1|col2,E,own,1,2,1,1,2,4,0**,3,2,True,1,6,29,7
Ohio4,LS1,Evening,Set1,Draw1,2,col2,Evening|Set1|Draw1|col2,E,own,1,2,1,1,2,5,0**,3,2,True,1,6,29,7
Ohio4,LS1,Evening,Set1,Draw1,2,col2,Evening|Set1|Draw1|col2,E,own,1,2,1,1,2,6,**,2,1,True,1,6,29,7
Ohio4,LS1,Evening,Set1,Draw1,2,col2,Evening|Set1|Draw1|col2,E,combined,1,2,1,1,2,0,508**,5,4,False,1,4,57,5
Ohio4,LS1,Evening,Set1,Draw1,2,col2,Evening|Set1|Draw1|col2,E,combined,1,2,1,1,2,1,50**,4,3,True,1,4,57,5
Ohio4,LS1,Evening,Set1,Draw1,2,col2,Evening|Set1|Draw1|col2,E,combined,1,2,1,1,2,2,5**,3,2,True,1,4,57,5
Ohio4,LS1,Evening,Set1,Draw1,2,col2,Evening|Set1|Draw1|col2,E,combined,1,2,1,1,2,3,5**,3,2,True,1,4,57,5
Ohio4,LS1,Evening,Set1,Draw1,2,col2,Evening|Set1|Draw1|col2,E,combined,1,2,1,1,2,4,**,2,1,True,1,4,57,5
Ohio4,LS1,Evening,Set1,Draw1,2,col2,Evening|Set1|Draw1|col2,T,own,1,2,1,1,2,0,508**,5,4,False,1,6,29,7
Ohio4,LS1,Evening,Set1,Draw1,2,col2,Evening|Set1|Draw1|col2,T,own,1,2,1,1,2,1,50**,4,3,True,1,6,29,7
Ohio4,LS1,Evening,Set1,Draw1,2,col2,Evening|Set1|Draw1|col2,T,own,1,2,1,1,2,2,50**,4,3,True,1,6,29,7
Ohio4,LS1,Evening,Set1,Draw1,2,col2,Evening|Set1|Draw1|col2,T,own,1,2,1,1,2,3,50**,4,3,True,1,6,29,7
Ohio4,LS1,Evening,Set1,Draw1,2,col2,Evening|Set1|Draw1|col2,T,own,1,2,1,1,2,4,0**,3,2,True,1,6,29,7
Ohio4,LS1,Evening,Set1,Draw1,2,col2,Evening|Set1|Draw1|col2,T,own,1,2,1,1,2,5,0**,3,2,True,1,6,29,7
Ohio4,LS1,Evening,Set1,Draw1,2,col2,Evening|Set1|Draw1|col2,T,own,1,2,1,1,2,6,**,2,1,True,1,6,29,7
Ohio4,LS1,Evening,Set1,Draw1,2,col2,Evening|Set1|Draw1|col2,T,combined,1,2,1,1,2,0,508**,5,4,False,1,7,57,5
Ohio4,LS1,Evening,Set1,Draw1,2,col2,Evening|Set1|Draw1|col2,T,combined,1,2,1,1,2,1,50**,4,3,True,1,7,57,5
Ohio4,LS1,Evening,Set1,Draw1,2,col2,Evening|Set1|Draw1|col2,T,combined,1,2,1,1,2,2,5**,3,2,True,1,7,57,5
Ohio4,LS1,Evening,Set1,Draw1,2,col2,Evening|Set1|Draw1|col2,T,combined,1,2,1,1,2,3,5**,3,2,True,1,7,57,5
Ohio4,LS1,Evening,Set1,Draw1,2,col2,Evening|Set1|Draw1|col2,T,combined,1,2,1,1,2,7,**,2,1,True,1,7,57,5
Ohio4,LS1,Evening,Set1,Draw2,6,col6,Evening|Set1|Draw2|col6,A,own,1,2,1,2,6,0,55994401887,11,7,False,3,6,7,7
Ohio4,LS1,Evening,Set1,Draw2,6,col6,Evening|Set1|Draw2|col6,A,own,1,2,1,2,6,1,559944017,9,6,False,3,6,7,7
Ohio4,LS1,Evening,Set1,Draw2,6,col6,Evening|Set1|Draw2|col6,A,own,1,2,1,2,6,2,5544017,7,5,False,3,6,7,7
Ohio4,LS1,Evening,Set1,Draw2,6,col6,Evening|Set1|Draw2|col6,A,own,1,2,1,2,6,3,5507,4,3,True,3,6,7,7
Ohio4,LS1,Evening,Set1,Draw2,6,col6,Evening|Set1|Draw2|col6,A,own,1,2,1,2,6,4,0,1,1,True,3,6,7,7
Ohio4,LS1,Evening,Set1,Draw2,6,col6,Evening|Set1|Draw2|col6,A,own,1,2,1,2,6,5,0,1,1,True,3,6,7,7
Ohio4,LS1,Evening,Set1,Draw2,6,col6,Evening|Set1|Draw2|col6,A,own,1,2,1,2,6,6,,0,0,False,3,6,7,7
Ohio4,LS1,Evening,Set1,Draw2,6,col6,Evening|Set1|Draw2|col6,A,combined,1,2,1,2,6,0,55994401887,11,7,False,4,7,8,8
Ohio4,LS1,Evening,Set1,Draw2,6,col6,Evening|Set1|Draw2|col6,A,combined,1,2,1,2,6,1,559944017,9,6,False,4,7,8,8
Ohio4,LS1,Evening,Set1,Draw2,6,col6,Evening|Set1|Draw2|col6,A,combined,1,2,1,2,6,2,554417,6,4,False,4,7,8,8
Ohio4,LS1,Evening,Set1,Draw2,6,col6,Evening|Set1|Draw2|col6,A,combined,1,2,1,2,6,3,554417,6,4,False,4,7,8,8
Ohio4,LS1,Evening,Set1,Draw2,6,col6,Evening|Set1|Draw2|col6,A,combined,1,2,1,2,6,4,55441,5,3,True,4,7,8,8
Ohio4,LS1,Evening,Set1,Draw2,6,col6,Evening|Set1|Draw2|col6,A,combined,1,2,1,2,6,5,55,2,1,True,4,7,8,8
Ohio4,LS1,Evening,Set1,Draw2,6,col6,Evening|Set1|Draw2|col6,A,combined,1,2,1,2,6,6,55,2,1,True,4,7,8,8
Ohio4,LS1,Evening,Set1,Draw2,6,col6,Evening|Set1|Draw2|col6,A,combined,1,2,1,2,6,7,,0,0,False,4,7,8,8
Ohio4,LS1,Evening,Set1,Draw2,6,col6,Evening|Set1|Draw2|col6,B,own,1,2,1,2,6,0,55994401887,11,7,False,2,6,7,7
Ohio4,LS1,Evening,Set1,Draw2,6,col6,Evening|Set1|Draw2|col6,B,own,1,2,1,2,6,1,55994407,8,5,False,2,6,7,7
Ohio4,LS1,Evening,Set1,Draw2,6,col6,Evening|Set1|Draw2|col6,B,own,1,2,1,2,6,2,5507,4,3,True,2,6,7,7
Ohio4,LS1,Evening,Set1,Draw2,6,col6,Evening|Set1|Draw2|col6,B,own,1,2,1,2,6,3,550,3,2,True,2,6,7,7
Ohio4,LS1,Evening,Set1,Draw2,6,col6,Evening|Set1|Draw2|col6,B,own,1,2,1,2,6,4,0,1,1,True,2,6,7,7
Ohio4,LS1,Evening,Set1,Draw2,6,col6,Evening|Set1|Draw2|col6,B,own,1,2,1,2,6,5,0,1,1,True,2,6,7,7
Ohio4,LS1,Evening,Set1,Draw2,6,col6,Evening|Set1|Draw2|col6,B,own,1,2,1,2,6,6,,0,0,False,2,6,7,7
Ohio4,LS1,Evening,Set1,Draw2,6,col6,Evening|Set1|Draw2|col6,B,combined,1,2,1,2,6,0,55994401887,11,7,False,2,4,5,5
Ohio4,LS1,Evening,Set1,Draw2,6,col6,Evening|Set1|Draw2|col6,B,combined,1,2,1,2,6,1,55994407,8,5,False,2,4,5,5
Ohio4,LS1,Evening,Set1,Draw2,6,col6,Evening|Set1|Draw2|col6,B,combined,1,2,1,2,6,2,55447,5,3,True,2,4,5,5
Ohio4,LS1,Evening,Set1,Draw2,6,col6,Evening|Set1|Draw2|col6,B,combined,1,2,1,2,6,3,557,3,2,True,2,4,5,5
Ohio4,LS1,Evening,Set1,Draw2,6,col6,Evening|Set1|Draw2|col6,B,combined,1,2,1,2,6,4,,0,0,False,2,4,5,5
Ohio4,LS1,Evening,Set1,Draw2,6,col6,Evening|Set1|Draw2|col6,C,own,1,2,1,2,6,0,55994401887,11,7,False,2,4,5,5
Ohio4,LS1,Evening,Set1,Draw2,6,col6,Evening|Set1|Draw2|col6,C,own,1,2,1,2,6,1,55994407,8,5,False,2,4,5,5
Ohio4,LS1,Evening,Set1,Draw2,6,col6,Evening|Set1|Draw2|col6,C,own,1,2,1,2,6,2,5507,4,3,True,2,4,5,5
Ohio4,LS1,Evening,Set1,Draw2,6,col6,Evening|Set1|Draw2|col6,C,own,1,2,1,2,6,3,550,3,2,True,2,4,5,5
Ohio4,LS1,Evening,Set1,Draw2,6,col6,Evening|Set1|Draw2|col6,C,own,1,2,1,2,6,4,,0,0,False,2,4,5,5
Ohio4,LS1,Evening,Set1,Draw2,6,col6,Evening|Set1|Draw2|col6,C,combined,1,2,1,2,6,0,55994401887,11,7,False,2,4,5,5
Ohio4,LS1,Evening,Set1,Draw2,6,col6,Evening|Set1|Draw2|col6,C,combined,1,2,1,2,6,1,55994407,8,5,False,2,4,5,5
Ohio4,LS1,Evening,Set1,Draw2,6,col6,Evening|Set1|Draw2|col6,C,combined,1,2,1,2,6,2,7,1,1,True,2,4,5,5
Ohio4,LS1,Evening,Set1,Draw2,6,col6,Evening|Set1|Draw2|col6,C,combined,1,2,1,2,6,3,7,1,1,True,2,4,5,5
Ohio4,LS1,Evening,Set1,Draw2,6,col6,Evening|Set1|Draw2|col6,C,combined,1,2,1,2,6,4,,0,0,False,2,4,5,5
Ohio4,LS1,Evening,Set1,Draw2,6,col6,Evening|Set1|Draw2|col6,D,own,1,2,1,2,6,0,55994401887,11,7,False,2,4,5,5
Ohio4,LS1,Evening,Set1,Draw2,6,col6,Evening|Set1|Draw2|col6,D,own,1,2,1,2,6,1,55994407,8,5,False,2,4,5,5
Ohio4,LS1,Evening,Set1,Draw2,6,col6,Evening|Set1|Draw2|col6,D,own,1,2,1,2,6,2,5507,4,3,True,2,4,5,5
Ohio4,LS1,Evening,Set1,Draw2,6,col6,Evening|Set1|Draw2|col6,D,own,1,2,1,2,6,3,550,3,2,True,2,4,5,5
Ohio4,LS1,Evening,Set1,Draw2,6,col6,Evening|Set1|Draw2|col6,D,own,1,2,1,2,6,4,,0,0,False,2,4,5,5
Ohio4,LS1,Evening,Set1,Draw2,6,col6,Evening|Set1|Draw2|col6,D,combined,1,2,1,2,6,0,55994401887,11,7,False,2,4,5,5
Ohio4,LS1,Evening,Set1,Draw2,6,col6,Evening|Set1|Draw2|col6,D,combined,1,2,1,2,6,1,55994407,8,5,False,2,4,5,5
Ohio4,LS1,Evening,Set1,Draw2,6,col6,Evening|Set1|Draw2|col6,D,combined,1,2,1,2,6,2,547,3,3,True,2,4,5,5
Ohio4,LS1,Evening,Set1,Draw2,6,col6,Evening|Set1|Draw2|col6,D,combined,1,2,1,2,6,3,57,2,2,True,2,4,5,5
Ohio4,LS1,Evening,Set1,Draw2,6,col6,Evening|Set1|Draw2|col6,D,combined,1,2,1,2,6,4,,0,0,False,2,4,5,5
Ohio4,LS1,Evening,Set1,Draw2,6,col6,Evening|Set1|Draw2|col6,E,own,1,2,1,2,6,0,55994401887,11,7,False,3,11,12,9
Ohio4,LS1,Evening,Set1,Draw2,6,col6,Evening|Set1|Draw2|col6,E,own,1,2,1,2,6,1,55994407,8,5,False,3,11,12,9
Ohio4,LS1,Evening,Set1,Draw2,6,col6,Evening|Set1|Draw2|col6,E,own,1,2,1,2,6,2,554407,6,4,False,3,11,12,9
Ohio4,LS1,Evening,Set1,Draw2,6,col6,Evening|Set1|Draw2|col6,E,own,1,2,1,2,6,3,5540,4,3,True,3,11,12,9
Ohio4,LS1,Evening,Set1,Draw2,6,col6,Evening|Set1|Draw2|col6,E,own,1,2,1,2,6,4,50,2,2,True,3,11,12,9
Ohio4,LS1,Evening,Set1,Draw2,6,col6,Evening|Set1|Draw2|col6,E,own,1,2,1,2,6,5,50,2,2,True,3,11,12,9
Ohio4,LS1,Evening,Set1,Draw2,6,col6,Evening|Set1|Draw2|col6,E,own,1,2,1,2,6,6,5,1,1,True,3,11,12,9
Ohio4,LS1,Evening,Set1,Draw2,6,col6,Evening|Set1|Draw2|col6,E,own,1,2,1,2,6,7,5,1,1,True,3,11,12,9
Ohio4,LS1,Evening,Set1,Draw2,6,col6,Evening|Set1|Draw2|col6,E,own,1,2,1,2,6,11,,0,0,False,3,11,12,9
Ohio4,LS1,Evening,Set1,Draw2,6,col6,Evening|Set1|Draw2|col6,E,combined,1,2,1,2,6,0,55994401887,11,7,False,3,7,8,8
Ohio4,LS1,Evening,Set1,Draw2,6,col6,Evening|Set1|Draw2|col6,E,combined,1,2,1,2,6,1,55994407,8,5,False,3,7,8,8
Ohio4,LS1,Evening,Set1,Draw2,6,col6,Evening|Set1|Draw2|col6,E,combined,1,2,1,2,6,2,559447,6,4,False,3,7,8,8
Ohio4,LS1,Evening,Set1,Draw2,6,col6,Evening|Set1|Draw2|col6,E,combined,1,2,1,2,6,3,5547,4,3,True,3,7,8,8
Ohio4,LS1,Evening,Set1,Draw2,6,col6,Evening|Set1|Draw2|col6,E,combined,1,2,1,2,6,4,54,2,2,True,3,7,8,8
Ohio4,LS1,Evening,Set1,Draw2,6,col6,Evening|Set1|Draw2|col6,E,combined,1,2,1,2,6,5,5,1,1,True,3,7,8,8
Ohio4,LS1,Evening,Set1,Draw2,6,col6,Evening|Set1|Draw2|col6,E,combined,1,2,1,2,6,6,5,1,1,True,3,7,8,8
Ohio4,LS1,Evening,Set1,Draw2,6,col6,Evening|Set1|Draw2|col6,E,combined,1,2,1,2,6,7,,0,0,False,3,7,8,8
Ohio4,LS1,Evening,Set1,Draw2,6,col6,Evening|Set1|Draw2|col6,T,own,1,2,1,2,6,0,55994401887,11,7,False,2,6,7,7
Ohio4,LS1,Evening,Set1,Draw2,6,col6,Evening|Set1|Draw2|col6,T,own,1,2,1,2,6,1,55994407,8,5,False,2,6,7,7
Ohio4,LS1,Evening,Set1,Draw2,6,col6,Evening|Set1|Draw2|col6,T,own,1,2,1,2,6,2,5507,4,3,True,2,6,7,7
Ohio4,LS1,Evening,Set1,Draw2,6,col6,Evening|Set1|Draw2|col6,T,own,1,2,1,2,6,3,550,3,2,True,2,6,7,7
Ohio4,LS1,Evening,Set1,Draw2,6,col6,Evening|Set1|Draw2|col6,T,own,1,2,1,2,6,4,0,1,1,True,2,6,7,7
Ohio4,LS1,Evening,Set1,Draw2,6,col6,Evening|Set1|Draw2|col6,T,own,1,2,1,2,6,5,0,1,1,True,2,6,7,7
Ohio4,LS1,Evening,Set1,Draw2,6,col6,Evening|Set1|Draw2|col6,T,own,1,2,1,2,6,6,,0,0,False,2,6,7,7
Ohio4,LS1,Evening,Set1,Draw2,6,col6,Evening|Set1|Draw2|col6,T,combined,1,2,1,2,6,0,55994401887,11,7,False,2,5,6,6
Ohio4,LS1,Evening,Set1,Draw2,6,col6,Evening|Set1|Draw2|col6,T,combined,1,2,1,2,6,1,55994407,8,5,False,2,5,6,6
Ohio4,LS1,Evening,Set1,Draw2,6,col6,Evening|Set1|Draw2|col6,T,combined,1,2,1,2,6,2,447,3,2,True,2,5,6,6
Ohio4,LS1,Evening,Set1,Draw2,6,col6,Evening|Set1|Draw2|col6,T,combined,1,2,1,2,6,3,447,3,2,True,2,5,6,6
Ohio4,LS1,Evening,Set1,Draw2,6,col6,Evening|Set1|Draw2|col6,T,combined,1,2,1,2,6,4,44,2,1,True,2,5,6,6
Ohio4,LS1,Evening,Set1,Draw2,6,col6,Evening|Set1|Draw2|col6,T,combined,1,2,1,2,6,5,,0,0,False,2,5,6,6
Ohio4,LS1,Evening,Set1,Draw2,5,col5,Evening|Set1|Draw2|col5,A,own,1,2,1,2,5,0,5599401887,10,7,False,3,6,7,7
Ohio4,LS1,Evening,Set1,Draw2,5,col5,Evening|Set1|Draw2|col5,A,own,1,2,1,2,5,1,55994017,8,6,False,3,6,7,7
Ohio4,LS1,Evening,Set1,Draw2,5,col5,Evening|Set1|Draw2|col5,A,own,1,2,1,2,5,2,554017,6,5,False,3,6,7,7
Ohio4,LS1,Evening,Set1,Draw2,5,col5,Evening|Set1|Draw2|col5,A,own,1,2,1,2,5,3,5507,4,3,True,3,6,7,7
Ohio4,LS1,Evening,Set1,Draw2,5,col5,Evening|Set1|Draw2|col5,A,own,1,2,1,2,5,4,0,1,1,True,3,6,7,7
Ohio4,LS1,Evening,Set1,Draw2,5,col5,Evening|Set1|Draw2|col5,A,own,1,2,1,2,5,5,0,1,1,True,3,6,7,7
Ohio4,LS1,Evening,Set1,Draw2,5,col5,Evening|Set1|Draw2|col5,A,own,1,2,1,2,5,6,,0,0,False,3,6,7,7
Ohio4,LS1,Evening,Set1,Draw2,5,col5,Evening|Set1|Draw2|col5,A,combined,1,2,1,2,5,0,5599401887,10,7,False,4,7,8,8
Ohio4,LS1,Evening,Set1,Draw2,5,col5,Evening|Set1|Draw2|col5,A,combined,1,2,1,2,5,1,55994017,8,6,False,4,7,8,8
Ohio4,LS1,Evening,Set1,Draw2,5,col5,Evening|Set1|Draw2|col5,A,combined,1,2,1,2,5,2,55417,5,4,False,4,7,8,8
Ohio4,LS1,Evening,Set1,Draw2,5,col5,Evening|Set1|Draw2|col5,A,combined,1,2,1,2,5,3,55417,5,4,False,4,7,8,8
Ohio4,LS1,Evening,Set1,Draw2,5,col5,Evening|Set1|Draw2|col5,A,combined,1,2,1,2,5,4,5541,4,3,True,4,7,8,8
Ohio4,LS1,Evening,Set1,Draw2,5,col5,Evening|Set1|Draw2|col5,A,combined,1,2,1,2,5,5,55,2,1,True,4,7,8,8
Ohio4,LS1,Evening,Set1,Draw2,5,col5,Evening|Set1|Draw2|col5,A,combined,1,2,1,2,5,6,55,2,1,True,4,7,8,8
Ohio4,LS1,Evening,Set1,Draw2,5,col5,Evening|Set1|Draw2|col5,A,combined,1,2,1,2,5,7,,0,0,False,4,7,8,8
Ohio4,LS1,Evening,Set1,Draw2,5,col5,Evening|Set1|Draw2|col5,B,own,1,2,1,2,5,0,5599401887,10,7,False,2,6,7,7
Ohio4,LS1,Evening,Set1,Draw2,5,col5,Evening|Set1|Draw2|col5,B,own,1,2,1,2,5,1,5599407,7,5,False,2,6,7,7
Ohio4,LS1,Evening,Set1,Draw2,5,col5,Evening|Set1|Draw2|col5,B,own,1,2,1,2,5,2,5507,4,3,True,2,6,7,7
Ohio4,LS1,Evening,Set1,Draw2,5,col5,Evening|Set1|Draw2|col5,B,own,1,2,1,2,5,3,550,3,2,True,2,6,7,7
Ohio4,LS1,Evening,Set1,Draw2,5,col5,Evening|Set1|Draw2|col5,B,own,1,2,1,2,5,4,0,1,1,True,2,6,7,7
Ohio4,LS1,Evening,Set1,Draw2,5,col5,Evening|Set1|Draw2|col5,B,own,1,2,1,2,5,5,0,1,1,True,2,6,7,7
Ohio4,LS1,Evening,Set1,Draw2,5,col5,Evening|Set1|Draw2|col5,B,own,1,2,1,2,5,6,,0,0,False,2,6,7,7
Ohio4,LS1,Evening,Set1,Draw2,5,col5,Evening|Set1|Draw2|col5,B,combined,1,2,1,2,5,0,5599401887,10,7,False,2,4,5,5
Ohio4,LS1,Evening,Set1,Draw2,5,col5,Evening|Set1|Draw2|col5,B,combined,1,2,1,2,5,1,5599407,7,5,False,2,4,5,5
Ohio4,LS1,Evening,Set1,Draw2,5,col5,Evening|Set1|Draw2|col5,B,combined,1,2,1,2,5,2,5547,4,3,True,2,4,5,5
Ohio4,LS1,Evening,Set1,Draw2,5,col5,Evening|Set1|Draw2|col5,B,combined,1,2,1,2,5,3,557,3,2,True,2,4,5,5
Ohio4,LS1,Evening,Set1,Draw2,5,col5,Evening|Set1|Draw2|col5,B,combined,1,2,1,2,5,4,,0,0,False,2,4,5,5
Ohio4,LS1,Evening,Set1,Draw2,5,col5,Evening|Set1|Draw2|col5,C,own,1,2,1,2,5,0,5599401887,10,7,False,2,4,5,5
Ohio4,LS1,Evening,Set1,Draw2,5,col5,Evening|Set1|Draw2|col5,C,own,1,2,1,2,5,1,5599407,7,5,False,2,4,5,5
Ohio4,LS1,Evening,Set1,Draw2,5,col5,Evening|Set1|Draw2|col5,C,own,1,2,1,2,5,2,5507,4,3,True,2,4,5,5
Ohio4,LS1,Evening,Set1,Draw2,5,col5,Evening|Set1|Draw2|col5,C,own,1,2,1,2,5,3,550,3,2,True,2,4,5,5
Ohio4,LS1,Evening,Set1,Draw2,5,col5,Evening|Set1|Draw2|col5,C,own,1,2,1,2,5,4,,0,0,False,2,4,5,5
Ohio4,LS1,Evening,Set1,Draw2,5,col5,Evening|Set1|Draw2|col5,C,combined,1,2,1,2,5,0,5599401887,10,7,False,2,4,5,5
Ohio4,LS1,Evening,Set1,Draw2,5,col5,Evening|Set1|Draw2|col5,C,combined,1,2,1,2,5,1,5599407,7,5,False,2,4,5,5
Ohio4,LS1,Evening,Set1,Draw2,5,col5,Evening|Set1|Draw2|col5,C,combined,1,2,1,2,5,2,7,1,1,True,2,4,5,5
Ohio4,LS1,Evening,Set1,Draw2,5,col5,Evening|Set1|Draw2|col5,C,combined,1,2,1,2,5,3,7,1,1,True,2,4,5,5
Ohio4,LS1,Evening,Set1,Draw2,5,col5,Evening|Set1|Draw2|col5,C,combined,1,2,1,2,5,4,,0,0,False,2,4,5,5
Ohio4,LS1,Evening,Set1,Draw2,5,col5,Evening|Set1|Draw2|col5,D,own,1,2,1,2,5,0,5599401887,10,7,False,2,4,5,5
Ohio4,LS1,Evening,Set1,Draw2,5,col5,Evening|Set1|Draw2|col5,D,own,1,2,1,2,5,1,5599407,7,5,False,2,4,5,5
Ohio4,LS1,Evening,Set1,Draw2,5,col5,Evening|Set1|Draw2|col5,D,own,1,2,1,2,5,2,5507,4,3,True,2,4,5,5
Ohio4,LS1,Evening,Set1,Draw2,5,col5,Evening|Set1|Draw2|col5,D,own,1,2,1,2,5,3,550,3,2,True,2,4,5,5
Ohio4,LS1,Evening,Set1,Draw2,5,col5,Evening|Set1|Draw2|col5,D,own,1,2,1,2,5,4,,0,0,False,2,4,5,5
Ohio4,LS1,Evening,Set1,Draw2,5,col5,Evening|Set1|Draw2|col5,D,combined,1,2,1,2,5,0,5599401887,10,7,False,2,4,5,5
Ohio4,LS1,Evening,Set1,Draw2,5,col5,Evening|Set1|Draw2|col5,D,combined,1,2,1,2,5,1,5599407,7,5,False,2,4,5,5
Ohio4,LS1,Evening,Set1,Draw2,5,col5,Evening|Set1|Draw2|col5,D,combined,1,2,1,2,5,2,57,2,2,True,2,4,5,5
Ohio4,LS1,Evening,Set1,Draw2,5,col5,Evening|Set1|Draw2|col5,D,combined,1,2,1,2,5,3,57,2,2,True,2,4,5,5
Ohio4,LS1,Evening,Set1,Draw2,5,col5,Evening|Set1|Draw2|col5,D,combined,1,2,1,2,5,4,,0,0,False,2,4,5,5
Ohio4,LS1,Evening,Set1,Draw2,5,col5,Evening|Set1|Draw2|col5,E,own,1,2,1,2,5,0,5599401887,10,7,False,3,11,12,9
Ohio4,LS1,Evening,Set1,Draw2,5,col5,Evening|Set1|Draw2|col5,E,own,1,2,1,2,5,1,5599407,7,5,False,3,11,12,9
Ohio4,LS1,Evening,Set1,Draw2,5,col5,Evening|Set1|Draw2|col5,E,own,1,2,1,2,5,2,55407,5,4,False,3,11,12,9
Ohio4,LS1,Evening,Set1,Draw2,5,col5,Evening|Set1|Draw2|col5,E,own,1,2,1,2,5,3,550,3,2,True,3,11,12,9
Ohio4,LS1,Evening,Set1,Draw2,5,col5,Evening|Set1|Draw2|col5,E,own,1,2,1,2,5,4,50,2,2,True,3,11,12,9
Ohio4,LS1,Evening,Set1,Draw2,5,col5,Evening|Set1|Draw2|col5,E,own,1,2,1,2,5,5,50,2,2,True,3,11,12,9
Ohio4,LS1,Evening,Set1,Draw2,5,col5,Evening|Set1|Draw2|col5,E,own,1,2,1,2,5,6,5,1,1,True,3,11,12,9
Ohio4,LS1,Evening,Set1,Draw2,5,col5,Evening|Set1|Draw2|col5,E,own,1,2,1,2,5,7,5,1,1,True,3,11,12,9
Ohio4,LS1,Evening,Set1,Draw2,5,col5,Evening|Set1|Draw2|col5,E,own,1,2,1,2,5,11,,0,0,False,3,11,12,9
Ohio4,LS1,Evening,Set1,Draw2,5,col5,Evening|Set1|Draw2|col5,E,combined,1,2,1,2,5,0,5599401887,10,7,False,3,7,8,7
Ohio4,LS1,Evening,Set1,Draw2,5,col5,Evening|Set1|Draw2|col5,E,combined,1,2,1,2,5,1,5599407,7,5,False,3,7,8,7
Ohio4,LS1,Evening,Set1,Draw2,5,col5,Evening|Set1|Draw2|col5,E,combined,1,2,1,2,5,2,55947,5,4,False,3,7,8,7
Ohio4,LS1,Evening,Set1,Draw2,5,col5,Evening|Set1|Draw2|col5,E,combined,1,2,1,2,5,3,557,3,2,True,3,7,8,7
Ohio4,LS1,Evening,Set1,Draw2,5,col5,Evening|Set1|Draw2|col5,E,combined,1,2,1,2,5,4,5,1,1,True,3,7,8,7
Ohio4,LS1,Evening,Set1,Draw2,5,col5,Evening|Set1|Draw2|col5,E,combined,1,2,1,2,5,5,5,1,1,True,3,7,8,7
Ohio4,LS1,Evening,Set1,Draw2,5,col5,Evening|Set1|Draw2|col5,E,combined,1,2,1,2,5,7,,0,0,False,3,7,8,7
Ohio4,LS1,Evening,Set1,Draw2,5,col5,Evening|Set1|Draw2|col5,T,own,1,2,1,2,5,0,5599401887,10,7,False,2,6,7,7
Ohio4,LS1,Evening,Set1,Draw2,5,col5,Evening|Set1|Draw2|col5,T,own,1,2,1,2,5,1,5599407,7,5,False,2,6,7,7
Ohio4,LS1,Evening,Set1,Draw2,5,col5,Evening|Set1|Draw2|col5,T,own,1,2,1,2,5,2,5507,4,3,True,2,6,7,7
Ohio4,LS1,Evening,Set1,Draw2,5,col5,Evening|Set1|Draw2|col5,T,own,1,2,1,2,5,3,550,3,2,True,2,6,7,7
Ohio4,LS1,Evening,Set1,Draw2,5,col5,Evening|Set1|Draw2|col5,T,own,1,2,1,2,5,4,0,1,1,True,2,6,7,7
Ohio4,LS1,Evening,Set1,Draw2,5,col5,Evening|Set1|Draw2|col5,T,own,1,2,1,2,5,5,0,1,1,True,2,6,7,7
Ohio4,LS1,Evening,Set1,Draw2,5,col5,Evening|Set1|Draw2|col5,T,own,1,2,1,2,5,6,,0,0,False,2,6,7,7
Ohio4,LS1,Evening,Set1,Draw2,5,col5,Evening|Set1|Draw2|col5,T,combined,1,2,1,2,5,0,5599401887,10,7,False,2,5,6,6
Ohio4,LS1,Evening,Set1,Draw2,5,col5,Evening|Set1|Draw2|col5,T,combined,1,2,1,2,5,1,5599407,7,5,False,2,5,6,6
Ohio4,LS1,Evening,Set1,Draw2,5,col5,Evening|Set1|Draw2|col5,T,combined,1,2,1,2,5,2,47,2,2,True,2,5,6,6
Ohio4,LS1,Evening,Set1,Draw2,5,col5,Evening|Set1|Draw2|col5,T,combined,1,2,1,2,5,3,47,2,2,True,2,5,6,6
Ohio4,LS1,Evening,Set1,Draw2,5,col5,Evening|Set1|Draw2|col5,T,combined,1,2,1,2,5,4,4,1,1,True,2,5,6,6
Ohio4,LS1,Evening,Set1,Draw2,5,col5,Evening|Set1|Draw2|col5,T,combined,1,2,1,2,5,5,,0,0,False,2,5,6,6
Ohio4,LS1,Evening,Set1,Draw2,4,col4,Evening|Set1|Draw2|col4,A,own,1,2,1,2,4,0,5990188*,8,6,False,3,6,29,7
Ohio4,LS1,Evening,Set1,Draw2,4,col4,Evening|Set1|Draw2|col4,A,own,1,2,1,2,4,1,59901*,6,5,False,3,6,29,7
Ohio4,LS1,Evening,Set1,Draw2,4,col4,Evening|Set1|Draw2|col4,A,own,1,2,1,2,4,2,501*,4,4,False,3,6,29,7
Ohio4,LS1,Evening,Set1,Draw2,4,col4,Evening|Set1|Draw2|col4,A,own,1,2,1,2,4,3,50*,3,3,True,3,6,29,7
Ohio4,LS1,Evening,Set1,Draw2,4,col4,Evening|Set1|Draw2|col4,A,own,1,2,1,2,4,4,0*,2,2,True,3,6,29,7
Ohio4,LS1,Evening,Set1,Draw2,4,col4,Evening|Set1|Draw2|col4,A,own,1,2,1,2,4,5,0*,2,2,True,3,6,29,7
Ohio4,LS1,Evening,Set1,Draw2,4,col4,Evening|Set1|Draw2|col4,A,own,1,2,1,2,4,6,*,1,1,True,3,6,29,7
Ohio4,LS1,Evening,Set1,Draw2,4,col4,Evening|Set1|Draw2|col4,A,combined,1,2,1,2,4,0,5990188*,8,6,False,2,7,57,7
Ohio4,LS1,Evening,Set1,Draw2,4,col4,Evening|Set1|Draw2|col4,A,combined,1,2,1,2,4,1,59901*,6,5,False,2,7,57,7
Ohio4,LS1,Evening,Set1,Draw2,4,col4,Evening|Set1|Draw2|col4,A,combined,1,2,1,2,4,2,51*,3,3,True,2,7,57,7
Ohio4,LS1,Evening,Set1,Draw2,4,col4,Evening|Set1|Draw2|col4,A,combined,1,2,1,2,4,3,51*,3,3,True,2,7,57,7
Ohio4,LS1,Evening,Set1,Draw2,4,col4,Evening|Set1|Draw2|col4,A,combined,1,2,1,2,4,5,5*,2,2,True,2,7,57,7
Ohio4,LS1,Evening,Set1,Draw2,4,col4,Evening|Set1|Draw2|col4,A,combined,1,2,1,2,4,6,5*,2,2,True,2,7,57,7
Ohio4,LS1,Evening,Set1,Draw2,4,col4,Evening|Set1|Draw2|col4,A,combined,1,2,1,2,4,7,*,1,1,True,2,7,57,7
Ohio4,LS1,Evening,Set1,Draw2,4,col4,Evening|Set1|Draw2|col4,B,own,1,2,1,2,4,0,5990188*,8,6,False,2,6,29,7
Ohio4,LS1,Evening,Set1,Draw2,4,col4,Evening|Set1|Draw2|col4,B,own,1,2,1,2,4,1,5990*,5,4,False,2,6,29,7
Ohio4,LS1,Evening,Set1,Draw2,4,col4,Evening|Set1|Draw2|col4,B,own,1,2,1,2,4,2,50*,3,3,True,2,6,29,7
Ohio4,LS1,Evening,Set1,Draw2,4,col4,Evening|Set1|Draw2|col4,B,own,1,2,1,2,4,3,50*,3,3,True,2,6,29,7
Ohio4,LS1,Evening,Set1,Draw2,4,col4,Evening|Set1|Draw2|col4,B,own,1,2,1,2,4,4,0*,2,2,True,2,6,29,7
Ohio4,LS1,Evening,Set1,Draw2,4,col4,Evening|Set1|Draw2|col4,B,own,1,2,1,2,4,5,0*,2,2,True,2,6,29,7
Ohio4,LS1,Evening,Set1,Draw2,4,col4,Evening|Set1|Draw2|col4,B,own,1,2,1,2,4,6,*,1,1,True,2,6,29,7
Ohio4,LS1,Evening,Set1,Draw2,4,col4,Evening|Set1|Draw2|col4,B,combined,1,2,1,2,4,0,5990188*,8,6,False,2,4,57,5
Ohio4,LS1,Evening,Set1,Draw2,4,col4,Evening|Set1|Draw2|col4,B,combined,1,2,1,2,4,1,5990*,5,4,False,2,4,57,5
Ohio4,LS1,Evening,Set1,Draw2,4,col4,Evening|Set1|Draw2|col4,B,combined,1,2,1,2,4,2,5*,2,2,True,2,4,57,5
Ohio4,LS1,Evening,Set1,Draw2,4,col4,Evening|Set1|Draw2|col4,B,combined,1,2,1,2,4,3,5*,2,2,True,2,4,57,5
Ohio4,LS1,Evening,Set1,Draw2,4,col4,Evening|Set1|Draw2|col4,B,combined,1,2,1,2,4,4,*,1,1,True,2,4,57,5
Ohio4,LS1,Evening,Set1,Draw2,4,col4,Evening|Set1|Draw2|col4,C,own,1,2,1,2,4,0,5990188*,8,6,False,2,4,29,5
Ohio4,LS1,Evening,Set1,Draw2,4,col4,Evening|Set1|Draw2|col4,C,own,1,2,1,2,4,1,5990*,5,4,False,2,4,29,5
Ohio4,LS1,Evening,Set1,Draw2,4,col4,Evening|Set1|Draw2|col4,C,own,1,2,1,2,4,2,50*,3,3,True,2,4,29,5
Ohio4,LS1,Evening,Set1,Draw2,4,col4,Evening|Set1|Draw2|col4,C,own,1,2,1,2,4,3,50*,3,3,True,2,4,29,5
Ohio4,LS1,Evening,Set1,Draw2,4,col4,Evening|Set1|Draw2|col4,C,own,1,2,1,2,4,4,*,1,1,True,2,4,29,5
Ohio4,LS1,Evening,Set1,Draw2,4,col4,Evening|Set1|Draw2|col4,C,combined,1,2,1,2,4,0,5990188*,8,6,False,2,2,57,3
Ohio4,LS1,Evening,Set1,Draw2,4,col4,Evening|Set1|Draw2|col4,C,combined,1,2,1,2,4,1,5990*,5,4,False,2,2,57,3
Ohio4,LS1,Evening,Set1,Draw2,4,col4,Evening|Set1|Draw2|col4,C,combined,1,2,1,2,4,2,*,1,1,True,2,2,57,3
Ohio4,LS1,Evening,Set1,Draw2,4,col4,Evening|Set1|Draw2|col4,D,own,1,2,1,2,4,0,5990188*,8,6,False,2,4,29,5
Ohio4,LS1,Evening,Set1,Draw2,4,col4,Evening|Set1|Draw2|col4,D,own,1,2,1,2,4,1,5990*,5,4,False,2,4,29,5
Ohio4,LS1,Evening,Set1,Draw2,4,col4,Evening|Set1|Draw2|col4,D,own,1,2,1,2,4,2,50*,3,3,True,2,4,29,5
Ohio4,LS1,Evening,Set1,Draw2,4,col4,Evening|Set1|Draw2|col4,D,own,1,2,1,2,4,3,50*,3,3,True,2,4,29,5
Ohio4,LS1,Evening,Set1,Draw2,4,col4,Evening|Set1|Draw2|col4,D,own,1,2,1,2,4,4,*,1,1,True,2,4,29,5
Ohio4,LS1,Evening,Set1,Draw2,4,col4,Evening|Set1|Draw2|col4,D,combined,1,2,1,2,4,0,5990188*,8,6,False,2,2,57,3
Ohio4,LS1,Evening,Set1,Draw2,4,col4,Evening|Set1|Draw2|col4,D,combined,1,2,1,2,4,1,5990*,5,4,False,2,2,57,3
Ohio4,LS1,Evening,Set1,Draw2,4,col4,Evening|Set1|Draw2|col4,D,combined,1,2,1,2,4,2,*,1,1,True,2,2,57,3
Ohio4,LS1,Evening,Set1,Draw2,4,col4,Evening|Set1|Draw2|col4,E,own,1,2,1,2,4,0,5990188*,8,6,False,2,6,29,7
Ohio4,LS1,Evening,Set1,Draw2,4,col4,Evening|Set1|Draw2|col4,E,own,1,2,1,2,4,1,5990*,5,4,False,2,6,29,7
Ohio4,LS1,Evening,Set1,Draw2,4,col4,Evening|Set1|Draw2|col4,E,own,1,2,1,2,4,2,50*,3,3,True,2,6,29,7
Ohio4,LS1,Evening,Set1,Draw2,4,col4,Evening|Set1|Draw2|col4,E,own,1,2,1,2,4,3,50*,3,3,True,2,6,29,7
Ohio4,LS1,Evening,Set1,Draw2,4,col4,Evening|Set1|Draw2|col4,E,own,1,2,1,2,4,4,0*,2,2,True,2,6,29,7
Ohio4,LS1,Evening,Set1,Draw2,4,col4,Evening|Set1|Draw2|col4,E,own,1,2,1,2,4,5,0*,2,2,True,2,6,29,7
Ohio4,LS1,Evening,Set1,Draw2,4,col4,Evening|Set1|Draw2|col4,E,own,1,2,1,2,4,6,*,1,1,True,2,6,29,7
Ohio4,LS1,Evening,Set1,Draw2,4,col4,Evening|Set1|Draw2|col4,E,combined,1,2,1,2,4,0,5990188*,8,6,False,2,4,57,5
Ohio4,LS1,Evening,Set1,Draw2,4,col4,Evening|Set1|Draw2|col4,E,combined,1,2,1,2,4,1,5990*,5,4,False,2,4,57,5
Ohio4,LS1,Evening,Set1,Draw2,4,col4,Evening|Set1|Draw2|col4,E,combined,1,2,1,2,4,2,59*,3,3,True,2,4,57,5
Ohio4,LS1,Evening,Set1,Draw2,4,col4,Evening|Set1|Draw2|col4,E,combined,1,2,1,2,4,3,5*,2,2,True,2,4,57,5
Ohio4,LS1,Evening,Set1,Draw2,4,col4,Evening|Set1|Draw2|col4,E,combined,1,2,1,2,4,4,*,1,1,True,2,4,57,5
Ohio4,LS1,Evening,Set1,Draw2,4,col4,Evening|Set1|Draw2|col4,T,own,1,2,1,2,4,0,5990188*,8,6,False,2,6,29,7
Ohio4,LS1,Evening,Set1,Draw2,4,col4,Evening|Set1|Draw2|col4,T,own,1,2,1,2,4,1,5990*,5,4,False,2,6,29,7
Ohio4,LS1,Evening,Set1,Draw2,4,col4,Evening|Set1|Draw2|col4,T,own,1,2,1,2,4,2,50*,3,3,True,2,6,29,7
Ohio4,LS1,Evening,Set1,Draw2,4,col4,Evening|Set1|Draw2|col4,T,own,1,2,1,2,4,3,50*,3,3,True,2,6,29,7
Ohio4,LS1,Evening,Set1,Draw2,4,col4,Evening|Set1|Draw2|col4,T,own,1,2,1,2,4,4,0*,2,2,True,2,6,29,7
Ohio4,LS1,Evening,Set1,Draw2,4,col4,Evening|Set1|Draw2|col4,T,own,1,2,1,2,4,5,0*,2,2,True,2,6,29,7
Ohio4,LS1,Evening,Set1,Draw2,4,col4,Evening|Set1|Draw2|col4,T,own,1,2,1,2,4,6,*,1,1,True,2,6,29,7
Ohio4,LS1,Evening,Set1,Draw2,4,col4,Evening|Set1|Draw2|col4,T,combined,1,2,1,2,4,0,5990188*,8,6,False,2,7,57,5
Ohio4,LS1,Evening,Set1,Draw2,4,col4,Evening|Set1|Draw2|col4,T,combined,1,2,1,2,4,1,5990*,5,4,False,2,7,57,5
Ohio4,LS1,Evening,Set1,Draw2,4,col4,Evening|Set1|Draw2|col4,T,combined,1,2,1,2,4,2,5*,2,2,True,2,7,57,5
Ohio4,LS1,Evening,Set1,Draw2,4,col4,Evening|Set1|Draw2|col4,T,combined,1,2,1,2,4,3,5*,2,2,True,2,7,57,5
Ohio4,LS1,Evening,Set1,Draw2,4,col4,Evening|Set1|Draw2|col4,T,combined,1,2,1,2,4,7,*,1,1,True,2,7,57,5
Ohio4,LS1,Evening,Set1,Draw3,5,col5,Evening|Set1|Draw3|col5,A,own,1,2,1,3,5,0,559924018867,12,9,False,3,6,7,7
Ohio4,LS1,Evening,Set1,Draw3,5,col5,Evening|Set1|Draw3|col5,A,own,1,2,1,3,5,1,559924017,9,7,False,3,6,7,7
Ohio4,LS1,Evening,Set1,Draw3,5,col5,Evening|Set1|Draw3|col5,A,own,1,2,1,3,5,2,5524017,7,6,False,3,6,7,7
Ohio4,LS1,Evening,Set1,Draw3,5,col5,Evening|Set1|Draw3|col5,A,own,1,2,1,3,5,3,5507,4,3,True,3,6,7,7
Ohio4,LS1,Evening,Set1,Draw3,5,col5,Evening|Set1|Draw3|col5,A,own,1,2,1,3,5,4,0,1,1,True,3,6,7,7
Ohio4,LS1,Evening,Set1,Draw3,5,col5,Evening|Set1|Draw3|col5,A,own,1,2,1,3,5,5,0,1,1,True,3,6,7,7
Ohio4,LS1,Evening,Set1,Draw3,5,col5,Evening|Set1|Draw3|col5,A,own,1,2,1,3,5,6,,0,0,False,3,6,7,7
Ohio4,LS1,Evening,Set1,Draw3,5,col5,Evening|Set1|Draw3|col5,A,combined,1,2,1,3,5,0,559924018867,12,9,False,4,7,8,8
Ohio4,LS1,Evening,Set1,Draw3,5,col5,Evening|Set1|Draw3|col5,A,combined,1,2,1,3,5,1,559924017,9,7,False,4,7,8,8
Ohio4,LS1,Evening,Set1,Draw3,5,col5,Evening|Set1|Draw3|col5,A,combined,1,2,1,3,5,2,552417,6,5,False,4,7,8,8
Ohio4,LS1,Evening,Set1,Draw3,5,col5,Evening|Set1|Draw3|col5,A,combined,1,2,1,3,5,3,552417,6,5,False,4,7,8,8
Ohio4,LS1,Evening,Set1,Draw3,5,col5,Evening|Set1|Draw3|col5,A,combined,1,2,1,3,5,4,5541,4,3,True,4,7,8,8
Ohio4,LS1,Evening,Set1,Draw3,5,col5,Evening|Set1|Draw3|col5,A,combined,1,2,1,3,5,5,55,2,1,True,4,7,8,8
Ohio4,LS1,Evening,Set1,Draw3,5,col5,Evening|Set1|Draw3|col5,A,combined,1,2,1,3,5,6,55,2,1,True,4,7,8,8
Ohio4,LS1,Evening,Set1,Draw3,5,col5,Evening|Set1|Draw3|col5,A,combined,1,2,1,3,5,7,,0,0,False,4,7,8,8
Ohio4,LS1,Evening,Set1,Draw3,5,col5,Evening|Set1|Draw3|col5,B,own,1,2,1,3,5,0,559924018867,12,9,False,3,6,7,7
Ohio4,LS1,Evening,Set1,Draw3,5,col5,Evening|Set1|Draw3|col5,B,own,1,2,1,3,5,1,559924017,9,7,False,3,6,7,7
Ohio4,LS1,Evening,Set1,Draw3,5,col5,Evening|Set1|Draw3|col5,B,own,1,2,1,3,5,2,552017,6,5,False,3,6,7,7
Ohio4,LS1,Evening,Set1,Draw3,5,col5,Evening|Set1|Draw3|col5,B,own,1,2,1,3,5,3,5507,4,3,True,3,6,7,7
Ohio4,LS1,Evening,Set1,Draw3,5,col5,Evening|Set1|Draw3|col5,B,own,1,2,1,3,5,4,0,1,1,True,3,6,7,7
Ohio4,LS1,Evening,Set1,Draw3,5,col5,Evening|Set1|Draw3|col5,B,own,1,2,1,3,5,5,0,1,1,True,3,6,7,7
Ohio4,LS1,Evening,Set1,Draw3,5,col5,Evening|Set1|Draw3|col5,B,own,1,2,1,3,5,6,,0,0,False,3,6,7,7
Ohio4,LS1,Evening,Set1,Draw3,5,col5,Evening|Set1|Draw3|col5,B,combined,1,2,1,3,5,0,559924018867,12,9,False,3,4,5,5
Ohio4,LS1,Evening,Set1,Draw3,5,col5,Evening|Set1|Draw3|col5,B,combined,1,2,1,3,5,1,559924017,9,7,False,3,4,5,5
Ohio4,LS1,Evening,Set1,Draw3,5,col5,Evening|Set1|Draw3|col5,B,combined,1,2,1,3,5,2,55247,5,4,False,3,4,5,5
Ohio4,LS1,Evening,Set1,Draw3,5,col5,Evening|Set1|Draw3|col5,B,combined,1,2,1,3,5,3,5527,4,3,True,3,4,5,5
Ohio4,LS1,Evening,Set1,Draw3,5,col5,Evening|Set1|Draw3|col5,B,combined,1,2,1,3,5,4,,0,0,False,3,4,5,5
Ohio4,LS1,Evening,Set1,Draw3,5,col5,Evening|Set1|Draw3|col5,C,own,1,2,1,3,5,0,559924018867,12,9,False,3,4,5,5
Ohio4,LS1,Evening,Set1,Draw3,5,col5,Evening|Set1|Draw3|col5,C,own,1,2,1,3,5,1,55992407,8,6,False,3,4,5,5
Ohio4,LS1,Evening,Set1,Draw3,5,col5,Evening|Set1|Draw3|col5,C,own,1,2,1,3,5,2,55207,5,4,False,3,4,5,5
Ohio4,LS1,Evening,Set1,Draw3,5,col5,Evening|Set1|Draw3|col5,C,own,1,2,1,3,5,3,550,3,2,True,3,4,5,5
Ohio4,LS1,Evening,Set1,Draw3,5,col5,Evening|Set1|Draw3|col5,C,own,1,2,1,3,5,4,,0,0,False,3,4,5,5
Ohio4,LS1,Evening,Set1,Draw3,5,col5,Evening|Set1|Draw3|col5,C,combined,1,2,1,3,5,0,559924018867,12,9,False,2,4,5,5
Ohio4,LS1,Evening,Set1,Draw3,5,col5,Evening|Set1|Draw3|col5,C,combined,1,2,1,3,5,1,55992407,8,6,False,2,4,5,5
Ohio4,LS1,Evening,Set1,Draw3,5,col5,Evening|Set1|Draw3|col5,C,combined,1,2,1,3,5,2,27,2,2,True,2,4,5,5
Ohio4,LS1,Evening,Set1,Draw3,5,col5,Evening|Set1|Draw3|col5,C,combined,1,2,1,3,5,3,27,2,2,True,2,4,5,5
Ohio4,LS1,Evening,Set1,Draw3,5,col5,Evening|Set1|Draw3|col5,C,combined,1,2,1,3,5,4,,0,0,False,2,4,5,5
Ohio4,LS1,Evening,Set1,Draw3,5,col5,Evening|Set1|Draw3|col5,D,own,1,2,1,3,5,0,559924018867,12,9,False,3,4,5,5
Ohio4,LS1,Evening,Set1,Draw3,5,col5,Evening|Set1|Draw3|col5,D,own,1,2,1,3,5,1,55992407,8,6,False,3,4,5,5
Ohio4,LS1,Evening,Set1,Draw3,5,col5,Evening|Set1|Draw3|col5,D,own,1,2,1,3,5,2,55207,5,4,False,3,4,5,5
Ohio4,LS1,Evening,Set1,Draw3,5,col5,Evening|Set1|Draw3|col5,D,own,1,2,1,3,5,3,550,3,2,True,3,4,5,5
Ohio4,LS1,Evening,Set1,Draw3,5,col5,Evening|Set1|Draw3|col5,D,own,1,2,1,3,5,4,,0,0,False,3,4,5,5
Ohio4,LS1,Evening,Set1,Draw3,5,col5,Evening|Set1|Draw3|col5,D,combined,1,2,1,3,5,0,559924018867,12,9,False,2,4,5,5
Ohio4,LS1,Evening,Set1,Draw3,5,col5,Evening|Set1|Draw3|col5,D,combined,1,2,1,3,5,1,55992407,8,6,False,2,4,5,5
Ohio4,LS1,Evening,Set1,Draw3,5,col5,Evening|Set1|Draw3|col5,D,combined,1,2,1,3,5,2,527,3,3,True,2,4,5,5
Ohio4,LS1,Evening,Set1,Draw3,5,col5,Evening|Set1|Draw3|col5,D,combined,1,2,1,3,5,3,527,3,3,True,2,4,5,5
Ohio4,LS1,Evening,Set1,Draw3,5,col5,Evening|Set1|Draw3|col5,D,combined,1,2,1,3,5,4,,0,0,False,2,4,5,5
Ohio4,LS1,Evening,Set1,Draw3,5,col5,Evening|Set1|Draw3|col5,E,own,1,2,1,3,5,0,559924018867,12,9,False,3,11,12,9
Ohio4,LS1,Evening,Set1,Draw3,5,col5,Evening|Set1|Draw3|col5,E,own,1,2,1,3,5,1,559924017,9,7,False,3,11,12,9
Ohio4,LS1,Evening,Set1,Draw3,5,col5,Evening|Set1|Draw3|col5,E,own,1,2,1,3,5,2,5524017,7,6,False,3,11,12,9
Ohio4,LS1,Evening,Set1,Draw3,5,col5,Evening|Set1|Draw3|col5,E,own,1,2,1,3,5,3,5507,4,3,True,3,11,12,9
Ohio4,LS1,Evening,Set1,Draw3,5,col5,Evening|Set1|Draw3|col5,E,own,1,2,1,3,5,4,50,2,2,True,3,11,12,9
Ohio4,LS1,Evening,Set1,Draw3,5,col5,Evening|Set1|Draw3|col5,E,own,1,2,1,3,5,5,50,2,2,True,3,11,12,9
Ohio4,LS1,Evening,Set1,Draw3,5,col5,Evening|Set1|Draw3|col5,E,own,1,2,1,3,5,6,5,1,1,True,3,11,12,9
Ohio4,LS1,Evening,Set1,Draw3,5,col5,Evening|Set1|Draw3|col5,E,own,1,2,1,3,5,7,5,1,1,True,3,11,12,9
Ohio4,LS1,Evening,Set1,Draw3,5,col5,Evening|Set1|Draw3|col5,E,own,1,2,1,3,5,11,,0,0,False,3,11,12,9
Ohio4,LS1,Evening,Set1,Draw3,5,col5,Evening|Set1|Draw3|col5,E,combined,1,2,1,3,5,0,559924018867,12,9,False,3,7,8,7
Ohio4,LS1,Evening,Set1,Draw3,5,col5,Evening|Set1|Draw3|col5,E,combined,1,2,1,3,5,1,559924017,9,7,False,3,7,8,7
Ohio4,LS1,Evening,Set1,Draw3,5,col5,Evening|Set1|Draw3|col5,E,combined,1,2,1,3,5,2,559247,6,5,False,3,7,8,7
Ohio4,LS1,Evening,Set1,Draw3,5,col5,Evening|Set1|Draw3|col5,E,combined,1,2,1,3,5,3,5527,4,3,True,3,7,8,7
Ohio4,LS1,Evening,Set1,Draw3,5,col5,Evening|Set1|Draw3|col5,E,combined,1,2,1,3,5,4,5,1,1,True,3,7,8,7
Ohio4,LS1,Evening,Set1,Draw3,5,col5,Evening|Set1|Draw3|col5,E,combined,1,2,1,3,5,5,5,1,1,True,3,7,8,7
Ohio4,LS1,Evening,Set1,Draw3,5,col5,Evening|Set1|Draw3|col5,E,combined,1,2,1,3,5,7,,0,0,False,3,7,8,7
Ohio4,LS1,Evening,Set1,Draw3,5,col5,Evening|Set1|Draw3|col5,T,own,1,2,1,3,5,0,559924018867,12,9,False,3,6,7,7
Ohio4,LS1,Evening,Set1,Draw3,5,col5,Evening|Set1|Draw3|col5,T,own,1,2,1,3,5,1,55992407,8,6,False,3,6,7,7
Ohio4,LS1,Evening,Set1,Draw3,5,col5,Evening|Set1|Draw3|col5,T,own,1,2,1,3,5,2,55207,5,4,False,3,6,7,7
Ohio4,LS1,Evening,Set1,Draw3,5,col5,Evening|Set1|Draw3|col5,T,own,1,2,1,3,5,3,550,3,2,True,3,6,7,7
Ohio4,LS1,Evening,Set1,Draw3,5,col5,Evening|Set1|Draw3|col5,T,own,1,2,1,3,5,4,0,1,1,True,3,6,7,7
Ohio4,LS1,Evening,Set1,Draw3,5,col5,Evening|Set1|Draw3|col5,T,own,1,2,1,3,5,5,0,1,1,True,3,6,7,7
Ohio4,LS1,Evening,Set1,Draw3,5,col5,Evening|Set1|Draw3|col5,T,own,1,2,1,3,5,6,,0,0,False,3,6,7,7
Ohio4,LS1,Evening,Set1,Draw3,5,col5,Evening|Set1|Draw3|col5,T,combined,1,2,1,3,5,0,559924018867,12,9,False,2,5,6,6
Ohio4,LS1,Evening,Set1,Draw3,5,col5,Evening|Set1|Draw3|col5,T,combined,1,2,1,3,5,1,55992407,8,6,False,2,5,6,6
Ohio4,LS1,Evening,Set1,Draw3,5,col5,Evening|Set1|Draw3|col5,T,combined,1,2,1,3,5,2,247,3,3,True,2,5,6,6
Ohio4,LS1,Evening,Set1,Draw3,5,col5,Evening|Set1|Draw3|col5,T,combined,1,2,1,3,5,3,247,3,3,True,2,5,6,6
Ohio4,LS1,Evening,Set1,Draw3,5,col5,Evening|Set1|Draw3|col5,T,combined,1,2,1,3,5,4,4,1,1,True,2,5,6,6
Ohio4,LS1,Evening,Set1,Draw3,5,col5,Evening|Set1|Draw3|col5,T,combined,1,2,1,3,5,5,,0,0,False,2,5,6,6
Ohio4,LS1,Evening,Set1,Draw3,4,col4,Evening|Set1|Draw3|col4,A,own,1,2,1,3,4,0,599201886,9,7,False,3,6,7,7
Ohio4,LS1,Evening,Set1,Draw3,4,col4,Evening|Set1|Draw3|col4,A,own,1,2,1,3,4,1,599201,6,5,False,3,6,7,7
Ohio4,LS1,Evening,Set1,Draw3,4,col4,Evening|Set1|Draw3|col4,A,own,1,2,1,3,4,2,5201,4,4,False,3,6,7,7
Ohio4,LS1,Evening,Set1,Draw3,4,col4,Evening|Set1|Draw3|col4,A,own,1,2,1,3,4,3,50,2,2,True,3,6,7,7
Ohio4,LS1,Evening,Set1,Draw3,4,col4,Evening|Set1|Draw3|col4,A,own,1,2,1,3,4,4,0,1,1,True,3,6,7,7
Ohio4,LS1,Evening,Set1,Draw3,4,col4,Evening|Set1|Draw3|col4,A,own,1,2,1,3,4,5,0,1,1,True,3,6,7,7
Ohio4,LS1,Evening,Set1,Draw3,4,col4,Evening|Set1|Draw3|col4,A,own,1,2,1,3,4,6,,0,0,False,3,6,7,7
Ohio4,LS1,Evening,Set1,Draw3,4,col4,Evening|Set1|Draw3|col4,A,combined,1,2,1,3,4,0,599201886,9,7,False,2,7,8,8
Ohio4,LS1,Evening,Set1,Draw3,4,col4,Evening|Set1|Draw3|col4,A,combined,1,2,1,3,4,1,599201,6,5,False,2,7,8,8
Ohio4,LS1,Evening,Set1,Draw3,4,col4,Evening|Set1|Draw3|col4,A,combined,1,2,1,3,4,2,521,3,3,True,2,7,8,8
Ohio4,LS1,Evening,Set1,Draw3,4,col4,Evening|Set1|Draw3|col4,A,combined,1,2,1,3,4,3,521,3,3,True,2,7,8,8
Ohio4,LS1,Evening,Set1,Draw3,4,col4,Evening|Set1|Draw3|col4,A,combined,1,2,1,3,4,4,51,2,2,True,2,7,8,8
Ohio4,LS1,Evening,Set1,Draw3,4,col4,Evening|Set1|Draw3|col4,A,combined,1,2,1,3,4,5,5,1,1,True,2,7,8,8
Ohio4,LS1,Evening,Set1,Draw3,4,col4,Evening|Set1|Draw3|col4,A,combined,1,2,1,3,4,6,5,1,1,True,2,7,8,8
Ohio4,LS1,Evening,Set1,Draw3,4,col4,Evening|Set1|Draw3|col4,A,combined,1,2,1,3,4,7,,0,0,False,2,7,8,8
Ohio4,LS1,Evening,Set1,Draw3,4,col4,Evening|Set1|Draw3|col4,B,own,1,2,1,3,4,0,599201886,9,7,False,3,6,7,7
Ohio4,LS1,Evening,Set1,Draw3,4,col4,Evening|Set1|Draw3|col4,B,own,1,2,1,3,4,1,599201,6,5,False,3,6,7,7
Ohio4,LS1,Evening,Set1,Draw3,4,col4,Evening|Set1|Draw3|col4,B,own,1,2,1,3,4,2,5201,4,4,False,3,6,7,7
Ohio4,LS1,Evening,Set1,Draw3,4,col4,Evening|Set1|Draw3|col4,B,own,1,2,1,3,4,3,50,2,2,True,3,6,7,7
Ohio4,LS1,Evening,Set1,Draw3,4,col4,Evening|Set1|Draw3|col4,B,own,1,2,1,3,4,4,0,1,1,True,3,6,7,7
Ohio4,LS1,Evening,Set1,Draw3,4,col4,Evening|Set1|Draw3|col4,B,own,1,2,1,3,4,5,0,1,1,True,3,6,7,7
Ohio4,LS1,Evening,Set1,Draw3,4,col4,Evening|Set1|Draw3|col4,B,own,1,2,1,3,4,6,,0,0,False,3,6,7,7
Ohio4,LS1,Evening,Set1,Draw3,4,col4,Evening|Set1|Draw3|col4,B,combined,1,2,1,3,4,0,599201886,9,7,False,2,4,5,5
Ohio4,LS1,Evening,Set1,Draw3,4,col4,Evening|Set1|Draw3|col4,B,combined,1,2,1,3,4,1,599201,6,5,False,2,4,5,5
Ohio4,LS1,Evening,Set1,Draw3,4,col4,Evening|Set1|Draw3|col4,B,combined,1,2,1,3,4,2,52,2,2,True,2,4,5,5
Ohio4,LS1,Evening,Set1,Draw3,4,col4,Evening|Set1|Draw3|col4,B,combined,1,2,1,3,4,3,52,2,2,True,2,4,5,5
Ohio4,LS1,Evening,Set1,Draw3,4,col4,Evening|Set1|Draw3|col4,B,combined,1,2,1,3,4,4,,0,0,False,2,4,5,5
Ohio4,LS1,Evening,Set1,Draw3,4,col4,Evening|Set1|Draw3|col4,C,own,1,2,1,3,4,0,599201886,9,7,False,2,4,5,5
Ohio4,LS1,Evening,Set1,Draw3,4,col4,Evening|Set1|Draw3|col4,C,own,1,2,1,3,4,1,59920,5,4,False,2,4,5,5
Ohio4,LS1,Evening,Set1,Draw3,4,col4,Evening|Set1|Draw3|col4,C,own,1,2,1,3,4,2,520,3,3,True,2,4,5,5
Ohio4,LS1,Evening,Set1,Draw3,4,col4,Evening|Set1|Draw3|col4,C,own,1,2,1,3,4,3,50,2,2,True,2,4,5,5
Ohio4,LS1,Evening,Set1,Draw3,4,col4,Evening|Set1|Draw3|col4,C,own,1,2,1,3,4,4,,0,0,False,2,4,5,5
Ohio4,LS1,Evening,Set1,Draw3,4,col4,Evening|Set1|Draw3|col4,C,combined,1,2,1,3,4,0,599201886,9,7,False,2,4,5,5
Ohio4,LS1,Evening,Set1,Draw3,4,col4,Evening|Set1|Draw3|col4,C,combined,1,2,1,3,4,1,59920,5,4,False,2,4,5,5
Ohio4,LS1,Evening,Set1,Draw3,4,col4,Evening|Set1|Draw3|col4,C,combined,1,2,1,3,4,2,2,1,1,True,2,4,5,5
Ohio4,LS1,Evening,Set1,Draw3,4,col4,Evening|Set1|Draw3|col4,C,combined,1,2,1,3,4,3,2,1,1,True,2,4,5,5
Ohio4,LS1,Evening,Set1,Draw3,4,col4,Evening|Set1|Draw3|col4,C,combined,1,2,1,3,4,4,,0,0,False,2,4,5,5
Ohio4,LS1,Evening,Set1,Draw3,4,col4,Evening|Set1|Draw3|col4,D,own,1,2,1,3,4,0,599201886,9,7,False,2,4,5,5
Ohio4,LS1,Evening,Set1,Draw3,4,col4,Evening|Set1|Draw3|col4,D,own,1,2,1,3,4,1,59920,5,4,False,2,4,5,5
Ohio4,LS1,Evening,Set1,Draw3,4,col4,Evening|Set1|Draw3|col4,D,own,1,2,1,3,4,2,520,3,3,True,2,4,5,5
Ohio4,LS1,Evening,Set1,Draw3,4,col4,Evening|Set1|Draw3|col4,D,own,1,2,1,3,4,3,50,2,2,True,2,4,5,5
Ohio4,LS1,Evening,Set1,Draw3,4,col4,Evening|Set1|Draw3|col4,D,own,1,2,1,3,4,4,,0,0,False,2,4,5,5
Ohio4,LS1,Evening,Set1,Draw3,4,col4,Evening|Set1|Draw3|col4,D,combined,1,2,1,3,4,0,599201886,9,7,False,2,4,5,5
Ohio4,LS1,Evening,Set1,Draw3,4,col4,Evening|Set1|Draw3|col4,D,combined,1,2,1,3,4,1,59920,5,4,False,2,4,5,5
Ohio4,LS1,Evening,Set1,Draw3,4,col4,Evening|Set1|Draw3|col4,D,combined,1,2,1,3,4,2,2,1,1,True,2,4,5,5
Ohio4,LS1,Evening,Set1,Draw3,4,col4,Evening|Set1|Draw3|col4,D,combined,1,2,1,3,4,3,2,1,1,True,2,4,5,5
Ohio4,LS1,Evening,Set1,Draw3,4,col4,Evening|Set1|Draw3|col4,D,combined,1,2,1,3,4,4,,0,0,False,2,4,5,5
Ohio4,LS1,Evening,Set1,Draw3,4,col4,Evening|Set1|Draw3|col4,E,own,1,2,1,3,4,0,599201886,9,7,False,3,6,7,7
Ohio4,LS1,Evening,Set1,Draw3,4,col4,Evening|Set1|Draw3|col4,E,own,1,2,1,3,4,1,599201,6,5,False,3,6,7,7
Ohio4,LS1,Evening,Set1,Draw3,4,col4,Evening|Set1|Draw3|col4,E,own,1,2,1,3,4,2,5201,4,4,False,3,6,7,7
Ohio4,LS1,Evening,Set1,Draw3,4,col4,Evening|Set1|Draw3|col4,E,own,1,2,1,3,4,3,50,2,2,True,3,6,7,7
Ohio4,LS1,Evening,Set1,Draw3,4,col4,Evening|Set1|Draw3|col4,E,own,1,2,1,3,4,4,0,1,1,True,3,6,7,7
Ohio4,LS1,Evening,Set1,Draw3,4,col4,Evening|Set1|Draw3|col4,E,own,1,2,1,3,4,5,0,1,1,True,3,6,7,7
Ohio4,LS1,Evening,Set1,Draw3,4,col4,Evening|Set1|Draw3|col4,E,own,1,2,1,3,4,6,,0,0,False,3,6,7,7
Ohio4,LS1,Evening,Set1,Draw3,4,col4,Evening|Set1|Draw3|col4,E,combined,1,2,1,3,4,0,599201886,9,7,False,2,4,5,5
Ohio4,LS1,Evening,Set1,Draw3,4,col4,Evening|Set1|Draw3|col4,E,combined,1,2,1,3,4,1,599201,6,5,False,2,4,5,5
Ohio4,LS1,Evening,Set1,Draw3,4,col4,Evening|Set1|Draw3|col4,E,combined,1,2,1,3,4,2,592,3,3,True,2,4,5,5
Ohio4,LS1,Evening,Set1,Draw3,4,col4,Evening|Set1|Draw3|col4,E,combined,1,2,1,3,4,3,52,2,2,True,2,4,5,5
Ohio4,LS1,Evening,Set1,Draw3,4,col4,Evening|Set1|Draw3|col4,E,combined,1,2,1,3,4,4,,0,0,False,2,4,5,5
Ohio4,LS1,Evening,Set1,Draw3,4,col4,Evening|Set1|Draw3|col4,T,own,1,2,1,3,4,0,599201886,9,7,False,2,6,7,7
Ohio4,LS1,Evening,Set1,Draw3,4,col4,Evening|Set1|Draw3|col4,T,own,1,2,1,3,4,1,59920,5,4,False,2,6,7,7
Ohio4,LS1,Evening,Set1,Draw3,4,col4,Evening|Set1|Draw3|col4,T,own,1,2,1,3,4,2,520,3,3,True,2,6,7,7
Ohio4,LS1,Evening,Set1,Draw3,4,col4,Evening|Set1|Draw3|col4,T,own,1,2,1,3,4,3,50,2,2,True,2,6,7,7
Ohio4,LS1,Evening,Set1,Draw3,4,col4,Evening|Set1|Draw3|col4,T,own,1,2,1,3,4,4,0,1,1,True,2,6,7,7
Ohio4,LS1,Evening,Set1,Draw3,4,col4,Evening|Set1|Draw3|col4,T,own,1,2,1,3,4,5,0,1,1,True,2,6,7,7
Ohio4,LS1,Evening,Set1,Draw3,4,col4,Evening|Set1|Draw3|col4,T,own,1,2,1,3,4,6,,0,0,False,2,6,7,7
Ohio4,LS1,Evening,Set1,Draw3,4,col4,Evening|Set1|Draw3|col4,T,combined,1,2,1,3,4,0,599201886,9,7,False,2,7,8,7
Ohio4,LS1,Evening,Set1,Draw3,4,col4,Evening|Set1|Draw3|col4,T,combined,1,2,1,3,4,1,59920,5,4,False,2,7,8,7
Ohio4,LS1,Evening,Set1,Draw3,4,col4,Evening|Set1|Draw3|col4,T,combined,1,2,1,3,4,2,52,2,2,True,2,7,8,7
Ohio4,LS1,Evening,Set1,Draw3,4,col4,Evening|Set1|Draw3|col4,T,combined,1,2,1,3,4,3,52,2,2,True,2,7,8,7
Ohio4,LS1,Evening,Set1,Draw3,4,col4,Evening|Set1|Draw3|col4,T,combined,1,2,1,3,4,4,5,1,1,True,2,7,8,7
Ohio4,LS1,Evening,Set1,Draw3,4,col4,Evening|Set1|Draw3|col4,T,combined,1,2,1,3,4,5,5,1,1,True,2,7,8,7
Ohio4,LS1,Evening,Set1,Draw3,4,col4,Evening|Set1|Draw3|col4,T,combined,1,2,1,3,4,7,,0,0,False,2,7,8,7
Ohio4,LS1,Evening,Set1,Draw3,3,col3,Evening|Set1|Draw3|col3,A,own,1,2,1,3,3,0,5990886*,8,6,False,2,6,29,7
Ohio4,LS1,Evening,Set1,Draw3,3,col3,Evening|Set1|Draw3|col3,A,own,1,2,1,3,3,1,5990*,5,4,False,2,6,29,7
Ohio4,LS1,Evening,Set1,Draw3,3,col3,Evening|Set1|Draw3|col3,A,own,1,2,1,3,3,2,50*,3,3,True,2,6,29,7
Ohio4,LS1,Evening,Set1,Draw3,3,col3,Evening|Set1|Draw3|col3,A,own,1,2,1,3,3,3,50*,3,3,True,2,6,29,7
Ohio4,LS1,Evening,Set1,Draw3,3,col3,Evening|Set1|Draw3|col3,A,own,1,2,1,3,3,4,0*,2,2,True,2,6,29,7
Ohio4,LS1,Evening,Set1,Draw3,3,col3,Evening|Set1|Draw3|col3,A,own,1,2,1,3,3,5,0*,2,2,True,2,6,29,7
Ohio4,LS1,Evening,Set1,Draw3,3,col3,Evening|Set1|Draw3|col3,A,own,1,2,1,3,3,6,*,1,1,True,2,6,29,7
Ohio4,LS1,Evening,Set1,Draw3,3,col3,Evening|Set1|Draw3|col3,A,combined,1,2,1,3,3,0,5990886*,8,6,False,2,7,57,5
Ohio4,LS1,Evening,Set1,Draw3,3,col3,Evening|Set1|Draw3|col3,A,combined,1,2,1,3,3,1,5990*,5,4,False,2,7,57,5
Ohio4,LS1,Evening,Set1,Draw3,3,col3,Evening|Set1|Draw3|col3,A,combined,1,2,1,3,3,2,5*,2,2,True,2,7,57,5
Ohio4,LS1,Evening,Set1,Draw3,3,col3,Evening|Set1|Draw3|col3,A,combined,1,2,1,3,3,3,5*,2,2,True,2,7,57,5
Ohio4,LS1,Evening,Set1,Draw3,3,col3,Evening|Set1|Draw3|col3,A,combined,1,2,1,3,3,7,*,1,1,True,2,7,57,5
Ohio4,LS1,Evening,Set1,Draw3,3,col3,Evening|Set1|Draw3|col3,B,own,1,2,1,3,3,0,5990886*,8,6,False,2,6,29,7
Ohio4,LS1,Evening,Set1,Draw3,3,col3,Evening|Set1|Draw3|col3,B,own,1,2,1,3,3,1,5990*,5,4,False,2,6,29,7
Ohio4,LS1,Evening,Set1,Draw3,3,col3,Evening|Set1|Draw3|col3,B,own,1,2,1,3,3,2,50*,3,3,True,2,6,29,7
Ohio4,LS1,Evening,Set1,Draw3,3,col3,Evening|Set1|Draw3|col3,B,own,1,2,1,3,3,3,50*,3,3,True,2,6,29,7
Ohio4,LS1,Evening,Set1,Draw3,3,col3,Evening|Set1|Draw3|col3,B,own,1,2,1,3,3,4,0*,2,2,True,2,6,29,7
Ohio4,LS1,Evening,Set1,Draw3,3,col3,Evening|Set1|Draw3|col3,B,own,1,2,1,3,3,5,0*,2,2,True,2,6,29,7
Ohio4,LS1,Evening,Set1,Draw3,3,col3,Evening|Set1|Draw3|col3,B,own,1,2,1,3,3,6,*,1,1,True,2,6,29,7
Ohio4,LS1,Evening,Set1,Draw3,3,col3,Evening|Set1|Draw3|col3,B,combined,1,2,1,3,3,0,5990886*,8,6,False,2,4,57,5
Ohio4,LS1,Evening,Set1,Draw3,3,col3,Evening|Set1|Draw3|col3,B,combined,1,2,1,3,3,1,5990*,5,4,False,2,4,57,5
Ohio4,LS1,Evening,Set1,Draw3,3,col3,Evening|Set1|Draw3|col3,B,combined,1,2,1,3,3,2,5*,2,2,True,2,4,57,5
Ohio4,LS1,Evening,Set1,Draw3,3,col3,Evening|Set1|Draw3|col3,B,combined,1,2,1,3,3,3,5*,2,2,True,2,4,57,5
Ohio4,LS1,Evening,Set1,Draw3,3,col3,Evening|Set1|Draw3|col3,B,combined,1,2,1,3,3,4,*,1,1,True,2,4,57,5
Ohio4,LS1,Evening,Set1,Draw3,3,col3,Evening|Set1|Draw3|col3,C,own,1,2,1,3,3,0,5990886*,8,6,False,2,4,29,5
Ohio4,LS1,Evening,Set1,Draw3,3,col3,Evening|Set1|Draw3|col3,C,own,1,2,1,3,3,1,5990*,5,4,False,2,4,29,5
Ohio4,LS1,Evening,Set1,Draw3,3,col3,Evening|Set1|Draw3|col3,C,own,1,2,1,3,3,2,50*,3,3,True,2,4,29,5
Ohio4,LS1,Evening,Set1,Draw3,3,col3,Evening|Set1|Draw3|col3,C,own,1,2,1,3,3,3,50*,3,3,True,2,4,29,5
Ohio4,LS1,Evening,Set1,Draw3,3,col3,Evening|Set1|Draw3|col3,C,own,1,2,1,3,3,4,*,1,1,True,2,4,29,5
Ohio4,LS1,Evening,Set1,Draw3,3,col3,Evening|Set1|Draw3|col3,C,combined,1,2,1,3,3,0,5990886*,8,6,False,2,2,57,3
Ohio4,LS1,Evening,Set1,Draw3,3,col3,Evening|Set1|Draw3|col3,C,combined,1,2,1,3,3,1,5990*,5,4,False,2,2,57,3
Ohio4,LS1,Evening,Set1,Draw3,3,col3,Evening|Set1|Draw3|col3,C,combined,1,2,1,3,3,2,*,1,1,True,2,2,57,3
Ohio4,LS1,Evening,Set1,Draw3,3,col3,Evening|Set1|Draw3|col3,D,own,1,2,1,3,3,0,5990886*,8,6,False,2,4,29,5
Ohio4,LS1,Evening,Set1,Draw3,3,col3,Evening|Set1|Draw3|col3,D,own,1,2,1,3,3,1,5990*,5,4,False,2,4,29,5
Ohio4,LS1,Evening,Set1,Draw3,3,col3,Evening|Set1|Draw3|col3,D,own,1,2,1,3,3,2,50*,3,3,True,2,4,29,5
Ohio4,LS1,Evening,Set1,Draw3,3,col3,Evening|Set1|Draw3|col3,D,own,1,2,1,3,3,3,50*,3,3,True,2,4,29,5
Ohio4,LS1,Evening,Set1,Draw3,3,col3,Evening|Set1|Draw3|col3,D,own,1,2,1,3,3,4,*,1,1,True,2,4,29,5
Ohio4,LS1,Evening,Set1,Draw3,3,col3,Evening|Set1|Draw3|col3,D,combined,1,2,1,3,3,0,5990886*,8,6,False,2,2,57,3
Ohio4,LS1,Evening,Set1,Draw3,3,col3,Evening|Set1|Draw3|col3,D,combined,1,2,1,3,3,1,5990*,5,4,False,2,2,57,3
Ohio4,LS1,Evening,Set1,Draw3,3,col3,Evening|Set1|Draw3|col3,D,combined,1,2,1,3,3,2,*,1,1,True,2,2,57,3
Ohio4,LS1,Evening,Set1,Draw3,3,col3,Evening|Set1|Draw3|col3,E,own,1,2,1,3,3,0,5990886*,8,6,False,2,6,29,7
Ohio4,LS1,Evening,Set1,Draw3,3,col3,Evening|Set1|Draw3|col3,E,own,1,2,1,3,3,1,5990*,5,4,False,2,6,29,7
Ohio4,LS1,Evening,Set1,Draw3,3,col3,Evening|Set1|Draw3|col3,E,own,1,2,1,3,3,2,50*,3,3,True,2,6,29,7
Ohio4,LS1,Evening,Set1,Draw3,3,col3,Evening|Set1|Draw3|col3,E,own,1,2,1,3,3,3,50*,3,3,True,2,6,29,7
Ohio4,LS1,Evening,Set1,Draw3,3,col3,Evening|Set1|Draw3|col3,E,own,1,2,1,3,3,4,0*,2,2,True,2,6,29,7
Ohio4,LS1,Evening,Set1,Draw3,3,col3,Evening|Set1|Draw3|col3,E,own,1,2,1,3,3,5,0*,2,2,True,2,6,29,7
Ohio4,LS1,Evening,Set1,Draw3,3,col3,Evening|Set1|Draw3|col3,E,own,1,2,1,3,3,6,*,1,1,True,2,6,29,7
Ohio4,LS1,Evening,Set1,Draw3,3,col3,Evening|Set1|Draw3|col3,E,combined,1,2,1,3,3,0,5990886*,8,6,False,2,4,57,5
Ohio4,LS1,Evening,Set1,Draw3,3,col3,Evening|Set1|Draw3|col3,E,combined,1,2,1,3,3,1,5990*,5,4,False,2,4,57,5
Ohio4,LS1,Evening,Set1,Draw3,3,col3,Evening|Set1|Draw3|col3,E,combined,1,2,1,3,3,2,59*,3,3,True,2,4,57,5
Ohio4,LS1,Evening,Set1,Draw3,3,col3,Evening|Set1|Draw3|col3,E,combined,1,2,1,3,3,3,5*,2,2,True,2,4,57,5
Ohio4,LS1,Evening,Set1,Draw3,3,col3,Evening|Set1|Draw3|col3,E,combined,1,2,1,3,3,4,*,1,1,True,2,4,57,5
Ohio4,LS1,Evening,Set1,Draw3,3,col3,Evening|Set1|Draw3|col3,T,own,1,2,1,3,3,0,5990886*,8,6,False,2,6,29,7
Ohio4,LS1,Evening,Set1,Draw3,3,col3,Evening|Set1|Draw3|col3,T,own,1,2,1,3,3,1,5990*,5,4,False,2,6,29,7
Ohio4,LS1,Evening,Set1,Draw3,3,col3,Evening|Set1|Draw3|col3,T,own,1,2,1,3,3,2,50*,3,3,True,2,6,29,7
Ohio4,LS1,Evening,Set1,Draw3,3,col3,Evening|Set1|Draw3|col3,T,own,1,2,1,3,3,3,50*,3,3,True,2,6,29,7
Ohio4,LS1,Evening,Set1,Draw3,3,col3,Evening|Set1|Draw3|col3,T,own,1,2,1,3,3,4,0*,2,2,True,2,6,29,7
Ohio4,LS1,Evening,Set1,Draw3,3,col3,Evening|Set1|Draw3|col3,T,own,1,2,1,3,3,5,0*,2,2,True,2,6,29,7
Ohio4,LS1,Evening,Set1,Draw3,3,col3,Evening|Set1|Draw3|col3,T,own,1,2,1,3,3,6,*,1,1,True,2,6,29,7
Ohio4,LS1,Evening,Set1,Draw3,3,col3,Evening|Set1|Draw3|col3,T,combined,1,2,1,3,3,0,5990886*,8,6,False,2,7,57,5
Ohio4,LS1,Evening,Set1,Draw3,3,col3,Evening|Set1|Draw3|col3,T,combined,1,2,1,3,3,1,5990*,5,4,False,2,7,57,5
Ohio4,LS1,Evening,Set1,Draw3,3,col3,Evening|Set1|Draw3|col3,T,combined,1,2,1,3,3,2,5*,2,2,True,2,7,57,5
Ohio4,LS1,Evening,Set1,Draw3,3,col3,Evening|Set1|Draw3|col3,T,combined,1,2,1,3,3,3,5*,2,2,True,2,7,57,5
Ohio4,LS1,Evening,Set1,Draw3,3,col3,Evening|Set1|Draw3|col3,T,combined,1,2,1,3,3,7,*,1,1,True,2,7,57,5
Ohio4,LS1,Evening,Set1,Draw3,2,col2,Evening|Set1|Draw3|col2,A,own,1,2,1,3,2,0,5086**,6,5,False,1,6,29,7
Ohio4,LS1,Evening,Set1,Draw3,2,col2,Evening|Set1|Draw3|col2,A,own,1,2,1,3,2,1,50**,4,3,True,1,6,29,7
Ohio4,LS1,Evening,Set1,Draw3,2,col2,Evening|Set1|Draw3|col2,A,own,1,2,1,3,2,2,50**,4,3,True,1,6,29,7
Ohio4,LS1,Evening,Set1,Draw3,2,col2,Evening|Set1|Draw3|col2,A,own,1,2,1,3,2,3,50**,4,3,True,1,6,29,7
Ohio4,LS1,Evening,Set1,Draw3,2,col2,Evening|Set1|Draw3|col2,A,own,1,2,1,3,2,4,0**,3,2,True,1,6,29,7
Ohio4,LS1,Evening,Set1,Draw3,2,col2,Evening|Set1|Draw3|col2,A,own,1,2,1,3,2,5,0**,3,2,True,1,6,29,7
Ohio4,LS1,Evening,Set1,Draw3,2,col2,Evening|Set1|Draw3|col2,A,own,1,2,1,3,2,6,**,2,1,True,1,6,29,7
Ohio4,LS1,Evening,Set1,Draw3,2,col2,Evening|Set1|Draw3|col2,A,combined,1,2,1,3,2,0,5086**,6,5,False,1,7,57,5
Ohio4,LS1,Evening,Set1,Draw3,2,col2,Evening|Set1|Draw3|col2,A,combined,1,2,1,3,2,1,50**,4,3,True,1,7,57,5
Ohio4,LS1,Evening,Set1,Draw3,2,col2,Evening|Set1|Draw3|col2,A,combined,1,2,1,3,2,2,5**,3,2,True,1,7,57,5
Ohio4,LS1,Evening,Set1,Draw3,2,col2,Evening|Set1|Draw3|col2,A,combined,1,2,1,3,2,3,5**,3,2,True,1,7,57,5
Ohio4,LS1,Evening,Set1,Draw3,2,col2,Evening|Set1|Draw3|col2,A,combined,1,2,1,3,2,7,**,2,1,True,1,7,57,5
Ohio4,LS1,Evening,Set1,Draw3,2,col2,Evening|Set1|Draw3|col2,B,own,1,2,1,3,2,0,5086**,6,5,False,1,6,29,7
Ohio4,LS1,Evening,Set1,Draw3,2,col2,Evening|Set1|Draw3|col2,B,own,1,2,1,3,2,1,50**,4,3,True,1,6,29,7
Ohio4,LS1,Evening,Set1,Draw3,2,col2,Evening|Set1|Draw3|col2,B,own,1,2,1,3,2,2,50**,4,3,True,1,6,29,7
Ohio4,LS1,Evening,Set1,Draw3,2,col2,Evening|Set1|Draw3|col2,B,own,1,2,1,3,2,3,50**,4,3,True,1,6,29,7
Ohio4,LS1,Evening,Set1,Draw3,2,col2,Evening|Set1|Draw3|col2,B,own,1,2,1,3,2,4,0**,3,2,True,1,6,29,7
Ohio4,LS1,Evening,Set1,Draw3,2,col2,Evening|Set1|Draw3|col2,B,own,1,2,1,3,2,5,0**,3,2,True,1,6,29,7
Ohio4,LS1,Evening,Set1,Draw3,2,col2,Evening|Set1|Draw3|col2,B,own,1,2,1,3,2,6,**,2,1,True,1,6,29,7
Ohio4,LS1,Evening,Set1,Draw3,2,col2,Evening|Set1|Draw3|col2,B,combined,1,2,1,3,2,0,5086**,6,5,False,1,4,57,5
Ohio4,LS1,Evening,Set1,Draw3,2,col2,Evening|Set1|Draw3|col2,B,combined,1,2,1,3,2,1,50**,4,3,True,1,4,57,5
Ohio4,LS1,Evening,Set1,Draw3,2,col2,Evening|Set1|Draw3|col2,B,combined,1,2,1,3,2,2,5**,3,2,True,1,4,57,5
Ohio4,LS1,Evening,Set1,Draw3,2,col2,Evening|Set1|Draw3|col2,B,combined,1,2,1,3,2,3,5**,3,2,True,1,4,57,5
Ohio4,LS1,Evening,Set1,Draw3,2,col2,Evening|Set1|Draw3|col2,B,combined,1,2,1,3,2,4,**,2,1,True,1,4,57,5
Ohio4,LS1,Evening,Set1,Draw3,2,col2,Evening|Set1|Draw3|col2,C,own,1,2,1,3,2,0,5086**,6,5,False,1,4,29,5
Ohio4,LS1,Evening,Set1,Draw3,2,col2,Evening|Set1|Draw3|col2,C,own,1,2,1,3,2,1,50**,4,3,True,1,4,29,5
Ohio4,LS1,Evening,Set1,Draw3,2,col2,Evening|Set1|Draw3|col2,C,own,1,2,1,3,2,2,50**,4,3,True,1,4,29,5
Ohio4,LS1,Evening,Set1,Draw3,2,col2,Evening|Set1|Draw3|col2,C,own,1,2,1,3,2,3,50**,4,3,True,1,4,29,5
Ohio4,LS1,Evening,Set1,Draw3,2,col2,Evening|Set1|Draw3|col2,C,own,1,2,1,3,2,4,**,2,1,True,1,4,29,5
Ohio4,LS1,Evening,Set1,Draw3,2,col2,Evening|Set1|Draw3|col2,C,combined,1,2,1,3,2,0,5086**,6,5,False,1,2,57,3
Ohio4,LS1,Evening,Set1,Draw3,2,col2,Evening|Set1|Draw3|col2,C,combined,1,2,1,3,2,1,50**,4,3,True,1,2,57,3
Ohio4,LS1,Evening,Set1,Draw3,2,col2,Evening|Set1|Draw3|col2,C,combined,1,2,1,3,2,2,**,2,1,True,1,2,57,3
Ohio4,LS1,Evening,Set1,Draw3,2,col2,Evening|Set1|Draw3|col2,D,own,1,2,1,3,2,0,5086**,6,5,False,1,4,29,5
Ohio4,LS1,Evening,Set1,Draw3,2,col2,Evening|Set1|Draw3|col2,D,own,1,2,1,3,2,1,50**,4,3,True,1,4,29,5
Ohio4,LS1,Evening,Set1,Draw3,2,col2,Evening|Set1|Draw3|col2,D,own,1,2,1,3,2,2,50**,4,3,True,1,4,29,5
Ohio4,LS1,Evening,Set1,Draw3,2,col2,Evening|Set1|Draw3|col2,D,own,1,2,1,3,2,3,50**,4,3,True,1,4,29,5
Ohio4,LS1,Evening,Set1,Draw3,2,col2,Evening|Set1|Draw3|col2,D,own,1,2,1,3,2,4,**,2,1,True,1,4,29,5
Ohio4,LS1,Evening,Set1,Draw3,2,col2,Evening|Set1|Draw3|col2,D,combined,1,2,1,3,2,0,5086**,6,5,False,1,2,57,3
Ohio4,LS1,Evening,Set1,Draw3,2,col2,Evening|Set1|Draw3|col2,D,combined,1,2,1,3,2,1,50**,4,3,True,1,2,57,3
Ohio4,LS1,Evening,Set1,Draw3,2,col2,Evening|Set1|Draw3|col2,D,combined,1,2,1,3,2,2,**,2,1,True,1,2,57,3
Ohio4,LS1,Evening,Set1,Draw3,2,col2,Evening|Set1|Draw3|col2,E,own,1,2,1,3,2,0,5086**,6,5,False,1,6,29,7
Ohio4,LS1,Evening,Set1,Draw3,2,col2,Evening|Set1|Draw3|col2,E,own,1,2,1,3,2,1,50**,4,3,True,1,6,29,7
Ohio4,LS1,Evening,Set1,Draw3,2,col2,Evening|Set1|Draw3|col2,E,own,1,2,1,3,2,2,50**,4,3,True,1,6,29,7
Ohio4,LS1,Evening,Set1,Draw3,2,col2,Evening|Set1|Draw3|col2,E,own,1,2,1,3,2,3,50**,4,3,True,1,6,29,7
Ohio4,LS1,Evening,Set1,Draw3,2,col2,Evening|Set1|Draw3|col2,E,own,1,2,1,3,2,4,0**,3,2,True,1,6,29,7
Ohio4,LS1,Evening,Set1,Draw3,2,col2,Evening|Set1|Draw3|col2,E,own,1,2,1,3,2,5,0**,3,2,True,1,6,29,7
Ohio4,LS1,Evening,Set1,Draw3,2,col2,Evening|Set1|Draw3|col2,E,own,1,2,1,3,2,6,**,2,1,True,1,6,29,7
Ohio4,LS1,Evening,Set1,Draw3,2,col2,Evening|Set1|Draw3|col2,E,combined,1,2,1,3,2,0,5086**,6,5,False,1,4,57,5
Ohio4,LS1,Evening,Set1,Draw3,2,col2,Evening|Set1|Draw3|col2,E,combined,1,2,1,3,2,1,50**,4,3,True,1,4,57,5
Ohio4,LS1,Evening,Set1,Draw3,2,col2,Evening|Set1|Draw3|col2,E,combined,1,2,1,3,2,2,5**,3,2,True,1,4,57,5
Ohio4,LS1,Evening,Set1,Draw3,2,col2,Evening|Set1|Draw3|col2,E,combined,1,2,1,3,2,3,5**,3,2,True,1,4,57,5
Ohio4,LS1,Evening,Set1,Draw3,2,col2,Evening|Set1|Draw3|col2,E,combined,1,2,1,3,2,4,**,2,1,True,1,4,57,5
Ohio4,LS1,Evening,Set1,Draw3,2,col2,Evening|Set1|Draw3|col2,T,own,1,2,1,3,2,0,5086**,6,5,False,1,6,29,7
Ohio4,LS1,Evening,Set1,Draw3,2,col2,Evening|Set1|Draw3|col2,T,own,1,2,1,3,2,1,50**,4,3,True,1,6,29,7
Ohio4,LS1,Evening,Set1,Draw3,2,col2,Evening|Set1|Draw3|col2,T,own,1,2,1,3,2,2,50**,4,3,True,1,6,29,7
Ohio4,LS1,Evening,Set1,Draw3,2,col2,Evening|Set1|Draw3|col2,T,own,1,2,1,3,2,3,50**,4,3,True,1,6,29,7
Ohio4,LS1,Evening,Set1,Draw3,2,col2,Evening|Set1|Draw3|col2,T,own,1,2,1,3,2,4,0**,3,2,True,1,6,29,7
Ohio4,LS1,Evening,Set1,Draw3,2,col2,Evening|Set1|Draw3|col2,T,own,1,2,1,3,2,5,0**,3,2,True,1,6,29,7
Ohio4,LS1,Evening,Set1,Draw3,2,col2,Evening|Set1|Draw3|col2,T,own,1,2,1,3,2,6,**,2,1,True,1,6,29,7
Ohio4,LS1,Evening,Set1,Draw3,2,col2,Evening|Set1|Draw3|col2,T,combined,1,2,1,3,2,0,5086**,6,5,False,1,7,57,5
Ohio4,LS1,Evening,Set1,Draw3,2,col2,Evening|Set1|Draw3|col2,T,combined,1,2,1,3,2,1,50**,4,3,True,1,7,57,5
Ohio4,LS1,Evening,Set1,Draw3,2,col2,Evening|Set1|Draw3|col2,T,combined,1,2,1,3,2,2,5**,3,2,True,1,7,57,5
Ohio4,LS1,Evening,Set1,Draw3,2,col2,Evening|Set1|Draw3|col2,T,combined,1,2,1,3,2,3,5**,3,2,True,1,7,57,5
Ohio4,LS1,Evening,Set1,Draw3,2,col2,Evening|Set1|Draw3|col2,T,combined,1,2,1,3,2,7,**,2,1,True,1,7,57,5
Ohio4,LS1,Evening,Set1,Draw4,4,col4,Evening|Set1|Draw4|col4,A,own,1,2,1,4,4,0,599220188667,12,8,False,3,6,7,7
Ohio4,LS1,Evening,Set1,Draw4,4,col4,Evening|Set1|Draw4|col4,A,own,1,2,1,4,4,1,59922017,8,6,False,3,6,7,7
Ohio4,LS1,Evening,Set1,Draw4,4,col4,Evening|Set1|Draw4|col4,A,own,1,2,1,4,4,2,522017,6,5,False,3,6,7,7
Ohio4,LS1,Evening,Set1,Draw4,4,col4,Evening|Set1|Draw4|col4,A,own,1,2,1,4,4,3,507,3,3,True,3,6,7,7
Ohio4,LS1,Evening,Set1,Draw4,4,col4,Evening|Set1|Draw4|col4,A,own,1,2,1,4,4,4,0,1,1,True,3,6,7,7
Ohio4,LS1,Evening,Set1,Draw4,4,col4,Evening|Set1|Draw4|col4,A,own,1,2,1,4,4,5,0,1,1,True,3,6,7,7
Ohio4,LS1,Evening,Set1,Draw4,4,col4,Evening|Set1|Draw4|col4,A,own,1,2,1,4,4,6,,0,0,False,3,6,7,7
Ohio4,LS1,Evening,Set1,Draw4,4,col4,Evening|Set1|Draw4|col4,A,combined,1,2,1,4,4,0,599220188667,12,8,False,4,7,8,8
Ohio4,LS1,Evening,Set1,Draw4,4,col4,Evening|Set1|Draw4|col4,A,combined,1,2,1,4,4,1,59922017,8,6,False,4,7,8,8
Ohio4,LS1,Evening,Set1,Draw4,4,col4,Evening|Set1|Draw4|col4,A,combined,1,2,1,4,4,2,52217,5,4,False,4,7,8,8
Ohio4,LS1,Evening,Set1,Draw4,4,col4,Evening|Set1|Draw4|col4,A,combined,1,2,1,4,4,3,52217,5,4,False,4,7,8,8
Ohio4,LS1,Evening,Set1,Draw4,4,col4,Evening|Set1|Draw4|col4,A,combined,1,2,1,4,4,4,51,2,2,True,4,7,8,8
Ohio4,LS1,Evening,Set1,Draw4,4,col4,Evening|Set1|Draw4|col4,A,combined,1,2,1,4,4,5,5,1,1,True,4,7,8,8
Ohio4,LS1,Evening,Set1,Draw4,4,col4,Evening|Set1|Draw4|col4,A,combined,1,2,1,4,4,6,5,1,1,True,4,7,8,8
Ohio4,LS1,Evening,Set1,Draw4,4,col4,Evening|Set1|Draw4|col4,A,combined,1,2,1,4,4,7,,0,0,False,4,7,8,8
Ohio4,LS1,Evening,Set1,Draw4,4,col4,Evening|Set1|Draw4|col4,B,own,1,2,1,4,4,0,599220188667,12,8,False,3,6,7,7
Ohio4,LS1,Evening,Set1,Draw4,4,col4,Evening|Set1|Draw4|col4,B,own,1,2,1,4,4,1,59922017,8,6,False,3,6,7,7
Ohio4,LS1,Evening,Set1,Draw4,4,col4,Evening|Set1|Draw4|col4,B,own,1,2,1,4,4,2,522017,6,5,False,3,6,7,7
Ohio4,LS1,Evening,Set1,Draw4,4,col4,Evening|Set1|Draw4|col4,B,own,1,2,1,4,4,3,507,3,3,True,3,6,7,7
Ohio4,LS1,Evening,Set1,Draw4,4,col4,Evening|Set1|Draw4|col4,B,own,1,2,1,4,4,4,0,1,1,True,3,6,7,7
Ohio4,LS1,Evening,Set1,Draw4,4,col4,Evening|Set1|Draw4|col4,B,own,1,2,1,4,4,5,0,1,1,True,3,6,7,7
Ohio4,LS1,Evening,Set1,Draw4,4,col4,Evening|Set1|Draw4|col4,B,own,1,2,1,4,4,6,,0,0,False,3,6,7,7
Ohio4,LS1,Evening,Set1,Draw4,4,col4,Evening|Set1|Draw4|col4,B,combined,1,2,1,4,4,0,599220188667,12,8,False,2,4,5,5
Ohio4,LS1,Evening,Set1,Draw4,4,col4,Evening|Set1|Draw4|col4,B,combined,1,2,1,4,4,1,59922017,8,6,False,2,4,5,5
Ohio4,LS1,Evening,Set1,Draw4,4,col4,Evening|Set1|Draw4|col4,B,combined,1,2,1,4,4,2,5227,4,3,True,2,4,5,5
Ohio4,LS1,Evening,Set1,Draw4,4,col4,Evening|Set1|Draw4|col4,B,combined,1,2,1,4,4,3,5227,4,3,True,2,4,5,5
Ohio4,LS1,Evening,Set1,Draw4,4,col4,Evening|Set1|Draw4|col4,B,combined,1,2,1,4,4,4,,0,0,False,2,4,5,5
Ohio4,LS1,Evening,Set1,Draw4,4,col4,Evening|Set1|Draw4|col4,C,own,1,2,1,4,4,0,599220188667,12,8,False,3,4,5,5
Ohio4,LS1,Evening,Set1,Draw4,4,col4,Evening|Set1|Draw4|col4,C,own,1,2,1,4,4,1,5992207,7,5,False,3,4,5,5
Ohio4,LS1,Evening,Set1,Draw4,4,col4,Evening|Set1|Draw4|col4,C,own,1,2,1,4,4,2,52207,5,4,False,3,4,5,5
Ohio4,LS1,Evening,Set1,Draw4,4,col4,Evening|Set1|Draw4|col4,C,own,1,2,1,4,4,3,50,2,2,True,3,4,5,5
Ohio4,LS1,Evening,Set1,Draw4,4,col4,Evening|Set1|Draw4|col4,C,own,1,2,1,4,4,4,,0,0,False,3,4,5,5
Ohio4,LS1,Evening,Set1,Draw4,4,col4,Evening|Set1|Draw4|col4,C,combined,1,2,1,4,4,0,599220188667,12,8,False,2,4,5,5
Ohio4,LS1,Evening,Set1,Draw4,4,col4,Evening|Set1|Draw4|col4,C,combined,1,2,1,4,4,1,5992207,7,5,False,2,4,5,5
Ohio4,LS1,Evening,Set1,Draw4,4,col4,Evening|Set1|Draw4|col4,C,combined,1,2,1,4,4,2,227,3,2,True,2,4,5,5
Ohio4,LS1,Evening,Set1,Draw4,4,col4,Evening|Set1|Draw4|col4,C,combined,1,2,1,4,4,3,227,3,2,True,2,4,5,5
Ohio4,LS1,Evening,Set1,Draw4,4,col4,Evening|Set1|Draw4|col4,C,combined,1,2,1,4,4,4,,0,0,False,2,4,5,5
Ohio4,LS1,Evening,Set1,Draw4,4,col4,Evening|Set1|Draw4|col4,D,own,1,2,1,4,4,0,599220188667,12,8,False,3,4,5,5
Ohio4,LS1,Evening,Set1,Draw4,4,col4,Evening|Set1|Draw4|col4,D,own,1,2,1,4,4,1,5992207,7,5,False,3,4,5,5
Ohio4,LS1,Evening,Set1,Draw4,4,col4,Evening|Set1|Draw4|col4,D,own,1,2,1,4,4,2,52207,5,4,False,3,4,5,5
Ohio4,LS1,Evening,Set1,Draw4,4,col4,Evening|Set1|Draw4|col4,D,own,1,2,1,4,4,3,50,2,2,True,3,4,5,5
Ohio4,LS1,Evening,Set1,Draw4,4,col4,Evening|Set1|Draw4|col4,D,own,1,2,1,4,4,4,,0,0,False,3,4,5,5
Ohio4,LS1,Evening,Set1,Draw4,4,col4,Evening|Set1|Draw4|col4,D,combined,1,2,1,4,4,0,599220188667,12,8,False,2,4,5,5
Ohio4,LS1,Evening,Set1,Draw4,4,col4,Evening|Set1|Draw4|col4,D,combined,1,2,1,4,4,1,5992207,7,5,False,2,4,5,5
Ohio4,LS1,Evening,Set1,Draw4,4,col4,Evening|Set1|Draw4|col4,D,combined,1,2,1,4,4,2,227,3,2,True,2,4,5,5
Ohio4,LS1,Evening,Set1,Draw4,4,col4,Evening|Set1|Draw4|col4,D,combined,1,2,1,4,4,3,227,3,2,True,2,4,5,5
Ohio4,LS1,Evening,Set1,Draw4,4,col4,Evening|Set1|Draw4|col4,D,combined,1,2,1,4,4,4,,0,0,False,2,4,5,5
Ohio4,LS1,Evening,Set1,Draw4,4,col4,Evening|Set1|Draw4|col4,E,own,1,2,1,4,4,0,599220188667,12,8,False,4,7,8,8
Ohio4,LS1,Evening,Set1,Draw4,4,col4,Evening|Set1|Draw4|col4,E,own,1,2,1,4,4,1,599220167,9,7,False,4,7,8,8
Ohio4,LS1,Evening,Set1,Draw4,4,col4,Evening|Set1|Draw4|col4,E,own,1,2,1,4,4,2,5220167,7,6,False,4,7,8,8
Ohio4,LS1,Evening,Set1,Draw4,4,col4,Evening|Set1|Draw4|col4,E,own,1,2,1,4,4,3,52067,5,5,False,4,7,8,8
Ohio4,LS1,Evening,Set1,Draw4,4,col4,Evening|Set1|Draw4|col4,E,own,1,2,1,4,4,4,206,3,3,True,4,7,8,8
Ohio4,LS1,Evening,Set1,Draw4,4,col4,Evening|Set1|Draw4|col4,E,own,1,2,1,4,4,5,206,3,3,True,4,7,8,8
Ohio4,LS1,Evening,Set1,Draw4,4,col4,Evening|Set1|Draw4|col4,E,own,1,2,1,4,4,6,2,1,1,True,4,7,8,8
Ohio4,LS1,Evening,Set1,Draw4,4,col4,Evening|Set1|Draw4|col4,E,own,1,2,1,4,4,7,,0,0,False,4,7,8,8
Ohio4,LS1,Evening,Set1,Draw4,4,col4,Evening|Set1|Draw4|col4,E,combined,1,2,1,4,4,0,599220188667,12,8,False,4,5,6,6
Ohio4,LS1,Evening,Set1,Draw4,4,col4,Evening|Set1|Draw4|col4,E,combined,1,2,1,4,4,1,599220167,9,7,False,4,5,6,6
Ohio4,LS1,Evening,Set1,Draw4,4,col4,Evening|Set1|Draw4|col4,E,combined,1,2,1,4,4,2,592217,6,5,False,4,5,6,6
Ohio4,LS1,Evening,Set1,Draw4,4,col4,Evening|Set1|Draw4|col4,E,combined,1,2,1,4,4,3,52217,5,4,False,4,5,6,6
Ohio4,LS1,Evening,Set1,Draw4,4,col4,Evening|Set1|Draw4|col4,E,combined,1,2,1,4,4,4,21,2,2,True,4,5,6,6
Ohio4,LS1,Evening,Set1,Draw4,4,col4,Evening|Set1|Draw4|col4,E,combined,1,2,1,4,4,5,,0,0,False,4,5,6,6
Ohio4,LS1,Evening,Set1,Draw4,4,col4,Evening|Set1|Draw4|col4,T,own,1,2,1,4,4,0,599220188667,12,8,False,3,6,7,7
Ohio4,LS1,Evening,Set1,Draw4,4,col4,Evening|Set1|Draw4|col4,T,own,1,2,1,4,4,1,5992207,7,5,False,3,6,7,7
Ohio4,LS1,Evening,Set1,Draw4,4,col4,Evening|Set1|Draw4|col4,T,own,1,2,1,4,4,2,52207,5,4,False,3,6,7,7
Ohio4,LS1,Evening,Set1,Draw4,4,col4,Evening|Set1|Draw4|col4,T,own,1,2,1,4,4,3,507,3,3,True,3,6,7,7
Ohio4,LS1,Evening,Set1,Draw4,4,col4,Evening|Set1|Draw4|col4,T,own,1,2,1,4,4,4,0,1,1,True,3,6,7,7
Ohio4,LS1,Evening,Set1,Draw4,4,col4,Evening|Set1|Draw4|col4,T,own,1,2,1,4,4,5,0,1,1,True,3,6,7,7
Ohio4,LS1,Evening,Set1,Draw4,4,col4,Evening|Set1|Draw4|col4,T,own,1,2,1,4,4,6,,0,0,False,3,6,7,7
Ohio4,LS1,Evening,Set1,Draw4,4,col4,Evening|Set1|Draw4|col4,T,combined,1,2,1,4,4,0,599220188667,12,8,False,2,4,5,5
Ohio4,LS1,Evening,Set1,Draw4,4,col4,Evening|Set1|Draw4|col4,T,combined,1,2,1,4,4,1,5992207,7,5,False,2,4,5,5
Ohio4,LS1,Evening,Set1,Draw4,4,col4,Evening|Set1|Draw4|col4,T,combined,1,2,1,4,4,2,227,3,2,True,2,4,5,5
Ohio4,LS1,Evening,Set1,Draw4,4,col4,Evening|Set1|Draw4|col4,T,combined,1,2,1,4,4,3,227,3,2,True,2,4,5,5
Ohio4,LS1,Evening,Set1,Draw4,4,col4,Evening|Set1|Draw4|col4,T,combined,1,2,1,4,4,4,,0,0,False,2,4,5,5
Ohio4,LS1,Evening,Set1,Draw4,2,col2,Evening|Set1|Draw4|col2,A,own,1,2,1,4,2,0,5208667**,9,7,False,4,6,29,7
Ohio4,LS1,Evening,Set1,Draw4,2,col2,Evening|Set1|Draw4|col2,A,own,1,2,1,4,2,1,5207**,6,5,False,4,6,29,7
Ohio4,LS1,Evening,Set1,Draw4,2,col2,Evening|Set1|Draw4|col2,A,own,1,2,1,4,2,2,5207**,6,5,False,4,6,29,7
Ohio4,LS1,Evening,Set1,Draw4,2,col2,Evening|Set1|Draw4|col2,A,own,1,2,1,4,2,3,507**,5,4,False,4,6,29,7
Ohio4,LS1,Evening,Set1,Draw4,2,col2,Evening|Set1|Draw4|col2,A,own,1,2,1,4,2,4,0**,3,2,True,4,6,29,7
Ohio4,LS1,Evening,Set1,Draw4,2,col2,Evening|Set1|Draw4|col2,A,own,1,2,1,4,2,5,0**,3,2,True,4,6,29,7
Ohio4,LS1,Evening,Set1,Draw4,2,col2,Evening|Set1|Draw4|col2,A,own,1,2,1,4,2,6,**,2,1,True,4,6,29,7
Ohio4,LS1,Evening,Set1,Draw4,2,col2,Evening|Set1|Draw4|col2,A,combined,1,2,1,4,2,0,5208667**,9,7,False,4,7,57,7
Ohio4,LS1,Evening,Set1,Draw4,2,col2,Evening|Set1|Draw4|col2,A,combined,1,2,1,4,2,1,5207**,6,5,False,4,7,57,7
Ohio4,LS1,Evening,Set1,Draw4,2,col2,Evening|Set1|Draw4|col2,A,combined,1,2,1,4,2,2,527**,5,4,False,4,7,57,7
Ohio4,LS1,Evening,Set1,Draw4,2,col2,Evening|Set1|Draw4|col2,A,combined,1,2,1,4,2,3,527**,5,4,False,4,7,57,7
Ohio4,LS1,Evening,Set1,Draw4,2,col2,Evening|Set1|Draw4|col2,A,combined,1,2,1,4,2,4,5**,3,2,True,4,7,57,7
Ohio4,LS1,Evening,Set1,Draw4,2,col2,Evening|Set1|Draw4|col2,A,combined,1,2,1,4,2,5,5**,3,2,True,4,7,57,7
Ohio4,LS1,Evening,Set1,Draw4,2,col2,Evening|Set1|Draw4|col2,A,combined,1,2,1,4,2,7,**,2,1,True,4,7,57,7
Ohio4,LS1,Evening,Set1,Draw4,2,col2,Evening|Set1|Draw4|col2,B,own,1,2,1,4,2,0,5208667**,9,7,False,4,6,29,7
Ohio4,LS1,Evening,Set1,Draw4,2,col2,Evening|Set1|Draw4|col2,B,own,1,2,1,4,2,1,5207**,6,5,False,4,6,29,7
Ohio4,LS1,Evening,Set1,Draw4,2,col2,Evening|Set1|Draw4|col2,B,own,1,2,1,4,2,2,5207**,6,5,False,4,6,29,7
Ohio4,LS1,Evening,Set1,Draw4,2,col2,Evening|Set1|Draw4|col2,B,own,1,2,1,4,2,3,507**,5,4,False,4,6,29,7
Ohio4,LS1,Evening,Set1,Draw4,2,col2,Evening|Set1|Draw4|col2,B,own,1,2,1,4,2,4,0**,3,2,True,4,6,29,7
Ohio4,LS1,Evening,Set1,Draw4,2,col2,Evening|Set1|Draw4|col2,B,own,1,2,1,4,2,5,0**,3,2,True,4,6,29,7
Ohio4,LS1,Evening,Set1,Draw4,2,col2,Evening|Set1|Draw4|col2,B,own,1,2,1,4,2,6,**,2,1,True,4,6,29,7
Ohio4,LS1,Evening,Set1,Draw4,2,col2,Evening|Set1|Draw4|col2,B,combined,1,2,1,4,2,0,5208667**,9,7,False,4,4,57,5
Ohio4,LS1,Evening,Set1,Draw4,2,col2,Evening|Set1|Draw4|col2,B,combined,1,2,1,4,2,1,5207**,6,5,False,4,4,57,5
Ohio4,LS1,Evening,Set1,Draw4,2,col2,Evening|Set1|Draw4|col2,B,combined,1,2,1,4,2,2,527**,5,4,False,4,4,57,5
Ohio4,LS1,Evening,Set1,Draw4,2,col2,Evening|Set1|Draw4|col2,B,combined,1,2,1,4,2,3,527**,5,4,False,4,4,57,5
Ohio4,LS1,Evening,Set1,Draw4,2,col2,Evening|Set1|Draw4|col2,B,combined,1,2,1,4,2,4,**,2,1,True,4,4,57,5
Ohio4,LS1,Evening,Set1,Draw4,2,col2,Evening|Set1|Draw4|col2,C,own,1,2,1,4,2,0,5208667**,9,7,False,3,4,29,5
Ohio4,LS1,Evening,Set1,Draw4,2,col2,Evening|Set1|Draw4|col2,C,own,1,2,1,4,2,1,5207**,6,5,False,3,4,29,5
Ohio4,LS1,Evening,Set1,Draw4,2,col2,Evening|Set1|Draw4|col2,C,own,1,2,1,4,2,2,5207**,6,5,False,3,4,29,5
Ohio4,LS1,Evening,Set1,Draw4,2,col2,Evening|Set1|Draw4|col2,C,own,1,2,1,4,2,3,50**,4,3,True,3,4,29,5
Ohio4,LS1,Evening,Set1,Draw4,2,col2,Evening|Set1|Draw4|col2,C,own,1,2,1,4,2,4,**,2,1,True,3,4,29,5
Ohio4,LS1,Evening,Set1,Draw4,2,col2,Evening|Set1|Draw4|col2,C,combined,1,2,1,4,2,0,5208667**,9,7,False,2,4,57,5
Ohio4,LS1,Evening,Set1,Draw4,2,col2,Evening|Set1|Draw4|col2,C,combined,1,2,1,4,2,1,5207**,6,5,False,2,4,57,5
Ohio4,LS1,Evening,Set1,Draw4,2,col2,Evening|Set1|Draw4|col2,C,combined,1,2,1,4,2,2,27**,4,3,True,2,4,57,5
Ohio4,LS1,Evening,Set1,Draw4,2,col2,Evening|Set1|Draw4|col2,C,combined,1,2,1,4,2,3,27**,4,3,True,2,4,57,5
Ohio4,LS1,Evening,Set1,Draw4,2,col2,Evening|Set1|Draw4|col2,C,combined,1,2,1,4,2,4,**,2,1,True,2,4,57,5
Ohio4,LS1,Evening,Set1,Draw4,2,col2,Evening|Set1|Draw4|col2,D,own,1,2,1,4,2,0,5208667**,9,7,False,3,4,29,5
Ohio4,LS1,Evening,Set1,Draw4,2,col2,Evening|Set1|Draw4|col2,D,own,1,2,1,4,2,1,5207**,6,5,False,3,4,29,5
Ohio4,LS1,Evening,Set1,Draw4,2,col2,Evening|Set1|Draw4|col2,D,own,1,2,1,4,2,2,5207**,6,5,False,3,4,29,5
Ohio4,LS1,Evening,Set1,Draw4,2,col2,Evening|Set1|Draw4|col2,D,own,1,2,1,4,2,3,50**,4,3,True,3,4,29,5
Ohio4,LS1,Evening,Set1,Draw4,2,col2,Evening|Set1|Draw4|col2,D,own,1,2,1,4,2,4,**,2,1,True,3,4,29,5
Ohio4,LS1,Evening,Set1,Draw4,2,col2,Evening|Set1|Draw4|col2,D,combined,1,2,1,4,2,0,5208667**,9,7,False,2,4,57,5
Ohio4,LS1,Evening,Set1,Draw4,2,col2,Evening|Set1|Draw4|col2,D,combined,1,2,1,4,2,1,5207**,6,5,False,2,4,57,5
Ohio4,LS1,Evening,Set1,Draw4,2,col2,Evening|Set1|Draw4|col2,D,combined,1,2,1,4,2,2,27**,4,3,True,2,4,57,5
Ohio4,LS1,Evening,Set1,Draw4,2,col2,Evening|Set1|Draw4|col2,D,combined,1,2,1,4,2,3,27**,4,3,True,2,4,57,5
Ohio4,LS1,Evening,Set1,Draw4,2,col2,Evening|Set1|Draw4|col2,D,combined,1,2,1,4,2,4,**,2,1,True,2,4,57,5
Ohio4,LS1,Evening,Set1,Draw4,2,col2,Evening|Set1|Draw4|col2,E,own,1,2,1,4,2,0,5208667**,9,7,False,4,6,29,7
Ohio4,LS1,Evening,Set1,Draw4,2,col2,Evening|Set1|Draw4|col2,E,own,1,2,1,4,2,1,52067**,7,6,False,4,6,29,7
Ohio4,LS1,Evening,Set1,Draw4,2,col2,Evening|Set1|Draw4|col2,E,own,1,2,1,4,2,2,52067**,7,6,False,4,6,29,7
Ohio4,LS1,Evening,Set1,Draw4,2,col2,Evening|Set1|Draw4|col2,E,own,1,2,1,4,2,3,507**,5,4,False,4,6,29,7
Ohio4,LS1,Evening,Set1,Draw4,2,col2,Evening|Set1|Draw4|col2,E,own,1,2,1,4,2,4,0**,3,2,True,4,6,29,7
Ohio4,LS1,Evening,Set1,Draw4,2,col2,Evening|Set1|Draw4|col2,E,own,1,2,1,4,2,5,0**,3,2,True,4,6,29,7
Ohio4,LS1,Evening,Set1,Draw4,2,col2,Evening|Set1|Draw4|col2,E,own,1,2,1,4,2,6,**,2,1,True,4,6,29,7
Ohio4,LS1,Evening,Set1,Draw4,2,col2,Evening|Set1|Draw4|col2,E,combined,1,2,1,4,2,0,5208667**,9,7,False,4,4,57,5
Ohio4,LS1,Evening,Set1,Draw4,2,col2,Evening|Set1|Draw4|col2,E,combined,1,2,1,4,2,1,52067**,7,6,False,4,4,57,5
Ohio4,LS1,Evening,Set1,Draw4,2,col2,Evening|Set1|Draw4|col2,E,combined,1,2,1,4,2,2,527**,5,4,False,4,4,57,5
Ohio4,LS1,Evening,Set1,Draw4,2,col2,Evening|Set1|Draw4|col2,E,combined,1,2,1,4,2,3,527**,5,4,False,4,4,57,5
Ohio4,LS1,Evening,Set1,Draw4,2,col2,Evening|Set1|Draw4|col2,E,combined,1,2,1,4,2,4,**,2,1,True,4,4,57,5
Ohio4,LS1,Evening,Set1,Draw4,2,col2,Evening|Set1|Draw4|col2,T,own,1,2,1,4,2,0,5208667**,9,7,False,3,6,29,7
Ohio4,LS1,Evening,Set1,Draw4,2,col2,Evening|Set1|Draw4|col2,T,own,1,2,1,4,2,1,5207**,6,5,False,3,6,29,7
Ohio4,LS1,Evening,Set1,Draw4,2,col2,Evening|Set1|Draw4|col2,T,own,1,2,1,4,2,2,5207**,6,5,False,3,6,29,7
Ohio4,LS1,Evening,Set1,Draw4,2,col2,Evening|Set1|Draw4|col2,T,own,1,2,1,4,2,3,50**,4,3,True,3,6,29,7
Ohio4,LS1,Evening,Set1,Draw4,2,col2,Evening|Set1|Draw4|col2,T,own,1,2,1,4,2,4,0**,3,2,True,3,6,29,7
Ohio4,LS1,Evening,Set1,Draw4,2,col2,Evening|Set1|Draw4|col2,T,own,1,2,1,4,2,5,0**,3,2,True,3,6,29,7
Ohio4,LS1,Evening,Set1,Draw4,2,col2,Evening|Set1|Draw4|col2,T,own,1,2,1,4,2,6,**,2,1,True,3,6,29,7
Ohio4,LS1,Evening,Set1,Draw4,2,col2,Evening|Set1|Draw4|col2,T,combined,1,2,1,4,2,0,5208667**,9,7,False,2,4,57,5
Ohio4,LS1,Evening,Set1,Draw4,2,col2,Evening|Set1|Draw4|col2,T,combined,1,2,1,4,2,1,5207**,6,5,False,2,4,57,5
Ohio4,LS1,Evening,Set1,Draw4,2,col2,Evening|Set1|Draw4|col2,T,combined,1,2,1,4,2,2,27**,4,3,True,2,4,57,5
Ohio4,LS1,Evening,Set1,Draw4,2,col2,Evening|Set1|Draw4|col2,T,combined,1,2,1,4,2,3,27**,4,3,True,2,4,57,5
Ohio4,LS1,Evening,Set1,Draw4,2,col2,Evening|Set1|Draw4|col2,T,combined,1,2,1,4,2,4,**,2,1,True,2,4,57,5
Ohio4,LS1,Evening,Set1,Draw5,3,col3,Evening|Set1|Draw5|col3,A,own,1,2,1,5,3,0,599200188667,12,8,False,3,6,7,7
Ohio4,LS1,Evening,Set1,Draw5,3,col3,Evening|Set1|Draw5|col3,A,own,1,2,1,5,3,1,59920017,8,6,False,3,6,7,7
Ohio4,LS1,Evening,Set1,Draw5,3,col3,Evening|Set1|Draw5|col3,A,own,1,2,1,5,3,2,520017,6,5,False,3,6,7,7
Ohio4,LS1,Evening,Set1,Draw5,3,col3,Evening|Set1|Draw5|col3,A,own,1,2,1,5,3,3,5007,4,3,True,3,6,7,7
Ohio4,LS1,Evening,Set1,Draw5,3,col3,Evening|Set1|Draw5|col3,A,own,1,2,1,5,3,4,00,2,1,True,3,6,7,7
Ohio4,LS1,Evening,Set1,Draw5,3,col3,Evening|Set1|Draw5|col3,A,own,1,2,1,5,3,5,00,2,1,True,3,6,7,7
Ohio4,LS1,Evening,Set1,Draw5,3,col3,Evening|Set1|Draw5|col3,A,own,1,2,1,5,3,6,,0,0,False,3,6,7,7
Ohio4,LS1,Evening,Set1,Draw5,3,col3,Evening|Set1|Draw5|col3,A,combined,1,2,1,5,3,0,599200188667,12,8,False,4,7,8,8
Ohio4,LS1,Evening,Set1,Draw5,3,col3,Evening|Set1|Draw5|col3,A,combined,1,2,1,5,3,1,59920017,8,6,False,4,7,8,8
Ohio4,LS1,Evening,Set1,Draw5,3,col3,Evening|Set1|Draw5|col3,A,combined,1,2,1,5,3,2,5217,4,4,False,4,7,8,8
Ohio4,LS1,Evening,Set1,Draw5,3,col3,Evening|Set1|Draw5|col3,A,combined,1,2,1,5,3,3,5217,4,4,False,4,7,8,8
Ohio4,LS1,Evening,Set1,Draw5,3,col3,Evening|Set1|Draw5|col3,A,combined,1,2,1,5,3,4,51,2,2,True,4,7,8,8
Ohio4,LS1,Evening,Set1,Draw5,3,col3,Evening|Set1|Draw5|col3,A,combined,1,2,1,5,3,5,5,1,1,True,4,7,8,8
Ohio4,LS1,Evening,Set1,Draw5,3,col3,Evening|Set1|Draw5|col3,A,combined,1,2,1,5,3,6,5,1,1,True,4,7,8,8
Ohio4,LS1,Evening,Set1,Draw5,3,col3,Evening|Set1|Draw5|col3,A,combined,1,2,1,5,3,7,,0,0,False,4,7,8,8
Ohio4,LS1,Evening,Set1,Draw5,3,col3,Evening|Set1|Draw5|col3,B,own,1,2,1,5,3,0,599200188667,12,8,False,3,6,7,7
Ohio4,LS1,Evening,Set1,Draw5,3,col3,Evening|Set1|Draw5|col3,B,own,1,2,1,5,3,1,59920017,8,6,False,3,6,7,7
Ohio4,LS1,Evening,Set1,Draw5,3,col3,Evening|Set1|Draw5|col3,B,own,1,2,1,5,3,2,520017,6,5,False,3,6,7,7
Ohio4,LS1,Evening,Set1,Draw5,3,col3,Evening|Set1|Draw5|col3,B,own,1,2,1,5,3,3,5007,4,3,True,3,6,7,7
Ohio4,LS1,Evening,Set1,Draw5,3,col3,Evening|Set1|Draw5|col3,B,own,1,2,1,5,3,4,00,2,1,True,3,6,7,7
Ohio4,LS1,Evening,Set1,Draw5,3,col3,Evening|Set1|Draw5|col3,B,own,1,2,1,5,3,5,00,2,1,True,3,6,7,7
Ohio4,LS1,Evening,Set1,Draw5,3,col3,Evening|Set1|Draw5|col3,B,own,1,2,1,5,3,6,,0,0,False,3,6,7,7
Ohio4,LS1,Evening,Set1,Draw5,3,col3,Evening|Set1|Draw5|col3,B,combined,1,2,1,5,3,0,599200188667,12,8,False,2,4,5,5
Ohio4,LS1,Evening,Set1,Draw5,3,col3,Evening|Set1|Draw5|col3,B,combined,1,2,1,5,3,1,59920017,8,6,False,2,4,5,5
Ohio4,LS1,Evening,Set1,Draw5,3,col3,Evening|Set1|Draw5|col3,B,combined,1,2,1,5,3,2,527,3,3,True,2,4,5,5
Ohio4,LS1,Evening,Set1,Draw5,3,col3,Evening|Set1|Draw5|col3,B,combined,1,2,1,5,3,3,527,3,3,True,2,4,5,5
Ohio4,LS1,Evening,Set1,Draw5,3,col3,Evening|Set1|Draw5|col3,B,combined,1,2,1,5,3,4,,0,0,False,2,4,5,5
Ohio4,LS1,Evening,Set1,Draw5,3,col3,Evening|Set1|Draw5|col3,C,own,1,2,1,5,3,0,599200188667,12,8,False,3,4,5,5
Ohio4,LS1,Evening,Set1,Draw5,3,col3,Evening|Set1|Draw5|col3,C,own,1,2,1,5,3,1,5992007,7,5,False,3,4,5,5
Ohio4,LS1,Evening,Set1,Draw5,3,col3,Evening|Set1|Draw5|col3,C,own,1,2,1,5,3,2,52007,5,4,False,3,4,5,5
Ohio4,LS1,Evening,Set1,Draw5,3,col3,Evening|Set1|Draw5|col3,C,own,1,2,1,5,3,3,500,3,2,True,3,4,5,5
Ohio4,LS1,Evening,Set1,Draw5,3,col3,Evening|Set1|Draw5|col3,C,own,1,2,1,5,3,4,,0,0,False,3,4,5,5
Ohio4,LS1,Evening,Set1,Draw5,3,col3,Evening|Set1|Draw5|col3,C,combined,1,2,1,5,3,0,599200188667,12,8,False,2,4,5,5
Ohio4,LS1,Evening,Set1,Draw5,3,col3,Evening|Set1|Draw5|col3,C,combined,1,2,1,5,3,1,5992007,7,5,False,2,4,5,5
Ohio4,LS1,Evening,Set1,Draw5,3,col3,Evening|Set1|Draw5|col3,C,combined,1,2,1,5,3,2,27,2,2,True,2,4,5,5
Ohio4,LS1,Evening,Set1,Draw5,3,col3,Evening|Set1|Draw5|col3,C,combined,1,2,1,5,3,3,27,2,2,True,2,4,5,5
Ohio4,LS1,Evening,Set1,Draw5,3,col3,Evening|Set1|Draw5|col3,C,combined,1,2,1,5,3,4,,0,0,False,2,4,5,5
Ohio4,LS1,Evening,Set1,Draw5,3,col3,Evening|Set1|Draw5|col3,D,own,1,2,1,5,3,0,599200188667,12,8,False,3,6,7,7
Ohio4,LS1,Evening,Set1,Draw5,3,col3,Evening|Set1|Draw5|col3,D,own,1,2,1,5,3,1,5992007,7,5,False,3,6,7,7
Ohio4,LS1,Evening,Set1,Draw5,3,col3,Evening|Set1|Draw5|col3,D,own,1,2,1,5,3,2,52007,5,4,False,3,6,7,7
Ohio4,LS1,Evening,Set1,Draw5,3,col3,Evening|Set1|Draw5|col3,D,own,1,2,1,5,3,3,500,3,2,True,3,6,7,7
Ohio4,LS1,Evening,Set1,Draw5,3,col3,Evening|Set1|Draw5|col3,D,own,1,2,1,5,3,4,0,1,1,True,3,6,7,7
Ohio4,LS1,Evening,Set1,Draw5,3,col3,Evening|Set1|Draw5|col3,D,own,1,2,1,5,3,5,0,1,1,True,3,6,7,7
Ohio4,LS1,Evening,Set1,Draw5,3,col3,Evening|Set1|Draw5|col3,D,own,1,2,1,5,3,6,,0,0,False,3,6,7,7
Ohio4,LS1,Evening,Set1,Draw5,3,col3,Evening|Set1|Draw5|col3,D,combined,1,2,1,5,3,0,599200188667,12,8,False,2,4,5,5
Ohio4,LS1,Evening,Set1,Draw5,3,col3,Evening|Set1|Draw5|col3,D,combined,1,2,1,5,3,1,5992007,7,5,False,2,4,5,5
Ohio4,LS1,Evening,Set1,Draw5,3,col3,Evening|Set1|Draw5|col3,D,combined,1,2,1,5,3,2,27,2,2,True,2,4,5,5
Ohio4,LS1,Evening,Set1,Draw5,3,col3,Evening|Set1|Draw5|col3,D,combined,1,2,1,5,3,3,27,2,2,True,2,4,5,5
Ohio4,LS1,Evening,Set1,Draw5,3,col3,Evening|Set1|Draw5|col3,D,combined,1,2,1,5,3,4,,0,0,False,2,4,5,5
Ohio4,LS1,Evening,Set1,Draw5,3,col3,Evening|Set1|Draw5|col3,E,own,1,2,1,5,3,0,599200188667,12,8,False,4,11,12,9
Ohio4,LS1,Evening,Set1,Draw5,3,col3,Evening|Set1|Draw5|col3,E,own,1,2,1,5,3,1,599200167,9,7,False,4,11,12,9
Ohio4,LS1,Evening,Set1,Draw5,3,col3,Evening|Set1|Draw5|col3,E,own,1,2,1,5,3,2,5200167,7,6,False,4,11,12,9
Ohio4,LS1,Evening,Set1,Draw5,3,col3,Evening|Set1|Draw5|col3,E,own,1,2,1,5,3,3,50067,5,4,False,4,11,12,9
Ohio4,LS1,Evening,Set1,Draw5,3,col3,Evening|Set1|Draw5|col3,E,own,1,2,1,5,3,4,006,3,2,True,4,11,12,9
Ohio4,LS1,Evening,Set1,Draw5,3,col3,Evening|Set1|Draw5|col3,E,own,1,2,1,5,3,5,006,3,2,True,4,11,12,9
Ohio4,LS1,Evening,Set1,Draw5,3,col3,Evening|Set1|Draw5|col3,E,own,1,2,1,5,3,6,0,1,1,True,4,11,12,9
Ohio4,LS1,Evening,Set1,Draw5,3,col3,Evening|Set1|Draw5|col3,E,own,1,2,1,5,3,7,0,1,1,True,4,11,12,9
Ohio4,LS1,Evening,Set1,Draw5,3,col3,Evening|Set1|Draw5|col3,E,own,1,2,1,5,3,11,,0,0,False,4,11,12,9
Ohio4,LS1,Evening,Set1,Draw5,3,col3,Evening|Set1|Draw5|col3,E,combined,1,2,1,5,3,0,599200188667,12,8,False,4,7,8,8
Ohio4,LS1,Evening,Set1,Draw5,3,col3,Evening|Set1|Draw5|col3,E,combined,1,2,1,5,3,1,599200167,9,7,False,4,7,8,8
Ohio4,LS1,Evening,Set1,Draw5,3,col3,Evening|Set1|Draw5|col3,E,combined,1,2,1,5,3,2,592017,6,6,False,4,7,8,8
Ohio4,LS1,Evening,Set1,Draw5,3,col3,Evening|Set1|Draw5|col3,E,combined,1,2,1,5,3,3,52017,5,5,False,4,7,8,8
Ohio4,LS1,Evening,Set1,Draw5,3,col3,Evening|Set1|Draw5|col3,E,combined,1,2,1,5,3,4,51,2,2,True,4,7,8,8
Ohio4,LS1,Evening,Set1,Draw5,3,col3,Evening|Set1|Draw5|col3,E,combined,1,2,1,5,3,5,5,1,1,True,4,7,8,8
Ohio4,LS1,Evening,Set1,Draw5,3,col3,Evening|Set1|Draw5|col3,E,combined,1,2,1,5,3,6,5,1,1,True,4,7,8,8
Ohio4,LS1,Evening,Set1,Draw5,3,col3,Evening|Set1|Draw5|col3,E,combined,1,2,1,5,3,7,,0,0,False,4,7,8,8
Ohio4,LS1,Evening,Set1,Draw5,3,col3,Evening|Set1|Draw5|col3,T,own,1,2,1,5,3,0,599200188667,12,8,False,3,6,7,7
Ohio4,LS1,Evening,Set1,Draw5,3,col3,Evening|Set1|Draw5|col3,T,own,1,2,1,5,3,1,5992007,7,5,False,3,6,7,7
Ohio4,LS1,Evening,Set1,Draw5,3,col3,Evening|Set1|Draw5|col3,T,own,1,2,1,5,3,2,52007,5,4,False,3,6,7,7
Ohio4,LS1,Evening,Set1,Draw5,3,col3,Evening|Set1|Draw5|col3,T,own,1,2,1,5,3,3,500,3,2,True,3,6,7,7
Ohio4,LS1,Evening,Set1,Draw5,3,col3,Evening|Set1|Draw5|col3,T,own,1,2,1,5,3,4,00,2,1,True,3,6,7,7
Ohio4,LS1,Evening,Set1,Draw5,3,col3,Evening|Set1|Draw5|col3,T,own,1,2,1,5,3,5,00,2,1,True,3,6,7,7
Ohio4,LS1,Evening,Set1,Draw5,3,col3,Evening|Set1|Draw5|col3,T,own,1,2,1,5,3,6,,0,0,False,3,6,7,7
Ohio4,LS1,Evening,Set1,Draw5,3,col3,Evening|Set1|Draw5|col3,T,combined,1,2,1,5,3,0,599200188667,12,8,False,2,7,8,7
Ohio4,LS1,Evening,Set1,Draw5,3,col3,Evening|Set1|Draw5|col3,T,combined,1,2,1,5,3,1,5992007,7,5,False,2,7,8,7
Ohio4,LS1,Evening,Set1,Draw5,3,col3,Evening|Set1|Draw5|col3,T,combined,1,2,1,5,3,2,527,3,3,True,2,7,8,7
Ohio4,LS1,Evening,Set1,Draw5,3,col3,Evening|Set1|Draw5|col3,T,combined,1,2,1,5,3,3,527,3,3,True,2,7,8,7
Ohio4,LS1,Evening,Set1,Draw5,3,col3,Evening|Set1|Draw5|col3,T,combined,1,2,1,5,3,4,5,1,1,True,2,7,8,7
Ohio4,LS1,Evening,Set1,Draw5,3,col3,Evening|Set1|Draw5|col3,T,combined,1,2,1,5,3,5,5,1,1,True,2,7,8,7
Ohio4,LS1,Evening,Set1,Draw5,3,col3,Evening|Set1|Draw5|col3,T,combined,1,2,1,5,3,7,,0,0,False,2,7,8,7
Ohio4,LS1,Evening,Set1,Draw5,2,col2,Evening|Set1|Draw5|col2,A,own,1,2,1,5,2,0,520018667**,11,8,False,4,6,29,7
Ohio4,LS1,Evening,Set1,Draw5,2,col2,Evening|Set1|Draw5|col2,A,own,1,2,1,5,2,1,520017**,8,6,False,4,6,29,7
Ohio4,LS1,Evening,Set1,Draw5,2,col2,Evening|Set1|Draw5|col2,A,own,1,2,1,5,2,2,520017**,8,6,False,4,6,29,7
Ohio4,LS1,Evening,Set1,Draw5,2,col2,Evening|Set1|Draw5|col2,A,own,1,2,1,5,2,3,5007**,6,4,False,4,6,29,7
Ohio4,LS1,Evening,Set1,Draw5,2,col2,Evening|Set1|Draw5|col2,A,own,1,2,1,5,2,4,00**,4,2,True,4,6,29,7
Ohio4,LS1,Evening,Set1,Draw5,2,col2,Evening|Set1|Draw5|col2,A,own,1,2,1,5,2,5,00**,4,2,True,4,6,29,7
Ohio4,LS1,Evening,Set1,Draw5,2,col2,Evening|Set1|Draw5|col2,A,own,1,2,1,5,2,6,**,2,1,True,4,6,29,7
Ohio4,LS1,Evening,Set1,Draw5,2,col2,Evening|Set1|Draw5|col2,A,combined,1,2,1,5,2,0,520018667**,11,8,False,4,7,57,8
Ohio4,LS1,Evening,Set1,Draw5,2,col2,Evening|Set1|Draw5|col2,A,combined,1,2,1,5,2,1,520017**,8,6,False,4,7,57,8
Ohio4,LS1,Evening,Set1,Draw5,2,col2,Evening|Set1|Draw5|col2,A,combined,1,2,1,5,2,2,5217**,6,5,False,4,7,57,8
Ohio4,LS1,Evening,Set1,Draw5,2,col2,Evening|Set1|Draw5|col2,A,combined,1,2,1,5,2,3,5217**,6,5,False,4,7,57,8
Ohio4,LS1,Evening,Set1,Draw5,2,col2,Evening|Set1|Draw5|col2,A,combined,1,2,1,5,2,4,51**,4,3,True,4,7,57,8
Ohio4,LS1,Evening,Set1,Draw5,2,col2,Evening|Set1|Draw5|col2,A,combined,1,2,1,5,2,5,5**,3,2,True,4,7,57,8
Ohio4,LS1,Evening,Set1,Draw5,2,col2,Evening|Set1|Draw5|col2,A,combined,1,2,1,5,2,6,5**,3,2,True,4,7,57,8
Ohio4,LS1,Evening,Set1,Draw5,2,col2,Evening|Set1|Draw5|col2,A,combined,1,2,1,5,2,7,**,2,1,True,4,7,57,8
Ohio4,LS1,Evening,Set1,Draw5,2,col2,Evening|Set1|Draw5|col2,B,own,1,2,1,5,2,0,520018667**,11,8,False,4,6,29,7
Ohio4,LS1,Evening,Set1,Draw5,2,col2,Evening|Set1|Draw5|col2,B,own,1,2,1,5,2,1,520017**,8,6,False,4,6,29,7
Ohio4,LS1,Evening,Set1,Draw5,2,col2,Evening|Set1|Draw5|col2,B,own,1,2,1,5,2,2,520017**,8,6,False,4,6,29,7
Ohio4,LS1,Evening,Set1,Draw5,2,col2,Evening|Set1|Draw5|col2,B,own,1,2,1,5,2,3,5007**,6,4,False,4,6,29,7
Ohio4,LS1,Evening,Set1,Draw5,2,col2,Evening|Set1|Draw5|col2,B,own,1,2,1,5,2,4,00**,4,2,True,4,6,29,7
Ohio4,LS1,Evening,Set1,Draw5,2,col2,Evening|Set1|Draw5|col2,B,own,1,2,1,5,2,5,00**,4,2,True,4,6,29,7
Ohio4,LS1,Evening,Set1,Draw5,2,col2,Evening|Set1|Draw5|col2,B,own,1,2,1,5,2,6,**,2,1,True,4,6,29,7
Ohio4,LS1,Evening,Set1,Draw5,2,col2,Evening|Set1|Draw5|col2,B,combined,1,2,1,5,2,0,520018667**,11,8,False,4,4,57,5
Ohio4,LS1,Evening,Set1,Draw5,2,col2,Evening|Set1|Draw5|col2,B,combined,1,2,1,5,2,1,520017**,8,6,False,4,4,57,5
Ohio4,LS1,Evening,Set1,Draw5,2,col2,Evening|Set1|Draw5|col2,B,combined,1,2,1,5,2,2,527**,5,4,False,4,4,57,5
Ohio4,LS1,Evening,Set1,Draw5,2,col2,Evening|Set1|Draw5|col2,B,combined,1,2,1,5,2,3,527**,5,4,False,4,4,57,5
Ohio4,LS1,Evening,Set1,Draw5,2,col2,Evening|Set1|Draw5|col2,B,combined,1,2,1,5,2,4,**,2,1,True,4,4,57,5
Ohio4,LS1,Evening,Set1,Draw5,2,col2,Evening|Set1|Draw5|col2,C,own,1,2,1,5,2,0,520018667**,11,8,False,3,4,29,5
Ohio4,LS1,Evening,Set1,Draw5,2,col2,Evening|Set1|Draw5|col2,C,own,1,2,1,5,2,1,52007**,7,5,False,3,4,29,5
Ohio4,LS1,Evening,Set1,Draw5,2,col2,Evening|Set1|Draw5|col2,C,own,1,2,1,5,2,2,52007**,7,5,False,3,4,29,5
Ohio4,LS1,Evening,Set1,Draw5,2,col2,Evening|Set1|Draw5|col2,C,own,1,2,1,5,2,3,500**,5,3,True,3,4,29,5
Ohio4,LS1,Evening,Set1,Draw5,2,col2,Evening|Set1|Draw5|col2,C,own,1,2,1,5,2,4,**,2,1,True,3,4,29,5
Ohio4,LS1,Evening,Set1,Draw5,2,col2,Evening|Set1|Draw5|col2,C,combined,1,2,1,5,2,0,520018667**,11,8,False,2,4,57,5
Ohio4,LS1,Evening,Set1,Draw5,2,col2,Evening|Set1|Draw5|col2,C,combined,1,2,1,5,2,1,52007**,7,5,False,2,4,57,5
Ohio4,LS1,Evening,Set1,Draw5,2,col2,Evening|Set1|Draw5|col2,C,combined,1,2,1,5,2,2,27**,4,3,True,2,4,57,5
Ohio4,LS1,Evening,Set1,Draw5,2,col2,Evening|Set1|Draw5|col2,C,combined,1,2,1,5,2,3,27**,4,3,True,2,4,57,5
Ohio4,LS1,Evening,Set1,Draw5,2,col2,Evening|Set1|Draw5|col2,C,combined,1,2,1,5,2,4,**,2,1,True,2,4,57,5
Ohio4,LS1,Evening,Set1,Draw5,2,col2,Evening|Set1|Draw5|col2,D,own,1,2,1,5,2,0,520018667**,11,8,False,3,6,29,7
Ohio4,LS1,Evening,Set1,Draw5,2,col2,Evening|Set1|Draw5|col2,D,own,1,2,1,5,2,1,52007**,7,5,False,3,6,29,7
Ohio4,LS1,Evening,Set1,Draw5,2,col2,Evening|Set1|Draw5|col2,D,own,1,2,1,5,2,2,52007**,7,5,False,3,6,29,7
Ohio4,LS1,Evening,Set1,Draw5,2,col2,Evening|Set1|Draw5|col2,D,own,1,2,1,5,2,3,500**,5,3,True,3,6,29,7
Ohio4,LS1,Evening,Set1,Draw5,2,col2,Evening|Set1|Draw5|col2,D,own,1,2,1,5,2,4,0**,3,2,True,3,6,29,7
Ohio4,LS1,Evening,Set1,Draw5,2,col2,Evening|Set1|Draw5|col2,D,own,1,2,1,5,2,5,0**,3,2,True,3,6,29,7
Ohio4,LS1,Evening,Set1,Draw5,2,col2,Evening|Set1|Draw5|col2,D,own,1,2,1,5,2,6,**,2,1,True,3,6,29,7
Ohio4,LS1,Evening,Set1,Draw5,2,col2,Evening|Set1|Draw5|col2,D,combined,1,2,1,5,2,0,520018667**,11,8,False,2,4,57,5
Ohio4,LS1,Evening,Set1,Draw5,2,col2,Evening|Set1|Draw5|col2,D,combined,1,2,1,5,2,1,52007**,7,5,False,2,4,57,5
Ohio4,LS1,Evening,Set1,Draw5,2,col2,Evening|Set1|Draw5|col2,D,combined,1,2,1,5,2,2,27**,4,3,True,2,4,57,5
Ohio4,LS1,Evening,Set1,Draw5,2,col2,Evening|Set1|Draw5|col2,D,combined,1,2,1,5,2,3,27**,4,3,True,2,4,57,5
Ohio4,LS1,Evening,Set1,Draw5,2,col2,Evening|Set1|Draw5|col2,D,combined,1,2,1,5,2,4,**,2,1,True,2,4,57,5
Ohio4,LS1,Evening,Set1,Draw5,2,col2,Evening|Set1|Draw5|col2,E,own,1,2,1,5,2,0,520018667**,11,8,False,4,11,29,9
Ohio4,LS1,Evening,Set1,Draw5,2,col2,Evening|Set1|Draw5|col2,E,own,1,2,1,5,2,1,5200167**,9,7,False,4,11,29,9
Ohio4,LS1,Evening,Set1,Draw5,2,col2,Evening|Set1|Draw5|col2,E,own,1,2,1,5,2,2,5200167**,9,7,False,4,11,29,9
Ohio4,LS1,Evening,Set1,Draw5,2,col2,Evening|Set1|Draw5|col2,E,own,1,2,1,5,2,3,50067**,7,5,False,4,11,29,9
Ohio4,LS1,Evening,Set1,Draw5,2,col2,Evening|Set1|Draw5|col2,E,own,1,2,1,5,2,4,006**,5,3,True,4,11,29,9
Ohio4,LS1,Evening,Set1,Draw5,2,col2,Evening|Set1|Draw5|col2,E,own,1,2,1,5,2,5,006**,5,3,True,4,11,29,9
Ohio4,LS1,Evening,Set1,Draw5,2,col2,Evening|Set1|Draw5|col2,E,own,1,2,1,5,2,6,0**,3,2,True,4,11,29,9
Ohio4,LS1,Evening,Set1,Draw5,2,col2,Evening|Set1|Draw5|col2,E,own,1,2,1,5,2,7,0**,3,2,True,4,11,29,9
Ohio4,LS1,Evening,Set1,Draw5,2,col2,Evening|Set1|Draw5|col2,E,own,1,2,1,5,2,11,**,2,1,True,4,11,29,9
Ohio4,LS1,Evening,Set1,Draw5,2,col2,Evening|Set1|Draw5|col2,E,combined,1,2,1,5,2,0,520018667**,11,8,False,4,7,57,8
Ohio4,LS1,Evening,Set1,Draw5,2,col2,Evening|Set1|Draw5|col2,E,combined,1,2,1,5,2,1,5200167**,9,7,False,4,7,57,8
Ohio4,LS1,Evening,Set1,Draw5,2,col2,Evening|Set1|Draw5|col2,E,combined,1,2,1,5,2,2,52017**,7,6,False,4,7,57,8
Ohio4,LS1,Evening,Set1,Draw5,2,col2,Evening|Set1|Draw5|col2,E,combined,1,2,1,5,2,3,52017**,7,6,False,4,7,57,8
Ohio4,LS1,Evening,Set1,Draw5,2,col2,Evening|Set1|Draw5|col2,E,combined,1,2,1,5,2,4,51**,4,3,True,4,7,57,8
Ohio4,LS1,Evening,Set1,Draw5,2,col2,Evening|Set1|Draw5|col2,E,combined,1,2,1,5,2,5,5**,3,2,True,4,7,57,8
Ohio4,LS1,Evening,Set1,Draw5,2,col2,Evening|Set1|Draw5|col2,E,combined,1,2,1,5,2,6,5**,3,2,True,4,7,57,8
Ohio4,LS1,Evening,Set1,Draw5,2,col2,Evening|Set1|Draw5|col2,E,combined,1,2,1,5,2,7,**,2,1,True,4,7,57,8
Ohio4,LS1,Evening,Set1,Draw5,2,col2,Evening|Set1|Draw5|col2,T,own,1,2,1,5,2,0,520018667**,11,8,False,3,4,29,5
Ohio4,LS1,Evening,Set1,Draw5,2,col2,Evening|Set1|Draw5|col2,T,own,1,2,1,5,2,1,52007**,7,5,False,3,4,29,5
Ohio4,LS1,Evening,Set1,Draw5,2,col2,Evening|Set1|Draw5|col2,T,own,1,2,1,5,2,2,52007**,7,5,False,3,4,29,5
Ohio4,LS1,Evening,Set1,Draw5,2,col2,Evening|Set1|Draw5|col2,T,own,1,2,1,5,2,3,500**,5,3,True,3,4,29,5
Ohio4,LS1,Evening,Set1,Draw5,2,col2,Evening|Set1|Draw5|col2,T,own,1,2,1,5,2,4,**,2,1,True,3,4,29,5
Ohio4,LS1,Evening,Set1,Draw5,2,col2,Evening|Set1|Draw5|col2,T,combined,1,2,1,5,2,0,520018667**,11,8,False,2,4,57,5
Ohio4,LS1,Evening,Set1,Draw5,2,col2,Evening|Set1|Draw5|col2,T,combined,1,2,1,5,2,1,52007**,7,5,False,2,4,57,5
Ohio4,LS1,Evening,Set1,Draw5,2,col2,Evening|Set1|Draw5|col2,T,combined,1,2,1,5,2,2,27**,4,3,True,2,4,57,5
Ohio4,LS1,Evening,Set1,Draw5,2,col2,Evening|Set1|Draw5|col2,T,combined,1,2,1,5,2,3,27**,4,3,True,2,4,57,5
Ohio4,LS1,Evening,Set1,Draw5,2,col2,Evening|Set1|Draw5|col2,T,combined,1,2,1,5,2,4,**,2,1,True,2,4,57,5
Ohio4,LS1,Evening,Set1,Draw5,1,col1,Evening|Set1|Draw5|col1,A,own,1,2,1,5,1,0,5200167**,9,7,False,4,6,29,7
Ohio4,LS1,Evening,Set1,Draw5,1,col1,Evening|Set1|Draw5|col1,A,own,1,2,1,5,1,1,520017**,8,6,False,4,6,29,7
Ohio4,LS1,Evening,Set1,Draw5,1,col1,Evening|Set1|Draw5|col1,A,own,1,2,1,5,1,2,520017**,8,6,False,4,6,29,7
Ohio4,LS1,Evening,Set1,Draw5,1,col1,Evening|Set1|Draw5|col1,A,own,1,2,1,5,1,3,5007**,6,4,False,4,6,29,7
Ohio4,LS1,Evening,Set1,Draw5,1,col1,Evening|Set1|Draw5|col1,A,own,1,2,1,5,1,4,00**,4,2,True,4,6,29,7
Ohio4,LS1,Evening,Set1,Draw5,1,col1,Evening|Set1|Draw5|col1,A,own,1,2,1,5,1,5,00**,4,2,True,4,6,29,7
Ohio4,LS1,Evening,Set1,Draw5,1,col1,Evening|Set1|Draw5|col1,A,own,1,2,1,5,1,6,**,2,1,True,4,6,29,7
Ohio4,LS1,Evening,Set1,Draw5,1,col1,Evening|Set1|Draw5|col1,A,combined,1,2,1,5,1,0,5200167**,9,7,False,4,7,57,8
Ohio4,LS1,Evening,Set1,Draw5,1,col1,Evening|Set1|Draw5|col1,A,combined,1,2,1,5,1,1,520017**,8,6,False,4,7,57,8
Ohio4,LS1,Evening,Set1,Draw5,1,col1,Evening|Set1|Draw5|col1,A,combined,1,2,1,5,1,2,5217**,6,5,False,4,7,57,8
Ohio4,LS1,Evening,Set1,Draw5,1,col1,Evening|Set1|Draw5|col1,A,combined,1,2,1,5,1,3,5217**,6,5,False,4,7,57,8
Ohio4,LS1,Evening,Set1,Draw5,1,col1,Evening|Set1|Draw5|col1,A,combined,1,2,1,5,1,4,51**,4,3,True,4,7,57,8
Ohio4,LS1,Evening,Set1,Draw5,1,col1,Evening|Set1|Draw5|col1,A,combined,1,2,1,5,1,5,5**,3,2,True,4,7,57,8
Ohio4,LS1,Evening,Set1,Draw5,1,col1,Evening|Set1|Draw5|col1,A,combined,1,2,1,5,1,6,5**,3,2,True,4,7,57,8
Ohio4,LS1,Evening,Set1,Draw5,1,col1,Evening|Set1|Draw5|col1,A,combined,1,2,1,5,1,7,**,2,1,True,4,7,57,8
Ohio4,LS1,Evening,Set1,Draw5,1,col1,Evening|Set1|Draw5|col1,B,own,1,2,1,5,1,0,5200167**,9,7,False,4,6,29,7
Ohio4,LS1,Evening,Set1,Draw5,1,col1,Evening|Set1|Draw5|col1,B,own,1,2,1,5,1,1,520017**,8,6,False,4,6,29,7
Ohio4,LS1,Evening,Set1,Draw5,1,col1,Evening|Set1|Draw5|col1,B,own,1,2,1,5,1,2,520017**,8,6,False,4,6,29,7
Ohio4,LS1,Evening,Set1,Draw5,1,col1,Evening|Set1|Draw5|col1,B,own,1,2,1,5,1,3,5007**,6,4,False,4,6,29,7
Ohio4,LS1,Evening,Set1,Draw5,1,col1,Evening|Set1|Draw5|col1,B,own,1,2,1,5,1,4,00**,4,2,True,4,6,29,7
Ohio4,LS1,Evening,Set1,Draw5,1,col1,Evening|Set1|Draw5|col1,B,own,1,2,1,5,1,5,00**,4,2,True,4,6,29,7
Ohio4,LS1,Evening,Set1,Draw5,1,col1,Evening|Set1|Draw5|col1,B,own,1,2,1,5,1,6,**,2,1,True,4,6,29,7
Ohio4,LS1,Evening,Set1,Draw5,1,col1,Evening|Set1|Draw5|col1,B,combined,1,2,1,5,1,0,5200167**,9,7,False,4,4,57,5
Ohio4,LS1,Evening,Set1,Draw5,1,col1,Evening|Set1|Draw5|col1,B,combined,1,2,1,5,1,1,520017**,8,6,False,4,4,57,5
Ohio4,LS1,Evening,Set1,Draw5,1,col1,Evening|Set1|Draw5|col1,B,combined,1,2,1,5,1,2,527**,5,4,False,4,4,57,5
Ohio4,LS1,Evening,Set1,Draw5,1,col1,Evening|Set1|Draw5|col1,B,combined,1,2,1,5,1,3,527**,5,4,False,4,4,57,5
Ohio4,LS1,Evening,Set1,Draw5,1,col1,Evening|Set1|Draw5|col1,B,combined,1,2,1,5,1,4,**,2,1,True,4,4,57,5
Ohio4,LS1,Evening,Set1,Draw5,1,col1,Evening|Set1|Draw5|col1,C,own,1,2,1,5,1,0,5200167**,9,7,False,3,4,29,5
Ohio4,LS1,Evening,Set1,Draw5,1,col1,Evening|Set1|Draw5|col1,C,own,1,2,1,5,1,1,52007**,7,5,False,3,4,29,5
Ohio4,LS1,Evening,Set1,Draw5,1,col1,Evening|Set1|Draw5|col1,C,own,1,2,1,5,1,2,52007**,7,5,False,3,4,29,5
Ohio4,LS1,Evening,Set1,Draw5,1,col1,Evening|Set1|Draw5|col1,C,own,1,2,1,5,1,3,500**,5,3,True,3,4,29,5
Ohio4,LS1,Evening,Set1,Draw5,1,col1,Evening|Set1|Draw5|col1,C,own,1,2,1,5,1,4,**,2,1,True,3,4,29,5
Ohio4,LS1,Evening,Set1,Draw5,1,col1,Evening|Set1|Draw5|col1,C,combined,1,2,1,5,1,0,5200167**,9,7,False,2,4,57,5
Ohio4,LS1,Evening,Set1,Draw5,1,col1,Evening|Set1|Draw5|col1,C,combined,1,2,1,5,1,1,52007**,7,5,False,2,4,57,5
Ohio4,LS1,Evening,Set1,Draw5,1,col1,Evening|Set1|Draw5|col1,C,combined,1,2,1,5,1,2,27**,4,3,True,2,4,57,5
Ohio4,LS1,Evening,Set1,Draw5,1,col1,Evening|Set1|Draw5|col1,C,combined,1,2,1,5,1,3,27**,4,3,True,2,4,57,5
Ohio4,LS1,Evening,Set1,Draw5,1,col1,Evening|Set1|Draw5|col1,C,combined,1,2,1,5,1,4,**,2,1,True,2,4,57,5
Ohio4,LS1,Evening,Set1,Draw5,1,col1,Evening|Set1|Draw5|col1,D,own,1,2,1,5,1,0,5200167**,9,7,False,3,6,29,7
Ohio4,LS1,Evening,Set1,Draw5,1,col1,Evening|Set1|Draw5|col1,D,own,1,2,1,5,1,1,52007**,7,5,False,3,6,29,7
Ohio4,LS1,Evening,Set1,Draw5,1,col1,Evening|Set1|Draw5|col1,D,own,1,2,1,5,1,2,52007**,7,5,False,3,6,29,7
Ohio4,LS1,Evening,Set1,Draw5,1,col1,Evening|Set1|Draw5|col1,D,own,1,2,1,5,1,3,500**,5,3,True,3,6,29,7
Ohio4,LS1,Evening,Set1,Draw5,1,col1,Evening|Set1|Draw5|col1,D,own,1,2,1,5,1,4,0**,3,2,True,3,6,29,7
Ohio4,LS1,Evening,Set1,Draw5,1,col1,Evening|Set1|Draw5|col1,D,own,1,2,1,5,1,5,0**,3,2,True,3,6,29,7
Ohio4,LS1,Evening,Set1,Draw5,1,col1,Evening|Set1|Draw5|col1,D,own,1,2,1,5,1,6,**,2,1,True,3,6,29,7
Ohio4,LS1,Evening,Set1,Draw5,1,col1,Evening|Set1|Draw5|col1,D,combined,1,2,1,5,1,0,5200167**,9,7,False,2,4,57,5
Ohio4,LS1,Evening,Set1,Draw5,1,col1,Evening|Set1|Draw5|col1,D,combined,1,2,1,5,1,1,52007**,7,5,False,2,4,57,5
Ohio4,LS1,Evening,Set1,Draw5,1,col1,Evening|Set1|Draw5|col1,D,combined,1,2,1,5,1,2,27**,4,3,True,2,4,57,5
Ohio4,LS1,Evening,Set1,Draw5,1,col1,Evening|Set1|Draw5|col1,D,combined,1,2,1,5,1,3,27**,4,3,True,2,4,57,5
Ohio4,LS1,Evening,Set1,Draw5,1,col1,Evening|Set1|Draw5|col1,D,combined,1,2,1,5,1,4,**,2,1,True,2,4,57,5
Ohio4,LS1,Evening,Set1,Draw5,1,col1,Evening|Set1|Draw5|col1,E,own,1,2,1,5,1,0,5200167**,9,7,False,4,11,29,9
Ohio4,LS1,Evening,Set1,Draw5,1,col1,Evening|Set1|Draw5|col1,E,own,1,2,1,5,1,1,520017**,8,6,False,4,11,29,9
Ohio4,LS1,Evening,Set1,Draw5,1,col1,Evening|Set1|Draw5|col1,E,own,1,2,1,5,1,2,520017**,8,6,False,4,11,29,9
Ohio4,LS1,Evening,Set1,Draw5,1,col1,Evening|Set1|Draw5|col1,E,own,1,2,1,5,1,3,5007**,6,4,False,4,11,29,9
Ohio4,LS1,Evening,Set1,Draw5,1,col1,Evening|Set1|Draw5|col1,E,own,1,2,1,5,1,4,00**,4,2,True,4,11,29,9
Ohio4,LS1,Evening,Set1,Draw5,1,col1,Evening|Set1|Draw5|col1,E,own,1,2,1,5,1,5,00**,4,2,True,4,11,29,9
Ohio4,LS1,Evening,Set1,Draw5,1,col1,Evening|Set1|Draw5|col1,E,own,1,2,1,5,1,6,0**,3,2,True,4,11,29,9
Ohio4,LS1,Evening,Set1,Draw5,1,col1,Evening|Set1|Draw5|col1,E,own,1,2,1,5,1,7,0**,3,2,True,4,11,29,9
Ohio4,LS1,Evening,Set1,Draw5,1,col1,Evening|Set1|Draw5|col1,E,own,1,2,1,5,1,11,**,2,1,True,4,11,29,9
Ohio4,LS1,Evening,Set1,Draw5,1,col1,Evening|Set1|Draw5|col1,E,combined,1,2,1,5,1,0,5200167**,9,7,False,4,7,57,7
Ohio4,LS1,Evening,Set1,Draw5,1,col1,Evening|Set1|Draw5|col1,E,combined,1,2,1,5,1,1,520017**,8,6,False,4,7,57,7
Ohio4,LS1,Evening,Set1,Draw5,1,col1,Evening|Set1|Draw5|col1,E,combined,1,2,1,5,1,2,5207**,6,5,False,4,7,57,7
Ohio4,LS1,Evening,Set1,Draw5,1,col1,Evening|Set1|Draw5|col1,E,combined,1,2,1,5,1,3,5207**,6,5,False,4,7,57,7
Ohio4,LS1,Evening,Set1,Draw5,1,col1,Evening|Set1|Draw5|col1,E,combined,1,2,1,5,1,4,5**,3,2,True,4,7,57,7
Ohio4,LS1,Evening,Set1,Draw5,1,col1,Evening|Set1|Draw5|col1,E,combined,1,2,1,5,1,5,5**,3,2,True,4,7,57,7
Ohio4,LS1,Evening,Set1,Draw5,1,col1,Evening|Set1|Draw5|col1,E,combined,1,2,1,5,1,7,**,2,1,True,4,7,57,7
Ohio4,LS1,Evening,Set1,Draw5,1,col1,Evening|Set1|Draw5|col1,T,own,1,2,1,5,1,0,5200167**,9,7,False,3,4,29,5
Ohio4,LS1,Evening,Set1,Draw5,1,col1,Evening|Set1|Draw5|col1,T,own,1,2,1,5,1,1,52007**,7,5,False,3,4,29,5
Ohio4,LS1,Evening,Set1,Draw5,1,col1,Evening|Set1|Draw5|col1,T,own,1,2,1,5,1,2,52007**,7,5,False,3,4,29,5
Ohio4,LS1,Evening,Set1,Draw5,1,col1,Evening|Set1|Draw5|col1,T,own,1,2,1,5,1,3,500**,5,3,True,3,4,29,5
Ohio4,LS1,Evening,Set1,Draw5,1,col1,Evening|Set1|Draw5|col1,T,own,1,2,1,5,1,4,**,2,1,True,3,4,29,5
Ohio4,LS1,Evening,Set1,Draw5,1,col1,Evening|Set1|Draw5|col1,T,combined,1,2,1,5,1,0,5200167**,9,7,False,2,4,57,5
Ohio4,LS1,Evening,Set1,Draw5,1,col1,Evening|Set1|Draw5|col1,T,combined,1,2,1,5,1,1,52007**,7,5,False,2,4,57,5
Ohio4,LS1,Evening,Set1,Draw5,1,col1,Evening|Set1|Draw5|col1,T,combined,1,2,1,5,1,2,27**,4,3,True,2,4,57,5
Ohio4,LS1,Evening,Set1,Draw5,1,col1,Evening|Set1|Draw5|col1,T,combined,1,2,1,5,1,3,27**,4,3,True,2,4,57,5
Ohio4,LS1,Evening,Set1,Draw5,1,col1,Evening|Set1|Draw5|col1,T,combined,1,2,1,5,1,4,**,2,1,True,2,4,57,5
Ohio4,LS1,Evening,Set1,Draw6,2,col2,Evening|Set1|Draw6|col2,A,own,1,2,1,6,2,0,52001338667,11,8,False,4,6,7,7
Ohio4,LS1,Evening,Set1,Draw6,2,col2,Evening|Set1|Draw6|col2,A,own,1,2,1,6,2,1,52001337,8,6,False,4,6,7,7
Ohio4,LS1,Evening,Set1,Draw6,2,col2,Evening|Set1|Draw6|col2,A,own,1,2,1,6,2,2,52001337,8,6,False,4,6,7,7
Ohio4,LS1,Evening,Set1,Draw6,2,col2,Evening|Set1|Draw6|col2,A,own,1,2,1,6,2,3,500337,6,4,False,4,6,7,7
Ohio4,LS1,Evening,Set1,Draw6,2,col2,Evening|Set1|Draw6|col2,A,own,1,2,1,6,2,4,0033,4,2,True,4,6,7,7
Ohio4,LS1,Evening,Set1,Draw6,2,col2,Evening|Set1|Draw6|col2,A,own,1,2,1,6,2,5,00,2,1,True,4,6,7,7
Ohio4,LS1,Evening,Set1,Draw6,2,col2,Evening|Set1|Draw6|col2,A,own,1,2,1,6,2,6,,0,0,False,4,6,7,7
Ohio4,LS1,Evening,Set1,Draw6,2,col2,Evening|Set1|Draw6|col2,A,combined,1,2,1,6,2,0,52001338667,11,8,False,4,9,10,10
Ohio4,LS1,Evening,Set1,Draw6,2,col2,Evening|Set1|Draw6|col2,A,combined,1,2,1,6,2,1,52001337,8,6,False,4,9,10,10
Ohio4,LS1,Evening,Set1,Draw6,2,col2,Evening|Set1|Draw6|col2,A,combined,1,2,1,6,2,2,521337,6,5,False,4,9,10,10
Ohio4,LS1,Evening,Set1,Draw6,2,col2,Evening|Set1|Draw6|col2,A,combined,1,2,1,6,2,3,521337,6,5,False,4,9,10,10
Ohio4,LS1,Evening,Set1,Draw6,2,col2,Evening|Set1|Draw6|col2,A,combined,1,2,1,6,2,4,5133,4,3,True,4,9,10,10
Ohio4,LS1,Evening,Set1,Draw6,2,col2,Evening|Set1|Draw6|col2,A,combined,1,2,1,6,2,5,533,3,2,True,4,9,10,10
Ohio4,LS1,Evening,Set1,Draw6,2,col2,Evening|Set1|Draw6|col2,A,combined,1,2,1,6,2,6,533,3,2,True,4,9,10,10
Ohio4,LS1,Evening,Set1,Draw6,2,col2,Evening|Set1|Draw6|col2,A,combined,1,2,1,6,2,7,33,2,1,True,4,9,10,10
Ohio4,LS1,Evening,Set1,Draw6,2,col2,Evening|Set1|Draw6|col2,A,combined,1,2,1,6,2,8,33,2,1,True,4,9,10,10
Ohio4,LS1,Evening,Set1,Draw6,2,col2,Evening|Set1|Draw6|col2,A,combined,1,2,1,6,2,9,,0,0,False,4,9,10,10
Ohio4,LS1,Evening,Set1,Draw6,2,col2,Evening|Set1|Draw6|col2,B,own,1,2,1,6,2,0,52001338667,11,8,False,3,6,7,7
Ohio4,LS1,Evening,Set1,Draw6,2,col2,Evening|Set1|Draw6|col2,B,own,1,2,1,6,2,1,520017,6,5,False,3,6,7,7
Ohio4,LS1,Evening,Set1,Draw6,2,col2,Evening|Set1|Draw6|col2,B,own,1,2,1,6,2,2,520017,6,5,False,3,6,7,7
Ohio4,LS1,Evening,Set1,Draw6,2,col2,Evening|Set1|Draw6|col2,B,own,1,2,1,6,2,3,5007,4,3,True,3,6,7,7
Ohio4,LS1,Evening,Set1,Draw6,2,col2,Evening|Set1|Draw6|col2,B,own,1,2,1,6,2,4,00,2,1,True,3,6,7,7
Ohio4,LS1,Evening,Set1,Draw6,2,col2,Evening|Set1|Draw6|col2,B,own,1,2,1,6,2,5,00,2,1,True,3,6,7,7
Ohio4,LS1,Evening,Set1,Draw6,2,col2,Evening|Set1|Draw6|col2,B,own,1,2,1,6,2,6,,0,0,False,3,6,7,7
Ohio4,LS1,Evening,Set1,Draw6,2,col2,Evening|Set1|Draw6|col2,B,combined,1,2,1,6,2,0,52001338667,11,8,False,2,4,5,5
Ohio4,LS1,Evening,Set1,Draw6,2,col2,Evening|Set1|Draw6|col2,B,combined,1,2,1,6,2,1,520017,6,5,False,2,4,5,5
Ohio4,LS1,Evening,Set1,Draw6,2,col2,Evening|Set1|Draw6|col2,B,combined,1,2,1,6,2,2,527,3,3,True,2,4,5,5
Ohio4,LS1,Evening,Set1,Draw6,2,col2,Evening|Set1|Draw6|col2,B,combined,1,2,1,6,2,3,527,3,3,True,2,4,5,5
Ohio4,LS1,Evening,Set1,Draw6,2,col2,Evening|Set1|Draw6|col2,B,combined,1,2,1,6,2,4,,0,0,False,2,4,5,5
Ohio4,LS1,Evening,Set1,Draw6,2,col2,Evening|Set1|Draw6|col2,C,own,1,2,1,6,2,0,52001338667,11,8,False,3,4,5,5
Ohio4,LS1,Evening,Set1,Draw6,2,col2,Evening|Set1|Draw6|col2,C,own,1,2,1,6,2,1,52007,5,4,False,3,4,5,5
Ohio4,LS1,Evening,Set1,Draw6,2,col2,Evening|Set1|Draw6|col2,C,own,1,2,1,6,2,2,52007,5,4,False,3,4,5,5
Ohio4,LS1,Evening,Set1,Draw6,2,col2,Evening|Set1|Draw6|col2,C,own,1,2,1,6,2,3,500,3,2,True,3,4,5,5
Ohio4,LS1,Evening,Set1,Draw6,2,col2,Evening|Set1|Draw6|col2,C,own,1,2,1,6,2,4,,0,0,False,3,4,5,5
Ohio4,LS1,Evening,Set1,Draw6,2,col2,Evening|Set1|Draw6|col2,C,combined,1,2,1,6,2,0,52001338667,11,8,False,2,4,5,5
Ohio4,LS1,Evening,Set1,Draw6,2,col2,Evening|Set1|Draw6|col2,C,combined,1,2,1,6,2,1,52007,5,4,False,2,4,5,5
Ohio4,LS1,Evening,Set1,Draw6,2,col2,Evening|Set1|Draw6|col2,C,combined,1,2,1,6,2,2,27,2,2,True,2,4,5,5
Ohio4,LS1,Evening,Set1,Draw6,2,col2,Evening|Set1|Draw6|col2,C,combined,1,2,1,6,2,3,27,2,2,True,2,4,5,5
Ohio4,LS1,Evening,Set1,Draw6,2,col2,Evening|Set1|Draw6|col2,C,combined,1,2,1,6,2,4,,0,0,False,2,4,5,5
Ohio4,LS1,Evening,Set1,Draw6,2,col2,Evening|Set1|Draw6|col2,D,own,1,2,1,6,2,0,52001338667,11,8,False,3,6,7,7
Ohio4,LS1,Evening,Set1,Draw6,2,col2,Evening|Set1|Draw6|col2,D,own,1,2,1,6,2,1,52007,5,4,False,3,6,7,7
Ohio4,LS1,Evening,Set1,Draw6,2,col2,Evening|Set1|Draw6|col2,D,own,1,2,1,6,2,2,52007,5,4,False,3,6,7,7
Ohio4,LS1,Evening,Set1,Draw6,2,col2,Evening|Set1|Draw6|col2,D,own,1,2,1,6,2,3,500,3,2,True,3,6,7,7
Ohio4,LS1,Evening,Set1,Draw6,2,col2,Evening|Set1|Draw6|col2,D,own,1,2,1,6,2,4,0,1,1,True,3,6,7,7
Ohio4,LS1,Evening,Set1,Draw6,2,col2,Evening|Set1|Draw6|col2,D,own,1,2,1,6,2,5,0,1,1,True,3,6,7,7
Ohio4,LS1,Evening,Set1,Draw6,2,col2,Evening|Set1|Draw6|col2,D,own,1,2,1,6,2,6,,0,0,False,3,6,7,7
Ohio4,LS1,Evening,Set1,Draw6,2,col2,Evening|Set1|Draw6|col2,D,combined,1,2,1,6,2,0,52001338667,11,8,False,2,4,5,5
Ohio4,LS1,Evening,Set1,Draw6,2,col2,Evening|Set1|Draw6|col2,D,combined,1,2,1,6,2,1,52007,5,4,False,2,4,5,5
Ohio4,LS1,Evening,Set1,Draw6,2,col2,Evening|Set1|Draw6|col2,D,combined,1,2,1,6,2,2,27,2,2,True,2,4,5,5
Ohio4,LS1,Evening,Set1,Draw6,2,col2,Evening|Set1|Draw6|col2,D,combined,1,2,1,6,2,3,27,2,2,True,2,4,5,5
Ohio4,LS1,Evening,Set1,Draw6,2,col2,Evening|Set1|Draw6|col2,D,combined,1,2,1,6,2,4,,0,0,False,2,4,5,5
Ohio4,LS1,Evening,Set1,Draw6,2,col2,Evening|Set1|Draw6|col2,E,own,1,2,1,6,2,0,52001338667,11,8,False,4,11,12,9
Ohio4,LS1,Evening,Set1,Draw6,2,col2,Evening|Set1|Draw6|col2,E,own,1,2,1,6,2,1,52001367,8,7,False,4,11,12,9
Ohio4,LS1,Evening,Set1,Draw6,2,col2,Evening|Set1|Draw6|col2,E,own,1,2,1,6,2,2,5200167,7,6,False,4,11,12,9
Ohio4,LS1,Evening,Set1,Draw6,2,col2,Evening|Set1|Draw6|col2,E,own,1,2,1,6,2,3,50067,5,4,False,4,11,12,9
Ohio4,LS1,Evening,Set1,Draw6,2,col2,Evening|Set1|Draw6|col2,E,own,1,2,1,6,2,4,006,3,2,True,4,11,12,9
Ohio4,LS1,Evening,Set1,Draw6,2,col2,Evening|Set1|Draw6|col2,E,own,1,2,1,6,2,5,006,3,2,True,4,11,12,9
Ohio4,LS1,Evening,Set1,Draw6,2,col2,Evening|Set1|Draw6|col2,E,own,1,2,1,6,2,6,0,1,1,True,4,11,12,9
Ohio4,LS1,Evening,Set1,Draw6,2,col2,Evening|Set1|Draw6|col2,E,own,1,2,1,6,2,7,0,1,1,True,4,11,12,9
Ohio4,LS1,Evening,Set1,Draw6,2,col2,Evening|Set1|Draw6|col2,E,own,1,2,1,6,2,11,,0,0,False,4,11,12,9
Ohio4,LS1,Evening,Set1,Draw6,2,col2,Evening|Set1|Draw6|col2,E,combined,1,2,1,6,2,0,52001338667,11,8,False,4,7,8,8
Ohio4,LS1,Evening,Set1,Draw6,2,col2,Evening|Set1|Draw6|col2,E,combined,1,2,1,6,2,1,52001367,8,7,False,4,7,8,8
Ohio4,LS1,Evening,Set1,Draw6,2,col2,Evening|Set1|Draw6|col2,E,combined,1,2,1,6,2,2,520137,6,6,False,4,7,8,8
Ohio4,LS1,Evening,Set1,Draw6,2,col2,Evening|Set1|Draw6|col2,E,combined,1,2,1,6,2,3,52017,5,5,False,4,7,8,8
Ohio4,LS1,Evening,Set1,Draw6,2,col2,Evening|Set1|Draw6|col2,E,combined,1,2,1,6,2,4,51,2,2,True,4,7,8,8
Ohio4,LS1,Evening,Set1,Draw6,2,col2,Evening|Set1|Draw6|col2,E,combined,1,2,1,6,2,5,5,1,1,True,4,7,8,8
Ohio4,LS1,Evening,Set1,Draw6,2,col2,Evening|Set1|Draw6|col2,E,combined,1,2,1,6,2,6,5,1,1,True,4,7,8,8
Ohio4,LS1,Evening,Set1,Draw6,2,col2,Evening|Set1|Draw6|col2,E,combined,1,2,1,6,2,7,,0,0,False,4,7,8,8
Ohio4,LS1,Evening,Set1,Draw6,2,col2,Evening|Set1|Draw6|col2,T,own,1,2,1,6,2,0,52001338667,11,8,False,3,6,7,7
Ohio4,LS1,Evening,Set1,Draw6,2,col2,Evening|Set1|Draw6|col2,T,own,1,2,1,6,2,1,52007,5,4,False,3,6,7,7
Ohio4,LS1,Evening,Set1,Draw6,2,col2,Evening|Set1|Draw6|col2,T,own,1,2,1,6,2,2,52007,5,4,False,3,6,7,7
Ohio4,LS1,Evening,Set1,Draw6,2,col2,Evening|Set1|Draw6|col2,T,own,1,2,1,6,2,3,500,3,2,True,3,6,7,7
Ohio4,LS1,Evening,Set1,Draw6,2,col2,Evening|Set1|Draw6|col2,T,own,1,2,1,6,2,4,00,2,1,True,3,6,7,7
Ohio4,LS1,Evening,Set1,Draw6,2,col2,Evening|Set1|Draw6|col2,T,own,1,2,1,6,2,5,00,2,1,True,3,6,7,7
Ohio4,LS1,Evening,Set1,Draw6,2,col2,Evening|Set1|Draw6|col2,T,own,1,2,1,6,2,6,,0,0,False,3,6,7,7
Ohio4,LS1,Evening,Set1,Draw6,2,col2,Evening|Set1|Draw6|col2,T,combined,1,2,1,6,2,0,52001338667,11,8,False,2,7,8,7
Ohio4,LS1,Evening,Set1,Draw6,2,col2,Evening|Set1|Draw6|col2,T,combined,1,2,1,6,2,1,52007,5,4,False,2,7,8,7
Ohio4,LS1,Evening,Set1,Draw6,2,col2,Evening|Set1|Draw6|col2,T,combined,1,2,1,6,2,2,527,3,3,True,2,7,8,7
Ohio4,LS1,Evening,Set1,Draw6,2,col2,Evening|Set1|Draw6|col2,T,combined,1,2,1,6,2,3,527,3,3,True,2,7,8,7
Ohio4,LS1,Evening,Set1,Draw6,2,col2,Evening|Set1|Draw6|col2,T,combined,1,2,1,6,2,4,5,1,1,True,2,7,8,7
Ohio4,LS1,Evening,Set1,Draw6,2,col2,Evening|Set1|Draw6|col2,T,combined,1,2,1,6,2,5,5,1,1,True,2,7,8,7
Ohio4,LS1,Evening,Set1,Draw6,2,col2,Evening|Set1|Draw6|col2,T,combined,1,2,1,6,2,7,,0,0,False,2,7,8,7
Ohio4,LS1,Evening,Set1,Draw7,1,col1,Evening|Set1|Draw7|col1,A,own,1,2,1,7,1,0,552400133677,12,8,False,4,6,7,7
Ohio4,LS1,Evening,Set1,Draw7,1,col1,Evening|Set1|Draw7|col1,A,own,1,2,1,7,1,1,55240013377,11,7,False,4,6,7,7
Ohio4,LS1,Evening,Set1,Draw7,1,col1,Evening|Set1|Draw7|col1,A,own,1,2,1,7,1,2,55240013377,11,7,False,4,6,7,7
Ohio4,LS1,Evening,Set1,Draw7,1,col1,Evening|Set1|Draw7|col1,A,own,1,2,1,7,1,3,55003377,8,4,False,4,6,7,7
Ohio4,LS1,Evening,Set1,Draw7,1,col1,Evening|Set1|Draw7|col1,A,own,1,2,1,7,1,4,0033,4,2,True,4,6,7,7
Ohio4,LS1,Evening,Set1,Draw7,1,col1,Evening|Set1|Draw7|col1,A,own,1,2,1,7,1,5,00,2,1,True,4,6,7,7
Ohio4,LS1,Evening,Set1,Draw7,1,col1,Evening|Set1|Draw7|col1,A,own,1,2,1,7,1,6,,0,0,False,4,6,7,7
Ohio4,LS1,Evening,Set1,Draw7,1,col1,Evening|Set1|Draw7|col1,A,combined,1,2,1,7,1,0,552400133677,12,8,False,5,9,10,10
Ohio4,LS1,Evening,Set1,Draw7,1,col1,Evening|Set1|Draw7|col1,A,combined,1,2,1,7,1,1,55240013377,11,7,False,5,9,10,10
Ohio4,LS1,Evening,Set1,Draw7,1,col1,Evening|Set1|Draw7|col1,A,combined,1,2,1,7,1,2,552413377,9,6,False,5,9,10,10
Ohio4,LS1,Evening,Set1,Draw7,1,col1,Evening|Set1|Draw7|col1,A,combined,1,2,1,7,1,3,552413377,9,6,False,5,9,10,10
Ohio4,LS1,Evening,Set1,Draw7,1,col1,Evening|Set1|Draw7|col1,A,combined,1,2,1,7,1,4,554133,6,4,False,5,9,10,10
Ohio4,LS1,Evening,Set1,Draw7,1,col1,Evening|Set1|Draw7|col1,A,combined,1,2,1,7,1,5,5533,4,2,True,5,9,10,10
Ohio4,LS1,Evening,Set1,Draw7,1,col1,Evening|Set1|Draw7|col1,A,combined,1,2,1,7,1,6,5533,4,2,True,5,9,10,10
Ohio4,LS1,Evening,Set1,Draw7,1,col1,Evening|Set1|Draw7|col1,A,combined,1,2,1,7,1,7,33,2,1,True,5,9,10,10
Ohio4,LS1,Evening,Set1,Draw7,1,col1,Evening|Set1|Draw7|col1,A,combined,1,2,1,7,1,8,33,2,1,True,5,9,10,10
Ohio4,LS1,Evening,Set1,Draw7,1,col1,Evening|Set1|Draw7|col1,A,combined,1,2,1,7,1,9,,0,0,False,5,9,10,10
Ohio4,LS1,Evening,Set1,Draw7,1,col1,Evening|Set1|Draw7|col1,B,own,1,2,1,7,1,0,552400133677,12,8,False,3,6,7,7
Ohio4,LS1,Evening,Set1,Draw7,1,col1,Evening|Set1|Draw7|col1,B,own,1,2,1,7,1,1,552400177,9,6,False,3,6,7,7
Ohio4,LS1,Evening,Set1,Draw7,1,col1,Evening|Set1|Draw7|col1,B,own,1,2,1,7,1,2,55200177,8,5,False,3,6,7,7
Ohio4,LS1,Evening,Set1,Draw7,1,col1,Evening|Set1|Draw7|col1,B,own,1,2,1,7,1,3,550077,6,3,True,3,6,7,7
Ohio4,LS1,Evening,Set1,Draw7,1,col1,Evening|Set1|Draw7|col1,B,own,1,2,1,7,1,4,00,2,1,True,3,6,7,7
Ohio4,LS1,Evening,Set1,Draw7,1,col1,Evening|Set1|Draw7|col1,B,own,1,2,1,7,1,5,00,2,1,True,3,6,7,7
Ohio4,LS1,Evening,Set1,Draw7,1,col1,Evening|Set1|Draw7|col1,B,own,1,2,1,7,1,6,,0,0,False,3,6,7,7
Ohio4,LS1,Evening,Set1,Draw7,1,col1,Evening|Set1|Draw7|col1,B,combined,1,2,1,7,1,0,552400133677,12,8,False,2,4,5,5
Ohio4,LS1,Evening,Set1,Draw7,1,col1,Evening|Set1|Draw7|col1,B,combined,1,2,1,7,1,1,552400177,9,6,False,2,4,5,5
Ohio4,LS1,Evening,Set1,Draw7,1,col1,Evening|Set1|Draw7|col1,B,combined,1,2,1,7,1,2,55277,5,3,True,2,4,5,5
Ohio4,LS1,Evening,Set1,Draw7,1,col1,Evening|Set1|Draw7|col1,B,combined,1,2,1,7,1,3,55277,5,3,True,2,4,5,5
Ohio4,LS1,Evening,Set1,Draw7,1,col1,Evening|Set1|Draw7|col1,B,combined,1,2,1,7,1,4,,0,0,False,2,4,5,5
Ohio4,LS1,Evening,Set1,Draw7,1,col1,Evening|Set1|Draw7|col1,C,own,1,2,1,7,1,0,552400133677,12,8,False,3,4,5,5
Ohio4,LS1,Evening,Set1,Draw7,1,col1,Evening|Set1|Draw7|col1,C,own,1,2,1,7,1,1,55240077,8,5,False,3,4,5,5
Ohio4,LS1,Evening,Set1,Draw7,1,col1,Evening|Set1|Draw7|col1,C,own,1,2,1,7,1,2,5520077,7,4,False,3,4,5,5
Ohio4,LS1,Evening,Set1,Draw7,1,col1,Evening|Set1|Draw7|col1,C,own,1,2,1,7,1,3,5500,4,2,True,3,4,5,5
Ohio4,LS1,Evening,Set1,Draw7,1,col1,Evening|Set1|Draw7|col1,C,own,1,2,1,7,1,4,,0,0,False,3,4,5,5
Ohio4,LS1,Evening,Set1,Draw7,1,col1,Evening|Set1|Draw7|col1,C,combined,1,2,1,7,1,0,552400133677,12,8,False,2,4,5,5
Ohio4,LS1,Evening,Set1,Draw7,1,col1,Evening|Set1|Draw7|col1,C,combined,1,2,1,7,1,1,55240077,8,5,False,2,4,5,5
Ohio4,LS1,Evening,Set1,Draw7,1,col1,Evening|Set1|Draw7|col1,C,combined,1,2,1,7,1,2,277,3,2,True,2,4,5,5
Ohio4,LS1,Evening,Set1,Draw7,1,col1,Evening|Set1|Draw7|col1,C,combined,1,2,1,7,1,3,277,3,2,True,2,4,5,5
Ohio4,LS1,Evening,Set1,Draw7,1,col1,Evening|Set1|Draw7|col1,C,combined,1,2,1,7,1,4,,0,0,False,2,4,5,5
Ohio4,LS1,Evening,Set1,Draw7,1,col1,Evening|Set1|Draw7|col1,D,own,1,2,1,7,1,0,552400133677,12,8,False,3,6,7,7
Ohio4,LS1,Evening,Set1,Draw7,1,col1,Evening|Set1|Draw7|col1,D,own,1,2,1,7,1,1,55240077,8,5,False,3,6,7,7
Ohio4,LS1,Evening,Set1,Draw7,1,col1,Evening|Set1|Draw7|col1,D,own,1,2,1,7,1,2,5520077,7,4,False,3,6,7,7
Ohio4,LS1,Evening,Set1,Draw7,1,col1,Evening|Set1|Draw7|col1,D,own,1,2,1,7,1,3,55007,5,3,True,3,6,7,7
Ohio4,LS1,Evening,Set1,Draw7,1,col1,Evening|Set1|Draw7|col1,D,own,1,2,1,7,1,4,0,1,1,True,3,6,7,7
Ohio4,LS1,Evening,Set1,Draw7,1,col1,Evening|Set1|Draw7|col1,D,own,1,2,1,7,1,5,0,1,1,True,3,6,7,7
Ohio4,LS1,Evening,Set1,Draw7,1,col1,Evening|Set1|Draw7|col1,D,own,1,2,1,7,1,6,,0,0,False,3,6,7,7
Ohio4,LS1,Evening,Set1,Draw7,1,col1,Evening|Set1|Draw7|col1,D,combined,1,2,1,7,1,0,552400133677,12,8,False,2,4,5,5
Ohio4,LS1,Evening,Set1,Draw7,1,col1,Evening|Set1|Draw7|col1,D,combined,1,2,1,7,1,1,55240077,8,5,False,2,4,5,5
Ohio4,LS1,Evening,Set1,Draw7,1,col1,Evening|Set1|Draw7|col1,D,combined,1,2,1,7,1,2,5277,4,3,True,2,4,5,5
Ohio4,LS1,Evening,Set1,Draw7,1,col1,Evening|Set1|Draw7|col1,D,combined,1,2,1,7,1,3,5277,4,3,True,2,4,5,5
Ohio4,LS1,Evening,Set1,Draw7,1,col1,Evening|Set1|Draw7|col1,D,combined,1,2,1,7,1,4,,0,0,False,2,4,5,5
Ohio4,LS1,Evening,Set1,Draw7,1,col1,Evening|Set1|Draw7|col1,E,own,1,2,1,7,1,0,552400133677,12,8,False,3,13,14,12
Ohio4,LS1,Evening,Set1,Draw7,1,col1,Evening|Set1|Draw7|col1,E,own,1,2,1,7,1,1,552400177,9,6,False,3,13,14,12
Ohio4,LS1,Evening,Set1,Draw7,1,col1,Evening|Set1|Draw7|col1,E,own,1,2,1,7,1,2,55200177,8,5,False,3,13,14,12
Ohio4,LS1,Evening,Set1,Draw7,1,col1,Evening|Set1|Draw7|col1,E,own,1,2,1,7,1,3,550077,6,3,True,3,13,14,12
Ohio4,LS1,Evening,Set1,Draw7,1,col1,Evening|Set1|Draw7|col1,E,own,1,2,1,7,1,4,5007,4,3,True,3,13,14,12
Ohio4,LS1,Evening,Set1,Draw7,1,col1,Evening|Set1|Draw7|col1,E,own,1,2,1,7,1,5,5007,4,3,True,3,13,14,12
Ohio4,LS1,Evening,Set1,Draw7,1,col1,Evening|Set1|Draw7|col1,E,own,1,2,1,7,1,6,507,3,3,True,3,13,14,12
Ohio4,LS1,Evening,Set1,Draw7,1,col1,Evening|Set1|Draw7|col1,E,own,1,2,1,7,1,7,50,2,2,True,3,13,14,12
Ohio4,LS1,Evening,Set1,Draw7,1,col1,Evening|Set1|Draw7|col1,E,own,1,2,1,7,1,8,50,2,2,True,3,13,14,12
Ohio4,LS1,Evening,Set1,Draw7,1,col1,Evening|Set1|Draw7|col1,E,own,1,2,1,7,1,11,0,1,1,True,3,13,14,12
Ohio4,LS1,Evening,Set1,Draw7,1,col1,Evening|Set1|Draw7|col1,E,own,1,2,1,7,1,12,0,1,1,True,3,13,14,12
Ohio4,LS1,Evening,Set1,Draw7,1,col1,Evening|Set1|Draw7|col1,E,own,1,2,1,7,1,13,,0,0,False,3,13,14,12
Ohio4,LS1,Evening,Set1,Draw7,1,col1,Evening|Set1|Draw7|col1,E,combined,1,2,1,7,1,0,552400133677,12,8,False,4,8,9,9
Ohio4,LS1,Evening,Set1,Draw7,1,col1,Evening|Set1|Draw7|col1,E,combined,1,2,1,7,1,1,552400177,9,6,False,4,8,9,9
Ohio4,LS1,Evening,Set1,Draw7,1,col1,Evening|Set1|Draw7|col1,E,combined,1,2,1,7,1,2,552077,6,4,False,4,8,9,9
Ohio4,LS1,Evening,Set1,Draw7,1,col1,Evening|Set1|Draw7|col1,E,combined,1,2,1,7,1,3,552077,6,4,False,4,8,9,9
Ohio4,LS1,Evening,Set1,Draw7,1,col1,Evening|Set1|Draw7|col1,E,combined,1,2,1,7,1,4,557,3,2,True,4,8,9,9
Ohio4,LS1,Evening,Set1,Draw7,1,col1,Evening|Set1|Draw7|col1,E,combined,1,2,1,7,1,5,55,2,1,True,4,8,9,9
Ohio4,LS1,Evening,Set1,Draw7,1,col1,Evening|Set1|Draw7|col1,E,combined,1,2,1,7,1,6,55,2,1,True,4,8,9,9
Ohio4,LS1,Evening,Set1,Draw7,1,col1,Evening|Set1|Draw7|col1,E,combined,1,2,1,7,1,7,5,1,1,True,4,8,9,9
Ohio4,LS1,Evening,Set1,Draw7,1,col1,Evening|Set1|Draw7|col1,E,combined,1,2,1,7,1,8,,0,0,False,4,8,9,9
Ohio4,LS1,Evening,Set1,Draw7,1,col1,Evening|Set1|Draw7|col1,T,own,1,2,1,7,1,0,552400133677,12,8,False,3,6,7,7
Ohio4,LS1,Evening,Set1,Draw7,1,col1,Evening|Set1|Draw7|col1,T,own,1,2,1,7,1,1,55240077,8,5,False,3,6,7,7
Ohio4,LS1,Evening,Set1,Draw7,1,col1,Evening|Set1|Draw7|col1,T,own,1,2,1,7,1,2,5520077,7,4,False,3,6,7,7
Ohio4,LS1,Evening,Set1,Draw7,1,col1,Evening|Set1|Draw7|col1,T,own,1,2,1,7,1,3,5500,4,2,True,3,6,7,7
Ohio4,LS1,Evening,Set1,Draw7,1,col1,Evening|Set1|Draw7|col1,T,own,1,2,1,7,1,4,00,2,1,True,3,6,7,7
Ohio4,LS1,Evening,Set1,Draw7,1,col1,Evening|Set1|Draw7|col1,T,own,1,2,1,7,1,5,00,2,1,True,3,6,7,7
Ohio4,LS1,Evening,Set1,Draw7,1,col1,Evening|Set1|Draw7|col1,T,own,1,2,1,7,1,6,,0,0,False,3,6,7,7
Ohio4,LS1,Evening,Set1,Draw7,1,col1,Evening|Set1|Draw7|col1,T,combined,1,2,1,7,1,0,552400133677,12,8,False,2,4,5,5
Ohio4,LS1,Evening,Set1,Draw7,1,col1,Evening|Set1|Draw7|col1,T,combined,1,2,1,7,1,1,55240077,8,5,False,2,4,5,5
Ohio4,LS1,Evening,Set1,Draw7,1,col1,Evening|Set1|Draw7|col1,T,combined,1,2,1,7,1,2,277,3,2,True,2,4,5,5
Ohio4,LS1,Evening,Set1,Draw7,1,col1,Evening|Set1|Draw7|col1,T,combined,1,2,1,7,1,3,277,3,2,True,2,4,5,5
Ohio4,LS1,Evening,Set1,Draw7,1,col1,Evening|Set1|Draw7|col1,T,combined,1,2,1,7,1,4,,0,0,False,2,4,5,5
Ohio4,LS1,Combined,Set3,Draw1,7,col7,Combined|Set3|Draw1|col7,A,own,1,3,3,1,7,0,992401886677,12,8,False,4,5,6,6
Ohio4,LS1,Combined,Set3,Draw1,7,col7,Combined|Set3|Draw1|col7,A,own,1,3,3,1,7,1,99240177,8,6,False,4,5,6,6
Ohio4,LS1,Combined,Set3,Draw1,7,col7,Combined|Set3|Draw1|col7,A,own,1,3,3,1,7,2,24177,5,4,False,4,5,6,6
Ohio4,LS1,Combined,Set3,Draw1,7,col7,Combined|Set3|Draw1|col7,A,own,1,3,3,1,7,3,24177,5,4,False,4,5,6,6
Ohio4,LS1,Combined,Set3,Draw1,7,col7,Combined|Set3|Draw1|col7,A,own,1,3,3,1,7,4,41,2,2,True,4,5,6,6
Ohio4,LS1,Combined,Set3,Draw1,7,col7,Combined|Set3|Draw1|col7,A,own,1,3,3,1,7,5,,0,0,False,4,5,6,6
Ohio4,LS1,Combined,Set3,Draw1,7,col7,Combined|Set3|Draw1|col7,A,combined,1,3,3,1,7,0,992401886677,12,8,False,7,9,10,10
Ohio4,LS1,Combined,Set3,Draw1,7,col7,Combined|Set3|Draw1|col7,A,combined,1,3,3,1,7,1,99240177,8,6,False,7,9,10,10
Ohio4,LS1,Combined,Set3,Draw1,7,col7,Combined|Set3|Draw1|col7,A,combined,1,3,3,1,7,2,99240177,8,6,False,7,9,10,10
Ohio4,LS1,Combined,Set3,Draw1,7,col7,Combined|Set3|Draw1|col7,A,combined,1,3,3,1,7,3,24177,5,4,False,7,9,10,10
Ohio4,LS1,Combined,Set3,Draw1,7,col7,Combined|Set3|Draw1|col7,A,combined,1,3,3,1,7,4,24177,5,4,False,7,9,10,10
Ohio4,LS1,Combined,Set3,Draw1,7,col7,Combined|Set3|Draw1|col7,A,combined,1,3,3,1,7,5,24177,5,4,False,7,9,10,10
Ohio4,LS1,Combined,Set3,Draw1,7,col7,Combined|Set3|Draw1|col7,A,combined,1,3,3,1,7,6,24177,5,4,False,7,9,10,10
Ohio4,LS1,Combined,Set3,Draw1,7,col7,Combined|Set3|Draw1|col7,A,combined,1,3,3,1,7,7,41,2,2,True,7,9,10,10
Ohio4,LS1,Combined,Set3,Draw1,7,col7,Combined|Set3|Draw1|col7,A,combined,1,3,3,1,7,8,41,2,2,True,7,9,10,10
Ohio4,LS1,Combined,Set3,Draw1,7,col7,Combined|Set3|Draw1|col7,A,combined,1,3,3,1,7,9,,0,0,False,7,9,10,10
Ohio4,LS1,Combined,Set3,Draw1,7,col7,Combined|Set3|Draw1|col7,B,own,1,3,3,1,7,0,992401886677,12,8,False,2,4,5,5
Ohio4,LS1,Combined,Set3,Draw1,7,col7,Combined|Set3|Draw1|col7,B,own,1,3,3,1,7,1,99240177,8,6,False,2,4,5,5
Ohio4,LS1,Combined,Set3,Draw1,7,col7,Combined|Set3|Draw1|col7,B,own,1,3,3,1,7,2,2477,4,3,True,2,4,5,5
Ohio4,LS1,Combined,Set3,Draw1,7,col7,Combined|Set3|Draw1|col7,B,own,1,3,3,1,7,3,277,3,2,True,2,4,5,5
Ohio4,LS1,Combined,Set3,Draw1,7,col7,Combined|Set3|Draw1|col7,B,own,1,3,3,1,7,4,,0,0,False,2,4,5,5
Ohio4,LS1,Combined,Set3,Draw1,7,col7,Combined|Set3|Draw1|col7,B,combined,1,3,3,1,7,0,992401886677,12,8,False,3,7,8,7
Ohio4,LS1,Combined,Set3,Draw1,7,col7,Combined|Set3|Draw1|col7,B,combined,1,3,3,1,7,1,99240177,8,6,False,3,7,8,7
Ohio4,LS1,Combined,Set3,Draw1,7,col7,Combined|Set3|Draw1|col7,B,combined,1,3,3,1,7,2,9924077,7,5,False,3,7,8,7
Ohio4,LS1,Combined,Set3,Draw1,7,col7,Combined|Set3|Draw1|col7,B,combined,1,3,3,1,7,3,2477,4,3,True,3,7,8,7
Ohio4,LS1,Combined,Set3,Draw1,7,col7,Combined|Set3|Draw1|col7,B,combined,1,3,3,1,7,4,277,3,2,True,3,7,8,7
Ohio4,LS1,Combined,Set3,Draw1,7,col7,Combined|Set3|Draw1|col7,B,combined,1,3,3,1,7,5,277,3,2,True,3,7,8,7
Ohio4,LS1,Combined,Set3,Draw1,7,col7,Combined|Set3|Draw1|col7,B,combined,1,3,3,1,7,7,,0,0,False,3,7,8,7
Ohio4,LS1,Combined,Set3,Draw1,7,col7,Combined|Set3|Draw1|col7,C,own,1,3,3,1,7,0,992401886677,12,8,False,2,4,5,5
Ohio4,LS1,Combined,Set3,Draw1,7,col7,Combined|Set3|Draw1|col7,C,own,1,3,3,1,7,1,9924077,7,5,False,2,4,5,5
Ohio4,LS1,Combined,Set3,Draw1,7,col7,Combined|Set3|Draw1|col7,C,own,1,3,3,1,7,2,277,3,2,True,2,4,5,5
Ohio4,LS1,Combined,Set3,Draw1,7,col7,Combined|Set3|Draw1|col7,C,own,1,3,3,1,7,3,277,3,2,True,2,4,5,5
Ohio4,LS1,Combined,Set3,Draw1,7,col7,Combined|Set3|Draw1|col7,C,own,1,3,3,1,7,4,,0,0,False,2,4,5,5
Ohio4,LS1,Combined,Set3,Draw1,7,col7,Combined|Set3|Draw1|col7,C,combined,1,3,3,1,7,0,992401886677,12,8,False,3,7,8,6
Ohio4,LS1,Combined,Set3,Draw1,7,col7,Combined|Set3|Draw1|col7,C,combined,1,3,3,1,7,1,9924077,7,5,False,3,7,8,6
Ohio4,LS1,Combined,Set3,Draw1,7,col7,Combined|Set3|Draw1|col7,C,combined,1,3,3,1,7,2,9924077,7,5,False,3,7,8,6
Ohio4,LS1,Combined,Set3,Draw1,7,col7,Combined|Set3|Draw1|col7,C,combined,1,3,3,1,7,3,277,3,2,True,3,7,8,6
Ohio4,LS1,Combined,Set3,Draw1,7,col7,Combined|Set3|Draw1|col7,C,combined,1,3,3,1,7,4,277,3,2,True,3,7,8,6
Ohio4,LS1,Combined,Set3,Draw1,7,col7,Combined|Set3|Draw1|col7,C,combined,1,3,3,1,7,7,,0,0,False,3,7,8,6
Ohio4,LS1,Combined,Set3,Draw1,7,col7,Combined|Set3|Draw1|col7,D,own,1,3,3,1,7,0,992401886677,12,8,False,2,4,5,5
Ohio4,LS1,Combined,Set3,Draw1,7,col7,Combined|Set3|Draw1|col7,D,own,1,3,3,1,7,1,9924077,7,5,False,2,4,5,5
Ohio4,LS1,Combined,Set3,Draw1,7,col7,Combined|Set3|Draw1|col7,D,own,1,3,3,1,7,2,277,3,2,True,2,4,5,5
Ohio4,LS1,Combined,Set3,Draw1,7,col7,Combined|Set3|Draw1|col7,D,own,1,3,3,1,7,3,277,3,2,True,2,4,5,5
Ohio4,LS1,Combined,Set3,Draw1,7,col7,Combined|Set3|Draw1|col7,D,own,1,3,3,1,7,4,,0,0,False,2,4,5,5
Ohio4,LS1,Combined,Set3,Draw1,7,col7,Combined|Set3|Draw1|col7,D,combined,1,3,3,1,7,0,992401886677,12,8,False,3,7,8,6
Ohio4,LS1,Combined,Set3,Draw1,7,col7,Combined|Set3|Draw1|col7,D,combined,1,3,3,1,7,1,9924077,7,5,False,3,7,8,6
Ohio4,LS1,Combined,Set3,Draw1,7,col7,Combined|Set3|Draw1|col7,D,combined,1,3,3,1,7,2,9924077,7,5,False,3,7,8,6
Ohio4,LS1,Combined,Set3,Draw1,7,col7,Combined|Set3|Draw1|col7,D,combined,1,3,3,1,7,3,277,3,2,True,3,7,8,6
Ohio4,LS1,Combined,Set3,Draw1,7,col7,Combined|Set3|Draw1|col7,D,combined,1,3,3,1,7,4,277,3,2,True,3,7,8,6
Ohio4,LS1,Combined,Set3,Draw1,7,col7,Combined|Set3|Draw1|col7,D,combined,1,3,3,1,7,7,,0,0,False,3,7,8,6
Ohio4,LS1,Combined,Set3,Draw1,7,col7,Combined|Set3|Draw1|col7,E,own,1,3,3,1,7,0,992401886677,12,8,False,3,5,6,6
Ohio4,LS1,Combined,Set3,Draw1,7,col7,Combined|Set3|Draw1|col7,E,own,1,3,3,1,7,1,992401677,9,7,False,3,5,6,6
Ohio4,LS1,Combined,Set3,Draw1,7,col7,Combined|Set3|Draw1|col7,E,own,1,3,3,1,7,2,924177,6,5,False,3,5,6,6
Ohio4,LS1,Combined,Set3,Draw1,7,col7,Combined|Set3|Draw1|col7,E,own,1,3,3,1,7,3,2177,4,3,True,3,5,6,6
Ohio4,LS1,Combined,Set3,Draw1,7,col7,Combined|Set3|Draw1|col7,E,own,1,3,3,1,7,4,17,2,2,True,3,5,6,6
Ohio4,LS1,Combined,Set3,Draw1,7,col7,Combined|Set3|Draw1|col7,E,own,1,3,3,1,7,5,,0,0,False,3,5,6,6
Ohio4,LS1,Combined,Set3,Draw1,7,col7,Combined|Set3|Draw1|col7,E,combined,1,3,3,1,7,0,992401886677,12,8,False,4,8,9,9
Ohio4,LS1,Combined,Set3,Draw1,7,col7,Combined|Set3|Draw1|col7,E,combined,1,3,3,1,7,1,992401677,9,7,False,4,8,9,9
Ohio4,LS1,Combined,Set3,Draw1,7,col7,Combined|Set3|Draw1|col7,E,combined,1,3,3,1,7,2,99240177,8,6,False,4,8,9,9
Ohio4,LS1,Combined,Set3,Draw1,7,col7,Combined|Set3|Draw1|col7,E,combined,1,3,3,1,7,3,92477,5,4,False,4,8,9,9
Ohio4,LS1,Combined,Set3,Draw1,7,col7,Combined|Set3|Draw1|col7,E,combined,1,3,3,1,7,4,2477,4,3,True,4,8,9,9
Ohio4,LS1,Combined,Set3,Draw1,7,col7,Combined|Set3|Draw1|col7,E,combined,1,3,3,1,7,5,277,3,2,True,4,8,9,9
Ohio4,LS1,Combined,Set3,Draw1,7,col7,Combined|Set3|Draw1|col7,E,combined,1,3,3,1,7,6,277,3,2,True,4,8,9,9
Ohio4,LS1,Combined,Set3,Draw1,7,col7,Combined|Set3|Draw1|col7,E,combined,1,3,3,1,7,7,7,1,1,True,4,8,9,9
Ohio4,LS1,Combined,Set3,Draw1,7,col7,Combined|Set3|Draw1|col7,E,combined,1,3,3,1,7,8,,0,0,False,4,8,9,9
Ohio4,LS1,Combined,Set3,Draw1,7,col7,Combined|Set3|Draw1|col7,T,own,1,3,3,1,7,0,992401886677,12,8,False,2,4,5,5
Ohio4,LS1,Combined,Set3,Draw1,7,col7,Combined|Set3|Draw1|col7,T,own,1,3,3,1,7,1,9924077,7,5,False,2,4,5,5
Ohio4,LS1,Combined,Set3,Draw1,7,col7,Combined|Set3|Draw1|col7,T,own,1,3,3,1,7,2,277,3,2,True,2,4,5,5
Ohio4,LS1,Combined,Set3,Draw1,7,col7,Combined|Set3|Draw1|col7,T,own,1,3,3,1,7,3,277,3,2,True,2,4,5,5
Ohio4,LS1,Combined,Set3,Draw1,7,col7,Combined|Set3|Draw1|col7,T,own,1,3,3,1,7,4,,0,0,False,2,4,5,5
Ohio4,LS1,Combined,Set3,Draw1,7,col7,Combined|Set3|Draw1|col7,T,combined,1,3,3,1,7,0,992401886677,12,8,False,3,7,8,6
Ohio4,LS1,Combined,Set3,Draw1,7,col7,Combined|Set3|Draw1|col7,T,combined,1,3,3,1,7,1,9924077,7,5,False,3,7,8,6
Ohio4,LS1,Combined,Set3,Draw1,7,col7,Combined|Set3|Draw1|col7,T,combined,1,3,3,1,7,2,9924077,7,5,False,3,7,8,6
Ohio4,LS1,Combined,Set3,Draw1,7,col7,Combined|Set3|Draw1|col7,T,combined,1,3,3,1,7,3,277,3,2,True,3,7,8,6
Ohio4,LS1,Combined,Set3,Draw1,7,col7,Combined|Set3|Draw1|col7,T,combined,1,3,3,1,7,4,277,3,2,True,3,7,8,6
Ohio4,LS1,Combined,Set3,Draw1,7,col7,Combined|Set3|Draw1|col7,T,combined,1,3,3,1,7,7,,0,0,False,3,7,8,6
Ohio4,LS1,Combined,Set3,Draw1,6,col6,Combined|Set3|Draw1|col6,A,own,1,3,3,1,6,0,9920188677,10,7,False,2,5,6,6
Ohio4,LS1,Combined,Set3,Draw1,6,col6,Combined|Set3|Draw1|col6,A,own,1,3,3,1,6,1,9920177,7,5,False,2,5,6,6
Ohio4,LS1,Combined,Set3,Draw1,6,col6,Combined|Set3|Draw1|col6,A,own,1,3,3,1,6,2,2177,4,3,True,2,5,6,6
Ohio4,LS1,Combined,Set3,Draw1,6,col6,Combined|Set3|Draw1|col6,A,own,1,3,3,1,6,3,2177,4,3,True,2,5,6,6
Ohio4,LS1,Combined,Set3,Draw1,6,col6,Combined|Set3|Draw1|col6,A,own,1,3,3,1,6,4,1,1,1,True,2,5,6,6
Ohio4,LS1,Combined,Set3,Draw1,6,col6,Combined|Set3|Draw1|col6,A,own,1,3,3,1,6,5,,0,0,False,2,5,6,6
Ohio4,LS1,Combined,Set3,Draw1,6,col6,Combined|Set3|Draw1|col6,A,combined,1,3,3,1,6,0,9920188677,10,7,False,3,9,10,10
Ohio4,LS1,Combined,Set3,Draw1,6,col6,Combined|Set3|Draw1|col6,A,combined,1,3,3,1,6,1,9920177,7,5,False,3,9,10,10
Ohio4,LS1,Combined,Set3,Draw1,6,col6,Combined|Set3|Draw1|col6,A,combined,1,3,3,1,6,2,9920177,7,5,False,3,9,10,10
Ohio4,LS1,Combined,Set3,Draw1,6,col6,Combined|Set3|Draw1|col6,A,combined,1,3,3,1,6,3,2177,4,3,True,3,9,10,10
Ohio4,LS1,Combined,Set3,Draw1,6,col6,Combined|Set3|Draw1|col6,A,combined,1,3,3,1,6,4,2177,4,3,True,3,9,10,10
Ohio4,LS1,Combined,Set3,Draw1,6,col6,Combined|Set3|Draw1|col6,A,combined,1,3,3,1,6,5,2177,4,3,True,3,9,10,10
Ohio4,LS1,Combined,Set3,Draw1,6,col6,Combined|Set3|Draw1|col6,A,combined,1,3,3,1,6,6,2177,4,3,True,3,9,10,10
Ohio4,LS1,Combined,Set3,Draw1,6,col6,Combined|Set3|Draw1|col6,A,combined,1,3,3,1,6,7,1,1,1,True,3,9,10,10
Ohio4,LS1,Combined,Set3,Draw1,6,col6,Combined|Set3|Draw1|col6,A,combined,1,3,3,1,6,8,1,1,1,True,3,9,10,10
Ohio4,LS1,Combined,Set3,Draw1,6,col6,Combined|Set3|Draw1|col6,A,combined,1,3,3,1,6,9,,0,0,False,3,9,10,10
Ohio4,LS1,Combined,Set3,Draw1,6,col6,Combined|Set3|Draw1|col6,B,own,1,3,3,1,6,0,9920188677,10,7,False,2,4,5,5
Ohio4,LS1,Combined,Set3,Draw1,6,col6,Combined|Set3|Draw1|col6,B,own,1,3,3,1,6,1,9920177,7,5,False,2,4,5,5
Ohio4,LS1,Combined,Set3,Draw1,6,col6,Combined|Set3|Draw1|col6,B,own,1,3,3,1,6,2,277,3,2,True,2,4,5,5
Ohio4,LS1,Combined,Set3,Draw1,6,col6,Combined|Set3|Draw1|col6,B,own,1,3,3,1,6,3,277,3,2,True,2,4,5,5
Ohio4,LS1,Combined,Set3,Draw1,6,col6,Combined|Set3|Draw1|col6,B,own,1,3,3,1,6,4,,0,0,False,2,4,5,5
Ohio4,LS1,Combined,Set3,Draw1,6,col6,Combined|Set3|Draw1|col6,B,combined,1,3,3,1,6,0,9920188677,10,7,False,3,7,8,6
Ohio4,LS1,Combined,Set3,Draw1,6,col6,Combined|Set3|Draw1|col6,B,combined,1,3,3,1,6,1,9920177,7,5,False,3,7,8,6
Ohio4,LS1,Combined,Set3,Draw1,6,col6,Combined|Set3|Draw1|col6,B,combined,1,3,3,1,6,2,992077,6,4,False,3,7,8,6
Ohio4,LS1,Combined,Set3,Draw1,6,col6,Combined|Set3|Draw1|col6,B,combined,1,3,3,1,6,3,277,3,2,True,3,7,8,6
Ohio4,LS1,Combined,Set3,Draw1,6,col6,Combined|Set3|Draw1|col6,B,combined,1,3,3,1,6,4,277,3,2,True,3,7,8,6
Ohio4,LS1,Combined,Set3,Draw1,6,col6,Combined|Set3|Draw1|col6,B,combined,1,3,3,1,6,7,,0,0,False,3,7,8,6
Ohio4,LS1,Combined,Set3,Draw1,6,col6,Combined|Set3|Draw1|col6,C,own,1,3,3,1,6,0,9920188677,10,7,False,2,4,5,5
Ohio4,LS1,Combined,Set3,Draw1,6,col6,Combined|Set3|Draw1|col6,C,own,1,3,3,1,6,1,992077,6,4,False,2,4,5,5
Ohio4,LS1,Combined,Set3,Draw1,6,col6,Combined|Set3|Draw1|col6,C,own,1,3,3,1,6,2,277,3,2,True,2,4,5,5
Ohio4,LS1,Combined,Set3,Draw1,6,col6,Combined|Set3|Draw1|col6,C,own,1,3,3,1,6,3,277,3,2,True,2,4,5,5
Ohio4,LS1,Combined,Set3,Draw1,6,col6,Combined|Set3|Draw1|col6,C,own,1,3,3,1,6,4,,0,0,False,2,4,5,5
Ohio4,LS1,Combined,Set3,Draw1,6,col6,Combined|Set3|Draw1|col6,C,combined,1,3,3,1,6,0,9920188677,10,7,False,3,7,8,6
Ohio4,LS1,Combined,Set3,Draw1,6,col6,Combined|Set3|Draw1|col6,C,combined,1,3,3,1,6,1,992077,6,4,False,3,7,8,6
Ohio4,LS1,Combined,Set3,Draw1,6,col6,Combined|Set3|Draw1|col6,C,combined,1,3,3,1,6,2,992077,6,4,False,3,7,8,6
Ohio4,LS1,Combined,Set3,Draw1,6,col6,Combined|Set3|Draw1|col6,C,combined,1,3,3,1,6,3,277,3,2,True,3,7,8,6
Ohio4,LS1,Combined,Set3,Draw1,6,col6,Combined|Set3|Draw1|col6,C,combined,1,3,3,1,6,4,277,3,2,True,3,7,8,6
Ohio4,LS1,Combined,Set3,Draw1,6,col6,Combined|Set3|Draw1|col6,C,combined,1,3,3,1,6,7,,0,0,False,3,7,8,6
Ohio4,LS1,Combined,Set3,Draw1,6,col6,Combined|Set3|Draw1|col6,D,own,1,3,3,1,6,0,9920188677,10,7,False,2,4,5,5
Ohio4,LS1,Combined,Set3,Draw1,6,col6,Combined|Set3|Draw1|col6,D,own,1,3,3,1,6,1,992077,6,4,False,2,4,5,5
Ohio4,LS1,Combined,Set3,Draw1,6,col6,Combined|Set3|Draw1|col6,D,own,1,3,3,1,6,2,277,3,2,True,2,4,5,5
Ohio4,LS1,Combined,Set3,Draw1,6,col6,Combined|Set3|Draw1|col6,D,own,1,3,3,1,6,3,277,3,2,True,2,4,5,5
Ohio4,LS1,Combined,Set3,Draw1,6,col6,Combined|Set3|Draw1|col6,D,own,1,3,3,1,6,4,,0,0,False,2,4,5,5
Ohio4,LS1,Combined,Set3,Draw1,6,col6,Combined|Set3|Draw1|col6,D,combined,1,3,3,1,6,0,9920188677,10,7,False,3,7,8,6
Ohio4,LS1,Combined,Set3,Draw1,6,col6,Combined|Set3|Draw1|col6,D,combined,1,3,3,1,6,1,992077,6,4,False,3,7,8,6
Ohio4,LS1,Combined,Set3,Draw1,6,col6,Combined|Set3|Draw1|col6,D,combined,1,3,3,1,6,2,992077,6,4,False,3,7,8,6
Ohio4,LS1,Combined,Set3,Draw1,6,col6,Combined|Set3|Draw1|col6,D,combined,1,3,3,1,6,3,277,3,2,True,3,7,8,6
Ohio4,LS1,Combined,Set3,Draw1,6,col6,Combined|Set3|Draw1|col6,D,combined,1,3,3,1,6,4,277,3,2,True,3,7,8,6
Ohio4,LS1,Combined,Set3,Draw1,6,col6,Combined|Set3|Draw1|col6,D,combined,1,3,3,1,6,7,,0,0,False,3,7,8,6
Ohio4,LS1,Combined,Set3,Draw1,6,col6,Combined|Set3|Draw1|col6,E,own,1,3,3,1,6,0,9920188677,10,7,False,2,5,6,6
Ohio4,LS1,Combined,Set3,Draw1,6,col6,Combined|Set3|Draw1|col6,E,own,1,3,3,1,6,1,9920177,7,5,False,2,5,6,6
Ohio4,LS1,Combined,Set3,Draw1,6,col6,Combined|Set3|Draw1|col6,E,own,1,3,3,1,6,2,9277,4,3,True,2,5,6,6
Ohio4,LS1,Combined,Set3,Draw1,6,col6,Combined|Set3|Draw1|col6,E,own,1,3,3,1,6,3,277,3,2,True,2,5,6,6
Ohio4,LS1,Combined,Set3,Draw1,6,col6,Combined|Set3|Draw1|col6,E,own,1,3,3,1,6,4,7,1,1,True,2,5,6,6
Ohio4,LS1,Combined,Set3,Draw1,6,col6,Combined|Set3|Draw1|col6,E,own,1,3,3,1,6,5,,0,0,False,2,5,6,6
Ohio4,LS1,Combined,Set3,Draw1,6,col6,Combined|Set3|Draw1|col6,E,combined,1,3,3,1,6,0,9920188677,10,7,False,3,8,9,8
Ohio4,LS1,Combined,Set3,Draw1,6,col6,Combined|Set3|Draw1|col6,E,combined,1,3,3,1,6,1,9920177,7,5,False,3,8,9,8
Ohio4,LS1,Combined,Set3,Draw1,6,col6,Combined|Set3|Draw1|col6,E,combined,1,3,3,1,6,2,992077,6,4,False,3,8,9,8
Ohio4,LS1,Combined,Set3,Draw1,6,col6,Combined|Set3|Draw1|col6,E,combined,1,3,3,1,6,3,9277,4,3,True,3,8,9,8
Ohio4,LS1,Combined,Set3,Draw1,6,col6,Combined|Set3|Draw1|col6,E,combined,1,3,3,1,6,4,277,3,2,True,3,8,9,8
Ohio4,LS1,Combined,Set3,Draw1,6,col6,Combined|Set3|Draw1|col6,E,combined,1,3,3,1,6,5,277,3,2,True,3,8,9,8
Ohio4,LS1,Combined,Set3,Draw1,6,col6,Combined|Set3|Draw1|col6,E,combined,1,3,3,1,6,7,7,1,1,True,3,8,9,8
Ohio4,LS1,Combined,Set3,Draw1,6,col6,Combined|Set3|Draw1|col6,E,combined,1,3,3,1,6,8,,0,0,False,3,8,9,8
Ohio4,LS1,Combined,Set3,Draw1,6,col6,Combined|Set3|Draw1|col6,T,own,1,3,3,1,6,0,9920188677,10,7,False,2,4,5,5
Ohio4,LS1,Combined,Set3,Draw1,6,col6,Combined|Set3|Draw1|col6,T,own,1,3,3,1,6,1,992077,6,4,False,2,4,5,5
Ohio4,LS1,Combined,Set3,Draw1,6,col6,Combined|Set3|Draw1|col6,T,own,1,3,3,1,6,2,277,3,2,True,2,4,5,5
Ohio4,LS1,Combined,Set3,Draw1,6,col6,Combined|Set3|Draw1|col6,T,own,1,3,3,1,6,3,277,3,2,True,2,4,5,5
Ohio4,LS1,Combined,Set3,Draw1,6,col6,Combined|Set3|Draw1|col6,T,own,1,3,3,1,6,4,,0,0,False,2,4,5,5
Ohio4,LS1,Combined,Set3,Draw1,6,col6,Combined|Set3|Draw1|col6,T,combined,1,3,3,1,6,0,9920188677,10,7,False,3,7,8,6
Ohio4,LS1,Combined,Set3,Draw1,6,col6,Combined|Set3|Draw1|col6,T,combined,1,3,3,1,6,1,992077,6,4,False,3,7,8,6
Ohio4,LS1,Combined,Set3,Draw1,6,col6,Combined|Set3|Draw1|col6,T,combined,1,3,3,1,6,2,992077,6,4,False,3,7,8,6
Ohio4,LS1,Combined,Set3,Draw1,6,col6,Combined|Set3|Draw1|col6,T,combined,1,3,3,1,6,3,277,3,2,True,3,7,8,6
Ohio4,LS1,Combined,Set3,Draw1,6,col6,Combined|Set3|Draw1|col6,T,combined,1,3,3,1,6,4,277,3,2,True,3,7,8,6
Ohio4,LS1,Combined,Set3,Draw1,6,col6,Combined|Set3|Draw1|col6,T,combined,1,3,3,1,6,7,,0,0,False,3,7,8,6
Ohio4,LS1,Combined,Set3,Draw1,5,col5,Combined|Set3|Draw1|col5,A,own,1,3,3,1,5,0,992018867,9,7,False,2,5,6,6
Ohio4,LS1,Combined,Set3,Draw1,5,col5,Combined|Set3|Draw1|col5,A,own,1,3,3,1,5,1,992017,6,5,False,2,5,6,6
Ohio4,LS1,Combined,Set3,Draw1,5,col5,Combined|Set3|Draw1|col5,A,own,1,3,3,1,5,2,217,3,3,True,2,5,6,6
Ohio4,LS1,Combined,Set3,Draw1,5,col5,Combined|Set3|Draw1|col5,A,own,1,3,3,1,5,3,217,3,3,True,2,5,6,6
Ohio4,LS1,Combined,Set3,Draw1,5,col5,Combined|Set3|Draw1|col5,A,own,1,3,3,1,5,4,1,1,1,True,2,5,6,6
Ohio4,LS1,Combined,Set3,Draw1,5,col5,Combined|Set3|Draw1|col5,A,own,1,3,3,1,5,5,,0,0,False,2,5,6,6
Ohio4,LS1,Combined,Set3,Draw1,5,col5,Combined|Set3|Draw1|col5,A,combined,1,3,3,1,5,0,992018867,9,7,False,3,9,10,8
Ohio4,LS1,Combined,Set3,Draw1,5,col5,Combined|Set3|Draw1|col5,A,combined,1,3,3,1,5,1,992017,6,5,False,3,9,10,8
Ohio4,LS1,Combined,Set3,Draw1,5,col5,Combined|Set3|Draw1|col5,A,combined,1,3,3,1,5,2,992017,6,5,False,3,9,10,8
Ohio4,LS1,Combined,Set3,Draw1,5,col5,Combined|Set3|Draw1|col5,A,combined,1,3,3,1,5,3,217,3,3,True,3,9,10,8
Ohio4,LS1,Combined,Set3,Draw1,5,col5,Combined|Set3|Draw1|col5,A,combined,1,3,3,1,5,4,217,3,3,True,3,9,10,8
Ohio4,LS1,Combined,Set3,Draw1,5,col5,Combined|Set3|Draw1|col5,A,combined,1,3,3,1,5,7,1,1,1,True,3,9,10,8
Ohio4,LS1,Combined,Set3,Draw1,5,col5,Combined|Set3|Draw1|col5,A,combined,1,3,3,1,5,8,1,1,1,True,3,9,10,8
Ohio4,LS1,Combined,Set3,Draw1,5,col5,Combined|Set3|Draw1|col5,A,combined,1,3,3,1,5,9,,0,0,False,3,9,10,8
Ohio4,LS1,Combined,Set3,Draw1,5,col5,Combined|Set3|Draw1|col5,B,own,1,3,3,1,5,0,992018867,9,7,False,2,4,5,5
Ohio4,LS1,Combined,Set3,Draw1,5,col5,Combined|Set3|Draw1|col5,B,own,1,3,3,1,5,1,992017,6,5,False,2,4,5,5
Ohio4,LS1,Combined,Set3,Draw1,5,col5,Combined|Set3|Draw1|col5,B,own,1,3,3,1,5,2,27,2,2,True,2,4,5,5
Ohio4,LS1,Combined,Set3,Draw1,5,col5,Combined|Set3|Draw1|col5,B,own,1,3,3,1,5,3,27,2,2,True,2,4,5,5
Ohio4,LS1,Combined,Set3,Draw1,5,col5,Combined|Set3|Draw1|col5,B,own,1,3,3,1,5,4,,0,0,False,2,4,5,5
Ohio4,LS1,Combined,Set3,Draw1,5,col5,Combined|Set3|Draw1|col5,B,combined,1,3,3,1,5,0,992018867,9,7,False,3,7,8,6
Ohio4,LS1,Combined,Set3,Draw1,5,col5,Combined|Set3|Draw1|col5,B,combined,1,3,3,1,5,1,992017,6,5,False,3,7,8,6
Ohio4,LS1,Combined,Set3,Draw1,5,col5,Combined|Set3|Draw1|col5,B,combined,1,3,3,1,5,2,99207,5,4,False,3,7,8,6
Ohio4,LS1,Combined,Set3,Draw1,5,col5,Combined|Set3|Draw1|col5,B,combined,1,3,3,1,5,3,27,2,2,True,3,7,8,6
Ohio4,LS1,Combined,Set3,Draw1,5,col5,Combined|Set3|Draw1|col5,B,combined,1,3,3,1,5,4,27,2,2,True,3,7,8,6
Ohio4,LS1,Combined,Set3,Draw1,5,col5,Combined|Set3|Draw1|col5,B,combined,1,3,3,1,5,7,,0,0,False,3,7,8,6
Ohio4,LS1,Combined,Set3,Draw1,5,col5,Combined|Set3|Draw1|col5,C,own,1,3,3,1,5,0,992018867,9,7,False,2,4,5,5
Ohio4,LS1,Combined,Set3,Draw1,5,col5,Combined|Set3|Draw1|col5,C,own,1,3,3,1,5,1,99207,5,4,False,2,4,5,5
Ohio4,LS1,Combined,Set3,Draw1,5,col5,Combined|Set3|Draw1|col5,C,own,1,3,3,1,5,2,27,2,2,True,2,4,5,5
Ohio4,LS1,Combined,Set3,Draw1,5,col5,Combined|Set3|Draw1|col5,C,own,1,3,3,1,5,3,27,2,2,True,2,4,5,5
Ohio4,LS1,Combined,Set3,Draw1,5,col5,Combined|Set3|Draw1|col5,C,own,1,3,3,1,5,4,,0,0,False,2,4,5,5
Ohio4,LS1,Combined,Set3,Draw1,5,col5,Combined|Set3|Draw1|col5,C,combined,1,3,3,1,5,0,992018867,9,7,False,3,7,8,6
Ohio4,LS1,Combined,Set3,Draw1,5,col5,Combined|Set3|Draw1|col5,C,combined,1,3,3,1,5,1,99207,5,4,False,3,7,8,6
Ohio4,LS1,Combined,Set3,Draw1,5,col5,Combined|Set3|Draw1|col5,C,combined,1,3,3,1,5,2,99207,5,4,False,3,7,8,6
Ohio4,LS1,Combined,Set3,Draw1,5,col5,Combined|Set3|Draw1|col5,C,combined,1,3,3,1,5,3,27,2,2,True,3,7,8,6
Ohio4,LS1,Combined,Set3,Draw1,5,col5,Combined|Set3|Draw1|col5,C,combined,1,3,3,1,5,4,27,2,2,True,3,7,8,6
Ohio4,LS1,Combined,Set3,Draw1,5,col5,Combined|Set3|Draw1|col5,C,combined,1,3,3,1,5,7,,0,0,False,3,7,8,6
Ohio4,LS1,Combined,Set3,Draw1,5,col5,Combined|Set3|Draw1|col5,D,own,1,3,3,1,5,0,992018867,9,7,False,2,4,5,5
Ohio4,LS1,Combined,Set3,Draw1,5,col5,Combined|Set3|Draw1|col5,D,own,1,3,3,1,5,1,99207,5,4,False,2,4,5,5
Ohio4,LS1,Combined,Set3,Draw1,5,col5,Combined|Set3|Draw1|col5,D,own,1,3,3,1,5,2,27,2,2,True,2,4,5,5
Ohio4,LS1,Combined,Set3,Draw1,5,col5,Combined|Set3|Draw1|col5,D,own,1,3,3,1,5,3,27,2,2,True,2,4,5,5
Ohio4,LS1,Combined,Set3,Draw1,5,col5,Combined|Set3|Draw1|col5,D,own,1,3,3,1,5,4,,0,0,False,2,4,5,5
Ohio4,LS1,Combined,Set3,Draw1,5,col5,Combined|Set3|Draw1|col5,D,combined,1,3,3,1,5,0,992018867,9,7,False,3,7,8,6
Ohio4,LS1,Combined,Set3,Draw1,5,col5,Combined|Set3|Draw1|col5,D,combined,1,3,3,1,5,1,99207,5,4,False,3,7,8,6
Ohio4,LS1,Combined,Set3,Draw1,5,col5,Combined|Set3|Draw1|col5,D,combined,1,3,3,1,5,2,99207,5,4,False,3,7,8,6
Ohio4,LS1,Combined,Set3,Draw1,5,col5,Combined|Set3|Draw1|col5,D,combined,1,3,3,1,5,3,27,2,2,True,3,7,8,6
Ohio4,LS1,Combined,Set3,Draw1,5,col5,Combined|Set3|Draw1|col5,D,combined,1,3,3,1,5,4,27,2,2,True,3,7,8,6
Ohio4,LS1,Combined,Set3,Draw1,5,col5,Combined|Set3|Draw1|col5,D,combined,1,3,3,1,5,7,,0,0,False,3,7,8,6
Ohio4,LS1,Combined,Set3,Draw1,5,col5,Combined|Set3|Draw1|col5,E,own,1,3,3,1,5,0,992018867,9,7,False,2,4,5,5
Ohio4,LS1,Combined,Set3,Draw1,5,col5,Combined|Set3|Draw1|col5,E,own,1,3,3,1,5,1,992017,6,5,False,2,4,5,5
Ohio4,LS1,Combined,Set3,Draw1,5,col5,Combined|Set3|Draw1|col5,E,own,1,3,3,1,5,2,927,3,3,True,2,4,5,5
Ohio4,LS1,Combined,Set3,Draw1,5,col5,Combined|Set3|Draw1|col5,E,own,1,3,3,1,5,3,27,2,2,True,2,4,5,5
Ohio4,LS1,Combined,Set3,Draw1,5,col5,Combined|Set3|Draw1|col5,E,own,1,3,3,1,5,4,,0,0,False,2,4,5,5
Ohio4,LS1,Combined,Set3,Draw1,5,col5,Combined|Set3|Draw1|col5,E,combined,1,3,3,1,5,0,992018867,9,7,False,3,7,8,7
Ohio4,LS1,Combined,Set3,Draw1,5,col5,Combined|Set3|Draw1|col5,E,combined,1,3,3,1,5,1,992017,6,5,False,3,7,8,7
Ohio4,LS1,Combined,Set3,Draw1,5,col5,Combined|Set3|Draw1|col5,E,combined,1,3,3,1,5,2,99207,5,4,False,3,7,8,7
Ohio4,LS1,Combined,Set3,Draw1,5,col5,Combined|Set3|Draw1|col5,E,combined,1,3,3,1,5,3,927,3,3,True,3,7,8,7
Ohio4,LS1,Combined,Set3,Draw1,5,col5,Combined|Set3|Draw1|col5,E,combined,1,3,3,1,5,4,27,2,2,True,3,7,8,7
Ohio4,LS1,Combined,Set3,Draw1,5,col5,Combined|Set3|Draw1|col5,E,combined,1,3,3,1,5,5,27,2,2,True,3,7,8,7
Ohio4,LS1,Combined,Set3,Draw1,5,col5,Combined|Set3|Draw1|col5,E,combined,1,3,3,1,5,7,,0,0,False,3,7,8,7
Ohio4,LS1,Combined,Set3,Draw1,5,col5,Combined|Set3|Draw1|col5,T,own,1,3,3,1,5,0,992018867,9,7,False,2,4,5,5
Ohio4,LS1,Combined,Set3,Draw1,5,col5,Combined|Set3|Draw1|col5,T,own,1,3,3,1,5,1,99207,5,4,False,2,4,5,5
Ohio4,LS1,Combined,Set3,Draw1,5,col5,Combined|Set3|Draw1|col5,T,own,1,3,3,1,5,2,27,2,2,True,2,4,5,5
Ohio4,LS1,Combined,Set3,Draw1,5,col5,Combined|Set3|Draw1|col5,T,own,1,3,3,1,5,3,27,2,2,True,2,4,5,5
Ohio4,LS1,Combined,Set3,Draw1,5,col5,Combined|Set3|Draw1|col5,T,own,1,3,3,1,5,4,,0,0,False,2,4,5,5
Ohio4,LS1,Combined,Set3,Draw1,5,col5,Combined|Set3|Draw1|col5,T,combined,1,3,3,1,5,0,992018867,9,7,False,3,7,8,6
Ohio4,LS1,Combined,Set3,Draw1,5,col5,Combined|Set3|Draw1|col5,T,combined,1,3,3,1,5,1,99207,5,4,False,3,7,8,6
Ohio4,LS1,Combined,Set3,Draw1,5,col5,Combined|Set3|Draw1|col5,T,combined,1,3,3,1,5,2,99207,5,4,False,3,7,8,6
Ohio4,LS1,Combined,Set3,Draw1,5,col5,Combined|Set3|Draw1|col5,T,combined,1,3,3,1,5,3,27,2,2,True,3,7,8,6
Ohio4,LS1,Combined,Set3,Draw1,5,col5,Combined|Set3|Draw1|col5,T,combined,1,3,3,1,5,4,27,2,2,True,3,7,8,6
Ohio4,LS1,Combined,Set3,Draw1,5,col5,Combined|Set3|Draw1|col5,T,combined,1,3,3,1,5,7,,0,0,False,3,7,8,6
Ohio4,LS1,Combined,Set3,Draw1,4,col4,Combined|Set3|Draw1|col4,A,own,1,3,3,1,4,0,9908867*,8,6,False,2,4,29,5
Ohio4,LS1,Combined,Set3,Draw1,4,col4,Combined|Set3|Draw1|col4,A,own,1,3,3,1,4,1,9907*,5,4,False,2,4,29,5
Ohio4,LS1,Combined,Set3,Draw1,4,col4,Combined|Set3|Draw1|col4,A,own,1,3,3,1,4,2,7*,2,2,True,2,4,29,5
Ohio4,LS1,Combined,Set3,Draw1,4,col4,Combined|Set3|Draw1|col4,A,own,1,3,3,1,4,3,7*,2,2,True,2,4,29,5
Ohio4,LS1,Combined,Set3,Draw1,4,col4,Combined|Set3|Draw1|col4,A,own,1,3,3,1,4,4,*,1,1,True,2,4,29,5
Ohio4,LS1,Combined,Set3,Draw1,4,col4,Combined|Set3|Draw1|col4,A,combined,1,3,3,1,4,0,9908867*,8,6,False,3,7,57,6
Ohio4,LS1,Combined,Set3,Draw1,4,col4,Combined|Set3|Draw1|col4,A,combined,1,3,3,1,4,1,9907*,5,4,False,3,7,57,6
Ohio4,LS1,Combined,Set3,Draw1,4,col4,Combined|Set3|Draw1|col4,A,combined,1,3,3,1,4,2,9907*,5,4,False,3,7,57,6
Ohio4,LS1,Combined,Set3,Draw1,4,col4,Combined|Set3|Draw1|col4,A,combined,1,3,3,1,4,3,7*,2,2,True,3,7,57,6
Ohio4,LS1,Combined,Set3,Draw1,4,col4,Combined|Set3|Draw1|col4,A,combined,1,3,3,1,4,4,7*,2,2,True,3,7,57,6
Ohio4,LS1,Combined,Set3,Draw1,4,col4,Combined|Set3|Draw1|col4,A,combined,1,3,3,1,4,7,*,1,1,True,3,7,57,6
Ohio4,LS1,Combined,Set3,Draw1,4,col4,Combined|Set3|Draw1|col4,B,own,1,3,3,1,4,0,9908867*,8,6,False,2,4,29,5
Ohio4,LS1,Combined,Set3,Draw1,4,col4,Combined|Set3|Draw1|col4,B,own,1,3,3,1,4,1,9907*,5,4,False,2,4,29,5
Ohio4,LS1,Combined,Set3,Draw1,4,col4,Combined|Set3|Draw1|col4,B,own,1,3,3,1,4,2,7*,2,2,True,2,4,29,5
Ohio4,LS1,Combined,Set3,Draw1,4,col4,Combined|Set3|Draw1|col4,B,own,1,3,3,1,4,3,7*,2,2,True,2,4,29,5
Ohio4,LS1,Combined,Set3,Draw1,4,col4,Combined|Set3|Draw1|col4,B,own,1,3,3,1,4,4,*,1,1,True,2,4,29,5
Ohio4,LS1,Combined,Set3,Draw1,4,col4,Combined|Set3|Draw1|col4,B,combined,1,3,3,1,4,0,9908867*,8,6,False,3,7,57,6
Ohio4,LS1,Combined,Set3,Draw1,4,col4,Combined|Set3|Draw1|col4,B,combined,1,3,3,1,4,1,9907*,5,4,False,3,7,57,6
Ohio4,LS1,Combined,Set3,Draw1,4,col4,Combined|Set3|Draw1|col4,B,combined,1,3,3,1,4,2,9907*,5,4,False,3,7,57,6
Ohio4,LS1,Combined,Set3,Draw1,4,col4,Combined|Set3|Draw1|col4,B,combined,1,3,3,1,4,3,7*,2,2,True,3,7,57,6
Ohio4,LS1,Combined,Set3,Draw1,4,col4,Combined|Set3|Draw1|col4,B,combined,1,3,3,1,4,4,7*,2,2,True,3,7,57,6
Ohio4,LS1,Combined,Set3,Draw1,4,col4,Combined|Set3|Draw1|col4,B,combined,1,3,3,1,4,7,*,1,1,True,3,7,57,6
Ohio4,LS1,Combined,Set3,Draw1,4,col4,Combined|Set3|Draw1|col4,C,own,1,3,3,1,4,0,9908867*,8,6,False,2,4,29,5
Ohio4,LS1,Combined,Set3,Draw1,4,col4,Combined|Set3|Draw1|col4,C,own,1,3,3,1,4,1,9907*,5,4,False,2,4,29,5
Ohio4,LS1,Combined,Set3,Draw1,4,col4,Combined|Set3|Draw1|col4,C,own,1,3,3,1,4,2,7*,2,2,True,2,4,29,5
Ohio4,LS1,Combined,Set3,Draw1,4,col4,Combined|Set3|Draw1|col4,C,own,1,3,3,1,4,3,7*,2,2,True,2,4,29,5
Ohio4,LS1,Combined,Set3,Draw1,4,col4,Combined|Set3|Draw1|col4,C,own,1,3,3,1,4,4,*,1,1,True,2,4,29,5
Ohio4,LS1,Combined,Set3,Draw1,4,col4,Combined|Set3|Draw1|col4,C,combined,1,3,3,1,4,0,9908867*,8,6,False,3,7,57,6
Ohio4,LS1,Combined,Set3,Draw1,4,col4,Combined|Set3|Draw1|col4,C,combined,1,3,3,1,4,1,9907*,5,4,False,3,7,57,6
Ohio4,LS1,Combined,Set3,Draw1,4,col4,Combined|Set3|Draw1|col4,C,combined,1,3,3,1,4,2,9907*,5,4,False,3,7,57,6
Ohio4,LS1,Combined,Set3,Draw1,4,col4,Combined|Set3|Draw1|col4,C,combined,1,3,3,1,4,3,7*,2,2,True,3,7,57,6
Ohio4,LS1,Combined,Set3,Draw1,4,col4,Combined|Set3|Draw1|col4,C,combined,1,3,3,1,4,4,7*,2,2,True,3,7,57,6
Ohio4,LS1,Combined,Set3,Draw1,4,col4,Combined|Set3|Draw1|col4,C,combined,1,3,3,1,4,7,*,1,1,True,3,7,57,6
Ohio4,LS1,Combined,Set3,Draw1,4,col4,Combined|Set3|Draw1|col4,D,own,1,3,3,1,4,0,9908867*,8,6,False,2,4,29,5
Ohio4,LS1,Combined,Set3,Draw1,4,col4,Combined|Set3|Draw1|col4,D,own,1,3,3,1,4,1,9907*,5,4,False,2,4,29,5
Ohio4,LS1,Combined,Set3,Draw1,4,col4,Combined|Set3|Draw1|col4,D,own,1,3,3,1,4,2,7*,2,2,True,2,4,29,5
Ohio4,LS1,Combined,Set3,Draw1,4,col4,Combined|Set3|Draw1|col4,D,own,1,3,3,1,4,3,7*,2,2,True,2,4,29,5
Ohio4,LS1,Combined,Set3,Draw1,4,col4,Combined|Set3|Draw1|col4,D,own,1,3,3,1,4,4,*,1,1,True,2,4,29,5
Ohio4,LS1,Combined,Set3,Draw1,4,col4,Combined|Set3|Draw1|col4,D,combined,1,3,3,1,4,0,9908867*,8,6,False,3,7,57,6
Ohio4,LS1,Combined,Set3,Draw1,4,col4,Combined|Set3|Draw1|col4,D,combined,1,3,3,1,4,1,9907*,5,4,False,3,7,57,6
Ohio4,LS1,Combined,Set3,Draw1,4,col4,Combined|Set3|Draw1|col4,D,combined,1,3,3,1,4,2,9907*,5,4,False,3,7,57,6
Ohio4,LS1,Combined,Set3,Draw1,4,col4,Combined|Set3|Draw1|col4,D,combined,1,3,3,1,4,3,7*,2,2,True,3,7,57,6
Ohio4,LS1,Combined,Set3,Draw1,4,col4,Combined|Set3|Draw1|col4,D,combined,1,3,3,1,4,4,7*,2,2,True,3,7,57,6
Ohio4,LS1,Combined,Set3,Draw1,4,col4,Combined|Set3|Draw1|col4,D,combined,1,3,3,1,4,7,*,1,1,True,3,7,57,6
Ohio4,LS1,Combined,Set3,Draw1,4,col4,Combined|Set3|Draw1|col4,E,own,1,3,3,1,4,0,9908867*,8,6,False,2,4,29,5
Ohio4,LS1,Combined,Set3,Draw1,4,col4,Combined|Set3|Draw1|col4,E,own,1,3,3,1,4,1,9907*,5,4,False,2,4,29,5
Ohio4,LS1,Combined,Set3,Draw1,4,col4,Combined|Set3|Draw1|col4,E,own,1,3,3,1,4,2,97*,3,3,True,2,4,29,5
Ohio4,LS1,Combined,Set3,Draw1,4,col4,Combined|Set3|Draw1|col4,E,own,1,3,3,1,4,3,7*,2,2,True,2,4,29,5
Ohio4,LS1,Combined,Set3,Draw1,4,col4,Combined|Set3|Draw1|col4,E,own,1,3,3,1,4,4,*,1,1,True,2,4,29,5
Ohio4,LS1,Combined,Set3,Draw1,4,col4,Combined|Set3|Draw1|col4,E,combined,1,3,3,1,4,0,9908867*,8,6,False,3,7,57,7
Ohio4,LS1,Combined,Set3,Draw1,4,col4,Combined|Set3|Draw1|col4,E,combined,1,3,3,1,4,1,9907*,5,4,False,3,7,57,7
Ohio4,LS1,Combined,Set3,Draw1,4,col4,Combined|Set3|Draw1|col4,E,combined,1,3,3,1,4,2,9907*,5,4,False,3,7,57,7
Ohio4,LS1,Combined,Set3,Draw1,4,col4,Combined|Set3|Draw1|col4,E,combined,1,3,3,1,4,3,97*,3,3,True,3,7,57,7
Ohio4,LS1,Combined,Set3,Draw1,4,col4,Combined|Set3|Draw1|col4,E,combined,1,3,3,1,4,4,7*,2,2,True,3,7,57,7
Ohio4,LS1,Combined,Set3,Draw1,4,col4,Combined|Set3|Draw1|col4,E,combined,1,3,3,1,4,5,7*,2,2,True,3,7,57,7
Ohio4,LS1,Combined,Set3,Draw1,4,col4,Combined|Set3|Draw1|col4,E,combined,1,3,3,1,4,7,*,1,1,True,3,7,57,7
Ohio4,LS1,Combined,Set3,Draw1,4,col4,Combined|Set3|Draw1|col4,T,own,1,3,3,1,4,0,9908867*,8,6,False,2,4,29,5
Ohio4,LS1,Combined,Set3,Draw1,4,col4,Combined|Set3|Draw1|col4,T,own,1,3,3,1,4,1,9907*,5,4,False,2,4,29,5
Ohio4,LS1,Combined,Set3,Draw1,4,col4,Combined|Set3|Draw1|col4,T,own,1,3,3,1,4,2,7*,2,2,True,2,4,29,5
Ohio4,LS1,Combined,Set3,Draw1,4,col4,Combined|Set3|Draw1|col4,T,own,1,3,3,1,4,3,7*,2,2,True,2,4,29,5
Ohio4,LS1,Combined,Set3,Draw1,4,col4,Combined|Set3|Draw1|col4,T,own,1,3,3,1,4,4,*,1,1,True,2,4,29,5
Ohio4,LS1,Combined,Set3,Draw1,4,col4,Combined|Set3|Draw1|col4,T,combined,1,3,3,1,4,0,9908867*,8,6,False,3,7,57,6
Ohio4,LS1,Combined,Set3,Draw1,4,col4,Combined|Set3|Draw1|col4,T,combined,1,3,3,1,4,1,9907*,5,4,False,3,7,57,6
Ohio4,LS1,Combined,Set3,Draw1,4,col4,Combined|Set3|Draw1|col4,T,combined,1,3,3,1,4,2,9907*,5,4,False,3,7,57,6
Ohio4,LS1,Combined,Set3,Draw1,4,col4,Combined|Set3|Draw1|col4,T,combined,1,3,3,1,4,3,7*,2,2,True,3,7,57,6
Ohio4,LS1,Combined,Set3,Draw1,4,col4,Combined|Set3|Draw1|col4,T,combined,1,3,3,1,4,4,7*,2,2,True,3,7,57,6
Ohio4,LS1,Combined,Set3,Draw1,4,col4,Combined|Set3|Draw1|col4,T,combined,1,3,3,1,4,7,*,1,1,True,3,7,57,6
Ohio4,LS1,Combined,Set2,Draw1,7,col7,Combined|Set2|Draw1|col7,A,own,1,3,2,1,7,0,992001188677,12,7,False,2,5,6,6
Ohio4,LS1,Combined,Set2,Draw1,7,col7,Combined|Set2|Draw1|col7,A,own,1,3,2,1,7,1,992001177,9,5,False,2,5,6,6
Ohio4,LS1,Combined,Set2,Draw1,7,col7,Combined|Set2|Draw1|col7,A,own,1,3,2,1,7,2,21177,5,3,True,2,5,6,6
Ohio4,LS1,Combined,Set2,Draw1,7,col7,Combined|Set2|Draw1|col7,A,own,1,3,2,1,7,3,21177,5,3,True,2,5,6,6
Ohio4,LS1,Combined,Set2,Draw1,7,col7,Combined|Set2|Draw1|col7,A,own,1,3,2,1,7,4,11,2,1,True,2,5,6,6
Ohio4,LS1,Combined,Set2,Draw1,7,col7,Combined|Set2|Draw1|col7,A,own,1,3,2,1,7,5,,0,0,False,2,5,6,6
Ohio4,LS1,Combined,Set2,Draw1,7,col7,Combined|Set2|Draw1|col7,A,combined,1,3,2,1,7,0,992001188677,12,7,False,3,9,10,10
Ohio4,LS1,Combined,Set2,Draw1,7,col7,Combined|Set2|Draw1|col7,A,combined,1,3,2,1,7,1,992001177,9,5,False,3,9,10,10
Ohio4,LS1,Combined,Set2,Draw1,7,col7,Combined|Set2|Draw1|col7,A,combined,1,3,2,1,7,2,992001177,9,5,False,3,9,10,10
Ohio4,LS1,Combined,Set2,Draw1,7,col7,Combined|Set2|Draw1|col7,A,combined,1,3,2,1,7,3,21177,5,3,True,3,9,10,10
Ohio4,LS1,Combined,Set2,Draw1,7,col7,Combined|Set2|Draw1|col7,A,combined,1,3,2,1,7,4,21177,5,3,True,3,9,10,10
Ohio4,LS1,Combined,Set2,Draw1,7,col7,Combined|Set2|Draw1|col7,A,combined,1,3,2,1,7,5,21177,5,3,True,3,9,10,10
Ohio4,LS1,Combined,Set2,Draw1,7,col7,Combined|Set2|Draw1|col7,A,combined,1,3,2,1,7,6,21177,5,3,True,3,9,10,10
Ohio4,LS1,Combined,Set2,Draw1,7,col7,Combined|Set2|Draw1|col7,A,combined,1,3,2,1,7,7,11,2,1,True,3,9,10,10
Ohio4,LS1,Combined,Set2,Draw1,7,col7,Combined|Set2|Draw1|col7,A,combined,1,3,2,1,7,8,11,2,1,True,3,9,10,10
Ohio4,LS1,Combined,Set2,Draw1,7,col7,Combined|Set2|Draw1|col7,A,combined,1,3,2,1,7,9,,0,0,False,3,9,10,10
Ohio4,LS1,Combined,Set2,Draw1,7,col7,Combined|Set2|Draw1|col7,B,own,1,3,2,1,7,0,992001188677,12,7,False,2,4,5,5
Ohio4,LS1,Combined,Set2,Draw1,7,col7,Combined|Set2|Draw1|col7,B,own,1,3,2,1,7,1,992001177,9,5,False,2,4,5,5
Ohio4,LS1,Combined,Set2,Draw1,7,col7,Combined|Set2|Draw1|col7,B,own,1,3,2,1,7,2,277,3,2,True,2,4,5,5
Ohio4,LS1,Combined,Set2,Draw1,7,col7,Combined|Set2|Draw1|col7,B,own,1,3,2,1,7,3,277,3,2,True,2,4,5,5
Ohio4,LS1,Combined,Set2,Draw1,7,col7,Combined|Set2|Draw1|col7,B,own,1,3,2,1,7,4,,0,0,False,2,4,5,5
Ohio4,LS1,Combined,Set2,Draw1,7,col7,Combined|Set2|Draw1|col7,B,combined,1,3,2,1,7,0,992001188677,12,7,False,3,7,8,6
Ohio4,LS1,Combined,Set2,Draw1,7,col7,Combined|Set2|Draw1|col7,B,combined,1,3,2,1,7,1,992001177,9,5,False,3,7,8,6
Ohio4,LS1,Combined,Set2,Draw1,7,col7,Combined|Set2|Draw1|col7,B,combined,1,3,2,1,7,2,9920077,7,4,False,3,7,8,6
Ohio4,LS1,Combined,Set2,Draw1,7,col7,Combined|Set2|Draw1|col7,B,combined,1,3,2,1,7,3,277,3,2,True,3,7,8,6
Ohio4,LS1,Combined,Set2,Draw1,7,col7,Combined|Set2|Draw1|col7,B,combined,1,3,2,1,7,4,277,3,2,True,3,7,8,6
Ohio4,LS1,Combined,Set2,Draw1,7,col7,Combined|Set2|Draw1|col7,B,combined,1,3,2,1,7,7,,0,0,False,3,7,8,6
Ohio4,LS1,Combined,Set2,Draw1,7,col7,Combined|Set2|Draw1|col7,C,own,1,3,2,1,7,0,992001188677,12,7,False,2,4,5,5
Ohio4,LS1,Combined,Set2,Draw1,7,col7,Combined|Set2|Draw1|col7,C,own,1,3,2,1,7,1,9920077,7,4,False,2,4,5,5
Ohio4,LS1,Combined,Set2,Draw1,7,col7,Combined|Set2|Draw1|col7,C,own,1,3,2,1,7,2,277,3,2,True,2,4,5,5
Ohio4,LS1,Combined,Set2,Draw1,7,col7,Combined|Set2|Draw1|col7,C,own,1,3,2,1,7,3,277,3,2,True,2,4,5,5
Ohio4,LS1,Combined,Set2,Draw1,7,col7,Combined|Set2|Draw1|col7,C,own,1,3,2,1,7,4,,0,0,False,2,4,5,5
Ohio4,LS1,Combined,Set2,Draw1,7,col7,Combined|Set2|Draw1|col7,C,combined,1,3,2,1,7,0,992001188677,12,7,False,3,7,8,6
Ohio4,LS1,Combined,Set2,Draw1,7,col7,Combined|Set2|Draw1|col7,C,combined,1,3,2,1,7,1,9920077,7,4,False,3,7,8,6
Ohio4,LS1,Combined,Set2,Draw1,7,col7,Combined|Set2|Draw1|col7,C,combined,1,3,2,1,7,2,9920077,7,4,False,3,7,8,6
Ohio4,LS1,Combined,Set2,Draw1,7,col7,Combined|Set2|Draw1|col7,C,combined,1,3,2,1,7,3,277,3,2,True,3,7,8,6
Ohio4,LS1,Combined,Set2,Draw1,7,col7,Combined|Set2|Draw1|col7,C,combined,1,3,2,1,7,4,277,3,2,True,3,7,8,6
Ohio4,LS1,Combined,Set2,Draw1,7,col7,Combined|Set2|Draw1|col7,C,combined,1,3,2,1,7,7,,0,0,False,3,7,8,6
Ohio4,LS1,Combined,Set2,Draw1,7,col7,Combined|Set2|Draw1|col7,D,own,1,3,2,1,7,0,992001188677,12,7,False,2,4,5,5
Ohio4,LS1,Combined,Set2,Draw1,7,col7,Combined|Set2|Draw1|col7,D,own,1,3,2,1,7,1,99200177,8,5,False,2,4,5,5
Ohio4,LS1,Combined,Set2,Draw1,7,col7,Combined|Set2|Draw1|col7,D,own,1,3,2,1,7,2,277,3,2,True,2,4,5,5
Ohio4,LS1,Combined,Set2,Draw1,7,col7,Combined|Set2|Draw1|col7,D,own,1,3,2,1,7,3,277,3,2,True,2,4,5,5
Ohio4,LS1,Combined,Set2,Draw1,7,col7,Combined|Set2|Draw1|col7,D,own,1,3,2,1,7,4,,0,0,False,2,4,5,5
Ohio4,LS1,Combined,Set2,Draw1,7,col7,Combined|Set2|Draw1|col7,D,combined,1,3,2,1,7,0,992001188677,12,7,False,3,7,8,6
Ohio4,LS1,Combined,Set2,Draw1,7,col7,Combined|Set2|Draw1|col7,D,combined,1,3,2,1,7,1,99200177,8,5,False,3,7,8,6
Ohio4,LS1,Combined,Set2,Draw1,7,col7,Combined|Set2|Draw1|col7,D,combined,1,3,2,1,7,2,9920077,7,4,False,3,7,8,6
Ohio4,LS1,Combined,Set2,Draw1,7,col7,Combined|Set2|Draw1|col7,D,combined,1,3,2,1,7,3,277,3,2,True,3,7,8,6
Ohio4,LS1,Combined,Set2,Draw1,7,col7,Combined|Set2|Draw1|col7,D,combined,1,3,2,1,7,4,277,3,2,True,3,7,8,6
Ohio4,LS1,Combined,Set2,Draw1,7,col7,Combined|Set2|Draw1|col7,D,combined,1,3,2,1,7,7,,0,0,False,3,7,8,6
Ohio4,LS1,Combined,Set2,Draw1,7,col7,Combined|Set2|Draw1|col7,E,own,1,3,2,1,7,0,992001188677,12,7,False,4,5,6,6
Ohio4,LS1,Combined,Set2,Draw1,7,col7,Combined|Set2|Draw1|col7,E,own,1,3,2,1,7,1,992001177,9,5,False,4,5,6,6
Ohio4,LS1,Combined,Set2,Draw1,7,col7,Combined|Set2|Draw1|col7,E,own,1,3,2,1,7,2,920177,6,5,False,4,5,6,6
Ohio4,LS1,Combined,Set2,Draw1,7,col7,Combined|Set2|Draw1|col7,E,own,1,3,2,1,7,3,20177,5,4,False,4,5,6,6
Ohio4,LS1,Combined,Set2,Draw1,7,col7,Combined|Set2|Draw1|col7,E,own,1,3,2,1,7,4,17,2,2,True,4,5,6,6
Ohio4,LS1,Combined,Set2,Draw1,7,col7,Combined|Set2|Draw1|col7,E,own,1,3,2,1,7,5,,0,0,False,4,5,6,6
Ohio4,LS1,Combined,Set2,Draw1,7,col7,Combined|Set2|Draw1|col7,E,combined,1,3,2,1,7,0,992001188677,12,7,False,4,8,9,8
Ohio4,LS1,Combined,Set2,Draw1,7,col7,Combined|Set2|Draw1|col7,E,combined,1,3,2,1,7,1,992001177,9,5,False,4,8,9,8
Ohio4,LS1,Combined,Set2,Draw1,7,col7,Combined|Set2|Draw1|col7,E,combined,1,3,2,1,7,2,99200177,8,5,False,4,8,9,8
Ohio4,LS1,Combined,Set2,Draw1,7,col7,Combined|Set2|Draw1|col7,E,combined,1,3,2,1,7,3,92077,5,4,False,4,8,9,8
Ohio4,LS1,Combined,Set2,Draw1,7,col7,Combined|Set2|Draw1|col7,E,combined,1,3,2,1,7,4,277,3,2,True,4,8,9,8
Ohio4,LS1,Combined,Set2,Draw1,7,col7,Combined|Set2|Draw1|col7,E,combined,1,3,2,1,7,5,277,3,2,True,4,8,9,8
Ohio4,LS1,Combined,Set2,Draw1,7,col7,Combined|Set2|Draw1|col7,E,combined,1,3,2,1,7,7,7,1,1,True,4,8,9,8
Ohio4,LS1,Combined,Set2,Draw1,7,col7,Combined|Set2|Draw1|col7,E,combined,1,3,2,1,7,8,,0,0,False,4,8,9,8
Ohio4,LS1,Combined,Set2,Draw1,7,col7,Combined|Set2|Draw1|col7,T,own,1,3,2,1,7,0,992001188677,12,7,False,2,4,5,5
Ohio4,LS1,Combined,Set2,Draw1,7,col7,Combined|Set2|Draw1|col7,T,own,1,3,2,1,7,1,9920077,7,4,False,2,4,5,5
Ohio4,LS1,Combined,Set2,Draw1,7,col7,Combined|Set2|Draw1|col7,T,own,1,3,2,1,7,2,277,3,2,True,2,4,5,5
Ohio4,LS1,Combined,Set2,Draw1,7,col7,Combined|Set2|Draw1|col7,T,own,1,3,2,1,7,3,277,3,2,True,2,4,5,5
Ohio4,LS1,Combined,Set2,Draw1,7,col7,Combined|Set2|Draw1|col7,T,own,1,3,2,1,7,4,,0,0,False,2,4,5,5
Ohio4,LS1,Combined,Set2,Draw1,7,col7,Combined|Set2|Draw1|col7,T,combined,1,3,2,1,7,0,992001188677,12,7,False,3,7,8,6
Ohio4,LS1,Combined,Set2,Draw1,7,col7,Combined|Set2|Draw1|col7,T,combined,1,3,2,1,7,1,9920077,7,4,False,3,7,8,6
Ohio4,LS1,Combined,Set2,Draw1,7,col7,Combined|Set2|Draw1|col7,T,combined,1,3,2,1,7,2,9920077,7,4,False,3,7,8,6
Ohio4,LS1,Combined,Set2,Draw1,7,col7,Combined|Set2|Draw1|col7,T,combined,1,3,2,1,7,3,277,3,2,True,3,7,8,6
Ohio4,LS1,Combined,Set2,Draw1,7,col7,Combined|Set2|Draw1|col7,T,combined,1,3,2,1,7,4,277,3,2,True,3,7,8,6
Ohio4,LS1,Combined,Set2,Draw1,7,col7,Combined|Set2|Draw1|col7,T,combined,1,3,2,1,7,7,,0,0,False,3,7,8,6
Ohio4,LS1,Combined,Set2,Draw1,6,col6,Combined|Set2|Draw1|col6,A,own,1,3,2,1,6,0,99200118867,11,7,False,2,5,6,6
Ohio4,LS1,Combined,Set2,Draw1,6,col6,Combined|Set2|Draw1|col6,A,own,1,3,2,1,6,1,99200117,8,5,False,2,5,6,6
Ohio4,LS1,Combined,Set2,Draw1,6,col6,Combined|Set2|Draw1|col6,A,own,1,3,2,1,6,2,2117,4,3,True,2,5,6,6
Ohio4,LS1,Combined,Set2,Draw1,6,col6,Combined|Set2|Draw1|col6,A,own,1,3,2,1,6,3,2117,4,3,True,2,5,6,6
Ohio4,LS1,Combined,Set2,Draw1,6,col6,Combined|Set2|Draw1|col6,A,own,1,3,2,1,6,4,11,2,1,True,2,5,6,6
Ohio4,LS1,Combined,Set2,Draw1,6,col6,Combined|Set2|Draw1|col6,A,own,1,3,2,1,6,5,,0,0,False,2,5,6,6
Ohio4,LS1,Combined,Set2,Draw1,6,col6,Combined|Set2|Draw1|col6,A,combined,1,3,2,1,6,0,99200118867,11,7,False,3,9,10,10
Ohio4,LS1,Combined,Set2,Draw1,6,col6,Combined|Set2|Draw1|col6,A,combined,1,3,2,1,6,1,99200117,8,5,False,3,9,10,10
Ohio4,LS1,Combined,Set2,Draw1,6,col6,Combined|Set2|Draw1|col6,A,combined,1,3,2,1,6,2,99200117,8,5,False,3,9,10,10
Ohio4,LS1,Combined,Set2,Draw1,6,col6,Combined|Set2|Draw1|col6,A,combined,1,3,2,1,6,3,2117,4,3,True,3,9,10,10
Ohio4,LS1,Combined,Set2,Draw1,6,col6,Combined|Set2|Draw1|col6,A,combined,1,3,2,1,6,4,2117,4,3,True,3,9,10,10
Ohio4,LS1,Combined,Set2,Draw1,6,col6,Combined|Set2|Draw1|col6,A,combined,1,3,2,1,6,5,2117,4,3,True,3,9,10,10
Ohio4,LS1,Combined,Set2,Draw1,6,col6,Combined|Set2|Draw1|col6,A,combined,1,3,2,1,6,6,2117,4,3,True,3,9,10,10
Ohio4,LS1,Combined,Set2,Draw1,6,col6,Combined|Set2|Draw1|col6,A,combined,1,3,2,1,6,7,11,2,1,True,3,9,10,10
Ohio4,LS1,Combined,Set2,Draw1,6,col6,Combined|Set2|Draw1|col6,A,combined,1,3,2,1,6,8,11,2,1,True,3,9,10,10
Ohio4,LS1,Combined,Set2,Draw1,6,col6,Combined|Set2|Draw1|col6,A,combined,1,3,2,1,6,9,,0,0,False,3,9,10,10
Ohio4,LS1,Combined,Set2,Draw1,6,col6,Combined|Set2|Draw1|col6,B,own,1,3,2,1,6,0,99200118867,11,7,False,2,4,5,5
Ohio4,LS1,Combined,Set2,Draw1,6,col6,Combined|Set2|Draw1|col6,B,own,1,3,2,1,6,1,99200117,8,5,False,2,4,5,5
Ohio4,LS1,Combined,Set2,Draw1,6,col6,Combined|Set2|Draw1|col6,B,own,1,3,2,1,6,2,27,2,2,True,2,4,5,5
Ohio4,LS1,Combined,Set2,Draw1,6,col6,Combined|Set2|Draw1|col6,B,own,1,3,2,1,6,3,27,2,2,True,2,4,5,5
Ohio4,LS1,Combined,Set2,Draw1,6,col6,Combined|Set2|Draw1|col6,B,own,1,3,2,1,6,4,,0,0,False,2,4,5,5
Ohio4,LS1,Combined,Set2,Draw1,6,col6,Combined|Set2|Draw1|col6,B,combined,1,3,2,1,6,0,99200118867,11,7,False,3,7,8,6
Ohio4,LS1,Combined,Set2,Draw1,6,col6,Combined|Set2|Draw1|col6,B,combined,1,3,2,1,6,1,99200117,8,5,False,3,7,8,6
Ohio4,LS1,Combined,Set2,Draw1,6,col6,Combined|Set2|Draw1|col6,B,combined,1,3,2,1,6,2,992007,6,4,False,3,7,8,6
Ohio4,LS1,Combined,Set2,Draw1,6,col6,Combined|Set2|Draw1|col6,B,combined,1,3,2,1,6,3,27,2,2,True,3,7,8,6
Ohio4,LS1,Combined,Set2,Draw1,6,col6,Combined|Set2|Draw1|col6,B,combined,1,3,2,1,6,4,27,2,2,True,3,7,8,6
Ohio4,LS1,Combined,Set2,Draw1,6,col6,Combined|Set2|Draw1|col6,B,combined,1,3,2,1,6,7,,0,0,False,3,7,8,6
Ohio4,LS1,Combined,Set2,Draw1,6,col6,Combined|Set2|Draw1|col6,C,own,1,3,2,1,6,0,99200118867,11,7,False,2,4,5,5
Ohio4,LS1,Combined,Set2,Draw1,6,col6,Combined|Set2|Draw1|col6,C,own,1,3,2,1,6,1,992007,6,4,False,2,4,5,5
Ohio4,LS1,Combined,Set2,Draw1,6,col6,Combined|Set2|Draw1|col6,C,own,1,3,2,1,6,2,27,2,2,True,2,4,5,5
Ohio4,LS1,Combined,Set2,Draw1,6,col6,Combined|Set2|Draw1|col6,C,own,1,3,2,1,6,3,27,2,2,True,2,4,5,5
Ohio4,LS1,Combined,Set2,Draw1,6,col6,Combined|Set2|Draw1|col6,C,own,1,3,2,1,6,4,,0,0,False,2,4,5,5
Ohio4,LS1,Combined,Set2,Draw1,6,col6,Combined|Set2|Draw1|col6,C,combined,1,3,2,1,6,0,99200118867,11,7,False,3,7,8,6
Ohio4,LS1,Combined,Set2,Draw1,6,col6,Combined|Set2|Draw1|col6,C,combined,1,3,2,1,6,1,992007,6,4,False,3,7,8,6
Ohio4,LS1,Combined,Set2,Draw1,6,col6,Combined|Set2|Draw1|col6,C,combined,1,3,2,1,6,2,992007,6,4,False,3,7,8,6
Ohio4,LS1,Combined,Set2,Draw1,6,col6,Combined|Set2|Draw1|col6,C,combined,1,3,2,1,6,3,27,2,2,True,3,7,8,6
Ohio4,LS1,Combined,Set2,Draw1,6,col6,Combined|Set2|Draw1|col6,C,combined,1,3,2,1,6,4,27,2,2,True,3,7,8,6
Ohio4,LS1,Combined,Set2,Draw1,6,col6,Combined|Set2|Draw1|col6,C,combined,1,3,2,1,6,7,,0,0,False,3,7,8,6
Ohio4,LS1,Combined,Set2,Draw1,6,col6,Combined|Set2|Draw1|col6,D,own,1,3,2,1,6,0,99200118867,11,7,False,2,4,5,5
Ohio4,LS1,Combined,Set2,Draw1,6,col6,Combined|Set2|Draw1|col6,D,own,1,3,2,1,6,1,9920017,7,5,False,2,4,5,5
Ohio4,LS1,Combined,Set2,Draw1,6,col6,Combined|Set2|Draw1|col6,D,own,1,3,2,1,6,2,27,2,2,True,2,4,5,5
Ohio4,LS1,Combined,Set2,Draw1,6,col6,Combined|Set2|Draw1|col6,D,own,1,3,2,1,6,3,27,2,2,True,2,4,5,5
Ohio4,LS1,Combined,Set2,Draw1,6,col6,Combined|Set2|Draw1|col6,D,own,1,3,2,1,6,4,,0,0,False,2,4,5,5
Ohio4,LS1,Combined,Set2,Draw1,6,col6,Combined|Set2|Draw1|col6,D,combined,1,3,2,1,6,0,99200118867,11,7,False,3,7,8,6
Ohio4,LS1,Combined,Set2,Draw1,6,col6,Combined|Set2|Draw1|col6,D,combined,1,3,2,1,6,1,9920017,7,5,False,3,7,8,6
Ohio4,LS1,Combined,Set2,Draw1,6,col6,Combined|Set2|Draw1|col6,D,combined,1,3,2,1,6,2,992007,6,4,False,3,7,8,6
Ohio4,LS1,Combined,Set2,Draw1,6,col6,Combined|Set2|Draw1|col6,D,combined,1,3,2,1,6,3,27,2,2,True,3,7,8,6
Ohio4,LS1,Combined,Set2,Draw1,6,col6,Combined|Set2|Draw1|col6,D,combined,1,3,2,1,6,4,27,2,2,True,3,7,8,6
Ohio4,LS1,Combined,Set2,Draw1,6,col6,Combined|Set2|Draw1|col6,D,combined,1,3,2,1,6,7,,0,0,False,3,7,8,6
Ohio4,LS1,Combined,Set2,Draw1,6,col6,Combined|Set2|Draw1|col6,E,own,1,3,2,1,6,0,99200118867,11,7,False,4,5,6,6
Ohio4,LS1,Combined,Set2,Draw1,6,col6,Combined|Set2|Draw1|col6,E,own,1,3,2,1,6,1,99200117,8,5,False,4,5,6,6
Ohio4,LS1,Combined,Set2,Draw1,6,col6,Combined|Set2|Draw1|col6,E,own,1,3,2,1,6,2,92017,5,5,False,4,5,6,6
Ohio4,LS1,Combined,Set2,Draw1,6,col6,Combined|Set2|Draw1|col6,E,own,1,3,2,1,6,3,2017,4,4,False,4,5,6,6
Ohio4,LS1,Combined,Set2,Draw1,6,col6,Combined|Set2|Draw1|col6,E,own,1,3,2,1,6,4,1,1,1,True,4,5,6,6
Ohio4,LS1,Combined,Set2,Draw1,6,col6,Combined|Set2|Draw1|col6,E,own,1,3,2,1,6,5,,0,0,False,4,5,6,6
Ohio4,LS1,Combined,Set2,Draw1,6,col6,Combined|Set2|Draw1|col6,E,combined,1,3,2,1,6,0,99200118867,11,7,False,4,7,8,7
Ohio4,LS1,Combined,Set2,Draw1,6,col6,Combined|Set2|Draw1|col6,E,combined,1,3,2,1,6,1,99200117,8,5,False,4,7,8,7
Ohio4,LS1,Combined,Set2,Draw1,6,col6,Combined|Set2|Draw1|col6,E,combined,1,3,2,1,6,2,9920017,7,5,False,4,7,8,7
Ohio4,LS1,Combined,Set2,Draw1,6,col6,Combined|Set2|Draw1|col6,E,combined,1,3,2,1,6,3,9207,4,4,False,4,7,8,7
Ohio4,LS1,Combined,Set2,Draw1,6,col6,Combined|Set2|Draw1|col6,E,combined,1,3,2,1,6,4,27,2,2,True,4,7,8,7
Ohio4,LS1,Combined,Set2,Draw1,6,col6,Combined|Set2|Draw1|col6,E,combined,1,3,2,1,6,5,27,2,2,True,4,7,8,7
Ohio4,LS1,Combined,Set2,Draw1,6,col6,Combined|Set2|Draw1|col6,E,combined,1,3,2,1,6,7,,0,0,False,4,7,8,7
Ohio4,LS1,Combined,Set2,Draw1,6,col6,Combined|Set2|Draw1|col6,T,own,1,3,2,1,6,0,99200118867,11,7,False,2,4,5,5
Ohio4,LS1,Combined,Set2,Draw1,6,col6,Combined|Set2|Draw1|col6,T,own,1,3,2,1,6,1,992007,6,4,False,2,4,5,5
Ohio4,LS1,Combined,Set2,Draw1,6,col6,Combined|Set2|Draw1|col6,T,own,1,3,2,1,6,2,27,2,2,True,2,4,5,5
Ohio4,LS1,Combined,Set2,Draw1,6,col6,Combined|Set2|Draw1|col6,T,own,1,3,2,1,6,3,27,2,2,True,2,4,5,5
Ohio4,LS1,Combined,Set2,Draw1,6,col6,Combined|Set2|Draw1|col6,T,own,1,3,2,1,6,4,,0,0,False,2,4,5,5
Ohio4,LS1,Combined,Set2,Draw1,6,col6,Combined|Set2|Draw1|col6,T,combined,1,3,2,1,6,0,99200118867,11,7,False,3,7,8,6
Ohio4,LS1,Combined,Set2,Draw1,6,col6,Combined|Set2|Draw1|col6,T,combined,1,3,2,1,6,1,992007,6,4,False,3,7,8,6
Ohio4,LS1,Combined,Set2,Draw1,6,col6,Combined|Set2|Draw1|col6,T,combined,1,3,2,1,6,2,992007,6,4,False,3,7,8,6
Ohio4,LS1,Combined,Set2,Draw1,6,col6,Combined|Set2|Draw1|col6,T,combined,1,3,2,1,6,3,27,2,2,True,3,7,8,6
Ohio4,LS1,Combined,Set2,Draw1,6,col6,Combined|Set2|Draw1|col6,T,combined,1,3,2,1,6,4,27,2,2,True,3,7,8,6
Ohio4,LS1,Combined,Set2,Draw1,6,col6,Combined|Set2|Draw1|col6,T,combined,1,3,2,1,6,7,,0,0,False,3,7,8,6
Ohio4,LS1,Combined,Set2,Draw1,5,col5,Combined|Set2|Draw1|col5,A,own,1,3,2,1,5,0,99008867,8,5,False,1,4,5,5
Ohio4,LS1,Combined,Set2,Draw1,5,col5,Combined|Set2|Draw1|col5,A,own,1,3,2,1,5,1,99007,5,3,True,1,4,5,5
Ohio4,LS1,Combined,Set2,Draw1,5,col5,Combined|Set2|Draw1|col5,A,own,1,3,2,1,5,2,7,1,1,True,1,4,5,5
Ohio4,LS1,Combined,Set2,Draw1,5,col5,Combined|Set2|Draw1|col5,A,own,1,3,2,1,5,3,7,1,1,True,1,4,5,5
Ohio4,LS1,Combined,Set2,Draw1,5,col5,Combined|Set2|Draw1|col5,A,own,1,3,2,1,5,4,,0,0,False,1,4,5,5
Ohio4,LS1,Combined,Set2,Draw1,5,col5,Combined|Set2|Draw1|col5,A,combined,1,3,2,1,5,0,99008867,8,5,False,1,7,8,6
Ohio4,LS1,Combined,Set2,Draw1,5,col5,Combined|Set2|Draw1|col5,A,combined,1,3,2,1,5,1,99007,5,3,True,1,7,8,6
Ohio4,LS1,Combined,Set2,Draw1,5,col5,Combined|Set2|Draw1|col5,A,combined,1,3,2,1,5,2,99007,5,3,True,1,7,8,6
Ohio4,LS1,Combined,Set2,Draw1,5,col5,Combined|Set2|Draw1|col5,A,combined,1,3,2,1,5,3,7,1,1,True,1,7,8,6
Ohio4,LS1,Combined,Set2,Draw1,5,col5,Combined|Set2|Draw1|col5,A,combined,1,3,2,1,5,4,7,1,1,True,1,7,8,6
Ohio4,LS1,Combined,Set2,Draw1,5,col5,Combined|Set2|Draw1|col5,A,combined,1,3,2,1,5,7,,0,0,False,1,7,8,6
Ohio4,LS1,Combined,Set2,Draw1,5,col5,Combined|Set2|Draw1|col5,B,own,1,3,2,1,5,0,99008867,8,5,False,1,4,5,5
Ohio4,LS1,Combined,Set2,Draw1,5,col5,Combined|Set2|Draw1|col5,B,own,1,3,2,1,5,1,99007,5,3,True,1,4,5,5
Ohio4,LS1,Combined,Set2,Draw1,5,col5,Combined|Set2|Draw1|col5,B,own,1,3,2,1,5,2,7,1,1,True,1,4,5,5
Ohio4,LS1,Combined,Set2,Draw1,5,col5,Combined|Set2|Draw1|col5,B,own,1,3,2,1,5,3,7,1,1,True,1,4,5,5
Ohio4,LS1,Combined,Set2,Draw1,5,col5,Combined|Set2|Draw1|col5,B,own,1,3,2,1,5,4,,0,0,False,1,4,5,5
Ohio4,LS1,Combined,Set2,Draw1,5,col5,Combined|Set2|Draw1|col5,B,combined,1,3,2,1,5,0,99008867,8,5,False,1,7,8,6
Ohio4,LS1,Combined,Set2,Draw1,5,col5,Combined|Set2|Draw1|col5,B,combined,1,3,2,1,5,1,99007,5,3,True,1,7,8,6
Ohio4,LS1,Combined,Set2,Draw1,5,col5,Combined|Set2|Draw1|col5,B,combined,1,3,2,1,5,2,99007,5,3,True,1,7,8,6
Ohio4,LS1,Combined,Set2,Draw1,5,col5,Combined|Set2|Draw1|col5,B,combined,1,3,2,1,5,3,7,1,1,True,1,7,8,6
Ohio4,LS1,Combined,Set2,Draw1,5,col5,Combined|Set2|Draw1|col5,B,combined,1,3,2,1,5,4,7,1,1,True,1,7,8,6
Ohio4,LS1,Combined,Set2,Draw1,5,col5,Combined|Set2|Draw1|col5,B,combined,1,3,2,1,5,7,,0,0,False,1,7,8,6
Ohio4,LS1,Combined,Set2,Draw1,5,col5,Combined|Set2|Draw1|col5,C,own,1,3,2,1,5,0,99008867,8,5,False,1,4,5,5
Ohio4,LS1,Combined,Set2,Draw1,5,col5,Combined|Set2|Draw1|col5,C,own,1,3,2,1,5,1,99007,5,3,True,1,4,5,5
Ohio4,LS1,Combined,Set2,Draw1,5,col5,Combined|Set2|Draw1|col5,C,own,1,3,2,1,5,2,7,1,1,True,1,4,5,5
Ohio4,LS1,Combined,Set2,Draw1,5,col5,Combined|Set2|Draw1|col5,C,own,1,3,2,1,5,3,7,1,1,True,1,4,5,5
Ohio4,LS1,Combined,Set2,Draw1,5,col5,Combined|Set2|Draw1|col5,C,own,1,3,2,1,5,4,,0,0,False,1,4,5,5
Ohio4,LS1,Combined,Set2,Draw1,5,col5,Combined|Set2|Draw1|col5,C,combined,1,3,2,1,5,0,99008867,8,5,False,1,7,8,6
Ohio4,LS1,Combined,Set2,Draw1,5,col5,Combined|Set2|Draw1|col5,C,combined,1,3,2,1,5,1,99007,5,3,True,1,7,8,6
Ohio4,LS1,Combined,Set2,Draw1,5,col5,Combined|Set2|Draw1|col5,C,combined,1,3,2,1,5,2,99007,5,3,True,1,7,8,6
Ohio4,LS1,Combined,Set2,Draw1,5,col5,Combined|Set2|Draw1|col5,C,combined,1,3,2,1,5,3,7,1,1,True,1,7,8,6
Ohio4,LS1,Combined,Set2,Draw1,5,col5,Combined|Set2|Draw1|col5,C,combined,1,3,2,1,5,4,7,1,1,True,1,7,8,6
Ohio4,LS1,Combined,Set2,Draw1,5,col5,Combined|Set2|Draw1|col5,C,combined,1,3,2,1,5,7,,0,0,False,1,7,8,6
Ohio4,LS1,Combined,Set2,Draw1,5,col5,Combined|Set2|Draw1|col5,D,own,1,3,2,1,5,0,99008867,8,5,False,1,4,5,5
Ohio4,LS1,Combined,Set2,Draw1,5,col5,Combined|Set2|Draw1|col5,D,own,1,3,2,1,5,1,99007,5,3,True,1,4,5,5
Ohio4,LS1,Combined,Set2,Draw1,5,col5,Combined|Set2|Draw1|col5,D,own,1,3,2,1,5,2,7,1,1,True,1,4,5,5
Ohio4,LS1,Combined,Set2,Draw1,5,col5,Combined|Set2|Draw1|col5,D,own,1,3,2,1,5,3,7,1,1,True,1,4,5,5
Ohio4,LS1,Combined,Set2,Draw1,5,col5,Combined|Set2|Draw1|col5,D,own,1,3,2,1,5,4,,0,0,False,1,4,5,5
Ohio4,LS1,Combined,Set2,Draw1,5,col5,Combined|Set2|Draw1|col5,D,combined,1,3,2,1,5,0,99008867,8,5,False,1,7,8,6
Ohio4,LS1,Combined,Set2,Draw1,5,col5,Combined|Set2|Draw1|col5,D,combined,1,3,2,1,5,1,99007,5,3,True,1,7,8,6
Ohio4,LS1,Combined,Set2,Draw1,5,col5,Combined|Set2|Draw1|col5,D,combined,1,3,2,1,5,2,99007,5,3,True,1,7,8,6
Ohio4,LS1,Combined,Set2,Draw1,5,col5,Combined|Set2|Draw1|col5,D,combined,1,3,2,1,5,3,7,1,1,True,1,7,8,6
Ohio4,LS1,Combined,Set2,Draw1,5,col5,Combined|Set2|Draw1|col5,D,combined,1,3,2,1,5,4,7,1,1,True,1,7,8,6
Ohio4,LS1,Combined,Set2,Draw1,5,col5,Combined|Set2|Draw1|col5,D,combined,1,3,2,1,5,7,,0,0,False,1,7,8,6
Ohio4,LS1,Combined,Set2,Draw1,5,col5,Combined|Set2|Draw1|col5,E,own,1,3,2,1,5,0,99008867,8,5,False,1,4,5,5
Ohio4,LS1,Combined,Set2,Draw1,5,col5,Combined|Set2|Draw1|col5,E,own,1,3,2,1,5,1,99007,5,3,True,1,4,5,5
Ohio4,LS1,Combined,Set2,Draw1,5,col5,Combined|Set2|Draw1|col5,E,own,1,3,2,1,5,2,907,3,3,True,1,4,5,5
Ohio4,LS1,Combined,Set2,Draw1,5,col5,Combined|Set2|Draw1|col5,E,own,1,3,2,1,5,3,07,2,2,True,1,4,5,5
Ohio4,LS1,Combined,Set2,Draw1,5,col5,Combined|Set2|Draw1|col5,E,own,1,3,2,1,5,4,,0,0,False,1,4,5,5
Ohio4,LS1,Combined,Set2,Draw1,5,col5,Combined|Set2|Draw1|col5,E,combined,1,3,2,1,5,0,99008867,8,5,False,1,7,8,7
Ohio4,LS1,Combined,Set2,Draw1,5,col5,Combined|Set2|Draw1|col5,E,combined,1,3,2,1,5,1,99007,5,3,True,1,7,8,7
Ohio4,LS1,Combined,Set2,Draw1,5,col5,Combined|Set2|Draw1|col5,E,combined,1,3,2,1,5,2,99007,5,3,True,1,7,8,7
Ohio4,LS1,Combined,Set2,Draw1,5,col5,Combined|Set2|Draw1|col5,E,combined,1,3,2,1,5,3,907,3,3,True,1,7,8,7
Ohio4,LS1,Combined,Set2,Draw1,5,col5,Combined|Set2|Draw1|col5,E,combined,1,3,2,1,5,4,7,1,1,True,1,7,8,7
Ohio4,LS1,Combined,Set2,Draw1,5,col5,Combined|Set2|Draw1|col5,E,combined,1,3,2,1,5,5,7,1,1,True,1,7,8,7
Ohio4,LS1,Combined,Set2,Draw1,5,col5,Combined|Set2|Draw1|col5,E,combined,1,3,2,1,5,7,,0,0,False,1,7,8,7
Ohio4,LS1,Combined,Set2,Draw1,5,col5,Combined|Set2|Draw1|col5,T,own,1,3,2,1,5,0,99008867,8,5,False,1,4,5,5
Ohio4,LS1,Combined,Set2,Draw1,5,col5,Combined|Set2|Draw1|col5,T,own,1,3,2,1,5,1,99007,5,3,True,1,4,5,5
Ohio4,LS1,Combined,Set2,Draw1,5,col5,Combined|Set2|Draw1|col5,T,own,1,3,2,1,5,2,7,1,1,True,1,4,5,5
Ohio4,LS1,Combined,Set2,Draw1,5,col5,Combined|Set2|Draw1|col5,T,own,1,3,2,1,5,3,7,1,1,True,1,4,5,5
Ohio4,LS1,Combined,Set2,Draw1,5,col5,Combined|Set2|Draw1|col5,T,own,1,3,2,1,5,4,,0,0,False,1,4,5,5
Ohio4,LS1,Combined,Set2,Draw1,5,col5,Combined|Set2|Draw1|col5,T,combined,1,3,2,1,5,0,99008867,8,5,False,1,7,8,6
Ohio4,LS1,Combined,Set2,Draw1,5,col5,Combined|Set2|Draw1|col5,T,combined,1,3,2,1,5,1,99007,5,3,True,1,7,8,6
Ohio4,LS1,Combined,Set2,Draw1,5,col5,Combined|Set2|Draw1|col5,T,combined,1,3,2,1,5,2,99007,5,3,True,1,7,8,6
Ohio4,LS1,Combined,Set2,Draw1,5,col5,Combined|Set2|Draw1|col5,T,combined,1,3,2,1,5,3,7,1,1,True,1,7,8,6
Ohio4,LS1,Combined,Set2,Draw1,5,col5,Combined|Set2|Draw1|col5,T,combined,1,3,2,1,5,4,7,1,1,True,1,7,8,6
Ohio4,LS1,Combined,Set2,Draw1,5,col5,Combined|Set2|Draw1|col5,T,combined,1,3,2,1,5,7,,0,0,False,1,7,8,6
Ohio4,LS1,Combined,Set2,Draw1,4,col4,Combined|Set2|Draw1|col4,A,own,1,3,2,1,4,0,99008867*,9,6,False,2,4,29,5
Ohio4,LS1,Combined,Set2,Draw1,4,col4,Combined|Set2|Draw1|col4,A,own,1,3,2,1,4,1,99007*,6,4,False,2,4,29,5
Ohio4,LS1,Combined,Set2,Draw1,4,col4,Combined|Set2|Draw1|col4,A,own,1,3,2,1,4,2,7*,2,2,True,2,4,29,5
Ohio4,LS1,Combined,Set2,Draw1,4,col4,Combined|Set2|Draw1|col4,A,own,1,3,2,1,4,3,7*,2,2,True,2,4,29,5
Ohio4,LS1,Combined,Set2,Draw1,4,col4,Combined|Set2|Draw1|col4,A,own,1,3,2,1,4,4,*,1,1,True,2,4,29,5
Ohio4,LS1,Combined,Set2,Draw1,4,col4,Combined|Set2|Draw1|col4,A,combined,1,3,2,1,4,0,99008867*,9,6,False,3,7,57,6
Ohio4,LS1,Combined,Set2,Draw1,4,col4,Combined|Set2|Draw1|col4,A,combined,1,3,2,1,4,1,99007*,6,4,False,3,7,57,6
Ohio4,LS1,Combined,Set2,Draw1,4,col4,Combined|Set2|Draw1|col4,A,combined,1,3,2,1,4,2,99007*,6,4,False,3,7,57,6
Ohio4,LS1,Combined,Set2,Draw1,4,col4,Combined|Set2|Draw1|col4,A,combined,1,3,2,1,4,3,7*,2,2,True,3,7,57,6
Ohio4,LS1,Combined,Set2,Draw1,4,col4,Combined|Set2|Draw1|col4,A,combined,1,3,2,1,4,4,7*,2,2,True,3,7,57,6
Ohio4,LS1,Combined,Set2,Draw1,4,col4,Combined|Set2|Draw1|col4,A,combined,1,3,2,1,4,7,*,1,1,True,3,7,57,6
Ohio4,LS1,Combined,Set2,Draw1,4,col4,Combined|Set2|Draw1|col4,B,own,1,3,2,1,4,0,99008867*,9,6,False,2,4,29,5
Ohio4,LS1,Combined,Set2,Draw1,4,col4,Combined|Set2|Draw1|col4,B,own,1,3,2,1,4,1,99007*,6,4,False,2,4,29,5
Ohio4,LS1,Combined,Set2,Draw1,4,col4,Combined|Set2|Draw1|col4,B,own,1,3,2,1,4,2,7*,2,2,True,2,4,29,5
Ohio4,LS1,Combined,Set2,Draw1,4,col4,Combined|Set2|Draw1|col4,B,own,1,3,2,1,4,3,7*,2,2,True,2,4,29,5
Ohio4,LS1,Combined,Set2,Draw1,4,col4,Combined|Set2|Draw1|col4,B,own,1,3,2,1,4,4,*,1,1,True,2,4,29,5
Ohio4,LS1,Combined,Set2,Draw1,4,col4,Combined|Set2|Draw1|col4,B,combined,1,3,2,1,4,0,99008867*,9,6,False,3,7,57,6
Ohio4,LS1,Combined,Set2,Draw1,4,col4,Combined|Set2|Draw1|col4,B,combined,1,3,2,1,4,1,99007*,6,4,False,3,7,57,6
Ohio4,LS1,Combined,Set2,Draw1,4,col4,Combined|Set2|Draw1|col4,B,combined,1,3,2,1,4,2,99007*,6,4,False,3,7,57,6
Ohio4,LS1,Combined,Set2,Draw1,4,col4,Combined|Set2|Draw1|col4,B,combined,1,3,2,1,4,3,7*,2,2,True,3,7,57,6
Ohio4,LS1,Combined,Set2,Draw1,4,col4,Combined|Set2|Draw1|col4,B,combined,1,3,2,1,4,4,7*,2,2,True,3,7,57,6
Ohio4,LS1,Combined,Set2,Draw1,4,col4,Combined|Set2|Draw1|col4,B,combined,1,3,2,1,4,7,*,1,1,True,3,7,57,6
Ohio4,LS1,Combined,Set2,Draw1,4,col4,Combined|Set2|Draw1|col4,C,own,1,3,2,1,4,0,99008867*,9,6,False,2,4,29,5
Ohio4,LS1,Combined,Set2,Draw1,4,col4,Combined|Set2|Draw1|col4,C,own,1,3,2,1,4,1,99007*,6,4,False,2,4,29,5
Ohio4,LS1,Combined,Set2,Draw1,4,col4,Combined|Set2|Draw1|col4,C,own,1,3,2,1,4,2,7*,2,2,True,2,4,29,5
Ohio4,LS1,Combined,Set2,Draw1,4,col4,Combined|Set2|Draw1|col4,C,own,1,3,2,1,4,3,7*,2,2,True,2,4,29,5
Ohio4,LS1,Combined,Set2,Draw1,4,col4,Combined|Set2|Draw1|col4,C,own,1,3,2,1,4,4,*,1,1,True,2,4,29,5
Ohio4,LS1,Combined,Set2,Draw1,4,col4,Combined|Set2|Draw1|col4,C,combined,1,3,2,1,4,0,99008867*,9,6,False,3,7,57,6
Ohio4,LS1,Combined,Set2,Draw1,4,col4,Combined|Set2|Draw1|col4,C,combined,1,3,2,1,4,1,99007*,6,4,False,3,7,57,6
Ohio4,LS1,Combined,Set2,Draw1,4,col4,Combined|Set2|Draw1|col4,C,combined,1,3,2,1,4,2,99007*,6,4,False,3,7,57,6
Ohio4,LS1,Combined,Set2,Draw1,4,col4,Combined|Set2|Draw1|col4,C,combined,1,3,2,1,4,3,7*,2,2,True,3,7,57,6
Ohio4,LS1,Combined,Set2,Draw1,4,col4,Combined|Set2|Draw1|col4,C,combined,1,3,2,1,4,4,7*,2,2,True,3,7,57,6
Ohio4,LS1,Combined,Set2,Draw1,4,col4,Combined|Set2|Draw1|col4,C,combined,1,3,2,1,4,7,*,1,1,True,3,7,57,6
Ohio4,LS1,Combined,Set2,Draw1,4,col4,Combined|Set2|Draw1|col4,D,own,1,3,2,1,4,0,99008867*,9,6,False,2,4,29,5
Ohio4,LS1,Combined,Set2,Draw1,4,col4,Combined|Set2|Draw1|col4,D,own,1,3,2,1,4,1,99007*,6,4,False,2,4,29,5
Ohio4,LS1,Combined,Set2,Draw1,4,col4,Combined|Set2|Draw1|col4,D,own,1,3,2,1,4,2,7*,2,2,True,2,4,29,5
Ohio4,LS1,Combined,Set2,Draw1,4,col4,Combined|Set2|Draw1|col4,D,own,1,3,2,1,4,3,7*,2,2,True,2,4,29,5
Ohio4,LS1,Combined,Set2,Draw1,4,col4,Combined|Set2|Draw1|col4,D,own,1,3,2,1,4,4,*,1,1,True,2,4,29,5
Ohio4,LS1,Combined,Set2,Draw1,4,col4,Combined|Set2|Draw1|col4,D,combined,1,3,2,1,4,0,99008867*,9,6,False,3,7,57,6
Ohio4,LS1,Combined,Set2,Draw1,4,col4,Combined|Set2|Draw1|col4,D,combined,1,3,2,1,4,1,99007*,6,4,False,3,7,57,6
Ohio4,LS1,Combined,Set2,Draw1,4,col4,Combined|Set2|Draw1|col4,D,combined,1,3,2,1,4,2,99007*,6,4,False,3,7,57,6
Ohio4,LS1,Combined,Set2,Draw1,4,col4,Combined|Set2|Draw1|col4,D,combined,1,3,2,1,4,3,7*,2,2,True,3,7,57,6
Ohio4,LS1,Combined,Set2,Draw1,4,col4,Combined|Set2|Draw1|col4,D,combined,1,3,2,1,4,4,7*,2,2,True,3,7,57,6
Ohio4,LS1,Combined,Set2,Draw1,4,col4,Combined|Set2|Draw1|col4,D,combined,1,3,2,1,4,7,*,1,1,True,3,7,57,6
Ohio4,LS1,Combined,Set2,Draw1,4,col4,Combined|Set2|Draw1|col4,E,own,1,3,2,1,4,0,99008867*,9,6,False,3,4,29,5
Ohio4,LS1,Combined,Set2,Draw1,4,col4,Combined|Set2|Draw1|col4,E,own,1,3,2,1,4,1,99007*,6,4,False,3,4,29,5
Ohio4,LS1,Combined,Set2,Draw1,4,col4,Combined|Set2|Draw1|col4,E,own,1,3,2,1,4,2,907*,4,4,False,3,4,29,5
Ohio4,LS1,Combined,Set2,Draw1,4,col4,Combined|Set2|Draw1|col4,E,own,1,3,2,1,4,3,07*,3,3,True,3,4,29,5
Ohio4,LS1,Combined,Set2,Draw1,4,col4,Combined|Set2|Draw1|col4,E,own,1,3,2,1,4,4,*,1,1,True,3,4,29,5
Ohio4,LS1,Combined,Set2,Draw1,4,col4,Combined|Set2|Draw1|col4,E,combined,1,3,2,1,4,0,99008867*,9,6,False,4,7,57,7
Ohio4,LS1,Combined,Set2,Draw1,4,col4,Combined|Set2|Draw1|col4,E,combined,1,3,2,1,4,1,99007*,6,4,False,4,7,57,7
Ohio4,LS1,Combined,Set2,Draw1,4,col4,Combined|Set2|Draw1|col4,E,combined,1,3,2,1,4,2,99007*,6,4,False,4,7,57,7
Ohio4,LS1,Combined,Set2,Draw1,4,col4,Combined|Set2|Draw1|col4,E,combined,1,3,2,1,4,3,907*,4,4,False,4,7,57,7
Ohio4,LS1,Combined,Set2,Draw1,4,col4,Combined|Set2|Draw1|col4,E,combined,1,3,2,1,4,4,7*,2,2,True,4,7,57,7
Ohio4,LS1,Combined,Set2,Draw1,4,col4,Combined|Set2|Draw1|col4,E,combined,1,3,2,1,4,5,7*,2,2,True,4,7,57,7
Ohio4,LS1,Combined,Set2,Draw1,4,col4,Combined|Set2|Draw1|col4,E,combined,1,3,2,1,4,7,*,1,1,True,4,7,57,7
Ohio4,LS1,Combined,Set2,Draw1,4,col4,Combined|Set2|Draw1|col4,T,own,1,3,2,1,4,0,99008867*,9,6,False,2,4,29,5
Ohio4,LS1,Combined,Set2,Draw1,4,col4,Combined|Set2|Draw1|col4,T,own,1,3,2,1,4,1,99007*,6,4,False,2,4,29,5
Ohio4,LS1,Combined,Set2,Draw1,4,col4,Combined|Set2|Draw1|col4,T,own,1,3,2,1,4,2,7*,2,2,True,2,4,29,5
Ohio4,LS1,Combined,Set2,Draw1,4,col4,Combined|Set2|Draw1|col4,T,own,1,3,2,1,4,3,7*,2,2,True,2,4,29,5
Ohio4,LS1,Combined,Set2,Draw1,4,col4,Combined|Set2|Draw1|col4,T,own,1,3,2,1,4,4,*,1,1,True,2,4,29,5
Ohio4,LS1,Combined,Set2,Draw1,4,col4,Combined|Set2|Draw1|col4,T,combined,1,3,2,1,4,0,99008867*,9,6,False,3,7,57,6
Ohio4,LS1,Combined,Set2,Draw1,4,col4,Combined|Set2|Draw1|col4,T,combined,1,3,2,1,4,1,99007*,6,4,False,3,7,57,6
Ohio4,LS1,Combined,Set2,Draw1,4,col4,Combined|Set2|Draw1|col4,T,combined,1,3,2,1,4,2,99007*,6,4,False,3,7,57,6
Ohio4,LS1,Combined,Set2,Draw1,4,col4,Combined|Set2|Draw1|col4,T,combined,1,3,2,1,4,3,7*,2,2,True,3,7,57,6
Ohio4,LS1,Combined,Set2,Draw1,4,col4,Combined|Set2|Draw1|col4,T,combined,1,3,2,1,4,4,7*,2,2,True,3,7,57,6
Ohio4,LS1,Combined,Set2,Draw1,4,col4,Combined|Set2|Draw1|col4,T,combined,1,3,2,1,4,7,*,1,1,True,3,7,57,6
Ohio4,LS1,Combined,Set2,Draw1,2,col2,Combined|Set2|Draw1|col2,A,own,1,3,2,1,2,0,086*,4,4,False,1,2,29,3
Ohio4,LS1,Combined,Set2,Draw1,2,col2,Combined|Set2|Draw1|col2,A,own,1,3,2,1,2,1,0*,2,2,True,1,2,29,3
Ohio4,LS1,Combined,Set2,Draw1,2,col2,Combined|Set2|Draw1|col2,A,own,1,3,2,1,2,2,*,1,1,True,1,2,29,3
Ohio4,LS1,Combined,Set2,Draw1,2,col2,Combined|Set2|Draw1|col2,A,combined,1,3,2,1,2,0,086*,4,4,False,1,3,57,4
Ohio4,LS1,Combined,Set2,Draw1,2,col2,Combined|Set2|Draw1|col2,A,combined,1,3,2,1,2,1,0*,2,2,True,1,3,57,4
Ohio4,LS1,Combined,Set2,Draw1,2,col2,Combined|Set2|Draw1|col2,A,combined,1,3,2,1,2,2,0*,2,2,True,1,3,57,4
Ohio4,LS1,Combined,Set2,Draw1,2,col2,Combined|Set2|Draw1|col2,A,combined,1,3,2,1,2,3,*,1,1,True,1,3,57,4
Ohio4,LS1,Combined,Set2,Draw1,2,col2,Combined|Set2|Draw1|col2,B,own,1,3,2,1,2,0,086*,4,4,False,1,2,29,3
Ohio4,LS1,Combined,Set2,Draw1,2,col2,Combined|Set2|Draw1|col2,B,own,1,3,2,1,2,1,0*,2,2,True,1,2,29,3
Ohio4,LS1,Combined,Set2,Draw1,2,col2,Combined|Set2|Draw1|col2,B,own,1,3,2,1,2,2,*,1,1,True,1,2,29,3
Ohio4,LS1,Combined,Set2,Draw1,2,col2,Combined|Set2|Draw1|col2,B,combined,1,3,2,1,2,0,086*,4,4,False,1,3,57,4
Ohio4,LS1,Combined,Set2,Draw1,2,col2,Combined|Set2|Draw1|col2,B,combined,1,3,2,1,2,1,0*,2,2,True,1,3,57,4
Ohio4,LS1,Combined,Set2,Draw1,2,col2,Combined|Set2|Draw1|col2,B,combined,1,3,2,1,2,2,0*,2,2,True,1,3,57,4
Ohio4,LS1,Combined,Set2,Draw1,2,col2,Combined|Set2|Draw1|col2,B,combined,1,3,2,1,2,3,*,1,1,True,1,3,57,4
Ohio4,LS1,Combined,Set2,Draw1,2,col2,Combined|Set2|Draw1|col2,C,own,1,3,2,1,2,0,086*,4,4,False,1,2,29,3
Ohio4,LS1,Combined,Set2,Draw1,2,col2,Combined|Set2|Draw1|col2,C,own,1,3,2,1,2,1,0*,2,2,True,1,2,29,3
Ohio4,LS1,Combined,Set2,Draw1,2,col2,Combined|Set2|Draw1|col2,C,own,1,3,2,1,2,2,*,1,1,True,1,2,29,3
Ohio4,LS1,Combined,Set2,Draw1,2,col2,Combined|Set2|Draw1|col2,C,combined,1,3,2,1,2,0,086*,4,4,False,1,3,57,4
Ohio4,LS1,Combined,Set2,Draw1,2,col2,Combined|Set2|Draw1|col2,C,combined,1,3,2,1,2,1,0*,2,2,True,1,3,57,4
Ohio4,LS1,Combined,Set2,Draw1,2,col2,Combined|Set2|Draw1|col2,C,combined,1,3,2,1,2,2,0*,2,2,True,1,3,57,4
Ohio4,LS1,Combined,Set2,Draw1,2,col2,Combined|Set2|Draw1|col2,C,combined,1,3,2,1,2,3,*,1,1,True,1,3,57,4
Ohio4,LS1,Combined,Set2,Draw1,2,col2,Combined|Set2|Draw1|col2,D,own,1,3,2,1,2,0,086*,4,4,False,1,2,29,3
Ohio4,LS1,Combined,Set2,Draw1,2,col2,Combined|Set2|Draw1|col2,D,own,1,3,2,1,2,1,0*,2,2,True,1,2,29,3
Ohio4,LS1,Combined,Set2,Draw1,2,col2,Combined|Set2|Draw1|col2,D,own,1,3,2,1,2,2,*,1,1,True,1,2,29,3
Ohio4,LS1,Combined,Set2,Draw1,2,col2,Combined|Set2|Draw1|col2,D,combined,1,3,2,1,2,0,086*,4,4,False,1,3,57,4
Ohio4,LS1,Combined,Set2,Draw1,2,col2,Combined|Set2|Draw1|col2,D,combined,1,3,2,1,2,1,0*,2,2,True,1,3,57,4
Ohio4,LS1,Combined,Set2,Draw1,2,col2,Combined|Set2|Draw1|col2,D,combined,1,3,2,1,2,2,0*,2,2,True,1,3,57,4
Ohio4,LS1,Combined,Set2,Draw1,2,col2,Combined|Set2|Draw1|col2,D,combined,1,3,2,1,2,3,*,1,1,True,1,3,57,4
Ohio4,LS1,Combined,Set2,Draw1,2,col2,Combined|Set2|Draw1|col2,E,own,1,3,2,1,2,0,086*,4,4,False,1,2,29,3
Ohio4,LS1,Combined,Set2,Draw1,2,col2,Combined|Set2|Draw1|col2,E,own,1,3,2,1,2,1,0*,2,2,True,1,2,29,3
Ohio4,LS1,Combined,Set2,Draw1,2,col2,Combined|Set2|Draw1|col2,E,own,1,3,2,1,2,2,*,1,1,True,1,2,29,3
Ohio4,LS1,Combined,Set2,Draw1,2,col2,Combined|Set2|Draw1|col2,E,combined,1,3,2,1,2,0,086*,4,4,False,1,3,57,4
Ohio4,LS1,Combined,Set2,Draw1,2,col2,Combined|Set2|Draw1|col2,E,combined,1,3,2,1,2,1,0*,2,2,True,1,3,57,4
Ohio4,LS1,Combined,Set2,Draw1,2,col2,Combined|Set2|Draw1|col2,E,combined,1,3,2,1,2,2,0*,2,2,True,1,3,57,4
Ohio4,LS1,Combined,Set2,Draw1,2,col2,Combined|Set2|Draw1|col2,E,combined,1,3,2,1,2,3,*,1,1,True,1,3,57,4
Ohio4,LS1,Combined,Set2,Draw1,2,col2,Combined|Set2|Draw1|col2,T,own,1,3,2,1,2,0,086*,4,4,False,1,2,29,3
Ohio4,LS1,Combined,Set2,Draw1,2,col2,Combined|Set2|Draw1|col2,T,own,1,3,2,1,2,1,0*,2,2,True,1,2,29,3
Ohio4,LS1,Combined,Set2,Draw1,2,col2,Combined|Set2|Draw1|col2,T,own,1,3,2,1,2,2,*,1,1,True,1,2,29,3
Ohio4,LS1,Combined,Set2,Draw1,2,col2,Combined|Set2|Draw1|col2,T,combined,1,3,2,1,2,0,086*,4,4,False,1,3,57,4
Ohio4,LS1,Combined,Set2,Draw1,2,col2,Combined|Set2|Draw1|col2,T,combined,1,3,2,1,2,1,0*,2,2,True,1,3,57,4
Ohio4,LS1,Combined,Set2,Draw1,2,col2,Combined|Set2|Draw1|col2,T,combined,1,3,2,1,2,2,0*,2,2,True,1,3,57,4
Ohio4,LS1,Combined,Set2,Draw1,2,col2,Combined|Set2|Draw1|col2,T,combined,1,3,2,1,2,3,*,1,1,True,1,3,57,4
Ohio4,LS1,Combined,Set2,Draw1,3,col3,Combined|Set2|Draw1|col3,A,own,1,3,2,1,3,0,990886*,7,5,False,1,2,29,3
Ohio4,LS1,Combined,Set2,Draw1,3,col3,Combined|Set2|Draw1|col3,A,own,1,3,2,1,3,1,990*,4,3,True,1,2,29,3
Ohio4,LS1,Combined,Set2,Draw1,3,col3,Combined|Set2|Draw1|col3,A,own,1,3,2,1,3,2,*,1,1,True,1,2,29,3
Ohio4,LS1,Combined,Set2,Draw1,3,col3,Combined|Set2|Draw1|col3,A,combined,1,3,2,1,3,0,990886*,7,5,False,1,3,57,4
Ohio4,LS1,Combined,Set2,Draw1,3,col3,Combined|Set2|Draw1|col3,A,combined,1,3,2,1,3,1,990*,4,3,True,1,3,57,4
Ohio4,LS1,Combined,Set2,Draw1,3,col3,Combined|Set2|Draw1|col3,A,combined,1,3,2,1,3,2,990*,4,3,True,1,3,57,4
Ohio4,LS1,Combined,Set2,Draw1,3,col3,Combined|Set2|Draw1|col3,A,combined,1,3,2,1,3,3,*,1,1,True,1,3,57,4
Ohio4,LS1,Combined,Set2,Draw1,3,col3,Combined|Set2|Draw1|col3,B,own,1,3,2,1,3,0,990886*,7,5,False,1,2,29,3
Ohio4,LS1,Combined,Set2,Draw1,3,col3,Combined|Set2|Draw1|col3,B,own,1,3,2,1,3,1,990*,4,3,True,1,2,29,3
Ohio4,LS1,Combined,Set2,Draw1,3,col3,Combined|Set2|Draw1|col3,B,own,1,3,2,1,3,2,*,1,1,True,1,2,29,3
Ohio4,LS1,Combined,Set2,Draw1,3,col3,Combined|Set2|Draw1|col3,B,combined,1,3,2,1,3,0,990886*,7,5,False,1,3,57,4
Ohio4,LS1,Combined,Set2,Draw1,3,col3,Combined|Set2|Draw1|col3,B,combined,1,3,2,1,3,1,990*,4,3,True,1,3,57,4
Ohio4,LS1,Combined,Set2,Draw1,3,col3,Combined|Set2|Draw1|col3,B,combined,1,3,2,1,3,2,990*,4,3,True,1,3,57,4
Ohio4,LS1,Combined,Set2,Draw1,3,col3,Combined|Set2|Draw1|col3,B,combined,1,3,2,1,3,3,*,1,1,True,1,3,57,4
Ohio4,LS1,Combined,Set2,Draw1,3,col3,Combined|Set2|Draw1|col3,C,own,1,3,2,1,3,0,990886*,7,5,False,1,2,29,3
Ohio4,LS1,Combined,Set2,Draw1,3,col3,Combined|Set2|Draw1|col3,C,own,1,3,2,1,3,1,990*,4,3,True,1,2,29,3
Ohio4,LS1,Combined,Set2,Draw1,3,col3,Combined|Set2|Draw1|col3,C,own,1,3,2,1,3,2,*,1,1,True,1,2,29,3
Ohio4,LS1,Combined,Set2,Draw1,3,col3,Combined|Set2|Draw1|col3,C,combined,1,3,2,1,3,0,990886*,7,5,False,1,3,57,4
Ohio4,LS1,Combined,Set2,Draw1,3,col3,Combined|Set2|Draw1|col3,C,combined,1,3,2,1,3,1,990*,4,3,True,1,3,57,4
Ohio4,LS1,Combined,Set2,Draw1,3,col3,Combined|Set2|Draw1|col3,C,combined,1,3,2,1,3,2,990*,4,3,True,1,3,57,4
Ohio4,LS1,Combined,Set2,Draw1,3,col3,Combined|Set2|Draw1|col3,C,combined,1,3,2,1,3,3,*,1,1,True,1,3,57,4
Ohio4,LS1,Combined,Set2,Draw1,3,col3,Combined|Set2|Draw1|col3,D,own,1,3,2,1,3,0,990886*,7,5,False,1,2,29,3
Ohio4,LS1,Combined,Set2,Draw1,3,col3,Combined|Set2|Draw1|col3,D,own,1,3,2,1,3,1,990*,4,3,True,1,2,29,3
Ohio4,LS1,Combined,Set2,Draw1,3,col3,Combined|Set2|Draw1|col3,D,own,1,3,2,1,3,2,*,1,1,True,1,2,29,3
Ohio4,LS1,Combined,Set2,Draw1,3,col3,Combined|Set2|Draw1|col3,D,combined,1,3,2,1,3,0,990886*,7,5,False,1,3,57,4
Ohio4,LS1,Combined,Set2,Draw1,3,col3,Combined|Set2|Draw1|col3,D,combined,1,3,2,1,3,1,990*,4,3,True,1,3,57,4
Ohio4,LS1,Combined,Set2,Draw1,3,col3,Combined|Set2|Draw1|col3,D,combined,1,3,2,1,3,2,990*,4,3,True,1,3,57,4
Ohio4,LS1,Combined,Set2,Draw1,3,col3,Combined|Set2|Draw1|col3,D,combined,1,3,2,1,3,3,*,1,1,True,1,3,57,4
Ohio4,LS1,Combined,Set2,Draw1,3,col3,Combined|Set2|Draw1|col3,E,own,1,3,2,1,3,0,990886*,7,5,False,1,3,29,4
Ohio4,LS1,Combined,Set2,Draw1,3,col3,Combined|Set2|Draw1|col3,E,own,1,3,2,1,3,1,990*,4,3,True,1,3,29,4
Ohio4,LS1,Combined,Set2,Draw1,3,col3,Combined|Set2|Draw1|col3,E,own,1,3,2,1,3,2,9*,2,2,True,1,3,29,4
Ohio4,LS1,Combined,Set2,Draw1,3,col3,Combined|Set2|Draw1|col3,E,own,1,3,2,1,3,3,*,1,1,True,1,3,29,4
Ohio4,LS1,Combined,Set2,Draw1,3,col3,Combined|Set2|Draw1|col3,E,combined,1,3,2,1,3,0,990886*,7,5,False,1,4,57,5
Ohio4,LS1,Combined,Set2,Draw1,3,col3,Combined|Set2|Draw1|col3,E,combined,1,3,2,1,3,1,990*,4,3,True,1,4,57,5
Ohio4,LS1,Combined,Set2,Draw1,3,col3,Combined|Set2|Draw1|col3,E,combined,1,3,2,1,3,2,990*,4,3,True,1,4,57,5
Ohio4,LS1,Combined,Set2,Draw1,3,col3,Combined|Set2|Draw1|col3,E,combined,1,3,2,1,3,3,9*,2,2,True,1,4,57,5
Ohio4,LS1,Combined,Set2,Draw1,3,col3,Combined|Set2|Draw1|col3,E,combined,1,3,2,1,3,4,*,1,1,True,1,4,57,5
Ohio4,LS1,Combined,Set2,Draw1,3,col3,Combined|Set2|Draw1|col3,T,own,1,3,2,1,3,0,990886*,7,5,False,1,2,29,3
Ohio4,LS1,Combined,Set2,Draw1,3,col3,Combined|Set2|Draw1|col3,T,own,1,3,2,1,3,1,990*,4,3,True,1,2,29,3
Ohio4,LS1,Combined,Set2,Draw1,3,col3,Combined|Set2|Draw1|col3,T,own,1,3,2,1,3,2,*,1,1,True,1,2,29,3
Ohio4,LS1,Combined,Set2,Draw1,3,col3,Combined|Set2|Draw1|col3,T,combined,1,3,2,1,3,0,990886*,7,5,False,1,3,57,4
Ohio4,LS1,Combined,Set2,Draw1,3,col3,Combined|Set2|Draw1|col3,T,combined,1,3,2,1,3,1,990*,4,3,True,1,3,57,4
Ohio4,LS1,Combined,Set2,Draw1,3,col3,Combined|Set2|Draw1|col3,T,combined,1,3,2,1,3,2,990*,4,3,True,1,3,57,4
Ohio4,LS1,Combined,Set2,Draw1,3,col3,Combined|Set2|Draw1|col3,T,combined,1,3,2,1,3,3,*,1,1,True,1,3,57,4
Ohio4,LS1,Combined,Set1,Draw1,7,col7,Combined|Set1|Draw1|col7,A,own,1,3,1,1,7,0,992200118867,12,7,False,2,5,6,6
Ohio4,LS1,Combined,Set1,Draw1,7,col7,Combined|Set1|Draw1|col7,A,own,1,3,1,1,7,1,992200117,9,5,False,2,5,6,6
Ohio4,LS1,Combined,Set1,Draw1,7,col7,Combined|Set1|Draw1|col7,A,own,1,3,1,1,7,2,22117,5,3,True,2,5,6,6
Ohio4,LS1,Combined,Set1,Draw1,7,col7,Combined|Set1|Draw1|col7,A,own,1,3,1,1,7,3,22117,5,3,True,2,5,6,6
Ohio4,LS1,Combined,Set1,Draw1,7,col7,Combined|Set1|Draw1|col7,A,own,1,3,1,1,7,4,11,2,1,True,2,5,6,6
Ohio4,LS1,Combined,Set1,Draw1,7,col7,Combined|Set1|Draw1|col7,A,own,1,3,1,1,7,5,,0,0,False,2,5,6,6
Ohio4,LS1,Combined,Set1,Draw1,7,col7,Combined|Set1|Draw1|col7,A,combined,1,3,1,1,7,0,992200118867,12,7,False,3,9,10,10
Ohio4,LS1,Combined,Set1,Draw1,7,col7,Combined|Set1|Draw1|col7,A,combined,1,3,1,1,7,1,992200117,9,5,False,3,9,10,10
Ohio4,LS1,Combined,Set1,Draw1,7,col7,Combined|Set1|Draw1|col7,A,combined,1,3,1,1,7,2,992200117,9,5,False,3,9,10,10
Ohio4,LS1,Combined,Set1,Draw1,7,col7,Combined|Set1|Draw1|col7,A,combined,1,3,1,1,7,3,22117,5,3,True,3,9,10,10
Ohio4,LS1,Combined,Set1,Draw1,7,col7,Combined|Set1|Draw1|col7,A,combined,1,3,1,1,7,4,22117,5,3,True,3,9,10,10
Ohio4,LS1,Combined,Set1,Draw1,7,col7,Combined|Set1|Draw1|col7,A,combined,1,3,1,1,7,5,22117,5,3,True,3,9,10,10
Ohio4,LS1,Combined,Set1,Draw1,7,col7,Combined|Set1|Draw1|col7,A,combined,1,3,1,1,7,6,22117,5,3,True,3,9,10,10
Ohio4,LS1,Combined,Set1,Draw1,7,col7,Combined|Set1|Draw1|col7,A,combined,1,3,1,1,7,7,11,2,1,True,3,9,10,10
Ohio4,LS1,Combined,Set1,Draw1,7,col7,Combined|Set1|Draw1|col7,A,combined,1,3,1,1,7,8,11,2,1,True,3,9,10,10
Ohio4,LS1,Combined,Set1,Draw1,7,col7,Combined|Set1|Draw1|col7,A,combined,1,3,1,1,7,9,,0,0,False,3,9,10,10
Ohio4,LS1,Combined,Set1,Draw1,7,col7,Combined|Set1|Draw1|col7,B,own,1,3,1,1,7,0,992200118867,12,7,False,2,4,5,5
Ohio4,LS1,Combined,Set1,Draw1,7,col7,Combined|Set1|Draw1|col7,B,own,1,3,1,1,7,1,992200117,9,5,False,2,4,5,5
Ohio4,LS1,Combined,Set1,Draw1,7,col7,Combined|Set1|Draw1|col7,B,own,1,3,1,1,7,2,227,3,2,True,2,4,5,5
Ohio4,LS1,Combined,Set1,Draw1,7,col7,Combined|Set1|Draw1|col7,B,own,1,3,1,1,7,3,227,3,2,True,2,4,5,5
Ohio4,LS1,Combined,Set1,Draw1,7,col7,Combined|Set1|Draw1|col7,B,own,1,3,1,1,7,4,,0,0,False,2,4,5,5
Ohio4,LS1,Combined,Set1,Draw1,7,col7,Combined|Set1|Draw1|col7,B,combined,1,3,1,1,7,0,992200118867,12,7,False,3,7,8,6
Ohio4,LS1,Combined,Set1,Draw1,7,col7,Combined|Set1|Draw1|col7,B,combined,1,3,1,1,7,1,992200117,9,5,False,3,7,8,6
Ohio4,LS1,Combined,Set1,Draw1,7,col7,Combined|Set1|Draw1|col7,B,combined,1,3,1,1,7,2,9922007,7,4,False,3,7,8,6
Ohio4,LS1,Combined,Set1,Draw1,7,col7,Combined|Set1|Draw1|col7,B,combined,1,3,1,1,7,3,227,3,2,True,3,7,8,6
Ohio4,LS1,Combined,Set1,Draw1,7,col7,Combined|Set1|Draw1|col7,B,combined,1,3,1,1,7,4,227,3,2,True,3,7,8,6
Ohio4,LS1,Combined,Set1,Draw1,7,col7,Combined|Set1|Draw1|col7,B,combined,1,3,1,1,7,7,,0,0,False,3,7,8,6
Ohio4,LS1,Combined,Set1,Draw1,7,col7,Combined|Set1|Draw1|col7,C,own,1,3,1,1,7,0,992200118867,12,7,False,2,4,5,5
Ohio4,LS1,Combined,Set1,Draw1,7,col7,Combined|Set1|Draw1|col7,C,own,1,3,1,1,7,1,9922007,7,4,False,2,4,5,5
Ohio4,LS1,Combined,Set1,Draw1,7,col7,Combined|Set1|Draw1|col7,C,own,1,3,1,1,7,2,227,3,2,True,2,4,5,5
Ohio4,LS1,Combined,Set1,Draw1,7,col7,Combined|Set1|Draw1|col7,C,own,1,3,1,1,7,3,227,3,2,True,2,4,5,5
Ohio4,LS1,Combined,Set1,Draw1,7,col7,Combined|Set1|Draw1|col7,C,own,1,3,1,1,7,4,,0,0,False,2,4,5,5
Ohio4,LS1,Combined,Set1,Draw1,7,col7,Combined|Set1|Draw1|col7,C,combined,1,3,1,1,7,0,992200118867,12,7,False,3,7,8,6
Ohio4,LS1,Combined,Set1,Draw1,7,col7,Combined|Set1|Draw1|col7,C,combined,1,3,1,1,7,1,9922007,7,4,False,3,7,8,6
Ohio4,LS1,Combined,Set1,Draw1,7,col7,Combined|Set1|Draw1|col7,C,combined,1,3,1,1,7,2,9922007,7,4,False,3,7,8,6
Ohio4,LS1,Combined,Set1,Draw1,7,col7,Combined|Set1|Draw1|col7,C,combined,1,3,1,1,7,3,227,3,2,True,3,7,8,6
Ohio4,LS1,Combined,Set1,Draw1,7,col7,Combined|Set1|Draw1|col7,C,combined,1,3,1,1,7,4,227,3,2,True,3,7,8,6
Ohio4,LS1,Combined,Set1,Draw1,7,col7,Combined|Set1|Draw1|col7,C,combined,1,3,1,1,7,7,,0,0,False,3,7,8,6
Ohio4,LS1,Combined,Set1,Draw1,7,col7,Combined|Set1|Draw1|col7,D,own,1,3,1,1,7,0,992200118867,12,7,False,2,4,5,5
Ohio4,LS1,Combined,Set1,Draw1,7,col7,Combined|Set1|Draw1|col7,D,own,1,3,1,1,7,1,99220017,8,5,False,2,4,5,5
Ohio4,LS1,Combined,Set1,Draw1,7,col7,Combined|Set1|Draw1|col7,D,own,1,3,1,1,7,2,227,3,2,True,2,4,5,5
Ohio4,LS1,Combined,Set1,Draw1,7,col7,Combined|Set1|Draw1|col7,D,own,1,3,1,1,7,3,227,3,2,True,2,4,5,5
Ohio4,LS1,Combined,Set1,Draw1,7,col7,Combined|Set1|Draw1|col7,D,own,1,3,1,1,7,4,,0,0,False,2,4,5,5
Ohio4,LS1,Combined,Set1,Draw1,7,col7,Combined|Set1|Draw1|col7,D,combined,1,3,1,1,7,0,992200118867,12,7,False,3,7,8,6
Ohio4,LS1,Combined,Set1,Draw1,7,col7,Combined|Set1|Draw1|col7,D,combined,1,3,1,1,7,1,99220017,8,5,False,3,7,8,6
Ohio4,LS1,Combined,Set1,Draw1,7,col7,Combined|Set1|Draw1|col7,D,combined,1,3,1,1,7,2,9922007,7,4,False,3,7,8,6
Ohio4,LS1,Combined,Set1,Draw1,7,col7,Combined|Set1|Draw1|col7,D,combined,1,3,1,1,7,3,227,3,2,True,3,7,8,6
Ohio4,LS1,Combined,Set1,Draw1,7,col7,Combined|Set1|Draw1|col7,D,combined,1,3,1,1,7,4,227,3,2,True,3,7,8,6
Ohio4,LS1,Combined,Set1,Draw1,7,col7,Combined|Set1|Draw1|col7,D,combined,1,3,1,1,7,7,,0,0,False,3,7,8,6
Ohio4,LS1,Combined,Set1,Draw1,7,col7,Combined|Set1|Draw1|col7,E,own,1,3,1,1,7,0,992200118867,12,7,False,4,5,6,6
Ohio4,LS1,Combined,Set1,Draw1,7,col7,Combined|Set1|Draw1|col7,E,own,1,3,1,1,7,1,992200117,9,5,False,4,5,6,6
Ohio4,LS1,Combined,Set1,Draw1,7,col7,Combined|Set1|Draw1|col7,E,own,1,3,1,1,7,2,922017,6,5,False,4,5,6,6
Ohio4,LS1,Combined,Set1,Draw1,7,col7,Combined|Set1|Draw1|col7,E,own,1,3,1,1,7,3,22017,5,4,False,4,5,6,6
Ohio4,LS1,Combined,Set1,Draw1,7,col7,Combined|Set1|Draw1|col7,E,own,1,3,1,1,7,4,21,2,2,True,4,5,6,6
Ohio4,LS1,Combined,Set1,Draw1,7,col7,Combined|Set1|Draw1|col7,E,own,1,3,1,1,7,5,,0,0,False,4,5,6,6
Ohio4,LS1,Combined,Set1,Draw1,7,col7,Combined|Set1|Draw1|col7,E,combined,1,3,1,1,7,0,992200118867,12,7,False,4,8,9,8
Ohio4,LS1,Combined,Set1,Draw1,7,col7,Combined|Set1|Draw1|col7,E,combined,1,3,1,1,7,1,992200117,9,5,False,4,8,9,8
Ohio4,LS1,Combined,Set1,Draw1,7,col7,Combined|Set1|Draw1|col7,E,combined,1,3,1,1,7,2,99220017,8,5,False,4,8,9,8
Ohio4,LS1,Combined,Set1,Draw1,7,col7,Combined|Set1|Draw1|col7,E,combined,1,3,1,1,7,3,92207,5,4,False,4,8,9,8
Ohio4,LS1,Combined,Set1,Draw1,7,col7,Combined|Set1|Draw1|col7,E,combined,1,3,1,1,7,4,227,3,2,True,4,8,9,8
Ohio4,LS1,Combined,Set1,Draw1,7,col7,Combined|Set1|Draw1|col7,E,combined,1,3,1,1,7,5,227,3,2,True,4,8,9,8
Ohio4,LS1,Combined,Set1,Draw1,7,col7,Combined|Set1|Draw1|col7,E,combined,1,3,1,1,7,7,2,1,1,True,4,8,9,8
Ohio4,LS1,Combined,Set1,Draw1,7,col7,Combined|Set1|Draw1|col7,E,combined,1,3,1,1,7,8,,0,0,False,4,8,9,8
Ohio4,LS1,Combined,Set1,Draw1,7,col7,Combined|Set1|Draw1|col7,T,own,1,3,1,1,7,0,992200118867,12,7,False,2,4,5,5
Ohio4,LS1,Combined,Set1,Draw1,7,col7,Combined|Set1|Draw1|col7,T,own,1,3,1,1,7,1,9922007,7,4,False,2,4,5,5
Ohio4,LS1,Combined,Set1,Draw1,7,col7,Combined|Set1|Draw1|col7,T,own,1,3,1,1,7,2,227,3,2,True,2,4,5,5
Ohio4,LS1,Combined,Set1,Draw1,7,col7,Combined|Set1|Draw1|col7,T,own,1,3,1,1,7,3,227,3,2,True,2,4,5,5
Ohio4,LS1,Combined,Set1,Draw1,7,col7,Combined|Set1|Draw1|col7,T,own,1,3,1,1,7,4,,0,0,False,2,4,5,5
Ohio4,LS1,Combined,Set1,Draw1,7,col7,Combined|Set1|Draw1|col7,T,combined,1,3,1,1,7,0,992200118867,12,7,False,3,7,8,6
Ohio4,LS1,Combined,Set1,Draw1,7,col7,Combined|Set1|Draw1|col7,T,combined,1,3,1,1,7,1,9922007,7,4,False,3,7,8,6
Ohio4,LS1,Combined,Set1,Draw1,7,col7,Combined|Set1|Draw1|col7,T,combined,1,3,1,1,7,2,9922007,7,4,False,3,7,8,6
Ohio4,LS1,Combined,Set1,Draw1,7,col7,Combined|Set1|Draw1|col7,T,combined,1,3,1,1,7,3,227,3,2,True,3,7,8,6
Ohio4,LS1,Combined,Set1,Draw1,7,col7,Combined|Set1|Draw1|col7,T,combined,1,3,1,1,7,4,227,3,2,True,3,7,8,6
Ohio4,LS1,Combined,Set1,Draw1,7,col7,Combined|Set1|Draw1|col7,T,combined,1,3,1,1,7,7,,0,0,False,3,7,8,6
Ohio4,LS1,Combined,Set1,Draw1,6,col6,Combined|Set1|Draw1|col6,A,own,1,3,1,1,6,0,992008867,9,6,False,2,4,5,5
Ohio4,LS1,Combined,Set1,Draw1,6,col6,Combined|Set1|Draw1|col6,A,own,1,3,1,1,6,1,992007,6,4,False,2,4,5,5
Ohio4,LS1,Combined,Set1,Draw1,6,col6,Combined|Set1|Draw1|col6,A,own,1,3,1,1,6,2,27,2,2,True,2,4,5,5
Ohio4,LS1,Combined,Set1,Draw1,6,col6,Combined|Set1|Draw1|col6,A,own,1,3,1,1,6,3,27,2,2,True,2,4,5,5
Ohio4,LS1,Combined,Set1,Draw1,6,col6,Combined|Set1|Draw1|col6,A,own,1,3,1,1,6,4,,0,0,False,2,4,5,5
Ohio4,LS1,Combined,Set1,Draw1,6,col6,Combined|Set1|Draw1|col6,A,combined,1,3,1,1,6,0,992008867,9,6,False,3,7,8,6
Ohio4,LS1,Combined,Set1,Draw1,6,col6,Combined|Set1|Draw1|col6,A,combined,1,3,1,1,6,1,992007,6,4,False,3,7,8,6
Ohio4,LS1,Combined,Set1,Draw1,6,col6,Combined|Set1|Draw1|col6,A,combined,1,3,1,1,6,2,992007,6,4,False,3,7,8,6
Ohio4,LS1,Combined,Set1,Draw1,6,col6,Combined|Set1|Draw1|col6,A,combined,1,3,1,1,6,3,27,2,2,True,3,7,8,6
Ohio4,LS1,Combined,Set1,Draw1,6,col6,Combined|Set1|Draw1|col6,A,combined,1,3,1,1,6,4,27,2,2,True,3,7,8,6
Ohio4,LS1,Combined,Set1,Draw1,6,col6,Combined|Set1|Draw1|col6,A,combined,1,3,1,1,6,7,,0,0,False,3,7,8,6
Ohio4,LS1,Combined,Set1,Draw1,6,col6,Combined|Set1|Draw1|col6,B,own,1,3,1,1,6,0,992008867,9,6,False,2,4,5,5
Ohio4,LS1,Combined,Set1,Draw1,6,col6,Combined|Set1|Draw1|col6,B,own,1,3,1,1,6,1,992007,6,4,False,2,4,5,5
Ohio4,LS1,Combined,Set1,Draw1,6,col6,Combined|Set1|Draw1|col6,B,own,1,3,1,1,6,2,27,2,2,True,2,4,5,5
Ohio4,LS1,Combined,Set1,Draw1,6,col6,Combined|Set1|Draw1|col6,B,own,1,3,1,1,6,3,27,2,2,True,2,4,5,5
Ohio4,LS1,Combined,Set1,Draw1,6,col6,Combined|Set1|Draw1|col6,B,own,1,3,1,1,6,4,,0,0,False,2,4,5,5
Ohio4,LS1,Combined,Set1,Draw1,6,col6,Combined|Set1|Draw1|col6,B,combined,1,3,1,1,6,0,992008867,9,6,False,3,7,8,6
Ohio4,LS1,Combined,Set1,Draw1,6,col6,Combined|Set1|Draw1|col6,B,combined,1,3,1,1,6,1,992007,6,4,False,3,7,8,6
Ohio4,LS1,Combined,Set1,Draw1,6,col6,Combined|Set1|Draw1|col6,B,combined,1,3,1,1,6,2,992007,6,4,False,3,7,8,6
Ohio4,LS1,Combined,Set1,Draw1,6,col6,Combined|Set1|Draw1|col6,B,combined,1,3,1,1,6,3,27,2,2,True,3,7,8,6
Ohio4,LS1,Combined,Set1,Draw1,6,col6,Combined|Set1|Draw1|col6,B,combined,1,3,1,1,6,4,27,2,2,True,3,7,8,6
Ohio4,LS1,Combined,Set1,Draw1,6,col6,Combined|Set1|Draw1|col6,B,combined,1,3,1,1,6,7,,0,0,False,3,7,8,6
Ohio4,LS1,Combined,Set1,Draw1,6,col6,Combined|Set1|Draw1|col6,C,own,1,3,1,1,6,0,992008867,9,6,False,2,4,5,5
Ohio4,LS1,Combined,Set1,Draw1,6,col6,Combined|Set1|Draw1|col6,C,own,1,3,1,1,6,1,992007,6,4,False,2,4,5,5
Ohio4,LS1,Combined,Set1,Draw1,6,col6,Combined|Set1|Draw1|col6,C,own,1,3,1,1,6,2,27,2,2,True,2,4,5,5
Ohio4,LS1,Combined,Set1,Draw1,6,col6,Combined|Set1|Draw1|col6,C,own,1,3,1,1,6,3,27,2,2,True,2,4,5,5
Ohio4,LS1,Combined,Set1,Draw1,6,col6,Combined|Set1|Draw1|col6,C,own,1,3,1,1,6,4,,0,0,False,2,4,5,5
Ohio4,LS1,Combined,Set1,Draw1,6,col6,Combined|Set1|Draw1|col6,C,combined,1,3,1,1,6,0,992008867,9,6,False,3,7,8,6
Ohio4,LS1,Combined,Set1,Draw1,6,col6,Combined|Set1|Draw1|col6,C,combined,1,3,1,1,6,1,992007,6,4,False,3,7,8,6
Ohio4,LS1,Combined,Set1,Draw1,6,col6,Combined|Set1|Draw1|col6,C,combined,1,3,1,1,6,2,992007,6,4,False,3,7,8,6
Ohio4,LS1,Combined,Set1,Draw1,6,col6,Combined|Set1|Draw1|col6,C,combined,1,3,1,1,6,3,27,2,2,True,3,7,8,6
Ohio4,LS1,Combined,Set1,Draw1,6,col6,Combined|Set1|Draw1|col6,C,combined,1,3,1,1,6,4,27,2,2,True,3,7,8,6
Ohio4,LS1,Combined,Set1,Draw1,6,col6,Combined|Set1|Draw1|col6,C,combined,1,3,1,1,6,7,,0,0,False,3,7,8,6
Ohio4,LS1,Combined,Set1,Draw1,6,col6,Combined|Set1|Draw1|col6,D,own,1,3,1,1,6,0,992008867,9,6,False,2,4,5,5
Ohio4,LS1,Combined,Set1,Draw1,6,col6,Combined|Set1|Draw1|col6,D,own,1,3,1,1,6,1,992007,6,4,False,2,4,5,5
Ohio4,LS1,Combined,Set1,Draw1,6,col6,Combined|Set1|Draw1|col6,D,own,1,3,1,1,6,2,27,2,2,True,2,4,5,5
Ohio4,LS1,Combined,Set1,Draw1,6,col6,Combined|Set1|Draw1|col6,D,own,1,3,1,1,6,3,27,2,2,True,2,4,5,5
Ohio4,LS1,Combined,Set1,Draw1,6,col6,Combined|Set1|Draw1|col6,D,own,1,3,1,1,6,4,,0,0,False,2,4,5,5
Ohio4,LS1,Combined,Set1,Draw1,6,col6,Combined|Set1|Draw1|col6,D,combined,1,3,1,1,6,0,992008867,9,6,False,3,7,8,6
Ohio4,LS1,Combined,Set1,Draw1,6,col6,Combined|Set1|Draw1|col6,D,combined,1,3,1,1,6,1,992007,6,4,False,3,7,8,6
Ohio4,LS1,Combined,Set1,Draw1,6,col6,Combined|Set1|Draw1|col6,D,combined,1,3,1,1,6,2,992007,6,4,False,3,7,8,6
Ohio4,LS1,Combined,Set1,Draw1,6,col6,Combined|Set1|Draw1|col6,D,combined,1,3,1,1,6,3,27,2,2,True,3,7,8,6
Ohio4,LS1,Combined,Set1,Draw1,6,col6,Combined|Set1|Draw1|col6,D,combined,1,3,1,1,6,4,27,2,2,True,3,7,8,6
Ohio4,LS1,Combined,Set1,Draw1,6,col6,Combined|Set1|Draw1|col6,D,combined,1,3,1,1,6,7,,0,0,False,3,7,8,6
Ohio4,LS1,Combined,Set1,Draw1,6,col6,Combined|Set1|Draw1|col6,E,own,1,3,1,1,6,0,992008867,9,6,False,3,4,5,5
Ohio4,LS1,Combined,Set1,Draw1,6,col6,Combined|Set1|Draw1|col6,E,own,1,3,1,1,6,1,992007,6,4,False,3,4,5,5
Ohio4,LS1,Combined,Set1,Draw1,6,col6,Combined|Set1|Draw1|col6,E,own,1,3,1,1,6,2,9207,4,4,False,3,4,5,5
Ohio4,LS1,Combined,Set1,Draw1,6,col6,Combined|Set1|Draw1|col6,E,own,1,3,1,1,6,3,207,3,3,True,3,4,5,5
Ohio4,LS1,Combined,Set1,Draw1,6,col6,Combined|Set1|Draw1|col6,E,own,1,3,1,1,6,4,,0,0,False,3,4,5,5
Ohio4,LS1,Combined,Set1,Draw1,6,col6,Combined|Set1|Draw1|col6,E,combined,1,3,1,1,6,0,992008867,9,6,False,4,7,8,7
Ohio4,LS1,Combined,Set1,Draw1,6,col6,Combined|Set1|Draw1|col6,E,combined,1,3,1,1,6,1,992007,6,4,False,4,7,8,7
Ohio4,LS1,Combined,Set1,Draw1,6,col6,Combined|Set1|Draw1|col6,E,combined,1,3,1,1,6,2,992007,6,4,False,4,7,8,7
Ohio4,LS1,Combined,Set1,Draw1,6,col6,Combined|Set1|Draw1|col6,E,combined,1,3,1,1,6,3,9207,4,4,False,4,7,8,7
Ohio4,LS1,Combined,Set1,Draw1,6,col6,Combined|Set1|Draw1|col6,E,combined,1,3,1,1,6,4,27,2,2,True,4,7,8,7
Ohio4,LS1,Combined,Set1,Draw1,6,col6,Combined|Set1|Draw1|col6,E,combined,1,3,1,1,6,5,27,2,2,True,4,7,8,7
Ohio4,LS1,Combined,Set1,Draw1,6,col6,Combined|Set1|Draw1|col6,E,combined,1,3,1,1,6,7,,0,0,False,4,7,8,7
Ohio4,LS1,Combined,Set1,Draw1,6,col6,Combined|Set1|Draw1|col6,T,own,1,3,1,1,6,0,992008867,9,6,False,2,4,5,5
Ohio4,LS1,Combined,Set1,Draw1,6,col6,Combined|Set1|Draw1|col6,T,own,1,3,1,1,6,1,992007,6,4,False,2,4,5,5
Ohio4,LS1,Combined,Set1,Draw1,6,col6,Combined|Set1|Draw1|col6,T,own,1,3,1,1,6,2,27,2,2,True,2,4,5,5
Ohio4,LS1,Combined,Set1,Draw1,6,col6,Combined|Set1|Draw1|col6,T,own,1,3,1,1,6,3,27,2,2,True,2,4,5,5
Ohio4,LS1,Combined,Set1,Draw1,6,col6,Combined|Set1|Draw1|col6,T,own,1,3,1,1,6,4,,0,0,False,2,4,5,5
Ohio4,LS1,Combined,Set1,Draw1,6,col6,Combined|Set1|Draw1|col6,T,combined,1,3,1,1,6,0,992008867,9,6,False,3,7,8,6
Ohio4,LS1,Combined,Set1,Draw1,6,col6,Combined|Set1|Draw1|col6,T,combined,1,3,1,1,6,1,992007,6,4,False,3,7,8,6
Ohio4,LS1,Combined,Set1,Draw1,6,col6,Combined|Set1|Draw1|col6,T,combined,1,3,1,1,6,2,992007,6,4,False,3,7,8,6
Ohio4,LS1,Combined,Set1,Draw1,6,col6,Combined|Set1|Draw1|col6,T,combined,1,3,1,1,6,3,27,2,2,True,3,7,8,6
Ohio4,LS1,Combined,Set1,Draw1,6,col6,Combined|Set1|Draw1|col6,T,combined,1,3,1,1,6,4,27,2,2,True,3,7,8,6
Ohio4,LS1,Combined,Set1,Draw1,6,col6,Combined|Set1|Draw1|col6,T,combined,1,3,1,1,6,7,,0,0,False,3,7,8,6
Ohio4,LS1,Combined,Set1,Draw1,5,col5,Combined|Set1|Draw1|col5,A,own,1,3,1,1,5,0,99008867*,9,6,False,2,4,29,5
Ohio4,LS1,Combined,Set1,Draw1,5,col5,Combined|Set1|Draw1|col5,A,own,1,3,1,1,5,1,99007*,6,4,False,2,4,29,5
Ohio4,LS1,Combined,Set1,Draw1,5,col5,Combined|Set1|Draw1|col5,A,own,1,3,1,1,5,2,7*,2,2,True,2,4,29,5
Ohio4,LS1,Combined,Set1,Draw1,5,col5,Combined|Set1|Draw1|col5,A,own,1,3,1,1,5,3,7*,2,2,True,2,4,29,5
Ohio4,LS1,Combined,Set1,Draw1,5,col5,Combined|Set1|Draw1|col5,A,own,1,3,1,1,5,4,*,1,1,True,2,4,29,5
Ohio4,LS1,Combined,Set1,Draw1,5,col5,Combined|Set1|Draw1|col5,A,combined,1,3,1,1,5,0,99008867*,9,6,False,3,7,57,6
Ohio4,LS1,Combined,Set1,Draw1,5,col5,Combined|Set1|Draw1|col5,A,combined,1,3,1,1,5,1,99007*,6,4,False,3,7,57,6
Ohio4,LS1,Combined,Set1,Draw1,5,col5,Combined|Set1|Draw1|col5,A,combined,1,3,1,1,5,2,99007*,6,4,False,3,7,57,6
Ohio4,LS1,Combined,Set1,Draw1,5,col5,Combined|Set1|Draw1|col5,A,combined,1,3,1,1,5,3,7*,2,2,True,3,7,57,6
Ohio4,LS1,Combined,Set1,Draw1,5,col5,Combined|Set1|Draw1|col5,A,combined,1,3,1,1,5,4,7*,2,2,True,3,7,57,6
Ohio4,LS1,Combined,Set1,Draw1,5,col5,Combined|Set1|Draw1|col5,A,combined,1,3,1,1,5,7,*,1,1,True,3,7,57,6
Ohio4,LS1,Combined,Set1,Draw1,5,col5,Combined|Set1|Draw1|col5,B,own,1,3,1,1,5,0,99008867*,9,6,False,2,4,29,5
Ohio4,LS1,Combined,Set1,Draw1,5,col5,Combined|Set1|Draw1|col5,B,own,1,3,1,1,5,1,99007*,6,4,False,2,4,29,5
Ohio4,LS1,Combined,Set1,Draw1,5,col5,Combined|Set1|Draw1|col5,B,own,1,3,1,1,5,2,7*,2,2,True,2,4,29,5
Ohio4,LS1,Combined,Set1,Draw1,5,col5,Combined|Set1|Draw1|col5,B,own,1,3,1,1,5,3,7*,2,2,True,2,4,29,5
Ohio4,LS1,Combined,Set1,Draw1,5,col5,Combined|Set1|Draw1|col5,B,own,1,3,1,1,5,4,*,1,1,True,2,4,29,5
Ohio4,LS1,Combined,Set1,Draw1,5,col5,Combined|Set1|Draw1|col5,B,combined,1,3,1,1,5,0,99008867*,9,6,False,3,7,57,6
Ohio4,LS1,Combined,Set1,Draw1,5,col5,Combined|Set1|Draw1|col5,B,combined,1,3,1,1,5,1,99007*,6,4,False,3,7,57,6
Ohio4,LS1,Combined,Set1,Draw1,5,col5,Combined|Set1|Draw1|col5,B,combined,1,3,1,1,5,2,99007*,6,4,False,3,7,57,6
Ohio4,LS1,Combined,Set1,Draw1,5,col5,Combined|Set1|Draw1|col5,B,combined,1,3,1,1,5,3,7*,2,2,True,3,7,57,6
Ohio4,LS1,Combined,Set1,Draw1,5,col5,Combined|Set1|Draw1|col5,B,combined,1,3,1,1,5,4,7*,2,2,True,3,7,57,6
Ohio4,LS1,Combined,Set1,Draw1,5,col5,Combined|Set1|Draw1|col5,B,combined,1,3,1,1,5,7,*,1,1,True,3,7,57,6
Ohio4,LS1,Combined,Set1,Draw1,5,col5,Combined|Set1|Draw1|col5,C,own,1,3,1,1,5,0,99008867*,9,6,False,2,4,29,5
Ohio4,LS1,Combined,Set1,Draw1,5,col5,Combined|Set1|Draw1|col5,C,own,1,3,1,1,5,1,99007*,6,4,False,2,4,29,5
Ohio4,LS1,Combined,Set1,Draw1,5,col5,Combined|Set1|Draw1|col5,C,own,1,3,1,1,5,2,7*,2,2,True,2,4,29,5
Ohio4,LS1,Combined,Set1,Draw1,5,col5,Combined|Set1|Draw1|col5,C,own,1,3,1,1,5,3,7*,2,2,True,2,4,29,5
Ohio4,LS1,Combined,Set1,Draw1,5,col5,Combined|Set1|Draw1|col5,C,own,1,3,1,1,5,4,*,1,1,True,2,4,29,5
Ohio4,LS1,Combined,Set1,Draw1,5,col5,Combined|Set1|Draw1|col5,C,combined,1,3,1,1,5,0,99008867*,9,6,False,3,7,57,6
Ohio4,LS1,Combined,Set1,Draw1,5,col5,Combined|Set1|Draw1|col5,C,combined,1,3,1,1,5,1,99007*,6,4,False,3,7,57,6
Ohio4,LS1,Combined,Set1,Draw1,5,col5,Combined|Set1|Draw1|col5,C,combined,1,3,1,1,5,2,99007*,6,4,False,3,7,57,6
Ohio4,LS1,Combined,Set1,Draw1,5,col5,Combined|Set1|Draw1|col5,C,combined,1,3,1,1,5,3,7*,2,2,True,3,7,57,6
Ohio4,LS1,Combined,Set1,Draw1,5,col5,Combined|Set1|Draw1|col5,C,combined,1,3,1,1,5,4,7*,2,2,True,3,7,57,6
Ohio4,LS1,Combined,Set1,Draw1,5,col5,Combined|Set1|Draw1|col5,C,combined,1,3,1,1,5,7,*,1,1,True,3,7,57,6
Ohio4,LS1,Combined,Set1,Draw1,5,col5,Combined|Set1|Draw1|col5,D,own,1,3,1,1,5,0,99008867*,9,6,False,2,4,29,5
Ohio4,LS1,Combined,Set1,Draw1,5,col5,Combined|Set1|Draw1|col5,D,own,1,3,1,1,5,1,99007*,6,4,False,2,4,29,5
Ohio4,LS1,Combined,Set1,Draw1,5,col5,Combined|Set1|Draw1|col5,D,own,1,3,1,1,5,2,7*,2,2,True,2,4,29,5
Ohio4,LS1,Combined,Set1,Draw1,5,col5,Combined|Set1|Draw1|col5,D,own,1,3,1,1,5,3,7*,2,2,True,2,4,29,5
Ohio4,LS1,Combined,Set1,Draw1,5,col5,Combined|Set1|Draw1|col5,D,own,1,3,1,1,5,4,*,1,1,True,2,4,29,5
Ohio4,LS1,Combined,Set1,Draw1,5,col5,Combined|Set1|Draw1|col5,D,combined,1,3,1,1,5,0,99008867*,9,6,False,3,7,57,6
Ohio4,LS1,Combined,Set1,Draw1,5,col5,Combined|Set1|Draw1|col5,D,combined,1,3,1,1,5,1,99007*,6,4,False,3,7,57,6
Ohio4,LS1,Combined,Set1,Draw1,5,col5,Combined|Set1|Draw1|col5,D,combined,1,3,1,1,5,2,99007*,6,4,False,3,7,57,6
Ohio4,LS1,Combined,Set1,Draw1,5,col5,Combined|Set1|Draw1|col5,D,combined,1,3,1,1,5,3,7*,2,2,True,3,7,57,6
Ohio4,LS1,Combined,Set1,Draw1,5,col5,Combined|Set1|Draw1|col5,D,combined,1,3,1,1,5,4,7*,2,2,True,3,7,57,6
Ohio4,LS1,Combined,Set1,Draw1,5,col5,Combined|Set1|Draw1|col5,D,combined,1,3,1,1,5,7,*,1,1,True,3,7,57,6
Ohio4,LS1,Combined,Set1,Draw1,5,col5,Combined|Set1|Draw1|col5,E,own,1,3,1,1,5,0,99008867*,9,6,False,3,4,29,5
Ohio4,LS1,Combined,Set1,Draw1,5,col5,Combined|Set1|Draw1|col5,E,own,1,3,1,1,5,1,99007*,6,4,False,3,4,29,5
Ohio4,LS1,Combined,Set1,Draw1,5,col5,Combined|Set1|Draw1|col5,E,own,1,3,1,1,5,2,907*,4,4,False,3,4,29,5
Ohio4,LS1,Combined,Set1,Draw1,5,col5,Combined|Set1|Draw1|col5,E,own,1,3,1,1,5,3,07*,3,3,True,3,4,29,5
Ohio4,LS1,Combined,Set1,Draw1,5,col5,Combined|Set1|Draw1|col5,E,own,1,3,1,1,5,4,*,1,1,True,3,4,29,5
Ohio4,LS1,Combined,Set1,Draw1,5,col5,Combined|Set1|Draw1|col5,E,combined,1,3,1,1,5,0,99008867*,9,6,False,4,7,57,7
Ohio4,LS1,Combined,Set1,Draw1,5,col5,Combined|Set1|Draw1|col5,E,combined,1,3,1,1,5,1,99007*,6,4,False,4,7,57,7
Ohio4,LS1,Combined,Set1,Draw1,5,col5,Combined|Set1|Draw1|col5,E,combined,1,3,1,1,5,2,99007*,6,4,False,4,7,57,7
Ohio4,LS1,Combined,Set1,Draw1,5,col5,Combined|Set1|Draw1|col5,E,combined,1,3,1,1,5,3,907*,4,4,False,4,7,57,7
Ohio4,LS1,Combined,Set1,Draw1,5,col5,Combined|Set1|Draw1|col5,E,combined,1,3,1,1,5,4,7*,2,2,True,4,7,57,7
Ohio4,LS1,Combined,Set1,Draw1,5,col5,Combined|Set1|Draw1|col5,E,combined,1,3,1,1,5,5,7*,2,2,True,4,7,57,7
Ohio4,LS1,Combined,Set1,Draw1,5,col5,Combined|Set1|Draw1|col5,E,combined,1,3,1,1,5,7,*,1,1,True,4,7,57,7
Ohio4,LS1,Combined,Set1,Draw1,5,col5,Combined|Set1|Draw1|col5,T,own,1,3,1,1,5,0,99008867*,9,6,False,2,4,29,5
Ohio4,LS1,Combined,Set1,Draw1,5,col5,Combined|Set1|Draw1|col5,T,own,1,3,1,1,5,1,99007*,6,4,False,2,4,29,5
Ohio4,LS1,Combined,Set1,Draw1,5,col5,Combined|Set1|Draw1|col5,T,own,1,3,1,1,5,2,7*,2,2,True,2,4,29,5
Ohio4,LS1,Combined,Set1,Draw1,5,col5,Combined|Set1|Draw1|col5,T,own,1,3,1,1,5,3,7*,2,2,True,2,4,29,5
Ohio4,LS1,Combined,Set1,Draw1,5,col5,Combined|Set1|Draw1|col5,T,own,1,3,1,1,5,4,*,1,1,True,2,4,29,5
Ohio4,LS1,Combined,Set1,Draw1,5,col5,Combined|Set1|Draw1|col5,T,combined,1,3,1,1,5,0,99008867*,9,6,False,3,7,57,6
Ohio4,LS1,Combined,Set1,Draw1,5,col5,Combined|Set1|Draw1|col5,T,combined,1,3,1,1,5,1,99007*,6,4,False,3,7,57,6
Ohio4,LS1,Combined,Set1,Draw1,5,col5,Combined|Set1|Draw1|col5,T,combined,1,3,1,1,5,2,99007*,6,4,False,3,7,57,6
Ohio4,LS1,Combined,Set1,Draw1,5,col5,Combined|Set1|Draw1|col5,T,combined,1,3,1,1,5,3,7*,2,2,True,3,7,57,6
Ohio4,LS1,Combined,Set1,Draw1,5,col5,Combined|Set1|Draw1|col5,T,combined,1,3,1,1,5,4,7*,2,2,True,3,7,57,6
Ohio4,LS1,Combined,Set1,Draw1,5,col5,Combined|Set1|Draw1|col5,T,combined,1,3,1,1,5,7,*,1,1,True,3,7,57,6
Ohio4,LS1,Combined,Set1,Draw1,4,col4,Combined|Set1|Draw1|col4,A,own,1,3,1,1,4,0,990886*,7,5,False,1,2,29,3
Ohio4,LS1,Combined,Set1,Draw1,4,col4,Combined|Set1|Draw1|col4,A,own,1,3,1,1,4,1,990*,4,3,True,1,2,29,3
Ohio4,LS1,Combined,Set1,Draw1,4,col4,Combined|Set1|Draw1|col4,A,own,1,3,1,1,4,2,*,1,1,True,1,2,29,3
Ohio4,LS1,Combined,Set1,Draw1,4,col4,Combined|Set1|Draw1|col4,A,combined,1,3,1,1,4,0,990886*,7,5,False,1,3,57,4
Ohio4,LS1,Combined,Set1,Draw1,4,col4,Combined|Set1|Draw1|col4,A,combined,1,3,1,1,4,1,990*,4,3,True,1,3,57,4
Ohio4,LS1,Combined,Set1,Draw1,4,col4,Combined|Set1|Draw1|col4,A,combined,1,3,1,1,4,2,990*,4,3,True,1,3,57,4
Ohio4,LS1,Combined,Set1,Draw1,4,col4,Combined|Set1|Draw1|col4,A,combined,1,3,1,1,4,3,*,1,1,True,1,3,57,4
Ohio4,LS1,Combined,Set1,Draw1,4,col4,Combined|Set1|Draw1|col4,B,own,1,3,1,1,4,0,990886*,7,5,False,1,2,29,3
Ohio4,LS1,Combined,Set1,Draw1,4,col4,Combined|Set1|Draw1|col4,B,own,1,3,1,1,4,1,990*,4,3,True,1,2,29,3
Ohio4,LS1,Combined,Set1,Draw1,4,col4,Combined|Set1|Draw1|col4,B,own,1,3,1,1,4,2,*,1,1,True,1,2,29,3
Ohio4,LS1,Combined,Set1,Draw1,4,col4,Combined|Set1|Draw1|col4,B,combined,1,3,1,1,4,0,990886*,7,5,False,1,3,57,4
Ohio4,LS1,Combined,Set1,Draw1,4,col4,Combined|Set1|Draw1|col4,B,combined,1,3,1,1,4,1,990*,4,3,True,1,3,57,4
Ohio4,LS1,Combined,Set1,Draw1,4,col4,Combined|Set1|Draw1|col4,B,combined,1,3,1,1,4,2,990*,4,3,True,1,3,57,4
Ohio4,LS1,Combined,Set1,Draw1,4,col4,Combined|Set1|Draw1|col4,B,combined,1,3,1,1,4,3,*,1,1,True,1,3,57,4
Ohio4,LS1,Combined,Set1,Draw1,4,col4,Combined|Set1|Draw1|col4,C,own,1,3,1,1,4,0,990886*,7,5,False,1,2,29,3
Ohio4,LS1,Combined,Set1,Draw1,4,col4,Combined|Set1|Draw1|col4,C,own,1,3,1,1,4,1,990*,4,3,True,1,2,29,3
Ohio4,LS1,Combined,Set1,Draw1,4,col4,Combined|Set1|Draw1|col4,C,own,1,3,1,1,4,2,*,1,1,True,1,2,29,3
Ohio4,LS1,Combined,Set1,Draw1,4,col4,Combined|Set1|Draw1|col4,C,combined,1,3,1,1,4,0,990886*,7,5,False,1,3,57,4
Ohio4,LS1,Combined,Set1,Draw1,4,col4,Combined|Set1|Draw1|col4,C,combined,1,3,1,1,4,1,990*,4,3,True,1,3,57,4
Ohio4,LS1,Combined,Set1,Draw1,4,col4,Combined|Set1|Draw1|col4,C,combined,1,3,1,1,4,2,990*,4,3,True,1,3,57,4
Ohio4,LS1,Combined,Set1,Draw1,4,col4,Combined|Set1|Draw1|col4,C,combined,1,3,1,1,4,3,*,1,1,True,1,3,57,4
Ohio4,LS1,Combined,Set1,Draw1,4,col4,Combined|Set1|Draw1|col4,D,own,1,3,1,1,4,0,990886*,7,5,False,1,2,29,3
Ohio4,LS1,Combined,Set1,Draw1,4,col4,Combined|Set1|Draw1|col4,D,own,1,3,1,1,4,1,990*,4,3,True,1,2,29,3
Ohio4,LS1,Combined,Set1,Draw1,4,col4,Combined|Set1|Draw1|col4,D,own,1,3,1,1,4,2,*,1,1,True,1,2,29,3
Ohio4,LS1,Combined,Set1,Draw1,4,col4,Combined|Set1|Draw1|col4,D,combined,1,3,1,1,4,0,990886*,7,5,False,1,3,57,4
Ohio4,LS1,Combined,Set1,Draw1,4,col4,Combined|Set1|Draw1|col4,D,combined,1,3,1,1,4,1,990*,4,3,True,1,3,57,4
Ohio4,LS1,Combined,Set1,Draw1,4,col4,Combined|Set1|Draw1|col4,D,combined,1,3,1,1,4,2,990*,4,3,True,1,3,57,4
Ohio4,LS1,Combined,Set1,Draw1,4,col4,Combined|Set1|Draw1|col4,D,combined,1,3,1,1,4,3,*,1,1,True,1,3,57,4
Ohio4,LS1,Combined,Set1,Draw1,4,col4,Combined|Set1|Draw1|col4,E,own,1,3,1,1,4,0,990886*,7,5,False,1,3,29,4
Ohio4,LS1,Combined,Set1,Draw1,4,col4,Combined|Set1|Draw1|col4,E,own,1,3,1,1,4,1,990*,4,3,True,1,3,29,4
Ohio4,LS1,Combined,Set1,Draw1,4,col4,Combined|Set1|Draw1|col4,E,own,1,3,1,1,4,2,9*,2,2,True,1,3,29,4
Ohio4,LS1,Combined,Set1,Draw1,4,col4,Combined|Set1|Draw1|col4,E,own,1,3,1,1,4,3,*,1,1,True,1,3,29,4
Ohio4,LS1,Combined,Set1,Draw1,4,col4,Combined|Set1|Draw1|col4,E,combined,1,3,1,1,4,0,990886*,7,5,False,1,4,57,5
Ohio4,LS1,Combined,Set1,Draw1,4,col4,Combined|Set1|Draw1|col4,E,combined,1,3,1,1,4,1,990*,4,3,True,1,4,57,5
Ohio4,LS1,Combined,Set1,Draw1,4,col4,Combined|Set1|Draw1|col4,E,combined,1,3,1,1,4,2,990*,4,3,True,1,4,57,5
Ohio4,LS1,Combined,Set1,Draw1,4,col4,Combined|Set1|Draw1|col4,E,combined,1,3,1,1,4,3,9*,2,2,True,1,4,57,5
Ohio4,LS1,Combined,Set1,Draw1,4,col4,Combined|Set1|Draw1|col4,E,combined,1,3,1,1,4,4,*,1,1,True,1,4,57,5
Ohio4,LS1,Combined,Set1,Draw1,4,col4,Combined|Set1|Draw1|col4,T,own,1,3,1,1,4,0,990886*,7,5,False,1,2,29,3
Ohio4,LS1,Combined,Set1,Draw1,4,col4,Combined|Set1|Draw1|col4,T,own,1,3,1,1,4,1,990*,4,3,True,1,2,29,3
Ohio4,LS1,Combined,Set1,Draw1,4,col4,Combined|Set1|Draw1|col4,T,own,1,3,1,1,4,2,*,1,1,True,1,2,29,3
Ohio4,LS1,Combined,Set1,Draw1,4,col4,Combined|Set1|Draw1|col4,T,combined,1,3,1,1,4,0,990886*,7,5,False,1,3,57,4
Ohio4,LS1,Combined,Set1,Draw1,4,col4,Combined|Set1|Draw1|col4,T,combined,1,3,1,1,4,1,990*,4,3,True,1,3,57,4
Ohio4,LS1,Combined,Set1,Draw1,4,col4,Combined|Set1|Draw1|col4,T,combined,1,3,1,1,4,2,990*,4,3,True,1,3,57,4
Ohio4,LS1,Combined,Set1,Draw1,4,col4,Combined|Set1|Draw1|col4,T,combined,1,3,1,1,4,3,*,1,1,True,1,3,57,4
Ohio4,LS1,Combined,Set1,Draw1,2,col2,Combined|Set1|Draw1|col2,A,own,1,3,1,1,2,0,008**,5,3,True,0,2,29,3
Ohio4,LS1,Combined,Set1,Draw1,2,col2,Combined|Set1|Draw1|col2,A,own,1,3,1,1,2,1,00**,4,2,True,0,2,29,3
Ohio4,LS1,Combined,Set1,Draw1,2,col2,Combined|Set1|Draw1|col2,A,own,1,3,1,1,2,2,**,2,1,True,0,2,29,3
Ohio4,LS1,Combined,Set1,Draw1,2,col2,Combined|Set1|Draw1|col2,A,combined,1,3,1,1,2,0,008**,5,3,True,0,3,57,4
Ohio4,LS1,Combined,Set1,Draw1,2,col2,Combined|Set1|Draw1|col2,A,combined,1,3,1,1,2,1,00**,4,2,True,0,3,57,4
Ohio4,LS1,Combined,Set1,Draw1,2,col2,Combined|Set1|Draw1|col2,A,combined,1,3,1,1,2,2,00**,4,2,True,0,3,57,4
Ohio4,LS1,Combined,Set1,Draw1,2,col2,Combined|Set1|Draw1|col2,A,combined,1,3,1,1,2,3,**,2,1,True,0,3,57,4
Ohio4,LS1,Combined,Set1,Draw1,2,col2,Combined|Set1|Draw1|col2,B,own,1,3,1,1,2,0,008**,5,3,True,0,2,29,3
Ohio4,LS1,Combined,Set1,Draw1,2,col2,Combined|Set1|Draw1|col2,B,own,1,3,1,1,2,1,00**,4,2,True,0,2,29,3
Ohio4,LS1,Combined,Set1,Draw1,2,col2,Combined|Set1|Draw1|col2,B,own,1,3,1,1,2,2,**,2,1,True,0,2,29,3
Ohio4,LS1,Combined,Set1,Draw1,2,col2,Combined|Set1|Draw1|col2,B,combined,1,3,1,1,2,0,008**,5,3,True,0,3,57,4
Ohio4,LS1,Combined,Set1,Draw1,2,col2,Combined|Set1|Draw1|col2,B,combined,1,3,1,1,2,1,00**,4,2,True,0,3,57,4
Ohio4,LS1,Combined,Set1,Draw1,2,col2,Combined|Set1|Draw1|col2,B,combined,1,3,1,1,2,2,00**,4,2,True,0,3,57,4
Ohio4,LS1,Combined,Set1,Draw1,2,col2,Combined|Set1|Draw1|col2,B,combined,1,3,1,1,2,3,**,2,1,True,0,3,57,4
Ohio4,LS1,Combined,Set1,Draw1,2,col2,Combined|Set1|Draw1|col2,C,own,1,3,1,1,2,0,008**,5,3,True,0,2,29,3
Ohio4,LS1,Combined,Set1,Draw1,2,col2,Combined|Set1|Draw1|col2,C,own,1,3,1,1,2,1,00**,4,2,True,0,2,29,3
Ohio4,LS1,Combined,Set1,Draw1,2,col2,Combined|Set1|Draw1|col2,C,own,1,3,1,1,2,2,**,2,1,True,0,2,29,3
Ohio4,LS1,Combined,Set1,Draw1,2,col2,Combined|Set1|Draw1|col2,C,combined,1,3,1,1,2,0,008**,5,3,True,0,3,57,4
Ohio4,LS1,Combined,Set1,Draw1,2,col2,Combined|Set1|Draw1|col2,C,combined,1,3,1,1,2,1,00**,4,2,True,0,3,57,4
Ohio4,LS1,Combined,Set1,Draw1,2,col2,Combined|Set1|Draw1|col2,C,combined,1,3,1,1,2,2,00**,4,2,True,0,3,57,4
Ohio4,LS1,Combined,Set1,Draw1,2,col2,Combined|Set1|Draw1|col2,C,combined,1,3,1,1,2,3,**,2,1,True,0,3,57,4
Ohio4,LS1,Combined,Set1,Draw1,2,col2,Combined|Set1|Draw1|col2,D,own,1,3,1,1,2,0,008**,5,3,True,0,2,29,3
Ohio4,LS1,Combined,Set1,Draw1,2,col2,Combined|Set1|Draw1|col2,D,own,1,3,1,1,2,1,00**,4,2,True,0,2,29,3
Ohio4,LS1,Combined,Set1,Draw1,2,col2,Combined|Set1|Draw1|col2,D,own,1,3,1,1,2,2,**,2,1,True,0,2,29,3
Ohio4,LS1,Combined,Set1,Draw1,2,col2,Combined|Set1|Draw1|col2,D,combined,1,3,1,1,2,0,008**,5,3,True,0,3,57,4
Ohio4,LS1,Combined,Set1,Draw1,2,col2,Combined|Set1|Draw1|col2,D,combined,1,3,1,1,2,1,00**,4,2,True,0,3,57,4
Ohio4,LS1,Combined,Set1,Draw1,2,col2,Combined|Set1|Draw1|col2,D,combined,1,3,1,1,2,2,00**,4,2,True,0,3,57,4
Ohio4,LS1,Combined,Set1,Draw1,2,col2,Combined|Set1|Draw1|col2,D,combined,1,3,1,1,2,3,**,2,1,True,0,3,57,4
Ohio4,LS1,Combined,Set1,Draw1,2,col2,Combined|Set1|Draw1|col2,E,own,1,3,1,1,2,0,008**,5,3,True,0,4,29,5
Ohio4,LS1,Combined,Set1,Draw1,2,col2,Combined|Set1|Draw1|col2,E,own,1,3,1,1,2,1,00**,4,2,True,0,4,29,5
Ohio4,LS1,Combined,Set1,Draw1,2,col2,Combined|Set1|Draw1|col2,E,own,1,3,1,1,2,2,0**,3,2,True,0,4,29,5
Ohio4,LS1,Combined,Set1,Draw1,2,col2,Combined|Set1|Draw1|col2,E,own,1,3,1,1,2,3,0**,3,2,True,0,4,29,5
Ohio4,LS1,Combined,Set1,Draw1,2,col2,Combined|Set1|Draw1|col2,E,own,1,3,1,1,2,4,**,2,1,True,0,4,29,5
Ohio4,LS1,Combined,Set1,Draw1,2,col2,Combined|Set1|Draw1|col2,E,combined,1,3,1,1,2,0,008**,5,3,True,0,4,57,5
Ohio4,LS1,Combined,Set1,Draw1,2,col2,Combined|Set1|Draw1|col2,E,combined,1,3,1,1,2,1,00**,4,2,True,0,4,57,5
Ohio4,LS1,Combined,Set1,Draw1,2,col2,Combined|Set1|Draw1|col2,E,combined,1,3,1,1,2,2,00**,4,2,True,0,4,57,5
Ohio4,LS1,Combined,Set1,Draw1,2,col2,Combined|Set1|Draw1|col2,E,combined,1,3,1,1,2,3,0**,3,2,True,0,4,57,5
Ohio4,LS1,Combined,Set1,Draw1,2,col2,Combined|Set1|Draw1|col2,E,combined,1,3,1,1,2,4,**,2,1,True,0,4,57,5
Ohio4,LS1,Combined,Set1,Draw1,2,col2,Combined|Set1|Draw1|col2,T,own,1,3,1,1,2,0,008**,5,3,True,0,2,29,3
Ohio4,LS1,Combined,Set1,Draw1,2,col2,Combined|Set1|Draw1|col2,T,own,1,3,1,1,2,1,00**,4,2,True,0,2,29,3
Ohio4,LS1,Combined,Set1,Draw1,2,col2,Combined|Set1|Draw1|col2,T,own,1,3,1,1,2,2,**,2,1,True,0,2,29,3
Ohio4,LS1,Combined,Set1,Draw1,2,col2,Combined|Set1|Draw1|col2,T,combined,1,3,1,1,2,0,008**,5,3,True,0,3,57,4
Ohio4,LS1,Combined,Set1,Draw1,2,col2,Combined|Set1|Draw1|col2,T,combined,1,3,1,1,2,1,00**,4,2,True,0,3,57,4
Ohio4,LS1,Combined,Set1,Draw1,2,col2,Combined|Set1|Draw1|col2,T,combined,1,3,1,1,2,2,00**,4,2,True,0,3,57,4
Ohio4,LS1,Combined,Set1,Draw1,2,col2,Combined|Set1|Draw1|col2,T,combined,1,3,1,1,2,3,**,2,1,True,0,3,57,4
Ohio4,LS1,Combined,Set1,Draw2,6,col6,Combined|Set1|Draw2|col6,A,own,1,3,1,2,6,0,99200338867,11,7,False,2,4,29,5
Ohio4,LS1,Combined,Set1,Draw2,6,col6,Combined|Set1|Draw2|col6,A,own,1,3,1,2,6,1,99200337,8,5,False,2,4,29,5
Ohio4,LS1,Combined,Set1,Draw2,6,col6,Combined|Set1|Draw2|col6,A,own,1,3,1,2,6,2,2337,4,3,True,2,4,29,5
Ohio4,LS1,Combined,Set1,Draw2,6,col6,Combined|Set1|Draw2|col6,A,own,1,3,1,2,6,3,2337,4,3,True,2,4,29,5
Ohio4,LS1,Combined,Set1,Draw2,6,col6,Combined|Set1|Draw2|col6,A,own,1,3,1,2,6,4,33,2,1,True,2,4,29,5
Ohio4,LS1,Combined,Set1,Draw2,6,col6,Combined|Set1|Draw2|col6,A,combined,1,3,1,2,6,0,99200338867,11,7,False,3,7,57,8
Ohio4,LS1,Combined,Set1,Draw2,6,col6,Combined|Set1|Draw2|col6,A,combined,1,3,1,2,6,1,99200337,8,5,False,3,7,57,8
Ohio4,LS1,Combined,Set1,Draw2,6,col6,Combined|Set1|Draw2|col6,A,combined,1,3,1,2,6,2,99200337,8,5,False,3,7,57,8
Ohio4,LS1,Combined,Set1,Draw2,6,col6,Combined|Set1|Draw2|col6,A,combined,1,3,1,2,6,3,2337,4,3,True,3,7,57,8
Ohio4,LS1,Combined,Set1,Draw2,6,col6,Combined|Set1|Draw2|col6,A,combined,1,3,1,2,6,4,2337,4,3,True,3,7,57,8
Ohio4,LS1,Combined,Set1,Draw2,6,col6,Combined|Set1|Draw2|col6,A,combined,1,3,1,2,6,5,2337,4,3,True,3,7,57,8
Ohio4,LS1,Combined,Set1,Draw2,6,col6,Combined|Set1|Draw2|col6,A,combined,1,3,1,2,6,6,2337,4,3,True,3,7,57,8
Ohio4,LS1,Combined,Set1,Draw2,6,col6,Combined|Set1|Draw2|col6,A,combined,1,3,1,2,6,7,33,2,1,True,3,7,57,8
Ohio4,LS1,Combined,Set1,Draw2,6,col6,Combined|Set1|Draw2|col6,B,own,1,3,1,2,6,0,99200338867,11,7,False,2,4,5,5
Ohio4,LS1,Combined,Set1,Draw2,6,col6,Combined|Set1|Draw2|col6,B,own,1,3,1,2,6,1,992007,6,4,False,2,4,5,5
Ohio4,LS1,Combined,Set1,Draw2,6,col6,Combined|Set1|Draw2|col6,B,own,1,3,1,2,6,2,27,2,2,True,2,4,5,5
Ohio4,LS1,Combined,Set1,Draw2,6,col6,Combined|Set1|Draw2|col6,B,own,1,3,1,2,6,3,27,2,2,True,2,4,5,5
Ohio4,LS1,Combined,Set1,Draw2,6,col6,Combined|Set1|Draw2|col6,B,own,1,3,1,2,6,4,,0,0,False,2,4,5,5
Ohio4,LS1,Combined,Set1,Draw2,6,col6,Combined|Set1|Draw2|col6,B,combined,1,3,1,2,6,0,99200338867,11,7,False,3,7,8,6
Ohio4,LS1,Combined,Set1,Draw2,6,col6,Combined|Set1|Draw2|col6,B,combined,1,3,1,2,6,1,992007,6,4,False,3,7,8,6
Ohio4,LS1,Combined,Set1,Draw2,6,col6,Combined|Set1|Draw2|col6,B,combined,1,3,1,2,6,2,992007,6,4,False,3,7,8,6
Ohio4,LS1,Combined,Set1,Draw2,6,col6,Combined|Set1|Draw2|col6,B,combined,1,3,1,2,6,3,27,2,2,True,3,7,8,6
Ohio4,LS1,Combined,Set1,Draw2,6,col6,Combined|Set1|Draw2|col6,B,combined,1,3,1,2,6,4,27,2,2,True,3,7,8,6
Ohio4,LS1,Combined,Set1,Draw2,6,col6,Combined|Set1|Draw2|col6,B,combined,1,3,1,2,6,7,,0,0,False,3,7,8,6
Ohio4,LS1,Combined,Set1,Draw2,6,col6,Combined|Set1|Draw2|col6,C,own,1,3,1,2,6,0,99200338867,11,7,False,2,4,5,5
Ohio4,LS1,Combined,Set1,Draw2,6,col6,Combined|Set1|Draw2|col6,C,own,1,3,1,2,6,1,992007,6,4,False,2,4,5,5
Ohio4,LS1,Combined,Set1,Draw2,6,col6,Combined|Set1|Draw2|col6,C,own,1,3,1,2,6,2,27,2,2,True,2,4,5,5
Ohio4,LS1,Combined,Set1,Draw2,6,col6,Combined|Set1|Draw2|col6,C,own,1,3,1,2,6,3,27,2,2,True,2,4,5,5
Ohio4,LS1,Combined,Set1,Draw2,6,col6,Combined|Set1|Draw2|col6,C,own,1,3,1,2,6,4,,0,0,False,2,4,5,5
Ohio4,LS1,Combined,Set1,Draw2,6,col6,Combined|Set1|Draw2|col6,C,combined,1,3,1,2,6,0,99200338867,11,7,False,3,7,8,6
Ohio4,LS1,Combined,Set1,Draw2,6,col6,Combined|Set1|Draw2|col6,C,combined,1,3,1,2,6,1,992007,6,4,False,3,7,8,6
Ohio4,LS1,Combined,Set1,Draw2,6,col6,Combined|Set1|Draw2|col6,C,combined,1,3,1,2,6,2,992007,6,4,False,3,7,8,6
Ohio4,LS1,Combined,Set1,Draw2,6,col6,Combined|Set1|Draw2|col6,C,combined,1,3,1,2,6,3,27,2,2,True,3,7,8,6
Ohio4,LS1,Combined,Set1,Draw2,6,col6,Combined|Set1|Draw2|col6,C,combined,1,3,1,2,6,4,27,2,2,True,3,7,8,6
Ohio4,LS1,Combined,Set1,Draw2,6,col6,Combined|Set1|Draw2|col6,C,combined,1,3,1,2,6,7,,0,0,False,3,7,8,6
Ohio4,LS1,Combined,Set1,Draw2,6,col6,Combined|Set1|Draw2|col6,D,own,1,3,1,2,6,0,99200338867,11,7,False,2,4,5,5
Ohio4,LS1,Combined,Set1,Draw2,6,col6,Combined|Set1|Draw2|col6,D,own,1,3,1,2,6,1,992007,6,4,False,2,4,5,5
Ohio4,LS1,Combined,Set1,Draw2,6,col6,Combined|Set1|Draw2|col6,D,own,1,3,1,2,6,2,27,2,2,True,2,4,5,5
Ohio4,LS1,Combined,Set1,Draw2,6,col6,Combined|Set1|Draw2|col6,D,own,1,3,1,2,6,3,27,2,2,True,2,4,5,5
Ohio4,LS1,Combined,Set1,Draw2,6,col6,Combined|Set1|Draw2|col6,D,own,1,3,1,2,6,4,,0,0,False,2,4,5,5
Ohio4,LS1,Combined,Set1,Draw2,6,col6,Combined|Set1|Draw2|col6,D,combined,1,3,1,2,6,0,99200338867,11,7,False,3,7,8,6
Ohio4,LS1,Combined,Set1,Draw2,6,col6,Combined|Set1|Draw2|col6,D,combined,1,3,1,2,6,1,992007,6,4,False,3,7,8,6
Ohio4,LS1,Combined,Set1,Draw2,6,col6,Combined|Set1|Draw2|col6,D,combined,1,3,1,2,6,2,992007,6,4,False,3,7,8,6
Ohio4,LS1,Combined,Set1,Draw2,6,col6,Combined|Set1|Draw2|col6,D,combined,1,3,1,2,6,3,27,2,2,True,3,7,8,6
Ohio4,LS1,Combined,Set1,Draw2,6,col6,Combined|Set1|Draw2|col6,D,combined,1,3,1,2,6,4,27,2,2,True,3,7,8,6
Ohio4,LS1,Combined,Set1,Draw2,6,col6,Combined|Set1|Draw2|col6,D,combined,1,3,1,2,6,7,,0,0,False,3,7,8,6
Ohio4,LS1,Combined,Set1,Draw2,6,col6,Combined|Set1|Draw2|col6,E,own,1,3,1,2,6,0,99200338867,11,7,False,4,8,9,7
Ohio4,LS1,Combined,Set1,Draw2,6,col6,Combined|Set1|Draw2|col6,E,own,1,3,1,2,6,1,99200337,8,5,False,4,8,9,7
Ohio4,LS1,Combined,Set1,Draw2,6,col6,Combined|Set1|Draw2|col6,E,own,1,3,1,2,6,2,920337,6,5,False,4,8,9,7
Ohio4,LS1,Combined,Set1,Draw2,6,col6,Combined|Set1|Draw2|col6,E,own,1,3,1,2,6,3,2037,4,4,False,4,8,9,7
Ohio4,LS1,Combined,Set1,Draw2,6,col6,Combined|Set1|Draw2|col6,E,own,1,3,1,2,6,4,3,1,1,True,4,8,9,7
Ohio4,LS1,Combined,Set1,Draw2,6,col6,Combined|Set1|Draw2|col6,E,own,1,3,1,2,6,5,3,1,1,True,4,8,9,7
Ohio4,LS1,Combined,Set1,Draw2,6,col6,Combined|Set1|Draw2|col6,E,own,1,3,1,2,6,8,,0,0,False,4,8,9,7
Ohio4,LS1,Combined,Set1,Draw2,6,col6,Combined|Set1|Draw2|col6,E,combined,1,3,1,2,6,0,99200338867,11,7,False,4,7,8,7
Ohio4,LS1,Combined,Set1,Draw2,6,col6,Combined|Set1|Draw2|col6,E,combined,1,3,1,2,6,1,99200337,8,5,False,4,7,8,7
Ohio4,LS1,Combined,Set1,Draw2,6,col6,Combined|Set1|Draw2|col6,E,combined,1,3,1,2,6,2,992007,6,4,False,4,7,8,7
Ohio4,LS1,Combined,Set1,Draw2,6,col6,Combined|Set1|Draw2|col6,E,combined,1,3,1,2,6,3,9207,4,4,False,4,7,8,7
Ohio4,LS1,Combined,Set1,Draw2,6,col6,Combined|Set1|Draw2|col6,E,combined,1,3,1,2,6,4,27,2,2,True,4,7,8,7
Ohio4,LS1,Combined,Set1,Draw2,6,col6,Combined|Set1|Draw2|col6,E,combined,1,3,1,2,6,5,27,2,2,True,4,7,8,7
Ohio4,LS1,Combined,Set1,Draw2,6,col6,Combined|Set1|Draw2|col6,E,combined,1,3,1,2,6,7,,0,0,False,4,7,8,7
Ohio4,LS1,Combined,Set1,Draw2,6,col6,Combined|Set1|Draw2|col6,T,own,1,3,1,2,6,0,99200338867,11,7,False,2,4,5,5
Ohio4,LS1,Combined,Set1,Draw2,6,col6,Combined|Set1|Draw2|col6,T,own,1,3,1,2,6,1,992007,6,4,False,2,4,5,5
Ohio4,LS1,Combined,Set1,Draw2,6,col6,Combined|Set1|Draw2|col6,T,own,1,3,1,2,6,2,27,2,2,True,2,4,5,5
Ohio4,LS1,Combined,Set1,Draw2,6,col6,Combined|Set1|Draw2|col6,T,own,1,3,1,2,6,3,27,2,2,True,2,4,5,5
Ohio4,LS1,Combined,Set1,Draw2,6,col6,Combined|Set1|Draw2|col6,T,own,1,3,1,2,6,4,,0,0,False,2,4,5,5
Ohio4,LS1,Combined,Set1,Draw2,6,col6,Combined|Set1|Draw2|col6,T,combined,1,3,1,2,6,0,99200338867,11,7,False,3,7,8,6
Ohio4,LS1,Combined,Set1,Draw2,6,col6,Combined|Set1|Draw2|col6,T,combined,1,3,1,2,6,1,992007,6,4,False,3,7,8,6
Ohio4,LS1,Combined,Set1,Draw2,6,col6,Combined|Set1|Draw2|col6,T,combined,1,3,1,2,6,2,992007,6,4,False,3,7,8,6
Ohio4,LS1,Combined,Set1,Draw2,6,col6,Combined|Set1|Draw2|col6,T,combined,1,3,1,2,6,3,27,2,2,True,3,7,8,6
Ohio4,LS1,Combined,Set1,Draw2,6,col6,Combined|Set1|Draw2|col6,T,combined,1,3,1,2,6,4,27,2,2,True,3,7,8,6
Ohio4,LS1,Combined,Set1,Draw2,6,col6,Combined|Set1|Draw2|col6,T,combined,1,3,1,2,6,7,,0,0,False,3,7,8,6
Ohio4,LS1,Combined,Set1,Draw2,5,col5,Combined|Set1|Draw2|col5,A,own,1,3,1,2,5,0,9900338867,10,6,False,2,4,29,5
Ohio4,LS1,Combined,Set1,Draw2,5,col5,Combined|Set1|Draw2|col5,A,own,1,3,1,2,5,1,9900337,7,4,False,2,4,29,5
Ohio4,LS1,Combined,Set1,Draw2,5,col5,Combined|Set1|Draw2|col5,A,own,1,3,1,2,5,2,337,3,2,True,2,4,29,5
Ohio4,LS1,Combined,Set1,Draw2,5,col5,Combined|Set1|Draw2|col5,A,own,1,3,1,2,5,3,337,3,2,True,2,4,29,5
Ohio4,LS1,Combined,Set1,Draw2,5,col5,Combined|Set1|Draw2|col5,A,own,1,3,1,2,5,4,33,2,1,True,2,4,29,5
Ohio4,LS1,Combined,Set1,Draw2,5,col5,Combined|Set1|Draw2|col5,A,combined,1,3,1,2,5,0,9900338867,10,6,False,3,7,57,6
Ohio4,LS1,Combined,Set1,Draw2,5,col5,Combined|Set1|Draw2|col5,A,combined,1,3,1,2,5,1,9900337,7,4,False,3,7,57,6
Ohio4,LS1,Combined,Set1,Draw2,5,col5,Combined|Set1|Draw2|col5,A,combined,1,3,1,2,5,2,9900337,7,4,False,3,7,57,6
Ohio4,LS1,Combined,Set1,Draw2,5,col5,Combined|Set1|Draw2|col5,A,combined,1,3,1,2,5,3,337,3,2,True,3,7,57,6
Ohio4,LS1,Combined,Set1,Draw2,5,col5,Combined|Set1|Draw2|col5,A,combined,1,3,1,2,5,4,337,3,2,True,3,7,57,6
Ohio4,LS1,Combined,Set1,Draw2,5,col5,Combined|Set1|Draw2|col5,A,combined,1,3,1,2,5,7,33,2,1,True,3,7,57,6
Ohio4,LS1,Combined,Set1,Draw2,5,col5,Combined|Set1|Draw2|col5,B,own,1,3,1,2,5,0,9900338867,10,6,False,1,4,5,5
Ohio4,LS1,Combined,Set1,Draw2,5,col5,Combined|Set1|Draw2|col5,B,own,1,3,1,2,5,1,99007,5,3,True,1,4,5,5
Ohio4,LS1,Combined,Set1,Draw2,5,col5,Combined|Set1|Draw2|col5,B,own,1,3,1,2,5,2,7,1,1,True,1,4,5,5
Ohio4,LS1,Combined,Set1,Draw2,5,col5,Combined|Set1|Draw2|col5,B,own,1,3,1,2,5,3,7,1,1,True,1,4,5,5
Ohio4,LS1,Combined,Set1,Draw2,5,col5,Combined|Set1|Draw2|col5,B,own,1,3,1,2,5,4,,0,0,False,1,4,5,5
Ohio4,LS1,Combined,Set1,Draw2,5,col5,Combined|Set1|Draw2|col5,B,combined,1,3,1,2,5,0,9900338867,10,6,False,1,7,8,6
Ohio4,LS1,Combined,Set1,Draw2,5,col5,Combined|Set1|Draw2|col5,B,combined,1,3,1,2,5,1,99007,5,3,True,1,7,8,6
Ohio4,LS1,Combined,Set1,Draw2,5,col5,Combined|Set1|Draw2|col5,B,combined,1,3,1,2,5,2,99007,5,3,True,1,7,8,6
Ohio4,LS1,Combined,Set1,Draw2,5,col5,Combined|Set1|Draw2|col5,B,combined,1,3,1,2,5,3,7,1,1,True,1,7,8,6
Ohio4,LS1,Combined,Set1,Draw2,5,col5,Combined|Set1|Draw2|col5,B,combined,1,3,1,2,5,4,7,1,1,True,1,7,8,6
Ohio4,LS1,Combined,Set1,Draw2,5,col5,Combined|Set1|Draw2|col5,B,combined,1,3,1,2,5,7,,0,0,False,1,7,8,6
Ohio4,LS1,Combined,Set1,Draw2,5,col5,Combined|Set1|Draw2|col5,C,own,1,3,1,2,5,0,9900338867,10,6,False,1,4,5,5
Ohio4,LS1,Combined,Set1,Draw2,5,col5,Combined|Set1|Draw2|col5,C,own,1,3,1,2,5,1,99007,5,3,True,1,4,5,5
Ohio4,LS1,Combined,Set1,Draw2,5,col5,Combined|Set1|Draw2|col5,C,own,1,3,1,2,5,2,7,1,1,True,1,4,5,5
Ohio4,LS1,Combined,Set1,Draw2,5,col5,Combined|Set1|Draw2|col5,C,own,1,3,1,2,5,3,7,1,1,True,1,4,5,5
Ohio4,LS1,Combined,Set1,Draw2,5,col5,Combined|Set1|Draw2|col5,C,own,1,3,1,2,5,4,,0,0,False,1,4,5,5
Ohio4,LS1,Combined,Set1,Draw2,5,col5,Combined|Set1|Draw2|col5,C,combined,1,3,1,2,5,0,9900338867,10,6,False,1,7,8,6
Ohio4,LS1,Combined,Set1,Draw2,5,col5,Combined|Set1|Draw2|col5,C,combined,1,3,1,2,5,1,99007,5,3,True,1,7,8,6
Ohio4,LS1,Combined,Set1,Draw2,5,col5,Combined|Set1|Draw2|col5,C,combined,1,3,1,2,5,2,99007,5,3,True,1,7,8,6
Ohio4,LS1,Combined,Set1,Draw2,5,col5,Combined|Set1|Draw2|col5,C,combined,1,3,1,2,5,3,7,1,1,True,1,7,8,6
Ohio4,LS1,Combined,Set1,Draw2,5,col5,Combined|Set1|Draw2|col5,C,combined,1,3,1,2,5,4,7,1,1,True,1,7,8,6
Ohio4,LS1,Combined,Set1,Draw2,5,col5,Combined|Set1|Draw2|col5,C,combined,1,3,1,2,5,7,,0,0,False,1,7,8,6
Ohio4,LS1,Combined,Set1,Draw2,5,col5,Combined|Set1|Draw2|col5,D,own,1,3,1,2,5,0,9900338867,10,6,False,1,4,5,5
Ohio4,LS1,Combined,Set1,Draw2,5,col5,Combined|Set1|Draw2|col5,D,own,1,3,1,2,5,1,99007,5,3,True,1,4,5,5
Ohio4,LS1,Combined,Set1,Draw2,5,col5,Combined|Set1|Draw2|col5,D,own,1,3,1,2,5,2,7,1,1,True,1,4,5,5
Ohio4,LS1,Combined,Set1,Draw2,5,col5,Combined|Set1|Draw2|col5,D,own,1,3,1,2,5,3,7,1,1,True,1,4,5,5
Ohio4,LS1,Combined,Set1,Draw2,5,col5,Combined|Set1|Draw2|col5,D,own,1,3,1,2,5,4,,0,0,False,1,4,5,5
Ohio4,LS1,Combined,Set1,Draw2,5,col5,Combined|Set1|Draw2|col5,D,combined,1,3,1,2,5,0,9900338867,10,6,False,1,7,8,6
Ohio4,LS1,Combined,Set1,Draw2,5,col5,Combined|Set1|Draw2|col5,D,combined,1,3,1,2,5,1,99007,5,3,True,1,7,8,6
Ohio4,LS1,Combined,Set1,Draw2,5,col5,Combined|Set1|Draw2|col5,D,combined,1,3,1,2,5,2,99007,5,3,True,1,7,8,6
Ohio4,LS1,Combined,Set1,Draw2,5,col5,Combined|Set1|Draw2|col5,D,combined,1,3,1,2,5,3,7,1,1,True,1,7,8,6
Ohio4,LS1,Combined,Set1,Draw2,5,col5,Combined|Set1|Draw2|col5,D,combined,1,3,1,2,5,4,7,1,1,True,1,7,8,6
Ohio4,LS1,Combined,Set1,Draw2,5,col5,Combined|Set1|Draw2|col5,D,combined,1,3,1,2,5,7,,0,0,False,1,7,8,6
Ohio4,LS1,Combined,Set1,Draw2,5,col5,Combined|Set1|Draw2|col5,E,own,1,3,1,2,5,0,9900338867,10,6,False,3,8,9,7
Ohio4,LS1,Combined,Set1,Draw2,5,col5,Combined|Set1|Draw2|col5,E,own,1,3,1,2,5,1,9900337,7,4,False,3,8,9,7
Ohio4,LS1,Combined,Set1,Draw2,5,col5,Combined|Set1|Draw2|col5,E,own,1,3,1,2,5,2,90337,5,4,False,3,8,9,7
Ohio4,LS1,Combined,Set1,Draw2,5,col5,Combined|Set1|Draw2|col5,E,own,1,3,1,2,5,3,037,3,3,True,3,8,9,7
Ohio4,LS1,Combined,Set1,Draw2,5,col5,Combined|Set1|Draw2|col5,E,own,1,3,1,2,5,4,3,1,1,True,3,8,9,7
Ohio4,LS1,Combined,Set1,Draw2,5,col5,Combined|Set1|Draw2|col5,E,own,1,3,1,2,5,5,3,1,1,True,3,8,9,7
Ohio4,LS1,Combined,Set1,Draw2,5,col5,Combined|Set1|Draw2|col5,E,own,1,3,1,2,5,8,,0,0,False,3,8,9,7
Ohio4,LS1,Combined,Set1,Draw2,5,col5,Combined|Set1|Draw2|col5,E,combined,1,3,1,2,5,0,9900338867,10,6,False,2,7,8,7
Ohio4,LS1,Combined,Set1,Draw2,5,col5,Combined|Set1|Draw2|col5,E,combined,1,3,1,2,5,1,9900337,7,4,False,2,7,8,7
Ohio4,LS1,Combined,Set1,Draw2,5,col5,Combined|Set1|Draw2|col5,E,combined,1,3,1,2,5,2,99007,5,3,True,2,7,8,7
Ohio4,LS1,Combined,Set1,Draw2,5,col5,Combined|Set1|Draw2|col5,E,combined,1,3,1,2,5,3,907,3,3,True,2,7,8,7
Ohio4,LS1,Combined,Set1,Draw2,5,col5,Combined|Set1|Draw2|col5,E,combined,1,3,1,2,5,4,7,1,1,True,2,7,8,7
Ohio4,LS1,Combined,Set1,Draw2,5,col5,Combined|Set1|Draw2|col5,E,combined,1,3,1,2,5,5,7,1,1,True,2,7,8,7
Ohio4,LS1,Combined,Set1,Draw2,5,col5,Combined|Set1|Draw2|col5,E,combined,1,3,1,2,5,7,,0,0,False,2,7,8,7
Ohio4,LS1,Combined,Set1,Draw2,5,col5,Combined|Set1|Draw2|col5,T,own,1,3,1,2,5,0,9900338867,10,6,False,1,4,5,5
Ohio4,LS1,Combined,Set1,Draw2,5,col5,Combined|Set1|Draw2|col5,T,own,1,3,1,2,5,1,99007,5,3,True,1,4,5,5
Ohio4,LS1,Combined,Set1,Draw2,5,col5,Combined|Set1|Draw2|col5,T,own,1,3,1,2,5,2,7,1,1,True,1,4,5,5
Ohio4,LS1,Combined,Set1,Draw2,5,col5,Combined|Set1|Draw2|col5,T,own,1,3,1,2,5,3,7,1,1,True,1,4,5,5
Ohio4,LS1,Combined,Set1,Draw2,5,col5,Combined|Set1|Draw2|col5,T,own,1,3,1,2,5,4,,0,0,False,1,4,5,5
Ohio4,LS1,Combined,Set1,Draw2,5,col5,Combined|Set1|Draw2|col5,T,combined,1,3,1,2,5,0,9900338867,10,6,False,1,7,8,6
Ohio4,LS1,Combined,Set1,Draw2,5,col5,Combined|Set1|Draw2|col5,T,combined,1,3,1,2,5,1,99007,5,3,True,1,7,8,6
Ohio4,LS1,Combined,Set1,Draw2,5,col5,Combined|Set1|Draw2|col5,T,combined,1,3,1,2,5,2,99007,5,3,True,1,7,8,6
Ohio4,LS1,Combined,Set1,Draw2,5,col5,Combined|Set1|Draw2|col5,T,combined,1,3,1,2,5,3,7,1,1,True,1,7,8,6
Ohio4,LS1,Combined,Set1,Draw2,5,col5,Combined|Set1|Draw2|col5,T,combined,1,3,1,2,5,4,7,1,1,True,1,7,8,6
Ohio4,LS1,Combined,Set1,Draw2,5,col5,Combined|Set1|Draw2|col5,T,combined,1,3,1,2,5,7,,0,0,False,1,7,8,6
Ohio4,LS1,Combined,Set1,Draw2,4,col4,Combined|Set1|Draw2|col4,A,own,1,3,1,2,4,0,99033886*,9,6,False,2,2,29,3
Ohio4,LS1,Combined,Set1,Draw2,4,col4,Combined|Set1|Draw2|col4,A,own,1,3,1,2,4,1,99033*,6,4,False,2,2,29,3
Ohio4,LS1,Combined,Set1,Draw2,4,col4,Combined|Set1|Draw2|col4,A,own,1,3,1,2,4,2,33*,3,2,True,2,2,29,3
Ohio4,LS1,Combined,Set1,Draw2,4,col4,Combined|Set1|Draw2|col4,A,combined,1,3,1,2,4,0,99033886*,9,6,False,3,3,57,4
Ohio4,LS1,Combined,Set1,Draw2,4,col4,Combined|Set1|Draw2|col4,A,combined,1,3,1,2,4,1,99033*,6,4,False,3,3,57,4
Ohio4,LS1,Combined,Set1,Draw2,4,col4,Combined|Set1|Draw2|col4,A,combined,1,3,1,2,4,2,99033*,6,4,False,3,3,57,4
Ohio4,LS1,Combined,Set1,Draw2,4,col4,Combined|Set1|Draw2|col4,A,combined,1,3,1,2,4,3,33*,3,2,True,3,3,57,4
Ohio4,LS1,Combined,Set1,Draw2,4,col4,Combined|Set1|Draw2|col4,B,own,1,3,1,2,4,0,99033886*,9,6,False,1,2,29,3
Ohio4,LS1,Combined,Set1,Draw2,4,col4,Combined|Set1|Draw2|col4,B,own,1,3,1,2,4,1,990*,4,3,True,1,2,29,3
Ohio4,LS1,Combined,Set1,Draw2,4,col4,Combined|Set1|Draw2|col4,B,own,1,3,1,2,4,2,*,1,1,True,1,2,29,3
Ohio4,LS1,Combined,Set1,Draw2,4,col4,Combined|Set1|Draw2|col4,B,combined,1,3,1,2,4,0,99033886*,9,6,False,1,3,57,4
Ohio4,LS1,Combined,Set1,Draw2,4,col4,Combined|Set1|Draw2|col4,B,combined,1,3,1,2,4,1,990*,4,3,True,1,3,57,4
Ohio4,LS1,Combined,Set1,Draw2,4,col4,Combined|Set1|Draw2|col4,B,combined,1,3,1,2,4,2,990*,4,3,True,1,3,57,4
Ohio4,LS1,Combined,Set1,Draw2,4,col4,Combined|Set1|Draw2|col4,B,combined,1,3,1,2,4,3,*,1,1,True,1,3,57,4
Ohio4,LS1,Combined,Set1,Draw2,4,col4,Combined|Set1|Draw2|col4,C,own,1,3,1,2,4,0,99033886*,9,6,False,1,2,29,3
Ohio4,LS1,Combined,Set1,Draw2,4,col4,Combined|Set1|Draw2|col4,C,own,1,3,1,2,4,1,990*,4,3,True,1,2,29,3
Ohio4,LS1,Combined,Set1,Draw2,4,col4,Combined|Set1|Draw2|col4,C,own,1,3,1,2,4,2,*,1,1,True,1,2,29,3
Ohio4,LS1,Combined,Set1,Draw2,4,col4,Combined|Set1|Draw2|col4,C,combined,1,3,1,2,4,0,99033886*,9,6,False,1,3,57,4
Ohio4,LS1,Combined,Set1,Draw2,4,col4,Combined|Set1|Draw2|col4,C,combined,1,3,1,2,4,1,990*,4,3,True,1,3,57,4
Ohio4,LS1,Combined,Set1,Draw2,4,col4,Combined|Set1|Draw2|col4,C,combined,1,3,1,2,4,2,990*,4,3,True,1,3,57,4
Ohio4,LS1,Combined,Set1,Draw2,4,col4,Combined|Set1|Draw2|col4,C,combined,1,3,1,2,4,3,*,1,1,True,1,3,57,4
Ohio4,LS1,Combined,Set1,Draw2,4,col4,Combined|Set1|Draw2|col4,D,own,1,3,1,2,4,0,99033886*,9,6,False,1,2,29,3
Ohio4,LS1,Combined,Set1,Draw2,4,col4,Combined|Set1|Draw2|col4,D,own,1,3,1,2,4,1,990*,4,3,True,1,2,29,3
Ohio4,LS1,Combined,Set1,Draw2,4,col4,Combined|Set1|Draw2|col4,D,own,1,3,1,2,4,2,*,1,1,True,1,2,29,3
Ohio4,LS1,Combined,Set1,Draw2,4,col4,Combined|Set1|Draw2|col4,D,combined,1,3,1,2,4,0,99033886*,9,6,False,1,3,57,4
Ohio4,LS1,Combined,Set1,Draw2,4,col4,Combined|Set1|Draw2|col4,D,combined,1,3,1,2,4,1,990*,4,3,True,1,3,57,4
Ohio4,LS1,Combined,Set1,Draw2,4,col4,Combined|Set1|Draw2|col4,D,combined,1,3,1,2,4,2,990*,4,3,True,1,3,57,4
Ohio4,LS1,Combined,Set1,Draw2,4,col4,Combined|Set1|Draw2|col4,D,combined,1,3,1,2,4,3,*,1,1,True,1,3,57,4
Ohio4,LS1,Combined,Set1,Draw2,4,col4,Combined|Set1|Draw2|col4,E,own,1,3,1,2,4,0,99033886*,9,6,False,2,8,29,6
Ohio4,LS1,Combined,Set1,Draw2,4,col4,Combined|Set1|Draw2|col4,E,own,1,3,1,2,4,1,99033*,6,4,False,2,8,29,6
Ohio4,LS1,Combined,Set1,Draw2,4,col4,Combined|Set1|Draw2|col4,E,own,1,3,1,2,4,2,933*,4,3,True,2,8,29,6
Ohio4,LS1,Combined,Set1,Draw2,4,col4,Combined|Set1|Draw2|col4,E,own,1,3,1,2,4,3,3*,2,2,True,2,8,29,6
Ohio4,LS1,Combined,Set1,Draw2,4,col4,Combined|Set1|Draw2|col4,E,own,1,3,1,2,4,4,3*,2,2,True,2,8,29,6
Ohio4,LS1,Combined,Set1,Draw2,4,col4,Combined|Set1|Draw2|col4,E,own,1,3,1,2,4,8,*,1,1,True,2,8,29,6
Ohio4,LS1,Combined,Set1,Draw2,4,col4,Combined|Set1|Draw2|col4,E,combined,1,3,1,2,4,0,99033886*,9,6,False,2,4,57,5
Ohio4,LS1,Combined,Set1,Draw2,4,col4,Combined|Set1|Draw2|col4,E,combined,1,3,1,2,4,1,99033*,6,4,False,2,4,57,5
Ohio4,LS1,Combined,Set1,Draw2,4,col4,Combined|Set1|Draw2|col4,E,combined,1,3,1,2,4,2,990*,4,3,True,2,4,57,5
Ohio4,LS1,Combined,Set1,Draw2,4,col4,Combined|Set1|Draw2|col4,E,combined,1,3,1,2,4,3,9*,2,2,True,2,4,57,5
Ohio4,LS1,Combined,Set1,Draw2,4,col4,Combined|Set1|Draw2|col4,E,combined,1,3,1,2,4,4,*,1,1,True,2,4,57,5
Ohio4,LS1,Combined,Set1,Draw2,4,col4,Combined|Set1|Draw2|col4,T,own,1,3,1,2,4,0,99033886*,9,6,False,1,2,29,3
Ohio4,LS1,Combined,Set1,Draw2,4,col4,Combined|Set1|Draw2|col4,T,own,1,3,1,2,4,1,990*,4,3,True,1,2,29,3
Ohio4,LS1,Combined,Set1,Draw2,4,col4,Combined|Set1|Draw2|col4,T,own,1,3,1,2,4,2,*,1,1,True,1,2,29,3
Ohio4,LS1,Combined,Set1,Draw2,4,col4,Combined|Set1|Draw2|col4,T,combined,1,3,1,2,4,0,99033886*,9,6,False,1,3,57,4
Ohio4,LS1,Combined,Set1,Draw2,4,col4,Combined|Set1|Draw2|col4,T,combined,1,3,1,2,4,1,990*,4,3,True,1,3,57,4
Ohio4,LS1,Combined,Set1,Draw2,4,col4,Combined|Set1|Draw2|col4,T,combined,1,3,1,2,4,2,990*,4,3,True,1,3,57,4
Ohio4,LS1,Combined,Set1,Draw2,4,col4,Combined|Set1|Draw2|col4,T,combined,1,3,1,2,4,3,*,1,1,True,1,3,57,4
Ohio4,LS1,Combined,Set1,Draw3,5,col5,Combined|Set1|Draw3|col5,A,own,1,3,1,3,5,0,599003388667,12,7,False,2,7,29,7
Ohio4,LS1,Combined,Set1,Draw3,5,col5,Combined|Set1|Draw3|col5,A,own,1,3,1,3,5,1,59900337,8,5,False,2,7,29,7
Ohio4,LS1,Combined,Set1,Draw3,5,col5,Combined|Set1|Draw3|col5,A,own,1,3,1,3,5,2,5337,4,3,True,2,7,29,7
Ohio4,LS1,Combined,Set1,Draw3,5,col5,Combined|Set1|Draw3|col5,A,own,1,3,1,3,5,3,5337,4,3,True,2,7,29,7
Ohio4,LS1,Combined,Set1,Draw3,5,col5,Combined|Set1|Draw3|col5,A,own,1,3,1,3,5,4,533,3,2,True,2,7,29,7
Ohio4,LS1,Combined,Set1,Draw3,5,col5,Combined|Set1|Draw3|col5,A,own,1,3,1,3,5,5,533,3,2,True,2,7,29,7
Ohio4,LS1,Combined,Set1,Draw3,5,col5,Combined|Set1|Draw3|col5,A,own,1,3,1,3,5,7,33,2,1,True,2,7,29,7
Ohio4,LS1,Combined,Set1,Draw3,5,col5,Combined|Set1|Draw3|col5,A,combined,1,3,1,3,5,0,599003388667,12,7,False,3,13,57,10
Ohio4,LS1,Combined,Set1,Draw3,5,col5,Combined|Set1|Draw3|col5,A,combined,1,3,1,3,5,1,59900337,8,5,False,3,13,57,10
Ohio4,LS1,Combined,Set1,Draw3,5,col5,Combined|Set1|Draw3|col5,A,combined,1,3,1,3,5,2,59900337,8,5,False,3,13,57,10
Ohio4,LS1,Combined,Set1,Draw3,5,col5,Combined|Set1|Draw3|col5,A,combined,1,3,1,3,5,3,5337,4,3,True,3,13,57,10
Ohio4,LS1,Combined,Set1,Draw3,5,col5,Combined|Set1|Draw3|col5,A,combined,1,3,1,3,5,4,5337,4,3,True,3,13,57,10
Ohio4,LS1,Combined,Set1,Draw3,5,col5,Combined|Set1|Draw3|col5,A,combined,1,3,1,3,5,5,5337,4,3,True,3,13,57,10
Ohio4,LS1,Combined,Set1,Draw3,5,col5,Combined|Set1|Draw3|col5,A,combined,1,3,1,3,5,6,5337,4,3,True,3,13,57,10
Ohio4,LS1,Combined,Set1,Draw3,5,col5,Combined|Set1|Draw3|col5,A,combined,1,3,1,3,5,7,533,3,2,True,3,13,57,10
Ohio4,LS1,Combined,Set1,Draw3,5,col5,Combined|Set1|Draw3|col5,A,combined,1,3,1,3,5,8,533,3,2,True,3,13,57,10
Ohio4,LS1,Combined,Set1,Draw3,5,col5,Combined|Set1|Draw3|col5,A,combined,1,3,1,3,5,13,33,2,1,True,3,13,57,10
Ohio4,LS1,Combined,Set1,Draw3,5,col5,Combined|Set1|Draw3|col5,B,own,1,3,1,3,5,0,599003388667,12,7,False,2,4,5,5
Ohio4,LS1,Combined,Set1,Draw3,5,col5,Combined|Set1|Draw3|col5,B,own,1,3,1,3,5,1,599007,6,4,False,2,4,5,5
Ohio4,LS1,Combined,Set1,Draw3,5,col5,Combined|Set1|Draw3|col5,B,own,1,3,1,3,5,2,57,2,2,True,2,4,5,5
Ohio4,LS1,Combined,Set1,Draw3,5,col5,Combined|Set1|Draw3|col5,B,own,1,3,1,3,5,3,57,2,2,True,2,4,5,5
Ohio4,LS1,Combined,Set1,Draw3,5,col5,Combined|Set1|Draw3|col5,B,own,1,3,1,3,5,4,,0,0,False,2,4,5,5
Ohio4,LS1,Combined,Set1,Draw3,5,col5,Combined|Set1|Draw3|col5,B,combined,1,3,1,3,5,0,599003388667,12,7,False,3,7,8,7
Ohio4,LS1,Combined,Set1,Draw3,5,col5,Combined|Set1|Draw3|col5,B,combined,1,3,1,3,5,1,599007,6,4,False,3,7,8,7
Ohio4,LS1,Combined,Set1,Draw3,5,col5,Combined|Set1|Draw3|col5,B,combined,1,3,1,3,5,2,599007,6,4,False,3,7,8,7
Ohio4,LS1,Combined,Set1,Draw3,5,col5,Combined|Set1|Draw3|col5,B,combined,1,3,1,3,5,3,57,2,2,True,3,7,8,7
Ohio4,LS1,Combined,Set1,Draw3,5,col5,Combined|Set1|Draw3|col5,B,combined,1,3,1,3,5,4,7,1,1,True,3,7,8,7
Ohio4,LS1,Combined,Set1,Draw3,5,col5,Combined|Set1|Draw3|col5,B,combined,1,3,1,3,5,5,7,1,1,True,3,7,8,7
Ohio4,LS1,Combined,Set1,Draw3,5,col5,Combined|Set1|Draw3|col5,B,combined,1,3,1,3,5,7,,0,0,False,3,7,8,7
Ohio4,LS1,Combined,Set1,Draw3,5,col5,Combined|Set1|Draw3|col5,C,own,1,3,1,3,5,0,599003388667,12,7,False,2,4,5,5
Ohio4,LS1,Combined,Set1,Draw3,5,col5,Combined|Set1|Draw3|col5,C,own,1,3,1,3,5,1,599007,6,4,False,2,4,5,5
Ohio4,LS1,Combined,Set1,Draw3,5,col5,Combined|Set1|Draw3|col5,C,own,1,3,1,3,5,2,7,1,1,True,2,4,5,5
Ohio4,LS1,Combined,Set1,Draw3,5,col5,Combined|Set1|Draw3|col5,C,own,1,3,1,3,5,3,7,1,1,True,2,4,5,5
Ohio4,LS1,Combined,Set1,Draw3,5,col5,Combined|Set1|Draw3|col5,C,own,1,3,1,3,5,4,,0,0,False,2,4,5,5
Ohio4,LS1,Combined,Set1,Draw3,5,col5,Combined|Set1|Draw3|col5,C,combined,1,3,1,3,5,0,599003388667,12,7,False,3,7,8,6
Ohio4,LS1,Combined,Set1,Draw3,5,col5,Combined|Set1|Draw3|col5,C,combined,1,3,1,3,5,1,599007,6,4,False,3,7,8,6
Ohio4,LS1,Combined,Set1,Draw3,5,col5,Combined|Set1|Draw3|col5,C,combined,1,3,1,3,5,2,599007,6,4,False,3,7,8,6
Ohio4,LS1,Combined,Set1,Draw3,5,col5,Combined|Set1|Draw3|col5,C,combined,1,3,1,3,5,3,7,1,1,True,3,7,8,6
Ohio4,LS1,Combined,Set1,Draw3,5,col5,Combined|Set1|Draw3|col5,C,combined,1,3,1,3,5,4,7,1,1,True,3,7,8,6
Ohio4,LS1,Combined,Set1,Draw3,5,col5,Combined|Set1|Draw3|col5,C,combined,1,3,1,3,5,7,,0,0,False,3,7,8,6
Ohio4,LS1,Combined,Set1,Draw3,5,col5,Combined|Set1|Draw3|col5,D,own,1,3,1,3,5,0,599003388667,12,7,False,2,4,5,5
Ohio4,LS1,Combined,Set1,Draw3,5,col5,Combined|Set1|Draw3|col5,D,own,1,3,1,3,5,1,599007,6,4,False,2,4,5,5
Ohio4,LS1,Combined,Set1,Draw3,5,col5,Combined|Set1|Draw3|col5,D,own,1,3,1,3,5,2,7,1,1,True,2,4,5,5
Ohio4,LS1,Combined,Set1,Draw3,5,col5,Combined|Set1|Draw3|col5,D,own,1,3,1,3,5,3,7,1,1,True,2,4,5,5
Ohio4,LS1,Combined,Set1,Draw3,5,col5,Combined|Set1|Draw3|col5,D,own,1,3,1,3,5,4,,0,0,False,2,4,5,5
Ohio4,LS1,Combined,Set1,Draw3,5,col5,Combined|Set1|Draw3|col5,D,combined,1,3,1,3,5,0,599003388667,12,7,False,3,7,8,6
Ohio4,LS1,Combined,Set1,Draw3,5,col5,Combined|Set1|Draw3|col5,D,combined,1,3,1,3,5,1,599007,6,4,False,3,7,8,6
Ohio4,LS1,Combined,Set1,Draw3,5,col5,Combined|Set1|Draw3|col5,D,combined,1,3,1,3,5,2,599007,6,4,False,3,7,8,6
Ohio4,LS1,Combined,Set1,Draw3,5,col5,Combined|Set1|Draw3|col5,D,combined,1,3,1,3,5,3,7,1,1,True,3,7,8,6
Ohio4,LS1,Combined,Set1,Draw3,5,col5,Combined|Set1|Draw3|col5,D,combined,1,3,1,3,5,4,7,1,1,True,3,7,8,6
Ohio4,LS1,Combined,Set1,Draw3,5,col5,Combined|Set1|Draw3|col5,D,combined,1,3,1,3,5,7,,0,0,False,3,7,8,6
Ohio4,LS1,Combined,Set1,Draw3,5,col5,Combined|Set1|Draw3|col5,E,own,1,3,1,3,5,0,599003388667,12,7,False,4,8,9,8
Ohio4,LS1,Combined,Set1,Draw3,5,col5,Combined|Set1|Draw3|col5,E,own,1,3,1,3,5,1,599003367,9,6,False,4,8,9,8
Ohio4,LS1,Combined,Set1,Draw3,5,col5,Combined|Set1|Draw3|col5,E,own,1,3,1,3,5,2,590337,6,5,False,4,8,9,8
Ohio4,LS1,Combined,Set1,Draw3,5,col5,Combined|Set1|Draw3|col5,E,own,1,3,1,3,5,3,5037,4,4,False,4,8,9,8
Ohio4,LS1,Combined,Set1,Draw3,5,col5,Combined|Set1|Draw3|col5,E,own,1,3,1,3,5,4,53,2,2,True,4,8,9,8
Ohio4,LS1,Combined,Set1,Draw3,5,col5,Combined|Set1|Draw3|col5,E,own,1,3,1,3,5,5,53,2,2,True,4,8,9,8
Ohio4,LS1,Combined,Set1,Draw3,5,col5,Combined|Set1|Draw3|col5,E,own,1,3,1,3,5,7,3,1,1,True,4,8,9,8
Ohio4,LS1,Combined,Set1,Draw3,5,col5,Combined|Set1|Draw3|col5,E,own,1,3,1,3,5,8,,0,0,False,4,8,9,8
Ohio4,LS1,Combined,Set1,Draw3,5,col5,Combined|Set1|Draw3|col5,E,combined,1,3,1,3,5,0,599003388667,12,7,False,4,7,8,7
Ohio4,LS1,Combined,Set1,Draw3,5,col5,Combined|Set1|Draw3|col5,E,combined,1,3,1,3,5,1,599003367,9,6,False,4,7,8,7
Ohio4,LS1,Combined,Set1,Draw3,5,col5,Combined|Set1|Draw3|col5,E,combined,1,3,1,3,5,2,599007,6,4,False,4,7,8,7
Ohio4,LS1,Combined,Set1,Draw3,5,col5,Combined|Set1|Draw3|col5,E,combined,1,3,1,3,5,3,5907,4,4,False,4,7,8,7
Ohio4,LS1,Combined,Set1,Draw3,5,col5,Combined|Set1|Draw3|col5,E,combined,1,3,1,3,5,4,57,2,2,True,4,7,8,7
Ohio4,LS1,Combined,Set1,Draw3,5,col5,Combined|Set1|Draw3|col5,E,combined,1,3,1,3,5,5,57,2,2,True,4,7,8,7
Ohio4,LS1,Combined,Set1,Draw3,5,col5,Combined|Set1|Draw3|col5,E,combined,1,3,1,3,5,7,,0,0,False,4,7,8,7
Ohio4,LS1,Combined,Set1,Draw3,5,col5,Combined|Set1|Draw3|col5,T,own,1,3,1,3,5,0,599003388667,12,7,False,2,7,8,7
Ohio4,LS1,Combined,Set1,Draw3,5,col5,Combined|Set1|Draw3|col5,T,own,1,3,1,3,5,1,599007,6,4,False,2,7,8,7
Ohio4,LS1,Combined,Set1,Draw3,5,col5,Combined|Set1|Draw3|col5,T,own,1,3,1,3,5,2,57,2,2,True,2,7,8,7
Ohio4,LS1,Combined,Set1,Draw3,5,col5,Combined|Set1|Draw3|col5,T,own,1,3,1,3,5,3,57,2,2,True,2,7,8,7
Ohio4,LS1,Combined,Set1,Draw3,5,col5,Combined|Set1|Draw3|col5,T,own,1,3,1,3,5,4,5,1,1,True,2,7,8,7
Ohio4,LS1,Combined,Set1,Draw3,5,col5,Combined|Set1|Draw3|col5,T,own,1,3,1,3,5,5,5,1,1,True,2,7,8,7
Ohio4,LS1,Combined,Set1,Draw3,5,col5,Combined|Set1|Draw3|col5,T,own,1,3,1,3,5,7,,0,0,False,2,7,8,7
Ohio4,LS1,Combined,Set1,Draw3,5,col5,Combined|Set1|Draw3|col5,T,combined,1,3,1,3,5,0,599003388667,12,7,False,3,13,14,8
Ohio4,LS1,Combined,Set1,Draw3,5,col5,Combined|Set1|Draw3|col5,T,combined,1,3,1,3,5,1,599007,6,4,False,3,13,14,8
Ohio4,LS1,Combined,Set1,Draw3,5,col5,Combined|Set1|Draw3|col5,T,combined,1,3,1,3,5,2,599007,6,4,False,3,13,14,8
Ohio4,LS1,Combined,Set1,Draw3,5,col5,Combined|Set1|Draw3|col5,T,combined,1,3,1,3,5,3,57,2,2,True,3,13,14,8
Ohio4,LS1,Combined,Set1,Draw3,5,col5,Combined|Set1|Draw3|col5,T,combined,1,3,1,3,5,4,57,2,2,True,3,13,14,8
Ohio4,LS1,Combined,Set1,Draw3,5,col5,Combined|Set1|Draw3|col5,T,combined,1,3,1,3,5,7,5,1,1,True,3,13,14,8
Ohio4,LS1,Combined,Set1,Draw3,5,col5,Combined|Set1|Draw3|col5,T,combined,1,3,1,3,5,8,5,1,1,True,3,13,14,8
Ohio4,LS1,Combined,Set1,Draw3,5,col5,Combined|Set1|Draw3|col5,T,combined,1,3,1,3,5,13,,0,0,False,3,13,14,8
Ohio4,LS1,Combined,Set1,Draw3,4,col4,Combined|Set1|Draw3|col4,A,own,1,3,1,3,4,0,5990338866,10,6,False,2,7,29,5
Ohio4,LS1,Combined,Set1,Draw3,4,col4,Combined|Set1|Draw3|col4,A,own,1,3,1,3,4,1,599033,6,4,False,2,7,29,5
Ohio4,LS1,Combined,Set1,Draw3,4,col4,Combined|Set1|Draw3|col4,A,own,1,3,1,3,4,2,533,3,2,True,2,7,29,5
Ohio4,LS1,Combined,Set1,Draw3,4,col4,Combined|Set1|Draw3|col4,A,own,1,3,1,3,4,3,533,3,2,True,2,7,29,5
Ohio4,LS1,Combined,Set1,Draw3,4,col4,Combined|Set1|Draw3|col4,A,own,1,3,1,3,4,7,33,2,1,True,2,7,29,5
Ohio4,LS1,Combined,Set1,Draw3,4,col4,Combined|Set1|Draw3|col4,A,combined,1,3,1,3,4,0,5990338866,10,6,False,3,13,57,6
Ohio4,LS1,Combined,Set1,Draw3,4,col4,Combined|Set1|Draw3|col4,A,combined,1,3,1,3,4,1,599033,6,4,False,3,13,57,6
Ohio4,LS1,Combined,Set1,Draw3,4,col4,Combined|Set1|Draw3|col4,A,combined,1,3,1,3,4,2,599033,6,4,False,3,13,57,6
Ohio4,LS1,Combined,Set1,Draw3,4,col4,Combined|Set1|Draw3|col4,A,combined,1,3,1,3,4,3,533,3,2,True,3,13,57,6
Ohio4,LS1,Combined,Set1,Draw3,4,col4,Combined|Set1|Draw3|col4,A,combined,1,3,1,3,4,4,533,3,2,True,3,13,57,6
Ohio4,LS1,Combined,Set1,Draw3,4,col4,Combined|Set1|Draw3|col4,A,combined,1,3,1,3,4,13,33,2,1,True,3,13,57,6
Ohio4,LS1,Combined,Set1,Draw3,4,col4,Combined|Set1|Draw3|col4,B,own,1,3,1,3,4,0,5990338866,10,6,False,1,4,5,5
Ohio4,LS1,Combined,Set1,Draw3,4,col4,Combined|Set1|Draw3|col4,B,own,1,3,1,3,4,1,5990,4,3,True,1,4,5,5
Ohio4,LS1,Combined,Set1,Draw3,4,col4,Combined|Set1|Draw3|col4,B,own,1,3,1,3,4,2,5,1,1,True,1,4,5,5
Ohio4,LS1,Combined,Set1,Draw3,4,col4,Combined|Set1|Draw3|col4,B,own,1,3,1,3,4,3,5,1,1,True,1,4,5,5
Ohio4,LS1,Combined,Set1,Draw3,4,col4,Combined|Set1|Draw3|col4,B,own,1,3,1,3,4,4,,0,0,False,1,4,5,5
Ohio4,LS1,Combined,Set1,Draw3,4,col4,Combined|Set1|Draw3|col4,B,combined,1,3,1,3,4,0,5990338866,10,6,False,1,4,5,5
Ohio4,LS1,Combined,Set1,Draw3,4,col4,Combined|Set1|Draw3|col4,B,combined,1,3,1,3,4,1,5990,4,3,True,1,4,5,5
Ohio4,LS1,Combined,Set1,Draw3,4,col4,Combined|Set1|Draw3|col4,B,combined,1,3,1,3,4,2,5990,4,3,True,1,4,5,5
Ohio4,LS1,Combined,Set1,Draw3,4,col4,Combined|Set1|Draw3|col4,B,combined,1,3,1,3,4,3,5,1,1,True,1,4,5,5
Ohio4,LS1,Combined,Set1,Draw3,4,col4,Combined|Set1|Draw3|col4,B,combined,1,3,1,3,4,4,,0,0,False,1,4,5,5
Ohio4,LS1,Combined,Set1,Draw3,4,col4,Combined|Set1|Draw3|col4,C,own,1,3,1,3,4,0,5990338866,10,6,False,1,2,3,3
Ohio4,LS1,Combined,Set1,Draw3,4,col4,Combined|Set1|Draw3|col4,C,own,1,3,1,3,4,1,5990,4,3,True,1,2,3,3
Ohio4,LS1,Combined,Set1,Draw3,4,col4,Combined|Set1|Draw3|col4,C,own,1,3,1,3,4,2,,0,0,False,1,2,3,3
Ohio4,LS1,Combined,Set1,Draw3,4,col4,Combined|Set1|Draw3|col4,C,combined,1,3,1,3,4,0,5990338866,10,6,False,1,3,4,4
Ohio4,LS1,Combined,Set1,Draw3,4,col4,Combined|Set1|Draw3|col4,C,combined,1,3,1,3,4,1,5990,4,3,True,1,3,4,4
Ohio4,LS1,Combined,Set1,Draw3,4,col4,Combined|Set1|Draw3|col4,C,combined,1,3,1,3,4,2,5990,4,3,True,1,3,4,4
Ohio4,LS1,Combined,Set1,Draw3,4,col4,Combined|Set1|Draw3|col4,C,combined,1,3,1,3,4,3,,0,0,False,1,3,4,4
Ohio4,LS1,Combined,Set1,Draw3,4,col4,Combined|Set1|Draw3|col4,D,own,1,3,1,3,4,0,5990338866,10,6,False,1,2,3,3
Ohio4,LS1,Combined,Set1,Draw3,4,col4,Combined|Set1|Draw3|col4,D,own,1,3,1,3,4,1,5990,4,3,True,1,2,3,3
Ohio4,LS1,Combined,Set1,Draw3,4,col4,Combined|Set1|Draw3|col4,D,own,1,3,1,3,4,2,,0,0,False,1,2,3,3
Ohio4,LS1,Combined,Set1,Draw3,4,col4,Combined|Set1|Draw3|col4,D,combined,1,3,1,3,4,0,5990338866,10,6,False,1,3,4,4
Ohio4,LS1,Combined,Set1,Draw3,4,col4,Combined|Set1|Draw3|col4,D,combined,1,3,1,3,4,1,5990,4,3,True,1,3,4,4
Ohio4,LS1,Combined,Set1,Draw3,4,col4,Combined|Set1|Draw3|col4,D,combined,1,3,1,3,4,2,5990,4,3,True,1,3,4,4
Ohio4,LS1,Combined,Set1,Draw3,4,col4,Combined|Set1|Draw3|col4,D,combined,1,3,1,3,4,3,,0,0,False,1,3,4,4
Ohio4,LS1,Combined,Set1,Draw3,4,col4,Combined|Set1|Draw3|col4,E,own,1,3,1,3,4,0,5990338866,10,6,False,2,8,9,7
Ohio4,LS1,Combined,Set1,Draw3,4,col4,Combined|Set1|Draw3|col4,E,own,1,3,1,3,4,1,5990336,7,5,False,2,8,9,7
Ohio4,LS1,Combined,Set1,Draw3,4,col4,Combined|Set1|Draw3|col4,E,own,1,3,1,3,4,2,5933,4,3,True,2,8,9,7
Ohio4,LS1,Combined,Set1,Draw3,4,col4,Combined|Set1|Draw3|col4,E,own,1,3,1,3,4,3,53,2,2,True,2,8,9,7
Ohio4,LS1,Combined,Set1,Draw3,4,col4,Combined|Set1|Draw3|col4,E,own,1,3,1,3,4,4,3,1,1,True,2,8,9,7
Ohio4,LS1,Combined,Set1,Draw3,4,col4,Combined|Set1|Draw3|col4,E,own,1,3,1,3,4,5,3,1,1,True,2,8,9,7
Ohio4,LS1,Combined,Set1,Draw3,4,col4,Combined|Set1|Draw3|col4,E,own,1,3,1,3,4,8,,0,0,False,2,8,9,7
Ohio4,LS1,Combined,Set1,Draw3,4,col4,Combined|Set1|Draw3|col4,E,combined,1,3,1,3,4,0,5990338866,10,6,False,2,4,5,5
Ohio4,LS1,Combined,Set1,Draw3,4,col4,Combined|Set1|Draw3|col4,E,combined,1,3,1,3,4,1,5990336,7,5,False,2,4,5,5
Ohio4,LS1,Combined,Set1,Draw3,4,col4,Combined|Set1|Draw3|col4,E,combined,1,3,1,3,4,2,5990,4,3,True,2,4,5,5
Ohio4,LS1,Combined,Set1,Draw3,4,col4,Combined|Set1|Draw3|col4,E,combined,1,3,1,3,4,3,59,2,2,True,2,4,5,5
Ohio4,LS1,Combined,Set1,Draw3,4,col4,Combined|Set1|Draw3|col4,E,combined,1,3,1,3,4,4,,0,0,False,2,4,5,5
Ohio4,LS1,Combined,Set1,Draw3,4,col4,Combined|Set1|Draw3|col4,T,own,1,3,1,3,4,0,5990338866,10,6,False,1,7,8,5
Ohio4,LS1,Combined,Set1,Draw3,4,col4,Combined|Set1|Draw3|col4,T,own,1,3,1,3,4,1,5990,4,3,True,1,7,8,5
Ohio4,LS1,Combined,Set1,Draw3,4,col4,Combined|Set1|Draw3|col4,T,own,1,3,1,3,4,2,5,1,1,True,1,7,8,5
Ohio4,LS1,Combined,Set1,Draw3,4,col4,Combined|Set1|Draw3|col4,T,own,1,3,1,3,4,3,5,1,1,True,1,7,8,5
Ohio4,LS1,Combined,Set1,Draw3,4,col4,Combined|Set1|Draw3|col4,T,own,1,3,1,3,4,7,,0,0,False,1,7,8,5
Ohio4,LS1,Combined,Set1,Draw3,4,col4,Combined|Set1|Draw3|col4,T,combined,1,3,1,3,4,0,5990338866,10,6,False,1,13,14,6
Ohio4,LS1,Combined,Set1,Draw3,4,col4,Combined|Set1|Draw3|col4,T,combined,1,3,1,3,4,1,5990,4,3,True,1,13,14,6
Ohio4,LS1,Combined,Set1,Draw3,4,col4,Combined|Set1|Draw3|col4,T,combined,1,3,1,3,4,2,5990,4,3,True,1,13,14,6
Ohio4,LS1,Combined,Set1,Draw3,4,col4,Combined|Set1|Draw3|col4,T,combined,1,3,1,3,4,3,5,1,1,True,1,13,14,6
Ohio4,LS1,Combined,Set1,Draw3,4,col4,Combined|Set1|Draw3|col4,T,combined,1,3,1,3,4,4,5,1,1,True,1,13,14,6
Ohio4,LS1,Combined,Set1,Draw3,4,col4,Combined|Set1|Draw3|col4,T,combined,1,3,1,3,4,13,,0,0,False,1,13,14,6
Ohio4,LS1,Combined,Set1,Draw3,3,col3,Combined|Set1|Draw3|col3,A,own,1,3,1,3,3,0,5033866*,8,6,False,2,7,29,8
Ohio4,LS1,Combined,Set1,Draw3,3,col3,Combined|Set1|Draw3|col3,A,own,1,3,1,3,3,1,5033*,5,4,False,2,7,29,8
Ohio4,LS1,Combined,Set1,Draw3,3,col3,Combined|Set1|Draw3|col3,A,own,1,3,1,3,3,2,533*,4,3,True,2,7,29,8
Ohio4,LS1,Combined,Set1,Draw3,3,col3,Combined|Set1|Draw3|col3,A,own,1,3,1,3,3,3,533*,4,3,True,2,7,29,8
Ohio4,LS1,Combined,Set1,Draw3,3,col3,Combined|Set1|Draw3|col3,A,own,1,3,1,3,3,4,533*,4,3,True,2,7,29,8
Ohio4,LS1,Combined,Set1,Draw3,3,col3,Combined|Set1|Draw3|col3,A,own,1,3,1,3,3,5,533*,4,3,True,2,7,29,8
Ohio4,LS1,Combined,Set1,Draw3,3,col3,Combined|Set1|Draw3|col3,A,own,1,3,1,3,3,6,533*,4,3,True,2,7,29,8
Ohio4,LS1,Combined,Set1,Draw3,3,col3,Combined|Set1|Draw3|col3,A,own,1,3,1,3,3,7,33*,3,2,True,2,7,29,8
Ohio4,LS1,Combined,Set1,Draw3,3,col3,Combined|Set1|Draw3|col3,A,combined,1,3,1,3,3,0,5033866*,8,6,False,3,13,57,14
Ohio4,LS1,Combined,Set1,Draw3,3,col3,Combined|Set1|Draw3|col3,A,combined,1,3,1,3,3,1,5033*,5,4,False,3,13,57,14
Ohio4,LS1,Combined,Set1,Draw3,3,col3,Combined|Set1|Draw3|col3,A,combined,1,3,1,3,3,2,5033*,5,4,False,3,13,57,14
Ohio4,LS1,Combined,Set1,Draw3,3,col3,Combined|Set1|Draw3|col3,A,combined,1,3,1,3,3,3,533*,4,3,True,3,13,57,14
Ohio4,LS1,Combined,Set1,Draw3,3,col3,Combined|Set1|Draw3|col3,A,combined,1,3,1,3,3,4,533*,4,3,True,3,13,57,14
Ohio4,LS1,Combined,Set1,Draw3,3,col3,Combined|Set1|Draw3|col3,A,combined,1,3,1,3,3,5,533*,4,3,True,3,13,57,14
Ohio4,LS1,Combined,Set1,Draw3,3,col3,Combined|Set1|Draw3|col3,A,combined,1,3,1,3,3,6,533*,4,3,True,3,13,57,14
Ohio4,LS1,Combined,Set1,Draw3,3,col3,Combined|Set1|Draw3|col3,A,combined,1,3,1,3,3,7,533*,4,3,True,3,13,57,14
Ohio4,LS1,Combined,Set1,Draw3,3,col3,Combined|Set1|Draw3|col3,A,combined,1,3,1,3,3,8,533*,4,3,True,3,13,57,14
Ohio4,LS1,Combined,Set1,Draw3,3,col3,Combined|Set1|Draw3|col3,A,combined,1,3,1,3,3,9,533*,4,3,True,3,13,57,14
Ohio4,LS1,Combined,Set1,Draw3,3,col3,Combined|Set1|Draw3|col3,A,combined,1,3,1,3,3,10,533*,4,3,True,3,13,57,14
Ohio4,LS1,Combined,Set1,Draw3,3,col3,Combined|Set1|Draw3|col3,A,combined,1,3,1,3,3,11,533*,4,3,True,3,13,57,14
Ohio4,LS1,Combined,Set1,Draw3,3,col3,Combined|Set1|Draw3|col3,A,combined,1,3,1,3,3,12,533*,4,3,True,3,13,57,14
Ohio4,LS1,Combined,Set1,Draw3,3,col3,Combined|Set1|Draw3|col3,A,combined,1,3,1,3,3,13,33*,3,2,True,3,13,57,14
Ohio4,LS1,Combined,Set1,Draw3,3,col3,Combined|Set1|Draw3|col3,B,own,1,3,1,3,3,0,5033866*,8,6,False,1,4,29,5
Ohio4,LS1,Combined,Set1,Draw3,3,col3,Combined|Set1|Draw3|col3,B,own,1,3,1,3,3,1,50*,3,3,True,1,4,29,5
Ohio4,LS1,Combined,Set1,Draw3,3,col3,Combined|Set1|Draw3|col3,B,own,1,3,1,3,3,2,5*,2,2,True,1,4,29,5
Ohio4,LS1,Combined,Set1,Draw3,3,col3,Combined|Set1|Draw3|col3,B,own,1,3,1,3,3,3,5*,2,2,True,1,4,29,5
Ohio4,LS1,Combined,Set1,Draw3,3,col3,Combined|Set1|Draw3|col3,B,own,1,3,1,3,3,4,*,1,1,True,1,4,29,5
Ohio4,LS1,Combined,Set1,Draw3,3,col3,Combined|Set1|Draw3|col3,B,combined,1,3,1,3,3,0,5033866*,8,6,False,1,4,57,5
Ohio4,LS1,Combined,Set1,Draw3,3,col3,Combined|Set1|Draw3|col3,B,combined,1,3,1,3,3,1,50*,3,3,True,1,4,57,5
Ohio4,LS1,Combined,Set1,Draw3,3,col3,Combined|Set1|Draw3|col3,B,combined,1,3,1,3,3,2,50*,3,3,True,1,4,57,5
Ohio4,LS1,Combined,Set1,Draw3,3,col3,Combined|Set1|Draw3|col3,B,combined,1,3,1,3,3,3,5*,2,2,True,1,4,57,5
Ohio4,LS1,Combined,Set1,Draw3,3,col3,Combined|Set1|Draw3|col3,B,combined,1,3,1,3,3,4,*,1,1,True,1,4,57,5
Ohio4,LS1,Combined,Set1,Draw3,3,col3,Combined|Set1|Draw3|col3,C,own,1,3,1,3,3,0,5033866*,8,6,False,1,2,29,3
Ohio4,LS1,Combined,Set1,Draw3,3,col3,Combined|Set1|Draw3|col3,C,own,1,3,1,3,3,1,50*,3,3,True,1,2,29,3
Ohio4,LS1,Combined,Set1,Draw3,3,col3,Combined|Set1|Draw3|col3,C,own,1,3,1,3,3,2,*,1,1,True,1,2,29,3
Ohio4,LS1,Combined,Set1,Draw3,3,col3,Combined|Set1|Draw3|col3,C,combined,1,3,1,3,3,0,5033866*,8,6,False,1,3,57,4
Ohio4,LS1,Combined,Set1,Draw3,3,col3,Combined|Set1|Draw3|col3,C,combined,1,3,1,3,3,1,50*,3,3,True,1,3,57,4
Ohio4,LS1,Combined,Set1,Draw3,3,col3,Combined|Set1|Draw3|col3,C,combined,1,3,1,3,3,2,50*,3,3,True,1,3,57,4
Ohio4,LS1,Combined,Set1,Draw3,3,col3,Combined|Set1|Draw3|col3,C,combined,1,3,1,3,3,3,*,1,1,True,1,3,57,4
Ohio4,LS1,Combined,Set1,Draw3,3,col3,Combined|Set1|Draw3|col3,D,own,1,3,1,3,3,0,5033866*,8,6,False,1,2,29,3
Ohio4,LS1,Combined,Set1,Draw3,3,col3,Combined|Set1|Draw3|col3,D,own,1,3,1,3,3,1,50*,3,3,True,1,2,29,3
Ohio4,LS1,Combined,Set1,Draw3,3,col3,Combined|Set1|Draw3|col3,D,own,1,3,1,3,3,2,*,1,1,True,1,2,29,3
Ohio4,LS1,Combined,Set1,Draw3,3,col3,Combined|Set1|Draw3|col3,D,combined,1,3,1,3,3,0,5033866*,8,6,False,1,3,57,4
Ohio4,LS1,Combined,Set1,Draw3,3,col3,Combined|Set1|Draw3|col3,D,combined,1,3,1,3,3,1,50*,3,3,True,1,3,57,4
Ohio4,LS1,Combined,Set1,Draw3,3,col3,Combined|Set1|Draw3|col3,D,combined,1,3,1,3,3,2,50*,3,3,True,1,3,57,4
Ohio4,LS1,Combined,Set1,Draw3,3,col3,Combined|Set1|Draw3|col3,D,combined,1,3,1,3,3,3,*,1,1,True,1,3,57,4
Ohio4,LS1,Combined,Set1,Draw3,3,col3,Combined|Set1|Draw3|col3,E,own,1,3,1,3,3,0,5033866*,8,6,False,2,4,29,5
Ohio4,LS1,Combined,Set1,Draw3,3,col3,Combined|Set1|Draw3|col3,E,own,1,3,1,3,3,1,5036*,5,5,False,2,4,29,5
Ohio4,LS1,Combined,Set1,Draw3,3,col3,Combined|Set1|Draw3|col3,E,own,1,3,1,3,3,2,53*,3,3,True,2,4,29,5
Ohio4,LS1,Combined,Set1,Draw3,3,col3,Combined|Set1|Draw3|col3,E,own,1,3,1,3,3,3,5*,2,2,True,2,4,29,5
Ohio4,LS1,Combined,Set1,Draw3,3,col3,Combined|Set1|Draw3|col3,E,own,1,3,1,3,3,4,*,1,1,True,2,4,29,5
Ohio4,LS1,Combined,Set1,Draw3,3,col3,Combined|Set1|Draw3|col3,E,combined,1,3,1,3,3,0,5033866*,8,6,False,2,4,57,5
Ohio4,LS1,Combined,Set1,Draw3,3,col3,Combined|Set1|Draw3|col3,E,combined,1,3,1,3,3,1,5036*,5,5,False,2,4,57,5
Ohio4,LS1,Combined,Set1,Draw3,3,col3,Combined|Set1|Draw3|col3,E,combined,1,3,1,3,3,2,50*,3,3,True,2,4,57,5
Ohio4,LS1,Combined,Set1,Draw3,3,col3,Combined|Set1|Draw3|col3,E,combined,1,3,1,3,3,3,5*,2,2,True,2,4,57,5
Ohio4,LS1,Combined,Set1,Draw3,3,col3,Combined|Set1|Draw3|col3,E,combined,1,3,1,3,3,4,*,1,1,True,2,4,57,5
Ohio4,LS1,Combined,Set1,Draw3,3,col3,Combined|Set1|Draw3|col3,T,own,1,3,1,3,3,0,5033866*,8,6,False,1,7,29,5
Ohio4,LS1,Combined,Set1,Draw3,3,col3,Combined|Set1|Draw3|col3,T,own,1,3,1,3,3,1,50*,3,3,True,1,7,29,5
Ohio4,LS1,Combined,Set1,Draw3,3,col3,Combined|Set1|Draw3|col3,T,own,1,3,1,3,3,2,5*,2,2,True,1,7,29,5
Ohio4,LS1,Combined,Set1,Draw3,3,col3,Combined|Set1|Draw3|col3,T,own,1,3,1,3,3,3,5*,2,2,True,1,7,29,5
Ohio4,LS1,Combined,Set1,Draw3,3,col3,Combined|Set1|Draw3|col3,T,own,1,3,1,3,3,7,*,1,1,True,1,7,29,5
Ohio4,LS1,Combined,Set1,Draw3,3,col3,Combined|Set1|Draw3|col3,T,combined,1,3,1,3,3,0,5033866*,8,6,False,1,13,57,6
Ohio4,LS1,Combined,Set1,Draw3,3,col3,Combined|Set1|Draw3|col3,T,combined,1,3,1,3,3,1,50*,3,3,True,1,13,57,6
Ohio4,LS1,Combined,Set1,Draw3,3,col3,Combined|Set1|Draw3|col3,T,combined,1,3,1,3,3,2,50*,3,3,True,1,13,57,6
Ohio4,LS1,Combined,Set1,Draw3,3,col3,Combined|Set1|Draw3|col3,T,combined,1,3,1,3,3,3,5*,2,2,True,1,13,57,6
Ohio4,LS1,Combined,Set1,Draw3,3,col3,Combined|Set1|Draw3|col3,T,combined,1,3,1,3,3,4,5*,2,2,True,1,13,57,6
Ohio4,LS1,Combined,Set1,Draw3,3,col3,Combined|Set1|Draw3|col3,T,combined,1,3,1,3,3,13,*,1,1,True,1,13,57,6
Ohio4,LS1,Combined,Set1,Draw3,2,col2,Combined|Set1|Draw3|col2,A,own,1,3,1,3,2,0,53386**,7,5,False,1,7,29,8
Ohio4,LS1,Combined,Set1,Draw3,2,col2,Combined|Set1|Draw3|col2,A,own,1,3,1,3,2,1,533**,5,3,True,1,7,29,8
Ohio4,LS1,Combined,Set1,Draw3,2,col2,Combined|Set1|Draw3|col2,A,own,1,3,1,3,2,2,533**,5,3,True,1,7,29,8
Ohio4,LS1,Combined,Set1,Draw3,2,col2,Combined|Set1|Draw3|col2,A,own,1,3,1,3,2,3,533**,5,3,True,1,7,29,8
Ohio4,LS1,Combined,Set1,Draw3,2,col2,Combined|Set1|Draw3|col2,A,own,1,3,1,3,2,4,533**,5,3,True,1,7,29,8
Ohio4,LS1,Combined,Set1,Draw3,2,col2,Combined|Set1|Draw3|col2,A,own,1,3,1,3,2,5,533**,5,3,True,1,7,29,8
Ohio4,LS1,Combined,Set1,Draw3,2,col2,Combined|Set1|Draw3|col2,A,own,1,3,1,3,2,6,533**,5,3,True,1,7,29,8
Ohio4,LS1,Combined,Set1,Draw3,2,col2,Combined|Set1|Draw3|col2,A,own,1,3,1,3,2,7,33**,4,2,True,1,7,29,8
Ohio4,LS1,Combined,Set1,Draw3,2,col2,Combined|Set1|Draw3|col2,A,combined,1,3,1,3,2,0,53386**,7,5,False,1,13,57,14
Ohio4,LS1,Combined,Set1,Draw3,2,col2,Combined|Set1|Draw3|col2,A,combined,1,3,1,3,2,1,533**,5,3,True,1,13,57,14
Ohio4,LS1,Combined,Set1,Draw3,2,col2,Combined|Set1|Draw3|col2,A,combined,1,3,1,3,2,2,533**,5,3,True,1,13,57,14
Ohio4,LS1,Combined,Set1,Draw3,2,col2,Combined|Set1|Draw3|col2,A,combined,1,3,1,3,2,3,533**,5,3,True,1,13,57,14
Ohio4,LS1,Combined,Set1,Draw3,2,col2,Combined|Set1|Draw3|col2,A,combined,1,3,1,3,2,4,533**,5,3,True,1,13,57,14
Ohio4,LS1,Combined,Set1,Draw3,2,col2,Combined|Set1|Draw3|col2,A,combined,1,3,1,3,2,5,533**,5,3,True,1,13,57,14
Ohio4,LS1,Combined,Set1,Draw3,2,col2,Combined|Set1|Draw3|col2,A,combined,1,3,1,3,2,6,533**,5,3,True,1,13,57,14
Ohio4,LS1,Combined,Set1,Draw3,2,col2,Combined|Set1|Draw3|col2,A,combined,1,3,1,3,2,7,533**,5,3,True,1,13,57,14
Ohio4,LS1,Combined,Set1,Draw3,2,col2,Combined|Set1|Draw3|col2,A,combined,1,3,1,3,2,8,533**,5,3,True,1,13,57,14
Ohio4,LS1,Combined,Set1,Draw3,2,col2,Combined|Set1|Draw3|col2,A,combined,1,3,1,3,2,9,533**,5,3,True,1,13,57,14
Ohio4,LS1,Combined,Set1,Draw3,2,col2,Combined|Set1|Draw3|col2,A,combined,1,3,1,3,2,10,533**,5,3,True,1,13,57,14
Ohio4,LS1,Combined,Set1,Draw3,2,col2,Combined|Set1|Draw3|col2,A,combined,1,3,1,3,2,11,533**,5,3,True,1,13,57,14
Ohio4,LS1,Combined,Set1,Draw3,2,col2,Combined|Set1|Draw3|col2,A,combined,1,3,1,3,2,12,533**,5,3,True,1,13,57,14
Ohio4,LS1,Combined,Set1,Draw3,2,col2,Combined|Set1|Draw3|col2,A,combined,1,3,1,3,2,13,33**,4,2,True,1,13,57,14
Ohio4,LS1,Combined,Set1,Draw3,2,col2,Combined|Set1|Draw3|col2,B,own,1,3,1,3,2,0,53386**,7,5,False,1,2,29,3
Ohio4,LS1,Combined,Set1,Draw3,2,col2,Combined|Set1|Draw3|col2,B,own,1,3,1,3,2,1,5**,3,2,True,1,2,29,3
Ohio4,LS1,Combined,Set1,Draw3,2,col2,Combined|Set1|Draw3|col2,B,own,1,3,1,3,2,2,**,2,1,True,1,2,29,3
Ohio4,LS1,Combined,Set1,Draw3,2,col2,Combined|Set1|Draw3|col2,B,combined,1,3,1,3,2,0,53386**,7,5,False,1,3,57,4
Ohio4,LS1,Combined,Set1,Draw3,2,col2,Combined|Set1|Draw3|col2,B,combined,1,3,1,3,2,1,5**,3,2,True,1,3,57,4
Ohio4,LS1,Combined,Set1,Draw3,2,col2,Combined|Set1|Draw3|col2,B,combined,1,3,1,3,2,2,5**,3,2,True,1,3,57,4
Ohio4,LS1,Combined,Set1,Draw3,2,col2,Combined|Set1|Draw3|col2,B,combined,1,3,1,3,2,3,**,2,1,True,1,3,57,4
Ohio4,LS1,Combined,Set1,Draw3,2,col2,Combined|Set1|Draw3|col2,C,own,1,3,1,3,2,0,53386**,7,5,False,1,2,29,3
Ohio4,LS1,Combined,Set1,Draw3,2,col2,Combined|Set1|Draw3|col2,C,own,1,3,1,3,2,1,5**,3,2,True,1,2,29,3
Ohio4,LS1,Combined,Set1,Draw3,2,col2,Combined|Set1|Draw3|col2,C,own,1,3,1,3,2,2,**,2,1,True,1,2,29,3
Ohio4,LS1,Combined,Set1,Draw3,2,col2,Combined|Set1|Draw3|col2,C,combined,1,3,1,3,2,0,53386**,7,5,False,1,3,57,4
Ohio4,LS1,Combined,Set1,Draw3,2,col2,Combined|Set1|Draw3|col2,C,combined,1,3,1,3,2,1,5**,3,2,True,1,3,57,4
Ohio4,LS1,Combined,Set1,Draw3,2,col2,Combined|Set1|Draw3|col2,C,combined,1,3,1,3,2,2,5**,3,2,True,1,3,57,4
Ohio4,LS1,Combined,Set1,Draw3,2,col2,Combined|Set1|Draw3|col2,C,combined,1,3,1,3,2,3,**,2,1,True,1,3,57,4
Ohio4,LS1,Combined,Set1,Draw3,2,col2,Combined|Set1|Draw3|col2,D,own,1,3,1,3,2,0,53386**,7,5,False,1,2,29,3
Ohio4,LS1,Combined,Set1,Draw3,2,col2,Combined|Set1|Draw3|col2,D,own,1,3,1,3,2,1,5**,3,2,True,1,2,29,3
Ohio4,LS1,Combined,Set1,Draw3,2,col2,Combined|Set1|Draw3|col2,D,own,1,3,1,3,2,2,**,2,1,True,1,2,29,3
Ohio4,LS1,Combined,Set1,Draw3,2,col2,Combined|Set1|Draw3|col2,D,combined,1,3,1,3,2,0,53386**,7,5,False,1,3,57,4
Ohio4,LS1,Combined,Set1,Draw3,2,col2,Combined|Set1|Draw3|col2,D,combined,1,3,1,3,2,1,5**,3,2,True,1,3,57,4
Ohio4,LS1,Combined,Set1,Draw3,2,col2,Combined|Set1|Draw3|col2,D,combined,1,3,1,3,2,2,5**,3,2,True,1,3,57,4
Ohio4,LS1,Combined,Set1,Draw3,2,col2,Combined|Set1|Draw3|col2,D,combined,1,3,1,3,2,3,**,2,1,True,1,3,57,4
Ohio4,LS1,Combined,Set1,Draw3,2,col2,Combined|Set1|Draw3|col2,E,own,1,3,1,3,2,0,53386**,7,5,False,1,3,29,4
Ohio4,LS1,Combined,Set1,Draw3,2,col2,Combined|Set1|Draw3|col2,E,own,1,3,1,3,2,1,53**,4,3,True,1,3,29,4
Ohio4,LS1,Combined,Set1,Draw3,2,col2,Combined|Set1|Draw3|col2,E,own,1,3,1,3,2,2,3**,3,2,True,1,3,29,4
Ohio4,LS1,Combined,Set1,Draw3,2,col2,Combined|Set1|Draw3|col2,E,own,1,3,1,3,2,3,**,2,1,True,1,3,29,4
Ohio4,LS1,Combined,Set1,Draw3,2,col2,Combined|Set1|Draw3|col2,E,combined,1,3,1,3,2,0,53386**,7,5,False,1,3,57,4
Ohio4,LS1,Combined,Set1,Draw3,2,col2,Combined|Set1|Draw3|col2,E,combined,1,3,1,3,2,1,53**,4,3,True,1,3,57,4
Ohio4,LS1,Combined,Set1,Draw3,2,col2,Combined|Set1|Draw3|col2,E,combined,1,3,1,3,2,2,5**,3,2,True,1,3,57,4
Ohio4,LS1,Combined,Set1,Draw3,2,col2,Combined|Set1|Draw3|col2,E,combined,1,3,1,3,2,3,**,2,1,True,1,3,57,4
Ohio4,LS1,Combined,Set1,Draw3,2,col2,Combined|Set1|Draw3|col2,T,own,1,3,1,3,2,0,53386**,7,5,False,1,7,29,4
Ohio4,LS1,Combined,Set1,Draw3,2,col2,Combined|Set1|Draw3|col2,T,own,1,3,1,3,2,1,5**,3,2,True,1,7,29,4
Ohio4,LS1,Combined,Set1,Draw3,2,col2,Combined|Set1|Draw3|col2,T,own,1,3,1,3,2,2,5**,3,2,True,1,7,29,4
Ohio4,LS1,Combined,Set1,Draw3,2,col2,Combined|Set1|Draw3|col2,T,own,1,3,1,3,2,7,**,2,1,True,1,7,29,4
Ohio4,LS1,Combined,Set1,Draw3,2,col2,Combined|Set1|Draw3|col2,T,combined,1,3,1,3,2,0,53386**,7,5,False,1,13,57,4
Ohio4,LS1,Combined,Set1,Draw3,2,col2,Combined|Set1|Draw3|col2,T,combined,1,3,1,3,2,1,5**,3,2,True,1,13,57,4
Ohio4,LS1,Combined,Set1,Draw3,2,col2,Combined|Set1|Draw3|col2,T,combined,1,3,1,3,2,2,5**,3,2,True,1,13,57,4
Ohio4,LS1,Combined,Set1,Draw3,2,col2,Combined|Set1|Draw3|col2,T,combined,1,3,1,3,2,13,**,2,1,True,1,13,57,4
Ohio4,LS1,Combined,Set1,Draw4,4,col4,Combined|Set1|Draw4|col4,A,own,1,3,1,4,4,0,5599403388667,13,8,False,4,7,29,8
Ohio4,LS1,Combined,Set1,Draw4,4,col4,Combined|Set1|Draw4|col4,A,own,1,3,1,4,4,1,559940337,9,6,False,4,7,29,8
Ohio4,LS1,Combined,Set1,Draw4,4,col4,Combined|Set1|Draw4|col4,A,own,1,3,1,4,4,2,554337,6,4,False,4,7,29,8
Ohio4,LS1,Combined,Set1,Draw4,4,col4,Combined|Set1|Draw4|col4,A,own,1,3,1,4,4,3,554337,6,4,False,4,7,29,8
Ohio4,LS1,Combined,Set1,Draw4,4,col4,Combined|Set1|Draw4|col4,A,own,1,3,1,4,4,4,55433,5,3,True,4,7,29,8
Ohio4,LS1,Combined,Set1,Draw4,4,col4,Combined|Set1|Draw4|col4,A,own,1,3,1,4,4,5,5533,4,2,True,4,7,29,8
Ohio4,LS1,Combined,Set1,Draw4,4,col4,Combined|Set1|Draw4|col4,A,own,1,3,1,4,4,6,5533,4,2,True,4,7,29,8
Ohio4,LS1,Combined,Set1,Draw4,4,col4,Combined|Set1|Draw4|col4,A,own,1,3,1,4,4,7,33,2,1,True,4,7,29,8
Ohio4,LS1,Combined,Set1,Draw4,4,col4,Combined|Set1|Draw4|col4,A,combined,1,3,1,4,4,0,5599403388667,13,8,False,7,13,57,12
Ohio4,LS1,Combined,Set1,Draw4,4,col4,Combined|Set1|Draw4|col4,A,combined,1,3,1,4,4,1,559940337,9,6,False,7,13,57,12
Ohio4,LS1,Combined,Set1,Draw4,4,col4,Combined|Set1|Draw4|col4,A,combined,1,3,1,4,4,2,559940337,9,6,False,7,13,57,12
Ohio4,LS1,Combined,Set1,Draw4,4,col4,Combined|Set1|Draw4|col4,A,combined,1,3,1,4,4,3,554337,6,4,False,7,13,57,12
Ohio4,LS1,Combined,Set1,Draw4,4,col4,Combined|Set1|Draw4|col4,A,combined,1,3,1,4,4,4,554337,6,4,False,7,13,57,12
Ohio4,LS1,Combined,Set1,Draw4,4,col4,Combined|Set1|Draw4|col4,A,combined,1,3,1,4,4,5,554337,6,4,False,7,13,57,12
Ohio4,LS1,Combined,Set1,Draw4,4,col4,Combined|Set1|Draw4|col4,A,combined,1,3,1,4,4,6,554337,6,4,False,7,13,57,12
Ohio4,LS1,Combined,Set1,Draw4,4,col4,Combined|Set1|Draw4|col4,A,combined,1,3,1,4,4,7,55433,5,3,True,7,13,57,12
Ohio4,LS1,Combined,Set1,Draw4,4,col4,Combined|Set1|Draw4|col4,A,combined,1,3,1,4,4,8,55433,5,3,True,7,13,57,12
Ohio4,LS1,Combined,Set1,Draw4,4,col4,Combined|Set1|Draw4|col4,A,combined,1,3,1,4,4,9,5533,4,2,True,7,13,57,12
Ohio4,LS1,Combined,Set1,Draw4,4,col4,Combined|Set1|Draw4|col4,A,combined,1,3,1,4,4,10,5533,4,2,True,7,13,57,12
Ohio4,LS1,Combined,Set1,Draw4,4,col4,Combined|Set1|Draw4|col4,A,combined,1,3,1,4,4,13,33,2,1,True,7,13,57,12
Ohio4,LS1,Combined,Set1,Draw4,4,col4,Combined|Set1|Draw4|col4,B,own,1,3,1,4,4,0,5599403388667,13,8,False,2,4,5,5
Ohio4,LS1,Combined,Set1,Draw4,4,col4,Combined|Set1|Draw4|col4,B,own,1,3,1,4,4,1,5599407,7,5,False,2,4,5,5
Ohio4,LS1,Combined,Set1,Draw4,4,col4,Combined|Set1|Draw4|col4,B,own,1,3,1,4,4,2,5547,4,3,True,2,4,5,5
Ohio4,LS1,Combined,Set1,Draw4,4,col4,Combined|Set1|Draw4|col4,B,own,1,3,1,4,4,3,557,3,2,True,2,4,5,5
Ohio4,LS1,Combined,Set1,Draw4,4,col4,Combined|Set1|Draw4|col4,B,own,1,3,1,4,4,4,,0,0,False,2,4,5,5
Ohio4,LS1,Combined,Set1,Draw4,4,col4,Combined|Set1|Draw4|col4,B,combined,1,3,1,4,4,0,5599403388667,13,8,False,3,7,8,7
Ohio4,LS1,Combined,Set1,Draw4,4,col4,Combined|Set1|Draw4|col4,B,combined,1,3,1,4,4,1,5599407,7,5,False,3,7,8,7
Ohio4,LS1,Combined,Set1,Draw4,4,col4,Combined|Set1|Draw4|col4,B,combined,1,3,1,4,4,2,5599407,7,5,False,3,7,8,7
Ohio4,LS1,Combined,Set1,Draw4,4,col4,Combined|Set1|Draw4|col4,B,combined,1,3,1,4,4,3,5547,4,3,True,3,7,8,7
Ohio4,LS1,Combined,Set1,Draw4,4,col4,Combined|Set1|Draw4|col4,B,combined,1,3,1,4,4,4,7,1,1,True,3,7,8,7
Ohio4,LS1,Combined,Set1,Draw4,4,col4,Combined|Set1|Draw4|col4,B,combined,1,3,1,4,4,5,7,1,1,True,3,7,8,7
Ohio4,LS1,Combined,Set1,Draw4,4,col4,Combined|Set1|Draw4|col4,B,combined,1,3,1,4,4,7,,0,0,False,3,7,8,7
Ohio4,LS1,Combined,Set1,Draw4,4,col4,Combined|Set1|Draw4|col4,C,own,1,3,1,4,4,0,5599403388667,13,8,False,2,4,5,5
Ohio4,LS1,Combined,Set1,Draw4,4,col4,Combined|Set1|Draw4|col4,C,own,1,3,1,4,4,1,5599407,7,5,False,2,4,5,5
Ohio4,LS1,Combined,Set1,Draw4,4,col4,Combined|Set1|Draw4|col4,C,own,1,3,1,4,4,2,7,1,1,True,2,4,5,5
Ohio4,LS1,Combined,Set1,Draw4,4,col4,Combined|Set1|Draw4|col4,C,own,1,3,1,4,4,3,7,1,1,True,2,4,5,5
Ohio4,LS1,Combined,Set1,Draw4,4,col4,Combined|Set1|Draw4|col4,C,own,1,3,1,4,4,4,,0,0,False,2,4,5,5
Ohio4,LS1,Combined,Set1,Draw4,4,col4,Combined|Set1|Draw4|col4,C,combined,1,3,1,4,4,0,5599403388667,13,8,False,3,7,8,6
Ohio4,LS1,Combined,Set1,Draw4,4,col4,Combined|Set1|Draw4|col4,C,combined,1,3,1,4,4,1,5599407,7,5,False,3,7,8,6
Ohio4,LS1,Combined,Set1,Draw4,4,col4,Combined|Set1|Draw4|col4,C,combined,1,3,1,4,4,2,5599407,7,5,False,3,7,8,6
Ohio4,LS1,Combined,Set1,Draw4,4,col4,Combined|Set1|Draw4|col4,C,combined,1,3,1,4,4,3,7,1,1,True,3,7,8,6
Ohio4,LS1,Combined,Set1,Draw4,4,col4,Combined|Set1|Draw4|col4,C,combined,1,3,1,4,4,4,7,1,1,True,3,7,8,6
Ohio4,LS1,Combined,Set1,Draw4,4,col4,Combined|Set1|Draw4|col4,C,combined,1,3,1,4,4,7,,0,0,False,3,7,8,6
Ohio4,LS1,Combined,Set1,Draw4,4,col4,Combined|Set1|Draw4|col4,D,own,1,3,1,4,4,0,5599403388667,13,8,False,2,4,5,5
Ohio4,LS1,Combined,Set1,Draw4,4,col4,Combined|Set1|Draw4|col4,D,own,1,3,1,4,4,1,5599407,7,5,False,2,4,5,5
Ohio4,LS1,Combined,Set1,Draw4,4,col4,Combined|Set1|Draw4|col4,D,own,1,3,1,4,4,2,57,2,2,True,2,4,5,5
Ohio4,LS1,Combined,Set1,Draw4,4,col4,Combined|Set1|Draw4|col4,D,own,1,3,1,4,4,3,57,2,2,True,2,4,5,5
Ohio4,LS1,Combined,Set1,Draw4,4,col4,Combined|Set1|Draw4|col4,D,own,1,3,1,4,4,4,,0,0,False,2,4,5,5
Ohio4,LS1,Combined,Set1,Draw4,4,col4,Combined|Set1|Draw4|col4,D,combined,1,3,1,4,4,0,5599403388667,13,8,False,3,7,8,7
Ohio4,LS1,Combined,Set1,Draw4,4,col4,Combined|Set1|Draw4|col4,D,combined,1,3,1,4,4,1,5599407,7,5,False,3,7,8,7
Ohio4,LS1,Combined,Set1,Draw4,4,col4,Combined|Set1|Draw4|col4,D,combined,1,3,1,4,4,2,5599407,7,5,False,3,7,8,7
Ohio4,LS1,Combined,Set1,Draw4,4,col4,Combined|Set1|Draw4|col4,D,combined,1,3,1,4,4,3,57,2,2,True,3,7,8,7
Ohio4,LS1,Combined,Set1,Draw4,4,col4,Combined|Set1|Draw4|col4,D,combined,1,3,1,4,4,4,7,1,1,True,3,7,8,7
Ohio4,LS1,Combined,Set1,Draw4,4,col4,Combined|Set1|Draw4|col4,D,combined,1,3,1,4,4,5,7,1,1,True,3,7,8,7
Ohio4,LS1,Combined,Set1,Draw4,4,col4,Combined|Set1|Draw4|col4,D,combined,1,3,1,4,4,7,,0,0,False,3,7,8,7
Ohio4,LS1,Combined,Set1,Draw4,4,col4,Combined|Set1|Draw4|col4,E,own,1,3,1,4,4,0,5599403388667,13,8,False,3,8,9,8
Ohio4,LS1,Combined,Set1,Draw4,4,col4,Combined|Set1|Draw4|col4,E,own,1,3,1,4,4,1,5599403367,10,7,False,3,8,9,8
Ohio4,LS1,Combined,Set1,Draw4,4,col4,Combined|Set1|Draw4|col4,E,own,1,3,1,4,4,2,5594337,7,5,False,3,8,9,8
Ohio4,LS1,Combined,Set1,Draw4,4,col4,Combined|Set1|Draw4|col4,E,own,1,3,1,4,4,3,5537,4,3,True,3,8,9,8
Ohio4,LS1,Combined,Set1,Draw4,4,col4,Combined|Set1|Draw4|col4,E,own,1,3,1,4,4,4,53,2,2,True,3,8,9,8
Ohio4,LS1,Combined,Set1,Draw4,4,col4,Combined|Set1|Draw4|col4,E,own,1,3,1,4,4,5,53,2,2,True,3,8,9,8
Ohio4,LS1,Combined,Set1,Draw4,4,col4,Combined|Set1|Draw4|col4,E,own,1,3,1,4,4,7,3,1,1,True,3,8,9,8
Ohio4,LS1,Combined,Set1,Draw4,4,col4,Combined|Set1|Draw4|col4,E,own,1,3,1,4,4,8,,0,0,False,3,8,9,8
Ohio4,LS1,Combined,Set1,Draw4,4,col4,Combined|Set1|Draw4|col4,E,combined,1,3,1,4,4,0,5599403388667,13,8,False,4,7,8,8
Ohio4,LS1,Combined,Set1,Draw4,4,col4,Combined|Set1|Draw4|col4,E,combined,1,3,1,4,4,1,5599403367,10,7,False,4,7,8,8
Ohio4,LS1,Combined,Set1,Draw4,4,col4,Combined|Set1|Draw4|col4,E,combined,1,3,1,4,4,2,5599407,7,5,False,4,7,8,8
Ohio4,LS1,Combined,Set1,Draw4,4,col4,Combined|Set1|Draw4|col4,E,combined,1,3,1,4,4,3,55947,5,4,False,4,7,8,8
Ohio4,LS1,Combined,Set1,Draw4,4,col4,Combined|Set1|Draw4|col4,E,combined,1,3,1,4,4,4,547,3,3,True,4,7,8,8
Ohio4,LS1,Combined,Set1,Draw4,4,col4,Combined|Set1|Draw4|col4,E,combined,1,3,1,4,4,5,57,2,2,True,4,7,8,8
Ohio4,LS1,Combined,Set1,Draw4,4,col4,Combined|Set1|Draw4|col4,E,combined,1,3,1,4,4,6,57,2,2,True,4,7,8,8
Ohio4,LS1,Combined,Set1,Draw4,4,col4,Combined|Set1|Draw4|col4,E,combined,1,3,1,4,4,7,,0,0,False,4,7,8,8
Ohio4,LS1,Combined,Set1,Draw4,4,col4,Combined|Set1|Draw4|col4,T,own,1,3,1,4,4,0,5599403388667,13,8,False,2,5,6,6
Ohio4,LS1,Combined,Set1,Draw4,4,col4,Combined|Set1|Draw4|col4,T,own,1,3,1,4,4,1,5599407,7,5,False,2,5,6,6
Ohio4,LS1,Combined,Set1,Draw4,4,col4,Combined|Set1|Draw4|col4,T,own,1,3,1,4,4,2,47,2,2,True,2,5,6,6
Ohio4,LS1,Combined,Set1,Draw4,4,col4,Combined|Set1|Draw4|col4,T,own,1,3,1,4,4,3,47,2,2,True,2,5,6,6
Ohio4,LS1,Combined,Set1,Draw4,4,col4,Combined|Set1|Draw4|col4,T,own,1,3,1,4,4,4,4,1,1,True,2,5,6,6
Ohio4,LS1,Combined,Set1,Draw4,4,col4,Combined|Set1|Draw4|col4,T,own,1,3,1,4,4,5,,0,0,False,2,5,6,6
Ohio4,LS1,Combined,Set1,Draw4,4,col4,Combined|Set1|Draw4|col4,T,combined,1,3,1,4,4,0,5599403388667,13,8,False,3,9,10,8
Ohio4,LS1,Combined,Set1,Draw4,4,col4,Combined|Set1|Draw4|col4,T,combined,1,3,1,4,4,1,5599407,7,5,False,3,9,10,8
Ohio4,LS1,Combined,Set1,Draw4,4,col4,Combined|Set1|Draw4|col4,T,combined,1,3,1,4,4,2,5599407,7,5,False,3,9,10,8
Ohio4,LS1,Combined,Set1,Draw4,4,col4,Combined|Set1|Draw4|col4,T,combined,1,3,1,4,4,3,47,2,2,True,3,9,10,8
Ohio4,LS1,Combined,Set1,Draw4,4,col4,Combined|Set1|Draw4|col4,T,combined,1,3,1,4,4,4,47,2,2,True,3,9,10,8
Ohio4,LS1,Combined,Set1,Draw4,4,col4,Combined|Set1|Draw4|col4,T,combined,1,3,1,4,4,7,4,1,1,True,3,9,10,8
Ohio4,LS1,Combined,Set1,Draw4,4,col4,Combined|Set1|Draw4|col4,T,combined,1,3,1,4,4,8,4,1,1,True,3,9,10,8
Ohio4,LS1,Combined,Set1,Draw4,4,col4,Combined|Set1|Draw4|col4,T,combined,1,3,1,4,4,9,,0,0,False,3,9,10,8
Ohio4,LS1,Combined,Set1,Draw4,2,col2,Combined|Set1|Draw4|col2,A,own,1,3,1,4,2,0,55433867**,10,7,False,5,7,29,8
Ohio4,LS1,Combined,Set1,Draw4,2,col2,Combined|Set1|Draw4|col2,A,own,1,3,1,4,2,1,554337**,8,5,False,5,7,29,8
Ohio4,LS1,Combined,Set1,Draw4,2,col2,Combined|Set1|Draw4|col2,A,own,1,3,1,4,2,2,554337**,8,5,False,5,7,29,8
Ohio4,LS1,Combined,Set1,Draw4,2,col2,Combined|Set1|Draw4|col2,A,own,1,3,1,4,2,3,554337**,8,5,False,5,7,29,8
Ohio4,LS1,Combined,Set1,Draw4,2,col2,Combined|Set1|Draw4|col2,A,own,1,3,1,4,2,4,55433**,7,4,False,5,7,29,8
Ohio4,LS1,Combined,Set1,Draw4,2,col2,Combined|Set1|Draw4|col2,A,own,1,3,1,4,2,5,5533**,6,3,True,5,7,29,8
Ohio4,LS1,Combined,Set1,Draw4,2,col2,Combined|Set1|Draw4|col2,A,own,1,3,1,4,2,6,5533**,6,3,True,5,7,29,8
Ohio4,LS1,Combined,Set1,Draw4,2,col2,Combined|Set1|Draw4|col2,A,own,1,3,1,4,2,7,33**,4,2,True,5,7,29,8
Ohio4,LS1,Combined,Set1,Draw4,2,col2,Combined|Set1|Draw4|col2,A,combined,1,3,1,4,2,0,55433867**,10,7,False,9,13,57,14
Ohio4,LS1,Combined,Set1,Draw4,2,col2,Combined|Set1|Draw4|col2,A,combined,1,3,1,4,2,1,554337**,8,5,False,9,13,57,14
Ohio4,LS1,Combined,Set1,Draw4,2,col2,Combined|Set1|Draw4|col2,A,combined,1,3,1,4,2,2,554337**,8,5,False,9,13,57,14
Ohio4,LS1,Combined,Set1,Draw4,2,col2,Combined|Set1|Draw4|col2,A,combined,1,3,1,4,2,3,554337**,8,5,False,9,13,57,14
Ohio4,LS1,Combined,Set1,Draw4,2,col2,Combined|Set1|Draw4|col2,A,combined,1,3,1,4,2,4,554337**,8,5,False,9,13,57,14
Ohio4,LS1,Combined,Set1,Draw4,2,col2,Combined|Set1|Draw4|col2,A,combined,1,3,1,4,2,5,554337**,8,5,False,9,13,57,14
Ohio4,LS1,Combined,Set1,Draw4,2,col2,Combined|Set1|Draw4|col2,A,combined,1,3,1,4,2,6,554337**,8,5,False,9,13,57,14
Ohio4,LS1,Combined,Set1,Draw4,2,col2,Combined|Set1|Draw4|col2,A,combined,1,3,1,4,2,7,55433**,7,4,False,9,13,57,14
Ohio4,LS1,Combined,Set1,Draw4,2,col2,Combined|Set1|Draw4|col2,A,combined,1,3,1,4,2,8,55433**,7,4,False,9,13,57,14
Ohio4,LS1,Combined,Set1,Draw4,2,col2,Combined|Set1|Draw4|col2,A,combined,1,3,1,4,2,9,5533**,6,3,True,9,13,57,14
Ohio4,LS1,Combined,Set1,Draw4,2,col2,Combined|Set1|Draw4|col2,A,combined,1,3,1,4,2,10,5533**,6,3,True,9,13,57,14
Ohio4,LS1,Combined,Set1,Draw4,2,col2,Combined|Set1|Draw4|col2,A,combined,1,3,1,4,2,11,5533**,6,3,True,9,13,57,14
Ohio4,LS1,Combined,Set1,Draw4,2,col2,Combined|Set1|Draw4|col2,A,combined,1,3,1,4,2,12,5533**,6,3,True,9,13,57,14
Ohio4,LS1,Combined,Set1,Draw4,2,col2,Combined|Set1|Draw4|col2,A,combined,1,3,1,4,2,13,33**,4,2,True,9,13,57,14
Ohio4,LS1,Combined,Set1,Draw4,2,col2,Combined|Set1|Draw4|col2,B,own,1,3,1,4,2,0,55433867**,10,7,False,2,4,29,5
Ohio4,LS1,Combined,Set1,Draw4,2,col2,Combined|Set1|Draw4|col2,B,own,1,3,1,4,2,1,5547**,6,4,False,2,4,29,5
Ohio4,LS1,Combined,Set1,Draw4,2,col2,Combined|Set1|Draw4|col2,B,own,1,3,1,4,2,2,7**,3,2,True,2,4,29,5
Ohio4,LS1,Combined,Set1,Draw4,2,col2,Combined|Set1|Draw4|col2,B,own,1,3,1,4,2,3,7**,3,2,True,2,4,29,5
Ohio4,LS1,Combined,Set1,Draw4,2,col2,Combined|Set1|Draw4|col2,B,own,1,3,1,4,2,4,**,2,1,True,2,4,29,5
Ohio4,LS1,Combined,Set1,Draw4,2,col2,Combined|Set1|Draw4|col2,B,combined,1,3,1,4,2,0,55433867**,10,7,False,3,7,57,6
Ohio4,LS1,Combined,Set1,Draw4,2,col2,Combined|Set1|Draw4|col2,B,combined,1,3,1,4,2,1,5547**,6,4,False,3,7,57,6
Ohio4,LS1,Combined,Set1,Draw4,2,col2,Combined|Set1|Draw4|col2,B,combined,1,3,1,4,2,2,5547**,6,4,False,3,7,57,6
Ohio4,LS1,Combined,Set1,Draw4,2,col2,Combined|Set1|Draw4|col2,B,combined,1,3,1,4,2,3,7**,3,2,True,3,7,57,6
Ohio4,LS1,Combined,Set1,Draw4,2,col2,Combined|Set1|Draw4|col2,B,combined,1,3,1,4,2,4,7**,3,2,True,3,7,57,6
Ohio4,LS1,Combined,Set1,Draw4,2,col2,Combined|Set1|Draw4|col2,B,combined,1,3,1,4,2,7,**,2,1,True,3,7,57,6
Ohio4,LS1,Combined,Set1,Draw4,2,col2,Combined|Set1|Draw4|col2,C,own,1,3,1,4,2,0,55433867**,10,7,False,2,4,29,5
Ohio4,LS1,Combined,Set1,Draw4,2,col2,Combined|Set1|Draw4|col2,C,own,1,3,1,4,2,1,5547**,6,4,False,2,4,29,5
Ohio4,LS1,Combined,Set1,Draw4,2,col2,Combined|Set1|Draw4|col2,C,own,1,3,1,4,2,2,7**,3,2,True,2,4,29,5
Ohio4,LS1,Combined,Set1,Draw4,2,col2,Combined|Set1|Draw4|col2,C,own,1,3,1,4,2,3,7**,3,2,True,2,4,29,5
Ohio4,LS1,Combined,Set1,Draw4,2,col2,Combined|Set1|Draw4|col2,C,own,1,3,1,4,2,4,**,2,1,True,2,4,29,5
Ohio4,LS1,Combined,Set1,Draw4,2,col2,Combined|Set1|Draw4|col2,C,combined,1,3,1,4,2,0,55433867**,10,7,False,3,7,57,6
Ohio4,LS1,Combined,Set1,Draw4,2,col2,Combined|Set1|Draw4|col2,C,combined,1,3,1,4,2,1,5547**,6,4,False,3,7,57,6
Ohio4,LS1,Combined,Set1,Draw4,2,col2,Combined|Set1|Draw4|col2,C,combined,1,3,1,4,2,2,5547**,6,4,False,3,7,57,6
Ohio4,LS1,Combined,Set1,Draw4,2,col2,Combined|Set1|Draw4|col2,C,combined,1,3,1,4,2,3,7**,3,2,True,3,7,57,6
Ohio4,LS1,Combined,Set1,Draw4,2,col2,Combined|Set1|Draw4|col2,C,combined,1,3,1,4,2,4,7**,3,2,True,3,7,57,6
Ohio4,LS1,Combined,Set1,Draw4,2,col2,Combined|Set1|Draw4|col2,C,combined,1,3,1,4,2,7,**,2,1,True,3,7,57,6
Ohio4,LS1,Combined,Set1,Draw4,2,col2,Combined|Set1|Draw4|col2,D,own,1,3,1,4,2,0,55433867**,10,7,False,2,4,29,5
Ohio4,LS1,Combined,Set1,Draw4,2,col2,Combined|Set1|Draw4|col2,D,own,1,3,1,4,2,1,5547**,6,4,False,2,4,29,5
Ohio4,LS1,Combined,Set1,Draw4,2,col2,Combined|Set1|Draw4|col2,D,own,1,3,1,4,2,2,57**,4,3,True,2,4,29,5
Ohio4,LS1,Combined,Set1,Draw4,2,col2,Combined|Set1|Draw4|col2,D,own,1,3,1,4,2,3,57**,4,3,True,2,4,29,5
Ohio4,LS1,Combined,Set1,Draw4,2,col2,Combined|Set1|Draw4|col2,D,own,1,3,1,4,2,4,**,2,1,True,2,4,29,5
Ohio4,LS1,Combined,Set1,Draw4,2,col2,Combined|Set1|Draw4|col2,D,combined,1,3,1,4,2,0,55433867**,10,7,False,3,7,57,7
Ohio4,LS1,Combined,Set1,Draw4,2,col2,Combined|Set1|Draw4|col2,D,combined,1,3,1,4,2,1,5547**,6,4,False,3,7,57,7
Ohio4,LS1,Combined,Set1,Draw4,2,col2,Combined|Set1|Draw4|col2,D,combined,1,3,1,4,2,2,5547**,6,4,False,3,7,57,7
Ohio4,LS1,Combined,Set1,Draw4,2,col2,Combined|Set1|Draw4|col2,D,combined,1,3,1,4,2,3,57**,4,3,True,3,7,57,7
Ohio4,LS1,Combined,Set1,Draw4,2,col2,Combined|Set1|Draw4|col2,D,combined,1,3,1,4,2,4,7**,3,2,True,3,7,57,7
Ohio4,LS1,Combined,Set1,Draw4,2,col2,Combined|Set1|Draw4|col2,D,combined,1,3,1,4,2,5,7**,3,2,True,3,7,57,7
Ohio4,LS1,Combined,Set1,Draw4,2,col2,Combined|Set1|Draw4|col2,D,combined,1,3,1,4,2,7,**,2,1,True,3,7,57,7
Ohio4,LS1,Combined,Set1,Draw4,2,col2,Combined|Set1|Draw4|col2,E,own,1,3,1,4,2,0,55433867**,10,7,False,3,4,29,5
Ohio4,LS1,Combined,Set1,Draw4,2,col2,Combined|Set1|Draw4|col2,E,own,1,3,1,4,2,1,55437**,7,5,False,3,4,29,5
Ohio4,LS1,Combined,Set1,Draw4,2,col2,Combined|Set1|Draw4|col2,E,own,1,3,1,4,2,2,537**,5,4,False,3,4,29,5
Ohio4,LS1,Combined,Set1,Draw4,2,col2,Combined|Set1|Draw4|col2,E,own,1,3,1,4,2,3,57**,4,3,True,3,4,29,5
Ohio4,LS1,Combined,Set1,Draw4,2,col2,Combined|Set1|Draw4|col2,E,own,1,3,1,4,2,4,**,2,1,True,3,4,29,5
Ohio4,LS1,Combined,Set1,Draw4,2,col2,Combined|Set1|Draw4|col2,E,combined,1,3,1,4,2,0,55433867**,10,7,False,3,7,57,7
Ohio4,LS1,Combined,Set1,Draw4,2,col2,Combined|Set1|Draw4|col2,E,combined,1,3,1,4,2,1,55437**,7,5,False,3,7,57,7
Ohio4,LS1,Combined,Set1,Draw4,2,col2,Combined|Set1|Draw4|col2,E,combined,1,3,1,4,2,2,5547**,6,4,False,3,7,57,7
Ohio4,LS1,Combined,Set1,Draw4,2,col2,Combined|Set1|Draw4|col2,E,combined,1,3,1,4,2,3,57**,4,3,True,3,7,57,7
Ohio4,LS1,Combined,Set1,Draw4,2,col2,Combined|Set1|Draw4|col2,E,combined,1,3,1,4,2,4,7**,3,2,True,3,7,57,7
Ohio4,LS1,Combined,Set1,Draw4,2,col2,Combined|Set1|Draw4|col2,E,combined,1,3,1,4,2,5,7**,3,2,True,3,7,57,7
Ohio4,LS1,Combined,Set1,Draw4,2,col2,Combined|Set1|Draw4|col2,E,combined,1,3,1,4,2,7,**,2,1,True,3,7,57,7
Ohio4,LS1,Combined,Set1,Draw4,2,col2,Combined|Set1|Draw4|col2,T,own,1,3,1,4,2,0,55433867**,10,7,False,2,4,29,5
Ohio4,LS1,Combined,Set1,Draw4,2,col2,Combined|Set1|Draw4|col2,T,own,1,3,1,4,2,1,5547**,6,4,False,2,4,29,5
Ohio4,LS1,Combined,Set1,Draw4,2,col2,Combined|Set1|Draw4|col2,T,own,1,3,1,4,2,2,7**,3,2,True,2,4,29,5
Ohio4,LS1,Combined,Set1,Draw4,2,col2,Combined|Set1|Draw4|col2,T,own,1,3,1,4,2,3,7**,3,2,True,2,4,29,5
Ohio4,LS1,Combined,Set1,Draw4,2,col2,Combined|Set1|Draw4|col2,T,own,1,3,1,4,2,4,**,2,1,True,2,4,29,5
Ohio4,LS1,Combined,Set1,Draw4,2,col2,Combined|Set1|Draw4|col2,T,combined,1,3,1,4,2,0,55433867**,10,7,False,3,7,57,6
Ohio4,LS1,Combined,Set1,Draw4,2,col2,Combined|Set1|Draw4|col2,T,combined,1,3,1,4,2,1,5547**,6,4,False,3,7,57,6
Ohio4,LS1,Combined,Set1,Draw4,2,col2,Combined|Set1|Draw4|col2,T,combined,1,3,1,4,2,2,5547**,6,4,False,3,7,57,6
Ohio4,LS1,Combined,Set1,Draw4,2,col2,Combined|Set1|Draw4|col2,T,combined,1,3,1,4,2,3,7**,3,2,True,3,7,57,6
Ohio4,LS1,Combined,Set1,Draw4,2,col2,Combined|Set1|Draw4|col2,T,combined,1,3,1,4,2,4,7**,3,2,True,3,7,57,6
Ohio4,LS1,Combined,Set1,Draw4,2,col2,Combined|Set1|Draw4|col2,T,combined,1,3,1,4,2,7,**,2,1,True,3,7,57,6
Ohio4,LS1,Combined,Set1,Draw5,3,col3,Combined|Set1|Draw5|col3,A,own,1,3,1,5,3,0,55401338667,11,8,False,5,7,29,8
Ohio4,LS1,Combined,Set1,Draw5,3,col3,Combined|Set1|Draw5|col3,A,own,1,3,1,5,3,1,55401337,8,6,False,5,7,29,8
Ohio4,LS1,Combined,Set1,Draw5,3,col3,Combined|Set1|Draw5|col3,A,own,1,3,1,5,3,2,5541337,7,5,False,5,7,29,8
Ohio4,LS1,Combined,Set1,Draw5,3,col3,Combined|Set1|Draw5|col3,A,own,1,3,1,5,3,3,5541337,7,5,False,5,7,29,8
Ohio4,LS1,Combined,Set1,Draw5,3,col3,Combined|Set1|Draw5|col3,A,own,1,3,1,5,3,4,554133,6,4,False,5,7,29,8
Ohio4,LS1,Combined,Set1,Draw5,3,col3,Combined|Set1|Draw5|col3,A,own,1,3,1,5,3,5,5533,4,2,True,5,7,29,8
Ohio4,LS1,Combined,Set1,Draw5,3,col3,Combined|Set1|Draw5|col3,A,own,1,3,1,5,3,6,5533,4,2,True,5,7,29,8
Ohio4,LS1,Combined,Set1,Draw5,3,col3,Combined|Set1|Draw5|col3,A,own,1,3,1,5,3,7,33,2,1,True,5,7,29,8
Ohio4,LS1,Combined,Set1,Draw5,3,col3,Combined|Set1|Draw5|col3,A,combined,1,3,1,5,3,0,55401338667,11,8,False,9,13,57,12
Ohio4,LS1,Combined,Set1,Draw5,3,col3,Combined|Set1|Draw5|col3,A,combined,1,3,1,5,3,1,55401337,8,6,False,9,13,57,12
Ohio4,LS1,Combined,Set1,Draw5,3,col3,Combined|Set1|Draw5|col3,A,combined,1,3,1,5,3,2,55401337,8,6,False,9,13,57,12
Ohio4,LS1,Combined,Set1,Draw5,3,col3,Combined|Set1|Draw5|col3,A,combined,1,3,1,5,3,3,5541337,7,5,False,9,13,57,12
Ohio4,LS1,Combined,Set1,Draw5,3,col3,Combined|Set1|Draw5|col3,A,combined,1,3,1,5,3,4,5541337,7,5,False,9,13,57,12
Ohio4,LS1,Combined,Set1,Draw5,3,col3,Combined|Set1|Draw5|col3,A,combined,1,3,1,5,3,5,5541337,7,5,False,9,13,57,12
Ohio4,LS1,Combined,Set1,Draw5,3,col3,Combined|Set1|Draw5|col3,A,combined,1,3,1,5,3,6,5541337,7,5,False,9,13,57,12
Ohio4,LS1,Combined,Set1,Draw5,3,col3,Combined|Set1|Draw5|col3,A,combined,1,3,1,5,3,7,554133,6,4,False,9,13,57,12
Ohio4,LS1,Combined,Set1,Draw5,3,col3,Combined|Set1|Draw5|col3,A,combined,1,3,1,5,3,8,554133,6,4,False,9,13,57,12
Ohio4,LS1,Combined,Set1,Draw5,3,col3,Combined|Set1|Draw5|col3,A,combined,1,3,1,5,3,9,5533,4,2,True,9,13,57,12
Ohio4,LS1,Combined,Set1,Draw5,3,col3,Combined|Set1|Draw5|col3,A,combined,1,3,1,5,3,10,5533,4,2,True,9,13,57,12
Ohio4,LS1,Combined,Set1,Draw5,3,col3,Combined|Set1|Draw5|col3,A,combined,1,3,1,5,3,13,33,2,1,True,9,13,57,12
Ohio4,LS1,Combined,Set1,Draw5,3,col3,Combined|Set1|Draw5|col3,B,own,1,3,1,5,3,0,55401338667,11,8,False,2,4,5,5
Ohio4,LS1,Combined,Set1,Draw5,3,col3,Combined|Set1|Draw5|col3,B,own,1,3,1,5,3,1,554017,6,5,False,2,4,5,5
Ohio4,LS1,Combined,Set1,Draw5,3,col3,Combined|Set1|Draw5|col3,B,own,1,3,1,5,3,2,557,3,2,True,2,4,5,5
Ohio4,LS1,Combined,Set1,Draw5,3,col3,Combined|Set1|Draw5|col3,B,own,1,3,1,5,3,3,557,3,2,True,2,4,5,5
Ohio4,LS1,Combined,Set1,Draw5,3,col3,Combined|Set1|Draw5|col3,B,own,1,3,1,5,3,4,,0,0,False,2,4,5,5
Ohio4,LS1,Combined,Set1,Draw5,3,col3,Combined|Set1|Draw5|col3,B,combined,1,3,1,5,3,0,55401338667,11,8,False,3,7,8,7
Ohio4,LS1,Combined,Set1,Draw5,3,col3,Combined|Set1|Draw5|col3,B,combined,1,3,1,5,3,1,554017,6,5,False,3,7,8,7
Ohio4,LS1,Combined,Set1,Draw5,3,col3,Combined|Set1|Draw5|col3,B,combined,1,3,1,5,3,2,55407,5,4,False,3,7,8,7
Ohio4,LS1,Combined,Set1,Draw5,3,col3,Combined|Set1|Draw5|col3,B,combined,1,3,1,5,3,3,557,3,2,True,3,7,8,7
Ohio4,LS1,Combined,Set1,Draw5,3,col3,Combined|Set1|Draw5|col3,B,combined,1,3,1,5,3,4,7,1,1,True,3,7,8,7
Ohio4,LS1,Combined,Set1,Draw5,3,col3,Combined|Set1|Draw5|col3,B,combined,1,3,1,5,3,5,7,1,1,True,3,7,8,7
Ohio4,LS1,Combined,Set1,Draw5,3,col3,Combined|Set1|Draw5|col3,B,combined,1,3,1,5,3,7,,0,0,False,3,7,8,7
Ohio4,LS1,Combined,Set1,Draw5,3,col3,Combined|Set1|Draw5|col3,C,own,1,3,1,5,3,0,55401338667,11,8,False,2,4,5,5
Ohio4,LS1,Combined,Set1,Draw5,3,col3,Combined|Set1|Draw5|col3,C,own,1,3,1,5,3,1,55407,5,4,False,2,4,5,5
Ohio4,LS1,Combined,Set1,Draw5,3,col3,Combined|Set1|Draw5|col3,C,own,1,3,1,5,3,2,7,1,1,True,2,4,5,5
Ohio4,LS1,Combined,Set1,Draw5,3,col3,Combined|Set1|Draw5|col3,C,own,1,3,1,5,3,3,7,1,1,True,2,4,5,5
Ohio4,LS1,Combined,Set1,Draw5,3,col3,Combined|Set1|Draw5|col3,C,own,1,3,1,5,3,4,,0,0,False,2,4,5,5
Ohio4,LS1,Combined,Set1,Draw5,3,col3,Combined|Set1|Draw5|col3,C,combined,1,3,1,5,3,0,55401338667,11,8,False,3,7,8,6
Ohio4,LS1,Combined,Set1,Draw5,3,col3,Combined|Set1|Draw5|col3,C,combined,1,3,1,5,3,1,55407,5,4,False,3,7,8,6
Ohio4,LS1,Combined,Set1,Draw5,3,col3,Combined|Set1|Draw5|col3,C,combined,1,3,1,5,3,2,55407,5,4,False,3,7,8,6
Ohio4,LS1,Combined,Set1,Draw5,3,col3,Combined|Set1|Draw5|col3,C,combined,1,3,1,5,3,3,7,1,1,True,3,7,8,6
Ohio4,LS1,Combined,Set1,Draw5,3,col3,Combined|Set1|Draw5|col3,C,combined,1,3,1,5,3,4,7,1,1,True,3,7,8,6
Ohio4,LS1,Combined,Set1,Draw5,3,col3,Combined|Set1|Draw5|col3,C,combined,1,3,1,5,3,7,,0,0,False,3,7,8,6
Ohio4,LS1,Combined,Set1,Draw5,3,col3,Combined|Set1|Draw5|col3,D,own,1,3,1,5,3,0,55401338667,11,8,False,2,4,5,5
Ohio4,LS1,Combined,Set1,Draw5,3,col3,Combined|Set1|Draw5|col3,D,own,1,3,1,5,3,1,55407,5,4,False,2,4,5,5
Ohio4,LS1,Combined,Set1,Draw5,3,col3,Combined|Set1|Draw5|col3,D,own,1,3,1,5,3,2,57,2,2,True,2,4,5,5
Ohio4,LS1,Combined,Set1,Draw5,3,col3,Combined|Set1|Draw5|col3,D,own,1,3,1,5,3,3,57,2,2,True,2,4,5,5
Ohio4,LS1,Combined,Set1,Draw5,3,col3,Combined|Set1|Draw5|col3,D,own,1,3,1,5,3,4,,0,0,False,2,4,5,5
Ohio4,LS1,Combined,Set1,Draw5,3,col3,Combined|Set1|Draw5|col3,D,combined,1,3,1,5,3,0,55401338667,11,8,False,3,7,8,7
Ohio4,LS1,Combined,Set1,Draw5,3,col3,Combined|Set1|Draw5|col3,D,combined,1,3,1,5,3,1,55407,5,4,False,3,7,8,7
Ohio4,LS1,Combined,Set1,Draw5,3,col3,Combined|Set1|Draw5|col3,D,combined,1,3,1,5,3,2,55407,5,4,False,3,7,8,7
Ohio4,LS1,Combined,Set1,Draw5,3,col3,Combined|Set1|Draw5|col3,D,combined,1,3,1,5,3,3,57,2,2,True,3,7,8,7
Ohio4,LS1,Combined,Set1,Draw5,3,col3,Combined|Set1|Draw5|col3,D,combined,1,3,1,5,3,4,7,1,1,True,3,7,8,7
Ohio4,LS1,Combined,Set1,Draw5,3,col3,Combined|Set1|Draw5|col3,D,combined,1,3,1,5,3,5,7,1,1,True,3,7,8,7
Ohio4,LS1,Combined,Set1,Draw5,3,col3,Combined|Set1|Draw5|col3,D,combined,1,3,1,5,3,7,,0,0,False,3,7,8,7
Ohio4,LS1,Combined,Set1,Draw5,3,col3,Combined|Set1|Draw5|col3,E,own,1,3,1,5,3,0,55401338667,11,8,False,3,7,8,8
Ohio4,LS1,Combined,Set1,Draw5,3,col3,Combined|Set1|Draw5|col3,E,own,1,3,1,5,3,1,55401367,8,7,False,3,7,8,8
Ohio4,LS1,Combined,Set1,Draw5,3,col3,Combined|Set1|Draw5|col3,E,own,1,3,1,5,3,2,55137,5,4,False,3,7,8,8
Ohio4,LS1,Combined,Set1,Draw5,3,col3,Combined|Set1|Draw5|col3,E,own,1,3,1,5,3,3,5517,4,3,True,3,7,8,8
Ohio4,LS1,Combined,Set1,Draw5,3,col3,Combined|Set1|Draw5|col3,E,own,1,3,1,5,3,4,51,2,2,True,3,7,8,8
Ohio4,LS1,Combined,Set1,Draw5,3,col3,Combined|Set1|Draw5|col3,E,own,1,3,1,5,3,5,5,1,1,True,3,7,8,8
Ohio4,LS1,Combined,Set1,Draw5,3,col3,Combined|Set1|Draw5|col3,E,own,1,3,1,5,3,6,5,1,1,True,3,7,8,8
Ohio4,LS1,Combined,Set1,Draw5,3,col3,Combined|Set1|Draw5|col3,E,own,1,3,1,5,3,7,,0,0,False,3,7,8,8
Ohio4,LS1,Combined,Set1,Draw5,3,col3,Combined|Set1|Draw5|col3,E,combined,1,3,1,5,3,0,55401338667,11,8,False,3,7,8,7
Ohio4,LS1,Combined,Set1,Draw5,3,col3,Combined|Set1|Draw5|col3,E,combined,1,3,1,5,3,1,55401367,8,7,False,3,7,8,7
Ohio4,LS1,Combined,Set1,Draw5,3,col3,Combined|Set1|Draw5|col3,E,combined,1,3,1,5,3,2,554017,6,5,False,3,7,8,7
Ohio4,LS1,Combined,Set1,Draw5,3,col3,Combined|Set1|Draw5|col3,E,combined,1,3,1,5,3,3,557,3,2,True,3,7,8,7
Ohio4,LS1,Combined,Set1,Draw5,3,col3,Combined|Set1|Draw5|col3,E,combined,1,3,1,5,3,4,57,2,2,True,3,7,8,7
Ohio4,LS1,Combined,Set1,Draw5,3,col3,Combined|Set1|Draw5|col3,E,combined,1,3,1,5,3,5,57,2,2,True,3,7,8,7
Ohio4,LS1,Combined,Set1,Draw5,3,col3,Combined|Set1|Draw5|col3,E,combined,1,3,1,5,3,7,,0,0,False,3,7,8,7
Ohio4,LS1,Combined,Set1,Draw5,3,col3,Combined|Set1|Draw5|col3,T,own,1,3,1,5,3,0,55401338667,11,8,False,2,5,6,6
Ohio4,LS1,Combined,Set1,Draw5,3,col3,Combined|Set1|Draw5|col3,T,own,1,3,1,5,3,1,55407,5,4,False,2,5,6,6
Ohio4,LS1,Combined,Set1,Draw5,3,col3,Combined|Set1|Draw5|col3,T,own,1,3,1,5,3,2,47,2,2,True,2,5,6,6
Ohio4,LS1,Combined,Set1,Draw5,3,col3,Combined|Set1|Draw5|col3,T,own,1,3,1,5,3,3,47,2,2,True,2,5,6,6
Ohio4,LS1,Combined,Set1,Draw5,3,col3,Combined|Set1|Draw5|col3,T,own,1,3,1,5,3,4,4,1,1,True,2,5,6,6
Ohio4,LS1,Combined,Set1,Draw5,3,col3,Combined|Set1|Draw5|col3,T,own,1,3,1,5,3,5,,0,0,False,2,5,6,6
Ohio4,LS1,Combined,Set1,Draw5,3,col3,Combined|Set1|Draw5|col3,T,combined,1,3,1,5,3,0,55401338667,11,8,False,3,9,10,8
Ohio4,LS1,Combined,Set1,Draw5,3,col3,Combined|Set1|Draw5|col3,T,combined,1,3,1,5,3,1,55407,5,4,False,3,9,10,8
Ohio4,LS1,Combined,Set1,Draw5,3,col3,Combined|Set1|Draw5|col3,T,combined,1,3,1,5,3,2,55407,5,4,False,3,9,10,8
Ohio4,LS1,Combined,Set1,Draw5,3,col3,Combined|Set1|Draw5|col3,T,combined,1,3,1,5,3,3,47,2,2,True,3,9,10,8
Ohio4,LS1,Combined,Set1,Draw5,3,col3,Combined|Set1|Draw5|col3,T,combined,1,3,1,5,3,4,47,2,2,True,3,9,10,8
Ohio4,LS1,Combined,Set1,Draw5,3,col3,Combined|Set1|Draw5|col3,T,combined,1,3,1,5,3,7,4,1,1,True,3,9,10,8
Ohio4,LS1,Combined,Set1,Draw5,3,col3,Combined|Set1|Draw5|col3,T,combined,1,3,1,5,3,8,4,1,1,True,3,9,10,8
Ohio4,LS1,Combined,Set1,Draw5,3,col3,Combined|Set1|Draw5|col3,T,combined,1,3,1,5,3,9,,0,0,False,3,9,10,8
Ohio4,LS1,Combined,Set1,Draw5,2,col2,Combined|Set1|Draw5|col2,A,own,1,3,1,5,2,0,554133867**,11,8,False,5,7,29,8
Ohio4,LS1,Combined,Set1,Draw5,2,col2,Combined|Set1|Draw5|col2,A,own,1,3,1,5,2,1,5541337**,9,6,False,5,7,29,8
Ohio4,LS1,Combined,Set1,Draw5,2,col2,Combined|Set1|Draw5|col2,A,own,1,3,1,5,2,2,5541337**,9,6,False,5,7,29,8
Ohio4,LS1,Combined,Set1,Draw5,2,col2,Combined|Set1|Draw5|col2,A,own,1,3,1,5,2,3,5541337**,9,6,False,5,7,29,8
Ohio4,LS1,Combined,Set1,Draw5,2,col2,Combined|Set1|Draw5|col2,A,own,1,3,1,5,2,4,554133**,8,5,False,5,7,29,8
Ohio4,LS1,Combined,Set1,Draw5,2,col2,Combined|Set1|Draw5|col2,A,own,1,3,1,5,2,5,5533**,6,3,True,5,7,29,8
Ohio4,LS1,Combined,Set1,Draw5,2,col2,Combined|Set1|Draw5|col2,A,own,1,3,1,5,2,6,5533**,6,3,True,5,7,29,8
Ohio4,LS1,Combined,Set1,Draw5,2,col2,Combined|Set1|Draw5|col2,A,own,1,3,1,5,2,7,33**,4,2,True,5,7,29,8
Ohio4,LS1,Combined,Set1,Draw5,2,col2,Combined|Set1|Draw5|col2,A,combined,1,3,1,5,2,0,554133867**,11,8,False,9,13,57,14
Ohio4,LS1,Combined,Set1,Draw5,2,col2,Combined|Set1|Draw5|col2,A,combined,1,3,1,5,2,1,5541337**,9,6,False,9,13,57,14
Ohio4,LS1,Combined,Set1,Draw5,2,col2,Combined|Set1|Draw5|col2,A,combined,1,3,1,5,2,2,5541337**,9,6,False,9,13,57,14
Ohio4,LS1,Combined,Set1,Draw5,2,col2,Combined|Set1|Draw5|col2,A,combined,1,3,1,5,2,3,5541337**,9,6,False,9,13,57,14
Ohio4,LS1,Combined,Set1,Draw5,2,col2,Combined|Set1|Draw5|col2,A,combined,1,3,1,5,2,4,5541337**,9,6,False,9,13,57,14
Ohio4,LS1,Combined,Set1,Draw5,2,col2,Combined|Set1|Draw5|col2,A,combined,1,3,1,5,2,5,5541337**,9,6,False,9,13,57,14
Ohio4,LS1,Combined,Set1,Draw5,2,col2,Combined|Set1|Draw5|col2,A,combined,1,3,1,5,2,6,5541337**,9,6,False,9,13,57,14
Ohio4,LS1,Combined,Set1,Draw5,2,col2,Combined|Set1|Draw5|col2,A,combined,1,3,1,5,2,7,554133**,8,5,False,9,13,57,14
Ohio4,LS1,Combined,Set1,Draw5,2,col2,Combined|Set1|Draw5|col2,A,combined,1,3,1,5,2,8,554133**,8,5,False,9,13,57,14
Ohio4,LS1,Combined,Set1,Draw5,2,col2,Combined|Set1|Draw5|col2,A,combined,1,3,1,5,2,9,5533**,6,3,True,9,13,57,14
Ohio4,LS1,Combined,Set1,Draw5,2,col2,Combined|Set1|Draw5|col2,A,combined,1,3,1,5,2,10,5533**,6,3,True,9,13,57,14
Ohio4,LS1,Combined,Set1,Draw5,2,col2,Combined|Set1|Draw5|col2,A,combined,1,3,1,5,2,11,5533**,6,3,True,9,13,57,14
Ohio4,LS1,Combined,Set1,Draw5,2,col2,Combined|Set1|Draw5|col2,A,combined,1,3,1,5,2,12,5533**,6,3,True,9,13,57,14
Ohio4,LS1,Combined,Set1,Draw5,2,col2,Combined|Set1|Draw5|col2,A,combined,1,3,1,5,2,13,33**,4,2,True,9,13,57,14
Ohio4,LS1,Combined,Set1,Draw5,2,col2,Combined|Set1|Draw5|col2,B,own,1,3,1,5,2,0,554133867**,11,8,False,2,4,29,5
Ohio4,LS1,Combined,Set1,Draw5,2,col2,Combined|Set1|Draw5|col2,B,own,1,3,1,5,2,1,55417**,7,5,False,2,4,29,5
Ohio4,LS1,Combined,Set1,Draw5,2,col2,Combined|Set1|Draw5|col2,B,own,1,3,1,5,2,2,7**,3,2,True,2,4,29,5
Ohio4,LS1,Combined,Set1,Draw5,2,col2,Combined|Set1|Draw5|col2,B,own,1,3,1,5,2,3,7**,3,2,True,2,4,29,5
Ohio4,LS1,Combined,Set1,Draw5,2,col2,Combined|Set1|Draw5|col2,B,own,1,3,1,5,2,4,**,2,1,True,2,4,29,5
Ohio4,LS1,Combined,Set1,Draw5,2,col2,Combined|Set1|Draw5|col2,B,combined,1,3,1,5,2,0,554133867**,11,8,False,3,7,57,6
Ohio4,LS1,Combined,Set1,Draw5,2,col2,Combined|Set1|Draw5|col2,B,combined,1,3,1,5,2,1,55417**,7,5,False,3,7,57,6
Ohio4,LS1,Combined,Set1,Draw5,2,col2,Combined|Set1|Draw5|col2,B,combined,1,3,1,5,2,2,5547**,6,4,False,3,7,57,6
Ohio4,LS1,Combined,Set1,Draw5,2,col2,Combined|Set1|Draw5|col2,B,combined,1,3,1,5,2,3,7**,3,2,True,3,7,57,6
Ohio4,LS1,Combined,Set1,Draw5,2,col2,Combined|Set1|Draw5|col2,B,combined,1,3,1,5,2,4,7**,3,2,True,3,7,57,6
Ohio4,LS1,Combined,Set1,Draw5,2,col2,Combined|Set1|Draw5|col2,B,combined,1,3,1,5,2,7,**,2,1,True,3,7,57,6
Ohio4,LS1,Combined,Set1,Draw5,2,col2,Combined|Set1|Draw5|col2,C,own,1,3,1,5,2,0,554133867**,11,8,False,2,4,29,5
Ohio4,LS1,Combined,Set1,Draw5,2,col2,Combined|Set1|Draw5|col2,C,own,1,3,1,5,2,1,5547**,6,4,False,2,4,29,5
Ohio4,LS1,Combined,Set1,Draw5,2,col2,Combined|Set1|Draw5|col2,C,own,1,3,1,5,2,2,7**,3,2,True,2,4,29,5
Ohio4,LS1,Combined,Set1,Draw5,2,col2,Combined|Set1|Draw5|col2,C,own,1,3,1,5,2,3,7**,3,2,True,2,4,29,5
Ohio4,LS1,Combined,Set1,Draw5,2,col2,Combined|Set1|Draw5|col2,C,own,1,3,1,5,2,4,**,2,1,True,2,4,29,5
Ohio4,LS1,Combined,Set1,Draw5,2,col2,Combined|Set1|Draw5|col2,C,combined,1,3,1,5,2,0,554133867**,11,8,False,3,7,57,6
Ohio4,LS1,Combined,Set1,Draw5,2,col2,Combined|Set1|Draw5|col2,C,combined,1,3,1,5,2,1,5547**,6,4,False,3,7,57,6
Ohio4,LS1,Combined,Set1,Draw5,2,col2,Combined|Set1|Draw5|col2,C,combined,1,3,1,5,2,2,5547**,6,4,False,3,7,57,6
Ohio4,LS1,Combined,Set1,Draw5,2,col2,Combined|Set1|Draw5|col2,C,combined,1,3,1,5,2,3,7**,3,2,True,3,7,57,6
Ohio4,LS1,Combined,Set1,Draw5,2,col2,Combined|Set1|Draw5|col2,C,combined,1,3,1,5,2,4,7**,3,2,True,3,7,57,6
Ohio4,LS1,Combined,Set1,Draw5,2,col2,Combined|Set1|Draw5|col2,C,combined,1,3,1,5,2,7,**,2,1,True,3,7,57,6
Ohio4,LS1,Combined,Set1,Draw5,2,col2,Combined|Set1|Draw5|col2,D,own,1,3,1,5,2,0,554133867**,11,8,False,2,4,29,5
Ohio4,LS1,Combined,Set1,Draw5,2,col2,Combined|Set1|Draw5|col2,D,own,1,3,1,5,2,1,5547**,6,4,False,2,4,29,5
Ohio4,LS1,Combined,Set1,Draw5,2,col2,Combined|Set1|Draw5|col2,D,own,1,3,1,5,2,2,57**,4,3,True,2,4,29,5
Ohio4,LS1,Combined,Set1,Draw5,2,col2,Combined|Set1|Draw5|col2,D,own,1,3,1,5,2,3,57**,4,3,True,2,4,29,5
Ohio4,LS1,Combined,Set1,Draw5,2,col2,Combined|Set1|Draw5|col2,D,own,1,3,1,5,2,4,**,2,1,True,2,4,29,5
Ohio4,LS1,Combined,Set1,Draw5,2,col2,Combined|Set1|Draw5|col2,D,combined,1,3,1,5,2,0,554133867**,11,8,False,3,7,57,7
Ohio4,LS1,Combined,Set1,Draw5,2,col2,Combined|Set1|Draw5|col2,D,combined,1,3,1,5,2,1,5547**,6,4,False,3,7,57,7
Ohio4,LS1,Combined,Set1,Draw5,2,col2,Combined|Set1|Draw5|col2,D,combined,1,3,1,5,2,2,5547**,6,4,False,3,7,57,7
Ohio4,LS1,Combined,Set1,Draw5,2,col2,Combined|Set1|Draw5|col2,D,combined,1,3,1,5,2,3,57**,4,3,True,3,7,57,7
Ohio4,LS1,Combined,Set1,Draw5,2,col2,Combined|Set1|Draw5|col2,D,combined,1,3,1,5,2,4,7**,3,2,True,3,7,57,7
Ohio4,LS1,Combined,Set1,Draw5,2,col2,Combined|Set1|Draw5|col2,D,combined,1,3,1,5,2,5,7**,3,2,True,3,7,57,7
Ohio4,LS1,Combined,Set1,Draw5,2,col2,Combined|Set1|Draw5|col2,D,combined,1,3,1,5,2,7,**,2,1,True,3,7,57,7
Ohio4,LS1,Combined,Set1,Draw5,2,col2,Combined|Set1|Draw5|col2,E,own,1,3,1,5,2,0,554133867**,11,8,False,3,4,29,5
Ohio4,LS1,Combined,Set1,Draw5,2,col2,Combined|Set1|Draw5|col2,E,own,1,3,1,5,2,1,554137**,8,6,False,3,4,29,5
Ohio4,LS1,Combined,Set1,Draw5,2,col2,Combined|Set1|Draw5|col2,E,own,1,3,1,5,2,2,537**,5,4,False,3,4,29,5
Ohio4,LS1,Combined,Set1,Draw5,2,col2,Combined|Set1|Draw5|col2,E,own,1,3,1,5,2,3,57**,4,3,True,3,4,29,5
Ohio4,LS1,Combined,Set1,Draw5,2,col2,Combined|Set1|Draw5|col2,E,own,1,3,1,5,2,4,**,2,1,True,3,4,29,5
Ohio4,LS1,Combined,Set1,Draw5,2,col2,Combined|Set1|Draw5|col2,E,combined,1,3,1,5,2,0,554133867**,11,8,False,3,7,57,7
Ohio4,LS1,Combined,Set1,Draw5,2,col2,Combined|Set1|Draw5|col2,E,combined,1,3,1,5,2,1,554137**,8,6,False,3,7,57,7
Ohio4,LS1,Combined,Set1,Draw5,2,col2,Combined|Set1|Draw5|col2,E,combined,1,3,1,5,2,2,5547**,6,4,False,3,7,57,7
Ohio4,LS1,Combined,Set1,Draw5,2,col2,Combined|Set1|Draw5|col2,E,combined,1,3,1,5,2,3,57**,4,3,True,3,7,57,7
Ohio4,LS1,Combined,Set1,Draw5,2,col2,Combined|Set1|Draw5|col2,E,combined,1,3,1,5,2,4,7**,3,2,True,3,7,57,7
Ohio4,LS1,Combined,Set1,Draw5,2,col2,Combined|Set1|Draw5|col2,E,combined,1,3,1,5,2,5,7**,3,2,True,3,7,57,7
Ohio4,LS1,Combined,Set1,Draw5,2,col2,Combined|Set1|Draw5|col2,E,combined,1,3,1,5,2,7,**,2,1,True,3,7,57,7
Ohio4,LS1,Combined,Set1,Draw5,2,col2,Combined|Set1|Draw5|col2,T,own,1,3,1,5,2,0,554133867**,11,8,False,2,4,29,5
Ohio4,LS1,Combined,Set1,Draw5,2,col2,Combined|Set1|Draw5|col2,T,own,1,3,1,5,2,1,5547**,6,4,False,2,4,29,5
Ohio4,LS1,Combined,Set1,Draw5,2,col2,Combined|Set1|Draw5|col2,T,own,1,3,1,5,2,2,7**,3,2,True,2,4,29,5
Ohio4,LS1,Combined,Set1,Draw5,2,col2,Combined|Set1|Draw5|col2,T,own,1,3,1,5,2,3,7**,3,2,True,2,4,29,5
Ohio4,LS1,Combined,Set1,Draw5,2,col2,Combined|Set1|Draw5|col2,T,own,1,3,1,5,2,4,**,2,1,True,2,4,29,5
Ohio4,LS1,Combined,Set1,Draw5,2,col2,Combined|Set1|Draw5|col2,T,combined,1,3,1,5,2,0,554133867**,11,8,False,3,7,57,6
Ohio4,LS1,Combined,Set1,Draw5,2,col2,Combined|Set1|Draw5|col2,T,combined,1,3,1,5,2,1,5547**,6,4,False,3,7,57,6
Ohio4,LS1,Combined,Set1,Draw5,2,col2,Combined|Set1|Draw5|col2,T,combined,1,3,1,5,2,2,5547**,6,4,False,3,7,57,6
Ohio4,LS1,Combined,Set1,Draw5,2,col2,Combined|Set1|Draw5|col2,T,combined,1,3,1,5,2,3,7**,3,2,True,3,7,57,6
Ohio4,LS1,Combined,Set1,Draw5,2,col2,Combined|Set1|Draw5|col2,T,combined,1,3,1,5,2,4,7**,3,2,True,3,7,57,6
Ohio4,LS1,Combined,Set1,Draw5,2,col2,Combined|Set1|Draw5|col2,T,combined,1,3,1,5,2,7,**,2,1,True,3,7,57,6
Ohio4,LS1,Combined,Set1,Draw5,1,col1,Combined|Set1|Draw5|col1,A,own,1,3,1,5,1,0,5541337**,9,6,False,5,7,29,8
Ohio4,LS1,Combined,Set1,Draw5,1,col1,Combined|Set1|Draw5|col1,A,own,1,3,1,5,1,1,5541337**,9,6,False,5,7,29,8
Ohio4,LS1,Combined,Set1,Draw5,1,col1,Combined|Set1|Draw5|col1,A,own,1,3,1,5,1,2,5541337**,9,6,False,5,7,29,8
Ohio4,LS1,Combined,Set1,Draw5,1,col1,Combined|Set1|Draw5|col1,A,own,1,3,1,5,1,3,5541337**,9,6,False,5,7,29,8
Ohio4,LS1,Combined,Set1,Draw5,1,col1,Combined|Set1|Draw5|col1,A,own,1,3,1,5,1,4,554133**,8,5,False,5,7,29,8
Ohio4,LS1,Combined,Set1,Draw5,1,col1,Combined|Set1|Draw5|col1,A,own,1,3,1,5,1,5,5533**,6,3,True,5,7,29,8
Ohio4,LS1,Combined,Set1,Draw5,1,col1,Combined|Set1|Draw5|col1,A,own,1,3,1,5,1,6,5533**,6,3,True,5,7,29,8
Ohio4,LS1,Combined,Set1,Draw5,1,col1,Combined|Set1|Draw5|col1,A,own,1,3,1,5,1,7,33**,4,2,True,5,7,29,8
Ohio4,LS1,Combined,Set1,Draw5,1,col1,Combined|Set1|Draw5|col1,A,combined,1,3,1,5,1,0,5541337**,9,6,False,9,13,57,14
Ohio4,LS1,Combined,Set1,Draw5,1,col1,Combined|Set1|Draw5|col1,A,combined,1,3,1,5,1,1,5541337**,9,6,False,9,13,57,14
Ohio4,LS1,Combined,Set1,Draw5,1,col1,Combined|Set1|Draw5|col1,A,combined,1,3,1,5,1,2,5541337**,9,6,False,9,13,57,14
Ohio4,LS1,Combined,Set1,Draw5,1,col1,Combined|Set1|Draw5|col1,A,combined,1,3,1,5,1,3,5541337**,9,6,False,9,13,57,14
Ohio4,LS1,Combined,Set1,Draw5,1,col1,Combined|Set1|Draw5|col1,A,combined,1,3,1,5,1,4,5541337**,9,6,False,9,13,57,14
Ohio4,LS1,Combined,Set1,Draw5,1,col1,Combined|Set1|Draw5|col1,A,combined,1,3,1,5,1,5,5541337**,9,6,False,9,13,57,14
Ohio4,LS1,Combined,Set1,Draw5,1,col1,Combined|Set1|Draw5|col1,A,combined,1,3,1,5,1,6,5541337**,9,6,False,9,13,57,14
Ohio4,LS1,Combined,Set1,Draw5,1,col1,Combined|Set1|Draw5|col1,A,combined,1,3,1,5,1,7,554133**,8,5,False,9,13,57,14
Ohio4,LS1,Combined,Set1,Draw5,1,col1,Combined|Set1|Draw5|col1,A,combined,1,3,1,5,1,8,554133**,8,5,False,9,13,57,14
Ohio4,LS1,Combined,Set1,Draw5,1,col1,Combined|Set1|Draw5|col1,A,combined,1,3,1,5,1,9,5533**,6,3,True,9,13,57,14
Ohio4,LS1,Combined,Set1,Draw5,1,col1,Combined|Set1|Draw5|col1,A,combined,1,3,1,5,1,10,5533**,6,3,True,9,13,57,14
Ohio4,LS1,Combined,Set1,Draw5,1,col1,Combined|Set1|Draw5|col1,A,combined,1,3,1,5,1,11,5533**,6,3,True,9,13,57,14
Ohio4,LS1,Combined,Set1,Draw5,1,col1,Combined|Set1|Draw5|col1,A,combined,1,3,1,5,1,12,5533**,6,3,True,9,13,57,14
Ohio4,LS1,Combined,Set1,Draw5,1,col1,Combined|Set1|Draw5|col1,A,combined,1,3,1,5,1,13,33**,4,2,True,9,13,57,14
Ohio4,LS1,Combined,Set1,Draw5,1,col1,Combined|Set1|Draw5|col1,B,own,1,3,1,5,1,0,5541337**,9,6,False,2,4,29,5
Ohio4,LS1,Combined,Set1,Draw5,1,col1,Combined|Set1|Draw5|col1,B,own,1,3,1,5,1,1,5547**,6,4,False,2,4,29,5
Ohio4,LS1,Combined,Set1,Draw5,1,col1,Combined|Set1|Draw5|col1,B,own,1,3,1,5,1,2,7**,3,2,True,2,4,29,5
Ohio4,LS1,Combined,Set1,Draw5,1,col1,Combined|Set1|Draw5|col1,B,own,1,3,1,5,1,3,7**,3,2,True,2,4,29,5
Ohio4,LS1,Combined,Set1,Draw5,1,col1,Combined|Set1|Draw5|col1,B,own,1,3,1,5,1,4,**,2,1,True,2,4,29,5
Ohio4,LS1,Combined,Set1,Draw5,1,col1,Combined|Set1|Draw5|col1,B,combined,1,3,1,5,1,0,5541337**,9,6,False,3,7,57,6
Ohio4,LS1,Combined,Set1,Draw5,1,col1,Combined|Set1|Draw5|col1,B,combined,1,3,1,5,1,1,5547**,6,4,False,3,7,57,6
Ohio4,LS1,Combined,Set1,Draw5,1,col1,Combined|Set1|Draw5|col1,B,combined,1,3,1,5,1,2,5547**,6,4,False,3,7,57,6
Ohio4,LS1,Combined,Set1,Draw5,1,col1,Combined|Set1|Draw5|col1,B,combined,1,3,1,5,1,3,7**,3,2,True,3,7,57,6
Ohio4,LS1,Combined,Set1,Draw5,1,col1,Combined|Set1|Draw5|col1,B,combined,1,3,1,5,1,4,7**,3,2,True,3,7,57,6
Ohio4,LS1,Combined,Set1,Draw5,1,col1,Combined|Set1|Draw5|col1,B,combined,1,3,1,5,1,7,**,2,1,True,3,7,57,6
Ohio4,LS1,Combined,Set1,Draw5,1,col1,Combined|Set1|Draw5|col1,C,own,1,3,1,5,1,0,5541337**,9,6,False,2,4,29,5
Ohio4,LS1,Combined,Set1,Draw5,1,col1,Combined|Set1|Draw5|col1,C,own,1,3,1,5,1,1,5547**,6,4,False,2,4,29,5
Ohio4,LS1,Combined,Set1,Draw5,1,col1,Combined|Set1|Draw5|col1,C,own,1,3,1,5,1,2,7**,3,2,True,2,4,29,5
Ohio4,LS1,Combined,Set1,Draw5,1,col1,Combined|Set1|Draw5|col1,C,own,1,3,1,5,1,3,7**,3,2,True,2,4,29,5
Ohio4,LS1,Combined,Set1,Draw5,1,col1,Combined|Set1|Draw5|col1,C,own,1,3,1,5,1,4,**,2,1,True,2,4,29,5
Ohio4,LS1,Combined,Set1,Draw5,1,col1,Combined|Set1|Draw5|col1,C,combined,1,3,1,5,1,0,5541337**,9,6,False,3,7,57,6
Ohio4,LS1,Combined,Set1,Draw5,1,col1,Combined|Set1|Draw5|col1,C,combined,1,3,1,5,1,1,5547**,6,4,False,3,7,57,6
Ohio4,LS1,Combined,Set1,Draw5,1,col1,Combined|Set1|Draw5|col1,C,combined,1,3,1,5,1,2,5547**,6,4,False,3,7,57,6
Ohio4,LS1,Combined,Set1,Draw5,1,col1,Combined|Set1|Draw5|col1,C,combined,1,3,1,5,1,3,7**,3,2,True,3,7,57,6
Ohio4,LS1,Combined,Set1,Draw5,1,col1,Combined|Set1|Draw5|col1,C,combined,1,3,1,5,1,4,7**,3,2,True,3,7,57,6
Ohio4,LS1,Combined,Set1,Draw5,1,col1,Combined|Set1|Draw5|col1,C,combined,1,3,1,5,1,7,**,2,1,True,3,7,57,6
Ohio4,LS1,Combined,Set1,Draw5,1,col1,Combined|Set1|Draw5|col1,D,own,1,3,1,5,1,0,5541337**,9,6,False,2,4,29,5
Ohio4,LS1,Combined,Set1,Draw5,1,col1,Combined|Set1|Draw5|col1,D,own,1,3,1,5,1,1,5547**,6,4,False,2,4,29,5
Ohio4,LS1,Combined,Set1,Draw5,1,col1,Combined|Set1|Draw5|col1,D,own,1,3,1,5,1,2,57**,4,3,True,2,4,29,5
Ohio4,LS1,Combined,Set1,Draw5,1,col1,Combined|Set1|Draw5|col1,D,own,1,3,1,5,1,3,57**,4,3,True,2,4,29,5
Ohio4,LS1,Combined,Set1,Draw5,1,col1,Combined|Set1|Draw5|col1,D,own,1,3,1,5,1,4,**,2,1,True,2,4,29,5
Ohio4,LS1,Combined,Set1,Draw5,1,col1,Combined|Set1|Draw5|col1,D,combined,1,3,1,5,1,0,5541337**,9,6,False,3,7,57,7
Ohio4,LS1,Combined,Set1,Draw5,1,col1,Combined|Set1|Draw5|col1,D,combined,1,3,1,5,1,1,5547**,6,4,False,3,7,57,7
Ohio4,LS1,Combined,Set1,Draw5,1,col1,Combined|Set1|Draw5|col1,D,combined,1,3,1,5,1,2,5547**,6,4,False,3,7,57,7
Ohio4,LS1,Combined,Set1,Draw5,1,col1,Combined|Set1|Draw5|col1,D,combined,1,3,1,5,1,3,57**,4,3,True,3,7,57,7
Ohio4,LS1,Combined,Set1,Draw5,1,col1,Combined|Set1|Draw5|col1,D,combined,1,3,1,5,1,4,7**,3,2,True,3,7,57,7
Ohio4,LS1,Combined,Set1,Draw5,1,col1,Combined|Set1|Draw5|col1,D,combined,1,3,1,5,1,5,7**,3,2,True,3,7,57,7
Ohio4,LS1,Combined,Set1,Draw5,1,col1,Combined|Set1|Draw5|col1,D,combined,1,3,1,5,1,7,**,2,1,True,3,7,57,7
Ohio4,LS1,Combined,Set1,Draw5,1,col1,Combined|Set1|Draw5|col1,E,own,1,3,1,5,1,0,5541337**,9,6,False,2,4,29,5
Ohio4,LS1,Combined,Set1,Draw5,1,col1,Combined|Set1|Draw5|col1,E,own,1,3,1,5,1,1,5547**,6,4,False,2,4,29,5
Ohio4,LS1,Combined,Set1,Draw5,1,col1,Combined|Set1|Draw5|col1,E,own,1,3,1,5,1,2,57**,4,3,True,2,4,29,5
Ohio4,LS1,Combined,Set1,Draw5,1,col1,Combined|Set1|Draw5|col1,E,own,1,3,1,5,1,3,57**,4,3,True,2,4,29,5
Ohio4,LS1,Combined,Set1,Draw5,1,col1,Combined|Set1|Draw5|col1,E,own,1,3,1,5,1,4,**,2,1,True,2,4,29,5
Ohio4,LS1,Combined,Set1,Draw5,1,col1,Combined|Set1|Draw5|col1,E,combined,1,3,1,5,1,0,5541337**,9,6,False,3,7,57,7
Ohio4,LS1,Combined,Set1,Draw5,1,col1,Combined|Set1|Draw5|col1,E,combined,1,3,1,5,1,1,5547**,6,4,False,3,7,57,7
Ohio4,LS1,Combined,Set1,Draw5,1,col1,Combined|Set1|Draw5|col1,E,combined,1,3,1,5,1,2,5547**,6,4,False,3,7,57,7
Ohio4,LS1,Combined,Set1,Draw5,1,col1,Combined|Set1|Draw5|col1,E,combined,1,3,1,5,1,3,57**,4,3,True,3,7,57,7
Ohio4,LS1,Combined,Set1,Draw5,1,col1,Combined|Set1|Draw5|col1,E,combined,1,3,1,5,1,4,7**,3,2,True,3,7,57,7
Ohio4,LS1,Combined,Set1,Draw5,1,col1,Combined|Set1|Draw5|col1,E,combined,1,3,1,5,1,5,7**,3,2,True,3,7,57,7
Ohio4,LS1,Combined,Set1,Draw5,1,col1,Combined|Set1|Draw5|col1,E,combined,1,3,1,5,1,7,**,2,1,True,3,7,57,7
Ohio4,LS1,Combined,Set1,Draw5,1,col1,Combined|Set1|Draw5|col1,T,own,1,3,1,5,1,0,5541337**,9,6,False,2,4,29,5
Ohio4,LS1,Combined,Set1,Draw5,1,col1,Combined|Set1|Draw5|col1,T,own,1,3,1,5,1,1,5547**,6,4,False,2,4,29,5
Ohio4,LS1,Combined,Set1,Draw5,1,col1,Combined|Set1|Draw5|col1,T,own,1,3,1,5,1,2,7**,3,2,True,2,4,29,5
Ohio4,LS1,Combined,Set1,Draw5,1,col1,Combined|Set1|Draw5|col1,T,own,1,3,1,5,1,3,7**,3,2,True,2,4,29,5
Ohio4,LS1,Combined,Set1,Draw5,1,col1,Combined|Set1|Draw5|col1,T,own,1,3,1,5,1,4,**,2,1,True,2,4,29,5
Ohio4,LS1,Combined,Set1,Draw5,1,col1,Combined|Set1|Draw5|col1,T,combined,1,3,1,5,1,0,5541337**,9,6,False,3,7,57,6
Ohio4,LS1,Combined,Set1,Draw5,1,col1,Combined|Set1|Draw5|col1,T,combined,1,3,1,5,1,1,5547**,6,4,False,3,7,57,6
Ohio4,LS1,Combined,Set1,Draw5,1,col1,Combined|Set1|Draw5|col1,T,combined,1,3,1,5,1,2,5547**,6,4,False,3,7,57,6
Ohio4,LS1,Combined,Set1,Draw5,1,col1,Combined|Set1|Draw5|col1,T,combined,1,3,1,5,1,3,7**,3,2,True,3,7,57,6
Ohio4,LS1,Combined,Set1,Draw5,1,col1,Combined|Set1|Draw5|col1,T,combined,1,3,1,5,1,4,7**,3,2,True,3,7,57,6
Ohio4,LS1,Combined,Set1,Draw5,1,col1,Combined|Set1|Draw5|col1,T,combined,1,3,1,5,1,7,**,2,1,True,3,7,57,6
Ohio4,LS1,Combined,Set1,Draw6,2,col2,Combined|Set1|Draw6|col2,A,own,1,3,1,6,2,0,552441133867,12,8,False,5,7,29,8
Ohio4,LS1,Combined,Set1,Draw6,2,col2,Combined|Set1|Draw6|col2,A,own,1,3,1,6,2,1,5524411337,10,6,False,5,7,29,8
Ohio4,LS1,Combined,Set1,Draw6,2,col2,Combined|Set1|Draw6|col2,A,own,1,3,1,6,2,2,5524411337,10,6,False,5,7,29,8
Ohio4,LS1,Combined,Set1,Draw6,2,col2,Combined|Set1|Draw6|col2,A,own,1,3,1,6,2,3,5524411337,10,6,False,5,7,29,8
Ohio4,LS1,Combined,Set1,Draw6,2,col2,Combined|Set1|Draw6|col2,A,own,1,3,1,6,2,4,55441133,8,4,False,5,7,29,8
Ohio4,LS1,Combined,Set1,Draw6,2,col2,Combined|Set1|Draw6|col2,A,own,1,3,1,6,2,5,5533,4,2,True,5,7,29,8
Ohio4,LS1,Combined,Set1,Draw6,2,col2,Combined|Set1|Draw6|col2,A,own,1,3,1,6,2,6,5533,4,2,True,5,7,29,8
Ohio4,LS1,Combined,Set1,Draw6,2,col2,Combined|Set1|Draw6|col2,A,own,1,3,1,6,2,7,33,2,1,True,5,7,29,8
Ohio4,LS1,Combined,Set1,Draw6,2,col2,Combined|Set1|Draw6|col2,A,combined,1,3,1,6,2,0,552441133867,12,8,False,9,13,57,12
Ohio4,LS1,Combined,Set1,Draw6,2,col2,Combined|Set1|Draw6|col2,A,combined,1,3,1,6,2,1,5524411337,10,6,False,9,13,57,12
Ohio4,LS1,Combined,Set1,Draw6,2,col2,Combined|Set1|Draw6|col2,A,combined,1,3,1,6,2,2,5524411337,10,6,False,9,13,57,12
Ohio4,LS1,Combined,Set1,Draw6,2,col2,Combined|Set1|Draw6|col2,A,combined,1,3,1,6,2,3,5524411337,10,6,False,9,13,57,12
Ohio4,LS1,Combined,Set1,Draw6,2,col2,Combined|Set1|Draw6|col2,A,combined,1,3,1,6,2,4,5524411337,10,6,False,9,13,57,12
Ohio4,LS1,Combined,Set1,Draw6,2,col2,Combined|Set1|Draw6|col2,A,combined,1,3,1,6,2,5,5524411337,10,6,False,9,13,57,12
Ohio4,LS1,Combined,Set1,Draw6,2,col2,Combined|Set1|Draw6|col2,A,combined,1,3,1,6,2,6,5524411337,10,6,False,9,13,57,12
Ohio4,LS1,Combined,Set1,Draw6,2,col2,Combined|Set1|Draw6|col2,A,combined,1,3,1,6,2,7,55441133,8,4,False,9,13,57,12
Ohio4,LS1,Combined,Set1,Draw6,2,col2,Combined|Set1|Draw6|col2,A,combined,1,3,1,6,2,8,55441133,8,4,False,9,13,57,12
Ohio4,LS1,Combined,Set1,Draw6,2,col2,Combined|Set1|Draw6|col2,A,combined,1,3,1,6,2,9,5533,4,2,True,9,13,57,12
Ohio4,LS1,Combined,Set1,Draw6,2,col2,Combined|Set1|Draw6|col2,A,combined,1,3,1,6,2,10,5533,4,2,True,9,13,57,12
Ohio4,LS1,Combined,Set1,Draw6,2,col2,Combined|Set1|Draw6|col2,A,combined,1,3,1,6,2,13,33,2,1,True,9,13,57,12
Ohio4,LS1,Combined,Set1,Draw6,2,col2,Combined|Set1|Draw6|col2,B,own,1,3,1,6,2,0,552441133867,12,8,False,2,4,5,5
Ohio4,LS1,Combined,Set1,Draw6,2,col2,Combined|Set1|Draw6|col2,B,own,1,3,1,6,2,1,55244117,8,5,False,2,4,5,5
Ohio4,LS1,Combined,Set1,Draw6,2,col2,Combined|Set1|Draw6|col2,B,own,1,3,1,6,2,2,27,2,2,True,2,4,5,5
Ohio4,LS1,Combined,Set1,Draw6,2,col2,Combined|Set1|Draw6|col2,B,own,1,3,1,6,2,3,27,2,2,True,2,4,5,5
Ohio4,LS1,Combined,Set1,Draw6,2,col2,Combined|Set1|Draw6|col2,B,own,1,3,1,6,2,4,,0,0,False,2,4,5,5
Ohio4,LS1,Combined,Set1,Draw6,2,col2,Combined|Set1|Draw6|col2,B,combined,1,3,1,6,2,0,552441133867,12,8,False,3,7,8,6
Ohio4,LS1,Combined,Set1,Draw6,2,col2,Combined|Set1|Draw6|col2,B,combined,1,3,1,6,2,1,55244117,8,5,False,3,7,8,6
Ohio4,LS1,Combined,Set1,Draw6,2,col2,Combined|Set1|Draw6|col2,B,combined,1,3,1,6,2,2,552447,6,4,False,3,7,8,6
Ohio4,LS1,Combined,Set1,Draw6,2,col2,Combined|Set1|Draw6|col2,B,combined,1,3,1,6,2,3,27,2,2,True,3,7,8,6
Ohio4,LS1,Combined,Set1,Draw6,2,col2,Combined|Set1|Draw6|col2,B,combined,1,3,1,6,2,4,27,2,2,True,3,7,8,6
Ohio4,LS1,Combined,Set1,Draw6,2,col2,Combined|Set1|Draw6|col2,B,combined,1,3,1,6,2,7,,0,0,False,3,7,8,6
Ohio4,LS1,Combined,Set1,Draw6,2,col2,Combined|Set1|Draw6|col2,C,own,1,3,1,6,2,0,552441133867,12,8,False,2,4,5,5
Ohio4,LS1,Combined,Set1,Draw6,2,col2,Combined|Set1|Draw6|col2,C,own,1,3,1,6,2,1,552447,6,4,False,2,4,5,5
Ohio4,LS1,Combined,Set1,Draw6,2,col2,Combined|Set1|Draw6|col2,C,own,1,3,1,6,2,2,27,2,2,True,2,4,5,5
Ohio4,LS1,Combined,Set1,Draw6,2,col2,Combined|Set1|Draw6|col2,C,own,1,3,1,6,2,3,27,2,2,True,2,4,5,5
Ohio4,LS1,Combined,Set1,Draw6,2,col2,Combined|Set1|Draw6|col2,C,own,1,3,1,6,2,4,,0,0,False,2,4,5,5
Ohio4,LS1,Combined,Set1,Draw6,2,col2,Combined|Set1|Draw6|col2,C,combined,1,3,1,6,2,0,552441133867,12,8,False,3,7,8,6
Ohio4,LS1,Combined,Set1,Draw6,2,col2,Combined|Set1|Draw6|col2,C,combined,1,3,1,6,2,1,552447,6,4,False,3,7,8,6
Ohio4,LS1,Combined,Set1,Draw6,2,col2,Combined|Set1|Draw6|col2,C,combined,1,3,1,6,2,2,552447,6,4,False,3,7,8,6
Ohio4,LS1,Combined,Set1,Draw6,2,col2,Combined|Set1|Draw6|col2,C,combined,1,3,1,6,2,3,27,2,2,True,3,7,8,6
Ohio4,LS1,Combined,Set1,Draw6,2,col2,Combined|Set1|Draw6|col2,C,combined,1,3,1,6,2,4,27,2,2,True,3,7,8,6
Ohio4,LS1,Combined,Set1,Draw6,2,col2,Combined|Set1|Draw6|col2,C,combined,1,3,1,6,2,7,,0,0,False,3,7,8,6
Ohio4,LS1,Combined,Set1,Draw6,2,col2,Combined|Set1|Draw6|col2,D,own,1,3,1,6,2,0,552441133867,12,8,False,3,4,5,5
Ohio4,LS1,Combined,Set1,Draw6,2,col2,Combined|Set1|Draw6|col2,D,own,1,3,1,6,2,1,5524417,7,5,False,3,4,5,5
Ohio4,LS1,Combined,Set1,Draw6,2,col2,Combined|Set1|Draw6|col2,D,own,1,3,1,6,2,2,5247,4,4,False,3,4,5,5
Ohio4,LS1,Combined,Set1,Draw6,2,col2,Combined|Set1|Draw6|col2,D,own,1,3,1,6,2,3,527,3,3,True,3,4,5,5
Ohio4,LS1,Combined,Set1,Draw6,2,col2,Combined|Set1|Draw6|col2,D,own,1,3,1,6,2,4,,0,0,False,3,4,5,5
Ohio4,LS1,Combined,Set1,Draw6,2,col2,Combined|Set1|Draw6|col2,D,combined,1,3,1,6,2,0,552441133867,12,8,False,4,7,8,7
Ohio4,LS1,Combined,Set1,Draw6,2,col2,Combined|Set1|Draw6|col2,D,combined,1,3,1,6,2,1,5524417,7,5,False,4,7,8,7
Ohio4,LS1,Combined,Set1,Draw6,2,col2,Combined|Set1|Draw6|col2,D,combined,1,3,1,6,2,2,552447,6,4,False,4,7,8,7
Ohio4,LS1,Combined,Set1,Draw6,2,col2,Combined|Set1|Draw6|col2,D,combined,1,3,1,6,2,3,5247,4,4,False,4,7,8,7
Ohio4,LS1,Combined,Set1,Draw6,2,col2,Combined|Set1|Draw6|col2,D,combined,1,3,1,6,2,4,27,2,2,True,4,7,8,7
Ohio4,LS1,Combined,Set1,Draw6,2,col2,Combined|Set1|Draw6|col2,D,combined,1,3,1,6,2,5,27,2,2,True,4,7,8,7
Ohio4,LS1,Combined,Set1,Draw6,2,col2,Combined|Set1|Draw6|col2,D,combined,1,3,1,6,2,7,,0,0,False,4,7,8,7
Ohio4,LS1,Combined,Set1,Draw6,2,col2,Combined|Set1|Draw6|col2,E,own,1,3,1,6,2,0,552441133867,12,8,False,4,5,6,6
Ohio4,LS1,Combined,Set1,Draw6,2,col2,Combined|Set1|Draw6|col2,E,own,1,3,1,6,2,1,552441137,9,6,False,4,5,6,6
Ohio4,LS1,Combined,Set1,Draw6,2,col2,Combined|Set1|Draw6|col2,E,own,1,3,1,6,2,2,524137,6,6,False,4,5,6,6
Ohio4,LS1,Combined,Set1,Draw6,2,col2,Combined|Set1|Draw6|col2,E,own,1,3,1,6,2,3,5217,4,4,False,4,5,6,6
Ohio4,LS1,Combined,Set1,Draw6,2,col2,Combined|Set1|Draw6|col2,E,own,1,3,1,6,2,4,1,1,1,True,4,5,6,6
Ohio4,LS1,Combined,Set1,Draw6,2,col2,Combined|Set1|Draw6|col2,E,own,1,3,1,6,2,5,,0,0,False,4,5,6,6
Ohio4,LS1,Combined,Set1,Draw6,2,col2,Combined|Set1|Draw6|col2,E,combined,1,3,1,6,2,0,552441133867,12,8,False,4,7,8,7
Ohio4,LS1,Combined,Set1,Draw6,2,col2,Combined|Set1|Draw6|col2,E,combined,1,3,1,6,2,1,552441137,9,6,False,4,7,8,7
Ohio4,LS1,Combined,Set1,Draw6,2,col2,Combined|Set1|Draw6|col2,E,combined,1,3,1,6,2,2,5524417,7,5,False,4,7,8,7
Ohio4,LS1,Combined,Set1,Draw6,2,col2,Combined|Set1|Draw6|col2,E,combined,1,3,1,6,2,3,5247,4,4,False,4,7,8,7
Ohio4,LS1,Combined,Set1,Draw6,2,col2,Combined|Set1|Draw6|col2,E,combined,1,3,1,6,2,4,27,2,2,True,4,7,8,7
Ohio4,LS1,Combined,Set1,Draw6,2,col2,Combined|Set1|Draw6|col2,E,combined,1,3,1,6,2,5,27,2,2,True,4,7,8,7
Ohio4,LS1,Combined,Set1,Draw6,2,col2,Combined|Set1|Draw6|col2,E,combined,1,3,1,6,2,7,,0,0,False,4,7,8,7
Ohio4,LS1,Combined,Set1,Draw6,2,col2,Combined|Set1|Draw6|col2,T,own,1,3,1,6,2,0,552441133867,12,8,False,2,4,5,5
Ohio4,LS1,Combined,Set1,Draw6,2,col2,Combined|Set1|Draw6|col2,T,own,1,3,1,6,2,1,552447,6,4,False,2,4,5,5
Ohio4,LS1,Combined,Set1,Draw6,2,col2,Combined|Set1|Draw6|col2,T,own,1,3,1,6,2,2,27,2,2,True,2,4,5,5
Ohio4,LS1,Combined,Set1,Draw6,2,col2,Combined|Set1|Draw6|col2,T,own,1,3,1,6,2,3,27,2,2,True,2,4,5,5
Ohio4,LS1,Combined,Set1,Draw6,2,col2,Combined|Set1|Draw6|col2,T,own,1,3,1,6,2,4,,0,0,False,2,4,5,5
Ohio4,LS1,Combined,Set1,Draw6,2,col2,Combined|Set1|Draw6|col2,T,combined,1,3,1,6,2,0,552441133867,12,8,False,3,7,8,6
Ohio4,LS1,Combined,Set1,Draw6,2,col2,Combined|Set1|Draw6|col2,T,combined,1,3,1,6,2,1,552447,6,4,False,3,7,8,6
Ohio4,LS1,Combined,Set1,Draw6,2,col2,Combined|Set1|Draw6|col2,T,combined,1,3,1,6,2,2,552447,6,4,False,3,7,8,6
Ohio4,LS1,Combined,Set1,Draw6,2,col2,Combined|Set1|Draw6|col2,T,combined,1,3,1,6,2,3,27,2,2,True,3,7,8,6
Ohio4,LS1,Combined,Set1,Draw6,2,col2,Combined|Set1|Draw6|col2,T,combined,1,3,1,6,2,4,27,2,2,True,3,7,8,6
Ohio4,LS1,Combined,Set1,Draw6,2,col2,Combined|Set1|Draw6|col2,T,combined,1,3,1,6,2,7,,0,0,False,3,7,8,6
Ohio4,LS1,Combined,Set1,Draw7,1,col1,Combined|Set1|Draw7|col1,A,own,1,3,1,7,1,0,5522440113377,13,7,False,5,7,29,8
Ohio4,LS1,Combined,Set1,Draw7,1,col1,Combined|Set1|Draw7|col1,A,own,1,3,1,7,1,1,5522440113377,13,7,False,5,7,29,8
Ohio4,LS1,Combined,Set1,Draw7,1,col1,Combined|Set1|Draw7|col1,A,own,1,3,1,7,1,2,552244113377,12,6,False,5,7,29,8
Ohio4,LS1,Combined,Set1,Draw7,1,col1,Combined|Set1|Draw7|col1,A,own,1,3,1,7,1,3,552244113377,12,6,False,5,7,29,8
Ohio4,LS1,Combined,Set1,Draw7,1,col1,Combined|Set1|Draw7|col1,A,own,1,3,1,7,1,4,55441133,8,4,False,5,7,29,8
Ohio4,LS1,Combined,Set1,Draw7,1,col1,Combined|Set1|Draw7|col1,A,own,1,3,1,7,1,5,5533,4,2,True,5,7,29,8
Ohio4,LS1,Combined,Set1,Draw7,1,col1,Combined|Set1|Draw7|col1,A,own,1,3,1,7,1,6,5533,4,2,True,5,7,29,8
Ohio4,LS1,Combined,Set1,Draw7,1,col1,Combined|Set1|Draw7|col1,A,own,1,3,1,7,1,7,33,2,1,True,5,7,29,8
Ohio4,LS1,Combined,Set1,Draw7,1,col1,Combined|Set1|Draw7|col1,A,combined,1,3,1,7,1,0,5522440113377,13,7,False,9,13,57,12
Ohio4,LS1,Combined,Set1,Draw7,1,col1,Combined|Set1|Draw7|col1,A,combined,1,3,1,7,1,1,5522440113377,13,7,False,9,13,57,12
Ohio4,LS1,Combined,Set1,Draw7,1,col1,Combined|Set1|Draw7|col1,A,combined,1,3,1,7,1,2,5522440113377,13,7,False,9,13,57,12
Ohio4,LS1,Combined,Set1,Draw7,1,col1,Combined|Set1|Draw7|col1,A,combined,1,3,1,7,1,3,552244113377,12,6,False,9,13,57,12
Ohio4,LS1,Combined,Set1,Draw7,1,col1,Combined|Set1|Draw7|col1,A,combined,1,3,1,7,1,4,552244113377,12,6,False,9,13,57,12
Ohio4,LS1,Combined,Set1,Draw7,1,col1,Combined|Set1|Draw7|col1,A,combined,1,3,1,7,1,5,552244113377,12,6,False,9,13,57,12
Ohio4,LS1,Combined,Set1,Draw7,1,col1,Combined|Set1|Draw7|col1,A,combined,1,3,1,7,1,6,552244113377,12,6,False,9,13,57,12
Ohio4,LS1,Combined,Set1,Draw7,1,col1,Combined|Set1|Draw7|col1,A,combined,1,3,1,7,1,7,55441133,8,4,False,9,13,57,12
Ohio4,LS1,Combined,Set1,Draw7,1,col1,Combined|Set1|Draw7|col1,A,combined,1,3,1,7,1,8,55441133,8,4,False,9,13,57,12
Ohio4,LS1,Combined,Set1,Draw7,1,col1,Combined|Set1|Draw7|col1,A,combined,1,3,1,7,1,9,5533,4,2,True,9,13,57,12
Ohio4,LS1,Combined,Set1,Draw7,1,col1,Combined|Set1|Draw7|col1,A,combined,1,3,1,7,1,10,5533,4,2,True,9,13,57,12
Ohio4,LS1,Combined,Set1,Draw7,1,col1,Combined|Set1|Draw7|col1,A,combined,1,3,1,7,1,13,33,2,1,True,9,13,57,12
Ohio4,LS1,Combined,Set1,Draw7,1,col1,Combined|Set1|Draw7|col1,B,own,1,3,1,7,1,0,5522440113377,13,7,False,2,4,5,5
Ohio4,LS1,Combined,Set1,Draw7,1,col1,Combined|Set1|Draw7|col1,B,own,1,3,1,7,1,1,552244077,9,5,False,2,4,5,5
Ohio4,LS1,Combined,Set1,Draw7,1,col1,Combined|Set1|Draw7|col1,B,own,1,3,1,7,1,2,552277,6,3,True,2,4,5,5
Ohio4,LS1,Combined,Set1,Draw7,1,col1,Combined|Set1|Draw7|col1,B,own,1,3,1,7,1,3,552277,6,3,True,2,4,5,5
Ohio4,LS1,Combined,Set1,Draw7,1,col1,Combined|Set1|Draw7|col1,B,own,1,3,1,7,1,4,,0,0,False,2,4,5,5
Ohio4,LS1,Combined,Set1,Draw7,1,col1,Combined|Set1|Draw7|col1,B,combined,1,3,1,7,1,0,5522440113377,13,7,False,3,7,8,7
Ohio4,LS1,Combined,Set1,Draw7,1,col1,Combined|Set1|Draw7|col1,B,combined,1,3,1,7,1,1,552244077,9,5,False,3,7,8,7
Ohio4,LS1,Combined,Set1,Draw7,1,col1,Combined|Set1|Draw7|col1,B,combined,1,3,1,7,1,2,552244077,9,5,False,3,7,8,7
Ohio4,LS1,Combined,Set1,Draw7,1,col1,Combined|Set1|Draw7|col1,B,combined,1,3,1,7,1,3,552277,6,3,True,3,7,8,7
Ohio4,LS1,Combined,Set1,Draw7,1,col1,Combined|Set1|Draw7|col1,B,combined,1,3,1,7,1,4,2277,4,2,True,3,7,8,7
Ohio4,LS1,Combined,Set1,Draw7,1,col1,Combined|Set1|Draw7|col1,B,combined,1,3,1,7,1,5,2277,4,2,True,3,7,8,7
Ohio4,LS1,Combined,Set1,Draw7,1,col1,Combined|Set1|Draw7|col1,B,combined,1,3,1,7,1,7,,0,0,False,3,7,8,7
Ohio4,LS1,Combined,Set1,Draw7,1,col1,Combined|Set1|Draw7|col1,C,own,1,3,1,7,1,0,5522440113377,13,7,False,2,4,5,5
Ohio4,LS1,Combined,Set1,Draw7,1,col1,Combined|Set1|Draw7|col1,C,own,1,3,1,7,1,1,552244077,9,5,False,2,4,5,5
Ohio4,LS1,Combined,Set1,Draw7,1,col1,Combined|Set1|Draw7|col1,C,own,1,3,1,7,1,2,2277,4,2,True,2,4,5,5
Ohio4,LS1,Combined,Set1,Draw7,1,col1,Combined|Set1|Draw7|col1,C,own,1,3,1,7,1,3,2277,4,2,True,2,4,5,5
Ohio4,LS1,Combined,Set1,Draw7,1,col1,Combined|Set1|Draw7|col1,C,own,1,3,1,7,1,4,,0,0,False,2,4,5,5
Ohio4,LS1,Combined,Set1,Draw7,1,col1,Combined|Set1|Draw7|col1,C,combined,1,3,1,7,1,0,5522440113377,13,7,False,3,7,8,6
Ohio4,LS1,Combined,Set1,Draw7,1,col1,Combined|Set1|Draw7|col1,C,combined,1,3,1,7,1,1,552244077,9,5,False,3,7,8,6
Ohio4,LS1,Combined,Set1,Draw7,1,col1,Combined|Set1|Draw7|col1,C,combined,1,3,1,7,1,2,552244077,9,5,False,3,7,8,6
Ohio4,LS1,Combined,Set1,Draw7,1,col1,Combined|Set1|Draw7|col1,C,combined,1,3,1,7,1,3,2277,4,2,True,3,7,8,6
Ohio4,LS1,Combined,Set1,Draw7,1,col1,Combined|Set1|Draw7|col1,C,combined,1,3,1,7,1,4,2277,4,2,True,3,7,8,6
Ohio4,LS1,Combined,Set1,Draw7,1,col1,Combined|Set1|Draw7|col1,C,combined,1,3,1,7,1,7,,0,0,False,3,7,8,6
Ohio4,LS1,Combined,Set1,Draw7,1,col1,Combined|Set1|Draw7|col1,D,own,1,3,1,7,1,0,5522440113377,13,7,False,3,4,5,5
Ohio4,LS1,Combined,Set1,Draw7,1,col1,Combined|Set1|Draw7|col1,D,own,1,3,1,7,1,1,5522440177,10,6,False,3,4,5,5
Ohio4,LS1,Combined,Set1,Draw7,1,col1,Combined|Set1|Draw7|col1,D,own,1,3,1,7,1,2,522477,6,4,False,3,4,5,5
Ohio4,LS1,Combined,Set1,Draw7,1,col1,Combined|Set1|Draw7|col1,D,own,1,3,1,7,1,3,52277,5,3,True,3,4,5,5
Ohio4,LS1,Combined,Set1,Draw7,1,col1,Combined|Set1|Draw7|col1,D,own,1,3,1,7,1,4,,0,0,False,3,4,5,5
Ohio4,LS1,Combined,Set1,Draw7,1,col1,Combined|Set1|Draw7|col1,D,combined,1,3,1,7,1,0,5522440113377,13,7,False,4,7,8,7
Ohio4,LS1,Combined,Set1,Draw7,1,col1,Combined|Set1|Draw7|col1,D,combined,1,3,1,7,1,1,5522440177,10,6,False,4,7,8,7
Ohio4,LS1,Combined,Set1,Draw7,1,col1,Combined|Set1|Draw7|col1,D,combined,1,3,1,7,1,2,552244077,9,5,False,4,7,8,7
Ohio4,LS1,Combined,Set1,Draw7,1,col1,Combined|Set1|Draw7|col1,D,combined,1,3,1,7,1,3,522477,6,4,False,4,7,8,7
Ohio4,LS1,Combined,Set1,Draw7,1,col1,Combined|Set1|Draw7|col1,D,combined,1,3,1,7,1,4,2277,4,2,True,4,7,8,7
Ohio4,LS1,Combined,Set1,Draw7,1,col1,Combined|Set1|Draw7|col1,D,combined,1,3,1,7,1,5,2277,4,2,True,4,7,8,7
Ohio4,LS1,Combined,Set1,Draw7,1,col1,Combined|Set1|Draw7|col1,D,combined,1,3,1,7,1,7,,0,0,False,4,7,8,7
Ohio4,LS1,Combined,Set1,Draw7,1,col1,Combined|Set1|Draw7|col1,E,own,1,3,1,7,1,0,5522440113377,13,7,False,3,7,8,8
Ohio4,LS1,Combined,Set1,Draw7,1,col1,Combined|Set1|Draw7|col1,E,own,1,3,1,7,1,1,5522440177,10,6,False,3,7,8,8
Ohio4,LS1,Combined,Set1,Draw7,1,col1,Combined|Set1|Draw7|col1,E,own,1,3,1,7,1,2,5522477,7,4,False,3,7,8,8
Ohio4,LS1,Combined,Set1,Draw7,1,col1,Combined|Set1|Draw7|col1,E,own,1,3,1,7,1,3,552277,6,3,True,3,7,8,8
Ohio4,LS1,Combined,Set1,Draw7,1,col1,Combined|Set1|Draw7|col1,E,own,1,3,1,7,1,4,527,3,3,True,3,7,8,8
Ohio4,LS1,Combined,Set1,Draw7,1,col1,Combined|Set1|Draw7|col1,E,own,1,3,1,7,1,5,57,2,2,True,3,7,8,8
Ohio4,LS1,Combined,Set1,Draw7,1,col1,Combined|Set1|Draw7|col1,E,own,1,3,1,7,1,6,5,1,1,True,3,7,8,8
Ohio4,LS1,Combined,Set1,Draw7,1,col1,Combined|Set1|Draw7|col1,E,own,1,3,1,7,1,7,,0,0,False,3,7,8,8
Ohio4,LS1,Combined,Set1,Draw7,1,col1,Combined|Set1|Draw7|col1,E,combined,1,3,1,7,1,0,5522440113377,13,7,False,4,8,9,9
Ohio4,LS1,Combined,Set1,Draw7,1,col1,Combined|Set1|Draw7|col1,E,combined,1,3,1,7,1,1,5522440177,10,6,False,4,8,9,9
Ohio4,LS1,Combined,Set1,Draw7,1,col1,Combined|Set1|Draw7|col1,E,combined,1,3,1,7,1,2,552244077,9,5,False,4,8,9,9
Ohio4,LS1,Combined,Set1,Draw7,1,col1,Combined|Set1|Draw7|col1,E,combined,1,3,1,7,1,3,5522477,7,4,False,4,8,9,9
Ohio4,LS1,Combined,Set1,Draw7,1,col1,Combined|Set1|Draw7|col1,E,combined,1,3,1,7,1,4,52277,5,3,True,4,8,9,9
Ohio4,LS1,Combined,Set1,Draw7,1,col1,Combined|Set1|Draw7|col1,E,combined,1,3,1,7,1,5,52277,5,3,True,4,8,9,9
Ohio4,LS1,Combined,Set1,Draw7,1,col1,Combined|Set1|Draw7|col1,E,combined,1,3,1,7,1,6,52277,5,3,True,4,8,9,9
Ohio4,LS1,Combined,Set1,Draw7,1,col1,Combined|Set1|Draw7|col1,E,combined,1,3,1,7,1,7,27,2,2,True,4,8,9,9
Ohio4,LS1,Combined,Set1,Draw7,1,col1,Combined|Set1|Draw7|col1,E,combined,1,3,1,7,1,8,,0,0,False,4,8,9,9
Ohio4,LS1,Combined,Set1,Draw7,1,col1,Combined|Set1|Draw7|col1,T,own,1,3,1,7,1,0,5522440113377,13,7,False,2,4,5,5
Ohio4,LS1,Combined,Set1,Draw7,1,col1,Combined|Set1|Draw7|col1,T,own,1,3,1,7,1,1,552244077,9,5,False,2,4,5,5
Ohio4,LS1,Combined,Set1,Draw7,1,col1,Combined|Set1|Draw7|col1,T,own,1,3,1,7,1,2,2277,4,2,True,2,4,5,5
Ohio4,LS1,Combined,Set1,Draw7,1,col1,Combined|Set1|Draw7|col1,T,own,1,3,1,7,1,3,2277,4,2,True,2,4,5,5
Ohio4,LS1,Combined,Set1,Draw7,1,col1,Combined|Set1|Draw7|col1,T,own,1,3,1,7,1,4,,0,0,False,2,4,5,5
Ohio4,LS1,Combined,Set1,Draw7,1,col1,Combined|Set1|Draw7|col1,T,combined,1,3,1,7,1,0,5522440113377,13,7,False,3,7,8,6
Ohio4,LS1,Combined,Set1,Draw7,1,col1,Combined|Set1|Draw7|col1,T,combined,1,3,1,7,1,1,552244077,9,5,False,3,7,8,6
Ohio4,LS1,Combined,Set1,Draw7,1,col1,Combined|Set1|Draw7|col1,T,combined,1,3,1,7,1,2,552244077,9,5,False,3,7,8,6
Ohio4,LS1,Combined,Set1,Draw7,1,col1,Combined|Set1|Draw7|col1,T,combined,1,3,1,7,1,3,2277,4,2,True,3,7,8,6
Ohio4,LS1,Combined,Set1,Draw7,1,col1,Combined|Set1|Draw7|col1,T,combined,1,3,1,7,1,4,2277,4,2,True,3,7,8,6
Ohio4,LS1,Combined,Set1,Draw7,1,col1,Combined|Set1|Draw7|col1,T,combined,1,3,1,7,1,7,,0,0,False,3,7,8,6
Ohio4,LS2,Midday,Set1,Draw4,3,col3,Midday|Set1|Draw4|col3,A,own,2,1,1,4,3,0,9940038677,10,7,False,2,6,7,7
Ohio4,LS2,Midday,Set1,Draw4,3,col3,Midday|Set1|Draw4|col3,A,own,2,1,1,4,3,1,43877,5,4,False,2,6,7,7
Ohio4,LS2,Midday,Set1,Draw4,3,col3,Midday|Set1|Draw4|col3,A,own,2,1,1,4,3,2,438,3,3,True,2,6,7,7
Ohio4,LS2,Midday,Set1,Draw4,3,col3,Midday|Set1|Draw4|col3,A,own,2,1,1,4,3,3,438,3,3,True,2,6,7,7
Ohio4,LS2,Midday,Set1,Draw4,3,col3,Midday|Set1|Draw4|col3,A,own,2,1,1,4,3,4,38,2,2,True,2,6,7,7
Ohio4,LS2,Midday,Set1,Draw4,3,col3,Midday|Set1|Draw4|col3,A,own,2,1,1,4,3,5,38,2,2,True,2,6,7,7
Ohio4,LS2,Midday,Set1,Draw4,3,col3,Midday|Set1|Draw4|col3,A,own,2,1,1,4,3,6,,0,0,False,2,6,7,7
Ohio4,LS2,Midday,Set1,Draw4,3,col3,Midday|Set1|Draw4|col3,A,combined,2,1,1,4,3,0,9940038677,10,7,False,2,10,11,8
Ohio4,LS2,Midday,Set1,Draw4,3,col3,Midday|Set1|Draw4|col3,A,combined,2,1,1,4,3,1,43877,5,4,False,2,10,11,8
Ohio4,LS2,Midday,Set1,Draw4,3,col3,Midday|Set1|Draw4|col3,A,combined,2,1,1,4,3,2,4377,4,3,True,2,10,11,8
Ohio4,LS2,Midday,Set1,Draw4,3,col3,Midday|Set1|Draw4|col3,A,combined,2,1,1,4,3,3,43,2,2,True,2,10,11,8
Ohio4,LS2,Midday,Set1,Draw4,3,col3,Midday|Set1|Draw4|col3,A,combined,2,1,1,4,3,4,43,2,2,True,2,10,11,8
Ohio4,LS2,Midday,Set1,Draw4,3,col3,Midday|Set1|Draw4|col3,A,combined,2,1,1,4,3,6,3,1,1,True,2,10,11,8
Ohio4,LS2,Midday,Set1,Draw4,3,col3,Midday|Set1|Draw4|col3,A,combined,2,1,1,4,3,7,3,1,1,True,2,10,11,8
Ohio4,LS2,Midday,Set1,Draw4,3,col3,Midday|Set1|Draw4|col3,A,combined,2,1,1,4,3,10,,0,0,False,2,10,11,8
Ohio4,LS2,Midday,Set1,Draw4,3,col3,Midday|Set1|Draw4|col3,B,own,2,1,1,4,3,0,9940038677,10,7,False,2,6,7,7
Ohio4,LS2,Midday,Set1,Draw4,3,col3,Midday|Set1|Draw4|col3,B,own,2,1,1,4,3,1,43877,5,4,False,2,6,7,7
Ohio4,LS2,Midday,Set1,Draw4,3,col3,Midday|Set1|Draw4|col3,B,own,2,1,1,4,3,2,438,3,3,True,2,6,7,7
Ohio4,LS2,Midday,Set1,Draw4,3,col3,Midday|Set1|Draw4|col3,B,own,2,1,1,4,3,3,438,3,3,True,2,6,7,7
Ohio4,LS2,Midday,Set1,Draw4,3,col3,Midday|Set1|Draw4|col3,B,own,2,1,1,4,3,4,38,2,2,True,2,6,7,7
Ohio4,LS2,Midday,Set1,Draw4,3,col3,Midday|Set1|Draw4|col3,B,own,2,1,1,4,3,5,38,2,2,True,2,6,7,7
Ohio4,LS2,Midday,Set1,Draw4,3,col3,Midday|Set1|Draw4|col3,B,own,2,1,1,4,3,6,,0,0,False,2,6,7,7
Ohio4,LS2,Midday,Set1,Draw4,3,col3,Midday|Set1|Draw4|col3,B,combined,2,1,1,4,3,0,9940038677,10,7,False,2,4,5,5
Ohio4,LS2,Midday,Set1,Draw4,3,col3,Midday|Set1|Draw4|col3,B,combined,2,1,1,4,3,1,43877,5,4,False,2,4,5,5
Ohio4,LS2,Midday,Set1,Draw4,3,col3,Midday|Set1|Draw4|col3,B,combined,2,1,1,4,3,2,477,3,2,True,2,4,5,5
Ohio4,LS2,Midday,Set1,Draw4,3,col3,Midday|Set1|Draw4|col3,B,combined,2,1,1,4,3,3,4,1,1,True,2,4,5,5
Ohio4,LS2,Midday,Set1,Draw4,3,col3,Midday|Set1|Draw4|col3,B,combined,2,1,1,4,3,4,,0,0,False,2,4,5,5
Ohio4,LS2,Midday,Set1,Draw4,3,col3,Midday|Set1|Draw4|col3,C,own,2,1,1,4,3,0,9940038677,10,7,False,1,6,7,5
Ohio4,LS2,Midday,Set1,Draw4,3,col3,Midday|Set1|Draw4|col3,C,own,2,1,1,4,3,1,3877,4,3,True,1,6,7,5
Ohio4,LS2,Midday,Set1,Draw4,3,col3,Midday|Set1|Draw4|col3,C,own,2,1,1,4,3,2,38,2,2,True,1,6,7,5
Ohio4,LS2,Midday,Set1,Draw4,3,col3,Midday|Set1|Draw4|col3,C,own,2,1,1,4,3,3,38,2,2,True,1,6,7,5
Ohio4,LS2,Midday,Set1,Draw4,3,col3,Midday|Set1|Draw4|col3,C,own,2,1,1,4,3,6,,0,0,False,1,6,7,5
Ohio4,LS2,Midday,Set1,Draw4,3,col3,Midday|Set1|Draw4|col3,C,combined,2,1,1,4,3,0,9940038677,10,7,False,1,3,4,4
Ohio4,LS2,Midday,Set1,Draw4,3,col3,Midday|Set1|Draw4|col3,C,combined,2,1,1,4,3,1,3877,4,3,True,1,3,4,4
Ohio4,LS2,Midday,Set1,Draw4,3,col3,Midday|Set1|Draw4|col3,C,combined,2,1,1,4,3,2,77,2,1,True,1,3,4,4
Ohio4,LS2,Midday,Set1,Draw4,3,col3,Midday|Set1|Draw4|col3,C,combined,2,1,1,4,3,3,,0,0,False,1,3,4,4
Ohio4,LS2,Midday,Set1,Draw4,3,col3,Midday|Set1|Draw4|col3,D,own,2,1,1,4,3,0,9940038677,10,7,False,1,6,7,5
Ohio4,LS2,Midday,Set1,Draw4,3,col3,Midday|Set1|Draw4|col3,D,own,2,1,1,4,3,1,3877,4,3,True,1,6,7,5
Ohio4,LS2,Midday,Set1,Draw4,3,col3,Midday|Set1|Draw4|col3,D,own,2,1,1,4,3,2,38,2,2,True,1,6,7,5
Ohio4,LS2,Midday,Set1,Draw4,3,col3,Midday|Set1|Draw4|col3,D,own,2,1,1,4,3,3,38,2,2,True,1,6,7,5
Ohio4,LS2,Midday,Set1,Draw4,3,col3,Midday|Set1|Draw4|col3,D,own,2,1,1,4,3,6,,0,0,False,1,6,7,5
Ohio4,LS2,Midday,Set1,Draw4,3,col3,Midday|Set1|Draw4|col3,D,combined,2,1,1,4,3,0,9940038677,10,7,False,1,3,4,4
Ohio4,LS2,Midday,Set1,Draw4,3,col3,Midday|Set1|Draw4|col3,D,combined,2,1,1,4,3,1,3877,4,3,True,1,3,4,4
Ohio4,LS2,Midday,Set1,Draw4,3,col3,Midday|Set1|Draw4|col3,D,combined,2,1,1,4,3,2,77,2,1,True,1,3,4,4
Ohio4,LS2,Midday,Set1,Draw4,3,col3,Midday|Set1|Draw4|col3,D,combined,2,1,1,4,3,3,,0,0,False,1,3,4,4
Ohio4,LS2,Midday,Set1,Draw4,3,col3,Midday|Set1|Draw4|col3,E,own,2,1,1,4,3,0,9940038677,10,7,False,4,7,8,8
Ohio4,LS2,Midday,Set1,Draw4,3,col3,Midday|Set1|Draw4|col3,E,own,2,1,1,4,3,1,9403877,7,6,False,4,7,8,8
Ohio4,LS2,Midday,Set1,Draw4,3,col3,Midday|Set1|Draw4|col3,E,own,2,1,1,4,3,2,9438,4,4,False,4,7,8,8
Ohio4,LS2,Midday,Set1,Draw4,3,col3,Midday|Set1|Draw4|col3,E,own,2,1,1,4,3,3,9438,4,4,False,4,7,8,8
Ohio4,LS2,Midday,Set1,Draw4,3,col3,Midday|Set1|Draw4|col3,E,own,2,1,1,4,3,4,938,3,3,True,4,7,8,8
Ohio4,LS2,Midday,Set1,Draw4,3,col3,Midday|Set1|Draw4|col3,E,own,2,1,1,4,3,5,938,3,3,True,4,7,8,8
Ohio4,LS2,Midday,Set1,Draw4,3,col3,Midday|Set1|Draw4|col3,E,own,2,1,1,4,3,6,9,1,1,True,4,7,8,8
Ohio4,LS2,Midday,Set1,Draw4,3,col3,Midday|Set1|Draw4|col3,E,own,2,1,1,4,3,7,,0,0,False,4,7,8,8
Ohio4,LS2,Midday,Set1,Draw4,3,col3,Midday|Set1|Draw4|col3,E,combined,2,1,1,4,3,0,9940038677,10,7,False,3,4,5,5
Ohio4,LS2,Midday,Set1,Draw4,3,col3,Midday|Set1|Draw4|col3,E,combined,2,1,1,4,3,1,9403877,7,6,False,3,4,5,5
Ohio4,LS2,Midday,Set1,Draw4,3,col3,Midday|Set1|Draw4|col3,E,combined,2,1,1,4,3,2,94077,5,4,False,3,4,5,5
Ohio4,LS2,Midday,Set1,Draw4,3,col3,Midday|Set1|Draw4|col3,E,combined,2,1,1,4,3,3,94,2,2,True,3,4,5,5
Ohio4,LS2,Midday,Set1,Draw4,3,col3,Midday|Set1|Draw4|col3,E,combined,2,1,1,4,3,4,,0,0,False,3,4,5,5
Ohio4,LS2,Midday,Set1,Draw4,3,col3,Midday|Set1|Draw4|col3,T,own,2,1,1,4,3,0,9940038677,10,7,False,1,6,7,5
Ohio4,LS2,Midday,Set1,Draw4,3,col3,Midday|Set1|Draw4|col3,T,own,2,1,1,4,3,1,3877,4,3,True,1,6,7,5
Ohio4,LS2,Midday,Set1,Draw4,3,col3,Midday|Set1|Draw4|col3,T,own,2,1,1,4,3,2,38,2,2,True,1,6,7,5
Ohio4,LS2,Midday,Set1,Draw4,3,col3,Midday|Set1|Draw4|col3,T,own,2,1,1,4,3,3,38,2,2,True,1,6,7,5
Ohio4,LS2,Midday,Set1,Draw4,3,col3,Midday|Set1|Draw4|col3,T,own,2,1,1,4,3,6,,0,0,False,1,6,7,5
Ohio4,LS2,Midday,Set1,Draw4,3,col3,Midday|Set1|Draw4|col3,T,combined,2,1,1,4,3,0,9940038677,10,7,False,1,10,11,6
Ohio4,LS2,Midday,Set1,Draw4,3,col3,Midday|Set1|Draw4|col3,T,combined,2,1,1,4,3,1,3877,4,3,True,1,10,11,6
Ohio4,LS2,Midday,Set1,Draw4,3,col3,Midday|Set1|Draw4|col3,T,combined,2,1,1,4,3,2,377,3,2,True,1,10,11,6
Ohio4,LS2,Midday,Set1,Draw4,3,col3,Midday|Set1|Draw4|col3,T,combined,2,1,1,4,3,3,3,1,1,True,1,10,11,6
Ohio4,LS2,Midday,Set1,Draw4,3,col3,Midday|Set1|Draw4|col3,T,combined,2,1,1,4,3,4,3,1,1,True,1,10,11,6
Ohio4,LS2,Midday,Set1,Draw4,3,col3,Midday|Set1|Draw4|col3,T,combined,2,1,1,4,3,10,,0,0,False,1,10,11,6
Ohio4,LS2,Midday,Set1,Draw6,1,col1,Midday|Set1|Draw6|col1,A,own,2,1,1,6,1,0,59433887*,9,7,False,4,6,29,7
Ohio4,LS2,Midday,Set1,Draw6,1,col1,Midday|Set1|Draw6|col1,A,own,2,1,1,6,1,1,5433887*,8,6,False,4,6,29,7
Ohio4,LS2,Midday,Set1,Draw6,1,col1,Midday|Set1|Draw6|col1,A,own,2,1,1,6,1,2,543388*,7,5,False,4,6,29,7
Ohio4,LS2,Midday,Set1,Draw6,1,col1,Midday|Set1|Draw6|col1,A,own,2,1,1,6,1,3,543388*,7,5,False,4,6,29,7
Ohio4,LS2,Midday,Set1,Draw6,1,col1,Midday|Set1|Draw6|col1,A,own,2,1,1,6,1,4,3388*,5,3,True,4,6,29,7
Ohio4,LS2,Midday,Set1,Draw6,1,col1,Midday|Set1|Draw6|col1,A,own,2,1,1,6,1,5,3388*,5,3,True,4,6,29,7
Ohio4,LS2,Midday,Set1,Draw6,1,col1,Midday|Set1|Draw6|col1,A,own,2,1,1,6,1,6,*,1,1,True,4,6,29,7
Ohio4,LS2,Midday,Set1,Draw6,1,col1,Midday|Set1|Draw6|col1,A,combined,2,1,1,6,1,0,59433887*,9,7,False,6,10,57,10
Ohio4,LS2,Midday,Set1,Draw6,1,col1,Midday|Set1|Draw6|col1,A,combined,2,1,1,6,1,1,5433887*,8,6,False,6,10,57,10
Ohio4,LS2,Midday,Set1,Draw6,1,col1,Midday|Set1|Draw6|col1,A,combined,2,1,1,6,1,2,54337*,6,5,False,6,10,57,10
Ohio4,LS2,Midday,Set1,Draw6,1,col1,Midday|Set1|Draw6|col1,A,combined,2,1,1,6,1,3,5433*,5,4,False,6,10,57,10
Ohio4,LS2,Midday,Set1,Draw6,1,col1,Midday|Set1|Draw6|col1,A,combined,2,1,1,6,1,4,5433*,5,4,False,6,10,57,10
Ohio4,LS2,Midday,Set1,Draw6,1,col1,Midday|Set1|Draw6|col1,A,combined,2,1,1,6,1,5,5433*,5,4,False,6,10,57,10
Ohio4,LS2,Midday,Set1,Draw6,1,col1,Midday|Set1|Draw6|col1,A,combined,2,1,1,6,1,6,533*,4,3,True,6,10,57,10
Ohio4,LS2,Midday,Set1,Draw6,1,col1,Midday|Set1|Draw6|col1,A,combined,2,1,1,6,1,7,33*,3,2,True,6,10,57,10
Ohio4,LS2,Midday,Set1,Draw6,1,col1,Midday|Set1|Draw6|col1,A,combined,2,1,1,6,1,8,33*,3,2,True,6,10,57,10
Ohio4,LS2,Midday,Set1,Draw6,1,col1,Midday|Set1|Draw6|col1,A,combined,2,1,1,6,1,10,*,1,1,True,6,10,57,10
Ohio4,LS2,Midday,Set1,Draw6,1,col1,Midday|Set1|Draw6|col1,B,own,2,1,1,6,1,0,59433887*,9,7,False,4,6,29,7
Ohio4,LS2,Midday,Set1,Draw6,1,col1,Midday|Set1|Draw6|col1,B,own,2,1,1,6,1,1,433887*,7,5,False,4,6,29,7
Ohio4,LS2,Midday,Set1,Draw6,1,col1,Midday|Set1|Draw6|col1,B,own,2,1,1,6,1,2,43388*,6,4,False,4,6,29,7
Ohio4,LS2,Midday,Set1,Draw6,1,col1,Midday|Set1|Draw6|col1,B,own,2,1,1,6,1,3,43388*,6,4,False,4,6,29,7
Ohio4,LS2,Midday,Set1,Draw6,1,col1,Midday|Set1|Draw6|col1,B,own,2,1,1,6,1,4,3388*,5,3,True,4,6,29,7
Ohio4,LS2,Midday,Set1,Draw6,1,col1,Midday|Set1|Draw6|col1,B,own,2,1,1,6,1,5,3388*,5,3,True,4,6,29,7
Ohio4,LS2,Midday,Set1,Draw6,1,col1,Midday|Set1|Draw6|col1,B,own,2,1,1,6,1,6,*,1,1,True,4,6,29,7
Ohio4,LS2,Midday,Set1,Draw6,1,col1,Midday|Set1|Draw6|col1,B,combined,2,1,1,6,1,0,59433887*,9,7,False,2,4,57,5
Ohio4,LS2,Midday,Set1,Draw6,1,col1,Midday|Set1|Draw6|col1,B,combined,2,1,1,6,1,1,433887*,7,5,False,2,4,57,5
Ohio4,LS2,Midday,Set1,Draw6,1,col1,Midday|Set1|Draw6|col1,B,combined,2,1,1,6,1,2,47*,3,3,True,2,4,57,5
Ohio4,LS2,Midday,Set1,Draw6,1,col1,Midday|Set1|Draw6|col1,B,combined,2,1,1,6,1,3,4*,2,2,True,2,4,57,5
Ohio4,LS2,Midday,Set1,Draw6,1,col1,Midday|Set1|Draw6|col1,B,combined,2,1,1,6,1,4,*,1,1,True,2,4,57,5
Ohio4,LS2,Midday,Set1,Draw6,1,col1,Midday|Set1|Draw6|col1,C,own,2,1,1,6,1,0,59433887*,9,7,False,2,6,29,7
Ohio4,LS2,Midday,Set1,Draw6,1,col1,Midday|Set1|Draw6|col1,C,own,2,1,1,6,1,1,33887*,6,4,False,2,6,29,7
Ohio4,LS2,Midday,Set1,Draw6,1,col1,Midday|Set1|Draw6|col1,C,own,2,1,1,6,1,2,3388*,5,3,True,2,6,29,7
Ohio4,LS2,Midday,Set1,Draw6,1,col1,Midday|Set1|Draw6|col1,C,own,2,1,1,6,1,3,3388*,5,3,True,2,6,29,7
Ohio4,LS2,Midday,Set1,Draw6,1,col1,Midday|Set1|Draw6|col1,C,own,2,1,1,6,1,4,3388*,5,3,True,2,6,29,7
Ohio4,LS2,Midday,Set1,Draw6,1,col1,Midday|Set1|Draw6|col1,C,own,2,1,1,6,1,5,3388*,5,3,True,2,6,29,7
Ohio4,LS2,Midday,Set1,Draw6,1,col1,Midday|Set1|Draw6|col1,C,own,2,1,1,6,1,6,*,1,1,True,2,6,29,7
Ohio4,LS2,Midday,Set1,Draw6,1,col1,Midday|Set1|Draw6|col1,C,combined,2,1,1,6,1,0,59433887*,9,7,False,2,3,57,4
Ohio4,LS2,Midday,Set1,Draw6,1,col1,Midday|Set1|Draw6|col1,C,combined,2,1,1,6,1,1,33887*,6,4,False,2,3,57,4
Ohio4,LS2,Midday,Set1,Draw6,1,col1,Midday|Set1|Draw6|col1,C,combined,2,1,1,6,1,2,7*,2,2,True,2,3,57,4
Ohio4,LS2,Midday,Set1,Draw6,1,col1,Midday|Set1|Draw6|col1,C,combined,2,1,1,6,1,3,*,1,1,True,2,3,57,4
Ohio4,LS2,Midday,Set1,Draw6,1,col1,Midday|Set1|Draw6|col1,D,own,2,1,1,6,1,0,59433887*,9,7,False,2,6,29,7
Ohio4,LS2,Midday,Set1,Draw6,1,col1,Midday|Set1|Draw6|col1,D,own,2,1,1,6,1,1,33887*,6,4,False,2,6,29,7
Ohio4,LS2,Midday,Set1,Draw6,1,col1,Midday|Set1|Draw6|col1,D,own,2,1,1,6,1,2,3388*,5,3,True,2,6,29,7
Ohio4,LS2,Midday,Set1,Draw6,1,col1,Midday|Set1|Draw6|col1,D,own,2,1,1,6,1,3,3388*,5,3,True,2,6,29,7
Ohio4,LS2,Midday,Set1,Draw6,1,col1,Midday|Set1|Draw6|col1,D,own,2,1,1,6,1,4,3388*,5,3,True,2,6,29,7
Ohio4,LS2,Midday,Set1,Draw6,1,col1,Midday|Set1|Draw6|col1,D,own,2,1,1,6,1,5,3388*,5,3,True,2,6,29,7
Ohio4,LS2,Midday,Set1,Draw6,1,col1,Midday|Set1|Draw6|col1,D,own,2,1,1,6,1,6,*,1,1,True,2,6,29,7
Ohio4,LS2,Midday,Set1,Draw6,1,col1,Midday|Set1|Draw6|col1,D,combined,2,1,1,6,1,0,59433887*,9,7,False,2,3,57,4
Ohio4,LS2,Midday,Set1,Draw6,1,col1,Midday|Set1|Draw6|col1,D,combined,2,1,1,6,1,1,33887*,6,4,False,2,3,57,4
Ohio4,LS2,Midday,Set1,Draw6,1,col1,Midday|Set1|Draw6|col1,D,combined,2,1,1,6,1,2,7*,2,2,True,2,3,57,4
Ohio4,LS2,Midday,Set1,Draw6,1,col1,Midday|Set1|Draw6|col1,D,combined,2,1,1,6,1,3,*,1,1,True,2,3,57,4
Ohio4,LS2,Midday,Set1,Draw6,1,col1,Midday|Set1|Draw6|col1,E,own,2,1,1,6,1,0,59433887*,9,7,False,4,13,29,9
Ohio4,LS2,Midday,Set1,Draw6,1,col1,Midday|Set1|Draw6|col1,E,own,2,1,1,6,1,1,433887*,7,5,False,4,13,29,9
Ohio4,LS2,Midday,Set1,Draw6,1,col1,Midday|Set1|Draw6|col1,E,own,2,1,1,6,1,2,43388*,6,4,False,4,13,29,9
Ohio4,LS2,Midday,Set1,Draw6,1,col1,Midday|Set1|Draw6|col1,E,own,2,1,1,6,1,3,43388*,6,4,False,4,13,29,9
Ohio4,LS2,Midday,Set1,Draw6,1,col1,Midday|Set1|Draw6|col1,E,own,2,1,1,6,1,4,3388*,5,3,True,4,13,29,9
Ohio4,LS2,Midday,Set1,Draw6,1,col1,Midday|Set1|Draw6|col1,E,own,2,1,1,6,1,5,3388*,5,3,True,4,13,29,9
Ohio4,LS2,Midday,Set1,Draw6,1,col1,Midday|Set1|Draw6|col1,E,own,2,1,1,6,1,6,38*,3,3,True,4,13,29,9
Ohio4,LS2,Midday,Set1,Draw6,1,col1,Midday|Set1|Draw6|col1,E,own,2,1,1,6,1,7,38*,3,3,True,4,13,29,9
Ohio4,LS2,Midday,Set1,Draw6,1,col1,Midday|Set1|Draw6|col1,E,own,2,1,1,6,1,13,*,1,1,True,4,13,29,9
Ohio4,LS2,Midday,Set1,Draw6,1,col1,Midday|Set1|Draw6|col1,E,combined,2,1,1,6,1,0,59433887*,9,7,False,3,10,57,7
Ohio4,LS2,Midday,Set1,Draw6,1,col1,Midday|Set1|Draw6|col1,E,combined,2,1,1,6,1,1,433887*,7,5,False,3,10,57,7
Ohio4,LS2,Midday,Set1,Draw6,1,col1,Midday|Set1|Draw6|col1,E,combined,2,1,1,6,1,2,4337*,5,4,False,3,10,57,7
Ohio4,LS2,Midday,Set1,Draw6,1,col1,Midday|Set1|Draw6|col1,E,combined,2,1,1,6,1,3,433*,4,3,True,3,10,57,7
Ohio4,LS2,Midday,Set1,Draw6,1,col1,Midday|Set1|Draw6|col1,E,combined,2,1,1,6,1,4,3*,2,2,True,3,10,57,7
Ohio4,LS2,Midday,Set1,Draw6,1,col1,Midday|Set1|Draw6|col1,E,combined,2,1,1,6,1,5,3*,2,2,True,3,10,57,7
Ohio4,LS2,Midday,Set1,Draw6,1,col1,Midday|Set1|Draw6|col1,E,combined,2,1,1,6,1,10,*,1,1,True,3,10,57,7
Ohio4,LS2,Midday,Set1,Draw6,1,col1,Midday|Set1|Draw6|col1,T,own,2,1,1,6,1,0,59433887*,9,7,False,2,6,29,7
Ohio4,LS2,Midday,Set1,Draw6,1,col1,Midday|Set1|Draw6|col1,T,own,2,1,1,6,1,1,33887*,6,4,False,2,6,29,7
Ohio4,LS2,Midday,Set1,Draw6,1,col1,Midday|Set1|Draw6|col1,T,own,2,1,1,6,1,2,3388*,5,3,True,2,6,29,7
Ohio4,LS2,Midday,Set1,Draw6,1,col1,Midday|Set1|Draw6|col1,T,own,2,1,1,6,1,3,3388*,5,3,True,2,6,29,7
Ohio4,LS2,Midday,Set1,Draw6,1,col1,Midday|Set1|Draw6|col1,T,own,2,1,1,6,1,4,3388*,5,3,True,2,6,29,7
Ohio4,LS2,Midday,Set1,Draw6,1,col1,Midday|Set1|Draw6|col1,T,own,2,1,1,6,1,5,3388*,5,3,True,2,6,29,7
Ohio4,LS2,Midday,Set1,Draw6,1,col1,Midday|Set1|Draw6|col1,T,own,2,1,1,6,1,6,*,1,1,True,2,6,29,7
Ohio4,LS2,Midday,Set1,Draw6,1,col1,Midday|Set1|Draw6|col1,T,combined,2,1,1,6,1,0,59433887*,9,7,False,2,3,57,4
Ohio4,LS2,Midday,Set1,Draw6,1,col1,Midday|Set1|Draw6|col1,T,combined,2,1,1,6,1,1,33887*,6,4,False,2,3,57,4
Ohio4,LS2,Midday,Set1,Draw6,1,col1,Midday|Set1|Draw6|col1,T,combined,2,1,1,6,1,2,7*,2,2,True,2,3,57,4
Ohio4,LS2,Midday,Set1,Draw6,1,col1,Midday|Set1|Draw6|col1,T,combined,2,1,1,6,1,3,*,1,1,True,2,3,57,4
Ohio4,LS2,Evening,Set1,Draw4,3,col3,Evening|Set1|Draw4|col3,A,own,2,2,1,4,3,0,5992088667,10,7,False,3,6,7,7
Ohio4,LS2,Evening,Set1,Draw4,3,col3,Evening|Set1|Draw4|col3,A,own,2,2,1,4,3,1,599207,6,5,False,3,6,7,7
Ohio4,LS2,Evening,Set1,Draw4,3,col3,Evening|Set1|Draw4|col3,A,own,2,2,1,4,3,2,5207,4,4,False,3,6,7,7
Ohio4,LS2,Evening,Set1,Draw4,3,col3,Evening|Set1|Draw4|col3,A,own,2,2,1,4,3,3,507,3,3,True,3,6,7,7
Ohio4,LS2,Evening,Set1,Draw4,3,col3,Evening|Set1|Draw4|col3,A,own,2,2,1,4,3,4,0,1,1,True,3,6,7,7
Ohio4,LS2,Evening,Set1,Draw4,3,col3,Evening|Set1|Draw4|col3,A,own,2,2,1,4,3,5,0,1,1,True,3,6,7,7
Ohio4,LS2,Evening,Set1,Draw4,3,col3,Evening|Set1|Draw4|col3,A,own,2,2,1,4,3,6,,0,0,False,3,6,7,7
Ohio4,LS2,Evening,Set1,Draw4,3,col3,Evening|Set1|Draw4|col3,A,combined,2,2,1,4,3,0,5992088667,10,7,False,2,7,8,7
Ohio4,LS2,Evening,Set1,Draw4,3,col3,Evening|Set1|Draw4|col3,A,combined,2,2,1,4,3,1,599207,6,5,False,2,7,8,7
Ohio4,LS2,Evening,Set1,Draw4,3,col3,Evening|Set1|Draw4|col3,A,combined,2,2,1,4,3,2,527,3,3,True,2,7,8,7
Ohio4,LS2,Evening,Set1,Draw4,3,col3,Evening|Set1|Draw4|col3,A,combined,2,2,1,4,3,3,527,3,3,True,2,7,8,7
Ohio4,LS2,Evening,Set1,Draw4,3,col3,Evening|Set1|Draw4|col3,A,combined,2,2,1,4,3,4,5,1,1,True,2,7,8,7
Ohio4,LS2,Evening,Set1,Draw4,3,col3,Evening|Set1|Draw4|col3,A,combined,2,2,1,4,3,5,5,1,1,True,2,7,8,7
Ohio4,LS2,Evening,Set1,Draw4,3,col3,Evening|Set1|Draw4|col3,A,combined,2,2,1,4,3,7,,0,0,False,2,7,8,7
Ohio4,LS2,Evening,Set1,Draw4,3,col3,Evening|Set1|Draw4|col3,B,own,2,2,1,4,3,0,5992088667,10,7,False,3,6,7,7
Ohio4,LS2,Evening,Set1,Draw4,3,col3,Evening|Set1|Draw4|col3,B,own,2,2,1,4,3,1,599207,6,5,False,3,6,7,7
Ohio4,LS2,Evening,Set1,Draw4,3,col3,Evening|Set1|Draw4|col3,B,own,2,2,1,4,3,2,5207,4,4,False,3,6,7,7
Ohio4,LS2,Evening,Set1,Draw4,3,col3,Evening|Set1|Draw4|col3,B,own,2,2,1,4,3,3,507,3,3,True,3,6,7,7
Ohio4,LS2,Evening,Set1,Draw4,3,col3,Evening|Set1|Draw4|col3,B,own,2,2,1,4,3,4,0,1,1,True,3,6,7,7
Ohio4,LS2,Evening,Set1,Draw4,3,col3,Evening|Set1|Draw4|col3,B,own,2,2,1,4,3,5,0,1,1,True,3,6,7,7
Ohio4,LS2,Evening,Set1,Draw4,3,col3,Evening|Set1|Draw4|col3,B,own,2,2,1,4,3,6,,0,0,False,3,6,7,7
Ohio4,LS2,Evening,Set1,Draw4,3,col3,Evening|Set1|Draw4|col3,B,combined,2,2,1,4,3,0,5992088667,10,7,False,2,4,5,5
Ohio4,LS2,Evening,Set1,Draw4,3,col3,Evening|Set1|Draw4|col3,B,combined,2,2,1,4,3,1,599207,6,5,False,2,4,5,5
Ohio4,LS2,Evening,Set1,Draw4,3,col3,Evening|Set1|Draw4|col3,B,combined,2,2,1,4,3,2,527,3,3,True,2,4,5,5
Ohio4,LS2,Evening,Set1,Draw4,3,col3,Evening|Set1|Draw4|col3,B,combined,2,2,1,4,3,3,527,3,3,True,2,4,5,5
Ohio4,LS2,Evening,Set1,Draw4,3,col3,Evening|Set1|Draw4|col3,B,combined,2,2,1,4,3,4,,0,0,False,2,4,5,5
Ohio4,LS2,Evening,Set1,Draw4,3,col3,Evening|Set1|Draw4|col3,C,own,2,2,1,4,3,0,5992088667,10,7,False,3,4,5,5
Ohio4,LS2,Evening,Set1,Draw4,3,col3,Evening|Set1|Draw4|col3,C,own,2,2,1,4,3,1,599207,6,5,False,3,4,5,5
Ohio4,LS2,Evening,Set1,Draw4,3,col3,Evening|Set1|Draw4|col3,C,own,2,2,1,4,3,2,5207,4,4,False,3,4,5,5
Ohio4,LS2,Evening,Set1,Draw4,3,col3,Evening|Set1|Draw4|col3,C,own,2,2,1,4,3,3,50,2,2,True,3,4,5,5
Ohio4,LS2,Evening,Set1,Draw4,3,col3,Evening|Set1|Draw4|col3,C,own,2,2,1,4,3,4,,0,0,False,3,4,5,5
Ohio4,LS2,Evening,Set1,Draw4,3,col3,Evening|Set1|Draw4|col3,C,combined,2,2,1,4,3,0,5992088667,10,7,False,2,4,5,5
Ohio4,LS2,Evening,Set1,Draw4,3,col3,Evening|Set1|Draw4|col3,C,combined,2,2,1,4,3,1,599207,6,5,False,2,4,5,5
Ohio4,LS2,Evening,Set1,Draw4,3,col3,Evening|Set1|Draw4|col3,C,combined,2,2,1,4,3,2,27,2,2,True,2,4,5,5
Ohio4,LS2,Evening,Set1,Draw4,3,col3,Evening|Set1|Draw4|col3,C,combined,2,2,1,4,3,3,27,2,2,True,2,4,5,5
Ohio4,LS2,Evening,Set1,Draw4,3,col3,Evening|Set1|Draw4|col3,C,combined,2,2,1,4,3,4,,0,0,False,2,4,5,5
Ohio4,LS2,Evening,Set1,Draw4,3,col3,Evening|Set1|Draw4|col3,D,own,2,2,1,4,3,0,5992088667,10,7,False,3,4,5,5
Ohio4,LS2,Evening,Set1,Draw4,3,col3,Evening|Set1|Draw4|col3,D,own,2,2,1,4,3,1,599207,6,5,False,3,4,5,5
Ohio4,LS2,Evening,Set1,Draw4,3,col3,Evening|Set1|Draw4|col3,D,own,2,2,1,4,3,2,5207,4,4,False,3,4,5,5
Ohio4,LS2,Evening,Set1,Draw4,3,col3,Evening|Set1|Draw4|col3,D,own,2,2,1,4,3,3,50,2,2,True,3,4,5,5
Ohio4,LS2,Evening,Set1,Draw4,3,col3,Evening|Set1|Draw4|col3,D,own,2,2,1,4,3,4,,0,0,False,3,4,5,5
Ohio4,LS2,Evening,Set1,Draw4,3,col3,Evening|Set1|Draw4|col3,D,combined,2,2,1,4,3,0,5992088667,10,7,False,2,4,5,5
Ohio4,LS2,Evening,Set1,Draw4,3,col3,Evening|Set1|Draw4|col3,D,combined,2,2,1,4,3,1,599207,6,5,False,2,4,5,5
Ohio4,LS2,Evening,Set1,Draw4,3,col3,Evening|Set1|Draw4|col3,D,combined,2,2,1,4,3,2,27,2,2,True,2,4,5,5
Ohio4,LS2,Evening,Set1,Draw4,3,col3,Evening|Set1|Draw4|col3,D,combined,2,2,1,4,3,3,27,2,2,True,2,4,5,5
Ohio4,LS2,Evening,Set1,Draw4,3,col3,Evening|Set1|Draw4|col3,D,combined,2,2,1,4,3,4,,0,0,False,2,4,5,5
Ohio4,LS2,Evening,Set1,Draw4,3,col3,Evening|Set1|Draw4|col3,E,own,2,2,1,4,3,0,5992088667,10,7,False,3,6,7,7
Ohio4,LS2,Evening,Set1,Draw4,3,col3,Evening|Set1|Draw4|col3,E,own,2,2,1,4,3,1,5992067,7,6,False,3,6,7,7
Ohio4,LS2,Evening,Set1,Draw4,3,col3,Evening|Set1|Draw4|col3,E,own,2,2,1,4,3,2,52067,5,5,False,3,6,7,7
Ohio4,LS2,Evening,Set1,Draw4,3,col3,Evening|Set1|Draw4|col3,E,own,2,2,1,4,3,3,507,3,3,True,3,6,7,7
Ohio4,LS2,Evening,Set1,Draw4,3,col3,Evening|Set1|Draw4|col3,E,own,2,2,1,4,3,4,0,1,1,True,3,6,7,7
Ohio4,LS2,Evening,Set1,Draw4,3,col3,Evening|Set1|Draw4|col3,E,own,2,2,1,4,3,5,0,1,1,True,3,6,7,7
Ohio4,LS2,Evening,Set1,Draw4,3,col3,Evening|Set1|Draw4|col3,E,own,2,2,1,4,3,6,,0,0,False,3,6,7,7
Ohio4,LS2,Evening,Set1,Draw4,3,col3,Evening|Set1|Draw4|col3,E,combined,2,2,1,4,3,0,5992088667,10,7,False,3,4,5,5
Ohio4,LS2,Evening,Set1,Draw4,3,col3,Evening|Set1|Draw4|col3,E,combined,2,2,1,4,3,1,5992067,7,6,False,3,4,5,5
Ohio4,LS2,Evening,Set1,Draw4,3,col3,Evening|Set1|Draw4|col3,E,combined,2,2,1,4,3,2,5927,4,4,False,3,4,5,5
Ohio4,LS2,Evening,Set1,Draw4,3,col3,Evening|Set1|Draw4|col3,E,combined,2,2,1,4,3,3,527,3,3,True,3,4,5,5
Ohio4,LS2,Evening,Set1,Draw4,3,col3,Evening|Set1|Draw4|col3,E,combined,2,2,1,4,3,4,,0,0,False,3,4,5,5
Ohio4,LS2,Evening,Set1,Draw4,3,col3,Evening|Set1|Draw4|col3,T,own,2,2,1,4,3,0,5992088667,10,7,False,3,6,7,7
Ohio4,LS2,Evening,Set1,Draw4,3,col3,Evening|Set1|Draw4|col3,T,own,2,2,1,4,3,1,599207,6,5,False,3,6,7,7
Ohio4,LS2,Evening,Set1,Draw4,3,col3,Evening|Set1|Draw4|col3,T,own,2,2,1,4,3,2,5207,4,4,False,3,6,7,7
Ohio4,LS2,Evening,Set1,Draw4,3,col3,Evening|Set1|Draw4|col3,T,own,2,2,1,4,3,3,507,3,3,True,3,6,7,7
Ohio4,LS2,Evening,Set1,Draw4,3,col3,Evening|Set1|Draw4|col3,T,own,2,2,1,4,3,4,0,1,1,True,3,6,7,7
Ohio4,LS2,Evening,Set1,Draw4,3,col3,Evening|Set1|Draw4|col3,T,own,2,2,1,4,3,5,0,1,1,True,3,6,7,7
Ohio4,LS2,Evening,Set1,Draw4,3,col3,Evening|Set1|Draw4|col3,T,own,2,2,1,4,3,6,,0,0,False,3,6,7,7
Ohio4,LS2,Evening,Set1,Draw4,3,col3,Evening|Set1|Draw4|col3,T,combined,2,2,1,4,3,0,5992088667,10,7,False,2,7,8,7
Ohio4,LS2,Evening,Set1,Draw4,3,col3,Evening|Set1|Draw4|col3,T,combined,2,2,1,4,3,1,599207,6,5,False,2,7,8,7
Ohio4,LS2,Evening,Set1,Draw4,3,col3,Evening|Set1|Draw4|col3,T,combined,2,2,1,4,3,2,527,3,3,True,2,7,8,7
Ohio4,LS2,Evening,Set1,Draw4,3,col3,Evening|Set1|Draw4|col3,T,combined,2,2,1,4,3,3,527,3,3,True,2,7,8,7
Ohio4,LS2,Evening,Set1,Draw4,3,col3,Evening|Set1|Draw4|col3,T,combined,2,2,1,4,3,4,5,1,1,True,2,7,8,7
Ohio4,LS2,Evening,Set1,Draw4,3,col3,Evening|Set1|Draw4|col3,T,combined,2,2,1,4,3,5,5,1,1,True,2,7,8,7
Ohio4,LS2,Evening,Set1,Draw4,3,col3,Evening|Set1|Draw4|col3,T,combined,2,2,1,4,3,7,,0,0,False,2,7,8,7
Ohio4,LS2,Evening,Set1,Draw6,1,col1,Evening|Set1|Draw6|col1,A,own,2,2,1,6,1,0,520013367*,10,8,False,4,6,29,7
Ohio4,LS2,Evening,Set1,Draw6,1,col1,Evening|Set1|Draw6|col1,A,own,2,2,1,6,1,1,52001337*,9,7,False,4,6,29,7
Ohio4,LS2,Evening,Set1,Draw6,1,col1,Evening|Set1|Draw6|col1,A,own,2,2,1,6,1,2,52001337*,9,7,False,4,6,29,7
Ohio4,LS2,Evening,Set1,Draw6,1,col1,Evening|Set1|Draw6|col1,A,own,2,2,1,6,1,3,500337*,7,5,False,4,6,29,7
Ohio4,LS2,Evening,Set1,Draw6,1,col1,Evening|Set1|Draw6|col1,A,own,2,2,1,6,1,4,0033*,5,3,True,4,6,29,7
Ohio4,LS2,Evening,Set1,Draw6,1,col1,Evening|Set1|Draw6|col1,A,own,2,2,1,6,1,5,00*,3,2,True,4,6,29,7
Ohio4,LS2,Evening,Set1,Draw6,1,col1,Evening|Set1|Draw6|col1,A,own,2,2,1,6,1,6,*,1,1,True,4,6,29,7
Ohio4,LS2,Evening,Set1,Draw6,1,col1,Evening|Set1|Draw6|col1,A,combined,2,2,1,6,1,0,520013367*,10,8,False,5,9,57,10
Ohio4,LS2,Evening,Set1,Draw6,1,col1,Evening|Set1|Draw6|col1,A,combined,2,2,1,6,1,1,52001337*,9,7,False,5,9,57,10
Ohio4,LS2,Evening,Set1,Draw6,1,col1,Evening|Set1|Draw6|col1,A,combined,2,2,1,6,1,2,521337*,7,6,False,5,9,57,10
Ohio4,LS2,Evening,Set1,Draw6,1,col1,Evening|Set1|Draw6|col1,A,combined,2,2,1,6,1,3,521337*,7,6,False,5,9,57,10
Ohio4,LS2,Evening,Set1,Draw6,1,col1,Evening|Set1|Draw6|col1,A,combined,2,2,1,6,1,4,5133*,5,4,False,5,9,57,10
Ohio4,LS2,Evening,Set1,Draw6,1,col1,Evening|Set1|Draw6|col1,A,combined,2,2,1,6,1,5,533*,4,3,True,5,9,57,10
Ohio4,LS2,Evening,Set1,Draw6,1,col1,Evening|Set1|Draw6|col1,A,combined,2,2,1,6,1,6,533*,4,3,True,5,9,57,10
Ohio4,LS2,Evening,Set1,Draw6,1,col1,Evening|Set1|Draw6|col1,A,combined,2,2,1,6,1,7,33*,3,2,True,5,9,57,10
Ohio4,LS2,Evening,Set1,Draw6,1,col1,Evening|Set1|Draw6|col1,A,combined,2,2,1,6,1,8,33*,3,2,True,5,9,57,10
Ohio4,LS2,Evening,Set1,Draw6,1,col1,Evening|Set1|Draw6|col1,A,combined,2,2,1,6,1,9,*,1,1,True,5,9,57,10
Ohio4,LS2,Evening,Set1,Draw6,1,col1,Evening|Set1|Draw6|col1,B,own,2,2,1,6,1,0,520013367*,10,8,False,4,6,29,7
Ohio4,LS2,Evening,Set1,Draw6,1,col1,Evening|Set1|Draw6|col1,B,own,2,2,1,6,1,1,520017*,7,6,False,4,6,29,7
Ohio4,LS2,Evening,Set1,Draw6,1,col1,Evening|Set1|Draw6|col1,B,own,2,2,1,6,1,2,520017*,7,6,False,4,6,29,7
Ohio4,LS2,Evening,Set1,Draw6,1,col1,Evening|Set1|Draw6|col1,B,own,2,2,1,6,1,3,5007*,5,4,False,4,6,29,7
Ohio4,LS2,Evening,Set1,Draw6,1,col1,Evening|Set1|Draw6|col1,B,own,2,2,1,6,1,4,00*,3,2,True,4,6,29,7
Ohio4,LS2,Evening,Set1,Draw6,1,col1,Evening|Set1|Draw6|col1,B,own,2,2,1,6,1,5,00*,3,2,True,4,6,29,7
Ohio4,LS2,Evening,Set1,Draw6,1,col1,Evening|Set1|Draw6|col1,B,own,2,2,1,6,1,6,*,1,1,True,4,6,29,7
Ohio4,LS2,Evening,Set1,Draw6,1,col1,Evening|Set1|Draw6|col1,B,combined,2,2,1,6,1,0,520013367*,10,8,False,4,4,57,5
Ohio4,LS2,Evening,Set1,Draw6,1,col1,Evening|Set1|Draw6|col1,B,combined,2,2,1,6,1,1,520017*,7,6,False,4,4,57,5
Ohio4,LS2,Evening,Set1,Draw6,1,col1,Evening|Set1|Draw6|col1,B,combined,2,2,1,6,1,2,527*,4,4,False,4,4,57,5
Ohio4,LS2,Evening,Set1,Draw6,1,col1,Evening|Set1|Draw6|col1,B,combined,2,2,1,6,1,3,527*,4,4,False,4,4,57,5
Ohio4,LS2,Evening,Set1,Draw6,1,col1,Evening|Set1|Draw6|col1,B,combined,2,2,1,6,1,4,*,1,1,True,4,4,57,5
Ohio4,LS2,Evening,Set1,Draw6,1,col1,Evening|Set1|Draw6|col1,C,own,2,2,1,6,1,0,520013367*,10,8,False,3,4,29,5
Ohio4,LS2,Evening,Set1,Draw6,1,col1,Evening|Set1|Draw6|col1,C,own,2,2,1,6,1,1,52007*,6,5,False,3,4,29,5
Ohio4,LS2,Evening,Set1,Draw6,1,col1,Evening|Set1|Draw6|col1,C,own,2,2,1,6,1,2,52007*,6,5,False,3,4,29,5
Ohio4,LS2,Evening,Set1,Draw6,1,col1,Evening|Set1|Draw6|col1,C,own,2,2,1,6,1,3,500*,4,3,True,3,4,29,5
Ohio4,LS2,Evening,Set1,Draw6,1,col1,Evening|Set1|Draw6|col1,C,own,2,2,1,6,1,4,*,1,1,True,3,4,29,5
Ohio4,LS2,Evening,Set1,Draw6,1,col1,Evening|Set1|Draw6|col1,C,combined,2,2,1,6,1,0,520013367*,10,8,False,2,4,57,5
Ohio4,LS2,Evening,Set1,Draw6,1,col1,Evening|Set1|Draw6|col1,C,combined,2,2,1,6,1,1,52007*,6,5,False,2,4,57,5
Ohio4,LS2,Evening,Set1,Draw6,1,col1,Evening|Set1|Draw6|col1,C,combined,2,2,1,6,1,2,27*,3,3,True,2,4,57,5
Ohio4,LS2,Evening,Set1,Draw6,1,col1,Evening|Set1|Draw6|col1,C,combined,2,2,1,6,1,3,27*,3,3,True,2,4,57,5
Ohio4,LS2,Evening,Set1,Draw6,1,col1,Evening|Set1|Draw6|col1,C,combined,2,2,1,6,1,4,*,1,1,True,2,4,57,5
Ohio4,LS2,Evening,Set1,Draw6,1,col1,Evening|Set1|Draw6|col1,D,own,2,2,1,6,1,0,520013367*,10,8,False,3,6,29,7
Ohio4,LS2,Evening,Set1,Draw6,1,col1,Evening|Set1|Draw6|col1,D,own,2,2,1,6,1,1,52007*,6,5,False,3,6,29,7
Ohio4,LS2,Evening,Set1,Draw6,1,col1,Evening|Set1|Draw6|col1,D,own,2,2,1,6,1,2,52007*,6,5,False,3,6,29,7
Ohio4,LS2,Evening,Set1,Draw6,1,col1,Evening|Set1|Draw6|col1,D,own,2,2,1,6,1,3,500*,4,3,True,3,6,29,7
Ohio4,LS2,Evening,Set1,Draw6,1,col1,Evening|Set1|Draw6|col1,D,own,2,2,1,6,1,4,0*,2,2,True,3,6,29,7
Ohio4,LS2,Evening,Set1,Draw6,1,col1,Evening|Set1|Draw6|col1,D,own,2,2,1,6,1,5,0*,2,2,True,3,6,29,7
Ohio4,LS2,Evening,Set1,Draw6,1,col1,Evening|Set1|Draw6|col1,D,own,2,2,1,6,1,6,*,1,1,True,3,6,29,7
Ohio4,LS2,Evening,Set1,Draw6,1,col1,Evening|Set1|Draw6|col1,D,combined,2,2,1,6,1,0,520013367*,10,8,False,2,4,57,5
Ohio4,LS2,Evening,Set1,Draw6,1,col1,Evening|Set1|Draw6|col1,D,combined,2,2,1,6,1,1,52007*,6,5,False,2,4,57,5
Ohio4,LS2,Evening,Set1,Draw6,1,col1,Evening|Set1|Draw6|col1,D,combined,2,2,1,6,1,2,27*,3,3,True,2,4,57,5
Ohio4,LS2,Evening,Set1,Draw6,1,col1,Evening|Set1|Draw6|col1,D,combined,2,2,1,6,1,3,27*,3,3,True,2,4,57,5
Ohio4,LS2,Evening,Set1,Draw6,1,col1,Evening|Set1|Draw6|col1,D,combined,2,2,1,6,1,4,*,1,1,True,2,4,57,5
Ohio4,LS2,Evening,Set1,Draw6,1,col1,Evening|Set1|Draw6|col1,E,own,2,2,1,6,1,0,520013367*,10,8,False,4,11,29,9
Ohio4,LS2,Evening,Set1,Draw6,1,col1,Evening|Set1|Draw6|col1,E,own,2,2,1,6,1,1,520017*,7,6,False,4,11,29,9
Ohio4,LS2,Evening,Set1,Draw6,1,col1,Evening|Set1|Draw6|col1,E,own,2,2,1,6,1,2,520017*,7,6,False,4,11,29,9
Ohio4,LS2,Evening,Set1,Draw6,1,col1,Evening|Set1|Draw6|col1,E,own,2,2,1,6,1,3,5007*,5,4,False,4,11,29,9
Ohio4,LS2,Evening,Set1,Draw6,1,col1,Evening|Set1|Draw6|col1,E,own,2,2,1,6,1,4,00*,3,2,True,4,11,29,9
Ohio4,LS2,Evening,Set1,Draw6,1,col1,Evening|Set1|Draw6|col1,E,own,2,2,1,6,1,5,00*,3,2,True,4,11,29,9
Ohio4,LS2,Evening,Set1,Draw6,1,col1,Evening|Set1|Draw6|col1,E,own,2,2,1,6,1,6,0*,2,2,True,4,11,29,9
Ohio4,LS2,Evening,Set1,Draw6,1,col1,Evening|Set1|Draw6|col1,E,own,2,2,1,6,1,7,0*,2,2,True,4,11,29,9
Ohio4,LS2,Evening,Set1,Draw6,1,col1,Evening|Set1|Draw6|col1,E,own,2,2,1,6,1,11,*,1,1,True,4,11,29,9
Ohio4,LS2,Evening,Set1,Draw6,1,col1,Evening|Set1|Draw6|col1,E,combined,2,2,1,6,1,0,520013367*,10,8,False,4,7,57,7
Ohio4,LS2,Evening,Set1,Draw6,1,col1,Evening|Set1|Draw6|col1,E,combined,2,2,1,6,1,1,520017*,7,6,False,4,7,57,7
Ohio4,LS2,Evening,Set1,Draw6,1,col1,Evening|Set1|Draw6|col1,E,combined,2,2,1,6,1,2,5207*,5,5,False,4,7,57,7
Ohio4,LS2,Evening,Set1,Draw6,1,col1,Evening|Set1|Draw6|col1,E,combined,2,2,1,6,1,3,5207*,5,5,False,4,7,57,7
Ohio4,LS2,Evening,Set1,Draw6,1,col1,Evening|Set1|Draw6|col1,E,combined,2,2,1,6,1,4,5*,2,2,True,4,7,57,7
Ohio4,LS2,Evening,Set1,Draw6,1,col1,Evening|Set1|Draw6|col1,E,combined,2,2,1,6,1,5,5*,2,2,True,4,7,57,7
Ohio4,LS2,Evening,Set1,Draw6,1,col1,Evening|Set1|Draw6|col1,E,combined,2,2,1,6,1,7,*,1,1,True,4,7,57,7
Ohio4,LS2,Evening,Set1,Draw6,1,col1,Evening|Set1|Draw6|col1,T,own,2,2,1,6,1,0,520013367*,10,8,False,3,6,29,7
Ohio4,LS2,Evening,Set1,Draw6,1,col1,Evening|Set1|Draw6|col1,T,own,2,2,1,6,1,1,52007*,6,5,False,3,6,29,7
Ohio4,LS2,Evening,Set1,Draw6,1,col1,Evening|Set1|Draw6|col1,T,own,2,2,1,6,1,2,52007*,6,5,False,3,6,29,7
Ohio4,LS2,Evening,Set1,Draw6,1,col1,Evening|Set1|Draw6|col1,T,own,2,2,1,6,1,3,500*,4,3,True,3,6,29,7
Ohio4,LS2,Evening,Set1,Draw6,1,col1,Evening|Set1|Draw6|col1,T,own,2,2,1,6,1,4,00*,3,2,True,3,6,29,7
Ohio4,LS2,Evening,Set1,Draw6,1,col1,Evening|Set1|Draw6|col1,T,own,2,2,1,6,1,5,00*,3,2,True,3,6,29,7
Ohio4,LS2,Evening,Set1,Draw6,1,col1,Evening|Set1|Draw6|col1,T,own,2,2,1,6,1,6,*,1,1,True,3,6,29,7
Ohio4,LS2,Evening,Set1,Draw6,1,col1,Evening|Set1|Draw6|col1,T,combined,2,2,1,6,1,0,520013367*,10,8,False,2,4,57,5
Ohio4,LS2,Evening,Set1,Draw6,1,col1,Evening|Set1|Draw6|col1,T,combined,2,2,1,6,1,1,52007*,6,5,False,2,4,57,5
Ohio4,LS2,Evening,Set1,Draw6,1,col1,Evening|Set1|Draw6|col1,T,combined,2,2,1,6,1,2,27*,3,3,True,2,4,57,5
Ohio4,LS2,Evening,Set1,Draw6,1,col1,Evening|Set1|Draw6|col1,T,combined,2,2,1,6,1,3,27*,3,3,True,2,4,57,5
Ohio4,LS2,Evening,Set1,Draw6,1,col1,Evening|Set1|Draw6|col1,T,combined,2,2,1,6,1,4,*,1,1,True,2,4,57,5
Ohio4,LS2,Combined,Set1,Draw4,3,col3,Combined|Set1|Draw4|col3,A,own,2,3,1,4,3,0,5540338667,10,7,False,4,7,29,8
Ohio4,LS2,Combined,Set1,Draw4,3,col3,Combined|Set1|Draw4|col3,A,own,2,3,1,4,3,1,5540337,7,5,False,4,7,29,8
Ohio4,LS2,Combined,Set1,Draw4,3,col3,Combined|Set1|Draw4|col3,A,own,2,3,1,4,3,2,554337,6,4,False,4,7,29,8
Ohio4,LS2,Combined,Set1,Draw4,3,col3,Combined|Set1|Draw4|col3,A,own,2,3,1,4,3,3,554337,6,4,False,4,7,29,8
Ohio4,LS2,Combined,Set1,Draw4,3,col3,Combined|Set1|Draw4|col3,A,own,2,3,1,4,3,4,55433,5,3,True,4,7,29,8
Ohio4,LS2,Combined,Set1,Draw4,3,col3,Combined|Set1|Draw4|col3,A,own,2,3,1,4,3,5,5533,4,2,True,4,7,29,8
Ohio4,LS2,Combined,Set1,Draw4,3,col3,Combined|Set1|Draw4|col3,A,own,2,3,1,4,3,6,5533,4,2,True,4,7,29,8
Ohio4,LS2,Combined,Set1,Draw4,3,col3,Combined|Set1|Draw4|col3,A,own,2,3,1,4,3,7,33,2,1,True,4,7,29,8
Ohio4,LS2,Combined,Set1,Draw4,3,col3,Combined|Set1|Draw4|col3,A,combined,2,3,1,4,3,0,5540338667,10,7,False,7,13,57,12
Ohio4,LS2,Combined,Set1,Draw4,3,col3,Combined|Set1|Draw4|col3,A,combined,2,3,1,4,3,1,5540337,7,5,False,7,13,57,12
Ohio4,LS2,Combined,Set1,Draw4,3,col3,Combined|Set1|Draw4|col3,A,combined,2,3,1,4,3,2,5540337,7,5,False,7,13,57,12
Ohio4,LS2,Combined,Set1,Draw4,3,col3,Combined|Set1|Draw4|col3,A,combined,2,3,1,4,3,3,554337,6,4,False,7,13,57,12
Ohio4,LS2,Combined,Set1,Draw4,3,col3,Combined|Set1|Draw4|col3,A,combined,2,3,1,4,3,4,554337,6,4,False,7,13,57,12
Ohio4,LS2,Combined,Set1,Draw4,3,col3,Combined|Set1|Draw4|col3,A,combined,2,3,1,4,3,5,554337,6,4,False,7,13,57,12
Ohio4,LS2,Combined,Set1,Draw4,3,col3,Combined|Set1|Draw4|col3,A,combined,2,3,1,4,3,6,554337,6,4,False,7,13,57,12
Ohio4,LS2,Combined,Set1,Draw4,3,col3,Combined|Set1|Draw4|col3,A,combined,2,3,1,4,3,7,55433,5,3,True,7,13,57,12
Ohio4,LS2,Combined,Set1,Draw4,3,col3,Combined|Set1|Draw4|col3,A,combined,2,3,1,4,3,8,55433,5,3,True,7,13,57,12
Ohio4,LS2,Combined,Set1,Draw4,3,col3,Combined|Set1|Draw4|col3,A,combined,2,3,1,4,3,9,5533,4,2,True,7,13,57,12
Ohio4,LS2,Combined,Set1,Draw4,3,col3,Combined|Set1|Draw4|col3,A,combined,2,3,1,4,3,10,5533,4,2,True,7,13,57,12
Ohio4,LS2,Combined,Set1,Draw4,3,col3,Combined|Set1|Draw4|col3,A,combined,2,3,1,4,3,13,33,2,1,True,7,13,57,12
Ohio4,LS2,Combined,Set1,Draw4,3,col3,Combined|Set1|Draw4|col3,B,own,2,3,1,4,3,0,5540338667,10,7,False,2,4,5,5
Ohio4,LS2,Combined,Set1,Draw4,3,col3,Combined|Set1|Draw4|col3,B,own,2,3,1,4,3,1,55407,5,4,False,2,4,5,5
Ohio4,LS2,Combined,Set1,Draw4,3,col3,Combined|Set1|Draw4|col3,B,own,2,3,1,4,3,2,557,3,2,True,2,4,5,5
Ohio4,LS2,Combined,Set1,Draw4,3,col3,Combined|Set1|Draw4|col3,B,own,2,3,1,4,3,3,557,3,2,True,2,4,5,5
Ohio4,LS2,Combined,Set1,Draw4,3,col3,Combined|Set1|Draw4|col3,B,own,2,3,1,4,3,4,,0,0,False,2,4,5,5
Ohio4,LS2,Combined,Set1,Draw4,3,col3,Combined|Set1|Draw4|col3,B,combined,2,3,1,4,3,0,5540338667,10,7,False,3,7,8,7
Ohio4,LS2,Combined,Set1,Draw4,3,col3,Combined|Set1|Draw4|col3,B,combined,2,3,1,4,3,1,55407,5,4,False,3,7,8,7
Ohio4,LS2,Combined,Set1,Draw4,3,col3,Combined|Set1|Draw4|col3,B,combined,2,3,1,4,3,2,55407,5,4,False,3,7,8,7
Ohio4,LS2,Combined,Set1,Draw4,3,col3,Combined|Set1|Draw4|col3,B,combined,2,3,1,4,3,3,557,3,2,True,3,7,8,7
Ohio4,LS2,Combined,Set1,Draw4,3,col3,Combined|Set1|Draw4|col3,B,combined,2,3,1,4,3,4,7,1,1,True,3,7,8,7
Ohio4,LS2,Combined,Set1,Draw4,3,col3,Combined|Set1|Draw4|col3,B,combined,2,3,1,4,3,5,7,1,1,True,3,7,8,7
Ohio4,LS2,Combined,Set1,Draw4,3,col3,Combined|Set1|Draw4|col3,B,combined,2,3,1,4,3,7,,0,0,False,3,7,8,7
Ohio4,LS2,Combined,Set1,Draw4,3,col3,Combined|Set1|Draw4|col3,C,own,2,3,1,4,3,0,5540338667,10,7,False,2,4,5,5
Ohio4,LS2,Combined,Set1,Draw4,3,col3,Combined|Set1|Draw4|col3,C,own,2,3,1,4,3,1,55407,5,4,False,2,4,5,5
Ohio4,LS2,Combined,Set1,Draw4,3,col3,Combined|Set1|Draw4|col3,C,own,2,3,1,4,3,2,7,1,1,True,2,4,5,5
Ohio4,LS2,Combined,Set1,Draw4,3,col3,Combined|Set1|Draw4|col3,C,own,2,3,1,4,3,3,7,1,1,True,2,4,5,5
Ohio4,LS2,Combined,Set1,Draw4,3,col3,Combined|Set1|Draw4|col3,C,own,2,3,1,4,3,4,,0,0,False,2,4,5,5
Ohio4,LS2,Combined,Set1,Draw4,3,col3,Combined|Set1|Draw4|col3,C,combined,2,3,1,4,3,0,5540338667,10,7,False,3,7,8,6
Ohio4,LS2,Combined,Set1,Draw4,3,col3,Combined|Set1|Draw4|col3,C,combined,2,3,1,4,3,1,55407,5,4,False,3,7,8,6
Ohio4,LS2,Combined,Set1,Draw4,3,col3,Combined|Set1|Draw4|col3,C,combined,2,3,1,4,3,2,55407,5,4,False,3,7,8,6
Ohio4,LS2,Combined,Set1,Draw4,3,col3,Combined|Set1|Draw4|col3,C,combined,2,3,1,4,3,3,7,1,1,True,3,7,8,6
Ohio4,LS2,Combined,Set1,Draw4,3,col3,Combined|Set1|Draw4|col3,C,combined,2,3,1,4,3,4,7,1,1,True,3,7,8,6
Ohio4,LS2,Combined,Set1,Draw4,3,col3,Combined|Set1|Draw4|col3,C,combined,2,3,1,4,3,7,,0,0,False,3,7,8,6
Ohio4,LS2,Combined,Set1,Draw4,3,col3,Combined|Set1|Draw4|col3,D,own,2,3,1,4,3,0,5540338667,10,7,False,2,4,5,5
Ohio4,LS2,Combined,Set1,Draw4,3,col3,Combined|Set1|Draw4|col3,D,own,2,3,1,4,3,1,55407,5,4,False,2,4,5,5
Ohio4,LS2,Combined,Set1,Draw4,3,col3,Combined|Set1|Draw4|col3,D,own,2,3,1,4,3,2,57,2,2,True,2,4,5,5
Ohio4,LS2,Combined,Set1,Draw4,3,col3,Combined|Set1|Draw4|col3,D,own,2,3,1,4,3,3,57,2,2,True,2,4,5,5
Ohio4,LS2,Combined,Set1,Draw4,3,col3,Combined|Set1|Draw4|col3,D,own,2,3,1,4,3,4,,0,0,False,2,4,5,5
Ohio4,LS2,Combined,Set1,Draw4,3,col3,Combined|Set1|Draw4|col3,D,combined,2,3,1,4,3,0,5540338667,10,7,False,3,7,8,7
Ohio4,LS2,Combined,Set1,Draw4,3,col3,Combined|Set1|Draw4|col3,D,combined,2,3,1,4,3,1,55407,5,4,False,3,7,8,7
Ohio4,LS2,Combined,Set1,Draw4,3,col3,Combined|Set1|Draw4|col3,D,combined,2,3,1,4,3,2,55407,5,4,False,3,7,8,7
Ohio4,LS2,Combined,Set1,Draw4,3,col3,Combined|Set1|Draw4|col3,D,combined,2,3,1,4,3,3,57,2,2,True,3,7,8,7
Ohio4,LS2,Combined,Set1,Draw4,3,col3,Combined|Set1|Draw4|col3,D,combined,2,3,1,4,3,4,7,1,1,True,3,7,8,7
Ohio4,LS2,Combined,Set1,Draw4,3,col3,Combined|Set1|Draw4|col3,D,combined,2,3,1,4,3,5,7,1,1,True,3,7,8,7
Ohio4,LS2,Combined,Set1,Draw4,3,col3,Combined|Set1|Draw4|col3,D,combined,2,3,1,4,3,7,,0,0,False,3,7,8,7
Ohio4,LS2,Combined,Set1,Draw4,3,col3,Combined|Set1|Draw4|col3,E,own,2,3,1,4,3,0,5540338667,10,7,False,2,7,8,7
Ohio4,LS2,Combined,Set1,Draw4,3,col3,Combined|Set1|Draw4|col3,E,own,2,3,1,4,3,1,5540367,7,6,False,2,7,8,7
Ohio4,LS2,Combined,Set1,Draw4,3,col3,Combined|Set1|Draw4|col3,E,own,2,3,1,4,3,2,5537,4,3,True,2,7,8,7
Ohio4,LS2,Combined,Set1,Draw4,3,col3,Combined|Set1|Draw4|col3,E,own,2,3,1,4,3,3,557,3,2,True,2,7,8,7
Ohio4,LS2,Combined,Set1,Draw4,3,col3,Combined|Set1|Draw4|col3,E,own,2,3,1,4,3,4,5,1,1,True,2,7,8,7
Ohio4,LS2,Combined,Set1,Draw4,3,col3,Combined|Set1|Draw4|col3,E,own,2,3,1,4,3,5,5,1,1,True,2,7,8,7
Ohio4,LS2,Combined,Set1,Draw4,3,col3,Combined|Set1|Draw4|col3,E,own,2,3,1,4,3,7,,0,0,False,2,7,8,7
Ohio4,LS2,Combined,Set1,Draw4,3,col3,Combined|Set1|Draw4|col3,E,combined,2,3,1,4,3,0,5540338667,10,7,False,3,7,8,7
Ohio4,LS2,Combined,Set1,Draw4,3,col3,Combined|Set1|Draw4|col3,E,combined,2,3,1,4,3,1,5540367,7,6,False,3,7,8,7
Ohio4,LS2,Combined,Set1,Draw4,3,col3,Combined|Set1|Draw4|col3,E,combined,2,3,1,4,3,2,55407,5,4,False,3,7,8,7
Ohio4,LS2,Combined,Set1,Draw4,3,col3,Combined|Set1|Draw4|col3,E,combined,2,3,1,4,3,3,557,3,2,True,3,7,8,7
Ohio4,LS2,Combined,Set1,Draw4,3,col3,Combined|Set1|Draw4|col3,E,combined,2,3,1,4,3,4,57,2,2,True,3,7,8,7
Ohio4,LS2,Combined,Set1,Draw4,3,col3,Combined|Set1|Draw4|col3,E,combined,2,3,1,4,3,5,57,2,2,True,3,7,8,7
Ohio4,LS2,Combined,Set1,Draw4,3,col3,Combined|Set1|Draw4|col3,E,combined,2,3,1,4,3,7,,0,0,False,3,7,8,7
Ohio4,LS2,Combined,Set1,Draw4,3,col3,Combined|Set1|Draw4|col3,T,own,2,3,1,4,3,0,5540338667,10,7,False,2,5,6,6
Ohio4,LS2,Combined,Set1,Draw4,3,col3,Combined|Set1|Draw4|col3,T,own,2,3,1,4,3,1,55407,5,4,False,2,5,6,6
Ohio4,LS2,Combined,Set1,Draw4,3,col3,Combined|Set1|Draw4|col3,T,own,2,3,1,4,3,2,47,2,2,True,2,5,6,6
Ohio4,LS2,Combined,Set1,Draw4,3,col3,Combined|Set1|Draw4|col3,T,own,2,3,1,4,3,3,47,2,2,True,2,5,6,6
Ohio4,LS2,Combined,Set1,Draw4,3,col3,Combined|Set1|Draw4|col3,T,own,2,3,1,4,3,4,4,1,1,True,2,5,6,6
Ohio4,LS2,Combined,Set1,Draw4,3,col3,Combined|Set1|Draw4|col3,T,own,2,3,1,4,3,5,,0,0,False,2,5,6,6
Ohio4,LS2,Combined,Set1,Draw4,3,col3,Combined|Set1|Draw4|col3,T,combined,2,3,1,4,3,0,5540338667,10,7,False,3,9,10,8
Ohio4,LS2,Combined,Set1,Draw4,3,col3,Combined|Set1|Draw4|col3,T,combined,2,3,1,4,3,1,55407,5,4,False,3,9,10,8
Ohio4,LS2,Combined,Set1,Draw4,3,col3,Combined|Set1|Draw4|col3,T,combined,2,3,1,4,3,2,55407,5,4,False,3,9,10,8
Ohio4,LS2,Combined,Set1,Draw4,3,col3,Combined|Set1|Draw4|col3,T,combined,2,3,1,4,3,3,47,2,2,True,3,9,10,8
Ohio4,LS2,Combined,Set1,Draw4,3,col3,Combined|Set1|Draw4|col3,T,combined,2,3,1,4,3,4,47,2,2,True,3,9,10,8
Ohio4,LS2,Combined,Set1,Draw4,3,col3,Combined|Set1|Draw4|col3,T,combined,2,3,1,4,3,7,4,1,1,True,3,9,10,8
Ohio4,LS2,Combined,Set1,Draw4,3,col3,Combined|Set1|Draw4|col3,T,combined,2,3,1,4,3,8,4,1,1,True,3,9,10,8
Ohio4,LS2,Combined,Set1,Draw4,3,col3,Combined|Set1|Draw4|col3,T,combined,2,3,1,4,3,9,,0,0,False,3,9,10,8
Ohio4,LS2,Combined,Set1,Draw6,1,col1,Combined|Set1|Draw6|col1,A,own,2,3,1,6,1,0,5524411337*,11,7,False,5,7,29,8
Ohio4,LS2,Combined,Set1,Draw6,1,col1,Combined|Set1|Draw6|col1,A,own,2,3,1,6,1,1,5524411337*,11,7,False,5,7,29,8
Ohio4,LS2,Combined,Set1,Draw6,1,col1,Combined|Set1|Draw6|col1,A,own,2,3,1,6,1,2,5524411337*,11,7,False,5,7,29,8
Ohio4,LS2,Combined,Set1,Draw6,1,col1,Combined|Set1|Draw6|col1,A,own,2,3,1,6,1,3,5524411337*,11,7,False,5,7,29,8
Ohio4,LS2,Combined,Set1,Draw6,1,col1,Combined|Set1|Draw6|col1,A,own,2,3,1,6,1,4,55441133*,9,5,False,5,7,29,8
Ohio4,LS2,Combined,Set1,Draw6,1,col1,Combined|Set1|Draw6|col1,A,own,2,3,1,6,1,5,5533*,5,3,True,5,7,29,8
Ohio4,LS2,Combined,Set1,Draw6,1,col1,Combined|Set1|Draw6|col1,A,own,2,3,1,6,1,6,5533*,5,3,True,5,7,29,8
Ohio4,LS2,Combined,Set1,Draw6,1,col1,Combined|Set1|Draw6|col1,A,own,2,3,1,6,1,7,33*,3,2,True,5,7,29,8
Ohio4,LS2,Combined,Set1,Draw6,1,col1,Combined|Set1|Draw6|col1,A,combined,2,3,1,6,1,0,5524411337*,11,7,False,9,13,57,14
Ohio4,LS2,Combined,Set1,Draw6,1,col1,Combined|Set1|Draw6|col1,A,combined,2,3,1,6,1,1,5524411337*,11,7,False,9,13,57,14
Ohio4,LS2,Combined,Set1,Draw6,1,col1,Combined|Set1|Draw6|col1,A,combined,2,3,1,6,1,2,5524411337*,11,7,False,9,13,57,14
Ohio4,LS2,Combined,Set1,Draw6,1,col1,Combined|Set1|Draw6|col1,A,combined,2,3,1,6,1,3,5524411337*,11,7,False,9,13,57,14
Ohio4,LS2,Combined,Set1,Draw6,1,col1,Combined|Set1|Draw6|col1,A,combined,2,3,1,6,1,4,5524411337*,11,7,False,9,13,57,14
Ohio4,LS2,Combined,Set1,Draw6,1,col1,Combined|Set1|Draw6|col1,A,combined,2,3,1,6,1,5,5524411337*,11,7,False,9,13,57,14
Ohio4,LS2,Combined,Set1,Draw6,1,col1,Combined|Set1|Draw6|col1,A,combined,2,3,1,6,1,6,5524411337*,11,7,False,9,13,57,14
Ohio4,LS2,Combined,Set1,Draw6,1,col1,Combined|Set1|Draw6|col1,A,combined,2,3,1,6,1,7,55441133*,9,5,False,9,13,57,14
Ohio4,LS2,Combined,Set1,Draw6,1,col1,Combined|Set1|Draw6|col1,A,combined,2,3,1,6,1,8,55441133*,9,5,False,9,13,57,14
Ohio4,LS2,Combined,Set1,Draw6,1,col1,Combined|Set1|Draw6|col1,A,combined,2,3,1,6,1,9,5533*,5,3,True,9,13,57,14
Ohio4,LS2,Combined,Set1,Draw6,1,col1,Combined|Set1|Draw6|col1,A,combined,2,3,1,6,1,10,5533*,5,3,True,9,13,57,14
Ohio4,LS2,Combined,Set1,Draw6,1,col1,Combined|Set1|Draw6|col1,A,combined,2,3,1,6,1,11,5533*,5,3,True,9,13,57,14
Ohio4,LS2,Combined,Set1,Draw6,1,col1,Combined|Set1|Draw6|col1,A,combined,2,3,1,6,1,12,5533*,5,3,True,9,13,57,14
Ohio4,LS2,Combined,Set1,Draw6,1,col1,Combined|Set1|Draw6|col1,A,combined,2,3,1,6,1,13,33*,3,2,True,9,13,57,14
Ohio4,LS2,Combined,Set1,Draw6,1,col1,Combined|Set1|Draw6|col1,B,own,2,3,1,6,1,0,5524411337*,11,7,False,2,4,29,5
Ohio4,LS2,Combined,Set1,Draw6,1,col1,Combined|Set1|Draw6|col1,B,own,2,3,1,6,1,1,552447*,7,5,False,2,4,29,5
Ohio4,LS2,Combined,Set1,Draw6,1,col1,Combined|Set1|Draw6|col1,B,own,2,3,1,6,1,2,27*,3,3,True,2,4,29,5
Ohio4,LS2,Combined,Set1,Draw6,1,col1,Combined|Set1|Draw6|col1,B,own,2,3,1,6,1,3,27*,3,3,True,2,4,29,5
Ohio4,LS2,Combined,Set1,Draw6,1,col1,Combined|Set1|Draw6|col1,B,own,2,3,1,6,1,4,*,1,1,True,2,4,29,5
Ohio4,LS2,Combined,Set1,Draw6,1,col1,Combined|Set1|Draw6|col1,B,combined,2,3,1,6,1,0,5524411337*,11,7,False,3,7,57,6
Ohio4,LS2,Combined,Set1,Draw6,1,col1,Combined|Set1|Draw6|col1,B,combined,2,3,1,6,1,1,552447*,7,5,False,3,7,57,6
Ohio4,LS2,Combined,Set1,Draw6,1,col1,Combined|Set1|Draw6|col1,B,combined,2,3,1,6,1,2,552447*,7,5,False,3,7,57,6
Ohio4,LS2,Combined,Set1,Draw6,1,col1,Combined|Set1|Draw6|col1,B,combined,2,3,1,6,1,3,27*,3,3,True,3,7,57,6
Ohio4,LS2,Combined,Set1,Draw6,1,col1,Combined|Set1|Draw6|col1,B,combined,2,3,1,6,1,4,27*,3,3,True,3,7,57,6
Ohio4,LS2,Combined,Set1,Draw6,1,col1,Combined|Set1|Draw6|col1,B,combined,2,3,1,6,1,7,*,1,1,True,3,7,57,6
Ohio4,LS2,Combined,Set1,Draw6,1,col1,Combined|Set1|Draw6|col1,C,own,2,3,1,6,1,0,5524411337*,11,7,False,2,4,29,5
Ohio4,LS2,Combined,Set1,Draw6,1,col1,Combined|Set1|Draw6|col1,C,own,2,3,1,6,1,1,552447*,7,5,False,2,4,29,5
Ohio4,LS2,Combined,Set1,Draw6,1,col1,Combined|Set1|Draw6|col1,C,own,2,3,1,6,1,2,27*,3,3,True,2,4,29,5
Ohio4,LS2,Combined,Set1,Draw6,1,col1,Combined|Set1|Draw6|col1,C,own,2,3,1,6,1,3,27*,3,3,True,2,4,29,5
Ohio4,LS2,Combined,Set1,Draw6,1,col1,Combined|Set1|Draw6|col1,C,own,2,3,1,6,1,4,*,1,1,True,2,4,29,5
Ohio4,LS2,Combined,Set1,Draw6,1,col1,Combined|Set1|Draw6|col1,C,combined,2,3,1,6,1,0,5524411337*,11,7,False,3,7,57,6
Ohio4,LS2,Combined,Set1,Draw6,1,col1,Combined|Set1|Draw6|col1,C,combined,2,3,1,6,1,1,552447*,7,5,False,3,7,57,6
Ohio4,LS2,Combined,Set1,Draw6,1,col1,Combined|Set1|Draw6|col1,C,combined,2,3,1,6,1,2,552447*,7,5,False,3,7,57,6
Ohio4,LS2,Combined,Set1,Draw6,1,col1,Combined|Set1|Draw6|col1,C,combined,2,3,1,6,1,3,27*,3,3,True,3,7,57,6
Ohio4,LS2,Combined,Set1,Draw6,1,col1,Combined|Set1|Draw6|col1,C,combined,2,3,1,6,1,4,27*,3,3,True,3,7,57,6
Ohio4,LS2,Combined,Set1,Draw6,1,col1,Combined|Set1|Draw6|col1,C,combined,2,3,1,6,1,7,*,1,1,True,3,7,57,6
Ohio4,LS2,Combined,Set1,Draw6,1,col1,Combined|Set1|Draw6|col1,D,own,2,3,1,6,1,0,5524411337*,11,7,False,4,4,29,5
Ohio4,LS2,Combined,Set1,Draw6,1,col1,Combined|Set1|Draw6|col1,D,own,2,3,1,6,1,1,5524417*,8,6,False,4,4,29,5
Ohio4,LS2,Combined,Set1,Draw6,1,col1,Combined|Set1|Draw6|col1,D,own,2,3,1,6,1,2,5247*,5,5,False,4,4,29,5
Ohio4,LS2,Combined,Set1,Draw6,1,col1,Combined|Set1|Draw6|col1,D,own,2,3,1,6,1,3,527*,4,4,False,4,4,29,5
Ohio4,LS2,Combined,Set1,Draw6,1,col1,Combined|Set1|Draw6|col1,D,own,2,3,1,6,1,4,*,1,1,True,4,4,29,5
Ohio4,LS2,Combined,Set1,Draw6,1,col1,Combined|Set1|Draw6|col1,D,combined,2,3,1,6,1,0,5524411337*,11,7,False,4,7,57,7
Ohio4,LS2,Combined,Set1,Draw6,1,col1,Combined|Set1|Draw6|col1,D,combined,2,3,1,6,1,1,5524417*,8,6,False,4,7,57,7
Ohio4,LS2,Combined,Set1,Draw6,1,col1,Combined|Set1|Draw6|col1,D,combined,2,3,1,6,1,2,552447*,7,5,False,4,7,57,7
Ohio4,LS2,Combined,Set1,Draw6,1,col1,Combined|Set1|Draw6|col1,D,combined,2,3,1,6,1,3,5247*,5,5,False,4,7,57,7
Ohio4,LS2,Combined,Set1,Draw6,1,col1,Combined|Set1|Draw6|col1,D,combined,2,3,1,6,1,4,27*,3,3,True,4,7,57,7
Ohio4,LS2,Combined,Set1,Draw6,1,col1,Combined|Set1|Draw6|col1,D,combined,2,3,1,6,1,5,27*,3,3,True,4,7,57,7
Ohio4,LS2,Combined,Set1,Draw6,1,col1,Combined|Set1|Draw6|col1,D,combined,2,3,1,6,1,7,*,1,1,True,4,7,57,7
Ohio4,LS2,Combined,Set1,Draw6,1,col1,Combined|Set1|Draw6|col1,E,own,2,3,1,6,1,0,5524411337*,11,7,False,4,4,29,5
Ohio4,LS2,Combined,Set1,Draw6,1,col1,Combined|Set1|Draw6|col1,E,own,2,3,1,6,1,1,5524417*,8,6,False,4,4,29,5
Ohio4,LS2,Combined,Set1,Draw6,1,col1,Combined|Set1|Draw6|col1,E,own,2,3,1,6,1,2,5247*,5,5,False,4,4,29,5
Ohio4,LS2,Combined,Set1,Draw6,1,col1,Combined|Set1|Draw6|col1,E,own,2,3,1,6,1,3,527*,4,4,False,4,4,29,5
Ohio4,LS2,Combined,Set1,Draw6,1,col1,Combined|Set1|Draw6|col1,E,own,2,3,1,6,1,4,*,1,1,True,4,4,29,5
Ohio4,LS2,Combined,Set1,Draw6,1,col1,Combined|Set1|Draw6|col1,E,combined,2,3,1,6,1,0,5524411337*,11,7,False,4,7,57,7
Ohio4,LS2,Combined,Set1,Draw6,1,col1,Combined|Set1|Draw6|col1,E,combined,2,3,1,6,1,1,5524417*,8,6,False,4,7,57,7
Ohio4,LS2,Combined,Set1,Draw6,1,col1,Combined|Set1|Draw6|col1,E,combined,2,3,1,6,1,2,552447*,7,5,False,4,7,57,7
Ohio4,LS2,Combined,Set1,Draw6,1,col1,Combined|Set1|Draw6|col1,E,combined,2,3,1,6,1,3,5247*,5,5,False,4,7,57,7
Ohio4,LS2,Combined,Set1,Draw6,1,col1,Combined|Set1|Draw6|col1,E,combined,2,3,1,6,1,4,27*,3,3,True,4,7,57,7
Ohio4,LS2,Combined,Set1,Draw6,1,col1,Combined|Set1|Draw6|col1,E,combined,2,3,1,6,1,5,27*,3,3,True,4,7,57,7
Ohio4,LS2,Combined,Set1,Draw6,1,col1,Combined|Set1|Draw6|col1,E,combined,2,3,1,6,1,7,*,1,1,True,4,7,57,7
Ohio4,LS2,Combined,Set1,Draw6,1,col1,Combined|Set1|Draw6|col1,T,own,2,3,1,6,1,0,5524411337*,11,7,False,2,4,29,5
Ohio4,LS2,Combined,Set1,Draw6,1,col1,Combined|Set1|Draw6|col1,T,own,2,3,1,6,1,1,552447*,7,5,False,2,4,29,5
Ohio4,LS2,Combined,Set1,Draw6,1,col1,Combined|Set1|Draw6|col1,T,own,2,3,1,6,1,2,27*,3,3,True,2,4,29,5
Ohio4,LS2,Combined,Set1,Draw6,1,col1,Combined|Set1|Draw6|col1,T,own,2,3,1,6,1,3,27*,3,3,True,2,4,29,5
Ohio4,LS2,Combined,Set1,Draw6,1,col1,Combined|Set1|Draw6|col1,T,own,2,3,1,6,1,4,*,1,1,True,2,4,29,5
Ohio4,LS2,Combined,Set1,Draw6,1,col1,Combined|Set1|Draw6|col1,T,combined,2,3,1,6,1,0,5524411337*,11,7,False,3,7,57,6
Ohio4,LS2,Combined,Set1,Draw6,1,col1,Combined|Set1|Draw6|col1,T,combined,2,3,1,6,1,1,552447*,7,5,False,3,7,57,6
Ohio4,LS2,Combined,Set1,Draw6,1,col1,Combined|Set1|Draw6|col1,T,combined,2,3,1,6,1,2,552447*,7,5,False,3,7,57,6
Ohio4,LS2,Combined,Set1,Draw6,1,col1,Combined|Set1|Draw6|col1,T,combined,2,3,1,6,1,3,27*,3,3,True,3,7,57,6
Ohio4,LS2,Combined,Set1,Draw6,1,col1,Combined|Set1|Draw6|col1,T,combined,2,3,1,6,1,4,27*,3,3,True,3,7,57,6
Ohio4,LS2,Combined,Set1,Draw6,1,col1,Combined|Set1|Draw6|col1,T,combined,2,3,1,6,1,7,*,1,1,True,3,7,57,6
